publish_date,title,view_count
2013-10-19T15:54:41Z,Orion Nimani Football Player,752
2014-07-22T07:34:25Z,Diterma OFI Crete Gentikoule.gr 2,473
2014-07-11T18:11:40Z,Θεαματικό γκολ του Ντίνα,942
2014-07-24T13:39:23Z,Diterma pempti OFI Crete Gentikoule.gr 1,816
2014-04-05T21:00:02Z,Great skills by showman Leigh Griffiths!,818
2013-08-26T19:32:11Z,"Mathew Boniface, the young impressive Nigerian bomber",6976
2013-11-14T22:48:54Z,Απογευματινές ασκήσεις με μπάλα - PAOK TV,1118
2014-07-21T17:30:32Z,OFI Crete proponisi Garderen,798
2014-07-30T06:04:04Z,2008/2009 L1 Résumé FC Nantes-FC Sochaux,881
