published-time,comment,likes
2013-11-01T15:19:56Z,non aurait,0
2013-10-21T21:35:41Z,This is offside. The player is actively involved in the play in that he clearly puts all the defenders at ease.,1
2013-10-21T11:13:02Z,Rennes vous avez pas de level allez nantes canaris pour la vie,1
2013-10-15T10:06:48Z,il fait pas office du jeu ,0
2013-10-10T14:11:55Z,"Selon les lois du jeu il y a hors jeu, de plus le juge de touche avait levé son drapeau",1
2013-10-07T14:00:11Z,"J'ai envie de dire, c'est quoi cette sortie du goal ??????",0
2013-10-07T13:07:58Z,tres bien arbitré !!! la defense ne profite pas de l avantage laisser par l'arbitre ils peuvent s'en prendre que a eux meme !!!,1
2013-10-07T10:59:51Z,regarde la règle elle a changé cette année. cest pas de notre faute si les rennais on pas suivi...,0
2013-10-05T16:46:29Z,avait*,0
2013-10-03T10:46:45Z,"I'm not sure how thats a goal, with the interference with play. ",0
2013-10-03T10:20:57Z,WTF this linesman does???,0
2013-10-03T02:59:43Z,"Le but est valable, par contre le penalty imaginaire sur Cavani et le but refusé injustement au TFC personne n'en parle..;
",0
2013-10-02T04:34:06Z,"He did't touch the ball or get in a defender's way, didn't effect anything",0
2013-10-01T20:42:42Z,"i belive that is still offside, because he did efect the game...",0
2013-10-01T16:31:36Z,Y pas que des bandes de tifo....,0
2013-10-01T11:38:32Z,"Il le lève pour signaler qu'il a vu quelquechose, mais ne l'a pas baissé donc on continue de jouer.",0
2013-10-01T08:05:19Z,L'arbitre de touche aurait dû lever son drapeau si l'attaquant aurait touché la balle ... ,0
2013-10-01T06:43:39Z,sauf que c'est l'arbitre central qui décide d'arrêter le jeu ,0
2013-09-30T21:36:04Z,"Les personnes ont volé 3 des 50 bandes du tiffo prévue, exagérons rien. La comm' du kop rennais sur le tiffo (dire un peu partout qu'un gros tiffo allais être déployés pour le match) et le manque de sécurité dans le stade a fait que ce tiffo a pu être volé ( Chose qui me parait pourtant inconcevable dans un stade). C'est pas très intelligent de la part du RCK (en plus de leurs réactions). C'est un vol stupide mais c'est fréquents entre les groupes d'ultras et partout en France. Malheureusement. ",0
2013-09-30T19:36:38Z,"Ça c'est sur je ne dis pas le contraire Nantes a bien joué, ce qui me dépitent c'est que des supporters Nantais ai voler pour une valeur de 7000 euro et ça ne ce fait pas... ",0
2013-09-30T18:35:27Z,"si tu veux , mais de toute façon nantes gagnait déjà 2-1 trololol",0
2013-09-30T18:21:51Z,"non psk si tes en hors que tu joue le ballon donc que tu force un def a venir sur toi et que tu ne touche pas le ballon ya quand même hors jeu psk ya action de jeu, la ya pas hors jeu car les 3 def de renne qui etait autour du ballon sont statique, ils ne jouent absolument pas la balle donc ya pas lhors jeu de position ",1
2013-09-30T18:06:38Z,"il est valable , il y aurait hors-jeu si le joueur nantais qui devait recevoir la passe avait touché le ballon ",0
2013-09-30T18:02:02Z,on apelle ça faire une passe décisive à soit même :D,2
2013-09-30T18:01:16Z,"tu crois sérieusement que le rck a été payé , serieux arrête de rager , nantes a écraser rennes c'est une réalitée",0
2013-09-30T17:58:21Z,"meilleur but insolite , allez nantes :D",1
2013-09-30T16:18:45Z,tres intelligent ... ,0
2013-09-30T16:15:48Z,j'adore le fcnantes et la brigade mais bon se n'est pas très intelligent de voler une banderole d'une valeur de 7000 euros et qui leur a fallu 2 mois a faire...,0
2013-09-30T16:10:31Z,Au lieu de faire le malin tu dédommage le RCK en faisant un chèque de 7000 euro c'est la valeur de ce que vous avez volez...,0
2013-09-30T11:15:28Z,Bien sur que si il est valable. Seul l'arbitre central décide d'arrêter le jeu. L'arbitre n'a pas sifflé et les défenseurs et le gardien n'ont aucune raison de s'arrêter.,0
2013-09-30T10:21:51Z,"Si, cette action est désormais rendue possible par le nouveau réglement de la FIFA : ""La position de hors-jeu d’un joueur ne doit être sanctionnée que si, au moment où le ballon est touché ou joué par un coéquipier, le joueur prend, de l’avis de l’arbitre, une part active au jeu en intervenant dans le jeu ou interférant avec un adversaire"" ou tirant un avantage de cette position."" ",1
2013-09-30T09:46:22Z,"Et pourquoi???
",0
2013-09-30T03:19:59Z,Ah ça c'est bon :D,1
2013-09-30T00:52:23Z,xD il m'a tué,0
2013-09-29T23:45:16Z,Mdrr,0
2013-12-15T20:29:04Z,Mdr :),0
2013-12-05T16:17:03Z,du coup le resume du match est bloqué il sera bientot de nouveau dispo ?,2
2013-12-05T15:45:36Z,"Merci poir tes videos
On attend avec impatience ton resume",1
2013-12-04T12:25:56Z,pourquoi t'as pas upload le résumé du match comme tu fais d'habitude ? :),1
2014-07-03T16:22:19Z,Mais il était ou les rennais,10
2014-05-01T12:10:15Z,ouai allez les jaunes!!!,11
2014-02-01T09:53:51Z,"y= supporter rennais
x=supporter nantais
d'après cette rencontre on peut déduire l'équation suivante:
20y=x",18
2014-01-13T23:44:48Z,Supporters de nantes! On était au moins 5000 dans tout le stade!,3
2014-01-09T17:26:29Z,Heureursement qu'on est venue dans leur stade sinon il y aurais pas u un seul bruit,29
2013-12-28T17:43:43Z,Genre je croyais qu'il y avait hors jeu !,0
2013-12-27T15:53:15Z,"le fc nantes sera 2ème ou 3ème en ligue 1, ils sont énormes, les rennais dégoutés",3
2013-11-17T08:14:46Z,Anti Fcna rageux de rennais  rennes il sont pas assez de lvl pour nantes,3
2013-10-31T10:11:08Z,"si ils en ont , mais ils étaient occupés a bouffer leurs galètes saucisses :D",0
2013-10-26T18:37:56Z,"1:33 il dit ""écoutez les supporters de la route de lorient"" alors que les rennais n'ont pas de supporters ",0
2013-10-25T10:54:48Z,Ta mère est rennaise ??,0
2013-10-22T16:11:11Z,"bon match de nantes et action très belle sur le 1er but. rennes est toujours aussi nul. pour le retour de nantes en d1, perdre à domicile c'est encore une preuve de manque de ferveur, courage, de couilles aussi.
je suis supporter de rennes et je ne supporte pas les idiots qui haïssent nantes (complexe d'infériorité et jalousie).",1
2013-10-21T16:44:06Z,"T'en a pas marre d'insulté les gens, qu'est ce que tu fout sur toutes les vidéos de Nantes alors que tu n'aime pas le club. Tu aimes te faire du mal? Tu veux en parler ?",1
2013-10-21T14:15:14Z,"va voir le résumé de la 10ème journée de nantes , un commentaire te concerne",0
2013-10-11T22:27:13Z,Tandis que Rennes si! malheureusement pour eux...,0
2013-10-10T17:35:56Z,on va vous mettre la misère au match retour à la beaujoire :D,0
2013-10-10T17:35:29Z,RAGEU RENNAIS,0
2013-10-10T17:34:53Z,"et en niveau de jeu football boufon , nantes à écrasé rennes , assume attardé ",0
2013-10-10T13:21:04Z,"En grande gueule, ça c'est sur !!!",0
2013-10-09T17:06:58Z,tu rages car nantes est largement supérieur par rapport à rennes ? ,0
2013-10-06T22:39:24Z,Nantes ca va pas durée. ..,1
2013-10-06T22:37:42Z,Phil Jar a part tes copiers collers sur toutes les vidéos tu sais dire quoi d'autre tocards ??,1
2013-10-06T11:19:32Z,Très bonne équipe de Nantes djordjevic une star,0
2013-10-06T08:04:10Z,rennai rennaioutai  rennai  rennaioutai,0
2013-10-04T21:53:32Z,"Mais oui , mais oui   Allez soyez heureux d'avoir gagné , c est pas souvent , je sais  . Je compatis",1
2013-10-04T17:07:10Z,"t'as rien a dire , on reviens de ligue 2 on fous une branlée a une équipe de ligue 1 depuis longtemps , et franchement ça fait 40 ans que vous êtes venus à la beaujoire et ça fait 40 ans que vous n'avez pas gagné , et arrête de rager petit boulet :D",0
2013-10-03T20:48:53Z,Ouais mais en atendant on vous a pété 3-1 chez vous donc parle Nantes est meilleur faudra t y faire,0
2013-10-03T13:11:57Z,"Nantes est trop costaud,ils font un bon retour en ligue 1",1
2013-10-03T12:04:31Z,Au match retour on vous refera voir comment jouer et ces qu'est un tifo trimard ,0
2013-10-03T12:02:41Z,Quest'en ces que ces des arabes ? Tu y etait a 3h du mat ? Nan dc ferme ta geul sa rageu de rennais de merde! Vous etes a chier ces comme sa vous ouvez rien y faire,0
2013-10-02T19:16:07Z,Rage pas killeur on va a battu c'est tout j'ai juste a te dire render vous le 22 fevrier,0
2013-10-02T17:29:30Z,"c'est vrai que celui de lucas deaux , c'est le but de l'année",0
2013-10-02T17:17:03Z,Moi qui pensais que les viols ne passaient pas sur youtube.,0
2013-10-02T10:48:45Z,venez a 1000 on vous attend !! déja qu'on est chez nous chez vous alor si jétai rennais jserai vraiment pas serein de venir a la beaujoire ;),0
2013-10-02T08:25:07Z,Le seul but de rennes est degeulasse avec 2 contre favorables,0
2013-10-02T07:49:45Z,Vous serez la pour voir votre pauvre equipe se faire latter encore une fois,0
2013-10-01T18:39:00Z,"Énorme ce déplacement, j'en ai encore des frissons. gros match de nos nantais, mais il y a eu 20 minutes de difficiles apres le but rennais. ",1
2013-10-01T15:05:04Z,et le 3em but cest juste histoire de ratrapé le pénalty qui nou a pa été acordé  ;),1
2013-10-01T15:04:17Z,les rennais c't les premier a parler sur internet maintnant on les voi plus BA ALOR ELLE SON OU CES GRANDE GEULES RENNAISE  ??,0
2013-10-01T15:02:56Z,pas de far play dans un derby comme nantes rennes !,0
2013-10-01T09:37:48Z,"Bah... il est valable le but, les Rennais auraient dut continuer...
moi je trouve qu'il est pas si moche que ça car Deaux a eut la lucidité de continuer!",1
2013-10-01T07:47:21Z,Les nantais avez mis lambiance et le jeux c'est une tres belle victoire !,1
2013-09-30T22:14:44Z,Le but hors jeu n est pas fair pla y ñ,0
2013-09-30T19:39:46Z,Encore un Rennais qui supporte pas de perdre =) ,0
2013-09-30T16:54:48Z,Minable ? attend c'est la 1ere fois qu'un mec se fait un passe décisive à lui même ce but est excellent au contraire ;),0
2013-09-30T14:48:26Z,"La règle du Hors-jeu était très bien au début, je comprends pas pourquoi ils ont ajouté la notion de ""passif"".",0
2013-09-30T11:24:43Z,"A écouter ce commentateur, bientot n'importe quel hors - jeu sera actif. 
Bah oui, le joueur est sur le terrain, il est actif.",0
2013-09-30T10:45:00Z,merci quand meme ;),0
2013-09-30T10:38:09Z,"C'est le commentateur qui se trompe la règle du hors jeux passif ou en tout cas son application a changé cette année, le hors jeux est à apprécier si l'attaquant ""gène physiquement"" un défenseur et non plus si il va en direction du ballon, l’arbitre a donc parfaitement bien arbitrer ",0
2013-09-30T10:18:47Z,bah les rennais n'avaient qu'a suivre !,0
2013-09-29T22:33:37Z,"C'est moche ce 3 eme but, minable même",0
2013-09-29T22:29:31Z,Genial Allez l'OM,0
2013-09-29T22:06:30Z,Nantes ♥,0
2013-12-10T14:41:48Z,Superbe vidéo! comme d'habitude. + 1 abonné :) ,0
2013-12-08T19:46:28Z,Appel au spectateurs qui choisissent leur match : il faut un stade avec au moins 30000 spec. avant la trêve pour les soutenir dans les bons comme dans les mauvais moment.,0
2013-12-08T13:00:14Z,"Pour info, les commentaires apparaissent en ligne entre 12h et parfois jusqu'à 7 jours après avoir été posté (selon disponibilité).
Ne vous inquiétez donc pas si votre com' n'apparait pas dans l'immédiat :)
Bonne journée ;)",1
2013-12-08T11:26:06Z,"Merci pour ta vidéo encore une fois. Un gros bémol par contre, ne pas avoir laissé le chant de Lucas Deaux entièrement....",0
2013-12-06T22:04:12Z,ON EST 4ème :) allez nantes,0
2013-12-04T17:41:51Z,"j'étais en erdre exceptionnellement je chantait et sautait pour soutenir le petit kop erdre cette tribune ne demande qu'à se réveiller, c'est bien ce qu'ils font.",0
2013-12-04T16:38:53Z,"Et je ne parle pas de ceux qui sifflent, ça me fait plutôt pitié ..",0
2013-12-04T16:37:52Z,"Les gens a coté de toi ont la critique facile, dès que ça va pas ça critique, mais dès que ça va mieux ils sont les premiers à crier de joie. Bref sinon bonne vidéo comme d'habitude continue :)",2
2014-05-09T21:37:20Z,"Arrêtez avec votre Paris... Parlez-nous plutôt de la Ligue des Champions... (contre Chelsea), Même pas foutus de gagner chez eux devant leur public (contre Rennes...) ils étaient où ces parigots soi-disants magiques...",0
2014-04-04T06:36:14Z,peor que la defensa del ajaccio.,0
2014-01-31T23:00:01Z,xx i am praying to god that thiago silva comes to fc barcelona in the summer lolll xx,0
2014-01-21T19:38:52Z,please show extended highlights instead of just the goals,2
2014-01-20T22:24:50Z,Verratti! You little genius! Our midfield trio showed how truly important they are. We can't afford to lose any of them. Also happy to see Ibra assist Cavani with a goal unselfishly. And that celebration for his second goal!,4
2014-01-20T13:50:27Z,Men against boys,5
2014-01-20T13:31:33Z,Has someone ever heard of Gregory Van Der Ouile? Lol,1
2014-01-20T11:26:04Z,Love Zlatan's celebration!!,4
2014-01-20T00:28:13Z,Just if I had Zlatan in fifa 14 ultimate team...,6
2013-11-12T12:25:11Z,serge le lama haha,0
2013-11-11T00:19:26Z,Score pas vraiment mérité... ça vallais plus un match nul dans le jeu ,0
2013-10-06T13:24:29Z,"oh  les nantais  ......
on est fier de vous  !!!",0
2013-11-16T14:40:33Z,j'aime serge le lama,1
2013-11-15T02:27:12Z,Bordeaux 15 occasions Nantes 4 mais au final sa fait 3-0  mais vu les occasions des passes a riou pas des frappes,0
2013-11-12T19:34:53Z,"réussite totale. superbe but de Vincent Bessat, ça fait plais' de le voir marquer :)",3
2013-11-12T00:25:49Z,"Nantes capitale de l'Atlantique, Bordeaux à jamais sa banlieue.",2
2013-11-11T20:01:56Z,encore une victoire ridicule de facilité,1
2013-11-11T20:01:24Z,3-0 ça doit être dur à avaler,1
2013-11-11T18:49:53Z,"Et Djormachin qui vient faire le beau juste devant le virage pour provoquer, on en parle pas ? Comportement de merde.",1
2013-11-11T18:09:48Z,mdr le lama qui donne le coup d'envoi et on dit que c'est triste a bordeaux mais ca tape des barres en fait,0
2013-11-11T18:07:09Z,"Humiliés les bordelais. lol

A nous le derby de l'Atlantique !!! Allez le FCN !!!",2
2013-11-11T15:36:42Z,Allez nantes !! (supp lyonnais),2
2013-11-11T10:02:34Z,"cette victoire nantaise ma donné soif , un muscadet ? :D",4
2013-11-11T09:50:33Z,"Vous supportez une équipe de Ligue 1 ? Votez pour elle dans le sondage ""Quel club préféré vous en Ligue 1 ?"" . Gratuit et sans abonnement : http://www.pixule.com/sondages/sport/foot/215780772662_quel-club-prefere-vous-en-ligue-1.html",0
2013-11-11T07:40:12Z,"J'y etais,très beau match et belle ambiance,allez nantes!!",3
2013-11-11T02:57:04Z,I believe that we will win ! I believe that we will win !,4
2013-11-11T01:43:38Z,Putain c'est génial que Serge le lama ait pu faire le déplacement,0
2013-11-11T01:22:21Z,c'est quoi ce résumé en mousse? bordeaux aurait pu rentrer à la mitemps avec 2-0 et on ne voit que le poteau?,5
2013-11-11T00:32:14Z,<3 FCN <3,4
2013-11-10T23:26:09Z,Cela fait.plaisir de retrouver le jeu Nantais ! Belle victoire,9
2013-11-10T23:10:55Z,Nantes en puissance :),6
2013-11-10T23:10:01Z,Aller NANTES!!!! :D,4
2013-11-10T23:09:49Z,On est chez nous !!!!!,4
2013-11-10T23:01:37Z,Nantes!!!,3
2013-09-20T04:59:58Z,Javoue bordeaux c des winner quand il joue bien.vive obraniak,0
2013-09-16T12:30:45Z,Quand on joue comme ca on est juste imbattable ! La puissance !!,0
2013-09-16T07:41:36Z,La semaine prochaine on bat Monaco et on les dépasse ,0
2013-09-15T22:41:08Z,LUCAAAAAAAAAS ! a la brésilienne ,0
2013-11-04T17:00:12Z,Magnifique en plus j'etait aller au match,0
2013-11-04T15:29:36Z,Bon marquage.,0
2013-11-03T23:17:29Z,BIIIIIM 3 Minutes !!! ICIIIIIIIII C'EST PARIIIIIIIIIS  ,0
2013-09-25T11:02:01Z,3 Lyon 3,0
2013-09-25T09:21:21Z,Lyonnnnnnn,0
2013-09-25T03:32:38Z,Lyon's goals were sicccccccck,0
2013-09-24T01:43:59Z,:( Nantes having a bad season,0
2013-09-23T17:51:48Z,3 nice goals from OL. ,0
2013-09-23T11:51:22Z,No Homo,0
2013-09-23T11:51:14Z,Grenier <3,0
2013-12-12T18:16:41Z,"Aristeguieta :D great player
",0
2013-12-10T10:56:36Z,FCN <3 <3 <3,0
2013-12-06T00:12:02Z,Amazing fans!,1
2014-04-23T07:57:44Z,allez nantes vous avez fait un superbe match,1
2014-04-23T06:26:25Z,Bahebeck! ,1
2014-05-05T02:56:04Z,Cichero es un maestro *_*,0
2014-02-06T00:12:28Z,who were the announcers for this game today?,0
2014-02-05T22:43:48Z,That was an intense game. Loved watching it live,0
2014-01-17T11:06:10Z,Ici c'est Paris:-) ,0
2013-09-20T02:15:46Z,"venezuela 
",0
2013-09-14T20:05:23Z,Yes Paris.,0
2013-09-09T07:50:44Z,"Rmfc you do realize that Cavani was at a really bad angle to shoot, right? He knew he wasn't going to be able to shoot correctly so he gave a pass to Lucas instead. Looked like a fancy pass but that was the only way to pass in his situation.",0
2013-09-04T15:59:37Z,Alex commence a m'enerver,0
2013-08-31T14:51:13Z,SSC NAPOLI attack..,0
2013-08-30T11:46:50Z,i came here to see cavani,0
2013-08-30T09:33:42Z,Un seul français sur le terrain côté PSG sur la compo... `dur,0
2013-08-30T02:51:59Z,"Let's go PSG, road to the champions!",0
2013-08-30T01:06:46Z,Paris Paris Paris.. ChampionMonFrère,0
2013-08-28T15:28:29Z,L'attacco del Napoli...,0
2013-08-28T15:28:14Z,SEMPRE!,0
2013-08-28T13:55:15Z,le but c'est meme pas un nantais qui le marque donc ferme ton bec puant,0
2013-08-28T11:25:03Z,"SALUT A TOUS AMIS SUPPORTER OU FOOTBALLEUR VENEZ VOIR LES VIDEOS D'UN PETIT CHAMPION DE NANTES AGEE  DE 8ANS SVP SOUTENEZ LE IL MERITE ET SI VOUS POUVEZ FAITES TOURNER LA VIDEO SUR YOUTUBE ""RAYAN FOOTBALLEUR"" DAILYMOTION ""RAYAN FOOTBALLEUR"" ET FACEBOOK ""RAYAN FORTIN""",0
2013-08-28T03:17:44Z,"Psg needs to buy a Center Back and a mid i don't know why they haven't offered on Ozil because he is someone that is very talented and Madrid want to sell him, But i can see why Psg haven't offered on him yet he isn't on Napoli.",0
2013-08-28T03:14:30Z,I wonder how much Psg is going to pay for Higuain next season,0
2013-08-27T22:43:46Z,Dans l ensemble le match était mitigé le PSG  a été très faible surtout la fin les 10 dernières minute follow moi sur twitter AnaRchy_Drop spécialiste des débat foot,0
2013-08-27T21:16:06Z,"Well done for playing Lavezzi, that guy is finding himself, when he does he will be the backup PSG need in times like this. As for Ibra and Cavani not playing well together -well that is a myth",0
2013-08-27T19:46:05Z,On a marquer qu'un but car c'est votre gardien qui vous sauve le match on aurai pu en mettre 3 ou 4 alors ferme ta bouche avec ton équipe du quatar a deux bal qui s'en tape du club et de ses supporter,0
2013-08-27T15:54:03Z,"FORZA NAPOLI
",0
2013-08-27T08:56:15Z,"buena actuación de Cichero
",0
2013-08-27T01:14:54Z,Paris ou l'équipe avec le moins de Français de la Ligue 1,0
2013-08-26T23:10:41Z,che portiere Sirigu !!,0
2013-08-26T23:07:09Z,Muito foda,0
2013-08-26T22:10:02Z,J'ai d'abord cru a un post etranger tellement l'orthographe est mauvaise!,0
2013-08-26T22:08:07Z,"Hey look, there's a French guy in the PSG team!",0
2013-08-26T21:41:12Z,PSG c'est les meilleur bande de gros rageux ici c'parîs !!!,0
2013-08-26T21:10:53Z,"44% de possession, 44 Nantes !",0
2013-08-26T19:49:26Z,"zlatan zlatan and zlatan !
",0
2013-08-26T19:29:27Z,Aguante CAVANI!!!! Tamo acá los uruguayos solo por Cavani!!,0
2013-08-26T19:27:10Z,"jaime pas avoir la onte acose des parisien!!!
",0
2013-08-26T18:39:59Z,On a T.Silva le meilleur défenseur du monde =),0
2013-08-26T18:34:04Z,"J’emmerde le PSG !!!
PSG sucks !!!
Saloperie de PSG !!!
",0
2013-08-26T17:22:40Z,"this is a nice goal , Cavani shot to the right time , and didnt hit the goalkeeper",0
2013-08-26T16:00:20Z,"Supporter du psg depuis 2000 moi et bizaremet yavais pas trop d'etranger qui ""supportaient"" notre club....",0
2013-08-26T15:59:54Z,cavani was lucky.his shot wasn't his class..,0
2013-08-26T15:08:42Z,!!!!!!!!!!!,0
2013-08-26T15:08:35Z,Cavani,0
2013-08-26T15:08:21Z,Lavezzi,0
2013-08-26T14:17:35Z,"Cavani Sirigu Pastore go Palermo
",0
2013-08-26T13:52:21Z,Duh! of course it was! All I meant to say is that seeing him score early in the season will give him much confidence and will shut his critics! ,0
2013-08-26T13:45:28Z,"Très bon match du FCN, ils leur ont bien mis la pression (surtout après l'égalisation), si les Canaris joue comme ca tout le reste de la saison ils pourront aller loin en Ligue 1.",0
2013-08-26T13:44:59Z,"2:40 : Je peux avoir ton maillot ?
         Allez casse toi !",0
2013-08-26T12:31:27Z,Cavani = Legend,0
2013-08-26T12:27:06Z,Cavani-Lavezzi:Naples!,0
2013-08-26T11:52:10Z,premiere victoire en trois matches avec le plus gros budget de l1 c'est pas trop magique,0
2013-08-26T11:50:11Z,"nan ! :)
",0
2013-08-26T11:45:41Z,"dommage pour nantes ils avait quand meme fait un beau matche mais paris etait quand meme meilleure
 ",0
2013-08-26T11:30:29Z,ji etai au match et alex et bon,0
2013-08-26T11:11:33Z,"Tant qu'on a les images, ça suffit largement.",0
2013-08-26T11:09:40Z,Bravo aux canaris ! Ils font très bonne impression c'est encourageant pour la suite du championnat !,0
2013-08-26T10:55:47Z,.....................grande pocho loco,0
2013-08-26T10:06:25Z,it was an easy goal..,0
2013-08-26T09:56:37Z,SUPER CAVANI!!!!,0
2013-08-26T09:20:49Z,Alex faut mettre sakho a la place srx !,0
2013-08-26T08:41:10Z,"Aller Nantes pour cette saison de ligue 1 =)
",0
2013-08-26T08:38:40Z,vive Paris ,0
2013-08-26T08:35:10Z,A victory made thanks to Napoli ,0
2013-08-26T08:34:45Z,"Lavezzi, Cavani.... made in Napoli !!",0
2013-08-26T08:11:12Z,bof ,0
2013-08-26T07:46:39Z,C'est incroyable que même la chaîne officielle de L1 post des vidéos en anglais...,0
2013-08-26T07:35:56Z,"paris est magique !!!!!!!!!!!!!!!!!
",0
2013-08-26T06:39:53Z,P$G...i think its better ibra to play as a AMF...bcoz cavani will score more goals than ibra...or else play both as a center forward and menez or pastore in the AMF,0
2013-08-26T05:30:09Z,"FINALLY, PSG is the King",0
2013-08-26T05:04:00Z,Bedoya was a good signing,0
2013-08-26T04:08:52Z,Gabo Cichero - Crack,0
2013-08-26T02:43:46Z,leave,0
2013-08-26T02:38:15Z,Cavani is still proving that he's a quality player! love watch him play! ,0
2013-08-26T01:35:46Z,t as vu le match au moins ? il fait la passe a Cavani pour son but et c est lui qui fait la passe décisive en décalant Matuidi sur le deuxième..,0
2013-08-26T01:24:30Z,Nantes lost -_-,0
2013-08-26T00:59:24Z,"CAVANI!!!!!
",0
2013-10-23T03:21:15Z,Ochoa♥,0
2013-10-23T00:19:29Z,Nantes :D gano,0
2013-10-22T13:03:34Z,La defensa parecia fantasma.Ochoa hace lo que puede pero tanto y tanto pues seguro que va a caer un gol.,0
2013-10-21T18:32:07Z,buen partido de Ochoa lastima del error al final,0
2013-10-21T06:19:25Z,Si la bola pasa y no la toca el atacante llega y la mete... Pero como la toco y trato de desviarla es error... No pos si,0
2013-10-21T04:12:39Z,"Ese Ochoca, siempre siendo factor, para bien o para mal, jajajaja",0
2013-10-21T01:59:36Z,Pinche pendejo para que sale si no sabe el idiota,0
2014-01-19T14:08:32Z,Nantes je suis avec toi tu est la meilleurs équipe !,1
2014-07-23T21:53:43Z,lol what a crap small sugar daddy club monaco is.,0
2014-07-15T10:19:04Z,how small is the monaco fan base why isnt the stadium full ugh,0
2014-06-28T22:06:50Z,"James RODRIGUEZ, back here",1
2014-04-07T15:16:56Z,No wonder Romero doesn't play. Monaco has great goalkeepers.,3
2014-04-06T22:12:51Z,James crack!,7
2014-02-17T19:06:22Z,Sunzuuuuuuuuuuuuuuuuuuuuu,0
2014-02-12T20:42:15Z,Sochaux♥♥♥♥,2
2014-02-04T08:09:52Z,wonderful goal,0
2014-02-03T11:14:16Z,Chipolopolo,0
2014-02-03T10:10:32Z,Sunzu!! Power,0
2014-02-03T01:29:08Z,Well done Sunzu. Making Zambia proud,0
2013-12-17T17:52:22Z,alguien que sepa como se llama la cancion del comercial que sale al principio de los tenis ,0
2013-10-18T20:23:35Z,"aller nantes
",0
2013-11-23T17:03:25Z,Lofkgh,0
2013-10-29T16:13:52Z,il parle de JUNINHO <3,0
2013-09-29T10:00:02Z,"c'est bien les gens qui sont  fair-play 
",0
2013-09-29T08:01:24Z,Je comprend pas pourquoi le premier but de Nantes est refusé,1
2013-09-28T21:19:30Z,lll,0
2013-09-28T11:15:42Z,Peut etre qu'il y aurait eu une réaction lyonnaise a 0-1 et que l'OL l'aurait emporté 4-1,0
2013-09-28T10:38:02Z,Mdr ,0
2013-09-27T15:47:49Z,pénalty oublié pour Lyon aussi,0
2013-09-26T23:25:06Z,Tu parles de Giovanni Elber ? x),0
2013-09-26T18:06:13Z,lyon respire,0
2013-09-25T15:03:43Z,perso je suis nantais mais super content que des joueurs décoté comme GOMIS ou BRIAND ait marqué,1
2013-09-25T11:14:36Z,"MAGINIFIQUE ! Briand et Grenier, gg !",0
2013-09-25T05:26:47Z,"Si vous aimez Grenier, Lacazette et l'OL, venez sur ma chaîne",0
2013-09-25T04:07:15Z,si le premier but aurais été accordé qui te dit que nantes en aurais marquer un deuxiéme ,1
2013-09-24T19:24:34Z,"oui 3-2 normalement, mais si y avais eu 0-2 au début, quel serait vraiment le score final?",0
2013-09-23T23:44:16Z,"C'est uniquement de la faute de l'arbitre et pas des joueurs lyonnais si le but nantais est refusé, envoyez-lui une lettre plutôt que d'insulter le club ou les supporters de l'OL",0
2013-09-23T21:10:35Z,Lourdingue le commentateur.,0
2013-09-23T19:40:44Z,ta geule la saison derniere tt le temps larbitre ns oubliez des penaltys et la personne disez rien...,0
2013-09-23T19:18:24Z,Pitain sa fait trop chier il y avait pas du tout de faute putain d'arbitre de merde (vous pouvez dire tt se que vous voulez j'en aurez rien a foutre des retour),0
2013-09-23T18:47:24Z,Kone et Dabo font peur aussi mais  dans le mauvais sens ... J'etais au match et franchement koné m'a fait peur parfois ^^,0
2013-09-23T17:45:20Z,"Si vous aimez Grenier, Lacazette et l'OL, venez sur ma chaîne",0
2013-09-23T17:19:12Z,Lyon peut encore une fois remercier l'arbitrage. C'est honteux le but refuser !!,0
2013-09-23T16:28:44Z,Beau match,0
2013-09-23T16:19:27Z,très beau match je n'est pas pu le voir j'espere voir le meme resultat face a ajaccio allez l'OL,0
2013-09-23T16:14:17Z,xD et après on suce CR7 alors que c'est le même geste que Briand !,0
2013-09-23T12:23:52Z,Classement des passeurs de Ligue 1. Clément Grenier (OL) est le premier joueur à atteindre les trois passes décisives cette saison ! http://bit.ly/18kXkPX,9
2013-09-23T06:32:43Z,sauf qu'il aurait eu 1-0 et pas 2-0 .... Lyon a réagit immédiatement après le 1-0 donc ça n'aurait rien changé,0
2013-09-23T06:16:33Z,"Briand : une talonnade.
Ibrahimovic : un superbe geste de taekwondo ",0
2013-09-23T06:14:09Z,je filme les deux derniers buts sur ma chaine!,0
2013-09-23T06:10:58Z,"Dans ce cas, dès l'instant ou un joueur est sur le terrain il fait action de jeu...",0
2013-09-23T04:58:56Z,Allez OL 33,0
2013-09-23T01:23:20Z,"Putain faut avouer que les buts sont mis a part le premier lyonnais, tous superbes ! ALLER L'OL !!",0
2013-09-23T00:58:40Z,C'est pas gakpe qui a fait la frappe trop croise c'est birama toure,0
2013-09-22T23:39:42Z,"But de Djordjévic valable,c'est Honteux!
A 2-0 c'est plus la même chose qu'à 1-1 !
Merci l'arbitre encore une fois!!",0
2013-09-22T23:02:38Z,Merci l'arbitrage --' pour le But de djordjevic,0
2013-09-22T22:16:53Z,"Allez Nantes !!! Ne vous découragez pas, vous avez bien joué ! :)
Bien joué à l'OL aussi ! :)",0
2013-10-22T14:13:12Z,Allez Nantes!! Il faut enchaîner par une victoire à la Beaujoire contre Lille.,0
2013-10-22T07:24:25Z,Il est sur toute les vid. de Nantes ...,0
2013-10-21T19:24:25Z,Se week end nantes lile .. les ga TOUS A LA BEAUJOIR !,0
2013-10-21T19:07:21Z,"J'adore les canards
ALLEZ NANTES!",0
2013-10-21T18:50:19Z,OHHHHHH   les Nantais  !!!,0
2013-10-21T18:49:18Z,ANTI FCNA   LE GROS BOULET     a la kalash !!,0
2013-10-21T18:10:24Z,Djordjevic est magnifique!!!,0
2013-10-21T16:05:36Z,Nantes !!!!!!,0
2013-10-21T11:09:32Z,Qui ne chante pas nantais hé nantais pour la vie,0
2013-10-21T10:10:31Z,seul reproche au nantais un petit manque de réalisme en première mi-temps on avais l'occasion d'en mettre 2 ou 3 mais bon un beau match quand même FCN 4EVER <3<3<3,0
2013-10-21T09:50:09Z,"les nantais attendez vous a un commentaire de anti fcna , ça m'étonnerait que ce boulet ne rage pas sans nous insultez , POUCE VERT SI VOUS TROUVEZ QUE AntiFCNA est un attardé mental !",0
2013-10-21T07:17:15Z,Nantes est magique ❤❤,0
2013-10-21T01:56:43Z,"La 5' victoire contre lille et hop le podium !
Bref faut en profiter en esperant que ca dure !
Allez les jaunes et verts",0
2013-10-21T00:19:33Z,"j'espère que ca va continuer comme ca pour eux. en+ ils se démerdent très bien pour un promu, ils méritent d'etre la ou ils sont. (msg d'un supporter du PSG)",0
2013-10-20T23:09:57Z,Vive Nante,0
2013-10-20T22:39:31Z,FCN <3,0
2013-10-20T22:39:20Z,Alleeeez Naaaantes ! ♥,0
2013-11-19T14:12:29Z,"j'étais au match et franchement le nul était mérité , le gardien lillois est un salop , il mettait plus de 6secondes pour tirer , l'arbitre aurais dû mettre un carton mais non rien du tout , pendant la semaine de l'arbitrage enplus --'",0
2013-11-03T00:02:41Z,"C'est quand même dingue... Il faut attendre un but hors jeu (donc invalide) pour voir Nantes (jeune promu) perdre son 1er match à domicile cette saison. Je ne jette pas la pierre aux Lillois, ils n'y sont pour rien et ont une très belle équipe... Mais comment font les journalistes pour feindre la réalité de façon aussi éhontée??
Le match aurait dû faire 0-0 (ils auraient alors dit ""match équilibré, blabla"") mais à la place, ils félicitent le Losc pour sa performance imméritée. C'est hallucinant.",0
2013-11-01T09:23:00Z,bien joué le losc,0
2013-10-31T10:03:40Z,lol,0
2013-10-29T09:02:17Z,A la fin il y a écrit 20 fautes de Lille mais vous croyez qu'ils ont compter les fautes pas siffler?? Beau match quand même victoire mériter je pense mais vous pouvez quand même dire merci l'arbitre,0
2013-10-28T23:22:20Z,arbitre de merde,0
2013-10-28T23:22:12Z,aller nantes,0
2013-10-28T17:48:49Z,gros chiqué du Lillois a 2:22 alors que Djilo l'a a peine frolé ! Mais sinon ALLEZ NANTES !,0
2013-10-28T13:04:53Z,FCN <3,0
2013-10-28T11:55:40Z,"j'étais au match et j'ai vu des nantais qui n'étaient pas au top de leur forme par rapport aux lillois , mais j'ai vu aussi des lillois simulateur et qui faisaient les salopes quand ils mennaient au score , Enyama méritait un carton car il métait plus de 6 secondes avant de tirer et l'arbitre ne disait rien , enfin les lillois a peine toucher se mettaient a chialer et obtenaient une faute insensée , il y aurait du avoir match nul aussi ce but hors jeu non signaler de l'abitre IGNOBLE !",0
2013-10-28T11:16:02Z,"Lille !!!!

on l a mérité",0
2013-10-28T10:24:38Z,Quand est ce que l'arbitrage vidéo arrive ??,0
2013-10-28T09:06:29Z,Certes il y a hort jeux mai les lilloi on mieux jouer jai etait dessu #supportersfcn,0
2013-10-28T08:15:59Z,1 défaite en 5 match c pas la fin du monde surtout que Lille est en forme et va certainement terminer dans le haut du tableau...,0
2013-10-28T07:57:38Z,"Le hors c'est quasiment rien du tout.. faut le voir. Y'a eu des erreurs d'arbitrage (et on pas gâté cette saison comme les saisons passés. On a essayé de revenir (coucou El Colorado <3) mais la défense de Lille est top. Enyeama.. . Whoa. Grosse bête. 
Sinon petit point noir: la simulation de CERTAINS lillois en fin de match... 
Sinon bien joué Lille. Victoire mérité. 
Allez Nantes ! Allons taper du sudiste avant de s'attaquer au derby de l'Atlantique ! ",0
2013-10-28T07:24:28Z,"Arrêtez de pleurer les Nantais, le but Lillois n'est certes pas valide mais c'est votre défenseur qui le pousse du bras en hors jeu... Et puis vous avez proposé quoi pour égaliser? Regardez les stats a la fin et vous verrez que notre victoire est mértié. Sinon vous avez un superbe public, chapeau bas.",0
2013-10-28T01:57:31Z,encore une fois c honteux l'arbitrage but sur hors jeu l'arbitre de touche le voit bien et il ne signale pas les arbitre français me déçoit c honteux.,0
2013-10-28T00:04:24Z,Aller Nantes :D,0
2013-10-27T23:50:46Z,"Allez Nantes !!! 
Vous allez gagnez mardi face a Lorient ! :D
",0
2013-10-27T23:22:28Z,lille était supérieur...,0
2013-10-27T23:16:51Z,"Nantes ne méritait pas de perdre ainsi, une erreur d'arbitrage pendant la semaine de l'arbitrage!",0
2014-04-03T13:55:22Z,Mon équipe préférer contre contre celle que je déteste le plus allez bordeaux l'Europe et la ,0
2014-03-31T16:30:54Z,Paix aux ames de ceux qui ont eu le courage de regarder ce match en entier...,1
2014-03-31T13:34:10Z,Un match nul a en mourir comme d'habitude avec bordeaux et les nantais arrêter de vois plaindre l'arbitrage ,1
2014-03-31T11:08:18Z, #FCN  <3,0
2014-03-31T10:33:28Z,Faudrait que Chaperon arrete d'arbitrer les matchs de Nantes c'est evident qu'il nous aime pas il fait tout pour qu'on perde,2
2014-03-31T10:30:08Z,Un match de Bordeaux = Somnifère.,4
2014-03-30T23:01:32Z,Aller Nantes,3
2014-03-30T22:56:47Z,Regarder les ultras bordelais,1
2014-03-30T22:30:27Z,C'est branlito de nantais qui sont pas capable de marquer!! Ils auraient pu répondre au banderole des bordelais meeerrde,1
2013-10-30T19:40:40Z,Enyeama just wow,0
2013-10-29T02:01:11Z,-___- Nantes lost,0
2013-08-19T11:45:30Z,"Nantes are going down...
",0
2014-07-23T07:29:26Z,Et puis on aurait du gagné mais y a encore ce putain d'arbitre qui nous bole avec la main de verrati et la faute de thiago silva,0
2014-07-23T07:25:37Z,"Oui mais vous c'est pas un club paris , sans khelaifi ils ne serai pas aussi fort !!!! ALLEZ NANTES !!!!!!",0
2014-07-08T14:44:36Z,Zlatan a violer les canaries c'était magnifique!,0
2014-05-13T09:55:10Z,les parisiens sont des voleurs ...,6
2014-02-16T19:04:48Z,"De toutes façon Nantes est hasbeen, et vous voulez rivaliser avec paris  , faut être vraiment au bout du rouleau pour supporter les canaris qui ont du plomb dans l'aile . Cordialement et sa ne rancunes les losers.",0
2014-02-11T13:24:42Z,#CDL - Le résumé du match FC Nantes / Paris Saint-Germain,5
2014-02-07T23:07:34Z,Sérieux je déteste Paris et surtout Nantes mais là il y a pas photos une leçon de football face à des nantais qui n'ont que ce qu'il mérite aujourd'hui;la défaite  ,2
2014-02-07T17:35:50Z,"L'arbitre a été mauvais mais c'est bien ça donne l'impression aux nantais de s'être fait ""volés"", ils pourront donc râler sur l’arbitre au lieu de voir la réalité du match (77% de possession de balle pour l'adversaire alors que c'est une demi-finale de coupe devant vos spectateurs ou vous n'aviez rien à perdre c'est pas normal PSG ou pas). Allez rejoindre la pleurnicheuse de Der Zakarian qui n'assume pas que son équipe n'a pas eu de couilles. ",1
2014-02-07T01:27:12Z,"Quand je vois certains commentaires, j'ai l'impression qu'on a pas vu le même match parfois.

L'arbitrage a été calamiteux, et des deux côtés. Ceux qui pensent que l'arbitre a volé les Nantais devraient aussi noter le jaune de Maxwell alors qu'il se fait sécher et se prend une balle dans la tête, et également le fait que les Nantais ont considérablement durci le jeu en 2ème MT, souvent sans être sanctionné d'ailleurs. Bref, arbitrage et comportement nuls des deux côtés. Ces éléments font partie du jeu et en général je me concentre pas dessus, c'est juste que quand je vois des critiques, je me dit qu'elles sont incomplètes et biaisées.

Mais là où je suis vraiment surpris c'est quand je lis que Nantes méritait d'aller en prolongations. Sérieusement? En 1ère MT, y'a rien, mais rien eu côté nantais. A la demie-heure la possession (quasi stérile, certes) était quand même de 90%-10%...avec 0 pressing nantais.  A part la tête sauvée sur la ligne, sinon c'était des ""frappes"" de 40m de Djilobodji...En 2ème, Nantes a pressé, mais y'a pas non plus eu de grosses situations - Paris n'a quasiment rien montré non plus de son côté si ce n'est la volonté d'ouvrir le score rapidement et le réalisme.

Quoiqu'il en soit, de manière générale, je suis quand même content de revoir les Nantais en L1 - et vivement le retour de Metz, Lens, et Strasbourg (même si ça prendra plus de temps pour ces derniers) pour qu'on revoit les équipes made in D1 des 90s. Bravo par ailleurs au public nantais qui a été superbe sur ce match.",3
2014-02-06T22:22:28Z,"L'arbitre a était payé par personne il était juste mauvais comme 90% des arbitres Français, et faut pas oublier aussi que Paris ce fait volé aussi des matchs a cause de l'arbitrage comme contre Montpellier par exemple..",5
2014-02-06T21:44:31Z,Paris a aussi acheté la chaine youtube de la coupe de la ligue pour ne pas montrer leurs fautes a ce que je vois,1
2014-02-06T21:39:36Z,ALLER LES JAUNE ET VERT,4
2014-02-06T20:12:57Z,Quand maxwell ses manger le dégagement sur sa tête il ses bien pris un carton jaune ! Alors qu'il n'a rien fait. Et faut bien avouer que les arbitres français ses de la merde ^^,0
2014-02-06T18:44:23Z,"De toute façon (mise à part les petite erreur d'arbitrage) Le PSG mérite largement cette victoire, donc STOP RAGE NANTE !",3
2014-02-06T17:52:20Z,"j'était au match il y avait une ambiance de malade mais ce putain d'arbitrage de merde a changer la donne nantes meritait au moin d'aller en prolongation
bref alller nantes",1
2014-02-06T17:45:29Z,Il a couté combien le transfert de Laurent Duhamel ?  Au moins les parisiens sont fier d'avoir volé leur place en finale. J'espere juste qu'ils ne tricheront pas contre Lyon,11
2014-02-06T17:38:18Z,"évidemment on ne montre pas le penaltys non sifflé pour nantes , que des fils de pute à la ffa , nantes méritait des prolongations , comme par hasard il y a le psg en face donc comme par hasard l'arbitre devient aveugle lorsque le psg fait une faute dans sa surface de réparation ...
SANS zlatan le psg aurait perdu.
Sinon paris est un club dont la plupart de ses supporters sont des lâches",11
2014-02-06T17:16:47Z,Pourquoi ne pas montrer la fautes sur djorjevic dans la surface et montrer un duel de lavezzi ????????,0
2014-02-06T13:09:06Z,Ou pas..!,2
2014-02-06T12:49:12Z,"Arbitrage catastrophique, scandaleux, calamiteux. De meme pour le comportement des parisiens.

tout ça me dégoute ...

Victoire malhonnete du PSG",20
2014-02-06T12:11:47Z,Merci la FFA de  protéger les arbitres....,8
2014-02-06T12:08:03Z,Pourquoi on ne voit pas la faute de Thiago Silva sur Djordjevic où normalement il y a pénalty ? mdr toujours à sucer Paris vous.,3
2014-02-06T10:58:13Z,"Et surtout le mec dit bien aussi "" ballon repoussé de la poitrine par Verrati "" ",4
2014-02-28T15:44:31Z,"C'est ça chez Nantes que j'aime, toujours à rager, il rage tellement qu'il on aggressé   des gens innocents à la sortie(Femme et Enfant personne agé ....) et il se trouve toujours des excuses ...
Nous aussi il nous manquait des joueurs
-KanaB
-Pajot
-Feret
-Allessandrini n'a même pas joué !

xD c'est tellement drole de vous voir rager.

Roazhon<3",0
2014-02-24T10:56:21Z,IN YOUR ASS ! :D,2
2014-02-11T00:39:11Z,Gomis. ITS GOMIS!!!,0
