published-time,comment,likes
2014-01-20T18:00:57Z,J'étais au match et le soleil aussi LOL,0
2013-08-17T11:40:48Z,"Impossible d'intervenir!!!!!!!!!!C'est une plaisanterie,il a a largement le temps d'anticiper et de faire l'effort de se detendre.On a l'impression qu'il compte les mouches dans sa surface.Pas compliqué sur tous les ballons aériens il est à la rue.
",1
2013-08-16T09:54:50Z,"La montée se joue sur le classement final, on s'en bat les couilles du mérite. ",0
2013-08-15T23:52:08Z,Non ils ne le méritent pas,0
2013-08-14T08:55:40Z,"lol sur le genrique il y a tjrs nantes et Monaco wtf ???
",0
2013-08-14T07:49:03Z,Allez on est tous pour Brest ils vont remonter en ligue 1 ils le méritent!!!!,0
2013-08-14T00:00:02Z,Leroy est impressionnant ! *_*,0
2013-08-13T18:30:33Z,"Leroy a une sale mentalité .. Ce gars s'amuse à insulté Thébaux de ""Fils de pu.."" parce qu'il a jeté la balle que Leroy voulait prendre .. Jolie but mais sans cervelle le joueurs ... (J’étais derrière le but en tribune j'ai bien entendu)",0
2013-08-13T12:57:23Z,Nul Thebeaux sur le but de Leroy ? T'as jamais jouer au foot toi. Impossible d'intervenir tellement l'inspiration géniale de Leroy est soudaine.,0
2013-08-13T11:33:42Z,Wow 1:32,0
2013-08-13T11:10:47Z,J'y étais :) ! ,0
2013-08-13T10:12:34Z,Retrouvez le résumé du match de clôture de la 2e journée de  #ligue2  qui opposait le Stade Brestois au FC Istres (3-1).,2
2013-08-13T10:11:21Z,magnifique but de leroy,0
2013-09-05T12:14:26Z,"4 jolis buts, surtout le deuxième :o quelle frappe et le 3ème superbe action collective",0
2013-08-25T09:12:24Z,"On peut même pas revoir le but hors jeu pour voir si s'était vrai, bravo la LFP",1
2013-09-18T16:23:39Z,Dommage tours j étais au match et on fais 30 première minutes super mais après rien,0
2013-09-16T19:57:31Z,les arrets de fou des deux cote bravo les GK ,0
2013-09-15T16:20:45Z,"Benjamin Leroy, énorme gardien ! c'est grâce à lui à chaque fois qu'on encaisse pas trop de buts. Le meilleur gardien de Ligue 2. Notre Hugo Lloris.
",0
2013-09-15T07:07:32Z,"tours fc les meilleur
",0
2013-09-14T22:04:56Z,Allez Tours Fc,0
2013-08-21T12:33:20Z,Beh si il y est c'est le dernier defenseur,0
2013-08-19T07:32:09Z,Ne les appelez plus CA Bastia mais CA Basta ! :p,0
2013-10-27T00:47:59Z,Beau match.Belle victoire niortaise.,0
2014-02-01T22:54:46Z,Allez le SCO !!!! Les scoïstes sont derrière vous !!! 49 c'est exceptionnel !!! Battez vous et la ligue 1 est a vous !!!,4
2013-11-21T23:18:27Z,Hey mais c'est quoi se bordel ?! leur gardien ?! Petric ?! pouquoi il est la bas ????? c'est le gardien de Troyes mtn !!!,1
2013-11-21T23:14:54Z,Putain !!! le Stade de Istres quoi... BLINDE ! xD,0
2013-08-12T19:02:58Z,En angleterre les défenses sont tellement moisies (à l'image de celle de istresà qu'à chaque rencontre il y au moins 3 buts.,2
2013-08-08T19:41:03Z,Angers en ligue 1 Angers en ligue 1,0
2013-08-08T11:44:26Z,"Allez le SCO !!!!!!!!
",0
2013-08-07T19:02:40Z,Strasbourg en CFA 20 000 contre Mulhouse merci au revoir,1
2013-08-07T15:09:08Z,"Tu es sur de ça ??

Lens-Bastia : plein milieu des vacances, aucun enjeu, équipe adversaire qui vient de national => 28.000 !

Certains stades de L2 sont bien mieux garnis que certains de L1.",0
2013-08-07T10:11:18Z,très fort ces angevins ! =),1
2013-08-06T12:09:36Z,"Même pas 1000 spectateurs à Parsemain ! vraiment ridicule comme affluence ! 
(Un supporter nîmois)
",1
2013-08-05T14:46:02Z,Superbe le 2ème but d'Istres,0
2013-08-05T09:14:04Z,ligue2 officiel ce qui serait bien ce serait de faire comme la ligue 1 les résumés de tous les matchs en même temps Merci ,1
2013-08-04T17:30:59Z,"c'est la grande différence avec l'anglettere : en ligue 2 les stade sont vide ! en championships il son a guiché fermé . alors si la france veut posseder un grand championnat il faut deja regler ce problème .
",2
2013-08-04T13:51:59Z,"oui xd
",0
2013-08-04T08:01:01Z,ya plus d'angevins que d'istréens dans les tribunes,0
2013-10-03T15:10:47Z,istres c'est triste,1
2013-10-01T15:14:19Z,"Ghislain Gimbert est le nouveau leader du classement des buteurs !
http://bit.ly/1eWL3YG",3
2013-09-30T22:31:39Z,"Il est completement magnifique oui... encore merci a lui 
Troyens tjrs présent meme avec une équipe presque entierement ""neuve"" ! :)",1
2013-09-29T18:06:54Z,"allez l'estac
",1
