publish_date,title,view_count
2013-09-21T22:00:05Z,FC Istres - Stade Lavallois (3-0) - Le résumé (FCIOP - LAVAL) - 2013/2014,2996
2013-08-22T10:46:20Z,Wikibee istres - Une 1e victoire pour Istres à Créteil ?,109
2013-08-13T10:00:35Z,Stade Brestois 29 - FC Istres (3-1) - Le résumé (SB29 - FCIOP) - 2013/2014,13203
2013-08-24T22:00:11Z,US Créteil - FC Istres (2-2) - Le résumé (USCL - FCIOP) - 2013/2014,4817
2013-09-14T22:00:16Z,Tours FC - FC Istres (2-2) - Le résumé (TOURS - FCIOP) - 2013/2014,4081
2013-08-31T22:00:09Z,FC Istres - AJ Auxerre (1-1) - Le résumé (FCIOP - AJA) - 2013/2014,3347
2013-08-17T22:00:11Z,FC Istres - CA Bastia (1-1) - Le résumé (FCIOP - CAB) - 2013/2014,3692
2013-10-26T22:00:01Z,Chamois Niortais - FC Istres (3-1) - Le résumé (NIORT - FCIOP) - 2013/2014,3034
2013-08-03T22:00:12Z,FC Istres - Angers SCO (2-4) - Le résumé (FCIOP - SCO) - 2013/2014,16536
2013-09-28T22:00:01Z,FC Istres - ESTAC Troyes (0-2) - Le résumé (FCIOP - ESTAC) - 2013/2014,2568
2013-10-31T13:59:08Z,Wikibee Istres - Istres - Metz : la loi des séries,193
2013-09-25T22:00:13Z,Havre AC - FC Istres (1-0) - Le résumé (HAC - FCIOP) - 2013/2014,3522
2013-10-05T22:00:01Z,Clermont Foot - FC Istres (2-0) - Le résumé (CF63 - FCIOP) - 2013/2014,2945
2014-01-24T08:49:44Z,Wikibee Istres - Istres sur sa lancée à Bastia ?,539
2013-09-14T17:17:27Z,Conférence de presse Tours FC - FC Istres (2-2) - 2013/2014,135
2013-08-12T22:31:18Z,Conférence de presse Stade Brestois 29 - FC Istres (3-1) - 2013/2014,350
2014-03-27T16:13:38Z,L&#39;expulsion de Lucas Rouabah | Tacle magnifique - Cannes vs Guingamp 0-2 (Coupe de France),3203
2014-04-28T16:08:02Z,L&#39;après derby Stade rennais - FC Lorient 2013/2014,1011
2013-10-07T13:05:59Z,Maximumsports.tv 201 - Entente historique entre ARSQ et le FC Lorient - 131003,376
