publish_date,title,view_count
2013-10-19T22:00:00Z,Stade Lavallois - Havre AC (2-2) - Le résumé (LAVAL - HAC) - 2013/2014,3890
2013-11-30T23:00:01Z,Chamois Niortais - Stade Lavallois (0-1) - 29/11/13 - (NIORT - LAVAL) - Résumé,2690
2013-09-14T22:00:04Z,Stade Lavallois - Angers SCO (4-1) - Le résumé (LAVAL - SCO) - 2013/2014,15009
2013-08-24T22:00:11Z,Stade Lavallois - RC Lens (0-2) - Le résumé (LAVAL - RCL) - 2013/2014,19610
2013-08-03T22:00:12Z,FC Metz - Stade Lavallois (1-0) - Le résumé (FCM - LAVAL) - 2013/2014,14219
2013-10-26T22:00:02Z,Tours FC - Stade Lavallois (2-0) - Le résumé (TOURS - LAVAL) - 2013/2014,6402
2013-11-15T17:35:13Z,Koop nu je halfjaar-MSC!,891
2013-09-21T22:00:05Z,FC Istres - Stade Lavallois (3-0) - Le résumé (FCIOP - LAVAL) - 2013/2014,2996
2013-11-23T23:00:00Z,Stade Lavallois - AC Arles Avignon (1-1) - Le résumé (LAVAL - ACA) - 2013/2014,2215
2013-09-28T22:00:01Z,CA Bastia - Stade Lavallois (1-1) - Le résumé (CAB - LAVAL) - 2013/2014,2816
2014-01-11T23:00:01Z,Stade Lavallois - Nîmes Olympique (1-3) - 10/01/14 - (LAVAL-NIMES) -Résumé,2441
2013-08-31T22:00:10Z,Dijon FCO - Stade Lavallois (1-0) - Le résumé (DFCO - LAVAL) - 2013/2014,3755
2013-08-17T22:00:11Z,Clermont Foot - Stade Lavallois (2-1) - Le résumé (CF63 - LAVAL) - 2013/2014,6084
2013-09-25T22:00:14Z,Stade Lavallois - Stade Brestois 29 (2-1) - Le résumé (LAVAL - SB29) - 2013/2014,3849
2013-11-09T23:00:01Z,ESTAC Troyes - Stade Lavallois (0-1) - Le résumé (ESTAC - LAVAL) - 2013/2014,3164
2013-11-02T23:31:14Z,Stade Lavallois - US Créteil (5-1) - Le résumé (LAVAL - USCL) - 2013/2014,11373
2013-08-10T22:00:11Z,Stade Lavallois - SM Caen (1-2) - Le résumé (LAVAL - SMC) - 2013/2014,8975
2013-10-05T22:00:01Z,AJ Auxerre - Stade Lavallois (2-0) - Le résumé (AJA - LAVAL) - 2013/2014,4972
2014-01-18T23:00:04Z,SM Caen - Stade Lavallois (2-1) - 17/01/14 - (SMC-LAVAL) -Résumé,7483
2013-12-21T23:00:01Z,AS Nancy-Lorraine - Stade Lavallois (2-1) - 20/12/13 - (ASNL - LAVAL) - Résumé,3532
2014-02-22T23:00:01Z,Stade Lavallois - FC Istres (3-4) - 21/02/14 - (LAVAL-FCIOP) - Résumé,4133
2013-12-14T23:00:00Z,Stade Lavallois - Châteauroux (2-2) - 13/12/13 - (LAVAL - LBC) - Résumé,4136
2014-01-25T23:00:01Z,Stade Lavallois - Clermont Foot (0-0) - 24/01/14 - (LAVAL-CF63) -Résumé,940
2014-02-15T23:00:02Z,Angers SCO - Stade Lavallois (1-1) - 15/02/14 - (SCO-LAVAL) - Résumé,8082
2014-01-26T09:48:57Z,KV Kortrijk - K. Lierse S.K.: sfeer einde-viering-kleedkamer,3952
2013-11-03T00:25:48Z,K. Lierse S.K. - Charleroi: samenvatting Stadion,4791
2014-03-21T16:06:21Z,Lierse TV S06E30: doelpunt van het seizoen,3726
2014-04-05T21:54:15Z,K. Lierse S.K. - KAA Gent POII (1-0): samenvatting Stadion,5155
2013-08-30T13:16:42Z,Sfeertraining voor de derby,5917
2013-09-15T12:34:31Z,Beerschot Branddonk Thibe loopt mee op,341
2014-02-02T16:38:52Z,K. Lierse S.K. - RSC Anderlecht: uitgebreide samenvatting,16110
2013-09-04T12:27:55Z,YRKV Mechelen - K. Lierse S.K.: uitvak opkomst en einde,8565
2013-08-23T16:40:26Z,Lierse TV S06E05,4065
2014-02-12T11:14:34Z,Tony Watt doet oproep aan supporters voor Lierse - Genk,11625
