published-time,comment,likes
2013-10-25T14:47:08Z,Le Havre3,0
2013-10-20T16:17:12Z,"allez angoulême
",0
2013-10-20T12:16:35Z,Go le HAC,0
2013-10-20T08:11:14Z,Aller lavaaal ♥,0
2013-11-05T19:05:34Z,mdr c est vous les bouseux!le sco n a rien a faire en ligue1.et quant le fc nantes se déplacait a angers la saison derniere c étai un stade de bouseux le stade jean groin.des porc je vous dis!il vont vite redescendre au classement ces bléro du sco.allez laval!,0
2013-11-03T09:55:36Z,"Mdr laval trop fort pour Angers ? Attend le match retour .. Tu vas rentrer chez toi en pleurant avec ton tracteur, vous etes à votre place au fond du classement bande de bouzeux ! Ici c'est Angers !",1
2013-09-16T10:17:54Z,"Robic, le ""tout premier but de sa carrière pro'"". Eh oh, il était d'jà pro' au VOC le bonhomme... Le National, c'pas le CFA non plus...",0
2013-09-15T09:59:56Z,Aller Laval on s est balader penalti logique des but magnifique Laval est beaucoup trop fort pour Angers c est tout aller laval,0
2013-09-15T09:32:52Z,allez le sco!,0
2013-09-15T08:19:52Z,"Ah ben c pas trop tot, enfin une victoire pour Laval!!",0
2013-09-15T08:16:29Z,C peut-être un mal pour un bien au sco,0
2013-09-15T08:14:32Z,Pas du tout peno,0
2013-09-15T08:11:25Z,Allez le sco,0
2013-09-15T07:23:08Z,Angers 1er,0
2013-08-28T15:02:30Z,"Arretez d'utiliser le mot footix à tout bout d'champ.. Tu ne domine pas la moitié du match mais tu éspère une victoire ?.
Arretez de criez aux erreurs d'arbitrage ; On dirait un madrilène.",0
2013-08-28T09:58:35Z,"sauf que si le but hors-jeu de lens avait été annulé le match dans son integralité aurai changé
"" Mdr.. "" comme tu dis, jeune footix",0
2013-08-26T13:34:24Z,"Supporter du PSG, rage pas mec, Laval est dernier.",0
2013-08-26T08:20:22Z,"Le 2e aussi l'est, c'était un pur tacle de boucher..",0
2013-08-26T08:05:24Z,Allez lens <3 on est 1 au classement ! ,0
2013-08-26T07:19:53Z,sauf que la il ne montre pas le péno non siflé pour laval,0
2013-08-26T07:14:28Z,oui est le joueur lensois s'arrete en voyant que couturier ne le regarder pas ,0
2013-08-25T23:19:33Z,Lens c est fait dominer a 9contre 11 ces la honte je trouve il ont de la chance de marquer,0
2013-08-25T23:16:35Z,"Sur le premier carton rouge il ya rien en + ce n est pas le dernier défenseur et sur le deuxième l autre simule 2 seconde après il se relève vous aller voir quand Laval va démarrer personne ne pourra les arrêter 
Avec cet arbitre la Laval a fait 5 défaites et 2 nul il n aime pas Laval c est tout a virer 


Aller les tangos",0
2013-08-25T16:13:14Z,Supporter de Marseille mais je trouve que les arbitre en france c'est aberrant,0
2013-08-25T16:06:22Z,"Le premier carton rouge est totalement mérité, imaginez que Touzghar ne soit pas fauché, il s'en va tout seul en duel avec le gardien. y'a 50% de chances qu'il y ait but sur cette action et l'autre le fauche. Carton rouge obligé ! ",0
2013-08-25T15:44:18Z,"Écoutez chanter écoutez chanter écouter chantez les sang et or, et surtout ne dites RIEN ! LensFans",0
2013-08-25T15:30:43Z,Il y'as eu 6 jaune pour lens ; donc je pense pas qu'il soit avec nous ;),0
2013-08-25T15:29:46Z,"Mdr.. 
PS : si tu fait le compte pour Lens - Auxerre, ça ferais 3-2.. ",0
2013-08-25T14:43:46Z,Et ??,0
2013-08-25T13:28:59Z,"C'est désespérant cette totale méconnaissance du règlement de part et d'autres.
Le premier carton, on voit largement que l'attaquant aurait pu avoir un face à face avec le gardien si le lavallois ne le retenait pas.
Pour le 2e c'est plus que mérité avec ce tacle très dangereux, qui aurait pu finir comme l'an passé pour J.Clément pour le lensois.
Ce qui est triste c'est aussi le fait qu'en 2ème mi-temps les lavallois simulaient pour obtenir une ""compensation"", logiques ces 0 points en 3 matchs...",0
2013-08-25T11:36:13Z,"Arbitrage honteux ! même le deuxième carton, c'est un jaune ! Un supporter Lensois !",0
2013-08-25T11:02:38Z,"N 'importe quoi le premier carton rouge,ça annule une action de but,je crois pas il reste un défenseur,un jaune aurait étais suffisant ,lens avais la manière de gagner sans ce genre de choses,et le deuxième est peut -etre dangereux mais un carton rouge,les pieds n 'étaient pas trop levés,un carton jaune aurais étais suffisant avec un avertissement morale.",0
2013-08-25T10:56:43Z,"UN BON ARBITRE DE FOOTBALL!!!!!  enfin 1 qui mérite son statut, à revoir vivement même en ligue1",0
2013-08-25T10:54:08Z,ALLEZ LE RCL,0
2013-08-25T10:30:38Z,C'est quoi cet arbitre? ,0
2013-08-25T10:11:37Z,"Lens-Bastia : penalty pour Lens
Angers-Lens : penalty pour Lens
Lens-Auxerre : peno oublié pour Auxerre et but hors-jeu de Lens
Laval-Lens : deux rouges ultra severes pour Laval

lens va monter mais je me demande pk",0
2013-08-25T10:03:37Z,"Touzgar parter tout seul on but regarde bien 
",0
2013-08-25T08:33:48Z,sa c sur ,0
2013-08-25T07:36:29Z,"Le premier carton rouge n'est pas mérité, l'arbitre dit "" action de but"" mais le ballon file dans les bras du gardien, le joueur de Lens n'aurait même pas pu la toucher",0
2013-08-25T02:58:24Z,LENS FANS <3,0
2013-08-25T00:11:56Z,"On était chez  nous , RCL <3",0
2013-08-24T23:46:00Z,"L'arbitre était débordé ! Des cartons jaunes oublié et des cartons jaunes mis pour rien ! Le deuxième rouge est mérité pour ma part car les deux pieds sont décolé, la cheville ou le tibia peut y passé (Jeremy Clément) Allez Lens !",0
2013-08-24T22:57:23Z,RCL 3,0
2013-08-24T22:35:52Z,SANG & OR<3.,0
2013-08-24T22:21:02Z,L arbitre est a viré,0
2013-08-24T22:20:32Z,Honteux,0
2013-08-24T22:20:25Z,Aller laval,0
2013-08-24T22:20:13Z,C est honteux un arbitre de nul,0
2013-08-24T22:04:02Z,Allez les sang et or vous allez monté cette année c'est pour vous ! ( supporter Nantais ) ,0
2013-09-02T03:42:27Z,degage BOUFFON ta pas compris ICI CEST METZ,1
2013-09-02T03:41:13Z,ji ete quand metz a mis le but cetai un bordel pas possible VIVE METZ,0
2013-08-18T09:13:44Z,"on à l'arsenal, la cathédrale metz capitale metz  capitale y ont picot la place carnot c'est des charlots c'est des charlots,nous le voulons, nous le ferons nancy en flamme nancy en flamme,nous le voulons, nous le ferons nancy en flamme nancy en flamme. c'est tout allez metz ! ",1
2013-08-10T22:22:16Z,On a la cathédrale Metz capitale ! (contre Nancy) :),1
2013-08-10T10:57:25Z,A l'année prochaine en Ligue 1 j'éspère :),0
2013-08-08T03:27:56Z,"Ici, c'est Metz ! La Lorraine est grenat , et elle le restera ! ",0
2013-08-08T00:34:20Z,Laval va se maintenir c est sur ALLER LAVAL,0
2013-08-06T20:40:23Z,"Laval,l'équipe la plus malchanceuse, ça me dégoûte :(",0
2013-08-06T12:05:57Z,pauvres lavallois ! il va falloir se ressaisir mes amis !,0
2013-08-06T12:01:39Z,Allez Nîmes !,0
2013-08-06T12:01:31Z,les commentaires sont très variés ! je vais mettre un commentaire qui va se voir par rapport aux autres !,0
2013-08-04T20:55:58Z,allez metz.,0
2013-08-04T19:47:18Z,Allez Metz,0
2013-08-04T14:42:26Z,Allez messins,0
2013-08-04T11:31:05Z,Allez Metz ! Faut continuer comme sa w,0
2013-08-04T10:01:08Z,"Allez Metz !!
Super match et super ambiance !
",0
2013-08-03T23:36:34Z,Allez Metz !,0
2013-10-29T23:01:03Z,Allez l'etg !!! ^^,0
2013-10-29T16:30:11Z," #Ligue2  - Classement des passeurs - Avec autant de buts que de passes décisives cette saison, Andy Delort (Tours FC), 2e meilleur passeur de Ligue 2, contribue activement à la réussite offensive des siens ! http://bit.ly/HsZN2P",4
2013-10-27T21:42:59Z,Allez Tours on est là !!,0
2013-10-27T17:28:35Z,Aller laval,0
2013-10-27T09:40:53Z,allez Tours,0
2013-10-27T03:11:42Z,Allez Tours Fc,0
2013-10-26T23:42:11Z,Merci pour la redif du match de Tours,0
2013-11-23T23:25:12Z,Allez le stade lavallois,0
2013-09-30T13:44:11Z,"A 1:50, vous auriez pu laisser la tentative de frappe/centre, non???",0
2013-09-29T09:08:32Z,As-tu vu la quenouille ????,0
2014-01-14T08:35:20Z,Allez Nîmes 3,0
2014-01-12T19:43:12Z,Allez le mhsc ,0
2014-01-12T09:32:56Z,Bravo les Crocos 3 Allez Nîmes 3,0
2013-08-19T07:25:48Z,En tant que supporter lavallois ça comme a devenir vraiment lassant de voir l'équipe mener au score puis se faire rejoindre et dépasser en fin de match.,0
2013-08-18T13:05:31Z,"Les tacles, à apprendre :D",0
2013-08-18T10:09:46Z,"A la la quelle malchance,je suis dégouté :(",0
2013-08-18T08:29:13Z,"laval va faloir se reveiller car la on dort et si on continue comme sa ces la national qui arrive
",0
2013-08-17T23:15:00Z,"Sinon je peux souscrire la vidéo a vidéo gag ? Non mais sérieux on ne va pas se mentir , les 2 buts sont exclusivement de la chance a par le 2e qui est beau.",0
2013-09-28T16:49:00Z,J'admire ton fair-play=),0
2013-11-11T00:18:08Z,Aller laval,0
2013-12-21T18:07:38Z,trop cool,0
2013-11-06T21:51:12Z,On se prend laval en coupe de france !!! Mdr,0
2013-11-05T21:34:21Z,oui c est bon! bravo aux tangos et aussi aux supporter cristoliens qui ont chanté du début a la fin malgré l avalanche de buts.allez laval!,0
2013-11-05T17:13:24Z,"#Ligue2 - L’attaquant du Stade Lavallois a largement contribué à la première victoire en cinq journées des Tangos avec un doublé qui lui permet de figurer au 2e rang des buteurs de Ligue 2. Cette saison, seul Ghislain Gimbert (ESTAC) fait mieux avec huit buts après 13 journées !  http://bit.ly/1eg3jvR",3
2013-11-04T18:01:51Z,allez laval (supporter de Metz),1
2013-11-03T17:19:52Z,"Laval gagne pas souvent, mais quand ils gagnent, ils font pas semblant ^^",0
2013-11-03T17:08:46Z,"Allez Laval
",1
2013-11-03T16:08:04Z,allez laval (suportaire de lens),1
2013-11-03T14:26:08Z,"allez le stade lavallois !!! (supporter angevin )
",1
2013-11-03T12:51:48Z,énorme le stade lavallois,1
2013-11-03T10:10:24Z,tres beau match ,0
2013-11-03T10:06:37Z,tees beau match malgré la météo.  ,0
2013-11-03T09:56:57Z,First,0
2013-08-11T20:38:43Z,Mdr perdu,0
2013-08-11T20:31:32Z,"Mdddr Juventus, mon couzin éloigné il joue a caen c Molla Wagué defenseur centrale de Caen, il joue la en plus
",0
2013-08-11T11:31:20Z,C'est pas grave sa fait un peut rire,0
2013-08-11T11:18:27Z,On va y avoir droit toute la saison a ça...,0
2013-08-11T08:02:44Z,Malherbe 3,0
2013-08-11T06:36:43Z,Malherbe <3,0
2013-08-11T06:36:35Z,Malherbe <3,0
2013-08-10T22:25:22Z,Le commentateurs fait memevdes petite blague c'est la juventus mdr,0
2013-10-06T12:39:10Z,Superbe match du gardien lavallois,0
2013-10-06T07:17:31Z,Bravo aux Auxerrois !,0
2014-07-01T09:58:06Z,allez caen ,0
2014-01-21T16:54:21Z,"#Ligue2 - Classement des buteurs - A l’image de Mathieu Duhamel revenu en 3e position au classement officiel des buteurs, le SM Caen brille offensivement avec la meilleure attaque de Ligue 2 (37 buts). Diafra Sakho et ses 12 buts reste leader devant Christian Bekamenga (11 buts) ! Supporters, on attend vos commentaires ! http://bit.ly/1ekRgv8",3
2014-01-19T19:15:56Z,Gardien mal placé = But encaissé #CoupFranc,0
2014-01-19T10:02:41Z,dat free-kick,0
2014-01-19T01:23:33Z,Bien joué malherbe même si c'était difficile,1
2013-12-24T23:37:43Z,"Il y a quelque part une justice, les nancéen auraient du également repartir avec la victoire, si des buts bidons n'auraient pas été marqués a la 90+5 ...",0
2013-12-24T21:46:54Z,les lavallois aurai du au moins repartir avec le point du nul.ils ont dominé outrageusement la rencontre,0
2013-12-21T23:14:41Z,Nardi encore excellent ! Dommage pour ces loupés de nancy en fin de match qui aurais assoler les lavalois ! ,3
2014-02-25T15:31:22Z,allez laval!!!!!!!!!!!!!!!!!!!!!,0
2014-02-24T17:03:10Z,"bien sur qu'il y a hors jeu, ça se voit.....",0
2014-02-22T23:25:58Z,Entre les 2 hors jeux istréen cela réduit déja la marque à 3-2 pour Laval et le penalty que tout le monde à vu (meme l'entraineur istréen) sauf l'arbitre qui est une faute quand meme monumental. Ca fait 4-2 pour Laval. Match truqué bonjour ,0
2014-01-26T00:46:20Z,"Bon match , manque de realisme!!",0
2014-02-16T20:09:23Z,"Le pénalty est mal tiré, vraiment dommage pour Laval.",0
2014-02-16T12:58:54Z,Allez le SCO !!!,4
2014-02-16T09:33:38Z,Malicki <3,5
2013-11-03T12:20:31Z,"that red card....., they should suspend the referee for 2 months.
and the dude who fell like a barcelona player aswell, so much theater is only for broadway and not in football.",0
2013-11-03T02:01:52Z,nice free kick,0
2014-04-08T22:54:34Z,3:30 kent die geen buitenspel ofzo? OMFG,0
2013-09-28T17:43:07Z,geweldig,0
2013-12-28T23:02:01Z,zalig !!! :) LIERSE !!!!,1
2013-10-19T09:47:29Z,Well it's an away end but we'll take that as a compliment :P Thanks,0
2013-09-29T20:00:02Z,"looks like a small copy of south stand in signal iduna park,
fans looks similar to dortmund fans",1
2013-09-28T15:16:53Z,Antwerp en den Beerschot wat is da  2 de klas en  4 prov ( heeel erg  ),0
2013-09-27T06:11:12Z,wilrijk wie?,0
2013-09-07T14:17:57Z,"Ook letterlijk, want het stadion valt bijna in elkaar van oudheid ;)
",1
2013-09-07T14:15:44Z,"Tegen KV was het echt te vergelijken met Antwerp en Beerschot qua topsfeer. Het geluid bij dit filmpje is ook heel erg slecht. Ik zat tussen de KV-supps en de Liersesupps zongen heel het stadion plat.
",0
2013-09-05T16:43:21Z,haha t.o.v. antwerp of beerschot is dees niks,0
2013-09-05T10:30:08Z,WE ARE LIERSE!,0
2013-08-24T09:59:33Z,"Weer knap gespeeld van onze jeugd.
Klein vraagje: was er niet voorzien dat ze in de uitrusting van het eerste elftal zouden spelen? Of volgt dat nog?",0
2014-02-13T18:10:28Z,Question for any Pro League fans. How would you rate Watt? One of the best players or at least strikers in the league? If he's anywhere near the level of Thorgan Hazard or Batshuayi then he could be something for us scots to get excited about.,0
