published-time,comment,likes
2014-03-19T09:00:24Z,Dario mauvais perdant mdr ,0
2014-03-19T06:50:27Z,Gg bien,0
2014-03-19T06:50:14Z,Gg,0
2014-03-14T16:42:12Z,Il y a eu de beau buts,1
2014-02-28T03:18:43Z,".. Mouai bof, même la Salade Niçoise à plus de succès.

 ͡๏̯͡๏",0
2014-03-13T19:26:26Z,big up,0
2014-03-13T19:18:01Z,J'avoue ,0
2014-03-23T15:38:59Z,Allez OGC NICEvous êtes les meilleurs ,0
2014-03-19T19:55:49Z,vraiment bon concept ....j'attend qu'il nomine un valenciennois :p ,0
2014-03-18T20:33:03Z,Il faudrait lancer un defi a zlatan pour voir sa reaction sa serait drole il dira que c'est le plus fort ,1
2014-03-13T19:34:50Z,"Super initiative !
Issa Nissa.",0
2014-03-11T23:12:29Z,un monstre,1
2014-03-11T18:31:27Z,c'est style,0
2014-03-11T05:43:40Z,C BIEN JOUER MES FAIT LE AU MATCH,0
2014-03-10T17:26:59Z,Gavage rien a dire,0
2014-03-14T16:39:37Z,Le mec devait se sentir mal a l'aise,0
2014-06-11T22:01:59Z,Ce gardien merite daller loin vrm,0
2014-06-11T03:05:42Z,Procure melhorar a sua calma e jogar certo!!!! ,0
2013-08-15T10:35:21Z,Et il y a surtout Thibaut! :),0
2013-08-14T15:12:43Z,Super sympa ce genre de vidéo continuez comme ça et la chaîne va décoller!,0
