publish_date,title,view_count
2014-04-19T12:55:55Z,Damien Marcq Skillsnomination,3546
2014-03-14T17:25:25Z,Damien Marcq avant Malines - Rcsc,611
2014-03-14T09:53:53Z,Cvitanich contre Bosetti : duel face au but,16737
2014-02-20T17:27:54Z,Signé : les inséparables,2569
2013-08-04T12:03:58Z,Goal Danijel Milicevic RCSC - W.Beveren,3401
2014-03-13T15:40:31Z,SkillsNomination : Julien Gensel répond à Eric Bauthéac,5122
2014-07-04T16:10:02Z,Felice Mazzu Dribble GoPro,1630
2014-03-18T16:28:10Z,SkillsNomination : le défi de Jérémy Pied,9096
2014-03-10T16:02:49Z,SkillsNomination : Eric Bauthéac lance le défi,14832
2014-07-14T11:22:56Z,Felice Mazzu après R.White Star - RCSC,942
2014-05-05T19:36:03Z,Sochaux 2-0 Nice : inside,3339
2014-03-14T10:30:44Z,SkillsNomination : Puel taquine Bauthéac,2243
2014-01-15T11:33:04Z,Parfait Mandanda,11055
2014-04-18T14:00:08Z,Stage de Pâques : Rencontre avec les pros,1456
2014-04-25T16:38:42Z,Message aux supporters : Sébastien Dewaest,2383
2014-05-10T23:22:54Z,Joris Kayembe - S.C. Olhanense (Liga Zon Sagres 04.05.2014),2167
2014-04-26T12:24:01Z,Message aux supporters : Parfait Mandanda,2053
2013-08-14T14:09:05Z,Evans Kondogbia &amp; Parfait Mandanda avant Belgique - France,2801
2013-08-09T13:11:06Z,Felice Mazzu Avant Mons - Rcsc,668
2014-05-03T12:35:38Z,Felice Mazzu avant Courtrai - RCSC,864
2014-03-14T17:38:48Z,Felice Mazzu avant Malines - Rcsc,1006
2014-02-23T19:06:42Z,Les Casseurs Floqueurs,1946
2014-04-18T12:07:41Z,Felice Mazzu avant RCSC - Cs Bruges,1108
