publish_date,title,view_count
2013-12-22T23:23:23Z,Goal Rio MAVUBA (44&#39;) - Paris Saint-Germain-LOSC Lille (2-2) - 22/12/13 (PSG-LOSC),15880
2014-06-10T14:39:55Z,1er But de Daouda Kamilou face à l&#39;ASEC Mimosas,1294
2014-04-20T22:00:02Z,Goal Moustapha DIALLO (29&#39;) - Girondins de Bordeaux-EA Guingamp (5-1) - 20/04/14 - (FCGB-EAG),153
2013-11-02T23:39:32Z,Conférence de presse AJ Auxerre - Tours FC (4-0) - 2013/2014,748
2013-09-01T17:29:10Z,Sissoko Arriving Before Newcastle 1 0 Fulham Premier League,79
2014-04-29T09:46:02Z,FK Ekranas defender Edvinas Girdvainis 2013,1930
2014-06-06T08:18:51Z,[okabol.com] GERCAM: le banc du cameroun,1061
