publish_date,title,view_count
2014-01-30T22:08:23Z,David Pollet - Welcome To RSC Anderlecht!,5956
2014-06-29T18:17:25Z,David Pollet,366
2013-08-10T22:28:54Z,Mons - Charleroi (Egalisation de David Pollet 1-1),1635
2013-08-20T14:10:22Z,Frank Acheampong - 2 Runs (RSCA),51365
2014-03-27T19:45:01Z,Massimo Bruno ► Young Dynamite 2012-2014,13955
2014-03-17T20:39:54Z,RSC Anderlecht - KV Oostende 4-0,3177
2014-02-01T00:23:14Z,lierse vs anderlecht 2-0 (jupiler pro league)2014,4102
2014-01-31T22:43:01Z,Reactions after the game against Lierse SK,5531
2014-05-24T12:13:45Z,RSCA-Lokeren: 2013-2014: Before the game,161
2014-02-03T10:12:30Z,RSCAtv teaser 03/02/2014 (NL),835
2014-03-16T20:54:31Z,Reactions after RSCA - KV Oostende,4100
2014-02-25T16:15:21Z,U21 : Standard de Liège-RSC Anderlecht 0-0,1500
2014-02-03T10:15:03Z,RSCAtv teaser 03/02/2014 (FR),1392
2013-09-01T22:59:48Z,Charleroi - Genk 1-1,621
2014-02-10T13:41:20Z,RSCAtv teaser 10/02/2014 (NL),1071
2013-11-11T08:45:08Z,Ivan Santini&#39;s GOALS,12668
2014-01-27T10:29:13Z,RSCAtv teaser 27/01/2014 (NL),1608
2014-06-26T12:22:43Z,Training @ Neerpede,3701
2014-04-19T12:55:55Z,Damien Marcq Skillsnomination,3546
2014-01-23T18:27:48Z,Best goalkeeper of Belgium Silvio Proto after his election.,2504
2014-01-18T09:55:18Z,Thorgan Hazard - Zulte-Waregem,128211
2013-11-26T19:48:24Z,RSC ANDERLECHT CHAMPION 1992-1993  *DEGRYSE*NILIS*VERSAVEL* ...,19458
2014-02-17T15:32:52Z,RSCAtv teaser 17/02/2014 (FR),847
2014-02-08T21:33:54Z,Reactions after the game against KV Kortrijk.,3804
2013-08-04T12:03:58Z,Goal Danijel Milicevic RCSC - W.Beveren,3401
2014-02-26T13:20:47Z,Anthony Vanden Borre supports youth in Brussels,5740
2014-02-10T13:39:49Z,RSCAtv teaser 10/02/2014 (FR),794
2013-10-29T13:34:06Z,Anderlecht maakt het plezant op open training /Anderlecht s&#39;amuse au jour de l&#39;entraînement ouverte,1445
2013-08-27T20:14:56Z,Anderlecht - Charleroi ( Goal de Charleroi...) 2-5,386
2014-07-12T13:31:37Z,Stage Saalfelden : RSCA&#39;s summer quiz 2014,2173
2013-11-19T09:47:27Z,2013.11.18. Valērijs Šabala gūst vārtus pret &quot;Yeovil Town F.C.&quot;,4528
2013-10-14T14:53:49Z,Supporters AA Gent,740
2014-02-16T20:48:17Z,Reactions after the 2-0 win against Mons.,4535
2013-08-11T09:39:29Z,Montée des joueurs (Mons 1-2 Charleroi),170
2014-02-27T14:16:13Z,Vanden Borre about his selection for the Belgian Red Devils,12200
2013-08-11T10:16:24Z,Sporting !! (Mons 1-2 Charleroi),226
2013-08-10T22:49:04Z,Mons - Charleroi (Mandanda Arrete le penalty !!!!),1552
2013-08-11T10:32:55Z,Les joueurs saluent leur public (Mons 1-2 Charleroi),168
2014-01-19T17:15:08Z,Reactions after KV Mechelen - RSCA,3382
2014-06-06T15:54:51Z,Kick-Off Neerpede @ Kinepolis,1634
2013-12-17T18:32:55Z,"AA Gent-RSC Anderlecht 15 December 2013, 1-1, Penalty scored by Massimo Bruno",452
2014-03-31T10:00:02Z,STANDARD-ANDERLECHT 1-0 (30/03/2014),1451
2014-02-14T10:10:32Z,Interview with Michael Heylen.,5200
2014-01-17T10:58:54Z,Interview with Andy Najar. (NL),11211
2013-11-28T10:53:11Z,Jonah: montée au jeux RSCA-BENFICA,211
2013-08-11T10:03:37Z,Mons 1-2 Charleroi ambiance après le but,210
2014-04-09T19:24:21Z,Aleksandar Mitrovic - Future Best Striker,26130
2014-03-10T18:05:06Z,Besnik Hasi new headcoach RSC Anderlecht,9729
2013-12-05T11:01:14Z,De penaltymisser van Aleksandar Mitrovic,1066
2014-02-09T17:39:20Z,KSC Lokeren - Charleroi (08/02/14&#39;): &#39;Overal waar we komen...&#39;!,983
