published-time,comment,likes
2014-02-01T19:05:13Z,"Encore un joueur qu'on aurait du garder ! Malgré ce qu'on a pu dire de lui à Lens, c'est un très bon attaquant !",5
2014-06-22T11:33:48Z,"That pace tho.
this guy will be something big",7
2014-04-19T17:05:31Z,he's got moves like messi ,3
2013-12-07T04:07:42Z,จะวิ่งไวไปไหน,0
2013-11-21T15:43:49Z,supermely goal from the thai imported player :),0
2013-10-27T20:55:16Z,Really nice runs and goals aswell!,0
2013-10-14T02:55:20Z,บักปงของอ้าย,0
2013-09-12T14:50:16Z,futhead <3 :D,0
2014-07-06T06:39:09Z,"Im only watching this because he fomes to red bull salzburg 

WILKOMMEN",0
2014-06-14T21:47:30Z,Welcome to red bull salzburg,5
2014-01-31T23:06:08Z,"Niemand durft de fout bij de coach te leggen. Ze zijn allemaal bang iets verkeerds te zeggen en op het matje geroepen te worden. Hoe kun je zo een vrij spelende ploeg creëren? Die coach zit de hele wedstrijd met zijn tong te draaien. Maar voetbalverstand in zijn kop heeft hij niet. Geen tactisch inzicht, geen lef, geen visie, geen rust. De hele ploeg moet zich tegen hem keren, en het zal rap beter gaan. De situatie vraagt erom, al ettelijke maanden. Nieuwe coach? Aad De Mos of Hugo Broos bijvoorbeeld.",1
2013-12-18T07:54:19Z,Come On Rclens ! ,0
2013-12-17T17:58:16Z,R.C LENS ;),0
2013-12-16T18:43:44Z,Come to FC Groningen!,0
2013-11-27T15:11:09Z,come in U.C. Sampdoria ! :),1
2013-11-11T14:32:19Z,"So amazing !!!! :-) <3 <3 One goal greater than the other !!! I just love them all :) :) :) Soon Ivan the incredible Santini will score for Croatia too :) :) Hajdeeee, bravoooooooooooooo :))) Great, greater, Ivan Santini ;-) It is just the beginning of course :) :) :) ",1
2013-11-11T13:27:06Z,"Ivane, ti si ponos svog grada!",2
2013-11-11T13:26:22Z,"trpaj Sante,samo trpaj :))",2
2014-07-10T00:21:54Z,Ele é do Mönchengladbach  !,0
2014-07-03T16:42:20Z,welcome to Borussia Mönchengladbach <3,3
2014-06-05T20:37:15Z,WELCOME TO HAMBURG <3,0
2014-05-30T09:08:13Z,"To farkers who are saying,"" Welcome to Vermin/Bindippers/Hubcap stealers "" ..well you can have your Nando back and maybe we'll throw in Marko marin to sweeten the deal ...you're not having Thorgan you murdering thieving pissflaps!.",0
2014-05-22T17:52:13Z,OMG come to Atletico Madrid fuck premier league,0
2014-05-20T11:40:33Z,Januzaj wanna be ,0
2014-05-19T09:49:17Z,Welcome to Earth,0
2014-05-18T19:11:48Z,Worst player ever liverpool will regret buying this pile of rubish 😕,0
2014-05-17T18:23:15Z,Song?,0
2014-05-17T07:51:35Z,Richie-rich I don't see the need to be aggressive on YouTube it just makes you look silly. All I'm saying is he is ambitious and unlike Moses actually possesses some talent so why not ,0
2014-05-17T07:42:03Z,Welcome to Liverpool,0
2014-05-16T21:49:31Z,"cmon down to liverpool kid, we will give you a better chance at starting games than chelsea would",1
2014-05-16T13:07:15Z,Two Hazards in One team!!!! Yes! Diego Costa up front! Yes!,0
2014-05-16T11:16:44Z,welcome to Liverpool!,11
2014-04-24T16:06:00Z,Come to Porto xD,0
2014-04-23T11:17:17Z,plays like his brother:),1
2014-04-18T11:28:07Z,BvB<,0
2014-04-10T20:43:55Z,Nice vid man ;),0
2014-04-09T07:23:37Z,His coming bk next season for Chelsea ,1
2014-04-06T00:38:39Z,The power of the Gens!,0
2014-03-07T22:04:27Z,"He needs to bulk up a bit
In order to play in epl",0
2014-03-02T07:37:47Z,Can't wait to see Brother Hazard to play together at CFC! KTBFFH!,13
2014-02-11T10:51:21Z,Needs go go on loan to epl club,1
2014-02-08T22:24:43Z,"I think he wont go to anderlecht, because Eden and mourinho want to See him at Chelsea",0
2014-02-04T16:43:03Z,he should come back,0
2014-02-02T19:58:34Z,What position does he plays? #10? or Lampard position?,0
2014-01-23T16:59:21Z,steekt u paars-wit geld maar weer in u gat ;),1
2014-01-23T15:53:32Z,"yeah ""welcome to anderlecht""",2
2014-01-23T15:51:41Z,ge zult moeten wachten tot in de play-offs om en nog eens in anderlecht te zien spelen!,1
2014-01-20T19:10:23Z,Thorgan hazard :),4
2014-02-09T17:46:52Z,"Prachtig resultaat voor mijn ploeg(Standard De Liège)
Bedankt kvk",0
2014-02-09T10:47:49Z,i <3 RSCA,0
2014-02-16T21:03:40Z,Eerst,0
2014-02-28T13:35:24Z,en terecht !!  dikke speler ,1
2014-01-20T10:07:30Z,Goof mentalilty ... Sorry Sacha!,0
2014-01-19T18:09:21Z,"herpakken tegen brugge!!!
c'mon sporting!!!",0
2014-02-14T15:59:21Z,Heylen in de basis bij rsca colgend seizoen als kouyate weg gaat..,0
2014-01-17T16:00:02Z,Great player :) #weareanderlecht,3
2014-05-05T16:05:53Z,maestro,1
2014-04-11T12:34:14Z,de Beste spits van RSCA,2
2014-03-29T10:41:37Z,Zij dochter is in mijn klas zij heet lea hasi,0
2014-03-12T13:32:31Z,Heb liever Enzo Scifo als nieuwe trainer,0
2014-03-10T18:17:36Z,"Toon maar eens wat je waard bent , ik had de indruk dat je niet veel te zeggen had als assistent",1
