published-time,comment,likes
2014-02-24T06:59:34Z,Fier d'etre 242,0
2014-07-18T17:07:10Z,yall need to relax! he apologized after! ,0
2014-07-09T13:33:26Z,"En la versión completa del vídeo se va que le va a dar la mano, le entrega la remera y se va todo contento el camarógrafo.",0
2014-07-05T15:02:31Z,He apologizes after and gave his jersey to the cameraman. :3,0
2014-07-05T01:02:19Z,Es un pelotudo de primera.,0
2014-07-01T22:49:36Z,no coments... ._.u,0
2014-06-27T07:55:33Z,mierda es bastante pelotudo pero le doy igual,3
2014-06-27T00:54:15Z,un sinverguenza como toda la gente que lo esta festejando en estos comentarios. gracias,0
2014-06-26T22:27:12Z,Sos un GENIO Lavezzi...te amamos..!!!!  Love u,5
2014-06-26T21:51:08Z,,0
2014-06-26T21:50:56Z,Es un chiste nomas!! Tampoco sean tan drásticos! ! Ahora son todos buenos! ! Jajaja,1
2014-06-26T21:50:55Z,Es un chiste nomas!! Tampoco sean tan drásticos! ! Ahora son todos buenos! ! Jajaja,0
2014-06-26T19:42:35Z,he y el chiste? pobre tipo,3
2014-06-26T18:52:42Z,Es un hijo de puta jajajajajjaja xD Muy bueno xD!,5
2014-06-26T15:41:45Z,camera fhd pro + steady = much dollars!!!!,3
2014-06-26T15:40:26Z,"I think he meant it for one of his team mates, and didn't realize the cameraman wouldn't see him. Around 0:22 you can see he's first jumped over by one of his teammates.",1
2014-06-25T22:24:40Z,que mala gente eso no se hace el tipo esta laburando jajajajajaj,1
2014-06-25T20:16:04Z,Then he apologizes for the joke!!... very funny :)  ..don't be dramatic,10
2014-06-25T17:42:39Z,Lol lavezzi is a goof,0
2014-01-13T11:03:32Z,stupid fucking idiot... probably doesnt know how dangerous it is.. could have broke his neck or back,12
2013-11-07T10:33:35Z,http://www.youtube.com/user/wasuser1,0
2013-10-22T21:36:34Z,Hahahahahahah he should have helped him up tho,0
2013-10-19T21:14:30Z,"yes he seems to be very poor pfff. bitches can't take jokes
",0
2013-10-19T18:28:22Z,"Stfu its fucking banter. Why do you think he is called the ""El loco"".",0
2013-10-18T15:15:00Z,"If you don't want people to object to and question your statements then you should be more careful about what you say and how you say it, and you should avoid contradicting yourself. You haven't been arguing: you haven't been coherent and rational enough for that. You have contradicted yourself, changed your position, denied it, blamed someone else, etc. It's not about being literal or figurative. You've just been nonsensical and now you're running away because you got caught out talking drivel.",0
2013-10-15T21:05:21Z,"You did NOT just say ""that he could afford to pay for a broken camera, nothing else"". You also said he could afford to fix chronic pain.

When I said that it was reckless, you called it a ""little harmless stunt"", called me ""depressive"" and told me I needed a sense of humour. That amounts to defending Lavezzi from criticism for his stupidity.

If you're not defending him, do you now agree that it was a rude and irresponsible thing for him to do, or do you still say that what he did was okay?",0
2013-10-15T16:17:21Z,"It seems your comment was removed, but it was a change from your earlier certainty. It considered the possible consequences, which is exactly what Lavezzi didn't do.

Lavezzi childishly risked someone's health, and it's why I think it was wrong of him to do it. It's the sort of thing that thoughtless 14-year-old schoolboys do, and you are not a 14-year-old schoolboy, which I why I think you wouldn't have done what he did and why I find it strange that you ended up defending him.",0
2013-10-14T13:02:44Z,The camera costs around 75k Dollar!!,2
2013-10-13T21:59:45Z,"Fucking Slice his Throat, Overpaid Prick",0
2013-10-13T20:33:57Z,Trying to impress Zlatan. Stupid joke - probably regretted it. I like Lavezzi. ,0
2013-10-13T10:34:58Z,"I asked whether Lazezzi could afford to solve chronic pain. You replied, ""I'm pretty sure he could do that as well, yes"". So you asserted that money would solve chronic pain.

I disagreed, and you replied, ""Of course money isn't the whole thing."" In other words, you asserted that money wouldn't solve chronic pain.

Those are two different assertions on your part, so you appear to have changed your position yet you insist you haven't.

So which is it: is money a solution to chronic pain or not?",0
2013-10-12T20:49:32Z,Twat,0
2013-10-12T12:26:48Z,"If you understood that money isn't the whole answer then you shouldn't have suggested - as you did - that paying hospital bills was the answer to a concern about chronic pain. I'm glad that you've changed your position on that point.

Laughter's important, but so is respect and consideration for other people. I don't think that Lavezzi has the right to risk someone else's health for his own amusement. You appear to think that he does have that right. Are you arguing that he does have that right?",0
2013-10-11T21:02:36Z,G la peine pour le caméramane :'(,0
2013-10-11T21:01:27Z,Sérieux**,0
2013-10-11T21:00:26Z,Sa ce fait pas serueux il me deçoit ce type,2
2013-10-11T11:47:18Z,Que falta de respeto eso puede afectar la camara o causar un accidente : S,0
2013-10-11T11:15:45Z,"As I said, money is not the whole answer. Paying for hospital bills and lost income can't undo chronic pain.

This was not ""a little harmless stunt"". It was thoughtless and irresponsible. There's a big difference between childlike and childish. Being childlike is all very well, but being selfishly puerile is not a good thing in a 28-year-old man who really should know better.

There's no need for attempts at schoolyard insults.",0
2013-10-11T08:30:16Z,disrespectful,0
2013-10-11T04:07:56Z,"$45,000 camera, Lens, and wireless transmitter.",0
2013-10-10T15:08:18Z,"Can he afford to fix the cameraman's health if the guy gets an injury that leaves him with chronic pain and unable to work? Money isn't the whole answer. However much camera equipment he can buy, it won't undo the fact that Lavezzi is incredibly rude and irresponsible to pull a childish stunt like that.",0
2013-10-09T01:36:13Z,"are you the cammer man?, men you really have to do something, there has to be respect from all parts, ligue 1 has to do something about it...",0
2013-10-09T00:47:15Z,"fuck modern $occer
",0
2013-10-08T10:37:22Z,So fuking.......not funny,0
2013-10-07T22:07:36Z,"not funny
",0
2013-10-07T21:36:34Z,Then walks away like an accident jajaja,0
2013-10-07T20:24:40Z,"hahaha, poor him!
",0
2013-10-07T19:45:44Z,true.,0
2013-10-07T19:39:35Z,At love for jesus led me to islam.,0
2013-10-07T18:53:05Z,"Rich boy laughing at a man who's doing his job.

DISGUSTING

NOT FUNNY AT ALL",2
2013-10-07T15:07:55Z,STFU it was a joke im sure he bought him a new better one,0
2013-10-07T13:19:54Z,:D nice one,0
2013-10-07T10:16:46Z,twat,0
2013-10-07T08:52:07Z,it's not like he's poor,0
2013-10-07T07:00:36Z,κασιδιαρης νο2,0
2013-10-07T06:05:13Z,"if he had helped me after to get up, maybe it would be funny.
But now its a coward idiot joke.
Lavezzi happyness against cameraman's tiny daily income. ",0
2013-10-07T05:40:29Z,Dickhead,0
2013-10-07T05:19:06Z,Not sure but i think Lavezzi might afford that..,0
2013-10-07T04:31:14Z,loooooooooool funny man,0
2013-10-07T03:56:30Z,"ho ass shit...not funny 
",0
2013-10-07T02:34:47Z,"Camera equipment could cost thousands of dollars. If it is rented, it would come out of his pocket if anything broke.",0
2013-10-07T01:40:01Z,Camera Man looks mad,0
2013-10-07T01:13:48Z,Crazy man,0
2013-10-07T00:27:23Z,LOOOOOOOOOOOL,0
2013-10-07T00:26:18Z,LMAO,1
2014-02-02T10:15:00Z,"0:46 On entend Olivier Tallaron le commentateur sur la pelouse de CANAL+ et          il dit : "" Qui arrive, tranquillement..."".",0
2013-12-29T18:15:06Z,Bien le second caméraman qui essaye de gratter le maillot ?,13
2013-11-25T19:42:16Z,HAHAHAAHAHA à 0:38 le mec essaye de prendre son maillot xD,4
2013-10-24T07:32:25Z,Ou Paris allez les verts Paris Paris enculez,0
2013-10-23T08:49:35Z,Ces buts sont magnifiques!!,1
2013-10-22T17:59:15Z,tu t'es un peu trompé de vidéo toi ^^,0
2013-10-21T09:47:25Z,y'a aussi Marquihnos qui offre son maillot a un supporter handicapé ,0
2013-10-21T00:03:02Z,Il a la joie de vivre comme tous les footballeurs sud américains et la grinta aussi on trouve ça que chez eux,0
2013-10-20T22:51:25Z,Bel esprit mais sa rattrappe pas tout,0
2013-10-20T22:41:44Z,Bon Pr l'image,0
2013-10-20T22:18:05Z,Enormr ce mec!:0,0
2013-10-20T22:17:22Z,un bon joueur  qui ne ce prends pas la tete comme certain !,1
2014-05-31T16:37:37Z,la olum ergen misin ?,0
2014-05-07T22:03:30Z,"Sa fait de la peine même pas il s'excuse, l'aide a se relever ... Le mec y se scroit au dessus ? Le cameraman est une sous merde c'est sa ?",6
2014-03-03T08:39:43Z,"y'a des TONNNNNNESSSS de choses dans le championnat francais qui devraient vous enerver , mais nan , vous c'est la petite blague de lavezzi ... allez les enfants , je vous laisses le PC mais attention pas de gulli apres 23:00 t'facon je regarderai l'historique .. pas confiance",2
2014-03-03T08:37:33Z,"j'aime les gens qui donnent leurs avis PETER ''''100.000 euros la camera""""""

au debvut on en etait a 10.000 ////  dans 6 mois la camera couteras 1.000.000


hey les gens !!! ARREZTEZ DE BEUGLER dans le vide et de donner des chiffres et pire meme .. VOS AVIS lol car on s'en bas les c******",0
2014-03-03T08:36:02Z,"ouahhhh putainnn qu'est ce que c'est graaaaaaaaaaaaaave 


JCOMPREND QUE VOUS VOUS REBELLIEZ 

on sent que vous avez de vrais principes et de vraies revendications mdrrr",0
2014-01-08T11:34:09Z,Oeeeeeee,0
2014-01-08T11:33:48Z,Tg,0
2013-12-17T21:53:31Z,MegaCliner no te preocupes despues queda todo bien el pocho en la proxima fecha lo saluda y le regala una camiseta,0
2013-11-23T17:46:20Z,Pas sur que le cameraman est apprécié...,2
2013-11-02T17:51:44Z,Faut pas oublier que au match suivant il a offert son maillot puis le caméraman etait mort de rire après :b,1
2013-11-01T01:36:56Z,a un autre match il a même offert son maillot au cameraman je trouve se geste magnifique et pourtant je suis un supporter de Marseille ,0
2013-10-30T21:19:31Z,"C'est mal me connaitre alors, parce que n'importe qui fait ça pour moi ça reste un trou du cul. Enfin bon, j'ai jamais vu Lavezzi faire trop de mauvais gestes sur un terrain donc bon, on fait tous des conneries mais faire ça à 28 ans cest vraiment être un teubé",4
2013-10-29T15:05:18Z,"Le coup du tracteur au Vel', la pommade chauffante dans les slips de Valbuena, lui planquer sa bagnole et lui découper les chausettes! Putain, RIbéry il fait penser à Cartman des fois :')",0
2013-10-29T15:04:15Z,"Mais même si il l'a pas cassé, c'est la blague en elle même qu'est conne! Lavezzi il a 28 ans, il fout des balayettes, bah oui c'est un bouffon parce que s'il lui nique le truc lui il s'en fout, pas le cameraman.
",2
2013-10-29T10:18:35Z,"Génial, il lui nique son matos et il lui donne un maillot! (y) t'as tout compris toi. Ensuite j'insulte qui je veux, si t'es pas content bah c'est la même! J'dis juste que sa blague elle est super conne, pas drole et que ça montre bien à quel point les footeux vivent pas dans le meme monde que nous. A bon entendeur, j'essaierai même pas de te clasher, kiss",1
2013-10-28T07:34:44Z,"Un biscuit ?
",0
2013-10-27T18:51:13Z,Je ne vais pas rapprocher la blague de Lavezzi avec le fairplay du club. Jamais de la vie !,2
2013-10-26T22:23:43Z,c'est la que j'ai envie de dire PARIS ! PARIS ! on t'....cule !!,0
2013-10-26T21:41:02Z,Il a  rien dit de raciste débile ,0
2013-10-25T14:03:20Z,"après les parigos s'étonnent que pas grand monde les aimes, sont vraiment tous con",1
2013-10-24T20:24:29Z,"Jajajaja! Crackk
",0
2013-10-24T13:27:22Z,"quelle ignorance un steadicam pése incroyablement lourd (+- 50KG selon la cam ) une chute peut entrainer de grave blessures...sans parler du matos certe pour ces c-- de footbaleur 100 000euros c meme pas un mois de salaire mais bon ... Ce n'est pas glorieux tout ça et forcement le cameraman ne regarde pas devant lui il a bien d'autre chose a faire son cadre ca mise au point.
Bref a force de faire des tetes les neurones en prennent un coup deja qu'a la base ... ",1
2013-10-24T03:41:28Z,ese Lavezzi es un imbècil y ninguno de los jugadores ayudò al tipo a incorporarse,1
2013-10-20T22:49:07Z,80 000 $ fuck lavizzi,1
2013-10-20T19:55:49Z,Pti com,0
2013-10-20T13:54:35Z,Bouffon de parisien!,0
2013-10-20T09:43:02Z,LAVEZZI > om,0
2013-10-20T09:42:42Z,401 Marseiilais aiment pas la videos,0
2013-10-19T21:48:58Z,"Lavezzi, ce gros bouffon..",0
2013-10-19T21:11:27Z,Quelle mentalité de merde.,0
2013-10-18T15:22:17Z,"Une petite blague ? Je trouve pas ça drôle .____. 
Lavezzi fait tomber quelqu'un et lui rit au nez, hahahaa marrant !! C'est honteux de sa part.",0
2013-10-16T14:06:36Z,Il aurait mérité un gros pain dans la gueule  ce con!!,0
2013-10-16T11:21:00Z,La risa jajajajaja,0
2013-10-15T10:59:17Z,"bah moi j'suis marseillais et ça n'empeche que j'suis mort de rire.
si ribéry avait fait la même (et il a fait pire hein les gars ^^) le discours serait différent ;)",0
2013-10-14T15:07:28Z,Je ne sais pas qui fais le plus pitié lavezzi avec sa blague puéril ou le caméraman qui tombe par terre par ce qu'il regarde pas oú il met les pieds,0
2013-10-14T09:37:59Z,Puéril !,0
2013-10-13T21:07:45Z,T'as vie ça doit trop etre de la merde.,0
2013-10-13T20:41:50Z,Mon gars je rage pas parce que a la fin vous serez derrière alors ^^ Et Valbuena ? On s'en fout on parle de Lavezzi --' ,0
2013-10-13T16:18:43Z,rude. thats a $20000 camera right there. ,0
2013-10-13T08:48:09Z,"Je suis bien d'accord avec la majorité des commentaires, c'est ridicule, ça n'a pas d'intérêt, ça peut casser le matériel, c'est pathétique, bref, c'est digne d'un gamin de 4 ans. ",0
2013-10-13T00:40:40Z,Non c'est drôle.,0
2013-10-12T23:48:43Z,QI DE MOLLUSQUE !!,0
2013-10-12T22:14:53Z,"Si j'avais été à la place du caméraman ca ne m'aurait pas fait rire, je ne vois pas l'interet, surtout qu'il risque de casser la caméra et au prix que ca coute... Aucun respect quoi, c'est honteux.",0
2013-10-12T17:06:52Z,Ferme ta geule jalouse,0
2013-10-12T16:54:50Z,Tous des con les parisien,0
2013-10-12T14:51:26Z,lol,0
2013-10-12T14:24:03Z,"Assholes, nothing more, nothing less. Just a bunch of overpaid assholes.",0
2013-10-12T14:21:38Z,"Ridicule... Ou comment risquer de blesser quelqu'un, ou de bousiller du matériel...",0
2013-10-12T11:35:42Z,ouai...sauf qu'il est argentin...abruti(y'a que les parisiens et gnagnana)!!!,0
2013-10-12T10:51:38Z,"bien joué Lavezzi
",0
2013-10-12T09:40:41Z,Hej,0
2013-10-12T08:51:47Z,y'a que des parisien qui peuvent faire des choses comme sa aucun respect ,0
2013-10-12T08:31:43Z,Pas mieux a faire ce con,0
2013-10-12T05:47:50Z,Allez l.ommmmmmmm,0
2013-10-12T01:04:35Z,"beaucoup de marseillais ici, il serait temps de vous enlever le manche a balais, c'est juste une blague",0
2013-10-11T21:57:25Z,Honteux..,0
2013-10-11T21:36:09Z,sale mentalité quand même !,0
2013-10-11T20:06:29Z,"Que Hptas tan pasados!
",0
2013-10-11T18:27:32Z,Mdrr sava ! c'est pas un drame non plus faut pas abuser le cameraman n'a pas du mal le prendre ,0
2013-10-11T18:02:43Z,Quelle mentalité sérieux !,0
2013-10-11T16:57:49Z,"Totalement raison les amis ! Nous avons la le scandale du siècle ! La plus grosse affaire depuis le coup d'épaule de Leonardo ! Il faut le suspendre au moins 8 mois ce Lavezzi ! Et puisque ses coéquipiers ont ri, on doit suspendre tout le PSG aussi !! Peut-être qu'avec ça Paris ne finira pas champion cette année...",0
2013-10-11T16:10:58Z,"le plus honteux c'est qu'il ne prend pas la peine de relever cet homme
",0
2013-10-11T16:06:06Z,"Le problème c'est pas le gazon, c'est le poids du steadicam qui lui tombe dessus ! On voit bien que beaucoup ne savent pas le poids que ça pèse !",0
2013-10-11T16:02:34Z,"Non mais le soucis principal que j'évoquais dans mon commentaire n'était pas le coût de la camera, mais surtout le fait que l'opérateur aurait pu se faire très mal ! Tombe en te prenant le poids du tandem Camera/Steadi, j'peux te dire que tu ferras attention à comment tu t'y prends la fois suivante !",0
2013-10-11T15:24:56Z,quel publique pourris! si les parisiens auraient fait ca a nice a un pauvre cameraman il y aurais eut jet de petards et de fumigenes sur eux!,0
2013-10-11T15:16:35Z,lol,0
2013-10-11T14:03:54Z,"On devrait faire pareil pendant un match, à ce joueur",0
2013-10-11T12:10:53Z,They get the news every single day and every single week-end for not losing a single game since March.,0
2013-10-11T12:07:45Z,"Y'a un moment faut arrêter de pleurer. Si elle avait été cassée, les chaines ont des assurances, c'est pas une chaine indépendante ou un cameraman seul. Et dans le cas même ou ils auraient demandé à Lavezzi de payer, il aurait cédé les 50,000 ou autre que cette camera coûte car il aura gagné ça en 3 jours. ",0
2013-10-11T12:01:46Z,"vous partez tres loin, je vois que ca calcule combien coute la caméra etc... Mais on réfléchis pas toujours avant de faire une blague exemple retirer la chaise avant que quelqu'un s'assoit c'est gratuit mais ca peut avoir de plus grave conséquence 
",0
2013-10-11T11:27:16Z,"Il l'aide même pas à se relever, sympa..",0
2013-10-11T11:18:06Z,Petit comique ! T'as fait l'école du rire non ?  :),0
2013-10-11T09:02:32Z,"Toujours le franchouillard jamais content. Je suis pour Lyon et pourtant je vais rester objectif: c'est une BLAGUE ! qu'est-ce que vous comprenez pas dans ""blague"" ? Le cameraman se serait pas blessé sur du gazon et la camera de même. Faut vraiment apprendre l'humour aux français parce que globalement vous reprochez tout et n'importe quoi ...",0
2013-10-11T08:46:52Z,"Si Lavezzi aurait cassé sa caméra , crois moi il aurait assé d'argent pour lui en repayer autant qu'il veut , il voulait faire une blague ce n'était pas méchant . ",0
2013-10-11T08:31:51Z,bravo voila le vrai niveau intellectuelle du joueur de foot!,0
2013-10-11T07:41:30Z,et alors ? ,0
2013-10-10T22:05:59Z,"Ouooh ouooh ! Déjà de une je savais pas que Ribery l'a fais, et j'en ai rien a foutre car c'est pas Ribery mais Lavezzi, après que ce soit Ribery, Lavezzi, Messi, C. Ronaldo, Kompany, n'importe qui, je trouve ça débile de faire ça à un caméraman, après je sais pas pourquoi il as fais ça, mais quand même c'est complétement cons de faire ça, et merci de pas me dire ""tg"" ;)",0
2013-10-10T22:02:18Z,"ça explique pas pourquoi il as fais ça, après c'est clair qu'utiliser un laser pendant qu'un joueur tire un penalty...c'est immature et lâche, ok je veux bien qu'on supporte son club et qu'on croise les doigts pour pas qu'il marque, mais là c'est dangereux pour le joueur, et surtout, c'est pas FAIR-PLAY, donc je sais que tous les joueurs sont pas fair play mais quand même c'est honteux",0
2013-10-10T21:59:30Z,Il aurai surtout pu l'aider à se relever au lieu de se moquer de lui...,0
2013-10-10T21:34:22Z,Moi ça m'a fait rire :),0
2013-10-10T20:17:52Z,Ptdrrrrrrrr,0
2013-10-10T19:32:45Z,bien joué lavezzi ,0
2013-10-10T19:32:04Z,"on parle d'un adulte là, pas d'un gamin de 10 ans insouciant qui ne contrôlerait pas ces émotions ! n'importe quel adulte sait que renverser ce cameraman qui se fait chier à filmer ces petites starlettes, c'est évidement une honte et c'est évidement irrespectueux !

ce qu'à fait lavezzi c'est comme faire un croche pied à un serveur qui repart après t'avoir servi une bierre à ta table, ça fait rire les gens comme toi, c'est suffisament affligeant !",0
2013-10-10T19:01:37Z,"Effectivement , pour toi c'est pas grand chose apparament .",0
2013-10-10T18:41:24Z,trop payé.. ,0
2013-10-10T18:30:06Z,"ta maman te parle plus ? obligé de venir pleurer sur internet pour avoir un sembant d'ecoute, bouhhhhh je suis un con de francais de base hypocrite et jaloux dés que je vois un riche je suis obligé de pleurer bouuuuhhhh pourquoi suis je une merde sans argent ? bouuuhhhhh c'est vraiment trop injuste",0
2013-10-10T18:25:40Z,porte plainte ,0
2013-10-10T18:21:05Z,"equipe de merdeux trop payé
",0
2013-10-10T18:15:30Z,Comme ta répartie.,0
2013-10-10T17:13:35Z,"Ferme ta gueule Parigos de merde !
T'appel ça de l'humour, un cameraman qui ne demande rien à personne ?!",0
2013-10-10T17:11:46Z,Kikoulol,0
2013-10-10T16:51:52Z,"Mais sa se fait pas, même pas un Désoler, Mtn, il y a que des merdes dans cette génération, et même si j'en faut partis je l'assume! Bouffon de 10million, et respect dans le Cul",0
2013-10-10T16:19:27Z,honteux ,0
2013-10-10T16:06:28Z,"ta rien piger ses de humour boufon alor t'enflamme pas !!!
",0
2013-10-10T14:39:07Z,Il est où le respect là,0
2013-10-10T13:13:31Z,what an asshole.,0
2013-10-10T12:45:51Z,paris on eu de la chatte !!,0
2013-10-10T12:04:29Z,"Je suis bien plus intelligent que ça et j'ai une personalité MOI . Sur ce , tu m'a bien fait fait rire .",0
2013-10-10T12:03:25Z,"Ptdrrrr j'ai plus rien à dire . Mon pauvre petit désolé de ne pas passer ma vie sur youtube pour lire tes coms . Et après tu oses dire que c'est moi qui ait pas de vie . Puis entre nous apprends à lire parce que je t'ai pas insulté contrairement à toi . Arrete de me répondre , je t'assure que tu t'enfonce . Quand à tout les marseillais qui crient des chants de supporters qu'on entend dans tous les stades , c'est pas de ma faute s'ils sont si cons . Désolé de ne pas m'abaisser a faire pareil . ",0
2013-10-10T11:06:11Z,"Tu perds ton temps avec ce débile mec. Laisse le dans sa connerie, sa vie doit être aussi stérile et remplaçable qu'une caméra. Il a porté ses couilles il a rayé une voiture comme un abrutit. C'est surement dieu qui nous l'envoie mdrrr ",0
2013-10-10T11:04:16Z,"ce mec est juste jaloux !!!!! hahahahahaha
",0
2013-10-10T10:55:58Z,"Che idioti! Rispettate chi lavora guadagnando una miseria rispetto a voi! >:(

Hola!",0
2013-10-10T09:05:28Z,pathetic,0
2013-10-10T05:00:35Z,Il est con ou c est moi?,0
2013-10-09T23:54:29Z,"le mec me parle de respect MDR ALORS QUE TOUT LE MATCH ON A ENTENDU

""""paris paris on t'encule"""""" pour au final perdre 1-2 a 11 vs 10 .. la honte 

si ca c'est pas irrespectueux stp .

mais vous etes focalisés sur une blague de lavezzi ... alkors que des insultes y'en a eu pendant 90 minutes 


VOUS AVEZ VACHEMENT LE SENS DES PRIORITES 

(dsl mais +1 pour moi là)",0
2013-10-09T23:39:18Z,Cry me a river... What is up with people can no one take a joke these days with out being a cry baby about it ... ,0
2013-10-09T22:35:51Z,what an asshole,0
2013-10-09T22:17:32Z,"Entre nous , personne t'oblige à commenter mon post puisque je parlais pas à toi à la base . Et t'es pas obligé de venir ici si ça te saoule tant que ça .",0
2013-10-09T22:05:11Z,"ahahaah grande pocho!!!
",0
2013-10-09T21:37:18Z,"Je suis pas sur ici que certains ici se rendent compte du poids d'un steadicam ! L'opérateur aurait pu, en plus d'avoir du matos cassé, se faire très mal. On parle pas d'une simple blague avec quelqu'un qui marche sans rien sur le dos. Quant au prix de la camera, on en a bien pour au moins 50 000 balles là + le steadicam qui lui en vaut bien au moins 10 000. La blague aurait été drôle sur quelqu'un d'autre, mais sur l'opérateur steadicam, surement pas !",0
2013-10-09T19:37:28Z,"t'es le charger du materiel ? c'est toi qui t'occupes des investissement de canal ? 

Serieu restez a vos places et arretez de brailler vous me gavez a chaque fois que je viens ici j'ai l'impression qu'il y a eu un meurtre


Sur ce je vous laisses a votre nouvelle ""affaire kennedy"" .. amusez vous les kikoos",0
2013-10-09T19:36:01Z,"nan mais arrete deux secondes mtn le mec SE PREOCCUPE DE L'ETAT DE LA CAMERA ...

vous faites pitiiiiiiiiiiiiiiiiiiiié .... qu'est ce que ca peut vous fouuuuuuuutre sans deconner arretez de piailler pour rien , vous attaquez direct les joueurs quand ils font un pet de travers mdr alors que vous .. de votre cotés y'a pas plus gamin et futile l'autre qui fait semblant de connaitre les prix des cameras etc 
.. arretez de repeter ce que vous entendez bande de chévre et achetez vous une personnalité",0
2013-10-09T19:33:32Z,"merci georgette ... si t'as d'autres clichés surtout n""'hesite pas .. les commentaires subtil , delicat et plein de bon sens comme le tien sont toujours bon a prendre .. au moins quelqu'un qui sait penser ...

ah nan , finalement nan :)",0
2013-10-09T19:31:54Z,"roh lala les mecs qui se prennent la tete pour une blague mdrrrr LE MONDE NE TOURNE PAS AUTOUR DE VOUS ET DE VOTRE HUMOUR ... c'est pas parce que ca vous fait pas rire , que ca n'est pas drole ou que c'est mechant .... a mediter 

j'ai l'impression que vous en faites une montagne POUR RIEN lol a vous lire on dirait que c'est une affaire d'etat .. OIN S'EN FOUUUUUUUUUUUUUUUUUUUUT LES MECS ... l'autre qui dit que je suis ridicule de pas trouver ca mechant ... nan mais sans déconner quoi mdrrr ",0
2013-10-09T19:15:51Z,"En même temps il est footballeur, ça vole pas haut!",0
2013-10-09T18:22:01Z,"J'ai dit 10 000 euros , pardon , je voulais dire 100 000 .",0
2013-10-09T18:18:14Z,"C'est du matériel de télé . J'éspère que t'avais remarqué que le lascar ne filmait pas avec un téléphone portable quand meme . J'ai jamais dit que la cam était cassée , mais toi t'es sur qu'elle n'a rien ??? De plus le journaliste a un certain age et n'est pas pote avec Lavezzi que je sache . T'as deja entendu parler de ce qu'est le respect ???",0
2013-10-09T18:15:15Z,What a moron,0
2013-10-09T17:22:39Z,ENOOOOOORME BLAAAAAAAAAAGUE !!,0
2013-10-09T17:07:22Z,"Ce qui ""dépend"", c'est tout simplement le soin qu'a apporté la personne désireuse de faire la blague à ce qu'elle tourne bien. En l’occurrence, pour moi, celle ci était bien trop aléatoire à bien des niveaux pour être, au final, appréciable. La même dans d'autre circonstance pourquoi pas. ",0
2013-10-09T16:58:06Z,"Aussi, les parisiens qui disent ""Arrêtez les marseillais, de critiquer tout le temps"" mais qui sont les premiers à tacler Valbuena d's qu'on parle de lui.",0
2013-10-09T16:53:03Z,"Perso je suis mi-figue, mi-raisin sur ce coup. Les deux camps ont raison. Le matériel est surement abimé, et c'est de l'irrespect mais bon faut comprendre les parisiens. Il viennent de gagner contre le meilleur palmarès de France, ils se sentent plus pisser.",0
2013-10-09T16:50:44Z,blague pas du tout marrante pour le caméraman --',0
2013-10-09T16:41:52Z,"Tout ce blahblah pour dire au final ""les gouts et les couleurs"".
La bonne blague est certes pas universelle, mais la mauvaise peut toute à fait l'être. Comme par exemple faire tomber une personne. Aurait il fallut qu'elle se casse un doigt?",0
2013-10-09T16:23:09Z,"c'est quoi ce manque de respect de ouf, j'aurais compris qu'il fasse ça a un ami mais la je comprend pas ",0
2013-10-09T16:01:44Z,Aucun respect ces parisiens !,0
2013-10-09T15:45:25Z,Vos gueule les rageux,0
2013-10-09T15:30:54Z,Gros con,0
2013-10-09T15:28:00Z,"Chui supporter parisiens, et sa me degoute, clairement..",0
2013-10-09T14:38:22Z,"on a tous fait ça gamin ? faire tomber une personne qui fait son métier et qui tiens une caméra qui vaut plus de 100000 euros et le faire tomber devant des milliers de personnes et même bien plus si on compte la tv !

tu as fais ça dans ton enfance toi ? Trouve toi un argument plus crédible et puis rapprocher le geste de lavezzi avec ce que tu faisait enfant montre bien le degré d'immaturité du geste de lavezzi, il n'a plus 6 ans !",0
2013-10-09T14:32:41Z,"inutile le mec ... 
",0
2013-10-09T13:55:34Z,"bah oui c était facil de battre Marseille ? meme sans jouer vous nous donnez la victoire, manquerez plus qu on dise que c était difficile comme match a 10 contre 12.",0
2013-10-09T13:37:24Z,"Tu sais quand je vois tes propos je me dis qu'aucune argumentation de ma part n'aurais d'utilité. De A à Z ton récit n'est qu'un ramassis de connerie d'un pauvre gosse sans éducation ( j'espère pour toi que tu es encore un gosse.. ). Mais bon, on ne donne pas son avis comme bon mais comme sien.. alors je reste tolérant. Mon commentaire précédent était seulement la preuve de mon désaccord avec toi.  ",0
2013-10-09T13:30:37Z,"Idiots...
",0
2013-10-09T12:50:08Z,"lavezzi c'est un ouf,le tueur!",1
2013-10-09T11:26:24Z,"putain! arrêtez de chialer et de vous plaindre à la moindre occasion. C'est 1 peut con comme blague, mais il n'y a pas de quoi en faire toute 1 histoire. On sent que la défaite de Marseille est resté en travers de la gorge de certain!!! ",0
2013-10-09T11:19:07Z,Mais c'était le cas !,0
2013-10-09T10:53:40Z,Il l'aide même pas à se relever. ,0
2013-10-09T10:18:18Z,mwouai bof la blague ...,0
2013-10-09T07:26:48Z,Camara seems fine though (0:47),0
2013-10-09T06:19:55Z,he wouldnt smile if i would push him down stairs . those fotball guys are so cocky ,0
2013-10-09T05:28:09Z,espece de gros con,0
2013-10-09T01:04:03Z,hope he will be banned 4 ever,0
2013-10-09T00:02:46Z,nul,0
2013-10-08T23:59:27Z,"Disrespectful behaviour
",0
2013-10-08T23:30:38Z,Tu voie vraiment la mentalités de certain et le respect du matériel,0
2013-10-08T23:17:05Z,Fucking primadonna,0
2013-10-08T23:12:11Z,Douchebag!,0
2013-10-08T22:08:05Z,J'adore le Psg mais ça sa se fait pas !! No respect,0
2013-10-08T21:58:43Z,"Ca ne me choque pas. Je le trouve con, c'est tout.",0
2013-10-08T21:21:26Z,Lavezzi is from Argentina,0
2013-10-08T20:58:46Z,"Yeah right, if we can buy it again and again lets just brake everything right? Appart from that, would you really laugh if that fucktard would make you fall with your 20 kgs of equipment? Doubt that...",0
2013-10-08T20:32:46Z,"Quel gros con, il faut savoir que le cameraman porte plus de 20 kgs avec son dos et son bassin dans le cas d'un steadycam comme ici. Et le fait que la Ligue diffuse ça pour se marre et faire du buzz montre bien que les joueurs de foot et ce qui dirigent sont des abrutis sans conscience ni morale !
C'est honteux, même pas il aide le cameraman à se relever : bel example de fair play !
",0
2013-10-08T20:26:25Z,Quel crétin. Le pauvre caméraman aurait pu vraiment se faire mal,0
2013-10-08T20:25:00Z,The camera guy doesn't seem to laugh xD,0
2013-10-08T20:12:19Z,and the cameraman say the camera isn't broke,0
2013-10-08T20:11:13Z,Mdr la camera pété! :p,0
2013-10-08T20:05:08Z,i hate you ;),0
2013-10-08T20:02:19Z,Lavezzi isn't italian fuc**** idiot !,0
2013-10-08T19:50:24Z,"Idiot. I hate soccer, I hate Italy, I hate italians. I want to expatriate.",0
2013-10-08T19:38:25Z,if something happen to cameraman maybe broke his arm or leg could anyone can pay for that too?,0
2013-10-08T19:26:11Z,"Lavezzi's thinking:

""ahahahahahahahha we just won, im so happy im gonna make the cameraman eat grass and laugh at him""

as*hole",0
2013-10-08T19:19:15Z,A lot of people thinks this is funny...I would like to see the camera man throwing his camera to lavezzi in the middle of the match while he's running with the ball...I would like to see lavezzi's smile after that...,0
2013-10-08T18:54:56Z,"Anche cambiando città e squadra, rimarrai sempre ""nu scugnizzo"" !!!!! GRANDE POCHO
",0
2013-10-08T18:52:42Z,hahaha quel gamin! :D,0
2013-10-08T18:39:45Z,"franchement vous saoulez a grossir TOUT , bien sure que EN PLEIN SPRINT ca ferait mal donc ca serait pas drole , la le mec pietinne ... serieu t'as que ca a revendiquer mdrrr la fameuse blague de lavezzi , ca vous traumatise ou quoi ? 
ca serait un lillois qui ferait ca les gens s'en fouterait MDR BAnde de relou
sans deconner y'a des choses plus choquante que ca alors arrete de BRAILLER dans le vide ... sans deconner ca devient ridicule ...
",0
2013-10-08T18:26:10Z,funny man=),0
2013-10-08T18:17:59Z,Non mais il est con ou quoi ? ,0
2013-10-08T18:14:33Z,"how exactly does this show that Lavezzi is a cower?
",0
2013-10-08T18:12:04Z,N importe quoi b,0
2013-10-08T18:08:41Z,ARGENTINA,0
2013-10-08T18:08:17Z,"Sense of humor man, cold european.
",0
2013-10-08T18:02:36Z,BRASIL,0
2013-10-08T18:00:55Z,"Il dit, que si faire tomber un mec qui est concentré sur son travail et qui est chargé est drôle, alors la petite vieille est la prochaine étape du rire.

Et entre nous je suis pas sur que Lavezzi apprécierait la même blague pendant qu'il sprint pendant pour une action de son équipe.",0
2013-10-08T18:00:16Z,yea maybe i would not appreciate it but if he didn't got hurt and he really felt bad after he did it..he did,0
2013-10-08T17:55:50Z,"il est tout à fait logique qu'un manque total de respect vis à vis de ce cameraman te fasse rire, c'est ce qu'on appelle l'absence d'éducation, tu ne peux pas te rendre compte que c'est un manque de respect puisque tu ne sais pas où se place le respect !",0
2013-10-08T17:55:43Z,"en gros il ne peut pas dire que la mauvaise blague d'une personne sur une autre n'est pas drôle, mais toi tu peux mettre tous les habitants d'un pays dans un même sac.
C'est pas disproportionné?
ps : et c'est une mauvaise blague, pas besoin d'être intelligent pour faire la différence avec une bonne blague.",0
2013-10-08T17:53:22Z,Donc déjà je ne vois de quoi vous parlé la camera n'est même pas au caméraman on lui loue de plus si ça lui aurait réellement poser un problème il aurait demander un remboursement donc arrêtez vos connerie et rigolez un bon coup,0
2013-10-08T17:33:16Z,"Déjà la caméra ne doit pas appartenir au caméraman mais à la boîte qu'il l'embauche. Et parler de 3 mois de salaire là, bien joué! Tu sais qu'un salaire va de 1000€ (environ) à plusieurs millions? 
Et si la vidéo passe sur la chaîne officielle de la L1 c'est que le mec ne l'a pas pris si mal que ça.

La France : pays de dépressif qui ne rigole pas.",0
2013-10-08T16:53:18Z,"qu'est ce que tu me parles de croche pied a une vieille dans la rue ....? 

le mec qui compare l'incomparable , pour grossir la chose et se donner un argument tangible ...

dsl j'ai pas dit que faire un croche patte a une vieille dans la rue me faisait rire ... fin je sais pas arrete de dire n'importe quoi et va t'acheter de la tchatche au lieu de raconter de la M****",0
2013-10-08T16:52:00Z,"La France du foot, tellement de rageux... La blague est bonne, bien joué :D ",0
2013-10-08T16:51:35Z,"mdrrrrr le mec va pas trop loin deja ... je suis sous eduquer parce que je trouve que c'est pas mechant comme blague ...

mouai t'as pas completement la notion des mots encore mdr !!

en tout cas moi j'ai pas trouver ca ni mechant ni rien , il lui fait meme un geste amicale apres , ca a fait rire tout le monde (sauf toi et le cameraman) meme le public a rit , fin bref ..dsl au cameraman hein faut bien qu'il y ai un dindon , c'est le principe ..

mise a part ca va t'acheter de l'humour toi cassos",0
2013-10-08T16:28:36Z,Pour info il c est excusé et a promis sont maillot au cameraman...,0
2013-10-08T16:24:32Z,une blague ? Faire tomber quelqu'un avec 3 mois de salaire d'équipement sur lui tandis que le joueur gagne ça la journée ? Quelle blague j'avoue,0
2013-10-08T16:10:11Z,"Lavezzi que carajo has hecho ? , ay las idioteces que hacen...",0
2013-10-08T15:46:42Z,"Ne suis pas un fana de foot français, mais l'affluence n'était pas le sujet clé (stade pleine à craquer quand même?). Je trouve le comportement du garçon lamentable (c'est d'ailleurs souvent le cas sur le terrain. Quel exemple...). :-/  ",0
2013-10-08T15:23:00Z,"Le mec se prend pas la tête, fait juste une blague et on lui crache à la gueule... Je préfère voir Lavezzi qui fait une blague à un caméraman que Mexès (exemple) qui met une droite à Chiellini...",0
2013-10-08T15:21:52Z,Que d'impartialité... #1-2,0
2013-10-08T15:21:13Z,Du Lavezzi tout craché j'me suis bien fendu la poire en voyant ça en direct ,0
2013-10-08T14:58:04Z,gamin,0
2013-10-08T14:26:38Z,Quel enfoiré -__-' Le mec il sourit bêtement et se casse -__-' #ALLEZOM,0
2013-10-08T13:43:21Z," #Ligue1  - Après la victoire du #ParisSG face à l'#OM, Lavezzi était d'humeur taquine !!!",23
2013-10-08T13:39:10Z,"how old is Lavezzi, ten?",0
2013-10-08T13:33:50Z,"If the camera would've broke I honestly think that he or PSG would pay him that money to get a new one, maybe a better camera. Stop being so butthurt.",0
2013-10-08T13:20:50Z,"Well obviously I'm being hyperbolic to a degree, and they aren't actually the 'worst' people of course, but let's be honest, (and I LOVE football) kicking a ball around grass is hardly something worth millions of pounds. Lavezzi could at least act with an ounce of professionalism and respect for other people. 

Doing this to a team-mate, fair enough. To a cameraman whose annual salary is less than Lavezzi's weekly salary, holding heavy equipment = stupid.",0
2013-10-08T13:18:48Z,J'ai même pas souris .... ,0
2013-10-08T12:43:19Z,"Dude. Its a troll, they can say whatever at any time. So dont get suprised by his comment. Trolls normally do that.",0
2013-10-08T12:41:08Z,"Dude, this IS funny. First of all, Lavezzi looked the guy up afterwards and said sorry to him. Second, he would have paid for the camera if it broke. LIke you say, he got the cash to do it.

And where is this injure you are talking about? If your sport normally is balett, then i understand why you get upset and thinks he gets injured by Lavezzi. If you dont have balett as your main sport (or what to call it), then you make no sense at all. Ever seen anyone get injured? Not looking like this..",0
2013-10-08T12:32:55Z,"HAHAHAHAHHAHAHA
",0
2013-10-08T12:31:08Z,"LAVEZZI YOU FUCKIN IDIOT
BURN IN HELL YOU PIECE OF SHIT",0
2013-10-08T12:24:16Z,"arrêtez de croire que vous êtes des supporters plus respectueux que ceux de paris, dans tous les stades au lieu de supporter votre équipe, vous passez votre temps à siffler l'équipe adverse ou encore à injurier le gardien à chaque fois qu'il dégage le ballon quand ce n'est pas l'arbitre que vous insultez !

le coup de ""nous on est pas comme les autres supporters""  ça c'est une histoire à raconter aux petits enfants !",0
2013-10-08T12:08:06Z,"A stupid thing to do, but dumbest scum on Earth? So you mean to say that the people that used chemical warfare to combat their own people can't measure up in stupidity to a prank on a football field?

I guess that pretending that things like this is horrible lets us forget the horrors of the world so we can sit and stuff our faces instead of trying to help those that are starving etc.",0
2013-10-08T12:04:15Z,Idiot!,0
2013-10-08T12:02:38Z,Funniest shit ever.,0
2013-10-08T12:02:33Z,"mais bon le mot RESPECT tu ne peux pas comprendre sa signification, à quand un croche pied à une petite vieille dans la rue, oh ce sera juste une blague et je suis persuadé que ça te ferait marrer ! PAUVRE MERDE DE SOUS EDUQUE ",0
2013-10-08T12:01:38Z,"moi des discours racistes sort moi un SEUL propos raciste de ma part pauvre merde, sale mytho, au contraire je m'oppose à ceux qui en tiennent ça doit être ça qui vous dérangent !

quand à ce que vous appelez une blague, elle a fait des petits footeux bourgeois qui ne respecte pas une seconde le métiers des petits qui se font chier à filmer ces messieurs stars !

 ",0
2013-10-08T11:55:33Z,"C'est bien pour ça qu'il s'en foutait des dégats qu'il pouvait faire avec cette caméra à 100000 euros, c'est presque de l'argent de poche tout ça !

que le petit cameraman ait des ennuis après ça il s'en fou, il a fait rire ses potes !",0
2013-10-08T11:32:53Z,Football is still a real job you fucking inbred -_-,0
2013-10-08T11:20:29Z,"Lavezzi, can you afford a better brain for your money?",0
2013-10-08T11:19:09Z,"That is crazy expensive equipment, but still a fun prank to do against somebody.",0
2013-10-08T10:59:04Z,What a coward lavezzi is. Now if somebody did this to a football player there would have been a whole different story in the media. Money talks,0
2013-10-08T10:51:29Z,"Comment gagner devant 80 000 Marseillais alors que la capacité du stade aujourd'hui n'est que de 40 000 places ?

Moi je trouve ça drôle , ça change des joueurs qui font la gueule tous les jours , même si je conçois que pour le cameraman ça ne soit pas comique.",0
2013-10-08T10:40:23Z,"Why the hell would he want Lavezzis stinking t-shirt. A check for 100K€ to replace his camera perhaps. Really like the PSG team, but this guy I cannot stand.",0
2013-10-08T10:38:10Z,"L'age mental de Lavezzi (et ceux qui trouve son acte marrant) doit tourner autour de 10-11 ans... 

Il ne pouvait pas se contenter d'avoir mis 2-1 à Marseille (à 10!) devant 80,000 marseillais? 

Très content pour la victoire parisienne, mais la ""blague"" à Lavezzi? Non merci...
",0
2013-10-08T10:31:36Z,"blablablablabla toute ces lignes pour une farce connue et répétés des joueurs de foot ..


Franchement VOUS ETES PITOYABLE d'en faire toute une histoire mdrrr

sans deconner le mec fait une farce vous etes la en train de parler de RESPECT etc ...

et vous ? vous avez du respect pour les gens ? toujours la en train d'insukter si c'est pas emettre des propos raciste pour beaucoup ...avec vos FAUX discours moralisateur ...

vous representez ce que je deteste ... LA DEMAGOGIE bande de tapin",0
2013-10-08T10:19:10Z,Why would this be funny?,0
2013-10-08T10:15:32Z,Inte roligt,0
2013-10-08T10:08:32Z,"the camera costs 100,000 $.... What a simple joke, fucking kid.",0
2013-10-08T10:04:41Z,"embarrasing moment for the cameraman, who was just trying to do his job. This is just wrong and the other players are just laughing. idiots!!",0
2013-10-08T10:04:23Z,"Funny if you're a stupid kid perhaps, or just a dumbass football player with a low IQ...wich I guess most of them have.",0
2013-10-08T10:02:43Z,LAVEZZI OHOOOO ! Thats a simple Joke! I love him! Good Guy!,0
2013-10-08T09:58:14Z,It was a douche move but Lavezzi actually apologized to the cameraman in person afterwards and promised him the game shirt the next time he was filming a match. So guess he got a bit bad conscience.,0
2013-10-08T09:50:27Z,Detta in francese... pocho mouii PAR E PALL!!!!,0
2013-10-08T09:48:09Z,"if the cameraman was your father, you would not appreciate the joke",0
2013-10-08T09:42:59Z,"The cameraman should do the same thing and when everybody is wining and crying in media just say ""it was a joke stop crying""",0
2013-10-08T09:42:14Z,Cause they are idiots ,0
2013-10-08T09:39:20Z,"Omg be more serious ofc he would pay for it. It was a joke, stop cry.",0
2013-10-08T09:38:46Z,"I really cant see the funny part in this. Lavezzi acted like a a real jerk, i really hope you will get punishment for this and the rest of the players in PSG that laughed. i'm really disappointed at you all. No one of you had the balls to confront him. I feel really sad for the cameraman! I am a fan of PSG but this...cant find words",0
2013-10-08T09:34:52Z,"Maybe its funny now, but what if they guy hurt himself, or broke the camera?
only because you are rich and make millions does not mean you pay for your damages.",0
2013-10-08T09:32:37Z,he can afford a new camera for the man if it woulda broken.,0
2013-10-08T09:20:29Z,Atleast Zlatan didnt kick him in the head,0
2013-10-08T09:10:43Z,"i really dont see why everyone is so angry, it was a fun and good joke and he idnt mean anny harm y it. so why not take it for what it is, a simple joke?",0
2013-10-08T09:10:27Z,"Humour?? What about the cameraman holding thousand of pounds worth of camera equipment, falling blind-sided while holding it. Is it 'humour' to injure some poor guy trying to do his job. Footballers are the dumbest, most overpaid scum on earth.",0
2013-10-08T09:08:43Z,j'ajoute que tu es un énorme footix.,0
2013-10-08T09:08:28Z,"la bonne blague, garde tes arguments de vieux beauf pour tes défaites",0
2013-10-08T08:58:42Z,"En NBA les basketteurs font pire ... C'est de l'humour faut arrêter un peu ! Je ne suis en aucun cas supporter de Paris, mais au moins Lavezzi veut faire rire faut pas oublier que ça n'est que du sport ! bien joué Lavezzi !",0
2013-10-08T08:57:44Z,Met pas dans le même sac les supporters du PSG avec les supporters français. Geste lamentable et irréspectueux!!!! Les joueurs du PSG ont une grosse mentalité de merde avec des supporters de merde et des dirigeants friqués ! C'est honteux de voir des joueurs de se niveau réagir comme ca.,0
2013-10-08T08:39:48Z,"well, since lavezzi can't score or pass he can tackle down innocent people who are trying to make a living...",0
2013-10-08T08:39:23Z,"""To some people money doesn't make happy,make out of reason""!!!
 Che imbranato che e' diventato in francia,se stava in Italia gli mollavano un bel calcio al culo,se rincoglionito !!!
",0
2013-10-08T08:31:30Z,What an idiot!,0
2013-10-08T08:18:35Z,"Lavezzi has got nothing on Peter Möller...
Youtube: watch?v=Q5DvGah1EFA
",0
2013-10-08T08:16:01Z,"PAR O FRATTT O Rò CAZZ ,,,ALTRO CHE SCHERZO!!!!!!",0
2013-10-08T08:01:15Z,Lol,0
2013-10-08T08:00:29Z,Haha trolling,0
2013-10-08T07:53:10Z,"il est ou le scandale?
",0
2013-10-08T07:16:41Z,"Sa pourrais être marrant met le monsieur tombe avec tous sont equipement , et de deux il et retomber sur sa caméra la tete la première sa doit pas faire du bien je pence !! En plus le Cameron n'est pas tous jeune !",0
2013-10-08T07:13:04Z,På tide å bli voksen. Barnslige drittunger som represneterer det laget.,0
2013-10-08T07:06:34Z,stronzo.,0
2013-10-08T07:06:23Z,scandale du siècle!!,0
2013-10-08T07:04:53Z,Braindead,0
2013-10-08T06:35:21Z,Hey les mecs c'est de l'humour faut se détendre un peu ! C'est que du sport rigoler ça fait du bien..,0
2013-10-08T06:22:18Z,"il cretino non e' solo Lavezzi, guardate come ridono Verratti, Ibraimovich, e tutti gli altri miliardari inutili",0
2013-10-08T05:33:59Z,moi je dit sa se fait pas le mec ils fait sont travail et lui il fait sa alors que le mec il a pa l'ai de rigole parisien de mes couilles ,0
2013-10-08T05:12:35Z,C Paris sa il y aura rient encore. C le Quatar Sait Germain,0
2013-10-08T03:02:12Z,"et ceux qui trouve ça pas méchant parce que lavezzi lui fait une tape amical (oh c'est trop aimable) demandez vous si ça avait été l'inverse, si un caméraman pour s'amuser faisait un croche pied à un joueur et que ce dernier s'étale devant tout le monde vous croyez que ça le ferait rire, bien sûr que non !",0
2013-10-08T03:01:48Z,"les étrangers trouve ça lamentable mais les supporter français trouvent ça très drole, on voit le niveau de l'éducation en france, le caméraman se fait chier à filmer les mecs, et eux le font tomber devant tout le monde avec une caméra à 100000 euros dont il a la charge, si il y'a des dégats j'espère que la facture sera envoyé à lavezzi, et évidement c'est irrespectueux du métier de cameraman !

 ",0
2013-10-08T02:13:40Z,Estúpido de mierda. ,0
2013-10-08T00:40:51Z,Wouaw c est vraiment drôle!...,0
2013-10-08T00:40:10Z,Pauve con,0
2013-10-07T23:18:49Z,"la kagada
",0
2013-10-07T22:25:06Z,"Paris sans le Quatar c'est Comme une Vache qui produit plus de lait elle sert a rien !! Allez l'OM , nous au Moin on est des vraie supporters !! pas des footix
",0
2013-10-07T21:28:13Z,"Lavezzi El Pocho <3
",0
2013-10-07T21:25:31Z,"Ok le cameraman devait avoir le seul et aurait ou se faire mais il ne sait pas fait mal et a u le maillot de lavezzi dc rien de grave. 
Ya un moment fo se détendre un peu.",0
2013-10-07T21:21:14Z,"Autant il joue mal, autant il déconne. Et j'trouve ça vraiment bien. Après voilà ça peut être blessant mais avec un minimum de second degrés ça fait rire tout le monde ! 
Rigolez, de toute façon vous aurez plus le temps après votre mort.",0
2013-10-07T21:19:37Z,AIE ! ca rage ici ... Beaucoup de marseillais je suppose . Allez PARIS ,0
2013-10-07T21:15:38Z,"Bon, passons, tu n'es pas obligé de connaitre l'aspect technique du truc. Un steady (ce que porte le cameraman pour stabiliser la caméra) est un truc aussi lourd (15 à 30 kilos) que cher (pareil en dizaines de milliers d'euros). C'est complètement con, parce qu'aussi dangereux (vraiment) qu'irrespectueux de la valeur des choses (d'ailleurs souvent ça appartient aux techniciens). Il aurait pu le blesser salement, et ainsi le mettre hors jeu et sans ressource. Tout le monde n'est pas aussi riche.",0
2013-10-07T21:14:57Z,"Pas de panique, tout est bien qui fini bien",0
2013-10-07T21:14:10Z,"Olala tu dois vraiment détendre l'ambiance dans la vraie vie toi. El pocho a toujours été un farceur même à Naples, et je pense qu'il en a rien à foutre de ce que tu penses de lui, vu ce qu'il gagne c'est lui le plus malin dans l'histoire. :)
Allez paris ;)",0
2013-10-07T21:09:57Z,"Je ne parle même pas d'abimer un équipement à plusieurs dizaine de milliers d'euros
",0
2013-10-07T21:09:02Z,"Quel type extrêmement con... Pas un mot de plus. Pour ceux qui ne comprennent pas pourquoi, un steady (le truc énorme sur lequel est posé la caméra) toute équipée fait une vingtaine de kilos. Donc, le pauvre caméraman s'est fait super mal. Je vois vraiment pas l'humour, quel abruti.",0
2013-10-07T20:53:38Z,Lavezzi il fait du con la !,0
2013-10-07T20:43:00Z,héhé c'est un marrant :p,0
2013-10-07T20:41:25Z,"Gardez votre haine, c'est enfantin, et verrati etc rigole parce qu'il etait au milieu d'eux,  a terre, ils se foutent pas du caméra man, et il lui dptouche l'épaule quand il se relève donc il le laisse pas en plan",0
2013-10-07T20:38:27Z,Je suis supporter de paris j'adore lavezzi mais ce qu'il a fait est très con,0
2013-10-07T20:38:15Z,Match lavezzi lui offert son maillot donc sa va,0
2013-10-07T20:37:55Z,À la fin du,0
2013-10-07T20:28:54Z,"asshole and then he walks away like nothing happen, instead of helping him out -.-",0
2013-10-07T20:22:25Z,144 Marseillais aiment pas la video,0
2013-10-07T20:20:26Z,"Je suis supp parisien mais la c'est pas drôle, c'est même minable",0
2013-10-07T20:14:14Z,Mdr,0
2013-10-07T20:08:12Z,its a funny thing but i tought after he was going to pull him up again :/,0
2013-10-07T20:02:02Z,I really HATE all soocer players. MORONS!,0
2013-10-07T19:48:09Z,c'est juste dégueulasse mais sa ses les parisien a se croire au dessus de tout le monde qu'il retourne gagner de l'argent en faisant de la merde,0
2013-10-07T19:44:26Z,"Certains disent c 'est de l 'humour ok,c 'est le cas,mais au moins le relevé serais au moins un signe de respect,car sans des personnes comme ça ,à prendre les caméras sur leurs épaules et le filmer,il en serais pas là ,et en plus tout les autres qui rigolent ,sans avoir l 'idée d 'aller l 'aider --'  ",0
2013-10-07T19:30:23Z,"Il est trop con Lavezzi, c'est pas croyable d'être aussi aussi con que lui! :O",0
2013-10-07T19:29:12Z,Peux tu m'expliquer le rapport avec le salaire dans l'histoire ? Les gens qui gagnent un salaire moins bon ou équivalent ont le droit d'humilier les autres ?,0
2013-10-07T19:23:22Z,"il a quel age lavezzi 2 ans?
en plus il aide meme pas le cameraman a se relever",0
2013-10-07T19:17:48Z,Le JOUR mais nous supporter de l'om on supporte depuis longtemps que vous c'est depuis 2010-2011 comme je l'ai dit precedament ^^,0
2013-10-07T19:08:03Z,"et imaginez le contraire... un caméraman qui fasse ça à un joueur.. là, ça ferait les gros titres",0
2013-10-07T19:06:19Z,"Euh ses bon je fais une fautes de frappes et un ""boloss"" vient essayer de faire sa prof de français !",0
2013-10-07T19:01:47Z,"La blague en elle même, bon à la limite sa passe. Mais le fait de ne même pas l'aider à se relever et tout remettre en place, alors là c'est clairement  puérile et dégueulasse de sa part...",0
2013-10-07T18:59:45Z,"Sans doute parc'qu'après une farce comme ça, on peut quand même aider le caméraman à se relever et s'excuser au lieu de se barrer en courant *-*",0
2013-10-07T18:59:30Z,Je suis fond pr Paris mais la c abuser tout le monde se fout de sa gueule en rigolant c un gamin ou quoi ? Le pauvre mec fait son métier et la t'as un pourri gâté qui vient limite l'humilier...,0
2013-10-07T18:48:23Z,"Oh vraiment ? Ne soit pas si sur de toi, je te remercie pour l'insulte gratuite ;)",0
2013-10-07T18:47:16Z,"Lol tu répètes mot pour mot ce qu'a dit Pierre Ménès aucune originalité -_-""",0
2013-10-07T18:42:54Z,Quand c'est Rémi Gaillard qui fait ça tlm rigole mais sous pretexe que c'est un joueur du PSG cela devient un scandale-intergalactique... ,0
2013-10-07T18:41:28Z,"J'ai pas réfléchi pour Monaco, mais je n'ai jamais apprécié Paris, et ce même avant l'arrivé des quatariens.
Le Quatar est avec le Psg car Paris est la capitale de France tout comme il aurait été avec Dijon ou Carquefou, le Russe ? est avec Monaco car il n'y a pas de taxes etc....
Les hooligans parisiens etait la avant le quatar etc...Tout comme les cons de supporters Parisiens ( footix et autre ) qui n'ont aucun respect pour les autres club contrairement a Monaco.
Et je ne suis pas raciste :/ 
",0
2013-10-07T18:34:09Z,"Vous êtes sérieux? vous avez aucun humour O_o
Pourquoi vous allez insulté Lavezzi alors qu'il a juste fais une farce.. 
",0
2013-10-07T18:27:58Z,Dites moi conaissez la definition de L'HUMOUR,0
2013-10-07T18:27:30Z,"Bastard !
",0
2013-10-07T18:26:26Z,Joueur de PSG sa se voit,0
2013-10-07T18:25:51Z,"Honnêtement je ne trouve pa ça humiliant du tout. Et c'est pas parceque Lavezzi et footballer et gagne bien plus que le cameraman qu'il n'a pas le droit de lui faire une petite blague. Après la blague en elle même ok elle pas super drole, mais pas de quoi se révolter non plus faut savoir déconner un coup un peu.",0
2013-10-07T18:24:00Z,son of a bitch lavezzi,0
2013-10-07T18:23:45Z,"Honteux !
",0
2013-10-07T18:18:22Z,"C'est vrai que ça aurait été marrant, il aurait pu le faire sans se baisser !",0
2013-10-07T18:15:07Z,"Je suis pour Paris mais le pauvre cameraman quand même, Lavezzi aurait au moins pu l'aider à se relever",0
2013-10-07T18:13:24Z,"Roh, c'est bon, c'est marrant, arrêtez de vous offusquer pour si peu, c'est juste comme ce qu'on a tous fait en primaire ou au collège, ça se voit que c'est pour s'amuser.",0
2013-10-07T17:58:48Z,Ptdrrrrrrrrr,0
2013-10-07T17:51:34Z,"pourquoi ?
",0
2013-10-07T17:48:21Z,Sa serais valbuena qui aurais fait sa vous serais mdr mais comme vous ete des rageux --',0
2013-10-07T17:41:15Z,Mon dieu que ta vie doit être chiante!,0
2013-10-07T17:40:10Z,"Arrêter de rager, il a fait une blague, vous connaissez? Parce qu on dirait qu il vient de faire Jsais pas quoi. C est pas parfe qu il est riche et connu qu'il peut pas avoir de l'humour. Si un humoriste avait fait ça, vous auriez rigoler...",0
2013-10-07T17:39:01Z,Il l'aide meme pas ,0
2013-10-07T17:36:44Z,Mais quelle bande de mongoles c'est pas possible. Ils le voient tous par terre mais y'en a pas un qui vient l'aider ils se foutent tous de sa gueule. Ils s'croient vraiment tout permis ces enfoirés,0
2013-10-07T17:36:08Z,"Un peu humour abrutis de jo âne  ça n'a pas tué rigole au pire qui casse paye ,peace",0
2013-10-07T17:35:53Z,"Tu es tellement ridicule. Tu crois que les joueurs à Monaco sont la pour quoi?
Tu as oublié que Monaco était en Ligue 2 les années d'avant? C'est pas plutôt l'origine des propriétaires qui te gène?
",0
2013-10-07T17:34:23Z,PUTAIN MAIS QUELLE MENTALITE DE MERDE VOUS AVEZ ,0
2013-10-07T17:32:02Z,Gros blaireau,0
2013-10-07T17:30:16Z,Complètement infantile.,0
2013-10-07T17:30:07Z,Pas bien. Lavezzi fait ça a tes coéquipiers sérieux.,0
2013-10-07T17:29:22Z,Et Fanni qui a le seum derrière pttddrr ,0
2013-10-07T17:28:49Z,quel abruti,0
2013-10-07T17:28:30Z,"je n'oserai dire un autre mot que conn**d !! 
pourquoi fait-il sa ??? pourquoi ?? ...
honteux .. !!
",0
2013-10-07T17:28:29Z,franhmment aucune respect lavezzi !!!!F*** les PSG's,0
2013-10-07T17:27:37Z,Il ferait mieux d'essayer de mieux jouer et d'être plus efficace pour son équipe plutôt que de faire le pitre sans cesse. ,0
2013-10-07T17:26:00Z,"comme si tu n'avais pas un bon français... 
",0
2013-10-07T17:25:14Z,C'est le PSG quoi..,0
2013-10-07T17:24:42Z,la bien pris non je croit pas............,0
2013-10-07T17:24:32Z,"Euh franchelent le respect il est ou ? 

Comme si les parisiens n'avait pas une réputation assez pourrite...",0
2013-10-07T17:24:26Z,"Déjà grâce à nous, vous êtes passés 3eme, et puis si ça te fait plaisir vas supporter monaco.  si tu veux comparer  lille et le psg sur les 10 dernières années, je crois que tu peux te taire aussi ",0
2013-10-07T17:24:12Z,"quel abrurtie se lavezzi!!!!!!!!!!!
",0
2013-10-07T17:22:51Z,"mais ferme ta geule , je suis ni pour om , ni pour paris mais on voit que le caméran à le démon quand tu sais pas , tu la ferme ta grand geule",0
2013-10-07T17:21:46Z,C bon pa besoin de critique un club si on a pa gagner c car vous avez des bon joueur,0
2013-10-07T17:17:29Z,"HAHAHAHAHAHA MUOIO, POCHO TORNA A NAPOLI <3",0
2013-10-07T17:02:19Z,Dommage que ce soit sa meilleur action du match...,0
2013-10-07T17:02:07Z,"D'où tu as vu qu'il etait pour l'OM --'
Je suis pour le losc ( je préviens ) l'om a du fric mais pas autant que paris qu'on devrait maintenant appeler Quatar saint-germain. Et la plupart des joueurs ne sont pas la car le Psg est en club qui fait rêver ( ou du moins peut-etre les hooligans ) mais car l'argent est la. Avant le Quatar, Paris n'etait rien ces dix dernières années, maintenant on se demande ce qu'elle est. Ca me ferait super plaisir que Monaco gagne le titre.",0
2013-10-07T17:01:00Z,"c'est quand meme limite, il aurait pu endommager le matériel",0
2013-10-07T17:00:07Z,"Risque de blessure, coût du matos.......un blague mouais........",0
2013-10-07T16:59:25Z,Pas très malin......,0
2013-10-07T16:50:54Z,"C'est bon c'est une blague il y a rien de méchant, arrêter de vouloir faire une histoire de tout",0
2013-10-07T16:45:40Z,"Lavezzi gagne en max 6 mois se que le cameraman se fait en 30 ans de boulot et lavzzi se permet de faire ca , t chien lavezzi, tu pert ton honneur",0
2013-10-07T16:45:12Z,"je n'ai qu'une question à te poser: ""et alors ?""",0
2013-10-07T16:43:40Z,MDRRR,0
2013-10-07T16:42:54Z,"estupido animal.so podia ser um palhaço da frança
",0
2013-10-07T16:42:17Z,Pourquoi tu fait ca levezzi c mechant putin en plus le cameraman peut rien dire par que c un footbaleur c la honte purée !!,0
2013-10-07T16:38:38Z,"décidément t'es un vrais con toi,tu racontes que d'la merde,fariboles voilà ce qu'on peut qualifier tes propos. ",0
2013-10-07T16:37:41Z,Et ces lui qui va lui payer sa caméra si elle est cassé,0
2013-10-07T16:36:21Z,"Regarde le parcours de l'om en ldc a part le milan c'était des équipes de seconde zone, dans ce cas là on en parle de Reims en finale de LDC ? Non..",0
2013-10-07T16:35:39Z,N'importe quoi ! Quel gamin celui la et les autres qui se marre. Vraiment une honte.,0
2013-10-07T16:25:29Z,"Moi j'en ai un. C'est un club sans âme. Tu vas à Paris tout le monde s'en branle de ton club, tu vas a Marseille tout le monde suit l'olympique, de plus, le PSG est un club récent qui n'a pas de grand palmarès dans l'histoire du football, il valent vraiment rien... Alors que l'OM bien que ce club n'ai pas un palmarès comme le Real Madrid est quand même l'unique club français à avoir gagné la LDC. Et bizarrement il y a plus (+) de fans du PSG depuis qu'il à été racheté mais OM en a toujours plus",0
2013-10-07T16:24:58Z,such childish act. could cause serious injury. a real jerk,0
2013-10-07T16:04:12Z,"Pfff le mec il fait juste son boulot, il ne se ferra même pas au cours de sa vie ce que Lavezzi se fait en six mois, et il l'humilie comme ça, c'est abjecte et puérile!",0
2013-10-07T16:02:19Z,"Lol il est bon k sa , pq niveau but c pas trop sa ",0
2013-10-07T16:02:01Z,"Arrête t'es connerie d'amour du maillot ou quoi, le PSG c’était bien pareil. Le jour ou l'OM est racheté, achète des stars et gagne vous serez bien content (tu va me dire que non, mais si) c'est simplement a argument ridicule pour critiquer le PSG point. ",0
2013-10-07T15:57:12Z,"J'ai bien aimé le coup des cheveux avec le président de la LFP mais ce coup là, je ne trouve pas ça drôle du tout. Aucun respect ni pour le caméraman ni pour le matériel. Ce n'est pas parce qu'ils ont gagné un match qu'on peut tout faire. Par ailleurs, sur les images, le caméraman n'a pas l'air d'avoir pris ça pour une bonne blague. J'aurais été le caméraman, j'aurais poussé une soufflante. Lavezzi ou pas !",0
2013-10-07T15:45:41Z,De toute facon le quatar ne restera pas longtemps au Psg oups (Qsg) nous on termine presque chaque année dans le top 3 pour l'amour du maillot pas pour le cash fraté vous ne gagnerez jamais la ligue des champions! ,0
2013-10-07T15:43:27Z,Aucun respect..,0
2013-10-07T15:43:09Z,"--""",0
2013-10-07T15:40:42Z,Vous sentez cette odeur ? Mais oui c'est l'odeur de la rage,0
2013-10-07T15:29:26Z,"il pouvait au moins l'aider a se relever
",0
2013-10-07T15:28:20Z,"Tout est dit....
PARIS EST MAGIQUE!!!!!!",0
2013-10-07T15:19:54Z,altri giocatori se la ridono di gusto poi. mi fate veramente schifo. non avete rispetto di chi sta Lavorando ,0
2013-10-07T15:17:31Z,"Tanti anni a Napoli non hanno imparato a ""fare gli uomini""
",0
2013-10-07T15:17:17Z,"J'aimerai juste rajouter que vous plaignez pas de l'arbitre, ca vous dit un PSG Toulouse avec deux buts volés(faute sur aguilar et penalty de spajic) et l'OM a gagne la cl avec ses joueurs et NN pas avec des dopes",0
2013-10-07T15:10:35Z,Mdrrr la mauvaise foi ça fait rire ! ,0
2013-10-07T14:58:58Z,"Si, mec, t'as la rage, vous vous cacherez toujours, vous êtes des petites bite les marseillais",0
2013-10-07T14:53:43Z,"Déjà:
L'OM joue à 12 contre 11 en considérant que larbitre a commis des erreurs dans les deux sens
Aucun attaquant après la sortie de Zlatan?Et Cavani cest quoi, un défenseur?
Les marseillais ont pointé des lasers sur Zlatan?Et alors,ça arrive jamais à Paris?Cest dans tous les stades du monde,cest moche mais cest comme ça malheureusement
Déjà éliminés de la C1?On est tombé dans le groupe de la mort
La rage on l'a pas contre le PSG mais contre notre équipe qui a craché sur notre maillot hier.++",0
2013-10-07T14:47:54Z,"cocaine, cocaine everywhere !!!!",0
2013-10-07T14:44:24Z,Perso je trouve ça limite comme blague le cameraman aurait pu de faire mal (Lavezzi également par la même occasion). S'il voulait évacuer il aurait pu faire le con devant la camera.,0
2013-10-07T14:38:29Z,"Pierre menés:""c était sa meilleure action de la soirée "" mdr",0
2013-10-07T14:32:40Z,"Continue de rester dans le passé la sardine, PSG a gagné une coupe d'Europe aussi mais pas la C1. Ton club a été interdit d'Europe l'année suivante.... Affaire VA-OM.... Descente en ligue 2.... Oui en s'en souviens du titre en 1993 la blague.",0
2013-10-07T14:27:16Z,Les joueurs ont tellement eu la trouille des beaufs de l'omeuh qu'ils ont gagnés 1-2 à 10 vs 12 rage pas petit. ,0
2013-10-07T14:24:54Z,Il a mis une belle quenelle au cameraman c'est drole et pas mechant .,0
2013-10-07T14:23:49Z,"Deja 11 contre 10 ça suffira 
Normale que Paris n'ai plus d'attaquant car il jouaient sur la défense donc OM a eu plus de difficulté dans ses attaque vu qu'il on fait rentré des joueur défensif 
Pour le laser c'est dans quasiment tous les stade la même chose 
Et tkt que si on avait inverser les poules de Champion's league  tu te serait fait bouffer par dortmund naples et arsenal et nous dans ta poules de merde on sera passer en 8ème..
Bref on a perdu certes mais toujours FIER D'ETRE POUR L'OM !!",0
2013-10-07T14:16:07Z,C'est vrai que vous vous visez la ligue des champions nous on s'en fous ou la déja gagné pélo on esst pas encore éliminer méme si sa va étre dur pouquoi pas? Vous avez eu de la chance de tomber sur un groupe faible mais contre les gros vous tomberez Forza l'om!!,0
2013-10-07T14:14:17Z,grandissime teste di cazzo!!!! compreso verratti e ibra che si mettono a ridere,0
2013-10-07T14:11:24Z,j'espere qu'il lui a offer un de ses maillots,0
2013-10-07T14:06:03Z,"Un public? sérieux même avec un toit vous faites moins de bruit que les ""lynx"" du PSG.. après le deuxième but il n'y avait plus rien!! ",0
2013-10-07T13:57:11Z,"Honte à nous ? 
Déjà : on a un public
ON a été mauvais, je pense que personne ne peut dire le contraire même en étant marseillais.
Vu le groupe dans lequel on est tombés, c'était impossible d'en sortir. Tu peut dire qu'on est mauvais, mais je pense que ça n'aurait pas été tranquille pour vous non plus ! 
Soyez content quand on se fera racheter on pourra jouer à armes égales !",0
2013-10-07T13:48:16Z,Franchement j'ai de la peine pour le journaliste.,0
2013-10-07T13:35:48Z,Ma sorridete un pò ;) era uno scherzo mammàààà e comm stat accis...solo Napoli ha sempre il sorriso sulla bocca :D  Grandee Pochooo Si semp tu ahahahahah Scugnizzooo!!,0
2013-10-07T13:19:39Z,I'm American hehe,0
2013-10-07T13:11:08Z,"MDR le mieux c'est à la fin quand Lavezzi part en courant comme un gamin! C'est bon péter un coup les gars, c'est une petite blague, il évacuait sa pression et montre sa joie d'avoir gagner ce Classico! ",0
2013-10-07T13:03:35Z,"Ah c'est  sur qu'il aurait pas fait cette blague à Zlatan... 
Mais quand même, le pauvre mec fait juste sont taf de cameraman. Grâce à Lavezzi les footballeurs vont encore passez pour des gros cons... ",0
2013-10-07T12:54:55Z,magnet na rsat frà,0
2013-10-07T12:50:05Z,"Et après on dit que les étrangers du Psg ne font pas vivre le club, ne s'entendent pas etc... juste mdrrr la presse poubelle quoi!!",0
2013-10-07T12:41:23Z,"Meme zlatan ressort blessé de ce match, les gars ont blessé tous nos joueurs!! hahaha marseillais de merde.",0
2013-10-07T12:40:47Z,"grandi.
",0
2013-10-07T12:25:47Z,"comment il est vnr le pti paysan ahahahaha 
rage mec nous on savoure ",0
2013-10-07T12:24:47Z,L'humour du PSG est un peu spécial ...,0
2013-10-07T12:24:40Z,mais ferme ta gueule au cas où t'aurais pas compris on en a rien à foutre de l'image renvoyée auprès des paysans,0
2013-10-07T12:23:09Z,ahahahahaha rage sac à merde ,0
2013-10-07T12:15:07Z,non trovo divertente quello che ha fatto lavezzi...il cameraman stava facendo solo il suo lavoro..e sicuramente non è super pagato come lavezzi o come tutti gli altri che se la ridevano... anche perchè nello '' scherzo '' non so quali danni abbia riportato l'attrezzatura video... inqualificabile ,0
2013-10-07T12:05:45Z,mdr c plus un footbaleur c un clown ,0
2013-10-07T11:58:17Z,... Ma almeno a chiedere scusa....,0
2013-10-07T11:55:45Z,Pocho torna,0
2013-10-07T11:51:38Z,Sì Bell o pocho!,0
2013-10-07T11:46:10Z,Ils préfèrent les joueurs français surtout parce qu'ils n'ont pas les moyens d'acheter des grands joueurs étrangers. :),0
2013-10-07T11:38:38Z,"Ta pas être gagné, mais pour être une grande équipe il manque une mentalité à tes joueurs. Ils sont soit disant les meilleurs du monde, mais ont aucun respect. Ton club, tes dirigeants, tes joueurs se croient tout permis car ils sont de l'argent!  Paris donne une image bien merdique au foot français je te le dis.",0
2013-10-07T11:36:40Z,J'espère qu'il aura une belle sanction...Et je comprends pourquoi la caméra était tombé pendant le direct.,0
2013-10-07T11:22:00Z,"Stupid 
",0
2013-10-07T11:14:47Z,"Honte a vous sardine !!
Déjà :
Le stade est remplie des supporter Marseiller
L'OM joue a 12 contre 10.
Aucun attaquant au coter de Paris ( après la sorti de Zlatan )
Pendant le penalty de Zlatan, les enculer de Marseiller s'amuse à visé la lumière sur le visage de Zlatan.
Déjà éliminer des Champions Ligue, + la défaite contre PSG, vous met la rage bande jaloux.
 
No rage please !",0
2013-10-07T11:14:40Z,Jeeeeooooo fatevi na risata,0
2013-10-07T11:14:13Z,Sa ce fait pas,0
2013-10-07T11:12:13Z,Nous aussi on t'aime <3,0
2013-10-07T11:08:17Z,"Aucun respect, le gars il es y au PSG il se sent plus... Il l aide même pas a se relever ... Pitoyable ces parisiens... Pitoyables",0
2013-10-07T10:57:10Z,Ouais tg tom,0
2013-10-07T10:54:54Z,"el pocho loco
",0
2013-10-07T10:50:47Z,Tg Tom,0
2013-10-07T10:48:40Z,"Aucune respect, comme tous ses parisiens qui se croient supérieur dans le foot français..",0
2013-10-07T10:46:34Z,pfffff aucun respect ...,0
2013-10-07T10:46:21Z,xD bien dit ,0
2013-10-07T10:41:29Z,"50000
",0
2013-10-07T10:38:45Z,"#Marseille-s'est-faite-enculé-au-vélodrome-devant-son-public-forever...
le nouveau blase de l'om..",0
2013-10-07T10:36:56Z,Lavezzi a aucun respect pour cette personne et tous les cameramans qui lui on donné cette popularitée... ,0
2013-10-07T10:32:44Z,Lol,0
2013-10-07T10:14:24Z,Et ta dit quoi quand ribery il a fais sa donc tg pour voir,0
2013-10-07T10:01:34Z,Hhh il est fou,0
2013-10-07T09:57:41Z,Quel gros con ce lavezzi . Le mec aurait pu se faire mal et la caméra doit couter au moins 15 000euros mais il en a rien a foutre c'est rien 15000 pour lui,0
2013-10-07T09:57:33Z,Il est obliger de faire comme Ribery ??,0
2013-10-07T09:47:19Z,"Avec du matos qui coute environ 10 000 euros, ça lui aurait couté cher de le rembourser ..

Ah mais non c'est vrai il touche ça tous les jours ...",0
2013-10-07T09:28:10Z,"Ouaaaaah...c'est une blague digne d'un gamin de 10ans, Bravo Lavezzi ! (y)",0
2013-10-07T09:05:29Z,idiot...,0
2013-10-07T08:54:58Z,"mais quelle abrutis ces parisien --' 
",0
2013-10-07T08:28:49Z,C'est une blague renega? Sinon sur le coup verratti et autres rigolent pas mais j'avoue c'est moyen. Par contre la tête de fanni et le vieux speaker derrière mdr.,0
2013-10-07T08:09:59Z,"No rage please !
Tu te souviens d'OM-VA ????",0
2013-10-07T07:56:52Z,il aurai pu l'aidé a le relevé >< mais bon pas grave,0
2013-10-07T07:36:49Z,oh le gros cheque du qatar a l'arbitre pendant la mi temps,0
2013-10-07T07:27:00Z,Nuuul .,0
2013-10-07T06:54:30Z,Je pence qui seront capable ;) !,0
2013-10-07T06:49:21Z,Allez gagner une LDC et on en reparle après.,0
2013-10-07T06:42:44Z,LOL Pas marrant,0
2013-10-07T05:59:22Z,"Psg en force , marseille gagnera jamait un match contre paris :) !",0
2013-10-07T05:48:44Z,"Zlatan qui est mort de rire :) 
",0
2013-10-07T05:43:12Z,"Mdrr c'est la que l'on voit que les joueurs de foot ne sont encore que des gosses, et dans ce monde de star ont l'oublie souvent. Mdrr lavezzi au moin ta mérité de faire ta blague........ Un petit peu enfantine :)",0
2013-10-07T05:41:32Z,"Mdrr, c'est la qu'on voit que les joueurs de foot sont encore que des gamins e que dans ce monde de star on l'oublie souvent.",0
2013-10-07T02:11:14Z,mdrrr,0
2013-10-07T01:41:42Z,Les sardines ça pique le cul une bonne grosse branle à la maison ? A Paris ont mettra de la vaseline sa passera mieux,0
2013-10-07T01:01:40Z,"Les sardines et leur discours du genre ""nous on a une identité, on joue avec le coeur, on prefere des jeunes francais, blablabla...""
Ce soir, les mercenaires parisiens ont gagné avec leur trippes et avec leur coeur, a 10 contre 12, face aux bourrins de lom et un arbitre corrompu...",0
2013-10-07T00:53:24Z,"Pfff gros gamin sans maturité s""te bouffon . C'est bon son club a gagné il se sent plus obligé de faire n'importe quoi",0
2013-10-07T00:43:47Z,c'est nul !,0
2013-10-07T00:34:50Z,toi ta pas digerer la defaite de ton equipe de chevre ? MDRRRRRR,0
2013-10-07T00:34:09Z,c bon detendez vous les sardines si sa aurai ete un joueur de votre club vous serai pas en train de vous plaindre alors arreter de faire les gens scandalisé c juste une blague hein rien de méchant !!!,0
2013-10-07T00:27:08Z,pauvre mec ,0
2013-10-07T00:19:53Z,arrogant,0
2013-10-30T14:45:00Z,"And it wasn't Ayité first goal in ligue 1 also... And Oniangué isn't a striker ... 
So many information mistakes, unbelievable...",0
2013-10-30T14:40:10Z,"Reims is not promoted FFS... Gosh...
Seulement Stade de Reims <3 ! ",0
2014-02-25T05:01:54Z,cvitanich is desperately looking for a friend hahaha! funny,1
2014-02-24T16:18:09Z,bien,0
2013-12-02T16:09:27Z,Comment peut-on avoir une pelouse aussi dégueulasse. Bravo les verts,2
2013-12-02T08:16:44Z,"Aïe les rémois ! Ca sent la mauvaise série, comme l'année dernière ! Après le match de Paris on a plus joué pendant 15 matches, j'espère que ce ne sera pas la même cette année !",1
2013-12-02T07:36:40Z,Bravo LES  VERTS!!!!,9
2014-07-27T08:10:26Z,welcome to chelsea Kurt Zouma!,17
2014-07-22T13:17:38Z,He got the ball...,30
2014-02-01T14:56:26Z,Dive,1
2014-01-18T11:41:22Z,ilya rien,1
2013-11-15T15:27:45Z,if i'm honest thats unfair on kurt coz he got the ball they just got tangled up in the follow through,14
2013-11-11T12:34:09Z,Je l'aurai suspendu pour l'année !!,0
2013-11-08T03:44:44Z,Deberian expulsarlo por dos años sin derecho a sueldo..es un asesino ese kurt...eso no se hace,2
2013-11-05T23:38:02Z,hope he comes back stronger like ramsey did,0
2013-11-05T13:32:50Z,Red Card !!!!!!,0
2013-11-05T12:50:24Z,"ouch
",0
2013-11-04T11:10:02Z,yellow card,0
2013-11-04T00:50:45Z,My leg!!,0
2013-11-04T00:10:21Z,:/ le pauvre...,1
2013-11-03T23:08:35Z,Ouch! Poor lad,0
2013-11-07T17:39:37Z,Votez gratuitement et sans abonnement pour votre club préféré de Ligue 1 :  http://www.pixule.com/sondages/sport/foot/215780772662_quel-club-prefere-vous-en-ligue-1.html,0
2013-11-06T20:17:04Z,Les 2 derniers buts sont les plus beau !,0
2013-11-06T13:06:04Z,les plus beaux but de la s,0
2013-11-06T12:06:54Z,"Awé.. Genre dans la phrase Il mourra surement, ça te choque pas si on écrit 'il moura surement"" alors ? Le verbe mourir n'a qu'un ""r"" mais il peut en avoir deux quand il est conjugué, au futur simple par exemple, le temps de la phrase de azitork",0
2013-11-05T19:24:43Z,"Les supportes de Reims sont nuls, ils sifflent Khazri avant son coup franc mais, surtout, il continue de le siffler après un si beau but, qui devrait mettre tout le monde d'accord !",0
2013-11-05T17:05:16Z,psg=riche plein de supporter tandis que psg=comme il y a 4 ans 0 supporter,0
2013-11-05T11:36:35Z,Incroyable la façon dont vous ragez. Vs avez le seum uniquement parce que c est paris et parce que ça fait déjà 2buts parisiens  dans le top des plus beaux buts de la saison en ligue 1. Faites vous une idée personne ne fera un plus beau but que zlatan ... Sauf lui peut etre. PSG>>>Ligue 1,0
2013-11-04T21:16:57Z,"Déjà en français, le verbe mourir n'a qu'un seul ""R"", parce qu'on ne meurt qu'une seule fois !",0
2013-11-04T21:13:23Z,A bordeau les buts ne rentre que de loins :p bravo a eux,0
2013-11-04T20:30:52Z,Khazri toujours des buts de folies .,0
2013-11-04T20:22:15Z,SCB     FORZA!!!!!!!!,0
2013-11-04T19:52:31Z,Le but de Lucas est dans le classement ! N'importe quoi ! Et le but de Oiliveira il est ou serieux ??,0
2013-11-04T18:43:58Z,Et le but de Nélson Oliveira ??? Il mérite amplement d'être dans le classement.,0
2013-11-04T18:38:58Z,ferme ta guele lucas merite du respect ,0
2013-11-04T18:03:04Z,Y'a pas QUE celui de Lucas donc je vois pas le problème....,0
2013-11-04T17:41:20Z,Aller l ol,0
2013-11-04T17:25:43Z,"Ah ok ba je reconnais que je ne savais, mais comme je l ai dit on en a presque pas parlé et je ne l ai pas trouvé sur le net",0
2013-11-04T17:09:49Z,Ici c parissssssss,0
2013-11-04T16:36:35Z,Oulalala Bordeaux ! Ca fait maaal !,0
2013-11-04T16:35:58Z,"La frappe de Sertic est à 111 km/h , calculée par la LFP ;)",0
2013-11-04T14:11:45Z,Ok... Vous êtes sérieux à mettre celui de Lucas dans le Top Buts !? Ok une belle reprise mais celui de Nelson Oliveira est clairement plus beau ! ... /watch?v=UXTqhHtV0MU,0
2013-11-04T13:09:24Z,realmente um golaço o do Lucas ,0
2013-11-04T12:02:03Z,Euuh et Oliveira...?,0
2013-11-04T11:46:35Z,"La frappe de sertir n est pas a 111km/h, sinon on en aurait plus parlé,",0
2013-11-04T11:42:43Z,Entre nous le but d'Oliveira contre l'OM a plus sa place dans ce top but que le but de Lucas Moura (Supporter marseillais),0
2013-11-04T08:01:14Z,SERTIC!!!OBRANIAK!!!ALLEZ BORDEAUX!!!,0
2013-11-04T06:41:55Z,"On frappe pas souvent à Bordeaux mais quand on le fait, pouah quelle puissance !",0
2013-11-04T02:22:43Z,"Sertic le plus beau , lucas il fixe 3 s la balle ça va facile",0
2013-11-04T02:19:45Z,Khazri met un super coup franc!,0
2013-11-04T01:02:04Z,"Vous voulez les plus beaux buts du week-end? Allez voir ceux du DFCO face à Niort (2-2) sur la chaîne Ligue2 officiel, vous serez pas déçus ;)",0
2013-11-04T00:54:28Z,La frappe de Sertic est d'une pureté...,0
2013-11-04T00:21:37Z,Tu sort! ,0
2013-11-04T00:08:51Z,"sans hésiter: sertic
",0
2014-07-27T13:21:58Z,"the last save is pretty sick.I play goalkeeper myself and have had received my fair share of compliments.Thus i know which saves are the most difficult.This guy doesnt just block the shots,he uses his palm and punch it away in full force.That is just top class commitment from him.For the last save,the way he is able to shove his body in such a tight angle,then react that quickly to such a near header AND also have the ability to grab it safely is simply just amazing.",8
2014-07-22T14:16:17Z,WELCOME TO ARSENAL,1
2014-07-17T05:36:28Z,WELCOME TO ARSENAL.,4
2014-07-04T12:37:46Z,El mejor arquero,0
2014-05-24T01:23:58Z,uff ospina.... km le digo....,0
2014-04-13T19:07:01Z,Que orgullo david saludos desde colombia!!!,2
2014-04-05T15:50:18Z,el fichaje de ospina despues del mundial estara por las nubes.... es tremendo arquero y COLOMBIANO quizás el mejor de america,0
2014-02-02T17:16:12Z,Quien mierda es ochoa?? El jefe de el cartel de el golfo??,0
2013-12-04T03:55:12Z,tremendo arquero!!! ,0
2013-11-21T13:02:53Z,"Ospina va a ser el mejor del mundo,de eso estoy seguro, GRANDE OSPINA",2
2013-10-24T20:41:46Z,"Y todavía hay gente que dice que no es buen arquero, no se que quieren!!!",0
2013-10-22T23:23:03Z,Ochoa is better guys :),0
2013-10-22T00:09:53Z,orgullo colombiano! orgullo paisa!! orgulloso de ver al compatriota triunfando y dejando su nombre y el de nuestro pais por todo lo alto.,0
2013-10-21T00:36:52Z,grande ospina!!,0
2013-10-20T22:30:01Z,Long live colombia and ospina ftw in the world cup.,0
2013-12-12T17:11:41Z,belle journée,0
2013-10-20T21:34:49Z,"Il faut que le vidéo avait des sous-titres pour identifier le buteur, identifier les parties, qui joue contre qui et plus... C'est très difficile pour suivre le vidéo !",0
2013-10-16T09:08:24Z,"EA Guingamp , les paysans sont de retour !!!",0
2013-10-13T00:03:09Z,Malgré le 5-1 je trouve que le but de Lacazette est sublime!,0
2013-10-08T09:36:27Z,#Ligue1 - Retrouvez tous les buts de la 9e journée !,6
2013-10-08T00:36:26Z,avec Ajaccio ochoa tres mal. cest necessaire le changer pour un autre qui soi un peu meilleur,0
2013-10-07T18:22:57Z,"Montpellier !!!!!!! tjrs la !!
",0
2013-10-07T16:22:25Z,"Joli pour Paris, Nantes et le MHSC !!",0
2013-10-07T14:50:11Z,Mhsc !!!!!!!!!!!!!!!!!!!!!!!!!!!!!!!!!!!!!,0
2013-10-07T10:12:13Z,"belle journée de ligue 1 avec une pluie de but ! 
dommage pour l'OL ....",0
2013-10-07T01:52:58Z,J'adore la sympathie d'ibrahimovic envers ces coéquipiers ...,0
2013-10-29T08:43:44Z,#Ligue1 - Retrouvez tous les buts de la 11e journée !,7
2013-10-28T03:20:48Z,Chut espece de rageux !,0
2013-10-28T03:02:15Z,putain de paris vla les tricheur !,0
2013-10-27T23:08:27Z,"Manque Corgnet
",0
2013-11-01T09:41:03Z,et corgnet et  matuidi thauvin gignac ,0
2013-10-30T16:52:21Z,"Quand je vois les investisseurs milliardaires être à la tête d'un PSG détesté et d'un ASM sans aucune ferveur je me dis mais pourquoi l'ASSE n'est pas un grand d'Europe! Un club qui mérite une grande équipe, au même titre que l'OM, RCL, FCNA ou encore le RCS! Il est vraiment injuste ce championnat! PSG et ASM c'est 2 grosses fortunes qui ont salit l'image du foot Français! J'ai vraiment espoir de voir ce club parmi les grands C'est Aulas qui doit se prendre une giffle avec l'objectif maintient! ",0
2013-10-30T00:41:49Z,Prefiero el de falcao los otros tambien son muy buenos,0
2013-10-29T22:50:08Z,ou sont les but d'ibra et de cavani contre bastia ? et contre anderlecht haha  rageux!!,0
2013-10-29T19:14:10Z,Oh! Le premier buts est cheater !,0
2013-10-29T19:10:04Z,eh nan la lyonnaise!!,0
2013-10-29T17:16:39Z,vrai,0
2013-10-29T17:15:52Z,faux,0
2013-10-29T14:08:13Z,ET LA TÊTE DE GOMIS???,0
2013-10-29T12:25:38Z,Et la magnifique tête de Gomis ?,0
2013-10-29T08:14:43Z,OBRANIAAK!!! ALLEZ BORDEAUX!!! <3,0
2013-10-28T18:27:40Z,Ils auraient du mette le but de thauvin a la place du but d'Aboubakar,0
2013-10-28T13:34:07Z,Matuidi ?,0
2013-10-28T11:45:18Z,"moi j'aurais mis celui de Thauvin et de Corgnet a la place de ceux de Lorient et de bordeaux !
un supp ol",0
2013-10-28T11:44:20Z,je suis dac avec toi et pourtant je suis pour l'OL !,0
2013-10-28T10:36:32Z,lollll aboubakar,0
2013-10-28T10:35:35Z,helas comme tu le dit il y en que en Espagne que on voit des piquer et pas en France car on na pas l'habitude de en voir donc normal,0
2013-10-28T10:34:34Z,perso moi j'hesite entre le but de beauvue et lui de obbadi car ils sont magnifique,0
2013-10-28T08:55:56Z,Il y a une balle piquée c'est dans le top but ? Faut pas aller en Espagne où Messi marque que des buts comme ça !,0
2013-10-28T08:48:17Z,Le premier but de St-étienne est plus joli que celui d'obraniak ....,0
2013-10-28T08:41:50Z,je suis supporter du PSG et je ne comprend absolument pas pourquoi le but de thauvin nest pas ds le classement,0
2013-10-28T08:38:52Z,Aboubakar ??? WTF ,0
2013-10-28T07:16:22Z,Bordeaux <3 Obraniak <3,0
2013-10-27T23:29:20Z,"cette lourde d'obbadi, j'ai kiffé!",0
2013-10-27T23:20:53Z,Beauvue >>>>>>>,0
2013-11-10T13:28:00Z,Ca vaut meme pas un jaune,0
2013-11-10T13:01:18Z,"Bonne chance
",2
2013-11-09T09:19:58Z,retablie toi bien guerbert,7
2013-11-08T18:39:20Z,"O mais faut arrêter la vous connaissez les règles du foot c est un bon tacle mais malheureusement le pied de gerbert est reste coincé il n y a pas de carton normalement!! Bon rétablissement de gerbert
",2
2013-11-05T22:10:30Z,"Le genre de truc qui me donne envi d'arreter le foot, bon courage guerbhert",4
2013-11-05T12:07:38Z,Que Zouma soit sanctionné le plus lourdement possible pour cet acte complètement ignoble et idiot et souhaitons un très bon rétablissement à Guerbert.,4
2013-11-05T07:14:27Z,Bon rétablissement Guerbert,2
2013-11-05T01:59:32Z,"i'm just saying eversion injuries are the most dangerous for ankle injuries. Takes a really long time, hopefully he'll be playing professionally again. ",0
2013-11-05T00:46:48Z,Bon rétablissement ..,0
2013-11-04T20:09:11Z,il parle du carton pélo,0
2013-11-04T18:45:20Z,Mon dieu cet attentat,0
2013-11-04T16:50:49Z,"Une cheville d'anglais ne casse jamais, c'est connu",0
2013-11-04T16:13:07Z,ils mettent sa dans le meilleur de la 12 eme journée! jr ne vois pas telement ce qu'il y a de super,0
2013-11-04T15:28:52Z,"Le mec en l'air quand il chope le sochalien, a aucun moment le tacle est bon, et meme si il n'etait en suspension il arrive par derriere donc c'est deja dangereux",0
2013-11-04T15:09:19Z,Ta quoi contre les noirs je te signale que il y a aussi des blancs qui joue au foot et qui font des tacles qui sont pires que des prises de catch! raciste...,0
2013-11-04T14:55:37Z,Espèce de débile il a la jambe en deux et une luxation ! Il est trop engagé le joueur --' faut arrêter de dire qu'il y a rien...,0
2013-11-04T14:38:09Z,"Le tacle n'est pas bon, il a les deux pieds décollés du sol !",0
2013-11-04T14:27:39Z,"le tacle est bon, une jambe pour chopper la balle l'autre plier rien a dire, malheuresement les crampons reste enfoncer et au lieu que le pied parte c'est la cheville qui ramasse, mais c'est faute à pas de chance c'est tout
le tacle est propre, dur, mais propre, en angleterre il n'y aurait rien eu ...",0
2013-11-04T12:31:50Z,"N'empêche, Kurt Zouma meilleur boucher de France!!:-P ok je sors",0
2013-11-04T12:30:50Z,"Moi je trouve surtout que ça montre le contraste avec les mecs qui simulent.. La première réaction de Guerbert c'est pas de se tordre de douleur mais d'appeler le staff médical donc on voit tout de suite que c'est sérieux.. Alors que les mecs qui font 15 tonneaux et qui se tiennent la tête alors qu'on les a touché aux jambes ils sont debout 37 secondes plus tard!
Bref coup dur pour Guerbert j'espère qu'il s'en remettra :/",0
2013-11-04T12:06:33Z,Don't be silly.,0
2013-11-04T11:50:01Z,Le pauvre,0
2013-11-04T11:34:25Z,Méchant tacle :s Saison finie pour Guerbert.. ,0
2013-11-04T06:09:28Z,"Certe il y a faute mais pour moi c est un tacle normal les deux pieds ne sont pas en avant il joue la balle, apres la cuisse bloque la cheville et c est malheureux. Donc oui il y a faute mais de la à l insulter c est limites car ces tacle y en a 40 par journee de ligue 1 et personne dis rien quand il n'y a pas de blessure. Pour les supporter sochaliens qui insulte zouma vous avez son frere dans l equipe donc vous respectez pas votre joueur en insultant son frere. Courage et bon rétablissement",0
2013-11-04T05:51:13Z,C'est coi ce tacle,0
2013-11-04T05:15:55Z,"Personne ne mérite de se blesser de la sorte, Zouma arrive comme une bombe dans ses pieds, il n'y aurait rien eu ça aurait été un super geste défensif. Mais là, la vitesse + le choc c trop. Bon rétablissement, un rémois",0
2013-11-04T02:06:38Z,his career is most likely over :'(,0
2013-11-04T01:58:23Z,il a raison il n'y a pas faute il joue le ballon et le touche ,0
2013-11-04T01:53:29Z,"ta geule cordialement
",0
2013-11-04T01:01:11Z,c'est pas une vidéo à partager ça...,0
2013-11-04T00:06:40Z,Y'a pas faute !,0
2013-11-03T23:38:34Z,oué regarde le résume du match c'est vrai que l'on vois bien que Guerbert ce blesse apres le tacle mais n'importe qu'elle arbitre aurais mis le rouge ,0
2013-11-03T23:28:15Z,tu as tout a fait raison mais le tacle et musclé donc a cause de ça il ce fracture :/,0
2013-11-03T23:28:10Z,11 match de suspension comme eysseric sinon la video est horrible,0
2013-11-03T23:27:23Z,5 a 6 mois enfaîte donc il a pas de saison car après il ya la kiné et tout :s,0
2013-11-03T23:21:55Z,Ça rappelle des souvenirs :/,0
2013-11-03T23:16:51Z,Comme le joueur est blessé 4 mois il faudrait 4 mois de suspension au fautif,0
2013-11-03T23:11:40Z,OMG le pauvre! j'aime bien l'asse mais srx pour ça le joueur mérite une énorme suspension c'est une honte !,0
2013-11-03T23:10:13Z,Bon retablissement a toi mec.,0
2013-11-04T16:39:00Z,"wahbi khazri <3
",0
2013-11-04T02:24:57Z,"O gol do Lucas foi o melhor!

L'objectif de la Lucas était le meilleur!

The goal of the Lucas was the best!
",0
2013-11-04T01:22:57Z,Great free kick from Wahbi Khazri,0
2014-07-27T22:16:17Z,Only three replays each save? ,0
2014-04-16T10:16:46Z,Issa nissa reste à nice,0
2014-03-06T07:52:41Z,Je suis Marseiller et je trouve que les meilleur gardien de ligue 1 sont Sirigu Subasic et Ochoa,0
2014-01-22T02:41:19Z,Made in Atletico Nacional,0
2013-10-30T14:51:59Z,"COLOMBIAAA

search ""atajadas ospina argentina vs colombia""

 top 3 GKs in world",0
2013-10-27T20:45:33Z,Mon dieu le croisée d'ayew,0
2013-10-26T13:48:33Z,"Ochoa , et après Ospina , on découvre beaucoup de talent cette saison :)",0
2013-10-24T12:05:56Z,"Allez Nice et Ospina est dans l'ombre de Cvitanich,Bauthéac,Digard mais ce un très bon gardien.Au fait les 2 pouces rouges se sont des Marseillais qui rage ...",0
2013-10-24T05:05:07Z,j'adore ce gardien,0
2013-10-23T12:36:05Z,C vrai,0
2013-10-22T14:41:24Z,mdr,0
2013-10-22T08:23:49Z,"Des daltoniens sans doutes ? :)
",0
2013-10-21T16:52:24Z,"je t'aime comme la cocaïne, je t'aime comme la marijuana, ospina! ospina!:p",0
2013-10-21T15:28:11Z,c qui les  bouler qui ont mit un pouce rouge!!!,0
2013-10-21T14:46:51Z,"si il fait tout les matchs comme ça, nice sera champions de ligue 1 ...",0
2013-10-21T10:00:54Z,Il pourait partir dans un grand club,0
2013-10-21T09:51:47Z,Ça fait 3 ans qu'il vaut de l'or ce goal t'es un boulet,0
2013-10-21T08:55:34Z,même pas dans le top arrêt... ,0
2013-10-21T07:37:21Z,"Bah dis donc, tu m'as l'air d'un petit footix.. On entendait pas parler de lui ?! C'est l'un des meilleurs gardien de L1 depuis 3 ans..",0
2013-10-20T22:53:59Z,Chapeau l'artiste :(,0
2013-10-20T22:05:34Z,Je dis bravo à ospina qui n'est pas un gardien dont on parlais beaucoup jusqu'à présent ! Il faudrait qu'il fasse tous ses matchs comme ça,0
2013-10-25T13:02:13Z,"c pas landreau c'est ruffier!
",0
2013-10-12T17:56:35Z,Landreau il est pas beau son arrêt,0
2013-10-10T16:25:48Z,Landreau il est beau son arrêt,0
2013-10-09T15:40:39Z,Hanticapé,0
2013-10-09T13:07:36Z,Normal qu'il  y a pas hors puisque c'est  le adversaire  qu il lui fait la passe,0
2013-10-09T12:16:52Z,Dans le premier cas y'a pas hors jeu ??,0
2013-10-08T16:00:41Z,Kikou,0
2013-10-08T08:47:18Z,Lol,0
2013-11-09T07:28:38Z,Fuck lol,0
2013-11-07T17:43:07Z,Votez gratuitement et sans abonnement pour votre club préféré de Ligue 1 :  http://www.pixule.com/sondages/sport/foot/215780772662_quel-club-prefere-vous-en-ligue-1.html,0
2013-11-06T13:40:20Z,Zlatan Les rageux > Attend que le Stade de Reims vienne vous battre 3-0 a Paris :D,0
2013-11-05T08:34:29Z,#Ligue1 - Retrouvez tous les buts de la 12e journée !,9
2013-11-04T21:03:18Z,Aller l'OL on est ensemble avec vous <3333,0
2013-11-04T18:53:28Z,Bien jouer,0
2013-11-04T18:11:07Z,pas mal tu m'as tuer :D,0
2013-11-04T17:40:11Z,ULTRA DE BORDEAUX ! MARSEILLE EST UN POISON BORDEAUX EST L'ANTIDOTE !,0
2013-11-04T17:39:29Z,Paris est merdique !,0
2013-11-04T10:23:51Z,Tg merci,0
2013-11-04T10:17:53Z,calme toi !! couché !!! ,0
2013-11-03T23:18:21Z,PARIIIIIIIIS !!! INVAINCU !!!!! ICIIIIIII C'EST PARIIIIIIIIIS,0
2013-11-03T23:10:52Z,OL <3,0
2013-12-02T14:59:41Z,Forza OM ! ,0
2013-11-23T09:01:46Z,Paulsumche on insulte pas Marseille même si je suis pas pour eux,1
2013-11-20T13:56:18Z,MARSEILLE MARSEILLE ON T'ENC*LE,0
2013-11-19T22:12:15Z,Car LE tifo OM *,0
2013-11-19T22:11:32Z,Franchement je suis vraiment pas pour Marseille mais respect car les tifos OM et super dur a faire je suis supporter et cela avec les papiers de partout qui s envole et certaine personne qui le fond pas pour voir vraiment un truc respect ,1
2013-11-19T14:15:41Z,paris a une équipe plutôt bonne mais un publique tous pourris ^^,1
2013-11-19T11:25:53Z,ICI C'EST PARIS !!!!!!<<<<33333,2
2013-11-03T23:47:29Z,"marseille raciste ? t'es un rigolo toi !! marseille est la capitale cosmopolite ! 
Et les utras leur slogant c'est anti fasho !
et notre russe comme tu dis c'est la femme de dreyfus qui est mort ( lui mettait beaucoup d'argent) 
elle elle en met plus dans ces fourures que dans le club 
Quand on sais pas on ferme ca gueule 
Forza OM
",0
2013-11-02T21:31:20Z,t'es frustré ma loutre ?,0
2013-11-02T19:15:13Z,"t'est pas prêt d'avoir des tifos comme ca oui mdrr
",0
2013-10-23T12:45:55Z,cool ta vie tu veux un cookie,0
2013-10-19T07:35:31Z,J'y suis allé,0
2013-10-16T08:29:32Z,Mais elle reste minable,0
2013-10-15T15:07:02Z,ta gueule on en a des meilleurs que vous sale hooligan ,0
2013-10-13T13:17:18Z,MDR vrai,0
2013-10-13T13:16:19Z,Tribune de merde ...,0
2013-10-11T10:33:15Z,respect from algeria ,0
2013-10-10T21:41:03Z,c pas des supporter sa ,0
2013-10-10T16:22:04Z,"Et vs a votre russe Dreyfus, srx en plus de ca vs etes racistes, qu est ce que ca peut faire qu ils aient les moyens, l OM appartient a une MILIARDAIRE dc tg, marseille boss je t ai répondu sur l autre video, t apprendras a fermer ta gueule a l avenir",0
2013-10-10T09:55:50Z,A Bon t'es sur ? demande a ton prince...,0
2013-10-10T08:11:53Z,Remercier les arabes ki on investi dans votre club qui etait grave en chute libre bande de rigolo,0
2013-10-09T18:45:49Z,"Christiane en meme temps si tu vas voir un paris Valenciennes ne t attend pas a voir un public de fou, tu ne devais pas etre là pour les GROS match comme contre le barca",0
2013-10-09T18:43:16Z,"En même temps, quand tu vois certains ultras (et c'est pas qu'une petite quantité), c'est un peu justifié.",0
2013-10-09T15:29:31Z,Et Zlatan a le talent de faire des fautes d’orthographe ... ,0
2013-10-09T11:19:10Z,"La ligue qui fait la promo des tifos et des tribunes , alors que dans le même temps elle tue les groupes ultras et la culture des  tribunes.
pathétique",0
2013-10-09T00:23:48Z,plus dambiance nn faut pas exagrer morray!!!meilleur equipe oui mes pas meilleur ambiance!!!tu va au parc tes assis a coter de petite famille comme si tu été au teatre!!lol!!,0
2013-10-08T21:44:36Z,Et vous avez meme le talent d'organiser des matches truquées ....une chose qu'à Paris on ne sait pas faire!,0
2013-10-08T21:32:30Z,Apparemment les supporters de l'OM ont plus d'humour que toi.....,0
2013-10-08T21:16:30Z,"l'argent ne fait pas le bohneur, l'OM si. la blagounette, ça rend heureux de perdre ? x) faudrait que Paris éssaye tien, ah mais ça fait 27 matchs qu'ils ont pas perdu ... on est pas prèt de goûter au bohneur je crois ...",0
2013-10-08T17:59:35Z,"Rien à voir avec les qataris, les assos n'existent plus au parc depuis le plan Leproux! ",0
2013-10-08T17:48:14Z,"LFP, des fumigènes pour ta publicité, des IDS pour ta crédibilité... (supp stéphanois)",0
2013-10-08T17:46:53Z,"a tt les marseillais, ya plus d'ambiance au parc en ce moment que chez vous. dimanche soir a part des siflet et la voix de tonini ds son mega yavait rien. vous me faites trop marrer. ya 10 fois plus de bruit a paris meme apres le plan leproux. allez Paris. franchement votre club fait de plus en plus pitie.",0
2013-10-08T14:36:31Z,"Jaloux du fait qu'il y est plus d'ambiance à Marseille qu'à Paris. Et je te rappelle un truc, sans les suporters, aucun Qataris n'aurait investit de l'argent au PSG, sans les supporters, le football n'existerait pas....",0
2013-10-08T10:54:32Z,Aux moins a Marseille au aura une chose que les parisiens auront jamais avec leurs qataris ! c'est L'Ambiance ! ,0
2013-10-08T10:38:03Z,"Pour les intéressé,  je fais des video  où je parle du foot sur des gameplay de COD ;D",0
2013-10-08T05:51:34Z,Traduction : L'entrée des joueurs avec Jump vu des tribunes,0
2013-10-08T02:05:12Z,"Viens a Paris et ose redire ça...
J'suis supp' parisien, j'suis fier de l'être mais je sais faire la distinction entre chambrer sportivement et insulte hors domaine sportif.
La tu montres juste a tous les mecs simple que les supp' marseillais sont des cons. Heureusement, j'ai des potes marseillais qui sont pas aussi cons que toi",0
2013-10-08T01:42:56Z,"Grand public,petite équipe,dommage...",0
2013-10-08T01:31:59Z,LIBERTE POUR LES ULTRAS!!,0
2013-10-08T01:23:03Z,En tt cas l'argent nous a donné beaucoup de bonheur Dimanche soir... pas à l'om. À 10 contre 11. Quelle honte.,0
2013-10-07T21:34:49Z,Le vieux montage musical :0,0
2013-10-07T20:08:00Z,LIBERTE POUR LES ULTRAS ! SANS SES ULTRAS VOTRE CLASSICO NE VAUT PLUS RIEN !,0
2013-10-07T20:06:00Z,OM - PSG tu sais lire,0
2013-10-07T19:28:51Z,Pk on montre les tifos marseillais mais jamais de sainte ?,0
2013-10-07T19:20:07Z,Si c'est pour dire ça <<<<<<<<<<<<,0
2013-10-07T19:19:45Z,"Franchement, je supporte tout comme toi l'OM mais là tu dépasses les limites, sais-tu combien de maghrébins et autres africains vivent à Marseille ? ",0
2013-10-07T19:15:30Z,L'argent ne fait pas le bonheur...  L'Om si !,0
2013-10-07T19:05:23Z,je rêve ou un marseillais est raciste?,0
2013-10-07T19:03:05Z,Ici c'est un commentaire!,0
2013-10-07T18:41:15Z,ICI C'EST PARIS,0
2013-12-27T16:07:52Z,Respect,8
2013-11-11T20:05:08Z,get LUKAKU!!!!!!!!!!!!!!!!!!!!!!!!!!!!!!!!!!!!!!!!!!!!!!!!!!!!!!!!!!!!!!!!!!!!!!!!!!!!!!!!!!!!!!!!!!!!!!!!!!!!!!!,0
2013-10-25T19:16:26Z,he definitely wanted to steal it I think ;D,1
2013-10-23T15:46:50Z,funny how the assistant tries to steal the trikot several times...,0
2013-10-21T02:54:27Z,I wish I was him!,1
2013-10-20T23:24:46Z,he tripped him,0
2013-10-20T23:22:04Z,What did he do in the first place to have to apologise? ,0
2014-07-17T08:32:24Z,"avec l'argent qu'il y a au psg, c'est un minimum qu'ils marquent",5
2014-05-13T06:13:31Z,super bien joue pour zlatan et cavani,0
2014-03-11T12:37:39Z,Le gardien de bastier à peur d'ibracadabra ;),2
2014-02-13T13:00:26Z,"French teams are so weak ! 
Ibra Cavani and Thiago Silva shouldn't be there.",0
2014-01-18T16:23:04Z,Zlatan Cavanie les meilleur joueur du monde ,1
2013-12-21T07:28:05Z,magnifique doublé de zlatan et aussi cavani,0
2013-10-25T20:13:37Z,Ct encore le 1000 eme matche au parc ?! Sa fait combien de 1000 eme matches qu on a jouer morray ? :s,0
2013-10-23T17:43:21Z,"La classe .....
",0
2013-10-23T17:28:20Z,ALLEZ PARIS :),0
2013-10-23T08:50:28Z,Ces buts sont magnifiques!!!,0
2013-10-23T08:19:54Z,"#Ligue1 - Classement des buteurs - Pour la première fois, Edinson Cavani et Zlatan Ibrahimovic (PSG) ont marqué dans un même match de Ligue 1, en signant chacun un doublé, pour se rapprocher du Top 5 des buteurs. http://bit.ly/1cNXu5F",25
2013-10-22T20:39:43Z,Aller paris,0
2013-10-22T13:50:29Z,Fantastique match pr le 1000 e match au parc des princes,0
2013-10-22T09:13:49Z,"Ecouté les 3 coups des supporters sur le but de Cavani, au 3ème ta des frisons. ;)",1
2013-10-21T17:22:08Z,si :) regarde sur interne tj'en suis quazi sur ,0
2013-10-21T15:54:54Z,Grave vu que ce sont les siens ,0
2013-10-21T11:44:04Z,Il y a que ibra qui peut mettre ses buts,0
2013-10-21T07:23:36Z,c pas le 1000 ème,0
2013-10-20T23:07:55Z,IBRA c'est PLUS FORT QUE TOI !!!!!,0
2013-10-20T22:14:30Z,Y'as de quoi rigoler et applaudir comme zlatan sur ce but de cavani. Merci Zlatan de montrer ca a la ligue 1 ,3
2013-10-20T22:11:38Z,Sa c'est une victoire mérité pour le 1000 ème match de Paris au Parc des Princes,0
2013-10-11T11:54:38Z,Once they complete that thing it will be one of the most intimidating grounds/stades in Europe. ,0
2013-10-07T19:31:24Z,"allez om
",1
2013-10-07T12:27:40Z,JUMP.,0
2013-10-07T06:31:35Z,Hoi,0
2013-11-04T01:47:09Z,"Lille just came up. I like Marsaille, Lyon,St Ettienne and Montpellier aswell",0
2013-10-29T07:24:29Z,"I love watching Ligue 1, very entertaining",0
2013-10-29T01:32:36Z,Amazing thank you,0
2013-10-28T15:44:45Z,PSG and AS Monaco are the only reason that I'm interested in ligue 1,0
2013-10-28T10:34:18Z,i think marquinhos needw to gain experience .Both goals were conceded because of him,0
2013-10-28T03:22:48Z,its not league fs its legan,0
2013-10-28T01:16:40Z,Nelson Oliveira !! :D,0
2013-10-28T00:15:51Z,Marseille's defense is horrible and what did Ahmada eat that day!,0
2013-10-28T00:14:11Z,L`om went don't hill,0
