publish_date,title,view_count
2013-10-27T23:00:01Z,But Prince ONIANGUE (90&#39; +1) - Olympique de Marseille - Stade de Reims (2-3 - 2013/2014,2932
2013-12-19T06:00:00Z,But Prince ONIANGUE (64&#39;) - Olympique Lyonnais-Stade de Reims (3-2) - 18/12/13 (1/8 de finale),354
2013-10-20T22:00:01Z,Goal Prince ONIANGUE (59&#39;) - Stade de Reims - Toulouse FC (1-2) - 2013/2014,376
2013-11-03T23:00:01Z,But Prince ONIANGUE (50&#39;) - Stade de Reims - SC Bastia (4-2 - 2013/2014,1465
2013-10-06T22:00:01Z,Goal Prince ONIANGUE (30&#39;) - Valenciennes FC - Stade de Reims (1-1) - 2013/2014,183
2014-02-23T23:00:03Z,But Prince ONIANGUE (53&#39;) - AS Monaco FC-Stade de Reims (3-2) - 21/02/14 - (ASM-SdR),2620
2013-10-27T23:00:01Z,Goal Prince ONIANGUE (90&#39; +1) - Olympique de Marseille - Stade de Reims (2-3) - 2013/2014,270
2014-03-02T23:00:01Z,Goal Prince ONIANGUE (38&#39;) - Stade de Reims-Valenciennes FC (3-1) - 01/03/14 - (SdR-VAFC),220
2013-10-20T22:00:02Z,But Prince ONIANGUE (59&#39;) - Stade de Reims - Toulouse FC (1-2 - 2013/2014,1376
2013-11-03T23:00:01Z,Goal Prince ONIANGUE (50&#39;) - Stade de Reims - SC Bastia (4-2) - 2013/2014,134
2013-10-06T22:00:01Z,But Prince ONIANGUE (30&#39;) - Valenciennes FC - Stade de Reims (1-1 - 2013/2014,727
2014-02-23T23:00:01Z,Goal Prince ONIANGUE (53&#39;) - AS Monaco FC-Stade de Reims (3-2) - 21/02/14 - (ASM-SdR),310
2014-05-10T23:37:22Z,But Prince ONIANGUE (40&#39;) - AC Ajaccio-Stade de Reims (2-1) - 10/05/14 - (ACA-SdR),416
2014-03-02T23:00:02Z,But Prince ONIANGUE (38&#39;) - Stade de Reims-Valenciennes FC (3-1) - 01/03/14 - (SdR-VAFC),458
2013-12-05T23:00:01Z,Goal Prince ONIANGUE (86&#39;) - FC Sochaux-Montbéliard - Stade de Reims (0-2) - 04/12/13 (FCSM - SdR),234
2014-02-23T23:00:02Z,Goal Prince ONIANGUE (71&#39;) - AS Monaco FC-Stade de Reims (3-2) - 21/02/14 - (ASM-SdR),394
2014-05-04T22:00:03Z,But Prince ONIANGUE (30&#39;) - Stade de Reims-Evian TG FC (1-0) - 04/05/14 - (SdR-ETG),967
2013-10-07T00:03:22Z,OM - PSG : Lavezzi&#39;s crazy joke with the cameraman - 2013/2014,113866
2014-05-10T23:40:11Z,Goal Prince ONIANGUE (40&#39;) - AC Ajaccio-Stade de Reims (2-1) - 10/05/14 - (ACA-SdR),271
2013-10-20T21:59:00Z,Lavezzi retrouve le caméraman d&#39;OM - PSG - 2013/2014 (PSG - Bastia),160738
2013-12-05T23:00:02Z,But Prince ONIANGUE (86&#39;) - FC Sochaux-Montbéliard - Stade de Reims (0-2) - 04/12/13 (FCSM - SdR),500
2014-02-23T23:00:02Z,But Prince ONIANGUE (71&#39;) - AS Monaco FC-Stade de Reims (3-2) - 21/02/14 - (ASM-SdR),654
2014-05-04T22:00:03Z,Goal Prince ONIANGUE (30&#39;) - Stade de Reims-Evian TG FC (1-0) - 04/05/14 - (SdR-ETG),522
2013-10-06T23:58:59Z,OM - PSG : la blague finale de Lavezzi - 2013/2014,482371
2014-02-16T09:44:37Z,Reims-Bordeaux : Interview fin de match,702
2013-08-17T21:22:23Z,Oniangué : &quot;C&#39;est une question de mentalité&quot; - 17/08,238
2013-10-20T22:00:01Z,Stade de Reims - Toulouse FC (1-2) - Highlights (SdR - TFC) - 2013/2014,1413
2013-10-27T23:00:01Z,Olympique de Marseille - Stade de Reims (2-3) - Highlights (OM - SdR) - 2013/2014,9783
2014-02-23T23:39:23Z,Week 26 : Bloopers - Ligue 1 - 2013/2014,3395
2013-12-01T23:00:02Z,AS Saint-Etienne - Stade de Reims (4-0) - 30/11/13 - (ASSE - SdR) - Résumé,51721
2013-11-03T22:59:01Z,Double fracture for Guerbert - (Sochaux-Saint-Etienne) Ligue1  - 2013/2014,88545
2013-11-03T23:47:29Z,Ligue 1 - Top buts 12ème journée - 2013/2014,15284
2013-10-20T21:59:00Z,Fantastic game of goalkeeper David Ospina - 2013/2014 - Nice - OM,58189
2013-10-06T23:49:55Z,Ligue 1 - Tous les buts de la 9ème journée - 2013/2014,12182
2013-10-27T23:04:17Z,Ligue 1 - Tous les buts de la 11ème journée - 2013/2014,8973
2013-10-27T23:00:01Z,Ligue 1 - Top buts 11ème journée - 2013/2014,7531
2013-11-03T22:59:01Z,Double fracture terrible pour Guerbert - (Sochaux - Saint-Etienne) - 2013/2014,61160
2013-11-03T23:49:26Z,Ligue 1 - Week 12 : Top goals - 2013/2014,3927
2013-10-20T21:59:00Z,Le match parfait d&#39;Ospina (OGC Nice - OM) - 2013/2014,10918
2013-10-06T22:00:01Z,J9 : des passes en retrait hallucinantes ! - 2013/2014,4822
2013-10-27T23:03:04Z,Ligue 1 - Week 11 : Goals compilation - 2013/2014,322
2013-11-03T23:03:31Z,Ligue 1 - Tous les buts de la 12ème journée - 2013/2014,7506
2013-10-07T00:06:17Z,OM - PSG vu des tribunes - 2013/2014,14409
2013-10-20T21:59:00Z,Lavezzi&#39;s apology to the cameraman - 2013/2014 - PSG - Bastia,47166
2013-11-03T23:00:00Z,But Nicolas DE PREVILLE (24&#39;) - Stade de Reims - SC Bastia (4-2 - 2013/2014,782
2014-05-07T22:21:33Z,Ligue 1 - Tous les buts de la 36ème journée - 2013/2014,3221
2013-10-20T21:59:00Z,Les doublés incroyables d&#39;Ibra et Cavani - 2013/2014 - PSG - Bastia,198433
2013-11-03T23:03:50Z,Ligue 1 - Week 12 : Goals compilation - 2013/2014,518
2013-10-06T23:59:12Z,OM - PSG seen from the stands- 2013/2014,2264
2013-10-27T23:40:50Z,Ligue 1 - Week 11 Highlights - 2013/2014,5867
