publish_date,title,view_count
2014-01-22T21:55:51Z,Distel Zola,6888
2013-08-23T09:13:35Z,Avant HAC - Nancy: interview de Distel Zola,517
2014-02-08T23:00:00Z,Havre AC - Nîmes Olympique (0-1) - 07/02/14 - (HAC-NIMES) -Résumé,2303
2013-09-25T22:00:13Z,Havre AC - FC Istres (1-0) - Le résumé (HAC - FCIOP) - 2013/2014,3522
2013-12-21T23:00:01Z,Havre AC - AJ Auxerre (2-0) - 20/12/13 - (HAC - AJA) - Résumé,7802
2014-01-11T23:00:00Z,Havre AC - FC Metz (2-2) - 10/01/14 - (HAC-FCM) -Résumé,5745
2013-11-02T23:25:20Z,CA Bastia - Havre AC (0-0) - Le résumé (CAB - HAC) - 2013/2014,1939
2013-12-14T23:00:01Z,ESTAC Troyes - Havre AC (0-1) - 13/12/13 - (ESTAC - HAC) - Résumé,2781
2013-11-23T23:00:00Z,Tours FC - Havre AC (2-2) - Le résumé (TOURS - HAC) - 2013/2014,10149
2013-11-09T23:00:01Z,Havre AC - Angers SCO (1-2) - Le résumé (HAC - SCO) - 2013/2014,9468
2014-02-04T11:00:02Z,AS Nancy-Lorraine - Havre AC (3-2) - 03/02/14 - (ASNL-HAC) -Résumé,7552
2014-03-01T23:00:00Z,FC Istres - Havre AC (0-1) - 28/02/14 - (FCIOP-HAC) - Résumé,1750
2013-09-28T22:00:01Z,SM Caen - Havre AC (1-0) - Le résumé (SMC - HAC) - 2013/2014,14755
2013-08-17T22:00:11Z,Chamois Niortais - Havre AC (1-1) - Le résumé (NIORT - HAC) - 2013/2014,5008
2014-05-17T22:00:01Z,Havre AC - AC Arles Avignon (2-1) - Résumé - 16/05/14 - (HAC-ACA),4532
2014-04-26T22:00:01Z,US Créteil - Havre AC (2-0) - 25/04/14 - (USCL-HAC) - Résumé,2805
2014-01-25T23:00:01Z,Havre AC - Chamois Niortais (1-2) - 24/01/14 - (HAC-NIORT) -Résumé,3400
2013-09-21T22:00:08Z,Châteauroux - Havre AC (2-2) - Le résumé (LBC - HAC) - 2013/2014,4124
2014-05-03T22:00:01Z,Havre AC - ESTAC Troyes (2-1) - 02/05/14 - (HAC-ESTAC) - Résumé,4505
2013-11-30T23:00:00Z,Havre AC - US Créteil (3-1) - 29/11/13 - (HAC - USCL) - Résumé,4189
2014-05-10T22:00:01Z,FC Metz - Havre AC (3-0) - Résumé - 09/05/14 - (FCM-HAC),18811
2013-08-10T22:00:11Z,Havre AC - Clermont Foot (0-1) - Le résumé (HAC - CF63) - 2013/2014,5383
2014-03-08T23:16:16Z,Havre AC - SM Caen (1-1) - 07/03/14 - (HAC-SMC) - Résumé,10773
2014-01-11T18:01:34Z,Conférence de presse Havre AC - FC Metz (2-2) - 2013/2014,315
2013-10-23T13:16:12Z,21 - Cédric MONGONGOU,318
2013-08-20T15:14:43Z,Cedrick Mabwati Vs Real Madrid (A) By Linus,58441
2014-06-08T14:07:51Z,Zakuani: &#39;I Play For The Badge!&#39;,3032
2013-10-31T13:10:50Z,Chancel Mbemba élimine 5 joueurs du standard,5373
2013-08-21T12:06:50Z,Galin Ivanov Highlights 3,3127
2014-01-29T23:23:15Z,Nicaise Kudimbana ● Kv Ostende |2013 - 2014|  Prestation ● HD,1081
2013-11-03T14:24:23Z,Ekigho &#39; dan çıldırtan kaçan gol !,2779
2014-03-22T23:00:01Z,Havre AC - Stade Lavallois (1-1) - 21/03/14 - (HAC-LAVAL) - Résumé,2974
2014-02-16T23:00:02Z,Goal Cédric MONGONGU (64&#39;) - Evian TG FC-LOSC Lille (2-2) - 16/02/14 - (ETG-LOSC),624
2013-10-18T11:30:12Z,YFC U15 - SHAPE VS HAVRE - SCORER KOSTAS,349
2013-10-21T14:52:54Z,SK Dynamo - FC Tescoma Zlín     2:0,604
2013-08-16T23:02:11Z,"Après Niort - HAC (1-1), les réactions",1623
2014-01-06T13:20:02Z,Gabriel Zakuani: Thank You Gabi,1903
2013-12-22T23:00:02Z,But Cédric MONGONGU (27&#39; pen) - OGC Nice-Evian TG FC (3-1) - 21/12/13 (OGCN-ETG),1007
2014-06-30T15:45:43Z,Médard Lusadusu Basilwa - Portrait Emission Passeport,541
2013-09-24T21:57:16Z,Après HAC - Istres (1-0): les réactions,1249
2013-09-14T15:32:44Z,"Après HAC - Lens (6-2), les réactions",4060
2013-08-23T21:55:35Z,Après HAC - Nancy (1-1): les réactions,2242
2013-09-12T13:23:07Z,Duplex Onzéo: Christophe Revault invité de Christophe Jammot,1661
2013-10-04T23:58:06Z,Après HAC - Dijon (0-0): les réactions,1088
2013-10-15T14:43:57Z,Cedrick Makiadi über das Spiel gegen Freiburg,1345
2014-05-10T19:09:26Z,10.05.2014::D1-PLAY OFFS::J6::AVANT / BEFORE V.CLUB - TP MAZEMBE,3029
