publish_date,title,view_count
2014-01-11T23:00:01Z,US Créteil - Châteauroux (3-2) - 11/01/14 - (USCL-LBC) -Résumé,3625
2013-11-02T23:46:27Z,Châteauroux - Clermont Foot (3-0) - Le résumé (LBC - CF63) - 2013/2014,4449
2013-11-30T23:00:01Z,Châteauroux - FC Istres (2-0) - 29/11/13 - (LBC - FCIOP) - Résumé,4065
2014-02-15T23:00:01Z,Châteauroux - ESTAC Troyes (2-1) - 14/02/14 - (LBC-ESTAC) - Résumé,3250
2014-02-01T23:00:02Z,Châteauroux - AJ Auxerre (2-0) - 31/01/14 - (LBC-AJA) -Résumé,3245
2013-08-10T22:00:11Z,Angers SCO - Châteauroux (1-0) - Le résumé (SCO - LBC) - 2013/2014,6290
2014-05-10T22:00:02Z,Châteauroux - US Créteil (0-2) - Résumé - 09/05/14 - (LBC-USCL),2421
2013-08-03T22:00:12Z,Châteauroux - Stade Brestois 29 (3-3) - Le résumé (LBC - SB29) - 2013/2014,13795
2014-04-22T10:00:01Z,Châteauroux - RC Lens (1-1) - 21/04/14 - (LBC-RCL) - Résumé,9088
2014-05-07T22:00:01Z,Dijon FCO - Châteauroux (2-1) - 06/05/14 - (DFCO-LBC) - Résumé,2552
2013-12-21T23:00:01Z,Châteauroux - Dijon FCO (3-1) - 20/12/13 - (LBC - DFCO) - Résumé,5660
2013-10-05T22:00:01Z,FC Metz - Châteauroux (1-0) - Le résumé (FCM - LBC) - 2013/2014,5326
2014-01-25T23:00:01Z,Tours FC - Châteauroux (5-2) - 25/01/14 - (TOURS-LBC) -Résumé,14730
2014-03-29T23:00:01Z,Châteauroux - Nîmes Olympique (2-0) - 28/03/14 - (LBC-NIMES) - Résumé,2941
2013-09-28T22:00:01Z,Châteauroux - Chamois Niortais (3-0) - Le résumé (LBC - NIORT) - 2013/2014,3542
2014-01-18T23:00:03Z,Châteauroux - Angers SCO (0-1) - 17/01/14 - (LBC-SCO) -Résumé,4341
2014-02-08T23:00:00Z,CA Bastia - Châteauroux (1-4) - 07/02/14 - (CAB-LBC) -Résumé,4148
2013-11-23T23:00:00Z,RC Lens - Châteauroux (2-0) - Le résumé (RCL - LBC) - 2013/2014,15724
2013-08-17T22:00:11Z,Châteauroux - Tours FC (0-4) - Le résumé (LBC - TOURS) - 2013/2014,8994
2013-09-25T22:00:10Z,AC Arles Avignon - Châteauroux (1-1) - Le résumé (ACA - LBC) - 2013/2014,2129
2013-10-19T22:00:00Z,Châteauroux - SM Caen (0-2) - Le résumé (LBC - SMC) - 2013/2014,5101
2014-04-26T22:00:01Z,FC Istres - Châteauroux (0-0) - 25/04/14 - (FCIOP-LBC) - Résumé,1062
2014-02-22T23:00:01Z,Havre AC - Châteauroux (0-0) - 21/02/14 - (HAC-LBC) - Résumé,1396
2013-10-26T22:00:00Z,Nîmes Olympique - Châteauroux (3-1) - Le résumé (NIMES - LBC) - 2013/2014,2681
2013-11-09T23:00:00Z,AS Nancy-Lorraine - Châteauroux (2-0) - Le résumé (ASNL - LBC) - 2013/2014,5077
2014-03-08T23:15:09Z,Chamois Niortais - Châteauroux (4-0) - 07/03/14 - (NIORT-LBC) - Résumé,4625
2014-05-03T22:00:02Z,Châteauroux - Stade Lavallois (1-1) - 02/05/14 - (LBC-LAVAL) - Résumé,2689
2013-12-14T23:00:00Z,Stade Lavallois - Châteauroux (2-2) - 13/12/13 - (LAVAL - LBC) - Résumé,4136
2014-03-22T23:00:00Z,SM Caen - Châteauroux (1-1) - 21/03/14 - (SMC-LBC) - Résumé,21334
2014-03-15T23:00:00Z,Châteauroux - FC Metz (0-1) - 14/03/14 - (LBC-FCM) - Résumé,3863
2014-05-17T22:00:01Z,Stade Brestois 29 - Châteauroux (3-0) - Résumé - 16/05/14 - (SB29-LBC),5857
2014-03-01T23:00:01Z,Châteauroux - AC Arles Avignon (2-0) - 28/02/14 - (LBC-ACA) - Résumé,2377
2014-04-28T13:31:59Z,Majeed Waris l&#39;héritier ghanéen de Steve Savidan,127
