published-time,comment,likes
2014-04-04T19:54:13Z,Au 04/04/2014 il n'y a plus de des match nul pour les Bleu&Noir. Le FCT ne montera pas en L1 pour 2015 ! Pas assez de charisme et c'est un tourangeau qui le dit ...,0
2014-04-04T13:35:51Z,A se soir pour tours Auxerre!!,0
2014-03-14T12:23:18Z,Splendide 2ème but ! Comme moi à l'époque!Bon p'tit joueur ce Delort ! ,0
2014-03-13T13:34:16Z,L'arbitre est debile il mets un jaune et 2 secondes après il mets un rouge alors que DELORT revient apès,3
2014-03-12T14:45:44Z,Quel but d'andy delort magnifique il est meilleur que des joueurs de L1! La montée est à nous !!! (Tours fc),0
2014-03-12T12:41:57Z,"Il y avait une grosse ambiance la haut  et le stade était plein (14 000 personnes ), bien jouer a tours :) ",5
2014-03-12T12:37:22Z,"M-A-G-N-I-F-I-Q-U-E BUT DE ANDY !

  ALLER TOURS §",5
2014-03-12T12:02:21Z,"Magnifique comme but, dommage que le joueur en rajoute des tonnes. Le rouge me semble justifié mais de là à ce tortiller comme un lombric il faut pas avoir beaucoup de dignité...",2
2014-03-11T21:40:03Z,Le deuxième but est juste splendide !!!!!!!!!!!!,0
2014-03-11T19:40:51Z,manifique but d hary delort ,1
2014-03-11T19:11:03Z,"Bravo Tours , on vous attends à nancy ! ",2
2014-03-11T17:38:50Z,Aller les bleus !! Syper ambiance au stade et quel match !! Oh la la !! TFC <3 ,2
2014-03-11T17:38:39Z,"Yvan? Ta le seum d'avoir perdu ou c'est comment?

",0
2014-03-11T16:16:22Z,"Faudrait arreter de simuler coté tourangeau. C'est certes un attentat, mais sa facon de se rouler par terre est tout sauf crédible...",3
2014-03-11T15:51:17Z,Ça c'est le Tours fc .,2
2014-05-04T07:39:00Z,Allez tours fc,0
2014-03-24T10:22:45Z,Bravo au TFC pour ça victoire et au CA Bastia qui ne lâche rien et font honneur au football français,0
2014-03-24T10:21:34Z,Bravo au TFC pour ç,0
2014-01-27T21:09:47Z,"En ce moment, tours ça gère ",6
2014-01-27T19:50:00Z,Nancy pardon,1
2014-01-27T19:43:06Z,Vous allez gagner contre nimes,1
2014-01-27T15:40:38Z,On me voit,1
2014-01-27T12:00:51Z,Lens <3,1
2014-01-26T23:04:08Z,TOURS FC !!!,3
2014-01-26T22:24:06Z,Turons !!,4
2014-01-26T22:13:24Z,moi aussi j'ai honte :(,1
2014-01-26T12:44:54Z,"P*tain, Châteauroux, 2-5, j'ai honte...",1
2014-01-26T07:46:30Z,Super tours fc,2
2014-01-26T02:37:42Z,Allez TOURS FC,3
2014-01-28T19:36:46Z,Super turons,0
2013-10-28T14:51:08Z,Oui 4-1 normalement !!,0
2013-10-28T14:47:42Z,TOURS FC,0
2013-08-25T16:24:07Z,En France on a des arbitres de merde supporter de Marseille,0
2013-08-25T08:55:15Z,Avec un bit refusé pour tours en deuxieme qu'on a pas vu,0
2013-08-25T08:52:06Z,Turons !! Quel est votre métier ??!!,0
2014-01-14T19:20:49Z,Super tfc,0
2014-01-14T19:19:49Z,Allez tours fc,1
2014-01-12T17:38:57Z,Allez les bleus !!! Et bravo pour les magnifiques buts !!,1
2014-01-12T17:01:39Z,les buts du tfc  sont MAGNIFIQUE !!!!!!!!!!!!,1
2014-01-12T01:11:53Z,GG les turons,2
2014-01-11T23:46:58Z,"Au LVDC... Stade de la vallée du cher
Enorme but de Chavalerin.",0
2014-01-11T23:21:58Z,0:06 C'est à Tours pas à Caen pour le nom du stade ;),0
2014-03-02T09:02:27Z,"Je vais aller voir Tours Angers =)
Aller Tours!",0
2014-02-27T11:24:06Z,Tours,0
2014-01-31T12:42:20Z,"Tours, cette année beaucoup plus que les autres années, on se dit que c'est faisable de monter en L1 !
On en parle au college, plus de monde va aux matchs, il y a des pubs dans la ville...
Allez le TOURS FC faites nous rever !",0
2014-01-19T07:05:50Z,Allez tours,1
2014-01-02T11:52:42Z,tours fc en ligue 1,1
2013-12-04T17:51:37Z,"ALLEZ LE SCO
allez allez allezallezallez
(je viendrai vous voir samedi prochain contre lens)",1
2013-12-01T13:28:30Z,Allez l'Estac.Lachez rien,1
2013-12-01T12:39:11Z,"Le fait divers du match n'est pas diffusé, dommage, l'arbitre qui tombe par terre et fait tomber un joueur de tours, qui va rester au sol. Bien joué à tours, on a pas géré la premiere mi-temps! Allez l'ESTAC!",0
2013-12-01T03:57:27Z,Allez Tours Fc,0
2014-04-09T12:45:57Z,"P'tit clin d'oeil...
Jacques Villeret est(été) Tourangeaux, dans ""le dîner de con"" il dit ""allez Auxerre""",0
2014-04-08T16:24:33Z,"Aller Auxerre
          ",0
2014-04-06T08:51:18Z,"Allez tours
",3
2014-04-28T02:35:16Z,Allez Brest!!!!! La montée c'est pour l'année prochaine il faut y croire!!!!,1
2014-03-16T19:00:37Z,Des vrais merdes à l'extérieur on ne mérite pas de monter...,2
2014-03-16T10:04:44Z,ICI C'EST BREST!,4
2014-03-16T00:34:31Z,Ici c'est Brest ! (,1
2014-03-16T00:10:42Z,Dommage le TFC,1
2014-04-12T23:02:20Z,Créteil on jouer beaucoup le temps je pense ,0
2014-02-02T18:44:02Z,ça part de là !!!!,0
2014-02-02T10:07:46Z,Allez tours!!!!!!!!!!!!!!!!!!!!!!!!!!!!!!!!!!!!!!!!!!!!!!,0
2014-05-07T13:33:39Z,,0
2014-05-07T13:32:05Z,"On et  là tous ensemble nous chanterons pour l'amour du maillot que vous portez sur le dos dans le malheur on la gloire on et la
",1
2014-05-07T13:29:08Z,Allez allez au au nous sommes les lensois partout on chantera jamais on lâchera,1
2014-05-07T13:25:51Z,Tours vous etes pourris vous etes pourris ,0
2014-05-07T13:24:08Z,Allez lensois tes supporters sont la,1
2014-05-07T13:23:00Z,,0
2014-04-12T08:02:54Z,Les plus forts c'est tours,0
2014-03-10T09:47:23Z,J'aimerais vraiment voir un publique comme ça pour Tours *-*,1
2014-03-05T15:33:52Z,Est que vous pouvez mettre le résumé du match CA Bastia - Brest svp la Ligue 2,0
2014-03-04T17:50:11Z,"Bravo au deux equipes, dommage pour Tours qui avait plus besoin des trois pts pour la monter",4
2014-03-04T14:57:05Z,"tout le monde peut venir prendre un point minimum à Lens... c'est ça le message pour les futurs adversaires... Lens ne fait pas peur, et encore moins à domicile ! Merci au public, car sans lui, c'est 0/2 sur ce match !",2
2014-03-04T13:56:31Z,Yahia a pris le bouillon en première... ,1
2014-03-04T13:56:06Z,"#Ligue2 - Retrouvez le résumé du match de clôture de la 26e journée RC Lens / Tours FC ! Supporters, qu'avez-vous pensé de ce match ?",4
2014-03-04T12:25:08Z,euh lol ? j'ai envie de dire il peut pas faire grand chose sur les 2 buts. se sont surtout 2 grosses erreurs défensives.,3
2014-03-04T11:48:55Z,riou la passoir,3
2014-01-20T19:23:57Z,Cool le maillot du tfc,0
2013-10-22T07:55:31Z,allez Tours FC on vous aime!!!!!!!!!!!,0
2013-10-21T17:50:44Z,Bravo Tours ! Allez TFC,0
2013-10-20T11:11:03Z,"C'est vraiement super, ces résumé, pour suivre son équipe
Allez TFC !",0
2013-10-20T00:50:40Z,Allez Tours Fc,0
2013-11-24T09:35:14Z,0:40 c'est Yohan Rivière qui frappe pied gauche pas Youssef. Sinon les commentaires sont plus agréables que ceux des matches de la L1.,0
2013-11-23T23:53:33Z,Allez Tours Fc,2
2014-01-24T20:37:09Z,"la meme deain,tfc !",0
2014-01-19T19:54:04Z,Tours fc la ligue 1 c'est pour vous!,1
2013-08-19T07:39:20Z,"Parle pour toi, moi je n'ai que des vidéos foot proposées à la fin.. ça dépend peut-être de ce que tu regardes sur YT..",0
2013-08-18T15:21:12Z,"y'a un truc que je comprend pas sur ces vidéos à la fin du temps,you tube nous met un tas d'autre vidéos ,la plus part de foot et y'en a toujours une qui n'a rien à voir avec le foot mais qui est politique ou religieuse (je veut dire traitant de ces sujets )comment sont mis ces priorités honteuse pour la pluralité religieuse et politique,marre de ce pays et du monde également,ces emmerdeurs et fous de ces sujets nous bassine et nous canalise,je déteste ces pratiques honteuses pour la démocratie ",0
2013-08-18T07:46:15Z,Super match les gars !,0
2014-05-07T13:23:32Z,,0
2014-02-14T11:03:59Z,1.19min en premier rang a droite toujours la pour supporter Tours<3,0
2014-02-12T09:44:29Z,"#Ligue2 - Retrouvez le résumé du match de clôture de la 23e journée : Tours FC / AS Nancy-Lorraine ! Supporters, on attend vos commentaires",4
2014-02-11T21:00:43Z,Bravo a vous :) et ALLEZ TOURS toujours là dans la victoire comme dans la défaite,1
2014-02-11T19:44:33Z,Allez Nancy remonter en ligue 1 et laisser pas sochaux pas a votre place !!!! Bonne chance un supporters de l'etg :) ,4
2014-02-11T19:43:17Z,"En espérant que cela fasse du bien a Jeannot ! , Jeff et Paul Nardi incroyables comme d'hab !",1
2014-02-11T18:38:46Z,"Bravo Nancy, dommage pour Tours",1
2014-02-11T17:50:29Z,Allez NANCY,1
2014-01-31T12:52:59Z,la meme lundi 10 fev devant votre publique !,0
2014-01-13T17:22:50Z,Allez tours fc,0
2013-10-23T14:45:37Z,Manifique but de ketkeo,0
2013-09-02T09:47:11Z,Lol pourquoi il parle de Salif Sané le commentateur? Il a pas joué un seul match en défense central de la saison et en plus il est pas bon. Quel guignol de parler sans savoir...,1
2013-09-01T18:32:31Z,GG tours continuez comme ça !,0
2013-09-01T18:19:36Z,"euh nn
",0
2013-09-01T11:15:22Z,OH le but de Ketkeophomphone ! :O,0
2013-09-01T01:35:49Z,Allez Tours Fc,0
2013-08-31T23:44:51Z,L'attaquant de Nancy se nomme Benjamin Jeannot ;-),0
2013-08-31T23:44:35Z,Quel but de Ketkeophomphone! ,0
2013-08-31T23:31:24Z,Benjamin Jeannot? Non c'est Benjamin Leroy ;),0
2014-01-19T19:57:30Z,Je prefere le match tours Châteauroux 4-0,0
2013-09-18T16:13:45Z,Allez tours fc,0
2013-08-14T14:10:36Z,Classement des buteurs : Kevin Rocheteau (Chamois Niortais) prend le pouvoir ! http://bit.ly/18s3TRj,4
2013-08-12T00:48:37Z,Allez Tours Fc,0
2013-08-11T12:42:25Z,Par contre le gardien Niortais c'est Paul Delecroix et non pas Bernard... ,0
2013-08-10T22:07:55Z,Assez belle rencontre !,0
2013-08-10T22:07:49Z,Assez belle rencontre !,0
2014-01-13T17:26:47Z,Allez tours fc,0
2013-09-23T05:36:52Z,"Quel scandale cette main non sifflée, même si la défaite est logique ! Encore un sacré we des arbitres...(but refusé OL-FCNA)",0
2013-09-22T02:34:04Z,Allez Tours Fc,0
2014-01-31T12:48:54Z,"tours fc
vous montez
cette année !
(je fais de la rime
quand je m'exprime)",0
2013-10-02T21:12:50Z,"Encore un résumé fait à la hache...
Elle est ou la grosse occasion pour Tours en fin de match avec la tête qui frôle poteau?!",0
2013-09-30T18:58:35Z,Aller Tours et Angers qui mérite d'aller en L1,0
2013-09-29T17:15:45Z,Angers qui vient protester à la fin du match car l'arbitre à respecter le nombre de minutes du temps additionnel et les a pas laisser jouer leur action...pitoyable Bonne chance pour les deux équipes,0
2013-09-29T13:56:58Z,allez le sco !!!!!!!!!!!!!!!!,0
2013-09-29T09:59:49Z,"bon point de pris pour le TFC
",0
2013-09-29T08:04:59Z,Allez le sco,0
2013-09-29T03:25:46Z,Allez Tours Fc,0
2014-04-22T11:21:35Z,Tours,0
2014-01-20T09:20:32Z,bravo chamois,0
2014-01-20T01:11:56Z,Faut se reprendre contre Chateauroux.,0
2014-01-19T07:39:53Z,Bravo aux chamois!,1
2014-01-18T23:37:24Z,"Genre, on coupe le son sur le but de Tours pour ne pas entendre le parcage plein tourangeau, faire + de bruit, que ce stade de merde...bravo !",5
2014-05-28T11:22:50Z,"J ador
",0
2014-01-16T17:20:41Z,Aller tours,0
2013-11-04T18:23:33Z,Allez les bleus c'est pas grave ça arrive !!,0
2013-11-03T08:20:43Z,super aller auxerre  (ma team de ligue 2 prefere),2
2013-11-03T02:58:35Z,Allez Tours Fc,0
