publish_date,title,view_count
2013-09-25T19:07:55Z,Tours FC - RC Lens (3-1) - Le résumé (TOURS - RCL) - 2013/2014,8394
2013-10-19T22:00:01Z,CA Bastia - Tours FC (1-2) - Le résumé (CAB - TOURS) - 2013/2014,6556
2014-03-22T23:00:01Z,Tours FC - CA Bastia (1-0) - 21/03/14 - (TOURS-CAB) - Résumé,2466
2013-11-09T23:00:01Z,US Créteil - Tours FC (2-1) - Le résumé (USCL - TOURS) - 2013/2014,5588
2014-02-11T17:16:20Z,Tours FC - AS Nancy-Lorraine (1-3) - 10/02/14 - (TOURS-ASNL) -Résumé,7520
2013-11-30T23:00:01Z,ESTAC Troyes - Tours FC (1-2) - 29/11/13 - (ESTAC - TOURS) - Résumé,5343
2013-08-24T22:00:11Z,Tours FC - Nîmes Olympique (3-1) - Le résumé (TOURS - NIMES) - 2013/2014,6008
2014-01-11T23:00:00Z,Tours FC - SM Caen (2-1) - 10/01/14 - (TOURS-SMC) -Résumé,6278
2014-05-17T22:00:01Z,Tours FC - Clermont Foot (3-0) - Résumé - 16/05/14 - (TOURS-CF63),8188
2013-08-10T22:00:11Z,Tours FC - Chamois Niortais (1-1) - Le résumé (TOURS - NIORT) - 2013/2014,4158
2013-10-05T22:00:01Z,Tours FC - Stade Brestois 29 (1-1) - Le résumé (TOURS - SB29) - 2013/2014,3889
2014-04-26T22:00:01Z,Tours FC - ESTAC Troyes (1-2) - 25/04/14 - (TOURS-ESTAC) - Résumé,2624
2013-09-14T22:00:16Z,Tours FC - FC Istres (2-2) - Le résumé (TOURS - FCIOP) - 2013/2014,4081
2013-08-03T22:00:12Z,Clermont Foot - Tours FC (2-1) - Le résumé (CF63 - TOURS) - 2013/2014,7684
2013-10-26T22:00:02Z,Tours FC - Stade Lavallois (2-0) - Le résumé (TOURS - LAVAL) - 2013/2014,6402
2013-11-23T23:00:00Z,Tours FC - Havre AC (2-2) - Le résumé (TOURS - HAC) - 2013/2014,10149
2014-05-07T22:00:02Z,Tours FC - AC Arles Avignon (2-2) - 06/05/14 - (TOURS-ACA) - Résumé,6892
2013-09-21T22:00:12Z,Dijon FCO - Tours FC (2-0) - Le résumé (DFCO - TOURS) - 2013/2014,3960
2013-08-31T22:00:15Z,AS Nancy-Lorraine - Tours FC (2-3) - Le résumé (ASNL - TOURS) - 2013/2014,11771
2013-08-17T22:00:11Z,Châteauroux - Tours FC (0-4) - Le résumé (LBC - TOURS) - 2013/2014,8994
2014-01-18T23:00:04Z,Chamois Niortais - Tours FC (3-2) - 17/01/14 - (NIORT-TOURS) -Résumé,4641
2014-05-03T22:00:01Z,FC Metz - Tours FC (1-1) - 02/05/14 - (FCM-TOURS) - Résumé,5258
2013-09-28T22:00:01Z,Angers SCO - Tours FC (1-1) - Le résumé (SCO - TOURS) - 2013/2014,10527
2014-05-10T22:00:02Z,SM Caen - Tours FC (1-3) - Résumé - 09/05/14 - (SMC-TOURS),17613
2013-11-02T23:25:27Z,AJ Auxerre - Tours FC (4-0) - Le résumé (AJA - TOURS) - 2013/2014,12178
2014-04-19T21:18:33Z,Foot / Ligue 2: Tours - Le Havre (l&#39;avant-match),68
2013-10-19T17:43:52Z,Conférence de presse CA Bastia - Tours FC (1-2) - 2013/2014,329
