published-time,comment,likes
2014-03-01T10:37:58Z,Angers sco sco sco sco,0
2014-02-24T13:06:09Z,"de beau cadeaux de la part d'Auxerre , mais bon , allez le SCO:)",0
2014-02-23T01:22:10Z,,0
2014-02-22T23:15:06Z,Superbe action collective des angevins sur le premier but avec ce caviar donné par socrier a yattara ! ALLEZ LE SCO !!!,1
2014-04-02T10:19:26Z,fuck bastia vive rc lens,1
2013-08-29T22:31:23Z,Il a jouer mon père au cab,1
2013-08-29T16:41:45Z,Allez le sco,1
2013-08-28T14:55:02Z,Classement officiel des buteurs : Khaled Ayari (SCO Angers) en tête !,2
2013-08-26T10:08:43Z,angers les plus forts,1
2013-08-25T06:47:56Z,ALLLLLEZZ LE SCOOOO,1
2013-09-05T16:40:59Z,c'est vrai moi je attendu que tout le monde se leve pour savoir qu i avait but!,0
2013-09-02T07:07:06Z,SCO!<3!,0
2013-09-01T20:03:21Z,Nan gro,0
2013-09-01T19:19:25Z,À tous les brestois chercher pa c Angers les meilleur,1
2013-09-01T11:29:55Z,moinbe est une merde ou il le fait expres,0
2013-09-01T07:49:38Z,Le but de brest limite limite.,0
2013-08-31T23:57:35Z,Une bonne rentrée de Socrier! Et une fin de match magique :P.,1
2013-08-31T23:26:22Z,"A priori ce n'est pas Socrier qui marque, mais Traoré contre son camp, d'après les aveux du joueur angevin. Quoi qu'il en soit, l'espace laissé à Gamboa par Coulibaly pour centrer est inadmissible et Thébaux est bien apathique.",0
2013-08-31T22:07:52Z,ALLLEEEZ LE SCO. De la tribune coibertin on voyait pas les buts.,0
2013-11-05T19:05:34Z,mdr c est vous les bouseux!le sco n a rien a faire en ligue1.et quant le fc nantes se déplacait a angers la saison derniere c étai un stade de bouseux le stade jean groin.des porc je vous dis!il vont vite redescendre au classement ces bléro du sco.allez laval!,0
2013-11-03T09:55:36Z,"Mdr laval trop fort pour Angers ? Attend le match retour .. Tu vas rentrer chez toi en pleurant avec ton tracteur, vous etes à votre place au fond du classement bande de bouzeux ! Ici c'est Angers !",1
2013-09-16T10:17:54Z,"Robic, le ""tout premier but de sa carrière pro'"". Eh oh, il était d'jà pro' au VOC le bonhomme... Le National, c'pas le CFA non plus...",0
2013-09-15T09:59:56Z,Aller Laval on s est balader penalti logique des but magnifique Laval est beaucoup trop fort pour Angers c est tout aller laval,0
2013-09-15T09:32:52Z,allez le sco!,0
2013-09-15T08:19:52Z,"Ah ben c pas trop tot, enfin une victoire pour Laval!!",0
2013-09-15T08:16:29Z,C peut-être un mal pour un bien au sco,0
2013-09-15T08:14:32Z,Pas du tout peno,0
2013-09-15T08:11:25Z,Allez le sco,0
2013-09-15T07:23:08Z,Angers 1er,0
2013-11-20T11:37:35Z,SCO!!!!!!,0
2013-11-10T18:47:54Z,Angers merci ! 32 euros en plus :),3
2013-11-10T12:14:50Z,Vive le SCO,3
2013-11-10T09:06:23Z,allez le sco !!!!!!,2
2013-11-10T00:14:48Z,Bravo Angers et Merci !!! Dommage en revanche pour Tour.,3
2013-11-09T23:09:11Z,Le hac me désespère,5
2013-08-20T07:11:44Z,et allors? l'arbitre en a décider ainsi si sa ne vous plait pas envoyer un dons à une association pour la formation des arbitres en france ; ),0
2013-08-19T11:12:02Z,la simulation flagrante de Blayac l'arbitrage qui comme tout au long du match ne prend pas le bonne decision ,0
2013-08-18T00:55:03Z,Angers en ligue 1 !!!!!!!!!!!!!!!!!!!!   :),1
2013-08-17T23:44:34Z,pfff le pénalty cadeau alors qu'il y a que dalle,1
2013-08-17T23:22:07Z,gg,0
2013-12-24T10:33:17Z,rooon pschiiiiittt rooooonnn pssccchhhiiiiiiiittt,1
2013-12-23T18:01:29Z,"les gars moi je joue  au centre de formation des u13 de angers et bah mon gars c pas de la tarte tt les jours en tout cas je l'ai est tous rencontre
au moins une fois",0
2013-12-21T23:50:57Z,maliki fait un bon match,0
2013-12-21T23:13:18Z,Maliki !,0
2014-02-04T14:41:42Z,TROP bien jouer encore ,0
2014-01-21T12:24:17Z,lol,0
2014-01-20T17:31:42Z,Frikèche blessé ? Je crois pas nan .,1
2014-01-20T17:31:07Z,ça fait du bien de l'emporter ^^,1
2014-01-19T08:55:37Z,Scoo,0
2014-01-29T15:16:36Z,#Ligue2 - Revivez les meilleurs moments de Angers SCO - Dijon FCO (0-0) en vidéo !,1
2014-01-29T09:11:35Z,aller dijon ,0
2014-01-29T06:40:18Z,Angers ce rattrapera contre la CAB vendredi,0
2014-01-28T20:38:23Z,grosse domination angevine ! dommage... ALLEZ LE SCO !!!,1
2013-10-06T06:10:41Z,Allez le sco,0
2013-10-07T16:23:46Z,"vive le sco
",1
2013-08-20T10:20:36Z,oh le but merdeux,1
2013-08-14T10:17:37Z,Aller le scooooooooo!!!!,1
2013-08-12T13:34:06Z,Allez le SCO,1
2013-09-26T21:39:04Z,"cette saison j'aimerai que angers et lens remontent et que valancienne sochaux descende 
suporter de nantes",0
2013-09-23T19:09:05Z,"faudra travailler la possession angers parce que 34% c est juste !
sinon allez le SCO !!!",0
2013-09-23T18:35:03Z,Ahah ma mini apparition a 2:16,0
2013-09-23T14:15:53Z,Khaled Ayari refait parler la poudre ! L’attaquant tunisien d’Angers SCO a repris place sur le podium des classements officiel des buteurs de Ligue 2 (2e) avec une 5e réalisation lors de la 7e journée. http://bit.ly/14znhfe,1
2013-09-22T19:37:23Z,En avant pour la ligue 1,0
2013-09-22T14:54:07Z,"La dalle Angevine !!
",0
2013-09-22T07:45:00Z,angers !,0
2013-09-21T22:31:30Z,Allez le sco,0
2013-10-24T22:55:16Z,Allez les chamois Niortais vs etes les meilleurs,0
2013-10-21T17:07:27Z,Angers 3,0
2013-10-21T17:06:48Z,Angers 3,0
2013-10-21T17:03:32Z,C'était trop cool j'étais au stade!!!,0
2013-10-21T15:00:49Z,Çà se voit que tu n'es jamais aller à Bollaert ,0
2013-10-20T09:49:02Z,"Les meilleur j'y etait une belle ambience =o
",0
2013-10-20T09:05:25Z,Angers! Angers! Angers! ❤,0
2013-10-20T09:03:18Z,Allez niort !,0
2013-10-20T01:46:27Z,Aller angers,0
2014-01-31T12:48:54Z,"tours fc
vous montez
cette année !
(je fais de la rime
quand je m'exprime)",0
2013-10-02T21:12:50Z,"Encore un résumé fait à la hache...
Elle est ou la grosse occasion pour Tours en fin de match avec la tête qui frôle poteau?!",0
2013-09-30T18:58:35Z,Aller Tours et Angers qui mérite d'aller en L1,0
2013-09-29T17:15:45Z,Angers qui vient protester à la fin du match car l'arbitre à respecter le nombre de minutes du temps additionnel et les a pas laisser jouer leur action...pitoyable Bonne chance pour les deux équipes,0
2013-09-29T13:56:58Z,allez le sco !!!!!!!!!!!!!!!!,0
2013-09-29T09:59:49Z,"bon point de pris pour le TFC
",0
2013-09-29T08:04:59Z,Allez le sco,0
2013-09-29T03:25:46Z,Allez Tours Fc,0
2013-10-30T16:37:02Z,"#Ligue2 - Classement des buteurs - Grâce à sa 7e réalisation lors de la 12e journée, Diafra Sakho, le buteur vedette du FC Metz monte sur le podium et permet à son équipe de prendre les commandes de la Ligue 2. http://bit.ly/HqwOxx",4
2013-10-27T15:28:49Z,Il lui met sa main droite sur son épaule !!,0
2013-10-27T13:35:22Z,Ici c'est Metz ! Allez Metz <3,0
2013-10-27T01:05:55Z,Maliki a fait un super match!,0
2013-10-26T23:08:08Z,allez metz ,0
2013-10-26T22:27:24Z,Allez metz !!!!!,0
2013-10-26T22:13:34Z,Y a jamais faute serieux xD,0
2013-12-21T09:00:55Z,bien jouer lens mais le sco aurrait largement put gagner si leur joueur serait moins FLEMAR(il y a que yattara qui a jouer!!!!!!!!!!!),0
2013-12-19T21:11:11Z,Il y a que yattara qui a joué et gamboa ne méritait pas d'être sur le terrain,1
2013-12-15T20:33:58Z,Dommage pour le sco. On pourrais faire mieu. Mais ils vont mieu faire si on les suis tous le long aller le sco,1
2013-12-15T11:53:45Z,"Une très belle victoire qui je pense nous permet de prendre un avantage psychologique sur une équipe angevine qui devra se remettre en question pendant la trêve. Allez, après ce match, la montée n'a jamais été aussi proche cette saison !",2
2013-12-15T11:49:56Z,"On entend que Lens, encore !.. ",4
2013-12-15T11:17:19Z,Angers sco méritait au moins le match nul ..... Domage pour le SCO mais bravo pour Lens,7
2014-05-02T20:56:48Z,Caen <3 !!,2
2014-04-30T15:48:20Z,Caen <3 #ligeu1,0
2014-04-29T15:29:27Z,Ce vol n’empêche ! ,0
2014-04-29T14:50:27Z,"C'est vraiment pas mérité... tout ça à cause d'une connerie du malheureux défenseur Angevin, le foot est cruel...",6
2014-04-29T14:08:59Z,Quelle victoire pourrit,1
2014-04-29T12:41:15Z,on a chaud on a chaud  #lens  <3,0
2014-04-29T12:36:33Z,#Ligue2 - Revivez les meilleurs moments de Angers SCO - SM Caen (1-2) en vidéo.,2
2014-04-29T11:30:30Z,Caen <3,2
2014-04-29T11:20:40Z,Qui peut me dire pourquoi on voit pas le but refusé de Angers ?,2
2014-04-29T11:18:35Z,"Quelle déception on a dominé ce match, mais bon la montée l'année prochaine! Allez le sco! <3",5
2014-04-29T11:00:03Z,"Très beau match du SCO, dommage de gâcher ce match très important pour la ligue 1 par une erreur... Dominer n'est pas gagner.",0
2014-04-29T10:36:33Z,Allez Malherbe <3,3
2014-04-29T10:21:06Z,Caen♡♥,2
2014-03-23T09:39:24Z,Ji suis allez,1
2014-03-22T22:30:33Z,"C'est une honte ce ""résumé""...",0
2014-03-22T09:01:30Z,"Dommage pour le SCO, les autres commencent à bien remonter derrière !",1
2014-03-21T08:15:16Z,Bravo Brest ! Résumé à chier ! Pourri ! ,2
2014-03-20T22:59:28Z,C'est bon pour la montée de nancy ça !,1
2014-03-20T17:03:55Z,"ICI C'EST BREST, angers cherche la baston et ensuite ils se prennent un magnifique but de notre maitre artificier, angers l'a dans le cul,brest remonte, une bonne operation!",3
2014-03-20T16:49:16Z,"C'est lamentable de proposer un résumé comme ça !
Le match n'était peut-être exceptionnel mais là, la ligue se moque vraiment du monde... et on s'étonne qu'il y ai de moins en moins de public dans les stades ! C'est avec des résumés de ce genre qu'on va l'attirer le public !",2
2014-03-20T15:32:24Z,Angers a perdu c'est bon pour Moulins ça !,1
2014-03-20T15:09:17Z,Un max de pouces rouge pour ce résumé complètement bidon !,2
2014-03-20T15:08:43Z,"Putain mais quel résumé de merde !!! Des plans de caméra complètement bidon, des ""replay"" sur des moments qu'on en a rien a foutre , des actions non-filmées.........",1
2014-03-20T13:53:17Z,C'est quoi ce résumé de merde ...,6
2014-03-20T12:18:27Z,Faut-il vous apprendre à faire un vrai montage ?,1
2014-03-20T12:15:12Z,MAGNIFIQUE COUP FRANT !!!!!!!!!!!!!!!!!!!!!!!!!!!!!!!!!!!!!!!!,1
2014-03-20T12:10:07Z,ICI C EST BREST,3
2014-03-20T11:27:12Z,#Ligue2 - Revivez les meilleurs moments de Stade Brestois 29 - Angers SCO (1-0) en vidéo.,2
2014-03-20T10:30:28Z,resumé tout buggé,1
2014-03-20T10:23:29Z,yes je suis le premier vue,0
2014-04-15T13:00:23Z,Beau but de Ben Othman et passe décisive de Ayari ;) ,4
2014-03-30T23:39:07Z,"La passe décisive de Carasso , belle erreur !",0
2014-03-30T12:05:11Z,Très beau match entre deux équipes qui méritent la monté !! Metz est en L1 !! ;),3
2014-03-30T01:43:10Z,Tiens c'est marrant vous ne montrez jamais les penos non sifflés dans vos résumés,7
2014-03-29T23:20:25Z,Allez Metz <3 la ligue 1 est proche ! ,0
2014-02-24T10:33:21Z,Shen genazvale Zango ra goli gaitana! :D,0
2014-02-03T21:02:08Z,quel buttttt ! SCOOO,0
2014-02-02T22:58:59Z,Ce But oulalalala,0
2014-02-02T08:58:11Z,Rien à faire que le but soit chanceux l'important ce sont les 3 points ,0
2014-02-02T07:26:17Z,"but on ne peut plus chanceux, yattara a d'ailleurs lui-meme avoué qu'il voulait centrer...",0
2014-02-01T23:33:35Z,Magnifique but ! ,0
2014-02-01T23:20:16Z,C'est ça le SCO !!,3
2014-03-23T08:00:36Z,"domage le sco qui méritaient mieux vu la physiomie du match ... :-\
Si niort monte, le club signera son arrêt de mort... Nouveau stade a construire, effectif a renforcer, centre d entrainement de ligue 1, pour l un des plus petit budget de ligue 2.",1
2014-03-23T08:00:25Z,"domage le sco qui méritaient mieux vu la physiomie du match ... :-\
Si niort monte, le club signera son arrêt de mort... Nouveau stade a construire, effectif a renforcer, centre d entrainement de ligue 1, pour l un des plus petit budget de ligue 2.",1
2014-03-23T07:45:43Z,"bravo Niort, quand on voit que Niort avait plus etait sur un podium de ligue 2 depuis la saison 2003/2004",0
2014-03-23T07:32:40Z,Bravo aux chamois!,0
2014-03-23T07:10:59Z,Bravo à Niort,0
2014-04-13T13:35:31Z,enfin une victoire!!!!,0
2014-04-13T07:46:43Z,allez le SCO !,0
2014-02-16T20:09:23Z,"Le pénalty est mal tiré, vraiment dommage pour Laval.",0
2014-02-16T12:58:54Z,Allez le SCO !!!,4
2014-02-16T09:33:38Z,Malicki <3,5
2014-05-18T12:36:25Z,Allez le sco !!! ,1
2014-03-16T14:16:18Z,aller le sco,0
2014-03-16T08:42:16Z,"Bourde du goal à la 92eme, dommage...",1
2014-03-16T00:07:10Z,Dommage le SCO,0
2014-03-03T13:47:30Z,"Angers !!!!!!
Vous allez montés",3
2014-03-02T02:21:15Z,J'en peux plus de ce commentateur ! ,0
2013-10-05T19:44:56Z,Et ça se voit :D,0
2013-10-05T12:21:30Z,Oui tkt je sais bien c'était fait expret que sa soit nul a chier ;),0
2013-10-05T08:29:13Z,"La sortie, c'est par là : -> [] xD",0
2013-09-30T22:52:27Z,"trois-trois à Troyes ! 

C'était nul mais fallait que je le fasse :)",0
2013-09-27T13:32:23Z,ils nous refont le match LOSC- SOCHAUX ,1
2013-09-26T10:40:16Z,"Imprenable, mais pas imperméable !",0
2013-09-25T22:23:44Z,"Quel match ! Allez l'estac, le Stade de l'Aube est une forteresse imprenable !",1
2014-05-01T09:43:09Z,bravo a arles avignon d'un supporter lorrain,3
2013-11-03T14:42:41Z,ACA !!! ,0
2013-11-03T01:16:47Z,vive le SCO d'un supporteur lyonnais :p,0
2014-01-15T10:38:42Z,ASNL <3,2
2014-01-14T21:30:13Z,juste a 2:35 y a pas du tout transversale... ALLEZ le SCO,1
2014-01-13T20:14:24Z,Allez Nancy !!,2
2014-01-12T21:05:59Z,Angers aurait pus gagner avec ce penalty en fin de match mais sur toute la physionomie du match le nul est plus correct... ALLEZ LE SCO !!!,3
2014-01-12T20:35:41Z,Beau match !,1
2014-02-22T22:20:51Z,ALLEZ LE SCO !!! Direction ligue 1 !!!,0
2014-01-29T11:45:58Z,elle vient de simon,0
2013-09-09T08:44:13Z,BOMMMMMM HHHH,0
