publish_date,title,view_count
2013-10-19T22:00:00Z,Stade Lavallois - Havre AC (2-2) - Le résumé (LAVAL - HAC) - 2013/2014,3890
2014-05-17T22:00:01Z,Havre AC - AC Arles Avignon (2-1) - Résumé - 16/05/14 - (HAC-ACA),4532
2013-09-28T22:00:01Z,SM Caen - Havre AC (1-0) - Le résumé (SMC - HAC) - 2013/2014,14755
2014-01-18T23:00:03Z,Clermont Foot - Havre AC (0-1) - 17/01/14 - (CF63-HAC) -Résumé,2784
2013-08-03T22:00:12Z,AC Arles Avignon - Havre AC (2-0) - Le résumé (ACA - HAC) - 2013/2014,11573
2014-05-07T22:00:02Z,AJ Auxerre - Havre AC (2-1) - 06/05/14 - (AJA-HAC) - Résumé,4544
2014-05-03T22:00:01Z,Havre AC - ESTAC Troyes (2-1) - 02/05/14 - (HAC-ESTAC) - Résumé,4505
2014-04-12T22:00:01Z,Angers SCO - Havre AC (1-0) - 11/04/14 - (SCO-HAC) - Résumé,5865
2014-05-10T22:00:01Z,FC Metz - Havre AC (3-0) - Résumé - 09/05/14 - (FCM-HAC),18811
2014-05-07T18:12:26Z,Conférence de presse AJ Auxerre - Havre AC (2-1) - 2013/2014,192
2013-12-19T06:00:01Z,ESTAC Troyes - Tours FC (3-2) - 18/12/13 (1/8 de finale) - (ESTAC - TOURS) - Résumé,11968
2013-11-09T23:00:01Z,US Créteil - Tours FC (2-1) - Le résumé (USCL - TOURS) - 2013/2014,5588
2014-05-10T22:00:02Z,SM Caen - Tours FC (1-3) - Résumé - 09/05/14 - (SMC-TOURS),17613
2014-01-11T23:00:00Z,Tours FC - SM Caen (2-1) - 10/01/14 - (TOURS-SMC) -Résumé,6278
2013-09-28T22:00:01Z,Angers SCO - Tours FC (1-1) - Le résumé (SCO - TOURS) - 2013/2014,10527
2013-09-25T19:07:55Z,Tours FC - RC Lens (3-1) - Le résumé (TOURS - RCL) - 2013/2014,8394
2013-10-05T22:00:01Z,Tours FC - Stade Brestois 29 (1-1) - Le résumé (TOURS - SB29) - 2013/2014,3889
2014-07-08T14:13:32Z,SUMMER CAMP : Perfectionnement Double-pas,178
2014-01-29T18:30:33Z,&quot;Bleus&quot; - Documentaire sur l&#39;Equipe de France de Football,569873
2014-02-19T20:27:38Z,Emission n°14 - Le Clash 100% Foot,393
