publish_date,title,view_count
2014-02-01T01:46:18Z,Wilfried MOIMBE Highlights,1650
2014-01-28T18:37:15Z,Wilfried Domoraud (highlights),3394
2013-08-31T22:00:10Z,Angers SCO - Stade Brestois 29 (2-1) - Le résumé (SCO - SB29) - 2013/2014,10840
2013-10-26T22:00:01Z,Havre AC - Stade Brestois 29 (0-1) - Le résumé (HAC - SB29) - 2013/2014,2966
2013-08-24T22:00:11Z,Stade Brestois 29 - Dijon FCO (0-0) - Le résumé (SB29 - DFCO) - 2013/2014,3682
2014-03-25T11:00:02Z,FC Metz - Stade Brestois 29 (1-0) - 24/03/14 - (FCM-SB29) -Résumé,4197
2014-03-20T10:20:38Z,Stade Brestois 29 - Angers SCO (1-0) - 18/03/14 - (SB29-SCO) - Résumé,4213
2013-09-17T10:00:14Z,AJ Auxerre - Stade Brestois 29 (0-0) - Le résumé (AJA - SB29) - 2013/2014,2603
2013-09-25T22:00:14Z,Stade Lavallois - Stade Brestois 29 (2-1) - Le résumé (LAVAL - SB29) - 2013/2014,3849
2014-01-14T11:00:01Z,Stade Brestois 29 - RC Lens (0-1) - 13/01/14 - (SB29-RCL) -Résumé,6434
2013-10-05T22:00:01Z,Tours FC - Stade Brestois 29 (1-1) - Le résumé (TOURS - SB29) - 2013/2014,3889
2014-03-08T23:15:58Z,US Créteil - Stade Brestois 29 (0-0) - 07/03/14 - (USCL-SB29) - Résumé,1253
2014-03-15T23:00:00Z,Stade Brestois 29 - Tours FC (2-0) - 14/03/14 - (SB29-TOURS) - Résumé,5826
2013-10-22T10:00:03Z,Stade Brestois 29 - FC Metz (0-3) - Le résumé (SB29 - FCM) - 2013/2014,9469
2013-12-14T23:00:01Z,Stade Brestois 29 - Nîmes Olympique (1-1) - 13/12/13 - (SB29 - NIMES) - Résumé,2781
2013-09-21T22:00:05Z,Stade Brestois 29 - CA Bastia (2-0) - Le résumé (SB29 - CAB) - 2013/2014,4939
2013-09-28T22:00:01Z,Stade Brestois 29 - US Créteil (1-2) - Le résumé (SB29 - USCL) - 2013/2014,3882
2014-01-18T23:00:04Z,FC Istres - Stade Brestois 29 (3-1) - 17/01/14 - (FCIOP-SB29) -Résumé,4855
2013-12-21T23:00:01Z,SM Caen - Stade Brestois 29 (0-0) - 20/12/13 - (SMC - SB29) - Résumé,2904
2014-03-29T23:00:01Z,Stade Brestois 29 - Havre AC (1-1) - 28/03/14 - (SB29-HAC) - Résumé,2843
2014-05-10T22:00:01Z,RC Lens - Stade Brestois 29 (0-1) - Résumé - 09/05/14 - (RCL-SB29),27222
2014-06-18T13:38:12Z,CA Bastia - Stade Brestois 29 (0-1) - 24/02/14 - (CAB-SB29) -Résumé,1813
2014-04-12T22:00:01Z,Stade Brestois 29 - AC Arles Avignon (2-0) - 11/04/14 - (SB29-ACA) - Résumé,3957
2014-02-15T23:00:01Z,Stade Brestois 29 - AJ Auxerre (1-0) - 15/02/14 - (SB29-AJA) - Résumé,4256
2014-04-19T22:00:01Z,Chamois Niortais - Stade Brestois 29 (1-2) - 18/04/14 - (NIORT-SB29) - Résumé,3536
2014-05-17T22:00:01Z,Stade Brestois 29 - Châteauroux (3-0) - Résumé - 16/05/14 - (SB29-LBC),5857
2014-04-26T22:00:01Z,Stade Brestois 29 - Clermont Foot (2-0) - 25/04/14 - (SB29-CF63) - Résumé,4115
2014-02-01T23:00:01Z,Dijon FCO - Stade Brestois 29 (3-0) - 31/01/14 - (DFCO-SB29) -Résumé,3001
2014-01-25T23:00:01Z,Stade Brestois 29 - AS Nancy-Lorraine (0-0) - 24/01/14 - (SB29-ASNL) -Résumé,1990
2014-05-03T22:00:02Z,Nîmes Olympique - Stade Brestois 29 (1-1) - 02/05/14 - (NIMES-SB29) - Résumé,2037
2014-05-07T19:14:37Z,Stade Brestois 29 - SM Caen (0-1) - 05/05/14 - (SB29-SMC) - Résumé,3786
2014-03-01T23:00:01Z,Stade Brestois 29 - Stade Lavallois (2-1) - 28/02/14 - (SB29-LAVAL) - Résumé,4316
2014-01-08T18:38:22Z,Benoit Lesoimier Goal | Brest 1-2 PSG | French Cup 2014,2740
2014-04-14T17:14:49Z,"Sublime spinning golazo, textbook free kick | #SASvMNU in 90 seconds",1013
2014-01-08T18:49:53Z,Zlatan Ibrahimovic Hat-Trick Goal | Brest 1-4 PSG | French Cup 2014,1572
2013-08-31T16:32:19Z,Conférence de presse Angers SCO - Stade Brestois 29 (2-1) - 2013/2014,316
2014-01-08T18:54:26Z,Brest 1-4 Paris Saint-Germain | All Goals &amp; FULL HighLights | Brest vs PSG,351
2014-01-08T18:46:45Z,Zlatan Ibrahimovic Second Goal | Brest 1-3 PSG | French Cup 2014 HD,1324
2014-01-08T19:11:50Z,Ezequiel Lavezzi Goal | Brest 1-5 PSG | French Cup 2014 HD,610
2014-04-01T15:20:05Z,Minnesota United FC Signs Attacking Mid Manny Lagos,1913
2014-06-03T20:23:33Z,"ASNL vs RC Lens, 29 nov.96, 1ère Div. Grégory Wimbée",364
