publish_date,title,view_count
2014-07-20T13:27:17Z,Emmanuel Rivière | All Goals and Assists 2013-2014 | AS Monaco,20614
2013-09-01T23:13:40Z,But Emmanuel RIVIERE (79&#39;) - Olympique de Marseille - AS Monaco FC (1-2 - 2013/2014,17141
2014-07-16T22:37:13Z,Emmanuel Rivière Joins Newcastle United,30511
2013-08-11T22:00:19Z,But Emmanuel RIVIERE (82&#39;) - Girondins de Bordeaux - AS Monaco FC (0-2 - 2013/2014,9033
2013-08-14T16:30:56Z,Emmanuel Rivière - Profession buteur,2100
2014-01-26T23:00:02Z,But Emmanuel RIVIERE (57&#39;) - AS Monaco FC-Olympique de Marseille (2-0) - 26/01/14 - (ASM-OM),5082
2013-08-18T22:00:17Z,But Emmanuel RIVIERE (79&#39;) - AS Monaco FC - Montpellier Hérault SC (4-1 - 2013/2014,3136
2013-09-01T23:19:24Z,Goal Emmanuel RIVIERE (79&#39;) - Olympique de Marseille - AS Monaco FC (1-2) - 2013/2014,4566
2013-12-08T23:48:07Z,But Emmanuel RIVIERE (75&#39;) - AS Monaco FC-AC Ajaccio (1-0) - 08/12/13 (ASM-ACA),3767
2013-08-19T13:29:05Z,Emmanuel Rivière ◆ The River,4893
2014-06-04T23:06:53Z,Emmanuel Rivière 2013-2014 - French Talent,1812
2014-01-26T23:00:01Z,Goal Emmanuel RIVIERE (57&#39;) - AS Monaco FC-Olympique de Marseille (2-0) - 26/01/14 - (ASM-OM),3730
2013-08-18T22:00:17Z,Goal Emmanuel RIVIERE (79&#39;) - AS Monaco FC - Montpellier Hérault SC (4-1) - 2013/2014,2222
2013-08-11T22:00:13Z,Goal Emmanuel RIVIERE (82&#39;) - Girondins de Bordeaux - AS Monaco FC (0-2) - 2013/2014,2082
2013-12-08T23:49:44Z,Goal Emmanuel RIVIERE (75&#39;) - AS Monaco FC - AC Ajaccio (1-0) - 08/12/13 (ASM - ACA),560
2014-04-13T22:00:03Z,But Emmanuel RIVIERE (55&#39;) - Stade Rennais FC-AS Monaco FC (0-1) - 12/04/14 - (SRFC-ASM),1321
2014-07-16T15:14:18Z,Mercato Show / La fiche transfert d&#39;Emmanuel Rivière à Newcastle,489
2013-08-18T22:00:17Z,But Emmanuel RIVIERE (44&#39;) - AS Monaco FC - Montpellier Hérault SC (4-1 - 2013/2014,7372
2013-09-24T19:17:20Z,Emmanuel Rivière - Welcome to Newcastle - Skills &amp; Goals | 2014/2015 | HD,13311
2013-09-26T22:00:03Z,But Emmanuel RIVIERE (39&#39;) - AS Monaco FC - SC Bastia (3-0 - 2013/2014,2940
2013-08-18T22:00:20Z,But Emmanuel RIVIERE (57&#39;) - AS Monaco FC - Montpellier Hérault SC (4-1 - 2013/2014,3304
2014-04-13T22:00:01Z,Goal Emmanuel RIVIERE (55&#39;) - Stade Rennais FC-AS Monaco FC (0-1) - 12/04/14 - (SRFC-ASM),463
2013-10-25T21:38:14Z,Emmanuel Rivière 2013 | So Fast |ᴴᴰ,284
2013-08-18T22:00:17Z,Goal Emmanuel RIVIERE (44&#39;) - AS Monaco FC - Montpellier Hérault SC (4-1) - 2013/2014,6643
2014-07-22T09:54:24Z,Emmanuel Riviere | Debut Goal vs Sydney Fc | Sydney Fc 0-4 Newcastle United | 21/07/14 | Friendly,432
2013-09-26T22:00:02Z,Goal Emmanuel RIVIERE (39&#39;) - AS Monaco FC - SC Bastia (3-0) - 2013/2014,882
2013-08-18T22:00:19Z,Goal Emmanuel RIVIERE (57&#39;) - AS Monaco FC - Montpellier Hérault SC (4-1) - 2013/2014,1944
2013-12-05T23:00:01Z,Goal Emmanuel RIVIERE (23&#39;) - OGC Nice - AS Monaco FC (0-3) - 03/12/13 (OGCN - ASM),1734
2013-09-21T07:02:32Z,Emmanuel Rivière - Goals &amp; Skills - AS Monaco FC - 2013/14 @FindMeABuilder,798
2013-12-08T21:45:23Z,Emmanuel Rivière Goal - AS Monaco vs AC Ajaccio 1:0 HD,826
2013-09-01T20:55:08Z,EMMANUEL RIVIÈRE AS MONACO,127
2014-07-16T20:31:57Z,Newcastle United sign Emmanuel Riviere,283
2013-09-27T17:40:26Z,Riviere on playing alongside Falcao,270
2013-12-05T23:00:01Z,But Emmanuel RIVIERE (23&#39;) - OGC Nice - AS Monaco FC (0-3) - 03/12/13 (OGCN - ASM),1677
2013-08-22T16:56:19Z,"Monaco / Rivière, la métamorphose - 22/08",124
2013-12-08T23:54:39Z,AS Monaco FC - AC Ajaccio (1-0) - 08/12/13 - (ASM - ACA) - Résumé,31595
2013-09-28T15:07:49Z,Monaco / Rivière est ambitieux - 28/09,136
2014-01-24T14:29:20Z,Falcao Injury   Will Make Him Miss the World Cup in Brazil 2014,21147
2013-12-08T23:52:51Z,AS Monaco FC - AC Ajaccio (1-0) - 08/12/13 -  (ASM - ACA) - Highlights,14184
2013-09-27T14:32:25Z,Rivière impressionné par Falcao - 27/09,448
2013-09-26T23:06:01Z,Ligue 1 - Top buts 7ème journée - 2013/2014,7422
2013-08-12T16:12:33Z,Ligue 1 - Top buts 1ère journée - 2013/2014,13351
2014-04-13T23:09:35Z,Ligue 1 - Week 33 Highlights - 2013/2014,4743
2013-12-05T23:29:00Z,Ligue 1 - Top Buts 16ème journée - 2013/2014,11704
2014-04-13T22:00:02Z,Ligue 1 - Tous les buts de la 33ème journée - 2013/2014,3952
2013-09-01T23:26:26Z,Goal Radamel FALCAO (47&#39;) - Olympique de Marseille - AS Monaco FC (1-2) - 2013/2014,13182
2013-09-27T00:07:27Z,Ligue 1 - Week 7 : Top goals - 2013/2014,1236
2013-08-12T19:14:05Z,Ligue 1 - Week 1 : Top goals - 2013/2014,1595
2014-04-13T22:00:03Z,Ligue 1 - Top buts 33ème journée - 2013/2014,11673
2013-12-06T06:38:31Z,Week 16 : Top Goals - Ligue 1 - 2013/2014,3759
