published-time,comment,likes
2013-09-14T16:39:34Z,Speed and technic !,0
2013-09-03T13:56:19Z,"bienvenue chez les bleus mon grand
",0
2013-09-03T08:58:19Z,"Si même Rivière commence à marquer de beaux buts ( après le contrôle du cul, le double contact du genou etc... ) !
L'appel est juste monstrueux, le contrôle grand pont sur Mendes aussi et il se rate pas à la fin !",0
2013-09-02T09:17:39Z,"mdrr
",0
2013-09-02T03:36:52Z,"Equipe de France
",0
2014-07-22T12:36:37Z,"So we have signed two strikers, a winger, a centre midfield that can play as a back and a back",0
2014-07-20T12:50:45Z,"Don't want to be too negative but hes not really what we looking for, hes not an accomplished, proven ST, hes is a decent player but we need the Carroll, Ba, Cisse, Remy we have pretty much always had HTL ",0
2014-07-20T09:16:53Z,If he plays football like he speaks English I think we will be down Ahahaha ,1
2014-07-17T13:23:29Z,C'est un tres bon joueur ! rapide en profondeur et tres dangereux !,0
2014-07-17T12:16:09Z,"i really think im in a dream here cant remember the toon getting so much stuff sorted ie with transfers its like a new signing every week lol this guy will be great for the team i hope we hang onto ben afra alan,s mad not playing him every week cause its strange we were after him for years got him then a knob brakes his leg then outa true guts and detirmanation comes back from that injury and starts to repay the toon fans with his skills and speed and then bang pardew throws him on the bench doesnt play him hardly every now then hes put in reserves he loves this place he even said that. its only my opinion but if he hada been on more last season we most surely woulda been higher up in the league. p.s sorry for side tracking on what a ace of a striker weve just got  Emmanuel Rivière welcome to the toon my friend",0
2014-07-17T09:34:43Z,"Happy about De Jong signing, has Cabella signed? Not as keen on this guy tho hope he proves me wrong. Perez doesnt impress me at all. ",0
2014-07-17T08:51:21Z,100% Pardew telling him to say he's a big Manager.,6
2014-07-17T08:38:11Z,Why do I pay NUFCTV if you are just gonna stick it on here! Direct Debit>Cancel>Yes,0
2014-07-17T08:20:17Z,"nice,we must beat ManCity and you must scored man .... good luck",0
2014-07-17T07:46:07Z,he plays better than falcao and james at monaco last year,2
2014-07-17T07:30:17Z,"A good English speaker already, unlike the useless wanker Debuchy :D",0
2014-07-17T06:46:46Z,Here's to much better season than last year!,1
2014-07-17T05:46:24Z,We love you newcastle ,1
2014-07-17T02:37:48Z,"when Shola left the team we start siging players..

who is next ..?",0
2014-07-17T01:43:02Z,£6m seems like a steal ,2
2014-07-17T00:53:03Z,Arsenal fan here just gotta say this guy will do wonders for you guys. I've watched him play for Monaco and at times he made Falcao look invisible that's how good he is. Quality signing ;),7
2014-07-17T00:11:44Z,Good luck to the lad,0
2014-07-16T23:37:26Z,"Nice !! amazing signing , will become a star next season !!!",0
2014-07-16T23:33:38Z,"His English is as good as any locals! Top lad. I imagine that he could have the Gouffran work rate, which is always good",0
2014-07-16T23:33:36Z,Wall street English,1
2014-07-16T23:19:46Z,"From what i heard he still has a lot to prove, also wheres Janmaat?",0
2014-07-16T22:55:46Z,He already speaks a good amount of English. Great to see. ,19
2014-07-16T22:54:01Z,Get in! Glad we are getting exciting players in. Hopefully a few more?! 😀,0
2014-07-16T22:42:14Z,Good luck lad :) All the best for the new season,0
2014-07-16T22:41:53Z,"This is going to be a great signing for us! So happy we've got him, our team is looking good for next year. Used the Cabaye and Debuchy money very well ",3
2014-07-16T22:39:14Z,Welcome to the toon lad!,3
2014-04-19T11:56:40Z,c un ouf,0
2013-09-09T19:57:42Z,"Bravo Emmanuel, bravo.",0
2013-08-19T12:31:29Z,et alors on dirait qu'il faut marquer des beau but pour etre un bon attaquant et puis le premier et pas mal malgré la faute,0
2013-08-19T00:31:50Z,mate les buts....,0
2013-08-18T20:56:31Z,peut etre que c'est pas un bon attaquand mais comme par hasard il vient de te mettre un triplé contre momptelier c'est bizarre nan,0
2013-08-13T21:38:21Z,"rivière est tout sauf un bon attaquant, tu le saurais si t'avais suivi la L1 ces dernières années",0
2013-08-13T18:31:37Z,pk tu dit que riviere est un attaquat de merde ok il a de la chance mais la c'est ton defenseur qui joue comme une merde mais est ce que sa sent pas la rage par la ? :)),0
2013-08-12T20:53:43Z,et c'est ainsi que fut inventé le contrôle orienté du cul... bravo Manu et allez Monaco !,0
2013-08-12T07:03:15Z,Ce n'est plus du foot c'est les richousses(a vs de devinez) contre les moins riches.,0
2013-08-12T01:56:17Z,"marco joue mal le coup ! il doit remonter pour s'aligner et jouer le hors jeu... du coup rivière comme tout bon attaquant de merde juge mal le centre et veut mettre la tête, du coup ça lui rebondit sur le cul et l'oriente vers le but.... pfff",0
2013-09-08T09:25:45Z,sava c'est pas trop dur :),0
2013-09-04T12:12:42Z,Such a great player,0
2013-09-02T18:23:00Z,Bon but mais Je voudre voir james rodriguez please,0
2013-09-02T09:56:53Z,"big up riviere 
rpzt MARTINIQUE fè yo mal !!!",0
2013-09-06T09:56:48Z,Amazing player. He will be a crack soon,0
2014-07-17T09:57:51Z,"Welcome to The Toon, bonny lad",0
2014-02-06T01:36:51Z,dat celebration,0
2013-08-19T18:38:16Z,1 :D PL ,0
2013-09-12T16:51:04Z,"aller OM !
",0
2013-09-24T21:28:55Z,great video bro ;),1
2013-10-18T18:29:38Z,Pas de first,1
2013-11-05T01:53:42Z,New Henry,0
2013-09-10T08:01:19Z,"Riviere,Ne tirez pas robe!!!!!",0
2013-08-19T12:14:27Z,"grandissimo gol quello di riviere
",0
2014-07-19T02:26:46Z,"incredible goal, love how he is suspended in the air, great player",1
2014-07-17T07:56:34Z,i thick we will sign 2 more players ,0
2013-12-06T08:57:48Z,Quelle détente bordel :D ,0
2013-12-06T08:57:47Z,Quelle détente bordel :D ,0
2013-08-22T17:23:20Z,,1
2013-12-11T08:36:20Z,CE ochoa,1
2013-12-09T18:35:18Z,Le sale but,1
2013-12-09T17:53:04Z,Martial fait a chaque fois le plus dur...,1
2013-12-09T17:11:58Z,"Falcao sert à rien, je dirais meme que cest mieux sans lui",1
2013-12-09T17:11:44Z,Ajaccio = terroriste-raciste,1
2013-12-09T03:16:06Z,"Empty stadium everyday for Monaco! LoL !

Allez Paris",1
2013-12-09T01:55:27Z,Quel bouffon ce Rivière --',2
2013-12-09T00:15:20Z,Mais comment ces quelques supporters ont-ils fait pour rentrer dans le stade ? Le match était pourtant à huit-clos !,1
2013-12-09T00:07:23Z,First,1
2013-12-09T00:05:48Z,"23 tirs pour seulement 5 cadrés, Falcao revient merde ^^"" !",1
2013-12-11T16:46:24Z,Ochoa eres el mejor ,0
2013-12-11T13:45:02Z,james rodriguez el mejor de monaco,0
2013-12-11T05:36:09Z,Hopefully Mexico's new coach will give Ochoa the starting position in Brasil and maybe attract big teams into signing him,4
2013-12-11T05:01:00Z,Ochoa really needs to leave ajacio,2
2013-12-09T22:04:41Z,I feel sorry for Ochoa. He needs help from his defense. ,0
2013-12-09T17:12:17Z,"ochoa  is a beast though, perfect reflexes",2
2013-12-09T14:36:24Z,what ball is that??,2
2013-12-09T08:51:27Z,Monacan crowds  are always woefully small.,4
2013-12-09T06:43:54Z,This is why Falcao is such a vital member of Monaco. He brings something different into the team and strengthens their attacking force by miles.,7
2013-12-09T04:28:46Z,Ochoa to barcelona,6
2013-12-09T04:27:08Z,Ochoa is a beast!,3
2013-12-09T04:12:10Z,"Ajaccio sin Memo se caería aún más a pedazos, sus defensas no lo ayudan. Ochoa you're the hero of Ajaccio.",0
2013-12-09T03:27:01Z,25 shots.. -_- ochla will soon be rewarded. ,0
2013-12-09T01:44:39Z,"it doesn't matter if it is offside or not, monaco deserved to win, and not that team with 10 defenders, i don't remeber the last time i watched such a bad team, the only good player is the goalkeeper",5
2013-12-09T01:03:58Z,"surely hes offside, the keeper was off his line and the offside line is always level with the keeper",1
2013-12-09T00:13:15Z,why so few people?,1
2013-09-30T12:00:13Z,"oui mais, va chez le coiffeur ""coiffeuwww""",0
2013-09-29T11:53:20Z,big up manu !!!! n écoute pas les rageux et bats toi !!!!! ,0
2013-09-27T22:35:18Z,lol,0
2013-12-25T13:07:38Z,sinon le but d'aristigueta contre nice devrait être à la place du but tout pourri de falcao --',0
2013-10-14T15:04:01Z,*Allez,0
2013-10-14T15:03:44Z,"C'est parce que Falcao est une star que son but est dans les meilleurs de la journée ?
Aller en D1 Belge alors, les meilleurs buts sont 100 fois mieux",0
2013-10-02T18:50:39Z,"Falcao était hors-jeu, peut être mais lorsque le défenseur de Bastia l'a touché, le hors-jeu ne comptait pas .",0
2013-09-30T19:55:38Z,"moi non plus
xD",0
2013-09-29T22:05:47Z,mouais pas convaincu,0
2013-09-29T20:16:00Z,En même temps c'est un but de merde.,0
2013-09-29T18:16:53Z,"C'est fou tout ces rageux, juste parce que Paris et Monaco domine le championnat francais vs vs sentez obliger de bloquer sur son but",0
2013-09-29T17:37:11Z,"je sais, mais ils ont peut etre penser que comme les gens allez regarde la video, ils l'ont mis a la fin pour qu'on voie qu'iil y a eu un but hors-jeu",0
2013-09-29T17:11:19Z,"C'est un top but, il a rien a faire la x)",0
2013-09-29T15:29:47Z,"LE BUT DE FALCAO EST HORS JEU, c pour ca qu'il est la",0
2013-09-29T15:28:52Z,"everyone speaks french here dumbass
most of them dont understand a word u r saying",0
2013-09-29T14:16:36Z,"I easily earn over 4000 usd per month just by responding to basic online surveys at home.
This site shows every detail how EARN88.COM

One can survive every hurt and move on, except the hatred of a mother formed without reasons, that one could not elucidate.",0
2013-09-29T12:11:22Z,La saison dernière c'était déjà comme ça avec ibrahimovic...,0
2013-09-29T06:52:45Z,Il est ou celui de Mandy ???,0
2013-09-28T23:48:02Z,Comment ils le suce Falcao :O,0
2013-09-28T16:37:18Z,Les deux de guingamps *0*,0
2013-09-28T12:38:05Z,On est pas gâté au niveau des beaux buts...,0
2013-09-28T11:42:25Z,C'est dingue comment ça pompe Monaco..,0
2013-09-28T11:34:35Z,le but de falcao est moche mais c'est faicao donc il est beau voila leur resonnement,0
2013-09-28T10:55:05Z,Pff vous êtes pour Monaco la chaine ou quoi c'est pas la première fois qu'il un but pourri de Falcao et que vous le mettez dans le top but.,0
2013-09-28T10:09:01Z,kalou un bijoux ,0
2013-09-28T09:06:26Z,beau but braithwaite allez tfc !,0
2013-09-27T22:40:08Z,Et le but de Mendy il etait beau lob sur ruffier au lieu de metre falcao hors jeu.,0
2013-09-27T21:23:10Z,"Alors le but de Falcao, est non seulement moche, hors-jeu, mais bon sa m'étonne pas de cette chaîne, et le but de Braitwaite (désolé pour l'écriture), pas si exceptionnel non plus !",0
2013-09-27T20:03:55Z,"Lire,ça me parait bien ! :) Rageux va ! =) ",0
2013-09-27T19:06:07Z,2 de nos 5 buts sont dans le top !! allez guigamp !!!!!!! <3,0
2013-09-27T18:43:07Z,et en plus il est hors jeu :p,0
2013-09-27T18:21:30Z,Euu le but de Falcao est.... Moche ^^,0
2013-09-27T17:35:04Z,on est censé pleurer ou lire,0
2013-09-27T16:52:21Z,parigos * ,0
2013-09-27T16:51:50Z,"C'est l'effet ""nouvelle star"" , y a eu la même chose avec Zlatan l'année dernière,maintenant le voit plus dans le top le Zlatan... Ha bah oui il marque plus c'est pour ça (humour les parogos) :) ",0
2013-09-27T16:36:17Z,Allez Paris . Le PSG va finir sur le podium à la fin de la saison. Pour ce qui aime Lyon c'est plus la peine ils seront pas sur le podium.,0
2013-09-27T15:41:13Z,TFC!,0
2013-09-27T12:57:19Z,Falcao est un bon joueur mais son but a rien d'extra..alors que le travail d'ibra suivi par le but de cavani là il y est pas!,0
2013-09-27T11:45:42Z,"En plus il été hors jeu, et la dernière fois il a marqué de la main, 2 buts non valables déjà",0
2013-09-27T10:57:33Z,elle est où la tête de fernando ! elle est où !? ,0
2013-09-27T10:57:28Z,elle est où la tête de fernando ! elle est où !? ,0
2013-09-27T10:38:22Z,"Mais mec, ce qui est vraiment bizarre c'est que l'autre but de Falcao est plus beau que celui-ci... Alors on peut vraiment se poser la question de pourquoi avoir choisi celui-là ??",0
2013-09-27T09:47:43Z,FALCAO ???? Putain... Djorjevic (Nantes) a marqué un but comme ça et il passe pas...,0
2013-09-27T09:33:57Z,"Parfois il y à des goals qui se retrouve dans le TOP but et je ne comprends pas pourquoi ^^ (Falcao)
",0
2013-09-27T09:13:33Z,"pourquoi falcao?? 
 ",0
2013-09-27T08:59:05Z,Et celui de Imbula avec la superbe construction ?,0
2013-09-27T07:21:47Z,Le mieu cest langil,0
2013-09-27T06:19:21Z,LOL falcao,0
2013-09-27T06:15:39Z,Falcao but de merde rien a faire dans ce top,0
2013-09-27T05:52:24Z,Falcao WTF,0
2013-09-27T05:17:47Z,le but de mendy a l'om est bien plus beaux que celui de falcao,0
2013-09-27T04:47:50Z,le but de falcao une belle m****,0
2013-09-27T04:25:53Z,il a pas marqué,0
2013-09-27T03:38:27Z,"falcao mais un but pourri pourquoi il y a pas le,coup de boule d'Aristiguieta",0
2013-09-27T03:38:25Z,Le but de zlatan? #rageu parisien,0
2013-09-27T02:29:10Z,Les petits footix sont de sortie,0
2013-09-27T02:17:04Z,Et le but de Cavani bordel?,0
2013-09-27T00:43:46Z,"Falcao ses de la merde son but
",0
2013-09-27T00:06:40Z,A chaque fois que se soir falcao ou Ibra il sont toujours dans le top meme si le but est vite fait !!,0
2013-09-26T23:48:59Z,A l'arrêt quasiment,0
2013-09-26T23:24:13Z,"Parce qu'il s'appelle Falcao voilà tout, ça aurait été Aboubakar ou le Tallec qui l'aurait mit on l'aurait jamais vu là le but !
",0
2013-09-26T23:21:27Z,"Eum, Le but de Falcao pourquoi il est là? *-*
J'ai cru avoir lu ""Top but"" sur le titre de la vidéo..",0
2013-09-26T23:19:53Z,Euh pourquoi le but de Falcao?,0
2013-08-26T13:30:46Z,Tout les buts son jolie,0
2013-08-23T14:39:11Z,Djordjevic il mérite mais pas Falcao,0
2013-08-16T17:43:37Z,flo tas raison et apollo aussi,0
2013-08-16T03:41:17Z,"Le but de Falcao, vous pouvez m'expliquer, j'ai pas compris quand c'etait ""beau""...
En revanche, le but de gourcuff (son premier coup franc direct depuis fin 2009) est lourd de beaute et de sens, en bon supporter lyonnais, je l'admet, celui de Erding est top aussi, et bravo a Nantes pour ce but.",0
2013-08-15T17:24:58Z,"Mevlüt <3
",0
2013-08-15T16:44:49Z,"Je trouve qu'il y a trop de vidéos , y en a 45 pour la 1ere journée ... Si ils en faisaient moins ils auraient + de vues je pense.",0
2013-08-14T21:00:58Z,Erding le plus beau. Falcao et Djordjevic bof bof,0
2013-08-14T16:50:27Z,le but de falcao devrait etre remplacer par le 1er but de rennes pour moi,0
2013-08-14T16:43:29Z,peut etre que le but de falcao n'est pas beau mais t'a pas a l'insulter non plus,0
2013-08-14T12:01:24Z,"-ERDiiiinnnnnGGGGG
-STADE RENAIIIIIIISSSSS = THE BEEEEST",0
2013-08-13T23:19:01Z,Falcao out cabella in allez l'OL,0
2013-08-13T19:09:47Z,"Magique, allez Nantes ! ♥",0
2013-08-13T12:26:15Z,Falcao top but? Heureusement qu'il s'appelle comme ça parce que franchement son but ne mérite pas d'apparaître dans ce top.,0
2013-08-13T11:22:34Z,C'est pour faire du buzz.,0
2013-08-13T10:04:13Z,"honteux ? haha pèse tes mots mon grand, c'est JUSTE un top but... pète un coup mdrrr, sont fous les gens !!",0
2013-08-13T09:21:42Z,Même si Falcao à bien joué le coup on peu pas le récompensé en le mettant en top buts. Cabella aussi à bien joué le jeu sur son but qui est d'ailleurs plus beau,0
2013-08-13T09:19:20Z,"Sérieux pourquoi le but de falcao ? Il se fait bien sucer, parceque sérieusement son but mérite même pas d'être dans cette vidéo c'est honteux.",0
2013-08-13T08:10:32Z,enfin quelqu'un d'objectif et de sensé :),0
2013-08-13T08:09:43Z,celui de Falcao mérite sa place ! Ce joueur a une grande intelligence de jeu ! ce but n'est pas le plus beau certes mais qu'est ce que c'est bien joué ! ;-),0
2013-08-13T00:50:55Z,Dr falcao l intrud de ce top but,0
2013-08-13T00:48:39Z,Franchement le coup franc de Gourcuff méritait bien mieux.,0
2013-08-13T00:48:17Z,Ça y est maintenant ce n'est plus Ibra qu'on va sucer des qu'il marque c'est Falcao --',0
2013-08-12T23:50:00Z,"Gourcuff.
ALLEZ MONTPELLIER !",0
2013-08-12T23:03:18Z,1 Gourcuff 2 Erding 3 Djordjevic 4 Contout et 5 Pajot sa reprise xD #SRFC&OM,0
2013-08-12T21:39:53Z,Après Grenier c ' est Gourcuff qui marque des super buts. Allez l' OL !!!,0
2013-08-12T21:38:53Z,Je fais des prono ligue 1 passez voir ma chaine merci d avance et abonnez vous,0
2013-08-12T21:38:03Z,"Si c'est Brandao ou Diabaté qui met le même but que Falcao, il est jamais dans le top 5...",0
2013-08-12T21:19:43Z,"Mais mdrrr le but minable de Falcao, après Paris ça suce Monaco.",0
2013-08-12T20:45:13Z,Et sur le but de Falcao alors que Monaco jouait à Bordeaux,0
2013-08-12T20:03:19Z,J'adore sur le but de Contout on entend bien la joie des supporters alors que Sochaux jouait a Evian,0
2013-08-12T18:53:59Z,"Le but de falcao ... pfff
Pas extra du tout",0
2013-08-12T18:49:55Z,n'imorte quoi tu vas me dire que le but d'erding et jolie ,0
2013-08-12T18:48:41Z,parfaitement ,0
2013-08-12T18:47:59Z,sa me gave tout par ce qu'il s appeel falcao il est dans le top but faut y arreter,0
2013-08-12T18:16:55Z,Ibra à déjà marqué pleins de doublés et c'est pas pour autant que t'en entend aux infos.,0
2013-08-12T18:07:08Z,L'extérieur de Filip <3 La passe de Gakpé <3 ,0
2013-08-12T17:42:30Z,le but de rivière avec son contrôle de l'anus est plus beau que celui de falcao ! ,0
2013-08-12T17:14:02Z,"Ça aurait été Falcao qui met le coup franc de Gourcuff, il aurait fait le tour du monde!  Ou alors le doublé de Lacazette par Ibra ont en reparlerais encore aujourd'hui aux infos! ",0
2013-08-12T17:10:20Z,Parce que *,0
2013-08-12T17:10:09Z,En plus de sucer Paris ils sucent Monaco la LFP marche que le but la...,0
2013-08-12T16:52:31Z,"Pk ceux de Falcao et de Contout sont la ? 
Ils ont pas leurs place ici.",0
2013-08-12T16:52:06Z,falcao a une vitesse d'execution impressionnante meme si c'est un but banal mais contrôle cuisse puis frapper de mauvais en desiquilibre...,0
2013-08-12T16:51:40Z,Pk les buts de Falcao et de Contout sont ici ?,0
2013-08-12T16:44:53Z,"Ceux de Gourcuff et Djordjevic sont vraiment pas mal, l'attaquant nantais a la classe !",0
2013-08-12T16:41:18Z,pk tu me traites de boloss ?,0
2013-08-12T16:37:04Z,Djordjevic!!@!@ ^^,0
2013-08-12T16:33:43Z,Les 4 premiers meritent leurs places mais celui de Falcao n'est pas forcement beau. Faut pas non plus le mettre dans le top buts sous pretexte que c'est une star et que c'est son premier but en ligue 1.,0
2013-08-12T16:33:35Z,Quel bonheur de voir Nantes en Ligue 1!,0
2013-08-12T16:30:11Z,"Ah ok, le but de Falcao dans le top... C'est pas parce que c'est une star que tous ses buts sont beaux hein, en l'occurrence celui-ci est vraiment pas terrible je trouve :/.",0
2013-08-12T16:29:24Z,Travail,0
2013-08-12T16:28:47Z,le but de falcao est vraiment banal ,0
2013-08-12T16:28:15Z,Le but de Falcao n'a rien de beau franchement ! Par contre le coup-franc pur de Gourcuff en pleine lunette !,0
2013-08-12T16:19:32Z,moi n emplus j'ai rien contre marseille ;),0
2013-08-12T16:18:57Z,"Ok, en plus j'ai rien contre Paris ;)",0
2013-08-12T16:17:30Z,allez les deux alors ^^,0
2013-08-12T16:17:22Z,Stade Rennais 3 3 3 3 3,0
2013-08-12T16:16:46Z,Allez l'OM !,0
2013-08-12T16:15:58Z,second ? haha bolosse x) Allez Paris !,0
2013-08-12T16:14:58Z,first,0
2014-04-14T00:10:26Z,PSG need to get their shit together,1
2014-04-25T16:50:07Z,"Perso, je trouve le but de José Saez magnifique (même si il a eu de la chance)",0
2013-12-08T17:44:35Z,nantes=meilleur publique de france :),0
2013-12-07T19:59:28Z,"Le but de Saez est magnifique, celui de Romero est pas mal dans le jeu et celui de Nantes est bien beau malgré une belle chance pour moi.
Rodriguez n'a rien à foutre dans le top'5 et celui de Rivière est beau, mais je préfère celui de Roux.

FAITES UN TOP 5 SANS PSG ET MONACO !! Parce que dans ce top'5; on aurait put en mettre d'autres que ceux de Monaco (Ou encore celui de Rodriguez. Encore Rivière il a sa place mais y'a eu MIEUX)",0
2013-12-07T10:59:57Z,"Le plus beau club de france , FCN <3",0
2013-12-07T10:37:53Z,"Allez Monaco !
",0
2013-12-07T10:19:50Z,Ocampos ?,1
2013-12-06T20:30:20Z,"Aristidgueta ""roux roux roux""",1
2013-12-06T19:50:26Z,le but de riviere il est pas mal,1
2013-12-06T16:24:39Z,Nul,0
2013-12-06T07:46:32Z,Cette vague Nantaise sur le but d'Aristeguieta. Magnifique.,8
2014-04-14T16:38:38Z,Il ya a eu des beaux buts ce week-end!,0
2014-04-14T14:45:49Z,"Sincèrement, vous ne pouvez pas enlever cette musique de fond ? Ça gâche complètement l'ambiance lors d'un but.",1
2014-04-13T22:24:58Z,First ,0
2013-09-29T02:24:34Z,"No es gran cosa el gol, pero definitivamente la gran habilidad de Falcao es buscar el area, un cazador de rebotes. Buena!",0
2013-09-11T05:29:12Z,viva los jugadores del continente America,0
2013-09-02T18:07:10Z,"Ah es que lo valioso de este gol no es su factura,que no fue para nada espectacular.Lo valioso es la ubicación de Falcao en el área,su instinto goleador..saber aprovechar los errores del rival es una de las mayores virtudes de todo goleador.",0
2013-09-02T17:12:37Z,Olfati de goleador,0
2013-09-02T03:38:07Z,"Nada espectacular el gol, en realidad fue culpa de defensa ya que Falcao entró solo y al defensa se le escapó una pelota que no era difícil de sacar.",0
2013-09-02T01:03:21Z,eos es Falcao .. grande Tigre!!,0
2013-08-13T14:30:17Z,Falcao ptdr,0
2013-08-13T11:21:54Z,mevlut erdıng perfect goal,0
2013-08-12T22:19:46Z,Yayay,0
2013-08-12T21:07:07Z,"Ca fait plaiz de pas avoir les comnentateurs sur les actions.
Enfin du foot tranquil",0
2014-04-21T17:47:45Z,"Bravo Wass, splendide !",0
2014-04-16T13:07:37Z,Et le but de Ferri??,0
2014-04-15T13:40:52Z,Et le but de ferri???,0
2014-04-15T06:26:09Z,Dommage qu'il n'aient pas attendu le but de ferri 😟,1
2014-04-14T21:51:40Z,Et ferri alors pas une seule image de Lyon ni dans le zapping ni dans le top but ! Pourquoi ?,0
2014-04-14T21:24:31Z,"Dans le zapping pas le tifo de Lyon  de montrer, la pas le but de Ferri ! Euuuh sa fait beaucoup",0
2014-04-14T21:11:31Z,Ferri ?,0
2014-04-14T21:11:29Z,Ferri ?,0
2014-04-14T19:10:34Z,Et ferri il humilie le PSG par 1 but énorme et il n'a pas sa place dans le top 5 mais ou on va ,2
2014-04-14T18:25:05Z,"Belle image avec Aboubakar qui va chercher une accolade avec Gourcuff. Ca prouve qu'il est encore bien intégré dans son club et que le président est une lavette.
Supp breton :)",2
2014-04-14T16:31:14Z,Gakpe?,0
2014-04-14T14:39:24Z,Et le but de Jordan Ferri wtf vous êtes con ,5
2014-04-14T14:39:22Z,Et le but de Jordan Ferri wtf vous êtes con ,0
2014-04-14T12:21:07Z,"La vidéo est sortie avant le match OL - PSG, arrêtez de gueuler Ferri ",2
2014-04-14T11:24:24Z,Ferri est ou son but,8
2014-04-14T07:30:40Z,Et vous avez oublier FERRI jpense ,8
2014-04-14T07:08:15Z,Ferri? De très loin le plus beaux but de cette journée,11
2014-04-14T06:33:34Z,Et zidane ?,2
2014-04-14T05:47:53Z,Les lyonnais ferri merite ca place mais ils ont du faire la video avant le match de PSG-OL  :/,2
2014-04-14T05:45:02Z,Et le but de ferri on en fait quoi ?,14
2014-04-14T05:01:41Z,Le but de Jordan Ferri aurait eu largement sa place !,12
2014-04-14T04:46:33Z,Et Ferri ????,4
2014-04-14T00:42:53Z,ET FERRI !!!!!!!!!??,3
2014-04-13T23:29:53Z,Ferri? ah non vous ragez trop de la defaite des qataris,16
2014-04-13T22:17:24Z,FERRI?,3
2014-04-13T22:09:42Z,Et Ferri ? Et Gignac ?,12
2014-04-13T22:07:25Z,"Vous pourriez attendre la fin du dernier match de la journée avant de faire votre vidéo :)

Ferri a largement sa place ici >:o(",7
2014-04-13T22:04:48Z,Le but de Ferri ?,4
2013-12-06T22:54:23Z,"@ 1:01, lovley ball",1
