publish_date,title,view_count
2014-03-07T09:53:49Z,Alexandre Coeff - as guilers,2747
2014-05-04T18:22:31Z,rclensois radio - Interview Alexandre Coeff - 04-05-2014,2081
2013-10-29T21:55:25Z,Hoy Entrenamos con... Coeff,1454
2013-08-10T12:48:57Z,Penalti de Coeff,2010
2013-09-19T13:03:53Z,"Coeff, previa Real Betis",740
2013-11-12T13:01:25Z,"Coeff, previa FC Barcelona",579
2013-08-17T22:00:11Z,RC Lens - AJ Auxerre (4-1) - Le résumé (RCL - AJA) - 2013/2014,62607
2014-03-22T20:10:27Z,"Brahimi, Coeff y Recio en zona mixta",260
2014-02-26T12:52:48Z,"Coeff, previa Athletic Bilbao",71
2013-08-11T20:29:17Z,Morten Nordstrand - Unbelievable Bicycle Goal vs FC Copenhagen,3974
2013-08-04T17:34:52Z,2010 (May 25) France 2 -Denmark 3 (Toulon Under 21 Tournament),229
2014-06-28T15:33:29Z,ADEM AR 7 FT ILYAS-M foot ball skill videos clip Hd ★★★★★,395
2013-10-21T11:46:05Z,AS Guilers   Lannilis,266
2014-01-13T10:14:17Z,Scorpion goal from Francesco Ruopolo vs  Modena   Гол скорпиона,138
2014-05-29T18:21:57Z,Golazo de Sarr  - Francia 1 - 0 Portugal - Esperanzas de Toulon 2014 - 29 - 05 - 2014,862
2013-10-20T11:39:45Z,Amazing scorpion goal better than Ibrahimovic´s,580
2014-06-10T01:46:23Z,Nike | Saving Football | The Last Game,1239
2014-03-19T13:03:50Z,Andrea Pirlo Free Kicks,210
2014-02-13T14:24:20Z,"Reportage beIN SPORTS : Henrikh MKHITARYAN, la science du jeu",76636
2014-01-13T09:57:38Z,FIFA Puskas Award 2013  Peter Ankersen VOTE,71
2013-12-16T09:01:58Z,FC Plougastel   AS Guilers,877
2013-11-05T21:12:17Z,La cavale blanche C   AS Guilers C,503
2014-03-21T22:14:58Z,rclensois radio - Le Before - Nimes-RC Lens - 21-03-2014,698
2014-02-24T23:25:38Z,Cfa2: Sablé - Guingamp,445
2014-05-12T17:39:34Z,AS Guilers - fc Plougastel,741
2013-09-15T10:33:07Z,Fabian Schär - Welcome to Borussia Mönchengladbach?,5436
2014-05-22T22:15:37Z,vidéo du match U15 ! As Guilers plouenan,499
2014-03-13T08:40:49Z,Sur les traces du foot Wallon,18619
2014-01-10T10:21:27Z,entrainement AS Guilers,456
2013-08-30T23:41:05Z,L2 - 5e - RC Lens-Troyes - Ambiance d&#39;avant -match,11121
2014-05-05T08:05:22Z,Matt McClure scores amazing scorpion kick!,281
2013-09-15T01:26:36Z,"9/14/13 Throw In&#39;s, Goal/Free Kicks",94
2013-10-09T05:25:02Z,Gol magnifico bomber Moscardelli fifa 14,554
2013-09-25T18:18:40Z,The Scorpion - Gastón Mealla,74
2013-12-01T06:58:49Z,11-30-13 Scorpion Soccer U14 Boys Goal Highlights v Stars,450
2013-09-11T13:48:59Z,Botafogo -- Coritiba 3-1 2013. sept,12
2013-10-23T21:29:45Z,Gols - SCORPIONS X GUANABARA 19 outubro 2013,307
2014-05-13T20:36:39Z,rclensois radio - Interview Nicolas Saint-Ruf - 13-05-2014,1251
2013-10-19T13:56:43Z,Pot des nouveaux   ASG,244
2013-10-29T12:45:55Z,"Foulquier, previa At  Madrid",82
