publish_date,title,view_count
2013-12-17T11:00:02Z,Dijon FCO - Clermont Foot (1-0) - 16/12/13 - (DFCO - CF63) - Résumé,4064
2013-11-09T23:00:00Z,FC Metz - Dijon FCO (2-0) - Le résumé (FCM - DFCO) - 2013/2014,11654
2013-11-02T23:26:28Z,Dijon FCO - Chamois Niortais (2-2) - Le résumé (DFCO - NIORT) - 2013/2014,24438
2013-09-25T22:00:09Z,US Créteil - Dijon FCO (1-3) - Le résumé (USCL - DFCO) - 2013/2014,3241
2013-12-21T23:00:01Z,Châteauroux - Dijon FCO (3-1) - 20/12/13 - (LBC - DFCO) - Résumé,5660
2014-04-11T14:24:38Z,EXCLUSIVE: Willian&#39;s first interview in English,84075
2014-05-10T22:00:01Z,FC Istres - Dijon FCO (2-4) - Résumé - 09/05/14 - (FCIOP-DFCO),3897
2014-03-10T10:43:16Z,The Willian Song vs Spurs,71592
2014-05-17T22:00:00Z,Dijon FCO - SM Caen (2-2) - Résumé - 16/05/14 - (DFCO-SMC),6145
2013-11-23T21:11:02Z,Dijon FCO - AS Nancy-Lorraine (1-0) - Le résumé (DFCO - ASNL) - 2013/2014,2376
2014-06-24T19:33:23Z,O lateral William fala sobre a emoção de receber um par de chuteiras do atacante Remy Cabella,258
2014-02-08T23:00:01Z,Stade Lavallois - Dijon FCO (0-0) - 07/02/14 - (LAVAL-DFCO) -Résumé,1344
2014-04-21T01:47:46Z,William Hits the Crossbar,48
2014-04-11T15:42:57Z,Willian in the middle,125768
2013-11-02T23:35:51Z,Conférence de presse Dijon FCO - Chamois Niortais (2-2) - 2013/2014,80
2013-10-06T18:31:30Z,Chelsea Willian song v Norwich,162620
2013-08-24T12:07:49Z,Willian Borges Da Silva|Welcome To Chelsea| 2012/2013,24391
2014-05-20T00:26:07Z,Arsenal After Benzema And Di Maria! &amp; More Soccer Transfers!,730
2013-09-03T17:59:51Z,Atacante William Diógenes,720
2014-03-20T00:59:46Z,But de william lescouzeres (11-8) - 2014-03-19 20:30:00 - Terrain 1 - Mercredi Poule 1 - LIGUE FEVRI,1
2014-03-19T00:45:17Z,Chelsea vs Galatasaray Didier Drogba Full Time,542406
2014-01-20T13:11:17Z,Oscar pushes Rafael during interview.,193988
2014-06-02T13:53:57Z,5 Transfers To Make Us Great (2014) | Manchester United | Transfer News,81662
2014-06-01T12:27:00Z,Willian ● Hazard ● Schurrle ● Oscar ● Quartet of Brilliance HD,64244
2013-10-21T16:44:29Z,5 Transfers To Make Us Great Again | Manchester United 2013/14,118005
2014-07-21T12:27:06Z,Jeff Louis /The Magician/ Crazy Skills  Dribbling &amp; Goals /Full ᴴᴰ/,29922
2013-08-28T07:12:12Z,"Willian mini CL compilation - Skills, Dribbles &amp; Passing HD (720p)",5436
2014-06-26T16:43:00Z,William fala sobre o pai na coletiva da Seleção,2356
2014-06-11T15:07:41Z,Willian - Revelação Guaraná,6175607
2014-03-20T01:00:27Z,Faute de william lescouzeres - 2014-03-19 20:30:00 - Terrain 1 - Mercredi Poule 1 - LIGUE FEVRIER 20,0
2013-10-06T17:15:00Z,Willian Borges da Silva amazing first Chelsea goal.,31738
2013-11-06T07:40:03Z,Complete Gallas Interview,3583
2014-07-30T01:11:18Z,"Latest Arsenal Transfer News: Khedira, Costa, Chambers etc",936
2014-04-12T20:05:39Z,Chelsea U18&#39;s v Bolton U18&#39;s (H) 13/14,5943
2014-05-16T10:14:53Z,What would you do with Arsene&#39;s cheque book? | Arsenal transfer targets,6776
2014-06-17T20:20:37Z,"Willian Borges Da Silva Skills, Goals, and Tackles 2014",1093
2013-12-26T14:55:28Z,Paul-Georges Ntep /Auxerre/ Skills Dribbling Assists Goals /2013-2014/ HD,79136
2013-08-25T19:34:29Z,Willian In His London Hotel On Brink Of Signing for Tottenham After Passing Medical,3237
2013-08-24T19:31:12Z,Half time entertainment at St James&#39; Park,236
2013-12-15T17:58:37Z,&quot;You Love To Beat Us!&quot; | Aston Villa 0-3 Manchester United | OPPO REVIEW,5775
2013-10-28T12:03:47Z,"Oscar dos Santos 2013/2014 - Chelsea Pure  • Skills, Goalsᴴᴰ",2594
2014-02-06T20:18:12Z,Eden Hazard - Blue Wizard - Am I Wrong 2014,25554
2014-06-04T07:46:03Z,"Transfer Daily - Balotelli To Arsenal, Aurier Admit&#39;s He&#39;s Coming.",29210
2014-06-07T09:55:49Z,"No contest with Willian, says Oscar",3338
2013-10-19T21:07:53Z,"Ligue 1 / Lille sur le podium, Montpellier frustré - 19/10",810
2013-10-27T18:13:56Z,Willian Borges get smashed Chelsea / man city,557
2014-05-25T00:32:08Z,"Indirecto.com.uy - Gol de Colón, Willian Núñez de penal",625
2013-08-02T18:15:01Z,"NUC 2013: St. Louis, MO Morning/Afternoon Highlights",247
2013-09-09T17:58:12Z,PABLO ARMERO HACE UN EXCELENTE BAILE EN EL PARTIDO DE COLOMBIA,921
2013-11-24T18:42:28Z,Downton SC 98 99 BU15 v Santa Barbara SC White 11/16/2013 FULL HIGHLIGHTS,921
