publish_date,title,view_count
2014-04-09T13:31:06Z,1 minute avec... Alassane Touré,4249
2014-03-22T23:00:01Z,Nîmes Olympique - RC Lens (3-3) - 22/03/14 - (NIMES-RCL) - Résumé,14383
2014-03-04T11:00:01Z,RC Lens - Tours FC (2-2) - 03/03/14 - (RCL-TOURS) - Résumé,19299
2014-03-18T11:00:03Z,RC Lens - AC Arles Avignon (3-0) - 17/03/14 - (RCL-ACA) - Résumé,33685
2014-04-22T10:00:01Z,Châteauroux - RC Lens (1-1) - 21/04/14 - (LBC-RCL) - Résumé,9088
2014-04-05T22:00:01Z,SM Caen - RC Lens (1-0) - 05/04/14 - (SMC-RCL) - Résumé,18084
2014-02-01T23:00:02Z,RC Lens - Stade Lavallois (0-0) - 01/02/14 - (RCL-LAVAL) -Résumé,4670
2014-04-26T22:00:02Z,RC Lens - AS Nancy-Lorraine (1-1) - 25/04/14 - (RCL-ASNL) - Résumé,12064
2014-02-08T23:00:02Z,ESTAC Troyes - RC Lens (1-0) - 08/02/14 - (ESTAC-RCL) -Résumé,8465
2014-05-03T22:00:03Z,RC Lens - Angers SCO (0-0) - 03/05/14 - (RCL-SCO) - Résumé,9379
2014-05-10T22:00:01Z,RC Lens - Stade Brestois 29 (0-1) - Résumé - 09/05/14 - (RCL-SB29),27222
2014-04-12T22:00:01Z,RC Lens - Chamois Niortais (2-0) - 12/04/14 - (RCL-NIORT) - Résumé,36377
2014-05-07T22:00:01Z,FC Istres - RC Lens (1-6) - Résumé - 06/05/14 - (FCIOP-RCL),64116
2013-10-29T22:31:40Z,Alassane Tambe 3,642
2014-04-26T22:00:01Z,US Créteil - Havre AC (2-0) - 25/04/14 - (USCL-HAC) - Résumé,2805
2014-05-07T22:00:02Z,AJ Auxerre - Havre AC (2-1) - 06/05/14 - (AJA-HAC) - Résumé,4544
2014-02-03T17:13:14Z,Lamouchi: &quot;We will have a chance&quot;,8513
2014-06-11T08:29:35Z,Ca smashe avec Yoann Lachor,3616
2014-04-05T22:00:02Z,Havre AC - CA Bastia (1-0) - 04/04/14 - (HAC-CAB) - Résumé,2278
2014-04-30T09:55:58Z,Une minute avec... Adamo Coulibaly,4265
2013-08-24T22:19:18Z,Mamadou Toure with his first goal in Israel!,443
2014-04-26T01:08:28Z,Lens - Nancy,7226
2014-01-06T09:30:17Z,DANS LE SECRET DES ELEPHANTS ACTE 2,212840
2014-05-27T16:34:07Z,Ca swingue dans Sang et Or le Mag,3886
2014-04-07T07:57:08Z,Sang et Or : la question des supporters à Wylan Cyprien,520
2013-11-05T15:13:20Z,But de DIABATE Inza,417
2014-04-15T13:13:58Z,Une minute avec... Wylan Cyprien,6129
2014-02-22T18:14:36Z,YAYA ON IMPORTANT WIN City 1-0 Stoke Yaya Toure post match interview,10859
2014-03-20T21:55:22Z,Diambars FC - Linguère ( 3 - 2) - mercredi 20 mars 2014 - Résumé,897
2014-01-08T19:20:48Z,1ère Journée Ligue 2,418
2014-06-26T13:02:50Z,Franck Queudrue dans Sang et Or Le Mag,2303
2014-04-24T07:03:28Z,Une minute avec... Pierrick Valdivia,3346
2014-04-22T02:12:42Z,Les réactions lensoises après Châteauroux - Lens (1-1),3965
2013-11-17T13:26:18Z,Mondial 2014: la Côte d&#39;Ivoire se qualifie au dépens du Sénégal,4082
2013-08-16T20:31:32Z,COTE D&#39;IVOIRE - GHANA,318
2014-04-16T12:40:10Z,Arfang daffe,2448
2014-04-18T13:36:51Z,La conférence de presse avant Châteauroux - Lens,4400
2014-04-11T13:24:15Z,La conférence de presse avant Niort,5141
2014-04-18T09:39:23Z,Une minute avec... Loïck Landre,4554
2014-04-28T15:08:32Z,Seconds 8es de finale retour coupe CAF ASEC Mimosas-Kaizer Chiefs (1-0) 2013 2014,3280
2014-02-17T22:34:25Z,Football féminin: Les &quot;Elephantes&quot; donnent les clés de leur victoire sur les Maliennes,2455
2014-04-24T13:53:54Z,Conférence de presse avant Lens - Nancy,5978
2014-05-03T21:20:23Z,Abschied &amp; Interview Ibrahima Traoré - VfB Stuttgart,1821
2014-02-12T23:18:21Z,Football féminin/CAN: Conference de presse avant le match Cote d&#39;Ivoire - Mali,2439
2013-09-09T23:23:46Z,Football/Éléphants: Affaire Zokora quitte le groupe: Ce qui s&#39;est vraiment passé,7868
2013-12-20T11:44:52Z,Konaté Cheick Youssouf,231
