published-time,comment,likes
2014-04-11T11:25:17Z,sympa ces vidéos individualisés ... a faire pour le reste de l équipe et a poursuivre pour les nouvelles recrues :-p,0
2014-04-09T15:39:08Z,"Sympa ces petites vidéos, c'est bien d'en apprendre un peu plus sur la progression de nos joueurs, d'où ils viennent etc... :)",0
2014-03-26T19:14:24Z,Les supporters des croix de Savoie veulent monter a bonnal pour découvrir votre stade ! Revenez en l1 svp :) ,0
2014-03-24T10:05:59Z,J'ai hâte de vous revoir en L1 les sangs et Or !!!!! ( 1 supporter Lyonnais ),0
2014-03-23T12:56:55Z,Libojia kombouare le garde pour Monaco !,0
2014-03-23T11:32:53Z,Aller Lens ! :D,2
2014-03-23T09:20:12Z,"Coulibaly n'a rien apporté sur ce match, pas compris pourquoi le coach l'a laissé sur le terrain en lieu et place de Ljuboja qui revient en forme... ",0
2014-03-23T08:50:05Z,On moins on a eté capable de revenir 3x au score ! Allez Lens !,2
2014-03-23T08:40:44Z,On croit au maintien aller no !!!!,1
2014-03-23T06:16:41Z,On y croit la monté !! Allez RCL,2
2014-05-07T13:33:39Z,,0
2014-05-07T13:32:05Z,"On et  là tous ensemble nous chanterons pour l'amour du maillot que vous portez sur le dos dans le malheur on la gloire on et la
",1
2014-05-07T13:29:08Z,Allez allez au au nous sommes les lensois partout on chantera jamais on lâchera,1
2014-05-07T13:25:51Z,Tours vous etes pourris vous etes pourris ,0
2014-05-07T13:24:08Z,Allez lensois tes supporters sont la,1
2014-05-07T13:23:00Z,,0
2014-04-12T08:02:54Z,Les plus forts c'est tours,0
2014-03-10T09:47:23Z,J'aimerais vraiment voir un publique comme ça pour Tours *-*,1
2014-03-05T15:33:52Z,Est que vous pouvez mettre le résumé du match CA Bastia - Brest svp la Ligue 2,0
2014-03-04T17:50:11Z,"Bravo au deux equipes, dommage pour Tours qui avait plus besoin des trois pts pour la monter",4
2014-03-04T14:57:05Z,"tout le monde peut venir prendre un point minimum à Lens... c'est ça le message pour les futurs adversaires... Lens ne fait pas peur, et encore moins à domicile ! Merci au public, car sans lui, c'est 0/2 sur ce match !",2
2014-03-04T13:56:31Z,Yahia a pris le bouillon en première... ,1
2014-03-04T13:56:06Z,"#Ligue2 - Retrouvez le résumé du match de clôture de la 26e journée RC Lens / Tours FC ! Supporters, qu'avez-vous pensé de ce match ?",4
2014-03-04T12:25:08Z,euh lol ? j'ai envie de dire il peut pas faire grand chose sur les 2 buts. se sont surtout 2 grosses erreurs défensives.,3
2014-03-04T11:48:55Z,riou la passoir,3
2014-03-19T12:20:36Z,Merci ! Comme ça Metz est meilleur défense ! ;),2
2014-03-19T10:04:24Z,Hâte de vous revoir en L1,4
2014-03-19T09:02:07Z,Allez angers ,0
2014-03-18T18:47:50Z,Très belle victoire mais on est suivi de très près ,1
2014-03-18T17:35:59Z,Grosse opération au classement ! Bientôt la Ligue 1 !,3
2014-03-18T12:52:07Z,#Ligue2 - Revivez les meilleurs moments de RC Lens - AC Arles Avignon (3-0) en vidéo !,6
2014-03-18T12:47:55Z,Très belle victoire sang et or... Mention spéciale à Ljuboya qui a du faire fermer la bouche de tous les médisants... ,2
2014-03-18T12:17:06Z,2 buts chanceux + 1 but hors-jeu de lluboja pour une victoire peu reluisante.,1
2014-03-18T11:45:29Z,Allez Lens ! Un retour en L1 serait magnifique !,1
2014-04-22T21:54:37Z,"Y'a un Kop a chatereoux ?

Vu les tribunes, ca pourrais ressembler a un futur Chaudron, c'est dommage...",2
2014-04-09T17:05:55Z,Lens en ligue 1 !!!,0
2014-04-08T14:49:35Z,"Ljuboja (sais plus comment sa secri)
Gros FAIL",0
2014-04-06T10:07:19Z,Va falloir se battre jusqu'au bout alors ! Allez Lens !,1
2014-04-06T08:19:06Z,"11 tirs, 3 cadrés... que c'est peu!
Ça se rapproche derrière, il faut gagner contre Niort la semaine pro, Allez Lens!
Bravo à Caen, très beau match ;)",7
2014-04-05T22:22:23Z,J'y étais également et ça fait vraiment plaisir de revoir d'Ornano vibré comme dans les années ligue 1 ! Merci Malherbe,7
2014-04-05T22:08:38Z,"1:43 L'arbitre laisse l'avantage vu que le ballon reste Lensois et que le joueur se retrouve seul , malheureusement celui-ci ne trouvera pas le but vraiment dommage , je préfère précisé avent que certain cris au scandale .",1
2014-04-05T22:03:24Z,J'y étais super ambiance et un match digne d'un niveau de ligue 1 franchement un super match !,7
2014-02-03T11:56:07Z,"ne rien lâcher et gagner profitons de cet atout cher a l équipe ce magnifique douzième homme.
Bordel c est Lens ! Notre place est en ligue 1
",0
2014-02-03T11:12:53Z,"Faut arrêter, Lens fait un match moyen certes, il y avait du gachis techniquement et de mauvaises passes. Un milieu très défensif et un lien manquant avec les attaquants mais les occasions sont là, avec un peu plus de réussite et un gardien moins bon en face, nous empochions les 03 points.",0
2014-02-03T00:01:01Z,dommage pour laval qui aurai mérité de s'imposer et encore bravo a cappone pour sa belle prestation,0
2014-02-02T13:06:46Z,"on laisse beaucoup trop de points à nos adversaires... à force de jouer avec un sentiment de supériorité, on va finir par avoir une grosse déconvenue à la fin du championnat... derrière ça pousse fort et on est loin d'être à l'abri !!! il faut impérativement gagner à Troyes la semaine prochaine...",2
2014-02-02T08:58:56Z,"Occasion manquée de prendre la tête, mais surtout de creuser l'écart au classement !",1
2014-05-03T21:20:15Z,Paris je me fais pas d'illusion c pas notre niveau mais nancy sont des merde contre NOUS je dit bien contre metz ! ,0
2014-05-01T13:13:51Z,"Je suis pour Lens mais la faut l'avouer , Lens à eu beaucoup de chance.",0
2014-04-30T06:53:06Z,"+AtomeChannel
T con toi nancy et metz on se déteste et je comprend apres la racler que l'on vous a mit mais pk lens nous détesterai réfléchit ,il nous on battu 2 fois et le public et les joueurs s'entende bien et mm les entraineurs  dc tu racconte de véritable connerie ! Mais c pas ta faute t un nancein. ! 
«Nancy en flamme metz capitale lalala !!»  ",0
2014-04-29T09:59:31Z,"Bon courage aux lensoit pour la ligue1 mm si metz reste meilleur :-P
Et nancy rêvé pas trop vous etez mal partie pour la L1 rester en L2 on vous envera une carte postale ! 
Allez Metzzz on va finir premier ! ",0
2014-04-28T23:21:07Z,un arbitre caennais qui arbitre un match capital pour la montée c est du grand nimporte quoi,0
2014-04-28T19:09:35Z,Pas grand chose en 2 ème mi-temps mes quand meme 2 buts.Allez LENS!!!!!!!!:o,0
2014-04-28T19:06:03Z,Ya qu' une équipe en première période...,0
2014-04-28T17:13:06Z,"Deux belles equipes , Nancy est tres fort a l'exterieur et aurais merité mieux ! Nancy en L1 !",0
2014-04-27T08:27:42Z,"la defense n'y est pas mais heureusement que aréola est la
et en plus c pas un beau but celui de jeff louis",0
2014-04-27T08:25:00Z,"pourquoi être vulgaire Kentin 1-1 lens sens tir pas mal , sur se grand bravo au gardien de but lensois   autrement l’addition aurais été sévère  en 1er mi temps  ! allez nancy ;)",1
2014-04-27T08:07:35Z,"Sans un bon gardien on prend une raclée, parce que la défense était à la peine !",6
2014-04-27T00:10:06Z,la mauvaise sortie d areola ? le commentateur reflechit deux sec il ne peut pas avoir le ballon il sort pour gener  seulement  pck le moindre contact c est rouge et penalty il a tres bien fait c est la defense qui na pas suivie point,2
2014-02-10T00:19:29Z,"On a été plus fort sur ce match c'est tout pas la peine de polémiquer, le règlement est très clair, c'est l'arbitre qui doit arrêter le jeu. Je vous suis vraiment déçu de la part du public lensois, je les voyais pas comme ça avant, j'espère que ça n'est qu'une minorité, enfin bref allez l'ESTAC ! ",2
2014-02-09T13:50:22Z,"Ça ce joue pas juste sur le coup franc, on a eté mauvais sur la match entier, voilà tout !

Faut se reprendre dès le prochain match ! Allez Lens !",1
2014-02-09T11:54:45Z,Riou va prendre combien de match ?,0
2014-02-09T10:34:30Z,"Ça ne sert à rien de rager, nous n'avons pas été bon c'est tout!",1
2014-02-09T00:17:14Z,Les lensois:venez pas parler d'arbitrage! Vous avez deja le calendrier le plus avantageux de l2 et ce fait de jeu lors du coup franc victorieux a ete le meme que contre laval(en defaveur de troyes) et les troyens n'ont jamais gueulé! ,1
2014-05-05T08:46:19Z,Nan mais sérieux Angers c'est pas un club ,0
2014-05-04T10:10:20Z,allez lens!,2
2014-05-04T10:10:04Z,moi je vois pas tres bien si il est hors jeu le but de touzgart,0
2014-05-04T09:23:11Z,Dommage de gâcher des points facile à prendre.,2
2014-05-24T06:49:29Z,"Notre chaîne commence ds 2 semaines 
",0
2014-05-13T18:02:45Z,Aller tours fc,1
2014-05-12T13:15:44Z,#Ligue2 - Revivez les meilleurs moments de RC Lens - Stade Brestois 29 (0-1) en vidéo.,6
2014-05-11T23:48:17Z,Allez Brest !,7
2014-05-11T20:22:25Z,"Penalty non valable et envahissement de guignol, fête gâche!",0
2014-05-11T13:34:31Z,Ahah top bon mdrr j'aime sa,1
2014-05-11T12:59:51Z,C'est dommage tout ces gens qui seront déçus de ne pas monter :/ !,2
2014-05-11T08:57:49Z,2.21 peno,0
2014-05-11T08:53:32Z,c'etait des footix et des parisiens,0
2014-04-15T08:11:39Z,"Bravo au racing et à leur public.
Dommage pour Niort, la marche est un peu trop haute cette année, ALLEZ CHAMOIS!",0
2014-04-13T19:59:13Z,Aller le losc l'anner prochaine enfin un derby marant !!,0
2014-04-13T09:20:00Z,"Quelle ambiance !
6 points d'avance sur le 4ème, faut pas lacher maintenant ! Allez Lens !",5
2014-05-20T13:08:44Z,c etai sur le poteau et non sur la barre ^^,7
2014-05-15T09:27:39Z,Allé la ligue 1 nous tend les mains va falloir poussé notre club a bastia :D,4
2014-05-10T08:08:57Z,Istres ils sont pourris,2
2014-05-10T08:08:55Z,Istres ils sont pourris,2
2014-05-08T18:17:32Z,"""Le secteur offensif est amoindri""
Lucide, ce gars.",3
2014-05-08T06:58:22Z,"Je trouve que le stade de Istres fais franchement pitié, pas d'ambiance, stade au 3\4 vides... Cela s'explique sans doute par ça proximité avec Marseille mais c'est vraiment dommage car il mérite d'être plus suivi. En espérant qu'il se maintiennent en L2.

Bravo au RCL pour ça belle victoire et j’attends avec impatience leur remontée en L1.              ",21
2014-05-07T23:16:20Z,"Le penalty est un peu gros je trouve , y'a déjà 5-0 il aurait pu rien voir . ",5
2014-05-09T05:43:12Z,Bravo au premier but de Pléa à Auxerre. OL 3,2
2014-05-08T08:23:16Z,"Il a quoi Sorin, ca fait pas 2 saisons qu'il est blessé ?",0
2014-05-07T22:19:09Z,Firste ,0
2014-02-06T09:38:37Z,Hi ,0
2014-02-03T18:30:37Z,"no excuses for ivory coast this time around you got an easy group
you should be able to beat japan and greece",2
2014-06-11T18:00:58Z,"Il a un match vendredi soir à Auchel, perso j'y vais. J'veux voir ce qu'il donne sur un court de tennis :)",0
2014-04-07T21:21:15Z,Quelle tristesse ce grand stade vide ... au moins autant que le nombre de vues de la vidéo ...,0
2014-04-06T10:20:12Z,LeBiihan qui fait le show après son but alors qu'il n'a qu'à pousser le ballon au fond des filets et après son raté ça me fait rire,1
2014-04-06T08:51:03Z,Chut,1
2014-04-06T07:34:02Z,C'est quoi l'intéret de se payer un grand stade pour qu'il soit vide à chaque match ?,1
2014-06-04T01:34:57Z,Ismael dance bien hein. Allez les Elephants!,2
2014-05-29T21:50:21Z,"La voix de Dominique, me rappelle Bollaert, une voix unique ahah !",0
2014-04-15T23:36:43Z,Allez LENS <3 j'espère que ce joueur ira très loin dans sa carrière professionnelle (mdr winny l'ourson) ,1
2014-02-24T15:19:40Z,Most complete midfielder in the world and best midfielder in EPL,0
2014-02-24T07:25:01Z,Not a city fan. But yaya toure is the best player in the premiership.,3
2014-02-24T01:00:31Z,"The guy is class whenever he speaks or plays. Would like to see us strengthen the defence a bit, but otherwise we have a great squad. The front line looks good and the midfield looks good, nice to see Garcia now putting in some good performances.",4
2014-02-23T11:41:46Z,We love yaya!!!,1
2014-02-23T11:04:56Z,I love this man .. Legend,5
2014-02-23T04:43:54Z,I think he is man of the match and i think he should have an inform card for that !,5
2014-02-23T00:48:25Z,I think i think i think Yaya again played really well.,8
2014-02-23T00:17:34Z,"lmao how many times did yaya say ""i think""",2
2014-02-22T23:44:13Z,thx YAYA !!<3333,0
2014-02-22T20:51:17Z,sorry jovetic,4
2014-02-22T20:08:14Z,jovetic is not going to last much if he keep getting injured ,0
2014-02-22T19:18:55Z,"Well done lads. At the back of my mind I was wondering whether the gaffer would push Yaya forward and introduce a CM playing alongside Ferna or Javi while keeping Samir and David at the flanks, but then sadly Jovetic got injured. All the best.",5
2014-02-22T19:05:29Z,First,0
2014-02-22T19:02:03Z,Yaya Toure!!!,7
2014-02-22T18:41:48Z,Liverpool. ,2
2014-02-22T18:38:38Z,i think when aguero return man city will be more strength :),7
2014-02-22T18:24:17Z,Third,0
2014-02-22T18:17:24Z,second,0
2014-02-22T18:15:53Z,First,0
2014-04-24T07:53:50Z,Le voici le fair play du football a 0-50,0
2014-04-24T07:53:50Z,Le voici le fair play du football a 0-50,3
2014-04-21T11:03:07Z,"Et nous aussi, on compte sur vous, allez les gars !!",1
2014-04-11T17:08:23Z,"bizarrement, je le sens pas du tout ce match... Niort va nous poser énormément de problèmes... le seul petit espoir, ce sont les stats... Niort n'a jamais gagné à LENS dans les compétitions récentes...",0
2014-04-11T15:23:06Z,Plus la fin est proche et plus j'ai l'impression que ça devient dur pour Lens .. Allez une victoire demain pour se relancer ! :),0
2014-04-11T13:59:42Z,Une victoire à la maison et un peu moins de pression après ... C'est dommage si près du but ... Allez Lens ... Dominator !!!,0
2014-04-11T13:43:01Z,"Dernière ligne droite, beaucoup de blessés, va falloir s'arracher et accrocher la victoire !! allez Lens !!",0
2014-04-30T04:48:30Z,Felicitations aux Mimos!,0
2014-04-25T08:59:30Z,"Pas d'accord avec AK, Nancy ne viendra pas pour défendre... ils ont tout à gagner en nous battant à domicile ! ils vont venir pour gagner et vont certainement nous mettre une énorme pression avec Jeff Louis notamment... Attention gros danger sur ce match !",0
2013-09-10T23:38:56Z,franchement pour un brassar? nonnn je pense qu'il y' a autre chose.,0
