published-time,comment,likes
2013-08-21T17:19:06Z,"bravo le CF63

allez clermont",0
2013-08-07T10:05:41Z,"y a peno 
",0
2013-08-03T23:09:26Z,"premiere journer victoire grace a un tir au but et deja un carton rouge
beau depart pour clermont en ligue 2 xd",0
2014-04-06T13:39:09Z,Maboulou joue encore ?? Il mérite une suspension même si son but n'est pas mal,0
2014-04-06T07:45:01Z,Maboulou malgré sa main il marque et revient bien ! La preuve d'un joueur d'une grande mentalité!Allez la Berri !,1
2014-01-13T01:58:42Z,Ouai enfin moi j'ai pas vu si la balle rentré bien dedans hein... pis bien sur la sa nous montre pas.... ,0
2014-01-12T22:05:33Z,Pas penalty du tout ,0
2014-01-12T19:33:28Z,FIRST ET ALLEZ CLERMONT ,0
2014-04-13T07:23:16Z,"Boly a pas le niveau pour la Ligue 2, ou en tout cas il donne pas l'air d'avoir envie de jouer...",0
2013-11-04T16:05:31Z,Lol,0
2013-11-03T10:35:58Z,ils ont bien fait de changer de coach,0
2013-09-29T09:02:00Z,First (commentaire inutile ) =P,0
2013-12-18T07:37:44Z,ce serait possible d'avoir des resumé comme un ligue 1 de tous les buts sur une seule video??,2
2013-12-17T15:55:20Z,super Romano :),0
2013-12-17T15:13:40Z,#Ligue2 - Retrouvez le résumé du match de clôture de la 17e journée : Dijon FCO / Clermont Foot grâce à notre chaîne officielle YouTube !,5
2013-12-17T15:00:20Z,romain philippe POTEAU,2
2013-12-17T14:06:31Z,Poteau de Philippoteaux quel ironie du sort ^^ bon match.,1
2014-04-01T20:37:20Z,"Clermont, l'an prochain si vous faites le même match qu'hier, en marquant, vous allez en Ligue 1 c'est obligé! J'ai la sensation que Brouard vous mènera loin !",1
2014-04-01T17:35:17Z,dominer n'est pas gagner,1
2014-04-01T16:15:08Z,super sauvetage du défenseur a 3:11,1
2014-04-01T10:49:11Z,on merite largement de gagné !,1
2014-04-01T10:37:02Z,#Ligue2 - 30e journée - Revivez les meilleurs moments de RC Lens - Clermont Foot (1-1) en vidéo !,10
2013-10-30T14:59:59Z,"Lens 1 tir cadré , clermont 5 tir cadré je pense que le match devait etre d'un niveau extraordinnaire vive le match pourrit xD ",0
2013-10-29T10:23:15Z,Lens meriter de gagner : /,0
2013-10-29T10:12:06Z,Lens méritait ee gagner et clermont BOF,0
2013-10-29T10:00:20Z,"#Ligue2 - Amis supporters, retrouvez le résumé du match de clôture de la 12ème journée qui opposait le Clermont Foot au RC Lens (0-0) sur la chaîne officielle Youtube !",4
2013-10-29T09:30:41Z,Dommage Clermont méritait mieux,0
2014-02-16T12:28:17Z,Si niort monte en ligue 1 j'arrete de regarder le foot serieux mdrr,0
2014-03-16T00:02:01Z,Dommage le FCIOP,0
2013-08-28T09:03:27Z,Bien joue a Arles (supporter clermontois),2
2013-08-26T08:48:14Z,Viva ACA! LKB,2
2013-08-25T16:39:55Z,Kua84 en force !,2
2013-12-22T09:47:23Z,CLERMONT <3 !!!!!!!!,0
2013-12-01T10:05:19Z,le stade es-t vide,0
2014-01-19T17:59:24Z,22 personnes dans le stade xD,0
2013-08-19T07:25:48Z,En tant que supporter lavallois ça comme a devenir vraiment lassant de voir l'équipe mener au score puis se faire rejoindre et dépasser en fin de match.,0
2013-08-18T13:05:31Z,"Les tacles, à apprendre :D",0
2013-08-18T10:09:46Z,"A la la quelle malchance,je suis dégouté :(",0
2013-08-18T08:29:13Z,"laval va faloir se reveiller car la on dort et si on continue comme sa ces la national qui arrive
",0
2013-08-17T23:15:00Z,"Sinon je peux souscrire la vidéo a vidéo gag ? Non mais sérieux on ne va pas se mentir , les 2 buts sont exclusivement de la chance a par le 2e qui est beau.",0
2013-09-17T15:43:39Z,Il y a aussi eu un but de Sala refusé pour rien donc il n'est pas dans la vidéo pour couvrir l'erreur d'arbitrage...,0
2013-12-19T18:09:02Z,"J'ai vraimment était au match ( car je suis abonné) est l'ambuance est meilleur.
Allez Nancy!!!!!!!!!!!!!!!!!!!!!!!!!!!!!!!!!!!!!!!!!!!!!!!!!!!!!!!!",0
2013-11-26T11:15:57Z,Quand la tribune shuth ce mets a chanter ces tout le stade qui va s'enflamer,0
2013-10-20T20:48:06Z,Beau match de Nancy mais il faudra encore attendre la fin de la saison pour savoir qui sera en ligue 1 ;) (d'un supporter messin),0
2013-10-20T08:45:57Z,Vivement la L1 en mai 2014,0
2013-10-20T07:53:30Z,nancein qu'elle votre metier:ligue1 ligue1,0
2013-10-20T06:04:46Z,Allez Nancy,0
2013-10-20T00:38:08Z,Très beau match en tribunes !,0
2014-03-24T10:49:12Z,bye bye la L1 pour l'ASNL,0
2014-03-22T23:31:01Z,Un but du dos quoi .. ,0
2013-08-11T10:55:33Z,Et puis même pas d'image de Capelle blessé...,0
2013-08-11T04:03:06Z,les mec il mettent stade jule deschaseaux aprés il disent qu'il sont battut tours 3 buts a 2 il se trompent c'est stade océane et niort!!,0
2013-08-10T22:38:15Z,C'est pas Stade Jules-Dechaseaux mais Stade Océane ;),0
2014-03-15T06:45:32Z,Commentateur nul,2
2014-03-09T16:07:26Z,Le gardien de Clermont c'est pas Fayolle mais Farnolle,2
2014-04-30T15:06:08Z,"J'espère franchement que Brest ne va pas monter en Ligue 1, ce n'est pas que j'ai quelque chose contre Brest, mais il y a  déjà beaucoup trop de club Breton dans l'élite ( 4) et si Brest monte, ça fais 5. Résultat, y a tellement de derby que ça en devient lassant...",0
2014-04-26T22:18:12Z,Brest ======> L1 !!! <3 Allez la Bretagne ! :D,8
2014-07-23T08:53:14Z,"Allez les lorrains ici c est metz
",0
2014-02-26T10:06:23Z,"allez nancy
*",0
2014-02-23T19:14:09Z,"1 victoire , 3 nuls et 2 défaites bravo Metz ! Bientôt la 3 eme ;)",1
2014-02-23T00:57:30Z,La Lorraine est grenat et elle le restera :),13
2014-05-04T08:48:49Z,Vtk,0
2014-05-04T08:20:31Z,DFCO !!!!!!!,0
2013-09-01T10:18:39Z,"Alex est tellement fort qu'il fait en même temps faute, main et csc !",0
2013-08-30T17:23:31Z,"Et vos gueules ?
",0
2013-08-29T18:58:51Z,Et du steak ?,0
2013-08-28T09:27:07Z,Et de la choucroute ?,0
2013-08-25T22:31:12Z,FCN <3,0
2013-08-25T22:20:43Z,First !!!!!!!!!,0
