publish_date,title,view_count
2013-10-29T10:28:22Z,Petit Pont by Manu Imorou : Clermont Foot vs Lens 11ème Journée,1196
2013-09-25T22:00:11Z,Clermont Foot - SM Caen (2-2) - Le résumé (CF63 - SMC) - 2013/2014,4300
2013-08-03T22:00:12Z,Clermont Foot - Tours FC (2-1) - Le résumé (CF63 - TOURS) - 2013/2014,7684
2014-04-05T22:00:06Z,Clermont Foot - Châteauroux (1-1) - 04/04/14 - (CF63-LBC) - Résumé,2052
2014-03-01T23:00:01Z,SM Caen - Clermont Foot (2-1) - 28/02/14 - (SMC-CF63) - Résumé,7669
2014-01-11T23:00:00Z,ESTAC Troyes - Clermont Foot (2-2) - 10/01/14 - (ESTAC-CF63) -Résumé,2192
2014-04-12T22:00:01Z,AJ Auxerre - Clermont Foot (0-2) - 11/04/14 - (AJA-CF63) - Résumé,3013
2013-11-09T23:00:00Z,Clermont Foot - AJ Auxerre (1-1) - Le résumé (CF63 - AJA) - 2013/2014,3675
2013-11-02T23:46:27Z,Châteauroux - Clermont Foot (3-0) - Le résumé (LBC - CF63) - 2013/2014,4449
2013-09-28T22:00:01Z,Nîmes Olympique - Clermont Foot (1-1) - Le résumé (NIMES - CF63) - 2013/2014,1651
2013-12-17T11:00:02Z,Dijon FCO - Clermont Foot (1-0) - 16/12/13 - (DFCO - CF63) - Résumé,4064
2013-10-05T22:00:01Z,Clermont Foot - FC Istres (2-0) - Le résumé (CF63 - FCIOP) - 2013/2014,2945
2014-04-01T10:00:02Z,RC Lens - Clermont Foot (1-1) - 31/03/14 - (RCL-CF63) - Résumé,8020
2013-10-28T23:36:19Z,Clermont Foot - RC Lens (0-0) - Le résumé (CF63 - RCL) - 2013/2014,4264
2014-02-15T23:00:02Z,Clermont Foot - Chamois Niortais (0-1) - 14/02/14 - (CF63-NIORT) - Résumé,2580
2014-03-15T23:00:01Z,FC Istres - Clermont Foot (1-1) - 14/03/14 - (FCIOP-CF63) - Résumé,4789
2013-08-24T22:00:11Z,AC Arles Avignon - Clermont Foot (1-0) - Le résumé (ACA - CF63) - 2013/2014,3909
2013-12-21T23:00:01Z,Clermont Foot - CA Bastia (2-0) - 20/12/13 - (CF63 - CAB) - Résumé,3123
2014-02-08T23:00:02Z,US Créteil - Clermont Foot (2-0) - 07/02/14 - (USCL-CF63) -Résumé,1822
2013-11-30T23:00:01Z,Clermont Foot - Stade Brestois 29 (1-0) - 29/11/13 - (CF63 - SB29) - Résumé,2327
2014-01-18T23:00:03Z,Clermont Foot - Havre AC (0-1) - 17/01/14 - (CF63-HAC) -Résumé,2784
2013-08-17T22:00:11Z,Clermont Foot - Stade Lavallois (2-1) - Le résumé (CF63 - LAVAL) - 2013/2014,6084
2013-09-21T22:00:05Z,Clermont Foot - FC Metz (0-0) - Le résumé (CF63 - FCM) - 2013/2014,2392
2013-09-14T22:00:05Z,Chamois Niortais - Clermont Foot (0-0) - Le résumé (NIORT - CF63) - 2013/2014,1277
2014-05-10T22:00:02Z,Clermont Foot - ESTAC Troyes (0-3) - Résumé - 09/05/14 - (CF63-ESTAC),2254
2013-10-19T22:00:00Z,AS Nancy-Lorraine - Clermont Foot (3-2) - Le résumé (ASNL - CF63) - 2013/2014,11021
2014-03-22T23:00:00Z,Clermont Foot - AS Nancy-Lorraine (1-0) - 21/03/14 - (CF63-ASNL) - Résumé,2435
2014-05-07T22:00:01Z,CA Bastia - Clermont Foot (1-1) - 06/05/14 - (CAB-CF63) - Résumé,2361
2013-08-10T22:00:11Z,Havre AC - Clermont Foot (0-1) - Le résumé (HAC - CF63) - 2013/2014,5383
2014-03-08T23:15:41Z,Clermont Foot - Nîmes Olympique (1-0) - 07/03/14 - (CF63-NIMES) - Résumé,1401
2014-04-26T22:00:01Z,Stade Brestois 29 - Clermont Foot (2-0) - 25/04/14 - (SB29-CF63) - Résumé,4115
2014-04-19T22:00:01Z,Clermont Foot - Angers SCO (1-1) - 18/04/14 - (CF63-SCO) - Résumé,3995
2014-02-22T23:00:01Z,FC Metz - Clermont Foot (1-0) - 22/02/14 - (FCM-CF63) - Résumé,6803
2014-05-03T22:00:01Z,Clermont Foot - Dijon FCO (0-1) - 02/05/14 - (CF63-DFCO) - Résumé,1823
2013-09-25T19:19:11Z,Conférence de presse Clermont Foot - SM Caen (2-2) - 2013/2014,30
2013-08-03T19:24:07Z,Conférence de presse Clermont Foot - Tours FC (2-1) - 2013/2014,244
2013-08-02T20:46:08Z,Caen 3-1 Dijon avec VFM,1134
2013-08-02T15:30:52Z,But d&#39;égalisation du CSC contre l&#39;espagnol,579
2013-08-25T22:18:16Z,But ALEX (52&#39; csc) - FC Nantes - Paris Saint-Germain (1-2 - 2013/2014,3938
