publish_date,title,view_count
2013-09-14T22:00:04Z,CA Bastia - Dijon FCO (0-0) - Le résumé (CAB - DFCO) - 2013/2014,2192
2014-02-15T23:00:02Z,Dijon FCO - CA Bastia (3-0) - 14/02/14 - (DFCO-CAB) - Résumé,3241
2014-05-07T22:00:01Z,Dijon FCO - Châteauroux (2-1) - 06/05/14 - (DFCO-LBC) - Résumé,2552
2014-01-11T23:00:01Z,Dijon FCO - FC Istres (4-1) - 10/01/14 - (DFCO-FCIOP) -Résumé,3708
2013-10-26T22:00:02Z,AC Arles Avignon - Dijon FCO (0-0) - Le résumé (ACA - DFCO) - 2013/2014,1510
2014-04-15T10:00:02Z,Dijon FCO - FC Metz (2-2) - 14/04/14 - (DFCO-FCM) - Résumé,7082
2013-11-30T23:00:01Z,Nîmes Olympique - Dijon FCO (1-1) - 29/11/13 - (NIMES - DFCO) - Résumé,2710
2013-11-09T23:00:00Z,FC Metz - Dijon FCO (2-0) - Le résumé (FCM - DFCO) - 2013/2014,11654
2013-08-24T22:00:11Z,Stade Brestois 29 - Dijon FCO (0-0) - Le résumé (SB29 - DFCO) - 2013/2014,3682
2014-03-22T23:00:00Z,ESTAC Troyes - Dijon FCO (2-0) - 21/03/14 - (ESTAC-DFCO) - Résumé,2418
2013-10-05T22:00:00Z,Havre AC - Dijon FCO (0-0) - Le résumé (HAC - DFCO) - 2013/2014,1943
2013-12-17T11:00:02Z,Dijon FCO - Clermont Foot (1-0) - 16/12/13 - (DFCO - CF63) - Résumé,4064
2013-08-17T22:00:11Z,Dijon FCO - Angers SCO (1-3) - Le résumé (DFCO - SCO) - 2013/2014,8945
2013-11-02T23:26:28Z,Dijon FCO - Chamois Niortais (2-2) - Le résumé (DFCO - NIORT) - 2013/2014,24438
2014-03-08T23:16:39Z,AJ Auxerre - Dijon FCO (2-2) - 07/03/14 - (AJA-DFCO) - Résumé,5848
2014-02-01T23:00:01Z,Dijon FCO - Stade Brestois 29 (3-0) - 31/01/14 - (DFCO-SB29) -Résumé,3001
2013-10-19T22:00:00Z,Dijon FCO - ESTAC Troyes (2-1) - Le résumé (DFCO - ESTAC) - 2013/2014,5432
2014-03-29T23:00:01Z,Dijon FCO - AC Arles Avignon (1-1) - 28/03/14 - (DFCO-ACA) - Résumé,1929
2014-05-10T22:00:01Z,FC Istres - Dijon FCO (2-4) - Résumé - 09/05/14 - (FCIOP-DFCO),3897
2014-02-22T23:00:00Z,Tours FC - Dijon FCO (1-0) - 21/02/14 - (TOURS-DFCO) - Résumé,2745
2014-01-28T20:08:33Z,Angers SCO - Dijon FCO (0-0) - 27/01/14 - (SCO-DFCO) -Résumé,2802
2013-09-28T22:00:01Z,Dijon FCO - AJ Auxerre (1-0) - Le résumé (DFCO - AJA) - 2013/2014,4752
2013-12-21T23:00:01Z,Châteauroux - Dijon FCO (3-1) - 20/12/13 - (LBC - DFCO) - Résumé,5660
2013-09-25T22:00:09Z,US Créteil - Dijon FCO (1-3) - Le résumé (USCL - DFCO) - 2013/2014,3241
2014-05-03T22:00:01Z,Clermont Foot - Dijon FCO (0-1) - 02/05/14 - (CF63-DFCO) - Résumé,1823
2013-08-31T22:00:10Z,Dijon FCO - Stade Lavallois (1-0) - Le résumé (DFCO - LAVAL) - 2013/2014,3755
2014-03-01T23:00:00Z,Dijon FCO - US Créteil (2-2) - 28/02/14 - (DFCO-USCL) - Résumé,2539
2013-08-10T22:00:11Z,Dijon FCO - RC Lens (1-1) - Le résumé (DFCO - RCL) - 2013/2014,13121
2014-04-05T22:00:01Z,Chamois Niortais - Dijon FCO (2-0) - 04/04/14 - (NIORT-DFCO) - Résumé,3263
2014-02-08T23:00:01Z,Stade Lavallois - Dijon FCO (0-0) - 07/02/14 - (LAVAL-DFCO) -Résumé,1344
2014-05-17T22:00:00Z,Dijon FCO - SM Caen (2-2) - Résumé - 16/05/14 - (DFCO-SMC),6145
2014-01-18T23:00:04Z,RC Lens - Dijon FCO (2-2) - 18/01/14 - (RCL-DFCO) -Résumé,15559
2013-11-23T21:11:02Z,Dijon FCO - AS Nancy-Lorraine (1-0) - Le résumé (DFCO - ASNL) - 2013/2014,2376
2014-03-08T17:41:51Z,Conférence de presse AJ Auxerre - Dijon FCO (2-2) - 2013/2014,279
2014-03-15T23:00:00Z,Dijon FCO - Havre AC (1-2) - 14/03/14 - (DFCO-HAC) - Résumé,4275
2014-04-14T22:04:07Z,Conférence de presse Dijon FCO - FC Metz (2-2) - 2013/2014,516
2014-04-26T21:32:23Z,Dopopartita dalla Schützenwiese,498
2013-09-25T21:59:56Z,25 settembre 2013 - Romulo,757
2013-10-06T17:19:39Z,06 ottobre 2013 - Luca Toni,3182
