publish_date,title,view_count
2014-06-10T15:15:37Z,Carlo Pinsoglio-TUTTI A CESENA video by Piero Milano,220
2013-10-10T14:38:38Z,Pinsoglio: &quot;Mi sono fatto trovare pronto&quot;,160
2013-11-04T13:24:58Z,Modena 1-0 Virtus Lanciano 01/11/2013 2013-14 - 12°,723
2014-06-21T08:33:07Z,Vincenzo Fiorillo 1990 Goalkeeper Highlights,1849
2014-05-24T20:59:19Z,Parate 2013/14 ritorno,55
2013-09-23T14:11:50Z,TV1935Soberano | Goiás 1x0 São Paulo | Melhores Momentos | Brasileirão 2013,73
2014-06-19T04:54:22Z,Serie B EUROBET - Play Off: Modena - Spezia 1-0,788
2014-01-16T12:34:42Z,Di Biagio su Berardi: &quot;E&#39; un ragazzo tranquillo che tiene molto alla maglia Azzurra&quot;,834
2014-07-23T13:34:59Z,Boario 2014: Vincenzo Fiorillo,1379
2014-07-23T14:55:29Z,Fiorillo: &quot;Pescara è la piazza giusta per me&quot;,338
2014-05-31T02:04:52Z,&quot;Yashin&quot; - Parate Città di Vicenza 2014,261
2014-06-04T22:29:46Z,Domenico Berardi 2013-2014 - Unstoppable Italian talent,909
2013-08-07T23:10:48Z,Presentazione Perugia Calcio 2013-2014,729
2014-07-16T18:15:04Z,Inter 6-1 Trentino Team | Highlights (16/07/2014),237194
