published-time,comment,likes
2013-11-01T15:47:33Z,Il vont se faire défoncer cean contre Lens <3,0
2013-10-23T12:06:25Z,je ne voudrai pas te décevoir mais je pense que caen va monter ils sont capables. D'ailleurs ça ne me décois pas que caen ne monte pas,0
2013-10-22T15:03:57Z,"Bonnefoi, comme d'hab', pas vmt irréprochable...",0
2013-10-21T16:12:05Z,Je ne voudrai pas te décevoir mais je ne pense pas que Caen montera en ligue 1 cette année :/,0
2013-10-21T13:03:42Z,caen va monter ils ont l'effectif pour ,0
2013-10-20T20:01:22Z,Allez Caen 3,0
2014-04-29T15:12:47Z,Fier d'être caennais!!!,1
2014-04-09T17:05:55Z,Lens en ligue 1 !!!,0
2014-04-08T14:49:35Z,"Ljuboja (sais plus comment sa secri)
Gros FAIL",0
2014-04-06T10:07:19Z,Va falloir se battre jusqu'au bout alors ! Allez Lens !,1
2014-04-06T08:19:06Z,"11 tirs, 3 cadrés... que c'est peu!
Ça se rapproche derrière, il faut gagner contre Niort la semaine pro, Allez Lens!
Bravo à Caen, très beau match ;)",7
2014-04-05T22:22:23Z,J'y étais également et ça fait vraiment plaisir de revoir d'Ornano vibré comme dans les années ligue 1 ! Merci Malherbe,7
2014-04-05T22:08:38Z,"1:43 L'arbitre laisse l'avantage vu que le ballon reste Lensois et que le joueur se retrouve seul , malheureusement celui-ci ne trouvera pas le but vraiment dommage , je préfère précisé avent que certain cris au scandale .",1
2014-04-05T22:03:24Z,J'y étais super ambiance et un match digne d'un niveau de ligue 1 franchement un super match !,7
2013-09-16T20:18:08Z,"big surprise ici 
",2
2013-09-14T23:54:27Z,ACA !!!,5
2013-09-14T22:47:51Z,Grand gardien a Caen ,1
2013-09-14T22:29:47Z,"Y a qu'avec Caen que l'on voit ça..
Début parfait, puis tout s'écroule, c'est malin, que ce soit sur le match ou sur le début de saison",2
2014-05-18T06:34:21Z,C'est cool Châteauroux en national et les Lensois  en ligue 1et en plus Châteauroux on les enqules,0
2014-04-03T06:41:07Z,Bien joué Châteauroux,0
2014-03-30T10:38:06Z,"L'arbitrage français me déçoit : Monaco : 6 - 0 : Lens
On va me dire "" oui mais ils auraient tout de même gagné même si le premier but avait été refusé pour hors-jeu "" Je ne crois pas, ce but a déclenché les autres. Hors-jeu de Ocampos indiscutable, l'arbitre, l'arbitre de touche et celui se trouvant derrière la surface, pas un seul n'a vu ce hors-jeu ! Et puis il sert à quoi cet arbitre derrière cette surface, il fait que glander, puis je parle pas du but refusé à Coulibaly pour hors-jeu alors qu'il n'y avait pas du tout hors-jeu, 'faudrait peut-être redire les règles à ces bons à rien d'arbitre.",0
2014-03-29T08:49:03Z,"Je suis supporter Malherbiste donc mon avis sera peut-être assez subjectif mais se faire voler 2 points sur match et les 3 points du match contre l'équipe de Nîmes qui n'a pas osé atterrir alors que la visibilité était largement suffisante ça fait beaucoup...
Je me rappelle d'une équipe qui se déplaçait au Havre mais ils n'ont pas pu arriver à temps à cause du volcan islandais qui bloquait toutes les voiez aériennes.  Et bien le Havre avait eu match gagné alors que les circonstances étaient vraiment 20 fois pire que lors de l'atterrissage de l'avion de Nîmes...
Toutes manières une équipe doit être sur place la veille du match en pro; c'est la base....

Bref, vraiment dégoûté de ces injustices qui vont certainement coûter la montée à mon équipe favorite...",1
2014-03-27T13:01:20Z,MATCH VOLE !!!,0
2014-03-25T22:23:40Z,"Et on s'étonne qu'il n'y a pas d'arbitre français à la coupe du monde...
C'est une faute professionnelle ! 
Les joueurs peuvent être sanctionnés après-match à la vue de la vidéo, pourquoi pas les arbitres ? Quand on commencera à mettre des suspensions aux arbitres, peut-être qu'ils commenceront à arbitrer correctement et arrêteront de se prendre pour des demi-dieux (et pas que dans le foot)",1
2014-03-25T17:43:07Z,Maboule c'est le meilleur.,1
2014-03-25T09:46:47Z,"Un très belle esprit sportif de MABOULOU qui j’espère sera lourdement sanctionné pour cette tricherie.
Bravo MABOULOU pour l'image du foot et on se demande après pourquoi ce sport est parfois mal perçu LAMENTABLE et les arbitres je n'en parle pas",5
2014-03-24T10:13:16Z,"Décidément, les arbitres français sont pathétique en ce moment...",0
2014-03-23T23:24:21Z,"Go Maboulou , tu nous évite la défaite,  c'est bon ça !",1
2014-03-23T22:22:56Z,Et j'espère que prochainement m. Duhamel sera moins violent.,0
2014-03-23T22:19:19Z,"Une fois de plus, l'équipe de Chateauroux a prouvé sa supériorité. Maboulou a touché le ballon mais dans un match de foot le maître suprême est l'arbitre, c'est lui qui a toujours le dernier mot. c'est la loi du foot. Vive La Berri, qui vous l'enfonce bien profond. Cordialement mes amis de Caen.",1
2014-03-23T18:04:10Z,"a cause de cette arbitre, on perd nos chances de monter",0
2014-03-23T15:20:27Z,"Y'a pas main ! il la touche pas, sa frole...",1
2014-03-23T14:55:46Z,En plus. C'est que l'arbitre demande au 4ème arbitre,0
2014-03-23T14:48:39Z,A cause de l'arbitre on a moins de chance de monter sur le podium,0
2014-03-23T13:21:23Z,UNE HONTE !!!!!!,1
2014-03-23T12:17:35Z,"Je suis pour le HAC mais là je pense que Caen méritait vraiment la victoire, je dois avouer qu'au niveau du derby c'était serré 2-1 cumul. Mais quand a vraiment une bonne équipe et mérite cette montée en Ligue 1 plus que chaque autre équipe, is suffit de regarder la DB ca se voit tout de suite, et je pense que ce match nul volé par les Castelroussins peuvent leur couter la montée, honteux encore cet arbitrage francais.. On comprend maintenant pourquoi aucun arbitre de France n'a eté selectionné pour la coupe du Monde.",3
2014-03-23T11:25:54Z,"Ca va, il a pas trop exagéré le 5 de Châteauroux sur le carton rouge... ",2
2014-03-23T10:56:32Z,"une purge cet arbitrage! et je parles pas de ce maboulou! c'est honteux! deja pour le but de la main, et surtout pour la contestation sur le but refusé! ",0
2014-03-23T10:55:41Z,il y a une pétition qui tourne a déjà prés de 5000 signature sur facebook merci de l aimer et de l partager cela peut arrive demain a votre club,0
2014-03-23T10:53:26Z,pourquoi attribue le but (façon de parler ) a maboulou et sur le site LFP a chamed !!!!  enfin pour un joueur qui regrette il lève comme même bien le point apres de l arbitre,0
2014-03-23T10:13:05Z,"C'est dommage pour chateauroux : le ballon est a peine effleuré, sans l'avoir touche, 'il serait quiand mme rentré...Un footballeure ne dois pas avoir le reflexe de lever le bras sue un coup de pied arreté !",1
2014-03-23T09:29:48Z,,0
2014-03-23T09:29:06Z,Et emplus il est content ce conard de malabou ou chez pas quoi. Putin sa me dégoute étant au stade je trouve sa scandaleux !!!,1
2014-03-23T07:35:35Z,l'arbitrage ... Souvent critiqué mais la j'ai jamais vu sa de ma vie,0
2014-03-23T02:04:40Z,"C'est LAMENTABLE !!! ... Non seulement la décision de l'arbitre, mais encore plus la réaction de ce con**** de Maboulou !!! (Désolé mais il n'y a pas d'autres mots). Le mec est content d'avoir marqué (ok dans le feu de l'action pourquoi pas... mais) après 15 minutes et après la décision de l'arbitre (qu'est ce qu'il foutait d'ailleurs pour avoir loupé une main pareil, devant ses yeux ? --') le gars applaudit cette décision... aucune dignité... J'suis dégouté pour les Ceannais, en espérant qu'ils récupèrent les 3 points qui leur sont dû !
(Et je ne parle pas de l'autre qui se roule par terre, une fillette de 4 ans ne ferait pas mieux...)",10
2014-03-23T01:20:46Z,"Le pire dans tout ça, c'est le buteur de Châteauroux! Comment peut-il être aussi heureux de marquer, de célébrer son but et oser venir ouvrir sa gueule lorsque l'arbitre au départ refuse le but! Vraiment une bonne mentalité de merde CHÂTEAUROUX, vraiment !",2
2014-03-23T01:06:07Z,Franchement j'avais un minimum de respect pour Châteauroux mais le je suis dégoûté de leur part c'est vraiment dégueulasse c'est même pu du foot du début jusqu’à la fin 0 fairplay de la part de Châteauroux même le dernier but tous le banc de Châteauroux dit qu'il y a est j'en reviens pas . Je leur souhaite une bonne relégation il le mérite juste avec ce match et cette arbitre de merde ...,5
2014-03-23T01:02:55Z,Honteux !! Sérieux de A à Z !! On doit avoir les 3points...,2
2014-03-23T00:53:50Z,"c'est, vraiment scandaleux il a raison Dudu le steack (ou Duhamel si vous voulez) de dire qu'il devrait arbitrait en dhr encore il aurait pas le niveau même en district il ferrait des erreurs ce couillon de la lune puis euh je sait pas vous mais Caen devait gagné 2-0 le ballon soit disant sortie sur sa tranversale regarder bien le filet vous y verrais la balle le toucher ",0
2014-03-23T00:47:54Z,"Donc un carton rouge immérité, un but de la main et la fin du match est sifflée alors qu'il restait 1 minute de temps additionnel et que le coup d'envoi n'a pas été tiré. J'espère que le match va être au minimum a rejouer car ça peut nous coûter la montée en L1.",4
2014-03-22T23:35:42Z,Un scandale !,2
2014-03-22T23:24:18Z,"Une simulation qui coûte un rouge, puis une mais pourtant flagrante. Le joueur ne vient même pas avouer sa faute, c'est scandaleux !!",1
2014-03-22T23:16:05Z,Volé !!,8
2013-11-09T23:12:54Z,First,3
2013-12-06T21:50:19Z,"c'est zlatan qui le met celui là, on en entend parler toute l'année...",1
2013-12-02T20:40:55Z,Oh vous avez du oublier (sans faire exprès) le but angevin sifflé (à tord) hors jeu. Non? ,0
2013-11-30T23:05:24Z,pour une fois que le scénario arrive à l'envers ... Bien joué les p'tits gars !,0
