publish_date,title,view_count
2013-10-19T22:00:00Z,Châteauroux - SM Caen (0-2) - Le résumé (LBC - SMC) - 2013/2014,5101
2014-03-01T23:00:01Z,SM Caen - Clermont Foot (2-1) - 28/02/14 - (SMC-CF63) - Résumé,7669
2013-12-14T23:00:01Z,CA Bastia - SM Caen (1-5) - 13/12/13 - (CAB - SMC) - Résumé,19708
2014-04-05T22:00:01Z,SM Caen - RC Lens (1-0) - 05/04/14 - (SMC-RCL) - Résumé,18084
2013-09-14T22:00:05Z,AC Arles Avignon - SM Caen (3-2) - Le résumé (ACA - SMC) - 2013/2014,7066
2014-03-22T23:00:00Z,SM Caen - Châteauroux (1-1) - 21/03/14 - (SMC-LBC) - Résumé,21334
2013-11-09T23:00:01Z,SM Caen - FC Istres (4-0) - Le résumé (SMC - FCIOP) - 2013/2014,7972
2014-02-22T23:00:01Z,Chamois Niortais - SM Caen (0-0) - 21/02/14 - (NIORT-SMC) - Résumé,1669
2013-11-30T23:00:01Z,SM Caen - Angers SCO (1-1) - 29/11/13 - (SMC - SCO) - Résumé,8853
