publish_date,title,view_count
2014-07-22T18:44:33Z,Yoric Ravet: Willkommen beim Grasshopper Club Zürich!,2321
2014-01-13T10:11:30Z,Yoric Ravet fantastic goal,31
2014-03-17T15:05:26Z,Genc Krasniqi trifft gegen Vaduz,1658
2013-08-26T14:26:07Z,Historic Number of Red Cards on Matchday 3,35875
2014-05-01T09:59:50Z,Thorsten Schick (highlights),2462
2014-03-31T16:33:09Z,Mergim Brahimi mit einem Hattrick gegen Servette!,2855
2013-08-07T10:21:30Z,"Champions League: Grasshopper Zürich 0:1 Olympique Lyon (3. Quali-Runde, Rückspiel, 06.08.2013)",2196
2014-05-05T21:10:19Z,"Raiffeisen Super League: Grasshoppers Zürich 5:0 BSC Young Boys (32. Spieltag, 04.05.2014)",2144
2014-03-16T21:20:49Z,"Raiffeisen Super League: Grasshoppers Zürich 4:2 FC Sion (25. Spieltag, 16.03.2014)",9767
2013-09-22T12:05:39Z,PTSV Jahn Freiburg-SC Offenburg 0:2 Alle Tore&amp;Highlights,1146
2013-11-28T03:04:15Z,PK vor Liberec,1399
