publish_date,title,view_count
2014-03-08T23:15:41Z,Clermont Foot - Nîmes Olympique (1-0) - 07/03/14 - (CF63-NIMES) - Résumé,1401
2014-04-12T22:00:01Z,AJ Auxerre - Clermont Foot (0-2) - 11/04/14 - (AJA-CF63) - Résumé,3013
2014-03-01T23:00:01Z,SM Caen - Clermont Foot (2-1) - 28/02/14 - (SMC-CF63) - Résumé,7669
2013-12-21T23:00:01Z,Clermont Foot - CA Bastia (2-0) - 20/12/13 - (CF63 - CAB) - Résumé,3123
2013-11-30T23:00:01Z,Clermont Foot - Stade Brestois 29 (1-0) - 29/11/13 - (CF63 - SB29) - Résumé,2327
2014-03-15T23:00:01Z,FC Istres - Clermont Foot (1-1) - 14/03/14 - (FCIOP-CF63) - Résumé,4789
2014-05-07T22:00:01Z,CA Bastia - Clermont Foot (1-1) - 06/05/14 - (CAB-CF63) - Résumé,2361
2013-10-05T22:00:01Z,Clermont Foot - FC Istres (2-0) - Le résumé (CF63 - FCIOP) - 2013/2014,2945
2013-08-17T22:00:11Z,Clermont Foot - Stade Lavallois (2-1) - Le résumé (CF63 - LAVAL) - 2013/2014,6084
2013-12-17T11:00:02Z,Dijon FCO - Clermont Foot (1-0) - 16/12/13 - (DFCO - CF63) - Résumé,4064
2013-08-24T22:00:11Z,AC Arles Avignon - Clermont Foot (1-0) - Le résumé (ACA - CF63) - 2013/2014,3909
2014-05-03T22:00:01Z,Clermont Foot - Dijon FCO (0-1) - 02/05/14 - (CF63-DFCO) - Résumé,1823
2013-11-02T23:46:27Z,Châteauroux - Clermont Foot (3-0) - Le résumé (LBC - CF63) - 2013/2014,4449
2014-04-01T10:00:02Z,RC Lens - Clermont Foot (1-1) - 31/03/14 - (RCL-CF63) - Résumé,8020
2014-01-11T23:00:00Z,ESTAC Troyes - Clermont Foot (2-2) - 10/01/14 - (ESTAC-CF63) -Résumé,2192
2014-01-18T23:00:03Z,Clermont Foot - Havre AC (0-1) - 17/01/14 - (CF63-HAC) -Résumé,2784
2014-05-17T22:00:01Z,Tours FC - Clermont Foot (3-0) - Résumé - 16/05/14 - (TOURS-CF63),8188
2013-09-14T22:00:05Z,Chamois Niortais - Clermont Foot (0-0) - Le résumé (NIORT - CF63) - 2013/2014,1277
2013-10-28T23:36:19Z,Clermont Foot - RC Lens (0-0) - Le résumé (CF63 - RCL) - 2013/2014,4264
2014-05-10T22:00:02Z,Clermont Foot - ESTAC Troyes (0-3) - Résumé - 09/05/14 - (CF63-ESTAC),2254
2013-11-09T23:00:00Z,Clermont Foot - AJ Auxerre (1-1) - Le résumé (CF63 - AJA) - 2013/2014,3675
2013-09-28T22:00:01Z,Nîmes Olympique - Clermont Foot (1-1) - Le résumé (NIMES - CF63) - 2013/2014,1651
2013-08-03T22:00:12Z,Clermont Foot - Tours FC (2-1) - Le résumé (CF63 - TOURS) - 2013/2014,7684
2013-11-23T23:00:00Z,Angers SCO - Clermont Foot (0-2) - Le résumé (SCO - CF63) - 2013/2014,11157
2014-07-10T18:31:05Z,2013 2014 France Ligue 2 Top 10 Prospects,1073
2014-03-22T23:00:00Z,Clermont Foot - AS Nancy-Lorraine (1-0) - 21/03/14 - (CF63-ASNL) - Résumé,2435
2013-08-31T22:00:10Z,Clermont Foot - US Créteil (0-0) - Le résumé (CF63 - USCL) - 2013/2014,1807
2013-10-19T22:00:00Z,AS Nancy-Lorraine - Clermont Foot (3-2) - Le résumé (ASNL - CF63) - 2013/2014,11021
2014-04-19T22:00:01Z,Clermont Foot - Angers SCO (1-1) - 18/04/14 - (CF63-SCO) - Résumé,3995
2014-03-08T19:34:40Z,Conférence de presse Clermont Foot - Nîmes Olympique (1-0) - 2013/2014,153
2014-04-26T22:00:01Z,Stade Brestois 29 - Clermont Foot (2-0) - 25/04/14 - (SB29-CF63) - Résumé,4115
2013-09-21T22:00:05Z,Clermont Foot - FC Metz (0-0) - Le résumé (CF63 - FCM) - 2013/2014,2392
2014-03-01T18:21:59Z,Conférence de presse SM Caen - Clermont Foot (2-1) - 2013/2014,446
2013-08-10T22:00:11Z,Havre AC - Clermont Foot (0-1) - Le résumé (HAC - CF63) - 2013/2014,5383
2014-04-12T17:42:24Z,Conférence de presse AJ Auxerre - Clermont Foot (0-2) - 2013/2014,158
2013-11-30T21:33:17Z,Conférence de presse Clermont Foot - Stade Brestois 29 (1-0) - 2013/2014,90
2014-05-04T16:49:49Z,Coupe de France / Les Guingampais savourent - 04/05,148
2013-08-17T16:43:10Z,Conférence de presse Clermont Foot - Stade Lavallois (2-1) - 2013/2014,159
2014-03-15T18:11:05Z,Conférence de presse FC Istres - Clermont Foot (1-1) - 2013/2014,100
2013-08-10T17:11:07Z,Conférence de presse Havre AC - Clermont Foot (0-1) - 2013/2014,105
2013-11-23T21:18:19Z,Conférence de presse Angers SCO - Clermont Foot (0-2) - 2013/2014,590
2014-01-03T08:30:01Z,TOP 3 Buts - EA Guingamp / 2013-2014 (1ère partie),15512
2014-03-08T08:27:04Z,J27 Clermont / Nîmes : Le but du match,1015
2013-10-20T22:00:01Z,Goal Ladislas DOUNIAMA (78&#39;) - Evian TG FC - EA Guingamp (1-2) - 2013/2014,447
2014-01-28T18:37:15Z,Wilfried Domoraud (highlights),3394
2013-10-27T23:00:01Z,Goal Moustapha DIALLO (90&#39; +1) - EA Guingamp - AC Ajaccio (2-1) - 2013/2014,212
2014-04-20T20:47:51Z,"Football / Ligue 1 - Guingamp : après l&#39;ivresse, la claque - 20/04",161
2013-10-06T22:00:01Z,But Jérémy SORBON (47&#39;) - EA Guingamp - Stade Rennais FC (2-0 - 2013/2014,1324
2014-02-02T23:00:01Z,Goal Rachid ALIOUI (50&#39;) - SC Bastia-EA Guingamp (3-2) - 01/02/14 - (SCB-EAG),395
2013-12-19T06:00:00Z,But Yoann COURT (6&#39;) - ESTAC Troyes-Tours FC (3-2) - 18/12/13 (1/8 de finale) (ESTAC-TOURS),882
