publish_date,title,view_count
2014-02-04T21:05:04Z,Pescara Calcio: Mamadou Samassa,2968
2014-02-10T20:38:28Z,Top 10 Mali Fantastics Goals 14 !,786
2013-12-10T18:03:35Z,- Top 5 Buts - Equipe du Mali - 2013 -,4897
2014-05-18T05:19:56Z,Olympique de Marseille - EA Guingamp (1-0) - Highlights - 17/05/14 - (OM-EAG),7452
2013-09-01T22:47:30Z,Paris Saint-Germain - EA Guingamp (2-0) - Highlights (PSG - EAG) - 2013/2014,22058
2014-02-16T23:00:01Z,FC Sochaux-Montbéliard - EA Guingamp (1-0) - 15/02/14 - (FCSM-EAG) - Highlights,1647
2014-03-16T23:00:01Z,AC Ajaccio - EA Guingamp (1-2) - 15/03/14 - (ACA-EAG) - Highlights,2346
2013-08-18T22:00:16Z,AS Saint-Etienne - EA Guingamp (1-0) - Highlights (ASSE - EAG) - 2013/2014,3209
2014-01-22T00:18:26Z,La météorite de Killian Gargam,12691
2013-08-12T00:23:49Z,EA Guingamp - Olympique de Marseille (1-3) - Highlights (EAG - OM) - 2013/2014,10667
2014-03-23T23:27:26Z,EA Guingamp - Olympique Lyonnais (0-1) - 23/03/14 - (EAG-OL) - Highlights,3617
2014-03-02T23:00:02Z,Stade Rennais FC - EA Guingamp (0-2) - 01/03/14 - (SRFC-EAG) - Highlights,2373
2014-04-13T22:00:02Z,FC Nantes - EA Guingamp (1-0) - 13/04/14 - (FCN-EAG) - Highlights,1167
2014-05-11T02:27:23Z,EA Guingamp - Toulouse FC (2-0) - Highlights - 10/05/14 - (EAG-TFC),1043
2014-02-23T23:00:00Z,EA Guingamp - OGC Nice (1-0) - 22/02/14 - (EAG-OGCN) - Highlights,1232
2014-03-30T22:00:01Z,LOSC Lille - EA Guingamp (1-0) - 30/03/14 - (LOSC-EAG) - Highlights,1806
2014-04-06T22:00:01Z,EA Guingamp - Montpellier Hérault SC (1-2) - 05/04/14 - (EAG-MHSC) - Highlights,713
2013-12-03T00:03:28Z,Mamadou Toure score the goal for Ra&#39;anana,844
2014-03-09T23:00:01Z,EA Guingamp - Evian TG FC (0-1) - 08/03/14 - (EAG-ETG) -Highlights,1218
2014-05-07T22:00:01Z,AS Monaco FC - EA Guingamp (1-1) - 07/05/14 - (ASM-EAG) - Highlights,2862
2013-09-15T22:41:30Z,EA Guingamp - SC Bastia (1-1) - Highlights (EAG - SCB) - 2013/2014,1669
2014-04-20T22:00:02Z,Girondins de Bordeaux - EA Guingamp (5-1) - 20/04/14 - (FCGB-EAG) - Highlights,4907
2013-08-25T23:26:03Z,EA Guingamp - FC Lorient (2-0) - Highlights (EAG - FCL) - 2013/2014,2231
2014-03-16T23:00:01Z,AC Ajaccio - EA Guingamp (1-2) - 15/03/14 - (ACA-EAG) - Résumé,6790
2013-08-13T19:34:11Z,EA Guingamp - Olympique de Marseille (1-3) - Highlights (EAG-OM) - 2013/2014,1207
2014-04-27T22:00:02Z,EA Guingamp - Valenciennes FC (1-0) - 26/04/14 - (EAG-VAFC) -Highlights,526
2014-02-27T05:24:49Z,Match Amical : Sénégal - Mali : Les 23 Aigles,10982
2014-02-23T23:00:03Z,EA Guingamp - OGC Nice (1-0) - 22/02/14 - (EAG-OGCN) - Résumé,15240
2013-08-25T22:00:18Z,EA Guingamp - FC Lorient (2-0) - Le résumé (EAG - FCL) - 2013/2014,31354
2014-03-09T23:00:01Z,EA Guingamp - Evian TG FC (0-1) - 08/03/14 - (EAG-ETG) - Résumé,8754
2014-02-16T23:00:03Z,FC Sochaux-Montbéliard - EA Guingamp (1-0) - 15/02/14 - (FCSM-EAG) - Résumé,10288
2014-05-18T02:51:33Z,Olympique de Marseille - EA Guingamp (1-0) - Résumé - 17/05/14 - (OM-EAG),63896
2014-04-20T22:00:02Z,Girondins de Bordeaux - EA Guingamp (5-1) - 20/04/14 - (FCGB-EAG) - Résumé,41298
2014-03-24T00:49:31Z,EA Guingamp - Olympique Lyonnais (0-1) - 23/03/14 - (EAG-OL) - Résumé,24715
2014-03-02T23:00:02Z,Stade Rennais FC - EA Guingamp (0-2) - 01/03/14 - (SRFC-EAG) - Résumé,11092
2014-04-27T22:00:04Z,EA Guingamp - Valenciennes FC (1-0) - 26/04/14 - (EAG-VAFC) - Résumé,9710
2014-05-11T00:15:37Z,EA Guingamp - Toulouse FC (2-0) - Résumé- 10/05/14 - (EAG-TFC),13944
2014-03-30T22:00:01Z,LOSC Lille - EA Guingamp (1-0) - 30/03/14 - (LOSC-EAG) - Résumé,18249
2013-08-24T20:34:15Z,Retourné acrobatique de Mathieu Valbuena,1372
2014-04-06T22:00:03Z,EA Guingamp - Montpellier Hérault SC (1-2) - 05/04/14 - (EAG-MHSC) - Résumé,8964
2013-09-01T22:47:25Z,Paris Saint-Germain - EA Guingamp (2-0) - Le résumé (PSG - EAG) - 2013/2014,100823
2013-08-18T22:00:20Z,AS Saint-Etienne - EA Guingamp (1-0) - Le résumé (ASSE - EAG) - 2013/2014,32971
2014-05-07T22:00:01Z,AS Monaco FC - EA Guingamp (1-1) - 07/05/14 - (ASM-EAG) - Résumé,20729
2014-04-13T22:00:03Z,FC Nantes - EA Guingamp (1-0) - 13/04/14 - (FCN-EAG) - Résumé,15363
2013-08-12T00:08:57Z,EA Guingamp - Olympique de Marseille (1-3) - Le résumé (EAG - OM) - 2013/2014,132838
2014-03-25T18:01:27Z,Entretien Fauteuil avec Mamadou Bah | RC Strasbourg Alsace,1510
2013-09-15T22:00:11Z,EA Guingamp - SC Bastia (1-1) - Le résumé (EAG - SCB) - 2013/2014,15788
2013-09-10T14:07:56Z,Mamadou Hady Barry,6556
2014-01-24T00:40:53Z,Pescara: Calcio e solidarietà,40
2014-01-19T03:44:26Z,Mamadou Haddy Barry cetus sensasi,3490
