publish_date,title,view_count
2013-11-23T23:00:00Z,Tours FC - Havre AC (2-2) - Le résumé (TOURS - HAC) - 2013/2014,10149
2014-04-05T22:00:02Z,Havre AC - CA Bastia (1-0) - 04/04/14 - (HAC-CAB) - Résumé,2278
2013-12-21T23:00:01Z,Havre AC - AJ Auxerre (2-0) - 20/12/13 - (HAC - AJA) - Résumé,7802
2013-11-02T23:25:20Z,CA Bastia - Havre AC (0-0) - Le résumé (CAB - HAC) - 2013/2014,1939
2014-03-01T23:00:00Z,FC Istres - Havre AC (0-1) - 28/02/14 - (FCIOP-HAC) - Résumé,1750
2014-04-26T22:00:01Z,US Créteil - Havre AC (2-0) - 25/04/14 - (USCL-HAC) - Résumé,2805
2013-12-14T23:00:01Z,ESTAC Troyes - Havre AC (0-1) - 13/12/13 - (ESTAC - HAC) - Résumé,2781
2013-11-09T23:00:01Z,Havre AC - Angers SCO (1-2) - Le résumé (HAC - SCO) - 2013/2014,9468
2014-02-08T23:00:00Z,Havre AC - Nîmes Olympique (0-1) - 07/02/14 - (HAC-NIMES) -Résumé,2303
2013-09-25T22:00:13Z,Havre AC - FC Istres (1-0) - Le résumé (HAC - FCIOP) - 2013/2014,3522
2013-08-31T22:00:15Z,Nîmes Olympique - Havre AC (0-0) - Le résumé (NIMES - HAC) - 2013/2014,3623
2014-01-18T23:00:03Z,Clermont Foot - Havre AC (0-1) - 17/01/14 - (CF63-HAC) -Résumé,2784
2014-04-19T22:00:01Z,Havre AC - Tours FC (2-2) - 18/04/14 - (HAC-TOURS) - Résumé,3376
2014-01-11T23:00:00Z,Havre AC - FC Metz (2-2) - 10/01/14 - (HAC-FCM) -Résumé,5745
2013-10-19T22:00:00Z,Stade Lavallois - Havre AC (2-2) - Le résumé (LAVAL - HAC) - 2013/2014,3890
2013-10-26T22:00:01Z,Havre AC - Stade Brestois 29 (0-1) - Le résumé (HAC - SB29) - 2013/2014,2966
2014-04-12T22:00:01Z,Angers SCO - Havre AC (1-0) - 11/04/14 - (SCO-HAC) - Résumé,5865
2014-02-18T11:00:02Z,RC Lens - Havre AC (1-1) - 17/02/14 - (RCL-HAC) - Résumé,9224
2013-09-28T22:00:01Z,SM Caen - Havre AC (1-0) - Le résumé (SMC - HAC) - 2013/2014,14755
2013-09-21T22:00:08Z,Châteauroux - Havre AC (2-2) - Le résumé (LBC - HAC) - 2013/2014,4124
2013-08-17T22:00:11Z,Chamois Niortais - Havre AC (1-1) - Le résumé (NIORT - HAC) - 2013/2014,5008
2014-02-04T11:00:02Z,AS Nancy-Lorraine - Havre AC (3-2) - 03/02/14 - (ASNL-HAC) -Résumé,7552
2013-08-03T22:00:12Z,AC Arles Avignon - Havre AC (2-0) - Le résumé (ACA - HAC) - 2013/2014,11573
2014-05-07T22:00:02Z,AJ Auxerre - Havre AC (2-1) - 06/05/14 - (AJA-HAC) - Résumé,4544
2014-03-29T23:00:01Z,Stade Brestois 29 - Havre AC (1-1) - 28/03/14 - (SB29-HAC) - Résumé,2843
2014-05-03T22:00:01Z,Havre AC - ESTAC Troyes (2-1) - 02/05/14 - (HAC-ESTAC) - Résumé,4505
2014-05-17T22:00:01Z,Havre AC - AC Arles Avignon (2-1) - Résumé - 16/05/14 - (HAC-ACA),4532
2013-08-24T22:00:11Z,Havre AC - AS Nancy-Lorraine (1-1) - Le résumé (HAC - ASNL) - 2013/2014,7387
2013-11-30T23:00:00Z,Havre AC - US Créteil (3-1) - 29/11/13 - (HAC - USCL) - Résumé,4189
2014-03-22T18:10:28Z,Conférence de presse Havre AC - Stade Lavallois (1-1) - 2013/2014,91
2014-03-22T23:00:01Z,Havre AC - Stade Lavallois (1-1) - 21/03/14 - (HAC-LAVAL) - Résumé,2974
2013-09-14T22:00:04Z,Havre AC - RC Lens (6-2) - Le résumé (HAC - RCL) - 2013/2014,52473
2014-01-25T23:00:01Z,Havre AC - Chamois Niortais (1-2) - 24/01/14 - (HAC-NIORT) -Résumé,3400
2014-05-10T22:00:01Z,FC Metz - Havre AC (3-0) - Résumé - 09/05/14 - (FCM-HAC),18811
2014-03-08T23:16:16Z,Havre AC - SM Caen (1-1) - 07/03/14 - (HAC-SMC) - Résumé,10773
2014-02-22T23:00:01Z,Havre AC - Châteauroux (0-0) - 21/02/14 - (HAC-LBC) - Résumé,1396
2013-08-10T22:00:11Z,Havre AC - Clermont Foot (0-1) - Le résumé (HAC - CF63) - 2013/2014,5383
2014-03-15T23:00:00Z,Dijon FCO - Havre AC (1-2) - 14/03/14 - (DFCO-HAC) - Résumé,4275
2013-09-28T17:25:13Z,Conférence de presse SM Caen - Havre AC (1-0) - 2013/2014,137
2014-01-26T23:00:01Z,Goal Saliou CISS (39&#39; csc) - Valenciennes FC-FC Lorient (1-1) - 25/01/14 - (VAFC-FCL),2475
2014-05-04T08:32:11Z,Famara Diedhiou Yellow Card for Eating a Banana (Emulates Dani Alves),3649
2014-06-12T16:27:31Z,Toulouse / Lorient - 98/99,211
2014-01-22T21:55:51Z,Distel Zola,6888
2013-08-16T11:03:46Z,De New York à Reims,463
2014-06-21T05:12:54Z,Lorient / Montpellier - Coupe de France 1999/2000,317
2013-08-16T23:02:11Z,"Après Niort - HAC (1-1), les réactions",1623
2013-08-23T09:13:35Z,Avant HAC - Nancy: interview de Distel Zola,517
2013-11-20T20:02:54Z,Avant-match Evian TG - Lorient - Podcast #13,125
