published-time,comment,likes
2014-05-28T14:48:57Z,Cucu ,0
2013-11-02T19:35:55Z,ibra and ibra then ibra so ibra .,0
2013-09-23T13:10:18Z,knows,0
2013-09-23T13:10:14Z,knows,0
2013-09-09T18:24:09Z,"Hah. More like the nose, but then again - who nose?",0
2013-09-02T16:55:56Z,Yeah zlatan!,0
2013-09-02T14:44:55Z,Why doesn't Andy Smith commentate these anymore?,0
2013-09-02T08:15:14Z,hermoso juego el del psg!!!,0
2013-09-01T23:20:56Z,Fantastic skill by the youth and loved having Ibra back on the score sheet! Great game!,1
2013-09-01T23:00:59Z,Road to champions!,1
2014-03-17T06:12:33Z,"ajaccio sucks
ochoa needs a new team",0
2014-03-17T05:23:18Z,lo mejor de este video minuto 2:03,0
2014-03-17T05:20:37Z,cuando te vas de este equipo ochoaaaaaaa...,0
2014-03-17T03:25:14Z,SIN COMENTARIOS PARA ESTE EQUIPO DE MIERD...........,0
2013-08-19T20:00:54Z,6 pts for the lads in green,0
2013-08-20T12:23:02Z,"Andre ayew .., Ghana",0
2013-08-17T17:23:35Z,Forza Om ! 6 points ;) ,0
2013-08-12T16:56:57Z,Allez paris !!!!!,0
2013-08-12T08:50:21Z,"Nico à la tête ailleurs, au sens propre.",0
2013-08-12T07:58:57Z,"lucas Mendes is a good CB, i don't why he was on the bench
Nkoulo is good but last night wasn't his night ",0
2013-08-12T06:02:43Z,Et N'koulou doit se réveiller,0
2013-08-12T06:02:30Z,Mendes doit remplacer Diawara dans l'axe,0
2013-08-12T05:04:06Z,"He said ""Lille""... ",0
2013-08-12T04:25:14Z,Marseille have a really solid attack this season. Payet is a great addition. Ayew seems to be stepping it up a notch. Only thing that Marseille need is a good def midfielder and a top class CB.,0
2013-08-12T04:02:51Z,"OM is strong this year and with Payet in the squad, straight fire! ",0
2013-08-12T04:02:35Z,payet not payer,0
2013-08-12T04:00:44Z,payer coming from Lille not Lyon @ 0.30,0
2013-08-12T01:24:49Z,Allez l'OM!,0
2014-03-25T14:29:53Z,Lyonnnn!!!!!!!!!,0
2014-03-23T23:44:47Z,GOMIS NOT GOMEZ lol,5
2014-04-06T22:13:12Z,trés bien montpellier,0
2013-12-03T05:22:20Z,שם הסירטון 3 1,0
2014-05-08T01:53:19Z,What a flick by Atik!,0
2014-04-20T22:41:53Z,Allez Bordeaux ! ,0
2013-08-28T12:35:20Z,Bretagne Derby !!!!!!!!!!!!!!!!!...........,0
2014-03-19T11:11:29Z,Bien jouer les Guingampais !!!,0
2014-03-16T23:40:20Z,aller Guingamp !!!!,0
2014-02-25T21:31:36Z,Perso j'etais au match que Ospina se fasse exclure c'est amplement mérité ! Jamais vu un anti pareil. On attend 30s avec d'aller chercher le ballon 30s pour le tirer ah non enfaite on va faire tirer le défenseur. Sans parler de l'attitude de Cvitanich. Très mauvais comportement nicois logique que l'arbitre rajoute du temps en plus. ,1
2014-02-25T08:24:01Z,Non mais c'est pas possible de faire une plus mauvaise prestation la!!! j'espere qu'a domicile ca va marcher!,0
2014-02-24T19:36:46Z,a quand des bon arbitres en frances? hors jeux temp règlementaire pas respecté... on s'étonne que ya pas d'arbitre francais a la coupe du monde apres pfff,0
2014-02-24T09:53:58Z,Le carton jaune sur Ospina est tres tres tres sévère sachant que c etait la fin l arbitre aurait dû ne pas sifler surtout que Ospina n est pas un mec qui insulte les arbitres. Nous à la fin de Nice Lile par exemple quand il y a penalty sur Maupay et que l arbitre sifle la fin du match ben on se le prend bien profond ou encore même si ça c est moin grv lors de Marseille nice en coupe à la toute fin du match quand Abriel tire du milieu de terrain psk Madanda etait monté et qu il la rentre ben l arbitre sifle encore avant à croire que c est toujours qui nous faisons nik..,2
2014-02-24T05:47:53Z,Et ba voila ca c'est Guingamp !,1
2014-02-23T23:50:58Z,Ya hors-jeu au départ de l'action quand le guingampais balance devant (tout ce qu'ils savent faire et qui est possible de faire sur leur terrain qui a fait la guerre),1
2013-10-24T22:25:53Z,2 erreurs des merlus 2buts,0
2013-08-30T08:18:40Z,Nantes était en Bretagne avant donc pas d'erreur !,0
2013-08-30T08:17:49Z,What ?,0
2013-08-27T16:29:33Z,ouais mais tu es pour l'OM !! (pas comme moi),0
2013-08-27T11:10:07Z,Derby breton lorient-nantes une erreur ? Mise a le fait que Nantes a été la capitale bretonne pendant environ 900 ans tu as entièrement raison ...,0
2013-08-26T16:35:33Z,"MDR 7600 vue pour 10 commentaires 
",0
2013-08-26T16:25:07Z,Lorient - Nantes un derby breton ? L'erreur à 0:20,0
2013-08-26T12:11:06Z,Comme ça ici je sais que je parle a des guigampais ( comme moi :p) ^^,0
2013-08-26T11:48:41Z,Mdr ! EA ..,0
2013-08-26T10:04:57Z,Mdr EA = En Avant guingamp,0
2013-08-26T07:45:38Z,Hahahaha electronic arts tu m'a tué :D,0
2013-08-26T04:55:07Z,"ou est ce que ta vu EA ^^ ?
",0
2013-08-25T23:19:14Z,Jocelyn et joffrey les meilleurs commentateurs,0
2013-08-25T23:18:35Z,Sa devrait  être om,0
2013-08-25T23:18:23Z,Cherpq,0
2013-08-25T23:09:13Z,Pourquoi Guingamp est sponsorisé par Electronics Arts?,0
2014-03-13T11:40:09Z,Croix de Savoie !! <3,0
2014-03-11T13:16:42Z,Évian mon club favorit ,1
2014-03-10T12:38:42Z,"Encore une fois bien jouer pour cette victoire
Par contre va falloir gagner contre valencienne ",0
2014-03-10T07:29:32Z,"Hansen !!! Aller les Croix, par contre un défenseur qui marque... x)",0
2014-03-10T06:17:10Z,Bonne victoire tous le monde virage Sud la semaine prochaine contre VA !!!!!!!,2
2014-03-10T01:00:07Z,1 but de pris peut être mais un très bon jeu ! aller Guingamp,0
2014-02-17T18:48:45Z,Allez Sochaux !!!!!!! Il faut rester en ligue 1 !!!!!!!!,2
2014-02-17T18:18:00Z,Aller sochaux♥♥♥♡♡♡♡,4
2014-02-17T05:59:37Z,guingamp guingamp... c'est quoi ce bordel 10 match sans succès :( aller guingamp ,0
2014-02-16T23:14:05Z,"Aller PARIS!!!
Mais soutien a Sochaux car j'aime bien ce club ",3
2014-05-19T17:42:24Z,fissure vertebre cervicale quel coup de genou!,0
2014-05-19T16:31:01Z,Oh comme c'est dommage pas de ligue Europa pour l'OM!!! :'( A nous l'Europe!!!!! Allez l'OL!!!,1
2014-05-19T05:20:49Z,Steve a pris chère le pauvre ,0
2014-05-18T22:17:57Z,"Un grand bravo a Yatabaré ! (Pour Ruffier) 
En même temps il ne peut pas l'éviter ! ",0
2014-05-18T17:19:11Z,"Qu'est ce qu'il y avait au vélodrome, pour avoir autant de traces de terrains dont je n'ai pas reconnues ?",0
2014-05-18T14:17:57Z,Mandanda va peut etre pas disputer la Coupe du monde 2014,1
2014-05-18T13:54:34Z,"ils font chier...ce maillot ressemble à celui de lyon, on a un gris et noir qui ne porte aucune couleur marseillaise....alalalalalala
aux aaaaaaaaaaaaarmes (malgré tout et malgré les dirigeants incapables)",0
2014-05-18T12:25:24Z,Pas d' Europa orage la saison prochaine pour l'OM :(,0
2014-05-18T10:53:22Z,Domage pour mandanda je suis pas content :(,2
2014-05-18T07:57:57Z,"cool,pauvre mandanda",4
2014-05-18T07:26:36Z,"La coupe de France les gars, bravo pour se match, bon rétablissement #S.Mandanda",4
2014-05-18T03:55:51Z,Dommage l'OM ne disputera pas la League Europa :-(,7
2014-04-23T13:11:32Z,"#Ligue1 - Classement des passeurs - A la baguette d’une formation girondine très inspirée face à l’EAG, Grégory Sertic a signé un doublé à la passe qui lui permet de grimper sur le podium du classement officiel des passeurs de Ligue 1. Supporters, on attend vos commentaires ! http://bit.ly/1pquJ8F",7
2014-04-22T21:16:38Z,Oh c'est bon Nantes a fait mieu!,0
2014-04-21T09:58:15Z,Enfin une victoire les gars!,0
2014-04-21T08:41:04Z,raillé pour son inefficacité? LOL le mec il est 3fois plus efficace que Chamakh en son temps et il est raillé! Vive Diabaté les mecs!,6
2014-04-21T07:18:38Z, bravo bordeaux!!!!!au revoir la serie de match nul est en plus 5 buts magnifique cte journée de ligue 1 est la journée des buts!!!,9
2014-04-20T23:23:41Z,Enorme match!,3
2014-04-20T22:51:16Z,on les a violenter,3
2014-04-20T22:29:26Z,Girondins de Bordeaux!!! <3,5
2014-03-25T11:57:19Z,Merci Koné qui nous sauve juste a la fin aussi,0
2014-03-25T07:39:20Z,bien joué Anthoooo! ,0
2014-03-24T17:49:38Z,une équipe de boucher,0
2014-03-24T16:26:19Z,Merci a Anthony Lopes!!!,3
2014-03-24T13:32:19Z,Bon match de gardien,3
2014-03-24T10:47:57Z,"Non non la Ligue 1, c'est pas l'EA Guingamp, c'est l'EA Boucher (L'En Avant les Bouchers)
Pourquoi je dis ça ?
Parce qu'à cause d'eux, on a perdu 3 voir 4 joueurs sur blessure, à croire qu'ils l'ont fais exprès du fais que Dimanche on affronte les Chiens Verts ! Allez les Gones, cette semaine, entrainez-vs dure et dimanche, pétez-moi ses Stéphanois qu'ils ferments leurs grandes gueules ! ALLEZ L'OL <3 ",3
2014-03-24T09:55:40Z,"Les guingampais ont été aussi aggresive que leur pelouse est moche... Je les accusent de comploter avec les Stéphanois !!!!!!! Sinon, ALLEZ L'OL et VIVE ANTHONY LOPES !!!!",7
2014-03-24T03:31:23Z,Allez l'OL !!,3
2014-03-24T00:55:48Z,Enfiiiiiiin la vidéo !!! :D,2
2014-07-27T16:22:03Z,allez guingamp ! ,2
2014-03-03T20:05:12Z,les paysans son de retour! aller guingamp,2
2014-03-03T11:40:32Z,"c'est pour quand l'ambiance au stade de rennes ?
1:57 rennes progresse ils commencent à encourager leur équipe",3
2014-03-03T09:32:38Z,"Bien d'accord, 2-0 pour les homosexuels contre les homosexuels",2
2014-03-03T00:48:46Z,Avec ces deux clubs d'homosexuels on peut croire que c'est la gay pride,1
2014-04-28T15:10:10Z,Beauvue !! Un monstre de la tête .,5
2014-04-27T22:09:24Z,First,0
2014-05-11T14:58:28Z,Bravo Guingamp ! (d'un supp des croix),0
2014-05-11T12:59:01Z,3:03 ,0
2014-05-11T12:28:06Z,Bienjoué Guimgamp !!!,0
2014-05-11T10:05:55Z,CLAUDIOOOO BEAUBUTTTTT! ,3
2014-05-11T07:10:33Z,"C'est bien que cette équipe reste en L1! Elle mérite d'y être, tout comme Sochaux!",4
2014-05-11T00:16:07Z,Première vu ,0
2014-04-29T14:10:07Z,"Je suis partie du stade à la 33
Minute",0
2014-04-27T23:22:00Z,Mdr le losc un public fais moi rire vient a bollaert et tu verras ce que sont de vrai supp (Red tigers 1994),0
2014-04-27T23:21:59Z,Mdr le losc un public fais moi rire vient a bollaert et tu verras ce que sont de vrai supp (Red tigers 1994),0
2014-04-06T16:53:18Z,"Supporter lillois, je m'ennuie quand même mais l'essentiel, c'est les trois points, non ?
Aux Marseillais, qui étaient spécialistes du 1-0 il y a deux ans, on ne leur avait rien dit...",0
2014-04-06T06:27:42Z,La maniere n est pas la mais l esentiel est ailleurs,0
2014-04-05T08:19:17Z,"toi le canaris tu peux te taire avec vos chansons à vous ""misère, misère, misère vous êtes la misère"" vous ferré bien d'aller béqueter des granulés   ",0
2014-04-01T18:17:23Z,Le goal de lille est grave bon,0
2014-04-01T18:16:48Z,Allez lz gym arrivons premier issa nissa,0
2014-04-01T05:23:23Z,Y a pas de supporters a Lille mais des spectateurs..,1
2014-03-30T23:37:12Z,Lille fait chier putain... Une victoire de raccroc grâce à un but dans les arrêts de jeu... Je veux voir Saint-Etienne en ligue des champions !!! (signé : un supporter du PSG).,5
2014-04-13T19:49:37Z,Aller Nice 🔴,0
2014-04-08T12:09:14Z,Pierre le grand c'est pas des hold up il suffit pas d avoir des actions et une possession il faut marquer et gagner !!,0
2014-04-07T15:42:55Z,Quel manque de réalisme ... ALLEZ GUINGAMP!,0
2014-04-07T09:37:43Z,"Je suis content pour les 3 points mais quelle seconde mi temps laborieuse pour l'équipe montpelliéraine.
Par contre, superbe combativité de l'EAG, je me fais aucun soucis pour son maintient en L1.",1
2014-04-07T04:57:26Z,Aller guingamp,0
2013-10-22T02:03:03Z,1 mois après ta bêtise... regrettes-tu ton commentaire ?,0
2013-09-16T03:28:59Z,J'ai jamais dit qu'un poteau était un but... J'ai dit que si tous ces poteaux seraient rentrés il serait meilleur buteur du psg,0
2013-09-12T14:10:11Z,"tg, c monaco qui va dominé la ligue 1. (oups scuse moi, qui domine deja cette ligue 1...)

Sa va saigner dans 2semaines...  :p",0
2013-09-09T16:26:53Z,"TG on aurait du les niquer 4-0 ils ont eut de la chance , le psg va dominer la L1 comme la saison passé ",0
2013-09-09T16:26:05Z,"t'es quoi toi ? Ta pas les sous pour t'offrir une place dans le parc des princes et tu parles , t'es meme pas digne de voir ceette equipe jouer.",0
2013-09-09T16:24:03Z,"THIRIEZ D2MISSION
",0
2013-09-07T12:15:07Z,"Je ne savais pas que denigrer les gros sous du PSG était encore à la mode en ce début de saison. Faut se renouveler un peu les anti-Paris, parce que cette chanson on l'entend depuis 2 ans et elle commence à être un peu has been. Et le pire c'est que vous croyez encore que ca nous atteint toutes vos critiques ! Bande de drôles ... Allez Paname !",1
2013-09-07T07:34:23Z,"Junior, c'est pas parce que ton équipe que tu supportes est largement plus faible que le PSG qu'il faut etre rageux,",0
2013-09-06T09:31:44Z,Regarder la possession ! J'hallucine ! Eh les gars jouer mince quoi !  Ps: rendez nous nos tribunes,0
2013-09-05T15:32:17Z,"watch?v=0bjnH0JyhhY
",0
2013-09-05T13:21:02Z,"mais oui c'est ça, gentil, gentil petit.",0
2013-09-05T11:09:39Z,"Vs vs rabattez sur l'ambiance du parc ... Vs etes vraiment pitoyable , ne cherchez pas d'excuses ... Paris va dominer la Ligue 1",0
2013-09-05T09:51:33Z,"Stade de merde , depuis que boulogne et auteuil ne sont plus la , le parc des princes ne vaut plus rien . y'a pas d'quoi être fier ^^
",0
2013-09-05T09:50:16Z,"Hahhaaaaa , le parc est mort ! c'est quoi cette ambiance !
Galérer à mettre deux buts face a une aussi petite sélection que Guingamp .. y'a pas d'quoi prendre la grosse tête ..
",0
2013-09-05T08:28:00Z,P$G,0
2013-09-04T21:24:32Z,"fucc off psg paris
",0
2013-09-04T19:31:29Z,rageux,0
2013-09-04T10:39:46Z,Hou hou guinganp,0
2013-09-03T16:15:31Z,Allez paris SG :) <3,0
2013-09-03T09:37:50Z,ce qu'il veut dire c'est que si il n'avait pas fait tous ces poteaux sa serait le meilleur buteur,0
2013-09-03T07:02:02Z,"depuis quand un poteau compte comme un but? -.-
",0
2013-09-02T23:27:59Z,Thiago Silva devrait être meileur buteur de cette saison avec tous ces poteaux: 2 contre Ajaccio et maintenant 1 contre EAG,0
2013-09-02T21:51:35Z,Paris est magique jy etait dans le stade,0
2013-09-02T21:00:37Z,"Paris SG . J'adore cette équipe
",0
2013-09-02T19:33:25Z,Domination outrageuse un peu,0
2013-09-02T19:32:56Z,sirigu meilleur goal du championnat de france !!,0
2013-09-02T16:11:22Z,2 BUT  A LA 91EM ET 93 EM   MDR QUELLE VICTOIRE LOLL,0
2013-09-02T16:00:13Z,C'est bien la Ligue 2? ON connait pas ici,0
2013-09-02T16:00:09Z,C'est bien la Ligue 2? ON connait pas ici,0
2013-09-02T15:58:32Z,"Tu t'es trompé, Marseille est maintenant dans le métro en(train) de demandé de l'argent pour payer ses joueurs.
Ici c'est le club des milliardaires.",0
2013-09-02T15:56:26Z,Je trouve la victoire de chelsea honteuse...,0
2013-09-02T14:05:01Z,Chelsea a remporté la LDC a 10 derrière rien d'affligeant.,0
2013-09-02T13:39:03Z,70% de posession de balle cette année paris monopolise le ballon à tous les matchs.,0
2013-09-02T13:21:02Z,"C'est pas pcq il a marqué un but qui est pour moi donné que ça fait de lui un bon joueur. Perso j'ai vu le match et ses touches de balles étaient dangereuses, un moment il a faillit coûter un but à son équipe, Donc non jsuis pas d'accord avec toi, il a encore beaucoup à apprendre pour ""quadrupler son salaire""",0
2013-09-02T12:47:40Z,"Il faut quadrupler son salaire à Rabiot ,c'est une pépite.",0
2013-09-02T12:42:37Z,"IL EST CALME JOCELYN AUJOURDHUI
",0
2013-09-02T11:22:18Z,sans compter les deux poteaux !,0
2013-09-02T11:16:12Z,"fuck paris ici c'est marseille
",0
2013-09-02T11:14:05Z,"Paris!!
",0
2013-09-02T11:05:15Z,Dixit le mec qui a Zlatan comme photo de profil x),0
2013-09-02T11:03:51Z,bien dit KarepsiD ya que des rageux en france surtout au niveau de la mediterranée si tu voit ce que jveut dire fuck marseille (et monaco aussi),0
2013-09-02T10:13:26Z,bien dis !,0
2013-09-02T09:20:15Z,"GUINGAMP, equipe qui pour changer se mettent a 10 derriere en serrant les fesses, pour offrir un spectacle affligeant.
70 % de possession pour Paris
23 tirs contre 7 pour guingamp
8 tirs cadrés contre 2 pour guingamp
... et certains osent dire que Paris a eu du cul a mettre 2 buts à la fin du match.
BANDE DE JALOUX  !!!",0
2013-09-02T08:39:26Z,Les deux poteaux m'ont dégouté ... Mais Guimguamp a bien joué ,0
2013-09-02T08:22:53Z,"ouai j etait pour guingamp ce math moi je suis pour nancy et guingamp  mes guimgamp on fait des evolusions incroyable depuis la ligue 2 ca fesais 9 en 
",0
2013-09-02T08:20:39Z,2 buts de merde des clouwns de ibra qui va a paris pour se faire de la tune avc les wc de quatari de merde le seule que j aime bien a paris c est laurent blanc ,0
2013-09-02T08:03:02Z,Oui mais Guimgamp aussi en a eu avec le poteau et la barre...,0
2013-09-02T07:45:47Z,"Ouaip Guimgamp n'aurait pas pris le 1er but ils aurait tenu mais ça les a découragé et s'en sont pris 2 en 2 min :/
",0
2013-09-02T06:24:57Z,guingamp en a eu tout le match...,0
2013-09-02T06:12:38Z,Exusez moi mais il faut quand meme avoué que paris a eu un peu beaucoup de cul a la fin non?,0
2013-09-02T03:52:48Z,"ils ne sont pas supporters de paris comme nous, ils sont venus en masse après l'arrivée des qataris et ne connaissent rien au foot. Ils sont juste la pour s***r ibra. Pastore a un talent fou et j'ai eu de la peine pour lui que ces cons le siffle car il a besoin de confiance pour bien jouer au foot. Mais je suis sur que pastore va finir par briller car il a la confiance de blanc et là tu verras que ces vieux spectateurs qui le sifflaient vont finir par l'acclamer comme des moutons qu'ils sont.",0
2013-09-02T00:16:59Z,"Rabiot, ça c'est un bon qui coute pas des millions ! Bravo a Blanc pour la confiance qui lui donne ! Pastore, va joué j'sais pas moi... a Lille pourquoi pas ^^""",0
2013-09-02T00:15:06Z,"Les occasions n'ont pas manqués pour le PSG, il mérite la victoire, mais faut être honnête les deux buts sont pas extra.
Venant d'un supporter Lyonnais ",0
2013-09-01T23:40:02Z,2 buts en 2 minutes Paris est Magique !,0
2013-09-01T23:37:19Z,Supporter votre equipe arreter de detester les autres..,0
2013-09-01T23:14:05Z,Finally Zlatan scores yeß,0
2013-09-01T23:09:55Z,Enfin un résumé plutôt complet,0
2013-09-01T23:06:42Z,"3 com' (et oui), j'ai trouvéé nos supporters pitoyables, ca siffle pastore, ca siffle l'equipe, ca siffle pour rien quoi, supps pourris gâtés qui ont oublié les années noires quand paris enchainait parfois les defaites",0
2013-09-01T23:03:52Z,"Faut etre honnete, paris a pas fait son meilleur match mais on y a mit du coeur, les equipes comme guingamp qui viennent pour pas perdre... ca joue a 10 derriere, triste football francais quand on voit en angleterre les astonvilla lutter et jouer contre les mann united ou chelsea... c facile de critiquer quand les equipes en face font du 10-0-0, preuve qu'en LDC ou contre les equipes joueuses comme OM, OL, ect ca passe bien mieux",0
2013-09-01T23:01:56Z,quelqun ne connaitrer pas quelque chose comme ligue 1 officiel mais pour la barclays premiere ligue ?,0
2013-09-01T23:00:55Z,Allez chercher du popcorn ! Les rageux miteux arrivent !!,0
2013-09-01T22:51:49Z,"Merci Rabiot , Dommage pour thiago silva qui  trouve encore la barre ...",0
2013-09-01T22:50:46Z,"Je trouve que pour les salaires de différences, Paris aurait du gagner ak un score plus élver ...",0
2013-10-19T03:30:42Z,enmenez moi a geofroy guychard enmenez moi au pays des batards! ils me senbles que la misere serai detre supporter des vert,0
2013-09-03T21:22:16Z,"I'm from Brazil and met this team lately. I Corinthians and sympathize with this team, despite using the color green, our biggest rival Palmeiras called, uses this color.

Here is Corinthians.",2
2013-08-22T09:57:04Z,L'AS Saint-Etienne prend la tête du Championnat de France des Tribunes après la 2ème journée ! http://bit.ly/s9mQoE,8
2013-08-20T20:20:56Z,Les majuscules non plus.,1
2013-08-20T08:09:13Z,Eag en ligue 2 <3,1
2013-08-20T02:43:47Z,tres beau ciseaux !,1
2013-08-19T20:14:53Z,CLEMENT C EST PAS ENCORE SA!,1
2013-08-19T20:14:30Z,MAILLON FAIBLE BRISON ET PAS D ATTAQUE ,1
2013-08-19T20:13:46Z,QUEL FERVEUR QUEL PUBLIC MAGNIFIQUE DES FRISSONS VRAIMENT L EQUIPE EN DEVENIR MAIS PAS DE SOU,1
2013-08-19T18:57:16Z,Allez les Vert 333,1
2013-08-19T17:39:07Z,belle Préstation d'EAG face au vert .. Pas mal pour des promus !,0
2013-08-19T12:25:55Z,allez les verts,1
2013-08-19T11:26:08Z,THIRIEZ DEMISSION,1
2013-08-19T08:13:56Z,Allez les verts !,1
2013-08-19T07:59:34Z,bravo Sainté ! en particulier Lemoine et Ruffier !,1
2013-08-19T06:55:14Z,Allez les verts,1
2013-08-18T23:36:34Z,ASSE <3,2
2013-08-18T22:27:44Z,Aller asse,1
2013-08-18T22:16:30Z,ALLEZ LES VERTS ! ♥ ,1
2014-05-08T23:21:17Z,Les joueurs de Monaco y sont allés pour les suppor.....l'argent ,0
2014-05-08T21:03:07Z,Bravo  Guinguamp j'espère que vous arriverez à vous maintenir tout comme Sochaux ! ;),0
2014-05-08T12:46:31Z,ALLEZ GUINGAMP,2
2014-05-08T10:54:47Z,Voila ce que c'est la Ligue 1 ( que j'adore tout de même ) : Le premier perd à domicile contre le 15e et le second fait un nul à domicile contre le 16e !,2
2014-05-08T09:35:21Z,Aller sochaux ,0
2014-05-08T08:23:04Z,"Beau but de Guingamp dans la finition.
Zlatan met le même ça fait le tour du monde.",4
2014-05-08T04:35:03Z,Ptdr le coup de tete de Diallo il a gérer xDDDDD sur toulalan,0
2014-05-08T04:15:52Z,guingamp vous méritez de rester en L1,7
2014-05-08T00:05:35Z,Nique guinganp VIVE SOCHAUX ♥♥♥,0
2014-04-15T20:32:58Z,"""Enlevez vos cravates et mettez vos écharpes"" BL99",1
2014-04-14T17:28:50Z,Cool les Nantais sont pratiquement sauvés j'espère que Guingamp va faire de même au moins 2 vrais clubs avec 1 vrai public c'est pas pour rien que ce soit les 2 1ers au classement des supporters ,1
2014-04-14T16:59:31Z,"Dans la douleur? N'importe quoi il y a eu 1 poteaux de Gakpé, 1 retourné de Cissokho qui a froler la barre transversale, 1 frappe de Veigneau, 1 tête de Bangoura. Et tout sa cadré il ont dit n'importe quoi dans leurs résumer.",2
2014-04-14T15:46:52Z,Match moyen mais très beau match dans les tribunes le premier contre le deuxième même si la Tribune Loire était fermée .. Dommage ..,1
2014-04-14T15:06:57Z,C'est quoi se résumé pourris ? Et les deux faces à faces de Nantes ils sont ou ? ,0
2014-04-14T12:30:41Z,Nantais un jour Nantais toujours <3,4
2014-04-14T11:02:28Z, #FCN  <3 <3,3
2014-04-14T10:18:10Z,Mr Thiriez a aimé les 10 premières minutes.,3
2014-04-14T07:45:13Z,Nantes!!! <3,4
2014-04-13T23:29:35Z,Très bon match de Nantes ! allez ! Encore une victoire et c'est dans la poche :D,5
2014-04-13T23:07:23Z,"Le résumé est pas vraiment complet, y'a eu quelques occasions du côté de Nantes qui n'ont pas été relevé c'est dommage.
Allez le FCN, le maintien est pratiquement acquis ! :)",12
2014-01-18T16:21:34Z,Kelle but de valbuena,0
2014-01-18T16:09:58Z,Jnjknhb,0
2013-09-14T17:37:29Z,ils ont terminé assez fort les Guingampais. EN AVANT LES GARS !,0
2013-08-27T15:39:35Z,Belle deuxième période de Guingamp on voit que y'a du potentiel tout de même.,0
2013-08-20T22:33:39Z,nan je déconne et ca valait mieux pour ma vie lol,0
2013-08-20T22:32:47Z,marseille c'est nul,0
2013-08-20T22:32:33Z,allez guingamp,0
2013-08-19T17:47:11Z,"Eag a du potentiel a faire valoir en L1 entame pas très bonne mais il risque de nous surprendre donc méfier vous tout de meme.
",0
2013-08-19T14:20:53Z,Dur retour en L1 pour Guingamp....,0
2013-08-18T21:14:53Z,je sais mais sahko aussi est bon mais N'koulou plus malgrès qu'il ne soit pas au top,0
2013-08-18T08:14:57Z,"bien Marseille faut ki continue!!!
",0
2013-08-17T18:48:53Z,Oui et j'ai jamais dit le contraire,0
2013-08-17T17:12:12Z,Aller L'Om,0
2013-08-17T17:12:01Z,Olympique de Marseille 2-0 Evian TG,0
2013-08-17T12:39:17Z,guingamp cest la misère !!!,0
2013-08-17T11:00:31Z,Forza Om,0
2013-08-17T10:56:02Z,aller l'om <3 les meilleurs purer valbuena a failli marquer le 4 eme buts il aurait ete magnifique <3,0
2013-08-17T04:42:12Z,Tous la en train de cracher sur N'Koulou .. vous oubliez vite l'année qu'il a fait l'année dernière .. Sans lui on aurait jamais terminer 2 eme !,0
2013-08-16T22:13:41Z,peut-être mais actuellement c'est N'koulou le meilleur,0
2013-08-16T17:29:15Z,Bah si sakho aurait été titilaire pendans ces annés il serait meilleure et surment au dessu de N Koulou,0
2013-08-16T09:41:57Z,matthieu valbuena a failli marquer le but de l'année,0
2013-08-16T09:17:55Z,non sahko est toujour aussi bon et puis c'est sur qu' N'koulou étais moins bon,1
2013-08-16T01:13:03Z,"Anyone is able to very easily earn over 4000 dollars per month simply by filling in basic online surveys at home.
This site shows precisely how bit.ly\14Owao1",0
2013-08-15T19:55:22Z,"Oui mais c'était il y a 2,3 ans depuis il est moins bon et il y a 2,3 ans sakho était meilleure que N'Koulou.",0
2013-08-15T16:29:46Z,"Les marseillais se sont trop relâchés en 2e mi-temps, surtout quand on voit N'Koulou donné un but à Guimguamp, et Diawara faire un tacle inutile dans la surface qui donne un penalty à Guimguamp",0
2013-08-14T21:14:04Z,"beh avant alex et thiago silva c'était sahko votre ""mur"" et en plus certain le compare a thiago silva",0
2013-08-14T19:22:39Z,Oui je sais mais c'est trop facile de comparé le meilleurs defenseur de votre équipe contre un remplacent de la notre.,0
2013-08-14T16:25:32Z,"aller l om
",0
2013-08-14T15:33:21Z,"Franchement quand on aura reglé ce probleme defensif l'Om va surement faire une exellente saison en 
championnat et en champions league a mon avis",0
2013-08-14T13:46:32Z,je parle du niveau pas de l'importance niveau effectif,0
2013-08-14T13:37:20Z,Et alors?sakho c'est un remplacent alors que N'koulou est votre meilleure défenseure.,0
2013-08-13T19:51:43Z,et même certains le compare a thigo silva malgrés qu'il sont moins bon ,0
2013-08-13T19:50:27Z,non mendy,0
2013-08-13T19:50:10Z,mendy,0
2013-08-13T19:49:35Z,moi aussi,0
2013-08-13T19:49:15Z,payet 2 cavani 0,0
2013-08-13T18:55:07Z,"ta raison N'koulou est plus fort que sakho
",0
2013-08-13T18:53:10Z,"mec ta raison aller l'om
",0
2013-08-13T18:52:44Z,"moi morel car morel a plus d'experience
",0
2013-08-13T17:23:34Z,Bien vus,0
2013-08-13T16:49:26Z,Se qui mette les points rouges doivent detester l'OM,0
2013-08-13T16:46:42Z,pourquoi Diwara avait des gants ?,0
2013-08-13T10:19:26Z,"magnifique retourner acrobatique de mathieu valbuena allez l'om
",0
2013-08-13T08:03:08Z,"Nkoulou fait de la merde, je pense qu'ont devrai recruter un défensseur et un attaquant ",0
2013-08-13T02:23:35Z,"tes sérieux, tu connais les règles du football ? Lyon 1er , Valencienne 2 ème , 3 ème Marseille. De plus d'avoir N'Koulou comme chèvre, marseille a aussi 6 supporter qui ne savent pas compter. pathétique ",0
2013-08-13T01:37:29Z,Gignac 1 - 0 Zlatan,0
2013-08-12T23:56:01Z,Nkoulou ste chevre !,0
2013-08-12T22:26:19Z,déçu,0
2013-08-12T22:26:07Z,la retourné de valbuena est juste magnifique. par contre n'koulou ma dessus,0
2013-08-12T22:15:06Z,mais franchement ils en ont passer des occase,0
2013-08-12T22:14:45Z,N'koulou lui qui est pourtant si bon,0
2013-08-12T21:55:36Z,mendy ou morel moi mendy perso,0
2013-08-12T21:46:41Z,"et morel c fini sa serai
 grave si il le met titulaire devant mendy",0
2013-08-12T21:04:59Z,Changez de commentateur svp. Mettez quelqu'un de motivé à la place,0
2013-08-12T20:21:56Z,N'koulou est meulleur que ton sakho en défense ,0
2013-08-12T20:16:36Z,pas grave ,0
2013-08-12T20:15:15Z,totalement vraie et j'ai vu le matche Marseille ont eu plus d'occase,0
2013-08-12T19:00:22Z,"Imbula etait le meilleur JOUEUR de ligue 2, pas le meilleur buteur --'",0
2013-08-12T18:50:07Z,ah ok désolé de t'avoir faire perdre du temps ^^,0
2013-08-12T17:35:50Z,Quelle entame de match CATRASTROPHIQUE pour Guingamp !,0
2013-08-12T14:53:44Z,OM <3,0
2013-08-12T14:44:50Z,mdr c'est quoi ce francais ? Ecris bien guingamp avant de venir parler !,0
2013-08-12T14:35:18Z,allez l'oooom,0
2013-08-12T14:12:16Z,Filou filou !,0
2013-08-12T14:07:36Z,"Guingamp aurait gagner alors... mais bon ils avaient la pression de la Ligue 1 et ils ont été très timide au début,l'OM après a essayé de gérer mais ils auraient du continuer à attaquer .",0
2013-08-12T14:06:51Z,catrastrophique?,0
2013-08-12T14:01:53Z,Eag avait aucune chance face à Marseille mais ils ont réussi à marquer 1 but il aurait du marquer le 2ème but sur penalty,0
2013-08-12T13:54:04Z,je c'est mais je me plains que ça n'est même pas dans le résumé,0
2013-08-12T12:13:49Z,oui mes je suis étonner par cette new equipe je pensse quil sont capable avec cette equipe de renverser le psG !!,0
2013-08-12T12:12:03Z,"Très bon départ de l'OM, il faudra confirmer la semaine prochaine à domicile. Mais attention à ne pas s'enflammer, la défense a été assez effrayante par moment hier soir. Allez l'OM!",0
2013-08-12T12:02:12Z,J'ai été déçu par Yatabaré,0
2013-08-12T11:59:39Z,vive l om,0
2013-08-12T11:53:51Z,"tg guigan c'est les meielleure c'est pas 
 les chateut de marseille
",0
2013-08-12T11:35:18Z,ceux défensive mistaks hahahaha,0
2013-08-12T11:29:35Z,Venez voir ma chaine je fais des pronostic ligue 1 et abonnez vous,0
2013-08-12T11:23:53Z,Hors-jeu*,0
2013-08-12T11:23:25Z,Les Olympiens sont déjà 3 ème,0
2013-08-12T11:13:35Z,Guimgan quelle mauvaise deffense !,0
2013-08-12T11:09:58Z,Haha valbuena,0
2013-08-12T11:07:12Z,Imbula meilleur joueur pas meilleur buteur le meilleur buteur c'est Yatabaré !!!,0
2013-08-12T10:59:47Z,IMBula meilleir joueur pas meilleur buteur.,0
2013-08-12T10:58:11Z,J'ai mis un très beau but!,0
2013-08-12T10:56:37Z,diawara manque a 2 doit d'un C.S.C et il y a eu un but refuser et ça n'y est pas,0
2013-08-12T10:56:35Z,Fiou fiou !,0
2013-08-12T10:53:47Z,diawara n'a pas commis la faute il joue le ballon malgrè le fait qu'il touche le pied de l'attaquant mais il joue le ballon,0
2013-08-12T10:46:40Z,dommage pour son erreur mais N'koulou a fait un très gros match,0
2013-08-12T10:27:58Z,Ouais mais chrisnissart13 Nice s est pris un petit 4-0 par l'OL,0
2013-08-12T10:24:00Z,"Ouai , sa fais plaisir de voir un supporter de Lyon soutenir L'OL et L'OM la cette année faut arrêter de se chiez dessus entre L'OM et L'OL si on se soutiendrais car en face ya Paris Monaco .. ",0
2013-08-12T10:19:28Z,Capastrophique !,0
2013-08-12T10:12:39Z,OM trop puissant ,0
2013-08-12T09:56:08Z,"""Sa aurait été le plus beau but de l année"". Ben voyons pas comme si on était a la première journée...",0
2013-08-12T09:54:55Z,3 Buts de chatards pour Marseille ... comme d'hab',1
2013-08-12T09:48:19Z,pourquoi tu sais pas écrire?,0
2013-08-12T09:34:28Z,l'om 1er et l'ol 2e,0
2013-08-12T09:34:16Z,psg va etre 4 e,0
2013-08-12T09:32:00Z,mais quand je vois c est commentaire je me dis vraiment que certain on une culture plus que minime du foot et ce permette de faire les journalistes x),0
2013-08-12T09:19:15Z,En avant Om,0
2013-08-12T09:14:12Z,Y a vraiment faute de diawara ? il touche le ballon non ?,0
2013-08-12T09:07:17Z,but de raccro de l'om.....,0
2013-08-12T08:50:14Z,"c la preuve que il ya un défenseur.. si il avé rien fait on auré dit qu'il a rien fait..
",0
2013-08-12T08:48:14Z,sa auré étais le plus beau but de l'année..,0
2013-08-12T08:30:23Z,"Les meilleurs de la ligue 1 ? Après le 6 - 0 pris contre une équipe grec en juillet, et le 4 - 0 contre lyon ? Mdr la blague !",0
2013-08-12T08:19:43Z,"Diawara me fait peur, preuve il a provoqué un pénalty il faut le retour de Lucas Mendes pck la Diawara fait peur il tacle trop...",0
2013-08-12T08:09:08Z,j'ai vue le match hier il était tres beau,0
2013-08-12T08:08:20Z,"Guingamp se défend très bien quand même, dommage qu'ils n'ont pas été plus réactifs ces 5 premières minutes, le match aurait pris une toute autre tournure, en deuxième mis-temps guingamp se débrouillais vraiment très bien.",0
2013-08-12T07:44:23Z,L om ont eut trop de chance de tomber contre guinguan mais nice c les meilleure de la ligue 1,0
2013-08-12T07:39:41Z,"Super match de l'OM avec gignac payet valbuena ayew mandanda et le reste.
Il faudra faire comme ça tout les match",0
2013-08-12T07:22:46Z,je prefere mendy le jeune que morel la bite !!!!!!!!!,0
2013-08-12T07:20:55Z,non meilleur joueur de ligue 2 mais bon,0
2013-08-12T07:20:09Z,oui moi je dis que lyon et marseille vont faire peur au parisiens et monegasques ,0
2013-08-12T07:14:00Z,fiou?,0
2013-08-12T03:23:57Z,Loic92 si il la met on font c'est le but de l'année je pense,0
2013-08-12T02:07:31Z,je suis toujours dégoute que le ciseaux de valbuena soit pas rentré :( sa aurait le but du week ken voir mieux ,0
2013-08-12T01:22:25Z,Oui meilleur joueur,0
2013-08-12T01:22:04Z,"Si Imbula a recu le trophe sur canal+ du meilleur buteur de ligue 2. Je peux me tromper.
MARSEILLE POWA !!!",0
2013-08-12T01:02:45Z,Dommage nkoulou fait nimp,0
2013-08-12T00:58:58Z,Mdr depuis quand imbula c'est le meilleur buteur de ligue 2 mais bon pas grave,0
2013-08-12T00:44:20Z,Fiou Valbuena a failli mettre un très très beau but..,0
2013-08-12T00:43:21Z,allez il reste 37 matchs ;-),0
2013-08-12T00:41:47Z,FORZA OM ,0
2013-08-12T00:28:30Z,Résumé OMTV sur ma chaine ♥,0
2013-08-12T00:26:08Z,Allez l'om! !,0
2013-08-12T00:23:55Z,Départ canons pour les olympiques !,0
2013-08-12T00:18:25Z,Forza L'oM ♥,0
2013-08-12T00:17:55Z,Tu veux une médaille ? ,0
2014-03-26T22:04:04Z,"Tout est dit, sortez vos tripes montrez nous que vous pouvez le faire.
Pas le droit à l'erreur le prochain match. On compte sur vous !",0
2013-12-29T22:45:10Z,magnifique,0
2013-12-29T22:45:09Z,magnifique,0
2013-09-20T19:40:22Z,Guingamp = Gros chanceux bon y avait aussi un arbitre de merde,0
2013-09-17T11:16:18Z,"""l'un des tous meilleur spécialiste sur le pénalty "" mais c'est quoi cette formule ! ",0
2013-09-17T11:13:21Z,mais sérieux c'est qui ce bouffon de commentateur il se gourre presque tout le temps dans les noms! il est chiant,0
2013-09-16T16:52:50Z,Forza bastia i like,0
2013-09-16T11:15:46Z,Oui on aurai du avoir 3 point mais 1 point c bien. FORZA BASTIA!!!,0
2013-09-16T10:36:25Z,1 point on aurait du avoir les 3 oui! !,0
2013-09-16T10:34:41Z,Arbitre de merde (,0
2013-09-16T09:44:46Z,N'importe quoi ! Frederic Antonetti ... Apprenez votre metier,0
2013-09-16T09:01:38Z,L'arbitre qui s'invente des pénaltys en dehors des surfaces.,0
2013-09-16T06:11:38Z,"bravo le commentateur , frédéric Antonneti ...",1
2013-09-16T02:41:47Z,Sérieux fallais qu'on tombe sur cet arbitre ...,0
2013-09-15T22:29:12Z,et ouai c'est dégueulasse,0
2013-09-15T22:05:09Z,"C'est quand que l'arbitre va se faire virer par la ligue sérieux ?
A cause de lui on est 10eme au lieu de 5eme...",0
