publish_date,title,view_count
2013-11-02T23:46:27Z,Châteauroux - Clermont Foot (3-0) - Le résumé (LBC - CF63) - 2013/2014,4449
2013-09-28T22:00:01Z,Châteauroux - Chamois Niortais (3-0) - Le résumé (LBC - NIORT) - 2013/2014,3542
2014-02-15T23:00:01Z,Châteauroux - ESTAC Troyes (2-1) - 14/02/14 - (LBC-ESTAC) - Résumé,3250
2013-09-25T22:00:10Z,AC Arles Avignon - Châteauroux (1-1) - Le résumé (ACA - LBC) - 2013/2014,2129
2014-05-07T22:00:01Z,Dijon FCO - Châteauroux (2-1) - 06/05/14 - (DFCO-LBC) - Résumé,2552
2013-11-23T23:00:00Z,RC Lens - Châteauroux (2-0) - Le résumé (RCL - LBC) - 2013/2014,15724
2013-09-21T22:00:08Z,Châteauroux - Havre AC (2-2) - Le résumé (LBC - HAC) - 2013/2014,4124
2013-12-21T23:00:01Z,Châteauroux - Dijon FCO (3-1) - 20/12/13 - (LBC - DFCO) - Résumé,5660
2013-10-19T22:00:00Z,Châteauroux - SM Caen (0-2) - Le résumé (LBC - SMC) - 2013/2014,5101
2014-02-22T23:00:01Z,Havre AC - Châteauroux (0-0) - 21/02/14 - (HAC-LBC) - Résumé,1396
2013-12-14T23:00:00Z,Stade Lavallois - Châteauroux (2-2) - 13/12/13 - (LAVAL - LBC) - Résumé,4136
2014-03-15T23:00:00Z,Châteauroux - FC Metz (0-1) - 14/03/14 - (LBC-FCM) - Résumé,3863
2013-11-02T23:33:32Z,Conférence de presse Châteauroux - Clermont Foot (3-0) - 2013/2014,512
2013-09-28T17:28:40Z,Conférence de presse Châteauroux - Chamois Niortais (3-0) - 2013/2014,113
2014-06-09T16:22:00Z,"Bayan, jeune Ghanéen clandestin devenu footballeur à la Boca",28330
2013-11-05T13:35:59Z,Cedrick Mabwati Congolais,452
2014-07-29T12:30:26Z,Jacob Mulenga - témoignage,1188
2014-01-28T18:33:56Z,la reconversion des anciens footballeurs professionnels,79958
