published-time,comment,likes
2013-11-04T16:05:31Z,Lol,0
2013-11-03T10:35:58Z,ils ont bien fait de changer de coach,0
2013-10-04T07:40:42Z,*à 10,0
2013-10-01T09:48:29Z,ah les buses,0
2013-09-29T09:11:22Z,Ahahagahahahagdbaaaaaaaaaga,0
2014-02-16T19:18:11Z,3 Victoires de suite que dire de plus pour une équipe que tout le monde condamne !,1
2014-05-10T12:51:05Z,Ça sent très mauvais pour Châteauroux ils ont encore perdus hier ça va aller très mal je pense... Ils vont être relégués  c'est à peu près sur....,0
2014-05-09T01:47:35Z,ces gagné yes,1
2013-11-29T08:12:13Z,"Chateauroux
",1
2013-11-24T08:01:04Z,C'est beau que ce club qui a un passé footballistique tellement important puisse enfin jouer sa carte pour retrouver l'élite du foot français ! :),9
2013-12-22T14:45:11Z,Allez Châteauroux !,0
2013-12-21T23:49:45Z,le v´la michel denisot,0
2013-11-01T15:47:33Z,Il vont se faire défoncer cean contre Lens <3,0
2013-10-23T12:06:25Z,je ne voudrai pas te décevoir mais je pense que caen va monter ils sont capables. D'ailleurs ça ne me décois pas que caen ne monte pas,0
2013-10-22T15:03:57Z,"Bonnefoi, comme d'hab', pas vmt irréprochable...",0
2013-10-21T16:12:05Z,Je ne voudrai pas te décevoir mais je ne pense pas que Caen montera en ligue 1 cette année :/,0
2013-10-21T13:03:42Z,caen va monter ils ont l'effectif pour ,0
2013-10-20T20:01:22Z,Allez Caen 3,0
2014-02-23T12:22:40Z,Un bon nul pour nous!Allez les bleus et rouges le maintien on y croit !!!,0
2014-03-18T22:44:22Z,Allez Metz la L1 est devant nous,0
2014-03-16T15:40:34Z,"BOOBA Neymar tu ne peux pas dire bien joue (je suis pour la Berri) car ils ont rien fait du match ce qui m'a d'ailleurs etonner et je pense que si il monte en ligue 1 il faut qu'il se renforce car c'était pas beau a voir en + trop de fautes inutile pour blesser les joueurs adversaires,decus de ce leader qui fait honte a la l2 !",1
2014-03-16T00:18:42Z,Bien jouer METZ,0
2014-01-30T11:06:10Z,tres belle video tres emouvante ..c'est un tres bon reportage depuis l'italie du courage,4
