publish_date,title,view_count
2014-05-24T16:31:24Z,Equipe de France : exercices de vivacité,5258961
2013-08-24T22:00:11Z,Tours FC - Nîmes Olympique (3-1) - Le résumé (TOURS - NIMES) - 2013/2014,6008
2014-03-11T11:00:01Z,Tours FC - Angers SCO (2-0) - 10/03/14 - (TOURS-SCO) -Résumé,21348
2014-02-22T23:00:00Z,Tours FC - Dijon FCO (1-0) - 21/02/14 - (TOURS-DFCO) - Résumé,2745
2014-03-15T23:00:00Z,Stade Brestois 29 - Tours FC (2-0) - 14/03/14 - (SB29-TOURS) - Résumé,5826
2013-10-19T22:00:01Z,CA Bastia - Tours FC (1-2) - Le résumé (CAB - TOURS) - 2013/2014,6556
2014-04-26T22:00:01Z,Tours FC - ESTAC Troyes (1-2) - 25/04/14 - (TOURS-ESTAC) - Résumé,2624
2013-10-26T22:00:02Z,Tours FC - Stade Lavallois (2-0) - Le résumé (TOURS - LAVAL) - 2013/2014,6402
2013-09-25T19:07:55Z,Tours FC - RC Lens (3-1) - Le résumé (TOURS - RCL) - 2013/2014,8394
2014-01-25T23:00:01Z,Tours FC - Châteauroux (5-2) - 25/01/14 - (TOURS-LBC) -Résumé,14730
2014-02-15T23:00:01Z,FC Istres - Tours FC (1-0) - 14/02/14 - (FCIOP-TOURS) - Résumé,2393
2014-04-12T22:00:00Z,Tours FC - US Créteil (1-2) - 11/04/14 - (TOURS-USCL) - Résumé,3079
2013-11-23T23:00:00Z,Tours FC - Havre AC (2-2) - Le résumé (TOURS - HAC) - 2013/2014,10149
2013-09-21T22:00:12Z,Dijon FCO - Tours FC (2-0) - Le résumé (DFCO - TOURS) - 2013/2014,3960
2014-02-01T23:00:01Z,Nîmes Olympique - Tours FC (3-0) - 31/01/14 - (NIMES-TOURS) -Résumé,3210
2014-05-17T22:00:01Z,Tours FC - Clermont Foot (3-0) - Résumé - 16/05/14 - (TOURS-CF63),8188
2013-08-31T22:00:15Z,AS Nancy-Lorraine - Tours FC (2-3) - Le résumé (ASNL - TOURS) - 2013/2014,11771
2013-11-09T23:00:01Z,US Créteil - Tours FC (2-1) - Le résumé (USCL - TOURS) - 2013/2014,5588
2013-08-10T22:00:11Z,Tours FC - Chamois Niortais (1-1) - Le résumé (TOURS - NIORT) - 2013/2014,4158
2013-10-05T22:00:01Z,Tours FC - Stade Brestois 29 (1-1) - Le résumé (TOURS - SB29) - 2013/2014,3889
2014-01-11T23:00:00Z,Tours FC - SM Caen (2-1) - 10/01/14 - (TOURS-SMC) -Résumé,6278
2013-09-14T22:00:16Z,Tours FC - FC Istres (2-2) - Le résumé (TOURS - FCIOP) - 2013/2014,4081
2013-12-14T23:00:01Z,Tours FC - FC Metz (4-2) - 13/12/13 - (TOURS - FCM) - Résumé,16656
2013-08-17T22:00:11Z,Châteauroux - Tours FC (0-4) - Le résumé (LBC - TOURS) - 2013/2014,8994
2013-08-03T22:00:12Z,Clermont Foot - Tours FC (2-1) - Le résumé (CF63 - TOURS) - 2013/2014,7684
2013-12-19T06:00:01Z,ESTAC Troyes - Tours FC (3-2) - 18/12/13 (1/8 de finale) - (ESTAC - TOURS) - Résumé,11968
2013-12-21T23:00:01Z,AC Arles Avignon - Tours FC (1-0) - 21/12/13 - (ACA - TOURS) - Résumé,2922
2014-04-05T22:00:01Z,Tours FC - AJ Auxerre (2-2) - 04/04/14 - (TOURS-AJA) - Résumé,4303
2014-05-07T22:00:02Z,Tours FC - AC Arles Avignon (2-2) - 06/05/14 - (TOURS-ACA) - Résumé,6892
2014-03-04T11:00:01Z,RC Lens - Tours FC (2-2) - 03/03/14 - (RCL-TOURS) - Résumé,19299
2013-09-28T22:00:01Z,Angers SCO - Tours FC (1-1) - Le résumé (SCO - TOURS) - 2013/2014,10527
2014-01-30T00:45:05Z,William Gros penalty appeal waved away: Right call?,1729
2014-05-03T22:00:01Z,FC Metz - Tours FC (1-1) - 02/05/14 - (FCM-TOURS) - Résumé,5258
2013-11-02T23:25:27Z,AJ Auxerre - Tours FC (4-0) - Le résumé (AJA - TOURS) - 2013/2014,12178
2014-03-29T23:00:01Z,Stade Lavallois - Tours FC (1-0) - 28/03/14 - (LAVAL-TOURS) - Résumé,3314
2014-05-10T22:00:02Z,SM Caen - Tours FC (1-3) - Résumé - 09/05/14 - (SMC-TOURS),17613
2014-03-15T18:06:09Z,Conférence de presse Stade Brestois 29 - Tours FC (2-0) - 2013/2014,525
2014-04-19T22:00:01Z,Havre AC - Tours FC (2-2) - 18/04/14 - (HAC-TOURS) - Résumé,3376
2013-10-05T15:39:17Z,"PlovdivDerby com Абел Анисе 05,10,2013",822
2014-07-04T13:51:58Z,"Абел Анисе: Доволен съм, че станах част от Лудогорец",3194
2013-08-15T15:35:36Z,Derrick Williams Pre-Wolverhampton Wanderers,1112
2013-08-31T16:33:43Z,Conférence de presse AS Nancy-Lorraine - Tours FC (2-3) - 2013/2014,390
2013-10-13T16:33:55Z,Eastleigh FC vs Oxford City FC FA Cup 3rd Qualifying Round 12/10/13,1537
2014-05-07T22:00:02Z,AJ Auxerre - Havre AC (2-1) - 06/05/14 - (AJA-HAC) - Résumé,4544
2013-08-07T10:54:50Z,Goals: Gillingham 0-2 Bristol City (Capital One Cup),10546
2014-02-20T17:17:12Z,Didier Deschamps se moque de Jérémy Morel,24720
2014-04-12T22:00:01Z,Angers SCO - Havre AC (1-0) - 11/04/14 - (SCO-HAC) - Résumé,5865
2014-05-02T08:14:54Z,1986 Gol de Soren Lerby Dinamarca - Uruguay,1326
2014-01-29T18:30:33Z,&quot;Bleus&quot; - Documentaire sur l&#39;Equipe de France de Football,569873
2013-12-15T23:00:00Z,Goal Layvin KURZAWA (42&#39;) - EA Guingamp-AS Monaco FC (0-2) - 14/12/13 (EAG-ASM),790
