published-time,comment,likes
2014-05-25T11:27:24Z,Il a de la réserve le bon vieux Micka Landreau :P,1
2014-05-24T22:34:17Z,Trop vifs... On voit la différence entre amateurs pros à ce niveau.,70
2014-05-24T19:31:44Z,"Bonjour, pourrais t'on me dire le nom de leur préparateur physique ?",0
2014-05-24T18:33:39Z,A regarder comme ça c'est impressionnant ,5
2014-05-24T18:17:55Z,"Après un travail en salle samedi matin à Clairefontaine, les Bleus ont effectué des exercices de vivacité sur le terrain Michel Platini. http://youtu.be/tTJ1_CftK3o",56
2014-05-24T17:22:49Z,Geniaux ces exercices :D,6
2014-05-24T17:06:29Z,Belle vivacité Hugo #troll,3
2014-05-24T17:05:09Z,hard,5
2014-05-24T16:52:25Z,"Ça bosse bien ;-)
",7
2014-05-24T16:51:31Z,DOUMAGE POUR SAMIR NASRI,0
2014-01-28T19:36:46Z,Super turons,0
2013-10-28T14:51:08Z,Oui 4-1 normalement !!,0
2013-10-28T14:47:42Z,TOURS FC,0
2013-08-25T16:24:07Z,En France on a des arbitres de merde supporter de Marseille,0
2013-08-25T08:55:15Z,Avec un bit refusé pour tours en deuxieme qu'on a pas vu,0
2013-08-25T08:52:06Z,Turons !! Quel est votre métier ??!!,0
2014-04-04T19:54:13Z,Au 04/04/2014 il n'y a plus de des match nul pour les Bleu&Noir. Le FCT ne montera pas en L1 pour 2015 ! Pas assez de charisme et c'est un tourangeau qui le dit ...,0
2014-04-04T13:35:51Z,A se soir pour tours Auxerre!!,0
2014-03-14T12:23:18Z,Splendide 2ème but ! Comme moi à l'époque!Bon p'tit joueur ce Delort ! ,0
2014-03-13T13:34:16Z,L'arbitre est debile il mets un jaune et 2 secondes après il mets un rouge alors que DELORT revient apès,3
2014-03-12T14:45:44Z,Quel but d'andy delort magnifique il est meilleur que des joueurs de L1! La montée est à nous !!! (Tours fc),0
2014-03-12T12:41:57Z,"Il y avait une grosse ambiance la haut  et le stade était plein (14 000 personnes ), bien jouer a tours :) ",5
2014-03-12T12:37:22Z,"M-A-G-N-I-F-I-Q-U-E BUT DE ANDY !

  ALLER TOURS §",5
2014-03-12T12:02:21Z,"Magnifique comme but, dommage que le joueur en rajoute des tonnes. Le rouge me semble justifié mais de là à ce tortiller comme un lombric il faut pas avoir beaucoup de dignité...",2
2014-03-11T21:40:03Z,Le deuxième but est juste splendide !!!!!!!!!!!!,0
2014-03-11T19:40:51Z,manifique but d hary delort ,1
2014-03-11T19:11:03Z,"Bravo Tours , on vous attends à nancy ! ",2
2014-03-11T17:38:50Z,Aller les bleus !! Syper ambiance au stade et quel match !! Oh la la !! TFC <3 ,2
2014-03-11T17:38:39Z,"Yvan? Ta le seum d'avoir perdu ou c'est comment?

",0
2014-03-11T16:16:22Z,"Faudrait arreter de simuler coté tourangeau. C'est certes un attentat, mais sa facon de se rouler par terre est tout sauf crédible...",3
2014-03-11T15:51:17Z,Ça c'est le Tours fc .,2
2014-03-02T09:02:27Z,"Je vais aller voir Tours Angers =)
Aller Tours!",0
2014-02-27T11:24:06Z,Tours,0
2014-03-16T19:00:37Z,Des vrais merdes à l'extérieur on ne mérite pas de monter...,2
2014-03-16T10:04:44Z,ICI C'EST BREST!,4
2014-03-16T00:34:31Z,Ici c'est Brest ! (,1
2014-03-16T00:10:42Z,Dommage le TFC,1
2014-01-20T19:23:57Z,Cool le maillot du tfc,0
2013-10-22T07:55:31Z,allez Tours FC on vous aime!!!!!!!!!!!,0
2013-10-21T17:50:44Z,Bravo Tours ! Allez TFC,0
2013-10-20T11:11:03Z,"C'est vraiement super, ces résumé, pour suivre son équipe
Allez TFC !",0
2013-10-20T00:50:40Z,Allez Tours Fc,0
2014-04-28T02:35:16Z,Allez Brest!!!!! La montée c'est pour l'année prochaine il faut y croire!!!!,1
2013-10-29T23:01:03Z,Allez l'etg !!! ^^,0
2013-10-29T16:30:11Z," #Ligue2  - Classement des passeurs - Avec autant de buts que de passes décisives cette saison, Andy Delort (Tours FC), 2e meilleur passeur de Ligue 2, contribue activement à la réussite offensive des siens ! http://bit.ly/HsZN2P",4
2013-10-27T21:42:59Z,Allez Tours on est là !!,0
2013-10-27T17:28:35Z,Aller laval,0
2013-10-27T09:40:53Z,allez Tours,0
2013-10-27T03:11:42Z,Allez Tours Fc,0
2013-10-26T23:42:11Z,Merci pour la redif du match de Tours,0
2014-01-19T19:18:00Z,Super les bleu,0
2014-01-19T19:17:58Z,Super les bleu,0
2014-01-27T21:09:47Z,"En ce moment, tours ça gère ",6
2014-01-27T19:50:00Z,Nancy pardon,1
2014-01-27T19:43:06Z,Vous allez gagner contre nimes,1
2014-01-27T15:40:38Z,On me voit,1
2014-01-27T12:00:51Z,Lens <3,1
2014-01-26T23:04:08Z,TOURS FC !!!,3
2014-01-26T22:24:06Z,Turons !!,4
2014-01-26T22:13:24Z,moi aussi j'ai honte :(,1
2014-01-26T12:44:54Z,"P*tain, Châteauroux, 2-5, j'ai honte...",1
2014-01-26T07:46:30Z,Super tours fc,2
2014-01-26T02:37:42Z,Allez TOURS FC,3
2014-02-16T00:07:42Z,Istres 💜,0
2014-04-12T23:02:20Z,Créteil on jouer beaucoup le temps je pense ,0
2013-11-24T09:35:14Z,0:40 c'est Yohan Rivière qui frappe pied gauche pas Youssef. Sinon les commentaires sont plus agréables que ceux des matches de la L1.,0
2013-11-23T23:53:33Z,Allez Tours Fc,2
2014-01-13T17:26:47Z,Allez tours fc,0
2013-09-23T05:36:52Z,"Quel scandale cette main non sifflée, même si la défaite est logique ! Encore un sacré we des arbitres...(but refusé OL-FCNA)",0
2013-09-22T02:34:04Z,Allez Tours Fc,0
2014-02-02T18:44:02Z,ça part de là !!!!,0
2014-02-02T10:07:46Z,Allez tours!!!!!!!!!!!!!!!!!!!!!!!!!!!!!!!!!!!!!!!!!!!!!!,0
2014-06-14T11:51:28Z,"Merci a cette saison delort
",0
2014-05-22T14:25:21Z," #Ligue2  - Avec 24 buts au compteur, Andy Delort occupe la deuxième place du classement des buteurs ! Son triplé face au Clermont Foot lors de la dernière journée de championnat n'aura pas suffi pour devancer Mathieu Duhamel. Que pensez-vous de la saison de l'attaquant du Tours FC ? Supporters, on attend vos commentaires ! http://bit.ly/1aBHswr",7
2014-05-18T07:31:33Z,Trop fort notre Andy ! Merci pour cette magnifique saison !,0
2014-01-31T12:52:59Z,la meme lundi 10 fev devant votre publique !,0
2014-01-13T17:22:50Z,Allez tours fc,0
2013-10-23T14:45:37Z,Manifique but de ketkeo,0
2013-09-02T09:47:11Z,Lol pourquoi il parle de Salif Sané le commentateur? Il a pas joué un seul match en défense central de la saison et en plus il est pas bon. Quel guignol de parler sans savoir...,1
2013-09-01T18:32:31Z,GG tours continuez comme ça !,0
2013-09-01T18:19:36Z,"euh nn
",0
2013-09-01T11:15:22Z,OH le but de Ketkeophomphone ! :O,0
2013-09-01T01:35:49Z,Allez Tours Fc,0
2013-08-31T23:44:51Z,L'attaquant de Nancy se nomme Benjamin Jeannot ;-),0
2013-08-31T23:44:35Z,Quel but de Ketkeophomphone! ,0
2013-08-31T23:31:24Z,Benjamin Jeannot? Non c'est Benjamin Leroy ;),0
2014-04-09T11:42:57Z,Victoire impérative vendredi prochain pour Tours pour rester dans les prétendants a la montée,0
2013-11-10T13:26:10Z,c'est bof la ligue 2,2
2013-11-10T10:00:34Z,bravo Créteil !,0
2014-01-19T19:57:30Z,Je prefere le match tours Châteauroux 4-0,0
2013-09-18T16:13:45Z,Allez tours fc,0
2013-08-14T14:10:36Z,Classement des buteurs : Kevin Rocheteau (Chamois Niortais) prend le pouvoir ! http://bit.ly/18s3TRj,4
2013-08-12T00:48:37Z,Allez Tours Fc,0
2013-08-11T12:42:25Z,Par contre le gardien Niortais c'est Paul Delecroix et non pas Bernard... ,0
2013-08-10T22:07:55Z,Assez belle rencontre !,0
2013-08-10T22:07:49Z,Assez belle rencontre !,0
2013-10-07T18:50:08Z,Ji etait au match nous les tourangeaux on c'est fait peur.mais c domage dans le resumer il mete pas le super centre retourner et retourner encore mais sur le gardien.gros frison cetait magnifique,0
2013-10-06T20:14:25Z,Ferme tag élu tours il sont fort,0
2013-10-06T08:08:12Z,Tours à eu beaucoup de chance !!,0
2013-10-06T02:04:52Z,Allez Tours Fc,0
2014-01-14T19:20:49Z,Super tfc,0
2014-01-14T19:19:49Z,Allez tours fc,1
2014-01-12T17:38:57Z,Allez les bleus !!! Et bravo pour les magnifiques buts !!,1
2014-01-12T17:01:39Z,les buts du tfc  sont MAGNIFIQUE !!!!!!!!!!!!,1
2014-01-12T01:11:53Z,GG les turons,2
2014-01-11T23:46:58Z,"Au LVDC... Stade de la vallée du cher
Enorme but de Chavalerin.",0
2014-01-11T23:21:58Z,0:06 C'est à Tours pas à Caen pour le nom du stade ;),0
2013-09-18T16:23:39Z,Dommage tours j étais au match et on fais 30 première minutes super mais après rien,0
2013-09-16T19:57:31Z,les arrets de fou des deux cote bravo les GK ,0
2013-09-15T16:20:45Z,"Benjamin Leroy, énorme gardien ! c'est grâce à lui à chaque fois qu'on encaisse pas trop de buts. Le meilleur gardien de Ligue 2. Notre Hugo Lloris.
",0
2013-09-15T07:07:32Z,"tours fc les meilleur
",0
2013-09-14T22:04:56Z,Allez Tours Fc,0
2014-01-25T17:20:15Z,"tours, la L1 l'anné prochaine !
Pce vert si tu est supporter !",5
2014-01-16T17:13:42Z,Toooooooooooours fcccccccc,2
2014-01-11T13:09:04Z,"Aller Metz
",0
2013-12-18T16:38:36Z,tfc gere cette saison,4
2013-12-18T11:44:14Z,Vive Tours,4
2013-12-15T17:55:01Z,Bien joué les bleus ciel et noir !!!,6
2013-12-15T16:51:08Z,La lorraine est rouge et blanche !,2
2013-12-15T10:59:10Z,Tous au stade samedi !,2
2013-12-15T08:28:55Z,Allez les bleus,5
2013-12-15T03:44:59Z,Allez Tours Fc,6
2013-12-15T00:18:57Z,Les boss c'est nous !,2
2013-12-14T23:46:49Z,Chuter pour mieux rebondir ! ICI C'EST METZ <3 ,3
2014-01-24T20:37:09Z,"la meme deain,tfc !",0
2014-01-19T19:54:04Z,Tours fc la ligue 1 c'est pour vous!,1
2013-08-19T07:39:20Z,"Parle pour toi, moi je n'ai que des vidéos foot proposées à la fin.. ça dépend peut-être de ce que tu regardes sur YT..",0
2013-08-18T15:21:12Z,"y'a un truc que je comprend pas sur ces vidéos à la fin du temps,you tube nous met un tas d'autre vidéos ,la plus part de foot et y'en a toujours une qui n'a rien à voir avec le foot mais qui est politique ou religieuse (je veut dire traitant de ces sujets )comment sont mis ces priorités honteuse pour la pluralité religieuse et politique,marre de ce pays et du monde également,ces emmerdeurs et fous de ces sujets nous bassine et nous canalise,je déteste ces pratiques honteuses pour la démocratie ",0
2013-08-18T07:46:15Z,Super match les gars !,0
2013-08-21T17:19:06Z,"bravo le CF63

allez clermont",0
2013-08-07T10:05:41Z,"y a peno 
",0
2013-08-03T23:09:26Z,"premiere journer victoire grace a un tir au but et deja un carton rouge
beau depart pour clermont en ligue 2 xd",0
2013-12-23T14:51:07Z,Vos gueule,0
2013-12-23T14:51:06Z,Vos gueule,0
2013-12-19T06:26:22Z,le 1er but est super,0
2013-12-19T06:22:39Z,1er vue,0
2013-12-23T11:03:20Z,La célébration la plus nulle de tous les temps ^^,0
2013-12-21T23:14:43Z,Le match le plus triste de tout les temps..,0
2014-04-09T12:45:57Z,"P'tit clin d'oeil...
Jacques Villeret est(été) Tourangeaux, dans ""le dîner de con"" il dit ""allez Auxerre""",0
2014-04-08T16:24:33Z,"Aller Auxerre
          ",0
2014-04-06T08:51:18Z,"Allez tours
",3
2014-05-08T17:12:47Z,Ce coup franc magnifique de Delort *-*,0
2014-05-07T13:33:39Z,,0
2014-05-07T13:32:05Z,"On et  là tous ensemble nous chanterons pour l'amour du maillot que vous portez sur le dos dans le malheur on la gloire on et la
",1
2014-05-07T13:29:08Z,Allez allez au au nous sommes les lensois partout on chantera jamais on lâchera,1
2014-05-07T13:25:51Z,Tours vous etes pourris vous etes pourris ,0
2014-05-07T13:24:08Z,Allez lensois tes supporters sont la,1
2014-05-07T13:23:00Z,,0
2014-04-12T08:02:54Z,Les plus forts c'est tours,0
2014-03-10T09:47:23Z,J'aimerais vraiment voir un publique comme ça pour Tours *-*,1
2014-03-05T15:33:52Z,Est que vous pouvez mettre le résumé du match CA Bastia - Brest svp la Ligue 2,0
2014-03-04T17:50:11Z,"Bravo au deux equipes, dommage pour Tours qui avait plus besoin des trois pts pour la monter",4
2014-03-04T14:57:05Z,"tout le monde peut venir prendre un point minimum à Lens... c'est ça le message pour les futurs adversaires... Lens ne fait pas peur, et encore moins à domicile ! Merci au public, car sans lui, c'est 0/2 sur ce match !",2
2014-03-04T13:56:31Z,Yahia a pris le bouillon en première... ,1
2014-03-04T13:56:06Z,"#Ligue2 - Retrouvez le résumé du match de clôture de la 26e journée RC Lens / Tours FC ! Supporters, qu'avez-vous pensé de ce match ?",4
2014-03-04T12:25:08Z,euh lol ? j'ai envie de dire il peut pas faire grand chose sur les 2 buts. se sont surtout 2 grosses erreurs défensives.,3
2014-03-04T11:48:55Z,riou la passoir,3
2014-01-31T12:48:54Z,"tours fc
vous montez
cette année !
(je fais de la rime
quand je m'exprime)",0
2013-10-02T21:12:50Z,"Encore un résumé fait à la hache...
Elle est ou la grosse occasion pour Tours en fin de match avec la tête qui frôle poteau?!",0
2013-09-30T18:58:35Z,Aller Tours et Angers qui mérite d'aller en L1,0
2013-09-29T17:15:45Z,Angers qui vient protester à la fin du match car l'arbitre à respecter le nombre de minutes du temps additionnel et les a pas laisser jouer leur action...pitoyable Bonne chance pour les deux équipes,0
2013-09-29T13:56:58Z,allez le sco !!!!!!!!!!!!!!!!,0
2013-09-29T09:59:49Z,"bon point de pris pour le TFC
",0
2013-09-29T08:04:59Z,Allez le sco,0
2013-09-29T03:25:46Z,Allez Tours Fc,0
2014-03-18T21:50:30Z,Deffo a foul but outside the box! :),0
2014-02-02T03:31:14Z,It was definitely a foul so it should have been a free kick and possibly a yellow,0
2014-02-01T00:12:01Z,A free kick out side but just,0
2014-01-31T19:37:35Z,Terrible never a pentaly,0
2014-01-30T21:05:38Z,Guy ,0
2014-01-30T20:27:03Z,Pen the gay took his shirt too the floor,0
2014-01-30T13:49:02Z,yeh was outside box anyway,0
2014-01-30T09:54:06Z,yip,0
2014-01-30T08:11:37Z,No it was a free kick at most and even then it was a soft one,0
2014-01-30T06:11:09Z,Should have been a free kick to be honest incident happened outside the box not in.. Bad decision from referee,0
2014-01-30T01:57:31Z,"its a free kick, fouled just outside the box",1
2014-01-30T01:04:36Z,That's 2 stick on penalties Virgil Van Dijk has got away with in his last 2 games,0
2014-05-05T09:58:11Z,#Ligue2 - Retrouvez le résumé des affiches de la 35e journée !,3
2014-05-04T13:31:26Z,Vive tours !,0
2014-05-04T10:58:55Z,Un peu endormie nos joueurs mais bon on sera bientôt champion ! :),0
2014-05-28T11:22:50Z,"J ador
",0
2014-01-16T17:20:41Z,Aller tours,0
2013-11-04T18:23:33Z,Allez les bleus c'est pas grave ça arrive !!,0
2013-11-03T08:20:43Z,super aller auxerre  (ma team de ligue 2 prefere),2
2013-11-03T02:58:35Z,Allez Tours Fc,0
2014-04-02T11:27:10Z,"allez les bleus, 2 matchs a domicile d'affilé pour passé à 51pts et se rapprocher de la deuxième place et prendre le podium!",0
2014-04-22T11:21:35Z,Tours,0
2013-11-29T20:13:55Z,МАЧКАЙ !!,0
2013-09-01T11:53:20Z,"allez le tours fc !!!
",0
2013-09-01T00:06:57Z,"Offrez nous la montée, on en rêve tous!",0
2013-08-31T17:23:07Z,Tfc,0
2014-05-09T05:43:12Z,Bravo au premier but de Pléa à Auxerre. OL 3,2
2014-05-08T08:23:16Z,"Il a quoi Sorin, ca fait pas 2 saisons qu'il est blessé ?",0
2014-05-07T22:19:09Z,Firste ,0
2013-08-07T17:33:55Z,We seem to be picking up! COME ON CITY!,0
2013-08-07T12:57:21Z,"Well taken goals last night, JET is firing on all cylinders at the moment( sorry bout the pun !!) that's 4 assists now already so Albert won't be that missed. Bring on Coventry Saturday COYR!!!",0
2013-08-07T12:24:08Z,"We guna do well this season, if we keep playing like that. JET looks brilliant :)",0
2013-08-07T11:03:26Z,JET got very quick feet for the blig bloke he is. ,0
2013-08-07T11:01:45Z,Very impressed with our squad this season!,0
2014-02-26T07:41:32Z,excellent comme tjrs mdr le moindre soupir de deschamps est imité à la perfection  c trés bien les gars!!!,1
2014-02-23T13:45:33Z,Superbe les gars continuez comme sa ,1
2014-02-20T20:37:53Z,Allez Morel en EDF !,1
2014-02-20T19:53:36Z,Excellent comme d'hab :),1
2014-02-20T18:44:50Z,"Putain vous êtes magiques, c'est bien fait !",1
2014-02-20T17:33:19Z,mdr pas mal,1
2014-02-20T17:20:34Z,first !! ,1
2014-04-13T13:35:31Z,enfin une victoire!!!!,0
2014-04-13T07:46:43Z,allez le SCO !,0
2014-07-29T09:34:37Z,a 8:05 juste magique !!Respect !,5
2014-07-01T01:54:39Z,"I don't want to be mean, but I just want to know, are there any true Frenchmen, real French blood on the team, just French, not of African or Arab ethnicity? ",1
2014-06-24T10:35:01Z,"Kool shen sur domenech : il a tout dit, un tueur mdr ",41
2014-06-22T18:37:31Z,Des frissons tout le long que ça soit dans les bons ou mauvais moments. Merci l'équipe de France pour ça !,22
2014-06-16T14:22:57Z,Rami qui s'imaginait marquer en finale de la CDM 2014 xD,42
2014-06-12T14:09:53Z,bleus ???  I will say blacks ,0
2014-06-10T02:15:11Z,"L'homme du foot français (je dis bien ""l'homme"") pour qui j'ai le plus de respect: Michel Hidalgo. Sincère, aimable et droit. Ils aurait mis certains egos à leurs places ces dernières années.",63
2014-06-08T00:46:28Z,Allé la France ,9
2014-05-31T23:05:59Z,Non ce qu il  nous manque c est des Bakary gnagna patrice vravra mathieu valbuenain Olivier girouette Yohan cobaye Momo soussouka Laurent kouchouelleni ,1
2014-05-31T22:35:36Z,j'ai toujours rêvé de voir hidalgo président de la FFF,11
2014-05-25T08:26:49Z,ALLER LA FRANCE,5
2014-05-24T08:54:33Z,1998 2014 lhistoire vas se répeter pour nous,7
2014-05-23T14:56:39Z,"Thuram je l'adore ce mec, c'est ça qui nous faut à l’équipe de France ! un guerrier !",10
2014-05-10T22:42:51Z,"Très beau reportage, dommage de ne pas avoir vu d'autre match tel que France-Espagne de 2000 et de 2006 où les deux ont été remportés par l'équipe de France avec la manière. Sinon c'était bon d'avoir des témoignages de personnes ayant assistés à ces moments, moi qui était un enfant pas très footeux.
Allez les bleus pour 2014 ! j'espère que les bons joueurs ne manqueront pas.",10
2014-04-16T09:59:26Z,"erreur de Houiller fallait mettre l'ossature de l'OM champion d'Europe à l'époque plus quelques grands joueurs comme Papin, Cantona, Djorkaeff,Blanc mais Houiller avait confié l'équipe à l'époque aux joueurs du PSG qui étaient les victimes de l'OM. Houiller aurait mit ce 11 Barthez-Angloma-Desailly-Blanc ou Boli-Di Meco-Deschamps-Sauzée-Petit-Djorkaeff-Papin-Cantona mais lui mettait des Leguen,Roche,Guerin des salopes",6
2014-04-12T08:35:26Z,Tu sens la passion chez AKH et Kool Shen. Ils savent vraiment de quoi ils parlent.,39
2014-03-23T09:39:02Z,"les lunettes de soleil, dat sunglasses tho",1
2014-03-22T15:30:45Z,Mdr la marseillaise de 98,1
2014-03-14T15:51:28Z,mega,1
2014-03-08T13:45:09Z,avec un benzema o top buteur peutere une finale france bresil ca serait super on vient de mettre 2a 0 o hollandais les vice champion du monde  trois fois c pas nimporte qui les oranges cruifff van basten gullit bergkampf overmars van persie et jen passe,3
2014-03-04T01:32:02Z,Génial !!,3
2014-02-26T01:00:42Z,Super ce document,13
2014-02-24T23:57:39Z,Omar SY c'est un tueur ,3
2014-02-22T03:50:37Z,zidane meilleur  joueur des bleus de tout les temps et legende du football international ZZ forever !!!,13
