published-time,comment,likes
2013-09-17T15:43:39Z,Il y a aussi eu un but de Sala refusé pour rien donc il n'est pas dans la vidéo pour couvrir l'erreur d'arbitrage...,0
2013-08-19T07:25:48Z,En tant que supporter lavallois ça comme a devenir vraiment lassant de voir l'équipe mener au score puis se faire rejoindre et dépasser en fin de match.,0
2013-08-18T13:05:31Z,"Les tacles, à apprendre :D",0
2013-08-18T10:09:46Z,"A la la quelle malchance,je suis dégouté :(",0
2013-08-18T08:29:13Z,"laval va faloir se reveiller car la on dort et si on continue comme sa ces la national qui arrive
",0
2013-08-17T23:15:00Z,"Sinon je peux souscrire la vidéo a vidéo gag ? Non mais sérieux on ne va pas se mentir , les 2 buts sont exclusivement de la chance a par le 2e qui est beau.",0
2013-12-19T18:09:02Z,"J'ai vraimment était au match ( car je suis abonné) est l'ambuance est meilleur.
Allez Nancy!!!!!!!!!!!!!!!!!!!!!!!!!!!!!!!!!!!!!!!!!!!!!!!!!!!!!!!!",0
2013-11-26T11:15:57Z,Quand la tribune shuth ce mets a chanter ces tout le stade qui va s'enflamer,0
2013-10-20T20:48:06Z,Beau match de Nancy mais il faudra encore attendre la fin de la saison pour savoir qui sera en ligue 1 ;) (d'un supporter messin),0
2013-10-20T08:45:57Z,Vivement la L1 en mai 2014,0
2013-10-20T07:53:30Z,nancein qu'elle votre metier:ligue1 ligue1,0
2013-10-20T06:04:46Z,Allez Nancy,0
2013-10-20T00:38:08Z,Très beau match en tribunes !,0
2013-08-21T17:19:06Z,"bravo le CF63

allez clermont",0
2013-08-07T10:05:41Z,"y a peno 
",0
2013-08-03T23:09:26Z,"premiere journer victoire grace a un tir au but et deja un carton rouge
beau depart pour clermont en ligue 2 xd",0
2013-08-11T10:55:33Z,Et puis même pas d'image de Capelle blessé...,0
2013-08-11T04:03:06Z,les mec il mettent stade jule deschaseaux aprés il disent qu'il sont battut tours 3 buts a 2 il se trompent c'est stade océane et niort!!,0
2013-08-10T22:38:15Z,C'est pas Stade Jules-Dechaseaux mais Stade Océane ;),0
2013-12-22T09:47:23Z,CLERMONT <3 !!!!!!!!,0
2014-03-24T10:49:12Z,bye bye la L1 pour l'ASNL,0
2014-03-22T23:31:01Z,Un but du dos quoi .. ,0
2014-03-17T06:12:33Z,"ajaccio sucks
ochoa needs a new team",0
2014-03-17T05:23:18Z,lo mejor de este video minuto 2:03,0
2014-03-17T05:20:37Z,cuando te vas de este equipo ochoaaaaaaa...,0
2014-03-17T03:25:14Z,SIN COMENTARIOS PARA ESTE EQUIPO DE MIERD...........,0
2013-10-30T14:59:59Z,"Lens 1 tir cadré , clermont 5 tir cadré je pense que le match devait etre d'un niveau extraordinnaire vive le match pourrit xD ",0
2013-10-29T10:23:15Z,Lens meriter de gagner : /,0
2013-10-29T10:12:06Z,Lens méritait ee gagner et clermont BOF,0
2013-10-29T10:00:20Z,"#Ligue2 - Amis supporters, retrouvez le résumé du match de clôture de la 12ème journée qui opposait le Clermont Foot au RC Lens (0-0) sur la chaîne officielle Youtube !",4
2013-10-29T09:30:41Z,Dommage Clermont méritait mieux,0
2014-05-06T12:13:59Z,second leg ?,3
2014-05-03T05:11:53Z,Good effort getting two away goals. Just have to play well at home. All the best boys,0
2014-04-30T12:40:34Z,"From the highlights, the that Roberts guy shows some promise, in a couple years maybe he'll move to the main team? seeing it is in shambles now.",5
2014-04-30T11:54:43Z,Roberts will be awesome.,1
2014-04-30T06:14:43Z,Dembele will be a beast in a few years,4
2014-04-30T02:33:35Z,Clime in chelsea ,0
2014-01-26T00:46:20Z,"Bon match , manque de realisme!!",0
2014-02-25T21:31:36Z,Perso j'etais au match que Ospina se fasse exclure c'est amplement mérité ! Jamais vu un anti pareil. On attend 30s avec d'aller chercher le ballon 30s pour le tirer ah non enfaite on va faire tirer le défenseur. Sans parler de l'attitude de Cvitanich. Très mauvais comportement nicois logique que l'arbitre rajoute du temps en plus. ,1
2014-02-25T08:24:01Z,Non mais c'est pas possible de faire une plus mauvaise prestation la!!! j'espere qu'a domicile ca va marcher!,0
2014-02-24T19:36:46Z,a quand des bon arbitres en frances? hors jeux temp règlementaire pas respecté... on s'étonne que ya pas d'arbitre francais a la coupe du monde apres pfff,0
2014-02-24T09:53:58Z,Le carton jaune sur Ospina est tres tres tres sévère sachant que c etait la fin l arbitre aurait dû ne pas sifler surtout que Ospina n est pas un mec qui insulte les arbitres. Nous à la fin de Nice Lile par exemple quand il y a penalty sur Maupay et que l arbitre sifle la fin du match ben on se le prend bien profond ou encore même si ça c est moin grv lors de Marseille nice en coupe à la toute fin du match quand Abriel tire du milieu de terrain psk Madanda etait monté et qu il la rentre ben l arbitre sifle encore avant à croire que c est toujours qui nous faisons nik..,2
2014-02-24T05:47:53Z,Et ba voila ca c'est Guingamp !,1
2014-02-23T23:50:58Z,Ya hors-jeu au départ de l'action quand le guingampais balance devant (tout ce qu'ils savent faire et qui est possible de faire sur leur terrain qui a fait la guerre),1
2014-03-19T11:11:29Z,Bien jouer les Guingampais !!!,0
2014-03-16T23:40:20Z,aller Guingamp !!!!,0
