publish_date,title,view_count
2014-01-27T20:29:09Z,2013 / საქართველოს ჩემპიონატის საუკეთესო ფეხბურთელი,1111
2013-12-07T20:47:13Z,Levan Kenia,92
2014-07-08T13:26:21Z,"LEMANS FC, la reconstruction",2866
2014-05-30T23:38:18Z,Football : La belle montée du Mans FC en CFA2,6591
2013-09-12T15:33:54Z,"Le Mans FC, équipe fantôme",2785
2013-12-23T22:53:30Z,Feirense x Leixões,46
2013-09-25T13:25:44Z,Feirense 1 x 0 BragaB ( golo Porcellis 36 min),501
2014-02-23T14:35:26Z,FC Nantes Au Coeur du Stade,228
2013-09-22T19:47:25Z,Entrevista Ruben Miño IB3,74
2014-06-26T08:00:25Z,Prolongations : Jean-Pierre Pasquier - Le Mans FC (23/06),221
2013-11-20T14:11:01Z,Chaves 1 x 1 Feirense,487
2013-12-09T19:37:10Z,Thiago Rodrigues - Goleiro,2351
