publish_date,title,view_count
2013-08-11T03:30:42Z,# Samba Sow Mali #,15526
2013-09-02T16:55:55Z,Souvenir : Samba Diakité - CAN 2012,90783
2014-02-27T05:24:49Z,Match Amical : Sénégal - Mali : Les 23 Aigles,10982
2014-04-06T19:12:53Z,Selçuk Çıkarken Formayı Tugay&#39;a Veriyor,416225
2014-04-06T21:38:04Z,Selçuk Oyundan Çıkmak İstiyor,715393
2014-04-06T22:04:21Z,Tribün Volkan&#39;a GEL GEL diyor,3045458
2013-12-20T05:48:07Z,Move 6 Cow&#39;s Tail,3132
2013-10-02T16:04:41Z,Souvenir : Soumbeyla Diakité Tirs au Buts CAN 2012 &amp; 2013,2603
2014-02-18T02:11:14Z,- Fousseni DIAWARA - Mali -,4128
2014-03-07T21:59:03Z,Souvenir : Bassala Touré Mali,22365
2014-04-06T19:35:01Z,Emre Belözoğlu - Felipe Melo (Kırmızı Kart Sonrası),2810447
2013-09-16T07:38:58Z,Alex de Souza Bahia&#39;ya Attığı Rövaşata Golü 720p,618
2014-03-12T14:47:29Z,Top Iskalama,1014
2013-10-02T17:19:26Z,Adama Tamboura,5129
2013-12-02T18:33:51Z,haruna abdul,996
2014-03-09T22:00:32Z,▒ Bakary Sako : Nouvel Aigle du Mali ▒,23493
2013-10-14T22:40:29Z,Tongo Doumbia Vs Kalilou Traoré,9783
2014-03-23T20:27:16Z,Bakary Sako - Goals 13/14,8472
2013-10-01T14:01:05Z,Maçı Oyuncular Bitirdi,63
2014-01-02T04:41:01Z,- Mahamane Traoré - Mali - OGC Nice - FC Metz -,4435
2014-04-14T17:09:49Z,Гол Динамо (Самба). Волга-Динамо,71
2014-04-18T19:54:28Z,"Adama Traorè - Skills, Goals, Assists - Barcelona B - 2006/2014 - Welcome to Aston Villa",17745
2013-10-13T17:51:37Z,CO-11 12-10-2013 RAFC-RWDM Pape Diakite,2070
2013-12-30T21:43:52Z,La vie en pro avec Baba Ndao Seck et Adama Diouf,2363
2013-09-13T15:39:02Z,Na woone demb - Abou Diop International Football - 12 Septembre 2013,3127
2014-04-19T21:32:16Z,Casa sport - Diambars FC ( 1 - 1 )  puis TIB 8 - 7  - mercredi 16 avril 2014 - Résumé,2303
2014-01-07T13:22:43Z,Manchester United vs Shakhtar Donetsk 1 1 2013 All Goals and Full Highlights 2 10 2013,77
2014-05-20T19:32:26Z,Sports A La Une reçoit Amadou Dia Ba - 19 Mai 2014,805
2013-10-29T00:04:56Z,Football/Tournoi de l&#39;UEMOA: les Aigles s&#39;imposent face aux Elephants de Côte d&#39;ivoire (1-0),1161
2014-06-21T18:02:41Z,Bakaye Traore - Bursaspor ile Sözleşme İmzaladı.. (20.06.2014),274
2014-04-01T14:12:00Z,Sports à la Une - Magnick Ndiaye Ministre du Sport - 31 Mars 2014 - Partie 1,437
2014-02-12T15:31:39Z,La conférence de presse avant Lyon - Lens,5943
