publish_date,title,view_count
2014-01-11T18:34:37Z,باسيرو بامبا ضد البايرن Basero Bamba Vs FC Bayern,5438
2013-10-17T17:08:37Z,kader bamba,4129
2014-01-12T11:43:05Z,Ali Jaafar Vs FC Bayern علي جعفر ضد البايرن,1495
2014-03-17T14:03:46Z,L1 J16 ASEC Mimosas - CO Bouaflé (2-0) 2013 2014,1483
2014-01-10T22:27:23Z,François Keller : « Je ne m&#39;enflamme pas »,263
2014-03-23T13:29:11Z,Football féminin : Le Mans FC vient à bout de Cormelles,310
2014-01-12T08:26:14Z,بله جابر ينادي رمضان للاستعجال في الرجوع,4291
2014-07-08T13:26:21Z,"LEMANS FC, la reconstruction",2866
2014-07-06T22:00:02Z,Subvention de 200 000 euros pour Le Mans FC,314
2014-01-12T11:30:18Z,Zokora&#39;dan Bamba&#39;ya Adamsın Adam !!,419
2014-01-11T12:52:41Z,اطول فترة تمرير بين لاعبي المريخ امام البايرن - 11 تمريرة,38152
2014-04-02T23:04:54Z,Football : Le Mans FC affronte La Flèche au MMArena,693
2013-09-13T18:52:31Z,Football Féminin : Le Mans FC au MMArena,3079
2014-07-29T16:15:41Z,R. Antwerp F.C. - Seraing United (Promo),783
2013-09-12T15:33:54Z,"Le Mans FC, équipe fantôme",2785
2013-09-06T17:23:05Z,Le Mans FC rétrogradé en CFA,3482
2014-01-05T23:49:48Z,LA SUZE LYON 5/1/14 MMARENA FIN DU MATCH,1447
2013-09-10T18:37:54Z,Sport : Le Mans FC rétrogradé en CFA,1044
2014-05-30T01:27:54Z,Football : Victoire obligatoire à Connerré pour le Mans FC,472
2013-11-24T00:20:26Z,Gary Speed chant Leeds United V Middlesbrough 23/11/2013,2560
2013-10-03T17:24:57Z,Coupe de France : Soutient autour du Mans FC,181
2014-01-12T02:20:01Z,Traore Vs FC Bayern ترواوري ضد البايرن,2925
2014-01-11T13:41:42Z,جمهور المريخ بنهاية مباراة البايرن يهتف فوق فوق سودانا فوق ،، فوق فوق مريخنا فوق,29742
2014-02-07T04:22:13Z,Sydney FC Skills Challenge Part 6,407
2014-07-27T12:51:54Z,Souleyman Doumbia vs OGC Nice,8735
2014-02-19T01:41:12Z,Abe Toure Highlight Tape,977
2014-01-11T15:45:37Z,بله جاير يقطع الطريق على ريبيري,11330
2013-11-08T12:15:41Z,DIAMBARS,37538
2014-01-11T16:10:09Z,هيثم مصطفى ضد البايرن Haytham Mustafa Vs FC Bayern,135733
2013-08-30T13:09:32Z,Gabon U23 en stage en Autriche,320
2014-01-04T12:43:50Z,Training session/Entrainement gardiens GABON 2013,660
2014-04-13T19:46:00Z,Asd Napitia- Real Savutano 5-0,269
2013-08-20T22:35:40Z,Juventus FC - Against All Odds ● DS7 Editing Contest ● | 2013 HD,388
2013-12-25T23:58:26Z,Reportage ASM Tv : Match ASM VS OB  2-3,617
2013-12-28T19:52:59Z,KAYSERİ ERCİYESPOR 1 3 GALATASARAY | Roberto Mancini | Maç Sonu Basın Toplantısı 28.12.2013,183
