publish_date,title,view_count
2013-08-15T12:03:09Z,"Avant Niort - HAC, interviews d&#39;Erick Mombaerts, Maxime Le Marchand et Romain Saïss",1322
2013-12-14T23:00:01Z,ESTAC Troyes - Havre AC (0-1) - 13/12/13 - (ESTAC - HAC) - Résumé,2781
2013-11-02T23:25:20Z,CA Bastia - Havre AC (0-0) - Le résumé (CAB - HAC) - 2013/2014,1939
2013-08-17T22:00:11Z,Chamois Niortais - Havre AC (1-1) - Le résumé (NIORT - HAC) - 2013/2014,5008
2013-11-09T23:00:01Z,Havre AC - Angers SCO (1-2) - Le résumé (HAC - SCO) - 2013/2014,9468
2013-09-21T22:00:08Z,Châteauroux - Havre AC (2-2) - Le résumé (LBC - HAC) - 2013/2014,4124
2013-08-31T22:00:15Z,Nîmes Olympique - Havre AC (0-0) - Le résumé (NIMES - HAC) - 2013/2014,3623
2013-09-14T22:00:04Z,Havre AC - RC Lens (6-2) - Le résumé (HAC - RCL) - 2013/2014,52473
2014-04-05T22:00:02Z,Havre AC - CA Bastia (1-0) - 04/04/14 - (HAC-CAB) - Résumé,2278
2014-01-18T23:00:03Z,Clermont Foot - Havre AC (0-1) - 17/01/14 - (CF63-HAC) -Résumé,2784
2013-09-25T22:00:13Z,Havre AC - FC Istres (1-0) - Le résumé (HAC - FCIOP) - 2013/2014,3522
2013-10-05T22:00:00Z,Havre AC - Dijon FCO (0-0) - Le résumé (HAC - DFCO) - 2013/2014,1943
2014-04-26T22:00:01Z,US Créteil - Havre AC (2-0) - 25/04/14 - (USCL-HAC) - Résumé,2805
2013-11-23T23:00:00Z,Tours FC - Havre AC (2-2) - Le résumé (TOURS - HAC) - 2013/2014,10149
2013-09-28T22:00:01Z,SM Caen - Havre AC (1-0) - Le résumé (SMC - HAC) - 2013/2014,14755
2013-10-19T22:00:00Z,Stade Lavallois - Havre AC (2-2) - Le résumé (LAVAL - HAC) - 2013/2014,3890
2014-03-29T23:00:01Z,Stade Brestois 29 - Havre AC (1-1) - 28/03/14 - (SB29-HAC) - Résumé,2843
2013-08-24T22:00:11Z,Havre AC - AS Nancy-Lorraine (1-1) - Le résumé (HAC - ASNL) - 2013/2014,7387
2013-10-26T22:00:01Z,Havre AC - Stade Brestois 29 (0-1) - Le résumé (HAC - SB29) - 2013/2014,2966
2014-05-17T22:00:01Z,Havre AC - AC Arles Avignon (2-1) - Résumé - 16/05/14 - (HAC-ACA),4532
2014-05-03T22:00:01Z,Havre AC - ESTAC Troyes (2-1) - 02/05/14 - (HAC-ESTAC) - Résumé,4505
2013-08-03T22:00:12Z,AC Arles Avignon - Havre AC (2-0) - Le résumé (ACA - HAC) - 2013/2014,11573
2014-04-19T22:00:01Z,Havre AC - Tours FC (2-2) - 18/04/14 - (HAC-TOURS) - Résumé,3376
2014-03-13T01:09:33Z,But de Ugo Marchand (3-8) - 2014-03-12 21:00:00 - T2 - Mercredi 22h - Printemps 2014,114
2014-05-07T22:00:02Z,AJ Auxerre - Havre AC (2-1) - 06/05/14 - (AJA-HAC) - Résumé,4544
2014-04-12T22:00:01Z,Angers SCO - Havre AC (1-0) - 11/04/14 - (SCO-HAC) - Résumé,5865
2013-11-30T23:00:00Z,Havre AC - US Créteil (3-1) - 29/11/13 - (HAC - USCL) - Résumé,4189
2014-03-22T23:00:01Z,Havre AC - Stade Lavallois (1-1) - 21/03/14 - (HAC-LAVAL) - Résumé,2974
2014-05-10T22:00:01Z,FC Metz - Havre AC (3-0) - Résumé - 09/05/14 - (FCM-HAC),18811
2013-08-16T23:02:11Z,"Après Niort - HAC (1-1), les réactions",1623
2014-03-08T23:16:16Z,Havre AC - SM Caen (1-1) - 07/03/14 - (HAC-SMC) - Résumé,10773
2013-09-24T21:57:16Z,Après HAC - Istres (1-0): les réactions,1249
2014-03-29T19:39:38Z,Conférence de presse Stade Brestois 29 - Havre AC (1-1) - 2013/2014,87
2013-08-17T16:43:33Z,Conférence de presse Chamois Niortais - Havre AC (1-1) - 2013/2014,180
2014-04-10T18:08:59Z,SCO - Le Havre (avant match),265
2014-02-26T00:12:26Z,But de Nicolas Lemarchand (8-1) - 2014-02-25 18:00:00 - T1 - Mardi 19h - Printemps 2014,1
2014-07-13T00:56:03Z,Le Journaldinho de Julien Cazarre - 13/07,19426
2013-09-27T21:36:45Z,Après Caen - HAC (1-0): les réactions,2258
2014-02-26T00:22:35Z,But de Nicolas Lemarchand (14-2) - 2014-02-25 18:00:00 - T1 - Mardi 19h - Printemps 2014,0
2013-09-10T07:59:30Z,Interview grand format de Zacharie Boucher (2/2),1341
2014-01-11T14:29:54Z,Romain Saiss,2500
2013-08-09T09:13:38Z,Rencontre d&#39;avant-match : Romain Saïss,4675
2013-12-05T23:00:02Z,But Lucas OCAMPOS (89&#39;) - OGC Nice - AS Monaco FC (0-3) - 03/12/13 (OGCN - ASM),2005
2014-02-26T00:11:14Z,But de Florent Le Denmat (7-1) - 2014-02-25 18:00:00 - T1 - Mardi 19h - Printemps 2014,1
2014-03-16T23:00:01Z,But Alexy BOSETTI (5&#39;) - OGC Nice-SC Bastia (2-0) - 15/03/14 - (OGCN-SCB),4170
2014-03-06T12:41:20Z,(vine) Fernando Luiz Rosa,746
2013-10-20T10:05:22Z,6 octobre 2013 - Dozule Fc 2 - 2 - As Villers Bb (But d&#39;Armand Hamerel),95
2014-04-13T11:09:59Z,12 avril 2014 - Dozule Fc - Colombelles Cl U15 (2e but de Luca Manchon),330
2013-09-08T21:46:24Z,8 septembre 2013 - Dozule Fc 1 - 0 Honfleur Cs C (But de Thibault Leneveu),482
