publish_date,title,view_count
2013-09-21T22:00:05Z,FC Istres - Stade Lavallois (3-0) - Le résumé (FCIOP - LAVAL) - 2013/2014,2996
2013-09-27T10:28:28Z,Wikibee Istres - Istres veut rebondir face à Troyes,145
2013-08-01T15:36:09Z,Wikibee Istres - Istres lance sa saison face à Angers,136
2013-08-24T22:00:11Z,US Créteil - FC Istres (2-2) - Le résumé (USCL - FCIOP) - 2013/2014,4817
2013-08-31T22:00:09Z,FC Istres - AJ Auxerre (1-1) - Le résumé (FCIOP - AJA) - 2013/2014,3347
2014-02-27T16:13:04Z,Y.Bokonyano:&quot;Azərbaycan futbolu inkişaf prosesini yaşayır&quot;,377
2013-09-25T22:00:13Z,Havre AC - FC Istres (1-0) - Le résumé (HAC - FCIOP) - 2013/2014,3522
2013-10-05T22:00:01Z,Clermont Foot - FC Istres (2-0) - Le résumé (CF63 - FCIOP) - 2013/2014,2945
2013-11-21T15:21:57Z,Angers - Clermont : l&#39;avant-match,708
