published-time,comment,likes
2014-07-26T07:59:14Z,"NR1 la Ultras World,RESPECT de la un RAPIDIST! RIP Catalin Hildan!",162
2014-07-24T16:51:26Z,hujowo,0
2014-07-24T09:27:53Z,OMG NICE,1
2014-07-19T12:42:17Z,Respect from Partizan Belgrade amazing,151
2014-07-17T13:52:13Z,"Pentru cine cunoaste, aceasta este cea mai emotionanta coregrafie din toate timpurile. Fumusete, mesaj, decenta ... Dinamo. Sa ne amintim cu drag de cei ce cu adevarat au scris numele DINAMO. Nu va vom uita niciodata pentru ca sunteti cu noi in tribune si pe teren la fiecare meci. Respect.",20
2014-07-03T19:28:34Z,"Respect din partea Timisoarei !! 
Hai Poli !!
",19
2014-07-03T19:28:32Z,"Respect din partea Timisoarei !! 
Hai Poli !!
",5
2014-06-23T13:50:42Z,desi sunt stelist nu pot sa nu apreciez....superb :),5
2014-06-23T13:21:43Z,Superb. Felicitări băieți!,1
2014-06-23T12:53:42Z,"translation: You, generations that follow should know that our name is written by them",1
2014-06-23T12:52:27Z,"sunt stelist si reunosc, cea  mai frumoasa galerie din lume, fara indoieli !! RESPECT",11
2014-06-21T07:47:44Z,eu tin tot cu steau da afacut o goregrafie forte faina,1
2014-05-27T14:06:19Z,Respect !,0
2014-05-27T13:52:54Z,"Foarte frumos,nu sunt DINAMOVIST,dar devotamentul faniilor si ambitia lor de al tine martir pe acest OM,mi se pare minunat.demn de respectat echipa DINAMO
.",1
2014-05-16T19:38:18Z,"""Voi generatii ce veniti din urma \ Sa stiti ca Steaua va pisa in gura""",3
2014-04-27T13:40:03Z,sa nul uitam niciodata pe Catalin Haldan si pe Florea Dumitrache ,0
2014-04-24T10:26:54Z,misto si melodia!,0
2014-04-21T13:39:55Z,"celebra scandare ""suntem mandrii de voi"" in momentele de fata ar trebui cantata de jucatori acestor suporteri minunati pe care ii are Dinamo :X ",1
2014-04-17T14:19:06Z,de aceea m-am nascut dinamovist :) mandru de aceste culori indiferent de loc si liga ,1
2014-04-17T12:30:06Z,"Poti sa fi din Hundedoara, Craiova, Timisoara. Aceasta coregradie a fost exceptionala! Nu conteaza daca a pierdut Dinamo, galeria a facut totul. Usor, usor incepem sa fim ca oxcident (scorul nu conteaza ci momentul). Forta Dinamo.",34
2014-04-13T10:23:24Z,Piele de gaina xD,1
2014-04-11T21:48:18Z,bravo lor stiu sa-si aprecieze echipa jucatorii trecutul legendele sportului multi au jucat si la nationala,0
2014-04-11T08:13:25Z,Să știți că un Stelist v-a dat Like Respect!,144
2014-04-09T08:22:24Z,Zece stelisti boi au dat dislike,0
2014-04-07T06:46:52Z,eu tin cu Steaua dar ati facut o coregrafie frumoasa.Bravo voua!!!,46
2014-04-06T07:22:21Z,"Doamneee, cum să nu fi mândru că eşti dinamovist? Cele mai mari respecte pentru Dinamo. Câine până la moarte şi sunt mândră de asta. ♥♥♥",23
2014-03-27T16:45:22Z,nu o sa vedeti ceva mai frumos decat asta.. stelisti prosti :| respect dinamo.,15
2014-03-26T20:52:21Z,"Ca să ştie intreaga Românie
Ca suntem cea mai tare galerie
dinamo-n Ghencea când veniţi 
 Doar la fuga vă gândiţi...",2
2014-03-26T11:56:06Z,"NU A EXISTAT, NU EXISTA SI NICI NU VA EXISTA O ALTA GALERIA MAI TARE  IN ROMANIA, DECAT CEA A LUI D I N A M O !!!!",6
2014-03-08T07:42:35Z,Forzza Dinamo!!!!,5
2014-03-06T11:07:43Z,nu am cuvinte am fost acolo ,0
2014-03-01T16:05:33Z,si acum plang cand vad momentul ala!!Magnific...doi ingeri care au facut istorie!!!o galerie cu renume...oameni de caracter si cei mai buni camarazi!!!AVETI RESPECTUL MEU>>BISTRITA VA IUBESTE!!!,33
2014-03-01T11:41:00Z,"Oricând ne pișăm pe 5toaia.

Cătălin Hîldan este UNICUL CĂPITAN !

muie 5toaia",13
2014-02-28T20:18:41Z,"M-a impresionat cad de cat . Dar... aici e fotbal si jucatorii din echipa conteaza 80% si galeria 20% . Chiar daca steaua nu a facut de-astea tot locul unu e .Poate fi lumea rosu-alb , cand se pune steaua bate si pe barcelona",1
2014-02-26T19:14:33Z,muieeee steaua ...,1
2014-02-07T19:35:56Z,"""U""nici https://www.facebook.com/photo.php?fbid=573242506069134&set=pb.369769796416407.-2207520000.1391801718.&type=3&theater ",2
2014-01-20T22:17:16Z,Amazing greets from Dinamo Zagreb !!!!!! respect ,242
2014-01-11T10:58:30Z,Liniste... cad lacrimi,77
2013-12-18T14:13:47Z,Cum se numeste melodia  ?,0
2013-12-09T20:04:25Z,<3 SUNTEM UNICI  ..  FORZA DINAMOO !!  :>,0
2013-10-19T17:44:32Z,MUIE steaua ,1
2013-10-12T15:17:39Z,DINAMO TE IUBESC!!!!!!!!!!!!!,0
2013-10-05T11:01:47Z,lol,0
2013-08-28T11:12:29Z,"Ce coregrafie sa au mah SPURCATI!!!
Noi avem cea mai frumoasa galerie din ROMANIA!!
",0
2013-08-27T17:26:41Z,Nu sunt microbist dar felicit pe cei care au luat aceasta initiativa.Este foarte important sa ne cunoastem valorile si sa le comemoram.Numai bine va doresc!,7
2013-08-27T09:30:58Z,"T
E 

I
U
B
E
S
C

D
I
N
A
M
O",1
2013-08-16T13:59:55Z,Cătălin Hîldan inseamna dinamo !,0
2013-08-16T08:38:09Z,Un stelist a trecut pe aici ,0
2013-08-15T10:25:19Z,"Indiferent ca esti stelist , rapidist , cfrist etc. n-ai cum sa nu apreciezi o asemenea coregrafie sau munca pe care acesti oameni au depuso...Felicitari !",8
2013-08-14T21:28:12Z,Numai in Romania... respect Dinamo.. aici sa vede ca si voi sunteti romani adevarati si  ca oricum si voi puteti pt ca si voi sunteti romani,0
2013-08-14T20:27:24Z,Dinamo te voi iubi mereu si la bine si la rau!,0
2013-08-14T19:56:31Z,SUNTEM UNICI !!!,0
2013-08-14T18:52:30Z,"<3

D
I
N
A
M
O
 
<3",0
2013-08-14T18:16:34Z,"Superb, mi-au dat lacrimile <3",2
2013-08-14T17:38:11Z,Superb si Frumos Hai DINAMO,0
2013-08-14T14:18:52Z,UNICUL CAPITAN ESTE CATALIN HILDAN !,0
2013-08-14T13:33:58Z,"A fost superb , imi pare rau pentru cei care nu au venit la meci chiar ati avut de pierdut !!!
Respect pentru PCH si pentru totii care ati donat banii pentru realizarea coregrafiei !!!
O mica observatie , nu mai filmati coregrafiile 3D de aproapee ca isi pierd acel efect ..",0
2013-08-14T13:06:56Z,Dinamo si atat!,0
2013-08-14T12:54:49Z,"SUNTEM UNICI EUROPA NE STA LA PICIOARE !FCD IN ADN
",0
2013-08-14T12:50:12Z,"Like! Desi sunt stelist, respect pe suporterii care ai fost in tribune.",0
2013-08-14T12:24:08Z,Suntem UNICI !!!!!!!!! FORTA DINAMO BUCURESTI <3,0
2013-08-14T12:24:06Z,"4:20 -  VOI GENERATII CE VENITI DIN URMA, SA STITI CA NUMELE E SCRIS DE EI ...
Pentru voi am facut-o !",0
2013-08-14T12:22:46Z,"Un singur cuvant, SPLENDID .",0
2014-07-31T19:37:30Z,"i'm crying now, this is so sad ;(",0
2014-07-31T19:32:46Z,"4:45 Poor Referee :( gave the kid a yellow card before he passed off. but then again, it was inevitable ",1
2014-07-31T09:13:33Z,[*] Why... why?,0
2014-07-29T20:23:05Z,Didn't know the guy. Never heard of him. I'm rarely touched. This made me cry. ,724
2014-07-29T19:53:04Z,Could someone upload the video without the music??!!,0
2014-07-27T21:13:37Z,Did they continue playing?,1
2014-07-27T20:05:23Z,"todos sabemos  cuando nacemos .....pero no el día   X    
                                           morir",0
2014-07-27T13:56:16Z,That wat so sad i didnt know that someone can passout in a match well sad for him Rest in Peace,0
2014-07-26T16:36:57Z, Miklos Feher R.I.P :'(,0
2014-07-25T10:19:42Z,HUN :(,1
2014-07-24T07:45:40Z,rip man u were great,0
2014-07-24T07:44:41Z,ITS A heart touching story….. made me cry so much,0
2014-07-24T05:46:14Z,:( :( :( ,0
2014-07-24T01:40:56Z,Nyugodj Békében Miki!,0
2014-07-23T22:42:39Z,"RIP Feher,you will be missed,but you died doing the thing you like! RIP!",0
2014-07-22T16:19:16Z,I have cried!,0
2014-07-21T06:42:08Z,Anyone know how he died? Heart attack? Unlucky Miklos Feher,0
2014-07-18T01:48:11Z,Did they announce he was dead on the field?,0
2014-07-18T00:41:42Z,That is just sad. At keast he died what he loved doing. But gone too soon. ,0
2014-07-17T15:25:45Z,How does eh die,0
2014-07-17T06:38:01Z,Sad. And the match restarted or the referee finished it?,0
2014-07-16T16:04:20Z,may god be with you,1
2014-07-16T16:01:03Z,No,0
2014-07-16T08:36:54Z,Ruined my dreams to play soccer... R.I.P,0
2014-07-15T07:35:21Z,I have so much respect for the other team. It wasn't even their teammate yet they still hugged and supported the other teams members.,0
2014-07-15T04:25:44Z,Songs from Heaven | Eddie James,0
2014-07-15T02:23:00Z,:´(,0
2014-07-13T04:40:05Z,His death couldn't have been avoided. It was hypertrophic cardiomyopathy (Where the mycardium in his heart thinckens instantly). They don't know how to stop it from happening.,0
2014-07-11T21:40:48Z,Вы идиоты ? Там человек погиб А вы нравиться ставити .. ,0
2014-07-10T18:38:46Z,how dit he die,0
2014-07-09T12:26:05Z,"Death is uncertain. Only God (from your own believes) specify when we're going to leave the world. So, be prepare for everything that you've done in this world from the beginning of your life. Pray to God. Forgive to God. Your deeds in this world decides where you would go.

I hold on my tears when I watch this. Manly tears... Sad :(",70
2014-07-09T01:58:51Z,his face like torres,0
2014-07-08T13:47:36Z,it was very very very sad ,0
2014-07-08T02:47:36Z,he had a yellow card because of trying to hold the ball of side right after he died because of a hart attack i think,0
2014-07-06T06:27:13Z,he was smiling before he collapsed,8
2014-07-05T12:25:59Z,he was hungarian. Me too,0
2014-07-04T22:49:13Z,"I feel bad for the ref, he gave the kid a yellow card in the last minutes of his life. He had no way of knowing, but still.",1711
2014-07-04T12:18:42Z,:'(,0
2014-07-04T01:43:59Z,"dayum... its so hot here, my eyes are sewating... real bad ;(",8
2014-07-03T15:47:08Z,So Sad.,0
2014-07-03T08:42:43Z,he greeted death with a smile.,39
2014-07-02T03:48:21Z,:(,1
2014-07-01T21:25:02Z,RIP your in a better place its true nobody will hurt you in heavan,0
2014-07-01T21:18:19Z,He died by a heart attack/stroke,0
2014-07-01T04:24:37Z,szegeny :(,0
2014-06-30T07:28:11Z,OMG the referee killed him with that yellow card,1
2014-06-29T15:15:54Z," 
R.I.P﻿",0
2014-06-29T09:45:19Z,Rest in peace ,0
2014-06-28T12:20:44Z,so sad how he was only 24,0
2014-06-27T02:01:38Z,R.I.P,1
2014-06-26T18:26:30Z,How did he die? Was it a heart attack?,1
2014-06-26T18:23:43Z, they run 20 miles in 90 min ,2
2014-06-26T07:09:49Z,I feel kinda bad for the ref too uno?,0
2014-06-26T04:51:52Z,Rest in peace brother.,0
2014-06-26T00:53:41Z,very sad...,0
2014-06-25T20:11:56Z,What happened to him,0
2014-06-25T18:35:57Z,R I P,0
2014-06-24T19:34:09Z,He died doing something he likes. R.I.P,862
2014-06-24T14:42:42Z,RIP MIKLOS FEHER ,0
2014-06-24T02:50:02Z,"He died after his first yellow card…
Poor kid.",1
2014-06-23T17:04:45Z,"no pude contener las lagrimas lo juro por mi madre! :""(",1
2014-06-23T16:05:50Z,RIP,0
2014-06-23T12:36:36Z,what is the name of first melody?,0
2014-06-23T01:10:14Z,"3:53    -  i don't follow soccer/football BUT i guarantee that is the coach/boss and i bet any money judging by his look on his face, the look at his watch... he was thinking GOD FUCKING DAMN IT, GREAT THE MATCH IS FUCKED, MONEY MONEY MONEY",3
2014-06-21T00:15:05Z,Respect :(,0
2014-06-20T23:13:10Z,Ala mierda,0
2014-06-20T17:27:39Z,"i was watching the game... :c
R.I.P ",0
2014-06-18T20:00:24Z,This made me cry man,414
2014-06-17T21:57:36Z,"R.I.P
Miklos :(",0
2014-06-17T16:29:41Z,"shame for this person hey oomps check the video out from the 4 mins
+",0
2014-06-16T19:48:23Z,Rest in Peace!,11
2014-06-16T17:37:58Z,How is this happens???,0
2014-06-15T17:36:13Z,if u count from 2013 it was 9 years ago...,0
2014-06-13T20:39:38Z,"its kind of ironic... the fairies are always playing dead and then ,,,,,",0
2014-06-13T13:58:55Z,atleast he died happy on the football field:) just a secound of pain. but RIP,0
2014-06-08T16:43:09Z,2004? ,0
2014-06-05T00:08:45Z,R.I.P let all of your memory's be with your team and everyone that love you and who liked all the thine you have done.,1
2014-05-30T22:17:33Z,"Everytime I watch this, I'm crying .. Miki, Rest in Peace-Rust in Vrede",5
2014-05-27T00:48:00Z,the ref must feel really bad after that yellow card,0
2014-05-26T20:42:16Z,Rest in peace... ,1
2014-05-26T20:14:41Z,I don't watch sports so I think I would freak out if I was watching a sport and saw this,1
2014-05-26T13:30:08Z,R.I.P,1
2014-05-26T10:41:23Z,Becouse I Hate Football,5
2014-05-26T10:38:31Z,What The Music Please?,1
2014-05-22T23:10:24Z,"he played for *Benfica*, this game has affected so many benfiquistas (benfica supporters) and the supporters of the other *Portuguese* clubs, I'm not benfica scored me a lot because my brother played football, and I was only 6 years old when this happened. 
see this scenario in the stadium was super striking, still crying when watching this, *Miklos Feher* *RIP* (rest in peace) ....",2
2014-05-22T13:59:07Z,Rest in peace! Nyugodj békében!,5
2014-05-21T18:54:01Z,R.I.P its so sad,1
2014-05-21T18:52:51Z,Why does everything happen when i was born? I was born 31.1.2004! And this happened 25.1.2004! D: WHY???,1
2014-05-11T05:02:11Z,HOW DID HE DIE,1
2014-05-10T10:53:21Z,rest in peace man,1
2014-05-09T16:25:53Z,Can't Believe that it's 10 years ago since he left this world :( Miklos you are forever in our soul.,84
2014-05-04T18:09:15Z,:'(,3
2014-05-01T18:31:39Z,RIP,0
2014-04-30T18:57:42Z,Hungarian football player. Rest In Peace. ,5
2014-04-24T22:17:24Z,"so sad , r.i.p",1
2014-04-17T00:13:41Z,RIP Feber,1
2014-04-16T21:49:52Z,"Sad, he crapped his pants too. RIP",12
2014-04-16T14:39:33Z,we will never forget you mikki .........love from greece,2
2014-04-12T23:55:43Z,"Were there trained medical staff attending to him? Did they use a defibrillator on him?  Felt it was a long time before an ambulance came.
R. I. P Miklos, You will never be forgotten.",1
2014-04-12T17:44:53Z,ik had no zo gezegt ik ga niet huilen na wel dus,0
2014-04-11T14:41:17Z,RIP,1
2014-04-11T14:41:04Z,so bad,1
2014-04-10T15:24:45Z,The name of my friend ( Miklas ) is inspired on this player,6
2014-04-05T18:41:05Z,Cand vezi asa ceva .. iti vine .. nici n-am cuvinte,6
2014-04-03T20:13:15Z,RIP ,1
2014-04-03T08:21:02Z,あめｎ,1
2014-04-01T07:03:55Z,La illaha Ila Allah,30
2014-04-01T00:37:26Z,RIP,1
2014-03-31T06:14:15Z,"Poor guy, but at least he gave his last breath doing what he loved !",0
2014-03-25T11:30:21Z,RIP,1
2014-03-17T23:32:45Z,Rest In Peace.,1
2014-02-23T14:15:34Z,Really sad video! ,1
2014-02-19T22:07:10Z,RIP Miklos Feher,1
2014-01-31T15:07:31Z,Cardiac Arrest  - His heart was too fast because he was using too much energy at one plus adrenaline got the heart going over his MHR.,26
2014-01-30T18:59:08Z,any people who can dislike this video,1
2014-01-26T12:54:29Z,God May Bless your Soul...and We Will Miss you...RIP Feher...:(,1
2014-01-25T14:45:47Z,R.I.P. :((,1
2014-01-25T12:45:36Z,RIP  :/,1
2014-01-25T01:32:11Z,Tomorrow literally marks the 10 year anniversary of this sad moment.. i remember watching this game when it happen i had gone into shock and didn't know what to do..it took a while to realize what happened and then i started to tracked the whole thing even in the late hours when all the fans went and followed to the hospital they took him too,6
2014-01-24T21:13:50Z,i feel sorry of is death he was so talented player,6
2014-07-21T12:44:56Z,Catalin Hildan te vom iubi mereu!!!!,1
2014-03-27T17:27:53Z,Catalin Hildan a fost si va fi acolo de sus alaturi de Dinamo!!!!!!Nu te vom uita niciodata!!! R.I.P,1
2014-03-26T23:33:22Z,CATALIN HILDAN inseamna DINAMO !!!!!!! Nu vei fii uitat!!!!!!!! R.I.P!!!,1
2013-10-07T18:39:47Z,nu va faceti grifi e joaca fotbal acolo cu Florea dumitrache d-zeu sa-i ierte,0
2013-10-07T16:16:10Z,"Sunt caine pana mor
Sunt caine pana mor
Sunt caine pana mor 
SI DE CATALIN HILDAN MI-E DOR",2
2013-10-07T12:13:37Z,"Ale o ale o CATALIN HALDAN inseamna dinamooo 
UNICUL CAPITAN este CATALIN HALDAN!!!",1
2013-10-07T10:53:04Z,"CATALIN HILDAN UNICUL CAPITAN !!!
VA RAMANE LEGENDA LUI DINAMO!!
5 OCTOMBRIE O ZI CU LACRIMI PENTRU UNICUL CAPITAN
FORZA DINAMO ",1
2014-04-03T15:24:56Z,Muie dinamoooo,1
2014-03-22T17:14:36Z,I love you dinamo!!!!!!!!!!!!!!!!!!!!!!!!!!!!!,7
2014-01-11T16:16:40Z,SUPERB!,3
2014-03-25T18:08:42Z,"Nu vreau sa-l judec ca om..are toata stima mea sper ca Dumnezeu sa aibe grija de el acolo sus,insa ca fotbalist era un jucator mediocru.",9
2014-03-01T13:07:00Z,Urmeaza a 7-a victorie consecutiva a Stelei sa nu plangeti Javrelor!,1
2014-03-01T07:56:56Z,hai sa-i batem pe pociti de la steaua,1
2014-02-28T05:25:24Z,Adevar graiesti Danciule......FORTZA DINAMO!!!!!!!,0
2014-02-28T05:20:17Z,"Danciule, cu totii stim ca esti stelist, dar asta e viata. Respect oricum. MUIE dINAMo!",0
2014-02-27T22:23:35Z,"puteti sa ma ajutati - sa aflu care este muzica, cine este autorul etc. ",0
2014-02-27T21:17:14Z,"Universul vostru, se invarte in jurul nostru! Sa va dam la muie catei spurcati!",0
2014-02-27T18:48:54Z,MUIE steaua!,3
2014-02-27T18:05:58Z,Bravo Danciule!,1
2014-02-27T17:11:58Z,SE POATE !!,0
2014-02-27T16:31:05Z,La vorbe suteti printre primi dar la fapte pe locuri retrogradabile. ASTIA SUNT DINAMOVISTII!,2
2014-02-27T15:18:07Z,"Am o întrebare (e prima dată când mă duc pe stadion) dacă vreau să iau bilete în galeria echipei Dinamo de unde fac rost,din Ghencea,din Ștefan cel Mare sau de la Arena Naționala ? (Cum am spus mai sus,nu am mai cumpărat bilete până acum.) Mulțumesc anticipat !",0
2014-02-27T15:17:09Z,"DANCIULE,E GREU,ASTA E...AM AJUNS S RECUNOATEM O FORTA,UN BREND,CARE DUPA MINE NICI NU-I BAGAM IN SEAMA...ACUM,E ALTCEVA,SUPORTERII ADEVARATI AI LUI DINAMO NU POATE SA ACCEPTE ASA CEVA,ADICA,INFRINGEREA...INSA,TREBUIE SA RECUNOASTEM,AM AJUNS SA FIM LA INCEPUTURI!  DOAMNE-AJUTA  SA FACEM UN REZULTAT MARE",0
2014-02-27T14:41:34Z,"Sa le arotam "" ASTORA "" , da, bravo ! Indiferent de rezultat alaturi de voi. Pentru ca cu Dinamo se tine din mentalitate, nu pentru rezultate!
FCD!",3
2014-02-27T14:16:54Z,Respect Danciu!,7
2014-04-08T14:38:10Z,MANDRU CA SUNT CAINE !!!!!,2
2014-04-01T19:56:42Z,SUNTEM UNICI INTRADEVAR!!FORZZA DINAMO!!!,1
2014-04-01T14:14:54Z,HUU MUIE DINAMO SUGETI PULA DINAMO SLABILOR V-O BATUT STEAUA HAI STEAUA MUIE DINAMO,0
2014-03-31T19:56:20Z,"iubesc dinamoo !! 
de mic copil iubesc aceasta echipa, si orice s-ar intampla dinamo e in inima mea !! ",0
2014-03-29T19:20:06Z,"Aveti doar galerie ca echipa....Obisnuiam sa ma uit la fotbal dar acum ca echipele romanesti sunt formate din  2 ,3 romani si restul sunt de alta nationalitate mi-am zis ca fotbalul romanesc s-a dus drq..",1
2014-03-29T09:28:02Z,"Fie vreme buna fie vreme rea, CAINI pana la moarte si dincolo de ea !!! HAI DINAMO !!!!",14
2014-03-29T07:05:24Z,"Mandru ca sunt dinamovist!!!!
Un fan dinamovist face cat o mie stelisti!!!!!!!",4
2014-03-28T21:09:12Z,"Avem ce mai frumoasa galerie din tara si la un moment dat ai vom bate si noi de le vor sari capacele si isi vor aduce aminte de batai pe care leam dat.dar totul sta in vointa si sa venim cat mai multi la meciurile echipei trebuie sa unplem si noi un stadion dar asta consta in victotile noastre cu cat strangem mai multe puncte cu atat fanii vor veni la meciuri,vor avea incredere si nu vor pleca acasa suparati nervosi ca iara am pierdut 3 puncte.HAI DINAMO CAINE PANA LA MOARTE",3
2014-03-28T21:09:11Z,"Avem ce mai frumoasa galerie din tara si la un moment dat ai vom bate si noi de le vor sari capacele si isi vor aduce aminte de batai pe care leam dat.dar totul sta in vointa si sa venim cat mai multi la meciurile echipei trebuie sa unplem si noi un stadion dar asta consta in victotile noastre cu cat strangem mai multe puncte cu atat fanii vor veni la meciuri,vor avea incredere si nu vor pleca acasa suparati nervosi ca iara am pierdut 3 puncte.HAI DINAMO CAINE PANA LA MOARTE",1
2014-03-28T20:45:27Z,Caine pana la moarte,1
2014-03-28T18:08:35Z,Acum sper sa le aratam si in retur ca indiferent de scor suntem acolo pentru DINAMO si sa umplem stadionul!!!!,0
2014-03-28T18:03:58Z,"ESTE PT PRIMA OARA CAND SUNT UMILIT SI IN ACELASI TIMP MANDRU CA SUNT CAINE. IN SFARSIT AM VAZUT O ECHIPA TANARA  PLINA DE DETERMINARE SI O DORINTA DE JOC FANTASTICA. RESPECT STOICAN, DANCIU, NEGOITA SI TOTI CEI DE ACOLO. LA RETUR O SA FIU PE STADION DUPA 17 ANI DE ABSENTA.",0
2014-03-28T18:03:31Z,"1:20 ASTA E SPIRITUL DINAMOVIST! Si cu asta ne vom diferentia mereu de turma, de oi, de cetateni. Ei nu vor intelege niciodata fenomenul ULTRA !

FORZA DINAMO! VREM UN MECI CA LA LIBEREC IN RETUR!",31
2014-03-28T17:36:50Z,NU CONTEAZA CA AM PIERDUT CONTEAZA CA SUNTEM TOTI UNITI INTRUN SINGUR NUME (^_^) DINAMO!!!,3
2014-03-28T17:26:37Z,"cu ciobani si oi nu poti face coregrafie,forza dinamo,pt totdeaua vei fi si vei ramane in sufletul nostru....",0
2014-03-28T15:58:20Z,Hai Dinamo!,2
2014-03-28T15:29:43Z,forta DINAMO de la fratii vostrii de la Cl'U'j,14
2014-03-28T12:27:27Z,MUIE STEAUA AM FOST PESTE VOI IAR MANDRU CA SUNT DINAMOVIST ! INDIFERENT DE REZULTATE SUNTEM CAINII PANA LA MOARTE ! MUIE 5teaua ,42
2014-03-28T12:01:54Z,RESPECT ! Dinamo exista datorita acestor suporteri minunati ! Sa iti vina 10.000 in deplasare la nivel de fotbal in Romania e incredibil ! ! !,5
2014-03-28T11:56:01Z,"Caine pana la moarte si dincolo de ea!
In tribune suntem fenomen,
hai cu scheichu sa fim si in teren!",2
2014-03-28T11:55:33Z,"Chiar daca stam doar in furtuna
Noi n-am uitat de vreme buna
Si cand in jur e doar noroi
Noi ne lasam spalati de ploi
Ca Soarele va rasari
Si norii se vor risipi
Si cainii se vor aduna
Pe stadion iar vor canta
Fc Dinamo ale,ale :x",7
2014-03-28T11:49:41Z,Cea mai buna galerie din liga1,2
2014-03-28T11:47:14Z,Care este melodia?,0
2014-03-28T11:42:48Z,"Nu stiu cati ati fost pe stadion, 8000, 9000, 10000. Pentru ca oricat ati fi fost, le-ati dat clasa "" alora ""  ( din nou ). E drept, mai greu cu fotbalul la noi in perioada asta, dar daca avem rabdare cu Stoican, daca nu ne placa tinerii, noi, suporterii lui Dinamo, chit ca nu ajungem la fiecare meci sa va sustinem din tribuna ( desi facem tot posibilul ), veti fi mereu in inimile noastre. Pentru ca noi iubim Dinamo din mentalitate. Sunt atat de mandru ca sunt dinamovist..sunt atat de mandru de baietii care au cantat aseara neincentat, fie si la 2-5..Superb. Dinamo e mai mult decat o echipa, e un sentiment.
Ne vedem la retur. Avem meciul nostru. Suntem acolo indiferent de rezultat. Noi suntem altfel. Noi tinem cu Dinamo. Noi avem alta mentalitate !",20
2014-03-28T11:21:20Z,cea mai frumoasa galerie!,12
2013-10-22T16:01:55Z,"Un tîgan in Stefan cel Mare.
",0
2013-10-07T09:34:19Z,Caratistu alpinistu :)),1
2013-08-06T13:55:52Z,Meme stoicaaaa/Sa bagam pl in fita/Slobozu' sa ni-l inghita/Sa o facem fericitaaaaa!,1
2014-07-30T18:21:11Z,RIP non seulement les joueur de son équipe son triste mais imaginer un peut sa famille,20
2014-07-07T21:47:01Z,A tout jamais miklós,1
2014-06-27T11:15:43Z,tiste ;),1
2014-04-26T19:42:07Z,Trop triste,0
2013-11-02T15:24:52Z,Evanescence - my immortal,3
2013-10-28T16:16:34Z,c est quois la musique ? sil vous plait,0
2014-07-31T05:55:25Z,da a facut-o steaua pe coregrafie:)):)):)),0
2014-04-23T17:34:43Z,"Doamne,daca si aia facuta de stelisti mai e coregrafie,inseamna ca mama e virgina..Sunteti jalnici,samantarilor...Voi,suporteri pentru cupe si flori/Noi din dragoste pentru aceste culori...",1
2014-04-19T14:01:36Z,Care stie cum se chema melodia cantata de acea formatie de la începutul meciului?,0
2014-04-19T09:20:15Z,0:45 HAI BA SI VOI =))) . CE SI VOI ? CA VOI PRACTIC NU ATI AVUT COREGRAFIE.,6
2014-04-18T13:51:48Z,"coregrafia stelista a fost caraghioasa ! Un fiasco!
Dinamo in schimb a stralucit!!
Cum face mereu!
Bravo Dinamo!",0
2014-04-17T10:43:08Z,Rectific titlul video-ului ...Coregrafia lui Dinamo > Incercarea de coregrafie a Stelei,2
2014-04-15T21:53:27Z,N-aveti voi acum pe gard cate steaguri noi v-am luat ! ,2
2014-04-15T19:56:01Z,Ca de obicei iar ne-am pisat pe catei,0
2014-04-15T06:44:00Z,"in 1985 semifinale: steaua 5-0 dinamo
in 1998: steaua 5-0 dinamo
in 2011: dinamo 1-3 steaua
in 2014: steaua 5-2 dinamo",2
2014-04-14T13:05:26Z,Mai jos sub mine aveti dovada de ce trebuie intotdeauna sa purtati prezervativ. MUIE DINAMO ! Ne vedem joi ..cand o sa stam toti impreuna !,1
2014-04-14T12:20:49Z,degeaba aveti galerie daca nu aveti echipa  !,0
2014-04-12T03:11:55Z,"sunteti jalnici. patetici. auzi la ala...i lasa sa termine pe ""astia"". ce sa termine ? sa afisati voi, ce !? ce coregrafie are zdeaua? :))))) tot o rupe cu cartoanele lor. de 4 5 ture tot incearca sa faca o coregrafie reusita. nici ""suporterii"" vostrii de la tribuna nu au inteles ce reprezinta coregrafia :)). SPARTILOR !",1
2014-04-11T21:59:28Z,"ii lasa sa termine, termina.. si? ai vostri nici n au ce sa inceapa :))))",0
2014-04-10T20:47:16Z,oile spurcate daca vad ca sunt mai prejos decat cainii incep sa injure. sa le dau muie la toti fanii steoaiei cu tot cu coregrafiile lor jalnice!!!,0
2014-04-07T15:12:35Z,DINAMO > steoaia . 1000 DE ANI DE ACUM INCOLO.,21
2014-04-07T10:01:27Z,Ce coregrafie expirata in partea dreapta a ecranului....,2
2014-04-06T21:55:50Z,"Ca de obicei , ne-am pisat pe ei.",16
2014-04-05T14:18:56Z,ca de obicei sunteti peste oi,2
2014-04-03T10:03:32Z,""" Il lasa sa termine ma.""
Normal, ce stiu stelistii de coregrafii 3D ?! Ei stiu doar cartoane colorate. Jalnic :(.
s_|_eaua.",2
2014-03-28T17:37:42Z,Ma da multe melodii mai stiu fani steleui....Lupta Steaua..Steaua Bcuresti....Galeriea lui Dinamo 8000 si au fost peste ei si cu versuri de nota 10 Felicitari Galeriei lui Dinamo sunteti cea mai frumoasa din Romaniea,23
2013-08-14T01:15:42Z,Hermoso,5
2013-08-13T01:17:08Z,VAMANOS STEAUA,1
2013-08-12T21:20:14Z,منتهى الروعه,0
2013-08-12T21:12:08Z,"likeeeeeeeeeeeeeeeeeeeee
",0
2013-11-12T04:57:35Z,Please could someone translate to english please x,0
2014-07-30T23:08:04Z,"Respect din partea unui Rapidist,odihneste-te in pace Catalin!",29
2014-07-10T12:06:45Z,Respect din partea unui stelist,17
2014-05-30T17:56:12Z,"sa le dee Dumnezeu celor care pot da  dislike  aici sa moara la varsta la care a murit Unicul Capitan care mereu va ramane in inimile noastre.
HALDAN=DINAMO",1
2014-05-28T18:57:29Z,Doar mie mi se face pielea de gaina merau cand urmaresc acest video ? ,5
2014-03-29T11:23:43Z,3 spurcati musisti au dat dislike muie famililor alora care au dat dislike,9
2014-03-26T11:51:37Z,"O ADEVARATA GALERIE, NU IL VOR UITA NICIODATA PE CATALIN HALDAN!!!!!",30
2014-03-02T17:06:58Z,2 distrusi batuti de soarta care au dat dislike ,10
2013-12-03T12:37:28Z,Respect maxim pt Lupescu! Singurul care a participat constant la comemorare !!,23
2013-10-21T16:49:51Z,"Spurcati nu au ce cauta aici !!!!
",1
2013-10-17T08:17:03Z,Respect pentru Lupescu.,1
2013-10-07T16:09:18Z,Catalin Hildan inseamna Dinamo,1
2013-10-07T11:46:17Z,"Odihneste-te-n pace , Unicul Capitan este Catalin Hildan!
",1
2013-10-06T19:00:05Z,Mult respect pentru galerie si pentru Catalin Hildan!!din partea unui stelist.,3
2013-10-06T09:29:14Z,Frate am ramas masca ieri.. cand l-am vazut pe Nea Marin..,1
2013-10-06T08:28:36Z,Respect din partea unui stelist !,1
2013-10-06T08:26:38Z,"Vei ramane mereu in inimle noastre!
Iti vom striga numele indiferent de situatie, vreme, pozitie in clasament !
Vei ramane 'U'nicul Capitan !
Catalin Hildan inseamna DINAMO!",2
2013-10-05T23:09:31Z,Mereu in sufletul si inima mea ...Catalin Hildan unicul capitan !,2
2013-10-05T21:47:02Z,"Avem o mama,avem un tata,si avem un CAPITAN ce o sa ne veheze mereu :(..Odihneste-te-n pace CAPITANE.",2
2013-10-05T21:38:12Z,"Ca-n fiecare an , 
Alaturi de Unicul Capitan !",2
2013-10-05T20:23:46Z,"Odihneste-te-n pace,Capitane !

Te vom iubi mereu !",1
2014-04-20T21:28:27Z,"Cei ce sunt dinamovisti!
Totdeauna sunt tristi!
Si la bine, si la rau!
Dinamo suge pula tot mereu!",0
2014-04-26T16:39:49Z,RESPECT !! ,1
2014-04-01T21:01:48Z,Alexus?? ce mai faci ? clipuri ceva ? :(,0
2014-02-08T21:57:11Z,"Cat de emotionant :((
Oricum felicitari pentru toate videoclipurile care le faci!",0
2014-02-08T17:42:12Z,Respect:'(,1
2014-02-08T12:33:25Z,sa se odihneasca in pace,0
2014-02-08T12:29:11Z,Rest in Peace from Middle East,0
2014-02-08T12:10:58Z,nu imi vine sa cred... RIP,0
2014-02-08T12:06:08Z,E atat de trist :( ... felicitari pt inca un clip foarte emotionant !,2
2014-02-08T11:55:34Z,"E foarte emotionant videoul,imi pare rau pentru el si pentru familia lui,se pare ca tragediile in fotbal continua sa vina...Eusebio,Chucho Benitez,Luis Aragones,acum Maicon :((
Rest In Peace! Like :) Ai facut o treaba buna,intra te rog frumos pe mess sa discutam ceva :)",5
2014-02-08T11:51:00Z,RIP,0
2014-07-05T14:55:52Z,"altceva mai nou decat ""cine sare rosu-albastru "" si ""forza 5teaua"" mai stiti si altceva ?????",5
2014-05-01T13:14:56Z,STEAUA BUCURESTI <3,23
2014-04-21T11:07:52Z,STEAUA BUCURESTI <3 <3 ,10
2014-04-18T23:51:17Z,Un clip fakeeeeee. :)))))))) Cata panarama.,2
2014-04-07T11:09:31Z,4:26 => Singurii Ultra' din Romania ;),26
2013-08-19T19:12:23Z,MANDRI DE A FI CAINE! FORZA DINAMO! ,1
2013-08-16T15:38:42Z,"uite blitzurile de la oi...fantastic!

",2
2013-08-12T19:07:46Z,"luati lectii oitelor
",1
2014-05-19T18:18:04Z,"Daca ar fi toti ca Lazar... :) 
CAT TIMP NOI SUNTEM AICI, DINAMO NU MOARE!",0
2014-05-19T17:30:58Z,FORZAAAAAAAAAA DINAMO !,0
2014-05-19T13:01:18Z,"Suntem cu voi , MEREU !",2
2014-05-19T12:53:08Z,DINAMO NU MOARE !,4
2014-06-21T08:53:03Z,MUIE 5TEOAIA,4
2014-05-14T08:42:12Z,trebuia sa dai la o parte scrisu...,4
2014-05-11T11:54:39Z,"LACATUS , MUIE LACATUS!",2
