publish_date,title,view_count
2013-08-14T11:53:32Z,"COREGRAFIE 3D: Cătălin Hîldan şi Florea Dumitrache, mereu în inimile noastre!",401685
2014-05-19T04:31:57Z,Morte de Miklos Fehér,708
2014-04-20T15:58:44Z,Patrick Mevoungou (highlights),1864
2013-10-11T15:09:54Z,Miklos Feher&#39;s death (FULL VIDEO) - Miki&#39;s last minutes - R.I.P,3782558
2013-10-07T10:41:35Z,Te vom iubi mereu!,6199
2014-01-27T14:41:57Z,Mevoungou Patrik,2079
2014-04-03T12:18:25Z,"Batalia galeriilor, Steaua - dinamo",202
2013-08-12T23:03:40Z,DINAMO - 5teaua :: Coregrafie ISTORICA in 3D - P.C.H.,61089
2013-10-20T22:56:21Z,"Raiffeisen Super League: Grasshoppers Zürich 2:0 FC Lausanne Sport (12. Spieltag, 20.10.2013)",3284
2014-07-17T18:36:33Z,Franck Etoundi - Highlights,19327
2013-10-06T22:19:06Z,Te vom iubi mereu!,1391
2014-03-02T21:34:43Z,"Steaua - Dinamo, atmosfera de start",2565
2014-02-06T20:03:13Z,Amistoso CCF vs CCF_B,270
2014-02-25T23:08:06Z,Tribute to Catalin Hildan,38049
2013-10-05T15:32:46Z,Death on football,86
2014-04-17T17:12:36Z,Galerie Steaua la meciul cu Dinamo,16627
2014-03-08T13:31:03Z,Interview Patrick NKoyi fortuna sittard na thuis tegen Excelsior,159
2014-03-29T19:22:02Z,Steaua Bucuresti - Dinamo Bucuresti 28.O3.2O14,323
2014-02-27T14:08:18Z,MESAJUL LUI DĂNCIULESCU ÎNAINTEA UNICULUI DERBY!,11558
2014-03-28T07:56:39Z,Coreografia Peluzei Dinamo,1133
2014-03-28T11:04:56Z,SUNTEM UNICI! COREGRAFIE IMPRESIONANTĂ A FANILOR DINAMOVIŞTI!,48476
2013-09-10T10:35:48Z,Mircea Lucescu în &quot;Ştefan cel Mare&quot;,2187
2014-04-12T19:19:47Z,Interview Patrick NKoyi fortuna sittard na thuis tegen VVV,227
2013-10-22T11:26:30Z,Mort Subite Montpellier Gestes qui sauvent,297
2013-08-06T12:01:48Z,"PCH si teroristu&#39; alpinistu&#39; (Viitorul 0 - 0 DINAMO, luni, 5 august 2013, Chiajna)",9431
2013-09-13T19:22:00Z,FCD în ADN,134
2013-08-16T15:31:33Z,Le dernier sourir avant de mourir ! Miklós Fehér #RIP ♥,46630
2014-03-27T23:14:07Z,Steaua -Dinamo  coregrafii martie 2014,34051
2013-08-12T00:54:28Z,The best Choreography 3D - FC Dinamo Bucuresti vs FC Steaua Bucuresti,731
2013-08-12T09:58:39Z,AMAZING 3D CHOREOGRAPHY BY DINAMO BUCHAREST FANS,37054
2014-04-02T21:07:13Z,*~~~Oleg Gusev Collapse Jaba Kankava saves his life !!! #Respect~~Dnipro - Dinamo - 0:0,1329
2014-02-21T07:38:03Z,XanthiFans &#39;&#39;Never Forget Olubayo Adefemi 1985-2011&#39;&#39;,1794
2013-09-02T12:39:55Z,Feltörték Fehér Miklós sírját,153025
2013-10-05T20:20:18Z,"13 ani fara UNICUL CAPITAN, CATALIN HILDAN... Branesti, 5 octombrie 2013",58346
2014-06-23T10:29:25Z,Glorile lui Dinamo vorbesc despre Catalin Haldan (Unicul Capitan),13453
2013-11-19T10:47:32Z,Cameroun-Tunisie #3: Le but d&#39;Achile Webo,4249
2014-04-18T00:33:18Z,pch.dinamo-steaua 1-1.17.04.2014. cei ce sunt dinamovisti,651
2013-09-11T11:24:17Z,Infortunio Pasqual - Qualificazioni Campionati Mondiali 2014 Italia Repubblica Ceca,4984424
2014-06-04T19:27:20Z,Ultras ZIMBRU: Orice ar fi...,11556
2014-02-08T11:43:57Z,Maicon ► R.I.P. |  1988-2014 |  FCSB Tribute,7017
2014-04-19T17:00:20Z,Dinamo - Steaua 1-1 (Coregrafie PCH) 17.04.2014,283
2014-03-05T15:02:18Z,Steaua Bucharest - Ultras World 2014 (position 3),55169
2013-08-11T18:37:00Z,Coregrafie Emotionanta A Fanilor Dinamo Bucuresti (Dinamo Bucuresti Vs Steaua Bucuresti) 11.08.2013,1130
2013-08-12T15:18:04Z,Dinamo 1-2 Steaua (august 2013) - COREGRAFIA DECENIULUI - 3D - FULL HD (1080p),5771
2014-05-19T12:35:41Z,"ALĂTURI DE NOI, PRIN VÂNT ŞI PLOI! RESPECT CÂINILOR!",3180
2014-04-19T14:23:06Z,OPERA P.C.H. :: ... voi asistati la opera ca spectatori! (filmare Tribuna 2),18110
2013-11-27T23:53:29Z,Les footballeurs brésiliens ont manifesté en plein match gréve inédite 2014,101
2014-06-21T21:24:13Z,In timpul meciului de baraj,104
2014-04-18T12:38:37Z,Dinamo Bucharest fans put on incredible choreography v steaua with symphony orchestra playing below,142416
2014-03-15T23:27:07Z,muertes en la cancha de futbol,305
