publish_date,title,view_count
2014-07-28T09:32:12Z,Youcef Touati (highlights),37669
2013-08-10T10:55:35Z,Youcef Touati,18518
2013-11-13T17:23:04Z,Youcef Touati vs Cholet,10525
2013-08-01T02:04:09Z,Résumé du match Guingamp-UNFP du 31 Juillet 2013,1998
2014-07-29T10:29:14Z,Cédric N&#39;koum (highlights),3634
2013-12-19T06:00:00Z,But Youssef ADNANE (45&#39;) - ESTAC Troyes-Tours FC (3-2) - 18/12/13 (1/8 de finale) (ESTAC-TOURS),414
2014-05-04T08:21:13Z,Abdelaziz Kebbal (highlights),5549
2014-01-28T18:37:15Z,Wilfried Domoraud (highlights),3394
2013-08-15T21:26:19Z,Mercato : Youssef Adnane arrive au Tours FC,624
2013-10-08T14:33:36Z,TFC - SOC,482
2014-04-28T07:56:38Z,Belkacem Zobiri (highlights),1232
2014-06-02T12:50:28Z,Ilias Meddah 2014 . Ultimate Defender . Best Skills,982
2014-03-15T23:25:05Z,But de Delort contre Angers,4741
2014-04-27T10:10:37Z,Allan Nyom (highlights),26457
2014-01-27T18:07:28Z,Khous Guillaume,2909
2014-07-23T04:02:23Z,Nassim Zitouni (highlights),43512
2013-12-08T22:39:43Z,Tarik Zitouni &quot;Je n&#39;oublie pas le TFC&quot;,760
2014-07-26T17:10:41Z,Moncef Zerka (highlights),3164
2014-05-12T13:11:06Z,Werner Diyangi Konda saison 2013-2014,1582
2014-07-10T19:28:01Z,2014 Soccer World Cup: Netherlands vs Argentina - Copa Mondial de la FIFA 2014 - Argentine Tango,497
2013-09-11T02:22:58Z,////// Young Midfielder FRANCE U20 Troudart Emmanuel //////,589
2013-10-21T16:06:22Z,deux but de soltani karim,138
