publish_date,title,view_count
2013-11-02T23:39:17Z,AS Nancy-Lorraine - Nîmes Olympique (1-0) - Le résumé (ASNL - NIMES) - 2013/2014,3168
2013-08-10T22:00:11Z,CA Bastia - AS Nancy-Lorraine (1-2) - Le résumé (CAB - ASNL) - 2013/2014,10486
2014-02-15T23:00:01Z,AS Nancy-Lorraine - US Créteil (2-2) - 14/02/14 - (ASNL-USCL) - Résumé,2901
2014-02-11T17:16:20Z,Tours FC - AS Nancy-Lorraine (1-3) - 10/02/14 - (TOURS-ASNL) -Résumé,7520
2014-03-31T23:31:31Z,But de Guillaume Jeannot (3-4) - 2014-03-31 18:00:00 - T4 - Lundi 20h - Printemps 2014,3
2014-04-05T22:00:02Z,Nîmes Olympique - AS Nancy-Lorraine (0-1) - 04/04/14 - (NIMES-ASNL) - Résumé,2758
2014-02-22T23:00:01Z,ESTAC Troyes - AS Nancy-Lorraine (2-0) - 21/02/14 - (ESTAC-ASNL) - Résumé,3134
2013-09-21T22:00:05Z,AS Nancy-Lorraine - ESTAC Troyes (2-1) - Le résumé (ASNL - ESTAC) - 2013/2014,4207
2013-09-14T22:00:08Z,US Créteil - AS Nancy-Lorraine (1-1) - Le résumé (USCL - ASNL) - 2013/2014,4004
2014-02-04T11:00:02Z,AS Nancy-Lorraine - Havre AC (3-2) - 03/02/14 - (ASNL-HAC) -Résumé,7552
2013-08-03T22:00:12Z,AS Nancy-Lorraine - AJ Auxerre (0-0) - Le résumé (ASNL - AJA) - 2013/2014,8854
2013-09-25T22:00:08Z,FC Metz - AS Nancy-Lorraine (3-0) - Le résumé (FCM - ASNL) - 2013/2014,71196
2013-08-24T22:00:11Z,Havre AC - AS Nancy-Lorraine (1-1) - Le résumé (HAC - ASNL) - 2013/2014,7387
2013-09-28T22:00:01Z,AS Nancy-Lorraine - AC Arles Avignon (0-0) - Le résumé (ASNL - ACA) - 2013/2014,1778
2014-01-11T23:00:01Z,Angers SCO - AS Nancy-Lorraine (1-1) - 11/01/14 - (SCO-ASNL) -Résumé,5836
2014-07-10T18:31:05Z,2013 2014 France Ligue 2 Top 10 Prospects,1073
2013-08-31T22:00:15Z,AS Nancy-Lorraine - Tours FC (2-3) - Le résumé (ASNL - TOURS) - 2013/2014,11771
2013-12-21T23:00:01Z,AS Nancy-Lorraine - Stade Lavallois (2-1) - 20/12/13 - (ASNL - LAVAL) - Résumé,3532
2014-03-22T23:00:00Z,Clermont Foot - AS Nancy-Lorraine (1-0) - 21/03/14 - (CF63-ASNL) - Résumé,2435
2014-03-08T23:16:54Z,AC Arles Avignon - AS Nancy-Lorraine (1-2) - 07/03/14 - (ACA-ASNL) - Résumé,4003
2014-05-03T22:00:01Z,AS Nancy-Lorraine - FC Istres (3-1) - 02/05/14 - (ASNL-FCIOP) - Résumé,6713
2014-05-07T22:00:01Z,Stade Lavallois - AS Nancy-Lorraine (1-0) - 06/05/14 - (LAVAL-ASNL) - Résumé,3873
2013-08-20T10:00:31Z,AS Nancy-Lorraine - Stade Brestois 29 (0-1) - Le résumé (ASNL - SB29) - 2013/2014,7120
2014-03-01T23:00:00Z,AS Nancy-Lorraine - FC Metz (0-1) - 01/03/14 - (ASNL-FCM) - Résumé,26724
2014-01-18T23:00:04Z,AS Nancy-Lorraine - CA Bastia (0-1) - 17/01/14 - (ASNL-CAB) -Résumé,4054
2013-11-30T23:00:01Z,AS Nancy-Lorraine - RC Lens (1-0) - 30/11/13 - (ASNL - RCL) - Résumé,11544
2014-03-15T23:00:00Z,AS Nancy-Lorraine - Chamois Niortais (1-1) - 14/03/14 - (ASNL-NIORT) - Résumé,3456
2014-02-16T11:08:16Z,asnl-creteil 2-2,209
2013-12-06T22:17:45Z,Arrêt de Jeremie Janot contre le Barça,18440
2014-02-22T18:36:16Z,Conférence de presse ESTAC Troyes - AS Nancy-Lorraine (2-0) - 2013/2014,273
2013-08-10T20:38:05Z,Conférence de presse CA Bastia - AS Nancy-Lorraine (1-2) - 2013/2014,237
2014-03-29T23:00:01Z,AS Nancy-Lorraine - SM Caen (1-1) - 28/03/14 - (ASNL-SMC) - Résumé,6255
2014-05-10T22:00:01Z,AS Nancy-Lorraine - Angers SCO (3-1) - Résumé - 09/05/14 - (ASNL-SCO),10088
2014-02-15T18:50:19Z,Conférence de presse AS Nancy-Lorraine - US Créteil (2-2) - 2013/2014,224
2014-02-11T17:22:06Z,Conférence de presse Tours FC - AS Nancy-Lorraine (1-3) - 2013/2014,234
2014-03-02T23:00:01Z,Goal Thibault GIRESSE (39&#39;) - Stade Rennais FC-EA Guingamp (0-2) - 01/03/14 - (SRFC-EAG),86
2013-09-14T20:11:04Z,US Créteil (USCL) 1-1 AS Nancy Lorraine (ASNL) - 13 septembre 2013 - 6ème journée de Ligue 2.,1077
2014-03-15T18:08:49Z,Conférence de presse AS Nancy-Lorraine - Chamois Niortais (1-1) - 2013/2014,195
2013-09-14T18:05:13Z,Conférence de presse US Créteil - AS Nancy-Lorraine (1-1) - 2013/2014,107
2014-04-11T07:30:00Z,Geoffrey Jourdren - Best Saves,4839
2013-11-24T23:00:01Z,Goal Thibault GIRESSE (76&#39; pen) - Montpellier Hérault SC - EA Guingamp (1-1) - 2013/2014,145
2014-01-19T23:00:03Z,FC Lorient - EA Guingamp (2-0) - 18/01/14 - (FCL-EAG) -Highlights,1570
2014-04-20T22:00:02Z,Goal Jérémie ALIADIERE (31&#39; pen) - FC Lorient-Montpellier Hérault SC (4-4) - 20/04/14 - (FCL-MHSC),259
2013-12-21T21:29:16Z,Conférence de presse AS Nancy-Lorraine - Stade Lavallois (2-1) - 2013/2014,181
2013-12-05T23:00:01Z,Goal Maxime BARTHELME (49&#39;) - Montpellier Hérault SC - FC Lorient (0-2) - 04/12/13 (MHSC - FCL),292
2014-03-25T00:07:32Z,But de Benjamin Breard (1-3) - 2014-03-24 19:00:00 - T1 - Lundi 20h - Printemps 2014,1
2014-03-31T23:32:34Z,But de Benjamin Breard (1-4) - 2014-03-31 18:00:00 - T1 - Lundi 20h - Printemps 2014,1
2014-07-30T05:27:10Z,2008/2009 L1 Résumé FC Lorient-FC Nantes,975
2013-09-01T23:47:54Z,Goal Kévin BERIGAUD (34&#39;) - Evian TG FC - Olympique Lyonnais (2-1) - 2013/2014,143
2014-01-19T23:00:02Z,But Yann JOUFFRE (8&#39;) - FC Lorient-EA Guingamp (2-0) - 18/01/14 - (FCL-EAG),635
