published-time,comment,likes
2013-11-03T23:30:36Z,"C'est rageant de voir les manques après autant de belles occasions :/ nancy va mieux , ça fait plaisir a voir",0
2013-08-30T14:34:14Z,"Le football corse est en constante progression, on le voit avec le sporting club de Bastia et l'ac Ajaccio qui arrivent à recruter de très bons joueurs comme Squillaci, mutu, Modesto, Ou Ochoa.
Je reste persuadé que l'année prochaine le GFCA va remonter en ligue 2 et que le CAB va se maintenir. Le problème dans le football corse c'est qu'on a pas des millions de millions d'euros mais qu'on survit tant bien que mal grâce à notre identité et notre passion.On a pas besoin des qataris ou russes. bsx",1
2013-08-30T01:44:06Z,"ben en même temps, c'est ce qui fait la force des clubs corses, la passion, et la niaque",0
2013-08-14T18:57:13Z,D'accord avec damien devogz,0
2013-08-13T13:00:17Z,Fait un don a Bastia si tu veut qu'il change le terrain ,0
2013-08-13T12:59:15Z,"On sait pas, suffit qu'il y ait un déclic, leurs défense est pas trop mauvaise",0
2013-08-12T13:14:34Z,Normalement 2-2 :/,0
2013-08-12T13:11:37Z,En meme tempst'a vu leur budget ? Au moins ils auront essayés,0
2013-08-11T13:53:22Z,"Pelouse a chier et pour dire que la semaine prochaine c'est SC Bastia qui jouera sur ce terrain faut changer la pelouse sérieux on des grande équipe en L1 S'y c'est pour jouer sur des Terrain comme ça .
",0
2013-08-11T12:53:07Z,"Ils ne parle pas de la main de bastia dans leur surface, ou sur le contre en plus ils égalisent ?

",0
2014-02-22T11:40:08Z,On aurait pu gagné mais il faut croire a la remonter aller Nancy,0
2014-02-20T13:48:26Z,jolie perf de Créteil :),0
2014-05-07T13:23:32Z,,0
2014-02-14T11:03:59Z,1.19min en premier rang a droite toujours la pour supporter Tours<3,0
2014-02-12T09:44:29Z,"#Ligue2 - Retrouvez le résumé du match de clôture de la 23e journée : Tours FC / AS Nancy-Lorraine ! Supporters, on attend vos commentaires",4
2014-02-11T21:00:43Z,Bravo a vous :) et ALLEZ TOURS toujours là dans la victoire comme dans la défaite,1
2014-02-11T19:44:33Z,Allez Nancy remonter en ligue 1 et laisser pas sochaux pas a votre place !!!! Bonne chance un supporters de l'etg :) ,4
2014-02-11T19:43:17Z,"En espérant que cela fasse du bien a Jeannot ! , Jeff et Paul Nardi incroyables comme d'hab !",1
2014-02-11T18:38:46Z,"Bravo Nancy, dommage pour Tours",1
2014-02-11T17:50:29Z,Allez NANCY,1
2014-04-06T16:53:45Z,c'est clair,0
2014-04-05T23:10:25Z,Dommage de ne pas avoir montré le contact qui méritait un GROS carton rouge sur le gardien Nancéien !,0
2014-02-25T22:18:17Z,On va pas vous imiter LES MESSIN de merde,0
2014-02-25T22:18:15Z,On va pas vous imiter LES MESSIN de merde,0
2014-02-24T00:09:32Z,Ils était en Ligue 1 tu n'étais même pas née... ALLEZ TROYES,2
2014-02-24T00:08:41Z,Et oui Troyes n'était pas en Ligue 1 que en 2012-2013...,2
2014-02-23T19:56:03Z,"""Deux habitués de la Ligue 1"" LOL ?",1
2014-02-23T19:09:06Z,On va bouffer du mosellan !,0
2013-09-22T06:25:53Z,First,0
2013-10-04T09:18:29Z,Rien qu'avec ton pseudo on a tout compris..,0
2013-09-15T21:36:40Z,nancy c'est de la merde quand même.,0
2013-09-14T23:29:24Z,J'ai bien peur que nous goutions ( Nancy ) un petit moment à la ligue 2 :(,0
2014-02-05T20:25:49Z,Jeff Louis déchéné !,0
2014-02-04T17:53:24Z,Le commentateur de la vidéo est en option ?,0
2014-02-04T17:26:38Z,Bien joue le havre,1
2014-02-04T16:54:41Z,Paa mal mai metz est un peu plus  fotr que nancy,3
2014-02-04T12:04:32Z,enoooorrmme jeff louis,3
2014-02-04T11:43:11Z,1000eme vidéo pour la victoire de NANCY on est les meilleurs,3
2014-02-04T11:39:13Z,Allez NANCY,1
2013-10-28T13:33:39Z,ALLEZ METZ!,1
2013-08-11T18:53:55Z,Allez Metz xD,1
2013-08-08T08:21:38Z,"Nancy, REMONTEZ-vite !!!!",0
2013-08-05T13:34:53Z,"allez malherbe !! <3
",0
2013-08-05T09:58:47Z,Allez Nancy !!,0
2013-08-04T19:25:48Z,mais il y a eu 0-0 :),0
2013-08-04T12:21:58Z,"Nancy meritais --'
",0
2013-08-04T12:21:13Z,Allez Lens !!,1
2013-08-04T10:16:28Z,"Allez Auxerre :-)
",0
2013-08-03T23:58:49Z,Allez METZ,1
2014-05-02T22:27:25Z,L'ambiance était folle,9
2014-04-16T19:18:29Z,"La lorraine est Grenats et elle le restera !
Aller Metz ",48
2014-03-16T22:16:20Z,"METZ ,ROI DE LORRAINE ",9
2014-01-16T17:11:15Z,ici c est nancy,3
2014-01-04T19:02:29Z,Merci beaucoup avant il n'y avait pas de commentaires sur les résumers  merci à toute l'équipe,1
2014-01-01T16:44:11Z,"Large victoire de Metz que ce soit sur le terrain ou en tribune, les nancéiens inexistants dans les deux domaines.

Allez Metz !",10
2013-12-31T15:11:31Z,metz en ligue 2 nancy en ligue 1 aller nancy!!!!!!!!!!!!!!!!!!!!!!!!!!!!,5
2013-12-01T14:10:25Z,Ici c'est Metz !,2
2013-11-10T15:13:45Z,"Vous emballez pas Metz, on revient... Et qu'on sera là, vous n'allez pas comprendre ce qui vous arrive !",5
2013-10-14T19:59:35Z,La lorraine et grenat et elle le restera,4
2013-10-08T20:19:45Z,magnifique but de n sor,2
2013-09-30T14:59:03Z,"Ça fait du bien de voir qu'il y a encore des vrai supporters partout, bravo aux supporters de Nancy qui étais là malgré la défaite ( enfin les bon ), j'espère que vous ferez une bonne fin de saison :)",6
2013-09-28T19:39:05Z,"Metz représente la Lorraine .C'est tout...
Nancy est mort...Ils vont descendre en national et pas remonter...
Statut amateur",2
2013-09-28T15:36:19Z,Je suis un fan de Nancy et se qu'ont fait certains supp de Nancy au derby est inqualifiiable ... Je dit certains car sur 1000 supp qui ont fait le deplacement y en a tjr une vingtaine qui font nimp.. Il faut pas croire que tt les fans de Ncy ont la meme mentalité psq nous aussi ont n'aime pas sa... sinon par rapport au match y a rien a dire .. Metz merite de gagner ... Mais Allez Nancy ♥ ...,2
2013-09-28T07:49:57Z,Clément tu connais pas les bonnes équipes,0
2013-09-27T15:21:55Z,Ji étais ambiance de foly à Saint-Symphorien malgré que le match a faillit de jamais démarrer à cause des''supporters''nancéiens  ,3
2013-09-27T14:01:37Z,voilà un VRAI SUPPORTER !!!! Merci a toi et bonne saison,2
2013-09-27T13:59:50Z,"Nos 2 clubs respectifs n ont rien a faire en ligue 2 !!!!!
Tres bon match du FC METZ et bravo a quelques supporter nanceens , les vrais !!! car dans la victoire comme dans la défaite il faut savoir supporter son équipe !!!! Regardez l'année dernière on a été en National et on a su revenir en Ligue 2 . !!!! ",1
2013-09-27T13:28:00Z,"non non non ici c'est pas metz mais youtube les gars ! bon bravo les mesins ! vous avez merité votre victoire vous avez une belle equipe et surtout le numero 10 qui à fait son entrée don je ne me souvien pas le nom ..... je suis un vraie supportaire de nancy ""pas comme le laché de mongoles d'ont vous avez eu droit ! merci au public messin d'avoire eu l'inteligence de ne pas repondre "" allez rendez vous à pico pour la revanche (j'espere dans une meilleure ambiance ;-)
",0
2013-09-26T19:44:08Z,"C'est tout à fait le genre de commentaire débile...Y en a marre des insultes!!!
Si tu as envie d'être aussi stupide que ces crétins qui ont balancé des pétards au match tu a",0
2013-09-26T16:54:57Z,Bien jouer metz vous le meriter !Un suporter de Nancy .,1
2013-09-26T16:03:23Z,ici c'est metz ,3
2013-09-26T15:29:14Z,"Ici c'est Metz !!!
",4
2013-09-26T15:06:58Z,ici c'est metz ici c'est metz,1
2013-09-26T14:50:41Z,"3-0 :3
",0
2013-09-26T14:16:06Z,ICI C'EST METZ,2
2013-09-26T13:31:03Z,Ces dernières années peut-être... mais c'est tout. La Lorraine est belle et bien Grenat !,0
2013-09-26T10:56:10Z,JaYPaaD dit que la Lorraine est grenat mais je pense que sur les dernières années c'était les voisins de Nancy les meilleurs. Un supp nîmois.,1
2013-09-26T10:27:53Z,Allez les Grenats on est avec vous !!!,0
2013-09-26T10:02:59Z,La Lorraine est Grenat et elle le Restera !!! Allez Metz !! <3,1
2013-09-26T09:08:40Z,Allez Metz;),3
2013-12-24T01:14:16Z,"C'est toi la grosse merde hacman, Le Havre c'est un village de pêcheurs, on se demande pourquoi ils jouent au foot là-bas, c'est tellement pourri comme patelin que la France y déverse ses déchets radioactifs. Mais bon, comme ça ils se font un peu d'argent pour acheter des arbitres qui rajoutent 7 minutes.",0
2013-08-28T14:01:10Z,"ta geule merci .
",0
2013-08-28T00:07:12Z,"97e minutes , pire que guimgamp ça , bravo record battu !

Un lavallois",0
2013-08-26T23:07:27Z,Comment sa rage sec ici :rire: ALLEZ LE HAC !,0
2013-08-26T18:22:21Z,"mais tes toi toi c normal le joueur reste parterre donc fait perdre du temp logique que l'arbitre en laisse plus que prévue allez le HAC ;) bande de pleureur
NANCY MERDA
",0
2013-08-26T18:20:53Z,"et alors en restent par terre il nous a fait perdre du temp donc normal que larbitre est laissé 1 ou 2 min en plus??? sa aurais été dans lautre sens vous auriais dit la meme =) le HAC c les meuilleur..NANCY c des branleurs mdr nancy merda
",0
2013-08-26T14:15:55Z,Si notre attaquant est resté par terre longtemps c'est pas pour simuler ou gagner du temps puisque resultat il a une entorse a la cheville donc s etait qd meme serieux mais apres la blessure Le Havre a montrer un manque de fair play flagrant puisqu'ils n'ont pas rendu le ballon a l'adversaire... honteux !,0
2013-08-25T20:27:23Z,je suis supporter Nancy alors s'il te plait ne nous insulte pas.,0
2013-08-25T16:20:04Z,Jocelyn et joffrey c'est les best commentateurs,0
2013-08-25T16:11:23Z,bientot 15 min de temps additionel pour laisser l'équipe adverse égaliser  NP,0
2013-08-25T15:54:26Z,Le caméraman était fonce-dé?,0
2013-08-25T15:44:45Z,en meme temp si votre putin d' attaquant ne serrais pas rester parteur pans le temp addissionnel il aurait rien ajouter mdr bien faut pour vous ;) Nancy merda nancy nancy merda ,0
2013-08-25T10:41:48Z,BIIIIIMM La remontée du HAC a la dernière seconde !!!!,0
2013-08-25T10:03:19Z,match volé! l'ASNL devait gagner.,0
2013-08-25T08:34:13Z,Il y avait 5min de temps additionel a la base --' l'arbitre en laisse 2 de plus ! --',0
2013-08-25T00:14:56Z,Le montage de la video est un peu douteux .,0
2013-09-29T07:17:44Z,First,0
2014-01-15T10:38:42Z,ASNL <3,2
2014-01-14T21:30:13Z,juste a 2:35 y a pas du tout transversale... ALLEZ le SCO,1
2014-01-13T20:14:24Z,Allez Nancy !!,2
2014-01-12T21:05:59Z,Angers aurait pus gagner avec ce penalty en fin de match mais sur toute la physionomie du match le nul est plus correct... ALLEZ LE SCO !!!,3
2014-01-12T20:35:41Z,Beau match !,1
2014-01-31T12:52:59Z,la meme lundi 10 fev devant votre publique !,0
2014-01-13T17:22:50Z,Allez tours fc,0
2013-10-23T14:45:37Z,Manifique but de ketkeo,0
2013-09-02T09:47:11Z,Lol pourquoi il parle de Salif Sané le commentateur? Il a pas joué un seul match en défense central de la saison et en plus il est pas bon. Quel guignol de parler sans savoir...,1
2013-09-01T18:32:31Z,GG tours continuez comme ça !,0
2013-09-01T18:19:36Z,"euh nn
",0
2013-09-01T11:15:22Z,OH le but de Ketkeophomphone ! :O,0
2013-09-01T01:35:49Z,Allez Tours Fc,0
2013-08-31T23:44:51Z,L'attaquant de Nancy se nomme Benjamin Jeannot ;-),0
2013-08-31T23:44:35Z,Quel but de Ketkeophomphone! ,0
2013-08-31T23:31:24Z,Benjamin Jeannot? Non c'est Benjamin Leroy ;),0
2013-12-24T23:37:43Z,"Il y a quelque part une justice, les nancéen auraient du également repartir avec la victoire, si des buts bidons n'auraient pas été marqués a la 90+5 ...",0
2013-12-24T21:46:54Z,les lavallois aurai du au moins repartir avec le point du nul.ils ont dominé outrageusement la rencontre,0
2013-12-21T23:14:41Z,Nardi encore excellent ! Dommage pour ces loupés de nancy en fin de match qui aurais assoler les lavalois ! ,3
2014-03-24T10:49:12Z,bye bye la L1 pour l'ASNL,0
2014-03-22T23:31:01Z,Un but du dos quoi .. ,0
2014-03-12T08:36:18Z,ces quoi de ce commentateurs de merde,0
2014-03-11T12:21:54Z,Commentateur hyper mou. On sent qu'il a pas envie de commenter le match,0
2014-03-09T20:17:17Z,"C'est bien de n'avoir rien lâché , trop laxistes à Avignon !",0
2014-03-09T12:22:56Z,Qui ne saute pas n'est pas nancéen ,0
2014-03-09T09:13:49Z,ASNL54,0
2014-03-09T09:01:32Z,Tous les commentateur sont dépressifs aujourd'hui... Ya un mec de l'équipe qu'est mort ou quoi ?,4
2014-05-04T17:05:01Z,Allez Malherbe en route pour la ligue 1,0
2014-05-04T11:34:05Z,ferme ta gueule toi,0
2014-05-04T08:55:53Z,Allez caen,1
2014-05-10T05:26:55Z,"Aller Laval
",0
2014-05-08T18:15:55Z,"Toudic, ancien lensois, merci ! ",0
2014-05-08T14:13:49Z,Les lensois remercient les lavallois x),1
2014-05-08T08:12:14Z,Elle est ou la main sur le but refusé ?,0
2014-05-08T07:02:09Z,"Bravo à Laval, vous allez vous maintenir !!!!!",1
2013-08-29T12:42:19Z,et le commentateur il aoublié d'allumer son micro ?,0
2013-08-28T09:48:16Z,2:35 Oh ce geste !! Un geste d'un joueur prometteur ! En tout cas ICI C BREST !,0
2013-08-24T10:17:47Z,Ohhh il devient vulgaire :D,0
2013-08-22T21:31:15Z,ferme ta gueule nancy va rester en ligue 2 et brest va monter,0
2013-08-22T21:29:39Z,"c,est ton comentaires qu'est bidon si tu trouves c'est equipes bidon pourquoi tu viens voir le resume du match 
conar",0
2013-08-22T18:16:47Z,putain enfin on marque des buts pourvu que sa dure ,0
2013-08-22T18:15:53Z,tu ne sais pas te défendre seul??,0
2013-08-22T10:21:44Z,"Je suis désolé de t'annonce que ma mère ne pratique pas le même métier que le tien.
Toi, par contre, tu as un gros problème de maturité, tu as quel âge ? 11-12 ans ?
Soyons fous, allons jusqu'à la majorité !

Grandis un peu dans ta tête !",0
2013-08-21T19:42:03Z,Enorme ce but!,0
2013-08-21T13:05:58Z,Cherche pas tu verra au match retour Nancy va gagner parce que Brest il sont nul,0
2013-08-21T13:01:22Z,brest,0
2013-08-21T13:00:57Z,beau gosse t'es moche psk nancy sont horible eux ils sont fort,0
2013-08-21T12:55:52Z,"Non mais laisser tomber les breton Brest ils sont nul , ils ont que de la chance , vive Nancy !!!! Nancy va remonter en ligue",0
2013-08-21T10:08:25Z,"nancy en national et troyes en national tu rêve mon petit...
Nancy et troyes on largement le niveau de la ligue 2 tout comme Brest(mais il ne monteront pas en ligue 1 cette année) ",0
2013-08-21T07:08:42Z,pk sa te derange c'est vous qui foute la merde pas moi par contre si tu es t en face de moi tu te casserai direct,0
2013-08-21T07:05:49Z,enfin qqn qui me croit,0
2013-08-21T07:05:16Z,ah enfin un mec cool,0
2013-08-21T00:18:20Z,Quel manque d'efficacité côté Nancy ...,0
2013-08-20T23:50:46Z,"Quel joli but et quel plaisir d'être comme dans les conditions du direct ! 
Pas de commentateurs qui vont parfois te les casser, ici nous sommes comme les spectateurs avec en plus les ralentis...
",0
2013-08-20T23:06:29Z,Beau but faut avouer,0
2013-08-20T22:26:07Z,"Qui c'est les plus nuls, évidemment c'est les Nancéens ! Ils pourraient loupés une vache dans un couloir. Avec Troyes ils vont descendre en national où ils pourront essayer de jouer le maintien. MDR. ICI C'EST BREST !  ICI C'EST BREST ! Direction la L1.",0
2013-08-20T22:21:54Z,Et vive la Bretagne ;),0
2013-08-20T20:24:40Z,Brest les chateux !,0
2013-08-20T17:03:17Z,Quelle répondant !! 13/14 ans?,0
2013-08-20T17:03:12Z,Quelle répondant !! 13/14 ans?,0
2013-08-20T15:45:22Z,et puis arrete de causer tu es pas inviter a me parler,0
2013-08-20T15:25:40Z,"Par contre, t'es une grosse burne, et ça c'est une certitude. Charlot.",0
2013-08-20T15:24:27Z,"Euh, 5 tirs cadrés pour Brest (14 tirs), contre 3 pour Nancy (16 tirs). La gueule de la domination outrageuse de Nancy !",0
2013-08-20T12:35:28Z,non chui pas pour grenoble car c pas parce que je suis du 38 que je supporte grenoble ! au contraire j'aime pas grenoble,0
2013-08-20T12:21:39Z,"Nancy méritait de gagner , ceux qui sont pour Brest vous avez rien compris , Nancy va remonter en ligue 1 . Allez Nancy !!!!!",0
2013-08-20T12:15:40Z,"Non non ce n'est pas hors rapport, je présume que tu est pour le Grenoble Foot 38 au vu de ton pseudo .. Alors je fais simplement une comparaison des club ",0
2013-08-20T11:58:20Z,qu'es ce que tu viens foutre dans une conversation qui ne t'ai pas adresse ?,0
2013-08-20T11:56:39Z,Nancy a juste été nul devant le but c'est la seule raison de leur défaite.,0
2013-08-20T11:53:01Z,et tu es pour qui monsieur la personne immature ? ,0
2013-08-20T11:32:21Z,Où est Grenoble?! Bha mince pas en ligue 2 ni en ligue 1 ... Je comprend que Perez est quitté ce triste club ..,0
2013-08-20T11:03:00Z,Prend pas ton club pour une généralité (triste Grenoble) .,0
2013-08-20T10:57:47Z,"brest c est des nul  nancy des mastodonte

",0
2013-08-20T10:55:37Z,ok si tu veut mais sa empeche pas que brest est bon pour la cfa et nancy aussi,0
2013-08-20T10:55:03Z,je rages pas puisque je m'en fou des 2 equipes c'est des merdes a chier les 2,0
2013-08-20T10:36:36Z,"Le but de Grougi c'est de la chance? Le sauvetage de Falette aussi c'est de la chance? Je dirais plutôt du beau boulot des Brestois et un manque d'efficacité de Nancy. Brest a mieux tenu le match que Nancy, tout ça ce n'est pas de la chance ..",0
2013-08-20T10:20:56Z,brest = chance,0
2013-08-20T10:15:33Z,Retrouvez le résumé du match de clôture de la 3ème journée de  #Ligue2 . AS Nancy Lorraine - Stade Brestois : 0-1,0
2014-04-19T22:00:50Z,Ohhhh les messin arrêter de vous la peter pck vous avez gagné les deux derby de lorraine mais nous on vois a défoncer les deux match contre Lens .Allez Lens (anti messin),2
2014-03-04T16:47:01Z,"#Ligue2 - Classement des buteurs - Leader du classement, Diafra Sakho (FC Metz) a été décisif pour la deuxième journée de suite avec le FC Metz. Mathieu Duhamel (SM Caen) a réussi un grand numéro lors de cette 26e journée, en réalisant un doublé dans les arrêts de jeu et sur deux coups de tête ! Bekamenga (Stade Lavallois) complète le podium ! http://bit.ly/1f1OJDq",8
2014-03-03T13:15:10Z,je n ai jamais compris pourquoi on se dispute entre voisin je suis née a metz a 3 ans j ai habite a nancy je prefere nancy que metz mais je n ai rien contre metz,0
2014-03-02T19:24:56Z,"Résumé pourri Pro-Metz, on voit même pas le but refusé pour Nancy et les grosses fautes sur Jeff Louis, par contre on voit les fautes de Nancy au ralenti, ça me fait bien rire...",3
2014-03-02T17:07:35Z,un petit effort et a nous la ligue 1 ici c'est metz ,1
2014-03-02T15:51:04Z,"Je suis pour Nancy depuis toujours, mais je trouve que Metz a bien jouer, même si je les aimes pas du tout. Si Metz monte, bonne chance en Ligue 1 :)
Aussi, ce serait bien que les gamineries entre Messins et Nancéins cesse, c'est du sport et une passion, pas de la bagarre.
Si les 2 équipes (Nancy et Metz) monte en L1, on aurait un derby en L1, ce serait cool :)",11
2014-03-02T10:00:13Z,"Pénalty oublié pour Metz + rouge éventuelle donc arrêtez de trouver des excuses sur l'arbitrage. De plus il y a bien hors-jeu sur le but refusé nancéien. J'ai vu le match à la télévision, le HJ est net.",13
2014-03-02T09:37:17Z,"et le but refusé a nancy ?
il montre rien dans cette vidéo",4
2014-03-02T08:33:50Z,y avais jamais hors jeu,4
2014-03-02T02:16:38Z,"Vous êtes tous minables ... On est dans la même région , et il faut que vous vous insultiez ...",4
2014-03-02T00:46:30Z,est le penalty pour rochi l'autre con de naçois aurait du avoir rouge,5
2014-03-01T23:51:06Z,"Et le but ""Hors jeux "" refuse a nancy ? ",4
2014-03-01T23:21:54Z,Ici cest Metz bande dencules de nancéiens de merde !!!,11
2014-01-19T17:45:14Z,Boulet,1
2014-01-19T10:29:43Z,il tient pas debout Walter aha on comprend mieux pourquoi ils perdent ,0
2014-01-19T07:34:04Z,"Trop laxistes . Pas d'offensivité . Déçu de ce nancy la ! Quel dommage , on va vite ce reprendre !",0
2013-12-01T09:09:20Z,Choix tactique discutable d'Antoine Kombouare en laissant sur le banc Ljuboya et Coulibaly qu'il aurait fallu mettre dès l'entame de match... Bourrigeaud est encore un peu tendre sur ce genre de match... dommage... il faut vite se ressaisir à Angers si l'on veut encore y croire car ça pousse fort derrière !!!!,1
2013-12-01T00:13:11Z,On voit pas la faute sur Chavaria dans la surface :/ !,1
2014-03-16T08:21:07Z,allez nancy !!!,1
2014-03-16T00:04:32Z,Dommage les CN,1
2014-02-16T18:40:57Z, Ps: C'était Benjamin Jeannot qui a marquer ,0
2013-08-11T08:39:17Z,"Allez Nancy <3
",0
2014-04-01T13:55:24Z,"#Ligue2 - Classement des passeurs - Leader du classement, Fayçal Fajr a conforté sa position lors de la 30e journée de Ligue 2 avec sa 11e passe décisive de la saison, sa troisième cette saison pour son coéquipier Mathieu Duhamel. Son centre repris victorieusement lui permet désormais de compter deux longueurs d’avance sur son dauphin, le Messin Kevin Lejeune. http://bit.ly/1gk9xGN",3
2014-03-30T23:34:55Z,C'te but de Jeff Louis !,3
2014-03-30T20:26:16Z,"Voilà vous avez de la chance cette fois les caennais, ça rattrappe 1 des 2 pts qu'on vous a fait perdre en vous volant. Encore 1 et c'est oublié...ou pas ",0
2014-03-30T10:55:34Z,On a vraiment pas de chance ...,0
2014-05-11T10:33:15Z,Nancy méritais largement la victoire face à l'équipe B d'Angers .,0
2014-05-11T00:29:58Z,"Jimmy poupart, tais-toi!",3
2014-05-10T22:25:43Z,Nancy mérite pas de monter en l1 ,6
2014-07-16T06:19:41Z,il a débuté à Claire Fontaine lui aussi !,1
2014-01-20T05:53:39Z,y sont ou les commentaires,0
