published-time,comment,likes
2014-04-16T11:05:57Z,Metz en ligue 1 sa serait un grand plaisir :D,1
2014-04-15T12:56:33Z,pour moi il y avait vraiment un gros problème en défense.Sur le premier but marchal est dans les choux complet il attend le rebond l'attaquant touche même pas la balle qu'il est déjà enrhumé sur le deuxième a 10 contre 11 ce prendre un contre comme ca ce retrouvé a 3 defenseur pour 2 attaquant marchal encore lui qui arrête de joué pour faire signe a un de ces pote dans le public au lieux de joué lol((je sais qu'il levait la main pour un hors jeux) il avait surement pas vu choplin  mais il couvre le hors jeux ce prends un grand pont et tacle par derrière dans la surface. Wtf on a eu de la chance de prendre un points ce jour la merci super sakho .ce match n'est pas digne du leader si vous vous voyer déjà en ligue 1 sachez que rien n est joué pour la fin de saison on peux encore prendre une veste les amis ,0
2014-02-02T00:12:00Z,"Allez dijonnais allez allez allez allez, allez les dijonnais",0
2014-01-12T21:51:36Z,Attention a ce que la moutarde ne vous monte pas au nez ! ,0
2014-01-12T16:18:37Z,"Jolie prestation de Dijon. Bonne route et bonne chance pour la Ligue 1.
                                                                                           Un supporter sochalien",0
2014-01-12T13:51:48Z,Allez dijon !,0
2014-01-12T09:22:04Z,dijon les meilleurs,0
2014-01-12T08:13:42Z,ALLEZ DIJON !!!!!!! EN ROUTE POUR LA LIGUE 1 !!!!!!!!!!,0
2014-03-25T19:04:11Z,"ICI C'EST TROYES , ALLEZ L'ESTAC !!!!!!!!!!!!!!!!!!!!",0
2014-05-10T12:51:05Z,Ça sent très mauvais pour Châteauroux ils ont encore perdus hier ça va aller très mal je pense... Ils vont être relégués  c'est à peu près sur....,0
2014-05-09T01:47:35Z,ces gagné yes,1
2013-09-26T19:18:16Z,Super mes lapins !!,0
2013-09-25T22:23:27Z,DFCO !!!,0
2014-02-16T16:52:17Z,et 1 et 2 et 3 et 3-0,2
2014-02-16T00:51:19Z,"Allez Dijon, on croit a la Ligue 1 et on se battera pour ca ! ",3
2013-08-11T19:23:14Z,Dfco objectif ligue 1 !!,0
2013-08-11T09:10:28Z,Rc lens,0
2013-08-10T23:44:04Z,"Dommage, Lens a gaché beaucoup d'occasions en 2nd mi-temps.",0
2013-08-10T23:22:50Z,allez dijon !,0
2013-08-20T07:11:44Z,et allors? l'arbitre en a décider ainsi si sa ne vous plait pas envoyer un dons à une association pour la formation des arbitres en france ; ),0
2013-08-19T11:12:02Z,la simulation flagrante de Blayac l'arbitrage qui comme tout au long du match ne prend pas le bonne decision ,0
2013-08-18T00:55:03Z,Angers en ligue 1 !!!!!!!!!!!!!!!!!!!!   :),1
2013-08-17T23:44:34Z,pfff le pénalty cadeau alors qu'il y a que dalle,1
2013-08-17T23:22:07Z,gg,0
2013-08-16T10:19:33Z,Ils sont chauds les supporters caennais torses nus,0
2013-08-11T14:23:49Z,"Allez Malherbe ! Superbe équipe, cette saison est la bonne",1
2013-08-07T22:18:57Z,Cette année c'est la bonne pour Caen on va monter en Ligue 1 <3 !,0
2013-08-06T10:11:48Z,"c'est vrai que le but de Dijon et pas mal 
mais il y a un truc qui ma soûler c'est que le public a sifflet l'entrer de nabab et après sont but il chante sont nom 
Allez malherbe et rendez-vous a laval vendredi pour la victoire ",1
2013-08-05T11:57:28Z,"ce n'est pas tres sympa de ne pas monter le but de dijon surtout qu'il est magnifique. (je suis supporter de Caen)
",1
2013-08-05T08:37:05Z,Dijon c'est les meilleur,0
2013-08-05T02:24:34Z,Kodja non plus. C'est Kodjia.,0
2013-08-05T02:03:42Z,Et le but de Dijon on ne le montre pas ?,0
2013-08-04T18:18:38Z,Allez dijon !!!!!,0
2013-08-04T15:01:18Z,Non ce n'est pas Kodja mais Kodjia :D Allez Malherbe !!,0
2013-08-04T12:44:51Z,oui jai vu mon erreur juste apres mais eu la fleme de changer lol,0
2013-08-03T23:17:07Z,godia me semble un bon joueur pour aider caen a monter en ligue 1,0
2013-08-03T22:53:12Z,"Allez Malherbe, en route pour la ligue 1 !!!! <3 ",0
2014-01-13T17:26:47Z,Allez tours fc,0
2013-09-23T05:36:52Z,"Quel scandale cette main non sifflée, même si la défaite est logique ! Encore un sacré we des arbitres...(but refusé OL-FCNA)",0
2013-09-22T02:34:04Z,Allez Tours Fc,0
2014-02-02T08:59:13Z,"Brest de plus en plus dans la merde... Va falloir qu'ils fassent une phase retour comme Monaco ya deux ans, mais sans le fric...",0
2014-02-02T00:03:46Z,Allez Dijon on croit encore a la ligue 1 ! On ne lachera rien !! #ForzaDijon ,3
2014-01-20T22:49:20Z,"Franchement le rouge direct est très sévère et même injustifié surtout si il a déjà un jaune autant lui en remettre un et le résultat est le même. Et le premier but de Lens est bien Hors jeu mais si on regarde bien l'arbitre de touche est totalement à la ramasse, beaucoup trop loin de l'action",1
2014-01-20T17:40:39Z,"Au moins on a su réagir !
La saison passée, ça aurait fini en correction, donc c'est un bon point vu le début de match !
Allez Lens",0
2014-01-20T10:28:45Z,"#Ligue2 - 20e journée - En attendant le match de clôture de la 20e journée FC Metz / US Créteil ce soir à 20h30 sur Eurosport, retrouvez tous les buts des matchs de vendredi et samedi grâce à notre playlist sur la chaîne officielle YouTube !",1
2014-01-19T20:48:04Z,Tout ce que Dijon c faire c de la moutarde,3
2014-01-19T20:45:27Z,Allez lens,0
2014-01-19T13:04:17Z,Allez dijon !,1
2014-01-19T09:42:14Z,Domage quils ne passent pas le penalty non siffler sur Coulibaly a la 90 ème !! ,1
2014-01-19T09:38:11Z,l'arbitre est bigleu sur le 1er but de lens il y avait hors jeux . aller dijon ,0
2014-05-01T06:20:57Z,DFCO !!!!,0
2014-04-28T13:53:12Z,Forza Nancy ( même si j'aime bien le jeu de Dijon),0
2014-04-28T05:54:02Z,Très belle victoire mais le dfco s'est réveillé un peux tard pour la montée,1
2014-04-27T22:14:48Z,Vive le dfco j'y était un match de dingue,5
2014-04-27T01:41:41Z,...,0
2014-03-01T23:32:42Z,"J'étais à Gaston Gérard vendredi et Dijon méritait amplement de gagner ! Creteil a simplement marqué sur leur deux seules occasions franches et ce résumé ne montre pas toutes celles dijonnaises, on surdominait ce match et on aurait mérité 3 pénaltys, pas qu'un !
Bref il faut se ressaisir on croit toujours à la promotion ! DFCO #LingonsBoys",1
2014-02-08T23:55:41Z,aller  dijon,3
2014-04-20T12:03:14Z,Super Qualité de Video ! Ouaaaaou !,1
