publish_date,title,view_count
2014-04-15T10:00:02Z,Dijon FCO - FC Metz (2-2) - 14/04/14 - (DFCO-FCM) - Résumé,7082
2014-01-11T23:00:01Z,Dijon FCO - FC Istres (4-1) - 10/01/14 - (DFCO-FCIOP) -Résumé,3708
2013-09-14T22:00:04Z,CA Bastia - Dijon FCO (0-0) - Le résumé (CAB - DFCO) - 2013/2014,2192
2014-03-22T23:00:00Z,ESTAC Troyes - Dijon FCO (2-0) - 21/03/14 - (ESTAC-DFCO) - Résumé,2418
2014-05-07T22:00:01Z,Dijon FCO - Châteauroux (2-1) - 06/05/14 - (DFCO-LBC) - Résumé,2552
2013-09-25T22:00:09Z,US Créteil - Dijon FCO (1-3) - Le résumé (USCL - DFCO) - 2013/2014,3241
2014-02-15T23:00:02Z,Dijon FCO - CA Bastia (3-0) - 14/02/14 - (DFCO-CAB) - Résumé,3241
2013-08-10T22:00:11Z,Dijon FCO - RC Lens (1-1) - Le résumé (DFCO - RCL) - 2013/2014,13121
2013-08-17T22:00:11Z,Dijon FCO - Angers SCO (1-3) - Le résumé (DFCO - SCO) - 2013/2014,8945
2013-08-03T22:00:12Z,SM Caen - Dijon FCO (3-1) - Le résumé (SMC - DFCO) - 2013/2014,19306
2013-09-21T22:00:12Z,Dijon FCO - Tours FC (2-0) - Le résumé (DFCO - TOURS) - 2013/2014,3960
2014-02-01T23:00:01Z,Dijon FCO - Stade Brestois 29 (3-0) - 31/01/14 - (DFCO-SB29) -Résumé,3001
2014-01-18T23:00:04Z,RC Lens - Dijon FCO (2-2) - 18/01/14 - (RCL-DFCO) -Résumé,15559
2014-04-26T22:00:02Z,Dijon FCO - Nîmes Olympique (5-1) - 25/04/14 - (DFCO-NIMES) - Résumé,11293
2014-03-01T23:00:00Z,Dijon FCO - US Créteil (2-2) - 28/02/14 - (DFCO-USCL) - Résumé,2539
2014-02-08T23:00:01Z,Stade Lavallois - Dijon FCO (0-0) - 07/02/14 - (LAVAL-DFCO) -Résumé,1344
2014-04-19T22:00:01Z,AS Nancy-Lorraine - Dijon FCO (2-1) - 18/04/14 - (ASNL-DFCO) - Résumé,4865
2013-08-10T18:52:31Z,Conférence de presse Dijon FCO - RC Lens (1-1) - 2013/2014,261
2014-04-14T22:04:07Z,Conférence de presse Dijon FCO - FC Metz (2-2) - 2013/2014,516
2014-01-11T17:59:08Z,Conférence de presse Dijon FCO - FC Istres (4-1) - 2013/2014,118
2014-04-26T17:03:09Z,Conférence de presse Dijon FCO - Nîmes Olympique (5-1) - 2013/2014,189
2013-10-20T22:40:19Z,FC Sochaux - AS Monaco - But de Lopy en live !!! 20/10/13,175
