publish_date,title,view_count
2013-09-03T04:39:22Z,Sion M21 - Bellinzona,483
2014-01-25T23:00:01Z,Stade Lavallois - Clermont Foot (0-0) - 24/01/14 - (LAVAL-CF63) -Résumé,940
2014-07-06T22:00:02Z,Subvention de 200 000 euros pour Le Mans FC,314
2014-03-17T09:06:18Z,But | Football | S-Arena | Diawara.ibrahim,88
2013-08-29T15:46:26Z,&quot;Complètement Foot&quot; et &quot;Goal&quot; fusionnent: les explications de notre envoyé très spécial,640
2013-11-29T08:30:31Z,1 [DH] Le Mans FC - JS Coulaines : 3 - 2,402
2013-11-30T16:58:27Z,La Roche 1-1 Le Mans FC Féminine,210
