published-time,comment,likes
2014-05-28T14:48:57Z,Cucu ,0
2014-05-08T01:53:19Z,What a flick by Atik!,0
2014-05-19T17:42:24Z,fissure vertebre cervicale quel coup de genou!,0
2014-05-19T16:31:01Z,Oh comme c'est dommage pas de ligue Europa pour l'OM!!! :'( A nous l'Europe!!!!! Allez l'OL!!!,1
2014-05-19T05:20:49Z,Steve a pris chère le pauvre ,0
2014-05-18T22:17:57Z,"Un grand bravo a Yatabaré ! (Pour Ruffier) 
En même temps il ne peut pas l'éviter ! ",0
2014-05-18T17:19:11Z,"Qu'est ce qu'il y avait au vélodrome, pour avoir autant de traces de terrains dont je n'ai pas reconnues ?",0
2014-05-18T14:17:57Z,Mandanda va peut etre pas disputer la Coupe du monde 2014,1
2014-05-18T13:54:34Z,"ils font chier...ce maillot ressemble à celui de lyon, on a un gris et noir qui ne porte aucune couleur marseillaise....alalalalalala
aux aaaaaaaaaaaaarmes (malgré tout et malgré les dirigeants incapables)",0
2014-05-18T12:25:24Z,Pas d' Europa orage la saison prochaine pour l'OM :(,0
2014-05-18T10:53:22Z,Domage pour mandanda je suis pas content :(,2
2014-05-18T07:57:57Z,"cool,pauvre mandanda",4
2014-05-18T07:26:36Z,"La coupe de France les gars, bravo pour se match, bon rétablissement #S.Mandanda",4
2014-05-18T03:55:51Z,Dommage l'OM ne disputera pas la League Europa :-(,7
2013-11-12T17:41:46Z,"Un bon point pour le LOSC vu les absents ;-)
",0
2013-11-11T22:40:15Z,Guingamp,0
2013-11-11T09:50:14Z,"Vous supportez une équipe de Ligue 1 ? Votez pour elle dans le sondage ""Quel club préféré vous en Ligue 1 ?"" . Gratuit et sans abonnement : http://www.pixule.com/sondages/sport/foot/215780772662_quel-club-prefere-vous-en-ligue-1.html",0
2013-11-10T23:52:39Z,Les guingampais ont réparés leur pelouse avec smecta ou bien?,0
2014-01-29T19:50:57Z,"La fille au début du résumé est magnifique *_* Sinon, bon résumé :-p",1
2013-10-03T14:50:13Z,J'aime le tifos de l ARN,1
2013-10-01T16:41:07Z,"Bien Dit ! ^_^

",0
2013-09-30T16:57:32Z,Bien joué pour vos commentaires intelligents les Guigampais. On voit tout de suite le niveau... sinon je suis d'accord avec toi EvoGame Kalen,0
2013-09-30T11:45:17Z,"Résumé de merde, mise a part en fin de match Nice n'as jamais étais inquiété ... ",1
2013-09-30T09:44:28Z,Third,0
2013-09-30T02:01:12Z,First,0
2013-10-29T08:03:16Z,Memo :'( sans desfense FORZA AIACCIU,0
2013-10-28T01:46:00Z,Con todo y las atajadas de Ochoa no basta esa defensa no ayuda en nada siempre le ganan las espalda en los centros suerte para el AC y para OCHOA 1,0
2014-01-20T16:40:25Z,Guerreiro dans l'axe dans la défense ? C'est quoi les commentaires la ?,4
2013-12-02T19:01:12Z,Et le ciseau retourné de Kirikou en première période !,0
2013-12-02T11:24:35Z,"encore un parcage visiteur blindé, plus une trentaine de nantais a coté du parcage. Les nantais sont la !",0
2013-12-02T09:55:35Z,Encore des nantais qui ragent :) ,2
2013-12-02T07:27:20Z,"il faut avouer que nantes a merdé , mais franchement le but aurait pû être refusé , vizcarrondo était au sol , on l'aperçois bien putain",2
2013-12-01T23:25:13Z,Allez guingamp!,2
2013-12-01T23:23:07Z,Des vrais chiens ces guingampais qui continuent a jouer alors qu ils voient bien un joueur a terre,2
2014-05-08T23:21:17Z,Les joueurs de Monaco y sont allés pour les suppor.....l'argent ,0
2014-05-08T21:03:07Z,Bravo  Guinguamp j'espère que vous arriverez à vous maintenir tout comme Sochaux ! ;),0
2014-05-08T12:46:31Z,ALLEZ GUINGAMP,2
2014-05-08T10:54:47Z,Voila ce que c'est la Ligue 1 ( que j'adore tout de même ) : Le premier perd à domicile contre le 15e et le second fait un nul à domicile contre le 16e !,2
2014-05-08T09:35:21Z,Aller sochaux ,0
2014-05-08T08:23:04Z,"Beau but de Guingamp dans la finition.
Zlatan met le même ça fait le tour du monde.",4
2014-05-08T04:35:03Z,Ptdr le coup de tete de Diallo il a gérer xDDDDD sur toulalan,0
2014-05-08T04:15:52Z,guingamp vous méritez de rester en L1,7
2014-05-08T00:05:35Z,Nique guinganp VIVE SOCHAUX ♥♥♥,0
2014-04-15T20:32:58Z,"""Enlevez vos cravates et mettez vos écharpes"" BL99",1
2014-04-14T17:28:50Z,Cool les Nantais sont pratiquement sauvés j'espère que Guingamp va faire de même au moins 2 vrais clubs avec 1 vrai public c'est pas pour rien que ce soit les 2 1ers au classement des supporters ,1
2014-04-14T16:59:31Z,"Dans la douleur? N'importe quoi il y a eu 1 poteaux de Gakpé, 1 retourné de Cissokho qui a froler la barre transversale, 1 frappe de Veigneau, 1 tête de Bangoura. Et tout sa cadré il ont dit n'importe quoi dans leurs résumer.",2
2014-04-14T15:46:52Z,Match moyen mais très beau match dans les tribunes le premier contre le deuxième même si la Tribune Loire était fermée .. Dommage ..,1
2014-04-14T15:06:57Z,C'est quoi se résumé pourris ? Et les deux faces à faces de Nantes ils sont ou ? ,0
2014-04-14T12:30:41Z,Nantais un jour Nantais toujours <3,4
2014-04-14T11:02:28Z, #FCN  <3 <3,3
2014-04-14T10:18:10Z,Mr Thiriez a aimé les 10 premières minutes.,3
2014-04-14T07:45:13Z,Nantes!!! <3,4
2014-04-13T23:29:35Z,Très bon match de Nantes ! allez ! Encore une victoire et c'est dans la poche :D,5
2014-04-13T23:07:23Z,"Le résumé est pas vraiment complet, y'a eu quelques occasions du côté de Nantes qui n'ont pas été relevé c'est dommage.
Allez le FCN, le maintien est pratiquement acquis ! :)",12
2013-10-29T19:24:50Z,Claudio Beauvue ou plutôt Claudio Beaubut ;),1
2013-10-28T12:30:29Z,incroyable le 1er but des bretons :),0
2013-10-28T12:28:04Z,"ça fait plaisir gimgamp, vous donner l'envie de jouer ( de la part d'un supporter nantais )",1
2013-10-28T08:58:42Z,Allez Guingamp,0
2013-10-28T06:54:02Z,"la verdad que si, Ochoa no puede hacer todo en el equipo pero, el ajaccio no juega tan mal lo que pasa es que no concreta las jugadas e visto los resúmenes y hay partidos en los que pudiese haber ganado pero no concretan un gol. ojala Ochoa se vaya a un club mas grande y a otra liga, para poder con solidarse como uno de los mejores arqueros de Europa.  ",0
2013-10-28T03:35:29Z,Ochoa ya deberia de salir de ese equipo mediocre el Sr merece algo mas,0
2013-10-28T03:28:45Z,C'est dommage on ne voit pas la sortie de tallo un grand philosophe,0
2013-10-28T02:30:25Z,Comme Nantes...,0
2013-10-27T23:57:42Z,Guingamp joue très bien alors qu'il sont arrivé cette année,0
2013-10-27T23:24:40Z,Allez Guingamp!!!!,0
2013-10-27T23:19:08Z,Beauvue Enorme!,0
2014-05-19T17:37:40Z,REMAKE 2009 !!!!!,2
2014-05-17T09:30:22Z,Merci de nous faire revivre ces émotions! magnifique montage.,3
2014-05-16T18:54:51Z,Quelle est la musique de fond ??? Merci!,1
2014-05-09T09:21:36Z,Super montage,2
2014-05-06T09:55:43Z,"La video de la finale :
http://youtu.be/f3WH0mp5B2k",7
2014-04-23T16:36:49Z,Putain que du bohneur!!!!!!! On est en finale !! merci pour ce super montage,7
2014-04-22T22:36:44Z,Superbe montage !! Merci beaucoup :),14
2014-06-09T13:46:19Z,Un arbitrage honteux comme d'habitude en france,0
2013-11-29T18:35:18Z,l arbitre est aveugle .,0
2013-11-26T06:43:47Z,Can somebody explane why cabella isn't with France team ?,0
2013-11-26T06:42:24Z,Guingamp à volé le nul...,0
2013-11-25T22:04:38Z,Allez guingamp!,1
2014-05-11T14:58:28Z,Bravo Guingamp ! (d'un supp des croix),0
2014-05-11T12:59:01Z,3:03 ,0
2014-05-11T12:28:06Z,Bienjoué Guimgamp !!!,0
2014-05-11T10:05:55Z,CLAUDIOOOO BEAUBUTTTTT! ,3
2014-05-11T07:10:33Z,"C'est bien que cette équipe reste en L1! Elle mérite d'y être, tout comme Sochaux!",4
2014-05-11T00:16:07Z,Première vu ,0
2014-04-28T15:10:10Z,Beauvue !! Un monstre de la tête .,5
2014-04-27T22:09:24Z,First,0
2014-01-14T17:22:44Z,Guingamp à bien joué mais méritait de gagné ! :D,1
2013-11-02T10:15:17Z,Ou guimguand allez l ol,0
2013-11-01T11:05:30Z,Allez  evuan,0
2013-11-01T11:04:25Z,Ou  evian,0
2013-11-01T09:25:31Z,Guingamp ♥ ,0
2013-10-31T10:34:34Z,Aller les croix !!,0
2014-05-07T22:15:49Z,,0
2014-01-20T05:53:39Z,y sont ou les commentaires,0
2013-09-01T10:18:39Z,"Alex est tellement fort qu'il fait en même temps faute, main et csc !",0
2013-08-30T17:23:31Z,"Et vos gueules ?
",0
2013-08-29T18:58:51Z,Et du steak ?,0
2013-08-28T09:27:07Z,Et de la choucroute ?,0
2013-08-25T22:31:12Z,FCN <3,0
2013-08-25T22:20:43Z,First !!!!!!!!!,0
2014-04-06T22:10:59Z,First,0
2014-02-02T01:22:51Z,,0
2014-01-26T23:21:09Z,<3,1
