publish_date,title,view_count
2014-05-18T05:19:56Z,Olympique de Marseille - EA Guingamp (1-0) - Highlights - 17/05/14 - (OM-EAG),7452
2014-04-13T22:00:02Z,FC Nantes - EA Guingamp (1-0) - 13/04/14 - (FCN-EAG) - Highlights,1167
2013-09-29T22:00:02Z,OGC Nice - EA Guingamp (1-0) - Highlights (OGCN - EAG) - 2013/2014,1504
2013-11-10T23:00:00Z,EA Guingamp - LOSC Lille (0-0) - Highlights (EAG - LOSC) - 2013/2014,1227
2014-01-19T23:00:03Z,FC Lorient - EA Guingamp (2-0) - 18/01/14 - (FCL-EAG) -Highlights,1570
2013-11-24T23:00:01Z,Montpellier Hérault SC - EA Guingamp (1-1) - Highlights (MHSC - EAG) - 2013/2014,1049
2014-05-07T22:00:01Z,AS Monaco FC - EA Guingamp (1-1) - 07/05/14 - (ASM-EAG) - Highlights,2862
2014-05-11T02:27:23Z,EA Guingamp - Toulouse FC (2-0) - Highlights - 10/05/14 - (EAG-TFC),1043
2014-05-18T02:51:33Z,Olympique de Marseille - EA Guingamp (1-0) - Résumé - 17/05/14 - (OM-EAG),63896
2013-11-10T23:00:01Z,EA Guingamp - LOSC Lille (0-0) - Le résumé (EAG - LOSC) - 2013/2014,8264
2013-09-29T22:00:02Z,OGC Nice - EA Guingamp (1-0) - Le résumé (OGCN - EAG) - 2013/2014,14079
2013-12-01T23:00:01Z,EA Guingamp - FC Nantes (1-0) - 30/11/13 -  (EAG - FCN) - Highlights,3056
2013-10-27T23:00:01Z,EA Guingamp - AC Ajaccio (2-1) - Highlights (EAG - ACA) - 2013/2014,2814
2014-01-19T23:00:03Z,FC Lorient - EA Guingamp (2-0) - 18/01/14 - (FCL-EAG) - Résumé,9080
2013-12-01T23:00:02Z,EA Guingamp - FC Nantes (1-0) - 30/11/13 - (EAG - FCN) - Résumé,12987
2014-01-12T23:00:01Z,EA Guingamp - AS Saint-Etienne (0-0) - 11/01/14 - (EAG-ASSE) -Highlights,1798
2013-12-22T23:00:02Z,Toulouse FC - EA Guingamp (0-0) - 21/12/13 -  (TFC - EAG) - Highlights,1270
2014-05-07T22:00:01Z,AS Monaco FC - EA Guingamp (1-1) - 07/05/14 - (ASM-EAG) - Résumé,20729
2014-04-27T22:00:02Z,EA Guingamp - Valenciennes FC (1-0) - 26/04/14 - (EAG-VAFC) -Highlights,526
2014-04-13T22:00:03Z,FC Nantes - EA Guingamp (1-0) - 13/04/14 - (FCN-EAG) - Résumé,15363
2013-10-27T23:00:01Z,EA Guingamp - AC Ajaccio (2-1) - Le résumé (EAG - ACA) - 2013/2014,16926
2014-04-18T17:18:20Z,EA Guingamp - AS Monaco : En route pour la finale de la coupe de France 2014,124609
2013-12-22T23:00:02Z,Toulouse FC - EA Guingamp (0-0) - 21/12/13 - (TFC - EAG) - Résumé,3446
2013-11-24T23:00:02Z,Montpellier Hérault SC - EA Guingamp (1-1) - Le résumé (MHSC - EAG) - 2013/2014,9191
2014-05-11T00:15:37Z,EA Guingamp - Toulouse FC (2-0) - Résumé- 10/05/14 - (EAG-TFC),13944
2014-04-27T22:00:04Z,EA Guingamp - Valenciennes FC (1-0) - 26/04/14 - (EAG-VAFC) - Résumé,9710
2014-01-12T23:00:02Z,EA Guingamp - AS Saint-Etienne (0-0) - 11/01/14 - (EAG-ASSE) -Résumé,6075
2013-10-31T06:00:01Z,EA Guingamp - Evian TG FC (1-2) - Le résumé (EAG - ETG) - 2013/2014,8350
2014-05-07T22:00:02Z,But Fatih ATIK (85&#39;) - AS Monaco FC-EA Guingamp (1-1) - 07/05/14 - (ASM-EAG),1624
2013-10-20T22:00:01Z,Goal Ladislas DOUNIAMA (78&#39;) - Evian TG FC - EA Guingamp (1-2) - 2013/2014,447
2013-11-10T23:00:01Z,But Nemanja PEJCINOVIC (70&#39;) - Paris Saint-Germain - OGC Nice (3-1 - 2013/2014,2565
2014-03-02T23:00:02Z,But Thibault GIRESSE (39&#39;) - Stade Rennais FC-EA Guingamp (0-2) - 01/03/14 - (SRFC-EAG),1351
2014-03-02T23:00:02Z,Stade Rennais FC - EA Guingamp (0-2) - 01/03/14 - (SRFC-EAG) - Highlights,2373
2014-01-28T18:37:15Z,Wilfried Domoraud (highlights),3394
2013-10-06T22:00:01Z,But Jérémy SORBON (47&#39;) - EA Guingamp - Stade Rennais FC (2-0 - 2013/2014,1324
2014-05-01T17:50:20Z,"Effervescence à Guingamp, finaliste de la Coupe de France",1684
2014-01-19T23:00:02Z,But Yann JOUFFRE (8&#39;) - FC Lorient-EA Guingamp (2-0) - 18/01/14 - (FCL-EAG),635
2013-09-26T22:00:01Z,Goal Christophe MANDANNE (9&#39;) - EA Guingamp - FC Sochaux-Montbéliard (5-1) - 2013/2014,95
2013-08-25T22:18:16Z,But ALEX (52&#39; csc) - FC Nantes - Paris Saint-Germain (1-2 - 2013/2014,3938
2014-04-06T22:00:02Z,But Mustapha YATABARE (61&#39;) - EA Guingamp-Montpellier Hérault SC (1-2) - 05/04/14 - (EAG-MHSC),593
2014-05-14T12:19:50Z,Guingamp-Monaco en demi-finale de coupe de france,199
2014-04-20T22:00:02Z,Goal Moustapha DIALLO (29&#39;) - Girondins de Bordeaux-EA Guingamp (5-1) - 20/04/14 - (FCGB-EAG),153
2014-04-06T22:00:03Z,But Jérémy SORBON (25&#39; csc) - EA Guingamp-Montpellier Hérault SC (1-2) - 05/04/14 - (EAG-MHSC),379
2014-02-02T23:00:02Z,Goal Rachid ALIOUI (55&#39;) - SC Bastia-EA Guingamp (3-2) - 01/02/14 - (SCB-EAG),201
2014-01-25T22:50:40Z,GUINGAMP 1-1 PSG/ Ligue 1 25.01.2014,57
2014-02-01T01:46:18Z,Wilfried MOIMBE Highlights,1650
2014-01-26T23:00:02Z,But Mustapha YATABARE (84&#39;) - EA Guingamp-Paris Saint-Germain (1-1) - 25/01/14 - (EAG-PSG),6721
2014-05-03T23:46:26Z,Coupe de France / Sankharé : &quot;Il faut profiter&quot; - 03/05,292
2014-05-14T12:40:42Z,fin du match Guingamp-Monaco (3-1) avec les suporters en pure folie,838
2014-04-21T09:40:57Z,Les extras du match Bordeaux-Guingamp,1169
