published-time,comment,likes
2014-05-04T07:39:00Z,Allez tours fc,0
2014-03-24T10:22:45Z,Bravo au TFC pour ça victoire et au CA Bastia qui ne lâche rien et font honneur au football français,0
2014-03-24T10:21:34Z,Bravo au TFC pour ç,0
2014-05-16T20:07:04Z,y a personne au stade mdr la honte !!!,1
2014-03-17T12:03:21Z,Aller le sco,0
2014-03-16T21:54:28Z,Affligeant l'estac ..,0
2014-03-16T14:17:45Z,aller le sco quils les ont battu a 1 a 0 ,0
2014-03-16T00:00:22Z,Bien joué le CAB,1
2014-05-12T20:45:26Z,L'arbitre ne valait rien ! Ils sifflait beaucoup trop et n'accorde pas un but niortais ( sans raison valable) puis accorde le but bastiais qui lui est hors-jeu wtf?!,0
2014-05-10T22:22:16Z,"Dommage pour bastia
",1
2014-05-20T20:49:56Z,Pourquoi il y a persone?,0
2014-04-27T08:35:18Z,Cab,0
2014-02-16T16:52:17Z,et 1 et 2 et 3 et 3-0,2
2014-02-16T00:51:19Z,"Allez Dijon, on croit a la Ligue 1 et on se battera pour ca ! ",3
2014-02-11T06:43:12Z,"J'aime bien Chateauroux, j'espère qui vont se maintenir et ensuite monter en L1.
Un supporter de L'OL",2
2014-02-11T00:20:07Z,match truqué sa,0
2014-02-09T08:53:47Z,"Et oui les gars,tout le monde critique la Berri mais on est en train de prouver !!!! Le maintien moi j'y crois!Alles les bleus et rouges !!!!",2
2014-07-16T15:42:37Z,Très beaux ciseaux acrobatique.,0
2014-06-20T17:27:15Z,J'espere que vous allez faire des resumé de chaque journée comme la ligue 1 la saison prochaine Ligue 2 (Officiel),0
2014-06-20T17:22:37Z,merci pour la video (il etait temps^^),0
2014-06-20T17:10:26Z,4 mois plus tard mdrr,1
2014-06-19T22:43:05Z,Ligue 2 mettez les 24buts de Delort aussi svp,0
2014-06-18T15:21:58Z,n’empêche le but est magnifique ! :) ,0
2014-06-18T15:09:43Z,WTF c'est la coupe du monde à Brest ?,0
2014-06-18T14:58:29Z,Pourquoi ? :O,0
2014-06-18T13:50:46Z,Oui WTF on est d'accord!,0
2014-06-18T13:44:37Z,Euh wtf!?,4
2014-04-07T21:21:15Z,Quelle tristesse ce grand stade vide ... au moins autant que le nombre de vues de la vidéo ...,0
2014-04-06T10:20:12Z,LeBiihan qui fait le show après son but alors qu'il n'a qu'à pousser le ballon au fond des filets et après son raté ça me fait rire,1
2014-04-06T08:51:03Z,Chut,1
2014-04-06T07:34:02Z,C'est quoi l'intéret de se payer un grand stade pour qu'il soit vide à chaque match ?,1
2014-04-13T07:46:26Z,1:15 Y avait péno...,1
2014-01-20T19:23:57Z,Cool le maillot du tfc,0
2013-10-22T07:55:31Z,allez Tours FC on vous aime!!!!!!!!!!!,0
2013-10-21T17:50:44Z,Bravo Tours ! Allez TFC,0
2013-10-20T11:11:03Z,"C'est vraiement super, ces résumé, pour suivre son équipe
Allez TFC !",0
2013-10-20T00:50:40Z,Allez Tours Fc,0
2014-04-20T00:04:41Z,"Et la tête de Diafra Sakho sur le poteau, on ne la met pas ? Si ce n'est pas une occasion, je ne sais pas !",7
2014-02-24T10:33:21Z,Shen genazvale Zango ra goli gaitana! :D,0
2014-02-03T21:02:08Z,quel buttttt ! SCOOO,0
2014-02-02T22:58:59Z,Ce But oulalalala,0
2014-02-02T08:58:11Z,Rien à faire que le but soit chanceux l'important ce sont les 3 points ,0
2014-02-02T07:26:17Z,"but on ne peut plus chanceux, yattara a d'ailleurs lui-meme avoué qu'il voulait centrer...",0
2014-02-01T23:33:35Z,Magnifique but ! ,0
2014-02-01T23:20:16Z,C'est ça le SCO !!,3
2014-05-19T12:42:55Z,#Ligue2 - Retrouvez les résumés des matchs de la 38e journée sur la chaîne officielle Youtube ! http://bit.ly/1p5NBps,3
2014-05-19T10:27:33Z,Allez lens on est en ligue 1 on est en ligue 1 on est on est on et en ligue 1,2
2014-05-18T09:09:50Z,on est en ligue 1 <3 lens,3
2014-05-18T08:03:43Z,Pour une fois qu'il y a un peu d'ambiance dans le match du CA Bastia a domicile,6
2014-01-24T20:37:09Z,"la meme deain,tfc !",0
2014-01-19T19:54:04Z,Tours fc la ligue 1 c'est pour vous!,1
2013-08-19T07:39:20Z,"Parle pour toi, moi je n'ai que des vidéos foot proposées à la fin.. ça dépend peut-être de ce que tu regardes sur YT..",0
2013-08-18T15:21:12Z,"y'a un truc que je comprend pas sur ces vidéos à la fin du temps,you tube nous met un tas d'autre vidéos ,la plus part de foot et y'en a toujours une qui n'a rien à voir avec le foot mais qui est politique ou religieuse (je veut dire traitant de ces sujets )comment sont mis ces priorités honteuse pour la pluralité religieuse et politique,marre de ce pays et du monde également,ces emmerdeurs et fous de ces sujets nous bassine et nous canalise,je déteste ces pratiques honteuses pour la démocratie ",0
2013-08-18T07:46:15Z,Super match les gars !,0
2014-03-30T11:00:53Z,le terrain a la varicelle?,4
2014-03-30T08:35:58Z,Bien joué Bastia ! On pourrait presque encore se maintenir...,0
2014-07-05T14:41:49Z,J'habite a caen :) dans le calvados (14) ;),9
2014-05-07T13:21:12Z,,0
2014-05-04T10:14:33Z,"5-1 a l'allé, 6-1 au retour ...",1
2014-05-04T08:08:06Z,Faycal est vraiment un mgicien sur coup franc !!! ♥,3
2014-05-04T08:08:04Z,Faycal est vraiment un mgicien sur coup franc !!! ♥,2
2014-05-04T07:27:18Z,"Bravo pour ces 3 magnifiques coups-francs marquée, également bravo pour la victoire du SMC",4
2014-05-04T07:09:35Z,la manque le penalty raté de Caen dans ce résumé,0
2014-05-04T07:03:40Z,Ils ont vraiment un gardien en carton le CAB,8
2014-05-04T00:45:27Z,Caen <3 <3 <3,4
2014-05-03T22:20:08Z,Ils auraient pu attribuer le 1er but a Fajr.. Enfin bon belle victoire qui bien que paraissant facile est très importante pour la montée.,1
2014-05-03T22:10:34Z,Caen Caen En Ligue 1,2
2014-03-11T16:02:42Z,"#Ligue2 - Classement des buteurs - Deuxième du classement avec 14 buts, l’indispensable Christian Bekamenga compte à lui seul pour 45% des buts du Stade Lavallois en Ligue 2 et se rapproche du leader Diafra Sakho (15 réalisations). Mathieu Duhamel complète le podium ! On attend vos commentaires ! http://bit.ly/1ghJJze",2
2014-03-09T00:02:30Z,C'est nouveau les écrans publicitaires Sur les côtés,0
2014-01-19T17:45:14Z,Boulet,1
2014-01-19T10:29:43Z,il tient pas debout Walter aha on comprend mieux pourquoi ils perdent ,0
2014-01-19T07:34:04Z,"Trop laxistes . Pas d'offensivité . Déçu de ce nancy la ! Quel dommage , on va vite ce reprendre !",0
2013-09-04T21:51:29Z,FC Bourg-Peronnas !!!!!!!,0
2013-09-04T11:47:35Z,DUNKERQUE !!!,0
2013-09-04T10:56:56Z,go fuck yourself,0
2013-09-04T09:41:23Z,first,0
