publish_date,title,view_count
2014-03-22T23:00:01Z,Tours FC - CA Bastia (1-0) - 21/03/14 - (TOURS-CAB) - Résumé,2466
2014-01-11T23:00:00Z,CA Bastia - Chamois Niortais (0-3) - 10/01/14 - (CAB-NIORT) -Résumé,2410
2014-03-15T23:00:01Z,CA Bastia - ESTAC Troyes (1-0) - 14/03/14 - (CAB-ESTAC) - Résumé,3080
2014-05-10T22:00:01Z,Chamois Niortais - CA Bastia (1-1) - Résumé - 09/05/14 - (NIORT-CAB),1926
2014-04-26T22:00:01Z,CA Bastia - AC Arles Avignon (2-2) - 25/04/14 - (CAB-ACA) - Résumé,3024
2014-02-15T23:00:02Z,Dijon FCO - CA Bastia (3-0) - 14/02/14 - (DFCO-CAB) - Résumé,3241
2014-02-08T23:00:00Z,CA Bastia - Châteauroux (1-4) - 07/02/14 - (CAB-LBC) -Résumé,4148
2014-06-18T13:38:12Z,CA Bastia - Stade Brestois 29 (0-1) - 24/02/14 - (CAB-SB29) -Résumé,1813
2014-04-05T22:00:02Z,Havre AC - CA Bastia (1-0) - 04/04/14 - (HAC-CAB) - Résumé,2278
2014-04-12T22:00:01Z,CA Bastia - Nîmes Olympique (0-0) - 11/04/14 - (CAB-NIMES) - Résumé,1409
2014-01-25T23:00:01Z,CA Bastia - FC Istres (2-2) - 24/01/14 - (CAB-FCIOP) -Résumé,2334
2013-10-19T22:00:01Z,CA Bastia - Tours FC (1-2) - Le résumé (CAB - TOURS) - 2013/2014,6556
2014-05-07T22:00:01Z,CA Bastia - Clermont Foot (1-1) - 06/05/14 - (CAB-CF63) - Résumé,2361
2014-04-19T22:00:01Z,FC Metz - CA Bastia (1-0) - 18/04/14 - (FCM-CAB) - Résumé,4586
2014-02-01T23:00:01Z,Angers SCO - CA Bastia (1-0) - 31/01/14 - (SCO-CAB) -Résumé,7578
2014-05-17T22:00:01Z,CA Bastia - RC Lens (0-2) - Résumé - 16/05/14 - (CAB-RCL),19235
2013-08-17T22:00:11Z,Châteauroux - Tours FC (0-4) - Le résumé (LBC - TOURS) - 2013/2014,8994
2014-03-01T23:00:01Z,CA Bastia - AJ Auxerre (0-0) - 28/02/14 - (CAB-AJA) - Résumé,2140
2014-03-29T23:00:01Z,CA Bastia - US Créteil (3-1) - 28/03/14 - (CAB-USCL) - Résumé,5198
2014-05-03T22:00:01Z,SM Caen - CA Bastia (6-1) - Résumé - 02/05/14 - (SMC-CAB),52172
2014-03-08T23:17:12Z,Stade Lavallois - CA Bastia (2-0) - 07/03/14 - (LAVAL-CAB) - Résumé,3052
2014-01-18T23:00:04Z,AS Nancy-Lorraine - CA Bastia (0-1) - 17/01/14 - (ASNL-CAB) -Résumé,4054
2013-09-04T09:13:18Z,Championnat National - Journée 4 - Les buts,7322
2014-03-08T01:29:42Z,resume lap uzes,720
2013-10-16T17:47:53Z,Episode 5 Bilan après 5 matchs de championnat,180
2013-12-17T10:26:44Z,PARIS LE CLUB ! #09,319
