publish_date,title,view_count
2013-10-20T22:00:01Z,Montpellier Hérault SC - LOSC Lille (0-1) - Highlights (MHSC - LOSC) - 2013/2014,2027
2013-10-20T22:00:01Z,Montpellier Hérault SC - LOSC Lille (0-1) - Le résumé (MHSC - LOSC) - 2013/2014,18266
2014-01-19T21:19:35Z,Matijas Jonathan in Phuket FC 1-0 Pattalung FC 2011 PART 1 PARTIE 1,513
2014-01-22T12:56:24Z,Matijas Jonathan in Songkhla United 0-1 Bangkok United PART 3 PARTIE 3,85
2013-09-29T22:00:02Z,But CARLAO (18&#39;) - FC Sochaux-Montbéliard - Valenciennes FC (2-0 - 2013/2014,690
2014-01-22T10:48:38Z,"Coupe de France : Buts de Marseille-Nice : 4-5, 16èmes de finale",33888
2014-02-20T12:40:06Z,Mhsc - Nice : la dernière du REY,61
2013-09-03T15:37:32Z,REMY CABELLA | ALL GOALS &amp; ASSISTS | 2012/13 |,837
2013-12-19T06:00:00Z,But Abdoulaye DOUCOURE (52&#39;) - Stade Rennais FC-Girondins de Bordeaux (1-2) - (1/8 de finale),600
2014-02-03T22:58:20Z,Conférence de presse AS Nancy-Lorraine - Havre AC (3-2) - 2013/2014,410
