publish_date,title,view_count
2014-04-29T10:00:01Z,Angers SCO - SM Caen (1-2) - 28/04/14 - (SCO-SMC) - Résumé,17344
2013-08-10T22:00:11Z,Angers SCO - Châteauroux (1-0) - Le résumé (SCO - LBC) - 2013/2014,6290
2013-11-09T23:00:01Z,Havre AC - Angers SCO (1-2) - Le résumé (HAC - SCO) - 2013/2014,9468
2013-12-14T23:00:01Z,Angers SCO - RC Lens (1-2) - 14/12/13 - (SCO - RCL) - Résumé,22764
2014-02-11T22:54:09Z,But de Ayari - Angers SCO vs CA Bastia - CDF,3811
2013-11-30T23:00:01Z,SM Caen - Angers SCO (1-1) - 29/11/13 - (SMC - SCO) - Résumé,8853
2014-05-07T22:00:01Z,Angers SCO - Nîmes Olympique (2-3) - 06/05/14 - (SCO-NIMES) - Résumé,6421
2014-07-30T22:01:45Z,Campeonato Paulista A2 2012 - Barueri 2x0 São Bernardo,87
2014-04-28T21:56:14Z,Conférence de presse Angers SCO - SM Caen (1-2) - 2013/2014,1832
2014-04-17T07:39:23Z,Neftçi-Rəvan.Ernest Nfora qarşı cərimə meydançası daxilində edilən kobudluq,3066
2014-01-12T10:48:42Z,Gol Gon,142
2014-07-22T04:41:42Z,AD Sao Caetano 1 x 1 Tupi FC,166
2013-12-07T05:48:27Z,Cruzeiro 3x3 Atlético-PR - Camp. Brasileiro Sub 20 - 05/12/2013,470
2013-11-05T02:02:59Z,Chamada Grêmio x Atlético-PR - 2º Jogo Copa do Brasil 2013,4954
2013-11-29T18:23:30Z,"André Santos: da descrença ao título. Lateral, descartado no Grêmio, foi campeão no Flamengo",489
2013-11-04T14:53:16Z,Grêmio x Atlético-PR - A história é a diferença,53562
2014-06-04T16:29:06Z,Cinco jogadores são anunciados no Londrina (04/06),144
