published-time,comment,likes
2014-05-02T20:56:48Z,Caen <3 !!,2
2014-04-30T15:48:20Z,Caen <3 #ligeu1,0
2014-04-29T15:29:27Z,Ce vol n’empêche ! ,0
2014-04-29T14:50:27Z,"C'est vraiment pas mérité... tout ça à cause d'une connerie du malheureux défenseur Angevin, le foot est cruel...",6
2014-04-29T14:08:59Z,Quelle victoire pourrit,1
2014-04-29T12:41:15Z,on a chaud on a chaud  #lens  <3,0
2014-04-29T12:36:33Z,#Ligue2 - Revivez les meilleurs moments de Angers SCO - SM Caen (1-2) en vidéo.,2
2014-04-29T11:30:30Z,Caen <3,2
2014-04-29T11:20:40Z,Qui peut me dire pourquoi on voit pas le but refusé de Angers ?,2
2014-04-29T11:18:35Z,"Quelle déception on a dominé ce match, mais bon la montée l'année prochaine! Allez le sco! <3",5
2014-04-29T11:00:03Z,"Très beau match du SCO, dommage de gâcher ce match très important pour la ligue 1 par une erreur... Dominer n'est pas gagner.",0
2014-04-29T10:36:33Z,Allez Malherbe <3,3
2014-04-29T10:21:06Z,Caen♡♥,2
2013-10-07T16:23:46Z,"vive le sco
",1
2013-08-20T10:20:36Z,oh le but merdeux,1
2013-08-14T10:17:37Z,Aller le scooooooooo!!!!,1
2013-08-12T13:34:06Z,Allez le SCO,1
2013-11-20T11:37:35Z,SCO!!!!!!,0
2013-11-10T18:47:54Z,Angers merci ! 32 euros en plus :),3
2013-11-10T12:14:50Z,Vive le SCO,3
2013-11-10T09:06:23Z,allez le sco !!!!!!,2
2013-11-10T00:14:48Z,Bravo Angers et Merci !!! Dommage en revanche pour Tour.,3
2013-11-09T23:09:11Z,Le hac me désespère,5
2013-12-21T09:00:55Z,bien jouer lens mais le sco aurrait largement put gagner si leur joueur serait moins FLEMAR(il y a que yattara qui a jouer!!!!!!!!!!!),0
2013-12-19T21:11:11Z,Il y a que yattara qui a joué et gamboa ne méritait pas d'être sur le terrain,1
2013-12-15T20:33:58Z,Dommage pour le sco. On pourrais faire mieu. Mais ils vont mieu faire si on les suis tous le long aller le sco,1
2013-12-15T11:53:45Z,"Une très belle victoire qui je pense nous permet de prendre un avantage psychologique sur une équipe angevine qui devra se remettre en question pendant la trêve. Allez, après ce match, la montée n'a jamais été aussi proche cette saison !",2
2013-12-15T11:49:56Z,"On entend que Lens, encore !.. ",4
2013-12-15T11:17:19Z,Angers sco méritait au moins le match nul ..... Domage pour le SCO mais bravo pour Lens,7
2013-12-06T21:50:19Z,"c'est zlatan qui le met celui là, on en entend parler toute l'année...",1
2013-12-02T20:40:55Z,Oh vous avez du oublier (sans faire exprès) le but angevin sifflé (à tord) hors jeu. Non? ,0
2013-11-30T23:05:24Z,pour une fois que le scénario arrive à l'envers ... Bien joué les p'tits gars !,0
2014-05-08T14:05:13Z,MDR à 0:33 !!!!!!!,0
2014-05-02T21:32:00Z,Casse toi Hénin,0
2014-04-29T11:15:43Z,"ya plus rien  qui va a angers, méme les sponsors tiennent plus au mur. lol
BRAVO MALHERBE !!!",1
2014-04-28T23:49:04Z,MDRRRR les pubs derrière,0
2013-11-05T02:48:40Z,coparemos,0
2013-11-05T02:47:55Z,"O furacão vai virar brisa amanha na Arena!

Vamos tricolor!
Queremos a copa,
A banda tá loca e eu,
Quero te ver campeão...",0
2013-11-05T02:47:41Z,É De Arrepiar #EuAcredito e Estarei na Final Na Arena Apoiando Junto com a Torcida Mais Fanática Do Brasil #VamosTricolorQueremosACopa #EuAcreditoNoPenta,0
2014-04-23T14:17:26Z,"Amigos, hoje em dia não existe essa de história, existe competência e trabalho, a história do grêmio é bonita sim, mas isso nunca fará a diferença.",0
2014-03-16T00:49:52Z,a história fez diferença sqn,1
2014-03-16T00:49:18Z,viu chupem troxas kkkkk,0
2014-02-18T21:50:04Z,Esse comentario abaixo resume tudo! kkkkkkkkkkkkkk,0
2014-02-16T15:40:47Z,nossa q estádio lixo esse antigo do gremio !,1
2014-02-07T21:55:02Z,hahahah gremio PIADA agra a pouca falando que ser sede de treinamento era melhor do que sediar 4 partidas #gremiopiada,0
2013-11-26T12:35:07Z,Ps. Cade a história??? Classificou?? Perdeu para aquela merda do CAP!!! hahhaaha,0
2013-11-26T12:34:36Z,Puta merda... Gaúcho falando é muito ridículo! Parecem que enfiaram uma berinjela no cu de cada gaúcho no dia que nasceram!!!,0
2013-11-23T16:29:06Z,"Não vou discutir com os paranaenses, pois gosto muito da mulher do PR tenho uma colega paranaense que é uma delícia loirinha cinturinha fina e uma bunda empinada farta (maravilha) e ela adora o gauchão aqui chamo ela na vara toda semana, salve o PR estado que tem mulheres de primeiríssima qualidade e que sabem apreciar um espeto gaúcho. kkk ",3
2013-11-20T00:42:50Z,puts...,0
2013-11-18T03:11:02Z,"A RESPOSTA FOI LHES DADA !!!O ATLÉTICO PARANAENSE É O UNICO CLUBE VOLTADO PARA O FUTURO ONDE SUA GRANDIOSA TRAJETORIA AINDA ESTA POR VIR...SEUS CANECOS DE CONQUISTAS ANTERIORES DE NADA VALERAM PERANTE O PLANEJAMENTO DO CLUBE PARANAENSE,ANOTEM EM MENOS DE 10 ANOS ESSE CLUBE SERA CAMPEAO DO MUNDO E DIGO ISSO COM OS PÉS NO CHÃO !!!",0
2013-11-14T15:54:41Z,"Ainda lamentando a derrota e a eliminação, resolvi escrever um post sobre quando o #Grêmio irá voltar a ganhar títulos: Grêmio no divã http://luishrolim.blogspot.com/2013/11/gremio-no-diva.html",0
2013-11-12T16:43:13Z,"KKKKKKKKKKKKK pra variar, FAIL! #gremiopiada",0
2013-11-11T01:05:48Z,Dellatorre mandou um Abraço kkkkkkk CHUPA seus Gaymistas,0
2013-11-11T00:23:14Z,"OPA
Parece que não faz tanta diferença assim...",0
2013-11-10T13:44:59Z,CHUPA GREMIO,0
2013-11-10T04:06:28Z,"CHUPA GREMIOOOOOOOOOOOOOO, JÁ PASSARAM NÉ?!?!?!?!?!?!?!?!?!?!?! CHUPAAAAAAAAAAAAAAAAAAAAAAAAAAAAAAAAAAAAAAAAAAAAAAAA

VENCERRRRR MEU FURACÃÃÃÃOOOOO!!!!!!!!",0
2013-11-10T03:42:08Z,arbitro carioca  flamenguista vcs esperavam o ke barbada ; nao tem deu no que deu chora nenem....,0
2013-11-10T01:55:57Z,SQN,0
2013-11-10T00:00:25Z,"AGORA JUNTEM -SE AOS COXAS CHOREM O LEITE DERRAMADO,SEUS PORCOS,E VÃO CANTANDO ABRAÇADO ... ATÉ A PÉ NOS IREMOS...BOA VIAJEM ,FURACÃO NA CABEÇA......",0
2013-11-09T23:58:22Z,"TD BEM MAS PERDERAM A FINAL PRO CAP, E FUTEBOL É NO CAMPO , GAUCHADA PAPUDA RESPEITO É BOM E O FURACÃO MERECE......",0
2013-11-09T17:26:07Z,"Todo doente é moribundo, mas sò o gremio é segundo....aplausos pra mim...obrigado, obrigado",0
2013-11-09T12:14:21Z,a torcida é um bando de gays q ficao dando cu né e assim q noiz gosta kk,0
2013-11-08T20:00:18Z,a história no final foi outra!! #chupagaymio! gauchada arrogante!,0
2013-11-08T15:29:35Z,ELIMINADO! FURACÃO EO! ATLETICO!,0
2013-11-08T12:09:09Z,"Todos os times chegam na final, menos o Grêmio em 3 anos!",0
2013-11-08T12:08:33Z,"O que adianta o estádio lotar, a torcida toda apoiando ? Torcida n ganha jogo, quem ganha é os jogadores em campo e qualidade, coisa q temos e falto nesse jogo mais importante do ano...",0
2013-11-08T11:48:08Z,"Video FAIL
Lamentável",4
2013-11-07T23:40:33Z,HhHHhH chupaaaa gaymioo!!!! O furacão eh o campeão Gaúcho! Hahavvav,0
2013-11-07T18:38:22Z,chorou antes e chorou depois kkkkk,0
2013-11-07T18:34:52Z,gremiover,0
2013-11-07T18:19:26Z,"Fazem uma caralhada de vídeos chamando a torcida e pedindo apoio, a torcida vai e o time passa vexame como sempre, eliminado pra times pífios. Da próxima vez façam um vídeo mandando o carioca lá treinar direito o time e armar alguma tática ao invés de ficar fazendo rachão e futevôlei. Não contem mais comigo. O Grêmio não merece a torcida fanática que tem. TREZE anos sem ganhar merda nenhuma, o que o Grêmio virou? Coadjuvante em tudo o que disputa, quando achamos que ""agora vai"", é VEXAME de novo. Agora tudo que é timeco faz a festa aqui em Porto Alegre, até quando, Grêmio?",0
2013-11-07T16:52:53Z,"Bah gurizada, eu tenho é pena da galera que curte e sofre por futebol como o parceiro Luciano Rolla.
É bem simples, o esporte tá podre, prostituído. Esses episódios com o Moreno, com o Zé Roberto, no qual todo mundo sabe porque os caras não são escalados, os treinadores querendo uma parcela do salário dos caras para que eles sejam titulares.... Futebol, qualquer que seja o time hoje é coisa pra masoquista, com todo o respeito!

Abr.",0
2013-11-07T16:39:35Z,COMO TODOS SABEM VCS FALARAM SO MEU DO NOSSO FURACÃO AI ESTA A RESPOSTA SOMOS HUMILDES PRA QUEM NAO CONHECE AGORA ESTA CONHECENDO PRAZER ATLETICO PARANAENSE CAMPEÃO GAUCHO KKK PQ GANHAMOS DE BRASIL DE PELOTAS INTER E AGORA GREMIO ESPERO Q RESPEITEM A GENTE APARTIR DE HOJE MAIS HUMILDADE VCS CHEGARAM AONDE ESTAMOS ,0
2013-11-07T16:25:57Z,a historia é a diferença pro gremio e pro atletico a raça e a abilidade. dale rubro-negro faze 44 mil sai chorando daquele estadio. ,0
2013-11-07T15:45:19Z,kkkkkkkkkkkkkkkkkkkkkkkkkkkkkkkkkkkkkkkkkkkkkkkkkkkkkkkkkkkkkkkkkkkkkkkkkkkkkkkkkkkkkkkkkkkkkkkkkkkkkkkkkkkkkkkkkkkkkkkkkkkkkkkkkkkkkkkkkkkk morreu greminho,0
2013-11-07T15:24:10Z,HUE engraçado ver esse vídeo depois do jogo...,2
2013-11-07T14:54:51Z,"Sentaram na graxa de novo, cadê a tradição?...huahuahuahua...patéticos!",0
2013-11-07T11:52:44Z,Isso foi gravado em VHS?,0
2013-11-07T11:13:22Z,Olalaeee gremista da o c# e fala the chupa agora o furacao e fura gaucho,0
2013-11-07T08:51:26Z,kkkkkkkkkk se fuderam gazelada xuuupa kkkkkkkk,0
2013-11-07T02:47:41Z,"Se fuderam, otários!!!! kkkkkkkkkkkkkkkkkkkkkkkkkkkkkkkkkkkkkkkkkkkk",1
2013-11-07T02:47:06Z,"Kkkkkkkkkkkkkkkkkkkkkk. Cara, o Grêmio é Imortal apenas nos hino. É o imortal que mais morre.... E esse banguela chorando..kkkk
Aaaaaaaaaa. Tleeeeee ticoooooooooo",0
2013-11-07T02:04:47Z,"CHUPA SEUS GAYMISTAS , ELIMINADOS !!!! HAHAHAHAHAHAHA

SÓ RESTA SENTAREM NA POLTRONA 36 E CHORAREM,

AQUI É FURACÃO PORRA TEM QUE APRENDER A RESPEITAR",0
2013-11-06T22:21:00Z,CHORA LUCIANO ROLLA! AQUI É GRÊMIO POHA!!!,1
2013-11-06T19:38:36Z,"vai ser um grande jogo... mas acima de tudo dalee GRÊMIO!! \o/
",0
2013-11-06T14:29:44Z,feliz que esteja um pé quente no estádio haha,0
2013-11-06T13:01:28Z,"Atleticano roxo ,mais hoje vai ser um bom jogo,boa sorte a vcs
",0
2013-11-06T11:52:14Z,"Essa perdemos. Mas em 2001...bom, isso tu sabe como foi.

Abraço.",0
2013-11-06T11:48:49Z,"k k k k k k , Julião, perguntei da COPA DO BRASIL???? k k k k k k k k (uma dica: Marcelinho Carioca?!?)",0
2013-11-06T10:54:41Z,"Emocionante esse video. Grêmio merece tanto quanto o Cap. Digo mais, o Flamengo n merece ganhar a Copa do Brasil, pois a temporada toda foi pífia, só nos últimos meses q resolveu jogar, n merece.",0
2013-11-06T10:30:59Z,Isso é real ou mentira ??,0
2013-11-06T10:29:16Z,#TomaraQueTuTenhaRazão,1
2013-11-06T06:40:47Z,2 x 0 ,0
2013-11-06T05:01:04Z,"Saudades Olimpico, mas a Arena tem que nos relembrar os velhos temos de Olimpico de Glorias, a hora é agora #Queremosacopa",0
2013-11-06T01:49:55Z,VAMO GREMIOOOO,0
2013-11-06T01:24:37Z,"Vamos Grêmio! Sou Coxa, mas quarta até a pé nós iremos! Hahahha",1
2013-11-06T01:18:14Z,VAMO GREMIO ! EU VOU TE APOIAR COMO EM TODOS OS ANOS,0
2013-11-06T00:34:40Z,"hahahahaha!! sempre tem um enrustido oferecendo a bundinha, disfarçando que não é chegado numa benga gaudéria! Sai fora seu veado!",0
2013-11-06T00:26:26Z,"Grêmio é um time copero e doutrinador, como dito no vídeo o Imortal ensinou todos os times desse país a jogar uma copa.",1
2013-11-05T23:40:31Z,"vamos tricolor!!!!
",0
2013-11-05T23:32:09Z,Respeito entre as torcidas acima de tudo!  Vai ser um bom jogo galera,0
2013-11-05T22:51:38Z,Até que vocês são bonzinhos com a lábia. Mais amor pelo time todos tem... E torcer pelo Atlético não é fácil. Porém e maravilhoso. Nossa torcida é de longe mais fanática e não precisa da Argentina pra nada... Somos antes de qualquer coisa Brasileiros. Raça Furacão.,0
2013-11-05T22:43:32Z,Sou torcedor do Atlético e acho que o jogo vai dar 2x1 pro Grêmio e o CAP vai pra final,0
2013-11-05T21:26:38Z,CHEGA DE MARKETING QUERO VER A COMPETENCIA NO CAMPO!,0
2013-11-05T20:02:31Z,"aee garoto, é nóis",0
2013-11-05T20:01:18Z,ARERE GAIVOTA DA FIEL PARADA GAY,0
2013-11-05T19:56:37Z,furacão?? o cap nunca passou de uma brisa suave.,1
2013-11-05T19:52:58Z,"santos tomou no cu esse ano e na libertadores de 2007. cala boca timeco ridículo, se não fosse pelé, robinho e por último neymar não teriam mais torcida que nós, OPA!!! ainda assim não tem hahahaha chupa ",0
2013-11-05T19:38:22Z,"ARERE GAUCHO DA O KU E FALA TCHE, OPS NEM TODO GAUCHO FALA TCHE.",0
2013-11-05T19:37:11Z,"Abaixa o preço do ingresso. O dinheiro é tudo para os atletas, eles mesmo dizem sou profissional. ",0
2013-11-05T19:29:06Z,"Nao é Gremista nem comenta, vai dar o rabo.
VAMOS TRICOLOR, QUEREMOS A COOOOPA!",1
2013-11-05T18:32:26Z,"Meu placar e 2x0 grêmio e acabou o furacão,",0
2013-11-05T17:19:43Z,Vamos Gremio! Torcida Coxa Esta Junto d vcs. ,0
2013-11-05T16:12:09Z,Luciano Rolla larga mão desse pano de chão vermelho aí tchê!,0
2013-11-05T15:33:50Z,"Kkkkkkk que baitola chorão por causa de um jogo apenas, calma não perdeu ainda! Se agarrem nessas ""histórias"", pq o MOMENTO mesmo ta brabo, e o futebol (feio, retranqueiro) apresentado atualmente que é o que mais importa tbm. Equipes sim consideradas pequenas, como o próprio Santo André do mesmo Mancini conquistaram a CB pelo momento, futebol apresentado e por saberem jogar com a vantagem. Mas nessas hs vale tudo...",0
2013-11-05T14:30:14Z,"José, em 1995 ganhamos a 2ª Libertadores. ",0
2013-11-05T14:22:41Z,"KKKKKKKKKK GREMIO , O IMORTAL QUE SEMPRE É ENTERRADO VIVO , HAHA FORÇA AE CAP , SANTOS HUMILHOU ESSE TIMINHO EM 2010",0
2013-11-05T13:52:30Z,TODO MUNDO TENTA MAS SÓ O GRÊMIO VAI SER PENTA #EUACREDITO,1
2013-11-05T12:06:41Z,"Show, pena foi a cor da camiseta na mão do Rolla...
",0
2013-11-05T10:02:45Z,Faltou a copa do brasil de 1995 ? ,1
2013-11-05T07:17:55Z,emocionante o João Antonio.,0
2013-11-05T01:15:39Z,"Eu sou gremista desde de piá,cresci sofrendo,chorando pelo Grêmio e de uns dias pra cá,passei a ver que futebol não tem fundamento algum.Mas ai eu lembro que eu,como muitos aqui,somos filhos do guerreiro imortal,vejo que o Grêmio é uma coisa que se leva pra vida,é muito mais que meros 11 jogadores em campo.Aquele choro,é o choro de alguém que na alma,sabe das glórias que virão,já acreditava e agora acredito ainda mais no tricolor de Porto Alegre,Vamos Grêmiooo <3 <3 <3",0
2013-11-05T01:06:23Z,"1a0 não e nada vamo gremio
",0
2013-11-05T01:05:04Z,VAMOOOOOOOOOOOS,0
2013-11-05T00:11:27Z,Simplesmente de arrepiar! ,0
2013-11-05T00:10:04Z,violento,0
2013-11-04T22:56:53Z,"fazer videozinho bonito é fácil.. difícil é fazer o renato deixar de ser teimoso... faz essa merda desse time jogar, cansamos de fracassos!",0
2013-11-04T22:31:54Z,Pra cima deles Tricolor!!! A emoção ficou mais forte ouvindo o ídolo Haroldo de Souza narrando o Tetra!!,0
2013-11-04T22:24:45Z,Quem viu a mosca no joelho aos 2:16 da joinha kkk,0
2013-11-04T22:17:01Z,"O time do Pr vai sentir a pressão de um verdadeiro multicampeão ! A camisa pesa nessas horas...e a tradição não pode ser esquecida...Vai dar Grêmio, assim como deu São Paulo em 2005 contra os mesmos que não sei como se julgam grandes. Impossível rivalizar com time de menor expressão !",0
2013-11-04T22:14:27Z,"De arrepiar quem ama esse Time...
",0
2013-11-04T22:14:23Z,"De arrepiar quem ama esse Time...
",0
2013-11-04T22:14:19Z,"De arrepiar quem ama esse Time...
",0
2013-11-04T21:09:45Z,"Aqui no RS ""furacão"" não passa de um ventinho minuano !!",1
2013-11-04T20:53:37Z,watch?v=hBGp7fG9XIE,0
2013-11-04T20:40:35Z,Rumo ao Penta !,0
2013-11-04T20:31:39Z,kkkkkkkkkkkkkkkkkkkkkkk sonha.............,0
2013-11-04T19:33:12Z,hummmmm chorou com a rola foi Germano!!!!!! q papo xarope brother!!!! COLIGAY FOREVER!!!!,0
2013-11-04T19:32:24Z,"Pois é, essa mesma história é a que levou vcs 2 vezes para a Segundona?",0
2013-11-04T19:21:50Z,idem,0
2013-11-04T19:20:22Z,chorei junto,0
2013-11-04T18:52:59Z,O Rei de Copas está de volta!,0
2013-11-04T18:47:04Z,"Somos copeiros, vamos com raça que vai dar!!",0
2013-11-04T18:39:05Z,Isso tinha que ser passado minutos antes de os jogadores entrarem em campo. Lutaremos e ganhamos,0
2013-11-04T18:04:31Z,"Bora, meu #Grêmio!!!
",0
2013-11-04T17:24:48Z,Dalhe Ducker!!,0
2013-11-04T17:23:52Z,"Luciano Rolla chorei com você

",0
2013-11-04T17:20:30Z,arrepiooooo,0
2013-11-04T17:08:46Z,É o Grêmiooo poraa,0
2013-11-04T16:50:29Z,"Não te micha GRÊMIO!

Todos tentam mais só o GRÊMIO pode/vai ser PENTA! #DalheGremio",0
2013-11-04T16:50:25Z,"Aiinw que Lindo Meu Deus ♥

Quem sao as Pessoas do Video ?",0
2013-11-04T16:25:52Z,"Gremio!! imortal.. quarta feira será o silencia dos que jamais foram e nunca serão!!! Me emocionei, 10 o video",0
2013-11-04T16:05:20Z,Obra prima esse vídeo!!!!,0
2013-11-04T15:50:39Z,Sentimento que me faz amar!!!! VAMOS GRÊMIO,0
2013-11-04T15:41:38Z,"É eu vi a diferença no dia do jogo!

A diferença é que vcs estavam jogando aqui na nossa casa amigo!

;)
",0
2013-11-04T15:27:30Z,Me emocionei!!!,0
2013-11-04T15:20:06Z,"Só Gremio é Gremio
S2",0
2013-11-04T15:14:52Z,Vaaaaamos coppaaar !!!,0
2013-11-04T15:08:29Z,"chorei junto veio, estamos juntos! Dale Gremio!",0
2013-11-04T15:00:15Z,"Queremos a Copa ....
A banda tá louca e eu
Quero te ver Campeãããão...
 Dá lhe imortal 
Jamais Nos Matarão
Dá uma passadinha no meu Canal ♥",0
