publish_date,title,view_count
2013-09-21T22:00:05Z,FC Istres - Stade Lavallois (3-0) - Le résumé (FCIOP - LAVAL) - 2013/2014,2996
2013-11-02T23:31:14Z,Stade Lavallois - US Créteil (5-1) - Le résumé (LAVAL - USCL) - 2013/2014,11373
2013-08-24T13:47:32Z,😁LUIS SUAREZ BITE😁 by 442oons (Suarez Evra Ivanovic football cartoon) Seven Sins of Suarez,18673508
2013-09-25T22:00:14Z,Stade Lavallois - Stade Brestois 29 (2-1) - Le résumé (LAVAL - SB29) - 2013/2014,3849
2013-10-26T22:00:02Z,Tours FC - Stade Lavallois (2-0) - Le résumé (TOURS - LAVAL) - 2013/2014,6402
2013-11-09T23:00:01Z,ESTAC Troyes - Stade Lavallois (0-1) - Le résumé (ESTAC - LAVAL) - 2013/2014,3164
2013-11-30T23:00:01Z,Chamois Niortais - Stade Lavallois (0-1) - 29/11/13 - (NIORT - LAVAL) - Résumé,2690
2013-10-19T22:00:00Z,Stade Lavallois - Havre AC (2-2) - Le résumé (LAVAL - HAC) - 2013/2014,3890
2014-01-18T23:00:04Z,SM Caen - Stade Lavallois (2-1) - 17/01/14 - (SMC-LAVAL) -Résumé,7483
2014-01-11T23:00:01Z,Stade Lavallois - Nîmes Olympique (1-3) - 10/01/14 - (LAVAL-NIMES) -Résumé,2441
2013-09-28T22:00:01Z,CA Bastia - Stade Lavallois (1-1) - Le résumé (CAB - LAVAL) - 2013/2014,2816
2013-09-14T22:00:04Z,Stade Lavallois - Angers SCO (4-1) - Le résumé (LAVAL - SCO) - 2013/2014,15009
2014-04-12T22:00:01Z,Stade Lavallois - ESTAC Troyes (2-1) - 11/04/14 - (LAVAL-ESTAC) - Résumé,3884
2013-11-19T06:41:08Z,Cadet_PlaStaMaria-Creixell,152
2014-04-26T22:00:02Z,Stade Lavallois - Chamois Niortais (2-4) - 25/04/14 - (LAVAL-NIORT) - Résumé,6789
2013-11-23T23:00:00Z,Stade Lavallois - AC Arles Avignon (1-1) - Le résumé (LAVAL - ACA) - 2013/2014,2215
2014-05-03T22:00:02Z,Châteauroux - Stade Lavallois (1-1) - 02/05/14 - (LBC-LAVAL) - Résumé,2689
2013-08-09T21:22:06Z,royceton memorial football tournament finals 2013,249451
2014-05-30T19:32:55Z,Kaka: Living Out His Childhood Dream (Chinese),27
2014-04-19T22:00:01Z,AC Arles Avignon - Stade Lavallois (1-1) - 18/04/14 - (ACA-LAVAL) - Résumé,2500
2013-12-21T23:00:01Z,AS Nancy-Lorraine - Stade Lavallois (2-1) - 20/12/13 - (ASNL - LAVAL) - Résumé,3532
2013-09-25T19:12:37Z,Conférence de presse Stade Lavallois - Stade Brestois 29 (2-1) - 2013/2014,119
2014-01-25T23:00:01Z,Stade Lavallois - Clermont Foot (0-0) - 24/01/14 - (LAVAL-CF63) -Résumé,940
2014-05-07T22:00:01Z,Stade Lavallois - AS Nancy-Lorraine (1-0) - 06/05/14 - (LAVAL-ASNL) - Résumé,3873
2014-01-11T22:13:22Z,Conférence de presse Stade Lavallois - Nîmes Olympique (1-3) - 2013/2014,152
2013-10-26T16:58:00Z,Retournée Acrobatique contre Cormeilles,648
2014-04-26T16:56:30Z,Conférence de presse Stade Lavallois - Chamois Niortais (2-4) - 2013/2014,201
2014-04-19T17:35:48Z,Conférence de presse AC Arles Avignon - Stade Lavallois (1-1) - 2013/2014,278
2013-11-02T23:33:01Z,Conférence de presse Stade Lavallois - US Créteil (5-1) - 2013/2014,127
2013-11-02T18:34:26Z,"IAMNAPLES.IT - VIDEO HD ESCLUSIVO, Napoli-Livorno 1-2: i gol del match",555
2014-04-19T12:55:55Z,Damien Marcq Skillsnomination,3546
2013-08-09T17:24:35Z,ชัยชนะ,1377
2013-11-05T17:13:53Z,ANTENNE CENTRE - Reportage du 03 novembre 2013 sur Dieumerci NDONGALA (UR La Louvière-Centre),1808
2013-08-26T04:27:50Z,Academia Versus - Mao Romero &amp; William Zapata,893
2014-07-20T20:02:16Z,Résumé du match amical US Orléans - AJ Auxerre (0-1) du 19 juillet 2014,1273
2014-01-05T02:41:54Z,STP Flag vs Jr Talons,220
2014-03-01T18:38:21Z,fiche joueur Abdoulaye Seck saison 2013- 2014,2694
2014-04-12T08:48:42Z,"Carlos A  Leiva On &quot;Buenos Días Nueva York&quot;, Telemundo, Marzo 2013",72
