published-time,comment,likes
2013-12-21T18:07:38Z,trop cool,0
2013-11-06T21:51:12Z,On se prend laval en coupe de france !!! Mdr,0
2013-11-05T21:34:21Z,oui c est bon! bravo aux tangos et aussi aux supporter cristoliens qui ont chanté du début a la fin malgré l avalanche de buts.allez laval!,0
2013-11-05T17:13:24Z,"#Ligue2 - L’attaquant du Stade Lavallois a largement contribué à la première victoire en cinq journées des Tangos avec un doublé qui lui permet de figurer au 2e rang des buteurs de Ligue 2. Cette saison, seul Ghislain Gimbert (ESTAC) fait mieux avec huit buts après 13 journées !  http://bit.ly/1eg3jvR",3
2013-11-04T18:01:51Z,allez laval (supporter de Metz),1
2013-11-03T17:19:52Z,"Laval gagne pas souvent, mais quand ils gagnent, ils font pas semblant ^^",0
2013-11-03T17:08:46Z,"Allez Laval
",1
2013-11-03T16:08:04Z,allez laval (suportaire de lens),1
2013-11-03T14:26:08Z,"allez le stade lavallois !!! (supporter angevin )
",1
2013-11-03T12:51:48Z,énorme le stade lavallois,1
2013-11-03T10:10:24Z,tres beau match ,0
2013-11-03T10:06:37Z,tees beau match malgré la météo.  ,0
2013-11-03T09:56:57Z,First,0
2014-07-31T20:56:44Z,Evra is so small and he acts like a baby,0
2014-07-31T18:47:15Z,"I think ""Ghanarrhea"" was one of the best names for a country ever.",0
2014-07-30T00:37:53Z,خاب شبيك چلب,0
2014-07-28T13:36:35Z,Is the Brown Guy screaming suck bluuuuuuuuuuuuue,0
2014-07-28T01:46:27Z,Check out some of and maybe subscribe:)?,0
2014-07-27T06:18:29Z,new zombie virus SUAREZ virus,0
2014-07-26T15:44:28Z,"What was the last one about? I mean what was the sin in it? And yeah, I should know this.",0
2014-07-25T19:41:21Z,I heard from my friend that the racisime did not happen Suarezs sister is married a black guy,0
2014-07-25T01:39:08Z,What Evra says is not clear,0
2014-07-23T20:39:00Z,"Ghanarrhea, thats clever!
442oons ",0
2014-07-23T16:31:15Z,funny,0
2014-07-23T00:08:50Z,"........... THANKS SUAREZ FOR FUCKING THESE RACIST CHEATER HYPOCRIT AND IMPERIALIST ENGLISHIT PEOPLE. england CHEATED WORLD CUP 1966, THE ONLY WAY THESE RACIST PEOPLE CAN WIN...   BY CHEATING  ",0
2014-07-20T18:31:16Z,Lol barca player MADRIDSTA FAN FOR LIFE,0
2014-07-19T07:39:59Z,haha,0
2014-07-18T22:08:17Z,How does a ball hurt Suarez hand ,0
2014-07-18T14:49:34Z,do that to pepe suarez or balloteli they would fucking kill him,1
2014-07-18T08:01:27Z,"Also if Suarez was so rubbish as they say not defend both an ""English gentleman"" as Gerard. jajajaja gentlemen????, murderers, pirates, imperialists.",0
2014-07-17T13:54:55Z,the walking suarez season 1(the walking dead season 1),0
2014-07-16T13:54:16Z,The hand vs Ghana wasnt cheating. He got a red card and he didnt play the next match. Ghana failed the penalty.,171
2014-07-16T02:26:15Z,Sacré bleu,0
2014-07-15T06:00:59Z,U SHOULD STOP INSULTING LIVERPOOL BECAUSE WE ARE THE REDS GET REKT. FUNNY VIDEO THOUGH:),0
2014-07-15T04:09:48Z,SUAREZ BIT ME AND IT REALLY HURTS ,15
2014-07-14T18:19:37Z,the most stupid thing i've ever seen,0
2014-07-14T15:40:23Z,"to be fair, Suarez didn't refuse Evra's handshake...Evra refused Suarez's handshake...then grabbed his hand and made a scene...just saying",98
2014-07-14T11:07:43Z,Evra is such a crying baby like most Africans ,0
2014-07-14T08:55:08Z,Cool video!,0
2014-07-13T16:09:47Z,Hahaha,0
2014-07-13T15:59:22Z,true right guys,0
2014-07-11T22:53:00Z,Sacra blue?,0
2014-07-11T13:03:06Z,Was this supposed to be a funny video or what? I have no idea what the creator were going with this video..... :/,1
2014-07-11T12:17:47Z,Sacre bluuuuuu,0
2014-07-09T11:26:32Z,koji je psihopata ovaj :D,0
2014-07-09T08:19:26Z,Suarude - Bitestorm,711
2014-07-09T06:49:06Z,The Vampire,0
2014-07-09T02:45:55Z,"Suarez es un hijo de puta, como futbolista y como persona. ",0
2014-07-08T12:52:45Z,Them making Evra say sacreblue is more rascist and stereotypical than Suarez himself ,0
2014-07-08T12:20:08Z,Kinder. Prize,0
2014-07-07T15:32:26Z,τελειο XD,0
2014-07-07T10:09:24Z,what team is really lisa stansfield town?,0
2014-07-06T15:52:59Z,Jejeje esta bien jeje,1
2014-07-06T06:30:49Z,great filming,0
2014-07-05T18:50:57Z,i dont understand the end,0
2014-07-05T08:22:39Z,Wtf,0
2014-07-04T16:54:09Z,Well if you cant beat them bite them,0
2014-07-04T10:16:22Z,Can't believe Liverpool defended his racist remarks,0
2014-07-04T10:13:59Z,Lol,0
2014-07-04T06:25:37Z,luis suarez will bite ronlado if he joins barca next season,0
2014-07-03T20:02:07Z,Bite 3: Urucry v Italy,0
2014-07-03T19:04:00Z,,0
2014-07-02T22:44:34Z,"Sucker blue
",0
2014-07-02T07:40:06Z,"Suarez bite game lol
https://play.google.com/store/apps/details?id=com.carlospinan.cocos2dx",0
2014-07-02T00:40:44Z,"Ta bien chido
",0
2014-07-01T17:05:50Z,KNICKERS,0
2014-07-01T16:21:26Z,"this is like the least funny video, which is intended to be funny, i ever seen in my life.",0
2014-07-01T14:43:59Z,ههههههههههههههههههههههههههههههههههههههههههههههههههه       ااوشت سواريز لايك   واصل,0
2014-07-01T04:58:57Z,Sacre bleuuuuuuu!!!! That always cracks me up. Lol,0
2014-06-30T22:50:22Z,genial,0
2014-06-30T09:11:02Z,Зубиарез <3 ,0
2014-06-29T20:23:26Z,"C'est quoi le délire avec Sacrebleu?
ce mot date du moyen age....",0
2014-06-29T16:27:09Z,Stop bean mean to the player he is on of the nest and you are living saying he's like Mr bean,0
2014-06-28T23:16:49Z,8: Bite 3: Urucry - Defendaly,0
2014-06-28T07:34:42Z,442oons i don´t understand the last one ... he will go to arsenal and what is with the Elephant seal ... and with this cards ?? PS: Sorry for my English :-D,0
2014-06-27T20:24:10Z,Esta loco ese man hay que encerrarlo en una jaula con tiburones y pitbulls pa que se quite ganas JEJEJEJE,0
2014-06-27T14:01:42Z,Chelsea ~ Chelski :D Muhehe,0
2014-06-27T13:33:08Z,You all  are such a stupid.. You are jealous of him.. Cause he's the best of the best of the best...  I defend him Go URUGUAY. ...THE BEST COUNTRY,6
2014-06-27T11:07:48Z,suarez is a son of bitch,0
2014-06-27T10:54:28Z,It really hurt and it's still hurting .,0
2014-06-27T10:06:49Z,Is this funny?,0
2014-06-26T22:53:40Z,Good bye England 2-1 :D,0
2014-06-26T19:58:09Z,vvvvvvvvvvv,0
2014-06-26T08:46:30Z,Lol,0
2014-06-26T05:06:24Z,Very very good...funny video but suarez is a canibal fifa have the end this player very bad action. From chile,0
2014-06-25T22:11:18Z,"Ivantich's nose is like a d*** :))))))
Sacre bleu!!!!!!",0
2014-06-25T22:02:29Z,not sacre blew its soccer bleu it means football amator,0
2014-06-25T18:59:09Z,"Hey man nice vid again! This was even on Dutch television today. Keep on doing this, it's very funny!",0
2014-06-25T14:24:00Z,Guess it should be 8 sins now,0
2014-06-25T13:55:49Z,NEW: Suarez bites chiellini,0
2014-06-25T11:56:47Z,Bitch.. Go Suarez to home.. ,0
2014-06-25T03:17:52Z,FUCK Evra,62
2014-06-25T02:48:26Z,i wonder how this will worldcup version gonna be for chewy suarez,0
2014-06-25T02:12:07Z,Add one more bite on there!,1
2014-06-25T00:03:30Z,...and eight. LOL.,0
2014-06-24T23:44:03Z,Have you got bite 3 on chiellini,0
2014-06-24T22:13:43Z,inb4 a new bite video :-D,0
2014-06-24T22:11:35Z,Fuck Suarez cheating bellend,0
2014-06-24T21:40:13Z,Looks like your gonna have to add Bite 3 now... :/,0
2014-06-24T21:28:42Z,I'm waiting for the Uruguay-Italy video... :p,0
2014-06-24T21:11:15Z,The first character sounds like a girl getting fuck. ,0
2014-06-24T21:09:48Z," Soooooooo funny
",0
2014-06-24T19:25:54Z,eight ;),0
2014-06-24T19:22:38Z,Where is Chiellini?,0
2014-06-24T18:57:04Z,"Suarez dieser Uruk-Hai beisst den Innenverteidiger und prompt fällt ein Tor? Wer da an Zufall glaubt, glaubt auch an die Zahnfee. Ich sag nur ""Mach et, Otze!"" Nicht nur der Halbaffe gehört gesperrt, Uruguay raus aus dem Turnier!",0
2014-06-24T18:55:54Z,He does it again,0
2014-06-24T18:25:10Z,He just bit Chiellinni in today's world cup match vs Italy. Hope you extend this vid with that,1
2014-06-24T18:13:30Z,"now 8 sins, he beat again :D ",0
2014-06-24T18:05:21Z,1:38 TELLITUBIES!,5
2014-06-24T18:03:46Z,"That fakin RAT attacks again today with Italy!!! I Hate Suarez so much for that, where did he grow up? in the jungle or what?!",0
2014-06-24T17:43:42Z,Chewy Suarez bites (strikes) again!  Poor Chiellini   haha,0
2014-06-24T17:43:17Z,"Today, it happened again. Suarecula",0
2014-06-23T18:15:35Z,"Suarez= human donkey vampire
me= Liverpool fan
meaning f the racism he can kick a ball good",0
2014-06-22T21:47:52Z,pts ingleses -.-!,0
2014-06-20T15:56:00Z,why? Ivanovic is cool,0
2014-06-19T14:40:06Z,You guys are awsome,0
2014-06-19T01:31:41Z,"Patrice Whatevera,that almost killed me.",0
2014-06-18T16:58:01Z,Cool,0
2014-06-16T19:42:54Z,xD,0
2014-06-16T10:56:22Z,ok,0
2014-06-15T18:32:05Z,PA NIJE ON ENGLEZ ON JE SRBI I PRICATE ENGLESK,0
2014-06-15T13:28:36Z,branislav ivanovic isn't russian :) he's serbian and the difference between the accents are huge :),182
2014-06-14T22:57:10Z,lfc lfc lfc lfc !!!!!!!!!!!!!!!!!!!!!!!!!!!!!!!!!!!!!!!!!!!!!!!!!!!!! ,0
2014-06-14T13:25:56Z,Ivanovic serbian terminator :D zajedno sa bratom vidarom,4
2014-06-14T08:01:15Z,sacrebleu hahahahahahaha,0
2014-06-13T17:28:32Z,House of dead! LOOL! This is hilarious!,3
2014-06-13T14:35:13Z,Can you say me what Evra say when Suarez talk to him?,0
2014-06-12T02:10:07Z,I love Suarez!!!! :),0
2014-06-10T15:21:23Z,Why are your videos so shit? They're are the worst videos I've ever seen ,0
2014-06-09T20:01:28Z,Good thing he changed for the better,2
2014-06-07T21:26:30Z,Can you make a video of The roumar of sanchez going to lolerpool,0
2014-06-06T23:42:14Z,the most funny on this video is evra XD,0
2014-06-01T14:40:46Z,you should do christiano ronaldo vs lionel messi,0
2014-05-24T21:50:05Z,That second handball was actually not on purpose though.,0
2014-05-20T18:41:13Z,Racist bastard,0
2014-05-20T14:55:34Z,Dont dis suarez,2
2014-05-13T14:30:12Z,EVra pussssssi,0
2014-05-12T07:10:31Z,Do one on Zlatan or Rooney ,0
2014-05-11T08:01:04Z,"There are no proof on suarez racism tho. And because evra might have misheard him, he tought it was racism. I undertsand why suarez wouldnt shake his hand, the over sensitive little prick",23
2014-04-28T15:45:26Z,Do Neymar! Diving!!,0
2014-04-28T06:08:30Z,is luis suarez a vampire?,34
2014-04-26T02:39:04Z,funny ha ha we love suarez LEGEND,0
2014-04-18T21:57:59Z,mayber hes really a hamster?,0
2014-04-16T14:00:04Z,This is the best ,0
2014-04-15T22:40:17Z,"All,lies",0
2014-04-15T07:01:17Z,Absolutely hilarous. But S**rez getting Rodwell sent off should've got a mention,0
2014-04-13T15:38:31Z,loooooool but u cant deny he is sck now,0
2014-04-13T14:33:32Z,I don't get that last one. I know he put in a transfer request but what else? Also an elephant seal?,1
2014-03-26T14:12:11Z,on the number 5 sin Suarez didn't punch the ball,0
2014-03-25T19:26:24Z,Make a video about ozil,1
2014-03-19T11:29:45Z,do suarez again it's really funny,3
2014-03-18T20:16:20Z,You should do one on Ivanovic Terminator. Be great if you did,228
2014-03-14T19:31:13Z,i love you canal,1
2014-03-09T07:41:14Z,RohinJassani27 ,1
2014-02-25T00:52:45Z,Haha just realised the first one was Charlie bit me haha quality,0
2014-02-23T17:25:25Z,Do a man united one because of the form they are in XD,0
2014-02-17T12:29:47Z,I love your videos ! your videos is very funny ! ;) ,2
2014-02-12T22:24:07Z,the gerrard voice is really good ! sounds just like him ! great work ! ,4
2014-02-10T21:26:22Z,Genius!Enough said!,0
2014-02-10T08:01:10Z,Lol,0
2014-02-06T23:11:48Z,im a liverpool fan but this was hilarious.. rooney and terry ones next pls,0
2014-02-06T16:29:16Z,A cartoon based on Terry would be amazing! Keep up the good work 442oons,144
2014-01-30T23:04:28Z,U need more subz!!!,1
2014-01-30T20:55:00Z,So true,1
2014-01-24T23:10:21Z,Not joking. The best video on youtube...,2
2014-01-24T20:46:57Z,Great work guys...,0
2013-11-03T00:40:06Z,Balotelli cartoon must be funny...,0
2013-08-25T19:33:48Z,"Don't worry - this is Suarez' last outing for a while. There are more parodies in the pipeline with new players, new teams and new themes! Any requests?",150
2013-08-25T18:29:06Z,"But why only Suarez? There's more players on which parodies can be made!
",0
2013-08-25T10:21:29Z,Captions now added.,1
2013-09-28T16:49:00Z,J'admire ton fair-play=),0
2013-10-29T23:01:03Z,Allez l'etg !!! ^^,0
2013-10-29T16:30:11Z," #Ligue2  - Classement des passeurs - Avec autant de buts que de passes décisives cette saison, Andy Delort (Tours FC), 2e meilleur passeur de Ligue 2, contribue activement à la réussite offensive des siens ! http://bit.ly/HsZN2P",4
2013-10-27T21:42:59Z,Allez Tours on est là !!,0
2013-10-27T17:28:35Z,Aller laval,0
2013-10-27T09:40:53Z,allez Tours,0
2013-10-27T03:11:42Z,Allez Tours Fc,0
2013-10-26T23:42:11Z,Merci pour la redif du match de Tours,0
2013-11-11T00:18:08Z,Aller laval,0
2013-10-25T14:47:08Z,Le Havre3,0
2013-10-20T16:17:12Z,"allez angoulême
",0
2013-10-20T12:16:35Z,Go le HAC,0
2013-10-20T08:11:14Z,Aller lavaaal ♥,0
2014-07-01T09:58:06Z,allez caen ,0
2014-01-21T16:54:21Z,"#Ligue2 - Classement des buteurs - A l’image de Mathieu Duhamel revenu en 3e position au classement officiel des buteurs, le SM Caen brille offensivement avec la meilleure attaque de Ligue 2 (37 buts). Diafra Sakho et ses 12 buts reste leader devant Christian Bekamenga (11 buts) ! Supporters, on attend vos commentaires ! http://bit.ly/1ekRgv8",3
2014-01-19T19:15:56Z,Gardien mal placé = But encaissé #CoupFranc,0
2014-01-19T10:02:41Z,dat free-kick,0
2014-01-19T01:23:33Z,Bien joué malherbe même si c'était difficile,1
2014-01-14T08:35:20Z,Allez Nîmes 3,0
2014-01-12T19:43:12Z,Allez le mhsc ,0
2014-01-12T09:32:56Z,Bravo les Crocos 3 Allez Nîmes 3,0
2013-09-30T13:44:11Z,"A 1:50, vous auriez pu laisser la tentative de frappe/centre, non???",0
2013-09-29T09:08:32Z,As-tu vu la quenouille ????,0
2013-11-05T19:05:34Z,mdr c est vous les bouseux!le sco n a rien a faire en ligue1.et quant le fc nantes se déplacait a angers la saison derniere c étai un stade de bouseux le stade jean groin.des porc je vous dis!il vont vite redescendre au classement ces bléro du sco.allez laval!,0
2013-11-03T09:55:36Z,"Mdr laval trop fort pour Angers ? Attend le match retour .. Tu vas rentrer chez toi en pleurant avec ton tracteur, vous etes à votre place au fond du classement bande de bouzeux ! Ici c'est Angers !",1
2013-09-16T10:17:54Z,"Robic, le ""tout premier but de sa carrière pro'"". Eh oh, il était d'jà pro' au VOC le bonhomme... Le National, c'pas le CFA non plus...",0
2013-09-15T09:59:56Z,Aller Laval on s est balader penalti logique des but magnifique Laval est beaucoup trop fort pour Angers c est tout aller laval,0
2013-09-15T09:32:52Z,allez le sco!,0
2013-09-15T08:19:52Z,"Ah ben c pas trop tot, enfin une victoire pour Laval!!",0
2013-09-15T08:16:29Z,C peut-être un mal pour un bien au sco,0
2013-09-15T08:14:32Z,Pas du tout peno,0
2013-09-15T08:11:25Z,Allez le sco,0
2013-09-15T07:23:08Z,Angers 1er,0
2014-04-13T06:28:33Z,Bravo au Tang,0
2013-11-24T22:04:48Z,GO LA ZO!,0
2013-11-20T08:20:46Z,"Este Alex apunta maneras, buen demarque al hueco esperando un rechace al centro del área y perfecta ejecución de la vaselina.",0
2014-04-27T07:43:09Z,"Bravo Niort ! Vive la L1 !
",2
2013-11-23T23:25:12Z,Allez le stade lavallois,0
2014-05-05T12:30:05Z,Allez laval,2
2014-04-21T08:59:32Z,"Laval va se maintenir,  continuez les Tangos ! ( mais évitez au maximum les buts gags comme celui là )",1
2014-04-20T07:31:51Z,Le but bien bien ridicule ^^,0
2013-12-24T23:37:43Z,"Il y a quelque part une justice, les nancéen auraient du également repartir avec la victoire, si des buts bidons n'auraient pas été marqués a la 90+5 ...",0
2013-12-24T21:46:54Z,les lavallois aurai du au moins repartir avec le point du nul.ils ont dominé outrageusement la rencontre,0
2013-12-21T23:14:41Z,Nardi encore excellent ! Dommage pour ces loupés de nancy en fin de match qui aurais assoler les lavalois ! ,3
2014-01-26T00:46:20Z,"Bon match , manque de realisme!!",0
2014-05-10T05:26:55Z,"Aller Laval
",0
2014-05-08T18:15:55Z,"Toudic, ancien lensois, merci ! ",0
2014-05-08T14:13:49Z,Les lensois remercient les lavallois x),1
2014-05-08T08:12:14Z,Elle est ou la main sur le but refusé ?,0
2014-05-08T07:02:09Z,"Bravo à Laval, vous allez vous maintenir !!!!!",1
2013-08-26T18:40:12Z,Excelente academia y el ambiente del club espectacular!!,0
