published-time,comment,likes
2014-02-12T13:20:39Z,"Ryan you are the best... keep it just like this, CV neeeds you.",4
2014-04-28T16:26:14Z,Hors jeu rien a rajouter,0
2014-04-28T10:20:53Z,Pour une fois que le losc ne tir pas dans le mur,0
2014-04-27T22:47:52Z,On peut parler du coup franc de Kjaer plutôt que du but somptueux de Mendes ?,0
2014-02-17T21:04:29Z,berdiano ca ta flado,1
2014-04-30T02:47:08Z,Lille needs to hang onto their stars and not let them go so they can mount up a good CL challenge and not be destroyed. All they need is an extra striker which they have a good young one in Origi just need to hang on to him.,0
2014-04-28T00:02:52Z,First,0
2014-02-10T19:40:07Z,"Tellement beau!! Merci Ryan, Merci le losc!!",0
2014-02-10T12:55:37Z,Mendes!!!,1
2014-04-28T12:59:58Z,Kjaer x) En mode Zlatan !,0
2014-02-10T15:26:44Z,"Ryan Mendes...
Great goal... ",0
2014-04-27T22:13:45Z,"QUELLE PASSE DESISIVE MAGNIFIQUE !! 
Et kalou a la finition SUPERBE",0
2013-09-05T14:34:14Z,enyeamaaaaaaaaaaaaaaaaa,0
2014-05-03T20:59:13Z,Rien d'extraordinaire ,0
2014-05-02T17:57:26Z,WOW Balmont quelle passe sur Kalou ! Grandiose,2
2014-05-02T12:24:15Z,2ème but pas de hj arrêter de ranger les bordelais c bon vous avez très bien jouer mais arrêter d'être mauvais perdant et bravo carasso ,0
2014-05-02T12:24:13Z,2ème but pas de hj arrêter de ranger les bordelais c bon vous avez très bien jouer mais arrêter d'être mauvais perdant et bravo carasso ,0
2014-05-02T12:22:36Z,Simon kjaer pardon,0
2014-05-02T12:22:01Z,Simon kjer est un dieu,1
2014-05-02T12:21:18Z,Kalou est bon mais on ne laisse jamais tirer un pénalty  celui qui c pris la faute,0
2014-04-29T17:07:43Z,Ce losc pouvait mennait 4-1 au moin ( exagérer) ils ont été super mais en face on insiste a un super gardien bravo poule losc et Carasso:):):):):):):):):):),0
2014-04-28T16:24:29Z,"Ok Lille mérite de gagner ,mais le 2ème but et HJ vous pouvez dire ce que vous voulez.Carrasso et un dieu c'est le meilleur gardien français de la saison.dommage que Didier Descchamps est un vrais boulet.",2
2014-04-28T16:18:00Z,Belle victoire,0
2014-04-28T10:32:20Z,faudrait peut-être que bordeaux se serve de son argent pour acheter des défenseurs...,1
2014-04-28T09:59:33Z,"Ah et il rate un penalty en plus, et ba ca n'arrange pas ce que je pense de lui...",0
2014-04-28T09:59:04Z,"Kalou n'est vraiment pas bon. Sur la première action (après son but), pourquoi il tire? Soit il tire bien mais surtout il doit centrer quoi. Et sa deuxième action on sent que c'est pas un attaquant, il doit rentrer dans l'axe pour laisser le champ à Mendès qui arrive derrière lui au lieu de tenter quelque chose qu'il ne sait pas faire (tirer de loin). Bref Roux est meilleur à ce poste",0
2014-04-28T08:31:15Z,Bon match du losc et des girondins mal grès le fait que la défense girondine était ailleur et superbe match de carasso !!,0
2014-04-28T06:06:17Z,la defense carrasso fait un super match mais la defense le laisse a la ramasse c'est pas parce qu'on a gagné 5-1 au dernier match qu'on est champion et qu'on est le barca,0
2014-04-28T05:57:59Z,Encore un résumé pourri mais bon bien joué le LOSC,2
2014-04-28T05:33:35Z,Super Carasso,3
2013-09-17T15:55:15Z,Tes con Nicolas x),0
2014-02-10T13:48:35Z,"PSG is the best french club!
I am very sad for Thiago...but 5 points ahead to Monaco is great and I am sure we can hold this!!
Ici c'est Paris
Dream bigger on the way to the titel!",0
2014-02-10T04:27:47Z,If monaco had Falcao they would have won,1
2014-02-10T02:56:33Z,First,0
2014-02-13T09:05:32Z,<33333,0
2014-02-13T09:05:21Z,Aller Ol,0
2014-02-12T21:07:51Z,Sochaux merite le nul en deuxieme mis temps et est ce que ce serait possible de montrer leurs occasions ? ,1
2014-02-09T23:12:05Z,C'est gentil de montrer des occasion sochaliennes...,6
2014-02-09T23:09:48Z,"Le LOSC produit des enchaînements sympathiques lorsque l'effort y est mais la finition reste un problème, avec un buteur de bon niveau les choses pourraient être beaucoup mieux ! En tout cas un match qui fait du bien tout comme cette victoire ! :-)",2
2014-02-10T22:30:32Z,Ils ont même pas envie de montrer le but de Gignac tellement c'était de la merde,0
2014-02-10T05:00:35Z,Thauvin = FUTURE! Lets hope we can keep teams from signing Maxime Lopez from the Academy ,2
2014-02-10T03:20:47Z,Allez l'OM!,1
2014-02-10T02:56:02Z,First,0
2014-02-14T16:28:27Z,"Le titre de la musique de fond, svp ?",2
2014-02-12T22:07:13Z,"Pastore , le retour ?",0
2014-02-11T10:08:24Z,Paris équipe magique ,0
2014-02-10T13:42:07Z,"avec le budget du Paris Quatar Saint Germain ,normalement ce club devrait avoir au moins 60pts et une moyenne de 3 ou 4 buts par match ,étrange le flouzeball?",2
2014-02-10T12:39:22Z,Bien joué le geste de connard d'Ibra a 1min27... Bonne attitude.,0
2014-02-10T12:25:21Z,C'est quoi le titre de la musique?,1
2014-02-10T12:24:21Z,Nique Paris,0
2014-02-10T12:11:30Z,Paris,1
2014-02-10T11:30:52Z,Monaco was lucky AGAIN!,7
2014-02-10T14:39:23Z,ALLEZ MHSC!,0
2014-02-10T03:26:31Z,Lol the dugout one!,1
2014-02-12T05:54:12Z,ALLEZ L OM!!!!!!!!!!!!!!    PARIS S EST POURRI !!!!!!!!!,0
2014-02-11T21:01:55Z,Moi je vai voir psg om qui va gagner psg,0
2014-02-11T17:56:07Z,allez L'OM ! ,3
2014-02-11T13:04:21Z,On a enfin vu 11 guerriers sur le terrains ! Forza OM  ,2
2014-02-10T23:40:55Z,Forza l'Om ici c'est L'om !!!!!!,1
2014-02-10T21:06:00Z,Le nom de la musique ?,0
2014-02-10T09:47:13Z,"La frappe de Payet, sublime",2
2014-02-10T06:48:15Z,Payet en forme ? ben j'ai envie de dire il serait temp non !,0
2014-02-10T03:18:40Z,Dim Payet en forme!,11
2014-02-10T02:08:00Z,C'est quoi le fait marquant ???,0
2014-02-20T14:38:27Z,Il es beau bien tiré,1
2014-01-27T11:54:11Z,la musique de la pub est trop chiante... ^^,0
2014-01-26T23:10:31Z,Cool,0
2014-02-10T06:59:41Z,Brawo,0
2014-02-10T06:59:38Z,Brawo,0
2013-09-13T11:03:18Z,Just an English comment passing through......,0
2013-09-07T09:50:55Z,Aller le lossscccvc,0
2013-09-04T13:31:54Z,"allez les rouges

",0
2013-09-02T15:33:59Z,Vive Rennes,0
2013-09-02T12:49:59Z,( Thauvin à Marseille...il était tant qu'une décision soit prise...j'espere que le caprice de star du nouveau marseillais  ne seront pas dénué de sens car il est encore jeune et il a tout a prouver),0
2013-09-02T11:04:36Z,said un futur très grand <3 SRFC <3,0
2013-09-02T09:25:28Z,rennes♥,0
2013-09-02T08:10:39Z,c'est un bon nul pour lille,0
2013-09-02T08:10:16Z,go Losc,0
2013-09-01T22:55:41Z,Allez rennes !,0
2014-02-16T10:57:10Z,Amazing payet,0
2014-02-11T11:52:10Z,What a Goal! Of Payet Amazing Goal!,0
2014-02-11T04:05:01Z,two and three suck too come on,0
2014-02-11T04:04:10Z,number three is an attempted cross fuck that shit,0
2014-02-10T05:11:16Z,number 3 should be number 1,1
2014-02-10T00:49:32Z,First,0
2014-06-18T18:49:42Z,Le but de Ryan Mendes est magnifique,0
2014-02-19T17:28:38Z,Allé l'eeeetttttggggggg,0
2014-02-17T21:46:43Z,"Match volé (encore ?). Hors jeu imaginaire ou le but était obligatoire, penalty pour coude non volontaire, et les mecs de Evian se plaignent. Ah lala",0
2014-02-17T18:13:59Z,Supporters de croix venez voir mes vidéos !!!,0
2014-02-17T14:14:16Z,Courage evian <3,1
2014-02-17T11:39:45Z,"La chance n'est jamais avec nous...
",0
2014-02-17T08:58:04Z,on ne parle pas des nombreuses décisions étranges prises par Duhamel en faveur de Lille... ,0
2014-02-17T08:22:01Z,"Je suis un supporter Lillois, mais svp Evian : maintenez-vous merde !! ",3
2014-02-17T01:53:40Z,епанута мова на всю голову,1
2014-02-04T17:45:28Z,ah c'est bon ca pour le GYM!!,0
2014-02-03T20:27:25Z,On comprend pourquoi aucun arbitre français ne sera à la coupe du monde... Pas foutu de voir des hors-jeu de 3 mètres !!! Vive les myope !!!!!,1
2014-02-03T04:17:13Z,"résumé moisi, pas de trace des 2 pénos non sifflés pour Nice",2
2014-02-02T23:41:40Z,ISSA NISSA !,1
2014-02-02T23:11:26Z,Ici c'est.......... YouTube :D,1
2013-09-18T15:36:15Z,dommage lille,0
2013-09-16T17:09:45Z,Dario dans la surface avec le ballon = but,0
2013-09-16T17:07:26Z,"On a subi pendant tout le match mais on a eu une bonne finissions, d'habitude je n'aime pas ce genre de match mais là ça fait vraiment plaisir de voir que ça nous sourit pour une fois.
Défense en béton et très bonne prestation de Bodmer cela dit.",0
2013-09-16T15:55:53Z,"We are Nissa! Désolé amis lillois on vous a un peu volé le match, on vous remercie pour votre hospitalité et vos chants en notre faveur! On vous rend ça au retour ;)
DVE-BSN",0
2013-09-16T15:16:16Z,Cvitanich Groso!,0
2013-09-16T03:35:16Z,Je l'ignorais..merci pr l'info,0
2013-09-16T01:08:25Z,bah il a à peine entrainer le LOSC pendant 6 saisons...,0
2013-09-16T00:50:20Z,ancienne formation de claude puel?,0
2014-02-16T19:42:33Z,Evian <3,0
2014-02-14T16:31:42Z,Boff,0
2014-02-13T10:13:04Z,Bérigaud et Andre (malgré sa chance énorme) sont au dessus à mon goût,0
2014-02-11T18:41:25Z,celui de djordjevic est trop beau =),0
2014-02-11T17:59:22Z,Vous etes c*n ou quoi!? c'est pas un top 5 ,1
2014-02-11T13:12:17Z,"Payet le plus beau, sans aucun doute ! ",2
2014-02-10T20:23:26Z,Le but de payet fume tous les autres ,3
2014-02-10T20:01:46Z,Payet merite plus que la 5e place ...,2
2014-02-10T19:44:43Z,Filip !!!,0
2014-02-10T16:43:31Z,Le but d'André est top ! Même si c'est un centre raté :p,2
2014-02-10T14:42:19Z,C'est un parisien qui a fait le classement pck le but de Payet est de loin le plus beau ,0
2014-02-10T13:27:10Z,Top 5 a l'envers,1
2014-02-10T08:16:01Z,Quel but d'Ayité ! Surtout que les appuis n'étaient pas solides alors emmener un joueur et passer en plus c'est franchement beau !,0
2014-02-10T07:49:02Z,Celui de Waris est plus beau que celui de Djordjevic,2
2014-02-10T07:17:11Z,D’où le but de Payet est moins beau que tous ? surtout celui de ayité,0
2014-04-29T14:10:07Z,"Je suis partie du stade à la 33
Minute",0
2014-04-27T23:22:00Z,Mdr le losc un public fais moi rire vient a bollaert et tu verras ce que sont de vrai supp (Red tigers 1994),0
2014-04-27T23:21:59Z,Mdr le losc un public fais moi rire vient a bollaert et tu verras ce que sont de vrai supp (Red tigers 1994),0
2014-04-06T16:53:18Z,"Supporter lillois, je m'ennuie quand même mais l'essentiel, c'est les trois points, non ?
Aux Marseillais, qui étaient spécialistes du 1-0 il y a deux ans, on ne leur avait rien dit...",0
2014-04-06T06:27:42Z,La maniere n est pas la mais l esentiel est ailleurs,0
2014-04-05T08:19:17Z,"toi le canaris tu peux te taire avec vos chansons à vous ""misère, misère, misère vous êtes la misère"" vous ferré bien d'aller béqueter des granulés   ",0
2014-04-01T18:17:23Z,Le goal de lille est grave bon,0
2014-04-01T18:16:48Z,Allez lz gym arrivons premier issa nissa,0
2014-04-01T05:23:23Z,Y a pas de supporters a Lille mais des spectateurs..,1
2014-03-30T23:37:12Z,Lille fait chier putain... Une victoire de raccroc grâce à un but dans les arrêts de jeu... Je veux voir Saint-Etienne en ligue des champions !!! (signé : un supporter du PSG).,5
2014-03-24T19:54:04Z,Berbatov!,1
2014-03-24T17:18:34Z,"Mai c quoi ce stade ou ya personne.
",1
2014-03-24T15:29:03Z,Niçois bande de chien,1
2014-03-24T10:43:59Z,Arrêtez de comparer ce match à Real Barça... Vous faites pitié la,2
2014-03-24T01:42:22Z,"J'ai bien fait de regarder Real-Barça, sinon j'me serai trop fait chier j'crois...",7
2014-03-24T01:32:11Z,Quel ambiance de folie ! Non je déconne aussi ,3
2014-03-24T00:12:54Z,Quel match de ouuuuuuuuuuuf !!! ...nan j'déconne ,3
2014-02-13T06:51:24Z,Je suis parisien mais je veu que les plus grand club de France aille joué les coupe d'Europe je préfaire voir Marseille ou st Étienne en ligue euro pa que Reims ou nantes mais j'aime beaucoup nantes,0
2014-02-11T11:15:16Z,#Ligue1 - Retrouvez les 22 buts inscrits lors de la 24e journée grâce à notre chaîne officielle YouTube ! Supporters quel but retiendrez-vous ?,10
2014-02-09T23:40:56Z,y a pas tous les buts il est où cavalli?,2
