publish_date,title,view_count
2014-02-09T23:00:02Z,Goal Ryan MENDES (90&#39; +3) - LOSC Lille-FC Sochaux-Montbéliard (2-0) - 08/02/14 - (LOSC-FCSM),2983
2014-04-27T22:05:07Z,But Ryan MENDES (68&#39;) - LOSC Lille-Girondins de Bordeaux (2-1) - 27/04/14 - (LOSC-FCGB),3317
2014-02-16T23:00:02Z,Goal Ryan MENDES (90&#39; +3) - Evian TG FC-LOSC Lille (2-2) - 16/02/14 - (ETG-LOSC),1644
2014-04-27T23:12:38Z,LOSC Lille - Girondins de Bordeaux (2-1) - 27/04/14 - (LOSC-FCGB) - Highlights,2650
2014-01-26T23:00:00Z,LOSC Lille - Stade Rennais FC (1-1) - 24/01/14 - (LOSC-SRFC) -Highlights,1259
2014-04-27T22:06:26Z,Goal Salomon KALOU (23&#39;) - LOSC Lille-Girondins de Bordeaux (2-1) - 27/04/14 - (LOSC-FCGB),381
2014-02-09T23:00:02Z,But Ryan MENDES (90&#39; +3) - LOSC Lille-FC Sochaux-Montbéliard (2-0) - 08/02/14 - (LOSC-FCSM),1890
2014-04-27T22:06:38Z,Goal Ryan MENDES (68&#39;) - LOSC Lille-Girondins de Bordeaux (2-1) - 27/04/14 - (LOSC-FCGB),554
2014-02-16T23:00:03Z,But Ryan MENDES (90&#39; +3) - Evian TG FC-LOSC Lille (2-2) - 16/02/14 - (ETG-LOSC),7973
2014-02-09T23:00:02Z,LOSC Lille - FC Sochaux-Montbéliard (2-0) - 08/02/14 - (LOSC-FCSM) -Highlights,2902
2014-04-27T22:06:45Z,Goal JUSSIE (71&#39; pen) - LOSC Lille-Girondins de Bordeaux (2-1) - 27/04/14 - (LOSC-FCGB),312
2014-04-27T22:05:48Z,But Salomon KALOU (23&#39;) - LOSC Lille-Girondins de Bordeaux (2-1) - 27/04/14 - (LOSC-FCGB),2355
2014-02-16T23:00:02Z,Goal Divock ORIGI (23&#39;) - Evian TG FC-LOSC Lille (2-2) - 16/02/14 - (ETG-LOSC),1511
2013-09-01T22:47:00Z,Stade Rennais FC - LOSC Lille (0-0) - Highlights (SRFC - LOSC) - 2013/2014,1722
2014-02-16T23:00:02Z,Evian TG FC - LOSC Lille (2-2) - 16/02/14 - (ETG-LOSC) - Highlights,1922
2014-03-24T00:39:56Z,AS Monaco FC - LOSC Lille (1-1) - 23/03/14 - (ASM-LOSC) - Highlights,8085
2014-04-27T22:04:52Z,But JUSSIE (71&#39; pen) - LOSC Lille-Girondins de Bordeaux (2-1) - 27/04/14 - (LOSC-FCGB),806
2014-02-02T23:00:01Z,OGC Nice - LOSC Lille (1-0) - 02/02/14 - (OGCN-LOSC) -Highlights,1486
2014-02-16T23:00:03Z,But Divock ORIGI (23&#39;) - Evian TG FC-LOSC Lille (2-2) - 16/02/14 - (ETG-LOSC),12788
2014-03-30T22:00:01Z,LOSC Lille - EA Guingamp (1-0) - 30/03/14 - (LOSC-EAG) - Highlights,1806
2014-04-27T22:46:26Z,LOSC Lille - Girondins de Bordeaux (2-1) - 27/04/14 - (LOSC-FCGB) - Résumé,27283
2013-09-15T22:00:09Z,LOSC Lille - OGC Nice (0-2) - Highlights (LOSC - OGCN) - 2013/2014,2267
2014-02-09T23:00:01Z,Goal Divock ORIGI (3&#39;) - LOSC Lille-FC Sochaux-Montbéliard (2-0) - 08/02/14 - (LOSC-FCSM),1487
2014-02-10T01:39:08Z,Monaco - PSG in Slow Motion - Ligue 1 - 2013/2014,6718
2014-02-09T23:00:03Z,LOSC Lille - FC Sochaux-Montbéliard (2-0) - 08/02/14 - (LOSC-FCSM) -Résumé,12117
2014-07-24T18:58:56Z,Maccabi Haifa&#39;s friendly with Lille stopped early after pro-Palestinian protesters..,13757
2014-02-10T01:39:18Z,OM - Bastia in Slow Motion (3-0) - Ligue 1 - 2013/2014,4433
2014-02-16T23:00:02Z,Goal Cédric MONGONGU (64&#39;) - Evian TG FC-LOSC Lille (2-2) - 16/02/14 - (ETG-LOSC),624
2014-02-09T23:00:03Z,But Divock ORIGI (3&#39;) - LOSC Lille-FC Sochaux-Montbéliard (2-0) - 08/02/14 - (LOSC-FCSM),902
2014-02-10T01:35:35Z,Le match AS Monaco - PSG à la LOUPE (1-1) - Ligue 1 - 2013/2014,28465
2014-02-10T00:34:13Z,Ligue 1 - Week 24 Highlights - 2013/2014,3900
2014-02-10T01:05:02Z,Bloopers - Ligue 1: Week 24 -  2013/2014,2464
2014-02-10T01:34:53Z,Le match OM - Bastia à la LOUPE (3-0) - Ligue 1 - 2013/2014,10821
2014-02-16T23:00:02Z,But Cédric MONGONGU (64&#39;) - Evian TG FC-LOSC Lille (2-2) - 16/02/14 - (ETG-LOSC),2693
2013-08-02T07:19:57Z,"Enyeama, Mendes, Kalou et Paços de Ferreira",849
2014-01-26T23:00:01Z,LOSC Lille - Stade Rennais FC (1-1) - 24/01/14 - (LOSC-SRFC) -Résumé,7437
2014-02-09T23:03:34Z,Ligue 1 - Week 24 : Goals compilation - 2013/2014,549
2014-01-25T10:15:24Z,LOSC RENNES - 2014-01-24,154
2013-09-01T22:48:31Z,Stade Rennais FC - LOSC Lille (0-0) - Le résumé (SRFC - LOSC) - 2013/2014,9559
2014-02-10T00:37:40Z,Top 5 goals - Ligue 1: Week 24 - 2013/2014,4024
2014-03-09T19:27:26Z,MVI 9723 sortie kalou entrée mendes  losc montpellier 9/03/2014,105
2014-02-16T23:00:02Z,Evian TG FC - LOSC Lille (2-2) - 16/02/14 - (ETG-LOSC) - Résumé,14452
2014-02-02T23:00:03Z,OGC Nice - LOSC Lille (1-0) - 02/02/14 - (OGCN-LOSC) -Résumé,13349
2013-09-15T22:00:12Z,LOSC Lille - OGC Nice (0-2) - Le résumé (LOSC - OGCN) - 2013/2014,24509
2013-12-04T17:59:33Z,هدف دبي الثاني درامانيه تراوري - دبي vs عجمان - دوري الخليج العربي الاماراتي,83
2014-02-10T00:38:34Z,Ligue 1 - Top buts 24ème journée - 2013/2014,12578
2014-03-30T22:00:01Z,LOSC Lille - EA Guingamp (1-0) - 30/03/14 - (LOSC-EAG) - Résumé,18249
2014-03-23T23:43:59Z,AS Monaco FC - LOSC Lille (1-1) - 23/03/14 - (ASM-LOSC) - Résumé,25923
2014-02-16T23:00:02Z,Goal Kévin BERIGAUD (15&#39;) - Evian TG FC-LOSC Lille (2-2) - 16/02/14 - (ETG-LOSC),188
2014-02-09T23:15:33Z,Ligue 1 - Tous les buts de la 24ème journée - 2013/2014,12422
