publish_date,title,view_count
2014-02-06T12:03:00Z,Top 10 Goals - South Korea,1171430
2014-06-12T23:44:57Z,Vangelis - Anthem: The 2002 FIFA World Cup Korea / Japan,570836
2013-08-05T14:24:52Z,FIFA World Cup 2010 - South Korea through! 2-2 vs Nigeria enough to put them through to play Uruguay,989
2013-08-05T14:24:20Z,FIFA World Cup 2010 - South Korea Huh Jung-moo coach resigns,925
2013-08-05T14:24:24Z,"FIFA World Cup 2010 - South Korea conference with fans, Park Ji-Sung discusses future &amp; Asian Cup",4382
2013-09-25T09:45:24Z,youngjae.lee.2013,77
2014-05-13T15:05:39Z,Yun Suk-young : Roller Coaster,5743
2014-06-18T18:43:10Z,Англия   Италия 1 1 Футбол Чемпионат мира 15 06 14,58
2013-10-17T08:56:12Z,04&#39; 조재진 첫골,168
2014-07-18T11:00:02Z,What Happens When You Give  A Player A Camera? Part 3,1141
2013-10-17T08:56:30Z,04&#39; 조재진 첫골,553
2013-09-06T15:33:21Z,[2013.09.06/대한민국vs.아이티] 후반전 첫번째 패널티킥(PK) 얻는 이청용,1103
2014-02-17T08:55:26Z,SF - Japan vs Korea Republic: AFC Asian Cup 2011 (Full Match),367992
2013-11-08T05:07:12Z,Đồng Hành U-League 2013 | 07/11/2013,544
2013-09-26T14:37:01Z,CPB Semi-Final MD Set2 - Andika Yong/Nicky Aung v. JC Tien/Justin Law,1574
2013-11-16T02:12:17Z,Bahrain vs. Malaysia Video Highlights &amp; Interviews (15th Nov 13),333
2014-05-26T15:00:48Z,Park Jung Hoon Highlights,78
2013-11-14T04:13:01Z,su5雙打對韓國德國組合1,110
2013-10-17T08:55:47Z,04&#39; 시미즈 주빌로 Shimizu - Jubilo,259
2013-08-28T07:57:02Z,LoveLFC Football Meeting ครั้งที่ 1,475
2014-06-08T06:08:14Z,Badminton Mens&#39; Doubles,80
2014-02-05T04:58:50Z,Interview with Joachim Fisher,361
2014-03-14T14:25:26Z,2014 Massbad High School Team Badminton,39
2014-03-24T04:31:44Z,22 Mar 2014 - Peserta Kontes Miss Indonesia Meriahkan LIMA Bulutangkis,1342
2013-08-17T11:33:19Z,Lin Dan 1 VS 4 in Karamay of China,129002
2013-10-14T21:06:39Z,2013 Adidas NC Badminton Open MD Final G1 HendryCosmin vs JohnTahtat,612
2014-03-24T04:22:20Z,22 Mar 2014 - Tim Putri UPI Siap Ulangi Sukses Musim Lalu,264
2013-08-25T14:27:43Z,don.t LC Badminton - Martin Nguyen &amp; Tony Ku vs Kodi Chi &amp; Albert Cheung - 2 of 2,103
2014-07-14T08:22:37Z,2014년 부여 굿뜨레배 배드민턴대회 자강조 결승 펀민턴 김기석 이치훈 VS 조이민턴 양명재 이병훈,24681
