published-time,comment,likes
2014-07-26T02:10:52Z,오 ㅋㅋㅋ,1
2014-07-21T06:56:39Z,Cha bum kum and Cha doo ri in one video.. awwwwwwwwwwwwww father and son,12
2014-07-20T07:01:51Z,Judging by this video... South Koreans seem to enjoy scoring against Borrusia Dortmund more than anyone else,3
2014-07-19T20:14:09Z,I'm not fussy at all,0
2014-07-18T20:29:54Z,Koo is good,0
2014-07-14T16:38:24Z,NurderHSV,0
2014-07-13T07:40:35Z,SK has so many talented players. Too bad the terrible management makes them look so weak. ,5
2014-06-30T15:16:36Z,"love germany, from korea.",1
2014-06-26T11:18:34Z,올,0
2014-06-20T02:53:32Z,KOREA!,9
2014-06-18T02:28:53Z,sad that Park Ji Sung is not in the list ,5
2014-06-13T03:35:22Z,It's weird to see a Nike ball being used in the Bundesliga for the #1 goal. ,0
2014-06-08T17:51:45Z,차두리 1위 ㅎㄷㄷ,0
2014-06-03T23:26:36Z,I was waiting for kagawa then realised hes japanese...,1
2014-05-26T23:13:03Z,better than them boss!,0
2014-05-20T17:10:31Z,SON HEUNG MIN!!!!!!!!!!!!!!!!!!!!!!!!!!!,0
2014-05-03T04:52:49Z,:),7
2014-04-28T07:18:45Z,You know that the Cha du ri is son of Cha bum gun,0
2014-04-17T20:08:22Z,Nobody cares...,3
2014-04-06T11:18:24Z,"Korean naming 'Bum(=Beom) means tiger,Siberian tiger ( :",0
2014-03-29T11:34:17Z,COME ON KOREA LETS SHOW OUR SUPPORT!! 대한민국 화이팅!!!!!!!,1
2014-03-26T18:29:59Z,hoi,0
2014-03-04T19:55:04Z,"in the description.. it says "" Top ten goals from Koo, Ji, Cha and Co"" what do they mean by ""Co"" ? is it the name of a korean player... or meaning cooperated????  
what ever it might mean... the goals are AWESOME!",0
2014-02-17T00:27:40Z,Making us proud,0
2014-02-16T19:51:26Z,Damn those South koreans!,0
2014-02-13T19:45:42Z,"Never give koreans an open space, or we will score",0
2014-02-13T01:11:50Z,South Korean national team will be a top 30 team in the next 4 years,5
2014-02-12T04:14:22Z,Bayern always is the best,0
2014-02-10T10:56:11Z,,0
2014-02-09T14:19:41Z,"Diego in the ending was way better because of his laughing. Van de Vaart, even though he is a good player, is kinda lame....",0
2014-02-09T10:47:04Z,yeah,0
2014-02-09T08:02:21Z,,1
2014-02-09T02:20:28Z,손흥민!!!,0
2014-02-08T12:46:04Z,duricha,0
2014-02-08T10:46:32Z,"Hah, South Koreans are Dortmund killers! Schalke 04 should consider signing one or two Korean players. XD",54
2014-02-08T10:44:04Z,Good,0
2014-02-08T06:56:37Z,How wonderful goals! ,3
2014-02-08T05:48:44Z,우왕 멋있어요! 차범근님 골이 제일 멋진거 같아요ㅋㅅㅋ,0
2014-02-08T03:44:40Z,CHA!!!! like father like son!!!,0
2014-02-08T01:09:21Z,Don't Cha wish your right-back was Cha Du-Ri!,0
2014-02-08T00:52:01Z,이런 구자철을 볼프스부르크에선 활용을못하고 ㅋ,0
2014-02-08T00:35:26Z,Son's first goal against Nurnberg this season was quite special,17
2014-02-07T22:06:26Z,Cha Bum!,0
2014-02-07T21:36:16Z,Why did they switch diego for van der vart in the outro ?,0
2014-02-07T17:41:56Z,100th Comment,0
2014-02-07T16:04:58Z,Where's Diego In The End ?,0
2014-02-07T15:55:42Z,한국인들한국어좀쓰지....ㅠ,0
2014-02-07T15:07:43Z,and BVB buy south korea player for that,2
2014-02-07T14:54:28Z,Best,0
2014-02-07T13:46:21Z,wow graet!!,0
2014-02-07T13:45:57Z,woo......great!!,0
2014-02-07T13:37:06Z,good^^,0
2014-02-07T13:11:07Z,"This video is made by Bundesliga no Korean. It's too amazing. I love German.
Thank you for making this video.",35
2014-02-07T12:42:30Z,"Poor Dortmund,Haha",11
2014-02-07T11:55:53Z,Koo ja cheol the legend,0
2014-02-07T11:39:07Z,hahah the commentators,0
2014-02-07T10:28:45Z,Doori Cha and Bum Cha are wonderful players.,0
2014-02-07T09:37:25Z,THX for Video ! Bundesliga♥,4
2014-02-07T08:14:55Z,Koo's goals are always beautiful!,12
2014-02-07T07:53:27Z,Tscha Bum!,20
2014-02-07T06:39:51Z,thx for vid Bundesliga :),2
2014-02-07T05:57:17Z,Keep it up Korean!,12
2014-02-07T04:09:57Z,very good !!!!,0
2014-02-07T03:41:44Z,no more diego in the ending!!! ,30
2014-02-07T02:56:47Z,bundesliga is more fun to watch than epl these days,2
2014-02-07T02:30:50Z,CHA BOOM IS THE LEGEND,2
2014-02-07T02:29:29Z,Cha  bum. The best.,1
2014-02-07T02:29:27Z,Cha  bum. The best.,0
2014-02-07T01:48:23Z,Amazing,3
2014-02-07T01:47:30Z,Cha-minator~,0
2014-02-07T01:30:01Z,Great Goals~~~ ^^,0
2014-02-07T01:13:00Z,South Korea has great players,716
2014-02-07T00:27:27Z,I saw this coming lol,0
2014-02-07T00:18:31Z,So the bundesl8ga had the same commentator since 1970? Lol ,30
2014-02-07T00:13:39Z,"Respect Cha Bum, the BEST korean player in history",604
2014-02-06T23:56:18Z,Cha Bum!,0
2014-02-06T23:14:20Z,손흥민도대단하지만 구자철이진짜대단하네.. 한국미필중에 외국나가서저렇게 골많이넣는선수 처음본다.. 진짜 월드클래스맞는듯..,28
2014-02-06T22:39:06Z,Proud of korea !!,1
2014-02-06T22:39:09Z,Proud of korea !!,11
2014-02-06T22:05:14Z,No Diego at the end :(,1
2014-02-06T18:26:18Z,KOREA! :D,0
2014-02-06T17:43:03Z,헐 차두리 ㅋㅋㅋㅋㅋㅋ,1
2014-02-06T17:32:21Z,DEJI is having a wank fest,4
2014-02-06T16:54:12Z,"프리미어리그에서 한국 선수가 활약해도
한국 선수를 저평가하고  왠지 한국 선수들을 주변인처럼 취급하는 느낌이 많았는 데
분데스리가는 이런 영상도 만들어서 올려주는구나..",369
2014-02-06T16:50:54Z,Note to self - dont leave Koo with space to shoot.,24
2014-02-06T16:41:35Z,this budesliga youtube channel is awesome,4
2014-02-06T16:37:13Z,you gotta love son!,57
2014-02-06T16:32:21Z,"Amazing goals...  Way to go S Korea.
 ",11
2014-02-06T15:56:32Z,Wow koo wow son wow cha bummmm,1
2014-02-06T15:55:15Z,Chaboom is Legend,0
2014-02-06T15:49:44Z,Yay Diego's not there to annoy me at the end!,22
2014-02-06T15:27:14Z,#7 was the best,0
2014-02-06T15:16:49Z,"Du-Ri Cha is a son of Bum-Gun Cha, who is a legend of all Bundesliga foreigner player. ",67
2014-02-06T14:59:18Z,"I'm really proud of those Korean players in Bundesliga, one of the best soccer league in the world XD",1
2014-02-06T14:48:51Z,Duri Cha !!,2
2014-02-06T14:20:21Z,best list ever,0
2014-02-06T14:04:05Z,"This video shows the past, present, future of korean soccer.......",19
2014-02-06T13:57:47Z,We wont forget u. Cha bummmm,122
2014-02-06T13:54:51Z,"looooool  Heung-Min Son 
WHAT A TALENT!!!!",103
2014-02-06T13:03:54Z,Six of the commentators mentioned the players were South Korean. Racist Commentators!!🇰🇷🇰🇷🇰🇷🇰🇷🇰🇷🇩🇪🇩🇪🇩🇪🇩🇪,0
2014-02-06T12:46:52Z,Ahn!,3
2014-02-06T12:39:11Z,Frankfurt 9-2 Bremen? wow...!!!,61
2014-02-06T12:17:46Z,Wow koo,65
2014-02-06T12:17:38Z,nice goals,0
2014-02-06T12:05:45Z,First view! Btw great goals!,0
2014-02-06T12:05:41Z,Firsttttt,2
2014-07-10T00:37:03Z,"This video gave me so much emotions and memories. Wow, what a great tribute/mix!",18
2014-07-02T23:37:28Z,excellent remix!,10
2010-06-30T11:20:09Z,i'm so proud of them T_T,0
2014-05-28T09:44:35Z,"Dear Phil Shaw.
Thank you for your request, and I will do someday.
I am afraid I can not do shortly, but I promise I will do within 2 weeks.
Many thanks ",0
2014-05-27T20:51:41Z,English translation or subtitles?,1
2014-05-16T05:07:07Z,"명바횽 석영이 위건전 뛰고 오라고 합시다,",0
2014-06-18T21:08:00Z,Wonderfull,7
2013-09-28T01:21:15Z,Hey its johnny Tran and David trinh on the left court,0
2013-08-28T14:38:28Z,อยากไปมากๆอ่ะครับ,0
2013-08-28T10:12:29Z,ขอบคุณทุกท่านนะครับ ที่ทำให้เรามีวันนี้ร่วมกัน You Will Never Walk alone  แล้วพบกันในครั้งที่ 2 นะครับ กลางเดือนกันยายน 2556 กับ LoveLFC Football Metting ครั้งที่ 2 ^__^,0
2013-08-28T09:33:28Z,ครั้งหน้าต้องมีผม ไปด้วยนะคับ ^^,0
2014-04-16T02:41:37Z,"this is what grows love for badminton for younger player. without younger player, we will not have professional players in the future. i hope indonesia could see this as an example. back it 80s 90s, we had tons of junior competitions, where are all the funds now? well we all know..",1
2013-11-15T12:01:21Z,karamay of chain?,0
2013-11-11T10:15:49Z, #respect  ,0
2013-08-25T15:01:57Z,Best player ever..,1
2013-08-23T15:39:22Z,So strong,1
