publish_date,title,view_count
2014-02-02T20:50:39Z,Karşıyaka Maçında Landel&#39;e Yapılan Penaltı,252
2014-05-26T22:09:22Z,MATCH AMICAL / Mali - Guinée (1-2) : : tous les buts de la rencontre,74612
2014-02-02T02:48:13Z,Orduspor - Adana Demirspor,130
2014-02-03T08:12:01Z,Orduspor-Karşıyaka 2-1,123
2014-02-04T16:53:39Z,Nayib Lagouireh,1906
2013-11-07T09:40:21Z,Nejc Skubic Highlights 2013 Long Version,508
2013-12-30T11:32:40Z,30.12.2013 Galatasaray&#39;da ilk Ayrılık,51
2013-11-23T20:16:19Z,Slobodan Vuk,1145
2013-12-13T09:25:55Z,SA Mamers A - Le Mans Sablons (15/09/2013),472
