publish_date,title,view_count
2013-12-21T23:00:01Z,Chamois Niortais - US Créteil (2-1) - 20/12/13 - (NIORT - USCL) - Résumé,2506
2013-09-25T22:00:17Z,Chamois Niortais - Nîmes Olympique (2-1) - Le résumé (NIORT - NIMES) - 2013/2014,2285
2013-11-12T11:00:02Z,Chamois Niortais - RC Lens (2-2) - Le résumé (NIORT - RCL) - 2013/2014,20160
2013-10-19T22:00:00Z,Angers SCO - Chamois Niortais (2-0) - Le résumé (SCO - NIORT) - 2013/2014,13044
2014-02-01T23:00:01Z,Chamois Niortais - FC Metz (2-0) - 31/01/14 - (NIORT-FCM) -Résumé,7003
2013-08-31T22:00:10Z,Chamois Niortais - AC Arles Avignon (1-0) - Le résumé (NIORT - ACA) - 2013/2014,2682
2014-04-05T22:00:01Z,Chamois Niortais - Dijon FCO (2-0) - 04/04/14 - (NIORT-DFCO) - Résumé,3263
2013-08-24T22:00:11Z,FC Metz - Chamois Niortais (1-1) - Le résumé (FCM - NIORT) - 2013/2014,6023
2013-12-14T23:00:01Z,AJ Auxerre - Chamois Niortais (2-0) - 13/12/13 - (AJA - NIORT) - Résumé,4743
2014-03-01T23:00:02Z,Nîmes Olympique - Chamois Niortais (4-1) - 28/02/14 - (NIMES-NIORT) - Résumé,4490
2014-01-11T23:00:00Z,CA Bastia - Chamois Niortais (0-3) - 10/01/14 - (CAB-NIORT) -Résumé,2410
2013-11-23T23:00:01Z,Stade Brestois 29 - Chamois Niortais (0-1) - Le résumé (SB29 - NIORT) - 2013/2014,3154
2013-10-26T22:00:01Z,Chamois Niortais - FC Istres (3-1) - Le résumé (NIORT - FCIOP) - 2013/2014,3034
2013-08-17T22:00:11Z,Chamois Niortais - Havre AC (1-1) - Le résumé (NIORT - HAC) - 2013/2014,5008
2013-09-21T22:00:09Z,SM Caen - Chamois Niortais (3-1) - Le résumé (SMC - NIORT) - 2013/2014,10783
2013-08-03T22:00:12Z,Chamois Niortais - ESTAC Troyes (1-1) - Le résumé (NIORT - ESTAC) - 2013/2014,6736
2014-03-22T23:00:01Z,Chamois Niortais - Angers SCO (2-1) - 21/03/14 - (NIORT-SCO) - Résumé,8839
2013-11-30T23:00:01Z,Chamois Niortais - Stade Lavallois (0-1) - 29/11/13 - (NIORT - LAVAL) - Résumé,2690
2014-02-08T23:00:02Z,AC Arles Avignon - Chamois Niortais (0-0) - 07/02/14 - (ACA-NIORT) -Résumé,1622
2014-04-19T22:00:01Z,Chamois Niortais - Stade Brestois 29 (1-2) - 18/04/14 - (NIORT-SB29) - Résumé,3536
2013-08-10T22:00:11Z,Tours FC - Chamois Niortais (1-1) - Le résumé (TOURS - NIORT) - 2013/2014,4158
2013-11-02T23:26:28Z,Dijon FCO - Chamois Niortais (2-2) - Le résumé (DFCO - NIORT) - 2013/2014,24438
2014-05-07T22:00:02Z,US Créteil - Chamois Niortais (1-1) - 06/05/14 - (USCL-NIORT) - Résumé,1723
2013-09-28T22:00:01Z,Châteauroux - Chamois Niortais (3-0) - Le résumé (LBC - NIORT) - 2013/2014,3542
2014-03-08T23:15:09Z,Chamois Niortais - Châteauroux (4-0) - 07/03/14 - (NIORT-LBC) - Résumé,4625
2014-03-29T23:00:01Z,FC Istres - Chamois Niortais (2-1) - 28/03/14 - (FCIOP-NIORT) - Résumé,2616
2013-09-14T22:00:05Z,Chamois Niortais - Clermont Foot (0-0) - Le résumé (NIORT - CF63) - 2013/2014,1277
2014-05-17T22:00:01Z,ESTAC Troyes - Chamois Niortais (4-1) - Résumé - 16/05/14 - (ESTAC-NIORT),5617
2014-04-26T22:00:02Z,Stade Lavallois - Chamois Niortais (2-4) - 25/04/14 - (LAVAL-NIORT) - Résumé,6789
2014-04-12T22:00:01Z,RC Lens - Chamois Niortais (2-0) - 12/04/14 - (RCL-NIORT) - Résumé,36377
2013-10-05T22:00:00Z,Chamois Niortais - AS Nancy-Lorraine (2-2) - Le résumé (NIORT - ASNL) - 2013/2014,3713
2014-02-22T23:00:01Z,Chamois Niortais - SM Caen (0-0) - 21/02/14 - (NIORT-SMC) - Résumé,1669
2014-03-15T23:00:00Z,AS Nancy-Lorraine - Chamois Niortais (1-1) - 14/03/14 - (ASNL-NIORT) - Résumé,3456
2013-12-21T22:05:18Z,Conférence de presse Chamois Niortais - US Créteil (2-1) - 2013/2014,100
2013-10-24T15:45:06Z,Wikibee Istres - 1re victoire à l&#39;extérieur pour Istres face à Niort ?,61
