published-time,comment,likes
2013-10-13T10:50:00Z,Allez les chamois niortais!!! j'ai pas envie de vous voir en national vs avez le niv de la ligue 2 essayer de ne pas etre relegue cette saison et si vs etes encore en ligue2 la saison prochaine essayer de monter en ligue1 comme ya 15ou 20ans. Allez les supporters sont la!!!,0
2013-09-26T10:33:54Z,Sérieux les gars faut se remotiver je veux pas aller vous voir en National !,0
2013-11-15T14:55:49Z,Ouais,0
2013-11-12T18:37:03Z,pas mal,1
2013-11-12T16:23:38Z,Mais quel but de Kantari :D Aller LENS <3 ,3
2013-11-12T13:15:38Z,#Ligue2 - Retrouvez le résumé du match de clôture de la 14e journée Opposant le Chamois Niortais FC au RC Lens !,6
2013-11-12T11:16:14Z,LENS ♥,2
2013-11-12T11:08:22Z,Sala :bave:,1
2013-10-24T22:55:16Z,Allez les chamois Niortais vs etes les meilleurs,0
2013-10-21T17:07:27Z,Angers 3,0
2013-10-21T17:06:48Z,Angers 3,0
2013-10-21T17:03:32Z,C'était trop cool j'étais au stade!!!,0
2013-10-21T15:00:49Z,Çà se voit que tu n'es jamais aller à Bollaert ,0
2013-10-20T09:49:02Z,"Les meilleur j'y etait une belle ambience =o
",0
2013-10-20T09:05:25Z,Angers! Angers! Angers! ❤,0
2013-10-20T09:03:18Z,Allez niort !,0
2013-10-20T01:46:27Z,Aller angers,0
2014-02-02T09:45:50Z,"Allez les chamois, le podium est plus très loin !",1
2014-02-02T08:45:48Z,Chamois Niortais <3 En route vers la ligue1 <3,1
2014-02-02T08:21:30Z,Super match des niortais!,1
2014-02-02T00:04:26Z,malgres la defaite on est la allez metz <3 ,0
2014-02-01T23:31:44Z,aller voir le but de yattara (angers-sco) contre CA Bastia,0
2013-09-01T11:22:17Z,Super match de Niort mon ticket a été rentabilisé,0
2013-09-01T11:09:44Z,Enfin une victoire pour Niort!Sala est recompensé à la suite d'un très bon match!Vive les chamois!,0
2013-08-31T23:53:01Z,Score logique au vu de la domination des Niortais. Gros match de Sala! ,0
2014-04-06T18:46:41Z,"0.23, Its me! ;)",0
2013-09-05T16:44:19Z,Metz aurait  pu marquer en première mi-temps avec un arbitre a deux balles ,0
2013-09-05T16:40:27Z,entièrement d accord,0
2013-08-25T11:47:56Z,Arbitrage scandaleux !!,0
2013-08-24T22:44:08Z,"Totalement d'accord avec 57LorN. Et comme par hasard on ne montre pas qu'il y a eu erreur d'arbitrage sur la vidéo officielle de la ligue. Mais tiens, quel hasard ! 
Ce qu'on ne voit pas : C'est un coup franc assez discutable, puis une fois le coup franc frappé une énorme prise de catch sur Anthony M'FA et un corner sifflé alors qu'après ce coup franc personne ne touche la balle... 3 erreurs d'arbitrages en 30 secondes avec 3 arbitres... On peut dire que l'on nous a volé 2 précieux points. ",0
2013-08-24T22:37:19Z,"J'espère que des sanctions seront prise à l'encontre de Yohann Rouinsard, 3 erreurs en l'espace d'une mn qui coûte un but pour le FC Metz. Changez de métier pendant qu'il en est encore temps.",0
2013-12-25T11:59:04Z,aller auxerre,0
2013-12-17T09:39:25Z,"nantes-auxerre coupe de la ligue :)
super match en approche (de la part d'un supporter nantais )",0
2013-12-15T10:30:37Z,"Magnifique tete de Lefevre, très impressionnante en vrai !",2
2014-03-04T19:08:31Z,Pourquoi ya rouge ? C'était pas le dernier defenseur...,0
2014-03-04T09:45:26Z,Parce que il a pas le droit de faire une passe en retrait à ras de terre au goal qui la pris a la mains,0
2014-03-03T07:32:01Z,Rien compris pour le coup franc indirect dans la surface de reparation ... On m'explique svp,0
2014-05-16T20:07:04Z,y a personne au stade mdr la honte !!!,1
2013-11-24T07:55:37Z,"Mais bon après c'est clair que ce match là, les niortais méritaient clairement de gagner même à 11 contre 9",1
2013-11-24T07:53:35Z,"Ils sont vraiment dans un mauvaise passe les brestois, c'est assez étonnant vu les performances de l'équipe ces dernières années :/ vous avez mon soutien (un supporter dijonnais)",1
2013-11-23T23:21:42Z,"Yeah chamois
",1
2013-10-27T00:47:59Z,Beau match.Belle victoire niortaise.,0
2013-08-18T14:39:26Z,Il on pas montrer la barre transversale de Niort à la fin,0
2013-08-18T00:45:14Z,C claire,0
2013-08-17T22:36:49Z,Il faut que le Hac remonte la pente ... ,0
2014-01-04T18:53:57Z,Super coup franc cannabis !,0
2013-10-05T19:57:02Z,J'avoue xD,0
2013-09-23T00:27:26Z,La defense de Niort sur le 3eme but....,0
2013-09-22T16:45:05Z,Surtout quil va y avoir max 10 comm,0
2013-08-04T01:21:46Z,Allez l'estac ! *,1
2013-08-04T01:21:26Z,Allez m,0
2013-08-03T22:50:25Z,First,0
2014-03-23T08:00:36Z,"domage le sco qui méritaient mieux vu la physiomie du match ... :-\
Si niort monte, le club signera son arrêt de mort... Nouveau stade a construire, effectif a renforcer, centre d entrainement de ligue 1, pour l un des plus petit budget de ligue 2.",1
2014-03-23T08:00:25Z,"domage le sco qui méritaient mieux vu la physiomie du match ... :-\
Si niort monte, le club signera son arrêt de mort... Nouveau stade a construire, effectif a renforcer, centre d entrainement de ligue 1, pour l un des plus petit budget de ligue 2.",1
2014-03-23T07:45:43Z,"bravo Niort, quand on voit que Niort avait plus etait sur un podium de ligue 2 depuis la saison 2003/2004",0
2014-03-23T07:32:40Z,Bravo aux chamois!,0
2014-03-23T07:10:59Z,Bravo à Niort,0
2014-04-21T06:59:05Z,"Ok le ballon est contré sur le premier but brestois mais je ne vois pas de fautes sur le penalty.En tout cas Brest impose sont territoire partout ou il va ne ce moment, il faudra faire un bon match contre clermont.
",0
2014-04-20T10:13:47Z,"Le premier but de Brest est donnée par l'arbitre.
Allez Chamois",0
2014-04-19T22:19:33Z,Ici c'est Brest !!! <3,6
2014-01-19T19:57:30Z,Je prefere le match tours Châteauroux 4-0,0
2013-09-18T16:13:45Z,Allez tours fc,0
2013-08-14T14:10:36Z,Classement des buteurs : Kevin Rocheteau (Chamois Niortais) prend le pouvoir ! http://bit.ly/18s3TRj,4
2013-08-12T00:48:37Z,Allez Tours Fc,0
2013-08-11T12:42:25Z,Par contre le gardien Niortais c'est Paul Delecroix et non pas Bernard... ,0
2013-08-10T22:07:55Z,Assez belle rencontre !,0
2013-08-10T22:07:49Z,Assez belle rencontre !,0
2013-11-04T23:10:17Z,WTF quels buts de dingues!!!,1
2013-11-04T18:04:25Z,jy etait aussi et la 2ieme ils ont du ce faire remonter les bretelles par lentraineur mdrr,0
2013-11-04T18:02:42Z,cest toi quest de la daube,0
2013-11-04T11:31:39Z,"Je rigole, c'etait juste par rapport aux deux buts superbe :)",0
2013-11-04T02:26:05Z,Kone qui a avoué plus tard ne pas avoir fait exprès de marquer de cette manier,1
2013-11-03T20:43:23Z,si tu le dis fredy si tu le dis ...,0
2013-11-03T18:43:09Z,"dijon c'est de la daube
",0
2013-11-03T18:30:20Z,si Zlatan met les deux buts de Dijon les deux buts font le tour du monde,0
2013-11-03T17:47:49Z,Mais quesce que tu dit Moray ! :D,0
2013-11-03T13:49:12Z,DFCO = PSG + MONACO ahaha,0
2013-11-03T12:14:59Z,Pour le peno le rouge est limite mais je pence que l'arbitre le vois comme dernier défenseur et il applique le règlement !!!  ,0
2013-11-03T10:29:20Z,pour moi le but le plus beau est le but de koné avec un geste technique incroyable,1
2013-11-02T23:52:16Z,le butt de remy est le plus beau,0
2013-11-02T23:52:00Z,j'etais au match 1ere mi-temps nul deuxieme un peu mieux,0
2013-11-02T23:48:35Z,Le but de Koro Koné = celui d'Ibra,0
2013-11-02T23:35:12Z,DFCO <3,0
2013-10-04T07:40:42Z,*à 10,0
2013-10-01T09:48:29Z,ah les buses,0
2013-09-29T09:11:22Z,Ahahagahahahagdbaaaaaaaaaga,0
2014-03-12T16:21:22Z,"#Ligue2 - Classement des passeurs - Lors de l’éclatante victoire niortaise face à Châteauroux (4-0), Jimmy Roye a délivré sa 5e passe décisive et prend place dans le Top 20 du classement officiel des passeurs de Ligue 2. Fajr, Lejeune et Delort composent toujours le trio de tête. http://bit.ly/1g58XMK
Chamois Niortais - Châteauroux (4-0) - 07/03/14 - (NIORT-LBC) - Résumé",4
2014-03-09T09:01:22Z,Super match des niortais!,0
2014-03-09T08:48:58Z,Le commentateur on dirait moi qui commente :D,2
2014-03-30T14:05:38Z,Sa va être sérré pour la monté cette saison.,0
2014-03-30T07:41:46Z,Dommage pour Niort..,1
2013-09-17T15:43:39Z,Il y a aussi eu un but de Sala refusé pour rien donc il n'est pas dans la vidéo pour couvrir l'erreur d'arbitrage...,0
2014-04-27T07:43:09Z,"Bravo Niort ! Vive la L1 !
",2
2014-04-15T08:11:39Z,"Bravo au racing et à leur public.
Dommage pour Niort, la marche est un peu trop haute cette année, ALLEZ CHAMOIS!",0
2014-04-13T19:59:13Z,Aller le losc l'anner prochaine enfin un derby marant !!,0
2014-04-13T09:20:00Z,"Quelle ambiance !
6 points d'avance sur le 4ème, faut pas lacher maintenant ! Allez Lens !",5
2013-12-19T18:02:32Z,"Nancy aten d'être dominé pour marqué 
ps:magnifique but de karaboué
allez nancy!!!!!!!!!!!!!!!!!!!!!!!!!!!!!!!!!!!",0
2013-10-06T19:07:52Z,tu as raison notre 2ème gardien est un gros bolosse.,0
2014-03-16T08:21:07Z,allez nancy !!!,1
2014-03-16T00:04:32Z,Dommage les CN,1
