published-time,comment,likes
2014-07-24T15:38:19Z,Sanogo is shit. Must practice coordination and passes. Why just not let Chuba Akpom play instead,6
2014-07-22T02:02:52Z,Best Player Ever,18
2014-07-21T19:21:36Z,Sanogo has great potential. He could make a great first team player if He sticks with Arsenal for the next few years. Giroud is bound to move on in the next few years so it is Sanogo's chance to step up his game!,4
2014-07-19T13:11:24Z,"yes there is potential, but htf did you manage 4 minutes of film from this match",31
2014-06-22T10:51:57Z,he's brave and hard working. his passing can improve and his physical can be his best trait. he'll be a better striker than drogba in my opponion.,3
2014-06-07T16:07:14Z,This guy got some good work rates i'll give him that,4
2014-06-01T21:30:16Z,"Definetly a promising talent, extremely hard working player, but he is very Raw, albeit he is still only 21, he needs some time out on loan to give himself regular playing time

He is headed to be a great striker with his aerial ability, control, strength etc.",4
2014-05-28T13:03:00Z,I dont rate him but could be better if he comes to wba :P ,1
2014-05-21T12:39:41Z,"he needs loaning out for sure, he has the raw talent but cant see him getting game time tbh.",2
2014-05-19T14:18:02Z,sanogo is shit,18
2014-04-22T21:37:11Z,is that adebayor?,1
2014-04-18T07:36:46Z,He's a great little player should go to the pool,2
2014-03-10T16:21:51Z,He played well,1
2014-03-02T21:38:05Z,Reminds me of Bambi,5
2014-02-27T21:20:27Z,.,1
2014-02-24T00:24:03Z,Sanogo was bullying skrtl and agger! ,10
2014-02-21T18:24:23Z,I see good potential in this young man. Make him main striker until the end of the season. ,11
2014-03-30T04:38:53Z,those autograph hunters get soo keen,0
2014-03-30T02:02:23Z,What car?,0
2014-03-30T00:43:40Z,just sign a proper f*cking striker !,0
2014-03-29T22:06:15Z,Love him,0
2014-03-29T21:20:30Z,"YAYA SANOGO for the muppets that have commented, as if we would put Toure on our Arsenal Fan TV!!!",0
2014-03-29T20:53:14Z,if only he had signed for us,1
2014-03-29T20:52:32Z,Please someone tell me where to go after the game to see the players driving out,1
2014-03-29T20:51:52Z,"Sanogo, would've liked to see him come on a bit earlier tho.",3
2014-03-29T20:38:45Z,Yaya great player and a great person as well!,0
2014-03-29T20:38:07Z,See Yaya driving a german whip. ,40
2014-03-29T20:35:16Z,Awesome,0
2014-02-23T23:36:33Z,This guy nods his head more than churchill the dog,1
2014-02-22T10:15:32Z,they even said at sky sports sanogo will be the next anelka,0
2014-02-19T12:01:09Z,"So man Utd has bear us, man city has beat us, we failed to beat Chelsea, and Liverpool beat us, and we still are in dream land thinking we are title contenders ",0
2014-02-19T08:10:20Z,Hopefully sanogo or bendnter leaves in the summer so it will make arsene get a half decent striker,0
2014-02-18T23:12:21Z,Always love watching Chris,3
2014-02-18T23:08:42Z,haven't seen chris on AFTV in ages!! Good to see him back,5
2014-02-18T12:36:46Z,"It wasnt a good point against Manu, we should win and stop give them so much respect, because they dont desrve it this season, they playing crap.",0
2014-02-17T22:55:26Z,This guy made a lot of sensee,1
2014-02-17T21:35:18Z,But Anelka left ,2
2014-02-17T20:42:22Z,Hes black and french.  Similarities end there.,25
2014-02-17T19:51:43Z,"He should be a priest.Thou shall not boo

Sanogo is not better than Bendtner let alone Anelka",3
2014-02-17T19:24:39Z,Love this guy!,3
2014-02-17T18:12:03Z,i think we dissed him cause we just wanted to see him on one time because of our lack of depth upfront,0
2014-02-17T17:40:29Z,"I call this guy the Mr We will be 10 points clear by February man. Now he is calling Sanogo after one game, just one game the next Anelka. Don't walk before you can crawl.",1
2014-02-17T16:40:28Z,"what the hell, anelka really ANELKA thats just too much one decent not even great game and your saying ANELKA wtf ",2
2014-02-17T14:00:51Z,A bit over the top mate comparing Sanogo to Anelka...,25
2014-02-17T13:15:59Z,Good man. Nice talk (y),0
2014-02-17T12:19:54Z,love this guy,3
2014-02-17T10:52:11Z,"Yup, he's correct. The dying breed of football fans. Singing and chanting and standing from the beginning till the end.",0
2014-02-17T08:23:39Z,This guys a bit holier than thou. ,1
2014-02-17T08:13:07Z,"""I've been knackered as well""
Cheeky! :)",15
2014-02-17T07:52:32Z,"Jesus, what you trying to do, make us deaf?",0
2014-02-17T07:46:28Z,Can nearly hear it,3
2014-02-18T00:37:30Z,my g sanogo..well done,0
2014-02-26T20:53:54Z,isit me are thi this man really class Birmingham  and Arsenal in the same CLASS.. WHAT IS GOING ON PPL ARE RE JUST LIKW MNA U MAN CITY WE ARE A BIGGGGGG CLUB IN THE TOP 7 IN ERUPT BEST ,0
2014-02-25T20:06:39Z,"ah for GAWDS sake. Its clear the kid Sanogo and all the other changes where made by Wenger because he was terrified of Liverpool demoralizing his squad to within an inch of their overpaid life's.

By playing this poor kid if they got smacked off the face of planet again he could turn around and drop the usual ""Well we are young and we made some mistake and we will learn form this and mature blah blah crack""",0
2014-02-20T21:06:36Z,"I like this guy, make him a regular!",0
2014-02-17T22:19:58Z,Well spoken sir.,0
2014-02-17T19:34:40Z,Sanogo is VERY green as a striker but his got excellent physicality and caused major problems vs the Liv back line. Played some neat through passes at times also. ,0
2014-02-17T15:51:03Z,The condemned postman will make people eat the humble pie. I once said it. And he's not even fully fit yet.,3
2014-02-17T14:26:29Z,what d hell he didn't kick a ball on a target ridicolous,0
2014-02-17T13:01:14Z,The Postman finally delivered some goods.,0
2014-02-17T07:21:01Z,"Where were all these fans when we lost to Liverpool and drew with United? Do they only have something to say when we win? 
:(",0
2014-02-17T07:20:18Z,MY DAD :D ,10
2014-02-17T05:54:00Z,plus he fucking useless ahahahh,0
2014-02-17T05:53:48Z,"SANOGO OVER GIROUD FOR BAYERN, wont happen but seriously after everything off the pitch with giroud I dont even think he should start considering he wont be mentally prepared.",0
2014-02-17T03:58:22Z,He's been training with Henry and just wait till Dennis Bergkamp returns to Arsenal.,1
2014-02-17T03:50:50Z,Sanogo is 21 mate lol,0
2014-02-17T02:35:22Z,He's quicker & more agile than Giroud & Bendtner. Let's not forget he's also big in size too so that helps. He still needs match fitness but looks very promising. Wenger will turn him into a superstar. ,1
2014-02-17T01:58:33Z,Yaya did bring a different energy to the squad today. Still needs time to grow though.,0
2014-02-17T00:13:03Z,"I like this guy, good interview and he's got a point",0
2014-02-16T23:42:09Z,"he was ok, let's not overreact, when Bendtner leaves and we buy a new striker he'll be lower down the pecking order. But 1 thing i can say, when he does improve, he'll make the competition up front very stiff and that's what we need quality as well as depth and he looks like he can kick on to be a proper player.",0
2014-02-16T23:38:55Z,Sanogo will be 10 times better than Giroud (Big Fact),5
2014-02-16T23:31:25Z,I'd start Sanogo against Sunderland.,5
2014-02-16T23:25:48Z,"Robbie I just think you need to stop asking fans can we win it...it's a stupid question 9 out of 10 fans will say yes after winning the game

Arsenal have not won anything for 8 years, I say Everton has a better chance to win than arsenal. For, wise we have been very average, and everyone knows it city year it just depends if they can keep their squad fit

",1
2014-02-16T23:09:57Z,I actually think I was watching a different game. Yaya Sanogo was absolutey shocking!,0
2014-02-16T23:07:53Z,"Yaya Sanogo looks promising, he was training with KING henry and Henry rates him. I think under Wengers guidance and the fans backing him he can become a decent striker! COYG!",0
2014-02-16T23:00:56Z,"I think Sanogo did well, and would play him in front of Bendtner. Well done the Gooners, bring on Bayern.. COYGUNNERS!!!!!!!!",0
2014-02-16T23:00:07Z,he just turned 20,0
2014-02-16T22:53:06Z,The guy was sloppy lazy few good passes Mabey due to fitness but no that's not a arsenal striker end of what happened to the days of Henry come on arsenal we are not gunna Win it with sanogo,0
2014-02-16T22:52:33Z,"He's 21 though, not 19. But he was very good indeed. Impressive.",19
2014-02-16T22:49:57Z,Agreed,0
2014-02-16T22:43:57Z,yes he was,8
2014-05-13T06:28:20Z,"Chris so precise when he speaks that even an attempt of a Joke he does you take it seriously rather than laugh.
He didn't deliver on that one but talks lots of sense ",0
2014-05-12T12:59:47Z,"Ray parlour, The Real Rock Pele..Wth..",0
2014-05-12T12:59:45Z,"Ray parlour, The Real Rock Pele..Wth..",0
2014-05-12T10:12:53Z,...Alan ,0
2014-05-12T01:54:29Z,"Where is our trophy for being top for 128 days?

Oh that's right you don't get one! Stfu!",1
2014-05-12T00:26:20Z,This guy is so calm in all interviews lol,8
2014-05-11T23:56:01Z,Sorry but bayern were not the best team in the world when we drew at their place,0
2014-05-11T23:19:19Z,"Tony pulis behind
",18
2014-04-16T09:40:50Z,"He is talented, but has still A LOT to learn. Injuries stopped his development. ",0
2014-02-26T01:18:00Z,Vid quality not so good,0
2013-10-18T21:13:51Z,like the footwork for the second goal.,0
2014-05-18T16:45:37Z,"Goddamnit it's so freaking awesome and so emotional to finally see the team of my heart raise a trophy and be happy! We've been through 8-2, we been through 6-0 and we been through heavy streams of criticism and doubt, but they came back on the pitch and won in the end, showing that Arsenal just won't give up. Fantastic moral and attitude. You'll only find that in the few special clubs with heart and dignity. 

And congratulation to Atletico Madrid too, you deserved it!",2
2014-05-18T15:40:45Z,Yaya lol ,0
2014-05-18T09:36:37Z,yaya yaya yaya yaya yaya sanogo!!!,4
2014-05-18T08:14:54Z,"Sanogo is the game changer, although he can't score, but he had made the different for us,I can't see sign of winning until he came on",18
2014-05-18T07:53:05Z,Sanogo is dog shit,0
2014-05-18T04:44:52Z,hahah sanogo cracks me uppp.. congrats arsenal  #COYG  ,13
2014-05-18T04:37:38Z,Sanogo was the best part of all the celebrations ahaha,8
2014-05-18T03:56:40Z,"Ramsey motm??? Sanogo deserves it , He came on and give support to giroud ",1
2014-05-18T01:41:39Z,On ya Sanogo. Seems like a good kid and played his heart out today. COYG!!,5
2014-05-18T01:08:49Z,Sanogo u ledge lol! #COYG!!,10
2014-05-18T01:08:46Z,Sanogo u ledge lol! #COYG!!,1
2014-05-17T23:58:57Z,Haha Yaya i like you already what a lad,31
2014-07-29T07:46:01Z, arsenal very good ,1
2014-07-27T02:33:31Z,Cazorla was superb this game. ,0
2014-07-16T23:38:03Z,"i dont get why we attack we both full backs. look what happened on the first goal
we need proper winger to stretch the field, brilliant singing sanchez was ",1
2014-07-11T18:37:16Z,Arsenal arsenal arsenal,0
2014-06-13T22:24:26Z,131,0
2014-05-28T21:17:08Z,Arteta should have taken a penalty against Bayern at home,0
2014-05-28T14:04:58Z,arsenal always,1
2014-05-26T12:26:55Z,Why does Özil score against us all the time ,71
2014-05-02T15:32:16Z,,0
2014-04-29T21:41:07Z,Arsenal ,0
2014-04-22T18:39:43Z,Every time i see these arteta pens i wish he was on to take the one ozil missed against munich.,0
2014-04-15T06:59:26Z,Arsenal <3,2
2014-04-12T08:47:48Z,hapo chonjo,0
2014-04-10T18:55:33Z,*arteta SOS,0
2014-04-10T18:55:13Z,Lol ateta holds up the arsenal badge when he scores the 2nd pen Everton fans would b mad ,0
2014-04-08T10:45:02Z,i want this arsenal back,1
2014-04-06T22:52:54Z,Pause at 3:31 and look at Arteta,1
2014-04-05T21:09:30Z,"Artetas  face looks exactlly the same between the first n second penalty,  the first time i watched this on itv i thought they were replaying the  penalty caz of his face",1
2014-04-05T10:32:07Z,To be Honest i dont hate Arteta and Giroud i think they are Lazy or Tired... What if next season they are Good at their position,1
2014-04-05T10:29:58Z,My Squad against Everton:Gk= Fabianski CBs=Mertesacker and vermealen...Rb and Lb=Sagna and Gibbs.. CDM=Flamini and kallstrom.. RM and LM=Santi and Rosicky..ST=Podolski.....,0
2014-03-27T06:26:07Z,FA Cup and 4th is enough?,0
2014-03-25T07:52:33Z,why can't Arsenal play counter-attacking game like this often. The players suit counter attacking style so much more than possession,6
2014-03-22T21:01:29Z,"YES YES YES! Are we dreaming? Can this be the year we can end our trophy drought?! The FA cup is pretty much ours to lose and we do have a well known underdog team to face up against in the semi. Don't get me wrong but we can't relax yet, we must treat/see wigan as a dangerous team as they've knocked out man city twice in a row.",0
2014-03-22T07:42:56Z,every striker loves a tap in ossaayyy fresh lukaku,0
2014-03-21T03:47:02Z,55555555,1
2014-03-18T06:39:04Z,santiiii,1
2014-03-18T01:08:02Z,if Arsenal does not win at least the FA cup this time they will never win anything,0
2014-03-16T00:35:51Z,lol nice celebration lukaku but did everton get knocked out? ,4
2014-03-15T16:51:35Z,CHECK OUT MY CHANNEL FOR ARSENAL VS TOTTENHAM PRE MATCH THOUGHTS,0
2014-03-15T15:06:45Z,Subscribe to me and see good goals,0
2014-03-15T11:24:33Z,Sagna's blunder,1
2014-03-13T17:40:14Z,COME ON ARSENAL,0
2014-03-13T00:20:22Z,I hope Wigan don't make an upset against Arsnal in the next round,0
2014-03-12T19:32:52Z,Arsenal will win the FA-Cup!  ,0
2014-03-11T17:14:02Z,Well done !,0
2014-03-11T15:54:57Z,Our best counter-attack this season with all of our main forwards putting in their own shift! Love it! Now COYG bring the FA cup back home ;).,36
2014-03-11T14:43:46Z,ARSENAL  we will win the fa cup,0
2014-03-11T10:20:34Z,Thumbs up if you want a similar channel for the Premier League!,0
2014-03-11T06:08:28Z,4:05 - Özil directing Giroud to continue his run because he knows Rosicky is going to pass the ball to him so he can get Giroud a good look. Beautiful football.,242
2014-03-11T02:18:00Z,What arsenal needs is a psychological prep before every game. They should go with a fighting spirit and killer instinct for every game like real madrid,0
2014-03-10T21:07:14Z,What is the song at the beginning? Is it the same song when the teams come out of the tunnel @ Arsenal.,0
2014-03-10T20:25:33Z,Very good player ,0
2014-03-10T14:37:51Z,Wenger should take FA cup with all seriousness,1
2014-03-10T13:43:06Z,"Arsenal team celebrations pretty different from Everton's. Lukaku did a tap in but acts like he did all the work, ignoring the other two teammates who made the goal possible. ",0
2014-03-10T10:33:23Z,Cmon then Wigan! This is how City should've played. COYG!!!!,0
2014-03-10T10:23:50Z,My reaction to that goal was the same as 4:19 the guy in the black LA t-shirt in the front row. ,1
2014-03-10T10:19:27Z,"fourth goal is a gem, now lets go on and win this arsenal",8
2014-03-10T07:33:38Z,Look at Ozil tracking back when Everton scored their goal. And people were saying he doesn't help enough in defence. Wigan in the Semi COYG!!!,1
2014-03-10T04:16:12Z,arsenal will win the FA Cup ,0
2014-03-10T02:59:43Z,FA CUP IS ARSENALS TO DROP,6
2014-03-10T01:24:59Z,4:38 Top right of the video. Look at how much this win meant to Cazorla.,93
2014-03-10T00:39:50Z,Selamanya Arsenal...Go Go Go......,0
2014-03-09T23:22:42Z,"Aresnal will win it this year, cause Wigan put City out of the tournament ",0
2014-03-09T22:41:22Z,"You know, they need to pretend going into every game that they've just lost the preceding one. They seem to be at their best in bouncing back. Let's believe they can do the same versus Bayern. COME ON YOU GUNNERS!!",0
2014-03-09T21:36:39Z,If arsenal dont win fa cup they shouldnt bother competing in any other competitions,0
2014-03-09T20:18:55Z,love the celebration of that pretty blond on 4.19...get in there!!!,2
2014-03-09T19:00:30Z,"4:05 ozil telling giroud where to be, already thinking of the assist before he even has the ball",88
2014-03-09T18:38:09Z,0:22 lol Flamini is even organizing the positions for the celebrations...,144
2014-03-09T18:01:37Z,Özil is back.,76
2014-03-09T17:32:53Z,lol lukaku doing that i cant hear you arsenal fans celebration and then they get slaughtered 4-1,3
2014-03-09T17:16:48Z,Wonderful Play!,0
2014-03-09T16:36:35Z,It really is a shame that the European leagues can't show their highlights on YouTube like the FA Cup does.,12
2014-03-09T13:50:52Z,Loved that 4th goal.,49
2014-03-09T13:18:45Z,Chelsea is better still,0
2014-03-09T12:52:39Z,Arsenal <3 Go to Wembley!,2
2014-03-09T12:08:00Z,COYG,8
2014-02-18T08:56:56Z,Incredible atmosphere was at the game and can tell you it was truly amazing!,0
2014-02-18T02:05:39Z,A deluded Liverpool fan in the comments below wow just fuck off.. why are you here?,0
2014-02-17T20:05:18Z,change the song please at the start!!!,1
2014-02-17T20:04:30Z,c,0
2014-02-17T17:39:39Z,I'd love to see this exact line up play Bayern. (Excerpt Szczesny and Gibbs on) ,0
2014-02-17T16:18:21Z,"Can't stand Claude. All season he's been taking the piss out of Sanogo, criticising him before he'd even played and now he thinks he can just say sorry and brush it under the carpet. No, you are the type of fan who criticised Ramsey, Szczesny and the rest of the players who've proved you wrong. Hate hypocrites!",0
2014-02-17T16:01:17Z,"'The rejected stone will become the pillar of the house'. I once said this. The young Frenchman hasn't even kicked a ball, and some fans had already condemned him. I'm so disappointed in some of our fans. Look at that young boy, he was like a breath of fresh air yesterday. We really need to get behind this team, I have this STRONG-FAITH that we will we do something BIG this season.",0
2014-02-17T15:55:07Z,5-1 we didn't cry. 2-1 they cry fucken pathetic twats get fucked,0
2014-02-17T15:44:10Z,I think Yaya did GREAT. But cannot start him on Wednesday I don't think!,0
2014-02-17T13:55:56Z,Am i the only one who only heares this only from the right side of my headset,1
2014-02-17T13:19:01Z,"Claude is right, once a copper always a copper.  Webb thrives off the authority, like his reaction when Sterling touched him.  Pathetic bloke.",0
2014-02-17T11:35:14Z,"play him on Wednesday against the best team in the world haha gd one, and we have nothing to loose yea we do, giroud is much better giroud just needed a rest, this guy knows fuck all ",0
2014-02-17T10:31:29Z,"I think it's great to see sanogo play well today, now we know he can come in and do the job! ",0
2014-02-17T09:34:43Z,Starting Podolski makes complete sense seeing as it is his former team and didn't have a good career there he will be WELL up for it.,0
2014-02-17T06:52:41Z,Fabianski was amazing,0
2014-02-17T05:50:59Z,SAS = ASS against BOSSCIELNY,9
2014-02-17T05:29:52Z,"Line up for Wednesday night; szczeney, sagna, Mertesacker, koscielny, Gibbs, Flamini, oxlade chamberlain, wilshere, Ozil, cazorla and sanogo ",0
2014-02-17T05:22:04Z,"Thought he was dead, happy to see him alive.",0
2014-02-17T04:22:58Z,"I think I need to give a shout out to Podolski who scored a great goal today but it seems no one remembers. Yes he did give away the penalty but he makes the team much more efficient going forward. Compare him with Cazorla as a left winger... Podolski makes more runs into the box whereas Santi always attracted to the ball. Podolski is a better finisher. Podolski has more power and drives more into the box whereas Santi is always passing sideways. Also, Podolski's game compliments that of Ozil and will bring the best out of Ozil. Don't get me wrong, Santi is world class when he plays just behind the striker but our best left winger at the club has to be Podolski. Wenger please see that and fans too.",0
2014-02-17T03:37:51Z,"jenko and monreal did really well
i was worried about those two but they were spot on
sanogo shouldve gotten a goal 
ozil was great but looked tired towards the end
poldi was poldi. clinical ",0
2014-02-17T03:18:08Z,our best attacking line up podolski on the left ox or gnabry on the right and giroud in the middle but never put podolski in the middle that is where he alway play bad,0
2014-02-17T03:04:17Z,Man like Claude,0
2014-02-17T02:08:19Z,Are these not the same fans that said Flamini and Arteta cant play together hmm they have forgotten about that so soon. Lol,0
2014-02-17T01:31:14Z,"When I see Claude happy, I am happy as well. ",0
2014-02-17T01:20:48Z,Sanogo just need more games and he could be something I hope. ,0
2014-02-17T00:51:25Z,RIP to my right ear,3
2014-02-17T00:24:06Z,The red army was on form today. Why aren't we like this every single home game.,0
2014-02-17T00:18:08Z,Claude is our Flamini ...,0
2014-02-17T00:16:46Z,Nah people need to relax please. I mean Sanango played well today but it don't mean he should start on Wednesday against Bayern. You can't have a player who has been out the half the season to come in and play against the best team in the world right now. Giroud will need to start and then bring on Sanago on for 15 minutes.,0
2014-02-17T00:15:09Z,love claude as much as arsenal,0
2014-02-17T00:06:37Z,"statistically flamini was poor in this game, Liverpool's midfield was allowed to play pass after pass in behind out defence, he didn't make a singe interception and only 4 tackles but beyond that we cannot discredit the level-headedness he brings also his vocal/leadership qualities are also quite vital, so while not having the best game in terms of numbers he can mask that by motivating and pushing others around him to step the fuck up, which they did.",0
2014-02-17T00:05:39Z,Man Like Claude,0
2014-02-17T00:05:24Z,Am I the only one where the sound doesn't work for the interview?,0
2014-02-17T00:03:47Z,"sanogo is going to be something in the future, mark my words",3
2014-02-16T23:59:45Z,"Yaya Sanogo is better than Bendtner. More game time and confidence and he will be a clinical striker, the work rate and commitment is there. Also he's very athletic for his size a man of 6ft 3. Any how Sanogo improves his technical ability I guarantee he will be our 1st choice striker over Giroud. ",0
2014-02-16T23:45:46Z,Play him on Wednesday ?! No thanks! ,3
2014-02-16T23:41:58Z,Sanogo will be 10 times better than Giroud ,3
2014-02-16T23:34:39Z,"How many times do player prove people wrong and STILL people insult our players and then arse lick them when they are good. Ramsey, sonogo, Ozil, famini, jenko, monreal and even bendtner... havent you learnt by now? just embarrassing the rest of us. WELL DONE wenger keep it up!!! ",6
2014-02-16T23:30:43Z,Man like Claude,1
2014-02-16T23:29:12Z,Claude is Steve bould from another universe as a FAN,0
2014-02-16T23:27:05Z,Haha this man is fun too watch.. Claude,0
2014-02-16T23:22:56Z,"I was screaming Postman at my screen my family wondered what was going on. What a player he looks and he loves the fans as well, gave Agger and Skrtel a good fight i hope he plays more.",15
2014-02-16T23:20:27Z,Giroud is to comfy at the mo he needs competition from the others to keep him on his toes.  ,6
2014-02-16T23:19:36Z,"I'm happy to see Claude apologize to Sanogo. He didn't deserve criticism which was born out of him being the only signing for most of the summer. He looks really raw, but with a lot of potential. And he seemed to be loving every minute on the pitch",0
2014-02-16T23:16:21Z,2:52 peter reid decides he wants to be nosey and listen to the convo lol,0
2014-02-16T23:14:48Z,"Sanogo was good, better than Bendtner, and I bet he would have put away the chances Giroud has had of late.. I agree with Claude, play him on Weds. UP THE GUNNERS!!!!!!!",2
2014-02-16T23:14:24Z,Sanogo and Podolski need to start on Wednesday.,8
2014-02-16T23:13:58Z,"Im discusted about our fans sometimes. We tend to slate players way to early. Im not gonna come here and act like im an expert on Sanogo but i saw him at the u20WC in the summer and he was very good there. He has a very good technique for being so tall.
Same comes to the signing of Källström, i understand that people wanted a striker and that it's strange that we sign a player whos injured to replace a injured player. 
But slating a player before hes been given a chance is not fair at all IMO. 
Sorry if there's some spelling or grammar errors but Engilsh isn't my native language. :)",16
2014-02-16T23:13:50Z,he had only 3 shots all got blocked,0
2014-02-16T23:11:47Z,first,0
2014-04-14T19:10:03Z,"Опубликовано 14 апр. 2014 г.
Видео о молодом фулбэке столичного ПСЖ и Французской сборной. Совсем недавно он выигрывал молодежный чемпионат мира вместе с Погбой из Ювентуса и Яя Саного из Арсенала.
Сделал: http://www.youtube.com/channel/UCazbk...
http://vk.com/snakegorinich
http://www.sports.ru/tribuna/blogs/gr...

Like it? → ""мне нравится"", ""рассказать друзьям""!

Green Time, Sergey Malashenko, Football, Soccer, goal, hd, hq.",0
2014-07-06T14:48:58Z,we wonnnnnnnnnnnnn,1
2014-05-30T22:11:43Z,You know what I liked about this game? Wigan defended their title in a way that you couldn't ask anything more of. They pushed Arsenal for everything and ultimately Arsenal had to give everything to win it. Deserved win. ,9
2014-05-25T17:36:12Z,Go wigan !!!! daniel harvey ,2
2014-05-20T01:02:16Z,Boy oh boy.,0
2014-05-16T16:09:38Z,Sanogo looks like he's gonna turn into a pretty good striker,0
2014-05-16T09:34:01Z,COYG!!!!!!!!,0
2014-05-15T18:10:50Z,Arsenal plz win the f.a cup;),0
2014-05-14T14:21:40Z,I hate the semi final being played at Wembley it makes a mockery of the FA Cup. It should be about getting to the final and having your big day at Wembley like the old days but I suppose money and greed have raised there ugly heads and ruined that.,9
2014-05-08T04:31:37Z,"My mate got me free tickets to the final so chuffed :D
COYG!!",1
2014-05-06T16:04:31Z,they where lucky Ali Al Habsi wasn't in the net for penalties...,0
2014-05-05T17:18:27Z,Yess '''',0
2014-04-30T18:27:25Z,I'm a Arsenal fan and the fa cup final is 1 day before my birthday. Will be the best birthday present I will ever have.,3
2014-04-23T22:57:28Z,"You're a disgrace to Hull City. Were you blind or half-dead when Arsenal went to beat Hull City 3-0 at home? Did you hear what Steve Bruce said before the game? ''A win at home by beating Arsenal will dismiss Hull City's fear in the FA Cup final, but if they beat us at home it will means something else but we will try our best''      If you Angry Punter do have a working brain, no one need to tell you the meaning of Steve Bruce's statement. So go home u're drunk mate!  Arsenal will demolish Hull City at least 2-0 at Wembley. Beside that, your common sense should tell you that Ozil, Ramsey, Gibbs, e.t.c all back from Injury.... Arsenal will slice Hull City on 17 May...  You hear it first here..﻿",3
2014-04-20T16:38:17Z,Come on Arsenal,1
2014-04-18T15:03:08Z,coyg,1
2014-04-18T04:02:48Z,This trophy will taste so much better just because everyone doubted the Arsenal I will cry when Arsenal lift that trophy ,1
2014-04-18T02:08:18Z,"I'm so sad Fabianski's leaving. Best backup keeper right now anywhere, I think, and could be better than the No. 1 for all we know. Huge, huge loss.",5
2014-04-17T14:14:53Z,ARSENAL ALL THE WAY,1
2014-04-17T12:42:22Z,OMGGG :D GREAT JOB ARSENAL! CONGRATZ! YOU GUYS DID IT! AFTER 120 MINUTES PLAYING AND THEY GOT THE RESULT! YAY WOOO,0
2014-04-17T12:36:52Z,"Arsenal fans acting like they've already won it, complacency is a very dangerous thing.",14
2014-04-17T04:40:45Z,no matters what people say about arsenal fc....they have chance to prove it all wrong by win the fa cup final  go ARSENAL go<o>>>>,2
2014-04-17T01:56:22Z,Come on hull,2
2014-04-16T14:35:36Z,Arsenal- we're coming for you!!,0
2014-04-16T12:08:12Z,Gunners 4ever for a life,1
2014-04-16T09:51:29Z,Mertesacker didn't score? Or did he? It didn't look like he touched the ball ,0
2014-04-16T07:56:50Z,another fanatatsic performance by Wigan... still unbeaten in 13 FA cup games in open play . 4 defeats in the last 29 games in all competitions.. Deserve a place back in the Prem where they belong.,8
2014-04-16T02:10:42Z,3:02 well fabianski that a bit off your line,2
2014-04-16T02:07:51Z,fabianski is a bit of is line on the pens well look at that on collisions and Caldwell's pens he was of the line that would mean both would have to retake but what a shame that there isn't a official that could have been watching that (michael oliver we only get shit referees shit referees we only get shit referees),0
2014-04-16T02:04:28Z,well done wigan we might of lost but we got a team like arsenal a bit of a shock,0
2014-04-16T01:35:41Z,"If only AlHabsi was playing :'(

Penalty King.",0
2014-04-15T22:00:34Z,Win the FA cup and prove to Van Persie Arsenal can win one,10
2014-04-15T17:31:32Z,Arsenal are bringing this one home back to London!!,1
2014-04-15T14:51:11Z,Arsenal just dominated Wigan. Look at those chances.,0
2014-04-15T11:35:25Z,"Good day out well played to Arsenal and good luck in the final, reading around Hull forums they think they've got this won already, amazing arrogance, even though Arsenal are a huge club their supporters take nothing for granted.

I'd almost rather you'd beat us by three or four though, because I felt on Saturday you were there to be beat, we played a bit too conservative. Still Championship play offs to look forward to I think, maybe we'll get back to wembley again in May!",0
2014-04-15T06:30:28Z,"Hopefully Özil, Wilshere and Kos are fit for the Final!!",42
2014-04-15T04:34:46Z,FA! thanks for posting all of the highlights we all appreciate it! specially over in the states/ where there isn't much coverage beyond the post match round up.,0
2014-04-14T21:07:50Z,Best game I've been to for a while in terms of emotion - can't remember going as mental for a goal as I did when Per scored. Just hope we can finish the job now!,0
2014-04-14T18:00:37Z,"We have the BFG!
",0
2014-04-14T17:48:32Z,I don't know why we never play fabianski he's awesome ,1
2014-04-14T16:29:53Z,"Arsenal win FA , Liverpool win EPL , Chelsea win CL , England win WC ===> happiest year ever",3
2014-04-14T11:51:21Z,I think Wigan deserve to be in the final more than Asenal,4
2014-04-14T11:34:22Z,"""Gibbs' shot skipped up off the Wembley turf and directly into the big German's path -- who was able to head home from three yards out.""

Wasn't it Oxlade-Chamberlain? ",30
2014-04-14T08:46:26Z,If Arsenal win the FA Cup I will shed tears of joy just like I did when Mertesaker scored that goal. It will be the most amazing birthday present in my life as well. ,94
2014-04-14T07:53:12Z,Arsenal Arsenal Arsenal Arsenal,2
2014-04-14T03:36:55Z,menuju Champion.. ayolah jangan smapai terpeleset... untuk 2014... Arsenal Jaya..,0
2014-04-14T02:07:31Z,"Yes, Ramsey's back!!! :)",1
2014-04-14T02:02:27Z,Arsenal!!!!!! @nickzkickz,0
2014-04-13T22:29:15Z,Wigan should not be in the championship. They look like a side that can beat anyone on their day ,42
2014-04-13T19:53:36Z,Spas a man united fan arsenal have a good vhanse of winning the fa cup,0
2014-04-13T19:42:06Z,17th May awaits..,4
2014-04-13T18:53:35Z,"Mouriniho: ""wenger is a specialist in failure..... I'm not""



NOPE",38
2014-04-13T18:00:49Z,if we win the fa cup im going to cry,215
2014-04-13T16:51:35Z,As an Arsenal fan I must say that Wigan played really well. Hope they make it back to the BPL next year cause they deserve it. COYG!,171
2014-04-13T16:04:46Z,COYG,1
2014-04-13T15:52:50Z,Lets go Arsenal! Go win this FA Cup and Hoist this trophy!!!,27
2014-04-13T15:48:24Z,COYG,2
2014-04-13T15:24:27Z,First?,0
2014-04-13T15:23:40Z,won* :),0
2014-06-07T10:47:29Z,Aie Il a perdu ses côtes YAYA !,3
2014-05-10T17:39:34Z,"Deschamps didn't show his list for the World Cup yet, maybe he'll be in.",0
2014-05-10T15:32:37Z,"Hi i'm english and why didier deschamps don't like scheniderlin ? 
is the futur pirlo ",2
2014-04-14T21:59:31Z,Yaya Touré en PLS,9
2014-04-25T18:16:36Z,Love Carcrash TV...sorry Arsenil TV...UP THE POTTERS...CAN WE PLAY YOU EVERY WEEK?,1
2014-03-03T18:18:11Z,"Look ok not being a moaner , but wenger had wasted us again , we are flopping yet again , we can't win when it truly matters at the end if the season .. We have too have a cash injection at our club ",0
2014-03-03T14:55:44Z,"dont worry fans, dont worry. We've got kim kalstrom coming in a few weeks... FUCK!",2
2014-03-03T12:08:13Z,"Arsenal most get good strike!! If they wanting to win the league!!! I'm sick of losing every game!!!! Hopefully we'll win the league!!!!
#ARS#FG#",0
2014-03-03T08:00:33Z,"I have to admit, Sanogo impressed me vs Bayern, maybe he will become a good player.",2
2014-03-03T07:27:15Z,Lets put our realistic caps on. At the start of the season we was not favourites to win much at all so overall we are doing much better this season than recent ones. The squad is strong but not complete. We're missing a huge chunk of goals and assists from key players like Theo & Rambo but we are up there. Shock results happen but we can push on. Done so well to this point overall so COME ON PLAYERS! LETS GET THIS FINAL PUSH.,0
2014-03-02T20:58:02Z,This is a REAL fan.,0
2014-03-02T20:34:21Z,"I really wonder about all the comments that I have read and the videos I've seen because no one is speaking about the fact that referee decided the game, not any of the  2 teams. Stoke should have got at least one red card at two occasions when Players attacked Giroud obviously wanting to injure him. Erik Pieters should have not only been booked but needed to have seen a red card. Charles Adams later also had deserved a red card but was not even booked.  Instead the ref gifted Stoke with a penalty that 8 out 10 other referees would never give.  It was really disgusting to see how the referee allowed Stoke players to do what they want and I really understand that our players had no interest to get seriously injured just because these guys think you win a game by beating up your opponents. I was really worried about Giroud. If I was Arsenal I would place an official complain about all the incidents that took place yesterday. It was not a football game, it was a shame",0
2014-03-02T17:25:13Z,"Im sorry but the league might just be over for us, the FA Cup is the only realistic chance we have, we need to re-group and BEAT EVERTON. Our failure is going to be down to our injuries (walcott, ramsey and diaby). fuck",2
2014-03-02T17:20:23Z,"Wenger is completely to blame for this loss and for the eventual downturn of the season.  I'm sorry, but Sanogo's miss was predictable considering he has not played all year.  Sanogo ""is"" still learning. I don't blame him; he shouldn't be put in this situation in the beginning.  How Wenger did not address the striker position during the January window is beyond me.  If you put Dimitar Berbatov in there instead of Sanogo, we would have either drew or won the match. Additionally, why was AOC on the bench until late on?  Stupid!!!!  Why bench on form players with dynamism in favor of slow oldies but goodies?  Wenger's stupid 4-2-3-1 formation with unathletic and non-combative players, concomitant with his lack of activity in the market is the reason we will not win the league, the FA Cup, and the Champions League (which we weren't going to win anyway).  Hey Arsene, fit the formation with the personnel, not the other way around!  ",0
2014-03-02T16:43:15Z,"At least Sanogo got in a position to miss, where was Giroud when he was on for 80mins??? SHITE!",0
2014-03-02T16:42:18Z,"We should have bought in Jan, said it before, say it again, WENGER FUCKED UP BIGTIME IN JAN!!",0
2014-03-02T15:40:07Z,"ffs, sonogo came on when there's 10 mins left. i doubt he was properly warmed up to even take a shot. i never understood arsene's substitution plan. if we were winning then it makes sense to sub players later to delay the game a little but when we are losing all 3 subs should come in or at least make the substitution earlier. ",0
2014-03-02T13:21:10Z,People saying that Sanogos done well against bayern and liverpool? He did fuck all in those two games and was shocking yesterday.,1
2014-03-02T12:23:58Z,Sanago is SHIT!!!!,0
2014-03-02T12:17:19Z,"Look at Chelsea, their young striker Lukaku is out on loan and hes still better than our no1 striker. We can't afford to loan Sanogo as we'd have no back up. ",1
2014-03-02T11:14:16Z,Robbie u idiot dont blame sanogo blame wenger for blowin the prem in january!!,0
2014-03-02T10:22:37Z,"Don't have a go at Sanogo, he was brought on with just 10 mins. to go, yes he put that ball over the bar but so did V.Persie who was closer last week for Man.U.",0
2014-03-02T08:23:44Z,You think Giroud would have put that chance away? ,0
2014-03-02T07:54:13Z,"completely agree with this guy, we need a much more physical presence in the midfield, someone like a yaya toure would be ideal, Abou Diaby fits that physical build but he's always injured... Also I hate all our fans being so negative... we're in a better position in the league than we were this time last season so that's progress. Sacking Wenger wouldn't solve our problems, if anything it could make it a hell of a lot worse... I mean look at where Man Utd are in the league under a new manager...",0
2014-03-02T04:14:16Z,"i don't really blame sanogo for that miss,obviously nervous gunner is right...sanogo is just lack of premier league experience but he did well for us....against bayern,against liverpool....he still young and he still can do better...",0
2014-03-02T01:45:01Z,"I am a Liverpool fan. But I don't understand why people are giving giroud so much stick. He has banged in the goals for you guys. Is it like 18 goals for the season so far. Well the problem isn't giroud but that arsenal haven't got anyone else to who would perform when giroud is having an off game. Coz they are always going to have an off game here and there. Look at Suarez he had not scored for the last 5 games, but we had sturridge that was scoring. Today Suarez scored and sturridge had a pretty poor game. ",1
2014-03-02T00:57:19Z,Nervous ain't Nervous anymore!,1
2014-03-02T00:20:45Z,What is soldado doing behind him? LOL!,4
2014-03-02T00:15:08Z,Hahahaahahahahaha we all knew arsenal wouldn't win the league hhahaha terrible manager terrible board,0
2014-03-02T00:10:09Z,Everytime I see Mark interviewed...i think...this guy looks sad lol,0
2014-03-02T00:09:44Z,"""Giroud is still learning the game"" at 27? Says it all really.",11
2014-03-02T00:09:20Z,Personally I think sanogo needs to start every gamer for arsenal cos giroud isn't helping players like ozil. Sanogo has some pace and is good with the ball,3
2014-03-02T00:07:20Z,ive got nothing against sanogo but hes still second division french league standard FFS its fucking embarrassing that weve got 1 world class player in Ozil playing with the likes of giroud and wilshire YES THATS RIGHT WILSHIRE! He walks around as if hes jack the lad (pun intended!) as if hes the dogs bollocks because he puts in a good performance once every few games we need at least 2 world class players that can compliment ozil and then we would see the best in ozil,1
2014-03-02T00:03:43Z,we have no nautral wingers apart from gnarby walcott miyachi and chamberlain only two of them can perform on a regular basis that isn't good enough (and ox is apparently a CM now) i'm sick of playing 4/5 CAM's in midfield we got no pace whatsoever cazorla isn't going to run at the fall backs podolski prefers to cut inside rather than cross and even when he does girouds off trying to get assists rather than staying in the box and converting chances title race is over if we lose to chelsea ,0
2014-03-02T00:02:56Z,"William Carvalho from sporting Lisbon is the new Vieira, could be a good signing for Arsenal.I really want Arsenal to win the Premiership again.",2
2014-03-02T00:02:41Z,Still learning. Y did we buy a finish proven world class striker. At the end of the day if we dnt win the its only man persons fault......    ,0
2014-03-01T23:55:50Z,When Thierry Henry retires. We should bring him in as an attacking coach. Bring back great players for the coaches role. ,7
2014-03-01T23:55:31Z,"i like this lad, good interview",0
2014-03-01T23:42:39Z,I think he means *Leaning,0
2014-03-01T23:35:33Z,"Sanogo has already done more than we could expect before the season with good displays against Liverpool and Bayern, he's looking like he could be a decent player.",25
2014-03-01T23:33:23Z,he's true. we can't depend on rookie to win us a title..,3
2014-03-01T23:32:47Z,"Ah, the nervous Gooner is back. I'd love to hear from him for the remainder of the season.",0
2014-03-30T01:41:10Z,Arsene Wenger is a legend.  I respect this man so much.,0
2014-03-04T21:45:26Z,Per is the man. ,1
2013-08-28T06:13:09Z,Sanogo was scared of the ball hitting his face. He's a joke.,0
2013-08-27T21:17:43Z,LOL at Yoyo Sadango,0
2014-06-09T01:10:29Z,It's clear from the replay that Toure was running at full speed and when both challenges were made Toure was on one leg and Ramsey had to use 2 hands to shift a one legged Toure. #toureisbeast,6
2014-05-28T11:32:57Z,2stronk,0
2014-05-20T19:33:08Z,What is the song,1
2014-05-19T14:58:42Z,That is bc Yaya was only On one leg ,6
2014-05-16T05:54:16Z,rambo so strong now,2
2014-07-06T20:32:42Z,"Please Like, Comment, Subscribe and Share the video!! Thanks for Watching:)",0
2014-01-09T00:59:41Z,look at us now bra!!!!! u stupid ,0
2014-07-22T22:34:44Z,o Piou einai??,1
2014-07-05T11:11:37Z,welcome to olympiakos,0
2014-07-04T00:40:18Z,song???,0
2014-06-16T08:30:44Z,WELCOME TO MARSEILLE,2
2014-05-13T15:47:02Z,will you please do Lucas Digne?,0
2014-05-12T15:37:36Z,do w.bony his from swansea in the english league,1
2014-05-12T15:36:42Z,do w.bony next please,1
2014-05-12T15:36:20Z,great vid man,0
2014-05-12T13:08:13Z,"3 Arthur Masuaku
FC Valenciennes, Ligue 1 (France)
Date of birth: 07.11.1993
Place of birth: Lille  
Age: 20
Height: 1,82
Nationality: France
Position: Defence - Left-Back
Foot: left",1
2014-05-30T17:33:50Z,this guy will become the best arsenal player ever,1
2014-05-27T04:58:31Z,what is the name of the song!!??//,0
2014-05-01T01:22:07Z,My favourite arsenal player,2
2014-04-13T19:30:36Z,please do a fabianski saves 2013/2014 video,0
2014-04-13T01:41:40Z,"Great player, great vid",1
2013-09-03T10:01:06Z,Mesut ozil!!!!!!!!!,1
2014-05-19T13:11:50Z,02:08 until 02:23,0
2014-05-19T13:09:13Z,His first season at arsenal the best season.,1
2014-05-19T13:08:50Z,Campeones campeones campeones eoe.,1
2014-05-19T13:06:28Z,His first season the best season.,0
2013-11-16T04:43:20Z,Way to show the buildup of the penalty then cut off when Florian was about to score...,0
2013-10-20T08:36:24Z,killin' it !!!,0
2013-10-20T07:04:22Z,555555555555  Oh! My GOD ,0
2013-10-19T23:45:53Z,คัยดูมากกว่า 2 ครั้งบ้าง,0
2014-02-26T02:41:53Z,If you call that a brilliant performance I would expect your trophy drought to continue. You were dominated at home and only a terrible ref won you the match. As a liverpool supporter I take your comments as a huge compliment ,1
2014-02-19T18:10:54Z,Mascherano??,0
2014-02-19T04:35:11Z,Us Gooners have the ability to beat FC Bayern!!!!!!!! I bought tickets to the game at the Emirates. I hope it will be worth the money.,0
2014-02-18T23:43:51Z,Robbie Keanes goal for them at the emirates was hardly 21st century ,0
2014-02-18T16:54:19Z,I'm a liverpool fan and I really respect Moh as he rarely disrespects the opponent unless they've disrespected his club. He accepts defeat when it's deserved and always thinks positive. He represents arsenal fc very well. Respect from a LFC fan,0
2014-02-18T15:41:51Z,Really love this Mo guy. Talks a lot of sense.,0
2014-02-18T13:31:09Z,5-1 5-1 5-1 5-1 5-1,0
2014-02-18T13:30:46Z,Oxalis chamberlains should have been a penalty,0
2014-02-18T08:31:10Z,"We got to really try cut out those through balls cus the main negative for me was Sturridge got in one to many times especially on BFG. Fortunately the 1st two chances where on his weaker foot.  Positives 3 times vs Suarez and 0 goals for him. Fabianski, Ox, Ozil, Flamini & Sanogo stood out. Monreal did better but defensively still leaves a bit to much space. Jenko did good.",0
2014-02-18T00:36:48Z,I went to the match it was revenge for arsenal to get back at Liverpool ,0
2014-02-17T23:24:14Z,Only watch Mohs videos,0
2014-02-17T22:10:14Z,hmm that's not the audio quality i would expect from a Rode mic...,0
2014-02-17T22:07:49Z," 
it was a massive improvement to the performance at anfield but Liverpool still had the better chances and this is mainly because of the fact that they have two world class strikers. Sanogo ha some promising moments but he is still to young and not experienced enough to be regarded as a real option up front. Poldi showed again that he is a much better option than Giroud and even Sanogo looked better than Giroud did in his last matches. Arteta still doesn't convince me so i still hope that we will sign a  top quality holding midfielder and striker. Flamini played well too and so did Fabianski. I would hand him the no 1 spot instead of szczesny eventhough szczesny improved tremendously this season",0
2014-02-17T19:30:16Z,creepy guy at the background,0
2014-02-17T19:19:06Z,if sturridge scored on that early chance I think the flood gates would have opened and we would have been blown out again...Liverpool were the better side but in cup ties all that matters is winning and we won,3
2014-02-17T18:48:23Z,I think Flamini has anger issues lool,0
2014-02-17T18:22:53Z,really didnt think it was a great performance from us but it was more of showing spirit we gotta play bettere than that against bayern munich or we will get punished. our performance in the league in november against liverpool was far more convincing,1
2014-02-17T17:56:38Z,i heard moh on the clockend enjoy your mug bro lol,0
2014-02-17T16:29:31Z,"looool the guy at the back, smiling and desperate for an interview ",0
2014-02-17T16:27:43Z,Fabianski the hero <3,0
2014-02-17T15:44:37Z,"Three games vs Liverpool, shutting out Suarez in all three of them has to be the most satisfying. Having said that, I would still love to see him in an Arsenal shirt.",7
2014-02-17T14:49:20Z,Moh is the only fan on the interviews who knows what his talking about,0
2014-02-17T13:49:37Z,"Respect Moh, respect :-)",1
2014-02-17T10:44:46Z,whats up with the smiling midgit at the back,14
2014-02-17T09:57:04Z,"Fabianski kept us in the game. Best game I've ever seen him in. Remember he started in that 2 - 0 win over Bayern, at Munich last year. I reckon he's our best keeper even though Schezny has improved a lot as of late.",12
2014-02-17T09:50:21Z,Dude at the back looks scary,20
2014-02-17T09:36:17Z,COYG!!!!!,0
2014-02-17T09:35:13Z,We've lost every game without FLAMINI ,0
2014-02-17T09:27:06Z,Is old mate in the background on happy pills? ,0
2014-02-17T09:09:49Z,"Not trying to make any excuses, but I don't think that arsenal can cope with early kick offs on saturday. Whenever we do we are pretty crap, wenger needs to look at this",0
2014-02-17T08:38:29Z,would u rather have man city in the semis or the actual final,0
2014-02-17T08:37:48Z,I can listen to Moh all day ,15
2014-02-17T08:30:45Z,The FA cup is ours !!!!!,5
2014-01-11T07:58:26Z,Charlton pen,0
2014-01-11T07:57:52Z,No pen ,0
2014-01-09T00:04:54Z,Second one yeah first one I'm not sure,1
2014-01-06T16:21:06Z,"both penalties but the one he actually gave, doesn't really matter as it was saved, I don't think was a pen!",0
2014-01-05T02:53:36Z,I think both are penalties but they happen to fast,0
2014-01-04T04:03:12Z,Both pens. UTA ,0
2014-01-03T20:35:54Z,"Yeah the second one was, the first one not.",0
2014-01-03T10:49:34Z,"Don't understand why most people are so adamant that the second was a penalty.. Striker tried to be clever and sweep the ball to the right to fool the defender, but defender got a heavy touch on the ball and couldn't stop in time because of the momentum and ran into the striker. Striker couldn't have done anything with the ball after the heavy touch which the defender got to, so no penalty what so ever in my eyes....",0
2014-01-03T09:24:36Z,Both penalty,0
2014-01-03T02:27:20Z,No penalty for both,0
2014-01-02T22:19:22Z,"Charlton don't get pens !!! We just get shit refs!! Stewart booked for diving , what a joke !!!",0
2014-01-02T21:31:36Z,Penalty. Judging by stewarts reaction afterwards blatant penalty. I dont know if stewart was diving earlier on in the game might have influenced his decision. I thought in the rules of the game if someone was to dive in the pen area they are to be given a yellow card. So why wasnt murphy shown a yellow? Consistancy has to be there now.,0
2014-01-02T21:30:06Z,"Both definite pens, both definite red cards.",0
2014-01-02T20:59:11Z,first one probs a pen but second one was blatant. ,0
2014-01-02T20:17:57Z,Once again due to SHIT OFFICIALS we miss out on much needed points. This is getting a joke now!!!! ,0
2014-01-02T19:04:36Z,Both penalties.  The one on Stewart should have been a red card,0
2014-01-02T18:58:29Z,"Both penalties, not been impressed with Attwell on all of the occasions I have seen him!!",0
2014-01-02T18:41:39Z,"both were pens

COYB",0
2014-01-02T18:27:20Z,"Im a qualified ref myself so I can maybe understand why he thought the first one was a dive but should have booked him if that was the case, Stewart's however is inexcusable. 

Only thing I can think of was that he realized he had made one wrong decision so he tried to even it out, but he just seemed so confident of his decisions immediately after they happened I'm not even sure it was this! Wasn't as bad as leeds though! does anyone know where we can watch these particular highlights?",2
2014-01-02T17:42:01Z,Definite penalty ,1
2014-01-02T17:41:17Z,"Both penalties, terrible ref.",1
2014-01-02T17:08:14Z,Unbelievable ,1
2014-01-02T16:37:01Z,"How on earth did he not see that, Stewart definite penalty!!",2
2014-07-22T00:10:11Z,Get to Leeds,0
2014-07-21T07:15:06Z,Good vid ;),0
2014-07-20T20:52:06Z,Welcome to Atlético Madrid,0
2014-07-20T15:03:21Z,"يحي الشهررري 
",0
2014-07-20T13:06:01Z,Who you get your music and Video stuff,0
2014-07-20T13:05:54Z,Who you get your music and Video stuff,0
2014-07-20T11:52:10Z,damn he's good,0
2014-07-20T11:17:35Z,"#9 ANDY DELORT
Tours FC (Ligue 2)
Date of birth: Oct 9, 1991
Place of birth: Sète  
Age: 22
Height: 1,82 m
Nationality: France
Position: Striker - Centre Forward",1
2014-07-20T11:14:08Z,0 views :O,0
2013-11-10T15:48:48Z,ARSE ANAL lucky tott,0
2013-11-08T09:00:18Z,thanks you aaron ramsey,0
2014-04-20T20:32:27Z,we missed those types of passes forward from ozil so much...they always seem to spark a move,0
