publish_date,title,view_count
2014-02-17T17:51:17Z,Sanogo vs. Liverpool,73456
2014-03-29T20:31:39Z,Yaya Sanogo leaving Emirates after the game,14986
2014-01-03T01:27:31Z,FIFA 14: Yaya Sanogo Vs Chelsea (Capital One Cup Semi-Final First Leg),624
2014-02-17T07:34:45Z,Arsenal 2 Liverpool 1 - Yaya Sanogo Could Be Our Next Anelka,18234
2014-02-17T23:21:23Z,Yaya Sanogo vs Liverpool | Fa Cup,653
2014-02-19T21:58:35Z,Yaya Sanogo amazing pass to the Ox in the first half  Arsenal vs Bayern Munchen 19/02/2014,3351
2013-08-13T04:01:15Z,Green Time: Yaya Sanogo new Arsenal striker in the cage.,1591
2014-02-16T22:41:07Z,Arsenal 2  Liverpool 1 - Yaya Sanogo Was Very Very Good,13942
2014-05-11T21:39:45Z,Arsenal 2 Norwich City 0 - Yaya Sanogo Delivered My FA Cup Ticket (The Postman),13575
2014-02-20T17:39:35Z,Yaya Sanogo 2014,5765
2013-08-16T16:33:19Z,Hat Trick Hero Sanogo Dispatches Paderborn,7668
2014-07-23T08:24:17Z,Joel Campbell and Yaya Sanogo in Direct Competition at Arsenal,712
2014-05-17T23:45:55Z,Man of the Match Aaron Ramsey,13879
2014-03-09T12:00:34Z,ARSENAL VS EVERTON 4-1: Official goals and highlights FA Cup Sixth Round HD,1357176
2014-07-28T02:37:02Z,Unofficial Arsenal FC Scouting Mission #1 Sanogo of the J.League,83
2014-02-16T23:06:00Z,Arsenal 2 Liverpool 1 - The Postman Delivered says Claude,19664
2014-04-14T09:57:18Z,Green Time - Luc Digne. France Fullback [HD],316
2014-02-19T20:10:06Z,Manuel Neuer fantastic save vs sanogo ~ Arsenal vs FC Bayern München 19/02/2014 HD,4914
2014-04-13T15:20:19Z,ARSENAL VS WIGAN ATHLETIC 1-1 (ARSENAL WIN ON PENALTIES): Goals and highlights FA Cup Semi Final,512652
2014-03-03T22:27:58Z,Bendtner ready to leave Arsenal | Football News,355
2014-04-07T12:44:53Z,Double sombrero Morgan Schneiderlin sur Fernandinho et Yaya Touré - Manchester City vs Southampton,69052
2014-03-01T23:28:55Z,Stoke 1 Arsenal 0 - Sanogo Is Still Learning,18780
2014-03-15T14:16:25Z,Barcelona send replacement footballs to West Bank village,10
2014-03-11T11:26:49Z,Bayern vs Arsenal | Wenger: &quot;We have won everywhere in Europe&quot;,183
2013-08-27T20:28:53Z,Mertesacker slaps sanogo&#39;s hand away in wall,20708
2014-05-14T13:31:27Z,Aaron Ramsey Muscles Out Yaya Toure 10.08.2013,29466
2014-07-06T20:31:21Z,Arsenal FC | The Home of Great Goals 2013/14,668
2014-02-16T17:40:47Z,GOAL! Arsenal vs Liveprool (2-0) 16.02.14,1923
2013-08-20T22:16:48Z,Arsenal&#39;s Transfer Window,486
2014-03-15T14:17:10Z,Nicklas Bendtner ready to leave Arsenal,53
2014-05-12T13:05:22Z,Arthur Masuaku /NEW West Ham United/ Fast Skills Dribbling Assists Goal /HD/,54143
2014-02-16T16:29:43Z,GOAL! ARSENAL vs LIVERPOOL (1-0) 16.02.14,959
2014-07-25T18:12:10Z,Yaya Kolo Chant,297
2014-04-01T12:43:26Z,Barclays Premier League - end was near. Season 2013/2014,854
2013-08-05T16:51:01Z,Wayne Rooney out of Manchester United squad for Sweden trip,78
2013-08-08T11:29:22Z,Wayne Rooney unlikely to play in Community Shield,50
2014-04-11T21:31:23Z,Alex Oxlade-Chamberlain - Control,32200
2013-09-02T22:48:26Z,"MESUT ÖZIL | Goals, Skills &amp; Assists | Welcome To Arsenal | 2012/2013 (HD)",2733
2014-05-18T17:00:57Z,Mesut Özil | Goals and Best Assists | 2013/14 | Arsenal,1525
2013-12-01T16:34:58Z,مهاجم أرسنال يهدر هدفاً سهلاً بعدما ظن أنه متسللاً‬‎,2300
2013-11-15T06:12:59Z,U21. France-Armenia - 6:0,4108
2014-03-20T10:17:03Z,Arsenal - season 2013 -14 HD,96
2013-10-19T15:55:42Z,AMAZING Ramsey  turn &amp; back heel 4-1 Norwich 19/10/13,6991
2014-01-18T13:32:42Z,"Fulham 0 1 Arsenal, Barclays Premier League Under 21 Cup",57
2014-02-17T08:27:45Z,Arsenal 2 Liverpool 1 - It Was The Return Of The Flamster,16683
2014-03-05T13:22:50Z,Campbell hopes international success will lead to Arsenal career,1000
2014-01-02T16:28:03Z,YOU DECIDE: Penalty or no penalty? - Charlton Athletic,5685
2014-07-20T11:11:17Z,ANDY DELORT /Class Striker/ Skills Dribbling &amp; Goals /HD/,20243
2013-11-06T21:10:56Z,Aaron Ramsey Goal Arsenal 1-0 Borussia Dortmund HD,24170
2014-04-20T19:21:21Z,Aaron Ramsey&#39;s goal vs Hull City,6598
