publish_date,title,view_count
2013-09-07T04:50:39Z,Kervens Belfort (Haiti) Goal Against South Korea!,20574
2014-03-09T16:58:45Z,Kervens Belfort (Haiti) Goal for GF38 Against  Pau (March 8th 2014),13794
2014-05-13T17:36:58Z,Goalkeeper Assists top 10,72
2013-11-02T15:46:47Z,"Boris Kadio  Defender, Goals , Passes , Skills Season 2013/2014",4563
2013-11-16T22:59:40Z,MONUMA CONSTANT Jr  Milieu du RACING CH,835
2014-02-04T14:40:02Z,Haiti-France-Foot-L2-VIDEO: le triplé de Jeff Louis en vidéo (Match ASNL vs HAC),7440
2013-08-03T11:04:41Z,Antonio German Exclusive,14319
2013-09-13T23:00:53Z,Wilde Donald Guerrier (Haiti) Goal On his debut for Wisła Kraków (Poland),26339
2013-09-09T01:08:01Z,But de Donald vs Armada D2,237
2014-03-17T01:31:14Z,"Frantz Bertin (Haiti) Goal for Apollon KALAMARIAS Against ZAKYNTHOS (March 16, 2014)",1394
2013-09-06T23:12:51Z,Haiti VS South Korea (2nd half) (September 6th 2013),21865
2013-10-14T01:00:43Z,"Donald Guerrier (Haiti) Wonderful Goal for Wisla Krakow vs Wolfsburg (October 13, 2013)",11438
2013-09-06T18:16:35Z,Korea vs Haiti 2013 Friendly match],40374
2014-01-12T13:41:20Z,Donald Guerrier ||New sniper||,16134
2014-03-30T22:00:01Z,Goal Ricardo FATY (4&#39;) - AC Ajaccio-Toulouse FC (2-2) - 29/03/14 - (ACA-TFC),2373
2014-02-04T21:48:10Z,Foot-Haiti: Triplé de Jeff Louis (3/2/2014),2809
2014-02-12T14:34:04Z,N1M - BAUHB - GRENOBLE - 8 Février 2014 (Résumé &amp; Interviews),484
2014-03-08T16:44:04Z,SPORT   KOSOVA   HAITI   SOT              ABK,263
2014-06-22T21:40:34Z,VICTOR &quot;PULGA&quot; HIGHLIGHTS Greece/Grecia 2013-2014 (Kallithea &amp; Iraklis Psachnon),1121
2014-06-13T07:12:56Z,Cameron Belford,426
2014-07-27T16:22:55Z,"U20 - Williamson Salvant 2nd Goal - Haiti vs Turks &amp; Caicos (July 20th, 2014)",412
2014-02-05T03:07:10Z,"Jeff Louis (Haiti) Hat Trick For AS Nancy v Le Havre (February 3, 2014)",42483
2013-09-06T20:51:24Z,Coreia do sul 4  VS  1 Haiti,103
2014-07-27T17:17:50Z,"U20 - Junior Peterson Joseph - Haiti vs Turks &amp; Caicos (July 20th,2014)",817
2013-09-10T18:28:08Z,Résumé Grenoble - Nice (CFA),5821
2013-11-24T18:54:31Z,GF38 - ASV,6372
2014-07-27T20:20:46Z,U20 - Junior Peterson Joseph 2nd Goal - Haiti vs Turks &amp; Caicos (July 20th 2014),5416
2014-02-19T02:07:27Z,A.K. Football,178
2013-11-17T23:56:45Z,DONALD GUERRIER BEST HAITIAN PLAYER #DG77BEST,48937
2013-12-09T20:35:26Z,2013 2014 Villefontaine vs U17 1,574
2014-02-28T01:31:29Z,Donald Guerrier II SHOW II,2591
2014-03-09T22:58:08Z,2-1 Olimpia vs Vida l Gol de Anthony Lozano,1579
2013-12-04T19:53:14Z,AS MIRBALASI VS BALTIMORE DE ST MARC STADE SYLVIO CATOR,15885
2014-06-08T14:20:17Z,Federation Haitienne De FootBall FHF Peterson Jerome (Macth Haiti vs Cuba 1 - 0),10542
2014-02-18T11:58:22Z,gf38 Tournoi Limonest 2014,1458
2013-12-30T23:15:19Z,Donald Guerrier 77 - The Best player in Wisła Kraków,17947
2013-11-30T12:03:35Z,Tintoria Dry cleaners participating in the left foot sports league.,47
2014-02-14T05:25:04Z,Sony Norde Goal For (Mohammedan SC 2 1 Sheikh Jamal Dhanmondi) Club Bangladesh IFA Shield 2014,2867
2014-05-06T03:23:33Z,"One World Futbol, NEU, NIKE team up for BATF  in Belle Anse Haiti",1830
2013-09-06T21:13:15Z,Haiti vs South Korea (First Half) (September 6th 2013),8334
2013-09-06T14:52:11Z,[2013.09.06/대한민국vs.아이티] 경기 전 몸푸는 모습 01,336
2014-01-02T15:35:20Z,Tournoi 2013 de Tennis-Ballon,155
2014-04-16T14:25:44Z,Derniers matchs 2013/14 : Lyon FC et GF 38,9710
2013-12-10T18:10:35Z,Futsall Club PICASSO //  Echirolles  //  Plus qu&#39;un club,2391
2013-08-26T00:23:06Z,Santiago Morning 2- Naval 0,73
2014-07-24T03:45:58Z,Videyo gol Alessandro Campoy,7185
2014-07-21T12:27:06Z,Jeff Louis /The Magician/ Crazy Skills  Dribbling &amp; Goals /Full ᴴᴰ/,29922
2013-08-12T14:12:03Z,PEDRO HERVAUX Pere de Zachary Herivaux,4323
2014-02-11T15:01:21Z,Triplé de Jeff Louis en L2 avec l&#39;AS Nancy,24670
2013-08-28T11:27:33Z,Wisła.TV: Prezentacja Wilde-Donalda Guerriera,59003
