published-time,comment,likes
2013-09-07T12:43:46Z,Kaka korean abitre sa menm fout anraje net,0
2013-09-07T11:52:01Z,Neg la pa retire mayo a li pran katon ki kaka sa,0
2013-09-07T09:20:47Z,"vye radot ...Abit korean ap abite match Korea, sa pa fe sans.",0
2013-09-07T07:29:50Z,"pou tet li juste leve mayo li abit lan bal katon, ki radot sa.",0
2014-03-09T23:05:05Z,What's the name of the song,0
2014-05-03T20:30:31Z,bravo Jeff,0
2014-02-20T15:51:59Z,"je suis fier se vous jeff, continuez ainsi",1
2013-11-02T21:06:28Z,ouiiiiiiiiiiiiii! haiti men nou,0
2013-10-30T16:52:49Z,good job,0
2013-09-25T05:21:35Z,"Keep doing this gud job, so u can hv a place bro.I'd like to see ur team in champions league next year.hopefully ur team Is gonna b done in the first position or second...
When u get ur next goal show the worldwide where u from, dnt worry abt getting a yellow card... 
Haiti#
Home Sweet Home#",0
2013-09-19T05:00:16Z,Good job bro,0
2013-09-18T22:15:32Z,song ?? pleas,0
2013-09-17T05:04:02Z,May God protect you over there & get the golden shoe...,0
2013-09-16T16:17:57Z,Donald an aleeeeeeeeeeeeeeeeeeeeee,0
2013-09-15T19:00:17Z,"saa c toket laa, chay laa deyer....
",0
2013-09-15T14:39:26Z,"Good job bro , nouvel haiti sa  ap bon kanmem",0
2013-09-15T14:04:20Z,happy,0
2013-09-14T18:20:19Z,keep showing your talent bro!,0
2013-09-14T17:59:30Z,Proud of Haiti !!!,0
2013-09-14T14:35:25Z,"bon bagay WG, kenbe la",0
2013-09-14T12:44:30Z,"nice ,,,, arriba donald ....",0
2013-09-14T04:58:57Z,"POW POW POW POW se Doubleozoe kap diw keep up the good work man,mwen mande Bondye chak match ou jwe pou fe on gol piti
",0
2013-09-14T03:44:50Z,"Misye bon anpil, kenbe la pa lage. fok ou jwe anpil video game oui. pou fe bel tire kwaze sa.",0
2013-09-13T23:47:14Z,great goal and great move man ,0
2013-09-13T23:41:31Z,Great goal man,0
2013-12-05T23:44:21Z,"oh, sak ap pase peyim lan la menm",0
2013-09-10T21:25:04Z,"je suis dacc
",0
2013-09-08T01:04:30Z,"Haiti était très nul dans cette rencontre.Aucune interception, aucune attaque. Nul,nul, nul...
",1
2013-10-31T12:08:37Z,"wonderfull football player. Donald, you can do more... ! Go!
",0
2013-10-30T03:20:14Z,Zo gol man kenbe la ...,0
2013-10-15T01:04:26Z,"bon bagay piti... bagay de PRO!!!
:)",0
2013-10-14T20:42:52Z,We proud of you son,0
2013-11-22T21:45:50Z,O wow wtf is that,0
2014-01-14T22:29:13Z,The Best In Poland,0
2014-01-14T20:54:40Z,Great video! Good luck Donald!,1
2014-01-13T16:20:59Z,Dobry vid! Guerrier! oby tak dalej ,3
2014-07-29T10:18:50Z,welcome to celtic bro :D,1
2014-02-16T02:41:03Z,Continue comme sa Jeff best haitian player,1
2013-11-28T13:19:05Z,pas mal 2 buts hors jeu,0
2013-11-25T17:44:00Z,Le gardien de Grenoble est vraiment fort !!!!!!!!!!!!!!!!! C'est bien il faut continuer comme ça,0
2014-01-05T13:43:37Z,"grande DG77,,,,",0
2013-12-24T17:17:14Z,me gusta esoooooooooooooooooooo primo,0
2014-06-19T17:29:18Z,nice ...Alasooo,2
2014-05-08T19:12:28Z,Check out this video on YouTube:,2
2014-05-06T19:53:06Z,barefoot soccer!,2
2014-05-06T10:12:09Z,Very genoures,2
2013-09-07T23:35:59Z,뭔가돼가는것같다. 제발최상조합인가하는걸찾아가지고 일년내내똑같은 작전으로 경기를하지말았으면.,0
2014-06-15T19:46:35Z,Cool la video,0
2014-05-01T15:09:14Z,"de toute façon gardien c'est le poste le plus dur , sa demande tellement de qualité pour excéder , je trouve que tu est trés bon sur tes appuis, niveau reflex c'est super, mais les sortie dans le pied c'est pas encore sa et puis on ne t'entant pas trop. guele plus , je peux t'assurer que quand t'es attaquant et qu'un mastodonte(t'a l'air assez imposant) gueule, sa va vraiment le déstabilisé.  ",0
2014-04-23T11:30:04Z,tu joues ou,0
2014-04-21T22:25:27Z,"Bon Maxime, tu es pour moi hein, c'est mon avis vu mon expérience de recruteur, pas encore assez fort à cause de ton niveau technique assez bas pour être dans un club de l'élite française ou un autre pays!
++Tu es un gardien avec de bon réflexe et je suis époustouflé par sa avec une assez belle envolé qui te sauve de tes défauts
------mais tu manques de calme et de technique, ce qui équivaut à, mauvaise prise de balle, sortie hasardeuse trop souvent ce qui mets ton équipe en dangers, tu sors avec tes pieds sur les adversaires, tu relâches trop souvent ta balle et tu la repousses trop, tu es aussi un gardien trop précipité et qui mets une atmosphère peu sereine dans ton équipe
Ce sont des points à améliorer et aussi, ta capacité à savoir gueuler sur tes coéquipiers pendant le match, tu ne parles pas assez, soit plus mure et améliore ta technique mais cela devrait être dans les tâches les plus complexes pour un gardien comme toi qui à tellement peu de qualité technique mais je crois que tu peux y arriver avec l'envie
Attention, ce commentaire que je viens de t'écrire doit être prit comme un point de plus prit pour t'améliorer et non pour te dégringolé vers le bas
Continue comme ça ket tu peux y arriver j'en suis sur mais pour le moment pas, bât toi, on est tous passer part là",3
2014-04-20T20:44:11Z,"tu joues dans quelle équipes ?
 ",0
2014-04-20T20:43:27Z,t es cher fort,0
2014-07-28T04:51:17Z,Pas mal,0
2014-07-31T20:19:46Z,Standard de liège bientot,0
2014-07-29T11:51:29Z,Come to Celtic fc young man the fans will love you big time,0
2014-07-26T13:18:52Z,Grande louis !!! Arriba ,0
2014-07-25T22:32:53Z,Only if Everton had good scouts v.v,2
2014-07-22T02:27:11Z,"make a video about filip kostic, ryo miyachi,ryder de matos, mason bennet,kerrison,alan pulido,hiram mier,and terry antonis",1
2014-07-21T20:39:53Z,can you do a video on ideye brown ,0
2014-07-21T12:37:32Z,"#25 JEFF LOUIS
AS Nancy Lorraine (Ligue 2)
Date of birth: Aug 8, 1992
Place of birth: Port-au-Prince  
Age: 21
Height: 1,78 m
Nationality: Haiti
Position: Mittelfeld - Attacking Midfield",2
2014-04-25T13:47:15Z,Respe pour ou frem si mwen te gen yon timoun ki kon jwe football se tap menm bagay la. chapeau ba frem.,0
2013-09-24T18:57:03Z,so proud,1
2014-02-25T22:09:16Z,Excellent jeff,0
2014-02-23T04:20:39Z,"Jeff Louis,Bravoooooooooooooooooooooooooooooo",0
2014-02-13T19:36:54Z,felicitation mon cher jeff louis que Dieu te benisse,0
2013-12-12T15:40:56Z,Zapraszam do nas :D,0
2013-11-10T19:43:35Z,Don't give up man,0
2013-09-25T05:08:19Z,Haitiiiiiiii####,0
2013-09-15T14:35:46Z,"Bonne chance mon frere, neg okay, bon bagay",0
2013-09-14T12:43:09Z,vas y Donald on est avec 3,0
2013-09-12T17:22:22Z,"z tego co pamiętam to jak pisałem to nie było takiej opcji, fajno że są :*",0
2013-09-12T07:00:11Z,"Nas jeszcze bardziej wkurza, jak ktoś marudzi o braku napisów, bo... nie chciało mu się ich włączyć odpowiednią ikonką w playerze (zestaw w prawym dolnym rogu, bodajże druga od lewej).",0
2013-09-11T17:58:53Z,"ale polskie napisy mogliście dorobić, wkurza mnie takie podejście że jak po angielsku to każdy rozumie, a jak nie rozumie to lepiej niech nawet nie mówi bo obciach",0
2013-09-02T19:05:14Z,Eee jeszcze troche poczeka ............Eee w Szczecinie to jest niemożliwe zeby grał ,0
2013-09-02T19:02:13Z,"haha
",0
2013-09-01T18:04:43Z,Legendarny numer 77 Iliev :),0
2013-08-29T20:30:59Z,"Musi go znać z imienia i nazwiska? Nie wystarczy, by spojrzał na boisko i zorientował się, że ten duży co gra na lewej obronie na treningach czy w meczu z Lechem to gość, o którego go pytają?",0
2013-08-29T20:27:14Z,"""Kto to jest Bunoza?"" 
""Tak jest bardzo dobrym zawodnikiem."" - no napewno jak nawet go nie zna.. :D",0
2013-08-29T14:38:35Z,"Już jeden taki ""Guerrierio"" był :D",0
2013-08-29T10:41:35Z,"Padłem ! Powstałem, więc piszę! Jeden nie wie kto u niego będzie grał, drugi ma problem wymówić nazwę zespołu, w którym będzie realizował swój ""dream"" :) Profesjonalna prezentacja, że hej ;)",0
2013-08-29T00:40:19Z,Only time we will tell. ,0
2013-08-28T23:49:04Z,ALASOO guerrier,0
2013-08-28T22:48:58Z,haitiano en la casa papa,0
2013-08-28T18:31:24Z,tak jaja sobie robi niestety on jest taki głupi musisz to zrozumieć ,0
2013-08-28T15:19:55Z,"Trzeba się uczyć języków;d
",0
2013-08-28T14:55:52Z,duzo rozumiem ....,0
2013-08-28T14:35:24Z,"My prayers are with you, son
",0
2013-08-28T12:08:06Z,"- Kto to jest Guerrier? 
- Donald. 
- Aha. 
Franek mistrz!!!
",0
