published-time,comment,likes
2013-11-11T17:04:19Z,"un jour, peut être, on prendra des vrais buts à bordeaux.",1
2013-12-16T13:45:14Z,Magnifique but,0
2013-12-16T09:57:07Z,FCN <3,1
2013-10-11T11:54:38Z,Once they complete that thing it will be one of the most intimidating grounds/stades in Europe. ,0
2013-10-07T19:31:24Z,"allez om
",1
2013-10-07T12:27:40Z,JUMP.,0
2013-10-07T06:31:35Z,Hoi,0
2013-12-18T05:02:42Z,Can anyone name the song from 1:43-1:56?,0
2013-12-17T20:17:17Z,"love the french accent: shoud'nt, vidéo, amaizing",0
2013-12-16T01:56:13Z,First,0
2014-07-23T07:15:21Z,Non il reste a nantes finalement,0
2013-12-17T12:39:47Z,tres beau but! je souhaite qu'il signe a l'OM,0
2013-12-02T14:59:41Z,Forza OM ! ,0
2013-11-23T09:01:46Z,Paulsumche on insulte pas Marseille même si je suis pas pour eux,1
2013-11-20T13:56:18Z,MARSEILLE MARSEILLE ON T'ENC*LE,0
2013-11-19T22:12:15Z,Car LE tifo OM *,0
2013-11-19T22:11:32Z,Franchement je suis vraiment pas pour Marseille mais respect car les tifos OM et super dur a faire je suis supporter et cela avec les papiers de partout qui s envole et certaine personne qui le fond pas pour voir vraiment un truc respect ,1
2013-11-19T14:15:41Z,paris a une équipe plutôt bonne mais un publique tous pourris ^^,1
2013-11-19T11:25:53Z,ICI C'EST PARIS !!!!!!<<<<33333,2
2013-11-03T23:47:29Z,"marseille raciste ? t'es un rigolo toi !! marseille est la capitale cosmopolite ! 
Et les utras leur slogant c'est anti fasho !
et notre russe comme tu dis c'est la femme de dreyfus qui est mort ( lui mettait beaucoup d'argent) 
elle elle en met plus dans ces fourures que dans le club 
Quand on sais pas on ferme ca gueule 
Forza OM
",0
2013-11-02T21:31:20Z,t'es frustré ma loutre ?,0
2013-11-02T19:15:13Z,"t'est pas prêt d'avoir des tifos comme ca oui mdrr
",0
2013-10-23T12:45:55Z,cool ta vie tu veux un cookie,0
2013-10-19T07:35:31Z,J'y suis allé,0
2013-10-16T08:29:32Z,Mais elle reste minable,0
2013-10-15T15:07:02Z,ta gueule on en a des meilleurs que vous sale hooligan ,0
2013-10-13T13:17:18Z,MDR vrai,0
2013-10-13T13:16:19Z,Tribune de merde ...,0
2013-10-11T10:33:15Z,respect from algeria ,0
2013-10-10T21:41:03Z,c pas des supporter sa ,0
2013-10-10T16:22:04Z,"Et vs a votre russe Dreyfus, srx en plus de ca vs etes racistes, qu est ce que ca peut faire qu ils aient les moyens, l OM appartient a une MILIARDAIRE dc tg, marseille boss je t ai répondu sur l autre video, t apprendras a fermer ta gueule a l avenir",0
2013-10-10T09:55:50Z,A Bon t'es sur ? demande a ton prince...,0
2013-10-10T08:11:53Z,Remercier les arabes ki on investi dans votre club qui etait grave en chute libre bande de rigolo,0
2013-10-09T18:45:49Z,"Christiane en meme temps si tu vas voir un paris Valenciennes ne t attend pas a voir un public de fou, tu ne devais pas etre là pour les GROS match comme contre le barca",0
2013-10-09T18:43:16Z,"En même temps, quand tu vois certains ultras (et c'est pas qu'une petite quantité), c'est un peu justifié.",0
2013-10-09T15:29:31Z,Et Zlatan a le talent de faire des fautes d’orthographe ... ,0
2013-10-09T11:19:10Z,"La ligue qui fait la promo des tifos et des tribunes , alors que dans le même temps elle tue les groupes ultras et la culture des  tribunes.
pathétique",0
2013-10-09T00:23:48Z,plus dambiance nn faut pas exagrer morray!!!meilleur equipe oui mes pas meilleur ambiance!!!tu va au parc tes assis a coter de petite famille comme si tu été au teatre!!lol!!,0
2013-10-08T21:44:36Z,Et vous avez meme le talent d'organiser des matches truquées ....une chose qu'à Paris on ne sait pas faire!,0
2013-10-08T21:32:30Z,Apparemment les supporters de l'OM ont plus d'humour que toi.....,0
2013-10-08T21:16:30Z,"l'argent ne fait pas le bohneur, l'OM si. la blagounette, ça rend heureux de perdre ? x) faudrait que Paris éssaye tien, ah mais ça fait 27 matchs qu'ils ont pas perdu ... on est pas prèt de goûter au bohneur je crois ...",0
2013-10-08T17:59:35Z,"Rien à voir avec les qataris, les assos n'existent plus au parc depuis le plan Leproux! ",0
2013-10-08T17:48:14Z,"LFP, des fumigènes pour ta publicité, des IDS pour ta crédibilité... (supp stéphanois)",0
2013-10-08T17:46:53Z,"a tt les marseillais, ya plus d'ambiance au parc en ce moment que chez vous. dimanche soir a part des siflet et la voix de tonini ds son mega yavait rien. vous me faites trop marrer. ya 10 fois plus de bruit a paris meme apres le plan leproux. allez Paris. franchement votre club fait de plus en plus pitie.",0
2013-10-08T14:36:31Z,"Jaloux du fait qu'il y est plus d'ambiance à Marseille qu'à Paris. Et je te rappelle un truc, sans les suporters, aucun Qataris n'aurait investit de l'argent au PSG, sans les supporters, le football n'existerait pas....",0
2013-10-08T10:54:32Z,Aux moins a Marseille au aura une chose que les parisiens auront jamais avec leurs qataris ! c'est L'Ambiance ! ,0
2013-10-08T10:38:03Z,"Pour les intéressé,  je fais des video  où je parle du foot sur des gameplay de COD ;D",0
2013-10-08T05:51:34Z,Traduction : L'entrée des joueurs avec Jump vu des tribunes,0
2013-10-08T02:05:12Z,"Viens a Paris et ose redire ça...
J'suis supp' parisien, j'suis fier de l'être mais je sais faire la distinction entre chambrer sportivement et insulte hors domaine sportif.
La tu montres juste a tous les mecs simple que les supp' marseillais sont des cons. Heureusement, j'ai des potes marseillais qui sont pas aussi cons que toi",0
2013-10-08T01:42:56Z,"Grand public,petite équipe,dommage...",0
2013-10-08T01:31:59Z,LIBERTE POUR LES ULTRAS!!,0
2013-10-08T01:23:03Z,En tt cas l'argent nous a donné beaucoup de bonheur Dimanche soir... pas à l'om. À 10 contre 11. Quelle honte.,0
2013-10-07T21:34:49Z,Le vieux montage musical :0,0
2013-10-07T20:08:00Z,LIBERTE POUR LES ULTRAS ! SANS SES ULTRAS VOTRE CLASSICO NE VAUT PLUS RIEN !,0
2013-10-07T20:06:00Z,OM - PSG tu sais lire,0
2013-10-07T19:28:51Z,Pk on montre les tifos marseillais mais jamais de sainte ?,0
2013-10-07T19:20:07Z,Si c'est pour dire ça <<<<<<<<<<<<,0
2013-10-07T19:19:45Z,"Franchement, je supporte tout comme toi l'OM mais là tu dépasses les limites, sais-tu combien de maghrébins et autres africains vivent à Marseille ? ",0
2013-10-07T19:15:30Z,L'argent ne fait pas le bonheur...  L'Om si !,0
2013-10-07T19:05:23Z,je rêve ou un marseillais est raciste?,0
2013-10-07T19:03:05Z,Ici c'est un commentaire!,0
2013-10-07T18:41:15Z,ICI C'EST PARIS,0
2014-05-05T02:56:04Z,Cichero es un maestro *_*,0
2014-02-06T00:12:28Z,who were the announcers for this game today?,0
2014-02-05T22:43:48Z,That was an intense game. Loved watching it live,0
2014-01-17T11:06:10Z,Ici c'est Paris:-) ,0
2013-09-20T02:15:46Z,"venezuela 
",0
2013-09-14T20:05:23Z,Yes Paris.,0
2013-09-09T07:50:44Z,"Rmfc you do realize that Cavani was at a really bad angle to shoot, right? He knew he wasn't going to be able to shoot correctly so he gave a pass to Lucas instead. Looked like a fancy pass but that was the only way to pass in his situation.",0
2013-09-04T15:59:37Z,Alex commence a m'enerver,0
2013-08-31T14:51:13Z,SSC NAPOLI attack..,0
2013-08-30T11:46:50Z,i came here to see cavani,0
2013-08-30T09:33:42Z,Un seul français sur le terrain côté PSG sur la compo... `dur,0
2013-08-30T02:51:59Z,"Let's go PSG, road to the champions!",0
2013-08-30T01:06:46Z,Paris Paris Paris.. ChampionMonFrère,0
2013-08-28T15:28:29Z,L'attacco del Napoli...,0
2013-08-28T15:28:14Z,SEMPRE!,0
2013-08-28T13:55:15Z,le but c'est meme pas un nantais qui le marque donc ferme ton bec puant,0
2013-08-28T11:25:03Z,"SALUT A TOUS AMIS SUPPORTER OU FOOTBALLEUR VENEZ VOIR LES VIDEOS D'UN PETIT CHAMPION DE NANTES AGEE  DE 8ANS SVP SOUTENEZ LE IL MERITE ET SI VOUS POUVEZ FAITES TOURNER LA VIDEO SUR YOUTUBE ""RAYAN FOOTBALLEUR"" DAILYMOTION ""RAYAN FOOTBALLEUR"" ET FACEBOOK ""RAYAN FORTIN""",0
2013-08-28T03:17:44Z,"Psg needs to buy a Center Back and a mid i don't know why they haven't offered on Ozil because he is someone that is very talented and Madrid want to sell him, But i can see why Psg haven't offered on him yet he isn't on Napoli.",0
2013-08-28T03:14:30Z,I wonder how much Psg is going to pay for Higuain next season,0
2013-08-27T22:43:46Z,Dans l ensemble le match était mitigé le PSG  a été très faible surtout la fin les 10 dernières minute follow moi sur twitter AnaRchy_Drop spécialiste des débat foot,0
2013-08-27T21:16:06Z,"Well done for playing Lavezzi, that guy is finding himself, when he does he will be the backup PSG need in times like this. As for Ibra and Cavani not playing well together -well that is a myth",0
2013-08-27T19:46:05Z,On a marquer qu'un but car c'est votre gardien qui vous sauve le match on aurai pu en mettre 3 ou 4 alors ferme ta bouche avec ton équipe du quatar a deux bal qui s'en tape du club et de ses supporter,0
2013-08-27T15:54:03Z,"FORZA NAPOLI
",0
2013-08-27T08:56:15Z,"buena actuación de Cichero
",0
2013-08-27T01:14:54Z,Paris ou l'équipe avec le moins de Français de la Ligue 1,0
2013-08-26T23:10:41Z,che portiere Sirigu !!,0
2013-08-26T23:07:09Z,Muito foda,0
2013-08-26T22:10:02Z,J'ai d'abord cru a un post etranger tellement l'orthographe est mauvaise!,0
2013-08-26T22:08:07Z,"Hey look, there's a French guy in the PSG team!",0
2013-08-26T21:41:12Z,PSG c'est les meilleur bande de gros rageux ici c'parîs !!!,0
2013-08-26T21:10:53Z,"44% de possession, 44 Nantes !",0
2013-08-26T19:49:26Z,"zlatan zlatan and zlatan !
",0
2013-08-26T19:29:27Z,Aguante CAVANI!!!! Tamo acá los uruguayos solo por Cavani!!,0
2013-08-26T19:27:10Z,"jaime pas avoir la onte acose des parisien!!!
",0
2013-08-26T18:39:59Z,On a T.Silva le meilleur défenseur du monde =),0
2013-08-26T18:34:04Z,"J’emmerde le PSG !!!
PSG sucks !!!
Saloperie de PSG !!!
",0
2013-08-26T17:22:40Z,"this is a nice goal , Cavani shot to the right time , and didnt hit the goalkeeper",0
2013-08-26T16:00:20Z,"Supporter du psg depuis 2000 moi et bizaremet yavais pas trop d'etranger qui ""supportaient"" notre club....",0
2013-08-26T15:59:54Z,cavani was lucky.his shot wasn't his class..,0
2013-08-26T15:08:42Z,!!!!!!!!!!!,0
2013-08-26T15:08:35Z,Cavani,0
2013-08-26T15:08:21Z,Lavezzi,0
2013-08-26T14:17:35Z,"Cavani Sirigu Pastore go Palermo
",0
2013-08-26T13:52:21Z,Duh! of course it was! All I meant to say is that seeing him score early in the season will give him much confidence and will shut his critics! ,0
2013-08-26T13:45:28Z,"Très bon match du FCN, ils leur ont bien mis la pression (surtout après l'égalisation), si les Canaris joue comme ca tout le reste de la saison ils pourront aller loin en Ligue 1.",0
2013-08-26T13:44:59Z,"2:40 : Je peux avoir ton maillot ?
         Allez casse toi !",0
2013-08-26T12:31:27Z,Cavani = Legend,0
2013-08-26T12:27:06Z,Cavani-Lavezzi:Naples!,0
2013-08-26T11:52:10Z,premiere victoire en trois matches avec le plus gros budget de l1 c'est pas trop magique,0
2013-08-26T11:50:11Z,"nan ! :)
",0
2013-08-26T11:45:41Z,"dommage pour nantes ils avait quand meme fait un beau matche mais paris etait quand meme meilleure
 ",0
2013-08-26T11:30:29Z,ji etai au match et alex et bon,0
2013-08-26T11:11:33Z,"Tant qu'on a les images, ça suffit largement.",0
2013-08-26T11:09:40Z,Bravo aux canaris ! Ils font très bonne impression c'est encourageant pour la suite du championnat !,0
2013-08-26T10:55:47Z,.....................grande pocho loco,0
2013-08-26T10:06:25Z,it was an easy goal..,0
2013-08-26T09:56:37Z,SUPER CAVANI!!!!,0
2013-08-26T09:20:49Z,Alex faut mettre sakho a la place srx !,0
2013-08-26T08:41:10Z,"Aller Nantes pour cette saison de ligue 1 =)
",0
2013-08-26T08:38:40Z,vive Paris ,0
2013-08-26T08:35:10Z,A victory made thanks to Napoli ,0
2013-08-26T08:34:45Z,"Lavezzi, Cavani.... made in Napoli !!",0
2013-08-26T08:11:12Z,bof ,0
2013-08-26T07:46:39Z,C'est incroyable que même la chaîne officielle de L1 post des vidéos en anglais...,0
2013-08-26T07:35:56Z,"paris est magique !!!!!!!!!!!!!!!!!
",0
2013-08-26T06:39:53Z,P$G...i think its better ibra to play as a AMF...bcoz cavani will score more goals than ibra...or else play both as a center forward and menez or pastore in the AMF,0
2013-08-26T05:30:09Z,"FINALLY, PSG is the King",0
2013-08-26T05:04:00Z,Bedoya was a good signing,0
2013-08-26T04:08:52Z,Gabo Cichero - Crack,0
2013-08-26T02:43:46Z,leave,0
2013-08-26T02:38:15Z,Cavani is still proving that he's a quality player! love watch him play! ,0
2013-08-26T01:35:46Z,t as vu le match au moins ? il fait la passe a Cavani pour son but et c est lui qui fait la passe décisive en décalant Matuidi sur le deuxième..,0
2013-08-26T01:24:30Z,Nantes lost -_-,0
2013-08-26T00:59:24Z,"CAVANI!!!!!
",0
2014-07-18T17:07:10Z,yall need to relax! he apologized after! ,0
2014-07-09T13:33:26Z,"En la versión completa del vídeo se va que le va a dar la mano, le entrega la remera y se va todo contento el camarógrafo.",0
2014-07-05T15:02:31Z,He apologizes after and gave his jersey to the cameraman. :3,0
2014-07-05T01:02:19Z,Es un pelotudo de primera.,0
2014-07-01T22:49:36Z,no coments... ._.u,0
2014-06-27T07:55:33Z,mierda es bastante pelotudo pero le doy igual,3
2014-06-27T00:54:15Z,un sinverguenza como toda la gente que lo esta festejando en estos comentarios. gracias,0
2014-06-26T22:27:12Z,Sos un GENIO Lavezzi...te amamos..!!!!  Love u,5
2014-06-26T21:51:08Z,,0
2014-06-26T21:50:56Z,Es un chiste nomas!! Tampoco sean tan drásticos! ! Ahora son todos buenos! ! Jajaja,1
2014-06-26T21:50:55Z,Es un chiste nomas!! Tampoco sean tan drásticos! ! Ahora son todos buenos! ! Jajaja,0
2014-06-26T19:42:35Z,he y el chiste? pobre tipo,3
2014-06-26T18:52:42Z,Es un hijo de puta jajajajajjaja xD Muy bueno xD!,5
2014-06-26T15:41:45Z,camera fhd pro + steady = much dollars!!!!,3
2014-06-26T15:40:26Z,"I think he meant it for one of his team mates, and didn't realize the cameraman wouldn't see him. Around 0:22 you can see he's first jumped over by one of his teammates.",1
2014-06-25T22:24:40Z,que mala gente eso no se hace el tipo esta laburando jajajajajaj,1
2014-06-25T20:16:04Z,Then he apologizes for the joke!!... very funny :)  ..don't be dramatic,10
2014-06-25T17:42:39Z,Lol lavezzi is a goof,0
2014-01-13T11:03:32Z,stupid fucking idiot... probably doesnt know how dangerous it is.. could have broke his neck or back,12
2013-11-07T10:33:35Z,http://www.youtube.com/user/wasuser1,0
2013-10-22T21:36:34Z,Hahahahahahah he should have helped him up tho,0
2013-10-19T21:14:30Z,"yes he seems to be very poor pfff. bitches can't take jokes
",0
2013-10-19T18:28:22Z,"Stfu its fucking banter. Why do you think he is called the ""El loco"".",0
2013-10-18T15:15:00Z,"If you don't want people to object to and question your statements then you should be more careful about what you say and how you say it, and you should avoid contradicting yourself. You haven't been arguing: you haven't been coherent and rational enough for that. You have contradicted yourself, changed your position, denied it, blamed someone else, etc. It's not about being literal or figurative. You've just been nonsensical and now you're running away because you got caught out talking drivel.",0
2013-10-15T21:05:21Z,"You did NOT just say ""that he could afford to pay for a broken camera, nothing else"". You also said he could afford to fix chronic pain.

When I said that it was reckless, you called it a ""little harmless stunt"", called me ""depressive"" and told me I needed a sense of humour. That amounts to defending Lavezzi from criticism for his stupidity.

If you're not defending him, do you now agree that it was a rude and irresponsible thing for him to do, or do you still say that what he did was okay?",0
2013-10-15T16:17:21Z,"It seems your comment was removed, but it was a change from your earlier certainty. It considered the possible consequences, which is exactly what Lavezzi didn't do.

Lavezzi childishly risked someone's health, and it's why I think it was wrong of him to do it. It's the sort of thing that thoughtless 14-year-old schoolboys do, and you are not a 14-year-old schoolboy, which I why I think you wouldn't have done what he did and why I find it strange that you ended up defending him.",0
2013-10-14T13:02:44Z,The camera costs around 75k Dollar!!,2
2013-10-13T21:59:45Z,"Fucking Slice his Throat, Overpaid Prick",0
2013-10-13T20:33:57Z,Trying to impress Zlatan. Stupid joke - probably regretted it. I like Lavezzi. ,0
2013-10-13T10:34:58Z,"I asked whether Lazezzi could afford to solve chronic pain. You replied, ""I'm pretty sure he could do that as well, yes"". So you asserted that money would solve chronic pain.

I disagreed, and you replied, ""Of course money isn't the whole thing."" In other words, you asserted that money wouldn't solve chronic pain.

Those are two different assertions on your part, so you appear to have changed your position yet you insist you haven't.

So which is it: is money a solution to chronic pain or not?",0
2013-10-12T20:49:32Z,Twat,0
2013-10-12T12:26:48Z,"If you understood that money isn't the whole answer then you shouldn't have suggested - as you did - that paying hospital bills was the answer to a concern about chronic pain. I'm glad that you've changed your position on that point.

Laughter's important, but so is respect and consideration for other people. I don't think that Lavezzi has the right to risk someone else's health for his own amusement. You appear to think that he does have that right. Are you arguing that he does have that right?",0
2013-10-11T21:02:36Z,G la peine pour le caméramane :'(,0
2013-10-11T21:01:27Z,Sérieux**,0
2013-10-11T21:00:26Z,Sa ce fait pas serueux il me deçoit ce type,2
2013-10-11T11:47:18Z,Que falta de respeto eso puede afectar la camara o causar un accidente : S,0
2013-10-11T11:15:45Z,"As I said, money is not the whole answer. Paying for hospital bills and lost income can't undo chronic pain.

This was not ""a little harmless stunt"". It was thoughtless and irresponsible. There's a big difference between childlike and childish. Being childlike is all very well, but being selfishly puerile is not a good thing in a 28-year-old man who really should know better.

There's no need for attempts at schoolyard insults.",0
2013-10-11T08:30:16Z,disrespectful,0
2013-10-11T04:07:56Z,"$45,000 camera, Lens, and wireless transmitter.",0
2013-10-10T15:08:18Z,"Can he afford to fix the cameraman's health if the guy gets an injury that leaves him with chronic pain and unable to work? Money isn't the whole answer. However much camera equipment he can buy, it won't undo the fact that Lavezzi is incredibly rude and irresponsible to pull a childish stunt like that.",0
2013-10-09T01:36:13Z,"are you the cammer man?, men you really have to do something, there has to be respect from all parts, ligue 1 has to do something about it...",0
2013-10-09T00:47:15Z,"fuck modern $occer
",0
2013-10-08T10:37:22Z,So fuking.......not funny,0
2013-10-07T22:07:36Z,"not funny
",0
2013-10-07T21:36:34Z,Then walks away like an accident jajaja,0
2013-10-07T20:24:40Z,"hahaha, poor him!
",0
2013-10-07T19:45:44Z,true.,0
2013-10-07T19:39:35Z,At love for jesus led me to islam.,0
2013-10-07T18:53:05Z,"Rich boy laughing at a man who's doing his job.

DISGUSTING

NOT FUNNY AT ALL",2
2013-10-07T15:07:55Z,STFU it was a joke im sure he bought him a new better one,0
2013-10-07T13:19:54Z,:D nice one,0
2013-10-07T10:16:46Z,twat,0
2013-10-07T08:52:07Z,it's not like he's poor,0
2013-10-07T07:00:36Z,κασιδιαρης νο2,0
2013-10-07T06:05:13Z,"if he had helped me after to get up, maybe it would be funny.
But now its a coward idiot joke.
Lavezzi happyness against cameraman's tiny daily income. ",0
2013-10-07T05:40:29Z,Dickhead,0
2013-10-07T05:19:06Z,Not sure but i think Lavezzi might afford that..,0
2013-10-07T04:31:14Z,loooooooooool funny man,0
2013-10-07T03:56:30Z,"ho ass shit...not funny 
",0
2013-10-07T02:34:47Z,"Camera equipment could cost thousands of dollars. If it is rented, it would come out of his pocket if anything broke.",0
2013-10-07T01:40:01Z,Camera Man looks mad,0
2013-10-07T01:13:48Z,Crazy man,0
2013-10-07T00:27:23Z,LOOOOOOOOOOOL,0
2013-10-07T00:26:18Z,LMAO,1
2014-02-17T19:06:22Z,Sunzuuuuuuuuuuuuuuuuuuuuu,0
2014-02-12T20:42:15Z,Sochaux♥♥♥♥,2
2014-02-04T08:09:52Z,wonderful goal,0
2014-02-03T11:14:16Z,Chipolopolo,0
2014-02-03T10:10:32Z,Sunzu!! Power,0
2014-02-03T01:29:08Z,Well done Sunzu. Making Zambia proud,0
2013-09-25T11:02:01Z,3 Lyon 3,0
2013-09-25T09:21:21Z,Lyonnnnnnn,0
2013-09-25T03:32:38Z,Lyon's goals were sicccccccck,0
2013-09-24T01:43:59Z,:( Nantes having a bad season,0
2013-09-23T17:51:48Z,3 nice goals from OL. ,0
2013-09-23T11:51:22Z,No Homo,0
2013-09-23T11:51:14Z,Grenier <3,0
2013-12-12T18:16:41Z,"Aristeguieta :D great player
",0
2013-12-10T10:56:36Z,FCN <3 <3 <3,0
2013-12-06T00:12:02Z,Amazing fans!,1
2013-11-02T12:26:07Z,nantes is know in england ? ( sorry my english is not perfect i'm french en supporter of nantes ),0
2013-09-27T20:34:20Z,Aristigueta he awesome,0
2013-09-27T04:00:52Z,Great fans,0
2014-05-31T16:37:37Z,la olum ergen misin ?,0
2014-05-07T22:03:30Z,"Sa fait de la peine même pas il s'excuse, l'aide a se relever ... Le mec y se scroit au dessus ? Le cameraman est une sous merde c'est sa ?",6
2014-03-03T08:39:43Z,"y'a des TONNNNNNESSSS de choses dans le championnat francais qui devraient vous enerver , mais nan , vous c'est la petite blague de lavezzi ... allez les enfants , je vous laisses le PC mais attention pas de gulli apres 23:00 t'facon je regarderai l'historique .. pas confiance",2
2014-03-03T08:37:33Z,"j'aime les gens qui donnent leurs avis PETER ''''100.000 euros la camera""""""

au debvut on en etait a 10.000 ////  dans 6 mois la camera couteras 1.000.000


hey les gens !!! ARREZTEZ DE BEUGLER dans le vide et de donner des chiffres et pire meme .. VOS AVIS lol car on s'en bas les c******",0
2014-03-03T08:36:02Z,"ouahhhh putainnn qu'est ce que c'est graaaaaaaaaaaaaave 


JCOMPREND QUE VOUS VOUS REBELLIEZ 

on sent que vous avez de vrais principes et de vraies revendications mdrrr",0
2014-01-08T11:34:09Z,Oeeeeeee,0
2014-01-08T11:33:48Z,Tg,0
2013-12-17T21:53:31Z,MegaCliner no te preocupes despues queda todo bien el pocho en la proxima fecha lo saluda y le regala una camiseta,0
2013-11-23T17:46:20Z,Pas sur que le cameraman est apprécié...,2
2013-11-02T17:51:44Z,Faut pas oublier que au match suivant il a offert son maillot puis le caméraman etait mort de rire après :b,1
2013-11-01T01:36:56Z,a un autre match il a même offert son maillot au cameraman je trouve se geste magnifique et pourtant je suis un supporter de Marseille ,0
2013-10-30T21:19:31Z,"C'est mal me connaitre alors, parce que n'importe qui fait ça pour moi ça reste un trou du cul. Enfin bon, j'ai jamais vu Lavezzi faire trop de mauvais gestes sur un terrain donc bon, on fait tous des conneries mais faire ça à 28 ans cest vraiment être un teubé",4
2013-10-29T15:05:18Z,"Le coup du tracteur au Vel', la pommade chauffante dans les slips de Valbuena, lui planquer sa bagnole et lui découper les chausettes! Putain, RIbéry il fait penser à Cartman des fois :')",0
2013-10-29T15:04:15Z,"Mais même si il l'a pas cassé, c'est la blague en elle même qu'est conne! Lavezzi il a 28 ans, il fout des balayettes, bah oui c'est un bouffon parce que s'il lui nique le truc lui il s'en fout, pas le cameraman.
",2
2013-10-29T10:18:35Z,"Génial, il lui nique son matos et il lui donne un maillot! (y) t'as tout compris toi. Ensuite j'insulte qui je veux, si t'es pas content bah c'est la même! J'dis juste que sa blague elle est super conne, pas drole et que ça montre bien à quel point les footeux vivent pas dans le meme monde que nous. A bon entendeur, j'essaierai même pas de te clasher, kiss",1
2013-10-28T07:34:44Z,"Un biscuit ?
",0
2013-10-27T18:51:13Z,Je ne vais pas rapprocher la blague de Lavezzi avec le fairplay du club. Jamais de la vie !,2
2013-10-26T22:23:43Z,c'est la que j'ai envie de dire PARIS ! PARIS ! on t'....cule !!,0
2013-10-26T21:41:02Z,Il a  rien dit de raciste débile ,0
2013-10-25T14:03:20Z,"après les parigos s'étonnent que pas grand monde les aimes, sont vraiment tous con",1
2013-10-24T20:24:29Z,"Jajajaja! Crackk
",0
2013-10-24T13:27:22Z,"quelle ignorance un steadicam pése incroyablement lourd (+- 50KG selon la cam ) une chute peut entrainer de grave blessures...sans parler du matos certe pour ces c-- de footbaleur 100 000euros c meme pas un mois de salaire mais bon ... Ce n'est pas glorieux tout ça et forcement le cameraman ne regarde pas devant lui il a bien d'autre chose a faire son cadre ca mise au point.
Bref a force de faire des tetes les neurones en prennent un coup deja qu'a la base ... ",1
2013-10-24T03:41:28Z,ese Lavezzi es un imbècil y ninguno de los jugadores ayudò al tipo a incorporarse,1
2013-10-20T22:49:07Z,80 000 $ fuck lavizzi,1
2013-10-20T19:55:49Z,Pti com,0
2013-10-20T13:54:35Z,Bouffon de parisien!,0
2013-10-20T09:43:02Z,LAVEZZI > om,0
2013-10-20T09:42:42Z,401 Marseiilais aiment pas la videos,0
2013-10-19T21:48:58Z,"Lavezzi, ce gros bouffon..",0
2013-10-19T21:11:27Z,Quelle mentalité de merde.,0
2013-10-18T15:22:17Z,"Une petite blague ? Je trouve pas ça drôle .____. 
Lavezzi fait tomber quelqu'un et lui rit au nez, hahahaa marrant !! C'est honteux de sa part.",0
2013-10-16T14:06:36Z,Il aurait mérité un gros pain dans la gueule  ce con!!,0
2013-10-16T11:21:00Z,La risa jajajajaja,0
2013-10-15T10:59:17Z,"bah moi j'suis marseillais et ça n'empeche que j'suis mort de rire.
si ribéry avait fait la même (et il a fait pire hein les gars ^^) le discours serait différent ;)",0
2013-10-14T15:07:28Z,Je ne sais pas qui fais le plus pitié lavezzi avec sa blague puéril ou le caméraman qui tombe par terre par ce qu'il regarde pas oú il met les pieds,0
2013-10-14T09:37:59Z,Puéril !,0
2013-10-13T21:07:45Z,T'as vie ça doit trop etre de la merde.,0
2013-10-13T20:41:50Z,Mon gars je rage pas parce que a la fin vous serez derrière alors ^^ Et Valbuena ? On s'en fout on parle de Lavezzi --' ,0
2013-10-13T16:18:43Z,rude. thats a $20000 camera right there. ,0
2013-10-13T08:48:09Z,"Je suis bien d'accord avec la majorité des commentaires, c'est ridicule, ça n'a pas d'intérêt, ça peut casser le matériel, c'est pathétique, bref, c'est digne d'un gamin de 4 ans. ",0
2013-10-13T00:40:40Z,Non c'est drôle.,0
2013-10-12T23:48:43Z,QI DE MOLLUSQUE !!,0
2013-10-12T22:14:53Z,"Si j'avais été à la place du caméraman ca ne m'aurait pas fait rire, je ne vois pas l'interet, surtout qu'il risque de casser la caméra et au prix que ca coute... Aucun respect quoi, c'est honteux.",0
2013-10-12T17:06:52Z,Ferme ta geule jalouse,0
2013-10-12T16:54:50Z,Tous des con les parisien,0
2013-10-12T14:51:26Z,lol,0
2013-10-12T14:24:03Z,"Assholes, nothing more, nothing less. Just a bunch of overpaid assholes.",0
2013-10-12T14:21:38Z,"Ridicule... Ou comment risquer de blesser quelqu'un, ou de bousiller du matériel...",0
2013-10-12T11:35:42Z,ouai...sauf qu'il est argentin...abruti(y'a que les parisiens et gnagnana)!!!,0
2013-10-12T10:51:38Z,"bien joué Lavezzi
",0
2013-10-12T09:40:41Z,Hej,0
2013-10-12T08:51:47Z,y'a que des parisien qui peuvent faire des choses comme sa aucun respect ,0
2013-10-12T08:31:43Z,Pas mieux a faire ce con,0
2013-10-12T05:47:50Z,Allez l.ommmmmmmm,0
2013-10-12T01:04:35Z,"beaucoup de marseillais ici, il serait temps de vous enlever le manche a balais, c'est juste une blague",0
2013-10-11T21:57:25Z,Honteux..,0
2013-10-11T21:36:09Z,sale mentalité quand même !,0
2013-10-11T20:06:29Z,"Que Hptas tan pasados!
",0
2013-10-11T18:27:32Z,Mdrr sava ! c'est pas un drame non plus faut pas abuser le cameraman n'a pas du mal le prendre ,0
2013-10-11T18:02:43Z,Quelle mentalité sérieux !,0
2013-10-11T16:57:49Z,"Totalement raison les amis ! Nous avons la le scandale du siècle ! La plus grosse affaire depuis le coup d'épaule de Leonardo ! Il faut le suspendre au moins 8 mois ce Lavezzi ! Et puisque ses coéquipiers ont ri, on doit suspendre tout le PSG aussi !! Peut-être qu'avec ça Paris ne finira pas champion cette année...",0
2013-10-11T16:10:58Z,"le plus honteux c'est qu'il ne prend pas la peine de relever cet homme
",0
2013-10-11T16:06:06Z,"Le problème c'est pas le gazon, c'est le poids du steadicam qui lui tombe dessus ! On voit bien que beaucoup ne savent pas le poids que ça pèse !",0
2013-10-11T16:02:34Z,"Non mais le soucis principal que j'évoquais dans mon commentaire n'était pas le coût de la camera, mais surtout le fait que l'opérateur aurait pu se faire très mal ! Tombe en te prenant le poids du tandem Camera/Steadi, j'peux te dire que tu ferras attention à comment tu t'y prends la fois suivante !",0
2013-10-11T15:24:56Z,quel publique pourris! si les parisiens auraient fait ca a nice a un pauvre cameraman il y aurais eut jet de petards et de fumigenes sur eux!,0
2013-10-11T15:16:35Z,lol,0
2013-10-11T14:03:54Z,"On devrait faire pareil pendant un match, à ce joueur",0
2013-10-11T12:10:53Z,They get the news every single day and every single week-end for not losing a single game since March.,0
2013-10-11T12:07:45Z,"Y'a un moment faut arrêter de pleurer. Si elle avait été cassée, les chaines ont des assurances, c'est pas une chaine indépendante ou un cameraman seul. Et dans le cas même ou ils auraient demandé à Lavezzi de payer, il aurait cédé les 50,000 ou autre que cette camera coûte car il aura gagné ça en 3 jours. ",0
2013-10-11T12:01:46Z,"vous partez tres loin, je vois que ca calcule combien coute la caméra etc... Mais on réfléchis pas toujours avant de faire une blague exemple retirer la chaise avant que quelqu'un s'assoit c'est gratuit mais ca peut avoir de plus grave conséquence 
",0
2013-10-11T11:27:16Z,"Il l'aide même pas à se relever, sympa..",0
2013-10-11T11:18:06Z,Petit comique ! T'as fait l'école du rire non ?  :),0
2013-10-11T09:02:32Z,"Toujours le franchouillard jamais content. Je suis pour Lyon et pourtant je vais rester objectif: c'est une BLAGUE ! qu'est-ce que vous comprenez pas dans ""blague"" ? Le cameraman se serait pas blessé sur du gazon et la camera de même. Faut vraiment apprendre l'humour aux français parce que globalement vous reprochez tout et n'importe quoi ...",0
2013-10-11T08:46:52Z,"Si Lavezzi aurait cassé sa caméra , crois moi il aurait assé d'argent pour lui en repayer autant qu'il veut , il voulait faire une blague ce n'était pas méchant . ",0
2013-10-11T08:31:51Z,bravo voila le vrai niveau intellectuelle du joueur de foot!,0
2013-10-11T07:41:30Z,et alors ? ,0
2013-10-10T22:05:59Z,"Ouooh ouooh ! Déjà de une je savais pas que Ribery l'a fais, et j'en ai rien a foutre car c'est pas Ribery mais Lavezzi, après que ce soit Ribery, Lavezzi, Messi, C. Ronaldo, Kompany, n'importe qui, je trouve ça débile de faire ça à un caméraman, après je sais pas pourquoi il as fais ça, mais quand même c'est complétement cons de faire ça, et merci de pas me dire ""tg"" ;)",0
2013-10-10T22:02:18Z,"ça explique pas pourquoi il as fais ça, après c'est clair qu'utiliser un laser pendant qu'un joueur tire un penalty...c'est immature et lâche, ok je veux bien qu'on supporte son club et qu'on croise les doigts pour pas qu'il marque, mais là c'est dangereux pour le joueur, et surtout, c'est pas FAIR-PLAY, donc je sais que tous les joueurs sont pas fair play mais quand même c'est honteux",0
2013-10-10T21:59:30Z,Il aurai surtout pu l'aider à se relever au lieu de se moquer de lui...,0
2013-10-10T21:34:22Z,Moi ça m'a fait rire :),0
2013-10-10T20:17:52Z,Ptdrrrrrrrr,0
2013-10-10T19:32:45Z,bien joué lavezzi ,0
2013-10-10T19:32:04Z,"on parle d'un adulte là, pas d'un gamin de 10 ans insouciant qui ne contrôlerait pas ces émotions ! n'importe quel adulte sait que renverser ce cameraman qui se fait chier à filmer ces petites starlettes, c'est évidement une honte et c'est évidement irrespectueux !

ce qu'à fait lavezzi c'est comme faire un croche pied à un serveur qui repart après t'avoir servi une bierre à ta table, ça fait rire les gens comme toi, c'est suffisament affligeant !",0
2013-10-10T19:01:37Z,"Effectivement , pour toi c'est pas grand chose apparament .",0
2013-10-10T18:41:24Z,trop payé.. ,0
2013-10-10T18:30:06Z,"ta maman te parle plus ? obligé de venir pleurer sur internet pour avoir un sembant d'ecoute, bouhhhhh je suis un con de francais de base hypocrite et jaloux dés que je vois un riche je suis obligé de pleurer bouuuuhhhh pourquoi suis je une merde sans argent ? bouuuhhhhh c'est vraiment trop injuste",0
2013-10-10T18:25:40Z,porte plainte ,0
2013-10-10T18:21:05Z,"equipe de merdeux trop payé
",0
2013-10-10T18:15:30Z,Comme ta répartie.,0
2013-10-10T17:13:35Z,"Ferme ta gueule Parigos de merde !
T'appel ça de l'humour, un cameraman qui ne demande rien à personne ?!",0
2013-10-10T17:11:46Z,Kikoulol,0
2013-10-10T16:51:52Z,"Mais sa se fait pas, même pas un Désoler, Mtn, il y a que des merdes dans cette génération, et même si j'en faut partis je l'assume! Bouffon de 10million, et respect dans le Cul",0
2013-10-10T16:19:27Z,honteux ,0
2013-10-10T16:06:28Z,"ta rien piger ses de humour boufon alor t'enflamme pas !!!
",0
2013-10-10T14:39:07Z,Il est où le respect là,0
2013-10-10T13:13:31Z,what an asshole.,0
2013-10-10T12:45:51Z,paris on eu de la chatte !!,0
2013-10-10T12:04:29Z,"Je suis bien plus intelligent que ça et j'ai une personalité MOI . Sur ce , tu m'a bien fait fait rire .",0
2013-10-10T12:03:25Z,"Ptdrrrr j'ai plus rien à dire . Mon pauvre petit désolé de ne pas passer ma vie sur youtube pour lire tes coms . Et après tu oses dire que c'est moi qui ait pas de vie . Puis entre nous apprends à lire parce que je t'ai pas insulté contrairement à toi . Arrete de me répondre , je t'assure que tu t'enfonce . Quand à tout les marseillais qui crient des chants de supporters qu'on entend dans tous les stades , c'est pas de ma faute s'ils sont si cons . Désolé de ne pas m'abaisser a faire pareil . ",0
2013-10-10T11:06:11Z,"Tu perds ton temps avec ce débile mec. Laisse le dans sa connerie, sa vie doit être aussi stérile et remplaçable qu'une caméra. Il a porté ses couilles il a rayé une voiture comme un abrutit. C'est surement dieu qui nous l'envoie mdrrr ",0
2013-10-10T11:04:16Z,"ce mec est juste jaloux !!!!! hahahahahaha
",0
2013-10-10T10:55:58Z,"Che idioti! Rispettate chi lavora guadagnando una miseria rispetto a voi! >:(

Hola!",0
2013-10-10T09:05:28Z,pathetic,0
2013-10-10T05:00:35Z,Il est con ou c est moi?,0
2013-10-09T23:54:29Z,"le mec me parle de respect MDR ALORS QUE TOUT LE MATCH ON A ENTENDU

""""paris paris on t'encule"""""" pour au final perdre 1-2 a 11 vs 10 .. la honte 

si ca c'est pas irrespectueux stp .

mais vous etes focalisés sur une blague de lavezzi ... alkors que des insultes y'en a eu pendant 90 minutes 


VOUS AVEZ VACHEMENT LE SENS DES PRIORITES 

(dsl mais +1 pour moi là)",0
2013-10-09T23:39:18Z,Cry me a river... What is up with people can no one take a joke these days with out being a cry baby about it ... ,0
2013-10-09T22:35:51Z,what an asshole,0
2013-10-09T22:17:32Z,"Entre nous , personne t'oblige à commenter mon post puisque je parlais pas à toi à la base . Et t'es pas obligé de venir ici si ça te saoule tant que ça .",0
2013-10-09T22:05:11Z,"ahahaah grande pocho!!!
",0
2013-10-09T21:37:18Z,"Je suis pas sur ici que certains ici se rendent compte du poids d'un steadicam ! L'opérateur aurait pu, en plus d'avoir du matos cassé, se faire très mal. On parle pas d'une simple blague avec quelqu'un qui marche sans rien sur le dos. Quant au prix de la camera, on en a bien pour au moins 50 000 balles là + le steadicam qui lui en vaut bien au moins 10 000. La blague aurait été drôle sur quelqu'un d'autre, mais sur l'opérateur steadicam, surement pas !",0
2013-10-09T19:37:28Z,"t'es le charger du materiel ? c'est toi qui t'occupes des investissement de canal ? 

Serieu restez a vos places et arretez de brailler vous me gavez a chaque fois que je viens ici j'ai l'impression qu'il y a eu un meurtre


Sur ce je vous laisses a votre nouvelle ""affaire kennedy"" .. amusez vous les kikoos",0
2013-10-09T19:36:01Z,"nan mais arrete deux secondes mtn le mec SE PREOCCUPE DE L'ETAT DE LA CAMERA ...

vous faites pitiiiiiiiiiiiiiiiiiiiié .... qu'est ce que ca peut vous fouuuuuuuutre sans deconner arretez de piailler pour rien , vous attaquez direct les joueurs quand ils font un pet de travers mdr alors que vous .. de votre cotés y'a pas plus gamin et futile l'autre qui fait semblant de connaitre les prix des cameras etc 
.. arretez de repeter ce que vous entendez bande de chévre et achetez vous une personnalité",0
2013-10-09T19:33:32Z,"merci georgette ... si t'as d'autres clichés surtout n""'hesite pas .. les commentaires subtil , delicat et plein de bon sens comme le tien sont toujours bon a prendre .. au moins quelqu'un qui sait penser ...

ah nan , finalement nan :)",0
2013-10-09T19:31:54Z,"roh lala les mecs qui se prennent la tete pour une blague mdrrrr LE MONDE NE TOURNE PAS AUTOUR DE VOUS ET DE VOTRE HUMOUR ... c'est pas parce que ca vous fait pas rire , que ca n'est pas drole ou que c'est mechant .... a mediter 

j'ai l'impression que vous en faites une montagne POUR RIEN lol a vous lire on dirait que c'est une affaire d'etat .. OIN S'EN FOUUUUUUUUUUUUUUUUUUUUT LES MECS ... l'autre qui dit que je suis ridicule de pas trouver ca mechant ... nan mais sans déconner quoi mdrrr ",0
2013-10-09T19:15:51Z,"En même temps il est footballeur, ça vole pas haut!",0
2013-10-09T18:22:01Z,"J'ai dit 10 000 euros , pardon , je voulais dire 100 000 .",0
2013-10-09T18:18:14Z,"C'est du matériel de télé . J'éspère que t'avais remarqué que le lascar ne filmait pas avec un téléphone portable quand meme . J'ai jamais dit que la cam était cassée , mais toi t'es sur qu'elle n'a rien ??? De plus le journaliste a un certain age et n'est pas pote avec Lavezzi que je sache . T'as deja entendu parler de ce qu'est le respect ???",0
2013-10-09T18:15:15Z,What a moron,0
2013-10-09T17:22:39Z,ENOOOOOORME BLAAAAAAAAAAGUE !!,0
2013-10-09T17:07:22Z,"Ce qui ""dépend"", c'est tout simplement le soin qu'a apporté la personne désireuse de faire la blague à ce qu'elle tourne bien. En l’occurrence, pour moi, celle ci était bien trop aléatoire à bien des niveaux pour être, au final, appréciable. La même dans d'autre circonstance pourquoi pas. ",0
2013-10-09T16:58:06Z,"Aussi, les parisiens qui disent ""Arrêtez les marseillais, de critiquer tout le temps"" mais qui sont les premiers à tacler Valbuena d's qu'on parle de lui.",0
2013-10-09T16:53:03Z,"Perso je suis mi-figue, mi-raisin sur ce coup. Les deux camps ont raison. Le matériel est surement abimé, et c'est de l'irrespect mais bon faut comprendre les parisiens. Il viennent de gagner contre le meilleur palmarès de France, ils se sentent plus pisser.",0
2013-10-09T16:50:44Z,blague pas du tout marrante pour le caméraman --',0
2013-10-09T16:41:52Z,"Tout ce blahblah pour dire au final ""les gouts et les couleurs"".
La bonne blague est certes pas universelle, mais la mauvaise peut toute à fait l'être. Comme par exemple faire tomber une personne. Aurait il fallut qu'elle se casse un doigt?",0
2013-10-09T16:23:09Z,"c'est quoi ce manque de respect de ouf, j'aurais compris qu'il fasse ça a un ami mais la je comprend pas ",0
2013-10-09T16:01:44Z,Aucun respect ces parisiens !,0
2013-10-09T15:45:25Z,Vos gueule les rageux,0
2013-10-09T15:30:54Z,Gros con,0
2013-10-09T15:28:00Z,"Chui supporter parisiens, et sa me degoute, clairement..",0
2013-10-09T14:38:22Z,"on a tous fait ça gamin ? faire tomber une personne qui fait son métier et qui tiens une caméra qui vaut plus de 100000 euros et le faire tomber devant des milliers de personnes et même bien plus si on compte la tv !

tu as fais ça dans ton enfance toi ? Trouve toi un argument plus crédible et puis rapprocher le geste de lavezzi avec ce que tu faisait enfant montre bien le degré d'immaturité du geste de lavezzi, il n'a plus 6 ans !",0
2013-10-09T14:32:41Z,"inutile le mec ... 
",0
2013-10-09T13:55:34Z,"bah oui c était facil de battre Marseille ? meme sans jouer vous nous donnez la victoire, manquerez plus qu on dise que c était difficile comme match a 10 contre 12.",0
2013-10-09T13:37:24Z,"Tu sais quand je vois tes propos je me dis qu'aucune argumentation de ma part n'aurais d'utilité. De A à Z ton récit n'est qu'un ramassis de connerie d'un pauvre gosse sans éducation ( j'espère pour toi que tu es encore un gosse.. ). Mais bon, on ne donne pas son avis comme bon mais comme sien.. alors je reste tolérant. Mon commentaire précédent était seulement la preuve de mon désaccord avec toi.  ",0
2013-10-09T13:30:37Z,"Idiots...
",0
2013-10-09T12:50:08Z,"lavezzi c'est un ouf,le tueur!",1
2013-10-09T11:26:24Z,"putain! arrêtez de chialer et de vous plaindre à la moindre occasion. C'est 1 peut con comme blague, mais il n'y a pas de quoi en faire toute 1 histoire. On sent que la défaite de Marseille est resté en travers de la gorge de certain!!! ",0
2013-10-09T11:19:07Z,Mais c'était le cas !,0
2013-10-09T10:53:40Z,Il l'aide même pas à se relever. ,0
2013-10-09T10:18:18Z,mwouai bof la blague ...,0
2013-10-09T07:26:48Z,Camara seems fine though (0:47),0
2013-10-09T06:19:55Z,he wouldnt smile if i would push him down stairs . those fotball guys are so cocky ,0
2013-10-09T05:28:09Z,espece de gros con,0
2013-10-09T01:04:03Z,hope he will be banned 4 ever,0
2013-10-09T00:02:46Z,nul,0
2013-10-08T23:59:27Z,"Disrespectful behaviour
",0
2013-10-08T23:30:38Z,Tu voie vraiment la mentalités de certain et le respect du matériel,0
2013-10-08T23:17:05Z,Fucking primadonna,0
2013-10-08T23:12:11Z,Douchebag!,0
2013-10-08T22:08:05Z,J'adore le Psg mais ça sa se fait pas !! No respect,0
2013-10-08T21:58:43Z,"Ca ne me choque pas. Je le trouve con, c'est tout.",0
2013-10-08T21:21:26Z,Lavezzi is from Argentina,0
2013-10-08T20:58:46Z,"Yeah right, if we can buy it again and again lets just brake everything right? Appart from that, would you really laugh if that fucktard would make you fall with your 20 kgs of equipment? Doubt that...",0
2013-10-08T20:32:46Z,"Quel gros con, il faut savoir que le cameraman porte plus de 20 kgs avec son dos et son bassin dans le cas d'un steadycam comme ici. Et le fait que la Ligue diffuse ça pour se marre et faire du buzz montre bien que les joueurs de foot et ce qui dirigent sont des abrutis sans conscience ni morale !
C'est honteux, même pas il aide le cameraman à se relever : bel example de fair play !
",0
2013-10-08T20:26:25Z,Quel crétin. Le pauvre caméraman aurait pu vraiment se faire mal,0
2013-10-08T20:25:00Z,The camera guy doesn't seem to laugh xD,0
2013-10-08T20:12:19Z,and the cameraman say the camera isn't broke,0
2013-10-08T20:11:13Z,Mdr la camera pété! :p,0
2013-10-08T20:05:08Z,i hate you ;),0
2013-10-08T20:02:19Z,Lavezzi isn't italian fuc**** idiot !,0
2013-10-08T19:50:24Z,"Idiot. I hate soccer, I hate Italy, I hate italians. I want to expatriate.",0
2013-10-08T19:38:25Z,if something happen to cameraman maybe broke his arm or leg could anyone can pay for that too?,0
2013-10-08T19:26:11Z,"Lavezzi's thinking:

""ahahahahahahahha we just won, im so happy im gonna make the cameraman eat grass and laugh at him""

as*hole",0
2013-10-08T19:19:15Z,A lot of people thinks this is funny...I would like to see the camera man throwing his camera to lavezzi in the middle of the match while he's running with the ball...I would like to see lavezzi's smile after that...,0
2013-10-08T18:54:56Z,"Anche cambiando città e squadra, rimarrai sempre ""nu scugnizzo"" !!!!! GRANDE POCHO
",0
2013-10-08T18:52:42Z,hahaha quel gamin! :D,0
2013-10-08T18:39:45Z,"franchement vous saoulez a grossir TOUT , bien sure que EN PLEIN SPRINT ca ferait mal donc ca serait pas drole , la le mec pietinne ... serieu t'as que ca a revendiquer mdrrr la fameuse blague de lavezzi , ca vous traumatise ou quoi ? 
ca serait un lillois qui ferait ca les gens s'en fouterait MDR BAnde de relou
sans deconner y'a des choses plus choquante que ca alors arrete de BRAILLER dans le vide ... sans deconner ca devient ridicule ...
",0
2013-10-08T18:26:10Z,funny man=),0
2013-10-08T18:17:59Z,Non mais il est con ou quoi ? ,0
2013-10-08T18:14:33Z,"how exactly does this show that Lavezzi is a cower?
",0
2013-10-08T18:12:04Z,N importe quoi b,0
2013-10-08T18:08:41Z,ARGENTINA,0
2013-10-08T18:08:17Z,"Sense of humor man, cold european.
",0
2013-10-08T18:02:36Z,BRASIL,0
2013-10-08T18:00:55Z,"Il dit, que si faire tomber un mec qui est concentré sur son travail et qui est chargé est drôle, alors la petite vieille est la prochaine étape du rire.

Et entre nous je suis pas sur que Lavezzi apprécierait la même blague pendant qu'il sprint pendant pour une action de son équipe.",0
2013-10-08T18:00:16Z,yea maybe i would not appreciate it but if he didn't got hurt and he really felt bad after he did it..he did,0
2013-10-08T17:55:50Z,"il est tout à fait logique qu'un manque total de respect vis à vis de ce cameraman te fasse rire, c'est ce qu'on appelle l'absence d'éducation, tu ne peux pas te rendre compte que c'est un manque de respect puisque tu ne sais pas où se place le respect !",0
2013-10-08T17:55:43Z,"en gros il ne peut pas dire que la mauvaise blague d'une personne sur une autre n'est pas drôle, mais toi tu peux mettre tous les habitants d'un pays dans un même sac.
C'est pas disproportionné?
ps : et c'est une mauvaise blague, pas besoin d'être intelligent pour faire la différence avec une bonne blague.",0
2013-10-08T17:53:22Z,Donc déjà je ne vois de quoi vous parlé la camera n'est même pas au caméraman on lui loue de plus si ça lui aurait réellement poser un problème il aurait demander un remboursement donc arrêtez vos connerie et rigolez un bon coup,0
2013-10-08T17:33:16Z,"Déjà la caméra ne doit pas appartenir au caméraman mais à la boîte qu'il l'embauche. Et parler de 3 mois de salaire là, bien joué! Tu sais qu'un salaire va de 1000€ (environ) à plusieurs millions? 
Et si la vidéo passe sur la chaîne officielle de la L1 c'est que le mec ne l'a pas pris si mal que ça.

La France : pays de dépressif qui ne rigole pas.",0
2013-10-08T16:53:18Z,"qu'est ce que tu me parles de croche pied a une vieille dans la rue ....? 

le mec qui compare l'incomparable , pour grossir la chose et se donner un argument tangible ...

dsl j'ai pas dit que faire un croche patte a une vieille dans la rue me faisait rire ... fin je sais pas arrete de dire n'importe quoi et va t'acheter de la tchatche au lieu de raconter de la M****",0
2013-10-08T16:52:00Z,"La France du foot, tellement de rageux... La blague est bonne, bien joué :D ",0
2013-10-08T16:51:35Z,"mdrrrrr le mec va pas trop loin deja ... je suis sous eduquer parce que je trouve que c'est pas mechant comme blague ...

mouai t'as pas completement la notion des mots encore mdr !!

en tout cas moi j'ai pas trouver ca ni mechant ni rien , il lui fait meme un geste amicale apres , ca a fait rire tout le monde (sauf toi et le cameraman) meme le public a rit , fin bref ..dsl au cameraman hein faut bien qu'il y ai un dindon , c'est le principe ..

mise a part ca va t'acheter de l'humour toi cassos",0
2013-10-08T16:28:36Z,Pour info il c est excusé et a promis sont maillot au cameraman...,0
2013-10-08T16:24:32Z,une blague ? Faire tomber quelqu'un avec 3 mois de salaire d'équipement sur lui tandis que le joueur gagne ça la journée ? Quelle blague j'avoue,0
2013-10-08T16:10:11Z,"Lavezzi que carajo has hecho ? , ay las idioteces que hacen...",0
2013-10-08T15:46:42Z,"Ne suis pas un fana de foot français, mais l'affluence n'était pas le sujet clé (stade pleine à craquer quand même?). Je trouve le comportement du garçon lamentable (c'est d'ailleurs souvent le cas sur le terrain. Quel exemple...). :-/  ",0
2013-10-08T15:23:00Z,"Le mec se prend pas la tête, fait juste une blague et on lui crache à la gueule... Je préfère voir Lavezzi qui fait une blague à un caméraman que Mexès (exemple) qui met une droite à Chiellini...",0
2013-10-08T15:21:52Z,Que d'impartialité... #1-2,0
2013-10-08T15:21:13Z,Du Lavezzi tout craché j'me suis bien fendu la poire en voyant ça en direct ,0
2013-10-08T14:58:04Z,gamin,0
2013-10-08T14:26:38Z,Quel enfoiré -__-' Le mec il sourit bêtement et se casse -__-' #ALLEZOM,0
2013-10-08T13:43:21Z," #Ligue1  - Après la victoire du #ParisSG face à l'#OM, Lavezzi était d'humeur taquine !!!",23
2013-10-08T13:39:10Z,"how old is Lavezzi, ten?",0
2013-10-08T13:33:50Z,"If the camera would've broke I honestly think that he or PSG would pay him that money to get a new one, maybe a better camera. Stop being so butthurt.",0
2013-10-08T13:20:50Z,"Well obviously I'm being hyperbolic to a degree, and they aren't actually the 'worst' people of course, but let's be honest, (and I LOVE football) kicking a ball around grass is hardly something worth millions of pounds. Lavezzi could at least act with an ounce of professionalism and respect for other people. 

Doing this to a team-mate, fair enough. To a cameraman whose annual salary is less than Lavezzi's weekly salary, holding heavy equipment = stupid.",0
2013-10-08T13:18:48Z,J'ai même pas souris .... ,0
2013-10-08T12:43:19Z,"Dude. Its a troll, they can say whatever at any time. So dont get suprised by his comment. Trolls normally do that.",0
2013-10-08T12:41:08Z,"Dude, this IS funny. First of all, Lavezzi looked the guy up afterwards and said sorry to him. Second, he would have paid for the camera if it broke. LIke you say, he got the cash to do it.

And where is this injure you are talking about? If your sport normally is balett, then i understand why you get upset and thinks he gets injured by Lavezzi. If you dont have balett as your main sport (or what to call it), then you make no sense at all. Ever seen anyone get injured? Not looking like this..",0
2013-10-08T12:32:55Z,"HAHAHAHAHHAHAHA
",0
2013-10-08T12:31:08Z,"LAVEZZI YOU FUCKIN IDIOT
BURN IN HELL YOU PIECE OF SHIT",0
2013-10-08T12:24:16Z,"arrêtez de croire que vous êtes des supporters plus respectueux que ceux de paris, dans tous les stades au lieu de supporter votre équipe, vous passez votre temps à siffler l'équipe adverse ou encore à injurier le gardien à chaque fois qu'il dégage le ballon quand ce n'est pas l'arbitre que vous insultez !

le coup de ""nous on est pas comme les autres supporters""  ça c'est une histoire à raconter aux petits enfants !",0
2013-10-08T12:08:06Z,"A stupid thing to do, but dumbest scum on Earth? So you mean to say that the people that used chemical warfare to combat their own people can't measure up in stupidity to a prank on a football field?

I guess that pretending that things like this is horrible lets us forget the horrors of the world so we can sit and stuff our faces instead of trying to help those that are starving etc.",0
2013-10-08T12:04:15Z,Idiot!,0
2013-10-08T12:02:38Z,Funniest shit ever.,0
2013-10-08T12:02:33Z,"mais bon le mot RESPECT tu ne peux pas comprendre sa signification, à quand un croche pied à une petite vieille dans la rue, oh ce sera juste une blague et je suis persuadé que ça te ferait marrer ! PAUVRE MERDE DE SOUS EDUQUE ",0
2013-10-08T12:01:38Z,"moi des discours racistes sort moi un SEUL propos raciste de ma part pauvre merde, sale mytho, au contraire je m'oppose à ceux qui en tiennent ça doit être ça qui vous dérangent !

quand à ce que vous appelez une blague, elle a fait des petits footeux bourgeois qui ne respecte pas une seconde le métiers des petits qui se font chier à filmer ces messieurs stars !

 ",0
2013-10-08T11:55:33Z,"C'est bien pour ça qu'il s'en foutait des dégats qu'il pouvait faire avec cette caméra à 100000 euros, c'est presque de l'argent de poche tout ça !

que le petit cameraman ait des ennuis après ça il s'en fou, il a fait rire ses potes !",0
2013-10-08T11:32:53Z,Football is still a real job you fucking inbred -_-,0
2013-10-08T11:20:29Z,"Lavezzi, can you afford a better brain for your money?",0
2013-10-08T11:19:09Z,"That is crazy expensive equipment, but still a fun prank to do against somebody.",0
2013-10-08T10:59:04Z,What a coward lavezzi is. Now if somebody did this to a football player there would have been a whole different story in the media. Money talks,0
2013-10-08T10:51:29Z,"Comment gagner devant 80 000 Marseillais alors que la capacité du stade aujourd'hui n'est que de 40 000 places ?

Moi je trouve ça drôle , ça change des joueurs qui font la gueule tous les jours , même si je conçois que pour le cameraman ça ne soit pas comique.",0
2013-10-08T10:40:23Z,"Why the hell would he want Lavezzis stinking t-shirt. A check for 100K€ to replace his camera perhaps. Really like the PSG team, but this guy I cannot stand.",0
2013-10-08T10:38:10Z,"L'age mental de Lavezzi (et ceux qui trouve son acte marrant) doit tourner autour de 10-11 ans... 

Il ne pouvait pas se contenter d'avoir mis 2-1 à Marseille (à 10!) devant 80,000 marseillais? 

Très content pour la victoire parisienne, mais la ""blague"" à Lavezzi? Non merci...
",0
2013-10-08T10:31:36Z,"blablablablabla toute ces lignes pour une farce connue et répétés des joueurs de foot ..


Franchement VOUS ETES PITOYABLE d'en faire toute une histoire mdrrr

sans deconner le mec fait une farce vous etes la en train de parler de RESPECT etc ...

et vous ? vous avez du respect pour les gens ? toujours la en train d'insukter si c'est pas emettre des propos raciste pour beaucoup ...avec vos FAUX discours moralisateur ...

vous representez ce que je deteste ... LA DEMAGOGIE bande de tapin",0
2013-10-08T10:19:10Z,Why would this be funny?,0
2013-10-08T10:15:32Z,Inte roligt,0
2013-10-08T10:08:32Z,"the camera costs 100,000 $.... What a simple joke, fucking kid.",0
2013-10-08T10:04:41Z,"embarrasing moment for the cameraman, who was just trying to do his job. This is just wrong and the other players are just laughing. idiots!!",0
2013-10-08T10:04:23Z,"Funny if you're a stupid kid perhaps, or just a dumbass football player with a low IQ...wich I guess most of them have.",0
2013-10-08T10:02:43Z,LAVEZZI OHOOOO ! Thats a simple Joke! I love him! Good Guy!,0
2013-10-08T09:58:14Z,It was a douche move but Lavezzi actually apologized to the cameraman in person afterwards and promised him the game shirt the next time he was filming a match. So guess he got a bit bad conscience.,0
2013-10-08T09:50:27Z,Detta in francese... pocho mouii PAR E PALL!!!!,0
2013-10-08T09:48:09Z,"if the cameraman was your father, you would not appreciate the joke",0
2013-10-08T09:42:59Z,"The cameraman should do the same thing and when everybody is wining and crying in media just say ""it was a joke stop crying""",0
2013-10-08T09:42:14Z,Cause they are idiots ,0
2013-10-08T09:39:20Z,"Omg be more serious ofc he would pay for it. It was a joke, stop cry.",0
2013-10-08T09:38:46Z,"I really cant see the funny part in this. Lavezzi acted like a a real jerk, i really hope you will get punishment for this and the rest of the players in PSG that laughed. i'm really disappointed at you all. No one of you had the balls to confront him. I feel really sad for the cameraman! I am a fan of PSG but this...cant find words",0
2013-10-08T09:34:52Z,"Maybe its funny now, but what if they guy hurt himself, or broke the camera?
only because you are rich and make millions does not mean you pay for your damages.",0
2013-10-08T09:32:37Z,he can afford a new camera for the man if it woulda broken.,0
2013-10-08T09:20:29Z,Atleast Zlatan didnt kick him in the head,0
2013-10-08T09:10:43Z,"i really dont see why everyone is so angry, it was a fun and good joke and he idnt mean anny harm y it. so why not take it for what it is, a simple joke?",0
2013-10-08T09:10:27Z,"Humour?? What about the cameraman holding thousand of pounds worth of camera equipment, falling blind-sided while holding it. Is it 'humour' to injure some poor guy trying to do his job. Footballers are the dumbest, most overpaid scum on earth.",0
2013-10-08T09:08:43Z,j'ajoute que tu es un énorme footix.,0
2013-10-08T09:08:28Z,"la bonne blague, garde tes arguments de vieux beauf pour tes défaites",0
2013-10-08T08:58:42Z,"En NBA les basketteurs font pire ... C'est de l'humour faut arrêter un peu ! Je ne suis en aucun cas supporter de Paris, mais au moins Lavezzi veut faire rire faut pas oublier que ça n'est que du sport ! bien joué Lavezzi !",0
2013-10-08T08:57:44Z,Met pas dans le même sac les supporters du PSG avec les supporters français. Geste lamentable et irréspectueux!!!! Les joueurs du PSG ont une grosse mentalité de merde avec des supporters de merde et des dirigeants friqués ! C'est honteux de voir des joueurs de se niveau réagir comme ca.,0
2013-10-08T08:39:48Z,"well, since lavezzi can't score or pass he can tackle down innocent people who are trying to make a living...",0
2013-10-08T08:39:23Z,"""To some people money doesn't make happy,make out of reason""!!!
 Che imbranato che e' diventato in francia,se stava in Italia gli mollavano un bel calcio al culo,se rincoglionito !!!
",0
2013-10-08T08:31:30Z,What an idiot!,0
2013-10-08T08:18:35Z,"Lavezzi has got nothing on Peter Möller...
Youtube: watch?v=Q5DvGah1EFA
",0
2013-10-08T08:16:01Z,"PAR O FRATTT O Rò CAZZ ,,,ALTRO CHE SCHERZO!!!!!!",0
2013-10-08T08:01:15Z,Lol,0
2013-10-08T08:00:29Z,Haha trolling,0
2013-10-08T07:53:10Z,"il est ou le scandale?
",0
2013-10-08T07:16:41Z,"Sa pourrais être marrant met le monsieur tombe avec tous sont equipement , et de deux il et retomber sur sa caméra la tete la première sa doit pas faire du bien je pence !! En plus le Cameron n'est pas tous jeune !",0
2013-10-08T07:13:04Z,På tide å bli voksen. Barnslige drittunger som represneterer det laget.,0
2013-10-08T07:06:34Z,stronzo.,0
2013-10-08T07:06:23Z,scandale du siècle!!,0
2013-10-08T07:04:53Z,Braindead,0
2013-10-08T06:35:21Z,Hey les mecs c'est de l'humour faut se détendre un peu ! C'est que du sport rigoler ça fait du bien..,0
2013-10-08T06:22:18Z,"il cretino non e' solo Lavezzi, guardate come ridono Verratti, Ibraimovich, e tutti gli altri miliardari inutili",0
2013-10-08T05:33:59Z,moi je dit sa se fait pas le mec ils fait sont travail et lui il fait sa alors que le mec il a pa l'ai de rigole parisien de mes couilles ,0
2013-10-08T05:12:35Z,C Paris sa il y aura rient encore. C le Quatar Sait Germain,0
2013-10-08T03:02:12Z,"et ceux qui trouve ça pas méchant parce que lavezzi lui fait une tape amical (oh c'est trop aimable) demandez vous si ça avait été l'inverse, si un caméraman pour s'amuser faisait un croche pied à un joueur et que ce dernier s'étale devant tout le monde vous croyez que ça le ferait rire, bien sûr que non !",0
2013-10-08T03:01:48Z,"les étrangers trouve ça lamentable mais les supporter français trouvent ça très drole, on voit le niveau de l'éducation en france, le caméraman se fait chier à filmer les mecs, et eux le font tomber devant tout le monde avec une caméra à 100000 euros dont il a la charge, si il y'a des dégats j'espère que la facture sera envoyé à lavezzi, et évidement c'est irrespectueux du métier de cameraman !

 ",0
2013-10-08T02:13:40Z,Estúpido de mierda. ,0
2013-10-08T00:40:51Z,Wouaw c est vraiment drôle!...,0
2013-10-08T00:40:10Z,Pauve con,0
2013-10-07T23:18:49Z,"la kagada
",0
2013-10-07T22:25:06Z,"Paris sans le Quatar c'est Comme une Vache qui produit plus de lait elle sert a rien !! Allez l'OM , nous au Moin on est des vraie supporters !! pas des footix
",0
2013-10-07T21:28:13Z,"Lavezzi El Pocho <3
",0
2013-10-07T21:25:31Z,"Ok le cameraman devait avoir le seul et aurait ou se faire mais il ne sait pas fait mal et a u le maillot de lavezzi dc rien de grave. 
Ya un moment fo se détendre un peu.",0
2013-10-07T21:21:14Z,"Autant il joue mal, autant il déconne. Et j'trouve ça vraiment bien. Après voilà ça peut être blessant mais avec un minimum de second degrés ça fait rire tout le monde ! 
Rigolez, de toute façon vous aurez plus le temps après votre mort.",0
2013-10-07T21:19:37Z,AIE ! ca rage ici ... Beaucoup de marseillais je suppose . Allez PARIS ,0
2013-10-07T21:15:38Z,"Bon, passons, tu n'es pas obligé de connaitre l'aspect technique du truc. Un steady (ce que porte le cameraman pour stabiliser la caméra) est un truc aussi lourd (15 à 30 kilos) que cher (pareil en dizaines de milliers d'euros). C'est complètement con, parce qu'aussi dangereux (vraiment) qu'irrespectueux de la valeur des choses (d'ailleurs souvent ça appartient aux techniciens). Il aurait pu le blesser salement, et ainsi le mettre hors jeu et sans ressource. Tout le monde n'est pas aussi riche.",0
2013-10-07T21:14:57Z,"Pas de panique, tout est bien qui fini bien",0
2013-10-07T21:14:10Z,"Olala tu dois vraiment détendre l'ambiance dans la vraie vie toi. El pocho a toujours été un farceur même à Naples, et je pense qu'il en a rien à foutre de ce que tu penses de lui, vu ce qu'il gagne c'est lui le plus malin dans l'histoire. :)
Allez paris ;)",0
2013-10-07T21:09:57Z,"Je ne parle même pas d'abimer un équipement à plusieurs dizaine de milliers d'euros
",0
2013-10-07T21:09:02Z,"Quel type extrêmement con... Pas un mot de plus. Pour ceux qui ne comprennent pas pourquoi, un steady (le truc énorme sur lequel est posé la caméra) toute équipée fait une vingtaine de kilos. Donc, le pauvre caméraman s'est fait super mal. Je vois vraiment pas l'humour, quel abruti.",0
2013-10-07T20:53:38Z,Lavezzi il fait du con la !,0
2013-10-07T20:43:00Z,héhé c'est un marrant :p,0
2013-10-07T20:41:25Z,"Gardez votre haine, c'est enfantin, et verrati etc rigole parce qu'il etait au milieu d'eux,  a terre, ils se foutent pas du caméra man, et il lui dptouche l'épaule quand il se relève donc il le laisse pas en plan",0
2013-10-07T20:38:27Z,Je suis supporter de paris j'adore lavezzi mais ce qu'il a fait est très con,0
2013-10-07T20:38:15Z,Match lavezzi lui offert son maillot donc sa va,0
2013-10-07T20:37:55Z,À la fin du,0
2013-10-07T20:28:54Z,"asshole and then he walks away like nothing happen, instead of helping him out -.-",0
2013-10-07T20:22:25Z,144 Marseillais aiment pas la video,0
2013-10-07T20:20:26Z,"Je suis supp parisien mais la c'est pas drôle, c'est même minable",0
2013-10-07T20:14:14Z,Mdr,0
2013-10-07T20:08:12Z,its a funny thing but i tought after he was going to pull him up again :/,0
2013-10-07T20:02:02Z,I really HATE all soocer players. MORONS!,0
2013-10-07T19:48:09Z,c'est juste dégueulasse mais sa ses les parisien a se croire au dessus de tout le monde qu'il retourne gagner de l'argent en faisant de la merde,0
2013-10-07T19:44:26Z,"Certains disent c 'est de l 'humour ok,c 'est le cas,mais au moins le relevé serais au moins un signe de respect,car sans des personnes comme ça ,à prendre les caméras sur leurs épaules et le filmer,il en serais pas là ,et en plus tout les autres qui rigolent ,sans avoir l 'idée d 'aller l 'aider --'  ",0
2013-10-07T19:30:23Z,"Il est trop con Lavezzi, c'est pas croyable d'être aussi aussi con que lui! :O",0
2013-10-07T19:29:12Z,Peux tu m'expliquer le rapport avec le salaire dans l'histoire ? Les gens qui gagnent un salaire moins bon ou équivalent ont le droit d'humilier les autres ?,0
2013-10-07T19:23:22Z,"il a quel age lavezzi 2 ans?
en plus il aide meme pas le cameraman a se relever",0
2013-10-07T19:17:48Z,Le JOUR mais nous supporter de l'om on supporte depuis longtemps que vous c'est depuis 2010-2011 comme je l'ai dit precedament ^^,0
2013-10-07T19:08:03Z,"et imaginez le contraire... un caméraman qui fasse ça à un joueur.. là, ça ferait les gros titres",0
2013-10-07T19:06:19Z,"Euh ses bon je fais une fautes de frappes et un ""boloss"" vient essayer de faire sa prof de français !",0
2013-10-07T19:01:47Z,"La blague en elle même, bon à la limite sa passe. Mais le fait de ne même pas l'aider à se relever et tout remettre en place, alors là c'est clairement  puérile et dégueulasse de sa part...",0
2013-10-07T18:59:45Z,"Sans doute parc'qu'après une farce comme ça, on peut quand même aider le caméraman à se relever et s'excuser au lieu de se barrer en courant *-*",0
2013-10-07T18:59:30Z,Je suis fond pr Paris mais la c abuser tout le monde se fout de sa gueule en rigolant c un gamin ou quoi ? Le pauvre mec fait son métier et la t'as un pourri gâté qui vient limite l'humilier...,0
2013-10-07T18:48:23Z,"Oh vraiment ? Ne soit pas si sur de toi, je te remercie pour l'insulte gratuite ;)",0
2013-10-07T18:47:16Z,"Lol tu répètes mot pour mot ce qu'a dit Pierre Ménès aucune originalité -_-""",0
2013-10-07T18:42:54Z,Quand c'est Rémi Gaillard qui fait ça tlm rigole mais sous pretexe que c'est un joueur du PSG cela devient un scandale-intergalactique... ,0
2013-10-07T18:41:28Z,"J'ai pas réfléchi pour Monaco, mais je n'ai jamais apprécié Paris, et ce même avant l'arrivé des quatariens.
Le Quatar est avec le Psg car Paris est la capitale de France tout comme il aurait été avec Dijon ou Carquefou, le Russe ? est avec Monaco car il n'y a pas de taxes etc....
Les hooligans parisiens etait la avant le quatar etc...Tout comme les cons de supporters Parisiens ( footix et autre ) qui n'ont aucun respect pour les autres club contrairement a Monaco.
Et je ne suis pas raciste :/ 
",0
2013-10-07T18:34:09Z,"Vous êtes sérieux? vous avez aucun humour O_o
Pourquoi vous allez insulté Lavezzi alors qu'il a juste fais une farce.. 
",0
2013-10-07T18:27:58Z,Dites moi conaissez la definition de L'HUMOUR,0
2013-10-07T18:27:30Z,"Bastard !
",0
2013-10-07T18:26:26Z,Joueur de PSG sa se voit,0
2013-10-07T18:25:51Z,"Honnêtement je ne trouve pa ça humiliant du tout. Et c'est pas parceque Lavezzi et footballer et gagne bien plus que le cameraman qu'il n'a pas le droit de lui faire une petite blague. Après la blague en elle même ok elle pas super drole, mais pas de quoi se révolter non plus faut savoir déconner un coup un peu.",0
2013-10-07T18:24:00Z,son of a bitch lavezzi,0
2013-10-07T18:23:45Z,"Honteux !
",0
2013-10-07T18:18:22Z,"C'est vrai que ça aurait été marrant, il aurait pu le faire sans se baisser !",0
2013-10-07T18:15:07Z,"Je suis pour Paris mais le pauvre cameraman quand même, Lavezzi aurait au moins pu l'aider à se relever",0
2013-10-07T18:13:24Z,"Roh, c'est bon, c'est marrant, arrêtez de vous offusquer pour si peu, c'est juste comme ce qu'on a tous fait en primaire ou au collège, ça se voit que c'est pour s'amuser.",0
2013-10-07T17:58:48Z,Ptdrrrrrrrrr,0
2013-10-07T17:51:34Z,"pourquoi ?
",0
2013-10-07T17:48:21Z,Sa serais valbuena qui aurais fait sa vous serais mdr mais comme vous ete des rageux --',0
2013-10-07T17:41:15Z,Mon dieu que ta vie doit être chiante!,0
2013-10-07T17:40:10Z,"Arrêter de rager, il a fait une blague, vous connaissez? Parce qu on dirait qu il vient de faire Jsais pas quoi. C est pas parfe qu il est riche et connu qu'il peut pas avoir de l'humour. Si un humoriste avait fait ça, vous auriez rigoler...",0
2013-10-07T17:39:01Z,Il l'aide meme pas ,0
2013-10-07T17:36:44Z,Mais quelle bande de mongoles c'est pas possible. Ils le voient tous par terre mais y'en a pas un qui vient l'aider ils se foutent tous de sa gueule. Ils s'croient vraiment tout permis ces enfoirés,0
2013-10-07T17:36:08Z,"Un peu humour abrutis de jo âne  ça n'a pas tué rigole au pire qui casse paye ,peace",0
2013-10-07T17:35:53Z,"Tu es tellement ridicule. Tu crois que les joueurs à Monaco sont la pour quoi?
Tu as oublié que Monaco était en Ligue 2 les années d'avant? C'est pas plutôt l'origine des propriétaires qui te gène?
",0
2013-10-07T17:34:23Z,PUTAIN MAIS QUELLE MENTALITE DE MERDE VOUS AVEZ ,0
2013-10-07T17:32:02Z,Gros blaireau,0
2013-10-07T17:30:16Z,Complètement infantile.,0
2013-10-07T17:30:07Z,Pas bien. Lavezzi fait ça a tes coéquipiers sérieux.,0
2013-10-07T17:29:22Z,Et Fanni qui a le seum derrière pttddrr ,0
2013-10-07T17:28:49Z,quel abruti,0
2013-10-07T17:28:30Z,"je n'oserai dire un autre mot que conn**d !! 
pourquoi fait-il sa ??? pourquoi ?? ...
honteux .. !!
",0
2013-10-07T17:28:29Z,franhmment aucune respect lavezzi !!!!F*** les PSG's,0
2013-10-07T17:27:37Z,Il ferait mieux d'essayer de mieux jouer et d'être plus efficace pour son équipe plutôt que de faire le pitre sans cesse. ,0
2013-10-07T17:26:00Z,"comme si tu n'avais pas un bon français... 
",0
2013-10-07T17:25:14Z,C'est le PSG quoi..,0
2013-10-07T17:24:42Z,la bien pris non je croit pas............,0
2013-10-07T17:24:32Z,"Euh franchelent le respect il est ou ? 

Comme si les parisiens n'avait pas une réputation assez pourrite...",0
2013-10-07T17:24:26Z,"Déjà grâce à nous, vous êtes passés 3eme, et puis si ça te fait plaisir vas supporter monaco.  si tu veux comparer  lille et le psg sur les 10 dernières années, je crois que tu peux te taire aussi ",0
2013-10-07T17:24:12Z,"quel abrurtie se lavezzi!!!!!!!!!!!
",0
2013-10-07T17:22:51Z,"mais ferme ta geule , je suis ni pour om , ni pour paris mais on voit que le caméran à le démon quand tu sais pas , tu la ferme ta grand geule",0
2013-10-07T17:21:46Z,C bon pa besoin de critique un club si on a pa gagner c car vous avez des bon joueur,0
2013-10-07T17:17:29Z,"HAHAHAHAHAHA MUOIO, POCHO TORNA A NAPOLI <3",0
2013-10-07T17:02:19Z,Dommage que ce soit sa meilleur action du match...,0
2013-10-07T17:02:07Z,"D'où tu as vu qu'il etait pour l'OM --'
Je suis pour le losc ( je préviens ) l'om a du fric mais pas autant que paris qu'on devrait maintenant appeler Quatar saint-germain. Et la plupart des joueurs ne sont pas la car le Psg est en club qui fait rêver ( ou du moins peut-etre les hooligans ) mais car l'argent est la. Avant le Quatar, Paris n'etait rien ces dix dernières années, maintenant on se demande ce qu'elle est. Ca me ferait super plaisir que Monaco gagne le titre.",0
2013-10-07T17:01:00Z,"c'est quand meme limite, il aurait pu endommager le matériel",0
2013-10-07T17:00:07Z,"Risque de blessure, coût du matos.......un blague mouais........",0
2013-10-07T16:59:25Z,Pas très malin......,0
2013-10-07T16:50:54Z,"C'est bon c'est une blague il y a rien de méchant, arrêter de vouloir faire une histoire de tout",0
2013-10-07T16:45:40Z,"Lavezzi gagne en max 6 mois se que le cameraman se fait en 30 ans de boulot et lavzzi se permet de faire ca , t chien lavezzi, tu pert ton honneur",0
2013-10-07T16:45:12Z,"je n'ai qu'une question à te poser: ""et alors ?""",0
2013-10-07T16:43:40Z,MDRRR,0
2013-10-07T16:42:54Z,"estupido animal.so podia ser um palhaço da frança
",0
2013-10-07T16:42:17Z,Pourquoi tu fait ca levezzi c mechant putin en plus le cameraman peut rien dire par que c un footbaleur c la honte purée !!,0
2013-10-07T16:38:38Z,"décidément t'es un vrais con toi,tu racontes que d'la merde,fariboles voilà ce qu'on peut qualifier tes propos. ",0
2013-10-07T16:37:41Z,Et ces lui qui va lui payer sa caméra si elle est cassé,0
2013-10-07T16:36:21Z,"Regarde le parcours de l'om en ldc a part le milan c'était des équipes de seconde zone, dans ce cas là on en parle de Reims en finale de LDC ? Non..",0
2013-10-07T16:35:39Z,N'importe quoi ! Quel gamin celui la et les autres qui se marre. Vraiment une honte.,0
2013-10-07T16:25:29Z,"Moi j'en ai un. C'est un club sans âme. Tu vas à Paris tout le monde s'en branle de ton club, tu vas a Marseille tout le monde suit l'olympique, de plus, le PSG est un club récent qui n'a pas de grand palmarès dans l'histoire du football, il valent vraiment rien... Alors que l'OM bien que ce club n'ai pas un palmarès comme le Real Madrid est quand même l'unique club français à avoir gagné la LDC. Et bizarrement il y a plus (+) de fans du PSG depuis qu'il à été racheté mais OM en a toujours plus",0
2013-10-07T16:24:58Z,such childish act. could cause serious injury. a real jerk,0
2013-10-07T16:04:12Z,"Pfff le mec il fait juste son boulot, il ne se ferra même pas au cours de sa vie ce que Lavezzi se fait en six mois, et il l'humilie comme ça, c'est abjecte et puérile!",0
2013-10-07T16:02:19Z,"Lol il est bon k sa , pq niveau but c pas trop sa ",0
2013-10-07T16:02:01Z,"Arrête t'es connerie d'amour du maillot ou quoi, le PSG c’était bien pareil. Le jour ou l'OM est racheté, achète des stars et gagne vous serez bien content (tu va me dire que non, mais si) c'est simplement a argument ridicule pour critiquer le PSG point. ",0
2013-10-07T15:57:12Z,"J'ai bien aimé le coup des cheveux avec le président de la LFP mais ce coup là, je ne trouve pas ça drôle du tout. Aucun respect ni pour le caméraman ni pour le matériel. Ce n'est pas parce qu'ils ont gagné un match qu'on peut tout faire. Par ailleurs, sur les images, le caméraman n'a pas l'air d'avoir pris ça pour une bonne blague. J'aurais été le caméraman, j'aurais poussé une soufflante. Lavezzi ou pas !",0
2013-10-07T15:45:41Z,De toute facon le quatar ne restera pas longtemps au Psg oups (Qsg) nous on termine presque chaque année dans le top 3 pour l'amour du maillot pas pour le cash fraté vous ne gagnerez jamais la ligue des champions! ,0
2013-10-07T15:43:27Z,Aucun respect..,0
2013-10-07T15:43:09Z,"--""",0
2013-10-07T15:40:42Z,Vous sentez cette odeur ? Mais oui c'est l'odeur de la rage,0
2013-10-07T15:29:26Z,"il pouvait au moins l'aider a se relever
",0
2013-10-07T15:28:20Z,"Tout est dit....
PARIS EST MAGIQUE!!!!!!",0
2013-10-07T15:19:54Z,altri giocatori se la ridono di gusto poi. mi fate veramente schifo. non avete rispetto di chi sta Lavorando ,0
2013-10-07T15:17:31Z,"Tanti anni a Napoli non hanno imparato a ""fare gli uomini""
",0
2013-10-07T15:17:17Z,"J'aimerai juste rajouter que vous plaignez pas de l'arbitre, ca vous dit un PSG Toulouse avec deux buts volés(faute sur aguilar et penalty de spajic) et l'OM a gagne la cl avec ses joueurs et NN pas avec des dopes",0
2013-10-07T15:10:35Z,Mdrrr la mauvaise foi ça fait rire ! ,0
2013-10-07T14:58:58Z,"Si, mec, t'as la rage, vous vous cacherez toujours, vous êtes des petites bite les marseillais",0
2013-10-07T14:53:43Z,"Déjà:
L'OM joue à 12 contre 11 en considérant que larbitre a commis des erreurs dans les deux sens
Aucun attaquant après la sortie de Zlatan?Et Cavani cest quoi, un défenseur?
Les marseillais ont pointé des lasers sur Zlatan?Et alors,ça arrive jamais à Paris?Cest dans tous les stades du monde,cest moche mais cest comme ça malheureusement
Déjà éliminés de la C1?On est tombé dans le groupe de la mort
La rage on l'a pas contre le PSG mais contre notre équipe qui a craché sur notre maillot hier.++",0
2013-10-07T14:47:54Z,"cocaine, cocaine everywhere !!!!",0
2013-10-07T14:44:24Z,Perso je trouve ça limite comme blague le cameraman aurait pu de faire mal (Lavezzi également par la même occasion). S'il voulait évacuer il aurait pu faire le con devant la camera.,0
2013-10-07T14:38:29Z,"Pierre menés:""c était sa meilleure action de la soirée "" mdr",0
2013-10-07T14:32:40Z,"Continue de rester dans le passé la sardine, PSG a gagné une coupe d'Europe aussi mais pas la C1. Ton club a été interdit d'Europe l'année suivante.... Affaire VA-OM.... Descente en ligue 2.... Oui en s'en souviens du titre en 1993 la blague.",0
2013-10-07T14:27:16Z,Les joueurs ont tellement eu la trouille des beaufs de l'omeuh qu'ils ont gagnés 1-2 à 10 vs 12 rage pas petit. ,0
2013-10-07T14:24:54Z,Il a mis une belle quenelle au cameraman c'est drole et pas mechant .,0
2013-10-07T14:23:49Z,"Deja 11 contre 10 ça suffira 
Normale que Paris n'ai plus d'attaquant car il jouaient sur la défense donc OM a eu plus de difficulté dans ses attaque vu qu'il on fait rentré des joueur défensif 
Pour le laser c'est dans quasiment tous les stade la même chose 
Et tkt que si on avait inverser les poules de Champion's league  tu te serait fait bouffer par dortmund naples et arsenal et nous dans ta poules de merde on sera passer en 8ème..
Bref on a perdu certes mais toujours FIER D'ETRE POUR L'OM !!",0
2013-10-07T14:16:07Z,C'est vrai que vous vous visez la ligue des champions nous on s'en fous ou la déja gagné pélo on esst pas encore éliminer méme si sa va étre dur pouquoi pas? Vous avez eu de la chance de tomber sur un groupe faible mais contre les gros vous tomberez Forza l'om!!,0
2013-10-07T14:14:17Z,grandissime teste di cazzo!!!! compreso verratti e ibra che si mettono a ridere,0
2013-10-07T14:11:24Z,j'espere qu'il lui a offer un de ses maillots,0
2013-10-07T14:06:03Z,"Un public? sérieux même avec un toit vous faites moins de bruit que les ""lynx"" du PSG.. après le deuxième but il n'y avait plus rien!! ",0
2013-10-07T13:57:11Z,"Honte à nous ? 
Déjà : on a un public
ON a été mauvais, je pense que personne ne peut dire le contraire même en étant marseillais.
Vu le groupe dans lequel on est tombés, c'était impossible d'en sortir. Tu peut dire qu'on est mauvais, mais je pense que ça n'aurait pas été tranquille pour vous non plus ! 
Soyez content quand on se fera racheter on pourra jouer à armes égales !",0
2013-10-07T13:48:16Z,Franchement j'ai de la peine pour le journaliste.,0
2013-10-07T13:35:48Z,Ma sorridete un pò ;) era uno scherzo mammàààà e comm stat accis...solo Napoli ha sempre il sorriso sulla bocca :D  Grandee Pochooo Si semp tu ahahahahah Scugnizzooo!!,0
2013-10-07T13:19:39Z,I'm American hehe,0
2013-10-07T13:11:08Z,"MDR le mieux c'est à la fin quand Lavezzi part en courant comme un gamin! C'est bon péter un coup les gars, c'est une petite blague, il évacuait sa pression et montre sa joie d'avoir gagner ce Classico! ",0
2013-10-07T13:03:35Z,"Ah c'est  sur qu'il aurait pas fait cette blague à Zlatan... 
Mais quand même, le pauvre mec fait juste sont taf de cameraman. Grâce à Lavezzi les footballeurs vont encore passez pour des gros cons... ",0
2013-10-07T12:54:55Z,magnet na rsat frà,0
2013-10-07T12:50:05Z,"Et après on dit que les étrangers du Psg ne font pas vivre le club, ne s'entendent pas etc... juste mdrrr la presse poubelle quoi!!",0
2013-10-07T12:41:23Z,"Meme zlatan ressort blessé de ce match, les gars ont blessé tous nos joueurs!! hahaha marseillais de merde.",0
2013-10-07T12:40:47Z,"grandi.
",0
2013-10-07T12:25:47Z,"comment il est vnr le pti paysan ahahahaha 
rage mec nous on savoure ",0
2013-10-07T12:24:47Z,L'humour du PSG est un peu spécial ...,0
2013-10-07T12:24:40Z,mais ferme ta gueule au cas où t'aurais pas compris on en a rien à foutre de l'image renvoyée auprès des paysans,0
2013-10-07T12:23:09Z,ahahahahaha rage sac à merde ,0
2013-10-07T12:15:07Z,non trovo divertente quello che ha fatto lavezzi...il cameraman stava facendo solo il suo lavoro..e sicuramente non è super pagato come lavezzi o come tutti gli altri che se la ridevano... anche perchè nello '' scherzo '' non so quali danni abbia riportato l'attrezzatura video... inqualificabile ,0
2013-10-07T12:05:45Z,mdr c plus un footbaleur c un clown ,0
2013-10-07T11:58:17Z,... Ma almeno a chiedere scusa....,0
2013-10-07T11:55:45Z,Pocho torna,0
2013-10-07T11:51:38Z,Sì Bell o pocho!,0
2013-10-07T11:46:10Z,Ils préfèrent les joueurs français surtout parce qu'ils n'ont pas les moyens d'acheter des grands joueurs étrangers. :),0
2013-10-07T11:38:38Z,"Ta pas être gagné, mais pour être une grande équipe il manque une mentalité à tes joueurs. Ils sont soit disant les meilleurs du monde, mais ont aucun respect. Ton club, tes dirigeants, tes joueurs se croient tout permis car ils sont de l'argent!  Paris donne une image bien merdique au foot français je te le dis.",0
2013-10-07T11:36:40Z,J'espère qu'il aura une belle sanction...Et je comprends pourquoi la caméra était tombé pendant le direct.,0
2013-10-07T11:22:00Z,"Stupid 
",0
2013-10-07T11:14:47Z,"Honte a vous sardine !!
Déjà :
Le stade est remplie des supporter Marseiller
L'OM joue a 12 contre 10.
Aucun attaquant au coter de Paris ( après la sorti de Zlatan )
Pendant le penalty de Zlatan, les enculer de Marseiller s'amuse à visé la lumière sur le visage de Zlatan.
Déjà éliminer des Champions Ligue, + la défaite contre PSG, vous met la rage bande jaloux.
 
No rage please !",0
2013-10-07T11:14:40Z,Jeeeeooooo fatevi na risata,0
2013-10-07T11:14:13Z,Sa ce fait pas,0
2013-10-07T11:12:13Z,Nous aussi on t'aime <3,0
2013-10-07T11:08:17Z,"Aucun respect, le gars il es y au PSG il se sent plus... Il l aide même pas a se relever ... Pitoyable ces parisiens... Pitoyables",0
2013-10-07T10:57:10Z,Ouais tg tom,0
2013-10-07T10:54:54Z,"el pocho loco
",0
2013-10-07T10:50:47Z,Tg Tom,0
2013-10-07T10:48:40Z,"Aucune respect, comme tous ses parisiens qui se croient supérieur dans le foot français..",0
2013-10-07T10:46:34Z,pfffff aucun respect ...,0
2013-10-07T10:46:21Z,xD bien dit ,0
2013-10-07T10:41:29Z,"50000
",0
2013-10-07T10:38:45Z,"#Marseille-s'est-faite-enculé-au-vélodrome-devant-son-public-forever...
le nouveau blase de l'om..",0
2013-10-07T10:36:56Z,Lavezzi a aucun respect pour cette personne et tous les cameramans qui lui on donné cette popularitée... ,0
2013-10-07T10:32:44Z,Lol,0
2013-10-07T10:14:24Z,Et ta dit quoi quand ribery il a fais sa donc tg pour voir,0
2013-10-07T10:01:34Z,Hhh il est fou,0
2013-10-07T09:57:41Z,Quel gros con ce lavezzi . Le mec aurait pu se faire mal et la caméra doit couter au moins 15 000euros mais il en a rien a foutre c'est rien 15000 pour lui,0
2013-10-07T09:57:33Z,Il est obliger de faire comme Ribery ??,0
2013-10-07T09:47:19Z,"Avec du matos qui coute environ 10 000 euros, ça lui aurait couté cher de le rembourser ..

Ah mais non c'est vrai il touche ça tous les jours ...",0
2013-10-07T09:28:10Z,"Ouaaaaah...c'est une blague digne d'un gamin de 10ans, Bravo Lavezzi ! (y)",0
2013-10-07T09:05:29Z,idiot...,0
2013-10-07T08:54:58Z,"mais quelle abrutis ces parisien --' 
",0
2013-10-07T08:28:49Z,C'est une blague renega? Sinon sur le coup verratti et autres rigolent pas mais j'avoue c'est moyen. Par contre la tête de fanni et le vieux speaker derrière mdr.,0
2013-10-07T08:09:59Z,"No rage please !
Tu te souviens d'OM-VA ????",0
2013-10-07T07:56:52Z,il aurai pu l'aidé a le relevé >< mais bon pas grave,0
2013-10-07T07:36:49Z,oh le gros cheque du qatar a l'arbitre pendant la mi temps,0
2013-10-07T07:27:00Z,Nuuul .,0
2013-10-07T06:54:30Z,Je pence qui seront capable ;) !,0
2013-10-07T06:49:21Z,Allez gagner une LDC et on en reparle après.,0
2013-10-07T06:42:44Z,LOL Pas marrant,0
2013-10-07T05:59:22Z,"Psg en force , marseille gagnera jamait un match contre paris :) !",0
2013-10-07T05:48:44Z,"Zlatan qui est mort de rire :) 
",0
2013-10-07T05:43:12Z,"Mdrr c'est la que l'on voit que les joueurs de foot ne sont encore que des gosses, et dans ce monde de star ont l'oublie souvent. Mdrr lavezzi au moin ta mérité de faire ta blague........ Un petit peu enfantine :)",0
2013-10-07T05:41:32Z,"Mdrr, c'est la qu'on voit que les joueurs de foot sont encore que des gamins e que dans ce monde de star on l'oublie souvent.",0
2013-10-07T02:11:14Z,mdrrr,0
2013-10-07T01:41:42Z,Les sardines ça pique le cul une bonne grosse branle à la maison ? A Paris ont mettra de la vaseline sa passera mieux,0
2013-10-07T01:01:40Z,"Les sardines et leur discours du genre ""nous on a une identité, on joue avec le coeur, on prefere des jeunes francais, blablabla...""
Ce soir, les mercenaires parisiens ont gagné avec leur trippes et avec leur coeur, a 10 contre 12, face aux bourrins de lom et un arbitre corrompu...",0
2013-10-07T00:53:24Z,"Pfff gros gamin sans maturité s""te bouffon . C'est bon son club a gagné il se sent plus obligé de faire n'importe quoi",0
2013-10-07T00:43:47Z,c'est nul !,0
2013-10-07T00:34:50Z,toi ta pas digerer la defaite de ton equipe de chevre ? MDRRRRRR,0
2013-10-07T00:34:09Z,c bon detendez vous les sardines si sa aurai ete un joueur de votre club vous serai pas en train de vous plaindre alors arreter de faire les gens scandalisé c juste une blague hein rien de méchant !!!,0
2013-10-07T00:27:08Z,pauvre mec ,0
2013-10-07T00:19:53Z,arrogant,0
2013-11-12T12:25:11Z,serge le lama haha,0
2013-11-11T00:19:26Z,Score pas vraiment mérité... ça vallais plus un match nul dans le jeu ,0
2013-10-09T14:33:16Z,"Goalies; saving defenders ASSES since the 19th century.
",0
2013-10-07T19:56:20Z,Good save though,0
2013-10-07T18:03:55Z,Unbelievable is that he could have missed open chance like this,0
2013-10-07T06:07:05Z,cool 3la 600l,0
2013-10-07T01:02:31Z,1 one,0
2014-01-19T14:08:32Z,Nantes je suis avec toi tu est la meilleurs équipe !,1
2014-05-09T21:37:20Z,"Arrêtez avec votre Paris... Parlez-nous plutôt de la Ligue des Champions... (contre Chelsea), Même pas foutus de gagner chez eux devant leur public (contre Rennes...) ils étaient où ces parigots soi-disants magiques...",0
2014-04-04T06:36:14Z,peor que la defensa del ajaccio.,0
2014-01-31T23:00:01Z,xx i am praying to god that thiago silva comes to fc barcelona in the summer lolll xx,0
2014-01-21T19:38:52Z,please show extended highlights instead of just the goals,2
2014-01-20T22:24:50Z,Verratti! You little genius! Our midfield trio showed how truly important they are. We can't afford to lose any of them. Also happy to see Ibra assist Cavani with a goal unselfishly. And that celebration for his second goal!,4
2014-01-20T13:50:27Z,Men against boys,5
2014-01-20T13:31:33Z,Has someone ever heard of Gregory Van Der Ouile? Lol,1
2014-01-20T11:26:04Z,Love Zlatan's celebration!!,4
2014-01-20T00:28:13Z,Just if I had Zlatan in fifa 14 ultimate team...,6
2013-12-17T01:07:34Z,"Sorry, not a fan of this commentator",0
2013-12-16T21:07:48Z,The English man who comments on this normaly quitted or what ?,0
2013-12-16T18:13:49Z,Who's this new commentator?!?!,0
2013-12-16T17:24:14Z,"@Antoine Mavel  his name is actually pronounced ""Hamesh"" even though it's spelt James. The player has confirmed this himself in the past, and it makes sense as his native language is not English",0
2013-12-16T01:43:26Z,I dont like his accent.  He has an almost American accent when talking normally.  And then a French accent when he says names,1
2013-12-16T01:01:03Z,Love this guys accent :) ,1
2014-01-27T19:25:26Z,pouce bleu si tu trouves que Robin Van Persie est un attardé mental,1
2014-01-27T16:23:05Z,Match trop équilibré aller REIMS,0
2014-01-27T08:21:41Z,"Match légèrement dominé par Reims, je suis déçu pour Fortes qui aurait pu ne pas marquer un but gag pour une fois. Faut voir le bon côté des choses pour Reims et Nantes, plus que 7 points pour se maintenir soit 2 victoires et 1 nul je pense que c'est faisable !  Je souhaite qu'une équipe comme Nantes reste dans l'élite car voir ce public c'est tout simplement magnifique !",2
2013-12-26T21:47:31Z,yes etienne ! forza viola !!,1
2013-12-16T21:45:33Z,"HAHAHA, trop bon !!! Didot breton à jamais.",0
2013-11-04T01:47:09Z,"Lille just came up. I like Marsaille, Lyon,St Ettienne and Montpellier aswell",0
2013-10-29T07:24:29Z,"I love watching Ligue 1, very entertaining",0
2013-10-29T01:32:36Z,Amazing thank you,0
2013-10-28T15:44:45Z,PSG and AS Monaco are the only reason that I'm interested in ligue 1,0
2013-10-28T10:34:18Z,i think marquinhos needw to gain experience .Both goals were conceded because of him,0
2013-10-28T03:22:48Z,its not league fs its legan,0
2013-10-28T01:16:40Z,Nelson Oliveira !! :D,0
2013-10-28T00:15:51Z,Marseille's defense is horrible and what did Ahmada eat that day!,0
2013-10-28T00:14:11Z,L`om went don't hill,0
2014-02-11T00:39:11Z,Gomis. ITS GOMIS!!!,0
2013-10-07T07:53:58Z,"It's great to see Nantes back among the big boys, 5th place despite a 3 point deduction earlier in the season is a good start.",0
2013-10-07T06:52:54Z,Remember when bordeaux won the title? Same with wolfsburg. Those two teams won the title the same season and now are pretty mediocre. Crazy how fast things can change,0
2013-12-20T10:52:24Z,Aller l om  aller l om,0
2013-12-20T07:17:34Z,Mdr dans le stade Rennais c écris groupe pigeon mdr,0
2013-12-19T19:22:08Z,ALLER OL!!!,0
2013-12-17T11:05:44Z,le but de nantes est parfait :),0
2013-12-17T06:41:36Z,xDDDDDDDDDDDDDDD,0
2013-12-16T22:31:49Z,Les buts de Marseille sont horribles mdr ..,0
2013-12-16T20:13:06Z,,0
2014-01-13T21:57:58Z,Awesome fans from Nantes. They're my favorite of the recently promoted teams.,3
2014-01-13T02:01:15Z,Nantes have amazing fans,1
2013-10-23T03:21:15Z,Ochoa♥,0
2013-10-23T00:19:29Z,Nantes :D gano,0
2013-10-22T13:03:34Z,La defensa parecia fantasma.Ochoa hace lo que puede pero tanto y tanto pues seguro que va a caer un gol.,0
2013-10-21T18:32:07Z,buen partido de Ochoa lastima del error al final,0
2013-10-21T06:19:25Z,Si la bola pasa y no la toca el atacante llega y la mete... Pero como la toco y trato de desviarla es error... No pos si,0
2013-10-21T04:12:39Z,"Ese Ochoca, siempre siendo factor, para bien o para mal, jajajaja",0
2013-10-21T01:59:36Z,Pinche pendejo para que sale si no sabe el idiota,0
2013-12-16T09:28:48Z,Team PSG <3,0
2014-01-18T14:24:41Z,"Welcome to Inter
",0
2013-09-23T05:41:31Z,moi je suis pour FC Nantes!,0
2013-09-16T14:29:27Z,depuis quand ya des anglophones qui regardent ??!,0
2014-06-18T02:46:32Z,Je chie sur la BL ,0
2014-06-18T02:46:06Z,Nantais merda ,0
2014-06-18T02:45:56Z,But de la Ntete,0
2014-06-18T02:45:44Z,On vous a violèèèè de la tete au pièèèèèèè ,1
2014-04-21T17:56:42Z,C sa le srfc,0
2014-03-29T08:28:52Z,Cuis cuis cuis les canaris sont cuits!!!!!!!allez rennes,0
2014-02-28T06:48:19Z,hahahahaha  bien fait pour ses enc**e de nantais roazhon number one   et garder le tifo nous on prends les points mais on se vera ,0
2014-02-25T19:47:03Z,Nantais on vous a bien enc****!!!!!,0
2014-02-25T18:25:50Z,nante a été inexistant les Rennai ont été bien meilleur que!!,3
2014-02-25T18:04:41Z,Allez Rennes ! Vive les bretons ^^,21
2014-02-25T14:04:41Z,"Humiliation de Nantes sur sa pelouse !
Deaux mis sous son lit par Costil !
N'Tep qui humilie tout un club avec son but et sa déclaration !
0-3 !

H-U-M-I-L-A-T-I-O-N",0
2014-02-24T18:04:13Z,"Allé Rennes !!!!!!!!!
",1
2014-02-24T17:48:01Z,"pour une fois que rennes gagne à la beaujoire ...
Ce qui est un incroyable c'est qu'il y a plus d'ambiance dans une tribune visiteur rennaise plutôt que dans leur stade.
peut être parce qu'a nantes on ne vend pas de galettes saucisses à la buvette du stade , donc ils ont pû encourager leur équipe pour une fois au lieu de bouffer.
en voyant que les supporters rennaises encourageaient leur équipe en tapant dans leur mains j'ai halluciné , la science à prouvé dernièrement que le cerveau d'un rennais est trop petit et pas assez développé pour qu'il puisse taper dans ses mains ni parler français . ( et encore j'ai juste vu qu'ils faisaient que des fuck aux supporters nantais , comme si ça allait les faire exister )",5
2014-02-24T17:40:00Z,"Il y a urgence là! Il faut se ressaisir parce que ce début d'année est très médiocre... Au niveau des résultats et du jeu proposé! Mais on y  croit et on ne lâchera rien pour repasser devant Rennes au classement.
Au fait, vous l'avez retrouvé votre tifo?",0
2014-02-24T15:11:04Z,"Chek Saha: Pas la peine de rager comme ça ! Rennes vous a mis une pilule c'est tout ! Un match ça ne se joue pas dans les tribunes mais sur le terrain, t'auras beau faire tout le boucan que tu pourras dans ton stade c'est pas ça qui vous ramènera des points au classement !
Voilà l'exemple type du supporter nantais imbu de sa personne, qui tout ce qui sait faire c'est de se targuer d'être le meilleur supporter de la Ligue 1 et de sans cesse mettre en avant la palmarès de son club et ses belles heures passées aux rennais qui n'ont eux quasi rien de ce côté là. Mais il serait temps de se réveiller ! Une équipe tu la supportes au jour le jour et non pas parce qu'elle fait partie des 3 plus gros palmarès de L1 ! Certains supporters qui comme dit plus bas préfèrent s'en prendre à des femmes et enfants en leur brûlant leurs écharpes et drapeaux tout ça parce qu'ils supportent Rennes et qu'ils ont gagné chez vous ! Alors que vous avez saccagé en plus local du RCK avant le match en détruisant la sono et volant le tiffo qui avait pris deux semaines de boulot aux rennais ! Vraiment dégueulasse votre attitude, inadmissible ! C'est pas les valeurs du football qu'on m'a inculqué ! Quand je vois ce genre d'attitude ça me donne juste la gerbe !
On vous entend beaucoup depuis que vous êtes remontés en L1 mais pour rappel encore l'année dernière alors que vous étiez en L2 c'était pas le même public à la Beaujoire que celui d'aujourd'hui !
Heureusement que j'ai des potes qui sont supporters de Nantes et qui ne sont pas comme toi sinon j'aurai vraiment un mauvais a priori concernant ce club et de leur public.
Bref avant de montrer à toute la L1 que vous avez les plus grosses commencez donc pour vous reprendre et essayer de vous maintenir parce que depuis la reprise hivernale vous êtes la deuxième pire équipe de L1 !
Bien content que Rennes vous ait corrigé comme il se doit, ça vous apprendra à jouer les arrogants comme à l'image de Lucas Deaux au match aller qui s'était permis bien des remarques concernant des joueurs rennais, j'espère que le retour de bâton vous fait pleurer !",14
2014-02-24T13:28:39Z,"Pour le coup, Lucas Deaux il va fermer sa grande gueule un peu :P",0
2014-02-24T11:08:22Z,hum ... ça sent le rageu ^^  ,6
2014-02-24T10:53:52Z,C'est qui les patrons? C'est nous ! Au tour de Guingamp de redescendre sur terre et finir de se la péter !,2
2014-02-24T09:41:23Z,"Les rageuses nantaise toujours présentes ! Il y avait qu'une équipe sur le terrain.
Merci au RCK toujours là quand il faut. SRFC <3",5
2014-02-24T07:57:31Z,Encore un résumé de merde ou on voit aucune action de Nantes alors qu'on a dominé la fin de la premiere et le debut de la deuxieme période,0
2014-02-24T07:41:42Z,"Depuis le match de Toulouse, plus rien ne va. L’équipe est incapable de produire du jeu, incapable de réagir et prend des buts de m****.

Match nul a Nice encourageant ? Il fallait bonifier ce point et non se faire marcher dessus a domicile !

Ca devient inquiétant, on a le sentiment que l'équipe est completement pomée.

Je veux bien que Nantes soit un promu, qu’il y a un manque d’expérience mais 0 tir cadré sur l’ensemble du match, faut peut être pas déconner !
Ce que j’ai vu hier est inadmissible.

3-0 c’est amplement mérité pour Rennes, il n’y a absolument rien a dire !
Le maintient n’est pas encore acquis et ce n’est surement pas en jouant comme cela qu’il sera obtenu.

Allez les jaunes, REMOBILISEZ VOUS !!!!!!

J’attend une réaction ce vendredi contre Evian.",3
2014-02-24T06:46:53Z,Aller Nantes !!,1
2014-02-24T05:13:29Z,toivonen le 2eme zlatan !,4
2014-02-23T23:32:46Z,"Bien joué Rennes...
Bon pour Nantes va falloir se bouger le cul, moi j'en ai marre de voir des brelles!",19
2014-04-30T13:16:40Z,ici c...............................PARIS,0
2013-12-20T17:09:16Z,il ressemble au but de Thuram en 1998 contre la Croatie !,0
2013-12-19T21:39:28Z,Ici c'est Paris Nick Marseille,0
2013-12-17T11:06:06Z,nike psg,0
2013-12-17T01:36:27Z,"Merci. 
PSG4ever",0
2013-12-16T22:27:03Z,"Lourde équipe quand même... entre les magiciens, les virtuoses et les brutes, ils méritent leur statut d'équipe invincible",1
2013-12-16T22:26:00Z,"Bonne vidéo, plus de vidéos ""à la loupe"" svp",2
2013-12-16T19:17:41Z,"ce nombre Verratti a 1,37 , magnifique",0
2013-12-16T18:56:09Z,Yloowy mais noooooon paris c'est pas de la merde c'est un grosse équipe !!!!!!!,0
2013-12-16T18:55:25Z,Magnifique vidéo,1
2013-12-16T18:12:03Z,le gardien se chie dessus face à Ibra lors du pénalty,0
2013-12-16T17:40:29Z,C'est dingue comment le PSG se fait pomper..,2
2013-12-16T16:45:20Z,La passe de verratti ♥,1
2013-12-16T14:24:47Z,Paris C dla merde bande de loser.,0
2013-12-16T14:23:42Z,Paris c'est de la merde bande de Loser.,0
2013-12-16T10:43:12Z,le match RENNES-PSG à la loupe ? Y'avait Rennes vous êtes sur ??? ,4
2013-12-16T10:10:31Z,Lavezzi qui pince le nez de Ibra c'trop chou :3,9
2013-12-16T08:18:12Z,C un ouf lavezzi,5
2013-12-16T01:05:04Z,PARIS EST MAGIQUE !!!,1
