publish_date,title,view_count
2013-08-25T13:30:14Z,Magnifique Coup de Ciseau d&#39;Idriss Saadi,14189
2014-04-05T22:00:06Z,Clermont Foot - Châteauroux (1-1) - 04/04/14 - (CF63-LBC) - Résumé,2052
2014-03-22T23:00:00Z,Clermont Foot - AS Nancy-Lorraine (1-0) - 21/03/14 - (CF63-ASNL) - Résumé,2435
2014-02-01T23:00:01Z,Clermont Foot - AC Arles Avignon (1-1) - 31/01/14 - (CF63-ACA) -Résumé,2226
2014-05-10T22:00:02Z,Clermont Foot - ESTAC Troyes (0-3) - Résumé - 09/05/14 - (CF63-ESTAC),2254
2014-04-12T22:00:01Z,AJ Auxerre - Clermont Foot (0-2) - 11/04/14 - (AJA-CF63) - Résumé,3013
2014-02-15T23:00:02Z,Clermont Foot - Chamois Niortais (0-1) - 14/02/14 - (CF63-NIORT) - Résumé,2580
2014-04-01T10:00:02Z,RC Lens - Clermont Foot (1-1) - 31/03/14 - (RCL-CF63) - Résumé,8020
2014-05-07T22:00:01Z,CA Bastia - Clermont Foot (1-1) - 06/05/14 - (CAB-CF63) - Résumé,2361
2014-05-03T22:00:01Z,Clermont Foot - Dijon FCO (0-1) - 02/05/14 - (CF63-DFCO) - Résumé,1823
2014-04-19T22:00:01Z,Clermont Foot - Angers SCO (1-1) - 18/04/14 - (CF63-SCO) - Résumé,3995
2014-03-01T23:00:01Z,SM Caen - Clermont Foot (2-1) - 28/02/14 - (SMC-CF63) - Résumé,7669
2013-08-25T23:57:32Z,LOSC Lille - AS Saint-Etienne (1-0) - Highlights (LOSC - ASSE) - 2013/2014,7410
2014-02-08T23:00:02Z,US Créteil - Clermont Foot (2-0) - 07/02/14 - (USCL-CF63) -Résumé,1822
2014-04-05T17:50:37Z,Conférence de presse Clermont Foot - Châteauroux (1-1) - 2013/2014,108
2014-05-17T22:00:01Z,Tours FC - Clermont Foot (3-0) - Résumé - 16/05/14 - (TOURS-CF63),8188
2014-03-15T23:00:01Z,FC Istres - Clermont Foot (1-1) - 14/03/14 - (FCIOP-CF63) - Résumé,4789
2014-03-08T23:15:41Z,Clermont Foot - Nîmes Olympique (1-0) - 07/03/14 - (CF63-NIMES) - Résumé,1401
2014-02-22T23:00:01Z,FC Metz - Clermont Foot (1-0) - 22/02/14 - (FCM-CF63) - Résumé,6803
2014-01-05T16:02:49Z,Terugblik op Football Battle &quot; Het was een positieve ervaring.&quot;,310
2014-04-26T22:00:01Z,Stade Brestois 29 - Clermont Foot (2-0) - 25/04/14 - (SB29-CF63) - Résumé,4115
2014-03-22T18:46:12Z,Conférence de presse Clermont Foot - AS Nancy-Lorraine (1-0) - 2013/2014,117
2014-01-25T23:00:01Z,Stade Lavallois - Clermont Foot (0-0) - 24/01/14 - (LAVAL-CF63) -Résumé,940
2014-05-07T18:10:45Z,Conférence de presse CA Bastia - Clermont Foot (1-1) - 2013/2014,291
2013-08-25T22:00:18Z,LOSC Lille - AS Saint-Etienne (1-0) - Le résumé (LOSC - ASSE) - 2013/2014,19135
2014-04-12T17:42:24Z,Conférence de presse AJ Auxerre - Clermont Foot (0-2) - 2013/2014,158
2014-02-01T20:28:07Z,Conférence de presse Clermont Foot - AC Arles Avignon (1-1) - 2013/2014,121
2014-03-31T22:17:02Z,Conférence de presse RC Lens - Clermont Foot (1-1) - 2013/2014,300
2014-03-08T08:27:04Z,J27 Clermont / Nîmes : Le but du match,1015
2014-07-07T16:06:09Z,Enfants / Parents - Danone Nations Cup 2014,1243
2014-04-19T17:41:42Z,Conférence de presse Clermont Foot - Angers SCO (1-1) - 2013/2014,386
2013-08-10T10:44:34Z,A defender saves a penalty,26
2014-02-12T00:05:16Z,ضربة مقص خيالية لكريستيانو رونالدو 2014 - Ciseaux coup fictif à Cristiano Ronaldo 2014,1170
2014-01-05T14:46:04Z,Nottingham Forest 5 Westham United 0 FA Cup,500
2014-05-31T19:24:24Z,Coup de ciseau Nabil 14 ans,129
2013-12-21T14:24:40Z,رسالة النجم الهولندي رود غوليت إلى الجزائريين...Le message de Ruud Gullit aux algériens,2207
2013-12-13T23:36:05Z,Faouzi Ghoulam réalise 2 passes décisives identiques !,12454
2014-01-16T14:51:46Z,Le coup du foulard de Nabil Ghilas (Porto) contre Penafiel,30886
2013-08-25T14:40:07Z,Un Très Bon But Pour Le Nouveau Attaquant de CA Prince Tagweey,188
2013-08-25T12:52:41Z,but de tafer yanis,880
2014-07-12T20:22:58Z,But Ech-Chergui pour Luzenac contre le TFC,2282
2013-09-02T12:40:25Z,Standard vs Kortrijk   Craquage  01/09/2013  Mehdi is back,533
2014-01-27T20:30:37Z,AS Valence / ASSE Coupe Gambardella 2014 - 2,420
2013-12-29T13:51:55Z,جميع أهداف شباب قسنطينة في مرحلة الذهاب 2013/2014 [ HD ] .,7211
