published-time,comment,likes
2014-04-06T13:39:09Z,Maboulou joue encore ?? Il mérite une suspension même si son but n'est pas mal,0
2014-04-06T07:45:01Z,Maboulou malgré sa main il marque et revient bien ! La preuve d'un joueur d'une grande mentalité!Allez la Berri !,1
2014-03-24T10:49:12Z,bye bye la L1 pour l'ASNL,0
2014-03-22T23:31:01Z,Un but du dos quoi .. ,0
2014-04-13T07:23:16Z,"Boly a pas le niveau pour la Ligue 2, ou en tout cas il donne pas l'air d'avoir envie de jouer...",0
2014-02-16T12:28:17Z,Si niort monte en ligue 1 j'arrete de regarder le foot serieux mdrr,0
2014-04-01T20:37:20Z,"Clermont, l'an prochain si vous faites le même match qu'hier, en marquant, vous allez en Ligue 1 c'est obligé! J'ai la sensation que Brouard vous mènera loin !",1
2014-04-01T17:35:17Z,dominer n'est pas gagner,1
2014-04-01T16:15:08Z,super sauvetage du défenseur a 3:11,1
2014-04-01T10:49:11Z,on merite largement de gagné !,1
2014-04-01T10:37:02Z,#Ligue2 - 30e journée - Revivez les meilleurs moments de RC Lens - Clermont Foot (1-1) en vidéo !,10
2014-05-04T08:48:49Z,Vtk,0
2014-05-04T08:20:31Z,DFCO !!!!!!!,0
2014-04-06T23:57:50Z,"Il est collector ce Garcia,  c'est toujours des but encaissé de manière ""heureuse "" de l'adversaire. Jamais il admettra que c'est sa défense qui a mal jouée ou autre ? C'est jamais de sa faute toujours l'adversaire qui a de la chatte. Quel entraîneur en coton ce type c'est aberrant... ",1
2014-06-14T11:51:28Z,"Merci a cette saison delort
",0
2014-05-22T14:25:21Z," #Ligue2  - Avec 24 buts au compteur, Andy Delort occupe la deuxième place du classement des buteurs ! Son triplé face au Clermont Foot lors de la dernière journée de championnat n'aura pas suffi pour devancer Mathieu Duhamel. Que pensez-vous de la saison de l'attaquant du Tours FC ? Supporters, on attend vos commentaires ! http://bit.ly/1aBHswr",7
2014-05-18T07:31:33Z,Trop fort notre Andy ! Merci pour cette magnifique saison !,0
2014-03-16T00:02:01Z,Dommage le FCIOP,0
2014-03-15T06:45:32Z,Commentateur nul,2
2014-03-09T16:07:26Z,Le gardien de Clermont c'est pas Fayolle mais Farnolle,2
2014-07-23T08:53:14Z,"Allez les lorrains ici c est metz
",0
2014-02-26T10:06:23Z,"allez nancy
*",0
2014-02-23T19:14:09Z,"1 victoire , 3 nuls et 2 défaites bravo Metz ! Bientôt la 3 eme ;)",1
2014-02-23T00:57:30Z,La Lorraine est grenat et elle le restera :),13
2014-04-30T15:06:08Z,"J'espère franchement que Brest ne va pas monter en Ligue 1, ce n'est pas que j'ai quelque chose contre Brest, mais il y a  déjà beaucoup trop de club Breton dans l'élite ( 4) et si Brest monte, ça fais 5. Résultat, y a tellement de derby que ça en devient lassant...",0
2014-04-26T22:18:12Z,Brest ======> L1 !!! <3 Allez la Bretagne ! :D,8
2014-01-26T00:46:20Z,"Bon match , manque de realisme!!",0
2013-08-29T12:30:24Z,c vrai ya faute: ms on vs a priver d europa league merci Mr turpin !,1
2013-08-26T17:23:07Z,"ya faute 
",1
2013-08-26T15:25:43Z,"Un belle arbitrage de merde ! Allez sainté <3
",1
2013-08-26T14:32:03Z,bah il doivent changer c'est quand meme la chaine officiel de la ligue 1,1
2013-08-26T13:54:39Z,Pour moi y'a passage en force perso :),1
2013-08-26T10:51:19Z,oui...,1
2013-08-26T10:50:49Z,En tout cas c'est sûrement pas un 4-4-2,1
2013-08-26T10:50:17Z,Milieu offensif......,1
2013-08-26T10:49:57Z,Te revoilà toi ??,1
2013-08-26T09:30:10Z,l'essentiel est assuré en plus contre saint étienne je pensais qu'il y'aller avoir match nul mais bon bravo d'avoir tenu le score jusqu'a la fin+bien joué le losc,1
2013-08-26T09:25:06Z,erreur a 0:12 lorsqu'il montre la compo du losc basa est defenseur central et mavuba milieu défensif inversement de poste,2
2013-08-26T06:49:42Z,"Bah à partir du moment où ils sont 4 à se mettre dessus, et 2 à lui faucher la jambe, depuis ce moment là il y a faute ! x)",1
2013-08-26T06:08:30Z,Asse,2
2013-08-26T03:21:02Z,loooooooooooooooooooooooooooooooooooossssssssssssssssssssssssccccccccccccccccccccccccccccccc,0
2013-08-26T02:07:18Z,Un 4-3-3 sans ailier ?,1
2013-08-25T23:34:22Z,Depuis quand y'a faute nawak cet arbitre acheter,2
2013-08-25T23:01:18Z,martin n'est pas un attaquant ..,1
2013-08-25T22:17:22Z,4-4-2 ? ça ressemble plutôt à un 4-3-3 ....,1
2013-08-25T22:12:43Z,Aller le losc !!,1
2013-08-25T22:06:30Z,First,1
2014-04-14T08:40:41Z,ALLER AUXERRE PUTAIN VOUS NE MÉRITAIT PAS DE DESCENDRE !!!!!!!!!!!!!!!!!!,0
2014-03-25T04:16:07Z,carlossss de algerie,0
2014-01-31T22:07:38Z,benvenuto all'ombra del vesuvio,0
2014-01-30T12:52:42Z,Forza Napoli!,0
2013-12-14T18:23:32Z,BOSS,0
2014-03-20T22:29:22Z,piiiiiiiiii chayy kbiiiire,0
2013-12-30T17:22:53Z,dima CSC,0
2013-12-30T10:59:55Z,mrc frèro w nchalah chompionèè,2
2013-12-29T20:47:30Z,sa7éét mouad (y),0
2013-12-29T18:26:18Z,Ya3tiiiik el_saha mouad <3,1
