publish_date,title,view_count
2014-07-02T14:34:24Z,"Benjamin Leroy, ses premiers mots !",2340
2014-06-24T10:41:18Z,Fabien Camus et Benjamin Leroy,1739
2013-10-28T13:06:39Z,"Benjamin Leroy, les plus beaux arrêts de la saison 2011-2012",257
2014-03-22T23:00:01Z,Tours FC - CA Bastia (1-0) - 21/03/14 - (TOURS-CAB) - Résumé,2466
2014-02-15T23:00:01Z,FC Istres - Tours FC (1-0) - 14/02/14 - (FCIOP-TOURS) - Résumé,2393
2013-08-24T22:00:11Z,Tours FC - Nîmes Olympique (3-1) - Le résumé (TOURS - NIMES) - 2013/2014,6008
2013-11-30T23:00:01Z,ESTAC Troyes - Tours FC (1-2) - 29/11/13 - (ESTAC - TOURS) - Résumé,5343
2014-04-12T22:00:00Z,Tours FC - US Créteil (1-2) - 11/04/14 - (TOURS-USCL) - Résumé,3079
2014-03-11T11:00:01Z,Tours FC - Angers SCO (2-0) - 10/03/14 - (TOURS-SCO) -Résumé,21348
2013-09-25T19:07:55Z,Tours FC - RC Lens (3-1) - Le résumé (TOURS - RCL) - 2013/2014,8394
2014-01-25T23:00:01Z,Tours FC - Châteauroux (5-2) - 25/01/14 - (TOURS-LBC) -Résumé,14730
2013-08-10T22:00:11Z,Tours FC - Chamois Niortais (1-1) - Le résumé (TOURS - NIORT) - 2013/2014,4158
2013-09-14T22:00:16Z,Tours FC - FC Istres (2-2) - Le résumé (TOURS - FCIOP) - 2013/2014,4081
2014-02-11T17:16:20Z,Tours FC - AS Nancy-Lorraine (1-3) - 10/02/14 - (TOURS-ASNL) -Résumé,7520
2013-10-05T22:00:01Z,Tours FC - Stade Brestois 29 (1-1) - Le résumé (TOURS - SB29) - 2013/2014,3889
2013-09-28T22:00:01Z,Angers SCO - Tours FC (1-1) - Le résumé (SCO - TOURS) - 2013/2014,10527
2013-10-26T22:00:02Z,Tours FC - Stade Lavallois (2-0) - Le résumé (TOURS - LAVAL) - 2013/2014,6402
2013-09-21T22:00:12Z,Dijon FCO - Tours FC (2-0) - Le résumé (DFCO - TOURS) - 2013/2014,3960
2013-11-09T23:00:01Z,US Créteil - Tours FC (2-1) - Le résumé (USCL - TOURS) - 2013/2014,5588
2014-02-01T23:00:01Z,Nîmes Olympique - Tours FC (3-0) - 31/01/14 - (NIMES-TOURS) -Résumé,3210
2013-10-19T22:00:01Z,CA Bastia - Tours FC (1-2) - Le résumé (CAB - TOURS) - 2013/2014,6556
2014-03-15T23:00:00Z,Stade Brestois 29 - Tours FC (2-0) - 14/03/14 - (SB29-TOURS) - Résumé,5826
2014-02-22T23:00:00Z,Tours FC - Dijon FCO (1-0) - 21/02/14 - (TOURS-DFCO) - Résumé,2745
2013-08-31T22:00:15Z,AS Nancy-Lorraine - Tours FC (2-3) - Le résumé (ASNL - TOURS) - 2013/2014,11771
2013-12-14T23:00:01Z,Tours FC - FC Metz (4-2) - 13/12/13 - (TOURS - FCM) - Résumé,16656
2014-01-11T23:00:00Z,Tours FC - SM Caen (2-1) - 10/01/14 - (TOURS-SMC) -Résumé,6278
2013-08-17T22:00:11Z,Châteauroux - Tours FC (0-4) - Le résumé (LBC - TOURS) - 2013/2014,8994
2013-11-23T23:00:00Z,Tours FC - Havre AC (2-2) - Le résumé (TOURS - HAC) - 2013/2014,10149
2014-04-05T22:00:01Z,Tours FC - AJ Auxerre (2-2) - 04/04/14 - (TOURS-AJA) - Résumé,4303
2013-09-23T21:28:49Z,Tours-Lens (3-1) | Ligue 2 - 8ème journée,3514
2013-08-03T22:00:12Z,Clermont Foot - Tours FC (2-1) - Le résumé (CF63 - TOURS) - 2013/2014,7684
2013-11-02T23:25:27Z,AJ Auxerre - Tours FC (4-0) - Le résumé (AJA - TOURS) - 2013/2014,12178
2014-03-04T11:00:01Z,RC Lens - Tours FC (2-2) - 03/03/14 - (RCL-TOURS) - Résumé,19299
2014-01-18T23:00:04Z,Chamois Niortais - Tours FC (3-2) - 17/01/14 - (NIORT-TOURS) -Résumé,4641
2014-03-29T23:00:01Z,Stade Lavallois - Tours FC (1-0) - 28/03/14 - (LAVAL-TOURS) - Résumé,3314
2014-07-13T07:34:59Z,ETG FC - Servette Genève / Résumé vidéo,6396
2014-04-19T22:00:01Z,Havre AC - Tours FC (2-2) - 18/04/14 - (HAC-TOURS) - Résumé,3376
2014-05-28T10:46:59Z,"Bérigaud, l&#39;intégrale",1957
2014-07-20T12:28:45Z,ETG FC - Bastia / Résumé vidéo,3050
2014-07-17T16:53:32Z,ETG FC - Shakhtar Donetsk / Résumé vidéo,3604
2014-05-03T22:00:01Z,AS Nancy-Lorraine - FC Istres (3-1) - 02/05/14 - (ASNL-FCIOP) - Résumé,6713
2013-12-10T19:12:27Z,"Blonay, le film",9560
2013-08-29T07:36:03Z,Le magnifique but de Kévin Bérigaud,862
2014-04-01T08:38:04Z,ETG/MONACO LIGUE 1 CHANT QUAND LE VIRAGE CE MET A CHANTER,632
2014-03-13T01:37:16Z,Croix de Savoie - Best of ETG FC,949
2013-11-04T20:15:00Z,Intro Croix de Savoie,297
2014-05-11T12:39:36Z,ETG/OGCN LIGUE 1 CHANT AUX ARMES,578
2014-05-23T15:04:34Z,La célébration du maintien à Bonal,6092
2014-07-14T09:07:44Z,Mondial: joie et déception à la sortie du Maracana,611
2013-09-21T22:00:05Z,FC Istres - Stade Lavallois (3-0) - Le résumé (FCIOP - LAVAL) - 2013/2014,2996
