publish_date,title,view_count
2014-01-28T17:56:04Z,Papy Djilobodji,24045
2013-11-10T23:00:01Z,But Papy Mison DJILOBODJI (60&#39;) - Girondins de Bordeaux - FC Nantes (0-3 - 2013/2014,7090
2013-12-15T23:00:01Z,But Papy Mison DJILOBODJI (82&#39;) - FC Nantes-Toulouse FC (1-2) - 14/12/13 (FCN-TFC),14266
2013-10-06T22:00:02Z,But Papy Mison DJILOBODJI (65&#39;) - FC Nantes - Evian TG FC (3-0 - 2013/2014,7239
2013-10-06T23:59:12Z,OM - PSG seen from the stands- 2013/2014,2264
2013-08-25T21:17:32Z,L&#39;égalisation nantaise,119
2013-12-16T00:01:43Z,Ligue 1 - Week 18 : Bloopers - 2013/2014,2381
2013-11-10T23:00:01Z,Goal Papy Mison DJILOBODJI (60&#39;) - Girondins de Bordeaux - FC Nantes (0-3) - 2013/2014,1048
2013-12-15T23:00:01Z,Goal Papy Mison DJILOBODJI (82&#39;) - FC Nantes-Toulouse FC (1-2) - 14/12/13 (FCN-TFC),8355
2013-10-06T22:00:01Z,Goal Papy Mison DJILOBODJI (65&#39;) - FC Nantes - Evian TG FC (3-0) - 2013/2014,2031
2013-10-07T00:06:17Z,OM - PSG vu des tribunes - 2013/2014,14409
2014-01-24T18:46:01Z,DJILOBODJI+VIZCARRONDO (FCN),8071
2013-08-26T00:08:08Z,FC Nantes - Paris Saint-Germain (1-2) - Highlights (FCN - PSG) - 2013/2014,232825
2013-09-29T22:00:01Z,Stade Rennais FC - FC Nantes (1-3) - Highlights (SRFC - FCN) - 2013/2014,3107
2013-10-07T00:03:22Z,OM - PSG : Lavezzi&#39;s crazy joke with the cameraman - 2013/2014,113866
2014-02-02T23:00:01Z,FC Sochaux-Montbéliard - FC Nantes (1-0) - 01/02/14 - (FCSM-FCN) -Highlights,6101
2013-09-23T01:09:48Z,Olympique Lyonnais - FC Nantes (3-1) - Highlights (OL - FCN) - 2013/2014,6037
2013-12-05T23:00:01Z,FC Nantes - Valenciennes FC (2-1) - 03/12/13 -  (FCN - VAFC) - Highlights,2561
2013-09-26T22:00:01Z,FC Nantes - OGC Nice (2-0) - Highlights (FCN - OGCN) - 2013/2014,6201
2013-10-06T23:48:23Z,Ligue 1 - Week 9 : Goals compilation - 2013/2014,538
2013-10-06T23:58:59Z,OM - PSG : la blague finale de Lavezzi - 2013/2014,482371
2013-11-10T23:00:01Z,Girondins de Bordeaux - FC Nantes (0-3) - Highlights (FCGB - FCN) - 2013/2014,5448
2013-10-07T00:24:28Z,Week 9 : Unbelievable defensive passbacks! - 2013/2014,3104
2014-02-16T23:00:02Z,OGC Nice - FC Nantes (0-0) - 15/02/14 - (OGCN-FCN) - Highlights,1074
2014-01-26T23:00:01Z,FC Nantes - Stade de Reims (0-0) - 25/01/14 - (FCN-SdR) -Highlights,695
2013-12-08T23:00:02Z,OM-Nantes (0-1) - 06/12/13 -  (Olympique de Marseille - FC Nantes) - Highlights,2265
2013-12-15T23:00:00Z,Goal Etienne DIDOT (55&#39;) - FC Nantes-Toulouse FC (1-2) - 14/12/13 (FCN-TFC),202
2014-01-20T00:23:08Z,PSG vs Nantes (5-0) - 19/01/14 - Highlights - (Paris Saint-Germain-FC Nantes),73948
2013-12-22T23:00:01Z,AS Saint-Etienne - FC Nantes (2-0) - 21/12/13 -  (ASSE - FCN) - Highlights,1331
2013-12-16T00:47:25Z,Ligue 1 - Week 18 Highlights - 2013/2014,6397
2014-01-26T23:00:01Z,FC Nantes - Stade de Reims (0-0) - 25/01/14 - (FCN-SdR) -Résumé,5129
2013-09-01T22:45:42Z,Stade de Reims - FC Nantes (0-0) - Highlights (SdR - FCN) - 2013/2014,1327
2013-12-15T23:00:01Z,But Etienne DIDOT (55&#39;) - FC Nantes-Toulouse FC (1-2) - 14/12/13 (FCN-TFC),1818
2013-12-15T23:25:49Z,Ligue 1 - Week 18 : Goals compilation - 2013/2014,1964
2013-10-06T22:00:21Z,Ligue 1 - Week 9 : zapping - 2013/2014,476
2013-10-27T23:40:50Z,Ligue 1 - Week 11 Highlights - 2013/2014,5867
2014-05-04T22:00:02Z,Toulouse FC - FC Nantes (1-1) - 04/05/14 - (TFC-FCN) - Highlights,1255
2014-02-09T23:00:01Z,FC Nantes - Olympique Lyonnais (1-2) - 09/02/14 - (FCN-OL) -Highlights,5405
2013-10-06T23:46:19Z,Ligue 1 - Week 9 Highlights - 2013/2014,6043
2013-12-15T23:35:50Z,Ligue 1 - Tous les buts de la 18ème journée - 2013/2014,8737
2014-01-12T23:00:01Z,FC Nantes - FC Lorient (1-0) - 12/01/14 - (FCN-FCL) -Highlights,1617
2013-11-10T17:14:26Z,P.Djilobodji Bordeaux Nantes 0-3 !! Allez Allez Nantaissssssssssssssssssss,2246
2013-10-20T22:00:01Z,AC Ajaccio - FC Nantes (0-1) - Highlights (ACA - FCN) - 2013/2014,3348
2013-12-15T23:13:30Z,"Ibrahimovic, Cavani, Motta, Silva - RENNES-PSG under the scope - 2013/2014",5065
2013-11-03T23:00:02Z,Montpellier Hérault SC - FC Nantes (1-1) - Highlights (MHSC - FCN) - 2013/2014,1111
2013-10-06T22:00:00Z,Goal Filip DJORDJEVIC (2&#39;) - FC Nantes - Evian TG FC (3-0) - 2013/2014,1115
2013-09-15T22:00:08Z,FC Nantes - FC Sochaux-Montbéliard (1-0) - Highlights (FCN - FCSM) - 2013/2014,2916
2014-03-09T23:00:02Z,FC Nantes - AC Ajaccio (2-2) - 08/03/14 - (FCN-ACA) - Highlights,8654
2014-02-23T23:00:02Z,FC Nantes - Stade Rennais FC (0-3) - 23/02/14 - (FCN-SRFC) - Résumé,42580
2013-12-15T23:19:19Z,"Ibrahimovic, Cavani, Motta, Silva - Le match RENNES-PSG à la loupe - 2013/2014",36784
