published-time,comment,likes
2014-04-25T06:43:48Z,Interview très intéressante ! La ligue 2 c'est fait ,0
2013-08-20T15:15:51Z,"fêshel tôùùùl :3
",0
2014-07-29T13:47:23Z,"merci pour ces images, ça fait plaisir de voir la selection surtout quand on se trouve loin de notre terre natales",0
2014-07-23T18:14:16Z,merci pour t'es vidéos mon frère ...,0
2014-07-22T13:08:07Z,qualité d'image epola !! ahhh Congo passi kaka!!! felicitations pour nos joeurs!!,0
2014-06-03T11:57:19Z,allez les diables rouges ehhh ponton,1
