publish_date,title,view_count
2013-09-21T19:17:04Z,Golul lui Dore anulat,623
2013-10-31T19:58:59Z,Dore gol (Rapid Bucuresti 0-1 Petrolul),915
2014-03-20T14:00:43Z,Радостта на жълто-черните след головете на Педро и Доре,45
2014-03-20T14:00:43Z,Радост след победния гол за Ботев,87
2014-02-02T20:50:08Z,Sparing: KGHM Zagłębie - Botev Plovdiv | Cypr,2161
2013-12-05T07:50:22Z,125 Petrolul Ploiesti-Viitorul Constanta 3-0 (B),14
2013-08-08T22:12:14Z,Vitesse Petrolul Ploiesti~Gol Boudjema ! 8 - 08 - 2013 !,1587
2013-08-09T08:30:12Z,FullHD Petrolul 2-1 Vitesse 1080p  8 August 2013 Rezumat Goluri calificare in Playoff Europa League,1902
2013-10-09T00:12:07Z,F.C. VIITORUL AXINTELE - F.C. AFUMATI 08.10.2013,835
2014-06-06T20:41:48Z,PLAY-OFF C.S. AFUMATI - VIITORUL AXINTELE 6.06.2014,573
2014-03-14T20:56:47Z,C.S. AFUMATI - C.S. VIITORUL AXINTELE 14.03.2014,854
2014-04-24T14:48:34Z,Entretien avec Oumar N&#39;DIAYE,969
2014-05-03T22:14:21Z,CFR Cluj Ceahlaul Piatra Neamt 2   0 Gol Chanturia,729
2014-03-27T00:55:15Z,Ботев (Пловдив) - Черно море (Варна) (26.03.2014),661
2013-08-03T18:30:02Z,Petrolul Ploiesti - Pandurii tg jiu 1-1 REPRIZA 1 Campionat 2013-2014,2479
2013-08-19T16:04:53Z,"Matt moussilou ║► Skills, Goals &amp; Assists ◄║ 2012-2013 ║ HQ ║ By Louay Clubistie",6694
2014-07-22T09:36:19Z,CONGO - RWANDA Partie 1,5534
2013-08-03T18:29:10Z,Petrolul Ploiesti - Pandurii tg jiu 1-1 REPRIZA 2 Campionat 2013-2014,1474
2014-05-12T01:45:34Z,Ботев (Пловдив) - ЦСКА (София) (11.05.2014),1147
2014-06-02T21:31:43Z,Magazine des sports: Congo - Namibie,4080
2013-10-28T11:13:28Z,DCMP 1-0 Rojelu ( Linafoot Oct 2013) TUPACONGO SPORT,506
