publish_date,title,view_count
2013-09-03T00:26:03Z,Billy Ketkeophomphone Goal Tor vs Germany for France Fifa13,725
2013-08-24T22:00:11Z,Tours FC - Nîmes Olympique (3-1) - Le résumé (TOURS - NIMES) - 2013/2014,6008
2013-12-11T16:31:29Z,TFC - Fifa 2014 : Billy &quot;Ketkeo&quot; Vs Aly Koulibaly,2662
2014-05-07T22:00:02Z,Tours FC - AC Arles Avignon (2-2) - 06/05/14 - (TOURS-ACA) - Résumé,6892
2014-01-25T23:00:01Z,Tours FC - Châteauroux (5-2) - 25/01/14 - (TOURS-LBC) -Résumé,14730
2013-08-17T22:00:11Z,Châteauroux - Tours FC (0-4) - Le résumé (LBC - TOURS) - 2013/2014,8994
2014-02-01T23:00:01Z,Nîmes Olympique - Tours FC (3-0) - 31/01/14 - (NIMES-TOURS) -Résumé,3210
2013-08-30T19:24:37Z,But ketkeo 2 3 Nancy Tours,15712
2013-09-25T19:07:55Z,Tours FC - RC Lens (3-1) - Le résumé (TOURS - RCL) - 2013/2014,8394
2013-12-17T14:31:43Z,La réaction de Billy,96
2013-11-23T23:00:00Z,Tours FC - Havre AC (2-2) - Le résumé (TOURS - HAC) - 2013/2014,10149
2013-08-31T22:00:15Z,AS Nancy-Lorraine - Tours FC (2-3) - Le résumé (ASNL - TOURS) - 2013/2014,11771
2013-12-14T23:00:01Z,Tours FC - FC Metz (4-2) - 13/12/13 - (TOURS - FCM) - Résumé,16656
2014-02-15T23:00:01Z,FC Istres - Tours FC (1-0) - 14/02/14 - (FCIOP-TOURS) - Résumé,2393
2014-05-17T22:00:01Z,Tours FC - Clermont Foot (3-0) - Résumé - 16/05/14 - (TOURS-CF63),8188
2013-11-30T23:00:01Z,ESTAC Troyes - Tours FC (1-2) - 29/11/13 - (ESTAC - TOURS) - Résumé,5343
2014-01-11T23:00:00Z,Tours FC - SM Caen (2-1) - 10/01/14 - (TOURS-SMC) -Résumé,6278
2014-02-11T17:16:20Z,Tours FC - AS Nancy-Lorraine (1-3) - 10/02/14 - (TOURS-ASNL) -Résumé,7520
2013-08-03T22:00:12Z,Clermont Foot - Tours FC (2-1) - Le résumé (CF63 - TOURS) - 2013/2014,7684
2013-09-21T22:00:12Z,Dijon FCO - Tours FC (2-0) - Le résumé (DFCO - TOURS) - 2013/2014,3960
2013-11-09T23:00:01Z,US Créteil - Tours FC (2-1) - Le résumé (USCL - TOURS) - 2013/2014,5588
2014-02-22T23:00:00Z,Tours FC - Dijon FCO (1-0) - 21/02/14 - (TOURS-DFCO) - Résumé,2745
2013-08-10T22:00:11Z,Tours FC - Chamois Niortais (1-1) - Le résumé (TOURS - NIORT) - 2013/2014,4158
2014-04-16T17:14:23Z,Tours FC vs FC Metz (Ligue 2 17ième Journée),150
2013-09-14T22:00:16Z,Tours FC - FC Istres (2-2) - Le résumé (TOURS - FCIOP) - 2013/2014,4081
2013-12-21T23:00:01Z,AC Arles Avignon - Tours FC (1-0) - 21/12/13 - (ACA - TOURS) - Résumé,2922
2013-10-19T21:21:55Z,Billy goal,45
2013-12-19T06:00:01Z,ESTAC Troyes - Tours FC (3-2) - 18/12/13 (1/8 de finale) - (ESTAC - TOURS) - Résumé,11968
2014-04-12T22:00:00Z,Tours FC - US Créteil (1-2) - 11/04/14 - (TOURS-USCL) - Résumé,3079
2014-04-05T22:00:01Z,Tours FC - AJ Auxerre (2-2) - 04/04/14 - (TOURS-AJA) - Résumé,4303
2014-01-18T23:00:04Z,Chamois Niortais - Tours FC (3-2) - 17/01/14 - (NIORT-TOURS) -Résumé,4641
2014-05-10T22:00:02Z,SM Caen - Tours FC (1-3) - Résumé - 09/05/14 - (SMC-TOURS),17613
2013-08-24T12:05:43Z,J04 Résumé Tours 3-1 Nîmes,3487
2013-08-24T17:39:03Z,Conférence de presse Tours FC - Nîmes Olympique (3-1) - 2013/2014,538
2013-08-17T16:45:02Z,Conférence de presse Châteauroux - Tours FC (0-4) - 2013/2014,418
2014-01-25T17:43:10Z,Conférence de presse Tours FC - Châteauroux (5-2) - 2013/2014,211
2014-05-07T18:11:09Z,Conférence de presse Tours FC - AC Arles Avignon (2-2) - 2013/2014,127
2013-11-02T23:25:27Z,AJ Auxerre - Tours FC (4-0) - Le résumé (AJA - TOURS) - 2013/2014,12178
2013-12-14T18:37:06Z,Conférence de presse Tours FC - FC Metz (4-2) - 2013/2014,619
2014-05-10T15:34:30Z,Conférence de presse SM Caen - Tours FC (1-3) - 2013/2014,432
2013-08-31T16:33:43Z,Conférence de presse AS Nancy-Lorraine - Tours FC (2-3) - 2013/2014,390
2014-04-14T17:27:40Z,Football / Coupe de France : Les supporters rennais prudents avant Angers - 14/ 04,390
2013-11-07T09:40:21Z,Nejc Skubic Highlights 2013 Long Version,508
2014-02-28T16:10:24Z,SC BASTIA - RC STRASBOURG 02/03,272
2014-02-11T22:54:09Z,But de Ayari - Angers SCO vs CA Bastia - CDF,3811
2014-02-01T23:00:01Z,Angers SCO - CA Bastia (1-0) - 31/01/14 - (SCO-CAB) -Résumé,7578
2014-06-22T21:11:31Z,Mahmoud Za&#39;tara | Jordan International Striker,2908
2013-11-10T12:24:38Z,ไฮไลท์ D2 นครนายก เอฟซี 0-1 อ่างทอง เอฟซี 10-11-2013,1095
2013-10-26T13:09:45Z,Michael Weiß -philippinischer Nationaltrainer- zu Besuch,1631
2014-04-18T13:13:09Z,1/2 CDF 2013/14 - SRFC 3 - 2 SCO Angers | Envahissement de terrain depuis le Kop,96
