published-time,comment,likes
2014-01-28T19:36:46Z,Super turons,0
2013-10-28T14:51:08Z,Oui 4-1 normalement !!,0
2013-10-28T14:47:42Z,TOURS FC,0
2013-08-25T16:24:07Z,En France on a des arbitres de merde supporter de Marseille,0
2013-08-25T08:55:15Z,Avec un bit refusé pour tours en deuxieme qu'on a pas vu,0
2013-08-25T08:52:06Z,Turons !! Quel est votre métier ??!!,0
2014-05-08T17:12:47Z,Ce coup franc magnifique de Delort *-*,0
2014-01-27T21:09:47Z,"En ce moment, tours ça gère ",6
2014-01-27T19:50:00Z,Nancy pardon,1
2014-01-27T19:43:06Z,Vous allez gagner contre nimes,1
2014-01-27T15:40:38Z,On me voit,1
2014-01-27T12:00:51Z,Lens <3,1
2014-01-26T23:04:08Z,TOURS FC !!!,3
2014-01-26T22:24:06Z,Turons !!,4
2014-01-26T22:13:24Z,moi aussi j'ai honte :(,1
2014-01-26T12:44:54Z,"P*tain, Châteauroux, 2-5, j'ai honte...",1
2014-01-26T07:46:30Z,Super tours fc,2
2014-01-26T02:37:42Z,Allez TOURS FC,3
2014-01-24T20:37:09Z,"la meme deain,tfc !",0
2014-01-19T19:54:04Z,Tours fc la ligue 1 c'est pour vous!,1
2013-08-19T07:39:20Z,"Parle pour toi, moi je n'ai que des vidéos foot proposées à la fin.. ça dépend peut-être de ce que tu regardes sur YT..",0
2013-08-18T15:21:12Z,"y'a un truc que je comprend pas sur ces vidéos à la fin du temps,you tube nous met un tas d'autre vidéos ,la plus part de foot et y'en a toujours une qui n'a rien à voir avec le foot mais qui est politique ou religieuse (je veut dire traitant de ces sujets )comment sont mis ces priorités honteuse pour la pluralité religieuse et politique,marre de ce pays et du monde également,ces emmerdeurs et fous de ces sujets nous bassine et nous canalise,je déteste ces pratiques honteuses pour la démocratie ",0
2013-08-18T07:46:15Z,Super match les gars !,0
2014-02-02T18:44:02Z,ça part de là !!!!,0
2014-02-02T10:07:46Z,Allez tours!!!!!!!!!!!!!!!!!!!!!!!!!!!!!!!!!!!!!!!!!!!!!!,0
2014-07-03T17:22:22Z,travail bien et très beau but bravo.,0
2013-08-30T20:51:05Z,"Tours en L1 !!!!
",0
2013-08-30T20:37:45Z,But monstrueux !!!!,0
2014-01-19T19:18:00Z,Super les bleu,0
2014-01-19T19:17:58Z,Super les bleu,0
2013-11-24T09:35:14Z,0:40 c'est Yohan Rivière qui frappe pied gauche pas Youssef. Sinon les commentaires sont plus agréables que ceux des matches de la L1.,0
2013-11-23T23:53:33Z,Allez Tours Fc,2
2014-01-31T12:52:59Z,la meme lundi 10 fev devant votre publique !,0
2014-01-13T17:22:50Z,Allez tours fc,0
2013-10-23T14:45:37Z,Manifique but de ketkeo,0
2013-09-02T09:47:11Z,Lol pourquoi il parle de Salif Sané le commentateur? Il a pas joué un seul match en défense central de la saison et en plus il est pas bon. Quel guignol de parler sans savoir...,1
2013-09-01T18:32:31Z,GG tours continuez comme ça !,0
2013-09-01T18:19:36Z,"euh nn
",0
2013-09-01T11:15:22Z,OH le but de Ketkeophomphone ! :O,0
2013-09-01T01:35:49Z,Allez Tours Fc,0
2013-08-31T23:44:51Z,L'attaquant de Nancy se nomme Benjamin Jeannot ;-),0
2013-08-31T23:44:35Z,Quel but de Ketkeophomphone! ,0
2013-08-31T23:31:24Z,Benjamin Jeannot? Non c'est Benjamin Leroy ;),0
2014-01-25T17:20:15Z,"tours, la L1 l'anné prochaine !
Pce vert si tu est supporter !",5
2014-01-16T17:13:42Z,Toooooooooooours fcccccccc,2
2014-01-11T13:09:04Z,"Aller Metz
",0
2013-12-18T16:38:36Z,tfc gere cette saison,4
2013-12-18T11:44:14Z,Vive Tours,4
2013-12-15T17:55:01Z,Bien joué les bleus ciel et noir !!!,6
2013-12-15T16:51:08Z,La lorraine est rouge et blanche !,2
2013-12-15T10:59:10Z,Tous au stade samedi !,2
2013-12-15T08:28:55Z,Allez les bleus,5
2013-12-15T03:44:59Z,Allez Tours Fc,6
2013-12-15T00:18:57Z,Les boss c'est nous !,2
2013-12-14T23:46:49Z,Chuter pour mieux rebondir ! ICI C'EST METZ <3 ,3
2014-02-16T00:07:42Z,Istres 💜,0
2014-06-14T11:51:28Z,"Merci a cette saison delort
",0
2014-05-22T14:25:21Z," #Ligue2  - Avec 24 buts au compteur, Andy Delort occupe la deuxième place du classement des buteurs ! Son triplé face au Clermont Foot lors de la dernière journée de championnat n'aura pas suffi pour devancer Mathieu Duhamel. Que pensez-vous de la saison de l'attaquant du Tours FC ? Supporters, on attend vos commentaires ! http://bit.ly/1aBHswr",7
2014-05-18T07:31:33Z,Trop fort notre Andy ! Merci pour cette magnifique saison !,0
2014-01-31T12:42:20Z,"Tours, cette année beaucoup plus que les autres années, on se dit que c'est faisable de monter en L1 !
On en parle au college, plus de monde va aux matchs, il y a des pubs dans la ville...
Allez le TOURS FC faites nous rever !",0
2014-01-19T07:05:50Z,Allez tours,1
2014-01-02T11:52:42Z,tours fc en ligue 1,1
2013-12-04T17:51:37Z,"ALLEZ LE SCO
allez allez allezallezallez
(je viendrai vous voir samedi prochain contre lens)",1
2013-12-01T13:28:30Z,Allez l'Estac.Lachez rien,1
2013-12-01T12:39:11Z,"Le fait divers du match n'est pas diffusé, dommage, l'arbitre qui tombe par terre et fait tomber un joueur de tours, qui va rester au sol. Bien joué à tours, on a pas géré la premiere mi-temps! Allez l'ESTAC!",0
2013-12-01T03:57:27Z,Allez Tours Fc,0
2014-01-14T19:20:49Z,Super tfc,0
2014-01-14T19:19:49Z,Allez tours fc,1
2014-01-12T17:38:57Z,Allez les bleus !!! Et bravo pour les magnifiques buts !!,1
2014-01-12T17:01:39Z,les buts du tfc  sont MAGNIFIQUE !!!!!!!!!!!!,1
2014-01-12T01:11:53Z,GG les turons,2
2014-01-11T23:46:58Z,"Au LVDC... Stade de la vallée du cher
Enorme but de Chavalerin.",0
2014-01-11T23:21:58Z,0:06 C'est à Tours pas à Caen pour le nom du stade ;),0
2014-05-07T13:23:32Z,,0
2014-02-14T11:03:59Z,1.19min en premier rang a droite toujours la pour supporter Tours<3,0
2014-02-12T09:44:29Z,"#Ligue2 - Retrouvez le résumé du match de clôture de la 23e journée : Tours FC / AS Nancy-Lorraine ! Supporters, on attend vos commentaires",4
2014-02-11T21:00:43Z,Bravo a vous :) et ALLEZ TOURS toujours là dans la victoire comme dans la défaite,1
2014-02-11T19:44:33Z,Allez Nancy remonter en ligue 1 et laisser pas sochaux pas a votre place !!!! Bonne chance un supporters de l'etg :) ,4
2014-02-11T19:43:17Z,"En espérant que cela fasse du bien a Jeannot ! , Jeff et Paul Nardi incroyables comme d'hab !",1
2014-02-11T18:38:46Z,"Bravo Nancy, dommage pour Tours",1
2014-02-11T17:50:29Z,Allez NANCY,1
2013-08-21T17:19:06Z,"bravo le CF63

allez clermont",0
2013-08-07T10:05:41Z,"y a peno 
",0
2013-08-03T23:09:26Z,"premiere journer victoire grace a un tir au but et deja un carton rouge
beau depart pour clermont en ligue 2 xd",0
2014-01-13T17:26:47Z,Allez tours fc,0
2013-09-23T05:36:52Z,"Quel scandale cette main non sifflée, même si la défaite est logique ! Encore un sacré we des arbitres...(but refusé OL-FCNA)",0
2013-09-22T02:34:04Z,Allez Tours Fc,0
2014-04-09T11:42:57Z,Victoire impérative vendredi prochain pour Tours pour rester dans les prétendants a la montée,0
2013-11-10T13:26:10Z,c'est bof la ligue 2,2
2013-11-10T10:00:34Z,bravo Créteil !,0
2014-03-02T09:02:27Z,"Je vais aller voir Tours Angers =)
Aller Tours!",0
2014-02-27T11:24:06Z,Tours,0
2014-01-19T19:57:30Z,Je prefere le match tours Châteauroux 4-0,0
2013-09-18T16:13:45Z,Allez tours fc,0
2013-08-14T14:10:36Z,Classement des buteurs : Kevin Rocheteau (Chamois Niortais) prend le pouvoir ! http://bit.ly/18s3TRj,4
2013-08-12T00:48:37Z,Allez Tours Fc,0
2013-08-11T12:42:25Z,Par contre le gardien Niortais c'est Paul Delecroix et non pas Bernard... ,0
2013-08-10T22:07:55Z,Assez belle rencontre !,0
2013-08-10T22:07:49Z,Assez belle rencontre !,0
2013-09-18T16:23:39Z,Dommage tours j étais au match et on fais 30 première minutes super mais après rien,0
2013-09-16T19:57:31Z,les arrets de fou des deux cote bravo les GK ,0
2013-09-15T16:20:45Z,"Benjamin Leroy, énorme gardien ! c'est grâce à lui à chaque fois qu'on encaisse pas trop de buts. Le meilleur gardien de Ligue 2. Notre Hugo Lloris.
",0
2013-09-15T07:07:32Z,"tours fc les meilleur
",0
2013-09-14T22:04:56Z,Allez Tours Fc,0
2013-12-23T11:03:20Z,La célébration la plus nulle de tous les temps ^^,0
2013-12-21T23:14:43Z,Le match le plus triste de tout les temps..,0
2013-12-23T14:51:07Z,Vos gueule,0
2013-12-23T14:51:06Z,Vos gueule,0
2013-12-19T06:26:22Z,le 1er but est super,0
2013-12-19T06:22:39Z,1er vue,0
2014-04-12T23:02:20Z,Créteil on jouer beaucoup le temps je pense ,0
2014-04-09T12:45:57Z,"P'tit clin d'oeil...
Jacques Villeret est(été) Tourangeaux, dans ""le dîner de con"" il dit ""allez Auxerre""",0
2014-04-08T16:24:33Z,"Aller Auxerre
          ",0
2014-04-06T08:51:18Z,"Allez tours
",3
2014-01-20T09:20:32Z,bravo chamois,0
2014-01-20T01:11:56Z,Faut se reprendre contre Chateauroux.,0
2014-01-19T07:39:53Z,Bravo aux chamois!,1
2014-01-18T23:37:24Z,"Genre, on coupe le son sur le but de Tours pour ne pas entendre le parcage plein tourangeau, faire + de bruit, que ce stade de merde...bravo !",5
2013-08-25T03:30:30Z,Allez Tours Fc !,0
2013-08-28T20:16:14Z,ALLEZ TOURS FC!!!!!,0
2013-08-18T00:19:16Z,"drôle Chateauroux prend une dégelée et la page you tube met une pub 123 infidéle .com 
tholot a& été fait cocu par ses joueurs ,ha la pub çà devrais être interdit çà pour ce genre de site ,c'est une honte 
",0
2014-05-28T11:22:50Z,"J ador
",0
2014-01-16T17:20:41Z,Aller tours,0
2013-11-04T18:23:33Z,Allez les bleus c'est pas grave ça arrive !!,0
2013-11-03T08:20:43Z,super aller auxerre  (ma team de ligue 2 prefere),2
2013-11-03T02:58:35Z,Allez Tours Fc,0
2013-12-16T19:54:59Z,Allez tours,0
2013-12-14T20:21:50Z,Dommage pour Metz :/ Ne vous découragez pas les gars on est toujours premiers !! Allez le F.C. Metz ! :-),4
2013-12-14T18:43:39Z,Super match du TFC,2
2013-09-01T11:53:20Z,"allez le tours fc !!!
",0
2013-09-01T00:06:57Z,"Offrez nous la montée, on en rêve tous!",0
2013-08-31T17:23:07Z,Tfc,0
2014-02-24T10:33:21Z,Shen genazvale Zango ra goli gaitana! :D,0
2014-02-03T21:02:08Z,quel buttttt ! SCOOO,0
2014-02-02T22:58:59Z,Ce But oulalalala,0
2014-02-02T08:58:11Z,Rien à faire que le but soit chanceux l'important ce sont les 3 points ,0
2014-02-02T07:26:17Z,"but on ne peut plus chanceux, yattara a d'ailleurs lui-meme avoué qu'il voulait centrer...",0
2014-02-01T23:33:35Z,Magnifique but ! ,0
2014-02-01T23:20:16Z,C'est ça le SCO !!,3
2013-10-27T08:29:54Z,sympatischer Typ,0
