publish_date,title,view_count
2013-11-02T23:46:27Z,Châteauroux - Clermont Foot (3-0) - Le résumé (LBC - CF63) - 2013/2014,4449
2014-02-15T23:00:02Z,Clermont Foot - Chamois Niortais (0-1) - 14/02/14 - (CF63-NIORT) - Résumé,2580
2013-10-05T22:00:01Z,Clermont Foot - FC Istres (2-0) - Le résumé (CF63 - FCIOP) - 2013/2014,2945
2013-09-28T22:00:01Z,Nîmes Olympique - Clermont Foot (1-1) - Le résumé (NIMES - CF63) - 2013/2014,1651
2013-11-09T23:00:00Z,Clermont Foot - AJ Auxerre (1-1) - Le résumé (CF63 - AJA) - 2013/2014,3675
2014-01-18T23:00:03Z,Clermont Foot - Havre AC (0-1) - 17/01/14 - (CF63-HAC) -Résumé,2784
2013-10-28T23:36:19Z,Clermont Foot - RC Lens (0-0) - Le résumé (CF63 - RCL) - 2013/2014,4264
2013-10-19T22:00:00Z,AS Nancy-Lorraine - Clermont Foot (3-2) - Le résumé (ASNL - CF63) - 2013/2014,11021
2014-05-17T22:00:01Z,Tours FC - Clermont Foot (3-0) - Résumé - 16/05/14 - (TOURS-CF63),8188
2014-02-22T23:00:01Z,FC Metz - Clermont Foot (1-0) - 22/02/14 - (FCM-CF63) - Résumé,6803
2014-05-07T22:00:01Z,CA Bastia - Clermont Foot (1-1) - 06/05/14 - (CAB-CF63) - Résumé,2361
2014-05-10T02:45:49Z,Hamdi Naguez (Partie 1),5437
2013-08-09T11:50:13Z,but de billal omrani,6098
2013-12-13T07:08:23Z,Tire 1922 - Edremit Belediye 2-0 (08.12.2013),893
2013-12-30T22:09:48Z,Rachid Ait Atmane contra Oviedo,25367
2013-12-30T22:45:09Z,Rachid Ait Atmane contra Tropezon,8380
2014-07-02T12:51:14Z,Corinne Diacre wird zweite Trainerin in Folge bei Clermont-Foot 63 | Ligue 2,568
2014-02-09T17:41:13Z,ASM-ESS: Interview Amir Omrani,1310
2014-01-13T21:27:03Z,ALTAY ALT YAPI KALECİSİ AHMET CARAN 2,191
