published-time,comment,likes
2014-03-01T10:37:58Z,Angers sco sco sco sco,0
2014-02-24T13:06:09Z,"de beau cadeaux de la part d'Auxerre , mais bon , allez le SCO:)",0
2014-02-23T01:22:10Z,,0
2014-02-22T23:15:06Z,Superbe action collective des angevins sur le premier but avec ce caviar donné par socrier a yattara ! ALLEZ LE SCO !!!,1
2013-10-24T22:55:16Z,Allez les chamois Niortais vs etes les meilleurs,0
2013-10-21T17:07:27Z,Angers 3,0
2013-10-21T17:06:48Z,Angers 3,0
2013-10-21T17:03:32Z,C'était trop cool j'étais au stade!!!,0
2013-10-21T15:00:49Z,Çà se voit que tu n'es jamais aller à Bollaert ,0
2013-10-20T09:49:02Z,"Les meilleur j'y etait une belle ambience =o
",0
2013-10-20T09:05:25Z,Angers! Angers! Angers! ❤,0
2013-10-20T09:03:18Z,Allez niort !,0
2013-10-20T01:46:27Z,Aller angers,0
2014-04-02T10:19:26Z,fuck bastia vive rc lens,1
2013-08-29T22:31:23Z,Il a jouer mon père au cab,1
2013-08-29T16:41:45Z,Allez le sco,1
2013-08-28T14:55:02Z,Classement officiel des buteurs : Khaled Ayari (SCO Angers) en tête !,2
2013-08-26T10:08:43Z,angers les plus forts,1
2013-08-25T06:47:56Z,ALLLLLEZZ LE SCOOOO,1
2013-12-24T10:33:17Z,rooon pschiiiiittt rooooonnn pssccchhhiiiiiiiittt,1
2013-12-23T18:01:29Z,"les gars moi je joue  au centre de formation des u13 de angers et bah mon gars c pas de la tarte tt les jours en tout cas je l'ai est tous rencontre
au moins une fois",0
2013-12-21T23:50:57Z,maliki fait un bon match,0
2013-12-21T23:13:18Z,Maliki !,0
2014-04-04T19:54:13Z,Au 04/04/2014 il n'y a plus de des match nul pour les Bleu&Noir. Le FCT ne montera pas en L1 pour 2015 ! Pas assez de charisme et c'est un tourangeau qui le dit ...,0
2014-04-04T13:35:51Z,A se soir pour tours Auxerre!!,0
2014-03-14T12:23:18Z,Splendide 2ème but ! Comme moi à l'époque!Bon p'tit joueur ce Delort ! ,0
2014-03-13T13:34:16Z,L'arbitre est debile il mets un jaune et 2 secondes après il mets un rouge alors que DELORT revient apès,3
2014-03-12T14:45:44Z,Quel but d'andy delort magnifique il est meilleur que des joueurs de L1! La montée est à nous !!! (Tours fc),0
2014-03-12T12:41:57Z,"Il y avait une grosse ambiance la haut  et le stade était plein (14 000 personnes ), bien jouer a tours :) ",5
2014-03-12T12:37:22Z,"M-A-G-N-I-F-I-Q-U-E BUT DE ANDY !

  ALLER TOURS §",5
2014-03-12T12:02:21Z,"Magnifique comme but, dommage que le joueur en rajoute des tonnes. Le rouge me semble justifié mais de là à ce tortiller comme un lombric il faut pas avoir beaucoup de dignité...",2
2014-03-11T21:40:03Z,Le deuxième but est juste splendide !!!!!!!!!!!!,0
2014-03-11T19:40:51Z,manifique but d hary delort ,1
2014-03-11T19:11:03Z,"Bravo Tours , on vous attends à nancy ! ",2
2014-03-11T17:38:50Z,Aller les bleus !! Syper ambiance au stade et quel match !! Oh la la !! TFC <3 ,2
2014-03-11T17:38:39Z,"Yvan? Ta le seum d'avoir perdu ou c'est comment?

",0
2014-03-11T16:16:22Z,"Faudrait arreter de simuler coté tourangeau. C'est certes un attentat, mais sa facon de se rouler par terre est tout sauf crédible...",3
2014-03-11T15:51:17Z,Ça c'est le Tours fc .,2
2014-02-04T14:41:42Z,TROP bien jouer encore ,0
2014-01-21T12:24:17Z,lol,0
2014-01-20T17:31:42Z,Frikèche blessé ? Je crois pas nan .,1
2014-01-20T17:31:07Z,ça fait du bien de l'emporter ^^,1
2014-01-19T08:55:37Z,Scoo,0
2013-10-07T16:23:46Z,"vive le sco
",1
2013-08-20T10:20:36Z,oh le but merdeux,1
2013-08-14T10:17:37Z,Aller le scooooooooo!!!!,1
2013-08-12T13:34:06Z,Allez le SCO,1
2013-12-21T09:00:55Z,bien jouer lens mais le sco aurrait largement put gagner si leur joueur serait moins FLEMAR(il y a que yattara qui a jouer!!!!!!!!!!!),0
2013-12-19T21:11:11Z,Il y a que yattara qui a joué et gamboa ne méritait pas d'être sur le terrain,1
2013-12-15T20:33:58Z,Dommage pour le sco. On pourrais faire mieu. Mais ils vont mieu faire si on les suis tous le long aller le sco,1
2013-12-15T11:53:45Z,"Une très belle victoire qui je pense nous permet de prendre un avantage psychologique sur une équipe angevine qui devra se remettre en question pendant la trêve. Allez, après ce match, la montée n'a jamais été aussi proche cette saison !",2
2013-12-15T11:49:56Z,"On entend que Lens, encore !.. ",4
2013-12-15T11:17:19Z,Angers sco méritait au moins le match nul ..... Domage pour le SCO mais bravo pour Lens,7
2014-02-01T22:54:46Z,Allez le SCO !!!! Les scoïstes sont derrière vous !!! 49 c'est exceptionnel !!! Battez vous et la ligue 1 est a vous !!!,4
2013-11-21T23:18:27Z,Hey mais c'est quoi se bordel ?! leur gardien ?! Petric ?! pouquoi il est la bas ????? c'est le gardien de Troyes mtn !!!,1
2013-11-21T23:14:54Z,Putain !!! le Stade de Istres quoi... BLINDE ! xD,0
2013-08-12T19:02:58Z,En angleterre les défenses sont tellement moisies (à l'image de celle de istresà qu'à chaque rencontre il y au moins 3 buts.,2
2013-08-08T19:41:03Z,Angers en ligue 1 Angers en ligue 1,0
2013-08-08T11:44:26Z,"Allez le SCO !!!!!!!!
",0
2013-08-07T19:02:40Z,Strasbourg en CFA 20 000 contre Mulhouse merci au revoir,1
2013-08-07T15:09:08Z,"Tu es sur de ça ??

Lens-Bastia : plein milieu des vacances, aucun enjeu, équipe adversaire qui vient de national => 28.000 !

Certains stades de L2 sont bien mieux garnis que certains de L1.",0
2013-08-07T10:11:18Z,très fort ces angevins ! =),1
2013-08-06T12:09:36Z,"Même pas 1000 spectateurs à Parsemain ! vraiment ridicule comme affluence ! 
(Un supporter nîmois)
",1
2013-08-05T14:46:02Z,Superbe le 2ème but d'Istres,0
2013-08-05T09:14:04Z,ligue2 officiel ce qui serait bien ce serait de faire comme la ligue 1 les résumés de tous les matchs en même temps Merci ,1
2013-08-04T17:30:59Z,"c'est la grande différence avec l'anglettere : en ligue 2 les stade sont vide ! en championships il son a guiché fermé . alors si la france veut posseder un grand championnat il faut deja regler ce problème .
",2
2013-08-04T13:51:59Z,"oui xd
",0
2013-08-04T08:01:01Z,ya plus d'angevins que d'istréens dans les tribunes,0
2013-09-05T16:40:59Z,c'est vrai moi je attendu que tout le monde se leve pour savoir qu i avait but!,0
2013-09-02T07:07:06Z,SCO!<3!,0
2013-09-01T20:03:21Z,Nan gro,0
2013-09-01T19:19:25Z,À tous les brestois chercher pa c Angers les meilleur,1
2013-09-01T11:29:55Z,moinbe est une merde ou il le fait expres,0
2013-09-01T07:49:38Z,Le but de brest limite limite.,0
2013-08-31T23:57:35Z,Une bonne rentrée de Socrier! Et une fin de match magique :P.,1
2013-08-31T23:26:22Z,"A priori ce n'est pas Socrier qui marque, mais Traoré contre son camp, d'après les aveux du joueur angevin. Quoi qu'il en soit, l'espace laissé à Gamboa par Coulibaly pour centrer est inadmissible et Thébaux est bien apathique.",0
2013-08-31T22:07:52Z,ALLLEEEZ LE SCO. De la tribune coibertin on voyait pas les buts.,0
2014-01-29T15:16:36Z,#Ligue2 - Revivez les meilleurs moments de Angers SCO - Dijon FCO (0-0) en vidéo !,1
2014-01-29T09:11:35Z,aller dijon ,0
2014-01-29T06:40:18Z,Angers ce rattrapera contre la CAB vendredi,0
2014-01-28T20:38:23Z,grosse domination angevine ! dommage... ALLEZ LE SCO !!!,1
2013-10-06T06:10:41Z,Allez le sco,0
2013-08-20T07:11:44Z,et allors? l'arbitre en a décider ainsi si sa ne vous plait pas envoyer un dons à une association pour la formation des arbitres en france ; ),0
2013-08-19T11:12:02Z,la simulation flagrante de Blayac l'arbitrage qui comme tout au long du match ne prend pas le bonne decision ,0
2013-08-18T00:55:03Z,Angers en ligue 1 !!!!!!!!!!!!!!!!!!!!   :),1
2013-08-17T23:44:34Z,pfff le pénalty cadeau alors qu'il y a que dalle,1
2013-08-17T23:22:07Z,gg,0
2014-03-23T09:39:24Z,Ji suis allez,1
2014-03-22T22:30:33Z,"C'est une honte ce ""résumé""...",0
2014-03-22T09:01:30Z,"Dommage pour le SCO, les autres commencent à bien remonter derrière !",1
2014-03-21T08:15:16Z,Bravo Brest ! Résumé à chier ! Pourri ! ,2
2014-03-20T22:59:28Z,C'est bon pour la montée de nancy ça !,1
2014-03-20T17:03:55Z,"ICI C'EST BREST, angers cherche la baston et ensuite ils se prennent un magnifique but de notre maitre artificier, angers l'a dans le cul,brest remonte, une bonne operation!",3
2014-03-20T16:49:16Z,"C'est lamentable de proposer un résumé comme ça !
Le match n'était peut-être exceptionnel mais là, la ligue se moque vraiment du monde... et on s'étonne qu'il y ai de moins en moins de public dans les stades ! C'est avec des résumés de ce genre qu'on va l'attirer le public !",2
2014-03-20T15:32:24Z,Angers a perdu c'est bon pour Moulins ça !,1
2014-03-20T15:09:17Z,Un max de pouces rouge pour ce résumé complètement bidon !,2
2014-03-20T15:08:43Z,"Putain mais quel résumé de merde !!! Des plans de caméra complètement bidon, des ""replay"" sur des moments qu'on en a rien a foutre , des actions non-filmées.........",1
2014-03-20T13:53:17Z,C'est quoi ce résumé de merde ...,6
2014-03-20T12:18:27Z,Faut-il vous apprendre à faire un vrai montage ?,1
2014-03-20T12:15:12Z,MAGNIFIQUE COUP FRANT !!!!!!!!!!!!!!!!!!!!!!!!!!!!!!!!!!!!!!!!,1
2014-03-20T12:10:07Z,ICI C EST BREST,3
2014-03-20T11:27:12Z,#Ligue2 - Revivez les meilleurs moments de Stade Brestois 29 - Angers SCO (1-0) en vidéo.,2
2014-03-20T10:30:28Z,resumé tout buggé,1
2014-03-20T10:23:29Z,yes je suis le premier vue,0
2013-11-05T19:05:34Z,mdr c est vous les bouseux!le sco n a rien a faire en ligue1.et quant le fc nantes se déplacait a angers la saison derniere c étai un stade de bouseux le stade jean groin.des porc je vous dis!il vont vite redescendre au classement ces bléro du sco.allez laval!,0
2013-11-03T09:55:36Z,"Mdr laval trop fort pour Angers ? Attend le match retour .. Tu vas rentrer chez toi en pleurant avec ton tracteur, vous etes à votre place au fond du classement bande de bouzeux ! Ici c'est Angers !",1
2013-09-16T10:17:54Z,"Robic, le ""tout premier but de sa carrière pro'"". Eh oh, il était d'jà pro' au VOC le bonhomme... Le National, c'pas le CFA non plus...",0
2013-09-15T09:59:56Z,Aller Laval on s est balader penalti logique des but magnifique Laval est beaucoup trop fort pour Angers c est tout aller laval,0
2013-09-15T09:32:52Z,allez le sco!,0
2013-09-15T08:19:52Z,"Ah ben c pas trop tot, enfin une victoire pour Laval!!",0
2013-09-15T08:16:29Z,C peut-être un mal pour un bien au sco,0
2013-09-15T08:14:32Z,Pas du tout peno,0
2013-09-15T08:11:25Z,Allez le sco,0
2013-09-15T07:23:08Z,Angers 1er,0
2013-10-30T16:37:02Z,"#Ligue2 - Classement des buteurs - Grâce à sa 7e réalisation lors de la 12e journée, Diafra Sakho, le buteur vedette du FC Metz monte sur le podium et permet à son équipe de prendre les commandes de la Ligue 2. http://bit.ly/HqwOxx",4
2013-10-27T15:28:49Z,Il lui met sa main droite sur son épaule !!,0
2013-10-27T13:35:22Z,Ici c'est Metz ! Allez Metz <3,0
2013-10-27T01:05:55Z,Maliki a fait un super match!,0
2013-10-26T23:08:08Z,allez metz ,0
2013-10-26T22:27:24Z,Allez metz !!!!!,0
2013-10-26T22:13:34Z,Y a jamais faute serieux xD,0
2013-12-06T21:50:19Z,"c'est zlatan qui le met celui là, on en entend parler toute l'année...",1
2013-12-02T20:40:55Z,Oh vous avez du oublier (sans faire exprès) le but angevin sifflé (à tord) hors jeu. Non? ,0
2013-11-30T23:05:24Z,pour une fois que le scénario arrive à l'envers ... Bien joué les p'tits gars !,0
2013-09-26T21:39:04Z,"cette saison j'aimerai que angers et lens remontent et que valancienne sochaux descende 
suporter de nantes",0
2013-09-23T19:09:05Z,"faudra travailler la possession angers parce que 34% c est juste !
sinon allez le SCO !!!",0
2013-09-23T18:35:03Z,Ahah ma mini apparition a 2:16,0
2013-09-23T14:15:53Z,Khaled Ayari refait parler la poudre ! L’attaquant tunisien d’Angers SCO a repris place sur le podium des classements officiel des buteurs de Ligue 2 (2e) avec une 5e réalisation lors de la 7e journée. http://bit.ly/14znhfe,1
2013-09-22T19:37:23Z,En avant pour la ligue 1,0
2013-09-22T14:54:07Z,"La dalle Angevine !!
",0
2013-09-22T07:45:00Z,angers !,0
2013-09-21T22:31:30Z,Allez le sco,0
2014-01-31T12:48:54Z,"tours fc
vous montez
cette année !
(je fais de la rime
quand je m'exprime)",0
2013-10-02T21:12:50Z,"Encore un résumé fait à la hache...
Elle est ou la grosse occasion pour Tours en fin de match avec la tête qui frôle poteau?!",0
2013-09-30T18:58:35Z,Aller Tours et Angers qui mérite d'aller en L1,0
2013-09-29T17:15:45Z,Angers qui vient protester à la fin du match car l'arbitre à respecter le nombre de minutes du temps additionnel et les a pas laisser jouer leur action...pitoyable Bonne chance pour les deux équipes,0
2013-09-29T13:56:58Z,allez le sco !!!!!!!!!!!!!!!!,0
2013-09-29T09:59:49Z,"bon point de pris pour le TFC
",0
2013-09-29T08:04:59Z,Allez le sco,0
2013-09-29T03:25:46Z,Allez Tours Fc,0
2014-02-24T10:33:21Z,Shen genazvale Zango ra goli gaitana! :D,0
2014-02-03T21:02:08Z,quel buttttt ! SCOOO,0
2014-02-02T22:58:59Z,Ce But oulalalala,0
2014-02-02T08:58:11Z,Rien à faire que le but soit chanceux l'important ce sont les 3 points ,0
2014-02-02T07:26:17Z,"but on ne peut plus chanceux, yattara a d'ailleurs lui-meme avoué qu'il voulait centrer...",0
2014-02-01T23:33:35Z,Magnifique but ! ,0
2014-02-01T23:20:16Z,C'est ça le SCO !!,3
2014-04-13T13:35:31Z,enfin une victoire!!!!,0
2014-04-13T07:46:43Z,allez le SCO !,0
2014-03-03T13:47:30Z,"Angers !!!!!!
Vous allez montés",3
2014-03-02T02:21:15Z,J'en peux plus de ce commentateur ! ,0
2014-02-16T20:09:23Z,"Le pénalty est mal tiré, vraiment dommage pour Laval.",0
2014-02-16T12:58:54Z,Allez le SCO !!!,4
2014-02-16T09:33:38Z,Malicki <3,5
2014-04-15T13:00:23Z,Beau but de Ben Othman et passe décisive de Ayari ;) ,4
2014-03-30T23:39:07Z,"La passe décisive de Carasso , belle erreur !",0
2014-03-30T12:05:11Z,Très beau match entre deux équipes qui méritent la monté !! Metz est en L1 !! ;),3
2014-03-30T01:43:10Z,Tiens c'est marrant vous ne montrez jamais les penos non sifflés dans vos résumés,7
2014-03-29T23:20:25Z,Allez Metz <3 la ligue 1 est proche ! ,0
2013-10-05T19:44:56Z,Et ça se voit :D,0
2013-10-05T12:21:30Z,Oui tkt je sais bien c'était fait expret que sa soit nul a chier ;),0
2013-10-05T08:29:13Z,"La sortie, c'est par là : -> [] xD",0
2013-09-30T22:52:27Z,"trois-trois à Troyes ! 

C'était nul mais fallait que je le fasse :)",0
2013-09-27T13:32:23Z,ils nous refont le match LOSC- SOCHAUX ,1
2013-09-26T10:40:16Z,"Imprenable, mais pas imperméable !",0
2013-09-25T22:23:44Z,"Quel match ! Allez l'estac, le Stade de l'Aube est une forteresse imprenable !",1
2013-11-03T14:42:41Z,ACA !!! ,0
2013-11-03T01:16:47Z,vive le SCO d'un supporteur lyonnais :p,0
2014-03-16T14:16:18Z,aller le sco,0
2014-03-16T08:42:16Z,"Bourde du goal à la 92eme, dommage...",1
2014-03-16T00:07:10Z,Dommage le SCO,0
2013-11-24T10:55:02Z,Lippini*,0
2013-11-24T10:54:22Z,Allez le sco!!! Quel con limini vous devriez avoir honte clermont davoir un joueur comme sa!,0
2013-11-24T09:38:29Z,c'est pas yatara qui rate le péno c'est farnolle qui l'arrete,0
2013-11-24T08:06:18Z,"Par contre Lippini, faute professionnelle je me demande encore pourquoi on laisse des gens comme ça jouer ...",5
2013-11-24T08:01:39Z,Merci Clermont pour nous permettre de rattraper Angers ;d,1
2014-03-11T18:35:32Z,"surtout que l'arbitre ne ce laisse pas influencé car il roule par terre, car sa c'est dès le début.. il sort le rouge quand il vois la blessure ou les marques de crampons, donc rien a voir...  de plus j'ai vu delort ce matin, cheville doublé de volume, avec glaçon toute la nuit ... donc je vois pas en quoi il i a a discuté tacle les deux pied décolé en avant si i a pas rouge la il i aura jamais ;)",0
2014-03-11T17:00:41Z,"Je suis pour tours, mais entierrement d'accord avec l'entraineur Angevin : 5:47",0
2014-03-11T11:51:03Z,"""Il n'est pas allé à l'hôpital"". Parce que maintenant il faut qu'un joueur aille à l'hosto pour que celui ayant fait la faute récolte un rouge ? C'est un vieux tacle de boucher qui peut briser une carrière.. Ok, le joueur de Tour en rajoute mais bordel, si on ne met pas un rouge là dessus on en met plus !",1
2014-03-18T03:45:31Z,Isma tu es bien! Du courage et bonne chance :) ,0
