publish_date,title,view_count
2014-03-10T21:28:02Z,Tours FC - Angers SCO. Réaction Ismael Keita,1116
2014-02-22T23:00:00Z,AJ Auxerre - Angers SCO (1-2) - 21/02/14 - (AJA-SCO) - Résumé,12974
2013-10-19T22:00:00Z,Angers SCO - Chamois Niortais (2-0) - Le résumé (SCO - NIORT) - 2013/2014,13044
2013-08-24T22:00:11Z,CA Bastia - Angers SCO (1-1) - Le résumé (CAB - SCO) - 2013/2014,6498
2013-12-21T23:00:01Z,Nîmes Olympique - Angers SCO (0-2) - 20/12/13 - (NIMES - SCO) - Résumé,6549
2014-03-11T11:00:01Z,Tours FC - Angers SCO (2-0) - 10/03/14 - (TOURS-SCO) -Résumé,21348
2014-01-18T23:00:03Z,Châteauroux - Angers SCO (0-1) - 17/01/14 - (LBC-SCO) -Résumé,4341
2013-08-10T22:00:11Z,Angers SCO - Châteauroux (1-0) - Le résumé (SCO - LBC) - 2013/2014,6290
2013-12-14T23:00:01Z,Angers SCO - RC Lens (1-2) - 14/12/13 - (SCO - RCL) - Résumé,22764
2013-08-03T22:00:12Z,FC Istres - Angers SCO (2-4) - Le résumé (FCIOP - SCO) - 2013/2014,16536
2013-08-31T22:00:10Z,Angers SCO - Stade Brestois 29 (2-1) - Le résumé (SCO - SB29) - 2013/2014,10840
2014-01-28T20:08:33Z,Angers SCO - Dijon FCO (0-0) - 27/01/14 - (SCO-DFCO) -Résumé,2802
2013-10-05T22:00:01Z,US Créteil - Angers SCO (0-0) - Le résumé (USCL - SCO) - 2013/2014,3673
2013-08-17T22:00:11Z,Dijon FCO - Angers SCO (1-3) - Le résumé (DFCO - SCO) - 2013/2014,8945
2014-03-20T10:20:38Z,Stade Brestois 29 - Angers SCO (1-0) - 18/03/14 - (SB29-SCO) - Résumé,4213
2013-09-14T22:00:04Z,Stade Lavallois - Angers SCO (4-1) - Le résumé (LAVAL - SCO) - 2013/2014,15009
2013-10-26T22:00:01Z,FC Metz - Angers SCO (1-0) - Le résumé (FCM - SCO) - 2013/2014,11845
2013-11-30T23:00:01Z,SM Caen - Angers SCO (1-1) - 29/11/13 - (SMC - SCO) - Résumé,8853
2013-09-21T22:00:09Z,Angers SCO - AJ Auxerre (2-0) - Le résumé (SCO - AJA) - 2013/2014,12075
2013-09-28T22:00:01Z,Angers SCO - Tours FC (1-1) - Le résumé (SCO - TOURS) - 2013/2014,10527
2014-02-01T23:00:01Z,Angers SCO - CA Bastia (1-0) - 31/01/14 - (SCO-CAB) -Résumé,7578
2014-04-12T22:00:01Z,Angers SCO - Havre AC (1-0) - 11/04/14 - (SCO-HAC) - Résumé,5865
2014-03-01T23:00:01Z,Angers SCO - ESTAC Troyes (1-1) - 28/02/14 - (SCO-ESTAC) - Résumé,4431
2014-02-15T23:00:02Z,Angers SCO - Stade Lavallois (1-1) - 15/02/14 - (SCO-LAVAL) - Résumé,8082
2014-03-29T23:00:01Z,Angers SCO - FC Metz (2-2) - 29/03/14 - (SCO-FCM) - Résumé,15798
2013-09-25T22:00:16Z,ESTAC Troyes - Angers SCO (3-3) - Le résumé (ESTAC - SCO) - 2013/2014,12191
2013-11-02T23:33:37Z,Angers SCO - AC Arles Avignon (1-0) - Le résumé (SCO - ACA) - 2013/2014,4917
2014-03-15T23:00:00Z,Angers SCO - US Créteil (2-2) - 15/03/14 - (SCO-USCL) - Résumé,6978
2013-11-23T23:00:00Z,Angers SCO - Clermont Foot (0-2) - Le résumé (SCO - CF63) - 2013/2014,11157
2013-11-22T20:59:17Z,Angers SCO - Clermont Foot : Réaction de Keita,483
2014-02-09T20:31:37Z,DAVID GOMEZ ISMAEL,393
2014-07-10T22:55:48Z,Adama KEITA-Gardien de but,204
2014-04-17T17:28:41Z,TOTALEMENT FOOT 1ER SEMESTRE 2014 [S.1] [E.15] - Totalement foot du 17/04 - Coupe de France,15
2014-03-10T00:58:42Z,Ligue 1 - Week 28 Highlights - 2013/2014,6175
2013-11-17T12:12:38Z,Ismael noumansana Cormontreuil vs Stade de REIMS,209
2013-11-24T00:08:39Z,"Ligue 1 / Le fils Kita, clé de la réussite nantaise - 23/11",1102
2014-03-09T18:56:56Z,Tours Angers - avant match,172
2014-03-10T22:18:14Z,Tours 2 - SCO 0,250
2014-03-07T22:38:32Z,US Orléans - Poirée Sur Vie : Drouguis,870
2014-05-17T18:26:00Z,Conférence de presse Tours FC - Clermont Foot (3-0) - 2013/2014,331
2013-09-27T20:28:56Z,Angers - Tours 1-1 27/09/13,1311
2013-11-24T23:00:01Z,Goal Sadio DIALLO (82&#39;) - Evian TG FC - FC Lorient (0-4) - 2013/2014,122
2014-02-25T23:50:02Z,Goal Sadio DIALLO (26&#39;) - Girondins de Bordeaux-FC Lorient (3-2) - 25/02/14 - (FCGB-FCL),223
2013-11-14T08:57:38Z,entrainement des éléphants montage,355
2014-03-15T15:00:11Z,Angers SCO - Creteil. Coup de gueule de Blayac,2894
2013-08-04T15:13:37Z,Fofana Beko scores to Gandzasar,1310
2014-03-10T23:33:01Z,Conférence de presse Tours FC - Angers SCO (2-0) - 2013/2014,1090
2014-03-11T22:13:04Z,Isma Pepite Malienne,1054
2014-03-19T01:03:30Z,Réaction de Brendan Chardonnet après Brest Angers,1358
2014-05-09T19:19:05Z,1383 - Hassane Diaby - Phenomenal House,201
