published-time,comment,likes
2013-10-09T17:46:28Z,You should appreciate ha7's comment because of him im here but good vid,0
2013-10-08T17:39:43Z,great,0
2013-10-04T17:09:57Z,nice man :),0
2013-10-04T14:20:37Z,"good job bro, keep going",0
2013-12-05T12:48:51Z,Grande pogba!! Davvero in gamba.. Ambizioso e fortissimo! 👍👍🔝,0
2013-11-04T01:26:44Z,I'm a amazed that no one in google was giving a damn that Paul pogba is there. Like are they that ignorant,0
2013-09-15T19:47:03Z,he IS the best midfielder actually :),0
2013-09-10T07:39:08Z,@andyalli cuz english don't know soccer lmfao! Its hilarious that the english think there good and know it all lol....did hart find his underwear yet after pirlos chip? I've seen more semi finals then england has seen round of 16 lmfaooooo.....italia sempre al mio fianco!!!!!,0
2013-09-08T20:28:57Z,Google :Q_,0
2013-09-01T08:00:14Z,"Oh cielo vuoi dirmi che ora, per te, non è nemmeno il 4 centrocampista? Chi ci sarebbe davanti a lui? Padoin? ahaha Marchisio è forte tanto di cappello a lui, però non ha torto a dire che Pogba potrebbe rubare il posto a marchisio, conta che è un '93 e migliora di volta in volta, marchisio ultimamente non è piu marchisio e alle condizioni attuali meglio pogba e lo dico da juventino",0
2013-08-16T11:19:59Z,fuck why did fergie realese him ffs.,0
2013-08-10T13:07:48Z,fortza juve,0
2013-08-08T17:26:36Z,"Per favore fate venire aguero alla juve,
non gli pagate neanche l'aereo perchè ve lo porto in spalla",0
2013-08-07T21:22:46Z,love pogba,0
2013-08-04T16:17:18Z,"If I was in that call, I would've told him his celebrations are the best. Especially his second against Udinese, love that one.",0
2013-08-04T08:53:36Z,"gang bang POGBA!
",0
2013-08-03T20:32:43Z,jajjajaajaajaaajajajajajajajajajjajaj,0
2013-08-03T18:47:58Z,"@Alex Rosetti tu non hai capito proprio niente! Io ho detto SE, non si sveglia, la partita contro il Chelsea è vecchissima, sappiamo tutti che Cla è fortissimo ma se a inizio campionato gioca come nella seconda parte della scorsa stagione cioè male, Pogba è sempre li pronto a prendergli il posto!",0
2013-08-03T17:09:21Z,Il mio preferito di questa juventus :),0
2013-08-03T16:12:42Z,"Sveglia? Per un paio di partite di Confederations non all'altezza? Hai visto la partita contro il Chelsea? Boh la gente c'ha la memoria corta...

In questo momento la Juventus c'ha tre centrocampisti tra i migliori al mondo (con Vidal che si gioca anche il primo posto) e Pogba qualche giorno puo diventare il quarto.",0
2013-08-03T16:08:21Z,grande paul!,0
2013-08-03T15:58:39Z,fenomeno,0
2013-08-03T13:09:58Z,"Mi sa che se Marchisio non si sveglia, si farà soffiare il posto da Pogba",0
2013-08-03T10:52:14Z,"At 0:04 everyone look at Paul :D
",0
2013-08-03T09:45:57Z,Passate dal mio CAnale se siete interessati a commentary e alle next-gen,0
2013-08-03T09:45:27Z,Forza juve,0
2013-08-03T06:26:07Z,Diventerá il centrocampista più forte del mondo..,0
2013-08-03T05:51:15Z,Grande Paul!,0
2013-08-03T00:16:32Z,dai primi 18 secondi di video si nota subito che è di un altra categoria rispetto ai comuni mortali,0
2013-08-03T00:11:19Z,"certo chiellini lasciamolo in panchina...
",0
2013-08-02T23:53:07Z,"4 3 1 2  
LICHSTEINER, BARZAGLI, BONUCCI, ASAMOAH,
PIRLO, VIDAL, POGBA,
MARCHISIO (VUCINIC)
TEVEZ, LLORENTE 
 BELLA FORMAZIONE SAREBBE.",0
2013-08-02T23:45:29Z,PROVIAMO A VENDERLO,0
2013-08-02T22:53:42Z,Darei un rene per lavorare a Google,0
2013-08-02T22:17:46Z,"""Ho visto video di Messi e di Neymar, ho fatto un mix e ho fatto pogba!"" Hahahaha grande Paul!",0
2013-08-02T21:57:29Z,teniamocelo stretto ragazzi!poi tra una decina d'anni ce lo rivediamo al real a 130 milioni come con zidane!,0
2013-08-02T21:57:00Z,quest'anno marchisio si fa tanta tanta panca!!!,0
2013-08-02T21:03:15Z,Alla fine si è arrabbiato Hahahah,0
2013-08-02T20:46:11Z,"He said he wants more goals basically
Good luck this year Paul forza pogba :)",0
2013-08-02T20:13:31Z,fanculizziamo marchisio,0
2013-08-02T19:51:15Z,parla italiano meglio di cassano,0
2013-08-02T19:46:19Z,Paul deve assolutamente giocare .... ,0
2013-08-02T19:10:56Z,quanta figa in quelle lande,0
2013-08-02T18:53:24Z,"Ma conte per fare giocare Pogba, non può inventarsi un 4-3-1-2 con Buffon in porta, Lich, Barzagli, Bonucci (Ogbonna), Chiellini in difesa, Vidal, Pirlo, Pogba a centrocampo con Marchisio davanti trequartista, Tevez e Llorente in attacco? Sto modulo da usare in campionato e Non in CL!",0
2013-08-02T18:14:56Z,Quest'anno Pogba sarà una bomba. Ancor più dell'anno scorso! Me lo sento!,0
2013-08-02T18:10:52Z,"in 2014 will be the best midfielder in the world!!!

c'mon paul!!",0
2013-08-02T18:05:44Z,Beast,0
2013-08-02T17:42:23Z,Troppo forte Paul !!!!!!,0
2013-08-02T17:42:18Z,"paul <3 
",0
2013-08-02T17:37:01Z,"hahahaah ha guardato messi+neymar=POGBA hahahah
",0
2013-08-02T17:36:57Z,"marchisio a 27-30 (peccato per il principino ma paul ormai gli è superiore e non può stare in panca) quaglia a 8-10 matri a 12-14 e se si riuscisse a fare 4-5 milioni per de ceglie motta e ziegler sarebbe perfetto. via in prestito marrone + rossi e prendere ljajic kolarov e kondogbia, farei uno sforzo per verratti ( pirlo ha ancora un anno ad alto livello ) che fra un anno varrà 10 milioni in più!",0
2013-08-02T17:29:11Z,i porno vi hanno rovinato,0
2013-08-02T17:28:48Z,"Cioè ragazzi la Juve ha comprato Tevez e preso Llorente per risolvere il problema del gol. Se analizziamo bene sta cosa anche Pogba con una giocata te la può risolvere la partita, non dico che Tevez e Llorente siano inutili cmq!",0
2013-08-02T17:23:06Z,Fortissimo!,0
2013-08-02T17:19:12Z,"1:11 se lo fa in 3,2,1..",0
2013-08-02T17:11:36Z,Polpo Pogba pallone d'oro,0
2013-08-02T17:10:31Z,Altro che gente strapagata come bale... Lui è un vero top player,0
2013-08-02T17:07:20Z,Polpo like a boss,0
2013-08-02T17:00:42Z,"""Senò muoro"" è un po' alla Joe Bastianich...
PAUL POGBA JUVENTUS LEGEND!",0
2013-08-02T16:59:12Z,"Pogba deve giocare titolare l'anno prossimo!!
ergo Pirlo o Marchisio deve fargli posto... (soprattutto Pirlo che non può NON può giocare 3 competizioni... ma neppure 2)",0
2013-08-02T16:46:52Z,Ste musichette che mettono gasano un sacco!,0
2013-08-02T16:46:39Z,"بعد عمري والله 
Forza Paul",0
2013-08-02T16:34:42Z,Paul Pogbaaaaaaa <3,0
2013-08-02T16:33:10Z,Ma fate un video dedicato completamente alle giocate di Pogba in allenamento,0
2013-08-02T16:23:09Z,hahaha grande paul :),0
2013-08-02T16:19:59Z,Il migliore!!,0
2014-07-07T09:31:13Z,lasst den doch anziehen was er will ?! ,0
2014-07-07T07:01:26Z,haters gonna hate,0
2014-07-06T22:04:58Z,ach du scheisse... na glück für ihn dass er kicken kann...,0
2013-11-14T19:18:51Z,Represente la france!!!!Karris,0
2013-11-13T05:45:50Z,Magnifique,0
2013-11-11T14:51:54Z,beaux but,0
2014-04-16T18:56:10Z,LIKE,0
2014-02-25T21:26:25Z, ,1
2014-07-15T20:27:05Z,Welcome to hannover 96:)),0
2014-07-14T21:37:17Z,Hannover 96 ?,2
2014-07-07T10:19:17Z,хвала вам мој српски брат за овај велики видео! Поздрав из ваше комшије православни Румунији! жао због грешке! :),1
2014-07-18T23:49:15Z,No need to be a professional football player to make goals from behind the goal.. I do the same thing on my channel... right foot and left foot..,0
2014-07-04T08:31:25Z,How is it going to help them in the quarter finals,1
2014-07-04T08:31:23Z,How is it going to help them in the quarter finals,2
2014-07-04T04:21:18Z,االي جاي من. حساب. كاس العالم الي في تويتر للايكك ,0
2014-07-03T21:54:13Z,,0
2014-07-03T21:53:57Z,United let pogba for free haaaaaaaaaaaa now he worth over 50mill lol!!,0
2014-07-03T21:53:55Z,United let pogba for free haaaaaaaaaaaa now he worth over 50mill lol!!,0
2014-07-03T19:50:33Z,"Listo, son campeones del mundo ya",0
2014-07-03T19:39:20Z,"Celui de LANDREAU a la 48"" c'est le must .....",0
2014-07-03T16:48:16Z,Giroud still can't score...,0
2014-07-03T16:30:14Z,Giroud il est mauvais sérieux lol,0
2014-07-03T01:29:43Z,Ronaldinho son's! ,0
2014-07-03T01:29:42Z,Ronaldinho son's! ,1
2014-07-02T22:40:39Z,The song is by the King of brazilian music... O REY JORGE BEN!,0
2014-07-02T22:09:57Z,Pogba,0
2014-07-02T21:17:52Z,"Pogba, Cabaye et Giroud s'amusent comme ils peuvent à l'entrainement  de l'Equipe de France !  #CM2014  ",12
2014-07-02T20:32:10Z,They should keep practicing that shoot and use it against Germany. Bahahahahahahshsh,0
2014-07-02T20:29:20Z,I hope for win against Germany ,1
2014-07-02T14:44:31Z,giroud technique 36,0
2014-07-02T14:25:46Z,Whats the song called? Quel est le nom de chanson?,0
2014-07-02T14:20:57Z,very useful,8
2014-02-26T22:15:15Z,Aha Doughty what a legend! Is that a door? ,0
2014-06-12T07:16:40Z,"Équipe de France - Paul Pogba
#tousfansdesbleus #tousenbleu #tousensemble 
#tousunis #bleus #pogba",6
2014-06-12T08:44:08Z," « MARACANA EN BLEU », la chanson des supporters des bleus pour BRASIL2014
Maracana en bleu - Brasil2014 (Zokcel Family)
téléchargement GRATUIT sur www.maracanaenbleu.fr

Écoutez cette histoire, entendez les rumeurs
Aux 4 coins de l’hexagone on ressent la ferveur
On veut gagner ! On va gagner !
Salut Rio de Janeiro, Ola Copacabana
On va se battre comme des fous pour lever la Copa
On veut gagner ! On va gagner !

On a préparé nos bagages, avec la tête dans les nuages,
Maracana ! Oui on en rêve en bleu !
On a les yeux remplis d’images, merci Dédé pour ce voyage
Allez les bleus, Allez, Allez les bleus !",0
2013-09-11T01:04:50Z,Lourrrrrd pogba!! Change rien t es au top,0
2013-09-07T19:53:18Z,FORZA JUVENTUS!,0
2013-09-07T12:06:31Z,Grenier étais blessé dommage pour lui et pour équipe de France il vois bien le jeux en plus il tir des bon coup franc pas a chaque fois mes il est dangereux dans ce secteur la.,0
2013-09-07T12:05:18Z,oui je suis d'accord avec vous vive Grenier aussi est Payier,0
2013-09-04T00:06:16Z,Il doit devenir un pilier de cette EDF,0
2013-09-03T19:53:20Z,Tout à fait d'accord!,0
2013-09-03T17:42:57Z,Kondogbia=passoire,0
2013-09-03T12:47:51Z,Un des meilleurs espoirs français avec Varane ,0
2013-09-03T11:27:22Z,Matuidi - Kondogbia - Pogba <3,0
2013-09-03T10:37:51Z,Grande Polpo Paul,0
2013-09-03T10:10:42Z,Pogba + Kondogbia = milieu impassable,0
2013-09-03T08:40:46Z,Pogba a lair deja pote avec Benzema !,0
2013-09-03T07:32:39Z,J'en suis sur Paul met la bonne ambiance dans le groupe :),0
2013-11-12T08:42:41Z,,1
2013-11-11T18:09:22Z,,1
2013-12-06T12:16:51Z,Excellent comme d'habitude.,0
2014-02-14T19:33:53Z,Super,0
