published-time,comment,likes
2013-09-17T15:39:06Z,Oui c sur il va faire du bien à l'équipe au cours de l'année ,0
2013-09-16T19:20:05Z,Mérité.,0
2013-11-11T01:45:31Z,An injured Zlatan? There goes soccer,1
2013-11-11T00:31:53Z,Ibrahimovic pallone d'oro!,2
2014-04-19T13:42:25Z,Allez nice,0
2014-03-10T01:47:03Z,Horrible position of mandanda on the freekick,1
2014-04-23T11:50:39Z,Is falcao injured?,0
2014-04-21T15:31:06Z,"3/4 all comments are for russian or belorussian! It is possible to delight in reading nothing, translation of shit gives even.",0
2014-04-21T11:50:40Z,Why are there all these Russian commentors?,1
2014-04-21T08:23:51Z,"Какого хера видео с 39-й секунды началось, я ж его раньше не видел?
Ах, да - модеры чемпа - сексуальные меньшинства и дегустаторы фаллосов))",2
2014-04-21T08:20:22Z,"Как называется трек который в начале играет?)
",0
2014-04-21T08:13:30Z,Случайный гол,0
2014-04-21T06:04:07Z,I wonder if Monaco's stadium is finally gonna be full when they are in the champions league!  ,5
2014-04-21T05:35:11Z,это был неудавшийся навес))),0
2014-04-21T05:33:34Z,модеры Чемпа сосут хуи,2
2014-04-21T03:39:37Z,"пфф, дзюба и не такие банки клал",5
2014-04-21T02:37:53Z,всем с чемп.ком привет,20
2014-04-20T22:07:17Z,Berbatov! classiest player ever,2
2014-05-18T07:10:11Z,Gomis had so many chances .....,1
2013-11-06T15:19:28Z,Beau match! Amazing,1
2013-08-22T08:20:40Z,ohhhh ok. thks,0
2013-08-19T12:08:06Z,Behind closed doors. fan trouble.,0
2013-08-19T07:53:52Z,there are literally no fans in that stadium.  WHy?,0
2014-06-17T17:01:52Z,Lmkkokn,0
2014-05-23T09:57:25Z,avoir des supporter comme sa avec une équipe 17 eme ya que nice et lens pour sa! nissa e basta!,0
2014-05-22T16:35:54Z,"malgré la mauvaise saison 
lyonnais dans la victoire et la défaite j'assume
lyon1950",0
2014-05-20T13:58:38Z,+saros s J'crois pas nn tu ve que je te rappelle les année 90 allez bise,0
2014-05-20T06:11:48Z,L'année dernière on était 4ème je comprend plus 17 ème mtn faut Nice remonte on ferra mieux l'année prochaine et bien joué à notre goal remplacent Mouez Hassen agé de 19 ans qui c'est donné à fond bref les supporters lyonnais commençaient pas à insulté Nice si l'année prochaine on vous bat ;) je comprends pourquoi aucun arbitre français à la coupe du monde ps : 10 ans je suis supporters de Nice et je dis ISSA NISSA <3 <3!!!!,1
2014-05-20T01:37:16Z,C'est un lyon blessé pour cette fin de saison que l'on voit...par humanité achevons la saison prochaine ce pauvre animal par un coup de griffe magistral...d'une panthere verte!!!!!!!...:),0
2014-05-19T20:20:37Z,Marseille pas europeen mdddr dan s vos cul lyon sont 5 eme  allez l ol,0
2014-05-19T07:22:54Z,MDR les rageux vos gueules les niçois et les autres on est 5eme et c'est mériter no rage ,0
2014-05-19T03:30:30Z,Good match Lyon!!! Happy to see Clement back,0
2014-05-18T23:23:54Z,Congratulations to Lyon for the 6 place!!!!!!!,0
2014-05-18T20:09:46Z,"Aucun mot sur les supporters Lyonnais qui se sont déplacés en masse à Nice pour soutenir l'OL, lamentable Messieurs de l'équipe!",0
2014-05-18T19:06:35Z,ol la la en france les arbitre sont de +en + l'ammebtable,0
2014-05-18T16:45:01Z,"un grand merci Rémi, bon boulot en tout cas...",2
2014-05-18T13:08:20Z,"En route pour les barrage avec cette victoire a Nice.
Merci Rémi Garde",2
2014-05-18T13:00:13Z,"""si l'OL termine cinquième, c'est l'exploit de la saison, si l'OM termine cinquième, c'est l'échec du siècle""
Il a tout dit",6
2014-05-18T10:59:24Z,Si on regarde bien un lyonnais mes une main dans la surface,1
2014-05-18T10:51:04Z,"je suis hyper content que Lyon ait gagné hier , par contre l'arbitrage français nous montré hier à quel point il était pitoyable renvoyé remi garde juste pour une réclamation alors que c'était son dernier match avec les gones franchement c'est nul.",3
2014-05-18T09:56:25Z,c'est lyon qui à gagner pas nice...,4
2014-05-18T09:41:54Z,Que c'est bon!!,1
2014-05-18T09:05:35Z,Fière d'être lyonnais,6
2014-05-18T09:00:48Z,"ALLEZ LYON !!!!!
",5
2014-05-18T08:28:54Z,Y nous font chier ses lyonnais !!,7
2014-05-18T07:16:25Z,"Jusqu'au bout les arbitres se seront acharnés sur Lyon. Merci Rémi, tu nous manqueras.",32
2014-05-18T06:52:24Z,aller Lyon !!,9
2014-05-18T04:00:27Z,Bien joué Lyon,15
2013-10-08T17:54:55Z,جميل,0
2014-01-21T07:55:06Z,"pobre diablo ya que se regrese al america y que deje de poner en ridiculo a mexico, en los 2 goles pudo hacer mucho mas y se dejo meter los 2. en su estadia en francia le han metido 150 goles!!! eso si que es record. en europa se ve quien es bueno y quien es solamente un producto de televisa y su publicidad.",0
2014-01-20T22:13:49Z,Finally Dario gets a goal lol been a while since I've seen him score.,0
2014-01-20T03:15:04Z,ochoa espero salgas ya de ese equipo miserable ya diste lo que tenias que dar ,0
2014-01-20T01:38:37Z,esta pal perro este equipo de mierda al chile.,0
2014-04-13T17:02:53Z,"david ospina goalkeeper vs PSG , arriba colombia vamo al mundial con el mejor guarda metas!!",0
2014-03-31T19:31:20Z,psg,0
2014-03-31T14:47:47Z,cavani pousse clairement son adversaire avant de marquer. ce but aurait dû être refusé...,0
2013-12-16T13:18:33Z,please fire this commentator,1
2013-12-01T15:25:04Z,¡Grande Ospina! ¡Grande!,1
2013-10-30T21:54:55Z,No luck...its that OGC Nice has David Ospina. A BEAST,0
2013-10-30T21:54:10Z,"Keep hating him
",0
2013-10-21T12:13:31Z,Marseille hasn't luck...,0
2013-10-21T04:42:15Z,haha,0
2013-10-20T22:23:02Z,Fuck you Ospina.,0
2014-05-01T21:33:49Z,ISSA NISSA ,0
2014-04-28T11:01:56Z,"Très beau match de. Nice, Reims totalement absent... Nice a eu la possession et aurait pût mettre 1 ou 2 buts de plus.",0
2014-04-28T09:59:38Z,Nice gagne !!!issa nissa!!!,1
2014-04-27T22:06:01Z,"Comme d'hab, contre le cours du jeu

Dommage pour Weber qui va nous manquer pendant ces six mois, mais c'est le football et ça fait de lui un très malchanceux avec 3 buts csc !",2
2013-09-02T09:59:47Z,JONATHAN Eysseric ??? MDRR,0
2014-01-15T22:53:49Z,Ospina <3,0
2013-12-06T02:10:41Z,James Rodriguez is amazing. How consistent he is...,0
2013-12-06T00:06:48Z,Poor defender :/,0
2013-12-05T23:25:23Z,james stepping out,0
2013-09-17T15:55:15Z,Tes con Nicolas x),0
2014-04-14T02:17:18Z,What's happening with Ospina I remember when he was a beast in Atletico Nacional,0
2013-09-23T17:56:19Z,Allianz Riviera. Nice stadium. ,0
2014-07-12T23:56:20Z,Par contre le commentateur il a juste un probleme de micro jaideja vu pire,1
2014-03-14T14:12:25Z,"et les ""supportere marseiller"" qui se casse avant la fin du match... un honte! issa nissa!",2
2014-03-13T09:28:56Z,"Je suis pas d'accord, ce commentateur est plutôt marrant à écouter et moins emmerdant que l'autre commentateur qui est moins passionné.",1
2014-03-12T12:11:10Z,issa nissa,1
2014-03-10T23:46:01Z,Bravo Nice =),2
2014-03-10T15:11:48Z,"La nullité du commentateur expliqué en 2 étapes:

1\ Il commente le match comme si c'était en direct

2\ Il crit trop sur chaque action",6
2014-03-10T13:10:59Z,Mandanda il a déconné. C'est quoi ce placement ? :),0
2014-03-10T04:39:55Z,"lamentable,perdre à domicile contre Nice malgrés tous le respect que j'ai pour nos amis nicois...",2
2014-03-10T01:03:28Z,allez Lyon from Honduras!  yeaaaahh,0
2014-03-10T01:03:23Z,Mandanda il a voulu faire comme Landreau sur le péno contre ronaldinho mdrrrrrrrrrrrrrrrrrrrrrrrrrrrrr,0
2014-03-09T23:55:17Z,Celui qui commente habituellement et vraiment mieux,8
2014-03-09T23:05:39Z,Cool,0
2014-03-09T23:03:50Z,issa nissa <3 ,0
2014-01-22T17:44:37Z,ajaccio ont encore coulé............................,1
2014-01-21T01:26:17Z,ospina >>>>> ochoa,0
2014-01-20T17:05:52Z,"""10 points sur 10"" sur 12 hein !",0
2014-01-19T23:33:56Z,Le commentateur aime beaucoup la géographie on dirait ^^,0
2014-01-19T23:17:56Z,SUPER DARIO,0
2014-01-19T23:09:03Z,ISSA NISSA,0
2014-02-04T17:45:28Z,ah c'est bon ca pour le GYM!!,0
2014-02-03T20:27:25Z,On comprend pourquoi aucun arbitre français ne sera à la coupe du monde... Pas foutu de voir des hors-jeu de 3 mètres !!! Vive les myope !!!!!,1
2014-02-03T04:17:13Z,"résumé moisi, pas de trace des 2 pénos non sifflés pour Nice",2
2014-02-02T23:41:40Z,ISSA NISSA !,1
2014-02-02T23:11:26Z,Ici c'est.......... YouTube :D,1
2013-12-09T12:29:25Z,Ibra!!!!,0
2014-02-25T18:22:46Z,J y etait,0
2013-11-24T09:58:31Z,vivement lille-paris le losc est sans doute le meilleur rival du psg maintenant ( de la part d'un supporter nantais ),0
2013-11-14T18:39:34Z,zlatan est aussi con qu'il en a l'air :D,0
2013-11-12T18:20:45Z,Flawless victory,0
2013-11-12T10:01:28Z,"Paris est magique
",3
2013-11-12T07:11:01Z,Oui mais d'autre club leur proposait bcp d argent et ils ont choisi le psg ... C est pas pr rien,1
2013-11-11T20:18:12Z,ibra,0
2013-11-11T20:04:07Z,"https://www.facebook.com/pages/Paul-le-Poulpe-Pronos/
La meilleure page de Pronos sur le foot!!",0
2013-11-11T09:42:18Z,"Le résumé qui commence à la 39eme min, qui montre juste les buts... Je sais pas où vous avez appris a faire un résumé mais celui là est bien pourri...",1
2013-11-11T08:50:11Z,Cool on prend enormément d avance surtout en diférence de buts.           Bientot champion 2013-2014 j'aime bien les petits clubs qui s imaginent battre le psg. Hey vs parlez à la capitale ... Ne vs imaginez rien                 PSG>>Ligue1,1
2013-11-11T01:55:19Z,Putain ce gros Zlatan,0
2013-11-11T01:48:31Z,Ballondor ti zlatan,0
2013-11-11T01:15:33Z,Lol Nice a perdu a domicile contre Bordeaux donc a partir de ce moment là même Brest pourrait les battre ^^,1
2013-11-10T23:35:25Z,"""[le PSG] marque d'entrée de jeu"". Heu...à moins que la première mi-temps commence à la 39ème, c'est pas vraiment d'entrée de jeu. Et Nice a eu une énorme occasion à la 3ème, juste au passage. M'enfin, je chipote...",5
2013-11-10T23:14:03Z,Zlatan the one and only!!!!,1
2013-11-10T23:06:10Z,"Le premier qui dit ""first"" j'le tue.",0
2013-11-10T23:05:59Z,Zlatan a raté un péno en LDC contre Olympiakos... ça m'étonnerait qu'il en ait tiré 18 depuis le mois de septembre !!! ;-),9
2014-05-17T14:22:21Z,Aller aller OGC NICE qui ne saute pas n'est pas niçois hé om aussi très bonne équipe,0
2013-10-31T17:32:46Z,Ospina est en forme !!! :O,1
2013-10-26T16:39:28Z,je pense que la saison en ligue1 ne va pas etre tres bonne pour l'om mais il faut quand meme que l'om continue a se battre.,0
2013-10-26T11:15:52Z,Si tous les supporters marseillais étaient comme toi...,0
2013-10-26T09:35:16Z,hah espece de rageux toi et ton équipe a chier^^ les aiglons ont bouffer du rats et on en bouffera encore!,0
2013-10-25T22:54:40Z,Ldc*,0
2013-10-25T22:54:04Z,L om n'a pas le niveau de la LCD mais pour le podium oui et ospina magnifique match allez l om,0
2013-10-25T12:50:14Z,Ferme la ospina est juste un monstre,0
2013-10-25T10:39:30Z,Ospina gardien en or !! Marseille en ligue 2 !!,1
2013-10-24T19:33:04Z,Ospina a que de la chance quand sa ne veut pas rentré sa ne rentre pas allez l om,0
2013-10-23T15:56:49Z,Ospina Roi de Nice,0
2013-10-23T12:52:46Z,Pour le psg mais le pb n'est pas la... l'OM n'a tout simplement pas le niveau podium de l1 et encore moins celui de LDC et sur ca je pense que tous les connaisseurs de football ne me contrediront pas.,0
2013-10-22T18:28:03Z,Marseille on t'encule !!,0
2013-10-22T16:52:49Z,Marseille est nul,0
2013-10-22T09:47:03Z,i aurait rien fais san ospina mdr chui dacc avec toi,0
2013-10-22T09:44:40Z,chui pa daccord car Marseille a u une semaine difficile tu peut regardé i joue contre lorient dormunt et nice cassiment en meme temps a kelk jours decart et maintenant le 22on stap naples!!voila stu pourra mdir t pour ki(et tkt rien dmechant a ske jtecris)=),0
2013-10-22T09:40:31Z,je suis 100pour100 marseillé mest ospina reste incroyable,0
2013-10-22T09:23:36Z,j'étais pour l'om mais je dis respect a nice pour cette victoire avec un ospina des grands soirs,0
2013-10-22T09:08:53Z,combien va s'en prendre l'om contre naples voila la vraie question lol ? A prt contre lorient valenciennes etc l'om ne sait pas gagner,0
2013-10-21T23:31:43Z,Bah on aurait perdu. Mais le foot ça se four avec un gardien non?,0
2013-10-21T21:54:23Z,Nice à gagner et Marseille troisième défaite d affilés,0
2013-10-21T19:14:06Z,"le gardien sauve toute l'équipe, les stats de Marseille sont toutes au dessus de celle de Nice, big up Ospina",0
2013-10-21T18:00:59Z,ospina!!!!!! supeeeer!!!!!,0
2013-10-21T17:56:22Z,"Dit-il, alors que son équipe de merde ne gagne que par différence d'un but depuis des mois.
En fin de saison, on sera devant vous. Peace.",0
2013-10-21T17:21:16Z,oh pire c'est pas grave vous avez pris 1-0 rage pas :) ,1
2013-10-21T15:10:23Z,thauvin ,0
2013-10-21T10:34:45Z,"cvitanich>gignac
ca oui
ospina > Mandanda
ca non",0
2013-10-21T08:32:29Z,Et la frappe de Pied sur la barre ? ,0
2013-10-21T08:23:24Z,"Je m'incline devant Ospina , je souhaite au niçois qu'il continu comme sa , mais pas contre l'om=D",0
2013-10-21T08:23:18Z,et la reprise je pied qui tape la barre??,0
2013-10-21T07:43:48Z,"Moi qui est suppirter de l'om, je trouve que le nul était merité mais Ospina en a decidé autrement donc chapeau bas",0
2013-10-21T07:36:46Z,MANDANDA T'ES UNE CHEVRE!,0
2013-10-21T06:18:00Z,Le dernier arrêt d'ospina.... magnifique!!! (et les autres aussi),0
2013-10-21T05:19:55Z,Ospina sort le match de sa vie au quoi,0
2013-10-21T00:16:29Z,le pire c'est que ospina revenait tout juste de colombie et qu'il etais incertain pour ce match ... GRANDE OSPINA !!! ISSA NISSA !!,0
2013-10-21T00:10:54Z,Le dernier arrêt d'Ospina est vraiment beau :),0
2013-10-20T23:55:48Z,14 corners mdr,0
2013-10-20T23:43:47Z,Franchement etant supporter de Marseille Nice a vraiment un bon goal (Ospina) qui mérite mon plus Grand Respect,1
2013-10-20T23:27:42Z,Viva..Viva...Nissa la Bellaaaaaaaaaaaaaaaa ! Yess!,0
2013-10-20T22:57:45Z,La rage,0
2013-10-20T22:40:58Z,respect ospina !,1
2013-10-12T04:55:26Z,Para todos los pendejos que piensan que corona es mejor como es que hasta toda el equipo de mexico le tiene toda la confiansa a memo se mira en cada juego y cada ves que juega con la selecion es rara la vez que pierda mexico cuando jugo ochoa contra brasil en la copa america mexico gano 2-0 gracias a memo que tambien le atrapo el balon a uno de los mejores talentos como robino. Y es mas ochoa se lansa con su vida no hay portero en Mexico con su tal de reflejos el a hecho las mejores paradas!,0
2013-10-02T09:42:41Z,chicago!!! lol nice!!!,0
2013-09-10T19:08:08Z,"@misael ,estas jodido pensando que liga mx es mejor que la ligue 1",0
2013-09-09T17:46:38Z,Misael y para taparte la poca quien fue el portero de la seleccion de Spana el viernes pasado el 6 de septiembre? ahh si... Iker!,0
2013-09-02T20:37:30Z,Que wey eres !aver iker lo ha ganado todo y es banca en madrid y adivina oor quien pues por lopez que no ha ganando nada y no me digas que carlos no sabe de fut.. diego es mejor que iker y corona mejor que ochoa y ala banca Punto se acabo,0
2013-09-02T14:55:36Z,"En Mexico Ochoa no es nadien!? aver... Campeon con el America 2005, Campeon de Copa de Oro 2009 y 2011, nombrado mejor portero del Continente Americano 2007, Ganador del Balon de Oro en Mexico 2006 y 2007. Unico jugador Mexicano que fue nominado para el Balon de Oro del mundo! 2007. Campeon de Campeones 2005, Campeon de CONCACAF Champions Cup 2006, Campeon de Interliga 2008, nombrado por el IFFHS mejor portero Mexicano 2000–2010. Todo cuando estaba en Mexico. Si en Mexico no es nadien verdad?",0
2013-09-02T05:12:17Z,Estas jodido pensando en la historia..memoochoa18,0
2013-09-01T05:20:40Z,"@ misael Garcia , no saves de futbol...cuantos mundiales a ganado Mexico ?...5 como brazil verda oh 1 como francia ?....liga mx no es mejor",0
2013-08-31T20:47:15Z,Tu prepa no sirve .estos por los que jugamos futbol profecional,0
2013-08-31T16:41:34Z,No saben nada de futbol ustedes.deben de ver a madrid barça bayer ManU cruz azul america eso equipos si son grandes no como lyon o psg que ni si quiera saben patear la pelota al arco,0
2013-08-31T02:37:26Z,"yo tambien vomite y sali con diarea en mi equipo de la prepa, entoces tambien es de calidad tecnica? jajaja ",0
2013-08-31T02:35:26Z,"Campeon Olimpico, net yo tambien lo grite, pero es un torneo amateur......jajaja",0
2013-08-28T23:06:04Z,Pendejo la liga mx es las mas tecnica y la mejor seguido oor brazil. Por es mexico le da en la madre a cualquier equipo de america.solo que a mexico no lo importa los torneros sudamericanos..los xolos como hicieron ver mal a mineiro ..chivas  cruz azul america toluca los recuerdan.,0
2013-08-28T06:59:48Z,ja pero no mas lo dejaron por que se la mamo al chepo de la mierda ,0
2013-08-28T05:24:36Z,Estan idiotas si la liga mx fuera una de las mejores nuestra seleccion fuera una chingoneria la unica razon por la cual la liga mx tiene fama ea por toda la gente que immigro a e.u.a y todo los ratings que le da imaginen cuanto pinches dollares no ganan por vender tiempo commercial,0
2013-08-27T23:11:17Z,Issa Nissa,0
2013-08-27T20:15:08Z,Ochoa #1,0
2013-08-27T01:18:47Z,Pendejo ruben adolfo rios se retiro muy joven y era un porterazo por eso entro ochoa al america.de otra manera ochoa estuviera jugando en el necaxa o san luis en ese entonces que wey eres ruben,0
2013-08-27T01:15:22Z,"Pones a PSG o al Marseille, o al lyon hacen mierda la liga mx y memo ochoa a sido.chingon desde los pinches 18 años el ya era titular En el mejor equipo de mexico y en ese tiempo corona no era nadie no seas ignorante ponte a ver el futbol antes de hablar",0
2013-08-27T01:09:49Z,No mames misael te pasas de idiota...,0
2013-08-26T23:26:19Z,Mire bola de pendejos la liga mx es una de las ligas comas Calidad tecnica que hay en el mundo..yo jugue tres anos en atlas pinches idiotas y no sabes lo que es un entrenamiento sales con diarrea y bomitando por eso digo lo que es,0
2013-08-26T23:22:03Z,Creo que kikin es mejor delantero que cualquiera en francia.oor eso falcao ya no quiere estar en monaco.porque nadie voltea para ese rumbo.ya ni sale en portadas ni nada..la liga mx esta entee las 6 mejores,0
2013-08-26T23:20:04Z,Ustedes no saben nada son bien pendejos nunca an viajado por eso miran asi a francia..europa es asi.... 1 inglaterra 2 alemania 3 italia 4 espana y francia esta a otro nivel Mas bajo por eso lo compare con honduroas..1 brazil 2 argentina 3 mexico 4 usa. No sean pendejos..asi es este pedo,0
2013-08-26T21:58:10Z,Bien ochoa llo odio a corona pero tambien llo creo ke ochoa necesita mas a mexico ke mexico a el,0
2013-08-26T20:13:09Z,Misael como estas idiota que comparas la liga de honduras con la de francia .... esos weyes de honduras ni juegan... si quieres criticar a ochoa dame motivos no Pendejadas!,0
2013-08-26T20:05:31Z,Hay misael como eres pendejo enserio bien pendejo al pensar que la liga mx es tan superior que pendejo eres,0
2013-08-26T19:08:11Z,Esos equipos no son nada ni nadie..no ganan nada porque estan a nivel de la liga de Honduras. La mx mejor.no digas pendejadas ..cualquier equipo de mx le da en la madre a esa liga..Ochoa por eso es idolo pero en mexico no es nadie .por eso no lo queremos en la seleccion,0
2013-08-26T15:49:59Z,"hahaha si claro, dile eso a equipos como el PSG, monaco, lyon, marsella, esos equipos pueden competir con equipos de la talla del real madrid idiota, lyon le empato hace un mes al real madrid, el psg solo perdio por un gol contra el real madrid y el psg tuvo muchas oportunidades peor lavezzi no supo aprovecharlas en cambio cavani si lo hubiera echo, la liga mexicana es una mierda",0
2013-08-26T12:04:16Z,Apollon Limassol !!!!!!!!!!!!!!!  -1-,0
2013-08-26T06:36:53Z,ocho deveria nacionalisarce de otro pais que lo valore y lo comboque ala seleccion!!! ,0
2013-08-26T04:35:52Z,tu grado de pendejes es tanta como la del chepo,0
2013-08-26T02:26:36Z,No mamen que liga tan jodida ..mejor la mx,0
2013-08-26T01:37:45Z,Memo!,0
2013-08-26T01:01:36Z,"a webo memo
",0
2013-08-26T00:29:07Z,Bien memo,0
2013-12-16T06:46:20Z,Issa nissa Abonner vous a ma chaine et je m abonnerer a la votre ,2
2013-12-05T15:44:38Z,aller lorient,0
2013-11-11T15:06:35Z,on a perdu mais quand même une putain d’ambiance! ( bien joué au supporter  bordelais pour leur affiche avec serge le lamas sa nous a faits bien rires:p),2
2013-11-06T23:02:19Z,L'arbitrage aura été aussi honteux.,0
2013-11-06T12:24:56Z,Allez bordeaux,1
2013-11-05T11:58:17Z,a escuse j'ai mal écouté :p,0
2013-11-05T02:46:15Z,"Bah comme je le dit dans mon premier commentaire, à 2:37 le commentateur dit "" Dans la surface de Mickaël Landreau "" ",0
2013-11-04T20:09:55Z,Bordeaux *-*,0
2013-11-04T19:45:20Z,"Les girondins sont de retour !!! :D
Allez Boredaux <3",0
2013-11-04T16:34:01Z,Bordeaux !,0
2013-11-04T16:33:06Z,C'est moppay,1
2013-11-04T16:32:54Z,Je connais un pote son cousin joue a nice !!!!!,0
2013-11-04T16:29:14Z,Il est pété ce commentateur il fait trop de faute!,0
2013-11-04T12:12:51Z,Beaux buts pour Bordeaux !,0
2013-11-04T11:32:50Z,mickaël landreau ? T'es allé chercher ça où ?,0
2013-11-04T10:58:49Z,2:37 Dans la surface de Mickaël Landreau... Sinon bien joué Bordeaux. Mais Nice n'a pas démérité.,0
2013-11-04T09:41:47Z,C'a doit pas etre facile tous le jours d'etre realisateur pour la ligue 1 donc ils s'accrochent a des petites choses pour ne pas mettre fin a leurs jours..,0
2013-11-04T08:34:08Z,pour montrer le vent !,0
2013-11-04T08:20:57Z,"Il l'empêche nettement de sauter et de jouer le ballon la, c'est pas une simple poussette dans la surface en attendant un corner...",0
2013-11-04T06:51:34Z,"Faute, faute, c'est un léger coup d'épaule alors que la grosse poussette juste avant, l'arbitre siffle rien. Hallucinant. ",0
2013-11-04T06:50:14Z,"C'est ça, sûrement la barbe qui fait ça, et aussi sa grande taille, c'est normal pour un gardien.",0
2013-11-04T06:05:51Z,2 buts somptueux !,1
2013-11-04T04:48:41Z,c'est bon ça,0
2013-11-04T00:55:22Z,Ok le gardien a même pas 17 ans mais il en fait 25,0
2013-11-03T23:21:40Z,Et sinon c'est quoi cette image subliminale de palmiers à 1:38 ? Ahahahaha,1
2013-11-03T23:00:40Z,Bordeaux ♥,0
2014-03-28T14:06:51Z,merci a l'arbitre pour cette sois disans faute qui provoque un péno... et on s'étonne que ya pas d'arbitre francais a la coupe du monde pff,1
2014-03-24T18:10:38Z,"Encore de belles choses proposées par nos girondins ce soir, dommage pour les 3 points :/",1
2014-03-23T23:26:43Z,Nul on voit pas le moment oú Poko veut dégager la balle mais quelqu'un la contre et sa lui revient en pleine face ,1
2014-03-23T23:11:59Z,"Le cf de mariano, la tête d'henrique ?",1
2014-03-21T16:24:50Z,de vrais boucher c bastiais...,0
2014-03-19T01:07:18Z,"St Étienne  n'est plus la bête noire de Paris
",0
2014-03-18T22:15:21Z,"J'étais au stade ! Il y avait une bonne embiance et on à perdu 15min. de jeu, c'était du catch en première mi-temps... Et puis c'est facile de mettre un carton rouge à Bastia quand il on pas leurs supporters...",1
2014-03-17T08:02:29Z,First,0
2014-03-16T23:07:15Z,First,0
2013-09-07T03:41:38Z,Et de la à dire que tu veux le tuer t'es un grand malade mon pauvre gars c'est que des joueurs de foot sérieux ! Putin de rageux c'est incroyable !,0
2013-09-07T03:41:10Z,Ferme ta gueule Lucas Bertini Bautheac est un futur très grands joueur !,0
2013-08-25T08:27:19Z,"Ouai j'avoue !
",0
2013-08-21T00:12:12Z,ahahahhahahahaaha,0
2013-08-20T19:04:40Z,1:38,0
2013-08-20T11:05:21Z,Mettez delle au cage il est trop nul ospina sinon nice ils sont trop fort,0
2013-08-19T18:55:20Z,ospina est collombien --',0
2013-08-19T13:15:29Z,"pouce vert pour que ospina ne joue plus cette saison 
resultat
5 tir
5 but 
--' gardien de merde",0
2013-08-19T11:24:21Z,Pourquoi c'est un match a 8 clos ?,0
2013-08-19T08:38:34Z,c'est la reprise hein ... faut laisser quelques journées avant d'être au top,0
2013-08-19T06:53:46Z,allez NICE,0
2013-08-19T05:11:09Z,Issa Nissa.,0
2013-08-19T02:44:13Z,"Pour un match à 8 clos, oui...",0
2013-08-18T23:31:43Z,"putin mais c'est quoi ces défenseurs , abusé C'EST LA LIGUE 1 LES MEC !!! ",0
2013-08-18T23:17:08Z,"0 personne dans le stage , normal x)",0
