publish_date,title,view_count
2013-09-16T19:03:35Z,Aiglon d&#39;août 2013 : Nampalys Mendy,4771
2013-10-31T19:12:04Z,Six recrues... chez les anciens !,1291
2014-01-06T09:54:53Z,Nampalys MENDY sur Foot-Express.com,266
2014-05-06T15:22:01Z,Papy Mendy répond aux questions des supporters,5546
2013-11-10T23:00:01Z,Paris Saint-Germain - OGC Nice (3-1) - Highlights (PSG - OGCN) - 2013/2014,18254
2014-04-27T22:00:02Z,OGC Nice - Stade de Reims (1-0) - 26/04/14 - (OGCN-SdR) -Highlights,765
2014-04-18T17:28:57Z,Monaco - Nice : preview,1616
2014-03-09T23:00:02Z,Olympique de Marseille - OGC Nice (0-1) - 07/03/14 - (OM-OGCN) - Highlights,2219
2014-02-02T23:00:01Z,OGC Nice - LOSC Lille (1-0) - 02/02/14 - (OGCN-LOSC) -Highlights,1486
2014-04-20T22:00:02Z,AS Monaco FC - OGC Nice (1-0) - 20/04/14 - (ASM-OGCN) - Highlights,22478
2014-05-18T05:20:11Z,OGC Nice - Olympique Lyonnais (0-1) - Highlights - 17/05/14 - (OGCN-OL),2716
2013-11-03T23:00:01Z,OGC Nice - Girondins de Bordeaux (1-2) - Highlights (OGCN - FCGB) - 2013/2014,3903
2014-02-16T23:00:02Z,OGC Nice - FC Nantes (0-0) - 15/02/14 - (OGCN-FCN) - Highlights,1074
2013-08-18T22:00:19Z,OGC Nice - Stade Rennais FC (2-1) - Highlights (OGCN - SRFC) - 2013/2014,2361
2014-05-18T02:52:11Z,OGC Nice - Olympique Lyonnais (0-1) - Résumé - 17/05/14 - (OGCN-OL),38298
2014-03-16T23:00:01Z,OGC Nice - SC Bastia (2-0) - 15/03/14 - (OGCN-SCB) - Highlights,1361
2013-10-06T22:07:57Z,Toulouse FC - OGC Nice (1-0) - Highlights (TFC - OGCN) - 2013/2014,1263
2014-01-19T23:00:02Z,OGC Nice - AC Ajaccio (2-0) - 18/01/14 - (OGCN-ACA) -Highlights,1725
2014-03-25T17:26:29Z,Bordeaux 1-1 Nice : le Débrief avec Mendy,1322
2013-09-29T22:00:02Z,OGC Nice - EA Guingamp (1-0) - Highlights (OGCN - EAG) - 2013/2014,1504
2014-03-30T22:00:01Z,OGC Nice - Paris Saint-Germain (0-1) - 28/03/14 - (OGCN-PSG) - Highlights,15399
2013-12-15T23:00:01Z,OGC Nice - FC Sochaux-Montbéliard (1-0) - 14/12/13 -  (OGCN - FCSM) - Highlights,1674
2014-03-02T23:00:02Z,OGC Nice - Toulouse FC (0-2) - 01/03/14 - (OGCN-TFC) - Highlights,2029
2014-02-23T23:00:00Z,EA Guingamp - OGC Nice (1-0) - 22/02/14 - (EAG-OGCN) - Highlights,1232
2013-10-20T22:00:01Z,OGC Nice - Olympique de Marseille (1-0) - Highlights (OGCN - OM) - 2013/2014,4211
2014-07-30T07:46:59Z,Highlights on Bernard Mendy (2014),1781
2014-04-27T22:00:02Z,OGC Nice - Stade de Reims (1-0) - 26/04/14 - (OGCN-SdR) - Résumé,10417
2013-09-01T22:45:40Z,OGC Nice - Montpellier Hérault SC (2-2) - Highlights (OGCN - MHSC) - 2013/2014,2625
2014-01-12T23:00:01Z,Stade Rennais FC - OGC Nice (0-0) - 11/01/14 - (SRFC-OGCN) -Highlights,987
2013-12-05T23:00:01Z,OGC Nice - AS Monaco FC (0-3) - 03/12/13 -  (OGCN - ASM) - Highlights,6428
2013-09-15T22:00:09Z,LOSC Lille - OGC Nice (0-2) - Highlights (LOSC - OGCN) - 2013/2014,2267
2014-04-13T22:00:02Z,OGC Nice - FC Lorient (1-2) - 12/04/14 - (OGCN-FCL) - Highlights,2167
2013-09-23T00:59:12Z,OGC Nice - Valenciennes FC (4-0) - Highlights (OGCN - VAFC) - 2013/2014,4297
2014-03-09T23:00:01Z,Olympique de Marseille - OGC Nice (0-1) - 07/03/14 - (OM-OGCN) - Résumé,17603
2014-03-23T23:00:01Z,Girondins de Bordeaux - OGC Nice (1-1) - 22/03/14 - (FCGB-OGCN) - Highlights,1007
2014-01-19T23:00:03Z,OGC Nice - AC Ajaccio (2-0) - 18/01/14 - (OGCN-ACA) -Résumé,13013
2014-02-02T23:00:03Z,OGC Nice - LOSC Lille (1-0) - 02/02/14 - (OGCN-LOSC) -Résumé,13349
2013-12-08T23:00:02Z,Stade de Reims - OGC Nice (1-0) - 07/12/13 -  (SdR - OGCN) - Highlights,1636
2014-05-11T02:27:32Z,Evian TG FC - OGC Nice (2-0) - Highlights - 10/05/14 - (ETG-OGCN),1679
2013-11-10T23:00:01Z,Paris Saint-Germain - OGC Nice (3-1) - Le résumé (PSG - OGCN) - 2013/2014,95154
2013-10-20T22:00:01Z,OGC Nice - Olympique de Marseille (1-0) - Le résumé (OGCN - OM) - 2013/2014,42175
2014-05-04T22:00:03Z,FC Sochaux-Montbéliard - OGC Nice (2-0) - 04/05/14 - (FCSM-OGCN) - Highlights,1549
2013-12-22T23:24:02Z,OGC Nice - Evian TG FC (3-1) - 21/12/13 -  (OGCN - ETG) - Highlights,1939
2013-08-25T23:27:10Z,AC Ajaccio - OGC Nice (0-0) - Highlights (ACA - OGCN) - 2013/2014,17694
2013-12-15T23:00:02Z,OGC Nice - FC Sochaux-Montbéliard (1-0) - 14/12/13 - (OGCN - FCSM) - Résumé,12021
2013-12-01T23:00:01Z,FC Lorient - OGC Nice (3-0) - 30/11/13 -  (FCL - OGCN) - Highlights,1218
2013-11-03T23:00:01Z,OGC Nice - Girondins de Bordeaux (1-2) - Le résumé (OGCN - FCGB) - 2013/2014,22519
2014-03-23T23:00:01Z,Girondins de Bordeaux - OGC Nice (1-1) - 22/03/14 - (FCGB-OGCN) - Résumé,9452
2014-03-16T23:00:02Z,OGC Nice - SC Bastia (2-0) - 15/03/14 - (OGCN-SCB) - Résumé,19918
2013-08-18T22:00:20Z,OGC Nice - Stade Rennais FC (2-1) - Le résumé (OGCN - SRFC) - 2013/2014,19382
