publish_date,title,view_count
2014-07-28T09:24:16Z,"Crotone-Equipe Aic Calabria, le dichiarazioni di Suciu",626
2013-09-10T10:34:03Z,Reggina - Juve Stabia 3 - 1 Highlights Eurobet,1186
2013-11-18T10:31:52Z,"Irpiniaoggi.it - Avellino-Juve Stabia 2-1, intervista a Suciu - 171113",278
2014-07-29T18:29:12Z,SERGIO SUCIU DA MOCCONE E LA GARA REGIONALE DI TIRO AL PIATTELLO,186
2013-11-18T05:25:43Z,Avellino 2-1 Juve Stabia 17/11/2013 2013-14 - 14°,2530
2013-08-13T08:57:04Z,Juve Stabia-Gubbio 3-0 - la partita in 100 secondi,1480
2014-05-08T07:32:08Z,11 m,388
2014-03-15T16:38:33Z,Cittadella-Carpi 1-0 gol Surraco 29 giornata 15/03/2014,372
2014-04-02T16:48:15Z,La favola di Filippo Lora,669
2014-02-10T22:49:53Z,R&amp;N - Parla Alen Stevanovic - parte 1 del 10/02/2014,197
2014-06-13T13:28:07Z,"Catania, ore decisive per Piovaccari",422
2013-10-07T10:56:16Z,Sampdoria - Torino fc  2-2  fallo -rigore su Danilo D&#39;Ambrosio,306
2013-08-25T22:12:23Z,TORINO-SASSUOLO 2-0  - Radiocronaca di Massimo Barchiesi (25/8/2013) da Radiouno RAI,3130
2013-11-11T17:23:39Z,"Poggibonsi-Cosenza 0-2, Luca Baldassin",707
2013-11-03T17:24:19Z,"Jadid, Camisa e Castiglia dopo Vicenza-Sudtirol 3-1",854
