published-time,comment,likes
2014-04-22T21:58:16Z,Mauritanie <3,1
2014-01-26T21:50:55Z,forza bastia per sempre !,0
2014-01-21T19:18:21Z,magnifique but,0
2014-06-05T16:02:47Z,quanto vi siete giocato sul segno 1 a 6.00 ?? VERGOGNA!!!!!,1
2014-07-18T01:03:55Z,هههههههه يالله يالله ياعبنده ,0
2014-07-18T00:13:12Z,"يارب يتوفق مع النمور ويصبح نمرا شرسا 

باين من المقطع انه لاعب مهاري ",0
2014-07-17T17:07:06Z,"ممتاز في الدفاع نادرا يمر الخصم 
",0
2014-07-17T17:07:04Z,"ممتاز في الدفاع نادرا يمر الخصم 
",0
2014-07-17T15:22:48Z,"رسميا للاتحاد
",0
2014-07-17T11:29:32Z,"كأني اشووف امبامي افضل منه 😔

ان شاء الله يتوفق مع العميدد. .",0
2014-07-17T08:06:30Z,لاعب مفقع ، م يسوى ظفر بالمينو,0
2014-07-16T17:12:02Z,راح يفيد الاتحاد ان شاء الله مع محمد نور في الوسط .,0
2014-07-16T17:12:01Z,راح يفيد الاتحاد ان شاء الله مع محمد نور في الوسط .,0
2014-07-16T15:51:16Z,يخسى الطعمية,0
2014-07-16T14:37:46Z,ممتـــــــــاز بس لاحظت دخلاته شوي قويه وعااد تعالوا شوفوا تحكيمناا الغبي كمان مع الاتحاد بالذات راح تيجي فاولات كثيررر ضدناا 😏,1
2014-07-16T02:48:07Z,يلا يلا هههههههههههههههههه,0
2014-07-16T02:27:45Z,لاعب من طراز عالمي ... البعبع ناوي كأس آسيا ,0
2014-07-15T23:35:17Z,الي جاي من صفحة نريد منصور البلوي رئيساً للاتحاد في الفيس بوك يظغط لايك ,1
2014-07-15T15:25:11Z,كلنا بصوت واحد ،،،، يلا يللااااا ,0
2014-07-15T07:49:01Z,افخم مافي المقطع يلااااا يلاااا هههههههههههههههههههههههههه,0
2014-07-15T04:13:20Z,احلا مافي المقطع الاغنية الافريقية يلا يلا ههههههههههههه,0
2014-07-15T04:02:35Z,لاعب قوي البنيه ومقاتل بالتوفيق مع النمور ♥,0
2014-07-15T03:44:51Z,"‏خاص اللاعب المالي سامبا دياكتي محترف نادي كوينز بارك الانجليزي رابع اجانب نادي الاتحاد و سيكون مع بعثة الفريق المغادرة الى هولندا الف مبروك"""". يكفي جااابه البعبع😍💛❤💛❤💛❤",1
2014-07-15T03:37:34Z,احسن من فتحي بالف مره! ,1
2014-07-15T03:37:22Z,ان شاء الله جاي الاهلي,0
2014-05-15T12:52:04Z,Sisi chekine c sady ki parle,0
2014-02-08T23:51:17Z,The black Santa,0
2013-12-16T11:53:09Z,"Mouais, des efforts pour le commentaire en anglais, mais ça pique un peu aux oreilles...",0
2014-01-21T22:01:22Z,Forza bastia!!!,2
2014-01-21T19:04:18Z,Forza bastiaaaaaaaaaaaaa,2
2014-01-21T16:13:48Z,Nul ...,0
2014-01-20T20:56:43Z,Forza Bastia!!!,2
2014-01-20T17:30:30Z,svp aller voir https://twitter.com/Foot44actu,0
2014-01-20T12:43:41Z,"que match horrible ! 60% de passes réussies pour les deux équipes, inadmissible.",2
2014-01-20T11:56:08Z,Belle victoire. Allez Bastia,2
2014-01-20T09:37:48Z,HOARAUOUTAI... :(,2
2014-02-07T12:01:23Z,4é période ? i don't understand,0
2014-02-06T15:28:14Z,Le sporting est magique !! Forza Bastia !!!! :D,6
2014-02-05T19:45:36Z,FORZA BASTIIIIA :),4
2014-02-04T19:59:45Z,ASSE OUAI !!!!,0
2014-02-03T18:56:14Z,Allez guingamp ! <3 ,4
2014-02-03T18:23:51Z,boudebouz <3,6
2014-02-03T18:11:17Z,Allez Bastia,4
2014-02-03T16:07:59Z,1:04 42ème période ? ;),4
2014-02-03T13:07:08Z,si djibril cissé va au mondial cest que didier deschamps est vraiment con,1
2014-02-02T23:22:13Z,Beau match ,5
2014-02-02T23:12:50Z,Premier,0
2013-09-02T10:00:07Z,Ils ont meme pas mit la gamelle du stadier d'annecy alors qu'il voulait attraper un ballon,0
2013-08-31T21:40:37Z,Pour tou les bastiai forma bastia,0
2013-08-28T10:32:48Z,Forza Bastia,0
2013-08-23T18:34:20Z,Sambou il se croit pour Ronaldinho,0
2013-08-19T20:03:31Z,Et en français ?,0
2013-08-19T15:19:16Z,"vive BRUNO
",1
2013-08-19T12:41:39Z,Nul nul les vl et ça Bastia,0
2013-08-18T23:18:10Z,First,0
2014-07-24T06:01:52Z,Bessam notre fierté,0
2013-08-30T10:14:08Z,1 an vous avez battu lyon 2-0 :-(,0
2013-08-26T16:33:00Z,avec PLUS de deux buts d'écart ! Faut lire !,0
2013-08-26T14:36:41Z,"Saison 2012/2013 : Bordeaux 4 Monptelier 2, autre chose peut etre ?",0
2013-08-26T07:45:23Z,bah évidemment penses-tu...,0
2013-08-26T00:25:18Z,Tu vas l'inscrire dans ton C.V ??,0
2013-08-25T23:16:39Z,C'est con pour le dernier but mais l'arbitre a bien fait Heureusement qui yavait déjà 1-0,1
2013-08-25T22:13:46Z,Ca fait combien d'année qu'on a pas gagné avec plus de deux buts d'écart ? (bdx),1
2013-08-25T22:11:20Z,Excellent saivet,0
2013-08-25T22:08:14Z,"Girondins de Bordeaux!!! <3
",0
2013-08-25T22:05:39Z,First,0
2013-12-16T13:36:03Z,Chapeau a Salomon Kalou; il grandit en maturité; il sera un atout majeur pour les éléphants de Côte d'ivoire au Brésil,0
2013-12-16T12:06:48Z,Kalou avait le triplé mais vu que l'arbitrage vidéo n'est pas accepté,1
2013-12-16T11:15:10Z,"Y parle même pas du but refuser pour un hors jeux inexistant ... 
Je pense qu'on aurait du gagner 3-1 voir 4-1.",2
2013-12-16T09:59:20Z,"franchement c'était un beau match. même si on a perdu on a fait de belles choses.
mais bravo aux lillois",1
2014-03-03T19:46:03Z,Excellent!!!! Bonne chance aux aigles!,0
2014-05-10T04:30:36Z,unsubscibe. SO MUCH FUCKING SPAM,0
