publish_date,title,view_count
2014-02-01T23:00:02Z,SM Caen - ESTAC Troyes (1-1) - 31/01/14 - (SMC-ESTAC) -Résumé,3006
2014-03-01T23:00:01Z,SM Caen - Clermont Foot (2-1) - 28/02/14 - (SMC-CF63) - Résumé,7669
2013-10-26T22:00:01Z,SM Caen - AS Nancy-Lorraine (1-2) - Le résumé (SMC - ASNL) - 2013/2014,8264
2014-04-05T22:00:01Z,SM Caen - RC Lens (1-0) - 05/04/14 - (SMC-RCL) - Résumé,18084
2014-05-13T22:13:03Z,SM Caen - Nîmes Olympique (1-1) - Résumé - 13/05/14 - (SMC-NIMES),18876
2014-01-25T23:00:01Z,US Créteil - SM Caen (1-2) - 24/01/14 - (USCL-SMC) -Résumé,3949
2013-09-14T22:00:05Z,AC Arles Avignon - SM Caen (3-2) - Le résumé (ACA - SMC) - 2013/2014,7066
2013-12-14T23:00:01Z,CA Bastia - SM Caen (1-5) - 13/12/13 - (CAB - SMC) - Résumé,19708
2013-11-30T23:00:01Z,SM Caen - Angers SCO (1-1) - 29/11/13 - (SMC - SCO) - Résumé,8853
2013-09-25T22:00:11Z,Clermont Foot - SM Caen (2-2) - Le résumé (CF63 - SMC) - 2013/2014,4300
2014-01-18T23:00:04Z,SM Caen - Stade Lavallois (2-1) - 17/01/14 - (SMC-LAVAL) -Résumé,7483
2014-01-11T23:00:00Z,Tours FC - SM Caen (2-1) - 10/01/14 - (TOURS-SMC) -Résumé,6278
2013-11-26T11:00:01Z,AJ Auxerre - SM Caen (3-2) - Le résumé (AJA - SMC) - 2013/2014,15776
2013-08-17T22:00:11Z,SM Caen - US Créteil (3-0) - Le résumé (SMC - USCL) - 2013/2014,14321
2014-04-19T22:00:02Z,SM Caen - AJ Auxerre (1-0) - 19/04/14 - (SMC-AJA) - Résumé,8350
2014-02-15T23:00:02Z,SM Caen - AC Arles Avignon (1-0) - 14/02/14 - (SMC-ACA) - Résumé,2633
2013-11-09T23:00:01Z,SM Caen - FC Istres (4-0) - Le résumé (SMC - FCIOP) - 2013/2014,7972
2013-08-03T22:00:12Z,SM Caen - Dijon FCO (3-1) - Le résumé (SMC - DFCO) - 2013/2014,19306
2014-04-29T10:00:01Z,Angers SCO - SM Caen (1-2) - 28/04/14 - (SCO-SMC) - Résumé,17344
2013-09-03T20:55:12Z,SM Caen - FC Metz (0-2) - Le résumé (SMC - FCM) - 2013/2014,26693
2013-10-19T22:00:00Z,Châteauroux - SM Caen (0-2) - Le résumé (LBC - SMC) - 2013/2014,5101
2013-08-24T22:00:11Z,ESTAC Troyes - SM Caen (2-1) - Le résumé (ESTAC - SMC) - 2013/2014,10713
2013-08-10T22:00:11Z,Stade Lavallois - SM Caen (1-2) - Le résumé (LAVAL - SMC) - 2013/2014,8975
2014-05-17T22:00:00Z,Dijon FCO - SM Caen (2-2) - Résumé - 16/05/14 - (DFCO-SMC),6145
2013-12-21T23:00:01Z,SM Caen - Stade Brestois 29 (0-0) - 20/12/13 - (SMC - SB29) - Résumé,2904
2014-03-22T23:00:00Z,SM Caen - Châteauroux (1-1) - 21/03/14 - (SMC-LBC) - Résumé,21334
2014-02-22T23:00:01Z,Chamois Niortais - SM Caen (0-0) - 21/02/14 - (NIORT-SMC) - Résumé,1669
2014-04-12T22:00:01Z,FC Istres - SM Caen (2-3) - 11/04/14 - (FCIOP-SMC) - Résumé,5721
2014-02-08T23:00:00Z,FC Metz - SM Caen (2-1) - 07/02/14 - (FCM-SMC) -Résumé,13583
2014-03-08T23:16:16Z,Havre AC - SM Caen (1-1) - 07/03/14 - (HAC-SMC) - Résumé,10773
2013-11-02T23:25:19Z,RC Lens - SM Caen (2-1) - Le résumé (RCL - SMC) - 2013/2014,27462
2014-04-25T15:17:49Z,Kwesi on his AFC Wimbledon loan,482
2014-03-29T23:00:01Z,AS Nancy-Lorraine - SM Caen (1-1) - 28/03/14 - (ASNL-SMC) - Résumé,6255
2014-05-10T22:00:02Z,SM Caen - Tours FC (1-3) - Résumé - 09/05/14 - (SMC-TOURS),17613
2014-05-07T19:14:37Z,Stade Brestois 29 - SM Caen (0-1) - 05/05/14 - (SB29-SMC) - Résumé,3786
2013-11-27T20:12:12Z,Chancel Mbemba Goal ~ Anderlecht vs Benfica 1 0   27 11 13,774
2014-04-04T11:02:54Z,Anlauf... 1.FC Köln #29,2644
2014-05-23T05:48:03Z,Cambridge United final min at Wembley,591
2013-10-29T00:19:05Z,Radość piłkarzy Cracovii po zwycięstwie nad Górnikiem Zabrze (28.10.2013),4652
2013-08-01T14:43:13Z,SV Bergedorf-West - Oststeinbeker SV (ODDSET-Pokal) - Spielszenen | ELBKICK.TV,1090
2013-12-11T16:02:14Z,Trickkiste mit Mohamed Labiadh (Oststeinbeker SV / Hamburg Panthers) | ELBKICK.TV,756
2013-08-05T14:24:59Z,"FIFA World Cup 2010 - Germany beat Ghana 1-0 to set up hard game vs England, Ghana play USA",838
2013-08-05T14:24:52Z,"FIFA World Cup 2010 - Germans celebrate qualification, next up; England",4161
2013-12-15T16:45:24Z,Stimmen nach dem Spiel gegen SpVgg Greuther Fürth,4980
2013-08-05T14:25:08Z,FIFA World Cup 2010 - Africa hopes lay with Ghana - African team can qualify against Germany,1390
2014-05-07T14:10:22Z,Die Traumelf von Alban Feta und Florian Haase (Futsalteam FC Viktoria 1889 Berlin) | SPREEKICK.TV,495
