published-time,comment,likes
2014-01-29T15:16:36Z,#Ligue2 - Revivez les meilleurs moments de Angers SCO - Dijon FCO (0-0) en vidéo !,1
2014-01-29T09:11:35Z,aller dijon ,0
2014-01-29T06:40:18Z,Angers ce rattrapera contre la CAB vendredi,0
2014-01-28T20:38:23Z,grosse domination angevine ! dommage... ALLEZ LE SCO !!!,1
2014-01-13T17:26:47Z,Allez tours fc,0
2013-09-23T05:36:52Z,"Quel scandale cette main non sifflée, même si la défaite est logique ! Encore un sacré we des arbitres...(but refusé OL-FCNA)",0
2013-09-22T02:34:04Z,Allez Tours Fc,0
2013-09-26T19:18:16Z,Super mes lapins !!,0
2013-09-25T22:23:27Z,DFCO !!!,0
2013-11-13T09:53:04Z,"#Ligue2 - Classement des buteurs - Diafra Sakho (FC Metz) a inscrit son 8e but lors de la 14e journée pour rejoindre Ghislain Gimbert (ESTAC Troyes), toujours leader du classement officiel des buteurs de Ligue 2. Bekamenga (Stade lavallois) complète le podium ! Supporters, que pensez-vous de ce trio de tête ? On attend vos commentaires ! http://bit.ly/1fAIvwX",5
2013-11-11T17:44:24Z,Il me font vraiment plaisir ces messins :) Allez Metz !!!,2
2013-11-10T21:45:52Z,Koro Koné le Zlatan Dijonnais,0
2013-11-09T23:52:17Z,Allez dijon !,1
2014-04-16T11:05:57Z,Metz en ligue 1 sa serait un grand plaisir :D,1
2014-04-15T12:56:33Z,pour moi il y avait vraiment un gros problème en défense.Sur le premier but marchal est dans les choux complet il attend le rebond l'attaquant touche même pas la balle qu'il est déjà enrhumé sur le deuxième a 10 contre 11 ce prendre un contre comme ca ce retrouvé a 3 defenseur pour 2 attaquant marchal encore lui qui arrête de joué pour faire signe a un de ces pote dans le public au lieux de joué lol((je sais qu'il levait la main pour un hors jeux) il avait surement pas vu choplin  mais il couvre le hors jeux ce prends un grand pont et tacle par derrière dans la surface. Wtf on a eu de la chance de prendre un points ce jour la merci super sakho .ce match n'est pas digne du leader si vous vous voyer déjà en ligue 1 sachez que rien n est joué pour la fin de saison on peux encore prendre une veste les amis ,0
2013-10-29T20:09:25Z,"Fiere de dire ""1909 supporters"" ? Honteux",0
2013-10-28T10:57:43Z,"ARLES AVIGNON!!
",0
2013-10-27T20:37:00Z,Notre Barça Dijonnais ♥,0
2013-10-27T17:59:02Z,Dijooooon !!!,0
2014-05-10T12:51:05Z,Ça sent très mauvais pour Châteauroux ils ont encore perdus hier ça va aller très mal je pense... Ils vont être relégués  c'est à peu près sur....,0
2014-05-09T01:47:35Z,ces gagné yes,1
2013-11-04T23:10:17Z,WTF quels buts de dingues!!!,1
2013-11-04T18:04:25Z,jy etait aussi et la 2ieme ils ont du ce faire remonter les bretelles par lentraineur mdrr,0
2013-11-04T18:02:42Z,cest toi quest de la daube,0
2013-11-04T11:31:39Z,"Je rigole, c'etait juste par rapport aux deux buts superbe :)",0
2013-11-04T02:26:05Z,Kone qui a avoué plus tard ne pas avoir fait exprès de marquer de cette manier,1
2013-11-03T20:43:23Z,si tu le dis fredy si tu le dis ...,0
2013-11-03T18:43:09Z,"dijon c'est de la daube
",0
2013-11-03T18:30:20Z,si Zlatan met les deux buts de Dijon les deux buts font le tour du monde,0
2013-11-03T17:47:49Z,Mais quesce que tu dit Moray ! :D,0
2013-11-03T13:49:12Z,DFCO = PSG + MONACO ahaha,0
2013-11-03T12:14:59Z,Pour le peno le rouge est limite mais je pence que l'arbitre le vois comme dernier défenseur et il applique le règlement !!!  ,0
2013-11-03T10:29:20Z,pour moi le but le plus beau est le but de koné avec un geste technique incroyable,1
2013-11-02T23:52:16Z,le butt de remy est le plus beau,0
2013-11-02T23:52:00Z,j'etais au match 1ere mi-temps nul deuxieme un peu mieux,0
2013-11-02T23:48:35Z,Le but de Koro Koné = celui d'Ibra,0
2013-11-02T23:35:12Z,DFCO <3,0
2014-01-20T22:49:20Z,"Franchement le rouge direct est très sévère et même injustifié surtout si il a déjà un jaune autant lui en remettre un et le résultat est le même. Et le premier but de Lens est bien Hors jeu mais si on regarde bien l'arbitre de touche est totalement à la ramasse, beaucoup trop loin de l'action",1
2014-01-20T17:40:39Z,"Au moins on a su réagir !
La saison passée, ça aurait fini en correction, donc c'est un bon point vu le début de match !
Allez Lens",0
2014-01-20T10:28:45Z,"#Ligue2 - 20e journée - En attendant le match de clôture de la 20e journée FC Metz / US Créteil ce soir à 20h30 sur Eurosport, retrouvez tous les buts des matchs de vendredi et samedi grâce à notre playlist sur la chaîne officielle YouTube !",1
2014-01-19T20:48:04Z,Tout ce que Dijon c faire c de la moutarde,3
2014-01-19T20:45:27Z,Allez lens,0
2014-01-19T13:04:17Z,Allez dijon !,1
2014-01-19T09:42:14Z,Domage quils ne passent pas le penalty non siffler sur Coulibaly a la 90 ème !! ,1
2014-01-19T09:38:11Z,l'arbitre est bigleu sur le 1er but de lens il y avait hors jeux . aller dijon ,0
2014-04-06T18:46:41Z,"0.23, Its me! ;)",0
2014-04-20T12:03:14Z,Super Qualité de Video ! Ouaaaaou !,1
2013-11-20T20:24:52Z,Je suis pour bastia,0
2014-06-04T12:18:00Z,Sport à la une - 02 Juin 2014 - Football: Diafara Sakho international senegalais,0
2014-04-01T15:36:14Z,Sports à la Une - Magnick Ndiaye Ministre du Sport - 31 Mars 2014 - Partie 1,0
