publish_date,title,view_count
2014-01-28T20:08:33Z,Angers SCO - Dijon FCO (0-0) - 27/01/14 - (SCO-DFCO) -Résumé,2802
2013-09-21T22:00:12Z,Dijon FCO - Tours FC (2-0) - Le résumé (DFCO - TOURS) - 2013/2014,3960
2013-09-25T22:00:09Z,US Créteil - Dijon FCO (1-3) - Le résumé (USCL - DFCO) - 2013/2014,3241
2013-11-09T23:00:00Z,FC Metz - Dijon FCO (2-0) - Le résumé (FCM - DFCO) - 2013/2014,11654
2013-12-04T22:56:06Z,bamba etienne malick best.of,183
2014-04-15T10:00:02Z,Dijon FCO - FC Metz (2-2) - 14/04/14 - (DFCO-FCM) - Résumé,7082
2013-10-26T22:00:02Z,AC Arles Avignon - Dijon FCO (0-0) - Le résumé (ACA - DFCO) - 2013/2014,1510
2014-05-07T22:00:01Z,Dijon FCO - Châteauroux (2-1) - 06/05/14 - (DFCO-LBC) - Résumé,2552
2014-03-29T23:00:01Z,Dijon FCO - AC Arles Avignon (1-1) - 28/03/14 - (DFCO-ACA) - Résumé,1929
2013-11-02T23:26:28Z,Dijon FCO - Chamois Niortais (2-2) - Le résumé (DFCO - NIORT) - 2013/2014,24438
2014-01-18T23:00:04Z,RC Lens - Dijon FCO (2-2) - 18/01/14 - (RCL-DFCO) -Résumé,15559
2014-04-05T22:00:01Z,Chamois Niortais - Dijon FCO (2-0) - 04/04/14 - (NIORT-DFCO) - Résumé,3263
2014-06-14T18:40:29Z,"BAMBA NGANON FOUSSENI, RIGHT BACK OR CENTRAL DEFEDER",255
2014-04-19T22:00:01Z,AS Nancy-Lorraine - Dijon FCO (2-1) - 18/04/14 - (ASNL-DFCO) - Résumé,4865
2013-09-21T16:55:44Z,Conférence de presse Dijon FCO - Tours FC (2-0) - 2013/2014,127
2014-02-09T13:36:34Z,RESUME  STELLA USCB ELITES JEUNE,542
2014-06-15T18:40:46Z,Ouattara Ousmane,394
2013-10-18T15:48:26Z,هدف لخويا الثاني اسيار ديا - لخويا vs معيذر -  دوري نجوم قطر 2013,153
2013-10-06T22:00:02Z,But Mathieu COUTADEUR (31&#39;) - SC Bastia - FC Lorient (4-1 - 2013/2014,4658
2013-11-13T22:29:53Z,هدف لخويا الاول اسيار ديا - لخويا vs قطر - كأس نجوم قطر 2013,62
2014-01-03T11:51:28Z,Ba - Vie en pro avec Modou Sougou,2356
2014-05-10T23:40:10Z,Goal Kévin BERIGAUD (19&#39;) - Evian TG FC-OGC Nice (2-0) - 10/05/14 - (ETG-OGCN),114
2014-01-26T23:00:01Z,But Salomon KALOU (34&#39;) - LOSC Lille-Stade Rennais FC (1-1) - 24/01/14 - (LOSC-SRFC),641
2014-03-30T18:18:43Z,but Cyril Durand vs Chartres cfa2,49
2013-09-05T14:43:46Z,#6 Omar Tall,538
2014-02-19T01:41:12Z,Abe Toure Highlight Tape,977
2014-06-27T18:22:01Z,fiche joueur Amadou Sy,2272
2014-04-15T01:54:00Z,mohamed koffi duhok 11,296
2014-07-26T14:31:35Z,fiche joueur Djiby Ndiaye,1517
2014-06-03T23:38:24Z,Sport à la une - 02 Juin 2014 - Football: Diafara Sakho international senegalais,2696
2014-04-01T14:12:00Z,Sports à la Une - Magnick Ndiaye Ministre du Sport - 31 Mars 2014 - Partie 1,437
