publish_date,title,view_count
2014-07-21T06:37:01Z,Lindsay Rose signe à l&#39;OL,685
2013-10-20T22:00:01Z,Stade Rennais FC - Valenciennes FC (2-2) - Highlights (SRFC - VAFC) - 2013/2014,1293
2013-10-14T21:44:15Z,Résumé Islande-France Espoirs (3-4) : Tous les buts - Qualifications Euro 2015 (14/10/2013) HD,9221
2013-10-06T22:00:02Z,Valenciennes FC - Stade de Reims (1-1) - Highlights (VAFC - SdR) - 2013/2014,890
2013-09-26T22:00:02Z,Valenciennes FC - Paris Saint-Germain (0-1) - Highlights (VAFC - PSG) - 2013/2014,13679
2014-05-18T03:08:13Z,Toulouse FC - Valenciennes FC (3-1) - Résumé - 17/05/14 - (TFC-VAFC),12020
2013-08-11T22:00:21Z,Valenciennes FC - Toulouse FC (3-0) - Highlights (VAFC - TFC) - 2013/2014,2302
2013-09-23T00:59:12Z,OGC Nice - Valenciennes FC (4-0) - Highlights (OGCN - VAFC) - 2013/2014,4297
2014-05-18T05:20:09Z,Toulouse FC - Valenciennes FC (3-1) - Highlights - 17/05/14 - (TFC-VAFC),1421
2013-09-29T22:00:02Z,FC Sochaux-Montbéliard - Valenciennes FC (2-0) - Highlights (FCSM - VAFC) - 2013/2014,1601
2013-09-26T22:00:02Z,Valenciennes FC - Paris Saint-Germain (0-1) - Le résumé (VAFC - PSG) - 2013/2014,38544
2014-05-11T03:16:21Z,Valenciennes FC - AS Monaco FC (1-2) - Highlights - 10/05/14 - (VAFC-ASM),4225
2013-10-06T22:04:32Z,Valenciennes FC - Stade de Reims (1-1) - Le résumé (VAFC - SdR) - 2013/2014,9054
2013-10-20T22:00:01Z,Stade Rennais FC - Valenciennes FC (2-2) - Le résumé (SRFC - VAFC) - 2013/2014,16269
2013-09-22T22:00:13Z,OGC Nice - Valenciennes FC (4-0) - Le résumé (OGCN - VAFC) - 2013/2014,41547
2013-08-11T22:00:22Z,Valenciennes FC - Toulouse FC (3-0) - Le résumé (VAFC - TFC) - 2013/2014,35835
2013-09-15T22:00:08Z,Valenciennes FC - AS Saint-Etienne (1-3) - Highlights (VAFC - ASSE) - 2013/2014,2642
2014-05-11T02:31:03Z,Valenciennes FC - AS Monaco FC (1-2) - Résumé - 10/05/14 - (VAFC-ASM),17098
2014-05-12T13:05:22Z,Arthur Masuaku /NEW West Ham United/ Fast Skills Dribbling Assists Goal /HD/,54143
2013-09-29T22:00:02Z,FC Sochaux-Montbéliard - Valenciennes FC (2-0) - Le résumé (FCSM - VAFC) - 2013/2014,11625
2013-09-15T22:00:12Z,Valenciennes FC - AS Saint-Etienne (1-3) - Le résumé (VAFC - ASSE) - 2013/2014,27022
2014-03-29T08:55:43Z,Majeed Waris | FC Lorient | Skills Dribbling Goals | 2013-2014 (Full ᴴᴰ),57762
2014-07-18T10:23:21Z,"Mercato : le nouveau Messi, Lahm stop avec l&#39;Allemagne... La revue de presse des transferts !",2768
2013-12-30T17:11:20Z,"Euan Lindsay scores v Petershill through Kevin Struthers, 28th December 2013",287
2014-03-12T18:31:53Z,Legioniści podczas treningu,6190
2014-07-20T02:13:55Z,"Largs Thistle 1-1 Linlithgow Rose, Friendly 19th July 2014",784
2014-03-09T23:00:01Z,But Mathieu DOSSEVI (54&#39;) - Valenciennes FC-Stade Rennais FC (2-1) - 08/03/14 - (VAFC-SRFC),420
2014-07-09T12:46:37Z,Match amical: Debreceni VSC - Olympique Lyonnais 4-2 (05 juillet 2014),4649
2013-08-13T08:02:20Z,Happy birthday Naby,239
2014-06-28T13:08:00Z,L&#39;OL reprend l&#39;entrainement,108
2014-02-09T17:19:48Z,Vafc-nice but de Waris !,535
2014-04-09T18:57:06Z,OL féminin: Patrice Lair tire sa révérence,305
2014-03-23T23:00:02Z,But Majeed WARIS (72&#39; pen) - Valenciennes FC-AC Ajaccio (2-3) - 22/03/14 - (VAFC-ACA),654
2014-03-11T22:47:19Z,Mattias Johansson is back on track!,18879
2013-10-20T22:00:01Z,Goal Prince ONIANGUE (59&#39;) - Stade de Reims - Toulouse FC (1-2) - 2013/2014,376
2014-03-17T19:57:38Z,ANT1 δηλωση γαυρου για ΠΑΟΚ,22769
2013-09-11T01:07:49Z,Saint Rose Women&#39;s Soccer vs. Roberts Wesleyan 9-10,56
2014-02-09T23:00:02Z,But Tongo Hamed DOUMBIA (26&#39;) - Valenciennes FC-OGC Nice (2-1) - 08/02/14 - (VAFC-OGCN),1517
2014-03-09T23:00:02Z,But Majeed WARIS (77&#39;) - Valenciennes FC-Stade Rennais FC (2-1) - 08/03/14 - (VAFC-SRFC),1735
2013-10-12T15:40:46Z,Memphis Women&#39;s Soccer: Memphis Readies for Houston,76
2014-02-09T23:00:02Z,But Majeed WARIS (88&#39;) - Valenciennes FC-OGC Nice (2-1) - 08/02/14 - (VAFC-OGCN),3957
2014-01-14T13:27:13Z,Au revoir de José Saez au KOP Valenciennois,2873
2013-11-25T14:27:37Z,La réaction de Rémi Garde après OL vs VA (1-1),927
2014-03-12T12:19:26Z,ΣΥΝΕΝΤΕΥΞΗ ΠΑΙΚΤΩΝ,379
2014-01-05T17:23:04Z,La Suze - OL : la réaction de Rémi Garde,1469
2014-05-13T20:15:00Z,OL: Rémi Garde quitte le club,323
2014-03-23T23:00:01Z,But Majeed WARIS (51&#39;) - Valenciennes FC-AC Ajaccio (2-3) - 22/03/14 - (VAFC-ACA),2676
2013-09-15T22:00:15Z,But Maor MELIKSON (80&#39; pen) - Valenciennes FC - AS Saint-Etienne (1-3 - 2013/2014,753
2014-02-23T23:00:01Z,But Julien FAUBERT (52&#39;) - Girondins de Bordeaux-Evian TG FC (2-1) - 22/02/14 - (FCGB-ETG),1428
2014-02-09T22:07:28Z,Montanier reçoit un dictionnaire Franco-Polonais,3540
