published-time,comment,likes
2014-03-25T19:04:11Z,"ICI C'EST TROYES , ALLEZ L'ESTAC !!!!!!!!!!!!!!!!!!!!",0
2014-02-03T16:05:43Z,Gratuit,0
2013-10-13T11:24:08Z,"le 6eme est beau 
",5
2013-10-11T22:19:56Z,Allez l estac si vous remonter l année ou vous vous êtes fais reléguer c dar,4
2013-10-08T22:52:00Z,Parfait :p Allez Troyes,6
2013-10-06T20:04:19Z,"Et pas 17000+ comme on dit les ""gérants"" 
D'accord avec toi :)",1
2013-10-06T11:51:27Z,"Bien joué Troyens ! Mais bon on va quand même vous massacrer à domicile pour la prochaine journée ;)
DFCOOOO !!!",1
2013-10-06T09:07:18Z,"une demonstration et belle ambiance avec environs 12 000 spectateurs
",3
2013-10-06T08:25:07Z,"Ici c'est Troyes ! 
",3
2013-10-05T23:22:27Z,Haha les defensuers de Bastia,1
2013-10-05T22:55:12Z,"la construction du 6e but est parfaite !
",1
2013-10-05T22:43:23Z,Le 6eme but ! ,3
2013-12-23T14:51:07Z,Vos gueule,0
2013-12-23T14:51:06Z,Vos gueule,0
2013-12-19T06:26:22Z,le 1er but est super,0
2013-12-19T06:22:39Z,1er vue,0
2014-01-29T11:12:23Z,"#Ligue2 - Classement des buteurs - Après son 11e but inscrit lors de la 21e journée, Ghislain Gimbert (ESTAC Troyes) remonte sur le podium en s'emparant de la 3ème place ! Bekamenga (11 buts) reste second derrière l'attaquant du FC Metz Diafra Sakho (12 buts) ! http://bit.ly/1e4sORa",2
2014-01-28T21:39:59Z,Les gens ... ARRETEZ de dire ON vous ne jouez pas dans l'equipe vous etessupporters bordel,0
2014-01-26T19:07:38Z,Victoire dans la douleur mais on se replace dans le classement  ALLEZ L'ESTAC,0
2014-01-26T17:28:59Z,2e but ridicule ^^,1
2014-02-11T13:23:04Z, #CDL   - Le résumé du match Olympique Lyonnais / ESTAC Troyes !,4
2014-02-09T09:55:35Z,"Bonne ambiance...!!!

Non je déconne
",0
2014-02-08T19:14:27Z,lyon va battre le psg car les parisiens d'ont pas mérités leur place en finale ..,5
2014-02-07T19:42:21Z,ALLEZ L'OL !!!!,0
2014-02-07T19:21:12Z,ALEZ LYON PT !!!!!!!,0
2014-02-07T16:13:46Z,allez lyon je crois en nous!!!,1
2014-02-06T21:34:52Z,Bien joué lyon et espérons que paris gagne la finale ;),0
2014-02-06T18:07:49Z,Lyonnais !!!!!!!!!!!,0
2014-02-06T06:47:34Z,Allez l'OL !!!,7
2014-03-17T12:03:21Z,Aller le sco,0
2014-03-16T21:54:28Z,Affligeant l'estac ..,0
2014-03-16T14:17:45Z,aller le sco quils les ont battu a 1 a 0 ,0
2014-03-16T00:00:22Z,Bien joué le CAB,1
2013-09-21T10:18:35Z,allez l'estac on est les meilleurs !!!!!,1
2013-09-17T13:10:33Z,"Bonnefoi, c'est quand même pas l'assurance tout risque....",0
2013-09-15T21:13:01Z,Le même que celui du Real Madrid ,0
2013-09-15T09:06:04Z,"allez l'estac
",0
2013-09-15T06:56:19Z,"Châteauroux en national l'année prochaine :/
",0
2013-09-15T00:04:27Z,Nivet est éternel.,1
2013-09-14T22:12:43Z,first,0
2013-10-03T15:10:47Z,istres c'est triste,1
2013-10-01T15:14:19Z,"Ghislain Gimbert est le nouveau leader du classement des buteurs !
http://bit.ly/1eWL3YG",3
2013-09-30T22:31:39Z,"Il est completement magnifique oui... encore merci a lui 
Troyens tjrs présent meme avec une équipe presque entierement ""neuve"" ! :)",1
2013-09-29T18:06:54Z,"allez l'estac
",1
2014-04-28T02:35:16Z,Allez Brest!!!!! La montée c'est pour l'année prochaine il faut y croire!!!!,1
2013-09-21T10:15:09Z,"allez l'estac !!!
",1
2013-08-11T23:20:40Z,Osef on a gagné :),1
2013-08-11T09:16:18Z,"""Arléo-arlésiens""? WTF? La prochaine fois s'il vous plaît, dites: ""Arléo-avignonnais"". Merci.",0
2013-08-11T08:41:23Z,allez estac,1
2014-02-10T00:19:29Z,"On a été plus fort sur ce match c'est tout pas la peine de polémiquer, le règlement est très clair, c'est l'arbitre qui doit arrêter le jeu. Je vous suis vraiment déçu de la part du public lensois, je les voyais pas comme ça avant, j'espère que ça n'est qu'une minorité, enfin bref allez l'ESTAC ! ",2
2014-02-09T13:50:22Z,"Ça ce joue pas juste sur le coup franc, on a eté mauvais sur la match entier, voilà tout !

Faut se reprendre dès le prochain match ! Allez Lens !",1
2014-02-09T11:54:45Z,Riou va prendre combien de match ?,0
2014-02-09T10:34:30Z,"Ça ne sert à rien de rager, nous n'avons pas été bon c'est tout!",1
2014-02-09T00:17:14Z,Les lensois:venez pas parler d'arbitrage! Vous avez deja le calendrier le plus avantageux de l2 et ce fait de jeu lors du coup franc victorieux a ete le meme que contre laval(en defaveur de troyes) et les troyens n'ont jamais gueulé! ,1
2014-04-13T06:28:33Z,Bravo au Tang,0
2014-02-24T11:00:47Z,ce but...magnifique,3
2013-11-02T22:54:04Z,"J'y étais c t attaque défense tout le match, normal de s'en prendre 2 a la fin! ",0
2013-10-25T11:54:01Z,"Le match était truqué. regarder bien les buts les defenseurs s'en contre foutent ils vont pas au marquage
le truquage était troyes mt/ dijon fm.",0
2013-10-24T08:26:43Z,j'y etais pas mais j'aurais bien aimé :),0
2013-10-23T15:58:38Z,"#Ligue2 - Classement des buteurs - En reprenant la tête du classement officiel des buteurs (7 buts), Ghislain Gimbert confirme son excellente première partie de saison au sein de la meilleure attaque de Ligue 2 ! ",2
2013-10-21T13:45:53Z,?????,0
2013-10-21T12:49:49Z,dijon vont monter je pense ils ont l'effectif pour cela en plus,0
2013-10-21T10:05:30Z,xD,0
2013-10-20T18:14:01Z,gateau,0
2013-10-20T16:21:31Z,"vive les nantais
",0
2013-10-20T09:00:53Z,le but de merde,0
2013-10-20T08:56:35Z,Comment perdre 3 points en 1 minute ? Demandez au troyens ils s'en souviennent encore ;) ,0
2013-10-20T08:09:57Z,"Tellement pas méritée, mais tellement d'ambiance dans les tribunes 3 #tribunesud",0
2013-10-20T06:52:03Z,La plus belle victoire de la saison !,0
2013-10-20T06:48:45Z,DIJON !!!!,0
2013-10-19T22:10:48Z,DFCO ♥♥,0
2014-01-23T14:12:17Z,2ième but de livio nickel...allllllllez l'aca on est bon la,2
2014-01-19T19:05:29Z,Les replay d'engagement ! Clairement Inutile 👌,1
2014-01-19T18:19:58Z,Aller les troyens c'est rien il faut se reprendre ... <3,1
2014-01-19T13:48:38Z,Lol,0
2014-01-19T09:41:26Z,C'est quoi l'intérêt de remontrer les coup d'envois ?,0
2013-09-07T11:53:34Z,"fiers d'etre troyens 
",1
2013-08-26T13:02:26Z,aller l estac ,1
2013-08-25T07:43:30Z,Gros manque de réalisme et de finition pour Caen.,0
2013-08-25T06:52:12Z,Bien jouer l estac comme sa angers est devant caen,0
2013-08-25T00:15:54Z,Allez l'estac ! :),1
2014-03-30T07:47:52Z,Je me pose toujours cette question : Pourquoi à 0:28 il envoie le ballon en touche dans la zone Troyenne ? C'est pas le 1er match où je vois ça.,1
2014-03-30T01:17:41Z,On a foutu le bordel a Auxerre hahaha Allez Troyes ! ,1
2014-03-29T23:44:57Z,ALLEZ TROYES!!!,1
2014-07-16T21:29:33Z,"Pour moi sur la faute, il y a jaune mais pas rouge.",0
2014-07-16T21:21:25Z,Allez Brest!!!,0
2013-12-24T13:56:46Z,Fuck fc Metz,0
2013-12-22T11:43:37Z,Non non la lorraine est grenat !!! Metz en ligue 1 ♥,1
2013-12-21T23:16:15Z,Metz qui va craquer a la reprise ! ,0
2014-05-22T19:01:23Z,Mesloub est trop fort,0
2014-05-04T08:49:49Z,"C'est quoi l'intéret de faire un beau stade de 25 000 places si y
a jamais au delà de 5000 spectateurs ?",2
2013-09-22T06:25:53Z,First,0
2014-07-22T10:05:45Z,superbe ,0
2014-04-22T06:44:03Z,Bravo à Créteil. Ce serait cool qu il y a un derby PSG CRÉTEIL un jour,0
2014-01-23T23:03:45Z,allez Gope (y) allez ESTAC !!,2
2014-01-18T09:46:01Z,"La fin de saison risque d'être compliquée pour les Croix... il faut enrayer la spirale de la défaite contre Rennes...
Bravo quant même aux troyens en espérant qu'ils iront loin...",0
2014-01-16T22:04:02Z,C'est pas Court mais Gimbert qui fait la passe décisive sur le premier but......,0
2014-01-16T12:42:21Z,"Sauf que pour le premier but c'est n'est pas :
 Nivet - Court - Nivet
mais Nivet - Gimbert - Nivet",0
2014-01-16T09:31:24Z,#CDL - Quart de finale - Revivez les meilleurs moments de ESTAC Troyes - Evian TG FC (3-1) en vidéo !,0
2014-01-16T06:44:46Z,La final sera surement PSG - OL,0
2014-03-09T01:30:16Z,"Allez l'estac, la montée va être difficile a obtenir mais est encore possible, battez vous jusqu'au bout ! ",5
2014-02-25T22:18:17Z,On va pas vous imiter LES MESSIN de merde,0
2014-02-25T22:18:15Z,On va pas vous imiter LES MESSIN de merde,0
2014-02-24T00:09:32Z,Ils était en Ligue 1 tu n'étais même pas née... ALLEZ TROYES,2
2014-02-24T00:08:41Z,Et oui Troyes n'était pas en Ligue 1 que en 2012-2013...,2
2014-02-23T19:56:03Z,"""Deux habitués de la Ligue 1"" LOL ?",1
2014-02-23T19:09:06Z,On va bouffer du mosellan !,0
2014-03-03T13:47:30Z,"Angers !!!!!!
Vous allez montés",3
2014-03-02T02:21:15Z,J'en peux plus de ce commentateur ! ,0
2014-01-09T16:43:51Z,Angers 1 2 lens tg avec angers,0
2013-11-11T10:49:53Z,"Supporters Lensois, votez ici pour votre joueur Lensois préféré :D
http://www.pixule.com/215995195520_quel-est-votre-joueur-prefere-lens.html",0
2013-09-05T16:27:39Z,ouais allez le sco  i ont battus brest et faut continuer!,0
2013-09-04T11:43:44Z,Lens >>>>>>>>>,0
2013-09-01T22:05:02Z,Allez ANGERS 3,0
2013-09-01T11:20:25Z,0:11 cyprien joue au foot,0
2013-09-01T10:41:20Z,"Il est bon je trouve ce commentateur! 
Lens <3",0
2013-09-01T00:58:17Z,"Vendredi 13 décembre 2013

le match de l'année je serait la ",0
2013-09-01T00:05:12Z,LENS FANS ! <3,0
2013-08-31T23:14:48Z,Vive lens 3,0
2013-08-31T22:17:24Z,c'est Lens ! :),0
2013-08-31T22:06:56Z,Plus de 30 000 supporters. C'est juste magnifique <3,0
2014-02-22T22:20:51Z,ALLEZ LE SCO !!! Direction ligue 1 !!!,0
2013-08-24T21:28:08Z,"je vois que tu as regler ce problémes, merci mec ;)",0
2013-08-24T17:50:19Z,Mes résumés sont supprimés par Youtube ...,0
2013-08-18T16:20:17Z,"Je n'ai pas les moyens d'enregistrer ma télé pour ensuite mettre sur Youtube désolé, je suis qu'un pauvre supporter de l'OL qui fait son maximum pour partager les matchs avec les autres supporters.",0
2013-08-18T16:18:08Z,"C'est la musique de l'Hymne de l'OL Cassus Belli
",0
2013-08-18T16:17:25Z,"Tant que Youtube ne supprime pas mes vidéos, je mettrai autant que possible les résumés de matchs.",0
2013-08-17T09:44:16Z,De + la musique déchire tout.,0
2013-08-17T08:42:41Z,ya pas moyen que tu enregistre ou qqchose du genre psk la qualitée de l'image est le seul defaut de tes videos!!,0
2013-08-17T08:12:15Z,Lyon!!!!,0
2013-08-17T03:10:27Z,la musique est de cassus belli,0
2013-08-17T01:55:42Z,Merci d avance,0
2013-08-17T01:55:35Z,Peut me donner le nom du mec,0
2013-08-17T01:55:23Z,De ou tu sort ta musique?,0
2013-08-17T01:55:06Z,Faut q tu continue a mettre les resumes,0
2013-08-16T22:49:00Z,Merci mais ce n'est pas facile. Déjà ce soir Youtube a supprimé ma première vidéo de Sochaux Lyon ...,0
2013-08-16T22:47:30Z,C les meilleur!,0
2013-08-16T22:47:12Z,"Merci de mettre des résumé de match de l ol . A JAMAIS LYONNAIS!!
",0
2013-08-16T22:34:35Z,Mdr t'as raison de supporter l'OL !,0
2013-08-16T22:32:04Z,Aller L'OL chui votre plus grand supporter !!!!!! 3 nique le psg et om et tlm aller L'OL!!!,0
