publish_date,title,view_count
2014-02-28T20:59:42Z,Angers SCO - Troyes Estac. Réaction Alexandre letellier,558
2014-02-22T23:00:00Z,AJ Auxerre - Angers SCO (1-2) - 21/02/14 - (AJA-SCO) - Résumé,12974
2014-04-29T10:00:01Z,Angers SCO - SM Caen (1-2) - 28/04/14 - (SCO-SMC) - Résumé,17344
2014-03-01T23:00:01Z,Angers SCO - ESTAC Troyes (1-1) - 28/02/14 - (SCO-ESTAC) - Résumé,4431
2014-04-19T22:00:01Z,Clermont Foot - Angers SCO (1-1) - 18/04/14 - (CF63-SCO) - Résumé,3995
2014-05-17T22:00:01Z,Angers SCO - FC Istres (1-0) - Résumé - 16/05/14 - (SCO-FCIOP),3974
2014-05-10T22:00:01Z,AS Nancy-Lorraine - Angers SCO (3-1) - Résumé - 09/05/14 - (ASNL-SCO),10088
2014-02-13T18:41:39Z,TOTALEMENT FOOT 1ER SEMESTRE 2014 [S.1] [E.6] - Totalement foot du 13/02 -,34
2014-03-01T18:16:56Z,Conférence de presse Angers SCO - ESTAC Troyes (1-1) - 2013/2014,318
2013-09-25T22:00:16Z,ESTAC Troyes - Angers SCO (3-3) - Le résumé (ESTAC - SCO) - 2013/2014,12191
2014-03-15T15:00:11Z,Angers SCO - Creteil. Coup de gueule de Blayac,2894
2013-10-25T19:59:47Z,Angers SCO - FC Metz. Réaction Jeremy Henin,694
2013-09-21T14:01:57Z,Angers SCO - Auxerre. Réaction Grégory Malicki,375
2014-01-26T11:29:05Z,double arrêt de Thomas le 14 décembre 2013,405
2013-09-21T14:01:48Z,Angers SCO - Auxerre. Réaction Charles Diers,241
2014-02-21T20:59:07Z,AJ Auxerre - Angers SCO. Réaction Stéphane Moulin,620
2014-03-29T14:57:05Z,Angers SCO - FC METZ - Réaction Ludovic Gamboa,1182
2014-06-09T08:15:24Z,2eme mi-temps demi FC Bâle   BSC Young Boys,186
