publish_date,title,view_count
2013-12-14T11:27:34Z,Yacoub Meité 2 (highlights),384
2013-09-17T15:41:14Z,Yacoub Meité (highlights),837
2014-02-17T13:46:36Z,Yancoub Meité vs St Etienne (ASSE),213
2014-02-17T13:28:33Z,Yancoub Meité vs Montpellier (MHSC),445
2013-08-13T14:49:06Z,&quot;J&#39;ai beaucoup d&#39;ambitions&quot;,1671
2013-09-26T22:00:01Z,LOSC Lille - Evian TG FC (3-0) - Highlights (LOSC - ETG) - 2013/2014,2513
2013-11-15T19:57:22Z,100 Mètres avec Yakou Meïté (U19/PSG),23328
2013-08-28T16:17:08Z,Foot / Coupe de la Ligue: Tours - Clermont (l&#39;avant-match),38
2014-03-12T14:33:26Z,AJA-DFCO 13/14,678
2014-06-25T01:13:25Z,La  Côte d&#39;Ivoire eliminé par l&#39;arbitrage,20015
2013-08-15T21:26:19Z,Mercato : Youssef Adnane arrive au Tours FC,624
2013-12-21T17:02:29Z,But Dijon - Chatauroux L2 Match amical 2013,80
2014-05-19T11:27:52Z,Présentation du nouveau maillot du Tours FC 14/15,305
