publish_date,title,view_count
2013-10-11T00:56:49Z,Almarssadpro: Déclaration de Zakariya Bergdich avant Maroc / Afrique du Sud,191
2013-09-24T22:30:03Z,Expulsión de Bergdich y paradón de penalti de Mariño,12267
2013-12-01T17:55:17Z,bergdish,91
2014-05-24T10:43:20Z,Manuel Da Costa  vs Moçambique,1818
2014-05-24T00:44:16Z,Manuel Da Costa vs Moçambique 23 05 2014,7062
2014-01-23T12:43:23Z,Zakaria Hamadi  Amazing Goal,3618
2014-06-05T23:33:44Z,Zakaria zahid saison 2013-2014,1954
2014-01-20T23:14:33Z,Athletic de Bilbao 4-1 Valladolid,129
2014-03-14T17:21:30Z,Granada CF 2-0 Villarreal CF / 08-03-2014 / Goal EL Arabi Youssef,138
2014-01-04T10:56:55Z,لقطة رائعة من أبو تريكة مع حارس ليوبارد‬ aboutrika fairplay egypt,17593
2014-05-23T00:39:33Z,بنعطية : الكل يحلم باللعب في أندية كبرشلونة و مانشستر سيتي,3557
2014-03-26T15:33:29Z,Highlight Mouhssine Iajour 2013 / 2014,2116
2013-10-18T13:56:32Z,MAROC  CROATIE BUT DE NABIL JAADI,8725
2014-07-23T22:03:59Z,Лебеденко,15
2014-01-04T10:55:44Z,مروان الشماخ يضرب لاعب نورويتش سيتي أمام الجميع‬  marouane chamakh,7405
2014-05-12T10:08:55Z,john ayina,3974
2013-10-19T18:14:14Z,SPONSORING - Futsal Club COMPIEGNE - AHOUUUU!!!!,673
2014-01-04T23:07:59Z,Real Madrid vs Real Valladolid  4-0 Highlights 30-11-2013 HD,55
2014-01-04T11:01:19Z,روبورتاج جميل رائع من الجزيرة الرياضية عن أبو تريكة‬  bein sport aboutrika,5332
2014-02-02T09:54:50Z,100% oussoud ----  22 01 2014,135
2014-05-12T12:30:02Z,"قنـاة الثـانية : تقريـر حـول انتصـار الرجـاء علـى الجـديدة, بالاضـافة للتصـريحـات",870
2014-05-21T21:27:06Z,تصريح كل من بنعطية و بركديش وجمال ايت ايدر ولزعر وشاكير بالإضافة لشحشوح وبرادة,13522
2013-11-25T21:56:34Z,Almalaab ( Ahmad Sondos ) : Itw Avec Aatif Chahechouhe,10648
2014-05-22T21:14:57Z,اخر أستعدادات المنتخب المغربي لمبارته امام الموزنبيق بمعسكر البرتغال +تصريحات &quot;تقرير الأولى&quot;,2324
2014-05-29T21:24:28Z,تصريح كل من أوبادي و لزعر و كارسيلا و بركديش بالإضافة إلى برادة و مدرب بادو الزاكي بعد خسارة,1291
2014-04-27T15:04:48Z,omar kadouri,1955
2013-10-04T19:39:42Z,Barcelona vs Valladolid 05.10.13 | Serie A Football Match Preview 2013,2845
2013-08-09T16:19:56Z,"EL JADEYAOUI | GOALS, SKILLS, OVERALL PLAY | 2012/13 |",4594
2014-01-15T18:42:35Z,Short Film II Raja Club Athlétic   Road to Finale World Cup Club 2013,1036
2013-09-03T22:08:06Z,Côte d&#39;Ivoire vs Maroc: 1ère séance d&#39;entrainement pour les nationaux,6356
2014-03-27T10:07:52Z,100% Oussoud   26 03 2014,4892
2014-06-26T05:19:06Z,FUTBOLO AISTROS. Portugalija-Gana ekspertų prognozės,2151
2014-05-01T02:47:04Z,100% Oussoud : 30-04-2014,2026
