publish_date,title,view_count
2013-12-04T21:08:26Z,1MT 2 - 1 Harry Novillo,477
2013-12-04T21:14:39Z,1MT 2 1 Harry Novillo,435
2013-12-04T21:29:30Z,1MT 3 2 RAEC Ethan Poulain sur corner,425
2013-12-04T21:20:44Z,1MT 2 2 Quévy,89
2013-12-04T21:36:02Z,2MT 4 2 Stefano Vandebosch,417
2013-12-03T19:30:14Z,CFA (10 nov 13) : OL 0-2 Lyon Duchère,451
2014-01-15T12:30:59Z,"Saint Priest 1 - 0 OL (CFA, 12 janviers 2014)",1031
2013-12-04T16:40:47Z,RAEC Mons Espoirs - US Quévy (Promotion) 4-2 2MT Geste technique défensif Nicolas Lasser,192
2014-03-25T14:24:04Z,CFA : Monaco 2-3 Nice,4870
2014-05-04T10:32:18Z,BANIYAS VS AL WASL AGL ROUND 25 SEASON 2013 -14(بني ياس - الوصل ),277
2013-12-04T20:59:59Z,RAEC Espoirs - US Quévy (Promotion) 1MT 1.1 Quévy sur penalty,102
2014-02-18T11:48:02Z,OUSSAMA MRABET 2014,1401
2014-04-29T02:36:29Z,Entrevistas después del partido con Columbus Crew 1 vs 1 Red Bull,30
2013-09-08T21:13:26Z,"CFA J4)  AS Monaco FC 5 1 Tarbes, Highlights",999
