publish_date,title,view_count
2014-01-24T13:30:06Z,Bentornato Ale!,195
2013-12-01T23:00:02Z,Girondins de Bordeaux - AC Ajaccio (4-0) - 01/12/13 -  (FCGB - ACA) - Highlights,3990
2013-12-22T23:00:02Z,Stade de Reims - AC Ajaccio (4-1) - 21/12/13 -  (SdR - ACA) - Highlights,2917
2013-09-26T22:00:01Z,AC Ajaccio - Olympique Lyonnais (2-1) - Highlights (ACA - OL) - 2013/2014,16930
2013-11-03T23:00:01Z,AC Ajaccio - Valenciennes FC (1-3) - Highlights (ACA - VAFC) - 2013/2014,3767
2013-12-22T23:00:02Z,Stade de Reims - AC Ajaccio (4-1) - 21/12/13 - (SdR - ACA) - Résumé,19521
2013-10-20T22:00:01Z,AC Ajaccio - FC Nantes (0-1) - Highlights (ACA - FCN) - 2013/2014,3348
2013-11-03T23:00:01Z,AC Ajaccio - Valenciennes FC (1-3) - Le résumé (ACA - VAFC) - 2013/2014,10603
2013-11-24T23:00:01Z,AC Ajaccio - Olympique de Marseille (1-3) - Highlights (ACA - OM) - 2013/2014,8170
2013-09-29T22:21:04Z,AC Ajaccio - Montpellier Hérault SC (1-1) - Highlights (ACA - MHSC) - 2013/2014,86700
2013-10-06T22:00:01Z,LOSC Lille - AC Ajaccio (3-0) - Highlights (LOSC - ACA) - 2013/2014,7117
2013-10-20T22:34:18Z,AC Ajaccio - FC Nantes (0-1) - Le résumé (ACA - FCN) - 2013/2014,23169
2014-03-12T14:49:31Z,Intervista: LUCA CRESCENZI.,204
2013-12-01T23:00:01Z,Girondins de Bordeaux - AC Ajaccio (4-0) - 01/12/13 - (FCGB - ACA) - Résumé,16521
2014-02-17T11:52:04Z,Novantunesimo: LUCA CRESCENZI.,210
2013-09-26T22:00:03Z,AC Ajaccio - Olympique Lyonnais (2-1) - Le résumé (ACA - OL) - 2013/2014,23295
2014-01-22T12:56:33Z,Intervista: LUCA CRESCENZI.,357
2013-10-27T23:00:01Z,EA Guingamp - AC Ajaccio (2-1) - Highlights (EAG - ACA) - 2013/2014,2814
2013-09-29T22:00:02Z,AC Ajaccio - Montpellier Hérault SC (1-1) - Le résumé (ACA - MHSC) - 2013/2014,7674
2013-10-06T22:02:32Z,LOSC Lille - AC Ajaccio (3-0) - Le résumé (LOSC - ACA) - 2013/2014,24010
2013-10-31T06:00:01Z,SC Bastia - AC Ajaccio (1-0) - Le résumé (SCB - ACA) - 2013/2014,5271
2014-06-05T08:23:40Z,#AmareloAzul2014: la meglio gioventù,2524
2013-10-27T23:00:01Z,EA Guingamp - AC Ajaccio (2-1) - Le résumé (EAG - ACA) - 2013/2014,16926
2013-11-24T23:00:01Z,AC Ajaccio - Olympique de Marseille (1-3) - Le résumé (ACA - OM) - 2013/2014,59652
2013-10-25T09:43:24Z,PRECEDENTE - Novara-Cesena 0-1,133
2014-05-08T14:45:34Z,"1988/89, Serie A, Ascoli - Pescara 0-1 (05)",1799
2014-05-02T20:36:47Z,Ed è goal!!: Frammenti di un Sogno,3859
2014-05-16T14:55:26Z,Conferenza Stampa ZAMPANO 16052014,84
2014-07-14T13:23:34Z,Mercato: le trattative di oggi,379
2013-10-17T17:57:39Z,Benitez Conferenza Stampa:  Roma - Napoli,45
2013-12-24T11:40:01Z,WINTER CUP  DHS NAPOLI   ACQUA&amp;SAPONE   LO SPECIALE,156
2014-01-19T18:57:37Z,BOLOGNA - NAPOLI 2-2 - RAFA BENITEZ VA BENE COSI&#39;,819
2013-08-01T14:57:54Z,"SCUOLA NUMERO UNO - Villani, 1992, Latina (Camp estivo 07)",110
2014-04-04T07:19:35Z,Ed è goal!!... Conosciamoli meglio! Mattia Sprocati,7190
2013-08-29T09:41:37Z,"Donovan, UFFICIALE: rinnova con i Los Angeles Galaxy",36
2014-01-15T18:01:34Z,Catania 1-4 Siena | Italy Cup 5. Tour | All Goals &amp; HighLights,3371
2013-10-16T11:02:53Z,EMOZIONI AZZURRE - Novara-Milan,620
2013-10-24T14:37:05Z,Intervista del dopo gara di Pontedera-Entella  al giocatore Luca Zanotti,615
2013-10-04T09:22:52Z,intervista a neto perreira,88
2014-01-25T16:56:53Z,Novara-Avellino 2-1 - Radiocronaca di Tarcisio Mazzeo (25/1/2014) da Radiouno RAI,582
2013-11-17T11:46:48Z,A Tutto Grifo :  Paganese - Perugia,356
2013-08-31T23:29:52Z,Novara-Siena 2-1 - Radiocronaca di Massimo Barchiesi (31/8/2013) da Radiouno RAI,437
2013-11-17T16:49:32Z,Siena-Spezia 2-0 - Radiocronaca di Mauro Carafa (17/11/2013) da Radiouno RAI,254
2013-10-13T15:34:07Z,Siena-Avellino 3-0 - Radiocronaca di Massimo Barchiesi (13/10/2013) da Radiouno RAI,484
