published-time,comment,likes
2013-11-10T13:58:00Z,Laul,0
2014-04-13T07:46:26Z,1:15 Y avait péno...,1
2013-11-03T23:30:36Z,"C'est rageant de voir les manques après autant de belles occasions :/ nancy va mieux , ça fait plaisir a voir",0
2013-12-24T10:33:17Z,rooon pschiiiiittt rooooonnn pssccchhhiiiiiiiittt,1
2013-12-23T18:01:29Z,"les gars moi je joue  au centre de formation des u13 de angers et bah mon gars c pas de la tarte tt les jours en tout cas je l'ai est tous rencontre
au moins une fois",0
2013-12-21T23:50:57Z,maliki fait un bon match,0
2013-12-21T23:13:18Z,Maliki !,0
2013-10-30T10:26:20Z,La seul chose qui va être pété c'est vos filets car on va bien les faire tremblé ;),0
2013-10-27T11:41:01Z,Non on va vous pt ;) ,0
2013-10-26T22:22:41Z,NÎMES 3 On gagne à Nancy les gars !!,0
2014-01-14T08:35:20Z,Allez Nîmes 3,0
2014-01-12T19:43:12Z,Allez le mhsc ,0
2014-01-12T09:32:56Z,Bravo les Crocos 3 Allez Nîmes 3,0
2014-05-16T20:29:52Z,Mauvaise intro mdr,0
2014-05-16T09:54:07Z,Le Nul de la HONTE !!!!,9
2014-05-14T19:26:41Z,Caen Caen En Ligue 1,2
2014-05-14T18:38:18Z,Match truqué..,32
2014-05-14T18:27:42Z,c l'intro de la saison dernière,0
2014-05-14T17:35:32Z,Minable ce match !,13
2014-05-14T14:19:53Z,Enfin ! ça fait plaisir de savoir que Caen retrouvera l’élite dès l'année prochaine !,2
2014-05-14T14:14:33Z,#Ligue2 - Revivez les meilleurs moments de SM Caen - Nîmes Olympique (1-1) en vidéo.,7
2014-05-14T07:07:06Z,bravo au malherbe la montée pour nancy l'année prochaine,1
2014-05-13T22:25:24Z,On est en Ligue 1 !!!!!!!!!!!!!!!!!!!!!! <3 <3,0
2014-05-13T22:24:39Z,Malherbe en Ligue 1 !!!!!!!!!!!!!!!!!!!!!!!!!!!!!!!!!!!!!!!!!!!!!!!!!!!!!!!!!!,0
2013-10-24T10:24:36Z,Lens a dominé largment,0
2013-10-23T11:47:54Z,"c'est à 1:17, mais t'as raison",0
2013-10-20T18:00:28Z,"N'avaient*. Et regarde simplement la différence au niveau de l'importance des occasions que les Nîmois se sont offerts. Je suis supporter Lensois, mais je citerai un grand auteur qui a dit : ""On a encore eu de la chance"".",0
2013-10-20T13:45:10Z,"Regarde les stats à la fin : Lens 15 tirs 3 cadrés 7 corners, Nimes 10 tirs 3 cadrés 2 corners. Victoire méritée pour Lens.",0
2013-10-20T11:31:55Z,"lens 15 tir nimes 10 donc ceux ki dise lens ne merite pas arreter
",0
2013-10-20T10:10:35Z,"nimes méritait largement mieux qu'une défaite et même qu'un match nul , lens a la chance du futur candidat a l'accession en L1 2 frappes , 1 cadré 1 but en seconde mi-temps",0
2013-10-20T07:35:52Z,"1:27 y dit qu'ellle est croisé alors qu'elle est détourné sinon la balle serait rentré ;)
",0
2013-12-01T16:12:46Z,2:26 Riad oh non !,0
2013-12-01T16:10:42Z,Le public était derrière vous allez no,0
2013-09-29T09:02:00Z,First (commentaire inutile ) =P,0
2014-04-23T08:01:38Z,"Très beau match pour le maintien, bravo à Nimes !",0
2013-10-19T10:28:44Z,--',0
2013-10-19T10:26:28Z,Bravo caen !!!,0
2013-10-06T20:14:50Z,First mdrr :p,0
2014-05-01T06:20:57Z,DFCO !!!!,0
2014-04-28T13:53:12Z,Forza Nancy ( même si j'aime bien le jeu de Dijon),0
2014-04-28T05:54:02Z,Très belle victoire mais le dfco s'est réveillé un peux tard pour la montée,1
2014-04-27T22:14:48Z,Vive le dfco j'y était un match de dingue,5
2014-04-27T01:41:41Z,...,0
