published-time,comment,likes
2014-05-04T08:48:49Z,Vtk,0
2014-05-04T08:20:31Z,DFCO !!!!!!!,0
2013-08-11T10:55:33Z,Et puis même pas d'image de Capelle blessé...,0
2013-08-11T04:03:06Z,les mec il mettent stade jule deschaseaux aprés il disent qu'il sont battut tours 3 buts a 2 il se trompent c'est stade océane et niort!!,0
2013-08-10T22:38:15Z,C'est pas Stade Jules-Dechaseaux mais Stade Océane ;),0
2014-03-05T19:22:46Z,"Yeah I still say he's overrated. I mean it's all very well putting these cherry picked highlights together but I'd still take Valdes, Cech, Mignolet and Scezcny over him.",0
2013-09-04T11:43:40Z,"No way!
He is 10 times better!",0
2014-07-12T17:40:02Z,Encore Lucas qui est à l'origine de tout sa.. Je ne comprend pas comment le Brésil ne la pas sélectionné. ,4
2014-07-06T20:50:54Z,"zlatan est capitaine ? il n'est meme pas francais, je suis sur qui le parle meme pas ?
pff nawak sa
sinon, but chanceux ^^",0
2014-05-21T16:50:48Z,"ced, je trouve injuste ton commentaire...dire que Zlatan n'est pas un ""très grand"" joueur n'est pas objectif... le mec en 2 ans qui peux mettre 70 buts (même si c la ligue 1) je demande à voir... le volume de jeu? hey mec il à 32 ans!! les p'tits jeunes à côté peuvent récuperer le ballon. En tout cas tant qu'il nous mettra des buts d'extra-terrestre (qui d'autre peut le mettre celui-la?) moi ça me va. Je suis fan.
zlatanement votre...amicalement. ",2
2014-05-12T05:19:12Z,"Plus beau but de la saison... Mon cul ! Sucez tous Zlatan, c'est bien.",0
2014-05-12T02:52:57Z,"allez dire ca  amarseille qui font 6 matchs 6 defaites en ligue des champions

mais vue qu'en france on a l'art de la defaite par humiliation .. on aiment pas les equipes qui prennent du poids comme paris

c'est tellllllllllllllement mieu d'etre nul...",6
2014-05-12T02:40:02Z,"trop de commentaire très bas dommage les nazettes ! oui PSG est champion de France,oui PSG sera champion d'Europe bientôt mais jamais avec des joueurs de bas niveaux OUI ZLATAN est l'un des meilleur joueur ,,, Bande de nazes",4
2014-05-04T13:18:41Z,il gere,0
2014-04-27T08:30:20Z,Renommons la vidéo ! Fantastique but du talon (00:33) et gamelle (00:35) de Zlatan IBRAHIMOVIC ,7
2014-04-19T12:55:20Z, Zlatan a toujours du bol il ne fait pas expre,2
2014-02-20T17:59:07Z,Grave tu as raison,0
2014-01-30T10:27:43Z,0:44 La tête du vieux! hahaha,0
2014-01-26T19:34:38Z,"le gros craneur se la pete : "" je n'ai pas besoin du ballon d'or pour savoir que je suis le meilleur ( gros pretentieux )",2
2013-12-23T18:34:44Z,"les gens disent de lui que c'est un des plus grands du ballon rond ??!!! grand par sa taille oui mais pas par son volume de jeu. Ok il marque de joli but, il tente c'est normal que ça rentre de temps en temps mais techniquement, il est à coté. Oui il est bon, excellent attaquant, mais ce n'est pas un trés grand... Cavani par exemple, je le trouve plus complet que Zlatan, Lucas pareil, et pour le dernier cité il est mille fois meilleur que lui...... Les gens sont obnibulés par le ""viking"", j'ai envie de leur dire d'enlever leurs oeillères ^^ !!!",0
2013-12-02T20:04:43Z,Avec Cavani,1
2013-12-02T20:04:21Z,Zlatan Ibrahimović Il est trop fort c'est mon meilleure joueur du monde,1
2013-11-02T22:25:36Z,Le plus beau but de l'année avec en même temps la célébration la plus foirée de l'année! ,0
2013-10-24T23:58:14Z,"Ajax : 2 Eredivise
          1 Cup
          
Juventus : 2 Serie A

Inter : 3 Serie A 
2 Supercoppa Italiana 

Barcelona : 1 Liga 
 2 Supercopa de España
 1 UEFA Super Cup 
 1 FIFA Club World Cup 

Milan : 1 Serie A
 1 Supercoppa Italiana 

Paris Saint-Germain : 1 Ligue 1 
1 Trophée des champions 
",0
2013-10-24T20:48:58Z,"mange landrau
",1
2013-10-24T19:40:45Z,"This guy lack something which I can't figure out but one of the finest player of the game... 
He could've won lots of trophies but don't know why he's not...",2
2013-10-23T23:18:16Z,zlatanissation,1
2013-10-23T17:48:10Z,"Great goal from Ibra, but also great preparation from Lucas.",2
2013-10-22T23:45:09Z,That was genius goal by Zlatan!! ,2
2013-10-22T21:53:59Z,En italie ou en angleterre lesi difenseur ne laissent pas cette liberte...,0
2013-10-22T14:03:46Z,"Paris n'est rien sans la Tour Eiffel , Le PSG n'est rien sans Zlatan",1
2013-10-22T12:12:32Z,Si tu marque régulièrement des but comme sa contre des défense de ligue 1 !!! n'hésite pas le PSG a besoin de toi ...,1
2013-10-22T11:28:45Z,lol,0
2013-10-22T08:44:47Z,j'y étais!! cétait fantastique !!!!,1
2013-10-22T07:15:47Z,"Lol rushil on te croit, tu fais aussi les dribbles comme lucas ?",0
2013-10-21T22:27:31Z,TU AS BIEN RAISON QUEL PUTAIN DE BUT...VRAIMENT..,0
2013-10-21T22:26:45Z,JE PENSE DE TOUTE FACON QUE LE PSG EST ENORME...,0
2013-10-21T22:25:40Z,VRAIMENT UN BUT A FAIRE VOIR ET REVOIR DANS TOUTES LES ECOLES DE FOOT...C'EST FANTASTIQUE...,2
2013-10-21T17:21:42Z,"J'ai humblement deja marqué des buts comme ca.
Pour moi le plus impressionnant c'est le public qui crie son nom!!",1
2013-10-21T14:52:09Z,quel but magnifique putain ,1
2013-10-21T14:43:50Z,Incrouable!,0
2013-10-21T14:15:37Z,La gamelle d'Ibra à 0:35,1
2013-10-21T12:47:23Z,"nul
",0
2013-10-21T12:47:07Z,"ibra ibra
",0
2013-10-21T12:45:29Z,0.35 zlatan se prend une gamelle encore plus zlatanesque,1
2013-10-21T11:38:38Z,"J'aime l'om, j'aime zlatan, ce but est magique!",0
2013-10-21T11:18:10Z,нда ..... не РФПЛ,0
2013-10-21T10:41:31Z,IBRAAAAAAAAAAAAAAAAAAAAAAAAAAAAAAAAAAAAAAAAA!!!!!,0
2013-10-21T10:22:11Z,"INCROYABLE BUT, INCROYABLE CLUB",0
2013-10-21T10:07:13Z,Meme si j'aime pas Zlatan  et que je supporte pas Quatar saint germain ce but est magnifique,1
2013-10-21T03:36:50Z,Ibrahimovic !!!!!!!!,0
2013-12-24T13:56:46Z,Fuck fc Metz,0
2013-12-22T11:43:37Z,Non non la lorraine est grenat !!! Metz en ligue 1 ♥,1
2013-12-21T23:16:15Z,Metz qui va craquer a la reprise ! ,0
2014-07-28T19:23:16Z,"Lucas é um jogador muito talentoso todo mundo sabe , só falta ele concluir a jogada com o gol. Senao nao adianta .Sempre fica no quase, no quase.. ",0
2014-07-24T03:38:29Z,Amazing Skills!!,1
2014-07-23T15:42:46Z,Droit Au But !,2
2014-07-23T15:40:52Z,"Ok, il court super vite mais faut voir le placement de la défense là-dessus ! Le mec va tout droit !",1
2014-07-18T09:43:52Z,Il va faire très mal cette année avec une préparation complète !,0
2014-07-14T16:22:15Z,Why didn't this guy go to the world cup,2
2014-07-13T13:55:30Z,Good run but better save !!,0
2014-07-11T17:50:32Z,e o felipão ainda me leva o hulk e bernard pra seleção,0
2014-07-08T01:20:52Z,hey scolari bet you wish you had Lucas Moura and Coutinho you idiot,2
2014-07-07T19:17:18Z,Lucas  will be one  of  the  best  next  world cup,2
2014-06-07T21:21:40Z,":""( fuck you number 24 who saved!!!!!!",0
2014-06-07T07:22:32Z,Lol everybody hatin on Fanni for doin his job,1
2014-05-30T12:42:39Z,FUCK SCOLARI ,43
2014-05-25T23:54:51Z,"Ehhhh    Ehhhhh  Ahhhhh   kkkkkk
",0
2014-05-25T18:32:32Z,O técnico do Brasil é louco. levar o Bernard para copa do mundo e não leva o Lucas,28
2014-05-23T19:30:35Z,"o lucas ñ perdeu o gol e sim o defensor teve meritos pq acompanhou a jogada, fez a leitura perfeita e conseguiu impedir o gol qase encima da linha, muita falta d sorte do lucas q concerteza ganharia o puskas 2014, o bom é q o lucas está conseguindo impor seu ritimo e habilidade na europa e pode fazer muito mais q isso, futuro melhor do mundo",0
2014-05-22T23:49:13Z,"Amazing run but the clearance was really good too , defenders are way underrated ",0
2014-05-21T10:00:32Z,Not sure if this is a brilliant run or just tragic defending. He literally just ran in a straight line,2
2014-05-13T00:02:53Z,"if he had scored, it would have been regarded as one of the greatest goals of all time",15
2014-05-11T22:42:25Z,Apparently the Brazil coach isn't calling up lucas moura.,83
2014-05-09T21:49:21Z,He should of joined united ,0
2014-04-30T03:27:03Z,Só faltou o gol pra ficar lindo!!,0
2014-04-22T13:52:02Z,a maquina tricolor ,0
2014-04-17T20:59:26Z,GREAT RUN! :) horrible finish... :(,0
2014-04-16T17:13:51Z,One could say it's a shame he didn't score on the back of that amazing run. One could also say it was great defending :D,0
2014-04-15T17:48:10Z,"Defender was like ""gtfo you ain't messi"".",1
2014-04-13T13:46:40Z,Like a hot knife through butter,0
2014-04-09T15:11:42Z,"Yikes! the defender could have missed hahaha
the ball was already over the line almost ""

Just missing the Brazil team did not take him to the World Cup, it would be just dumb!

Leva ele Felipão !!!",1
2014-04-09T10:07:13Z,Better than Maradona and Messi's runs!﻿,86
2014-04-08T14:39:53Z,isso nem psaaou no brasil.... se fose neymar  passaria a semana inteira  em todas as emissoras..... vsfd,4
2014-04-05T20:25:06Z,"Lucas next Kaká!

But Oscar -next Iniesta-, and Neymar -next reference of football- are betters.",5
2014-04-03T17:31:54Z,Stupid Marseille...,0
2014-04-03T02:55:52Z,GOL DO ANO NOS VERIAMOS LÁ NA PUSKAS SE NÃO FOSSE O MALDITO ZAGUEIRO !!,0
2014-03-30T06:03:55Z,that's why Messi always would be the best ever......he could score vs getafe that magnificient goal.,0
2014-03-28T22:30:21Z,Jugadorazo mejor que neymar ,0
2014-03-24T08:56:36Z,最後にゴールできなかったので、よけいドリブルプレイの凄さに目がいくよね。,0
2014-03-23T22:20:36Z,My 2nd favorite Brazilian ;-) ,0
2014-03-19T14:16:22Z,And oscar go to lucas moura,0
2014-03-16T12:03:03Z,4th time lucky...,0
2014-03-15T22:23:22Z,"Prova a fare una cosa del genere in 3 categoria, ti saltano le caviglie al primo contrasto...dov'è la difesa dell'OM?? ",0
2014-03-15T10:19:30Z,"Btw this always happens on FIFA ffs your with a 90+ pace player and go past everyone, suddenly the CB is faster than Walcott and catches up with you lmao",246
2014-03-15T10:17:55Z,"Hope he makes the squad for Brazil, hasn't really featured for the Seleção for a while, seems his back to form now",3
2014-03-12T04:45:01Z,クリアされるんかいｗｗｗ,0
2014-03-12T04:44:59Z,クリアされるんかいｗｗｗ,0
2014-03-10T21:12:09Z,even though this clip shows you about 5 times i just had to watch it again!! haha,3
2014-03-09T21:34:56Z,That's what I call an engine.,22
2014-03-09T21:32:01Z,"Dat pace doe
",1
2014-03-09T20:59:39Z,parece ate o meu amigo Nicolas da Palmeira jogando !,0
2014-03-09T19:39:58Z,Psg fans come to my Chanel ,1
2014-03-09T16:59:08Z,"A very fast player running in a straight line through a non existent midfield and defence and finishing poorly.
Some of you need to see this for what it was.
It wouldn't even have been one of the top 1000 goals of all time!!!!",0
2014-03-09T15:03:41Z,"ぶっちゃけ、フォアチェックの弱点だよね

あいてのが速かったらもうダメだよ",0
2014-03-09T07:09:10Z,I hope that he keeps up the good work and make it to the World Cup.,0
2014-03-09T01:14:15Z,"caraca meu, merecia o gol velho!!",0
2014-03-08T20:01:08Z,"é uma pena não ter entrado , iria ser o gol do século ! ",0
2014-03-08T14:44:58Z,puskas award 2014 winner is luc.....aaaand it's gone,255
2014-03-08T10:48:23Z,"   Would have been an amazing goal Fanni, why'd you do it?",0
2014-03-07T23:57:51Z,"Dayyyuummmmm, check out that run!!",0
2014-03-07T20:59:41Z,Lucas ''Maradona'' Moura kkkkkkk,0
2014-03-07T17:35:44Z,les personnes qui n aimes pas sont des marseillais mdr,2
2014-03-07T10:47:22Z,Fanni enemy of the beautiful game,0
2014-03-07T09:01:51Z,"It's not defender's fault for doing his job, it's just Lucas didnt finished
Still run was amazing. Lucas future legend",1
2014-03-07T01:15:56Z,"O  lucas é um bom jogador, só falta vontade de jogar",0
2014-03-06T22:32:46Z,Lucas le futur ronaldinho,2
2014-03-06T17:57:29Z,"I feel so sorry after that amazing run, he got unlucky, good defending though ",0
2014-03-06T01:50:19Z,a  la proxima,0
2014-03-06T00:21:12Z,Lucas: why do u do this to me fanny why???,0
2014-03-05T18:17:40Z,"Guys stop hating Fanni.
Marseille vs P$G is the most important ""derby"" in french football so it wasn t a random match it was important to save the ball",1
2014-03-05T18:07:29Z,Why fanni why,0
2014-03-05T18:04:11Z,"Thanks a lot Fanni, prevented what would have been one of the best goals of all time.",360
2014-03-05T11:37:24Z,Terrible defending ,0
2014-03-05T09:52:26Z,le dernier défenseur doit l'exploser au lieu de tacler dans le vent,0
2014-03-05T06:19:45Z,This proves that Lucas could finish he had the composure to chip it barely over the GK but not to much so it wouldn't fly over like many do,0
2014-03-05T06:19:44Z,This proves that Lucas could finish he had the composure to chip it barely over the GK but not to much so it wouldn't fly over like many do,0
2014-03-04T23:42:27Z,Really good play on both parts. Fanni did well to read the danger and race back to clear it.,0
2014-03-04T21:04:11Z,So close...,2
2014-03-04T19:42:21Z,WOW,0
2014-03-04T17:26:05Z,:o,0
2014-03-04T12:43:15Z,"Hizo 1 adelanto de pelota de mas, si no era gol.",0
2014-03-04T10:42:11Z,"If this player scores more goals, he will be awesome ! He ça' win golden ball !",0
2014-03-04T09:57:36Z,Neymar would have dived half way in the opposition's half :)),224
2014-03-04T09:46:56Z,the new ronaldinho,2
2014-03-04T09:36:08Z,"Cazzo se lo meritava per davvero il gol,grande lucas",0
2014-03-04T09:20:39Z,maestro :D,0
2014-03-04T05:03:21Z,FASTEST PLAYER IVE SEEN!!!!!,1
2014-03-04T04:33:56Z,,0
2014-03-04T04:33:39Z,Lucas is back! ,0
2014-03-04T04:33:38Z,Lucas is back! ,0
2014-03-04T03:10:31Z,Da hora foi ouvir o som da torcida crescendo a cada drible!,1
2014-03-04T01:33:43Z,la remonter de lucas ma impressionner ce soir la !! mais la poursuite de fanny ma autant impressionner !! chapeau fanny !!!,0
2014-03-04T00:55:05Z,"A terrific run by Lucas, excellent dribbling skills and nice attempt at goal; he just should have hit it a bit harder.

Lucas is not really a goalscorer (he will learn though) but had to try scoring himself because his run was so fast none of his fellow strikers was close enough to try a pass. Ibra tried his best but was never gonna arrive in time and Lavezzi was too defilated + he's never been exactly a sniper either. I wonder what would have happened had the fast, agile Cavani been on the pitch...

On the other hand, noblesse oblige, Fanni made an excellent clearance and should be recognized for that.

Well done Lucas, well done Fanni  :)",0
2014-03-04T00:50:19Z,This even hurts me :(((((( that pace tho ,2
2014-03-03T23:33:44Z,Easy : ) ,1
2014-03-03T22:59:56Z,almost ....,0
2014-03-03T22:19:26Z,Thats not Fanni bro,0
2014-03-03T21:12:51Z,Jebem ti sunce ovo ni u PES-u nema,0
2014-03-03T20:58:09Z,He should have let it go in,0
2014-03-03T20:54:23Z,Red card to the nigga who deprived us off the goal of the year.,3
2014-03-03T20:51:25Z,"simplesmente lindo, só faltou o gol.",0
2014-03-03T20:46:14Z,Stupid Fanny you idiot. Couldn't just let it go could you.,83
2014-03-03T19:53:46Z,Learn to finish....,0
2014-03-03T18:42:38Z,please tell me who is neymar ,1
2014-03-03T18:42:12Z,ici c'est PARIS  !,0
2014-03-03T18:36:18Z,"was not a goal, because he's not Argentinian =D. only Messi and Maradona",0
2014-03-03T18:11:40Z,O FOGUETE TRICOLOR!!!,20
2014-03-03T17:19:50Z,OM defense fucked up really!! How can 4 defenders let the striker go like this? They had to go for a tactic fault here!,2
2014-03-03T17:07:22Z,unbelievable dribbling :D the Center back has almost defaced a god goal :( ,2
2014-03-03T16:54:37Z,nooooooooooooooooooooooooooooooooooooooooo. ca...spita!!! tifavo per te!,2
2014-03-03T16:09:17Z,Increddible,0
2014-03-03T15:16:03Z,"i saw  ronaldo run,,,,after long time,,,",3
2014-03-03T15:06:22Z, I can't believe !,1
2014-03-03T14:51:12Z,Fuuuuuuck you Fanny !,94
2014-03-03T14:27:16Z,Shocking defending.,0
2014-03-03T14:26:22Z,speed hack!,66
2014-03-03T13:43:09Z,"Reminds me of the young kaka at milan, he used to make those runs every week.",8
2014-03-03T13:16:53Z,What a Fanni,0
2014-03-03T12:47:27Z,Whoever stopped that is a massive Fanni,0
2014-03-03T12:33:40Z,Damn you Rod Fanni --',4
2014-03-03T12:29:06Z,Bien trop fort,0
2014-03-03T12:27:28Z,It's a shame that didn't go in. I'm almost mad at the centerback for doing his job!,86
2014-03-03T11:53:25Z,The real sao paulo Lucas is back! :) Brazil is ready for world cup 2014!,60
2014-03-03T11:28:08Z,PSG,7
2014-03-03T11:25:36Z,SVAKA TI DALA,2
2014-03-03T08:29:54Z,PACE ABUSE,2
2014-03-03T08:08:43Z,"Listen..
1º Aheeeeeeeee
2º Heeeeeeeeeeeeeee
3º Houheeeeeeeeeeeeeeee
4º Haaaaaaaaaaaaaaaaaaaaaaaaaa
5º (Goalkeeper) GOALLLLLLLLLLLLLLLLLLLL (fail)
6º Huuuuuuuuuuuuuuuuuuuuuuuuuuuuuuuuuuuuuuuuuu CLAP CLAP CLAP CLAP",242
2014-03-03T04:21:53Z,Wow... He makes Fifa 14 Lucas look slow compared to the real Lucas,12
2014-03-03T03:37:46Z,Porra Zagueiro,4
2014-03-03T03:26:26Z,Lucas the Hedgehog!,9
2014-03-03T03:14:07Z,"Esse é o Lucas que conhecemos, pena que o gol não saiu, zagueiro desgraçado -_-'",5
2014-03-03T02:24:51Z,wow..blistering pace.  Props to the defender as well for preventing that goal,5
2014-03-03T02:14:31Z,That was incredible,19
2014-03-03T02:03:09Z,could've been best goal in 2014,266
2014-07-27T16:22:03Z,allez guingamp ! ,2
2014-03-03T20:05:12Z,les paysans son de retour! aller guingamp,2
2014-03-03T11:40:32Z,"c'est pour quand l'ambiance au stade de rennes ?
1:57 rennes progresse ils commencent à encourager leur équipe",3
2014-03-03T09:32:38Z,"Bien d'accord, 2-0 pour les homosexuels contre les homosexuels",2
2014-03-03T00:48:46Z,Avec ces deux clubs d'homosexuels on peut croire que c'est la gay pride,1
2014-07-08T06:49:44Z,"C'était une très belle action. Même en étant fan de l'OM mais avant tout un fan de football, les vrais footeux sauront reconnaître le magnifique rush de Moura mais aussi le sauvetage in-extremis de Fanni.",5
2014-05-24T14:10:42Z,Marseillais mes je reconnais qui ces gavé ,0
2014-05-23T11:06:56Z,Vous êtes vraiment con les gens qui critiquent Fanni. Vous avez cru il allait laisser passer la balle juste parce que ca aurait été compté comme un des plus beaux buts de l'année ? C'est vrai que Lucas a super géré son action mais il a tenté le solo au lieu de la passer à Ibra et Fanni a super bien anticipé. Donc gg à Fanni et à Lucas pour l'action mais les gens qui l'insulte de fpd ou autre... Honte à vous.,2
2014-05-20T09:00:02Z,Voilà l OM toujours la toujours en defense,0
2014-05-19T14:50:48Z,"Après l'action, Fanni a reçu 2342 plaintes pour crime contre l'humanité.",1
2014-05-14T22:01:47Z,J'avoue avoir poussé un éclat de rire. C'était fabuleux!!!!!! Mais ce genre de choses n'est pas fini pour l'om. Dommage pour la finition.,0
2014-05-13T22:28:59Z,Et dire que ce joueur ne sera pas pris pour le mondial .. N'importe quoi.,0
2014-05-06T11:33:11Z,C'est bon lucas a finit sa vie il a fait deux trois dribbles et sa vie est finit,0
2014-05-04T11:58:21Z,Big boy Fanni to the rescue,0
2014-04-23T05:18:54Z,Je me suis abo a ta chaine rends stp,0
2014-04-15T17:24:14Z,"j'fais pareil sur fifa rien d'exceptionnel

:) ",10
2014-04-09T18:02:45Z,je suis marseillais et supporter mais cette action sublime je suis obliger de la regarder et encore re re regarder je m'en lasse jamais respect a lucas  pour  et ALLEZ L'OM  #marseillais  #om ,0
2014-04-04T11:36:42Z,"si il aurait pu passer la balle à ibra ou lavezzi au dernier moment, ça aurait été magique !",0
2014-03-29T14:04:54Z,alles psg,1
2014-03-21T20:30:47Z,Excellent.. Lucas.. Excellent Paris Saint-Germain,5
2014-03-21T20:30:42Z,Excellent.. Lucas.. Excellent Paris Saint-Germain,0
2014-03-17T20:05:21Z,Joga muitoooo,0
2014-03-17T20:03:33Z,aff,0
2014-03-17T10:50:47Z,"MDRRR une action a la Husain Bolt qui aurai marqué l'histoire du football ? arrêter de rêvez y'a que les journaliste français pro PSG qui on passer cette action en boucle , au final Lucas regardera la coupe du monde devant ça télé c'est la seul chose que je retiens de lui LOL !!! puis ça me fais rire des gens qui se prétende bordelais e c t et qui suce paris mais LOL moi marseillais je supporte l'OM le reste allez vous faire touchez le cul !!!!!!!!!!! FORZA OM JUSQU'A LA MORT !!!!!! VOILA LA DIFFRENCE ENTRE NOUS ET VOUS , NOUS ON EST PRET A COULER AVEC NOTRE CLUB , ET PENDANT SE TEMPS LES AUTRES CHANGE DE CLUB COMME DE CHAUSSETTE ahahahahahah Bref 1993 a jamais les premiers on peu mourir tranquille comme avais dit thierry roland en 98 sauf que nous depuis 93 on peu mourir tranquille LOL allez ciao ciao les pseudo supporter qui regarde les match devant leur télé LOL .",2
2014-03-13T10:51:32Z,i love you!!!!!!!!!!! LUCAS,0
2014-03-12T13:14:03Z,"Pourquoi dribbler quand il suffit de courir tout droit !! ^^ 
Lucas <3
PSG <3",1
2014-03-11T18:10:46Z,le match en direct + les commentaires de Grégoire Margotton c'est magique !,2
2014-03-10T14:37:43Z,Who'd have thought it would be a Fanni that comes to the rescue.,0
2014-03-09T05:16:42Z,Je suis pour l'OM mais j'avoue que le rush est magnifique !!,0
2014-03-08T22:31:17Z,"Je suis 12990000000% bordelais pourtant je dois avouer que sur c'est instant j'étais pour Paris,Lucas aurait pu rentrer dans l'histoire du football ",4
2014-03-08T08:35:41Z,J'aurais trop le seul a sa place ,2
2014-03-06T21:54:17Z,LUCAS BAISE TT LE MONDE,0
2014-03-06T14:02:59Z,serieux fanni aurait du la laisser passer celle la ! ;),0
2014-03-06T04:02:28Z,fanni je te déteste encore plus enfoiré,3
2014-03-05T20:48:43Z,Même l'arbitre supporte le PSG à 0:31  #icicestparis  ,10
2014-03-05T13:55:38Z,Lucas lucass !!,0
2014-03-05T06:59:30Z,Lucas Moura il manque les buts pour être un Zlatan!!!,0
2014-03-05T04:18:42Z,"""Droit au but"" LUCASS des reins.....",0
2014-03-05T04:18:40Z,"""Droit au but"" LUCASS des reins.....",0
2014-03-04T22:39:07Z,Mdrrrrr c est pas possible d etre aussi nul. Franchement bravo aux marseillais qui ont montré un niveau de poussin sur cette action. Personne ne se serait fais avoir comme ca,2
2014-03-04T22:39:06Z,Mdrrrrr c est pas possible d etre aussi nul. Franchement bravo aux marseillais qui ont montré un niveau de poussin sur cette action. Personne ne se serait fais avoir comme ca,0
2014-03-04T21:24:11Z,BEAST !,1
2014-03-04T21:22:30Z,luuuuuuuuuuuuccccccccccccaaaaaaaaaassssssss,1
2014-03-04T18:36:06Z,Je n'ai pas vu ce genre d'action depuis Olive et Tom avec un mec qui remonte le terrain tout en évitant les tacles glissés des joueurs adverses. Magnifique !!!,8
2014-03-04T18:33:49Z,Vous appelez cela casser des reins? Les marseillais ont juste raté leur tacle. Autrement il court très très vite. ,0
2014-03-04T14:25:33Z,"Monstrueux, vraiment monstrueux, j'y crois toujours pas comment il accélère balle au pied, c'est tout simplement monstrueux.....",0
2014-03-04T13:32:00Z,"""DROIT AU BUT"" c'est pas la devise de l'OM ?",126
2014-03-04T12:57:44Z,Incroyable mais faut reconnaitre que Fanni a bien joué le coup,2
2014-03-04T12:57:12Z,L'appel de Lavezzi (a droite) lui ouvre tous l'espace aussi ..,0
2014-03-04T10:56:12Z,It's a shame he has to play for such a irrelevant plastic club.,1
2014-03-04T10:53:26Z,Les cris du stade qui montent crescendo au fil de l'action sont incroyables,15
2014-03-04T09:36:52Z,Quelle enfoiré ce Fanni,22
2014-03-04T09:24:51Z,sans commentateur rien que LUCAS et le public du parc.. c'est un régal a entendre.. une action MAGISTRAL... j'espere qu'il sera a la coupe du monde avec le Bresil,0
2014-03-04T08:45:00Z,LUCAS va trop vite pour tout le monde !,0
2014-03-04T07:12:33Z,33 km/h ,0
2014-03-04T04:22:52Z,FIFA 13!!,1
2014-03-04T03:46:56Z,moura es mejor que neymar ,3
2014-03-04T02:35:48Z,Je n'acredite pas!! Horrible!,0
2014-03-04T01:50:49Z,"Il a montré aux Marseillais ce que c'est d'aller ""DROIT AU BUT""",0
2014-03-04T00:55:58Z,Je bande !﻿,4
2014-03-04T00:45:48Z,"He's out of 2014 World Cup.
Fuck Scollari!",1
2014-03-04T00:42:35Z,This reminded me of Theo Walcott against Liverpool back in the days at UCL and it ended up in a goal ;),0
2014-03-04T00:15:18Z,"Franchement je court beaucoup plus vite que lui, et on en fais pas une tonne 
Pfff Pathétique.",2
2014-03-03T22:24:35Z,jai failli faire un arret cardiaque sur cette action ^^ en tout cas bien jouer a lui,58
2014-03-03T22:07:29Z,MERCIIII FANNNIIII <3<3 ,0
2014-03-03T21:43:30Z,VRAAAAOOOOUUUUUMMMMMM ,1
2014-03-03T21:34:24Z,Il y avait Zlatan tout seul !,0
2014-03-03T21:33:58Z,Fanny la grosse merde,0
2014-03-03T21:20:28Z,C'est super ce que tu fais Lucas mais maintenant il va falloir marquer pour t'imposer définitivement ,0
2014-03-03T20:57:22Z,"Ben arfa a réalisé la même prouesse l'an passé, sauf que lui, il l'a mis au fond !",0
2014-03-03T20:56:37Z,THIS IS PARIS !!,5
2014-03-03T20:51:29Z,BRASIL !,0
2014-03-03T20:50:52Z,replay 100 vezes kk!,0
2014-03-03T20:32:42Z,"0:25 J'aime bien comment Lavezzi part s'occuper de Morel, dommage que Zlatan s'est pas occupé de Fanni",0
2014-03-03T20:16:51Z,"Quitte à perdre autant que cela soit pour des beaux buts, vraiment dommage !",0
2014-03-03T19:52:30Z,L'anner derniere menez avait fait presque la meme chose mais sauf que c'etais rentrer . Dite moi contre qui c'etais si vous le savez,0
2014-03-03T19:35:36Z,FUCK YOU FANNI!!!!!!!!!!,1
2014-03-03T19:29:22Z,il a eleminer 5 joueur ou 7 ptin,0
2014-03-03T19:29:16Z,99 speed 99 acceleration pls,32
2014-03-03T19:27:17Z,fanni pt1 falai faire sremblan de manquer la balle,0
2014-03-03T19:13:28Z,Aucun respect fanni ...,4
2014-03-03T19:09:20Z,Putain Fanni il a tout gâcher !,24
2014-03-03T19:02:08Z,Fuck u Fanni!!!,0
2014-03-03T18:52:19Z,bien rod fanni,0
2014-03-03T18:48:13Z,moi je suis juste heureux d avoir vu se tel spectacle quel bouillon j ai mal pour ayew qui se prend deux café crème pour le pris d un  j' avais pas vu sa depuis Ronaldinho  lucas est un phénomène j espère que tout les rageux qui l ont critiquer ont bien ouvert les yeux  !!!,1
2014-03-03T18:44:55Z,c'est la plus occasion de l'année,2
2014-03-03T18:22:27Z,Magnifique 😎,1
2014-03-03T18:14:48Z,Dopage !,0
2014-03-03T17:53:40Z,"Est ce que l'arbitre peut siffler penalty pour ce genre d'action? Apres sa percée super et son petit piqué, Lucas se fait faucher illicitement par Mandanda mais comme la balle est deja partie est ce que ya penalty noramlement?",0
2014-03-03T17:45:26Z,ce qui me fait kiffer chez ce joueur c'st sa technique sa vitesse .. Un style a la ronnie ... Les vrais seront ,0
2014-03-03T16:59:56Z,"Lucas a de la chance que les défenseurs soient de la grosse merde.
Il n'a pas eu de chance sur le retour héroïque de du défenseur ",0
2014-03-03T16:50:39Z,Le Mec y va tout droit ! J'ai fait la meme sur World Cup 98 sur Nintendo 64 !,0
2014-03-03T16:14:21Z,LUCAS MELHOR QUE MESSI,2
2014-03-03T15:42:44Z,I dare him to do the same in Premier League!!,1
2014-03-03T15:32:55Z,"Le seul défenseur qui est pas à la rue c'est Fanni, puisqu'il à la présence d'esprit de suivre l'action. Le reste se jette comme des poussin, pas étonnant qu'il passe a 33km/h, il avait les Champs Elysée devant lui, et une défense en mousse.
Celui d'Hamouma est plus joli, même s'il est moins rapide, mais il se fini en but, et on en parle pas parcequ'il joue à l'ASSE. M'enfin, c'est tant mieux, sa leur évite de prendre la grosse tête.",0
2014-03-03T15:21:58Z,Il va à 33km/h pas 38,0
2014-03-03T15:09:01Z,"Fanni de merde :'( 
Ca aurrait ete le but de l'année",39
2014-03-03T15:08:26Z,"Quelle vitesse o_0, Forza OM ! ",1
2014-03-03T15:08:25Z,Fanni le criminel... Serieux!,10
2014-03-03T14:12:18Z,A noter aussi le magnifique retour de Fanni,0
2014-03-03T13:30:56Z,"ca me rappel le Slalom de Menez contre Rennes la saison dernière mais lui il avait marqué à l'aise
Quand même quoi Morel a mis Lucas au tapis pendant tout le match",0
2014-03-03T13:27:32Z,"arrivé à la ligne médiane on voit que Zlatan l'accompagne dans sa course, il est juste 2 mètres derrière Lucas quand il tente le lob alors qu'il n'a pas vraiment courru a fond, incroyable ce Zlatan",1
2014-03-03T13:23:07Z,"La tête de Lucas après :  
-__________-",0
2014-03-03T13:09:31Z,RUBBISH.................He didn't even score!!!,0
2014-03-03T12:51:39Z,Vive Fanny <3,0
2014-03-03T12:38:47Z,"vitesse de course mesuré à 33km/h avec le balon en driblant c est juste énorme, fanny c est pas cool t auré pu laissé le ballon entrer pour le but de l année en L1",0
2014-03-03T12:09:16Z,"Des buts comme ça on en verra pas 15, dommage que ça soit pas rentré.",2
2014-03-03T11:50:56Z,Trop puissant Lucas ,0
2014-03-03T11:33:29Z,Rod Fanni est aujourd'hui jugé pour crime contre l'humanité de ne pas avoir laissé ce ballon rentrer.,539
2014-03-03T11:20:18Z,Inutile ya pas but puis si il court vite il devrait se mettre a l'athlétisme ;),0
2014-03-03T11:17:26Z,relou Fanni . . . ,18
2014-03-03T09:53:33Z,Je suis pas parisien mais j'aurais trop qu'il marque la 0_o,3
2014-03-03T09:01:53Z,"ca me rappelle une action de messi au barca sauf que lui avait marque, dommage pour lucas car il aurait pu etre classe parmi les plus beaux buts de l annee
j espere qu il en fera d autres comme ca",2
2014-03-03T08:39:00Z,Não soube concluir.,0
2014-03-03T08:34:46Z,Je pense que Lucas n'a pas le profil de cette équipe ! Il pourrait faire encore plus mal avec des équipe qui jouent en contre comme Liverpool ! Il aurait plus souvent l'occasion de partir comme une fusée parce qu'avec le PSG les équipes en face jouent a 11 derrière la plus part du temps !,2
2014-03-03T08:15:08Z,Ici c'est Paris !,3
2014-03-03T08:05:31Z,je suis 100% marseillais mais la j'applaudi pas pour les dribles mais pour sa vitesse et son match entier a lucas,65
2014-03-03T07:42:19Z,"A ça place, j'aurai décalé ibra ",1
2014-03-03T07:31:41Z,le meillieur dribbleur,3
2014-03-03T06:36:19Z,FIFA 14 mode amateur :),120
2014-03-03T03:11:25Z,Regarder le public parisiens aussi ,1
2014-03-03T02:24:21Z,fanni aurait du le laisser entrer juste pour la beauté de l'action,102
2014-03-03T02:07:59Z,:(,0
2014-03-03T02:06:44Z,"Il l'aurait mit, de 1 ce but aurait fait le tour du monde, de 2 il serait entré dans l'histoire des meilleurs buts de la Ligue 1.",16
2014-03-03T01:55:33Z,Si seulement il avait fait un finish à la Cavani ...,4
2014-03-03T01:40:27Z,Incroyable,2
2014-03-03T01:30:53Z,Let's go.,0
2014-03-03T01:21:37Z,"les défenses adverses sont prévenus, le lucas de Sao Paulo, est de retour, ca promet du grand spectacle ^^",2
2014-03-15T06:45:32Z,Commentateur nul,2
2014-03-09T16:07:26Z,Le gardien de Clermont c'est pas Fayolle mais Farnolle,2
2014-03-04T22:06:47Z,"This is brilliant. Nice music with the murmur of the crowd in the background. 

Both goals were rockets.",0
2014-01-19T17:59:24Z,22 personnes dans le stade xD,0
2014-03-03T16:52:59Z,sin palabras para definir este equipo. SALVATE OCHOAAAAAAAAAAAAA,0
2014-07-23T08:53:14Z,"Allez les lorrains ici c est metz
",0
2014-02-26T10:06:23Z,"allez nancy
*",0
2014-02-23T19:14:09Z,"1 victoire , 3 nuls et 2 défaites bravo Metz ! Bientôt la 3 eme ;)",1
2014-02-23T00:57:30Z,La Lorraine est grenat et elle le restera :),13
2013-10-28T08:48:26Z,En Avant Guigamp <33,1
2014-03-30T20:19:16Z,c quoi la musique?,0
2014-03-05T11:07:05Z,"alv 3 eme a la fin de saison
je le sent bien",0
2014-03-04T18:50:14Z,Lemoine c'est l'homme du match,2
2014-03-03T22:38:44Z,brandao  nous  as  marqué le  but  de  la  finale  et  ont  etaient  bien  content  de ca    alors  oui  c est  pas  un  genie  mais  j ai  jouer  au  foot et  etre  au  marquage d un  mec  pareil  c est  chiand  ,1
2014-03-03T20:30:01Z,gg les verts,0
2014-03-03T17:19:50Z,"Le craquage des GA en fin de match, tellement beau!  #NoPyroNoParty  ",0
2014-03-03T16:46:29Z,ALV <3,0
2014-03-03T11:36:27Z,Je trouve vraiment que brandao n'est d'aucune untilite pour saint etienne cest un buteur mais il ne marquent jamais pratiquement cest un poids pour son equipe saint etienne recruter un bon buteur et brandao dervrait partir dans un plus petit club pour retrouver son niveau,1
2014-03-03T09:48:48Z,Oh Monaco oh Monaco a vafanculo avafanculo!,0
2014-03-03T07:58:44Z,"Magnifique victoire des verts  ! une équipe, un coach, de l'opportunisme ainsi qu'un public formidable comme toujours. ",10
2014-03-24T10:49:12Z,bye bye la L1 pour l'ASNL,0
2014-03-22T23:31:01Z,Un but du dos quoi .. ,0
2014-03-16T00:02:01Z,Dommage le FCIOP,0
2014-03-03T03:52:05Z,Lmao these bloopers though.,0
2014-03-03T13:55:10Z,Un lob  en contre pied jolie !,1
2014-03-03T08:11:30Z,Much better commentator now,3
2014-03-03T00:32:21Z,"With Cavani back and already scoring, and obviously the top striker in the world-Ibra-how can they not win the league.",4
2014-02-25T21:31:36Z,Perso j'etais au match que Ospina se fasse exclure c'est amplement mérité ! Jamais vu un anti pareil. On attend 30s avec d'aller chercher le ballon 30s pour le tirer ah non enfaite on va faire tirer le défenseur. Sans parler de l'attitude de Cvitanich. Très mauvais comportement nicois logique que l'arbitre rajoute du temps en plus. ,1
2014-02-25T08:24:01Z,Non mais c'est pas possible de faire une plus mauvaise prestation la!!! j'espere qu'a domicile ca va marcher!,0
2014-02-24T19:36:46Z,a quand des bon arbitres en frances? hors jeux temp règlementaire pas respecté... on s'étonne que ya pas d'arbitre francais a la coupe du monde apres pfff,0
2014-02-24T09:53:58Z,Le carton jaune sur Ospina est tres tres tres sévère sachant que c etait la fin l arbitre aurait dû ne pas sifler surtout que Ospina n est pas un mec qui insulte les arbitres. Nous à la fin de Nice Lile par exemple quand il y a penalty sur Maupay et que l arbitre sifle la fin du match ben on se le prend bien profond ou encore même si ça c est moin grv lors de Marseille nice en coupe à la toute fin du match quand Abriel tire du milieu de terrain psk Madanda etait monté et qu il la rentre ben l arbitre sifle encore avant à croire que c est toujours qui nous faisons nik..,2
2014-02-24T05:47:53Z,Et ba voila ca c'est Guingamp !,1
2014-02-23T23:50:58Z,Ya hors-jeu au départ de l'action quand le guingampais balance devant (tout ce qu'ils savent faire et qui est possible de faire sur leur terrain qui a fait la guerre),1
