publish_date,title,view_count
2014-05-09T07:30:00Z,Zacharie Boucher - Top 5 Saves - Ligue 1,2591
2014-05-30T18:34:33Z,Tournée à La Réunion Espoirs : Zacharie Boucher nous présente son île,7274
2013-10-08T14:43:21Z,"Avant son départ en Equipe de France Espoirs, interview de Zacharie Boucher",1069
2013-09-10T07:59:30Z,Interview grand format de Zacharie Boucher (2/2),1341
2013-09-09T06:50:54Z,Interview grand format de Zacharie Boucher (1/2),2868
2013-11-02T23:25:20Z,CA Bastia - Havre AC (0-0) - Le résumé (CAB - HAC) - 2013/2014,1939
2014-05-09T07:30:01Z,Zacharie Boucher - Top 5 Arrêts - Ligue 1 / Toulouse FC,15681
2013-11-09T23:00:01Z,Havre AC - Angers SCO (1-2) - Le résumé (HAC - SCO) - 2013/2014,9468
2013-10-05T22:00:00Z,Havre AC - Dijon FCO (0-0) - Le résumé (HAC - DFCO) - 2013/2014,1943
2013-09-28T22:00:01Z,SM Caen - Havre AC (1-0) - Le résumé (SMC - HAC) - 2013/2014,14755
2013-09-14T22:00:04Z,Havre AC - RC Lens (6-2) - Le résumé (HAC - RCL) - 2013/2014,52473
2014-01-18T23:00:03Z,Clermont Foot - Havre AC (0-1) - 17/01/14 - (CF63-HAC) -Résumé,2784
2013-09-25T22:00:13Z,Havre AC - FC Istres (1-0) - Le résumé (HAC - FCIOP) - 2013/2014,3522
2013-12-21T23:00:01Z,Havre AC - AJ Auxerre (2-0) - 20/12/13 - (HAC - AJA) - Résumé,7802
2013-12-14T23:00:01Z,ESTAC Troyes - Havre AC (0-1) - 13/12/13 - (ESTAC - HAC) - Résumé,2781
2013-10-26T22:00:01Z,Havre AC - Stade Brestois 29 (0-1) - Le résumé (HAC - SB29) - 2013/2014,2966
2014-03-30T22:00:01Z,AC Ajaccio - Toulouse FC (2-2) - 29/03/14 - (ACA-TFC) - Highlights,25578
2013-10-19T22:00:00Z,Stade Lavallois - Havre AC (2-2) - Le résumé (LAVAL - HAC) - 2013/2014,3890
2013-08-03T22:00:12Z,AC Arles Avignon - Havre AC (2-0) - Le résumé (ACA - HAC) - 2013/2014,11573
2013-08-17T22:00:11Z,Chamois Niortais - Havre AC (1-1) - Le résumé (NIORT - HAC) - 2013/2014,5008
2014-02-03T00:48:35Z,Olympique de Marseille - Toulouse FC (2-2) - 02/02/14 - (OM-TFC) -Highlights,5370
2013-08-31T22:00:15Z,Nîmes Olympique - Havre AC (0-0) - Le résumé (NIMES - HAC) - 2013/2014,3623
2014-04-06T22:00:02Z,Toulouse FC - LOSC Lille (1-2) - 05/04/14 - (TFC-LOSC) - Highlights,3737
2013-09-21T22:00:08Z,Châteauroux - Havre AC (2-2) - Le résumé (LBC - HAC) - 2013/2014,4124
2014-04-23T22:00:01Z,Toulouse FC - Olympique Lyonnais (0-0) - 23/04/14 - (TFC-OL) -Highlights,2192
2014-01-11T23:00:00Z,Havre AC - FC Metz (2-2) - 10/01/14 - (HAC-FCM) -Résumé,5745
2013-11-30T23:00:00Z,Havre AC - US Créteil (3-1) - 29/11/13 - (HAC - USCL) - Résumé,4189
2013-11-23T23:00:00Z,Tours FC - Havre AC (2-2) - Le résumé (TOURS - HAC) - 2013/2014,10149
2014-03-02T23:00:02Z,OGC Nice - Toulouse FC (0-2) - 01/03/14 - (OGCN-TFC) - Highlights,2029
2013-08-24T22:00:11Z,Havre AC - AS Nancy-Lorraine (1-1) - Le résumé (HAC - ASNL) - 2013/2014,7387
2014-02-23T23:00:01Z,Toulouse FC - Paris Saint-Germain (2-4) - 23/02/14 - (TFC-PSG) - Highlights,49673
2014-05-11T02:27:23Z,EA Guingamp - Toulouse FC (2-0) - Highlights - 10/05/14 - (EAG-TFC),1043
2014-05-18T03:08:13Z,Toulouse FC - Valenciennes FC (3-1) - Résumé - 17/05/14 - (TFC-VAFC),12020
2014-05-12T13:05:22Z,Arthur Masuaku /NEW West Ham United/ Fast Skills Dribbling Assists Goal /HD/,54143
2013-08-10T22:00:11Z,Havre AC - Clermont Foot (0-1) - Le résumé (HAC - CF63) - 2013/2014,5383
2014-02-12T01:13:21Z,Toulouse FC - SC Bastia (1-3) - 11/02/14 - (TFC-SCB) - Highlights,8005
2014-03-22T22:36:03Z,Football / Ligue 1 : l&#39;ETG gagne un point - 22/03,241
2014-03-30T22:00:01Z,AC Ajaccio - Toulouse FC (2-2) - 29/03/14 - (ACA-TFC) - Résumé,10443
2014-02-23T23:00:01Z,Toulouse FC - Paris Saint-Germain (2-4) - 23/02/14 - (TFC-PSG) - Résumé,135344
2014-04-13T22:00:02Z,FC Sochaux-Montbéliard - Toulouse FC (2-0) - 12/04/14 - (FCSM-TFC) - Highlights,2728
2014-02-02T23:07:45Z,Olympique de Marseille - Toulouse FC (2-2) - 02/02/14 - (OM-TFC) -Résumé,32993
2014-02-12T01:24:01Z,Toulouse FC - SC Bastia (1-3) - 11/02/14 - (TFC-SCB) - Résumé,48661
2014-03-23T23:00:01Z,Toulouse FC - Evian TG FC (1-1) - 22/03/14 - (TFC-ETG) - Résumé,9780
2014-04-06T22:00:01Z,Toulouse FC - LOSC Lille (1-2) - 05/04/14 - (TFC-LOSC) - Résumé,14635
2014-05-18T05:20:09Z,Toulouse FC - Valenciennes FC (3-1) - Highlights - 17/05/14 - (TFC-VAFC),1421
2014-06-02T14:02:09Z,"U20 : France-Brésil : 2-5, (finale) les buts du Tournoi de Toulon",27614
2014-03-16T23:00:01Z,Stade Rennais FC - Toulouse FC (2-3) - 15/03/14 - (SRFC-TFC) - Highlights,1274
2014-03-09T23:00:01Z,Toulouse FC - Stade de Reims (3-2) - 08/03/14 - (TFC-SdR) - Highlights,1819
2014-03-02T23:00:02Z,OGC Nice - Toulouse FC (0-2) - 01/03/14 - (OGCN-TFC) - Résumé,15919
2014-03-23T23:00:01Z,Toulouse FC - Evian TG FC (1-1) - 22/03/14 - (TFC-ETG) - Highlights,784
