published-time,comment,likes
2014-01-27T18:22:18Z,Encore un arbitre de merde !! INCROYABLE !! J'ai compté 5 pénaltys pour l'ESTAC j'étais au stade). Je comprends qu'il n'y ait aucun arbitre Français à la coupe du monde... Sinon ALLEZ L'ESTAC !!!,1
2013-12-15T14:21:59Z,"Ah ouais truc de fou j'ai trop le seum, vous êtes derrière nous au classement mais bon haha et ça se voit que t'as pas vu le match ;)",0
2013-12-15T01:29:02Z,Les havrais peuvent dire merci a l'arbitre. ,1
2014-01-05T17:19:37Z,aller ciel et marine,0
2013-12-27T14:02:29Z,et le face a face de mesloub tout seule face au gardien il est ou?,0
2013-12-23T21:40:13Z,L'arbitre a tué le match en sifflant un faute inexistante,0
2013-12-22T17:43:31Z,Comment un arbitre peut faire une faute d'arbitrage comme ça ? Le joueur du Havre aurait du se prendre un jaune pour cette énorme simulation et à la place pénalty et jaune pour Ntep...,0
2013-12-22T10:35:24Z,"bah voila : )) il y a plus qu'a monter en haut de classement les gas !!!!
 ",0
2014-01-19T17:59:24Z,22 personnes dans le stade xD,0
2014-04-07T21:21:15Z,Quelle tristesse ce grand stade vide ... au moins autant que le nombre de vues de la vidéo ...,0
2014-04-06T10:20:12Z,LeBiihan qui fait le show après son but alors qu'il n'a qu'à pousser le ballon au fond des filets et après son raté ça me fait rire,1
2014-04-06T08:51:03Z,Chut,1
2014-04-06T07:34:02Z,C'est quoi l'intéret de se payer un grand stade pour qu'il soit vide à chaque match ?,1
2013-09-05T17:20:39Z,Faut vraiment les mettre au fond quoi !,0
2013-08-31T23:48:36Z,"Match catastrophique pour les Nîmois, c'est plutôt inquiètant. Sauf pour Cyril Merville! :/",0
2013-10-25T14:47:08Z,Le Havre3,0
2013-10-20T16:17:12Z,"allez angoulême
",0
2013-10-20T12:16:35Z,Go le HAC,0
2013-10-20T08:11:14Z,Aller lavaaal ♥,0
2013-10-08T19:44:44Z,"mais t toi jamais de la vie ya péno il tire et apres iltombe.... 
",0
2013-10-01T18:49:19Z,"Il envoie le ballon en tribune avant de plonger. Par contre sur Mahrez a 1.56 de la vidéo ya pas faute. Je comprends maintenant pourquoi Caen est devant le HAC au classement.
ALLEZ LE HAC !!!!!!!!!!!!!!!!!!!!!!",0
2013-10-01T18:37:08Z,"oh que si garcon il y a penalty et gros penalty
",0
2013-09-30T20:27:44Z,Le HAC encore volé. Y a jamais pénalty !!!! JAMAIS !!!!!,0
2013-09-29T20:35:44Z,le match nul était au rendez vous mais il a fallut que l’incompétence de l'arbitrage en l2 fasse son apparition ... ,0
2013-09-29T18:28:35Z,Bravo Caen ... Je suis du havre,0
2013-09-29T17:37:00Z,"Et je suis d'accord avec le commentateur, le péno est vraiment pas évident.. À la fin il y a une main d'u, caennais dans la surface autant évidente que la faute de Touré, qui est pas sifflée",0
2013-09-29T10:19:10Z,"épaule contre épaule euh je crois pas,Koita et de dos  et le havrais tente de passer devant sauf qu 'il réussis pas et  il le pousse dans le dos,bref j 'aurais plus tôt dit un match nul en regardant le match mais on a la victoire nous les caennais !! ",0
2013-09-29T10:09:17Z,1:53 viol international OMG!!!,1
2013-09-29T09:19:02Z,Ironie du sort !!!hin hin hin =P,0
2013-09-29T08:21:52Z,Le havre a plus docaz,0
2013-09-28T23:06:28Z,"On s'en fout, on est toujours derrière Le Hac, le match méritait un nul.. Mais bon il y a laussi la chance dans le foot",0
2013-09-28T22:57:35Z,Yes bien cette victoire :D,0
2014-05-02T21:41:22Z,Allez lens,0
2014-02-19T18:09:11Z,"franchement on a été nul sur ce match on méritait de perdre, on a quand meme de la chance. ALLEZ LENS !",0
2014-02-18T17:37:41Z,lens on vous chie dessu de la part des dijonai,1
2014-02-18T17:31:51Z,<----- Abonnez vous svp :),0
2014-02-18T16:45:52Z,je voulais que le havre gagne ou face le match nul d'un supporter de nacy,1
2014-02-18T11:16:54Z,#Ligue2 - Retrouvez le résumé du match de clôture de la 24e journée : RC Lens / Havre AC !,4
2014-05-09T05:43:12Z,Bravo au premier but de Pléa à Auxerre. OL 3,2
2014-05-08T08:23:16Z,"Il a quoi Sorin, ca fait pas 2 saisons qu'il est blessé ?",0
2014-05-07T22:19:09Z,Firste ,0
2014-01-13T20:25:16Z,Super match un regale,0
2014-01-12T18:54:44Z,Sacrée terrain XD ,0
2014-01-12T16:47:30Z,"Le havre ne réussit que contre les gros, c'est con ils ont du potentiel...",1
2014-01-12T09:22:10Z,Allez Metz !!,2
2014-01-11T23:16:25Z,Metz <3 ,1
2014-02-05T20:25:49Z,Jeff Louis déchéné !,0
2014-02-04T17:53:24Z,Le commentateur de la vidéo est en option ?,0
2014-02-04T17:26:38Z,Bien joue le havre,1
2014-02-04T16:54:41Z,Paa mal mai metz est un peu plus  fotr que nancy,3
2014-02-04T12:04:32Z,enoooorrmme jeff louis,3
2014-02-04T11:43:11Z,1000eme vidéo pour la victoire de NANCY on est les meilleurs,3
2014-02-04T11:39:13Z,Allez NANCY,1
2013-08-18T14:39:26Z,Il on pas montrer la barre transversale de Niort à la fin,0
2013-08-18T00:45:14Z,C claire,0
2013-08-17T22:36:49Z,Il faut que le Hac remonte la pente ... ,0
2014-05-22T19:01:23Z,Mesloub est trop fort,0
2014-05-04T08:49:49Z,"C'est quoi l'intéret de faire un beau stade de 25 000 places si y
a jamais au delà de 5000 spectateurs ?",2
2013-09-25T09:30:14Z,Bravo le HAC allez on continue comme ça !,0
2013-09-24T23:02:13Z,"C'est bon, 2 victoires consécutives à domicile, la monté en ligue 1 c'est cette saison !! ALLEZ LE HAC <3",0
2014-04-22T11:21:35Z,Tours,0
2013-12-06T16:13:15Z,wesh jean miche ca perdu son chat,0
2013-12-01T11:01:16Z,Le hac 18 éme ... Purin c'est chaud !!!! Bon match comme même ;-) ,0
2013-12-01T09:05:09Z,La pelouse est horrible...,0
2014-03-24T10:00:11Z,Le Havre a vraiment un joli.stade,0
2014-02-23T12:22:40Z,Un bon nul pour nous!Allez les bleus et rouges le maintien on y croit !!!,0
2014-01-31T12:23:11Z,"#Ligue2 - Revivez le magnifique but de Walid Mesloub (2""00) lors de la défaite du Havre AC contre les Chamois Niortais FC ! Supporters on attend vos commentaires !",3
2014-01-26T10:42:45Z,Super résultat pour les chamois!,1
2014-04-13T13:35:31Z,enfin une victoire!!!!,0
2014-04-13T07:46:43Z,allez le SCO !,0
2014-04-06T12:32:54Z,Y a du level !!! =D,0
2014-04-05T07:42:31Z,Louisa <3,0
2014-04-05T07:25:50Z,"Retrouvez les Tricolores, filmées au ralenti à l'entraînement à Clairefontaine, dans une variante de tennis-ballon. Les joueuses de Philippe Bergerôo accueilleront le Kazakhstan samedi 5 avril 2014 (20h50 sur D17), puis l'Autriche mercredi 9 avril au Mans (18h30 en direct vidéo sur fff.fr). Ces deux rencontres s'inscrivent dans le cadre des éliminatoires du Mondial 2015.",23
2014-04-03T21:37:55Z,"Le p'tit controle poitrine de Louisa, j'approuve",1
2014-04-03T21:34:44Z,Le patrón Louisa Necib ! ♥ ,1
2014-04-03T19:14:57Z,Necib ❤️,1
2014-04-03T18:31:08Z,Vidéo de grande qualité. Super prises de vues. J'adore,0
2014-04-03T16:26:30Z,Svp faites des vidéos sur les entraînements de gardiens qui durent longtemps avec Lloris,0
2014-04-03T15:28:57Z,ALLEZ LES BLEUETTES,1
2014-07-28T21:16:45Z,"Commentateur naze comme le public havrais, on entend que les caennais dans la vidéo !",1
2014-03-10T09:00:14Z,"Quelqu'un expliquera au stagiaire qui sert de commentateur que commenter un match et nous présenter le résumé d'un match, c'est pas la même chose. C'est insupportable à entendre et surtout extrêmement pathétique. En plus de ça il est mauvais ! ",0
2014-03-09T18:23:00Z,Il veut nous faire croire que c'est du direct le commentateur xD !,4
2014-03-09T17:57:59Z,"Chers webmaster de la LFP, j'aime beaucoup votre chaine YouTube mais SVP virez purement et simplement les commentaires sur les résumés. On a des yeux, ça suffit, laissez le son de l'ambiance et rien d'autre, c'est tout ce qu'on veut.",5
2014-03-09T17:20:57Z,Commentateur  naze on est d'accord...,3
2014-03-08T23:28:55Z,"Une vidéo de la ligue où l'on voit des fumigènes ?? Des fumigènes pour tes publicités, des IDS pour ta crédibilité..",0
2014-03-08T23:27:51Z,C'est quoi ce commentateur serieux. xD,5
2014-01-22T11:18:33Z,Gg les gars ! :-),0
2014-03-16T00:15:07Z,Bien jouer le HAC,2
2014-07-31T18:10:46Z,Le Maroc et l'Algérie l'ont fait et pour quand la Tunisie en huitième? ,10
2014-07-31T18:05:05Z,Retrouvaille entre les 2 équipes 32 ans après et l'Algérie entre dans un moment historique malgré leur défaite. ,9
2014-07-29T06:14:25Z,Yes we did a good game ,1
2014-07-28T05:03:35Z,تحيا الجزائر,0
2014-07-26T18:40:59Z,1982 Algeria 02-Allemagne 01-2014 Algeria01-Allemagne02  Score final Algeria =Allemagne.,5
2014-07-25T21:03:07Z,merci allemagne,4
2014-07-26T07:17:26Z,Aller auxerre !,0
2014-07-24T21:02:35Z,Belle Compilation,0
2014-07-18T10:13:02Z,les but sont plus sepctaculaire que se de la ligue 1,1
2014-07-17T21:01:53Z,Le plus beau pour moi est celui à 2:24 likez si vous êtes d'accord avec moi,4
2014-07-10T21:36:44Z,"Abonnez-vous à la chaine du Tours FC ! Les résumés des matchs, les vidéos des entrainements, les réactions, les meilleures actions...",0
2014-07-06T23:20:41Z,Quelle avalanche de buts somptueux ! Je suis étonné du grand nombre de superbes buts sur une saison de L2,1
2014-06-27T18:20:41Z,impressionner  :O  ,0
2014-06-09T16:49:08Z,"Les buts sont largement plus beaux et impressionnants que ceux de la ligue 1 ! Et le pire, c'est que les joueurs prennent peu ou prou d'élan !",8
2014-06-04T20:48:29Z,Beaucoup de lob ou de frappe lobé comparé en ligue 1,0
2014-06-02T17:51:39Z,"merci pour cette superbe vidéo, cette chaîne est parfaitement gérée, on voit qu'il y a des efforts dans les montages, 1300 vidéos c'est franchement super !!! j'espère que cette chaîne sera présente les années suivante et Allez Caen en Ligue 1",0
2014-06-02T08:20:45Z,#Ligue2 - Revivez les plus beaux buts marqués en Ligue 2 cette saison !,18
2014-06-01T12:54:02Z,90 % es buts sont des gardiens qui sont lobés,0
2014-05-31T13:03:18Z,Y'a vachement de gardien lobé :o,0
2014-05-29T13:20:26Z,Ils ont même aps mis le but de Mesloub où il fait fumer tout le monde quoi...,0
2014-05-28T18:16:40Z,C'est moi ou il y en a un max et ils sont carrément plus beaux que ceux de ligue 1?,20
2014-05-26T18:08:55Z,Ils ont oublié un caramel de Louis contre Tours,1
2014-05-26T16:22:46Z,"Et le but de Grougi contre Nancy !!!! SB29 :p
Ou encore le retourné d'Alphonse vs Bastia :/",0
2014-05-25T18:19:18Z,Qui ne saute pas est nancéens allez metz ,0
2014-05-25T16:24:46Z,Aight ! Andy sur la miniature !,0
2014-05-25T12:58:52Z,FC METZ <3 ,5
2014-05-25T11:49:05Z,Aller Toursfc,10
2014-05-24T21:01:06Z,"Et le but de Sammaritano d'Auxerre-Caen, il est où ? !",0
2014-05-24T19:56:13Z,il manque celui de samaritano,0
2014-05-24T16:29:28Z,"Allez Nancy
",1
2014-05-24T15:34:42Z,saison prochaine c pour nous le championnat de ligue 2 ALLEEEZZZZZ ASNANCY LORRAINE,10
2014-05-24T14:10:33Z,Lens! On est là!!!,0
2014-05-24T13:45:55Z,"NOUS SOMMES TOUS DES ENFANTS DU RACING!!!!! ALLEZ LENS!!!!!

",9
2014-05-24T12:48:41Z,Aller Angers,3
2014-05-24T10:53:26Z,Malherbe ! <3,0
2014-05-24T10:46:00Z,Il manque quand même celui d'Alphonse contre Bastia.,0
2014-05-24T10:32:01Z,et le but de koro kone face a niort o_O,0
2014-05-24T10:20:47Z,allez Nimes  !!! <3,1
2014-05-24T10:13:31Z,Tours FC <3,12
2014-05-24T09:56:00Z,Allez Auxerr,0
2014-05-24T09:44:05Z,ca fait une tripoté de trés jolis buts pour notre ligue 2 !^^,2
2014-05-24T09:36:21Z,allez Tours,9
2014-05-24T09:21:05Z,allez brest,5
2014-05-24T09:04:04Z,Allez angers,8
2014-05-24T09:01:33Z,Allez Metz.,3
2014-05-24T07:44:59Z,allez nancy,4
2013-11-16T13:05:18Z,ALLEZ LE GYM,0
2013-11-10T10:40:52Z,Allez l'ogym !,1
2014-03-23T09:39:24Z,Ji suis allez,1
2014-03-22T22:30:33Z,"C'est une honte ce ""résumé""...",0
2014-03-22T09:01:30Z,"Dommage pour le SCO, les autres commencent à bien remonter derrière !",1
2014-03-21T08:15:16Z,Bravo Brest ! Résumé à chier ! Pourri ! ,2
2014-03-20T22:59:28Z,C'est bon pour la montée de nancy ça !,1
2014-03-20T17:03:55Z,"ICI C'EST BREST, angers cherche la baston et ensuite ils se prennent un magnifique but de notre maitre artificier, angers l'a dans le cul,brest remonte, une bonne operation!",3
2014-03-20T16:49:16Z,"C'est lamentable de proposer un résumé comme ça !
Le match n'était peut-être exceptionnel mais là, la ligue se moque vraiment du monde... et on s'étonne qu'il y ai de moins en moins de public dans les stades ! C'est avec des résumés de ce genre qu'on va l'attirer le public !",2
2014-03-20T15:32:24Z,Angers a perdu c'est bon pour Moulins ça !,1
2014-03-20T15:09:17Z,Un max de pouces rouge pour ce résumé complètement bidon !,2
2014-03-20T15:08:43Z,"Putain mais quel résumé de merde !!! Des plans de caméra complètement bidon, des ""replay"" sur des moments qu'on en a rien a foutre , des actions non-filmées.........",1
2014-03-20T13:53:17Z,C'est quoi ce résumé de merde ...,6
2014-03-20T12:18:27Z,Faut-il vous apprendre à faire un vrai montage ?,1
2014-03-20T12:15:12Z,MAGNIFIQUE COUP FRANT !!!!!!!!!!!!!!!!!!!!!!!!!!!!!!!!!!!!!!!!,1
2014-03-20T12:10:07Z,ICI C EST BREST,3
2014-03-20T11:27:12Z,#Ligue2 - Revivez les meilleurs moments de Stade Brestois 29 - Angers SCO (1-0) en vidéo.,2
2014-03-20T10:30:28Z,resumé tout buggé,1
2014-03-20T10:23:29Z,yes je suis le premier vue,0
2013-09-07T00:56:33Z,"Very very ""NICE"" , thanxXx !!;))",0
2013-09-06T16:57:55Z,torp classe et merci ,0
2013-09-06T15:14:13Z,"excellente vidéo, beau boulot
merci",0
2014-01-04T18:14:40Z,Beau match !,0
2013-12-14T17:41:18Z,"Résultat surprenant, de la part de celui qui prétend être un meilleur entraineur que Sir Alex Ferguson.",1
