publish_date,title,view_count
2013-08-26T14:24:42Z,"Avant - HAC - Amiens, interviewes de Mickaël Le Bihan et de Sébastien Flochon",889
2013-12-14T23:00:01Z,ESTAC Troyes - Havre AC (0-1) - 13/12/13 - (ESTAC - HAC) - Résumé,2781
2013-12-21T23:00:01Z,Havre AC - AJ Auxerre (2-0) - 20/12/13 - (HAC - AJA) - Résumé,7802
2014-01-18T23:00:03Z,Clermont Foot - Havre AC (0-1) - 17/01/14 - (CF63-HAC) -Résumé,2784
2014-04-05T22:00:02Z,Havre AC - CA Bastia (1-0) - 04/04/14 - (HAC-CAB) - Résumé,2278
2013-08-31T22:00:15Z,Nîmes Olympique - Havre AC (0-0) - Le résumé (NIMES - HAC) - 2013/2014,3623
2013-10-19T22:00:00Z,Stade Lavallois - Havre AC (2-2) - Le résumé (LAVAL - HAC) - 2013/2014,3890
2014-03-01T23:00:00Z,FC Istres - Havre AC (0-1) - 28/02/14 - (FCIOP-HAC) - Résumé,1750
2013-09-28T22:00:01Z,SM Caen - Havre AC (1-0) - Le résumé (SMC - HAC) - 2013/2014,14755
2014-05-17T22:00:01Z,Havre AC - AC Arles Avignon (2-1) - Résumé - 16/05/14 - (HAC-ACA),4532
2014-02-18T11:00:02Z,RC Lens - Havre AC (1-1) - 17/02/14 - (RCL-HAC) - Résumé,9224
2014-04-26T22:00:01Z,US Créteil - Havre AC (2-0) - 25/04/14 - (USCL-HAC) - Résumé,2805
2014-05-07T22:00:02Z,AJ Auxerre - Havre AC (2-1) - 06/05/14 - (AJA-HAC) - Résumé,4544
2014-01-11T23:00:00Z,Havre AC - FC Metz (2-2) - 10/01/14 - (HAC-FCM) -Résumé,5745
2013-10-05T22:00:00Z,Havre AC - Dijon FCO (0-0) - Le résumé (HAC - DFCO) - 2013/2014,1943
2014-02-04T11:00:02Z,AS Nancy-Lorraine - Havre AC (3-2) - 03/02/14 - (ASNL-HAC) -Résumé,7552
2013-09-25T22:00:13Z,Havre AC - FC Istres (1-0) - Le résumé (HAC - FCIOP) - 2013/2014,3522
2013-08-17T22:00:11Z,Chamois Niortais - Havre AC (1-1) - Le résumé (NIORT - HAC) - 2013/2014,5008
2014-05-03T22:00:01Z,Havre AC - ESTAC Troyes (2-1) - 02/05/14 - (HAC-ESTAC) - Résumé,4505
2013-09-24T21:57:16Z,Après HAC - Istres (1-0): les réactions,1249
2014-04-19T22:00:01Z,Havre AC - Tours FC (2-2) - 18/04/14 - (HAC-TOURS) - Résumé,3376
2013-11-30T23:00:00Z,Havre AC - US Créteil (3-1) - 29/11/13 - (HAC - USCL) - Résumé,4189
2014-04-19T17:41:14Z,Conférence de presse Havre AC - Tours FC (2-2) - 2013/2014,100
2014-03-22T23:00:01Z,Havre AC - Stade Lavallois (1-1) - 21/03/14 - (HAC-LAVAL) - Résumé,2974
2013-11-30T19:24:14Z,Conférence de presse Havre AC - US Créteil (3-1) - 2013/2014,89
2013-12-21T20:50:09Z,Conférence de presse Havre AC - AJ Auxerre (2-0) - 2013/2014,191
2014-02-22T23:00:01Z,Havre AC - Châteauroux (0-0) - 21/02/14 - (HAC-LBC) - Résumé,1396
2014-01-25T23:00:01Z,Havre AC - Chamois Niortais (1-2) - 24/01/14 - (HAC-NIORT) -Résumé,3400
2013-10-19T17:37:07Z,Conférence de presse Stade Lavallois - Havre AC (2-2) - 2013/2014,195
2013-12-14T18:36:12Z,Conférence de presse ESTAC Troyes - Havre AC (0-1) - 2013/2014,174
2014-04-12T22:00:01Z,Angers SCO - Havre AC (1-0) - 11/04/14 - (SCO-HAC) - Résumé,5865
2014-04-03T14:05:37Z,Equipe de France Féminine : entraînement des Bleues au tennis-ballon (ralenti),6146
2014-03-08T23:16:16Z,Havre AC - SM Caen (1-1) - 07/03/14 - (HAC-SMC) - Résumé,10773
2013-09-05T11:05:21Z,La der du Ray : Jean-Pierre Rivère revient sur la der du Ray,2642
2014-02-17T23:35:38Z,Conférence de presse RC Lens - Havre AC (1-1) - 2013/2014,478
2013-12-14T20:33:49Z,Conférence de presse ESTAC Troyes - Havre AC (0-1) - 2013/2014,233
2014-01-22T04:15:13Z,Réactions après Marseille - Nice,6234
2014-03-15T23:00:00Z,Dijon FCO - Havre AC (1-2) - 14/03/14 - (DFCO-HAC) - Résumé,4275
2014-04-05T18:03:22Z,Conférence de presse Havre AC - CA Bastia (1-0) - 2013/2014,71
2014-07-01T07:09:25Z,Algerie / Germany : Reportage sur l&#39;équipe d&#39;Algérie dans Stade 2,1368309
2014-05-24T07:30:02Z,Top Buts Ligue 2 / 2013-2014,74596
2013-08-21T13:02:52Z,Stade Océane: ce qu&#39;en pensent les joueurs,14110
2013-11-10T00:34:51Z,Réactions après Paris - Nice,2390
2014-03-20T10:20:38Z,Stade Brestois 29 - Angers SCO (1-0) - 18/03/14 - (SB29-SCO) - Résumé,4213
2013-09-06T15:02:21Z,La der du Ray : Nice - Montpellier - les bonus,6396
2013-12-21T23:00:01Z,SM Caen - Stade Brestois 29 (0-0) - 20/12/13 - (SMC - SB29) - Résumé,2904
2013-09-22T20:07:20Z,"Cvitanich, premier but de l&#39;histoire a l&#39;allianz RIVIERA",2010
2013-12-05T23:00:02Z,But Lucas OCAMPOS (89&#39;) - OGC Nice - AS Monaco FC (0-3) - 03/12/13 (OGCN - ASM),2005
2014-05-23T19:34:06Z,Penalty Romain Philippoteaux DFCO CEAN,922
2013-12-14T16:00:05Z,Ligue 1 / Les Verts gâchent la première de Courbis - 14/12,185
