published-time,comment,likes
2014-01-13T01:58:42Z,Ouai enfin moi j'ai pas vu si la balle rentré bien dedans hein... pis bien sur la sa nous montre pas.... ,0
2014-01-12T22:05:33Z,Pas penalty du tout ,0
2014-01-12T19:33:28Z,FIRST ET ALLEZ CLERMONT ,0
2014-02-16T12:28:17Z,Si niort monte en ligue 1 j'arrete de regarder le foot serieux mdrr,0
2014-04-06T13:39:09Z,Maboulou joue encore ?? Il mérite une suspension même si son but n'est pas mal,0
2014-04-06T07:45:01Z,Maboulou malgré sa main il marque et revient bien ! La preuve d'un joueur d'une grande mentalité!Allez la Berri !,1
2014-04-01T20:37:20Z,"Clermont, l'an prochain si vous faites le même match qu'hier, en marquant, vous allez en Ligue 1 c'est obligé! J'ai la sensation que Brouard vous mènera loin !",1
2014-04-01T17:35:17Z,dominer n'est pas gagner,1
2014-04-01T16:15:08Z,super sauvetage du défenseur a 3:11,1
2014-04-01T10:49:11Z,on merite largement de gagné !,1
2014-04-01T10:37:02Z,#Ligue2 - 30e journée - Revivez les meilleurs moments de RC Lens - Clermont Foot (1-1) en vidéo !,10
2014-01-19T17:59:24Z,22 personnes dans le stade xD,0
2014-03-15T06:45:32Z,Commentateur nul,2
2014-03-09T16:07:26Z,Le gardien de Clermont c'est pas Fayolle mais Farnolle,2
2013-12-22T09:47:23Z,CLERMONT <3 !!!!!!!!,0
2013-11-04T16:05:31Z,Lol,0
2013-11-03T10:35:58Z,ils ont bien fait de changer de coach,0
2013-12-19T18:09:02Z,"J'ai vraimment était au match ( car je suis abonné) est l'ambuance est meilleur.
Allez Nancy!!!!!!!!!!!!!!!!!!!!!!!!!!!!!!!!!!!!!!!!!!!!!!!!!!!!!!!!",0
2013-11-26T11:15:57Z,Quand la tribune shuth ce mets a chanter ces tout le stade qui va s'enflamer,0
2013-10-20T20:48:06Z,Beau match de Nancy mais il faudra encore attendre la fin de la saison pour savoir qui sera en ligue 1 ;) (d'un supporter messin),0
2013-10-20T08:45:57Z,Vivement la L1 en mai 2014,0
2013-10-20T07:53:30Z,nancein qu'elle votre metier:ligue1 ligue1,0
2013-10-20T06:04:46Z,Allez Nancy,0
2013-10-20T00:38:08Z,Très beau match en tribunes !,0
2013-10-30T14:59:59Z,"Lens 1 tir cadré , clermont 5 tir cadré je pense que le match devait etre d'un niveau extraordinnaire vive le match pourrit xD ",0
2013-10-29T10:23:15Z,Lens meriter de gagner : /,0
2013-10-29T10:12:06Z,Lens méritait ee gagner et clermont BOF,0
2013-10-29T10:00:20Z,"#Ligue2 - Amis supporters, retrouvez le résumé du match de clôture de la 12ème journée qui opposait le Clermont Foot au RC Lens (0-0) sur la chaîne officielle Youtube !",4
2013-10-29T09:30:41Z,Dommage Clermont méritait mieux,0
2014-04-13T07:23:16Z,"Boly a pas le niveau pour la Ligue 2, ou en tout cas il donne pas l'air d'avoir envie de jouer...",0
2013-08-19T07:25:48Z,En tant que supporter lavallois ça comme a devenir vraiment lassant de voir l'équipe mener au score puis se faire rejoindre et dépasser en fin de match.,0
2013-08-18T13:05:31Z,"Les tacles, à apprendre :D",0
2013-08-18T10:09:46Z,"A la la quelle malchance,je suis dégouté :(",0
2013-08-18T08:29:13Z,"laval va faloir se reveiller car la on dort et si on continue comme sa ces la national qui arrive
",0
2013-08-17T23:15:00Z,"Sinon je peux souscrire la vidéo a vidéo gag ? Non mais sérieux on ne va pas se mentir , les 2 buts sont exclusivement de la chance a par le 2e qui est beau.",0
2013-09-29T09:02:00Z,First (commentaire inutile ) =P,0
2013-08-28T09:03:27Z,Bien joue a Arles (supporter clermontois),2
2013-08-26T08:48:14Z,Viva ACA! LKB,2
2013-08-25T16:39:55Z,Kua84 en force !,2
2014-05-04T08:48:49Z,Vtk,0
2014-05-04T08:20:31Z,DFCO !!!!!!!,0
2014-03-24T10:49:12Z,bye bye la L1 pour l'ASNL,0
2014-03-22T23:31:01Z,Un but du dos quoi .. ,0
2013-08-21T17:19:06Z,"bravo le CF63

allez clermont",0
2013-08-07T10:05:41Z,"y a peno 
",0
2013-08-03T23:09:26Z,"premiere journer victoire grace a un tir au but et deja un carton rouge
beau depart pour clermont en ligue 2 xd",0
2014-03-16T00:02:01Z,Dommage le FCIOP,0
2014-04-30T15:06:08Z,"J'espère franchement que Brest ne va pas monter en Ligue 1, ce n'est pas que j'ai quelque chose contre Brest, mais il y a  déjà beaucoup trop de club Breton dans l'élite ( 4) et si Brest monte, ça fais 5. Résultat, y a tellement de derby que ça en devient lassant...",0
2014-04-26T22:18:12Z,Brest ======> L1 !!! <3 Allez la Bretagne ! :D,8
2014-01-26T00:46:20Z,"Bon match , manque de realisme!!",0
2014-07-23T08:53:14Z,"Allez les lorrains ici c est metz
",0
2014-02-26T10:06:23Z,"allez nancy
*",0
2014-02-23T19:14:09Z,"1 victoire , 3 nuls et 2 défaites bravo Metz ! Bientôt la 3 eme ;)",1
2014-02-23T00:57:30Z,La Lorraine est grenat et elle le restera :),13
2013-08-11T10:55:33Z,Et puis même pas d'image de Capelle blessé...,0
2013-08-11T04:03:06Z,les mec il mettent stade jule deschaseaux aprés il disent qu'il sont battut tours 3 buts a 2 il se trompent c'est stade océane et niort!!,0
2013-08-10T22:38:15Z,C'est pas Stade Jules-Dechaseaux mais Stade Océane ;),0
2013-11-01T18:40:16Z,"0:17 taki interesujacy trening az zaczela ziewac, chyba z bydg nauczycielka :-)",0
2013-10-30T17:00:42Z,niezłe dupcie,0
2013-10-29T17:20:42Z,0:16 fajna nauczycielka :),0
2014-07-14T12:48:13Z,herkes copy paste yapmış amk asddsaasg,0
2014-07-13T09:02:49Z,Welcome to TRABZONSPOR,1
2014-07-13T08:54:50Z,Welcome to TRABZONSPOR ! ,1
2014-06-29T22:09:56Z,welcome to TRABZONSPOR!,2
2014-06-29T16:20:55Z,Welcome to Sevilla F.C.!,0
2014-06-29T15:28:15Z,welcome to sevilla,0
2013-10-16T15:08:59Z,#WeAreBelgium ♥,0
2013-10-16T10:22:15Z,"Laatste match was verschrikkelijk om te aanschouwen. Maar het zal wel zijn omwille dat de zege reeds binnen was. Breng wel dat soort spel niet naar het WK of we zullen er niet lang blijven.

Al dat balverlies en gemiste kansen gvdamme... compleet verschil met de matchen daarvoor.",0
2013-10-16T09:25:23Z,Zoalig! Duivelgekte op z'n best,0
2013-10-15T19:26:39Z,Waw!!,0
2013-10-15T17:46:09Z,The best team ever!! Proiud to be a belgian! :D,0
2013-10-15T15:58:44Z,"naam van het liedje?
",0
2013-10-15T15:58:17Z,"Frissons ! Quel engouement.. mais il ne faut pas oublier qu'il y a 4 ans, peu de monde était derrière nos diables... beaucoup de supporters de la victoire donc :/",0
2013-10-15T15:40:11Z,"Que de frisson ...
",0
2013-10-15T15:34:16Z,Brazil here we come! Wacht out world !!!!,0
2013-10-15T15:26:51Z,this team gonna win world cup. all the best for belgium. cheers from azerbaijan,0
2013-10-15T15:22:11Z,GO BREEEEEEEEEEEEEEEESIIIIIIIIIIIIIIIIIIIl!<3,0
2013-10-15T15:22:10Z,"Een dikke duim voor Marc Wilmots en de andere mensen die meehielpen aan het vormen van deze ploeg. Ze hebben de spelers niet alleen ontwikkelt tot de helden die ze nu zijn, maar ze hebben hen vooral samengebracht en teamgeest gecreëerd. Deze ploeg hangt samen als geen enkele andere ploeg in de wereld. De sfeer is geweldig. Daar kunnen andere landen nog wat van leren.

BRAZIL, HERE WE COME
",0
2013-10-15T15:20:13Z,"merci Wilmots
",0
2013-10-15T15:18:40Z,Brazil 2014 !!,0
