publish_date,title,view_count
2014-02-23T23:00:01Z,But Layvin KURZAWA (90&#39; +5) - AS Monaco FC-Stade de Reims (3-2) - 21/02/14 - (ASM-SdR),5437
2014-07-09T09:43:41Z,Finale FIFA : Layvin vs Anthony,44977
2013-12-15T23:00:01Z,But Layvin KURZAWA (42&#39;) - EA Guingamp-AS Monaco FC (0-2) - 14/12/13 (EAG-ASM),1218
2014-02-02T23:00:02Z,Goal Layvin KURZAWA (87&#39;) - FC Lorient-AS Monaco FC (2-2) - 01/02/14 - (FCL-ASM),590
2014-01-12T23:00:01Z,But Layvin KURZAWA (52&#39;) - Montpellier Hérault SC-AS Monaco FC (1-1) - 10/01/14,1341
2014-01-19T23:00:03Z,Goal Layvin KURZAWA (36&#39;) - Toulouse FC-AS Monaco FC (0-2) - 19/01/14,1108
2014-02-23T23:00:01Z,Goal Layvin KURZAWA (90&#39; +5) - AS Monaco FC-Stade de Reims (3-2) - 21/02/14 - (ASM-SdR),659
2014-03-05T09:27:58Z,Layvin Kurzawa sur Foot-Express.com,587
2013-12-15T23:00:00Z,Goal Layvin KURZAWA (42&#39;) - EA Guingamp-AS Monaco FC (0-2) - 14/12/13 (EAG-ASM),790
2014-02-02T23:00:03Z,But Layvin KURZAWA (87&#39;) - FC Lorient-AS Monaco FC (2-2) - 01/02/14 - (FCL-ASM),904
2014-01-12T23:00:01Z,Goal Layvin KURZAWA (52&#39;) - Montpellier Hérault SC-AS Monaco FC (1-1) - 10/01/14,1347
2014-01-19T23:00:03Z,But Layvin KURZAWA (36&#39;) - Toulouse FC-AS Monaco FC (0-2) - 19/01/14 - (TFC-ASM),1927
2014-02-22T21:21:27Z,Mandi High-Kick on Layvin Kurzawa ~ AS Monaco 3-2 Stade de Reims 21/02/2014,1055
2014-02-24T14:58:17Z,"Ben Yedder, Ibrahimovic, Kurzawa... L&#39;équipe type de la 26e journée de Ligue 1 !",1046
2014-02-02T23:00:02Z,FC Lorient - AS Monaco FC (2-2) - 01/02/14 - (FCL-ASM) -Highlights,3438
2014-02-24T17:37:00Z,"Equipe de France / Luis : « Si Kurzawa n&#39;est pas sélectionné, je ne comprends rien au foot »",2773
2014-07-22T20:13:08Z,"EMOCIONANTE ▶ Visita a los niños enfermos (Joao Moutinho, Ocampos, Kurzawa...)",5002
2014-02-24T00:26:06Z,Toulouse-PSG (2-4) in Slow Motion - 2013/2014,15780
2014-02-03T00:49:10Z,La présentation de Yohan Cabaye au PARC - PSG - Bordeaux - Ligue 1 - 2013/2014,14752
2013-10-27T23:00:01Z,AS Monaco FC - Olympique Lyonnais (2-1) - Highlights (ASM - OL) - 2013/2014,11945
2013-12-16T00:47:25Z,Ligue 1 - Week 18 Highlights - 2013/2014,6397
2014-02-03T00:50:01Z,Top buts 23ème journée - Ligue 1 - 2013/2014,12573
2014-02-03T00:45:06Z,Cavani&#39;s INJURY- Out for 3 Weeks - He&#39;ll miss Leverkusen - PSG - 2013/2014,7488
2014-02-24T00:25:22Z,Le match Toulouse - PSG à la loupe (2-4) - Ligue 1 - 2013/2014,24597
2014-02-03T00:47:47Z,Yohan Cabaye INTRODUCED to PSG fans - PSG - Bordeaux (2-0) - 2013/2014,13692
2013-09-26T22:00:00Z,AS Monaco FC - SC Bastia (3-0) - Highlights (ASM - SCB) - 2013/2014,85027
2014-02-03T02:01:04Z,Ligue 1 - Week 23 Highlights - 2013/2014,6166
2014-02-03T00:45:56Z,Week 23 : Top goals - Ligue 1 - 2013/2014,2184
2014-02-03T00:48:56Z,La blessure de Cavani OUT au moins 3 semaines - PSG - Bordeaux - Ligue 1 - 2013/2014,22450
2014-01-19T23:14:21Z,Ligue 1 - Tous les buts de la 21ème journée - 2013/2014,7049
2014-02-23T23:00:03Z,But Prince ONIANGUE (53&#39;) - AS Monaco FC-Stade de Reims (3-2) - 21/02/14 - (ASM-SdR),2620
2013-12-08T23:52:51Z,AS Monaco FC - AC Ajaccio (1-0) - 08/12/13 -  (ASM - ACA) - Highlights,14184
2013-08-18T22:00:19Z,AS Monaco FC - Montpellier Hérault SC (4-1) - Highlights (ASM - MHSC) - 2013/2014,61282
2013-12-15T23:35:50Z,Ligue 1 - Tous les buts de la 18ème journée - 2013/2014,8737
2014-02-24T00:46:18Z,Ligue 1 - Week 26 Highlights - 2013/2014,8095
2014-01-19T23:13:01Z,Ligue 1 - Week 21 : Goals compilation - 2013/2014,554
2014-02-23T23:00:01Z,Goal Prince ONIANGUE (53&#39;) - AS Monaco FC-Stade de Reims (3-2) - 21/02/14 - (ASM-SdR),310
2014-03-17T00:17:27Z,Olympique Lyonnais - AS Monaco FC (2-3) - 16/03/14 - (OL-ASM) - Highlights,10588
2014-01-20T00:25:16Z,Ligue 1 - Week 21 Highlights - 2013/2014,6598
2013-12-15T23:25:49Z,Ligue 1 - Week 18 : Goals compilation - 2013/2014,1964
2014-01-13T00:07:14Z,Ligue 1 - Week 20 : Highlights - 2013/2014,6075
2014-01-12T23:00:01Z,"GOURCUFF, IBRA... Des poteaux en cascade - 20ème journée de Ligue 1 - 2013/2014",13953
2013-08-25T23:26:36Z,AS Monaco FC - Toulouse FC (0-0) - Highlights (ASM - TFC) - 2013/2014,9378
2014-04-13T22:00:02Z,Rennes - Monaco (0-1) - 12/04/14 - (Stade Rennais FC - AS Monaco FC) - Highlights,4857
2014-01-12T23:00:01Z,Ligue 1 - Week 20 : Top goals - 2013/2014,1171
2014-02-23T23:00:02Z,But Valère GERMAIN (8&#39;) - AS Monaco FC-Stade de Reims (3-2) - 21/02/14 - (ASM-SdR),939
2014-03-02T23:00:02Z,AS Saint-Etienne - AS Monaco FC (2-0) - 01/03/14 - (ASSE-ASM) - Highlights,6761
2013-12-22T23:00:01Z,AS Monaco FC - Valenciennes FC (1-2) - 20/12/13 -  (ASM - VAFC) - Highlights,3845
2013-08-11T22:00:21Z,Girondins de Bordeaux - AS Monaco FC (0-2) - Highlights (FCGB - ASM) - 2013/2014,126668
2014-02-02T23:00:03Z,But Jérémie ALIADIERE (73&#39;) - FC Lorient-AS Monaco FC (2-2) - 01/02/14 - (FCL-ASM),456
