published-time,comment,likes
2014-02-24T16:47:12Z,l'ambiance de Monaco fait tellement pitié.,0
2014-07-09T13:05:19Z,Aller l'asm,2
2014-07-09T12:34:18Z,"I'm Colombian but I would like to see Martial playing more, that kid is great, he will obviously be better than Falcao, Monaco will be great in a couple of years with all of these youngsters",9
2014-07-09T09:48:08Z,Sympa l'ambiance ^^,1
2014-01-19T23:33:05Z,Yolo,0
2014-02-24T21:03:08Z,Corchia ! :),0
2014-02-25T08:40:48Z,,0
2014-02-25T08:23:53Z,,0
2014-02-24T22:57:48Z,pour une fois qu'il tient un discours intéréssant ,0
2014-07-30T02:27:12Z,It was great to be part of this event. Thank you for bringing such joy to the kids at Holtz! :-) ,1
2014-07-23T14:48:56Z,Great!!!,2
2014-07-23T05:23:59Z,Great!,1
2014-07-23T02:12:04Z,Y a  pas de mots pour décrire le fait que ces gosses soient heureux ...,2
2014-07-22T20:58:18Z,"As monaco's players are kind!!! 






They care for people",3
2014-02-26T16:34:55Z,Match gag avec les chances bete manque par tiago silva et l'autre joueur toulousain :3,0
2014-02-24T22:00:23Z,thanks for the video,0
2014-02-24T16:56:52Z,Name of the song?,3
2014-02-24T01:00:49Z, #FeartheZlatan  ,5
2014-02-04T16:26:08Z,Dommage il va gâcher sa carrière dans ce club de mercenaire tout ce que j'espère c'est que Pogba ne tombera pas dans l'piége lui aussi...,1
2014-02-03T16:03:16Z,Pourquoi avoir mis cette musique de m**** derrière??? On entend rien c'est nul !,1
2014-02-03T02:26:47Z,YOYO <3,6
2013-10-28T14:41:08Z,worst commentator ever,0
2013-10-27T23:48:47Z,lo mejor de monaco FALCAO,0
2013-12-17T01:07:34Z,"Sorry, not a fan of this commentator",0
2013-12-16T21:07:48Z,The English man who comments on this normaly quitted or what ?,0
2013-12-16T18:13:49Z,Who's this new commentator?!?!,0
2013-12-16T17:24:14Z,"@Antoine Mavel  his name is actually pronounced ""Hamesh"" even though it's spelt James. The player has confirmed this himself in the past, and it makes sense as his native language is not English",0
2013-12-16T01:43:26Z,I dont like his accent.  He has an almost American accent when talking normally.  And then a French accent when he says names,1
2013-12-16T01:01:03Z,Love this guys accent :) ,1
2014-02-13T18:28:12Z,magnifique but de rachid alioui pour guingamp ,0
2014-02-09T23:20:08Z,Le but de Ba non ? ,0
2014-02-08T09:46:00Z,Aller rennes!!!,0
2014-02-05T13:52:37Z,Et celui de corgnet ?,0
2014-02-04T20:42:43Z,Il y a donc le but de Kurzawa mais pas celui de Corgnet .... On a vraiment l'impression qu'ils regardent pas tous les matchs .. X'),0
2014-02-04T19:32:33Z,Le but de kurzawa mérite largement sa place y a un magnifique une deux qui pérfore toute la défense de lorient aprés la frappe n est pas très belle mais c est dans la construction que c est un beau but,0
2014-02-03T20:48:42Z,ta vu le but Alex il mériterais d'être dans le top,0
2014-02-03T19:45:26Z,"le but de kurzawa n'a rien a faire la meme si je suis supp de Monaco, a moins que les autres but soit aussi pourave que lui mdr",6
2014-02-03T18:47:15Z,Pour moi le but de Cabella mérite sa place et le but de Mollo numéro 1,4
2014-02-03T17:49:10Z,Mdrrrrr le but de Kurzawa ntp quoi !!! Le but de Cabella mérite largement sa place !! Magnifique contrôle et magnifique lob !!! ,6
2014-02-03T15:12:07Z,"si vous voulez voir des beaux buts, il y a tous les top buts de la saison sur la chaine lele marhic.Vous allez sur les playlists",0
2014-02-03T13:28:43Z,Le but de Mollo ! *__*,3
2014-02-03T11:30:19Z,Une enorme erreur pour la 1ere place !,1
2014-02-03T07:18:22Z,le but de kurzawa est pourave,6
2014-02-03T07:00:19Z,Qu'est ce que fou le but de Kurzawa en première position..?,5
2014-02-03T00:55:40Z,Goal,0
2014-02-11T18:35:16Z,GET   WELL  SOON  ,0
2014-02-03T04:55:29Z,Oh no not Tarzan!!,0
2014-02-03T02:01:08Z,oh hope he wont miss world cup.,0
2014-02-03T01:08:13Z,Get well soon matador.,0
2014-03-02T18:59:15Z,Ici c'est Paris !!!!!!!!,0
2014-02-26T08:22:01Z,Zlatan is a best avec laveziet cavani le trio !!meilleur attaque de ligue 1,0
2014-02-25T18:34:21Z,C'est facile de mettre tous les buts sur peno ? Pfff s'ils n'avaient pas fait faute ( et donc peno ) ils auraient eu une enorme occasion surement concrétisée. Ceux qui me contredisent sont surement ennemis de Paris,0
2014-02-25T12:23:50Z,N'empeche que Toulouse a bien tenu tête au PSG! I love Toulouse <3,0
2014-02-24T16:53:52Z,"Meilleur joueur du match: Akpa Akpro, ce qui me contredisent n'on pas vue le match.",3
2014-02-24T16:34:32Z,a 0 30 le sum et la déception pour l'un des plus beau fail que j'ai vu,0
2014-02-24T08:52:37Z,C'est facile d'être meilleur buteur de ligue 1 avec la moitié de ces buts marqués sur penalty ...,1
2014-02-24T07:18:44Z,"Sacré zlatan
",0
2014-02-24T06:57:33Z,C'est quoi la chanson?,1
2014-02-24T02:54:45Z,Let's go Zlatan!!! XD,2
2014-02-24T00:32:45Z,Zlatan - Toulose à la loupe,5
2014-05-02T01:28:05Z,I'm a Newcastle fan but I'm honestly proud of Yohan. This is where he wants to be and shame on Pardew and Ashley for not making Newcastle worth his while. HWTL,0
2014-02-07T03:56:13Z,David Moyes should have signed this guy he is brilliant big loss to Newcastle but cabaye is looking for money,1
2014-02-05T11:17:57Z,Why would you want to leave premier league and play in shitty france,1
2014-02-05T09:26:29Z,fuck cabaye!,0
2014-01-17T22:54:22Z,Damn the stadium is so boring quiet,0
2014-01-17T22:53:42Z,Money ruins players,0
2013-11-19T05:48:18Z,"Haha, chelsea is a fucking graveyard for strikers. I would be glad to see falcao at real madrid, offloading benzema to monaco.",1
2013-11-09T22:07:18Z,şuanda monacodan fazla birşeybeklemeyin ama devre arasında daha iyi oyuncular alınabilir bu arap sermayesi bir havika dostum,0
2013-11-08T01:23:56Z,Falcao se esta sacrificando en el monaco para poder ir al real madrid es obvio y si llega al real puede jugar champions por que el monaco no esta dentro de esta misma ojala todo se le de ,0
2013-10-19T23:33:24Z,"U can see that he isn't happy playing for monaco !! I mean, what player celebrates a goal like that ? That's what u get when u think that money is the better way! He should have gone to Chelsea!",0
2013-10-18T03:18:07Z,"En el ultimo Gol, Falcao hace un gesto como PASELA! Ocampos y Carrasco no entienden que la estrella es falcao!",0
2013-10-05T22:21:38Z,esa aptitud de falcao a la hora de marcar no se la conocía ya lo e visto varias veces asi definitivamente el no esta muy contento en monaco  ,0
2013-10-04T17:27:54Z,James Rodriguez!!!! the best,0
2013-10-03T04:38:11Z,"monaco can't even fill a 18, 000 seater stadium? shit club",0
2013-09-29T16:58:17Z,falcao will score more goals than Cavani.,0
2013-09-29T16:33:30Z,"James Rodriguez que buen 10. Excelente sus pases, precisos y con profundidad.
 ",0
2013-09-29T14:49:25Z,Il est blessé,0
2013-09-29T00:43:58Z,Bien falcao y James viva Colombia,0
2013-09-28T05:06:32Z,"Y Ocampos es bueno, pero la envicia arto.",0
2013-09-28T05:03:19Z,Porque no jugó Toulalan?,0
2013-09-28T02:27:09Z,lo maximo falcaoooo listo para el mundial ,0
2013-09-28T01:34:39Z,Por fin este tecnico pone a jugar a estos 3 fantasticos! 2 fantasticos delanteros y James como creativo!! espero que sigan con el mismo rendimiento par que tapen unas cuantas bocas!!,0
2013-09-27T22:43:42Z,1:43 Moutinho with an assist from 40 yards!,0
2013-09-27T19:03:44Z,"Raineiri tiene que dejar el equpo así, principalmente con Rivière y Falcao adelante, esas dos puntas le han servido, y con Moutinho y James atrás le va a rendir de a tres casi todo el campeonato",0
2013-09-27T15:27:44Z,Riviere es un crak ¡,0
2013-09-27T10:43:03Z,F.C.P. PRESENT!!!  Monaco  the perfect teem ;),0
2013-09-27T05:09:22Z,Falcao Doblete y por fin James juega titular y partido completo Colombia se toma Francia,0
2013-09-27T04:41:06Z,Ahora si Falcao y James,0
2013-09-27T04:21:27Z,"COLOMBIA PRESENT!!!
",0
2013-09-26T23:38:31Z,Grande Tigre!,0
2014-02-03T15:53:14Z,Allez MHSC!!,0
2014-02-07T20:42:41Z,On en a rien a foutre de sa blessure,0
2014-02-04T17:22:21Z,cette vidéo ne sert à rien...,1
2014-02-03T18:19:03Z,Normal c'était pas un match de l1 ...,0
2014-02-03T17:51:14Z,Oh nonn,1
2014-02-03T09:10:21Z,"Quand c le PSG direct on fait une vidéo, falcao a été blessé il a pas eu droit à une vidéo lui",4
2014-01-21T02:33:32Z,"Quel est pour vous le plus beau but ?
Moi c'est celui d'Ocampos (retourné acrobatique)",5
2014-01-19T23:42:47Z,Aller asse,0
2014-01-19T23:26:05Z,"Aller PARIS et 
Monaco",2
2014-01-19T23:25:08Z,First,0
2014-02-24T06:59:34Z,Fier d'etre 242,0
2013-12-11T16:46:24Z,Ochoa eres el mejor ,0
2013-12-11T13:45:02Z,james rodriguez el mejor de monaco,0
2013-12-11T05:36:09Z,Hopefully Mexico's new coach will give Ochoa the starting position in Brasil and maybe attract big teams into signing him,4
2013-12-11T05:01:00Z,Ochoa really needs to leave ajacio,2
2013-12-09T22:04:41Z,I feel sorry for Ochoa. He needs help from his defense. ,0
2013-12-09T17:12:17Z,"ochoa  is a beast though, perfect reflexes",2
2013-12-09T14:36:24Z,what ball is that??,2
2013-12-09T08:51:27Z,Monacan crowds  are always woefully small.,4
2013-12-09T06:43:54Z,This is why Falcao is such a vital member of Monaco. He brings something different into the team and strengthens their attacking force by miles.,7
2013-12-09T04:28:46Z,Ochoa to barcelona,6
2013-12-09T04:27:08Z,Ochoa is a beast!,3
2013-12-09T04:12:10Z,"Ajaccio sin Memo se caería aún más a pedazos, sus defensas no lo ayudan. Ochoa you're the hero of Ajaccio.",0
2013-12-09T03:27:01Z,25 shots.. -_- ochla will soon be rewarded. ,0
2013-12-09T01:44:39Z,"it doesn't matter if it is offside or not, monaco deserved to win, and not that team with 10 defenders, i don't remeber the last time i watched such a bad team, the only good player is the goalkeeper",5
2013-12-09T01:03:58Z,"surely hes offside, the keeper was off his line and the offside line is always level with the keeper",1
2013-12-09T00:13:15Z,why so few people?,1
2014-04-24T18:45:41Z,monaco is the underdog in ligue 1,1
2013-10-17T17:04:11Z,"you mean, making fouls to score?",2
2013-10-15T21:17:04Z,they came up to ligue 1 this season,5
2013-09-01T00:12:48Z,Victor Hugo Montano is Colombian aswell,0
2013-08-30T01:07:45Z,Paris est partout frère,0
2013-08-25T15:49:14Z,The French league is under rated,0
2013-08-23T19:37:55Z,ese tecnico compro a james y a mouthino para dejarlos en la banca que estupidez!! gana pero este equipo no juega bien!!,0
2013-08-23T00:17:52Z,"i think carrasco and ocampos are a bit selfish, they just want to score goals but they forget falcao is a killer and he can score is they assist him, i hope moutinho and james rodriguez play more games ",0
2013-08-22T22:16:22Z,I don't think Falcao will shine if Riviere keeps scoring like he is.,0
2013-08-20T12:22:49Z,"In Bulgaria, there is Ludogerts Razgard.
Would Monaco will follow Razgard?.",0
2013-08-19T07:42:22Z,"I'm not trying to start an argument but if you looked at PSG statistics in their last game compared to Monaco's, I wouldn't say Monaco are killing them, but Monaco are doing better. Sorry. :-)",0
2013-08-19T03:50:24Z,They keep forgetting that Colombians produce good goal scoring players...,1
2013-08-19T03:01:37Z,"Monaco are killing psg, this might be first time a promoted team, win the league xD.",0
2013-08-19T02:35:36Z,Montano is not French. He is colombian,0
2013-08-18T23:53:50Z,Y Por cierto...Dimitry también compro los arbitros? ...que arbitraje  tan pesimo,0
2013-08-18T23:29:59Z,vamos falcao que sigas metiendo goles te felicito,0
2013-12-20T10:52:24Z,Aller l om  aller l om,0
2013-12-20T07:17:34Z,Mdr dans le stade Rennais c écris groupe pigeon mdr,0
2013-12-19T19:22:08Z,ALLER OL!!!,0
2013-12-17T11:05:44Z,le but de nantes est parfait :),0
2013-12-17T06:41:36Z,xDDDDDDDDDDDDDDD,0
2013-12-16T22:31:49Z,Les buts de Marseille sont horribles mdr ..,0
2013-12-16T20:13:06Z,,0
2014-02-25T16:03:48Z,belle mentalité les nantais : http://www.ouest-france.fr/violences-pendant-rennes-nantes-triste-spectacle-en-marge-du-match-1957834,0
2014-02-24T05:31:32Z,Nice to see Toivonen doing good,0
2014-03-17T16:14:10Z,Berbatov was OFFSIDE in all 3 goals monaco scored!! Oh my god...,1
2014-03-17T09:30:58Z,Shit league.. lol,1
2014-03-17T01:28:00Z,Hi,0
2014-01-20T20:33:38Z,Allez PSG!,2
2014-01-16T22:15:44Z,I love this channel,0
2014-01-13T01:08:36Z,In the small dick contest ,0
2014-01-13T00:19:56Z,First,0
2014-01-15T16:06:04Z,et celui de gakpé avec nantes et celui de jouffre sur le coup-franc ?,0
2014-01-13T21:52:14Z,"C'est bien de montrer les poteaux, mais de tout les montré c'est MIEUX..",0
2014-01-13T17:01:09Z,Eh ba Khalifa le roi du lob? ^^,0
2014-01-13T00:58:53Z,Yoann the best ,10
2014-01-12T23:53:24Z,C'est quoi cette mode des majuscules en titre ?,0
2013-09-08T16:58:28Z,Nul c'est en français,0
2013-08-29T20:05:34Z,as monaco have a problem is that they dont know how to pass the fucking ball,0
2013-08-26T20:12:12Z,Oh ok thanks for pointing that out :),0
2013-08-26T14:03:04Z,they were under a ban because of their last home game of last season. This one was behind closed doors.,0
2013-08-26T07:49:24Z,Damn the Stands are nothing less than embarrassing!,0
2013-08-26T01:56:23Z,them stands haha,0
2013-08-25T23:44:50Z,Toulalan still hitting the woodwork from distance i see,0
2014-03-03T03:42:24Z,What an insane goal from Houmuma. If Monaco seriously want to get anywhere they need to get rid of Rainieri asap. Why was Rivierie even benched???,1
2013-12-23T03:00:42Z,"Honestly Monaco should've gotten someone other than Ranieri. I don't think a center defense combo of Abidal-Carvalho is what you want to use when it comes to tough opponents, especially if they qualify for champions league. 

It'll take time to gel and I hope this rybolovlev has that much patience. Also their crowds are so low, wonder why?",0
2013-12-06T13:01:54Z,english at least mathe fak french hhhhhh joke love france,0
2013-10-18T23:42:12Z,I speak English.,0
2013-10-17T17:00:04Z,Ese entrenador es el único que saca a James para meter a Riviere...,0
2013-10-06T04:08:10Z,falcao simplemente un crack,0
2013-09-30T19:50:27Z,"Lo que hace grande a Falcao es que juegue en el equipo que juegue, el mundo entero lo sigue. no se cuelga de la fama de un gran club para aparentar grandeza.  GRANDE.",0
2013-09-21T16:20:51Z,"Gracias por todo Abidal. Como profesional y persona lograste dejar un huella profunda en los hinchas culés, así la directiva de nuestro club haya sido desagradecida y quisieran hacerte a un lado. En España, siempre serás bienvenido. Mucho ánimo y mucha suerte :)",0
2013-09-12T06:46:56Z,glad to see abidal back on playing again,0
2013-08-31T11:20:16Z,FC.PORTO,0
2013-08-31T10:56:49Z,FALCAAAAAOOOOO,0
2013-08-29T21:11:06Z,Falcao how big you are,0
2013-08-23T03:30:02Z,I wouldnt play in ligue 1 in FIFA,0
2013-08-19T16:42:45Z,beautiful goal by Falcao,0
2013-08-18T18:46:30Z,Subasic the best golkepper,0
2013-08-18T17:34:09Z,what a boring and quite league!,0
2013-08-18T01:04:42Z,jajajaja sino le tienes miedo ganala.,0
2013-08-18T00:59:01Z,o + o +,0
2013-08-17T19:48:42Z,"FABIANHO!!!!
",0
2013-08-15T23:13:17Z,"Nope, he is Focused on Brazil so he can help his country get to the final stages...so he wanted to keep it easy, after the World Cup he'll leave for sure...",0
2013-08-15T09:09:07Z,Les deux recrues du mercato cet été . ,0
2013-08-14T21:36:32Z,FALCAOOOOOOO !!! ,0
2013-08-14T14:04:33Z,fuck you falcao is amazing,0
2013-08-13T02:19:54Z,Ojo que este es el primer Gol de Falcao...Al menos faltan unos 25 Goles mas de este campeonato.,0
2013-08-13T01:11:43Z,Falcao eres mi idolo,0
2013-08-12T23:43:59Z,Va el primero de falcao,0
2013-08-12T02:41:52Z,FALCAO!! ORGULLO COLOMBIANO!!,0
2013-08-12T00:27:00Z,our defense is not good at all sense Laurent Blanc left us and is now PSG manager.,0
2013-08-12T00:24:29Z,Aller les gdb et gg a radamel,0
2013-08-11T23:35:38Z,im dissapointed w/ bordeaux defense ,0
