publish_date,title,view_count
2013-10-13T14:46:35Z,Jordan Veretout,16488
2013-09-22T22:00:12Z,But Jordan VERETOUT (24&#39;) - Olympique Lyonnais - FC Nantes (3-1 - 2013/2014,3642
2013-09-23T01:09:48Z,Olympique Lyonnais - FC Nantes (3-1) - Highlights (OL - FCN) - 2013/2014,6037
2013-08-12T21:09:19Z,Ligue 1 - Week 1 Highlights - 2013/2014,13043
2014-04-13T22:00:02Z,FC Nantes - EA Guingamp (1-0) - 13/04/14 - (FCN-EAG) - Highlights,1167
2014-01-20T00:23:08Z,PSG vs Nantes (5-0) - 19/01/14 - Highlights - (Paris Saint-Germain-FC Nantes),73948
2013-09-22T22:00:10Z,Goal Bafetimbi GOMIS (26&#39;) - Olympique Lyonnais - FC Nantes (3-1) - 2013/2014,1719
2013-09-22T22:00:16Z,Goal Jordan VERETOUT (24&#39;) - Olympique Lyonnais - FC Nantes (3-1) - 2013/2014,690
2013-09-29T22:00:01Z,Stade Rennais FC - FC Nantes (1-3) - Highlights (SRFC - FCN) - 2013/2014,3107
2013-08-12T15:49:40Z,Ligue 1 - Résumé de la 1ère journée - 2013/2014,224658
2013-10-20T22:00:01Z,AC Ajaccio - FC Nantes (0-1) - Highlights (ACA - FCN) - 2013/2014,3348
2013-11-10T23:00:01Z,Girondins de Bordeaux - FC Nantes (0-3) - Highlights (FCGB - FCN) - 2013/2014,5448
2013-08-24T16:42:54Z,Football Français : 3&#39; de frissons.,430147
2013-08-26T00:08:08Z,FC Nantes - Paris Saint-Germain (1-2) - Highlights (FCN - PSG) - 2013/2014,232825
2013-09-30T07:24:33Z,Avant Match Zoom sur Issa Cissokho,1793
2013-12-05T23:00:01Z,FC Nantes - Valenciennes FC (2-1) - 03/12/13 -  (FCN - VAFC) - Highlights,2561
2013-10-22T18:46:05Z,Issa CISSOKHO,17560
2013-09-22T22:00:19Z,But Bafetimbi GOMIS (26&#39;) - Olympique Lyonnais - FC Nantes (3-1 - 2013/2014,2116
2014-01-16T06:00:02Z,FC Nantes - OGC Nice (4-3) - 15/01/14 (1/4 de finale) - (FCN-OGCN) -Résumé,104552
2014-03-09T23:00:02Z,FC Nantes - AC Ajaccio (2-2) - 08/03/14 - (FCN-ACA) - Highlights,8654
2013-09-01T22:45:42Z,Stade de Reims - FC Nantes (0-0) - Highlights (SdR - FCN) - 2013/2014,1327
2014-01-19T23:01:38Z,PSG - Nantes (5-0) - Résumé - 19/01/14 - (Paris Saint-Germain - FC Nantes),427533
2013-08-03T09:37:45Z,Fernando ARISTEGUIETA - FC Nantes,34006
2014-05-04T22:00:02Z,Toulouse FC - FC Nantes (1-1) - 04/05/14 - (TFC-FCN) - Highlights,1255
2013-08-11T22:00:21Z,FC Nantes - SC Bastia (2-0) - Highlights (FCN - SCB) - 2013/2014,4505
2013-10-27T23:00:02Z,FC Nantes - LOSC Lille (0-1) - Le résumé (FCN - LOSC) - 2013/2014,18095
2014-02-09T23:00:01Z,FC Nantes - Olympique Lyonnais (1-2) - 09/02/14 - (FCN-OL) -Highlights,5405
2014-04-22T20:38:17Z,Le plus beau but com jordan bourquin,457
2013-09-26T22:00:01Z,FC Nantes - OGC Nice (2-0) - Highlights (FCN - OGCN) - 2013/2014,6201
2013-09-29T22:00:03Z,Stade Rennais FC - FC Nantes (1-3) - Le résumé (SRFC - FCN) - 2013/2014,61804
2013-08-11T22:00:19Z,FC Nantes - SC Bastia (2-0) - Le résumé (FCN - SCB) - 2013/2014,50635
2014-01-12T19:03:04Z,But de Jordan,160
2013-09-15T22:00:08Z,FC Nantes - FC Sochaux-Montbéliard (1-0) - Highlights (FCN - FCSM) - 2013/2014,2916
2013-10-27T23:00:01Z,FC Nantes - LOSC Lille (0-1) - Highlights (FCN - LOSC) - 2013/2014,1626
2014-05-11T03:17:11Z,FC Nantes - AS Saint-Etienne (1-3) - Highlights - 10/05/14 - (FCN-ASSE),5518
2013-10-06T22:00:02Z,FC Nantes - Evian TG FC (3-0) - Highlights (FCN - ETG) - 2013/2014,2226
2014-04-27T22:00:01Z,FC Nantes - Olympique de Marseille (1-1) - 25/04/14 - (FCN-OM) -Highlights,1695
2013-12-23T18:35:06Z,L&#39;année 2013 du sport Français,109408
2013-11-03T23:00:02Z,Montpellier Hérault SC - FC Nantes (1-1) - Highlights (MHSC - FCN) - 2013/2014,1111
2014-04-20T22:00:02Z,Valenciennes FC - FC Nantes (2-6) - 20/04/14 - (VAFC-FCN) - Highlights,5806
2013-11-25T00:13:13Z,FC Nantes - AS Monaco FC (0-1) - Highlights (FCN - ASM) - 2013/2014,9664
2013-09-22T22:00:07Z,Goal Jimmy BRIAND (72&#39;) - Olympique Lyonnais - FC Nantes (3-1) - 2013/2014,906
2013-08-26T19:12:09Z,FC Nantes - PSG : Ambiance Tribune Loire - 25/08/13,20968
2013-10-20T22:34:18Z,AC Ajaccio - FC Nantes (0-1) - Le résumé (ACA - FCN) - 2013/2014,23169
2013-10-06T11:01:52Z,FC Nantes - Evian TG : Ambiance en Loire - 05/10/2013,8293
2014-02-09T23:00:02Z,FC Nantes - Olympique Lyonnais (1-2) - 09/02/14 - (FCN-OL) -Résumé,26765
2013-08-26T10:38:48Z,Les réactions nantaises après FC Nantes - PSG,242
2013-11-14T17:03:50Z,Filip Djordjevic - FC Nantes - 2013/2014 - Début de saison.,17248
2014-01-26T23:00:01Z,FC Nantes - Stade de Reims (0-0) - 25/01/14 - (FCN-SdR) -Highlights,695
2013-09-22T22:00:13Z,Olympique Lyonnais - FC Nantes (3-1) - Le résumé (OL - FCN) - 2013/2014,50337
