publish_date,title,view_count
2014-05-20T12:54:04Z,Paul Georges Ntep Goal vs Reims,46353
2013-08-28T05:00:08Z,Fantastique but Paul-Georges NTEP (30&#39;) - SM Caen - AJ Auxerre (0-3 - 2013/2014,29287
2014-05-18T00:33:47Z,Unusual goal &amp; celebration from NTEP (59&#39;) - Reims-Rennes FC (1-3) - 17/05/14 - (SdR-SRFC),144189
2014-07-25T12:54:19Z,"Equipe de France Espoirs : Paul-Georges Ntep a 22 ans, le clip anniversaire !",18496
2013-08-17T20:20:42Z,Paul-Georges NTEP vs Lens (17/8/2013),32945
2013-12-26T14:55:28Z,Paul-Georges Ntep /Auxerre/ Skills Dribbling Assists Goals /2013-2014/ HD,79136
2013-08-08T05:01:19Z,But Paul-Georges NTEP (51&#39;) - Stade Brestois 29 - AJ Auxerre (1-4 - 2013/2014,4355
2014-01-22T13:01:05Z,PAUL GEORGES NTEP LEQUIPE21,8436
2014-05-18T00:38:20Z,But et chambrage de NTEP (59&#39;) - Reims-Rennes  (1-3) - 17/05/14 - (SdR-SRFC),259260
2014-05-07T22:20:41Z,But Paul-Georges NTEP (27&#39;) - Paris Saint-Germain-Stade Rennais FC (1-2) - 07/05/14 - (PSG-SRFC),2957
2014-06-07T17:45:39Z,Paul Georges NTEP Nutmeg_Auxerre vs Lens (17/8/2013),151
2014-01-31T00:22:36Z,Paul-Georges Ntep - SRFC,4154
2014-05-10T23:47:50Z,Goal Paul-Georges NTEP (72&#39;) - Stade Rennais FC-FC Sochaux-Montbéliard (1-2) - 10/05/14 (SRFC-FCSM),519
2013-10-10T09:21:32Z,Arménie France Espoirs : le missile de Ntep de Madiba en pleine lucarne !,7760
2014-02-23T23:00:00Z,Goal Paul-Georges NTEP (16&#39;) - FC Nantes-Stade Rennais FC (0-3) - 23/02/14 - (FCN-SRFC),3313
2014-05-07T22:20:23Z,Goal Paul-Georges NTEP (27&#39;) - Paris Saint-Germain-Stade Rennais FC (1-2) - 07/05/14 - (PSG-SRFC),1152
2013-12-22T11:48:08Z,REPORTAGE TELEFOOT PAUL GEORGES NTEP,6290
2013-08-24T05:29:34Z,PAUL GEORGES NTEP SUR SON AVENIR,3325
2014-05-10T23:37:34Z,But Paul-Georges NTEP (72&#39;) - Stade Rennais FC-FC Sochaux-Montbéliard (1-2) - 10/05/14 - (SRFC-FCSM),877
2014-04-27T22:00:03Z,But Paul-Georges NTEP (73&#39;) - Stade Rennais FC-FC Lorient (1-1) - 26/04/14 - (SRFC-FCL),2962
2014-02-23T23:00:01Z,But Paul-Georges NTEP (16&#39;) - FC Nantes-Stade Rennais FC (0-3) - 23/02/14 - (FCN-SRFC),11815
2014-05-19T20:23:27Z,Funny Paul-Georges Ntep Goal On Hands And Knees - Rennes vs Reims 17/05/14,1134
2013-08-27T18:03:49Z,Magnifique but de Ntep,32196
2014-05-19T19:11:54Z,Paul-Georges Ntep (STFC) / SR 1 - 3 STFC / Ligue 1 : 38e Journée 17/05/2014,224
2013-12-09T12:15:39Z,AUXERRE / NANCY COUPE DE FRANCE PG NTEP,636
2014-04-27T22:00:02Z,Goal Paul-Georges NTEP (73&#39;) - Stade Rennais FC-FC Lorient (1-1) - 26/04/14 - (SRFC-FCL),223
2013-08-28T05:00:11Z,SM Caen - AJ Auxerre (0-3) - Le résumé (SMC - AJA) - 2013/2014,16240
2014-04-27T17:12:40Z,Ntep Roazhon An Oriant (26/04/2014),293
2014-05-18T02:51:35Z,Stade de Reims - Stade Rennais FC (1-3) - Résumé - 17/05/14 - (SdR-SRFC),70354
2014-02-02T12:32:07Z,Officiel le Stade Rennais s&#39;offre Ntep,72
2014-05-07T22:31:13Z,Paris Saint-Germain - Stade Rennais FC (1-2) - 07/05/14 - (PSG-SRFC) - Highlights,10499
2014-02-09T23:00:01Z,AC Ajaccio - Stade Rennais FC (3-1) - 08/02/14 - (ACA-SRFC) -Highlights,3865
2013-08-11T16:35:42Z,AUXERRE - NIMES 09 08 2013 (but de Ntep sur pénalty),354
2014-05-18T05:20:05Z,Stade de Reims - Stade Rennais FC (1-3) - Highlights - 17/05/14 - (SdR-SRFC),4920
2014-05-10T23:37:03Z,But Jordan AYEW (33&#39;) - Stade Rennais FC-FC Sochaux-Montbéliard (1-2) - 10/05/14 - (SRFC-FCSM),1743
2013-11-09T23:00:00Z,Clermont Foot - AJ Auxerre (1-1) - Le résumé (CF63 - AJA) - 2013/2014,3675
2013-08-31T22:00:09Z,FC Istres - AJ Auxerre (1-1) - Le résumé (FCIOP - AJA) - 2013/2014,3347
2013-08-08T05:01:17Z,But Jonathan AYITE (55&#39;) - Stade Brestois 29 - AJ Auxerre (1-4 - 2013/2014,334
2013-12-03T11:00:01Z,FC Metz - AJ Auxerre (3-0) - 02/12/13 - (FCM - AJA) - Résumé,14444
2013-10-26T22:00:02Z,ESTAC Troyes - AJ Auxerre (2-0) - Le résumé (ESTAC - AJA) - 2013/2014,5063
2014-05-10T23:39:39Z,Goal Jordan AYEW (33&#39;) - Stade Rennais FC-FC Sochaux-Montbéliard (1-2) - 10/05/14 - (SRFC-FCSM),1142
2014-02-09T22:06:38Z,Ntep s&#39;essait au Polonais,5065
2013-08-10T22:00:11Z,AJ Auxerre - Nîmes Olympique (1-1) - Le résumé (AJA - NIMES) - 2013/2014,5958
2014-02-02T23:07:07Z,Stade Rennais FC - Olympique Lyonnais (2-0) - 02/02/14 - (SRFC-OL) -Highlights,4059
2013-10-19T22:00:00Z,AJ Auxerre - US Créteil (1-1) - Le résumé (AJA - USCL) - 2013/2014,3298
2014-05-07T22:20:29Z,But Ezequiel LAVEZZI (3&#39;) - Paris Saint-Germain-Stade Rennais FC (1-2) - 07/05/14 - (PSG-SRFC),2182
2014-05-07T22:20:46Z,But Foued KADIR (23&#39;) - Paris Saint-Germain-Stade Rennais FC (1-2) - 07/05/14 - (PSG-SRFC),6762
2014-05-18T05:28:18Z,Ligue 1 - Week 38 Highlights - 2013/2014,4983
2014-04-27T22:42:05Z,Week 35 : Top goals - Ligue 1 -  2013/2014,4433
2014-05-11T04:03:54Z,Le match Lille - PSG à la loupe (1-3) - Ligue 1 - 2013/2014,14403
