published-time,comment,likes
2013-12-24T17:46:43Z,"un vraie bijou, pas étonnant  que l AJA demande 8 millions d euros pour le vendre",0
2013-09-14T18:46:46Z,"sublime
",0
2013-09-09T19:43:57Z,la mine qui mais ,0
2013-09-08T19:49:59Z,"quelle danse ??
",0
2013-08-30T21:52:53Z,Monstrueux ! Il risque de s'en souvenir un moment oui ! ;),1
2013-08-30T20:50:59Z,"Si c'était Messi ou Ronaldo qui mettait ce but, ça aurait fait le tour de la planète ! 

En tout cas magnifique but de Ntep ! Bravo !",1
2013-08-30T19:49:40Z,"ex draveillois :D (draveil dans l'essone)
",1
2013-08-30T12:21:24Z,Extraordinaire dedicace a XlYoungmula ;D,0
2013-08-30T08:53:13Z,c'est tout simplement magnifique,0
2013-08-30T00:55:11Z,J'ai bandé,0
2014-07-26T17:17:04Z,"luca vialli did it for sampdoria many years ago, so its nothing new.",0
2014-06-16T06:32:53Z,"1) The goal is disrespectful to the defenders and opposite team because it's humiliating. But it's not forbidden and he does not deserve a yellow card for it.
2) The defender who pushed the goal scorer in the end deserves a yellow card for obvious reasons.
3) The defenders should move their ass and run if they don't want to be humiliated. It's their fault if the monkey could make fun of them.
4) Professionnal players do unusual and useless stuff all the time : stepovers and stupid dribbles when not needed (CR7), not looking at their team mate when passing (Ronaldinho & Neymar style) and son on...
5) Professional players would probably do the same if they had so much time and so less pressure in front of the goal. If they are able to hit, dive, sucker punch etc... why wouldn't they do such harmless show off ?",0
2014-05-29T00:57:51Z,"why can't people just chill and see the fun side of it. 

for fuck sake when you read the comments here you think the man killed a baby ",10
2014-05-26T15:43:20Z,"and where is the indirect free kick+yellow card from the referee??? looks like he doesn't know the ""Laws of the Game""...",0
2014-05-23T17:08:14Z,Vs qui disait que c'est du manque de respect #shut_up  bande d'ignorants si c'étais un blanc qui l'avait fait vs ne direz pas que c'est du manque de respect  mieux vaut fermer vos ptn gueules,1
2014-05-22T14:52:14Z,how is this unsportsmanlike behaviour??? i've seen worst on the streets!!!,0
2014-05-22T01:43:52Z,Que tiene de humillante??? What´s the problem with this goal???,0
2014-05-21T20:23:41Z,si nunca hiciste un gol asi no tuviste infancia xD,1
2014-05-21T15:02:36Z,"cuando se agacha para cabecear, ahi mismo el que viene de atras se tiene que tirar al piso y ""barrerle la cabeza""....un irrespetuoso.",0
2014-05-21T13:04:25Z,MDR je suis Camerounais et le foot y est autant populaire qu'au Brésil...Tous les Camerounais qui ont un peu joué au football ont déjà fait ou ont rêvé de faire ce geste Lol,0
2014-05-21T11:28:33Z,"So give nutmeg to 3 players and move around keeper and score with rabona or something that would be super cool and goal of they year...but because he score like that its disrespectful?
Defenders were idiots,not fault of striker.",0
2014-05-21T07:29:24Z,School boy defending .,0
2014-05-21T05:45:17Z,CUAL-QUIERA.,0
2014-05-21T03:04:36Z,Siempre Quise hacer eso.,0
2014-05-21T02:50:59Z,Y despues perdieron 3 a 1,0
2014-05-21T02:27:00Z,Los que ven DiarioPanorama se la comen . :),1
2014-05-21T02:01:33Z,jajaja xD es una rata,0
2014-05-21T01:44:37Z,EL FUTBOL ES FUTBOL UN CAÑO ES UN CAÑO UN GOL ES UN GOL DEJEMOS DE LADO LA CABALLEROSIDAD SI DESPUES TERMINAN DISCRIMINANDO A LA GENTE DE COLOR !!!! ESTOY A FAVOR DE ESTOS GOLES ESTO ES FUTBOL ES DIVERTIRSE ,0
2014-05-21T01:18:07Z,esa huevada la haciamos todas las veces en el barrio cuando alguien se llevaba al arquero......,1
2014-05-21T00:14:57Z,le hago una gran Heber Ludueña en la cara jajaja,0
2014-05-20T21:27:04Z,"Its not disrespectful , its a nice goal and the only dumb and disrespectful players are the defenders and the keeper. The guy just had fun. And remember modern football is all about entertainment ;)",1
2014-05-20T18:14:22Z,"In Argentina, he wouldnt go out alive from the stadium.",15
2014-05-20T17:43:17Z,i used to do that in my neighborhood when i was child... nothing wrong...!,1
2014-05-20T17:42:12Z,yo lo hacia en el barrio ...! no veo nada de ilegitimo...!,2
2014-05-20T17:10:44Z,Like a bossss,0
2014-05-20T16:11:21Z,"Just to be clear:
1)  valid goal by any rules,from street, beach or stadia football, if you're playing since you're kid and were any good, you've done it at some point in your life as well
2) it's no disrespect,  a step over punishes your lack of balance, body coordination, anticipation,etc... This punishes not checking your shoulder, rushing out when there's still roughly 2 defenders who could have caught him,  not doing any recovery runs particularly   from the defender who has lost it (to the extent he will see it for the first time on replay since he wasn't even watching)
3) last game of the season, more or less nothing to play for both teams, if you can't ""play"" then,  when can you?

Love football,  the game, not the picture you make of it in your own mind 


",10
2014-05-20T15:00:44Z,para mi es un golazo!!!!!!!!,0
2014-05-20T14:23:54Z,jajaja me encanto..,0
2014-05-20T14:12:58Z,"AHORA TE DIGO ... ESA DEFENSA, Y ESE ARQUERO SON UNOS PEBETES!!!! JAJAJAJA",0
2014-05-20T13:18:15Z,"En mi barrio, el 22 continuaba la carrera y le sacaba la cabeza de un patadón.",0
2014-05-20T10:27:49Z,haha. Excellent! :D,0
2014-05-20T01:19:41Z,"I don't see any disrespectful act in that goal, it was simple fun. Those of you who find that disrespecttful, next time DON'T WATCH!!",0
2014-05-20T00:54:47Z,we do this in Cameroon its our culture and Ntep is Cameroonian's origin. I even wonder why Etoo never do the same ???,0
2014-05-20T00:49:21Z,i like he did nothing wrong i wud have scored with the bottom like i did once,0
2014-05-20T00:21:49Z,love this! AMAZING GOAL!!!,0
2014-05-20T00:12:56Z,"this is not disrespectful. I, cameroonian culture we do this just for fun or to show our the player is good.",0
2014-05-19T22:26:36Z,Quel manque de respect. Suspension?,0
2014-05-19T21:59:31Z,"For those who say scoring like this is disrespectful : should every player performing a nutmeg be booked? It's basically the same thing, both are for taunting opponents. There's nothing wrong with it. You should remember football is just a game and should be seen as such. To end my point, I'd like to say there is no rule forbidding such a goal to be scored : I should know, I'm a former referee.",2
2014-05-19T21:35:27Z,Выпендрёжник,0
2014-05-19T18:29:37Z,lol@allthebutthurt,0
2014-05-19T17:24:44Z,U mad bro?!,1
2014-05-19T17:09:44Z,"A goal is a goal . Deliberately scoring with your hand would be disrespectful , this is just a bit of harmless fun and entertainment for the fans . If I was an opposing fan it would not upset me at all  , I would just be pissed off at my goalkeeper !",0
2014-05-19T16:37:19Z,The number of juvenile shitheads who think this goal was cool is too damn high.,0
2014-05-19T16:09:08Z,do not forget that football is above all the passion to leave everything he feels in any case it's beautiful goal,7
2014-05-19T14:40:33Z,very nice :),0
2014-05-19T14:24:16Z,"There is no insult in this way to score a goal. It is just the way to score this particular goal with his head. Surely that before the game he planned to score like that and that occasion was given to achieve his will. He was just respecting what he wanted to do...Beautiful Goal Ntep.
Gibson, USA.",1
2014-05-19T10:47:22Z,"Ha Ha, I did that for Fleetwood vs Ramsbottom Town circa 2000 !?",1
2014-05-19T09:14:59Z,"According to the rules, this goal is annulled and the goal scorer is awarded a yellow or red (not sure but think it's red) card.",2
2014-05-19T07:36:07Z,"jhajahajhajahjahjahjahjahajhajahja buenísimo , me recuerda a los goles cuando uno hacia de niño ",0
2014-05-19T07:33:30Z,"Very amatuerish, he showed absolutely no class or respect. Sort of thing I used to do when I was 7 or 8. ",7
2014-05-19T03:54:47Z,"yeah, everyone has his own opinion, but some are stupid",0
2014-05-19T01:21:51Z,"I don't see anything disrespectful about this goal. Players have different ways of scoring goals(heading, handling, bicycling...) and this is how he chose to score his. The goal is clean fancy.",15
2014-05-19T00:30:59Z,"Piss take, love it",0
2014-05-19T00:15:22Z,its not disrespectful its the defenders let him do this wy they standing all still?? when they running to the goal he hadnt no time so this is very beatiful to see the football sucks last years en the game was for nothing everything was decided yet so shut up all the haters,1
2014-05-18T23:45:33Z,"So many stupid comments here!!! So, ie: if Ronaldo chips the ball over the goalkeeper and scores is that disrespectfull? So many beautiful goals and so many unusual goals all over the world and people call for Fair Play... Fucking sissies nowadays! A GOAL is a GOAL and it's time to play football! Another shit is a player getting yellow card for taking his shirt off!!! Are you kidding me, what the fuck!? All because ADIDAS asked FIFA to implement this fucking rules? Crap I say! Tchau",2
2014-05-18T23:25:42Z,I love it :D,0
2014-05-18T18:45:24Z,I always wanted a goal like this since I saw Ronaldinho do it in a Nike advert lol. ,5
2014-05-18T18:32:39Z,aha il leur a mis chère xDDDD,2
2014-05-18T18:30:33Z,This goal was George Best's dream.,27
2014-05-18T18:11:46Z,I would hit him,3
2014-05-18T16:55:35Z,red card...,2
2014-05-18T14:31:55Z,"Qu'est-ce qu'on peut être coincé en France par moment ! A polémiquer sur la moindre connerie ><
C'est le dernier match de la saison, il n'y a aucun enjeu pour les deux équipes, le mec est seul devant le but avec 10m d'avance, bah oui il se fait un délire et s'amuse, y a rien de mal à ça ! C'est plutôt la défense catastrophique de reims et la sortie désastreuse de leur goal qui sont irrespectueuses envers les supporteurs, pas le but.",4
2014-05-18T12:51:57Z,"Fail to see how this is disrespectful. Sure it's a form of taunting the opposition but it's not in any way personal and therefore not offensive. Basically Ntep murked everyone/capitalised on some retarded Reims defending and just tried to put an entertaining twist on what would have otherwise been an everyday tap-in. Last game of the season, who really cares? The Reims CB is a weapon for pushing him!",104
2014-05-18T10:00:57Z,"haha, disrespectful... look at the little kiddies cry  :D",3
2014-05-18T06:40:21Z,"What's wrong with it? Disrespectful!!!? It's a GOAL and that's that! UEFA and bloody FIFA are the ones that have no FAIR PLAY! Blatter and Plattini are the corrupt ones... They love money, corruption and prostitutes!!! Boycott the World Cup, boycott anything from Russia! ",33
2014-05-18T02:14:38Z,"Ntep don't go full child mode that is, if you ever want to play for les blues. You don't want to be the next Nasri right?",1
2014-07-28T10:05:22Z,HB,0
2014-07-25T21:41:25Z,Joyeux anniversaire!,0
2014-07-25T21:40:47Z,"Ntep, tu nous manque à l'AJA",1
2014-07-25T20:11:00Z,Happy birtbday,0
2014-07-25T13:53:06Z,Formation A.J.A!!!,3
2014-07-25T13:36:34Z,Ntep <3 srfc <3,1
2014-07-25T13:33:34Z,1 jaime de plus,1
2014-07-25T13:33:28Z,Le rennais !! Quel sang-froid devant le but !!,2
2014-07-25T13:33:28Z,Le rennais !! Quel sang-froid devant le but !!,0
2014-07-25T13:00:49Z,+ first dislike,0
2014-07-25T13:00:37Z,deuz + caca,0
2014-07-25T12:59:38Z,first,0
2014-01-27T19:07:58Z,Bienvenue à Rennes,0
2014-01-16T16:04:31Z,Like to see him at arsenal but I just can't it happening ,1
2014-01-13T14:13:24Z,"Can see him becoming the next Henry at Arsenal. Wenger would work on his finishing and play him in the middle. He has pace, acceleration, dribbling just needs Wengers guidance!",1
2014-01-12T21:36:52Z,much more better than Gervinho,0
2013-12-27T20:34:04Z,As Roma <3,0
2013-12-17T03:31:46Z,Du kop on croyais que notre defenseur international Gbamin ete a chier mais en voyant cette vidéo jme rend compte que c Ntep qui fait mal au rein viens chercher du temp de jeu ds un club qui devient ambitieu l'ami on fera de toi un rOi LensOis :),0
2013-12-10T13:51:48Z,Si Lens n'arrive pas à l'avoir alors il faudra rien esperer par la suite..,0
2013-12-04T16:53:09Z,I love the fact this video shows him shooting off target lol He looks like a clever player with quick feet.  We have enough of tricky wingers... ,0
2013-11-18T20:22:11Z,Welcome to arsenal,0
2013-10-09T23:24:54Z,il a pas son niveau en ligue deux lui... mais alors pas du tout!!!,0
2013-09-10T12:52:58Z,it looks like the other defenders just twalk when he passes them ..,0
2013-09-02T12:38:20Z,"Bienvenue au LOSC
",0
2013-08-22T12:53:29Z,d'accord il c amuser met le resultat et la 4a1 et il n'a pas marquer.,0
2013-08-20T00:31:54Z,il est tros paul georges ntep de madiba,0
2013-08-18T09:07:01Z,"Arsenal aurait du prendre lui et pas Sanogo, balle au pied c'est un futur monstre",0
2013-08-17T20:30:19Z,"impresssionnant ce joueur   
j'étais au stade et franchement il s'est amusé avec la défense lensoise pendant 90 min 
il va pas rester longtemps en ligue 2 ",0
2014-05-29T01:19:14Z,welcom to chelsea!,0
2014-03-04T05:05:59Z,Chelseaaaaaaaaaaa,0
2014-02-04T22:19:15Z,welcome to canon of yaounde,0
2014-02-04T22:18:36Z,welcome to canan yaounde,0
2014-01-29T17:33:23Z,Bienvenue a rennes !!,0
2014-01-29T17:33:20Z,Bienvenue a rennes !!,0
2014-01-29T12:49:37Z,il est maintenant rennais <3,2
2014-01-29T11:55:57Z,bienvenu à rennes! ,0
2014-01-24T16:58:51Z,Get to arsenal c'mon wenger just this one player please buy him ,0
2014-01-23T08:18:21Z,this guy looks much better than sanogo strength n skill wise..i dunno y wenger din buy him on the first place n bought a injury stricken player ,0
2014-01-22T18:17:18Z,"i love how everyone always says welcome to...
shows how much shit the papers talk.",0
2014-01-22T18:13:03Z,ntep and sanogo now that could be a very lethal combination in a few years,1
2014-01-18T04:49:32Z,i want to see him in emirate :D,0
2014-01-17T20:22:12Z,welcome to as roma,0
2014-01-17T16:00:29Z,"Lots of stepovers..
Remind me of a younger version of C.Ronaldo",2
2014-01-17T15:41:19Z,daje Roma,0
2014-01-17T13:42:30Z,Walcome to as roma. . Ufficiale è nostro,0
2014-01-17T13:42:29Z,Walcome to as roma. . Ufficiale è nostro,0
2014-01-17T11:27:21Z,!!!!!!! WELCOME TO AS ROMA !!!!!!!,1
2014-01-17T10:58:17Z,Wenger don't sign him ! Just another forehead ;),0
2014-01-17T09:04:58Z,"Welcome to Arsenal bro
# Arsenal Indonesian Supporters",0
2014-01-17T04:17:44Z,Welcome To Roma Little Champion !,0
2014-01-16T23:15:31Z,WELCOME TO AS ROMA !,0
2014-01-16T23:06:24Z,Welcome to Arsenal,4
2014-01-16T18:49:24Z,"Better than Zakaria Bakkali imo
Well, this is just based on some videos",0
2014-01-16T17:29:54Z,"I hear he could be coming to Arsenal for 10mil.  Well he looks good but hes clearly a liability.  But I like the way he plays, Hes strong, fast and skillful.  I think thats just the play we need.  Maybe a replacement for Wellington Silva since he cant even get a work permit.",0
2014-01-16T16:13:36Z,Hope isn't another selfish fuck like Gervinho. ,2
2014-01-15T07:14:15Z,WELCOME TO QPR!,0
2014-01-13T12:07:02Z,welcome to arsenal,0
2014-01-11T19:43:45Z,WELCOME TO ARSENAL,6
2014-01-11T19:33:15Z,"flair,but obviously he is too selfish and he got very bad vision,his teammates were in perfect position to score but he didn't make the pass",3
2014-01-10T10:25:11Z,Wenger work your magic.. Hes got henry like play come on you gunners,2
2014-01-07T10:07:06Z,Welcome to Standard de Liège ,1
2014-01-05T02:47:13Z,Come to arsenal ,0
2013-12-27T21:58:25Z,As Roma <3,1
2013-12-26T15:05:41Z,"7 Paul-Georges Ntep
AJ Auxerre, Ligue 2 (France)
Current national player: France U21
Date of birth: 29.07.1992
Place of birth: Douala  
Age: 21
Height: 1,80
Nationality: France 
Position: Midfield - Left Wing
Foot: right",2
2014-06-10T10:15:17Z,Show time tout simplement! rien de bien méchant...,0
2014-05-24T15:28:51Z,"C'était un match sans enjeu et de toute façon si ça serait Zlatan,Cavani ou autre
Vous aurez dit il set trop fort et tout mais il a fait un clin d'oeil au enfant qu'il font ça
pour le kiff et personnes l'a empecher a le faire le goal était sorti il y avait plus de 
défense et pour la dernière journée c'etait le kiff de N'tep",0
2014-05-22T10:05:31Z,"On peut chambrer son adversaire avec classe, et là ce n'est clairement pas le cas. Tout dans ce but est ridicule à l’extrême. ",0
2014-05-22T10:02:53Z,well done ! it even would be better  if he does it with his ass )),0
2014-05-21T22:01:01Z,"ES UN BUEN GOL Y LO ADMIRO, POR QUE MUCHOS ADULTOS NO TIENEN LA OPORTUNIDAD DE DIVERTIRSE COMO NIÑOS Y SER REALMENTE, FELIZ, VIVAN SIN PREJUICIOS Y DIVIERTANSE!!",2
2014-05-21T20:00:08Z,"Ntep a fait le malin certes mais pas longtemps, Tacalfred lui a mis un bon petit coup de pression. ",0
2014-05-21T18:54:13Z,"ahah c'est bien NTEP, t'as géré, laisse les jaloux/rageux parler, t'as fais ton job pendant le match, t'as bien mérité ce but, un des seuls qui a mouiller le maillot durant cette année, félicitations à toi, à l'année prochaine ",0
2014-05-21T08:53:47Z,"I wonder, if one played this on live bets, that next goal will be a header or a shot, how would that be? I guess its still considered a header now, isn't it? lol",0
2014-05-21T08:35:38Z,It is no doubt annoying...especially if you are losing 3-1. But Ntep has the right to have some fun. and it wasnt disrespectful. His gleeful smile says it all. ,0
2014-05-21T02:39:27Z,Hilarious. Besides if the defenders are as silly as these you should be allowed to score a silly goal. Look how the defenders just gave up completely as soon as he broke free and left him all the time he wanted.,0
2014-05-20T19:29:58Z,"J'vois que c'est provocateur mais en même temps dernière journée tu t'en fous tu joues pour le fun donc y'en a qui disent '' Oh Ntep il a fais ci il a fais ça '' mais, jsuis sûr que si vous serez à sa place vous l'auriez fait et puis les Remois qu'ont dit '' Rennais, Rennais on t'encule '' ou ceux en commentaires là, j'vois pas pourquoi avoir sorti ça. Surtout Tacalfred qui pousse Ntep après le but, j'vois pas pourquoi perso.",0
2014-05-20T18:13:20Z,"Les gens vous critiquer le but alors que vous n êtes PERSONNE ! C est qu un jeu il peut s amuser , vous etes trop vite dérangés.. --'",0
2014-05-20T18:13:17Z,"Les gens vous critiquer le but alors que vous n êtes PERSONNE ! C est qu un jeu il peut s amuser , vous etes trop vite dérangés.. --'",0
2014-05-20T17:13:59Z,Ntep c un batar,2
2014-05-20T16:44:37Z,merci ntep d'avoir marqué ce but sa change des buts répétés que l'ont voient chaque samedi et dimanche sur les terrains de la ligue 1,46
2014-05-20T12:51:48Z,"Tout est prétexte pour râler, même un putain de but. Y'a rien de choquant, c'est de la provocation et c'est drôle point. Et au pire, les remmois le lui rendront bien lors de la prochaine confrontation, et ce sera normal, et c'est aussi pour ça qu'on aime le foot. Faut se sortir les balais du cul les amis.",0
2014-05-20T09:38:45Z,Quand c est ronhaldinho qui le fait on lui pardonne et on crie au génie et quand c'est ntep c est le contraire ... cherchez l'erreur,11
2014-05-20T07:05:01Z,si c'est zlatan qui fais sa on va crier au genie donc au bout d'un moment faut arretter ,0
2014-05-20T03:33:04Z,Le reve de tous footballeur *-*,0
2014-05-19T20:49:43Z,"Alala il y en a qui ont besoin de pété un coup, pour une fois qu'un truc marrant se passe en Ligue 1 !!",3
2014-05-19T20:14:55Z,"Comme disait le commentateur sur Bein Sports, c'est digne d'un gamin de 14 ans qui fait ça dans la cour de récréation pour chambrer les copains... Ca n'a rien à faire sur un terrain de football... Et encore moins sur une pelouse de Ligue 1 ! J'espère qu'il comprendra et sera sanctionné par son coach.",11
2014-05-19T20:01:36Z,"Ntep : «J’ai 21 ans, je joue au foot par passion, a-t-il rappelé. Le foot est un plaisir pour moi, le jour où je n’en prendrai plus, j’arrêterai, mais pour l’instant je compte en prendre encore beaucoup. Désolé pour ceux qui ne comprennent pas»
Difficile à comprendre ? Non.
Fin de l'histoire.",3
2014-05-19T19:59:01Z,On dirai il a tué quelqu'un ... mai vous été tarés ma paroles vous vous êtes troués commes des abrutis il en a profité... il met un peu de spectacle un peu d'épice dans ce putain de championnat pourri et mou comme pas possible !! il aurais fait sa y'a 15ans les gens aurais rigolé mai aujourd'hui c'est un drame pfff c'est du sport a la base vous été aveuglé par les milliards qui sont sur la pelouse mai moi je vois que le sport et il a bien fait si il faut sa pour faire parlé notre championnat ben vraiment ... Pauvre de nous pauvre mentalité francaise.,0
2014-05-19T19:13:17Z,"There's no disrespect, he's a young guy having a good time playing football. I bet everyone here wishes they could have had a life where they became professional footballers?

Also, this is a comic gesture and should not be taken too seriously, obviously some fans are going to think this is directly insulting them, and most likely those fans are also the same bastards that are fucking racists too. This goal is what football is about, try to speak more about eliminating other problems instead of thinking about what a 21-year old kid wants to do on the pitch.",26
2014-05-19T19:00:42Z,"Moi aussi j'ai fait ça quand j'avais 12 ans, et je pourrais le faire aujourd'hui, mais seulement si je joue contre des vrais amis, ce type d'ami avec lequel s'insulter en rigolant fait partie de l'amitié parce qu'on a total confiance en lui. Cela parce que tout personne qui a fait ce geste sait que cela signifie quelque chose comme ""tu es tellement nul et je suis tellement supérieur à toi, que regardes ce que je peux te faire"". À un simple collègue professionnel on ne le fait pas ça, c'est une manque de respect.",1
2014-05-19T18:53:32Z,Le défenseur aurait du le tacler.,0
2014-05-19T18:33:33Z,"chambrage gratuit et ridicule pour marquer... totalement irrepectueux pour l'adversaire et sans intérêt !
A choisir, revenir à quelques années en arrière, un autre joueur formé à l'A.J. Auxerre marquait des buts d'anthologie avec le club icaunais et célébrer ""à juste titre"" et de manière très démonstrative ses réalisations... mais c'était justifié et il n'y avait aucune forme de ridiculisation envers l'équipe d'en face !",0
2014-05-19T18:18:37Z,"Ronaldinho avait fait le même, et perso quand j'ai une action comme ça je m'amuse souvent a faire le même geste, ya rien d'irrespectueux !",2
2014-05-19T18:11:52Z,c'est bien un français... absolument vouloir s'la pèter... manque total de respect,1
2014-05-19T17:31:41Z,"Pas de dignité dans la défaite, voilà le message, j'aimerais aussi ajouté que si on avait fait le pressing sur lui il n'aurai surement pas eu le temps de faire çà, donc à qui la faute ?",0
2014-05-19T15:50:41Z,Mdrrr le gamin,1
2014-05-19T15:35:52Z,Zlatan aurait fait la même chose on aurait crié au génie ! fermez là ! et bravo ntep moi j'aurais fait la même chose ! le football est censé être un jeu mais bon nombre de blaireaux ici semblent l'avoir oublié !,1
2014-05-19T15:19:26Z,MDR COMME EN PRIMAIRE !!!!! ,0
2014-05-19T15:16:39Z,"Quand vous aurez un palmarès et que vous seriez 1ers indiscutables ... Mais là vous êtes 12ème, c'est honteux !",2
2014-05-19T15:03:48Z,"ça aurait été Zlatan vous l'auriez tous pomper jusqu'aux boules ""vous avez vu le nouveau but de Zlatan???""",0
2014-05-19T14:33:26Z,best gol ever,7
2014-05-19T13:06:49Z,"Quand même, qui ne l'aurai pas fait ?  2-0 match plié sans enjeu. C'est ça le foot aussi",0
2014-05-19T12:27:15Z,ca aurait été Zlatan tout le monde l'aurait Suc** --',0
2014-05-19T10:15:15Z,C'est plutôt sur la sortie du goal qui doit y avoir une polémique lol !!!,169
2014-05-19T00:13:55Z,c'est tres facile pour vous de vous s’asseoir derrière votre pc et critiquer;le mec il a 20ans et est professionnel;arrêtez de râler avec vos pseudo leçons de morale bande de rageux y'a aucun enjeu lors du match et en plus le but est validé!! ,1
2014-05-19T00:02:11Z,"Prenez un peu de recul les gens, il n'y a rien d'irrespectueux ! Un match sans enjeu alors que le score était déjà de 2-0 et en plus toute l'équipe rémoise le laisse faire.. c'est juste bon enfant, on l'a tous fait peu importe l'âge ! Il a voulu se donner un p'tit kiffe, il a eu raison ! Faut en rire de ce but ! C'est drôle ça aurait été Zlatan tout le monde se serait astiqué dessus en disant ""Il est trop fort"", ""Franchement fallait le faire"" et j'en passe. Comme l'a souligné Pierre Menes ""on voit des attentats tous les week-end et on va polémiquer sur un but comme ça c'est juste idiot"" ! Rennes se serait pris un but semblable, ok sur le coup j'aurai p'tet ragé, mais j'aurai finalement trouvé le but risible et culotté au bout de qques minutes.",103
2014-05-18T21:05:32Z,Sayez faut se calmer c juste pour lui norage,0
2014-05-18T21:05:30Z,Sayez faut se calmer c juste pour lui norage,0
2014-05-18T20:13:07Z,Bien joué Frère !  #Srfc  ,0
2014-05-18T18:51:34Z,"Ca reste qu'un jeu, le mec s'amuse, je ne vois pas en quoi il y a de quoi faire polémique. Comme certains l'ont dit ça rappelle la cour de récré', le mec est jeune, il joue à un jeu, il s'amuse et c'est très bien comme ça. On ne peut plus rien faire sans se faire démonter derrière en fait.",0
2014-05-18T17:58:19Z,"N'tep est le meilleur joueur du Stade Rennais sur cette fin de saison, 4 buts sur les 4 derniers matchs, donc niveau professionnalisme N'tep on peut difficilement lui cracher dessus. De plus sa tête il l'a mise, non ? Donc d'où il joue pas correctement ? En plus de faire son taf proprement il a marqué un but qu'il rêvait de faire depuis qu'il était en 14 fédéraux. Le foot est avant tout un jeu, faut pas oublier sa, au moins lui il a la passion et c'est des joueurs comme lui (un gamin si ces détracteurs le souhaite) avec le smile en permanence qui donne envie d'aimer le foot. Sur ce les rageux et détracteurs si vous préférez voir des simulateurs, casseur de jambes ou autres joueurs monstrueux du style je vous laisse dans votre délire.",9
2014-05-18T17:53:13Z,"Du moment qu'il respecte les règles, il fait ce qu'il veut.",1
2014-05-18T17:22:47Z,Bien joué de la part de ntep si les defenseurs ne voulaient pas que ça arrive ils n'avaient qu'à poursuivre l'action avec qu' ntep ne dribble le goal,4
2014-05-18T16:46:12Z,On a atteint la polémique la plus débile possible... Bravo la France,49
2014-05-18T16:32:09Z,"ça prouve une grande intelligence de ce joueur, non seulement d'être con il est ridicule!",1
2014-05-18T15:19:19Z,j'atendai un but comme ca depuis longtemps merci !!!!,10
2014-05-18T14:33:04Z,"Quelle but de Ntep pour moi c'est le but de l'année. 
Ntep le futur de l'équipe de France !! ",0
2014-05-18T13:48:34Z,Très sincèrement il aurait pu se le permettre si ils avaient fais un meilleur match contre guingamp. Mais la c est complètement con. ,1
2014-05-18T13:33:33Z,Mdrrrrrrrr,1
2014-05-18T13:05:28Z,Je suis fan! ,2
2014-05-18T12:18:24Z,Je m'en lasserai jamais :'),24
2014-05-18T12:15:29Z,Donc Ntep a le QI d'un gamin de 5e : âge que j'avais la dernière fois que j'ai vu quelqu'un faire ça dans la cour de récré...,6
2014-05-18T11:51:09Z,"@ Gaylord Gremillard, toute la France a perdu contre Guimgamp, ya pas de honte à Rennes en particulier.",3
2014-05-18T11:42:34Z,Mdr le but bien joue ntep je vois pas en quoi y'a du chambrage,4
2014-05-18T11:21:23Z,"dernière journée, match sans enjeu, il a le droit a un peu de folie :p , pis les remois le laisse bien faire aussi.",0
2014-05-18T10:45:59Z,"Ca aurait été un gros match a enjeux oui ca aurait été limite ! Mais la c'etait la dernièr journée, un match sans enjeux bon enfant quoi ! (Supporter Rennais)",4
2014-05-18T10:11:12Z,faut arreter de polemiquer pr rien ya rien de choquant cest bon enfant cst pr ça quon aime le foot aussi !,150
2014-05-18T09:33:41Z,"J'aime bien le ""Rennais, Rennais, on t'encule !"" derrière :D",4
2014-05-18T09:33:35Z,"Petit troll en fin de saison , xd",1
2014-05-18T09:30:28Z,il fait ce qu il veut bande de bouffon si veut meme le metre ak le cul c son but ,2
2014-05-18T09:10:12Z,Jolie tête :D,1
2014-05-18T08:33:34Z,Mdrrrr moi j aurais fait pareil...,207
2014-05-18T08:21:09Z,"Bien joué ntep, il l'a dit que ce n'était pas un manque de respect mais juste un reve de gosse, ca fait du bien aussi de voir des gens prendre le foot comme un plaisir aujourd'hui. Apres si c'était un match très important ca passerait moins",80
2014-05-18T07:48:25Z,Perso ils ont fait une saison de merde contrerement a reims alors moi je dis qu il aurait se la fermer cet idiot,8
2014-05-18T07:29:11Z,Il ne se l'était pas raconté comme ça contre Guingamp !! Encore un trou d'balle de plus en L1 !!,2
2014-05-18T07:07:35Z,Le truc qu'on a tous fait quand on était gamins xD,192
2014-05-18T07:07:20Z,face à une équipe comme reims tu peux le faire 5 fois dans un match,46
2014-05-18T01:04:28Z,Ohhh l'enflure :p,22
2014-05-09T11:24:50Z,"Ils ont gagné contre Paris et perdu contre Guingamp, où va le monde? ( Supporter Rennais )",1
2014-05-07T23:20:21Z,Paul Georges N'TEEEEEEEEEEEEEEP <3,0
2014-03-05T14:19:16Z,Yeah!,0
2014-02-25T19:31:50Z,0:48 seconde ce que porte le stadier!!!!!,0
2013-12-22T19:30:30Z,Auxerre prononcé 1 fois dans la vidéo ... telefoot de merde .,0
2014-02-24T16:30:49Z,"0:47, le string de la meuf de la sécurité !! Magique...",5
2013-12-23T12:33:53Z,WELCOME TO AS ROMA ! ;),0
2013-12-04T17:59:08Z,Hope he comes to Arsenal,2
2013-09-06T14:15:37Z,tros fort ntep,0
2013-09-02T15:14:03Z,il va vite quitter auxerre,0
2013-08-30T06:49:13Z,Missile!,0
2013-08-29T15:19:37Z,Un but a la gareth bale,0
2013-08-29T13:35:40Z,Tu rigoles ?,0
2013-08-29T13:35:16Z,Quel talent ce joueur ! Allez auxerre !,0
2013-08-29T04:41:24Z,Super but,0
2013-08-28T14:27:36Z,Bo but pour 1 vieu match,0
2013-08-28T06:47:49Z,AUXERRE EN L1 !!!,0
2014-05-09T06:11:59Z,F,0
2013-12-04T16:10:30Z,bon bah dans pas longtemps 16ème de finale Nantes-Auxerre,0
2013-11-02T12:32:52Z,1:20 meilleur but de la saison !!! ,0
2013-11-02T12:31:12Z,on éspère revoir auxerre en ligue1 l'année prochaine ( de la part d'un supporter nantais) ,0
2013-08-28T20:28:02Z,"But de N'Tep incroyable !
Casoni va nous ramener l'AJA en L1, j'espère ;-)",0
2013-08-28T18:26:34Z,"Coupe de La ligue*, pardon.",0
2013-08-28T18:26:09Z,"Beau but d'Ntep, dommage d'avoir une affiche de L2 aussi tot dans la coupe de France, j'aurais préféré voir Caen un peu plus loin.  ",0
2013-08-28T17:33:24Z,"magnifique but de NTEP en pleine lucarne ;)
",0
2013-08-28T15:05:30Z,Sammaritano !!! J'ai ton short de la finale de coupe de la ligue ... MERCI de me l'avoir filé !!!,1
2013-08-28T14:56:10Z,Ntep ne restera pas longtemps ;),0
2013-08-28T11:45:39Z,"oui si il part pas avant la fin du mercato.
",0
2013-08-28T10:50:21Z,Ntep va faire beaucoup de bien a l'AJA ! ,0
2013-08-28T10:01:32Z,"Amis supporters, retrouvez le résumé de l'affiche du second tour de la Coupe de la Ligue. SM Caen - AJ Auxerre : 0-3",2
2013-08-28T08:56:11Z,Le but de ntep est un pur bijou,0
2013-08-28T08:22:27Z,aller auxerre,0
2014-05-20T15:28:17Z,Le but de Ntep est juste ... MAGISTRALE :D,15
2014-05-20T07:09:36Z,quel gros gamin ce ntep --',0
2014-05-20T04:46:35Z,"I used to watch Soccer when the New York Cosmos had Pele Beckenbauer, etc. and the LA Aztecs had Johann Cruyff. It was so exciting, so then I tried watching Mexican Soccer. Not only could I not understand anything anyone was saying, but it was like 3 games before I saw a goal scored (I didn't watch complete games, but most of them) and that GOAALLLLLLLLLLLLLLLLLLLLLLLLLLLL......guy was on. I switched to Ice Hockey except for the World Cup. Indoor soccer was a  joke.",0
2014-05-19T23:25:56Z,Fast-forward to 2:00 ,5
2014-05-19T22:12:11Z,"There's only one word to describe the third goal. ""Asshole"".",0
2014-05-19T21:03:47Z,disgusting mentality from that guy,1
2014-05-19T20:26:51Z,"Everybody's here for 1'57""",3
2014-05-19T14:19:35Z,I noticed at 2:06 when red shirt player pushes him he doesn't crumble to the ground screaming in pain. Perhaps all these 'injured' players we see in the middle of play might be faking it? (sarcasm intended),11
2014-05-19T12:28:09Z,A Georgie Best Goal! this was done by George first.,1
2014-05-19T10:09:25Z,Quelle insolence de Ntep ahah,2
2014-05-19T08:47:12Z,What a lad,0
2014-05-19T08:47:11Z,What a lad,1
2014-05-19T03:17:33Z,"""un geste qui n'était pas nécessaire"". Et moi je me suis marré en voyant ce geste, tout comme je me marrais en voyant waddle à l'om faire ses pitreries en plein match. Le problème c'est qu'aujourd'hui on prend le foot beaucoup trop au sérieux et on demande au joueur de surtout ne pas prendre de plaisir mais de faire leur boulot.",7
2014-05-19T03:16:17Z,insane,0
2014-05-18T18:35:26Z,Ntep qui s'amuse ^^,3
2014-05-18T17:16:31Z,J adore le but de Ntep mdr x),5
2014-05-18T15:49:06Z,"Mais.. Mais Kossi, qu'est-ce que t'as fait sur les deux derniers buts ?...",1
2014-05-18T13:22:47Z,Je comprends les rennais. Ils ont été humilié par Guingamp devant la France entière. Alors maintenant que la roue tourne ils en profitent.,3
2014-05-18T11:41:51Z,"Fin de saison (enfin bon je pense qu'on peut dire seconde partie de saison) catasrophique. Nul à chier. J'ai pas trouvé d'autres mots pour définir le jeu hier soir... Je suis parti du stade à 20 minutes de la fin, j'ai jamais fait ça, surtout pour le dernier match de la saison mais je pouvais plus... On jouait à 5 contre 11, il n'y avait que Tac', Diego, Devaux, Signorino et Charbo' qui jouaient. Même en ayant plus d'occases que Rennes, on était tellement maladroits que ça se transformait en passe pour la défense à chaque fois...
Caillot qui pleurnichait pour qu'on encourage les joueurs, à 3-0 c'était déjà trop tard, et avant de demander de les encourager il faudrait qu'il se rende compte que c'est grave ce qu'il se passe...
Il me semble (je ne suis pas sûr du tout) qu'on est dans la première partie de tableau depuis Marseille-Reims, et bah, nous qui voulions jouer la ""ligue Europa""
puis la première partie de tableau... La fête est gâchée, c'est tout. Je pensais vraiment qu'ils allaient mouiller le maillot pour montrer du beau spectacle, et pourquoi pas remporter le match 2 ou 3-0... Weber nous manque, et ça se ressent en défense avec toutes ses erreurs, notre meilleur buteur csc :3
3 jolis but, mais pas celui de Ntep qui est venu provoquer les rémois, mais j'avoue qu'il m'a quand même bien fait rire !!!",7
2014-05-18T09:48:55Z,"Ntep, où le mec qui met le but que tout le monde a mis en étant gamin ^^",51
2014-05-18T08:02:21Z,Ntep va faire parler avec son but...pas super pour la reputation.,2
2014-05-18T07:25:16Z,mdr le but de ntep mérite le top but !,50
2014-05-18T05:25:44Z,Je  suis le premier héhé,0
2014-05-17T21:51:13Z,Pocho<3,1
2014-05-10T04:03:04Z,ZLATAN <3,0
2014-02-11T06:36:46Z,"The comeback is on if ochoa keeps saving them, ajaccio can score more often, and if ajaccio wins more games.",0
2014-02-11T03:43:41Z,Ochoa,0
2014-02-10T01:32:53Z,"extra, extra, extra ajaccio por fin gano despues de un año.",2
2014-05-13T08:47:18Z,"#Ligue1 - Classement des buteurs - A nouveau buteur lors d’une 37e journée qui a vu la barre des 900 buts être franchie, Jordan Ayew contribue à la réussite du FC Sochaux-Montbéliard avant le match décisif contre Evian TGFC. Sur le podium, Ibra est toujours en tête. Gignac et Aboubakar complètent le podium !",12
2014-05-11T07:46:32Z,Reviens à l'OM Jordan !! ,1
2013-12-14T08:27:03Z,"Super, mais des commentaires serait encore mieux !",0
2013-12-08T00:31:28Z,1 occasion d en le match et il joue la pleureuse belle mentalité casoni tu ira loin,0
2013-12-08T00:29:30Z,Mentalité honteuse de casoni en conf de presse quel rageux celui ci mentalité de sudiste sa fait mal de s'en prendre 3 apprend au moi a être digne idiot va,0
2013-12-06T20:28:17Z,Toute la Lorraine est grenat !! Vive Le FC Metz ! <3,0
2013-12-05T17:00:44Z,on est les meilleurs allez metz,0
2013-12-04T09:46:26Z,"Moi ce que j'adore a Metz, ce sont les musiques avant le match :)))",0
2013-12-03T16:47:29Z,7 victoires d'affilés <3,0
2013-12-03T16:44:51Z,Allez METZ <3 ,2
2013-12-03T16:15:16Z,#Ligue2 - Retrour en vidéo sur le match de clôture de la 16e journée !,3
2013-12-03T15:36:42Z,metz pouf ,0
2013-10-27T23:29:00Z,Rageuse auxerroise ici presente,2
2013-10-27T19:34:47Z,"2 buts cadeau .Merci a l'arbitre qui a avantage le match a Troyes, qui voit meme pas avant le 1 er but que la balle sort,HONTEUX",2
2013-10-27T16:54:21Z,ct un tres beau match mais allez l'estac,2
2013-10-27T12:07:44Z,"J'en ai mal a mon AJA mais chapeau les gars. On est mal barrés encore.
M'enfin Troyes ne méritait pas de descendre la saison dernière, ça jouait au ballon nickel, bien mieux que certaines équipes de Ligue 1 de cette saison.

ALLEZ L'AJA !!",2
2013-10-27T00:14:34Z,"Allez l'estac, le lâchez rien les gars !",3
2014-02-11T01:15:24Z,:),0
2013-08-13T12:37:54Z,Aller Nîmes !!,0
2013-08-11T14:24:06Z,"NÎMES <3
",0
2013-08-10T22:09:49Z,allez l ajaaaaaaaa,0
2014-02-09T15:05:39Z,Lyon nededs a good goalkeeper!,0
2013-10-19T22:10:15Z,On aurait du le gagner 100 fois ce match :'(,0
2014-07-20T18:01:15Z,good kadir foued foued kadir,0
2014-05-08T00:07:48Z,Bien joué Foued tu leur a gâché la fête tu peut revenir a L'OM la tête haute :-) ,4
2014-05-07T23:15:50Z,BRAVO KADIR,1
2014-05-18T10:27:24Z,Gutted for Sochaux. They fought so hard to only get relegated in the end.,2
2014-05-01T00:08:47Z,Good goals!,0
2014-04-30T12:26:14Z,"je HAIE paris
je KIFFE lyon c'est clair",0
2014-04-30T02:24:11Z,Motta's pass to Cavani 0_o awesome!,0
2014-04-29T17:29:32Z,Ocho alias la tanga por que no tapa nada.,0
2014-04-28T18:14:14Z,Amazing channel and great videos but all it needs is a commentator :-),0
2014-04-28T17:35:00Z,The new trend has born. Ibras hair,0
2014-04-28T03:53:15Z,if ZLATAN were watching this he would say the power came form the hair. ,0
2014-04-27T23:46:53Z,what about berbatov's goal ?....,0
2014-04-27T23:19:32Z,He thinks he is ibra,2
2014-05-12T20:54:09Z,Même si lille a perdu je suis fière d'être lilloise :D,2
2014-05-12T06:54:42Z,match truqué,0
2014-05-11T17:29:41Z,et encore une faute grossière de verrati sinon lille n ouvre mm pas le score,0
2014-05-11T16:24:37Z,"Quel est le titre de la musique ? Elle est utilisée de manière récurrente dans les ""à la loupe"". Merci d'avance !",1
2014-05-11T16:20:59Z,xD le vent que Zlatan c'est pris a la fin,0
2014-05-11T14:54:49Z,"Lille mérite au moins le point du nul pour s'être battu et avoir presque dominé en infériorité numérique... Paris a eu le talent et aussi la chance de leur coté! Arbitrage d'aucune neutralité, je trouve que la faute sur Cabaye n'aurait pas du donner un carton rouge... le jaune suffisait! Paris n'avait pas besoin de cet handicap du coté lillois! Les dogues ont fournis un beau jeu, une grosse envie de recoller malgré Martin au vestiaire, jusqu'à la dernière minute! Bravo au LOSC!",2
2014-05-11T13:57:19Z,Même pas un ralenti du double contact crochet de Béria,0
2014-05-11T12:33:58Z,mdrr j'adore voir les Parisiens faire FIER DE PARIS ICIC C'est PARIS mou je dirai plutot FIERDUQUATAR ICI C LES QUATARI ! ,3
2014-05-11T12:27:23Z,super !! matche du losc paris avez plus de reussite,0
2014-05-11T09:18:43Z, #FierDeParis  ,1
2014-05-11T07:23:26Z,Merci,0
2014-05-11T06:57:37Z,First,0
