published-time,comment,likes
2013-10-13T15:47:17Z,Très belle ( Trébel ) vidéo !!!,0
2013-09-25T11:02:01Z,3 Lyon 3,0
2013-09-25T09:21:21Z,Lyonnnnnnn,0
2013-09-25T03:32:38Z,Lyon's goals were sicccccccck,0
2013-09-24T01:43:59Z,:( Nantes having a bad season,0
2013-09-23T17:51:48Z,3 nice goals from OL. ,0
2013-09-23T11:51:22Z,No Homo,0
2013-09-23T11:51:14Z,Grenier <3,0
2013-09-27T03:05:05Z,Yoann Zinedine,0
2013-09-26T16:29:34Z,Beaucoup de sous mais aucune ferveur! Forza bastia!,0
2013-09-06T14:41:20Z,If any of you Fantasy Premier League nuts are still looking for a league to join then the Celtic FC Supporters League code  67859-20404 would be happy to have you “great prize”,0
2013-09-03T18:51:19Z,who's this one person that's disliking get a life,0
2013-08-21T19:30:55Z,MONACO ! ,0
2013-08-17T05:45:19Z,Go to 2siteweb.com  I live in America and it works for me,0
2013-08-15T10:50:53Z,many of the teams will let you stream games if you pay a subscription. I dont know if any networks carry them,0
2013-08-14T22:58:04Z,Gourcuff!,0
2013-08-13T20:23:16Z,"Where can we find Ligue 1 fixtures in America? 

What websites or networks does the league recommend?",0
2013-08-13T05:14:33Z,awesome!,0
2013-08-13T02:42:55Z,whats the name of the song at the start ?,0
2013-08-12T21:37:02Z,"finally, been waiting for this since last night",0
2014-05-09T21:37:20Z,"Arrêtez avec votre Paris... Parlez-nous plutôt de la Ligue des Champions... (contre Chelsea), Même pas foutus de gagner chez eux devant leur public (contre Rennes...) ils étaient où ces parigots soi-disants magiques...",0
2014-04-04T06:36:14Z,peor que la defensa del ajaccio.,0
2014-01-31T23:00:01Z,xx i am praying to god that thiago silva comes to fc barcelona in the summer lolll xx,0
2014-01-21T19:38:52Z,please show extended highlights instead of just the goals,2
2014-01-20T22:24:50Z,Verratti! You little genius! Our midfield trio showed how truly important they are. We can't afford to lose any of them. Also happy to see Ibra assist Cavani with a goal unselfishly. And that celebration for his second goal!,4
2014-01-20T13:50:27Z,Men against boys,5
2014-01-20T13:31:33Z,Has someone ever heard of Gregory Van Der Ouile? Lol,1
2014-01-20T11:26:04Z,Love Zlatan's celebration!!,4
2014-01-20T00:28:13Z,Just if I had Zlatan in fifa 14 ultimate team...,6
2014-04-30T16:33:18Z,c trop bien ,1
2013-11-16T12:36:49Z,ALLEZ NANTES,3
2013-10-05T17:41:35Z,Allez Lyon.,8
2013-08-22T22:06:46Z,Aller l'om paris on tencule,5
2013-08-21T21:35:13Z,OL,5
2013-08-21T17:42:41Z,ALV.<3,3
2013-08-20T03:16:35Z,lyon commence tres fort mais j'espere et je suis sur qu'il vont continuer,2
2013-08-19T20:46:31Z,"le retour est prévu pour quand?(romain alessandrini)
",1
2013-08-19T11:53:22Z,vive le retour de jeremy clement ,0
2013-08-18T17:49:18Z,"Bizzare, j'enlève mon poster de Gourcuff de ma chambre et il renaît... Pas grave. OL et BG 87 ! Combattre et vaincre !",2
2013-08-18T02:04:06Z,PARIS!! PARIS !! ON T'ENCULE !!,1
2013-08-17T17:13:49Z,"FORZA BASTIA
",0
2013-08-17T13:49:36Z,allez lyonnnnn,1
2013-08-16T20:53:02Z,Il y'a eu un envahissement de terrain lors de la dernière journée de L2 face à Le Mans,1
2013-08-16T20:51:34Z,De rien Alex :),0
2013-08-16T16:23:32Z,si c'était un but d'un joueur ''normal'' on en parlerait pas ...,1
2013-08-16T14:15:19Z,Merci de l'info Zlatan ;),0
2013-08-16T10:12:36Z,Et pourquoi ils devaient y avoir 2 points de penalité?,0
2013-08-15T21:29:23Z,Ils ont retrouver les 3 pts après l'appel qu'ils ont émis auprès de la DNCG,0
2013-08-15T19:33:04Z,On vous enlève Ibrahimovic et il y a plus rien vous gagner sans aucun merite vous gagner avec des tunes pas avec un collectif c'est plus du foot ,0
2013-08-15T16:37:17Z,un vrai but de renard des surfaces !!,0
2013-08-14T20:45:53Z,"Oh, navrés. 
Mais la reprise du boulot et pour tous le monde assez dur. 
Jocelyn est un très bon commentateur laisse lui le temps de reprendre tu verras :) ",2
2013-08-14T17:01:26Z,Allez les verts !!!!,2
2013-08-14T13:29:31Z,Il ont plus les points en moins donc il en on trois,0
2013-08-14T10:39:48Z,"A priori annulé !
",0
2013-08-14T08:25:04Z,En quelle année on arrêtera de parler de ce but moche de FALCAO la grande star ...,0
2013-08-13T21:25:47Z,"Non annulé .
",0
2013-08-13T20:21:12Z,"T'as pas compris ? Le commentateur dis Gapké et pas Gakpé. 
Je dis que je connais pas de joueur au nom de ""Gapké"".",0
2013-08-13T19:48:37Z,ok on verra,0
2013-08-13T19:46:58Z,"Merci pour des belles video , bonne reprise de saison a Tous et que Marseille soit Champion de France .",0
2013-08-13T18:34:04Z,ALLEZ MONACO,0
2013-08-13T18:22:29Z,"Et Gignac = Messi, Et Ayew = Neymar ??? Faut arrêter les comparaisons stupides, ou fait en des réalistes, compare l'effectif de l'om avec celui de... l'Athletic Bilbao !",0
2013-08-13T18:16:25Z,"Le retrait a était annulé, c'est officiel, c'est visible sur le site de la LFP, en revanche ils disputeront un match a huis clos contre Toulouse le 24 août prochain ;)",0
2013-08-13T18:03:13Z,Payet - Valbuena = Xavi - Inesta,0
2013-08-13T16:24:06Z,"Un coup tu dis "" Gakpé "" et ensuite tu dis "" Gapké "" 
Tu dis qu'il faut respecter et connaitre le nom des joueurs mais tu ne sais même pas l'orthographier .. ",0
2013-08-13T16:20:38Z,La FFF discute si oui ou non monaco & Paris auront des points en moins.. On serra tout vendredi. ,0
2013-08-13T15:13:44Z,Monaco a eu cette sanction car les supporters avaient fais de trois gros débordements lors du match de leur passage en ligue 1,0
2013-08-13T15:08:52Z,La sanction de monaco a viens d'être annuler je suis pour le psg je ne suis pas inquiet il font le meme début de saison que l'année dernière,0
2013-08-13T14:24:22Z,.............?,0
2013-08-13T12:46:25Z,mais je dis pourquoi ils ont un points au lieux de -2,0
2013-08-13T10:19:36Z,Mais qui a dis que Lyon devais recruter un attaquant,0
2013-08-13T09:39:16Z,ASSE 3,0
2013-08-13T09:04:44Z,je sens qui va avoir beaucoup de but cette saison,0
2013-08-13T02:32:20Z,Monaco a fait appel mais il n'est pas suspensif. C'est a dire qu'il commence le championnat avec -2pts. De même pour le match à huis clos,0
2013-08-12T23:18:35Z,"Non on le saura dans la semaine , pour l'instant c'est provisoire",0
2013-08-12T23:15:34Z,En plus ce journaliste incompétant s'est trompé de joueur puisque c'est pas Gakpé qui fesait le pressing sur Palmieri mais Nkoudou ,0
2013-08-12T23:07:48Z,Les footix sont de retour!!!,0
2013-08-12T23:05:53Z,MDRRRRRRRRRRRRRRRR,0
2013-08-12T23:05:25Z,Merci yassine de nous le rappeler....,0
2013-08-12T21:51:57Z,"Gapké je connais pas. 
Désolé mais quand tu fais un boulot tu fais ça bien. Quand on a du respect on essaye d'apprendre le nom des joueurs au moins.

Même le commentateur des matchs de L2 est meilleur. Il met de l'entrain lui au moins. 

A ce demander si ce commentateur là bosse pas pour BeIN en plus (Birama Traoré... Elle m'aura fait marrer celle là tiens... ou Lucas Déaux c'était du joli aussi... Ou Landreau qui commence a Bastia face à Bastia avec Bastia.)

Bref.
(""tu rages"" avec un ""s"")",0
2013-08-12T21:50:20Z,allez marseille !!,0
2013-08-12T21:33:41Z,Asse «3,0
2013-08-12T19:58:40Z,ASSE ! <3,1
2013-08-12T18:54:12Z,"Oui ils sont validé , malheureusement :s  ",0
2013-08-12T18:29:16Z,"Juste pour ça c'est un commentateur de merde ? ça fait quelques temps qu'il fait ça, il fait ça bien, pour une faute tu vas pas cracher dessus, si juste pour ça tu rage go commenter les matchs toi même on verra ce que ça donne.",1
2013-08-12T18:13:31Z,"Putain.. C'est N'Koudou et pas Gakpé le dernier but de Nantes... Commentateur à 2 balles ><""",0
2013-08-12T17:12:50Z,C'est vachement bien ces condensés quand on ne peut pas voir tout les matchs,0
2013-08-12T16:22:14Z,"@RAZOR GAMINGFR c'est simple a la derniere journee de ligue 2 l'année derniere, il y a eu des incidents a Monaco qui a ete sanctionner d'un retrait de 2 pts. Ils ont fait appel de la sanction et en attendant la decision de la commision ils ont peovisoirement 2 pts en moins",0
2013-08-12T16:17:31Z,Oui; ils sont comptés ! Mais pouvais vous m'expliquer pourquoi monaco avait -2 pts ? ,0
2013-08-12T15:51:24Z,Belle 1ère  journée ! Avec un départ canons pour les Olympiques ! ,1
2013-10-23T03:21:15Z,Ochoa♥,0
2013-10-23T00:19:29Z,Nantes :D gano,0
2013-10-22T13:03:34Z,La defensa parecia fantasma.Ochoa hace lo que puede pero tanto y tanto pues seguro que va a caer un gol.,0
2013-10-21T18:32:07Z,buen partido de Ochoa lastima del error al final,0
2013-10-21T06:19:25Z,Si la bola pasa y no la toca el atacante llega y la mete... Pero como la toco y trato de desviarla es error... No pos si,0
2013-10-21T04:12:39Z,"Ese Ochoca, siempre siendo factor, para bien o para mal, jajajaja",0
2013-10-21T01:59:36Z,Pinche pendejo para que sale si no sabe el idiota,0
2013-11-12T12:25:11Z,serge le lama haha,0
2013-11-11T00:19:26Z,Score pas vraiment mérité... ça vallais plus un match nul dans le jeu ,0
2014-05-07T11:17:29Z,Et aussi une vidéo sur l'année 2013-2014 et la montée en ligue 1 de lens,3
2014-05-07T11:16:40Z,Tu pourrais faire une vidéo sur l'année 2013-2014 du FC Nantees avec les commentaires des présentateurs,9
2014-05-07T11:15:17Z,"ta vidéo est génial.
Je la regarde en boucle et a chaque fois j'ai toujours des frissons.(surtout quand c'est lens et le FC nantes) Allez ces deux supers club et aux chiotes le stade rennais.",2
2013-08-27T15:23:26Z,J'ai vu quelques unes de tes vidéos et ce sont de très bonnes vidéos et avec des frissons garanties !!! Merci ,0
2013-08-25T10:16:43Z,"Merci à toi. Je suis en manque d'inspiration actuellement. Si tu as des idées, n'hésites pas à m'en proposer ;)",1
2013-08-25T10:04:53Z,Tes videos sont juste énorme continue comme ça !,0
2014-05-05T02:56:04Z,Cichero es un maestro *_*,0
2014-02-06T00:12:28Z,who were the announcers for this game today?,0
2014-02-05T22:43:48Z,That was an intense game. Loved watching it live,0
2014-01-17T11:06:10Z,Ici c'est Paris:-) ,0
2013-09-20T02:15:46Z,"venezuela 
",0
2013-09-14T20:05:23Z,Yes Paris.,0
2013-09-09T07:50:44Z,"Rmfc you do realize that Cavani was at a really bad angle to shoot, right? He knew he wasn't going to be able to shoot correctly so he gave a pass to Lucas instead. Looked like a fancy pass but that was the only way to pass in his situation.",0
2013-09-04T15:59:37Z,Alex commence a m'enerver,0
2013-08-31T14:51:13Z,SSC NAPOLI attack..,0
2013-08-30T11:46:50Z,i came here to see cavani,0
2013-08-30T09:33:42Z,Un seul français sur le terrain côté PSG sur la compo... `dur,0
2013-08-30T02:51:59Z,"Let's go PSG, road to the champions!",0
2013-08-30T01:06:46Z,Paris Paris Paris.. ChampionMonFrère,0
2013-08-28T15:28:29Z,L'attacco del Napoli...,0
2013-08-28T15:28:14Z,SEMPRE!,0
2013-08-28T13:55:15Z,le but c'est meme pas un nantais qui le marque donc ferme ton bec puant,0
2013-08-28T11:25:03Z,"SALUT A TOUS AMIS SUPPORTER OU FOOTBALLEUR VENEZ VOIR LES VIDEOS D'UN PETIT CHAMPION DE NANTES AGEE  DE 8ANS SVP SOUTENEZ LE IL MERITE ET SI VOUS POUVEZ FAITES TOURNER LA VIDEO SUR YOUTUBE ""RAYAN FOOTBALLEUR"" DAILYMOTION ""RAYAN FOOTBALLEUR"" ET FACEBOOK ""RAYAN FORTIN""",0
2013-08-28T03:17:44Z,"Psg needs to buy a Center Back and a mid i don't know why they haven't offered on Ozil because he is someone that is very talented and Madrid want to sell him, But i can see why Psg haven't offered on him yet he isn't on Napoli.",0
2013-08-28T03:14:30Z,I wonder how much Psg is going to pay for Higuain next season,0
2013-08-27T22:43:46Z,Dans l ensemble le match était mitigé le PSG  a été très faible surtout la fin les 10 dernières minute follow moi sur twitter AnaRchy_Drop spécialiste des débat foot,0
2013-08-27T21:16:06Z,"Well done for playing Lavezzi, that guy is finding himself, when he does he will be the backup PSG need in times like this. As for Ibra and Cavani not playing well together -well that is a myth",0
2013-08-27T19:46:05Z,On a marquer qu'un but car c'est votre gardien qui vous sauve le match on aurai pu en mettre 3 ou 4 alors ferme ta bouche avec ton équipe du quatar a deux bal qui s'en tape du club et de ses supporter,0
2013-08-27T15:54:03Z,"FORZA NAPOLI
",0
2013-08-27T08:56:15Z,"buena actuación de Cichero
",0
2013-08-27T01:14:54Z,Paris ou l'équipe avec le moins de Français de la Ligue 1,0
2013-08-26T23:10:41Z,che portiere Sirigu !!,0
2013-08-26T23:07:09Z,Muito foda,0
2013-08-26T22:10:02Z,J'ai d'abord cru a un post etranger tellement l'orthographe est mauvaise!,0
2013-08-26T22:08:07Z,"Hey look, there's a French guy in the PSG team!",0
2013-08-26T21:41:12Z,PSG c'est les meilleur bande de gros rageux ici c'parîs !!!,0
2013-08-26T21:10:53Z,"44% de possession, 44 Nantes !",0
2013-08-26T19:49:26Z,"zlatan zlatan and zlatan !
",0
2013-08-26T19:29:27Z,Aguante CAVANI!!!! Tamo acá los uruguayos solo por Cavani!!,0
2013-08-26T19:27:10Z,"jaime pas avoir la onte acose des parisien!!!
",0
2013-08-26T18:39:59Z,On a T.Silva le meilleur défenseur du monde =),0
2013-08-26T18:34:04Z,"J’emmerde le PSG !!!
PSG sucks !!!
Saloperie de PSG !!!
",0
2013-08-26T17:22:40Z,"this is a nice goal , Cavani shot to the right time , and didnt hit the goalkeeper",0
2013-08-26T16:00:20Z,"Supporter du psg depuis 2000 moi et bizaremet yavais pas trop d'etranger qui ""supportaient"" notre club....",0
2013-08-26T15:59:54Z,cavani was lucky.his shot wasn't his class..,0
2013-08-26T15:08:42Z,!!!!!!!!!!!,0
2013-08-26T15:08:35Z,Cavani,0
2013-08-26T15:08:21Z,Lavezzi,0
2013-08-26T14:17:35Z,"Cavani Sirigu Pastore go Palermo
",0
2013-08-26T13:52:21Z,Duh! of course it was! All I meant to say is that seeing him score early in the season will give him much confidence and will shut his critics! ,0
2013-08-26T13:45:28Z,"Très bon match du FCN, ils leur ont bien mis la pression (surtout après l'égalisation), si les Canaris joue comme ca tout le reste de la saison ils pourront aller loin en Ligue 1.",0
2013-08-26T13:44:59Z,"2:40 : Je peux avoir ton maillot ?
         Allez casse toi !",0
2013-08-26T12:31:27Z,Cavani = Legend,0
2013-08-26T12:27:06Z,Cavani-Lavezzi:Naples!,0
2013-08-26T11:52:10Z,premiere victoire en trois matches avec le plus gros budget de l1 c'est pas trop magique,0
2013-08-26T11:50:11Z,"nan ! :)
",0
2013-08-26T11:45:41Z,"dommage pour nantes ils avait quand meme fait un beau matche mais paris etait quand meme meilleure
 ",0
2013-08-26T11:30:29Z,ji etai au match et alex et bon,0
2013-08-26T11:11:33Z,"Tant qu'on a les images, ça suffit largement.",0
2013-08-26T11:09:40Z,Bravo aux canaris ! Ils font très bonne impression c'est encourageant pour la suite du championnat !,0
2013-08-26T10:55:47Z,.....................grande pocho loco,0
2013-08-26T10:06:25Z,it was an easy goal..,0
2013-08-26T09:56:37Z,SUPER CAVANI!!!!,0
2013-08-26T09:20:49Z,Alex faut mettre sakho a la place srx !,0
2013-08-26T08:41:10Z,"Aller Nantes pour cette saison de ligue 1 =)
",0
2013-08-26T08:38:40Z,vive Paris ,0
2013-08-26T08:35:10Z,A victory made thanks to Napoli ,0
2013-08-26T08:34:45Z,"Lavezzi, Cavani.... made in Napoli !!",0
2013-08-26T08:11:12Z,bof ,0
2013-08-26T07:46:39Z,C'est incroyable que même la chaîne officielle de L1 post des vidéos en anglais...,0
2013-08-26T07:35:56Z,"paris est magique !!!!!!!!!!!!!!!!!
",0
2013-08-26T06:39:53Z,P$G...i think its better ibra to play as a AMF...bcoz cavani will score more goals than ibra...or else play both as a center forward and menez or pastore in the AMF,0
2013-08-26T05:30:09Z,"FINALLY, PSG is the King",0
2013-08-26T05:04:00Z,Bedoya was a good signing,0
2013-08-26T04:08:52Z,Gabo Cichero - Crack,0
2013-08-26T02:43:46Z,leave,0
2013-08-26T02:38:15Z,Cavani is still proving that he's a quality player! love watch him play! ,0
2013-08-26T01:35:46Z,t as vu le match au moins ? il fait la passe a Cavani pour son but et c est lui qui fait la passe décisive en décalant Matuidi sur le deuxième..,0
2013-08-26T01:24:30Z,Nantes lost -_-,0
2013-08-26T00:59:24Z,"CAVANI!!!!!
",0
2013-12-12T18:16:41Z,"Aristeguieta :D great player
",0
2013-12-10T10:56:36Z,FCN <3 <3 <3,0
2013-12-06T00:12:02Z,Amazing fans!,1
2013-11-14T10:46:53Z,"Un fantôme durant tant d'années, et à 28 ans, il devient un pilier du FC Nantes et dans le top des défenseurs de Ligue 1, la meilleure année possible pour lui, quel plaisir :)",2
2013-10-23T20:46:38Z,"Très bonne vidéo, à bientôt sur Brigade du style ;)",0
2013-10-22T23:12:50Z,C'est un très bon joueur et surtout imprevisible,0
2013-10-22T22:36:26Z,He is a beast!!!!!!!!!!!!!,0
2013-10-22T20:45:16Z,Magnifique !,0
2013-10-22T19:58:29Z,"SUPER vidéo, enfin on commence à être habituer :D Continue comme ça !
",0
2013-10-22T19:39:53Z,Mako - Beam,0
2013-10-22T19:37:14Z,Super vidéo ! :) nom de la chanson ? :)merci,0
2014-07-31T14:11:28Z,c pas coup franc c corner,0
2014-03-18T19:32:13Z,"La bonne epoque du haut de tableau : / En esperant la ligue pour l'année prochaine.
ALLER  NANTES",3
2014-02-14T20:06:58Z,Gapké trop fro,0
2014-02-12T11:06:40Z,Aller rennes,0
2014-02-04T19:06:21Z,aller nantes,1
2014-01-24T09:20:21Z,Superbe match,0
2014-01-19T17:29:32Z,"On montre pas le but non validé d'Eric Bauthéac sur un superbe coup franc de la ligne médiane hein ?
Je comprends mieux pourquoi il n'y aura aucun arbitre Français pour le Mondial...
Sinon, félicitations au FC Nantes qui a fait un très bon match.",0
2014-01-18T12:34:28Z,#FCN <3,1
2014-01-17T20:36:30Z,Robin van persie ferme ta gueule stp,3
2014-01-17T18:35:29Z,Ahhh et bien enfin un matchs de Nantes pas volé !J'ai pris du plaisir a voir ce matchs !Vous voyez quand vous voulez !,0
2014-01-17T16:12:53Z,gros match des deux équipes bien jouer a nantes issa nissa!,1
2014-01-16T22:18:17Z,"Pourquoi vous ragez les Niçois ? Vous avez perdu, on en reste là point. L'arbitrage, c'est l'arbitrage, il n'y a pas à contester. C'était un très beau match, surement un des plus beaux de la saison pour l'instant. Les deux équipes méritaient, mais Nantes a été plus réaliste, voilà. Et à regarder, 4 buts en 45min, c'est pas beau ça ?! Et les 4 buts sont énormes, avec une frappe de fou à 30m de Gakpe pour conclure le match. 
Vous nous avez éliminé en coupe de France, on vous élimine en coupe de la Ligue ;) 
#AllerNantes! ♥",6
2014-01-16T17:58:07Z,Qui a remarquer qu'a 1min 46 il confond un corner avec un coup franc ? ,3
2014-01-16T17:20:26Z,ils ont juste oublié de montrer l'arret de riou dans les cages...,0
2014-01-16T16:05:30Z,"Et vous qui n'êtes pas Nantais, écoutez la Loire chanter, nous sommes fières d'être Nantais, tous ensemble pour la chanter...<3 <3",0
2014-01-16T14:35:15Z,c'etait un tres beau match et bravo au nicois quand meme ! mais allez les jaunes et verts ahah,3
2014-01-16T14:18:11Z,"les nicois meritait 
et le but de beautheac y est bien !!!!!
issa nissa on prend la revanche en ligue 1 bande de fdp de nantais",1
2014-01-16T14:08:27Z,7 eme ciel 7 eme but,0
2014-01-16T12:14:56Z,"Allez Nantes ! Vous pouvez le faire face à Paris, faut tout donner et la Beaujoire sera en ébullition pour vous pousser ! <3",6
2014-01-16T09:22:27Z, #CDL - Quart de finale - Revivez les meilleurs moments de FC Nantes - OGC Nice (4-3) en vidéo.,7
2014-01-16T07:41:19Z,intense ce match !!!!,11
2014-01-16T06:31:42Z,Normalement y a pas coup franc sur le 1er but,14
2014-07-28T13:00:34Z,,0
2014-07-28T13:00:32Z,,0
2014-07-23T19:52:36Z,"c un peu beaucoup tard pour mettre le com mais j'y étais je peu vous dire qu il y avaient une ambiance de FOLIE au Parc des Princes du début jusqu’à la fin!
bref c'était trop dard.",0
2014-04-19T17:26:59Z,"Je n'aimerai pas être le poteau de corner à 2:52
LOL ;) ",1
2014-04-18T17:43:17Z,"le penalty... franchement, l'arbitre a encore une fois été acheté !!",1
2014-04-13T07:56:39Z,"2:57, Zlatan tué le poteau",2
2014-03-16T22:02:25Z,Paris on t encule,0
2014-03-15T12:22:04Z,"Nantes, après une super première partie de saison, termine très mal depuis le début de l'année... Défaite 5-0 contre Paris, 2-0 contre Evian et Rennes...",0
2014-02-26T20:25:32Z,PSG,2
2014-02-21T07:48:09Z,"Belle victoire du PSG, on l'a mérité",1
2014-01-30T16:36:09Z,toujours l'argent ici.. on était 4ème avant le qatar et le barca fonctionne aussi sur l'argent.@keftze la majorité des parisiens n'a pas oublié et le psg n'est pas un club à mode ou de footix comme d'autres.@dylan: n'importe quoi,0
2014-01-27T18:58:52Z,"Ok on a peut etre perdue mais tant que l'on reste dans les 10 premiers
",0
2014-01-23T16:29:02Z,Paris Paris va te faire foutre vous gagner contre et vous perdez contre Montpellier et vous parler (ALLER LES JAUNES ET VERTS ALLER ALLER LES JAUNES ET VERTS ALLER LES JAUNES ET VERTS OOOOOOOO QUI NE SAUTE PAS NE PAS NANTAIS ,0
2014-01-22T22:28:11Z,"Arretez vos conneries les soit disant ""supporter "" Nantais , Le PSG d'aujourd'hui quoi qu'il arrive il sera toujours critiquer , insulter etc... Mais nous les anciens supporter on oublie pas d'où on vient , il y a un peu moins de 6 ans , un certain 17 mai 2008 on a faillit aller en ligue 2 et bizarrement personne ne s'en souvient dans les ""supporter"" du PSG d'aujourd'hui ou du moins une partie , mais quand le club a été racheter et que depuis la mort d'un supporter de la tribune de boulogne a décédé nous les ultras nous sommes toujours derrières notre ville lumière. Et pour en revenir à ça les gens qui disent c'est normal que Paris gagne puisque ils ont pleins d'argent , c'est votre seul argument pour exulté votre haine sur ce club mais nous on a une grande histoire , de grands joueurs sont passer par le PSG et à Nantes j'ai pas souvenir d'un grand joueur ( ps : les footix de 14 ans me sortez pas des joueurs que vous n'aviez jamais connu )",4
2014-01-22T19:30:26Z,"Quel bande de naze ces nantais. Arretez de ramener la tune regardez manchester utd en ce moment, que st ce qu on a foutre de vos supporter, si le psg gagne toujours au parc c est pas pr rien. Arretez de rager on sait que tt la france nous envie",3
2014-01-22T17:55:18Z,paris ne sont bon que grâce au quatar n oublie pas cela ou sinon il serait comme les année d avant dans la deuxieme partie du tableau moi je cous comprend suis lyonnais,0
2014-01-22T13:57:31Z,"Les supporter de Paris on dit nous on a une équipe, se de Nantes on répondu, nous on a des supporters tout est dit de plus Paris est le club le plus crtiqué en France et leurs supporters sont dit faut cu est il ont raison breffff! Paris a gagné sur le terrain mais niveau supporter nous Nantais on est Meilleurs. Paris aime sucé, les bites des Nantais!!!!!",0
2014-01-22T10:38:45Z,j'ai meme pas regardé votre vidéo de merde je viens juste pour dire de former vos arbitre de merde pour qu'ils arrêtent de faire chavirer les partiesavec leurs penalty qui n'en sont pas à cause des italiens qui simulent voila .Même si Nantes ne devait évidemment pas gagné vu ce qu'on a fait,0
2014-01-22T08:51:17Z,ICI c Paris mdr,0
2014-01-21T18:50:19Z,"Paris a respecté Nantes sur le terrain, ça montre que l'on est pas sous estimé !

Perdre a Paris, c'est acceptable, mais que les joueurs ne montrent aucune envie pdt 90 minutes, c'est pas normal !",6
2014-01-21T18:05:12Z,"Quand tu compares le budget et le niveau des joueurs, j'ai envie de dire heureusement que le PSG a fait une victoire écrasante. Un simple 0-1 ou 0-2 ça aurait été la honte pour le PSG qui a un effectif international contre un effectif de ligue 2. (et on peut tous dire ""MERCI L'ARGENT"")",3
2014-01-21T17:07:15Z,Sans l'argent Paris n'est rien         Aller les jaunes !!!!,1
2014-01-21T16:18:04Z,Mdr une reprise dans le poteau de corner,0
2014-01-21T16:15:53Z,Mdr les nantais qui ce la pète des qu'ils sont ridicule il se cache derrière leur place de promu ...mdr le ne prenez pas mal je vous chauffe ,7
2014-01-20T17:30:16Z,https://twitter.com/Foot44actu svp aller voir,0
2014-01-20T16:55:19Z,Le tarif maison.,0
2014-01-20T16:32:51Z,"ouais rien à dire paris nous a dominé , mais j'ai l'impression que nantes a fait exprès de mal jouer : au match aller c'était sérré et là pas  ... j'ai juste une chose à dire rendez-vous le 4 février à la beaujoire pour la revanche :)",6
2014-01-20T15:05:35Z,ALLEZ NANTES <3,2
2014-01-20T14:45:26Z,aucun joli but sur 5... ,1
2014-01-20T12:59:00Z,le FC Nantes est rentrer sur la pelouse le short deja baisser !!! lol,0
2014-01-20T12:50:43Z,"les clubs comme Bordeaux Nice Evian Guinguamp Sochaux Ajaccio Bastia Montpellier Valenciennes Rennes Toulouse Reims Lorient ou encore Nantes hier soir... si c'est pour nous offrir un spectacle endormant sur le terrain comme sur ce match bah jetez vous par la fenetre, sérieux y'en a marre de tout ces clubs qui rendent notre championnat ennuyant et pas du tout attractif putin prenez exemple sur la BPL la Liga La Bundesliga...
On va pas aller loin en Europe avec des équipes comme ça",0
2014-01-20T12:36:33Z,meme si le psg a perdu une fois en championnat ou que certaines equipes l'ont fait douter ce n'est rien puisque quelle équipe est qualifié en ligue des champions ? a part lyon auparavant qui avait redore les equipes Français en ligue des champions je ne vois aucune autre equipe et maintenant c'est paris qui redore l'image des equipes francaises voila sur ceux bonne journee j'espere que la saison prochaine on verra Monaco lyon et le psg qualifie pour les phases finales de la ldc^^ parque les autres ne font que du tourisme ^^,0
2014-01-20T12:35:10Z,Mdr zlatan il gagne plus d'argent que tout le club de Nantes on peut rien faire,25
2014-01-20T12:30:05Z,"La différence entre Paris et Nantes est flagrante en terme de jeu, de joueurs et d'argent il ne faut n'ont plus pas insulter ou critiquer toute la journée le FC Nantes même si le PSG a mérité largement cette victoire.",2
2014-01-20T11:46:46Z,"Arretez de ramener l argent, regarder manchester united ... C est bon ne ragez pas de l humiliation qu on vous a mis",4
2014-01-20T11:17:30Z,Je retiens aussi le bel hommage rendu à Pancrate ... Finalement les supporters Parisiens ne sont pas si con que ca :),0
2014-01-20T09:47:54Z,"2:32 ""Rames Rodriguez"" Sérieusement ?!",0
2014-01-20T09:31:52Z,ils ont gagné en y mettant les formes comme sur le 3 eme but ou mattuidi sert thiago motta.C'était une belle démonstration de force du PSG.,1
2014-01-20T08:52:19Z,"ridicule ce FC Nantes... j'espère que c'est juste une erreur de parcours pour vous , amis nantais",11
2014-01-20T07:23:02Z,c'est un NANTErement....,57
2014-01-20T07:21:07Z,Grand matchs du fc Nantes !Les nantais me critique parce que je dit la vérité mais la il faut dire que ils sont trop fort les nantais bravo vous pouvez être fier de vous ,5
2014-01-20T06:58:23Z,EL MATADOR!!! <3,0
2014-01-20T06:42:25Z,"Dur de jouer sans goal pour Nantes, Il y avait rien en face",0
2014-01-20T02:51:57Z,PARIS <3,0
2014-01-20T00:13:57Z,Il est fort Pénaltibrahimovic !,4
2014-01-19T23:34:33Z,Merci Ligue 1(Officiel),0
2014-01-19T23:19:14Z,Et bim allez paris,0
2014-01-19T23:18:24Z,Cavani sucked ,0
2014-01-19T23:17:45Z,"Invincible psg 
",2
2014-01-19T23:17:14Z,Bravo a Paris même si le deuxième but est cadeaux ,1
2014-01-19T23:14:43Z,"5-0 Sisi, ICI C'EST PARIS !!!",7
2014-01-19T23:13:58Z,,0
2014-01-19T23:12:52Z,J'appelle sa une correction 😁 # PSG 💖,1
2014-01-19T23:12:35Z,Allez NANTES ! 'faut relever la tête Pour les prochain match et se servir de cette défaite ainsi que les chants des supporters pour les demis ! <3,4
2014-01-19T23:10:28Z,Cool,0
2014-01-19T23:08:19Z,C bn ça ,0
2014-01-19T23:05:45Z,Sa pue !,4
2014-03-28T12:37:45Z,"Pour l'attaque l'année prochaine, je vois bien une association Aristeguieta-Schechter",1
2014-01-02T01:42:39Z,Cantera del Caracas FC,10
2013-11-12T11:03:16Z,"el colorado,the best!NANTES FC",2
2013-10-31T11:57:25Z,"Es ""DotEXE - Fast car""",3
2013-10-30T21:02:11Z,"Como se llama la cancion que pusiste en este video?

Muy buen trabajo.",1
2013-10-28T19:03:08Z,Es verdad que hace raro por alguien de 21 anos ;),1
2013-10-28T18:48:44Z,la gente cuando ve al colorado con barba debe pensar que tiene 30 años xD,1
2013-10-21T09:39:51Z,Il a failli venir à Marseille.,0
2013-10-20T20:10:36Z,quel jeu de tete !! :o,0
2013-09-27T08:53:59Z,"Marseille aurais besoin d'un joueur comme lui, un renard, Brandao a pas mal reussit mais lui correspond bien au style de jeu de l'om car ils jouent beaucoup sur les  cotes ils adressent beaucoup de centres alors que gignac est loin d'etre un renard",0
2013-09-22T03:19:09Z,VIKINGO!!!,2
2013-09-12T20:27:01Z,"Que Orgullo ver a los Venezolanos representando nuestro Pais, sin duda alguna lo tenemos todos! Saludos desde Ccs",2
2013-08-31T22:25:50Z,Made in Venezuela <3,0
2013-08-25T09:42:39Z,Mon Cousin :),0
2013-08-18T12:53:25Z,"roux roux roux! <3
",0
2013-08-18T12:37:56Z,"FCN tout court, plus FCNA ..",0
2013-08-15T15:24:26Z,"El mejor delantero, el Colorado y Made in Venezuela...",0
2013-08-14T20:23:01Z,Cologol! <3,0
2013-08-10T12:00:51Z,FCN ! ,0
2013-08-10T12:00:44Z,FCN ! ,0
2013-08-06T21:31:54Z,Fernando <3,0
2013-08-04T15:28:17Z,"Super joueur ... ! Il a beaucoup apporté au FCNA ! Continue El Colorado ...
",0
2013-08-04T09:43:02Z,"<3
",0
2013-08-03T12:39:25Z,Un futur grand joueur,1
2013-08-18T03:10:35Z,Venezuelan players in Nantes 3,0
2013-08-12T21:55:14Z,"passionate fans
",0
2013-08-11T22:17:12Z,good opening game for Nantes.,0
2013-11-19T14:12:29Z,"j'étais au match et franchement le nul était mérité , le gardien lillois est un salop , il mettait plus de 6secondes pour tirer , l'arbitre aurais dû mettre un carton mais non rien du tout , pendant la semaine de l'arbitrage enplus --'",0
2013-11-03T00:02:41Z,"C'est quand même dingue... Il faut attendre un but hors jeu (donc invalide) pour voir Nantes (jeune promu) perdre son 1er match à domicile cette saison. Je ne jette pas la pierre aux Lillois, ils n'y sont pour rien et ont une très belle équipe... Mais comment font les journalistes pour feindre la réalité de façon aussi éhontée??
Le match aurait dû faire 0-0 (ils auraient alors dit ""match équilibré, blabla"") mais à la place, ils félicitent le Losc pour sa performance imméritée. C'est hallucinant.",0
2013-11-01T09:23:00Z,bien joué le losc,0
2013-10-31T10:03:40Z,lol,0
2013-10-29T09:02:17Z,A la fin il y a écrit 20 fautes de Lille mais vous croyez qu'ils ont compter les fautes pas siffler?? Beau match quand même victoire mériter je pense mais vous pouvez quand même dire merci l'arbitre,0
2013-10-28T23:22:20Z,arbitre de merde,0
2013-10-28T23:22:12Z,aller nantes,0
2013-10-28T17:48:49Z,gros chiqué du Lillois a 2:22 alors que Djilo l'a a peine frolé ! Mais sinon ALLEZ NANTES !,0
2013-10-28T13:04:53Z,FCN <3,0
2013-10-28T11:55:40Z,"j'étais au match et j'ai vu des nantais qui n'étaient pas au top de leur forme par rapport aux lillois , mais j'ai vu aussi des lillois simulateur et qui faisaient les salopes quand ils mennaient au score , Enyama méritait un carton car il métait plus de 6 secondes avant de tirer et l'arbitre ne disait rien , enfin les lillois a peine toucher se mettaient a chialer et obtenaient une faute insensée , il y aurait du avoir match nul aussi ce but hors jeu non signaler de l'abitre IGNOBLE !",0
2013-10-28T11:16:02Z,"Lille !!!!

on l a mérité",0
2013-10-28T10:24:38Z,Quand est ce que l'arbitrage vidéo arrive ??,0
2013-10-28T09:06:29Z,Certes il y a hort jeux mai les lilloi on mieux jouer jai etait dessu #supportersfcn,0
2013-10-28T08:15:59Z,1 défaite en 5 match c pas la fin du monde surtout que Lille est en forme et va certainement terminer dans le haut du tableau...,0
2013-10-28T07:57:38Z,"Le hors c'est quasiment rien du tout.. faut le voir. Y'a eu des erreurs d'arbitrage (et on pas gâté cette saison comme les saisons passés. On a essayé de revenir (coucou El Colorado <3) mais la défense de Lille est top. Enyeama.. . Whoa. Grosse bête. 
Sinon petit point noir: la simulation de CERTAINS lillois en fin de match... 
Sinon bien joué Lille. Victoire mérité. 
Allez Nantes ! Allons taper du sudiste avant de s'attaquer au derby de l'Atlantique ! ",0
2013-10-28T07:24:28Z,"Arrêtez de pleurer les Nantais, le but Lillois n'est certes pas valide mais c'est votre défenseur qui le pousse du bras en hors jeu... Et puis vous avez proposé quoi pour égaliser? Regardez les stats a la fin et vous verrez que notre victoire est mértié. Sinon vous avez un superbe public, chapeau bas.",0
2013-10-28T01:57:31Z,encore une fois c honteux l'arbitrage but sur hors jeu l'arbitre de touche le voit bien et il ne signale pas les arbitre français me déçoit c honteux.,0
2013-10-28T00:04:24Z,Aller Nantes :D,0
2013-10-27T23:50:46Z,"Allez Nantes !!! 
Vous allez gagnez mardi face a Lorient ! :D
",0
2013-10-27T23:22:28Z,lille était supérieur...,0
2013-10-27T23:16:51Z,"Nantes ne méritait pas de perdre ainsi, une erreur d'arbitrage pendant la semaine de l'arbitrage!",0
2014-02-11T00:39:11Z,Gomis. ITS GOMIS!!!,0
2013-11-02T12:26:07Z,nantes is know in england ? ( sorry my english is not perfect i'm french en supporter of nantes ),0
2013-09-27T20:34:20Z,Aristigueta he awesome,0
2013-09-27T04:00:52Z,Great fans,0
2014-07-03T16:22:19Z,Mais il était ou les rennais,10
2014-05-01T12:10:15Z,ouai allez les jaunes!!!,11
2014-02-01T09:53:51Z,"y= supporter rennais
x=supporter nantais
d'après cette rencontre on peut déduire l'équation suivante:
20y=x",18
2014-01-13T23:44:48Z,Supporters de nantes! On était au moins 5000 dans tout le stade!,3
2014-01-09T17:26:29Z,Heureursement qu'on est venue dans leur stade sinon il y aurais pas u un seul bruit,29
2013-12-28T17:43:43Z,Genre je croyais qu'il y avait hors jeu !,0
2013-12-27T15:53:15Z,"le fc nantes sera 2ème ou 3ème en ligue 1, ils sont énormes, les rennais dégoutés",3
2013-11-17T08:14:46Z,Anti Fcna rageux de rennais  rennes il sont pas assez de lvl pour nantes,3
2013-10-31T10:11:08Z,"si ils en ont , mais ils étaient occupés a bouffer leurs galètes saucisses :D",0
2013-10-26T18:37:56Z,"1:33 il dit ""écoutez les supporters de la route de lorient"" alors que les rennais n'ont pas de supporters ",0
2013-10-25T10:54:48Z,Ta mère est rennaise ??,0
2013-10-22T16:11:11Z,"bon match de nantes et action très belle sur le 1er but. rennes est toujours aussi nul. pour le retour de nantes en d1, perdre à domicile c'est encore une preuve de manque de ferveur, courage, de couilles aussi.
je suis supporter de rennes et je ne supporte pas les idiots qui haïssent nantes (complexe d'infériorité et jalousie).",1
2013-10-21T16:44:06Z,"T'en a pas marre d'insulté les gens, qu'est ce que tu fout sur toutes les vidéos de Nantes alors que tu n'aime pas le club. Tu aimes te faire du mal? Tu veux en parler ?",1
2013-10-21T14:15:14Z,"va voir le résumé de la 10ème journée de nantes , un commentaire te concerne",0
2013-10-11T22:27:13Z,Tandis que Rennes si! malheureusement pour eux...,0
2013-10-10T17:35:56Z,on va vous mettre la misère au match retour à la beaujoire :D,0
2013-10-10T17:35:29Z,RAGEU RENNAIS,0
2013-10-10T17:34:53Z,"et en niveau de jeu football boufon , nantes à écrasé rennes , assume attardé ",0
2013-10-10T13:21:04Z,"En grande gueule, ça c'est sur !!!",0
2013-10-09T17:06:58Z,tu rages car nantes est largement supérieur par rapport à rennes ? ,0
2013-10-06T22:39:24Z,Nantes ca va pas durée. ..,1
2013-10-06T22:37:42Z,Phil Jar a part tes copiers collers sur toutes les vidéos tu sais dire quoi d'autre tocards ??,1
2013-10-06T11:19:32Z,Très bonne équipe de Nantes djordjevic une star,0
2013-10-06T08:04:10Z,rennai rennaioutai  rennai  rennaioutai,0
2013-10-04T21:53:32Z,"Mais oui , mais oui   Allez soyez heureux d'avoir gagné , c est pas souvent , je sais  . Je compatis",1
2013-10-04T17:07:10Z,"t'as rien a dire , on reviens de ligue 2 on fous une branlée a une équipe de ligue 1 depuis longtemps , et franchement ça fait 40 ans que vous êtes venus à la beaujoire et ça fait 40 ans que vous n'avez pas gagné , et arrête de rager petit boulet :D",0
2013-10-03T20:48:53Z,Ouais mais en atendant on vous a pété 3-1 chez vous donc parle Nantes est meilleur faudra t y faire,0
2013-10-03T13:11:57Z,"Nantes est trop costaud,ils font un bon retour en ligue 1",1
2013-10-03T12:04:31Z,Au match retour on vous refera voir comment jouer et ces qu'est un tifo trimard ,0
2013-10-03T12:02:41Z,Quest'en ces que ces des arabes ? Tu y etait a 3h du mat ? Nan dc ferme ta geul sa rageu de rennais de merde! Vous etes a chier ces comme sa vous ouvez rien y faire,0
2013-10-02T19:16:07Z,Rage pas killeur on va a battu c'est tout j'ai juste a te dire render vous le 22 fevrier,0
2013-10-02T17:29:30Z,"c'est vrai que celui de lucas deaux , c'est le but de l'année",0
2013-10-02T17:17:03Z,Moi qui pensais que les viols ne passaient pas sur youtube.,0
2013-10-02T10:48:45Z,venez a 1000 on vous attend !! déja qu'on est chez nous chez vous alor si jétai rennais jserai vraiment pas serein de venir a la beaujoire ;),0
2013-10-02T08:25:07Z,Le seul but de rennes est degeulasse avec 2 contre favorables,0
2013-10-02T07:49:45Z,Vous serez la pour voir votre pauvre equipe se faire latter encore une fois,0
2013-10-01T18:39:00Z,"Énorme ce déplacement, j'en ai encore des frissons. gros match de nos nantais, mais il y a eu 20 minutes de difficiles apres le but rennais. ",1
2013-10-01T15:05:04Z,et le 3em but cest juste histoire de ratrapé le pénalty qui nou a pa été acordé  ;),1
2013-10-01T15:04:17Z,les rennais c't les premier a parler sur internet maintnant on les voi plus BA ALOR ELLE SON OU CES GRANDE GEULES RENNAISE  ??,0
2013-10-01T15:02:56Z,pas de far play dans un derby comme nantes rennes !,0
2013-10-01T09:37:48Z,"Bah... il est valable le but, les Rennais auraient dut continuer...
moi je trouve qu'il est pas si moche que ça car Deaux a eut la lucidité de continuer!",1
2013-10-01T07:47:21Z,Les nantais avez mis lambiance et le jeux c'est une tres belle victoire !,1
2013-09-30T22:14:44Z,Le but hors jeu n est pas fair pla y ñ,0
2013-09-30T19:39:46Z,Encore un Rennais qui supporte pas de perdre =) ,0
2013-09-30T16:54:48Z,Minable ? attend c'est la 1ere fois qu'un mec se fait un passe décisive à lui même ce but est excellent au contraire ;),0
2013-09-30T14:48:26Z,"La règle du Hors-jeu était très bien au début, je comprends pas pourquoi ils ont ajouté la notion de ""passif"".",0
2013-09-30T11:24:43Z,"A écouter ce commentateur, bientot n'importe quel hors - jeu sera actif. 
Bah oui, le joueur est sur le terrain, il est actif.",0
2013-09-30T10:45:00Z,merci quand meme ;),0
2013-09-30T10:38:09Z,"C'est le commentateur qui se trompe la règle du hors jeux passif ou en tout cas son application a changé cette année, le hors jeux est à apprécier si l'attaquant ""gène physiquement"" un défenseur et non plus si il va en direction du ballon, l’arbitre a donc parfaitement bien arbitrer ",0
2013-09-30T10:18:47Z,bah les rennais n'avaient qu'a suivre !,0
2013-09-29T22:33:37Z,"C'est moche ce 3 eme but, minable même",0
2013-09-29T22:29:31Z,Genial Allez l'OM,0
2013-09-29T22:06:30Z,Nantes ♥,0
2014-03-07T11:36:51Z,"Allez bastia !!
",1
2013-11-18T19:18:47Z,si le commentateur connaissait quelque chose au jeu à la nantaise il saurait que le 1 er but s'en rapproche: projection vers l'avant une touche de balle ...,1
2013-11-17T08:26:52Z,Pas,0
2013-11-17T08:26:47Z,Mdr les rageux de Bastia qui veulent peut serrer la main a der zakarian,0
2013-10-24T12:48:41Z,Bouffon c'est pas gakpé sur le 2eme but. C'est papy djilobodjy,1
2013-10-01T18:35:50Z,"on sait pas encore, la décision finale n'a pas été prise mais logiquement nantes devrait les garder ... prions pour que l'on garde ses 3 points ^^",0
2013-10-01T16:51:52Z,"ah désolé je me suis trompé , donc surement nantes gardera les trois points",0
2013-09-25T10:24:09Z,"et puis moi je suis pas footix , puisque je suis supp de paris depuis 2007, malgré une année ou ils ont finis 13è",0
2013-09-25T10:22:44Z,"j'ai rien contre vous , mais j'ai vu dans un article que l'appel a été rejetté ",0
2013-09-17T07:04:15Z,"Bastia ne prendra pas les 3 points, Nantes ne les perdra pas. L'appel du joueur a été refusé, mais pas celui du FCN donc c'est bon signe. Bastia n'est pas du tout crédible depuis le début. ",0
2013-09-14T17:08:58Z,allel1999 ta quoi contre les nantais je suis nantais et fier de l'etre puisque on a fallit battre le psg,0
2013-09-10T11:37:20Z,il se trompe 4 fois alors...,0
2013-09-10T11:36:29Z,Gagkié... connait pas.,1
2013-09-04T09:54:27Z,De toute facon je suis pratiquement sure que nantes vont perdre les 3 pts .donc aucune chance que vous les gardez,0
2013-08-28T11:35:03Z,"SALUT A TOUS AMIS SUPPORTER OU FOOTBALLEUR VENEZ VOIR LES VIDEOS D'UN PETIT CHAMPION DE NANTES AGEE  DE 8ANS SVP SOUTENEZ LE IL MERITE ET SI VOUS POUVEZ FAITES TOURNER LA VIDEO SUR YOUTUBE ""RAYAN FOOTBALLEUR"" DAILYMOTION ""RAYAN FOOTBALLEUR"" ET FACEBOOK ""RAYAN FORTIN""",0
2013-08-28T11:32:58Z,"SALUT A TOUS AMIS SUPPORTER OU FOOTBALLEUR VENEZ VOIR LES VIDEOS D'UN PETIT CHAMPION DE NANTES AGEE  DE 8ANS SVP SOUTENEZ LE IL MERITE ET SI VOUS POUVEZ FAITES TOURNER LA VIDEO SUR YOUTUBE ""RAYAN FOOTBALLEUR"" DAILYMOTION ""RAYAN FOOTBALLEUR"" ET FACEBOOK ""RAYAN FORTIN""  ALLER NANTESSSSSSSS",0
2013-08-25T12:33:12Z,Malheureusement :(,1
2013-08-24T09:42:57Z, Gapké  : Issam Jemaa style ! -_- ,0
2013-08-23T17:57:58Z,"daccord avec toi
",0
2013-08-23T17:57:00Z,"je suis daccord en plus le dernier but c nkoudou mdr
",0
2013-08-23T13:13:21Z,Serge Gakpé* pas Gakpié x),0
2013-08-23T09:39:04Z,Il a le droit se tromper nan ?,0
2013-08-22T10:38:45Z,"Bah si on se fie au règlement: Nantes devrait perdre ses points, mais Bastia devrait pas les récupérer. Ce qui semble logique...
",0
2013-08-21T22:01:03Z,"c'est claire, on parle des erreurs du staff nantais, mais les résumés ""officiels"" de la ligue 1 sont pas mieux...",0
2013-08-21T08:45:36Z,Vous voulez voir un vrai footballeur de 8ans??? avec un toucher de ballon précis et technique??? tapper dans youtube RAYAN FOOTBALLEUR.Merci a vous! Vous aller etre etonner.made in 44 Nantes.RAYAN FOOTBALLEUR.,0
2013-08-20T11:52:08Z,Bastia peut récupérer les points mais connaisent la ligue ... A chaque érreur dugenre dans les autres championnats / rangs inferieur  les points on été donner donc je ne voix pas pk il ne les donnerai pas au sporting.,0
2013-08-18T11:10:20Z,Ils me font bien rire les bastiais qui dénichent toutes les erreurs de leurs adversaires alors qu'ils ont un stade non-homologué ...,0
2013-08-16T11:58:45Z,vertou c une commune pas loin de nantes !,0
2013-08-16T11:55:48Z,"il manque plus qu'a ne pas perdre les points a cause de la rentré du joueur ""qui est censé être expulsé"" !!!!!
on y croit !
",0
2013-08-16T09:20:51Z,ces pas gakpé pour le 2eme ,0
2013-08-16T00:05:34Z,"J'avais pas compris dans ce sens, autant pour moi!
Je suis pas Nantais, mais les clubs qui viennent chouiner après avoir perdu ça me tape un peu sur le système.
Tu parlais de la direction, j'ai vu que Djordjevic avait poussé une gueulante contre eux l'autre jour? Ça en dit pas mal...",0
2013-08-15T12:03:51Z,"Je cite ""Landreau qui à commencé à 17ans à Bastia, face à Bastia"" merci commentateur :)
",0
2013-08-14T19:51:34Z,"Sa pu le seum bastia et sa nous casse les couilles pour un remplacant, merci !",0
2013-08-14T18:01:33Z,fallait pas triché vous êtes des debutants daccord on a perdu mais après quand on respecte pas la sanction d'un joueur   faut assumer...,0
2013-08-14T06:41:17Z,"je suis supporter nantais, sache-le, et cette décision ne me fait clairement pas plaisir, c'était un peu d'ironie pour souligner l'incompétence de notre direction",0
2013-08-13T22:14:47Z,Vous êtes culottés de chipoter pour un remplaçant alors que vous vous êtes faits dresser du début jusqu'à la fin. Ayez un peu d'honneur quand même.,0
2013-08-13T19:36:53Z,belle victoire de bastia 3-0 !!,0
2013-08-13T14:28:26Z,Non mais les commentateurs sont vraiment nul ils sont au moins 10 boulettes en moins e 3 minutes. C'est assez impressionnant. Allez le FC Nantes ! ,0
2013-08-13T09:14:07Z,C'est quoi la musique sur les buts de Nantes svp ??,0
2013-08-13T08:17:57Z,"Sale queue, c'est pas Gakpé mais N'Koudou.",0
2013-08-13T08:17:13Z,"Sale queue, c'est Gakpé mais N'Koudou.",0
2013-08-12T16:41:48Z,Yen a tro marre de gakpe !!! Il fait son chaud en essayant des dribbles !,0
2013-08-12T16:12:46Z,ALLEZ NANTES!,0
2013-08-12T15:08:24Z,"jocelyn la pourriture
",0
2013-08-12T14:23:56Z,good les nantais :),0
2013-08-12T12:51:35Z,quelqu'un connait l'handicaper qui commente ? ;),0
2013-08-12T12:34:39Z,Surement un Rennais le commentateur !  ;),1
2013-08-12T12:33:25Z,"""Serge Gapké"" ? déja on dit Gakpé et de plus ce n'est pas lui mais un petit jeune  Nkoudou Mbida ... donc bon surtout que Gakpé est sortit a la place de justement Nkoudou Mbida ! ",0
2013-08-12T12:20:39Z,"Content pour vous les nantais! Bon retour en L1, allez l'OM!",0
2013-08-12T12:02:10Z,Bah coupe le son :),0
2013-08-12T11:29:06Z,Il s'est passé quoi vers 2:45 ?,0
2013-08-12T10:41:59Z,"je suis aler o mache
",0
2013-08-12T10:36:39Z,c pas gakpe sur le 2eme but c nkoudou,0
2013-08-12T10:35:33Z,C'est quoi ce commentateur ! Gakpé on dit et sur le second but c'est N'Koudou ... ,0
2013-08-12T09:08:16Z,commentaire de débutant connait pas les joueur gakpé n°13 saitai le 33 qui a 19 ans sur la fin,0
2013-08-12T08:16:30Z,"""Landreau a commencé sa carrière à Bastia .. contre Bastia""",0
2013-08-12T07:28:50Z,Commentateur merdique!,0
2013-08-12T01:24:49Z,Hantz c'est un rageux ou quoi ? x),0
2013-08-12T00:09:57Z,TG !,0
2013-08-11T23:40:44Z,Faut qu'il se calme hantz a la fin du match ,0
2013-08-11T23:31:20Z,Résumé de L'OM sur ma chaine ♥,0
2013-08-11T23:11:03Z,"son métier est simple lire une feuille, alors qu'il le fasse bien! et que s'il ne le sait pas, il se renseigne! c'est pas compliquer quand meme ce qu'il a à faire ... :O",0
2013-08-11T23:10:30Z,"C'est qui Gapké ?

C'est qui Vertou ?

Autant pas commenter si on connait pas le noms des joueurs. 

Commentateur merdique ! Merci pour le foutage de gueule gratos ! 





",0
2013-08-11T22:45:17Z,C'est pas grave si il se trompe parceque vous sa vous arive pas ??????,0
2013-08-11T22:34:01Z,"apprenez à prononcer le nom des joueurs et ne faites pas n'importe quoi!
pour Verretout on prononce ""vérétou""! vertou c'est nantes metropole mais pas lui!
pour Gakpé c'est ""G-A-K-P-é""!
et à la fin c'est pas Gakpé justement, c'est Nkoudou!
alors faites le boulot pour lequel vous êtes payer car on se croirait sur bein ou eurosport!
moi je peux commenter un résumé gratuitement s'il le faut! mais si je le fais, je le ferais bien ... et si vous ne savez comment se prononce un nom renseignez vous!",0
2013-08-11T22:32:05Z,en plus il ne sais pas prononcé correctement les prénoms ( Julian Palmieri et Mickel Landreau ),0
2013-08-11T22:10:40Z,C'est pas grave on se rattrapera contre Valenciennes a domicile ;),0
2013-08-11T22:04:52Z,QUEL PLAISIR !! FCN <3 ,1
2013-09-23T05:41:31Z,moi je suis pour FC Nantes!,0
2013-09-16T14:29:27Z,depuis quand ya des anglophones qui regardent ??!,0
2013-10-30T19:40:40Z,Enyeama just wow,0
2013-10-29T02:01:11Z,-___- Nantes lost,0
2013-10-18T20:23:35Z,"aller nantes
",0
2014-07-06T19:23:27Z,Excellente vidéo ! Continue à nous faire revivre ces moments magique ;) et la victoire de la France le meilleur pour la fin ;) dommage d avoir perdu :(,0
2014-06-28T13:08:41Z,Pourquoi n'as tu pas mis la victoire de Kenny Elissonde à l'étape 20 de la Vuelta à l'Angliru?,0
2014-06-27T17:17:33Z,pfiou rien a dire je m'abonne! J'espere que l'année 2014 nous réservera autant de moments d'émotions!,0
2014-06-17T17:42:22Z,geniale avec le remix de time (hans zimmer pour ceux qui cherchent) et apres quand j entends des mecs dire la france c est plus ce que c etait j ai juste envie de dire regare et tais toi,0
2014-06-13T16:27:51Z,pourquoi 2013 car baucoup son pas en 2013 ???,0
2014-03-28T13:09:16Z,Bravo c'est juste génial plein d'émotion juste super,0
2014-03-28T13:09:14Z,Bravo c'est juste génial plein d'émotion juste super,0
2014-03-25T20:47:18Z,il manque des choses fourcade par exemple ms tres belle video,0
2014-03-25T19:37:49Z,"Toutes tes vidéos sont vraiment excellente c'est très interessant, la musique est suberbe et il y a de l'émotion c'est génial j'adore
Bravo a toi et continue a faire tes vidéos!!",0
2014-03-23T00:17:48Z,"Accessoirement, l'equipe de france de handball a ete championne d'europe ....",2
2014-03-17T04:59:11Z,Superbe vidéo !! On attend celle de 2014 avec impatience !! :D Sinon laisse les commentaires audio c'est mieux :D,1
2014-03-12T13:22:37Z,"J'annonce un 1/4 de finale minimum pour la coupe du monde de foot, j'irais même jusqu'à dire le dernier carré, depuis 94 c'est une coupe du monde sur deux de magique. Depuis le match contre l'ukraine En plus Deschamps en patron, j'ai confiance.",1
2014-03-05T01:30:01Z,"Musique dès fois un peu trop présente (les commentaires sont toujours mieux) mais sinon superbe vidéo !
C'est énorme ! Avec pleins d'images que je pensait ne jamais revoir !  
J'espère une autre vidéo pour l'année 2014 ;)",2
2014-02-23T15:43:34Z,Kenny Elisonde? ,1
2014-02-21T23:41:40Z,TONY PARKER.,0
2014-02-20T14:42:12Z,"Genre la musique trop bien calée lorsque Toulon soulève la Cup.
Good job.",6
2014-02-11T20:35:41Z,"Super montage, bravo à toi et beaucoup de super souvenir cette année en sport",0
2014-02-10T17:15:13Z,J'adore superbe boulot continue !,0
2014-01-28T19:11:13Z,Merci beaucoup !,0
2014-01-03T18:26:31Z,en espérant avoir plein de belles émotions pour cette année 2014 avec pourquoi pas une belle coupe du monde :),0
2014-01-02T13:28:00Z,Bonne année 2014 à tous! Revivez l'année sportive 2013 des Français. ,8
2014-01-01T20:29:50Z,"Je suis content qu'il y est encore des gens comme toi qui nous font partager
des moments comme ça. 

MERCI :) !                                                                                    PS : pouce vert",0
2013-12-27T07:26:17Z,Excellente vidéo !,0
2013-12-26T16:17:52Z,"Très bonne vidéo
",0
2013-12-25T19:17:41Z,Belle vidéo ,0
2013-12-23T23:11:46Z,Superbe !,0
2014-04-23T07:57:44Z,allez nantes vous avez fait un superbe match,1
2014-04-23T06:26:25Z,Bahebeck! ,1
2013-11-25T17:56:22Z,"Monaco qui paye l'arbitre, ahahah !",0
2013-11-25T16:33:36Z,"""slight deflection""",0
2013-11-25T06:57:49Z,Obbadi is on fire,0
2014-03-20T21:01:45Z,"J adore l ambiance qui il y a a Nantes qui est un grand club dans le foot français mais bon , comme tout ado, on est pour notre ville donc
Allez TOULOUSE !!!",0
2013-11-13T18:11:41Z,"Meilleur public de France, regardez à Bordeaux c'était magique. ",1
2013-10-30T22:36:37Z,allez naaaaaaaantes jai l' impression d'etre le seul ado de 14 ans qui suis pour nantes lol,0
2013-09-04T19:55:17Z,"Rien que de ragarder, ça fait des frisson de revoir sa ... Magique :) Jaunedecoeur <3
",0
2013-09-01T13:43:11Z,Fc Nantes Une Famille ♥,0
2013-08-29T18:12:56Z,Allez Nantes mon grand !,0
2013-08-26T19:16:14Z,Aller paris mais nantes c bien defendu alors bravo!,0
2013-10-22T14:13:12Z,Allez Nantes!! Il faut enchaîner par une victoire à la Beaujoire contre Lille.,0
2013-10-22T07:24:25Z,Il est sur toute les vid. de Nantes ...,0
2013-10-21T19:24:25Z,Se week end nantes lile .. les ga TOUS A LA BEAUJOIR !,0
2013-10-21T19:07:21Z,"J'adore les canards
ALLEZ NANTES!",0
2013-10-21T18:50:19Z,OHHHHHH   les Nantais  !!!,0
2013-10-21T18:49:18Z,ANTI FCNA   LE GROS BOULET     a la kalash !!,0
2013-10-21T18:10:24Z,Djordjevic est magnifique!!!,0
2013-10-21T16:05:36Z,Nantes !!!!!!,0
2013-10-21T11:09:32Z,Qui ne chante pas nantais hé nantais pour la vie,0
2013-10-21T10:10:31Z,seul reproche au nantais un petit manque de réalisme en première mi-temps on avais l'occasion d'en mettre 2 ou 3 mais bon un beau match quand même FCN 4EVER <3<3<3,0
2013-10-21T09:50:09Z,"les nantais attendez vous a un commentaire de anti fcna , ça m'étonnerait que ce boulet ne rage pas sans nous insultez , POUCE VERT SI VOUS TROUVEZ QUE AntiFCNA est un attardé mental !",0
2013-10-21T07:17:15Z,Nantes est magique ❤❤,0
2013-10-21T01:56:43Z,"La 5' victoire contre lille et hop le podium !
Bref faut en profiter en esperant que ca dure !
Allez les jaunes et verts",0
2013-10-21T00:19:33Z,"j'espère que ca va continuer comme ca pour eux. en+ ils se démerdent très bien pour un promu, ils méritent d'etre la ou ils sont. (msg d'un supporter du PSG)",0
2013-10-20T23:09:57Z,Vive Nante,0
2013-10-20T22:39:31Z,FCN <3,0
2013-10-20T22:39:20Z,Alleeeez Naaaantes ! ♥,0
2013-10-25T11:12:30Z,Quelle ambiance jy etait en loire cetait enoorme,0
2013-10-08T20:49:10Z,"Très belle ambiance, sa fais plaisir de revoir ce grand club en Ligue 1 , vivement les OM-Nantes ou inversement , en espérant aussi revoir au plus vite Lens et Auxerre , un grand supporter de l'om.  ",0
2013-10-07T15:12:34Z,match super ambiance de folie pour ma part qui était au stade.,0
2013-10-06T14:30:19Z,ca résume très bien!,0
2014-02-12T11:38:25Z,"Nantes perd ce match tout seul.
Les canaris ont vraiment très bien joué, et même carrément dominé leur sujet... mais à moment faut les mettre au fond!! Avec Gomis et Lacazette, ça ne rate pas.

Et ce carton rouge pour Djordjevic est un peu ridicule. On ne punit pas l'action mais l'intention??? Si c'etait tjrs le cas, tous les matchs termineraient à 7 contre 7",2
2014-02-11T17:51:38Z,L'incompétence de la ligue rayonne parfaitement cette saison bande de guignols,0
2014-02-11T17:35:26Z,Ici c'est les GONES biatch!!!,0
2014-02-11T17:29:00Z,c'est dommage que djordjevic lui ai pas véritablement envoyé dans la tronche ce ballon,0
2014-02-10T17:44:44Z,"lyon à mérité la victoire , mais franchement l'arbitrage était nul encore une fois , djordjevic s'est pris quand même un carton jaune car il contestait une faute en faveur de lyon qui n'avait pas eu lieu , cela fait plus de 10 matchs que l'arbitrage à été en contre du fcn et au moins 5 penaltys refusé pour nantes ...",4
2014-02-10T14:57:49Z,"Dans le jeu nantes a dominé lyon certes, mais manque defficacité offensive pour nantes.
Apres le but refusé a nantes tres logique, y autant faute du nantais sur gomis, que de grenier sur le nantais pour obtenir le coup franc, alors cest un peu une justice je trouve !
Le carton rouge directement a djordjevic ... tout a fait normal, le geste quil fait envers larbitre na rien a faire sur un terrain.
Et nantais arreter de crier au vol, lan dernier laffaire entre paris et larbitrage avec larbitre qui se jette presque sur le parisien pour lexclure apres ... ils ont pas eu de chance. Et le but refuser a lyon sur corner contre bordeaux, soit disant la balle sortit du terrain ...
Alors stop avec larbitrage, (certes larbitrage francais est mediocre) mais y a des erreurs partout, dans tous les sens ! ",0
2014-02-10T14:52:09Z,Aller l'OL 3  point de plus,0
2014-02-10T13:46:10Z,"1) c'est quoi cette censure ? il est ou le but nantais refusé pour je ne sais quelle faute imaginaire  ???
2)rouge sec sur djordjevitch sachant qu'il avait déja un jaune: scandaleux
3) ENOOORME coup de gueule contre cet arbitrage en carton pate. C'est n'importe quoi j'en ai ras le bol de perdre des points comme ca. Je me plains jamais de l'arbitrage par ce que je veux bien accepter des erreurs mais la c'est beaucoup trop.
Vous pourrez dire n'importe quoi nantes a dominé lyon je suis désolé. On s'est pris des buts qui sont valables, la faute de riou est réelle je ne contredis pazs ca . Mais le premier but refusé et tous ces cartons contre les nantais mais pas contre lyon c'est abusé. Regardez le VRAI résumé voir le match en entier et vous comprendrez.",2
2014-02-10T10:53:20Z,en plus Lacazette est hors jeu sur son but ^^,0
2014-02-10T10:48:21Z, #FCN  <3 dommage qu'on nous ai refusé un but qui était valable mais on a l'habitude de se faire voler maintenant. :),1
2014-02-10T08:20:31Z,Comment peut on perdre ce match au vu de la 1ere periode ?,3
2014-02-10T03:38:31Z,Les Nantais ont toujours une bonne excuse quand ils perdent ...,3
2014-02-10T00:10:20Z,Faut absolument que Lacazette aille au Brésil..,4
2014-02-10T00:01:44Z,"encore volé les nantais , putin ! allez nantes",2
2014-02-09T23:34:12Z,Djordjevic il a pété un câble ,0
2014-02-09T23:20:50Z,On se demande pourquoi on ne voit pas le but refusé pour Nantes... ;) ,2
2014-02-09T23:15:55Z,Les lyonnais vou croyez serieusement avoir gagne ? On a domine et on vous a souvent humilie mais comme vous avez l'arbitre c'est beaucoup plus simple,2
2014-02-09T23:12:56Z,"1:45, alors Gomis s'est transformé en Gourcuff......",15
2014-03-21T15:07:24Z,"pare forte, ma non basta....",0
2014-03-10T20:46:25Z,Filip on compte sur toi :)  ,0
2014-01-28T10:05:09Z,LES LEGENDES NE MEURE JAMAIS allez nantes,2
2014-01-28T10:02:49Z,dommage qui part et merci pour tes video il me donne des frisson sa fait 3 fois que je la elle me donne toujours des frisson allez ,0
2014-01-20T04:07:01Z,WELCOME TO S.S LAZIO !!!!!!,2
2014-01-14T10:17:15Z,WELCOME TO MENEMEN BELEDİYESPOR F.C,0
2013-12-14T09:15:03Z,Super  vidéo quelle nom de la musique,2
2013-11-20T12:32:00Z,prolonge filip!!!!!!,3
2013-11-16T11:45:01Z,Superbe vidéo mec ;) C'est quoi la musique stp ?,0
2013-11-16T09:14:48Z,Super video continuer comme ca (:,0
2013-11-15T17:03:39Z,"Très bonne vidéo, il fait un très bon début de saison ! :D",0
2013-11-14T17:28:35Z,L'INTER est dessus ...,1
2013-11-23T17:03:25Z,Lofkgh,0
2013-10-29T16:13:52Z,il parle de JUNINHO <3,0
2013-09-29T10:00:02Z,"c'est bien les gens qui sont  fair-play 
",0
2013-09-29T08:01:24Z,Je comprend pas pourquoi le premier but de Nantes est refusé,1
2013-09-28T21:19:30Z,lll,0
2013-09-28T11:15:42Z,Peut etre qu'il y aurait eu une réaction lyonnaise a 0-1 et que l'OL l'aurait emporté 4-1,0
2013-09-28T10:38:02Z,Mdr ,0
2013-09-27T15:47:49Z,pénalty oublié pour Lyon aussi,0
2013-09-26T23:25:06Z,Tu parles de Giovanni Elber ? x),0
2013-09-26T18:06:13Z,lyon respire,0
2013-09-25T15:03:43Z,perso je suis nantais mais super content que des joueurs décoté comme GOMIS ou BRIAND ait marqué,1
2013-09-25T11:14:36Z,"MAGINIFIQUE ! Briand et Grenier, gg !",0
2013-09-25T05:26:47Z,"Si vous aimez Grenier, Lacazette et l'OL, venez sur ma chaîne",0
2013-09-25T04:07:15Z,si le premier but aurais été accordé qui te dit que nantes en aurais marquer un deuxiéme ,1
2013-09-24T19:24:34Z,"oui 3-2 normalement, mais si y avais eu 0-2 au début, quel serait vraiment le score final?",0
2013-09-23T23:44:16Z,"C'est uniquement de la faute de l'arbitre et pas des joueurs lyonnais si le but nantais est refusé, envoyez-lui une lettre plutôt que d'insulter le club ou les supporters de l'OL",0
2013-09-23T21:10:35Z,Lourdingue le commentateur.,0
2013-09-23T19:40:44Z,ta geule la saison derniere tt le temps larbitre ns oubliez des penaltys et la personne disez rien...,0
2013-09-23T19:18:24Z,Pitain sa fait trop chier il y avait pas du tout de faute putain d'arbitre de merde (vous pouvez dire tt se que vous voulez j'en aurez rien a foutre des retour),0
2013-09-23T18:47:24Z,Kone et Dabo font peur aussi mais  dans le mauvais sens ... J'etais au match et franchement koné m'a fait peur parfois ^^,0
2013-09-23T17:45:20Z,"Si vous aimez Grenier, Lacazette et l'OL, venez sur ma chaîne",0
2013-09-23T17:19:12Z,Lyon peut encore une fois remercier l'arbitrage. C'est honteux le but refuser !!,0
2013-09-23T16:28:44Z,Beau match,0
2013-09-23T16:19:27Z,très beau match je n'est pas pu le voir j'espere voir le meme resultat face a ajaccio allez l'OL,0
2013-09-23T16:14:17Z,xD et après on suce CR7 alors que c'est le même geste que Briand !,0
2013-09-23T12:23:52Z,Classement des passeurs de Ligue 1. Clément Grenier (OL) est le premier joueur à atteindre les trois passes décisives cette saison ! http://bit.ly/18kXkPX,9
2013-09-23T06:32:43Z,sauf qu'il aurait eu 1-0 et pas 2-0 .... Lyon a réagit immédiatement après le 1-0 donc ça n'aurait rien changé,0
2013-09-23T06:16:33Z,"Briand : une talonnade.
Ibrahimovic : un superbe geste de taekwondo ",0
2013-09-23T06:14:09Z,je filme les deux derniers buts sur ma chaine!,0
2013-09-23T06:10:58Z,"Dans ce cas, dès l'instant ou un joueur est sur le terrain il fait action de jeu...",0
2013-09-23T04:58:56Z,Allez OL 33,0
2013-09-23T01:23:20Z,"Putain faut avouer que les buts sont mis a part le premier lyonnais, tous superbes ! ALLER L'OL !!",0
2013-09-23T00:58:40Z,C'est pas gakpe qui a fait la frappe trop croise c'est birama toure,0
2013-09-22T23:39:42Z,"But de Djordjévic valable,c'est Honteux!
A 2-0 c'est plus la même chose qu'à 1-1 !
Merci l'arbitre encore une fois!!",0
2013-09-22T23:02:38Z,Merci l'arbitrage --' pour le But de djordjevic,0
2013-09-22T22:16:53Z,"Allez Nantes !!! Ne vous découragez pas, vous avez bien joué ! :)
Bien joué à l'OL aussi ! :)",0
