published-time,comment,likes
2014-01-26T22:44:08Z,Is he another Knockaert?,1
2014-01-26T22:09:57Z,Great player,1
2014-03-27T22:05:42Z,We deserved all 3 three points that was never a penalty ,0
2014-03-09T23:31:35Z,Love your leicst vids,1
2014-02-20T08:48:41Z,1st :) !!!! We'll done city ,0
2014-01-13T13:32:39Z,Lcfc welcomes you :) ,5
2014-07-31T21:49:19Z,on 2:26 min ,0
2014-07-31T21:47:57Z,what about the one touch control on the air....like the one that has done zlatan ibra :),2
2014-07-29T14:51:37Z,nice control guys,0
2014-07-28T12:14:51Z,constant training is the best way to improve your football skills :),0
2014-07-25T13:00:34Z,my favourite outtake is here: 4:50,0
2014-07-22T10:22:22Z,Couldnt here any noise,0
2014-07-22T10:22:21Z,Couldnt here any noise,0
2014-07-22T02:02:56Z,where is the london football dome ,0
2014-07-20T04:45:40Z,asdhefjhsadkjadjk AMITA TE POPO!,0
2014-07-19T16:23:30Z,"According to me, the best outtake was when the ball fell on the camera for the first time!!!!
                                                Pranay Verma",0
2014-07-16T18:34:06Z,"More Tutorial Please, This is Work To Me, And  Thanks :D",0
2014-07-14T05:06:01Z,I didn't hear the noise. ,0
2014-07-13T17:46:45Z,Guys u r really awsm...i just wanna no if ur plannin to show - how to curve the ball from outside to in....and once more thanks,0
2014-07-11T01:14:25Z,Make more vids tricks and easy ones ,0
2014-07-10T15:59:53Z,I feel sorry for the keeper he can never save any shots,0
2014-07-09T23:13:00Z,Thanks for video u guys should make on shooting with the instep of your foot,0
2014-07-09T03:46:11Z,"Haha I just noticed ""Ronaldo"" and ""Messi"" are teaching us because one guy is wearing an Adidas shirt and the other is wearing a Nike shirt.",60
2014-07-07T10:35:02Z,Robben had a great first touch against Costa Rica! But Bergkamp was great too!,0
2014-07-06T06:47:27Z,nice skills,0
2014-07-01T04:51:33Z,what is the white thing called around their ankles,0
2014-06-30T16:09:29Z,F2Freestylers can you up one video of exercises for improve the speed of the legs,0
2014-06-26T03:04:04Z,good,0
2014-06-25T18:20:36Z,The 4th outtake was great XDD,0
2014-06-25T10:37:04Z,Stadium is called London soccerdome near the O2 arena.,0
2014-06-24T21:59:53Z,Please can u do a tutorial of the advanced rainbow flick,0
2014-06-21T13:35:13Z,"Ozil,Berba or C Ronaldo",0
2014-06-17T06:06:33Z,would like some shot techniques,0
2014-06-13T09:23:46Z,is there something about th ball O.o,0
2014-06-10T12:24:49Z,Thanks ;-),0
2014-06-06T12:54:59Z,How to do this ball control 0:20 please :) ,0
2014-06-05T18:20:04Z,"Hey ***** , where are you playing there ? And thanks for the tips to stop the ball. ",0
2014-06-05T09:13:28Z,Billy Wingrove has grown old,0
2014-06-02T20:35:13Z,I learn a lot from you guys. Can you make a video on long range passes.,0
2014-05-28T11:31:07Z,Что за музика? Подскажите... | Whats music? Please.....,0
2014-05-15T06:08:39Z,nice..,0
2014-05-14T07:16:43Z,F2freestylers can u make a video how to shoot more power on the ball?,0
2014-05-13T08:27:48Z,I think you guys are class,0
2014-05-12T21:37:02Z,More like this ,0
2014-05-11T19:22:01Z,"great video... btw i love how the keeper at 0:12 didn't even try XD , he is there taking a  cr*p on an invisible toilet.",1
2014-04-28T20:14:59Z,you could be pro players,0
2014-04-26T09:35:33Z,What's the second song called,0
2014-04-24T21:59:13Z,how abou more variations of situations? most times in through passes you are running as fast as you can. or you have to jump to reach it. please provide those examples as well in other videos. If you guys had a school in america I would have enrolled. damn. ,8
2014-04-24T02:11:55Z,Verbatov is king of control,0
2014-04-16T23:27:07Z,I cannot see your movements properly when you slow the video down.Its all blurry.I like the video but would appreciate if avoided in the next.,0
2014-04-16T18:26:46Z,Hadukon,0
2014-04-13T15:50:15Z,Is it me or is dubstep the best genre for freestyle videos,2
2014-04-13T11:38:35Z,"What I used:
http://www.amazon.co.uk/Total-Technique-Football-William-Morgan-ebook/dp/B0090XFDMI",0
2014-04-12T13:21:46Z,Any tips on what you can do to practise on your own?,0
2014-04-11T18:43:04Z,is there anything simpler to work on touch,0
2014-04-10T06:25:58Z,There was no beep lol,1
2014-04-09T23:40:21Z,so even great players fail ehh,0
2014-04-09T16:23:48Z,Thumbs up f2freestylers,0
2014-04-09T06:44:31Z,"I wonder how many subscribers they got after telling people about the ""jingle"" youtube installed when you hit the button",0
2014-04-03T22:14:10Z,Can you guys do a shooting tutorial........ especially knuckle shots and dipping/curling shots.......... you guys are awesome!!!!!!! ,0
2014-04-03T22:14:07Z,Can you guys do a shooting tutorial........ especially knuckle shots and dipping/curling shots.......... you guys are awesome!!!!!!! ,0
2014-04-03T06:14:47Z,"playing football not just skill, you need power,balance and stamina.. if you do not have all of it, you can not become a professional footballer",0
2014-04-02T06:20:09Z,Theses dudes are awesome.  I usually chop above the middle of the ball to control.  Laces stop is awesome.,0
2014-04-01T14:31:03Z,"u,ve got to lift ur eyes off the ball for the next move",0
2014-03-30T03:32:21Z,Can you tell me about why you wear the leg sleeves.  Is it for some type of injury?,0
2014-03-28T22:20:38Z,make a video on how to control juggling the ball,0
2014-03-25T13:50:46Z,"Awesome, thank you a lot !!
You guys need to play professionals !!! ",10
2014-03-23T23:38:26Z,They make ot look so easy,0
2014-03-21T23:42:10Z,Why are they guys not professionals?,57
2014-03-19T19:22:03Z,i love the field you guys are training amazing,1
2014-03-19T07:14:56Z,Could u plz make a video of chest control n headed passes... It would really apprreeeeccciiiaaattteee that.,1
2014-03-17T20:36:07Z,This stadium is so awesome! I'd love to play there...,36
2014-03-15T00:51:51Z,Probably one of the best 1st touch videos you'll see. ,0
2014-03-13T08:37:43Z,who do you guys play for...that's the question ...are you pro's,0
2014-03-10T01:07:23Z,HOW ARE YOU TWO NOT BALLON D'OR WINNERS??!!!,0
2014-03-02T15:08:44Z,lol dat subscribe sound haha,0
2014-02-27T14:04:05Z,"I remember this guy, the white one, his name's Billy, he was in a commercial for Nike back in 2005 or 06, he freestyled with Ronaldo, Ibrahimovic and Ronaldinho :D",1
2014-02-27T13:33:17Z,Two words: Victor Valdés,1
2014-02-26T05:32:19Z,"Great video.. Out take 2,4,5 and the last one. ",0
2014-02-24T18:10:20Z,"Cuanta tecnica!! El que diga que hacer algo de eso es facil, nunca jugo al futbol. Saludos.",0
2014-02-22T22:34:19Z,stfu!!,0
2014-02-20T02:04:39Z,Try and be that calm when in the middle of a game with opponents. ,14
2014-02-18T04:22:27Z,Seriously how can you kick a ball that high and far?? I want to know because I'm not very good at kicking ball far,0
2014-02-14T19:37:41Z,how can i inprove my skill being a midfieler,0
2014-02-11T00:18:53Z,omfg how couldnt you make to arsenal you are the best have been fallowing you for like 3 years now your my heroe,0
2014-02-10T09:41:21Z,how can I improve my skill of being a defensive midfielder?,0
2014-02-09T23:31:48Z,"Please what i wanna know is fitness training, if you can help me with that....  i will also like to learn a lot from you guys..",0
2014-02-09T10:13:01Z,What if we want to improve our first touch when your alone? Is there any things you guys do to improve it when you are by yourself?,2
2014-02-08T23:53:46Z,I can stop the ball from that high but not inside or outside,0
2014-02-08T23:52:51Z,Can you show more skills or do something that kids can do it,0
2014-02-08T14:51:07Z,how  do you kick so high i wanna know i wanna learn it!!!,17
2014-02-07T17:40:08Z,yall should of went pro,0
2014-02-06T12:56:42Z,Can you make a vid about power shots long range clears and fitness training? At least 1 please,0
2014-02-06T12:56:42Z,Can you make a vid about power shots long range clears and fitness training? At least 1 please,1
2014-02-05T18:35:22Z,Nice thank you,0
2014-02-05T14:27:13Z,I can't juggle very much any tips for that.,0
2014-02-04T20:41:19Z,I've played in that dome before when I was 9 when I was playing for millwall academy,1
2014-02-01T22:33:29Z,You guys are beast a'f :D,0
2014-02-01T15:11:02Z,653446464563 tries ,0
2014-01-31T20:03:59Z,I want to play in that dome!,50
2014-01-28T16:55:12Z,What turf soccer shoes are you guys used to train,1
2014-01-28T16:46:14Z,Hey ,0
2014-01-28T16:45:52Z,Hey,0
2014-01-27T00:54:30Z,Amazing tutorials. I like it guys. Please keep posting more videos. I'll be learning from you.,0
2014-01-26T15:38:27Z,Thanks. Keep posting more vids especially on ball controll while running fast. You guys are simply amazing. ,0
2014-01-26T07:44:03Z,i dont here the sound i unsubscribed and then subscribed again,0
2014-01-25T17:03:09Z,how you stop the ball..using your toes？,0
2014-01-24T23:37:05Z,good practice,0
2014-01-24T22:08:56Z,And ways to boost ur confidence ,0
2014-01-24T22:08:45Z,And some good drills,0
2014-01-24T22:08:01Z,Give some tutorials on juggle plz :$,1
2014-01-18T12:06:57Z,Thanks!!,0
2014-01-14T19:37:31Z,but how to improve first touch when you receve the ball from the air,0
2014-01-14T00:50:59Z,How don't they play pro football? ,6
2014-01-12T23:46:58Z,why arent you playing for for real madrid or barca ? this is some world class ball control im pretty sure you have more control then most of the epl players,0
2014-01-12T11:02:52Z,Why dont you guys become proffesional footballers?  ,0
2014-01-11T15:45:33Z,how can i land the ball on my chest?,1
2014-01-11T13:41:38Z,"I have on question.
Does playing/practicing with a smaller ball help improve ball control?
BTW awesome video!",3
2014-01-11T04:01:19Z,i unsubscribed and subscribed again to hear that sound. I didn't hear anything lol :P,2
2014-01-10T21:20:07Z,Realy cool guys you guys are realy great football players !,0
2014-01-08T13:45:45Z,So basically it's all about the first touch.,0
2014-01-07T17:50:52Z,Awsome,0
2014-01-06T19:28:47Z,So basicly its all about the first touch. :DDDD,0
2014-01-06T14:43:16Z,Nice,0
2014-01-06T03:07:39Z,could you do a video on improving shot power ?,0
2014-01-06T01:21:33Z,what is the theme some of F2 u know like in 1:48 the song i love it!! whats the name pls some 1 tell me,0
2014-01-05T23:09:56Z,Great video ;) I make football video with a friend ! Take a look please ;) thats cool !,0
2014-01-05T19:06:19Z,i love your videos,0
2014-01-05T02:22:15Z,Tell us how to control the ball by your head,0
2014-01-05T02:22:14Z,Tell us how to control the ball by your head,0
2014-01-03T23:25:46Z,hahaha funny I'm already a subscriber,0
2014-01-03T19:33:10Z,Can you please make a video on how to improve in juggling ,0
2014-01-03T07:40:35Z,Very good,0
2014-01-03T00:25:54Z,6:55 it's never good when Billy thinks... Oooo feel the burn,0
2014-01-02T22:13:35Z,Do a tutorial about volleys,1
2014-01-02T22:11:31Z,"Why aren't u professionals ??
",1
2014-01-01T12:25:21Z,You guys are awesome I try to work hard to become like u,0
2014-01-01T12:14:19Z,Professional clubs without money should really consider buying them. They're amazing and I think much better than the regular professional footballers. Would be cool to see them play in the premier league or la liga.,0
2014-01-01T11:23:02Z,Is there a reason why you're not professional football players?,0
2013-12-28T21:31:44Z,Where is that field?,0
2013-12-27T04:24:37Z,WoW. i tried it this way and its is very effective. you guys are awesome ,0
2013-12-26T03:03:32Z,i heard no jingle,0
2013-12-25T18:04:37Z,para mi mamita que me quita mi bombon,1
2013-12-24T20:55:34Z,Do a Adnan Janujaz football lounge,0
2013-12-24T14:31:45Z,+F2Freestylers how do you improve the touch on your own?,1
2013-12-24T14:30:22Z,"What if you have no one to train with, how do you improve your touch by yourself than?",0
2013-12-23T09:54:59Z,You guys are DONS man!!! 2 of the best footy players in my opinion :-p,7
2013-12-20T18:21:50Z,wat if ur tryin to train on ur own n hav no 1 to train wiv?,3
2013-12-20T12:14:10Z,like what you guys are doing. been off my game for a while. Don't know  how to get back. This videos help.,0
2013-12-18T20:39:07Z,why you two are not professional players...,4
2013-12-18T14:31:06Z,this is awesome....... i really need that touch technique .i like it .........,0
2013-12-18T07:52:12Z,"We need u guys here in Kenya !
",0
2013-12-17T17:40:12Z,i am absolutely enjoy you videos guys especially on how to improve your first touch.i was hoping that you may have included a situation from a high through pass.otherwise u guys are great!!!!!!,1
2013-12-17T13:59:55Z,"All is top level , marveleouse( fantastisk in Norwegian )",0
2013-12-16T04:16:43Z,I have a ? How can i proof hitting it hard,0
2013-12-15T09:23:14Z,VERY GOOD,0
2013-12-14T19:11:35Z,Do you guys do camps because if you don't you should think about considering it,0
2013-12-14T19:11:35Z,Do you guys do camps because if you don't you should think about considering it,1
2013-12-13T23:43:30Z,So basically its all about First touch,0
2013-12-13T16:16:12Z,"Saludos, son muy buenos e instructivos sus vídeos, pero aveces los cambios bruscos de las imágenes o de la cámara no sabría explicarles, le quitan claridad a sus jugadas. otra cosa si les queda fácil traducirlos a español se los agradecería.Chao",0
2013-12-13T00:58:25Z,Do more of these football basics tutorials!,0
2013-12-12T02:21:48Z,I like the rabona first touch,0
2013-12-12T02:21:46Z,I like the rabona first touch,0
2013-12-11T19:54:26Z,Thank you. ,0
2013-12-11T06:17:41Z,How to practice weak foot,0
2013-12-07T19:34:07Z,"Fucking bitch eshool
",0
2013-12-07T14:49:03Z,CC please...,0
2013-12-06T14:28:54Z,Amazing vid more please!,0
2013-12-06T13:47:34Z,"how many times did u say basicly""? :)) awsome video",0
2013-12-06T00:24:15Z,?,0
2013-12-06T00:15:06Z,Thanks this was exactly what I was looking 4. ,0
2013-12-06T00:14:06Z,First outakes the best,0
2013-12-05T18:32:54Z,Hey guys! Please will you check out my youtube channel? It wpuld be much appreciated!  thank you!,0
2013-12-05T08:23:22Z,@0:14 is the keeper On an invisible toilet there?,0
2013-12-05T08:15:44Z,This vid shows tat the boots you wear don't affect your first touch cos JL isn't wearing the high end model of the hyper venoms but his touch is still#class...unbelievabletekkers,0
2013-12-05T04:10:52Z,how about the second song,0
2013-12-04T21:51:33Z,Jeremy why did you leave arsenal,1
2013-12-04T09:31:50Z,iniesta and gerrard,0
2013-12-04T06:58:33Z,Video on aerial ball how to stop it with a defender on?,0
2013-12-03T03:34:53Z,HOLA ***** SOY URUGUAYO Y ME INTERESA MUCHO LO QUE HACEN QUIERO PEDIRLES QUE POR FAVOR PONGAN SUBTITULOS EN SUS VÍDEOS PARA PODER ENTENDER SUS EXPLICACIONES....MUCHAS GRACIAS ,0
2013-12-01T21:02:31Z,"Why dont you guys play for your country ? You guys are my idols, Im trying to practice some of the moves on your channel but im not quite there yet haha, ",0
2013-11-30T16:59:02Z,why dont you play for any club or your country?,1
2013-11-29T19:46:17Z,make a tutorial on how to train weak foot.,0
2013-11-29T09:47:15Z,can you make a tutorial on how to juggle a socce ball?,0
2013-11-28T13:19:14Z,Nice. Finally found a channel that can learn me something useful.,0
2013-11-28T11:31:12Z,Why do you lot dont play football specially that mixrace guy so good I rate you both,0
2013-11-26T22:12:37Z,how to you get faster,2
2013-11-26T09:54:24Z,Good!).,0
2013-11-25T04:22:13Z,Nice,1
2013-11-24T22:02:07Z,How a you pop the ball up quickly and effectively,0
2013-11-23T21:24:30Z,if you lot are that good how comes you lot aint pro footballers?,0
2013-11-23T10:28:45Z,The super drag back is easy to do yet I found it very effective in matches even as  right back! ,0
2013-11-22T21:29:20Z,More footwork videos plz :) ,0
2013-11-20T18:52:30Z,"My first touch is now really good Thank you
",0
2013-11-19T12:09:26Z,"Very good! But belive me , I'm better !",0
2013-11-19T11:36:27Z,This,0
2013-11-17T23:29:31Z,nice vid,0
2013-11-17T14:22:49Z,can u guys help with crossing and long distance passing you guys seem to be great at it :) and pretty much everything else,0
2013-11-17T00:06:40Z,Can you teach us how to control first touch from the air? and more technical stuff like shooting and crossing. And i need help juking out a really good defender,0
2013-11-16T20:33:18Z,Please F2 help me . i want know how to Improve my speed ... u can teach me how ? type here a answer please ..,0
2013-11-16T18:48:41Z,Perhaps a tutorial on Pinging long balls in the air. its useful when trying to switch play quickly and can also cut an opponents defense in half.,1
2013-11-16T16:36:16Z,"do a ""how to kick the ball with more precision""",0
2013-11-16T07:45:31Z,Your ball control is amazing :),0
2013-11-16T04:45:04Z,anyone who actually plays football knows this shit is fake as hell......just look at the directions the ball goes when they hit it.....fucking animated shit,0
2013-11-16T02:47:04Z,"Hi!

Do you have a store where you can buy the f2 hoodies and trousers that you use in your videos?",0
2013-11-15T21:26:55Z,Inhubygbhhnjimjm,0
2013-11-15T21:13:13Z,"can do all


",0
2013-11-15T17:55:37Z,You just got one more sub,0
2013-11-15T16:55:53Z,Bahaha that cheeky comment at the end :) love it,1
2013-11-15T13:08:21Z,Skills Freestyle with Neymar! Please,0
2013-11-15T03:56:25Z,Whats that song that sound brazilian??,0
2013-11-14T19:23:31Z,"Holy crap you guys are sooooo good!! I just made a soccer YouTube channel ""JAQsoccer"" 
and just wished it was like yours..... If you would take a look that would be sick!",1
2013-11-14T12:37:58Z,Show us how to juggle better,0
2013-11-14T10:28:23Z,Clicked it. Clever,0
2013-11-14T10:23:20Z,"Cool
",0
2013-11-14T03:54:12Z,How do you improve ball control while your running with the ball.?,0
2013-11-13T19:02:53Z,This was an awesome video! Thank you so much!!!!,0
2013-11-13T16:48:34Z,"Heey, im from Germany but i can't anywhere buy your DVD... I searched at Amazon and I asked at the two biggest Elektronic Shops here in Germany. Can you help me please? :)
",3
2013-11-13T14:54:41Z,Superb Vid !!! If u both could plz upload a vid on Knuckleball tutorial .......it'd be relly really helpful to many people here !! cheers ! :-),1
2013-11-13T06:49:21Z,"i think the more important is to let your muscle remember the feeling the right first touch and then after a whilke of practise, everyone can get use to it. however if the reaction yourself is bad, i dont think if in short distance, they have good first touch on the ball.... but good video....",0
2013-11-12T23:27:40Z,"My favourite outtake is when jez doesn't let it touch the ground, sick touchh, about 5 minutes 13 seconds in :)",1
2013-11-12T23:25:28Z,"My favourite outtake was when jez didn't let it touch the ground, sick touchhh",0
2013-11-12T21:55:32Z,"These 2 have done so well for themselves,they go around the world doing what they love doing (football freestyle) they definitely should have many more thousands of subscribers. Good luck with everything in the future F2",0
2013-11-12T20:30:24Z,Can you da some more vlogs? They are so funny. You are the best!,0
2013-11-12T13:54:02Z,Can you do some shooting tutorials?? Or freekick tutorials??,0
2013-11-12T11:14:29Z,Make a tutorial about lobbing a ball. ,0
2013-11-12T05:30:39Z,Awesome!!!! Thanks,0
2013-11-12T04:23:58Z,How do you get those long range passes to have so much height and so much distance in them?,0
2013-11-12T01:37:30Z,more dribbling move tutorials!!!!!!!!!!!!!!!,1
2013-11-11T23:33:29Z,my first touch is amazing but this made it even better then you F2,0
2013-11-11T19:22:51Z,It's a shame that I'm already subscribed. I didn't get to hear that cool sound when you click the subscribe button XD,0
2013-11-11T17:40:24Z,how to improve volleys,0
2013-11-11T15:30:26Z,How to volley pls ??,0
2013-11-11T15:20:19Z,Shot power improvment and weaker foot improvment would be good ones to do,0
2013-11-11T06:53:42Z,i wonder why that precious field is empty :(,0
2013-11-11T03:03:36Z,I meant aren't,0
2013-11-11T03:00:19Z,I wonder why these two are professional footballers,0
2013-11-10T23:35:07Z,Thanks,0
2013-11-10T23:00:56Z,"Sorry ment to say when y'all play football, do y'all use an original ball?",0
2013-11-10T22:59:31Z,When y'all use an original football?,2
2013-11-10T22:47:48Z,Do you think you guys could do a vid on the best moves to beat someone in like a certain position specifically right/left wing ,0
2013-11-10T20:36:22Z,Could u guys do how to get power and hight on the ball would appreciate it guys,0
2013-11-10T20:35:35Z,So basicilly it's all about the first touch,1
2013-11-10T18:50:55Z,Where is the shootingg videoo ????? which was supposed to be episode 4,0
2013-11-10T14:41:37Z,My soccer skills get better and better every time I watch one of your videos! ,0
2013-11-10T13:30:42Z,Can you guys make a video on how to imropve your long passing,0
2013-11-10T11:58:06Z,I subscribed and there's no jingle :( ,0
2013-11-10T10:12:56Z,Can you make more trick vidios Plesse.,0
2013-11-10T10:11:46Z,"nice
",0
2013-11-10T09:11:11Z,Awesome,0
2013-11-10T08:59:33Z,Berbatov has some really good first touch yesterday but crappy workrate as usual lol,1
2013-11-10T07:31:22Z,Lads the ball got like a meter away from you -.-,0
2013-11-10T07:11:06Z,How can I improve my speed and stamina??? Please help,0
2013-11-10T04:34:58Z,A week foot tutorial please :),0
2013-11-10T04:00:02Z,"Great video. Can you make more videos like this, how to improve your weaker foot and also how to do a long ball.",0
2013-11-10T01:32:54Z,Do a video on knuckle freekicks,0
2013-11-10T01:30:10Z,I'd love to see you guys in the epl,0
2013-11-10T00:34:26Z,Song?,0
2013-11-09T23:48:35Z,Can you guys do a Tips for goalkeepers? you're awesome,1
2013-11-09T22:44:29Z,Do you happen to know the name of the song at 2:15? Would be great if anybody could help me out,0
2013-11-09T22:26:07Z,Make one about your best tricked,0
2013-11-09T21:49:21Z,You guys should set up your own online store where we could buy all the football gear you do,2
2013-11-09T21:42:47Z,Can you guys make one on how to shoot with accuracy ? ,0
2013-11-09T21:11:02Z,Do how to improve your weak foot pls,1
2013-11-09T20:36:30Z,Which songs do you guys use?,0
2013-11-09T20:35:17Z,"Jeremy, how come you were not on the Pepsi advert?",0
2013-11-09T20:34:41Z,These guys are epic! ,0
2013-11-09T20:10:07Z,A video how to improve finishing ,0
2013-11-09T20:04:19Z,JAJAJA 02:14 PARA MI MAMITA QUE ME QUITA MI POPO PARA MI MAMITA QUE ME QUITA MI POPO,0
2013-11-09T19:55:31Z,Do one on how to improve weak foot,0
2013-11-09T19:41:08Z,How to kick the ball for a long pass tutorial. Thanks,0
2013-11-09T18:48:36Z,nice tutorial guys what is your height??,0
2013-11-09T18:27:24Z,Ok please help me guys I have 2 more years playing high school football and I want to become the best in the league and I will do what ever it takes but I don't know what to work on I am already very fast and strong but I have horrible technique please what should I do?,0
2013-11-09T18:12:05Z,Do a tutorial with scissos schedule,0
2013-11-09T18:11:03Z,Do a tutorial with scissors schedule ???,0
2013-11-09T18:00:00Z,Billy got his eyebrows done,0
2013-11-09T17:36:10Z,Good work guys keep it up,0
2013-11-09T17:32:47Z,"Could you do a vid on how to shoot better ie side on the foot, lased shoot and inside of the foot shoot? And/or how to improve your weak foot?",0
2013-11-09T17:31:24Z,Make one for long passes please.,0
2013-11-09T17:13:04Z,"Slow-mo camera would be helpful.

Amazing first touch thoughs",0
2013-11-09T17:05:19Z,so you do the same method when the ball comes from a goal kick?,0
2013-11-09T17:05:00Z,"any tips in order to be able to pass the ball as far as u guys showed in the vid? like is there a specific technique? work outs on specific leg muscles? 
great vid & thanks !",0
2013-11-09T17:02:55Z,Do a weak foot video,0
2013-11-09T16:31:45Z,have you change sponsor?,0
2013-11-09T16:29:23Z,what can i do to practice my first touch when i'm alone?,0
2013-11-09T16:21:52Z,Does anyone know the size/dimensions of those small/mini training goals? I want to build one oit of pvc,0
2013-11-09T16:19:24Z,"Please make a video on how to kick a ball. Like how to shoot, how to cross. The way you guys cross is amazing and I wish to learn. Hopefully you see this. Cheers",0
2013-11-09T16:08:11Z," Can you please do a tutorial on how to get height on the ball from a free kick or goal kick and also how to get a more powerful shot, I would greatly appreciate it and thanks for all the amazing videos!!! :) ",0
2013-11-09T15:18:13Z,great tips on first touch,0
2013-11-09T15:16:18Z,Thanks for the tips ima do this at my match warmup,0
2013-11-09T15:14:12Z,More like that please! ^^,0
2013-11-09T14:59:57Z,The ultimate Panna trick,0
2013-11-09T14:42:51Z,"This is the best channel of youtube, billy and yeremy are the best ",0
2013-11-09T14:40:48Z,hey guys what camera did you use to record this? was it a gopro? seems pretty tough if it can handle being hit by the ball :p,0
2013-11-09T14:25:10Z,Can you please guys do a how to improve your header I would really appreciated,0
2013-11-09T14:16:43Z,can u do a video of diffeent ways to shoot like curve power if not can u do a video about how to do skills with your weak foot and shooting,0
2013-11-09T14:10:35Z,"can u upload a video for striker , please",0
2013-11-09T14:10:05Z,Thanks for the video I needed to approve my first touch,0
2013-11-09T14:09:10Z,improve ball control while running next,0
2013-11-09T14:06:16Z,Tutorial on shooting with the outside of your foot and how to improve curve. Please.,0
2013-11-09T14:05:43Z,5:10 holy shit :D Nice ,0
2013-11-09T13:58:52Z,"Can you do one on how to play one or two touch passing please, Thanks",0
2013-11-09T13:18:53Z,Plz help Ronaldo dipping shots and power shots!!!!!!,0
2013-11-09T13:18:26Z,Insane so mucks skills!!  How can you guys not be professional footballers? :O ,2
2013-11-09T13:14:20Z,"How to do the rabona longer distances i just seem to hit it 5-10 feet and my right foot swings around my left to do the rabona trick; i always slighlty or really touch my left foot 
",0
2013-11-09T13:10:13Z,"It´s a shame that this channel only have 91k subs, Love u guys!",0
2013-11-09T13:07:00Z,"Hhy guys,
Tutorial on inproving your week foot",0
2013-11-09T13:03:13Z,"Great guys, so skillful",0
2013-11-09T12:57:18Z,i would fucking love playing at that place..,0
2013-11-09T12:56:08Z,can you do a how to improve your first touch by yourself video please !? loved this video btw !,1
2013-11-09T12:28:00Z,"Turned out amazing! Loved it, my favourite out takes were diffidently the ones where i got hit in the head by the ball at 4:41 and 4:58 haha :)",0
2013-11-09T12:15:37Z,Who is that one person....      ,0
2013-11-09T12:11:56Z,2 Ronaldinho's?,0
2013-11-09T12:09:39Z,"Please do a how to improve your shot power video it would really help
",41
2013-11-09T11:35:23Z,Sick :),0
2013-11-09T11:25:34Z,Their goalkeeper is so bad. Just stands there,0
2013-11-09T11:13:41Z,"More videos of that kind!
Superb! Really enjoyed it :)",1
2013-11-09T10:48:53Z,Nasty touch ,0
2013-11-09T10:31:30Z,SO BASICALLY ITS ALL ABOUT THE FIRST TOUCH ;),2
2013-11-09T10:30:21Z,sick first touches!,1
2013-11-09T10:29:06Z,nice video guys plz come up with some shooting techniques.... :),0
2013-11-09T10:28:00Z,nice,0
2013-11-09T10:24:49Z,Can you guys do a How To Improve Your Weaker Foot? Would greatly appreciated!,179
2013-11-09T10:16:22Z,"The boys have a good shape body..haha. The F2 are the best at first touch. Go  #tekkers . i hope that i will get an autograph from the F2 but i am far away in Malaysia. i will always support & love both of you guys
#F2FamilyForever",3
2013-11-09T10:12:39Z,"Well done guys for having the first and second comment
",0
2013-11-09T10:11:18Z,When will you guys upload the zaha  #tekkers  video which was promoted by #5mag lately? cheers guys,2
2013-11-09T10:09:58Z,300 Club,0
2013-11-09T10:08:03Z,2nd comment,0
2013-11-09T10:06:00Z,1st comment,0
2013-11-09T10:04:21Z,15 view 2 like first comment,0
2013-11-24T09:35:14Z,0:40 c'est Yohan Rivière qui frappe pied gauche pas Youssef. Sinon les commentaires sont plus agréables que ceux des matches de la L1.,0
2013-11-23T23:53:33Z,Allez Tours Fc,2
2014-04-06T14:57:28Z,don't know what kirkland was thinking with his positioning for the free kick. that step forward he took made him very beatable. he could have saved it if he hadn't done it. ,1
2014-04-05T22:38:51Z,Just wasn' t their day ;),0
2014-04-05T14:34:36Z,mahrez algeria <3,1
2014-04-05T11:04:46Z,Unlucky. Wednesday ,1
2014-03-25T06:50:27Z,Jules Dujardin tu te trompe car on vous la remet au match a lens et en+ on vous depasse largement au podium ! :),0
2014-03-25T06:48:57Z,Maintenant Lens 2eme Et le havre 11 eme bonne chance a bollaert pour la vengeance et ce n'est pas l'equipe du havre qui etait forte mais celle de lens qui a etait mauvaise defensivement + un goal nul qui n'a rien a faire titulaire :) En gros osef de ce match mis a part que c moche pour nous sauf que pas besoin de mettre 6-2 pour etre sur le podium la preuve :D,0
2014-01-29T13:45:46Z,"Bien joué le Havre
( mais je ne suis pas pour vous)",0
2013-10-04T08:00:34Z,aller le hac 6 2 vs au premier la onte,0
2013-09-20T08:06:53Z,avec l'argent tout est magouille L1 12 ect.......,0
2013-09-16T16:23:33Z,"Allez le HAC !!!!!
",2
2013-09-16T15:29:39Z,"tu m'étonne
",0
2013-09-16T15:07:17Z,allez le hac lalalalala lalalalala,1
2013-09-15T21:01:07Z,"C'est pas parce que ton ""Aréola"" et ""Yahia"" qui sont pas la  que vous aurai gagner !  j'y éte et sa aurai rien changé, Le Hac dominé toute la rencontre ! ",0
2013-09-15T17:13:49Z,On vois quand Areola et Yahia ne sont pas là !,1
2013-09-15T12:49:47Z,On reste 1er façon :),0
2013-09-15T10:57:22Z,C'est une Humiliation la ! Mais bon c'est comme ça :D,0
2013-09-15T10:52:03Z,"J'aime pas ce commentateur, celui de la dernière fois était mieux",0
2013-09-15T10:32:22Z,ééénorm lens a pris cher :/,0
2013-09-15T10:28:29Z,"Superbe victoire de nos chère Havrais ! Sauf, la petite dispute avec Zacharie Boucher et l'attaquant Lensois (Un gros rageur) Bravo Le Havre, ont continue à enchaîner pour enfin, monté en ligue 1 ! Ont y crois 3",1
2013-09-15T10:22:03Z,"Superbe but de BENJAMIN Bonnet ! ahah
",0
2013-09-15T08:40:01Z,"Riou: 10 buts en 2 matchs, c'est chaud...",0
2013-09-15T08:25:51Z,"Au moins ils ont vu du spectacle ;) 
",0
2013-09-15T07:25:04Z,Angers 1er,0
2013-09-14T23:03:15Z,Une pensée pour les 2.000 lensois qui ont fait 600km aller-retour pour voir ça.,1
2014-06-12T07:11:42Z,ربي يبارك على رياض محرز راهوا وحدوا في لعبة كرة القدم انا احبه من كل قلبي  <3,2
2014-05-27T16:14:42Z,شبيه اجويرو في وجه ولعب,0
2014-04-22T23:25:29Z,Francais s'appelle riad mehrez,2
2014-04-06T20:53:20Z,اكثر من كار ثى تعليق ضعيف المستوى,4
2014-04-04T19:05:39Z,تعليق كارثي,13
2014-07-24T21:56:01Z,Anyone notice our new players sad face right at the end. Let's hope Dyer can help us create some more magic moments this season. Makes me smile every time I watch this!,1
2014-07-09T04:59:59Z,LOL love the commentary.,1
2014-07-01T02:38:11Z,I love Schmeichel dancing cautiously through the pitch invasion at 1:42.,0
2014-05-28T16:15:22Z,"un peu de justice de temps en temps :). A great Almunia too, although the penalty was bad shot...",0
2014-05-26T01:43:14Z,It's over a year ago and I STILL DON'T BELIEVE IT! However one year later and Watford are 100 times worse and City got 102 points... JUSTICE!,1
2014-05-16T10:46:46Z,"So can someone please answer these questions.  What consequences were there for (1) the incompetent imbecile who awarded the penalty and (2) the cheating dago who dived at the slightest touch?  This is the type of incident which ensures that soccer endures the reputation of being a Nancyboy sport for cheating dagos in countries where their football codes are manly, physically uncompromising and tough codes.  Handbags at 12 yards, ladies.",5
2014-05-07T20:13:10Z,"I was listening to bbc 3cr when the pen was given. I turned it off for a few minutes, picked it up and we had scored. I missed my clubs best moments in recent history......",20
2014-04-20T16:04:00Z,In English Ramona? Erm you ARE mid table where you belong and we are....Champions!!!,1
2014-04-09T22:10:59Z,Now it's April 2014. Your cheating by using 14 loan players has stopped and you are back in mid table of the Championship where you belong while Leicester have the same squad pretty much and have ripped everybody open to storm to the title and a place in the premier. Watford. 12/13 cheated a d got burned at wembley! Goodbye ;),0
2014-04-09T22:08:26Z,I'm sure I can speak of how lucky Watford were having been bossed for the whole first leg that could have ended 5 or 6 to Leicester and bossed for most of second leg. Leicester were robbed on the day and would almost certainly beaten palace in the final.,0
2014-03-22T08:38:08Z,Only if every diver got karma...,344
2014-03-21T16:02:43Z,"i work here at vicarage road and trust me, the atmosphere was nothing like youd have experienced before. grown men celebrating etc, it was a great day.",142
2014-03-16T00:20:26Z,I wasnt there but i just ran outside and screamed it was the best football ive ever seen!,0
2014-03-11T11:59:58Z,Come back when you're top of the league Watford Fans ,0
2014-02-27T11:35:51Z,This is so FUNNY. People around and the comments...What a game to remember,2
2014-01-05T10:39:42Z,"Unbelievable!
We were at Vicarage that wonderful day. And we have never seen anything quite like that.
Brilliant double save by the injured Almunia.
Fantastic first touch by Anya.
Exquisite cross by Forestieri to the far post
Superb run from and knock back by Hogg
Clinical cool finish from Deeney.

It's the perfect counter attack. End of.",81
2014-01-05T02:48:30Z,Anya is a beast. That's touch though,9
2014-01-04T18:11:04Z,I still remind myself of this moment pretty much every day. I'm watford til I die,3
2014-01-02T22:58:45Z,3CR commentry adds so much as well.,1
2014-01-01T23:35:27Z,Thank Knockheart for diving and cheating because otherwise we would never have scored!!,2
2014-01-01T20:50:04Z,One of the best days ever ,2
2014-01-01T18:43:54Z,To be continued ...,0
2014-01-01T09:27:13Z,"I still cheer every time I watch this! 
Can we please talk about how amazing Anya was in recieving the ball and taking down the pitch to get the goal? !!!!",245
2014-01-01T01:22:20Z,Best day ,1
2013-12-31T21:23:03Z,The feeling of sheer depression and mental breakdown /suicide TO ABSOLUTE ECSTASY .... there will never be anything like it again ! ,50
2013-12-31T16:48:42Z,"Never been so depressed, then so joyous in such a short space of time!",167
2013-12-31T15:33:51Z,good time.,0
2013-12-31T15:15:26Z,Knockart the diving mug,37
2013-12-31T15:11:55Z,I'd call that winning!,0
2013-12-31T15:04:22Z,I still get goosebumps! What a day!,3
2014-07-02T01:52:22Z,fuck you.,2
2014-06-13T20:02:12Z,Phénoménale le premier but *-*,0
2014-06-11T01:15:33Z,vahid la seule eruere et ces de ne pa convoquer hachoude car mostefa fait les meme ereure ke avec le maroc et la roumanie en dire qu'il fait esprait kil veut faire comprendre kil veut ces pa jouer a ce poste et ke en coupe du monde ta pa le droit a l'éreure ,0
2014-06-09T09:10:14Z,"ATAQIW MOULAKOUM YA E'RASSA 

ALGERIE MAROC C EST KIF KIF MAGHREB MUSLIM UNITED 

W LI MA 3ADJBOUCH EL HAL MAROCAIN OU ALGERIEN YROUH YQAWED 

POLLUTION VIRTUELLE...",1
2014-06-07T20:48:05Z,لا يجوز تلك الألفاظ و خاصة بين الجيران و الاشقاء . هدانا الله و إياكم .اتقوا الله يا مسلمون  يا عرب,0
2013-10-08T19:44:44Z,"mais t toi jamais de la vie ya péno il tire et apres iltombe.... 
",0
2013-10-01T18:49:19Z,"Il envoie le ballon en tribune avant de plonger. Par contre sur Mahrez a 1.56 de la vidéo ya pas faute. Je comprends maintenant pourquoi Caen est devant le HAC au classement.
ALLEZ LE HAC !!!!!!!!!!!!!!!!!!!!!!",0
2013-10-01T18:37:08Z,"oh que si garcon il y a penalty et gros penalty
",0
2013-09-30T20:27:44Z,Le HAC encore volé. Y a jamais pénalty !!!! JAMAIS !!!!!,0
2013-09-29T20:35:44Z,le match nul était au rendez vous mais il a fallut que l’incompétence de l'arbitrage en l2 fasse son apparition ... ,0
2013-09-29T18:28:35Z,Bravo Caen ... Je suis du havre,0
2013-09-29T17:37:00Z,"Et je suis d'accord avec le commentateur, le péno est vraiment pas évident.. À la fin il y a une main d'u, caennais dans la surface autant évidente que la faute de Touré, qui est pas sifflée",0
2013-09-29T10:19:10Z,"épaule contre épaule euh je crois pas,Koita et de dos  et le havrais tente de passer devant sauf qu 'il réussis pas et  il le pousse dans le dos,bref j 'aurais plus tôt dit un match nul en regardant le match mais on a la victoire nous les caennais !! ",0
2013-09-29T10:09:17Z,1:53 viol international OMG!!!,1
2013-09-29T09:19:02Z,Ironie du sort !!!hin hin hin =P,0
2013-09-29T08:21:52Z,Le havre a plus docaz,0
2013-09-28T23:06:28Z,"On s'en fout, on est toujours derrière Le Hac, le match méritait un nul.. Mais bon il y a laussi la chance dans le foot",0
2013-09-28T22:57:35Z,Yes bien cette victoire :D,0
2014-01-27T18:22:18Z,Encore un arbitre de merde !! INCROYABLE !! J'ai compté 5 pénaltys pour l'ESTAC j'étais au stade). Je comprends qu'il n'y ait aucun arbitre Français à la coupe du monde... Sinon ALLEZ L'ESTAC !!!,1
2013-12-15T14:21:59Z,"Ah ouais truc de fou j'ai trop le seum, vous êtes derrière nous au classement mais bon haha et ça se voit que t'as pas vu le match ;)",0
2013-12-15T01:29:02Z,Les havrais peuvent dire merci a l'arbitre. ,1
2014-01-05T17:19:37Z,aller ciel et marine,0
2013-12-27T14:02:29Z,et le face a face de mesloub tout seule face au gardien il est ou?,0
2013-12-23T21:40:13Z,L'arbitre a tué le match en sifflant un faute inexistante,0
2013-12-22T17:43:31Z,Comment un arbitre peut faire une faute d'arbitrage comme ça ? Le joueur du Havre aurait du se prendre un jaune pour cette énorme simulation et à la place pénalty et jaune pour Ntep...,0
2013-12-22T10:35:24Z,"bah voila : )) il y a plus qu'a monter en haut de classement les gas !!!!
 ",0
2013-11-03T17:42:45Z,Allez CA Bastia (supporter ESTAC Troyes),1
2013-11-03T10:39:22Z,? pourquoi,0
2013-10-25T14:47:08Z,Le Havre3,0
2013-10-20T16:17:12Z,"allez angoulême
",0
2013-10-20T12:16:35Z,Go le HAC,0
2013-10-20T08:11:14Z,Aller lavaaal ♥,0
2014-06-18T01:48:29Z,#fifa14 #fifaworldcup2014 #neymar #oscar #belgium #algeria,0
2014-06-17T18:00:53Z,#fifa2014 #fifaworldcup2014 #belgium #algeria #fifa,0
2014-06-17T16:57:04Z,#FIFA14 #FIFAWORLDCUP2014 #FIFA14MATCHES #FIFA,0
2013-09-05T17:20:39Z,Faut vraiment les mettre au fond quoi !,0
2013-08-31T23:48:36Z,"Match catastrophique pour les Nîmois, c'est plutôt inquiètant. Sauf pour Cyril Merville! :/",0
2014-07-17T19:46:08Z,,0
2014-07-17T19:45:57Z,TWATS,0
2013-11-05T21:58:25Z,Get Vassell back!:(,0
2013-11-05T11:12:44Z,Rob owen!,0
2014-07-17T09:46:35Z,Le hold up parfait. Allez Brest!!!,0
2013-11-20T11:37:35Z,SCO!!!!!!,0
2013-11-10T18:47:54Z,Angers merci ! 32 euros en plus :),3
2013-11-10T12:14:50Z,Vive le SCO,3
2013-11-10T09:06:23Z,allez le sco !!!!!!,2
2013-11-10T00:14:48Z,Bravo Angers et Merci !!! Dommage en revanche pour Tour.,3
2013-11-09T23:09:11Z,Le hac me désespère,5
2013-08-11T10:55:33Z,Et puis même pas d'image de Capelle blessé...,0
2013-08-11T04:03:06Z,les mec il mettent stade jule deschaseaux aprés il disent qu'il sont battut tours 3 buts a 2 il se trompent c'est stade océane et niort!!,0
2013-08-10T22:38:15Z,C'est pas Stade Jules-Dechaseaux mais Stade Océane ;),0
2013-10-23T19:21:18Z,ACA,1
2013-09-27T12:07:55Z,"Forza ACA :P Forza AIACCIU
",1
2013-08-07T17:34:53Z,"C'est quoi la music de @10 a @22 ? Lorsque les joueurs rentrent, svp ",0
2013-08-07T10:28:59Z,"Vas dormir je pense que c'est mieux pour toi mon petit, demain tu les verras mieux après une bonne nuit de sommeil.",0
2013-08-06T09:29:15Z,Ils sont ou les supporters ?,1
2013-08-04T15:38:28Z,Ils n'ont pas arrêté le délire de montrer 2x les coups d'envoi !,1
2013-08-04T15:34:31Z,Aller le HAC,0
2013-08-04T15:34:22Z,Aller le ha,0
2013-08-04T14:53:52Z,Bon départ pour Avignon,0
2013-08-04T09:48:58Z,"kop ultras Avignon  gooo!!!
",0
2013-08-04T00:44:38Z,Allez l ' ACA !,0
2013-12-14T18:35:15Z,Merci de mettre  toutes ces vidéo sur la L2,1
2013-11-24T20:14:33Z,Allez tours,2
2013-09-24T22:26:41Z,Well done Kingy.  Keep it up.,0
2013-09-23T20:08:33Z,Well done son !!,0
2013-09-23T19:44:06Z,buzzin for tomorrow :D,0
2013-09-23T19:36:36Z,GREAT GOAL!!!!,0
2013-09-23T16:54:19Z,Quality strike!,0
2013-09-23T15:21:37Z,Defentaly gona be competing for Goal of the season,0
2014-04-23T00:04:17Z,"MeaN Fliixy, you will have trouble signing him;) quality player",0
2014-01-01T18:39:11Z,BOLTON LISTEN! IN THE TRANSFER WINDOW GET KELVIN FROM FC PORTO HES A YOUNG TALENT WITH GREAT POTENTIAL HE IS NOT A FIRST TEAM PLAYER BUT IF WE MAKE THE RIGHT OFFER WE WILL HAVE A CHANCE! PLEASE LOOK HE WOULD BE A GREAT ADDITION!,0
2014-01-01T15:17:45Z,"Freedman out
",0
2013-12-31T15:21:24Z,"Ream is a shocking defender, he doesn't even mark the players! Last goal for Leicester, watch! hes nowhere near him and that his man he should be marking.",0
2013-12-30T10:09:21Z,"What sort of defending is that? We have such a good attacking team but cannot defend for shit. 3 of those goals were just fucking stupidly defended, Baptiste kept getting out-paced and nobody seems to be communicating. Let's just hope to god that we can get some experienced players in on January (such as McNaughton). ",2
2013-11-06T17:28:39Z,0:13 not hard they are fools also hope he dose it again,0
2013-11-06T16:59:21Z,WHAT A HIT SON!!!,0
2013-11-06T16:42:27Z,First,0
