published-time,comment,likes
2014-04-28T08:23:44Z,Jolie but :)),0
2013-11-11T01:45:31Z,An injured Zlatan? There goes soccer,1
2013-11-11T00:31:53Z,Ibrahimovic pallone d'oro!,2
2013-11-21T20:26:01Z,Magnifique celuide honorat,1
2013-11-06T15:19:28Z,Beau match! Amazing,1
2014-03-10T01:47:03Z,Horrible position of mandanda on the freekick,1
2013-09-03T12:59:17Z,tiéné revien a fond au mhsc loulou nicollin a fait un tres bonne affaire bien joué !!,0
2013-09-03T11:18:45Z,ouais mais bon si tout les mecs qui quittent le psg se revelent plus tard etre des juninho en herbe ça va pas le faire,0
2013-09-02T19:16:23Z,"juste parce qu""on ne le laissait pas tirer",0
2013-09-02T13:44:20Z,pourquoi il mettait jamais ce genre de but avec paris,0
2014-07-15T00:54:42Z,Just Ibra daring to Zlatan. ;),1
2014-03-21T07:14:20Z,Whats the song?,0
2014-03-16T12:01:06Z,Messi will never be able to do that,10
2014-03-16T02:20:06Z,How did this guy end up in a National team like Sweden?,0
2014-03-13T02:44:37Z,Ibrahimovic u are a beast!!!,3
2014-03-12T19:07:55Z,"La ne var bunda, aynısını halı saha maçında yapıyom ben.",0
2014-03-12T10:52:32Z,zlatan#t le meilleur :),1
2014-03-10T16:18:44Z,Impresionante! ,1
2014-03-10T14:03:15Z,Ibracadabra!  #DareToZlatan  ,12
2014-03-10T01:04:16Z,Only one Zlatan! #DaretoZlatan,6
2014-03-09T23:59:47Z,"Zlatan the best ! Go Paris !
",5
2014-04-27T22:14:47Z,First comment,0
2014-02-02T21:03:39Z,On a eux les deux victoires contre le losc cette saison,0
2014-04-23T11:50:39Z,Is falcao injured?,0
2014-04-21T15:31:06Z,"3/4 all comments are for russian or belorussian! It is possible to delight in reading nothing, translation of shit gives even.",0
2014-04-21T11:50:40Z,Why are there all these Russian commentors?,1
2014-04-21T08:23:51Z,"Какого хера видео с 39-й секунды началось, я ж его раньше не видел?
Ах, да - модеры чемпа - сексуальные меньшинства и дегустаторы фаллосов))",2
2014-04-21T08:20:22Z,"Как называется трек который в начале играет?)
",0
2014-04-21T08:13:30Z,Случайный гол,0
2014-04-21T06:04:07Z,I wonder if Monaco's stadium is finally gonna be full when they are in the champions league!  ,5
2014-04-21T05:35:11Z,это был неудавшийся навес))),0
2014-04-21T05:33:34Z,модеры Чемпа сосут хуи,2
2014-04-21T03:39:37Z,"пфф, дзюба и не такие банки клал",5
2014-04-21T02:37:53Z,всем с чемп.ком привет,20
2014-04-20T22:07:17Z,Berbatov! classiest player ever,2
2014-03-05T18:56:27Z,Paris Saint-Germain (PSG) vs OGC Nice (3-1) - players / joueurs - 9 novembre 2013 ,2
2014-03-16T09:38:38Z,Quel geste !!!!!!! Zlatan aime les ailes de pigeon contre Bastia,0
2014-03-12T07:18:16Z,Zlatan Merda!,2
2014-03-11T14:31:59Z,la passe de fou j'adore Ibrahimovic,1
2014-03-11T09:54:25Z,"#Ligue1 - Classement des passeurs - Après son but en aile de pigeon à l’aller, Zlatan Ibrahimovic a délivré face au SC Bastia sa 11e passe décisive sur un geste similaire pour asseoir sa domination au classement des passeurs ! James Rodriguez et Lucas complètent le podium ! http://bit.ly/1nAtoaR",15
2014-03-10T21:58:46Z,prochaine vidéo : Zlatan fait caca...,3
2014-03-10T15:34:56Z,"et sinon, sa bite elle est comment ?",1
2014-03-10T10:33:05Z,Parfaite la passe ,1
2014-03-10T06:50:24Z,Parce que c'est le seul qui peut faire ca regulierement sans que cela soit considere comme de la chance.,2
2014-03-10T00:14:10Z,Cool,0
2014-03-09T23:57:19Z,Paye ton fait marquant quoi --',3
2014-05-03T23:08:08Z,Allez Nantes ♡♥♡♥♡♥♡♥♡♥♡♥,0
2014-05-02T09:44:57Z,Guingamp ♡♥♡♥♡♥♡♥,0
2014-04-29T15:53:58Z,Merci,0
2014-04-28T13:17:46Z,Nice -reims 1-0 but manifique,0
2014-04-28T10:13:21Z,nantes et Marseille :O,0
2014-04-28T01:30:06Z,Quenelle 2:13? ,0
2014-04-30T02:21:58Z,Lacazette :'),1
2014-01-15T22:53:49Z,Ospina <3,0
2014-03-29T11:30:37Z,deg ,0
2014-03-29T10:47:44Z,L'arbitre il est trop con c un parisien de merde,0
2014-03-29T10:17:02Z,"Hier soir j'ai t'ai au stade (comme tout les match) en BSN et mon avis sur se match c'est que nice a plutôt bien réussi et que même si on a perdu je reste fidel a mes couleurs, et que l'arbitre était bien pourri aussi.",1
2014-03-29T07:50:50Z,Nice a quand même fait un super match,1
2014-03-10T00:59:12Z,Ben Yedder's goal: Fantastic,2
2014-03-10T14:43:46Z,İbra 1 goal 2 asist,1
2014-03-10T07:14:48Z,Nice,0
2014-03-10T00:15:29Z,Zlatan is a freaking beast!!!!!!!!!!!,4
2014-03-09T23:56:59Z,Quality finishes on all three goals.,3
2014-05-18T07:10:11Z,Gomis had so many chances .....,1
2014-04-13T17:02:53Z,"david ospina goalkeeper vs PSG , arriba colombia vamo al mundial con el mejor guarda metas!!",0
2014-03-31T19:31:20Z,psg,0
2014-03-31T14:47:47Z,cavani pousse clairement son adversaire avant de marquer. ce but aurait dû être refusé...,0
2014-03-16T20:20:44Z,Valentina,0
2014-03-15T06:48:00Z,Oh,0
2014-03-14T21:37:26Z,"2 buts de Paris dans le top, alors ? Pas trop déçu les gars ? ;)
PS: On attend toujours l'OM mdr",1
2014-03-12T15:43:39Z,"Je vois pas ce que fait le but de Roux, le marquage est pathétique, c'était facile de la mettre seul à 1 mètre du but vide...",1
2014-03-12T10:38:19Z,"#Ligue1 - Retrouvez le Top Buts de la 28e journée grâce à notre chaîne officielle YouTube ! Supporters, un préféré ? On attend vos commentaires !",11
2014-03-11T22:22:20Z,Faut arreter de deconner à un moment,0
2014-03-11T22:22:00Z,"Ils me font trop rire les rageux 
En ce moment on voyait jamais des buts de Paris et là des beaux buts de Paris c est obligatoirement du sucage 
Non non non c est pas comme ca que ca marche c est juste que Lavezzi a mis des beaux buts et que les autres ne valent pas d etre dans le top 
Vous etes des jaloux qui ont la rage 
Vous pouvez regarder dans les autres tops vous verrez jamais Paris et là tout le monde ferme sa gueule",0
2014-03-11T20:32:34Z,mdrr,0
2014-03-11T20:32:22Z,le deuxieme aussi,0
2014-03-11T20:30:54Z,ouiiiiiiiiiiii,0
2014-03-11T18:57:03Z,le premier est magnifique,0
2014-03-10T20:30:57Z,Roux... HUM HUM comme quoi cette chaîne n'annonce que le résultat de bon,0
2014-03-10T17:54:58Z,"Le coup franc est magnifique 
 #issanissa  ",2
2014-03-10T16:31:03Z,Sa suce bien paris ! ,1
2014-03-10T16:00:26Z,J'aurais plutôt mis celui de Basa que celui de Roux mais bon.,0
2014-03-10T14:42:57Z,"Ben Yedder le plus spectaculaire, Eysseric le plus technique, la phase de jeu Ibra + Lavezzi la plus belle, le reste bof bof bof et même ces 3 là de toutes manière pas gâté cette semaine...",0
2014-03-10T14:32:51Z,Le 2eme but de Lyon aurait pu être présent !,0
2014-03-10T14:02:16Z,"Calme toi David, le premier de lavezzi est beau avec la talonnade, après l'autre méritait pas mais y a pas eu de superbes buts non plus ce week end. Parfois des parisiens méritent, n'y sont pas et on vous entend pas.",1
2014-03-10T12:28:27Z,Beau le 1er,3
2014-03-10T11:41:02Z,"Celui de Ben Yedder est largement meilleur... C'est le top buts pas le top passes (ou le top sucage de Paris, je sais pas)",4
2014-03-10T11:34:23Z,Ben Yedder clairement..,5
2014-03-10T05:55:33Z,Bof les buts...,0
2014-03-10T01:54:43Z,Zlatan casseur de reins officiel de la ligue 1 :-),2
2014-03-10T01:48:51Z,Ben yedder casseur de reins officiel de ligue 1,3
2014-03-09T23:58:42Z,"2 eme,like 2。eme com ゞヾ〇ー〆―ヾゞ〇ヾ∥∥”‘",1
2014-03-09T23:53:32Z,1 er like premier com,0
2014-05-03T18:24:35Z,Will ochoa leave? Certainly he won't play ligue 2,0
2014-04-28T12:27:40Z,Serge Gakpe is way too good. My favourite player in ligue 1,0
2014-04-28T07:05:29Z,thx:),1
2014-04-28T00:49:56Z,I hope Sochaux survive. They have showed great spirit in last few weeks.,5
2014-04-27T23:29:30Z,Cheers! Always look forward to this as I'm not able to catch all the games living in the states.,3
2013-09-02T09:59:47Z,JONATHAN Eysseric ??? MDRR,0
2013-11-11T15:06:35Z,on a perdu mais quand même une putain d’ambiance! ( bien joué au supporter  bordelais pour leur affiche avec serge le lamas sa nous a faits bien rires:p),2
2013-11-06T23:02:19Z,L'arbitrage aura été aussi honteux.,0
2013-11-06T12:24:56Z,Allez bordeaux,1
2013-11-05T11:58:17Z,a escuse j'ai mal écouté :p,0
2013-11-05T02:46:15Z,"Bah comme je le dit dans mon premier commentaire, à 2:37 le commentateur dit "" Dans la surface de Mickaël Landreau "" ",0
2013-11-04T20:09:55Z,Bordeaux *-*,0
2013-11-04T19:45:20Z,"Les girondins sont de retour !!! :D
Allez Boredaux <3",0
2013-11-04T16:34:01Z,Bordeaux !,0
2013-11-04T16:33:06Z,C'est moppay,1
2013-11-04T16:32:54Z,Je connais un pote son cousin joue a nice !!!!!,0
2013-11-04T16:29:14Z,Il est pété ce commentateur il fait trop de faute!,0
2013-11-04T12:12:51Z,Beaux buts pour Bordeaux !,0
2013-11-04T11:32:50Z,mickaël landreau ? T'es allé chercher ça où ?,0
2013-11-04T10:58:49Z,2:37 Dans la surface de Mickaël Landreau... Sinon bien joué Bordeaux. Mais Nice n'a pas démérité.,0
2013-11-04T09:41:47Z,C'a doit pas etre facile tous le jours d'etre realisateur pour la ligue 1 donc ils s'accrochent a des petites choses pour ne pas mettre fin a leurs jours..,0
2013-11-04T08:34:08Z,pour montrer le vent !,0
2013-11-04T08:20:57Z,"Il l'empêche nettement de sauter et de jouer le ballon la, c'est pas une simple poussette dans la surface en attendant un corner...",0
2013-11-04T06:51:34Z,"Faute, faute, c'est un léger coup d'épaule alors que la grosse poussette juste avant, l'arbitre siffle rien. Hallucinant. ",0
2013-11-04T06:50:14Z,"C'est ça, sûrement la barbe qui fait ça, et aussi sa grande taille, c'est normal pour un gardien.",0
2013-11-04T06:05:51Z,2 buts somptueux !,1
2013-11-04T04:48:41Z,c'est bon ça,0
2013-11-04T00:55:22Z,Ok le gardien a même pas 17 ans mais il en fait 25,0
2013-11-03T23:21:40Z,Et sinon c'est quoi cette image subliminale de palmiers à 1:38 ? Ahahahaha,1
2013-11-03T23:00:40Z,Bordeaux ♥,0
2013-10-12T04:55:26Z,Para todos los pendejos que piensan que corona es mejor como es que hasta toda el equipo de mexico le tiene toda la confiansa a memo se mira en cada juego y cada ves que juega con la selecion es rara la vez que pierda mexico cuando jugo ochoa contra brasil en la copa america mexico gano 2-0 gracias a memo que tambien le atrapo el balon a uno de los mejores talentos como robino. Y es mas ochoa se lansa con su vida no hay portero en Mexico con su tal de reflejos el a hecho las mejores paradas!,0
2013-10-02T09:42:41Z,chicago!!! lol nice!!!,0
2013-09-10T19:08:08Z,"@misael ,estas jodido pensando que liga mx es mejor que la ligue 1",0
2013-09-09T17:46:38Z,Misael y para taparte la poca quien fue el portero de la seleccion de Spana el viernes pasado el 6 de septiembre? ahh si... Iker!,0
2013-09-02T20:37:30Z,Que wey eres !aver iker lo ha ganado todo y es banca en madrid y adivina oor quien pues por lopez que no ha ganando nada y no me digas que carlos no sabe de fut.. diego es mejor que iker y corona mejor que ochoa y ala banca Punto se acabo,0
2013-09-02T14:55:36Z,"En Mexico Ochoa no es nadien!? aver... Campeon con el America 2005, Campeon de Copa de Oro 2009 y 2011, nombrado mejor portero del Continente Americano 2007, Ganador del Balon de Oro en Mexico 2006 y 2007. Unico jugador Mexicano que fue nominado para el Balon de Oro del mundo! 2007. Campeon de Campeones 2005, Campeon de CONCACAF Champions Cup 2006, Campeon de Interliga 2008, nombrado por el IFFHS mejor portero Mexicano 2000–2010. Todo cuando estaba en Mexico. Si en Mexico no es nadien verdad?",0
2013-09-02T05:12:17Z,Estas jodido pensando en la historia..memoochoa18,0
2013-09-01T05:20:40Z,"@ misael Garcia , no saves de futbol...cuantos mundiales a ganado Mexico ?...5 como brazil verda oh 1 como francia ?....liga mx no es mejor",0
2013-08-31T20:47:15Z,Tu prepa no sirve .estos por los que jugamos futbol profecional,0
2013-08-31T16:41:34Z,No saben nada de futbol ustedes.deben de ver a madrid barça bayer ManU cruz azul america eso equipos si son grandes no como lyon o psg que ni si quiera saben patear la pelota al arco,0
2013-08-31T02:37:26Z,"yo tambien vomite y sali con diarea en mi equipo de la prepa, entoces tambien es de calidad tecnica? jajaja ",0
2013-08-31T02:35:26Z,"Campeon Olimpico, net yo tambien lo grite, pero es un torneo amateur......jajaja",0
2013-08-28T23:06:04Z,Pendejo la liga mx es las mas tecnica y la mejor seguido oor brazil. Por es mexico le da en la madre a cualquier equipo de america.solo que a mexico no lo importa los torneros sudamericanos..los xolos como hicieron ver mal a mineiro ..chivas  cruz azul america toluca los recuerdan.,0
2013-08-28T06:59:48Z,ja pero no mas lo dejaron por que se la mamo al chepo de la mierda ,0
2013-08-28T05:24:36Z,Estan idiotas si la liga mx fuera una de las mejores nuestra seleccion fuera una chingoneria la unica razon por la cual la liga mx tiene fama ea por toda la gente que immigro a e.u.a y todo los ratings que le da imaginen cuanto pinches dollares no ganan por vender tiempo commercial,0
2013-08-27T23:11:17Z,Issa Nissa,0
2013-08-27T20:15:08Z,Ochoa #1,0
2013-08-27T01:18:47Z,Pendejo ruben adolfo rios se retiro muy joven y era un porterazo por eso entro ochoa al america.de otra manera ochoa estuviera jugando en el necaxa o san luis en ese entonces que wey eres ruben,0
2013-08-27T01:15:22Z,"Pones a PSG o al Marseille, o al lyon hacen mierda la liga mx y memo ochoa a sido.chingon desde los pinches 18 años el ya era titular En el mejor equipo de mexico y en ese tiempo corona no era nadie no seas ignorante ponte a ver el futbol antes de hablar",0
2013-08-27T01:09:49Z,No mames misael te pasas de idiota...,0
2013-08-26T23:26:19Z,Mire bola de pendejos la liga mx es una de las ligas comas Calidad tecnica que hay en el mundo..yo jugue tres anos en atlas pinches idiotas y no sabes lo que es un entrenamiento sales con diarrea y bomitando por eso digo lo que es,0
2013-08-26T23:22:03Z,Creo que kikin es mejor delantero que cualquiera en francia.oor eso falcao ya no quiere estar en monaco.porque nadie voltea para ese rumbo.ya ni sale en portadas ni nada..la liga mx esta entee las 6 mejores,0
2013-08-26T23:20:04Z,Ustedes no saben nada son bien pendejos nunca an viajado por eso miran asi a francia..europa es asi.... 1 inglaterra 2 alemania 3 italia 4 espana y francia esta a otro nivel Mas bajo por eso lo compare con honduroas..1 brazil 2 argentina 3 mexico 4 usa. No sean pendejos..asi es este pedo,0
2013-08-26T21:58:10Z,Bien ochoa llo odio a corona pero tambien llo creo ke ochoa necesita mas a mexico ke mexico a el,0
2013-08-26T20:13:09Z,Misael como estas idiota que comparas la liga de honduras con la de francia .... esos weyes de honduras ni juegan... si quieres criticar a ochoa dame motivos no Pendejadas!,0
2013-08-26T20:05:31Z,Hay misael como eres pendejo enserio bien pendejo al pensar que la liga mx es tan superior que pendejo eres,0
2013-08-26T19:08:11Z,Esos equipos no son nada ni nadie..no ganan nada porque estan a nivel de la liga de Honduras. La mx mejor.no digas pendejadas ..cualquier equipo de mx le da en la madre a esa liga..Ochoa por eso es idolo pero en mexico no es nadie .por eso no lo queremos en la seleccion,0
2013-08-26T15:49:59Z,"hahaha si claro, dile eso a equipos como el PSG, monaco, lyon, marsella, esos equipos pueden competir con equipos de la talla del real madrid idiota, lyon le empato hace un mes al real madrid, el psg solo perdio por un gol contra el real madrid y el psg tuvo muchas oportunidades peor lavezzi no supo aprovecharlas en cambio cavani si lo hubiera echo, la liga mexicana es una mierda",0
2013-08-26T12:04:16Z,Apollon Limassol !!!!!!!!!!!!!!!  -1-,0
2013-08-26T06:36:53Z,ocho deveria nacionalisarce de otro pais que lo valore y lo comboque ala seleccion!!! ,0
2013-08-26T04:35:52Z,tu grado de pendejes es tanta como la del chepo,0
2013-08-26T02:26:36Z,No mamen que liga tan jodida ..mejor la mx,0
2013-08-26T01:37:45Z,Memo!,0
2013-08-26T01:01:36Z,"a webo memo
",0
2013-08-26T00:29:07Z,Bien memo,0
2013-12-06T02:10:41Z,James Rodriguez is amazing. How consistent he is...,0
2013-12-06T00:06:48Z,Poor defender :/,0
2013-12-05T23:25:23Z,james stepping out,0
2013-08-16T14:46:16Z,"You didn't even see Grenier at his top level , how can you say so?",0
2013-08-14T17:09:29Z,"If you like Clement Grenier and the Olympique Lyonnais, go on my channel",0
2013-08-14T14:09:25Z,Juninho prodigy in Grenier,0
2013-08-14T01:54:14Z,"Your able to comfortably get over 4500 dollars per month simply by responding to basic online surveys at home.
This site shows every detail how bit.ly\14vTLD1",0
2013-08-13T11:52:32Z,Allez l OL!,0
2013-08-12T17:01:19Z,Super nice freekick by Gourcuff!,0
2013-08-12T11:10:14Z,Grenier is like juninho,0
2013-08-12T05:26:21Z,"If you like Clement Grenier and the Olympique Lyonnais, go on my channel",0
2013-08-12T02:11:47Z,"#Grenier7 
#gourcuff8 they're beast!!!!!!!",0
2013-08-12T02:10:53Z,What a good game!!!!!! Olympique Lyon the best!!!!!!!!! #teamol,0
2013-08-11T22:38:52Z,Come on now Benzia!!,0
2013-08-11T22:13:04Z,come on gourcuff. come on grenier and lacazette.,0
2013-08-11T22:05:35Z,What a goal from Gourcuff,0
2014-03-05T18:56:45Z,Paris Saint-Germain (PSG) vs OGC Nice (3-1) - supporters chant - 9 novembre 2013 ,2
