publish_date,title,view_count
2014-03-09T23:00:01Z,Goal Valentin EYSSERIC (66&#39;) - Olympique de Marseille-OGC Nice (0-1) - 07/03/14 - (OM-OGCN),273
2013-09-01T22:51:16Z,Goal Valentin EYSSERIC (43&#39;) - OGC Nice - Montpellier Hérault SC (2-2) - 2013/2014,878
2014-04-27T22:00:02Z,But Valentin EYSSERIC (50&#39;) - OGC Nice-Stade de Reims (1-0) - 26/04/14 - (OGCN-SdR),2534
2014-04-27T16:33:13Z,BUT de Valentin Eysseric à l&#39;Allianz Riviera (Nice-Reims - 26.04.14),532
2014-03-13T09:27:08Z,Valentin Eysseric sur Foot-Express.com,167
2013-11-10T23:00:01Z,Paris Saint-Germain - OGC Nice (3-1) - Highlights (PSG - OGCN) - 2013/2014,18254
2014-03-09T23:00:01Z,But Valentin EYSSERIC (66&#39;) - Olympique de Marseille-OGC Nice (0-1) - 07/03/14 - (OM-OGCN),4289
2013-09-01T22:42:34Z,But Valentin EYSSERIC (43&#39;) - OGC Nice - Montpellier Hérault SC (2-2 - 2013/2014,3356
2014-04-27T22:00:01Z,Goal Valentin EYSSERIC (50&#39;) - OGC Nice-Stade de Reims (1-0) - 26/04/14 - (OGCN-SdR),262
2014-03-11T14:09:28Z,Le but d&#39;Eysseric contre Marseille à la loupe,6165
2013-09-01T22:56:04Z,Goal Siaka TIENE (52&#39;) - OGC Nice - Montpellier Hérault SC (2-2) - 2013/2014,826
2013-11-21T15:20:56Z,Les attaquants ouvrent le feu,3397
2014-02-03T19:10:16Z,Nice 1 - 0 Lille (63e) Remplacement Bruls / Eysseric,39
2013-11-03T23:00:01Z,OGC Nice - Girondins de Bordeaux (1-2) - Highlights (OGCN - FCGB) - 2013/2014,3903
2014-03-09T23:00:02Z,Olympique de Marseille - OGC Nice (0-1) - 07/03/14 - (OM-OGCN) - Highlights,2219
2014-04-27T22:00:02Z,OGC Nice - Stade de Reims (1-0) - 26/04/14 - (OGCN-SdR) -Highlights,765
2013-09-01T22:45:52Z,But Siaka TIENE (52&#39;) - OGC Nice - Montpellier Hérault SC (2-2 - 2013/2014,3926
2014-03-09T23:46:08Z,Ibrahimovic&#39;s INCREDIBLE assist for Lavezzi - Bastia - PSG (0-3) - Ligue 1 - 2013/2014,55798
2014-04-27T22:07:48Z,Ligue 1 - Week 35 : Goals compilation - 2013/2014,426
2014-02-02T16:57:17Z,OGC Nice 1-0 Lille OSC : Réactions,2931
2014-04-20T22:00:02Z,AS Monaco FC - OGC Nice (1-0) - 20/04/14 - (ASM-OGCN) - Highlights,22478
2014-03-10T00:24:06Z,Week 28 : Bloopers - Ligue 1 - 2013/2014,3734
2013-11-13T18:29:05Z,Paris Saint-Germain (PSG) vs OGC Nice (3-1) - players / joueurs - 9 novembre 2013,1217
2014-03-09T23:47:32Z,La passe décisive KUNG-FU d&#39;Ibrahimovic - Bastia - PSG (0-3) - 2013/2014,14718
2014-04-27T22:09:07Z,Ligue 1 - Tous les buts de la 35ème journée - 2013/2014,10560
2014-04-27T22:42:07Z,Week 35 : Bloopers - Ligue 1 -  2013/2014,1314
2014-01-12T23:00:01Z,Stade Rennais FC - OGC Nice (0-0) - 11/01/14 - (SRFC-OGCN) -Highlights,987
2014-04-27T21:59:00Z,FC Nantes - OM (1-1) in Slow Motion - Ligue 1 - 2013/2014,351
2014-03-10T00:58:42Z,Ligue 1 - Week 28 Highlights - 2013/2014,6175
2014-03-28T23:30:06Z,Nice 0-1 PSG : réactions,4116
2013-12-22T23:24:02Z,OGC Nice - Evian TG FC (3-1) - 21/12/13 -  (OGCN - ETG) - Highlights,1939
2014-03-16T23:00:01Z,OGC Nice - SC Bastia (2-0) - 15/03/14 - (OGCN-SCB) - Highlights,1361
2014-03-10T00:46:02Z,Week 28 : Top goals - Ligue 1 -  2013/2014,3053
2014-04-27T21:59:00Z,Le match FC Nantes - OM (1-1) à la loupe - Ligue 1 - 2013/2014,1138
2014-03-09T23:49:34Z,Bastia - PSG (0-3) in Slow Motion - Ligue 1 - 2013/2014,8203
2014-05-18T05:20:11Z,OGC Nice - Olympique Lyonnais (0-1) - Highlights - 17/05/14 - (OGCN-OL),2716
2014-03-30T22:00:01Z,OGC Nice - Paris Saint-Germain (0-1) - 28/03/14 - (OGCN-PSG) - Highlights,15399
2014-04-20T15:18:22Z,Monaco 1-0 Nice : Réactions des Aiglons,1801
2014-03-09T23:49:09Z,Ligue 1 - Top buts 28ème journée - 2013/2014,13885
2014-04-27T23:18:11Z,Ligue 1 - Week 35 Highlights - 2013/2014,2426
2014-04-06T22:00:02Z,AS Saint-Etienne - OGC Nice (1-1) - 06/04/14 - (ASSE-OGCN) - Highlights,1153
2013-09-01T22:45:40Z,OGC Nice - Montpellier Hérault SC (2-2) - Highlights (OGCN - MHSC) - 2013/2014,2625
2013-11-03T23:00:01Z,OGC Nice - Girondins de Bordeaux (1-2) - Le résumé (OGCN - FCGB) - 2013/2014,22519
2013-08-25T23:27:10Z,AC Ajaccio - OGC Nice (0-0) - Highlights (ACA - OGCN) - 2013/2014,17694
2013-12-05T23:00:01Z,OGC Nice - AS Monaco FC (0-3) - 03/12/13 -  (OGCN - ASM) - Highlights,6428
2014-05-11T02:27:32Z,Evian TG FC - OGC Nice (2-0) - Highlights - 10/05/14 - (ETG-OGCN),1679
2013-08-11T22:00:21Z,Olympique Lyonnais - OGC Nice (4-0) - Highlights (OL - OGCN) - 2013/2014,26721
2013-09-01T22:47:37Z,Goal Souleymane CAMARA (34&#39;) - OGC Nice - Montpellier Hérault SC (2-2) - 2013/2014,217
2014-05-07T21:45:29Z,Romain Genevois Aiglon d&#39;avril 2014,926
2013-11-13T18:31:05Z,Paris Saint-Germain (PSG) vs OGC Nice (3-1) - supporters chant - 9 novembre 2013,6469
