publish_date,title,view_count
2014-01-17T14:00:45Z,Bacuna &amp; Sylla get involved in Villa Vitality project,1938
2013-12-16T10:33:28Z,Aston Villa players attend junior fans&#39; Xmas party,3118
2013-12-02T11:19:53Z,Players at Xmas party plus Southampton and Fulham visits on AVTV this week,713
2013-11-11T12:58:58Z,Armed forces honoured at Villa v Cardiff match,1432
2013-09-22T22:00:07Z,Goal Issiaga SYLLA (75&#39;) - AS Saint-Etienne - Toulouse FC (1-2) - 2013/2014,955
2014-07-07T15:05:28Z,Villa players return to training at Bodymoor Heath,4957
2014-03-10T13:09:02Z,West Bromwich Albion youngsters score three brilliant goals against Aston Villa,10030
2014-03-25T10:30:16Z,Lucky competition winner claims dream prize,2751
2014-03-30T22:00:01Z,But Issiaga SYLLA (37&#39;) - AC Ajaccio-Toulouse FC (2-2) - 29/03/14 - (ACA-TFC),1414
2013-11-18T13:28:10Z,Highlights of Villa&#39;s open training session at Villa Park,3862
2014-06-17T13:09:13Z,Villa ladies: Olivia Fergusson interview,3017
2014-06-17T12:02:44Z,Jed Steer&#39;s Birmingham library visit,411
2013-12-15T23:00:02Z,But Tongo Hamed DOUMBIA (55&#39;) - Girondins de Bordeaux-Valenciennes FC (2-1) - 15/12/13 (FCGB-VAFC),2426
2014-01-07T04:15:54Z,Aston Villa Academy Training,9003
2014-02-13T15:59:36Z,Gary Gardner&#39;s first SWFC training session | Aston Villa loan midfielder joins Wednesday.,4625
2013-11-07T15:28:54Z,"Kozak, Tonev and Westwood star in Cardiff pre-match show",2899
2014-03-14T09:25:33Z,"Benteke, Bertrand and analysis from Froggatt on Chelsea show",765
2013-11-30T22:09:41Z,Merci Kanouté I Thanks Kanouté I Gracias Kanouté I,9792
2014-06-18T09:18:53Z,"Mali: le foot, les yeux fermés",4484
2014-01-07T01:51:01Z,Luke Walker - Academy Sport Scientist at Aston Villa Football Club,1577
2014-03-10T14:17:48Z,▒ Birama Touré : Nouvel Aigle du Mali ▒,26640
2014-01-02T04:41:01Z,- Mahamane Traoré - Mali - OGC Nice - FC Metz -,4435
2013-12-28T02:11:16Z,~ Bande-annonce 2014 ~ dabofase vidéos aigles du mali ~,1476
2013-11-14T19:57:54Z,Dernier entraînement des Aigles avant le départ pour Yaoundé,1594
2013-09-05T15:57:07Z,Bakaye Traore - Kayseri Erciyesspor&#39;da,1225
2014-05-31T09:21:16Z,"Henryk Kasperczak (coach des Aigles), avant le match amical Croatie - Mali",1908
2014-03-11T22:13:04Z,Isma Pepite Malienne,1054
2014-03-09T22:00:32Z,▒ Bakary Sako : Nouvel Aigle du Mali ▒,23494
2014-03-05T11:21:44Z,Bizutage chez les AIgles du Mali birama toure,11468
2013-10-27T13:34:01Z,Amadou Pathe Diallo fustige les maux du football malien et fait le bilan du match Corée du Sud-Mali,1592
