published-time,comment,likes
2014-04-09T17:05:55Z,Lens en ligue 1 !!!,0
2014-04-08T14:49:35Z,"Ljuboja (sais plus comment sa secri)
Gros FAIL",0
2014-04-06T10:07:19Z,Va falloir se battre jusqu'au bout alors ! Allez Lens !,1
2014-04-06T08:19:06Z,"11 tirs, 3 cadrés... que c'est peu!
Ça se rapproche derrière, il faut gagner contre Niort la semaine pro, Allez Lens!
Bravo à Caen, très beau match ;)",7
2014-04-05T22:22:23Z,J'y étais également et ça fait vraiment plaisir de revoir d'Ornano vibré comme dans les années ligue 1 ! Merci Malherbe,7
2014-04-05T22:08:38Z,"1:43 L'arbitre laisse l'avantage vu que le ballon reste Lensois et que le joueur se retrouve seul , malheureusement celui-ci ne trouvera pas le but vraiment dommage , je préfère précisé avent que certain cris au scandale .",1
2014-04-05T22:03:24Z,J'y étais super ambiance et un match digne d'un niveau de ligue 1 franchement un super match !,7
2013-11-15T14:55:49Z,Ouais,0
2013-11-12T18:37:03Z,pas mal,1
2013-11-12T16:23:38Z,Mais quel but de Kantari :D Aller LENS <3 ,3
2013-11-12T13:15:38Z,#Ligue2 - Retrouvez le résumé du match de clôture de la 14e journée Opposant le Chamois Niortais FC au RC Lens !,6
2013-11-12T11:16:14Z,LENS ♥,2
2013-11-12T11:08:22Z,Sala :bave:,1
2014-01-15T19:33:30Z,Ouaaiiiiiis :),1
2014-01-04T19:05:35Z,Je suis d'accord avec toi !,0
2013-11-11T10:50:14Z,"Supporters Lensois, votez ici pour votre joueur Lensois préféré :D
http://www.pixule.com/215995195520_quel-est-votre-joueur-prefere-lens.html",0
2013-10-23T21:50:05Z,"Un vrai public comme il en est rare en France, qui en a marre de voir ses stades rempilent par des footix au parc des princes par exemple",0
2013-10-09T08:53:54Z,"Un match digne de Ligue 1 ! je souhaite la promotion pour ces 2 clubs. Allez Metz, et respect pour Lens : )",0
2013-10-06T13:28:12Z,"Metz et Lens en ligue 1 !! 
FC METZ <3",0
2013-10-04T07:37:49Z,Je dis pareil de Lens qui est ma 2e équipe préférée de Ligue 2 après Metz. Bravo à vous et à tous vos joueurs !!,1
2013-10-02T21:03:29Z,"La tête du 24 messin, je la voyais au fond des filets ! Bravo aux deux équipes ! (A part ""Metz - Nancy"",perso, ""Metz - Lens"" sera la plus belle rencontre de Ligue 2. Vivement la rencontre à Saint-Symphorien !!!)
ALLEZ METZ !!!!!!!!!!",1
2013-10-02T14:16:52Z,Lens est la meilleur équipe de ligue 2 mais pire défense,1
2013-10-02T14:15:54Z,Le résumé de la rencontre prolifique entre le RC Lens et le FC Metz !,3
2013-10-01T20:34:36Z,"oh la chatte!!! 
mais bn très beau match!",1
2013-10-01T18:36:26Z,Bravo les messins pour cet état d'esprit irréprochable <3,0
2013-10-01T17:54:07Z,"LENS FANS !! <3 
Meilleur public de France !!",1
2013-10-01T15:46:38Z,Très beau match ! J'y étais ! Je suis supporters de Lens mais bravo a Metz car c'étais un beau match et ses un des club que je respecte le plus car ils sont une des plus fair-play ,1
2013-10-01T12:38:26Z,pourquoi vs ne mettez pas de coms sur les metchs du lundi ?,0
2014-03-26T19:14:24Z,Les supporters des croix de Savoie veulent monter a bonnal pour découvrir votre stade ! Revenez en l1 svp :) ,0
2014-03-24T10:05:59Z,J'ai hâte de vous revoir en L1 les sangs et Or !!!!! ( 1 supporter Lyonnais ),0
2014-03-23T12:56:55Z,Libojia kombouare le garde pour Monaco !,0
2014-03-23T11:32:53Z,Aller Lens ! :D,2
2014-03-23T09:20:12Z,"Coulibaly n'a rien apporté sur ce match, pas compris pourquoi le coach l'a laissé sur le terrain en lieu et place de Ljuboja qui revient en forme... ",0
2014-03-23T08:50:05Z,On moins on a eté capable de revenir 3x au score ! Allez Lens !,2
2014-03-23T08:40:44Z,On croit au maintien aller no !!!!,1
2014-03-23T06:16:41Z,On y croit la monté !! Allez RCL,2
2014-01-17T21:09:27Z,brest aurrait pus win facile ! ALLEZ LE SCO !!!,0
2014-01-14T21:41:22Z,LENS FANS !! <3,1
2014-01-14T18:27:17Z,Je pense que dijon lens va etre serre,0
2014-01-14T17:28:38Z,ouais.... c'est encore tiré par les cheveux tout ça... merci à Touzghar et à Aréola... contre DIJON il faudra nous montrer autre chose et ne pas miser que sur la chance pour rester sur le podium.,0
2014-01-14T17:00:07Z,"Ouhlala Lens a eu très très chaud! Heureusement que Brest n'arrive pas à marquer, ils ont plusieurs occasions d'égaliser ou de gagner ce match ^^'",1
2014-01-14T16:22:01Z,Ya un problème de finition a brest apparement...,0
2014-01-14T11:26:01Z,#Ligue2 - Revivez les meilleurs moments de Stade Brestois 29 - RC Lens (0-1) en vidéo !,3
2014-03-25T06:50:27Z,Jules Dujardin tu te trompe car on vous la remet au match a lens et en+ on vous depasse largement au podium ! :),0
2014-03-25T06:48:57Z,Maintenant Lens 2eme Et le havre 11 eme bonne chance a bollaert pour la vengeance et ce n'est pas l'equipe du havre qui etait forte mais celle de lens qui a etait mauvaise defensivement + un goal nul qui n'a rien a faire titulaire :) En gros osef de ce match mis a part que c moche pour nous sauf que pas besoin de mettre 6-2 pour etre sur le podium la preuve :D,0
2014-01-29T13:45:46Z,"Bien joué le Havre
( mais je ne suis pas pour vous)",0
2013-10-04T08:00:34Z,aller le hac 6 2 vs au premier la onte,0
2013-09-20T08:06:53Z,avec l'argent tout est magouille L1 12 ect.......,0
2013-09-16T16:23:33Z,"Allez le HAC !!!!!
",2
2013-09-16T15:29:39Z,"tu m'étonne
",0
2013-09-16T15:07:17Z,allez le hac lalalalala lalalalala,1
2013-09-15T21:01:07Z,"C'est pas parce que ton ""Aréola"" et ""Yahia"" qui sont pas la  que vous aurai gagner !  j'y éte et sa aurai rien changé, Le Hac dominé toute la rencontre ! ",0
2013-09-15T17:13:49Z,On vois quand Areola et Yahia ne sont pas là !,1
2013-09-15T12:49:47Z,On reste 1er façon :),0
2013-09-15T10:57:22Z,C'est une Humiliation la ! Mais bon c'est comme ça :D,0
2013-09-15T10:52:03Z,"J'aime pas ce commentateur, celui de la dernière fois était mieux",0
2013-09-15T10:32:22Z,ééénorm lens a pris cher :/,0
2013-09-15T10:28:29Z,"Superbe victoire de nos chère Havrais ! Sauf, la petite dispute avec Zacharie Boucher et l'attaquant Lensois (Un gros rageur) Bravo Le Havre, ont continue à enchaîner pour enfin, monté en ligue 1 ! Ont y crois 3",1
2013-09-15T10:22:03Z,"Superbe but de BENJAMIN Bonnet ! ahah
",0
2013-09-15T08:40:01Z,"Riou: 10 buts en 2 matchs, c'est chaud...",0
2013-09-15T08:25:51Z,"Au moins ils ont vu du spectacle ;) 
",0
2013-09-15T07:25:04Z,Angers 1er,0
2013-09-14T23:03:15Z,Une pensée pour les 2.000 lensois qui ont fait 600km aller-retour pour voir ça.,1
2014-04-15T08:11:39Z,"Bravo au racing et à leur public.
Dommage pour Niort, la marche est un peu trop haute cette année, ALLEZ CHAMOIS!",0
2014-04-13T19:59:13Z,Aller le losc l'anner prochaine enfin un derby marant !!,0
2014-04-13T09:20:00Z,"Quelle ambiance !
6 points d'avance sur le 4ème, faut pas lacher maintenant ! Allez Lens !",5
2014-05-24T06:49:29Z,"Notre chaîne commence ds 2 semaines 
",0
2014-05-13T18:02:45Z,Aller tours fc,1
2014-05-12T13:15:44Z,#Ligue2 - Revivez les meilleurs moments de RC Lens - Stade Brestois 29 (0-1) en vidéo.,6
2014-05-11T23:48:17Z,Allez Brest !,7
2014-05-11T20:22:25Z,"Penalty non valable et envahissement de guignol, fête gâche!",0
2014-05-11T13:34:31Z,Ahah top bon mdrr j'aime sa,1
2014-05-11T12:59:51Z,C'est dommage tout ces gens qui seront déçus de ne pas monter :/ !,2
2014-05-11T08:57:49Z,2.21 peno,0
2014-05-11T08:53:32Z,c'etait des footix et des parisiens,0
2014-03-19T12:20:36Z,Merci ! Comme ça Metz est meilleur défense ! ;),2
2014-03-19T10:04:24Z,Hâte de vous revoir en L1,4
2014-03-19T09:02:07Z,Allez angers ,0
2014-03-18T18:47:50Z,Très belle victoire mais on est suivi de très près ,1
2014-03-18T17:35:59Z,Grosse opération au classement ! Bientôt la Ligue 1 !,3
2014-03-18T12:52:07Z,#Ligue2 - Revivez les meilleurs moments de RC Lens - AC Arles Avignon (3-0) en vidéo !,6
2014-03-18T12:47:55Z,Très belle victoire sang et or... Mention spéciale à Ljuboya qui a du faire fermer la bouche de tous les médisants... ,2
2014-03-18T12:17:06Z,2 buts chanceux + 1 but hors-jeu de lluboja pour une victoire peu reluisante.,1
2014-03-18T11:45:29Z,Allez Lens ! Un retour en L1 serait magnifique !,1
2014-05-02T21:41:22Z,Allez lens,0
2014-02-19T18:09:11Z,"franchement on a été nul sur ce match on méritait de perdre, on a quand meme de la chance. ALLEZ LENS !",0
2014-02-18T17:37:41Z,lens on vous chie dessu de la part des dijonai,1
2014-02-18T17:31:51Z,<----- Abonnez vous svp :),0
2014-02-18T16:45:52Z,je voulais que le havre gagne ou face le match nul d'un supporter de nacy,1
2014-02-18T11:16:54Z,#Ligue2 - Retrouvez le résumé du match de clôture de la 24e journée : RC Lens / Havre AC !,4
2013-11-29T08:12:13Z,"Chateauroux
",1
2013-11-24T08:01:04Z,C'est beau que ce club qui a un passé footballistique tellement important puisse enfin jouer sa carte pour retrouver l'élite du foot français ! :),9
2014-04-22T21:54:37Z,"Y'a un Kop a chatereoux ?

Vu les tribunes, ca pourrais ressembler a un futur Chaudron, c'est dommage...",2
2014-04-01T20:37:20Z,"Clermont, l'an prochain si vous faites le même match qu'hier, en marquant, vous allez en Ligue 1 c'est obligé! J'ai la sensation que Brouard vous mènera loin !",1
2014-04-01T17:35:17Z,dominer n'est pas gagner,1
2014-04-01T16:15:08Z,super sauvetage du défenseur a 3:11,1
2014-04-01T10:49:11Z,on merite largement de gagné !,1
2014-04-01T10:37:02Z,#Ligue2 - 30e journée - Revivez les meilleurs moments de RC Lens - Clermont Foot (1-1) en vidéo !,10
2014-01-20T22:49:20Z,"Franchement le rouge direct est très sévère et même injustifié surtout si il a déjà un jaune autant lui en remettre un et le résultat est le même. Et le premier but de Lens est bien Hors jeu mais si on regarde bien l'arbitre de touche est totalement à la ramasse, beaucoup trop loin de l'action",1
2014-01-20T17:40:39Z,"Au moins on a su réagir !
La saison passée, ça aurait fini en correction, donc c'est un bon point vu le début de match !
Allez Lens",0
2014-01-20T10:28:45Z,"#Ligue2 - 20e journée - En attendant le match de clôture de la 20e journée FC Metz / US Créteil ce soir à 20h30 sur Eurosport, retrouvez tous les buts des matchs de vendredi et samedi grâce à notre playlist sur la chaîne officielle YouTube !",1
2014-01-19T20:48:04Z,Tout ce que Dijon c faire c de la moutarde,3
2014-01-19T20:45:27Z,Allez lens,0
2014-01-19T13:04:17Z,Allez dijon !,1
2014-01-19T09:42:14Z,Domage quils ne passent pas le penalty non siffler sur Coulibaly a la 90 ème !! ,1
2014-01-19T09:38:11Z,l'arbitre est bigleu sur le 1er but de lens il y avait hors jeux . aller dijon ,0
2014-03-11T22:05:32Z,C'est quoi ces commentaires moisis ?....,0
2014-03-11T13:38:50Z,Commentateur de merde ! ,0
2014-03-10T16:40:19Z,Allez Metz <3 ,1
2014-03-10T14:41:22Z,"il y avait des suporters messins ?mdrrrrr  
venez a Lens ,la vous verrez des suporters!!!!!!!!!",0
2014-03-10T02:22:08Z,Le commentateur est pourri mais il remplace Romain Grimault qui est parti sur canal+ ,0
2014-03-09T20:45:48Z,"Allez lensois !! Metz n'avait vrément aucun respect lors de ce match, ils ont eu ce qu'ils méritaient !",2
2014-03-09T20:43:04Z,Lens seul équipe qui est fiers de ses supporters,1
2014-03-09T20:20:19Z,"Ça deviens monnaie courante les buts ""hors jeux "" refusé contre Metz ;) ",0
2014-03-09T17:13:50Z,"C'est dommage, j'avais beaucoup de respect pour le FC Metz et ses supporters avant. Mais avec les évènements de cette semaine (interdiction de déplacement pour la plupart des supporters lensois parce qu'ils sont ""dangereux"" puis arrêté préfectoral qui confirme cette interdiction) j'avoue que j'ai été assez déçu. Puis il y a le match, où les supporters messins se foutent réellement de nous en se montrant assez cons pour balancer des projectiles pendant les actions lensoises. C'est là qu'on voit qui sont vraiment les supporters dangereux. Pathétique.

En tout cas, chapeau à nos joueurs qui ont su nous venger sur le terrain grâce à cette nouvelle victoire contre Metz (décidément...) et qui ont eu la classe de nous adresser un gentil message via leur maillot.

Je n'aime pas faire des généralités, mais bref, les Messins ont cherché la merde (petit rappel, ce sont eux à l'origine des incidents du match aller) et on leur à répondu de la plus belle des manières : une victoire chez eux !

MERCI LENSOIS !",3
2014-03-09T14:41:22Z,Je ne suis supporter de aucun des deux club mais Metz a sembler plus séduisant dans les actions que Lens dangereux uniquement sur coup de pied arrêter enfin c'est ce que semble montrée le résumé ,1
2014-03-09T14:30:07Z,Ce commentateur fais vraiment chié ça gâche tt sérieux,0
2014-03-09T11:05:20Z,Ici c'est Metz !! Malgré la défaite on est tjrs premier !!! C'est pas pour rien que les lensois sont derrière nous !!! METZ LEADEEEER !!!,1
2014-03-09T10:36:21Z,un match tres agreable et tres serieux de la part du groupe lensois...,0
2014-03-09T08:52:39Z,Bon Metz lens en L1.,2
2014-03-09T08:07:26Z,grave,0
2014-03-09T07:09:12Z,merde FC METZ on perdu! les commentateur bof mais un peut nul,0
2014-03-09T07:07:31Z,Dommage que la Ligue 2 ne face pas de résumé video pour chaque journée comme la Ligue 1 et le championnat National,0
2014-03-09T00:58:30Z,commentateur tout pourri :/,12
2014-02-10T00:19:29Z,"On a été plus fort sur ce match c'est tout pas la peine de polémiquer, le règlement est très clair, c'est l'arbitre qui doit arrêter le jeu. Je vous suis vraiment déçu de la part du public lensois, je les voyais pas comme ça avant, j'espère que ça n'est qu'une minorité, enfin bref allez l'ESTAC ! ",2
2014-02-09T13:50:22Z,"Ça ce joue pas juste sur le coup franc, on a eté mauvais sur la match entier, voilà tout !

Faut se reprendre dès le prochain match ! Allez Lens !",1
2014-02-09T11:54:45Z,Riou va prendre combien de match ?,0
2014-02-09T10:34:30Z,"Ça ne sert à rien de rager, nous n'avons pas été bon c'est tout!",1
2014-02-09T00:17:14Z,Les lensois:venez pas parler d'arbitrage! Vous avez deja le calendrier le plus avantageux de l2 et ce fait de jeu lors du coup franc victorieux a ete le meme que contre laval(en defaveur de troyes) et les troyens n'ont jamais gueulé! ,1
2014-02-03T11:56:07Z,"ne rien lâcher et gagner profitons de cet atout cher a l équipe ce magnifique douzième homme.
Bordel c est Lens ! Notre place est en ligue 1
",0
2014-02-03T11:12:53Z,"Faut arrêter, Lens fait un match moyen certes, il y avait du gachis techniquement et de mauvaises passes. Un milieu très défensif et un lien manquant avec les attaquants mais les occasions sont là, avec un peu plus de réussite et un gardien moins bon en face, nous empochions les 03 points.",0
2014-02-03T00:01:01Z,dommage pour laval qui aurai mérité de s'imposer et encore bravo a cappone pour sa belle prestation,0
2014-02-02T13:06:46Z,"on laisse beaucoup trop de points à nos adversaires... à force de jouer avec un sentiment de supériorité, on va finir par avoir une grosse déconvenue à la fin du championnat... derrière ça pousse fort et on est loin d'être à l'abri !!! il faut impérativement gagner à Troyes la semaine prochaine...",2
2014-02-02T08:58:56Z,"Occasion manquée de prendre la tête, mais surtout de creuser l'écart au classement !",1
2014-02-25T17:04:44Z,Bravo lens,2
2014-02-25T16:22:51Z,"lesage et ndoye magnifique, c'était un beau match, meme si on a rien vu les 20premiere min, greve oblige, big up aux lensois qui sont venu malgrés un lundi soir remplir cette tribune toujours fermée ^^ j'ai trouvé le spectacle au rdv dans les 2 camps",3
2014-02-25T13:35:59Z,"Dommage pour Créteil. Sinon GG aux Lensois, c'est bien parti pour la montée.",3
2014-02-25T11:07:03Z,"1 passe D et un but, Ljuboja a fait taire les critiques ! Allez Lens !",1
2014-05-19T12:42:55Z,#Ligue2 - Retrouvez les résumés des matchs de la 38e journée sur la chaîne officielle Youtube ! http://bit.ly/1p5NBps,3
2014-05-19T10:27:33Z,Allez lens on est en ligue 1 on est en ligue 1 on est on est on et en ligue 1,2
2014-05-18T09:09:50Z,on est en ligue 1 <3 lens,3
2014-05-18T08:03:43Z,Pour une fois qu'il y a un peu d'ambiance dans le match du CA Bastia a domicile,6
2014-05-05T08:46:19Z,Nan mais sérieux Angers c'est pas un club ,0
2014-05-04T10:10:20Z,allez lens!,2
2014-05-04T10:10:04Z,moi je vois pas tres bien si il est hors jeu le but de touzgart,0
2014-05-04T09:23:11Z,Dommage de gâcher des points facile à prendre.,2
2014-01-09T16:43:51Z,Angers 1 2 lens tg avec angers,0
2013-11-11T10:49:53Z,"Supporters Lensois, votez ici pour votre joueur Lensois préféré :D
http://www.pixule.com/215995195520_quel-est-votre-joueur-prefere-lens.html",0
2013-09-05T16:27:39Z,ouais allez le sco  i ont battus brest et faut continuer!,0
2013-09-04T11:43:44Z,Lens >>>>>>>>>,0
2013-09-01T22:05:02Z,Allez ANGERS 3,0
2013-09-01T11:20:25Z,0:11 cyprien joue au foot,0
2013-09-01T10:41:20Z,"Il est bon je trouve ce commentateur! 
Lens <3",0
2013-09-01T00:58:17Z,"Vendredi 13 décembre 2013

le match de l'année je serait la ",0
2013-09-01T00:05:12Z,LENS FANS ! <3,0
2013-08-31T23:14:48Z,Vive lens 3,0
2013-08-31T22:17:24Z,c'est Lens ! :),0
2013-08-31T22:06:56Z,Plus de 30 000 supporters. C'est juste magnifique <3,0
2013-09-16T08:40:59Z,Stade Malherbe de Caen !!,0
2013-09-11T21:43:12Z,L'OL !!! :D,0
2013-09-07T23:11:28Z,Dans ma ville un pur régal ce match,0
2013-09-06T20:22:26Z,"lol pas faux, gros craquage ! ;) Autant pour moi.",0
2013-09-06T17:28:52Z,"ferri et benzia (lyonnais) et martial (ancien lyonnais) sont buteurs.
allez l' ol !!!",0
2013-09-06T17:26:38Z,il est kazakh c'est les A qui jouent contre la géorgie.   :),0
2013-09-06T13:25:42Z,"Wouaah, le gardien géorgien avait pas l'air bien en forme ! ^^",0
2013-09-06T11:50:51Z,"N'tep^^
",0
2013-09-06T07:10:02Z,tous les buts sont des belles séquences de jeu !,0
2013-09-06T02:45:42Z,First,0
2013-08-05T18:50:39Z,Ne lâchez rien les gars ; Bon 1er match avec une équipe de BASTIA pas facile à manoeuvrer (mais personne ne fera de cadeaux à LENS)...Le travail va payer ; Continuez et battez vous...Bon coaching !!!,0
2013-08-05T14:08:08Z,"Bravo au staff, aux joueurs et au public, évidemment. C'est que le début ! En route pour la ligue 1 !
",0
2013-08-05T13:11:08Z,C'est un bon début! Vivement la suite!! ;),0
2013-08-05T10:49:16Z,"bravo aux joueurs qui ont joué sans retenue pour l'amour du maillot et du public.
les chants, les echarpes ont fait vibrer Bollaert!!!
vécu du Var sur EuroSport, je reste un Chti, fervent supporter",0
2013-08-05T05:45:47Z,Ça fait plaisir de revoir un beau lens continuez et remplissez de nouveau le stade bollaert,0
2013-08-05T03:34:08Z,"enfin ca fait tres plaisir ,et ce public formidable merci!!!!!!!!!!!
",0
2013-08-05T01:58:20Z,Merci pour ce beau match ! Les recrues ont étaient excellentes continuez comme ça :) <3,0
2013-08-05T01:30:36Z,"Bravo les gars,on a vu vraiment de bonnes choses pour un premier match.
Franchement j'ai été agréablement surpris par nos recrues Ljuboja et Chavarria",0
2013-08-11T19:23:14Z,Dfco objectif ligue 1 !!,0
2013-08-11T09:10:28Z,Rc lens,0
2013-08-10T23:44:04Z,"Dommage, Lens a gaché beaucoup d'occasions en 2nd mi-temps.",0
2013-08-10T23:22:50Z,allez dijon !,0
2013-08-30T01:56:19Z,Il prend trop la grosse tête,0
2013-08-28T21:04:33Z,"Landre qui dit qu'il a tout donné...ça me fait mal d'entendre ça...Toujours pas convaincu qu'il aura le talent qu'on lui prédit. De meme pour Sally, franchement il bouffe la feuille de match en première mi-temps ! Après on le savait on joue avec l'équipe B ... fallait pas s'attendre à grand chose :( Aller hop direction championnat, avec l'Equipe.",0
2013-08-28T20:38:12Z,"C'est pas grave la défaite , ça devait arriver , le plus important est de rebondir vendredi en championnat.",0
2013-08-28T20:34:32Z,OSEF RIOU!!,0
2013-08-28T15:07:29Z,"/!\ ALERTES AUX FOOTIX : Une vague de jeunes ""supporters"" lensois risque d'arriver, et d'insulter les joueurs!

Bougez..sortez.. mais ne commentez pas !",0
2013-08-28T10:25:12Z,On parle de l'arbitre ou pas ?,0
2013-08-28T07:30:02Z,il se la pète parce qu'il a une casquette ? mon pauvre... t'as le droit de pas l'aimer mais n'abuse pas,0
2013-08-27T22:53:44Z,lol landre et ducasse deux chevres sur le terrain ce soir !!! sont mieux sur le banc !,0
2013-08-27T22:34:59Z,Putain arrete de te la peter avec ta casquette et joue sur le terrain ! --',0
2014-05-20T13:08:44Z,c etai sur le poteau et non sur la barre ^^,7
2014-05-15T09:27:39Z,Allé la ligue 1 nous tend les mains va falloir poussé notre club a bastia :D,4
2014-05-10T08:08:57Z,Istres ils sont pourris,2
2014-05-10T08:08:55Z,Istres ils sont pourris,2
2014-05-08T18:17:32Z,"""Le secteur offensif est amoindri""
Lucide, ce gars.",3
2014-05-08T06:58:22Z,"Je trouve que le stade de Istres fais franchement pitié, pas d'ambiance, stade au 3\4 vides... Cela s'explique sans doute par ça proximité avec Marseille mais c'est vraiment dommage car il mérite d'être plus suivi. En espérant qu'il se maintiennent en L2.

Bravo au RCL pour ça belle victoire et j’attends avec impatience leur remontée en L1.              ",21
2014-05-07T23:16:20Z,"Le penalty est un peu gros je trouve , y'a déjà 5-0 il aurait pu rien voir . ",5
2013-12-01T09:09:20Z,Choix tactique discutable d'Antoine Kombouare en laissant sur le banc Ljuboya et Coulibaly qu'il aurait fallu mettre dès l'entame de match... Bourrigeaud est encore un peu tendre sur ce genre de match... dommage... il faut vite se ressaisir à Angers si l'on veut encore y croire car ça pousse fort derrière !!!!,1
2013-12-01T00:13:11Z,On voit pas la faute sur Chavaria dans la surface :/ !,1
2014-05-03T21:20:15Z,Paris je me fais pas d'illusion c pas notre niveau mais nancy sont des merde contre NOUS je dit bien contre metz ! ,0
2014-05-01T13:13:51Z,"Je suis pour Lens mais la faut l'avouer , Lens à eu beaucoup de chance.",0
2014-04-30T06:53:06Z,"+AtomeChannel
T con toi nancy et metz on se déteste et je comprend apres la racler que l'on vous a mit mais pk lens nous détesterai réfléchit ,il nous on battu 2 fois et le public et les joueurs s'entende bien et mm les entraineurs  dc tu racconte de véritable connerie ! Mais c pas ta faute t un nancein. ! 
«Nancy en flamme metz capitale lalala !!»  ",0
2014-04-29T09:59:31Z,"Bon courage aux lensoit pour la ligue1 mm si metz reste meilleur :-P
Et nancy rêvé pas trop vous etez mal partie pour la L1 rester en L2 on vous envera une carte postale ! 
Allez Metzzz on va finir premier ! ",0
2014-04-28T23:21:07Z,un arbitre caennais qui arbitre un match capital pour la montée c est du grand nimporte quoi,0
2014-04-28T19:09:35Z,Pas grand chose en 2 ème mi-temps mes quand meme 2 buts.Allez LENS!!!!!!!!:o,0
2014-04-28T19:06:03Z,Ya qu' une équipe en première période...,0
2014-04-28T17:13:06Z,"Deux belles equipes , Nancy est tres fort a l'exterieur et aurais merité mieux ! Nancy en L1 !",0
2014-04-27T08:27:42Z,"la defense n'y est pas mais heureusement que aréola est la
et en plus c pas un beau but celui de jeff louis",0
2014-04-27T08:25:00Z,"pourquoi être vulgaire Kentin 1-1 lens sens tir pas mal , sur se grand bravo au gardien de but lensois   autrement l’addition aurais été sévère  en 1er mi temps  ! allez nancy ;)",1
2014-04-27T08:07:35Z,"Sans un bon gardien on prend une raclée, parce que la défense était à la peine !",6
2014-04-27T00:10:06Z,la mauvaise sortie d areola ? le commentateur reflechit deux sec il ne peut pas avoir le ballon il sort pour gener  seulement  pck le moindre contact c est rouge et penalty il a tres bien fait c est la defense qui na pas suivie point,2
2013-11-29T22:45:31Z,GO AZERBAIJAN WE ARE WITH YOU,0
2014-04-03T08:42:19Z,C'est un peu con de ne pas réussir à transformer le nombre d'action que Lens à eu. Ce serait sympa que Bourigeaud travaille les frappes en dehors de la surface il aurait pu provoquer de belles frappes plusieurs fois. L'ensemble du match est assez satisfaisant,0
2014-04-02T08:20:36Z,"A la 30e journée on a 53 points et 6 points d'avance sur les 3e et 4e, je viens de regarder rapidement sur le site de la LFP, à la même journée l'année dernière c'était:
1 - Monaco 59 pts
2 - Nantes 55
3 - Guingamp 54
4 - Caen 52 
5 - Angers 51

Lens n'est clairement pas flamboyant, ce sont les autres qui perdent beaucoup de points, je suis pas du genre à être négatif envers mon équipe, mais je trouve que Kombouaré manque d'exigence avec ses joueurs, on pourrait finir la saison loin devant et détendus, mais non on se contente d'un point à domicile contre le 10e... on a de la chance que les autres se neutralisent, mais si jamais 2 équipes ont l'idée de faire une bonne série en fin de saison, on peut s'attendre à stresser un peu...",0
2014-04-01T19:02:01Z,vraiment dommage qu on a pas gagner,0
2014-04-01T15:26:09Z,"Oué, c'est triste mais il ne faut pas non plus blâmer les joueurs après ce nul. N'oublions pas que nous sommes second, c'est très bien et cette équipe a déjà montré de très belles choses cette saison, il faut la soutenir jusqu'au bout, on va y arriver !!!",0
2014-04-01T14:55:58Z,"une défense en carton... vraiment rageant ce nul... avec plus de sérieux ce match aurait pu être gagné et creuser un gros écart avec les poursuivants... surtout qu'il reste au moins trois gros matchs (Caen, Nancy et Angers) et cela ne va pas être simple !!! attention à la sortie de route dans le dernier virage les gars...",0
2014-03-16T13:17:53Z,il faut a tout pris les 3 points on mettra a distance Niort a 7 point et Anger a 5 point ALLEZ LENS ,1
2014-01-14T15:02:15Z,"Faut tout massacrer, t'as raison Loïck, c'est comme ça que notre club pourra retrouver la L1 et put*** que ce serait bon !! :-)",0
2014-01-14T08:47:37Z,"terrain pourri , un beau but de yoyo et un bloc solide en défense ! 3 points c est ce qu on recherche tout le temps ;-)
allez lens!!",0
2014-03-28T10:12:20Z,"c'était évident avant même de rentrer sur la pelouse au vu de la compo des équipes... nous sans la charnière centrale et un milieu de terrain allégé, et pour Monaco Berbatov... Pas grave, ce n'était pas notre objectif et on a pourtant pu aller très loin dans la compétition, donc sortis mais avec les honneurs face à un monstre qui va en taper d'autres et même au niveau européen.",0
2014-03-27T11:49:42Z,On c'est pris une belle' tolle mais bon l'objectif c la ligue 1,0
2014-04-22T21:03:45Z,Avec toutes les occaz que lens a eu et si ils les auraient mise sa aurait plus faire au moin 6-2 ,3
2013-10-19T10:28:44Z,--',0
2013-10-19T10:26:28Z,Bravo caen !!!,0
2013-10-06T20:14:50Z,First mdrr :p,0
2014-04-14T17:51:50Z,"vraiment pas mal que vous filmiez le coeur de bollaert !
Comme ça c'est super ! RCLensOfficiel ",0
2014-04-13T15:26:02Z,ALLER LENS 2-0,0
2014-04-13T12:19:30Z,il ya sa dans telefoot,0
2014-04-13T12:18:51Z,gg,0
2014-04-13T12:13:45Z,"c'est magnifique, avec le clapping et les joueurs qui lancent le ""allez, allez, ohoh"", je me le passe en boucle et en ai des larmes !! c'est magique !!",0
2014-04-13T11:40:56Z,LENS !!!!!!!!!!!!!!!!!!!!!!!!!!!!!,0
2014-04-13T07:05:56Z,Gg les lensois !! Bravo la c la remontée en L1 c sur,0
2014-05-03T02:52:42Z,"Bollaert mettra le feux demain, victoire obligatoire. Pronostique : 2a0 pr le racine",0
2013-11-28T18:33:45Z,"Des joueurs dispos pour les supporters, ça c'est bien !",0
2013-11-28T15:24:38Z,sa c'est lens des vrais supporter ,1
2014-04-13T14:20:35Z,"A cet âge la , on ne peut que respecter le joueur.",1
2014-04-11T15:14:41Z,joueur très irrégullier très bonne prestation comme très mauvaise prestation,0
2014-04-11T09:38:50Z,Allez Lens!!!,0
2014-04-11T11:25:17Z,sympa ces vidéos individualisés ... a faire pour le reste de l équipe et a poursuivre pour les nouvelles recrues :-p,0
2014-04-09T15:39:08Z,"Sympa ces petites vidéos, c'est bien d'en apprendre un peu plus sur la progression de nos joueurs, d'où ils viennent etc... :)",0
