publish_date,title,view_count
2014-04-18T09:39:23Z,Une minute avec... Loïck Landre,4554
2014-04-05T22:00:01Z,SM Caen - RC Lens (1-0) - 05/04/14 - (SMC-RCL) - Résumé,18084
2013-11-12T11:00:02Z,Chamois Niortais - RC Lens (2-2) - Le résumé (NIORT - RCL) - 2013/2014,20160
2013-10-01T10:00:01Z,RC Lens - FC Metz (3-2) - Le résumé (RCL - FCM) - 2013/2014,42212
2014-03-22T23:00:01Z,Nîmes Olympique - RC Lens (3-3) - 22/03/14 - (NIMES-RCL) - Résumé,14383
2014-01-14T11:00:01Z,Stade Brestois 29 - RC Lens (0-1) - 13/01/14 - (SB29-RCL) -Résumé,6434
2013-09-14T22:00:04Z,Havre AC - RC Lens (6-2) - Le résumé (HAC - RCL) - 2013/2014,52473
2014-04-12T22:00:01Z,RC Lens - Chamois Niortais (2-0) - 12/04/14 - (RCL-NIORT) - Résumé,36377
2014-05-10T22:00:01Z,RC Lens - Stade Brestois 29 (0-1) - Résumé - 09/05/14 - (RCL-SB29),27222
2014-03-18T11:00:03Z,RC Lens - AC Arles Avignon (3-0) - 17/03/14 - (RCL-ACA) - Résumé,33685
2014-02-18T11:00:02Z,RC Lens - Havre AC (1-1) - 17/02/14 - (RCL-HAC) - Résumé,9224
2013-11-23T23:00:00Z,RC Lens - Châteauroux (2-0) - Le résumé (RCL - LBC) - 2013/2014,15724
2014-04-22T10:00:01Z,Châteauroux - RC Lens (1-1) - 21/04/14 - (LBC-RCL) - Résumé,9088
2014-04-01T10:00:02Z,RC Lens - Clermont Foot (1-1) - 31/03/14 - (RCL-CF63) - Résumé,8020
2014-01-18T23:00:04Z,RC Lens - Dijon FCO (2-2) - 18/01/14 - (RCL-DFCO) -Résumé,15559
2014-03-08T23:14:45Z,FC Metz - RC Lens (0-1) - 08/03/14 - (FCM-RCL) - Résumé,21692
2014-02-08T23:00:02Z,ESTAC Troyes - RC Lens (1-0) - 08/02/14 - (ESTAC-RCL) -Résumé,8465
2014-02-01T23:00:02Z,RC Lens - Stade Lavallois (0-0) - 01/02/14 - (RCL-LAVAL) -Résumé,4670
2014-07-08T20:44:54Z,Les réactions après Boulogne - Lens en amical,3606
2014-02-25T11:00:02Z,US Créteil - RC Lens (2-3) - 24/02/14 - (USCL-RCL) -Résumé,10104
2014-05-17T22:00:01Z,CA Bastia - RC Lens (0-2) - Résumé - 16/05/14 - (CAB-RCL),19235
2014-05-03T22:00:03Z,RC Lens - Angers SCO (0-0) - 03/05/14 - (RCL-SCO) - Résumé,9379
2013-08-31T22:00:10Z,RC Lens - ESTAC Troyes (1-0) - Le résumé (RCL - ESTAC) - 2013/2014,14828
2013-09-06T02:34:59Z,France - Kazakhstan Espoirs 2013 : 5-0,26588
2013-08-05T01:14:15Z,Les réactions lensoises après Lens - Bastia,11451
2013-08-10T22:00:11Z,Dijon FCO - RC Lens (1-1) - Le résumé (DFCO - RCL) - 2013/2014,13121
2013-08-27T22:31:38Z,Les réactions lensoises après Lens - Créteil en coupe de la Ligue,4736
2014-05-07T22:00:01Z,FC Istres - RC Lens (1-6) - Résumé - 06/05/14 - (FCIOP-RCL),64116
2013-11-30T23:00:01Z,AS Nancy-Lorraine - RC Lens (1-0) - 30/11/13 - (ASNL - RCL) - Résumé,11544
2014-04-26T22:00:02Z,RC Lens - AS Nancy-Lorraine (1-1) - 25/04/14 - (RCL-ASNL) - Résumé,12064
2014-01-20T18:32:42Z,Le point presse avant Bastia en Coupe de France,3462
2013-11-29T14:19:02Z,La conférence de presse avant Nancy - Lens,4983
2013-08-07T04:23:31Z,Lucas Moura - Dribbling and Assists - [2013] - ♫ OchoCinco ♫ 1080p,1074
2014-03-31T22:46:47Z,Les réactions après Clermont - Lens,3882
2014-03-15T13:21:33Z,Le point presse avant Lens - Arles/Avignon,4237
2014-01-08T18:24:41Z,Nesle - RC Lens (1-4) Match de Coupe de France (8eme tour) saison 2013/2014,180
2014-01-14T01:57:25Z,Les réactions lensoises après Brest - Lens,6977
2014-03-27T02:41:59Z,Les réactions lensoises après Monaco - Lens,6124
2013-11-16T16:10:56Z,Nimes - Montpellier (2008-2009),705
2014-04-15T12:47:19Z,Abonnez-vous !,24421
2014-04-22T19:48:12Z,Le résumé de Châteauroux - Lens,4970
2013-10-06T20:11:05Z,Nîmes Olympique - SM Caen (2-1) - Le résumé (NIMES - SMC) - 2013/2014,3712
2014-04-12T21:23:24Z,Lens - Niort,5446
2014-05-02T14:44:20Z,La conférence de presse avant Angers,3659
2013-11-28T14:45:32Z,Les joueurs lensois en séance de dédicaces,5217
2014-04-09T16:56:54Z,Nîmes   Nancy 04 03 2014,103
2014-04-11T08:02:53Z,Une minute avec... Danijel Ljuboja,8435
2014-04-22T02:12:42Z,Les réactions lensoises après Châteauroux - Lens (1-1),3965
2014-04-09T13:31:06Z,1 minute avec... Alassane Touré,4249
2014-07-09T23:14:33Z,L&#39;OM déménagerait-il vers Nîmes ou Montpellier ?,463
