published-time,comment,likes
2013-11-11T01:45:31Z,An injured Zlatan? There goes soccer,1
2013-11-11T00:31:53Z,Ibrahimovic pallone d'oro!,2
2014-03-05T18:56:45Z,Paris Saint-Germain (PSG) vs OGC Nice (3-1) - supporters chant - 9 novembre 2013 ,2
2014-07-31T14:11:28Z,c pas coup franc c corner,0
2014-03-18T19:32:13Z,"La bonne epoque du haut de tableau : / En esperant la ligue pour l'année prochaine.
ALLER  NANTES",3
2014-02-14T20:06:58Z,Gapké trop fro,0
2014-02-12T11:06:40Z,Aller rennes,0
2014-02-04T19:06:21Z,aller nantes,1
2014-01-24T09:20:21Z,Superbe match,0
2014-01-19T17:29:32Z,"On montre pas le but non validé d'Eric Bauthéac sur un superbe coup franc de la ligne médiane hein ?
Je comprends mieux pourquoi il n'y aura aucun arbitre Français pour le Mondial...
Sinon, félicitations au FC Nantes qui a fait un très bon match.",0
2014-01-18T12:34:28Z,#FCN <3,1
2014-01-17T20:36:30Z,Robin van persie ferme ta gueule stp,3
2014-01-17T18:35:29Z,Ahhh et bien enfin un matchs de Nantes pas volé !J'ai pris du plaisir a voir ce matchs !Vous voyez quand vous voulez !,0
2014-01-17T16:12:53Z,gros match des deux équipes bien jouer a nantes issa nissa!,1
2014-01-16T22:18:17Z,"Pourquoi vous ragez les Niçois ? Vous avez perdu, on en reste là point. L'arbitrage, c'est l'arbitrage, il n'y a pas à contester. C'était un très beau match, surement un des plus beaux de la saison pour l'instant. Les deux équipes méritaient, mais Nantes a été plus réaliste, voilà. Et à regarder, 4 buts en 45min, c'est pas beau ça ?! Et les 4 buts sont énormes, avec une frappe de fou à 30m de Gakpe pour conclure le match. 
Vous nous avez éliminé en coupe de France, on vous élimine en coupe de la Ligue ;) 
#AllerNantes! ♥",6
2014-01-16T17:58:07Z,Qui a remarquer qu'a 1min 46 il confond un corner avec un coup franc ? ,3
2014-01-16T17:20:26Z,ils ont juste oublié de montrer l'arret de riou dans les cages...,0
2014-01-16T16:05:30Z,"Et vous qui n'êtes pas Nantais, écoutez la Loire chanter, nous sommes fières d'être Nantais, tous ensemble pour la chanter...<3 <3",0
2014-01-16T14:35:15Z,c'etait un tres beau match et bravo au nicois quand meme ! mais allez les jaunes et verts ahah,3
2014-01-16T14:18:11Z,"les nicois meritait 
et le but de beautheac y est bien !!!!!
issa nissa on prend la revanche en ligue 1 bande de fdp de nantais",1
2014-01-16T14:08:27Z,7 eme ciel 7 eme but,0
2014-01-16T12:14:56Z,"Allez Nantes ! Vous pouvez le faire face à Paris, faut tout donner et la Beaujoire sera en ébullition pour vous pousser ! <3",6
2014-01-16T09:22:27Z, #CDL - Quart de finale - Revivez les meilleurs moments de FC Nantes - OGC Nice (4-3) en vidéo.,7
2014-01-16T07:41:19Z,intense ce match !!!!,11
2014-01-16T06:31:42Z,Normalement y a pas coup franc sur le 1er but,14
2013-12-06T02:10:41Z,James Rodriguez is amazing. How consistent he is...,0
2013-12-06T00:06:48Z,Poor defender :/,0
2013-12-05T23:25:23Z,james stepping out,0
2014-03-05T18:56:27Z,Paris Saint-Germain (PSG) vs OGC Nice (3-1) - players / joueurs - 9 novembre 2013 ,2
2013-12-15T15:21:47Z,Les supporters des verts sont devenus fou,1
2013-11-29T16:03:26Z,une honte pour les supporteres des verts!,1
2013-11-28T18:18:02Z,Aller les verts,5
2013-11-28T12:08:12Z,O possession de balle 0 tirs 0 tirs cadrés 0 corners 0 fautes mais 2 cartons jaunes l'arbitre à été sévère il ne devait pas aimer les joueurs sinon match ennuyant sans ballons ;),1
2013-11-27T18:24:50Z,D'après le tableau on a joué sans ballons,1
2013-11-26T10:56:54Z,Pas un mot sur les incidents. Les résumés de la LFP sont dignes de la Pravda de la grande époque...,2
2013-11-25T08:16:41Z,"et tabanou quand il est tout seul devant la cage, c'est pas une occasion ?? ",1
2013-11-24T23:22:38Z,Je crois que vous avez fail votre tableau à la fin,5
2014-06-22T15:02:57Z,mdrrrr les nicois vous l'avez bien trouver bodmer,0
2013-12-07T10:44:20Z,Allez Monaco !,4
2013-12-06T16:11:11Z,sinon tres beau match de Monaco rendu tres facile apres l'ouveeture du score et puis on a gerer face a une tres faible equipe de nice,0
2013-12-06T16:10:31Z,est ce que la on peut parler des nombreux supporter monegasque svp car c bien de critiquer mais il faut les feliciter d'etre aller a nice et de faire plus de bruit que eux,3
2013-12-06T15:37:06Z,"Le stade a commencer a se vidé a partir de la 70eme minutes, les 1 000 supporters de Monaco chantais plus fort que les 30 000 niçois ! 6 défaites d'affilée sa fais mal...",2
2013-12-06T15:33:59Z,Les défenseurs niçois sont nul !!!!,2
2013-12-06T09:31:02Z,Daghe Munegu Per Sempre ! <3,3
2013-12-06T09:07:26Z,Quelle belle soirée !,2
2013-12-06T09:07:27Z,Quelle belle soirée !,1
2014-05-07T13:37:44Z,Allez reims 1995,0
2013-12-09T19:56:58Z,"STADE DE AGASSA,,, :D",0
2013-12-09T08:08:33Z,"1;37 : Kossi-si, Kossa-sa, Quand il faut y aller, Kossi Agassa... ",0
