publish_date,title,view_count
2013-09-18T12:52:20Z,PRECEDENTE - Il primo gol nei pro di Ely premia la Reggina,15045
2013-12-24T09:16:22Z,Rodrigo Palacio AMAZING Goal (Inter vs. AC Milan) 1:0 22/12/2013,229
2014-07-20T16:00:53Z,Lorenzo Insigne &quot;Il Magnifico&quot; Goals &amp; Skills 2013/14 SSC Napoli HD,34507
2014-04-14T15:03:52Z,Carabobo FC 0-1 Deportivo Táchira,2015
2014-05-04T14:25:02Z,"2001/2002, Coppa Italia, Reggina - Cagliari 2-1",453
2013-08-18T09:55:39Z,Copa do Brasil 2002 - Santa Cruz-PE 1x2 Vasco da Gama-RJ,2444
2013-12-17T08:40:52Z,Dodo e Zapata post Milan vs Roma,128
2014-03-31T15:34:48Z,CRONICA Carabobo FC 0-1 Deportivo Petare,369
2014-06-06T09:06:45Z,Rodrigo Lima - Defender - Lances Democrata GV 2014,526
2013-11-30T11:49:05Z,Adriano Galliani Tribute Video,4730
2014-03-02T00:00:14Z,Campeonato Mineiro de 2014 - Cruzeiro 4 x 0 Minas,455
2014-04-28T23:17:11Z,Jornada Nº 15 - Zamora FC 6-2 Carabobo FC - Torneo Clausura 2014,4276
2014-02-17T16:04:10Z,Paulista Série A2   6ª Rodada São Caetano 1 x 0 Mirassol,280
2014-02-22T16:32:57Z,Varese-Avellino 1-1 gol di Ciano e Terracciano P. (Autogol) 26 giornata 22/02/2014,1100
2014-02-26T05:51:45Z,Varese 1-1 Avellino 22/02/2014 2013-14 - 26°,1602
2013-08-13T03:54:50Z,Carabobo FC - Llaneros de Guanare FC. Torneo Apertura 2013. Jornada 1,1150
2014-07-06T20:51:27Z,Southampton 2014-15 Home Kit,2271
2013-12-16T15:38:13Z,"Verso Juventus - Avellino, la conferenza stampa",131
2014-03-02T01:23:43Z,"Gols, Cruzeiro 4 x 0 Minas Boca - Mineirão 01/03/2014",2901
2013-08-28T14:29:27Z,Romarinho | Atacante | 93 | Só Talentos,541
2014-02-23T10:45:48Z,Video Conferenza Massimo Rastelli nel dopogara di Varese vs Avellino,507
2013-09-28T19:44:14Z,Givanildo &#39;&#39;Giva&#39;&#39; || Next Brasil Superstar || Skills &amp; Goals || 2013 HD,616
2014-01-27T13:27:16Z,CRÓNICA Carabobo FC 2-2 Caracas FC,965
2014-04-08T13:15:33Z,Intervista ad Antonio Balzano,961
2014-05-31T12:58:49Z,Padova-Avellino 2-1: Loro Non Perdono Mai!,2259
2013-10-21T03:10:34Z,Valladolid 0-1 Villarreal ( liga BBVA ) GOL DE CARLOS BACCA,216
2014-01-17T20:31:29Z,Carpi F.C. 1909 - Intervista a Raffaele Bianco,481
2013-12-19T14:02:06Z,Buon Natale dall&#39;Us Poggibonsi Calcio!!!,411
2014-01-08T12:02:49Z,La conferenza stampa di Davide Carteri,144
2014-05-01T20:31:46Z,A.S. Varese 1910 - Scuola calcio - Marco Caccianiga,87
2014-02-03T16:46:25Z,CRONICA Zulia FC 1-1 Carabobo FC,1057
2014-01-20T16:23:20Z,Jogo-Treino 2014 - Cruzeiro 3 x 1 Minas,1222
2014-04-17T16:08:00Z,"Herói da noite celeste, Samudio fala sobre o gol do empate",2958
2013-11-03T16:07:33Z,Copa Paulista 2013 - XV de Piracicaba 0X2 São Bernardo,835
2014-01-31T10:25:00Z,MAN OF THE WEEK (EMANUELE FLAMINIO - REAL ESTENEWS - CALCIO A 5),135
2014-03-13T22:30:57Z,Democrata-GV 1x0 Social,298
2013-08-21T11:15:16Z,PSV Imbangi Milan | Bursa Transfer | dan Prediksi Pertandingan - Sundul 100% SepakBola,732
2014-01-27T16:48:16Z,Pistoiese - Colligiana 3 -0: Le parole dalla Sala Stampa [pistoialive],359
2013-11-06T19:35:34Z,CLEYTON -- MEIA DE ORGANIZAÇÃO,346
2013-12-18T07:42:54Z,Antonini: &quot;Via dal Milan per avere più spazio&quot;,325
2013-10-06T16:41:14Z,"Zona Mista Sampdoria-Torino, Darmian:&quot;Peccato per il finale&quot;",415
2014-03-24T20:32:45Z,wyPLAYLIST Denilson Audax,687
2014-05-04T16:55:17Z,Dura falta de Zura sobre Checa,300
2013-10-02T00:52:08Z,Vilafranquense - Académica da Amadora,144
2013-08-23T14:33:13Z,PREVIA Zulia FC - Llaneros de Guanare,99
2013-08-01T22:46:01Z,Melhores Momentos - Galácticos x Lunáticos - Jogo Hugo,202
2014-06-29T02:15:06Z,"Brasil e chile , Narração caseira ..",104
2013-10-16T21:18:53Z,Técnico do Palmeiras destaca trabalho realizado no time,214
