publish_date,title,view_count
2013-11-18T23:00:56Z,Abdel Hakim Omrani : Nouvelle recrue du Nîmes Olympique,853
2014-03-22T23:00:01Z,Nîmes Olympique - RC Lens (3-3) - 22/03/14 - (NIMES-RCL) - Résumé,14383
2014-03-29T23:00:01Z,Châteauroux - Nîmes Olympique (2-0) - 28/03/14 - (LBC-NIMES) - Résumé,2941
2014-02-08T23:00:00Z,Havre AC - Nîmes Olympique (0-1) - 07/02/14 - (HAC-NIMES) -Résumé,2303
2013-11-30T23:00:01Z,Nîmes Olympique - Dijon FCO (1-1) - 29/11/13 - (NIMES - DFCO) - Résumé,2710
2014-02-01T23:00:01Z,Nîmes Olympique - Tours FC (3-0) - 31/01/14 - (NIMES-TOURS) -Résumé,3210
2014-03-01T23:00:02Z,Nîmes Olympique - Chamois Niortais (4-1) - 28/02/14 - (NIMES-NIORT) - Résumé,4490
2013-11-23T23:00:00Z,FC Istres - Nîmes Olympique (4-2) - Le résumé (FCIOP - NIMES) - 2013/2014,5224
2013-12-14T23:00:01Z,Stade Brestois 29 - Nîmes Olympique (1-1) - 13/12/13 - (SB29 - NIMES) - Résumé,2781
2014-03-08T23:15:41Z,Clermont Foot - Nîmes Olympique (1-0) - 07/03/14 - (CF63-NIMES) - Résumé,1401
2014-04-05T22:00:02Z,Nîmes Olympique - AS Nancy-Lorraine (0-1) - 04/04/14 - (NIMES-ASNL) - Résumé,2758
2014-02-22T23:00:01Z,AC Arles Avignon - Nîmes Olympique (1-1) - 21/02/14 - (ACA-NIMES) - Résumé,2455
2014-05-07T22:00:01Z,Angers SCO - Nîmes Olympique (2-3) - 06/05/14 - (SCO-NIMES) - Résumé,6421
2014-05-07T18:09:44Z,Conférence de presse Angers SCO - Nîmes Olympique (2-3) - 2013/2014,408
2014-05-17T22:00:01Z,US Créteil - Nîmes Olympique (1-1) - Résumé - 16/05/14 - (USCL-NIMES),2544
2014-03-04T18:39:01Z,Croco Hebdo du 04 mars 2014,261
2014-03-22T17:50:39Z,Conférence de presse Nîmes Olympique - RC Lens (3-3) - 2013/2014,815
2014-05-10T22:00:01Z,Nîmes Olympique - Stade Lavallois (2-1) - Résumé - 09/05/14 - (NIMES-LAVAL),3416
2014-05-17T22:00:01Z,Havre AC - AC Arles Avignon (2-1) - Résumé - 16/05/14 - (HAC-ACA),4532
2014-05-10T07:57:45Z,J37 Nîmes - Laval : Les réactions d&#39;après match,1393
2013-08-09T11:50:13Z,but de billal omrani,6098
2014-02-09T17:41:13Z,ASM-ESS: Interview Amir Omrani,1310
2014-05-13T15:20:40Z,Nîmes Laval 09 05 2014,94
2013-08-10T20:38:44Z,Conférence de presse ESTAC Troyes - AC Arles Avignon (1-0) - 2013/2014,124
2014-07-17T00:11:12Z,Larry Azouni nouvelle recrue du Nîmes Olympique,2769
2014-03-21T14:48:23Z,Le point-presse avant Nîmes - Lens,3403
2013-11-23T21:10:48Z,Conférence de presse FC Istres - Nîmes Olympique (4-2) - 2013/2014,242
2013-11-26T19:14:54Z,Croco Hebdo du 26 NOVEMBRE 2013,290
2013-11-09T18:07:42Z,Conférence de presse Nîmes Olympique - CA Bastia (0-1) - 2013/2014,231
2014-02-14T11:34:41Z,Croco Hebdo : l&#39;Avant-match Nîmes Olympique - F.C. Metz du jeudi 13 février 2014,166
2013-10-31T09:25:36Z,Foot - Taxe à 75% : La Ligue 2 Hors Jeu ?,127
