published-time,comment,likes
2014-07-27T08:40:05Z,Diallo boussoura,0
2014-07-27T03:59:06Z,BeNzEmA  ♥ ♥ ♥ ♥ !!,0
2014-07-24T01:37:56Z,Pas grand chose dans la tête ..,0
2014-07-19T16:40:42Z,Karim le gay mdr,0
2014-07-17T21:29:55Z,Benzegool la tereure,0
2014-07-17T20:36:42Z,Fais pareil avec lloris stp,0
2014-07-17T20:31:42Z,4:23 on voit lloris,0
2014-07-15T23:29:27Z,benzemerdeeeeeeeeeee racaille de merde,1
2014-07-15T20:25:01Z,"jE KIFF CE JOUEUR , IL EST VRAIMENT TRES BON. BENZEMA LA CLAAAASSSSSSSS",0
2014-07-14T22:01:16Z,Sa pue le fric a 3km ici sans parlé du joueur en question ,0
2014-07-10T18:56:08Z,HE IS HOT,0
2014-07-10T18:06:19Z,Quel est le titre de la chanson qu'elle écoute Benzema?,0
2014-07-09T14:00:44Z,Vous avez perdu c'est rien car vous avez fait de très beaux matchs,1
2014-07-08T13:32:37Z,Je taimee bien ms contre lamagne nn .ss pa toi qui jouer setai ton freres jumos jai vu sa sur facebook en plus tu tirer pratiquement jamais et teter jamais un ton poste ,0
2014-07-08T00:54:15Z,Quel joueur ce Karim!! Bravo a toi tu noisna fait rever,2
2014-07-06T19:28:32Z,Le teube il a les couilles en roro! Xd ,0
2014-07-06T15:12:32Z,Jadore c joueurs styler,0
2014-07-06T06:17:59Z,"tu dois encore beaucoup t'entraîner car pour frapper dans le ballon n'importe comment tu sais, mais réfléchi à ton jeu quand tu es dans la surface adverse.",0
2014-07-05T20:07:58Z,style la belle vie,0
2014-07-05T03:15:33Z,What's his mobile phone?,0
2014-07-04T22:57:17Z,"CECI EST UN AVIS PERSONNEL : je pense que cette débauche de sport étant jadis noble, est devenu une distraction pour les ultra-riches qui n'hésitent pas à balayer des centaines de familles brésiliennes lors de cette coupe d'immonde au service de leur porte-monnaie de riches, et du temps de cerveau disponible de ceux-qui-ne-se-posent-plus-jamais-de-questions, alias VOUS, chers spectateurs. Vous méritez mieux qu'un vulgaire sport de ballon, vous devriez vous insurger, et exiger de cette misérable bande d'ultra-riches...

...qu'on remette les combats de gladiateurs sur le devant de la scène. Au moins c'était violent pour quelque chose, et les vainqueurs ne trichaient pas, et ils méritaient leur réputation !!!! VOTONS TOUS POUR LES COMBATS DE GLADIATEURS !!!!! (ceci est un odieux Troll, arrêtez de regarder n'importe quoi à la télé)",2
2014-07-03T18:34:16Z,C'est quoi la musique a 3.55 s'il vous plait ? ,0
2014-07-03T15:47:24Z,ben zema bravoooo !!!!,0
2014-07-03T14:55:07Z,"Sinon ca serait sympa que sur Twitter il fasse un hashtag ou on puisse lui poser des questions, et qu'il y réponde via des Tweets ou une petite vidéo postée sur ce compte FFF.",0
2014-07-03T14:49:54Z,"C'est ridicule la façon dont certains le critique et on sent que c'est de la pure jalousie. Le mec, c'est grâce a lui (et aux joueurs bien sur) qu'on est qualifiés, sans ses buts on en serait pas la, rentrez vous ça dans la tete! Il est reconnu internationalement, pratiquement tous les pays où le foot est un sport populaire, l'acclame! Y'a qu'en France qu'on voit des gens le critiquer a la moindre erreur. Ca me fait rire quand je vois des gens l'insulter parce qu'il chante pas la Marseillaise. Est ce que Zidane la chantait? Est ce que Maradona chantait l'hymne de son pays? Non, et la liste est trèeeeees longue. Il est payé pour jouer pas pour chanter, et les gens qui disent ""Non mais Benzema il est riche grace au fric qu'il se fait en France, il pourrait au moins chanter la Marseillaise!"" LOOOL plus de la moitié de sa fortune, il le doit a son club (le Réal Madrid, ou il y a Cristiano Ronaldo, Bale, Casillas, et j'en passe) et c'est pas une des règles du football de chanter l'hymne. Il a pas envie de la chanter, il a pas envie c'est tout. La Marseillaise est un chant de guerre révolutionnaire et les parents de Karim sont Algériens, je vous laisse réfléchir. (indice: colonisation). Donc voila, malgré les critiques, je suis ravie de voir que Karim garde la tete haute et qu'il est conscient que les gens qui le critiquent H24 sont juste jaloux. Peace.",37
2014-07-03T12:33:55Z,BBC,0
2014-07-03T11:49:56Z,aller benzema,0
2014-07-03T09:25:46Z,"il est gentil en vrais, a la tv on le sens plus froid, après sa se comprend aussi. . ",0
2014-07-03T02:16:21Z,"je suis choqué, un mec simple, naturel et cool rien a voir avec l'image qu'on peut se faire de lui en général",12
2014-07-02T13:12:07Z,on s'en bas les couilles de sa vie ,0
2014-07-02T10:02:20Z,franchement bien ,0
2014-07-01T16:00:42Z,Dure journée.,0
2014-07-01T15:37:55Z,Gruik ! ,0
2014-07-01T14:18:51Z,"Bonjour, musique à 3.00 ? please",0
2014-07-01T01:30:23Z,Quel age a-t-il?,2
2014-07-01T00:28:05Z,benzema le mec qui lache l algerie pr jouer ac la france ,0
2014-06-30T18:29:19Z,il se la pète trop,1
2014-06-30T14:30:02Z,C'est quoi la musique a 3min59 svp ?,1
2014-06-30T12:48:33Z,La zick c'est bbc Big ben ,0
2014-06-30T12:23:48Z,à quelques heures de l'élimination de la France,0
2014-06-30T10:46:00Z,"C'est quoi la zick qui passe quand il est sur le pc svp 
",0
2014-06-30T10:27:28Z,iamdieudo2 : va donc encaisser tes cheques frauduleux pour ta reraite dorée au cameroun,0
2014-06-29T18:13:26Z,Une journée avec Hugo Lloris et aussi avec Olivier Giroud ... S'il vous plaît.,1
2014-06-29T05:07:27Z,"Karim trop nul .branleur. 
Dégage ",0
2014-06-29T03:06:00Z,"La belle Equipe de France ""Karim Benzema"" grande artilheiro!",0
2014-06-29T02:58:01Z,"Excelente desempenho da Selecao de France... Merecedor de grandes honras e elogios "" Grande Benzema"", demonstra garra para vencer e levar a taca "" campeoes da Copa 2014"" Abracos",2
2014-06-29T02:43:59Z,"Grande jogador frances!  Sucesso em suas jogadas como sempre... Se nao der Brasil, torco pela Franca! Pelo excelente desempenho da Selecao Francesa...",2
2014-06-28T22:38:56Z,BENZEGOAL,4
2014-06-28T22:34:55Z,Ils s'en branle de l'équipe de France ! Il fait ça que pour le fric,0
2014-06-28T18:25:03Z,لاعب اسطوري ,0
2014-06-28T14:32:35Z, Si tu cherche la zik ke Karim écoute a 1:02  elle est al ! Rap Francais - BBC NOUVEAUTE 2014 !!! BIG BEN - BBC - Prod by Sad Music - Rap Music ,0
2014-06-28T12:46:45Z,le vrai jeuour bon courage :D,0
2014-06-28T10:09:03Z,c'est pas une lumiere...,0
2014-06-28T09:11:20Z,Je parie France en demi finale . Allez les bleus ! Ce serait bien un autre épisode.,1
2014-06-28T06:54:46Z,Rihanna a fait pause à 3:51 et a mit un pouce vert ,0
2014-06-27T22:25:44Z,There should have been English subtitles :( ,0
2014-06-27T22:22:03Z,"al mahdi a été localiser en france  al mahdi a été localiser en france  ""Anonymous located the imam Al mahdi""",0
2014-06-27T21:10:26Z,Sympa cette vidéo! ,0
2014-06-27T20:29:19Z,Translate!!!,1
2014-06-27T19:50:18Z,Quelle est la chanson à 5:21 ?,0
2014-06-27T19:03:22Z,c'est quoi le son a 2:40 ?,0
2014-06-27T17:15:29Z,la musique à 1:05 qu'il écoute svp,0
2014-06-27T15:07:37Z,après 5:20 46 clins d'oeil en 27 secondes,0
2014-06-27T12:43:04Z,Love u benzima,0
2014-06-27T12:15:15Z,BENZEMA!!!!,0
2014-06-27T10:59:48Z,C un algérien,0
2014-06-27T10:10:12Z,Quelle est la musique vers 3:00 ? Svp :-),0
2014-06-27T09:08:26Z,C dur de soulever la pression mon ami,0
2014-06-27T04:19:58Z,C koi la musique a la fin lorsquil dit quil va se coucher a 5:30,0
2014-06-27T02:51:53Z,la belle vie ! profite de cette belle vie que dieu ta destiné ,0
2014-06-26T23:28:49Z,et zahia elle dort ou ?,0
2014-06-26T21:56:33Z,Jojobernard jouit sur ça XD,0
2014-06-26T19:15:06Z,1:03 musique svp ?,0
2014-06-26T19:03:57Z,allez les bleus !!!!!!! venez sur ma chaîne ya une vidéo de foot qui pourrait attirez votre attention ,0
2014-06-26T19:01:02Z,3:51 Benzezgeg,5
2014-06-26T18:27:17Z,Je ne comprend pas pourquoi Karim est le seul qui ne chante pas pour la France alors que c'est nous les francais qui le supportons pfff il m'énerve !!!,0
2014-06-26T17:19:51Z,musique svp ?,0
2014-06-26T15:17:59Z,Il est au top en fait Benzegol,0
2014-06-26T15:16:43Z,on ne l'a pas vu dans sa chambre avec des pu@@s ou des lady boys ????? lol,0
2014-06-26T14:22:55Z,Pas mal mais manque un peu de vivacite,0
2014-06-26T14:01:50Z,0:40 c'est la lose de déjeuner seul,0
2014-06-26T13:59:40Z,"on s'en bat les couilles, moi j'attends de le voir chanter l'hymne d'algerie en 8eme de finale lorsqu'on jouera contre eux...",0
2014-06-26T13:14:37Z,3:57 Quelqu un peut me dire la chanson qui passe svp? :),4
2014-06-26T12:40:23Z,allez les bleus,0
2014-06-26T12:17:42Z,niveau son il écoute de la merde ( meme les sons en fond sonore c'est pas de la bonne zik ) ,0
2014-06-26T10:30:40Z,,0
2014-06-26T10:30:31Z,Tu tlapete trop,0
2014-06-26T09:16:04Z,"Il et plus fort que moi au foot c'est sur.
Mais franchement il et bidon comparer au autre, Karim tes pas zizou, si un jour ta l'idée te vient de percé une défense sa serra un miracle.
Lâche toi, car tu te fou déjà la honte, je pense que ta peur de mal faire, et donc tu ne fait rien.",0
2014-06-26T08:41:25Z,"I never expected to say this, Karim is so hot.",0
2014-06-26T08:16:18Z,Sympa la vidéo ! Je me demandais comment se passait leurs journées. Allé les bleus.,0
2014-06-26T07:29:56Z,"salam karim avec quel joueur tu partage ta chambre, et la prochaine pinalté change de coté ? pas toujour le meme cote ? et dans ta chambre il tu manque un petit drapeau d'Algérie et bon courage pour d'autres match",0
2014-06-26T05:55:25Z,Lol Ice il y a eu 0-0,0
2014-06-26T03:23:41Z,Mi bebé <3,0
2014-06-26T01:48:04Z, j'ai honte pour toi...,2
2014-06-26T01:02:11Z,C quoi le blaze du rappeur qui l'ecoute ?,0
2014-06-25T23:05:05Z,@KarolinaMB,0
2014-06-25T22:48:12Z,"Mais arrêtez avec ""benzema chante pas la marseillaise c'est une honte"", zidane la chantait pas vous pouvez vérifier, les autres équipes ne chantent pas tous leur hymne, c'est pas pour ça qu'ils s'en fichent de leur nation, faut arrêter avec ça sérieux benzema est pas le premier et sûrement pas le dernier a ne pas chanter la marseillaise ce n'est en aucun cas une preuve d'irrespect !",2
2014-06-25T22:13:12Z,"Vraiment sympa de la part de Benzema , pas sur que tous les autres joueurs aurait accepté",0
2014-06-25T20:51:23Z,tranquille aller la France ,0
2014-06-25T20:30:26Z,Trop cool une journee avec karim,0
2014-06-25T19:47:39Z,Merci pour ce petit moment fort sympathique! Karim et tous les autres joueurs félicitations pour votre début de parcours... Karim continue comme ça tu régales!,1
2014-06-25T19:44:26Z,Big ben bbc pour la musique ;),0
2014-06-25T19:29:49Z,Quelqu'un aurait leur programme de musculation ?,0
2014-06-25T18:57:11Z,"c' était une très belle l' équipe que on aime , depuis 1998",0
2014-06-25T18:35:52Z,Eres el mejor khoya karim y que dios te bendiga. ,0
2014-06-25T16:30:58Z,Cest quoi la musique qu'il ecoute Karim svp ?,0
2014-06-25T15:52:41Z,Passionant.,0
2014-06-25T14:38:34Z,Passionnant...,0
2014-06-25T14:19:14Z,Cool,0
2014-06-25T14:13:04Z,y'en a un en bas a dit il oublie d ou il vient non je crois pas il sort du ventre de sa mère et de plus il a pas oublié ses propres convictions et d'ou vient ce dons du foot qui coule dans ses veines c'est surement pas lyon qui lui a donné loll,0
2014-06-25T12:31:34Z,"Allez Karim , on est tous derrière toi et tes camarades , Allez la France. Reste Humble , et met tout au prochain match , j'ai confiance en toi !!! Allez BENZOU !!!",0
2014-06-25T12:24:09Z,Et le soir du dort tout seul ? :p,3
2014-06-25T12:19:58Z,ALLEZ LES BLEUS,0
2014-06-25T11:51:19Z,la belle vie,0
2014-06-25T11:50:47Z,moi je dirais 6-0,0
2014-06-25T11:44:11Z,El rabo de benzema en 3:51 ajajajja,7
2014-06-25T11:22:01Z,Essayer avec Didier XD,0
2014-06-25T10:52:45Z,A quand une journée au Brésil avec Ribéry ? x),3
2014-06-25T09:19:18Z,"Je trouve qu'il a changer Benzema, et en bien",0
2014-06-25T09:01:22Z,"Fuck, I wish I knew French.",0
2014-06-25T07:34:06Z,La belle vie ...,61
2014-06-25T07:07:02Z,"Oh, God! He's so hot!!!! Love him:)",0
2014-06-25T03:23:53Z,Benzema wlide bladi ;) :) ,1
2014-06-25T03:01:06Z,Vey friendly ,1
2014-06-25T00:55:18Z,Allez karim!,0
2014-06-25T00:40:09Z,C quoi la music a 1min03 plz,0
2014-06-25T00:34:27Z,Je préfère avoir Benzema dans le Real Madrid que le vampire Luis Suarez. Peut être Suarez est une meuleur jouer mais il est une con.,0
2014-06-24T23:31:31Z,Mdrrrr Matuidi avec sa crotte de nez à 1:30 :'),17
2014-06-24T23:21:08Z,4:40 mdrr technique du quartier oh karimeeeuuuhhh oh jarivvveuuuhh mdrr,1
2014-06-24T22:52:08Z,Trop la classe benzebuts !!!,0
2014-06-24T22:20:13Z,Wauuu que guapura ♡¡ inigualable♡!,0
2014-06-24T22:20:13Z,Wauuu que guapura ♡¡ inigualable♡!,0
2014-06-24T21:11:02Z,une journée avec un benzema c'est mou !!lol,0
2014-06-24T20:24:24Z,"ce serait bien de faire plusieurs épisodes de ""une journée avec.."" :D",0
2014-06-24T20:14:05Z,"With his face, he should play with some movie as a gangster :D",0
2014-06-24T20:09:04Z,Une journée avec Griezmann s'il vous plaiiiiiiiit? :D,1
2014-06-24T19:48:47Z,"J'apprends le francais et j'aime bien cette langue et c'est la premiere fois j'écoute la voix de Karim :D
Un supporteur du Vietnam :x ",145
2014-06-24T19:28:19Z,Il est confiance pile au bon moment ! C'est bon les bleus sont une des seules équipe européenne qui est en place jusqu'à maintenant :),2
2014-06-24T19:11:05Z,"C'est quoi le titre de la music qui passe ver 4min de la video, quelqu'un connais le non SVP!!",0
2014-06-24T18:46:37Z,Une journée avec Raphael Varane!,0
2014-06-24T18:05:01Z,C'est moi ou à la fin il est fucking mort de rire ???? MDRRRR un tueur ce mec ! VIVE LA FRANCE ET L'ALGERIE POUR CE MONDIAL <3,7
2014-06-24T17:40:43Z,OMGGGGG I LOVEEE KARIM!!! :),1
2014-06-24T16:56:07Z,❤❤❤❤ in love with him ,0
2014-06-24T15:38:00Z,La musique à 5:30 ? SVP,2
2014-06-24T15:36:32Z,Les fans de Karim ♥ ♥ ♥,0
2014-06-24T15:35:27Z,le titre de la musique a 3:55 svp ???,0
2014-06-24T15:34:30Z,ça les rend beaucoup plus humain c'est vidéo. ,16
2014-06-24T15:17:56Z,Gracias por compartir con tus fans este vídeo.. eres un lindo Karim..... y estamos pendientes de ti.. muuuuuuuuua,5
2014-06-24T15:13:44Z,english sub pls?,0
2014-06-24T15:09:28Z,C'est quoi le son a 1:03 les gens ?,1
2014-06-24T14:54:52Z,benzemaaa ♥♥♥ ,0
2014-06-24T14:27:00Z,Haha il me fait rire ! Merci à vous d'avoir fait cette vidéo! :),0
2014-06-24T13:43:19Z,Allez Karim demain on veut des buts mais aussi un soutien à toutes l'équipe de France,1
2014-06-24T13:14:59Z,Sa fait plaisir ,0
2014-06-24T12:59:22Z,بينزيمه,0
2014-06-24T12:59:20Z,بينزيمه,0
2014-06-24T12:50:44Z,Putain j'ai enfin trouvé la musique : BBC NOUVEAUTE 2014 !!! BIG BEN - BBC - Prod by Sad Music - Rap Music,37
2014-06-24T12:19:28Z,Mon joueurs préféré! Trop content qu'il plante but sur but,4
2014-06-24T12:01:01Z,La musique à 1 minute svp,0
2014-06-24T11:45:14Z,Une journée avec Micka Landreau avant qu'il ne prenne sa retraite ? :),30
2014-06-24T11:40:14Z,C'est un tueur haha,0
2014-06-24T11:18:31Z,What's  the name of the song that starts at 1:00 ??,2
2014-06-24T11:18:12Z,C'est une vie de ouf,0
2014-06-24T11:08:57Z,"En 1:40 , vous pouvez obtenir cette affiche de mur n'importe où en ligne ou tout simplement camp exclusif France?
Parce que je l'aime et qu'il semblerait grand dans ma chambre. :))",0
2014-06-24T10:54:14Z,Pourquoi tu n'as pas choisi ton pays d'origine Karim l'ALGERIE <3,0
2014-06-24T10:53:07Z,ça fait un peu de pub pour les ananas et les pastèques,0
2014-06-24T10:34:19Z,"so perfect,love<3",0
2014-06-24T10:13:15Z,Pour Mercredi je dis un 6-0  ! :),19
2014-06-24T09:55:53Z,"superbe série... Benzema est un bon gars, mais je trouve qu'il oublie un peu d'ou il vient, de Lyon... il n'a plus que madrid en tete (photos)",9
2014-06-24T09:26:41Z,J'aimerais trop être a sa place ,11
2014-06-24T09:26:38Z,J'aimerais trop être a sa place ,0
2014-06-24T08:59:37Z,"Ouais, une vidéo avec Pogba ou Griezzmann serait cool !",8
2014-06-24T08:33:33Z,Le seul joueur de l'équipe qui chante pas la marseillaise ...,14
2014-06-24T08:25:14Z,"Ca me fait vachement penser à ""Les yeux dans les bleus"" sur la victoire en 98'. Signe d'une reconquête ? =) ",16
2014-06-24T08:15:05Z,une idée de la music qui démarre à 3:06?,0
2014-06-24T08:05:10Z,"A la veille du départ pour Rio, nous avons passé toute la journée de lundi aux côtés de Karim Benzema au coeur du camp de base à Ribeirao Preto. Souriant, chambreur et en pleine forme, le buteur de l'Equipe de France nous a ouvert les portes de son intimité. Une plongée inédite dans l'univers du n°10 tricolore au Brésil. Document exclusif. http://youtu.be/R_mP84f_G6g",725
2014-06-24T07:49:21Z,The best striker in the world!!! ,31
2014-06-24T07:19:02Z,Sympa cette vidéo. Allez les bleus on est tous avec vous ! ,0
2014-06-24T07:17:03Z,4:40 la technique de quartier mdrr   : HO KARIMEE,253
2014-06-24T06:56:57Z,Genial merci allez les bleus ,0
2014-06-24T06:34:49Z,Une tite video avec Pooooooogbaaaaaaaaa ? ou Varaneeeee ou Griezmannnnnnnnnnn,11
2014-06-24T05:31:24Z,Je sais pas pourquoi mais il m'a tué de rire Karim. Ce serait cool que vous fassiez ce genre de vidéos avec d'autres joueur ;) !,19
2014-06-24T05:12:05Z,"le nom du son qu'il écoute , c'est quoi ?,",0
2014-06-24T04:22:28Z,وثائقي رائع يا بن زيما اتمنا لك التوفيق,0
2014-06-24T04:22:22Z,"Sympa cette série, faudrait pouvoir la réaliser avec le maximum de joueurs :)",172
2014-07-10T07:23:38Z,I wish I could thank him for all he's done in chelsea and the happiness he brought me. Love you David,1
2014-07-02T20:55:16Z,😭😭😭😭,0
2014-05-30T10:36:46Z,fox il liba ommok mourinho :(,0
2014-05-25T13:32:37Z,Now we need Mangala,0
2014-05-25T13:31:58Z,I love David Luiz he is such a character and a great player Most of all ! A TRUE CHELSEA LEGENDARY GEEZER !!!!!!!!!,3
2014-05-25T03:45:14Z,"remembered... it's from the dead island soundtrack, great choice!",0
2014-05-25T03:35:11Z,"I've heard this song before, what is it from?",0
2014-05-24T12:47:35Z,Why does it hurt so much...?,4
2014-05-24T08:14:36Z,;(((( NO NO NO !!!!!!!!!!!!!!!!!! Goodbye :((((,2
2014-05-24T06:12:55Z,"I can't watch this video without crying my eyes out. Will truly miss you, our Blue Lion, our Geezer. :'(",5
