published-time,comment,likes
2013-09-29T23:31:14Z,Arrogante o caralh*,0
2014-01-17T15:54:22Z,1st view,3
2014-01-17T15:54:14Z,"please promote ,like",1
2014-02-10T03:34:03Z,Allez l'OM!,3
2014-03-01T18:28:06Z,Great ball skill!,4
2014-02-26T02:40:32Z,keep it up,6
2013-08-26T15:56:45Z,"GOALLLL!!!!!!!!!
Looking great, Korey!
",0
2014-05-17T14:22:21Z,Aller aller OGC NICE qui ne saute pas n'est pas niçois hé om aussi très bonne équipe,0
2013-10-31T17:32:46Z,Ospina est en forme !!! :O,1
2013-10-26T16:39:28Z,je pense que la saison en ligue1 ne va pas etre tres bonne pour l'om mais il faut quand meme que l'om continue a se battre.,0
2013-10-26T11:15:52Z,Si tous les supporters marseillais étaient comme toi...,0
2013-10-26T09:35:16Z,hah espece de rageux toi et ton équipe a chier^^ les aiglons ont bouffer du rats et on en bouffera encore!,0
2013-10-25T22:54:40Z,Ldc*,0
2013-10-25T22:54:04Z,L om n'a pas le niveau de la LCD mais pour le podium oui et ospina magnifique match allez l om,0
2013-10-25T12:50:14Z,Ferme la ospina est juste un monstre,0
2013-10-25T10:39:30Z,Ospina gardien en or !! Marseille en ligue 2 !!,1
2013-10-24T19:33:04Z,Ospina a que de la chance quand sa ne veut pas rentré sa ne rentre pas allez l om,0
2013-10-23T15:56:49Z,Ospina Roi de Nice,0
2013-10-23T12:52:46Z,Pour le psg mais le pb n'est pas la... l'OM n'a tout simplement pas le niveau podium de l1 et encore moins celui de LDC et sur ca je pense que tous les connaisseurs de football ne me contrediront pas.,0
2013-10-22T18:28:03Z,Marseille on t'encule !!,0
2013-10-22T16:52:49Z,Marseille est nul,0
2013-10-22T09:47:03Z,i aurait rien fais san ospina mdr chui dacc avec toi,0
2013-10-22T09:44:40Z,chui pa daccord car Marseille a u une semaine difficile tu peut regardé i joue contre lorient dormunt et nice cassiment en meme temps a kelk jours decart et maintenant le 22on stap naples!!voila stu pourra mdir t pour ki(et tkt rien dmechant a ske jtecris)=),0
2013-10-22T09:40:31Z,je suis 100pour100 marseillé mest ospina reste incroyable,0
2013-10-22T09:23:36Z,j'étais pour l'om mais je dis respect a nice pour cette victoire avec un ospina des grands soirs,0
2013-10-22T09:08:53Z,combien va s'en prendre l'om contre naples voila la vraie question lol ? A prt contre lorient valenciennes etc l'om ne sait pas gagner,0
2013-10-21T23:31:43Z,Bah on aurait perdu. Mais le foot ça se four avec un gardien non?,0
2013-10-21T21:54:23Z,Nice à gagner et Marseille troisième défaite d affilés,0
2013-10-21T19:14:06Z,"le gardien sauve toute l'équipe, les stats de Marseille sont toutes au dessus de celle de Nice, big up Ospina",0
2013-10-21T18:00:59Z,ospina!!!!!! supeeeer!!!!!,0
2013-10-21T17:56:22Z,"Dit-il, alors que son équipe de merde ne gagne que par différence d'un but depuis des mois.
En fin de saison, on sera devant vous. Peace.",0
2013-10-21T17:21:16Z,oh pire c'est pas grave vous avez pris 1-0 rage pas :) ,1
2013-10-21T15:10:23Z,thauvin ,0
2013-10-21T10:34:45Z,"cvitanich>gignac
ca oui
ospina > Mandanda
ca non",0
2013-10-21T08:32:29Z,Et la frappe de Pied sur la barre ? ,0
2013-10-21T08:23:24Z,"Je m'incline devant Ospina , je souhaite au niçois qu'il continu comme sa , mais pas contre l'om=D",0
2013-10-21T08:23:18Z,et la reprise je pied qui tape la barre??,0
2013-10-21T07:43:48Z,"Moi qui est suppirter de l'om, je trouve que le nul était merité mais Ospina en a decidé autrement donc chapeau bas",0
2013-10-21T07:36:46Z,MANDANDA T'ES UNE CHEVRE!,0
2013-10-21T06:18:00Z,Le dernier arrêt d'ospina.... magnifique!!! (et les autres aussi),0
2013-10-21T05:19:55Z,Ospina sort le match de sa vie au quoi,0
2013-10-21T00:16:29Z,le pire c'est que ospina revenait tout juste de colombie et qu'il etais incertain pour ce match ... GRANDE OSPINA !!! ISSA NISSA !!,0
2013-10-21T00:10:54Z,Le dernier arrêt d'Ospina est vraiment beau :),0
2013-10-20T23:55:48Z,14 corners mdr,0
2013-10-20T23:43:47Z,Franchement etant supporter de Marseille Nice a vraiment un bon goal (Ospina) qui mérite mon plus Grand Respect,1
2013-10-20T23:27:42Z,Viva..Viva...Nissa la Bellaaaaaaaaaaaaaaaa ! Yess!,0
2013-10-20T22:57:45Z,La rage,0
2013-10-20T22:40:58Z,respect ospina !,1
2014-02-16T19:09:45Z,"Beau match de dimitri payet
",0
2014-02-12T15:34:36Z,Grand match de Payet ! et pour une fois on a pas prit de but ! ,6
2014-02-11T13:06:37Z,FORZA OM ,3
2014-02-10T21:03:47Z,Lol de main j'ai mon Bach blan de francai mais je fais que regarder les foot,0
2014-02-10T16:32:04Z,"Payet, tu pourras faire ton malin quand tu auras fais 5 bons matches d'affilée! Pour l'instant, reste humble après ton but.",3
2014-02-10T11:02:22Z,ENSEMBLE NIQUONS LES VERTS,2
2014-02-09T23:21:01Z,J'en ai marre qu'on perde a l'extérieur ,1
2014-02-09T23:10:18Z,Beau match de l'OM !,10
2014-01-16T01:56:16Z, Something are changing!  i think the people sow the light.   ;),1
2014-01-15T13:42:15Z,syral 20 faut pas abuser ;) quand même je préfère L'ACA que L'OM après je préfère L'om que le PSG,0
2013-10-12T06:06:15Z,Tageul  FORZA BASTIA!,0
2013-10-05T20:57:21Z,Nike bastia,1
2013-09-29T18:59:27Z,"ACA GAULOIS, ACA est ellemnt bien partis qu'ils sont dans la zone rouge qu'ils se cassent de ligue 1 Ces gaulois rouge et blance déshonneur le Football corse et la Corse elle même FORZA BASTIA",0
2013-09-29T18:57:15Z,"nous on a le cancer de quoi mdrr, nous au moins on peut baiser sans capote alors que l'OM apporte le SIDA. FORZA BASTIA VINCE PER NOI ",0
2013-09-26T18:44:59Z,Forza OM ,0
2013-09-25T15:11:46Z,Regarde le message du dessous,0
2013-09-25T15:11:32Z,Regarde le message du dessus,0
2013-09-25T14:40:43Z,ne dit pas de connerie il y a des con de par tout a bastia comme a ajaccio --' je ne critique pas Bastia alors fait de même --' ,0
2013-09-25T07:34:00Z,"ALLEZ MARSEILLE
",0
2013-09-24T18:08:44Z,"et la main de fanni ? ya pas penalty peut etre et ces vrai que pour la pelouse elle est pas geniale
",0
2013-09-24T16:45:18Z,"Comment veut tu ne pas critiquer l'aca avec des gogoles comme ca sans dec et je n'ai pas dis que j'aimais marseille j'ai dit que je le préfèrai à l'aca , parceque si c pour ce faire insulter de tous les nom ...",0
2013-09-24T15:21:00Z,en tous cas moi je prendrait pas votre mentalité de merde sa me gave les corse qui Bastia c'est mieux ACA c'est mieux basta ! je supporte tout les club corse j'ai une préférence pour ACA mais je ne critique pas Bastia ou autre fait de même ! ,0
2013-09-24T15:14:34Z,donc tu préfère un français que un un corse  (je n'est rien contre les marseillais ou autre <3 ) ? bravo belle mentalité mec ! je suis a ajaccio et je dit pas que bastia c'est de la merde ou alors je préfère PSG que bastia bref... ,0
2013-09-23T18:08:56Z,Je préfère limite marseille à ajaccio quoi sans dec,0
2013-09-23T17:58:12Z,"Tu parles d'un penalty non sifflé pour Bastia, mais Marseille aurait du avoir aussi un penalty après une faute sur Khalifa.",0
2013-09-23T17:35:42Z,"On s'en tape, une faute est une faute.
Et main dans la surface c'est penalty au cas où.",0
2013-09-23T17:31:21Z,0:43 sans commentaires.,0
2013-09-23T17:30:52Z,0:43 sans commentaires.,0
2013-09-23T17:30:01Z,mais ferme tg et la  de fanni tu la vue non?!!!,0
2013-09-23T17:26:17Z,Oublie pas qu'il n'a pas siffler sur la main de Fanni en première période!,0
2013-09-23T17:22:48Z,oui daccord on etait 11 derriere ta connerie ouais on etait meme  plus offensif  que l'om on na fait plus de frappe que l'om toi petit  continanteau de merde va supporter ton equipe de merde qui porte le sida  nous on na des vrai supporter qui chante pendant tout le match pas comme l'om qui chante tout les demie heure !!,0
2013-09-23T17:16:55Z,"Jules pix sale rageux va en 1ère mi temps on vous manger et vous tombez comme des chèvres, et c toi qui parle avec vos supporters et vos cagoles qui passe le temps a insulter les mères et dire que nos tribunes vont s écrouler? Mdrrr et prendre exemples sur l ça Ajaccio t sérieux toi? Désolé mais chez nous y'a une histoire et de la ferveur. Bref quand on connaît pas on se tait, forza bastia.",0
2013-09-23T17:12:17Z,Il y avait des supporter de l om,0
2013-09-23T17:10:27Z,Allre l om,0
2013-09-23T17:00:56Z,Duhamel c'est un voleur.,0
2013-09-23T16:31:35Z,au contraire moi jepense qu'il est cacher par valbuena et un joueur bastiais et 20 metres ssa fait loin quand meme et puis si il sifle peno pour khelifa il sifle aussi sur la main de fanni,0
2013-09-23T16:28:31Z,pour les 2 equipes,0
2013-09-23T16:27:29Z,et la main de fanni ...,0
2013-09-23T16:17:13Z,clairement faute sur khalifa encore une fois péno non siflé pour l'OM....,0
2013-09-23T16:03:01Z,"Ce qu'il me choque le plus c'est pas qu'il ait oublier 2 penaltys, mais plutit qu'il n'ait pas broncher sur l'attentat d'un bastiais sur Morel.",0
2013-09-23T12:13:47Z,Y a peno !,0
2013-09-23T11:47:18Z,"Anarfy, tu dis ça car tu n'as pas connu la pelouse avant ... Crois celle ci est magnifique comparé lol ... Par contre dire que duhamel avantage les équipes qui jouent contre l'om c'est étrange, ne pose pas l'om en victime ou alors, avant, regarde le match de chapron la semaine dernière a guingamp. Puis sur ce match, le score s'équilibre.",0
2013-09-23T11:14:14Z,"Je ne sais pas si ça s'équilibre, mais on repère plus objectivement la faute sur Khalifa selon moi. Je pense qu'il y aurait du avoir péno et carton jaune car je suis contre la double sanction. L'OM perd encore des points mais beau match des bastiais !",0
2013-09-23T10:07:46Z,"Elle est ptèt flagrante, mais elle ne coupe pas d'action de but. Si Fanni ne la touche pas de la main, il est le premier à pouvoir la sortir juste après. (Et en plus, y'a corner. On pourrait presque voir ça comme un ""avantage"").
Alors que si Khalifa gardait le ballon à la 74ème, y'avait grosse action de but.",0
2013-09-23T09:11:37Z,"Mouais le contact sur Khalifa est trop léger pour être sifflé. Dans ce cas la main de Fanny aurait du être sifflée elle aussi. Mais bon les deux actions n'ont pas été sifflées donc ça s""équilibre pour les deux équipes.",0
2013-09-23T09:11:02Z,"C'est vrai, la main de Fanni est flagrante. ",0
2013-09-23T07:49:53Z,"Je n'aime pas parler sur les arbitres mais la, la faute est flagrante. J'ai du mal a comprendre comment on peut passer a coté...",0
2013-09-23T07:26:26Z,Une ambiance énorme.,0
2013-09-22T22:31:07Z,"C'est pas la première fois que Mr.Duhamel offre un fait de jeu à un adversaire de l'OM.
Là, il est à 20m, dans un angle correct, et le penalty est indiscutable, faudrait m'expliquer.

Et faudrait employer des jardiniers, à Furiani... 
La moitié des phases de jeu qui auraient pu donner quelque chose ont été coupées (du moins ralenties) par la mauvaise pelouse. Pour les deux côtés. :/",0
2013-09-22T22:30:37Z,First,0
