publish_date,title,view_count
2013-12-09T10:29:20Z,Willy Boly COUPE DE FRANCE AJA /Nancy,5740
2014-02-22T23:00:00Z,AJ Auxerre - Angers SCO (1-2) - 21/02/14 - (AJA-SCO) - Résumé,12974
2014-01-28T11:00:02Z,AJ Auxerre - RC Lens (1-2) - 27/01/14 - (AJA-RCL) -Résumé,14174
2013-08-28T05:00:11Z,SM Caen - AJ Auxerre (0-3) - Le résumé (SMC - AJA) - 2013/2014,16240
2013-09-25T22:00:14Z,AJ Auxerre - CA Bastia (1-0) - Le résumé (AJA - CAB) - 2013/2014,4689
2013-12-03T11:00:01Z,FC Metz - AJ Auxerre (3-0) - 02/12/13 - (FCM - AJA) - Résumé,14444
2013-09-17T10:00:14Z,AJ Auxerre - Stade Brestois 29 (0-0) - Le résumé (AJA - SB29) - 2013/2014,2603
2013-08-24T22:00:11Z,AJ Auxerre - Châteauroux (2-0) - Le résumé (AJA - LBC) - 2013/2014,6748
2013-08-08T05:01:19Z,Stade Brestois 29 - AJ Auxerre (1-4) - Le résumé (SB29 - AJA) - 2013/2014,9671
2013-08-03T22:00:12Z,AS Nancy-Lorraine - AJ Auxerre (0-0) - Le résumé (ASNL - AJA) - 2013/2014,8854
2013-11-09T23:00:00Z,Clermont Foot - AJ Auxerre (1-1) - Le résumé (CF63 - AJA) - 2013/2014,3675
2013-10-26T22:00:02Z,ESTAC Troyes - AJ Auxerre (2-0) - Le résumé (ESTAC - AJA) - 2013/2014,5063
2014-02-01T23:00:02Z,Châteauroux - AJ Auxerre (2-0) - 31/01/14 - (LBC-AJA) -Résumé,3245
2013-08-31T22:00:09Z,FC Istres - AJ Auxerre (1-1) - Le résumé (FCIOP - AJA) - 2013/2014,3347
2013-09-21T22:00:09Z,Angers SCO - AJ Auxerre (2-0) - Le résumé (SCO - AJA) - 2013/2014,12075
2014-02-08T23:00:02Z,AJ Auxerre - FC Istres (1-0) - 07/02/14 - (AJA-FCIOP) -Résumé,2642
2014-05-10T22:00:01Z,AC Arles Avignon - AJ Auxerre (0-2) - Résumé - 09/05/14 - (ACA-AJA),3779
2013-10-19T22:00:00Z,AJ Auxerre - US Créteil (1-1) - Le résumé (AJA - USCL) - 2013/2014,3298
2014-03-08T23:16:39Z,AJ Auxerre - Dijon FCO (2-2) - 07/03/14 - (AJA-DFCO) - Résumé,5848
2013-12-14T23:00:01Z,AJ Auxerre - Chamois Niortais (2-0) - 13/12/13 - (AJA - NIORT) - Résumé,4743
2014-04-12T22:00:01Z,AJ Auxerre - Clermont Foot (0-2) - 11/04/14 - (AJA-CF63) - Résumé,3013
2013-10-05T22:00:01Z,AJ Auxerre - Stade Lavallois (2-0) - Le résumé (AJA - LAVAL) - 2013/2014,4972
2013-12-21T23:00:01Z,Havre AC - AJ Auxerre (2-0) - 20/12/13 - (HAC - AJA) - Résumé,7802
2013-11-26T11:00:01Z,AJ Auxerre - SM Caen (3-2) - Le résumé (AJA - SMC) - 2013/2014,15776
2014-01-11T23:00:01Z,AJ Auxerre - AC Arles Avignon (1-1) - 10/01/14 - (AJA-ACA) -Résumé,2621
2013-08-10T22:00:11Z,AJ Auxerre - Nîmes Olympique (1-1) - Le résumé (AJA - NIMES) - 2013/2014,5958
2014-01-18T23:00:03Z,Nîmes Olympique - AJ Auxerre (2-2) - 17/01/14 - (NIMES-AJA) -Résumé,3066
2014-05-07T22:00:02Z,AJ Auxerre - Havre AC (2-1) - 06/05/14 - (AJA-HAC) - Résumé,4544
2013-08-17T22:00:11Z,RC Lens - AJ Auxerre (4-1) - Le résumé (RCL - AJA) - 2013/2014,62607
2014-03-21T18:46:18Z,Boli   Paris SG 1993,19451
2014-03-15T23:00:00Z,Stade Lavallois - AJ Auxerre (3-0) - 14/03/14 - (LAVAL-AJA) - Résumé,7836
2013-12-19T06:00:00Z,FC Nantes - AJ Auxerre (1-0) - 17/12/13 (1/8 de finale) - (FCN - AJA) - Résumé,10148
2014-07-10T18:31:05Z,2013 2014 France Ligue 2 Top 10 Prospects,1073
2014-02-15T23:00:01Z,Stade Brestois 29 - AJ Auxerre (1-0) - 15/02/14 - (SB29-AJA) - Résumé,4256
2014-05-17T22:00:00Z,AJ Auxerre - AS Nancy-Lorraine (0-0) - Résumé - 16/05/14 - (AJA-ASNL),5089
2014-03-01T23:00:01Z,CA Bastia - AJ Auxerre (0-0) - 28/02/14 - (CAB-AJA) - Résumé,2140
2013-09-25T19:12:37Z,Conférence de presse AJ Auxerre - CA Bastia (1-0) - 2013/2014,156
2013-11-02T23:25:27Z,AJ Auxerre - Tours FC (4-0) - Le résumé (AJA - TOURS) - 2013/2014,12178
2013-08-31T23:30:14Z,Wolves fans vs Port Vale + Goal Celebrations,26959
2014-03-01T22:17:52Z,Wolves fans at home to Port Vale 3-0 - Vale fans kicking off,26129
2014-04-08T19:53:37Z,FC United - Chorley. Sending off,175
2014-01-11T14:29:54Z,Romain Saiss,2500
2013-12-09T12:15:39Z,AUXERRE / NANCY COUPE DE FRANCE PG NTEP,636
2013-12-09T11:49:42Z,AUXERRE / NANCY COUPE DE FRANCE THOMAS MONCONDUIT,321
2014-03-29T15:39:04Z,Jorge Paixão Antevisão Braga - Benfica 25ª Jornada 2014,68
2013-08-24T08:59:34Z,BUT PRINCE SEGBEFIA AUXERRE / CHATEAUROUX,841
2014-05-17T10:08:59Z,AJA NANCY 2014 KOP ULTRA AUXERRE,1124
2013-10-04T15:00:07Z,Didier Deschamps se confie...,1265
2013-08-09T09:13:38Z,Rencontre d&#39;avant-match : Romain Saïss,4675
2013-08-15T12:03:09Z,"Avant Niort - HAC, interviews d&#39;Erick Mombaerts, Maxime Le Marchand et Romain Saïss",1322
