published-time,comment,likes
2014-03-01T10:37:58Z,Angers sco sco sco sco,0
2014-02-24T13:06:09Z,"de beau cadeaux de la part d'Auxerre , mais bon , allez le SCO:)",0
2014-02-23T01:22:10Z,,0
2014-02-22T23:15:06Z,Superbe action collective des angevins sur le premier but avec ce caviar donné par socrier a yattara ! ALLEZ LE SCO !!!,1
2014-01-28T17:53:15Z,"il faut que les lensois font ce match contre LAVAL
allez LENS!!!!",0
2014-01-28T17:30:48Z,La main xD,0
2014-01-28T17:26:36Z,"Magnifique le but d'Auxerre, bravo a Lens",0
2014-01-28T15:59:48Z,#Ligue2 - 21e journée - Retrouvez le résumé du match AJ Auxerre / RC Lens grâce à notre chaîne YouTube ! Supporters on attend vos commentaires !,6
2014-01-28T11:41:51Z,"Très bon match des deux équipes !
Allez Lens !",3
2014-05-09T06:11:59Z,F,0
2013-12-04T16:10:30Z,bon bah dans pas longtemps 16ème de finale Nantes-Auxerre,0
2013-11-02T12:32:52Z,1:20 meilleur but de la saison !!! ,0
2013-11-02T12:31:12Z,on éspère revoir auxerre en ligue1 l'année prochaine ( de la part d'un supporter nantais) ,0
2013-08-28T20:28:02Z,"But de N'Tep incroyable !
Casoni va nous ramener l'AJA en L1, j'espère ;-)",0
2013-08-28T18:26:34Z,"Coupe de La ligue*, pardon.",0
2013-08-28T18:26:09Z,"Beau but d'Ntep, dommage d'avoir une affiche de L2 aussi tot dans la coupe de France, j'aurais préféré voir Caen un peu plus loin.  ",0
2013-08-28T17:33:24Z,"magnifique but de NTEP en pleine lucarne ;)
",0
2013-08-28T15:05:30Z,Sammaritano !!! J'ai ton short de la finale de coupe de la ligue ... MERCI de me l'avoir filé !!!,1
2013-08-28T14:56:10Z,Ntep ne restera pas longtemps ;),0
2013-08-28T11:45:39Z,"oui si il part pas avant la fin du mercato.
",0
2013-08-28T10:50:21Z,Ntep va faire beaucoup de bien a l'AJA ! ,0
2013-08-28T10:01:32Z,"Amis supporters, retrouvez le résumé de l'affiche du second tour de la Coupe de la Ligue. SM Caen - AJ Auxerre : 0-3",2
2013-08-28T08:56:11Z,Le but de ntep est un pur bijou,0
2013-08-28T08:22:27Z,aller auxerre,0
2013-09-26T19:33:48Z,Allez Auxerre !!,0
2013-09-26T15:06:09Z,je suis auxerrois mais la franchement y joue comme des merdes ,0
2013-12-14T08:27:03Z,"Super, mais des commentaires serait encore mieux !",0
2013-12-08T00:31:28Z,1 occasion d en le match et il joue la pleureuse belle mentalité casoni tu ira loin,0
2013-12-08T00:29:30Z,Mentalité honteuse de casoni en conf de presse quel rageux celui ci mentalité de sudiste sa fait mal de s'en prendre 3 apprend au moi a être digne idiot va,0
2013-12-06T20:28:17Z,Toute la Lorraine est grenat !! Vive Le FC Metz ! <3,0
2013-12-05T17:00:44Z,on est les meilleurs allez metz,0
2013-12-04T09:46:26Z,"Moi ce que j'adore a Metz, ce sont les musiques avant le match :)))",0
2013-12-03T16:47:29Z,7 victoires d'affilés <3,0
2013-12-03T16:44:51Z,Allez METZ <3 ,2
2013-12-03T16:15:16Z,#Ligue2 - Retrour en vidéo sur le match de clôture de la 16e journée !,3
2013-12-03T15:36:42Z,metz pouf ,0
2013-09-17T16:30:23Z,bon à rien,0
2013-09-17T13:13:53Z,"Faut cadrer Verdier, faut cadrer ! ",0
2013-09-17T10:05:16Z,"Retrouvez le résumé d'AJ Auxerre - Stade Brestois, le dernier match de la 6e journée de Ligue 2.",1
2013-08-26T14:11:25Z,"enfin la première victoire de l'AJA, la saison est lancé",0
2013-08-25T10:19:59Z,"ALLEZ AUXERRE ! On retrouve bientôt la L1, j'espère ;-)",0
2013-08-25T09:40:07Z,"Problème de son entre le générique de début et les commentaires, merci d'égaliser le son (c'est très relou)",0
2013-08-16T15:43:40Z,Aller Auxerre,0
2013-08-16T10:13:50Z,La déf centrale de Brest O_O,0
2013-08-10T18:34:45Z,Dommage qu'il n'y ait pas de commentaires comme sur la chaîne de la Ligue1.,0
2013-08-09T16:36:13Z,"Le seul truc rassurant c'est que Hartock, le gardien que tu critiques (à raison d'ailleurs) ne devrait pas jouer un seul match de championnat sauf blessure de Thébaux.
C'est aussi vrai que la défense ça craint --'",0
2013-08-09T13:20:45Z,"Le gardien a était vraiment nul aussi 
",0
2013-08-09T12:13:50Z,Aja ♥,0
2013-08-09T00:48:26Z,"la désolé mais la défense de ton équipe sont des passoires sans parlé du gardien .... Si il joue comme sa cette saison il peuvent dire adieu la ligue 1 et bonjour la national en tout cas j’espère pas , on peut pas juger une équipe sur un match mais sa fait peur 0_0 ils encaissent 4 but a domicile dans la plupart des erreur défensif ",0
2013-08-08T21:41:25Z,SA BUG A MORT,0
2013-08-08T20:34:05Z,Ça va être dur cette saison pour Brest. C'est un groupe assez jeune... ,0
2013-08-08T09:52:14Z,aller l'AJA,0
2013-10-28T13:33:39Z,ALLEZ METZ!,1
2013-08-11T18:53:55Z,Allez Metz xD,1
2013-08-08T08:21:38Z,"Nancy, REMONTEZ-vite !!!!",0
2013-08-05T13:34:53Z,"allez malherbe !! <3
",0
2013-08-05T09:58:47Z,Allez Nancy !!,0
2013-08-04T19:25:48Z,mais il y a eu 0-0 :),0
2013-08-04T12:21:58Z,"Nancy meritais --'
",0
2013-08-04T12:21:13Z,Allez Lens !!,1
2013-08-04T10:16:28Z,"Allez Auxerre :-)
",0
2013-08-03T23:58:49Z,Allez METZ,1
2013-10-27T23:29:00Z,Rageuse auxerroise ici presente,2
2013-10-27T19:34:47Z,"2 buts cadeau .Merci a l'arbitre qui a avantage le match a Troyes, qui voit meme pas avant le 1 er but que la balle sort,HONTEUX",2
2013-10-27T16:54:21Z,ct un tres beau match mais allez l'estac,2
2013-10-27T12:07:44Z,"J'en ai mal a mon AJA mais chapeau les gars. On est mal barrés encore.
M'enfin Troyes ne méritait pas de descendre la saison dernière, ça jouait au ballon nickel, bien mieux que certaines équipes de Ligue 1 de cette saison.

ALLEZ L'AJA !!",2
2013-10-27T00:14:34Z,"Allez l'estac, le lâchez rien les gars !",3
2014-02-02T17:41:44Z,Allez Châteauroux !!!!!!!!,0
2013-09-26T21:39:04Z,"cette saison j'aimerai que angers et lens remontent et que valancienne sochaux descende 
suporter de nantes",0
2013-09-23T19:09:05Z,"faudra travailler la possession angers parce que 34% c est juste !
sinon allez le SCO !!!",0
2013-09-23T18:35:03Z,Ahah ma mini apparition a 2:16,0
2013-09-23T14:15:53Z,Khaled Ayari refait parler la poudre ! L’attaquant tunisien d’Angers SCO a repris place sur le podium des classements officiel des buteurs de Ligue 2 (2e) avec une 5e réalisation lors de la 7e journée. http://bit.ly/14znhfe,1
2013-09-22T19:37:23Z,En avant pour la ligue 1,0
2013-09-22T14:54:07Z,"La dalle Angevine !!
",0
2013-09-22T07:45:00Z,angers !,0
2013-09-21T22:31:30Z,Allez le sco,0
2014-02-09T23:20:36Z,ALLER AUXERRE !!!€,0
2014-02-09T13:52:22Z,Bravo l'Aja allez !,0
2014-05-11T07:49:16Z,C'est dégueulasse la façon dont c'est filmé!,1
2013-10-19T22:10:15Z,On aurait du le gagner 100 fois ce match :'(,0
2014-03-09T22:11:41Z,"Bien joué gastien, c la première fois que je vois un doublé csc. Il faut se ressaisir si on veut monter dijon",0
2014-03-09T17:02:11Z,des barres de rire le commentateur ,2
2014-03-09T12:47:06Z,"Le premier but contre son camp est pour moi de la faute de Diallo, faut prendre des décision des fois c'est bien de vouloir relancer dans les pieds mais quand ta surface est pleine de joueurs adverses au pressing, tu balance une balle devant et tu fais sortir tous le monde, surtout qu'après Gastien n'a pas de solution et je trouve que Perraud est vraiment NUL par rapport a Lecomte qui nous fait une 'putain' de saison !",0
2014-03-09T10:23:03Z,"Faudrait revoir ses fiches, lecomte est sorti et florent perraud est rentré et c'est lui qui encaisse les deux buts ...
On s'est encore fait voler a l'exterieur, la ligue 1 s'éloigne",1
2014-03-09T09:49:19Z,La Bourgogne est Bleue et Blanche!,4
2014-03-09T00:34:10Z,Beau doublé de Gastien,1
2013-12-25T11:59:04Z,aller auxerre,0
2013-12-17T09:39:25Z,"nantes-auxerre coupe de la ligue :)
super match en approche (de la part d'un supporter nantais )",0
2013-12-15T10:30:37Z,"Magnifique tete de Lefevre, très impressionnante en vrai !",2
2014-04-13T07:23:16Z,"Boly a pas le niveau pour la Ligue 2, ou en tout cas il donne pas l'air d'avoir envie de jouer...",0
2013-10-06T12:39:10Z,Superbe match du gardien lavallois,0
2013-10-06T07:17:31Z,Bravo aux Auxerrois !,0
2014-01-05T17:19:37Z,aller ciel et marine,0
2013-12-27T14:02:29Z,et le face a face de mesloub tout seule face au gardien il est ou?,0
2013-12-23T21:40:13Z,L'arbitre a tué le match en sifflant un faute inexistante,0
2013-12-22T17:43:31Z,Comment un arbitre peut faire une faute d'arbitrage comme ça ? Le joueur du Havre aurait du se prendre un jaune pour cette énorme simulation et à la place pénalty et jaune pour Ntep...,0
2013-12-22T10:35:24Z,"bah voila : )) il y a plus qu'a monter en haut de classement les gas !!!!
 ",0
2013-11-27T17:28:40Z,On peut avoir un commentateur svp ??,0
2013-11-27T07:31:04Z,"Menés, ils finissent pas l'emporter 3-2 c'est beau le foot :)",2
2013-11-26T20:09:53Z,Frédo a la Rabine comme au bon vieux temps ! Mais là c est lui qui met un doublé je ne sais pas pourquoi on ne le voit pas dans la description,0
2013-11-26T16:18:55Z,"Sammaritano, si tu pouvais revenir à La Rabine un de ces 4, ça ferait pas de mal ! ^^",0
2013-11-26T13:29:27Z,Le carton rouge n'est même pas mériter il fait un bon tacle glisser,2
2013-11-26T12:52:15Z,"Svp, c'est quoi la musique à 2:56 ?? Merci d'avance et vive l'AJA!!",0
2013-11-26T12:14:11Z,Le bruit du tibia d'Olivier lors du choc :S,0
2014-01-14T15:48:37Z,Lol,0
2013-08-13T12:37:54Z,Aller Nîmes !!,0
2013-08-11T14:24:06Z,"NÎMES <3
",0
2013-08-10T22:09:49Z,allez l ajaaaaaaaa,0
2014-05-09T05:43:12Z,Bravo au premier but de Pléa à Auxerre. OL 3,2
2014-05-08T08:23:16Z,"Il a quoi Sorin, ca fait pas 2 saisons qu'il est blessé ?",0
2014-05-07T22:19:09Z,Firste ,0
2014-05-07T13:48:29Z,Angers vous etes pourris vous etes pourris,0
2013-11-11T10:49:42Z,"Supporters Lensois, votez ici pour votre joueur Lensois préféré :D
http://www.pixule.com/215995195520_quel-est-votre-joueur-prefere-lens.html",0
2013-10-22T10:14:37Z,Le poteau de Aréola oui !!! ;),0
2013-08-25T02:54:34Z,LENS FANS ! <3,0
2013-08-24T06:29:32Z,"Supporter de l'OM , mon second club préféré est le RC LENS !
Deux club aux ambiances chaudes , deux clubs qui ont une âme !
ALLEZ les sang et or !",2
2013-08-22T14:58:47Z,"Après la 3ème journée et son match à domicile face à l'AJ Auxerre, le RC Lens a pris la tête du Championnat de France des Tribunes de  #ligue2  ! http://bit.ly/uwv2CL",3
2013-08-22T03:25:38Z,Merci ami Nantais ! ,0
2013-08-20T19:39:41Z,"Le public lensois m'a toujours fait rêver, et me fera toujours rêver en voyant ces images ! L'an dernier était galère pour vous, vous étiez là, et cette année vous l'êtes encore, en étant toujours plus nombreux ! Franchement respect, on espere vous revoir très vite en L1, votre place n'est pas la L2 ! Un supporter strasbourgeois",0
2013-08-19T12:35:28Z,J'y été aussi et l'ambiance OMG,0
2013-08-19T08:24:04Z,"enorme le rclens
",0
2013-08-18T14:08:14Z,Entièrement d'accord avec toi ! Le n°7 auxerrois nous a fait très mal et heureusement que la chance était de notre côté ;-) Supp lensois,0
2013-08-18T14:07:34Z,"J'ai été voir le match, une ambiance de folie, des buts et une grande équipe! La ola qui a fait le tour du stade, la chenille, les chants...Comme d'habitude exceptionnel!  Moi qui était placé en Lepagnot, une très belle vue pour suivre le match :) En tout cas merci à l'équipe pour ce très grand match!",0
2013-08-18T12:47:18Z,"L'après match sur ma chaîne, les joueurs viennent remercier les 4 tribunes. Le pic de l'après midi à Bollaert aura été cette ola qui a fait 6 tours de stade sans s'arrêter x') ",1
2013-08-18T10:47:27Z,"Allez Lens ! On se retrouve en ligue 1 l'année prochaine ! ;)
Un supporter Nantais :D",0
2013-08-18T10:45:30Z,"Sur la tête de Le Moigne, Ljuboja est derrière le défenseur auxerrois donc pas hors-jeu.",0
2013-08-18T09:05:27Z,"Areola très bon, malheureusement :/ 4-1 très sévère, 2 poteaux pour Auxerre, Sorin pas dans un grand jour, mais Ntep toujours aussi bon, malgré la défaite ça reste encourageant pour auxerre",0
2013-08-18T09:01:09Z,"Au départ du ballon (tete de lemoigne) il est sur la meme ligne que le défenseur Auxerrois, apres le ballon et effleurer par Sorin, donc non pas de hors-jeu ",0
2013-08-18T07:40:55Z,Le but de Ljuboja est hors-jeu non ?,0
2013-08-18T05:44:04Z,Jy etais mois au stade et c'etais une enorme ambiance !! 3,0
2013-08-17T23:48:56Z,1:30   Je m'appelle sorin je suis le 4 eme Arbitre ,0
2013-08-17T22:08:32Z,"Chavarria et Areola excellent !
Par contre Ntep ça fait 2 saisons de suite qu'il nous met la misère.",0
2014-03-21T20:16:56Z,Oh putain !,1
2014-03-18T17:58:45Z,"allez le stade, (un supporter Parisien)",2
2014-03-17T11:02:42Z,Go Tangos !!!!!!! maintien en L2 !!! ( un supporter Lyonnais ),2
2014-03-16T12:33:56Z,triste pour auxerre :( ça fait mal au coeur de les voir comme ça...,1
2014-03-16T09:14:46Z,ALLEZ LAVAL,2
2014-03-16T00:11:09Z,Bien joué la SL,2
2013-12-19T12:05:50Z,"qualification acquise dans la douleur. le but = un coup du sort

néanmoins, bravo a Auxerre qui a fait un bon match, (du moins meilleur que les nantais) et qui meritait de passer",1
2013-12-19T09:34:16Z,Pourquoi ne voit-t-on pas le but refusé de Fernando Aristeguieta ? Alors oui il est hors-jeu mais on pourrait tout de même le voir car il est magnifique.,1
2014-03-19T11:21:35Z,On peur remonter en l1,0
2014-02-20T18:30:28Z,allez brest mous sommes tous avec vous,0
2014-02-16T13:57:06Z,Allez Brest,0
2014-02-16T11:01:14Z,BIEN JOUER BREST !! ON CONTINUE COMME CA JUSQU'AU MAINTIEN !!,0
2014-02-16T10:58:34Z,allez brest,0
2014-05-17T22:18:14Z,"Bah, ils sont où les buts refusés à Nancy ? ",2
2014-05-28T11:22:50Z,"J ador
",0
2014-01-16T17:20:41Z,Aller tours,0
2013-11-04T18:23:33Z,Allez les bleus c'est pas grave ça arrive !!,0
2013-11-03T08:20:43Z,super aller auxerre  (ma team de ligue 2 prefere),2
2013-11-03T02:58:35Z,Allez Tours Fc,0
2014-03-20T17:45:34Z,"chatting out your arse mate, wolves were on lee Hugh's case the moment we showed up.",0
2014-03-09T10:23:39Z,@jay dunno   I'm a Swindon fan and was at wolves for the away game did you think are fans were good then? We brought a decent amount but I hate it when it's allocated seating cus u get all the moaning people behind you and it just kills the atmosphere ,0
2013-10-11T19:22:08Z,Blues mad wolves are awful,0
2013-09-30T15:06:57Z,"Ye us an Villa am loudest fans in Midlands by far but gotta admit Walsall an Swindon av both been very good travelling but sell out 5k to Preston, 4.5k Port vale, 2.5 Bristol, 1.5 Shewsbury cus there ground is small an it was all we were given! Wolvesaywe This is our club an it knows no division!!!!",0
2013-09-17T11:35:55Z,Cant wait for coventry away at wolves gunna be a great game sell out to!!,0
2013-09-14T20:41:40Z,"You only come to see the wanderers, come to see the wanderers. I don't care what any 1 says selling out each away game n averaging 20000 at home in league 1. I highly doubt that smalsall would take 20k to wembley. Shit club, shit fans. No ambition dead out club.",0
2013-09-14T09:26:32Z,Andy jones paul vale will be in league 2 again next yr ur a tiny fuk all club that nobody gives a fuk about ur gates are 4ooo on a good day so y dont u shut ur burslum gums in fuking stoke needs wiping off the map i remember at st andrews u took about 100 fans great away support that considering birmingham is only 30.miles away  ur  a conferance north club .we r.birmingham city,0
2013-09-11T15:00:39Z,That went well.,0
2013-09-07T00:24:40Z,And I will never forget those lads from wolves that turned up when we were in the shit and gave us a bit of support cheers lads!,1
2013-09-07T00:23:12Z,love it good bit of banter! shame about the trouble after the game. Wolves are a bloody good side how on earth did you end up in league one? you're a great club shout from the rooftops all game not just when you go one nil up! 4000 sounded like 400 at times lads!,0
2013-09-02T15:59:26Z,"lol this made me laugh, walsall with pride, hahahaha, 
wolves ay we. ",0
2013-09-02T15:57:34Z,LEEEIGGH GRIFFITHS IS WANDERERS NUMBER 9!!!!!!,0
2013-09-02T13:17:51Z,Am I the only that thinks the former premiership team wolves fans chanting 'who are ya' to an league 1 team ironic?,0
2013-09-01T22:29:44Z,"i thought walsall were a sunday league team until we got relegated, i could of sworn i played against them ??",0
2013-09-01T22:27:45Z,"what on earth are you on about you absolute spleen?, let me get this right, you're saying because we kicked off when our club was in turmoil last year, we're not allowed to celebrate that all the dead wood has been cleared out and we have all the youngsters playing their hearts out for our club again ? you know nothing of what we went through in the last 2/3 years, we've finally got something to celebrate and we're getting behind the youngsters, sold out every away ground so far.",0
2013-09-01T21:13:37Z,Im a Villa fan and id love wolves back in the big time much bigger club than blues and west brom! ,0
2013-09-01T20:18:21Z,"Shame you didn't get the celebrations to their goal, I quite enjoyed a bit of glad all over!",0
2013-09-01T20:00:04Z,Yo ay in the Black country and yo ay even got any fans...DarloWolves =)....,0
2013-09-01T19:56:12Z,Two faced cunts last season you were kicking off now your on here singing ya stupid songs you were playing port vale not Newcastle,0
2013-09-01T18:37:15Z,no songs? you sing 2 songs shit club smallsal,0
2013-09-01T13:11:11Z,I was fucking ave it vale shit,0
2013-09-01T11:58:34Z,best away day I've had in a few years,0
2013-09-01T09:30:55Z,FWAW,0
2013-09-01T00:04:50Z,wish I was there :(,0
2014-07-05T17:04:25Z,Wolves and vale are both wank end of.,0
2014-06-10T10:43:28Z,"Cody MacDonald 90th minuet, Preistfield  erupts ",0
2014-06-07T09:14:23Z,"""shall we kick fuck out of you"" Haha, missed that before... Ask your mob how it went at that canal bridge, at least them fuckers had a go... for all of 2 minutes haha",0
2014-05-26T08:54:46Z,"'Big club' couldn't control Vale home or away, you should have pissed this league more than what you already have you dingle bastards.",0
2014-04-04T13:49:45Z,CAN YOU HEAR THE VALE SING NO NO  CAN YOU HEAR THE VALE SING I CAN'T HEAR A FUCKING THING CAN YOU HEAR THE VALE SING NO OHHHHHH SHHHHHHHHH,0
2014-04-03T22:12:17Z,Btw I'm a crewe fan hahaa,0
2014-04-03T22:11:50Z,When we played you on Boxing Day we lost 2-0 but you lot we're singing feed the clay heads :'D,1
2014-03-24T14:15:16Z,Never play you again ducks.  #coyw  ,1
2014-03-11T07:29:45Z,Easy.. easy.. easy.. ,1
2014-03-09T22:03:25Z,Brom,0
2014-03-09T22:03:19Z,Yam yam yam yam yam bus stop in west broom,2
2014-03-08T00:26:22Z,"Bus stop in Stoke, your just a bus stop in stoke!",2
2014-03-05T18:04:31Z,Yam yam yam yam yam ,2
2014-03-02T19:25:06Z,WOLVES AY WE,5
2014-03-02T12:00:28Z,Wolves mardarses. Nowhere on your own turf. Pathetic. ,4
2014-03-01T22:30:41Z,"""Your just a fat Phil Mitchell"" haha",10
2013-10-07T20:51:53Z,je les trouve quand meme meilleurs mais c'est vrai qu'il est fort franck,0
2013-10-07T16:20:08Z,Heu pour l'instant si,0
2013-10-07T16:19:33Z,Mais n'importe quoi!!,0
2013-10-05T21:08:46Z,Trs,0
2013-10-04T17:19:36Z,quand meme pas ribery ne fait pas du tout le poid face CR7 et Messi,0
2013-10-04T15:15:24Z,On a le meilleur joueurs du monde on est que 16 èm FIFA,0
