publish_date,title,view_count
2013-12-20T11:24:02Z,"Neeskens Kebano, l&#39;atout Zèbre !",15153
2013-10-29T16:17:57Z,Sortie mythique de Neeskens Kebano en mode Kaaris,64376
2014-03-15T17:20:01Z,Kamel Ghilas Vs Neeskens Kebano,2652
2013-11-23T22:53:00Z,Charleroi - Anderlecht (Ambiance Goal Kebano) 2-1,1517
2014-01-19T19:06:57Z,Kebano scoort de 2-0,209
2013-08-10T22:49:04Z,Mons - Charleroi (Mandanda Arrete le penalty !!!!),1552
2013-11-29T23:42:13Z,Les joueurs du Sporting de Charleroi 2013 - 2014,624
2014-04-26T12:24:01Z,Message aux supporters : Parfait Mandanda,2053
2014-03-17T12:39:33Z,Training Day - GoPro,1709
2014-07-18T11:19:26Z,Royal Charleroi Sporting Club : Photo officielle 2014-2015,1539
2014-04-25T16:38:42Z,Message aux supporters : Sébastien Dewaest,2383
2013-11-23T20:58:47Z,Enculé .. Sporting de Charleroi ; Charleroi/Anderlecht,1272
2014-02-19T21:39:47Z,BEST OF ALESSANDRO... ENTRAINEMENT  AU SPORTING DE CHARLEROI,1373
2013-08-04T10:49:40Z,Charleroi - Waasland (But de Miliceviiiiic pour le 1-0) 1-1,716
2013-08-07T04:23:31Z,Lucas Moura - Dribbling and Assists - [2013] - ♫ OchoCinco ♫ 1080p,1074
2014-03-09T01:05:29Z,Sporting Charleroi - K. Lierse S.K.: samenvatting RTBF (5m46),2340
2013-08-08T21:51:50Z,Fulham vs reading  the skill 2013&#39;,47
2013-12-01T14:01:34Z,Tribune Zuid Genk 1990 - de stem van Genk!,765
2013-11-07T14:26:44Z,"Stadium Store Signing with Kasami, Boa Morte and more!",1044
2014-04-19T12:55:55Z,Damien Marcq Skillsnomination,3546
2013-08-20T15:14:43Z,Cedrick Mabwati Vs Real Madrid (A) By Linus,58441
2014-02-28T18:03:01Z,Felice Mazzu avant La Gantoise - Rcsc,1124
2013-10-07T12:26:46Z,Introducing Vick and Ivan,3024
2013-09-29T19:26:52Z,Ariza Makukula OFI Gentikoule.gr,1141
2014-02-17T08:59:28Z,FCB - PERUWELZ,91
2014-04-26T14:36:03Z,Felice Mazzu avant RCSC - Malines,425
2013-12-23T19:47:33Z,FOOT free kick 1 RINOR AZIRI RCSC SPORTING CHARLEROI,76
2014-06-01T12:10:34Z,Great free kick by Nikola - Jolie coup franc tiré par Nikola!,74
2013-11-20T15:35:26Z,&#39;Team spirit was key to World Cup qualification&#39; - Moutinho,230
2014-03-23T19:13:52Z,Communion entre les joueurs et leurs supporters,562
2014-04-18T14:00:08Z,Stage de Pâques : Rencontre avec les pros,1456
2013-12-05T23:00:01Z,Goal Clarck NSIKULU (75&#39;) - Evian TG FC - Paris Saint-Germain (2-0) - 04/12/13 (ETG - PSG),2964
2013-10-18T13:31:45Z,The Ratmobile!,10606
2014-05-12T17:05:32Z,Bilan de fin de saison,1745
2013-11-03T19:43:22Z,Lierse-Charleroi GoPro (2/11/2013),15164
2013-08-19T19:30:09Z,Sp. Charleroi - KV Kortrijk 1-2 // Matchverslag VTM-Stadion // 2013-2014,2776
2014-04-08T06:14:15Z,Joel Kiassumbua - FC Wohlen,8639
2014-07-03T06:48:06Z,Jonathan Ayite - Goals 2013-14,349
2013-11-03T23:00:02Z,But Cédric MONGONGU (90&#39; +2 pen) - Evian TG FC - Toulouse FC (2-1 - 2013/2014,456
2013-10-31T10:37:58Z,Aux Armes (Charleroi - Malines),1187
2014-01-30T22:08:23Z,David Pollet - Welcome To RSC Anderlecht!,5956
2013-08-11T10:03:37Z,Mons 1-2 Charleroi ambiance après le but,210
2013-11-17T18:27:14Z,But du FC Charleroi ! 15-11-2013,86
2014-01-29T23:23:15Z,Nicaise Kudimbana ● Kv Ostende |2013 - 2014|  Prestation ● HD,1081
2014-03-14T17:25:25Z,Damien Marcq avant Malines - Rcsc,611
2014-03-26T10:03:48Z,MBALA Extremo Esquerdo/Direito FCPenafiel 2013/2014,2307
2014-01-20T17:33:42Z,Les premiers mots de Marcel Tisserand en Sang et Or,13706
2014-04-27T00:05:17Z,R.Charleroi.S.C. - KV.Mechelen 3-0 Communion des joueurs avec la T4 By Trips Julien Photography,6978
2013-10-06T08:36:12Z,Charleroi - Lokeren : Hamdi HARBAOUI,2612
2014-05-17T19:48:16Z,Chancel Mbemba ►New Kompany | RSC Anderlecht |,84153
