publish_date,title,view_count
2013-12-09T11:49:42Z,AUXERRE / NANCY COUPE DE FRANCE THOMAS MONCONDUIT,321
2014-03-22T23:00:01Z,US Créteil - AJ Auxerre (0-2) - 21/03/14 - (USCL-AJA) - Résumé,3919
2013-09-25T22:00:14Z,AJ Auxerre - CA Bastia (1-0) - Le résumé (AJA - CAB) - 2013/2014,4689
2013-12-14T23:00:01Z,AJ Auxerre - Chamois Niortais (2-0) - 13/12/13 - (AJA - NIORT) - Résumé,4743
2014-01-28T11:00:02Z,AJ Auxerre - RC Lens (1-2) - 27/01/14 - (AJA-RCL) -Résumé,14174
2013-12-03T11:00:01Z,FC Metz - AJ Auxerre (3-0) - 02/12/13 - (FCM - AJA) - Résumé,14444
2014-02-08T23:00:02Z,AJ Auxerre - FC Istres (1-0) - 07/02/14 - (AJA-FCIOP) -Résumé,2642
2014-01-11T23:00:01Z,AJ Auxerre - AC Arles Avignon (1-1) - 10/01/14 - (AJA-ACA) -Résumé,2621
2013-10-05T22:00:01Z,AJ Auxerre - Stade Lavallois (2-0) - Le résumé (AJA - LAVAL) - 2013/2014,4972
2013-08-10T22:00:11Z,AJ Auxerre - Nîmes Olympique (1-1) - Le résumé (AJA - NIMES) - 2013/2014,5958
2014-05-03T22:00:02Z,Chamois Niortais - AJ Auxerre (1-0) - 02/05/14 - (NIORT-AJA) - Résumé,2725
2014-03-15T23:00:00Z,Stade Lavallois - AJ Auxerre (3-0) - 14/03/14 - (LAVAL-AJA) - Résumé,7836
2014-03-01T23:00:01Z,CA Bastia - AJ Auxerre (0-0) - 28/02/14 - (CAB-AJA) - Résumé,2140
2014-05-10T22:00:01Z,AC Arles Avignon - AJ Auxerre (0-2) - Résumé - 09/05/14 - (ACA-AJA),3779
2013-08-03T22:00:12Z,AS Nancy-Lorraine - AJ Auxerre (0-0) - Le résumé (ASNL - AJA) - 2013/2014,8854
2014-04-12T22:00:01Z,AJ Auxerre - Clermont Foot (0-2) - 11/04/14 - (AJA-CF63) - Résumé,3013
2014-02-01T23:00:02Z,Châteauroux - AJ Auxerre (2-0) - 31/01/14 - (LBC-AJA) -Résumé,3245
2014-04-05T22:00:01Z,Tours FC - AJ Auxerre (2-2) - 04/04/14 - (TOURS-AJA) - Résumé,4303
2014-03-08T23:16:39Z,AJ Auxerre - Dijon FCO (2-2) - 07/03/14 - (AJA-DFCO) - Résumé,5848
2014-03-29T23:00:01Z,AJ Auxerre - ESTAC Troyes (0-0) - 28/03/14 - (AJA-ESTAC) - Résumé,2339
2013-09-28T22:00:01Z,Dijon FCO - AJ Auxerre (1-0) - Le résumé (DFCO - AJA) - 2013/2014,4752
2014-01-18T23:00:03Z,Nîmes Olympique - AJ Auxerre (2-2) - 17/01/14 - (NIMES-AJA) -Résumé,3066
2014-02-15T23:00:01Z,Stade Brestois 29 - AJ Auxerre (1-0) - 15/02/14 - (SB29-AJA) - Résumé,4256
2013-08-17T22:00:11Z,RC Lens - AJ Auxerre (4-1) - Le résumé (RCL - AJA) - 2013/2014,62607
2014-05-07T22:00:02Z,AJ Auxerre - Havre AC (2-1) - 06/05/14 - (AJA-HAC) - Résumé,4544
2013-12-19T06:00:00Z,FC Nantes - AJ Auxerre (1-0) - 17/12/13 (1/8 de finale) - (FCN - AJA) - Résumé,10148
2014-05-17T22:00:00Z,AJ Auxerre - AS Nancy-Lorraine (0-0) - Résumé - 16/05/14 - (AJA-ASNL),5089
2014-04-26T22:00:01Z,AJ Auxerre - FC Metz (0-3) - 26/04/14 - (AJA-FCM) - Résumé,19142
2013-10-05T18:15:58Z,L&#39;ALTERCATION STEPHANE RUFFIER ET YOHAN MOLLO.MONACO 2-1 SAINT ETIENNE,29677
2013-12-09T12:15:39Z,AUXERRE / NANCY COUPE DE FRANCE PG NTEP,636
2013-12-09T10:29:20Z,Willy Boly COUPE DE FRANCE AJA /Nancy,5740
2013-11-16T14:38:35Z,JOGA BONITO x DIABATE x NIKEFOOTBALL,1753
2014-06-12T12:55:06Z,Geste technique insolite de Mamadou Sakho,12910
2014-06-25T19:09:06Z,Julien Cazarre : &quot;Suarez est un blaireau&quot; - 25/06,114105
2014-04-21T21:08:42Z,L&#39;instant Cazarre - 21/04,20723
2014-07-13T00:56:03Z,Le Journaldinho de Julien Cazarre - 13/07,19426
2014-06-27T21:19:52Z,Le Journaldinho de Julien Cazarre - 28/06,35572
2014-01-07T18:41:54Z,Le Kazaroké avec Benjamin Nivet - 07/01,10076
2014-02-11T03:14:12Z,L&#39;instant Cazarre - 10/02,45806
2014-02-18T01:00:15Z,L&#39;instant Cazarre - 17/02,39416
