publish_date,title,view_count
2014-03-16T23:00:01Z,But Valère GERMAIN (4&#39;) - Olympique Lyonnais-AS Monaco FC (2-3) - 16/03/14 - (OL-ASM),906
2014-02-23T23:00:02Z,But Valère GERMAIN (8&#39;) - AS Monaco FC-Stade de Reims (3-2) - 21/02/14 - (ASM-SdR),939
2014-01-26T23:00:01Z,Goal Valère GERMAIN (41&#39;) - AS Monaco FC-Olympique de Marseille (2-0) - 26/01/14 - (ASM-OM),1455
2014-02-02T23:00:03Z,But Valère GERMAIN (41&#39;) - FC Lorient-AS Monaco FC (2-2) - 01/02/14 - (FCL-ASM),562
2014-05-10T23:37:08Z,But Valère GERMAIN (40&#39;) - Valenciennes FC-AS Monaco FC (1-2) - 10/05/14 - (VAFC-ASM),1038
2013-10-17T16:27:15Z,Germain vs Caillard : le duel,1633
2014-03-16T23:00:01Z,Goal Valère GERMAIN (4&#39;) - Olympique Lyonnais-AS Monaco FC (2-3) - 16/03/14 - (OL-ASM),508
2014-02-23T23:00:01Z,Goal Valère GERMAIN (8&#39;) - AS Monaco FC-Stade de Reims (3-2) - 21/02/14 - (ASM-SdR),199
2014-01-26T23:00:01Z,But Valère GERMAIN (41&#39;) - AS Monaco FC-Olympique de Marseille (2-0) - 26/01/14 - (ASM-OM),7231
2014-02-02T23:00:02Z,Goal Valère GERMAIN (41&#39;) - FC Lorient-AS Monaco FC (2-2) - 01/02/14 - (FCL-ASM),308
2014-05-10T23:40:19Z,Goal Valère GERMAIN (40&#39;) - Valenciennes FC-AS Monaco FC (1-2) - 10/05/14 - (VAFC-ASM),289
2014-01-26T23:39:50Z,Monaco - OM (2-0) - 26/01/14 - (AS Monaco FC - Olympique de Marseille) - Highlights,15955
2014-02-21T23:21:16Z,"Football / Ligue 1 : Monaco, au bout du suspense - 21/02",380
2014-02-02T23:00:02Z,FC Lorient - AS Monaco FC (2-2) - 01/02/14 - (FCL-ASM) -Highlights,3438
2013-12-26T18:10:20Z,Football Rumeurs de Transferts : Valère GERMAIN (AS MONACO) vers...,104
2014-03-17T00:17:27Z,Olympique Lyonnais - AS Monaco FC (2-3) - 16/03/14 - (OL-ASM) - Highlights,10588
2014-02-03T00:47:47Z,Yohan Cabaye INTRODUCED to PSG fans - PSG - Bordeaux (2-0) - 2013/2014,13692
2014-02-03T00:47:06Z,Week 23 : Bloopers - Ligue 1 - 2013/2014,2575
2014-02-23T23:39:23Z,Week 26 : Bloopers - Ligue 1 - 2013/2014,3395
2014-02-23T23:00:01Z,Goal Prince ONIANGUE (53&#39;) - AS Monaco FC-Stade de Reims (3-2) - 21/02/14 - (ASM-SdR),310
2014-03-02T23:00:02Z,AS Saint-Etienne - AS Monaco FC (2-0) - 01/03/14 - (ASSE-ASM) - Highlights,6761
2014-03-16T23:00:01Z,Goal Dimitar BERBATOV (51&#39;) - Olympique Lyonnais-AS Monaco FC (2-3) - 16/03/14 - (OL-ASM),16027
2014-02-03T00:49:10Z,La présentation de Yohan Cabaye au PARC - PSG - Bordeaux - Ligue 1 - 2013/2014,14752
2014-03-16T23:00:01Z,Goal James RODRIGUEZ (27&#39;) - Olympique Lyonnais-AS Monaco FC (2-3) - 16/03/14 - (OL-ASM),2216
2014-05-10T23:39:06Z,But Nabil DIRAR (87&#39;) - Valenciennes FC-AS Monaco FC (1-2) - 10/05/14 - (VAFC-ASM),14359
2014-02-23T23:00:03Z,But Prince ONIANGUE (53&#39;) - AS Monaco FC-Stade de Reims (3-2) - 21/02/14 - (ASM-SdR),2620
2014-05-01T11:01:09Z,Lucas Ocampos - Super Talent  - Crazy Skills Dribbling Assists &amp; Goals /Full ᴴᴰ/,36554
2014-03-16T23:00:02Z,But Dimitar BERBATOV (51&#39;) - Olympique Lyonnais-AS Monaco FC (2-3) - 16/03/14 - (OL-ASM),4034
2014-02-23T23:00:03Z,But Jérémy TOULALAN (63&#39;) - AS Monaco FC-Stade de Reims (3-2) - 21/02/14 - (ASM-SdR),13929
2014-03-16T23:00:01Z,But James RODRIGUEZ (27&#39;) - Olympique Lyonnais-AS Monaco FC (2-3) - 16/03/14 - (OL-ASM),986
2014-05-10T23:39:25Z,Goal Nabil DIRAR (87&#39;) - Valenciennes FC-AS Monaco FC (1-2) - 10/05/14 - (VAFC-ASM),1282
2014-03-06T13:53:47Z,Anthony Martial - NEW Superstar - Skills Dribbling Assists Goals |HD|,41915
2014-05-11T04:02:41Z,PSG&#39;s Cabaye injury before World Cup - Lille - PSG (1-3) - 2013/2014,4994
2014-02-03T00:45:06Z,Cavani&#39;s INJURY- Out for 3 Weeks - He&#39;ll miss Leverkusen - PSG - 2013/2014,7488
2014-02-23T23:00:02Z,Goal Jérémy TOULALAN (63&#39;) - AS Monaco FC-Stade de Reims (3-2) - 21/02/14 - (ASM-SdR),4269
2014-02-09T23:13:39Z,Monaco - PSG (1-1) - 09/02/14 - (AS Monaco FC-Paris Saint-Germain) - Highlights,50679
2014-02-24T00:26:06Z,Toulouse-PSG (2-4) in Slow Motion - 2013/2014,15780
2014-02-03T00:47:28Z,Lorient - Monaco in Slow Motion (2-2) - 2013/2014,2130
2014-05-11T04:04:26Z,La sortie sur civière de Yohan Cabaye - Lille - PSG (1-3) - Ligue 1 - 2013/2014,30799
2014-02-03T00:48:56Z,La blessure de Cavani OUT au moins 3 semaines - PSG - Bordeaux - Ligue 1 - 2013/2014,22450
2014-05-11T03:54:05Z,Week 37 : Bloopers - Ligue 1 - 2013/2014,2006
2014-02-03T02:01:04Z,Ligue 1 - Week 23 Highlights - 2013/2014,6166
2014-02-24T00:25:22Z,Le match Toulouse - PSG à la loupe (2-4) - Ligue 1 - 2013/2014,24597
2014-02-03T00:52:10Z,Le match Lorient - Monaco à la loupe (2-2) - Ligue 1 - 2013/2014,6892
2014-02-23T23:00:01Z,But Layvin KURZAWA (90&#39; +5) - AS Monaco FC-Stade de Reims (3-2) - 21/02/14 - (ASM-SdR),5437
2014-03-24T00:39:56Z,AS Monaco FC - LOSC Lille (1-1) - 23/03/14 - (ASM-LOSC) - Highlights,8085
2014-05-11T04:03:35Z,Lille - PSG in Slow Motion (1-3) - Ligue 1 - 2013/2014,2524
2014-01-26T23:00:01Z,Goal Emmanuel RIVIERE (57&#39;) - AS Monaco FC-Olympique de Marseille (2-0) - 26/01/14 - (ASM-OM),3730
2014-03-09T23:00:02Z,AS Monaco FC - FC Sochaux-Montbéliard (2-1) - 08/03/14 - (ASM-FCSM) - Highlights,7238
2014-02-24T00:46:18Z,Ligue 1 - Week 26 Highlights - 2013/2014,8095
