publish_date,title,view_count
2014-04-28T18:20:54Z,Crey Goal v Trebel,40
2014-05-22T21:16:44Z,Adrien Trébel : Nouvelle recrue du Standard de Liège (Mercato d&#39;été 2014),3711
2014-05-21T13:55:31Z,Un nouveau renfort!,3178
2014-01-12T23:00:01Z,FC Nantes - FC Lorient (1-0) - 12/01/14 - (FCN-FCL) -Highlights,1617
2014-01-20T00:23:08Z,PSG vs Nantes (5-0) - 19/01/14 - Highlights - (Paris Saint-Germain-FC Nantes),73948
2014-01-16T06:00:02Z,FC Nantes - OGC Nice (4-3) - 15/01/14 (1/4 de finale) - (FCN-OGCN) -Résumé,104552
2013-12-01T23:00:01Z,EA Guingamp - FC Nantes (1-0) - 30/11/13 -  (EAG - FCN) - Highlights,3056
2013-10-31T06:00:01Z,FC Nantes - FC Lorient (2-0) - Le résumé (FCN - FCL) - 2013/2014,21003
2014-01-12T23:00:02Z,FC Nantes - FC Lorient (1-0) - 12/01/14 - (FCN-FCL) -Résumé,19201
2013-12-01T23:00:02Z,EA Guingamp - FC Nantes (1-0) - 30/11/13 - (EAG - FCN) - Résumé,12987
2014-01-19T23:01:38Z,PSG - Nantes (5-0) - Résumé - 19/01/14 - (Paris Saint-Germain - FC Nantes),427533
2014-03-01T21:30:59Z,CFA FC Nantes 1-1 Vitre Samedi 1er Mars 2014,5550
2013-10-03T10:31:19Z,Player of the month September,2806
2013-11-23T20:58:47Z,Enculé .. Sporting de Charleroi ; Charleroi/Anderlecht,1272
2014-03-31T15:16:16Z,Standard de Liege x Anderlecht,164
2013-09-03T11:41:45Z,Un prix pour William,275
2014-04-28T11:35:55Z,Le résumé Anderlecht Standard 2-1,19331
2013-10-24T17:46:40Z,French football clubs plan strike over 75% tax plan,457
2013-09-26T22:00:02Z,Goal Filip DJORDJEVIC (27&#39;) - FC Nantes - OGC Nice (2-0) - 2013/2014,1851
2013-08-19T11:07:07Z,Promo RSCAtv e4,1132
2013-09-29T15:10:35Z,RSC Anderlecht - K. Lierse S.K.: interview Swinkels,1072
2014-01-02T11:09:28Z,Elimane Coulibaly &quot;Ik voel me gelukkig bij Kortrijk&quot;.,2070
2014-05-28T04:23:01Z,"27 05 New York,  Pejcinovic",646
2014-01-25T12:07:10Z,FILIP DJORDJEVIC 2013/2014 FCN,668
2013-10-21T20:15:39Z,Portrait de Filip Djordjevic,5397
