published-time,comment,likes
2014-03-27T13:29:12Z,"yeah, your probablly right.....:)",0
2014-03-24T17:41:39Z,same bored comentator....,2
2014-03-29T10:59:00Z,cool,0
2014-03-26T18:03:37Z,Oh la chance,2
2014-03-25T10:55:32Z, #FCN  <3,1
2014-03-24T00:05:07Z,beautiful rain is blooper ?,2
2014-03-27T23:36:46Z,keeper,0
2014-03-27T23:36:41Z,a goalkeeper without luck is not a goal,0
2014-03-24T20:26:10Z,"It's so great, he done it 8 times.",0
2014-03-24T02:53:28Z,Magnificent save,0
2014-03-25T10:55:15Z, #FCN  <3,1
2014-07-23T21:53:43Z,lol what a crap small sugar daddy club monaco is.,0
2014-07-15T10:19:04Z,how small is the monaco fan base why isnt the stadium full ugh,0
2014-06-28T22:06:50Z,"James RODRIGUEZ, back here",1
2014-04-07T15:16:56Z,No wonder Romero doesn't play. Monaco has great goalkeepers.,3
2014-04-06T22:12:51Z,James crack!,7
2014-03-26T11:01:29Z,"paris marque que des buts de merde
anti parisien!!!!!",0
2014-03-24T17:46:11Z,ALV <3 toujours énormes les descente de sainté !,1
2014-03-24T17:29:16Z,paris a mis le but le plus moche de cette 30ème journée,0
2014-03-23T23:21:14Z,pourquoi faire un truc à la loupe pour un vieux 0-1 ?,0
2014-03-28T11:29:49Z,"Ouais mais de toute façon, ALLEZ les Nantais !!",0
2014-03-27T17:02:40Z,Le carton est merité meme si je suis pour aucune de ces equipe le tacle touche la cheville ,0
2014-03-26T09:25:59Z,"S'il vous plaît dites-moi quelqu'un d'autre trouve ce match fort drôle. Montpellier a une course exceptionnelle au début de l'année, mais ce match était hilare à regarder.",0
2014-03-26T09:23:12Z,"Please tell me someone else finds this match highlight funny. Montpellier had an outstanding run early in the year, but this match was hilarious. ",0
2014-03-25T18:54:43Z,"ça va les nantais vous l'avez payé combien l'arbitre? même en infériorité numérique on vous dominait, s'il n'y avait pas eu d'erreurs d'arbitrage je pense que ça aurait été un tout autre match...",0
2014-03-25T14:00:32Z,"Arbitrage en faveur de Nantes pour une fois.

Ceux qui pensent que Lucas Deaux a simulé, achetez vous des lunettes et revoyez le tacle ...",2
2014-03-25T00:24:54Z,Joudren est catastrophique,0
2014-03-24T20:36:14Z,"""La simulation de Deaux"" mais il est sérieux celui qui a dit ça ! Il aurait pu lui pété la cheville bolosse, si il s'est relevé juste après c'est parce que lui c'est un guerrier, un bonhomme, tu vois? Rien que le geste mérite le rouge ! ",1
2014-03-24T20:22:29Z,"On s'est tellement plaint de l'arbitre, on peut le remercier cette fois ! à 11 contre 9 c'est inacceptable d'être dominé comme as.. Mais la victoire fait du bien! FCN<3",1
2014-03-24T17:57:55Z,"Arretez de rager sur les cartons rouges ils sont entierement mérité ! Le deuxieme est peut etre sévere mais logique : c'est le dernier défenseur et il tacle sans jouer le ballon pour arreter le joueur sinon c'était but.
La main de Deaux dans la surface est invisible elle n'a meme pas dévié le ballon et en plus elle est involontaire parceque le joueur de Motpellier l'a déséquilibré",6
2014-03-24T17:21:20Z,"je suis content quand nantes gagne , mais de cette façon ...
l'arbitrage a été pourri envers montpellier , ils ne méritent pas de retourner en ligue2.
mais bon pour une fois que l'arbitrage a été en faveur de nantes --'",3
2014-03-24T16:09:48Z,beau match pour les nantais qu'ils continuent ainsi!!,2
2014-03-24T13:32:09Z,"Les 2 mains nantaises, la simulation qui vaut un rouge plutôt qu'un jaune pour Marveaux (sortir sur civière pour revenir 3 minutes plus tard en courant comme un lapin, bien joué), le tacle assassin sur Stambouli par derrière avec les deux pieds levés sans jouer le ballon qui vaut...un jaune selon l'arbitre, le penalty imaginaire + rouge sur Congre...
Chapeau l'arbitre, on voit pas du tout le parti pris sur ce match. Et chapeaux à vous les pseudo-journalistes (CFC, l'équipe...) pour ne rien dire dessus.",1
2014-03-24T12:10:25Z,#FCN <3 ,2
2014-03-24T10:51:19Z,Le Mhsc qui se fait encore niquer par l'arbitrage --' ! Y 'en a marre,2
2014-03-23T23:20:24Z,et les deux mains dans la surface nantaise elles ont disparues...,6
2014-03-26T16:54:36Z,4:54 Simulation de l'extrême ,1
2014-03-26T12:33:33Z,Carrasso devrait apprendre que lorsque l'on effectue un arrêt on dois se relever après.Sinon sa fait but.,0
2014-03-25T18:20:30Z,le but le plus moche de cette 30ème journée est attribué à PARIS,1
2014-03-25T11:47:21Z,Allez les Croix !,0
2014-03-25T07:10:38Z,"En quoi suis je un footix ? As tu un argument pour dire cela ? Non aucun je pense que le footix c est toi qui ne connait pas mieux que son petit club regional. Trouve moi un argument car pour l instantta réplique s est retournée contre toi mon petit
",0
2014-03-24T17:58:27Z,Quelqu'un sait s'il existe une chaine simillaire pour la série A ?,1
2014-03-24T11:44:11Z,On les entend plus les jaloux qui disait que paris n allait pas avoir le titre mdr c est parti pour 10 às,1
2014-03-24T10:50:39Z,Si Paris gagne son match face à Nice ils sont assurés d'aller en Ligue des Champions,3
2014-03-24T09:01:13Z,#Ligue1 - Retrouvez le résumé de la 30e journée !,17
2014-03-26T12:35:49Z,"Stop de critiqué se top , il n'y as eu aucun but extraordinaire lors de cette journée.",0
2014-03-26T00:16:24Z,pauvre ligue1,0
2014-03-25T17:34:33Z,"Le plus beau dans l'histoire c'est bien celui du jeune d'ajaccio!!
Le reste c'est pas fameux !",1
2014-03-24T21:47:03Z,Ça c'est les top buts ? Et bah,1
2014-03-24T17:53:55Z,OLYMPIQUE LYONNAIS !!!,1
2014-03-24T16:43:57Z,Nsikulu et baradji,1
2014-03-24T16:27:52Z,"Mauvais classement
",0
2014-03-24T16:04:41Z,Le but de Nsikulu à la 89eme. Magnifique ! ^^,0
2014-03-24T14:54:11Z,Ted Rouzier le but de Ben Yedder est mieux peut-être? ,0
2014-03-24T14:54:09Z,Ted Rouzier le but de Ben Yedder est mieux peut-être? ,0
2014-03-24T14:53:17Z,Ted Rouzier le but de Ben yedder est mieux peut etre? ,0
2014-03-24T14:53:10Z,Ted Rouzier le but de Ben yedder est mieux peut etre? ,0
2014-03-24T11:38:31Z,On peux pas dire que les buts soit magnifique a cette 30eme journée de championnat.,3
2014-03-24T10:01:55Z,Le but de Waris est dégueulasse !,0
2014-03-24T00:44:25Z,Le rebond au moment parfait pr gomis !!,0
2014-04-23T07:57:44Z,allez nantes vous avez fait un superbe match,1
2014-04-23T06:26:25Z,Bahebeck! ,1
2014-03-27T12:29:27Z,Bring it Chelsea!,0
2014-03-27T09:14:04Z,Psg know hazard because he was on ligue 1 for a long time ,0
2014-03-24T03:45:15Z,Psg and ZLATAN will beat chelsea,1
2013-12-15T17:13:23Z,"Vous les nantais , comment vous faites pour ne pas vous faire ecraser dans les tribunes quand il y a un but ??????????",1
2013-11-03T11:42:13Z,j'adore ton image de profil !,0
2013-11-03T05:18:35Z,belle victoire méritée,0
2013-11-01T19:02:42Z,"aime si tu trouve que les Nantais sont les meilleur , allez la tribune Loire :)
",1
2013-11-01T13:15:20Z,"ça ce prononce ""béssat"" pas ""beussat"" ",0
2013-11-01T13:15:16Z,"ça ce prononce ""béssat"" pas ""beussat"" ",0
2013-10-31T21:43:39Z,"Je suis supporter lyonnais et je trouve vraiment que Nantes fait un excellent début de saison et propose beaucoup de jeu, continuez comme ça on manque de beau jeu en France !",0
2013-10-31T17:54:18Z,"match tres moyen, bcp de déchets technique, mais qualif nantaise logique sur l'ensemble du match.  ",0
2013-10-31T09:13:20Z,nantes champion cette année alleez =),0
2014-03-26T17:34:17Z,"arbitrage pourri , depuis que kita a engueulé un arbitre qui a mal fait son boulot , ils font exprès de donner l'avantage à l'équipe qui est contre nantes .
ce qui me fait le plus rire c'est que la fff se plaint car il n'y aura aucun arbitre français à la coupe du monde 2014",0
2014-03-11T17:51:08Z,faire nul contre ajjacio 1,0
2014-03-10T18:07:36Z,"J'espère que Nantes va finir tout de même de belle manière sa saison, ils nous ont fait tellement rêver pendant la première partie de cette saison !",3
2014-03-10T11:40:48Z,hors jeu pas hors jeu mais qui c'est le black qui laisse passer le ballon c'est lui qui devrait être hors jeu pfffffffffff ,0
2014-03-10T10:05:51Z,J'ai rigolé quand l'autre con de Der Zakarian s'était énerver à la fin ! Enfin un peu dégueulasse le dernier but quand même.,3
2014-03-10T09:54:48Z,les arbitres ne font pas leur bouleau ?! Comment ils ont eu leurs diplômes ?,0
2014-03-10T09:53:03Z,Arbitre de merde ! Pas envie que Nantes aille en ligue 2 :(,1
2014-03-10T07:05:49Z,Comme d'habitude à tous les matchs les supporters nantais vont se plaindre de l'arbitrage ! Un match ca se joue dans le temps additionel aussi pas à jusqu'à la 90eme bref vous allez maintenir sauf si vous ne perdez pas encore ,0
2014-03-09T23:50:19Z,"Même si notre deuxième but est de notre faute, il y avait bel et bien hors-jeu .. MERCI AUX ARBITRES ENCORE UNE FOIS",4
2014-03-09T23:11:58Z,"Allez le  #FCN  <3
Le but d'Ajaccio à la 92 eme est hors-jeu mais on à l'habitude de se faire voler par l'arbitrage et il n'y a pas que nous dans ce championnat...",3
2014-03-09T23:11:12Z,hors jeu le 2 eme but de ajaccio encore volé !,7
2013-12-19T12:05:50Z,"qualification acquise dans la douleur. le but = un coup du sort

néanmoins, bravo a Auxerre qui a fait un bon match, (du moins meilleur que les nantais) et qui meritait de passer",1
2013-12-19T09:34:16Z,Pourquoi ne voit-t-on pas le but refusé de Fernando Aristeguieta ? Alors oui il est hors-jeu mais on pourrait tout de même le voir car il est magnifique.,1
2014-04-14T17:24:37Z,"Je préfère Monaco à Paris mais faut avouer que c'est abusé le nombre de buts hors jeux qui leur est accordé par les arbitres, car en plus de Lyon et Nantes y en a aussi eu 1 contre Lens en coupe...J'ai rien non plus contre Louis II mais faut pas déconner Julien Rapetto dire que le stade accueille la moitié de la ville et que Nantes peut pas le faire c'est à peu près aussi cohérent que de dire que le stade des iles Féroé est mieux que le stade de France pour la même raison...Enfin peace c'est que du foot : )   ",0
2014-04-11T17:33:55Z,"Ahah mais j'ai quand même l'impression que Monaco est très très bien avantagé par l'arbitrage, contre nantes par exemple et même contre lyon (supporter de l'om) ",0
2014-04-10T20:09:33Z,Subasic est vraiment un bon gardien de but ! ,0
2014-04-10T20:02:40Z,"Toujours Berbatov hors-jeu, c'est le nouveau Inzaghi ? Bref, encore une fois un arbitrage déplorable (pour changer) en faveur de Monaco et après ça pleure car il n'y a pas d'arbitres français à la CdM...",0
2014-04-10T13:08:39Z,Nantes a foiré toutes ses occas' et ça fait chier ... L'équipe méritait mieux que ça. 3-1 c'est sévère ...,0
2014-04-09T14:26:30Z,"Un arbitrage digne d'un match de poussin le dimanche aprèm.
Des Nantais guerriers qui méritaient largement la victoire !! Tenez bon les mecs !!
FCNA <3",1
2014-04-08T07:22:32Z,C'est pas de leur faute si les arbitres sont nuls! Et il y a bien pénalty donc ça aurait fait 2-1! Mais avec des si....,1
2014-04-07T19:05:49Z,"match volé, bonsoir.",0
2014-04-07T17:53:20Z,putain j'ai pas vus un match de ligue 1 sans une faute d'arbitrage je sais pas ou il les trouves leur arbitre ,2
2014-04-07T17:51:45Z,"encore une fois l'arbitarge était mauvais envers les nantais normalement 1 partout
et après ces boulets de la FFF se plaignent qu'aucun arbitre français aillent à la coupe du monde 2014 --'",10
2014-04-07T17:30:37Z,ça mériterais pénalty à 1:44,0
2014-04-07T16:47:21Z,c'è Raggi no Ragghi...,0
2014-04-07T16:29:02Z,ca se dit pas She k ter mais She sh ter,0
2014-04-07T16:13:11Z,Match pourri de Monaco ou plutôt bon match de nantes mais si vous trouver qu'il n'y a pas peno ou qqe chose comme sa n'oubliez pas qu'il y a main de cissoko dans la surface en premiere mt hein :),2
2014-04-07T13:56:40Z,En 15 jours ils ont mit 4buts hors-jeux 3contre Lyon et un contre Nantes ,6
2014-04-07T13:17:59Z,"eine schande seine mannschaft nicht zu unterstützen, wenn sie es braucht!  die leute in monaco sollen doch froh sein so tollen fußball geboten zu bekommen!
aber alles in allem ein verdienter sieg für monaco :))",1
2014-04-07T12:50:57Z,je mendort devan les match de monaco merci a nante davoir fai le jeux il meriter de gagner,3
2014-04-07T12:05:01Z,Je le demande si les arbitres on leurs diplômes,1
2014-04-07T09:56:30Z,Allez l'ASM,1
2014-04-07T07:25:24Z,Monaco a pris un abonnement contre les hors-jeu mdr,1
2014-04-07T06:37:10Z,"Malgré la défaite qui fait mal lorsqu'on voit la physionomie du match, je suis content tout de même de la performance des Nantais a Monaco.",3
2014-04-07T06:26:16Z,Sans le but hors jeu et le penalty sans faute sa fait 1-1 donc c'est un bon score pour Nantes qui a bien dominé.    Si Monaco triche autant l'annee prochaine il peuvent gagner la C1 ,10
2014-04-07T06:25:41Z,oula y a du monde là en tribune ! ,0
2014-04-07T05:51:38Z,Berbatov est toujours hors jeu c ça kon appelle un bon joueur ? On les payent pour koi les arbitres ?,2
2014-04-07T02:28:44Z,"Monaco n'est pas à son meilleur niveau, c'est clair et net, mais c'est bien normal avec le manque d'automatismes de certains joueurs Monégasques et l'absence de Falcao, c'est assez difficile de faire du beau jeu en championnat, en rappelant que c'est la 1ère année des joueurs stars en L1, donc ça reste relativement correct aussi bien au niveau comptable qu'au niveau du jeu! Quand Falcao reviendra au top de sa forme la saison prochaine, et ben Monaco pourrait redevenir dangereuse et jouer les troubles fêtes face au PSG pour le titre et aller assez loin en Ligue des Champions en passant notamment les phases de poule!",1
2014-04-07T01:30:15Z,Quelle ambiance :O ça me donne des frissons !,9
2014-04-06T22:57:28Z,"Après Lyon, voilà Nantes. Niveau hors-jeu, ça se passe comment à Monaco ? La LFP avantage toujours les mêmes ...",10
2014-04-06T22:42:43Z,"3 match de suites avec des buts hors jeu, y a un problème la avec Monaco",4
2014-04-06T22:29:00Z,Et allez encore un hors-jeu pour Monaco ça devient bizarre a la fin,5
2014-04-03T13:55:22Z,Mon équipe préférer contre contre celle que je déteste le plus allez bordeaux l'Europe et la ,0
2014-03-31T16:30:54Z,Paix aux ames de ceux qui ont eu le courage de regarder ce match en entier...,1
2014-03-31T13:34:10Z,Un match nul a en mourir comme d'habitude avec bordeaux et les nantais arrêter de vois plaindre l'arbitrage ,1
2014-03-31T11:08:18Z, #FCN  <3,0
2014-03-31T10:33:28Z,Faudrait que Chaperon arrete d'arbitrer les matchs de Nantes c'est evident qu'il nous aime pas il fait tout pour qu'on perde,2
2014-03-31T10:30:08Z,Un match de Bordeaux = Somnifère.,4
2014-03-30T23:01:32Z,Aller Nantes,3
2014-03-30T22:56:47Z,Regarder les ultras bordelais,1
2014-03-30T22:30:27Z,C'est branlito de nantais qui sont pas capable de marquer!! Ils auraient pu répondre au banderole des bordelais meeerrde,1
2014-03-21T16:22:06Z,+ Chek Snaha,0
2014-03-17T07:56:50Z,Nantes a bien joué et a dominé tou le match ils auraient mérite de gagner,6
2014-03-16T23:18:31Z,"Bien joué les gars ! du positif pour la réception de Montpellier et prendre les 3 pts !
Allez les jaunes et verts ! <3",3
2014-04-15T20:32:58Z,"""Enlevez vos cravates et mettez vos écharpes"" BL99",1
2014-04-14T17:28:50Z,Cool les Nantais sont pratiquement sauvés j'espère que Guingamp va faire de même au moins 2 vrais clubs avec 1 vrai public c'est pas pour rien que ce soit les 2 1ers au classement des supporters ,1
2014-04-14T16:59:31Z,"Dans la douleur? N'importe quoi il y a eu 1 poteaux de Gakpé, 1 retourné de Cissokho qui a froler la barre transversale, 1 frappe de Veigneau, 1 tête de Bangoura. Et tout sa cadré il ont dit n'importe quoi dans leurs résumer.",2
2014-04-14T15:46:52Z,Match moyen mais très beau match dans les tribunes le premier contre le deuxième même si la Tribune Loire était fermée .. Dommage ..,1
2014-04-14T15:06:57Z,C'est quoi se résumé pourris ? Et les deux faces à faces de Nantes ils sont ou ? ,0
2014-04-14T12:30:41Z,Nantais un jour Nantais toujours <3,4
2014-04-14T11:02:28Z, #FCN  <3 <3,3
2014-04-14T10:18:10Z,Mr Thiriez a aimé les 10 premières minutes.,3
2014-04-14T07:45:13Z,Nantes!!! <3,4
2014-04-13T23:29:35Z,Très bon match de Nantes ! allez ! Encore une victoire et c'est dans la poche :D,5
2014-04-13T23:07:23Z,"Le résumé est pas vraiment complet, y'a eu quelques occasions du côté de Nantes qui n'ont pas été relevé c'est dommage.
Allez le FCN, le maintien est pratiquement acquis ! :)",12
2014-07-24T21:19:34Z,les pauvre xD (je suis nantais),0
2014-04-29T15:56:50Z,"oh oh allez les jaunes, oh oh allez les jaunes. Dsl les valenciennois mais aujourdhui c'était nous les winners!",0
2014-04-25T16:39:07Z,"Valenciennes méritait pas de perdre 6-2 car ils ont fait une bonne 2e période (même si ils méritaient pas de gagner ,vu leur première période... )",0
2014-04-23T16:06:31Z,Mdr' le score de Tennis,0
2014-04-22T13:51:43Z,"En février 2007, Valenciennes s'imposait 5 à 2 à La Beaujoire et participait à la descente du FCN en Ligue 2. 7 ans plus tard la situation est pratiquement inversée.
Bonne chance aux nordistes pour la gestion au purgatoire. La remontée sera difficile dès la 1ère année.",5
2014-04-21T19:11:10Z,Sympa Nkoudou en défense xD,0
2014-04-21T17:32:40Z,désolé pour VA mais il n'y a pas de place pour tous le monde en l1,1
2014-04-21T13:52:12Z,"BRIGADE LOIRE 99
    Nantes Ultras ",2
2014-04-21T13:01:38Z,"6 buts pour Nantes le jour de mon anniversaire, merci FCN ♥♥",8
2014-04-21T12:37:17Z,J'espère vraiment que VA va alle en ligue 2,1
2014-04-21T12:36:01Z,"On voit bien qui est à court de liquidité en cette fin de saison: Evian et Sochaux en ont encore, par contre à Valenciennes et Guingamps ça coince ;)",0
2014-04-21T11:27:13Z,Ca c'est fait ! FCN <3,12
2014-04-21T11:20:38Z,"Jeu, Set & Match !",7
2014-04-21T10:48:47Z,"Ooh la chatte :0 17 tirs 2buts 9 tirs 6 buts   , bien joué riou",1
2014-04-21T10:23:49Z,"erreur au début, dans la compo de nantes nkoudou joue et est defenseur central",0
2014-04-21T09:54:58Z,adieux VA direction la L2,14
2014-04-21T09:37:36Z,WTF ! ce n'est pas la ligue 1 que je regarde *_*,1
2014-04-21T08:31:05Z,Quel match!!! ALLEZ NANTES,7
2014-04-21T08:03:23Z,2-6 MA-GNI-FI-QUE !!!!!!!!,3
2014-04-21T07:53:49Z,"Ne vous inquiétez pas les valenciennois, grâce à nous, votre stade du Hainault sera peut-etre encore en Ligue 1 l'an prochain ;-) !",4
2014-04-21T07:12:02Z,Aller fc nantes !!!!!!!!!!!!!!!!!!!!!!!,3
2014-04-21T06:14:20Z,allez nantes !!!!! ,4
2014-04-21T05:52:06Z,"#FCN <3 !
 ",6
2014-04-20T23:02:19Z,Tous à la Beaujoire Vendredi pour faire un 6 pts sur 6 face à l'OM cette saison !!,8
2014-04-20T22:26:14Z,FCN SERGE GAKPE ! :),17
2014-04-20T22:21:06Z,FC NANTES!!! <3,6
2014-04-20T22:03:56Z, #FCN  <3,5
2014-04-29T10:48:50Z,Nantais ! Nantais ! ,1
2014-04-28T22:36:29Z,"vivement que cette  saison de merde se termine...malgré ce but de Thauvin
Allez l'OM malgré les nigauds et autres proprios de l'OM!",0
2014-04-28T21:46:34Z,J'adore André Ayew qui se jette sur la frappe de Veretout!,3
2014-04-28T16:07:52Z,"Bedoya, 4 étoiles gestes techniques dans FIFA 15 ?",0
2014-04-28T10:53:37Z,"Superbe ambiance à la Beaujoire par les Nantais et la BL99, et beaucoup de supporters marseillais ont fait le déplacement, bravo à eux! Un match vraiment sympa!! ALLEZ NANTES!",2
2014-04-28T10:09:37Z,"superbe match , 2 but magnifique , respect à tout les supporters marseillais qui ont fait le déplacement.
ALLEZ NANTES :)",4
2014-04-28T10:01:10Z, #FCN  <3,2
2014-04-28T09:03:37Z,"En ce moment, Gakpé est monstrueux !! FCN ! ",3
2014-04-28T08:33:03Z,super belle fin de saison pour les Nantais!!!!!! FCN!!!!!!,5
2014-04-28T06:18:43Z,Dommage l'OM mais bon ce n'est pas perdu pour la League Europa,0
2014-04-28T00:13:32Z,L'om <3333333,0
2014-04-27T23:03:51Z,FCN <3,8
2014-04-27T22:31:17Z,FC NANTES!!! <3,3
2014-04-27T22:20:45Z,Super but de Thauvin ,2
2014-05-12T20:11:48Z,LDC nous voila!!!!,1
2014-05-12T16:29:39Z,Erdwig de retour !!!!!!!!!!!!!!!!,2
2014-05-12T16:22:27Z,Allez Nantes vous etes les meilleurs <3,2
2014-05-12T14:44:01Z,"BRIGADE LOIRE 99
    Nantes Ultras",2
2014-05-11T17:55:41Z,LDC,0
2014-05-11T17:37:35Z,j'espere que Lille gagne a Lorient et que Saint-Etienne perde Ajaccio ,1
2014-05-11T17:15:52Z,Bravo aux verts qui realisent 1 superbe saison!!!!!!on ai europeen et devant lyon!!!!!..1 grand respect au public nantais ki met 1 grosse ambiance cette anné dns leur stade et à leur equipe ki sait creer du beau jeu...sainté à su etre +realiste face au canaris,2
2014-05-11T15:45:20Z,"Allez Nantes! La ligue arrêtez de lisser vos résumés putain, on veut la vérité du match c'est tout",2
2014-05-11T14:26:27Z,"Aller nantais ,le MF a perdu son tifo :') !! #FCN ",1
2014-05-11T13:19:30Z,ALLEZ L'ASSE !!! <3  #TeamSRFC  ,4
2014-05-11T11:59:53Z,"Les supporters nantais chantent même dans la défaite
 #FCN  <3",4
2014-05-11T11:25:08Z,vous êtes les meilleurs ! allez Nantes !,2
2014-05-11T10:57:56Z,"Clerc est blessé, certainement pas surspendu !",2
2014-05-11T10:39:06Z,"Beau match et belle ambiance a la Beaujoire, match et saison réussi coté Nantais et coté Stéphanois aussi je suppose. Et oui Sainté a fait preuve de réalisme c'est un peu a l'image de la victoire du FCN a Valenciennes quelques journée plutôt. ",5
2014-05-11T10:20:18Z,"Ce resumé ne reflete pas du tout le match ... Le score a la mi-temps aurait pu etre de 3-0 pour Nantes ca n'aurait choqué personne, en premiere mi-temps les verts on ete inexistants seul Ruffier a ete enorme. L'asse marque sur leur trois seuls tires",4
2014-05-11T09:25:33Z,le dernier est beau,1
2014-05-11T09:24:25Z,vraiment on dirait que erding fait une tête croisé,1
2014-05-11T09:18:14Z,"rectification 1-2 pour saint-étienne , le premier but stéphanois a été marqué  de l'épaule --'",4
2014-05-11T09:09:25Z,Que tout les arbitres de ligue 1 prennent un stage d'arbitrage intensif pendant l'été ! ça devient urgent !!,2
2014-05-11T09:02:45Z,allez nantes !,3
2014-05-11T08:31:13Z,Ce résumé ne reflete pas du tout le match. On ne voit pas l'extrême domination nantaise au début du match on l'on aurait put marqué deux buts si ruffier n'avait pas mangé du lyon ! Match agréable à regarder même si on peut avoir la haine. Bravo aux stéphanois si ils arrivent a passer devant lille^^,4
2014-05-11T07:57:53Z,Un match a la hauteur des légendes !,1
2014-05-11T07:50:20Z,La bâche volée qui brule on en parlera jamais?...,1
2014-05-11T07:46:06Z,"Ce résumé qui ne reflète pas du tout le match ! On ne parle pas de la domination sans partage des nantais en premiere periode ? 
En tout cas super spectacle a la beaujoire, tres beau match et un public de rêve <3 ! Bonne chance à l'ASSE pour la 3eme place ;) Lille n'a pas le niveau pour la CL ;)
Les légendes ne meurent jamais !!!",5
2014-05-11T06:59:44Z,J'espère que Lille va rester 3ème,6
2014-05-11T06:45:50Z,"Etant supporter de Nantes je suis ravi de voir que Saint Etienne est gagné, Le FCN a réalisé son objectif qui était de rester en ligue 1, ASSE eux veulent une 3eme places qu'ils méritent .

Vive FCN mais ASSE a bien joué !",21
2014-05-11T06:16:09Z,Allez les vert <3,3
2013-12-16T13:45:14Z,Magnifique but,0
2013-12-16T09:57:07Z,FCN <3,1
2014-01-18T12:34:13Z,#FCN <3,3
2013-10-06T13:24:29Z,"oh  les nantais  ......
on est fier de vous  !!!",0
