publish_date,title,view_count
2014-05-30T21:40:03Z,COMORES 1-1 KENYA ( REACTIONS D&#39;APRES MATCH),8501
2013-09-23T01:09:48Z,Olympique Lyonnais - FC Nantes (3-1) - Highlights (OL - FCN) - 2013/2014,6037
2013-09-30T07:24:33Z,Avant Match Zoom sur Issa Cissokho,1793
2013-09-26T08:41:36Z,Les réactions après FCN - Nice,312
2013-09-29T22:00:01Z,Stade Rennais FC - FC Nantes (1-3) - Highlights (SRFC - FCN) - 2013/2014,3107
2013-10-20T22:00:01Z,AC Ajaccio - FC Nantes (0-1) - Highlights (ACA - FCN) - 2013/2014,3348
2013-09-26T22:00:01Z,FC Nantes - OGC Nice (2-0) - Highlights (FCN - OGCN) - 2013/2014,6201
2014-01-12T23:00:01Z,FC Nantes - FC Lorient (1-0) - 12/01/14 - (FCN-FCL) -Highlights,1617
2013-11-10T23:00:01Z,Girondins de Bordeaux - FC Nantes (0-3) - Highlights (FCGB - FCN) - 2013/2014,5448
2013-12-08T23:00:02Z,OM-Nantes (0-1) - 06/12/13 -  (Olympique de Marseille - FC Nantes) - Highlights,2265
2014-01-20T00:23:08Z,PSG vs Nantes (5-0) - 19/01/14 - Highlights - (Paris Saint-Germain-FC Nantes),73948
2013-12-15T23:00:01Z,FC Nantes - Toulouse FC (1-2) - 14/12/13 -  (FCN - TFC) - Highlights,1310
2013-12-05T23:00:01Z,FC Nantes - Valenciennes FC (2-1) - 03/12/13 -  (FCN - VAFC) - Highlights,2561
2014-04-20T22:00:02Z,Valenciennes FC - FC Nantes (2-6) - 20/04/14 - (VAFC-FCN) - Highlights,5806
2014-03-02T23:00:01Z,Evian TG FC - FC Nantes (2-0) - 28/02/14 - (ETG-FCN) - Highlights,1098
2013-10-20T22:34:18Z,AC Ajaccio - FC Nantes (0-1) - Le résumé (ACA - FCN) - 2013/2014,23169
2013-10-27T23:00:01Z,FC Nantes - LOSC Lille (0-1) - Highlights (FCN - LOSC) - 2013/2014,1626
2013-10-27T23:00:02Z,FC Nantes - LOSC Lille (0-1) - Le résumé (FCN - LOSC) - 2013/2014,18095
2014-01-16T06:00:02Z,FC Nantes - OGC Nice (4-3) - 15/01/14 (1/4 de finale) - (FCN-OGCN) -Résumé,104552
2013-10-06T22:00:02Z,FC Nantes - Evian TG FC (3-0) - Highlights (FCN - ETG) - 2013/2014,2226
2013-09-26T22:00:03Z,FC Nantes - OGC Nice (2-0) - Le résumé (FCN - OGCN) - 2013/2014,31162
2013-09-29T22:00:03Z,Stade Rennais FC - FC Nantes (1-3) - Le résumé (SRFC - FCN) - 2013/2014,61804
2014-01-12T23:00:02Z,FC Nantes - FC Lorient (1-0) - 12/01/14 - (FCN-FCL) -Résumé,19201
2013-10-06T22:04:11Z,FC Nantes - Evian TG FC (3-0) - Le résumé (FCN - ETG) - 2013/2014,43093
2014-03-02T23:00:02Z,Evian TG FC - FC Nantes (2-0) - 28/02/14 - (ETG-FCN) - Résumé,13694
2014-01-19T23:01:38Z,PSG - Nantes (5-0) - Résumé - 19/01/14 - (Paris Saint-Germain - FC Nantes),427533
2013-09-22T22:00:13Z,Olympique Lyonnais - FC Nantes (3-1) - Le résumé (OL - FCN) - 2013/2014,50337
2013-11-10T23:00:01Z,Girondins de Bordeaux - FC Nantes (0-3) - Le résumé (FCGB - FCN) - 2013/2014,49595
2013-12-08T23:00:02Z,OM - Nantes (0-1) - 06/12/13 - (Olympique de Marseille - FC Nantes) - Résumé,26996
2013-12-05T23:00:01Z,FC Nantes - Valenciennes FC (2-1) - 03/12/13 - (FCN - VAFC) - Résumé,18217
2013-12-15T23:00:02Z,FC Nantes - Toulouse FC (1-2) - 14/12/13 - (FCN - TFC) - Résumé,16691
2014-01-30T18:30:06Z,Les premiers mots de Kassim ABDALLAH,2184
2014-04-20T22:00:02Z,Valenciennes FC - FC Nantes (2-6) - 20/04/14 - (VAFC-FCN) - Résumé,87012
2013-10-09T05:21:25Z,Beaujoire en fusion vs Evian TG,22978
2014-05-18T11:05:06Z,Avant Match Nice - Lyon,288
2013-10-08T17:09:19Z,FC Nantes Evian TG,43
2013-09-30T18:43:58Z,Rennes Nantes (1-3) apres le but de Lucas Deaux,766
2013-10-11T00:51:14Z,FC Nantes - Evian TG : &quot;Allez les jaunes &amp; verts&quot;,542
2014-04-16T13:21:04Z,ambiance RCK rennes angers,282
