published-time,comment,likes
2014-01-13T21:57:58Z,Awesome fans from Nantes. They're my favorite of the recently promoted teams.,3
2014-01-13T02:01:15Z,Nantes have amazing fans,1
2014-05-09T21:37:20Z,"Arrêtez avec votre Paris... Parlez-nous plutôt de la Ligue des Champions... (contre Chelsea), Même pas foutus de gagner chez eux devant leur public (contre Rennes...) ils étaient où ces parigots soi-disants magiques...",0
2014-04-04T06:36:14Z,peor que la defensa del ajaccio.,0
2014-01-31T23:00:01Z,xx i am praying to god that thiago silva comes to fc barcelona in the summer lolll xx,0
2014-01-21T19:38:52Z,please show extended highlights instead of just the goals,2
2014-01-20T22:24:50Z,Verratti! You little genius! Our midfield trio showed how truly important they are. We can't afford to lose any of them. Also happy to see Ibra assist Cavani with a goal unselfishly. And that celebration for his second goal!,4
2014-01-20T13:50:27Z,Men against boys,5
2014-01-20T13:31:33Z,Has someone ever heard of Gregory Van Der Ouile? Lol,1
2014-01-20T11:26:04Z,Love Zlatan's celebration!!,4
2014-01-20T00:28:13Z,Just if I had Zlatan in fifa 14 ultimate team...,6
2014-07-31T14:11:28Z,c pas coup franc c corner,0
2014-03-18T19:32:13Z,"La bonne epoque du haut de tableau : / En esperant la ligue pour l'année prochaine.
ALLER  NANTES",3
2014-02-14T20:06:58Z,Gapké trop fro,0
2014-02-12T11:06:40Z,Aller rennes,0
2014-02-04T19:06:21Z,aller nantes,1
2014-01-24T09:20:21Z,Superbe match,0
2014-01-19T17:29:32Z,"On montre pas le but non validé d'Eric Bauthéac sur un superbe coup franc de la ligne médiane hein ?
Je comprends mieux pourquoi il n'y aura aucun arbitre Français pour le Mondial...
Sinon, félicitations au FC Nantes qui a fait un très bon match.",0
2014-01-18T12:34:28Z,#FCN <3,1
2014-01-17T20:36:30Z,Robin van persie ferme ta gueule stp,3
2014-01-17T18:35:29Z,Ahhh et bien enfin un matchs de Nantes pas volé !J'ai pris du plaisir a voir ce matchs !Vous voyez quand vous voulez !,0
2014-01-17T16:12:53Z,gros match des deux équipes bien jouer a nantes issa nissa!,1
2014-01-16T22:18:17Z,"Pourquoi vous ragez les Niçois ? Vous avez perdu, on en reste là point. L'arbitrage, c'est l'arbitrage, il n'y a pas à contester. C'était un très beau match, surement un des plus beaux de la saison pour l'instant. Les deux équipes méritaient, mais Nantes a été plus réaliste, voilà. Et à regarder, 4 buts en 45min, c'est pas beau ça ?! Et les 4 buts sont énormes, avec une frappe de fou à 30m de Gakpe pour conclure le match. 
Vous nous avez éliminé en coupe de France, on vous élimine en coupe de la Ligue ;) 
#AllerNantes! ♥",6
2014-01-16T17:58:07Z,Qui a remarquer qu'a 1min 46 il confond un corner avec un coup franc ? ,3
2014-01-16T17:20:26Z,ils ont juste oublié de montrer l'arret de riou dans les cages...,0
2014-01-16T16:05:30Z,"Et vous qui n'êtes pas Nantais, écoutez la Loire chanter, nous sommes fières d'être Nantais, tous ensemble pour la chanter...<3 <3",0
2014-01-16T14:35:15Z,c'etait un tres beau match et bravo au nicois quand meme ! mais allez les jaunes et verts ahah,3
2014-01-16T14:18:11Z,"les nicois meritait 
et le but de beautheac y est bien !!!!!
issa nissa on prend la revanche en ligue 1 bande de fdp de nantais",1
2014-01-16T14:08:27Z,7 eme ciel 7 eme but,0
2014-01-16T12:14:56Z,"Allez Nantes ! Vous pouvez le faire face à Paris, faut tout donner et la Beaujoire sera en ébullition pour vous pousser ! <3",6
2014-01-16T09:22:27Z, #CDL - Quart de finale - Revivez les meilleurs moments de FC Nantes - OGC Nice (4-3) en vidéo.,7
2014-01-16T07:41:19Z,intense ce match !!!!,11
2014-01-16T06:31:42Z,Normalement y a pas coup franc sur le 1er but,14
2013-12-15T17:13:23Z,"Vous les nantais , comment vous faites pour ne pas vous faire ecraser dans les tribunes quand il y a un but ??????????",1
2013-11-03T11:42:13Z,j'adore ton image de profil !,0
2013-11-03T05:18:35Z,belle victoire méritée,0
2013-11-01T19:02:42Z,"aime si tu trouve que les Nantais sont les meilleur , allez la tribune Loire :)
",1
2013-11-01T13:15:20Z,"ça ce prononce ""béssat"" pas ""beussat"" ",0
2013-11-01T13:15:16Z,"ça ce prononce ""béssat"" pas ""beussat"" ",0
2013-10-31T21:43:39Z,"Je suis supporter lyonnais et je trouve vraiment que Nantes fait un excellent début de saison et propose beaucoup de jeu, continuez comme ça on manque de beau jeu en France !",0
2013-10-31T17:54:18Z,"match tres moyen, bcp de déchets technique, mais qualif nantaise logique sur l'ensemble du match.  ",0
2013-10-31T09:13:20Z,nantes champion cette année alleez =),0
2014-01-18T11:17:36Z,lopes lopes a lyon t un bg,0
2014-01-16T06:37:14Z,"Vous savez je vous chier parce que ça me fais marrer,et vous vous énerver comme des racays de merde vous étes ridicule comme votre club...oh oui que j'aime ça ..",0
2014-01-16T06:34:52Z,Rien a faire de ma vie ?Pourquoi je vois des commentaire de rages tout le temps sur moi ?Allez vous étiez mieux a L2 a chialer bande de bouffon ...:-D,0
2014-01-15T16:39:57Z,La grosse ch**** de Nantes,0
2014-01-14T06:39:52Z,"Ba ouais ,je vous chier et vous me répondait comme des rageux,c'est comiques ",0
2014-01-13T17:23:46Z,Pour une fois que riou il a été bon ,0
2014-01-13T17:06:26Z,A 1:52 c'est pas Aboubakar mais c'est Gilles Sunu ;),0
2014-01-13T15:29:43Z,bien joué Lorient malgré notre défaite mais bravo à Nantes ,3
2014-01-13T15:03:33Z,Encore un matchs volé ....c'est pour quand la victoire nantaise mériter ?,2
2014-01-13T12:49:16Z,Aller Nantes,0
2014-01-13T11:00:57Z,FCN <3,2
2014-01-13T07:33:23Z,Riou Riou Riou Riou Riou,5
2014-01-13T07:22:12Z,"Aller les Jaunes et Verts et Verts et Verts !!!
Aller les Jaunes et Verts et Verts et Verts !!!",3
2014-01-13T06:40:46Z,"Sauf que Nantes n'est pas en Bretagne mdrr
",1
2014-01-13T00:47:10Z,Allez Nantes !!! <3,4
2014-01-13T00:33:12Z,Rennes Les Merdes de la Bretagne!! ,7
2013-12-02T19:01:12Z,Et le ciseau retourné de Kirikou en première période !,0
2013-12-02T11:24:35Z,"encore un parcage visiteur blindé, plus une trentaine de nantais a coté du parcage. Les nantais sont la !",0
2013-12-02T09:55:35Z,Encore des nantais qui ragent :) ,2
2013-12-02T07:27:20Z,"il faut avouer que nantes a merdé , mais franchement le but aurait pû être refusé , vizcarrondo était au sol , on l'aperçois bien putain",2
2013-12-01T23:25:13Z,Allez guingamp!,2
2013-12-01T23:23:07Z,Des vrais chiens ces guingampais qui continuent a jouer alors qu ils voient bien un joueur a terre,2
2014-07-28T13:00:34Z,,0
2014-07-28T13:00:32Z,,0
2014-07-23T19:52:36Z,"c un peu beaucoup tard pour mettre le com mais j'y étais je peu vous dire qu il y avaient une ambiance de FOLIE au Parc des Princes du début jusqu’à la fin!
bref c'était trop dard.",0
2014-04-19T17:26:59Z,"Je n'aimerai pas être le poteau de corner à 2:52
LOL ;) ",1
2014-04-18T17:43:17Z,"le penalty... franchement, l'arbitre a encore une fois été acheté !!",1
2014-04-13T07:56:39Z,"2:57, Zlatan tué le poteau",2
2014-03-16T22:02:25Z,Paris on t encule,0
2014-03-15T12:22:04Z,"Nantes, après une super première partie de saison, termine très mal depuis le début de l'année... Défaite 5-0 contre Paris, 2-0 contre Evian et Rennes...",0
2014-02-26T20:25:32Z,PSG,2
2014-02-21T07:48:09Z,"Belle victoire du PSG, on l'a mérité",1
2014-01-30T16:36:09Z,toujours l'argent ici.. on était 4ème avant le qatar et le barca fonctionne aussi sur l'argent.@keftze la majorité des parisiens n'a pas oublié et le psg n'est pas un club à mode ou de footix comme d'autres.@dylan: n'importe quoi,0
2014-01-27T18:58:52Z,"Ok on a peut etre perdue mais tant que l'on reste dans les 10 premiers
",0
2014-01-23T16:29:02Z,Paris Paris va te faire foutre vous gagner contre et vous perdez contre Montpellier et vous parler (ALLER LES JAUNES ET VERTS ALLER ALLER LES JAUNES ET VERTS ALLER LES JAUNES ET VERTS OOOOOOOO QUI NE SAUTE PAS NE PAS NANTAIS ,0
2014-01-22T22:28:11Z,"Arretez vos conneries les soit disant ""supporter "" Nantais , Le PSG d'aujourd'hui quoi qu'il arrive il sera toujours critiquer , insulter etc... Mais nous les anciens supporter on oublie pas d'où on vient , il y a un peu moins de 6 ans , un certain 17 mai 2008 on a faillit aller en ligue 2 et bizarrement personne ne s'en souvient dans les ""supporter"" du PSG d'aujourd'hui ou du moins une partie , mais quand le club a été racheter et que depuis la mort d'un supporter de la tribune de boulogne a décédé nous les ultras nous sommes toujours derrières notre ville lumière. Et pour en revenir à ça les gens qui disent c'est normal que Paris gagne puisque ils ont pleins d'argent , c'est votre seul argument pour exulté votre haine sur ce club mais nous on a une grande histoire , de grands joueurs sont passer par le PSG et à Nantes j'ai pas souvenir d'un grand joueur ( ps : les footix de 14 ans me sortez pas des joueurs que vous n'aviez jamais connu )",4
2014-01-22T19:30:26Z,"Quel bande de naze ces nantais. Arretez de ramener la tune regardez manchester utd en ce moment, que st ce qu on a foutre de vos supporter, si le psg gagne toujours au parc c est pas pr rien. Arretez de rager on sait que tt la france nous envie",3
2014-01-22T17:55:18Z,paris ne sont bon que grâce au quatar n oublie pas cela ou sinon il serait comme les année d avant dans la deuxieme partie du tableau moi je cous comprend suis lyonnais,0
2014-01-22T13:57:31Z,"Les supporter de Paris on dit nous on a une équipe, se de Nantes on répondu, nous on a des supporters tout est dit de plus Paris est le club le plus crtiqué en France et leurs supporters sont dit faut cu est il ont raison breffff! Paris a gagné sur le terrain mais niveau supporter nous Nantais on est Meilleurs. Paris aime sucé, les bites des Nantais!!!!!",0
2014-01-22T10:38:45Z,j'ai meme pas regardé votre vidéo de merde je viens juste pour dire de former vos arbitre de merde pour qu'ils arrêtent de faire chavirer les partiesavec leurs penalty qui n'en sont pas à cause des italiens qui simulent voila .Même si Nantes ne devait évidemment pas gagné vu ce qu'on a fait,0
2014-01-22T08:51:17Z,ICI c Paris mdr,0
2014-01-21T18:50:19Z,"Paris a respecté Nantes sur le terrain, ça montre que l'on est pas sous estimé !

Perdre a Paris, c'est acceptable, mais que les joueurs ne montrent aucune envie pdt 90 minutes, c'est pas normal !",6
2014-01-21T18:05:12Z,"Quand tu compares le budget et le niveau des joueurs, j'ai envie de dire heureusement que le PSG a fait une victoire écrasante. Un simple 0-1 ou 0-2 ça aurait été la honte pour le PSG qui a un effectif international contre un effectif de ligue 2. (et on peut tous dire ""MERCI L'ARGENT"")",3
2014-01-21T17:07:15Z,Sans l'argent Paris n'est rien         Aller les jaunes !!!!,1
2014-01-21T16:18:04Z,Mdr une reprise dans le poteau de corner,0
2014-01-21T16:15:53Z,Mdr les nantais qui ce la pète des qu'ils sont ridicule il se cache derrière leur place de promu ...mdr le ne prenez pas mal je vous chauffe ,7
2014-01-20T17:30:16Z,https://twitter.com/Foot44actu svp aller voir,0
2014-01-20T16:55:19Z,Le tarif maison.,0
2014-01-20T16:32:51Z,"ouais rien à dire paris nous a dominé , mais j'ai l'impression que nantes a fait exprès de mal jouer : au match aller c'était sérré et là pas  ... j'ai juste une chose à dire rendez-vous le 4 février à la beaujoire pour la revanche :)",6
2014-01-20T15:05:35Z,ALLEZ NANTES <3,2
2014-01-20T14:45:26Z,aucun joli but sur 5... ,1
2014-01-20T12:59:00Z,le FC Nantes est rentrer sur la pelouse le short deja baisser !!! lol,0
2014-01-20T12:50:43Z,"les clubs comme Bordeaux Nice Evian Guinguamp Sochaux Ajaccio Bastia Montpellier Valenciennes Rennes Toulouse Reims Lorient ou encore Nantes hier soir... si c'est pour nous offrir un spectacle endormant sur le terrain comme sur ce match bah jetez vous par la fenetre, sérieux y'en a marre de tout ces clubs qui rendent notre championnat ennuyant et pas du tout attractif putin prenez exemple sur la BPL la Liga La Bundesliga...
On va pas aller loin en Europe avec des équipes comme ça",0
2014-01-20T12:36:33Z,meme si le psg a perdu une fois en championnat ou que certaines equipes l'ont fait douter ce n'est rien puisque quelle équipe est qualifié en ligue des champions ? a part lyon auparavant qui avait redore les equipes Français en ligue des champions je ne vois aucune autre equipe et maintenant c'est paris qui redore l'image des equipes francaises voila sur ceux bonne journee j'espere que la saison prochaine on verra Monaco lyon et le psg qualifie pour les phases finales de la ldc^^ parque les autres ne font que du tourisme ^^,0
2014-01-20T12:35:10Z,Mdr zlatan il gagne plus d'argent que tout le club de Nantes on peut rien faire,25
2014-01-20T12:30:05Z,"La différence entre Paris et Nantes est flagrante en terme de jeu, de joueurs et d'argent il ne faut n'ont plus pas insulter ou critiquer toute la journée le FC Nantes même si le PSG a mérité largement cette victoire.",2
2014-01-20T11:46:46Z,"Arretez de ramener l argent, regarder manchester united ... C est bon ne ragez pas de l humiliation qu on vous a mis",4
2014-01-20T11:17:30Z,Je retiens aussi le bel hommage rendu à Pancrate ... Finalement les supporters Parisiens ne sont pas si con que ca :),0
2014-01-20T09:47:54Z,"2:32 ""Rames Rodriguez"" Sérieusement ?!",0
2014-01-20T09:31:52Z,ils ont gagné en y mettant les formes comme sur le 3 eme but ou mattuidi sert thiago motta.C'était une belle démonstration de force du PSG.,1
2014-01-20T08:52:19Z,"ridicule ce FC Nantes... j'espère que c'est juste une erreur de parcours pour vous , amis nantais",11
2014-01-20T07:23:02Z,c'est un NANTErement....,57
2014-01-20T07:21:07Z,Grand matchs du fc Nantes !Les nantais me critique parce que je dit la vérité mais la il faut dire que ils sont trop fort les nantais bravo vous pouvez être fier de vous ,5
2014-01-20T06:58:23Z,EL MATADOR!!! <3,0
2014-01-20T06:42:25Z,"Dur de jouer sans goal pour Nantes, Il y avait rien en face",0
2014-01-20T02:51:57Z,PARIS <3,0
2014-01-20T00:13:57Z,Il est fort Pénaltibrahimovic !,4
2014-01-19T23:34:33Z,Merci Ligue 1(Officiel),0
2014-01-19T23:19:14Z,Et bim allez paris,0
2014-01-19T23:18:24Z,Cavani sucked ,0
2014-01-19T23:17:45Z,"Invincible psg 
",2
2014-01-19T23:17:14Z,Bravo a Paris même si le deuxième but est cadeaux ,1
2014-01-19T23:14:43Z,"5-0 Sisi, ICI C'EST PARIS !!!",7
2014-01-19T23:13:58Z,,0
2014-01-19T23:12:52Z,J'appelle sa une correction 😁 # PSG 💖,1
2014-01-19T23:12:35Z,Allez NANTES ! 'faut relever la tête Pour les prochain match et se servir de cette défaite ainsi que les chants des supporters pour les demis ! <3,4
2014-01-19T23:10:28Z,Cool,0
2014-01-19T23:08:19Z,C bn ça ,0
2014-01-19T23:05:45Z,Sa pue !,4
2014-03-02T12:42:00Z,Je t'aime Trebel!,0
2013-10-05T07:49:03Z,Mbemba,0
2013-10-04T21:00:41Z,MBEMBA!,0
2013-10-04T15:00:26Z,"Mbemba
Ongelofelijk solide verdediger, die door nog eens bovenop heel sterk opbouwt.

En Kaminskis reactie vind ik ook niet min! Hopelijk wil hij nog wat geduld hebben. Is intrinsiek een enorme topper",0
2013-10-03T19:12:59Z,Preat he is back,0
2013-10-03T17:23:12Z,"suarez
",0
2013-10-03T16:00:08Z,Bruno tielemans of mbemba <3,0
2013-10-03T13:30:50Z,Mbemba :),0
2013-10-03T13:20:06Z,Sowieso Massimo Bruno!,0
