published-time,comment,likes
2014-06-08T20:52:08Z,Merci et Allez le Comore du courage,0
2014-06-01T01:28:58Z,Oui on a pas perdu espoir .Tsi haba ye mbavi yila .Hambavi Hambavi comme les supporteurs l'ont dit dans la vidéo Karidja hissa toimaya lol  Merci Ben Amir pour le travail propre que tu fais En avant !!!,0
2014-05-31T16:20:17Z,"Bien dit c'est ne pas seulement Lacatus qui a perdu mais presque toute la Nation. Ne vous inquiétez pas, le peuple comorien est toujours derrière vous. ",0
2014-05-31T10:53:13Z,Good game from both teams. Destined for greatness.,0
2014-05-31T09:19:35Z,Comme l'a Dit Kassim Abdallah le but qu'on a pris n'est pas que de la faute du gardien. Quand une équipe prend un but c'est de la faute de tous les.joueurs qui sont sur le terrain et le président de la fédération à dit aussi une chose très importante les joueurs qui partent peuvent partir la tête haute parce qu'ils ont tout donné mais malheureusement on a pas aboutit à la qualification mais moi personnellement comme la.majorité si ce n'est tout le peuple Comorien croyons en l'équipe et la suivront quoi qu'il arrive. Sur ce bonne journée ,0
2014-05-31T08:17:53Z,Courage les cœlacanthes on veut aller de l’avant ! On est un peu déçu certes mais pas abattu. On sera toujours derrière vous. J’espère que ce jeune groupe sera soutenu par les autorités comoriennes afin qu’il acquière une maturité et une bonne expérience. ,0
2014-05-31T00:05:10Z,"on est pas passé loin d'une qualification historique face au Kenya,il manquait juste de la réussite malheureusement.donc continuer à nous faire rêver car on croient en cette équipe.Bravo à toute l'équipe des cœlacanthes et l'ensemble de son staff et plus particulièrement le coach Amir Abdou. ",0
2014-05-30T22:37:05Z,Coelacanthes for ever ce ne sont que les premières pages d une belle histoire il faut continuer,0
2014-05-30T21:59:54Z,"Le plus important c'est de ne jamais allez vite mais de ne jamais s'arrêter !! Bravo a nos coelacanthes un grand merci a la fédération Comorienne de football et un grand merci a vous Mr Ben Amir Saadi au travail que vous faite , nous sommes très reconnaissent au grand travail et aussi le travail que nos grands coelacanthes aux efforts qu'ils ont déployer depuis le début sans oublié le sélectionneur Amir Abdou , on croient bien aux années avenir !!
 Merci Merci !!",0
2013-09-25T11:02:01Z,3 Lyon 3,0
2013-09-25T09:21:21Z,Lyonnnnnnn,0
2013-09-25T03:32:38Z,Lyon's goals were sicccccccck,0
2013-09-24T01:43:59Z,:( Nantes having a bad season,0
2013-09-23T17:51:48Z,3 nice goals from OL. ,0
2013-09-23T11:51:22Z,No Homo,0
2013-09-23T11:51:14Z,Grenier <3,0
2013-10-23T03:21:15Z,Ochoa♥,0
2013-10-23T00:19:29Z,Nantes :D gano,0
2013-10-22T13:03:34Z,La defensa parecia fantasma.Ochoa hace lo que puede pero tanto y tanto pues seguro que va a caer un gol.,0
2013-10-21T18:32:07Z,buen partido de Ochoa lastima del error al final,0
2013-10-21T06:19:25Z,Si la bola pasa y no la toca el atacante llega y la mete... Pero como la toco y trato de desviarla es error... No pos si,0
2013-10-21T04:12:39Z,"Ese Ochoca, siempre siendo factor, para bien o para mal, jajajaja",0
2013-10-21T01:59:36Z,Pinche pendejo para que sale si no sabe el idiota,0
2013-11-02T12:26:07Z,nantes is know in england ? ( sorry my english is not perfect i'm french en supporter of nantes ),0
2013-09-27T20:34:20Z,Aristigueta he awesome,0
2013-09-27T04:00:52Z,Great fans,0
2014-01-13T21:57:58Z,Awesome fans from Nantes. They're my favorite of the recently promoted teams.,3
2014-01-13T02:01:15Z,Nantes have amazing fans,1
2013-11-12T12:25:11Z,serge le lama haha,0
2013-11-11T00:19:26Z,Score pas vraiment mérité... ça vallais plus un match nul dans le jeu ,0
2014-01-19T14:08:32Z,Nantes je suis avec toi tu est la meilleurs équipe !,1
2014-05-09T21:37:20Z,"Arrêtez avec votre Paris... Parlez-nous plutôt de la Ligue des Champions... (contre Chelsea), Même pas foutus de gagner chez eux devant leur public (contre Rennes...) ils étaient où ces parigots soi-disants magiques...",0
2014-04-04T06:36:14Z,peor que la defensa del ajaccio.,0
2014-01-31T23:00:01Z,xx i am praying to god that thiago silva comes to fc barcelona in the summer lolll xx,0
2014-01-21T19:38:52Z,please show extended highlights instead of just the goals,2
2014-01-20T22:24:50Z,Verratti! You little genius! Our midfield trio showed how truly important they are. We can't afford to lose any of them. Also happy to see Ibra assist Cavani with a goal unselfishly. And that celebration for his second goal!,4
2014-01-20T13:50:27Z,Men against boys,5
2014-01-20T13:31:33Z,Has someone ever heard of Gregory Van Der Ouile? Lol,1
2014-01-20T11:26:04Z,Love Zlatan's celebration!!,4
2014-01-20T00:28:13Z,Just if I had Zlatan in fifa 14 ultimate team...,6
2013-12-17T17:52:22Z,alguien que sepa como se llama la cancion del comercial que sale al principio de los tenis ,0
2013-12-12T18:16:41Z,"Aristeguieta :D great player
",0
2013-12-10T10:56:36Z,FCN <3 <3 <3,0
2013-12-06T00:12:02Z,Amazing fans!,1
2014-04-23T07:57:44Z,allez nantes vous avez fait un superbe match,1
2014-04-23T06:26:25Z,Bahebeck! ,1
2013-10-22T14:13:12Z,Allez Nantes!! Il faut enchaîner par une victoire à la Beaujoire contre Lille.,0
2013-10-22T07:24:25Z,Il est sur toute les vid. de Nantes ...,0
2013-10-21T19:24:25Z,Se week end nantes lile .. les ga TOUS A LA BEAUJOIR !,0
2013-10-21T19:07:21Z,"J'adore les canards
ALLEZ NANTES!",0
2013-10-21T18:50:19Z,OHHHHHH   les Nantais  !!!,0
2013-10-21T18:49:18Z,ANTI FCNA   LE GROS BOULET     a la kalash !!,0
2013-10-21T18:10:24Z,Djordjevic est magnifique!!!,0
2013-10-21T16:05:36Z,Nantes !!!!!!,0
2013-10-21T11:09:32Z,Qui ne chante pas nantais hé nantais pour la vie,0
2013-10-21T10:10:31Z,seul reproche au nantais un petit manque de réalisme en première mi-temps on avais l'occasion d'en mettre 2 ou 3 mais bon un beau match quand même FCN 4EVER <3<3<3,0
2013-10-21T09:50:09Z,"les nantais attendez vous a un commentaire de anti fcna , ça m'étonnerait que ce boulet ne rage pas sans nous insultez , POUCE VERT SI VOUS TROUVEZ QUE AntiFCNA est un attardé mental !",0
2013-10-21T07:17:15Z,Nantes est magique ❤❤,0
2013-10-21T01:56:43Z,"La 5' victoire contre lille et hop le podium !
Bref faut en profiter en esperant que ca dure !
Allez les jaunes et verts",0
2013-10-21T00:19:33Z,"j'espère que ca va continuer comme ca pour eux. en+ ils se démerdent très bien pour un promu, ils méritent d'etre la ou ils sont. (msg d'un supporter du PSG)",0
2013-10-20T23:09:57Z,Vive Nante,0
2013-10-20T22:39:31Z,FCN <3,0
2013-10-20T22:39:20Z,Alleeeez Naaaantes ! ♥,0
2013-10-30T19:40:40Z,Enyeama just wow,0
2013-10-29T02:01:11Z,-___- Nantes lost,0
2013-11-19T14:12:29Z,"j'étais au match et franchement le nul était mérité , le gardien lillois est un salop , il mettait plus de 6secondes pour tirer , l'arbitre aurais dû mettre un carton mais non rien du tout , pendant la semaine de l'arbitrage enplus --'",0
2013-11-03T00:02:41Z,"C'est quand même dingue... Il faut attendre un but hors jeu (donc invalide) pour voir Nantes (jeune promu) perdre son 1er match à domicile cette saison. Je ne jette pas la pierre aux Lillois, ils n'y sont pour rien et ont une très belle équipe... Mais comment font les journalistes pour feindre la réalité de façon aussi éhontée??
Le match aurait dû faire 0-0 (ils auraient alors dit ""match équilibré, blabla"") mais à la place, ils félicitent le Losc pour sa performance imméritée. C'est hallucinant.",0
2013-11-01T09:23:00Z,bien joué le losc,0
2013-10-31T10:03:40Z,lol,0
2013-10-29T09:02:17Z,A la fin il y a écrit 20 fautes de Lille mais vous croyez qu'ils ont compter les fautes pas siffler?? Beau match quand même victoire mériter je pense mais vous pouvez quand même dire merci l'arbitre,0
2013-10-28T23:22:20Z,arbitre de merde,0
2013-10-28T23:22:12Z,aller nantes,0
2013-10-28T17:48:49Z,gros chiqué du Lillois a 2:22 alors que Djilo l'a a peine frolé ! Mais sinon ALLEZ NANTES !,0
2013-10-28T13:04:53Z,FCN <3,0
2013-10-28T11:55:40Z,"j'étais au match et j'ai vu des nantais qui n'étaient pas au top de leur forme par rapport aux lillois , mais j'ai vu aussi des lillois simulateur et qui faisaient les salopes quand ils mennaient au score , Enyama méritait un carton car il métait plus de 6 secondes avant de tirer et l'arbitre ne disait rien , enfin les lillois a peine toucher se mettaient a chialer et obtenaient une faute insensée , il y aurait du avoir match nul aussi ce but hors jeu non signaler de l'abitre IGNOBLE !",0
2013-10-28T11:16:02Z,"Lille !!!!

on l a mérité",0
2013-10-28T10:24:38Z,Quand est ce que l'arbitrage vidéo arrive ??,0
2013-10-28T09:06:29Z,Certes il y a hort jeux mai les lilloi on mieux jouer jai etait dessu #supportersfcn,0
2013-10-28T08:15:59Z,1 défaite en 5 match c pas la fin du monde surtout que Lille est en forme et va certainement terminer dans le haut du tableau...,0
2013-10-28T07:57:38Z,"Le hors c'est quasiment rien du tout.. faut le voir. Y'a eu des erreurs d'arbitrage (et on pas gâté cette saison comme les saisons passés. On a essayé de revenir (coucou El Colorado <3) mais la défense de Lille est top. Enyeama.. . Whoa. Grosse bête. 
Sinon petit point noir: la simulation de CERTAINS lillois en fin de match... 
Sinon bien joué Lille. Victoire mérité. 
Allez Nantes ! Allons taper du sudiste avant de s'attaquer au derby de l'Atlantique ! ",0
2013-10-28T07:24:28Z,"Arrêtez de pleurer les Nantais, le but Lillois n'est certes pas valide mais c'est votre défenseur qui le pousse du bras en hors jeu... Et puis vous avez proposé quoi pour égaliser? Regardez les stats a la fin et vous verrez que notre victoire est mértié. Sinon vous avez un superbe public, chapeau bas.",0
2013-10-28T01:57:31Z,encore une fois c honteux l'arbitrage but sur hors jeu l'arbitre de touche le voit bien et il ne signale pas les arbitre français me déçoit c honteux.,0
2013-10-28T00:04:24Z,Aller Nantes :D,0
2013-10-27T23:50:46Z,"Allez Nantes !!! 
Vous allez gagnez mardi face a Lorient ! :D
",0
2013-10-27T23:22:28Z,lille était supérieur...,0
2013-10-27T23:16:51Z,"Nantes ne méritait pas de perdre ainsi, une erreur d'arbitrage pendant la semaine de l'arbitrage!",0
2014-07-31T14:11:28Z,c pas coup franc c corner,0
2014-03-18T19:32:13Z,"La bonne epoque du haut de tableau : / En esperant la ligue pour l'année prochaine.
ALLER  NANTES",3
2014-02-14T20:06:58Z,Gapké trop fro,0
2014-02-12T11:06:40Z,Aller rennes,0
2014-02-04T19:06:21Z,aller nantes,1
2014-01-24T09:20:21Z,Superbe match,0
2014-01-19T17:29:32Z,"On montre pas le but non validé d'Eric Bauthéac sur un superbe coup franc de la ligne médiane hein ?
Je comprends mieux pourquoi il n'y aura aucun arbitre Français pour le Mondial...
Sinon, félicitations au FC Nantes qui a fait un très bon match.",0
2014-01-18T12:34:28Z,#FCN <3,1
2014-01-17T20:36:30Z,Robin van persie ferme ta gueule stp,3
2014-01-17T18:35:29Z,Ahhh et bien enfin un matchs de Nantes pas volé !J'ai pris du plaisir a voir ce matchs !Vous voyez quand vous voulez !,0
2014-01-17T16:12:53Z,gros match des deux équipes bien jouer a nantes issa nissa!,1
2014-01-16T22:18:17Z,"Pourquoi vous ragez les Niçois ? Vous avez perdu, on en reste là point. L'arbitrage, c'est l'arbitrage, il n'y a pas à contester. C'était un très beau match, surement un des plus beaux de la saison pour l'instant. Les deux équipes méritaient, mais Nantes a été plus réaliste, voilà. Et à regarder, 4 buts en 45min, c'est pas beau ça ?! Et les 4 buts sont énormes, avec une frappe de fou à 30m de Gakpe pour conclure le match. 
Vous nous avez éliminé en coupe de France, on vous élimine en coupe de la Ligue ;) 
#AllerNantes! ♥",6
2014-01-16T17:58:07Z,Qui a remarquer qu'a 1min 46 il confond un corner avec un coup franc ? ,3
2014-01-16T17:20:26Z,ils ont juste oublié de montrer l'arret de riou dans les cages...,0
2014-01-16T16:05:30Z,"Et vous qui n'êtes pas Nantais, écoutez la Loire chanter, nous sommes fières d'être Nantais, tous ensemble pour la chanter...<3 <3",0
2014-01-16T14:35:15Z,c'etait un tres beau match et bravo au nicois quand meme ! mais allez les jaunes et verts ahah,3
2014-01-16T14:18:11Z,"les nicois meritait 
et le but de beautheac y est bien !!!!!
issa nissa on prend la revanche en ligue 1 bande de fdp de nantais",1
2014-01-16T14:08:27Z,7 eme ciel 7 eme but,0
2014-01-16T12:14:56Z,"Allez Nantes ! Vous pouvez le faire face à Paris, faut tout donner et la Beaujoire sera en ébullition pour vous pousser ! <3",6
2014-01-16T09:22:27Z, #CDL - Quart de finale - Revivez les meilleurs moments de FC Nantes - OGC Nice (4-3) en vidéo.,7
2014-01-16T07:41:19Z,intense ce match !!!!,11
2014-01-16T06:31:42Z,Normalement y a pas coup franc sur le 1er but,14
2013-10-18T20:23:35Z,"aller nantes
",0
2014-01-02T16:15:27Z,"aller nantes
vous etes les meilleurs",0
2013-12-19T17:41:37Z,"Non ba te toi anger pu
",0
2013-10-19T19:52:57Z,"allez Nantes 
(et Angers bien sur)",0
2013-10-04T18:37:08Z,on s'en fou de ton avis en carton !!!,0
2013-09-29T16:45:57Z,"Beau match de Nantes. 

Un nicois",0
2013-09-29T12:59:58Z,aller nantes en ce moment rennes nantes 0-2,0
2013-09-29T08:41:39Z,"A Nantes on a les meilleurs supporters !

Allez Nantes Allez !",0
2013-09-28T11:45:16Z,"je suis pour car il sont vraiment tres bon
Signé un supporter angevin",0
2013-09-28T06:49:49Z,2 equipe que je supporte pas ^^ ( malgré que je dois avouer que nice a une bonne équipe :) ),0
2013-09-27T20:15:22Z,Allez Nantes,1
2013-09-27T10:36:14Z,<3 FCN <3,0
2013-09-27T08:47:44Z,FC NANTES <3,0
2013-09-27T04:59:44Z,il rigolait il rigolait mais a cet heure il pleure encore :),0
2013-09-27T00:28:47Z,"On espère que Nantes sera autant en forme pour le reste de la saison, ils faisaient plaisir à voir!

Signé un supporter parisien.",1
2013-09-26T22:03:46Z,Allez Nantes vous avez super bien joué ! ♥,0
2014-07-03T16:22:19Z,Mais il était ou les rennais,10
2014-05-01T12:10:15Z,ouai allez les jaunes!!!,11
2014-02-01T09:53:51Z,"y= supporter rennais
x=supporter nantais
d'après cette rencontre on peut déduire l'équation suivante:
20y=x",18
2014-01-13T23:44:48Z,Supporters de nantes! On était au moins 5000 dans tout le stade!,3
2014-01-09T17:26:29Z,Heureursement qu'on est venue dans leur stade sinon il y aurais pas u un seul bruit,29
2013-12-28T17:43:43Z,Genre je croyais qu'il y avait hors jeu !,0
2013-12-27T15:53:15Z,"le fc nantes sera 2ème ou 3ème en ligue 1, ils sont énormes, les rennais dégoutés",3
2013-11-17T08:14:46Z,Anti Fcna rageux de rennais  rennes il sont pas assez de lvl pour nantes,3
2013-10-31T10:11:08Z,"si ils en ont , mais ils étaient occupés a bouffer leurs galètes saucisses :D",0
2013-10-26T18:37:56Z,"1:33 il dit ""écoutez les supporters de la route de lorient"" alors que les rennais n'ont pas de supporters ",0
2013-10-25T10:54:48Z,Ta mère est rennaise ??,0
2013-10-22T16:11:11Z,"bon match de nantes et action très belle sur le 1er but. rennes est toujours aussi nul. pour le retour de nantes en d1, perdre à domicile c'est encore une preuve de manque de ferveur, courage, de couilles aussi.
je suis supporter de rennes et je ne supporte pas les idiots qui haïssent nantes (complexe d'infériorité et jalousie).",1
2013-10-21T16:44:06Z,"T'en a pas marre d'insulté les gens, qu'est ce que tu fout sur toutes les vidéos de Nantes alors que tu n'aime pas le club. Tu aimes te faire du mal? Tu veux en parler ?",1
2013-10-21T14:15:14Z,"va voir le résumé de la 10ème journée de nantes , un commentaire te concerne",0
2013-10-11T22:27:13Z,Tandis que Rennes si! malheureusement pour eux...,0
2013-10-10T17:35:56Z,on va vous mettre la misère au match retour à la beaujoire :D,0
2013-10-10T17:35:29Z,RAGEU RENNAIS,0
2013-10-10T17:34:53Z,"et en niveau de jeu football boufon , nantes à écrasé rennes , assume attardé ",0
2013-10-10T13:21:04Z,"En grande gueule, ça c'est sur !!!",0
2013-10-09T17:06:58Z,tu rages car nantes est largement supérieur par rapport à rennes ? ,0
2013-10-06T22:39:24Z,Nantes ca va pas durée. ..,1
2013-10-06T22:37:42Z,Phil Jar a part tes copiers collers sur toutes les vidéos tu sais dire quoi d'autre tocards ??,1
2013-10-06T11:19:32Z,Très bonne équipe de Nantes djordjevic une star,0
2013-10-06T08:04:10Z,rennai rennaioutai  rennai  rennaioutai,0
2013-10-04T21:53:32Z,"Mais oui , mais oui   Allez soyez heureux d'avoir gagné , c est pas souvent , je sais  . Je compatis",1
2013-10-04T17:07:10Z,"t'as rien a dire , on reviens de ligue 2 on fous une branlée a une équipe de ligue 1 depuis longtemps , et franchement ça fait 40 ans que vous êtes venus à la beaujoire et ça fait 40 ans que vous n'avez pas gagné , et arrête de rager petit boulet :D",0
2013-10-03T20:48:53Z,Ouais mais en atendant on vous a pété 3-1 chez vous donc parle Nantes est meilleur faudra t y faire,0
2013-10-03T13:11:57Z,"Nantes est trop costaud,ils font un bon retour en ligue 1",1
2013-10-03T12:04:31Z,Au match retour on vous refera voir comment jouer et ces qu'est un tifo trimard ,0
2013-10-03T12:02:41Z,Quest'en ces que ces des arabes ? Tu y etait a 3h du mat ? Nan dc ferme ta geul sa rageu de rennais de merde! Vous etes a chier ces comme sa vous ouvez rien y faire,0
2013-10-02T19:16:07Z,Rage pas killeur on va a battu c'est tout j'ai juste a te dire render vous le 22 fevrier,0
2013-10-02T17:29:30Z,"c'est vrai que celui de lucas deaux , c'est le but de l'année",0
2013-10-02T17:17:03Z,Moi qui pensais que les viols ne passaient pas sur youtube.,0
2013-10-02T10:48:45Z,venez a 1000 on vous attend !! déja qu'on est chez nous chez vous alor si jétai rennais jserai vraiment pas serein de venir a la beaujoire ;),0
2013-10-02T08:25:07Z,Le seul but de rennes est degeulasse avec 2 contre favorables,0
2013-10-02T07:49:45Z,Vous serez la pour voir votre pauvre equipe se faire latter encore une fois,0
2013-10-01T18:39:00Z,"Énorme ce déplacement, j'en ai encore des frissons. gros match de nos nantais, mais il y a eu 20 minutes de difficiles apres le but rennais. ",1
2013-10-01T15:05:04Z,et le 3em but cest juste histoire de ratrapé le pénalty qui nou a pa été acordé  ;),1
2013-10-01T15:04:17Z,les rennais c't les premier a parler sur internet maintnant on les voi plus BA ALOR ELLE SON OU CES GRANDE GEULES RENNAISE  ??,0
2013-10-01T15:02:56Z,pas de far play dans un derby comme nantes rennes !,0
2013-10-01T09:37:48Z,"Bah... il est valable le but, les Rennais auraient dut continuer...
moi je trouve qu'il est pas si moche que ça car Deaux a eut la lucidité de continuer!",1
2013-10-01T07:47:21Z,Les nantais avez mis lambiance et le jeux c'est une tres belle victoire !,1
2013-09-30T22:14:44Z,Le but hors jeu n est pas fair pla y ñ,0
2013-09-30T19:39:46Z,Encore un Rennais qui supporte pas de perdre =) ,0
2013-09-30T16:54:48Z,Minable ? attend c'est la 1ere fois qu'un mec se fait un passe décisive à lui même ce but est excellent au contraire ;),0
2013-09-30T14:48:26Z,"La règle du Hors-jeu était très bien au début, je comprends pas pourquoi ils ont ajouté la notion de ""passif"".",0
2013-09-30T11:24:43Z,"A écouter ce commentateur, bientot n'importe quel hors - jeu sera actif. 
Bah oui, le joueur est sur le terrain, il est actif.",0
2013-09-30T10:45:00Z,merci quand meme ;),0
2013-09-30T10:38:09Z,"C'est le commentateur qui se trompe la règle du hors jeux passif ou en tout cas son application a changé cette année, le hors jeux est à apprécier si l'attaquant ""gène physiquement"" un défenseur et non plus si il va en direction du ballon, l’arbitre a donc parfaitement bien arbitrer ",0
2013-09-30T10:18:47Z,bah les rennais n'avaient qu'a suivre !,0
2013-09-29T22:33:37Z,"C'est moche ce 3 eme but, minable même",0
2013-09-29T22:29:31Z,Genial Allez l'OM,0
2013-09-29T22:06:30Z,Nantes ♥,0
2014-01-18T11:17:36Z,lopes lopes a lyon t un bg,0
2014-01-16T06:37:14Z,"Vous savez je vous chier parce que ça me fais marrer,et vous vous énerver comme des racays de merde vous étes ridicule comme votre club...oh oui que j'aime ça ..",0
2014-01-16T06:34:52Z,Rien a faire de ma vie ?Pourquoi je vois des commentaire de rages tout le temps sur moi ?Allez vous étiez mieux a L2 a chialer bande de bouffon ...:-D,0
2014-01-15T16:39:57Z,La grosse ch**** de Nantes,0
2014-01-14T06:39:52Z,"Ba ouais ,je vous chier et vous me répondait comme des rageux,c'est comiques ",0
2014-01-13T17:23:46Z,Pour une fois que riou il a été bon ,0
2014-01-13T17:06:26Z,A 1:52 c'est pas Aboubakar mais c'est Gilles Sunu ;),0
2014-01-13T15:29:43Z,bien joué Lorient malgré notre défaite mais bravo à Nantes ,3
2014-01-13T15:03:33Z,Encore un matchs volé ....c'est pour quand la victoire nantaise mériter ?,2
2014-01-13T12:49:16Z,Aller Nantes,0
2014-01-13T11:00:57Z,FCN <3,2
2014-01-13T07:33:23Z,Riou Riou Riou Riou Riou,5
2014-01-13T07:22:12Z,"Aller les Jaunes et Verts et Verts et Verts !!!
Aller les Jaunes et Verts et Verts et Verts !!!",3
2014-01-13T06:40:46Z,"Sauf que Nantes n'est pas en Bretagne mdrr
",1
2014-01-13T00:47:10Z,Allez Nantes !!! <3,4
2014-01-13T00:33:12Z,Rennes Les Merdes de la Bretagne!! ,7
2013-10-23T21:00:21Z,Allez nantes,3
2013-10-13T14:58:25Z,tu as entièrement raison,1
2013-10-11T19:00:14Z,"Sur le but d'Ibrahimovic contre Monaco, il est arrivé pleine vitesse au contact du défenseur, il était en pleine extension et son pied est allé 2 fois plus haut que celui de Djordjevic. Mais celui du Nantais est superbe également",1
2013-10-09T18:20:13Z,"allez nantais!!!!!!!!!!!!!!!
",1
2013-10-09T14:00:49Z,ALLLEZ NANTES! Meilleur club de ligue 1,1
2013-10-09T09:05:21Z,"#Ligue1 - Classement des buteurs. Filip Djordjevic #FCNantes a confirmé sa forme du moment en s’installant sur la deuxième marche du podium (6 buts) !!!
http://bit.ly/198G0hJ",7
2013-10-08T20:01:28Z,"aller nantes un magnifique club
par un rugbymen du sud",0
2013-10-08T14:40:31Z,allez les jaunes et vert !!  ,1
2013-10-08T11:22:29Z,Fais gaffe Evian pourrait poser une réserve on va encore perdre 3 pts !!,0
2013-10-07T21:20:17Z,DJORDJEVIC SRBIJA <3!!!,0
2013-10-07T18:54:24Z,"Nantes, plus qu'une ville, plus qu'un club, une fierté pour nous !",0
2013-10-07T10:05:43Z,FCN <3,0
2013-10-07T08:23:13Z, Papy avec le short numéro 13 ^^ ,0
2013-10-07T08:20:48Z,"c'est bizarre mais quand les équipes viennent a la beaujoire, elles ne savent plus jouer ! Nantes est bel et bien de retours les amis ^^ ",0
2013-10-07T05:43:17Z,je pense ,0
2013-10-07T05:39:57Z,Ibra aura marqué un but similaire au 1er de djordjevic on aurait parlé d'un super geste de taekwondo ,0
2013-10-07T01:06:07Z,"Océanie ?! C'est original comme nom ;-)

La Tribune Océane, tu veux dire ?",0
2013-10-07T00:34:57Z,Đorđević :))))),0
2013-10-06T23:11:56Z,"Fier d'avoir vu grandir cette équipe du fin fond de la ligue 2 a la 5 eme place de ligue 1
Fier d'etre nantais, continuez de bosser et vous serez bien récompensés en fin de saison",0
2013-10-06T22:33:13Z,"Le FC Nantes, plus qu'un club ! ♥",1
2013-10-06T22:14:15Z,Allez Nantes !,0
2014-03-06T17:56:41Z,Le jour ou Nantes gagne un matchs il seront déjà en L2...(ça faisait longtemps...),0
2014-03-04T13:37:48Z,Saute pas *,0
2014-03-04T13:36:59Z,Qui saute pas n est pas croix de Savoie ohohohohohohohooo qui saute qui saute n est pas croix de Savoie ohohohohohohohooo ,0
2014-03-04T11:32:10Z,Bravo les Croix !!!!!,1
2014-03-03T12:10:34Z,Aller les croix,1
2014-03-03T11:42:29Z,bien joué à évian il doivent se maintenir tout comme nantes et espérant que rennes soit en ligue 2 :),2
2014-03-03T10:21:43Z,Allez les croix ont est tous avec vous,4
2014-03-03T09:59:57Z,Allez Evian ! Le maintient est plus que jamais à portée de mains : un nul contre Guinguamp puis une victoire contre Sochaux et c'est dans la poche ! :D,3
2014-03-03T08:22:57Z,Evian <3,4
2014-03-03T08:19:08Z,1:40 Remi Ayew. WTF,1
2014-03-03T07:20:30Z,Sa fait du bien sérieux on en pouvais plus !!!!,2
2014-03-03T07:06:12Z,"Allez les Croix, tes supporters sont là !!",2
2014-03-03T03:12:46Z,#FCN <3,3
2014-03-02T23:11:24Z,Croix de savoie <3,2
2014-07-28T13:00:34Z,,0
2014-07-28T13:00:32Z,,0
2014-07-23T19:52:36Z,"c un peu beaucoup tard pour mettre le com mais j'y étais je peu vous dire qu il y avaient une ambiance de FOLIE au Parc des Princes du début jusqu’à la fin!
bref c'était trop dard.",0
2014-04-19T17:26:59Z,"Je n'aimerai pas être le poteau de corner à 2:52
LOL ;) ",1
2014-04-18T17:43:17Z,"le penalty... franchement, l'arbitre a encore une fois été acheté !!",1
2014-04-13T07:56:39Z,"2:57, Zlatan tué le poteau",2
2014-03-16T22:02:25Z,Paris on t encule,0
2014-03-15T12:22:04Z,"Nantes, après une super première partie de saison, termine très mal depuis le début de l'année... Défaite 5-0 contre Paris, 2-0 contre Evian et Rennes...",0
2014-02-26T20:25:32Z,PSG,2
2014-02-21T07:48:09Z,"Belle victoire du PSG, on l'a mérité",1
2014-01-30T16:36:09Z,toujours l'argent ici.. on était 4ème avant le qatar et le barca fonctionne aussi sur l'argent.@keftze la majorité des parisiens n'a pas oublié et le psg n'est pas un club à mode ou de footix comme d'autres.@dylan: n'importe quoi,0
2014-01-27T18:58:52Z,"Ok on a peut etre perdue mais tant que l'on reste dans les 10 premiers
",0
2014-01-23T16:29:02Z,Paris Paris va te faire foutre vous gagner contre et vous perdez contre Montpellier et vous parler (ALLER LES JAUNES ET VERTS ALLER ALLER LES JAUNES ET VERTS ALLER LES JAUNES ET VERTS OOOOOOOO QUI NE SAUTE PAS NE PAS NANTAIS ,0
2014-01-22T22:28:11Z,"Arretez vos conneries les soit disant ""supporter "" Nantais , Le PSG d'aujourd'hui quoi qu'il arrive il sera toujours critiquer , insulter etc... Mais nous les anciens supporter on oublie pas d'où on vient , il y a un peu moins de 6 ans , un certain 17 mai 2008 on a faillit aller en ligue 2 et bizarrement personne ne s'en souvient dans les ""supporter"" du PSG d'aujourd'hui ou du moins une partie , mais quand le club a été racheter et que depuis la mort d'un supporter de la tribune de boulogne a décédé nous les ultras nous sommes toujours derrières notre ville lumière. Et pour en revenir à ça les gens qui disent c'est normal que Paris gagne puisque ils ont pleins d'argent , c'est votre seul argument pour exulté votre haine sur ce club mais nous on a une grande histoire , de grands joueurs sont passer par le PSG et à Nantes j'ai pas souvenir d'un grand joueur ( ps : les footix de 14 ans me sortez pas des joueurs que vous n'aviez jamais connu )",4
2014-01-22T19:30:26Z,"Quel bande de naze ces nantais. Arretez de ramener la tune regardez manchester utd en ce moment, que st ce qu on a foutre de vos supporter, si le psg gagne toujours au parc c est pas pr rien. Arretez de rager on sait que tt la france nous envie",3
2014-01-22T17:55:18Z,paris ne sont bon que grâce au quatar n oublie pas cela ou sinon il serait comme les année d avant dans la deuxieme partie du tableau moi je cous comprend suis lyonnais,0
2014-01-22T13:57:31Z,"Les supporter de Paris on dit nous on a une équipe, se de Nantes on répondu, nous on a des supporters tout est dit de plus Paris est le club le plus crtiqué en France et leurs supporters sont dit faut cu est il ont raison breffff! Paris a gagné sur le terrain mais niveau supporter nous Nantais on est Meilleurs. Paris aime sucé, les bites des Nantais!!!!!",0
2014-01-22T10:38:45Z,j'ai meme pas regardé votre vidéo de merde je viens juste pour dire de former vos arbitre de merde pour qu'ils arrêtent de faire chavirer les partiesavec leurs penalty qui n'en sont pas à cause des italiens qui simulent voila .Même si Nantes ne devait évidemment pas gagné vu ce qu'on a fait,0
2014-01-22T08:51:17Z,ICI c Paris mdr,0
2014-01-21T18:50:19Z,"Paris a respecté Nantes sur le terrain, ça montre que l'on est pas sous estimé !

Perdre a Paris, c'est acceptable, mais que les joueurs ne montrent aucune envie pdt 90 minutes, c'est pas normal !",6
2014-01-21T18:05:12Z,"Quand tu compares le budget et le niveau des joueurs, j'ai envie de dire heureusement que le PSG a fait une victoire écrasante. Un simple 0-1 ou 0-2 ça aurait été la honte pour le PSG qui a un effectif international contre un effectif de ligue 2. (et on peut tous dire ""MERCI L'ARGENT"")",3
2014-01-21T17:07:15Z,Sans l'argent Paris n'est rien         Aller les jaunes !!!!,1
2014-01-21T16:18:04Z,Mdr une reprise dans le poteau de corner,0
2014-01-21T16:15:53Z,Mdr les nantais qui ce la pète des qu'ils sont ridicule il se cache derrière leur place de promu ...mdr le ne prenez pas mal je vous chauffe ,7
2014-01-20T17:30:16Z,https://twitter.com/Foot44actu svp aller voir,0
2014-01-20T16:55:19Z,Le tarif maison.,0
2014-01-20T16:32:51Z,"ouais rien à dire paris nous a dominé , mais j'ai l'impression que nantes a fait exprès de mal jouer : au match aller c'était sérré et là pas  ... j'ai juste une chose à dire rendez-vous le 4 février à la beaujoire pour la revanche :)",6
2014-01-20T15:05:35Z,ALLEZ NANTES <3,2
2014-01-20T14:45:26Z,aucun joli but sur 5... ,1
2014-01-20T12:59:00Z,le FC Nantes est rentrer sur la pelouse le short deja baisser !!! lol,0
2014-01-20T12:50:43Z,"les clubs comme Bordeaux Nice Evian Guinguamp Sochaux Ajaccio Bastia Montpellier Valenciennes Rennes Toulouse Reims Lorient ou encore Nantes hier soir... si c'est pour nous offrir un spectacle endormant sur le terrain comme sur ce match bah jetez vous par la fenetre, sérieux y'en a marre de tout ces clubs qui rendent notre championnat ennuyant et pas du tout attractif putin prenez exemple sur la BPL la Liga La Bundesliga...
On va pas aller loin en Europe avec des équipes comme ça",0
2014-01-20T12:36:33Z,meme si le psg a perdu une fois en championnat ou que certaines equipes l'ont fait douter ce n'est rien puisque quelle équipe est qualifié en ligue des champions ? a part lyon auparavant qui avait redore les equipes Français en ligue des champions je ne vois aucune autre equipe et maintenant c'est paris qui redore l'image des equipes francaises voila sur ceux bonne journee j'espere que la saison prochaine on verra Monaco lyon et le psg qualifie pour les phases finales de la ldc^^ parque les autres ne font que du tourisme ^^,0
2014-01-20T12:35:10Z,Mdr zlatan il gagne plus d'argent que tout le club de Nantes on peut rien faire,25
2014-01-20T12:30:05Z,"La différence entre Paris et Nantes est flagrante en terme de jeu, de joueurs et d'argent il ne faut n'ont plus pas insulter ou critiquer toute la journée le FC Nantes même si le PSG a mérité largement cette victoire.",2
2014-01-20T11:46:46Z,"Arretez de ramener l argent, regarder manchester united ... C est bon ne ragez pas de l humiliation qu on vous a mis",4
2014-01-20T11:17:30Z,Je retiens aussi le bel hommage rendu à Pancrate ... Finalement les supporters Parisiens ne sont pas si con que ca :),0
2014-01-20T09:47:54Z,"2:32 ""Rames Rodriguez"" Sérieusement ?!",0
2014-01-20T09:31:52Z,ils ont gagné en y mettant les formes comme sur le 3 eme but ou mattuidi sert thiago motta.C'était une belle démonstration de force du PSG.,1
2014-01-20T08:52:19Z,"ridicule ce FC Nantes... j'espère que c'est juste une erreur de parcours pour vous , amis nantais",11
2014-01-20T07:23:02Z,c'est un NANTErement....,57
2014-01-20T07:21:07Z,Grand matchs du fc Nantes !Les nantais me critique parce que je dit la vérité mais la il faut dire que ils sont trop fort les nantais bravo vous pouvez être fier de vous ,5
2014-01-20T06:58:23Z,EL MATADOR!!! <3,0
2014-01-20T06:42:25Z,"Dur de jouer sans goal pour Nantes, Il y avait rien en face",0
2014-01-20T02:51:57Z,PARIS <3,0
2014-01-20T00:13:57Z,Il est fort Pénaltibrahimovic !,4
2014-01-19T23:34:33Z,Merci Ligue 1(Officiel),0
2014-01-19T23:19:14Z,Et bim allez paris,0
2014-01-19T23:18:24Z,Cavani sucked ,0
2014-01-19T23:17:45Z,"Invincible psg 
",2
2014-01-19T23:17:14Z,Bravo a Paris même si le deuxième but est cadeaux ,1
2014-01-19T23:14:43Z,"5-0 Sisi, ICI C'EST PARIS !!!",7
2014-01-19T23:13:58Z,,0
2014-01-19T23:12:52Z,J'appelle sa une correction 😁 # PSG 💖,1
2014-01-19T23:12:35Z,Allez NANTES ! 'faut relever la tête Pour les prochain match et se servir de cette défaite ainsi que les chants des supporters pour les demis ! <3,4
2014-01-19T23:10:28Z,Cool,0
2014-01-19T23:08:19Z,C bn ça ,0
2014-01-19T23:05:45Z,Sa pue !,4
2013-11-23T17:03:25Z,Lofkgh,0
2013-10-29T16:13:52Z,il parle de JUNINHO <3,0
2013-09-29T10:00:02Z,"c'est bien les gens qui sont  fair-play 
",0
2013-09-29T08:01:24Z,Je comprend pas pourquoi le premier but de Nantes est refusé,1
2013-09-28T21:19:30Z,lll,0
2013-09-28T11:15:42Z,Peut etre qu'il y aurait eu une réaction lyonnaise a 0-1 et que l'OL l'aurait emporté 4-1,0
2013-09-28T10:38:02Z,Mdr ,0
2013-09-27T15:47:49Z,pénalty oublié pour Lyon aussi,0
2013-09-26T23:25:06Z,Tu parles de Giovanni Elber ? x),0
2013-09-26T18:06:13Z,lyon respire,0
2013-09-25T15:03:43Z,perso je suis nantais mais super content que des joueurs décoté comme GOMIS ou BRIAND ait marqué,1
2013-09-25T11:14:36Z,"MAGINIFIQUE ! Briand et Grenier, gg !",0
2013-09-25T05:26:47Z,"Si vous aimez Grenier, Lacazette et l'OL, venez sur ma chaîne",0
2013-09-25T04:07:15Z,si le premier but aurais été accordé qui te dit que nantes en aurais marquer un deuxiéme ,1
2013-09-24T19:24:34Z,"oui 3-2 normalement, mais si y avais eu 0-2 au début, quel serait vraiment le score final?",0
2013-09-23T23:44:16Z,"C'est uniquement de la faute de l'arbitre et pas des joueurs lyonnais si le but nantais est refusé, envoyez-lui une lettre plutôt que d'insulter le club ou les supporters de l'OL",0
2013-09-23T21:10:35Z,Lourdingue le commentateur.,0
2013-09-23T19:40:44Z,ta geule la saison derniere tt le temps larbitre ns oubliez des penaltys et la personne disez rien...,0
2013-09-23T19:18:24Z,Pitain sa fait trop chier il y avait pas du tout de faute putain d'arbitre de merde (vous pouvez dire tt se que vous voulez j'en aurez rien a foutre des retour),0
2013-09-23T18:47:24Z,Kone et Dabo font peur aussi mais  dans le mauvais sens ... J'etais au match et franchement koné m'a fait peur parfois ^^,0
2013-09-23T17:45:20Z,"Si vous aimez Grenier, Lacazette et l'OL, venez sur ma chaîne",0
2013-09-23T17:19:12Z,Lyon peut encore une fois remercier l'arbitrage. C'est honteux le but refuser !!,0
2013-09-23T16:28:44Z,Beau match,0
2013-09-23T16:19:27Z,très beau match je n'est pas pu le voir j'espere voir le meme resultat face a ajaccio allez l'OL,0
2013-09-23T16:14:17Z,xD et après on suce CR7 alors que c'est le même geste que Briand !,0
2013-09-23T12:23:52Z,Classement des passeurs de Ligue 1. Clément Grenier (OL) est le premier joueur à atteindre les trois passes décisives cette saison ! http://bit.ly/18kXkPX,9
2013-09-23T06:32:43Z,sauf qu'il aurait eu 1-0 et pas 2-0 .... Lyon a réagit immédiatement après le 1-0 donc ça n'aurait rien changé,0
2013-09-23T06:16:33Z,"Briand : une talonnade.
Ibrahimovic : un superbe geste de taekwondo ",0
2013-09-23T06:14:09Z,je filme les deux derniers buts sur ma chaine!,0
2013-09-23T06:10:58Z,"Dans ce cas, dès l'instant ou un joueur est sur le terrain il fait action de jeu...",0
2013-09-23T04:58:56Z,Allez OL 33,0
2013-09-23T01:23:20Z,"Putain faut avouer que les buts sont mis a part le premier lyonnais, tous superbes ! ALLER L'OL !!",0
2013-09-23T00:58:40Z,C'est pas gakpe qui a fait la frappe trop croise c'est birama toure,0
2013-09-22T23:39:42Z,"But de Djordjévic valable,c'est Honteux!
A 2-0 c'est plus la même chose qu'à 1-1 !
Merci l'arbitre encore une fois!!",0
2013-09-22T23:02:38Z,Merci l'arbitrage --' pour le But de djordjevic,0
2013-09-22T22:16:53Z,"Allez Nantes !!! Ne vous découragez pas, vous avez bien joué ! :)
Bien joué à l'OL aussi ! :)",0
2013-11-16T14:40:33Z,j'aime serge le lama,1
2013-11-15T02:27:12Z,Bordeaux 15 occasions Nantes 4 mais au final sa fait 3-0  mais vu les occasions des passes a riou pas des frappes,0
2013-11-12T19:34:53Z,"réussite totale. superbe but de Vincent Bessat, ça fait plais' de le voir marquer :)",3
2013-11-12T00:25:49Z,"Nantes capitale de l'Atlantique, Bordeaux à jamais sa banlieue.",2
2013-11-11T20:01:56Z,encore une victoire ridicule de facilité,1
2013-11-11T20:01:24Z,3-0 ça doit être dur à avaler,1
2013-11-11T18:49:53Z,"Et Djormachin qui vient faire le beau juste devant le virage pour provoquer, on en parle pas ? Comportement de merde.",1
2013-11-11T18:09:48Z,mdr le lama qui donne le coup d'envoi et on dit que c'est triste a bordeaux mais ca tape des barres en fait,0
2013-11-11T18:07:09Z,"Humiliés les bordelais. lol

A nous le derby de l'Atlantique !!! Allez le FCN !!!",2
2013-11-11T15:36:42Z,Allez nantes !! (supp lyonnais),2
2013-11-11T10:02:34Z,"cette victoire nantaise ma donné soif , un muscadet ? :D",4
2013-11-11T09:50:33Z,"Vous supportez une équipe de Ligue 1 ? Votez pour elle dans le sondage ""Quel club préféré vous en Ligue 1 ?"" . Gratuit et sans abonnement : http://www.pixule.com/sondages/sport/foot/215780772662_quel-club-prefere-vous-en-ligue-1.html",0
2013-11-11T07:40:12Z,"J'y etais,très beau match et belle ambiance,allez nantes!!",3
2013-11-11T02:57:04Z,I believe that we will win ! I believe that we will win !,4
2013-11-11T01:43:38Z,Putain c'est génial que Serge le lama ait pu faire le déplacement,0
2013-11-11T01:22:21Z,c'est quoi ce résumé en mousse? bordeaux aurait pu rentrer à la mitemps avec 2-0 et on ne voit que le poteau?,5
2013-11-11T00:32:14Z,<3 FCN <3,4
2013-11-10T23:26:09Z,Cela fait.plaisir de retrouver le jeu Nantais ! Belle victoire,9
2013-11-10T23:10:55Z,Nantes en puissance :),6
2013-11-10T23:10:01Z,Aller NANTES!!!! :D,4
2013-11-10T23:09:49Z,On est chez nous !!!!!,4
2013-11-10T23:01:37Z,Nantes!!!,3
2014-01-23T17:47:44Z,Allez nantes allez allez nantes allez allez allez allez nantes allez allez,0
2013-12-13T10:29:29Z,TAPER SUR YOUTUBE FOOTXNICO OL IL COMMENCE DES VIDEO DE FIFA13,0
2013-12-12T17:18:57Z,nantes gagne lol,0
2013-12-10T20:12:48Z,Victoire logique xd. Ah n'importe quoi.,0
2013-12-10T10:58:18Z,Un grand club ne meurt jamais. Allez le FCN !!!!!  <3,1
2013-12-10T07:50:01Z,"victoire logique nantaise , canaris en force :)",1
2013-12-09T17:19:25Z,Allez nantes,6
2013-12-09T12:21:28Z,EXACTE,0
2013-12-09T11:20:19Z,Pas tres complet ce resume..,2
2013-12-08T23:24:02Z,impressionnants ces canaris...,6
2013-12-12T17:22:31Z,bon nantes on gagner c bien,0
2013-12-12T13:49:36Z,"évidemment, il fallait que je loupe le match et donc Lucas Deaux au micro a la fin du match ^^",1
2013-12-10T19:28:00Z,aller le nantais,2
2013-12-05T23:38:38Z,Au tour de Marseille !!,1
2014-06-13T17:13:52Z,1-1 a la mi temps,0
2013-12-20T14:08:29Z,Forza Viola,0
2013-12-20T12:36:12Z,il y a 0-0 a la mi-temps et pas 1-1 connard de commentateur,0
2013-12-18T08:35:09Z,Der zak il aurait du mettre 2 attaquants pfff,0
2013-12-17T15:49:39Z,putain les penaltys non siffler et Der Zakarian qui ne fait rien!,0
2013-12-16T20:14:59Z,"ras le bol des arbitrages ! et bravo aux supporters toulousains qui se sont battu entre eux, belle mentalité !",0
2013-12-16T19:27:16Z,vous plainiez pas les nantaises toulouse subit autant d'errur d'arbitrage voir plus (le match de paris et de valenciennes) quand a vous riou fait une main en dehors de la surface et rien est sifflé donc parlez pas on vous démonté c'est tout,0
2013-12-16T17:21:40Z,"MARRE des paenaltys non sifflés , c'est dégueulasse , en plus de ça ligue 1 (officiel) , sont des vrais salopards et et protègent les fautes d'arbitrages !
( de la part d'un parisien )",3
2013-12-16T16:40:03Z,"Calmez vous les Nantais vous avez perdus, je veux pas vous insultez j'adore votre équipe mais si Toulouse a gagné vous ne pourrez rien n'y changé :/",1
2013-12-16T13:31:37Z,0-0 a la mi temps pas 1-1,0
2013-12-16T12:08:16Z,en plus Dido célèbre son but comme si il se moquait des danses bretonnes...,0
2013-12-16T09:20:36Z,se prendre un but par un rennais de base ca la fou mal :/,2
2013-12-16T07:57:51Z,Avant de voir la video je savais deja qu'ils ne montreraient pas les 2 ou 3 penaltys pas siffle mais par contre ils nous repassent 50 fois un hors jeu﻿,3
2013-12-16T06:44:23Z,"Pendant ce temps la, combat de boxe entre ""supporters"" toulousin avec CRS en sparring partner",1
2013-12-15T23:32:42Z,"Ce qu'il faut savoir de ce match (vu que les résumés de cette chaine sont totalement faussés):
 - deux actions litigieuses dans la surface de réparation qui auraient du se transformer, au moins pour l'une d'entre elle en pénalty pour Nantes
- altercations entre supporters toulousains et crs en tribune visiteuses",3
2013-12-15T23:27:42Z,"Contre Monaco on a un penalty flagrant pas sifflet, la c'est la même chose sur deux actions! RAS LE BOL !!!!!!",0
2014-01-31T19:04:11Z,Bienvenu,0
2014-07-24T21:19:34Z,les pauvre xD (je suis nantais),0
2014-04-29T15:56:50Z,"oh oh allez les jaunes, oh oh allez les jaunes. Dsl les valenciennois mais aujourdhui c'était nous les winners!",0
2014-04-25T16:39:07Z,"Valenciennes méritait pas de perdre 6-2 car ils ont fait une bonne 2e période (même si ils méritaient pas de gagner ,vu leur première période... )",0
2014-04-23T16:06:31Z,Mdr' le score de Tennis,0
2014-04-22T13:51:43Z,"En février 2007, Valenciennes s'imposait 5 à 2 à La Beaujoire et participait à la descente du FCN en Ligue 2. 7 ans plus tard la situation est pratiquement inversée.
Bonne chance aux nordistes pour la gestion au purgatoire. La remontée sera difficile dès la 1ère année.",5
2014-04-21T19:11:10Z,Sympa Nkoudou en défense xD,0
2014-04-21T17:32:40Z,désolé pour VA mais il n'y a pas de place pour tous le monde en l1,1
2014-04-21T13:52:12Z,"BRIGADE LOIRE 99
    Nantes Ultras ",2
2014-04-21T13:01:38Z,"6 buts pour Nantes le jour de mon anniversaire, merci FCN ♥♥",8
2014-04-21T12:37:17Z,J'espère vraiment que VA va alle en ligue 2,1
2014-04-21T12:36:01Z,"On voit bien qui est à court de liquidité en cette fin de saison: Evian et Sochaux en ont encore, par contre à Valenciennes et Guingamps ça coince ;)",0
2014-04-21T11:27:13Z,Ca c'est fait ! FCN <3,12
2014-04-21T11:20:38Z,"Jeu, Set & Match !",7
2014-04-21T10:48:47Z,"Ooh la chatte :0 17 tirs 2buts 9 tirs 6 buts   , bien joué riou",1
2014-04-21T10:23:49Z,"erreur au début, dans la compo de nantes nkoudou joue et est defenseur central",0
2014-04-21T09:54:58Z,adieux VA direction la L2,14
2014-04-21T09:37:36Z,WTF ! ce n'est pas la ligue 1 que je regarde *_*,1
2014-04-21T08:31:05Z,Quel match!!! ALLEZ NANTES,7
2014-04-21T08:03:23Z,2-6 MA-GNI-FI-QUE !!!!!!!!,3
2014-04-21T07:53:49Z,"Ne vous inquiétez pas les valenciennois, grâce à nous, votre stade du Hainault sera peut-etre encore en Ligue 1 l'an prochain ;-) !",4
2014-04-21T07:12:02Z,Aller fc nantes !!!!!!!!!!!!!!!!!!!!!!!,3
2014-04-21T06:14:20Z,allez nantes !!!!! ,4
2014-04-21T05:52:06Z,"#FCN <3 !
 ",6
2014-04-20T23:02:19Z,Tous à la Beaujoire Vendredi pour faire un 6 pts sur 6 face à l'OM cette saison !!,8
2014-04-20T22:26:14Z,FCN SERGE GAKPE ! :),17
2014-04-20T22:21:06Z,FC NANTES!!! <3,6
2014-04-20T22:03:56Z, #FCN  <3,5
2014-02-28T18:29:21Z,"Ce soir on prend notre revanche! 
CROIX DE SAVOIE 74 <3",1
2013-11-18T17:56:37Z,c'était magique on avait des frissons de voir l'océane sauter comme ca,13
