publish_date,title,view_count
2014-03-23T23:00:01Z,Goal Koffi DJIDJI  (21&#39;) - FC Nantes-Montpellier Hérault SC (2-1) - 22/03/14 - (FCN-MHSC),3699
2014-03-23T23:00:01Z,Goal Koffi DJIDJI  (34&#39; csc) - FC Nantes-Montpellier Hérault SC (2-1) - 22/03/14 - (FCN-MHSC),1146
2014-03-23T23:00:01Z,FC Nantes - Montpellier Hérault SC (2-1) - 22/03/14 - (FCN-MHSC) - Highlights,1137
2014-03-24T00:49:11Z,Ligue 1 - Week 30 Highlights - 2013/2014,4280
2014-03-23T22:59:01Z,Le sauvetage MIRACULEUX d&#39;Audard - FC Lorient - PSG (0-1) - Ligue 1 - 2013/2014,5692
2014-03-23T19:33:16Z,Tribune Loire - FC Nantes vs Montpellier - but Djidji,778
2014-03-23T23:00:02Z,But Koffi DJIDJI  (21&#39;) - FC Nantes-Montpellier Hérault SC (2-1) - 22/03/14 - (FCN-MHSC),3691
2014-03-23T23:00:02Z,But Koffi DJIDJI  (34&#39; csc) - FC Nantes-Montpellier Hérault SC (2-1) - 22/03/14 - (FCN-MHSC),1046
2014-03-23T23:29:50Z,Ligue 1 - Week 30 : Goals compilation - 2013/2014,1365
2014-03-23T23:06:57Z,Week 30 : Bloopers - Ligue 1 - 2013/2014,4386
2014-03-23T23:06:06Z,Keeper&#39;s MIRACULOUS save in Lorient - PSG (0-1) - Ligue 1 - 2013/2014,2772
2014-04-13T22:00:02Z,FC Nantes - EA Guingamp (1-0) - 13/04/14 - (FCN-EAG) - Highlights,1167
2014-03-23T23:00:02Z,But Serge GAKPE (3&#39;) - FC Nantes-Montpellier Hérault SC (2-1) - 22/03/14 - (FCN-MHSC),3006
2014-04-06T22:00:02Z,AS Monaco FC - FC Nantes (3-1) - 06/04/14 - (ASM-FCN) - Highlights,26691
2014-03-23T23:30:41Z,Ligue 1 - Tous les buts de la 30ème journée - 2013/2014,4977
2014-03-23T22:59:01Z,Le match Lorient - PSG à la loupe (0-1) - Ligue 1 - 2013/2014,1874
2014-03-30T22:00:01Z,FC Nantes - Girondins de Bordeaux (0-0) - 29/03/14 - (FCN-FCGB) - Highlights,560
2014-03-23T23:00:02Z,FC Nantes - Montpellier Hérault SC (2-1) - 22/03/14 - (FCN-MHSC) - Résumé,19309
2014-03-23T23:00:01Z,Goal Serge GAKPE (3&#39;) - FC Nantes-Montpellier Hérault SC (2-1) - 22/03/14 - (FCN-MHSC),331
2014-03-23T23:00:01Z,Week 30 : Top goals - Ligue 1 - 2013/2014,2236
2014-03-23T23:57:29Z,Ligue 1 - Résumé de la 30ème journée - 2013/2014,57972
2014-03-23T23:10:04Z,Lorient - PSG in Slow Motion (0-1) - Ligue 1 - 2013/2014,3638
2014-05-11T03:17:11Z,FC Nantes - AS Saint-Etienne (1-3) - Highlights - 10/05/14 - (FCN-ASSE),5518
2014-03-16T23:00:01Z,LOSC Lille - FC Nantes (0-0) - 15/03/14 - (LOSC-FCN) - Highlights,1653
2014-03-25T16:09:08Z,Nantes-Montpellier,523
2014-03-23T23:00:02Z,Ligue 1 - Top buts 30ème journée - 2013/2014,11396
2014-04-20T22:00:02Z,Valenciennes FC - FC Nantes (2-6) - 20/04/14 - (VAFC-FCN) - Highlights,5806
2014-03-09T23:00:02Z,FC Nantes - AC Ajaccio (2-2) - 08/03/14 - (FCN-ACA) - Highlights,8654
2014-03-23T23:05:00Z,Blanc : &quot;Chelsea? A difficult draw for us&quot; before PSG - Chelsea - 2013/2014,2450
2014-04-27T22:00:01Z,FC Nantes - Olympique de Marseille (1-1) - 25/04/14 - (FCN-OM) -Highlights,1695
2013-10-31T06:00:01Z,FC Nantes - FC Lorient (2-0) - Le résumé (FCN - FCL) - 2013/2014,21003
2014-03-09T23:00:02Z,FC Nantes - AC Ajaccio (2-2) - 08/03/14 - (FCN-ACA) - Résumé,16994
2013-12-19T06:00:00Z,FC Nantes - AJ Auxerre (1-0) - 17/12/13 (1/8 de finale) - (FCN - AJA) - Résumé,10148
2014-04-17T19:09:00Z,Nikola Erakovic - Djidji gol,442
2014-04-06T22:23:31Z,AS Monaco FC - FC Nantes (3-1) - 06/04/14 - (ASM-FCN) - Résumé,38629
2014-03-30T22:00:02Z,FC Nantes - Girondins de Bordeaux (0-0) - 29/03/14 - (FCN-FCGB) - Résumé,10078
2014-03-16T23:00:01Z,LOSC Lille - FC Nantes (0-0) - 15/03/14 - (LOSC-FCN) - Résumé,7659
2014-04-13T22:00:03Z,FC Nantes - EA Guingamp (1-0) - 13/04/14 - (FCN-EAG) - Résumé,15363
2014-04-20T22:00:02Z,Valenciennes FC - FC Nantes (2-6) - 20/04/14 - (VAFC-FCN) - Résumé,87012
2014-04-27T22:00:02Z,FC Nantes - Olympique de Marseille (1-1) - 25/04/14 - (FCN-OM) - Résumé,31536
2014-05-11T02:31:01Z,FC Nantes - AS Saint-Etienne (1-3) - Résumé - 10/05/14 - (FCN-ASSE),41497
2014-03-23T22:59:00Z,Blanc : &quot;Chelsea n&#39;est pas meilleur depuis le tirage !&quot; - PSG - Chelsea - 2013/2014,1450
2013-12-15T23:00:01Z,But Papy Mison DJILOBODJI (82&#39;) - FC Nantes-Toulouse FC (1-2) - 14/12/13 (FCN-TFC),14266
2014-03-22T23:05:49Z,Football / Ligue 1 : Les Canaris se rassurent - 22/03,433
2013-12-19T06:00:00Z,But Fernando ARISTEGUIETA (74&#39;) - FC Nantes-AJ Auxerre (1-0) - 17/12/13 (1/8 de finale) (FCN-AJA),1214
2014-01-16T06:00:01Z,But Oswaldo VIZCARRONDO (77&#39;) - FC Nantes-OGC Nice (4-3) - 15/01/14 - (FCN-OGCN),2142
2013-10-06T22:00:01Z,Goal Papy Mison DJILOBODJI (65&#39;) - FC Nantes - Evian TG FC (3-0) - 2013/2014,2031
2013-09-29T22:00:02Z,But Filip DJORDJEVIC (17&#39;) - Stade Rennais FC - FC Nantes (1-3 - 2013/2014,3611
2014-03-23T23:26:40Z,But Mounir OBBADI (4&#39;) - AS Monaco FC-LOSC Lille (1-1) - 23/03/14 - (ASM-LOSC),4698
2013-11-10T23:00:01Z,But Vincent BESSAT (41&#39;) - Girondins de Bordeaux - FC Nantes (0-3 - 2013/2014,4698
