publish_date,title,view_count
2013-11-30T23:00:01Z,Nîmes Olympique - Dijon FCO (1-1) - 29/11/13 - (NIMES - DFCO) - Résumé,2710
2014-05-07T22:00:01Z,Dijon FCO - Châteauroux (2-1) - 06/05/14 - (DFCO-LBC) - Résumé,2552
2014-01-28T20:08:33Z,Angers SCO - Dijon FCO (0-0) - 27/01/14 - (SCO-DFCO) -Résumé,2802
2014-03-22T23:00:00Z,ESTAC Troyes - Dijon FCO (2-0) - 21/03/14 - (ESTAC-DFCO) - Résumé,2418
2013-09-14T22:00:04Z,CA Bastia - Dijon FCO (0-0) - Le résumé (CAB - DFCO) - 2013/2014,2192
2014-05-17T22:00:00Z,Dijon FCO - SM Caen (2-2) - Résumé - 16/05/14 - (DFCO-SMC),6145
2013-10-26T22:00:02Z,AC Arles Avignon - Dijon FCO (0-0) - Le résumé (ACA - DFCO) - 2013/2014,1510
2014-01-11T23:00:01Z,Dijon FCO - FC Istres (4-1) - 10/01/14 - (DFCO-FCIOP) -Résumé,3708
2013-09-28T22:00:01Z,Dijon FCO - AJ Auxerre (1-0) - Le résumé (DFCO - AJA) - 2013/2014,4752
2013-09-25T22:00:09Z,US Créteil - Dijon FCO (1-3) - Le résumé (USCL - DFCO) - 2013/2014,3241
2014-02-22T23:00:00Z,Tours FC - Dijon FCO (1-0) - 21/02/14 - (TOURS-DFCO) - Résumé,2745
2013-10-05T22:00:00Z,Havre AC - Dijon FCO (0-0) - Le résumé (HAC - DFCO) - 2013/2014,1943
2014-02-15T23:00:02Z,Dijon FCO - CA Bastia (3-0) - 14/02/14 - (DFCO-CAB) - Résumé,3241
2013-08-24T22:00:11Z,Stade Brestois 29 - Dijon FCO (0-0) - Le résumé (SB29 - DFCO) - 2013/2014,3682
2013-08-17T22:00:11Z,Dijon FCO - Angers SCO (1-3) - Le résumé (DFCO - SCO) - 2013/2014,8945
2013-12-21T23:00:01Z,Châteauroux - Dijon FCO (3-1) - 20/12/13 - (LBC - DFCO) - Résumé,5660
2014-03-08T23:16:39Z,AJ Auxerre - Dijon FCO (2-2) - 07/03/14 - (AJA-DFCO) - Résumé,5848
2013-08-03T22:00:12Z,SM Caen - Dijon FCO (3-1) - Le résumé (SMC - DFCO) - 2013/2014,19306
2013-10-19T22:00:00Z,Dijon FCO - ESTAC Troyes (2-1) - Le résumé (DFCO - ESTAC) - 2013/2014,5432
2013-08-10T22:00:11Z,Dijon FCO - RC Lens (1-1) - Le résumé (DFCO - RCL) - 2013/2014,13121
2014-02-01T23:00:01Z,Dijon FCO - Stade Brestois 29 (3-0) - 31/01/14 - (DFCO-SB29) -Résumé,3001
2014-04-05T22:00:01Z,Chamois Niortais - Dijon FCO (2-0) - 04/04/14 - (NIORT-DFCO) - Résumé,3263
2014-05-10T22:00:01Z,FC Istres - Dijon FCO (2-4) - Résumé - 09/05/14 - (FCIOP-DFCO),3897
2013-11-02T23:26:28Z,Dijon FCO - Chamois Niortais (2-2) - Le résumé (DFCO - NIORT) - 2013/2014,24438
2014-03-29T23:00:01Z,Dijon FCO - AC Arles Avignon (1-1) - 28/03/14 - (DFCO-ACA) - Résumé,1929
2013-08-31T22:00:10Z,Dijon FCO - Stade Lavallois (1-0) - Le résumé (DFCO - LAVAL) - 2013/2014,3755
2014-04-19T22:00:01Z,AS Nancy-Lorraine - Dijon FCO (2-1) - 18/04/14 - (ASNL-DFCO) - Résumé,4865
2013-09-21T22:00:12Z,Dijon FCO - Tours FC (2-0) - Le résumé (DFCO - TOURS) - 2013/2014,3960
2014-02-08T23:00:01Z,Stade Lavallois - Dijon FCO (0-0) - 07/02/14 - (LAVAL-DFCO) -Résumé,1344
2013-11-23T21:11:02Z,Dijon FCO - AS Nancy-Lorraine (1-0) - Le résumé (DFCO - ASNL) - 2013/2014,2376
2014-03-15T23:00:00Z,Dijon FCO - Havre AC (1-2) - 14/03/14 - (DFCO-HAC) - Résumé,4275
2014-03-01T23:00:00Z,Dijon FCO - US Créteil (2-2) - 28/02/14 - (DFCO-USCL) - Résumé,2539
2014-05-07T18:11:55Z,Conférence de presse Dijon FCO - Châteauroux (2-1) - 2013/2014,115
2014-03-08T17:41:51Z,Conférence de presse AJ Auxerre - Dijon FCO (2-2) - 2013/2014,279
2014-03-15T18:14:12Z,Conférence de presse Dijon FCO - Havre AC (1-2) - 2013/2014,198
2014-04-19T17:45:13Z,Conférence de presse AS Nancy-Lorraine - Dijon FCO (2-1) - 2013/2014,199
2014-05-17T18:27:31Z,Conférence de presse Dijon FCO - SM Caen (2-2) - 2013/2014,327
2013-10-15T14:07:08Z,MK Dons get behind England,552
2014-02-26T10:45:29Z,Foot: Manchester terrassé au Pirée par l&#39;Olympiakos,335
2013-10-15T22:18:45Z,hommag bruno metsu balla gaye 2 sanex  messi facebook italia-senegal,14251
2014-06-17T06:07:14Z,Diambars FC -  Duc ( 4 - 1 ) - Dimanche 15 juin 2014 - Résumé,790
2014-06-27T18:22:01Z,fiche joueur Amadou Sy,2272
2014-04-14T01:01:39Z,Diambars FC - Yeggo ( 2 - 0 ) - Dimanche 13 avril 2014 - Résumé,1083
2014-06-19T13:36:14Z,fiche joueur Salim Mamadou Ndao,9286
2014-03-05T22:53:39Z,fiche joueur Pape Moussa Dioum Sow,2408
2014-07-25T20:44:54Z,fiche joueur Emmanuel Gomis,1432
2014-03-12T00:22:33Z,fiche joueur Abdoulaye Gueye saison 2013 - 2014,1120
2014-03-03T22:39:58Z,fiche joueur Seydou Bocar Seck saison 2013- 2014,2045
2014-07-26T14:31:35Z,fiche joueur Djiby Ndiaye,1517
2014-07-14T09:37:31Z,fiche joueur Abdou Mbacké Thiam saison 2013 - 2014,1323
