published-time,comment,likes
2014-07-27T08:10:26Z,welcome to chelsea Kurt Zouma!,17
2014-07-22T13:17:38Z,He got the ball...,30
2014-02-01T14:56:26Z,Dive,1
2014-01-18T11:41:22Z,ilya rien,1
2013-11-15T15:27:45Z,if i'm honest thats unfair on kurt coz he got the ball they just got tangled up in the follow through,14
2013-11-11T12:34:09Z,Je l'aurai suspendu pour l'année !!,0
2013-11-08T03:44:44Z,Deberian expulsarlo por dos años sin derecho a sueldo..es un asesino ese kurt...eso no se hace,2
2013-11-05T23:38:02Z,hope he comes back stronger like ramsey did,0
2013-11-05T13:32:50Z,Red Card !!!!!!,0
2013-11-05T12:50:24Z,"ouch
",0
2013-11-04T11:10:02Z,yellow card,0
2013-11-04T00:50:45Z,My leg!!,0
2013-11-04T00:10:21Z,:/ le pauvre...,1
2013-11-03T23:08:35Z,Ouch! Poor lad,0
2014-03-14T11:11:06Z,And then we wonder why rugby fans laugh at us if some of us are appalled by this!! It was a clean challenge with good intentions. Is it against the rules for somebody to put in 110% commitment into getting the ball? It's not like he kicked him in the head or snapped him on purpose he wanted to win the ball for his team he deserves a medal not a card or a ban it's a shame about the guys leg but if you think this is a bad tackle go watch a non contact sport.,0
2014-02-21T22:47:49Z,Good tackle just unfortunate to catch his other leg like that. Seen worse!,0
2014-02-16T02:12:46Z,"Một trung vệ hiện đại,một con người chỉ huy hàn phòng ngự của một tap thể siêu sao phải hội đủ những đặc tính như Zouma mới thành công được.",0
2014-02-01T12:29:39Z,"why was he banned, ok it's a red but he didn't mean to injure the guy",0
2014-01-31T18:40:15Z,"Red Card?

Yes.

10 game match ban? 

No, 3 is more than enough.",0
2014-01-31T13:40:26Z,"In the 1970s, a tackle like that would be okay",0
2014-01-31T13:34:03Z,"What exactly is wrong with that tackle? In England that wouldn't even get you a yellow card, never mind a 10 game ban!",0
2014-01-30T23:39:35Z,Should be a red for the lunge in tbh. Any more than 3 games is completely not needed.,2
2014-01-17T16:09:18Z,"Ma se nemmeno l'ha toccato!!!
Simulazione piena...",0
2014-01-17T00:19:04Z,"Pretty sure a red card is if the play uses excessive force. Yes he got the ball, no his studs weren't showing but it's a pretty reckless challenge. If that was Suarez on a defender people would be calling for his head   ",0
2014-01-16T15:48:41Z,Welcome to Chelsea ,7
2014-01-16T12:48:02Z,"I've seen far worst challenges in the premier league this season. He got the ball. It's unfortunate about the other guys leg. 
",19
2014-01-16T12:47:59Z,"I've seen far worst challenges in the premier league this season. He got the ball. It's unfortunate about the other guys leg. 
",0
2014-01-12T01:04:38Z,"It's clearly a red card, he jumps into the tackle and allows his trailing leg to catch the player",0
2014-01-07T18:29:13Z,His face at 0:15 ,0
2014-01-06T15:56:12Z,Hope Chelsea sign him so he can do that to some BPL strikers... *cough *cough ... Suarez,0
2013-12-29T00:01:55Z,Unfortunate for the player to get injured and ten game ban is ridiculous as there was nothing wrong (it was a one foot tackle),0
2013-12-28T01:46:11Z,"Great tackle, its just unfortunate for the other player. 10 games is ridiculous his intentions were clearly to win the ball. Hope city get this guy.",0
2013-12-26T21:50:56Z,"At the end of the day he got the ball, his studs were not showing and it was not two footed so it can't be a red card in the laws of the game. ",2
2013-12-13T15:54:27Z,"This is stupid. 10 games suspension for that?? Suspension should be for foul, not for result of this foul which is broken leg. Shit happens.",0
2013-12-12T16:12:53Z,"brilliant tackle, shame french league is awful and full of bad referees",6
2013-12-12T13:50:47Z,"It was a fantastic tackle, the awkward landing caused the break",0
2013-12-11T10:21:09Z,Some people say that a 10 match ban is harsh but what has to be considered is the fact that Zouma's tackle and trailing leg resulted in an awkward fall for Guerbert and the subsequent leg breakage. This kind of things could easily end the career of someone like Guerbert. I assume that's why it's 10 match ban for Zouma as opposed to a 3!!,0
2013-12-09T10:27:52Z,This tackle isn't even a yellow card. The leg break was as a result of the player falling awkwardly not from the force of the tackle. ,19
2013-12-04T09:00:48Z,i was expecting worse tbh after reading the news,0
2013-11-14T19:28:13Z,le tacle est propre mdr ! l'autre il se saute comme un con avant de tacler ,0
2013-11-12T23:19:50Z,"10 match ban? Come on man, booking at most.",10
2013-11-12T21:33:57Z,"That's a Kompany-esque tackle which he always gets carded for. Never a sending off and never a 10-match ban, great challenge. ",0
2013-11-12T18:34:12Z,"the french have always been soft as shite, look at the clip of the horse punchers!",0
2013-11-12T14:39:31Z,10 games? That's outrageous. ,0
2013-11-12T10:33:50Z,Although he got the ball first; the way he dived for it is too reckless and dangerous. A red card and 2 match ban seems legit.,1
2013-11-12T09:01:27Z,"Superb challenge that. Amazed how he got a 10 game ban for that, laughable. ",0
2013-11-10T00:08:45Z,The tackle wasn't that bad and he did get the ball clean. ,23
2013-11-09T17:57:26Z,Always the black people who cant handle football,0
2013-11-09T17:41:20Z,Always a black guy who needs to slide in dangerously,2
2013-11-09T16:48:06Z,0:15 epic face,0
2013-11-09T14:43:58Z,Il a du bien mordoré,0
2013-11-09T12:25:09Z,"It's a horrible injury, but not necessarily a horrible tackle. He does dive in, so it probably was a booking, but 10 matches is purely because of the injury. ",0
2013-11-09T11:38:40Z,This is unfortunate. The tackle doesn't look so bad honestly. I think the landing was awkward and caused serious damage. Martin Taylor tackle on Eduardo was much more worse.,0
2013-11-09T04:56:45Z,so suarez got ten matches for a little nibble on ivanovic but zouma gets ten matches for practically ending a career???,0
2013-11-09T02:12:20Z,It's a horrible tackle it doesn't matter if he got the ball.,1
2013-11-08T23:28:27Z,"Of course it was a ten match ban - His studs were up, both feet were off the ground, his follow through went on several yards. It was a ridiculous challenge.",0
2013-11-08T22:45:19Z,Did he broke it?,0
2013-11-08T21:12:36Z,"fuck that, he went in so hard, looked like he intentionally wanted to hurt him, I agree with the ban.",0
2013-11-08T19:37:42Z,Zoumie go to zoo,0
2013-11-08T19:27:29Z,O kurwa.,0
2013-11-08T19:22:08Z,Aż mi się nie chce grać w piłkę jak takie coś widzę ;///,0
2013-11-08T18:44:25Z,Bitch,0
2013-11-08T18:43:38Z,He got a 10 game ban for that?! Football has become non contact,4
2013-11-08T18:25:34Z,10 Games? Fckin ridiculous..,9
2013-11-08T17:21:06Z,Isn't He playing the ball???,0
2013-11-08T16:20:21Z,10 match ban for that? He got the ball?,1
2013-11-08T16:18:29Z,"It was an aggressive challenge but he really didn't do much wrong as he cleanly won the ball first of all. But he did go in with lots of momentum and perhaps should've thought about that. Nevertheless, a 10 games ban for this is unjustified.",0
2013-11-08T15:37:01Z,clean tackle though,0
2013-11-08T15:19:51Z,Got banned 10 games got winning the ball... Logic!,2
2013-11-08T14:52:43Z,there goes anckle,0
2013-11-08T13:34:28Z,He got the ball it was unlucky that he hitted the standing leg aswell,0
2013-11-08T12:59:53Z,Not zoumas fault this baldy bastard has jelly ankles! Great challenge ,1
2013-11-08T12:27:19Z,Ball first. Clearly play on,0
2013-11-08T11:54:22Z,oust re drepani....,0
2013-11-08T09:16:11Z,clear tacle,0
2013-11-08T09:07:41Z,He got he ball,0
2013-11-08T07:48:14Z,Damn,0
2013-11-08T07:43:19Z,Hahah rofl,0
2013-11-08T07:15:42Z,Materrazzi No2.. These players are disgrace for sports..,0
2013-11-08T07:01:18Z,he did get the ball 1st though :),0
2013-11-08T04:16:26Z,"The sliding tackle is good, just unlucky that he broke his leg...",0
2013-11-08T01:35:02Z,"You can see the ankle ""snap"" with ground contact. The leg breaking is hard to see where the actual contact is to be classed as brutal enough to break a bone. Seems like a ""stress fracture""....and it gets Zouma 10 matches.....maybe a little harsh.",0
2013-11-08T01:27:19Z,Why is this tackle bad,0
2013-11-07T22:02:14Z,"Dangerous tackle, but hey, he got the ball first!",0
2013-11-07T20:42:34Z,Suspendu a vie !,0
2013-11-07T20:19:02Z,le tacle est propre !,3
2013-11-07T20:06:54Z,10 matchs de suspension,0
2013-11-07T16:54:35Z,Vous êtes con il a pas fais exprès bande ******,1
2013-11-06T20:44:47Z,Venez voir ma video en tapant: le plus beau but de fifa street nicohard13. Au passage laisser un petit pouce vert laissez un commentaire et abonnez vous :-),0
2013-11-06T10:52:00Z,هههارحب,0
2013-11-06T10:04:40Z,ابحث عن التعليقات باللغه العربيه والي جايين من سبق ,0
2013-11-06T07:40:21Z,Gore ptn je suis pour Paris mais la gore jle soutient,0
2013-11-06T02:51:53Z,Tacle dangereux et inutile au coin du terrain...,0
2013-11-06T01:55:19Z,OMG OHHHHHH,0
2013-11-05T22:19:23Z,Pourtant tous ceux qui connaissent sainte savent que kurt que un super mec.,0
2013-11-05T21:55:44Z,Casí lo quebró,0
2013-11-05T19:33:26Z,"esa regla es muy antigua amigo, ahora da lo mismo si toca la pelota si hay exceso de fuerza",0
2013-11-05T19:30:54Z,Des joueur qui tactent comme ça ne devraient plus jouer,0
2013-11-05T19:24:08Z,"You are a great stupid. He injured the player. 
Touch the ball or not yet untouched until the player is not excessive use of force. It is an excessive input. It has no awareness of the harm it can cause over his rival.
I can not believe that so many ignorant people in football reviewing.",0
2013-11-05T18:13:37Z,sportive agressive,0
2013-11-05T17:44:24Z,send him back to Africa!!!,0
2013-11-05T16:25:25Z,Le pauvre :(,0
2013-11-05T16:15:28Z,"
D:",0
2013-11-05T16:15:19Z,Lol la jambe du footeu !!!!!!!!!!!,0
2013-11-05T15:49:20Z,Me imagino que eso le sacará un gran peso de encima al jugador que se acaba de romper el tobillo.,0
2013-11-05T15:44:38Z,pero si toco primero la pelota no existe falta,0
2013-11-05T15:29:45Z,"وانا ادور تعليق عربي *.*
",0
2013-11-05T14:14:04Z,Ese negro no tiene que jugar hasta que vuelva a jugar en buenas condiciones el jugador que lesióno,0
2013-11-05T11:25:19Z,C est pas un boucher mais son coéquipier clément c est déjà mangé la même chose. Il y aura sanction vu la blessure mais il a pas l'intention de faire mal,0
2013-11-05T02:31:57Z,no pain,0
2013-11-05T00:31:16Z,"des joueurs.
la on voit clairement que le seul but de zouma est de jouer le ballon.
avec son élan il se retrouve avec la cheville du sochalien sous la cuisse et la ca casse mais arrêtez de dire boucher ou tacle assassin.
en lui même le tacle n'est pas méchant!!!
ok il y a blessure grave donc le rouge est mérité même s'il y a pas ""grosse faute""",0
2013-11-05T00:28:25Z,"faut arrêter les conneries!!!!!!! pourquoi le traiter de boucher???? il a le pied sur le ballon après c'est avec l'élan qu'il brise le tibia-péroné de guerbert
si vous voulez insulter quelqu'un de boucher (car la il s'agit bien d'une insulte) dîtes le a celui qui blesse gonalons dans la même journée (je sais plus son nom) ou encore eysseric pour le tacle sur jérémie clément l'année dernière (pour ne citer que des récents actes) la les pieds n'étaient pas sur le ballon mais bien sur les chevilles",0
2013-11-05T00:25:05Z,"sale lyonnais!!!!!!!
tu disais ca de dabo et gomis quand ils étaient a st-é?
et maintenant qu'ils sont a lyon?",0
2013-11-05T00:13:17Z,La honte pour le foot,0
2013-11-04T19:58:42Z,"o-lalala, terrible (c)",0
2013-11-04T19:22:39Z,No one should tackle like that,0
2013-11-04T19:15:46Z,Tres beau tacle . Moi les tacle a l anglaise j adore sa,0
2013-11-04T17:48:46Z,BAN FOR LIFE! BAN FOR LIFE! BAN FOR LIFE! BAN FOR LIFE! BAN FOR LIFE! BAN FOR LIFE! BAN FOR LIFE! BAN FOR LIFE! BAN FOR LIFE! BAN FOR LIFE! BAN FOR LIFE! BAN FOR LIFE! BAN FOR LIFE! BAN FOR LIFE! BAN FOR LIFE! BAN FOR LIFE! BAN FOR LIFE! BAN FOR LIFE! BAN FOR LIFE! BAN FOR LIFE! BAN FOR LIFE! BAN FOR LIFE! BAN FOR LIFE! BAN FOR LIFE! BAN FOR LIFE! BAN FOR LIFE! BAN FOR LIFE! BAN FOR LIFE! BAN FOR LIFE! BAN FOR LIFE! BAN FOR LIFE! BAN FOR LIFE! BAN FOR LIFE! BAN FOR LIFE! BAN FOR LIFE!,0
2013-11-04T12:38:10Z,"Oui et au cas ou vous êtes pas au courant un tacle même propre est interdit quand il peut être dangereux, avec la vitesse dans ce cas ci.  

Ce tacle est honteux même si l'on voit bien qu'il n'a pas l'intention de faire mal.

",0
2013-11-04T08:42:49Z,"He just had to do this once in his life, you could just see that on his face",0
2013-11-04T07:31:44Z,The horror...,0
2013-11-04T00:54:02Z,Searching for an english comment *-*,0
2013-11-03T22:25:59Z,Wasn't that bad,0
2013-11-03T17:45:54Z,"Tacle malchanceux, pas assassin. Deux matchs fermes pas plus bande de pleureuses.",0
2013-11-03T12:46:09Z,"? Son tacle est ""propre"" si je puis dire il prends le ballon le problème c'est que Zouma est emporté par son élan en aucun il veut faire mal ta réaction est juste débile.",0
2013-11-02T20:29:17Z,Kurt Zumba,0
2013-11-02T20:03:43Z,Je chie sur Kurt Zouma,1
2013-11-02T19:46:34Z,Kurt Zouma:rire:,0
2013-11-02T19:43:37Z,kurt zouma et ses grands compas !,0
2013-11-02T19:42:22Z,Zouma = Black Ron Perlman,0
2013-08-20T07:11:44Z,et allors? l'arbitre en a décider ainsi si sa ne vous plait pas envoyer un dons à une association pour la formation des arbitres en france ; ),0
2013-08-19T11:12:02Z,la simulation flagrante de Blayac l'arbitrage qui comme tout au long du match ne prend pas le bonne decision ,0
2013-08-18T00:55:03Z,Angers en ligue 1 !!!!!!!!!!!!!!!!!!!!   :),1
2013-08-17T23:44:34Z,pfff le pénalty cadeau alors qu'il y a que dalle,1
2013-08-17T23:22:07Z,gg,0
2013-08-25T16:45:58Z,D'accord avec toi young Man. On joue mieux que l'année dernière et on ne fais quasiment que perdre alors qu'avant on gagnait .,0
2013-08-25T12:22:45Z,Marié* pas Mary--',0
2013-08-25T08:31:52Z,super match de thebaux,0
2013-08-16T10:19:33Z,Ils sont chauds les supporters caennais torses nus,0
2013-08-11T14:23:49Z,"Allez Malherbe ! Superbe équipe, cette saison est la bonne",1
2013-08-07T22:18:57Z,Cette année c'est la bonne pour Caen on va monter en Ligue 1 <3 !,0
2013-08-06T10:11:48Z,"c'est vrai que le but de Dijon et pas mal 
mais il y a un truc qui ma soûler c'est que le public a sifflet l'entrer de nabab et après sont but il chante sont nom 
Allez malherbe et rendez-vous a laval vendredi pour la victoire ",1
2013-08-05T11:57:28Z,"ce n'est pas tres sympa de ne pas monter le but de dijon surtout qu'il est magnifique. (je suis supporter de Caen)
",1
2013-08-05T08:37:05Z,Dijon c'est les meilleur,0
2013-08-05T02:24:34Z,Kodja non plus. C'est Kodjia.,0
2013-08-05T02:03:42Z,Et le but de Dijon on ne le montre pas ?,0
2013-08-04T18:18:38Z,Allez dijon !!!!!,0
2013-08-04T15:01:18Z,Non ce n'est pas Kodja mais Kodjia :D Allez Malherbe !!,0
2013-08-04T12:44:51Z,oui jai vu mon erreur juste apres mais eu la fleme de changer lol,0
2013-08-03T23:17:07Z,godia me semble un bon joueur pour aider caen a monter en ligue 1,0
2013-08-03T22:53:12Z,"Allez Malherbe, en route pour la ligue 1 !!!! <3 ",0
2013-11-10T13:28:00Z,Ca vaut meme pas un jaune,0
2013-11-10T13:01:18Z,"Bonne chance
",2
2013-11-09T09:19:58Z,retablie toi bien guerbert,7
2013-11-08T18:39:20Z,"O mais faut arrêter la vous connaissez les règles du foot c est un bon tacle mais malheureusement le pied de gerbert est reste coincé il n y a pas de carton normalement!! Bon rétablissement de gerbert
",2
2013-11-05T22:10:30Z,"Le genre de truc qui me donne envi d'arreter le foot, bon courage guerbhert",4
2013-11-05T12:07:38Z,Que Zouma soit sanctionné le plus lourdement possible pour cet acte complètement ignoble et idiot et souhaitons un très bon rétablissement à Guerbert.,4
2013-11-05T07:14:27Z,Bon rétablissement Guerbert,2
2013-11-05T01:59:32Z,"i'm just saying eversion injuries are the most dangerous for ankle injuries. Takes a really long time, hopefully he'll be playing professionally again. ",0
2013-11-05T00:46:48Z,Bon rétablissement ..,0
2013-11-04T20:09:11Z,il parle du carton pélo,0
2013-11-04T18:45:20Z,Mon dieu cet attentat,0
2013-11-04T16:50:49Z,"Une cheville d'anglais ne casse jamais, c'est connu",0
2013-11-04T16:13:07Z,ils mettent sa dans le meilleur de la 12 eme journée! jr ne vois pas telement ce qu'il y a de super,0
2013-11-04T15:28:52Z,"Le mec en l'air quand il chope le sochalien, a aucun moment le tacle est bon, et meme si il n'etait en suspension il arrive par derriere donc c'est deja dangereux",0
2013-11-04T15:09:19Z,Ta quoi contre les noirs je te signale que il y a aussi des blancs qui joue au foot et qui font des tacles qui sont pires que des prises de catch! raciste...,0
2013-11-04T14:55:37Z,Espèce de débile il a la jambe en deux et une luxation ! Il est trop engagé le joueur --' faut arrêter de dire qu'il y a rien...,0
2013-11-04T14:38:09Z,"Le tacle n'est pas bon, il a les deux pieds décollés du sol !",0
2013-11-04T14:27:39Z,"le tacle est bon, une jambe pour chopper la balle l'autre plier rien a dire, malheuresement les crampons reste enfoncer et au lieu que le pied parte c'est la cheville qui ramasse, mais c'est faute à pas de chance c'est tout
le tacle est propre, dur, mais propre, en angleterre il n'y aurait rien eu ...",0
2013-11-04T12:31:50Z,"N'empêche, Kurt Zouma meilleur boucher de France!!:-P ok je sors",0
2013-11-04T12:30:50Z,"Moi je trouve surtout que ça montre le contraste avec les mecs qui simulent.. La première réaction de Guerbert c'est pas de se tordre de douleur mais d'appeler le staff médical donc on voit tout de suite que c'est sérieux.. Alors que les mecs qui font 15 tonneaux et qui se tiennent la tête alors qu'on les a touché aux jambes ils sont debout 37 secondes plus tard!
Bref coup dur pour Guerbert j'espère qu'il s'en remettra :/",0
2013-11-04T12:06:33Z,Don't be silly.,0
2013-11-04T11:50:01Z,Le pauvre,0
2013-11-04T11:34:25Z,Méchant tacle :s Saison finie pour Guerbert.. ,0
2013-11-04T06:09:28Z,"Certe il y a faute mais pour moi c est un tacle normal les deux pieds ne sont pas en avant il joue la balle, apres la cuisse bloque la cheville et c est malheureux. Donc oui il y a faute mais de la à l insulter c est limites car ces tacle y en a 40 par journee de ligue 1 et personne dis rien quand il n'y a pas de blessure. Pour les supporter sochaliens qui insulte zouma vous avez son frere dans l equipe donc vous respectez pas votre joueur en insultant son frere. Courage et bon rétablissement",0
2013-11-04T05:51:13Z,C'est coi ce tacle,0
2013-11-04T05:15:55Z,"Personne ne mérite de se blesser de la sorte, Zouma arrive comme une bombe dans ses pieds, il n'y aurait rien eu ça aurait été un super geste défensif. Mais là, la vitesse + le choc c trop. Bon rétablissement, un rémois",0
2013-11-04T02:06:38Z,his career is most likely over :'(,0
2013-11-04T01:58:23Z,il a raison il n'y a pas faute il joue le ballon et le touche ,0
2013-11-04T01:53:29Z,"ta geule cordialement
",0
2013-11-04T01:01:11Z,c'est pas une vidéo à partager ça...,0
2013-11-04T00:06:40Z,Y'a pas faute !,0
2013-11-03T23:38:34Z,oué regarde le résume du match c'est vrai que l'on vois bien que Guerbert ce blesse apres le tacle mais n'importe qu'elle arbitre aurais mis le rouge ,0
2013-11-03T23:28:15Z,tu as tout a fait raison mais le tacle et musclé donc a cause de ça il ce fracture :/,0
2013-11-03T23:28:10Z,11 match de suspension comme eysseric sinon la video est horrible,0
2013-11-03T23:27:23Z,5 a 6 mois enfaîte donc il a pas de saison car après il ya la kiné et tout :s,0
2013-11-03T23:21:55Z,Ça rappelle des souvenirs :/,0
2013-11-03T23:16:51Z,Comme le joueur est blessé 4 mois il faudrait 4 mois de suspension au fautif,0
2013-11-03T23:11:40Z,OMG le pauvre! j'aime bien l'asse mais srx pour ça le joueur mérite une énorme suspension c'est une honte !,0
2013-11-03T23:10:13Z,Bon retablissement a toi mec.,0
2013-10-07T17:37:03Z,"ALLEEEEEE BORDEAUX B-O-R-D-E-A-U-X BORDEAUX ALLEEEEEE BORDEAUX B-O-R-D-E-A-U-X BORDEAUX

     ON AIME BORDEAUX ON AIME BORDEAUX
     ON EST BORDEAULAIS ON EST BORDEAULAIS",0
2013-08-11T19:23:14Z,Dfco objectif ligue 1 !!,0
2013-08-11T09:10:28Z,Rc lens,0
2013-08-10T23:44:04Z,"Dommage, Lens a gaché beaucoup d'occasions en 2nd mi-temps.",0
2013-08-10T23:22:50Z,allez dijon !,0
2013-11-05T17:43:30Z,Stéphanois = Assassins!!,1
2013-11-05T02:07:25Z,a la place de qui le 3é gardien est souvent un homme de vestiaire mais pour moi Ruffier est meilleur que Mandanda il merite d'etre n 2 derriere Lloris,1
2013-11-05T02:05:33Z,ils vont remonter sochaux cet sur et le nouveau coach est un super choix ,1
2013-11-04T19:50:36Z,"en ayant été au match et même en regardant la vidéo, le deuxième carton jaune (donc rouge) pour Boumal et complètement stupide. Il joue complètement le ballon, et le stéphanois en rajoute ; après pour Kurt je suis d'accord qu'il joue le ballon mais son physique et sa vitesse on tout balayé.
Bon courage Thomas ! ",3
2013-11-04T19:05:32Z,Si vous regarder bien c la deuxieme jambes de zouma qui blessent le joueur c pas fait expres en la deuxieme jambe de zouma est pliée,2
2013-11-04T18:43:04Z,Il touche le ballon Kurt putain,2
2013-11-04T17:59:53Z,Comment peut on mettre un jaune sur l intervention sochalienne tout simplement siderent.,2
2013-11-04T17:37:25Z,Qu'attend Deschamps à la fin pour sélectionner enfin Ruffier en équipe de France ?! Sinon tout le soutien des Verts à Guerbert :'(,2
2013-11-04T00:13:30Z,"fracture tibia ET péroné, opéré ce weekend, absent 6 mois minimum, bon courage Thomas ...",1
2013-11-03T23:31:49Z,Le pauvre :(,1
2013-11-03T23:31:27Z,saison fini :/,1
2013-11-03T23:18:44Z,Ah Putain sa jambe !,1
2013-09-22T07:24:47Z,allez nantes,0
2013-09-17T17:25:54Z,aller nantes,0
2013-09-16T16:26:39Z,Veretout pour Vizcarrondo OMG,0
2013-09-16T14:49:20Z,euh... pas en defense ;),0
2013-09-16T14:41:29Z,FCN <3,0
2013-09-16T11:48:06Z,"Ah ok, autant pour moi :)",0
2013-09-16T07:41:31Z,"à 3'00   :   ""...Jordan Veretout pour Vizcarrondo..."" 

C'est Adrien Trebel pour Aristeguieta mais c'est pas grave hein... C'est que la 4ème fois que ce commentateur se trompe dans les résumés des matchs de Nantes. ",0
2013-09-16T04:04:47Z,Je comprend pas nantes étais pas privé de recrutement?,0
2013-09-15T22:43:47Z,Yeee djordjevic,0
2013-09-15T22:43:30Z,Oui mais sa ce prononce Nicolitsa :),0
2013-09-15T22:16:22Z,Et c'est pas Nicolitsa c'est Nicolita...,0
2013-09-15T22:09:37Z,Nantes ♥,0
2014-01-31T05:44:27Z,"Good old Zouma - You can see why Mourinho likes him.

Because he is big and black like Drogba, Mikel, Essien etc",2
2014-01-29T15:51:22Z,taylor got only 3 games for tackle on eduardo da silva. homophobic,0
2013-11-10T11:39:01Z,"its was neither a red card, just unlucky but he had not the intension to injure the ohter player...shitty referee",1
2013-11-08T11:03:37Z,"Zouma take 10 games suspension... It's hilarous how in France we are logic...
We see this kind of tackle every week and no one gets hurt. This guy wasn't lucky... I've seen many more aggresive tackle where guys only wanted to hurt... How many games take Shawcross for breaking Aaron Ramsey's leg ? ... No comment. Fuck UEFA et FIFA, fuckin mafia.",6
2013-10-13T07:28:21Z,Ça fait plaisir de voir un des plus grands clubs de France retrouver la victoire ils était démoraliser de les voir retrouver je suis content est réspere que vous aller revenir dans le haut du tableau quitte a joué l'Europe ou la LCD vous en êtes capable...,0
2013-10-08T07:34:10Z,"Girondins!!! <3
",0
2013-10-07T18:29:20Z,"hd
",0
2013-10-07T16:55:28Z,Dommage qu'on ne puisse pas revoir le lob qui a failli rentrer de Rolan !,1
2013-10-07T16:45:22Z,"La chèvre qui est quand même classer 5eme meilleur buteur de L1, loin devant zlatan et cavani ...",1
2013-10-07T15:44:28Z,Diabate la chevre,0
2013-10-07T06:48:18Z,deuxième victoire fan en carton,0
2013-10-07T05:22:36Z,"Je suis pour bordeaux première victoire sa fait toujours plaisir 
Allez bordeaux et venez également voir ma chaîne YouTube (50 abonnés)",0
2013-10-06T22:59:06Z,C deja bien qu ils prennent le temps de te fair le résumé de chaque match commente et coupe lol.,0
2013-10-06T22:51:11Z,il manque beaucoup de grosses occasions ! ,1
2013-09-23T05:41:31Z,moi je suis pour FC Nantes!,0
2013-09-16T14:29:27Z,depuis quand ya des anglophones qui regardent ??!,0
2013-09-30T03:36:58Z,Et oui les lionceaux ne sont pas mort :),0
2013-09-30T00:17:41Z,valenciennes is better than other teams. Pity. good luck!,0
2013-09-29T22:01:16Z,Allez sochaux,0
2013-10-03T17:58:44Z,"incredible
",0
2013-08-17T18:29:48Z,Allez DFCO,0
2013-08-17T18:06:21Z,Allez sco,0
2013-10-05T22:46:14Z,Au chieute sochaux aller eag,0
2013-09-30T19:25:24Z,et sinon ALLEZ LES VERTS!!! <3 ,1
2013-09-30T07:28:06Z,Les paysans sont de retour !!! Allez Guingamp !!!,0
2013-09-28T13:16:59Z,Alv !,0
2013-09-28T10:45:07Z,Ou allez asse,0
2013-09-28T05:43:23Z,Tu trouve corchia hyper surcoté alors qu'il a sauvé déjà deux ballons sur la ligne,0
2013-09-27T20:49:57Z,"Pauvre équipe de Sochaux. C'est malheureux, car aucune conviction dans le jeu.",0
2013-09-27T19:07:26Z,"amis sochaliens, nous allons mal, plus mal que jamais malheureusement ça sent la fin espérons un réveil des joueurs qui pour la plupart se fichent pas mal du club.",0
2013-09-27T16:21:33Z,Au moins tu es réaliste.,0
2013-09-27T16:09:34Z,EE AA GG !!!,0
2013-09-27T10:58:12Z,Et oui Sochaux seras toujours dernier et gagnera plus aucun match c'est moi qui vous le dit (supporter sochalien),0
2014-04-25T00:40:28Z,good player almost signed for palace in january,0
2014-04-22T09:35:21Z,Bakambu <3 good video bro,0
2014-04-20T15:45:11Z,Check out Jay Emmanuel Thomas of Bristol City!,0
2014-04-20T12:10:11Z,"22 Cédric Bakambu
FC Sochaux-Montbéliard, Ligue 1 (France)
Date of birth: 11.04.1991
Place of birth: Ivry  
Age: 23
Height: 1,83
Nationality: France
Position: Striker - Centre Forward
Foot: right",1
