publish_date,title,view_count
2013-11-03T22:59:01Z,Double fracture for Guerbert - (Sochaux-Saint-Etienne) Ligue1  - 2013/2014,88545
2013-11-02T19:35:31Z,Tacle assassin de Zouma sur Guerbert,802686
2013-08-17T22:00:11Z,Dijon FCO - Angers SCO (1-3) - Le résumé (DFCO - SCO) - 2013/2014,8945
2013-08-24T22:00:11Z,Stade Brestois 29 - Dijon FCO (0-0) - Le résumé (SB29 - DFCO) - 2013/2014,3682
2014-05-05T19:36:03Z,Sochaux 2-0 Nice : inside,3339
2013-08-03T22:00:12Z,SM Caen - Dijon FCO (3-1) - Le résumé (SMC - DFCO) - 2013/2014,19306
2013-11-03T22:59:01Z,Double fracture terrible pour Guerbert - (Sochaux - Saint-Etienne) - 2013/2014,61160
2013-09-29T22:00:02Z,FC Sochaux-Montbéliard - Valenciennes FC (2-0) - Highlights (FCSM - VAFC) - 2013/2014,1601
2013-10-06T22:00:01Z,Girondins de Bordeaux - FC Sochaux-Montbéliard (4-1) - Highlights (FCGB - FCSM) - 2013/2014,2322
2013-08-31T22:00:10Z,Dijon FCO - Stade Lavallois (1-0) - Le résumé (DFCO - LAVAL) - 2013/2014,3755
2013-08-10T22:00:11Z,Dijon FCO - RC Lens (1-1) - Le résumé (DFCO - RCL) - 2013/2014,13121
2013-11-03T23:00:01Z,FC Sochaux-Montbéliard - AS Saint-Etienne (0-0) - Le résumé (FCSM - ASSE) - 2013/2014,26169
2013-09-15T22:00:07Z,FC Nantes - FC Sochaux-Montbéliard (1-0) - Le résumé (FCN - FCSM) - 2013/2014,18876
2013-11-03T23:00:01Z,FC Sochaux-Montbéliard - AS Saint-Etienne (0-0) - Highlights (FCSM - ASSE) - 2013/2014,14962
2013-10-06T22:00:01Z,Girondins de Bordeaux - FC Sochaux-Montbéliard (4-1) - Le résumé (FCGB - FCSM) - 2013/2014,29462
2013-09-15T22:00:08Z,FC Nantes - FC Sochaux-Montbéliard (1-0) - Highlights (FCN - FCSM) - 2013/2014,2916
2013-09-29T22:00:02Z,FC Sochaux-Montbéliard - Valenciennes FC (2-0) - Le résumé (FCSM - VAFC) - 2013/2014,11625
2013-09-26T22:01:00Z,EA Guingamp - FC Sochaux-Montbéliard (5-1) - Highlights (EAG - FCSM) - 2013/2014,2077
2013-08-17T16:47:19Z,Conférence de presse Dijon FCO - Angers SCO (1-3) - 2013/2014,439
2013-09-26T22:00:03Z,EA Guingamp - FC Sochaux-Montbéliard (5-1) - Le résumé (EAG - FCSM) - 2013/2014,31371
2013-08-03T19:27:06Z,Conférence de presse SM Caen - Dijon FCO (3-1) - 2013/2014,480
2013-08-02T20:46:08Z,Caen 3-1 Dijon avec VFM,1134
2014-04-20T12:05:24Z,Cédric Bakambu *NEW* Villarreal CF - Skills Dribbling Goals |HD|,23008
2014-06-02T16:51:41Z,Mexique - La terrible blessure de Luis Montes,950
