publish_date,title,view_count
2013-11-09T23:00:01Z,Havre AC - Angers SCO (1-2) - Le résumé (HAC - SCO) - 2013/2014,9468
2013-09-14T22:00:04Z,Stade Lavallois - Angers SCO (4-1) - Le résumé (LAVAL - SCO) - 2013/2014,15009
2013-08-17T22:00:11Z,Dijon FCO - Angers SCO (1-3) - Le résumé (DFCO - SCO) - 2013/2014,8945
2013-08-31T22:00:10Z,Angers SCO - Stade Brestois 29 (2-1) - Le résumé (SCO - SB29) - 2013/2014,10840
2013-08-24T22:00:11Z,CA Bastia - Angers SCO (1-1) - Le résumé (CAB - SCO) - 2013/2014,6498
2013-08-10T22:00:11Z,Angers SCO - Châteauroux (1-0) - Le résumé (SCO - LBC) - 2013/2014,6290
2014-03-11T11:00:01Z,Tours FC - Angers SCO (2-0) - 10/03/14 - (TOURS-SCO) -Résumé,21348
2013-10-19T22:00:00Z,Angers SCO - Chamois Niortais (2-0) - Le résumé (SCO - NIORT) - 2013/2014,13044
2013-08-03T22:00:12Z,FC Istres - Angers SCO (2-4) - Le résumé (FCIOP - SCO) - 2013/2014,16536
2014-03-13T19:41:54Z,TOTALEMENT FOOT 1ER SEMESTRE 2014 [S.1] [E.10] - Totalement foot du 13/03 - Rayan Frikèche,30
2014-03-20T10:20:38Z,Stade Brestois 29 - Angers SCO (1-0) - 18/03/14 - (SB29-SCO) - Résumé,4213
2014-01-18T23:00:03Z,Châteauroux - Angers SCO (0-1) - 17/01/14 - (LBC-SCO) -Résumé,4341
2014-04-12T22:00:01Z,Angers SCO - Havre AC (1-0) - 11/04/14 - (SCO-HAC) - Résumé,5865
2013-10-26T22:00:01Z,FC Metz - Angers SCO (1-0) - Le résumé (FCM - SCO) - 2013/2014,11845
2014-05-07T22:00:01Z,Angers SCO - Nîmes Olympique (2-3) - 06/05/14 - (SCO-NIMES) - Résumé,6421
2014-04-19T22:00:01Z,Clermont Foot - Angers SCO (1-1) - 18/04/14 - (CF63-SCO) - Résumé,3995
2014-05-09T23:04:56Z,Nancy 3 - SCO 1 (9 mai 2014),256
2013-11-23T23:00:00Z,Angers SCO - Clermont Foot (0-2) - Le résumé (SCO - CF63) - 2013/2014,11157
2014-03-01T23:00:01Z,Angers SCO - ESTAC Troyes (1-1) - 28/02/14 - (SCO-ESTAC) - Résumé,4431
2013-11-02T23:33:37Z,Angers SCO - AC Arles Avignon (1-0) - Le résumé (SCO - ACA) - 2013/2014,4917
2014-03-22T23:00:01Z,Chamois Niortais - Angers SCO (2-1) - 21/03/14 - (NIORT-SCO) - Résumé,8839
2014-03-15T23:00:00Z,Angers SCO - US Créteil (2-2) - 15/03/14 - (SCO-USCL) - Résumé,6978
2014-03-29T23:00:01Z,Angers SCO - FC Metz (2-2) - 29/03/14 - (SCO-FCM) - Résumé,15798
2013-11-23T21:18:19Z,Conférence de presse Angers SCO - Clermont Foot (0-2) - 2013/2014,590
2014-05-03T22:00:03Z,RC Lens - Angers SCO (0-0) - 03/05/14 - (RCL-SCO) - Résumé,9379
2014-05-07T18:09:44Z,Conférence de presse Angers SCO - Nîmes Olympique (2-3) - 2013/2014,408
2014-04-05T22:00:01Z,AC Arles Avignon - Angers SCO (3-0) - 04/04/14 - (ACA-SCO) - Résumé,5239
2013-11-23T10:21:26Z,VIDEO Bagarre générale à Jean-Bouin Angers Clermont,2084
2014-05-17T22:00:01Z,Angers SCO - FC Istres (1-0) - Résumé - 16/05/14 - (SCO-FCIOP),3974
2013-11-02T23:32:46Z,Conférence de presse Angers SCO - AC Arles Avignon (1-0) - 2013/2014,375
2014-05-10T22:00:01Z,AS Nancy-Lorraine - Angers SCO (3-1) - Résumé - 09/05/14 - (ASNL-SCO),10088
2013-11-09T17:51:30Z,Conférence de presse Havre AC - Angers SCO (1-2) - 2013/2014,574
2013-09-24T22:30:03Z,Expulsión de Bergdich y paradón de penalti de Mariño,12267
2013-10-11T00:56:49Z,Almarssadpro: Déclaration de Zakariya Bergdich avant Maroc / Afrique du Sud,191
2013-08-17T20:33:48Z,SERGE HAMED FOOTBALL,132
2014-03-14T17:21:30Z,Granada CF 2-0 Villarreal CF / 08-03-2014 / Goal EL Arabi Youssef,138
2014-01-20T23:14:33Z,Athletic de Bilbao 4-1 Valladolid,129
2013-08-09T16:19:56Z,"EL JADEYAOUI | GOALS, SKILLS, OVERALL PLAY | 2012/13 |",4594
2014-01-22T19:18:33Z,Les premiers mots d&#39;Alharbi El Jadeyaoui en Sang et Or,14147
2013-12-05T13:36:18Z,برومو تشيلسي ضد ستوك سيتي Promo Chelsea VS Stoke City FC 2014,1296
