publish_date,title,view_count
2014-05-14T21:33:34Z,Riyad Mahrez Compilation | Leicester City 2013-14,46894
2014-01-26T21:50:41Z,Pearson Praises Mahrez Progress,4907
2014-02-20T00:15:58Z,Kevin Phillips penalty/Riyad Mahrez goal vs Nottingham Forest ||| City Ground ||| 19/02/2014!,14061
2014-06-01T10:51:44Z,Action de Mahrez (Algérie 3-1 Arménie) de la tribune nord,750
2013-09-19T12:26:17Z,"Avant Châteauroux - HAC, interviewes d&#39;Erick Mombaerts, Riyad Mahrez et Tristan Dingomé",12027
2014-04-20T18:49:34Z,Riyad Mahrez Sur DZAIR TV تصريح رياض محرز لقناة دزاير 20/04/2014,18942
2014-02-20T14:39:04Z,Leicester Fans Full Time vs Nottingham Forest,4529
2013-11-09T09:58:17Z,Football Skills - How to Improve your First Touch Ball Control | F2 Freestylers,1414393
2013-09-26T12:35:29Z,"Avant Caen - HAC, interviewes d&#39;Erick Mombaerts, Alexandre Bonnet et Riyad Mahrez",1230
2013-11-23T23:00:00Z,Tours FC - Havre AC (2-2) - Le résumé (TOURS - HAC) - 2013/2014,10149
2014-04-05T11:00:03Z,Leicester City 2 Sheffield Wednesday 1 | Championship highlights 2013/14,13685
2013-09-14T22:00:04Z,Havre AC - RC Lens (6-2) - Le résumé (HAC - RCL) - 2013/2014,52473
2014-04-04T19:00:28Z,هدف رياض محرز,78251
2014-06-30T16:59:09Z,Germany Vs Algeria - World Cup 2014,456
2013-09-25T22:00:13Z,Havre AC - FC Istres (1-0) - Le résumé (HAC - FCIOP) - 2013/2014,3522
2013-12-31T14:21:18Z,TROY DEENEY | AMAZING LAST-MINUTE GOAL V LEICESTER SENDS WATFORD TO WEMBLEY!,654091
2014-01-28T23:07:23Z,Leicester City Team 2013/2014,3082
2014-06-30T21:30:01Z,GERMANY - ALGERIA | 2014 FIFA World Cup (All Goals Highlights HD),6002
2014-06-22T20:00:01Z,SOUTH KOREA - ALGERIA | FIFA World Cup 2014 (All Goals Highlights HD),1417
2014-06-17T17:00:02Z,BELGIUM - ALGERIA | FIFA World Cup 2014 (All Goals Highlights HD),2518
2014-06-04T20:42:32Z,Algérie vs Roumanie (2-1) | Match amical (04/06/2014),21820
2013-09-28T22:00:01Z,SM Caen - Havre AC (1-0) - Le résumé (SMC - HAC) - 2013/2014,14755
2014-06-30T17:16:42Z,"France vs Nigeria, World Cup 2014: live",94
2013-12-14T23:00:01Z,ESTAC Troyes - Havre AC (0-1) - 13/12/13 - (ESTAC - HAC) - Résumé,2781
2013-12-21T23:00:01Z,Havre AC - AJ Auxerre (2-0) - 20/12/13 - (HAC - AJA) - Résumé,7802
2013-11-02T23:25:20Z,CA Bastia - Havre AC (0-0) - Le résumé (CAB - HAC) - 2013/2014,1939
2014-06-17T15:50:14Z,Algeria VS Belgium 17 June | Brazil 2014 FIFA World Cup match | mineirao stadium,1138
2013-10-19T22:00:00Z,Stade Lavallois - Havre AC (2-2) - Le résumé (LAVAL - HAC) - 2013/2014,3890
2014-02-07T22:05:54Z,AwayDaysLeicester@Bournemouth,170
2014-06-17T16:48:59Z,"BELGIUM 2 VS ALGERIA 1, FIFA WORLD CUP 2014 LATEST UPDATE",153
2013-08-31T22:00:15Z,Nîmes Olympique - Havre AC (0-0) - Le résumé (NIMES - HAC) - 2013/2014,3623
2014-02-23T22:37:10Z,Nottingham Forest v Leicester City HD penalty miss &amp; goal b,426
2014-01-10T17:42:03Z,Penalty de Walid Mesloub (20/12/13) Le HAC 2-0 AJA,907
2013-11-05T10:09:19Z,Great Goals: King vs Forest,4728
2013-10-26T22:00:01Z,Havre AC - Stade Brestois 29 (0-1) - Le résumé (HAC - SB29) - 2013/2014,2966
2013-11-09T23:00:01Z,Havre AC - Angers SCO (1-2) - Le résumé (HAC - SCO) - 2013/2014,9468
2013-09-21T22:00:08Z,Châteauroux - Havre AC (2-2) - Le résumé (LBC - HAC) - 2013/2014,4124
2013-08-10T22:00:11Z,Havre AC - Clermont Foot (0-1) - Le résumé (HAC - CF63) - 2013/2014,5383
2013-08-03T22:00:12Z,AC Arles Avignon - Havre AC (2-0) - Le résumé (ACA - HAC) - 2013/2014,11573
2013-10-05T22:00:00Z,Havre AC - Dijon FCO (0-0) - Le résumé (HAC - DFCO) - 2013/2014,1943
2014-04-17T21:59:04Z,//HD//REAL MADRID ALL GOALS IN COPA DEL REY 13-14,207
2013-09-25T19:16:47Z,Conférence de presse Havre AC - FC Istres (1-0) - 2013/2014,89
2013-11-23T21:17:29Z,Conférence de presse Tours FC - Havre AC (2-2) - 2013/2014,101
2014-04-07T15:52:43Z,Leicester City Football Promotion,137
2013-09-27T11:10:33Z,Training Session,1573
2013-09-23T09:35:24Z,King: One Of My Best,1597
2014-02-18T16:11:00Z,Barcelona vs Manchester city 2014,22
2014-03-22T09:47:22Z,Best moments of the UEFA Champions League by TGR7,309
2013-12-30T08:38:04Z,MATCH HIGHLIGHTS: Leicester 5-3 Bolton,8394
2013-11-06T16:33:53Z,Great Goals: Nugent vs Forest,5524
