published-time,comment,likes
2013-11-20T11:37:35Z,SCO!!!!!!,0
2013-11-10T18:47:54Z,Angers merci ! 32 euros en plus :),3
2013-11-10T12:14:50Z,Vive le SCO,3
2013-11-10T09:06:23Z,allez le sco !!!!!!,2
2013-11-10T00:14:48Z,Bravo Angers et Merci !!! Dommage en revanche pour Tour.,3
2013-11-09T23:09:11Z,Le hac me désespère,5
2013-11-05T19:05:34Z,mdr c est vous les bouseux!le sco n a rien a faire en ligue1.et quant le fc nantes se déplacait a angers la saison derniere c étai un stade de bouseux le stade jean groin.des porc je vous dis!il vont vite redescendre au classement ces bléro du sco.allez laval!,0
2013-11-03T09:55:36Z,"Mdr laval trop fort pour Angers ? Attend le match retour .. Tu vas rentrer chez toi en pleurant avec ton tracteur, vous etes à votre place au fond du classement bande de bouzeux ! Ici c'est Angers !",1
2013-09-16T10:17:54Z,"Robic, le ""tout premier but de sa carrière pro'"". Eh oh, il était d'jà pro' au VOC le bonhomme... Le National, c'pas le CFA non plus...",0
2013-09-15T09:59:56Z,Aller Laval on s est balader penalti logique des but magnifique Laval est beaucoup trop fort pour Angers c est tout aller laval,0
2013-09-15T09:32:52Z,allez le sco!,0
2013-09-15T08:19:52Z,"Ah ben c pas trop tot, enfin une victoire pour Laval!!",0
2013-09-15T08:16:29Z,C peut-être un mal pour un bien au sco,0
2013-09-15T08:14:32Z,Pas du tout peno,0
2013-09-15T08:11:25Z,Allez le sco,0
2013-09-15T07:23:08Z,Angers 1er,0
2013-08-20T07:11:44Z,et allors? l'arbitre en a décider ainsi si sa ne vous plait pas envoyer un dons à une association pour la formation des arbitres en france ; ),0
2013-08-19T11:12:02Z,la simulation flagrante de Blayac l'arbitrage qui comme tout au long du match ne prend pas le bonne decision ,0
2013-08-18T00:55:03Z,Angers en ligue 1 !!!!!!!!!!!!!!!!!!!!   :),1
2013-08-17T23:44:34Z,pfff le pénalty cadeau alors qu'il y a que dalle,1
2013-08-17T23:22:07Z,gg,0
2013-09-05T16:40:59Z,c'est vrai moi je attendu que tout le monde se leve pour savoir qu i avait but!,0
2013-09-02T07:07:06Z,SCO!<3!,0
2013-09-01T20:03:21Z,Nan gro,0
2013-09-01T19:19:25Z,À tous les brestois chercher pa c Angers les meilleur,1
2013-09-01T11:29:55Z,moinbe est une merde ou il le fait expres,0
2013-09-01T07:49:38Z,Le but de brest limite limite.,0
2013-08-31T23:57:35Z,Une bonne rentrée de Socrier! Et une fin de match magique :P.,1
2013-08-31T23:26:22Z,"A priori ce n'est pas Socrier qui marque, mais Traoré contre son camp, d'après les aveux du joueur angevin. Quoi qu'il en soit, l'espace laissé à Gamboa par Coulibaly pour centrer est inadmissible et Thébaux est bien apathique.",0
2013-08-31T22:07:52Z,ALLLEEEZ LE SCO. De la tribune coibertin on voyait pas les buts.,0
2014-04-02T10:19:26Z,fuck bastia vive rc lens,1
2013-08-29T22:31:23Z,Il a jouer mon père au cab,1
2013-08-29T16:41:45Z,Allez le sco,1
2013-08-28T14:55:02Z,Classement officiel des buteurs : Khaled Ayari (SCO Angers) en tête !,2
2013-08-26T10:08:43Z,angers les plus forts,1
2013-08-25T06:47:56Z,ALLLLLEZZ LE SCOOOO,1
2013-10-07T16:23:46Z,"vive le sco
",1
2013-08-20T10:20:36Z,oh le but merdeux,1
2013-08-14T10:17:37Z,Aller le scooooooooo!!!!,1
2013-08-12T13:34:06Z,Allez le SCO,1
2014-04-04T19:54:13Z,Au 04/04/2014 il n'y a plus de des match nul pour les Bleu&Noir. Le FCT ne montera pas en L1 pour 2015 ! Pas assez de charisme et c'est un tourangeau qui le dit ...,0
2014-04-04T13:35:51Z,A se soir pour tours Auxerre!!,0
2014-03-14T12:23:18Z,Splendide 2ème but ! Comme moi à l'époque!Bon p'tit joueur ce Delort ! ,0
2014-03-13T13:34:16Z,L'arbitre est debile il mets un jaune et 2 secondes après il mets un rouge alors que DELORT revient apès,3
2014-03-12T14:45:44Z,Quel but d'andy delort magnifique il est meilleur que des joueurs de L1! La montée est à nous !!! (Tours fc),0
2014-03-12T12:41:57Z,"Il y avait une grosse ambiance la haut  et le stade était plein (14 000 personnes ), bien jouer a tours :) ",5
2014-03-12T12:37:22Z,"M-A-G-N-I-F-I-Q-U-E BUT DE ANDY !

  ALLER TOURS §",5
2014-03-12T12:02:21Z,"Magnifique comme but, dommage que le joueur en rajoute des tonnes. Le rouge me semble justifié mais de là à ce tortiller comme un lombric il faut pas avoir beaucoup de dignité...",2
2014-03-11T21:40:03Z,Le deuxième but est juste splendide !!!!!!!!!!!!,0
2014-03-11T19:40:51Z,manifique but d hary delort ,1
2014-03-11T19:11:03Z,"Bravo Tours , on vous attends à nancy ! ",2
2014-03-11T17:38:50Z,Aller les bleus !! Syper ambiance au stade et quel match !! Oh la la !! TFC <3 ,2
2014-03-11T17:38:39Z,"Yvan? Ta le seum d'avoir perdu ou c'est comment?

",0
2014-03-11T16:16:22Z,"Faudrait arreter de simuler coté tourangeau. C'est certes un attentat, mais sa facon de se rouler par terre est tout sauf crédible...",3
2014-03-11T15:51:17Z,Ça c'est le Tours fc .,2
2013-10-24T22:55:16Z,Allez les chamois Niortais vs etes les meilleurs,0
2013-10-21T17:07:27Z,Angers 3,0
2013-10-21T17:06:48Z,Angers 3,0
2013-10-21T17:03:32Z,C'était trop cool j'étais au stade!!!,0
2013-10-21T15:00:49Z,Çà se voit que tu n'es jamais aller à Bollaert ,0
2013-10-20T09:49:02Z,"Les meilleur j'y etait une belle ambience =o
",0
2013-10-20T09:05:25Z,Angers! Angers! Angers! ❤,0
2013-10-20T09:03:18Z,Allez niort !,0
2013-10-20T01:46:27Z,Aller angers,0
2014-02-01T22:54:46Z,Allez le SCO !!!! Les scoïstes sont derrière vous !!! 49 c'est exceptionnel !!! Battez vous et la ligue 1 est a vous !!!,4
2013-11-21T23:18:27Z,Hey mais c'est quoi se bordel ?! leur gardien ?! Petric ?! pouquoi il est la bas ????? c'est le gardien de Troyes mtn !!!,1
2013-11-21T23:14:54Z,Putain !!! le Stade de Istres quoi... BLINDE ! xD,0
2013-08-12T19:02:58Z,En angleterre les défenses sont tellement moisies (à l'image de celle de istresà qu'à chaque rencontre il y au moins 3 buts.,2
2013-08-08T19:41:03Z,Angers en ligue 1 Angers en ligue 1,0
2013-08-08T11:44:26Z,"Allez le SCO !!!!!!!!
",0
2013-08-07T19:02:40Z,Strasbourg en CFA 20 000 contre Mulhouse merci au revoir,1
2013-08-07T15:09:08Z,"Tu es sur de ça ??

Lens-Bastia : plein milieu des vacances, aucun enjeu, équipe adversaire qui vient de national => 28.000 !

Certains stades de L2 sont bien mieux garnis que certains de L1.",0
2013-08-07T10:11:18Z,très fort ces angevins ! =),1
2013-08-06T12:09:36Z,"Même pas 1000 spectateurs à Parsemain ! vraiment ridicule comme affluence ! 
(Un supporter nîmois)
",1
2013-08-05T14:46:02Z,Superbe le 2ème but d'Istres,0
2013-08-05T09:14:04Z,ligue2 officiel ce qui serait bien ce serait de faire comme la ligue 1 les résumés de tous les matchs en même temps Merci ,1
2013-08-04T17:30:59Z,"c'est la grande différence avec l'anglettere : en ligue 2 les stade sont vide ! en championships il son a guiché fermé . alors si la france veut posseder un grand championnat il faut deja regler ce problème .
",2
2013-08-04T13:51:59Z,"oui xd
",0
2013-08-04T08:01:01Z,ya plus d'angevins que d'istréens dans les tribunes,0
2014-03-23T09:39:24Z,Ji suis allez,1
2014-03-22T22:30:33Z,"C'est une honte ce ""résumé""...",0
2014-03-22T09:01:30Z,"Dommage pour le SCO, les autres commencent à bien remonter derrière !",1
2014-03-21T08:15:16Z,Bravo Brest ! Résumé à chier ! Pourri ! ,2
2014-03-20T22:59:28Z,C'est bon pour la montée de nancy ça !,1
2014-03-20T17:03:55Z,"ICI C'EST BREST, angers cherche la baston et ensuite ils se prennent un magnifique but de notre maitre artificier, angers l'a dans le cul,brest remonte, une bonne operation!",3
2014-03-20T16:49:16Z,"C'est lamentable de proposer un résumé comme ça !
Le match n'était peut-être exceptionnel mais là, la ligue se moque vraiment du monde... et on s'étonne qu'il y ai de moins en moins de public dans les stades ! C'est avec des résumés de ce genre qu'on va l'attirer le public !",2
2014-03-20T15:32:24Z,Angers a perdu c'est bon pour Moulins ça !,1
2014-03-20T15:09:17Z,Un max de pouces rouge pour ce résumé complètement bidon !,2
2014-03-20T15:08:43Z,"Putain mais quel résumé de merde !!! Des plans de caméra complètement bidon, des ""replay"" sur des moments qu'on en a rien a foutre , des actions non-filmées.........",1
2014-03-20T13:53:17Z,C'est quoi ce résumé de merde ...,6
2014-03-20T12:18:27Z,Faut-il vous apprendre à faire un vrai montage ?,1
2014-03-20T12:15:12Z,MAGNIFIQUE COUP FRANT !!!!!!!!!!!!!!!!!!!!!!!!!!!!!!!!!!!!!!!!,1
2014-03-20T12:10:07Z,ICI C EST BREST,3
2014-03-20T11:27:12Z,#Ligue2 - Revivez les meilleurs moments de Stade Brestois 29 - Angers SCO (1-0) en vidéo.,2
2014-03-20T10:30:28Z,resumé tout buggé,1
2014-03-20T10:23:29Z,yes je suis le premier vue,0
2014-02-04T14:41:42Z,TROP bien jouer encore ,0
2014-01-21T12:24:17Z,lol,0
2014-01-20T17:31:42Z,Frikèche blessé ? Je crois pas nan .,1
2014-01-20T17:31:07Z,ça fait du bien de l'emporter ^^,1
2014-01-19T08:55:37Z,Scoo,0
2014-04-13T13:35:31Z,enfin une victoire!!!!,0
2014-04-13T07:46:43Z,allez le SCO !,0
2013-10-30T16:37:02Z,"#Ligue2 - Classement des buteurs - Grâce à sa 7e réalisation lors de la 12e journée, Diafra Sakho, le buteur vedette du FC Metz monte sur le podium et permet à son équipe de prendre les commandes de la Ligue 2. http://bit.ly/HqwOxx",4
2013-10-27T15:28:49Z,Il lui met sa main droite sur son épaule !!,0
2013-10-27T13:35:22Z,Ici c'est Metz ! Allez Metz <3,0
2013-10-27T01:05:55Z,Maliki a fait un super match!,0
2013-10-26T23:08:08Z,allez metz ,0
2013-10-26T22:27:24Z,Allez metz !!!!!,0
2013-10-26T22:13:34Z,Y a jamais faute serieux xD,0
2013-11-24T10:55:02Z,Lippini*,0
2013-11-24T10:54:22Z,Allez le sco!!! Quel con limini vous devriez avoir honte clermont davoir un joueur comme sa!,0
2013-11-24T09:38:29Z,c'est pas yatara qui rate le péno c'est farnolle qui l'arrete,0
2013-11-24T08:06:18Z,"Par contre Lippini, faute professionnelle je me demande encore pourquoi on laisse des gens comme ça jouer ...",5
2013-11-24T08:01:39Z,Merci Clermont pour nous permettre de rattraper Angers ;d,1
2014-03-03T13:47:30Z,"Angers !!!!!!
Vous allez montés",3
2014-03-02T02:21:15Z,J'en peux plus de ce commentateur ! ,0
2013-11-03T14:42:41Z,ACA !!! ,0
2013-11-03T01:16:47Z,vive le SCO d'un supporteur lyonnais :p,0
2014-03-23T08:00:36Z,"domage le sco qui méritaient mieux vu la physiomie du match ... :-\
Si niort monte, le club signera son arrêt de mort... Nouveau stade a construire, effectif a renforcer, centre d entrainement de ligue 1, pour l un des plus petit budget de ligue 2.",1
2014-03-23T08:00:25Z,"domage le sco qui méritaient mieux vu la physiomie du match ... :-\
Si niort monte, le club signera son arrêt de mort... Nouveau stade a construire, effectif a renforcer, centre d entrainement de ligue 1, pour l un des plus petit budget de ligue 2.",1
2014-03-23T07:45:43Z,"bravo Niort, quand on voit que Niort avait plus etait sur un podium de ligue 2 depuis la saison 2003/2004",0
2014-03-23T07:32:40Z,Bravo aux chamois!,0
2014-03-23T07:10:59Z,Bravo à Niort,0
2014-03-16T14:16:18Z,aller le sco,0
2014-03-16T08:42:16Z,"Bourde du goal à la 92eme, dommage...",1
2014-03-16T00:07:10Z,Dommage le SCO,0
2014-04-15T13:00:23Z,Beau but de Ben Othman et passe décisive de Ayari ;) ,4
2014-03-30T23:39:07Z,"La passe décisive de Carasso , belle erreur !",0
2014-03-30T12:05:11Z,Très beau match entre deux équipes qui méritent la monté !! Metz est en L1 !! ;),3
2014-03-30T01:43:10Z,Tiens c'est marrant vous ne montrez jamais les penos non sifflés dans vos résumés,7
2014-03-29T23:20:25Z,Allez Metz <3 la ligue 1 est proche ! ,0
2014-05-05T08:46:19Z,Nan mais sérieux Angers c'est pas un club ,0
2014-05-04T10:10:20Z,allez lens!,2
2014-05-04T10:10:04Z,moi je vois pas tres bien si il est hors jeu le but de touzgart,0
2014-05-04T09:23:11Z,Dommage de gâcher des points facile à prendre.,2
2014-05-01T09:43:09Z,bravo a arles avignon d'un supporter lorrain,3
2014-05-18T12:36:25Z,Allez le sco !!! ,1
2014-05-11T10:33:15Z,Nancy méritais largement la victoire face à l'équipe B d'Angers .,0
2014-05-11T00:29:58Z,"Jimmy poupart, tais-toi!",3
2014-05-10T22:25:43Z,Nancy mérite pas de monter en l1 ,6
2013-11-09T21:12:06Z,Angers la ligue 1 est pour vous !!!,3
2013-09-30T13:53:44Z,"Que pongan tecnología en el fútbol YA. Pasa fin de semana sí y fin de semana también que los partidos quedan completamente manipulados por decisiones arbitrales. Goles anulados, fueras de juego, penaltis, expulsiones... Yo entiendo que arbitrar no debe ser fácil en jugadas rápidas como esta, hasta ahí de acuerdo. Pero entonces por qué coño de empecinan en no poner tecnología en el fútbol?? Para beneficiar siempre a los mismos?? Y evidentemente no me refiero al levante...",0
2013-09-29T12:21:40Z,"levante ladrones  a seguir fallando
",1
2013-09-25T23:59:54Z,VERGUENZA DE LIGA. Pero así.,0
2013-09-25T13:28:42Z, El árbitro mereda,1
2013-08-14T01:05:39Z,good player moroccan !,0
2014-01-26T14:40:44Z,Bonne première impression ! Confirme sur le terrain et on entendra ton nom dans les tribunes ! Bienvenue à toi ! ,1
2014-01-23T20:37:06Z,"Ça à l'air d'être un super gars, celui-là. Il m'a fait une excellente première impression.

Bienvenue au Racing, Alharbi !",2
2014-01-23T15:08:24Z,"On attend beaucoup de toi, ne nous déçois pas .  allez Lens!",1
2014-01-23T13:38:51Z,Bienvenue dans le temple !,1
2014-01-22T20:07:59Z,Bienvenue Alharbi,1
2014-01-22T19:24:47Z,Bienvenue chez nous ! On t’accueillera comme il se doit. Sang & or !,1
2013-12-06T17:41:14Z,بالتوفيق للبلوز تشششيلسي,0
