publish_date,title,view_count
2013-12-19T06:00:00Z,But Benjamin MENDY (13&#39;) - Olympique de Marseille-Toulouse FC (2-1) - 18/12/13 (1/8 de finale),4076
2013-09-26T22:00:03Z,But Benjamin MENDY (22&#39;) - Olympique de Marseille - AS Saint-Etienne (2-1 - 2013/2014,11330
2013-08-15T17:22:14Z,Benjamin Mendy Vs Guingamp 13-14 HD 1080p,5046
2014-03-13T08:49:28Z,Benjamin Mendy relève le Challenge bwin des Ballons à Eau,13230
2014-03-11T14:07:46Z,Benjamin Mendy répond à vos questions !,8430
2014-01-18T00:14:59Z,Le cri de joie des olympiens avec Mendy,43868
2014-02-20T20:54:45Z,TALENT SCOUT - Benjamin Mendy,396
2013-09-26T22:00:02Z,Goal Benjamin MENDY (22&#39;) - Olympique de Marseille - AS Saint-Etienne (2-1) - 2013/2014,3246
2014-02-03T00:48:35Z,Olympique de Marseille - Toulouse FC (2-2) - 02/02/14 - (OM-TFC) -Highlights,5370
2014-04-02T14:14:34Z,&#39;Look at me when I&#39;m talking to you!&#39; Pep Guardiola loses his temper with reporter,2302724
2014-01-26T23:39:50Z,Monaco - OM (2-0) - 26/01/14 - (AS Monaco FC - Olympique de Marseille) - Highlights,15955
2013-12-01T23:00:02Z,Olympique de Marseille - Montpellier Hérault SC (2-0) - 29/11/13 -  (OM - MHSC) - Highlights,6520
2013-09-16T19:03:35Z,Aiglon d&#39;août 2013 : Nampalys Mendy,4771
2013-09-26T22:00:01Z,Olympique de Marseille - AS Saint-Etienne (2-1) - Highlights (OM - ASSE) - 2013/2014,12262
2013-09-27T00:09:00Z,Ligue 1 - Week 7 Highlights - 2013/2014,3641
2013-09-29T22:00:02Z,FC Lorient - Olympique de Marseille (0-2) - Highlights (FCL - OM) - 2013/2014,5573
2013-12-16T01:04:56Z,Lyon - Marseille (2-2) - 15/12/13 -  (OL - OM) - Highlights,19557
2013-11-24T23:00:01Z,AC Ajaccio - Olympique de Marseille (1-3) - Highlights (ACA - OM) - 2013/2014,8170
2014-07-30T07:46:59Z,Highlights on Bernard Mendy (2014),1781
2013-09-26T22:00:01Z,Goal Giannelli IMBULA (26&#39;) - Olympique de Marseille - AS Saint-Etienne (2-1) - 2013/2014,1593
2014-05-09T21:11:44Z,1412 - Daniel MENDY - Phenomenal House,607
2014-07-23T11:23:33Z,Highlights on Bernard Mendy - FIFPro Tournament 2014,1337
2013-10-06T23:38:38Z,Olympique de Marseille - Paris Saint-Germain (1-2) - Highlights (OM - PSG) - 2013/2014,52396
2013-12-22T23:55:58Z,Olympique de Marseille - Girondins de Bordeaux (2-2) - 22/12/13 -  (OM - FCGB) - Highlights,5564
2014-01-29T23:00:04Z,Olympique de Marseille - Valenciennes FC (2-1) - 29/01/14 - (OM-VAFC) -Highlights,4172
2013-09-26T22:00:03Z,But Giannelli IMBULA (26&#39;) - Olympique de Marseille - AS Saint-Etienne (2-1 - 2013/2014,7758
2013-10-27T23:00:01Z,Olympique de Marseille - Stade de Reims (2-3) - Highlights (OM - SdR) - 2013/2014,9783
2013-09-01T22:56:40Z,Olympique de Marseille - AS Monaco FC (1-2) - Highlights (OM - ASM) - 2013/2014,61176
2013-11-10T23:59:53Z,Olympique de Marseille - FC Sochaux-Montbéliard (2-1) - Highlights (OM - FCSM) - 2013/2014,6545
2013-08-12T00:23:49Z,EA Guingamp - Olympique de Marseille (1-3) - Highlights (EAG - OM) - 2013/2014,10667
2014-01-29T23:00:05Z,Olympique de Marseille - Valenciennes FC (2-1) - 29/01/14 - (OM-VAFC) -Résumé,45122
2014-01-12T23:00:00Z,Evian TG FC - Olympique de Marseille (1-2) - 12/01/14 - (ETG-OM) -Highlights,3894
2014-04-21T00:05:37Z,Olympique de Marseille - LOSC Lille (0-0) - 20/04/14 - (OM-LOSC) - Highlights,3350
2013-12-19T06:00:01Z,But Uros SPAJIC (42&#39;) - Olympique de Marseille-Toulouse FC (2-1) - 18/12/13 (1/8 de finale),1679
2013-09-26T22:00:02Z,Ligue 1 - Week 7 : Goals compilation - 2013/2014,425
2014-03-25T17:26:29Z,Bordeaux 1-1 Nice : le Débrief avec Mendy,1322
2013-09-26T22:00:02Z,Ligue 1 - Week 7 : zapping - 2013/2014,600
2014-02-09T23:00:01Z,Olympique de Marseille - SC Bastia (3-0) - 08/02/14 - (OM-SCB) -Highlights,3715
2013-09-24T20:11:09Z,Les buts de Mendy et d&#39;Imbula ! OM ASSE 2013,14013
2013-12-08T23:00:02Z,OM-Nantes (0-1) - 06/12/13 -  (Olympique de Marseille - FC Nantes) - Highlights,2265
2013-09-27T00:07:27Z,Ligue 1 - Week 7 : Top goals - 2013/2014,1236
2014-01-03T21:28:18Z,Arnaud Mendy Showreel,849
2013-09-26T22:00:03Z,Olympique de Marseille - AS Saint-Etienne (2-1) - Le résumé (OM - ASSE) - 2013/2014,63447
2013-09-29T22:00:02Z,FC Lorient - Olympique de Marseille (0-2) - Le résumé (FCL - OM) - 2013/2014,30209
2013-09-26T22:00:01Z,Goal Faouzi GHOULAM (32&#39; pen) - Olympique de Marseille - AS Saint-Etienne (2-1) - 2013/2014,9097
2013-10-27T23:00:01Z,Olympique de Marseille - Stade de Reims (2-3) - Le résumé (OM - SdR) - 2013/2014,35682
2013-09-26T23:06:01Z,Ligue 1 - Top buts 7ème journée - 2013/2014,7422
2013-12-19T06:00:01Z,Olympique de Marseille - Toulouse FC (2-1) - 18/12/13 (1/8 de finale) - (OM - TFC) - Résumé,27813
2013-08-13T19:34:11Z,EA Guingamp - Olympique de Marseille (1-3) - Highlights (EAG-OM) - 2013/2014,1207
2013-12-23T00:01:02Z,OM - Bordeaux (2-2) - 22/12/13 - (Olympique de Marseille - Girondins de Bordeaux) - Résumé,68294
