publish_date,title,view_count
2014-07-29T10:29:14Z,Cédric N&#39;koum (highlights),3634
2013-08-02T07:23:56Z,Jean Germain en visite au TFC,800
2014-05-16T13:31:30Z,Sylvère Paillot (highlights),708
2014-07-23T21:32:40Z,Gil Ben Nachum Goalkeeper training - Hapoel Rishon Lezion,2437
2014-05-04T08:21:13Z,Abdelaziz Kebbal (highlights),5549
2014-07-28T09:32:12Z,Youcef Touati (highlights),37669
2013-10-19T22:00:01Z,CA Bastia - Tours FC (1-2) - Le résumé (CAB - TOURS) - 2013/2014,6556
2013-09-24T18:34:57Z,Daniel Marili - Hapoel Tel-Aviv VS Rishon Le-Zion Kids soccer game,1922
2014-01-28T12:25:50Z,Matan practicing with Hapoel Tel-Aviv Soccer club December 2013 Israel created by Mili Goldansky,117
2014-04-11T16:12:35Z,Jordan Faucher 2nd goal against Hapoel Rishon Lezion,647
