publish_date,title,view_count
2014-06-28T23:08:10Z,Fayçal Fajr saison 2013/2014,65
2013-09-20T20:32:21Z,But de Faycal Fajr contre Fc niort,3849
2014-05-04T22:15:26Z,Coup-franc de Fayçal Fajr contre C.A Bastia 02\05\2014 + Allez Allez Ho Ho,1071
2013-09-28T12:17:22Z,Pénalty de Fayçal Fajr Caen - Le havre 27\09\2013,2286
2014-06-25T13:44:55Z,Elche CF Oficial - RP Presentación Fayçal Fajr,8158
2014-06-24T16:26:00Z,Elche CF Oficial - ¡Bienvenido Fajr! / Bienvenue Fajr!,19193
2014-05-06T14:31:15Z,sm caen ca bastia,628
2013-09-28T22:00:01Z,SM Caen - Havre AC (1-0) - Le résumé (SMC - HAC) - 2013/2014,14755
2013-08-28T05:00:11Z,SM Caen - AJ Auxerre (0-3) - Le résumé (SMC - AJA) - 2013/2014,16240
2013-11-26T11:00:01Z,AJ Auxerre - SM Caen (3-2) - Le résumé (AJA - SMC) - 2013/2014,15776
2013-09-21T22:00:09Z,SM Caen - Chamois Niortais (3-1) - Le résumé (SMC - NIORT) - 2013/2014,10783
2013-12-14T23:00:01Z,CA Bastia - SM Caen (1-5) - 13/12/13 - (CAB - SMC) - Résumé,19708
2014-05-03T22:00:01Z,SM Caen - CA Bastia (6-1) - Résumé - 02/05/14 - (SMC-CAB),52172
2013-11-09T23:00:01Z,SM Caen - FC Istres (4-0) - Le résumé (SMC - FCIOP) - 2013/2014,7972
2014-03-01T23:00:01Z,SM Caen - Clermont Foot (2-1) - 28/02/14 - (SMC-CF63) - Résumé,7669
2014-01-11T23:00:00Z,Tours FC - SM Caen (2-1) - 10/01/14 - (TOURS-SMC) -Résumé,6278
2013-10-06T20:11:05Z,Nîmes Olympique - SM Caen (2-1) - Le résumé (NIMES - SMC) - 2013/2014,3712
2014-05-13T22:13:03Z,SM Caen - Nîmes Olympique (1-1) - Résumé - 13/05/14 - (SMC-NIMES),18876
2013-09-14T22:00:05Z,AC Arles Avignon - SM Caen (3-2) - Le résumé (ACA - SMC) - 2013/2014,7066
2013-10-26T22:00:01Z,SM Caen - AS Nancy-Lorraine (1-2) - Le résumé (SMC - ASNL) - 2013/2014,8264
2014-05-03T17:42:48Z,Conférence de presse SM Caen - CA Bastia (6-1) - 2013/2014,715
2013-09-27T21:24:00Z,SM Caen - Le Havre Penalty 1/0,7832
2014-01-25T23:00:01Z,US Créteil - SM Caen (1-2) - 24/01/14 - (USCL-SMC) -Résumé,3949
2013-09-25T22:00:11Z,Clermont Foot - SM Caen (2-2) - Le résumé (CF63 - SMC) - 2013/2014,4300
2014-02-01T23:00:02Z,SM Caen - ESTAC Troyes (1-1) - 31/01/14 - (SMC-ESTAC) -Résumé,3006
2014-04-19T22:00:02Z,SM Caen - AJ Auxerre (1-0) - 19/04/14 - (SMC-AJA) - Résumé,8350
2014-04-05T22:00:01Z,SM Caen - RC Lens (1-0) - 05/04/14 - (SMC-RCL) - Résumé,18084
2013-10-19T22:00:00Z,Châteauroux - SM Caen (0-2) - Le résumé (LBC - SMC) - 2013/2014,5101
2014-04-29T10:00:01Z,Angers SCO - SM Caen (1-2) - 28/04/14 - (SCO-SMC) - Résumé,17344
2014-06-06T09:42:07Z,RHERRAS Faycal 2013-2014---8 Goals CS Visé,4929
2014-03-22T23:00:00Z,SM Caen - Châteauroux (1-1) - 21/03/14 - (SMC-LBC) - Résumé,21334
2014-05-17T22:00:00Z,Dijon FCO - SM Caen (2-2) - Résumé - 16/05/14 - (DFCO-SMC),6145
2013-12-14T20:36:01Z,Conférence de presse CA Bastia - SM Caen (1-5) - 2013/2014,519
2014-07-10T18:31:05Z,2013 2014 France Ligue 2 Top 10 Prospects,1073
2013-11-30T23:00:01Z,SM Caen - Angers SCO (1-1) - 29/11/13 - (SMC - SCO) - Résumé,8853
2014-04-12T22:00:01Z,FC Istres - SM Caen (2-3) - 11/04/14 - (FCIOP-SMC) - Résumé,5721
2013-10-14T17:12:33Z,But | Football | Dream Foot | Faycal,242
2013-12-21T23:00:01Z,SM Caen - Stade Brestois 29 (0-0) - 20/12/13 - (SMC - SB29) - Résumé,2904
2014-05-10T22:00:02Z,SM Caen - Tours FC (1-3) - Résumé - 09/05/14 - (SMC-TOURS),17613
2014-02-15T23:00:02Z,SM Caen - AC Arles Avignon (1-0) - 14/02/14 - (SMC-ACA) - Résumé,2633
2014-03-08T23:16:16Z,Havre AC - SM Caen (1-1) - 07/03/14 - (HAC-SMC) - Résumé,10773
2013-11-02T23:25:19Z,RC Lens - SM Caen (2-1) - Le résumé (RCL - SMC) - 2013/2014,27462
2013-11-26T00:01:01Z,Conférence de presse AJ Auxerre - SM Caen (3-2) - 2013/2014,910
2014-05-07T19:14:37Z,Stade Brestois 29 - SM Caen (0-1) - 05/05/14 - (SB29-SMC) - Résumé,3786
2014-03-29T23:00:01Z,AS Nancy-Lorraine - SM Caen (1-1) - 28/03/14 - (ASNL-SMC) - Résumé,6255
2013-11-09T17:56:08Z,Conférence de presse SM Caen - FC Istres (4-0) - 2013/2014,217
2013-09-28T17:25:13Z,Conférence de presse SM Caen - Havre AC (1-0) - 2013/2014,137
2013-09-21T18:33:56Z,Conférence de presse SM Caen - Chamois Niortais (3-1) - 2013/2014,226
2013-09-21T22:13:38Z,Résumé caen- niort,91
2013-12-09T02:49:19Z,Coup franc vs Rapides,120
