publish_date,title,view_count
2014-02-02T23:00:02Z,But Rachid ALIOUI (50&#39;) - SC Bastia-EA Guingamp (3-2) - 01/02/14 - (SCB-EAG),31739
2014-02-09T23:00:01Z,Goal Rachid ALIOUI (62&#39;) - EA Guingamp-Stade de Reims (1-2) - 08/02/14 - (EAG-SdR),476
2014-02-02T23:00:02Z,Goal Rachid ALIOUI (55&#39;) - SC Bastia-EA Guingamp (3-2) - 01/02/14 - (SCB-EAG),201
2014-02-02T23:00:02Z,Goal Adama BA (52&#39;) - SC Bastia-EA Guingamp (3-2) - 01/02/14 - (SCB-EAG),368
2014-03-02T23:24:36Z,Maroc vs Gabon - Rachid Alioui : &quot;Très fier d&#39;être ici&quot;,2673
2014-02-02T23:00:01Z,SC Bastia - EA Guingamp (3-2) - 01/02/14 - (SCB-EAG) -Highlights,2696
2014-02-02T23:00:01Z,Goal Rachid ALIOUI (50&#39;) - SC Bastia-EA Guingamp (3-2) - 01/02/14 - (SCB-EAG),395
2014-02-09T23:00:03Z,But Rachid ALIOUI (62&#39;) - EA Guingamp-Stade de Reims (1-2) - 08/02/14 - (EAG-SdR),2516
2014-02-02T23:00:02Z,But Rachid ALIOUI (55&#39;) - SC Bastia-EA Guingamp (3-2) - 01/02/14 - (SCB-EAG),3269
2014-02-02T23:00:03Z,But Adama BA (52&#39;) - SC Bastia-EA Guingamp (3-2) - 01/02/14 - (SCB-EAG),8274
2014-02-10T01:39:18Z,OM - Bastia in Slow Motion (3-0) - Ligue 1 - 2013/2014,4433
2014-02-02T23:00:02Z,Goal Ryad BOUDEBOUZ (88&#39; pen) - SC Bastia-EA Guingamp (3-2) - 01/02/14 - (SCB-EAG),294
2014-02-09T23:00:02Z,EA Guingamp - Stade de Reims (1-2) - 08/02/14 - (EAG-SdR) -Highlights,2350
2014-01-25T18:05:45Z,Guingamp/Paris SG 2014 incroyable coup franc de Alioui,829
2014-02-03T00:47:28Z,Lorient - Monaco in Slow Motion (2-2) - 2013/2014,2130
2014-04-13T22:00:02Z,FC Nantes - EA Guingamp (1-0) - 13/04/14 - (FCN-EAG) - Highlights,1167
2014-02-10T01:34:53Z,Le match OM - Bastia à la LOUPE (3-0) - Ligue 1 - 2013/2014,10821
2014-02-02T23:00:02Z,But Ryad BOUDEBOUZ (88&#39; pen) - SC Bastia-EA Guingamp (3-2) - 01/02/14 - (SCB-EAG),2290
2014-02-03T00:45:56Z,Week 23 : Top goals - Ligue 1 - 2013/2014,2184
2014-02-02T23:00:03Z,But Sébastien SQUILLACI (82&#39;) - SC Bastia-EA Guingamp (3-2) - 01/02/14 - (SCB-EAG),741
2014-02-03T00:52:10Z,Le match Lorient - Monaco à la loupe (2-2) - Ligue 1 - 2013/2014,6892
2014-03-23T23:27:26Z,EA Guingamp - Olympique Lyonnais (0-1) - 23/03/14 - (EAG-OL) - Highlights,3617
2014-03-02T23:00:02Z,Stade Rennais FC - EA Guingamp (0-2) - 01/03/14 - (SRFC-EAG) - Highlights,2373
2014-02-03T00:46:00Z,Reims - Montpellier in Slow Motion (2-4) - 2013/2014,1619
2014-02-03T00:50:01Z,Top buts 23ème journée - Ligue 1 - 2013/2014,12573
2014-02-02T23:00:02Z,Goal Sébastien SQUILLACI (82&#39;) - SC Bastia-EA Guingamp (3-2) - 01/02/14 - (SCB-EAG),155
2014-02-09T23:00:01Z,Goal Floyd AYITE (72&#39;) - EA Guingamp-Stade de Reims (1-2) - 08/02/14 - (EAG-SdR),269
2014-02-02T23:09:45Z,Ligue 1 - Week 23 : Goals compilation - 2013/2014,806
2014-03-09T23:00:01Z,EA Guingamp - Evian TG FC (0-1) - 08/03/14 - (EAG-ETG) - Résumé,8754
2014-02-03T00:50:33Z,Le match Reims - Montpellier à la loupe (2-4) - Ligue 1 - 2013/2014,6007
2014-02-03T00:47:06Z,Week 23 : Bloopers - Ligue 1 - 2013/2014,2575
2014-02-03T02:01:04Z,Ligue 1 - Week 23 Highlights - 2013/2014,6166
2014-02-09T23:00:02Z,But Floyd AYITE (72&#39;) - EA Guingamp-Stade de Reims (1-2) - 08/02/14 - (EAG-SdR),336
2014-02-16T23:00:01Z,FC Sochaux-Montbéliard - EA Guingamp (1-0) - 15/02/14 - (FCSM-EAG) - Highlights,1647
2014-02-09T23:00:02Z,EA Guingamp - Stade de Reims (1-2) - 08/02/14 - (EAG-SdR) -Résumé,6465
2013-12-22T23:00:02Z,Toulouse FC - EA Guingamp (0-0) - 21/12/13 -  (TFC - EAG) - Highlights,1270
2014-03-09T23:00:01Z,EA Guingamp - Evian TG FC (0-1) - 08/03/14 - (EAG-ETG) -Highlights,1218
2014-02-02T23:00:03Z,SC Bastia - EA Guingamp (3-2) - 01/02/14 - (SCB-EAG) -Résumé,50655
2014-02-03T00:45:06Z,Cavani&#39;s INJURY- Out for 3 Weeks - He&#39;ll miss Leverkusen - PSG - 2013/2014,7488
2014-01-26T23:00:00Z,Guingamp - PSG (1-1) - 25/01/14 - (EA Guingamp - Paris Saint-Germain) - Highlights,4972
2014-02-10T01:39:08Z,Monaco - PSG in Slow Motion - Ligue 1 - 2013/2014,6718
2013-12-22T23:00:02Z,Toulouse FC - EA Guingamp (0-0) - 21/12/13 - (TFC - EAG) - Résumé,3446
2014-02-10T00:34:13Z,Ligue 1 - Week 24 Highlights - 2013/2014,3900
2013-10-20T22:00:01Z,Goal Ladislas DOUNIAMA (78&#39;) - Evian TG FC - EA Guingamp (1-2) - 2013/2014,447
2014-02-03T00:48:56Z,La blessure de Cavani OUT au moins 3 semaines - PSG - Bordeaux - Ligue 1 - 2013/2014,22450
2014-02-09T23:03:34Z,Ligue 1 - Week 24 : Goals compilation - 2013/2014,549
2014-02-10T01:35:35Z,Le match AS Monaco - PSG à la LOUPE (1-1) - Ligue 1 - 2013/2014,28465
2014-02-10T00:37:40Z,Top 5 goals - Ligue 1: Week 24 - 2013/2014,4024
2014-02-10T01:05:02Z,Bloopers - Ligue 1: Week 24 -  2013/2014,2464
2014-02-02T23:08:42Z,Ligue 1 - Tous les buts de la 23ème journée - 2013/2014,8787
