published-time,comment,likes
2014-06-12T19:26:07Z,gg,1
2014-02-08T23:51:17Z,The black Santa,0
2014-02-10T22:30:32Z,Ils ont même pas envie de montrer le but de Gignac tellement c'était de la merde,0
2014-02-10T05:00:35Z,Thauvin = FUTURE! Lets hope we can keep teams from signing Maxime Lopez from the Academy ,2
2014-02-10T03:20:47Z,Allez l'OM!,1
2014-02-10T02:56:02Z,First,0
2014-02-12T05:54:12Z,ALLEZ L OM!!!!!!!!!!!!!!    PARIS S EST POURRI !!!!!!!!!,0
2014-02-11T21:01:55Z,Moi je vai voir psg om qui va gagner psg,0
2014-02-11T17:56:07Z,allez L'OM ! ,3
2014-02-11T13:04:21Z,On a enfin vu 11 guerriers sur le terrains ! Forza OM  ,2
2014-02-10T23:40:55Z,Forza l'Om ici c'est L'om !!!!!!,1
2014-02-10T21:06:00Z,Le nom de la musique ?,0
2014-02-10T09:47:13Z,"La frappe de Payet, sublime",2
2014-02-10T06:48:15Z,Payet en forme ? ben j'ai envie de dire il serait temp non !,0
2014-02-10T03:18:40Z,Dim Payet en forme!,11
2014-02-10T02:08:00Z,C'est quoi le fait marquant ???,0
2014-02-05T11:11:16Z,super match,0
2014-02-04T11:48:56Z,"Lorient méritait sa victoire,prendre un but à 3mn de la fin...dur dur  ",0
2014-02-03T22:33:41Z,"le match n'a pas été acheter.  je supporter lorientais et pourtant le deuxième but de monaco est tres rapide et le gardien manque quand même de l'expérience malgré le beau match qu'il a fait. monaco est l'équipe qui a le mieux jouer a lorient cette année, très beau match ... c'est sa le foot ;)",0
2014-02-03T21:55:15Z,"Sincèrement je sais qu'après se commentaire j'j'aurais pleins de critiques. mais là!
regarder sur le deuxième buts de Monaco, le gardien Lorientais est loin d'être en total extension et on pourrait presque croire qu'il laisse passer le ballon! Et comme tous le monde le sais Monaco a beaucoup beaucoup beaucoup d'argents. Alors ce n'est pas impossible qu'une enveloppe soit tombée. Enfin je n'espère vraiment pas que l'argent des riches clubs de ligue 1 serve a des fins maléfique  plutot qu'a élever son niveaux avec encore de meilleure centres de formation et en  apportant des joueurs de très grande qualité technique. Mais bon c'est peut être l'angle de la caméra qui est mauvais pour juger cette action! Répondre moi si vous trouver une vidéos qui me montre que j'ai tord, je serais rassuré! peace les gens",0
2014-02-03T19:46:46Z,"j'aime bien lorient c'est une tres belle equipe qui joue elle au moins, sinon ce fut un tres beau match de ligue 1",0
2014-02-03T12:17:49Z,Aboubakar il a régalé mine de rien..,1
2014-03-25T14:29:53Z,Lyonnnn!!!!!!!!!,0
2014-03-23T23:44:47Z,GOMIS NOT GOMEZ lol,5
2014-02-03T15:54:41Z,Cabella's face at 1:00 HAHAHHAHAHAHAHA,1
2014-02-13T18:28:12Z,magnifique but de rachid alioui pour guingamp ,0
2014-02-09T23:20:08Z,Le but de Ba non ? ,0
2014-02-08T09:46:00Z,Aller rennes!!!,0
2014-02-05T13:52:37Z,Et celui de corgnet ?,0
2014-02-04T20:42:43Z,Il y a donc le but de Kurzawa mais pas celui de Corgnet .... On a vraiment l'impression qu'ils regardent pas tous les matchs .. X'),0
2014-02-04T19:32:33Z,Le but de kurzawa mérite largement sa place y a un magnifique une deux qui pérfore toute la défense de lorient aprés la frappe n est pas très belle mais c est dans la construction que c est un beau but,0
2014-02-03T20:48:42Z,ta vu le but Alex il mériterais d'être dans le top,0
2014-02-03T19:45:26Z,"le but de kurzawa n'a rien a faire la meme si je suis supp de Monaco, a moins que les autres but soit aussi pourave que lui mdr",6
2014-02-03T18:47:15Z,Pour moi le but de Cabella mérite sa place et le but de Mollo numéro 1,4
2014-02-03T17:49:10Z,Mdrrrrr le but de Kurzawa ntp quoi !!! Le but de Cabella mérite largement sa place !! Magnifique contrôle et magnifique lob !!! ,6
2014-02-03T15:12:07Z,"si vous voulez voir des beaux buts, il y a tous les top buts de la saison sur la chaine lele marhic.Vous allez sur les playlists",0
2014-02-03T13:28:43Z,Le but de Mollo ! *__*,3
2014-02-03T11:30:19Z,Une enorme erreur pour la 1ere place !,1
2014-02-03T07:18:22Z,le but de kurzawa est pourave,6
2014-02-03T07:00:19Z,Qu'est ce que fou le but de Kurzawa en première position..?,5
2014-02-03T00:55:40Z,Goal,0
2014-03-13T11:40:09Z,Croix de Savoie !! <3,0
2014-03-11T13:16:42Z,Évian mon club favorit ,1
2014-03-10T12:38:42Z,"Encore une fois bien jouer pour cette victoire
Par contre va falloir gagner contre valencienne ",0
2014-03-10T07:29:32Z,"Hansen !!! Aller les Croix, par contre un défenseur qui marque... x)",0
2014-03-10T06:17:10Z,Bonne victoire tous le monde virage Sud la semaine prochaine contre VA !!!!!!!,2
2014-03-10T01:00:07Z,1 but de pris peut être mais un très bon jeu ! aller Guingamp,0
2014-02-07T20:40:02Z,Mdr niang qui pète sa Ferrari ,0
2014-02-05T14:04:41Z,Force est de constaster qu'il y a eu un effet tournevis,1
2014-02-03T20:15:38Z,Cabella 2 newcastle in the summer? I hope,0
2014-02-03T20:13:22Z,Niang il a explosé sa Ferrari en sortant de l'entraînement non ?,0
2014-02-03T17:17:28Z,Énorme montage!!!,0
2014-02-03T19:34:08Z,"Whiny bitch James. You can be annoyed, but don't disrespect your manager and friends.",0
2014-02-03T02:40:06Z,"lol poor james, but i understand him, why did ranieri replace him?, he was the only one creating chances, and dirar didn't add anything to the team",1
2014-02-03T15:53:14Z,Allez MHSC!!,0
2014-02-10T21:49:53Z,Reims peut renverser un match d'un moment a l'autre,2
2014-02-11T18:35:16Z,GET   WELL  SOON  ,0
2014-02-03T04:55:29Z,Oh no not Tarzan!!,0
2014-02-03T02:01:08Z,oh hope he wont miss world cup.,0
2014-02-03T01:08:13Z,Get well soon matador.,0
2014-02-10T13:48:35Z,"PSG is the best french club!
I am very sad for Thiago...but 5 points ahead to Monaco is great and I am sure we can hold this!!
Ici c'est Paris
Dream bigger on the way to the titel!",0
2014-02-10T04:27:47Z,If monaco had Falcao they would have won,1
2014-02-10T02:56:33Z,First,0
2014-02-10T14:39:23Z,ALLEZ MHSC!,0
2014-02-07T20:42:41Z,On en a rien a foutre de sa blessure,0
2014-02-04T17:22:21Z,cette vidéo ne sert à rien...,1
2014-02-03T18:19:03Z,Normal c'était pas un match de l1 ...,0
2014-02-03T17:51:14Z,Oh nonn,1
2014-02-03T09:10:21Z,"Quand c le PSG direct on fait une vidéo, falcao a été blessé il a pas eu droit à une vidéo lui",4
2014-02-10T06:59:41Z,Brawo,0
2014-02-10T06:59:38Z,Brawo,0
2014-02-14T16:28:27Z,"Le titre de la musique de fond, svp ?",2
2014-02-12T22:07:13Z,"Pastore , le retour ?",0
2014-02-11T10:08:24Z,Paris équipe magique ,0
2014-02-10T13:42:07Z,"avec le budget du Paris Quatar Saint Germain ,normalement ce club devrait avoir au moins 60pts et une moyenne de 3 ou 4 buts par match ,étrange le flouzeball?",2
2014-02-10T12:39:22Z,Bien joué le geste de connard d'Ibra a 1min27... Bonne attitude.,0
2014-02-10T12:25:21Z,C'est quoi le titre de la musique?,1
2014-02-10T12:24:21Z,Nique Paris,0
2014-02-10T12:11:30Z,Paris,1
2014-02-10T11:30:52Z,Monaco was lucky AGAIN!,7
2014-02-16T10:57:10Z,Amazing payet,0
2014-02-11T11:52:10Z,What a Goal! Of Payet Amazing Goal!,0
2014-02-11T04:05:01Z,two and three suck too come on,0
2014-02-11T04:04:10Z,number three is an attempted cross fuck that shit,0
2014-02-10T05:11:16Z,number 3 should be number 1,1
2014-02-10T00:49:32Z,First,0
2014-02-10T03:26:31Z,Lol the dugout one!,1
2014-04-20T07:16:42Z,Allé guimgamp ,0
2014-04-20T07:16:06Z,Trop cool,0
2014-02-03T18:13:55Z,"Allez Bastia. Magnifique but de Ba, Squilacci et Boudebouz",0
