publish_date,title,view_count
2014-07-06T06:43:51Z,VB-04 : 05-07-2014 ST-LENAARTS-RAFC : doelpunten,2964
2014-05-27T19:22:40Z,bire bir - Erhan Kartal,850
2014-05-19T02:20:34Z,Interviuri cu juniorii nostri dupa meciul cu Pandurii!,947
2013-10-17T20:31:24Z,Volle bak bij PSV,84
2013-12-12T18:35:27Z,Mbombo Lokwa Amazing Goal ~Standard Liege vs Elfsborg 1 0 HQ,5804
2013-08-19T01:19:49Z,Crvena zvezda-Jagodina 2:1 Prekid Utakmice,2420
2014-04-07T00:31:33Z,CLAYPOLE VS berazategui 8VA DIVISION,1474
2014-04-27T17:42:23Z,"Black Stars   NE Xamax FCS, la vidéo",1137
2014-05-10T17:52:00Z,Ivan Petrovic golcina,125728
2014-01-18T16:14:05Z,"Red Bull Salzburg - FC Bayern, #2, 18.01.2014",467
2014-03-26T15:35:06Z,Dans la peau de l&#39;OM (Olympique de Marseille) Teaser,3039
2013-10-22T20:01:38Z,UEFA Champions League 2013 Olympique Marseille 1-2  Napoli 22\10\13,1780
2014-02-16T19:23:41Z,Le nouveau look de Rod Fanni,2978
2014-01-14T00:22:44Z,But de Grosse tête (8-22) - 2014-01-13 21:18:01 - Terrain 1 - Ligue du lundi - Automne 2013,20
2014-03-18T08:09:47Z,Campeones USA Soccer League Dvo Churumuco CAMPEONES  GoCampeones com,555
