published-time,comment,likes
2014-07-07T19:48:48Z,Antwerp wint is zenne. Da is ne mix van de u23 en de nat reserven en dan nog maar 0-6. tristig.,0
2014-05-17T20:44:35Z,Bravo mastore.,0
2014-05-14T22:38:52Z,"Ne znam da li je stvarno toliko precizan ili ga je usralo... uglavnom nije prvi koji je to uradio, ali svaka cast!",0
2014-05-11T22:34:49Z,ee golmane..ovo bi odbranila i africka stoka krupnog zuba..,0
2014-05-11T18:45:23Z,Super čestitam! ,0
2014-05-11T18:40:05Z,Хахахах ракетааа !!!,0
2014-05-11T17:25:08Z,golman totalna dioda,0
2014-05-11T14:25:27Z,ukenjalo ga,0
2014-05-11T11:26:02Z,PES fazon,0
2014-05-11T10:24:39Z,momački!,1
2014-05-11T09:19:08Z,Au ljudi axaxxa :D,0
2014-05-11T09:00:36Z,SES,0
2014-05-11T05:06:07Z,jebes gol ZVEZDA JE SAMPION <3 ARANDJELOVAC DOCEKAO TITULU <3,8
2014-05-10T22:16:06Z,Brate bolji nisam video u zivotu :D,1
2014-05-10T22:14:50Z,aahaahhah carrinaa :D,0
2014-05-10T22:10:09Z,"Ako neki misle da je golman kriv..Tesko se varaju. Golman pre svega ne ocekuje takav udarac.Samim tim njegov mozak nije ""namesten"" na tu frekvenciju..Tu loptu je nemoguce oceniti...Ona putuje-putuje a on trci unazad i gleda u tacku koja moze da padne ovde ili tamo..Ili pod precku u gol! Golcina bez premca ali nije greska golmana ni 1%!",3
2014-05-10T22:06:07Z,"eee golmane, eee glupane",3
2014-05-10T21:59:50Z,S pola snage !,1
2014-05-10T21:53:30Z,Свака част,2
2014-05-10T20:56:48Z,onaj SE KRSTI AHHAHAHAHAHAH,50
2014-05-10T20:40:59Z,BRAVO ! ,0
2014-05-10T20:32:50Z,svaka mu cast,2
2014-05-10T20:29:23Z,BRAVO DOKTORE-PRAVA SENZACIJA :D MAESTRALNO :),2
2014-05-10T20:21:20Z,Svaka cast...Nikakva slucajnost...,8
2014-05-10T19:12:12Z,Jebem li ti zazanje !!!,1
2014-05-10T19:09:56Z,Bravo doktore!,2
2014-05-10T18:27:25Z,op op,2
2014-02-17T18:17:53Z,:p,0
