publish_date,title,view_count
2013-09-14T15:07:51Z,Wague 2.,2921
2013-09-21T22:00:09Z,SM Caen - Chamois Niortais (3-1) - Le résumé (SMC - NIORT) - 2013/2014,10783
2014-03-01T23:00:01Z,SM Caen - Clermont Foot (2-1) - 28/02/14 - (SMC-CF63) - Résumé,7669
2014-05-13T22:13:03Z,SM Caen - Nîmes Olympique (1-1) - Résumé - 13/05/14 - (SMC-NIMES),18876
2013-09-28T22:00:01Z,SM Caen - Havre AC (1-0) - Le résumé (SMC - HAC) - 2013/2014,14755
2014-04-19T22:00:02Z,SM Caen - AJ Auxerre (1-0) - 19/04/14 - (SMC-AJA) - Résumé,8350
2014-04-05T22:00:01Z,SM Caen - RC Lens (1-0) - 05/04/14 - (SMC-RCL) - Résumé,18084
2013-09-14T22:00:05Z,AC Arles Avignon - SM Caen (3-2) - Le résumé (ACA - SMC) - 2013/2014,7066
2013-08-17T22:00:11Z,SM Caen - US Créteil (3-0) - Le résumé (SMC - USCL) - 2013/2014,14321
2013-08-03T22:00:12Z,SM Caen - Dijon FCO (3-1) - Le résumé (SMC - DFCO) - 2013/2014,19306
2013-09-25T22:00:11Z,Clermont Foot - SM Caen (2-2) - Le résumé (CF63 - SMC) - 2013/2014,4300
2014-05-03T22:00:01Z,SM Caen - CA Bastia (6-1) - Résumé - 02/05/14 - (SMC-CAB),52172
2014-04-29T10:00:01Z,Angers SCO - SM Caen (1-2) - 28/04/14 - (SCO-SMC) - Résumé,17344
2013-09-03T20:55:12Z,SM Caen - FC Metz (0-2) - Le résumé (SMC - FCM) - 2013/2014,26693
2013-08-10T22:00:11Z,Stade Lavallois - SM Caen (1-2) - Le résumé (LAVAL - SMC) - 2013/2014,8975
2014-05-17T22:00:00Z,Dijon FCO - SM Caen (2-2) - Résumé - 16/05/14 - (DFCO-SMC),6145
2013-08-24T22:00:11Z,ESTAC Troyes - SM Caen (2-1) - Le résumé (ESTAC - SMC) - 2013/2014,10713
2014-03-22T23:00:00Z,SM Caen - Châteauroux (1-1) - 21/03/14 - (SMC-LBC) - Résumé,21334
2014-04-12T22:00:01Z,FC Istres - SM Caen (2-3) - 11/04/14 - (FCIOP-SMC) - Résumé,5721
2013-12-21T23:00:01Z,SM Caen - Stade Brestois 29 (0-0) - 20/12/13 - (SMC - SB29) - Résumé,2904
2014-03-08T23:16:16Z,Havre AC - SM Caen (1-1) - 07/03/14 - (HAC-SMC) - Résumé,10773
2014-05-10T22:00:02Z,SM Caen - Tours FC (1-3) - Résumé - 09/05/14 - (SMC-TOURS),17613
2014-02-27T05:24:49Z,Match Amical : Sénégal - Mali : Les 23 Aigles,10982
2014-05-07T19:14:37Z,Stade Brestois 29 - SM Caen (0-1) - 05/05/14 - (SB29-SMC) - Résumé,3786
2014-03-29T23:00:01Z,AS Nancy-Lorraine - SM Caen (1-1) - 28/03/14 - (ASNL-SMC) - Résumé,6255
2013-09-21T18:33:56Z,Conférence de presse SM Caen - Chamois Niortais (3-1) - 2013/2014,226
2013-09-18T22:22:02Z,Ambiance pre penalty shooting,59
2013-12-10T18:03:35Z,- Top 5 Buts - Equipe du Mali - 2013 -,4897
2014-02-10T20:38:28Z,Top 10 Mali Fantastics Goals 14 !,786
2014-03-05T11:21:44Z,Bizutage chez les AIgles du Mali birama toure,11468
2013-10-15T23:28:54Z,대한민국 대 말리 축구 평가전 주요 장면-Republic of Korea for the friendly against Mali Football Highlights,68561
2014-01-02T00:56:56Z,"Après avoir entraîné le Mali de 2001 à 2002, Henri Kasperczak est de retour en 2013",1438
2014-06-02T08:43:54Z,Les buts du match amical Croatie-Mali (2-1),4706
2013-12-23T12:35:39Z,Cheick Diabaté (Bordeaux) - Buts 2013/2014 (Ligue 1),8271
2014-06-03T09:51:25Z,"Conférence de Presse d&#39;Henry Kasperczak, coach du Mali à la suite du match Croatie-Mali (2-1)",1932
2014-06-10T12:39:50Z,"Les réactions: le FC Nantes, nouveau champion du challenge Piana de Neuville !",834
2013-10-27T13:34:01Z,Amadou Pathe Diallo fustige les maux du football malien et fait le bilan du match Corée du Sud-Mali,1592
