published-time,comment,likes
2013-08-10T07:56:36Z,"superbe, bravo créteil !",0
2013-08-05T20:05:06Z,Allez nimes olympique ces bien ne vous laissez pas faire si vous voulez passe en ligue 1 continuer comme ça allez nimes,0
2013-08-05T16:05:25Z,bravo creteil ils m'impressionne vive lens,0
2013-08-04T18:58:41Z,Il est ou rui pataca?,0
2013-08-04T15:39:35Z,c'est pas grave il faut se reprendre allez nîmes !!!!,0
2013-08-04T14:08:56Z,Allez Créteil !,0
2014-02-10T09:20:44Z,Magnifique victoire !!,0
2013-10-13T10:50:00Z,Allez les chamois niortais!!! j'ai pas envie de vous voir en national vs avez le niv de la ligue 2 essayer de ne pas etre relegue cette saison et si vs etes encore en ligue2 la saison prochaine essayer de monter en ligue1 comme ya 15ou 20ans. Allez les supporters sont la!!!,0
2013-09-26T10:33:54Z,Sérieux les gars faut se remotiver je veux pas aller vous voir en National !,0
2014-03-26T19:14:24Z,Les supporters des croix de Savoie veulent monter a bonnal pour découvrir votre stade ! Revenez en l1 svp :) ,0
2014-03-24T10:05:59Z,J'ai hâte de vous revoir en L1 les sangs et Or !!!!! ( 1 supporter Lyonnais ),0
2014-03-23T12:56:55Z,Libojia kombouare le garde pour Monaco !,0
2014-03-23T11:32:53Z,Aller Lens ! :D,2
2014-03-23T09:20:12Z,"Coulibaly n'a rien apporté sur ce match, pas compris pourquoi le coach l'a laissé sur le terrain en lieu et place de Ljuboja qui revient en forme... ",0
2014-03-23T08:50:05Z,On moins on a eté capable de revenir 3x au score ! Allez Lens !,2
2014-03-23T08:40:44Z,On croit au maintien aller no !!!!,1
2014-03-23T06:16:41Z,On y croit la monté !! Allez RCL,2
2014-01-28T19:36:46Z,Super turons,0
2013-10-28T14:51:08Z,Oui 4-1 normalement !!,0
2013-10-28T14:47:42Z,TOURS FC,0
2013-08-25T16:24:07Z,En France on a des arbitres de merde supporter de Marseille,0
2013-08-25T08:55:15Z,Avec un bit refusé pour tours en deuxieme qu'on a pas vu,0
2013-08-25T08:52:06Z,Turons !! Quel est votre métier ??!!,0
2014-03-31T13:42:55Z,Sa c est la berrichonne les gars !!!!!!!!!!,0
2014-03-30T22:28:27Z,Schekter18 donne moi ton num ta l'air bg,0
2014-03-30T16:28:34Z,On s'en fou des mains contre Caen sa nous a donné 1 point donc tant mieux !,0
2014-03-30T10:59:47Z,Bande sale tricheur qui mette des main contre le smcaen!  :( ,0
2014-03-30T07:02:55Z,Bravo la berri !,2
2014-03-30T00:29:58Z,Chateauroux les meilleurs.,4
2014-02-02T18:44:02Z,ça part de là !!!!,0
2014-02-02T10:07:46Z,Allez tours!!!!!!!!!!!!!!!!!!!!!!!!!!!!!!!!!!!!!!!!!!!!!!,0
2014-03-15T06:45:32Z,Commentateur nul,2
2014-03-09T16:07:26Z,Le gardien de Clermont c'est pas Fayolle mais Farnolle,2
2013-11-03T10:06:15Z,ي لببببببببببببببببىىىى حاارسناا ,0
2013-12-03T01:17:54Z,دي ماريا لاعب مهم لريال عيب الوحيد يريد تسجيل اكتر من اتمرير,0
2013-12-02T23:35:04Z,دي ماريا فنان,0
2013-12-02T17:19:43Z,على أي أساس قالوا أنه لم يكمل المباراه سعيد !؟!؟..من جد شي غريب !!  الأرجنتيني كان أفضل لاعب بالمباراة ومستواه مو أقل من بيل ..صح ما حالفه الحظ بالوصول للشباك وتسجيل هدف لكنه كان يوصل الكوره للمهاجمين وخطير على الفريق المنافس طول المباراه ,0
2013-12-02T15:53:30Z,لو تخففوا السواد في الجوانب ودقة مالقاطع جودتها اعلى ,3
