publish_date,title,view_count
2013-08-03T22:00:12Z,Nîmes Olympique - US Créteil (2-3) - Le résumé (NIMES - USCL) - 2013/2014,11729
2014-02-08T23:00:00Z,Havre AC - Nîmes Olympique (0-1) - 07/02/14 - (HAC-NIMES) -Résumé,2303
2013-09-25T22:00:17Z,Chamois Niortais - Nîmes Olympique (2-1) - Le résumé (NIORT - NIMES) - 2013/2014,2285
2014-03-22T23:00:01Z,Nîmes Olympique - RC Lens (3-3) - 22/03/14 - (NIMES-RCL) - Résumé,14383
2013-08-24T22:00:11Z,Tours FC - Nîmes Olympique (3-1) - Le résumé (TOURS - NIMES) - 2013/2014,6008
2014-03-29T23:00:01Z,Châteauroux - Nîmes Olympique (2-0) - 28/03/14 - (LBC-NIMES) - Résumé,2941
2014-02-01T23:00:01Z,Nîmes Olympique - Tours FC (3-0) - 31/01/14 - (NIMES-TOURS) -Résumé,3210
2014-03-08T23:15:41Z,Clermont Foot - Nîmes Olympique (1-0) - 07/03/14 - (CF63-NIMES) - Résumé,1401
2014-05-17T22:00:01Z,US Créteil - Nîmes Olympique (1-1) - Résumé - 16/05/14 - (USCL-NIMES),2544
2013-11-12T22:43:23Z,Croco Hebdo du 12 novembre 2013,559
2014-02-01T20:16:21Z,Conférence de presse Nîmes Olympique - Tours FC (3-0) - 2013/2014,149
2014-05-07T22:00:01Z,Angers SCO - Nîmes Olympique (2-3) - 06/05/14 - (SCO-NIMES) - Résumé,6421
2013-08-03T19:23:17Z,Conférence de presse Nîmes Olympique - US Créteil (2-3) - 2013/2014,344
2014-03-22T17:50:39Z,Conférence de presse Nîmes Olympique - RC Lens (3-3) - 2013/2014,815
2013-10-27T07:21:22Z,Amewou&#39;s Free Kick,406
2014-02-17T15:21:12Z,Le Touquet Combine UEA - Blue VS Orange - 02.12.2014 - Bourse Foot USA,916
2014-05-07T09:39:13Z,Abdul Meyker Yabre Goal,1111
2014-02-06T18:53:22Z,Entrainement avant Le Havre   Nîmes du 07 02 2014,124
2013-11-03T03:15:05Z,ديجو لوبيز ينقذ مرمى ريال مدريد بتصدي هائل,2558
2014-05-07T09:34:56Z,Yabre Abdul Meyker,1689
2013-08-26T18:02:49Z,Ousmane Cissokho,2472
2014-02-28T15:33:55Z,Avant match Nîmes   Niort du 28 02 2014,31
2014-07-23T22:08:58Z,Nîmes Marseille Consolat 22 07 2014,676
2014-03-05T16:59:40Z,Nîmes   Niort 28 02 2014,144
2013-10-19T21:55:32Z,RC Lens - Nimes (1-0) Match championnat L2 saison 2013/2014 11eme journée,137
2013-09-28T17:26:43Z,Conférence de presse Nîmes Olympique - Clermont Foot (1-1) - 2013/2014,89
2013-12-02T03:49:07Z,شاهد لماذا لم يكمل دي ماريا مباراة بلد الوليد سعيداً,9993
