publish_date,title,view_count
2013-09-02T18:12:01Z,Raphaël Calvet delighted to join ambitious Bees,2233
2013-09-30T09:18:41Z,Bees with dominant display against Coventry City,1433
2014-01-02T18:45:53Z,The Bees move 3 points clear with win over Peterborough,3414
2013-09-08T12:14:07Z,Ten-man Bees go down at Bradford,5762
2013-08-28T10:28:09Z,Uwe gives his honest assessment on Derby Cup defeat,906
2013-12-27T13:00:01Z,Brentford come back twice to beat Swindon Town 3-2,8838
2013-09-03T09:03:09Z,Brentford FC&#39;s Youth Team vs Brighton&#39;s 2-2 draw August 2013,1344
2014-01-06T10:51:02Z,The Bees 12 points of Christmas,1603
2013-09-03T13:17:44Z,Brentford FC&#39;s Goal of the Month Competition - August 2013,1943
2014-01-04T11:32:13Z,Fan Cam captures The Bees 12th win in 13,1247
2013-09-15T12:26:04Z,Bees edge seven-goal thriller at Prenton Park,2604
2014-01-14T09:14:48Z,Pick your Brentford Goal of 2013,2588
2013-09-05T08:25:03Z,Watch all 8 goals from Brentford vs AFC Wimbledon in just 140 seconds,7380
2013-08-28T14:40:43Z,Hayes double sees Bees beat Bristol City despite incredible penalty save,974
2013-09-05T15:08:19Z,Marcello speaks to Bees Player on Griffin Park return,1566
