published-time,comment,likes
2014-04-03T01:43:24Z,finally the footage,2
2013-12-10T02:00:37Z,Would love to have him back in blue!,7
2013-10-19T22:47:26Z,"As a Galaxy fan, one thing that completely endeared me to Everton was just how well the team's fans treated Landon during his loan spell. He raves to this day about how it felt so comfortable and friendly down on LIverpool's ""Blue"" side, and how he just had never felt so settled-in.

Clearly, Everton isn't just a top team because of its players. It's a top team because of its down-to-earth, doggedly optimistic fans. Together, it's what football was meant to be.

- From L.A., with great affection",14
2013-10-04T05:02:36Z,"haha, its a heart monitor to see how hard players are working.",0
2013-09-28T17:23:35Z,why compare the mls to bpl ? America has a up and coming football league hope they do well and get more americans playing football :),1
2013-09-20T23:44:40Z,"The level of football is higher in the PL, very competitive I know but levels in PL are higher with a much more higher expectation. No disrespect.",0
2013-09-20T21:21:35Z,actually MLS is one of the most competitive leagues in the world. In the BPL the same 5-6 teams clinch champions league or win the title. In MLS every year the race to their cup is even. Their teams are much more level.,0
2013-09-04T21:16:59Z,couldn't be any more accurate... xD,1
2013-08-22T20:53:21Z,"Landon is tiny but no one ever notices, thats a heart-rate monitor to see how much each player works and... Americans are weird.",0
2013-08-20T16:38:24Z,"whys jags wearing a sports bra?
",0
2013-08-18T16:54:02Z,"haha, that photographer! dirty sod!",0
2013-08-16T17:24:21Z,"Was I just on acid? Baines taller than Donovan, Jagielka wearing a sports bra and a photographer taking pictures of Howard's penis! Wtf was this hahahahahahahaha",0
2013-08-16T16:57:01Z,"every everton players is good in my eyes, and i think in every other true evertonians eyes, so basicaly you're not a true evertonian",0
2013-08-12T02:32:34Z,He is home,0
2013-08-07T07:45:31Z,Did you even see any of the Gold Cup at all? Based on his recent form he's better than ever before. His pace is a little slower but he's had to change his game and he's done it successfully. You drastically underestimate him.,1
2013-08-06T19:44:37Z,"No he was not, not by a long way, he looked too tired, never near the quality of his first spell here.............",0
2013-08-06T14:27:58Z,That's Everton...,2
2013-08-06T10:52:57Z,"Jags wearing a bra. What happens on tour, stays on tour.",0
2013-08-06T08:57:07Z,why was jags wearing a sports bra?,0
2013-08-06T00:07:31Z,"Everton please buy him, such a good player",1
2013-08-05T18:36:35Z,"Exactly, Donovan was used as a desperate loan when we had hardly any options. Martinez may not rate him as much as Moyes did.",0
2013-08-05T18:35:06Z,MLS isn't as competitive as the premier league.,0
2013-08-05T17:34:41Z,Landon was class when he played for us and I would welcome him back anytime,3
2013-08-05T14:49:48Z,based on what exactly? Please tyell. He just won golden ball and boot in the gold cup and still rolls in the MLS.,2
2013-08-05T14:49:19Z,lol he was our best player in his 2nd loan what are you talking about.,1
2013-08-05T10:35:29Z," Not exactly Premier League level, West Brom would beat El Salvador",0
2013-08-05T09:47:44Z,Why would anyone want a player that is in his 30's he's not THAT good plus during his second loan spell he was shite he's lost that pace that he use to have time to move on up we've got better players in the likes of Miralles & Pienaar ,0
2013-08-05T03:49:16Z,He looked pretty good in the Gold Cup......,0
2013-08-05T03:45:47Z,"Times have changed, wish people would just move on. He's not as good as he used to be.",0
2013-08-05T03:10:34Z,"yep, i am very lucky to get to know about this site. i know one thing for sure, it's way easier than i thought do a few surveys and boom a few $100 extra in your bank every week. its worth a try here: bit.ly\1cBEEzp",0
2013-08-04T21:49:21Z,"Clearly shows how well liked Landon is among the team, backroom staff and fans and I believe his contract with LA expires this upcoming January? Should be looked at, would take Landon Donovan on a free any day of the week! ",1
2013-08-04T21:05:59Z,COME BACK LANDON COYB,0
2013-08-04T13:51:49Z,Bring him home!,1
2013-08-04T12:40:29Z,pls individual videos of deulofeu,0
2013-08-04T12:16:56Z,Once a Blue........,2
2013-08-04T11:29:47Z,Come home Landon!,0
2013-08-04T10:50:04Z,"Landon: born, not manufactured.",1
2013-08-04T10:06:03Z,"Very popular with the players and fans at Everton, top lad.",1
2013-08-04T09:12:45Z,"I wanted to hear who the man of the match was :(
",0
2013-08-04T08:03:08Z,Really good to see. Shame we couldn't get him a few years ago.,1
2013-08-04T07:57:06Z,bring him home,0
2013-08-04T07:50:04Z,Ah. That's pretty awesome. ,0
2013-08-04T07:27:38Z,Wish this man still played for us,0
2013-08-04T06:47:21Z,Love our Bainesy,0
2013-10-21T06:58:56Z,"Please have some composure for the next game, no pressure.",0
2013-08-12T02:24:12Z,Donavon,0
2014-06-19T14:04:29Z,Him  being left off the  WC roster is  a joke,23
2014-05-26T04:09:44Z,"Lol did anyone else hear him scream ""fuck yea"" at 2:32?",19
2014-05-15T03:34:55Z,"He needs to start mentoring young footballers (soccer players) in the US - easily the best player the US has created, and proof that the US can create some real talent. Pity it'll always been overshone by baseball, NBA and NFL",26
2014-04-26T01:38:11Z,"I'm so glad north americans took notice of football, you have much to contribute to the game. Regards from Uruguay ;)",28
2014-04-25T01:45:56Z,That goal from '09 is the most ridiculous goal I have ever seen. The precision of it and the insane amount of spin... just incredible.,1
2014-03-27T23:18:52Z,Voce e o melhor jogador dos eua,0
2014-01-16T21:00:55Z,pode jogar no Brazil !!!!,0
2013-10-24T08:28:24Z,Let me rephrase that and say the goal July 30 2011 to be exact,0
2013-10-24T08:27:22Z,In the goal of 2.34 when Landon kicks the wall he screams fuck yeah favorite player love usmnt and galaxy.,0
2013-10-19T14:39:26Z,April 19th against Houston. Donovan is all like beat it!,0
2013-10-06T02:37:26Z,That 2009 goal was nasty!,2
2013-10-05T18:03:45Z,*whistles* que chulada de goles. Landon is the one who keeps the mexicans from sleeping at night,1
2013-10-05T02:53:41Z,Statue when he's done playing,0
2013-10-04T22:20:06Z,We need a Statue of LD in the capital or in LA!,2
2013-10-04T21:03:59Z,Go Galaxy!,0
2013-10-04T20:55:24Z,"I think he yelled ""Hows that Dick taste"" to the Dynamo player HAHAHA! Classic goal though. ",0
2013-10-04T20:35:37Z,Judas,0
2013-10-04T20:27:03Z,(1:48) best part !!!!,0
2013-10-04T20:18:00Z,Love of my life,1
2013-10-04T20:06:00Z,Glad to have him in LA....,0
2013-10-04T19:56:23Z,Or Algeria.,0
2013-10-04T19:50:14Z,It's time he goes to a real club,0
2013-10-04T18:51:09Z,you're missing his game winners in the 11' & 12' MLS Cups,0
2013-10-04T18:46:05Z,"Wow, he's scored some incredible goals. Great player!",5
2013-10-04T18:44:44Z,1:47 raaaa,0
2013-10-04T17:15:15Z,Favorite USMNT player!!,2
2013-10-04T16:13:07Z,I can't believe that volley against New England is 4 years old...,0
2013-10-04T16:08:38Z,There already is a Soccer Hall of Fame,0
2013-10-04T16:00:26Z,"1:57 OMG!!!
",0
2013-10-04T15:58:27Z,I think at one point he had to of been one of the most talented players on the planet. I think so. LD!!!,0
2013-10-04T15:45:45Z,Landon aka Capt America is probably one of the BEST players ever to hit the MLS. He's tenacity and love for the game make him one of the most explosive players ever. Love that guy!,1
2013-10-04T15:32:43Z,I just got his usmnt centennial jersey,0
2013-10-04T14:26:24Z,Slsqteoeeso,0
2013-10-04T14:06:04Z,He is the best player of MLS for me from a french guy.,1
2013-10-04T13:55:56Z,The Best.,0
2014-05-26T02:57:32Z,http://isportsweb.com/author/awosiyan/,0
2014-05-26T02:48:15Z,Thing is he just now showing it....he wasn't showing it consistently that's one of the reason why jk left...Sad bt true,0
2014-05-26T02:12:57Z,Why would JK take Brad Davis over Landon Donovan? LD shows once again he can provide great service from free kicks (and corners).,3
2014-01-28T17:53:15Z,"il faut que les lensois font ce match contre LAVAL
allez LENS!!!!",0
2014-01-28T17:30:48Z,La main xD,0
2014-01-28T17:26:36Z,"Magnifique le but d'Auxerre, bravo a Lens",0
2014-01-28T15:59:48Z,#Ligue2 - 21e journée - Retrouvez le résumé du match AJ Auxerre / RC Lens grâce à notre chaîne YouTube ! Supporters on attend vos commentaires !,6
2014-01-28T11:41:51Z,"Très bon match des deux équipes !
Allez Lens !",3
2014-02-23T10:02:03Z,Beautiful goal from Donovan.,1
2014-03-01T10:37:58Z,Angers sco sco sco sco,0
2014-02-24T13:06:09Z,"de beau cadeaux de la part d'Auxerre , mais bon , allez le SCO:)",0
2014-02-23T01:22:10Z,,0
2014-02-22T23:15:06Z,Superbe action collective des angevins sur le premier but avec ce caviar donné par socrier a yattara ! ALLEZ LE SCO !!!,1
2014-06-27T00:50:16Z,Why does it look like he was crying?,0
2013-12-14T08:27:03Z,"Super, mais des commentaires serait encore mieux !",0
2013-12-08T00:31:28Z,1 occasion d en le match et il joue la pleureuse belle mentalité casoni tu ira loin,0
2013-12-08T00:29:30Z,Mentalité honteuse de casoni en conf de presse quel rageux celui ci mentalité de sudiste sa fait mal de s'en prendre 3 apprend au moi a être digne idiot va,0
2013-12-06T20:28:17Z,Toute la Lorraine est grenat !! Vive Le FC Metz ! <3,0
2013-12-05T17:00:44Z,on est les meilleurs allez metz,0
2013-12-04T09:46:26Z,"Moi ce que j'adore a Metz, ce sont les musiques avant le match :)))",0
2013-12-03T16:47:29Z,7 victoires d'affilés <3,0
2013-12-03T16:44:51Z,Allez METZ <3 ,2
2013-12-03T16:15:16Z,#Ligue2 - Retrour en vidéo sur le match de clôture de la 16e journée !,3
2013-12-03T15:36:42Z,metz pouf ,0
2013-09-03T00:52:39Z,The thumbnail xD,0
2013-09-02T06:47:59Z,DAME..... That man is good,0
2013-09-01T05:25:05Z,Captain America :D,0
2014-03-01T08:13:11Z,Wow! Those games in South Africa were Beautiful!!!,1
2013-08-16T15:43:40Z,Aller Auxerre,0
2013-08-16T10:13:50Z,La déf centrale de Brest O_O,0
2013-08-10T18:34:45Z,Dommage qu'il n'y ait pas de commentaires comme sur la chaîne de la Ligue1.,0
2013-08-09T16:36:13Z,"Le seul truc rassurant c'est que Hartock, le gardien que tu critiques (à raison d'ailleurs) ne devrait pas jouer un seul match de championnat sauf blessure de Thébaux.
C'est aussi vrai que la défense ça craint --'",0
2013-08-09T13:20:45Z,"Le gardien a était vraiment nul aussi 
",0
2013-08-09T12:13:50Z,Aja ♥,0
2013-08-09T00:48:26Z,"la désolé mais la défense de ton équipe sont des passoires sans parlé du gardien .... Si il joue comme sa cette saison il peuvent dire adieu la ligue 1 et bonjour la national en tout cas j’espère pas , on peut pas juger une équipe sur un match mais sa fait peur 0_0 ils encaissent 4 but a domicile dans la plupart des erreur défensif ",0
2013-08-08T21:41:25Z,SA BUG A MORT,0
2013-08-08T20:34:05Z,Ça va être dur cette saison pour Brest. C'est un groupe assez jeune... ,0
2013-08-08T09:52:14Z,aller l'AJA,0
2014-02-09T23:20:36Z,ALLER AUXERRE !!!€,0
2014-02-09T13:52:22Z,Bravo l'Aja allez !,0
2014-07-28T18:45:10Z,umm wtf is this,0
2014-05-09T06:11:59Z,F,0
2013-12-04T16:10:30Z,bon bah dans pas longtemps 16ème de finale Nantes-Auxerre,0
2013-11-02T12:32:52Z,1:20 meilleur but de la saison !!! ,0
2013-11-02T12:31:12Z,on éspère revoir auxerre en ligue1 l'année prochaine ( de la part d'un supporter nantais) ,0
2013-08-28T20:28:02Z,"But de N'Tep incroyable !
Casoni va nous ramener l'AJA en L1, j'espère ;-)",0
2013-08-28T18:26:34Z,"Coupe de La ligue*, pardon.",0
2013-08-28T18:26:09Z,"Beau but d'Ntep, dommage d'avoir une affiche de L2 aussi tot dans la coupe de France, j'aurais préféré voir Caen un peu plus loin.  ",0
2013-08-28T17:33:24Z,"magnifique but de NTEP en pleine lucarne ;)
",0
2013-08-28T15:05:30Z,Sammaritano !!! J'ai ton short de la finale de coupe de la ligue ... MERCI de me l'avoir filé !!!,1
2013-08-28T14:56:10Z,Ntep ne restera pas longtemps ;),0
2013-08-28T11:45:39Z,"oui si il part pas avant la fin du mercato.
",0
2013-08-28T10:50:21Z,Ntep va faire beaucoup de bien a l'AJA ! ,0
2013-08-28T10:01:32Z,"Amis supporters, retrouvez le résumé de l'affiche du second tour de la Coupe de la Ligue. SM Caen - AJ Auxerre : 0-3",2
2013-08-28T08:56:11Z,Le but de ntep est un pur bijou,0
2013-08-28T08:22:27Z,aller auxerre,0
2013-08-12T04:21:18Z,Mls you shoud put the full match and game,0
2014-03-24T09:45:47Z,Bravo à Pléa pour son premier but,0
2014-03-23T12:10:30Z,Bravo l'Aja on continue allez !!,0
2013-12-25T11:59:04Z,aller auxerre,0
2013-12-17T09:39:25Z,"nantes-auxerre coupe de la ligue :)
super match en approche (de la part d'un supporter nantais )",0
2013-12-15T10:30:37Z,"Magnifique tete de Lefevre, très impressionnante en vrai !",2
2014-03-13T14:45:31Z,Congrats to this young Yank,1
2014-01-14T15:48:37Z,Lol,0
2014-01-05T17:19:37Z,aller ciel et marine,0
2013-12-27T14:02:29Z,et le face a face de mesloub tout seule face au gardien il est ou?,0
2013-12-23T21:40:13Z,L'arbitre a tué le match en sifflant un faute inexistante,0
2013-12-22T17:43:31Z,Comment un arbitre peut faire une faute d'arbitrage comme ça ? Le joueur du Havre aurait du se prendre un jaune pour cette énorme simulation et à la place pénalty et jaune pour Ntep...,0
2013-12-22T10:35:24Z,"bah voila : )) il y a plus qu'a monter en haut de classement les gas !!!!
 ",0
2014-03-09T22:11:41Z,"Bien joué gastien, c la première fois que je vois un doublé csc. Il faut se ressaisir si on veut monter dijon",0
2014-03-09T17:02:11Z,des barres de rire le commentateur ,2
2014-03-09T12:47:06Z,"Le premier but contre son camp est pour moi de la faute de Diallo, faut prendre des décision des fois c'est bien de vouloir relancer dans les pieds mais quand ta surface est pleine de joueurs adverses au pressing, tu balance une balle devant et tu fais sortir tous le monde, surtout qu'après Gastien n'a pas de solution et je trouve que Perraud est vraiment NUL par rapport a Lecomte qui nous fait une 'putain' de saison !",0
2014-03-09T10:23:03Z,"Faudrait revoir ses fiches, lecomte est sorti et florent perraud est rentré et c'est lui qui encaisse les deux buts ...
On s'est encore fait voler a l'exterieur, la ligue 1 s'éloigne",1
2014-03-09T09:49:19Z,La Bourgogne est Bleue et Blanche!,4
2014-03-09T00:34:10Z,Beau doublé de Gastien,1
2014-04-13T07:23:16Z,"Boly a pas le niveau pour la Ligue 2, ou en tout cas il donne pas l'air d'avoir envie de jouer...",0
2014-03-19T11:21:35Z,On peur remonter en l1,0
2014-02-20T18:30:28Z,allez brest mous sommes tous avec vous,0
2014-02-16T13:57:06Z,Allez Brest,0
2014-02-16T11:01:14Z,BIEN JOUER BREST !! ON CONTINUE COMME CA JUSQU'AU MAINTIEN !!,0
2014-02-16T10:58:34Z,allez brest,0
2014-06-11T03:38:31Z,Me cae gordo el guey! Pero reconozco que es un excelente jugador y muy profesional que se mantiene en el mejor nivel. Y es una lástima no ver este tipo de jugadores en el mundial. Después de el Cuahmello Blanco. Tu eres el segundo genio. Sin ustedes dos... el mundial no tiene sentido!!!!!,2
2014-06-07T20:46:55Z,Se lo merecía solo eso voy a decir,2
2014-06-06T16:47:39Z,"Después de Brasil 2014 USA , va  a cuidar mas  a sus leyendas porque Donovan aunque sea  para despedirse debió ir si no miren  a Uruguay que lleva  a Forlán, porque hay un respeto, eso no se hace  a un referente que IDIOTA eres Klisnmann. ",1
2014-06-01T19:23:18Z,"Que carajos estaba pasando por la cabeza de Jurgen Klinsmann en el momento que decidió dejar por fuera a un jugador  como Donovan? que rabia, que sorpresa desagradable, que tristeza. si él es el mejor de todos los jugadores de Estados Unidos.  Gran sujeto, gran ser humano, gran jugador. en cuanto a Klinsmann no se que pensar... ",6
2014-05-27T21:35:39Z,"De lo mas espantoso que te destruyan las ilusiones PERO....   Donovan es un campeón y eso nadie .... NADIE se lo quita.  Estas en el nivel de Messi y otros como goleador mundialista....  Por Dios!!!  Si este pais no te agradece lo que has hecho por el fútbol, habemos quienes si lo hacemos y agradecemos de corazón!",4
2014-04-09T12:45:57Z,"P'tit clin d'oeil...
Jacques Villeret est(été) Tourangeaux, dans ""le dîner de con"" il dit ""allez Auxerre""",0
2014-04-08T16:24:33Z,"Aller Auxerre
          ",0
2014-04-06T08:51:18Z,"Allez tours
",3
2014-03-30T07:47:52Z,Je me pose toujours cette question : Pourquoi à 0:28 il envoie le ballon en touche dans la zone Troyenne ? C'est pas le 1er match où je vois ça.,1
2014-03-30T01:17:41Z,On a foutu le bordel a Auxerre hahaha Allez Troyes ! ,1
2014-03-29T23:44:57Z,ALLEZ TROYES!!!,1
2014-04-25T20:30:05Z,fan un jour fan toujours allez caen,1
2014-04-23T13:24:06Z,allez malherbe en route vers la L1,0
2014-04-21T19:45:44Z,Caen Caen Caen En Ligue 1,1
2014-04-20T19:18:06Z,"Tricheur un jour, tricheur toujours. Caen ",0
2014-02-02T17:41:44Z,Allez Châteauroux !!!!!!!!,0
2013-12-19T12:05:50Z,"qualification acquise dans la douleur. le but = un coup du sort

néanmoins, bravo a Auxerre qui a fait un bon match, (du moins meilleur que les nantais) et qui meritait de passer",1
2013-12-19T09:34:16Z,Pourquoi ne voit-t-on pas le but refusé de Fernando Aristeguieta ? Alors oui il est hors-jeu mais on pourrait tout de même le voir car il est magnifique.,1
