publish_date,title,view_count
2013-09-17T15:41:14Z,Yacoub Meité (highlights),837
2013-12-14T11:27:34Z,Yacoub Meité 2 (highlights),384
2014-02-17T13:28:33Z,Yancoub Meité vs Montpellier (MHSC),445
2013-12-01T23:00:01Z,Valenciennes FC - LOSC Lille (0-1) - 30/11/13 -  (VAFC - LOSC) - Highlights,3390
2013-08-25T23:57:32Z,LOSC Lille - AS Saint-Etienne (1-0) - Highlights (LOSC - ASSE) - 2013/2014,7410
2013-08-13T14:49:06Z,&quot;J&#39;ai beaucoup d&#39;ambitions&quot;,1671
2013-09-26T22:00:01Z,LOSC Lille - Evian TG FC (3-0) - Highlights (LOSC - ETG) - 2013/2014,2513
2013-11-10T23:00:00Z,EA Guingamp - LOSC Lille (0-0) - Highlights (EAG - LOSC) - 2013/2014,1227
2013-12-01T23:00:01Z,Valenciennes FC - LOSC Lille (0-1) - 30/11/13 - (VAFC - LOSC) - Résumé,10736
2013-08-25T22:00:18Z,LOSC Lille - AS Saint-Etienne (1-0) - Le résumé (LOSC - ASSE) - 2013/2014,19135
2013-09-26T22:00:04Z,LOSC Lille - Evian TG FC (3-0) - Le résumé (LOSC - ETG) - 2013/2014,27415
2013-09-25T10:37:35Z,Il Sassuolo torna in albergo dopo la rifinitura...,6732
2013-11-10T23:00:01Z,EA Guingamp - LOSC Lille (0-0) - Le résumé (EAG - LOSC) - 2013/2014,8264
