publish_date,title,view_count
2013-10-30T13:35:00Z,DONOVAN LEON FRANCE BLEU AUXERRE,1300
2014-01-24T12:58:22Z,Landon Donovan Make Pee in Training !,46719
2013-08-04T06:36:28Z,Landon Donovan greets Everton players in LA,48157
2013-10-21T05:30:28Z,Landon Donovan vs San Jose Earthquakes - From the Locker Room,786
2013-08-12T02:15:47Z,GOAL: Landon Donovan finishes off his hat-trick | FC Dallas vs. LA Galaxy,1634
2013-10-04T13:29:23Z,"The Best Goals from Landon Donovan | 13 Years, 13 Goals",86715
2014-03-04T22:17:37Z,Landon Donovan | TRAINING UPDATE,722
2014-01-26T12:13:46Z,Donovan Overhead kick,88
2014-05-26T01:08:08Z,GOAL: Leonardo heads in a nice feed from Landon Donovan | LA Galaxy vs. Philadelphia Union,7858
2014-01-28T11:00:02Z,AJ Auxerre - RC Lens (1-2) - 27/01/14 - (AJA-RCL) -Résumé,14174
2014-04-08T08:49:12Z,2002 Gol de Donovan Mexico - Estados Unidos,21260
2013-12-22T22:12:56Z,LA Galaxy Goal of the Year | Landon Donovan,1633
2014-05-23T07:05:51Z,Donovan left out of USA squad,116
2013-08-26T07:45:32Z,Golazo de Landon Donovan - 2013,289
2013-12-24T00:13:18Z,LA Galaxy Goal of the Year | Landon Donovan,1518
2014-02-22T23:00:00Z,AJ Auxerre - Angers SCO (1-2) - 21/02/14 - (AJA-SCO) - Résumé,12974
2014-06-09T03:35:46Z,Landon Donovan vs Chivas USA | POSTGAME,407
2014-06-18T06:19:27Z,Brasil 2014: Skip Work. Watch the World Cup - Landon Donovan,166
2013-12-03T11:00:01Z,FC Metz - AJ Auxerre (3-0) - 02/12/13 - (FCM - AJA) - Résumé,14444
2013-09-01T03:32:31Z,GOAL: Landon Donovan out runs the SJ defense to open the scoresheet | LA Galaxy vs SJ Earthquakes,2603
2014-02-06T06:46:36Z,Landon Donovan 58 Assists,9983
2013-08-08T05:01:19Z,Stade Brestois 29 - AJ Auxerre (1-4) - Le résumé (SB29 - AJA) - 2013/2014,9671
2013-09-11T01:48:00Z,Landon Donovan Goal,43
2014-02-08T23:00:02Z,AJ Auxerre - FC Istres (1-0) - 07/02/14 - (AJA-FCIOP) -Résumé,2642
2013-09-01T06:13:44Z,Landon Donovan vs San Jose Earthquakes - From the Locker Room,715
2014-07-05T17:31:43Z,Landon Donovan skills tribute | Soldiers by Macklemore,356
2013-08-28T05:00:11Z,SM Caen - AJ Auxerre (0-3) - Le résumé (SMC - AJA) - 2013/2014,16240
2014-04-21T22:50:20Z,Luis Franco (León) - Historic Goal Vs. Tigres,1356
2013-08-12T01:17:36Z,GOAL: Landon Donovan pops it over Seitz and pokes it home | FC Dallas vs. LA Galaxy,513
2013-09-11T01:45:57Z,USA vs Mexico 2:0 Donovan L. Goal [09/11/2013],575
2014-03-22T23:00:01Z,US Créteil - AJ Auxerre (0-2) - 21/03/14 - (USCL-AJA) - Résumé,3919
2013-12-14T23:00:01Z,AJ Auxerre - Chamois Niortais (2-0) - 13/12/13 - (AJA - NIORT) - Résumé,4743
2013-09-14T04:00:32Z,Landon Donovan goal vs Mexico 2013,161
2014-03-12T23:28:03Z,Debut de Dennis Flores con el Club León en la Liga Bancomer MX,8741
2014-01-11T23:00:01Z,AJ Auxerre - AC Arles Avignon (1-1) - 10/01/14 - (AJA-ACA) -Résumé,2621
2014-02-05T01:23:04Z,Landon Donovan talks with the press after the US victory over Korea,213
2013-12-21T23:00:01Z,Havre AC - AJ Auxerre (2-0) - 20/12/13 - (HAC - AJA) - Résumé,7802
2014-03-08T23:16:39Z,AJ Auxerre - Dijon FCO (2-2) - 07/03/14 - (AJA-DFCO) - Résumé,5848
2014-07-07T22:24:53Z,Invitación / León vs. América,1982
2014-04-12T22:00:01Z,AJ Auxerre - Clermont Foot (0-2) - 11/04/14 - (AJA-CF63) - Résumé,3013
2014-02-15T23:00:01Z,Stade Brestois 29 - AJ Auxerre (1-0) - 15/02/14 - (SB29-AJA) - Résumé,4256
2014-05-29T21:13:18Z,Landon Donovan no aceptó no ser convocado al Mundial,63
2013-12-12T22:06:31Z,Hartlepool United 4-1 Carlisle United - 23rd February 2010,1400
2014-05-25T01:21:04Z,"Landon Donovan: &quot;Duele mucho, merezco estar en Brasil&quot; | Deportes Telemundo | NBC Deportes",4322
2014-04-05T22:00:01Z,Tours FC - AJ Auxerre (2-2) - 04/04/14 - (TOURS-AJA) - Résumé,4303
2014-03-29T23:00:01Z,AJ Auxerre - ESTAC Troyes (0-0) - 28/03/14 - (AJA-ESTAC) - Résumé,2339
2014-01-18T23:00:03Z,Nîmes Olympique - AJ Auxerre (2-2) - 17/01/14 - (NIMES-AJA) -Résumé,3066
2014-04-19T22:00:02Z,SM Caen - AJ Auxerre (1-0) - 19/04/14 - (SMC-AJA) - Résumé,8350
2014-02-01T23:00:02Z,Châteauroux - AJ Auxerre (2-0) - 31/01/14 - (LBC-AJA) -Résumé,3245
2013-12-19T06:00:00Z,FC Nantes - AJ Auxerre (1-0) - 17/12/13 (1/8 de finale) - (FCN - AJA) - Résumé,10148
