published-time,comment,likes
2013-12-03T01:58:15Z,he should be rated as one to ten goalkeeper in the world for now ,0
2013-12-03T01:57:12Z,"enyama,s time ",0
2013-12-02T12:17:43Z,"The opposite goalie even tried to increase the number of bodies upfront. But in the end, he new he had to congratulate Enyeama and go home. I'm not even interested in wiping off Sirigu's record...but the record set in 1992/'93 season by a certain Bordeaux goalie. Viva Enyeama.",1
2013-12-02T12:10:58Z,"Enyeama, African number one.",1
2013-09-26T22:03:57Z,Last ,0
2013-08-29T12:30:24Z,c vrai ya faute: ms on vs a priver d europa league merci Mr turpin !,1
2013-08-26T17:23:07Z,"ya faute 
",1
2013-08-26T15:25:43Z,"Un belle arbitrage de merde ! Allez sainté <3
",1
2013-08-26T14:32:03Z,bah il doivent changer c'est quand meme la chaine officiel de la ligue 1,1
2013-08-26T13:54:39Z,Pour moi y'a passage en force perso :),1
2013-08-26T10:51:19Z,oui...,1
2013-08-26T10:50:49Z,En tout cas c'est sûrement pas un 4-4-2,1
2013-08-26T10:50:17Z,Milieu offensif......,1
2013-08-26T10:49:57Z,Te revoilà toi ??,1
2013-08-26T09:30:10Z,l'essentiel est assuré en plus contre saint étienne je pensais qu'il y'aller avoir match nul mais bon bravo d'avoir tenu le score jusqu'a la fin+bien joué le losc,1
2013-08-26T09:25:06Z,erreur a 0:12 lorsqu'il montre la compo du losc basa est defenseur central et mavuba milieu défensif inversement de poste,2
2013-08-26T06:49:42Z,"Bah à partir du moment où ils sont 4 à se mettre dessus, et 2 à lui faucher la jambe, depuis ce moment là il y a faute ! x)",1
2013-08-26T06:08:30Z,Asse,2
2013-08-26T03:21:02Z,loooooooooooooooooooooooooooooooooooossssssssssssssssssssssssccccccccccccccccccccccccccccccc,0
2013-08-26T02:07:18Z,Un 4-3-3 sans ailier ?,1
2013-08-25T23:34:22Z,Depuis quand y'a faute nawak cet arbitre acheter,2
2013-08-25T23:01:18Z,martin n'est pas un attaquant ..,1
2013-08-25T22:17:22Z,4-4-2 ? ça ressemble plutôt à un 4-3-3 ....,1
2013-08-25T22:12:43Z,Aller le losc !!,1
2013-08-25T22:06:30Z,First,1
2013-12-08T13:53:45Z,moi je vois lille gagnée la coupe de ligue 1 (d'un supporter nanceins),0
2013-10-26T10:17:59Z,L'Illinois,0
2013-10-06T12:48:24Z,Oui on a vu ça !,0
2013-09-29T09:15:33Z,c'est bon ca lille,0
2013-09-27T23:15:05Z,"La voix du commentateur, on dirait Jean-Pierre Pernaut dans les Guignols !",0
2013-09-27T18:03:22Z,LOOOOOOOOOOOOOOOOOL,0
2013-09-27T16:58:16Z,"Les échanges de maillots se font à la mi-temps maintenant?
",1
2013-09-27T15:34:46Z,"Equipe ennuyante ? On a eu la meilleure attaque, on a perdu plus de 10 joueurs titulaires en l'espace de 2 ans. 3 buts offerts ? Ouvre tes yeux... Si tu veux du match de bonne qualité, sur notre défaite contre nice t'es servis. C' est ton commentaire qui est ennuyeux...",0
2013-09-27T11:06:54Z,lyonnais vs allez pleurer samedi les dogues vont sodomiser de la lyonne  [iminent=NvPbocgUWfOB] ,0
2013-09-27T09:45:05Z,sera aranger mdr ta cru sa existais sa pff ,0
2013-09-26T23:34:54Z,"On verra ça, je dirais plutôt que les Dogues vont monter les lionnes héhé ;)",0
2013-09-25T23:45:42Z,Ultras che si fanno valere anche su youtube...FORZA SASSUOLO e FORZA MESSINA,0
2013-09-25T23:19:07Z,"1-1,tie'!",0
2013-09-25T18:26:55Z,ahahahahahah   8 - 0 uagliu sfunnam tutt quant! sassuol e merd! affamok!,0
2013-09-25T15:27:25Z,Tu sei solo uno stupido allocco!!!!!! Ma hai ragione u.u,0
2013-09-25T15:20:35Z,"Dai, ma che cazzimma...quelli già staranno depressi: così li vogliamo far proprio suicidare! :D",0
2013-09-25T14:52:54Z,"Ragazzi vi prego! Non facciamoli arrabbiare, questi cacciano al scienzaaaaa!! :(((
",0
2013-09-25T14:45:35Z,Otee e zerrrrr!!!  xD,0
2013-11-12T17:41:46Z,"Un bon point pour le LOSC vu les absents ;-)
",0
2013-11-11T22:40:15Z,Guingamp,0
2013-11-11T09:50:14Z,"Vous supportez une équipe de Ligue 1 ? Votez pour elle dans le sondage ""Quel club préféré vous en Ligue 1 ?"" . Gratuit et sans abonnement : http://www.pixule.com/sondages/sport/foot/215780772662_quel-club-prefere-vous-en-ligue-1.html",0
2013-11-10T23:52:39Z,Les guingampais ont réparés leur pelouse avec smecta ou bien?,0
