publish_date,title,view_count
2013-10-13T18:04:29Z,Lenny Pidgeley Post Match v Rochdale (A) 12/10/13,685
2014-03-01T23:00:01Z,SM Caen - Clermont Foot (2-1) - 28/02/14 - (SMC-CF63) - Résumé,7669
2014-05-05T20:43:47Z,Brest 0-1 Caen avec VFM,638
2014-05-07T19:14:37Z,Stade Brestois 29 - SM Caen (0-1) - 05/05/14 - (SB29-SMC) - Résumé,3786
2014-04-05T22:00:01Z,SM Caen - RC Lens (1-0) - 05/04/14 - (SMC-RCL) - Résumé,18084
2014-04-19T22:00:02Z,SM Caen - AJ Auxerre (1-0) - 19/04/14 - (SMC-AJA) - Résumé,8350
2014-02-15T23:00:02Z,SM Caen - AC Arles Avignon (1-0) - 14/02/14 - (SMC-ACA) - Résumé,2633
2014-05-03T22:00:01Z,SM Caen - CA Bastia (6-1) - Résumé - 02/05/14 - (SMC-CAB),52172
2014-05-17T22:00:00Z,Dijon FCO - SM Caen (2-2) - Résumé - 16/05/14 - (DFCO-SMC),6145
2014-04-29T10:00:01Z,Angers SCO - SM Caen (1-2) - 28/04/14 - (SCO-SMC) - Résumé,17344
2014-03-22T23:00:00Z,SM Caen - Châteauroux (1-1) - 21/03/14 - (SMC-LBC) - Résumé,21334
2013-10-14T12:57:58Z,Rochdale v Newport 12.10.13: Matty Lund Strike,756
2014-02-22T23:00:01Z,Chamois Niortais - SM Caen (0-0) - 21/02/14 - (NIORT-SMC) - Résumé,1669
2014-04-12T22:00:01Z,FC Istres - SM Caen (2-3) - 11/04/14 - (FCIOP-SMC) - Résumé,5721
2014-05-10T22:00:02Z,SM Caen - Tours FC (1-3) - Résumé - 09/05/14 - (SMC-TOURS),17613
2014-03-08T23:16:16Z,Havre AC - SM Caen (1-1) - 07/03/14 - (HAC-SMC) - Résumé,10773
2014-03-29T23:00:01Z,AS Nancy-Lorraine - SM Caen (1-1) - 28/03/14 - (ASNL-SMC) - Résumé,6255
2014-05-07T18:13:44Z,Conférence de presse Stade Brestois 29 - SM Caen (0-1) - 2013/2014,601
2014-05-09T09:59:49Z,Point presse avant Caen - Tours,99
2014-03-30T16:42:04Z,Stade rennais - Bastia : coup de sifflet final,328
2013-08-13T16:04:05Z,[LIGUE 1] Stade Rennais FC / Stade De Reims - 10/08/2013,43
2013-10-27T23:00:02Z,But Benjamin ANDRE (41&#39;) - EA Guingamp - AC Ajaccio (2-1 - 2013/2014,1207
2013-12-22T23:24:02Z,OGC Nice - Evian TG FC (3-1) - 21/12/13 -  (OGCN - ETG) - Highlights,1939
2014-01-26T23:00:01Z,But Benjamin ANDRE (8&#39;) - AC Ajaccio-FC Sochaux-Montbéliard (1-1) - 25/01/14 - (ACA-FCSM),393
2013-10-09T13:42:48Z,LUIGI SCAGLIA - CONF. STAMPA 09.10.13,186
