publish_date,title,view_count
2014-06-25T19:19:26Z,Hugo Rodríguez sigue con los Tuzos,209
2014-05-08T03:59:14Z,Pachuca vs Santos 2-0 Gol Hugo Rodriguez Semifinales Ida 2014,214
2014-06-11T03:15:54Z,¡No sería sorpresa que Atlético Atizapán sea campeón...!,4973
2013-12-21T00:37:43Z,Entrenamiento Pachuca 20-12-2013 Hugo Rodríguez,764
2013-09-02T10:59:22Z,Sergio Francisco sobre Hugo Rodriguez,260
2014-01-08T04:20:58Z,Entrenamiento Pachuca 07-01-2014 Hugo Rodríguez,432
2014-01-11T23:00:01Z,AJ Auxerre - AC Arles Avignon (1-1) - 10/01/14 - (AJA-ACA) -Résumé,2621
2014-01-18T23:00:04Z,AC Arles Avignon - ESTAC Troyes (3-0) - 18/01/14 - (ACA-ESTAC) -Résumé,3463
2014-05-10T22:00:01Z,AC Arles Avignon - AJ Auxerre (0-2) - Résumé - 09/05/14 - (ACA-AJA),3779
2014-05-21T02:38:30Z,The Dream Team! - The top 11 players from Liga MX Torneo Clausura 2014,12944
2014-02-10T01:19:44Z,Golazo de Emiliano Rodriguez de Altamira FC,385
2013-11-10T22:20:32Z,AC Arles Avignon - Stade Brestois 29 (1-0) - Le résumé (ACA - SB29) - 2013/2014,2787
2014-07-11T05:26:39Z,Pachuca vs Santos de Guápiles 1-0 Torneo Cuna del Futbol Mexicano 2014 [10/07/14],1663
2014-04-26T22:00:01Z,CA Bastia - AC Arles Avignon (2-2) - 25/04/14 - (CAB-ACA) - Résumé,3024
2013-10-26T22:00:02Z,AC Arles Avignon - Dijon FCO (0-0) - Le résumé (ACA - DFCO) - 2013/2014,1510
2013-09-14T22:00:05Z,AC Arles Avignon - SM Caen (3-2) - Le résumé (ACA - SMC) - 2013/2014,7066
2013-08-24T22:00:11Z,AC Arles Avignon - Clermont Foot (1-0) - Le résumé (ACA - CF63) - 2013/2014,3909
2013-11-30T23:00:01Z,AC Arles Avignon - CA Bastia (0-0) - 29/11/13 - (ACA - CAB) - Résumé,1752
2014-02-01T23:00:01Z,Clermont Foot - AC Arles Avignon (1-1) - 31/01/14 - (CF63-ACA) -Résumé,2226
2013-09-21T22:00:06Z,Nîmes Olympique - AC Arles Avignon (1-2) - Le résumé (NIMES - ACA) - 2013/2014,3093
2014-05-03T22:00:01Z,AC Arles Avignon - US Créteil (2-1) - 02/05/14 - (ACA-USCL) - Résumé,3442
2014-02-08T23:00:02Z,AC Arles Avignon - Chamois Niortais (0-0) - 07/02/14 - (ACA-NIORT) -Résumé,1622
2014-02-15T23:00:02Z,SM Caen - AC Arles Avignon (1-0) - 14/02/14 - (SMC-ACA) - Résumé,2633
2014-01-25T23:00:01Z,AC Arles Avignon - FC Metz (1-0) - 24/01/14 - (ACA-FCM) -Résumé,4584
2014-02-22T23:00:01Z,AC Arles Avignon - Nîmes Olympique (1-1) - 21/02/14 - (ACA-NIMES) - Résumé,2455
2014-03-22T23:00:01Z,AC Arles Avignon - FC Istres (2-2) - 21/03/14 - (ACA-FCIOP) - Résumé,2807
2013-08-17T22:00:11Z,FC Metz - AC Arles Avignon (1-0) - Le résumé (FCM - ACA) - 2013/2014,6599
2013-10-19T22:00:00Z,FC Istres - AC Arles Avignon (1-0) - Le résumé (FCIOP - ACA) - 2013/2014,1870
2013-09-21T00:59:58Z,Gol de Rodríguez. Racing 0 - Newell´s 1. Fecha 8. Torneo Inicial 2013. Fútbol Para Todos,277717
2014-05-17T22:00:01Z,Havre AC - AC Arles Avignon (2-1) - Résumé - 16/05/14 - (HAC-ACA),4532
2014-03-18T11:00:03Z,RC Lens - AC Arles Avignon (3-0) - 17/03/14 - (RCL-ACA) - Résumé,33685
2013-10-08T10:00:00Z,AC Arles Avignon - RC Lens (1-1) - Le résumé (ACA - RCL) - 2013/2014,8564
2013-12-14T23:00:01Z,US Créteil - AC Arles Avignon (1-1) - 13/12/13 - (USCL - ACA) - Résumé,1843
2014-04-12T22:00:01Z,Stade Brestois 29 - AC Arles Avignon (2-0) - 11/04/14 - (SB29-ACA) - Résumé,3957
2014-06-12T13:38:00Z,"¡Atlético Atizapán, Rey de la Liga de Fut7...!",14398
2013-08-31T22:00:10Z,Chamois Niortais - AC Arles Avignon (1-0) - Le résumé (NIORT - ACA) - 2013/2014,2682
2014-04-21T20:58:55Z,Pachuca 1-2 Puebla - Torneo Clausura 2014 - Round 16,264
2014-07-05T19:24:37Z,CHILLING MOMENT! Giant Bug lands on James Rodriguez after scoring the penalty (04/07/2014),37702
2013-12-21T23:00:01Z,AC Arles Avignon - Tours FC (1-0) - 21/12/13 - (ACA - TOURS) - Résumé,2922
2014-04-05T22:00:01Z,AC Arles Avignon - Angers SCO (3-0) - 04/04/14 - (ACA-SCO) - Résumé,5239
2014-04-26T16:56:36Z,Conférence de presse CA Bastia - AC Arles Avignon (2-2) - 2013/2014,210
2013-12-15T23:30:23Z,Maxi Rodríguez lo tuvo para ganar. Newell&#39;s - Lanús. Fecha 19. Torneo Inicial 2013. FPT,3799
2013-12-06T23:18:28Z,Peñarol x Flamengo - Libertadores 1982,14430
2013-12-15T00:42:01Z,Velez 1 Huracan 0 (Relato Victor Hugo) Clausura 2009 Velez Campeon,13981
2014-05-07T22:00:02Z,Tours FC - AC Arles Avignon (2-2) - 06/05/14 - (TOURS-ACA) - Résumé,6892
2013-09-28T22:00:01Z,AS Nancy-Lorraine - AC Arles Avignon (0-0) - Le résumé (ASNL - ACA) - 2013/2014,1778
2014-06-30T15:32:50Z,James Rodriguez Colombia Goal vs Uruguay on Colombian Station Caracol -,362691
2014-03-08T23:16:54Z,AC Arles Avignon - AS Nancy-Lorraine (1-2) - 07/03/14 - (ACA-ASNL) - Résumé,4003
2014-06-05T14:14:27Z,TODOS LOS GOLES DE IBARRA EN BOCA,75553
2013-08-19T01:37:21Z,Golazo de Cebolla Rodríguez (1-3) en el Sevilla FC - Atlético de Madrid - HD,63746
