published-time,comment,likes
2013-11-11T23:07:53Z,J avoue,0
2013-11-11T23:04:30Z,C'est moi ou on entend un porno dans la chambre en bruit de fond ?,0
2013-11-11T22:35:52Z,Les jeunes pepites du football français!,0
2013-09-26T19:33:48Z,Allez Auxerre !!,0
2013-09-26T15:06:09Z,je suis auxerrois mais la franchement y joue comme des merdes ,0
2013-10-19T22:10:15Z,On aurait du le gagner 100 fois ce match :'(,0
2014-02-09T23:20:36Z,ALLER AUXERRE !!!€,0
2014-02-09T13:52:22Z,Bravo l'Aja allez !,0
2013-12-14T08:27:03Z,"Super, mais des commentaires serait encore mieux !",0
2013-12-08T00:31:28Z,1 occasion d en le match et il joue la pleureuse belle mentalité casoni tu ira loin,0
2013-12-08T00:29:30Z,Mentalité honteuse de casoni en conf de presse quel rageux celui ci mentalité de sudiste sa fait mal de s'en prendre 3 apprend au moi a être digne idiot va,0
2013-12-06T20:28:17Z,Toute la Lorraine est grenat !! Vive Le FC Metz ! <3,0
2013-12-05T17:00:44Z,on est les meilleurs allez metz,0
2013-12-04T09:46:26Z,"Moi ce que j'adore a Metz, ce sont les musiques avant le match :)))",0
2013-12-03T16:47:29Z,7 victoires d'affilés <3,0
2013-12-03T16:44:51Z,Allez METZ <3 ,2
2013-12-03T16:15:16Z,#Ligue2 - Retrour en vidéo sur le match de clôture de la 16e journée !,3
2013-12-03T15:36:42Z,metz pouf ,0
2013-08-16T15:43:40Z,Aller Auxerre,0
2013-08-16T10:13:50Z,La déf centrale de Brest O_O,0
2013-08-10T18:34:45Z,Dommage qu'il n'y ait pas de commentaires comme sur la chaîne de la Ligue1.,0
2013-08-09T16:36:13Z,"Le seul truc rassurant c'est que Hartock, le gardien que tu critiques (à raison d'ailleurs) ne devrait pas jouer un seul match de championnat sauf blessure de Thébaux.
C'est aussi vrai que la défense ça craint --'",0
2013-08-09T13:20:45Z,"Le gardien a était vraiment nul aussi 
",0
2013-08-09T12:13:50Z,Aja ♥,0
2013-08-09T00:48:26Z,"la désolé mais la défense de ton équipe sont des passoires sans parlé du gardien .... Si il joue comme sa cette saison il peuvent dire adieu la ligue 1 et bonjour la national en tout cas j’espère pas , on peut pas juger une équipe sur un match mais sa fait peur 0_0 ils encaissent 4 but a domicile dans la plupart des erreur défensif ",0
2013-08-08T21:41:25Z,SA BUG A MORT,0
2013-08-08T20:34:05Z,Ça va être dur cette saison pour Brest. C'est un groupe assez jeune... ,0
2013-08-08T09:52:14Z,aller l'AJA,0
2013-11-27T17:28:40Z,On peut avoir un commentateur svp ??,0
2013-11-27T07:31:04Z,"Menés, ils finissent pas l'emporter 3-2 c'est beau le foot :)",2
2013-11-26T20:09:53Z,Frédo a la Rabine comme au bon vieux temps ! Mais là c est lui qui met un doublé je ne sais pas pourquoi on ne le voit pas dans la description,0
2013-11-26T16:18:55Z,"Sammaritano, si tu pouvais revenir à La Rabine un de ces 4, ça ferait pas de mal ! ^^",0
2013-11-26T13:29:27Z,Le carton rouge n'est même pas mériter il fait un bon tacle glisser,2
2013-11-26T12:52:15Z,"Svp, c'est quoi la musique à 2:56 ?? Merci d'avance et vive l'AJA!!",0
2013-11-26T12:14:11Z,Le bruit du tibia d'Olivier lors du choc :S,0
2013-08-26T14:11:25Z,"enfin la première victoire de l'AJA, la saison est lancé",0
2013-08-25T10:19:59Z,"ALLEZ AUXERRE ! On retrouve bientôt la L1, j'espère ;-)",0
2013-08-25T09:40:07Z,"Problème de son entre le générique de début et les commentaires, merci d'égaliser le son (c'est très relou)",0
2013-10-27T23:29:00Z,Rageuse auxerroise ici presente,2
2013-10-27T19:34:47Z,"2 buts cadeau .Merci a l'arbitre qui a avantage le match a Troyes, qui voit meme pas avant le 1 er but que la balle sort,HONTEUX",2
2013-10-27T16:54:21Z,ct un tres beau match mais allez l'estac,2
2013-10-27T12:07:44Z,"J'en ai mal a mon AJA mais chapeau les gars. On est mal barrés encore.
M'enfin Troyes ne méritait pas de descendre la saison dernière, ça jouait au ballon nickel, bien mieux que certaines équipes de Ligue 1 de cette saison.

ALLEZ L'AJA !!",2
2013-10-27T00:14:34Z,"Allez l'estac, le lâchez rien les gars !",3
2013-08-13T12:37:54Z,Aller Nîmes !!,0
2013-08-11T14:24:06Z,"NÎMES <3
",0
2013-08-10T22:09:49Z,allez l ajaaaaaaaa,0
2014-03-18T17:58:45Z,"allez le stade, (un supporter Parisien)",2
2014-03-17T11:02:42Z,Go Tangos !!!!!!! maintien en L2 !!! ( un supporter Lyonnais ),2
2014-03-16T12:33:56Z,triste pour auxerre :( ça fait mal au coeur de les voir comme ça...,1
2014-03-16T09:14:46Z,ALLEZ LAVAL,2
2014-03-16T00:11:09Z,Bien joué la SL,2
2013-10-06T12:39:10Z,Superbe match du gardien lavallois,0
2013-10-06T07:17:31Z,Bravo aux Auxerrois !,0
2014-03-09T22:11:41Z,"Bien joué gastien, c la première fois que je vois un doublé csc. Il faut se ressaisir si on veut monter dijon",0
2014-03-09T17:02:11Z,des barres de rire le commentateur ,2
2014-03-09T12:47:06Z,"Le premier but contre son camp est pour moi de la faute de Diallo, faut prendre des décision des fois c'est bien de vouloir relancer dans les pieds mais quand ta surface est pleine de joueurs adverses au pressing, tu balance une balle devant et tu fais sortir tous le monde, surtout qu'après Gastien n'a pas de solution et je trouve que Perraud est vraiment NUL par rapport a Lecomte qui nous fait une 'putain' de saison !",0
2014-03-09T10:23:03Z,"Faudrait revoir ses fiches, lecomte est sorti et florent perraud est rentré et c'est lui qui encaisse les deux buts ...
On s'est encore fait voler a l'exterieur, la ligue 1 s'éloigne",1
2014-03-09T09:49:19Z,La Bourgogne est Bleue et Blanche!,4
2014-03-09T00:34:10Z,Beau doublé de Gastien,1
2014-05-07T13:48:29Z,Angers vous etes pourris vous etes pourris,0
2013-11-11T10:49:42Z,"Supporters Lensois, votez ici pour votre joueur Lensois préféré :D
http://www.pixule.com/215995195520_quel-est-votre-joueur-prefere-lens.html",0
2013-10-22T10:14:37Z,Le poteau de Aréola oui !!! ;),0
2013-08-25T02:54:34Z,LENS FANS ! <3,0
2013-08-24T06:29:32Z,"Supporter de l'OM , mon second club préféré est le RC LENS !
Deux club aux ambiances chaudes , deux clubs qui ont une âme !
ALLEZ les sang et or !",2
2013-08-22T14:58:47Z,"Après la 3ème journée et son match à domicile face à l'AJ Auxerre, le RC Lens a pris la tête du Championnat de France des Tribunes de  #ligue2  ! http://bit.ly/uwv2CL",3
2013-08-22T03:25:38Z,Merci ami Nantais ! ,0
2013-08-20T19:39:41Z,"Le public lensois m'a toujours fait rêver, et me fera toujours rêver en voyant ces images ! L'an dernier était galère pour vous, vous étiez là, et cette année vous l'êtes encore, en étant toujours plus nombreux ! Franchement respect, on espere vous revoir très vite en L1, votre place n'est pas la L2 ! Un supporter strasbourgeois",0
2013-08-19T12:35:28Z,J'y été aussi et l'ambiance OMG,0
2013-08-19T08:24:04Z,"enorme le rclens
",0
2013-08-18T14:08:14Z,Entièrement d'accord avec toi ! Le n°7 auxerrois nous a fait très mal et heureusement que la chance était de notre côté ;-) Supp lensois,0
2013-08-18T14:07:34Z,"J'ai été voir le match, une ambiance de folie, des buts et une grande équipe! La ola qui a fait le tour du stade, la chenille, les chants...Comme d'habitude exceptionnel!  Moi qui était placé en Lepagnot, une très belle vue pour suivre le match :) En tout cas merci à l'équipe pour ce très grand match!",0
2013-08-18T12:47:18Z,"L'après match sur ma chaîne, les joueurs viennent remercier les 4 tribunes. Le pic de l'après midi à Bollaert aura été cette ola qui a fait 6 tours de stade sans s'arrêter x') ",1
2013-08-18T10:47:27Z,"Allez Lens ! On se retrouve en ligue 1 l'année prochaine ! ;)
Un supporter Nantais :D",0
2013-08-18T10:45:30Z,"Sur la tête de Le Moigne, Ljuboja est derrière le défenseur auxerrois donc pas hors-jeu.",0
2013-08-18T09:05:27Z,"Areola très bon, malheureusement :/ 4-1 très sévère, 2 poteaux pour Auxerre, Sorin pas dans un grand jour, mais Ntep toujours aussi bon, malgré la défaite ça reste encourageant pour auxerre",0
2013-08-18T09:01:09Z,"Au départ du ballon (tete de lemoigne) il est sur la meme ligne que le défenseur Auxerrois, apres le ballon et effleurer par Sorin, donc non pas de hors-jeu ",0
2013-08-18T07:40:55Z,Le but de Ljuboja est hors-jeu non ?,0
2013-08-18T05:44:04Z,Jy etais mois au stade et c'etais une enorme ambiance !! 3,0
2013-08-17T23:48:56Z,1:30   Je m'appelle sorin je suis le 4 eme Arbitre ,0
2013-08-17T22:08:32Z,"Chavarria et Areola excellent !
Par contre Ntep ça fait 2 saisons de suite qu'il nous met la misère.",0
2014-05-28T11:22:50Z,"J ador
",0
2014-01-16T17:20:41Z,Aller tours,0
2013-11-04T18:23:33Z,Allez les bleus c'est pas grave ça arrive !!,0
2013-11-03T08:20:43Z,super aller auxerre  (ma team de ligue 2 prefere),2
2013-11-03T02:58:35Z,Allez Tours Fc,0
2013-10-03T15:28:06Z,je pense que dijon est parti pour une bonne saison un bon gardien prété par lorient est 2 ou 3 joueurs intéressant offensivement,1
2013-10-03T15:26:26Z,sorin est bien meilleur que d'autres gardiens de ligue 2,0
2013-09-29T18:03:46Z,les auxerrois cest dijon le roi de la bourgogne,1
2013-09-29T09:48:39Z,"Démonstration de force de Dijon, autant dans les tribunes que sur le terrain! Allez Dijon",1
2013-09-29T09:46:21Z,Allez le dfco on continue comme ça !,0
2013-09-29T09:04:54Z,La Bourgogne est rouge. Dijon CAPITALE!,1
2013-09-29T00:20:51Z,sorin tu es qu'une dobe tu sert à rien casse toi branleur,0
2013-09-28T23:03:09Z,DIJON    DIJON    CAPITALE !!!,2
2013-08-08T09:57:04Z,kesci se passe a partir de 0:52 ?,0
2014-03-19T11:21:35Z,On peur remonter en l1,0
2014-02-20T18:30:28Z,allez brest mous sommes tous avec vous,0
2014-02-16T13:57:06Z,Allez Brest,0
2014-02-16T11:01:14Z,BIEN JOUER BREST !! ON CONTINUE COMME CA JUSQU'AU MAINTIEN !!,0
2014-02-16T10:58:34Z,allez brest,0
2013-10-28T13:33:39Z,ALLEZ METZ!,1
2013-08-11T18:53:55Z,Allez Metz xD,1
2013-08-08T08:21:38Z,"Nancy, REMONTEZ-vite !!!!",0
2013-08-05T13:34:53Z,"allez malherbe !! <3
",0
2013-08-05T09:58:47Z,Allez Nancy !!,0
2013-08-04T19:25:48Z,mais il y a eu 0-0 :),0
2013-08-04T12:21:58Z,"Nancy meritais --'
",0
2013-08-04T12:21:13Z,Allez Lens !!,1
2013-08-04T10:16:28Z,"Allez Auxerre :-)
",0
2013-08-03T23:58:49Z,Allez METZ,1
2014-07-22T22:34:44Z,o Piou einai??,1
2014-07-05T11:11:37Z,welcome to olympiakos,0
2014-07-04T00:40:18Z,song???,0
2014-06-16T08:30:44Z,WELCOME TO MARSEILLE,2
2014-05-13T15:47:02Z,will you please do Lucas Digne?,0
2014-05-12T15:37:36Z,do w.bony his from swansea in the english league,1
2014-05-12T15:36:42Z,do w.bony next please,1
2014-05-12T15:36:20Z,great vid man,0
2014-05-12T13:08:13Z,"3 Arthur Masuaku
FC Valenciennes, Ligue 1 (France)
Date of birth: 07.11.1993
Place of birth: Lille  
Age: 20
Height: 1,82
Nationality: France
Position: Defence - Left-Back
Foot: left",1
2014-05-01T11:39:45Z,qui peux m 'expliqué la banderole avec écrit friteuse dans le kop messins  et aux passages félicitation aux supporter qui on fait le déplacement on entendait que vous dans un abbé deschamps bien vide .Surtout un samedi a 14h00 pour la réception du leader :),2
2014-04-30T21:35:25Z,Sa fais mâle au cœur,0
2014-04-28T17:15:22Z,Arbitre de merde ,2
2014-04-28T10:52:46Z, #Ligue2  - 34e journée  - Revivez tous les buts des matches du week-end grâce aux résumés des rencontres ! http://bit.ly/PKsNaw,2
2014-04-27T08:33:36Z,bravo a metz qui sera en ligue 1 l'année procgaine ( de la part d'un supporter nantais),8
2014-04-27T07:41:57Z,Auxerre ca sent mauvais quand on voit qu'ils vont aller à Niort et Nancy encore...,0
2014-04-26T22:21:34Z,On est en Ligue 1 !!!!!!!!!!!!! Bravo Metz <3,4
2014-04-26T22:15:40Z,FC METZ <3,3
2014-07-20T04:39:43Z,Fine take him lyon already have a better striker his name is Lacazette,0
2014-07-20T04:39:41Z,Fine take him lyon already have a better striker his name is Lacazette,0
2014-07-11T01:20:43Z,Welcome Gomis. ,0
2014-06-29T01:08:05Z,Can I claim damages for the spasms and fits my body went through whilst watching this video? ,0
2014-06-28T15:21:26Z,"Could be another Kenwyne Jones in the prem, for Swansea's sake let's hope he isn't. ",0
2014-06-27T22:54:02Z,weloem to swansea,4
2014-06-27T22:17:37Z,Welcome to swansea,3
2014-06-27T21:57:26Z,Welcome to Swansea!,2
2014-06-27T21:16:27Z,Welcome to Swansea ,2
2014-06-26T14:50:33Z,"Welcome to the Liberty, Swansea will make you a better player.",0
2014-06-23T12:37:59Z,Welcome to swansea city!!! ,9
2014-06-23T06:57:41Z,too much effects..,9
2014-06-15T21:58:06Z,WELCOME TO FC PORTO ,0
2014-06-11T12:36:23Z,newcastle utd?,0
2014-06-10T07:42:01Z,Welcome to Newcastle United,0
2014-06-05T17:22:16Z,Welcome to qpr,0
2014-05-29T23:47:21Z,buda golcümü  laa..Burak buna 5 basar  ((:  Bu adamı alana kadar shaktar doneks'in futbolcuları boşa çıkıyo UEFA tarafından küme düşürülcekler!! şike olaylarından dolayı bildiğim kadarıyla ... Luız Adriano'yu alsınlar topçu görsünler..,0
2014-05-28T21:33:49Z,"Adam tam bir golcü, GS bunu kesin almali..",1
2014-05-28T21:19:10Z,adama kazma felan diyoruz ama attığı gollerin çoğu zor vuruşu olan goller.bilmiyorum galatasarayın forveti olabilirmi,5
2014-05-28T07:57:22Z,Welcome to Galatasaray SK. :),1
2014-05-28T07:43:49Z,inşallah hayırlı olur elde patlamaz,1
2014-05-27T07:20:08Z,Galatasaray ♥,0
2014-05-27T07:15:27Z,He looks like a little bit lazy but i dont know how he plays. Only on the Video i See it.,0
2014-05-26T03:34:20Z,وحش,0
2014-05-23T19:08:16Z,Welcome to India <3,0
2014-05-23T06:42:38Z,Gelme bize takin git bjk ye ,0
2014-05-22T23:39:34Z,WELCOME TO GALATASARAY ... uA BEĞENİN LA .,1
2014-05-22T06:29:34Z,WELCOME TO GALATASARAY <3,17
2014-05-14T09:14:43Z,welcome to besiktas,0
2014-05-10T09:33:03Z,Hopefully he will join his former club AS Saint-Etienne.,0
2014-05-09T12:49:08Z,Your team will be BESIKTAS.. with CARSI holigans..!!!,0
2014-04-30T07:26:20Z,Welcome to 1903 Beşiktaş istanbul,3
2014-04-20T14:33:04Z,Good player !!!,0
2014-04-13T04:07:40Z,Hello can you please please do Humam Taqirq he is the iraqi Messi,3
2014-04-11T10:46:36Z,"18 Bafetimbi Gomis
Olympique Lyon, Ligue 1 (France)
National players: France
Date of birth: 06.08.1985
Place of birth: La Seyne-sur-Mer  
Age: 28
Height: 1,84
Nationality: France
Position: Striker - Centre Forward
Foot: right",4
2014-07-31T20:19:46Z,Standard de liège bientot,0
2014-07-29T11:51:29Z,Come to Celtic fc young man the fans will love you big time,0
2014-07-26T13:18:52Z,Grande louis !!! Arriba ,0
2014-07-25T22:32:53Z,Only if Everton had good scouts v.v,2
2014-07-22T02:27:11Z,"make a video about filip kostic, ryo miyachi,ryder de matos, mason bennet,kerrison,alan pulido,hiram mier,and terry antonis",1
2014-07-21T20:39:53Z,can you do a video on ideye brown ,0
2014-07-21T12:37:32Z,"#25 JEFF LOUIS
AS Nancy Lorraine (Ligue 2)
Date of birth: Aug 8, 1992
Place of birth: Port-au-Prince  
Age: 21
Height: 1,78 m
Nationality: Haiti
Position: Mittelfeld - Attacking Midfield",2
2014-01-13T19:57:53Z,"Aadop

Deeztqexv e  r",0
2014-01-13T19:57:51Z,"Aadop

Deeztqexv e  r",0
2014-07-22T00:10:11Z,Get to Leeds,0
2014-07-21T07:15:06Z,Good vid ;),0
2014-07-20T20:52:06Z,Welcome to Atlético Madrid,0
2014-07-20T15:03:21Z,"يحي الشهررري 
",0
2014-07-20T13:06:01Z,Who you get your music and Video stuff,0
2014-07-20T13:05:54Z,Who you get your music and Video stuff,0
2014-07-20T11:52:10Z,damn he's good,0
2014-07-20T11:17:35Z,"#9 ANDY DELORT
Tours FC (Ligue 2)
Date of birth: Oct 9, 1991
Place of birth: Sète  
Age: 22
Height: 1,82 m
Nationality: France
Position: Striker - Centre Forward",1
2014-07-20T11:14:08Z,0 views :O,0
2014-04-25T00:40:28Z,good player almost signed for palace in january,0
2014-04-22T09:35:21Z,Bakambu <3 good video bro,0
2014-04-20T15:45:11Z,Check out Jay Emmanuel Thomas of Bristol City!,0
2014-04-20T12:10:11Z,"22 Cédric Bakambu
FC Sochaux-Montbéliard, Ligue 1 (France)
Date of birth: 11.04.1991
Place of birth: Ivry  
Age: 23
Height: 1,83
Nationality: France
Position: Striker - Centre Forward
Foot: right",1
2014-06-27T17:27:23Z,"This guy sucks so bad, I hope Milan manages to sell him",0
2014-05-30T04:01:26Z,Hakem mastor  milan,0
2014-04-10T06:47:26Z,make video to humam tarq pleas he play to iraqinational team for young ,0
2014-04-10T00:32:17Z,:O,0
2014-04-09T21:48:58Z,"9 M'Baye Niang
HSC Montpellier, Ligue 1 (France)
is on loan from AC Milan
Date of birth: 19.12.1994
Place of birth: Meulan  
Age: 19
Height: 1,84
Nationality: France
Position: Striker - Centre Forward
Foot: right",0
2013-10-10T13:38:39Z,Steffen,0
2013-08-22T14:51:18Z,"Zwart is t mooist, of wit. . Heb spierwitte adi f50",0
2014-01-20T14:11:59Z,OK,0
2014-01-19T20:55:39Z,Dat zoengeluid op het einde D:,1
2014-01-19T20:34:18Z,1:35 hondenweer dus,2
2014-01-19T20:01:13Z,kom op oom maak me trots :)!!,18
2014-01-19T19:58:36Z,succes seedorf,1
