published-time,comment,likes
2014-04-25T06:43:48Z,Interview très intéressante ! La ligue 2 c'est fait ,0
2014-05-21T10:14:53Z,Sports A La Une reçoit Amadou Dia Ba - 19 Mai 2014,0
2014-04-20T20:59:36Z,"Non mais ils se sont trompés je crois,ce match n'etais pas contre Jaraaf FC mais contre Niarry Tally FC. L'ambiance etait trop bien j'y etais.",0
2014-02-26T00:54:49Z,de très bonnes séquences de jeu....ca montre que si on investit plus dans le foot sénégalais on pourra aller plus loin inchalah...,1
2013-11-04T12:40:56Z,"Iam Jordanian Fifa agent 
plz call me at +962788114060
",0
