published-time,comment,likes
2014-05-11T13:30:15Z,Il avait plus de cheveux,0
2014-01-21T13:40:50Z,Waouh dis donc il a pris un coup de vieux Jean Mich.,0
2013-08-13T02:15:16Z,Tres bonne chaine !,0
2014-01-20T05:53:39Z,y sont ou les commentaires,0
2013-08-22T16:06:22Z,"Roh ce contre,magnifique putain!
 ",0
2013-08-19T10:59:18Z,lucky,0
2013-08-19T10:19:57Z,fun,0
2014-03-27T00:02:59Z,"1ère bêtise : Neymar n'a pas été acheté autant que Bale ! Le Barça a été chargé par la justice de révélé les détails du transfert de Neymar et il n'a pas coûté le même prix que Bâle ! Sauf si pour vous vous additionné les bonus et autre pour déterminer le prix d'un joueur ce qui ne se fait JAMAIS, Neymar a coûté 57 millions au Barça comme indiqué lors de son transfert ! 
2ème bêtise : Le salaire de Neymar n'est pas le double de celui de Valdes ! 
Franchement votre émission est bien mais il faudrait déjà vous informer avant de débattre sur n'importe quel déclaration qui sort dans la presse. ",1
