publish_date,title,view_count
2014-04-13T21:11:00Z,Football / Ligue 1 : La mauvaise opération des Verts - 13/04,159
2013-08-26T10:38:48Z,Les réactions nantaises après FC Nantes - PSG,242
2013-08-09T10:42:04Z,Aulas : Abonnez vous,8337
2013-10-27T23:00:01Z,But Yann JOUFFRE (55&#39;) - FC Lorient - FC Sochaux-Montbéliard (2-1 - 2013/2014,989
2013-08-31T06:20:32Z,Shoot Out de Lulu,154
2013-12-04T11:37:58Z,"Le PSG, nouvelle star des sponsors - 04/12",596
2014-01-19T23:00:02Z,But Yann JOUFFRE (8&#39;) - FC Lorient-EA Guingamp (2-0) - 18/01/14 - (FCL-EAG),635
2013-12-08T23:00:02Z,Goal Yann JOUFFRE (87&#39;) - FC Lorient - Stade Rennais FC (2-0) - 07/12/13 (FCL - SRFC),948
2013-10-20T22:00:01Z,Goal Yann JOUFFRE (38&#39;) - AS Saint-Etienne - FC Lorient (3-2) - 2013/2014,225
2014-04-21T09:09:46Z,After Foot / &quot;Girard est un digne descendant de la tradition française&quot; 21/04,1640
2014-04-05T17:51:11Z,Conférence de presse US Créteil - Stade Lavallois (4-0) - 2013/2014,234
2013-08-18T21:59:09Z,Magnifique but de Fabien LEMOINE (52&#39;) - AS Saint-Etienne - EA Guingamp (1-0 - 2013/2014,9255
2014-05-14T10:54:52Z,Le Journaldinho de Cazarre : Le teaser,1287
2014-03-26T23:15:43Z,After Foot / Pourquoi Neymar ne doit pas être autant payé au Barça - 26/03,8176
