published-time,comment,likes
2014-01-14T15:48:37Z,Lol,0
2014-01-23T14:12:17Z,2ième but de livio nickel...allllllllez l'aca on est bon la,2
2014-01-19T19:05:29Z,Les replay d'engagement ! Clairement Inutile 👌,1
2014-01-19T18:19:58Z,Aller les troyens c'est rien il faut se reprendre ... <3,1
2014-01-19T13:48:38Z,Lol,0
2014-01-19T09:41:26Z,C'est quoi l'intérêt de remontrer les coup d'envois ?,0
2014-05-11T07:49:16Z,C'est dégueulasse la façon dont c'est filmé!,1
2014-07-16T23:30:39Z,Any chivas,0
2014-07-14T19:07:48Z,Where's Sambueza???,0
2014-06-05T04:30:01Z,Fuck u guys!! The only dream team... thats your mom and me!!! Jajajajaja,0
2014-06-01T08:50:58Z,The guy of football mania is Brazilian?,0
2013-11-15T11:34:01Z,"C'est clair, c'est le petit-fils Thiriez qui fait les ""montages"" pour s'faire de l'argent de poche ?",0
2013-11-11T11:28:09Z,WTF LE MONTAGE DE MERDE ?,0
2013-11-11T07:20:17Z,"Sérieux mais, cette vidéo c'est pas un résumer !",0
2014-07-13T13:44:25Z,"van a subir los videos del pachuca y del leon ?
esque en el otro canal no subian nada de fox ",0
2014-05-20T20:49:56Z,Pourquoi il y a persone?,0
2014-04-27T08:35:18Z,Cab,0
2013-10-29T20:09:25Z,"Fiere de dire ""1909 supporters"" ? Honteux",0
2013-10-28T10:57:43Z,"ARLES AVIGNON!!
",0
2013-10-27T20:37:00Z,Notre Barça Dijonnais ♥,0
2013-10-27T17:59:02Z,Dijooooon !!!,0
2013-09-16T20:18:08Z,"big surprise ici 
",2
2013-09-14T23:54:27Z,ACA !!!,5
2013-09-14T22:47:51Z,Grand gardien a Caen ,1
2013-09-14T22:29:47Z,"Y a qu'avec Caen que l'on voit ça..
Début parfait, puis tout s'écroule, c'est malin, que ce soit sur le match ou sur le début de saison",2
2013-08-28T09:03:27Z,Bien joue a Arles (supporter clermontois),2
2013-08-26T08:48:14Z,Viva ACA! LKB,2
2013-08-25T16:39:55Z,Kua84 en force !,2
2013-09-23T22:57:32Z,Allez l'ACAA !!!,1
2013-09-22T17:54:03Z,SuSuuu BOSS LIVIO !,0
2014-05-04T10:47:42Z,bidon arles avignon,2
2014-05-04T10:47:22Z,bidon,1
2014-02-18T17:06:29Z,"#Ligue2 - Classement des buteurs - Auteur d’un 3e but en deux matchs contre l’AC Arles-Avignon cette saison, Mathieu Duhamel
 récupère la 2e place du classement derrière Diafra Sakho et ses 13 réalisations ! Christian Bekamenga complète le podium ! http://bit.ly/1h0UVhN",3
2014-01-26T12:03:06Z,Tacle contre tacle aucun rouge minimum jaune ^^ ,1
2014-01-26T11:06:11Z,Quel boucher le messin ^^,1
2014-01-25T23:14:16Z,Forza ACA !,5
2014-02-24T13:07:48Z,joli but nimois.,0
2014-03-25T19:50:44Z,Merci l' AJA,0
2013-08-29T21:03:31Z,Vive le Fc Metz !!,2
2013-08-19T09:41:13Z,Allez FC Metz !!!,2
2013-08-19T07:31:11Z,Cette célébration de Diafra Sakho... Épique :D,2
2013-08-18T12:45:50Z,Vive Metz !!!,2
2014-01-09T02:51:01Z,"como!!? este video tienen 69 dislike ,maxi grande!",8
2013-10-15T04:14:19Z,"Salame en los dos lados hace goles , encima no tiene tanto tiempo pavote , el viejo de sabela lo pone 5 minutos o no ves los partidos?",1
2013-09-28T00:52:04Z,"Los hace en los dos lados amargo!
",0
2013-09-27T04:09:25Z,"jaaaaaaaaaaaaaaaaaaaa MUERTO RA SIN CLUB
",0
2013-09-27T02:59:04Z,al fantasma de la B le gusta esto. ,0
2013-09-26T10:11:32Z,"no me diga', no me diga', no me diga', jajajaja patético relato para un golazo fenomenal!!! la palabra gracias te queda chica maxi gran ejemplo diste al volver al mas grande del interior, tu casa...",1
2013-09-26T06:21:37Z,Golazoooooo!!!!,1
2013-09-25T13:29:04Z,"que golaso wacho.. para sacase el sombrero
",1
2013-09-25T02:34:19Z,"57 ignorantes le dan no me gusta...... un gol de categoria, Y CON EL CORAZON!!!!!! gracias por tantas alegrias fiera....AGUANTE LA LEPRA CARAJOOOOO
",1
2013-09-25T02:15:54Z,porque la tenes adentro sina liento de la B.... ya vas a vorver de donde pertenecen..... en la fecha 12 lo atendemos!!!! despues comenta fantasma,1
2013-09-25T02:11:24Z,no todo jugador ama los colores de donde salieron.... es un sentimiento del corazon dificil de explicar para los jugadores que regresan!!!,2
2013-09-25T02:06:56Z,"te has dado cuento que no....
",1
2013-09-25T02:05:34Z,que ignorancia por favor!!!!! ,1
2013-09-24T18:24:16Z,que Buuuuu en gol,0
2013-09-24T17:54:20Z,"Jajajajajaaja!! Y vos que carajo te metés? Bobo.. Yo tengo mi opinión y vos la tuya, si no te gusta a llorar a la iglesia.",0
2013-09-24T16:53:44Z,"golazooo alo messi
;)
like si viste estó",0
2013-09-24T16:30:45Z,Creo que es la mejor respuesta futbolistica que vi en años. ,0
2013-09-24T15:26:56Z,Gol golazo,1
2013-09-24T14:15:31Z,Golazo,1
2013-09-24T07:33:31Z,"Por dios, tan lindo gol y tan mal relatado. Volvé Victor Hugo!!",1
2013-09-24T07:05:58Z,"el mejor gol de la fecha
el peor relato de la fecha",1
2013-09-24T06:18:03Z,Y no incluí los partidos internacionales con la Selección Argentina: 46 con 12 goles.,0
2013-09-24T06:13:33Z,"Tranqui...no seas extremista. ""Ñubels"" o ""Ñubel"" o ""Ñuls"" (además de su nombre correcto) es una de las tantas formas populares que están aceptadas en Rosario para hablar de dicho club.",0
2013-09-24T06:05:32Z,"El único ignorante acá parece que sos vos, además sos imbancable.10 años en la competencia europea al máximo nivel: Espanyol de Barcelona (2003-2004),Atlético de Madrid (04-09),Liverpool (09-12). 431 partidos totales con 116 goles,uno de los mediocampistas más goleadores.Además, jugó 2 mundiales y vá por un 3º. Tiene TODAVÍA EL NIVEL para seguir jugando en Europa, pero está acá. Ah, y juega todos los partidos, no la mitad de ellos. Busca entre los jugadores de tu equipo alguno que se le asemeje.",1
2013-09-24T05:54:01Z,"Exacto...pero hace muchos años ya. Dejó el fútbol argentino en 2006, estamos en 2013.",0
2013-09-24T05:02:39Z,hasta funes mori con los ligamentos cruzados rotos le hace un gol asi a rasin,0
2013-09-24T03:09:38Z,"la esta rompiendo maxi, claramente merece ir al mundial.",0
2013-09-24T02:06:10Z,entonces para ke venis a comentar y a criticar ....amigo ...maxi rodriguez ..es una excelente persona dentro y fuera de la cancha y humilde ....y me venis con riquelme??? ...tomatela.... no vengas con giladas,0
2013-09-24T01:54:38Z,"Sos un ignorante.. O sea que ahora es ""mejor jugador"" aquel que disputa más mundiales?? O sea este muerto es más jugador que Riquelme por ejemplo?? Jajajajjajajaajjaajajajajajaja!!
El mejor jugador del fútbol argentino? Jajajajajajajaajajajajajaja!!!!!!! Si es un pata dura, puro amague y enganche, siempre lo mismo hace.. No me hagas discutir de fútbol, se ve q no tenés idea.. Vos tu opinión, yo la mía..",0
2013-09-24T01:41:33Z,"Maxi genio capo, que golaso que existe, gracias por volver!!!
",0
2013-09-24T01:40:06Z,"Que golazo, como le kbio a la cacade.",0
2013-09-24T01:32:10Z,"Yo si recuerdo, el ultimo que vi hacer un gol asi en nuestro futbol se llamaba Sergio ""el kun"" Aguero.
",0
2013-09-24T01:28:01Z,Bien Maxy Rodriguez q golazo! Vos rasin te vas a la B....buuuuu,0
2013-09-24T01:02:28Z,Adónde vas Pelletieri?,0
2013-09-24T00:38:44Z,mi jugador de newels favorito,0
2013-09-24T00:27:36Z,"Como no tenemos plata para pagar la publicidad no tuvimos mas remedio q empezar hacer estos comentarios.
Entrecortados es un programa de radio online hecho x 7 estudiantes de perdismo. En 

nuestro CANAL DE YOUTUBE hay varias notas que le hemos realizados a los distintos famosos que hemos entrevistado.

UNO D nuestros VIDEOS es la entrevista que le hicimos a CLARA ALONSO

Espero que puedan disfrutar d los videos y se suscriban a nuestro canal asi nos ayudan a difundir nuestro PROGRAMA DE RADIO
",0
2013-09-24T00:10:57Z,"No soy de newells, pero newells te mereces todo todooo!!! me encanta como juega este equipo ojala ganen todo, porque se lo re merecen, y ojala q el rey david haga muchos goles. Saludos ",2
2013-09-24T00:03:05Z,Ni sabia que ahora a los conos los pintan celeste y blancos,0
2013-09-23T23:28:55Z,"uh la fiera todavia tiene para dar,seguro va al mundial",0
2013-09-23T23:08:41Z,"le sobra todavia a Maxi para jugar en argentinaa, que capo..",0
2013-09-23T22:42:19Z,"jaja, y de Cristina? que pasa, nada importante en la ONU? capaz que el massita lo hara mejor, seguro nos vende todo y bue, dediquemos el tiempo a la pedorreada del futbol.
Che, Lachorra, que decis? ya no pegas una, mientras te banquen...dale nomas",0
2013-09-23T22:07:59Z,Aaaaaaaaaaaaaaaaaay Pelletieri !!!!!!! Aaaaaaaaaaaaaaaaaaaay dios mio !!!,0
2013-09-23T21:58:02Z,"Elsa nunca ve futbol porque es hincha de la murga ¡¡¡¡

",0
2013-09-23T20:54:08Z,"Claro, va a jugar su tercer mundial, jugó en 2 grandes de Europa, es el mejor jugador del fútbol argentino pero es uno del montón...",0
2013-09-23T19:58:29Z,watch?v=gDrpMOLda4Q,0
2013-09-23T19:19:41Z,hhhhhhhhhhhhhhhhh,0
2013-09-23T19:17:16Z,Nós somos os ATUAIS CAMPEÕES DO MUNDO ,0
2013-09-23T19:15:22Z,"GENIO ! GEEEENIIIOOOOOOOO QUE PELOTASSSS !!!! 
",0
2013-09-23T17:27:22Z,"Jajajaja!! Mirá como lo marcan.. Va.. lo ""marcan"".. Se comieron esos enganches penosos.. Fué un lindo gol, pero tampoco vengamos a agrandar este loco, que es uno del montón..",0
2013-09-23T17:08:46Z,La tenes adentro,0
2013-09-23T17:07:47Z,somos 2,0
2013-09-23T16:19:17Z,Un Gol Historico  para los hinchas de Newells (:,0
2013-09-23T16:19:02Z,"que grande sos maxi, desde el golazo del 2006 en el mundial que no me paras de sorprender.
el relato un asco, hasta forest gump relataria mejor un partido.",0
2013-09-23T15:55:33Z,y que mal escrito allá tmb.,0
2013-09-23T14:02:43Z,"Qué mal escrito, por dios!
",0
2013-09-23T12:31:08Z,Cuando sera el dia que RIVER compre un maxi rodriguez........-,0
2013-09-23T10:38:52Z,yo pense que este le hacia gol a mexico nada mas,0
2013-09-23T06:38:51Z,YA ESTA EN LA SELECCION IGNORANTE DE LA VIDA,0
2013-09-23T06:38:09Z,Es un genio!,0
2013-09-23T05:34:36Z,Si pones no me gusta es porque no tenes idea de lo que es fútbol. Así que tomatelas inservible....,0
2013-09-23T04:35:06Z,Prefiero que lo relate mal cualquier relator que no sea JR o araujo,0
2013-09-23T02:49:44Z,golazo de primera,0
2013-09-23T01:58:22Z,"A LA SELECCION ARGENTINA, like si estas de acuerdo",0
2013-09-23T01:04:42Z,a 34 de la B no le gusta esto!,0
2013-09-23T00:29:11Z,"yo creo que un cambio factible en el caso de que no se pueda jugar con los ""4 Fantasticos"", no? Me refiero a ponerlo de 8 y darle libertad, como a Di Maria",0
2013-09-22T22:15:24Z,discusiones de equipos de.la B Que vergüenza,0
2013-09-22T20:45:48Z,"No creo que haya sido por un problema de la defensa de Racing, es todo mérito de maxi los durmió a todos!",0
2013-09-22T20:14:57Z,"MUERTOOOOOOOOOOOOOOOS AMARGOS, SE VIENEN CON NOSOTROS P.U.TOS
",0
2013-09-22T19:43:46Z,"Mascherano pecho? sabes un Montón de Futbol, eh. ... Aparte si no te gusta, te parece que un remplazo es maxi? si son jugadores de características diferentes... Bastante hace Masche para bancar a los muertos que tiene detrás... Maxi es crack, pero no se donde lo pondría Sabella... Sin dudas merece consideración para el mundial si sigue en este nivel... Pero Masche es irremplazable en mi opinión... no hay ningún jugador que este a su nivel para cumplir su función.",0
2013-09-22T19:40:02Z,Maxi es un de los pocos jugadores que volvió entero de Europa... no cerca de los 40 años para tribunear... con el nivel en el que esta puede jugar en cualquier club... Ojalá que otros jugadores de todos los clubes hagan lo mismo... Porque el el campeonato local es patético... ,0
2013-09-22T19:27:09Z,"Grande Maxi!!!!  ""NO me digas que lo hace"" como te duele Periosinas, no se la pueden sacar de atroden jajajjajaaa
""Pegó 2 tiros en los palos""..... Newell's pegó uno en un palo y metió un gol..... Chupenla Periosinas jajjajajajjajajaja
Vaaaaaaaaaaaaaaaaaaaaaaamos Newell's",0
2013-09-22T13:24:49Z,24 envidioso que le dan no me gusta.. sin dudas un GOLAAAZOO,0
2013-09-22T12:14:33Z,Me da mucha pena que clubes de gran convocatoria de gente como central. Racing no se reforzaron como corresponde me da tanta pena pero desde el presidente para abajo hay que echarlos a todos oscar de rosario central,0
2013-09-22T10:40:51Z,TIENEN ENVIDIA TODOS PORQUE RACING ESTE AÑO JUEGA LA COPA !!!! (ah ya quedo eliminado en primera ronda?avisen boludos ! ),0
2013-09-22T09:30:30Z,"Racing candidato a la B 2014
",0
2013-09-22T09:14:45Z,"MAXI TITULAR EN LA SELECCION , SAQUEN AL PECHO MASCHERANO, CHEEEE
",0
2013-09-22T06:48:06Z,Si gambetear a 5 rivales en el área y terminar haciendo un gol es de alguien medio pelo tenemos un claro error de concepto.,0
2013-09-22T06:24:45Z,Son muy lameculos los relatores de futbol para todos y aveces chicanean a equipos del interior camisetean mucho los pechos frios estos que relatan,0
2013-09-22T06:21:02Z,Que crack de jugador un groso.,0
2013-09-22T06:06:27Z,Aguante Maxi Rodriguez!!! Terrible jugador!!!! Y soy de boca...,0
2013-09-22T05:15:27Z,"""no me digas, no me digas, no me digas"" jajaja ",0
2013-09-22T05:10:24Z,Es muy hermoso de ver este gol,0
2013-09-22T03:30:22Z,golazo??? anda a cagar...gol medio pelo de un jugador medio pelo...maxi tenes +30 años y todavia no explotaste!!! sos peor que el pochi chavez,0
2013-09-22T02:47:05Z,Yo estoy entre los 367...,0
2013-09-22T02:42:54Z,22 hinchas de central o racing re calientes con el GOLAZO de maxi !,0
2013-09-22T02:15:48Z,"que laaaacra reirse de los que se van a la b, un verdadero hincha (de river o de cualquier equipo) no diria eso xq a vos seguramente te dolio lo que le paso a river, entonces xq tan burlista y encima hipocrita! jajaja viva el deporte",0
2013-09-22T02:12:42Z,"no, es maxi rodriguez",0
2013-09-22T00:49:25Z,"que pedaso de gol se hizo
",0
2013-09-22T00:07:14Z,concha d su madre boludo es MESSI!!!,0
2013-09-21T23:58:58Z,El fantasma no se fue de avellaneda...,0
2013-09-21T23:41:04Z,"GOLAZO, UNA VERDADERA FIERA MAXI!!",0
2013-09-21T23:40:54Z,nooooo rasssing miraaa te estas llendo a la B rassing!!!,0
2013-09-21T23:18:37Z,mira que saja es el arquero no los defensas bobito que amague se comio ? aparte no se pensas que romero u orion atajarian eso ?? esos tipo de remates son cuestion de adivinar amenos que seas goku. jajaja,0
2013-09-21T23:13:55Z,"que emvidiosos de mierda los que ponen no me gusta

soy de River!! no le podes dar no me gusta a este video",0
2013-09-21T23:02:54Z,"Soy de River y no paro de repetir este video, que golaaaaazo!!!!!. Si, de esas jugadas que mi equipo ya no me da. Maxi y Gago son los jugadores de mayor jerarquía en el fútbol argentino actual.",1
2013-09-21T22:36:25Z,"A 14 Parlante de la ""B"" no les gusta esto.",0
2013-09-21T22:23:02Z,grfgfrbhdhdhwgdhdgdhdhdgfhgehhrryrhvfhruuuryrrrhhrhrrjrhe3,0
2013-09-21T22:18:25Z,que golazo soy de river pero acepto que maxi esta en un buen nivel y es el mejor jugador del futbol argentino y raSINGANAR tanto que se burlaron del rojo tambien se van a ir a la B a jugar el clasico de aBellaneda jajajajja,0
2013-09-21T21:57:44Z,lindo gol de maxi a racingente,0
2013-09-21T21:40:38Z,Y pensar q algunos piden a saja para la seleccion... se comio todos los amages,0
2013-09-21T21:33:08Z,Que les pasa a estos brazucas comentando este video?,0
2013-09-21T21:23:34Z,Ignorant... Asi le decimos los hinchas....,0
2013-09-21T21:21:34Z,"Es para Maxi la seleccioooooon
",0
2013-09-21T21:21:24Z,"Messi Rodriguez
",0
2013-09-21T20:54:20Z,Golazooooooooooooooooooooo,0
2013-09-21T20:30:46Z,"Qué golazo! Grande, Maxi!!!",0
2013-09-21T20:04:48Z,genio maxi !,0
2013-09-21T19:56:31Z,yo lo grite porque lo tengo en gran dt :p,0
2013-09-21T19:47:03Z,Era maxi o Messi?,0
2013-09-21T18:05:11Z,"Le grite el gol al oido de mi novia y me mando a al mierda , soy de river me saco el sombrero y aplaudi frente al televisor un crack",0
2013-09-21T18:00:33Z,Igual que el tarado del bambino relatando a Independiente...,0
2013-09-21T17:57:19Z,Sin palabras.... Esta en su mejor momento y jugando en el club d sus amores!!!! Q mas puede pedir??? VAMOS ÑUBELS CARAJO!,0
2013-09-21T17:45:46Z,Era Mexi,0
2013-09-21T17:40:18Z,que calidad!!,0
2013-09-21T17:39:59Z,Maxi Rodriguez ja é idolo por eliminar os ladrões do Boca da libertadores.,0
2013-09-21T17:28:16Z,Grande Maxi!!! Segui dandome todos los puntos que me das en el Gran DT Capitan!!!,0
2013-09-21T16:58:01Z,"q abuso loco, q bien esta jugando... mejor q en europa",1
2013-09-21T16:29:15Z,",nbmghmg ,,j,kghhlhñgjkh,flghljm,fgklh.fg,lnkhmfkj,gfk
hkfklfg,kmkvbmkkgvmkkhgklkmkgfkhkmffgkgfkfkkl",0
2013-09-21T16:28:40Z,"hmmfg fngfgmjmfdç
fdjgjg,hkd.g,lf,gkglgmlgokgh,ljj,lg
hglfh,lngh.jñglhñjojk
",0
2013-09-21T16:19:33Z,GRANDE1!!!!,0
2013-09-21T16:05:55Z,Que Grande Que es este maxi como maneja la pelota es el mejor :D ,0
2013-09-21T15:57:33Z,Jugador con sangre y huevo lo que le falta a la seleccion!vos tenes que ir al mundial sin dudas junto con tevez!,0
2013-09-21T15:53:59Z,:D Para mi MAXI el mejor de Argentina nose para ustedes x_O,0
2013-09-21T15:26:16Z,Relatá con más ganaaaasss!!! Fue genial!!,0
2013-09-21T14:52:31Z,Racing fracasados de mierda!!! el equipo mas virgo de argentina... y los gastaban a los del rojo jajaja,0
2013-09-21T14:09:32Z,soy del rojo pero como vivo en rosario me gusta nob grande mexi,0
2013-09-21T14:07:58Z,"bien al estilo argento,..., PICARDIA, ENGANCHE A CONTRAPIERNA, AMAGUE Y GOLLLLLLLLLLLLL",0
2013-09-21T14:07:30Z,"maxi genio de geniosssssss!vamos la lepraaaaaaaaaaaaaa!!!!!!!NOB CARAJOOOOOOOOOOOOOOOOOOOOOOOOO!!!!!!!!!!
",0
2013-09-21T14:00:46Z,What the fuck Mr commentator,0
2013-09-21T13:24:44Z,Me alegro la semana esta viejo decían. Volvió xq esta de vuelta debían!! Q grande maxi,0
2013-09-21T12:50:32Z,"SOY DE VELEZ Y FELICITO A NEWELLS, LO DE RASIN...SIN PALABRAS...",1
2013-09-21T12:11:12Z,"La tiene re adentro el relator, todo el partido hinchando para racing el muy afeminado.",0
2013-09-21T06:51:06Z,SI VEN BIEN DE 6 JUGADORES O DE  6 TIPOS QUE ESTABAN EN LA CANCHA SE BURLO MAXI!!!!! GENIO DEL FUTBOL MUNDIAL!!!!,0
2013-09-21T06:33:20Z," Que GOLAZO!!, grande Fiera, haces la diferencia! vamos la Lepra!!",0
2013-09-21T04:54:06Z,"No le ganamos a nadie. 
Esto horribles de RaSin Club no son rivales para Newell's.
",0
2013-09-21T04:42:12Z,"VAMO LA LEPRAAA!!! MAXI EL MEJOR JUGADOR DEL FUTBOL ARGENTINO NEWELLS EL MEJOR EKIPO DEL FUTBOL ARGENTINO VAMO NEWELLS VAMO ROSARIOO!!! (DEVO ADMITIR K UN POKO DE PENA ME DIO RASING)
",0
2013-09-21T04:06:29Z,"Gol ?
Golazo para vos racing ",0
2013-09-21T03:52:11Z,Golazoooooo estamos mirando a todos desde arriba!,0
2013-09-21T03:33:06Z,"Jaja ¿Adentro por qué? Aguante Boca, igual es de pelotudo poner ese comentario en un golazo de Newell's que no tiene nada que ver.",0
2013-09-21T03:25:06Z,"jajajja como la tenes adentro boliguayo!
",0
2013-09-21T03:13:06Z,Jajajajaja,0
2013-09-21T03:00:48Z,Sin palabras que golazo maxi. Sina los que los espera. ,0
2013-09-21T03:00:42Z,Sin palabras que golazo maxi. Sina los que los espera. ,0
2013-09-21T02:55:24Z,Maxi podria estar jugando en cualquier club de europa todavia,0
2013-09-21T02:47:36Z,"que jugador por dios ! completo, completo",0
2013-09-21T02:34:44Z,"IDOLO !!!! Gracias por volverr !!!
",1
2013-09-21T02:26:43Z,"Jajaj , anda a buscarla adentro! que golazoo nene!",0
2013-09-21T02:24:11Z,Que golazoooo!!!!,0
2013-09-21T02:16:05Z,"belleza de gol, viva el futbol",0
2013-09-21T02:11:24Z,"Q digo gol, re contra golazo! #newells. Cantalo, gritalo, abrazate leproso",0
2013-09-21T02:00:49Z,todo vuelve hijooo buuuuuuuuuuuuuuuuuuuuuuuuuuuuuuuuuuuuuuuuuu,0
2013-09-21T01:57:12Z,Que golazo maxi! Cada día demostras más lo crack que sos.,0
2013-09-21T01:53:21Z,Grande Maxi!!!!!!!!!!! Goooooolaaaaaaazoooooo,0
2013-09-21T01:50:29Z,"Por Dios que golazoooo, tocó y pasó por el otro, encaró, quebró cintura y definió. grande MAXI",0
2013-09-21T01:49:57Z,emmmmm perdon te falto GAGO Y RIQUELME,0
2013-09-21T01:48:30Z,Al fantasma de la B le gusta esto,0
2013-09-21T01:42:54Z,"Me parece que el año que viene, vuelve el clásico.. pero en la B.",0
2013-09-21T01:42:08Z,"Que golaso Maxi ! Me pone muy feliz que estés en Newell's, volviste para ser campeón, gracias!",0
2013-09-21T01:41:29Z,"Yo grité: ""es Maradona, es Maradona"" jajaja",0
2013-09-21T01:34:50Z,AL MUNDIALLLLLLLLL ,0
2013-09-21T01:28:09Z,Pura inocencia essa zaguinha ein.. nao me surprendi serem argentinos,0
2013-09-21T01:27:49Z,ES PARECIDO AL DE WANCHOPE AVILA DE LA GLORIA A HURACAN JEJE,0
2013-09-21T01:26:34Z,"RA-SIN-CLUB   TE QUERES MATAR!EM LAS MALAS DONDE ESTA TU GENTE!??? DAS LASTIMAA
",0
2013-09-21T01:26:15Z,GO LA ZO,0
2013-09-21T01:25:10Z,"si alguno tenia alguna duda de q maxi vaya a la seleccion, con este video se les va a aclarar todo",0
2013-09-21T01:24:41Z,¿Era Maxi o Messi?,0
2013-09-21T01:24:11Z,jajajajajaja yo soy de boca y grite : Q GOLAZO!!!!!,1
2013-09-21T01:21:55Z,2013 dice.,0
2013-09-21T01:19:43Z,"que jugador es maxi,saca mucha diferencia en el futbol argentino",1
2013-09-21T01:19:39Z,"Que golazo!!! 
Juro que grité el gol y aplaudí como un boludo en frente del televisor...
¡Gracias por volver Fiera!",0
2013-09-21T01:17:51Z,YO LO QUIERO EN EL MUNDIAL !,0
2013-09-21T01:16:47Z,Jugo contra Paraguay y anoto un gol. Lo pedis para la seleccion pero ni ves los partidos.,0
2013-09-21T01:15:49Z,"Ninguna de las dos cosas es noticia. 

• 1) Rasin vive perdiendo, vive siendo un ""club"" sufrido, siempre lo fue y siempre lo será.

• 2) Maxi siempre fue un jugador de calidad, que te explota la banda derecha, ¿Qué esperas pachorra para llevarlo a la selección?",0
2013-09-21T01:15:26Z,Hijo BoBo ♫ todo vuelve!,0
2013-09-21T01:13:17Z,El cristiano ronaldo argentino que golazo soy de river nadie tiene un jugador asi los felicito por la victoria,0
2013-09-21T01:12:24Z,"MAXI IDOLO, COMO MOVES LA BOCHA ES TERRIBLE, TE MERECES IR AL MUNDIAL GENIO, NO SOLO SOS DIOS JUGANDO AL FUTBOL, SINO QUE TENES UN CORAZON DE ORO, SOS EL MEJOR DE ARGENTINA MAXI, SABELO!",0
2013-09-21T01:11:52Z,"Y decían que yo era mufa... vean lo que es Racing, muchachos.",0
2013-09-21T01:10:44Z,"QUE GOLAZO POR DIOS ! SIN DUDAS MAXI ES EL UNICO JUGADOR QUE MARCA AL DIFERENCIA EN ARGENTINA, QUE CALIDAD. SE MERECE IR AL MUNDIAL. ",0
2013-09-21T01:10:04Z,"QUE GOLAZO MAXI !  EN VERDAD SIENTE LA CAMISETA , NEWELL'S OLD BOYS ♥",0
2013-09-21T01:09:35Z,"Y si te quedan dudas, aca esta la figura del torneo (Hasta ahora)...",0
2013-09-21T01:09:05Z,Eterno maxi!! jugador q hace la diferencia en argentina !!,0
2013-09-21T01:07:33Z,¡¡¡¡¡GOOOOOOOOOLAZOO!!!!! newells no lo vendan a Maxi vendan a Berti,0
2013-09-21T01:07:00Z,q golazoo,0
2013-09-21T01:06:30Z,Ufff,0
2013-09-21T01:06:27Z,"Racing, te presento al Karma.",0
2013-09-21T01:04:19Z,Derechito a los mejores del campeonato.,0
2014-03-19T12:20:36Z,Merci ! Comme ça Metz est meilleur défense ! ;),2
2014-03-19T10:04:24Z,Hâte de vous revoir en L1,4
2014-03-19T09:02:07Z,Allez angers ,0
2014-03-18T18:47:50Z,Très belle victoire mais on est suivi de très près ,1
2014-03-18T17:35:59Z,Grosse opération au classement ! Bientôt la Ligue 1 !,3
2014-03-18T12:52:07Z,#Ligue2 - Revivez les meilleurs moments de RC Lens - AC Arles Avignon (3-0) en vidéo !,6
2014-03-18T12:47:55Z,Très belle victoire sang et or... Mention spéciale à Ljuboya qui a du faire fermer la bouche de tous les médisants... ,2
2014-03-18T12:17:06Z,2 buts chanceux + 1 but hors-jeu de lluboja pour une victoire peu reluisante.,1
2014-03-18T11:45:29Z,Allez Lens ! Un retour en L1 serait magnifique !,1
2013-12-21T20:15:51Z,C quoi le nom de la musique d'entré ?,1
2013-11-26T18:01:29Z,ForzACA,1
2013-10-23T19:25:28Z,Kop ultras Avignon,1
2013-10-08T15:41:35Z," #Ligue2  - Classement des buteurs - La tête du classement officiel des buteurs change encore avec la prise de pouvoir de Pablo Chavarria
#RCLens ! http://bit.ly/18MAjad",2
2013-10-08T13:27:58Z,"Stade vide.
Mais beau match pour lens",1
2013-10-08T11:13:36Z,Le but de lens est une action digne du barca !!,1
2013-10-08T10:49:31Z,Que c'est triste ces stades de L2 vides :/ Une semaine après avoir été à Bollaert pour Lens - Metz ça fait un choc !,1
2013-10-08T10:30:41Z,Mdr,1
2014-04-13T21:59:39Z,Brest handicapé par les absences de Mendy et Martial ? Ce serait bien que le commentateur sache un minimum de quoi il parle.,0
2013-09-01T11:22:17Z,Super match de Niort mon ticket a été rentabilisé,0
2013-09-01T11:09:44Z,Enfin une victoire pour Niort!Sala est recompensé à la suite d'un très bon match!Vive les chamois!,0
2013-08-31T23:53:01Z,Score logique au vu de la domination des Niortais. Gros match de Sala! ,0
2013-12-23T11:03:20Z,La célébration la plus nulle de tous les temps ^^,0
2013-12-21T23:14:43Z,Le match le plus triste de tout les temps..,0
2014-05-01T09:43:09Z,bravo a arles avignon d'un supporter lorrain,3
2013-12-17T08:23:53Z,robo total ,2
2013-12-15T01:33:20Z,"Como dice el dicho ""Nadie se acuerda del 2do...""",18
2014-05-08T17:12:47Z,Ce coup franc magnifique de Delort *-*,0
2013-09-29T07:17:44Z,First,0
2014-03-12T08:36:18Z,ces quoi de ce commentateurs de merde,0
2014-03-11T12:21:54Z,Commentateur hyper mou. On sent qu'il a pas envie de commenter le match,0
2014-03-09T20:17:17Z,"C'est bien de n'avoir rien lâché , trop laxistes à Avignon !",0
2014-03-09T12:22:56Z,Qui ne saute pas n'est pas nancéen ,0
2014-03-09T09:13:49Z,ASNL54,0
2014-03-09T09:01:32Z,Tous les commentateur sont dépressifs aujourd'hui... Ya un mec de l'équipe qu'est mort ou quoi ?,4
2014-04-21T19:58:42Z,grande!,1
2013-12-08T21:19:33Z,"Primero que Messi le metio gol a Anonimos futbol Club...segundo el cebolla los pasa como si nada a los defensas, tercero que no es de pedo que mete el gol..cuarto cuando Messi le meta un gol al Sevilla como lo hizo el Cebolla hablamos...",6
2013-08-22T16:52:40Z,El Atletico tiene una de las mejores defensas del mundo.,4
2013-08-21T18:28:27Z,"Por el mismo motivo que los pelotudos como vos, ponen ""el gran Luisito de Nacional""...",2
2013-08-20T13:26:06Z,"a la gallinita dolorida de abajo .,hasta que youtube no ponga un filtro para idiotas tenes que leer cada estupideces....te debe hacer sentir mejor insultar sin dar la cara como todo cobarde....no lo dudo por algo sos hincha del club de las fugasssss,..cobarde ",1
2013-08-20T11:25:07Z,"Dejen de poner pavadas del manya  que en penadoy nunca hizo un gol como la gente y con la selección poco y nada como buen manya que es, pijamero y pecho frío",2
2013-08-20T01:31:22Z,Aguante el manya!,0
2013-08-19T23:44:14Z,Lo marca ronaldo y el marca hoy regala el dvd con el gol,6
2013-08-19T21:45:06Z,"Los defensas de la Liga española siguen dejando mucho que desear. Pésimos a más no poder. Con lo fácil que era ponerse de frente, se tira al suelo para que pase. Asi les van.",0
2013-08-19T18:39:35Z,grande el cebolla carajo eso es un manya!!!!,1
2013-08-19T17:08:53Z,"A HUEVO COMO SIEMPRE
",0
2013-08-19T16:51:39Z,buena cebolla aguante el manya!!!,0
2013-08-19T12:47:38Z,El sevilla perdió por culpa de la defensa...,0
2013-08-19T12:21:15Z,Chupón,0
2013-08-19T11:37:48Z,"Ggloolololl,brace beating Madrid Wednesday",0
2013-08-19T05:51:30Z,Golasooooo,0
