publish_date,title,view_count
2014-07-26T18:46:32Z,LUCAS OCAMPOS SHOW ▶ CRAZY SKILLS !! - AS MONACO,53863
2014-01-19T22:59:01Z,Lucas OCAMPOS scores a MAGNIFICENT bicycle kick - Toulouse FC-AS Monaco FC (0-2) - 19/01/14,14902
2014-05-01T11:01:09Z,Lucas Ocampos - Super Talent  - Crazy Skills Dribbling Assists &amp; Goals /Full ᴴᴰ/,36554
2014-06-14T08:53:28Z,"Lucas Ocampos - AS Monaco - Skills, Goals, Assists- 2013/2014",48381
2014-05-09T18:23:04Z,"Nabil Dirar / Lucas Ocampos : Volley shots, bicycle kick, goals, skills : A funny show ! - AS Monaco",89403
2013-08-04T04:38:52Z,Lucas Ocampos- AS Monaco 2013- Little star,47945
2013-10-06T22:00:00Z,1st goal in Ligue 1 Lucas OCAMPOS (87&#39;) - AS Monaco FC - AS Saint-Etienne (2-1) - 2013/2014,2066
2014-01-19T23:00:03Z,Lucas Ocampos marque un superbe CISEAU retourné ! - Toulouse FC-AS Monaco FC (0-2) - 19/01/14,29252
2014-01-22T22:59:03Z,Lucas Ocampos ► Road to Greatness | 2012/2014 ◇ HD,1197
2014-01-19T20:02:49Z,Gol de tijera de Lucas Ocampos,37011
2014-04-27T22:00:01Z,Goal Lucas OCAMPOS (90&#39; +2) - AC Ajaccio-AS Monaco FC (1-4) - 26/04/14 - (ACA-ASM),451
2014-04-03T17:09:03Z,Lucas Ocampos #Skills #Goals,11541
2013-10-06T22:00:01Z,But Lucas OCAMPOS (87&#39;) - AS Monaco FC - AS Saint-Etienne (2-1 - 2013/2014,5769
2013-09-03T17:12:57Z,LUCAS OCAMPOS | ALL GOALS &amp; ASSISTS | 2012/13 |,608
2013-11-14T00:58:24Z,Lucas Ocampos ● It&#39;s Just The Beginning,9562
2013-10-19T20:54:03Z,Lucas Ocampos -&quot;Simplemente Futbol&quot;,1103
2014-04-27T22:00:02Z,But Lucas OCAMPOS (90&#39; +2) - AC Ajaccio-AS Monaco FC (1-4) - 26/04/14 - (ACA-ASM),810
2014-01-25T13:26:33Z,Lucas Ocampos goal of universal goal Toulouse,163
2013-08-04T02:16:12Z,Gol De Lucas Ocampos (Monaco 5-1 Tottenham),637
2014-02-28T16:17:43Z,Juggle blindfold Challenge with Lucas Ocampos  - AS Monaco,12262
2014-01-20T17:37:38Z,Golazo de Lucas Ocampos vs Toulouse,1007
2014-05-18T00:18:35Z,Goal Lucas OCAMPOS (69&#39;) - AS Monaco FC-Girondins de Bordeaux (1-1) - 17/05/14 - (ASM-FCGB),822
2014-01-20T18:03:22Z,Gol de tijera de Lucas Ocampos (Toulouse FC 0 - 2 AS Monaco FC),2921
2013-12-05T23:00:02Z,Goal Lucas OCAMPOS (89&#39;) - OGC Nice - AS Monaco FC (0-3) - 03/12/13 (OGCN - ASM),4268
2013-08-04T23:44:43Z,Un poco de jueguitos de Lucas Ocampos (AS-Monaco),1333
2013-08-04T09:19:42Z,AS Monaco VS Tottenham Hotspur - but de Lucas Ocampos pour le 2-0,96
2013-09-06T17:40:43Z,Lucas Ocampos vous donne rendez vous,179
2014-05-18T00:13:21Z,But Lucas OCAMPOS (69&#39;) - AS Monaco FC-Girondins de Bordeaux (1-1) - 17/05/14 - (ASM-FCGB),1562
2014-04-08T15:37:19Z,TRAILER - Ocampos y Dirar se desafían...,3350
2013-12-05T23:00:02Z,But Lucas OCAMPOS (89&#39;) - OGC Nice - AS Monaco FC (0-3) - 03/12/13 (OGCN - ASM),2005
2013-09-20T22:26:49Z,Lucas Ocampos - Cest génial de jouer contre le PSG,584
2014-01-25T11:41:10Z,Giuly vs Ocampos,106
2014-06-10T18:39:52Z,Lucas Ocampos - El Fulbaso 2014,539
2013-09-08T09:40:11Z,Lucas Ocampos y Pablo,400
2013-08-04T00:34:29Z,Monaco vs Tottenham (5 - 1) All Goals and Full Match Highlights 03 08 2013,605
2014-03-17T13:55:30Z,"AMAZING_Lucas OCAMPOS_Dribbles,Goals,Freestyle...",22
2013-10-05T20:55:30Z,Habilitación De James Rodriguez a Ocampos - Mónaco (2) Vs Saint Etienne (1) - 05/10/2013,616
2014-07-22T20:13:08Z,"EMOCIONANTE ▶ Visita a los niños enfermos (Joao Moutinho, Ocampos, Kurzawa...)",5002
2014-01-22T08:40:53Z,Ocampos,13
2014-04-27T22:00:01Z,Goal Dimitar BERBATOV (52&#39;) - AC Ajaccio-AS Monaco FC (1-4) - 26/04/14 - (ACA-ASM),2297
2013-11-14T21:12:23Z,Qui est le roi de l&#39;effet rétro ?,2611
2013-10-06T22:00:01Z,1st goal in Ligue1 Y. FERREIRA CARRASCO (15&#39;) - AS Monaco FC - AS Saint-Etienne (2-1) - 2013/2014,2241
2014-04-24T12:35:51Z,Demostración de tiros y voleas con James Rodriguez !,86759
2013-12-06T00:43:36Z,Vincent Enyeama nigerian goalkeeper&#39;s AMAZING saves this season - 2013/2014,38558
2013-10-07T00:03:22Z,OM - PSG : Lavezzi&#39;s crazy joke with the cameraman - 2013/2014,113866
2014-04-27T22:00:02Z,But Dimitar BERBATOV (52&#39;) - AC Ajaccio-AS Monaco FC (1-4) - 26/04/14 - (ACA-ASM),882
2014-01-19T23:51:48Z,Ligue 1 - Top buts 21ème journée - 2013/2014,14965
2013-10-06T22:00:01Z,But Yannick FERREIRA CARRASCO (15&#39;) - AS Monaco FC - AS Saint-Etienne (2-1 - 2013/2014,2456
2013-08-25T22:00:13Z,AS Monaco FC - Toulouse FC (0-0) - Le résumé (ASM - TFC) - 2013/2014,16910
2013-12-06T00:56:38Z,Vincent Enyeama INVINCIBLE depuis 11 matches - Ses plus beaux arrêts cette saison - 2013/2014,57567
