published-time,comment,likes
2014-07-29T13:44:26Z,C'est un gamin ^^,0
2014-07-27T12:07:53Z,il l'a même mise a falcao,0
2014-07-27T02:03:04Z,ni el mismo se la creyó xD ,0
2014-07-26T19:44:05Z,nice trick :),0
2014-07-26T18:57:03Z,fucking nice,0
2014-07-27T21:16:41Z,"ocampos,icardi,vietto,botta,iturbe,lamela,rojo,gaitan,cartabia,lanzini,luciano acosta,kraneviter ,carrizo,correa.son el futuro de argentina 2018",10
2014-07-10T00:15:57Z,james the best ,0
2014-07-05T21:20:30Z,"Daghe Ocampos, Daghe Munegu",0
2014-07-04T22:01:39Z,Ocampos and James Rodriguez <3,0
2014-07-04T22:01:37Z,Ocampos and James Rodriguez <3,1
2014-05-27T18:23:26Z,The new Di Maria.,0
2014-05-01T15:17:58Z,Awesome video !' Please make video about LADISLAV Krejčí ,0
2014-05-01T11:10:34Z,"11 Lucas Ocampos
AS Monaco, Ligue 1 (France)
Date of birth: 11.07.1994
Place of birth: Quilmes  
Age: 19
Height: 1,87
Nationality: Argentina
Position: Midfield - Right Wing
Foot: both",0
2014-07-19T04:32:21Z,A...lucas ocampos yes..,0
2014-05-11T21:53:17Z,"il ma tué Nabil ! ""el karaï!!""",1
2014-05-10T14:29:31Z,Vive Dirar et Ocampos ! En esperant les voir jouer ce soir.,5
2014-07-22T03:30:53Z,CRACK !,0
2014-03-02T04:34:39Z,Como se llama el tema,0
2014-01-28T08:15:57Z,good vid,0
2014-01-20T03:18:57Z,"Crack! Ojala algun dia vuelvas a River, gracias por darnos terrible mano y magia en el peor momento de nuestra historia",2
2014-01-14T06:47:48Z,"que bien que juega che, pense qe no era tan bueno",2
2014-01-14T05:08:58Z,Made in River Plate.-,0
2013-12-24T09:59:18Z,Welcome To Romaa ,0
2013-12-23T00:47:01Z,welcome to AS Roma ,0
2013-12-08T00:02:50Z,F.C:Porto is waiting for you....wellcome aboard,0
2013-11-14T23:42:45Z,"No chingues, que buen jugador",1
2013-10-19T13:33:26Z,"magnifique
",0
2013-10-02T12:46:05Z,lastima que a ocampos lo vendieron era uno de los pocos jugadores que jugaban bien en ese momento :/,1
2013-09-26T00:03:40Z,"dios ese era alto equipo por que desarmas ese equipo la puta madre 
",0
2013-09-10T01:02:14Z,Ahora que pato rodriguez esta en estudiantes podrias hacer un video? gracias!!,0
2013-08-28T15:44:47Z,i want to be like him......just dream,0
2013-08-28T05:10:59Z,HaHaha ko pn minat Ocampos ka...??Lawa la Jon Bah Ko dtg d Sabah kio Malaysia Bh....Sa mo Mgnum Sama ko jon Hahaha Aramati Bosku,0
2013-08-28T04:52:33Z,"Lucas Ariel Ocampos The New Argentine Stars I Hope Ocampos Will Plays For Argetina National Team Next Year In World Cup 2014 In Brazil
",0
2013-08-25T18:18:36Z,icardi vietto ocamps lamella driussi lanzini. Peruzzi  we got talent up the ass,0
2013-08-17T09:47:41Z,Fredywen Yatz,0
2013-08-17T09:47:12Z,LUCAS ARIEL OCAMPOS THE ARGENTINA YOUNG STAR FREDYWEN ,0
2013-08-16T01:43:53Z,mini CR,1
2013-08-04T18:52:04Z,Futuro Crack Lucas! los hinchas de River no te olvidamos ;),1
2013-11-12T16:59:05Z,buenos pases de james,1
2013-10-09T01:56:40Z,GRANDE OCAMPOS JAJAJA,0
2014-05-02T15:59:04Z,respect :),0
2014-04-29T15:48:02Z,purée quel buttttttt!!!!!!!!!!!!!!!!!!!!!!!,2
2014-02-17T16:15:42Z,"Linked with southampton!
",0
2014-01-25T12:34:24Z,Super,0
2014-01-21T16:25:10Z,:o,0
2014-01-20T14:26:03Z,Crack te extrañamos en River,0
2014-01-20T14:09:37Z,Golazo Luquitas !! ,0
2014-01-19T23:38:25Z,DAGHE MUNEGU,0
2014-03-18T15:24:41Z,THE BEST PLAYER IN ARGENTINA IS LUCAS ARIEL OCAMPOS,0
2014-04-28T08:22:38Z,First,0
2013-10-08T07:24:26Z,Dans un trou de souris !,0
2013-10-21T00:47:40Z,que capo Luquitas!,0
2014-03-03T02:09:04Z,"Cual es el nombre de las caciones?
wat is the name of the song's??",0
2014-04-28T17:57:56Z,se mueve muy bien,0
2013-08-04T17:04:00Z,Cuando no metiendo goles de cabeza Luquitas jaja excelente ;),0
2013-08-04T02:40:03Z,Te extrañooo..Cuando volves a River??,0
2014-03-04T23:07:17Z,Super !,0
2014-03-04T00:52:22Z,Super!,0
2014-03-01T15:08:58Z,super!,0
2014-03-01T10:06:18Z,Super !,0
2014-02-01T02:36:08Z,Como se llama la cancion que esta de fondo?,0
2014-01-21T16:24:04Z,Zlatan,0
2013-12-07T17:19:55Z,Made in River Plate,8
2013-08-05T03:53:07Z,Crack Luquiitas ojala vuelvas a River,1
2013-09-06T20:58:23Z,Au rendez-vous. C'est le futur grand joueur international. Croyez-moi. Travaille dur mec. C'est ta saison! ;),0
2014-04-09T19:22:19Z,appel moi quand il métra ca en manche -_-,0
2014-04-08T20:37:04Z,lol fait trop le cheau mes en mach ses pas sa -_-,1
2013-09-21T17:25:02Z,Diiios no podes ser mas hermoso!!  Volve a River Te Necesitamos,0
2013-09-08T20:24:14Z,Merci pour cette petite balade amigo. Bonne entrainement et donne nous du plaisir. Joueur de la saison.,0
2014-07-30T02:27:12Z,It was great to be part of this event. Thank you for bringing such joy to the kids at Holtz! :-) ,1
2014-07-23T14:48:56Z,Great!!!,2
2014-07-23T05:23:59Z,Great!,1
2014-07-23T02:12:04Z,Y a  pas de mots pour décrire le fait que ces gosses soient heureux ...,2
2014-07-22T20:58:18Z,"As monaco's players are kind!!! 






They care for people",3
2013-11-15T20:40:24Z,Allez Monaco!!!!!,0
2013-10-08T19:26:18Z,"Great footage, great talent!",0
2014-04-26T02:06:41Z,James!!!,3
2014-04-24T16:18:37Z,METTEZ VOS TITRES DE VIDEO EN FRANCAIS BORDEL !,5
2014-05-19T22:18:18Z,Africa is slowly getting better GK. ,1
2014-04-09T15:53:24Z,this guy is sooo epic!!!!,1
2014-03-10T04:21:40Z,THE BEST PORTER FIFA 14 ULTIMATE,0
2014-03-04T01:31:13Z,"Excellent reflexes and very brave to put himself through, but doesn't look very steady hadded. Actually, in this very video he spilled a lot of rebounds in the box that would have been punished by better strikers",0
2013-12-14T03:12:57Z,"Haha I love this guy Enyeama, glad he plays in Ligue 1.",3
2013-12-07T22:51:19Z,Beast,2
2013-12-06T19:06:39Z,This guy's a beast! ,3
2013-12-06T03:47:33Z,this is fantastic. The french league has the best keepers for sure.,9
2014-07-18T17:07:10Z,yall need to relax! he apologized after! ,0
2014-07-09T13:33:26Z,"En la versión completa del vídeo se va que le va a dar la mano, le entrega la remera y se va todo contento el camarógrafo.",0
2014-07-05T15:02:31Z,He apologizes after and gave his jersey to the cameraman. :3,0
2014-07-05T01:02:19Z,Es un pelotudo de primera.,0
2014-07-01T22:49:36Z,no coments... ._.u,0
2014-06-27T07:55:33Z,mierda es bastante pelotudo pero le doy igual,3
2014-06-27T00:54:15Z,un sinverguenza como toda la gente que lo esta festejando en estos comentarios. gracias,0
2014-06-26T22:27:12Z,Sos un GENIO Lavezzi...te amamos..!!!!  Love u,5
2014-06-26T21:51:08Z,,0
2014-06-26T21:50:56Z,Es un chiste nomas!! Tampoco sean tan drásticos! ! Ahora son todos buenos! ! Jajaja,1
2014-06-26T21:50:55Z,Es un chiste nomas!! Tampoco sean tan drásticos! ! Ahora son todos buenos! ! Jajaja,0
2014-06-26T19:42:35Z,he y el chiste? pobre tipo,3
2014-06-26T18:52:42Z,Es un hijo de puta jajajajajjaja xD Muy bueno xD!,5
2014-06-26T15:41:45Z,camera fhd pro + steady = much dollars!!!!,3
2014-06-26T15:40:26Z,"I think he meant it for one of his team mates, and didn't realize the cameraman wouldn't see him. Around 0:22 you can see he's first jumped over by one of his teammates.",1
2014-06-25T22:24:40Z,que mala gente eso no se hace el tipo esta laburando jajajajajaj,1
2014-06-25T20:16:04Z,Then he apologizes for the joke!!... very funny :)  ..don't be dramatic,10
2014-06-25T17:42:39Z,Lol lavezzi is a goof,0
2014-01-13T11:03:32Z,stupid fucking idiot... probably doesnt know how dangerous it is.. could have broke his neck or back,12
2013-11-07T10:33:35Z,http://www.youtube.com/user/wasuser1,0
2013-10-22T21:36:34Z,Hahahahahahah he should have helped him up tho,0
2013-10-19T21:14:30Z,"yes he seems to be very poor pfff. bitches can't take jokes
",0
2013-10-19T18:28:22Z,"Stfu its fucking banter. Why do you think he is called the ""El loco"".",0
2013-10-18T15:15:00Z,"If you don't want people to object to and question your statements then you should be more careful about what you say and how you say it, and you should avoid contradicting yourself. You haven't been arguing: you haven't been coherent and rational enough for that. You have contradicted yourself, changed your position, denied it, blamed someone else, etc. It's not about being literal or figurative. You've just been nonsensical and now you're running away because you got caught out talking drivel.",0
2013-10-15T21:05:21Z,"You did NOT just say ""that he could afford to pay for a broken camera, nothing else"". You also said he could afford to fix chronic pain.

When I said that it was reckless, you called it a ""little harmless stunt"", called me ""depressive"" and told me I needed a sense of humour. That amounts to defending Lavezzi from criticism for his stupidity.

If you're not defending him, do you now agree that it was a rude and irresponsible thing for him to do, or do you still say that what he did was okay?",0
2013-10-15T16:17:21Z,"It seems your comment was removed, but it was a change from your earlier certainty. It considered the possible consequences, which is exactly what Lavezzi didn't do.

Lavezzi childishly risked someone's health, and it's why I think it was wrong of him to do it. It's the sort of thing that thoughtless 14-year-old schoolboys do, and you are not a 14-year-old schoolboy, which I why I think you wouldn't have done what he did and why I find it strange that you ended up defending him.",0
2013-10-14T13:02:44Z,The camera costs around 75k Dollar!!,2
2013-10-13T21:59:45Z,"Fucking Slice his Throat, Overpaid Prick",0
2013-10-13T20:33:57Z,Trying to impress Zlatan. Stupid joke - probably regretted it. I like Lavezzi. ,0
2013-10-13T10:34:58Z,"I asked whether Lazezzi could afford to solve chronic pain. You replied, ""I'm pretty sure he could do that as well, yes"". So you asserted that money would solve chronic pain.

I disagreed, and you replied, ""Of course money isn't the whole thing."" In other words, you asserted that money wouldn't solve chronic pain.

Those are two different assertions on your part, so you appear to have changed your position yet you insist you haven't.

So which is it: is money a solution to chronic pain or not?",0
2013-10-12T20:49:32Z,Twat,0
2013-10-12T12:26:48Z,"If you understood that money isn't the whole answer then you shouldn't have suggested - as you did - that paying hospital bills was the answer to a concern about chronic pain. I'm glad that you've changed your position on that point.

Laughter's important, but so is respect and consideration for other people. I don't think that Lavezzi has the right to risk someone else's health for his own amusement. You appear to think that he does have that right. Are you arguing that he does have that right?",0
2013-10-11T21:02:36Z,G la peine pour le caméramane :'(,0
2013-10-11T21:01:27Z,Sérieux**,0
2013-10-11T21:00:26Z,Sa ce fait pas serueux il me deçoit ce type,2
2013-10-11T11:47:18Z,Que falta de respeto eso puede afectar la camara o causar un accidente : S,0
2013-10-11T11:15:45Z,"As I said, money is not the whole answer. Paying for hospital bills and lost income can't undo chronic pain.

This was not ""a little harmless stunt"". It was thoughtless and irresponsible. There's a big difference between childlike and childish. Being childlike is all very well, but being selfishly puerile is not a good thing in a 28-year-old man who really should know better.

There's no need for attempts at schoolyard insults.",0
2013-10-11T08:30:16Z,disrespectful,0
2013-10-11T04:07:56Z,"$45,000 camera, Lens, and wireless transmitter.",0
2013-10-10T15:08:18Z,"Can he afford to fix the cameraman's health if the guy gets an injury that leaves him with chronic pain and unable to work? Money isn't the whole answer. However much camera equipment he can buy, it won't undo the fact that Lavezzi is incredibly rude and irresponsible to pull a childish stunt like that.",0
2013-10-09T01:36:13Z,"are you the cammer man?, men you really have to do something, there has to be respect from all parts, ligue 1 has to do something about it...",0
2013-10-09T00:47:15Z,"fuck modern $occer
",0
2013-10-08T10:37:22Z,So fuking.......not funny,0
2013-10-07T22:07:36Z,"not funny
",0
2013-10-07T21:36:34Z,Then walks away like an accident jajaja,0
2013-10-07T20:24:40Z,"hahaha, poor him!
",0
2013-10-07T19:45:44Z,true.,0
2013-10-07T19:39:35Z,At love for jesus led me to islam.,0
2013-10-07T18:53:05Z,"Rich boy laughing at a man who's doing his job.

DISGUSTING

NOT FUNNY AT ALL",2
2013-10-07T15:07:55Z,STFU it was a joke im sure he bought him a new better one,0
2013-10-07T13:19:54Z,:D nice one,0
2013-10-07T10:16:46Z,twat,0
2013-10-07T08:52:07Z,it's not like he's poor,0
2013-10-07T07:00:36Z,κασιδιαρης νο2,0
2013-10-07T06:05:13Z,"if he had helped me after to get up, maybe it would be funny.
But now its a coward idiot joke.
Lavezzi happyness against cameraman's tiny daily income. ",0
2013-10-07T05:40:29Z,Dickhead,0
2013-10-07T05:19:06Z,Not sure but i think Lavezzi might afford that..,0
2013-10-07T04:31:14Z,loooooooooool funny man,0
2013-10-07T03:56:30Z,"ho ass shit...not funny 
",0
2013-10-07T02:34:47Z,"Camera equipment could cost thousands of dollars. If it is rented, it would come out of his pocket if anything broke.",0
2013-10-07T01:40:01Z,Camera Man looks mad,0
2013-10-07T01:13:48Z,Crazy man,0
2013-10-07T00:27:23Z,LOOOOOOOOOOOL,0
2013-10-07T00:26:18Z,LMAO,1
2014-02-05T19:43:11Z,Ocampos 1er,0
2014-01-26T17:16:30Z,Celui de tabanou est beau mais ne merites pas d etre dans le top 5 car les cages d enyeama etaient vide...,0
2014-01-22T13:59:43Z,4eme,0
2014-01-22T13:59:26Z,ocampos 3eme !!!!!!!!!!!,0
2014-01-22T13:32:23Z,le but de tabanou n' a rien a faire ici,0
2014-01-21T07:16:01Z,Beaucoup d autre but mérite de remplacé celui de sainté,0
2014-01-20T20:57:01Z,Fofana 3,0
2014-01-20T20:17:21Z,tout ceux qui disent que le but de Sainté est degueu et que ya faute son vraiment bete tabanou le touche a peine et souaré simule quand il etait au sol il avai rien et il es resté assi,0
2014-01-20T19:13:16Z,Forza Bastia !!! Magnifique le but de Adama Ba,0
2014-01-20T17:59:30Z,c'est la premiere fois qu'il n'y a pas paris enfin,10
2014-01-20T16:31:03Z,top 3 ba-fofana!!-ocampos,5
2014-01-20T16:26:57Z,Y'a pas faute avant le but de Sainté !!! ,1
2014-01-20T16:03:31Z,"Le but de saint étienne il ya faute avant, honteux de le mettre dans un top but",0
2014-01-20T15:40:28Z,Pourquoi  but de sainte ?,1
2014-01-20T09:27:59Z,logiquement le premier aurait dû être selui de Ocampos,3
2014-01-20T06:43:54Z,le but de sainté est dégue !!,16
2014-01-20T06:17:59Z,Ocampos 1er sans hésiter ,7
2014-01-20T00:04:57Z,le but de sainté est beau ?,15
2014-01-19T23:57:21Z,OCAMPOS merite largement d'etre 1er ,6
2014-07-31T23:02:49Z,Dat assist de James Rodrimerguez,1
2013-10-08T11:12:25Z,du lourd!!! ,0
2014-01-03T20:42:10Z,faudrait que toulalan fasse gaffe à pas tordre la barre...,0
2013-09-01T08:24:18Z,vielen dank :),0
2013-08-31T21:07:35Z,"Laut goal.com: ""Das Spiel im Stade Louis II fand ohne Zuschauer statt, da einige Fans der Monegassen am vorletzten Spieltag der vergangenen Saison für Ausschreitungen gesorgt hatten. Daraufhin war der Aufsteiger vom Verband mit diesem ""Geisterspiel"" bestraft worden.""",0
2013-08-31T14:21:59Z,warum sind da keine zuschauer?,0
2013-08-29T14:47:59Z,"monaa jogou muito nesse jogo teve muito oportunidades so n soube aproveitar asoportunidades q teve e acabou com um empate com gosto d vitoria
",0
2013-08-29T09:56:51Z,ba ils ont quand meme recruter chantome qui est un bon joueur dommage qu'il n'ont pas reussi a garder rabiot,0
2013-08-29T09:30:50Z,"Ne parle pas du recrutement avec moi . 
Ils savent pas recruter avec l'argent qui ont . ",0
2013-08-28T18:40:09Z,"ba oui j'espere que pour toulouse sa va s'aranger. il ont recruté un bon joueur (chantome) qui va leur faire du bien mais pour moi ben Yedder est  juste devan (c'est mon avis). Apres concernan le calendrier ont est tombé sur des equipe qui joue le milieu de tableau. Par contre quand on va recevoir ACA, ETG    sa va etre plus compliqué que contre vous car vous avez essayé de joué alors que eu ... Et puis ce W-E on a Marseille c'est la ou on va voir le vrai niveau de Monaco si il y a moutinho :)",0
2013-08-28T17:58:12Z,"Pfff mais je ne parle pas de ce match ! attend un peu les journées .

Et comment dire, tu as vu le calendrier qui ont ? :) 
Bordeaux , Monaco bientôt Lyon et Paris .. :) 
Et toi Monaco vous avez quoi comme calendrier a oui des équipes qui vont défendre au maximum sauf paris :) ",0
2013-08-28T17:20:37Z,"rageux ....
",0
2013-08-28T17:20:26Z,"mais mec je sais que tu est un pure supporter de toulouse mais quand ils ont jouer leur match face a bordeaux ils ont produit aucun jeu alors j'ai regarder un match j'espere que pour toi aligner 4 passe de suite a chaque fois c'est produire du jeu et que dire quand il ont jouer contre Monaco 
",0
2013-08-28T12:29:00Z,"Et putain , les gens vous faites pitié :) 

A peu près toutes les équipes vont défendre contre des équipes comme sa alors arreter de critiquer Toulouse parce-qu'il défendent c'est normal ! Vous voulez qui prenne 4-0 dans leur face alors que c'est que la 3eme journée ???? Et l'autre golmon qui dit Toulouse ''ne produit aucun jeu'' regarde un match de toulouse et tu vas fermer ta grande geule ! ",0
2013-08-28T10:32:45Z,Qu'on dégage cette equipe de videur de boite de nuits de Ligue 1 ! Et vite !,0
2013-08-27T11:24:58Z,"vous etes un exemple en plus sur le banc ""bravo""",0
2013-08-26T18:38:22Z,oui c'est sur que les monegasque n'ont pas été bon devant mais tu peux dire que toulouse ne produisent aucun jeu. Encore je m'en fou que vous etes 11 deriere mais quand vous avez le ballon vous n'alignez pas 5 passe de suite (et pas seulement contre Monaco) :),0
2013-08-26T18:01:43Z,"On fait quoi on tente tout devant avec 80% de chance de prendre 4-0 à la 3ème journée après une lourde défaite et un nul ? Comme ça on ruine le moral des joueurs pour le début de saison ? Les monégasques ont manqués de chance mais surtout de lucidité, ils ont raté l'inratable si tant est qu'ils soient si supérieurs.
",0
2013-08-26T17:31:58Z,encore on s'en fout qu'il défendent au 20 metre mais c'est qu'il produisent aucun jeu mais apres j'ai envie de dire c'est toulouse :),0
2013-08-26T16:10:58Z,Nn il l'a dit d'une façon naturelle et très courtoise.,0
2013-08-26T16:09:39Z,LOL,0
2013-08-26T15:13:54Z,Au match retour au Stadium çà sera Monaco qui devra défendre.,0
2013-08-26T13:04:16Z,J'aime comment vous ragez juste parce que Toulouse défend .. --',0
2013-08-26T10:39:18Z,Je vois pas l'interet de joué en 3-5-2 si c'est pour joué à 10 derriere...,0
2013-08-26T10:05:01Z,on a jouer face a une equipe de toulouse qui jouer a 11 deriere et fidele a elle meme c'est a dire qu'il ne produise aucun jeu. Je me demande comment carasco peut louper le but tout fait. On aurait du gagner mais comme pour le match de paris face a ajccio dominer n'est pas gagner,0
2013-08-26T08:43:58Z,"Monaco / Toulouse, match identique de PSG / Ajaccio !",0
2013-08-26T08:38:58Z,"il parle a l'entraineur adverse et non je pense pas que ce soit ironique"" :)
",0
2013-08-26T08:13:48Z,Pourquoi à la fin le coach dit : vous êtes un exemple sur le banc ... ( c'est ironique ou quoi ????),0
2013-08-26T03:06:26Z,punition for a problem last season,0
2013-08-26T01:04:12Z,Of course it's a punition ...,0
2013-08-25T22:57:48Z,It´s a punition,0
2013-08-25T22:32:38Z,Empty stadium wtf...,0
2014-06-30T09:09:24Z,"C'est pas comme les cyclistes qui se dopent pour etre les meilleurs... lui, il a un vrai talent ! Un vrai bonhomme ce goal",5
2014-05-09T15:16:13Z,Il fait des aurait de malade eneyama,0
2014-05-09T15:13:23Z,Trop fort eneyama,1
2014-04-16T20:10:46Z,"Puissant ENYEAMA!
Viens en France avec Lloris et ruffier.",2
2014-03-16T17:31:47Z,Il tue les joueurs ce mec,0
2014-02-19T15:52:59Z,enorme,0
2014-01-31T21:37:43Z,"Idrissa Gana Gueye ♥♥♥♥

Le meilleur
",2
2013-12-24T22:31:53Z,"je connais c  gardien en avant , c un grand gardien , c un gardien de grand equipe comme barcelone par exemple , man united .... , en fin un grand grand fort gardien ",0
2013-12-16T01:49:23Z,"Il peut pas être en équipe de France, il est Nigérian. (Dont il est déjà le gardien d'ailleurs)",0
2013-12-13T23:30:47Z,Très très fort..,2
2013-12-11T17:59:51Z,"Enfin une vidéo de notre Vincent a nous j espère qui va faire un bon match dimanche 

Losc10/10

Vincent:)1000000000/1000000000",2
2013-12-08T22:11:32Z,En equipe de france !!!,0
2013-12-08T22:02:59Z,"Malheureusement, la série s'arrête avec un but assez moche. L'invincibilité d'Enyeama méritait d'être terminée par un but de grande classe genre coup franc lucarne ou frappe de 30 mètres.",2
2013-12-08T19:57:59Z,Ils est nigérian pour ceux qui disent EDF..,0
2013-12-08T16:38:18Z,"Record fini, dommage pour lui il méritait mieux !",0
2013-12-08T10:40:29Z,On devrait le mettre en équipe de france,4
2013-12-07T23:29:11Z,Musique svp?,0
2013-12-07T20:04:35Z,"Le plus beau : contre Gignac.
Allé Eny' !! Continue jusqu'à la trève et tu l'auras ce putain de record ! T'es le meilleur pour moi :)",0
2013-12-07T14:33:37Z,pour moi c le meilleure goal de lanner # supporter Parisien ,5
2013-12-07T11:38:48Z,Quel ouf ce gardien ! Je me demande pourquoi on ne l'a pas connu avant,1
2013-12-06T21:01:20Z,Il a un sens de l'anticipation exceptionnel  ,15
2013-12-06T18:56:06Z,"Ceci ce n'est pas un gardien, c'est une légende lilloise <3",6
2013-12-06T18:40:32Z,LOSC forever ! <3 Enyeama <3,4
2013-12-06T17:07:59Z,"amazing , lille ♥",1
2013-12-06T15:41:41Z,Y faut peur c'est un monstre ,0
2013-12-06T15:14:08Z,Il manque l'arrêt face à gignac !,1
2013-12-06T11:38:11Z,"Bravo Enyeama mais sur certain arrêt il a de la chance, mais bon généralement il en faut pour aussi être un grand joueur.",1
2013-12-06T11:25:25Z,ALLEZ LOSC,2
2013-12-06T10:52:29Z,"moi jdit ça sent le marabou, enyeama ? :D",0
2013-12-06T06:07:54Z,Gardien de l annee. Fier d etre lillois,2
2013-12-06T01:26:39Z,C'EST UN MONSTRE !!!!!! Trop fort ce mec !,2
