publish_date,title,view_count
2013-08-08T05:01:19Z,But Sébastien HALLER (74&#39;) - Stade Brestois 29 - AJ Auxerre (1-4 - 2013/2014,1721
2013-11-11T21:11:24Z,"France Arménie Espoirs : Ikoko-Haller, premiers pas chez les Espoirs",5953
2013-09-25T22:00:14Z,AJ Auxerre - CA Bastia (1-0) - Le résumé (AJA - CAB) - 2013/2014,4689
2013-10-19T22:00:00Z,AJ Auxerre - US Créteil (1-1) - Le résumé (AJA - USCL) - 2013/2014,3298
2014-02-08T23:00:02Z,AJ Auxerre - FC Istres (1-0) - 07/02/14 - (AJA-FCIOP) -Résumé,2642
2013-12-03T11:00:01Z,FC Metz - AJ Auxerre (3-0) - 02/12/13 - (FCM - AJA) - Résumé,14444
2013-08-08T05:01:19Z,Stade Brestois 29 - AJ Auxerre (1-4) - Le résumé (SB29 - AJA) - 2013/2014,9671
2013-11-26T11:00:01Z,AJ Auxerre - SM Caen (3-2) - Le résumé (AJA - SMC) - 2013/2014,15776
2013-08-24T22:00:11Z,AJ Auxerre - Châteauroux (2-0) - Le résumé (AJA - LBC) - 2013/2014,6748
2013-11-09T23:00:00Z,Clermont Foot - AJ Auxerre (1-1) - Le résumé (CF63 - AJA) - 2013/2014,3675
2013-08-08T05:01:19Z,But Paul-Georges NTEP (51&#39;) - Stade Brestois 29 - AJ Auxerre (1-4 - 2013/2014,4355
2013-10-26T22:00:02Z,ESTAC Troyes - AJ Auxerre (2-0) - Le résumé (ESTAC - AJA) - 2013/2014,5063
2013-08-08T05:01:17Z,But Jonathan AYITE (55&#39;) - Stade Brestois 29 - AJ Auxerre (1-4 - 2013/2014,334
2013-08-10T22:00:11Z,AJ Auxerre - Nîmes Olympique (1-1) - Le résumé (AJA - NIMES) - 2013/2014,5958
2014-03-15T23:00:00Z,Stade Lavallois - AJ Auxerre (3-0) - 14/03/14 - (LAVAL-AJA) - Résumé,7836
2013-10-05T22:00:01Z,AJ Auxerre - Stade Lavallois (2-0) - Le résumé (AJA - LAVAL) - 2013/2014,4972
2014-03-08T23:16:39Z,AJ Auxerre - Dijon FCO (2-2) - 07/03/14 - (AJA-DFCO) - Résumé,5848
2013-08-08T05:01:19Z,But Julien VIALE (68&#39;) - Stade Brestois 29 - AJ Auxerre (1-4 - 2013/2014,321
2013-08-17T22:00:11Z,RC Lens - AJ Auxerre (4-1) - Le résumé (RCL - AJA) - 2013/2014,62607
2013-11-02T23:25:27Z,AJ Auxerre - Tours FC (4-0) - Le résumé (AJA - TOURS) - 2013/2014,12178
2013-09-28T22:00:01Z,Dijon FCO - AJ Auxerre (1-0) - Le résumé (DFCO - AJA) - 2013/2014,4752
2013-08-08T05:01:19Z,But Jamel AIT BEN IDIR (90&#39; +3 pen) - Stade Brestois 29 - AJ Auxerre (1-4 - 2013/2014,1982
2014-02-15T23:00:01Z,Stade Brestois 29 - AJ Auxerre (1-0) - 15/02/14 - (SB29-AJA) - Résumé,4256
2013-09-25T19:12:37Z,Conférence de presse AJ Auxerre - CA Bastia (1-0) - 2013/2014,156
2013-08-03T22:00:12Z,AS Nancy-Lorraine - AJ Auxerre (0-0) - Le résumé (ASNL - AJA) - 2013/2014,8854
2014-05-12T13:05:22Z,Arthur Masuaku /NEW West Ham United/ Fast Skills Dribbling Assists Goal /HD/,54143
2014-04-26T22:00:01Z,AJ Auxerre - FC Metz (0-3) - 26/04/14 - (AJA-FCM) - Résumé,19142
2013-08-06T21:27:02Z,Conférence de presse Stade Brestois 29 - AJ Auxerre (1-4) - 2013/2014,1181
2014-04-11T10:38:50Z,Bafetimbi Gomis /Perfect Striker/ Skills Dribbling &amp; Goals /HD/,99800
2013-10-19T17:33:58Z,Conférence de presse AJ Auxerre - US Créteil (1-1) - 2013/2014,109
2013-11-02T23:39:32Z,Conférence de presse AJ Auxerre - Tours FC (4-0) - 2013/2014,748
2014-07-21T12:27:06Z,Jeff Louis /The Magician/ Crazy Skills  Dribbling &amp; Goals /Full ᴴᴰ/,29922
2013-11-26T00:01:01Z,Conférence de presse AJ Auxerre - SM Caen (3-2) - 2013/2014,910
2013-08-28T05:00:11Z,But Adama COULIBALY (76&#39;) - SM Caen - AJ Auxerre (0-3 - 2013/2014,1333
2014-07-20T11:11:17Z,ANDY DELORT /Class Striker/ Skills Dribbling &amp; Goals /HD/,20243
2013-08-27T17:38:42Z,Andreas Weimann goal vs. Bradford,117
2014-04-20T12:05:24Z,Cédric Bakambu *NEW* Villarreal CF - Skills Dribbling Goals |HD|,23008
2014-04-09T21:43:23Z,M&#39;Baye Niang / Assists &amp; Goals for Montpellier / 2013-2014 Full ᴴᴰ 1080p,18457
2014-04-21T00:18:02Z,Drible football,154
2013-08-26T11:46:23Z,AJ Auxerre   La Berrichonne de Chteauroux 1er but de Prince Segbefia,233
2014-06-08T12:18:24Z,"&#39;Great mood in the Switzerland camp&#39;, says Fernandes",94
2013-10-10T13:12:29Z,FortunaTV - Tor des Monats September,129
2013-11-02T17:43:14Z,[2012/2013]  Borussia Dortmund vs Fortuna Dusseldorf,653
2013-12-24T18:00:47Z,West Ham United  1 - 0 Arsenal ## Harewood at Upton Park  .,340
2014-06-10T19:51:39Z,publiekswissel laurens,37
2013-09-22T19:13:39Z,Stuttgart - Eintracht Frankfurt (Ultras),263
2014-04-16T12:30:08Z,Arsenal vs West Ham United 3-1 ~ All Goals &amp; Highlights,71
2013-08-22T13:44:44Z,FC Utrecht.TV: De zwarte schoenen van...,1749
2013-12-12T08:00:01Z,De week van FC Utrecht op FC Utrecht.TV,738
2014-01-19T19:51:45Z,Hoe beleeft Milan de dag van het debuut van Clarence Seedorf,7296
