publish_date,title,view_count
2014-07-14T07:56:13Z,fiche joueur Ousmane Mané saison 2013 - 2014,2808
2014-07-26T14:31:35Z,fiche joueur Djiby Ndiaye,1517
2014-07-03T14:27:03Z,demba ramata ndiaye,201
2013-12-10T11:04:03Z,Seydina Boh,149
2013-11-14T14:09:55Z,OUSMANE FAYE MILIEU OFFENSIF,695
2014-07-13T04:26:47Z,ismail CV video - 1994,157
2014-04-24T14:48:34Z,Entretien avec Oumar N&#39;DIAYE,969
2013-10-17T17:08:37Z,kader bamba,4129
2014-07-25T20:44:54Z,fiche joueur Emmanuel Gomis,1432
2013-09-13T20:05:42Z,FACE OF PIKINE ( ACADEMY),126
2014-03-03T22:39:58Z,fiche joueur Seydou Bocar Seck saison 2013- 2014,2045
2014-05-20T19:32:26Z,Sports A La Une reçoit Amadou Dia Ba - 19 Mai 2014,805
2014-03-23T23:00:01Z,But Issa BARADJI (90&#39;) - Valenciennes FC-AC Ajaccio (2-3) - 22/03/14 - (VAFC-ACA),2175
2014-06-19T13:36:14Z,fiche joueur Salim Mamadou Ndao,9286
2014-06-27T18:22:01Z,fiche joueur Amadou Sy,2272
2014-07-16T17:34:09Z,présentation de l&#39;institut Diambars,52587
2013-09-05T14:43:46Z,#6 Omar Tall,538
2014-07-16T21:24:54Z,spot stage de football 2014,1050
2014-02-25T19:58:59Z,Diambars FC  - Jaraaf ( 2 - 1 ) - 24-février 2014 - Résumé,3582
2014-04-05T19:58:59Z,Akoete Eninful gólja a KTE-Phoenix Mecano - Videoton meccsen,820
2014-07-14T09:37:31Z,fiche joueur Abdou Mbacké Thiam saison 2013 - 2014,1323
2014-01-29T22:56:45Z,mohamed 0001 talent from senegal,62
2014-03-12T00:22:33Z,fiche joueur Abdoulaye Gueye saison 2013 - 2014,1120
2013-09-13T15:39:02Z,Na woone demb - Abou Diop International Football - 12 Septembre 2013,3127
2014-01-05T22:10:49Z,Ass Malick Ndoye,279
2013-10-28T18:20:58Z,28.10.2013::DIVISION 1-1ERE JOURNEE::TP MAZEMBE - TC ELIMA::6-0,3222
2014-04-16T12:40:10Z,Arfang daffe,2448
2013-08-02T02:22:23Z,Dame Junior Gaye,567
2014-04-27T12:53:51Z,[ D-Jéry 2.0]: Championnat Petite Catégorie (Junior Garçon) Dbaloc domine Douane (42-32),202
2014-01-03T20:54:57Z,Ndoye Ousseynou,322
2014-03-08T11:03:36Z,Vidéo Mamadou Lamine MANE,648
2013-08-17T23:50:16Z,Modou Ablaye Seck fa il punto sul precampionato del Città di Messina,634
