published-time,comment,likes
2014-03-26T19:14:24Z,Les supporters des croix de Savoie veulent monter a bonnal pour découvrir votre stade ! Revenez en l1 svp :) ,0
2014-03-24T10:05:59Z,J'ai hâte de vous revoir en L1 les sangs et Or !!!!! ( 1 supporter Lyonnais ),0
2014-03-23T12:56:55Z,Libojia kombouare le garde pour Monaco !,0
2014-03-23T11:32:53Z,Aller Lens ! :D,2
2014-03-23T09:20:12Z,"Coulibaly n'a rien apporté sur ce match, pas compris pourquoi le coach l'a laissé sur le terrain en lieu et place de Ljuboja qui revient en forme... ",0
2014-03-23T08:50:05Z,On moins on a eté capable de revenir 3x au score ! Allez Lens !,2
2014-03-23T08:40:44Z,On croit au maintien aller no !!!!,1
2014-03-23T06:16:41Z,On y croit la monté !! Allez RCL,2
2013-08-28T15:02:30Z,"Arretez d'utiliser le mot footix à tout bout d'champ.. Tu ne domine pas la moitié du match mais tu éspère une victoire ?.
Arretez de criez aux erreurs d'arbitrage ; On dirait un madrilène.",0
2013-08-28T09:58:35Z,"sauf que si le but hors-jeu de lens avait été annulé le match dans son integralité aurai changé
"" Mdr.. "" comme tu dis, jeune footix",0
2013-08-26T13:34:24Z,"Supporter du PSG, rage pas mec, Laval est dernier.",0
2013-08-26T08:20:22Z,"Le 2e aussi l'est, c'était un pur tacle de boucher..",0
2013-08-26T08:05:24Z,Allez lens <3 on est 1 au classement ! ,0
2013-08-26T07:19:53Z,sauf que la il ne montre pas le péno non siflé pour laval,0
2013-08-26T07:14:28Z,oui est le joueur lensois s'arrete en voyant que couturier ne le regarder pas ,0
2013-08-25T23:19:33Z,Lens c est fait dominer a 9contre 11 ces la honte je trouve il ont de la chance de marquer,0
2013-08-25T23:16:35Z,"Sur le premier carton rouge il ya rien en + ce n est pas le dernier défenseur et sur le deuxième l autre simule 2 seconde après il se relève vous aller voir quand Laval va démarrer personne ne pourra les arrêter 
Avec cet arbitre la Laval a fait 5 défaites et 2 nul il n aime pas Laval c est tout a virer 


Aller les tangos",0
2013-08-25T16:13:14Z,Supporter de Marseille mais je trouve que les arbitre en france c'est aberrant,0
2013-08-25T16:06:22Z,"Le premier carton rouge est totalement mérité, imaginez que Touzghar ne soit pas fauché, il s'en va tout seul en duel avec le gardien. y'a 50% de chances qu'il y ait but sur cette action et l'autre le fauche. Carton rouge obligé ! ",0
2013-08-25T15:44:18Z,"Écoutez chanter écoutez chanter écouter chantez les sang et or, et surtout ne dites RIEN ! LensFans",0
2013-08-25T15:30:43Z,Il y'as eu 6 jaune pour lens ; donc je pense pas qu'il soit avec nous ;),0
2013-08-25T15:29:46Z,"Mdr.. 
PS : si tu fait le compte pour Lens - Auxerre, ça ferais 3-2.. ",0
2013-08-25T14:43:46Z,Et ??,0
2013-08-25T13:28:59Z,"C'est désespérant cette totale méconnaissance du règlement de part et d'autres.
Le premier carton, on voit largement que l'attaquant aurait pu avoir un face à face avec le gardien si le lavallois ne le retenait pas.
Pour le 2e c'est plus que mérité avec ce tacle très dangereux, qui aurait pu finir comme l'an passé pour J.Clément pour le lensois.
Ce qui est triste c'est aussi le fait qu'en 2ème mi-temps les lavallois simulaient pour obtenir une ""compensation"", logiques ces 0 points en 3 matchs...",0
2013-08-25T11:36:13Z,"Arbitrage honteux ! même le deuxième carton, c'est un jaune ! Un supporter Lensois !",0
2013-08-25T11:02:38Z,"N 'importe quoi le premier carton rouge,ça annule une action de but,je crois pas il reste un défenseur,un jaune aurait étais suffisant ,lens avais la manière de gagner sans ce genre de choses,et le deuxième est peut -etre dangereux mais un carton rouge,les pieds n 'étaient pas trop levés,un carton jaune aurais étais suffisant avec un avertissement morale.",0
2013-08-25T10:56:43Z,"UN BON ARBITRE DE FOOTBALL!!!!!  enfin 1 qui mérite son statut, à revoir vivement même en ligue1",0
2013-08-25T10:54:08Z,ALLEZ LE RCL,0
2013-08-25T10:30:38Z,C'est quoi cet arbitre? ,0
2013-08-25T10:11:37Z,"Lens-Bastia : penalty pour Lens
Angers-Lens : penalty pour Lens
Lens-Auxerre : peno oublié pour Auxerre et but hors-jeu de Lens
Laval-Lens : deux rouges ultra severes pour Laval

lens va monter mais je me demande pk",0
2013-08-25T10:03:37Z,"Touzgar parter tout seul on but regarde bien 
",0
2013-08-25T08:33:48Z,sa c sur ,0
2013-08-25T07:36:29Z,"Le premier carton rouge n'est pas mérité, l'arbitre dit "" action de but"" mais le ballon file dans les bras du gardien, le joueur de Lens n'aurait même pas pu la toucher",0
2013-08-25T02:58:24Z,LENS FANS <3,0
2013-08-25T00:11:56Z,"On était chez  nous , RCL <3",0
2013-08-24T23:46:00Z,"L'arbitre était débordé ! Des cartons jaunes oublié et des cartons jaunes mis pour rien ! Le deuxième rouge est mérité pour ma part car les deux pieds sont décolé, la cheville ou le tibia peut y passé (Jeremy Clément) Allez Lens !",0
2013-08-24T22:57:23Z,RCL 3,0
2013-08-24T22:35:52Z,SANG & OR<3.,0
2013-08-24T22:21:02Z,L arbitre est a viré,0
2013-08-24T22:20:32Z,Honteux,0
2013-08-24T22:20:25Z,Aller laval,0
2013-08-24T22:20:13Z,C est honteux un arbitre de nul,0
2013-08-24T22:04:02Z,Allez les sang et or vous allez monté cette année c'est pour vous ! ( supporter Nantais ) ,0
2014-04-01T20:37:20Z,"Clermont, l'an prochain si vous faites le même match qu'hier, en marquant, vous allez en Ligue 1 c'est obligé! J'ai la sensation que Brouard vous mènera loin !",1
2014-04-01T17:35:17Z,dominer n'est pas gagner,1
2014-04-01T16:15:08Z,super sauvetage du défenseur a 3:11,1
2014-04-01T10:49:11Z,on merite largement de gagné !,1
2014-04-01T10:37:02Z,#Ligue2 - 30e journée - Revivez les meilleurs moments de RC Lens - Clermont Foot (1-1) en vidéo !,10
2014-01-15T19:33:30Z,Ouaaiiiiiis :),1
2014-01-04T19:05:35Z,Je suis d'accord avec toi !,0
2013-11-11T10:50:14Z,"Supporters Lensois, votez ici pour votre joueur Lensois préféré :D
http://www.pixule.com/215995195520_quel-est-votre-joueur-prefere-lens.html",0
2013-10-23T21:50:05Z,"Un vrai public comme il en est rare en France, qui en a marre de voir ses stades rempilent par des footix au parc des princes par exemple",0
2013-10-09T08:53:54Z,"Un match digne de Ligue 1 ! je souhaite la promotion pour ces 2 clubs. Allez Metz, et respect pour Lens : )",0
2013-10-06T13:28:12Z,"Metz et Lens en ligue 1 !! 
FC METZ <3",0
2013-10-04T07:37:49Z,Je dis pareil de Lens qui est ma 2e équipe préférée de Ligue 2 après Metz. Bravo à vous et à tous vos joueurs !!,1
2013-10-02T21:03:29Z,"La tête du 24 messin, je la voyais au fond des filets ! Bravo aux deux équipes ! (A part ""Metz - Nancy"",perso, ""Metz - Lens"" sera la plus belle rencontre de Ligue 2. Vivement la rencontre à Saint-Symphorien !!!)
ALLEZ METZ !!!!!!!!!!",1
2013-10-02T14:16:52Z,Lens est la meilleur équipe de ligue 2 mais pire défense,1
2013-10-02T14:15:54Z,Le résumé de la rencontre prolifique entre le RC Lens et le FC Metz !,3
2013-10-01T20:34:36Z,"oh la chatte!!! 
mais bn très beau match!",1
2013-10-01T18:36:26Z,Bravo les messins pour cet état d'esprit irréprochable <3,0
2013-10-01T17:54:07Z,"LENS FANS !! <3 
Meilleur public de France !!",1
2013-10-01T15:46:38Z,Très beau match ! J'y étais ! Je suis supporters de Lens mais bravo a Metz car c'étais un beau match et ses un des club que je respecte le plus car ils sont une des plus fair-play ,1
2013-10-01T12:38:26Z,pourquoi vs ne mettez pas de coms sur les metchs du lundi ?,0
2014-01-17T21:09:27Z,brest aurrait pus win facile ! ALLEZ LE SCO !!!,0
2014-01-14T21:41:22Z,LENS FANS !! <3,1
2014-01-14T18:27:17Z,Je pense que dijon lens va etre serre,0
2014-01-14T17:28:38Z,ouais.... c'est encore tiré par les cheveux tout ça... merci à Touzghar et à Aréola... contre DIJON il faudra nous montrer autre chose et ne pas miser que sur la chance pour rester sur le podium.,0
2014-01-14T17:00:07Z,"Ouhlala Lens a eu très très chaud! Heureusement que Brest n'arrive pas à marquer, ils ont plusieurs occasions d'égaliser ou de gagner ce match ^^'",1
2014-01-14T16:22:01Z,Ya un problème de finition a brest apparement...,0
2014-01-14T11:26:01Z,#Ligue2 - Revivez les meilleurs moments de Stade Brestois 29 - RC Lens (0-1) en vidéo !,3
2013-12-21T09:00:55Z,bien jouer lens mais le sco aurrait largement put gagner si leur joueur serait moins FLEMAR(il y a que yattara qui a jouer!!!!!!!!!!!),0
2013-12-19T21:11:11Z,Il y a que yattara qui a joué et gamboa ne méritait pas d'être sur le terrain,1
2013-12-15T20:33:58Z,Dommage pour le sco. On pourrais faire mieu. Mais ils vont mieu faire si on les suis tous le long aller le sco,1
2013-12-15T11:53:45Z,"Une très belle victoire qui je pense nous permet de prendre un avantage psychologique sur une équipe angevine qui devra se remettre en question pendant la trêve. Allez, après ce match, la montée n'a jamais été aussi proche cette saison !",2
2013-12-15T11:49:56Z,"On entend que Lens, encore !.. ",4
2013-12-15T11:17:19Z,Angers sco méritait au moins le match nul ..... Domage pour le SCO mais bravo pour Lens,7
2014-03-25T06:50:27Z,Jules Dujardin tu te trompe car on vous la remet au match a lens et en+ on vous depasse largement au podium ! :),0
2014-03-25T06:48:57Z,Maintenant Lens 2eme Et le havre 11 eme bonne chance a bollaert pour la vengeance et ce n'est pas l'equipe du havre qui etait forte mais celle de lens qui a etait mauvaise defensivement + un goal nul qui n'a rien a faire titulaire :) En gros osef de ce match mis a part que c moche pour nous sauf que pas besoin de mettre 6-2 pour etre sur le podium la preuve :D,0
2014-01-29T13:45:46Z,"Bien joué le Havre
( mais je ne suis pas pour vous)",0
2013-10-04T08:00:34Z,aller le hac 6 2 vs au premier la onte,0
2013-09-20T08:06:53Z,avec l'argent tout est magouille L1 12 ect.......,0
2013-09-16T16:23:33Z,"Allez le HAC !!!!!
",2
2013-09-16T15:29:39Z,"tu m'étonne
",0
2013-09-16T15:07:17Z,allez le hac lalalalala lalalalala,1
2013-09-15T21:01:07Z,"C'est pas parce que ton ""Aréola"" et ""Yahia"" qui sont pas la  que vous aurai gagner !  j'y éte et sa aurai rien changé, Le Hac dominé toute la rencontre ! ",0
2013-09-15T17:13:49Z,On vois quand Areola et Yahia ne sont pas là !,1
2013-09-15T12:49:47Z,On reste 1er façon :),0
2013-09-15T10:57:22Z,C'est une Humiliation la ! Mais bon c'est comme ça :D,0
2013-09-15T10:52:03Z,"J'aime pas ce commentateur, celui de la dernière fois était mieux",0
2013-09-15T10:32:22Z,ééénorm lens a pris cher :/,0
2013-09-15T10:28:29Z,"Superbe victoire de nos chère Havrais ! Sauf, la petite dispute avec Zacharie Boucher et l'attaquant Lensois (Un gros rageur) Bravo Le Havre, ont continue à enchaîner pour enfin, monté en ligue 1 ! Ont y crois 3",1
2013-09-15T10:22:03Z,"Superbe but de BENJAMIN Bonnet ! ahah
",0
2013-09-15T08:40:01Z,"Riou: 10 buts en 2 matchs, c'est chaud...",0
2013-09-15T08:25:51Z,"Au moins ils ont vu du spectacle ;) 
",0
2013-09-15T07:25:04Z,Angers 1er,0
2013-09-14T23:03:15Z,Une pensée pour les 2.000 lensois qui ont fait 600km aller-retour pour voir ça.,1
2014-05-07T13:33:39Z,,0
2014-05-07T13:32:05Z,"On et  là tous ensemble nous chanterons pour l'amour du maillot que vous portez sur le dos dans le malheur on la gloire on et la
",1
2014-05-07T13:29:08Z,Allez allez au au nous sommes les lensois partout on chantera jamais on lâchera,1
2014-05-07T13:25:51Z,Tours vous etes pourris vous etes pourris ,0
2014-05-07T13:24:08Z,Allez lensois tes supporters sont la,1
2014-05-07T13:23:00Z,,0
2014-04-12T08:02:54Z,Les plus forts c'est tours,0
2014-03-10T09:47:23Z,J'aimerais vraiment voir un publique comme ça pour Tours *-*,1
2014-03-05T15:33:52Z,Est que vous pouvez mettre le résumé du match CA Bastia - Brest svp la Ligue 2,0
2014-03-04T17:50:11Z,"Bravo au deux equipes, dommage pour Tours qui avait plus besoin des trois pts pour la monter",4
2014-03-04T14:57:05Z,"tout le monde peut venir prendre un point minimum à Lens... c'est ça le message pour les futurs adversaires... Lens ne fait pas peur, et encore moins à domicile ! Merci au public, car sans lui, c'est 0/2 sur ce match !",2
2014-03-04T13:56:31Z,Yahia a pris le bouillon en première... ,1
2014-03-04T13:56:06Z,"#Ligue2 - Retrouvez le résumé du match de clôture de la 26e journée RC Lens / Tours FC ! Supporters, qu'avez-vous pensé de ce match ?",4
2014-03-04T12:25:08Z,euh lol ? j'ai envie de dire il peut pas faire grand chose sur les 2 buts. se sont surtout 2 grosses erreurs défensives.,3
2014-03-04T11:48:55Z,riou la passoir,3
2014-05-20T13:08:44Z,c etai sur le poteau et non sur la barre ^^,7
2014-05-15T09:27:39Z,Allé la ligue 1 nous tend les mains va falloir poussé notre club a bastia :D,4
2014-05-10T08:08:57Z,Istres ils sont pourris,2
2014-05-10T08:08:55Z,Istres ils sont pourris,2
2014-05-08T18:17:32Z,"""Le secteur offensif est amoindri""
Lucide, ce gars.",3
2014-05-08T06:58:22Z,"Je trouve que le stade de Istres fais franchement pitié, pas d'ambiance, stade au 3\4 vides... Cela s'explique sans doute par ça proximité avec Marseille mais c'est vraiment dommage car il mérite d'être plus suivi. En espérant qu'il se maintiennent en L2.

Bravo au RCL pour ça belle victoire et j’attends avec impatience leur remontée en L1.              ",21
2014-05-07T23:16:20Z,"Le penalty est un peu gros je trouve , y'a déjà 5-0 il aurait pu rien voir . ",5
2013-11-29T08:12:13Z,"Chateauroux
",1
2013-11-24T08:01:04Z,C'est beau que ce club qui a un passé footballistique tellement important puisse enfin jouer sa carte pour retrouver l'élite du foot français ! :),9
2013-12-21T20:15:51Z,C quoi le nom de la musique d'entré ?,1
2013-11-26T18:01:29Z,ForzACA,1
2013-10-23T19:25:28Z,Kop ultras Avignon,1
2013-10-08T15:41:35Z," #Ligue2  - Classement des buteurs - La tête du classement officiel des buteurs change encore avec la prise de pouvoir de Pablo Chavarria
#RCLens ! http://bit.ly/18MAjad",2
2013-10-08T13:27:58Z,"Stade vide.
Mais beau match pour lens",1
2013-10-08T11:13:36Z,Le but de lens est une action digne du barca !!,1
2013-10-08T10:49:31Z,Que c'est triste ces stades de L2 vides :/ Une semaine après avoir été à Bollaert pour Lens - Metz ça fait un choc !,1
2013-10-08T10:30:41Z,Mdr,1
2014-03-18T20:41:16Z,Vous montrez pas les buts refusés ? Pourquoi ? Vous vous êtes rendus compte d'un truc ?,1
2014-01-03T23:49:46Z,Vous allez me dire que je dit sa car chui supporters de lens mais je suis pour istres et istress a bien jouer mais lens a pas eu de chance avec cet arbitre meme si jadore istre et que jetais content jai trouver sa un peu bizarre surtout sur le corner...,1
2013-12-26T12:01:21Z,Ouai bah la passe de l'autre zeub la sur le but lensois ils montrent pas qu'il est PAS en hors jeu... j'aurais bien aimé voir quand meme j'suis vraiment pas sur a 100% qu'il ne l'est pas... ,1
2013-12-24T08:05:58Z,Les but soit disant hors jeu vous les montrait pas ? Quelque chose à vous reprocher?  Pour les lensois les buts son hors jeu mais pour Istres rien bien sur- -',1
2013-12-23T16:13:56Z,aller les sang et OR,1
2013-12-22T14:57:44Z,et la blessure d'Areola ça vous semble pas un tournant du match qu'on aurait voulu revoir??,2
2013-12-22T11:24:38Z,"Un résumé ? Grosse blague, les deux buts hors jeux même pas présentés, le but refusé sur corner pour X raisons non montré. 
Va revoir ton métier celui qui s'occupe des résumés. Bien cordialement ",2
2013-12-22T00:28:20Z,Tu parle d'un résumé... ,2
2013-12-21T23:21:57Z,Voilà les beaux supporter de Lens ! Pas les gens honteux qui sont monté a nancy !,1
2013-12-21T21:40:29Z,Vous ne montrez pas les buts refusés de Lens? ,3
2014-05-24T06:49:29Z,"Notre chaîne commence ds 2 semaines 
",0
2014-05-13T18:02:45Z,Aller tours fc,1
2014-05-12T13:15:44Z,#Ligue2 - Revivez les meilleurs moments de RC Lens - Stade Brestois 29 (0-1) en vidéo.,6
2014-05-11T23:48:17Z,Allez Brest !,7
2014-05-11T20:22:25Z,"Penalty non valable et envahissement de guignol, fête gâche!",0
2014-05-11T13:34:31Z,Ahah top bon mdrr j'aime sa,1
2014-05-11T12:59:51Z,C'est dommage tout ces gens qui seront déçus de ne pas monter :/ !,2
2014-05-11T08:57:49Z,2.21 peno,0
2014-05-11T08:53:32Z,c'etait des footix et des parisiens,0
2014-02-25T17:04:44Z,Bravo lens,2
2014-02-25T16:22:51Z,"lesage et ndoye magnifique, c'était un beau match, meme si on a rien vu les 20premiere min, greve oblige, big up aux lensois qui sont venu malgrés un lundi soir remplir cette tribune toujours fermée ^^ j'ai trouvé le spectacle au rdv dans les 2 camps",3
2014-02-25T13:35:59Z,"Dommage pour Créteil. Sinon GG aux Lensois, c'est bien parti pour la montée.",3
2014-02-25T11:07:03Z,"1 passe D et un but, Ljuboja a fait taire les critiques ! Allez Lens !",1
2013-12-01T09:09:20Z,Choix tactique discutable d'Antoine Kombouare en laissant sur le banc Ljuboya et Coulibaly qu'il aurait fallu mettre dès l'entame de match... Bourrigeaud est encore un peu tendre sur ce genre de match... dommage... il faut vite se ressaisir à Angers si l'on veut encore y croire car ça pousse fort derrière !!!!,1
2013-12-01T00:13:11Z,On voit pas la faute sur Chavaria dans la surface :/ !,1
2014-05-09T08:50:15Z,On veut la ligue 1 les gars !! Une petite victoire et elle sera à nous,0
2014-05-09T06:01:02Z,Lens vont gagne ce soir allez Edgar Edgar il va marqué il va marqué on va gagné  triplé de sali,0
2014-05-08T10:21:58Z,allez lens la ligue 1 nous sourit encore 1 point et le stade s'enflamme,0
2014-05-07T18:58:54Z,Moi je vais voir lens brest,3
2014-05-07T16:46:52Z,Magnifique victoire plus que 1 petit point à prendre pour être en Ligue 1 =),5
2014-05-08T14:21:46Z,"Bravo Lens ! Et comme ont dit Antoine Kombouaré et Gervais Martel : ""Il faut finir le travail !"" ",2
2013-11-05T20:23:04Z,"La ligue 1 nous voilà
",0
2013-11-04T17:31:52Z,"Dommage pour Caen mais il leur manquée beaucoup de bons joueurs, allait Caen faudrait reprendre des places par ce que la ont est bientôt en deuxième partie de tableau
",0
2013-11-03T11:23:46Z,"Quel match pouah ! 

Même à 10 et sans Touzghar c'était solide..",0
2013-11-03T10:35:26Z,dommage mais c'etait un beau match,0
2013-11-03T09:31:54Z,"Ba oui mon petit,Lens a etait meilleur :)",0
2013-11-03T01:39:40Z,Dommage pour Caen encore :(,0
2014-05-03T21:20:15Z,Paris je me fais pas d'illusion c pas notre niveau mais nancy sont des merde contre NOUS je dit bien contre metz ! ,0
2014-05-01T13:13:51Z,"Je suis pour Lens mais la faut l'avouer , Lens à eu beaucoup de chance.",0
2014-04-30T06:53:06Z,"+AtomeChannel
T con toi nancy et metz on se déteste et je comprend apres la racler que l'on vous a mit mais pk lens nous détesterai réfléchit ,il nous on battu 2 fois et le public et les joueurs s'entende bien et mm les entraineurs  dc tu racconte de véritable connerie ! Mais c pas ta faute t un nancein. ! 
«Nancy en flamme metz capitale lalala !!»  ",0
2014-04-29T09:59:31Z,"Bon courage aux lensoit pour la ligue1 mm si metz reste meilleur :-P
Et nancy rêvé pas trop vous etez mal partie pour la L1 rester en L2 on vous envera une carte postale ! 
Allez Metzzz on va finir premier ! ",0
2014-04-28T23:21:07Z,un arbitre caennais qui arbitre un match capital pour la montée c est du grand nimporte quoi,0
2014-04-28T19:09:35Z,Pas grand chose en 2 ème mi-temps mes quand meme 2 buts.Allez LENS!!!!!!!!:o,0
2014-04-28T19:06:03Z,Ya qu' une équipe en première période...,0
2014-04-28T17:13:06Z,"Deux belles equipes , Nancy est tres fort a l'exterieur et aurais merité mieux ! Nancy en L1 !",0
2014-04-27T08:27:42Z,"la defense n'y est pas mais heureusement que aréola est la
et en plus c pas un beau but celui de jeff louis",0
2014-04-27T08:25:00Z,"pourquoi être vulgaire Kentin 1-1 lens sens tir pas mal , sur se grand bravo au gardien de but lensois   autrement l’addition aurais été sévère  en 1er mi temps  ! allez nancy ;)",1
2014-04-27T08:07:35Z,"Sans un bon gardien on prend une raclée, parce que la défense était à la peine !",6
2014-04-27T00:10:06Z,la mauvaise sortie d areola ? le commentateur reflechit deux sec il ne peut pas avoir le ballon il sort pour gener  seulement  pck le moindre contact c est rouge et penalty il a tres bien fait c est la defense qui na pas suivie point,2
2013-08-29T15:36:22Z,Aller laval,0
2013-08-25T02:49:18Z,La différence de micro quand c'est kambouaré qui est intérogé ! :O Mdrr :P,0
2013-08-25T02:44:28Z,LENS FANS <3,0
2014-07-27T21:16:41Z,"ocampos,icardi,vietto,botta,iturbe,lamela,rojo,gaitan,cartabia,lanzini,luciano acosta,kraneviter ,carrizo,correa.son el futuro de argentina 2018",10
2014-07-10T00:15:57Z,james the best ,0
2014-07-05T21:20:30Z,"Daghe Ocampos, Daghe Munegu",0
2014-07-04T22:01:39Z,Ocampos and James Rodriguez <3,0
2014-07-04T22:01:37Z,Ocampos and James Rodriguez <3,1
2014-05-27T18:23:26Z,The new Di Maria.,0
2014-05-01T15:17:58Z,Awesome video !' Please make video about LADISLAV Krejčí ,0
2014-05-01T11:10:34Z,"11 Lucas Ocampos
AS Monaco, Ligue 1 (France)
Date of birth: 11.07.1994
Place of birth: Quilmes  
Age: 19
Height: 1,87
Nationality: Argentina
Position: Midfield - Right Wing
Foot: both",0
2014-06-19T03:55:25Z,:),0
2013-12-09T01:12:55Z,Enfin il encair,0
2014-06-13T19:51:34Z,"Lol, ich hab den Channel nicht abonniert, wieso ist das vid in meiner Abo-Box?",0
2014-01-21T21:01:44Z,Voila quoi,0
2014-01-21T15:50:02Z,"""Voil"", ""voilà, ""voilà"",...",0
2014-01-21T10:09:02Z,Bienvenue et bonne chance au RCL!,0
2014-01-20T20:07:59Z,Bienvenue Marcel,0
2014-01-20T19:04:00Z,J'ai envie de vous dire : Voila Marcel Tisserand !,2
2014-01-20T18:13:21Z,"J'ai compté 15 "" voila "" Ahahah, 1 er renfort voila.",2
2014-01-20T17:53:13Z,bienvenue au rcl :-),0
2014-01-20T17:40:33Z,"Mdrr la pluie de ""voila""",5
2014-01-20T17:38:08Z,Bienvenue ! enfin un bon défenseur a droit !! ,0
2014-06-07T19:41:23Z,He will carry cameroon to win the world cup ,0
2013-12-09T08:33:11Z,,0
