publish_date,title,view_count
2014-03-22T23:00:01Z,Nîmes Olympique - RC Lens (3-3) - 22/03/14 - (NIMES-RCL) - Résumé,14383
2013-08-24T22:00:11Z,Stade Lavallois - RC Lens (0-2) - Le résumé (LAVAL - RCL) - 2013/2014,19610
2014-04-01T10:00:02Z,RC Lens - Clermont Foot (1-1) - 31/03/14 - (RCL-CF63) - Résumé,8020
2013-10-01T10:00:01Z,RC Lens - FC Metz (3-2) - Le résumé (RCL - FCM) - 2013/2014,42212
2014-01-14T11:00:01Z,Stade Brestois 29 - RC Lens (0-1) - 13/01/14 - (SB29-RCL) -Résumé,6434
2014-06-07T22:31:58Z,#RumboAlMundialDeBrasil: Camerun 1 - 0 Moldavia  - 7.6.2014,114
2013-12-14T23:00:01Z,Angers SCO - RC Lens (1-2) - 14/12/13 - (SCO - RCL) - Résumé,22764
2013-09-14T22:00:04Z,Havre AC - RC Lens (6-2) - Le résumé (HAC - RCL) - 2013/2014,52473
2014-03-04T11:00:01Z,RC Lens - Tours FC (2-2) - 03/03/14 - (RCL-TOURS) - Résumé,19299
2014-05-07T22:00:01Z,FC Istres - RC Lens (1-6) - Résumé - 06/05/14 - (FCIOP-RCL),64116
2013-11-23T23:00:00Z,RC Lens - Châteauroux (2-0) - Le résumé (RCL - LBC) - 2013/2014,15724
2013-10-08T10:00:00Z,AC Arles Avignon - RC Lens (1-1) - Le résumé (ACA - RCL) - 2013/2014,8564
2013-12-21T19:56:05Z,RC Lens - FC Istres (1-2) - 19/12/13 - (RCL - FCIOP) - Résumé,9050
2014-05-10T22:00:01Z,RC Lens - Stade Brestois 29 (0-1) - Résumé - 09/05/14 - (RCL-SB29),27222
2014-02-25T11:00:02Z,US Créteil - RC Lens (2-3) - 24/02/14 - (USCL-RCL) -Résumé,10104
2013-08-31T16:07:53Z,RC Lens - Charleroi (4-2) Match amical saison 2013/2014,1155
2013-11-30T23:00:01Z,AS Nancy-Lorraine - RC Lens (1-0) - 30/11/13 - (ASNL - RCL) - Résumé,11544
2014-05-07T16:09:09Z,Conférence de presse avant Lens - Brest,8425
2013-09-20T20:16:11Z,RC Lens   Créteil 1 1 égalisation de Andriatsima le 20 09 2013,2445
2014-05-07T18:09:22Z,Conférence de presse FC Istres - RC Lens (1-6) - 2013/2014,544
2014-03-22T17:50:39Z,Conférence de presse Nîmes Olympique - RC Lens (3-3) - 2013/2014,815
2013-11-02T23:25:19Z,RC Lens - SM Caen (2-1) - Le résumé (RCL - SMC) - 2013/2014,27462
2014-04-26T22:00:02Z,RC Lens - AS Nancy-Lorraine (1-1) - 25/04/14 - (RCL-ASNL) - Résumé,12064
2014-07-17T18:36:33Z,Franck Etoundi - Highlights,19327
2014-06-18T23:00:00Z,CAMEROON - CROATIA | FIFA World Cup 2014 (All Goals Highlights HD),8767
2013-08-24T18:51:52Z,Conférence de presse Stade Lavallois - RC Lens (0-2) - 2013/2014,829
2014-06-23T21:00:01Z,CAMEROON - BRAZIL | FIFA World Cup 2014 (All Goals Highlights HD),993
2014-05-01T11:01:09Z,Lucas Ocampos - Super Talent  - Crazy Skills Dribbling Assists &amp; Goals /Full ᴴᴰ/,36554
2014-06-19T03:50:53Z,resumen Croacia vs Camerun 4 - 0 Mund Bra 2014 18/06/14,2491
2013-12-08T23:00:02Z,Goal Landry N&#39;GUEMO (27&#39;) - Girondins de Bordeaux - LOSC Lille (1-0) - 08/12/13 (FCGB - LOSC),2692
2014-06-13T18:00:03Z,MEXICO - CAMEROON | FIFA World Cup 2014 (All Goals Highlights HD),1821
2013-11-24T23:00:01Z,Stade Rennais FC - Girondins de Bordeaux (1-1) - Highlights (SRFC - FCGB) - 2013/2014,3029
2013-08-20T23:50:01Z,Kyel Reid ahead of Sheffield United fixture,1082
2014-01-20T17:33:42Z,Les premiers mots de Marcel Tisserand en Sang et Or,13706
2013-12-05T14:35:16Z,Mondial 2014 / N&#39;guemo : &quot;Si on tombe sur la France...&quot; 05/12,489
2014-06-02T00:51:09Z,Socceroos: Dario Vidosic,228
2013-09-03T18:05:12Z,RC Lens - Troyes (ESTAC) (1-0) saison 2013/2014 Apres match,1673
2013-10-15T11:49:20Z,Club House - Avec Mariano et Nguemo [extrait],358
2014-04-20T16:47:08Z,"Vincent Aboubakar Goals, Skills and Assists 2013/14",2033
2013-12-08T18:03:24Z,Ligue 1 / Enyeama : &quot;Je m&#39;en fous de ce record&quot; - 08/12,1389
2013-12-08T18:28:29Z,"Ligue 1 / Girard : &quot;Quand on ne joue pas, on ne peut pas gagner&quot; - 08/12",155
2014-03-19T20:00:02Z,Club House - Nguemo et Maurice-Belay en guests [Extraits],129
2013-09-25T09:57:41Z,Point Presse - Landry Nguemo,580
2013-12-24T19:31:12Z,Aboubakar vincent,1071
2014-04-16T19:00:02Z,Club House - Nico et Landry en guests [Extraits],64
2014-03-02T12:59:38Z,Point presse de Landry Nguemo avant Sochaux,248
