published-time,comment,likes
2014-01-28T19:32:02Z,very intresting ,0
2013-12-18T17:16:15Z,i want to see gardner playing!,1
2013-11-11T22:55:08Z,Respect ;),0
2013-11-11T19:15:33Z,Respect to all the Armed Forces  AVFC,0
2014-07-10T06:47:41Z,The new prem ball looks sik! ,0
2014-07-08T20:02:09Z,villa!,0
2014-07-07T21:17:55Z,GOOD TO SEE JORES!!!!!!!!!!!!!! :D,1
2014-07-07T20:34:53Z,UP THE VILLA ,0
2014-07-07T17:49:18Z,Great the see some old faces back! cant wait for pre-season to start! UTV!,0
2014-03-10T22:27:31Z,Lend us your socks lads? ,0
2014-03-10T19:02:44Z,Please can we send them to Swansea on Saturday ..... with maybe Mulumbu !,0
2014-03-25T22:16:53Z,Dianne gave me a tour round villa aswell,0
2014-04-02T18:31:25Z,0:38 HANDBALL!!,0
2013-11-18T20:44:42Z,Fantastic video. I like these longer type videos! Keep them coming UTV,1
2013-11-18T17:04:41Z,Great to see these longer videos! ,0
2014-06-23T15:28:27Z,Wow. Fit is an understatement. She's amazing.,0
2014-06-20T04:30:41Z,"She is so beautiful!
Greetings from México! =D",1
2014-06-18T06:42:12Z,the bloke at 1:08 was playing a bit of pocket pool.,0
2014-06-17T23:18:26Z,Wow ,0
2014-06-17T14:09:29Z,She's fit as,6
2014-06-19T16:51:48Z,Nice vid,0
2014-02-14T08:32:24Z,Sign that cone up!! Cracking tackle on the new lad! :D,2
2014-02-13T23:10:16Z,Got a good shot on him!,0
2013-12-16T03:28:27Z,Yeah yeah is good,1
2013-12-08T14:31:33Z,I was  there,1
2013-11-11T21:10:03Z,I'm in that,1
2013-11-09T19:36:45Z,Omg I was there I played lol,2
2014-03-14T22:54:01Z,Could you sort out the audio balance please for the next video. #UTV,0
2014-03-14T09:34:01Z,Wish I played for villa,0
2014-03-18T03:45:31Z,Isma tu es bien! Du courage et bonne chance :) ,0
2014-07-30T02:09:21Z,Il a ete former a chateauroux,1
2014-03-22T14:04:35Z,That bloody music is shit. ,0
2014-03-21T13:23:37Z,Up the Wolves! ,0
2013-11-03T10:47:35Z,,0
