published-time,comment,likes
2014-04-27T08:46:18Z,dope bro,1
2013-12-21T19:18:05Z,I wish all freestyle videos were filmed and edited like this,6
2013-12-15T01:16:36Z,only show ,0
2013-12-14T14:11:14Z,nicely filmed!,0
2013-12-12T15:56:50Z,Sick video!,0
2013-12-12T07:10:29Z,boring get ur own style ¡¡¡ ,0
2013-12-12T04:23:28Z,Sick Upper bro....,0
2013-12-11T21:19:45Z,Class!,0
2013-12-11T20:53:07Z,"Love your way , Thank you TekNeeK",1
2013-12-11T20:28:01Z,"Nice , dude!
where can I get this ball ?",0
2013-12-11T17:54:11Z,amazing video as always,2
2013-12-11T17:44:19Z,TekFilms,2
2013-12-11T17:16:36Z,this is amazing video ,0
2014-02-01T22:54:46Z,Allez le SCO !!!! Les scoïstes sont derrière vous !!! 49 c'est exceptionnel !!! Battez vous et la ligue 1 est a vous !!!,4
2013-11-21T23:18:27Z,Hey mais c'est quoi se bordel ?! leur gardien ?! Petric ?! pouquoi il est la bas ????? c'est le gardien de Troyes mtn !!!,1
2013-11-21T23:14:54Z,Putain !!! le Stade de Istres quoi... BLINDE ! xD,0
2013-08-12T19:02:58Z,En angleterre les défenses sont tellement moisies (à l'image de celle de istresà qu'à chaque rencontre il y au moins 3 buts.,2
2013-08-08T19:41:03Z,Angers en ligue 1 Angers en ligue 1,0
2013-08-08T11:44:26Z,"Allez le SCO !!!!!!!!
",0
2013-08-07T19:02:40Z,Strasbourg en CFA 20 000 contre Mulhouse merci au revoir,1
2013-08-07T15:09:08Z,"Tu es sur de ça ??

Lens-Bastia : plein milieu des vacances, aucun enjeu, équipe adversaire qui vient de national => 28.000 !

Certains stades de L2 sont bien mieux garnis que certains de L1.",0
2013-08-07T10:11:18Z,très fort ces angevins ! =),1
2013-08-06T12:09:36Z,"Même pas 1000 spectateurs à Parsemain ! vraiment ridicule comme affluence ! 
(Un supporter nîmois)
",1
2013-08-05T14:46:02Z,Superbe le 2ème but d'Istres,0
2013-08-05T09:14:04Z,ligue2 officiel ce qui serait bien ce serait de faire comme la ligue 1 les résumés de tous les matchs en même temps Merci ,1
2013-08-04T17:30:59Z,"c'est la grande différence avec l'anglettere : en ligue 2 les stade sont vide ! en championships il son a guiché fermé . alors si la france veut posseder un grand championnat il faut deja regler ce problème .
",2
2013-08-04T13:51:59Z,"oui xd
",0
2013-08-04T08:01:01Z,ya plus d'angevins que d'istréens dans les tribunes,0
2014-04-02T10:19:26Z,fuck bastia vive rc lens,1
2013-08-29T22:31:23Z,Il a jouer mon père au cab,1
2013-08-29T16:41:45Z,Allez le sco,1
2013-08-28T14:55:02Z,Classement officiel des buteurs : Khaled Ayari (SCO Angers) en tête !,2
2013-08-26T10:08:43Z,angers les plus forts,1
2013-08-25T06:47:56Z,ALLLLLEZZ LE SCOOOO,1
2013-10-06T06:10:41Z,Allez le sco,0
2013-12-24T10:33:17Z,rooon pschiiiiittt rooooonnn pssccchhhiiiiiiiittt,1
2013-12-23T18:01:29Z,"les gars moi je joue  au centre de formation des u13 de angers et bah mon gars c pas de la tarte tt les jours en tout cas je l'ai est tous rencontre
au moins une fois",0
2013-12-21T23:50:57Z,maliki fait un bon match,0
2013-12-21T23:13:18Z,Maliki !,0
2013-08-20T07:11:44Z,et allors? l'arbitre en a décider ainsi si sa ne vous plait pas envoyer un dons à une association pour la formation des arbitres en france ; ),0
2013-08-19T11:12:02Z,la simulation flagrante de Blayac l'arbitrage qui comme tout au long du match ne prend pas le bonne decision ,0
2013-08-18T00:55:03Z,Angers en ligue 1 !!!!!!!!!!!!!!!!!!!!   :),1
2013-08-17T23:44:34Z,pfff le pénalty cadeau alors qu'il y a que dalle,1
2013-08-17T23:22:07Z,gg,0
2014-05-02T20:56:48Z,Caen <3 !!,2
2014-04-30T15:48:20Z,Caen <3 #ligeu1,0
2014-04-29T15:29:27Z,Ce vol n’empêche ! ,0
2014-04-29T14:50:27Z,"C'est vraiment pas mérité... tout ça à cause d'une connerie du malheureux défenseur Angevin, le foot est cruel...",6
2014-04-29T14:08:59Z,Quelle victoire pourrit,1
2014-04-29T12:41:15Z,on a chaud on a chaud  #lens  <3,0
2014-04-29T12:36:33Z,#Ligue2 - Revivez les meilleurs moments de Angers SCO - SM Caen (1-2) en vidéo.,2
2014-04-29T11:30:30Z,Caen <3,2
2014-04-29T11:20:40Z,Qui peut me dire pourquoi on voit pas le but refusé de Angers ?,2
2014-04-29T11:18:35Z,"Quelle déception on a dominé ce match, mais bon la montée l'année prochaine! Allez le sco! <3",5
2014-04-29T11:00:03Z,"Très beau match du SCO, dommage de gâcher ce match très important pour la ligue 1 par une erreur... Dominer n'est pas gagner.",0
2014-04-29T10:36:33Z,Allez Malherbe <3,3
2014-04-29T10:21:06Z,Caen♡♥,2
2013-08-16T08:34:55Z,des supporteres confiant c'est déja un objectif réussi pour rené!!!,0
2013-08-02T23:17:54Z,J'en connais un de l'equipe communication qui va etre viré,0
2013-08-02T20:25:59Z,mdrrr au top le losc,0
2013-08-02T20:03:38Z,On entend pas les supporters mais j'adore ceux qu'ils disent haha,0
2013-08-02T14:15:21Z,Très intéressant ce que disent les supporters!,0
2013-08-02T12:19:44Z,totalement d'accord avec eux,0
2013-08-02T11:56:40Z,???????????????????,0
2013-08-02T11:02:09Z,"la prochaine fois ... allumez les micros mdr
",0
2013-08-02T10:11:54Z,Normal qu'on entende tout SAUF les supporters ?,0
2013-08-02T09:10:16Z,"on entend pas
",0
2013-10-07T16:23:46Z,"vive le sco
",1
2013-08-20T10:20:36Z,oh le but merdeux,1
2013-08-14T10:17:37Z,Aller le scooooooooo!!!!,1
2013-08-12T13:34:06Z,Allez le SCO,1
2014-03-23T09:39:24Z,Ji suis allez,1
2014-03-22T22:30:33Z,"C'est une honte ce ""résumé""...",0
2014-03-22T09:01:30Z,"Dommage pour le SCO, les autres commencent à bien remonter derrière !",1
2014-03-21T08:15:16Z,Bravo Brest ! Résumé à chier ! Pourri ! ,2
2014-03-20T22:59:28Z,C'est bon pour la montée de nancy ça !,1
2014-03-20T17:03:55Z,"ICI C'EST BREST, angers cherche la baston et ensuite ils se prennent un magnifique but de notre maitre artificier, angers l'a dans le cul,brest remonte, une bonne operation!",3
2014-03-20T16:49:16Z,"C'est lamentable de proposer un résumé comme ça !
Le match n'était peut-être exceptionnel mais là, la ligue se moque vraiment du monde... et on s'étonne qu'il y ai de moins en moins de public dans les stades ! C'est avec des résumés de ce genre qu'on va l'attirer le public !",2
2014-03-20T15:32:24Z,Angers a perdu c'est bon pour Moulins ça !,1
2014-03-20T15:09:17Z,Un max de pouces rouge pour ce résumé complètement bidon !,2
2014-03-20T15:08:43Z,"Putain mais quel résumé de merde !!! Des plans de caméra complètement bidon, des ""replay"" sur des moments qu'on en a rien a foutre , des actions non-filmées.........",1
2014-03-20T13:53:17Z,C'est quoi ce résumé de merde ...,6
2014-03-20T12:18:27Z,Faut-il vous apprendre à faire un vrai montage ?,1
2014-03-20T12:15:12Z,MAGNIFIQUE COUP FRANT !!!!!!!!!!!!!!!!!!!!!!!!!!!!!!!!!!!!!!!!,1
2014-03-20T12:10:07Z,ICI C EST BREST,3
2014-03-20T11:27:12Z,#Ligue2 - Revivez les meilleurs moments de Stade Brestois 29 - Angers SCO (1-0) en vidéo.,2
2014-03-20T10:30:28Z,resumé tout buggé,1
2014-03-20T10:23:29Z,yes je suis le premier vue,0
2014-05-18T12:36:25Z,Allez le sco !!! ,1
2013-10-05T19:44:56Z,Et ça se voit :D,0
2013-10-05T12:21:30Z,Oui tkt je sais bien c'était fait expret que sa soit nul a chier ;),0
2013-10-05T08:29:13Z,"La sortie, c'est par là : -> [] xD",0
2013-09-30T22:52:27Z,"trois-trois à Troyes ! 

C'était nul mais fallait que je le fasse :)",0
2013-09-27T13:32:23Z,ils nous refont le match LOSC- SOCHAUX ,1
2013-09-26T10:40:16Z,"Imprenable, mais pas imperméable !",0
2013-09-25T22:23:44Z,"Quel match ! Allez l'estac, le Stade de l'Aube est une forteresse imprenable !",1
2014-03-27T12:05:56Z,Amin ya Allah,0
2014-04-15T13:00:23Z,Beau but de Ben Othman et passe décisive de Ayari ;) ,4
2014-03-30T23:39:07Z,"La passe décisive de Carasso , belle erreur !",0
2014-03-30T12:05:11Z,Très beau match entre deux équipes qui méritent la monté !! Metz est en L1 !! ;),3
2014-03-30T01:43:10Z,Tiens c'est marrant vous ne montrez jamais les penos non sifflés dans vos résumés,7
2014-03-29T23:20:25Z,Allez Metz <3 la ligue 1 est proche ! ,0
2013-09-26T21:39:04Z,"cette saison j'aimerai que angers et lens remontent et que valancienne sochaux descende 
suporter de nantes",0
2013-09-23T19:09:05Z,"faudra travailler la possession angers parce que 34% c est juste !
sinon allez le SCO !!!",0
2013-09-23T18:35:03Z,Ahah ma mini apparition a 2:16,0
2013-09-23T14:15:53Z,Khaled Ayari refait parler la poudre ! L’attaquant tunisien d’Angers SCO a repris place sur le podium des classements officiel des buteurs de Ligue 2 (2e) avec une 5e réalisation lors de la 7e journée. http://bit.ly/14znhfe,1
2013-09-22T19:37:23Z,En avant pour la ligue 1,0
2013-09-22T14:54:07Z,"La dalle Angevine !!
",0
2013-09-22T07:45:00Z,angers !,0
2013-09-21T22:31:30Z,Allez le sco,0
2014-06-18T17:52:26Z,guly is a excellent championship player should go to Bournemouth  ,0
2014-05-25T15:04:47Z,good luck guly ill never forget you,0
2014-05-25T15:04:23Z,"heeeeey hey peche-ti-no, i wanna knooooooow why you let guly go",0
2014-05-21T17:16:02Z,Good old Guly. I used to watch saints loads in league One at st marys. Good times. Guly done us proud,0
2014-05-20T13:18:34Z,"why is it ""Gouly"" ,not Guly, like sunny",0
2014-05-19T18:23:46Z,"This video shows that all those haters are a bunch of pricks because we wouldn't be here without guly. good luck 
",0
2014-05-19T10:00:20Z,"Thanks for the memories guly, good luck brother. ",0
2014-05-19T08:14:12Z,A great loss and a great asset for the saints. What a special front team Guly and Lambert were. All the best thank you for serving our club. God bless,1
2014-05-19T05:52:45Z,Guly Do Prado what a legend !!! Thanks for the hard work and the goals over the years all the best !!!!! COYS !!!!!,0
2014-05-18T21:01:46Z,thank you Guly for them goals ,1
2014-05-18T19:06:20Z,Hopefully this video will show the haters that he scored some key goals in League 1 and the Championship.  #GoodByeGuly  #Legend,17
2014-05-18T18:47:22Z,Bye Guly. But... just one more thing. If Guly scores we're on the pitch!  #GoodbyeGuly  ,0
2014-05-18T10:46:14Z, #GoodbyeGuly  Good luck in the next part of your journey in life  #SaintsLegend  ,0
2014-05-18T08:29:33Z,The best Brazilian to never feature for Brazil,0
2014-05-18T08:07:26Z,I ain't a Guly hater but man that guy was lazy sometimes!!!! ,0
2014-05-17T22:43:28Z,Thanks Guly gonna miss him,0
2014-05-17T21:05:42Z,"Ohhh Guly do prado!!  Will be missed by many, amazing character ",0
2014-05-17T19:53:57Z,"there will ever be another guly do prado. a true saints legend.
 #GoodbyeGuly  ",0
2014-05-17T16:49:49Z,Good bye guly better than messi,0
2014-05-17T16:16:18Z,Saints legend. ,0
2014-05-17T15:32:12Z,#GoodByeGuly,0
2014-05-17T14:49:59Z,Ging gang guly 😂👌,3
2014-05-17T14:44:33Z,GING GANG GULY!!!!!!!!!!,13
2014-05-17T14:44:19Z,GULY GULY GULY GULY !!!,5
2014-05-17T14:39:33Z,"Instrumental in getting us to the premier league, no matter what anyone says about him he's a true saints legend and he will be missed",0
2014-05-17T13:24:08Z,#goodbyeguly He will be missed so much.,0
2014-05-17T13:19:27Z,Get goosebumps just watching this! Thanks guly you've been a true saint over the years ,0
2014-05-17T13:17:34Z,A true legend. Thank you Guly. #GoodbyeGuly #GingGangGulyGuly,7
2014-05-17T12:50:38Z,"My favourite player, was going to get his name on my shirt for next season :(",0
2014-05-17T12:44:58Z,Thanks for those great times Guly!,0
2014-05-17T12:20:59Z,Well done guly,0
2014-05-17T11:58:01Z,sad to see him go,2
2014-05-17T11:44:19Z,Will be missed so much one of my club favourites over the years ,0
2014-05-17T11:43:32Z,Some call him Guly I prefer the term god,7
2014-05-17T11:24:14Z,Legend ,0
2014-05-17T11:22:51Z,Legend Guly thanks for everything,0
2014-05-17T10:47:32Z,Legend,0
2014-05-17T10:44:15Z,"We'll miss you Guly, thank you for helping us to get us where we are now. ",0
2014-05-17T10:30:05Z,"Farewell Guly, no matter what people say you made a big contribution to Saints and we'll never forget that.",0
2014-05-17T10:18:26Z,"Great player that helped so much at getting back to the BPL unfortunately he wasn't able to live up to the BPL standards, sad to see him go and hope he does well with whatever he does next.",0
2014-05-17T10:16:21Z,"Guly

",0
2014-05-17T10:16:08Z,Yay ugly was shit ,0
2014-05-17T10:14:37Z,3 more to leave! Lallana shaw and lovren! HAHAHAHA ,0
2014-05-17T10:13:49Z,"OLE OLE OLE OLE GULY! GULY!
We will miss you",0
2014-05-17T09:58:53Z,A tribute to a legend.,0
2014-05-17T09:51:07Z,"VIDEO: As he heads for pastures new, we look back over Guly do Prado’s four seasons at Southampton FC – http://youtu.be/cO1n0czMR9g #GoodbyeGuly #saintsfc",9
2014-05-17T09:43:54Z,GULY! <3 ,0
2014-05-17T09:41:24Z,"he was a outstanding player in the championship but not as good in the prem, but he will always be a legend and it is said to see him go :(",31
2014-05-17T09:40:03Z,love you guly! good luck with the rest of your career.,0
2014-05-17T09:38:02Z,"Farewell, Guly. You were an important player to us over the four years you were with us, and I thank you for that as I'm sure many other Southampton fans will. Good luck with whatever the future holds!",14
2014-05-17T09:37:29Z,NOOOOOOOOOOOOOO GULY!!!!!!!!! We will miss you:(,2
2014-05-17T09:35:49Z,guly is amazing,0
2014-05-17T09:30:55Z,;(,0
2014-05-17T09:30:00Z,anyone who scores for the saints is a god in my book.,0
2014-05-17T09:28:26Z,Great player,0
2014-05-17T09:26:53Z,:'(,0
2014-05-17T09:24:31Z,"GULY DO PRADO, MAKES MESSI LOOK SHITE",0
2014-05-17T09:22:24Z,"Gonna miss ya ugly, thanks for everything. Ole ole ole GULYYYYYY GULYYYYYYY",0
2014-05-17T09:21:45Z,"Ole ole ole ole, Guly! Guly!",6
2014-05-17T09:20:06Z,Bye guly,1
2013-12-06T21:50:19Z,"c'est zlatan qui le met celui là, on en entend parler toute l'année...",1
2013-12-02T20:40:55Z,Oh vous avez du oublier (sans faire exprès) le but angevin sifflé (à tord) hors jeu. Non? ,0
2013-11-30T23:05:24Z,pour une fois que le scénario arrive à l'envers ... Bien joué les p'tits gars !,0
2014-03-16T14:16:18Z,aller le sco,0
2014-03-16T08:42:16Z,"Bourde du goal à la 92eme, dommage...",1
2014-03-16T00:07:10Z,Dommage le SCO,0
2013-10-24T22:55:16Z,Allez les chamois Niortais vs etes les meilleurs,0
2013-10-21T17:07:27Z,Angers 3,0
2013-10-21T17:06:48Z,Angers 3,0
2013-10-21T17:03:32Z,C'était trop cool j'étais au stade!!!,0
2013-10-21T15:00:49Z,Çà se voit que tu n'es jamais aller à Bollaert ,0
2013-10-20T09:49:02Z,"Les meilleur j'y etait une belle ambience =o
",0
2013-10-20T09:05:25Z,Angers! Angers! Angers! ❤,0
2013-10-20T09:03:18Z,Allez niort !,0
2013-10-20T01:46:27Z,Aller angers,0
2014-05-11T10:33:15Z,Nancy méritais largement la victoire face à l'équipe B d'Angers .,0
2014-05-11T00:29:58Z,"Jimmy poupart, tais-toi!",3
2014-05-10T22:25:43Z,Nancy mérite pas de monter en l1 ,6
2014-02-24T10:33:21Z,Shen genazvale Zango ra goli gaitana! :D,0
2014-02-03T21:02:08Z,quel buttttt ! SCOOO,0
2014-02-02T22:58:59Z,Ce But oulalalala,0
2014-02-02T08:58:11Z,Rien à faire que le but soit chanceux l'important ce sont les 3 points ,0
2014-02-02T07:26:17Z,"but on ne peut plus chanceux, yattara a d'ailleurs lui-meme avoué qu'il voulait centrer...",0
2014-02-01T23:33:35Z,Magnifique but ! ,0
2014-02-01T23:20:16Z,C'est ça le SCO !!,3
2014-03-23T08:00:36Z,"domage le sco qui méritaient mieux vu la physiomie du match ... :-\
Si niort monte, le club signera son arrêt de mort... Nouveau stade a construire, effectif a renforcer, centre d entrainement de ligue 1, pour l un des plus petit budget de ligue 2.",1
2014-03-23T08:00:25Z,"domage le sco qui méritaient mieux vu la physiomie du match ... :-\
Si niort monte, le club signera son arrêt de mort... Nouveau stade a construire, effectif a renforcer, centre d entrainement de ligue 1, pour l un des plus petit budget de ligue 2.",1
2014-03-23T07:45:43Z,"bravo Niort, quand on voit que Niort avait plus etait sur un podium de ligue 2 depuis la saison 2003/2004",0
2014-03-23T07:32:40Z,Bravo aux chamois!,0
2014-03-23T07:10:59Z,Bravo à Niort,0
2013-11-01T22:33:27Z,"After netting last weekend, Rickie Lambert says he is hoping for more goals when #SaintsFC visit Stoke City tomorrow: http://youtu.be/--LX-r4LIdE",0
2013-11-01T13:09:10Z,Rickie for the World Cup!,0
2013-11-01T12:31:50Z,His role isn't goalscorer now its a bit more hold the ball up/defence but its working ignore the critics COYR,0
2013-11-01T12:29:38Z,"It was his 3rd of the season, not his 2nd",0
2013-11-01T12:25:11Z,Descriptions wrong btw,0
2013-11-01T12:19:18Z,"He's very good in defensive corners, sometimes he comes back and gets a defensive header away:)",0
2014-02-16T20:09:23Z,"Le pénalty est mal tiré, vraiment dommage pour Laval.",0
2014-02-16T12:58:54Z,Allez le SCO !!!,4
2014-02-16T09:33:38Z,Malicki <3,5
2013-11-03T14:42:41Z,ACA !!! ,0
2013-11-03T01:16:47Z,vive le SCO d'un supporteur lyonnais :p,0
2014-03-31T18:43:21Z, elle est belle chli7a je te l'accorde,0
2014-05-07T11:46:46Z,ALLER LE LOSC!!!!!!!!!!!!!!!!!!!!,0
2014-05-06T16:41:17Z,<3 dj mehdi ,0
2014-05-06T13:55:48Z,A quand les vidéos HD.....,1
2013-10-28T13:52:40Z,losc!!!!!!!!!!!!!!!!!!!!!!!!!!,0
2013-10-23T09:30:04Z,Bientôt Lille - Monaco,0
2013-10-04T13:40:22Z,L'hymne à la fin du match est magnifique. ,0
