published-time,comment,likes
2014-07-17T09:46:35Z,Le hold up parfait. Allez Brest!!!,0
2014-03-16T19:00:37Z,Des vrais merdes à l'extérieur on ne mérite pas de monter...,2
2014-03-16T10:04:44Z,ICI C'EST BREST!,4
2014-03-16T00:34:31Z,Ici c'est Brest ! (,1
2014-03-16T00:10:42Z,Dommage le TFC,1
2014-01-20T11:56:19Z,Allez istres <3 ,3
2014-01-19T19:06:56Z,0:55 Zapping du Manqué de l'année !,3
2013-11-15T11:34:01Z,"C'est clair, c'est le petit-fils Thiriez qui fait les ""montages"" pour s'faire de l'argent de poche ?",0
2013-11-11T11:28:09Z,WTF LE MONTAGE DE MERDE ?,0
2013-11-11T07:20:17Z,"Sérieux mais, cette vidéo c'est pas un résumer !",0
2013-10-07T18:50:08Z,Ji etait au match nous les tourangeaux on c'est fait peur.mais c domage dans le resumer il mete pas le super centre retourner et retourner encore mais sur le gardien.gros frison cetait magnifique,0
2013-10-06T20:14:25Z,Ferme tag élu tours il sont fort,0
2013-10-06T08:08:12Z,Tours à eu beaucoup de chance !!,0
2013-10-06T02:04:52Z,Allez Tours Fc,0
2013-08-25T16:45:58Z,D'accord avec toi young Man. On joue mieux que l'année dernière et on ne fais quasiment que perdre alors qu'avant on gagnait .,0
2013-08-25T12:22:45Z,Marié* pas Mary--',0
2013-08-25T08:31:52Z,super match de thebaux,0
2013-09-05T16:40:59Z,c'est vrai moi je attendu que tout le monde se leve pour savoir qu i avait but!,0
2013-09-02T07:07:06Z,SCO!<3!,0
2013-09-01T20:03:21Z,Nan gro,0
2013-09-01T19:19:25Z,À tous les brestois chercher pa c Angers les meilleur,1
2013-09-01T11:29:55Z,moinbe est une merde ou il le fait expres,0
2013-09-01T07:49:38Z,Le but de brest limite limite.,0
2013-08-31T23:57:35Z,Une bonne rentrée de Socrier! Et une fin de match magique :P.,1
2013-08-31T23:26:22Z,"A priori ce n'est pas Socrier qui marque, mais Traoré contre son camp, d'après les aveux du joueur angevin. Quoi qu'il en soit, l'espace laissé à Gamboa par Coulibaly pour centrer est inadmissible et Thébaux est bien apathique.",0
2013-08-31T22:07:52Z,ALLLEEEZ LE SCO. De la tribune coibertin on voyait pas les buts.,0
2013-09-22T10:05:40Z,Aller Brest,0
2013-10-04T17:16:48Z,allez Créteil !,0
2013-10-01T12:24:20Z,D'acord avec toi par contre ils le font pas en L1,0
2013-09-29T14:36:01Z,"Mais qui a laissé filmer le stagiaire ?? La caméra est resté bloquée sur le zoom avant ?
",0
2013-09-29T08:30:14Z,Appliquez vous quand vous faites vos video,0
2013-09-29T06:30:51Z,le montage est nul,0
2013-09-28T22:17:09Z,"Le montage est catastrophique, faites un effort.",0
2013-09-17T16:30:23Z,bon à rien,0
2013-09-17T13:13:53Z,"Faut cadrer Verdier, faut cadrer ! ",0
2013-09-17T10:05:16Z,"Retrouvez le résumé d'AJ Auxerre - Stade Brestois, le dernier match de la 6e journée de Ligue 2.",1
2014-07-16T15:42:37Z,Très beaux ciseaux acrobatique.,0
2014-06-20T17:27:15Z,J'espere que vous allez faire des resumé de chaque journée comme la ligue 1 la saison prochaine Ligue 2 (Officiel),0
2014-06-20T17:22:37Z,merci pour la video (il etait temps^^),0
2014-06-20T17:10:26Z,4 mois plus tard mdrr,1
2014-06-19T22:43:05Z,Ligue 2 mettez les 24buts de Delort aussi svp,0
2014-06-18T15:21:58Z,n’empêche le but est magnifique ! :) ,0
2014-06-18T15:09:43Z,WTF c'est la coupe du monde à Brest ?,0
2014-06-18T14:58:29Z,Pourquoi ? :O,0
2014-06-18T13:50:46Z,Oui WTF on est d'accord!,0
2014-06-18T13:44:37Z,Euh wtf!?,4
2014-03-26T23:51:30Z,"Ligue 1 nous voilà !
Ici c'est Metz !",1
2014-03-25T23:14:13Z,parce que notre montée se passe de commentaire ...,1
2014-03-25T19:00:38Z,pourquoi y a pas de commentaires ?,1
2014-03-25T12:40:53Z,beau but,3
2014-03-25T11:38:43Z,"#Ligue2 - 29e journée - Revivez les meilleurs moments de FC Metz - Stade Brestois 29 (1-0) en vidéo grâce à notre chaîne officielle Youtube ! Supporters, on attend vos commentaires !",9
2013-11-24T07:55:37Z,"Mais bon après c'est clair que ce match là, les niortais méritaient clairement de gagner même à 11 contre 9",1
2013-11-24T07:53:35Z,"Ils sont vraiment dans un mauvaise passe les brestois, c'est assez étonnant vu les performances de l'équipe ces dernières années :/ vous avez mon soutien (un supporter dijonnais)",1
2013-11-23T23:21:42Z,"Yeah chamois
",1
2013-09-28T16:49:00Z,J'admire ton fair-play=),0
2013-08-29T12:42:19Z,et le commentateur il aoublié d'allumer son micro ?,0
2013-08-28T09:48:16Z,2:35 Oh ce geste !! Un geste d'un joueur prometteur ! En tout cas ICI C BREST !,0
2013-08-24T10:17:47Z,Ohhh il devient vulgaire :D,0
2013-08-22T21:31:15Z,ferme ta gueule nancy va rester en ligue 2 et brest va monter,0
2013-08-22T21:29:39Z,"c,est ton comentaires qu'est bidon si tu trouves c'est equipes bidon pourquoi tu viens voir le resume du match 
conar",0
2013-08-22T18:16:47Z,putain enfin on marque des buts pourvu que sa dure ,0
2013-08-22T18:15:53Z,tu ne sais pas te défendre seul??,0
2013-08-22T10:21:44Z,"Je suis désolé de t'annonce que ma mère ne pratique pas le même métier que le tien.
Toi, par contre, tu as un gros problème de maturité, tu as quel âge ? 11-12 ans ?
Soyons fous, allons jusqu'à la majorité !

Grandis un peu dans ta tête !",0
2013-08-21T19:42:03Z,Enorme ce but!,0
2013-08-21T13:05:58Z,Cherche pas tu verra au match retour Nancy va gagner parce que Brest il sont nul,0
2013-08-21T13:01:22Z,brest,0
2013-08-21T13:00:57Z,beau gosse t'es moche psk nancy sont horible eux ils sont fort,0
2013-08-21T12:55:52Z,"Non mais laisser tomber les breton Brest ils sont nul , ils ont que de la chance , vive Nancy !!!! Nancy va remonter en ligue",0
2013-08-21T10:08:25Z,"nancy en national et troyes en national tu rêve mon petit...
Nancy et troyes on largement le niveau de la ligue 2 tout comme Brest(mais il ne monteront pas en ligue 1 cette année) ",0
2013-08-21T07:08:42Z,pk sa te derange c'est vous qui foute la merde pas moi par contre si tu es t en face de moi tu te casserai direct,0
2013-08-21T07:05:49Z,enfin qqn qui me croit,0
2013-08-21T07:05:16Z,ah enfin un mec cool,0
2013-08-21T00:18:20Z,Quel manque d'efficacité côté Nancy ...,0
2013-08-20T23:50:46Z,"Quel joli but et quel plaisir d'être comme dans les conditions du direct ! 
Pas de commentateurs qui vont parfois te les casser, ici nous sommes comme les spectateurs avec en plus les ralentis...
",0
2013-08-20T23:06:29Z,Beau but faut avouer,0
2013-08-20T22:26:07Z,"Qui c'est les plus nuls, évidemment c'est les Nancéens ! Ils pourraient loupés une vache dans un couloir. Avec Troyes ils vont descendre en national où ils pourront essayer de jouer le maintien. MDR. ICI C'EST BREST !  ICI C'EST BREST ! Direction la L1.",0
2013-08-20T22:21:54Z,Et vive la Bretagne ;),0
2013-08-20T20:24:40Z,Brest les chateux !,0
2013-08-20T17:03:17Z,Quelle répondant !! 13/14 ans?,0
2013-08-20T17:03:12Z,Quelle répondant !! 13/14 ans?,0
2013-08-20T15:45:22Z,et puis arrete de causer tu es pas inviter a me parler,0
2013-08-20T15:25:40Z,"Par contre, t'es une grosse burne, et ça c'est une certitude. Charlot.",0
2013-08-20T15:24:27Z,"Euh, 5 tirs cadrés pour Brest (14 tirs), contre 3 pour Nancy (16 tirs). La gueule de la domination outrageuse de Nancy !",0
2013-08-20T12:35:28Z,non chui pas pour grenoble car c pas parce que je suis du 38 que je supporte grenoble ! au contraire j'aime pas grenoble,0
2013-08-20T12:21:39Z,"Nancy méritait de gagner , ceux qui sont pour Brest vous avez rien compris , Nancy va remonter en ligue 1 . Allez Nancy !!!!!",0
2013-08-20T12:15:40Z,"Non non ce n'est pas hors rapport, je présume que tu est pour le Grenoble Foot 38 au vu de ton pseudo .. Alors je fais simplement une comparaison des club ",0
2013-08-20T11:58:20Z,qu'es ce que tu viens foutre dans une conversation qui ne t'ai pas adresse ?,0
2013-08-20T11:56:39Z,Nancy a juste été nul devant le but c'est la seule raison de leur défaite.,0
2013-08-20T11:53:01Z,et tu es pour qui monsieur la personne immature ? ,0
2013-08-20T11:32:21Z,Où est Grenoble?! Bha mince pas en ligue 2 ni en ligue 1 ... Je comprend que Perez est quitté ce triste club ..,0
2013-08-20T11:03:00Z,Prend pas ton club pour une généralité (triste Grenoble) .,0
2013-08-20T10:57:47Z,"brest c est des nul  nancy des mastodonte

",0
2013-08-20T10:55:37Z,ok si tu veut mais sa empeche pas que brest est bon pour la cfa et nancy aussi,0
2013-08-20T10:55:03Z,je rages pas puisque je m'en fou des 2 equipes c'est des merdes a chier les 2,0
2013-08-20T10:36:36Z,"Le but de Grougi c'est de la chance? Le sauvetage de Falette aussi c'est de la chance? Je dirais plutôt du beau boulot des Brestois et un manque d'efficacité de Nancy. Brest a mieux tenu le match que Nancy, tout ça ce n'est pas de la chance ..",0
2013-08-20T10:20:56Z,brest = chance,0
2013-08-20T10:15:33Z,Retrouvez le résumé du match de clôture de la 3ème journée de  #Ligue2 . AS Nancy Lorraine - Stade Brestois : 0-1,0
2013-10-24T10:52:00Z,Aller Metz !!!,0
2013-10-23T12:44:49Z,"Putain 3-0 chez un ancien de L1, que c'est bon",0
2013-10-23T10:41:13Z,Ce n'est pas un défenseur.,0
2013-10-22T13:20:50Z,La ligue 2 est Grenat Allez Metz ,0
2013-10-22T12:41:02Z,"Thébaux, depuis 1 an et demi, il respire pas vmt la sérénité...",0
2013-10-22T12:30:09Z,"3-0 contre Nancy 3-0 contre Brest, deux relégués de Ligue 1. Espérons la même chose contre Troyes !",0
2013-10-22T11:24:16Z,thébault mérite de jouer en Ligue 1. Je comprend pas comment il a pas trouvé une équipe en L1 cet été,0
2013-10-22T11:13:54Z,brest=nul metz=fort,0
2013-10-22T10:21:53Z, #Ligue2   - Retrouvez le résumé du match de clôture de la 11ème journée qui opposait le Stade Brestois au FC Metz (0-3).,2
2013-10-22T10:16:13Z,Gros rageux le défenseur a la fin !,0
2014-04-13T21:59:39Z,Brest handicapé par les absences de Mendy et Martial ? Ce serait bien que le commentateur sache un minimum de quoi il parle.,0
2014-03-23T09:39:24Z,Ji suis allez,1
2014-03-22T22:30:33Z,"C'est une honte ce ""résumé""...",0
2014-03-22T09:01:30Z,"Dommage pour le SCO, les autres commencent à bien remonter derrière !",1
2014-03-21T08:15:16Z,Bravo Brest ! Résumé à chier ! Pourri ! ,2
2014-03-20T22:59:28Z,C'est bon pour la montée de nancy ça !,1
2014-03-20T17:03:55Z,"ICI C'EST BREST, angers cherche la baston et ensuite ils se prennent un magnifique but de notre maitre artificier, angers l'a dans le cul,brest remonte, une bonne operation!",3
2014-03-20T16:49:16Z,"C'est lamentable de proposer un résumé comme ça !
Le match n'était peut-être exceptionnel mais là, la ligue se moque vraiment du monde... et on s'étonne qu'il y ai de moins en moins de public dans les stades ! C'est avec des résumés de ce genre qu'on va l'attirer le public !",2
2014-03-20T15:32:24Z,Angers a perdu c'est bon pour Moulins ça !,1
2014-03-20T15:09:17Z,Un max de pouces rouge pour ce résumé complètement bidon !,2
2014-03-20T15:08:43Z,"Putain mais quel résumé de merde !!! Des plans de caméra complètement bidon, des ""replay"" sur des moments qu'on en a rien a foutre , des actions non-filmées.........",1
2014-03-20T13:53:17Z,C'est quoi ce résumé de merde ...,6
2014-03-20T12:18:27Z,Faut-il vous apprendre à faire un vrai montage ?,1
2014-03-20T12:15:12Z,MAGNIFIQUE COUP FRANT !!!!!!!!!!!!!!!!!!!!!!!!!!!!!!!!!!!!!!!!,1
2014-03-20T12:10:07Z,ICI C EST BREST,3
2014-03-20T11:27:12Z,#Ligue2 - Revivez les meilleurs moments de Stade Brestois 29 - Angers SCO (1-0) en vidéo.,2
2014-03-20T10:30:28Z,resumé tout buggé,1
2014-03-20T10:23:29Z,yes je suis le premier vue,0
2014-01-27T20:26:22Z,Allez Nancy vous êtes les meilleurs!!,0
2014-01-26T05:53:01Z,Bien jouer a l'ASNL heureusement vous avez pas perdu aller ont compte tous sur vous pour que vous montiez dans le podium et essayer d'aller a la 1ère place et après vous montez en LIGUE 1 aller bonne chance !,0
2014-01-26T00:18:03Z,C'est un terrain de Ligue 2 ça ? .. ,0
2014-05-04T15:57:47Z,on méritait 100 fois la victoire c'est rageant j'espère que c'est pas les 2 points qui manqueront pour se maintenir,0
2014-05-04T11:18:43Z,Brest ne montera pas --',0
2014-04-30T15:06:08Z,"J'espère franchement que Brest ne va pas monter en Ligue 1, ce n'est pas que j'ai quelque chose contre Brest, mais il y a  déjà beaucoup trop de club Breton dans l'élite ( 4) et si Brest monte, ça fais 5. Résultat, y a tellement de derby que ça en devient lassant...",0
2014-04-26T22:18:12Z,Brest ======> L1 !!! <3 Allez la Bretagne ! :D,8
2014-05-24T06:49:29Z,"Notre chaîne commence ds 2 semaines 
",0
2014-05-13T18:02:45Z,Aller tours fc,1
2014-05-12T13:15:44Z,#Ligue2 - Revivez les meilleurs moments de RC Lens - Stade Brestois 29 (0-1) en vidéo.,6
2014-05-11T23:48:17Z,Allez Brest !,7
2014-05-11T20:22:25Z,"Penalty non valable et envahissement de guignol, fête gâche!",0
2014-05-11T13:34:31Z,Ahah top bon mdrr j'aime sa,1
2014-05-11T12:59:51Z,C'est dommage tout ces gens qui seront déçus de ne pas monter :/ !,2
2014-05-11T08:57:49Z,2.21 peno,0
2014-05-11T08:53:32Z,c'etait des footix et des parisiens,0
2014-07-16T21:29:33Z,"Pour moi sur la faute, il y a jaune mais pas rouge.",0
2014-07-16T21:21:25Z,Allez Brest!!!,0
2014-05-23T10:23:12Z,Le 1er but encaissé par Châteauroux est un mauvais gag :(,0
2014-03-19T11:21:35Z,On peur remonter en l1,0
2014-02-20T18:30:28Z,allez brest mous sommes tous avec vous,0
2014-02-16T13:57:06Z,Allez Brest,0
2014-02-16T11:01:14Z,BIEN JOUER BREST !! ON CONTINUE COMME CA JUSQU'AU MAINTIEN !!,0
2014-02-16T10:58:34Z,allez brest,0
2014-07-20T17:17:36Z,#pasdematchle5mai,0
2014-05-07T20:49:17Z,Bien joue a cean !!!! (Un supporter de nancy),0
2014-05-07T20:18:17Z,Caen Caen En Ligue 1,4
2014-05-07T20:01:54Z,C'est la ligue 1 pour malherbe  #fierdetrecaennais  ,4
2014-04-21T06:59:05Z,"Ok le ballon est contré sur le premier but brestois mais je ne vois pas de fautes sur le penalty.En tout cas Brest impose sont territoire partout ou il va ne ce moment, il faudra faire un bon match contre clermont.
",0
2014-04-20T10:13:47Z,"Le premier but de Brest est donnée par l'arbitre.
Allez Chamois",0
2014-04-19T22:19:33Z,Ici c'est Brest !!! <3,6
2013-10-28T19:13:59Z,"Apparemment , le but aurait été refusé pour "" l’ascenseur"" de choplin sur un défenseur de Angers . Mais bon tant pis , on est premier de Ligue 2 :D",0
2013-11-07T16:05:20Z,"il commence a avoir un jolie échange "" FC metz ! FC metz "" sa serais top pour les prochains match a venir =) ",0
