publish_date,title,view_count
2013-10-26T22:00:01Z,Havre AC - Stade Brestois 29 (0-1) - Le résumé (HAC - SB29) - 2013/2014,2966
2014-03-15T23:00:00Z,Stade Brestois 29 - Tours FC (2-0) - 14/03/14 - (SB29-TOURS) - Résumé,5826
2014-01-18T23:00:04Z,FC Istres - Stade Brestois 29 (3-1) - 17/01/14 - (FCIOP-SB29) -Résumé,4855
2013-11-10T22:20:32Z,AC Arles Avignon - Stade Brestois 29 (1-0) - Le résumé (ACA - SB29) - 2013/2014,2787
2013-10-05T22:00:01Z,Tours FC - Stade Brestois 29 (1-1) - Le résumé (TOURS - SB29) - 2013/2014,3889
2013-08-24T22:00:11Z,Stade Brestois 29 - Dijon FCO (0-0) - Le résumé (SB29 - DFCO) - 2013/2014,3682
2014-03-08T23:15:58Z,US Créteil - Stade Brestois 29 (0-0) - 07/03/14 - (USCL-SB29) - Résumé,1253
2013-08-31T22:00:10Z,Angers SCO - Stade Brestois 29 (2-1) - Le résumé (SCO - SB29) - 2013/2014,10840
2013-09-21T22:00:05Z,Stade Brestois 29 - CA Bastia (2-0) - Le résumé (SB29 - CAB) - 2013/2014,4939
2013-09-28T22:00:01Z,Stade Brestois 29 - US Créteil (1-2) - Le résumé (SB29 - USCL) - 2013/2014,3882
2013-09-17T10:00:14Z,AJ Auxerre - Stade Brestois 29 (0-0) - Le résumé (AJA - SB29) - 2013/2014,2603
2014-06-18T13:38:12Z,CA Bastia - Stade Brestois 29 (0-1) - 24/02/14 - (CAB-SB29) -Résumé,1813
2014-03-25T11:00:02Z,FC Metz - Stade Brestois 29 (1-0) - 24/03/14 - (FCM-SB29) -Résumé,4197
2013-11-23T23:00:01Z,Stade Brestois 29 - Chamois Niortais (0-1) - Le résumé (SB29 - NIORT) - 2013/2014,3154
2014-03-29T23:00:01Z,Stade Brestois 29 - Havre AC (1-1) - 28/03/14 - (SB29-HAC) - Résumé,2843
2013-09-25T22:00:14Z,Stade Lavallois - Stade Brestois 29 (2-1) - Le résumé (LAVAL - SB29) - 2013/2014,3849
2013-08-20T10:00:31Z,AS Nancy-Lorraine - Stade Brestois 29 (0-1) - Le résumé (ASNL - SB29) - 2013/2014,7120
2013-10-22T10:00:03Z,Stade Brestois 29 - FC Metz (0-3) - Le résumé (SB29 - FCM) - 2013/2014,9469
2014-04-12T22:00:01Z,Stade Brestois 29 - AC Arles Avignon (2-0) - 11/04/14 - (SB29-ACA) - Résumé,3957
2014-03-20T10:20:38Z,Stade Brestois 29 - Angers SCO (1-0) - 18/03/14 - (SB29-SCO) - Résumé,4213
2014-01-25T23:00:01Z,Stade Brestois 29 - AS Nancy-Lorraine (0-0) - 24/01/14 - (SB29-ASNL) -Résumé,1990
2014-05-03T22:00:02Z,Nîmes Olympique - Stade Brestois 29 (1-1) - 02/05/14 - (NIMES-SB29) - Résumé,2037
2014-04-26T22:00:01Z,Stade Brestois 29 - Clermont Foot (2-0) - 25/04/14 - (SB29-CF63) - Résumé,4115
2014-05-10T22:00:01Z,RC Lens - Stade Brestois 29 (0-1) - Résumé - 09/05/14 - (RCL-SB29),27222
2014-04-05T22:00:01Z,ESTAC Troyes - Stade Brestois 29 (0-2) - 04/04/14 - (ESTAC-SB29) - Résumé,3108
2014-03-01T23:00:01Z,Stade Brestois 29 - Stade Lavallois (2-1) - 28/02/14 - (SB29-LAVAL) - Résumé,4316
2014-05-17T22:00:01Z,Stade Brestois 29 - Châteauroux (3-0) - Résumé - 16/05/14 - (SB29-LBC),5857
2014-02-15T23:00:01Z,Stade Brestois 29 - AJ Auxerre (1-0) - 15/02/14 - (SB29-AJA) - Résumé,4256
2014-05-07T19:14:37Z,Stade Brestois 29 - SM Caen (0-1) - 05/05/14 - (SB29-SMC) - Résumé,3786
2014-04-19T22:00:01Z,Chamois Niortais - Stade Brestois 29 (1-2) - 18/04/14 - (NIORT-SB29) - Résumé,3536
2013-11-23T21:17:07Z,Conférence de presse Stade Brestois 29 - Chamois Niortais (0-1) - 2013/2014,122
2014-04-19T17:39:52Z,Conférence de presse Chamois Niortais - Stade Brestois 29 (1-2) - 2013/2014,211
2013-10-28T18:06:41Z,FC Metz - Angers But injustement refusé 45ème min !!,628
2013-09-20T02:02:44Z,Jorge Romo (Everton),117
2013-10-29T07:38:00Z,Fc Metz Angers 1-0 Fin de match grosse ambiance !!,1564
