published-time,comment,likes
2013-11-03T17:42:45Z,Allez CA Bastia (supporter ESTAC Troyes),1
2013-11-03T10:39:22Z,? pourquoi,0
2014-02-10T09:20:44Z,Magnifique victoire !!,0
2013-08-18T14:39:26Z,Il on pas montrer la barre transversale de Niort à la fin,0
2013-08-18T00:45:14Z,C claire,0
2013-08-17T22:36:49Z,Il faut que le Hac remonte la pente ... ,0
2014-07-17T09:46:35Z,Le hold up parfait. Allez Brest!!!,0
2014-01-19T17:59:24Z,22 personnes dans le stade xD,0
2013-10-08T19:44:44Z,"mais t toi jamais de la vie ya péno il tire et apres iltombe.... 
",0
2013-10-01T18:49:19Z,"Il envoie le ballon en tribune avant de plonger. Par contre sur Mahrez a 1.56 de la vidéo ya pas faute. Je comprends maintenant pourquoi Caen est devant le HAC au classement.
ALLEZ LE HAC !!!!!!!!!!!!!!!!!!!!!!",0
2013-10-01T18:37:08Z,"oh que si garcon il y a penalty et gros penalty
",0
2013-09-30T20:27:44Z,Le HAC encore volé. Y a jamais pénalty !!!! JAMAIS !!!!!,0
2013-09-29T20:35:44Z,le match nul était au rendez vous mais il a fallut que l’incompétence de l'arbitrage en l2 fasse son apparition ... ,0
2013-09-29T18:28:35Z,Bravo Caen ... Je suis du havre,0
2013-09-29T17:37:00Z,"Et je suis d'accord avec le commentateur, le péno est vraiment pas évident.. À la fin il y a une main d'u, caennais dans la surface autant évidente que la faute de Touré, qui est pas sifflée",0
2013-09-29T10:19:10Z,"épaule contre épaule euh je crois pas,Koita et de dos  et le havrais tente de passer devant sauf qu 'il réussis pas et  il le pousse dans le dos,bref j 'aurais plus tôt dit un match nul en regardant le match mais on a la victoire nous les caennais !! ",0
2013-09-29T10:09:17Z,1:53 viol international OMG!!!,1
2013-09-29T09:19:02Z,Ironie du sort !!!hin hin hin =P,0
2013-09-29T08:21:52Z,Le havre a plus docaz,0
2013-09-28T23:06:28Z,"On s'en fout, on est toujours derrière Le Hac, le match méritait un nul.. Mais bon il y a laussi la chance dans le foot",0
2013-09-28T22:57:35Z,Yes bien cette victoire :D,0
2013-11-20T11:37:35Z,SCO!!!!!!,0
2013-11-10T18:47:54Z,Angers merci ! 32 euros en plus :),3
2013-11-10T12:14:50Z,Vive le SCO,3
2013-11-10T09:06:23Z,allez le sco !!!!!!,2
2013-11-10T00:14:48Z,Bravo Angers et Merci !!! Dommage en revanche pour Tour.,3
2013-11-09T23:09:11Z,Le hac me désespère,5
2014-03-25T06:50:27Z,Jules Dujardin tu te trompe car on vous la remet au match a lens et en+ on vous depasse largement au podium ! :),0
2014-03-25T06:48:57Z,Maintenant Lens 2eme Et le havre 11 eme bonne chance a bollaert pour la vengeance et ce n'est pas l'equipe du havre qui etait forte mais celle de lens qui a etait mauvaise defensivement + un goal nul qui n'a rien a faire titulaire :) En gros osef de ce match mis a part que c moche pour nous sauf que pas besoin de mettre 6-2 pour etre sur le podium la preuve :D,0
2014-01-29T13:45:46Z,"Bien joué le Havre
( mais je ne suis pas pour vous)",0
2013-10-04T08:00:34Z,aller le hac 6 2 vs au premier la onte,0
2013-09-20T08:06:53Z,avec l'argent tout est magouille L1 12 ect.......,0
2013-09-16T16:23:33Z,"Allez le HAC !!!!!
",2
2013-09-16T15:29:39Z,"tu m'étonne
",0
2013-09-16T15:07:17Z,allez le hac lalalalala lalalalala,1
2013-09-15T21:01:07Z,"C'est pas parce que ton ""Aréola"" et ""Yahia"" qui sont pas la  que vous aurai gagner !  j'y éte et sa aurai rien changé, Le Hac dominé toute la rencontre ! ",0
2013-09-15T17:13:49Z,On vois quand Areola et Yahia ne sont pas là !,1
2013-09-15T12:49:47Z,On reste 1er façon :),0
2013-09-15T10:57:22Z,C'est une Humiliation la ! Mais bon c'est comme ça :D,0
2013-09-15T10:52:03Z,"J'aime pas ce commentateur, celui de la dernière fois était mieux",0
2013-09-15T10:32:22Z,ééénorm lens a pris cher :/,0
2013-09-15T10:28:29Z,"Superbe victoire de nos chère Havrais ! Sauf, la petite dispute avec Zacharie Boucher et l'attaquant Lensois (Un gros rageur) Bravo Le Havre, ont continue à enchaîner pour enfin, monté en ligue 1 ! Ont y crois 3",1
2013-09-15T10:22:03Z,"Superbe but de BENJAMIN Bonnet ! ahah
",0
2013-09-15T08:40:01Z,"Riou: 10 buts en 2 matchs, c'est chaud...",0
2013-09-15T08:25:51Z,"Au moins ils ont vu du spectacle ;) 
",0
2013-09-15T07:25:04Z,Angers 1er,0
2013-09-14T23:03:15Z,Une pensée pour les 2.000 lensois qui ont fait 600km aller-retour pour voir ça.,1
2014-01-13T13:32:39Z,Lcfc welcomes you :) ,5
2013-11-24T09:35:14Z,0:40 c'est Yohan Rivière qui frappe pied gauche pas Youssef. Sinon les commentaires sont plus agréables que ceux des matches de la L1.,0
2013-11-23T23:53:33Z,Allez Tours Fc,2
2014-04-07T21:21:15Z,Quelle tristesse ce grand stade vide ... au moins autant que le nombre de vues de la vidéo ...,0
2014-04-06T10:20:12Z,LeBiihan qui fait le show après son but alors qu'il n'a qu'à pousser le ballon au fond des filets et après son raté ça me fait rire,1
2014-04-06T08:51:03Z,Chut,1
2014-04-06T07:34:02Z,C'est quoi l'intéret de se payer un grand stade pour qu'il soit vide à chaque match ?,1
2014-01-31T12:23:11Z,"#Ligue2 - Revivez le magnifique but de Walid Mesloub (2""00) lors de la défaite du Havre AC contre les Chamois Niortais FC ! Supporters on attend vos commentaires !",3
2014-01-26T10:42:45Z,Super résultat pour les chamois!,1
2014-05-02T21:41:22Z,Allez lens,0
2014-02-19T18:09:11Z,"franchement on a été nul sur ce match on méritait de perdre, on a quand meme de la chance. ALLEZ LENS !",0
2014-02-18T17:37:41Z,lens on vous chie dessu de la part des dijonai,1
2014-02-18T17:31:51Z,<----- Abonnez vous svp :),0
2014-02-18T16:45:52Z,je voulais que le havre gagne ou face le match nul d'un supporter de nacy,1
2014-02-18T11:16:54Z,#Ligue2 - Retrouvez le résumé du match de clôture de la 24e journée : RC Lens / Havre AC !,4
2013-12-06T16:13:15Z,wesh jean miche ca perdu son chat,0
2013-12-01T11:01:16Z,Le hac 18 éme ... Purin c'est chaud !!!! Bon match comme même ;-) ,0
2013-12-01T09:05:09Z,La pelouse est horrible...,0
2014-02-23T12:22:40Z,Un bon nul pour nous!Allez les bleus et rouges le maintien on y croit !!!,0
2013-09-05T17:20:39Z,Faut vraiment les mettre au fond quoi !,0
2013-08-31T23:48:36Z,"Match catastrophique pour les Nîmois, c'est plutôt inquiètant. Sauf pour Cyril Merville! :/",0
2014-04-13T13:35:31Z,enfin une victoire!!!!,0
2014-04-13T07:46:43Z,allez le SCO !,0
2014-04-22T11:21:35Z,Tours,0
2014-05-09T05:43:12Z,Bravo au premier but de Pléa à Auxerre. OL 3,2
2014-05-08T08:23:16Z,"Il a quoi Sorin, ca fait pas 2 saisons qu'il est blessé ?",0
2014-05-07T22:19:09Z,Firste ,0
2013-12-24T01:14:16Z,"C'est toi la grosse merde hacman, Le Havre c'est un village de pêcheurs, on se demande pourquoi ils jouent au foot là-bas, c'est tellement pourri comme patelin que la France y déverse ses déchets radioactifs. Mais bon, comme ça ils se font un peu d'argent pour acheter des arbitres qui rajoutent 7 minutes.",0
2013-08-28T14:01:10Z,"ta geule merci .
",0
2013-08-28T00:07:12Z,"97e minutes , pire que guimgamp ça , bravo record battu !

Un lavallois",0
2013-08-26T23:07:27Z,Comment sa rage sec ici :rire: ALLEZ LE HAC !,0
2013-08-26T18:22:21Z,"mais tes toi toi c normal le joueur reste parterre donc fait perdre du temp logique que l'arbitre en laisse plus que prévue allez le HAC ;) bande de pleureur
NANCY MERDA
",0
2013-08-26T18:20:53Z,"et alors en restent par terre il nous a fait perdre du temp donc normal que larbitre est laissé 1 ou 2 min en plus??? sa aurais été dans lautre sens vous auriais dit la meme =) le HAC c les meuilleur..NANCY c des branleurs mdr nancy merda
",0
2013-08-26T14:15:55Z,Si notre attaquant est resté par terre longtemps c'est pas pour simuler ou gagner du temps puisque resultat il a une entorse a la cheville donc s etait qd meme serieux mais apres la blessure Le Havre a montrer un manque de fair play flagrant puisqu'ils n'ont pas rendu le ballon a l'adversaire... honteux !,0
2013-08-25T20:27:23Z,je suis supporter Nancy alors s'il te plait ne nous insulte pas.,0
2013-08-25T16:20:04Z,Jocelyn et joffrey c'est les best commentateurs,0
2013-08-25T16:11:23Z,bientot 15 min de temps additionel pour laisser l'équipe adverse égaliser  NP,0
2013-08-25T15:54:26Z,Le caméraman était fonce-dé?,0
2013-08-25T15:44:45Z,en meme temp si votre putin d' attaquant ne serrais pas rester parteur pans le temp addissionnel il aurait rien ajouter mdr bien faut pour vous ;) Nancy merda nancy nancy merda ,0
2013-08-25T10:41:48Z,BIIIIIMM La remontée du HAC a la dernière seconde !!!!,0
2013-08-25T10:03:19Z,match volé! l'ASNL devait gagner.,0
2013-08-25T08:34:13Z,Il y avait 5min de temps additionel a la base --' l'arbitre en laisse 2 de plus ! --',0
2013-08-25T00:14:56Z,Le montage de la video est un peu douteux .,0
2014-03-24T10:00:11Z,Le Havre a vraiment un joli.stade,0
2014-07-28T21:16:45Z,"Commentateur naze comme le public havrais, on entend que les caennais dans la vidéo !",1
2014-03-10T09:00:14Z,"Quelqu'un expliquera au stagiaire qui sert de commentateur que commenter un match et nous présenter le résumé d'un match, c'est pas la même chose. C'est insupportable à entendre et surtout extrêmement pathétique. En plus de ça il est mauvais ! ",0
2014-03-09T18:23:00Z,Il veut nous faire croire que c'est du direct le commentateur xD !,4
2014-03-09T17:57:59Z,"Chers webmaster de la LFP, j'aime beaucoup votre chaine YouTube mais SVP virez purement et simplement les commentaires sur les résumés. On a des yeux, ça suffit, laissez le son de l'ambiance et rien d'autre, c'est tout ce qu'on veut.",5
2014-03-09T17:20:57Z,Commentateur  naze on est d'accord...,3
2014-03-08T23:28:55Z,"Une vidéo de la ligue où l'on voit des fumigènes ?? Des fumigènes pour tes publicités, des IDS pour ta crédibilité..",0
2014-03-08T23:27:51Z,C'est quoi ce commentateur serieux. xD,5
2014-03-16T00:15:07Z,Bien jouer le HAC,2
2013-08-20T07:54:53Z,Lækkert mål Mads!,0
2014-01-07T16:55:00Z,C'est vraiment dommage d'avoir perdu l'OM a surdominé pendant tout le match moi j etais au match et j était vraiment très déçu,0
