published-time,comment,likes
2013-11-20T11:37:35Z,SCO!!!!!!,0
2013-11-10T18:47:54Z,Angers merci ! 32 euros en plus :),3
2013-11-10T12:14:50Z,Vive le SCO,3
2013-11-10T09:06:23Z,allez le sco !!!!!!,2
2013-11-10T00:14:48Z,Bravo Angers et Merci !!! Dommage en revanche pour Tour.,3
2013-11-09T23:09:11Z,Le hac me désespère,5
2013-12-24T01:14:16Z,"C'est toi la grosse merde hacman, Le Havre c'est un village de pêcheurs, on se demande pourquoi ils jouent au foot là-bas, c'est tellement pourri comme patelin que la France y déverse ses déchets radioactifs. Mais bon, comme ça ils se font un peu d'argent pour acheter des arbitres qui rajoutent 7 minutes.",0
2013-08-28T14:01:10Z,"ta geule merci .
",0
2013-08-28T00:07:12Z,"97e minutes , pire que guimgamp ça , bravo record battu !

Un lavallois",0
2013-08-26T23:07:27Z,Comment sa rage sec ici :rire: ALLEZ LE HAC !,0
2013-08-26T18:22:21Z,"mais tes toi toi c normal le joueur reste parterre donc fait perdre du temp logique que l'arbitre en laisse plus que prévue allez le HAC ;) bande de pleureur
NANCY MERDA
",0
2013-08-26T18:20:53Z,"et alors en restent par terre il nous a fait perdre du temp donc normal que larbitre est laissé 1 ou 2 min en plus??? sa aurais été dans lautre sens vous auriais dit la meme =) le HAC c les meuilleur..NANCY c des branleurs mdr nancy merda
",0
2013-08-26T14:15:55Z,Si notre attaquant est resté par terre longtemps c'est pas pour simuler ou gagner du temps puisque resultat il a une entorse a la cheville donc s etait qd meme serieux mais apres la blessure Le Havre a montrer un manque de fair play flagrant puisqu'ils n'ont pas rendu le ballon a l'adversaire... honteux !,0
2013-08-25T20:27:23Z,je suis supporter Nancy alors s'il te plait ne nous insulte pas.,0
2013-08-25T16:20:04Z,Jocelyn et joffrey c'est les best commentateurs,0
2013-08-25T16:11:23Z,bientot 15 min de temps additionel pour laisser l'équipe adverse égaliser  NP,0
2013-08-25T15:54:26Z,Le caméraman était fonce-dé?,0
2013-08-25T15:44:45Z,en meme temp si votre putin d' attaquant ne serrais pas rester parteur pans le temp addissionnel il aurait rien ajouter mdr bien faut pour vous ;) Nancy merda nancy nancy merda ,0
2013-08-25T10:41:48Z,BIIIIIMM La remontée du HAC a la dernière seconde !!!!,0
2013-08-25T10:03:19Z,match volé! l'ASNL devait gagner.,0
2013-08-25T08:34:13Z,Il y avait 5min de temps additionel a la base --' l'arbitre en laisse 2 de plus ! --',0
2013-08-25T00:14:56Z,Le montage de la video est un peu douteux .,0
2013-08-18T14:39:26Z,Il on pas montrer la barre transversale de Niort à la fin,0
2013-08-18T00:45:14Z,C claire,0
2013-08-17T22:36:49Z,Il faut que le Hac remonte la pente ... ,0
2014-07-17T09:46:35Z,Le hold up parfait. Allez Brest!!!,0
2013-09-05T17:20:39Z,Faut vraiment les mettre au fond quoi !,0
2013-08-31T23:48:36Z,"Match catastrophique pour les Nîmois, c'est plutôt inquiètant. Sauf pour Cyril Merville! :/",0
2013-11-24T09:35:14Z,0:40 c'est Yohan Rivière qui frappe pied gauche pas Youssef. Sinon les commentaires sont plus agréables que ceux des matches de la L1.,0
2013-11-23T23:53:33Z,Allez Tours Fc,2
2014-05-22T19:01:23Z,Mesloub est trop fort,0
2014-05-04T08:49:49Z,"C'est quoi l'intéret de faire un beau stade de 25 000 places si y
a jamais au delà de 5000 spectateurs ?",2
2014-05-09T05:43:12Z,Bravo au premier but de Pléa à Auxerre. OL 3,2
2014-05-08T08:23:16Z,"Il a quoi Sorin, ca fait pas 2 saisons qu'il est blessé ?",0
2014-05-07T22:19:09Z,Firste ,0
2014-04-13T13:35:31Z,enfin une victoire!!!!,0
2014-04-13T07:46:43Z,allez le SCO !,0
2014-05-14T15:38:53Z,"Bien joué à Metz, vous avez fais une bonne saison, très bonne même ! Bonne chance à vous en Ligue 1 ! :)
 #SupporterASNL  ",6
2014-05-12T10:27:01Z,"#Ligue2 - Revivez les meilleurs moments de FC Metz - Havre AC (3-0) en vidéo.
 ",6
2014-05-11T10:32:56Z,Ici c'est Metz ,4
2014-05-11T08:39:09Z,Ici c Metz <3,6
2014-05-11T00:15:46Z,Metz <3,4
2013-08-11T10:55:33Z,Et puis même pas d'image de Capelle blessé...,0
2013-08-11T04:03:06Z,les mec il mettent stade jule deschaseaux aprés il disent qu'il sont battut tours 3 buts a 2 il se trompent c'est stade océane et niort!!,0
2013-08-10T22:38:15Z,C'est pas Stade Jules-Dechaseaux mais Stade Océane ;),0
2013-08-08T17:27:02Z,Aller Le HAC! ;),0
