publish_date,title,view_count
2013-11-09T23:00:01Z,Havre AC - Angers SCO (1-2) - Le résumé (HAC - SCO) - 2013/2014,9468
2013-08-24T22:00:11Z,Havre AC - AS Nancy-Lorraine (1-1) - Le résumé (HAC - ASNL) - 2013/2014,7387
2013-08-17T22:00:11Z,Chamois Niortais - Havre AC (1-1) - Le résumé (NIORT - HAC) - 2013/2014,5008
2013-10-26T22:00:01Z,Havre AC - Stade Brestois 29 (0-1) - Le résumé (HAC - SB29) - 2013/2014,2966
2014-05-17T22:00:01Z,Havre AC - AC Arles Avignon (2-1) - Résumé - 16/05/14 - (HAC-ACA),4532
2013-08-31T22:00:15Z,Nîmes Olympique - Havre AC (0-0) - Le résumé (NIMES - HAC) - 2013/2014,3623
2013-10-05T22:00:00Z,Havre AC - Dijon FCO (0-0) - Le résumé (HAC - DFCO) - 2013/2014,1943
2013-11-23T23:00:00Z,Tours FC - Havre AC (2-2) - Le résumé (TOURS - HAC) - 2013/2014,10149
2014-05-03T22:00:01Z,Havre AC - ESTAC Troyes (2-1) - 02/05/14 - (HAC-ESTAC) - Résumé,4505
2014-05-07T22:00:02Z,AJ Auxerre - Havre AC (2-1) - 06/05/14 - (AJA-HAC) - Résumé,4544
2014-03-29T23:00:01Z,Stade Brestois 29 - Havre AC (1-1) - 28/03/14 - (SB29-HAC) - Résumé,2843
2014-04-12T22:00:01Z,Angers SCO - Havre AC (1-0) - 11/04/14 - (SCO-HAC) - Résumé,5865
2014-05-10T22:00:01Z,FC Metz - Havre AC (3-0) - Résumé - 09/05/14 - (FCM-HAC),18811
2013-10-04T23:58:06Z,Après HAC - Dijon (0-0): les réactions,1088
2013-08-10T22:00:11Z,Havre AC - Clermont Foot (0-1) - Le résumé (HAC - CF63) - 2013/2014,5383
2013-08-23T21:55:35Z,Après HAC - Nancy (1-1): les réactions,2242
2013-08-07T01:51:55Z,Après Niort - HAC (2-3) en Coupe de la Ligue : les réactions,1577
2013-08-24T17:39:10Z,Conférence de presse Havre AC - AS Nancy-Lorraine (1-1) - 2013/2014,164
2013-08-09T21:23:34Z,Après HAC - Clermont (0-1): les réactions,1325
2014-02-13T19:05:30Z,Mathias SERIN 2014,2135
2014-01-10T13:45:31Z,N.E.C. in Spanje: interview met Abdul Bai Kamara,2087
2013-08-12T09:02:44Z,Arnaud a passé le match avec... Geoffrey Malfleury,790
