publish_date,title,view_count
2013-11-02T23:25:20Z,CA Bastia - Havre AC (0-0) - Le résumé (CAB - HAC) - 2013/2014,1939
2014-02-08T23:00:00Z,Havre AC - Nîmes Olympique (0-1) - 07/02/14 - (HAC-NIMES) -Résumé,2303
2013-08-17T22:00:11Z,Chamois Niortais - Havre AC (1-1) - Le résumé (NIORT - HAC) - 2013/2014,5008
2013-10-26T22:00:01Z,Havre AC - Stade Brestois 29 (0-1) - Le résumé (HAC - SB29) - 2013/2014,2966
2014-01-18T23:00:03Z,Clermont Foot - Havre AC (0-1) - 17/01/14 - (CF63-HAC) -Résumé,2784
2013-10-05T22:00:00Z,Havre AC - Dijon FCO (0-0) - Le résumé (HAC - DFCO) - 2013/2014,1943
2013-09-28T22:00:01Z,SM Caen - Havre AC (1-0) - Le résumé (SMC - HAC) - 2013/2014,14755
2013-11-09T23:00:01Z,Havre AC - Angers SCO (1-2) - Le résumé (HAC - SCO) - 2013/2014,9468
2013-09-14T22:00:04Z,Havre AC - RC Lens (6-2) - Le résumé (HAC - RCL) - 2013/2014,52473
2013-09-19T12:26:17Z,"Avant Châteauroux - HAC, interviewes d&#39;Erick Mombaerts, Riyad Mahrez et Tristan Dingomé",12027
2013-11-23T23:00:00Z,Tours FC - Havre AC (2-2) - Le résumé (TOURS - HAC) - 2013/2014,10149
2014-04-05T22:00:02Z,Havre AC - CA Bastia (1-0) - 04/04/14 - (HAC-CAB) - Résumé,2278
2014-01-25T23:00:01Z,Havre AC - Chamois Niortais (1-2) - 24/01/14 - (HAC-NIORT) -Résumé,3400
2013-09-21T22:00:08Z,Châteauroux - Havre AC (2-2) - Le résumé (LBC - HAC) - 2013/2014,4124
2014-02-18T11:00:02Z,RC Lens - Havre AC (1-1) - 17/02/14 - (RCL-HAC) - Résumé,9224
2013-09-25T22:00:13Z,Havre AC - FC Istres (1-0) - Le résumé (HAC - FCIOP) - 2013/2014,3522
2013-11-30T23:00:00Z,Havre AC - US Créteil (3-1) - 29/11/13 - (HAC - USCL) - Résumé,4189
2014-02-22T23:00:01Z,Havre AC - Châteauroux (0-0) - 21/02/14 - (HAC-LBC) - Résumé,1396
2013-08-31T22:00:15Z,Nîmes Olympique - Havre AC (0-0) - Le résumé (NIMES - HAC) - 2013/2014,3623
2014-03-01T23:00:00Z,FC Istres - Havre AC (0-1) - 28/02/14 - (FCIOP-HAC) - Résumé,1750
2014-04-12T22:00:01Z,Angers SCO - Havre AC (1-0) - 11/04/14 - (SCO-HAC) - Résumé,5865
2014-04-19T22:00:01Z,Havre AC - Tours FC (2-2) - 18/04/14 - (HAC-TOURS) - Résumé,3376
2014-05-07T22:00:02Z,AJ Auxerre - Havre AC (2-1) - 06/05/14 - (AJA-HAC) - Résumé,4544
2013-08-24T22:00:11Z,Havre AC - AS Nancy-Lorraine (1-1) - Le résumé (HAC - ASNL) - 2013/2014,7387
2013-08-09T21:23:34Z,Après HAC - Clermont (0-1): les réactions,1325
2014-03-22T23:00:01Z,Havre AC - Stade Lavallois (1-1) - 21/03/14 - (HAC-LAVAL) - Résumé,2974
2014-03-08T23:16:16Z,Havre AC - SM Caen (1-1) - 07/03/14 - (HAC-SMC) - Résumé,10773
2014-03-15T23:00:00Z,Dijon FCO - Havre AC (1-2) - 14/03/14 - (DFCO-HAC) - Résumé,4275
2013-08-18T22:00:17Z,But Mads ALBAEK (7&#39;) - Stade de Reims - LOSC Lille (2-1 - 2013/2014,3505
2014-03-16T23:00:02Z,But Antoine DEVAUX (67&#39;) - Stade de Reims-Olympique de Marseille (1-1) - 14/03/14 - (SdR-OM),1554
2014-03-16T06:27:35Z,losc nantes hymne losc + coup d envoi,189
2013-10-26T23:49:43Z,Tout les buts : OM 2-3 Reims,7984
2013-08-03T12:00:01Z,Luan Ferreira - Lateral/Meia Esquerda 93,150
