publish_date,title,view_count
2014-05-08T12:23:22Z,Koro Koné - 24yo - Striker/Winger - French L2 DFCO,821
2013-09-28T22:00:01Z,Dijon FCO - AJ Auxerre (1-0) - Le résumé (DFCO - AJA) - 2013/2014,4752
2013-11-02T23:26:28Z,Dijon FCO - Chamois Niortais (2-2) - Le résumé (DFCO - NIORT) - 2013/2014,24438
2013-12-17T11:00:02Z,Dijon FCO - Clermont Foot (1-0) - 16/12/13 - (DFCO - CF63) - Résumé,4064
2013-11-09T23:00:00Z,FC Metz - Dijon FCO (2-0) - Le résumé (FCM - DFCO) - 2013/2014,11654
2013-12-29T12:49:15Z,Top Buts Dijon FCO 2013-2014 (1ere partie),269
2013-09-21T22:00:12Z,Dijon FCO - Tours FC (2-0) - Le résumé (DFCO - TOURS) - 2013/2014,3960
2013-09-25T22:00:09Z,US Créteil - Dijon FCO (1-3) - Le résumé (USCL - DFCO) - 2013/2014,3241
2013-10-26T22:00:02Z,AC Arles Avignon - Dijon FCO (0-0) - Le résumé (ACA - DFCO) - 2013/2014,1510
2013-10-19T22:00:00Z,Dijon FCO - ESTAC Troyes (2-1) - Le résumé (DFCO - ESTAC) - 2013/2014,5432
2013-11-30T23:00:01Z,Nîmes Olympique - Dijon FCO (1-1) - 29/11/13 - (NIMES - DFCO) - Résumé,2710
2013-08-03T22:00:12Z,SM Caen - Dijon FCO (3-1) - Le résumé (SMC - DFCO) - 2013/2014,19306
2014-02-22T23:00:00Z,Tours FC - Dijon FCO (1-0) - 21/02/14 - (TOURS-DFCO) - Résumé,2745
2013-10-05T22:00:00Z,Havre AC - Dijon FCO (0-0) - Le résumé (HAC - DFCO) - 2013/2014,1943
2013-12-21T23:00:01Z,Châteauroux - Dijon FCO (3-1) - 20/12/13 - (LBC - DFCO) - Résumé,5660
2013-08-10T22:00:11Z,Dijon FCO - RC Lens (1-1) - Le résumé (DFCO - RCL) - 2013/2014,13121
2013-09-25T22:45:48Z,Conférence de presse US Créteil - Dijon FCO (1-3) - 2013/2014,114
2013-11-23T21:11:02Z,Dijon FCO - AS Nancy-Lorraine (1-0) - Le résumé (DFCO - ASNL) - 2013/2014,2376
2014-05-03T14:36:00Z,Ahmed Koné,253
2013-11-02T23:35:51Z,Conférence de presse Dijon FCO - Chamois Niortais (2-2) - 2013/2014,80
2013-09-28T17:22:58Z,Conférence de presse Dijon FCO - AJ Auxerre (1-0) - 2013/2014,173
2013-09-21T16:55:44Z,Conférence de presse Dijon FCO - Tours FC (2-0) - 2013/2014,127
2014-07-29T10:29:14Z,Cédric N&#39;koum (highlights),3634
2014-04-24T10:23:59Z,J.Radisavljevic - Blue Jersey - N°2 Right Back - 2nd Half,30
2013-09-20T07:53:56Z,JOCELYN ROUX,879
2013-10-18T15:48:26Z,هدف لخويا الثاني اسيار ديا - لخويا vs معيذر -  دوري نجوم قطر 2013,153
2013-11-24T12:12:34Z,CSC 1 JSMB 1 CSC CONSTANTINE  ALGERIE  2013,543
2013-11-05T15:13:20Z,But de DIABATE Inza,417
2014-04-15T01:54:00Z,mohamed koffi duhok 11,296
2014-06-07T00:21:24Z,Danilo Ortiz 2014   1 FULL,2960
2013-08-01T06:58:50Z,Cs Constantine Vs RCD Espanyol  70 Min,350
2013-10-06T05:53:28Z,Championnat Ligue 1 (saison 2013/14 : 7ème journée) USM ALGER 1-1 CS CONSTANTINE,1845
2014-06-24T13:07:29Z,Schotz - G U21 (2ª B Suiza) Erste Liga grupo II,61
