publish_date,title,view_count
2013-09-25T22:00:09Z,US Créteil - Dijon FCO (1-3) - Le résumé (USCL - DFCO) - 2013/2014,3241
2014-05-27T07:01:21Z,ELIM CAN U20 SENEGAL 2015 2è TOUR RETOUR CIV 2-0 LIBERIA,3874
2014-01-13T23:32:47Z,Football féminin: Berthe Adou fait des précisions sur la cérémonie de récompense des leaders de 2013,1528
2014-06-02T15:59:14Z,But de Ba Loua D&#39;avila face à l&#39;USC Bassam,509
2013-08-08T19:49:43Z,Mejor jugador CAP Girondins - Best Player Girondins Camp - Meilleur joueur CAP Girondins,254
2014-05-14T12:28:36Z,Le flash du mercredi 14 mai 2014,132
