publish_date,title,view_count
2013-08-03T22:00:12Z,Châteauroux - Stade Brestois 29 (3-3) - Le résumé (LBC - SB29) - 2013/2014,13795
2013-11-30T23:00:01Z,Châteauroux - FC Istres (2-0) - 29/11/13 - (LBC - FCIOP) - Résumé,4065
2014-01-11T23:00:01Z,US Créteil - Châteauroux (3-2) - 11/01/14 - (USCL-LBC) -Résumé,3625
2013-11-02T23:46:27Z,Châteauroux - Clermont Foot (3-0) - Le résumé (LBC - CF63) - 2013/2014,4449
2013-09-14T22:00:04Z,ESTAC Troyes - Châteauroux (3-0) - Le résumé (ESTAC - LBC) - 2013/2014,5829
2013-08-24T22:00:11Z,AJ Auxerre - Châteauroux (2-0) - Le résumé (AJA - LBC) - 2013/2014,6748
2013-09-28T22:00:01Z,Châteauroux - Chamois Niortais (3-0) - Le résumé (LBC - NIORT) - 2013/2014,3542
2013-08-10T22:00:11Z,Angers SCO - Châteauroux (1-0) - Le résumé (SCO - LBC) - 2013/2014,6290
2014-01-25T23:00:01Z,Tours FC - Châteauroux (5-2) - 25/01/14 - (TOURS-LBC) -Résumé,14730
2013-10-05T22:00:01Z,FC Metz - Châteauroux (1-0) - Le résumé (FCM - LBC) - 2013/2014,5326
2014-01-18T23:00:03Z,Châteauroux - Angers SCO (0-1) - 17/01/14 - (LBC-SCO) -Résumé,4341
2013-10-26T22:00:00Z,Nîmes Olympique - Châteauroux (3-1) - Le résumé (NIMES - LBC) - 2013/2014,2681
2013-09-25T22:00:10Z,AC Arles Avignon - Châteauroux (1-1) - Le résumé (ACA - LBC) - 2013/2014,2129
2013-11-09T23:00:00Z,AS Nancy-Lorraine - Châteauroux (2-0) - Le résumé (ASNL - LBC) - 2013/2014,5077
2013-08-17T22:00:11Z,Châteauroux - Tours FC (0-4) - Le résumé (LBC - TOURS) - 2013/2014,8994
2013-08-31T22:00:08Z,Châteauroux - CA Bastia (2-0) - Le résumé (LBC - CAB) - 2013/2014,4033
2014-05-17T22:00:01Z,Stade Brestois 29 - Châteauroux (3-0) - Résumé - 16/05/14 - (SB29-LBC),5857
2013-12-14T23:00:00Z,Stade Lavallois - Châteauroux (2-2) - 13/12/13 - (LAVAL - LBC) - Résumé,4136
2013-09-14T17:20:43Z,Conférence de presse ESTAC Troyes - Châteauroux (3-0) - 2013/2014,174
2013-08-03T19:23:52Z,Conférence de presse Châteauroux - Stade Brestois 29 (3-3) - 2013/2014,310
2014-05-17T18:28:23Z,Conférence de presse AJ Auxerre - AS Nancy-Lorraine (0-0) - 2013/2014,437
