published-time,comment,likes
2013-08-06T12:00:18Z,Qu'est-ce qui déclenche cette bagarre à la fin ? Qui est impliqué ?,1
2013-08-05T18:09:30Z,Pandor est sorti de sa boîte !,1
2013-08-05T08:27:07Z,"V'là la gueule du gardien expérimenté pour Chatx.

Pas de main et à la pèche sur le 2ème . Et en plu on lui donne le brassard .
",0
2013-08-04T23:30:01Z,"je crois que c'était pas la soirée des gardiens sur ce match ^^, car thebaux à était nul aussi malheuresement.",0
2013-08-04T23:29:14Z,"On vois que tu sais de quoi tu parle, sur la vidéo persos je vois le joueurs de chateauroux qui arrive énerver mais bon, et puis des bagarre avec le stade brestois j'en compte pas beaucoups perso",0
2013-08-04T23:20:23Z,C'est Johann Obiang le joueur qui s'est énervé à la fin non ?,0
2013-08-04T18:38:10Z,allez Brest il faut remonter !!!,0
2013-08-04T17:29:42Z,"Brest est une équipe plutôt fair-play . Il peut y avoir un accrochage entre 2 joueurs , ça ne mérite pas la qualification de ""équipe entière de délinquants notoires"" , merci .",0
2013-08-04T13:45:35Z,"Premier match de Brest, première bagarre. Normal quoi",0
2013-08-04T13:25:42Z,le 2e votre gardien il peut pas l'arrêter ;-) . Pandor a juste su quand la frapper .,0
2013-08-04T11:07:45Z,une merde jy etait et je confirme mm le 2e y doit faire l arrêt,0
2013-11-04T16:05:31Z,Lol,0
2013-11-03T10:35:58Z,ils ont bien fait de changer de coach,0
2013-09-21T10:18:35Z,allez l'estac on est les meilleurs !!!!!,1
2013-09-17T13:10:33Z,"Bonnefoi, c'est quand même pas l'assurance tout risque....",0
2013-09-15T21:13:01Z,Le même que celui du Real Madrid ,0
2013-09-15T09:06:04Z,"allez l'estac
",0
2013-09-15T06:56:19Z,"Châteauroux en national l'année prochaine :/
",0
2013-09-15T00:04:27Z,Nivet est éternel.,1
2013-09-14T22:12:43Z,first,0
2013-08-26T14:11:25Z,"enfin la première victoire de l'AJA, la saison est lancé",0
2013-08-25T10:19:59Z,"ALLEZ AUXERRE ! On retrouve bientôt la L1, j'espère ;-)",0
2013-08-25T09:40:07Z,"Problème de son entre le générique de début et les commentaires, merci d'égaliser le son (c'est très relou)",0
2013-10-04T07:40:42Z,*à 10,0
2013-10-01T09:48:29Z,ah les buses,0
2013-09-29T09:11:22Z,Ahahagahahahagdbaaaaaaaaaga,0
2013-10-07T16:23:46Z,"vive le sco
",1
2013-08-20T10:20:36Z,oh le but merdeux,1
2013-08-14T10:17:37Z,Aller le scooooooooo!!!!,1
2013-08-12T13:34:06Z,Allez le SCO,1
2014-01-27T21:09:47Z,"En ce moment, tours ça gère ",6
2014-01-27T19:50:00Z,Nancy pardon,1
2014-01-27T19:43:06Z,Vous allez gagner contre nimes,1
2014-01-27T15:40:38Z,On me voit,1
2014-01-27T12:00:51Z,Lens <3,1
2014-01-26T23:04:08Z,TOURS FC !!!,3
2014-01-26T22:24:06Z,Turons !!,4
2014-01-26T22:13:24Z,moi aussi j'ai honte :(,1
2014-01-26T12:44:54Z,"P*tain, Châteauroux, 2-5, j'ai honte...",1
2014-01-26T07:46:30Z,Super tours fc,2
2014-01-26T02:37:42Z,Allez TOURS FC,3
2013-10-07T05:15:10Z,"Hai ragione ,anche io li guardavo. ..è davvero un peccato. ...",0
2013-10-07T00:18:58Z,"Ciao Liugi, è strano perché l'anno scorso riuscivo a guardare i video della Ligue 2 in Italia ... ",0
2013-10-06T17:54:54Z,"dddddddddddddddddddddddddddopés
",0
2013-10-06T07:08:21Z,C'est bien les gars !! Allez le FC Metz !!!,1
2013-10-06T06:23:40Z,"Non posso visionare i match perchè ""L'autore del caricamento non ha reos  disponibile questo video nel tuo paese"".......",0
2014-02-04T14:41:42Z,TROP bien jouer encore ,0
2014-01-21T12:24:17Z,lol,0
2014-01-20T17:31:42Z,Frikèche blessé ? Je crois pas nan .,1
2014-01-20T17:31:07Z,ça fait du bien de l'emporter ^^,1
2014-01-19T08:55:37Z,Scoo,0
2013-10-30T10:26:20Z,La seul chose qui va être pété c'est vos filets car on va bien les faire tremblé ;),0
2013-10-27T11:41:01Z,Non on va vous pt ;) ,0
2013-10-26T22:22:41Z,NÎMES 3 On gagne à Nancy les gars !!,0
2013-11-30T16:53:34Z,Moi aussi,0
2013-11-19T16:42:45Z,allez nancy supporter de la tribune shuth !!!!,0
2013-11-12T14:04:43Z,"Guerriero tire vers le bas, toutes les équipes où il se trouve",0
2013-11-11T09:19:28Z,ALLEZ NANCY,0
2014-01-24T20:37:09Z,"la meme deain,tfc !",0
2014-01-19T19:54:04Z,Tours fc la ligue 1 c'est pour vous!,1
2013-08-19T07:39:20Z,"Parle pour toi, moi je n'ai que des vidéos foot proposées à la fin.. ça dépend peut-être de ce que tu regardes sur YT..",0
2013-08-18T15:21:12Z,"y'a un truc que je comprend pas sur ces vidéos à la fin du temps,you tube nous met un tas d'autre vidéos ,la plus part de foot et y'en a toujours une qui n'a rien à voir avec le foot mais qui est politique ou religieuse (je veut dire traitant de ces sujets )comment sont mis ces priorités honteuse pour la pluralité religieuse et politique,marre de ce pays et du monde également,ces emmerdeurs et fous de ces sujets nous bassine et nous canalise,je déteste ces pratiques honteuses pour la démocratie ",0
2013-08-18T07:46:15Z,Super match les gars !,0
2013-09-02T15:23:01Z,Allez la berri,0
2013-09-01T08:21:50Z,Allez la berri,0
2014-05-23T10:23:12Z,Le 1er but encaissé par Châteauroux est un mauvais gag :(,0
