publish_date,title,view_count
2013-12-21T23:00:01Z,Clermont Foot - CA Bastia (2-0) - 20/12/13 - (CF63 - CAB) - Résumé,3123
2014-04-05T22:00:06Z,Clermont Foot - Châteauroux (1-1) - 04/04/14 - (CF63-LBC) - Résumé,2052
2014-02-15T23:00:02Z,Clermont Foot - Chamois Niortais (0-1) - 14/02/14 - (CF63-NIORT) - Résumé,2580
2013-11-30T23:00:01Z,Clermont Foot - Stade Brestois 29 (1-0) - 29/11/13 - (CF63 - SB29) - Résumé,2327
2014-02-08T23:00:02Z,US Créteil - Clermont Foot (2-0) - 07/02/14 - (USCL-CF63) -Résumé,1822
2014-03-01T23:00:01Z,SM Caen - Clermont Foot (2-1) - 28/02/14 - (SMC-CF63) - Résumé,7669
2014-01-18T23:00:03Z,Clermont Foot - Havre AC (0-1) - 17/01/14 - (CF63-HAC) -Résumé,2784
2013-08-31T22:00:10Z,Clermont Foot - US Créteil (0-0) - Le résumé (CF63 - USCL) - 2013/2014,1807
2014-03-08T23:15:41Z,Clermont Foot - Nîmes Olympique (1-0) - 07/03/14 - (CF63-NIMES) - Résumé,1401
2013-08-03T22:00:12Z,Clermont Foot - Tours FC (2-1) - Le résumé (CF63 - TOURS) - 2013/2014,7684
2013-12-17T11:00:02Z,Dijon FCO - Clermont Foot (1-0) - 16/12/13 - (DFCO - CF63) - Résumé,4064
2014-02-01T23:00:01Z,Clermont Foot - AC Arles Avignon (1-1) - 31/01/14 - (CF63-ACA) -Résumé,2226
2014-05-10T22:00:02Z,Clermont Foot - ESTAC Troyes (0-3) - Résumé - 09/05/14 - (CF63-ESTAC),2254
2013-08-17T22:00:11Z,Clermont Foot - Stade Lavallois (2-1) - Le résumé (CF63 - LAVAL) - 2013/2014,6084
2013-08-24T22:00:11Z,AC Arles Avignon - Clermont Foot (1-0) - Le résumé (ACA - CF63) - 2013/2014,3909
2014-03-15T23:00:01Z,FC Istres - Clermont Foot (1-1) - 14/03/14 - (FCIOP-CF63) - Résumé,4789
2014-01-25T23:00:01Z,Stade Lavallois - Clermont Foot (0-0) - 24/01/14 - (LAVAL-CF63) -Résumé,940
2013-11-23T23:00:00Z,Angers SCO - Clermont Foot (0-2) - Le résumé (SCO - CF63) - 2013/2014,11157
2014-02-22T23:00:01Z,FC Metz - Clermont Foot (1-0) - 22/02/14 - (FCM-CF63) - Résumé,6803
2013-08-10T22:00:11Z,Havre AC - Clermont Foot (0-1) - Le résumé (HAC - CF63) - 2013/2014,5383
2013-12-21T20:01:53Z,Conférence de presse Clermont Foot - CA Bastia (2-0) - 2013/2014,135
2013-08-03T19:24:07Z,Conférence de presse Clermont Foot - Tours FC (2-1) - 2013/2014,244
