published-time,comment,likes
2014-01-16T23:29:46Z,south korea or north korea？,0
2014-01-16T17:16:33Z,Go korea!!!,0
2014-01-16T15:33:56Z,South Korea's #14 has AMAZING CROSSES!!! ,2
2014-01-16T12:52:35Z,"Saw them step up for a freekick at 00:14 and thought ""This is gonna be good!"", turns out it wasn't. But well done Korea, wish you luck for the rest of the tournament :)",3
2014-07-13T16:04:35Z,"WARUM DISLIKE ALLE DEINE VIDEOS????
UND BELEIDIGEN DICH...SIND DIE BESCHEUERT???",2
2014-06-22T12:46:04Z,fuck you,0
2014-06-17T23:19:03Z,Schlaf is auch n fremdwort für dich was?^^,0
2010-06-30T11:20:09Z,i'm so proud of them T_T,0
2014-02-03T05:52:13Z,melhor jogador deste jogo foi o David luiz,5
2013-12-02T16:33:53Z,6856856895869596959695965869569586584843900-3-4304039499,0
2013-10-15T21:36:47Z,belo trabalho!ancioso p assistir ! muito obrigado,6
2013-10-15T21:12:59Z,vamos daqui a uma hora o video ja estará a disposição de todos ok!,6
2013-10-15T19:28:56Z,"ola vc ira postar zambia vs Brasil 15,10,2013",2
2013-10-15T19:28:20Z,ola vc ira postar zambia vs Brasil,3
2013-10-12T23:26:03Z,,5
2013-10-12T20:38:40Z,,2
2014-04-30T20:18:38Z,What is the name of the violin piece being played here?,0
2014-05-28T09:44:35Z,"Dear Phil Shaw.
Thank you for your request, and I will do someday.
I am afraid I can not do shortly, but I promise I will do within 2 weeks.
Many thanks ",0
2014-05-27T20:51:41Z,English translation or subtitles?,1
2014-05-16T05:07:07Z,"명바횽 석영이 위건전 뛰고 오라고 합시다,",0
