published-time,comment,likes
2013-12-22T09:47:23Z,CLERMONT <3 !!!!!!!!,0
2014-04-06T13:39:09Z,Maboulou joue encore ?? Il mérite une suspension même si son but n'est pas mal,0
2014-04-06T07:45:01Z,Maboulou malgré sa main il marque et revient bien ! La preuve d'un joueur d'une grande mentalité!Allez la Berri !,1
2014-02-16T12:28:17Z,Si niort monte en ligue 1 j'arrete de regarder le foot serieux mdrr,0
2013-12-01T10:05:19Z,le stade es-t vide,0
2014-01-19T17:59:24Z,22 personnes dans le stade xD,0
2014-03-15T06:45:32Z,Commentateur nul,2
2014-03-09T16:07:26Z,Le gardien de Clermont c'est pas Fayolle mais Farnolle,2
2013-08-21T17:19:06Z,"bravo le CF63

allez clermont",0
2013-08-07T10:05:41Z,"y a peno 
",0
2013-08-03T23:09:26Z,"premiere journer victoire grace a un tir au but et deja un carton rouge
beau depart pour clermont en ligue 2 xd",0
2013-12-18T07:37:44Z,ce serait possible d'avoir des resumé comme un ligue 1 de tous les buts sur une seule video??,2
2013-12-17T15:55:20Z,super Romano :),0
2013-12-17T15:13:40Z,#Ligue2 - Retrouvez le résumé du match de clôture de la 17e journée : Dijon FCO / Clermont Foot grâce à notre chaîne officielle YouTube !,5
2013-12-17T15:00:20Z,romain philippe POTEAU,2
2013-12-17T14:06:31Z,Poteau de Philippoteaux quel ironie du sort ^^ bon match.,1
2013-08-19T07:25:48Z,En tant que supporter lavallois ça comme a devenir vraiment lassant de voir l'équipe mener au score puis se faire rejoindre et dépasser en fin de match.,0
2013-08-18T13:05:31Z,"Les tacles, à apprendre :D",0
2013-08-18T10:09:46Z,"A la la quelle malchance,je suis dégouté :(",0
2013-08-18T08:29:13Z,"laval va faloir se reveiller car la on dort et si on continue comme sa ces la national qui arrive
",0
2013-08-17T23:15:00Z,"Sinon je peux souscrire la vidéo a vidéo gag ? Non mais sérieux on ne va pas se mentir , les 2 buts sont exclusivement de la chance a par le 2e qui est beau.",0
2013-08-28T09:03:27Z,Bien joue a Arles (supporter clermontois),2
2013-08-26T08:48:14Z,Viva ACA! LKB,2
2013-08-25T16:39:55Z,Kua84 en force !,2
2014-03-16T00:02:01Z,Dommage le FCIOP,0
2014-01-26T00:46:20Z,"Bon match , manque de realisme!!",0
2013-11-24T10:55:02Z,Lippini*,0
2013-11-24T10:54:22Z,Allez le sco!!! Quel con limini vous devriez avoir honte clermont davoir un joueur comme sa!,0
2013-11-24T09:38:29Z,c'est pas yatara qui rate le péno c'est farnolle qui l'arrete,0
2013-11-24T08:06:18Z,"Par contre Lippini, faute professionnelle je me demande encore pourquoi on laisse des gens comme ça jouer ...",5
2013-11-24T08:01:39Z,Merci Clermont pour nous permettre de rattraper Angers ;d,1
2014-07-23T08:53:14Z,"Allez les lorrains ici c est metz
",0
2014-02-26T10:06:23Z,"allez nancy
*",0
2014-02-23T19:14:09Z,"1 victoire , 3 nuls et 2 défaites bravo Metz ! Bientôt la 3 eme ;)",1
2014-02-23T00:57:30Z,La Lorraine est grenat et elle le restera :),13
2013-08-11T10:55:33Z,Et puis même pas d'image de Capelle blessé...,0
2013-08-11T04:03:06Z,les mec il mettent stade jule deschaseaux aprés il disent qu'il sont battut tours 3 buts a 2 il se trompent c'est stade océane et niort!!,0
2013-08-10T22:38:15Z,C'est pas Stade Jules-Dechaseaux mais Stade Océane ;),0
