publish_date,title,view_count
2014-01-16T02:15:20Z,Oman vs Korea Republic: AFC U22 Championship 2014,8952
2014-06-02T14:41:36Z,Korea vs. Belgium : Red Devils Derby,173
2014-06-17T23:00:00Z,RUSSIA - SOUTH KOREA | FIFA World Cup 2014 (All Goals Highlights HD),15475
2013-08-05T14:24:20Z,FIFA World Cup 2010 - South Korea Huh Jung-moo coach resigns,925
2014-05-30T18:26:22Z,Itália 0 x 1 Coréia do Norte   1966,860
2014-06-22T20:00:01Z,SOUTH KOREA - ALGERIA | FIFA World Cup 2014 (All Goals Highlights HD),1417
2014-01-10T09:41:31Z,"중경고 박은강 하이라이트 Park, Eun-Gang - Jung-Kyung High School",1200
2013-08-05T14:24:52Z,FIFA World Cup 2010 - South Korea through! 2-2 vs Nigeria enough to put them through to play Uruguay,989
2013-09-04T22:05:12Z,jongmin.kim.2013,149
2013-08-28T15:21:57Z,매탄고 김건희  (Kim Gun Hee&#39;s mastery skills and a powerful goal),3326
2013-08-05T14:24:24Z,"FIFA World Cup 2010 - South Korea conference with fans, Park Ji-Sung discusses future &amp; Asian Cup",4382
2013-10-12T20:32:34Z,Coreia do Sul 0 x 2 Brasil -  Amistoso Internacional 12/10/2013 - Jogo Completo,106504
2013-12-03T18:51:41Z,Incheon-Suwon December1st First half K-League Classic,39
2014-01-10T08:24:39Z,"[Highlight] 인천 대건고 권세현 / Kwon, Se-Hyun - In-cheon Dae-Geon High School",1017
2014-04-29T17:19:38Z,Lee Chung-yong : his black armband,2661
2014-02-27T05:06:29Z,"Interview: Qu Bo - striker, Guizhou Renhe: AFC Champions League 2014 (MD1)",580
2014-05-13T15:05:39Z,Yun Suk-young : Roller Coaster,5743
2014-01-25T16:16:25Z,Sun Hyunjune-&quot;Ball touch collection-2013-2014 Jan&quot; ● Best Football skills ● HD,1431
2013-12-05T15:05:38Z,Sun Hyunjune-&quot;2013 Ball touch collection&quot;,4135
