publish_date,title,view_count
2014-01-11T14:29:54Z,Romain Saiss,2500
2013-08-09T09:13:38Z,Rencontre d&#39;avant-match : Romain Saïss,4675
2013-08-15T12:03:09Z,"Avant Niort - HAC, interviews d&#39;Erick Mombaerts, Maxime Le Marchand et Romain Saïss",1322
2013-12-21T23:00:01Z,Havre AC - AJ Auxerre (2-0) - 20/12/13 - (HAC - AJA) - Résumé,7802
2014-04-10T18:08:59Z,SCO - Le Havre (avant match),265
2014-01-16T11:16:26Z,Convention de partenariat ASV - SAISS,464
2014-02-14T20:38:09Z,Napoli vs Milan 3-1 HD,51
2014-01-04T23:00:17Z,Gillingham vs Wolverhampton Wanderers - League One 2013/14,2921
2013-08-15T13:23:57Z,James Previews Derby,560
2014-05-24T00:44:16Z,Manuel Da Costa vs Moçambique 23 05 2014,7062
2013-10-21T18:49:38Z,Reportage à Crystal Palace,233
2014-05-04T20:29:10Z,Nouha Dicko celebrate Nouha&#39;s goal 3May2014,761
2013-08-21T13:02:52Z,Stade Océane: ce qu&#39;en pensent les joueurs,14109
2014-05-23T00:39:33Z,بنعطية : الكل يحلم باللعب في أندية كبرشلونة و مانشستر سيتي,3557
2014-07-16T20:53:18Z,LAZAR MARKOVIC SIGNS... BEN DAVIES NEXT FOR LIVERPOOL ?,275
2013-09-11T20:02:35Z,KONE MOHAMED WALLID,153
