publish_date,title,view_count
2013-11-16T15:46:51Z,"Yannick Ferreira Carrasco ► Skills, Tricks, Goals, | 2013-2014 |",135989
2013-10-06T22:00:01Z,1st goal in Ligue1 Y. FERREIRA CARRASCO (15&#39;) - AS Monaco FC - AS Saint-Etienne (2-1) - 2013/2014,2241
2014-05-15T08:24:58Z,Freestyle Dacao from Ipanema II : juggle duel between Ferreira Carrasco and Kondogbia - AS Monaco,7624
2013-08-12T20:59:56Z,Yannick Ferreira-Carrasco vs Bordeaux (Away) 13/14,12085
2013-10-20T22:00:01Z,Goal Yannick FERREIRA CARRASCO (5&#39;) - FC Sochaux-Montbéliard - AS Monaco FC (2-2) - 2013/2014,2484
2013-09-03T21:28:58Z,YANNICK FERREIRA-CARRASCO | ALL GOALS &amp; ASSISTS | 2012/13 |,919
2014-05-13T11:33:55Z,"Freestyle Dacao from Ipanema : juggle between Ricardo Carvalho, Kondogbia &amp; Ferreira-Carrasco",11395
2013-10-06T22:00:01Z,But Yannick FERREIRA CARRASCO (15&#39;) - AS Monaco FC - AS Saint-Etienne (2-1 - 2013/2014,2456
2013-11-03T20:18:54Z,Yannick Ferreira-Carrasco vs Saint-Etienne (Home) 13/14,4052
2013-10-20T22:00:02Z,But Yannick FERREIRA CARRASCO (5&#39;) - FC Sochaux-Montbéliard - AS Monaco FC (2-2 - 2013/2014,2484
2013-08-04T23:00:05Z,Yannick Ferreira-Carrasco vs Tottenham (Pre-Season Friendly) 13/14,56813
2013-10-20T22:00:01Z,Goal Yannick FERREIRA CARRASCO (10&#39;) - FC Sochaux-Montbéliard - AS Monaco FC (2-2) - 2013/2014,1998
2013-11-04T23:08:19Z,Yannick Ferreira-Carrasco vs Sochaux (Away) 13/14,2792
2013-10-20T22:00:01Z,But Yannick FERREIRA CARRASCO (10&#39;) - FC Sochaux-Montbéliard - AS Monaco FC (2-2 - 2013/2014,2173
2013-09-02T15:40:28Z,Carrasco vs OM,240
2014-01-23T07:09:14Z,Невероятный промах Феррейра Карраско в матче Монт Азеге - Монако,1207
2013-10-07T00:03:22Z,OM - PSG : Lavezzi&#39;s crazy joke with the cameraman - 2013/2014,113866
2014-01-14T12:17:06Z,Yannick Ferreira Carrasco sur Foot-Express.com,493
2014-06-30T01:45:14Z,Llegada de la selección a Carrasco,153
2013-10-06T23:59:12Z,OM - PSG seen from the stands- 2013/2014,2264
2013-10-07T00:24:28Z,Week 9 : Unbelievable defensive passbacks! - 2013/2014,3104
2013-10-07T00:09:43Z,OM - PSG : 2 hot penalty goals - 2013/2014,13615
2013-10-06T23:58:59Z,OM - PSG : la blague finale de Lavezzi - 2013/2014,482371
2013-10-05T20:49:17Z,PaseGol De James Rodriguez a Carrasco - Mónaco (1) Vs Saint Etienne (0) - 05/10/2013,1179
2013-10-06T23:46:19Z,Ligue 1 - Week 9 Highlights - 2013/2014,6043
2013-10-07T00:06:17Z,OM - PSG vu des tribunes - 2013/2014,14409
2013-10-06T23:48:23Z,Ligue 1 - Week 9 : Goals compilation - 2013/2014,538
2013-10-06T22:00:21Z,Ligue 1 - Week 9 : zapping - 2013/2014,476
2013-09-22T23:22:28Z,Paris Saint-Germain - AS Monaco FC (1-1) - Highlights (PSG - ASM) - 2013/2014,315176
2014-07-24T05:16:44Z,"Atletico Nacional 2-4 AS Monaco, all the goals (Berbatov, Martial, Fabinho, Carrasco)",36561
2013-10-20T22:00:00Z,Goal Joseph LOPY (69&#39;) - FC Sochaux-Montbéliard - AS Monaco FC (2-2) - 2013/2014,1466
2013-11-21T21:36:25Z,"Lopy, Lucas Moura, Van der Wiel, Brüls, Ferreira Carrasco, Kolo eux aussi likent Foot-Express.com",183
2013-10-06T22:00:01Z,AS Monaco FC - AS Saint-Etienne (2-1) - Highlights (ASM - ASSE) - 2013/2014,9407
2013-10-06T22:00:00Z,1st goal in Ligue 1 Lucas OCAMPOS (87&#39;) - AS Monaco FC - AS Saint-Etienne (2-1) - 2013/2014,2066
2013-10-20T22:00:02Z,FC Sochaux-Montbéliard - AS Monaco FC (2-2) - Highlights (FCSM - ASM) - 2013/2014,8677
2013-10-06T22:04:11Z,Ligue 1 - Week 9 : Top goals - 2013/2014,1769
2013-10-20T22:00:02Z,But Joseph LOPY (69&#39;) - FC Sochaux-Montbéliard - AS Monaco FC (2-2 - 2013/2014,6777
2013-10-27T23:00:01Z,AS Monaco FC - Olympique Lyonnais (2-1) - Highlights (ASM - OL) - 2013/2014,11945
2013-09-29T23:03:38Z,Stade de Reims - AS Monaco FC (1-1) - Highlights (SdR - ASM) - 2013/2014,11803
2013-10-06T22:00:01Z,But Lucas OCAMPOS (87&#39;) - AS Monaco FC - AS Saint-Etienne (2-1 - 2013/2014,5769
2013-09-01T22:56:40Z,Olympique de Marseille - AS Monaco FC (1-2) - Highlights (OM - ASM) - 2013/2014,61176
2013-08-29T13:02:22Z,&quot; Pas un match amical &quot;,116
2013-11-03T23:05:53Z,LOSC Lille - AS Monaco FC (2-0) - Highlights (LOSC - ASM) - 2013/2014,19923
2013-08-11T22:00:21Z,Girondins de Bordeaux - AS Monaco FC (0-2) - Highlights (FCGB - ASM) - 2013/2014,126668
2013-10-20T22:00:02Z,But Cédric BAKAMBU (56&#39;) - FC Sochaux-Montbéliard - AS Monaco FC (2-2 - 2013/2014,879
2014-01-14T22:26:19Z,Atlético de Madrid 2 - 0 Valence - Copa Del Rey,266
2013-10-06T22:00:01Z,Goal Romain HAMOUMA (49&#39;) - AS Monaco FC - AS Saint-Etienne (2-1) - 2013/2014,251
2013-08-25T23:26:36Z,AS Monaco FC - Toulouse FC (0-0) - Highlights (ASM - TFC) - 2013/2014,9378
2014-07-02T15:55:26Z,James Rodríguez - Technical Genius - Crazy Skills Dribbling Assists Goals |HD|,30907
2014-05-18T05:21:20Z,AS Monaco FC - Girondins de Bordeaux (1-1) - Highlights - 17/05/14 - (ASM-FCGB),4472
