publish_date,title,view_count
2014-03-26T14:22:02Z,SC II siegt beim SSV Ulm 1846,3481
2014-01-20T12:21:45Z,SC II siegt im Stadt-Derby,4314
2014-03-10T11:56:01Z,SC II schlägt Hoffenheim,2373
2014-06-30T12:00:46Z,Celtic FC - Austria Tour Diary Day 1,4207
2014-06-18T21:10:27Z,Hakan Calhanoglu - Maestro Of Epic Freekicks | Hamburger SV,2553
2013-11-22T10:29:11Z,Maxime Poundjé - &quot;Jamais évident d&#39;aller à Rennes&quot;,311
2013-08-04T10:14:02Z,Hendrick Zuck im Interview,6023
2013-09-06T23:26:04Z,Remis gegen Zürich - alle Tore im Video,14612
2013-10-26T17:35:08Z,Celtic 2 - 1 Ajax 22/10/13 James Forrest Penalty,162
2013-08-11T11:21:15Z,Julian Schuster im Interview,4565
2014-07-04T10:30:54Z,"Wie lassen sich die Franzosen schlagen, Jonathan Schmid?",4132
2013-10-20T22:00:01Z,Goal François CLERC (7&#39;) - AS Saint-Etienne - FC Lorient (3-2) - 2013/2014,344
2013-08-05T15:02:51Z,Derbysieg für SC II,804
2013-09-24T13:22:10Z,Futsal Toulon vs Cannes Les Buts du Match 2ème Journée Championnat France Division 1 Live 2013,831
2013-09-03T00:26:02Z,JONATHAN SCHMID Goal Tor Header Kopfball / France - Germany Fifa13,185
2013-08-15T14:58:12Z,PK vor Mainz - XXL,1951
