published-time,comment,likes
2014-03-26T14:58:08Z,Wir haben echt ne' super zweite!,0
2014-06-30T16:36:46Z,For selfish reasons id rather Efe losses so he can come back quicker and be available for the games coming up ,1
2013-08-06T16:30:50Z,"Ich finde, er klingt ein wenig nach Nuri Sahin.. wenn man die Augen zu macht.. :D",0
2013-08-05T14:38:09Z,Hendrik weiter so!,0
2013-08-04T11:24:11Z,Ruck Zuck 2 Tore gemacht :D,0
2013-08-04T11:23:52Z,Ruck Zuck 2},0
2013-08-04T10:28:11Z,Er war Super hatte nur zu viele Fehlpässe,0
2013-08-04T10:20:59Z,er  war einer der besten. Ich hoffe er spielt in Leverloose,0
2013-09-09T15:18:29Z,"Es ist ein Test-Spiel meine Güte.
Wen interessiert das??",0
2013-09-08T11:18:12Z,Das war doch nie im Leben ein Tor...,0
2013-09-07T22:01:13Z,ist doch nur ein test .. nach der halbzeit wurden alle ja ausgewechselt,0
2013-09-07T13:52:08Z,Ohje Ohje...,0
2013-09-07T09:22:48Z,Sogar aus der Kamerasicht sieht das ziemlich eindeutig vor der Linie aus..,0
2013-09-07T00:42:32Z,Des zweite tor hätte niemals zählen dürfen ich stand neben dem tor und hatte gesehen wie sorg den ball vor der linie klärte,0
2013-08-12T09:22:57Z,SCF <3,0
2013-08-12T08:00:22Z,Scf! <3,0
2013-08-11T14:07:30Z,SCF!,0
2014-07-04T14:10:05Z,Sympatisch!!!,1
2013-08-07T13:25:32Z,tolles team :) trau den jungs den aufstieg zu,0
2013-08-16T12:27:35Z,3 punkte sind machbar !,0
2013-08-15T18:36:55Z,Das wird sicherlich ein hartes Spiel. Wahrscheinlich wieder so ein 1:1 oder 0:0 wie immer gegen Mainz. ^^,0
2013-08-15T16:18:47Z,danke,0
2013-08-15T15:10:57Z,❤,0
