published-time,comment,likes
2013-09-30T19:59:03Z,"расист? думаєш українці чимось кращі за інших? Тоді не дивуйся, що в ЄС після цього ставляться до нас як до другого сорту",0
2013-09-30T17:35:53Z,Lech Poznan!!!,0
2013-09-26T15:30:36Z,"Ну не было там пеналя. не было и все. Тема нарисовал опять. Во, дает!

Ну, плять, почему никто не хочет играть в Динамо то? приходят и перестают играть? без настроения, без самоотдачи, без задора и желания всех порвать. Вроде как из под палки на поле выходят и мучаются. Покупают отличных ребят, но те придут и разучиваются хотеть играть; Стают деревянными. Что не так? вот не пойму. Одна и та же история уже лет 15 подряд.",0
2013-09-25T20:42:13Z,Может Миля завяжит гулять и начнёт играть!),0
2013-09-25T15:16:05Z,Точняк. Удачи ему.,0
2013-09-25T14:34:24Z,"Миля хорош!  падать не разучился , а вот с ударом еще проблемы ",0
2014-03-04T04:00:25Z,Voila le niveau de merde,0
2014-05-16T20:07:04Z,y a personne au stade mdr la honte !!!,1
2013-10-27T00:47:59Z,Beau match.Belle victoire niortaise.,0
2014-04-06T18:46:41Z,"0.23, Its me! ;)",0
2013-12-22T20:11:03Z,vatandaşı olmasak eğlenceli ülke aslında :)) ,1
