publish_date,title,view_count
2013-09-25T13:17:17Z,GAZİANTEPSPOR - ÇORUM BELEDİYESPOR 3:2,92297
2014-03-08T10:36:51Z,Résumé en vidéo de Niort-Châteauroux (4-0) du 7 mars 2014,1709
2014-03-01T08:54:31Z,J26 : Les buts Nîmes - Niort,3330
2013-12-28T21:39:15Z,Ronaldinho but d&#39;anthologie sur coup franc,1235
2013-12-01T23:00:01Z,EA Guingamp - FC Nantes (1-0) - 30/11/13 -  (EAG - FCN) - Highlights,3056
2014-01-11T23:00:00Z,CA Bastia - Chamois Niortais (0-3) - 10/01/14 - (CAB-NIORT) -Résumé,2410
2014-06-13T00:02:52Z,Chamois Niortais,324
2013-09-20T20:32:21Z,But de Faycal Fajr contre Fc niort,3849
2013-10-26T22:00:01Z,Chamois Niortais - FC Istres (3-1) - Le résumé (NIORT - FCIOP) - 2013/2014,3034
2014-04-05T22:00:01Z,Chamois Niortais - Dijon FCO (2-0) - 04/04/14 - (NIORT-DFCO) - Résumé,3263
2014-02-04T18:38:10Z,Orduspor - Karşıyaka Maçında Pankartlar,2030
2013-08-19T00:45:31Z,Beşiktaş Trabzonspor son 5 dakika dale cavese ve gezi sloganları,9985
2014-01-08T22:39:22Z,HÜSEYİN KEPENEK,20
2014-01-29T22:01:27Z,HÜSEYİN KEPENEK,12
2014-06-27T09:32:30Z,Sinan Osmanoğlu da imzaladı,566
2014-06-25T12:43:07Z,Pazara Gönderme,1461
2013-12-23T08:35:51Z,superlıg ınonu sefakoy,31
2013-10-25T08:35:42Z,Maçın Golü   Ensar,211
