publish_date,title,view_count
2014-04-28T20:26:57Z,Angers SCO - SM Caen. Réaction Fabien Boyer,851
2014-01-23T18:42:30Z,TOTALEMENT FOOT 1ER SEMESTRE 2014 [S.1] [E.3] - Totalement foot du 23/01 - Fabien Boyer,103
2013-11-09T23:00:01Z,Havre AC - Angers SCO (1-2) - Le résumé (HAC - SCO) - 2013/2014,9468
2013-09-14T22:00:04Z,Stade Lavallois - Angers SCO (4-1) - Le résumé (LAVAL - SCO) - 2013/2014,15009
2014-03-20T10:20:38Z,Stade Brestois 29 - Angers SCO (1-0) - 18/03/14 - (SB29-SCO) - Résumé,4213
2014-04-05T22:00:01Z,AC Arles Avignon - Angers SCO (3-0) - 04/04/14 - (ACA-SCO) - Résumé,5239
2014-05-07T22:00:01Z,Angers SCO - Nîmes Olympique (2-3) - 06/05/14 - (SCO-NIMES) - Résumé,6421
2014-05-03T22:00:03Z,RC Lens - Angers SCO (0-0) - 03/05/14 - (RCL-SCO) - Résumé,9379
2013-11-23T23:00:00Z,Angers SCO - Clermont Foot (0-2) - Le résumé (SCO - CF63) - 2013/2014,11157
2014-02-15T23:00:02Z,Angers SCO - Stade Lavallois (1-1) - 15/02/14 - (SCO-LAVAL) - Résumé,8082
2014-05-17T22:00:01Z,Angers SCO - FC Istres (1-0) - Résumé - 16/05/14 - (SCO-FCIOP),3974
2013-11-16T20:21:30Z,But Matthieu Dinet (match amical ),781
2014-05-25T17:21:04Z,JAKO CUP KV Kortrijk 2014,1106
2014-05-27T17:55:33Z,Belgique Luxembourg le résumé 5-1      Diables Rouges,1412
2014-01-02T16:28:01Z,Coupe de France 32è de finale à suivre sur Oxy,1052
2013-11-12T16:03:58Z,KVK-TV aflevering november 2013,2143
2014-02-13T19:05:30Z,Mathias SERIN 2014,2135
2014-04-29T00:44:12Z,SCO 1 CAEN 2 (28/04/14 réactions),334
2014-04-28T21:56:14Z,Conférence de presse Angers SCO - SM Caen (1-2) - 2013/2014,1832
2014-03-06T19:45:29Z,TOTALEMENT FOOT 1ER SEMESTRE 2014 [S.1] [E.9] - Totalement foot du 06/03 - Yohann Eudeline,108
2014-03-15T15:00:11Z,Angers SCO - Creteil. Coup de gueule de Blayac,2894
2014-02-15T18:47:35Z,Conférence de presse Angers SCO - Stade Lavallois (1-1) - 2013/2014,644
2014-04-30T09:11:28Z,Angers - SM Caen Ambiance parcage,438
2014-02-20T18:44:36Z,TOTALEMENT FOOT 1ER SEMESTRE 2014 [S.1] [E.7] - Totalement foot du 20/02 - Patrice Sauvaget,32
2014-02-13T18:41:39Z,TOTALEMENT FOOT 1ER SEMESTRE 2014 [S.1] [E.6] - Totalement foot du 13/02 -,34
2014-04-17T17:28:41Z,TOTALEMENT FOOT 1ER SEMESTRE 2014 [S.1] [E.15] - Totalement foot du 17/04 - Coupe de France,15
2014-05-22T17:48:31Z,TOTALEMENT FOOT 1ER SEMESTRE 2014 [S.1] [E.20] - Totalement foot du 22/05 - Saïd Chabane,35
2014-02-06T18:44:39Z,TOTALEMENT FOOT 1ER SEMESTRE 2014 [S.1] [E.5] - Totalement foot du 06/02 - Mohamed Slim Ben Othman,602
2014-01-09T18:42:37Z,TOTALEMENT FOOT 1ER SEMESTRE 2014 [S.1] [E.1] - Totalement foot du 09/01 - Hommage à JFC....,30
2014-04-27T19:05:05Z,Avant match  SCO Caen,256
2014-06-05T17:27:36Z,TOTALEMENT FOOT 1ER SEMESTRE 2014 [S.1] [E.22] - Totalement foot du 05/06 - Best of,11
2014-03-13T19:41:54Z,TOTALEMENT FOOT 1ER SEMESTRE 2014 [S.1] [E.10] - Totalement foot du 13/03 - Rayan Frikèche,30
2014-04-03T17:29:20Z,TOTALEMENT FOOT 1ER SEMESTRE 2014 [S.1] [E.13] - Totalement foot du 03/04 - Jean-Philippe Faure,13
2014-04-10T17:29:18Z,TOTALEMENT FOOT 1ER SEMESTRE 2014 [S.1] [E.14] - Totalement foot du 10/04 - Stéphane Moulin,25
2014-01-16T18:58:23Z,TOTALEMENT FOOT 1ER SEMESTRE 2014 [S.1] [E.2] - Totalement foot du 16/01 - Khaled Ayari,236
2014-04-16T07:32:19Z,Coupe de France. Rennes-Angers.Réaction Gregory Malicki,553
2014-03-27T18:50:05Z,TOTALEMENT FOOT 1ER SEMESTRE 2014 [S.1] [E.12] - Totalement foot du 27/03 - Jérémy Blayac,35
2014-05-08T17:26:01Z,TOTALEMENT FOOT 1ER SEMESTRE 2014 [S.1] [E.18] - Totalement foot du 08/05 - Michel Bouyer,19
2014-03-26T05:07:35Z,g1 gatineau,47
