publish_date,title,view_count
2013-11-30T23:00:01Z,Nîmes Olympique - Dijon FCO (1-1) - 29/11/13 - (NIMES - DFCO) - Résumé,2710
2014-02-15T23:00:02Z,Dijon FCO - CA Bastia (3-0) - 14/02/14 - (DFCO-CAB) - Résumé,3241
2013-11-09T23:00:00Z,FC Metz - Dijon FCO (2-0) - Le résumé (FCM - DFCO) - 2013/2014,11654
2013-10-19T22:00:00Z,Dijon FCO - ESTAC Troyes (2-1) - Le résumé (DFCO - ESTAC) - 2013/2014,5432
2013-08-17T22:00:11Z,Dijon FCO - Angers SCO (1-3) - Le résumé (DFCO - SCO) - 2013/2014,8945
2014-05-03T22:00:01Z,Clermont Foot - Dijon FCO (0-1) - 02/05/14 - (CF63-DFCO) - Résumé,1823
2014-05-10T22:00:01Z,FC Istres - Dijon FCO (2-4) - Résumé - 09/05/14 - (FCIOP-DFCO),3897
2014-05-17T22:00:00Z,Dijon FCO - SM Caen (2-2) - Résumé - 16/05/14 - (DFCO-SMC),6145
2013-11-23T21:11:02Z,Dijon FCO - AS Nancy-Lorraine (1-0) - Le résumé (DFCO - ASNL) - 2013/2014,2376
2014-01-28T20:08:12Z,Montpellier 3-1 Nice : inside,2179
2014-04-09T06:02:44Z,Jérémie Clément (highlights),911
2013-12-11T16:04:57Z,Courbis et le chiffre 13 - 11/12,483
2014-05-09T11:18:22Z,MONTPELLIER HSC - SC BASTIA . 03/04,522
2014-07-09T23:56:35Z,[okabol.com] Argentine qualifiée,98
2013-10-28T18:06:41Z,FC Metz - Angers But injustement refusé 45ème min !!,628
2013-09-02T00:20:05Z,Hatem Ben Arfa Shooting Before Newcastle 1 0 Fulham Premier League,569
2014-03-13T01:44:28Z,Barcelona vs Manchester City and PSG vs BAYER LEVERKUSEN Best 12-3-2014 Highlights,131
2013-12-08T20:37:20Z,Ligue 1 / Toulouse et Montpellier dos à dos - 08/12,292
2014-07-10T00:02:46Z,[okabol.com] Argentine qualifiée! la joie des fans,236
