publish_date,title,view_count
2014-02-08T01:25:43Z,"Roderic Filippi et Abdelhak Belahmeur, version censurée",12236
2013-12-01T23:00:01Z,But CSC Lionel ZOUMA (90&#39; +3) - Toulouse FC - FC Sochaux-Montbéliard (5-1) - 30/11/13 (TFC - FCSM),7072
2013-09-23T12:03:46Z,Les buts de Strasbourg - Luçon,175
2014-01-23T14:44:22Z,allez viens au racing !,3050
2014-01-14T23:24:25Z,RCS - Colomiers 2-0 : le but de Sabo,293
2014-03-13T17:35:05Z,Entretien Fauteuil Femmes de Foot | RC Strasbourg Alsace,1517
2014-05-18T21:44:43Z,RC Strasbourg 3 - 0 Dunkerque - 3e but de Mendy !,398
2013-12-22T23:00:01Z,Goal David DUCOURTIOUX (58&#39;) - AS Monaco FC-Valenciennes FC (1-2) - 20/12/13 (ASM-VAFC),198
2014-05-12T17:56:22Z,Apres match RCS - Dunkerque : les joueurs saluent le public mais boudent le kop,2186
2014-01-25T22:27:53Z,Lorient ramène un point - 25/01,250
2014-03-23T23:00:01Z,Goal Koffi DJIDJI  (34&#39; csc) - FC Nantes-Montpellier Hérault SC (2-1) - 22/03/14 - (FCN-MHSC),1146
2014-04-17T13:57:15Z,{Défi Quiz} A. Le Tallec VS G. Pujol,1732
