publish_date,title,view_count
2013-11-20T21:30:02Z,But Nicolas Saint-Ruf,561
2014-05-13T20:36:39Z,rclensois radio - Interview Nicolas Saint-Ruf - 13-05-2014,1251
2013-11-18T11:42:08Z,Creil - RC Lens &quot;clapping&quot; en coupe de france,2556
2013-09-14T22:00:04Z,Havre AC - RC Lens (6-2) - Le résumé (HAC - RCL) - 2013/2014,52473
2013-11-18T18:28:37Z,Creil - RC Lens (0-5) Match de Coupe de France (7eme tour) saison 2013/2014,7119
2014-04-08T12:40:08Z,Carton rouge Fc metz- istres,366
2014-05-04T18:22:31Z,rclensois radio - Interview Alexandre Coeff - 04-05-2014,2081
2014-03-13T22:28:20Z,"Justiz-Hammer! Uli Hoeneß muss in den Knast | 3,5 Jahre Haft für den Präsident des FC Bayern München",45235
