publish_date,title,view_count
2014-02-08T23:00:00Z,Havre AC - Nîmes Olympique (0-1) - 07/02/14 - (HAC-NIMES) -Résumé,2303
2014-01-11T23:00:01Z,Stade Lavallois - Nîmes Olympique (1-3) - 10/01/14 - (LAVAL-NIMES) -Résumé,2441
2013-11-23T23:00:00Z,FC Istres - Nîmes Olympique (4-2) - Le résumé (FCIOP - NIMES) - 2013/2014,5224
2014-03-08T23:15:41Z,Clermont Foot - Nîmes Olympique (1-0) - 07/03/14 - (CF63-NIMES) - Résumé,1401
2014-02-01T23:00:01Z,Nîmes Olympique - Tours FC (3-0) - 31/01/14 - (NIMES-TOURS) -Résumé,3210
2014-03-25T19:28:56Z,Croco hebdo du 25 mars 2014,609
2014-03-22T23:00:01Z,Nîmes Olympique - RC Lens (3-3) - 22/03/14 - (NIMES-RCL) - Résumé,14383
2014-01-25T23:00:01Z,ESTAC Troyes - Nîmes Olympique (2-1) - 24/01/14 - (ESTAC-NIMES) -Résumé,3037
2013-12-14T23:00:01Z,Stade Brestois 29 - Nîmes Olympique (1-1) - 13/12/13 - (SB29 - NIMES) - Résumé,2781
2014-02-15T23:00:01Z,Nîmes Olympique - FC Metz (0-0) - 14/02/14 - (NIMES-FCM) - Résumé,2506
2013-12-21T23:00:01Z,Nîmes Olympique - Angers SCO (0-2) - 20/12/13 - (NIMES - SCO) - Résumé,6549
2014-03-29T23:00:01Z,Châteauroux - Nîmes Olympique (2-0) - 28/03/14 - (LBC-NIMES) - Résumé,2941
2013-11-30T23:00:01Z,Nîmes Olympique - Dijon FCO (1-1) - 29/11/13 - (NIMES - DFCO) - Résumé,2710
2014-03-01T23:00:02Z,Nîmes Olympique - Chamois Niortais (4-1) - 28/02/14 - (NIMES-NIORT) - Résumé,4490
2014-01-18T23:00:03Z,Nîmes Olympique - AJ Auxerre (2-2) - 17/01/14 - (NIMES-AJA) -Résumé,3066
2014-05-07T22:00:01Z,Angers SCO - Nîmes Olympique (2-3) - 06/05/14 - (SCO-NIMES) - Résumé,6421
2013-11-26T19:14:54Z,Croco Hebdo du 26 NOVEMBRE 2013,290
2014-02-15T18:48:40Z,Conférence de presse Nîmes Olympique - FC Metz (0-0) - 2013/2014,150
2013-11-18T23:00:56Z,Abdel Hakim Omrani : Nouvelle recrue du Nîmes Olympique,853
2013-10-08T18:07:56Z,Red Star - SR Colmar 0 1 par MW-SportTV.com,324
2014-04-10T16:43:56Z,Avant le derby du 11 avril 2014 entre le RC Strasbourg et les SR Colmar,381
