published-time,comment,likes
2013-10-13T10:50:00Z,Allez les chamois niortais!!! j'ai pas envie de vous voir en national vs avez le niv de la ligue 2 essayer de ne pas etre relegue cette saison et si vs etes encore en ligue2 la saison prochaine essayer de monter en ligue1 comme ya 15ou 20ans. Allez les supporters sont la!!!,0
2013-09-26T10:33:54Z,Sérieux les gars faut se remotiver je veux pas aller vous voir en National !,0
2013-12-13T21:21:43Z,,0
2013-12-13T21:21:25Z,,0
2013-12-13T21:20:59Z,4,0
2013-12-13T10:31:48Z,,0
2014-07-23T18:30:13Z,nice one bro ,0
