publish_date,title,view_count
2014-03-19T10:16:12Z,Croco Hebdo du 18 mars 2014,329
2013-08-03T22:00:12Z,Nîmes Olympique - US Créteil (2-3) - Le résumé (NIMES - USCL) - 2013/2014,11729
2014-04-12T22:00:01Z,CA Bastia - Nîmes Olympique (0-0) - 11/04/14 - (CAB-NIMES) - Résumé,1409
2014-04-19T08:40:03Z,J33 Le BUT Nîmes 1-0 Istres,2412
2013-09-28T22:00:01Z,Nîmes Olympique - Clermont Foot (1-1) - Le résumé (NIMES - CF63) - 2013/2014,1651
2014-03-01T23:00:02Z,Nîmes Olympique - Chamois Niortais (4-1) - 28/02/14 - (NIMES-NIORT) - Résumé,4490
2014-07-09T23:14:33Z,L&#39;OM déménagerait-il vers Nîmes ou Montpellier ?,463
2013-08-16T23:49:16Z,But Gragnic / Nîmes-Troyes (3-2),296
2013-11-14T20:29:00Z,But LE MAT vincent NIMES 0 CA BASTIA 1 en ligue 2 de Novembre 2013,208
2013-12-19T19:54:54Z,Gazeau vire Zvunka avant Nîmes   Angers,268
2013-09-06T08:18:05Z,11  L2 J09 SEDAN REIMS :  Gragnic,366
2014-05-07T18:09:44Z,Conférence de presse Angers SCO - Nîmes Olympique (2-3) - 2013/2014,408
