published-time,comment,likes
2014-02-10T09:20:44Z,Magnifique victoire !!,0
2014-01-14T08:35:20Z,Allez Nîmes 3,0
2014-01-12T19:43:12Z,Allez le mhsc ,0
2014-01-12T09:32:56Z,Bravo les Crocos 3 Allez Nîmes 3,0
2014-03-15T06:45:32Z,Commentateur nul,2
2014-03-09T16:07:26Z,Le gardien de Clermont c'est pas Fayolle mais Farnolle,2
2014-02-02T18:44:02Z,ça part de là !!!!,0
2014-02-02T10:07:46Z,Allez tours!!!!!!!!!!!!!!!!!!!!!!!!!!!!!!!!!!!!!!!!!!!!!!,0
2014-03-26T19:14:24Z,Les supporters des croix de Savoie veulent monter a bonnal pour découvrir votre stade ! Revenez en l1 svp :) ,0
2014-03-24T10:05:59Z,J'ai hâte de vous revoir en L1 les sangs et Or !!!!! ( 1 supporter Lyonnais ),0
2014-03-23T12:56:55Z,Libojia kombouare le garde pour Monaco !,0
2014-03-23T11:32:53Z,Aller Lens ! :D,2
2014-03-23T09:20:12Z,"Coulibaly n'a rien apporté sur ce match, pas compris pourquoi le coach l'a laissé sur le terrain en lieu et place de Ljuboja qui revient en forme... ",0
2014-03-23T08:50:05Z,On moins on a eté capable de revenir 3x au score ! Allez Lens !,2
2014-03-23T08:40:44Z,On croit au maintien aller no !!!!,1
2014-03-23T06:16:41Z,On y croit la monté !! Allez RCL,2
2014-01-29T11:12:23Z,"#Ligue2 - Classement des buteurs - Après son 11e but inscrit lors de la 21e journée, Ghislain Gimbert (ESTAC Troyes) remonte sur le podium en s'emparant de la 3ème place ! Bekamenga (11 buts) reste second derrière l'attaquant du FC Metz Diafra Sakho (12 buts) ! http://bit.ly/1e4sORa",2
2014-01-28T21:39:59Z,Les gens ... ARRETEZ de dire ON vous ne jouez pas dans l'equipe vous etessupporters bordel,0
2014-01-26T19:07:38Z,Victoire dans la douleur mais on se replace dans le classement  ALLEZ L'ESTAC,0
2014-01-26T17:28:59Z,2e but ridicule ^^,1
2014-02-16T14:35:54Z,Comme souvent l'arbitre n'a pas été bon !,1
2013-12-24T10:33:17Z,rooon pschiiiiittt rooooonnn pssccchhhiiiiiiiittt,1
2013-12-23T18:01:29Z,"les gars moi je joue  au centre de formation des u13 de angers et bah mon gars c pas de la tarte tt les jours en tout cas je l'ai est tous rencontre
au moins une fois",0
2013-12-21T23:50:57Z,maliki fait un bon match,0
2013-12-21T23:13:18Z,Maliki !,0
2014-03-31T13:42:55Z,Sa c est la berrichonne les gars !!!!!!!!!!,0
2014-03-30T22:28:27Z,Schekter18 donne moi ton num ta l'air bg,0
2014-03-30T16:28:34Z,On s'en fou des mains contre Caen sa nous a donné 1 point donc tant mieux !,0
2014-03-30T10:59:47Z,Bande sale tricheur qui mette des main contre le smcaen!  :( ,0
2014-03-30T07:02:55Z,Bravo la berri !,2
2014-03-30T00:29:58Z,Chateauroux les meilleurs.,4
2013-12-01T16:12:46Z,2:26 Riad oh non !,0
2013-12-01T16:10:42Z,Le public était derrière vous allez no,0
2014-03-04T19:08:31Z,Pourquoi ya rouge ? C'était pas le dernier defenseur...,0
2014-03-04T09:45:26Z,Parce que il a pas le droit de faire une passe en retrait à ras de terre au goal qui la pris a la mains,0
2014-03-03T07:32:01Z,Rien compris pour le coup franc indirect dans la surface de reparation ... On m'explique svp,0
