publish_date,title,view_count
2013-11-26T18:53:19Z,Portret Jordan Botaka en familie,16743
2013-10-05T22:00:01Z,Clermont Foot - FC Istres (2-0) - Le résumé (CF63 - FCIOP) - 2013/2014,2945
2013-11-30T23:00:01Z,Clermont Foot - Stade Brestois 29 (1-0) - 29/11/13 - (CF63 - SB29) - Résumé,2327
2014-02-15T23:00:02Z,Clermont Foot - Chamois Niortais (0-1) - 14/02/14 - (CF63-NIORT) - Résumé,2580
2013-12-17T11:00:02Z,Dijon FCO - Clermont Foot (1-0) - 16/12/13 - (DFCO - CF63) - Résumé,4064
2014-04-05T22:00:06Z,Clermont Foot - Châteauroux (1-1) - 04/04/14 - (CF63-LBC) - Résumé,2052
2014-03-01T23:00:01Z,SM Caen - Clermont Foot (2-1) - 28/02/14 - (SMC-CF63) - Résumé,7669
2014-03-15T23:00:01Z,FC Istres - Clermont Foot (1-1) - 14/03/14 - (FCIOP-CF63) - Résumé,4789
2014-03-08T23:15:41Z,Clermont Foot - Nîmes Olympique (1-0) - 07/03/14 - (CF63-NIMES) - Résumé,1401
2014-04-01T10:00:02Z,RC Lens - Clermont Foot (1-1) - 31/03/14 - (RCL-CF63) - Résumé,8020
2013-11-09T23:00:00Z,Clermont Foot - AJ Auxerre (1-1) - Le résumé (CF63 - AJA) - 2013/2014,3675
2014-03-22T23:00:00Z,Clermont Foot - AS Nancy-Lorraine (1-0) - 21/03/14 - (CF63-ASNL) - Résumé,2435
2014-04-12T22:00:01Z,AJ Auxerre - Clermont Foot (0-2) - 11/04/14 - (AJA-CF63) - Résumé,3013
2014-05-03T22:00:01Z,Clermont Foot - Dijon FCO (0-1) - 02/05/14 - (CF63-DFCO) - Résumé,1823
2013-10-19T22:00:00Z,AS Nancy-Lorraine - Clermont Foot (3-2) - Le résumé (ASNL - CF63) - 2013/2014,11021
2014-04-26T22:00:01Z,Stade Brestois 29 - Clermont Foot (2-0) - 25/04/14 - (SB29-CF63) - Résumé,4115
2014-02-22T23:00:01Z,FC Metz - Clermont Foot (1-0) - 22/02/14 - (FCM-CF63) - Résumé,6803
2013-11-23T23:00:00Z,Angers SCO - Clermont Foot (0-2) - Le résumé (SCO - CF63) - 2013/2014,11157
2013-10-05T20:50:42Z,Conférence de presse Clermont Foot - FC Istres (2-0) - 2013/2014,58
2014-01-08T19:43:20Z,Cedrick Mabwati Incredible Miss | Real Betis vs Athetlic Bilbao | 08/01/2014 HD,1358
2013-11-22T18:28:34Z,Pablo Campos: A Striker&#39;s Story - Part 1,1576
2014-06-18T22:01:58Z,Mondial 2014 - Que valent les Africains (Lingala),112
