published-time,comment,likes
2013-09-19T18:49:17Z,LENS FANS ! <3,0
2014-05-07T13:48:29Z,Angers vous etes pourris vous etes pourris,0
2013-11-11T10:49:42Z,"Supporters Lensois, votez ici pour votre joueur Lensois préféré :D
http://www.pixule.com/215995195520_quel-est-votre-joueur-prefere-lens.html",0
2013-10-22T10:14:37Z,Le poteau de Aréola oui !!! ;),0
2013-08-25T02:54:34Z,LENS FANS ! <3,0
2013-08-24T06:29:32Z,"Supporter de l'OM , mon second club préféré est le RC LENS !
Deux club aux ambiances chaudes , deux clubs qui ont une âme !
ALLEZ les sang et or !",2
2013-08-22T14:58:47Z,"Après la 3ème journée et son match à domicile face à l'AJ Auxerre, le RC Lens a pris la tête du Championnat de France des Tribunes de  #ligue2  ! http://bit.ly/uwv2CL",3
2013-08-22T03:25:38Z,Merci ami Nantais ! ,0
2013-08-20T19:39:41Z,"Le public lensois m'a toujours fait rêver, et me fera toujours rêver en voyant ces images ! L'an dernier était galère pour vous, vous étiez là, et cette année vous l'êtes encore, en étant toujours plus nombreux ! Franchement respect, on espere vous revoir très vite en L1, votre place n'est pas la L2 ! Un supporter strasbourgeois",0
2013-08-19T12:35:28Z,J'y été aussi et l'ambiance OMG,0
2013-08-19T08:24:04Z,"enorme le rclens
",0
2013-08-18T14:08:14Z,Entièrement d'accord avec toi ! Le n°7 auxerrois nous a fait très mal et heureusement que la chance était de notre côté ;-) Supp lensois,0
2013-08-18T14:07:34Z,"J'ai été voir le match, une ambiance de folie, des buts et une grande équipe! La ola qui a fait le tour du stade, la chenille, les chants...Comme d'habitude exceptionnel!  Moi qui était placé en Lepagnot, une très belle vue pour suivre le match :) En tout cas merci à l'équipe pour ce très grand match!",0
2013-08-18T12:47:18Z,"L'après match sur ma chaîne, les joueurs viennent remercier les 4 tribunes. Le pic de l'après midi à Bollaert aura été cette ola qui a fait 6 tours de stade sans s'arrêter x') ",1
2013-08-18T10:47:27Z,"Allez Lens ! On se retrouve en ligue 1 l'année prochaine ! ;)
Un supporter Nantais :D",0
2013-08-18T10:45:30Z,"Sur la tête de Le Moigne, Ljuboja est derrière le défenseur auxerrois donc pas hors-jeu.",0
2013-08-18T09:05:27Z,"Areola très bon, malheureusement :/ 4-1 très sévère, 2 poteaux pour Auxerre, Sorin pas dans un grand jour, mais Ntep toujours aussi bon, malgré la défaite ça reste encourageant pour auxerre",0
2013-08-18T09:01:09Z,"Au départ du ballon (tete de lemoigne) il est sur la meme ligne que le défenseur Auxerrois, apres le ballon et effleurer par Sorin, donc non pas de hors-jeu ",0
2013-08-18T07:40:55Z,Le but de Ljuboja est hors-jeu non ?,0
2013-08-18T05:44:04Z,Jy etais mois au stade et c'etais une enorme ambiance !! 3,0
2013-08-17T23:48:56Z,1:30   Je m'appelle sorin je suis le 4 eme Arbitre ,0
2013-08-17T22:08:32Z,"Chavarria et Areola excellent !
Par contre Ntep ça fait 2 saisons de suite qu'il nous met la misère.",0
2014-07-03T16:41:41Z,ADEM AR 7  ,0
2014-06-22T08:04:50Z,our pride,2
2014-05-07T13:29:10Z,can someone translate me this to german or english pls ,3
2014-04-04T08:09:14Z,impressionnant,15
2014-04-05T08:52:58Z,bestmessi87 e-dubble - the in between,0
2013-10-25T17:57:17Z,"song?
",0
2013-10-16T05:45:35Z,Welcome to Dortmund ?,0
2014-03-24T19:44:05Z,"L'émission radio en fond c'est ... 

FAIR PLAY : Football & Musique 

TOUS LES SAMEDIS de 18h à 21h; EN DIRECT SUR 48FM 105.00 OU SUR WWW.48FM.COM/FAIRPLAY",2
2014-03-15T16:16:49Z,la classe c'est moi a 26 scondes :O,2
2013-10-24T03:43:30Z,,0
