publish_date,title,view_count
2014-03-10T14:17:48Z,▒ Birama Touré : Nouvel Aigle du Mali ▒,26640
2014-03-05T11:21:44Z,Bizutage chez les AIgles du Mali birama toure,11468
2014-03-09T10:13:34Z,FCN-Ajaccio,20
2013-10-20T22:34:18Z,AC Ajaccio - FC Nantes (0-1) - Le résumé (ACA - FCN) - 2013/2014,23169
2013-10-20T22:00:01Z,AC Ajaccio - FC Nantes (0-1) - Highlights (ACA - FCN) - 2013/2014,3348
2014-02-06T06:00:01Z,FC Nantes - Paris Saint-Germain (1-2) - 04/02/14 (1/2 finale) - (FCN-PSG) - Résumé,66752
2014-03-09T23:00:02Z,FC Nantes - AC Ajaccio (2-2) - 08/03/14 - (FCN-ACA) - Highlights,8654
2014-01-12T23:00:01Z,FC Nantes - FC Lorient (1-0) - 12/01/14 - (FCN-FCL) -Highlights,1617
2013-09-23T01:09:48Z,Olympique Lyonnais - FC Nantes (3-1) - Highlights (OL - FCN) - 2013/2014,6037
2014-02-02T23:00:01Z,FC Sochaux-Montbéliard - FC Nantes (1-0) - 01/02/14 - (FCSM-FCN) -Highlights,6101
2014-04-06T22:00:02Z,AS Monaco FC - FC Nantes (3-1) - 06/04/14 - (ASM-FCN) - Highlights,26691
2014-03-02T23:00:01Z,Evian TG FC - FC Nantes (2-0) - 28/02/14 - (ETG-FCN) - Highlights,1098
2014-02-09T23:00:01Z,FC Nantes - Olympique Lyonnais (1-2) - 09/02/14 - (FCN-OL) -Highlights,5405
2013-08-18T22:00:20Z,FC Lorient - FC Nantes (2-1) - Le résumé (FCL - FCN) - 2013/2014,32536
2013-10-06T22:00:02Z,FC Nantes - Evian TG FC (3-0) - Highlights (FCN - ETG) - 2013/2014,2226
2013-09-29T22:00:01Z,Stade Rennais FC - FC Nantes (1-3) - Highlights (SRFC - FCN) - 2013/2014,3107
2013-12-15T23:00:01Z,FC Nantes - Toulouse FC (1-2) - 14/12/13 -  (FCN - TFC) - Highlights,1310
2014-02-16T23:00:02Z,OGC Nice - FC Nantes (0-0) - 15/02/14 - (OGCN-FCN) - Highlights,1074
2013-12-22T23:00:01Z,AS Saint-Etienne - FC Nantes (2-0) - 21/12/13 -  (ASSE - FCN) - Highlights,1331
2013-10-31T06:00:01Z,FC Nantes - FC Lorient (2-0) - Le résumé (FCN - FCL) - 2013/2014,21003
2014-03-07T21:59:03Z,Souvenir : Bassala Touré Mali,22365
2014-03-09T23:00:02Z,FC Nantes - AC Ajaccio (2-2) - 08/03/14 - (FCN-ACA) - Résumé,16994
2014-02-02T23:00:02Z,FC Sochaux-Montbéliard - FC Nantes (1-0) - 01/02/14 - (FCSM-FCN) -Résumé,11175
2014-01-20T00:23:08Z,PSG vs Nantes (5-0) - 19/01/14 - Highlights - (Paris Saint-Germain-FC Nantes),73948
2013-11-10T23:00:01Z,Girondins de Bordeaux - FC Nantes (0-3) - Highlights (FCGB - FCN) - 2013/2014,5450
2013-08-11T22:00:21Z,FC Nantes - SC Bastia (2-0) - Highlights (FCN - SCB) - 2013/2014,4505
2013-09-26T22:00:01Z,FC Nantes - OGC Nice (2-0) - Highlights (FCN - OGCN) - 2013/2014,6201
2013-11-25T00:13:13Z,FC Nantes - AS Monaco FC (0-1) - Highlights (FCN - ASM) - 2013/2014,9664
2013-12-01T23:00:01Z,EA Guingamp - FC Nantes (1-0) - 30/11/13 -  (EAG - FCN) - Highlights,3056
2013-12-08T23:00:02Z,OM-Nantes (0-1) - 06/12/13 -  (Olympique de Marseille - FC Nantes) - Highlights,2265
2013-08-18T22:00:20Z,FC Lorient - FC Nantes (2-1) - Highlights (FCL - FCN) - 2013/2014,2648
2013-08-11T22:00:19Z,FC Nantes - SC Bastia (2-0) - Le résumé (FCN - SCB) - 2013/2014,50635
2014-03-16T23:00:01Z,LOSC Lille - FC Nantes (0-0) - 15/03/14 - (LOSC-FCN) - Highlights,1653
2014-03-23T23:00:01Z,FC Nantes - Montpellier Hérault SC (2-1) - 22/03/14 - (FCN-MHSC) - Highlights,1137
2014-01-12T23:00:02Z,FC Nantes - FC Lorient (1-0) - 12/01/14 - (FCN-FCL) -Résumé,19201
2014-02-27T05:24:49Z,Match Amical : Sénégal - Mali : Les 23 Aigles,10982
2014-03-02T23:00:02Z,Evian TG FC - FC Nantes (2-0) - 28/02/14 - (ETG-FCN) - Résumé,13694
2013-10-27T23:00:01Z,FC Nantes - LOSC Lille (0-1) - Highlights (FCN - LOSC) - 2013/2014,1626
2013-10-06T22:04:11Z,FC Nantes - Evian TG FC (3-0) - Le résumé (FCN - ETG) - 2013/2014,43093
2013-11-10T23:00:01Z,Girondins de Bordeaux - FC Nantes (0-3) - Le résumé (FCGB - FCN) - 2013/2014,49595
2014-02-09T23:00:02Z,FC Nantes - Olympique Lyonnais (1-2) - 09/02/14 - (FCN-OL) -Résumé,26765
2013-12-08T23:00:02Z,OM - Nantes (0-1) - 06/12/13 - (Olympique de Marseille - FC Nantes) - Résumé,26996
2013-09-22T22:00:13Z,Olympique Lyonnais - FC Nantes (3-1) - Le résumé (OL - FCN) - 2013/2014,50337
2013-10-27T23:00:02Z,FC Nantes - LOSC Lille (0-1) - Le résumé (FCN - LOSC) - 2013/2014,18095
2014-02-16T23:00:02Z,OGC Nice - FC Nantes (0-0) - 15/02/14 - (OGCN-FCN) - Résumé,7425
2014-05-18T02:51:13Z,SC Bastia - FC Nantes (0-0) - Résumé - 17/05/14 - (SCB-FCN),11889
2014-02-22T20:22:30Z,- African Football - Gestes Techniques - Best Skills / Tricks Moves -,1921
2014-05-18T05:21:40Z,SC Bastia - FC Nantes (0-0) - Highlights - 17/05/14 - (SCB-FCN),1355
2014-04-06T22:23:31Z,AS Monaco FC - FC Nantes (3-1) - 06/04/14 - (ASM-FCN) - Résumé,38629
2014-05-16T19:00:49Z,Siaka Bagayoko espoir malien,3083
