published-time,comment,likes
2013-10-06T12:39:10Z,Superbe match du gardien lavallois,0
2013-10-06T07:17:31Z,Bravo aux Auxerrois !,0
2013-08-19T07:25:48Z,En tant que supporter lavallois ça comme a devenir vraiment lassant de voir l'équipe mener au score puis se faire rejoindre et dépasser en fin de match.,0
2013-08-18T13:05:31Z,"Les tacles, à apprendre :D",0
2013-08-18T10:09:46Z,"A la la quelle malchance,je suis dégouté :(",0
2013-08-18T08:29:13Z,"laval va faloir se reveiller car la on dort et si on continue comme sa ces la national qui arrive
",0
2013-08-17T23:15:00Z,"Sinon je peux souscrire la vidéo a vidéo gag ? Non mais sérieux on ne va pas se mentir , les 2 buts sont exclusivement de la chance a par le 2e qui est beau.",0
2014-02-02T01:22:51Z,,0
2013-11-22T18:13:57Z,Mantabs Timnas Indonesia vs Papua Nugini 6-0. Lanjutkan perjuangan dan tebur MNC CUP,0
