publish_date,title,view_count
2014-03-15T23:00:00Z,Stade Lavallois - AJ Auxerre (3-0) - 14/03/14 - (LAVAL-AJA) - Résumé,7836
2013-09-21T22:00:05Z,FC Istres - Stade Lavallois (3-0) - Le résumé (FCIOP - LAVAL) - 2013/2014,2996
2014-04-05T22:00:02Z,US Créteil - Stade Lavallois (4-0) - 04/04/14 - (USCL-LAVAL) - Résumé,5141
2014-04-12T22:00:01Z,Stade Lavallois - ESTAC Troyes (2-1) - 11/04/14 - (LAVAL-ESTAC) - Résumé,3884
2013-10-05T22:00:01Z,AJ Auxerre - Stade Lavallois (2-0) - Le résumé (AJA - LAVAL) - 2013/2014,4972
2013-09-14T22:00:04Z,Stade Lavallois - Angers SCO (4-1) - Le résumé (LAVAL - SCO) - 2013/2014,15009
2014-04-19T22:00:01Z,AC Arles Avignon - Stade Lavallois (1-1) - 18/04/14 - (ACA-LAVAL) - Résumé,2500
2013-09-28T22:00:01Z,CA Bastia - Stade Lavallois (1-1) - Le résumé (CAB - LAVAL) - 2013/2014,2816
2013-11-09T23:00:01Z,ESTAC Troyes - Stade Lavallois (0-1) - Le résumé (ESTAC - LAVAL) - 2013/2014,3164
2013-11-30T23:00:01Z,Chamois Niortais - Stade Lavallois (0-1) - 29/11/13 - (NIORT - LAVAL) - Résumé,2690
2014-01-18T23:00:04Z,SM Caen - Stade Lavallois (2-1) - 17/01/14 - (SMC-LAVAL) -Résumé,7483
2013-08-24T22:00:11Z,Stade Lavallois - RC Lens (0-2) - Le résumé (LAVAL - RCL) - 2013/2014,19610
2013-10-26T22:00:02Z,Tours FC - Stade Lavallois (2-0) - Le résumé (TOURS - LAVAL) - 2013/2014,6402
2013-10-19T22:00:00Z,Stade Lavallois - Havre AC (2-2) - Le résumé (LAVAL - HAC) - 2013/2014,3890
2013-09-25T22:00:14Z,Stade Lavallois - Stade Brestois 29 (2-1) - Le résumé (LAVAL - SB29) - 2013/2014,3849
2013-11-23T23:00:00Z,Stade Lavallois - AC Arles Avignon (1-1) - Le résumé (LAVAL - ACA) - 2013/2014,2215
2014-02-01T23:00:02Z,RC Lens - Stade Lavallois (0-0) - 01/02/14 - (RCL-LAVAL) -Résumé,4670
2013-08-17T22:00:11Z,Clermont Foot - Stade Lavallois (2-1) - Le résumé (CF63 - LAVAL) - 2013/2014,6084
2014-02-22T23:00:01Z,Stade Lavallois - FC Istres (3-4) - 21/02/14 - (LAVAL-FCIOP) - Résumé,4133
2014-05-10T22:00:01Z,Nîmes Olympique - Stade Lavallois (2-1) - Résumé - 09/05/14 - (NIMES-LAVAL),3416
2013-12-14T23:00:00Z,Stade Lavallois - Châteauroux (2-2) - 13/12/13 - (LAVAL - LBC) - Résumé,4136
2014-04-26T22:00:02Z,Stade Lavallois - Chamois Niortais (2-4) - 25/04/14 - (LAVAL-NIORT) - Résumé,6789
2014-03-29T23:00:01Z,Stade Lavallois - Tours FC (1-0) - 28/03/14 - (LAVAL-TOURS) - Résumé,3314
2014-05-17T22:00:01Z,Stade Lavallois - FC Metz (0-0) - Résumé - 16/05/14 - (LAVAL-FCM),4165
2014-02-08T23:00:01Z,Stade Lavallois - Dijon FCO (0-0) - 07/02/14 - (LAVAL-DFCO) -Résumé,1344
2014-03-08T23:17:12Z,Stade Lavallois - CA Bastia (2-0) - 07/03/14 - (LAVAL-CAB) - Résumé,3052
2013-08-31T22:00:10Z,Dijon FCO - Stade Lavallois (1-0) - Le résumé (DFCO - LAVAL) - 2013/2014,3755
2014-03-01T23:00:01Z,Stade Brestois 29 - Stade Lavallois (2-1) - 28/02/14 - (SB29-LAVAL) - Résumé,4316
2013-12-21T23:00:01Z,AS Nancy-Lorraine - Stade Lavallois (2-1) - 20/12/13 - (ASNL - LAVAL) - Résumé,3532
2014-01-25T23:00:01Z,Stade Lavallois - Clermont Foot (0-0) - 24/01/14 - (LAVAL-CF63) -Résumé,940
2013-08-10T22:00:11Z,Stade Lavallois - SM Caen (1-2) - Le résumé (LAVAL - SMC) - 2013/2014,8975
2014-03-22T23:00:01Z,Havre AC - Stade Lavallois (1-1) - 21/03/14 - (HAC-LAVAL) - Résumé,2974
2014-05-07T22:00:01Z,Stade Lavallois - AS Nancy-Lorraine (1-0) - 06/05/14 - (LAVAL-ASNL) - Résumé,3873
2014-02-15T23:00:02Z,Angers SCO - Stade Lavallois (1-1) - 15/02/14 - (SCO-LAVAL) - Résumé,8082
2014-03-15T18:04:48Z,Conférence de presse Stade Lavallois - AJ Auxerre (3-0) - 2013/2014,280
2014-02-22T18:34:24Z,Conférence de presse Stade Lavallois - FC Istres (3-4) - 2013/2014,227
2014-04-19T17:35:48Z,Conférence de presse AC Arles Avignon - Stade Lavallois (1-1) - 2013/2014,278
