publish_date,title,view_count
2013-10-05T22:00:01Z,AJ Auxerre - Stade Lavallois (2-0) - Le résumé (AJA - LAVAL) - 2013/2014,4972
2013-08-17T22:00:11Z,Clermont Foot - Stade Lavallois (2-1) - Le résumé (CF63 - LAVAL) - 2013/2014,6084
2013-12-10T18:03:35Z,- Top 5 Buts - Equipe du Mali - 2013 -,4897
2014-06-04T09:46:00Z,"OL Féminin, championne de France 2014 &quot;Qui ne saute pas n&#39;est pas lyonnais!&quot;",954
2014-02-01T01:46:18Z,Wilfried MOIMBE Highlights,1650
2014-01-16T10:25:16Z,Belgacom League (16th match): Hoogstraten 1 - 1 C.S. Visé,189
2014-01-14T14:54:24Z,[All Goals] Persib vs Persijap (2-0) Inter Island Cup 2014 - 14 Januari 2014,3432
2014-01-23T04:01:00Z,Persib Vs Persik 3 2 Inter Island Cup 22 Januari 2014,887
2013-11-08T16:53:10Z,Raí milieu et ailier gauche Ex Portuguesa YouTube,177
2014-04-30T19:00:03Z,Club House - Lamine et Cheick [Extraits],253
2013-11-22T17:29:22Z,6 - 0 Indonesia U23 vs Papua Nugini U23 - Indonesia vs Papua Nugini 6-0 HD,1307
