publish_date,title,view_count
2013-08-23T06:23:12Z,Sydney FC - Unione Venezia. Secondo Tempo,1075
2014-05-23T14:42:23Z,Goleada del San Luigi Al Torneo Pulcini Modolo 2014,183
2013-11-07T18:23:11Z,"Cosenza Calcio, Marco Bigoni: &quot;Ci servono i tre punti&quot;",100
2014-03-19T16:25:56Z,Apolloni pred tekmo z Rudarjem,262
2014-07-23T23:01:34Z,"Solomon Enow, 23. jul. 2014",349
2014-03-18T16:47:56Z,"Cosenza Calcio, Marco Bigoni",154
2014-04-30T20:50:03Z,Francesco Finocchio 30. apr. 14,734
2013-09-19T16:55:09Z,"Cosenza Calcio, Marco Bigoni",140
2014-04-30T20:50:35Z,Luigi Apolloni 30. apr. 14,116
2014-01-24T09:58:29Z,Ragatzu: &quot;La numero 10 non mi pesa&quot;,1394
2013-09-22T16:47:12Z,PRO VERCELLI: Francesco ARDIZZONE dopo partita,319
2014-03-07T19:40:05Z,PULCINI 2005  MISTER SENATORE-PICCOLI AMICI 2006 - MISTER: OPROMOLLA/GIANNATIEMPO-Parte Terza,123
2014-01-20T16:16:50Z,Esordienti 2001-2002 Spartak vs Villafranca 5-5 (Buttigliera 11gen14),68
2014-06-04T12:06:50Z,TORNEO MUGGIA VS SAN LUIGI PULCINI,173
