publish_date,title,view_count
2014-07-10T16:05:10Z,FOOT - Match 2 best of - 2 VS 3,14088
2014-06-28T17:59:03Z,Football / Entraînement des Bleus du jour - 28/06,502
2014-07-24T10:57:07Z,Best of freekick / coup franc - Vol 12,1214
2014-06-08T14:02:47Z,Football / Equipe de France / Partir sur une bonne note - 08/06,138
2013-12-15T09:27:39Z,U17 DHR - Carton rouge !,4486
2013-08-26T19:24:39Z,Clip : Mathieu Valbuena - 2012-2013 - Buts &amp; Passes Déc.,2088
2014-05-24T16:31:24Z,Equipe de France : exercices de vivacité,5258952
2014-06-28T19:33:35Z,Koscielny : &quot;Savoir imposer notre rythme face au Nigeria&quot;,38166
2013-09-26T22:34:38Z,Montpellier Hérault SC - Stade Rennais FC (0-0) - Le résumé (MHSC - SRFC) - 2013/2014,5289
2014-05-25T20:25:47Z,Match contre Monclar FC1,71
2014-06-07T15:23:58Z,Football / Equipe de France / Entretien avec Antoine Griezmann - 07/06,17628
2013-12-06T14:43:46Z,Comment bien dribbler au Soccer | Tutoriel WIXX,2023
2014-01-30T06:24:26Z,Le JT RMC SPORT du 30 janvier - l&#39;OM se donne de l&#39;air,294
2014-04-05T22:00:01Z,SM Caen - RC Lens (1-0) - 05/04/14 - (SMC-RCL) - Résumé,18084
2014-01-28T12:55:56Z,Cabaye en route pour Paris - 28/01,1162
2014-07-01T13:06:08Z,Eden Hazard interview - Nike Mercurial Vapor X,130611
2013-11-04T17:44:41Z,L1 J02 ASEC Mimosas- SOA (1-0) 2013-2014,92
2014-02-08T21:26:53Z,L&#39;OM assure face à Bastia  - 08/02,2824
2014-05-04T23:53:41Z,But Souleymane DIAWARA (14&#39;) - Olympique de Marseille-Olympique Lyonnais (4-2) - 04/05/14 - (OM-OL),3905
2014-07-14T19:47:02Z,France-Allemagne 2013: Valbuena marque . de la tête,96
2013-11-25T10:48:22Z,AndrPierre Gignac SUPERBE reprise de vole contre Ajaccio  ACA  OM 13,588
2013-11-21T16:46:15Z,Teaser - Rennes - Bordeaux - Samedi 23 novembre,272
2014-06-14T23:01:51Z,Football / Mboma : &quot;Je n&#39;aurais pas mis Griezmann&quot; 15/06,322
2013-10-14T18:35:43Z,Raphaël Varane ● Olivier Giroud ● Mathieu Debuchy ● France vs Australia 2013,719
2014-06-10T17:24:24Z,Football / Equipe de France / Deschamps s&#39;exprime sur le Honduras et sur son équipe - 10/06,1371
2014-07-02T04:26:07Z,Mondial: l&#39;Europe et les Amériques se partagent les quarts,183
2014-06-10T17:59:47Z,Football / Equipe de France / Koscielny confiant pour le Honduras - 10/06,570
2014-06-14T17:32:39Z,"Football / La ministre des Sports fan de Benzema, Matuidi et Giroud ! 14/06",5940
2014-07-09T07:26:55Z,Les Aiglons chantent les 110 ans de l&#39;OGC Nice,3485
2014-05-28T05:13:05Z,Le JT RMC SPORT du 28 mai - Des Bleus séduisants,440
2014-07-28T08:19:54Z,Les réactions après Caen - Lens,3382
2014-06-07T16:28:40Z,Football / Equipe de France / Deschamps : &quot;il y a plusieurs options&quot; 07/06,289
2013-10-04T15:00:07Z,Didier Deschamps se confie...,1265
2013-10-07T15:15:44Z,Eden Hazard and Willian ARE 10&#39;S Let me Explain!!!!,4380
2013-09-18T09:15:33Z,Rod Fanni: Pourquoi je suis fier d&#39;être un joueur de l&#39;OM,9355
2014-06-10T09:17:53Z,Football / Equipe de France / Entretien avec Moussa Sissoko - 10/06,923
2014-01-26T19:44:01Z,Ambiance Virage Nord Gerland | Lyon 3 - 0 Evian | 26/01/2014,2991
