published-time,comment,likes
2014-05-15T17:40:45Z,superbe,1
2014-04-07T12:34:56Z,"Bravo aux Cristellois, en espérant qu'il est un derby contre Paris",2
2014-04-06T20:13:29Z,ca faisait longtemps qu'on avait vu de match comme ça a créteil ça fait vraiment du bien,1
2014-04-06T12:07:27Z,Que d'erreurs défensives ! C'est impressionnant ! Bravo les bleus !,2
2014-04-06T09:37:25Z,"Quelle victoire de Créteil, et quelle ambiance !",1
2014-04-05T22:40:09Z,Précieuse victoire pour le maintien ! Continuez ,2
2013-11-15T11:34:01Z,"C'est clair, c'est le petit-fils Thiriez qui fait les ""montages"" pour s'faire de l'argent de poche ?",0
2013-11-11T11:28:09Z,WTF LE MONTAGE DE MERDE ?,0
2013-11-11T07:20:17Z,"Sérieux mais, cette vidéo c'est pas un résumer !",0
2014-03-24T09:45:47Z,Bravo à Pléa pour son premier but,0
2014-03-23T12:10:30Z,Bravo l'Aja on continue allez !!,0
2014-07-22T10:05:45Z,superbe ,0
2014-04-22T06:44:03Z,Bravo à Créteil. Ce serait cool qu il y a un derby PSG CRÉTEIL un jour,0
2014-03-30T11:00:53Z,le terrain a la varicelle?,4
2014-03-30T08:35:58Z,Bien joué Bastia ! On pourrait presque encore se maintenir...,0
2013-10-23T19:21:18Z,ACA,1
2013-09-27T12:07:55Z,"Forza ACA :P Forza AIACCIU
",1
2013-08-07T17:34:53Z,"C'est quoi la music de @10 a @22 ? Lorsque les joueurs rentrent, svp ",0
2013-08-07T10:28:59Z,"Vas dormir je pense que c'est mieux pour toi mon petit, demain tu les verras mieux après une bonne nuit de sommeil.",0
2013-08-06T09:29:15Z,Ils sont ou les supporters ?,1
2013-08-04T15:38:28Z,Ils n'ont pas arrêté le délire de montrer 2x les coups d'envoi !,1
2013-08-04T15:34:31Z,Aller le HAC,0
2013-08-04T15:34:22Z,Aller le ha,0
2013-08-04T14:53:52Z,Bon départ pour Avignon,0
2013-08-04T09:48:58Z,"kop ultras Avignon  gooo!!!
",0
2013-08-04T00:44:38Z,Allez l ' ACA !,0
2013-09-21T10:15:09Z,"allez l'estac !!!
",1
2013-08-11T23:20:40Z,Osef on a gagné :),1
2013-08-11T09:16:18Z,"""Arléo-arlésiens""? WTF? La prochaine fois s'il vous plaît, dites: ""Arléo-avignonnais"". Merci.",0
2013-08-11T08:41:23Z,allez estac,1
2013-08-29T21:03:31Z,Vive le Fc Metz !!,2
2013-08-19T09:41:13Z,Allez FC Metz !!!,2
2013-08-19T07:31:11Z,Cette célébration de Diafra Sakho... Épique :D,2
2013-08-18T12:45:50Z,Vive Metz !!!,2
2014-03-01T23:32:42Z,"J'étais à Gaston Gérard vendredi et Dijon méritait amplement de gagner ! Creteil a simplement marqué sur leur deux seules occasions franches et ce résumé ne montre pas toutes celles dijonnaises, on surdominait ce match et on aurait mérité 3 pénaltys, pas qu'un !
Bref il faut se ressaisir on croit toujours à la promotion ! DFCO #LingonsBoys",1
2014-04-12T23:02:20Z,Créteil on jouer beaucoup le temps je pense ,0
2014-03-16T14:16:18Z,aller le sco,0
2014-03-16T08:42:16Z,"Bourde du goal à la 92eme, dommage...",1
2014-03-16T00:07:10Z,Dommage le SCO,0
2013-11-03T14:42:41Z,ACA !!! ,0
2013-11-03T01:16:47Z,vive le SCO d'un supporteur lyonnais :p,0
2014-01-20T14:11:59Z,OK,0
2014-01-19T20:55:39Z,Dat zoengeluid op het einde D:,1
2014-01-19T20:34:18Z,1:35 hondenweer dus,2
2014-01-19T20:01:13Z,kom op oom maak me trots :)!!,18
2014-01-19T19:58:36Z,succes seedorf,1
