publish_date,title,view_count
2014-04-05T22:00:02Z,US Créteil - Stade Lavallois (4-0) - 04/04/14 - (USCL-LAVAL) - Résumé,5141
2013-11-10T22:20:32Z,AC Arles Avignon - Stade Brestois 29 (1-0) - Le résumé (ACA - SB29) - 2013/2014,2787
2014-03-22T23:00:01Z,US Créteil - AJ Auxerre (0-2) - 21/03/14 - (USCL-AJA) - Résumé,3919
2014-04-26T22:00:01Z,US Créteil - Havre AC (2-0) - 25/04/14 - (USCL-HAC) - Résumé,2805
2014-05-07T22:00:02Z,US Créteil - Chamois Niortais (1-1) - 06/05/14 - (USCL-NIORT) - Résumé,1723
2014-04-19T22:00:01Z,ESTAC Troyes - US Créteil (0-3) - 18/04/14 - (ESTAC-USCL) - Résumé,2978
2014-03-29T23:00:01Z,CA Bastia - US Créteil (3-1) - 28/03/14 - (CAB-USCL) - Résumé,5198
2013-08-03T22:00:12Z,AC Arles Avignon - Havre AC (2-0) - Le résumé (ACA - HAC) - 2013/2014,11573
2014-03-08T23:15:58Z,US Créteil - Stade Brestois 29 (0-0) - 07/03/14 - (USCL-SB29) - Résumé,1253
2013-08-10T22:00:11Z,ESTAC Troyes - AC Arles Avignon (1-0) - Le résumé (ESTAC - ACA) - 2013/2014,4910
2013-08-17T22:00:11Z,FC Metz - AC Arles Avignon (1-0) - Le résumé (FCM - ACA) - 2013/2014,6599
2014-03-01T23:00:00Z,Dijon FCO - US Créteil (2-2) - 28/02/14 - (DFCO-USCL) - Résumé,2539
2013-08-24T22:11:37Z,Arles Avignon - Clermont 2013 L K B,1373
2014-04-12T22:00:00Z,Tours FC - US Créteil (1-2) - 11/04/14 - (TOURS-USCL) - Résumé,3079
2014-03-15T23:00:00Z,Angers SCO - US Créteil (2-2) - 15/03/14 - (SCO-USCL) - Résumé,6978
2014-04-19T17:41:51Z,Conférence de presse ESTAC Troyes - US Créteil (0-3) - 2013/2014,141
2013-11-02T23:33:37Z,Angers SCO - AC Arles Avignon (1-0) - Le résumé (SCO - ACA) - 2013/2014,4917
2014-04-05T17:51:11Z,Conférence de presse US Créteil - Stade Lavallois (4-0) - 2013/2014,234
2014-03-29T19:11:17Z,Conférence de presse CA Bastia - US Créteil (3-1) - 2013/2014,236
2014-02-09T23:00:01Z,Goal Ricardo FATY (18&#39;) - AC Ajaccio-Stade Rennais FC (3-1) - 08/02/14 - (ACA-SRFC),408
2013-12-10T17:01:03Z,Le but de Koffi foba Stevens face au COK,431
2013-10-16T20:31:18Z,Kone Adama Striker Highlights,351
2014-01-19T19:51:45Z,Hoe beleeft Milan de dag van het debuut van Clarence Seedorf,7296
2014-04-17T00:18:03Z,"Mathew Boniface, young Nigerian Bomber (1994) : main goals 2013",1313
2014-04-14T17:07:29Z,1er but de l&#39;AFAD face à l&#39;ASEC Mimosas,392
2014-04-14T17:07:34Z,3ème but de l&#39;AFAD face à l&#39;ASEC Mimosas,399
2014-03-11T11:47:31Z,But du CO Bamako face à l&#39;ASEC Mimosas,459
2014-04-14T17:07:33Z,2eme but de l&#39;AFAD face à l&#39;ASEC Mimosas,254
2013-10-25T16:12:58Z,KOMENAN N&#39;DA,108
2013-08-31T09:39:11Z,Serge KOUADIO - ATLAS SPORT MANAGEMENT,67
2013-08-28T09:58:28Z,Burak Yılmaz Enes Ünal&#39;ı Tebrik Etti,27024
2014-02-12T11:09:58Z,US FALADIE Promo2 Vs Calcio AC U13 1ère Mi-temps Score (4-0) 09-02-2014,86
