publish_date,title,view_count
2014-07-15T13:12:42Z,Premières images de Mory KONE à l&#39;Estac,621
2014-05-09T19:15:26Z,1189 - Mory KONE - Phenomenal House,312
2014-07-15T15:19:52Z,Conférence de presse - Mory Koné nouveau troyen,386
2013-08-05T22:14:31Z,KONE MORY FC SAN PEDRO,813
2013-09-05T09:29:45Z,Mory Konè: &quot;Grazie a tutti per l&#39;accoglienza. Il mio idolo? Thiago Silva&quot;,1038
2014-01-17T15:35:22Z,Doppio allenamento a Steccato. Koné: contento di essere un giocatore del Crotone,1141
2014-02-06T17:51:13Z,Presentati ufficialmente allo Scida gli acquisti di gennaio,480
2013-11-14T16:30:53Z,Hayrapet Avagyan vs Alashkert 2-1,855
2014-05-09T19:15:44Z,1191 - Alfusein Diakhabi - Phenomenal House,155
2014-07-28T15:43:39Z,[Amical] Estac - Racing Luxembourg : Résumé,946
2014-05-12T19:57:47Z,0486 - Yaya Kane - Phenomenal House,511
2014-05-07T23:52:59Z,0320 - Mouhamed Ouali - Phenomenal House,340
2014-05-08T17:56:06Z,0378 - Hicham Bahia - Phenomenal House,285
2014-05-07T15:32:33Z,0318 - AYOUB SEFRAOUI - Phenomenal House,1678
2014-05-07T15:32:33Z,0319 - MOHAMED MAGASSA - Phenomenal House,588
2014-05-10T19:57:32Z,1414 - Ibrahim Dicko - Phenomenal House,1246
2014-05-07T23:54:11Z,0324 - Mounir Aouej - Phenomenal House,466
2014-05-08T17:56:06Z,0379 - Elwane Blaume - Phenomenal House,175
2014-07-08T12:49:59Z,Zapping du stage à Morzine,812
2014-05-09T19:14:01Z,1180 - Wael ZEHHAR - Phenomenal House,276
2014-05-07T23:53:23Z,0323 - Nadhir Amor - Phenomenal House,213
2014-05-08T15:42:15Z,1367 - Zouhir AISSA - Phenomenal House,996
2014-05-09T19:17:02Z,1372 - Tse Cheuk Ming - Phenomenal House,66
2014-05-09T19:16:05Z,1379 - Mamoudou Diallo - Phenomenal House,210
2014-05-10T19:49:13Z,0474 - Meddy Mezouani - Phenomenal House,702
2013-10-25T16:12:58Z,KOMENAN N&#39;DA,108
2014-05-09T19:14:41Z,1202 - Amin HERRADI - Phenomenal House,235
2014-05-03T14:36:00Z,Ahmed Koné,253
2014-05-12T20:01:42Z,0496 - Youssef Sefraoui - Phenomenal House,737
2014-05-07T15:32:33Z,0326 - MOUNIR EL BAZAZI - Phenomenal House,645
2013-09-27T21:35:46Z,Achref Tounisan : un joueur complet - un attaquant hors norme,146
2014-05-08T02:52:45Z,1325 - Christophe DA SILVA - Phenomenal House,354
2014-05-09T19:14:23Z,1192 - Yanis Amghar - Phenomenal House,441
2014-05-07T15:32:32Z,0316 - KALIDOU SISSOKO - Phenomenal House,447
2013-12-27T08:28:24Z,CISSE MOUSSA PUISSANT ATTAQUANT IVOIRIEN,232
2013-10-18T15:48:26Z,هدف لخويا الثاني اسيار ديا - لخويا vs معيذر -  دوري نجوم قطر 2013,153
2014-05-23T12:47:46Z,Shirak. All goals (2013-14),723
2013-08-15T11:54:31Z,I primi gol di samuel di carmine ed abou diop alla juve stabia,1781
2014-01-17T10:01:40Z,"F.C. Crotone, calcetto e solidarietà per immigrati e senza tetto",657
