publish_date,title,view_count
2014-07-24T23:03:52Z,Résumé FC Metz - UNFP (24/07/14),470
2014-02-18T23:18:03Z,SANGO ALASSANE,190
2013-12-23T19:32:11Z,Burkina Faso Champions d`Afrique 2011 RWANDA U17,26090
2014-04-30T21:24:26Z,Alain Traoré (FC Lorient _GEEKFM_),21577
2014-07-17T07:32:29Z,"Vitesse in Duitsland: training, aankomst Traore en teamactiviteit (dag 3)",7610
2014-02-02T16:20:55Z,Bertrand Traoré - African Starlet - Chelsea FC,27890
2014-04-09T11:51:59Z,"Moussavou BILLA vous présente ZAKI SANOGO,nouvelle pépite du FSOFOOT",10019
2013-11-08T12:52:26Z,Rummenigge revient sur l&#39;arrêt fantastic de Zaki Baddou,12378
2014-05-08T23:27:22Z,Hassan Nader vs Belenenses - Primeira Liga - matchday 34 - 1999/2000,687
2014-02-20T05:00:55Z,85. Maradona apo Pele? (2000),205
2014-01-02T10:05:08Z,"Wintertransfers: Ein Supertalent, ein neuer Özil und Messi! | Chelsea verpflichtet Bertrand Traore",4418
