published-time,comment,likes
2013-08-19T16:49:25Z,"ouais, t'as raison
dsl, j'avais pas vu le ""futur""",0
2013-08-17T16:58:50Z,"Kosc est un excellent défenseur mais il a déjà 29ans , moi je te parle de l'avenir , en 2016-2018 je sais pas si Bosscienly sera encore la. ",0
2013-08-12T19:57:44Z,varane-koscielny plutot,0
2013-08-01T19:41:26Z,à 0:34 L'ÉNORME FAUTE D'ORTHOGRAPHE!,0
2013-08-01T18:29:14Z,aller les bleuet on est tous derrier vous !!!!!!,0
2013-08-01T15:40:30Z,"Allez Quentin, et allez les Bleus! On est tous derrière vous!",0
2013-08-01T12:46:04Z,"""Gardien de bu"" ... il manque pas quelque chose ?
",0
2013-08-01T10:38:15Z,"Laporte , souvenez vous de ce jeune , 18 ans et déjà titu en liga avec Bilbao. Varane-Laporte le futur Ramos_Puyol ^^ ",0
2013-08-01T09:46:10Z,Oui allez les bleus,0
2013-11-10T14:16:32Z,Plus de vidéo comme ça !,0
2013-09-20T09:52:19Z,"la defense est nul puis riou... il faut a tout prix un arriere droit !
allez lens",0
2013-09-19T18:57:30Z,"Pourquoi Riou s'entraine??? Il ferait mieux de dégager!
",0
2013-09-19T00:14:23Z,Allez lens ont est derrière vous !,0
2013-09-18T23:41:33Z,"faut se reprendre de la défaite au havre et gagnez contre créteil


allez lens",0
2014-03-18T13:09:53Z,Cristiano es el mejor pobre tontos que sois todos...,0
2014-03-04T03:50:22Z,مين الغلطان كريس ولا الصبي ؟ ,0
2014-04-14T08:40:41Z,ALLER AUXERRE PUTAIN VOUS NE MÉRITAIT PAS DE DESCENDRE !!!!!!!!!!!!!!!!!!,0
2013-09-25T12:12:46Z,"GOOD (y)
",1
