publish_date,title,view_count
2014-06-26T19:31:55Z,J.Mulumba - Keeper - 19yo - USBCO,397
2013-10-24T04:19:42Z,Aleksandr Sumin,54
2013-10-18T23:22:40Z,"Abdel Farid Zato Arouna, up-coming star, 2013",638
2014-03-15T11:29:15Z,J24 Résumé STRASBOURG - USBCO,725
2014-03-31T09:16:33Z,J26 Résumé PARIS FC - USBCO,289
2013-09-09T17:48:34Z,Stade Malherbe de Caen! AUX ARMES!!!,2058
2013-08-22T07:51:32Z,Le Stade Malherbe de Caen en Route pour la Ligue 1 ! VidéoFan,5025
2014-04-02T03:08:49Z,Joel Chianese Pre Wellington Phoenix,692
2014-05-14T14:55:13Z,SM Caen - Nîmes / Montée en L1 - Saison 2013-2014,8600
2014-07-21T06:37:01Z,Lindsay Rose signe à l&#39;OL,685
2014-05-19T22:07:04Z,U.S Orléans vs. Luçon : Réaction d&#39;Olivier Frapolli,105
