publish_date,title,view_count
2013-09-05T14:57:14Z,Anthony Lopes na Seleção A - 04.09.2013,32019
2013-12-06T21:41:29Z,C3 : Auxerre - Liverpool (2-0) - 23 octobre 1991,9103
2013-12-22T23:25:55Z,FC Lorient - Olympique Lyonnais (2-2) - 22/12/13 -  (FCL - OL) - Highlights,8171
2014-02-02T23:00:02Z,FC Lorient - AS Monaco FC (2-2) - 01/02/14 - (FCL-ASM) -Highlights,3438
2013-11-02T22:51:23Z,Gol de Guerreiro. Brown (A) 3 Unión 2. Fecha 15. B Nacional,1238
2013-11-02T20:30:48Z,Gol de Guerreiro. Brown (A) 2 Unión 0. Fecha 15. B Nacional,2813
2013-12-22T23:00:02Z,FC Lorient - Olympique Lyonnais (2-2) - 22/12/13 - (FCL - OL) - Résumé,27689
2013-08-25T19:59:10Z,Gol de Guerreiro. Brown 1 Patronato 0. Fecha 4. Torneo Primera B Nacional. Fútbol Para Todos,3149
2014-03-18T21:04:09Z,Gol de Guerreiro. Brown 1 - Atlético Tucumán 0. Fecha 29. Primera B Nacional 2013/14. FPT,5410
2014-02-21T21:40:38Z,Gol de Guerreiro. Brown (A) 1 - Instituto 0. Fecha 24. Torneo Primera B Nacional.,2491
2013-12-08T23:00:02Z,FC Lorient - Stade Rennais FC (2-0) - 07/12/13 -  (FCL - SRFC) - Highlights,1628
2014-02-23T23:00:00Z,Olympique de Marseille - FC Lorient (1-0) - 22/02/14 - (OM-FCL) - Highlights,2712
2014-05-11T03:17:20Z,Olympique Lyonnais - FC Lorient (0-1) - Highlights - 10/05/14 - (OL-FCL),3189
2013-08-11T22:00:21Z,LOSC Lille - FC Lorient (1-0) - Highlights (LOSC - FCL) - 2013/2014,8938
2014-04-20T22:00:02Z,FC Lorient - Montpellier Hérault SC (4-4) - 20/04/14 - (FCL-MHSC) - Highlights,26399
2013-09-29T22:00:02Z,FC Lorient - Olympique de Marseille (0-2) - Highlights (FCL - OM) - 2013/2014,5573
2013-11-03T23:00:01Z,Paris Saint-Germain - FC Lorient (4-0) - Highlights (PSG - FCL) - 2013/2014,16336
2013-10-27T23:00:01Z,FC Lorient - FC Sochaux-Montbéliard (2-1) - Highlights (FCL - FCSM) - 2013/2014,1346
2013-09-22T22:00:09Z,FC Lorient - Girondins de Bordeaux (3-3) - Highlights (FCL - FCGB) - 2013/2014,2426
2014-05-18T05:20:49Z,FC Lorient - LOSC Lille (1-4) - Highlights - 17/05/14 - (FCL-LOSC),3528
2013-08-18T22:00:20Z,FC Lorient - FC Nantes (2-1) - Highlights (FCL - FCN) - 2013/2014,2648
2014-01-19T23:00:03Z,FC Lorient - EA Guingamp (2-0) - 18/01/14 - (FCL-EAG) -Highlights,1570
2013-09-01T22:54:31Z,FC Lorient - Valenciennes FC (1-0) - Highlights (FCL - VAFC) - 2013/2014,1947
2013-09-26T22:00:01Z,Toulouse FC - FC Lorient (1-0) - Highlights (TFC - FCL) - 2013/2014,1266
2013-09-01T22:49:10Z,FC Lorient - Valenciennes FC (1-0) - Le résumé (FCL - VAFC) - 2013/2014,15052
2014-01-12T23:00:01Z,FC Nantes - FC Lorient (1-0) - 12/01/14 - (FCN-FCL) -Highlights,1617
2014-04-13T22:00:02Z,OGC Nice - FC Lorient (1-2) - 12/04/14 - (OGCN-FCL) - Highlights,2167
2013-12-15T23:00:02Z,AC Ajaccio - FC Lorient (1-2) - 14/12/13 -  (ACA - FCL) - Highlights,3166
2013-12-05T23:00:02Z,Montpellier Hérault SC - FC Lorient (0-2) - 04/12/13 -  (MHSC - FCL) - Highlights,2040
2014-06-10T10:13:00Z,Portugal v Iran 1 0 Deco,344
2013-10-20T22:00:01Z,AS Saint-Etienne - FC Lorient (3-2) - Highlights (ASSE - FCL) - 2013/2014,3240
2013-11-10T23:00:01Z,FC Lorient - Stade de Reims (0-0) - Highlights (FCL - SdR) - 2013/2014,941
2014-04-13T22:00:03Z,OGC Nice - FC Lorient (1-2) - 12/04/14 - (OGCN-FCL) - Résumé,11945
2014-02-23T23:00:02Z,Olympique de Marseille - FC Lorient (1-0) - 22/02/14 - (OM-FCL) - Résumé,26793
2013-12-01T23:00:02Z,FC Lorient - OGC Nice (3-0) - 30/11/13 - (FCL - OGCN) - Résumé,17100
2013-12-05T23:00:02Z,Montpellier Hérault SC - FC Lorient (0-2) - 04/12/13 - (MHSC - FCL) - Résumé,11618
2014-05-18T03:10:41Z,FC Lorient - LOSC Lille (1-4) - Résumé - 17/05/14 - (FCL-LOSC),32430
2014-01-19T23:00:03Z,FC Lorient - EA Guingamp (2-0) - 18/01/14 - (FCL-EAG) - Résumé,9080
2014-01-26T23:00:01Z,Valenciennes FC - FC Lorient (1-1) - 25/01/14 - (VAFC-FCL) -Highlights,1339
2014-04-27T22:00:02Z,Stade Rennais FC - FC Lorient (1-1) - 26/04/14 - (SRFC-FCL) -Highlights,678
2013-08-25T23:26:03Z,EA Guingamp - FC Lorient (2-0) - Highlights (EAG - FCL) - 2013/2014,2231
2013-09-15T23:12:03Z,AS Monaco FC - FC Lorient (1-0) - Highlights (ASM - FCL) - 2013/2014,11779
2014-04-20T22:00:02Z,FC Lorient - Montpellier Hérault SC (4-4) - 20/04/14 - (FCL-MHSC) - Résumé,74862
2013-10-27T23:00:01Z,FC Lorient - FC Sochaux-Montbéliard (2-1) - Le résumé (FCL - FCSM) - 2013/2014,10904
2013-09-29T22:00:02Z,FC Lorient - Olympique de Marseille (0-2) - Le résumé (FCL - OM) - 2013/2014,30209
2013-10-06T22:00:01Z,SC Bastia - FC Lorient (4-1) - Highlights (SCB - FCL) - 2013/2014,3391
2014-02-25T23:52:41Z,Girondins de Bordeaux - FC Lorient (3-2) - 25/02/14 - (FCGB-FCL) - Highlights,3363
2013-11-24T23:00:01Z,Evian TG FC - FC Lorient (0-4) - Highlights (ETG - FCL) - 2013/2014,1703
2014-03-30T22:00:01Z,Stade de Reims - FC Lorient (1-1) - 29/03/14 - (SdR-FCL) - Highlights,852
2014-03-31T21:12:31Z,Mendes knows what to expect from Barcelona,217
