publish_date,title,view_count
2013-09-25T10:53:56Z,Le Mans / Beunardeau veut rejouer au football - 25/09,637
2013-08-01T08:12:36Z,Euro 2013 U19 : Prêts pour la finale,7955
2013-09-18T14:27:39Z,L&#39;entraînement de ce mercredi,5892
2014-03-04T01:14:26Z,Cristiano Ronaldo vs Ball Boy | Atletico Madrid vs Real Madrid (2/03/2014) | La Liga,346702
2013-11-15T14:45:08Z,Entrainement des gardiens,762
2013-10-13T17:00:51Z,Série de pénalty Joue-Les-Tours Chateauroux finale,205
2013-08-27T21:34:13Z,olympic charleroi spécifique gardien ( jeunes )  27/08/2013,4753
2014-04-12T17:42:24Z,Conférence de presse AJ Auxerre - Clermont Foot (0-2) - 2013/2014,158
2013-09-25T10:00:46Z,Alexandre Marfaing jeune gardien du Mansfc,704
