publish_date,title,view_count
2013-09-01T21:20:45Z,WAC - KAC 3-0 /Botola PRO J02 (الوداد البيضاوي - النادي القنيطري),9594
2013-12-12T01:35:15Z,هدف الحافيظي بتعليق برازيلي,108
2014-02-07T20:30:43Z,RAJA 4 - 0 Diamond Stars || But de El Ouadi || هدف الوادي,4107
2013-11-01T14:57:30Z,Raja vs Far      Arriba Arriba Live !! Classico 27 10 2013 720p HD,162
2014-05-25T20:34:49Z,Raja Casablanca - Best of 2013/2014 HD اجمل لحظات الرجاء البيضاوي,20013
2014-07-02T19:39:49Z,RAJA CLUB ATHLETIC ► MULTI MIX ► 2013 2014 HD,1656
2013-12-30T14:09:46Z,RAJA CLUB ATHLETIC SKILLS [1080p HD],4719
2014-07-22T20:57:43Z,RAJA CLUB ATHLETIC VS RCD ESPANYOL [MATCH AMICAL] |HD|,684
2014-02-26T22:09:09Z,Iajour 2012/2013,311
2013-12-11T21:46:06Z,هدف الرجاء المغربى الثااانى - حفيدى,367
2014-04-29T15:36:05Z,Prix Mars d&#39;Or d&#39;Honneur Raja,1064
2013-12-23T14:08:18Z,Raja skills and goals in FiFa World Cup 2013,1237
2013-09-03T22:56:06Z,RFB TV : Interview avec Marouane Zemmama,16372
2014-02-10T00:22:40Z,Yassine Rachidi highlight vs Centre National de haute performance(CNHP),812
2013-11-13T14:28:54Z,Raja goals and skills  les meilleurs buts de Raja casablanca-اجمل اهداف فريق الرجاء,1200
2013-11-24T22:24:24Z,"Derby 115 Raja vs Wac , But Kouko Live",170
2014-03-20T07:54:36Z,التسجيل الكامل لمبارة الرجاء ضد الكاك  2014 RAJA vs KAC By DDR,9726
2014-03-28T07:37:17Z,2014 Al Wakrah v Al Arabi,923
2013-12-12T11:50:33Z,the FIFA Club World Cup Play off for Quarter Final match between Raja Casablanca and Auckland City a,388
