published-time,comment,likes
2013-09-05T16:45:12Z,wizazi damdoma snito l7awaya li dirnahlkom l3am li fat f casapute,0
2013-09-04T01:45:51Z,"bsahatkoum , walakine matansach lkac dima mzawaj belwidad ",0
2013-09-01T22:47:39Z,"dima wydad <3
",0
2014-06-16T16:53:52Z,saraha  stahlo  coup du monde  ,0
2014-06-11T19:02:43Z, Solo RAJA,0
2014-05-26T17:39:21Z,Cite Web : www.dimadimaraja.com,0
2014-01-30T13:09:26Z,nice khoya mehdi :D,0
2013-09-12T01:15:10Z,dima wydad ....wa5a tjibou ronaldo w messi,0
2013-09-04T20:59:00Z,J AIME CE RETOUR,0
2013-09-04T18:55:05Z,"ya rabbi tsahel 3lina ya rabi amin
",0
2013-09-04T18:28:53Z,mestapha chadli wa yaa buffon .. wallah tgol ghir milano !,0
2013-09-04T13:33:02Z,Mercii RFB (y) ,0
2013-09-04T13:06:01Z,ZEMAMA <3,0
2013-09-04T02:10:57Z,"Sre3touha ghire b COLDPLAY - fix you !!! f tel3a <3
",0
2013-09-04T00:51:38Z,Zemama ♥,0
2013-09-03T23:31:53Z,"Zemmama Marouane Ya Cassano ♥
",0
