published-time,comment,likes
2014-04-11T11:25:17Z,sympa ces vidéos individualisés ... a faire pour le reste de l équipe et a poursuivre pour les nouvelles recrues :-p,0
2014-04-09T15:39:08Z,"Sympa ces petites vidéos, c'est bien d'en apprendre un peu plus sur la progression de nos joueurs, d'où ils viennent etc... :)",0
2014-04-07T21:21:15Z,Quelle tristesse ce grand stade vide ... au moins autant que le nombre de vues de la vidéo ...,0
2014-04-06T10:20:12Z,LeBiihan qui fait le show après son but alors qu'il n'a qu'à pousser le ballon au fond des filets et après son raté ça me fait rire,1
2014-04-06T08:51:03Z,Chut,1
2014-04-06T07:34:02Z,C'est quoi l'intéret de se payer un grand stade pour qu'il soit vide à chaque match ?,1
2014-02-10T09:20:44Z,Magnifique victoire !!,0
2014-03-24T10:00:11Z,Le Havre a vraiment un joli.stade,0
2014-02-23T12:22:40Z,Un bon nul pour nous!Allez les bleus et rouges le maintien on y croit !!!,0
2014-05-09T05:43:12Z,Bravo au premier but de Pléa à Auxerre. OL 3,2
2014-05-08T08:23:16Z,"Il a quoi Sorin, ca fait pas 2 saisons qu'il est blessé ?",0
2014-05-07T22:19:09Z,Firste ,0
2013-11-18T20:54:22Z,J'aime +2,0
2014-04-22T11:21:35Z,Tours,0
2014-02-05T20:25:49Z,Jeff Louis déchéné !,0
2014-02-04T17:53:24Z,Le commentateur de la vidéo est en option ?,0
2014-02-04T17:26:38Z,Bien joue le havre,1
2014-02-04T16:54:41Z,Paa mal mai metz est un peu plus  fotr que nancy,3
2014-02-04T12:04:32Z,enoooorrmme jeff louis,3
2014-02-04T11:43:11Z,1000eme vidéo pour la victoire de NANCY on est les meilleurs,3
2014-02-04T11:39:13Z,Allez NANCY,1
2014-02-23T21:52:30Z,Au final au match Retour 3-0 les gens  #SRFC  ,2
2013-11-19T14:19:39Z,"et encore là on était à rennes ( chez nous ) mais on était pas aussi nombreux qu'a la beaujoire , l'amiance est plus importante a la beaujoire plutôt que dans ce stade en carton avec des rennais qui ne supportent pas leur équipe :D",2
2013-11-19T14:17:21Z,Nantes meilleur publique de France :),2
2013-10-22T15:28:57Z,"les rennais étaient occupé a bouffer leurs galettes sauscisses , voila pourquoi il se sont fait battre dans les tribunes --'",1
2013-10-22T15:27:18Z,"tiens t'es de retour rageux , va voir le résumé de la 10ème journée de nantes , le top commentaire te concernes :D",1
2013-10-11T17:48:38Z,"allez sale boulet , POURQUOI rager a une défaite d'une équipe ? ",0
2013-10-11T11:00:55Z,"Viens me dire sa au prochain match, moi j'suis tribune rennes ,j te balance direct dans le parckage",0
2013-10-10T20:00:52Z,et 25000-3000?,0
2013-10-10T17:38:50Z,rageur,0
2013-10-10T13:22:26Z,"""Mes couilles, mes couilles ou t'es ""
ça vous la posez pas, vous n'en avez pas les Nantaise",0
2013-10-09T16:52:51Z,"ou t'es cerveau ou t'es , ou t'es cerveau ou t'es ? question que tu te poseras sans que tu puisses y répondre comme tu n'en a pas abruti :D",0
2013-10-08T18:29:39Z,"Bonjour, PHILDAR, cuit, cuit,les canaris sont cuits.
Allez rennes.",0
2013-10-07T08:45:38Z,"""rétros, rétros ou t'es, rétros, rétros ou t'es""
Prochain titre de vos garagistes !!
Remarque c'est le seul titre pour vous cette année, car malgré vos grandes gueules, vous ne gagnerez pas celui de L1 ! Bande de tocard.",0
2013-10-06T08:05:55Z,Allez Rennes,0
2013-10-06T07:53:36Z,"Allez Rennes
",0
2013-10-06T07:51:42Z,"Allez Rennes
",0
2013-10-04T13:19:22Z,la ligue qui diffuse ça mais qui sanctionne ....OK !,0
2013-10-03T12:37:58Z,"vive fcn, srfc, eag, fcl, vive la bretagne",0
2013-10-02T13:29:03Z,C'est ça enfonce toi dans ta débilité,0
2013-10-02T12:13:48Z,22 février la vengeance rennaise,2
2013-10-01T20:49:46Z,"Non,Winny44, 95% de la France n'aime pas votre ville pour votre lourd passé historique (voir cours d'histoire et son commerce),et ça c'est très lourd à porter.
Et puis mince,j e préfère le Bordeaux au gros plant frolaté, dsl...",0
2013-10-01T18:37:54Z,"Match sans intérêt, nul, des 2 cotés.
l'un inexistant l'autre à fait le match de sa vie.
A long terme le premier me fait peur pour le maintient, petit sponsor, pas de messen, le 2 emes moyen/gros sponsor et 7 eme fortune de France.
La question est: faut il se reposer sur ses trophées gagnés (qui servent de repose poussières perchoire à mouches), ou viser les présents et futurs titres(pour essayer de ne pas tomber dans l'oubli)?",0
2013-10-01T16:40:27Z,"fake, seul 3 bandes ont été volés",0
2013-10-01T16:29:32Z,Bah je trouve que ca craint comme meme...,0
2013-10-01T13:35:50Z,c'était l'après-midi mais pas grave,0
2013-09-30T19:53:26Z,n'importe quoi oui surment que tu as raison sur les 7000euro.......mais je te dit et je me répète on vous haie a partir de la ...il y'a pas de respect et en aura j'aimais entre rennais et Nantais voir brigade loire et rck  .C'est historique et c'est la vie mon petit rennais !! meme si ça dépasse le foot......va voir a st etienne / lyon c'est pire  lol   .sur ce bonne soirée comme meme................,0
2013-09-30T19:32:23Z,"C'est quoi le rapport avec la haine la ? Arrête de dire de la merde...
C'est sur que avec les tiffo y aurai pas eu forcément beaucoup plus d'ambiance mais ça change rien vous nous avez toujours voler pour valeur de 7000 euro et ça c'est du n'importe quoi....",0
2013-09-30T19:06:51Z,Et vive la galettes saucisse !! Et merci amis du RCK pour le matos quand je le regarde cher moi sa me fais rire,0
2013-09-30T17:48:32Z,7000 balles de matos bien joué les nantais ;),0
2013-09-30T17:02:28Z,"escuse ,,rien a voir avec de la maturité .On vous haie !! 90% des supp nantais sont anti rennais !!!! donc je suis pas étonné ....sur ce je te dit A+ et bisous les rennaise  lol
",0
2013-09-30T16:28:39Z,Rennes on t'a éclater,0
2013-09-30T16:06:35Z,Près de 7000 euro de matos. HONTE à ces supporters Nantais après c'est sur que ça change en rien le match et donc bien joué à leur joueur....,0
2013-09-30T15:58:00Z,"Pour les personnes qui disent qu'il n'y a à pas eu de chants et pas d'ambiance, il faut savoir que les supporters nantais on : de un, volé les micros et mégaphone des rennais et de deux ils ont volé le tifo qu'avait préparé le RCK Belle preuve de maturité de la part des nantais...",0
2013-09-30T11:43:50Z,"mdr galette saucisseeee
",0
2013-09-30T11:10:46Z,Ta mère la chaude kiki,0
2013-09-30T06:06:37Z,"Aucun chants des supporter rennais je serait énerve si je serai un joueur rennais et après sa parle d un public :)  FCN <3 BL99
",0
2013-09-30T05:29:03Z,GG Nantes ^^' !,0
2013-09-30T04:46:30Z,Ils ont bouffe leur galette saucisse les rennais :) Allez Nantes,0
2013-09-29T23:03:08Z,Rapport ?,0
2013-09-29T22:25:40Z,Allez L'OM,0
2014-05-02T21:41:22Z,Allez lens,0
2014-02-19T18:09:11Z,"franchement on a été nul sur ce match on méritait de perdre, on a quand meme de la chance. ALLEZ LENS !",0
2014-02-18T17:37:41Z,lens on vous chie dessu de la part des dijonai,1
2014-02-18T17:31:51Z,<----- Abonnez vous svp :),0
2014-02-18T16:45:52Z,je voulais que le havre gagne ou face le match nul d'un supporter de nacy,1
2014-02-18T11:16:54Z,#Ligue2 - Retrouvez le résumé du match de clôture de la 24e journée : RC Lens / Havre AC !,4
2013-10-14T08:01:22Z,"Good skill and quick feet, well done buddy keep it up!!",0
2014-04-13T13:35:31Z,enfin une victoire!!!!,0
2014-04-13T07:46:43Z,allez le SCO !,0
2014-04-07T09:03:06Z,ROLAN <3,2
2014-05-22T19:01:23Z,Mesloub est trop fort,0
2014-05-04T08:49:49Z,"C'est quoi l'intéret de faire un beau stade de 25 000 places si y
a jamais au delà de 5000 spectateurs ?",2
2013-12-26T19:51:52Z,"Ma vaaaaaa
Non sparare c... ",0
2014-04-27T11:28:06Z,Bangoura fait de la peine meme en CFA :/,0
2014-07-28T21:16:45Z,"Commentateur naze comme le public havrais, on entend que les caennais dans la vidéo !",1
2014-03-10T09:00:14Z,"Quelqu'un expliquera au stagiaire qui sert de commentateur que commenter un match et nous présenter le résumé d'un match, c'est pas la même chose. C'est insupportable à entendre et surtout extrêmement pathétique. En plus de ça il est mauvais ! ",0
2014-03-09T18:23:00Z,Il veut nous faire croire que c'est du direct le commentateur xD !,4
2014-03-09T17:57:59Z,"Chers webmaster de la LFP, j'aime beaucoup votre chaine YouTube mais SVP virez purement et simplement les commentaires sur les résumés. On a des yeux, ça suffit, laissez le son de l'ambiance et rien d'autre, c'est tout ce qu'on veut.",5
2014-03-09T17:20:57Z,Commentateur  naze on est d'accord...,3
2014-03-08T23:28:55Z,"Une vidéo de la ligue où l'on voit des fumigènes ?? Des fumigènes pour tes publicités, des IDS pour ta crédibilité..",0
2014-03-08T23:27:51Z,C'est quoi ce commentateur serieux. xD,5
