publish_date,title,view_count
2013-08-28T17:22:58Z,Nantes-Bastia : L&#39;avocat du FC Nantes confiant - 28/08,857
2014-04-09T13:31:06Z,1 minute avec... Alassane Touré,4249
2014-03-15T22:57:03Z,Diambars FC - Touré Kounda ( 0 - 1 ) - samedi 15 mars 2014 - Résumé,1173
2014-03-29T23:00:01Z,Stade Brestois 29 - Havre AC (1-1) - 28/03/14 - (SB29-HAC) - Résumé,2843
2014-04-05T22:00:02Z,Havre AC - CA Bastia (1-0) - 04/04/14 - (HAC-CAB) - Résumé,2278
2013-12-19T06:00:00Z,But Abdoulaye DOUCOURE (52&#39;) - Stade Rennais FC-Girondins de Bordeaux (1-2) - (1/8 de finale),600
2014-02-08T23:00:00Z,Havre AC - Nîmes Olympique (0-1) - 07/02/14 - (HAC-NIMES) -Résumé,2303
2014-04-26T22:00:01Z,US Créteil - Havre AC (2-0) - 25/04/14 - (USCL-HAC) - Résumé,2805
2014-02-19T01:41:12Z,Abe Toure Highlight Tape,977
2014-03-30T10:55:13Z,Fodé Sekou Touré - footBalleur guinéen,957
2014-01-15T18:40:52Z,Mamadou G. / COMMITTED!,134
2014-03-12T00:22:33Z,fiche joueur Abdoulaye Gueye saison 2013 - 2014,1120
2014-03-22T23:00:01Z,Havre AC - Stade Lavallois (1-1) - 21/03/14 - (HAC-LAVAL) - Résumé,2974
2014-02-22T23:00:01Z,Havre AC - Châteauroux (0-0) - 21/02/14 - (HAC-LBC) - Résumé,1396
2014-05-07T22:00:02Z,AJ Auxerre - Havre AC (2-1) - 06/05/14 - (AJA-HAC) - Résumé,4544
2014-05-17T22:00:01Z,Havre AC - AC Arles Avignon (2-1) - Résumé - 16/05/14 - (HAC-ACA),4532
2014-01-19T10:03:28Z,MEDYATİKSPOR   KONFORY SYLLA,150
2013-11-18T10:52:01Z,Yera SISSOKO - Central Defender,751
2014-04-19T22:00:01Z,Havre AC - Tours FC (2-2) - 18/04/14 - (HAC-TOURS) - Résumé,3376
2014-02-04T11:00:02Z,AS Nancy-Lorraine - Havre AC (3-2) - 03/02/14 - (ASNL-HAC) -Résumé,7552
2013-09-29T22:08:20Z,Rennes - Nantes : soir de derby - 2013/2014,16785
2014-03-01T23:00:00Z,FC Istres - Havre AC (0-1) - 28/02/14 - (FCIOP-HAC) - Résumé,1750
2013-11-11T19:30:50Z,Mohamed El Gindi cv1,537
2013-09-19T17:23:41Z,Souvenir : 5 buts en une mi temps (Mali 6 - 0 Sierra Leone),5807
2014-02-18T11:00:02Z,RC Lens - Havre AC (1-1) - 17/02/14 - (RCL-HAC) - Résumé,9224
2013-12-09T08:52:13Z,ODCAV Dakar Finale Zone 4B : Wallidaan - Yoonu Ndam,6613
2013-12-05T23:00:02Z,But Fernando ARISTEGUIETA (89&#39;) - FC Nantes - Valenciennes FC (2-1) - 03/12/13 (FCN - VAFC),8161
2013-09-01T09:36:29Z,JULIAN DE THOMASIS - Age 15 Years (1997),1832
2014-03-19T11:24:35Z,Gol de Alou TOURE 7 ANOS,28
2014-04-06T19:27:46Z,C.V of a football player under 14 years,98
2014-04-12T22:00:01Z,Angers SCO - Havre AC (1-0) - 11/04/14 - (SCO-HAC) - Résumé,5865
2014-06-17T02:33:49Z,Finale de Football Cetasso 2014 - Mali vs Guinée Bissau,270
2014-03-08T12:00:02Z,Hull City 5 Hartlepool United 2 | Reserve Highlights | 4th March 2014,1882
2014-04-06T22:00:01Z,Le match Bordeaux - Rennes à la loupe (2-2) - Ligue 1 - 2013/2014,2838
2014-05-03T22:00:01Z,Havre AC - ESTAC Troyes (2-1) - 02/05/14 - (HAC-ESTAC) - Résumé,4505
2013-08-05T22:56:25Z,2013 MASTER Blopper: Adrián Cortés Own Goal (Veracruz),957
2013-12-26T16:59:20Z,BA - La Vie en pro à Brescia - Adama Diouf (défenseur) et Baba Seck (attaquant),3527
2013-08-16T13:13:21Z,Yeggo vs Diaraaf,1460
2013-08-11T06:50:55Z,ANDRE MCNAMARA - Age 15 Years (1997),948
2014-03-10T00:37:14Z,DUC - Diambars FC ( 0 - 2 ) - 8 mars 2014 - Résumé,1041
2014-03-20T21:55:22Z,Diambars FC - Linguère ( 3 - 2) - mercredi 20 mars 2014 - Résumé,897
2014-04-26T21:47:12Z,FC Nantes 0-0 Concarneau US Samedi 26 Avril 2014,917
2013-12-13T13:27:59Z,Laye diaw,388
2013-08-21T05:12:24Z,[Vidéo D-Jéry 2.0]: Navetann-1ère journée Zone 4B de Dakar: Asc Wallidann bat Dékheulé (1-0),1247
2014-06-18T10:52:45Z,Mondial: le Honduras garde espoir avant d&#39;affronter l&#39;Equateur,175
2014-03-11T11:47:31Z,But du CO Bamako face à l&#39;ASEC Mimosas,459
2014-02-09T13:36:34Z,RESUME  STELLA USCB ELITES JEUNE,542
2014-03-26T23:01:00Z,FC Barcelone 3-0 Celta Vigo (26.03.2014) HD,1028
2014-03-08T23:16:16Z,Havre AC - SM Caen (1-1) - 07/03/14 - (HAC-SMC) - Résumé,10773
2014-01-25T16:03:12Z,Lille accroché par Rennes - 25/01,372
