publish_date,title,view_count
2013-12-13T17:07:05Z,ABASSE ZANGABA,171
2013-12-10T19:04:16Z,Allan Erick Midfielder 2013,583
2013-10-10T12:33:51Z,KAFESPORTS LIGUE 1: NANTES-EVIAN (3 - 0),43
2013-12-02T03:43:02Z,Player Boyoko - Free Agent - Midfielder (UCSB highlights),657
2013-12-12T20:57:04Z,tiago costa MIDFIELD,63
2014-02-27T13:06:15Z,C.Buisson - Right Center Back Red Shirt N°2 - Le Mans-Viry Part 3 - Bourse Foot USA,71
2013-08-16T16:39:46Z,Штутгарт - Зенит 5:0. Кубок УЕФА 1989/90 - 1/16 финала,1045
