publish_date,title,view_count
2013-09-12T14:59:17Z,But | Football | Speed Soccer | Farid,256
2014-04-08T10:00:01Z,FC Metz - FC Istres (2-1) - 07/04/14 - (FCM-FCIOP) - Résumé,7531
2013-08-31T22:00:09Z,FC Istres - AJ Auxerre (1-1) - Le résumé (FCIOP - AJA) - 2013/2014,3347
2013-11-09T23:00:01Z,SM Caen - FC Istres (4-0) - Le résumé (SMC - FCIOP) - 2013/2014,7972
2013-09-21T22:00:05Z,FC Istres - Stade Lavallois (3-0) - Le résumé (FCIOP - LAVAL) - 2013/2014,2996
2013-10-05T22:00:01Z,Clermont Foot - FC Istres (2-0) - Le résumé (CF63 - FCIOP) - 2013/2014,2945
2013-09-14T22:00:16Z,Tours FC - FC Istres (2-2) - Le résumé (TOURS - FCIOP) - 2013/2014,4081
2013-09-25T22:00:13Z,Havre AC - FC Istres (1-0) - Le résumé (HAC - FCIOP) - 2013/2014,3522
2014-04-26T22:00:01Z,FC Istres - Châteauroux (0-0) - 25/04/14 - (FCIOP-LBC) - Résumé,1062
2014-03-08T08:27:04Z,J27 Clermont / Nîmes : Le but du match,1015
2014-03-22T22:04:54Z,Football / Ligue 1 : Baradji renverse VA - 22/03,663
2014-05-04T08:32:11Z,Famara Diedhiou Yellow Card for Eating a Banana (Emulates Dani Alves),3649
2013-12-26T17:45:20Z,Best Of première partie de saison 2013/2014,1149
2014-02-23T14:15:21Z,Fin du match Metz-Clermont - Chant GG - Tour d&#39;honneur,773
2014-07-27T01:58:16Z,Roye-Noyon / Croix,1491
2013-11-13T17:23:04Z,Youcef Touati vs Cholet,10525
2014-05-17T17:46:58Z,FC Bourg Péronnas 0-2 Luçon / Journée 33,1376
2014-03-30T22:00:01Z,But Romain ALESSANDRINI (14&#39;) - Stade Rennais FC-SC Bastia (3-0) - 30/03/14 - (SRFC-SCB),1490
2014-01-31T11:53:51Z,L&#39;Ouverture Futsal / Joga Futsal,1668
2013-11-30T21:33:17Z,Conférence de presse Clermont Foot - Stade Brestois 29 (1-0) - 2013/2014,90
