published-time,comment,likes
2014-05-06T16:54:59Z,ya personne dans le stade on se croirais ajjacio,0
2014-05-06T16:54:22Z,alllez nancy,0
2014-04-08T16:31:23Z,FC Meeeeeeeeeeeeeeeeeeetz !!!!!!!!!!!,0
2014-04-08T10:23:34Z,metz on encule,0
2014-04-08T10:05:10Z,#Ligue2 - Revivez les meilleurs moments de FC Metz - FC Istres (2-1) en vidéo.,3
2013-11-09T23:12:54Z,First,3
2013-09-18T16:23:39Z,Dommage tours j étais au match et on fais 30 première minutes super mais après rien,0
2013-09-16T19:57:31Z,les arrets de fou des deux cote bravo les GK ,0
2013-09-15T16:20:45Z,"Benjamin Leroy, énorme gardien ! c'est grâce à lui à chaque fois qu'on encaisse pas trop de buts. Le meilleur gardien de Ligue 2. Notre Hugo Lloris.
",0
2013-09-15T07:07:32Z,"tours fc les meilleur
",0
2013-09-14T22:04:56Z,Allez Tours Fc,0
2013-12-30T01:21:59Z,"Dommage que la LFP ai bloqué la vidéo, maintenant on ne peut plus la voir",0
2013-12-26T21:58:07Z,I love Clermont foot <3 <3 <3,1
2013-12-26T20:48:34Z,Une Bonne Première Partie de Saison compte tenue des Difficultés que l'équipe à éprouvée l'année dernière. Bravo au Coach qui à su remotiver les troupes et renouveler le Groupe après d'important départ. A confirmer après la trêve Hivernale ! :) ,0
2014-02-23T19:13:03Z,La Lorraine est grenat et elle le restera,1
2014-07-27T17:10:19Z,,0
2014-02-25T00:17:37Z,Y'a plu de vidéo de Youcef,0
2014-01-21T12:15:51Z,C'est pour kan la vidéo,2
2014-01-04T00:23:48Z,C'est pour kan le montage Youcef ,2
2013-12-03T00:06:23Z,Merciii ,0
2013-11-24T10:08:09Z,Tu peut faire des vidéo de lui stp,1
2013-11-23T22:17:50Z,Mon Couz tro cho enfoireeeee,0
2014-04-04T10:33:46Z,ces moi en gros plan a 0:59 1:00 après landreau . sweat stade rennais :)),0
