published-time,comment,likes
2014-03-25T19:04:11Z,"ICI C'EST TROYES , ALLEZ L'ESTAC !!!!!!!!!!!!!!!!!!!!",0
2014-04-16T11:05:57Z,Metz en ligue 1 sa serait un grand plaisir :D,1
2014-04-15T12:56:33Z,pour moi il y avait vraiment un gros problème en défense.Sur le premier but marchal est dans les choux complet il attend le rebond l'attaquant touche même pas la balle qu'il est déjà enrhumé sur le deuxième a 10 contre 11 ce prendre un contre comme ca ce retrouvé a 3 defenseur pour 2 attaquant marchal encore lui qui arrête de joué pour faire signe a un de ces pote dans le public au lieux de joué lol((je sais qu'il levait la main pour un hors jeux) il avait surement pas vu choplin  mais il couvre le hors jeux ce prends un grand pont et tacle par derrière dans la surface. Wtf on a eu de la chance de prendre un points ce jour la merci super sakho .ce match n'est pas digne du leader si vous vous voyer déjà en ligue 1 sachez que rien n est joué pour la fin de saison on peux encore prendre une veste les amis ,0
2014-01-29T15:16:36Z,#Ligue2 - Revivez les meilleurs moments de Angers SCO - Dijon FCO (0-0) en vidéo !,1
2014-01-29T09:11:35Z,aller dijon ,0
2014-01-29T06:40:18Z,Angers ce rattrapera contre la CAB vendredi,0
2014-01-28T20:38:23Z,grosse domination angevine ! dommage... ALLEZ LE SCO !!!,1
2013-08-25T16:45:58Z,D'accord avec toi young Man. On joue mieux que l'année dernière et on ne fais quasiment que perdre alors qu'avant on gagnait .,0
2013-08-25T12:22:45Z,Marié* pas Mary--',0
2013-08-25T08:31:52Z,super match de thebaux,0
2014-02-02T00:12:00Z,"Allez dijonnais allez allez allez allez, allez les dijonnais",0
2014-01-12T21:51:36Z,Attention a ce que la moutarde ne vous monte pas au nez ! ,0
2014-01-12T16:18:37Z,"Jolie prestation de Dijon. Bonne route et bonne chance pour la Ligue 1.
                                                                                           Un supporter sochalien",0
2014-01-12T13:51:48Z,Allez dijon !,0
2014-01-12T09:22:04Z,dijon les meilleurs,0
2014-01-12T08:13:42Z,ALLEZ DIJON !!!!!!! EN ROUTE POUR LA LIGUE 1 !!!!!!!!!!,0
2013-12-18T07:37:44Z,ce serait possible d'avoir des resumé comme un ligue 1 de tous les buts sur une seule video??,2
2013-12-17T15:55:20Z,super Romano :),0
2013-12-17T15:13:40Z,#Ligue2 - Retrouvez le résumé du match de clôture de la 17e journée : Dijon FCO / Clermont Foot grâce à notre chaîne officielle YouTube !,5
2013-12-17T15:00:20Z,romain philippe POTEAU,2
2013-12-17T14:06:31Z,Poteau de Philippoteaux quel ironie du sort ^^ bon match.,1
2013-12-01T16:12:46Z,2:26 Riad oh non !,0
2013-12-01T16:10:42Z,Le public était derrière vous allez no,0
2013-11-02T22:54:04Z,"J'y étais c t attaque défense tout le match, normal de s'en prendre 2 a la fin! ",0
2013-10-25T11:54:01Z,"Le match était truqué. regarder bien les buts les defenseurs s'en contre foutent ils vont pas au marquage
le truquage était troyes mt/ dijon fm.",0
2013-10-24T08:26:43Z,j'y etais pas mais j'aurais bien aimé :),0
2013-10-23T15:58:38Z,"#Ligue2 - Classement des buteurs - En reprenant la tête du classement officiel des buteurs (7 buts), Ghislain Gimbert confirme son excellente première partie de saison au sein de la meilleure attaque de Ligue 2 ! ",2
2013-10-21T13:45:53Z,?????,0
2013-10-21T12:49:49Z,dijon vont monter je pense ils ont l'effectif pour cela en plus,0
2013-10-21T10:05:30Z,xD,0
2013-10-20T18:14:01Z,gateau,0
2013-10-20T16:21:31Z,"vive les nantais
",0
2013-10-20T09:00:53Z,le but de merde,0
2013-10-20T08:56:35Z,Comment perdre 3 points en 1 minute ? Demandez au troyens ils s'en souviennent encore ;) ,0
2013-10-20T08:09:57Z,"Tellement pas méritée, mais tellement d'ambiance dans les tribunes 3 #tribunesud",0
2013-10-20T06:52:03Z,La plus belle victoire de la saison !,0
2013-10-20T06:48:45Z,DIJON !!!!,0
2013-10-19T22:10:48Z,DFCO ♥♥,0
2013-08-20T07:11:44Z,et allors? l'arbitre en a décider ainsi si sa ne vous plait pas envoyer un dons à une association pour la formation des arbitres en france ; ),0
2013-08-19T11:12:02Z,la simulation flagrante de Blayac l'arbitrage qui comme tout au long du match ne prend pas le bonne decision ,0
2013-08-18T00:55:03Z,Angers en ligue 1 !!!!!!!!!!!!!!!!!!!!   :),1
2013-08-17T23:44:34Z,pfff le pénalty cadeau alors qu'il y a que dalle,1
2013-08-17T23:22:07Z,gg,0
2014-02-16T16:52:17Z,et 1 et 2 et 3 et 3-0,2
2014-02-16T00:51:19Z,"Allez Dijon, on croit a la Ligue 1 et on se battera pour ca ! ",3
2013-08-16T10:19:33Z,Ils sont chauds les supporters caennais torses nus,0
2013-08-11T14:23:49Z,"Allez Malherbe ! Superbe équipe, cette saison est la bonne",1
2013-08-07T22:18:57Z,Cette année c'est la bonne pour Caen on va monter en Ligue 1 <3 !,0
2013-08-06T10:11:48Z,"c'est vrai que le but de Dijon et pas mal 
mais il y a un truc qui ma soûler c'est que le public a sifflet l'entrer de nabab et après sont but il chante sont nom 
Allez malherbe et rendez-vous a laval vendredi pour la victoire ",1
2013-08-05T11:57:28Z,"ce n'est pas tres sympa de ne pas monter le but de dijon surtout qu'il est magnifique. (je suis supporter de Caen)
",1
2013-08-05T08:37:05Z,Dijon c'est les meilleur,0
2013-08-05T02:24:34Z,Kodja non plus. C'est Kodjia.,0
2013-08-05T02:03:42Z,Et le but de Dijon on ne le montre pas ?,0
2013-08-04T18:18:38Z,Allez dijon !!!!!,0
2013-08-04T15:01:18Z,Non ce n'est pas Kodja mais Kodjia :D Allez Malherbe !!,0
2013-08-04T12:44:51Z,oui jai vu mon erreur juste apres mais eu la fleme de changer lol,0
2013-08-03T23:17:07Z,godia me semble un bon joueur pour aider caen a monter en ligue 1,0
2013-08-03T22:53:12Z,"Allez Malherbe, en route pour la ligue 1 !!!! <3 ",0
2013-10-03T15:28:06Z,je pense que dijon est parti pour une bonne saison un bon gardien prété par lorient est 2 ou 3 joueurs intéressant offensivement,1
2013-10-03T15:26:26Z,sorin est bien meilleur que d'autres gardiens de ligue 2,0
2013-09-29T18:03:46Z,les auxerrois cest dijon le roi de la bourgogne,1
2013-09-29T09:48:39Z,"Démonstration de force de Dijon, autant dans les tribunes que sur le terrain! Allez Dijon",1
2013-09-29T09:46:21Z,Allez le dfco on continue comme ça !,0
2013-09-29T09:04:54Z,La Bourgogne est rouge. Dijon CAPITALE!,1
2013-09-29T00:20:51Z,sorin tu es qu'une dobe tu sert à rien casse toi branleur,0
2013-09-28T23:03:09Z,DIJON    DIJON    CAPITALE !!!,2
2014-02-02T08:59:13Z,"Brest de plus en plus dans la merde... Va falloir qu'ils fassent une phase retour comme Monaco ya deux ans, mais sans le fric...",0
2014-02-02T00:03:46Z,Allez Dijon on croit encore a la ligue 1 ! On ne lachera rien !! #ForzaDijon ,3
2014-05-10T12:51:05Z,Ça sent très mauvais pour Châteauroux ils ont encore perdus hier ça va aller très mal je pense... Ils vont être relégués  c'est à peu près sur....,0
2014-05-09T01:47:35Z,ces gagné yes,1
2013-12-22T14:45:11Z,Allez Châteauroux !,0
2013-12-21T23:49:45Z,le v´la michel denisot,0
2014-03-02T09:02:27Z,"Je vais aller voir Tours Angers =)
Aller Tours!",0
2014-02-27T11:24:06Z,Tours,0
2014-01-13T17:26:47Z,Allez tours fc,0
2013-09-23T05:36:52Z,"Quel scandale cette main non sifflée, même si la défaite est logique ! Encore un sacré we des arbitres...(but refusé OL-FCNA)",0
2013-09-22T02:34:04Z,Allez Tours Fc,0
2014-05-19T10:33:05Z,Caen Caen en ligue 2,1
2014-05-18T09:53:59Z,bien jouer caen,2
2014-05-17T22:28:33Z,Caen Caen En Ligue 1,3
2014-03-09T22:11:41Z,"Bien joué gastien, c la première fois que je vois un doublé csc. Il faut se ressaisir si on veut monter dijon",0
2014-03-09T17:02:11Z,des barres de rire le commentateur ,2
2014-03-09T12:47:06Z,"Le premier but contre son camp est pour moi de la faute de Diallo, faut prendre des décision des fois c'est bien de vouloir relancer dans les pieds mais quand ta surface est pleine de joueurs adverses au pressing, tu balance une balle devant et tu fais sortir tous le monde, surtout qu'après Gastien n'a pas de solution et je trouve que Perraud est vraiment NUL par rapport a Lecomte qui nous fait une 'putain' de saison !",0
2014-03-09T10:23:03Z,"Faudrait revoir ses fiches, lecomte est sorti et florent perraud est rentré et c'est lui qui encaisse les deux buts ...
On s'est encore fait voler a l'exterieur, la ligue 1 s'éloigne",1
2014-03-09T09:49:19Z,La Bourgogne est Bleue et Blanche!,4
2014-03-09T00:34:10Z,Beau doublé de Gastien,1
2014-05-04T08:48:49Z,Vtk,0
2014-05-04T08:20:31Z,DFCO !!!!!!!,0
2014-01-20T22:49:20Z,"Franchement le rouge direct est très sévère et même injustifié surtout si il a déjà un jaune autant lui en remettre un et le résultat est le même. Et le premier but de Lens est bien Hors jeu mais si on regarde bien l'arbitre de touche est totalement à la ramasse, beaucoup trop loin de l'action",1
2014-01-20T17:40:39Z,"Au moins on a su réagir !
La saison passée, ça aurait fini en correction, donc c'est un bon point vu le début de match !
Allez Lens",0
2014-01-20T10:28:45Z,"#Ligue2 - 20e journée - En attendant le match de clôture de la 20e journée FC Metz / US Créteil ce soir à 20h30 sur Eurosport, retrouvez tous les buts des matchs de vendredi et samedi grâce à notre playlist sur la chaîne officielle YouTube !",1
2014-01-19T20:48:04Z,Tout ce que Dijon c faire c de la moutarde,3
2014-01-19T20:45:27Z,Allez lens,0
2014-01-19T13:04:17Z,Allez dijon !,1
2014-01-19T09:42:14Z,Domage quils ne passent pas le penalty non siffler sur Coulibaly a la 90 ème !! ,1
2014-01-19T09:38:11Z,l'arbitre est bigleu sur le 1er but de lens il y avait hors jeux . aller dijon ,0
2014-03-01T23:32:42Z,"J'étais à Gaston Gérard vendredi et Dijon méritait amplement de gagner ! Creteil a simplement marqué sur leur deux seules occasions franches et ce résumé ne montre pas toutes celles dijonnaises, on surdominait ce match et on aurait mérité 3 pénaltys, pas qu'un !
Bref il faut se ressaisir on croit toujours à la promotion ! DFCO #LingonsBoys",1
2013-08-11T19:23:14Z,Dfco objectif ligue 1 !!,0
2013-08-11T09:10:28Z,Rc lens,0
2013-08-10T23:44:04Z,"Dommage, Lens a gaché beaucoup d'occasions en 2nd mi-temps.",0
2013-08-10T23:22:50Z,allez dijon !,0
2014-02-08T23:55:41Z,aller  dijon,3
2013-11-28T14:10:29Z,"Philippoteaux, destin à la Corgnet ??",0
2013-11-26T18:24:03Z,DFCO !!! ,0
2014-05-01T06:20:57Z,DFCO !!!!,0
2014-04-28T13:53:12Z,Forza Nancy ( même si j'aime bien le jeu de Dijon),0
2014-04-28T05:54:02Z,Très belle victoire mais le dfco s'est réveillé un peux tard pour la montée,1
2014-04-27T22:14:48Z,Vive le dfco j'y était un match de dingue,5
2014-04-27T01:41:41Z,...,0
2014-04-20T12:03:14Z,Super Qualité de Video ! Ouaaaaou !,1
2014-03-16T00:15:07Z,Bien jouer le HAC,2
