publish_date,title,view_count
2013-09-14T22:00:04Z,CA Bastia - Dijon FCO (0-0) - Le résumé (CAB - DFCO) - 2013/2014,2192
2014-03-22T23:00:00Z,ESTAC Troyes - Dijon FCO (2-0) - 21/03/14 - (ESTAC-DFCO) - Résumé,2418
2014-04-15T10:00:02Z,Dijon FCO - FC Metz (2-2) - 14/04/14 - (DFCO-FCM) - Résumé,7082
2014-01-28T20:08:33Z,Angers SCO - Dijon FCO (0-0) - 27/01/14 - (SCO-DFCO) -Résumé,2802
2013-08-24T22:00:11Z,Stade Brestois 29 - Dijon FCO (0-0) - Le résumé (SB29 - DFCO) - 2013/2014,3682
2014-01-11T23:00:01Z,Dijon FCO - FC Istres (4-1) - 10/01/14 - (DFCO-FCIOP) -Résumé,3708
2013-12-17T11:00:02Z,Dijon FCO - Clermont Foot (1-0) - 16/12/13 - (DFCO - CF63) - Résumé,4064
2013-11-30T23:00:01Z,Nîmes Olympique - Dijon FCO (1-1) - 29/11/13 - (NIMES - DFCO) - Résumé,2710
2013-10-19T22:00:00Z,Dijon FCO - ESTAC Troyes (2-1) - Le résumé (DFCO - ESTAC) - 2013/2014,5432
2013-10-05T22:00:00Z,Havre AC - Dijon FCO (0-0) - Le résumé (HAC - DFCO) - 2013/2014,1943
2013-08-17T22:00:11Z,Dijon FCO - Angers SCO (1-3) - Le résumé (DFCO - SCO) - 2013/2014,8945
2014-02-15T23:00:02Z,Dijon FCO - CA Bastia (3-0) - 14/02/14 - (DFCO-CAB) - Résumé,3241
2013-08-03T22:00:12Z,SM Caen - Dijon FCO (3-1) - Le résumé (SMC - DFCO) - 2013/2014,19306
2013-08-31T22:00:10Z,Dijon FCO - Stade Lavallois (1-0) - Le résumé (DFCO - LAVAL) - 2013/2014,3755
2013-09-28T22:00:01Z,Dijon FCO - AJ Auxerre (1-0) - Le résumé (DFCO - AJA) - 2013/2014,4752
2014-02-01T23:00:01Z,Dijon FCO - Stade Brestois 29 (3-0) - 31/01/14 - (DFCO-SB29) -Résumé,3001
2014-05-07T22:00:01Z,Dijon FCO - Châteauroux (2-1) - 06/05/14 - (DFCO-LBC) - Résumé,2552
2013-12-21T23:00:01Z,Châteauroux - Dijon FCO (3-1) - 20/12/13 - (LBC - DFCO) - Résumé,5660
2014-02-22T23:00:00Z,Tours FC - Dijon FCO (1-0) - 21/02/14 - (TOURS-DFCO) - Résumé,2745
2013-09-21T22:00:12Z,Dijon FCO - Tours FC (2-0) - Le résumé (DFCO - TOURS) - 2013/2014,3960
2014-05-17T22:00:00Z,Dijon FCO - SM Caen (2-2) - Résumé - 16/05/14 - (DFCO-SMC),6145
2014-03-08T23:16:39Z,AJ Auxerre - Dijon FCO (2-2) - 07/03/14 - (AJA-DFCO) - Résumé,5848
2014-05-03T22:00:01Z,Clermont Foot - Dijon FCO (0-1) - 02/05/14 - (CF63-DFCO) - Résumé,1823
2014-01-18T23:00:04Z,RC Lens - Dijon FCO (2-2) - 18/01/14 - (RCL-DFCO) -Résumé,15559
2014-03-01T23:00:00Z,Dijon FCO - US Créteil (2-2) - 28/02/14 - (DFCO-USCL) - Résumé,2539
2013-08-10T22:00:11Z,Dijon FCO - RC Lens (1-1) - Le résumé (DFCO - RCL) - 2013/2014,13121
2014-02-08T23:00:01Z,Stade Lavallois - Dijon FCO (0-0) - 07/02/14 - (LAVAL-DFCO) -Résumé,1344
2013-11-23T21:11:02Z,Dijon FCO - AS Nancy-Lorraine (1-0) - Le résumé (DFCO - ASNL) - 2013/2014,2376
2014-04-26T22:00:02Z,Dijon FCO - Nîmes Olympique (5-1) - 25/04/14 - (DFCO-NIMES) - Résumé,11293
2014-04-19T22:00:01Z,AS Nancy-Lorraine - Dijon FCO (2-1) - 18/04/14 - (ASNL-DFCO) - Résumé,4865
2014-03-15T23:00:00Z,Dijon FCO - Havre AC (1-2) - 14/03/14 - (DFCO-HAC) - Résumé,4275
2013-08-14T22:39:23Z,Parlons Foot - Spécial ETE - Ciré Dia (Jaraaf) -  14 Août 2013 - Partie 2,7219
2014-05-04T23:18:23Z,Ligue 1 / Labrune : &quot;On veut aller en Coupe d&#39;Europe&quot; - 04/05,127
