published-time,comment,likes
2014-04-16T11:05:57Z,Metz en ligue 1 sa serait un grand plaisir :D,1
2014-04-15T12:56:33Z,pour moi il y avait vraiment un gros problème en défense.Sur le premier but marchal est dans les choux complet il attend le rebond l'attaquant touche même pas la balle qu'il est déjà enrhumé sur le deuxième a 10 contre 11 ce prendre un contre comme ca ce retrouvé a 3 defenseur pour 2 attaquant marchal encore lui qui arrête de joué pour faire signe a un de ces pote dans le public au lieux de joué lol((je sais qu'il levait la main pour un hors jeux) il avait surement pas vu choplin  mais il couvre le hors jeux ce prends un grand pont et tacle par derrière dans la surface. Wtf on a eu de la chance de prendre un points ce jour la merci super sakho .ce match n'est pas digne du leader si vous vous voyer déjà en ligue 1 sachez que rien n est joué pour la fin de saison on peux encore prendre une veste les amis ,0
2014-02-16T16:52:17Z,et 1 et 2 et 3 et 3-0,2
2014-02-16T00:51:19Z,"Allez Dijon, on croit a la Ligue 1 et on se battera pour ca ! ",3
2014-02-02T00:12:00Z,"Allez dijonnais allez allez allez allez, allez les dijonnais",0
2014-01-12T21:51:36Z,Attention a ce que la moutarde ne vous monte pas au nez ! ,0
2014-01-12T16:18:37Z,"Jolie prestation de Dijon. Bonne route et bonne chance pour la Ligue 1.
                                                                                           Un supporter sochalien",0
2014-01-12T13:51:48Z,Allez dijon !,0
2014-01-12T09:22:04Z,dijon les meilleurs,0
2014-01-12T08:13:42Z,ALLEZ DIJON !!!!!!! EN ROUTE POUR LA LIGUE 1 !!!!!!!!!!,0
2014-02-02T08:59:13Z,"Brest de plus en plus dans la merde... Va falloir qu'ils fassent une phase retour comme Monaco ya deux ans, mais sans le fric...",0
2014-02-02T00:03:46Z,Allez Dijon on croit encore a la ligue 1 ! On ne lachera rien !! #ForzaDijon ,3
2014-01-20T22:49:20Z,"Franchement le rouge direct est très sévère et même injustifié surtout si il a déjà un jaune autant lui en remettre un et le résultat est le même. Et le premier but de Lens est bien Hors jeu mais si on regarde bien l'arbitre de touche est totalement à la ramasse, beaucoup trop loin de l'action",1
2014-01-20T17:40:39Z,"Au moins on a su réagir !
La saison passée, ça aurait fini en correction, donc c'est un bon point vu le début de match !
Allez Lens",0
2014-01-20T10:28:45Z,"#Ligue2 - 20e journée - En attendant le match de clôture de la 20e journée FC Metz / US Créteil ce soir à 20h30 sur Eurosport, retrouvez tous les buts des matchs de vendredi et samedi grâce à notre playlist sur la chaîne officielle YouTube !",1
2014-01-19T20:48:04Z,Tout ce que Dijon c faire c de la moutarde,3
2014-01-19T20:45:27Z,Allez lens,0
2014-01-19T13:04:17Z,Allez dijon !,1
2014-01-19T09:42:14Z,Domage quils ne passent pas le penalty non siffler sur Coulibaly a la 90 ème !! ,1
2014-01-19T09:38:11Z,l'arbitre est bigleu sur le 1er but de lens il y avait hors jeux . aller dijon ,0
2014-03-02T09:02:27Z,"Je vais aller voir Tours Angers =)
Aller Tours!",0
2014-02-27T11:24:06Z,Tours,0
2014-05-10T12:51:05Z,Ça sent très mauvais pour Châteauroux ils ont encore perdus hier ça va aller très mal je pense... Ils vont être relégués  c'est à peu près sur....,0
2014-05-09T01:47:35Z,ces gagné yes,1
2014-03-09T22:11:41Z,"Bien joué gastien, c la première fois que je vois un doublé csc. Il faut se ressaisir si on veut monter dijon",0
2014-03-09T17:02:11Z,des barres de rire le commentateur ,2
2014-03-09T12:47:06Z,"Le premier but contre son camp est pour moi de la faute de Diallo, faut prendre des décision des fois c'est bien de vouloir relancer dans les pieds mais quand ta surface est pleine de joueurs adverses au pressing, tu balance une balle devant et tu fais sortir tous le monde, surtout qu'après Gastien n'a pas de solution et je trouve que Perraud est vraiment NUL par rapport a Lecomte qui nous fait une 'putain' de saison !",0
2014-03-09T10:23:03Z,"Faudrait revoir ses fiches, lecomte est sorti et florent perraud est rentré et c'est lui qui encaisse les deux buts ...
On s'est encore fait voler a l'exterieur, la ligue 1 s'éloigne",1
2014-03-09T09:49:19Z,La Bourgogne est Bleue et Blanche!,4
2014-03-09T00:34:10Z,Beau doublé de Gastien,1
2014-04-06T18:46:41Z,"0.23, Its me! ;)",0
2013-08-20T07:11:44Z,et allors? l'arbitre en a décider ainsi si sa ne vous plait pas envoyer un dons à une association pour la formation des arbitres en france ; ),0
2013-08-19T11:12:02Z,la simulation flagrante de Blayac l'arbitrage qui comme tout au long du match ne prend pas le bonne decision ,0
2013-08-18T00:55:03Z,Angers en ligue 1 !!!!!!!!!!!!!!!!!!!!   :),1
2013-08-17T23:44:34Z,pfff le pénalty cadeau alors qu'il y a que dalle,1
2013-08-17T23:22:07Z,gg,0
2014-05-19T10:33:05Z,Caen Caen en ligue 2,1
2014-05-18T09:53:59Z,bien jouer caen,2
2014-05-17T22:28:33Z,Caen Caen En Ligue 1,3
2014-05-01T06:20:57Z,DFCO !!!!,0
2014-04-28T13:53:12Z,Forza Nancy ( même si j'aime bien le jeu de Dijon),0
2014-04-28T05:54:02Z,Très belle victoire mais le dfco s'est réveillé un peux tard pour la montée,1
2014-04-27T22:14:48Z,Vive le dfco j'y était un match de dingue,5
2014-04-27T01:41:41Z,...,0
2014-03-01T23:32:42Z,"J'étais à Gaston Gérard vendredi et Dijon méritait amplement de gagner ! Creteil a simplement marqué sur leur deux seules occasions franches et ce résumé ne montre pas toutes celles dijonnaises, on surdominait ce match et on aurait mérité 3 pénaltys, pas qu'un !
Bref il faut se ressaisir on croit toujours à la promotion ! DFCO #LingonsBoys",1
2014-04-20T12:03:14Z,Super Qualité de Video ! Ouaaaaou !,1
2014-02-08T23:55:41Z,aller  dijon,3
2014-03-16T00:15:07Z,Bien jouer le HAC,2
2014-05-07T12:46:16Z,,1
2014-07-26T13:00:27Z,"Mon dieu, 1 mois et demi de coupe du monde et tu revois ce genre d'actions...que c'est lent, que c'est techniquement faible, que c'est chanceux, tellement Ligue 1....choqué.",3
2013-12-02T21:04:48Z,Lourd à l'ancienne simple et efficace,6
2013-12-02T17:10:50Z,Simple et efficace ;) ,7
2013-12-02T00:07:21Z,Bien joué Saber !,13
2013-11-26T17:49:12Z,"vem ne mim tri libertadores ,ZEROOOOOOOOOOOOOOOOOOO",0
2014-03-06T18:32:10Z,As maria pira,1
2014-01-14T23:06:07Z,"KKKK ESSE E GALO DOIDO . JOGA MUITO LUAN , DALHE GALO!!!!!!!!",1
2013-12-31T00:36:48Z,Seuu gatão tiiii amuu mto mto mto msm gatiiinho liiindo buuniito corre pra caramba e joga kii nem o messi e tbm vc tbm e mto mto mto feeera,0
2013-12-16T04:24:07Z,Muito bom,0
2013-11-24T01:10:35Z,"Põ sacanagem. Apareceu no anúncio, o vídeo do torcedor fanático das Marias.",0
2013-09-18T00:14:28Z,luan doidao !,1
2013-08-16T14:30:39Z,0:45 luan e foda kkkkkkkkkk,0
2013-08-14T00:47:57Z,Funk do Galo Doido,1
2013-08-14T00:37:10Z,"qual o nome da musica?
",0
2014-05-23T18:25:18Z,#EntrevistaOstolaza I Su experiencia como jugador a la hora de dirigir: 5. Entrevista a Santiago Ostolaza: Su experiencia como jugador. Nota completa en: http://www.auf.org.uy/Portal/NEWS/3859/,0
2014-05-21T18:25:16Z,#EntrevistaOstolaza I Su experiencia como jugador a la hora de dirigir: 5. Entrevista a Santiago Ostolaza: Su experiencia como jugador. Nota completa en: http://www.auf.org.uy/Portal/NEWS/3859/,0
2014-05-20T18:25:20Z,#EntrevistaOstolaza I Su experiencia como jugador a la hora de dirigir: 5. Entrevista a Santiago Ostolaza: Su experiencia como jugador. Nota completa en: http://www.auf.org.uy/Portal/NEWS/3859/,1
2014-05-17T18:15:19Z,#EntrevistaOstolaza I Su experiencia como jugador a la hora de dirigir: 5. Entrevista a Santiago Ostolaza: Su experiencia como jugador. Nota completa en: http://www.auf.org.uy/Portal/NEWS/3859/,2
2014-01-06T15:39:25Z,"CIDADÃO REPORTA: Eusébio despedindo-se da sua casa, o estádio da Luz em Lisboa.

http://youtu.be/qTAdajwgJms",1
2014-04-28T11:55:20Z,Allez le TFC,0
2014-05-25T21:41:08Z,Futebol > CD Estarreja 2 x 2 SC Espinho [resumo],3
2013-09-28T21:15:25Z,no mamen que no tienen hd ,0
