publish_date,title,view_count
2014-04-15T10:00:02Z,Dijon FCO - FC Metz (2-2) - 14/04/14 - (DFCO-FCM) - Résumé,7082
2014-02-15T23:00:02Z,Dijon FCO - CA Bastia (3-0) - 14/02/14 - (DFCO-CAB) - Résumé,3241
2014-01-11T23:00:01Z,Dijon FCO - FC Istres (4-1) - 10/01/14 - (DFCO-FCIOP) -Résumé,3708
2014-02-01T23:00:01Z,Dijon FCO - Stade Brestois 29 (3-0) - 31/01/14 - (DFCO-SB29) -Résumé,3001
2013-09-14T22:00:04Z,CA Bastia - Dijon FCO (0-0) - Le résumé (CAB - DFCO) - 2013/2014,2192
2014-01-18T23:00:04Z,RC Lens - Dijon FCO (2-2) - 18/01/14 - (RCL-DFCO) -Résumé,15559
2014-02-22T23:00:00Z,Tours FC - Dijon FCO (1-0) - 21/02/14 - (TOURS-DFCO) - Résumé,2745
2014-05-07T22:00:01Z,Dijon FCO - Châteauroux (2-1) - 06/05/14 - (DFCO-LBC) - Résumé,2552
2013-08-31T22:00:10Z,Dijon FCO - Stade Lavallois (1-0) - Le résumé (DFCO - LAVAL) - 2013/2014,3755
2014-03-08T23:16:39Z,AJ Auxerre - Dijon FCO (2-2) - 07/03/14 - (AJA-DFCO) - Résumé,5848
2014-04-05T22:00:01Z,Chamois Niortais - Dijon FCO (2-0) - 04/04/14 - (NIORT-DFCO) - Résumé,3263
2013-08-17T22:00:11Z,Dijon FCO - Angers SCO (1-3) - Le résumé (DFCO - SCO) - 2013/2014,8945
2014-03-29T23:00:01Z,Dijon FCO - AC Arles Avignon (1-1) - 28/03/14 - (DFCO-ACA) - Résumé,1929
2013-08-30T21:34:45Z,CP après match DFC0 Laval,33
2014-05-17T22:00:00Z,Dijon FCO - SM Caen (2-2) - Résumé - 16/05/14 - (DFCO-SMC),6145
2014-04-26T22:00:02Z,Dijon FCO - Nîmes Olympique (5-1) - 25/04/14 - (DFCO-NIMES) - Résumé,11293
2014-03-01T23:00:00Z,Dijon FCO - US Créteil (2-2) - 28/02/14 - (DFCO-USCL) - Résumé,2539
2014-04-19T22:00:01Z,AS Nancy-Lorraine - Dijon FCO (2-1) - 18/04/14 - (ASNL-DFCO) - Résumé,4865
2014-02-08T23:00:01Z,Stade Lavallois - Dijon FCO (0-0) - 07/02/14 - (LAVAL-DFCO) -Résumé,1344
2014-03-15T23:00:00Z,Dijon FCO - Havre AC (1-2) - 14/03/14 - (DFCO-HAC) - Résumé,4275
2014-04-14T22:04:07Z,Conférence de presse Dijon FCO - FC Metz (2-2) - 2013/2014,516
2014-02-15T18:45:02Z,Conférence de presse Dijon FCO - CA Bastia (3-0) - 2013/2014,139
2014-01-11T17:59:08Z,Conférence de presse Dijon FCO - FC Istres (4-1) - 2013/2014,118
2014-02-01T20:27:05Z,Conférence de presse Dijon FCO - Stade Brestois 29 (3-0) - 2013/2014,167
2014-01-18T19:26:41Z,Conférence de presse RC Lens - Dijon FCO (2-2) - 2013/2014,483
2014-04-26T17:03:09Z,Conférence de presse Dijon FCO - Nîmes Olympique (5-1) - 2013/2014,189
2014-03-12T14:33:26Z,AJA-DFCO 13/14,678
2013-08-29T22:47:31Z,13° Gol de Alexandre Pato pelo Corinthians - Corinthians 2 x 0 Luverdense - Copa do BR - 28/08/2013,2387
2014-04-24T18:47:30Z,Chile 1962,3250
2014-02-20T04:33:05Z,Entrevista Tabarez (parte 1) Simplemente Fútbol,43653
2013-09-01T23:47:54Z,Goal Kévin BERIGAUD (34&#39;) - Evian TG FC - Olympique Lyonnais (2-1) - 2013/2014,143
2013-11-04T18:59:01Z,Sport Recife aquecimento de goleiro com Marcio Tavares,864
2013-08-13T02:10:31Z,NAGAI,95
2013-12-01T23:00:01Z,But Saber KHALIFA 90&#39; +3 - Olympique de Marseille - Montpellier Hérault SC 2-0 - 29/11/13 OM - MHSC,46271
2013-11-21T16:40:52Z,Gilvan garante Cruzeiro ainda mais forte em 2014,2393
2013-08-13T22:45:58Z,Comemorações Malucas dos Gols do Luan Galo Doido,29077
2014-05-17T17:33:20Z,5. Entrevista a Santiago Ostolaza: Su experiencia como jugador,223
2013-09-15T22:00:09Z,But Mustapha YATABARE (88&#39; pen) - EA Guingamp - SC Bastia (1-1 - 2013/2014,758
2013-08-03T20:33:22Z,Campeonato Brasileiro Sério C - Luverdense 1 x 0 Fortaleza - 2013,964
2014-01-06T15:11:39Z,Urna de Eusebio volta olimpica estadio da Luz,2133
2014-02-27T16:51:32Z,Matheus 95 Volante e Zagueiro,702
2014-05-04T01:29:54Z,GOL DE JOELINTON SPORT X ATLÉTICO PE SUB 20,2749
2014-07-02T23:20:10Z,Entrenamiento Pretemporada 2014 día 22 TSM,233
2013-09-28T19:36:28Z,Golaço de Flavio Gabriel,530
2014-05-29T21:36:19Z,LEO GOLEIRO ATLÉTICO SUB-20....ESSE EU ACREDITO.,64
2014-04-27T22:00:02Z,But Oscar TREJO (5&#39;) - Montpellier Hérault SC-Toulouse FC (2-1) - 26/04/14 - (MHSC-TFC),470
2013-11-26T22:13:00Z,DAVISON CORREIA ZAGUEIRO 94,531
2013-08-04T19:32:33Z,E NOIS FUTEBOL CLUBE JAPONES,48
2014-05-25T20:02:56Z,CD Estarreja 2 x 2 SC Espinho [CNS 1314 2F SD J14],2017
2013-09-28T03:51:53Z,Gol Santos: Oribe Peralta,20154
