publish_date,title,view_count
2014-02-01T23:00:02Z,Châteauroux - AJ Auxerre (2-0) - 31/01/14 - (LBC-AJA) -Résumé,3245
2014-05-10T22:00:02Z,Châteauroux - US Créteil (0-2) - Résumé - 09/05/14 - (LBC-USCL),2421
2014-04-05T22:00:06Z,Clermont Foot - Châteauroux (1-1) - 04/04/14 - (CF63-LBC) - Résumé,2052
2014-02-15T23:00:01Z,Châteauroux - ESTAC Troyes (2-1) - 14/02/14 - (LBC-ESTAC) - Résumé,3250
2014-02-08T23:00:00Z,CA Bastia - Châteauroux (1-4) - 07/02/14 - (CAB-LBC) -Résumé,4148
2014-03-22T23:00:00Z,SM Caen - Châteauroux (1-1) - 21/03/14 - (SMC-LBC) - Résumé,21334
2014-03-29T23:00:01Z,Châteauroux - Nîmes Olympique (2-0) - 28/03/14 - (LBC-NIMES) - Résumé,2941
2014-04-12T22:00:01Z,Châteauroux - AS Nancy-Lorraine (0-3) - 11/04/14 - (LBC-ASNL) - Résumé,4872
2014-03-15T23:00:00Z,Châteauroux - FC Metz (0-1) - 14/03/14 - (LBC-FCM) - Résumé,3863
2014-03-08T23:15:09Z,Chamois Niortais - Châteauroux (4-0) - 07/03/14 - (NIORT-LBC) - Résumé,4625
2014-03-01T23:00:01Z,Châteauroux - AC Arles Avignon (2-0) - 28/02/14 - (LBC-ACA) - Résumé,2377
2014-02-22T23:00:01Z,Havre AC - Châteauroux (0-0) - 21/02/14 - (HAC-LBC) - Résumé,1396
2014-02-08T17:41:56Z,Conférence de presse CA Bastia - Châteauroux (1-4) - 2013/2014,278
2014-02-01T20:34:20Z,Conférence de presse Châteauroux - AJ Auxerre (2-0) - 2013/2014,277
2014-03-22T19:05:51Z,Conférence de presse SM Caen - Châteauroux (1-1) - 2013/2014,3160
2013-08-19T12:58:55Z,Viitorul - Gaz Metan 0-0,42
2014-05-14T14:44:32Z,Cristian Dulca despre meciul cu CFR Cluj - NovaTv Mediaş,48
2013-11-08T17:02:38Z,Sergiu Muth despre Gaz Metan vs Concordia Chiajna - NovaTv Mediaş,263
