publish_date,title,view_count
2014-04-13T22:00:02Z,But Morgan SANSON (79&#39;) - Montpellier Hérault SC-Olympique de Marseille (2-3) - 11/04/14 - (MHSC-OM),1832
2014-01-21T12:03:56Z,Morgan Sanson - 2013/2014 part.1,27542
2014-04-04T19:49:58Z,Morgan Sanson - 2013/2014 part.2,5100
2014-04-13T22:00:02Z,Goal Dimitri PAYET (89&#39;) - Montpellier Hérault SC-Olympique de Marseille (2-3) - 11/04/14 - MHSC-OM,321
2014-04-13T22:00:02Z,Montpellier Hérault SC - Olympique de Marseille (2-3) - 11/04/14 - (MHSC-OM) - Highlights,2441
2014-04-13T22:00:03Z,But Rémy CABELLA (48&#39;) - Montpellier Hérault SC-Olympique de Marseille (2-3) - 11/04/14 - (MHSC-OM),1608
2014-04-13T22:00:02Z,Goal Morgan SANSON (79&#39;) - Montpellier Hérault SC-Olympique de Marseille (2-3) - 11/04/14 - MHSC-OM,220
2014-04-13T22:00:02Z,Goal A.P. GIGNAC (58&#39;) - Montpellier Hérault SC-Olympique de Marseille (2-3) - 11/04/14 - (MHSC-OM),254
2014-04-13T22:00:03Z,But Mathieu VALBUENA 42&#39; - Montpellier Hérault SC-Olympique de Marseille (2-3) - 11/04/14 - MHSC-OM,5265
2014-04-13T22:00:03Z,But Dimitri PAYET (89&#39;) - Montpellier Hérault SC-Olympique de Marseille (2-3) - 11/04/14 - (MHSC-OM),2431
2013-12-01T23:00:02Z,Olympique de Marseille - Montpellier Hérault SC (2-0) - 29/11/13 -  (OM - MHSC) - Highlights,6520
2014-04-13T22:00:01Z,Goal Rémy CABELLA (48&#39;) - Montpellier Hérault SC-Olympique de Marseille (2-3) - 11/04/14 - (MHSC-OM),192
2014-04-20T22:00:02Z,FC Lorient - Montpellier Hérault SC (4-4) - 20/04/14 - (FCL-MHSC) - Highlights,26399
2014-04-13T22:00:02Z,But A-P. GIGNAC (58&#39;) - Montpellier Hérault SC-Olympique de Marseille (2-3) - 11/04/14 - (MHSC-OM),1242
2014-04-13T22:00:02Z,Goal Mathieu VALBUENA 42&#39; - Montpellier Hérault SC-Olympique de Marseille (2-3) - 11/04/14 - MHSC-OM,498
2014-03-17T00:15:21Z,Montpellier Hérault SC - Girondins de Bordeaux (1-1) - 16/03/14 - (MHSC-FCGB) - Highlights,1580
2014-05-18T05:20:32Z,Paris Saint-Germain - Montpellier Hérault SC (4-0) - Highlights - 17/05/14 - (PSG-MHSC),93678
2014-03-30T22:00:01Z,Montpellier Hérault SC - Valenciennes FC (0-0) - 29/03/14 - (MHSC-VAFC) - Highlights,1159
2014-04-13T21:59:00Z,Montpellier - OM in Slow Motion (2-3) Ligue 1 - 2013/2014,1826
2014-04-13T23:09:35Z,Ligue 1 - Week 33 Highlights - 2013/2014,4743
2014-02-23T23:00:02Z,Montpellier Hérault SC - AC Ajaccio (2-0) - 22/02/14 - (MHSC-ACA) - Highlights,2879
2013-12-08T23:00:02Z,Toulouse FC - Montpellier Hérault SC (1-1) - 08/12/13 -  (TFC - MHSC) - Highlights,1475
2014-04-06T22:00:01Z,EA Guingamp - Montpellier Hérault SC (1-2) - 05/04/14 - (EAG-MHSC) - Highlights,713
2014-02-16T23:00:02Z,Stade Rennais FC - Montpellier Hérault SC (2-2) - 15/02/14 - (SRFC-MHSC) - Highlights,1691
2014-04-13T22:00:02Z,Le match Montpellier - OM à la loupe (2-3) - Ligue 1 - 2013/2014,1312
2013-12-05T23:00:02Z,Montpellier Hérault SC - FC Lorient (0-2) - 04/12/13 -  (MHSC - FCL) - Highlights,2040
2014-04-13T23:42:16Z,OL - PSG (1-0) in Slow Motion - Ligue 1 - 2013/2014,4433
2014-04-13T22:00:03Z,Montpellier Hérault SC - Olympique de Marseille (2-3) - 11/04/14 - (MHSC-OM) - Résumé,60913
2014-01-12T23:00:01Z,Montpellier Hérault SC - AS Monaco FC (1-1) - 10/01/14 - (MHSC-ASM) -Highlights,4410
2013-11-03T23:00:02Z,Montpellier Hérault SC - FC Nantes (1-1) - Highlights (MHSC - FCN) - 2013/2014,1111
2013-12-15T23:00:01Z,Montpellier Hérault SC - AS Saint-Etienne (0-1) - 13/12/13 -  (MHSC - ASSE) - Highlights,1151
2014-04-13T22:00:02Z,Ligue 1 - Week 33 : Goals compilation - 2013/2014,399
2014-04-13T23:39:00Z,Le match OL - PSG à la loupe (1-0) - Ligue 1 - 2013/2014,30966
2014-02-09T23:00:02Z,Montpellier Hérault SC - Evian TG FC (1-1) - 08/02/14 - (MHSC-ETG) -Highlights,1148
2013-09-27T00:20:03Z,Montpellier Hérault SC - Stade Rennais FC (0-0) - Highlights (MHSC - SRFC) - 2013/2014,1538
2013-10-07T00:07:07Z,Montpellier Hérault SC - Olympique Lyonnais (5-1) - Highlights (MHSC - OL) - 2013/2014,10160
2014-04-13T23:15:38Z,Week 33 : Bloopers - Ligue 1 - 2013/2014,2037
2014-04-13T22:00:02Z,Ligue 1 - Tous les buts de la 33ème journée - 2013/2014,3952
2013-09-15T22:33:21Z,Montpellier Hérault SC - Stade de Reims (0-0) - Highlights (MHSC - SdR) - 2013/2014,2647
2014-01-26T23:00:01Z,Montpellier Hérault SC - OGC Nice (3-1) - 25/01/14 - (MHSC-OGCN) -Highlights,2604
2013-12-22T23:00:01Z,SC Bastia - Montpellier Hérault SC (0-0) - 21/12/13 -  (SCB - MHSC) - Highlights,585
2013-11-11T00:06:52Z,Valenciennes FC - Montpellier Hérault SC (1-1) - Highlights (VAFC - MHSC) - 2013/2014,1410
2014-04-27T22:00:02Z,Montpellier Hérault SC - Toulouse FC (2-1) - 26/04/14 - (MHSC-TFC) -Highlights,872
2013-10-27T23:00:01Z,Girondins de Bordeaux - Montpellier Hérault SC (2-0) - Highlights (FCGB - MHSC) - 2013/2014,5573
2014-03-16T23:00:01Z,Montpellier Hérault SC - Girondins de Bordeaux (1-1) - 16/03/14 - (MHSC-FCGB) - Résumé,5697
2013-11-24T23:00:01Z,Montpellier Hérault SC - EA Guingamp (1-1) - Highlights (MHSC - EAG) - 2013/2014,1049
2013-12-22T23:00:02Z,SC Bastia - Montpellier Hérault SC (0-0) - 21/12/13 - (SCB - MHSC) - Résumé,4053
2013-09-29T22:21:04Z,AC Ajaccio - Montpellier Hérault SC (1-1) - Highlights (ACA - MHSC) - 2013/2014,86700
2014-03-09T23:47:38Z,LOSC Lille - Montpellier Hérault SC (2-0) - 09/03/14 - (LOSC-MHSC) - Highlights,3260
2014-04-13T23:24:16Z,Anthony Lopes&#39; BRILLIANT game - OL - PSG (1-0) - Ligue 1 - 2013/2014,10567
