published-time,comment,likes
2014-02-02T01:22:51Z,,0
2013-09-05T16:40:59Z,c'est vrai moi je attendu que tout le monde se leve pour savoir qu i avait but!,0
2013-09-02T07:07:06Z,SCO!<3!,0
2013-09-01T20:03:21Z,Nan gro,0
2013-09-01T19:19:25Z,À tous les brestois chercher pa c Angers les meilleur,1
2013-09-01T11:29:55Z,moinbe est une merde ou il le fait expres,0
2013-09-01T07:49:38Z,Le but de brest limite limite.,0
2013-08-31T23:57:35Z,Une bonne rentrée de Socrier! Et une fin de match magique :P.,1
2013-08-31T23:26:22Z,"A priori ce n'est pas Socrier qui marque, mais Traoré contre son camp, d'après les aveux du joueur angevin. Quoi qu'il en soit, l'espace laissé à Gamboa par Coulibaly pour centrer est inadmissible et Thébaux est bien apathique.",0
2013-08-31T22:07:52Z,ALLLEEEZ LE SCO. De la tribune coibertin on voyait pas les buts.,0
2014-07-17T09:46:35Z,Le hold up parfait. Allez Brest!!!,0
2013-08-25T16:45:58Z,D'accord avec toi young Man. On joue mieux que l'année dernière et on ne fais quasiment que perdre alors qu'avant on gagnait .,0
2013-08-25T12:22:45Z,Marié* pas Mary--',0
2013-08-25T08:31:52Z,super match de thebaux,0
2014-03-26T23:51:30Z,"Ligue 1 nous voilà !
Ici c'est Metz !",1
2014-03-25T23:14:13Z,parce que notre montée se passe de commentaire ...,1
2014-03-25T19:00:38Z,pourquoi y a pas de commentaires ?,1
2014-03-25T12:40:53Z,beau but,3
2014-03-25T11:38:43Z,"#Ligue2 - 29e journée - Revivez les meilleurs moments de FC Metz - Stade Brestois 29 (1-0) en vidéo grâce à notre chaîne officielle Youtube ! Supporters, on attend vos commentaires !",9
2014-03-23T09:39:24Z,Ji suis allez,1
2014-03-22T22:30:33Z,"C'est une honte ce ""résumé""...",0
2014-03-22T09:01:30Z,"Dommage pour le SCO, les autres commencent à bien remonter derrière !",1
2014-03-21T08:15:16Z,Bravo Brest ! Résumé à chier ! Pourri ! ,2
2014-03-20T22:59:28Z,C'est bon pour la montée de nancy ça !,1
2014-03-20T17:03:55Z,"ICI C'EST BREST, angers cherche la baston et ensuite ils se prennent un magnifique but de notre maitre artificier, angers l'a dans le cul,brest remonte, une bonne operation!",3
2014-03-20T16:49:16Z,"C'est lamentable de proposer un résumé comme ça !
Le match n'était peut-être exceptionnel mais là, la ligue se moque vraiment du monde... et on s'étonne qu'il y ai de moins en moins de public dans les stades ! C'est avec des résumés de ce genre qu'on va l'attirer le public !",2
2014-03-20T15:32:24Z,Angers a perdu c'est bon pour Moulins ça !,1
2014-03-20T15:09:17Z,Un max de pouces rouge pour ce résumé complètement bidon !,2
2014-03-20T15:08:43Z,"Putain mais quel résumé de merde !!! Des plans de caméra complètement bidon, des ""replay"" sur des moments qu'on en a rien a foutre , des actions non-filmées.........",1
2014-03-20T13:53:17Z,C'est quoi ce résumé de merde ...,6
2014-03-20T12:18:27Z,Faut-il vous apprendre à faire un vrai montage ?,1
2014-03-20T12:15:12Z,MAGNIFIQUE COUP FRANT !!!!!!!!!!!!!!!!!!!!!!!!!!!!!!!!!!!!!!!!,1
2014-03-20T12:10:07Z,ICI C EST BREST,3
2014-03-20T11:27:12Z,#Ligue2 - Revivez les meilleurs moments de Stade Brestois 29 - Angers SCO (1-0) en vidéo.,2
2014-03-20T10:30:28Z,resumé tout buggé,1
2014-03-20T10:23:29Z,yes je suis le premier vue,0
2013-09-17T16:30:23Z,bon à rien,0
2013-09-17T13:13:53Z,"Faut cadrer Verdier, faut cadrer ! ",0
2013-09-17T10:05:16Z,"Retrouvez le résumé d'AJ Auxerre - Stade Brestois, le dernier match de la 6e journée de Ligue 2.",1
2013-09-28T16:49:00Z,J'admire ton fair-play=),0
2014-01-17T21:09:27Z,brest aurrait pus win facile ! ALLEZ LE SCO !!!,0
2014-01-14T21:41:22Z,LENS FANS !! <3,1
2014-01-14T18:27:17Z,Je pense que dijon lens va etre serre,0
2014-01-14T17:28:38Z,ouais.... c'est encore tiré par les cheveux tout ça... merci à Touzghar et à Aréola... contre DIJON il faudra nous montrer autre chose et ne pas miser que sur la chance pour rester sur le podium.,0
2014-01-14T17:00:07Z,"Ouhlala Lens a eu très très chaud! Heureusement que Brest n'arrive pas à marquer, ils ont plusieurs occasions d'égaliser ou de gagner ce match ^^'",1
2014-01-14T16:22:01Z,Ya un problème de finition a brest apparement...,0
2014-01-14T11:26:01Z,#Ligue2 - Revivez les meilleurs moments de Stade Brestois 29 - RC Lens (0-1) en vidéo !,3
2013-10-07T18:50:08Z,Ji etait au match nous les tourangeaux on c'est fait peur.mais c domage dans le resumer il mete pas le super centre retourner et retourner encore mais sur le gardien.gros frison cetait magnifique,0
2013-10-06T20:14:25Z,Ferme tag élu tours il sont fort,0
2013-10-06T08:08:12Z,Tours à eu beaucoup de chance !!,0
2013-10-06T02:04:52Z,Allez Tours Fc,0
2014-03-16T19:00:37Z,Des vrais merdes à l'extérieur on ne mérite pas de monter...,2
2014-03-16T10:04:44Z,ICI C'EST BREST!,4
2014-03-16T00:34:31Z,Ici c'est Brest ! (,1
2014-03-16T00:10:42Z,Dommage le TFC,1
2013-10-24T10:52:00Z,Aller Metz !!!,0
2013-10-23T12:44:49Z,"Putain 3-0 chez un ancien de L1, que c'est bon",0
2013-10-23T10:41:13Z,Ce n'est pas un défenseur.,0
2013-10-22T13:20:50Z,La ligue 2 est Grenat Allez Metz ,0
2013-10-22T12:41:02Z,"Thébaux, depuis 1 an et demi, il respire pas vmt la sérénité...",0
2013-10-22T12:30:09Z,"3-0 contre Nancy 3-0 contre Brest, deux relégués de Ligue 1. Espérons la même chose contre Troyes !",0
2013-10-22T11:24:16Z,thébault mérite de jouer en Ligue 1. Je comprend pas comment il a pas trouvé une équipe en L1 cet été,0
2013-10-22T11:13:54Z,brest=nul metz=fort,0
2013-10-22T10:21:53Z, #Ligue2   - Retrouvez le résumé du match de clôture de la 11ème journée qui opposait le Stade Brestois au FC Metz (0-3).,2
2013-10-22T10:16:13Z,Gros rageux le défenseur a la fin !,0
2013-09-22T10:05:40Z,Aller Brest,0
2013-10-04T17:16:48Z,allez Créteil !,0
2013-10-01T12:24:20Z,D'acord avec toi par contre ils le font pas en L1,0
2013-09-29T14:36:01Z,"Mais qui a laissé filmer le stagiaire ?? La caméra est resté bloquée sur le zoom avant ?
",0
2013-09-29T08:30:14Z,Appliquez vous quand vous faites vos video,0
2013-09-29T06:30:51Z,le montage est nul,0
2013-09-28T22:17:09Z,"Le montage est catastrophique, faites un effort.",0
2014-01-20T11:56:19Z,Allez istres <3 ,3
2014-01-19T19:06:56Z,0:55 Zapping du Manqué de l'année !,3
2014-01-04T18:14:40Z,Beau match !,0
2014-05-24T06:49:29Z,"Notre chaîne commence ds 2 semaines 
",0
2014-05-13T18:02:45Z,Aller tours fc,1
2014-05-12T13:15:44Z,#Ligue2 - Revivez les meilleurs moments de RC Lens - Stade Brestois 29 (0-1) en vidéo.,6
2014-05-11T23:48:17Z,Allez Brest !,7
2014-05-11T20:22:25Z,"Penalty non valable et envahissement de guignol, fête gâche!",0
2014-05-11T13:34:31Z,Ahah top bon mdrr j'aime sa,1
2014-05-11T12:59:51Z,C'est dommage tout ces gens qui seront déçus de ne pas monter :/ !,2
2014-05-11T08:57:49Z,2.21 peno,0
2014-05-11T08:53:32Z,c'etait des footix et des parisiens,0
2014-07-16T15:42:37Z,Très beaux ciseaux acrobatique.,0
2014-06-20T17:27:15Z,J'espere que vous allez faire des resumé de chaque journée comme la ligue 1 la saison prochaine Ligue 2 (Officiel),0
2014-06-20T17:22:37Z,merci pour la video (il etait temps^^),0
2014-06-20T17:10:26Z,4 mois plus tard mdrr,1
2014-06-19T22:43:05Z,Ligue 2 mettez les 24buts de Delort aussi svp,0
2014-06-18T15:21:58Z,n’empêche le but est magnifique ! :) ,0
2014-06-18T15:09:43Z,WTF c'est la coupe du monde à Brest ?,0
2014-06-18T14:58:29Z,Pourquoi ? :O,0
2014-06-18T13:50:46Z,Oui WTF on est d'accord!,0
2014-06-18T13:44:37Z,Euh wtf!?,4
2014-04-13T21:59:39Z,Brest handicapé par les absences de Mendy et Martial ? Ce serait bien que le commentateur sache un minimum de quoi il parle.,0
2014-03-19T11:21:35Z,On peur remonter en l1,0
2014-02-20T18:30:28Z,allez brest mous sommes tous avec vous,0
2014-02-16T13:57:06Z,Allez Brest,0
2014-02-16T11:01:14Z,BIEN JOUER BREST !! ON CONTINUE COMME CA JUSQU'AU MAINTIEN !!,0
2014-02-16T10:58:34Z,allez brest,0
2014-04-21T06:59:05Z,"Ok le ballon est contré sur le premier but brestois mais je ne vois pas de fautes sur le penalty.En tout cas Brest impose sont territoire partout ou il va ne ce moment, il faudra faire un bon match contre clermont.
",0
2014-04-20T10:13:47Z,"Le premier but de Brest est donnée par l'arbitre.
Allez Chamois",0
2014-04-19T22:19:33Z,Ici c'est Brest !!! <3,6
2014-05-23T10:23:12Z,Le 1er but encaissé par Châteauroux est un mauvais gag :(,0
2014-04-30T15:06:08Z,"J'espère franchement que Brest ne va pas monter en Ligue 1, ce n'est pas que j'ai quelque chose contre Brest, mais il y a  déjà beaucoup trop de club Breton dans l'élite ( 4) et si Brest monte, ça fais 5. Résultat, y a tellement de derby que ça en devient lassant...",0
2014-04-26T22:18:12Z,Brest ======> L1 !!! <3 Allez la Bretagne ! :D,8
2014-02-02T08:59:13Z,"Brest de plus en plus dans la merde... Va falloir qu'ils fassent une phase retour comme Monaco ya deux ans, mais sans le fric...",0
2014-02-02T00:03:46Z,Allez Dijon on croit encore a la ligue 1 ! On ne lachera rien !! #ForzaDijon ,3
2014-01-27T20:26:22Z,Allez Nancy vous êtes les meilleurs!!,0
2014-01-26T05:53:01Z,Bien jouer a l'ASNL heureusement vous avez pas perdu aller ont compte tous sur vous pour que vous montiez dans le podium et essayer d'aller a la 1ère place et après vous montez en LIGUE 1 aller bonne chance !,0
2014-01-26T00:18:03Z,C'est un terrain de Ligue 2 ça ? .. ,0
2014-05-04T15:57:47Z,on méritait 100 fois la victoire c'est rageant j'espère que c'est pas les 2 points qui manqueront pour se maintenir,0
2014-05-04T11:18:43Z,Brest ne montera pas --',0
2014-07-20T17:17:36Z,#pasdematchle5mai,0
2014-05-07T20:49:17Z,Bien joue a cean !!!! (Un supporter de nancy),0
2014-05-07T20:18:17Z,Caen Caen En Ligue 1,4
2014-05-07T20:01:54Z,C'est la ligue 1 pour malherbe  #fierdetrecaennais  ,4
2014-04-15T03:35:06Z,"Fantastic goals, both of them.  Way to go United! ",0
2013-09-01T20:41:38Z,Vive le SB !,0
2014-04-01T15:49:54Z,"Watching through his San Jose highlights, it's pretty cool that he was assisting Donavan in his goals, and Donavan is still playing for the MNT.  Crazy!",0
2014-04-01T15:41:03Z,Nice!! Check out this guy's work - 2:12 in this video  /watch?v=0ko9qi3LmHw !,0
2014-04-01T15:31:19Z,i totally fell for this for about 15 seconds. well done!,1
2014-04-01T15:27:57Z,"LOL... best line was ""Libero""",0
