published-time,comment,likes
2014-07-28T16:15:20Z,"A forduló gólja az biztosan, de talán még a szezon találata is lehet, de akkor ezt lepipálni nem lesz könnyű.  Minőségi gól.﻿",0
2014-07-27T09:13:58Z,"Honnan jött ez a srác? Így azért nem veszi át a labdát magyar pályán bármelyik jöttment...
 Meg utána az a futósebesség , ahogy a kaput támadja , és kizárja a védőt a játékból . Mindezt villámgyorsan . Ilyet csak magasan képzett játékos tud húzni .  Szép volt !",5
2014-07-27T07:55:14Z,Hogy veszi át bazdmeg??,8
2013-09-17T23:55:32Z,Great support in the background.. ,0
2013-09-17T16:14:47Z,"I think you'll find it's something that you're fans are missing, passion for your club.",0
2013-09-17T14:50:24Z,i love it how Lincolns fans are going crazy even though now their 8th #coybs ,0
