publish_date,title,view_count
2014-05-24T10:43:20Z,Manuel Da Costa  vs Moçambique,1818
2013-12-08T21:11:57Z,Talented Moroccan knows Neymar football skills,470
2013-12-11T17:09:26Z,Soufiane in Casablanca | Moroccan Freestyle Football Champion 2014,12486
2014-01-30T01:38:41Z,Dutchman Moroccan cristiano ronaldo skills 19 year,64
2013-08-03T22:00:12Z,FC Istres - Angers SCO (2-4) - Le résumé (FCIOP - SCO) - 2013/2014,16536
2013-08-24T22:00:11Z,CA Bastia - Angers SCO (1-1) - Le résumé (CAB - SCO) - 2013/2014,6498
2014-01-11T15:00:03Z,Hakim.Z contre Lierse,990
2014-04-22T11:00:57Z,OHH !!! Amasing Skills of Adil Taarabt,70
2013-10-05T22:00:01Z,US Créteil - Angers SCO (0-0) - Le résumé (USCL - SCO) - 2013/2014,3673
2013-12-21T23:00:01Z,Nîmes Olympique - Angers SCO (0-2) - 20/12/13 - (NIMES - SCO) - Résumé,6549
2013-08-17T22:00:11Z,Dijon FCO - Angers SCO (1-3) - Le résumé (DFCO - SCO) - 2013/2014,8945
2013-12-29T23:18:03Z,Best Dribble In Football History ( Moroccan Player ),880
2014-04-29T10:00:01Z,Angers SCO - SM Caen (1-2) - 28/04/14 - (SCO-SMC) - Résumé,17344
2013-08-02T09:02:42Z,Des supporters confiants,577
2013-08-10T22:00:11Z,Angers SCO - Châteauroux (1-0) - Le résumé (SCO - LBC) - 2013/2014,6290
2014-03-20T10:20:38Z,Stade Brestois 29 - Angers SCO (1-0) - 18/03/14 - (SB29-SCO) - Résumé,4213
2014-05-17T22:00:01Z,Angers SCO - FC Istres (1-0) - Résumé - 16/05/14 - (SCO-FCIOP),3974
2013-10-21T08:31:35Z,But | Football | Le Five Lunel | Mehdi30600,25
2013-09-25T22:00:16Z,ESTAC Troyes - Angers SCO (3-3) - Le résumé (ESTAC - SCO) - 2013/2014,12191
2014-03-26T23:19:13Z,Adel Taarabt,5000
2014-03-29T23:00:01Z,Angers SCO - FC Metz (2-2) - 29/03/14 - (SCO-FCM) - Résumé,15798
2013-09-21T22:00:09Z,Angers SCO - AJ Auxerre (2-0) - Le résumé (SCO - AJA) - 2013/2014,12075
2014-05-17T09:04:43Z,#GoodbyeGuly,37059
2014-04-19T22:00:01Z,Clermont Foot - Angers SCO (1-1) - 18/04/14 - (CF63-SCO) - Résumé,3995
2013-11-30T23:00:01Z,SM Caen - Angers SCO (1-1) - 29/11/13 - (SMC - SCO) - Résumé,8853
2014-01-03T12:43:17Z,Belle action de issam erraki !!!!!!!!!!!!,1254
2014-03-15T23:00:00Z,Angers SCO - US Créteil (2-2) - 15/03/14 - (SCO-USCL) - Résumé,6978
2013-10-19T22:00:00Z,Angers SCO - Chamois Niortais (2-0) - Le résumé (SCO - NIORT) - 2013/2014,13044
2014-05-10T22:00:01Z,AS Nancy-Lorraine - Angers SCO (3-1) - Résumé - 09/05/14 - (ASNL-SCO),10088
2014-02-01T23:00:01Z,Angers SCO - CA Bastia (1-0) - 31/01/14 - (SCO-CAB) -Résumé,7578
2014-03-22T23:00:01Z,Chamois Niortais - Angers SCO (2-1) - 21/03/14 - (NIORT-SCO) - Résumé,8839
2013-10-29T10:21:50Z,Kjøkkelvik/Olsvik G14  `00/`99,360
2014-03-12T16:55:25Z,MVI 9718 but basa  losc montpellier 9/03/2014,475
2014-05-23T13:38:12Z,Maroc Skills Football 1 ---- 2013 - 2014 HD,31646
2013-11-08T23:50:56Z,EL ARABI,860
2013-11-01T12:01:16Z,Lambert enjoying role as Saints head to Stoke,2040
2014-05-07T22:00:01Z,Angers SCO - Nîmes Olympique (2-3) - 06/05/14 - (SCO-NIMES) - Résumé,6421
2014-02-15T23:00:02Z,Angers SCO - Stade Lavallois (1-1) - 15/02/14 - (SCO-LAVAL) - Résumé,8082
2014-06-11T19:02:26Z,Hachim Mastour ► Skills 2013/14 ◄. Parte 2,500
2013-11-02T23:33:37Z,Angers SCO - AC Arles Avignon (1-0) - Le résumé (SCO - ACA) - 2013/2014,4917
2014-02-02T20:31:22Z,Retourné acrobatique Futsal,2309
2014-07-04T12:21:56Z,#THFCTour: Jermain Defoe vs. His Old Friends,1190
2014-06-05T14:00:05Z,"DENNIS BERGKAMP  - Leicester v Arsenal, 97/98 | Retro Goal",423
2014-05-06T09:46:58Z,"LOSCASTING, le Making-Of",3161
2013-10-23T09:13:32Z,Le Zapping LOSCTV (23/10/13),4012
2013-10-06T07:12:16Z,Chaine Geneva Futsal TV,231
2014-06-01T14:57:22Z,Young Football Talent TMA Dribbling Skills,1122
2014-05-07T20:28:05Z,DIRAR nabil,178
2013-10-02T09:19:26Z,Le Zapping LOSCTV (02/10/13),3645
2014-04-02T18:50:43Z,Hassan Kachloul vs Leicester City - Premier League - matchday 36 - 1999-2000,169
