published-time,comment,likes
2014-02-16T16:52:17Z,et 1 et 2 et 3 et 3-0,2
2014-02-16T00:51:19Z,"Allez Dijon, on croit a la Ligue 1 et on se battera pour ca ! ",3
2014-05-10T12:51:05Z,Ça sent très mauvais pour Châteauroux ils ont encore perdus hier ça va aller très mal je pense... Ils vont être relégués  c'est à peu près sur....,0
2014-05-09T01:47:35Z,ces gagné yes,1
2014-03-09T22:11:41Z,"Bien joué gastien, c la première fois que je vois un doublé csc. Il faut se ressaisir si on veut monter dijon",0
2014-03-09T17:02:11Z,des barres de rire le commentateur ,2
2014-03-09T12:47:06Z,"Le premier but contre son camp est pour moi de la faute de Diallo, faut prendre des décision des fois c'est bien de vouloir relancer dans les pieds mais quand ta surface est pleine de joueurs adverses au pressing, tu balance une balle devant et tu fais sortir tous le monde, surtout qu'après Gastien n'a pas de solution et je trouve que Perraud est vraiment NUL par rapport a Lecomte qui nous fait une 'putain' de saison !",0
2014-03-09T10:23:03Z,"Faudrait revoir ses fiches, lecomte est sorti et florent perraud est rentré et c'est lui qui encaisse les deux buts ...
On s'est encore fait voler a l'exterieur, la ligue 1 s'éloigne",1
2014-03-09T09:49:19Z,La Bourgogne est Bleue et Blanche!,4
2014-03-09T00:34:10Z,Beau doublé de Gastien,1
2013-12-22T14:45:11Z,Allez Châteauroux !,0
2013-12-21T23:49:45Z,le v´la michel denisot,0
2014-03-16T00:15:07Z,Bien jouer le HAC,2
2014-05-01T06:20:57Z,DFCO !!!!,0
2014-04-28T13:53:12Z,Forza Nancy ( même si j'aime bien le jeu de Dijon),0
2014-04-28T05:54:02Z,Très belle victoire mais le dfco s'est réveillé un peux tard pour la montée,1
2014-04-27T22:14:48Z,Vive le dfco j'y était un match de dingue,5
2014-04-27T01:41:41Z,...,0
