publish_date,title,view_count
2014-02-15T23:00:02Z,Dijon FCO - CA Bastia (3-0) - 14/02/14 - (DFCO-CAB) - Résumé,3241
2014-05-07T22:00:01Z,Dijon FCO - Châteauroux (2-1) - 06/05/14 - (DFCO-LBC) - Résumé,2552
2014-03-08T23:16:39Z,AJ Auxerre - Dijon FCO (2-2) - 07/03/14 - (AJA-DFCO) - Résumé,5848
2013-12-21T23:00:01Z,Châteauroux - Dijon FCO (3-1) - 20/12/13 - (LBC - DFCO) - Résumé,5660
2014-03-15T23:00:00Z,Dijon FCO - Havre AC (1-2) - 14/03/14 - (DFCO-HAC) - Résumé,4275
2014-04-26T22:00:02Z,Dijon FCO - Nîmes Olympique (5-1) - 25/04/14 - (DFCO-NIMES) - Résumé,11293
2014-02-15T18:45:02Z,Conférence de presse Dijon FCO - CA Bastia (3-0) - 2013/2014,139
2013-12-21T22:07:52Z,Conférence de presse Châteauroux - Dijon FCO (3-1) - 2013/2014,314
2014-04-26T17:03:09Z,Conférence de presse Dijon FCO - Nîmes Olympique (5-1) - 2013/2014,189
