published-time,comment,likes
2014-03-17T06:39:48Z,C'est Yatabaré qui a marqué ...,0
2014-03-19T20:01:14Z,THIS IS PARIS !!!,0
2014-03-18T20:01:04Z,Il se sont bien défendu ,0
2014-03-18T20:00:50Z,Moi je dis comme même un GROS GG à saint Étienne ,0
2014-03-18T17:13:02Z,oui,0
2014-03-18T15:15:51Z,c'est  ZLATANESQUE,0
2014-03-18T07:45:17Z,La capitale dans le barillet !!!!!,0
2014-03-18T03:33:41Z,Oui Zlatan!,0
2014-03-17T21:22:21Z,Manque trop de dribbles et d'actions,0
2014-03-17T20:12:56Z,Beaux arrêts de Ruffier et Sirigu !!,0
2014-03-17T18:34:35Z,Ibrahimovic le meilleur ,1
2014-03-17T17:32:34Z,Quand il dit raccro il ne pense pas au faux hj je pense. Sinon sur cette vidéo y a deux tirs stéphanois qui ne sont pas dans le résumé il me semble.,0
2014-03-17T14:53:17Z,IBRAHIMOVIC!!!,1
2014-03-17T13:38:42Z,la ligue 1 c'est beaucoup trop faible pour zlatan,0
2014-03-17T11:43:45Z,ah So Fitel j'aime bien quand on rage lorsqu'on parle de Paris :),0
2014-03-17T07:47:53Z,Ça existe un but aussi raccro que le 1er ? Je crois pas...,0
2014-03-17T01:18:05Z,gg,0
2014-03-17T15:19:05Z,Zlatan Number 1. Forza PSG! from Italy ;-),4
2014-03-17T09:07:43Z,King Ibra,1
2013-12-10T09:33:11Z,#Ligue1 - Retrouvez les 19 buts inscrits lors de la 17e journée grâce à notre chaîne officielle YouTube  ! Supporters quel but retiendrez-vous ?,10
2013-12-10T07:59:05Z,NAAANTES !!!,1
2014-05-28T14:48:57Z,Cucu ,0
2014-02-08T23:51:17Z,The black Santa,0
2013-08-20T12:23:02Z,"Andre ayew .., Ghana",0
2013-08-17T17:23:35Z,Forza Om ! 6 points ;) ,0
2013-08-12T16:56:57Z,Allez paris !!!!!,0
2013-08-12T08:50:21Z,"Nico à la tête ailleurs, au sens propre.",0
2013-08-12T07:58:57Z,"lucas Mendes is a good CB, i don't why he was on the bench
Nkoulo is good but last night wasn't his night ",0
2013-08-12T06:02:43Z,Et N'koulou doit se réveiller,0
2013-08-12T06:02:30Z,Mendes doit remplacer Diawara dans l'axe,0
2013-08-12T05:04:06Z,"He said ""Lille""... ",0
2013-08-12T04:25:14Z,Marseille have a really solid attack this season. Payet is a great addition. Ayew seems to be stepping it up a notch. Only thing that Marseille need is a good def midfielder and a top class CB.,0
2013-08-12T04:02:51Z,"OM is strong this year and with Payet in the squad, straight fire! ",0
2013-08-12T04:02:35Z,payet not payer,0
2013-08-12T04:00:44Z,payer coming from Lille not Lyon @ 0.30,0
2013-08-12T01:24:49Z,Allez l'OM!,0
2013-11-13T13:42:46Z,Mdr,0
2013-12-15T16:46:56Z,Ibra Week,0
2013-12-09T07:40:27Z,"Like Silva's goal, Zlatan, and Riviere's the most.",0
2013-12-25T13:07:38Z,sinon le but d'aristigueta contre nice devrait être à la place du but tout pourri de falcao --',0
2013-10-14T15:04:01Z,*Allez,0
2013-10-14T15:03:44Z,"C'est parce que Falcao est une star que son but est dans les meilleurs de la journée ?
Aller en D1 Belge alors, les meilleurs buts sont 100 fois mieux",0
2013-10-02T18:50:39Z,"Falcao était hors-jeu, peut être mais lorsque le défenseur de Bastia l'a touché, le hors-jeu ne comptait pas .",0
2013-09-30T19:55:38Z,"moi non plus
xD",0
2013-09-29T22:05:47Z,mouais pas convaincu,0
2013-09-29T20:16:00Z,En même temps c'est un but de merde.,0
2013-09-29T18:16:53Z,"C'est fou tout ces rageux, juste parce que Paris et Monaco domine le championnat francais vs vs sentez obliger de bloquer sur son but",0
2013-09-29T17:37:11Z,"je sais, mais ils ont peut etre penser que comme les gens allez regarde la video, ils l'ont mis a la fin pour qu'on voie qu'iil y a eu un but hors-jeu",0
2013-09-29T17:11:19Z,"C'est un top but, il a rien a faire la x)",0
2013-09-29T15:29:47Z,"LE BUT DE FALCAO EST HORS JEU, c pour ca qu'il est la",0
2013-09-29T15:28:52Z,"everyone speaks french here dumbass
most of them dont understand a word u r saying",0
2013-09-29T14:16:36Z,"I easily earn over 4000 usd per month just by responding to basic online surveys at home.
This site shows every detail how EARN88.COM

One can survive every hurt and move on, except the hatred of a mother formed without reasons, that one could not elucidate.",0
2013-09-29T12:11:22Z,La saison dernière c'était déjà comme ça avec ibrahimovic...,0
2013-09-29T06:52:45Z,Il est ou celui de Mandy ???,0
2013-09-28T23:48:02Z,Comment ils le suce Falcao :O,0
2013-09-28T16:37:18Z,Les deux de guingamps *0*,0
2013-09-28T12:38:05Z,On est pas gâté au niveau des beaux buts...,0
2013-09-28T11:42:25Z,C'est dingue comment ça pompe Monaco..,0
2013-09-28T11:34:35Z,le but de falcao est moche mais c'est faicao donc il est beau voila leur resonnement,0
2013-09-28T10:55:05Z,Pff vous êtes pour Monaco la chaine ou quoi c'est pas la première fois qu'il un but pourri de Falcao et que vous le mettez dans le top but.,0
2013-09-28T10:09:01Z,kalou un bijoux ,0
2013-09-28T09:06:26Z,beau but braithwaite allez tfc !,0
2013-09-27T22:40:08Z,Et le but de Mendy il etait beau lob sur ruffier au lieu de metre falcao hors jeu.,0
2013-09-27T21:23:10Z,"Alors le but de Falcao, est non seulement moche, hors-jeu, mais bon sa m'étonne pas de cette chaîne, et le but de Braitwaite (désolé pour l'écriture), pas si exceptionnel non plus !",0
2013-09-27T20:03:55Z,"Lire,ça me parait bien ! :) Rageux va ! =) ",0
2013-09-27T19:06:07Z,2 de nos 5 buts sont dans le top !! allez guigamp !!!!!!! <3,0
2013-09-27T18:43:07Z,et en plus il est hors jeu :p,0
2013-09-27T18:21:30Z,Euu le but de Falcao est.... Moche ^^,0
2013-09-27T17:35:04Z,on est censé pleurer ou lire,0
2013-09-27T16:52:21Z,parigos * ,0
2013-09-27T16:51:50Z,"C'est l'effet ""nouvelle star"" , y a eu la même chose avec Zlatan l'année dernière,maintenant le voit plus dans le top le Zlatan... Ha bah oui il marque plus c'est pour ça (humour les parogos) :) ",0
2013-09-27T16:36:17Z,Allez Paris . Le PSG va finir sur le podium à la fin de la saison. Pour ce qui aime Lyon c'est plus la peine ils seront pas sur le podium.,0
2013-09-27T15:41:13Z,TFC!,0
2013-09-27T12:57:19Z,Falcao est un bon joueur mais son but a rien d'extra..alors que le travail d'ibra suivi par le but de cavani là il y est pas!,0
2013-09-27T11:45:42Z,"En plus il été hors jeu, et la dernière fois il a marqué de la main, 2 buts non valables déjà",0
2013-09-27T10:57:33Z,elle est où la tête de fernando ! elle est où !? ,0
2013-09-27T10:57:28Z,elle est où la tête de fernando ! elle est où !? ,0
2013-09-27T10:38:22Z,"Mais mec, ce qui est vraiment bizarre c'est que l'autre but de Falcao est plus beau que celui-ci... Alors on peut vraiment se poser la question de pourquoi avoir choisi celui-là ??",0
2013-09-27T09:47:43Z,FALCAO ???? Putain... Djorjevic (Nantes) a marqué un but comme ça et il passe pas...,0
2013-09-27T09:33:57Z,"Parfois il y à des goals qui se retrouve dans le TOP but et je ne comprends pas pourquoi ^^ (Falcao)
",0
2013-09-27T09:13:33Z,"pourquoi falcao?? 
 ",0
2013-09-27T08:59:05Z,Et celui de Imbula avec la superbe construction ?,0
2013-09-27T07:21:47Z,Le mieu cest langil,0
2013-09-27T06:19:21Z,LOL falcao,0
2013-09-27T06:15:39Z,Falcao but de merde rien a faire dans ce top,0
2013-09-27T05:52:24Z,Falcao WTF,0
2013-09-27T05:17:47Z,le but de mendy a l'om est bien plus beaux que celui de falcao,0
2013-09-27T04:47:50Z,le but de falcao une belle m****,0
2013-09-27T04:25:53Z,il a pas marqué,0
2013-09-27T03:38:27Z,"falcao mais un but pourri pourquoi il y a pas le,coup de boule d'Aristiguieta",0
2013-09-27T03:38:25Z,Le but de zlatan? #rageu parisien,0
2013-09-27T02:29:10Z,Les petits footix sont de sortie,0
2013-09-27T02:17:04Z,Et le but de Cavani bordel?,0
2013-09-27T00:43:46Z,"Falcao ses de la merde son but
",0
2013-09-27T00:06:40Z,A chaque fois que se soir falcao ou Ibra il sont toujours dans le top meme si le but est vite fait !!,0
2013-09-26T23:48:59Z,A l'arrêt quasiment,0
2013-09-26T23:24:13Z,"Parce qu'il s'appelle Falcao voilà tout, ça aurait été Aboubakar ou le Tallec qui l'aurait mit on l'aurait jamais vu là le but !
",0
2013-09-26T23:21:27Z,"Eum, Le but de Falcao pourquoi il est là? *-*
J'ai cru avoir lu ""Top but"" sur le titre de la vidéo..",0
2013-09-26T23:19:53Z,Euh pourquoi le but de Falcao?,0
2013-12-02T21:03:04Z,...,0
2013-12-02T21:02:40Z,Tous ces buts sont magnifiques sauf ceux du PSG,0
2013-12-02T19:42:10Z,alez nantes :),1
2013-12-02T02:15:23Z,"Tous ces buts sont magnifiques, en particulier ceux du PSG.",0
2013-12-20T07:48:15Z,JR10,0
2013-12-19T15:15:09Z,What happened to the other English commentator?,0
2013-12-17T15:38:25Z,JAMESSSSSSSSSSS,1
2013-12-16T17:43:48Z,James! ,1
2013-12-15T23:33:15Z,that commentator is fucking horrible,13
2013-11-03T23:30:57Z,Pas de derby sans supporter,0
2013-11-03T23:30:38Z,Aller l ol,0
2013-11-03T23:04:16Z,go lyon.,0
2013-10-11T11:32:09Z,quoi ?,0
2013-08-19T20:00:54Z,6 pts for the lads in green,0
2014-04-06T22:13:12Z,trés bien montpellier,0
2013-08-28T12:35:20Z,Bretagne Derby !!!!!!!!!!!!!!!!!...........,0
2013-12-09T08:02:50Z,Lol! The zappings are always enjoyable.,0
2013-12-09T02:07:59Z,"lol i love this channel, i have watched every zapping you have uploaded this season, keep doing this, there is no other league doing the same, congrats",3
