publish_date,title,view_count
2013-11-17T00:28:47Z,El Hadji Sine Bop pour NawetaanLive,1842
2013-08-16T10:12:59Z,Sunderland boss Paolo Di Canio wants to sign &#39;two more players&#39;,2317
2014-02-28T22:19:53Z,Elhadji Diouf sur l&#39;équipe nationale du sénégal et la fédération,11644
2013-10-25T21:05:33Z,Chelsea U21&#39;s v Sunderland U21&#39;s (A) 13/14,5301
2014-04-27T10:18:45Z,Sadio Mané *NEW* Southampton - Skills Dribbling Assists Goals |HD|,127272
2013-09-17T12:58:17Z,Il se ridiculise en voulant imiter Neymar !,333
2014-01-03T20:54:57Z,Ndoye Ousseynou,322
2014-06-24T21:22:55Z,Yero Diop !,981
2014-05-20T23:42:20Z,Norvège : Deux passes décisives de Badou Ndiaye pour la victoire de Bodo Glimt (vidéo),424
2013-08-20T19:00:54Z,Mamadou lamine sané racing de dakar,97
2013-09-03T15:06:21Z,Papiss Cisse Working Hard On Training Bike,1196
2013-12-30T21:43:52Z,La vie en pro avec Baba Ndao Seck et Adama Diouf,2363
