published-time,comment,likes
2014-02-10T12:54:15Z,"Domt worry city fans, you might win the local derby next season......against rovers in league 2!!!!!!",1
2014-01-11T13:22:39Z,Our defence is lacking,0
2013-11-03T17:02:19Z,we know that,0
2013-09-23T20:57:02Z,Parish is better than fielding,0
2013-09-23T19:23:54Z,Swindon til I die,1
2013-09-23T18:55:39Z,"What aloud of rubbish, are defense needs a reality test. ",0
2013-09-23T16:43:54Z,what was fielding doing for the 2nd goal? give parish a chnace ,0
2013-09-23T16:01:40Z,fielding is poo,0
2013-09-23T05:40:26Z,"we have to be really careful. with players like JET and Baldock scoring, we could lose them in January. and with the current state of our defence (and midfield) we could struggle to climb many places above where we are now.",0
2013-09-22T21:25:43Z,I was there brilliant game course,0
2013-09-22T19:32:29Z,P.s who knows what fielding was doing with regards to positioning !,0
2013-09-22T19:29:42Z,Number 3 caught napping at the throw in and then skinned for the equaliser. Sort the defense out,0
2013-09-22T16:39:59Z,Defence is poor not sure they understand basics of tackling or positioning atall,0
2013-09-22T16:11:45Z,25 yard screamer? One yard outside the 18 yard box makes 19....Maths not your strong point in Bristol?,0
2013-09-22T14:36:45Z,Brilliant finish from Ranger :),0
2013-09-22T14:36:42Z,All goals are avoidable. We defended awful for you're goals,0
2013-09-22T14:02:12Z,teeheehee :-),0
2013-09-22T12:39:18Z,Louis Carey Centre back now!! Has experience and will be strict and talk to help the others less experienced,0
2013-09-22T12:16:27Z,"For Swindon's second goal fielding just stood there and let the ball go straight past him. Shocking keeper, get parish in NOW!",1
2013-09-22T12:04:18Z,"Aden what's the score, aden aden what's the score",0
2013-09-22T11:13:53Z,And city hit the bar in the 93rd min,0
