published-time,comment,likes
2013-10-07T05:15:10Z,"Hai ragione ,anche io li guardavo. ..è davvero un peccato. ...",0
2013-10-07T00:18:58Z,"Ciao Liugi, è strano perché l'anno scorso riuscivo a guardare i video della Ligue 2 in Italia ... ",0
2013-10-06T17:54:54Z,"dddddddddddddddddddddddddddopés
",0
2013-10-06T07:08:21Z,C'est bien les gars !! Allez le FC Metz !!!,1
2013-10-06T06:23:40Z,"Non posso visionare i match perchè ""L'autore del caricamento non ha reos  disponibile questo video nel tuo paese"".......",0
2014-04-06T13:39:09Z,Maboulou joue encore ?? Il mérite une suspension même si son but n'est pas mal,0
2014-04-06T07:45:01Z,Maboulou malgré sa main il marque et revient bien ! La preuve d'un joueur d'une grande mentalité!Allez la Berri !,1
2014-02-16T19:18:11Z,3 Victoires de suite que dire de plus pour une équipe que tout le monde condamne !,1
2013-09-21T10:18:35Z,allez l'estac on est les meilleurs !!!!!,1
2013-09-17T13:10:33Z,"Bonnefoi, c'est quand même pas l'assurance tout risque....",0
2013-09-15T21:13:01Z,Le même que celui du Real Madrid ,0
2013-09-15T09:06:04Z,"allez l'estac
",0
2013-09-15T06:56:19Z,"Châteauroux en national l'année prochaine :/
",0
2013-09-15T00:04:27Z,Nivet est éternel.,1
2013-09-14T22:12:43Z,first,0
2014-02-11T06:43:12Z,"J'aime bien Chateauroux, j'espère qui vont se maintenir et ensuite monter en L1.
Un supporter de L'OL",2
2014-02-11T00:20:07Z,match truqué sa,0
2014-02-09T08:53:47Z,"Et oui les gars,tout le monde critique la Berri mais on est en train de prouver !!!! Le maintien moi j'y crois!Alles les bleus et rouges !!!!",2
2013-08-06T12:00:18Z,Qu'est-ce qui déclenche cette bagarre à la fin ? Qui est impliqué ?,1
2013-08-05T18:09:30Z,Pandor est sorti de sa boîte !,1
2013-08-05T08:27:07Z,"V'là la gueule du gardien expérimenté pour Chatx.

Pas de main et à la pèche sur le 2ème . Et en plu on lui donne le brassard .
",0
2013-08-04T23:30:01Z,"je crois que c'était pas la soirée des gardiens sur ce match ^^, car thebaux à était nul aussi malheuresement.",0
2013-08-04T23:29:14Z,"On vois que tu sais de quoi tu parle, sur la vidéo persos je vois le joueurs de chateauroux qui arrive énerver mais bon, et puis des bagarre avec le stade brestois j'en compte pas beaucoups perso",0
2013-08-04T23:20:23Z,C'est Johann Obiang le joueur qui s'est énervé à la fin non ?,0
2013-08-04T18:38:10Z,allez Brest il faut remonter !!!,0
2013-08-04T17:29:42Z,"Brest est une équipe plutôt fair-play . Il peut y avoir un accrochage entre 2 joueurs , ça ne mérite pas la qualification de ""équipe entière de délinquants notoires"" , merci .",0
2013-08-04T13:45:35Z,"Premier match de Brest, première bagarre. Normal quoi",0
2013-08-04T13:25:42Z,le 2e votre gardien il peut pas l'arrêter ;-) . Pandor a juste su quand la frapper .,0
2013-08-04T11:07:45Z,une merde jy etait et je confirme mm le 2e y doit faire l arrêt,0
2014-03-31T13:42:55Z,Sa c est la berrichonne les gars !!!!!!!!!!,0
2014-03-30T22:28:27Z,Schekter18 donne moi ton num ta l'air bg,0
2014-03-30T16:28:34Z,On s'en fou des mains contre Caen sa nous a donné 1 point donc tant mieux !,0
2014-03-30T10:59:47Z,Bande sale tricheur qui mette des main contre le smcaen!  :( ,0
2014-03-30T07:02:55Z,Bravo la berri !,2
2014-03-30T00:29:58Z,Chateauroux les meilleurs.,4
2014-02-02T17:41:44Z,Allez Châteauroux !!!!!!!!,0
2013-12-22T14:45:11Z,Allez Châteauroux !,0
2013-12-21T23:49:45Z,le v´la michel denisot,0
2014-04-22T21:54:37Z,"Y'a un Kop a chatereoux ?

Vu les tribunes, ca pourrais ressembler a un futur Chaudron, c'est dommage...",2
2013-10-30T10:26:20Z,La seul chose qui va être pété c'est vos filets car on va bien les faire tremblé ;),0
2013-10-27T11:41:01Z,Non on va vous pt ;) ,0
2013-10-26T22:22:41Z,NÎMES 3 On gagne à Nancy les gars !!,0
2013-10-07T16:23:46Z,"vive le sco
",1
2013-08-20T10:20:36Z,oh le but merdeux,1
2013-08-14T10:17:37Z,Aller le scooooooooo!!!!,1
2013-08-12T13:34:06Z,Allez le SCO,1
2014-05-10T12:51:05Z,Ça sent très mauvais pour Châteauroux ils ont encore perdus hier ça va aller très mal je pense... Ils vont être relégués  c'est à peu près sur....,0
2014-05-09T01:47:35Z,ces gagné yes,1
2013-11-29T08:12:13Z,"Chateauroux
",1
2013-11-24T08:01:04Z,C'est beau que ce club qui a un passé footballistique tellement important puisse enfin jouer sa carte pour retrouver l'élite du foot français ! :),9
2014-01-27T21:09:47Z,"En ce moment, tours ça gère ",6
2014-01-27T19:50:00Z,Nancy pardon,1
2014-01-27T19:43:06Z,Vous allez gagner contre nimes,1
2014-01-27T15:40:38Z,On me voit,1
2014-01-27T12:00:51Z,Lens <3,1
2014-01-26T23:04:08Z,TOURS FC !!!,3
2014-01-26T22:24:06Z,Turons !!,4
2014-01-26T22:13:24Z,moi aussi j'ai honte :(,1
2014-01-26T12:44:54Z,"P*tain, Châteauroux, 2-5, j'ai honte...",1
2014-01-26T07:46:30Z,Super tours fc,2
2014-01-26T02:37:42Z,Allez TOURS FC,3
2014-05-12T19:35:28Z,J suis aller voir le match avec le président et tout je crois en ce clud c est une histoire aller la Berri ,0
2014-05-10T22:56:57Z,Allez la berri tout est possible dans le foot j'espère  qu'ils vont se maintenir ,1
2014-05-10T22:28:04Z,"C'est foutu pour nous... Là on va être relégué combien de personnes vont être dégoûtés combien de personne vont pleurer. On en est sur maintenant on redescend en national adieu la ligue 2, on fait un mauvais voyage là....",0
2014-02-23T12:22:40Z,Un bon nul pour nous!Allez les bleus et rouges le maintien on y croit !!!,0
2014-03-12T16:21:22Z,"#Ligue2 - Classement des passeurs - Lors de l’éclatante victoire niortaise face à Châteauroux (4-0), Jimmy Roye a délivré sa 5e passe décisive et prend place dans le Top 20 du classement officiel des passeurs de Ligue 2. Fajr, Lejeune et Delort composent toujours le trio de tête. http://bit.ly/1g58XMK
Chamois Niortais - Châteauroux (4-0) - 07/03/14 - (NIORT-LBC) - Résumé",4
2014-03-09T09:01:22Z,Super match des niortais!,0
2014-03-09T08:48:58Z,Le commentateur on dirait moi qui commente :D,2
2013-11-01T15:47:33Z,Il vont se faire défoncer cean contre Lens <3,0
2013-10-23T12:06:25Z,je ne voudrai pas te décevoir mais je pense que caen va monter ils sont capables. D'ailleurs ça ne me décois pas que caen ne monte pas,0
2013-10-22T15:03:57Z,"Bonnefoi, comme d'hab', pas vmt irréprochable...",0
2013-10-21T16:12:05Z,Je ne voudrai pas te décevoir mais je ne pense pas que Caen montera en ligue 1 cette année :/,0
2013-10-21T13:03:42Z,caen va monter ils ont l'effectif pour ,0
2013-10-20T20:01:22Z,Allez Caen 3,0
2014-02-04T14:41:42Z,TROP bien jouer encore ,0
2014-01-21T12:24:17Z,lol,0
2014-01-20T17:31:42Z,Frikèche blessé ? Je crois pas nan .,1
2014-01-20T17:31:07Z,ça fait du bien de l'emporter ^^,1
2014-01-19T08:55:37Z,Scoo,0
2014-01-24T20:37:09Z,"la meme deain,tfc !",0
2014-01-19T19:54:04Z,Tours fc la ligue 1 c'est pour vous!,1
2013-08-19T07:39:20Z,"Parle pour toi, moi je n'ai que des vidéos foot proposées à la fin.. ça dépend peut-être de ce que tu regardes sur YT..",0
2013-08-18T15:21:12Z,"y'a un truc que je comprend pas sur ces vidéos à la fin du temps,you tube nous met un tas d'autre vidéos ,la plus part de foot et y'en a toujours une qui n'a rien à voir avec le foot mais qui est politique ou religieuse (je veut dire traitant de ces sujets )comment sont mis ces priorités honteuse pour la pluralité religieuse et politique,marre de ce pays et du monde également,ces emmerdeurs et fous de ces sujets nous bassine et nous canalise,je déteste ces pratiques honteuses pour la démocratie ",0
2013-08-18T07:46:15Z,Super match les gars !,0
2014-03-18T22:44:22Z,Allez Metz la L1 est devant nous,0
2014-03-16T15:40:34Z,"BOOBA Neymar tu ne peux pas dire bien joue (je suis pour la Berri) car ils ont rien fait du match ce qui m'a d'ailleurs etonner et je pense que si il monte en ligue 1 il faut qu'il se renforce car c'était pas beau a voir en + trop de fautes inutile pour blesser les joueurs adversaires,decus de ce leader qui fait honte a la l2 !",1
2014-03-16T00:18:42Z,Bien jouer METZ,0
2014-04-13T11:57:27Z,"Le score aurais pu été encore plus élevé et c'est dommage , une partie tranquille pour les nancéiens !",0
2014-05-18T06:34:21Z,C'est cool Châteauroux en national et les Lensois  en ligue 1et en plus Châteauroux on les enqules,0
2014-04-03T06:41:07Z,Bien joué Châteauroux,0
2014-03-30T10:38:06Z,"L'arbitrage français me déçoit : Monaco : 6 - 0 : Lens
On va me dire "" oui mais ils auraient tout de même gagné même si le premier but avait été refusé pour hors-jeu "" Je ne crois pas, ce but a déclenché les autres. Hors-jeu de Ocampos indiscutable, l'arbitre, l'arbitre de touche et celui se trouvant derrière la surface, pas un seul n'a vu ce hors-jeu ! Et puis il sert à quoi cet arbitre derrière cette surface, il fait que glander, puis je parle pas du but refusé à Coulibaly pour hors-jeu alors qu'il n'y avait pas du tout hors-jeu, 'faudrait peut-être redire les règles à ces bons à rien d'arbitre.",0
2014-03-29T08:49:03Z,"Je suis supporter Malherbiste donc mon avis sera peut-être assez subjectif mais se faire voler 2 points sur match et les 3 points du match contre l'équipe de Nîmes qui n'a pas osé atterrir alors que la visibilité était largement suffisante ça fait beaucoup...
Je me rappelle d'une équipe qui se déplaçait au Havre mais ils n'ont pas pu arriver à temps à cause du volcan islandais qui bloquait toutes les voiez aériennes.  Et bien le Havre avait eu match gagné alors que les circonstances étaient vraiment 20 fois pire que lors de l'atterrissage de l'avion de Nîmes...
Toutes manières une équipe doit être sur place la veille du match en pro; c'est la base....

Bref, vraiment dégoûté de ces injustices qui vont certainement coûter la montée à mon équipe favorite...",1
2014-03-27T13:01:20Z,MATCH VOLE !!!,0
2014-03-25T22:23:40Z,"Et on s'étonne qu'il n'y a pas d'arbitre français à la coupe du monde...
C'est une faute professionnelle ! 
Les joueurs peuvent être sanctionnés après-match à la vue de la vidéo, pourquoi pas les arbitres ? Quand on commencera à mettre des suspensions aux arbitres, peut-être qu'ils commenceront à arbitrer correctement et arrêteront de se prendre pour des demi-dieux (et pas que dans le foot)",1
2014-03-25T17:43:07Z,Maboule c'est le meilleur.,1
2014-03-25T09:46:47Z,"Un très belle esprit sportif de MABOULOU qui j’espère sera lourdement sanctionné pour cette tricherie.
Bravo MABOULOU pour l'image du foot et on se demande après pourquoi ce sport est parfois mal perçu LAMENTABLE et les arbitres je n'en parle pas",5
2014-03-24T10:13:16Z,"Décidément, les arbitres français sont pathétique en ce moment...",0
2014-03-23T23:24:21Z,"Go Maboulou , tu nous évite la défaite,  c'est bon ça !",1
2014-03-23T22:22:56Z,Et j'espère que prochainement m. Duhamel sera moins violent.,0
2014-03-23T22:19:19Z,"Une fois de plus, l'équipe de Chateauroux a prouvé sa supériorité. Maboulou a touché le ballon mais dans un match de foot le maître suprême est l'arbitre, c'est lui qui a toujours le dernier mot. c'est la loi du foot. Vive La Berri, qui vous l'enfonce bien profond. Cordialement mes amis de Caen.",1
2014-03-23T18:04:10Z,"a cause de cette arbitre, on perd nos chances de monter",0
2014-03-23T15:20:27Z,"Y'a pas main ! il la touche pas, sa frole...",1
2014-03-23T14:55:46Z,En plus. C'est que l'arbitre demande au 4ème arbitre,0
2014-03-23T14:48:39Z,A cause de l'arbitre on a moins de chance de monter sur le podium,0
2014-03-23T13:21:23Z,UNE HONTE !!!!!!,1
2014-03-23T12:17:35Z,"Je suis pour le HAC mais là je pense que Caen méritait vraiment la victoire, je dois avouer qu'au niveau du derby c'était serré 2-1 cumul. Mais quand a vraiment une bonne équipe et mérite cette montée en Ligue 1 plus que chaque autre équipe, is suffit de regarder la DB ca se voit tout de suite, et je pense que ce match nul volé par les Castelroussins peuvent leur couter la montée, honteux encore cet arbitrage francais.. On comprend maintenant pourquoi aucun arbitre de France n'a eté selectionné pour la coupe du Monde.",3
2014-03-23T11:25:54Z,"Ca va, il a pas trop exagéré le 5 de Châteauroux sur le carton rouge... ",2
2014-03-23T10:56:32Z,"une purge cet arbitrage! et je parles pas de ce maboulou! c'est honteux! deja pour le but de la main, et surtout pour la contestation sur le but refusé! ",0
2014-03-23T10:55:41Z,il y a une pétition qui tourne a déjà prés de 5000 signature sur facebook merci de l aimer et de l partager cela peut arrive demain a votre club,0
2014-03-23T10:53:26Z,pourquoi attribue le but (façon de parler ) a maboulou et sur le site LFP a chamed !!!!  enfin pour un joueur qui regrette il lève comme même bien le point apres de l arbitre,0
2014-03-23T10:13:05Z,"C'est dommage pour chateauroux : le ballon est a peine effleuré, sans l'avoir touche, 'il serait quiand mme rentré...Un footballeure ne dois pas avoir le reflexe de lever le bras sue un coup de pied arreté !",1
2014-03-23T09:29:48Z,,0
2014-03-23T09:29:06Z,Et emplus il est content ce conard de malabou ou chez pas quoi. Putin sa me dégoute étant au stade je trouve sa scandaleux !!!,1
2014-03-23T07:35:35Z,l'arbitrage ... Souvent critiqué mais la j'ai jamais vu sa de ma vie,0
2014-03-23T02:04:40Z,"C'est LAMENTABLE !!! ... Non seulement la décision de l'arbitre, mais encore plus la réaction de ce con**** de Maboulou !!! (Désolé mais il n'y a pas d'autres mots). Le mec est content d'avoir marqué (ok dans le feu de l'action pourquoi pas... mais) après 15 minutes et après la décision de l'arbitre (qu'est ce qu'il foutait d'ailleurs pour avoir loupé une main pareil, devant ses yeux ? --') le gars applaudit cette décision... aucune dignité... J'suis dégouté pour les Ceannais, en espérant qu'ils récupèrent les 3 points qui leur sont dû !
(Et je ne parle pas de l'autre qui se roule par terre, une fillette de 4 ans ne ferait pas mieux...)",10
2014-03-23T01:20:46Z,"Le pire dans tout ça, c'est le buteur de Châteauroux! Comment peut-il être aussi heureux de marquer, de célébrer son but et oser venir ouvrir sa gueule lorsque l'arbitre au départ refuse le but! Vraiment une bonne mentalité de merde CHÂTEAUROUX, vraiment !",2
2014-03-23T01:06:07Z,Franchement j'avais un minimum de respect pour Châteauroux mais le je suis dégoûté de leur part c'est vraiment dégueulasse c'est même pu du foot du début jusqu’à la fin 0 fairplay de la part de Châteauroux même le dernier but tous le banc de Châteauroux dit qu'il y a est j'en reviens pas . Je leur souhaite une bonne relégation il le mérite juste avec ce match et cette arbitre de merde ...,5
2014-03-23T01:02:55Z,Honteux !! Sérieux de A à Z !! On doit avoir les 3points...,2
2014-03-23T00:53:50Z,"c'est, vraiment scandaleux il a raison Dudu le steack (ou Duhamel si vous voulez) de dire qu'il devrait arbitrait en dhr encore il aurait pas le niveau même en district il ferrait des erreurs ce couillon de la lune puis euh je sait pas vous mais Caen devait gagné 2-0 le ballon soit disant sortie sur sa tranversale regarder bien le filet vous y verrais la balle le toucher ",0
2014-03-23T00:47:54Z,"Donc un carton rouge immérité, un but de la main et la fin du match est sifflée alors qu'il restait 1 minute de temps additionnel et que le coup d'envoi n'a pas été tiré. J'espère que le match va être au minimum a rejouer car ça peut nous coûter la montée en L1.",4
2014-03-22T23:35:42Z,Un scandale !,2
2014-03-22T23:24:18Z,"Une simulation qui coûte un rouge, puis une mais pourtant flagrante. Le joueur ne vient même pas avouer sa faute, c'est scandaleux !!",1
2014-03-22T23:16:05Z,Volé !!,8
2014-05-05T12:30:05Z,Allez laval,2
2014-04-06T23:57:50Z,"Il est collector ce Garcia,  c'est toujours des but encaissé de manière ""heureuse "" de l'adversaire. Jamais il admettra que c'est sa défense qui a mal jouée ou autre ? C'est jamais de sa faute toujours l'adversaire qui a de la chatte. Quel entraîneur en coton ce type c'est aberrant... ",1
