published-time,comment,likes
2013-09-27T21:29:25Z,El colorado-3. J'ai toujours dis qu'il était bon ce joueur!,0
2013-09-27T06:04:18Z,Golazo. CRACK!!,0
2013-09-27T05:02:58Z,Venezuela!<3,0
2014-03-28T12:37:45Z,"Pour l'attaque l'année prochaine, je vois bien une association Aristeguieta-Schechter",1
2014-01-02T01:42:39Z,Cantera del Caracas FC,10
2013-11-12T11:03:16Z,"el colorado,the best!NANTES FC",2
2013-10-31T11:57:25Z,"Es ""DotEXE - Fast car""",3
2013-10-30T21:02:11Z,"Como se llama la cancion que pusiste en este video?

Muy buen trabajo.",1
2013-10-28T19:03:08Z,Es verdad que hace raro por alguien de 21 anos ;),1
2013-10-28T18:48:44Z,la gente cuando ve al colorado con barba debe pensar que tiene 30 años xD,1
2013-10-21T09:39:51Z,Il a failli venir à Marseille.,0
2013-10-20T20:10:36Z,quel jeu de tete !! :o,0
2013-09-27T08:53:59Z,"Marseille aurais besoin d'un joueur comme lui, un renard, Brandao a pas mal reussit mais lui correspond bien au style de jeu de l'om car ils jouent beaucoup sur les  cotes ils adressent beaucoup de centres alors que gignac est loin d'etre un renard",0
2013-09-22T03:19:09Z,VIKINGO!!!,2
2013-09-12T20:27:01Z,"Que Orgullo ver a los Venezolanos representando nuestro Pais, sin duda alguna lo tenemos todos! Saludos desde Ccs",2
2013-08-31T22:25:50Z,Made in Venezuela <3,0
2013-08-25T09:42:39Z,Mon Cousin :),0
2013-08-18T12:53:25Z,"roux roux roux! <3
",0
2013-08-18T12:37:56Z,"FCN tout court, plus FCNA ..",0
2013-08-15T15:24:26Z,"El mejor delantero, el Colorado y Made in Venezuela...",0
2013-08-14T20:23:01Z,Cologol! <3,0
2013-08-10T12:00:51Z,FCN ! ,0
2013-08-10T12:00:44Z,FCN ! ,0
2013-08-06T21:31:54Z,Fernando <3,0
2013-08-04T15:28:17Z,"Super joueur ... ! Il a beaucoup apporté au FCNA ! Continue El Colorado ...
",0
2013-08-04T09:43:02Z,"<3
",0
2013-08-03T12:39:25Z,Un futur grand joueur,1
2013-12-18T18:38:13Z,Venezuela :D,1
2013-12-04T09:34:29Z,normal.. ya estamos acostumbrados a estos golazos de los venezolanos en el extranjero. buen gol.,0
2013-10-26T21:54:34Z,"Viva #Venezuela 
",0
2013-09-26T19:02:24Z,"Que haga lo mismo ante Paraguay, ya que no va a estar Salomón :(",0
2013-09-26T17:16:28Z,Traducción: 'Un gran jugador',0
2013-09-26T17:15:28Z,Grande ColoGOOOL!!,0
2013-09-26T14:58:35Z,Espectacular...,0
2013-09-26T14:01:35Z,Grandee el colorado...,0
2013-09-26T13:00:19Z,Que golazo !!!,0
2013-09-26T05:46:05Z,Graaaaaande Colorado,0
2013-09-26T05:24:29Z,No lo llame gol. Llamelo pedazo de Gol!,0
2013-09-26T04:17:44Z,عظيم لاعب,0
2013-09-26T04:10:11Z,Viva #Venezuela carajo,0
2013-12-05T18:13:40Z,Dat crowd.,1
2013-10-06T19:14:18Z,Aristeguitaaa,1
2014-01-15T21:20:50Z,"Tres venezolanos en un equipo de primera div. en Francia! Aristeguieta, Cichero y Vizcarrondo! Les interesa mucho el talento venezolano a ese equipo por lo visto.",1
2013-09-27T23:42:16Z,True that!,0
2013-09-27T02:43:39Z,I fancy Marseille and monaco for the ligue 1 title,0
2013-09-27T01:08:07Z,keep it up ligue 1 official - top coverage,0
2013-09-27T00:55:10Z,i wish there was a youtube channel like this for BPL,0
2013-09-27T00:28:05Z,best channel great videos ,0
2013-12-12T18:16:41Z,"Aristeguieta :D great player
",0
2013-12-10T10:56:36Z,FCN <3 <3 <3,0
2013-12-06T00:12:02Z,Amazing fans!,1
2013-12-08T13:20:04Z,C'était tellement bien les match !!!,0
2013-12-06T16:05:49Z,well what do you know PSG are humans after all  : ),1
2013-09-30T16:40:16Z,"tu as complétement raison
monaco:1er
nantes:6eme
guimgamp:15eme
",2
2013-09-30T16:37:03Z,"zlatan ne marque plus vraiment, mais sans lui, la constuction de l'équipe s'écroule
le duo zlatan-cavani, c'est zlatanesque
xD",2
2013-09-30T16:34:53Z,"désolé
j'ai mal compris",0
2013-09-29T16:57:03Z,8ème journée et non la 7éme journée .. . ,0
2013-09-29T13:57:35Z,"Y'a des matchs ce soir ?! :P
",0
2013-09-29T07:21:50Z,"Paris a marquer 2 buts, Marquinhos et Cavani..",0
2013-09-28T10:05:43Z,je rage pas xD j'aime pas lyon c'est pour sa que je dis sa ^^ ,0
2013-09-28T08:25:38Z,"pas du tou, c le 3eme qui est sur coup franc",0
2013-09-28T07:00:02Z,Nantes et Guimganp CHAMPIONS,0
2013-09-28T03:02:57Z,"non c'est sur corner. regarde bien
",0
2013-09-28T03:02:52Z,"non c'est sur corner. regarde bien
",0
2013-09-27T20:19:51Z,mais oui mais oui ...,0
2013-09-27T19:21:14Z,beau matche de l'OM ,0
2013-09-27T19:13:42Z,Bravo a Monaco pour ce début de championnat de ce pitonnes,0
2013-09-27T18:35:36Z,Pouplin devrait changer de club car sa peut-être un futur grand gardien dommage qu'il se fait passer pour une passoire.,0
2013-09-27T18:10:42Z,Rageux* :D,0
2013-09-27T18:10:19Z,Saleté de r,0
2013-09-27T16:55:21Z,Les promus assurent cette année.,0
2013-09-27T16:42:39Z,faut rager  :),0
2013-09-27T16:00:20Z,Le résumé de la 7e journée de Ligue 1,11
2013-09-27T15:35:43Z,et pas de supporter,0
2013-09-27T15:26:35Z,Chut mec zlatan c une merde,0
2013-09-27T14:34:41Z,"Non, il montre le 3 ème en parlant du deuxième. Il dit: "" le 2eme sur corner, le troisieme sur coup franc par fety aszic"" Voilà ;)",0
2013-09-27T14:09:00Z,Zlatan est inarretable sur sa course c'est juste un monstre :O il allait la donner à Jallet mais quand il a vu que c'était Jallet il a préféré continuer solo,1
2013-09-27T11:16:34Z,"Saleté d'ajacciens ... On a 75% de possession, un poteau de Grenier et leur deuxieme but est hors jeu ... Allez l'OL !
",0
2013-09-27T07:51:08Z,Monaco!,0
2013-09-27T07:50:52Z,Respect from Poland! ,0
2013-09-27T06:00:02Z,"sur le 2 eme but de guimgamp, c'est sur coup frand, pas sur corner
",0
2013-09-27T05:03:29Z,Dommage Montpellier aurai du gagner mais un très bon costil était la,0
2013-12-06T18:16:34Z,Lol Enyeama. Good luck with Nigeria :) You're a great goalie.,0
2013-12-06T18:04:25Z,Football such a beautiful sport ,0
2013-11-02T12:26:07Z,nantes is know in england ? ( sorry my english is not perfect i'm french en supporter of nantes ),0
2013-09-27T20:34:20Z,Aristigueta he awesome,0
2013-09-27T04:00:52Z,Great fans,0
2013-12-25T13:07:38Z,sinon le but d'aristigueta contre nice devrait être à la place du but tout pourri de falcao --',0
2013-10-14T15:04:01Z,*Allez,0
2013-10-14T15:03:44Z,"C'est parce que Falcao est une star que son but est dans les meilleurs de la journée ?
Aller en D1 Belge alors, les meilleurs buts sont 100 fois mieux",0
2013-10-02T18:50:39Z,"Falcao était hors-jeu, peut être mais lorsque le défenseur de Bastia l'a touché, le hors-jeu ne comptait pas .",0
2013-09-30T19:55:38Z,"moi non plus
xD",0
2013-09-29T22:05:47Z,mouais pas convaincu,0
2013-09-29T20:16:00Z,En même temps c'est un but de merde.,0
2013-09-29T18:16:53Z,"C'est fou tout ces rageux, juste parce que Paris et Monaco domine le championnat francais vs vs sentez obliger de bloquer sur son but",0
2013-09-29T17:37:11Z,"je sais, mais ils ont peut etre penser que comme les gens allez regarde la video, ils l'ont mis a la fin pour qu'on voie qu'iil y a eu un but hors-jeu",0
2013-09-29T17:11:19Z,"C'est un top but, il a rien a faire la x)",0
2013-09-29T15:29:47Z,"LE BUT DE FALCAO EST HORS JEU, c pour ca qu'il est la",0
2013-09-29T15:28:52Z,"everyone speaks french here dumbass
most of them dont understand a word u r saying",0
2013-09-29T14:16:36Z,"I easily earn over 4000 usd per month just by responding to basic online surveys at home.
This site shows every detail how EARN88.COM

One can survive every hurt and move on, except the hatred of a mother formed without reasons, that one could not elucidate.",0
2013-09-29T12:11:22Z,La saison dernière c'était déjà comme ça avec ibrahimovic...,0
2013-09-29T06:52:45Z,Il est ou celui de Mandy ???,0
2013-09-28T23:48:02Z,Comment ils le suce Falcao :O,0
2013-09-28T16:37:18Z,Les deux de guingamps *0*,0
2013-09-28T12:38:05Z,On est pas gâté au niveau des beaux buts...,0
2013-09-28T11:42:25Z,C'est dingue comment ça pompe Monaco..,0
2013-09-28T11:34:35Z,le but de falcao est moche mais c'est faicao donc il est beau voila leur resonnement,0
2013-09-28T10:55:05Z,Pff vous êtes pour Monaco la chaine ou quoi c'est pas la première fois qu'il un but pourri de Falcao et que vous le mettez dans le top but.,0
2013-09-28T10:09:01Z,kalou un bijoux ,0
2013-09-28T09:06:26Z,beau but braithwaite allez tfc !,0
2013-09-27T22:40:08Z,Et le but de Mendy il etait beau lob sur ruffier au lieu de metre falcao hors jeu.,0
2013-09-27T21:23:10Z,"Alors le but de Falcao, est non seulement moche, hors-jeu, mais bon sa m'étonne pas de cette chaîne, et le but de Braitwaite (désolé pour l'écriture), pas si exceptionnel non plus !",0
2013-09-27T20:03:55Z,"Lire,ça me parait bien ! :) Rageux va ! =) ",0
2013-09-27T19:06:07Z,2 de nos 5 buts sont dans le top !! allez guigamp !!!!!!! <3,0
2013-09-27T18:43:07Z,et en plus il est hors jeu :p,0
2013-09-27T18:21:30Z,Euu le but de Falcao est.... Moche ^^,0
2013-09-27T17:35:04Z,on est censé pleurer ou lire,0
2013-09-27T16:52:21Z,parigos * ,0
2013-09-27T16:51:50Z,"C'est l'effet ""nouvelle star"" , y a eu la même chose avec Zlatan l'année dernière,maintenant le voit plus dans le top le Zlatan... Ha bah oui il marque plus c'est pour ça (humour les parogos) :) ",0
2013-09-27T16:36:17Z,Allez Paris . Le PSG va finir sur le podium à la fin de la saison. Pour ce qui aime Lyon c'est plus la peine ils seront pas sur le podium.,0
2013-09-27T15:41:13Z,TFC!,0
2013-09-27T12:57:19Z,Falcao est un bon joueur mais son but a rien d'extra..alors que le travail d'ibra suivi par le but de cavani là il y est pas!,0
2013-09-27T11:45:42Z,"En plus il été hors jeu, et la dernière fois il a marqué de la main, 2 buts non valables déjà",0
2013-09-27T10:57:33Z,elle est où la tête de fernando ! elle est où !? ,0
2013-09-27T10:57:28Z,elle est où la tête de fernando ! elle est où !? ,0
2013-09-27T10:38:22Z,"Mais mec, ce qui est vraiment bizarre c'est que l'autre but de Falcao est plus beau que celui-ci... Alors on peut vraiment se poser la question de pourquoi avoir choisi celui-là ??",0
2013-09-27T09:47:43Z,FALCAO ???? Putain... Djorjevic (Nantes) a marqué un but comme ça et il passe pas...,0
2013-09-27T09:33:57Z,"Parfois il y à des goals qui se retrouve dans le TOP but et je ne comprends pas pourquoi ^^ (Falcao)
",0
2013-09-27T09:13:33Z,"pourquoi falcao?? 
 ",0
2013-09-27T08:59:05Z,Et celui de Imbula avec la superbe construction ?,0
2013-09-27T07:21:47Z,Le mieu cest langil,0
2013-09-27T06:19:21Z,LOL falcao,0
2013-09-27T06:15:39Z,Falcao but de merde rien a faire dans ce top,0
2013-09-27T05:52:24Z,Falcao WTF,0
2013-09-27T05:17:47Z,le but de mendy a l'om est bien plus beaux que celui de falcao,0
2013-09-27T04:47:50Z,le but de falcao une belle m****,0
2013-09-27T04:25:53Z,il a pas marqué,0
2013-09-27T03:38:27Z,"falcao mais un but pourri pourquoi il y a pas le,coup de boule d'Aristiguieta",0
2013-09-27T03:38:25Z,Le but de zlatan? #rageu parisien,0
2013-09-27T02:29:10Z,Les petits footix sont de sortie,0
2013-09-27T02:17:04Z,Et le but de Cavani bordel?,0
2013-09-27T00:43:46Z,"Falcao ses de la merde son but
",0
2013-09-27T00:06:40Z,A chaque fois que se soir falcao ou Ibra il sont toujours dans le top meme si le but est vite fait !!,0
2013-09-26T23:48:59Z,A l'arrêt quasiment,0
2013-09-26T23:24:13Z,"Parce qu'il s'appelle Falcao voilà tout, ça aurait été Aboubakar ou le Tallec qui l'aurait mit on l'aurait jamais vu là le but !
",0
2013-09-26T23:21:27Z,"Eum, Le but de Falcao pourquoi il est là? *-*
J'ai cru avoir lu ""Top but"" sur le titre de la vidéo..",0
2013-09-26T23:19:53Z,Euh pourquoi le but de Falcao?,0
2013-12-06T22:54:23Z,"@ 1:01, lovley ball",1
2014-02-21T21:43:23Z,Les clappings à Nice juste énormes,0
2013-12-10T08:12:05Z,1:17 ce monsieur est le seul vairitable supporter de rennes :),0
2013-12-06T16:07:15Z,Et Lucas Deaux en tribune Loire ça passe pas au zapping ça ? Pcq la mascotte d'Evian je m'en bats les couille moi --',2
2013-12-06T07:35:38Z,Bravo et Grand Respect a toi Micka.,0
2013-12-05T23:31:51Z,Landreau méritait mieux qu'un huit clos,8
2013-11-14T10:46:53Z,"Un fantôme durant tant d'années, et à 28 ans, il devient un pilier du FC Nantes et dans le top des défenseurs de Ligue 1, la meilleure année possible pour lui, quel plaisir :)",2
2013-10-23T20:46:38Z,"Très bonne vidéo, à bientôt sur Brigade du style ;)",0
2013-10-22T23:12:50Z,C'est un très bon joueur et surtout imprevisible,0
2013-10-22T22:36:26Z,He is a beast!!!!!!!!!!!!!,0
2013-10-22T20:45:16Z,Magnifique !,0
2013-10-22T19:58:29Z,"SUPER vidéo, enfin on commence à être habituer :D Continue comme ça !
",0
2013-10-22T19:39:53Z,Mako - Beam,0
2013-10-22T19:37:14Z,Super vidéo ! :) nom de la chanson ? :)merci,0
2014-06-30T09:09:24Z,"C'est pas comme les cyclistes qui se dopent pour etre les meilleurs... lui, il a un vrai talent ! Un vrai bonhomme ce goal",5
2014-05-09T15:16:13Z,Il fait des aurait de malade eneyama,0
2014-05-09T15:13:23Z,Trop fort eneyama,1
2014-04-16T20:10:46Z,"Puissant ENYEAMA!
Viens en France avec Lloris et ruffier.",2
2014-03-16T17:31:47Z,Il tue les joueurs ce mec,0
2014-02-19T15:52:59Z,enorme,0
2014-01-31T21:37:43Z,"Idrissa Gana Gueye ♥♥♥♥

Le meilleur
",2
2013-12-24T22:31:53Z,"je connais c  gardien en avant , c un grand gardien , c un gardien de grand equipe comme barcelone par exemple , man united .... , en fin un grand grand fort gardien ",0
2013-12-16T01:49:23Z,"Il peut pas être en équipe de France, il est Nigérian. (Dont il est déjà le gardien d'ailleurs)",0
2013-12-13T23:30:47Z,Très très fort..,2
2013-12-11T17:59:51Z,"Enfin une vidéo de notre Vincent a nous j espère qui va faire un bon match dimanche 

Losc10/10

Vincent:)1000000000/1000000000",2
2013-12-08T22:11:32Z,En equipe de france !!!,0
2013-12-08T22:02:59Z,"Malheureusement, la série s'arrête avec un but assez moche. L'invincibilité d'Enyeama méritait d'être terminée par un but de grande classe genre coup franc lucarne ou frappe de 30 mètres.",2
2013-12-08T19:57:59Z,Ils est nigérian pour ceux qui disent EDF..,0
2013-12-08T16:38:18Z,"Record fini, dommage pour lui il méritait mieux !",0
2013-12-08T10:40:29Z,On devrait le mettre en équipe de france,4
2013-12-07T23:29:11Z,Musique svp?,0
2013-12-07T20:04:35Z,"Le plus beau : contre Gignac.
Allé Eny' !! Continue jusqu'à la trève et tu l'auras ce putain de record ! T'es le meilleur pour moi :)",0
2013-12-07T14:33:37Z,pour moi c le meilleure goal de lanner # supporter Parisien ,5
2013-12-07T11:38:48Z,Quel ouf ce gardien ! Je me demande pourquoi on ne l'a pas connu avant,1
2013-12-06T21:01:20Z,Il a un sens de l'anticipation exceptionnel  ,15
2013-12-06T18:56:06Z,"Ceci ce n'est pas un gardien, c'est une légende lilloise <3",6
2013-12-06T18:40:32Z,LOSC forever ! <3 Enyeama <3,4
2013-12-06T17:07:59Z,"amazing , lille ♥",1
2013-12-06T15:41:41Z,Y faut peur c'est un monstre ,0
2013-12-06T15:14:08Z,Il manque l'arrêt face à gignac !,1
2013-12-06T11:38:11Z,"Bravo Enyeama mais sur certain arrêt il a de la chance, mais bon généralement il en faut pour aussi être un grand joueur.",1
2013-12-06T11:25:25Z,ALLEZ LOSC,2
2013-12-06T10:52:29Z,"moi jdit ça sent le marabou, enyeama ? :D",0
2013-12-06T06:07:54Z,Gardien de l annee. Fier d etre lillois,2
2013-12-06T01:26:39Z,C'EST UN MONSTRE !!!!!! Trop fort ce mec !,2
2014-04-25T16:50:07Z,"Perso, je trouve le but de José Saez magnifique (même si il a eu de la chance)",0
2013-12-08T17:44:35Z,nantes=meilleur publique de france :),0
2013-12-07T19:59:28Z,"Le but de Saez est magnifique, celui de Romero est pas mal dans le jeu et celui de Nantes est bien beau malgré une belle chance pour moi.
Rodriguez n'a rien à foutre dans le top'5 et celui de Rivière est beau, mais je préfère celui de Roux.

FAITES UN TOP 5 SANS PSG ET MONACO !! Parce que dans ce top'5; on aurait put en mettre d'autres que ceux de Monaco (Ou encore celui de Rodriguez. Encore Rivière il a sa place mais y'a eu MIEUX)",0
2013-12-07T10:59:57Z,"Le plus beau club de france , FCN <3",0
2013-12-07T10:37:53Z,"Allez Monaco !
",0
2013-12-07T10:19:50Z,Ocampos ?,1
2013-12-06T20:30:20Z,"Aristidgueta ""roux roux roux""",1
2013-12-06T19:50:26Z,le but de riviere il est pas mal,1
2013-12-06T16:24:39Z,Nul,0
2013-12-06T07:46:32Z,Cette vague Nantaise sur le but d'Aristeguieta. Magnifique.,8
2013-09-29T18:00:23Z,ils me régalent les nantais serieux,0
2013-09-27T16:39:53Z,Montpellier-Rennes s'est fini sur un 0-0 mon pote ;) ,0
2013-09-26T22:14:10Z,"Ya euh 0 0
Entre renneset monpelier",0
2013-12-19T12:05:50Z,"qualification acquise dans la douleur. le but = un coup du sort

néanmoins, bravo a Auxerre qui a fait un bon match, (du moins meilleur que les nantais) et qui meritait de passer",1
2013-12-19T09:34:16Z,Pourquoi ne voit-t-on pas le but refusé de Fernando Aristeguieta ? Alors oui il est hors-jeu mais on pourrait tout de même le voir car il est magnifique.,1
2014-05-19T22:18:18Z,Africa is slowly getting better GK. ,1
2014-04-09T15:53:24Z,this guy is sooo epic!!!!,1
2014-03-10T04:21:40Z,THE BEST PORTER FIFA 14 ULTIMATE,0
2014-03-04T01:31:13Z,"Excellent reflexes and very brave to put himself through, but doesn't look very steady hadded. Actually, in this very video he spilled a lot of rebounds in the box that would have been punished by better strikers",0
2013-12-14T03:12:57Z,"Haha I love this guy Enyeama, glad he plays in Ligue 1.",3
2013-12-07T22:51:19Z,Beast,2
2013-12-06T19:06:39Z,This guy's a beast! ,3
2013-12-06T03:47:33Z,this is fantastic. The french league has the best keepers for sure.,9
2013-09-28T05:27:04Z,premier,0
2013-12-12T17:22:31Z,bon nantes on gagner c bien,0
2013-12-12T13:49:36Z,"évidemment, il fallait que je loupe le match et donc Lucas Deaux au micro a la fin du match ^^",1
2013-12-10T19:28:00Z,aller le nantais,2
2013-12-05T23:38:38Z,Au tour de Marseille !!,1
2013-12-18T13:14:33Z,aller evian,1
2013-12-08T21:13:46Z,il ses prie un but aujourd'hui :( ,0
2013-12-08T19:49:18Z,CEUX QUI AIME ETG DITES OUI,0
2013-12-08T19:48:13Z,ETG ALLER ALLER ALLER CROIX DE SAVOIE ,0
2013-12-08T14:34:22Z,il devrait prendre la place de lioris qui en vaut pas une en équipe de france,0
2013-12-08T12:21:59Z,"Lille peut dire merci grâce à son gardien, ils gagnent grâce à lui !",1
2013-12-08T07:14:33Z,Merci enyeama,0
2013-12-07T21:18:26Z,"Je suis pour Paris, mais je félicite ce gardien qui a un réel talent !",1
2013-12-07T18:01:11Z,Trop chaud,0
2013-12-07T13:47:35Z,qu'il vienne au parc celui la ! il fera plus lmalin !! ibra & cavani ne sont pas gignac,2
2013-12-07T10:56:41Z,"Je suis supporter eviannais 
ce gardien est magique",5
2013-12-07T01:29:49Z,100 % pourcent parisien mes se gardien ces juste un monstre,1
2013-12-06T23:36:01Z,"J'ai beau être pour Rennes, ce gardien est exceptionnel !",2
2013-12-06T22:35:01Z,"C le meilleur goal de ligue 1 
Il est vient d'où?",1
2013-12-06T20:32:30Z,"Ici c paris
",0
2013-12-06T18:10:24Z,!!Toma prio de Vin Enyii,0
2013-12-06T16:23:29Z,il est même plus sur un nuage il est déjà sur une planète lointaine,1
2013-12-06T13:30:45Z,"Et il en prendra 3 au prochain match, toujour pareil. sa joue le match de sa vie contre l'OM comme d'hab.",1
2013-12-06T12:25:27Z,9ja boi toh badh,0
2013-12-06T11:53:38Z,quel gros porc ce gignac,0
2013-12-06T11:29:24Z,"Xiza k , il est bidon ton zlatan mddddr",2
2013-12-06T11:26:41Z,si enyama continue comme ça il va pas rester très longtemps a lille,1
2013-12-06T09:41:19Z,ALLEZ BORDEAUX!!!,7
2013-12-06T08:33:42Z,Je suis supporter de l'OM mais je tire mon chapeau a se très grand gardien de but !,6
2013-12-06T04:40:00Z,xD,0
2014-05-07T11:17:29Z,Et aussi une vidéo sur l'année 2013-2014 et la montée en ligue 1 de lens,3
2014-05-07T11:16:40Z,Tu pourrais faire une vidéo sur l'année 2013-2014 du FC Nantees avec les commentaires des présentateurs,9
2014-05-07T11:15:17Z,"ta vidéo est génial.
Je la regarde en boucle et a chaque fois j'ai toujours des frissons.(surtout quand c'est lens et le FC nantes) Allez ces deux supers club et aux chiotes le stade rennais.",2
2013-08-27T15:23:26Z,J'ai vu quelques unes de tes vidéos et ce sont de très bonnes vidéos et avec des frissons garanties !!! Merci ,0
2013-08-25T10:16:43Z,"Merci à toi. Je suis en manque d'inspiration actuellement. Si tu as des idées, n'hésites pas à m'en proposer ;)",1
2013-08-25T10:04:53Z,Tes videos sont juste énorme continue comme ça !,0
2014-01-05T05:25:22Z,"Bravo a vous ! :)

Connexion Lyon-Nantes ;)

Continuez comme ça ! ;)",0
2013-12-28T22:16:50Z,j'etait en plein milieu des affrontements pour le duel gauche/droite sur Aller les jaunes et vert et je peut vous dire que y'avait peut etre pas beaucoup de monde au stade mais en tout cas la tribune loire etait bel et bien presente super ambiance ;),0
2013-12-19T18:57:35Z,Merci c'est génial de poster les vidéos d'ambiance pour les personnes n'étant malheuresement pas là pour le match :) Et en plus bonne qualité de son et d'immage :) Merci ! Continuez ainsi !!,0
2013-12-19T04:41:18Z,"Nantes-Saint-Etienne c'est une rivalité historique. Certainement la plus grosse rivalité de l'histoire du championnat français (3 décennies à se tirer la bourre pour le titre).
Ces chants anti-Sainté n'ont donc rien d'étonnant. Même si ceux qui les reprennent aujourd'hui n'ont pas connu cette période. Ça s'est transmis.

Je pense qu'au fond les nantais respectent infiniment plus l'ASSE et les stéphanois que les bordelaids ou les renniais. Mais il y a une rivalité. C'est ainsi. Et c'est pas plus mal, ça donne du piquant.",1
2013-12-18T20:16:26Z,"Attend c'est logique que la brigade Loire chantent ça  vue ce que vous donné comme mauvaise image des ultras en ce moment contre Lyon et maintenant Nice 
(Même si l'image des ultras était pas très belle la elle pire maintenant)
bref !!!! Allez Nantes ",0
2013-12-18T18:52:40Z,Continue c'est génial !,0
2013-12-18T18:04:57Z,dommage sur cette vidéo on voit bien la présence de touristes x) ,0
2013-12-18T18:01:44Z,"misterdeamon, c'est le derby de la loire, le classico des années 70 !!! c'est une rivalité en tribune aussi, c'est tout à fait normal ! tant que ça va pas plus loin que les mots et des petites bousculades :D ",0
2013-12-18T17:45:56Z,"Franchement, déçu de votre public.
Je trouve ça tellement naze de créer des pseudo-rivalité, entre deux clubs ayant les même ""valeurs"".",0
2013-12-18T14:12:35Z,encore un intelligent .....,0
2013-12-18T13:37:31Z,"Beubeu , va casser des sièges et ferme la ! Merci ;)",4
2013-12-10T14:41:48Z,Superbe vidéo! comme d'habitude. + 1 abonné :) ,0
2013-12-08T19:46:28Z,Appel au spectateurs qui choisissent leur match : il faut un stade avec au moins 30000 spec. avant la trêve pour les soutenir dans les bons comme dans les mauvais moment.,0
2013-12-08T13:00:14Z,"Pour info, les commentaires apparaissent en ligne entre 12h et parfois jusqu'à 7 jours après avoir été posté (selon disponibilité).
Ne vous inquiétez donc pas si votre com' n'apparait pas dans l'immédiat :)
Bonne journée ;)",1
2013-12-08T11:26:06Z,"Merci pour ta vidéo encore une fois. Un gros bémol par contre, ne pas avoir laissé le chant de Lucas Deaux entièrement....",0
2013-12-06T22:04:12Z,ON EST 4ème :) allez nantes,0
2013-12-04T17:41:51Z,"j'étais en erdre exceptionnellement je chantait et sautait pour soutenir le petit kop erdre cette tribune ne demande qu'à se réveiller, c'est bien ce qu'ils font.",0
2013-12-04T16:38:53Z,"Et je ne parle pas de ceux qui sifflent, ça me fait plutôt pitié ..",0
2013-12-04T16:37:52Z,"Les gens a coté de toi ont la critique facile, dès que ça va pas ça critique, mais dès que ça va mieux ils sont les premiers à crier de joie. Bref sinon bonne vidéo comme d'habitude continue :)",2
2014-01-02T16:15:27Z,"aller nantes
vous etes les meilleurs",0
2013-12-19T17:41:37Z,"Non ba te toi anger pu
",0
2013-10-19T19:52:57Z,"allez Nantes 
(et Angers bien sur)",0
2013-10-04T18:37:08Z,on s'en fou de ton avis en carton !!!,0
2013-09-29T16:45:57Z,"Beau match de Nantes. 

Un nicois",0
2013-09-29T12:59:58Z,aller nantes en ce moment rennes nantes 0-2,0
2013-09-29T08:41:39Z,"A Nantes on a les meilleurs supporters !

Allez Nantes Allez !",0
2013-09-28T11:45:16Z,"je suis pour car il sont vraiment tres bon
Signé un supporter angevin",0
2013-09-28T06:49:49Z,2 equipe que je supporte pas ^^ ( malgré que je dois avouer que nice a une bonne équipe :) ),0
2013-09-27T20:15:22Z,Allez Nantes,1
2013-09-27T10:36:14Z,<3 FCN <3,0
2013-09-27T08:47:44Z,FC NANTES <3,0
2013-09-27T04:59:44Z,il rigolait il rigolait mais a cet heure il pleure encore :),0
2013-09-27T00:28:47Z,"On espère que Nantes sera autant en forme pour le reste de la saison, ils faisaient plaisir à voir!

Signé un supporter parisien.",1
2013-09-26T22:03:46Z,Allez Nantes vous avez super bien joué ! ♥,0
2014-04-11T18:12:17Z,"His reflexes, positioning and bravery are just outstanding!",0
2014-01-16T05:03:42Z,who da fuck's casillas?,0
2013-12-26T20:42:00Z,My favourite keeper and I'm a huge fan good luck in the 2014 World Cup ,0
2013-12-06T19:17:05Z,EnyeaMAGNET,0
2013-12-06T18:21:09Z,Always been a huge fan of Enyeama and happy he represents Ligue 1. Him and Sirigu are my favorites. Hope he gets that best keeper award in the end because he has certainly earned it.,2
2013-12-06T14:40:04Z,"I have to say that he's an amazing goalkeeper, but without Kjaer, Basa, and even the laterals he wouldn't stop every strike, the whole defense is absolutely fantastic!

ALLEZ LE LOSC <3",2
2013-12-06T05:13:38Z,Goalkeeper myself and have to say this guy is just outstanding. He can make any save really because of his hustle to get back to his feet and and regain his original position. Best keeper in Europe right now I have to say.,4
2013-12-06T05:02:03Z,Great stuff. He's having a magnificent season.,0
2013-12-15T17:13:23Z,"Vous les nantais , comment vous faites pour ne pas vous faire ecraser dans les tribunes quand il y a un but ??????????",1
2013-11-03T11:42:13Z,j'adore ton image de profil !,0
2013-11-03T05:18:35Z,belle victoire méritée,0
2013-11-01T19:02:42Z,"aime si tu trouve que les Nantais sont les meilleur , allez la tribune Loire :)
",1
2013-11-01T13:15:20Z,"ça ce prononce ""béssat"" pas ""beussat"" ",0
2013-11-01T13:15:16Z,"ça ce prononce ""béssat"" pas ""beussat"" ",0
2013-10-31T21:43:39Z,"Je suis supporter lyonnais et je trouve vraiment que Nantes fait un excellent début de saison et propose beaucoup de jeu, continuez comme ça on manque de beau jeu en France !",0
2013-10-31T17:54:18Z,"match tres moyen, bcp de déchets technique, mais qualif nantaise logique sur l'ensemble du match.  ",0
2013-10-31T09:13:20Z,nantes champion cette année alleez =),0
2013-12-26T17:06:18Z,VA mène souvent au score mais se fais rattraper,0
2013-12-08T19:50:06Z,CEUX QUI AIME ETG DITES OUI,2
2013-12-08T13:22:03Z,L'OM se la pète trop alors qu'ils sont nul !! Vive le PSG !!!!,3
2013-12-08T13:21:35Z,Tellement dégouté que évian ait gagné putainnnnn ils ont foutu quoi le PSG la !!!!!?? Deuxième fois qu'ils perdent contre eux c'est des merde !! ( évian ),0
2013-12-08T09:42:42Z,"évian a hyper bien joué , paris n'était pas en forme mais bon c'est paris",1
2013-12-07T17:42:15Z,Bravo l'ETG ! Réussir à faire tomber le colosse de son pied destale et s'éloigner de la zone rouge. Chapeau !,4
2013-12-07T15:46:47Z,fc nantes grave chaud <3,0
2013-12-07T11:06:30Z,Aller Evian ❤,2
2013-12-06T19:15:12Z,Merci,0
2013-12-06T17:41:44Z,tous ces matchs sont payés ou koi !,6
2013-12-06T16:13:36Z,bref et sinon faudrait peut etre que marquinhos mettent du grillage entre ses jambe car il se prend deux petit pont et s'était pareil contre Anderlecht je crois,0
2013-12-06T09:57:30Z,"Comme il est à la rue Thiago Silva sur le but de Sougou, impeccable ! ",2
2013-12-06T09:51:36Z,Le FC Nantes a de la ressource. Ce genre de match on le perdait ces dernières années. 26 pts avec des stats honorables. Merci les jaunes ;),6
2013-12-06T08:19:03Z,Psg nul,1
2013-12-06T05:57:52Z,un grand bravo a evian,5
2013-12-06T00:46:08Z,Bien jouer evian ! ,4
2013-10-14T15:05:49Z,"no importa si venezuela no entro esperamos con ansia la copa america :)
",3
2013-12-08T09:50:13Z,lille sera la seconde équipe à faire tomber le psg ( de la part d'un supporter nantais),0
2013-12-07T11:21:32Z,Bravo a enyema a ce rythme la le record n'est plus très loin,0
2014-07-01T20:13:38Z,À voir les buts qu'il arrête c'est qu'il sais où le joueur va mettre le ballon JTM Landreau je t'oublierais jamais <3,0
2013-12-26T14:52:58Z,Meilleur goa au mondes,0
2013-12-26T14:52:28Z,Meilldur goal au mondes!,0
2013-12-09T08:46:12Z,"Landreau.. Un goal extraordinaire.. Tu nous manque à Lille quand même :(
J'aime bien Eny'.. Mais je préférais Landreau.. Depuis que tu es à Bastia, je soutiens cette équipe aussi. 
Forza Bastia !! (comme vous dîtes xD).",2
2013-12-07T21:36:36Z,"1:30 faut l'inscrire au voley x)
Sinon je trouve ça dommage que dans sa carrière il ait peu jouer (Barthez - Frey - Lloris)",1
2013-12-07T12:56:52Z,la ligue1 est le championnat ou il y a les meilleurs gardiens celons moi ,2
2013-12-07T11:34:06Z,"Bastia serait dans la merde sans un goal comme lui, Bastia lui doit beaucoup et notamment l'invincibilité à domicile depuis le début de la saison et le maintien la saison dernière",0
2013-12-06T22:40:26Z,Pour moi c le gardien de lili l'élus fort de ligue mais je suis d'accord moi ausssi je verrai plus manderai dans un club italien,0
2013-12-06T22:19:42Z,C'est un de mes gardiens préférés en Ligue 1 cette saison mais je pense qu'il mériterait un meilleur club que Bastia.. (je ne dis pas que Bastia est un mauvais club),0
2013-12-06T15:49:39Z,C'est tout simplement mon gardien préféré après Buffon et Lloris,0
2013-12-06T11:20:13Z,"en attendant la soit disant ""défense en carton"" c'est la meilleur défense à domicile du championnat mais bon ...",3
2013-12-06T10:06:25Z,"vraiment génial landreau ! toujours fidèle à son poste, c'est dommage qu'il ait une défense en carton ...",0
2014-05-24T15:18:49Z,allez nantes,0
2014-05-22T12:26:26Z,"Sans oublier le beau geste de Landreau pour les supporters Nantais, à qui il a offert les places pour le parcage. Un grand monsieur, Merci Micka :)",1
2014-05-18T20:16:26Z,Allez Nantes Fc tribune Loire,0
2014-05-18T14:43:59Z,"Et Sablé alors on l'oublie ? la fête pour lui aussi ! 
Bravo a ces trois hommes qui nous quittent !",6
2014-05-18T10:22:03Z,"très belle fin de saison pour les nantais j'èspere que se seras pareille la prochaine 
saison!!! aller les canaris!!!!",6
2014-05-18T09:58:40Z,...et sablé,3
2014-05-18T09:40:29Z,allez nantes ! allez les jaunes et verts,2
2014-05-18T08:32:46Z,"Allez Bastia. Beau match domage que nous Bastia nous avons pas gagné. Tres belle ambiance de tout nos supporters du SC Bastia. J'étais en tribune Est avec les Bastia 1905, et tres beau feu d'artifice.  J'ai hâte d'être l'année prochaine pour recommencer un superbe années avec le SC Bastia et en tribune Est avec les Bastia 1905. Allez Bastia. Allez Bastia",2
2014-05-18T06:48:53Z,allez nantes!!,2
