publish_date,title,view_count
2013-09-26T22:00:01Z,Goal Fernando ARISTEGUIETA (88&#39;) - FC Nantes - OGC Nice (2-0) - 2013/2014,4612
2013-08-03T09:37:45Z,Fernando ARISTEGUIETA - FC Nantes,34006
2013-12-05T23:00:02Z,Goal Fernando ARISTEGUIETA (89&#39;) - FC Nantes - Valenciennes FC (2-1) - 03/12/13 (FCN - VAFC),10785
2013-12-19T06:00:00Z,But Fernando ARISTEGUIETA (74&#39;) - FC Nantes-AJ Auxerre (1-0) - 17/12/13 (1/8 de finale) (FCN-AJA),1214
2013-12-18T04:03:34Z,Fernando Aristeguieta | 1º Gol | Copa De Francia | FC Nantes,2590
2013-09-26T02:23:51Z,Fernando Aristeguieta | 1º Gol | Ligue 1 | FC Nantes,8549
2013-09-26T22:00:03Z,But Fernando ARISTEGUIETA (88&#39;) - FC Nantes - OGC Nice (2-0 - 2013/2014,4623
2013-12-18T05:01:01Z,Fernando Aristeguieta | 1º Gol + Entrevista | Copa De Francia | FC Nantes,2100
2013-12-05T23:00:02Z,But Fernando ARISTEGUIETA (89&#39;) - FC Nantes - Valenciennes FC (2-1) - 03/12/13 (FCN - VAFC),8161
2013-08-09T18:20:28Z,Perfil Fernando Aristeguieta X el Fútbol Pt2,428
2013-08-09T17:01:19Z,Perfil Fernando Aristeguieta X el Fútbol Pt1,4387
2013-09-27T00:09:00Z,Ligue 1 - Week 7 Highlights - 2013/2014,3641
2013-12-06T00:19:14Z,Ligue 1 - Week 16 : Goals compilation - 2013/2014,216
2013-12-05T23:00:01Z,FC Nantes - Valenciennes FC (2-1) - 03/12/13 -  (FCN - VAFC) - Highlights,2561
2013-09-27T00:07:27Z,Ligue 1 - Week 7 : Top goals - 2013/2014,1236
2013-12-06T00:23:45Z,Ligue 1 - Week 16 Highlights - 2013/2014,5369
2013-09-26T23:29:01Z,Ligue 1 - Résumé de la 7ème journée - 2013/2014,72420
2013-12-06T06:20:41Z,Ligue 1 - Week 16 : zapping - 2013/2014,1618
2013-09-26T22:00:02Z,Ligue 1 - Week 7 : Goals compilation - 2013/2014,425
2013-09-26T22:00:01Z,FC Nantes - OGC Nice (2-0) - Highlights (FCN - OGCN) - 2013/2014,6201
2013-09-26T23:06:01Z,Ligue 1 - Top buts 7ème journée - 2013/2014,7422
2013-12-06T06:38:31Z,Week 16 : Top Goals - Ligue 1 - 2013/2014,3759
2013-09-13T20:54:19Z,Fernando Aristiguieta,98
2013-12-05T23:27:27Z,Ligue 1 - Zapping de la 16ème journée - 2013/2014,9330
2013-12-05T23:00:01Z,Goal José SAEZ (52&#39;) - FC Nantes - Valenciennes FC (2-1) - 03/12/13 (FCN - VAFC),600
2013-10-22T18:46:05Z,Issa CISSOKHO,17560
2013-12-06T00:56:38Z,Vincent Enyeama INVINCIBLE depuis 11 matches - Ses plus beaux arrêts cette saison - 2013/2014,57567
2013-12-05T23:29:00Z,Ligue 1 - Top Buts 16ème journée - 2013/2014,11704
2013-09-26T22:00:03Z,Ligue 1 - Tous les buts de la 7ème journée - 2013/2014,5920
2013-09-01T22:45:42Z,Stade de Reims - FC Nantes (0-0) - Highlights (SdR - FCN) - 2013/2014,1327
2013-12-05T23:00:02Z,But José SAEZ (52&#39;) - FC Nantes - Valenciennes FC (2-1) - 03/12/13 (FCN - VAFC),2330
2013-12-19T06:00:00Z,FC Nantes - AJ Auxerre (1-0) - 17/12/13 (1/8 de finale) - (FCN - AJA) - Résumé,10148
2013-12-06T00:43:36Z,Vincent Enyeama nigerian goalkeeper&#39;s AMAZING saves this season - 2013/2014,38558
2013-09-26T22:00:02Z,Ligue 1 - Week 7 : zapping - 2013/2014,600
2013-12-05T23:00:01Z,FC Nantes - Valenciennes FC (2-1) - 03/12/13 - (FCN - VAFC) - Résumé,18217
2013-12-06T01:04:35Z,Vincent Enyeama INFRANCHISSABLE contre l&#39;OM - 2013/2014,34086
2013-08-24T16:42:54Z,Football Français : 3&#39; de frissons.,430147
2013-12-18T05:49:03Z,Au coeur de la Loire / FC Nantes - AJ Auxerre,7429
2013-12-04T16:11:20Z,Nantes 2-1 Valenciennes 3 Decembre 2013,1711
2014-03-02T23:00:01Z,Evian TG FC - FC Nantes (2-0) - 28/02/14 - (ETG-FCN) - Highlights,1098
2013-09-26T22:00:03Z,FC Nantes - OGC Nice (2-0) - Le résumé (FCN - OGCN) - 2013/2014,31162
2013-12-06T01:30:01Z,Vincent Enyeama&#39;s FANTASTIC game in Lille - OM - Ligue 1 - 2013/2014,7319
2013-10-31T06:00:01Z,FC Nantes - FC Lorient (2-0) - Le résumé (FCN - FCL) - 2013/2014,21003
2013-12-06T00:27:14Z,Ligue 1 - Résumé de la 16ème journée - 2013/2014,70345
2013-10-12T05:00:57Z,Venezuela vs Paraguay (1-1) Eliminatorias Mundial Brasil 2014,5874
2013-12-05T23:39:08Z,Ligue 1 - Tous les buts de la 16ème journée - 2013/2014,4385
2013-12-01T23:00:01Z,EA Guingamp - FC Nantes (1-0) - 30/11/13 -  (EAG - FCN) - Highlights,3056
2013-12-06T01:02:44Z,Mickaël Landreau 603 matchs en Ligue 1 - Ses plus beaux arrêts cette saison - 2013/2014,30243
2014-05-18T02:51:13Z,SC Bastia - FC Nantes (0-0) - Résumé - 17/05/14 - (SCB-FCN),11889
2014-05-18T05:21:40Z,SC Bastia - FC Nantes (0-0) - Highlights - 17/05/14 - (SCB-FCN),1355
