publish_date,title,view_count
2014-04-15T13:13:58Z,Une minute avec... Wylan Cyprien,6129
2013-10-04T13:53:01Z,"Les premières impressions de Wylan Cyprien, nouveau professionnel au sein du RC Lens.",4295
2014-04-09T13:52:36Z,Alphonse Aréola défie Wylan Cyprien,13242
2014-04-07T07:57:08Z,Sang et Or : la question des supporters à Wylan Cyprien,520
2014-06-24T16:07:53Z,Made in Gaillette,7151
2014-01-28T11:00:02Z,AJ Auxerre - RC Lens (1-2) - 27/01/14 - (AJA-RCL) -Résumé,14174
2013-10-19T22:00:00Z,RC Lens - Nîmes Olympique (1-0) - Le résumé (RCL - NIMES) - 2013/2014,12077
2013-11-12T11:00:02Z,Chamois Niortais - RC Lens (2-2) - Le résumé (NIORT - RCL) - 2013/2014,20160
2014-04-05T22:00:01Z,SM Caen - RC Lens (1-0) - 05/04/14 - (SMC-RCL) - Résumé,18084
2013-10-08T10:00:00Z,AC Arles Avignon - RC Lens (1-1) - Le résumé (ACA - RCL) - 2013/2014,8564
2014-04-22T10:00:01Z,Châteauroux - RC Lens (1-1) - 21/04/14 - (LBC-RCL) - Résumé,9088
2014-07-04T07:02:02Z,"Serie A 1997-1998, day 19 Udinese - Lecce 6-0 (Cyprien o.g., 2 Bierhoff, 2 Poggi, Giannichedda)",181
2013-11-02T20:17:43Z,RC Lens - SM Caen (2-1) Match championnat L2 saison 2013/2014 13eme journée,1189
2013-11-03T18:08:55Z,Clapping RC Lens,6746
2013-09-14T22:00:04Z,Havre AC - RC Lens (6-2) - Le résumé (HAC - RCL) - 2013/2014,52473
2014-03-04T11:00:01Z,RC Lens - Tours FC (2-2) - 03/03/14 - (RCL-TOURS) - Résumé,19299
2014-02-08T23:00:02Z,ESTAC Troyes - RC Lens (1-0) - 08/02/14 - (ESTAC-RCL) -Résumé,8465
2014-07-04T08:27:44Z,"Serie A 1997-1998, day 24 Brescia - Lecce 3-2 (Adani, F.Palmieri, M.Rossi, Cyprien o.g., Kozminski)",463
2013-08-24T22:00:11Z,Stade Lavallois - RC Lens (0-2) - Le résumé (LAVAL - RCL) - 2013/2014,19610
2014-06-30T09:41:02Z,"Serie A 1997-1998, day 06 Milan - Lecce 1-2 (Govedarica, Casale, Cyprien o.g.)",969
2013-10-19T16:58:44Z,Les réactions lensoises après Lens - Nîmes,5066
2014-05-12T13:05:22Z,Arthur Masuaku /NEW West Ham United/ Fast Skills Dribbling Assists Goal /HD/,54143
2014-02-25T11:00:02Z,US Créteil - RC Lens (2-3) - 24/02/14 - (USCL-RCL) -Résumé,10104
2013-11-02T23:25:19Z,RC Lens - SM Caen (2-1) - Le résumé (RCL - SMC) - 2013/2014,27462
2013-08-17T22:00:11Z,RC Lens - AJ Auxerre (4-1) - Le résumé (RCL - AJA) - 2013/2014,62607
2014-03-08T23:14:45Z,FC Metz - RC Lens (0-1) - 08/03/14 - (FCM-RCL) - Résumé,21692
2013-12-11T10:19:21Z,Des reprises qui claquent,4020
2014-07-21T12:27:06Z,Jeff Louis /The Magician/ Crazy Skills  Dribbling &amp; Goals /Full ᴴᴰ/,29922
2014-02-01T23:00:02Z,RC Lens - Stade Lavallois (0-0) - 01/02/14 - (RCL-LAVAL) -Résumé,4670
2013-12-26T12:12:25Z,Tous les buts du Racing,29481
2013-08-31T22:00:10Z,RC Lens - ESTAC Troyes (1-0) - Le résumé (RCL - ESTAC) - 2013/2014,14828
2014-02-01T16:45:04Z,Les réactions lensoises après Lens -Laval,4773
2014-07-20T11:11:17Z,ANDY DELORT /Class Striker/ Skills Dribbling &amp; Goals /HD/,20243
2013-11-02T17:42:27Z,Les réactions lensoises après Lens - Caen,8301
2013-11-26T11:57:26Z,L&#39;OGC Nice et l&#39;AS Monaco se retrouvent...,2337
2014-05-09T23:12:14Z,Le retour des joueurs sur la pelouse,62353
2014-05-23T14:09:51Z,"Alphonse Aréola, Monsieur Plus !",58578
2014-04-11T10:38:50Z,Bafetimbi Gomis /Perfect Striker/ Skills Dribbling &amp; Goals /HD/,99800
2014-01-19T22:59:01Z,Christian Brüls marque un SUPERBE coup-franc - OGC Nice-AC Ajaccio (2-0) - 18/01/14,3541
2014-04-20T12:05:24Z,Cédric Bakambu *NEW* Villarreal CF - Skills Dribbling Goals |HD|,23008
2013-12-15T23:00:01Z,But Eric BAUTHEAC (24&#39;) - OGC Nice-FC Sochaux-Montbéliard (1-0) - 14/12/13 (OGCN-FCSM),1813
2014-04-09T21:43:23Z,M&#39;Baye Niang / Assists &amp; Goals for Montpellier / 2013-2014 Full ᴴᴰ 1080p,18457
2013-11-02T23:42:56Z,Conférence de presse RC Lens - SM Caen (2-1) - 2013/2014,609
2014-05-27T16:11:23Z,Buuuuuuuts !,21799
2014-04-07T15:32:27Z,Le résumé de Caen - Lens (1-0),5897
2014-06-10T13:55:25Z,"Ludovic Baal, l&#39;endurant.",8702
2013-11-24T21:53:50Z,RC Lens vs Chateauroux Clapping Alphonse Areola,1054
2013-12-22T23:00:02Z,But Eric BAUTHEAC (60&#39;) - OGC Nice-Evian TG FC (3-1) - 21/12/13 (OGCN-ETG),884
2013-12-10T14:26:41Z,"Lens, le plus beau public de France.",1308
2013-09-24T12:15:54Z,But de Nice au stade Allianz riviera,52
