publish_date,title,view_count
2013-09-04T12:12:12Z,Abdellah Zoubir on Hibernian Move - Exclusive,6291
2013-10-08T18:19:22Z,Abdellah Zoubir&#39;s assist,1358
2013-08-31T10:23:51Z,Fenlon on New Hibernian Signings Zoubir and Heffernan,944
2013-10-21T11:51:33Z,Guillaume &#39;Boozy&#39; Beuzelin Commentates for #HibernianTV,7702
2014-04-14T23:29:47Z,But de Zoubir (0-1) - 2014-04-14 19:00:00 - T1 - Lundi 21h - Printemps 2014,4
2013-09-13T12:32:11Z,Pat Fenlon on Strength of Hibernian Squad,1818
2014-02-14T18:20:21Z,DuncanWatmoreHibsRaith,2956
2013-10-25T10:13:58Z,Le making-of de la photo officielle,6997
2013-09-14T22:05:01Z,Pat Fenlon Analyses Hibernian&#39;s 2-1 Win at St Johnstone,604
2013-08-30T16:55:28Z,Paul Heffernan on Hibernian Move - Exclusive,1719
2014-05-12T14:16:05Z,Les anciens joueurs avec le kop !,64664
2013-11-03T17:00:12Z,"Motherwell - Stuart McCall post-match vs Hibernian, 03/11/2013",138
2013-09-23T21:38:06Z,Pat Fenlon Previews Hibernian v Stranraer in Scottish League Cup,359
2013-08-08T14:14:48Z,Banga - Qarabağ 0:4 Uefa Europa League 2011/12 (Full Match),748
2013-09-21T22:16:38Z,Pat Fenlon Reviews Hibernian 2 St Mirren 0,503
2013-09-25T01:42:33Z,Liam Craig on Hibernian Hat-trick against Stranraer,1718
2014-01-11T02:08:20Z,"Aberdeen 1 Hibernian 0 | Derek McInnes&#39; post match reaction, 110114",1484
2013-09-20T12:34:58Z,Michael Nelson on Hibernian Form and Tackling Zouby,830
2013-09-20T11:03:19Z,Pat Fenlon Previews Hibernian v St Mirren 20/09/2013,260
2013-09-02T13:50:59Z,Hibernian&#39;s Danny Handling on Scotland U21 Call-up,650
2013-08-31T21:01:13Z,"Staggies rue missed chances in Hibs draw | Hibernian 0-0 Ross County, 31/08/2013",1547
2013-08-26T12:12:37Z,Cody Mulhall and Gareth McCaffrey Talk about Hibernian Life,2751
2014-03-05T10:50:44Z,saif mou2adeb futsal tataouinne ultimate skills,2312
2013-08-27T11:45:38Z,Tom Taiwo on Hibernian Team Spirit,675
2013-12-13T16:28:31Z,"Celtic - Neil Lennon pre-match v Hibernian, 13/12/2013",874
2013-12-07T20:34:29Z,Les buts de Nesle - Lens en Coupe de France,34641
2013-09-14T23:13:10Z,James Collins on Debut Hibernian Goal,949
2013-08-30T13:27:40Z,Paul Hanlon Previews Hibernian v Ross County,412
2014-05-21T12:31:06Z,&#39;QARABAĞ&#39;IN ÇEMPİONLUQ SEVİNCİ  !!!,136
2013-08-28T10:02:15Z,James McDonaugh&#39;s Hibernian Academy Overview,1057
2013-08-25T02:22:11Z,Liam Craig on Hibernian Goals at Kilmarnock,1892
2013-08-14T12:16:04Z,"Scottish Premier League, Hibernian FC vs. Celtic FC, Edimburgh, Easter Road, July 2011.",135
2014-04-18T13:36:51Z,La conférence de presse avant Châteauroux - Lens,4400
2013-11-21T13:48:30Z,Terry Butcher Previews Hibernian at St Mirren on #HibernianTV,1022
2013-10-08T11:34:45Z,Ben Williams Reviews Partick Thistle 0 Hibernian 1,550
2013-08-25T15:15:26Z,Laval Lens 3,148
2013-09-05T23:38:07Z,FC Petrolul - Swansea City AFC - 29 Aug 2013,139
2014-07-18T22:48:20Z,Les réactions après Lens - Troyes en amical,4698
2013-09-24T07:13:19Z,Futsal Toulon vs Cannes Avant-Match Présentation Equipe 2ème Journée Saison 2013 - 2014,134
2013-08-01T15:01:55Z,Hugo   Hugo Guimarães Silva   Atacante   www golmaisgol com br,3207
