published-time,comment,likes
2014-04-02T10:19:26Z,fuck bastia vive rc lens,1
2013-08-29T22:31:23Z,Il a jouer mon père au cab,1
2013-08-29T16:41:45Z,Allez le sco,1
2013-08-28T14:55:02Z,Classement officiel des buteurs : Khaled Ayari (SCO Angers) en tête !,2
2013-08-26T10:08:43Z,angers les plus forts,1
2013-08-25T06:47:56Z,ALLLLLEZZ LE SCOOOO,1
2014-02-01T22:54:46Z,Allez le SCO !!!! Les scoïstes sont derrière vous !!! 49 c'est exceptionnel !!! Battez vous et la ligue 1 est a vous !!!,4
2013-11-21T23:18:27Z,Hey mais c'est quoi se bordel ?! leur gardien ?! Petric ?! pouquoi il est la bas ????? c'est le gardien de Troyes mtn !!!,1
2013-11-21T23:14:54Z,Putain !!! le Stade de Istres quoi... BLINDE ! xD,0
2013-08-12T19:02:58Z,En angleterre les défenses sont tellement moisies (à l'image de celle de istresà qu'à chaque rencontre il y au moins 3 buts.,2
2013-08-08T19:41:03Z,Angers en ligue 1 Angers en ligue 1,0
2013-08-08T11:44:26Z,"Allez le SCO !!!!!!!!
",0
2013-08-07T19:02:40Z,Strasbourg en CFA 20 000 contre Mulhouse merci au revoir,1
2013-08-07T15:09:08Z,"Tu es sur de ça ??

Lens-Bastia : plein milieu des vacances, aucun enjeu, équipe adversaire qui vient de national => 28.000 !

Certains stades de L2 sont bien mieux garnis que certains de L1.",0
2013-08-07T10:11:18Z,très fort ces angevins ! =),1
2013-08-06T12:09:36Z,"Même pas 1000 spectateurs à Parsemain ! vraiment ridicule comme affluence ! 
(Un supporter nîmois)
",1
2013-08-05T14:46:02Z,Superbe le 2ème but d'Istres,0
2013-08-05T09:14:04Z,ligue2 officiel ce qui serait bien ce serait de faire comme la ligue 1 les résumés de tous les matchs en même temps Merci ,1
2013-08-04T17:30:59Z,"c'est la grande différence avec l'anglettere : en ligue 2 les stade sont vide ! en championships il son a guiché fermé . alors si la france veut posseder un grand championnat il faut deja regler ce problème .
",2
2013-08-04T13:51:59Z,"oui xd
",0
2013-08-04T08:01:01Z,ya plus d'angevins que d'istréens dans les tribunes,0
2014-02-04T14:41:42Z,TROP bien jouer encore ,0
2014-01-21T12:24:17Z,lol,0
2014-01-20T17:31:42Z,Frikèche blessé ? Je crois pas nan .,1
2014-01-20T17:31:07Z,ça fait du bien de l'emporter ^^,1
2014-01-19T08:55:37Z,Scoo,0
2013-12-24T10:33:17Z,rooon pschiiiiittt rooooonnn pssccchhhiiiiiiiittt,1
2013-12-23T18:01:29Z,"les gars moi je joue  au centre de formation des u13 de angers et bah mon gars c pas de la tarte tt les jours en tout cas je l'ai est tous rencontre
au moins une fois",0
2013-12-21T23:50:57Z,maliki fait un bon match,0
2013-12-21T23:13:18Z,Maliki !,0
2013-10-07T16:23:46Z,"vive le sco
",1
2013-08-20T10:20:36Z,oh le but merdeux,1
2013-08-14T10:17:37Z,Aller le scooooooooo!!!!,1
2013-08-12T13:34:06Z,Allez le SCO,1
2013-10-24T22:55:16Z,Allez les chamois Niortais vs etes les meilleurs,0
2013-10-21T17:07:27Z,Angers 3,0
2013-10-21T17:06:48Z,Angers 3,0
2013-10-21T17:03:32Z,C'était trop cool j'étais au stade!!!,0
2013-10-21T15:00:49Z,Çà se voit que tu n'es jamais aller à Bollaert ,0
2013-10-20T09:49:02Z,"Les meilleur j'y etait une belle ambience =o
",0
2013-10-20T09:05:25Z,Angers! Angers! Angers! ❤,0
2013-10-20T09:03:18Z,Allez niort !,0
2013-10-20T01:46:27Z,Aller angers,0
2013-09-26T21:39:04Z,"cette saison j'aimerai que angers et lens remontent et que valancienne sochaux descende 
suporter de nantes",0
2013-09-23T19:09:05Z,"faudra travailler la possession angers parce que 34% c est juste !
sinon allez le SCO !!!",0
2013-09-23T18:35:03Z,Ahah ma mini apparition a 2:16,0
2013-09-23T14:15:53Z,Khaled Ayari refait parler la poudre ! L’attaquant tunisien d’Angers SCO a repris place sur le podium des classements officiel des buteurs de Ligue 2 (2e) avec une 5e réalisation lors de la 7e journée. http://bit.ly/14znhfe,1
2013-09-22T19:37:23Z,En avant pour la ligue 1,0
2013-09-22T14:54:07Z,"La dalle Angevine !!
",0
2013-09-22T07:45:00Z,angers !,0
2013-09-21T22:31:30Z,Allez le sco,0
2014-01-29T15:16:36Z,#Ligue2 - Revivez les meilleurs moments de Angers SCO - Dijon FCO (0-0) en vidéo !,1
2014-01-29T09:11:35Z,aller dijon ,0
2014-01-29T06:40:18Z,Angers ce rattrapera contre la CAB vendredi,0
2014-01-28T20:38:23Z,grosse domination angevine ! dommage... ALLEZ LE SCO !!!,1
2013-08-20T07:11:44Z,et allors? l'arbitre en a décider ainsi si sa ne vous plait pas envoyer un dons à une association pour la formation des arbitres en france ; ),0
2013-08-19T11:12:02Z,la simulation flagrante de Blayac l'arbitrage qui comme tout au long du match ne prend pas le bonne decision ,0
2013-08-18T00:55:03Z,Angers en ligue 1 !!!!!!!!!!!!!!!!!!!!   :),1
2013-08-17T23:44:34Z,pfff le pénalty cadeau alors qu'il y a que dalle,1
2013-08-17T23:22:07Z,gg,0
2014-04-13T13:35:31Z,enfin une victoire!!!!,0
2014-04-13T07:46:43Z,allez le SCO !,0
2013-11-05T19:05:34Z,mdr c est vous les bouseux!le sco n a rien a faire en ligue1.et quant le fc nantes se déplacait a angers la saison derniere c étai un stade de bouseux le stade jean groin.des porc je vous dis!il vont vite redescendre au classement ces bléro du sco.allez laval!,0
2013-11-03T09:55:36Z,"Mdr laval trop fort pour Angers ? Attend le match retour .. Tu vas rentrer chez toi en pleurant avec ton tracteur, vous etes à votre place au fond du classement bande de bouzeux ! Ici c'est Angers !",1
2013-09-16T10:17:54Z,"Robic, le ""tout premier but de sa carrière pro'"". Eh oh, il était d'jà pro' au VOC le bonhomme... Le National, c'pas le CFA non plus...",0
2013-09-15T09:59:56Z,Aller Laval on s est balader penalti logique des but magnifique Laval est beaucoup trop fort pour Angers c est tout aller laval,0
2013-09-15T09:32:52Z,allez le sco!,0
2013-09-15T08:19:52Z,"Ah ben c pas trop tot, enfin une victoire pour Laval!!",0
2013-09-15T08:16:29Z,C peut-être un mal pour un bien au sco,0
2013-09-15T08:14:32Z,Pas du tout peno,0
2013-09-15T08:11:25Z,Allez le sco,0
2013-09-15T07:23:08Z,Angers 1er,0
2014-03-03T13:47:30Z,"Angers !!!!!!
Vous allez montés",3
2014-03-02T02:21:15Z,J'en peux plus de ce commentateur ! ,0
2013-09-05T16:40:59Z,c'est vrai moi je attendu que tout le monde se leve pour savoir qu i avait but!,0
2013-09-02T07:07:06Z,SCO!<3!,0
2013-09-01T20:03:21Z,Nan gro,0
2013-09-01T19:19:25Z,À tous les brestois chercher pa c Angers les meilleur,1
2013-09-01T11:29:55Z,moinbe est une merde ou il le fait expres,0
2013-09-01T07:49:38Z,Le but de brest limite limite.,0
2013-08-31T23:57:35Z,Une bonne rentrée de Socrier! Et une fin de match magique :P.,1
2013-08-31T23:26:22Z,"A priori ce n'est pas Socrier qui marque, mais Traoré contre son camp, d'après les aveux du joueur angevin. Quoi qu'il en soit, l'espace laissé à Gamboa par Coulibaly pour centrer est inadmissible et Thébaux est bien apathique.",0
2013-08-31T22:07:52Z,ALLLEEEZ LE SCO. De la tribune coibertin on voyait pas les buts.,0
2014-05-01T09:43:09Z,bravo a arles avignon d'un supporter lorrain,3
2014-03-23T08:00:36Z,"domage le sco qui méritaient mieux vu la physiomie du match ... :-\
Si niort monte, le club signera son arrêt de mort... Nouveau stade a construire, effectif a renforcer, centre d entrainement de ligue 1, pour l un des plus petit budget de ligue 2.",1
2014-03-23T08:00:25Z,"domage le sco qui méritaient mieux vu la physiomie du match ... :-\
Si niort monte, le club signera son arrêt de mort... Nouveau stade a construire, effectif a renforcer, centre d entrainement de ligue 1, pour l un des plus petit budget de ligue 2.",1
2014-03-23T07:45:43Z,"bravo Niort, quand on voit que Niort avait plus etait sur un podium de ligue 2 depuis la saison 2003/2004",0
2014-03-23T07:32:40Z,Bravo aux chamois!,0
2014-03-23T07:10:59Z,Bravo à Niort,0
2014-04-15T13:00:23Z,Beau but de Ben Othman et passe décisive de Ayari ;) ,4
2014-03-30T23:39:07Z,"La passe décisive de Carasso , belle erreur !",0
2014-03-30T12:05:11Z,Très beau match entre deux équipes qui méritent la monté !! Metz est en L1 !! ;),3
2014-03-30T01:43:10Z,Tiens c'est marrant vous ne montrez jamais les penos non sifflés dans vos résumés,7
2014-03-29T23:20:25Z,Allez Metz <3 la ligue 1 est proche ! ,0
2014-03-16T14:16:18Z,aller le sco,0
2014-03-16T08:42:16Z,"Bourde du goal à la 92eme, dommage...",1
2014-03-16T00:07:10Z,Dommage le SCO,0
2013-11-24T10:55:02Z,Lippini*,0
2013-11-24T10:54:22Z,Allez le sco!!! Quel con limini vous devriez avoir honte clermont davoir un joueur comme sa!,0
2013-11-24T09:38:29Z,c'est pas yatara qui rate le péno c'est farnolle qui l'arrete,0
2013-11-24T08:06:18Z,"Par contre Lippini, faute professionnelle je me demande encore pourquoi on laisse des gens comme ça jouer ...",5
2013-11-24T08:01:39Z,Merci Clermont pour nous permettre de rattraper Angers ;d,1
2013-11-03T14:42:41Z,ACA !!! ,0
2013-11-03T01:16:47Z,vive le SCO d'un supporteur lyonnais :p,0
2013-08-17T18:29:48Z,Allez DFCO,0
2013-08-17T18:06:21Z,Allez sco,0
2013-08-05T16:30:14Z,"c cool la ligue 2
",1
2014-05-07T07:35:50Z,Contre Metz il a marqué ,0
2014-03-01T21:40:23Z,"c'est pas evident de jouer en tunisie!!!!! 3aychou cristiano ronaldo, c'est pas evident!!!!!!! ma7soub tounes 7achtha bik héya . allah ghaléb koura ta3ti kén lél ghaffas",0
2014-02-01T13:09:34Z,"Il s'exprime trés bien, posé, réfléchi. Bienvenu Slim. ALLEZ LE SCO !!",5
2013-10-21T02:51:21Z,"Panamá no dejo en alto a nadie, se la pasaron burlandose de México antes del partido, que bueno que quedaron fuera y que los dejaron fuera de esa manera en los 2 ultimos minutos, 2 goles, adios Panamá por engreidos. Costa Rica y EU son las unicas selecciónes de Concacaf que se merecen el respeto de todos... los ticos por su humildad y su buen fútbol y los estadounidenses por dejarlos fuera JAJAJAJAJAJAAJAJA!. SAYONARA.",0
2013-10-21T00:12:53Z,Pues ahi para la próxima!,0
2013-10-19T18:50:40Z,Panama neta asubido mucho su nivel pero ese golazo de chilena nadie lo alcanzaba ni modo para el próximo muldial panama viva mexico,0
2013-10-16T21:23:57Z,"Esta bien acepto que no pasamos al mundial pero hay algo que panamá ha hecho excelentemente y es dejar en panamá en alto como:
dejar su alma en la cancha, quedar de 2do lugar en la copa de oro cosa que muchos de ustedes no han llegado, tener fanáticos de la marea roja que aunque perdamos la MAREA ROJA sigue apoyándolos. 
atte: Una Orgullos panameña y parte de la MAREA ROJA.",0
2013-10-16T17:08:54Z,"¡JAJAJAJAJAJA FUE ÉPICA LA OWNEADA QUE LES METIERON EN 2 MINUTOS LOS DEJARON FUERA DEL MUNDIAL! UN EPIC FAIL TIPICO DE PANAMPA. PACO, PANCHO Y OBAMA LES DICEN ADIÓS JAJAJAJAJAJA!.",0
2013-10-16T05:57:17Z,Haha adios panama!!!!!,1
2013-08-04T23:15:40Z,sneijder drogba a.ş :),0
