publish_date,title,view_count
2014-03-27T09:35:40Z,best of ayari,845
2014-02-11T22:54:09Z,But de Ayari - Angers SCO vs CA Bastia - CDF,3811
2013-09-27T19:58:56Z,Angers SCO - Tours FC. Réaction Khaled AYARI,1139
2013-08-24T22:00:11Z,CA Bastia - Angers SCO (1-1) - Le résumé (CAB - SCO) - 2013/2014,6498
2014-01-16T18:58:23Z,TOTALEMENT FOOT 1ER SEMESTRE 2014 [S.1] [E.2] - Totalement foot du 16/01 - Khaled Ayari,236
2013-08-03T22:00:12Z,FC Istres - Angers SCO (2-4) - Le résumé (FCIOP - SCO) - 2013/2014,16536
2014-01-18T23:00:03Z,Châteauroux - Angers SCO (0-1) - 17/01/14 - (LBC-SCO) -Résumé,4341
2013-12-21T23:00:01Z,Nîmes Olympique - Angers SCO (0-2) - 20/12/13 - (NIMES - SCO) - Résumé,6549
2013-08-10T22:00:11Z,Angers SCO - Châteauroux (1-0) - Le résumé (SCO - LBC) - 2013/2014,6290
2013-10-19T22:00:00Z,Angers SCO - Chamois Niortais (2-0) - Le résumé (SCO - NIORT) - 2013/2014,13044
2013-09-21T22:00:09Z,Angers SCO - AJ Auxerre (2-0) - Le résumé (SCO - AJA) - 2013/2014,12075
2013-08-28T13:40:50Z,Ayari «  je dois confirmer avec les aigles »,2367
2014-01-28T20:08:33Z,Angers SCO - Dijon FCO (0-0) - 27/01/14 - (SCO-DFCO) -Résumé,2802
2013-08-27T05:46:10Z,خالد العياري هداف الدرجة الثاثية الفرنسية برصيد 4 أهداف,199
2013-08-17T22:00:11Z,Dijon FCO - Angers SCO (1-3) - Le résumé (DFCO - SCO) - 2013/2014,8945
2013-08-24T17:41:20Z,Conférence de presse CA Bastia - Angers SCO (1-1) - 2013/2014,315
2014-04-12T22:00:01Z,Angers SCO - Havre AC (1-0) - 11/04/14 - (SCO-HAC) - Résumé,5865
2013-09-14T22:00:04Z,Stade Lavallois - Angers SCO (4-1) - Le résumé (LAVAL - SCO) - 2013/2014,15009
2014-03-01T23:00:01Z,Angers SCO - ESTAC Troyes (1-1) - 28/02/14 - (SCO-ESTAC) - Résumé,4431
2013-08-31T22:00:10Z,Angers SCO - Stade Brestois 29 (2-1) - Le résumé (SCO - SB29) - 2013/2014,10840
2014-04-05T22:00:01Z,AC Arles Avignon - Angers SCO (3-0) - 04/04/14 - (ACA-SCO) - Résumé,5239
2014-03-22T23:00:01Z,Chamois Niortais - Angers SCO (2-1) - 21/03/14 - (NIORT-SCO) - Résumé,8839
2014-03-29T23:00:01Z,Angers SCO - FC Metz (2-2) - 29/03/14 - (SCO-FCM) - Résumé,15798
2014-03-15T23:00:00Z,Angers SCO - US Créteil (2-2) - 15/03/14 - (SCO-USCL) - Résumé,6978
2013-11-23T23:00:00Z,Angers SCO - Clermont Foot (0-2) - Le résumé (SCO - CF63) - 2013/2014,11157
2013-11-02T23:33:37Z,Angers SCO - AC Arles Avignon (1-0) - Le résumé (SCO - ACA) - 2013/2014,4917
2014-01-18T18:41:34Z,Conférence de presse Châteauroux - Angers SCO (0-1) - 2013/2014,332
2013-08-17T16:47:19Z,Conférence de presse Dijon FCO - Angers SCO (1-3) - 2013/2014,439
2013-08-29T00:21:39Z,خالد العياري في اول تصريح بعد دعوته للمنتخب,882
2013-08-03T19:23:06Z,Conférence de presse FC Istres - Angers SCO (2-4) - 2013/2014,426
2014-03-01T18:16:56Z,Conférence de presse Angers SCO - ESTAC Troyes (1-1) - 2013/2014,318
2013-10-19T17:36:45Z,Conférence de presse Angers SCO - Chamois Niortais (2-0) - 2013/2014,460
2014-04-12T17:44:43Z,Conférence de presse Angers SCO - Havre AC (1-0) - 2013/2014,276
2013-09-21T16:58:29Z,Conférence de presse Angers SCO - AJ Auxerre (2-0) - 2013/2014,661
2014-02-16T11:48:00Z,Assist against Kuwait SC,4786
2014-02-01T00:44:21Z,Mohamed Slim Ben Othman,7825
2014-02-06T18:44:39Z,TOTALEMENT FOOT 1ER SEMESTRE 2014 [S.1] [E.5] - Totalement foot du 06/02 - Mohamed Slim Ben Othman,602
2013-12-23T06:32:07Z,J18 : Nîmes / Angers : Résumé du match,600
2013-10-15T21:41:47Z,¡Así somos nosotros! La esperanza es lo último que se pierde.,740
2013-08-01T15:36:09Z,Wikibee Istres - Istres lance sa saison face à Angers,136
2014-04-10T17:29:18Z,TOTALEMENT FOOT 1ER SEMESTRE 2014 [S.1] [E.14] - Totalement foot du 10/04 - Stéphane Moulin,25
2014-02-22T14:31:51Z,هدف المساكني الترجي 2 - 1 المتلوي,1355
2013-12-25T00:01:28Z,Football - Reconversion défensive (FC Metz  - Troyes 21/12/2013 1-0),921
2013-09-27T20:28:56Z,Angers - Tours 1-1 27/09/13,1311
2014-03-06T19:45:29Z,TOTALEMENT FOOT 1ER SEMESTRE 2014 [S.1] [E.9] - Totalement foot du 06/03 - Yohann Eudeline,108
2014-02-13T18:41:39Z,TOTALEMENT FOOT 1ER SEMESTRE 2014 [S.1] [E.6] - Totalement foot du 13/02 -,34
2014-01-25T17:14:57Z,Résumé du match US Orléans 0-0 Amiens SC du 24 janvier 2014,630
2013-10-05T18:50:35Z,peno Wahbi khazri vs lorient,117
2013-09-21T14:01:48Z,Angers SCO - Auxerre. Réaction Charles Diers,241
2013-08-04T19:21:43Z,Arsenal 1-2 Galatasaray | Goller Burada !,7502
