published-time,comment,likes
2014-02-02T00:12:00Z,"Allez dijonnais allez allez allez allez, allez les dijonnais",0
2014-01-12T21:51:36Z,Attention a ce que la moutarde ne vous monte pas au nez ! ,0
2014-01-12T16:18:37Z,"Jolie prestation de Dijon. Bonne route et bonne chance pour la Ligue 1.
                                                                                           Un supporter sochalien",0
2014-01-12T13:51:48Z,Allez dijon !,0
2014-01-12T09:22:04Z,dijon les meilleurs,0
2014-01-12T08:13:42Z,ALLEZ DIJON !!!!!!! EN ROUTE POUR LA LIGUE 1 !!!!!!!!!!,0
2014-03-30T14:05:38Z,Sa va être sérré pour la monté cette saison.,0
2014-03-30T07:41:46Z,Dommage pour Niort..,1
2014-02-16T00:07:42Z,Istres 💜,0
2014-05-06T16:54:59Z,ya personne dans le stade on se croirais ajjacio,0
2014-05-06T16:54:22Z,alllez nancy,0
2014-04-08T16:31:23Z,FC Meeeeeeeeeeeeeeeeeeetz !!!!!!!!!!!,0
2014-04-08T10:23:34Z,metz on encule,0
2014-04-08T10:05:10Z,#Ligue2 - Revivez les meilleurs moments de FC Metz - FC Istres (2-1) en vidéo.,3
2014-02-09T23:20:36Z,ALLER AUXERRE !!!€,0
2014-02-09T13:52:22Z,Bravo l'Aja allez !,0
2013-11-06T16:10:42Z,"#Ligue2 - Kévin Lejeune a réussi un doublé à la passe pour grimper du 7e au 2e rang au classement officiel des passeurs de Ligue 2 avec six unités. Andy Delort recule d’une place pour se retrouver en 3e position avec cinq offrandes. Benjamin Nivet, leader des passeurs de Ligue 2, a vu son avance fondre lors de cette 13e journée !",2
2013-11-03T23:35:25Z,Bien joué Gaétan !,1
2013-11-03T11:21:13Z,"Ouais , il ont battu l'affluence de Lens je suis choqué .. ",1
2013-11-09T23:12:54Z,First,3
2014-03-18T20:41:16Z,Vous montrez pas les buts refusés ? Pourquoi ? Vous vous êtes rendus compte d'un truc ?,1
2014-01-03T23:49:46Z,Vous allez me dire que je dit sa car chui supporters de lens mais je suis pour istres et istress a bien jouer mais lens a pas eu de chance avec cet arbitre meme si jadore istre et que jetais content jai trouver sa un peu bizarre surtout sur le corner...,1
2013-12-26T12:01:21Z,Ouai bah la passe de l'autre zeub la sur le but lensois ils montrent pas qu'il est PAS en hors jeu... j'aurais bien aimé voir quand meme j'suis vraiment pas sur a 100% qu'il ne l'est pas... ,1
2013-12-24T08:05:58Z,Les but soit disant hors jeu vous les montrait pas ? Quelque chose à vous reprocher?  Pour les lensois les buts son hors jeu mais pour Istres rien bien sur- -',1
2013-12-23T16:13:56Z,aller les sang et OR,1
2013-12-22T14:57:44Z,et la blessure d'Areola ça vous semble pas un tournant du match qu'on aurait voulu revoir??,2
2013-12-22T11:24:38Z,"Un résumé ? Grosse blague, les deux buts hors jeux même pas présentés, le but refusé sur corner pour X raisons non montré. 
Va revoir ton métier celui qui s'occupe des résumés. Bien cordialement ",2
2013-12-22T00:28:20Z,Tu parle d'un résumé... ,2
2013-12-21T23:21:57Z,Voilà les beaux supporter de Lens ! Pas les gens honteux qui sont monté a nancy !,1
2013-12-21T21:40:29Z,Vous ne montrez pas les buts refusés de Lens? ,3
2014-03-09T01:30:16Z,"Allez l'estac, la montée va être difficile a obtenir mais est encore possible, battez vous jusqu'au bout ! ",5
2013-12-15T16:56:58Z,Nardi est vraiment bon ! ,0
2014-04-12T22:13:17Z,Aller Caen,4
2014-05-20T13:08:44Z,c etai sur le poteau et non sur la barre ^^,7
2014-05-15T09:27:39Z,Allé la ligue 1 nous tend les mains va falloir poussé notre club a bastia :D,4
2014-05-10T08:08:57Z,Istres ils sont pourris,2
2014-05-10T08:08:55Z,Istres ils sont pourris,2
2014-05-08T18:17:32Z,"""Le secteur offensif est amoindri""
Lucide, ce gars.",3
2014-05-08T06:58:22Z,"Je trouve que le stade de Istres fais franchement pitié, pas d'ambiance, stade au 3\4 vides... Cela s'explique sans doute par ça proximité avec Marseille mais c'est vraiment dommage car il mérite d'être plus suivi. En espérant qu'il se maintiennent en L2.

Bravo au RCL pour ça belle victoire et j’attends avec impatience leur remontée en L1.              ",21
2014-05-07T23:16:20Z,"Le penalty est un peu gros je trouve , y'a déjà 5-0 il aurait pu rien voir . ",5
2014-02-25T15:31:22Z,allez laval!!!!!!!!!!!!!!!!!!!!!,0
2014-02-24T17:03:10Z,"bien sur qu'il y a hors jeu, ça se voit.....",0
2014-02-22T23:25:58Z,Entre les 2 hors jeux istréen cela réduit déja la marque à 3-2 pour Laval et le penalty que tout le monde à vu (meme l'entraineur istréen) sauf l'arbitre qui est une faute quand meme monumental. Ca fait 4-2 pour Laval. Match truqué bonjour ,0
