publish_date,title,view_count
2014-01-11T23:00:01Z,Dijon FCO - FC Istres (4-1) - 10/01/14 - (DFCO-FCIOP) -Résumé,3708
2013-11-23T23:00:00Z,FC Istres - Nîmes Olympique (4-2) - Le résumé (FCIOP - NIMES) - 2013/2014,5224
2013-11-30T23:00:01Z,Châteauroux - FC Istres (2-0) - 29/11/13 - (LBC - FCIOP) - Résumé,4065
2014-02-01T23:00:01Z,FC Istres - US Créteil (3-2) - 31/01/14 - (FCIOP-USCL) -Résumé,3209
2014-03-29T23:00:01Z,FC Istres - Chamois Niortais (2-1) - 28/03/14 - (FCIOP-NIORT) - Résumé,2616
2014-02-15T23:00:01Z,FC Istres - Tours FC (1-0) - 14/02/14 - (FCIOP-TOURS) - Résumé,2393
2014-01-25T23:00:01Z,CA Bastia - FC Istres (2-2) - 24/01/14 - (CAB-FCIOP) -Résumé,2334
2014-04-08T10:00:01Z,FC Metz - FC Istres (2-1) - 07/04/14 - (FCM-FCIOP) - Résumé,7531
2014-02-08T23:00:02Z,AJ Auxerre - FC Istres (1-0) - 07/02/14 - (AJA-FCIOP) -Résumé,2642
2013-11-02T23:33:36Z,FC Istres - FC Metz (1-2) - Le résumé (FCIOP - FCM) - 2013/2014,4232
2013-11-09T23:00:01Z,SM Caen - FC Istres (4-0) - Le résumé (SMC - FCIOP) - 2013/2014,7972
2014-03-01T23:00:00Z,FC Istres - Havre AC (0-1) - 28/02/14 - (FCIOP-HAC) - Résumé,1750
2013-12-21T19:56:05Z,RC Lens - FC Istres (1-2) - 19/12/13 - (RCL - FCIOP) - Résumé,9050
2014-03-08T23:15:25Z,ESTAC Troyes - FC Istres (4-1) - 07/03/14 - (ESTAC-FCIOP) - Résumé,3587
2013-10-19T22:00:00Z,FC Istres - AC Arles Avignon (1-0) - Le résumé (FCIOP - ACA) - 2013/2014,1870
2013-12-14T23:00:01Z,FC Istres - AS Nancy-Lorraine (0-0) - 13/12/13 - (FCIOP - ASNL) - Résumé,2071
2014-04-12T22:00:01Z,FC Istres - SM Caen (2-3) - 11/04/14 - (FCIOP-SMC) - Résumé,5721
2014-05-07T22:00:01Z,FC Istres - RC Lens (1-6) - Résumé - 06/05/14 - (FCIOP-RCL),64116
2014-02-22T23:00:01Z,Stade Lavallois - FC Istres (3-4) - 21/02/14 - (LAVAL-FCIOP) - Résumé,4133
2014-03-08T18:33:31Z,Conférence de presse ESTAC Troyes - FC Istres (4-1) - 2013/2014,120
