publish_date,title,view_count
2013-11-13T19:42:21Z,Senegal v Ivory Coast World Cup 2014 Qualifier,381
2014-01-06T16:00:04Z,La vie en pro avec Pape Modou Sougou - 05 janvier 2014,14279
2013-10-06T22:00:02Z,But Pape SOUARE (17&#39;) - LOSC Lille - AC Ajaccio (3-0 - 2013/2014,6330
2013-09-17T14:56:45Z,Pape Souaré : &quot;Faire preuve de rigueur&quot;,889
2014-04-27T23:12:38Z,LOSC Lille - Girondins de Bordeaux (2-1) - 27/04/14 - (LOSC-FCGB) - Highlights,2650
2014-02-03T12:29:56Z,Appetit de Lion - Lamine Sané (Bordeaux),49669
2013-12-16T16:35:01Z,La vie en pro à Livorno (Italie) - Pape Ibrahima Mbaye - 15 décembre 2013,39292
2013-12-08T23:00:02Z,Girondins de Bordeaux - LOSC Lille (1-0) - 08/12/13 -  (FCGB - LOSC) - Highlights,3466
2013-10-27T09:27:49Z,Mohamed Elyounoussi /The Magician/ Molde - Skills Dribbling Assists Goals /HD/,23839
2013-12-08T23:00:03Z,Girondins de Bordeaux - LOSC Lille (1-0) - 08/12/13 - (FCGB - LOSC) - Résumé,23299
2014-05-22T11:26:42Z,les tests d&#39;Aliou Coly sous le regard d&#39;Ole Gunar Solskear (video),2835
2014-02-23T23:00:02Z,Girondins de Bordeaux - Evian TG FC (2-1) - 22/02/14 - (FCGB-ETG) - Highlights,3078
2014-04-27T10:18:45Z,Sadio Mané *NEW* Southampton - Skills Dribbling Assists Goals |HD|,127272
2014-04-27T22:46:26Z,LOSC Lille - Girondins de Bordeaux (2-1) - 27/04/14 - (LOSC-FCGB) - Résumé,27283
2014-02-23T23:00:01Z,Girondins de Bordeaux - Evian TG FC (2-1) - 22/02/14 - (FCGB-ETG) - Résumé,12334
2013-12-05T23:00:02Z,EA Guingamp - Girondins de Bordeaux (0-1) - 04/12/13 -  (EAG - FCGB) - Highlights,2164
2014-01-12T23:00:02Z,But Anthony WEBER (88&#39; csc) - LOSC Lille-Stade de Reims (1-2) - 12/01/14,1950
2013-10-20T22:44:29Z,Olympique Lyonnais - Girondins de Bordeaux (1-1) - Highlights (OL - FCGB) - 2013/2014,8982
2014-04-30T19:00:03Z,Club House - Lamine et Cheick [Extraits],253
2013-12-26T16:59:20Z,BA - La Vie en pro à Brescia - Adama Diouf (défenseur) et Baba Seck (attaquant),3527
2014-04-02T14:38:34Z,Top 10 des meilleurs jeunes prodiges de - 20 ans !,2812
2013-08-03T13:35:40Z,Chamois Niortais FC - ESTAC Troyes,424
2013-10-10T14:55:53Z,Takuhiro Nakai la jeune recrue prodige du Real Madrid !,36951
2014-04-09T13:26:38Z,L&#39;équipe type des meilleurs jeunes prodiges de - 20 ans !,2746
2013-10-27T23:00:01Z,Goal Cheick DIABATE (75&#39;) - Girondins de Bordeaux - Montpellier Hérault SC (2-0) - 2013/2014,203
2013-12-13T16:37:09Z,BA - La Vie en pro avec Papa Ibrahima  Mbaye,5316
2013-12-15T08:44:50Z,Hightlights Primavera: Chievo - Verona H.,446
2014-06-03T23:38:24Z,Sport à la une - 02 Juin 2014 - Football: Diafara Sakho international senegalais,2696
2014-01-23T22:43:32Z,ALIOU DIOUF GARDIEN DE BUT,100
2014-01-27T15:18:08Z,Appetit de Lion - Cheikh M&#39;Bengue (Toulouse FC),94630
2013-08-28T20:17:48Z,(U19) PS Besançon - SR Colmar,253
2013-09-30T21:28:18Z,Gnabry big week Reaction,819
2013-12-30T21:43:52Z,La vie en pro avec Baba Ndao Seck et Adama Diouf,2363
2014-02-13T12:24:37Z,Appetit de Lion - Remi Gomis (Valenciennes),4217
2013-12-28T15:56:09Z,M&#39;Baye Niang : &quot;Envie de prouver que je n&#39;ai rien perdu&quot; 28/12,3474
2014-04-29T18:31:21Z,Vie en pro avec Henri Saivet - 27 Avril 2014,43876
2014-07-12T21:38:23Z,Niort - Tours FC : match amical saison 2014/2015,290
2014-01-23T01:18:48Z,TRAORE(defenseur) ET OLLOH(attaquant) DEUX VALEURS SURS DU FOOTBALL!,132
2013-11-03T21:23:15Z,FC Bourg Péronnas (B) 3-1 Andrézieux (B) (03/11/13),1229
2014-07-09T23:36:04Z,LAMINE NDIAYE INTERNATIONAL SENEGALAIS,223
2014-04-15T12:48:24Z,La vie en pro avec Diafra Sakho - 12 Avril 2014,63244
2013-10-26T17:25:17Z,Conférence de presse Chamois Niortais - FC Istres (3-1) - 2013/2014,80
2013-12-02T01:37:41Z,National : Bourg Péronnas RC Strasbourg,246
2014-01-04T19:50:02Z,B-Doublé de l&#39;attaquant de pointe Kerfala KOUYATE la révélation (1re mi-temps),366
2013-11-15T13:41:39Z,"Club House - Nantes, taxe et barrages [extrait]",80
2014-06-10T17:15:04Z,VIDEO. Berrichonne Foot : Pascal Gastien est arrivé,237
2014-04-26T12:20:30Z,Paris FC- SR Colmar (réactions d&#39;après-match),400
2014-06-10T15:30:47Z,Conférence de presse de présentation de Willy Sagnol,5664
