publish_date,title,view_count
2014-01-28T11:00:02Z,AJ Auxerre - RC Lens (1-2) - 27/01/14 - (AJA-RCL) -Résumé,14174
2014-02-08T23:00:02Z,AJ Auxerre - FC Istres (1-0) - 07/02/14 - (AJA-FCIOP) -Résumé,2642
2014-05-07T22:00:02Z,AJ Auxerre - Havre AC (2-1) - 06/05/14 - (AJA-HAC) - Résumé,4544
2014-03-22T23:00:01Z,US Créteil - AJ Auxerre (0-2) - 21/03/14 - (USCL-AJA) - Résumé,3919
2013-12-21T23:00:01Z,Havre AC - AJ Auxerre (2-0) - 20/12/13 - (HAC - AJA) - Résumé,7802
2013-12-14T23:00:01Z,AJ Auxerre - Chamois Niortais (2-0) - 13/12/13 - (AJA - NIORT) - Résumé,4743
2014-05-10T22:00:01Z,AC Arles Avignon - AJ Auxerre (0-2) - Résumé - 09/05/14 - (ACA-AJA),3779
2013-12-19T06:00:00Z,FC Nantes - AJ Auxerre (1-0) - 17/12/13 (1/8 de finale) - (FCN - AJA) - Résumé,10148
2014-03-29T23:00:01Z,AJ Auxerre - ESTAC Troyes (0-0) - 28/03/14 - (AJA-ESTAC) - Résumé,2339
2014-01-11T23:00:01Z,AJ Auxerre - AC Arles Avignon (1-1) - 10/01/14 - (AJA-ACA) -Résumé,2621
2014-03-08T23:16:39Z,AJ Auxerre - Dijon FCO (2-2) - 07/03/14 - (AJA-DFCO) - Résumé,5848
2014-04-05T22:00:01Z,Tours FC - AJ Auxerre (2-2) - 04/04/14 - (TOURS-AJA) - Résumé,4303
2014-05-03T22:00:02Z,Chamois Niortais - AJ Auxerre (1-0) - 02/05/14 - (NIORT-AJA) - Résumé,2725
2014-04-19T22:00:02Z,SM Caen - AJ Auxerre (1-0) - 19/04/14 - (SMC-AJA) - Résumé,8350
2014-03-15T23:00:00Z,Stade Lavallois - AJ Auxerre (3-0) - 14/03/14 - (LAVAL-AJA) - Résumé,7836
2014-04-26T22:00:01Z,AJ Auxerre - FC Metz (0-3) - 26/04/14 - (AJA-FCM) - Résumé,19142
2014-01-18T23:00:03Z,Nîmes Olympique - AJ Auxerre (2-2) - 17/01/14 - (NIMES-AJA) -Résumé,3066
2014-03-01T23:00:01Z,CA Bastia - AJ Auxerre (0-0) - 28/02/14 - (CAB-AJA) - Résumé,2140
2014-05-17T22:00:00Z,AJ Auxerre - AS Nancy-Lorraine (0-0) - Résumé - 16/05/14 - (AJA-ASNL),5089
2014-04-05T17:51:42Z,Conférence de presse Tours FC - AJ Auxerre (2-2) - 2013/2014,219
