published-time,comment,likes
2013-12-17T16:53:41Z,"Si vous êtes là , c'est pour voir ou revoir les buts.
Les commentaires injurieux et les grossièretés n' ont pas leur place ici!!!",0
2013-12-16T16:03:07Z,Lens c'est de la merde allez plutau Lille ou paris,1
2013-12-15T20:14:07Z,un match énorme de Ljuboja qui a pesé énormément sur la défense d'Angers... Dangereux à chaque fois qu'il touchait le ballon... un attaquant très précieux !!!,0
2013-12-15T14:01:47Z,Quand YAHIA est là tout va....allez LENS !!!!,2
2013-12-14T21:25:13Z,Ljubo!!!,1
2013-12-14T20:46:36Z,Faut continuer de jouer comme ça à l'extérieur ! Allez Lens !,0
2014-04-02T11:27:10Z,"allez les bleus, 2 matchs a domicile d'affilé pour passé à 51pts et se rapprocher de la deuxième place et prendre le podium!",0
2013-12-16T03:35:00Z,"wow, great run by France but Germany is just too powerful! ",1
2013-12-16T02:48:38Z,"It's so disappointing to see an empty stadium at a final! More so in India, where hockey is a famous sport in that country.",3
2013-12-15T23:49:48Z,Will you post the entire match??,0
2013-12-15T21:11:28Z,Not surprised by the outcome lol,0
2013-12-15T21:11:23Z,Not surprised by the outcome lol,0
2013-12-15T20:16:49Z,"Deutschland, Deutschland, Deutschland, Deutschland! Geil Jungs! Mega!",2
2014-01-31T12:42:20Z,"Tours, cette année beaucoup plus que les autres années, on se dit que c'est faisable de monter en L1 !
On en parle au college, plus de monde va aux matchs, il y a des pubs dans la ville...
Allez le TOURS FC faites nous rever !",0
2014-01-19T07:05:50Z,Allez tours,1
2014-01-02T11:52:42Z,tours fc en ligue 1,1
2013-12-04T17:51:37Z,"ALLEZ LE SCO
allez allez allezallezallez
(je viendrai vous voir samedi prochain contre lens)",1
2013-12-01T13:28:30Z,Allez l'Estac.Lachez rien,1
2013-12-01T12:39:11Z,"Le fait divers du match n'est pas diffusé, dommage, l'arbitre qui tombe par terre et fait tomber un joueur de tours, qui va rester au sol. Bien joué à tours, on a pas géré la premiere mi-temps! Allez l'ESTAC!",0
2013-12-01T03:57:27Z,Allez Tours Fc,0
2013-12-23T14:51:07Z,Vos gueule,0
2013-12-23T14:51:06Z,Vos gueule,0
2013-12-19T06:26:22Z,le 1er but est super,0
2013-12-19T06:22:39Z,1er vue,0
2013-10-13T16:44:39Z,"ALLER L USDK
",0
