published-time,comment,likes
2014-01-28T17:53:15Z,"il faut que les lensois font ce match contre LAVAL
allez LENS!!!!",0
2014-01-28T17:30:48Z,La main xD,0
2014-01-28T17:26:36Z,"Magnifique le but d'Auxerre, bravo a Lens",0
2014-01-28T15:59:48Z,#Ligue2 - 21e journée - Retrouvez le résumé du match AJ Auxerre / RC Lens grâce à notre chaîne YouTube ! Supporters on attend vos commentaires !,6
2014-01-28T11:41:51Z,"Très bon match des deux équipes !
Allez Lens !",3
2014-02-09T23:20:36Z,ALLER AUXERRE !!!€,0
2014-02-09T13:52:22Z,Bravo l'Aja allez !,0
2014-05-09T05:43:12Z,Bravo au premier but de Pléa à Auxerre. OL 3,2
2014-05-08T08:23:16Z,"Il a quoi Sorin, ca fait pas 2 saisons qu'il est blessé ?",0
2014-05-07T22:19:09Z,Firste ,0
2014-03-24T09:45:47Z,Bravo à Pléa pour son premier but,0
2014-03-23T12:10:30Z,Bravo l'Aja on continue allez !!,0
2014-01-05T17:19:37Z,aller ciel et marine,0
2013-12-27T14:02:29Z,et le face a face de mesloub tout seule face au gardien il est ou?,0
2013-12-23T21:40:13Z,L'arbitre a tué le match en sifflant un faute inexistante,0
2013-12-22T17:43:31Z,Comment un arbitre peut faire une faute d'arbitrage comme ça ? Le joueur du Havre aurait du se prendre un jaune pour cette énorme simulation et à la place pénalty et jaune pour Ntep...,0
2013-12-22T10:35:24Z,"bah voila : )) il y a plus qu'a monter en haut de classement les gas !!!!
 ",0
2013-12-25T11:59:04Z,aller auxerre,0
2013-12-17T09:39:25Z,"nantes-auxerre coupe de la ligue :)
super match en approche (de la part d'un supporter nantais )",0
2013-12-15T10:30:37Z,"Magnifique tete de Lefevre, très impressionnante en vrai !",2
2014-05-11T07:49:16Z,C'est dégueulasse la façon dont c'est filmé!,1
2013-12-19T12:05:50Z,"qualification acquise dans la douleur. le but = un coup du sort

néanmoins, bravo a Auxerre qui a fait un bon match, (du moins meilleur que les nantais) et qui meritait de passer",1
2013-12-19T09:34:16Z,Pourquoi ne voit-t-on pas le but refusé de Fernando Aristeguieta ? Alors oui il est hors-jeu mais on pourrait tout de même le voir car il est magnifique.,1
2014-03-30T07:47:52Z,Je me pose toujours cette question : Pourquoi à 0:28 il envoie le ballon en touche dans la zone Troyenne ? C'est pas le 1er match où je vois ça.,1
2014-03-30T01:17:41Z,On a foutu le bordel a Auxerre hahaha Allez Troyes ! ,1
2014-03-29T23:44:57Z,ALLEZ TROYES!!!,1
2014-01-14T15:48:37Z,Lol,0
2014-03-09T22:11:41Z,"Bien joué gastien, c la première fois que je vois un doublé csc. Il faut se ressaisir si on veut monter dijon",0
2014-03-09T17:02:11Z,des barres de rire le commentateur ,2
2014-03-09T12:47:06Z,"Le premier but contre son camp est pour moi de la faute de Diallo, faut prendre des décision des fois c'est bien de vouloir relancer dans les pieds mais quand ta surface est pleine de joueurs adverses au pressing, tu balance une balle devant et tu fais sortir tous le monde, surtout qu'après Gastien n'a pas de solution et je trouve que Perraud est vraiment NUL par rapport a Lecomte qui nous fait une 'putain' de saison !",0
2014-03-09T10:23:03Z,"Faudrait revoir ses fiches, lecomte est sorti et florent perraud est rentré et c'est lui qui encaisse les deux buts ...
On s'est encore fait voler a l'exterieur, la ligue 1 s'éloigne",1
2014-03-09T09:49:19Z,La Bourgogne est Bleue et Blanche!,4
2014-03-09T00:34:10Z,Beau doublé de Gastien,1
2014-04-09T12:45:57Z,"P'tit clin d'oeil...
Jacques Villeret est(été) Tourangeaux, dans ""le dîner de con"" il dit ""allez Auxerre""",0
2014-04-08T16:24:33Z,"Aller Auxerre
          ",0
2014-04-06T08:51:18Z,"Allez tours
",3
2014-05-03T23:15:27Z,"Putain y'a 2 ans ils jouait le réal , sa me ferait mal que auxerre tombe en national :(",0
2014-04-25T20:30:05Z,fan un jour fan toujours allez caen,1
2014-04-23T13:24:06Z,allez malherbe en route vers la L1,0
2014-04-21T19:45:44Z,Caen Caen Caen En Ligue 1,1
2014-04-20T19:18:06Z,"Tricheur un jour, tricheur toujours. Caen ",0
2014-03-18T17:58:45Z,"allez le stade, (un supporter Parisien)",2
2014-03-17T11:02:42Z,Go Tangos !!!!!!! maintien en L2 !!! ( un supporter Lyonnais ),2
2014-03-16T12:33:56Z,triste pour auxerre :( ça fait mal au coeur de les voir comme ça...,1
2014-03-16T09:14:46Z,ALLEZ LAVAL,2
2014-03-16T00:11:09Z,Bien joué la SL,2
2014-05-01T11:39:45Z,qui peux m 'expliqué la banderole avec écrit friteuse dans le kop messins  et aux passages félicitation aux supporter qui on fait le déplacement on entendait que vous dans un abbé deschamps bien vide .Surtout un samedi a 14h00 pour la réception du leader :),2
2014-04-30T21:35:25Z,Sa fais mâle au cœur,0
2014-04-28T17:15:22Z,Arbitre de merde ,2
2014-04-28T10:52:46Z, #Ligue2  - 34e journée  - Revivez tous les buts des matches du week-end grâce aux résumés des rencontres ! http://bit.ly/PKsNaw,2
2014-04-27T08:33:36Z,bravo a metz qui sera en ligue 1 l'année procgaine ( de la part d'un supporter nantais),8
2014-04-27T07:41:57Z,Auxerre ca sent mauvais quand on voit qu'ils vont aller à Niort et Nancy encore...,0
2014-04-26T22:21:34Z,On est en Ligue 1 !!!!!!!!!!!!! Bravo Metz <3,4
2014-04-26T22:15:40Z,FC METZ <3,3
2014-05-17T22:18:14Z,"Bah, ils sont où les buts refusés à Nancy ? ",2
2014-04-06T09:11:50Z,Allez l' AJA,0
2014-04-05T18:02:55Z,Allez Tours Fc #L1,0
2014-04-05T18:02:28Z,Allez Tours Fc #L1,0
