publish_date,title,view_count
2013-12-08T12:58:40Z,Argentina vs France - Men&#39;s Hero Hockey Junior World Cup Argentina [08/12/2013],11317
2014-07-14T22:57:59Z,Gothia Cup 2014 B16 - Bordeaux Elite Football Club / Redlands AYSO : Causerie de Julien Moreau,884
2014-02-23T19:49:31Z,But de Baptiste contre La Quinte (23/02/2014),191
2014-02-23T20:16:37Z,But de Guillaume contre La Quinte (23/02/2014),181
2014-05-02T12:59:30Z,"QOALF, On parle foot: Rc Lens, une résurrection ou un simple feu de paille?",216
2013-10-18T06:50:28Z,PREVOIR VAFC,285
2013-12-14T19:44:29Z,Les buts d&#39;Angers Lens,22615
2014-03-29T23:00:01Z,Stade Lavallois - Tours FC (1-0) - 28/03/14 - (LAVAL-TOURS) - Résumé,3314
2014-05-05T19:44:26Z,LE TRIO DE FEU &quot;OBA&quot; (Olivier - Baptiste - Anthony ),143
2013-12-15T17:11:40Z,France vs Germany - Men&#39;s Hero Hockey Junior World Cup India Final [15/12/2013],31746
2014-04-14T23:22:41Z,But de Baptiste (9-3) - 2014-04-14 17:00:00 - T3 - Lundi 19h - Printemps 2014,6
2013-12-01T23:00:01Z,Goal Ronny RODELIN (46&#39;) - Valenciennes FC - LOSC Lille (0-1) - 30/11/13 (VAFC - LOSC),146
2013-11-30T23:00:01Z,ESTAC Troyes - Tours FC (1-2) - 29/11/13 - (ESTAC - TOURS) - Résumé,5343
2013-12-19T06:00:01Z,ESTAC Troyes - Tours FC (3-2) - 18/12/13 (1/8 de finale) - (ESTAC - TOURS) - Résumé,11968
2013-08-17T19:12:45Z,lens - auxerre but pour lens video HD,885
2013-12-19T00:26:07Z,Faute de leroux guillaume - 2013-12-18 21:38:58 - Terrain 4 - Ligue du mercredi - Automne 2013,8
2014-02-18T23:36:52Z,K.Sen - Defensive Mid/Center Back - 21yo - Bourse Foot USA,91
2013-09-04T17:27:13Z,BORUSSIA DORTMUND vs HAMBOURG TRAILER,155
2013-12-14T19:04:21Z,Les réactions lensoises après la victoire face à Angers (1-2),5951
2014-02-18T00:36:21Z,But de Nicolas Fauvergue (6-4) - 2014-02-17 20:00:00 - T2 - Lundi 20h - Printemps 2014,25
2013-12-19T00:28:49Z,But de leroux guillaume (9-6) - 2013-12-18 21:38:58 - Terrain 4 - Ligue du mercredi - Automne 2013,6
2013-11-06T00:13:34Z,Réguisheim handball (RHB),581
2014-02-26T07:21:43Z,LE JT RMC SPORT DU 26 FÉVRIER,144
2013-12-09T10:51:43Z,Y.Sissoko - 21yo - Center Back - Bourse Soccer USA,223
2014-01-26T20:18:14Z,rclensois radio - Le Before - Auxerre-RC Lens - 26-01-2014,949
2013-09-28T18:51:15Z,USP - Chateauroux,108
2013-10-08T16:05:56Z,USDK vs St Raphaël 05/10/13,75
2013-12-11T13:07:48Z,But | Football | Le Five Caen | Kirikikx,191
2013-12-11T19:49:38Z,SA Mamers C - Marolles-les-Braults (8/12/2013),196
2014-05-20T09:15:51Z,But de Toto contre Sougé-le-Ganelon (18/05/2014),484
2013-12-17T10:33:14Z,SA Mamers B - St-Saturnin B (15/12/2013),191
2013-09-24T20:08:00Z,Allianz Riviera: Feu d&#39;artifice lors de l&#39;inauguration,222
2014-04-29T14:37:03Z,PORTRAIT PATRICK NGOULA - UNION DE DOUALA,1291
2013-09-05T12:59:40Z,"Football, PH : ITW Anthony Desoutter (Rouen Sapin Football Club) 04/09/2013",1298
2014-02-27T00:59:25Z,But de Adrien d&#39;HAUTHUILLE (5-5) - 2014-02-26 21:00:00 - T3 - Mercredi 22h - Printemps 2014,2
2013-12-19T00:27:13Z,But de belhaimer youssef (4-4) - 2013-12-18 21:38:58 - Terrain 4 - Ligue du mercredi - Automne 2013,0
2013-12-19T00:27:27Z,But de rousseau remy (4-5) - 2013-12-18 21:38:58 - Terrain 4 - Ligue du mercredi - Automne 2013,0
