publish_date,title,view_count
2014-03-15T23:00:01Z,CA Bastia - ESTAC Troyes (1-0) - 14/03/14 - (CAB-ESTAC) - Résumé,3080
2014-02-15T23:00:02Z,Dijon FCO - CA Bastia (3-0) - 14/02/14 - (DFCO-CAB) - Résumé,3241
2014-03-29T23:00:01Z,CA Bastia - US Créteil (3-1) - 28/03/14 - (CAB-USCL) - Résumé,5198
2014-03-22T23:00:01Z,Tours FC - CA Bastia (1-0) - 21/03/14 - (TOURS-CAB) - Résumé,2466
2013-09-14T22:00:04Z,ESTAC Troyes - Châteauroux (3-0) - Le résumé (ESTAC - LBC) - 2013/2014,5829
2014-01-25T23:00:01Z,CA Bastia - FC Istres (2-2) - 24/01/14 - (CAB-FCIOP) -Résumé,2334
2014-04-05T22:00:02Z,Havre AC - CA Bastia (1-0) - 04/04/14 - (HAC-CAB) - Résumé,2278
2014-05-03T22:00:01Z,SM Caen - CA Bastia (6-1) - Résumé - 02/05/14 - (SMC-CAB),52172
2014-06-18T13:38:12Z,CA Bastia - Stade Brestois 29 (0-1) - 24/02/14 - (CAB-SB29) -Résumé,1813
2014-04-12T22:00:01Z,CA Bastia - Nîmes Olympique (0-0) - 11/04/14 - (CAB-NIMES) - Résumé,1409
2014-04-26T22:00:01Z,CA Bastia - AC Arles Avignon (2-2) - 25/04/14 - (CAB-ACA) - Résumé,3024
2014-05-17T22:00:01Z,CA Bastia - RC Lens (0-2) - Résumé - 16/05/14 - (CAB-RCL),19235
2014-01-18T23:00:04Z,AS Nancy-Lorraine - CA Bastia (0-1) - 17/01/14 - (ASNL-CAB) -Résumé,4054
2014-02-01T23:00:01Z,Angers SCO - CA Bastia (1-0) - 31/01/14 - (SCO-CAB) -Résumé,7578
2013-09-15T05:28:30Z,PATRIOTAS (1) - (0) CHICÓ - Gol Avimiled Rivas,947
2014-03-01T23:00:01Z,CA Bastia - AJ Auxerre (0-0) - 28/02/14 - (CAB-AJA) - Résumé,2140
2014-01-22T18:04:58Z,Matijas Jonathan in Phuket FC 1-0 Pattalung FC 2011 PART 2 PARTIE 2,190
2014-03-08T23:17:12Z,Stade Lavallois - CA Bastia (2-0) - 07/03/14 - (LAVAL-CAB) - Résumé,3052
2014-01-18T18:37:53Z,Conférence de presse AS Nancy-Lorraine - CA Bastia (0-1) - 2013/2014,419
2014-03-29T19:11:17Z,Conférence de presse CA Bastia - US Créteil (3-1) - 2013/2014,236
2013-10-08T19:04:06Z,Joaquin Rivas: 2014 InfoSport Pro Soccer Combine Participant,785
2013-09-19T04:42:46Z,La Equidad 1 - 2 Vélez Sarsfield Copa Sudamericana 2013,840
2013-08-21T05:55:49Z,La Equidad 0 - 0 Cobreloa Copa Sudamericana 2013,479
2013-08-08T13:25:45Z,Promo Osos Rivas Training Camp 2013,259
2013-08-08T06:11:07Z,La Equidad 0 - 0 Trujillanos Copa Sudamericana 2013,386
2014-03-30T04:27:56Z,Millonarios vs Patriotas (4-0) Fecha 13 Liga Postobón 2014-I,32265
2013-08-15T19:51:52Z,Céltiga 1-2 Arosa SC,644
2014-04-13T20:23:21Z,Arosa SC 2 0 CCD Cerceda,570
2014-04-30T02:49:53Z,JONATHAN ÁLVAREZ - COLOMBIA,2544
2014-05-07T01:30:12Z,CFC 0 SP BARRACAS 0,427
2013-11-16T23:19:57Z,Equidad vs Millonarios (1-1) Fecha 1 Liga Postobón 2013-II,342
2014-07-24T21:58:53Z,Nicolas Colazo - Boca Juniors,17023
2014-07-04T00:14:10Z,SERRANO 3x0 UNIÃO MARECHAL  (02/07/14).,470
2014-02-10T02:04:54Z,Alianza Petrolera 1 - 1 Deportivo Pasto. Fecha 4 Liga Postobón 2014-I -Win Sports,776
2014-01-03T13:54:31Z,Entrevista a Jonathan Medina jugador de FBC Melgar - Fútbol Profesional Peruano 2014 - 02/01/2014,310
2014-03-03T17:59:59Z,Il Fair Play di Moras,1533
2014-01-06T19:02:06Z,ENTREVISTA JONATHAN SEGURA - PATRIOTAS,351
2014-01-05T19:53:32Z,Alondras FC 2-3 Arosa SC,761
2013-08-20T16:11:08Z,ANÁLISIS DESDE LA CANCHA DEL CLÁSICO NACIONAL   FAS 1 0 ÁGUILA,369
2014-05-22T10:33:27Z,Bryan Rochez - Gols - Atacante // Striker,113
2013-08-11T05:26:52Z,SEGUNDO GOL DE PULIDO A RAYADOS,3997
2014-04-10T14:19:16Z,Portrait | Moustapha Bayal Sall (3/3),3036
2013-10-19T00:05:11Z,Futsalon Femenino Yumbo,156
2014-06-08T18:17:23Z,Nuevo crack del futbol,184
2014-03-27T13:20:46Z,Portrait | Moustapha Bayal Sall (1/3),15496
2013-12-08T15:33:01Z,Banfield 4 Vs Unión (Santa Fe) 2 - 21ra Fecha - B Nacional 2013/14,646
2014-03-13T22:54:44Z,Alex Limon of Washington Union High Scores the goal,636
2014-01-31T22:39:24Z,Kyle VENTER | 2014 Preseason,745
2013-12-26T15:35:36Z,Ross Tomaselli: 2014 InfoSport Pro Soccer Combine Participant,423
2014-02-17T20:12:53Z,Jornada Nº 6 - Zamora FC 4-0 El Vigía FC - Torneo Clausura 2014,604
