publish_date,title,view_count
2012-09-04T11:09:53Z,Vicenza - Cesena 3-1 Highlights,2149
2013-04-13T02:17:10Z,"Cesena-Hellas Verona 0-0, 36a giornata Serie bwin",641
2012-09-11T15:39:30Z,Cesena - Novara 1-4 Highlights,941
2012-11-19T04:02:15Z,Nocerina vs Viareggio  - 25 anni BROTHERS,6899
2012-12-24T11:58:44Z,Cesena - Bari 1-1 Highlights,908
2012-12-24T00:25:59Z,Cesena 1-1 Bari 23/12/2012 2012-13 - 20°,770
2013-06-14T11:10:23Z,Presentazione di Nicola Capellini,2549
2012-08-28T07:00:30Z,Cesena-Sassuolo 0-3 Highlights 2012/13,10028
2013-07-28T15:18:39Z,LECCE-Cosenza 1-1 - 06/09/2000 - Coppa Italia 2000/&#39;01 - 2° Turno/Ritorno,405
2013-04-21T17:49:13Z,dal mare alla montagna,122
2012-10-16T18:09:20Z,viareggio catanzaro,170
2012-12-12T15:27:06Z,La foto ufficiale dell&#39;Esperia Viareggio.,330
2013-01-10T21:58:32Z,FC ESPERIA VIAREGGIO CHAMPIONS,450
2012-12-16T21:28:13Z,Esperia Viareggio-Barletta 3-0,1195
2013-05-03T14:24:35Z,"La salvezza dell&#39;Esperia Viareggio, stagione 2009/2010",132
2013-07-11T14:00:39Z,Memorial Sgreccia 2013 - Intervista a Mirko Medici,123
2013-07-03T16:08:49Z,SPORT CALCIO NUOVA COSENZA,37
2013-04-07T18:59:23Z,Esperia Viareggio-Nocerina 0-3,1782
2012-12-04T20:20:51Z,LICATA - COSENZA 1 - 1 DEL 02-12-2012.mpg,276
2012-12-11T21:48:15Z,Matteo Grandi &amp; Richard Marcone - FCS Goalkepeers.mpg,687
2012-11-19T15:26:12Z,SAMBIASE - COSENZA 3 - 4 DEL 17-11-2012.wmv,361
2012-09-01T23:09:48Z,Serie B Win 2012-2012: 2ª giornata - Vicenza vs Cesena (gara integrale),1947
2013-03-15T17:40:20Z,Crotone - Cesena 1-0 Highlights,276
2013-05-18T16:37:16Z,Bari - Cesena 2-1 Highlights,209
2013-03-23T09:06:14Z,Cesena - Livorno 0-0 Highlights,325
2012-10-27T11:20:30Z,Livorno - Cesena 1-0 Highlights,1546
2013-05-17T20:43:13Z,Cesena - Virtus Lanciano 1-1 Highlights,289
2012-09-01T22:54:18Z,Serie B Win 2012-2012: 2ª giornata - Vicenza vs Cesena (01.09.2012),3718
2012-09-17T21:50:51Z,Ternana - Cesena 0-0 Highlights,349
2012-11-19T13:43:10Z,"Hellas Verona-Cesena 1-1, 15a giornata Serie bwin",1102
2012-10-28T19:23:13Z,PRATO - GUBBIO - Magico VENTURI,120
2012-08-01T06:47:09Z,Focus Ritiro AIC 2012 - Fortin,731
2012-08-29T13:53:58Z,Cesena-Sassuolo 0-3 Highlights,1260
2012-12-05T16:45:30Z,Virtus Lanciano - Cesena 3-3 Highlights,576
2013-01-08T19:35:10Z,"IdmTV, Cesar: &quot;Sogno la serie A&quot;",793
2012-11-17T12:06:02Z,Hellas Verona - Cesena 1-1 Highlights,1389
