published-time,comment,likes
2013-04-13T13:05:19Z,perchè ha tolto  cacia e juanito alla fine? io li avrei tenuti su,0
2012-11-19T19:44:12Z,"Chissà come mai ogni nuova volta che riprendono la curva, ci sono sempre più tifosi...
",0
2013-05-18T19:14:58Z,Ora ci siamo anche noi... Serie AAAAAAAA!!!!,2
2013-01-10T22:19:26Z,Tutti in piscina,1
2012-08-28T22:31:18Z,"Il presidente Campedelli gestisce la squadra sull'onda dell'emotività:lo scorso anno ha speso un sacco, preso dei mangiasoldi e fatto una figuraccia.
Quest'anno,dopo aver litigato con tutti, mette il fratello in panchina e presentano una squadra con 11 persone che non avevano mai giocato tra di loro: il sassuolo ha giocato bene ma penso che contro questo cesena avrebbero vinto in tanti.",1
2012-08-28T15:17:10Z,intanto i cesenati c'erano in serie A!!!! ,1
2012-08-28T11:09:04Z,"Più o meno anche nel secondo, è ovvio come il difensore si rallenta sul corpo dell'avversario con il gomito... E li non ha espulso perchè tanto la partita era finita, ma era rosso anche li!",2
2012-08-28T11:07:29Z,"Obiettivamente il primo rigore c'era.. Perchè se mentre corri veloce uno ti da una spinta, vai giu.. E la spinta è chiaro che l'abbia data il difensore..",2
2012-08-28T10:34:56Z,Minkia nn è giusto!!,0
2012-08-28T09:57:22Z,ha pareggiato il cesena!,1
2012-08-28T09:05:37Z,FORZA SASOL!!!!,2
2013-04-08T18:46:42Z,FORZA NOCERINA !!!!!!!!!!,0
2012-09-04T21:33:51Z,Piccola svista... Grazie!,0
2012-09-01T23:43:57Z,"oh ma che lane!!! dai vicenza…

grazie per il video fresco fresco!",0
2012-11-19T15:00:33Z,Dio can un tiro in porta a caso...,0
2012-08-30T19:39:01Z,"Questo video è fatto veramente bene !!!
",0
