publish_date,title,view_count
2012-11-28T14:16:44Z,les gestes technique de frederic nimani.MP4,476
2013-07-03T17:20:28Z,Frederic Nimani OFI Crete Gentikoule.gr,762
2012-11-28T16:51:04Z,debordement de nimani,141
2012-11-28T15:57:02Z,plusieurs actions de nimani,385
2012-11-28T13:59:44Z,petite action de nimani,159
2012-11-28T16:50:52Z,nimani en action contre aek.MP4,835
2012-11-28T16:24:14Z,nimani en action avant son magnifique but.MP4,379
2013-03-17T14:47:10Z,FC Istres - Clermont Foot (0-0) - Le résumé (FCIOP - CFA) / 2012-13,1661
2013-07-03T18:17:28Z,Αφιξη Νιμανι,49
2013-07-03T17:21:58Z,Νιμανι,58
2013-02-13T10:43:28Z,Wikibee istres - Le FC Istres veut se relancer face à Niort,42
2013-03-31T18:54:00Z,Rory Fallons Greatest Goals,2549
2013-02-06T05:33:58Z,Maksym Kowal - Striker/Midfielder - 2012 Highlights,1255
2013-02-03T15:07:59Z,ΑΕΛ-Φωκικός 4-0 Δεινόπαπας ΓΚΟΛ by aelole.gr,2773
2012-11-24T17:58:01Z,Spielbericht SpVgg Unterhaching - Chemnitzer FC,479
2013-07-04T03:36:27Z,TIAGO TARGINO,3917
2012-09-18T17:12:21Z,Francisco Pol Hurtado 2012 B,4039
2012-08-13T16:19:20Z,Paok-Rapid Preview (ΠΑΟΚ),8788
2013-06-25T17:44:09Z,Luciano Galletti OFI Crete Gentikoule.gr proponisi,1042
2013-03-18T22:51:36Z,BS Sports - Deivison William Borges,1232
2013-04-16T15:57:13Z,L1 J19 ASEC Mimosas- ASI d&#39;Abengourou (2-1),2236
