published-time,comment,likes
2013-02-01T16:24:41Z,buena suerte en asteras tripolis,0
2012-10-13T20:30:51Z,jaja miku en las eliminatorias pasada era un dios cuando tocava el balon si no sabes de futbol no digas porfavor primero investiga :),0
2012-10-13T02:35:08Z,cuando hablo de lento no hablo de velocida si no su habilida para pensar y hacer pases -.- y no me gusta miku ya k pasa por un mal momento,0
2012-10-10T15:08:12Z,"Ojala lo meta... Y que farias no juegue con ese esquema ""italiano"" que tiene en la mente pq no serviria de nada las habilidades que tiene este muchacho.. OFENSIVAS Y NINGUN PASE HACIA ATRAS.. ",0
2012-10-03T17:35:25Z,Farias se la comio con este volante,0
2012-10-03T03:58:23Z,Vimos la convocatoria y de una vez buscamos los videos de Pol en youtube xD,0
2012-10-02T23:58:15Z,exacto,0
2012-10-02T17:13:52Z,si lo es mi pana yo lo vi hace varios años jugando con el petare HEILERBOOMBANG la velocidad no es todo yo nunca vi a sidane tirandose un pique con nadie si la velocidad fuera lo primordial para un jugador usain bolt fuera el mejor del mundo,0
2012-10-02T05:10:22Z,verga no tiene velocidad pero las pone toditas alli..ojo clinico ..lo veo mas como volante de salida que como de contencion.. el tipo juega y duro.. Vamos Vinotinto a Ganar...,0
2012-10-02T04:19:49Z,"la velocidad no lo es todo vieja
",0
2012-10-02T03:47:46Z,myu lento no me gusta ,0
2012-10-02T00:29:52Z,tienes calida sera venezolano  de pura serpa ????,0
2013-05-15T21:47:21Z,ASI d'abengourou vous êtes toujour forte hiiiiiiiiiiiiiiiiiiiiiiiiien moi c'est abougon de panam je supporte toujour ASI d'abengourou c'est mon village ....;.;.<3 <3,0
