publish_date,title,view_count
2013-02-02T23:00:14Z,Le Mans FC - FC Nantes (0-3) - Le résumé (LEMANS - FCN) / 2012-13,15298
2013-03-05T11:01:30Z,RC Lens - FC Nantes (1-2) - Le résumé (RCL - FCN) / 2012-13,14504
2012-11-03T23:58:17Z,FC Nantes - Angers SCO (1-0) - Le résumé (FCN - SCO) / 2012-13,17378
2013-05-18T22:00:11Z,FC Nantes - CS Sedan (1-0) - Le résumé (FCN - CSSA) / 2012-13,24907
2013-04-27T22:00:13Z,Chamois Niortais - FC Nantes (0-1) - Le résumé (NIORT - FCN) / 2012-13,6593
2012-12-01T23:00:17Z,FC Nantes - Chamois Niortais (0-0) - Le résumé (FCN - NIORT) / 2012-13,1738
2012-12-15T23:00:13Z,FC Nantes - SM Caen (2-1) - Le résumé (FCN - SMC) / 2012-13,15503
2012-11-24T23:00:16Z,AJ Auxerre - FC Nantes (0-2) - Le résumé (AJA - FCN) / 2012-13,9569
2012-12-12T08:58:05Z,Clermont Foot - FC Nantes (0-1) - Le résumé (CFA - FCN) / 2012-13,4569
2013-04-16T10:00:25Z,Châteauroux - FC Nantes (0-4) - Le résumé (LBC - FCN) / 2012-13,13024
2013-05-14T10:00:26Z,SM Caen - FC Nantes (0-1) - Le résumé (SMC - FCN) / 2012-13,30253
2013-01-12T19:38:21Z,FC Nantes - Nîmes Olympique (1-2) - Le résumé (FCN - NIMES) / 2012-13,4687
2013-04-20T22:00:15Z,FC Nantes - AJ Auxerre (1-1) - Le résumé (FCN - AJA) / 2012-13,10487
2013-02-23T23:00:15Z,FC Nantes - Havre AC (2-0) - Le résumé (FCN - HAC) / 2012-13,10377
2012-11-10T23:00:16Z,FC Nantes - Châteauroux (1-1) - Le résumé (FCN - LBC) / 2012-13,3438
2013-04-06T22:00:13Z,Angers SCO - FC Nantes (2-0) - Le résumé (SCO - FCN) / 2012-13,15996
2013-03-19T11:01:19Z,Dijon FCO - FC Nantes (3-1) - Le résumé (DFCO - FCN) / 2012-13,11282
2013-03-30T23:00:14Z,FC Nantes - AS Monaco FC (1-1) - Le résumé (FCN - ASM) / 2012-13,18576
2012-12-23T23:00:12Z,CS Sedan - FC Nantes (0-0) - Le résumé (CSSA - FCN) / 2012-13,5229
2013-01-26T23:00:13Z,FC Nantes - Tours FC (3-1) - Le résumé (FCN - TOURS) / 2012-13,9257
2013-05-18T01:16:44Z,14 Mai 2013 la L1 pour le FC Nantes .... on y est  .... la Beaujoire en fête .....,1732
2013-05-07T10:00:27Z,FC Nantes - Clermont Foot (0-1) - Le résumé (FCN - CFA) / 2012-13,8353
2013-01-19T23:00:13Z,Stade Lavallois - FC Nantes (0-0) - Le résumé (LAVAL - FCN) / 2012-13,3617
2013-03-09T23:00:20Z,FC Nantes - GFC Ajaccio (2-1) - Le résumé (FCN - GFCA) / 2012-13,11536
2013-02-09T23:00:29Z,FC Nantes - AC Arles Avignon (1-1) - Le résumé (FCN - ACA) / 2012-13,5280
2013-02-16T23:00:28Z,EA Guingamp - FC Nantes (2-1) - Le résumé (EAG - FCN) / 2012-13,19444
2013-04-21T22:00:12Z,But Marko BASA (90&#39; +2) - SC Bastia - LOSC Lille (1-2) / 2012-13,1835
2013-05-18T20:46:19Z,Conférence de presse FC Nantes - CS Sedan (1-0) / 2012-13,2184
2013-01-07T22:18:47Z,feu vert à la technologie sur la ligne de but,1004
2012-11-08T00:02:26Z,FC Nantes 1-0 Angers 3 /11/2012 Ambiance Tribune Loire. Ola a la beaujoire HD,2563
2013-02-16T13:43:18Z,Lucas Son Premier But Au PSG,847
2013-05-13T20:17:39Z,Evian TG - Nice : les joueurs donnent leur maillot,7401
2013-01-10T21:14:29Z,Résumé FC Nantes - Stade Rennais 2003-04,3558
2012-09-30T01:33:16Z,FC Nantes 4-0 RC Lens Samedi 29 Septembre 2012,7954
2013-03-20T13:11:35Z,Zlatan donne pas son maillot,2834
2013-05-17T20:09:37Z,Le FC Nantes en Ligue 1 avec 11FootballClub,9802
2013-05-05T12:39:56Z,David Beckham refuse de donner son maillot aux Marseillais Psg-Om,3723
2013-01-10T21:25:11Z,Résumé FC Nantes - Stade Rennais CDF 2003-04,4822
2013-05-01T20:44:44Z,Ribery offre son maillot à un streaker,114325
2013-04-07T22:00:22Z,L&#39;incroyable sortie de Sirigu dans Rennes-PSG / 2012-13,440368
2013-02-05T10:45:28Z,Fou rire au Canal Football Club en voyant Valbuena,6761
2013-05-18T11:13:18Z,Nantes sedan 2ème but refusé,101
2012-08-12T22:00:13Z,But Yohan MOLLO (90&#39; +4) - AS Nancy Lorraine - Stade Brestois 29 (1-0) / 2012-13,8339
2013-03-28T12:29:53Z,Infos anonymous du 28/03/13,269
2013-05-01T21:41:56Z,Ribery offre son maillot à un streaker -  Franck Ribery gives pitch invader Jersey,51251
2013-05-19T11:13:35Z,FCNA - Sedan : Le but vu depuis la tribune Loire !,561
2013-02-25T18:19:12Z,Luis Attaque / Retour sur PSG - OM - 25/02,487
2012-08-19T22:00:20Z,But ILAN (90&#39; +5) - SC Bastia - Stade de Reims (2-1) / 2012-13,3361
2013-03-05T09:27:26Z,1er BUT  LENS  NANTES Gakpé  05/03/2013,372
2013-02-23T20:24:11Z,But de Fernando Aristeguieta lors du match FCN / Le Havre 23.02.2013,1827
