published-time,comment,likes
2013-03-21T09:00:57Z,*-*,0
2012-12-31T08:54:10Z,Boakye <3 ,0
2013-02-17T11:28:08Z,Lasciamoli rosicareee!!! Intanto voliamo in classifica!!,0
2013-02-17T11:19:49Z,"Ma non capisco, come si fa a dire che non era rigore?",0
2013-02-17T09:23:56Z,Rigore netto! Grandi ragazzi +7,0
2012-12-23T17:47:57Z,"Dai, duri tosi!!!",0
2012-12-23T09:38:53Z,Finalmente una vittoria!!!!,0
2013-06-04T17:56:47Z,Godo Anch'io A vedere la pArtitA di ritorno.... CiAo CiAo Livornesiiiiii :-*,3
2012-12-27T20:09:32Z,"LIVORNO ALE' ALE' <3
",3
2012-12-27T17:26:35Z,"la fortuna???ma che partita avete visto voi?!?!?!anke di francesco ha detto la stessa cosa...la fortuna qui conta ben poco!!avete avuto la presunzione di essere i piu' forti del girone e c'avete preso sottogamba,noia abbiamo avuto l'umilta' di non mollare mai e pedalare!!!!!!ma dire semplicemente ABBIAMO PERSO non e' piu' dignitoso per una bella squadra come la vostra???!!!saluti!",0
2012-12-27T16:51:15Z,guardo e rigurdo questo video e godooooooooooooooooooooooooooooooooooooooooooooooooooooooo!!!!!!!!!!!!!!!!,1
2012-12-27T16:50:35Z,ci sono solo 2 punti..quella che vi abbiamo dato è una lezione di come si gioca a Calcio!!!!,0
2012-12-27T15:22:25Z,magico livorno!!!!!,2
2012-12-27T11:59:23Z,"Possiamo concordare tutti che però sul primo e terzo goal livornese, difesa e Pomini potevano fare ben poco. Sono stati bravi a crederci e la fortuna li ha anche aiutati un pochino, per questo.",0
2012-12-27T07:55:47Z,siamo ancora primi,0
2013-01-12T16:59:31Z,"renzetti è un poveretto. sassuolo squadra senza tifosi, sinonimo dei tempi che corrono. solo padova sempre e comunque.",0
2012-12-18T16:30:52Z,speriamo di vedere il Sassuolo in A l'anno prossimo,0
2012-12-16T16:35:29Z,"superiorità imbarazzante, sembravano 2 squadre di categorie diverse.
Sulla giusta espulsione per doppia ammonizione di Renzetti, manca il rigore;probabilmente l'arbitro non ha voluto infierire.",0
2012-12-16T11:41:31Z,l' espulsione però non c'era,0
2012-12-16T01:34:34Z,La Serie A non e solo un sogno  !!!,0
2012-12-16T00:18:29Z,Gli invincibili!,0
2013-04-14T06:46:10Z,Ragazzi adesso stringe serie a in pericolo . Animo e punti .,0
2013-04-11T15:53:25Z,speriamo rinnovi :( :(,0
2013-07-02T11:10:05Z,Penocchio.. Via potti mi raccomando,0
