published-time,comment,likes
2013-07-15T09:12:46Z,"Ce qui est énervant c'est que c'est toujours celui qui est 3ème en ligue2 et qui monte et qui descends la saison d'après ! Maintenant à nous de montrer qu'on peut rester dans l'élite !
",0
2013-05-27T16:51:21Z,Bon allez l'essentiel c'est la montée meme si sa fait ch... pour la 2ème place que guinguamp nous taxe a la derniere journee !!! Plus réalistes que nous !!!,0
2013-05-27T10:30:29Z,putin la victoire volé on passe derière guimgam du cou -- !!,0
2013-05-26T11:10:45Z,"allez le fc nantes!!!!!!! vous etes les meilleurs
",0
2013-05-15T14:44:28Z,ta pas d'ambitions dans ta vie?,0
2013-02-08T18:22:39Z,^^,0
2013-02-03T08:45:44Z,"Non, parce que c'était un peu normal que Bordeaux gagne MDR",0
2013-02-02T19:16:44Z,vous avez rager contre Bordeaux? :p BORDEAUX ! <3,0
2013-01-29T19:02:29Z,Ah super !!!!  moi aussi je suis supporter de Châteauroux :) ,0
2013-01-28T11:05:14Z,Eh ouais !,0
2013-01-28T05:32:20Z,ah bon ?,0
2013-01-27T09:54:12Z,"Yes, Chateauroux gagne enfin ! (je suis supporter Castelroussin)",0
2013-01-26T23:22:00Z,Châteauroux  :D !!!!,0
2013-04-30T11:45:55Z,"Allez Guingamp
",1
2013-04-28T18:37:37Z,Cst quoi ces stades vides merde,0
2013-04-27T22:35:33Z,fc tstres,1
2013-06-30T09:39:05Z,Le but de meite,1
2013-04-23T23:04:19Z,Bienvenu a Lille !! Meite,1
2013-03-09T13:54:38Z,des buts manifique,1
2013-02-23T09:02:39Z,"Pourquoi quand je clique sur ""J26 : Auxerre-Guigamp : matches croisés"", je tombe sur le match Istres - Auxerre ? Pourquoi ne pas faire deux types de playlist à chaque journée : Résumé et Réaction d'après match ? Là c'est un peu le bordel ...",1
2013-02-21T12:19:23Z,Istres n'a rien pu faire..,1
2012-12-25T14:53:36Z,Trop de matchs nuls. Il va falloir aller chercher plus de victoires pour confirmer le changement. ALLEZ LENS !,1
2012-12-22T23:23:20Z,Sang et or !,1
2013-01-30T14:37:14Z,nicolas de preville vient chez nous a reims ,1
2013-01-21T23:09:04Z,"Enorme equipe de Istres qui, quand elle est au max, fait des choses enormes comme en coupe de France par exemple :D ",1
2012-10-28T09:55:10Z,et le joueur de Istres dans le fond par terre sur le dernier but?? lol,2
2013-05-24T21:33:13Z,Allez Lens <3,0
2013-05-19T16:38:53Z,"Allez Lens !!
",0
2013-05-19T09:26:31Z,"Encore un magnifique public malgré que la victoire ne soit pas au rendez-vous !
Allez Lens <3 ",0
2013-03-07T18:29:16Z,oscar ocampos???? connait pas ,2
2013-02-03T03:42:42Z,vive foued chafik,2
2013-01-24T15:07:11Z,Oscar Ocampos baaah ouai !,2
2013-01-21T13:12:41Z,"Sérieux faites un effort sur les commentaires .. LUCAS OCampos, et c'est encore Ocampos qui dévie le coup franc, et pas Adriano..

Daghe Munegu.",1
2013-01-20T13:39:12Z,"En fait il est d'origine Allemande, d'où l'erreur.",1
2013-01-20T07:50:07Z,Kagelmacher défenseur allemand... --' C un Uruguayen!,1
2013-01-20T01:18:06Z,Oscar ocampos --' cest dur de retenir un prenom?,1
2013-04-16T07:17:14Z,Le mans restera t-il en ligue2?,1
2013-04-13T22:29:40Z,Erreur le score n'est pas de 3-1 mais de 2-1 en faveur des istréens,1
2013-04-22T15:25:40Z,Pourquoi ils remontrent 2 x les coups d'envoi ????,0
2013-04-22T15:22:13Z,lol,0
2013-01-12T23:37:00Z,First,0
2013-03-30T20:43:53Z,Les boul quand même à la 93 eme minute!,0
2013-05-05T09:59:46Z,"Bien joué, allez le HAC!",0
2013-05-09T13:48:21Z,Tours c les meilleurs =),0
2013-06-11T18:59:49Z,centre raté =but !!! vive eag,0
2013-05-19T19:31:35Z,"en premier je rentre
",0
2013-05-19T19:30:19Z,"moi je rentre avec fathi atik
",0
2013-01-01T14:35:34Z,laurie ... dsl ^^,0
2012-12-05T22:16:43Z,"pqoqlqllqlllppñqñaamksosolwmsliwiowoowieiolwlkllqñsm,,,.ñ@Miguel Feutren",0
2012-12-05T10:20:24Z,oui guigamp aller aller!,0
2012-12-05T03:54:49Z,Hugh,0
2013-07-05T10:58:31Z,Sissoko,1
2013-03-17T18:39:41Z,Lorient 1er de Bretagne !!!!!! :),0
