publish_date,title,view_count
2013-03-13T12:04:51Z,Ajaccio 0 - 1 Bastia (Bagarre générale),181530
2013-04-06T22:00:13Z,FC Istres - Stade Lavallois (2-2) - Le résumé (FCIOP - LAVAL) / 2012-13,2001
2013-05-25T22:00:36Z,FC Istres - FC Nantes (2-2) - Le résumé (FCIOP - FCN) / 2012-13,7284
2012-11-03T23:56:42Z,Stade Lavallois - FC Istres (2-1) - Le résumé (LAVAL - FCIOP) / 2012-13,1159
2013-05-11T22:00:11Z,FC Istres - Dijon FCO (2-3) - Le résumé (FCIOP - DFCO) / 2012-13,2777
2013-01-26T23:00:13Z,Châteauroux - FC Istres (2-0) - Le résumé (LBC - FCIOP) / 2012-13,1782
2013-03-17T14:47:10Z,FC Istres - Clermont Foot (0-0) - Le résumé (FCIOP - CFA) / 2012-13,1661
2013-03-02T23:00:14Z,FC Istres - CS Sedan (1-0) - Le résumé (FCIOP - CSSA) / 2012-13,1179
2013-04-27T22:00:13Z,FC Istres - EA Guingamp (2-0) - Le résumé (FCIOP - EAG) / 2012-13,2580
2012-10-20T22:00:12Z,Clermont Foot - FC Istres (2-1) - Le résumé (CFA - FCIOP) / 2012-13,2971
2013-02-16T23:00:14Z,FC Istres - AJ Auxerre (0-3) - Le résumé (FCIOP - AJA) / 2012-13,7032
2012-11-10T23:00:16Z,FC Istres - Le Mans FC (1-0) - Le résumé (FCIOP - LEMANS) / 2012-13,1368
2013-02-05T12:17:55Z,Wikibee Istres - FC Istres - Angers : une victoire pour rebondir,103
2013-02-09T23:00:29Z,Chamois Niortais - FC Istres (0-0) - Le résumé (NIORT - FCIOP) / 2012-13,862
2012-12-22T23:19:03Z,FC Istres - RC Lens (2-2) - Le résumé (FCIOP - RCL) / 2012-13,6522
2012-10-27T22:00:12Z,FC Istres - Tours FC (4-1) - Le résumé (FCIOP - TOURS) / 2012-13,4169
2013-04-19T13:21:06Z,Wikibee Istres - Istres - Arles Avignon : la revanche,119
2013-02-23T23:00:14Z,Nîmes Olympique - FC Istres (1-0) - Le résumé (NIMES - FCIOP) / 2012-13,1214
2013-05-18T22:00:11Z,RC Lens - FC Istres (1-1) - Le résumé (RCL - FCIOP) / 2012-13,3290
2013-02-02T23:00:13Z,FC Istres - Angers SCO (0-0) - Le résumé (FCIOP - SCO) / 2012-13,1691
2013-01-19T23:00:13Z,FC Istres - AS Monaco FC (0-2) - Le résumé (FCIOP - ASM) / 2012-13,6737
2012-11-24T23:00:15Z,FC Istres - AC Arles Avignon (0-1) - Le résumé (FCIOP - ACA) / 2012-13,1320
2013-04-13T22:00:15Z,Le Mans FC - FC Istres (1-2) - Le résumé (LEMANS - FCIOP) / 2012-13,1789
2012-12-15T23:00:13Z,Dijon FCO - FC Istres (3-1) - Le résumé (DFCO - FCIOP) / 2012-13,2353
2013-04-20T22:00:15Z,AC Arles Avignon - FC Istres (1-0) - Le résumé (ACA - FCIOP) / 2012-13,1795
2013-01-12T19:38:22Z,GFC Ajaccio - FC Istres (3-2) - Le résumé (GFCA - FCIOP) / 2012-13,2595
2013-03-30T20:27:10Z,SM Caen - FC Istres (1-0) - Le résumé (SMC - FCIOP) / 2012-13,1403
2013-05-04T22:00:10Z,Havre AC - FC Istres (2-0) - Le résumé (HAC - FCIOP) / 2012-13,2204
2013-03-30T23:00:13Z,Tours FC - FC Istres (1-0) - Le résumé (TOURS - FCIOP) / 2012-13,1256
2012-12-04T11:04:38Z,EA Guingamp - FC Istres (1-0) - Le résumé (EAG - FCIOP) / 2012-13,4291
2012-11-04T23:00:15Z,Stade Brestois 29 - FC Lorient (2-0) - Highlights (SB29 - FCL) / 2012-13,945
2013-03-17T17:23:37Z,Interview de fin de match : FC Lorient - Stade Brestois 29 (4-0) / 2012-13,393
2013-03-19T21:35:53Z,Néné - Kharja Bagarre - www.lebledparle.com,4169
2013-07-28T23:01:25Z,Fin de match Lorient-Brest 4-0 !,152
