publish_date,title,view_count
2012-11-24T23:00:15Z,Stade Lavallois - Dijon FCO (3-0) - Le résumé (LAVAL - DFCO) / 2012-13,2666
2013-01-15T11:00:53Z,AS Monaco FC - Stade Lavallois (1-1) - Le résumé (ASM - LAVAL) / 2012-13,3436
2013-01-26T23:00:13Z,Chamois Niortais - Stade Lavallois (0-0) - Le résumé (NIORT - LAVAL) / 2012-13,770
2013-01-19T23:00:13Z,Stade Lavallois - FC Nantes (0-0) - Le résumé (LAVAL - FCN) / 2012-13,3617
2013-02-02T23:00:14Z,Stade Lavallois - AJ Auxerre (4-5) - Le résumé (LAVAL - AJA) / 2012-13,19242
2012-09-15T20:55:18Z,"En de Lierse Berg ontploft nog maar eens, na de 1-1 van Menga tegen Anderlecht",6000
2012-12-12T09:15:42Z,Beerschot AC supporters lopen polonaise bij 1-7 achterstand,1201
2013-04-18T13:45:29Z,Daylon Claasen verlaat Lierse: audioboodschap Daylon,5030
2013-05-12T17:31:27Z,Afscheidsinterview met Gabor Babos na afloop van N.E.C. -  RKC,3456
