publish_date,title,view_count
2013-07-26T14:54:44Z,Damien Marcq avant Brugge - Charleroi,382
2013-02-21T08:52:06Z,bel arrêt de Damien,78
2013-04-13T22:00:15Z,CS Sedan - GFC Ajaccio (4-1) - Le résumé (CSSA - GFCA) / 2012-13,6527
2013-04-30T10:00:49Z,CS Sedan - AS Monaco FC (1-1) - Le résumé (CSSA - ASM) / 2012-13,6463
2013-05-11T22:00:12Z,CS Sedan - Chamois Niortais (0-2) - Le résumé (CSSA - NIORT) / 2012-13,2201
2013-05-04T22:00:10Z,Dijon FCO - CS Sedan (4-2) - Le résumé (DFCO - CSSA) / 2012-13,5786
2012-10-27T22:00:12Z,EA Guingamp - CS Sedan (2-0) - Le résumé (EAG - CSSA) / 2012-13,2076
2013-05-25T22:00:36Z,CS Sedan - Angers SCO (2-2) - Le résumé (CSSA - SCO) / 2012-13,3902
2012-11-04T00:04:37Z,CS Sedan - RC Lens (0-1) - Le résumé (CSSA - RCL) / 2012-13,5854
2013-05-18T22:00:11Z,FC Nantes - CS Sedan (1-0) - Le résumé (FCN - CSSA) / 2012-13,24907
2013-04-20T22:00:15Z,Havre AC - CS Sedan (1-1) - Le résumé (HAC - CSSA) / 2012-13,1823
2012-11-24T23:00:15Z,CS Sedan - Havre AC (1-2) - Le résumé (CSSA - HAC) / 2012-13,4445
2013-03-30T23:00:14Z,CS Sedan - EA Guingamp (1-2) - Le résumé (CSSA - EAG) / 2012-13,3712
2012-11-10T23:00:16Z,GFC Ajaccio - CS Sedan (1-1) - Le résumé (GFCA - CSSA) / 2012-13,1924
2012-10-20T22:00:12Z,CS Sedan - AC Arles Avignon (4-2) - Le résumé (CSSA - ACA) / 2012-13,4963
2013-07-14T20:39:48Z,Rcsc - Virton  : But Pino Rossini,23910
2013-07-26T15:12:20Z,Felice Mazzu avant Brugge - Charleroi,400
2013-04-02T12:10:22Z,Francis N&#39;Ganga après Malines - Rcsc,458
2013-04-08T14:10:15Z,Interview des joueurs après RCSC - Ohl,446
2013-03-06T01:29:10Z,W-Btv S03E29,1481
2013-07-10T13:03:59Z,Interview après Boussu-Dour,1012
2013-06-20T14:30:16Z,Rencontre avec Riffi Mandanda - International Espoir congolais - Tournoi de Toulon,15770
2013-04-23T13:58:16Z,"Parfait Mandanda, Carolo jusqu&#39;en 2017",1563
