published-time,comment,likes
2013-04-14T13:41:49Z,"Aller Sedan !!! L'année dernière à quelques points de la montée, là tu va peut-être (surement) descendre....
Et dire que la plupart des joueurs titulaires étaient blessés ou suspendus ...
Même si tu es en National (ou plus bas si le dépôt de bilan est déposé ...) je continuerais à venir te voir toutes les semaines !
",3
2013-04-14T09:34:02Z,Oui moi aussi,0
2013-04-14T08:57:07Z,"Comme quoi, les 2 derniers sont capables de faire de belles actions et du beau foot.
J'espère que les Sedanais parviendront à se maintenir.",0
2013-04-30T17:28:31Z,"Qu'ils viennent jouer dans ma campagne, le terrain est 10 fois mieux ...",0
2013-05-11T23:11:35Z,Merci c vraiment cool !,0
2013-05-11T07:52:05Z,"Et encore, l'olympique U13 .
J'ai été voir Sedan-Niort hier ... Une catastrophe ! J'ai arbitré un match de débutant et ils ont fais les même erreurs . Officiellement relégués .",0
2013-05-05T21:15:38Z,Allez Sedan :(,0
2013-05-05T10:22:06Z,First !!!,0
2012-11-06T17:11:04Z,"amis lensois , regarder ma chaine youtube :)   des vidéos du rc lens en ligne !! allez lens et belle victoire a sedan :)",1
2013-07-26T08:24:20Z,Cavani on t'attend !,6
2013-06-12T10:15:31Z,tout faux ,0
2013-05-31T20:59:35Z,^^,0
2013-05-31T19:59:53Z,par contre guingamp va pas durer ,0
2013-05-29T15:22:36Z,"sinon vous avez peut etre une chance si vous recruter un joueur a chaque poste :)
",0
2013-05-28T20:42:35Z,"c'est ce que je pense mais des fois, et comme dans tous les clubs, ya des supporters arrogant d'autre non et c'est difficile de faire la différence :)",0
2013-05-26T21:44:09Z,pcq tu crois faire quelque chose contre nous avec cette équipe??? seul monaco vaut quelque chose dans ceux qui sont montés :) ,0
2013-05-21T17:46:22Z,"aller nantais enorme l'erdre qui répondait a la loire bravo PARIS CES LA MISERE MISERE MISERE PARIS CES LA MISERE MISERE MISERE PARIS CES LA MISERE MISERE MISERE OH OH OH OHHHHHHHHHHHHHH
",0
2013-05-19T11:44:02Z,Vraiment content de vous revoir parmi l'élite! (de la part d'un supporter marseillais),5
2013-05-19T11:43:21Z,Ambiance de ouf pour une remontée fantastique ! ,2
2013-05-19T07:28:36Z,Enfin on remonte en L1. On arrive,1
2013-05-18T22:56:06Z,Yes Nantes ! Ligue 1 est à nous !,0
2013-05-18T22:38:25Z,"Cette ligue n'existe pas mon cher ami xDD
Ahh trop content que Nantes monte , l'année prochaine ça va être difficile , mais ce groupe a des potentialités !! :P",0
2013-05-18T22:36:49Z,On est en ligue 1 ! <3,1
2012-11-25T15:54:38Z,"La vidéo confirme une chose, le match nul était mérité et le 2e but de Sedan est valable.",0
2013-07-15T17:43:20Z,Otrese ga svaka mu cast .,0
2013-07-15T11:40:34Z,Un goal ainsi en championnat c'est le goal de l'année. Notre équipe commence à se former ! Que ça continue seulement..,0
2013-07-15T11:04:53Z,Hum hum,0
2013-07-14T20:42:28Z,Magnifique!! Qu'il en claque ainsi en championnat!,0
2013-06-20T17:02:59Z,il n'y a rien d mieux que aimer sa patrie ,0
