publish_date,title,view_count
2012-12-22T23:18:02Z,Clermont Foot - AJ Auxerre (1-2) - Le résumé (CFA - AJA) / 2012-13,3169
2012-12-12T23:00:14Z,AJ Auxerre - Chamois Niortais (4-2) - Le résumé (AJA - NIORT) / 2012-13,8750
2013-01-26T23:00:13Z,AJ Auxerre - Le Mans FC (1-1) - Le résumé (AJA - LEMANS) / 2012-13,3332
2013-03-30T23:00:13Z,AJ Auxerre - Dijon FCO (0-0) - Le résumé (AJA - DFCO) / 2012-13,1750
2013-03-09T23:00:19Z,AJ Auxerre - Havre AC (4-1) - Le résumé (AJA - HAC) / 2012-13,9781
2013-01-12T23:00:15Z,AJ Auxerre - SM Caen (1-2) - Le résumé (AJA - SMC) / 2012-13,5247
2013-03-17T14:46:55Z,RC Lens - AJ Auxerre (1-0) - Le résumé (RCL - AJA) / 2012-13,14275
2013-03-02T23:00:14Z,AC Arles Avignon - AJ Auxerre (2-1) - Le résumé (ACA - AJA) / 2012-13,3348
2012-12-01T23:00:17Z,Châteauroux - AJ Auxerre (1-1) - Le résumé (LBC - AJA) / 2012-13,3620
2012-10-27T22:00:12Z,Dijon FCO - AJ Auxerre (0-1) - Le résumé (DFCO - AJA) / 2012-13,3859
2012-10-21T19:39:17Z,"Vacance des pro&#39; a DoualaMBIA,KOULOU MANDJECK et les autres   centre de fagahfeutcheu fc VS dinamo",935
2013-04-06T22:00:13Z,GFC Ajaccio - AJ Auxerre (0-0) - Le résumé (GFCA - AJA) / 2012-13,1953
2013-04-13T22:00:15Z,AJ Auxerre - AS Monaco FC (0-2) - Le résumé (AJA - ASM) / 2012-13,9740
2012-12-15T23:00:13Z,Angers SCO - AJ Auxerre (2-1) - Le résumé (SCO - AJA) / 2012-13,3652
2012-11-10T23:00:16Z,AS Monaco FC - AJ Auxerre (2-0) - Le résumé (ASM - AJA) / 2012-13,14015
2013-02-23T23:00:14Z,AJ Auxerre - EA Guingamp (2-1) - Le résumé (AJA - EAG) / 2012-13,7683
2013-02-02T23:00:14Z,Stade Lavallois - AJ Auxerre (4-5) - Le résumé (LAVAL - AJA) / 2012-13,19242
2013-02-09T23:00:28Z,AJ Auxerre - Tours FC (3-2) - Le résumé (AJA - TOURS) / 2012-13,7993
2012-11-04T00:01:34Z,AJ Auxerre - GFC Ajaccio (1-1) - Le résumé (AJA - GFCA) / 2012-13,2619
2012-11-10T21:27:08Z,Conférence de presse AS Monaco FC - AJ Auxerre (2-0) / 2012-13,232
2012-09-26T11:39:00Z,"A dix, l&#39;AJA sort Angers des 16èmes de finale de la Coupe de la Ligue",3924
2012-08-05T10:48:09Z,Interview Valéry Mezague tournoi UNFP 14/07/2012,1081
2012-09-15T23:09:50Z,UJA Maccabi Paris - Grenoble Foot 38 Coup-franc de Flo michel vid_0216,244
2013-04-19T22:21:47Z,Olivier Boumal - profil sporif (classique),2148
2013-06-24T18:26:10Z,Israeli Beach Football League 2013 - Week 1 - Maccabi Haifa vs. Maccabi Yaffo,95
2012-10-20T17:17:42Z,DEFENSSEUR CENTRAL FéFé Le 3,221
