published-time,comment,likes
2013-06-10T18:49:46Z,+1 abonnés :) ,0
2012-08-31T22:25:20Z,0:46 c'est moi ! :D,0
2012-08-15T10:36:14Z,"merci pour les resumer que tu met
",0
2012-08-13T23:30:34Z,Je suis ton 100 ème abonné ;) ; et merci pour tous ces résumés,0
2012-08-13T22:50:52Z,"Oui, quand le match se déroule le lundi, je suis en mesure de la publier le soir même ;D",0
2012-08-13T21:52:07Z,Rapide la vidéo ! ^^,0
2013-01-09T18:15:13Z,"vive la Racing tous se qui dise le contrais il aurons dans les fesse a la fin de la saison aller lensois
",1
2012-11-27T22:11:07Z,"ouais enfin faut pas rêver votre entraineur il se chiait de venir a Nîmes, pour un promu, avec un centre de formation nouvellement homologué, des finances au ras des pâquerettes, un président un peu à la masse malgré les sacrifices concédés. L'ARGENT TJR L'ARGENT A CROIRE QUE LE FOOT POPULAIRE EST MORT;
NON AU MATCH A 18H45",0
2012-11-25T19:26:19Z,FORZA S&O !!!! GLOIRE AU RACING !!!,1
2012-11-25T14:29:16Z,"et y sont là, et y sont là, et y sont là les sang et or!!!!! c(est bon de gagner quand meme !!! :-) Vive le racing
",1
2012-11-25T11:17:07Z,Et un but refusé de David Pollet aussi,1
2012-11-25T06:32:00Z,S'aurait pur faire 4/1 si pollet l'aurai pas mis sur la transversale et si le but de lemoigne n’étais pas hors jeu ( il n'est pas dans se résumer le but d'hors jeu de lemoigne,1
2012-11-25T06:28:05Z,"Rcl
",1
2012-11-24T23:21:12Z,Racing Club de Lens ♥♥♥,1
2013-02-09T22:55:42Z,"plus de vidéos du RCLENS sur ma chaine ;)
",1
2012-12-19T16:48:30Z,Vive Lens .,1
2012-11-13T19:03:19Z,Tu rages que ton équipe n'ai pas gagné ? :),0
2012-11-13T18:17:33Z,pourri allez malherbe!,0
2012-11-13T17:54:18Z,Valdivia simulateurrrrrrrr vivement le retour a caen ;),0
2012-11-13T17:09:24Z,tu vas pas jouer du psg?,0
2012-11-13T17:08:37Z,frustré,0
2012-11-13T11:08:34Z,ALLEZ LENSOIS ALLEZ 5 MATCHS SANS PERDRE ! ,0
2013-05-04T14:30:41Z,"alllez  etg allez etg allez etg
",0
2013-05-04T14:30:17Z,"trop classe le 2eme but de l'etg
",0
2013-04-14T18:38:11Z,POLOLO  Berigaud !!!!!!!!!!!!!!!!!,0
2013-03-23T22:16:50Z,el 2 gol esta muy bien :),0
2013-03-06T19:07:34Z,Uj,0
2013-02-27T13:36:18Z,Aller ETG FC!!  Félicitations du Canada!,0
2013-01-30T18:14:45Z,Welkom David ;),0
2013-01-29T17:43:22Z,"Doet de moeite om Nederlands te praten, respect. 

Succes Vandenbroeck!",0
2012-12-02T12:24:08Z,"Enorme , Lensois un jour , lensois toujours <3 ",0
2013-03-19T15:08:05Z,flamand de chien,0
2013-03-11T21:39:48Z,J'ai hâte de revoir un match de Charleroi au stade,0
2013-07-28T19:42:03Z,"topper in spe
",0
2013-07-22T07:08:25Z,and Amazing long pass :D,0
2013-05-13T03:26:18Z,Anderlecht mag steeds méér dan een ander van de scheidsrechters...!!!en..ze zijn zeker en vast niet van de sportiefste spelers... :/,0
2013-05-13T03:24:41Z,verkoop toch niet zo'n zever man..Anderlecht heeft altijd de scheidsrechter aan hun kant..daarom heet het ook Anderlecht..zoals o.a. de fase met Buffel z'n bloedneus..(bal komt omlaag om te koppen..en wat gaat er eerst de lucht in?..Juist..eerst de elleboog en DAN PAS het hoofd..)shame on you Anderlecht en scheidsrechter!!!!,0
2013-05-13T03:21:35Z,Compleet onverdiend gewonnen Anderlecht!!!Shame on you...en zoals altijd de scheidsrechter mee..!,0
2013-05-13T00:20:41Z,traduction en français??? ,0
2013-05-12T20:53:36Z,"We really need to start playing like champions against Lokeren and SVZW, because it wasn't always good today

",0
2013-05-12T20:15:33Z,On sera champion jeudi,0
2013-07-20T06:59:54Z,Anderlecht champion,5
2013-05-20T11:20:28Z,we are anderlecht <3,5
2013-07-31T19:50:26Z,"Pique, mascherano, messi, alves, xavi? Barca b?",0
2013-07-24T11:41:51Z,"nou ja , je ziet duidelijk messi die er nog naar tackelt, plus mascherano en ik denk ook nog Pedro :p volgens mij geen Barca b ;)",0
2013-07-24T10:32:13Z,"wel barca b maar bon :p
hij zal er wel een paar binnenknalle",0
2013-06-21T11:19:02Z,En welk muziekje mag dat dan wel zijn ?:),1
2013-06-21T10:44:35Z,Leuk dat je van dat irritant muziekje afgestapt bent :),0
2013-06-13T12:15:03Z,als hij zo kan spelen tegen Barcelona gaat hij het super goed doen bij ons tegen kleine Belgische ploegskes ! :D <3 WE ARE ANDERLECHT <3,0
2013-02-09T17:35:37Z,Plus de vidéos sur RCLENS sur ma chaine ;D ,0
2012-12-05T13:43:19Z,"Magnifique , lens redevien le vrai rc lens !
",0
2013-06-12T19:47:01Z,Tony Bogers Waar maken de Kielse Ratten na gene ambras ?,0
2013-04-20T19:19:32Z,"Zinge die van bevere nu; Boere?.. Ludiek!
",0
2013-03-11T22:16:50Z,"Boere van Beveren, hahaha !! Lachewekkend, en lopen dat die doen !!!",0
2013-03-10T16:04:41Z,we all agree bevere supps are wankers,0
2013-03-10T10:49:32Z,merci bevere merci bevere merciiii,0
2013-01-27T15:29:55Z,"Allez vous abonnez a ma chaine 100% lensoise ;D
",0
