publish_date,title,view_count
2012-12-02T15:20:13Z,David Pollet au Racing Club de Lens,2949
2012-08-13T20:36:22Z,HD Lens Le Havre (J3) But de Pollet,4699
2013-03-10T10:28:37Z,Lokeren - Charleroi (GOAL de David Pollet) 1-1,1352
2013-03-17T14:13:32Z,Charleroi - Waasland Beveren (2ème Goal de David Pollet) 3-0,351
2013-03-17T14:08:16Z,Charleroi - Waasland Beveren (Goal de David Pollet) 3-0,470
2013-03-06T13:56:10Z,Itw d&#39;apres match Rcsc - Zulte,435
2012-11-24T23:00:16Z,Nîmes Olympique - RC Lens (1-2) - Le résumé (NIMES - RCL) / 2012-13,3710
2012-08-20T08:31:31Z,Football : Lens réussit sa rentrée,656
2012-12-01T23:00:32Z,RC Lens - Stade Lavallois (1-0) - Le résumé (RCL - LAVAL) / 2012-13,3982
2013-04-17T14:50:30Z,Sp.Charleroi-OH Louvain 3-0 penalty de Pollet,185
2013-03-19T02:51:26Z,R. Charleroi .S.C. - Waasland-Beveren le 2-0 But David Polet By Julien Trips Photography,786
2013-03-18T14:05:34Z,Itw joueurs après match Rcsc - Waasland,1015
2012-11-13T11:00:53Z,RC Lens - SM Caen (0-0) - Le résumé (RCL - SMC) / 2012-13,3405
2013-04-04T20:04:09Z,RC Lens TV - UEL - Belo gol de Pollet contra o Spartak Moskow,23
2013-03-12T16:41:52Z,"RC Lens TV - Em bela jogada individual, Pollet marca belo gol e empata o jogo",39
2013-02-23T13:27:47Z,RSCA Talent Day BNP Fortis,1979
2013-02-27T09:57:02Z,ETG FC - Le Havre AC,6370
2013-01-29T17:40:01Z,29-01-2013 David Vandenbroeck,1937
2012-12-01T22:38:14Z,Ultras Lens,12846
2013-03-10T11:00:29Z,Lokeren - Charleroi (Fin du match avec les joueurs) 1-1,451
2012-10-07T10:38:57Z,Chareleroi - OH Leuven,3773
2013-04-08T15:40:47Z,Charleroi - OH Leuven - Play-offs2B,674
2013-03-19T02:51:26Z,K.S.C. Lokeren - R. Charleroi .S.C. Compil By Julien Trips Photography [ Rcsc-1904 ],767
2013-04-10T12:39:09Z,mons-lierse 06 avril 2013 BUT important de ALOYS NONG,197
2013-03-11T18:49:17Z,R. Charleroi .S.C. - Zulte Waregem Compil + Tournage &#39;&#39; Akwaba &#39;&#39; ( Benoit Poelvoorde ),1699
2013-07-17T16:36:30Z,Youri Tielemans - Amazing Trick (RSCA),93901
2013-05-12T20:11:35Z,Reactions after RC Genk - RSC Anderlecht,4382
2013-03-02T11:35:45Z,Le grand Jojo - Anderlecht Champions! (FR),66231
2012-09-16T14:34:33Z,Mons - Charleroi (3ème GOAL de CHARLEROI BADIBANGA) 2-3,988
2013-06-10T20:30:54Z,Fede Vico - Welcome to RSC Anderlecht!,13039
2013-04-10T09:46:30Z,R. Charleroi .S.C. - O.H. Leuven le 3-0 La Compil By Julien Trips Photography [ rcsc-1904 ],814
2013-07-16T12:35:27Z,Amazing Bicycle Goal Giuseppe Rossini Charleroi vs Virton | 16/07/2013,2887
2013-01-14T09:00:59Z,Stage Turquie  Day 5,934
2012-12-24T04:03:16Z,K.A.A. Gent - R. Charleroi .S.C.0-1 compil&#39; par Julien Trips Photography [rcsc-1904],1188
2012-12-27T15:54:40Z,charleroi-mons 1-2,1510
2012-08-30T15:57:28Z,"Anderlecht-Limassol After match, grand jojo",448
2013-02-04T11:04:56Z,OH Leuven - Charleroi,954
2013-03-04T07:29:57Z,feestje na Charleroi vs Essevee 03-03-2013,90
2012-09-28T12:00:05Z,Charleroi - Genk (Aux armes avec la T3 !!!) 1-2,872
2012-12-03T11:38:55Z,Communion des joueurs avec le public après Lens-Laval (1-0),19341
2013-05-02T20:38:51Z,Real Madrid vs Atl. Madrid 0-1 La Liga All Goals And Highlights 28-09-2013 HD,3546
2013-03-10T06:56:34Z,Skb - Beerschot,7699
2013-03-10T10:18:29Z,Lokeren - Charleroi (R C S C !!!) 1-1,301
2012-12-27T19:30:38Z,charleroi-mons 1-2,1156
2013-05-25T04:10:01Z,Dieumerci NDONGALA 2012-2013,4510
2013-03-17T14:28:43Z,Charleroi - Waasland Beveren (Fin du match - VICTOIRE DU SPORTING CHARLEROi) 3-0,527
2013-02-27T17:07:58Z,Interview René Peeters,1711
2013-01-23T21:02:05Z,"Interview et réaction de Eric Sikora, entraîneur du RCLens",589
2012-09-16T14:01:00Z,Mons - Charleroi (Ambiance début de match) 2-3,392
2013-03-17T14:03:31Z,Charleroi - Waasland Beveren (Goal de Milicevic) 3-0,329
