published-time,comment,likes
2013-05-10T15:36:20Z,Auxerre ont gagner s'en Probléme. ,1
2013-01-08T17:20:20Z,"Auxerrois <3
",1
2012-12-13T21:02:20Z,"Au vu de toutes les erreurs défensives (d'un côté comme de l'autre), pas sûr qu'il y ai beaucoup de choses à retenir de ce match... La victoire fait du bien quand même.",1
2012-12-13T16:16:52Z,"C'est affligeant de voir de telles erreurs quand même, mais bon ça fait du bien pour l'aja. En espérant que la deuxième partie du championnat soit bien plus régulière, on ne sait jamais faut toujours espérer une remontée en L1",2
2012-12-13T16:12:47Z,on l'aime cette aja la !,1
2013-04-01T14:38:12Z,"Les Auxerrois qui disent ""fuck Dijon"" c'est tellement ridicule :') 
Les dijonnais ont soutenu Auxerre durant ses belles années et maintenant Auxerre se croit supérieur à tout le monde.",0
2013-03-31T10:51:12Z,"AjA <3 
fuck dijon !!!!",0
2013-04-06T11:50:21Z,LE FCR CEST LES MEILLEUR DU MONDE,0
2013-03-10T14:28:15Z,"Messieurs les socialistes, mettez la main à la poche. Ne vous ridiculisez comme Lecanuet uniquement parce que Guy Roux et Gérard Bourgoin ne partagent pas vos opinions politiques... C'est d'abord la ferveur de toute une région qui est en jeu. C'est ça aussi le socialisme !",3
2013-03-10T14:25:25Z,"Il n'existe qu'un seul grand club de foot en Normandie, c'est le FC Rouen. 8ème de finaliste en Coupe des Villes de Foire (ancêtre de l'UEFA et de l'Europa League) en 1970. On serait encore là, si Jean Lecanuet n'avait pas flingué le club, comme est en train de le faire le maire d'Auxerre Guy Ferez avec l'AJA. Voir disparaître l'AJA me fend le cœur pour des raisons politiciennes car c'est un club mythique parti de rien. Même si Bourgoin c'est pas top, Auxerre doit survivre.",1
2013-03-10T09:00:41Z,"Allez le HAC, on va vite se relever ;)",0
2013-03-10T09:00:26Z,Pas de mal ! Kéké --',0
2013-03-09T23:05:31Z,First,0
2013-01-16T16:25:34Z,yes allez malherbe! :D,0
2013-01-13T12:18:16Z,le coup franc de Haddad est magnifique dommage qu'il ne soit pas rentré...,0
2013-01-13T10:57:01Z,"auxerre <3
",0
2013-01-13T09:59:48Z,Malherbe♥,0
2013-03-30T12:34:25Z,"ALLER LES SANG ET OR !!!
",0
2013-03-27T02:22:07Z,Touzghar est FrancoTunisien !,2
2013-03-23T00:00:24Z,Lens <3 ,0
2013-03-21T21:05:38Z,mERCI RIOU et Bale pour la passe décisive !!!!!,0
2013-03-18T20:55:24Z,Lens !!!!!!,0
2013-03-18T02:02:20Z,S&O FORZA !!!! LE 17 AVRIL UNE GRANDE FETE POUR NOTRE CLUB ENFIN !!!,0
2013-03-17T19:05:08Z,"Mauvaise qualité de video :/
",0
2013-01-26T17:50:29Z,Congratz Paul-Arnold!!!,0
2012-12-09T14:44:36Z,Une future pépite ce Garita ! ,0
2013-07-20T18:15:46Z,Putain d'auxerrois de *****,2
2013-05-21T11:04:57Z,"Allez Monaco vous Aller Gagner.
",0
2013-05-10T11:12:17Z,Allez Auxerre Gagner se match Contre Monaco.,0
2013-04-15T06:45:02Z,C dla merde Monaco degager vous savez pas jouer !,0
2013-04-14T10:05:22Z,olalala ce que rate Auxerre ! c'est incroyable !,0
2013-04-13T23:11:17Z,ON va gagner ... on va gagner ... ON VA GAGNER LE CHAMPIONNAT...ON VA GAGNER LE CHAMPIONNAT....ON VA GAGNER LE CHAMPIONNAT     lol allez Monaco ,0
2013-05-19T12:45:59Z,La d2 c'est pas mal non plus !,0
2013-05-02T10:35:51Z,"Même en ligue 1 c'est pareil ! Je supporte l'Estac ( Troyes ) et a plusieurs fois ont c est fais couiller par l'arbitre . Par exemple des buts soit disant hors jeux pour nous,ou des buts hors jeux pour les adversaires mais qui sont compter comme des buts valable ! L'arbitrage et franchement mauvais cette année que se soit en ligue 2 ou en ligue 1 !",0
2012-11-13T19:45:41Z,"Quand est-ce qu'on va arrêter de se faire voler par les arbitres ? Ca fait plusieurs matchs qu'on se fait volé (et le mot est faible) avec plusieurs énormes erreurs d'arbitrage contre nous. Mais bon, ce ne sont pas les arbitres qui vont nous empêcher de remonter (enfin j'espère). Daghe Munegu per sempre",0
2012-11-13T18:16:52Z,Magique Daghe,0
2012-11-11T11:30:40Z,"Auxerre a tout simplement fait une parodie, heureusement que l'arbitrage a été en faveur d'auxerre en 1e periode parce que sinon on s'en serait pris 4 --'",0
2012-11-11T08:48:37Z,c'est clair que si Monaco doit aussi se battre contre l'arbitrage y a intérêt à être au top... En tout cas bravo victoire capitale après 2 contre-performances !,0
2012-11-11T08:30:04Z,"Bravo Monaco, mais bon l'arbitrage a été encore limite pour la ligue 2.",0
2012-11-11T08:05:02Z,"Tout à fait d'accord, marre de ces erreurs d'arbitrage. Nantes puis auxerre, 2 matchs d'affilés qu'on se fait enfler par l'arbitrage...",0
2012-11-11T03:17:06Z,MONACO ! 3-0 + le pénalty non admis ! 4 - 0. Point ! ou 4-1.. mais bref ! goal de MONACO LE STOP  ! lol. ,0
2013-05-10T10:58:24Z,Allez Auxerre Gagner contre Guingamp.,0
2013-02-25T13:29:32Z,"Encore pas mal d'erreurs défensives, mais Sorin a assuré. Au vu du match aller où on mène 3-1 pour perdre ensuite 4-3 avec un but hors jeu, le 2-1 avec le penalty assez contestable fait bien plaisir ! ",1
2013-05-18T05:12:54Z,"Il est trop fort, la preuve il est demandé par Arsenal",2
2013-05-10T11:09:12Z,Auxerre Faut qui Gagne...,1
2013-03-20T14:28:11Z,ALLEZ LAVAL!,1
2013-02-08T23:09:08Z,"9 buts...mais j'ai rarement vu des ""buts"" aussi minable... ça semble tellement facile. Impression de voir joueur les jeunes U9 au stade !",5
2013-02-05T21:26:23Z,AMAZING,1
2013-02-05T21:26:07Z,Mais quel perf du yaya,2
2013-02-03T11:34:56Z,"9 buts, wow !
et le sanogo 20 ans quadruplé c'est le nouveau messi :)
même si les buts ne sont pas très beaux et le terrain est quasi impraticable, c'est rare de voir 9 buts en Ligue 2 !",2
2013-02-03T09:42:20Z,Aller l aja ses sa les gars!,2
2013-02-03T07:49:44Z,"Laval aurait du gagner le maintient !
",1
2013-02-02T23:28:13Z,9 buts tous plus ridicules les uns que les autres mais ça fait du bien pour l'aja ,2
2013-05-10T11:03:31Z,Allez Auxerre vous allez Gagner.,0
2013-03-21T16:26:28Z,ALLEZ LAVAL!,0
2013-03-10T09:22:35Z,tu est fou aller aja,0
2013-02-13T16:06:38Z,Allez TOURS,0
2013-02-11T17:57:13Z,quel buteur ce sanogo,0
2012-11-10T22:32:11Z,traducteur à la ramasse...,0
2012-10-20T18:00:18Z,,0
