publish_date,title,view_count
2012-12-22T23:22:32Z,Tours FC - Angers SCO (1-2) - Le résumé (TOURS - SCO) / 2012-13,3313
2013-04-13T22:00:15Z,Tours FC - EA Guingamp (2-0) - Le résumé (TOURS - EAG) / 2012-13,5164
2013-02-02T23:00:13Z,Tours FC - Châteauroux (3-1) - Le résumé (TOURS - LBC) / 2012-13,2651
2012-12-15T23:00:12Z,AC Arles Avignon - Tours FC (2-2) - Le résumé (ACA - TOURS) / 2012-13,8122
2012-11-24T23:00:16Z,Tours FC - GFC Ajaccio (2-1) - Le résumé (TOURS - GFCA) / 2012-13,1581
2013-03-17T14:49:55Z,Tours FC - Stade Lavallois (1-1) - Le résumé (TOURS - LAVAL) / 2012-13,1517
2012-12-12T23:39:19Z,Tours FC - RC Lens (0-0) - Le résumé (TOURS - RCL) / 2012-13,1346
2013-04-20T22:00:15Z,GFC Ajaccio - Tours FC (0-1) - Le résumé (GFCA - TOURS) / 2012-13,1840
2013-05-25T22:00:36Z,Tours FC - AS Monaco FC (1-2) - Le résumé (TOURS - ASM) / 2012-13,9409
2013-01-19T23:00:13Z,Tours FC - Dijon FCO (3-1) - Le résumé (TOURS - DFCO) / 2012-13,3416
2013-04-27T22:00:13Z,Tours FC - Havre AC (1-2) - Le résumé (TOURS - HAC) / 2012-13,2488
2012-11-03T23:56:42Z,Tours FC - Le Mans FC (2-0) - Le résumé (TOURS - LEMANS) / 2012-13,2900
2012-10-27T22:00:12Z,FC Istres - Tours FC (4-1) - Le résumé (FCIOP - TOURS) / 2012-13,4169
2012-12-01T23:00:17Z,Havre AC - Tours FC (3-0) - Le résumé (HAC - TOURS) / 2012-13,5375
2013-01-12T19:49:49Z,Chamois Niortais - Tours FC (3-1) - Le résumé (NIORT - TOURS) / 2012-13,1516
2012-10-20T22:00:12Z,Stade Lavallois - Tours FC (2-2) - Le résumé (LAVAL - TOURS) / 2012-13,1929
2013-01-26T23:00:13Z,FC Nantes - Tours FC (3-1) - Le résumé (FCN - TOURS) / 2012-13,9257
2013-03-30T23:00:13Z,Tours FC - FC Istres (1-0) - Le résumé (TOURS - FCIOP) / 2012-13,1256
2013-04-11T13:37:09Z,Francis N&#39;Ganga,1524
2013-04-06T22:00:13Z,Le Mans FC - Tours FC (1-0) - Le résumé (LEMANS - TOURS) / 2012-13,5503
2012-12-22T23:20:06Z,Conférence de presse Tours FC - Angers SCO (1-2) / 2012-13,120
2013-03-17T14:48:20Z,Conférence de presse Tours FC - Stade Lavallois (1-1) / 2012-13,58
2013-05-18T22:00:11Z,Angers SCO - Tours FC (0-1) - Le résumé (SCO - TOURS) / 2012-13,3566
2013-01-19T18:32:07Z,Conférence de presse Tours FC - Dijon FCO (3-1) / 2012-13,98
2013-02-02T18:13:40Z,Conférence de presse Tours FC - Châteauroux (3-1) / 2012-13,98
2012-11-10T23:00:16Z,EA Guingamp - Tours FC (0-0) - Le résumé (EAG - TOURS) / 2012-13,757
2013-05-04T22:00:10Z,RC Lens - Tours FC (0-0) - Le résumé (RCL - TOURS) / 2012-13,2172
2013-04-20T19:32:49Z,Conférence de presse GFC Ajaccio - Tours FC (0-1) / 2012-13,115
2013-01-13T23:00:46Z,But Gaëtan COURTET (63&#39;) - Stade de Reims - SC Bastia (1-2) / 2012-13,1084
2012-11-24T18:53:44Z,Conférence de presse Tours FC - GFC Ajaccio (2-1) / 2012-13,304
2012-09-04T18:55:12Z,Football: 2 nouvelles recrues pour le TFC,501
2012-12-09T21:09:45Z,Messi 86 goal (record) in one year,76
2012-10-27T19:58:00Z,Conférence de presse FC Istres - Tours FC (4-1) / 2012-13,311
2012-12-16T23:00:32Z,Goal Anthony WEBER (7&#39;) - Stade de Reims - LOSC Lille (1-1) / 2012-13,179
2012-12-15T18:39:43Z,Conférence de presse AC Arles Avignon - Tours FC (2-2) / 2012-13,518
2013-03-02T21:04:10Z,Reims-PSG,1037
2013-05-05T09:53:53Z,Reims-Ajaccio but fortes fifa13,47
2012-11-16T09:11:45Z,15.11.2012::PRESENTATION DE 2 NOUVELLES RECRUES,4633
2012-11-18T23:00:51Z,Goal Anthony WEBER (45&#39; csc) - Olympique Lyonnais - Stade de Reims (3-0) / 2012-13,220
2012-12-16T23:00:26Z,Goal Paul LASNE (90&#39;) - ESTAC Troyes - AC Ajaccio (3-2) / 2012-13,143
2012-08-10T09:22:07Z,Le TFC entre en Coupe de la Ligue,97
2013-03-17T23:00:45Z,Goal Mohamed FOFANA (32&#39;) - Stade de Reims - Stade Rennais FC (1-0) / 2012-13,812
2013-01-27T23:00:54Z,Stade de Reims - Toulouse FC (1-1) - Highlights (SdR - TFC) / 2012-13,2384
2013-06-04T11:35:19Z,Copie de Tous les buts de l&#39;OGC Nice 2012-2013,83
2012-11-11T22:59:08Z,But Sigamary DIARRA (67&#39;) - Toulouse FC - AC Ajaccio (2-4 / 2012-13,1126
2012-12-16T23:00:26Z,Goal Fabien CAMUS (45&#39; +1) - ESTAC Troyes - AC Ajaccio (3-2) / 2012-13,1826
2012-11-10T17:34:44Z,OM 2-0 Ajaccio - Entrée des joueurs,124
2012-12-14T11:08:30Z,Kévin Bérigaud.m2v,1736
2013-03-10T14:01:05Z,Interview de fin de match : ESTAC Troyes - Stade de Reims (4-2) / 2012-13,455
2013-05-05T11:14:01Z,"12 L1J35 REIMS AJACCIO 1-1, But MANDI",409
