publish_date,title,view_count
2013-04-10T12:11:18Z,Distel Zola et le HAC,837
2012-10-09T11:44:57Z,Rencontre avec Distel Zola après le Hac vs Auxerre du 05.12.2012,1774
2013-07-12T13:27:04Z,HAC: La reprise de Zargo Touré et de Distel Zola,1678
2012-08-09T22:52:57Z,Réaction de Distel Zola Après Tours - HAC (3-3 puis 5-4 tab) en Coupe de la Ligue,242
2012-12-12T23:00:14Z,FC Istres - Havre AC (3-0) - Le résumé (FCIOP - HAC) / 2012-13,1024
2013-03-09T23:00:19Z,AJ Auxerre - Havre AC (4-1) - Le résumé (AJA - HAC) / 2012-13,9781
2013-02-09T23:00:28Z,AS Monaco FC - Havre AC (2-1) - Le résumé (ASM - HAC) / 2012-13,6888
2013-04-27T22:00:13Z,Tours FC - Havre AC (1-2) - Le résumé (TOURS - HAC) / 2012-13,2488
2013-03-02T23:00:14Z,Havre AC - Châteauroux (1-0) - Le résumé (HAC - LBC) / 2012-13,1937
2012-10-20T22:00:12Z,Chamois Niortais - Havre AC (0-0) - Le résumé (NIORT - HAC) / 2012-13,1036
2013-04-02T10:00:27Z,Nîmes Olympique - Havre AC (0-1) - Le résumé (NIMES - HAC) / 2012-13,2130
2013-05-11T22:00:12Z,Le Mans FC - Havre AC (0-4) - Le résumé (LEMANS - HAC) / 2012-13,7484
2012-11-06T11:01:26Z,SM Caen - Havre AC (2-0) - Le résumé (SMC - HAC) / 2012-13,11488
2013-04-20T22:00:15Z,Havre AC - CS Sedan (1-1) - Le résumé (HAC - CSSA) / 2012-13,1823
2012-12-22T23:20:53Z,Stade Lavallois - Havre AC (1-2) - Le résumé (LAVAL - HAC) / 2012-13,2787
2013-03-17T14:47:44Z,Havre AC - Chamois Niortais (2-1) - Le résumé (HAC - NIORT) / 2012-13,2333
2012-12-01T23:00:17Z,Havre AC - Tours FC (3-0) - Le résumé (HAC - TOURS) / 2012-13,5375
2013-05-04T22:00:10Z,Havre AC - FC Istres (2-0) - Le résumé (HAC - FCIOP) / 2012-13,2204
2013-01-26T23:00:13Z,GFC Ajaccio - Havre AC (0-1) - Le résumé (GFCA - HAC) / 2012-13,1808
2013-05-18T22:00:11Z,Havre AC - Stade Lavallois (1-2) - Le résumé (HAC - LAVAL) / 2012-13,3257
2013-01-19T23:00:13Z,Havre AC - RC Lens (2-2) - Le résumé (HAC - RCL) / 2012-13,4319
2013-04-09T10:00:27Z,Havre AC - SM Caen (1-1) - Le résumé (HAC - SMC) / 2012-13,9808
2013-05-25T22:00:36Z,AC Arles Avignon - Havre AC (1-1) - Le résumé (ACA - HAC) / 2012-13,3782
2013-04-13T22:00:15Z,Clermont Foot - Havre AC (1-1) - Le résumé (CFA - HAC) / 2012-13,2868
2012-10-27T22:00:12Z,Havre AC - Nîmes Olympique (1-1) - Le résumé (HAC - NIMES) / 2012-13,1277
2013-01-12T19:54:44Z,Havre AC - EA Guingamp (0-1) - Le résumé (HAC - EAG) / 2012-13,5836
2013-07-17T18:53:26Z,Après HAC - UNFP (2-0): les réactions,2039
2012-08-09T22:58:44Z,Réaction de Riad Nouri Après Tours - HAC (3-3 puis 5-4 tab) en Coupe de la Ligue,1350
2013-01-28T23:08:46Z,Conférence de presse GFC Ajaccio - Havre AC (0-1) / 2012-13,61
2012-08-09T22:46:59Z,Réaction d&#39;Alexandre Bonnet Après Tours - HAC (3-3 puis 5-4 tab) en Coupe de la Ligue,198
2013-05-28T22:55:58Z,remy ebanega,875
2012-08-27T19:35:55Z,"Dijon - HAC, résumé (2-2) 5e journée de LIGUE 2",675
2012-10-26T15:23:22Z,Eliminatoires CAN Juniors 2013 RD Congo - Cameroun : 4-1,3216
2012-08-10T09:22:07Z,Le TFC entre en Coupe de la Ligue,97
2013-07-20T13:07:06Z,Léopards U19 - &quot;Aile Europe&quot; - Tournoi International de Rezé 2013,5513
2013-02-09T22:25:45Z,Red Card Gonzalo higuain Real Madryt vs Sevilla 09/02/2013,1738
2013-02-09T12:43:08Z,"(J24) ASM FC - HAC, les réactions",586
2013-07-18T11:24:56Z,HAC-UNFP,68
2012-10-20T22:23:09Z,Conférence de presse Chamois Niortais - Havre AC (0-0) / 2012-13,53
2012-11-27T20:37:01Z,Jeremy Bokila interview,5117
2012-09-19T12:35:36Z,Interview : Kudimbana Mulopo Nicaise,1012
2013-07-18T11:19:05Z,HAC-UNFP,111
2013-06-20T14:30:16Z,Rencontre avec Riffi Mandanda - International Espoir congolais - Tournoi de Toulon,15770
2012-08-06T15:04:38Z,Interview de Walid Mesloub Avant Tours - HAC en Coupe de la Ligue,647
2013-04-18T15:55:01Z,Ousmane Ndiaye,2858
2012-12-01T21:15:13Z,Conférence de presse Havre AC - Tours FC (3-0) / 2012-13,166
2013-07-03T18:23:11Z,Vente Maillots 2013 2014+ dédicace Joueurs,481
2013-07-12T17:26:41Z,Moussa Sao au HAC,7968
2013-07-23T08:47:17Z,Interview d&#39;Adriano,6207
2012-11-04T00:08:50Z,Conférence de presse Tours FC - Le Mans FC (2-0) / 2012-13,123
