published-time,comment,likes
2013-04-01T19:52:11Z,Lassana doucoure t ou,0
2013-03-31T18:48:31Z,Angers en ligue 1 ♥,2
2013-03-10T07:19:49Z,First ! Allez l'ASM !,1
2013-04-24T12:50:29Z,Jespere vous voir en l1 lannee prochaine les nantais!! D'un lyonnais,1
2013-04-18T12:00:42Z,J'espère aussi allez Nantes et que Lens nous rejoigne la saison prochaine !!!,1
2013-04-16T23:25:36Z,Pourquoi la vidéo n'est pas commentée ?,1
2013-04-16T19:29:07Z,"J'espère que vous allez rester le plus longtemps en ligue 1, car vous l'avez bien mérité !, un supporter lensois
",1
2013-04-16T18:44:54Z,J'espère qu'il va y avoir la L1 au bout car cette année ça serai vraiment les boules de terminer 4 e,1
2013-04-16T18:20:03Z,GG les gars ! ,0
2013-04-16T17:07:56Z,alllllllllllllllllllllllllllllllllllllllEEEEZ NANTES <3<3<33<3<3<3333,0
2013-04-16T16:25:09Z,C'est saaaaaaaaaaa !!! ,0
2013-04-16T15:10:48Z,G vue le match la berri était nul,0
2013-04-16T10:31:33Z,"Allez Nantes Samedi RDV pour tous les supporter pour les 70 Ans
",0
2013-04-16T10:01:24Z,Allez on continue sur cette lancée :),0
2013-01-26T17:50:29Z,Congratz Paul-Arnold!!!,0
2012-12-09T14:44:36Z,Une future pépite ce Garita ! ,0
2013-02-03T13:12:37Z,"Bravo Angers !
",0
2013-01-03T11:17:05Z,Quelle but tout en puissance!!! :o,0
2012-12-24T14:46:11Z,"Normand, fiers et Conquérants !",0
2013-05-12T22:49:56Z,^^,0
2013-05-12T17:52:26Z,"First ma gueule
",0
2012-11-12T16:41:10Z,lololololololol,0
2012-11-11T14:43:35Z,"fcn en ligue 1 !!
",0
2012-11-10T23:02:12Z,Nantes grand club pour toujours,0
2013-04-12T14:26:57Z,bj chateauroux,0
2013-04-08T16:08:57Z,"chateauroux merite surtout de perdre
",0
2013-04-07T05:53:55Z,bravo Romano :) ,0
2013-07-11T08:23:31Z,On me voit a un moment ^^,0
2013-07-02T12:43:08Z,"Footix de merde !!!! AJA <3
",0
2013-04-30T15:16:39Z,Allez la berri,0
2013-03-30T08:23:12Z,Allez la berriiiii,0
2013-03-26T17:12:41Z,"belle reaction d'Ajaccio GFC !! :)
mais sinon le match n'était surement pas palpitant... ""CFA?"" jsuis daccord!! ^^",0
2013-03-26T12:06:03Z,Match de CFA ? Lol,0
2013-03-26T05:33:17Z,Il faut se reprendre en main le gaz la !!!,0
2013-05-25T13:40:50Z,no Toulalan???,0
2013-03-12T08:44:34Z,"supere video jordan   merci 
et allez FCN  !!!!!",0
2013-03-07T20:23:23Z,"iL y a aussi d'autres anciens joueurs dont certains sont de grands éducateurs et devenus d'excellents entraîneurs : Arribas, Coco Suaudeau, Raynald Denoueix.
Ne les oublions pas.",1
