publish_date,title,view_count
2013-03-30T23:00:14Z,Châteauroux - Angers SCO (2-3) - Le résumé (LBC - SCO) / 2012-13,5472
2012-11-03T23:58:17Z,Châteauroux - Dijon FCO (2-2) - Le résumé (LBC - DFCO) / 2012-13,2122
2013-03-09T23:00:19Z,Châteauroux - AS Monaco FC (1-1) - Le résumé (LBC - ASM) / 2012-13,3515
2013-04-16T10:00:25Z,Châteauroux - FC Nantes (0-4) - Le résumé (LBC - FCN) / 2012-13,13024
2012-12-01T23:00:17Z,Châteauroux - AJ Auxerre (1-1) - Le résumé (LBC - AJA) / 2012-13,3620
2012-10-27T22:00:12Z,Angers SCO - Châteauroux (1-0) - Le résumé (SCO - LBC) / 2012-13,1659
2012-12-22T23:21:50Z,SM Caen - Châteauroux (1-0) - Le résumé (SMC - LBC) / 2012-13,3407
2012-11-24T23:00:16Z,Chamois Niortais - Châteauroux (2-2) - Le résumé (NIORT - LBC) / 2012-13,1217
2012-12-15T23:00:13Z,Châteauroux - Clermont Foot (0-0) - Le résumé (LBC - CFA) / 2012-13,1209
2013-05-11T22:00:11Z,Clermont Foot - Châteauroux (1-0) - Le résumé (CFA - LBC) / 2012-13,1655
2013-01-12T19:38:22Z,Châteauroux - CS Sedan (1-1) - Le résumé (LBC - CSSA) / 2012-13,1155
2013-05-04T22:00:10Z,Châteauroux - Nîmes Olympique (2-1) - Le résumé (LBC - NIMES) / 2012-13,2027
2012-11-10T23:00:16Z,FC Nantes - Châteauroux (1-1) - Le résumé (FCN - LBC) / 2012-13,3438
2013-04-06T22:00:13Z,Dijon FCO - Châteauroux (1-1) - Le résumé (DFCO - LBC) / 2012-13,1835
2013-04-27T22:00:13Z,AJ Auxerre - Châteauroux (0-0) - Le résumé (AJA - LBC) / 2012-13,1296
2013-04-20T22:00:15Z,Châteauroux - Chamois Niortais (1-0) - Le résumé (LBC - NIORT) / 2012-13,1207
2012-10-20T22:00:12Z,Châteauroux - GFC Ajaccio (3-1) - Le résumé (LBC - GFCA) / 2012-13,4490
2013-03-25T23:19:40Z,GFC Ajaccio - Châteauroux (1-1) - Le résumé (GFCA - LBC) / 2012-13,1124
2012-12-12T23:00:14Z,Nîmes Olympique - Châteauroux (2-0) - Le résumé (NIMES - LBC) / 2012-13,1065
2012-09-06T09:24:14Z,Football : le mercato n&#39;échappe pas à la crise,332
2012-08-04T10:35:27Z,Les grands joueurs du FC Nantes,23486
