publish_date,title,view_count
2013-05-19T02:19:28Z,Evian TG FC - Valenciennes FC (2-0) - Le résumé (ETG - VAFC) / 2012-13,23772
2012-10-23T10:00:22Z,FC Nantes - Dijon FCO (2-0) - Le résumé (FCN - DFCO) / 2012-13,16151
2013-02-03T23:00:44Z,Girondins de Bordeaux - Valenciennes FC (2-0) - Highlights (FCGB - VAFC) / 2012-13,910
2012-11-03T23:58:17Z,Châteauroux - Dijon FCO (2-2) - Le résumé (LBC - DFCO) / 2012-13,2122
2013-05-06T00:16:47Z,Paris Saint-Germain - Valenciennes FC (1-1) - Highlights (PSG - VAFC) / 2012-13,12395
2013-04-21T22:00:18Z,Stade de Reims - Valenciennes FC (0-1) - Le résumé (SdR - VAFC) / 2012-13,9606
2013-01-20T23:00:14Z,AC Ajaccio - Valenciennes FC (1-1) - Highlights (ACA - VAFC) / 2012-13,3362
2013-05-06T00:17:23Z,Paris Saint-Germain - Valenciennes FC (1-1) - Le résumé (PSG - VAFC) / 2012-13,77759
2013-02-03T23:00:32Z,Girondins de Bordeaux - Valenciennes FC (2-0) - Le résumé (FCGB - VAFC) / 2012-13,8878
2013-01-28T22:59:49Z,Valenciennes FC - Olympique Lyonnais (0-2) - Highlights (VAFC - OL) / 2012-13,879
2013-04-07T22:00:20Z,Montpellier Hérault SC - Valenciennes FC (3-1) - Highlights (MHSC - VAFC) / 2012-13,1954
2013-04-21T22:00:19Z,Stade de Reims - Valenciennes FC (0-1) - Highlights (SdR - VAFC) / 2012-13,446
2013-01-20T23:00:12Z,AC Ajaccio - Valenciennes FC (1-1) - Le résumé (ACA - VAFC) / 2012-13,7597
2013-05-19T03:29:42Z,Evian TG FC - Valenciennes FC (2-0) - Highlights (ETG - VAFC) / 2012-13,1199
2013-03-03T23:00:39Z,FC Lorient - Valenciennes FC (1-1) - Le résumé (FCL - VAFC) / 2012-13,5723
2013-04-28T22:00:21Z,Valenciennes FC - AS Nancy-Lorraine (0-0) - Le résumé (VAFC - ASNL) / 2012-13,3717
2013-05-12T22:00:20Z,Valenciennes FC - Stade Rennais FC (4-1) - Highlights (VAFC - SRFC) / 2012-13,548
2013-04-07T22:00:21Z,Montpellier Hérault SC - Valenciennes FC (3-1) - Le résumé (MHSC - VAFC) / 2012-13,6983
2013-03-03T23:00:41Z,FC Lorient - Valenciennes FC (1-1) - Highlights (FCL - VAFC) / 2012-13,751
2013-04-14T22:00:21Z,Valenciennes FC - AS Saint-Etienne (0-0) - Le résumé (VAFC - ASSE) / 2012-13,6539
2013-01-27T23:00:36Z,Valenciennes FC - Olympique Lyonnais (0-2) - Le résumé (VAFC - OL) / 2012-13,11156
2013-04-28T22:00:23Z,Valenciennes FC - AS Nancy-Lorraine (0-0) - Highlights (VAFC - ASNL) / 2012-13,302
2013-05-12T22:00:19Z,Valenciennes FC - Stade Rennais FC (4-1) - Le résumé (VAFC - SRFC) / 2012-13,18641
2013-04-14T22:00:22Z,Valenciennes FC - AS Saint-Etienne (0-0) - Highlights (VAFC - ASSE) / 2012-13,356
2012-10-27T22:00:12Z,Dijon FCO - AJ Auxerre (0-1) - Le résumé (DFCO - AJA) / 2012-13,3859
2012-11-19T15:36:26Z,Παρουσιαση Ουμπιντες-Σανκαρε  στον Αρη 29/9/11,304
2012-12-02T08:55:33Z,Clermont 1-0 Bastia Coupe de France 8. round (2008-2009),138
2013-02-02T09:47:26Z,Filet du but détaché à Guingamp-Niort,878
2013-06-29T19:09:16Z,Nantes Eag 95,265
2012-12-20T11:16:43Z,"Massiré KANTE, joueur LEMANS FC",2671
2013-06-30T16:22:21Z,Bordeaux-Toulouse 15/08/2010 (Didot),130
2013-02-18T11:55:53Z,Sochaux 3-2 Paris SG But Alex.,108
2012-08-17T12:59:20Z,Interview Granddi Ngoyi,1127
2013-02-17T18:52:54Z,Conférence de presse Girondins de Bordeaux - Olympique Lyonnais (0-4) / 2012-13,984
2013-02-03T17:18:58Z,Résumé : EA Guingamp - Chamois Niortais (4-3).,133
2012-12-14T15:22:45Z,Planus face aux micros,218
2013-04-14T22:00:19Z,But Ludovic SANE (11&#39;) - Girondins de Bordeaux - Montpellier Hérault SC (4-2) / 2012-13,707
2012-09-23T16:37:40Z,Interview de fin de match : Girondins de Bordeaux - AC Ajaccio (2-2) / 2012-13,1061
2013-02-05T22:05:31Z,Vincent Pericard,1525
2013-05-17T07:38:52Z,Conférence de presse Francis Gillot avant la rencontre contre Troyes,752
2013-05-24T14:47:50Z,Conférence de presse - Henry Saivet,1303
2013-03-31T13:19:44Z,Interview de fin de match : Stade Rennais FC - AS Nancy-Lorraine (0-2) / 2012-13,226
2013-02-16T23:00:28Z,EA Guingamp - FC Nantes (2-1) - Le résumé (EAG - FCN) / 2012-13,19444
2013-05-10T10:05:22Z,Conférence de presse - Poko avant Nancy,624
2013-04-12T07:43:33Z,Conférence Francis Gillot avant Montpellier,657
2013-04-20T19:09:30Z,Conférence - Julien Faubert avant Sochaux,237
