publish_date,title,view_count
2013-07-10T02:08:08Z,Jonathan Bru - WSW vs Melbourne Victory,127
2012-08-17T10:32:50Z,Wikibee Istres - Istres - Châteauroux : c&#39;est chaud !,100
2013-05-12T22:00:18Z,Goal Lindsay ROSE (68&#39;) - Valenciennes FC - Stade Rennais FC (4-1) / 2012-13,580
2013-01-15T18:59:30Z,Aston villa v ipswich,52
2012-10-23T17:06:42Z,Istres$Clermont$07 08 2012,63
2012-12-27T01:33:51Z,Kevin Muscat press conference - December 27,1138
2013-03-30T14:00:59Z,RAMON LOPES MEIA (MIDFILEDER) 89,3238
2013-03-15T20:04:56Z,010495 Dunfermline 1.1 Dundee plus Paton interview,115
2013-07-02T23:04:18Z,Dumbarton 1 -V- 1 Hibernian pre season friendly 29/06/2012 (3),266
2013-01-19T20:50:20Z,Pepe Free Kick From Own Half Goal (fifa13),192
2012-11-24T22:08:50Z,"Johnny Russell Goal, Ross County 1-2 Dundee United, 24/11/2012",486
2013-05-03T08:31:27Z,Wikibee Istres - Istres - Guingamp : gare à l&#39;En Avant !,68
2012-12-20T13:14:20Z,Interview : Brian Reid,526
2013-05-15T23:39:32Z,"Alloa v Dunfermline - SFL Play Off Final, !st leg - Elliot goal (Alloa)",1891
2013-07-11T11:35:37Z,Adrian Leijer - Melbourne Victory vs Melbourne Heart,765
2012-10-22T22:13:55Z,Dobbie goal v PTT,68
2013-04-03T12:32:58Z,St. Mirren v Hearts 2013 League Cup Final.    The Warm up.,45
2013-01-17T15:24:37Z,But | Football | Soccer Park Pau | Francis,171
2012-10-12T10:23:18Z,But | Football | Soccer Park Pau | Fabrice,180
2013-01-27T17:13:19Z,"Lone Piper of Ibrox (Montrose, 26/1)",1953
