publish_date,title,view_count
2013-05-04T22:00:10Z,GFC Ajaccio - Le Mans FC (1-3) - Le résumé (GFCA - LEMANS) / 2012-13,6461
2013-01-26T23:00:13Z,GFC Ajaccio - Havre AC (0-1) - Le résumé (GFCA - HAC) / 2012-13,1808
2013-04-13T22:00:15Z,CS Sedan - GFC Ajaccio (4-1) - Le résumé (CSSA - GFCA) / 2012-13,6527
2013-04-06T22:00:13Z,GFC Ajaccio - AJ Auxerre (0-0) - Le résumé (GFCA - AJA) / 2012-13,1953
2013-03-02T23:00:14Z,GFC Ajaccio - AS Monaco FC (0-1) - Le résumé (GFCA - ASM) / 2012-13,8723
2013-01-12T19:38:22Z,GFC Ajaccio - FC Istres (3-2) - Le résumé (GFCA - FCIOP) / 2012-13,2595
2013-02-16T23:00:14Z,GFC Ajaccio - Nîmes Olympique (2-3) - Le résumé (GFCA - NIMES) / 2012-13,2627
2012-12-15T23:00:13Z,GFC Ajaccio - Stade Lavallois (3-1) - Le résumé (GFCA - LAVAL) / 2012-13,2147
2012-11-14T21:23:24Z,GFC Ajaccio - Chamois Niortais (2-2) - Le résumé (GFCA - NIORT) / 2012-13,1679
2012-12-12T23:00:14Z,Le Mans FC - GFC Ajaccio (1-0) - Le résumé (LEMANS - GFCA) / 2012-13,1928
2013-04-20T22:00:15Z,GFC Ajaccio - Tours FC (0-1) - Le résumé (GFCA - TOURS) / 2012-13,1840
2013-04-27T22:00:13Z,Clermont Foot - GFC Ajaccio (0-2) - Le résumé (CFA - GFCA) / 2012-13,3438
2013-02-09T23:00:28Z,GFC Ajaccio - Dijon FCO (0-2) - Le résumé (GFCA - DFCO) / 2012-13,2068
2013-05-25T22:00:36Z,SM Caen - GFC Ajaccio (2-1) - Le résumé (SMC - GFCA) / 2012-13,5783
2013-02-23T23:00:14Z,Angers SCO - GFC Ajaccio (1-0) - Le résumé (SCO - GFCA) / 2012-13,3808
2013-05-04T17:27:03Z,Conférence de presse GFC Ajaccio - Le Mans FC (1-3) / 2012-13,325
2013-05-03T22:52:20Z,Résumé GFC Ajaccio-Le Mans [1-3] 2012-2013 Ligue 2,347
