published-time,comment,likes
2013-03-03T16:18:35Z,Bien l'arbitre ! :),0
2013-03-03T12:08:24Z,"encor un arbitre de merde je sais pas ou il le voit le peno
on c vraiment fais voler",0
2013-03-03T11:16:40Z,"on sait fait voler comme d'hab !
",0
2013-03-03T10:36:45Z,"c n'importe quoi le but refusé la vache -_-
",0
2013-03-03T08:24:02Z,Arbitre de merde,0
2013-04-28T08:42:02Z,"O.K Je soutient notre anciens gardien mais il mérite pas que l'on disent que c'est une passoire^^.
Je m'en fou que Guimgamp est gagné contre Caen ^^ T'en mieux pour vous ... Après on verra a la fin de la saison c'est sur que guimgamp est mieux que Caen en ce moment, mais c'est qui qui a allé Gagner 3-0 Face au 1er,Monaco ? Eh bah c'est Caen ^^",0
2013-04-27T17:15:46Z,1: Tu dis ça parce que Planté à joué a Caen et 2:Tu rage parce que guimgamp à battu caen,0
2013-04-27T17:14:15Z,"Oui mais à Caen...
",0
2013-04-17T13:29:27Z,"gt ramasseur de balle mais en 2 eme periode c plante ds les buts de eag samassa c blessé en fin de 1ere periode
",0
2013-04-15T06:59:59Z,"Planté un passoire ? 1: c'est votre problème d'avoir de ''mauvais goal'' 2: planté ne peut absolument rien faire sur le 1er but et sur le second il aurait peut être pu faire un ptit truc mais au vue de la puissance de la frappe ^^
Guingamp a Perdu et puis c'est tout --'
ALLEZ MALHERBE ! (et a Caen Planté avait fait d’énorme arrêts !)",0
2013-04-14T15:09:27Z,"N'importe quoi les commentaires! Sur le 1er but, c'est Planté, et non pas Samassa qui est dans les cages, et sur la dernière action, ce n'est pas Yatabaré, étant donné que c'est une action tourangelle...",0
2013-04-13T22:22:37Z,C'est Kouakou et non Yatabaré !,1
2013-01-04T10:22:09Z,"Ouais mais c est limite
",0
2012-12-29T12:04:41Z,"Ah je vois ce que tu veux dire, mais il ne peut pas car il était derriere le passeur !",0
2012-12-29T12:03:10Z,Un passeur ne peut pas être hors-jeu .,0
2012-12-24T11:09:01Z,"Le passeur et hors jeu
",0
2013-05-09T08:42:36Z,"Benjamin Leroy va finir en ligue 1 l'année prochaine !
",1
2013-05-06T06:14:15Z,Tjs des pines à l'extérieur...au moins on fait plaisir aux supporters adverses >_>,0
2013-05-05T17:02:59Z,homme du match : le gardien de tours,1
2013-05-05T17:02:35Z,"je trouve que le gardien de tours a etait fantastique
",1
2013-03-23T17:15:46Z,allez tours on c'est fait voler,1
2013-03-18T00:53:58Z,"Gros manque de realisme des deux côtés... Tours aurait pu gagner largement , le gardien de Tours a été exemplaire!",1
2013-07-28T10:29:40Z,[iminent=0gaCtAgUWfOB] gardien de tours tres fort,0
2013-07-05T01:02:58Z,Moi aussi jai etait au match yavait but pour Tours a la fin jetait deg,0
2013-06-17T18:58:59Z,je suis dacord avec toi il montre pas le but qui na pas conter alors qu'il y avait but (jai ete voir le match),0
2013-05-26T15:59:57Z,et le résumé ne fait pas voir le but refusé pour Tours parfaitement valable ,0
2013-05-26T13:51:10Z,Monaco a vendangé mais su retourner la situation. Champions de France mérités,0
2013-05-26T01:36:44Z,Tours meriter la victoire,0
2013-01-30T14:37:14Z,nicolas de preville vient chez nous a reims ,1
2013-01-21T23:09:04Z,"Enorme equipe de Istres qui, quand elle est au max, fait des choses enormes comme en coupe de France par exemple :D ",1
2012-10-28T09:55:10Z,et le joueur de Istres dans le fond par terre sur le dernier but?? lol,2
2013-02-03T13:04:07Z,"Allez Tours !!!!
",0
2012-12-22T16:29:32Z,"Vous etes con ya but logique l arbitre avais mis l avantage et ils ont cru qui yavais coup frand alors il ena profiter et il a marquée ok je suis d accor avc l arbitre
",0
2012-12-20T19:49:10Z,"Ya pas eu de coup de sifllet et il n'y avait pas faute ! Donc aucun manque de fair play à signaler de la part de Tours ok ! C'est de la mauvaise foi point ! Et je dis ceci tout en sachant que ça aurait été rageant que ça soit de l'autre coté, mais j'en aurai voulu au gardien, car c'est lui qui donne l'égalisation ! ",0
2012-12-18T18:13:00Z,"tant qui ya pas CF tu lache pas la balle c'est tout 
",0
2012-12-17T20:02:05Z,LOL si s'etait Arles qui aurait marqué ce but? Tu aurais dit quoi? ,0
2012-12-16T17:45:57Z,"Fairplay legendaire de Tours de quoi?! C'est UN joueur qui fait ca pas toute l'equipe et que je sache, le TFC n'est pas connu pour etre une equipe de tricheurs.

Et a Tours on doit dire quoi de se prendre deux buts de chateux comme ca hein?!",0
2012-12-16T13:36:56Z,POUR IN FO AVAN LE BUT L'ARBITRE A DI AVANTAGE O GOAL !!!! ,0
2012-12-16T08:29:50Z,"arbitre de merde
",0
2013-01-12T21:42:06Z,je crois rever là c'est toi qui dit ça mais mdr !!!!,0
2012-11-25T22:29:22Z,"Colloredo , marque des buts très jolie à chaque fois",0
2013-04-28T16:20:44Z,"Non il n'y a pas hors jeu et oui le carton rouge est très sévère... Le HAC a empoché 4 cartons jaunes et un carton rouge alors que Tours n'en a empoché aucun... Il est possible de constater que les arbitres ont le HAC dans le nez ces derniers matchs il me semble, mais après cela fait partie du jeu !",0
2013-04-28T01:57:06Z,Sur le 2eme but du havre ya pas hors jeu ?,0
2013-04-28T01:00:45Z,"bien joué les gars, sévère le carton rouge
",0
2013-04-27T22:03:10Z,FIRST + bien joué le Havre :),0
2013-05-10T11:03:31Z,Allez Auxerre vous allez Gagner.,0
2013-03-21T16:26:28Z,ALLEZ LAVAL!,0
2013-03-10T09:22:35Z,tu est fou aller aja,0
2013-02-13T16:06:38Z,Allez TOURS,0
2013-02-11T17:57:13Z,quel buteur ce sanogo,0
2013-03-22T17:42:11Z,allez laval!!,0
2013-01-19T21:23:26Z,"allez tours fc
",0
2013-04-28T18:17:51Z,Allez tours ! :p ,0
2013-05-09T13:48:21Z,Tours c les meilleurs =),0
2013-03-01T12:03:20Z,Vive le toursfc,0
2013-01-29T19:46:24Z,"faut rien lâcher allé FCN !!!

",1
2013-01-28T23:22:28Z,encore un effort les jaunes!!!! on y est presque,1
2013-01-27T18:07:47Z,Je me suis vu Fcn <3,0
2013-01-27T16:30:58Z,vive le FCN !!!!!!!!!!!!!!!!!!!!!!!!!,0
2013-01-27T10:04:33Z,"super les canaris ! ♥
",1
2013-04-08T05:59:38Z,"c fouss et no mendes sur la premiere occas
",1
2013-04-07T09:35:14Z,On est pas encore mort. U.C ! <3,1
2012-12-21T16:29:25Z,"j'aime le ramasseur de balle cote samassa 
",0
2013-05-21T21:10:58Z,merci au sco pour leur superbe saison ,1
2013-05-19T12:53:10Z,"Joli hold-up de Tours , bien joué à eux :)",1
2013-05-19T00:37:21Z,Allez tfc,1
2013-05-11T08:58:24Z,BAAAA    LENS   bande de nul..... perdre 7-0 face a guingamp  AHHHHHHH .... on s'est bien marre hier soir quand on a entendu du ca au grand stade... on a chanté pour vous  xD. Faut arreter le foot hein ou changer de club... LOSC !!!!!! LOSC !!! LOSC,0
