publish_date,title,view_count
2013-05-11T22:00:11Z,AJ Auxerre - Angers SCO (2-2) - Le résumé (AJA - SCO) / 2012-13,5157
2013-05-04T22:00:10Z,Angers SCO - Stade Lavallois (1-0) - Le résumé (SCO - LAVAL) / 2012-13,4596
2013-05-25T22:00:36Z,CS Sedan - Angers SCO (2-2) - Le résumé (CSSA - SCO) / 2012-13,3902
2013-05-18T22:00:11Z,Angers SCO - Tours FC (0-1) - Le résumé (SCO - TOURS) / 2012-13,3566
2013-04-07T11:28:27Z,Congo-Gabon a pointe noire but de Christopher SAMBA,719
2013-04-11T13:37:09Z,Francis N&#39;Ganga,1524
2012-09-01T21:23:34Z,Résumé de la rencontre UNFP-EL JAISH - STAGE UNFP 2012,1497
2012-12-11T23:39:47Z,PHD-ARENA : Reaction de Ladislas Douniama après EAG-Arles Avignon,409
2013-03-17T23:18:42Z,But ALEX (37&#39; csc) - AS Saint-Etienne - Paris Saint-Germain (2-2) / 2012-13,3863
2013-01-27T23:00:37Z,Goal Kévin THEOPHILE CATHERINE (59&#39;) - Stade Rennais FC - Olympique de Marseille (2-2) / 2012-13,1750
2013-05-09T05:28:37Z,Matt MOUSSILOU  Highlight,15102
2012-10-28T23:00:11Z,But Gaëtan BONG (2&#39; csc) - LOSC Lille - Valenciennes FC (2-1 / 2012-13,1206
2012-12-16T23:00:32Z,But Julien FERET (5&#39;) - Stade Rennais FC - Valenciennes FC (2-0) / 2012-13,1558
2013-01-28T11:34:59Z,Resume Psg-Lille 1-0,56
2013-03-02T00:53:30Z,Fode Dore après Le Mans - SCO,2932
2013-02-03T10:05:29Z,Granada 1 - O Real Madrid # C.Ronaldo ( CsC ),212
