published-time,comment,likes
2013-05-11T23:33:34Z,Allez le SCO !!!!!,1
2013-06-15T09:18:05Z,C etait le stade  angevin po le stade lavallois,2
2013-05-05T18:43:09Z,jy etaiit au match,1
2013-05-05T09:34:27Z,"Arrêtez de vous bagarrer rien que pour l'équipe que vous supportez, c'est ridicule. On dirait des gamins de 1 an !",1
2013-05-05T09:22:27Z,"Certes, mais j'espère que vous ne monterez pas. Vous ne faites que des victoires à l'arrachée. Et puis bon, quand c'est Charles Diers qui marque...Bref, j'espère que l'EAG montera avec l'ASM et le FCN et que vous resterez là où vous appartenez. À bon entendeur.",1
2013-05-05T09:08:21Z,"Au moins on gagne !
",1
2013-05-05T08:59:18Z,laval aurai pu marque si iauré pas se putein d'arbitres,1
2013-05-05T08:54:10Z,"À part marquer dans les arrêts de jeu, vous savez faire autre chose ? Quelle bande de chanceux...",1
2013-05-05T07:59:47Z,First et a la dernière minute bien jouer,1
2013-05-21T21:10:58Z,merci au sco pour leur superbe saison ,1
2013-05-19T12:53:10Z,"Joli hold-up de Tours , bien joué à eux :)",1
2013-05-19T00:37:21Z,Allez tfc,1
2013-04-11T14:15:05Z,du ton bon ca ,0
2013-03-21T11:27:26Z,le penalty genereux,0
2013-03-20T16:46:03Z,"étant supporter de l'OM je dois dire que brandao il nous a fais gagner 3 coupes de la ligue et passer en champions league, je me suis toujours foutu de sa gueule pour sa technique déplorable et sa rudesse mais j'admet qu'il a une envie de jouer impressionnante et que beaucoup d'autres devrait s'en inspirer...",0
2013-03-18T00:47:01Z,Te plain pas Mr Gauthier est un fan du psg et a fait que les avantagé durant toute la saison...,0
2013-03-18T00:02:02Z,Rien que pour le penalty qui vous offre tu ne devrait pas te plaindre ,0
2013-03-17T23:54:06Z,T'as oublier le penalty bien généreux pour paris.,0
2013-03-17T23:31:10Z,"Paris méritais la victoire mes bien jouer pour st etienne.  Vraiment arbitrage merdique faut dire les choses en face. La chevaucher de pastaure interronpu par larbitre ki sifle une faute passer il y a plus de 20 sec, la faute sur t.silva meme pas siffler et paris ki se pren un but juste apres mais faut pas abuser non plus hein !",0
2013-01-09T21:04:31Z,first et allez Rennes,0
