publish_date,title,view_count
2013-05-11T22:00:12Z,Le Mans FC - Havre AC (0-4) - Le résumé (LEMANS - HAC) / 2012-13,7484
2013-03-19T12:15:40Z,Présentation des joueurs du Havre Athletic Club,143
2013-05-18T22:00:11Z,Havre AC - Stade Lavallois (1-2) - Le résumé (HAC - LAVAL) / 2012-13,3257
2013-04-27T22:00:13Z,Tours FC - Havre AC (1-2) - Le résumé (TOURS - HAC) / 2012-13,2488
2013-04-02T10:00:27Z,Nîmes Olympique - Havre AC (0-1) - Le résumé (NIMES - HAC) / 2012-13,2130
2013-03-17T14:47:44Z,Havre AC - Chamois Niortais (2-1) - Le résumé (HAC - NIORT) / 2012-13,2333
2013-04-09T10:00:27Z,Havre AC - SM Caen (1-1) - Le résumé (HAC - SMC) / 2012-13,9808
2013-05-25T22:00:36Z,AC Arles Avignon - Havre AC (1-1) - Le résumé (ACA - HAC) / 2012-13,3782
2013-04-13T22:00:15Z,Clermont Foot - Havre AC (1-1) - Le résumé (CFA - HAC) / 2012-13,2868
2013-04-20T22:00:15Z,Havre AC - CS Sedan (1-1) - Le résumé (HAC - CSSA) / 2012-13,1823
2013-05-04T22:00:10Z,Havre AC - FC Istres (2-0) - Le résumé (HAC - FCIOP) / 2012-13,2204
2013-05-11T17:20:03Z,Conférence de presse Le Mans FC - Havre AC (0-4) / 2012-13,412
2013-03-09T23:00:19Z,Nîmes Olympique - Tours FC (1-1) - Le résumé (NIMES - TOURS) / 2012-13,1535
2013-04-20T22:00:15Z,GFC Ajaccio - Tours FC (0-1) - Le résumé (GFCA - TOURS) / 2012-13,1840
2013-05-28T16:10:55Z,attitudes defensives - reactivité vivacité 2,559
2012-11-29T10:29:50Z,U15 Honneur SCMS - St Cezaire,163
