publish_date,title,view_count
2013-07-10T18:30:54Z,Samuel Di Carmine - Benvenuto alla Juve Stabia!,3251
2013-02-24T00:18:16Z,gol sulla punizione di carmine,27
2012-09-16T04:18:56Z,Cittadella 1-0 Virtus Lanciano 15/09/2012 2012-13 - 4°,369
2013-04-21T05:14:21Z,Cittadella 1-0 Juve Stabia 20/04/2013 2012-13 - 38°,856
2013-03-29T03:16:21Z,Cittadella 2-6 Novara 28/03/2013 2012-13 - 34°,10993
2012-10-21T12:12:53Z,Cittadella 1-0 Sassuolo 20/10/2012 2012-13 - 10°,564
2013-04-24T12:52:14Z,TG SPORT 24-04-13,16
2012-09-09T22:52:33Z,Crotone 3-1 Cittadella 09/09/2012 2012-13 - 3°,982
2012-11-13T16:52:00Z,BAYERN   MOENCHENGLADBACH,37
2012-10-01T23:11:31Z,Cittadella 3-0 Pro Vercelli 01/10/2012 2012-13 - 7°,2041
2013-07-24T19:37:02Z,Seconda amichevole stagionale. Crotone-Equipe Aic Calabria 9-0,955
2013-04-21T00:00:06Z,"CITTADELLA / JUVE STABIA: 1-0, LA VOCE DEI PROTAGONISTI",63
2013-03-21T04:03:26Z,SAMUELE ROMEO - Novara Empoli 2-2 del 1-settembre 2012 -,998
2012-10-04T15:57:27Z,Daje Mattè! GriFoBoNiTo per Matteo Liviero,1039
2013-01-31T12:09:45Z,Samuele Sereni torna in amaranto,883
2013-04-12T19:21:29Z,Milan - Napoli TRAILER 14/4/2013,397
2012-10-09T07:45:44Z,SAN GIORGIO MARCIANISE  1  1,265
2013-05-15T10:10:45Z,"Arezzo verso i play-off, parla Samuele Sereni",440
2013-01-10T09:26:59Z,A tu per tu con Nicola Corrent,461
2012-10-02T08:01:43Z,intervista samuele pizza,222
2013-02-20T21:23:48Z,Torneo Champions League III Edizione: Interviste post partita - Prima Giornata,279
2013-05-06T01:35:12Z,Rigore Cavani contro Inter,151
2013-01-25T20:19:52Z,L&#39;intervista web: Diego Vannucci,381
2013-03-15T15:47:00Z,A tu per tu con Diego Vannucci,585
2012-11-14T23:19:43Z,Svezia-Inghilterra 4-2 Full Highlights &amp; Goals Friendly (14.11.2012),334393
2013-03-24T16:15:21Z,INTERVISTE (STELLA ROSSA - TOTTHENAM - EVERTON - MANCHESTER UNITED - STEAUA BUCAREST),100
2012-08-22T17:46:39Z,"Perugia Calcio,  Intervista ai nuovi Grifoni - Matteo Liviero e Wilhelm Garcia",732
2013-02-07T13:28:42Z,"Perugia calcio, Conferenza di Matteo Liviero del 7-2-2013",174
2013-07-30T05:02:45Z,Stagione 2012/2013 - Inter vs. Catania (2:0),1026
2013-07-30T15:42:56Z,Serie D 2013-2014: Raduno Ostiamare Lidocalcio (Le interviste),398
2012-09-30T17:44:01Z,"Martina Franca - Aversa Normanna 2-0: video intervista a Gambino, autore del raddoppio",294
2012-11-13T17:13:00Z,Genoa-Napoli 2-4 Stadio Marassi Gol Insigne 11/11/12,647
2013-04-10T08:36:38Z,Avetrana alla Domenica Sportiva,3242
2013-07-20T19:00:27Z,"Napoli: lascia Julio Cesar, punta su Reina",391
