published-time,comment,likes
2013-07-11T07:19:28Z,Sempre!,0
2013-03-02T02:56:21Z,bellissimo gol come hai fatto,0
2013-04-02T21:34:56Z,"Premesso che Abbattista non dovrebbe arbitrare più manco in eccellenza dopo un errore del genere (se di errore si tratta) , la cosa più schifosa è che il telecronista manco dice che il rigore e l'espulsione sono totalmente inventati, il Novara probabilmente che avrebbe vinto lo stesso ma così è vergognoso, cmq complimenti alla INFRONT che cura le sintesi delle partite e che taglia molti episodi chiave dei match, semplicemente RIDICOLI!!!",2
2013-03-31T21:26:46Z,Credo che questo rigore+espulsione sia forse la più vergognosa decisione arbitrale che io abbia mai visto. Per quanto mi riguarda ci sarebbero tutti gli estremi per ripetere la partita...Cittadella e Novara sono due squadre a me indifferenti ma quando si vede una roba del genere non si può stare zitti. Che delusione Lepiller...Forza Hellas,1
2013-03-30T10:15:39Z,"partita falsata , che schifo sto campionato italiano , schifo.",1
2013-03-29T18:58:50Z,Assurdo il rigore!,1
2013-03-29T18:05:24Z,"minuto 1:16 molto interessante
",1
2013-03-29T16:55:26Z,"Perchè, pensi pure che arrivi in Serie A? Se la merita solo il grande Roca!",0
2013-03-29T12:18:38Z,"Min 1.13.
Espulsione generossissima, che dire, inesistente! Secondo me non ci stava nemmeno l'ammonizione a Cordaz, l'attaccante lo salta e due passi dopo si butta per terra urlando! Che dite? :) Parlo da portiere, non da tifoso dell'una o dell'altra squadra!",1
2012-09-10T08:47:24Z,supergoal,0
2013-04-13T14:56:23Z,ma  l'ha fatto un bimbo di 10 anni sto video ? .__.,0
2013-01-20T13:26:40Z,In FIFA 14 voglio questo commentatore!!!,0
2013-01-12T22:11:07Z,Io la penso come il commentatore xD,0
2012-12-20T17:13:46Z,è lo zingaro più forte del mondo!!,0
2012-11-22T17:32:35Z,hai uno spiccatissimo fiuto per il sarcasmo....,0
2012-11-20T19:57:05Z,"era ironico, furbone.",0
2012-11-19T07:16:36Z,penso anch'io...,0
2012-11-18T15:43:20Z,Infatti siete messi bene in campionato senza di lui....,0
2012-11-18T15:09:06Z,UN DIOOOOOOOOOOOOOOOOOOOO... zingaro :),0
2012-11-18T13:12:37Z,"Vabbè, son dettagli xD",0
2012-11-18T08:09:44Z,Se lo dice un MercenarioBastardo gli devo credere ;-),0
2012-11-17T22:19:32Z,"top 3 best players for me
1) zlatan
2) ronaldinho
3) piquè",0
2012-11-17T14:31:25Z,"HART...... :P
",0
2012-11-17T14:29:58Z,meglio super mario!!!!! Sto povero mercenario!,0
2012-11-17T13:04:36Z,E si... infatti l'80 % dei migliori gol del mondo sono fatti così... un po' con le gambe (o le mani) un po' col culo,0
2012-11-17T11:39:26Z,"Raga ibra può essere anche indisciplinato fuori dal campo ma secondo me attualmente e il giocatore più forte al mondo,secondo me è anche più forte di messi e ronaldo,in una squadra da qualità di gioco,assist,gol in quantità... a differenza di messi e ronaldo che se non si trovano in grande squadra forse non valgono quanto valgono oggi.....",0
2012-11-17T09:52:53Z,MA CHE CAZZ................,0
2012-11-17T09:25:45Z,"vatri siti tutti minchia ... ibra e troppo forti... e basta shhhh
",0
2012-11-17T02:32:45Z,"bellissimo goal l'ultimo di Ibra, ma di culo, se lo rifacesse 1000 volte sicuramente non gli riuscirebbe!
",0
2012-11-16T18:38:52Z,"ibra non lo preferirei mai a messi e cristiano ronaldo solo sulla play o in previsione futura ma al momento e il piu forte del mondo per me. gol a parte ma con qualsiasi maglia giochi diventa indispensabile per la squadra, solo la settimana scorsa a fatto 4 assist con il psg 
",0
2012-11-16T18:24:24Z,E un grande con lii avremmo potuto lottare per il campionato........guardalinee permettendo.........,0
2012-11-16T18:16:10Z,pensavo fosse stato Mexes e non Antonini,0
2012-11-16T16:01:16Z,hart sei una mezza seghina inglese...,0
2012-11-16T14:17:32Z,glielo aveva insegnato Antonini in allenamento,0
2012-11-16T12:48:05Z,ibra migliore giocatore al mondo ,0
2012-11-16T12:32:08Z,SONO UN SUPER MILANISTA E VEDO CHE ANCHE TE CAPISCI POCHINO PENSI CHE SIA COSI STUPIDO DA PENSARE CHE PAZZINI SIA MEGLIO E' UN POVERACCIO MESSO LI DA UN COGLIONE DI PREDIDENTE E DA UNA FIGLIA CHE PER FARSI SCOPARE DA PATO HA ROVINATO UNA SQUADRA.CERCA DU CAPIRE L'ELEGANZA DEL PENSIERO. SVEGLIA,0
2012-11-16T12:26:40Z,VEDI CICCIO NN CAPISCI UN CAZZO PAZZINI MEGLIO DI IBRA E' SOLO PER IRRIDERE GALLIANI.SE NN LE CAPISCI IMPARA LʹITALIANO,0
2012-11-16T10:46:14Z,Fosse più solido mentalmente sarebbe l'attaccante più forte di tutti i tempi...,0
2012-11-16T10:07:30Z,"pazzini ke sostituisce ibra??? ahah nn può sentirsi questaaa ahahah
",0
2012-11-16T10:02:08Z,spettacolo!!!! Ibra è sempre Ibra!!!! fenomeno!!!!,0
2012-11-16T08:13:38Z,ma ci mancherebbe pure che si metta a cambiare nazionalitò ogni 2-3,0
2012-11-16T04:53:05Z,Zlatan The King *,0
2012-11-16T00:21:02Z,"Il portiere è un cialtrone....indipendentemente da questo,  Ibra è sicuramente il giocatore più forte del mondo nel suo ruolo come, d'altronde, il più inutile e deleterio per una squadra che lo schiera. Quattro goal bellissimi, in una amichevole che non conta una cippa....ma trofei importanti zero...ZeruTitulibra",0
2012-11-15T22:46:59Z,"Da juventino :
Mamma quanto è forte Zlatan ...",0
2012-11-15T21:02:41Z,"grazie galliani genio immenso del calcio.tanto noi abbiamo Pazzini,che lo sostituisce egregiamente.bravo presidente tanto gente come ibra si trovano in ogni ruby",0
2012-11-15T20:38:32Z,"Di che vi meravigliate, non è umano",0
2012-11-15T20:16:17Z,"mamma mia ma che partita ha fatto ibrahimovic? una roba da matti. porco cane se va avanti così vince il pallone d'oro cazzarola!!! 2 gol, 1 punizione fantastica e un gol di rovesciata da fantascienza da fuori area!!!! incaible incaible!",0
2012-11-15T19:17:26Z,"Diobò.
",0
2012-11-15T18:45:59Z,secondo me il quarto gol lo hanno provato di nascosto in allenamento ; ) la vera classe di Ibra si vede nel secondo gol . ,0
2012-11-15T17:51:18Z,"ma chi ha cercato ibra scusa? rileggiti bene quello che ho scritto, poi riguarda gli ultimi due gol, così ti accorgerai degli errori grossolani che ha fatto il portiere inglese.
ultimo consiglio: prima di accusare qualcuno, impara a riflettere. Cordialità",0
2012-11-15T16:34:46Z,intanto senza ibra siete spazzatura,0
2012-11-15T15:59:59Z,grande ibra :) fenomenale,0
2012-11-15T15:12:34Z,Cazzo quant'è forte... perccato che è un mercenario di merda!,0
2012-11-15T14:50:21Z,Forza inter,0
2012-11-15T14:27:58Z,Forte il portiere dell'Inghilterra,0
2012-11-15T13:52:09Z,che dire...uno dei centravanti + forti della storia....non so come il milan l'abbia potuto far scappare..,0
2012-11-15T13:25:05Z,No dai ragazzi aveva  ragione  galliani  a dire che ibra  rovinava il gioco  e che non ci serviva.......grazie dirigenza ....,0
2012-11-15T13:22:13Z,"Incredibile, certo che gli inglesi vivono il calcio in tuttaltra maniera che noi una gradinata esaurita per un'amichevole, forse il calcio delle nazionali resiste soprattutto per loro a noi la nazionale serve solo per intavolare polemiche.",0
2012-11-15T13:15:20Z,"Ibrahimovic è uno stronzo, un mercenario e un pazzo, però, cazzo se ci sa fare con quei piedi!",0
2012-11-15T13:03:18Z,"grande ibra che golasso mai visto del genere
restera nella storia questo goal",0
2012-11-15T12:50:13Z,"super ibra :D
",0
2012-11-15T12:34:34Z,che sega hart...,0
2012-11-15T11:41:05Z,"ecco perke' puo' tirarsela fino alla morte........
berlusconi pezzo di merda 
galliani pelato del cazzo
mexes fanculo l'operaio devi fare a 800 euro al mese",0
2012-11-15T11:18:16Z,wow!! O.o,0
2012-11-15T10:35:11Z,Amazingg!,0
2012-11-15T10:30:54Z,incredibile ibrahcadabra!,0
2013-07-30T23:15:03Z,che gol di rodrigo el trenza ....... fuoriclasseeeeeeeeeeeeeeeeeeeeeee !!!!!!!!!,0
