publish_date,title,view_count
2013-03-17T14:49:55Z,Tours FC - Stade Lavallois (1-1) - Le résumé (TOURS - LAVAL) / 2012-13,1517
2013-03-02T23:00:15Z,Tours FC - SM Caen (1-1) - Le résumé (TOURS - SMC) / 2012-13,2397
2012-12-22T23:22:32Z,Tours FC - Angers SCO (1-2) - Le résumé (TOURS - SCO) / 2012-13,3313
2012-12-12T23:39:19Z,Tours FC - RC Lens (0-0) - Le résumé (TOURS - RCL) / 2012-13,1346
2013-05-25T22:00:36Z,Tours FC - AS Monaco FC (1-2) - Le résumé (TOURS - ASM) / 2012-13,9409
2013-04-13T22:00:15Z,Tours FC - EA Guingamp (2-0) - Le résumé (TOURS - EAG) / 2012-13,5164
2013-02-16T23:00:14Z,Tours FC - Clermont Foot (2-1) - Le résumé (TOURS - CFA) / 2012-13,2470
2013-02-02T23:00:13Z,Tours FC - Châteauroux (3-1) - Le résumé (TOURS - LBC) / 2012-13,2651
2013-02-09T23:00:28Z,AJ Auxerre - Tours FC (3-2) - Le résumé (AJA - TOURS) / 2012-13,7993
2012-10-20T22:00:12Z,Stade Lavallois - Tours FC (2-2) - Le résumé (LAVAL - TOURS) / 2012-13,1929
2013-04-27T22:00:13Z,Tours FC - Havre AC (1-2) - Le résumé (TOURS - HAC) / 2012-13,2488
2012-12-01T23:00:17Z,Havre AC - Tours FC (3-0) - Le résumé (HAC - TOURS) / 2012-13,5375
2012-12-15T23:00:12Z,AC Arles Avignon - Tours FC (2-2) - Le résumé (ACA - TOURS) / 2012-13,8122
2013-01-26T23:00:13Z,FC Nantes - Tours FC (3-1) - Le résumé (FCN - TOURS) / 2012-13,9257
2012-11-03T23:56:42Z,Tours FC - Le Mans FC (2-0) - Le résumé (TOURS - LEMANS) / 2012-13,2900
2012-11-24T23:00:16Z,Tours FC - GFC Ajaccio (2-1) - Le résumé (TOURS - GFCA) / 2012-13,1581
2013-05-11T22:00:12Z,Tours FC - AC Arles Avignon (0-0) - Le résumé (TOURS - ACA) / 2012-13,976
2013-03-09T23:00:19Z,Nîmes Olympique - Tours FC (1-1) - Le résumé (NIMES - TOURS) / 2012-13,1535
2013-01-19T23:00:13Z,Tours FC - Dijon FCO (3-1) - Le résumé (TOURS - DFCO) / 2012-13,3416
2012-10-27T22:00:12Z,FC Istres - Tours FC (4-1) - Le résumé (FCIOP - TOURS) / 2012-13,4169
2013-04-20T22:00:15Z,GFC Ajaccio - Tours FC (0-1) - Le résumé (GFCA - TOURS) / 2012-13,1840
2013-05-18T22:00:11Z,Angers SCO - Tours FC (0-1) - Le résumé (SCO - TOURS) / 2012-13,3566
2012-11-10T23:00:16Z,EA Guingamp - Tours FC (0-0) - Le résumé (EAG - TOURS) / 2012-13,757
2013-02-23T23:00:14Z,CS Sedan - Tours FC (1-1) - Le résumé (CSSA - TOURS) / 2012-13,2079
2013-03-17T14:48:20Z,Conférence de presse Tours FC - Stade Lavallois (1-1) / 2012-13,58
2013-02-04T22:52:23Z,Tours: bilan du mercato d&#39;hiver,30
