published-time,comment,likes
2013-01-31T21:23:27Z,"je pence que ca vas tourné entre germain et riviére et salli
",0
2013-01-31T19:55:10Z,"Bah justement, 2 attaquants pour une formation à 2 attaquants, ça pose un problème si un se blesse, Rivière est là pour faire tourner.",0
2013-01-31T19:33:25Z,"Une bonne recrue , jeune et motivé sa va faire du bien , mais je me demande comment vont se faire les compositions avec Touré et Germain ?",0
2012-12-28T09:34:54Z,belle!,0
2012-10-02T11:22:20Z,Boot opposé Wichaw,0
2012-10-02T10:37:36Z,Respect la madjer en lobant le gardien technique le riviere !,0
2012-10-02T09:37:52Z,esto de internet resulta una cosa muy interesante,0
2012-10-01T11:16:42Z,La seule façon de marquer pour Manu ^^,0
2012-10-23T09:05:41Z,defence is world class in ligue1 because they score less goals in a match than in any other top leagues few years ago it was like 2.5 goals a game or something like that when premier league is 3 goals ,0
2012-10-22T23:31:38Z,But what i was trying to say was it might be eassier now to score for him in Ligue 1. Ligue 1 is not really a league where end of the season the top scorer has 30 or 35 gols. But seems like if Ibra continues how his scoring now he could break a new record by scoring 30+ gols...,0
2012-10-22T23:27:48Z,"Hmmmm might be true but not sure if the defence is really better now then in Brasileirao , just PSG defence is really world class now but 3 of the good CBs are South American (Alex,Thaigo and Lugano) and 2 are Brasilian. :D

Sure Ibra scoring everywhere nice , amazing gols but no suprise he has today the best shot technique of all strikers without a doubt.",0
2012-10-22T22:57:25Z,"Ofcource Italy and PL has the best defence.. I was comparing to liga do brasil :P. And about ibra.. he has scored FANTASTIC goals in every club he has been in ;) just search on youtube. :P amazing goals for ajax, juventus, Inter, Barca, Milan, and already some nice goals for PSG ;)",0
2012-10-22T22:06:04Z,"I think the best defence is simply in Premier League or especially Serie A(since its rare to see there games ending with 4,5 or 6 gols). Barcelona is also scoring almost 3 or 4 goals per week but almost all the gols are the same. Pass , pass , tici taca ,  then kick the ball inside the net from the penalty area. :D

I love to see distance gols and i think Ibra finally found hisself in the right league where he can score some amazing goals.",0
2012-10-22T21:56:13Z,That might be true.. butt maybe it is because the defence in ligue 1 is better so you can't dribble all the way into the box so you have to try to shoot from a further distance.. I don't know.. maybe :P,0
2012-10-22T21:44:33Z,"Yeap as i said simply 5 STAR gols , but in Ligue 1 it just happens to often to see amazing distance goals. U cant even see so many amazing distance goals in Brasileirao every week as in Ligue 1.",0
2012-10-22T06:34:59Z,"yea, I saw them, And you would be a fool to say that it was the goalkeepers fault! ;) Simply amazing shots.",0
2012-10-22T03:37:15Z,Did u see the goals of Alain Traore few weeks ago ? Simply amazing 5 star distance goals !!! My mouth was simply waterin when i saw those goals. :D,0
2012-10-22T03:35:19Z,"Yes now with PSG its going to a next level , but Ligue 1 needs more very quality teams to be a World Class league such as Premier League or La Liga. PSG is a 5 star team now simply a world selecetion but Lyon is nomore good and dominating as few years ago. Marseille , Lille and Bordeaux are just middle class teams. We can see that Montpellier was just a 1 season team.",0
2012-10-22T03:30:09Z,Hmmmm yes there is but what am trying to tell is in Ligue 1 are more distance goals and i see them constantly almost every weekend. Not to forget Juninho Pernambucano was scoring almost every week a distance or surely freekick goal few years ago. ;D,0
2012-10-22T00:26:56Z,"I see amazing distance goals in all leagues all the time :P I see them in spain, england, italy and germany..",0
2012-10-22T00:20:04Z,"Ligue 1 is one of the best leagues in the world, Different playing style from the other leagues",0
2012-10-21T23:10:18Z,"Everytime i watch the goals of Ligue 1 there are always bunch of amazing distance goals. Is it because the players are that amazing shooters or is it because the goalkeepers really sucks ??? Cause in Premier League , Serie A or Bundes Liga where are the keepers and defence better i dont see so often amazing distance goals.",0
2013-07-28T10:29:40Z,[iminent=0gaCtAgUWfOB] gardien de tours tres fort,0
2013-07-05T01:02:58Z,Moi aussi jai etait au match yavait but pour Tours a la fin jetait deg,0
2013-06-17T18:58:59Z,je suis dacord avec toi il montre pas le but qui na pas conter alors qu'il y avait but (jai ete voir le match),0
2013-05-26T15:59:57Z,et le résumé ne fait pas voir le but refusé pour Tours parfaitement valable ,0
2013-05-26T13:51:10Z,Monaco a vendangé mais su retourner la situation. Champions de France mérités,0
2013-05-26T01:36:44Z,Tours meriter la victoire,0
2012-10-23T12:15:11Z,"Oh look, It's Mr. Thick Glasses again.",0
2013-04-22T22:13:48Z,"MAIL ENVOYE A LA LFP !!! 4/4
Bizarrement, tellement reconnaissant aux D.O.M, pour la première fois que le trophé des champions a été organisé hors de LA FRANCE METROPOLITAINE, vous l'avez fait aux USA!!! bien plus loin qu'aux antilles ou en Guyane, pourvoyeur
de sportif à la chère France!
Il serait bon que vos décisions réglementaire soient logiques, étiques, justes, et homogènes.Arrêtez de stigmatiser certains, favoriser d'autres, et chercher à handicaper un autre.Soyez clair, franc et honnête!",0
2013-04-22T22:12:07Z,"MAIL ENVOYE A LA LFP !!! 3/3
Si vous y voyez une particularité pour justifier l'isolement de ces départements ayant peu de moyen pour élever le niveau de leurs sportifs, pourquoi ne pas autoriser les D.O.M à participer aux éliminatoires zone concacaf
avec leur sélection? Et là vous saurez me parler de la France...
",0
2013-04-22T22:10:44Z,"MAIL ENVOYE A LA LFP !!! 2/3

je Pense que vous aviez plus important, plus logique et juste à faire dans le foot français...
Etique? Egalité?
Ben alors pourquoi les clubs des D.O.M sont les seuls à ne pouvoir accéder à une division supériéure ,
une fois champions chez eux? Les D.O.M sont des département français comme tous les autres...
",1
2013-04-22T22:09:11Z,"MAIL ENVOYE A LA LFP !!! 1/3
Vous avez décidé d'un coup de changer une règle dans le foot français:
Tous les clubs de L1 et L2 devront avoir leur siège en France...
Comment ne pas penser que c'est visé contre l'a.s Monaco seul club concerné?
Auriez vous pris cette décision si l'as Monaco n'était pas sur le point d'accéder de nouveau à
la L1?
Est-ce une coïncidence, avec la venue du Qatar dans le club parisien.
Cherche t-on à façonner le foot français pour le PSG?

 ",0
2013-02-05T16:08:22Z,pas mal le gardien de monaco,0
2013-02-08T10:55:23Z,Great goal! Tabanou is very underrated.,0
2013-02-10T10:56:27Z,Il y a une vidéo.,0
2013-01-03T09:37:12Z,"roudet super but frappe tranquil
tabanou petis dribble et jolie petite frappe
rivière petit piqué pas mal
le tallec but normal
gomis fait un geste marrant",0
2012-11-20T16:44:56Z,BRANDÃO BUTEUR,0
2012-10-25T14:13:07Z,le but de braaten etait aussi pas mal,0
2012-10-22T16:25:12Z,Il a rien foutu à Lens mais à Sochaux il fout une pu*** de frappe...,0
2013-03-10T07:19:49Z,First ! Allez l'ASM !,1
2013-01-26T00:09:42Z,"need to change the name of this channel to NUFCofficial
",0
2013-03-17T09:42:30Z,Zlatan Saint Germain will win ligue one. Mark my words,0
2012-12-27T12:07:35Z,2:10 Gangnam style!,0
2012-12-24T23:09:29Z,It's spelt 'Ibrahimoviç' not 'Ibrahimovic',0
2012-12-24T16:41:01Z,It's spelt 'Ibrahimovic' not 'PSG',0
2012-12-24T12:28:07Z,"Si t'es fan de Rennes ou tout simplement de football, alors rejoins cette page !

Tape "" Supporters du Stade Rennais FC "" sur Facebook et rejoins nous !
(la page avec le logo de Rennes entouré de rouge)",0
2012-12-24T11:50:54Z,Stade Rennais!,0
2012-12-24T07:38:49Z,Only Lyon !,0
2012-12-24T06:01:38Z,"Psg ist bestimmt nur so weit oben, weil sie so klasse spielen können. :D",0
2012-12-14T16:15:55Z,Lille respire enfin,0
2012-10-06T00:02:50Z,ligue 1 no longer plays on eurosportsworld in canada.pourquoi :(,0
2012-10-03T05:26:07Z,"Allez OM, Allez Mandanda",0
2012-10-01T12:06:40Z,allez banel nicolita!,0
2012-10-01T04:07:26Z,Allez OM!!,0
2012-10-01T01:07:32Z,"allez paris
",0
2013-04-29T16:34:32Z,"On les voit peut être mais on les entends pas :)
",1
2013-04-24T21:49:05Z,Ah c'est drôle ça! Bouffon,3
2013-04-24T11:13:27Z,C'est le même geste ^^,1
2013-04-23T17:18:48Z,"Moonaaaacoo !
Magnifique Match !",3
2013-04-23T16:46:21Z,Vive ocampos,2
2013-04-23T12:43:57Z,okiiii hala ya de bon joueurs en ligue 2 :),1
2013-04-23T11:55:31Z,3.,0
2013-04-23T11:36:07Z,combien de club vont monter en ligue 1 . et cb vont descendre de ligue 1 a ligue 2 ???,0
2013-04-23T11:05:59Z,Daghe Munegu <3,0
2013-04-23T10:46:06Z,très beau match des monegasque allez bientôt la L1 avec les Nantais !!!,0
2013-04-23T10:06:17Z,Le deuxième but = celui de Thiago Silva sauf que le ballon n'est pas sorti ^^ ,1
2012-12-31T11:46:18Z,"Abdennour, lui c'ets le meilleur défenseur du championnat ! Il est très fort",0
2012-12-30T21:47:18Z,"T'inkiete, Khazri est très bon aussi :) ",0
2012-12-26T02:51:45Z,"Tkkkt aussi, mais il a choisit les bleus ;))",0
2012-12-24T12:05:33Z,REGATTIN PUISSANCE MAROCCCC ;))) ,0
2012-12-24T01:21:29Z,vive le maroc,0
2012-12-24T00:57:44Z,Allez Sochaux,0
2012-12-24T00:52:01Z,"la can la can inshhhaaaall :)
",0
2012-12-23T23:20:15Z,très joli le coup franc,0
2012-12-23T23:14:34Z,"aller le TFC
",0
2012-12-24T13:13:25Z,where's ayew's header against ASSE?,0
2013-07-05T03:00:01Z,"conteaza  ca daca steaua al ia sa faca treaba si sa ne dea satisfactie noua suporterilor........trup si suflet steaua.......
",0
2013-07-04T15:43:26Z,doamne ......sper sa ajunga asta.......,0
2013-07-01T20:44:01Z,hai baieti ce faceti ? nu mai sariti cu welcome-ul ? :)))))  baaaaa pana  nu vedeti ca e ceva concret nu mai sariti cu astfel de tampenii ca va faceti de cacat....,0
2013-07-01T17:13:51Z,"Nu te poti lua dupa niste video-uri, Daca iti aduci aminte cand l-a cumparat Steaua pe Toja .. pe net era plin de filmulete cu el cu faze spectaculoase etc .. si la Steaua nu a facut mare lucru .. s-au uita-te putin la golurile lui Tanase, daca ar fi sa te iei numai dupa golurile date de el ai spune ca e nu stiu ce mare fotbalist ..aparentele inseala, pana nu-l vedem intr-un meci nu ne putem da cu parerea.",0
2013-07-01T16:18:59Z,"prost.ro :)
",0
2013-07-01T16:18:57Z,da din cate vad pare mai bun ca italianu sa speram ca il luam,0
2013-07-01T15:57:48Z,"Oameni buni momentan nu a venit la steaua,nu mai ziceti welcome to steaua,va luati repede dupa retardatii de la sport.ro",0
2013-07-01T15:33:28Z,viteza si tehnica buna !,0
2013-07-01T13:46:52Z,"Asta e atacantul de care are nevoie Steaua. Nu cred ca am mai avut un asemenea atacant, stie sa atace prima bara si sa dea cu capu , stie bine sa se demarce in teren, si e jucator de executie care marcheaza din afara careului .
Asta e varf de rasa :) !!! Fortza Steauaa",0
2013-06-29T18:27:19Z,"""all i ever wanted"" se numeste mel",0
2013-06-29T09:36:49Z,"Se cam incadreaza in stilul de joc al Stelei, cu centrarile lui Lato' in fata porti, o balbaiala a unui jucator, iar asta poate veni si sa rezolve faza.",0
2013-06-29T09:34:41Z,Sa speram ca nu e si asta o petarda. Sper sa vina la NOI.,0
2013-06-29T09:18:19Z,"Piesa se cheama Basshunter- Put you hands up
",0
2013-06-29T09:09:14Z,"Bienvenue au Steaua Bucharest, mon ami. J' adore Steaua!",0
2013-06-29T08:54:22Z,"cum se numeste melodia
",0
2013-06-29T08:43:59Z,"cum se numeste prima melodie
",0
2013-06-28T23:59:46Z,macar sa vina...,0
2013-06-28T23:59:18Z," Bienvenue a Steaua, mon ami!",0
2013-06-28T23:38:11Z,Welcome to Steaua Bucharest !,0
2013-06-28T21:54:31Z,Come to STEAUA BUCHAREST !!!!!!,0
2013-06-28T21:33:51Z,"welcome to Steaua!
US 25&UCL!
",0
2013-06-28T21:28:52Z,"Ba,taci ca nu a gresit nimic in ce a scris el acolo,tu esti singurul prost de pe aici.",0
2013-06-28T21:27:45Z,Bine ai venit la Steaua!,0
2013-06-28T20:55:33Z,"Ce o facut ma?
Nici exprimarea ta nu-i mai faina.
""ce-ai cu romana asta la tine""? Unguro este thu?!@
",0
2013-06-28T20:46:45Z,Are clasa. Welcome to Steaua! The best Romanian team.,0
2013-06-28T20:18:40Z,welcome to steaua!!! to CL,0
2013-06-28T19:28:34Z,"are plasament, e altceva ;)",0
2013-06-28T19:25:13Z,"Sa fie jumatate din cum era Thereau si o  sa faca furori ... uita te atent; e masiv, rapid si bataios. Eu zic ca daca nu face prostii ca jegul de Nikolici are sanse sa fie cu mult peste Rusescu.",0
2013-06-28T19:19:50Z,"alt baschetbalist :))
",0
2013-06-28T19:18:34Z,welcome to steaua,0
2013-05-04T09:23:28Z,"merci cédric pour cette compil, dommage que les images soient pas terribles, la musique est bonne mais j'aurai préféré l'ambiance du stade
bravo quand même !!
et surtout ALLEZ LE HAC !!!!!!!!!!!!!!!!!!!!!!
amicalement
Bruno",0
2012-10-21T17:14:10Z,je ne suis pas first,0
2013-01-02T16:39:22Z,"Beau reportage qui montre qu'il n'est pas nécessaire d'avoir de grands moyens pour faire de grandes choses, hélas nos ""médias officiels"" semblent avoir d'autres priorités.
Ce reportage devrait être diffusé dans tous les centres d'apprentissage...
Merci Moun Isi !",0
2012-11-10T10:40:27Z,Bienvenue à la juventus!,0
2012-11-03T20:33:39Z,Oh le tir flottant en missile,0
2012-10-22T19:45:06Z,boomm,0
2012-11-28T20:03:44Z,En fait c'est la final de l'euro !! ( 4-0 pour l'espagne ),0
2012-10-27T18:46:33Z,"Bravo les buts.
",0
2012-10-23T19:41:33Z,2 eme but hors jeu ...,0
2012-10-23T01:40:12Z,Superbe 2ème but,0
2013-01-02T21:43:58Z,ouai et sa fait quoi,0
2012-12-28T17:26:02Z,0:40 - Gangnam Style,0
2012-12-28T12:33:56Z,"le but d'alessandrini contre ajaccio est pas mal aussi
",0
2012-12-27T23:59:52Z,"Disons qu'entre le but de Payet et celui de Roux, c'est étrange que celui de Roux ressorte, dans le même match il faudrait tant qu'à faire mettre celui de Congré, il est plus beau...",0
2012-12-27T10:00:48Z,Oui c'est vrai mais de la a dire que celi de Roux est dégueulasse et tout...faut pas exagérer quand même  ,0
2012-12-26T20:50:12Z,"gilette tu nous fais chier -,-'",0
2012-12-26T18:44:47Z,bah c'est une balle piqué c'est bof quoi par raport a une tete mise en puissance petit filet a 10 metre du but excuse moi mais y'a pas photo ;),0
2012-12-26T12:34:24Z,regatin c le plus beaux buts !,0
2012-12-25T10:55:29Z,Le but d'Ayem est beau OK mais de là a dire que celui de Roux est dégoûtant...Faut pas exagéré  ,0
2012-12-25T10:24:41Z,"Il a raison, il suffit de regarder le but d'Ayew lorsque l'on a ne serait ce qu'un petit peu d'expérience sur le terrain (que tu n'as sûrement pas, vu ta réaction), pour savoir que la tête est beaucoup plus difficile à mettre.",0
2012-12-25T10:14:55Z,T'es juste supporter Marseillais quoi ,0
2012-12-25T10:09:12Z,0:37 Oppan gangnam style,0
2012-12-24T15:05:33Z,Le premier but pour tfc-magnifique-allez les violets,0
2012-12-24T13:33:25Z,"C'est vrai qu'un face à face c'est bien plus compliqué qu'une tête point de penalty --""",0
2012-12-24T13:06:45Z,non regarde les match avant de parler et tu m'en donne des nouvelle après,0
2012-12-24T13:06:12Z,et toi vraiment un parisien...,0
2012-12-24T12:51:38Z,Je crois que t'as pas lu sa phrase ... Il dit que le but de ayew est plus beau que le but de roux... Il parle pas du coup franc --',0
2012-12-24T12:48:55Z,"mdrrr t fou toi c'est le coup franc le meilleur toi tes vraiment un marseiller
 ",0
2012-12-24T12:42:54Z,"marseille a eu bop de chance face a st etienne
",0
2012-12-24T12:40:32Z,"roux..... juste un ballon piqué tout seul face au guardien, voilà quoi, on fixe la barre plus haute pour le top but =)",0
2012-12-24T11:51:12Z,"C'est celui de payet enchainement parfait!
",0
2012-12-24T11:36:43Z,Mutu pour moi !,0
2012-12-24T10:53:48Z,"Quand je voit le but de roux dans le top but, sa me dégoûte. Le but d'ayew de la tête et 10 fois plus beau et plus dur à mettre",0
2012-12-24T10:50:41Z,"mutu oui
payet oui
regattin oui
rivière oui
roux pas trop mais pas mal",0
2012-12-24T10:50:39Z,Regattin for me,0
2012-12-24T10:47:23Z,Regattin pour moi ! :D,0
2012-12-24T10:41:21Z,Le but de riviere es le + beau pour moi,0
2012-10-01T18:42:31Z,well mi speak english 2 bad if u dont understand it,0
2012-10-01T17:57:01Z,In English please.,0
2012-10-01T17:56:37Z,Goal 2. Unstoppable.,0
2012-10-01T02:45:01Z,"d fitst freekick gol was amazin , straight 2 90 degrees",0
2013-03-04T13:13:46Z,"Suba qui parle en français !
Grande Suba ! L'homme du match !",0
2013-03-02T10:41:00Z,Monaco est magique,0
2013-02-12T13:34:19Z,Que fait le but de thiago motta dans ce classement !?,0
2013-04-17T11:58:11Z,nhionùgt_ikutgèotiu,0
2013-05-12T18:00:58Z,Camara bof franchement,1
2013-04-23T13:00:37Z,j adore celui de DANIC !!!!!!!,1
2012-12-30T13:33:43Z,romain alessandrini,1
2012-11-10T17:14:51Z,j m en fou de son crochet,1
2012-11-09T18:23:03Z,c ben yeder c son crochet,1
2012-11-05T10:16:47Z,"danic oui
alessendrini oui
rothen oui
ben yedder peut être
camara je sait pas",1
2012-11-02T20:46:39Z,La Magie du football ! La photo de profil est Neymard,1
2012-11-02T20:45:01Z,"Ho beaux but , en passant profitez-en pour aimez ma page facebook ! Vous aurez tout les news du football mondiale ",1
2012-10-26T10:08:48Z,"danic oui
alessandrini oui
rothen oui
ben yedder bof
camara oui
",1
2012-10-04T19:44:38Z,"Bah pour tout te dire je ne voulais pas te submerger d'infos en fait donc je ne t'ai pas mis leur bilan européen
Man city : 1 fois l’ancêtre de l'Europa League (la meme compétition que vous )
Chelsea : 2 fois l'ancêtre de l'Europa League + 1 fois la Supercoupe
Voila ! ",0
2012-10-04T18:56:03Z,"donc tu te tais pck paris on a gagner l'europa league on a tjs eu plus d'histoire que ces deux clubs qu'est tu parle serieusement? un grand club sa remporte pas qu'un championnat tait tois serieux tu me cite les community shield et les coupes d'angleterre serieux arrete toi on a gagner L'EUROPA LEAGUE juste sa sa balaye tout tes soit disant arguments de ""c'etait deja des grand club"" non c'etait pas des grand club.",0
2012-10-04T17:27:17Z,"Bah pour etre tout a fait exacte Manchester city a gagné avant l'arrivée du Qatar :
-2 championnat d'Angleterre  -4 coupe d'Angleterre  -2 coupe de la ligue Anglaise   -3 community Shields
Et Chelsea ?  -1 championnat d'Angleterre  -2 coupe d'Angleterre  -2 coupe de la ligue Anglaise  -1 Community Shields

Alors oui, il était déjà de Grand Club :)",0
2012-10-04T16:14:00Z,c'est vrai que manshester city avant que le qatar vienne etait habitué a gagné.... chelsea avant qu'il y est abramovitch jouait a peine le milieu de tableau maintenant ferme ta gueule et va parler de foot entre ignorant ,0
2012-10-04T16:11:39Z,oui de 2nd zone sa fais 10 ans que vous humilié la ligue 1 au plan européen tu te fous de la gueule du psg qui a perdu face a porto (club qui vous apprend le football) car on a beaucoup plus de moyens qu'eux... mais c'est contre qui que vous avez (encore une fois de plus) humilié la ligue 1 en perdant 3-1?? manshester? Bale? Kiev? a oui pardon Bate Borisov...,0
2012-10-04T15:58:59Z,"Au moins on est d'accord sur un point, le Qatar n'investit pas n'importe où, il investit dans le club de la capitale preuve que le Qatar n'est pas vraiment un pays de footballeurs......
Lille un club de seconde zone qui depuis 10ans a l'habitude des compétitions européennes et qui finit a l’exception de l'année dernière devant le Psg, qui a aussi des meilleurs résultats ( avant cette année ) en europe est un club de seconde zone oO ",0
2012-10-04T15:56:26Z,jsuis marseillais mais celui de danic est magnifique ,0
2012-10-04T15:37:30Z,"sa sert a rien que l'on parle football tu est juste un rageux qui supporte une équipe de 2nd zone au plan européen et on juge pas sur un match on vous a niker on va récidiver sur Marseille et paris est une ville historique connu et reconnu dans le monde tu dis que paris est nul que le Qatar n'aurait pas du investir dans ce club? (non a part sa tu n'est pas un rageux bien sur) les qatariens ne sont pas idiot. Je dirait même intelligent, ceux sont des businessman il savent où investir.",0
2012-10-04T14:56:48Z,"C'est sur qu'avec un budget illimité sa aurait été plus facile. Bon ce qui est marrant au fond, c'est que vous venez de perdre contre Porto qui eux ont beaucoup moins de moyen que vous, que vous n’êtes même pas 1er de Ligue 1 et que c'est l'ennemi n°1 de paris qui est 1er. Peut-être qu'en dépensant 500 000e de plus au mercato, sa passera .......",0
2012-10-04T14:37:50Z,quand on a ete racheter psg etait 4eme..................... donc mauvais non je ^pense pas et oui quand gervinho paart vous etes champion ensuite heuseusement qu'il y a hazard et quand celui ci part.................... YA PLUS PERSONNE!!,0
2012-10-04T12:18:17Z,C'est quoi le délire avec le but de rothen ? pourquoi il est dans le top but ??,0
2012-10-03T22:34:22Z,"Tu oublies Lyon. Et Gervinho, sa fait deux ans qu'il est parti --'
Bah ce qu'on se plaint , c'est que c'est un club mauvais qui soit racheté plutôt, si sa aurait été Lyon ou Marseille, sa aurait été normal mais.......le PSG euh lol .
",0
2012-10-03T22:29:54Z,"Le seul problème c'est que tous les clubs que tu me cite était déjà dans les meilleurs avant d'avoir d'apports d'argent. Ces clubs été habitué a gagner contrairement au Psg.
Les apports d'argent ont suivis après que ces clubs ont totalement dominés leurs championnat et avait déjà des équipes bien rodés avec de vraies stars.
Pourquoi le Qatar a choisi Paris, ce n'est pas car c'est un club plein d'avenir mais la capitale de la France. Et il me semble pas qu'avant le Qatar, vous étiez en LDC lol .",0
2012-10-03T22:23:27Z,"Bah je vois Gignac qui est ni exactement dans le mur, mais qui ne marque aucun joueur non plus, en faite je ne sais pas ce qu'il foutait la .......",0
2012-10-03T16:46:38Z,"et trop minable on vous as fumez ...alrencor une fois ferme ta gueule le foot c'est de l'argent aussi... tout le monde disait ''ouais la ligue 1 c'est de la merde ya pas de star etc..."" mnt que paris est racheter que ya des star tt le monde se plains que psg ai de largent c'est un truc de ouf!! oui on a ete racheter mais ya pas un grand club au monde avec des petit moyens... et lille sans hazard et gervinho (car nimporte kel autre attaquant aurait mis plus de 20 buts a la place de sow) sa vau r1",0
2012-10-03T16:38:39Z,"voila le mec qui n'a rien compris... cite moi une équipe qui joue la victoire de la championes league sans depenser plusieurs millions? mancherster united on gagner de nombreux titres grace a un centre de formation dans lequelles les dirigents ont parier plusieurs millions +,les millions depenser sur le marché, city c'est le qatar comme paris (mais la les rageux se plaigne pa) real c le roi d espagne barcé ya une taxe sur la population + le qatar chelsea un russe bayern ya des millions aussi...",0
2012-10-03T10:31:54Z,je suis content car cette anée le niveau de la l1 est relvé les beauts buts en sont la preuve ,0
2012-10-02T22:05:37Z,"Ah ! Autant pour moi ! Le mur est quand même assez bizarre quand on y regarde de plus près aussi = Un qui ne saute pas, un autre qui saute et le troisième qui ne saute pas et s'écarte .^^",0
2012-10-02T16:54:30Z,Tu as déja été goal ? On n’arrête pas une balle pleine lucarne comme ca :),0
2012-10-02T16:53:35Z,Personnellement je préfère celui du Valenciennois :),0
2012-10-02T16:52:19Z,"J'ai absolument rien compris, sa te dérangerait de parler français ?
J'ai absolument aucune raison de baver sur le PSG, une équipe qui dépensent des millions pour participer a la ldc ? Mdr, j'ai plutôt envie de rigoler !!
Euh attends...... je ne me souviens pas :( Qui est premier de la Ligue déjà ? xD
Non je ne suis pas Marseillais mais Lillois, et je préfère une équipe qui se bat avec ses propres moyens pour s'en sortir, plutot qu'une équipe trop minable pour faire un bon recrutement sans tune
",0
2012-10-02T15:38:12Z,ferme ta gueule toi et les autres vous baviez sur le psg et mnt que l'on est pas dans le classement pck vous vous plaignez de pué le merde vous nous clasher? LOL,0
2012-10-02T15:30:57Z,Il faut marquer pour être dans le top but tu sais ?,0
2012-10-02T15:29:46Z,En attendant on n'a pas vu de buts parisien il me semble ........,0
2012-10-02T10:42:04Z,pariss pariss le meilleur club et oui on est trop haut la preuve meme la chaine officiel de la ligue 1 sur youtube n'a pas d'image de paris haaaaa on est trop haut,0
2012-10-02T07:05:17Z,Oui bolosse on s en fout de ta gueule paris é magik,0
2012-10-02T06:33:59Z,ta gueule on sen fout de paris ,0
2012-10-01T20:43:52Z,Loule cte rage sardinienne ici cé paris poto,0
2012-10-01T20:12:31Z,a quand un top arret ? ,0
2012-10-01T18:53:58Z,Ils auraient du maitre le but de Trémoulinas qui en vaux la peine comme meme hein ... Ridicule Lyon se fait voler sévere contre bordaux -_-,0
2012-10-01T18:45:09Z,celui de camara!!! <3,0
2012-10-01T16:37:55Z,"Le but de Romain Allessandrini est pépite n'empêche ^^
",0
2012-10-01T16:07:31Z,Le plus beau but c'est le coup franc de Danic... même si je suis marseillais :'(,0
2012-10-01T16:06:53Z,Mouaaaaah lol cte rage prk je fuiré boloss paris sera champion sans aucun doute la roue tourne paris é magik,0
2012-10-01T15:59:10Z,A oui et tu peu me répondre au lieu de fuire comme un supporter de m... pardon un faux supporter parisien,0
2012-10-01T15:57:21Z,"Et je me doute déjà de ta réponse qui montre le niveau de ton QI : ""Ici c'est Paris"" ?? 0.o  WTF!!!!!",0
2012-10-01T15:55:23Z,"Hey ma gueule jte retrouve et jme dit qu'enfet je t'ai compris , tu aime te branler en pensant a l'om voila c'est dit , tu va l'admettre ou tu va encore nous sortir tes petites réplique de puceau frustré qui ne connais pas son (ses?) pères : ""paris et ibra son magik"" tu passe pour un gogole sur toute la chaine youtube de la L1 a faire de la propagande sans aucun fondement ni aucune objectivité mais bon la je crois que je vien de te faire mal au cerveau ",0
2012-10-01T10:44:56Z,Magnifique coup franc de Danic ! ,0
2012-10-01T08:42:25Z,Oui tou le monde dit sa cé facile on s attak a l ortographe cé pluto de la frustration pour vous,0
2012-10-01T08:39:15Z,si seulement tu pouvais écrire français on te prendrais au sérieux,0
2012-10-01T08:16:56Z,Parle pour toi poto,0
2012-10-01T08:15:20Z,9 ans d'âge mental ,0
2012-10-01T07:11:42Z,Mouuuaaaaaaaaaaaaahhhhhh lé sardiniens on été umilié é bravo o gardien matoumba pour son but mdr le 7 octobre le psg va umilié lé sardiniens dan leur stade pourri du vieu porc é on passe en tete la sale ékipe du psg é ibra son magik ici cé paris poto,0
2012-10-01T04:39:32Z,"Alessandrini, le plus beau but  ! *-*♥♥♥",0
2012-10-01T04:26:56Z,Celui d'Alessandrini est 1er normalement,0
2012-09-30T23:57:04Z,"j'viens de prendre ADblock j'ai plus rien aussi
",0
2012-09-30T23:32:11Z,Fait chier les pubs bordel,0
2012-09-30T23:25:57Z,Celui d'allessandrini merite la 1er place,0
2013-04-09T15:21:08Z,Ou elle rentre la balle ? ,0
2013-04-05T19:38:23Z,stylé le parcage lors du but!,0
2013-04-02T21:43:42Z,Le ballon est rentré sur la dernière occase? Lol tu ne dois pas avoir le même opticien que nous tous,0
2013-04-02T19:49:02Z,"80 ans que Monaco est la et jamais personne n'a rien dit, quand ils sont descendu en L2 pareil tout le monde s'en foutait, mais maintenant qu'il y a de l'argent et qu'ils vont remonter en L1 tout le monde flip et veut leurs mettre des batons dans les roue je trouve sa scandaleux. ",1
2013-04-02T16:17:12Z,"Voila 2 belles équipes qui retrouveront la ligue 1 si monaco peut jouer en france la saison prochaine...car on peut avoir le plus gros budget de ligue 2 et un propriétaire milliardaire, si Monaco n'installe pas son siège en France, l'argent ne servira à rien (pour une fois)...",0
2013-04-02T14:34:05Z,"Et pour se qui est du score pour moi il est logique, Nantes n'a pas dominer pas plus que Monaco n'a dominer, les 2 équipes on eux leurs temps forts pendant le match et pour moi c'est un résultat logique, aucune des 2 équipes ne méritait de gagner se match ni de le perdre. Et puis pour se qui est de l'arbitre oui il a été mauvais mais il n'a favoriser aucune des 2 équipes, au contraire du match aller... ",0
2013-04-02T14:30:19Z,"Destructordark13 tes sérieux quand tu dit que tu a pas entendu les supporters monégasque ?? Tu devait pas être a coter alors. J'y était dans la tribune monégasque et on a chanter tout le match même 1h avant le cou d'envoie on été déjà a se casser la voie. Par contre les Nantais il y a que la brigade loire qui a chanter tout le long du match, les autres se sont réveiller seulement a l'ouverture du score et se sont tait a l'égalisation. ",0
2013-04-01T19:21:52Z,nantes méritait LARGEMENT la victoire et j'y étais l'abitre est nul et le gardien monégasque un gros connard il a du gagner 4 minute a lui tout seul!,0
2013-04-01T16:13:33Z,perso monaco a bien jouer mai jtrouve ke nantes a mieu jouer plusieur foi j'ai cru qu'il y avai but il y a eu plus d'ocaz de la part de nantes sans oublier le poto la denriere action aie aie aie putain on devait le gagner ce match,0
2013-04-01T15:24:33Z,"J'y étais aussi et on a pas vu le même match,on vous bouffe pendant le premier quart d'heure et en 2e mitemps!!! la prochaine fois fais là en français ta phrase aussi ;)",0
2013-04-01T15:22:31Z,"Tu manques d'objectivité,les deux équipes ont eut leurs temps forts,et des occasions franches,l'arbitrage a été bon,le but n'est pas rentré(clair sur la vidéo),et le péno si tu regardes la réaction de Djordjevic avec notre défenseur après l'action tu comprends qu'il a tenté le coup.Et puis t'as bon dos de critiquer un arbitrage qui t'avais fait gagner le match à l'aller,si ça avait été pareil tu te serais surement suicidé....",0
2013-04-01T14:28:09Z,"Et le penalty de Djordjevic !!! :o
",0
2013-04-01T11:11:42Z,"Et arretez de dire que Suba gagnait du temps, j'y etais au stade et vous l'avez sifflé 2 fois quand il prenait son temps or il y avait a chaque fois des changements.. vous avez été minable, on ne vous a pas entendu. On entendait que vos 2 tambours (qui ont été très fair play EUX !) et quand on voit le match aller je crois que vous plaindre est se foutre de la gueule du monde ! 
",0
2013-04-01T11:05:37Z,Monaco a été minable ? Mais vous vous êtes vu supporters Nantais ?? mdr,0
2013-04-01T10:15:51Z,"j'avais envie de l'arracher Subasic ^^

",0
2013-04-01T07:54:20Z,Nantes et Monoco méritent la LIGUE 1 !!!,0
2013-03-31T20:00:21Z,Les Nantais méritait sérieusement et le gardien de Monaco nous provoquai en Loire donc on ses fait voller encore par larbitre,0
2013-03-31T15:40:24Z,"Chacun son tours :D
",0
2013-03-31T13:08:47Z,ALLER NANTES ! (arbitre de merde sur le match),0
2013-03-31T12:13:18Z,en tout cas sa fais plaisir de voir un match comme avec de l'ambiance aussi belle bravo a vous nantes et bravo au supportaire qui on fais le deplacement  Allez MONACO,1
2013-03-31T12:11:27Z,ba c'est cool sa fais 1 partout niveau arbitre de merde regarde la match allez :) ,0
2013-03-31T11:51:34Z,petit rageur  ,0
2013-03-31T11:22:20Z,"On reparle du match aller ? C'etait exactement ce que tu viens de dire mais pour Monaco, 1-1 partout sur l'arbitrage de merde !",0
2013-03-31T11:20:38Z,"Quel match et surtout le début , ça fait du bien de voir ce genre de match au parfum de L1 , Bien joué aux deux équipes 

Et Ocampos qui fêtent ce but avec les supporters la classe ^^

Daghe munegu <3 ! ",0
2013-03-31T09:57:18Z,"La balle rentre pas sur la dernière occasion, stop de dire des conneries. Surtout pour ceux qui étaient en Loire en bas, on l'a tous vu, il est sur la ligne.
Même si elle rentre un TOUT PETIT PEU c'est pas valable.

Par contre, un péno aurait pu être sifflé sur Djordjevic, c'est sûr.. =|",0
2013-03-31T09:38:02Z,Allez Nantes ! J'y étais au match mais le gardien de Monaco faisait de l'anti-jeu et l'arbitre était nul le premier quart d'heure,0
2013-03-31T09:09:57Z,"Avec l'angle de la caméra on ne voit pas bien mais le ballon doit être rentré intégralement pour qu'il y ait but et là ce n'est pas le cas. Et quel que soit le scénario et le niveau de jeu de Monaco, le résultat est 1-1 et c'est ce qui va faire d'eux le champion de Ligue 2.",0
2013-03-31T09:06:48Z,Arbitre de merde qui a refusé un but de Nantes et n'a pas sifflé un pénalty parfaitement valable et en plus il met un carton pour simulation !!!!!!!!!!!!!!!,0
2013-03-31T08:26:31Z,"Monaco ont été minable sur ce match.
Leur gardien intolérable a gagner tout le temps du temps.
Et l'arbitre ... la balle est rentrer sur la derniere occase 
  ",0
2013-03-31T07:54:45Z,Mais quel beau match ! quel intensite de jeu ! mais que font ces 2 équipes en L2 !!,0
2013-03-30T23:05:42Z,Nantes en L1!!!!,0
2013-03-30T23:01:10Z,ALLEZ NAAAAAANTES ! ♥,0
2013-03-30T23:00:45Z,Preums,0
2013-05-15T08:24:51Z,Allez Bordeaux,0
2013-03-03T11:39:31Z,roudet!,0
2013-03-03T11:38:02Z,om!om!om!om!om!om!om!om!om!,0
2012-11-18T08:51:37Z,Regarde son pseudos et regarde comment il a marqué Ibrahimovic,0
2012-10-26T11:04:03Z,"maneiro esse video e alias esse videos, ",0
2012-10-25T13:57:22Z,"PSG! 
",0
2012-10-25T01:33:42Z,magnifique rèsumè comme tt les semaine ;),1
2012-10-24T12:50:45Z,bonjour !,0
2012-10-23T15:12:57Z,Bdx perd 6 points en 4 matchs dans les arrêts de jeu ....... C'est dégoûtant on serait premier sans ça pffffffffff. On est maudit on a déjà gagne ia 5 ans le destin c dit  : < bdx est trop fort on va les empêcher de gagner la ligue 1. Aller ++,0
2012-10-23T15:08:31Z,Aux les mecs calmez-vous !!!! Paris s'est peut être fait acheter mais moi je dits tant mieux pour avoir le plaisir de voir la classe d'un joueur comme Ibrahimovith !!!!!! Cela relève le niveau de notre championnat et peut être dans les années a venir le PSG pourra t il accéder a une finale de ligue des champions. Pas cette année en tout cas ça c'est sur. Sinon personne je suis supporter des Girondins de bordeaux  .... Voir 2ème message pour la suite,1
2012-10-23T05:30:53Z,"Ah oui???!!! Donne moi un exemple, et non le PSG n'est pas bon par rapport à son budget et ces joueurs gagner en ligue 1 c'est facile mais sinon niveau européen le PSG perd contre porto malgré les tiago silva ibrahimovic pastore etc ",0
2012-10-22T21:37:24Z,"Ok les haineux qui parlent sans fondement. Paris est une grande équipe, l'année dernière ils ont fini second alors qu'il n' y avait pas de ibra ni de thiago silva. L'argent est un gros plus mais ça fait pas tout.os",0
2012-10-22T20:41:23Z,"Mais enfin, les sous, tu n'as qu'a voir dans d'autres pays, de nombreuses équipes ont déjà été achetés par de riches investisseurs sans aucun résultat, le PSG est bon et avoue que l'argument de l'argent est facile puisqu'il s'adapte a toutes les situations.",0
2012-10-22T20:33:44Z,LOSC -3,0
2012-10-22T20:24:55Z,"Pour l'Angleterre en effet ils ne l'ont pas acheté leur titre puisqu'ils y a d'autres stars en Angleterre dans les autres équipes. Néanmoins ici, il ne faut pas nier le fait que sans tous leur sous le PSG n'en serait pas là. Il y a quelques annés 5 ans environ, il avait fini 17eme en ligue 1 et c'était maintenu grâce a la défaite du FC Nantes. Sans le Qatar Paris ne serait rien.",0
2012-10-22T20:20:22Z,"Oui, enfin bon, quand Paris va gagner (parce que Paris VA gagner), je vois à mille bornes les gens comme toi, arrivé et dire ""ouai mais Paris, ils ont ""acheté"" leur titre"" comme certains fans de United le disait de City.",0
2012-10-22T20:16:33Z,"nw*

",0
2012-10-22T19:20:37Z,"Olol les pétrodollars c'est le mal, vive le foot terroir #GrosseBlague.",0
2012-10-22T19:12:03Z,"Je n'ai rien corriger du tout, c'était tellement pitoyable qu'il fallait que je laisse un petit commentaire sympathique. Et sinon je te retourne ta phrase :)",0
2012-10-22T18:56:10Z,Va en français c'est mieux que le foot pour toi ...,0
2012-10-22T18:49:42Z,quel but de Mr.Roudet!!!,0
2012-10-22T18:48:46Z,Reims mérité largement la victoire... ,0
2012-10-22T18:27:51Z,"Tu résumes totalement la situation. Lr problème, c'est que le foot c'est l'argent et si tu n'en a pas, bah tu te démerde comme tu peux pour résister au mieux fasse aux ""gros"" clubs. Vraiment dommage que la ligue 1 devienne comme en Espagne ou en Angleterre",0
2012-10-22T18:11:11Z,VA peut dire merci à l'arbitre,0
2012-10-22T17:59:39Z,Qu'est ce qu'il a corrigé ?,0
2012-10-22T17:23:58Z,Ta vie doit être triste pour en être réduit à corriger l'orthographe des commentaires you tube ..,0
2012-10-22T16:34:02Z,"Paris a aucun mérite sur le match, Reims méritait entièrement la victoire, mais apparemment Paris a chez soi le budget et la chance. ",0
2012-10-22T16:21:51Z,"paris est magique ou le quatar et l argent est magique 
",0
2012-10-22T15:02:11Z,"sinon quand vous été 16eme vous la fermiez votre gueule, vous supportiez meme plus le psg, et la hop il sont riche et c'est repartie bande de bourge",0
2012-10-22T15:00:44Z,"1er ex equo, l'année derniere quand montpellier été 1er a la difference de but, les parisiens disait ""1er ex equo"" et la vous avez le seum que marseille, avec un budget mediocre, vous colle au cul!",0
2012-10-22T14:59:19Z,"ouai comme lannée derniere vous avez réussi un quadruplé epic en gagnant le championnat, la coupe de la ligue, la coupe de france, et la ligue europa. Et en attendant c'est pas en ce faisant battre par porto que vous allez vous imposé en enrope, ya qua voir ce qu'a fait paris en ligue europa...",0
2012-10-22T14:58:12Z,Paris est magique,0
2012-10-22T14:42:03Z,"(Je suis suppoeter de marseille) faut arreter de croire que valencienne a gagner plusieur c bon c'est les meilleure de ligue 1 bref paris va etre champion ce qui parait normal maintenant bonne chance entre marseille,valencienne,lyon,reims et d'autre pour la 2eme place TheZzRainZz si tu me croit pas on verra juste et meme si vous faite un exploit en gagnant je suis persuader que paris sera champion de ligue 1 .Voila ce que je voulait dire 

PS : Donner le quatar a Marseille est on serait loin !",0
2012-10-22T14:36:54Z,Je suis supporter de marseille est mec faut pas rever il vont vous eclater ... Bonne chance comme meme ;(,0
2012-10-22T14:34:10Z,est-ce que t'arrivera un jour à écrire français ? ,0
2012-10-22T14:32:36Z,et apprend à écrire français c'est des gars comme toi qui gâche notre langue,0
2012-10-22T14:03:03Z,J'aimais bien Valencienne et ses supporters jusqu'a que je vois ton commentaire .... Paris va vous niker et c'est une triste vériter :D,0
2012-10-22T13:22:12Z,C'est le commentaire le moins bete que j'ai pu lire jusqu'ici!,0
2012-10-22T13:19:37Z,Ecellent les buts de Roudet et Tabanou!,0
2012-10-22T11:52:24Z,le rat va boire le jus de matoumba le sardinien paris é magik,0
2012-10-22T11:33:17Z,les mecs qui sont pour le psg ou qsg me font vraiment pitier ,0
2012-10-22T11:31:52Z,tg mec tu saoul t pour paris juste pck ils sont riches ,0
2012-10-22T09:45:27Z,ici cé Katar on é riche on fera le triplé ...,0
2012-10-22T08:41:51Z,Coucou l'orthographe :),0
2012-10-22T08:34:11Z,lol,0
2012-10-22T07:00:04Z,cte rage mouuuaaaaaaah paris va umilié la ligue orange on va faire le triplé titre cdf coupe moustache é en prime lé sardiniens en ligue 2,0
2012-10-22T06:54:44Z,cé sur ke lé sardiniens ki perd contre la très grosse ékipe de troyes on du mérite de nous faire rire pff paris sera champion haut la main cé une certitude ici cé paris poto,0
2012-10-22T06:49:39Z,lé sardiniens coule sur le vieux porc paris redevien la capitale du foot paris é magik,0
2012-10-22T06:46:37Z,ici cé paris poto on é magik on fera le triplé,0
2012-10-22T06:45:21Z,"retour a la normale le psg é lider comme prévu lé sardiniens coule mouaaah paris gardera la tête du championnat jusko bout cé une certitude paris sera champion paris é magik 
allpsg.fr",0
2012-10-22T05:53:04Z,"Que des rageux Marseillais , encore l'excuse des pétrodollars. Changez de disque, ça commence à saouler. Faut vous renouveler les cocos. On a tous compris que Paris avait un énorme budget, si vous nous sortez "" Paris, c'est logique qu'ils soient premier "" toute la saison, vous n'avez vraiment pas d'imagination. En attendant vous n'avez pas gg a Marseille, bla bla. On verra bien au parc ! En attendant on est en LDC nous, pendant que vous, vous prenez les restes .. RDV en fin de saison !
",0
2012-10-22T05:37:46Z,"ferme ta gueule, obligé de se faire racheter pour gagner, pitoyable et en attendant vous avez pas reussi a gagner dc marseille dc louvre pas stp",0
2012-10-22T05:35:28Z,"Paris a un budget illimité
",0
2012-10-22T05:31:31Z,"Encore heureux que Paris est devant il a un budget de seulement un milliard d'euro mdr. si ils sont pas premier c'est la honte, les autres clubs de ligue 1 ont beaucoup plus de mérite",0
2012-10-22T05:22:08Z,On et premier avant le match de marseille contre Lyon ! Paris est magique <3,0
2012-10-22T00:32:46Z,pariss the best!!!!haha lesjaloux,0
2013-05-07T11:34:26Z,Dommage que contre clermont hier Nantes est perdue ! sa fait chier je pensais aussi au titre possible pour nantes mais la avec la défaite hier faut absolument la LIGUE 1 et que Nantes gagne contre caen,0
2013-05-06T19:56:12Z,Sisi malherbe les meilleurs victoire  nantes lundi et cest bon,0
2013-05-06T16:37:49Z,Allez soyons fou les amis ! On enchaine 3 victoire derrière et a nous la L1 ! Go Malherbe !,0
2013-05-05T19:33:29Z,"Bon Sang, il faut gagner, allez l'AS Monaco",0
2013-05-05T17:31:05Z,"Allez les Caennais on y crois encore mais faut gagner les 3 derniers matchs ou alors 1 nul et 2 victoires ! J'aime bien le commentateur ""Caen qui à de la chance"", bah enfin depuis le temps qu'on en avait pas eu ^^' ! ",0
2013-05-05T12:30:02Z,Malherbe veut sa place en Ligue 1 !!! :),0
2013-05-05T09:43:40Z,sa pimente la fin de saison. Aller Nantes on croie au titre !,0
2013-05-05T06:22:27Z,seum seum seum aller monaco  ,0
2013-05-05T04:44:50Z,Aller malherbe,0
2012-11-27T09:41:32Z,"On s'en sortira bien cette année mais on vendra ben yedder , capoue , abdenour , et tabanou et on luttera pour le maintien l'an prochain... :-(",0
2012-10-01T17:23:34Z,"Quand Rivière marque on gagne , tu m'étonnes qu'on est du mal à accrocher l'Europe =)",0
2012-10-01T14:46:02Z,Ya surtout une grosse différence de niveau...,0
2012-10-01T12:53:54Z,"Bon résumé cependant une petite erreur sur le prénom de Sissoko ce n'ai pas Mohamed mais Moussa, Mohamed Sissoko et le joueur de PSG.",0
