publish_date,title,view_count
2013-01-31T18:39:17Z,Emmanuel Rivière : &quot;Un beau challenge à relever&quot;,4375
2012-12-23T23:00:36Z,Goal Emmanuel RIVIERE (85&#39;) - Toulouse FC - FC Sochaux-Montbéliard (2-0) / 2012-13,1663
2013-01-09T23:23:58Z,Emmanuel Rivière,455
2012-12-23T23:00:35Z,But Emmanuel RIVIERE (85&#39;) - Toulouse FC - FC Sochaux-Montbéliard (2-0 / 2012-13,2475
2012-09-30T22:00:23Z,Goal Emmanuel RIVIERE (74&#39;) - ESTAC Troyes - Toulouse FC (0-2) / 2012-13,938
2012-09-30T22:00:10Z,But Emmanuel RIVIERE (74&#39;) - ESTAC Troyes - Toulouse FC (0-2) / 2012-13,2119
2012-10-21T22:00:26Z,But Emmanuel RIVIERE (44&#39;) - Evian TG FC - Toulouse FC (0-4 / 2012-13,2101
2012-10-21T22:00:13Z,Goal Emmanuel RIVIERE (44&#39;) - Evian TG FC - Toulouse FC (0-4) / 2012-13,376
2012-10-21T22:00:26Z,But Emmanuel RIVIERE (50&#39;) - Evian TG FC - Toulouse FC (0-4 / 2012-13,1935
2013-02-04T23:04:12Z,Premier But de Emmanuel Rivière pour Monaco ! Arles avignon 0 x 2 Monaco,3846
2012-10-29T01:52:30Z,GOL RIVIERE,303
2012-10-21T22:00:13Z,Evian TG FC - Toulouse FC (0-4) - Highlights (ETG - TFC) / 2012-13,1758
2012-10-21T22:13:17Z,Ligue 1 - Week 9 : Top goals / 2012-13,2653
2013-05-25T22:00:36Z,Tours FC - AS Monaco FC (1-2) - Le résumé (TOURS - ASM) / 2012-13,9409
2012-10-21T22:00:13Z,Goal Emmanuel RIVIERE (50&#39;) - Evian TG FC - Toulouse FC (0-4) / 2012-13,3720
2012-10-22T00:10:25Z,Ligue 1 - Week 9 Highlights / 2012-13,2168
2013-02-05T11:00:58Z,AC Arles Avignon - AS Monaco FC (0-2) - Le résumé (ACA - ASM) / 2012-13,9467
2012-10-21T22:00:23Z,Goal Franck TABANOU (24&#39;) - Evian TG FC - Toulouse FC (0-4) / 2012-13,1292
2012-10-21T22:19:23Z,Ligue 1 - Top buts 9ème journée / 2012-13,17276
2012-12-13T23:00:19Z,LOSC Lille - Toulouse FC (2-0) - Highlights (LOSC - TFC) / 2012-13,2411
2013-03-17T14:49:50Z,AS Monaco FC - Angers SCO (2-2) - Le résumé (ASM - SCO) / 2012-13,4613
2013-05-09T16:19:57Z,But JSSNA - TOTES U18  1-0,368
2013-03-09T23:00:19Z,Châteauroux - AS Monaco FC (1-1) - Le résumé (LBC - ASM) / 2012-13,3515
2012-12-23T23:00:38Z,Toulouse FC - FC Sochaux-Montbéliard (2-0) - Highlights (TFC - FCSM) / 2012-13,1314
2012-12-24T02:13:44Z,Ligue 1 - Week 19 Highlights / 2012-13,3550
2012-12-13T23:00:18Z,LOSC Lille - Toulouse FC (2-0) - Le résumé (LOSC - TFC) / 2012-13,13710
2013-01-13T23:00:12Z,AS Saint-Etienne - Toulouse FC (2-2) - Highlights (ASSE - TFC) / 2012-13,2004
2012-10-01T00:52:43Z,Ligue 1 - Week 7 Highlights / 2012-13,2258
2013-04-23T10:00:38Z,AS Monaco FC - Clermont Foot (4-0) - Le résumé (ASM - CFA) / 2012-13,21408
2012-12-23T23:00:37Z,Toulouse FC - FC Sochaux-Montbéliard (2-0) - Le résumé (TFC - FCSM) / 2012-13,11212
2012-12-23T23:26:16Z,Ligue 1 - Week 19 : Top goals / 2012-13,1326
2013-02-08T17:47:29Z,Yohann Rivière et le HAC,8303
2012-10-21T16:03:54Z,Interview de fin de match : Evian TG FC - Toulouse FC (0-4) / 2012-13,285
2012-12-31T13:12:09Z,Vieilles gloires 2012,237
2012-10-21T22:00:26Z,But Franck TABANOU (24&#39;) - Evian TG FC - Toulouse FC (0-4 / 2012-13,6462
2012-10-21T22:00:11Z,Evian TG FC - Toulouse FC (0-4) - Le résumé (ETG - TFC) / 2012-13,9144
2012-12-24T10:30:36Z,Ligue 1 - Top buts 19ème journée / 2012-13,9763
2012-09-30T23:18:59Z,Ligue 1 - Week 7 : Top goals / 2012-13,1722
2012-10-21T22:00:13Z,Goal Daniel BRAATEN (86&#39;) - Evian TG FC - Toulouse FC (0-4) / 2012-13,1914
2013-03-02T09:57:47Z,"(J27) GFCA - ASM FC, les réactions",530
2013-01-07T18:33:27Z,Top 10 Ligue 1 midseason goals 2012-13,685
2012-11-18T23:43:00Z,OGC Nice - Toulouse FC (1-0) - Highlights (OGCN - TFC) / 2012-13,4661
2013-05-25T12:55:40Z,Conférence de presse Tours FC - AS Monaco FC (1-2) / 2012-13,299
2012-09-30T23:21:23Z,Ligue 1 - Top buts de la 7ème journée / 2012-13,16890
2012-10-21T22:00:26Z,But Daniel BRAATEN (86&#39;) - Evian TG FC - Toulouse FC (0-4 / 2012-13,3033
2013-03-30T23:00:14Z,FC Nantes - AS Monaco FC (1-1) - Le résumé (FCN - ASM) / 2012-13,18576
2013-04-09T01:56:19Z,2eme but city,121
2012-10-22T00:19:56Z,Ligue 1 - Résumé de la 9ème journée / 2012-13,65604
2013-05-04T22:00:10Z,AS Monaco FC - SM Caen (0-1) - Le résumé (ASM - SMC) / 2012-13,13469
2012-09-30T22:00:10Z,ESTAC Troyes - Toulouse FC (0-2) - Le résumé (ESTAC - TFC) / 2012-13,8844
