publish_date,title,view_count
2013-01-12T19:54:44Z,Dijon FCO - Le Mans FC (3-0) - Le résumé (DFCO - LEMANS) / 2012-13,3850
2012-11-24T23:00:15Z,Stade Lavallois - Dijon FCO (3-0) - Le résumé (LAVAL - DFCO) / 2012-13,2666
2012-10-27T22:00:12Z,Dijon FCO - AJ Auxerre (0-1) - Le résumé (DFCO - AJA) / 2012-13,3859
2013-05-15T16:08:24Z,Loic Remy arrested on suspicion of rape,1636
2013-01-19T23:00:13Z,Tours FC - Dijon FCO (3-1) - Le résumé (TOURS - DFCO) / 2012-13,3416
2012-09-06T10:18:24Z,But | Football | Speed Soccer | William,129
2013-05-15T12:54:20Z,Le footballeur Loïc Rémy arrêté à Londres pour viol - Loïc Rémy arrested in London for rape,277
2013-02-12T15:27:14Z,Willian Borges - Shakhtar | Destination Unknown | 2013 HD,12498
2012-11-22T12:47:29Z,Chelsea 3 - 2 Shakhtar Donetsk | Goals and Highlights | 07/11/12 HD,118809
2013-02-20T22:58:48Z,Lyon vs Tottenham Hotspur - Europa League - Lyon wary of Gareth Bale threat,507
2012-11-16T05:38:18Z,Willian Borges Da Silva  - Skills 2011/12,27508
2013-02-01T12:40:57Z,Table football: David Luiz v Oscar,246861
2013-03-06T21:14:56Z,Soham Town Rangers v Maldon &amp; Tiptree Ryman League Division 1 North 4-3-2013,462
2013-03-07T16:33:22Z,Nasri malade lors d&#39;un match avec Manchester city contre Aston Villa,504
2013-06-04T06:25:05Z,Une victoire énorme!,103
2012-12-03T00:20:07Z,IDIOT Willian Jose SENT OFF in injury time with his Sao Paulo side 3-1 up!,2024
2012-10-14T23:45:28Z,yeni atito n&#39;gbakoto #23,2603
2013-03-09T16:37:53Z,Yassine Jebbour great shot vs PSG 09/03/2013,1661
2013-05-05T17:31:47Z,David Luiz Dives &amp; Acts (Slow Motion) | Luiz got Rafael Sent Off  | Man Utd Vs Chelsea,28046
2013-04-28T18:13:01Z,Qualif. Championnat de France de Freestyle Football 2013 - Rodolfo @FrFreestyleBall : 12éme,655
2012-11-07T18:53:27Z,Echauffement Real Madrid + Varane,150
2013-01-16T22:20:41Z,Guardiola set for Munich as Premier League snubbed (for now).,1539
2013-01-27T14:04:55Z,"Stade de Reims-Toulouse, 26/01/2013, Pénalty de Courtet arrété....",203
2013-05-18T17:23:44Z,Aston Villa&#39;s latest transfer rumours,659
2012-09-30T10:01:50Z,Вилиан- Днепр (разминка 3),798
2012-11-04T17:12:03Z,Herediano 1-1 Saprissa 03.12.2012 FOTBAL The most important phases,193
2013-06-15T06:37:24Z,Mamadou Sakho ● Dimitri Payet ● Jérémy Mathieu ● Yohann Cabaye ● Brazil vs France 2013,723
2012-11-06T17:31:59Z,O que os grande times de futebol mundiais tem em comum - Herbadireto.com.br,240
2012-11-19T03:15:15Z,#CollDiv2 | Entrevue d&#39;après-match - Alex Campeau-Perreault,991
2013-02-12T08:56:35Z,Transfers 2013 Episode 2 Anzhi Makhachkala - Willian,328
2013-03-05T21:09:48Z,Roni Dias - Lateral Direito 93,378
