published-time,comment,likes
2013-01-19T18:42:01Z,trop fort mon cousin a moi aussi tu peux etre fier de toi continue ainsi moi (marine) et léa on te supporte fort a carpantras. vive les philippoteaux,1
2013-01-16T08:37:34Z,romain mon cousin jsui trop fier de toi !! revien moi vite la famille quon fete tous sa meme si on la deja féter ;) lache rien c toi le meilleur depuis petit jte le di lache rien rien riennnnn !!! jtembrasse la famille jtappel ce soir ,1
2013-01-14T16:23:45Z,Le Buteur d'Apt c'est le meilleur ! ,1
2013-01-12T22:38:29Z,cette chaine fait du bon boulot,1
2013-04-20T22:03:39Z,Dijon a ete meilleur alors que laval na rien foutu fuck laval!!!!!,0
2013-03-22T17:43:23Z,ALLEZ LAVAL!!,0
2012-11-25T10:08:04Z,ohhh vous avez fumé quoi ??? Dijon a dominé qui ? Il manque au moins 3 ou 4 grosses actions lavalloises la ! Du grand n'importe quoi ! ,0
2012-11-25T09:44:05Z,Dijon n'a pas dominé autant que les commentaires le disent.,0
2012-11-25T09:26:24Z,Yeahhhh super victoire !!,0
2013-07-20T18:15:46Z,Putain d'auxerrois de *****,2
2013-06-11T20:48:35Z,0:41-0:44 narrator says championshit,0
2013-05-19T09:57:34Z,"Oh you French! Why is it always the French immigrants?
Benzema, Anelka, Ribery, now Remy?
",0
2013-05-18T17:40:08Z,"if this is true, rémy is stupid, instead of raping her, you go upto her and say ""wanna make 50k tonight",0
2013-05-17T23:36:45Z,Classic Remy,0
2013-05-15T21:35:42Z,Ribery 0:36,0
2013-05-15T21:33:02Z,Lol,0
2013-05-15T20:34:00Z,Lololololol,0
2013-05-15T16:31:12Z,"lol
",0
2013-05-15T16:21:54Z,LOL,0
2013-05-15T16:21:25Z,lol,0
2013-02-14T20:14:01Z,watch?v=X0ek4VJhTjg,0
2013-02-12T15:28:56Z,"If you﻿ have﻿﻿ any﻿ video requests,﻿ leave﻿﻿﻿﻿﻿﻿ them﻿ in﻿﻿ the﻿ comments﻿﻿ and﻿﻿﻿﻿﻿﻿﻿ ill﻿﻿ be﻿﻿ sure﻿ to check them﻿ out﻿﻿﻿ and﻿ also check﻿ out﻿﻿ the﻿﻿﻿ editors﻿﻿﻿﻿ channel﻿﻿ for﻿﻿﻿﻿﻿﻿﻿ more﻿﻿﻿﻿﻿ amazing﻿﻿﻿﻿ content!﻿﻿﻿",0
2013-07-20T23:59:02Z,"I have to say Donetsk deserved the win , Chelsea's goals were fluke besides that last header.",1
2013-06-18T18:49:35Z,"Well at least we won an European Title, and we made history by being the first Club ever to win Champions - Europa League in a row, and being the current Champions for both some days.",0
2013-05-10T19:46:57Z,Willian is class!,6
2013-05-09T01:37:21Z,final of pseudo compettion for semi profesional tems from europe get in there mate,0
2013-03-15T18:43:05Z,"CHelsea is the best. ;D
",0
2013-03-07T11:36:58Z,"thx :) 
X-Ray Dog – Final Hour",0
2013-03-03T17:40:12Z,"thanks, tried :)",0
2013-03-03T07:29:28Z,great video,0
2013-02-23T21:40:07Z,mata+oscar+hazard=europa league ,0
2013-02-07T09:49:49Z,)),0
2013-02-06T13:23:53Z,"bye bye chelsea :D
",0
2013-01-13T16:10:45Z,come on chelsea,0
2012-12-16T10:14:53Z,)),0
2013-07-19T22:49:24Z,"""Are you better at table football or real football?"" ""Basketball."" AHAHHAH David Luiz! And he scared the little boy off, ""Do you wanna change shirts? It's normal after the game"" HAHAHA!!",0
2013-07-08T18:14:13Z,David Luiz is the best.,0
2013-07-05T19:12:44Z,Lui is adorable! :3,0
2013-07-02T02:25:37Z,"I Like That Reply ""are you red or yellow?"" ""Im Blue"" Clear Respect For His Club",0
2013-06-22T14:29:51Z,david luiz is hilarious and the kids are adorable,0
2013-06-09T22:39:30Z,haha are you better in real football or table football? reply:basketball,0
2013-06-08T20:29:56Z,David Luiz still a kid!! And he has reason. We life only one time!,0
2013-06-06T17:56:56Z,"Are u red or yellow? 
David Luiz : I'm blue",0
2013-06-04T12:24:34Z,"What a Legend.
",0
2013-05-27T19:09:44Z,LOOL WTF,0
2013-05-26T08:00:23Z,"are you red or yellow ? - BLUE 
HA HA HES AWESOME ,RESPECT FOR THE BOYS!",0
2013-05-22T16:16:34Z,haha luiz is a massive troll. ,0
2013-05-20T23:36:04Z,"Do you know you'r yellow or red??
David Luiz,"" iam BLUE"" B|
whatta reply..!!!",0
2013-05-18T06:55:51Z,Oscar dos santos is so cuttteeeeee,0
2013-05-18T02:33:47Z,"""are you red or yellow?""

david luiz : ""im blue""

hahaha i love him",1
2013-05-17T17:25:36Z,David Luiz is the man!,0
2013-05-12T14:13:15Z,"that's why i love him very much
",0
2013-05-09T19:49:15Z,The ending is fucking gay:P,0
2013-05-06T15:57:09Z,"I love Chelsea, I love Luiz !!!
",0
2013-05-05T17:16:58Z,"I really don't like Chelsea, but it's impossible to hate David Luiz!  Man is a legend!",0
2013-05-02T00:38:51Z,Why the hell do you come here then?,0
2013-05-01T02:53:41Z,Lol,0
2013-04-26T16:07:39Z,"lol

",0
2013-04-21T22:14:59Z,DAVID LUIZ :DDDDDDDDDDDDD,0
2013-04-13T02:58:54Z,"Luiz,Oscar! love them both!",0
2013-04-12T22:16:50Z,"I'm not a fan of Chelsea but i have to say, i love David Luiz",0
2013-04-07T18:50:20Z,"Ohh David, I love you <3 :D",0
2013-04-06T07:17:44Z,"Lol luiz's answer ""basketball"" :P",0
2013-03-22T07:25:37Z,hard to believe Luiz cant speak english 2 years ago. geezer!,0
2013-03-19T10:09:14Z,"whats the score? ""100 to nothing'

'SHUT UPPP'",0
2013-03-15T02:50:21Z,0:18 Oscar we winning we winning the guy is shy LOL. but i love chelsea,0
2013-03-13T00:17:11Z,"I just love luizzzzz <3
",1
2013-03-12T18:11:36Z,Dumb ass interviewer disturbing people's game! Can't he see other people is concentrating?!,0
2013-03-10T16:42:44Z,David Luiz english is perfect ahahahha,0
2013-03-05T16:02:20Z,LUIZ IS A LEGEND!,0
2013-03-05T15:44:16Z,the interviewer is so annoying lol,0
2013-03-04T23:07:24Z,Lol Luiz learnt english very well  ..hope Oscar gonna learn soon too,0
2013-03-03T10:35:01Z,change shirts. lol,0
2013-03-02T20:49:21Z,Luiz like boss !!,0
2013-03-01T17:15:01Z,FORGOT DROGBA,0
2013-03-01T17:14:07Z,FUCKING JOKER I PMSL,0
2013-03-01T16:15:19Z,Brazilliant!!,0
2013-02-28T11:42:06Z,00:58 David Luiz:Basketball Gezzer the best :D,0
2013-02-27T15:22:03Z,"4 chelsea 2 win matches Rafa must go.,cz he dont know au to make subs...au cn he sub a danger man lyke Hazard wit another danger guy like Oscar or victor ...style up Benitez",0
2013-02-26T19:01:23Z,Oscar seems to be a really nice Guy. My favourite Player!,0
2013-02-25T18:18:17Z,the kid in the Cech jersey is incredibly cute,0
2013-02-24T19:15:09Z,"i dont like rafa, but if you read this comment again it sounds incredibly gay",0
2013-02-24T13:13:21Z,"i think its cech,cole,terry,lampard",0
2013-02-21T15:55:17Z,the 4 pillars are the best player,0
2013-02-20T18:04:06Z,LOOOOOOOOOOOL DAVID LUIZ IS JOKESSSSSS,0
2013-02-18T16:56:17Z,I died at 0:59.,0
2013-02-17T18:27:00Z,CTBFFH,0
2013-02-16T21:07:53Z,basketball haha lol,0
2013-02-15T14:33:59Z,chelsea were much happier and worked as a better team under rdm we all knew that lets just hope mourinho comes back at the end of the year and man u knock out real so he comes to us for revenge against sir alex after all rafa never cared about us we will never care about him love chelsea not rafe COYB<3,0
2013-02-14T03:54:57Z,"Guy with microphone: Do you know if your the yellows or the reds?
David Luiz: No, I'm blue
Guy with microphone: *laughs*
David Luiz: I'm blue",0
2013-02-09T12:35:59Z,David Luiz is amazing!,1
2013-02-09T11:42:41Z,"1:24 typcal Brasilian... 
""óle'' :D",0
2013-02-09T09:32:00Z,I LOVE CHELSEA SO MUCH !,0
2013-02-08T17:25:25Z,you Chelsea fans are ridiculous sacking benitez now would only make things worse we'd get a new manager and new tactics again the club would finish the season worse with benitez sacked early wait till the season ends damn,0
2013-02-08T15:14:36Z,"RAFA OUT MOURINHO IN 
",0
2013-02-07T20:18:46Z,In spanish please,0
2013-02-07T17:28:10Z,"Вы красный или желтый?
David: Я синий ..
красавчик,Давид:)",0
2013-02-07T13:29:21Z,"""Are you better at table football, or real football?""
""Basketball""
LOL",3
2013-02-07T11:55:07Z,Who said men can't multitask haha,0
2013-02-07T11:17:36Z,They are great guy,0
2013-02-07T08:32:53Z,Cause its funny :-|,0
2013-02-07T05:34:08Z,David Luiz what a great guy,0
2013-02-07T05:32:38Z,basketball ahahahahahhaahahah im dying,0
2013-02-06T18:30:53Z,Hahaa geezer said basketball,0
2013-02-06T18:02:24Z,"wow, it's my first time to hear Oscar speaks in english.. :D",0
2013-02-06T14:53:35Z,"""are you better at real or table football?""
LUIZ : ""basketball""
lolololol",0
2013-02-06T13:40:05Z,Because its funny,0
2013-02-06T11:04:48Z,"I'm quiet, but this is not the Chelsea i know, theses players lost the ""Chelsea way"", they are only an onverpayed players and overhyped too, time for the fat to go and bring on José, time to fix the club.",0
2013-02-06T09:42:40Z,Rafa needs to go.. mourinho wants chelsea i return fuck sake roman call him,0
2013-02-06T08:34:36Z,LOL so serious to play,0
2013-02-06T08:31:03Z,cause its funny,0
2013-02-06T07:07:44Z,LOL be quiet mate. ,0
2013-02-06T04:48:40Z,Atleast luiz made an effort to learn English,0
2013-02-06T01:27:31Z,David Luiz makes me happy!,0
2013-02-05T21:01:43Z,Maybe its time to stop having a fun a produce some fucking football on the pitch.,0
2013-02-05T19:05:19Z,"kjsakjaskjsa xDD
",0
2013-02-05T14:49:01Z,"I'm BLUE!!!
Geezerss",0
2013-02-05T13:13:15Z,يالبيه يا دافيد لويز..,0
2013-02-05T06:23:14Z,I am Blue :') Love HIm More NOw :*,1
2013-02-05T04:14:52Z,Are you really hating on someone who is still adapting to the EPL? ,0
2013-02-05T02:36:05Z,ITS REALLY REALLY UP TO YOU MATE YOUR OPINION MEANS FUCK ALL.,0
2013-02-05T02:35:20Z,why???,0
2013-02-05T02:34:38Z,Why do you have to re write what he said???,0
2013-02-05T00:02:13Z,"rafa, hope u out 1 minute later! and dont fuck me off please, i promise to rise again if mourinho come back!",0
2013-02-04T23:24:20Z,They removed previos videos. Fuck off rafa,0
2013-02-04T21:42:49Z,hopeless fellows these chelsea board members im gonna kick their arse's ..in order to save torres's arse they sold a gem to liverpool whose scoring goals for fun..every time he is scoring its driving me nuts....ktbffh..,0
2013-02-04T20:16:33Z,"Hey imudger! Open your eyes mate and look what THEY (Oscar too) are playing! Is it this what you expected after winning CL? Well, it was not very supportive, I agree. But I just hope that anyone of them reads it and will play reasonably enough to help winning the upcoming games. Response to your P.S: Did we buy Oscar to wait for 2 years till he ""grows""? No! He is needed now and it is a fact that he must strengthen his way of play. 

P.S: Interpunction is a foreign word for you, hm?",0
2013-02-04T14:09:08Z,Luiz is such a legend! ,0
2013-02-04T11:36:45Z,I genuinely think Luiz has lost it,0
2013-02-04T07:46:42Z,luiz looks so cute :D,0
2013-02-04T06:49:41Z,plastic fan.,0
2013-02-04T05:16:26Z,BASKETBALL XD,0
2013-02-04T01:07:23Z,"Benitez would have ruined this video if he was there, luiz and Oscar would have not talked, like seeing them without a fat Spanish waiter!",0
2013-02-04T00:39:52Z,Hahahahaahahahahahahahahaha luiz is such a clown. Best sense of humor ever,0
2013-02-04T00:15:59Z,"НЕ мистер роман , а Роман Аркадьевич!",0
2013-02-03T22:29:24Z,"Dear Oscar, go training instead of playing table football... You will surely change your passing and shooting, which is horrible now! 

Go Blues! We believe in YOU!
 ",0
2013-02-03T18:34:18Z,"English isn't very hard to learn, portuguese is way more difficult
It's really hard for someone to adapt the way we talk, believe me! (:",0
2013-02-03T18:12:01Z,I love LUiZ!!!,0
2013-02-03T17:06:18Z,"now start playing some real football and win some games!!
",0
2013-02-03T16:29:02Z,"David is the future captain of chelsea. He loves the club, and the club and fans love him. A dream match awaits... :P",0
2013-02-03T14:46:11Z,Chelsea real missing david luiz in midfield.,0
2013-02-03T12:52:13Z,"David, what color are you? Red or yellow?
David: blue",0
2013-02-03T09:47:36Z,"david, are you better at table football or real football

David : AM BLUE!",0
2013-02-03T08:54:11Z,Why cant u score alot anymore?,0
2013-02-03T06:01:51Z,david is a real high-level joker,0
2013-02-03T05:59:52Z,RAFA OUT!!! ,0
2013-02-03T05:08:57Z,"no need. We can use torres's wages for as many cameras as we want. To be fair, I'd rather have the camera on the pitch instead of him anyways. ",0
2013-02-03T01:12:14Z,"Still with the ""Rafa Out"" thing? Come on, Chelsea fans. I know we didn't win at Newcastle or haven't been in good form recently but stop with the Rafa Out stuff. It's been nearly two months. Anramovich is not going to sack him until at least the end of the season so let's move on.",0
2013-02-03T00:52:31Z,Ah :D,0
2013-02-03T00:05:23Z,"We must save money, because of Torres :(",0
2013-02-02T20:41:36Z,"awwwhh, how cute was it when Oscar lifted that little kid!! <3 how can you dislike this video...even if you dont like chelsea!",0
2013-02-02T18:29:59Z,aww so adorable ! Oscar & Luiz are so funny !,0
2013-02-02T18:28:22Z,basketball,0
2013-02-02T18:25:14Z,RAFA OUT!,0
2013-02-02T17:09:49Z,hahaha basketball,0
2013-02-02T16:24:35Z,bloody hell Juan Mata can't stop scoring. ,0
2013-02-02T14:42:47Z,So great to see the players get on well with the kids (fans).,0
2013-02-02T13:27:17Z,オスカルって子供いんの！？,0
2013-02-02T13:06:17Z,"So David, are you better at real football or table football?       ""Basketball""",0
2013-02-02T13:03:12Z,"Luiz = Luiz
Oscar = Oscar Award",0
2013-02-02T12:47:25Z,All Chelsea fans on Twitter follow @ChelseaLad92,0
2013-02-02T12:46:46Z,Follow @ChelseaLad92,0
2013-02-02T12:46:31Z,All Chelsea fans who have Twitter,0
2013-02-02T12:37:16Z,"david, are you better at table football or real football

David: Basketball.",0
2013-02-02T12:33:18Z,Aww cute!!!,0
2013-02-02T12:31:35Z,chelsea ,0
2013-02-02T12:12:26Z,"David is such a role model. Some times he might be a bit hasty and unfocused, but he is so great with kids and his English is really good. David, please stay the rest of your career in Chelsea - you will become a legend!",0
2013-02-02T11:21:02Z,"We call it ""totó"" or ""pebolim"" in Brazil",0
2013-02-02T10:53:44Z,"You better at table football or real football??
Geezer - Basketball! hahahahahahahahahahahahaa",0
2013-02-02T10:27:16Z,"oscar is jokes 
",0
2013-02-02T10:27:10Z,HUH? he is funny! thats how elder people ask! try to have fun! :/,0
2013-02-02T10:26:22Z,"lol!
900 to nothin

ohhh SHUT UP!!!!  NO WAY!",0
2013-02-02T10:12:12Z,"legends
",0
2013-02-02T09:58:39Z,the cutest thing ever! ,0
2013-02-02T09:53:40Z,david luiz fans favourite by a mile!!!!!!,0
2013-02-02T09:36:35Z,Oh Luiz ;D,0
2013-02-02T07:00:11Z,Luiz epic fail haha,0
2013-02-02T05:18:13Z,Luiz lmfao,0
2013-02-02T05:16:22Z,This video makes me smile:),0
2013-02-02T05:05:43Z,"""basketball"" hahaha lol love you david!!!",0
2013-02-02T04:24:41Z,So stupid Questions...,0
2013-02-02T02:53:49Z,"BASKETBALL
IM BLUE",0
2013-02-02T02:53:40Z,"Neil Barnett is the dumbest interviewer ever! 
""Do you know if you're the yellow or the red?""",0
2013-02-02T02:33:06Z,basketball???,0
2013-02-02T02:17:37Z,Can't help but smile when you see this. David always seems to light up the room,1
2013-02-02T00:30:30Z,"It is very hard to learn a language, especially English ",0
2013-02-01T23:32:47Z,i know i was just pointing it out no hate i love oscar,0
2013-02-01T23:27:31Z,That was cute!,0
2013-02-01T23:03:34Z,sooo cute :3 I love'em so much both 3,0
2013-02-01T22:56:13Z,when it comes to a good player they have to be good on and OFF the field. these guys are some of the best!!!!,0
2013-02-01T22:49:15Z,i like how Neil keeps asking Oscar as if he speaks good English lol poor Oscar,0
2013-02-01T22:11:34Z,Lots of love for David Luiz lol,0
2013-02-01T22:06:42Z,Cutest thing everrrrrrr love David -3,1
2013-02-01T21:55:19Z,What a Giant throw in!! 0:45,0
2013-02-01T21:55:01Z,"ahhh soo many feelings!
",0
2013-02-01T21:54:02Z,Oscar's English is terrible,0
2013-02-01T21:48:44Z,Love david luiz and oscar thete the best alongside hazard,0
2013-02-01T21:38:09Z,"0:29
 David Luiz: Shut up ! No way!",1
2013-02-01T21:35:59Z,ahh this is so cute <3,1
2013-02-01T21:26:11Z,Basketball lol,0
2013-02-01T21:19:01Z,"Haha love this, more of this please !",0
2013-02-01T21:11:08Z,Gezzers<3,0
2013-02-01T21:06:30Z,"Luiz's english has improved so much from when he came, he has tried a lot to learn it compared to people like Tevez who have been here for 6years and can't say a decent sentence",0
2013-02-01T21:05:43Z,nice to see luiz and oscar with kids :),0
2013-02-01T20:58:10Z,we definitely need to see more videos like this Chelsea TV!!!,0
2013-02-01T20:55:56Z,More videos like this please,0
2013-02-01T20:52:32Z,LMAO,0
2013-02-01T20:51:29Z,omg Oscar he should to learn English  hahaha but i still luv him ,0
2013-02-01T20:44:03Z,Lol hw oscar says 10,0
2013-02-01T20:25:28Z,oscar knows more english than wayne rooney,0
2013-02-01T20:18:48Z,"""Do you wanna change the shirts?? its normal after the game to change shirts...""
LOL what a legend... gotta love David Luiz!!!  absolutely joker...",0
2013-02-01T20:17:28Z,These two brazilians are my FAVORITE players in Chelsea. They're so funny!!,0
2013-02-01T20:03:48Z,next john terry :D,0
2013-02-01T19:59:09Z,"""do you know if you're the red or the yellow?""
""i don't know... blue""
aww yeahhh ",0
2013-02-01T19:58:55Z,Umm does anybody know how I can go about meeting David Luiz? Like in all honesty?,0
2013-02-01T19:52:56Z,"do you know if youre red or yellow? 'i blue , i blue'",0
2013-02-01T19:35:22Z,you paid? i didn't!,0
2013-02-01T19:16:51Z,"chelsea chelsea chelsea, whatever the result i keep on supporting chelsea chelsea chelsea. this is the new chant, made by me. :D",0
2013-02-01T19:14:49Z,twat,0
2013-02-01T18:58:43Z,"must be well cool to have david luiz as your friend, funny as fuck lol",0
2013-02-01T18:56:15Z,"yeah same, but theirs is like that cos they dont have a tv channel",0
2013-02-01T18:55:32Z,@Alex9doom u r not Blue fan  and i think ur club doesnt have like these great players so grow up monor ....,0
2013-02-01T18:48:03Z,Chelsea's two worst players :),0
2013-02-01T18:44:17Z,oscar can live 10 years in london he can never speak english :D hahahaha,0
2013-02-01T18:41:15Z,"its not drogba who left, dignity left after we hired benitez",0
2013-02-01T18:35:48Z,Lol basketbal,0
2013-02-01T18:29:51Z,luiz is a madman lool tryna swap shirts with the little boy,0
2013-02-01T18:18:04Z,I wish our channel wil be like Man city channel ,0
2013-02-01T18:15:16Z,I love Luiz so much. He always cracks me up,0
2013-02-01T17:59:53Z,Needs to be serious on the match ladsssss after drogba left nothing is going good so farrr,0
2013-02-01T17:44:31Z,Luiz's English has improved so much,0
2013-02-01T17:41:36Z,Basketball,0
2013-02-01T17:29:48Z,Oscar looks older now lol,0
2013-02-01T17:19:46Z,I love this video xx,0
2013-02-01T17:07:28Z,Funny,0
2013-02-01T16:53:39Z,david english really improves a lot,0
2013-02-01T16:49:35Z,david handled these dumb questions like a BOSS,0
2013-02-01T16:46:43Z,"""Table football or real football"".  ""Basketball"" hahahhahhah",0
2013-02-01T16:41:03Z,See they need to do more of these type of things so we can really get to know the players. Man city's youtube channel uploads a lot of good videos with their players,0
2013-02-01T16:28:40Z,David Luiz is the best with Oscar GOOOOOOO CHELSEA !!!!!!!!!!,0
2013-02-01T16:25:55Z,David Luiz lad!,0
2013-02-01T16:15:44Z,I love David!!,0
2013-02-01T16:05:54Z,The one person that dislike this video either hated their childhood. Seriously!!!,0
2013-02-01T16:04:50Z,LOL,0
2013-02-01T16:04:07Z,"Fucking love Luiz lol , what a lad!",0
2013-02-01T16:02:40Z,Love how the kid didn't want to lose his Chelsea jersey,0
2013-02-01T16:00:10Z,Two words ... EPIC WIN ,0
2013-02-01T15:51:51Z,"Are you better at table football or real football?
David Luiz: Basketball.
Legend. ",0
2013-02-01T15:48:05Z,"presenter: are you yellow or red?
luiz: i'm blue

good lad <3",0
2013-02-01T15:45:32Z,LOL,0
2013-02-01T15:42:28Z,well at least its 2 minutes....,0
2013-02-01T15:42:27Z,Love LUIZ so much!!!! Number 1 geezer!!!,0
2013-02-01T15:35:51Z,Youre better at table football or real football?Luiz says basketball XD LOL i fainted.,0
2013-02-01T15:32:53Z,MORE THAN 2 MINUTES !?!?!?!??!?!?!??!?!?!?!,0
2013-02-01T15:30:41Z,we miss u luiz,0
2013-02-01T15:24:26Z,Did I just watch a video of more than one minute? God thank you chelsea tv!,0
2013-02-01T15:22:34Z,1:22 ole!,0
2013-02-01T15:14:05Z,BRASIL,0
2013-02-01T15:13:16Z,"1:07
YESNO!",0
2013-02-01T15:09:52Z,HAPPY 2ND ANNIVERSARY TORRES AND LUIZ!!!!! ♥♥♥,0
2013-02-01T15:05:49Z,Anyone else noticed that the 2 latest uploads have been over 2mins? atleast we are improving something,0
2013-02-01T15:04:51Z,"""Basketball"" xD ",0
2013-02-01T15:04:31Z,"The Torres of the table football, moves better than the real Torres.....even with a bar crossing his ribs",0
2013-02-01T15:04:19Z,Love Luiz ,0
2013-02-01T15:04:02Z,"Presentator:""you're yellow or red?""
Luiz:""I'm BLUE!""
Respect to David Luiz!!!!!",2
2013-02-01T15:00:21Z,"You better football table or real football? 
Luiz: Basketball

LOL",0
2013-02-01T14:57:39Z,then he must be the fucking best at table football,0
2013-02-01T14:51:33Z,"I love David Luiz. He's a good role-model on and off the pitch. He's who I look up to. 
-From a Liverpool Fan 
",0
2013-02-01T14:46:16Z,KTBFFH!,0
2013-02-01T14:43:47Z,"Oscar is right, he is better at table football.",0
2013-02-01T14:36:49Z,"DL: i'm blue
hahahahahahahaha",0
2013-02-01T14:33:43Z,DAVIDOOOO !!!,0
2013-02-01T14:32:26Z,Longest video on this chanel for decades. But you got to love Luiz ♥,0
2013-02-01T14:26:46Z,"are you better in tabefootball or real football: basketball ;)
",0
2013-02-01T14:21:18Z,"Luiz should start his own Chelsea TV show, named ""Geezers"" =D",0
2013-02-01T14:16:53Z,"I so love Daviiid!) He'll be perfect father, I'm sure) ",1
2013-02-01T14:15:48Z,David Luiz Legen wait for it Dary i just can't pick between him or mata who i would rather be captain when terry leaves.,0
2013-02-01T14:13:50Z,heuheuhe os dois tentando falar inglês ,0
2013-02-01T14:06:09Z,fuck rafa please.... get the fuck out of the club!!! btw love how Luiz said he is blue :D,0
2013-02-01T14:04:57Z,DAVID LUIZ IS A LEGEND SWEAR DOWN ,0
2013-02-01T14:03:20Z,David luiz #true lad oscar#new kaka,0
2013-02-01T13:59:01Z,I'm Blue dabadidida dabadiida ,0
2013-02-01T13:53:45Z,jajajaja es verdad jaja,0
2013-02-01T13:50:20Z,RAFA & TORRES OUT,0
2013-02-01T13:46:11Z,I hope David stay with us till the end of career. In a near future i see him as our captain after John Terry.,0
2013-02-01T13:42:58Z,Luiz: I'm blue!,0
2013-02-01T13:36:14Z,KTBFFH!! ,0
2013-02-01T13:34:42Z,"Ktbffh, and this is why",0
2013-02-01T13:31:50Z,Haha quality!,0
2013-02-01T13:29:43Z,You just can't hate Luiz. What a guy!. Great to have him with us. #CFC,0
2013-02-01T13:24:36Z,Respect,0
2013-02-01T13:24:36Z,Give Luiz his own show.,0
2013-02-01T13:23:03Z,lol at basketball,0
2013-02-01T13:20:28Z,Two great guys! Love to see stuff like this from our players!,1
2013-02-01T13:19:44Z,"What are you better at Luiz? Table Football or real Football?

Basketball",0
2013-02-01T13:15:45Z,David Luiz=Future Legend Of CHELSEA!!!,0
2013-02-01T13:15:38Z,"I genuinely think David Luiz really loves Chelsea, I hope he goes on to be captain one day because I think that's what he wants.",0
2013-02-01T13:15:19Z,"i hate all you chelsea ""fans"" so much. You have a go at every player that doesn't perform. 

If they play for chelsea you support them!",0
2013-02-01T13:09:38Z,"""I'M BLUE"" David Luiz
This guy is an upcoming chelsea legend, Trust me y'all!
He's more of a fan than a player, who else saw his introductory video for the FA cup final last year?",0
2013-02-01T13:08:14Z,LUIIIIIIZ <3,0
2013-02-01T13:07:48Z,lol David Luiz : Q - Are you better at tablefootball or real football ? A - Basketball. haha!,0
2013-02-01T13:07:09Z,"-""I'm blue"" Gold.",1
2013-02-01T13:04:17Z,I wonder what was the score,0
2013-02-01T13:03:04Z,"love this
",0
2013-02-01T13:02:54Z,these kids are probably going to remember this forever! KTBFFH!,0
2013-02-01T13:00:07Z,Awesome,0
2013-02-01T13:00:02Z,Happy 2 year anniversary to David Luiz!!!....oh yeh and Torres.,0
2013-02-01T12:59:31Z,David Luiz is so funny lol,0
2013-02-01T12:57:37Z,"David has a wicked sense of humour lol, top man. Geezerrrrr!",0
2013-02-01T12:54:21Z,Awww David's so cute :'),1
2013-02-01T12:49:35Z,Basketball hahaha,0
2013-02-01T12:49:19Z,Luiz <3,0
2013-02-01T12:48:35Z,"""Basketball"" LOL",0
2013-02-01T12:48:34Z,David Luiz: .....Basketball,0
2013-02-01T12:47:58Z,oscar fucked david luiz on table football lool,0
2013-02-01T12:46:37Z,"chelsea !!!!
",0
2013-02-01T12:44:19Z,David Luizzzzzzzzzzzzzzzzzzzzz,0
2012-12-03T05:17:37Z,Ref could always use common sense,0
2012-12-03T04:49:41Z,"dafuq,goal? you could use a better title such as ""dumb"". you are an official news  account. use a less offensive word.",0
2012-12-03T01:10:01Z,Dumass,0
2013-06-28T18:07:10Z,"Don't know if you have seen other videos of it, but Rafael didnt touch him with that ""kick"", Rafael missed the ball and D.Luiz leg. So what's the red card for ? kicking air ?",0
2013-06-26T15:10:28Z,I fucking love this guy :)),0
2013-05-29T21:31:59Z,Lol,0
2013-05-08T08:58:04Z,David luiz LEGEND!!!,0
2013-05-08T00:34:25Z,"Personally, i'd have added a fart at 0:38.",0
2013-05-07T17:13:14Z,"Terrible tackle, Rafael should be banned for life, can't believe Suarez gets 10 games for a little nibble compared to the dirty red Rafael ;)",0
2013-05-07T15:54:07Z,Rafael deserved the red.,0
2013-05-06T23:56:32Z,"I dunno about everyone else, but this makes me like Luiz a whole lot more. It's too funny to be bad.",0
2013-05-06T22:17:17Z,Rafael deserved the red card,0
2013-05-06T15:38:50Z,"hey man you really wanna see a dive ?! Search for busquets, Luiz just falled down and didn't say anything !! It doesn't worth a red card but it's clearly not a dive !
",0
2013-05-06T13:57:13Z,"Trollface , he should win an oscar",0
2013-05-06T06:25:18Z,"Not dive,",0
2013-05-06T06:13:26Z,"to be fair he was fouled its just that he wanted him to get sent off :D

",0
2013-05-06T05:00:19Z,dat face kkkkkkkkkkkkkkk,0
2013-05-06T04:00:11Z,"haha he is funny. Prefer cunt Luiz than Jones, Evans, whatever lol...
",0
2013-05-05T23:17:36Z,david luiz = roberto benigni,0
2013-05-05T22:59:26Z,"How stupid referees are too gullible of players reactions, first Nani against Real and now Rafael",0
2013-05-05T22:01:41Z,bastard is the one who let you come on this earth. f off.,0
2013-05-05T20:28:38Z,if you think this is a red card you must be disabled. you can clearly see him landing on his feet and then throwing himself on the ground. blatant dive,0
2013-05-05T20:28:29Z,became new busquets,0
2013-05-05T18:19:10Z,เลว,0
2013-05-05T18:17:44Z,Can we play Manchester United every week?,0
2013-05-05T17:50:59Z,"Hi, no sabes cuando sale el fifa 14?",0
2013-05-05T17:47:48Z,david luiz is a god,0
2013-05-05T17:40:03Z,This sums up everything,0
2013-04-28T21:08:46Z,Sisi Rodolfo editing de dingue !,0
2013-04-28T19:43:43Z,"Great Style 
",0
2013-04-28T19:36:44Z,This is ART !,0
2013-01-21T23:00:04Z,He had allready signed in December 2012 and it was a secred and it was sposed to stay a secred till march but as journalists started writing smth else every day that brough a lot of stress to the Säbener Straße (where FCB Clubcentral is) so they had to play with open cards,1
2013-01-18T22:08:46Z,I'm glad he went to Germany instead of England. Pep knew what decision was prudent. Only a money hungry insane person would try to manage Chelski.,0
2013-01-17T23:32:10Z,"the premier league is anyways one of the most overrated leagues where investors come from the united states, russia or arabian countries and clubs like manu, chelsea, city or tottenham play not really attractive football...considering this bayern was for guardiola a perfect choice because the bundesliga is the best organized, most honest working league in the world and the bundesliga offers LOTS and LOTS of talents (hummels, goetze, reus, kroos, mueller, alaba, rode, jung, hoewedes, draxler etc)",0
2012-11-19T03:25:14Z,Ecoute euh... Thats it alex,0
