publish_date,title,view_count
2013-05-29T06:40:03Z,Football Player Alexandre Coeff Scores with a Scorpion Kick | Football Tricks,51173
2013-05-30T05:07:44Z,FRENCH youngster Alexandre Coeff scorpion kick,218
2013-05-29T05:07:55Z,Alexandre Coeff&#39;s brilliant scorpion kick golazo (France) v United States (Toulon Tournament) 2013,15339
2013-07-12T18:54:58Z,Alexandre Coeff Best Goals 2013 :: Scorpion Kick  อย่างสวย,392
2013-04-17T12:16:33Z,E. Sikora et A. Coeff en conférence de presse avant le 1/4 de finale de Coupe de France.,476
2012-11-24T23:00:16Z,Nîmes Olympique - RC Lens (1-2) - Le résumé (NIMES - RCL) / 2012-13,3710
2013-05-29T23:54:41Z,Striker dazzles with scorpion kick,192
2013-02-12T11:00:48Z,Angers SCO - RC Lens (3-2) - Le résumé (SCO - RCL) / 2012-13,18722
2012-10-20T22:00:12Z,AJ Auxerre - RC Lens (1-2) - Le résumé (AJA - RCL) / 2012-13,9863
2013-03-09T23:00:19Z,Chamois Niortais - RC Lens (0-0) - Le résumé (NIORT - RCL) / 2012-13,1483
2012-10-29T23:32:22Z,RC Lens - Clermont Foot (2-2) - Le résumé (RCL - CFA) / 2012-13,16775
2013-04-06T22:00:13Z,RC Lens - CS Sedan (2-2) - Le résumé (RCL - CSSA) / 2012-13,6543
2013-04-17T23:10:32Z,Les déclarations des Lensois après Lens - Bordeaux,2570
2012-11-13T11:00:53Z,RC Lens - SM Caen (0-0) - Le résumé (RCL - SMC) / 2012-13,3405
2013-03-17T14:46:55Z,RC Lens - AJ Auxerre (1-0) - Le résumé (RCL - AJA) / 2012-13,14275
2013-04-13T22:00:15Z,SM Caen - RC Lens (0-0) - Le résumé (SMC - RCL) / 2012-13,2675
2013-02-02T23:00:13Z,RC Lens - GFC Ajaccio (2-0) - Le résumé (RCL - GFCA) / 2012-13,15063
2012-12-12T23:39:19Z,Tours FC - RC Lens (0-0) - Le résumé (TOURS - RCL) / 2012-13,1346
2013-05-25T22:00:36Z,Le Mans FC - RC Lens (2-1) - Le résumé (LEMANS - RCL) / 2012-13,15819
2013-03-30T23:00:14Z,Clermont Foot - RC Lens (1-0) - Le résumé (CFA - RCL) / 2012-13,2730
2013-04-21T18:17:53Z,RC Lens - Nîmes Olympique (1-2) - Le résumé (RCL - NIMES) / 2012-13,4631
2012-11-04T00:04:37Z,CS Sedan - RC Lens (0-1) - Le résumé (CSSA - RCL) / 2012-13,5854
2013-02-25T22:16:06Z,Best Scorpion Goal ever!!!!,199
2013-04-27T22:00:13Z,Stade Lavallois - RC Lens (1-1) - Le résumé (LAVAL - RCL) / 2012-13,2853
2013-02-16T23:00:28Z,RC Lens - Châteauroux (4-3) - Le résumé (RCL - LBC) / 2012-13,19970
2013-02-26T11:01:03Z,AS Monaco FC - RC Lens (2-1) - Le résumé (ASM - RCL) / 2012-13,7706
2012-12-01T23:00:32Z,RC Lens - Stade Lavallois (1-0) - Le résumé (RCL - LAVAL) / 2012-13,3982
2013-05-18T22:00:11Z,RC Lens - FC Istres (1-1) - Le résumé (RCL - FCIOP) / 2012-13,3290
2012-12-18T11:00:27Z,RC Lens - EA Guingamp (1-1) - Le résumé (RCL - EAG) / 2012-13,6075
2013-01-29T11:01:43Z,Dijon FCO - RC Lens (2-1) - Le résumé (DFCO - RCL) / 2012-13,4967
2012-11-11T23:50:23Z,Incredible Scorpion Kick Golazo. Maxim I,11
2013-01-19T23:00:13Z,Havre AC - RC Lens (2-2) - Le résumé (HAC - RCL) / 2012-13,4319
2013-03-18T09:31:48Z,Goal of the Week September #3 2012: U21 Irish Conor Henderson 35m Goal Vs Italy,1930
2013-07-06T22:11:09Z,Les réactions après Lens - Nîmes en amical,3393
2012-09-16T12:51:14Z,Résumé Châteauroux Lens,1082
2013-01-12T19:38:22Z,RC Lens - AC Arles Avignon (0-0) - Le résumé (RCL - ACA) / 2012-13,2054
2012-12-22T23:19:03Z,FC Istres - RC Lens (2-2) - Le résumé (FCIOP - RCL) / 2012-13,6522
2013-05-17T23:00:10Z,"Les réactions lensoises après Lens - Istres (1-1), match de la 37e journée de Ligue 2.",1339
2013-05-11T22:00:12Z,EA Guingamp - RC Lens (7-0) - Le résumé (EAG - RCL) / 2012-13,88180
2013-05-03T22:04:53Z,"Les réactions après Lens - Tours (0-0), 35e journée de Ligue 2",705
2013-05-04T22:00:10Z,RC Lens - Tours FC (0-0) - Le résumé (RCL - TOURS) / 2012-13,2172
2012-12-20T00:27:46Z,Panagiotis Kone - i 2 Magnifici Gol in Napoli-Bologna 2 volte su 2,56449
2013-05-06T15:10:31Z,May #1 - 2013 | Best Goals of the Week,4010
2013-02-10T01:21:08Z,Francelino Matuzalem da Silva ■■■ The Amazing Goal ■■■,825
2013-05-29T14:22:02Z,Gilbert Gianelli Imbula vs USA U20 - Toulon Tournament 2013 - 28.5.2013. - [HD] by BZComps,24043
2013-01-30T06:12:52Z,EXTREME SCORPION KICK GOAL!!!,554
2013-05-28T17:06:02Z,Colombia 1 vs Corea del Sur 0 - Esperanzas de Toulon 2013 - 28/Mayo/2013 - Fecha 1,22654
2013-06-12T15:07:13Z,Tournoi de Toulon 2013 Tous les buts de la France,4830
2013-05-29T06:02:44Z,Worst Goalkeeper in Football | Sports Fails  | Football Fails,56991
2013-05-27T16:46:21Z,Bicycle Kick Goals in Football ᴴᴰ,84429
