publish_date,title,view_count
2013-03-05T11:01:30Z,RC Lens - FC Nantes (1-2) - Le résumé (RCL - FCN) / 2012-13,14504
2013-04-21T18:17:53Z,RC Lens - Nîmes Olympique (1-2) - Le résumé (RCL - NIMES) / 2012-13,4631
2013-04-13T22:00:15Z,SM Caen - RC Lens (0-0) - Le résumé (SMC - RCL) / 2012-13,2675
2013-04-27T22:00:13Z,Stade Lavallois - RC Lens (1-1) - Le résumé (LAVAL - RCL) / 2012-13,2853
2013-03-30T23:00:14Z,Clermont Foot - RC Lens (1-0) - Le résumé (CFA - RCL) / 2012-13,2730
2012-09-25T15:55:57Z,L&#39;AS Monaco dans le fauteuil de leader,38
2012-11-13T11:00:53Z,RC Lens - SM Caen (0-0) - Le résumé (RCL - SMC) / 2012-13,3405
2012-09-05T18:51:21Z,Interview Alassane Koné,2058
2013-03-16T13:47:27Z,Mamadou Toure Thiam 2013,708
2012-10-26T00:39:52Z,Na Woon Demb - Tassirou Diallo - 25 Octobre 2012 - Partie 4,4363
2012-08-12T04:23:26Z,Page Sport - Le Journal 20H - 11 Août 2012,28
2012-10-29T22:31:53Z,Football Player Abdoulaye TOURE - Attacking Midfielder - Overview,532
2012-08-12T03:11:42Z,brahim foot,259
2013-01-05T13:18:35Z,Classico Football Club,161
2012-08-26T00:25:51Z,Page Sport - Le Journal 20H - 25 Août 2012,461
2013-01-17T23:40:09Z,"CAN 2013:Lamouchi,Yaya et Drogba donnent leur 1ère conférence de presse en Afrique du Sud",7393
2013-01-22T17:49:50Z,Ivory Coast vs Togo 2-1 Africa Cup 2013 | ساحل العاج - توجو 2-1 كاس افريقيا,2816
2013-06-18T08:19:53Z,"Football/Elephants: Après la victoire contre la Tanzanie,Gosso et Abdul Razack démentent les rumeurs",13620
2013-03-13T18:18:52Z,Resumé-Derby-14e-Journée--AFRICA-2-ASEC-1,2193
2013-01-21T21:57:27Z,Togo vs Ivory Coast - Africa Cup of Nations 2013,755
2013-01-22T17:27:19Z,IVORY COAST vs TOGO 2-1 (COTE D&#39;IVORE VS TOGO) ALL GOALS FULL HIGHLIGHTS 22-1-2013 HD,15471
2012-09-03T22:29:16Z,SANOU SOUNKALO ABDEL 1,1335
2013-06-02T15:12:25Z,SEKOU DOUMBIA SAUDIA 1,554
2013-05-29T23:48:53Z,Gnabrou Eric,59
2013-01-06T13:04:36Z,Classico Football Club Côte d&#39;Ivoire,610
2012-08-13T02:12:51Z,TRAORE N°10 SPAIN,138
2012-10-04T03:12:22Z,Jeune footballeur talentueux Ivoirien   MICHEL ANGE AKPA 0001,242
2012-09-20T03:51:03Z,Parlons Foot - Abdoulaye Ndiaye - 19 Septembre 2012 - Partie 2,232
2013-01-07T08:56:50Z,Classico Football Club Côte d&#39;Ivoire,128
2013-02-21T11:00:25Z,DIOMANDE ADAMA HAMMED.flv,270
2013-01-22T23:32:06Z,CAN 2013: Réactions des joueurs ivoiriens et de Lamouchi après la victoire contre le Togo,8133
2013-02-05T00:20:51Z,CAN 2013: Les Elephants quittent l&#39;Afrique du Sud après leur élimination en 1/4 de finales,18922
2013-01-06T21:23:52Z,Résumé -- JCAT/AFAD 1 -- 1 (Ligue1 CIV Journée9),97
2013-04-15T22:44:03Z,AFROFOOT - AROUNA KONE 1,486
2012-12-02T19:12:26Z,After: Florent Gautreau analyse la prestation du PSG (01/12/12),391
