published-time,comment,likes
2013-05-04T09:26:03Z,"Déjà apprends à écrire après on verra !
",0
2013-03-07T10:17:01Z,"Nantes a montré qu'ils avaient du mental face à une belle équipe de Lens, et c'est la première fois en 4 ans qu'ils sont capables de monter en L1, alors allez Nantes !!!",2
2013-03-05T21:20:45Z,J'avou,0
2013-03-05T18:39:54Z,"Connexion free.... Met longtemps à charger du 360p ! 
",0
2013-03-05T17:57:06Z,Les TIGERS font un tifo ; on pourrai le voir quoi,0
2013-03-05T17:44:12Z,poteaux faute inutile de riou... heuresement qu'on gagne!,0
2013-03-05T16:26:56Z,Tu rigoles ? ,0
2013-03-05T15:30:32Z,Aller Nantes !!!,0
2013-03-05T15:02:20Z,Encore un but à la dernière minute c'est pas possible  ='''(,0
2013-03-05T14:53:33Z,GG Fabrice ! Nantes en ligue 1 !!,0
2013-03-05T12:17:14Z,vive nantes la ligue 1 arrive,0
2013-03-05T11:20:55Z,Allez Nantes !!!!!!!,0
2013-04-22T15:17:29Z,Viva Gragnic !,0
2013-04-22T15:15:32Z,"GO NO
",0
2013-04-16T11:44:03Z,"1:42 = Il dit bien ""Caen va devoir jouer 1/4 d'heure en infériorité numérique"". Après il y a ça oui.
Bref ! On s'en tape :)",0
2013-04-14T08:52:14Z,"Ce commentateur est vraiment naze. C'est pas Caen qui se retrouve en infériorité numérique mais Lens !! Et dans le match Tours-Guingamp, c'est Planté dans les buts de Guingamp en 2ème mi-temps et pas Samassa ... Sans compter les erreurs sur les autres résumés.",0
2012-11-13T19:03:19Z,Tu rages que ton équipe n'ai pas gagné ? :),0
2012-11-13T18:17:33Z,pourri allez malherbe!,0
2012-11-13T17:54:18Z,Valdivia simulateurrrrrrrr vivement le retour a caen ;),0
2012-11-13T17:09:24Z,tu vas pas jouer du psg?,0
2012-11-13T17:08:37Z,frustré,0
2012-11-13T11:08:34Z,ALLEZ LENSOIS ALLEZ 5 MATCHS SANS PERDRE ! ,0
2013-07-30T21:16:16Z,"i take it, they made up",0
2013-01-24T02:46:03Z,I've watched this 7 times i still don't believe that's forehead.,0
2013-01-23T20:23:04Z,lol,0
2013-01-23T08:09:09Z,"How weird, we have a gervinho that looks exactly like him!!! But our one can't score sick volleys like that, ours scuff a shot from 4 yards out at Bradford ...",0
2013-01-23T00:34:36Z,"lol
",0
2013-01-22T21:26:33Z,There´s a player called Gervinho who plays for Arsenal who´s from the Ivory Coast as well. But he can´t finish anywhere near as well as this guy.,0
2013-02-14T16:39:47Z,MOI AUSSI JE CROIRE EN VOUS ALMAGNE A UNE GRD EQUIPE MAIS IL REUSISE PAS A PREND LA COUPE DEUROPE IL YA AUSSI LA CHANCE DANS LE FOOT CETAIS PAS NOTRE CHANCE UN JOUR SA VA PAYER DIEU DORT PAS IL A UN PLANT POUR NOUS,0
