publish_date,title,view_count
2012-12-13T11:08:22Z,"Imorou Emmanuel dans Quand on aime le foot, On parle foot 11/12/12 S02",327
2012-12-15T23:00:13Z,Châteauroux - Clermont Foot (0-0) - Le résumé (LBC - CFA) / 2012-13,1209
2013-05-11T22:00:11Z,Clermont Foot - Châteauroux (1-0) - Le résumé (CFA - LBC) / 2012-13,1655
2013-02-16T23:00:14Z,Tours FC - Clermont Foot (2-1) - Le résumé (TOURS - CFA) / 2012-13,2470
2013-05-18T22:00:11Z,AJ Auxerre - Clermont Foot (1-1) - Le résumé (AJA - CFA) / 2012-13,2278
2013-01-19T23:00:13Z,Nîmes Olympique - Clermont Foot (3-0) - Le résumé (NIMES - CFA) / 2012-13,1412
2013-05-25T22:00:36Z,Clermont Foot - Chamois Niortais (1-1) - Le résumé (CFA - NIORT) / 2012-13,1784
2013-01-12T19:54:44Z,Angers SCO - Clermont Foot (1-2) - Le résumé (SCO - CFA) / 2012-13,2175
2013-02-23T23:00:14Z,Clermont Foot - Dijon FCO (0-0) - Le résumé (CFA - DFCO) / 2012-13,966
2013-01-26T23:00:13Z,Clermont Foot - SM Caen (0-0) - Le résumé (CFA - SMC) / 2012-13,1222
2013-05-07T10:00:27Z,FC Nantes - Clermont Foot (0-1) - Le résumé (FCN - CFA) / 2012-13,8353
2013-03-09T23:00:19Z,Clermont Foot - AC Arles Avignon (2-4) - Le résumé (CFA - ACA) / 2012-13,4236
2013-03-02T23:00:14Z,Stade Lavallois - Clermont Foot (1-1) - Le résumé (LAVAL - CFA) / 2012-13,1445
2013-03-30T23:00:14Z,Clermont Foot - RC Lens (1-0) - Le résumé (CFA - RCL) / 2012-13,2730
2013-02-09T23:00:28Z,Clermont Foot - Le Mans FC (1-1) - Le résumé (CFA - LEMANS) / 2012-13,1703
2013-02-02T23:00:13Z,CS Sedan - Clermont Foot (1-1) - Le résumé (CSSA - CFA) / 2012-13,2108
2013-03-17T14:47:10Z,FC Istres - Clermont Foot (0-0) - Le résumé (FCIOP - CFA) / 2012-13,1661
2013-04-13T22:00:15Z,Clermont Foot - Havre AC (1-1) - Le résumé (CFA - HAC) / 2012-13,2868
2012-12-15T18:47:37Z,Conférence de presse Châteauroux - Clermont Foot (0-0) / 2012-13,55
2012-11-10T23:00:16Z,Havre AC - Clermont Foot (1-3) - Le résumé (HAC - CFA) / 2012-13,3193
2012-12-02T16:28:47Z,GFC Ajaccio - Clermont Foot (0-1) - Le résumé (GFCA - CFA) / 2012-13,1204
2013-04-27T22:00:13Z,Clermont Foot - GFC Ajaccio (0-2) - Le résumé (CFA - GFCA) / 2012-13,3438
2013-04-06T22:00:13Z,EA Guingamp - Clermont Foot (0-0) - Le résumé (EAG - CFA) / 2012-13,2101
2013-06-05T09:36:30Z,Portugal Football Cup Winners  1939 2013,151
2013-04-05T18:06:54Z,Etanda NKOLOLO,574
2013-04-13T19:59:53Z,Rudy gestede tribute,1396
2013-05-25T22:00:36Z,SM Caen - GFC Ajaccio (2-1) - Le résumé (SMC - GFCA) / 2012-13,5783
2012-12-22T20:26:52Z,Málaga 1 - 1 Real Madrid | 66&#39; Sánchez (c.s.c.) - Liga Day17,408
2012-09-05T23:10:42Z,Buts de Mickaël Poté avec le Dynamo Dresden 2012,827
2012-10-18T19:18:33Z,A HP FC ACADEMIE adouvo euclide en bleu complet.avi,106
2013-03-03T23:00:51Z,But Tripy MAKONDA (53&#39; csc) - Stade Brestois 29 - Olympique Lyonnais (1-1) / 2012-13,1953
