published-time,comment,likes
2013-05-12T22:49:56Z,^^,0
2013-05-12T17:52:26Z,"First ma gueule
",0
2013-05-20T16:02:07Z,"MERCIII  !!HENGBART <3 AJA <3
",1
2013-05-19T12:09:16Z,Au revoir Hengbart <3 :'(,1
2013-01-19T23:31:58Z,Excellent Nimes .O !!!! :D,1
2013-02-03T13:09:13Z,"Vive Angers quand Meme !
",0
2013-01-16T14:54:12Z,aller clermont^^,0
2013-01-15T21:27:48Z,"Clermont c'est les meilleurs et puis c'est tout, qu'ils jouent en rose ou rouge, c'est les meilleurs ;)

",0
2013-01-12T23:44:06Z,T'as le seum parce que l'équipe de tours c'est de la merde ;) ,0
2013-02-24T09:30:46Z,Le but est totalement valable ! C'est ce qu'on appelle se faire voler,1
2013-05-18T15:33:45Z,yep coup franc indirect,0
2013-05-08T23:29:34Z,Il fallait garder keseru,0
2013-05-08T16:09:10Z,"Je félicite clermont pour son anti jeu, je n'ai jamais vu une equipe de foot qui ne veux pas jouer au foot! chateauroux n'est pas mal non plus",0
2013-05-08T15:55:09Z,"un coup franc dans la surface de réparation à moins de 10 mètre du but ?
",0
2013-05-08T13:06:50Z,J'crois pas non,0
2013-05-08T12:08:00Z,"Bah ouais mais ils ont perdu !!!! C'est ballot, cà ... Allez SCO !!!!!",0
2013-05-07T15:56:27Z,J'étais au match en loire je te signal donc avant de parler renseigne toi...,0
2013-05-07T12:19:38Z,Allez les Nantais on vous attend à Caen de pied ferme ! ;) Bonne chance et que le meilleur gagnent ! ,0
2013-05-07T11:21:03Z,Aller Nantes reste 3 journées faut la ligue 1 !,0
2013-05-07T10:43:46Z,"Regarder les stats Nantes a grave dominé ils auraient mérités de gagner --' 

Allez Nantes ! <3",0
2013-03-14T19:53:11Z,c'est fait exprès !,1
2013-02-12T18:37:50Z,"C'est quoi cette arbitre sérieux ?!
",1
2013-02-10T08:02:24Z,"Supporter clermontois, mais je dois admettre que je ne comprends pas le penalty...",1
2013-04-14T18:39:50Z,"HAC !!!
",1
2013-04-14T16:03:10Z,"Expulsion peu évidente, Clermont méritait sans doute mieux. Cela dit le coup franc havrais est magnifique.",0
2013-04-28T10:41:45Z,"Sur le corner clermont réussit à s'en prendre 1 alors qu'ils sont que 2 attaquants dans la surface, c'est chaud...",0
2013-04-27T22:14:50Z,Gfca !!!,0
2013-04-07T12:02:52Z,Un match splendide avec des perf de gardiens énorme :D,0
2013-07-24T22:38:53Z,"nice one .........
",0
2013-06-13T12:51:37Z,"2-1, le score aura dû être de 5-2 au moins c'est juste que les gardiens ont été bons et les joueurs nul !
",0
2013-05-26T10:10:36Z,Le goal du gazelec est super bon,0
2013-05-26T07:59:06Z,C t trop bien j y est ete avec le feu d artifice et orelsan,0
2012-09-06T11:33:52Z,"Bravo Micka, continue ta série de buts",0
2013-03-05T18:29:39Z,Aller l'ol,0
2013-03-03T23:36:29Z,Magnifique,0
