published-time,comment,likes
2013-04-27T16:06:09Z,Purtroppo è saltato il segnale del satellite per quasi tutta la gara...,0
2012-10-30T23:58:52Z,Grazie a te!!!,0
2012-10-30T12:32:49Z,Grazie !!!,0
2012-12-10T19:02:13Z,"Ne abbiamo le palle di questa merda ... Cassingena vattene!
Il Vicenza deve puntare alla serie A.",1
2012-12-10T18:59:06Z,arbitro di merda!,0
2012-11-23T10:05:44Z,"Infatti.
Ogni tanto anche Cristallini ne azzecca qualcuna.",0
2012-11-21T18:45:55Z,"Scambiato alla pari con Baclet,cose che neanche a carnevale si sentono.",0
2012-11-19T15:09:50Z,"Io ero in curva ragazzi un'emozione pazzesca!
Grazie VicenzaTube :,)",0
2012-11-19T11:41:13Z,...solo perché vi ha purgato?,0
2012-11-17T23:21:48Z,"pinardi uomo di merda
",0
2012-11-17T21:42:00Z,"i love vicenzatube!!!!!!!

Grazieeeeeeeeeeeee",0
2012-11-05T19:41:13Z,Lo sapevo sto malonga nn segna più finita la pacchia e a gennaio ki comprano ? Nessuno,0
2012-11-05T13:58:57Z,"Avete avuto un culo in questa vittoria...sbagliati due gol fatti...vabbe
",0
2012-11-04T19:07:43Z,"La palla non era entrata tutta, si è visto chiaramente nei replay di Sky. Mi dispiace vicentini. Forza Virtus!",0
2012-11-04T11:15:40Z,il goal c'è ma c'è anche tanto bisogno di fallimento!,0
2012-11-03T22:42:39Z,pazzesco non vedere un gol del genere..,0
2013-04-19T17:45:03Z,"Purtroppo no, questa volta il satellite ci ha fatto un brutto scherzo. Il segnale si è﻿ interrotto dopo pochi minuti dall'inizio della gara..",0
2013-04-19T17:44:56Z,"Purtroppo no, questa volta il satellite ci ha fatto un brutto scherzo. Il segnale si è interrotto dopo pochi minuti dall'inizio della gara...",0
2013-04-18T12:55:04Z,la partita integrale la caricate? :),0
2013-04-17T14:33:17Z,"ciao ragazzi, sara' disponibile anche il filmato integrale della partita? grazie mille!",0
2013-05-13T09:09:32Z,Buon Ritorno B !!!!!,3
2013-01-14T11:27:23Z,"Ci manca Maxi
",0
2012-10-26T10:35:51Z,ahahahahah rosica rosica merdaccia che io godo,1
2012-10-20T14:05:59Z,"spero tu stia scherzando: di giocatori buoni ne avete solo 3 che sono Caprari,Weiss e Quintero, gli altri sono giocatori mediocri per la serie a.",1
2012-10-05T00:32:10Z,"MERDEEEEE AHAHAHAHA!!!   /=\ HV /=\

 ",0
2012-09-28T10:31:33Z,"l'anno scorso il Pescara ha strameritato la promozione,giocando un calcio bellissimo e facendo più punti del Verona..non si va in serie A solo con i progetti altrimenti cosa si gioca a fare?",1
2012-09-27T16:58:30Z,tua sorella vuole il bis?,0
2012-09-21T14:39:25Z,"Se ti è arrivata questa voce non è certo perché l'hanno messa in giro i pescaresi. Però, a pensarci bene, record di gol in serie B, quarto attacco d'Europa, primo posto in campionato.. beh sì il Pescara 2011/12 è stato un Barcellona della serie B. Forse abbiamo fatto invidia a qualcuno. E forse quel qualcuno spera che le ferite guariscano augurandoci tutto il male del mondo. Bene, continuate a seguirci. Noi abbiamo un campionato di serie A da giocarci.",0
2012-09-21T09:44:43Z,"L'anno scorso il Pescara, la squadra e la società, hanno strameritato la testa della classifica, non vedo come si possa confutare tanta roba. La sfiga è che a Roma si sono fatti venire voglia di Zeman e a Zeman è venuta voglia di Roma. Tutto il progetto è quindi andato a puttane con le svendite di fine anno e il campionato di A alle porte: praticamente nudi contro i carri armati. Ma è ovvio che a inizio campionato non è detto ancora nulla. Mi spiace Veronese, rimani il solito sfigato rosicone.",0
2012-09-20T16:00:07Z,Vukusic e' tanta roba,0
2012-09-18T17:47:47Z,se il pescara è da b la sampdoria è lo stesso visto che ha pure rischiato di perdere( 2 traverse),0
2012-09-18T16:59:32Z,Colpa dell'arbitro? AH RIDICOLI!!!,0
2012-09-18T16:50:19Z,e a te che ti frega se non sei tifoso del Pescara?non vedo dove sia il tuo problema....,0
2012-09-18T16:46:18Z,"e la miseria,ancora incazzati per le due sconfitte dell'anno scorso contro il Pescara e la mancata promozione?dai è acqua passata ormai,rilassatevi voi dell'Hellas,ed almeno un punto lasciatecelo fare quest'anno....",0
2012-09-18T16:39:21Z,"e se il Pescara vince lo scudetto voglio vedere che dite...il pescara ha moltepiù possibilità di fare bene della sampdoria,il pescara ha almeno 6 giocatori che saranno Top Player,più altri 3-4 che saranno giocatori fissi in A..ricordate ste parole...poi magari torniamo in B,ma ci facciamo i soldi e questo è sicuro...",0
2012-09-18T16:11:43Z,"pescara, ma che ci siete venuti a fà in serie A?
squadra semplicemente ridicola,
giocatori del tutto inadguati alla serie A,
campagna acquisti assurda,
hanno smantellato una squadra appena appena decente
quest'anno fate zero punti",0
2012-09-18T09:32:40Z,"Buon ritorno in serie B , piccoli tifosi ......


FORZA SAMPDORIA",0
2012-09-17T17:26:06Z,Si su Fifa 13 fai la Champions ahahahahahah,1
2012-09-17T13:45:46Z,"Sebastiani si e'  voluto mettere i soldi in tasca subito di verratti quando la Juve gli offriva di farlo rimanere 1 anno a Pescara,mah",0
2012-09-17T13:22:55Z,"la salvezza? noi quest'anno facciamo la champions league,è appena iniziato il campionato e giocatori si stanno ancora conoscendo,abbiamo preso 2 traverse,abbiamo giocato alla porta del catenaccio di ferrara che ha fatto 4 contropiedi 3 gol,perchè abbiamo terlizzi espulso,e poi ci ha negato un rigore netto l'arbitro,ma che cazzo parlate a fare state muti fate piu bella figura,gente di merda senza onore!",0
2012-09-17T13:17:51Z,veronese è l'ultimo che può parlare con noi ahhahah la barzelletta siete voi noi siamo 3 punti dietro il milan e voi 4 sotto il sassuolo di francesco COGLIONI ve lo siete gia dimenticati di francesco ai play off???? Siete le merde d'italia MUTI>>>>>,0
2012-09-17T13:13:07Z,siamo 3 punti dietro il milan,0
2012-09-17T13:11:24Z,"l'arbitro era contro,il rigore era netto,e poi non ci lamentiamo mai,siamo i piu belli!!!",0
2012-09-17T12:29:07Z,"Like him or not,but Vukušič is the new Pipo Inzaghi!",0
2012-09-17T10:50:28Z,1:04 sinjski dijamant ;)),0
2012-09-17T10:08:42Z,"Kako ih je prepišao i strašno šutirao, nažalost prečka. Pa onaj lob. Slijedeći put će biti više sreće.

Grande Ante, 2 cross-bars, next time he will be luckiest. He is always in chance, just like in Croatia. That means he will dominate just like in Croatia. New big man in Italian football. I would like him to play in Roma and than Juve or Milan.",0
2012-09-17T09:23:32Z,Tranquillo che se giocate di sto passo ci giocate poi voi a Cittadella e Lanciano ahahahaha,0
2012-09-16T22:01:07Z,forza pescara desde colombia,1
2012-09-16T21:44:58Z,"Pescaresi non potete pretendere la salvezza in serie A senza Immobile, Verratti, Insigne e Zeman...CIAO! E GRAZIE X QUESTI 3 PUNTI!!!
",0
2012-09-16T21:04:18Z,"L'anno scorso eravate in b, ma molto piú forti di diverse squadre di A, quest'anno in A, ma molto piú scarsi di diverse squadre di b. Buon ritorno giú, credo che quest'anno non vi vedró festeggiare nulla in casa nostra.",0
2012-09-16T20:40:12Z,si si sempre fieri e orgogliosi di avere gli arbitri contro e la sfortuna F O R Z A - P E S C A R A ,0
2012-09-16T20:20:59Z,"questa squadra e' stata preparata per la promozione,fuori subito stroppa,sebastiani sei troppo giovane....dovevi capirlo prima.....evitiamo le figuracce.....forza pescara",0
2012-09-16T19:35:36Z,novara bis?,0
2013-03-11T13:04:22Z,Peccato che con la Reggina abbia giocato da schifo :),0
2012-09-04T21:33:51Z,Piccola svista... Grazie!,0
2012-09-01T23:43:57Z,"oh ma che lane!!! dai vicenza…

grazie per il video fresco fresco!",0
