publish_date,title,view_count
2012-12-09T13:12:03Z,"Di Matteo, Cristallini e Pinsoglio dopo Vicenza-Livorno",527
2012-09-15T17:37:45Z,Vicenza 2-3 Verona: l&#39;1-2 di Cacia,543
2013-04-20T16:19:02Z,Serie B Win 2012-2013 - 38ª giornata - Vicenza vs Pro Vercelli (gara integrale 20.04.2013),1015
2012-11-03T17:15:08Z,Serie B Win 2012-2013 - 13ª giornata: Vicenza vs Lanciano (gara integrale 03.11.2012),1841
2012-12-23T16:41:34Z,Serie B Win 2012-2013 - 20ª giornata: Vicenza vs Modena (23.12.2012 gara integrale),950
2013-05-04T17:41:51Z,Serie B Win 2012-2013 - 40ª giornata - Vicenza vs Empoli (gara integrale 04.05.2013),5234
2013-04-21T04:27:24Z,Serie B Win 2012-2013 - 38ª giornata - Vicenza vs Pro Vercelli (20.04.2013),1314
2012-11-17T20:07:36Z,Serie B Win 2012-2013 - 15ª giornata: Vicenza vs Novara (17.11.2012),2506
2012-10-27T16:28:22Z,Serie B Win 2012-2013 - 11ª giornata: Vicenza vs Crotone (27.10.2012 gara integrale),508
2013-02-24T05:06:42Z,Serie B Win 2012-2013 - 27ª giornata: Vicenza vs Sassuolo (23.02.2013),943
2012-10-29T06:36:47Z,Serie B Win 2012-2013 - 11ª giornata: Vicenza vs Crotone (27.10.2012),642
2012-12-09T07:11:59Z,Serie B Win 2012-2013 - 18ª giornata: Vicenza vs Livorno (08.12.2012),1845
2012-11-17T17:42:20Z,Serie B Win 2012-2013 - 15ª giornata: Vicenza vs Novara (gara integrale 17.11.2012),1578
2013-02-02T11:12:41Z,Cesena - Vicenza 3-1 Highlights,216
2012-12-24T00:46:15Z,Serie B Win 2012-2013 - 20ª giornata: Vicenza vs Modena (23.12.2012),1126
2012-10-15T00:30:44Z,Serie B Win 2012-2013 - 9ª giornata: Vicenza vs Padova (14.10.2012),837
2012-11-03T21:15:45Z,Serie B Win 2012-2013 - 13ª giornata: Vicenza vs Lanciano (03.11.2012),1629
2013-04-27T16:16:28Z,Livorno-Vicenza :azione rigore Dionisi e vantaggio Livorno,216
2013-04-17T00:10:48Z,Serie B Win 2012-2013 - 37ª giornata - Vicenza vs Ascoli,5834
2012-12-16T04:59:01Z,Empoli 2-0 Vicenza 15/12/2012 2012-13 - 19°,663
2012-09-16T17:15:22Z,PESCARA - SAMPDORIA 2:3,72599
2013-03-11T01:02:48Z,Highlights parate Fiorillo,2148
2012-09-01T22:54:18Z,Serie B Win 2012-2012: 2ª giornata - Vicenza vs Cesena (01.09.2012),3718
2012-09-01T17:39:35Z,Juventus 2012 2013,154
2013-04-15T20:10:40Z,CHIEVO VERONA - NAPOLI 2012 2013  -  TIRI DI RISCALDAMENTO NAPOLI,200
2013-01-04T21:38:12Z,"FC Cinghios - FIFA 13 Pro Club - Angolo battuto da Devuccia, papera del portiere e GOOOLLL!!!!!",169
2013-04-14T21:47:10Z,Intervista a Ogbonna dopo Toro-Roma 14.04.2013,655
2013-05-04T17:28:29Z,Tiziano Cunico e Paolo Cristallini dopo Vicenza-Empoli,1243
