published-time,comment,likes
2013-07-18T14:51:29Z,... non andate ???  ma le brigate sono sciolte da anni ... parliamo di fatti degli anni 80 e quelli che erano veramente delle brigate come me ora hanno tutti tra i 45 ed i 55 anni ... io ne ho 49,0
2013-07-14T17:18:12Z,"milanesi vermi infami, antonio vive.",1
2013-07-14T14:12:06Z,"Non generalizzare, quelli non sono tifosi. Inoltre quando c'è Roma - Lazio che casini ci sono ogni anno?",3
2013-07-11T20:20:00Z,",,, mi piacerebbe sapere chi sei tu .... probabilmente nessuno .... dei vecchi dei commandos ... che erano quasi tutti miei amici nessuno avrebbe fatto un commento del genere ",0
2013-07-02T09:35:25Z,se vai a roma ti prendi le coltellate di routine...E questi erano solo conigli infami esaltati...  gente che si trova ovunque... rip antonio,0
2013-06-16T19:53:26Z,anche perchè in passato i romanisti arrivavano presto al nostro bar per provocare ,0
2013-06-16T19:52:09Z,io quella domenica c'ero ... ero delle brigate rossonere e credo che prima di parlare si dovrebbe sapere come si sono svolti i fatti ,0
2013-06-12T11:40:43Z,io abolirei i commenti su you tube e su facebook... troppi tastieristi!,1
2013-06-08T18:57:22Z,"""Certe cose passano"" COR CAZZO...I fatti di Milano non li dimentichiamo.",14
2013-06-05T12:49:40Z,30 persone contro un ragazzino di 19 anni......... SOLO UN MILANESE è TALMENTE CODARDO DA FARE COSE SIMILI ! ROSSONERO CONIGLIO !,4
2013-06-04T16:25:29Z,"ROMA NON DIMENTICA !! 
ROSSONERO VERME",1
2013-06-04T11:29:30Z,Giocare a fare l'ultras devi stare attento,0
2013-06-04T11:29:06Z,Rispetto per chi non c'è più... De falchi era nel posto sbagliato al momento sbagliato... Ma voglio a dire a chi ci da sempre degli infami che se vai a Roma prendi delle gran coltellate quindi se vuoi,1
2013-06-03T15:21:23Z,"Viola lo aveva detto ma qua adesso nessuno ha mai fatto nulla
",3
2013-06-01T00:34:52Z,"Rapine scippi quel tempo  ne facevano Romanisti ,Laziali,Napoletani... un po` tutte le tifoserie , il problema e` che e` capitato nel punto sbagliato nel momento sbagliato sotto uno stadio in trasferta , e poi si sa` che quando si va in trasferta  bisogna rimanere compatti specie in certe trasferte e specie negli anni 80 , ci fu` un po` di ingenuita da parte dei 4 romanisti quel giorno, comunque massimo rispetto. Curva nord Lazio",5
2013-05-31T23:08:53Z,"Veramente è stato il Gruppo Brasato che stava facendo una ronda  intorno a San Siro perchè i romanisti di quei tempi facevano rapine e scippi, non avevano sciarpe antonio e i suoi ma un uomo gli chiese l'ora e inevitabilmente gli sfuggì l'accento romano...",3
2013-05-31T20:01:37Z,"Rispetto per de falchi ma fu` infarto non omicidio , e poi i suoi amici lo anno lasciato li per terra agonizzante , purtroppo conosco quel punto dove passo` il povero De falchi ed e` vicinissimo al punto dove le Brigate rosso nere si radunavano quel tempo , magari certi punti de san siro quei tempi era meglio evitarli con le sciarpette al collo cone aveva de falchi i suoi amici .",0
2013-02-04T13:06:24Z,milanesi vermi infami,4
2012-09-23T21:44:10Z,VAI PEPPE DI COSTANZO !,0
2012-08-22T21:45:08Z,davvero ,0
2012-08-22T13:37:55Z,L'unica pena congrua è la radiazione,0
2012-08-22T12:23:18Z,e' di oggi l'assoluzione di bonucci e pepe e la condanna a 10 mesi di conte..che figli di puttana!!!! hanno assolto masiello UNO CHE HA AMMESSO DI AVER FATTO UN AUTOGOL IN LECCE-BARI O BARI LECCE NON CANBIA UN CAZZO OK? E ASSOLTO ALTRI 27 INDAGATI PER CALCIOSCOMMESSE E POI CONDANNANO CHI?? L'ALLENATORE DELLA JUVENTUS!!!! AHAHHAAH CHIARA LA COSA NO? COME NEL 2006....... VINCEREMO LO STESSO PEZZI DI MERDA!!!!!!!!! FINO ALLA FINE FORZA JUVENTUS,0
2012-08-22T06:42:41Z,piangi,0
2012-08-11T10:17:06Z,vergogna,0
2012-08-30T12:41:52Z,"name of first song please :) ? 
",0
2013-07-31T17:49:01Z,Vai Manu torna presto a Napoli,0
2013-01-07T19:32:18Z,"ricordo perfettamente questa amichevole estiva terminata 1-0 per la reggiana, bei tempi del calcio",0
