publish_date,title,view_count
2012-08-30T09:24:54Z,grande parata a calcetto,38
2013-03-08T17:59:13Z,Milan-Reggiana 0-1 stagione 93-94,15321
2013-07-11T10:58:27Z,"Serie A 1993 1994, day 32 Lecce   Reggiana 2 4 M Esposito goal)",26
2013-07-16T11:48:09Z,Serie A 1993/1994: Best Goals (match days 30-34),1002
2012-09-16T17:38:59Z,INTERVISTA ESPOSITO,269
2013-05-30T14:58:23Z,Punto Sport - 20/05/2013 - 32^ puntata - 1^ parte,160
2013-04-01T23:29:43Z,CAMPIONI d&#39; ITALIA : Lemma - Pugliese - Esposito - Prisma - Montorfano - Diop - Bonomo 30/3/13,564
2013-05-30T16:08:08Z,Punto Sport - 20/05/2013 - 32^ puntata - 2^ parte,127
2012-11-02T02:23:35Z,Torneo Scampia Nel Cuore Atto III - Real P.T Vs Real Monterosa,151
2012-12-02T21:59:41Z,"La morte di Antonio De Falchi, giovane tifoso romanista, prima di Milan-Roma del 4 giugno 1989",119172
2013-03-31T23:05:53Z,A.S.D. Borgaro  -  B.V Borussia D.,738
2013-05-11T01:50:54Z,Torneo Scampia Nel Cuore Serie A - Miami Vice Vs Fc.Porto Girone D&#39;Andata,125
2013-06-01T15:40:20Z,"Serie A 1993-1994, day 17 Reggiana - Milan 0-1 (Desailly goal)",1643
2012-10-29T21:33:49Z,Atletico Casalnuovo  vs  Florigium  3-2,1204
2012-11-26T19:13:17Z,D10S CUP GIORNATA 6 PRORASO VS PURTUALL + LUIGI ESPOSITO UOMO PARTITA,22
2012-11-10T01:32:05Z,Torneo Scampia Nel Cuore Atto III - &quot;Real Monterosa Vs Us Cianfa&quot;,228
2013-07-11T12:11:26Z,"Serie A 1993-1994, day 33 Reggiana - Sampdoria 1-1 (N.Amoruso goal)",96
2013-04-18T16:57:50Z,Torneo Scampia Nel Cuore Atto IV Serie A - Borussia D. Vs Miami Vice Girone D&#39;andata,116
2013-04-28T23:15:52Z,Torneo Scampia Nel Cuore IV Serie A - Miami Vice Vs Real 167 Girone D&#39;Andata,140
2012-08-06T12:19:24Z,Backstage video Eretum.mp4,266
2013-07-26T08:17:05Z,Presentazione Jesina Calcio 2013/2014,406
2013-03-26T14:12:34Z,Campionato 2012-13 Lega Pro Prima Divisione Girone B - Us Latina Calcio-Ac Prato 1-1.mov,13569
2012-09-28T13:12:36Z,New Team - San Pelino,206
2012-09-23T20:46:32Z,A. Casalnuovo  vs  Marcianise  2-5,1997
2012-12-09T19:05:07Z,INTERVISTA CORSALE,461
2013-03-03T21:24:14Z,Serie B Brescia Sassuolo p1,25
2013-07-11T11:13:06Z,"Serie A 1993 1994, day 32 Lecce   Reggiana 2 4 Sgarbossa goal)",60
2012-10-28T22:20:18Z,2° GOAL DI FABIO PIROLI in Chisola - BUSCACALCIO1920 2-5 ( ECCELLENZA PIEMONTE ),415
2013-07-02T20:12:33Z,Lazio Campione d&#39;Italia 1999/2000 - Radiocronaca di Riccardo Cucchi &amp; Bruno Gentili (14 Maggio 2000),14663
2012-08-28T00:17:34Z,Grosseto 1-1 Novara 25/08/2012 2012-13 - 1°,1507
2013-07-11T11:03:46Z,"Serie A 1993 1994, day 32 Lecce   Reggiana 2 4 Mateut goal)",55
2013-05-07T06:15:45Z,"Psg, Leonardo spinge l&#39;arbitro negli spogliatoi: alta tensione a Parigi (Video)",4802
2013-03-10T12:00:50Z,Ibrahimovic frecciata ai tifosi PSG: &quot;Fischiano? Ma se prima non avevano niente...&quot;,288
2012-12-18T16:36:47Z,12/13 - 10.Vicus Ronciglione-Tre Croci 2-5 Gol dell&#39;1-5,61
2012-11-20T18:47:30Z,Golasso di de Baronio,414
2013-06-16T18:18:16Z,"Serie A 1993-1994, day 18 Reggiana - Inter 1-0 (Scienza goal)",226
2013-05-11T13:29:47Z,"Serie A 1993-1994, day 11 Torino - Reggiana 2-0 (Silenzi 1st goal)",152
2013-07-11T10:50:54Z,"Serie A 1993 1994, day 32 Lecce   Reggiana 2 4 Baldieri goal)",22
2013-03-04T08:51:18Z,Pulcini 2003: Città di Rivoli - JStar 1-3 (Terzo tempo),320
2013-02-13T12:05:55Z,"Perugia calcio, Conferenza di Gennaro Esposito del 13-2-2013",541
2013-07-11T11:34:45Z,"Serie A 1993 1994, day 32 Roma   Piacenza 3 1 Rizzitelli goal)",62
2012-11-12T00:30:42Z,Campionato &#39;&#39; PULCINI &#39;&#39;  - LICUSATI - INTERPARROCCHIALE - Licusati 18 Dicembre 2011,203
2013-02-23T16:18:03Z,AMATORI squadra,77
2013-03-02T13:57:04Z,Napoli - Juventus 1-1 Coreografia dei tifosi della Curva B (vesuvio) live dalla Curva A,1033
2013-01-31T19:56:45Z,Serie A Agropoli Lazio vs Sampdoria,247
2012-08-10T14:23:27Z,"Scommesse: Bonucci e Pepe assolti, 10 mesi a Conte. Giù Lecce e Grosseto",700
2012-08-28T05:18:52Z,DVD Andrezinho,3851
2013-07-17T13:10:11Z,"Intervista Emanuele Allegra, Difensore Virtus Entella",1584
2013-01-07T19:10:33Z,Reggiana-Milan 1995,745
2012-10-05T14:55:34Z,Real Marsico-Fiano Romano 3-3,120
