publish_date,title,view_count
2012-10-06T13:50:29Z,Yoric Ravet fantastic goal,10760
2012-09-17T21:28:52Z,Yoric Ravet,590
2012-09-03T23:00:21Z,Ravet,348
2013-02-12T11:00:48Z,Angers SCO - RC Lens (3-2) - Le résumé (SCO - RCL) / 2012-13,18722
2013-03-30T23:00:14Z,Châteauroux - Angers SCO (2-3) - Le résumé (LBC - SCO) / 2012-13,5472
2013-01-12T19:54:44Z,Angers SCO - Clermont Foot (1-2) - Le résumé (SCO - CFA) / 2012-13,2175
2012-10-27T22:00:12Z,Angers SCO - Châteauroux (1-0) - Le résumé (SCO - LBC) / 2012-13,1659
2013-04-13T22:00:15Z,Chamois Niortais - Angers SCO (0-0) - Le résumé (NIORT - SCO) / 2012-13,1372
2013-04-06T22:00:13Z,Angers SCO - FC Nantes (2-0) - Le résumé (SCO - FCN) / 2012-13,15996
2013-04-27T22:00:13Z,Nîmes Olympique - Angers SCO (3-0) - Le résumé (NIMES - SCO) / 2012-13,3982
2013-03-02T23:00:14Z,Le Mans FC - Angers SCO (0-2) - Le résumé (LEMANS - SCO) / 2012-13,6795
2012-10-20T22:00:12Z,Angers SCO - AS Monaco FC (1-2) - Le résumé (SCO - ASM) / 2012-13,7627
2013-03-09T23:00:20Z,Angers SCO - Dijon FCO (3-3) - Le résumé (SCO - DFCO) / 2012-13,7109
2013-04-20T22:00:15Z,Angers SCO - SM Caen (1-1) - Le résumé (SCO - SMC) / 2012-13,5248
2013-05-18T22:00:11Z,Angers SCO - Tours FC (0-1) - Le résumé (SCO - TOURS) / 2012-13,3566
2013-05-25T12:30:27Z,Mag Sport du 25 mai 2013,96
2013-02-09T01:53:53Z,Moreno Costanzo im Interview,136
2012-08-03T19:51:46Z,Exclu pour P²,648
2013-04-30T16:18:34Z,Debrief et Avant Match Angers SCO - Laval,552
2012-11-12T16:44:04Z,GF38 - Moulins 2-2,2502
2013-07-09T22:31:06Z,ASSE - WOLFSBURG: 1-1 (tab 5-4) Résumé complet du match 9 juillet 2013 (Hamouma),4913
2013-03-30T18:42:16Z,Conférence de presse Châteauroux - Angers SCO (2-3) / 2012-13,148
2013-04-18T02:11:52Z,FCZ - GCZ Cuphalbfinal 1:2  Toschütze Hajrovic,324
2012-09-17T21:53:27Z,Greg Malicki,347
2012-10-04T15:56:17Z,3e mi temps El Jadeyaoui,964
2013-06-01T16:55:30Z,John Jeremiah,1453
2012-08-05T06:48:00Z,Clermont Foot 0 - 2 SCO Angers,460
2012-11-13T14:45:34Z,"Schweizer Cup: AC Vallemaggia 0:6 Grasshoppers Zürich (2.Runde, 10.11.2012)",1325
2013-05-19T12:57:42Z,Top 10 Buts du Sco d&#39;Angers Saison 2012-2013,17462
2012-12-27T20:18:26Z,Willian Rocha | WELCOME TO GRASSHOPPERS ZÜRICH!,2755
2013-04-05T22:51:53Z,Olivier Auriac après SCO Nantes,423
2013-05-09T10:12:26Z,Thierry Henry rentre une retouné | New York Red Bulls vs Montreal Impact,1610
2012-11-11T04:19:21Z,Jonathan Junqueira-Class of 2013 Junior/Senior Year Soccer Highlight Reel (Read Description),727
2012-08-15T19:05:53Z,Ligue 1 Top but (1ère journée),4664
2012-09-20T18:00:42Z,Stéphane Moulin avant Ajaccio,358
2012-09-17T22:07:37Z,Cédric Daury,439
2012-09-17T19:01:19Z,Cédric Daury avant Sco le Havre,175
2012-09-17T15:01:47Z,"Schweizer Cup: Vedeggio Calcio 0:5 Grasshoppers Zürich (1. Runde, 16.09.2012)",3342
2012-10-06T13:58:47Z,Angers SCO: Réaction Stéphane Moulin après Dijon FCO,351
2013-04-06T17:51:27Z,Conférence de presse Angers SCO - FC Nantes (2-0) / 2012-13,295
