publish_date,title,view_count
2012-08-27T17:11:34Z,Vincent Manceau,399
2012-10-26T21:44:19Z,Vincent Manceau,406
2013-03-17T14:49:50Z,AS Monaco FC - Angers SCO (2-2) - Le résumé (ASM - SCO) / 2012-13,4613
2012-10-27T22:00:12Z,Angers SCO - Châteauroux (1-0) - Le résumé (SCO - LBC) / 2012-13,1659
2012-11-03T23:58:17Z,FC Nantes - Angers SCO (1-0) - Le résumé (FCN - SCO) / 2012-13,17378
2013-01-12T19:54:44Z,Angers SCO - Clermont Foot (1-2) - Le résumé (SCO - CFA) / 2012-13,2175
2013-04-13T22:00:15Z,Chamois Niortais - Angers SCO (0-0) - Le résumé (NIORT - SCO) / 2012-13,1372
2013-03-02T23:00:14Z,Le Mans FC - Angers SCO (0-2) - Le résumé (LEMANS - SCO) / 2012-13,6795
2013-02-16T23:00:14Z,Havre AC - Angers SCO (2-1) - Le résumé (HAC - SCO) / 2012-13,2916
2013-02-09T21:49:22Z,EA Guingamp - Angers SCO (2-1) - Le résumé (EAG - SCO) / 2012-13,4828
2013-03-09T23:00:20Z,Angers SCO - Dijon FCO (3-3) - Le résumé (SCO - DFCO) / 2012-13,7109
2013-05-04T22:00:10Z,Angers SCO - Stade Lavallois (1-0) - Le résumé (SCO - LAVAL) / 2012-13,4596
2013-05-25T22:00:36Z,CS Sedan - Angers SCO (2-2) - Le résumé (CSSA - SCO) / 2012-13,3902
2013-02-23T23:00:14Z,Angers SCO - GFC Ajaccio (1-0) - Le résumé (SCO - GFCA) / 2012-13,3808
2012-11-08T00:02:26Z,FC Nantes 1-0 Angers 3 /11/2012 Ambiance Tribune Loire. Ola a la beaujoire HD,2563
2013-05-18T22:00:11Z,Angers SCO - Tours FC (0-1) - Le résumé (SCO - TOURS) / 2012-13,3566
2012-10-20T22:00:12Z,Angers SCO - AS Monaco FC (1-2) - Le résumé (SCO - ASM) / 2012-13,7627
2013-02-09T18:43:13Z,Conférence de presse EA Guingamp - Angers SCO (2-1) / 2012-13,95
2012-08-27T17:29:23Z,Stéphane Moulin,161
2012-08-28T22:22:50Z,Stéphane Moulin,335
2012-10-26T19:12:49Z,Stéphane Moulin après match,93
