published-time,comment,likes
2013-07-03T10:40:39Z,Grosse faute sur le dernier but !!!!,1
2013-05-16T18:19:43Z,allez le rc Lens,1
2013-03-01T18:20:57Z,Match dans la légende du SCO. Marquer deux buts dans les arrêts de jeu à 10.,4
2013-02-17T21:03:55Z,Mérité ouai,2
2013-02-13T16:21:44Z,Y a pas faute sur le dernier but ?? WTF O_o,1
2013-02-12T19:16:17Z,"les belles actions et les buts sont plus beau pour lens mais le match était à l'avantage du sco donc résultat assez logique quand même.
Allez le sco quand même !!!!!",2
2013-02-12T17:09:04Z,"Sous Sikora, on a appris à jouer, il va maintenant falloir apprendre à tenir un résultat. Encore une défaite, celle de trop pour espérer prétendre à la montée.

Bravo aux joueurs d'Angers qui n'ont rien laché et qui se sont battus jusqu'au bout !",2
2013-02-12T13:48:15Z,N'Diaye a fait plus d'arrêts que Riou ...,1
2013-02-12T13:39:03Z,Le match est voler,1
2013-02-12T12:24:02Z,"il est ou le commentateur 
",1
2013-02-12T11:39:34Z,Ce 3ème but digne d'une équipe de poussin <3,5
2013-04-01T19:52:11Z,Lassana doucoure t ou,0
2013-03-31T18:48:31Z,Angers en ligue 1 ♥,2
2013-02-03T13:09:13Z,"Vive Angers quand Meme !
",0
2013-01-16T14:54:12Z,aller clermont^^,0
2013-01-15T21:27:48Z,"Clermont c'est les meilleurs et puis c'est tout, qu'ils jouent en rose ou rouge, c'est les meilleurs ;)

",0
2013-01-12T23:44:06Z,T'as le seum parce que l'équipe de tours c'est de la merde ;) ,0
2013-02-03T13:12:37Z,"Bravo Angers !
",0
2013-06-07T18:47:16Z,on est trop fort,1
2013-05-17T21:17:07Z,pff ;(,1
2013-05-16T19:58:36Z,ou pas !! mais nantes oui XD,1
2013-04-08T16:55:29Z,Gg Angers,1
2013-04-07T18:19:12Z,"Bref, on est redescendu sur Terre.",1
2013-04-07T17:13:18Z,Le SCO en ligue1 !!!!!,2
2013-04-07T10:56:09Z,"c sur c sur, la victoire n'est pas volé.",1
2013-04-07T10:07:12Z,enfin la victoire  n est pas volé,1
2013-04-07T07:51:45Z,"Déjà qu'on était dégueulasse sur le terrain, il avait pas besoin de mettre un rouge là-dessus, ya absolument rien, il joue la balle. Djilobodji je peut vous dire qu'il en a mis des plus gros à la Beaujoire. Bref on a été nul et l'arbitre ne nous aide pas beaucoup pour notre fin de saison parce qu'on a plus aucun de nos defenseurs centraux.",1
2013-04-07T07:48:09Z,Déjà qu'on était,1
2013-04-06T22:50:20Z,"très bonne perf des Angevin !!! 
",1
2013-05-14T19:40:55Z,Aller Nîmes !!,0
2013-05-03T15:27:55Z,Allez le SCO,0
2013-04-28T15:12:06Z,FC Nantes 3,0
2013-04-28T12:52:06Z,Allez le N.O !,0
2013-04-28T13:08:05Z,Angers soon Ligue 1 ;),1
2013-03-05T00:05:04Z,"jai regarder dans le stade sco avait bcp chance et merci arbitre qui exclu le manceau 
je suis arbitre aussi mais  cet arbitre javais la honte piur lui",1
2013-03-03T20:41:30Z,Bravo le SCO,1
2013-02-03T13:11:11Z,"Allez Angers.
",1
2013-02-03T13:11:00Z,On méritez Mieux.,1
2013-04-26T08:48:14Z,Aller SCO,0
2013-03-16T11:41:33Z,Dijon 3,0
2013-04-25T11:41:46Z,Allez le SCO en route pour la montée,0
2013-04-22T15:30:04Z,Magnifique but angevin !!!,0
2013-04-22T15:16:29Z,"Allez Malherbe !!!!
on croit à la montée !
",0
2013-04-21T11:01:29Z,Allez malherbe,0
2013-05-21T21:10:58Z,merci au sco pour leur superbe saison ,1
2013-05-19T12:53:10Z,"Joli hold-up de Tours , bien joué à eux :)",1
2013-05-19T00:37:21Z,Allez tfc,1
2012-11-16T20:29:26Z,"Match hyper frustrant pour les grenoblois, moi perso j suis dégouté du résultat",0
2012-11-13T13:23:44Z,"merci ;)
",0
2012-11-13T11:43:08Z,Two Steps From Hell Nemesis - Nemesis ,0
2012-11-12T20:29:30Z,musique du début please?,0
2013-07-13T23:21:17Z,Encore une victoire au peno lol sinon cool pour se 1e match,0
2013-06-17T23:03:21Z,"Merci Clément ! Encore une superbe vidéo ;)
",0
2013-05-23T18:47:34Z,Le but de Keseru contre le Gazelec est en 8ieme position,0
2013-05-19T18:31:11Z,"J'ai regarder tout les vidéo de tout les matchs, il y a tellement de beaux but comme celui de Socrier contre Dijon, El Jadeyaoui contre Sedan ou contres Nantes mais j'ai trouvé que celui de Diers contre Laval est important car il a driblé plusieurs joueurs, c'était un derby et cela nous permettais de rester dans la cours et celui de Keseru contre Dijon car la remise d'El Jadeyaoui est sublime !",0
2013-05-19T18:26:43Z,"super vidéo aller le SCO ^^
",0
2013-05-19T17:13:21Z,"j'aurais mis le but de richard Socrier. Le lob face à Dijon à la 92 min. sinon sympa la video.
",0
2013-05-19T16:29:54Z,"Merci pour le compliment, effectivement dommage qu'il n'y a pas la Ligue 1 au bout de tout ses efforts :/ !!",0
2013-05-19T14:46:49Z,"Belle vidéo, Bravo !! Dommage pour le SCO qu'il n'y a pas la ligue 1 derrière cette saison :P
",0
2013-01-17T18:52:52Z,mach wiider mal es beus video plz ich lieb dini videos <3 GCZ,0
2013-01-09T23:37:09Z,"sry IV ist falsch, also eigentlich ist er LV",0
2013-01-03T11:55:01Z,geils Video ;),0
2012-12-31T15:49:55Z,"verteidiger: also IV, kann aber auch als DM spielen.",0
2012-12-30T19:11:49Z,Welche position        Hoooooooppppp GCZ,0
2012-12-30T12:34:54Z,gooooooooooooo gc,0
2012-12-28T01:19:43Z,sehr kopfball stark!,0
2012-12-27T21:32:09Z,Chu cha cha,0
2013-05-22T16:25:48Z,Moin impréssionnant que celle de Zlatan :),0
2013-05-12T16:56:24Z,juninho au corner :),0
2013-05-09T17:09:09Z,"trop fort, mais j'aimerais avoir le titre de la musique qui est archi dar aussi",0
2013-05-09T10:13:25Z,Titi henry <3,0
2013-06-25T00:14:00Z,this kid ever get recruited?,0
2012-11-11T04:46:20Z,beast,0
2013-01-10T23:48:51Z,Wep c un très bon classement,0
2012-11-15T12:39:56Z,hehe merci ;),0
2012-11-14T13:10:32Z,"nur zum sege thegcz4ever du bisch de geilst
",0
2013-04-06T20:47:14Z,Je suis decu de la defaite ;(,0
2013-04-06T18:46:01Z,"ALLEZ ANGERS SCO
",0
