published-time,comment,likes
2013-05-12T22:49:56Z,^^,0
2013-05-12T17:52:26Z,"First ma gueule
",0
2013-05-20T16:02:07Z,"MERCIII  !!HENGBART <3 AJA <3
",1
2013-05-19T12:09:16Z,Au revoir Hengbart <3 :'(,1
2013-02-24T09:30:46Z,Le but est totalement valable ! C'est ce qu'on appelle se faire voler,1
2013-01-28T13:57:49Z,But de Touzghar Amiens - Lens Septembre 2011 vu de la tribune Nord,1
2012-12-27T19:25:04Z,"J'espère de tout coeur qu'il reviendra l'année prochaine et que le public s'en souviendra, moi en tout cas je l'oublierais pas ;)",1
2012-12-17T23:10:13Z,Fier de toi ange freddy :D Continue comme tu sera un grand,1
2012-12-14T15:00:54Z,"il a eu cette réaction car il a jouer pour le racing et il na pas été conservé alors il a joué a avion 
",1
2012-10-31T15:44:03Z,J'avoue le mec on lui a rien fait le public est fair-play et lui quand il marque il nous humilie. Quelle mentalité de merde ...,1
2013-03-14T19:53:11Z,c'est fait exprès !,1
2013-02-12T18:37:50Z,"C'est quoi cette arbitre sérieux ?!
",1
2013-02-10T08:02:24Z,"Supporter clermontois, mais je dois admettre que je ne comprends pas le penalty...",1
2012-12-12T12:07:43Z,"FFCCCCNNNNAAAA
",1
2012-11-27T11:58:47Z,Superbe but !! bravo ASMFC,0
2013-04-14T18:39:50Z,"HAC !!!
",1
2013-04-14T16:03:10Z,"Expulsion peu évidente, Clermont méritait sans doute mieux. Cela dit le coup franc havrais est magnifique.",0
2013-05-18T15:33:45Z,yep coup franc indirect,0
2013-05-08T23:29:34Z,Il fallait garder keseru,0
2013-05-08T16:09:10Z,"Je félicite clermont pour son anti jeu, je n'ai jamais vu une equipe de foot qui ne veux pas jouer au foot! chateauroux n'est pas mal non plus",0
2013-05-08T15:55:09Z,"un coup franc dans la surface de réparation à moins de 10 mètre du but ?
",0
2013-05-08T13:06:50Z,J'crois pas non,0
2013-05-08T12:08:00Z,"Bah ouais mais ils ont perdu !!!! C'est ballot, cà ... Allez SCO !!!!!",0
2013-05-07T15:56:27Z,J'étais au match en loire je te signal donc avant de parler renseigne toi...,0
2013-05-07T12:19:38Z,Allez les Nantais on vous attend à Caen de pied ferme ! ;) Bonne chance et que le meilleur gagnent ! ,0
2013-05-07T11:21:03Z,Aller Nantes reste 3 journées faut la ligue 1 !,0
2013-05-07T10:43:46Z,"Regarder les stats Nantes a grave dominé ils auraient mérités de gagner --' 

Allez Nantes ! <3",0
2013-04-28T10:41:45Z,"Sur le corner clermont réussit à s'en prendre 1 alors qu'ils sont que 2 attaquants dans la surface, c'est chaud...",0
2013-04-27T22:14:50Z,Gfca !!!,0
2013-03-09T18:44:04Z,":o .Je suis la premiere vue 
",0
2013-04-07T12:02:52Z,Un match splendide avec des perf de gardiens énorme :D,0
2013-04-29T16:34:32Z,"On les voit peut être mais on les entends pas :)
",1
2013-04-24T21:49:05Z,Ah c'est drôle ça! Bouffon,3
2013-04-24T11:13:27Z,C'est le même geste ^^,1
2013-04-23T17:18:48Z,"Moonaaaacoo !
Magnifique Match !",3
2013-04-23T16:46:21Z,Vive ocampos,2
2013-04-23T12:43:57Z,okiiii hala ya de bon joueurs en ligue 2 :),1
2013-04-23T11:55:31Z,3.,0
2013-04-23T11:36:07Z,combien de club vont monter en ligue 1 . et cb vont descendre de ligue 1 a ligue 2 ???,0
2013-04-23T11:05:59Z,Daghe Munegu <3,0
2013-04-23T10:46:06Z,très beau match des monegasque allez bientôt la L1 avec les Nantais !!!,0
2013-04-23T10:06:17Z,Le deuxième but = celui de Thiago Silva sauf que le ballon n'est pas sorti ^^ ,1
