publish_date,title,view_count
2013-07-18T17:26:01Z,Yannis Salibur,12129
2013-01-16T08:52:15Z,But | Football | Academy Futbol | Yannis,6152
2013-05-11T22:00:11Z,Clermont Foot - Châteauroux (1-0) - Le résumé (CFA - LBC) / 2012-13,1655
2013-05-18T22:00:11Z,AJ Auxerre - Clermont Foot (1-1) - Le résumé (AJA - CFA) / 2012-13,2278
2013-02-23T23:00:14Z,Clermont Foot - Dijon FCO (0-0) - Le résumé (CFA - DFCO) / 2012-13,966
2012-10-29T23:32:22Z,RC Lens - Clermont Foot (2-2) - Le résumé (RCL - CFA) / 2012-13,16775
2013-03-30T23:00:14Z,Clermont Foot - RC Lens (1-0) - Le résumé (CFA - RCL) / 2012-13,2730
2012-10-20T22:00:12Z,Clermont Foot - FC Istres (2-1) - Le résumé (CFA - FCIOP) / 2012-13,2971
2013-02-02T23:00:13Z,CS Sedan - Clermont Foot (1-1) - Le résumé (CSSA - CFA) / 2012-13,2108
2013-03-09T23:00:19Z,Clermont Foot - AC Arles Avignon (2-4) - Le résumé (CFA - ACA) / 2012-13,4236
2013-02-09T23:00:28Z,Clermont Foot - Le Mans FC (1-1) - Le résumé (CFA - LEMANS) / 2012-13,1703
2013-05-25T22:00:36Z,Clermont Foot - Chamois Niortais (1-1) - Le résumé (CFA - NIORT) / 2012-13,1784
2012-12-12T08:58:05Z,Clermont Foot - FC Nantes (0-1) - Le résumé (CFA - FCN) / 2012-13,4569
2013-03-02T23:00:14Z,Stade Lavallois - Clermont Foot (1-1) - Le résumé (LAVAL - CFA) / 2012-13,1445
2012-11-03T23:47:57Z,Clermont Foot - EA Guingamp (1-2) - Le résumé (CFA - EAG) / 2012-13,4091
2012-11-27T11:00:17Z,Clermont Foot - AS Monaco FC (0-1) - Le résumé (CFA - ASM) / 2012-13,7298
2013-01-26T23:00:13Z,Clermont Foot - SM Caen (0-0) - Le résumé (CFA - SMC) / 2012-13,1222
2013-03-17T14:47:10Z,FC Istres - Clermont Foot (0-0) - Le résumé (FCIOP - CFA) / 2012-13,1661
2013-04-13T22:00:15Z,Clermont Foot - Havre AC (1-1) - Le résumé (CFA - HAC) / 2012-13,2868
2013-05-07T10:00:27Z,FC Nantes - Clermont Foot (0-1) - Le résumé (FCN - CFA) / 2012-13,8353
2012-11-10T23:00:16Z,Havre AC - Clermont Foot (1-3) - Le résumé (HAC - CFA) / 2012-13,3193
2013-02-02T18:06:53Z,Conférence de presse CS Sedan - Clermont Foot (1-1) / 2012-13,69
2013-04-27T22:00:13Z,Clermont Foot - GFC Ajaccio (0-2) - Le résumé (CFA - GFCA) / 2012-13,3438
2013-02-28T20:13:56Z,RC Lens TV - Salibur empata para o Clermont em falha da defesa,19
2013-03-09T18:38:46Z,Conférence de presse Clermont Foot - AC Arles Avignon (2-4) / 2012-13,112
2013-04-06T22:00:13Z,EA Guingamp - Clermont Foot (0-0) - Le résumé (EAG - CFA) / 2012-13,2101
2013-04-23T10:00:38Z,AS Monaco FC - Clermont Foot (4-0) - Le résumé (ASM - CFA) / 2012-13,21408
2012-10-20T22:31:38Z,Conférence de presse Clermont Foot - FC Istres (2-1) / 2012-13,75
2013-02-18T18:50:12Z,BUT YANIS U9,596
2012-10-06T11:08:29Z,Freekick Session 2 | Freekickspecialists,327
2013-05-27T00:32:09Z,Conférence de presse Valenciennes FC - ESTAC Troyes (2-1) / 2012-13,373
2013-04-10T12:26:07Z,"Les Chroniques de Piazzo Interview Nicolas Benezet (Nîmes, L2)",
