published-time,comment,likes
2013-01-01T02:15:23Z,Welcolm to PSG Nicolas Isimat Mirin. :),0
2012-12-26T10:14:52Z,"Safe pele. Why you welcome him to lfc, he has not been signed its just rumour at the moment. Means nothing until he signs",0
2012-12-18T04:01:22Z,"2:19
",0
2012-12-18T03:58:28Z,welcome to liverpool fc Nicolas Isimat Mirin.,0
2012-11-01T18:58:09Z,"rejoigner ma page fb pour tout les fan du vafc 
",0
2012-09-01T07:31:15Z,malakia..,0
2012-08-31T20:05:39Z,Allez VA !!!!!!!!,0
2012-08-29T10:58:38Z,Ochoa injured in 2nd goal?,0
2012-08-27T16:31:16Z,"tre belle bont kadir 
",0
2013-06-10T17:38:52Z,اتزاقات  المالي فريق عالمي يا جد جامي يخسر  ,0
2013-04-01T18:24:57Z,"entend que je sois grand et vous buteras
",0
2013-03-25T12:11:57Z,الدعوى صعيبة الان  و الله تبقى حاير  الله يجعل الخير ,0
2013-03-24T18:07:07Z,"Super le but d'Abdou Traoré
",0
2013-07-03T09:00:02Z,C'était de l'humour...,1
2013-05-04T10:12:14Z,"Un peu de respect s'il te plait!
Souhaiter une blessure c'est tous simplement stupide et pour tous les gardiens il y a des matchs comme ca a oublier (exemple pour Lloris la claque reçu a domicile par le Bayern Munich 3-0( en ligue des champions et surtout en demi finale ce n'est pas normal)",3
2013-04-30T11:47:58Z,"Une partie de rigolade pour les Guingampais !!!
",3
2013-04-22T16:41:33Z,ca on l'avait remarqué,1
2013-04-22T16:02:04Z,J'espère que le 1er gardien de la géorgie se blessera comme ça on rigolera bien à Géorgie-France !,4
2013-04-21T20:43:35Z,"Allez Guingamp !
Cette année c'est la bonne !!",4
2013-04-21T16:05:01Z,"A la base c'est Janot et il est bléssé.. et dire que pourtant, ce mec c'est quand même le deuxième gardien nationale de Géorgie. Il doivent vraiment avoir peu de choix..",2
2013-04-21T14:47:55Z,On est nul ! Manceau qui parle,2
2013-04-21T13:23:14Z,"Tu as raison il est bidon 
",1
2013-04-21T11:37:32Z,Nan mais franchement le mans faut changer de gardien il est nul celui la ! Il ne bouge même pas !,4
2012-09-13T23:43:33Z,"todo x cambiar a memo
",0
2013-06-02T21:46:59Z,Dijon en jaune ?!?!,1
2013-05-31T09:50:09Z,Trop,1
2013-05-29T16:16:51Z,"Même pour les coupes : Nantes, Rennes, Lorient, Guingamp, Vannes, Brest ... (dites si j'en oublie)",0
2013-05-26T11:26:17Z,Ca va faire de sacrés derbys en ligue 1..,1
2013-05-26T05:27:45Z,C'était dingue au Roudourou!!! EAG<3,3
2013-05-25T22:03:33Z,Bien joué EAG (de la part d'un dijonnais) :D,4
2013-02-06T17:32:58Z,Supper Eagle were born to fly so they must fly,0
2013-05-25T12:06:05Z,On est en ligue 1 ! :D,0
2013-02-20T12:43:32Z,c'est nul c'est match avec que des coup de pied arreté,0
2013-02-20T10:48:07Z,Bravo guingamp ! être à vos côtés pour la montée serait génial =),0
2013-02-19T19:35:37Z,Un tacle c'est plus grave qu'une gifle ? Même devant l'arbitre ? ,0
2013-02-19T19:01:06Z,Ou le rouge ? Et Djordjevic' ? ,0
2013-02-18T11:41:02Z,ligue 1 nous voila !!!!! MERCI GUINGAMP ,0
2013-02-17T08:31:02Z,"Quelle match
Bravo a Guingamp pour le retournement de situation",0
2013-02-17T07:35:53Z,pete les couilles...,0
2013-02-17T07:28:08Z,Manque le rouge sur Imbula et le hors jeu de fauré :),0
2013-02-17T03:35:17Z,...,0
2013-02-16T23:12:01Z,Beau match de la part des 2 équipes ! Allez Guingamp !!,0
2013-02-16T23:07:30Z,"Fait chier...
",0
2013-05-10T14:33:08Z,Guinguamp en ligue 1 ça compense Brest en ligue 2...,1
2013-05-06T19:58:31Z,Samassa va devenir un grand gardien et Guingamp peut devenir une équipe stable de ligue 1 mais avant il faut monter et c'est pas gagné encore ! =) Allez EAG !!,1
2013-05-05T16:40:48Z,"très bien le résumé il y a même pas le deuxième but!
",1
2013-05-05T13:40:02Z,Gros match de samassa dommage pour nous,0
2013-05-04T23:07:12Z,Mdr! Et le but de Imbula???,2
2013-05-04T22:28:03Z,ALLEZ GUINGUAMP !!!,1
2012-08-15T18:44:40Z,FIRST,0
2012-08-26T23:16:05Z,merci kadir continue a marquer plin de but,0
2013-03-20T13:17:47Z,En force EAG ,0
2013-03-18T20:33:01Z,En force SMC,0
2013-03-17T20:47:38Z,Le terrain ok ! Mais aller eag !!,0
2013-03-17T20:30:37Z,"Regardez l'état du terrain, désastreux !!! Et y a de + en + de terrains comme ça, c'est triste et honteux à la fois :(",0
2013-03-17T15:45:26Z,"EAG! <3
",0
2013-04-30T11:45:55Z,"Allez Guingamp
",1
2013-04-28T18:37:37Z,Cst quoi ces stades vides merde,0
2013-04-27T22:35:33Z,fc tstres,1
2012-08-27T19:10:49Z,et dire qu il en fesait tout un fromage sur rmc de son but.......il y a pas de quoi casser deux pattes a un canard,0
2013-04-18T09:13:44Z,allez lensois allez,0
2013-03-19T15:11:33Z,"allez lensois
",0
2012-12-19T16:38:27Z,Allez lens.,0
2012-08-31T13:15:35Z,Why can't we Embed videos!,0
2012-08-31T12:10:05Z,Toutes les vidéos en français sur la page Ligue1fr,0
2012-08-27T02:49:25Z,"Allez OM
",0
2013-05-25T06:31:39Z,"c est parti pour une nouvelle saison de feu
",3
2013-05-19T09:59:36Z,bien jouer guingamp :) allez Nantes,4
2013-05-10T10:58:24Z,Allez Auxerre Gagner contre Guingamp.,0
2013-02-25T13:29:32Z,"Encore pas mal d'erreurs défensives, mais Sorin a assuré. Au vu du match aller où on mène 3-1 pour perdre ensuite 4-3 avec un but hors jeu, le 2-1 avec le penalty assez contestable fait bien plaisir ! ",1
2012-09-02T13:23:48Z,normal il n'est pas francais ( si c'est ce que tu voulais ),0
2012-08-31T06:45:48Z,T'as vu aussi le racisme? ils ont même pas parlé de Fukushima... Putain de racisme anti-japonais... c'est toujours pareil!,0
2013-05-06T09:29:49Z,"venez voir les vidéos de melvilr
",1
2013-05-03T16:18:28Z,"sauf ke zlatan parle pas francais --'
",3
2013-04-06T06:20:39Z,Trois bien mec,2
2012-09-20T17:29:26Z,"3:49 , pardon",1
2012-09-20T17:29:03Z,"3:53 , on dirait que le ballon a frappé la transversale",1
2012-09-03T13:47:57Z,Et le magnifique 2ème but de Nice on se le met au cul ?,0
2012-09-02T19:13:19Z,tageul aller l om,0
2012-09-02T18:02:46Z,Mdr mon gars vous êtes 15éme de quoi tu parles nous on est premier on dit rien on reste digne allez vous jetez les parisiens de merde sa parle sa parle mais on vois rien avec vos misérable 3 point ! mdr zlatan qui vous a coutez j'sais pas combien il sert a rien comme touts les autres ...,0
2012-09-01T14:22:29Z,MDR ! Gignac a marqué autant de buts qu'Ibrahimovic !,1
2012-09-01T09:26:58Z,apprends a écrire,0
2012-08-31T15:24:47Z,nul,0
2012-08-30T22:36:28Z,"Tu passes tes journées à commenter des vidéos en disant ""ici c pari poto"" ou ""paris é magik"" hahahahahaha",0
2012-08-30T22:33:49Z,pourquoi nique l'om ? un vrai lillois n'a pas une mentalité de merde comme ça,0
2012-08-30T19:03:55Z,Vas voir sur la chaine y'as le résumé de tous les matchs en détail ;) ,1
2012-08-30T17:21:09Z,lille om lion sa vo rien cé dé club en oib ici cé paris poto paris zlatan son magik,0
2012-08-30T17:04:58Z,nique l'om allez lille,0
2012-08-30T16:45:02Z,ALLER l OM ,0
2012-08-30T04:13:51Z,L'OM LES WINNER !!!! haha commando ultra 84 ,0
2012-08-29T19:14:23Z,Ton commentaire est d'une absurdité incroyable !,0
2012-08-29T18:30:12Z,"Alors l'asse c'est un club bizzard y perdent puis la tranquille y gagne 4-0.
alors que d'habitude c'est 1-0 ou 1-1.... c'est tout
",0
2012-08-29T11:58:43Z,"tu parle commee si tu joué a leur place
",0
2012-08-29T11:58:00Z,u_u,0
2012-08-29T11:56:38Z,"psg 12 emme mdr
",0
2012-08-29T01:29:22Z,mdr ta gueule Paris sa pue ils ont beau avoirs des milliards sa reste des chervres ptet qu'en D2 ils seraient plus a leurs place !! PDSG wé 12 eme mon gars et sa va degringolé comme sa ne les compare pas a club a manchester city stp lls n'en valent même pas le millième,1
2012-08-28T21:20:19Z,"Ouais enfin , c'est le début de championnat hein ...",1
2012-08-28T15:11:41Z,"Oui, il à déjà fait un super match contre brest, il va monter en puissance comme la saison dernière",1
2012-08-28T14:47:00Z,Vos pronostic pour la 4éme journée ?,1
2012-08-28T14:32:24Z,"L' OM seul leader du championnat alors que Paris est a la traine
",0
2012-08-28T13:15:13Z,je dirais surtout attendez que Paris gagne 1 match =P,0
2012-08-28T13:12:40Z,gro jalou ici c paris poto paris é zlatan son magik on sera champion c sur atendé un peu kon soi en forme,1
2012-08-28T13:10:55Z,bien di poto ici c paris on va gagneré le championa paris é zlatan son magik,1
2012-08-28T11:07:28Z,"pourquois vous ouvrez vos bouches on est a la 3 eme journee de championnat on a largent certe mais  le jeu en equipes est en construction et quand paris va comencer a maitre des voler sur des club de ligue 1 on va plus vous voir critiquer le psg sur 3 generation donc areter les haineux et aller paris !!
",0
2012-08-27T22:13:54Z,c'est chiant plutôt que de montrer des buts on nous montre le PSG qui se ridiculise en ne gagnant pas  ,0
2012-08-27T20:56:30Z,"Ouais merci, de même",1
2012-08-27T20:13:35Z,Ah lol ,0
2012-08-27T20:06:42Z,"en fait pour trouver le resume il faut chercher dans les autres videos ^^
merci quand meme",1
2012-08-27T20:00:36Z,"Franchement superbe equipe cette saison st etienne, ruffier, zouma, lemoine, hamouma, aubameyang, brandao alonso sako, pour ne citer que les meilleurs",1
2012-08-27T19:58:41Z,"A croire que le psg est plus plébiscité que valenciennes ^^
Non mais je te mets pouce vert je suis tout à fait d'accord, ce qu'on veut voir avant tout c'est du spectacle et éviter un maximum le favoritisme",0
2012-08-27T19:57:44Z,"trop puissant  OM
",1
2012-08-27T19:57:28Z,"goooal!!!!!!
",1
2012-08-27T19:54:20Z,vive st et! je suis trop fier d'etre stephanois <3,1
2012-08-27T17:49:02Z,ils ont montrer les 3 quarts des matchs alors pourquoi tu te pleind de paris ! ,0
2012-08-27T16:30:08Z,Pas grave..,1
2012-08-27T16:16:54Z,il été pas fameux a Paris,0
2012-08-27T16:00:16Z,"paris c comme tout leurs matches c tos des nuls
alez l om !!!!!! ",0
2012-08-27T14:56:53Z,Landreau énorme ancien Parisien <3,1
2012-08-27T14:54:42Z,Ta qua faire ta vidéo toi même ^^,1
2012-08-27T14:40:46Z,Les résumé sont bons mais il manque à chaque fois un match ...,0
2012-08-27T14:32:15Z,Merci d'avoir montré les buts de VALENCIENNES !!!!! Surtout quand il y en a 3 !!! stupide !,0
2012-08-27T13:32:45Z,"Ouais enfin ça va, il a montré 25 secondes du PSG... Peu importe la période, c'est à la mode d'être anti-PSG !",0
2012-08-27T12:56:13Z,Gignac loupe sa glissade quand il marque ;),1
2012-08-27T12:23:27Z,merci a toi ^^,1
2012-08-27T12:19:39Z,et en fait le prochain match c'est Lyon VAFC !!! Bon match en avance alors,1
2012-08-27T12:06:26Z,Ya pas de mal,1
2012-08-27T12:00:01Z,"ok DSL j'ai trouvé le résumé avec VA Ajaccio , il faut chercher dans les dernière vidéo
Encore DSL",1
2012-08-27T11:56:53Z,"Je suis supporter lyonnais mais c'est pas grave, je déteste Paris donc dis surtout pas ça",0
2012-08-27T11:53:22Z,"Il est nul leur résumé, il y a même pas tous les buts et il y a pas même pas tous les matchs (il manque Troyes-Lorient, Valenciennes-Ajaccio) à la place il nous montre les cartons rouges de la journée. Super intéressant :(",1
2012-08-27T11:51:05Z,ALLEZ VA moi je dis,1
2012-08-27T11:50:28Z,tu es juste un supporter parisien !,1
2012-08-27T11:16:57Z,tu as réson aller l om ,1
2012-08-27T11:15:33Z,"c'est un résumé, ou c'est les plus belles actions?
",1
2012-08-27T09:54:48Z,"Continuez comme ça l'OM!

",1
2012-08-27T09:33:54Z,"et valenciennes ???
",1
2012-08-27T07:52:31Z,"Valenciennes 3 Ajaccio 0 et il ne le montre même pas O_o , il préfère montrer leur PSG qui n'arrive même pas a gagner , c'est ce que j'appelle du favoritisme !",0
2012-08-27T07:47:12Z,le psg vas avoir du mal a démarrée sa va faire comme avec Man city ou il leur a fallu quand même 1 ou 2 saison avant d’être champion d’Angleterre des pétrodollar,0
2012-08-27T07:32:11Z,Om,0
2012-08-27T07:17:25Z,"il les mé dans l'ordre qui veut les match puis si t'es pas content personne te retiens
C fou ya toujour un mec pour critiqué le travail des autre mais ca va jamais les qualité mais que les defaut ",0
2012-08-27T05:27:51Z,un bon résumé,1
2012-08-27T00:54:07Z,Supers tes résumés continue comme ça,2
2012-08-27T00:18:04Z,tu fais du bon boulot continue,1
2013-06-17T21:06:31Z,"Pour être aller au stade ce jour la, de la folie, mémorable !! ",1
2013-03-31T20:17:39Z,Wouhhhhh ! Frissons...,0
2013-04-28T08:42:02Z,"O.K Je soutient notre anciens gardien mais il mérite pas que l'on disent que c'est une passoire^^.
Je m'en fou que Guimgamp est gagné contre Caen ^^ T'en mieux pour vous ... Après on verra a la fin de la saison c'est sur que guimgamp est mieux que Caen en ce moment, mais c'est qui qui a allé Gagner 3-0 Face au 1er,Monaco ? Eh bah c'est Caen ^^",0
2013-04-27T17:15:46Z,1: Tu dis ça parce que Planté à joué a Caen et 2:Tu rage parce que guimgamp à battu caen,0
2013-04-27T17:14:15Z,"Oui mais à Caen...
",0
2013-04-17T13:29:27Z,"gt ramasseur de balle mais en 2 eme periode c plante ds les buts de eag samassa c blessé en fin de 1ere periode
",0
2013-04-15T06:59:59Z,"Planté un passoire ? 1: c'est votre problème d'avoir de ''mauvais goal'' 2: planté ne peut absolument rien faire sur le 1er but et sur le second il aurait peut être pu faire un ptit truc mais au vue de la puissance de la frappe ^^
Guingamp a Perdu et puis c'est tout --'
ALLEZ MALHERBE ! (et a Caen Planté avait fait d’énorme arrêts !)",0
2013-04-14T15:09:27Z,"N'importe quoi les commentaires! Sur le 1er but, c'est Planté, et non pas Samassa qui est dans les cages, et sur la dernière action, ce n'est pas Yatabaré, étant donné que c'est une action tourangelle...",0
2013-04-13T22:22:37Z,C'est Kouakou et non Yatabaré !,1
2013-03-23T15:48:41Z,allez laval!! TRES BON MATCH!!,2
2013-03-23T15:47:08Z,allez laval!! TRES BON MATCH!!,1
2012-08-27T11:38:12Z,cross cum shot LOL,0
2012-08-27T10:58:22Z,0:58 his cross cum shot :S,0
2013-02-07T23:01:05Z,il est moche ce but normal parce seul zlatan marque des beaux buts,0
2013-02-06T07:25:50Z,javou xD ils me tuent ces supporteurs ils vont porter plainte contre leur propres supporteurs si sa continu,0
2013-02-05T21:33:56Z,J'ai rarement vu autant d'ambiance pour un match du PSG à l’extérieur depuis pas mal de saisons. Toulouse a l'air heureux de prendre des buts :p,0
2013-02-05T21:22:01Z,"Haha a la fin tu entends ""Et 1, et 2, et 3/0"" :D",0
2013-07-28T10:05:05Z,yatabaré ne c'est pas offére un triplé mais un quadruplé,0
2013-07-11T13:45:00Z,"les buts ne sont pas exceptionnels que des erreurs defensives
",12
2013-06-23T08:16:04Z,Avec falcao o revoir Guingamp Nantes evian  paris von tou niker,0
2013-05-21T07:13:57Z,5 Hors Jeu sur tout les buts XD,0
2013-05-19T19:23:38Z,"moi jai deja acompagnez les joueur de guingamp moi jetait avec fathi atik
",0
2013-05-19T19:21:49Z,il ont merriter la victoir allez guingamp en ligue 1 vive les guingampai allez guingamp son a la 3 place du classemen,0
2013-05-18T21:18:31Z,je suis angevin et jai pas trouver sa truquer en voyant le score mais en ayant vu les buts on se doute si les defenseurs lencois font expres ou pas,0
2013-05-18T15:05:30Z,"truquer peut etre quand on voit toutes les fautes techiques commises dans le match par lens
",0
2013-05-18T06:00:06Z,non lens sont juste des merde (Allez Lille),0
2013-05-17T19:21:29Z,noooon !!!! le retour de Casillas !,0
2013-05-17T16:17:51Z,lille n'a rien à voir dans ce match ,0
2013-05-15T13:33:23Z,normalement je suis supperter de lens mais la fau avouer il sont nul (j'abite a lievin),0
2013-05-15T13:11:44Z,c est que lens ne sera pas en ligue1,0
2013-05-14T21:16:51Z,"Lens a pris cher, je suis désolé les breton mais moi je suis nantais dc Aller NANTES",0
2013-05-14T18:47:48Z,Une Honte pour Lens d'avoir lâché ce match de cet manière ! Honte à vous RCL !,2
2013-05-13T19:07:30Z,"Maroille est à +de 100 km de Lens , rien a voir :')",0
2013-05-13T19:05:47Z,On n'oublie pas vos mauvaise perfomance :) ,0
2013-05-13T17:10:20Z,"1- Ces 200 millions sont une proposition de l'AS Monaco pour ne pas avoir à payer de taxes, comme les autres clubs français le font.
2- Si Le Graet agissait de la sorte, ne penses-tu pas qu'à la place de Paris on aurait l'EAG champion de France, s'appretant à jouer une finale le LDC ? Au lieu de ça Guingamp est descendu en national il y a 2 saisons. A cette époque personne ne criait au complot.",0
2013-05-13T17:04:25Z,"Avoir son ancien président à la tête de la FFF interdit à Guingamp de remonter en ligue 1 ?
Et pour les quelques supp' angevins qui crient au scandale, peut-être auriez-vous gagné au moins un de vos matchs contre Guingamp si vous méritiez tant la montée. Ca n'a pas été le cas...",0
2013-05-13T17:01:37Z,"""Moi je dis ça sent la magouille, Paris avait besoin de 3 points ce week-end et comme par hasard ils ont gagné..."" Pffff
Et NON, Mr Le Graet n'est plus président de Guingamp, ça va faire 3 saisons que c'est Mr Desplat... Tu peux donc être rassuré.
A moins que le fait d'avoir son ancien président à la tête de la FFF interdit à Guingamp de monter en Ligue 1 ?",0
2013-05-13T16:47:17Z,Belle performance de Lens... Allez Lille!!,7
2013-05-13T15:59:09Z,"aller, combien ils ont payer l'arbitre dis moi ;)",0
2013-05-13T11:26:20Z,1:01 Hors jeu.,0
2013-05-13T11:23:22Z,sauf que c'est malherbe qui va gagner,0
2013-05-13T00:35:05Z,MERCI GUINGAMP ,0
2013-05-12T20:39:34Z,Yatabaré tu nous fais rêver !!,2
2013-05-12T20:03:26Z,Match arranger sa se voit ^^,0
2013-05-12T20:02:51Z,Mais n'importe quoi toi >< !,0
2013-05-12T19:17:58Z,Score de fifa quoi,0
2013-05-12T17:40:11Z,A chaque fois la défense joue le hors-jeu mais ils se plantent.,0
2013-05-12T17:02:22Z,Putain avec l'art et la manière .. Bravo les Bretons et allez l'OM ;-),1
2013-05-12T16:37:15Z,Même ma grand mère aurait mieux jouer en défense. On peut tout de même se poser des questions sur ce match.,0
2013-05-12T15:58:20Z,A ouais et Adil c'est Français peut-être ? ,0
2013-05-12T15:48:38Z,Beaucoup trop de noir ds le foot!! On est en France bordel,0
2013-05-12T15:39:23Z,Je crois ke lens devrait aller aprendr a jouer avec des poussins...,0
2013-05-12T15:30:10Z,"Les 200 millions que Le Graet réclame à Monaco, c'est pour acheter d'autres matchs de ce genre en Ligue1?",0
2013-05-12T15:23:48Z,Toi ; tu à Aulas aussi !,0
2013-05-12T14:44:23Z,"le moindre personne qui a joué au foot une fois dans sa vie voit bien que les joueurs ont été achetés !! la placement, les passes, le marquage des Lensois !! tout est louche ... ils n'onr pas été mauvais , ils ont simplement pas joué !! 
il faut maintenant se demander pourquoi  !!!!!!!!!!!!!!!!!!!!!!!!!!!!!!!!!!",0
2013-05-12T14:22:33Z,What the cut ?,0
2013-05-12T14:07:12Z,Franchement si RC LENS veux redevenir le premier club du nord va falloir mettre les bouchés double là...ils ont un très bon centre de formation et ils ne profitent pas de cette richesse c'est dommage...Aller Lille :p,0
2013-05-12T13:41:55Z,c'est des bites abuser surtout le gardien..,0
2013-05-12T12:18:23Z,ALLEZ NANTES !!!!,0
2013-05-12T10:21:49Z,C'est ce qui s'appelle: PRENDRE UNE BRANLEE MONUMENTALE !,0
2013-05-12T10:12:02Z,"Aucun respect pour leur propre conscience ces pauvres lensois .. Pas de repli défensif, pas de dissuasion.. Pas le visage d'une grande équipe tout simplement !",0
2013-05-12T09:58:12Z,"Non mais le match est truqué, une équipe peut pas être aussi nul sans le faire exprès --' (Lens)",0
2013-05-12T09:55:37Z,Allez Guingamp !,0
2013-05-12T09:43:41Z,"allez pleuré ailleurs les angevins !!
",0
2013-05-12T08:07:04Z,Allez Guingamp !!!!,0
2013-05-11T23:57:48Z,Guingamps 4ever,0
2013-05-11T23:22:21Z,tu parles de ville de paysans mais ça remonte à quand la dernière fois que vous avez gagné la coupe de france? Voila. Nous l'en avant de guingamp nous l'a ramené en 2009. Vous parlez de frique mais je pense que si guingamps aurait du frique ils le garderont pour acheter d'autre joueur. Aller KISS KISS gros rageux va. EAG bientôt à nous la ligue 1. ♥♥♥,0
2013-05-11T23:13:22Z,"oui c'est vrai mais est-ce qu'on peut dire que c'est comparable à un 7-0 où on voit bien l'équipe de Lens laissait de grands espaces (ce que n'est pas tout le temps le cas), abandonné des joueurs et faire des fautes qu'ils n'ont jamais fait (exemple : le gardien qui fait n'importe quoi) et ça durant TOUT le match ? Non je ne crois pas. Après j'ai peut-être tord et vous raison mais ça n'empêche pas que je suis supporter d'Angers SCO :p",0
2013-05-11T23:11:45Z,"Mais oui, c'est bien pour ça qu'on a fait l’ascenseur en national et que l'on poirote en ligue 2 depuis plusieurs années, tout à fait logique. 

Je pense seulement que tu reste un simple footix jaloux. 
J'aimerais seulement savoir si tu a vu les match de EAG ? (enfin à part les 2 match gagné contre Angers bien sur...)
Tu verrais alors que l'on n'a pas besoin de cela.

Et oui, les paysans sont de retour.
/watch?v=aVjxuf2JYrs
(Drogba et malouda, les Paysans sont de retour)",0
2013-05-11T23:01:14Z,"ouais,on leur a offert des gonzesses !",0
2013-05-11T23:00:59Z,"euh,gervais n'a plus rien à voir avec lens.
",0
2013-05-11T23:00:25Z,le angers- lens du mois dernier ou lens mène 2-1 à la 90eme et perds 3-2 est bien plus sceptique.,1
2013-05-11T22:52:59Z,"LOOOOL, c'est bon assume que EAG est obligé de mettre la main au portefeuille pour passer en ligue 1 ^^ L'équipe vaut rien sans le frique. Les Angevins se démerdent, il lâche jamais l'affaire et c'est pour ça qu'il marque tout de même, si vraiment y'avait de l'argent que se serait transmis, angers aurait gagné tout leurs match et non fait des matchs nuls -_- aller retourne traire des vaches dans ta ville de paysan",0
2013-05-11T22:44:06Z,"Ohhh le méchant ""Le Great"" ! Apparemment il même payé Angers et Caen pour les 12 points pris cette saison...
Avant de nous regarder, gagné vos matchs avant tout...
Une nouvelle loi pour l'année prochaine : ne jamais gagner par plus de 6 buts sous réserve de poursuite judiciaire.",0
2013-05-11T22:39:26Z,Match truqué ... pfff,0
2013-05-11T22:27:04Z,Match truqué ! Merci Le Graet ! Une petite enveloppe a ton ami Gervais et hop ! putain !,0
2012-12-13T12:41:17Z,ACA ALLEZ !!!!,0
2013-03-05T13:20:04Z,bordel le but de giresse est magnifique,3
2013-03-03T08:28:45Z,Allez Guingamp !,2
2013-03-03T00:26:00Z,Le gardien Nimois c'est Cyril Mervile pas Ludovic Butelle. --',4
2013-01-31T14:35:23Z,I love bastos,0
2013-01-03T09:30:35Z,le but de nivet est le même que jallet contre la biélorussie,0
2012-12-26T17:05:26Z,"BASTOS ET NIVET
",0
2012-12-25T19:52:19Z,"Et il est oû le but de Barbosa là dedans.
",0
2012-11-05T15:10:38Z,et le but de barbosa compte pour du beurre ?,0
2012-10-26T20:00:48Z,"bastos oui


néry bof


nivet oui


bauthéac non


sidibé non






",0
2012-09-02T16:56:47Z,"Ouaich bien ou bien la capitale, qui n'est même pas foutu de faire vivre son club et qui le vend a des gens qui habitent à 10 000 bornes.
Et après ils achètent des stars, et BOUM comme par magie.....ils font que des match nuls !!! ",0
2012-09-02T16:53:23Z,Yea Bastos !!,0
2012-09-02T01:04:32Z,"Allez l'OM, j'espère que cette année ils joueront un peu plus sérieusement la Coupe de France, histoire de garder le titre du club le plus titré dans cette compétition.",0
2012-09-01T23:46:12Z,"Oui c'est vrai qu'on a eu ZZ, mais on a pas eu Juninho, Benzema, Essien, Abidal, Malouda... et j'en passe, et puis on a aucune ambition dans cette ligue 1,
Moi j'y étais aller ya 3 ans au parc, avant les réformes Leproux et l'ambiance m'avait parue plutot sympa mais je sais que récemment sa a beacoup changer.",0
2012-09-01T23:42:39Z,"C'est un secret de polichinelle que Bernard Tapie avait lâché des mallettes, pour cette ligue des champions, et Lyon c'est 13 ou 14 participations consécutives a cette ligue des champions, plus sept titres de champion de France ce qui est et sera inégalable alors pour moi ce club et le travail de Jean Michel Aulas, reste bien supérieur a l'OM",0
2012-09-01T22:07:35Z,l'om est la seule équipe à avoir une champions league en france!!!!! L'affaire VALENCIENNES n'a rien à voir avec leur saison monstrueuse de 91-93.,0
2012-09-01T22:05:27Z,"ps : l'ambiance du parc est pourrie, je suis brésilien ( je connais les ambiances la bas! ) j'ai été au parc. rien à voir avec les autres stades!!!",0
2012-09-01T22:04:15Z,non t'inquiete pas je te reprennais pas mon pote. C'etait pour que tu saches ce que j'ai répondu au gars. Car j'ai aimé ton commentaire.  Par contre ne sous-estime pas ton équipe car vous aviez quand même eu Zizou !!!!!!,0
2012-09-01T21:56:14Z,"À ce rythme là, Bastos va finir avec tous les plus beaux buts de la saison :D",0
2012-09-01T17:26:18Z,"Incroyable de buts de Bastos a la mode Bastos . Et celui de Nivet magnifique ce centre-tir en transversalle rentrante
",0
2012-08-31T11:13:40Z,"c'est vrais michel bastos est un grand jouer
",0
2012-08-31T11:08:19Z,"ça, beaucoup de gens le savent, bien que je soit a fond avec l'OL !

Bastos est tout de meme un très bon joueur.",0
2012-08-30T20:40:51Z,"Je sais pas si vous avec remarqué mais à 0:45, le gardien se prend une jambe dans les couilles XD. RIP ",0
2012-08-30T19:54:16Z,Je suis pour Paris mais selon moi Bastos < Ibrahimovic,0
2012-08-30T18:02:49Z,"Pourquoi me dis tu sa a moi, je vais dans ton sens et j'essayais a ce footix d'expliquer qu'il pollues l'image du PSG, qui est respectable, Personellement je suis supporter des Girondins de Bordeaux, pour moi le plus grand club français est Lyon et certainement pas l'OM, apres ce n'est que mon avis, mais je ne suis jamais allez au chadron donc pour saint etienne je sais pas, Mais le Parc avant l'ambiance etait pas mal du tout.",0
2012-08-30T12:32:37Z,pouce vert pour toi,0
2012-08-29T20:01:53Z,"Tu ne sais pas écrire tout court,pardon.",0
2012-08-29T20:01:35Z,"Tu est parisiens et tu ne sais pas écrire ibrahimovic,vive les boulet.",0
2012-08-29T19:26:25Z,Et le but de Gignac ? Vous abusez ! Même le but de Cheyrou contre Reims vous l'avez pas mit ! ,0
2012-08-29T19:25:16Z,Non . ,0
2012-08-29T19:11:32Z,"? nul
",0
2012-08-29T17:46:50Z,"Je suis content que Paris ait une grande équipe, mais ce que j'aime pas ces les supporters idiots qui insultent les autres clubs et donne une mauvaise image a ce club.",0
2012-08-29T17:42:42Z,on sen fou mec paris é magik é sera champion,0
2012-08-29T17:41:23Z,nabuse pa tu va tro loin,0
2012-08-29T17:39:25Z,ici cé paris poto je conné listoire du psg é lé joueurs ki on porté le maillot lé omar da fonseca llacer andré luis okocha.... alor le fau parisien tu repassera é pour info gé rien contre lyon ou lom mai leur suporter rabésse paris é son équipe désolé mai sa passe pa avec moi je sui pour le psg é zlatan é pui raf ke tu minsulte moi je sui pa une zoulett paris é magik ,0
2012-08-29T16:51:38Z,"Moi aussi je suis pour Paris, mais toi le vieux mec qui supporte le club depuis qu'il y'a Ibra tu fais cheps à rabaisser les autres club .. t'as quoi contre L'OL ? ils ont dominé la ligue 1 quasiment 10 ans, Marseille ? ils nous ont mis 3-0 l'année dernière, aller dégage faux parisien... J'suis sur que tu connais pas Raï, Weah ou même Susic...",0
2012-08-29T16:44:06Z,Je suis supporter de Paris mais je suis d'accord avec toi... l'image qu'il donne du club... Déjà qu'on est pas super bien vu ni apprécié ,0
2012-08-29T16:20:40Z,"pouce vert pour ceux qui pense que le plus beau but est celui de nivet
",0
2012-08-29T16:11:16Z,je crois que vs oubliez le tfc !,0
2012-08-29T15:53:41Z,"ibrahimovitchdupsg, t'as bientôt fini de te mettre à dos tout le monde? Tu salis l'image de ton propre club en snobant des clubs historiques. Et puis va t'acheter un bescherelle parce que là tu fais peur. En plus, tu sais même pas écrire le nom de ta ""star""... Ibrahimovic ne prend pas de ""t"" banane...",0
2012-08-29T15:03:02Z,suite* Une equipe ne peut pas gagner avec un seul joeur donc si le Staff de Paris concentre tous l'effectif sur Ibra ses sur que sa va etre la cata! tout ceux qui sont d'accord avec moi POUCE vert !!!!!! et ALLLEZ L'ol !!!!!!!!!!,0
2012-08-29T15:01:10Z,MDRRR! vous dites Paris plus grand club de France ? AHAH laissez moi rire vous etes combien déja au classement general ? Bon apres oui ses le debut du championnat ...Mais arretez de croire que vous avez Zlatan Ibrahimovic que vous allez tous gagne -_-' Puis ses qui qui ont domine la ligue pendant 7 ans ?? Lyon peut-etre ?? nan? Et comment L'ol a reussi a dominer la Ligue 1 parce que ont avaient une bonne equipe et puis ses tout (la l'equipe je la trouve moins bonne). suite*,0
2012-08-29T15:01:06Z,"LOOOOOOOOL!!!!!! 
Paris ils arrivent pas a gagné meme avec de grand joueur j'en suis sur ils auraient Messi ou Ronaldo ils sauraient pas quoi en faire alors stp parle pas meme ajaccio ils sont meilleur!!!!!",0
2012-08-29T14:26:35Z,on sen fou man ici cé paris poto le plu gran club de france  cé pa lé zoulou de lom lyon saintétiene lille ou bordeau paris é zlatan son magik,0
2012-08-29T14:24:40Z,on sen tape de lyon saintétiene é lom le plu gran club cé le psg é le plu populère en ce momen ici cé paris poto on va etre champion on a zlatan thiago é lavezzi paris é é restera magik ,0
2012-08-29T14:20:08Z,vous ete dé gro jalous lé mec paris é le plu gran club francais é a une équipe de ouf ki va faire mal mai bon continué de pensé ke cé lyon lille ou lom ki va etre champion mdr ici cé paris poto on é magik,0
2012-08-29T14:15:28Z,on sen fou man de lécriture ici cé paris poto zlatan sera champion du psg paris é magik on va reprendre le titre ki nous appartien,0
2012-08-29T12:34:30Z,"Sa ne sert a rien de discuter avec toi tu as un manque de respect profond pour les autres clubs de Ligue 1 que je trouve idiot, et puis l'année derniere y'en avait des abrutis qui disait la meme chose que toi, résultat c'est Montpelier qui fut champion.",0
2012-08-29T12:33:23Z,"on s'en fout de paris. vous supporter du psg vous etes chiants. Franchement paris est une equipe qui promet.mais vous etes des footix. vous avez un manque d'esprit du fair play. je prefere voir le psg donner du spectacle en finnissant 2 eme que une equipe avec un jeu moche etre champion. PS : A tous les footix du psg: soignez votre complexe d'inferiorité, ceci est le message d'un supporter Lyonnais qui avoue que le plus grand club de france est l'om et la plus belle ambiance est a saint etienne ",0
2012-08-29T12:32:59Z,"on s'en fout de paris. vous supporter du psg vous etes chiants. Franchement paris est une equipe qui promet.mais vous etes des footix. vous avez un manque d'esprit du fair play. je prefere voir le psg donner du spectacle en finnissant 2 eme que une equipe avec un jeu moche etre champion. PS : A tous les footix du psg: soignez votre complexe d'inferiorité, ceci est le message d'un supporter Lyonnais qui avoue que le plus grand club de france est l'om et la plus belle ambiance est a saint etienne ",0
2012-08-29T12:08:07Z,paris va etre le plu gran club français cé notre vrai place atendé ke le psg trouve cé marque sa va faire mal ici cé paris poto pa marseille lyon lille saintétiene ou bordeau cé club la ne vo rien,0
2012-08-29T12:03:28Z,si si ici cé paris poto paris é zlatan son magik,0
2012-08-29T12:02:14Z,paris va etre come le barça réal manu city bayern chelsea une grosse équipr cé sa place on sera champion dé france du psg avec zlatan paris é magik,0
2012-08-29T11:32:32Z,J'ai remarqué que dans description il a oublié d'écrire Buts apres les plus beaux il a oublié d'ecrire buts,0
2012-08-29T10:54:05Z,"Malheuresement ya de grandes chances qu'ils le soient, car ils ont de loin l'effectif le plus pléthorique de la Ligue 1, malheuresement ce club qui est tout a fait respectable et respectueux de tous les autres clubs de Ligue 1, a une image salie par des supporters idiots arrogants comme lui qui donne une image d'un club qui snobe le reste des clubs alors que c'est loin d'être le c",0
2012-08-29T10:06:04Z,ALLER VAFC !! 3 - 0 !! ,0
2012-08-29T08:58:41Z,C'est pas avec votre fric que vous allez devenir champion..,0
2012-08-29T07:51:31Z,"ASSE !!!!!!!!!!!!!!!!!!!!!!!!!!!!!!!!!!!!!!!!!
",0
2012-08-29T02:21:42Z,"Le but de Michel j'appelle sa une BASTOS !
",0
2012-08-28T18:38:38Z,"Le But de Sidibé n'a rien d'extraordinaire, il n'a rien a faire dans le classement !",0
2012-08-28T16:35:40Z,like me ( portuguese championship),0
2012-08-28T15:38:04Z,nul,0
2012-08-28T15:36:27Z,lom va finir derriere le gran psg come lannée derniere sof ke la ya zlatan on sera champion du psg ici cé paris poto,0
2012-08-28T15:34:17Z,vou ete dé gro jalou paris é de retour on va reprendre notre gloire le titre cé pour paris é zlatan car paris é magik pa lé otre club,0
2012-08-28T15:28:30Z,"@ibrahimovitchdupsg,  tu réponds à tes propres commentaires, tout est logique...
Ps: allez l'OM, ils ont pas tous les milliards des Quataris  mais eux ils savent jouer :)
Peace.",0
2012-08-28T15:26:08Z,"Pourri 
Heu paris pardon",0
2012-08-28T15:23:30Z,toi ossi t de la merde mon gar ici c paris poto zlatan champion du psg 2013,0
2012-08-28T15:21:31Z,oui paris é magik meme zlatan ossi on a tou pour champion du psg on sen fou de l ortographe ici c paris poto,0
2012-08-28T14:59:55Z,"Paris est magique ? Dans ce cas, ton orthographe l'est aussi.",0
2012-08-28T13:27:46Z,L'argent ne fait pas tout paris sera peut être champion dans 2 ans quand les joueurs du psg seront jouer ensemble .C'est pas gagner pour paris . ,0
2012-08-28T13:00:42Z,allé paris é zlatan !!! ,0
2012-08-28T11:18:51Z,allez l'ol!!!!!!!!!!!!!!!!!!!!!!!!,0
2012-08-28T11:01:30Z,Issa Nissa ,0
2012-08-28T09:50:36Z,Well it's new -and long awaited- feature. I hope it will be available in every European championship soon!,0
2012-08-28T09:15:40Z,"psg om c'est parreil de la merde
",0
2012-08-28T07:44:00Z,allé paris il fo se reprendre on doi etre champion tou le monde espere ke zlatan sera champion du psg è fuck lom vou rentreré a ligue2 paris é magik,0
2012-08-28T06:18:13Z,Les buts de Bastos et de Nice sont sublimes,0
2012-08-28T00:22:28Z,20 ans ! *,0
2012-08-28T00:22:17Z,Losc ! Sidibé vient d'avoir  ans ! ,0
2012-08-27T21:36:59Z,"Le but de sainte est beau, celui où ça joue en 1 touche, qui est fini par aubameyang. Il est magnifique. Un supporter lyonnais",0
2012-08-27T21:33:50Z,tu sais il y a des hopitales psychiatriques pour des débiles dans ton genre,0
2012-08-27T21:23:33Z,lloris ne peut pas rester a lyon pour sa carriere ...,0
2012-08-27T20:11:51Z,"Aulas, veut vendre Cris,Lloris,Bastos,Gomis, il a rien compris a la vie lui !",0
2012-08-27T17:57:30Z,"Grave, les mecs comme ca sont vrmt des danger, quand meme !",0
2012-08-27T17:48:47Z,"allez pour le 100 eme Jaime
",0
2012-08-27T17:48:21Z,Ah... Les gros cons... Yen a partout !! Je vois pas qu'est ce que fout son commentaire sur cette video.,0
2012-08-27T17:43:26Z,"Moi si j'etais Michel et que je voyais ton com, ca me ferait totalement changer d'avis :p",0
2012-08-27T17:37:42Z,0:20 Wass a faillit perdre son cul,0
2012-08-27T16:20:08Z,"c'est pour ca que beacoup d'enter vous venez en france, mais oui ... pitoyable",0
2012-08-27T15:47:58Z,Marseille 1er <3,0
2012-08-27T15:44:34Z,Ouai et ils aiment tellement leur pays qu'ils ont joué sur leur couleur,0
2012-08-27T15:35:08Z,"Dear French friends, you're very lucky...you can watch all the hightlights of your championship when you want on YouTube. Instead, we Italians cannot do this...but I like so much the Ligue1..it's a very beatiful campionship..so, viva la France
from Italy",0
2012-08-27T15:10:08Z,pourquoi tu es raciste?,0
2012-08-27T15:09:24Z,comment t'es un comique toi !,0
2012-08-27T13:56:18Z,Et celui de Zlatan contre les Girondins ? :okjesors:,0
2012-08-27T13:55:08Z,Ni de marseille ;),0
2012-08-27T12:05:20Z,Mais oui ;)) ,0
2012-08-27T12:04:19Z,C'est une blague le but de Nery ? mdrrr,0
2012-08-27T11:23:03Z,Pouce vert si toi aussi tu ve que bastos reste a lyon <3,0
2012-08-27T10:56:16Z,bastos je t'aime!!!!!!!,0
2012-08-27T10:40:42Z,le bastos qu'il a mis,0
2012-08-27T09:45:06Z,vive Lyon,0
2012-08-27T09:38:27Z,Tkt pas ca va arriver plus vite que tu le crois,0
2012-08-27T09:30:55Z,Tres bon boulot mec :),0
2012-08-27T08:50:49Z,"allez l'om, pour faire mieux que la saison derniere
",0
2012-08-27T08:18:09Z,"Le but de Nivet ♥
Allez l'ESTAC !",0
2012-08-27T08:17:14Z,Le but De M'Vila était super beaux je comprend pas pk tu l'as pas mis :(,0
2012-08-27T08:06:38Z,Bastos : 2 Semaines d'affilées :D,0
2012-08-27T08:06:28Z,"Bastos ne partira pas, c'est officiel. On pourra en plus voir Monzon claquer des pralines avec Lyon... donc je crois que l'on pourra voir Lyon dans ce type de vidéo à chaque journée ^^.",0
2012-08-27T07:22:29Z,"C'est pas un classement, simplement les plus beaux buts mis les uns apres les autres. le but de bastos est autant premier que celui de nice ;)",0
2012-08-27T07:09:34Z,ca c sur c'est des merdes lol ,0
2012-08-27T06:48:59Z,"Bastos mon joueur préféré, j'èspéré qu'il ne parte pas :(",0
2012-08-27T06:24:02Z,Magnifique la contre-attaque de Nice.,0
2012-08-27T01:01:24Z,Pouce vert si tu ne veut pas que bastos parte ( même si sa servira à rien ) !!,0
2012-08-27T00:29:40Z,bon boulot jolie but et surtout belle journée,0
2012-12-14T17:42:47Z,c'est le but d'utaka ! pas le csc!,0
