publish_date,title,view_count
2012-08-26T22:00:17Z,Goal Mamadou SAMASSA (16&#39;) - Valenciennes FC - AC Ajaccio (3-0) / 2012-13,5338
2012-08-26T22:00:19Z,But Mamadou SAMASSA (16&#39;) - Valenciennes FC - AC Ajaccio (3-0) / 2012-13,6756
2013-01-28T18:05:28Z,[CAN 2013] [ RD Congo Vs Mali ] [ 1 - 1  M.Samassa ] [28/01-2013],963
2012-10-02T11:25:01Z,Top 10 Mali Fantastics Goals!!!!,708
2012-08-26T22:00:21Z,Valenciennes FC - AC Ajaccio (3 - 0) - Le résumé / 2012-13,18506
2013-01-10T00:28:55Z,°°º CAN 2013 Mali_23 Aigles ºº°,4850
2013-03-24T16:36:51Z,Rwanda 1-2 Mali / Résumé complet de la rencontre en fin de match. Qualif. Coupe du monde 2014.,24899
2012-08-26T22:00:17Z,Goal David OBERHAUSER (80&#39; csc) - Valenciennes FC - AC Ajaccio (3-0) / 2012-13,216
2013-04-20T22:00:15Z,EA Guingamp - Le Mans FC (6-1) - Le résumé (EAG - LEMANS) / 2012-13,23539
2012-08-26T22:00:17Z,Goal Loris NERY (56&#39;) - Valenciennes FC - AC Ajaccio (3-0) / 2012-13,400
2012-08-26T22:00:17Z,Valenciennes FC - AC Ajaccio (3 - 0) - Highlights / 2012-13,5707
2013-05-25T22:00:36Z,EA Guingamp - Dijon FCO (2-0) - Le résumé (EAG - DFCO) / 2012-13,24486
2013-02-05T15:52:52Z,Mali vs Nigeria - Africa Cup of Nations 2013 Semi Final,6444
2013-03-06T01:13:05Z,CAN 2013: Mali 3-1 Ghana (Match pour la troisième place),99257
2013-02-16T23:00:28Z,EA Guingamp - FC Nantes (2-1) - Le résumé (EAG - FCN) / 2012-13,19444
2012-11-28T08:51:02Z,But | Football | Teams5 | Mamadou,18
2012-09-22T22:04:26Z,TALL MAMADOU.,212
2013-05-04T22:00:10Z,AC Arles Avignon - EA Guingamp (0-2) - Le résumé (ACA - EAG) / 2012-13,5003
2012-08-13T00:49:00Z,ESTAC Troyes - Valenciennes FC (0 - 1) - Highlights / 2012-13,1924
2012-10-27T22:00:12Z,EA Guingamp - CS Sedan (2-0) - Le résumé (EAG - CSSA) / 2012-13,2076
2013-03-25T01:32:22Z,Rwanda 1-2 Mali / Éliminatoires Mondial 2014,3506
2013-03-16T16:56:30Z,• Aigles du Mali 11 • Qualifications World cup 2014 • HD •,6177
2012-08-26T22:00:17Z,Interview de fin de match : Valenciennes FC - AC Ajaccio (3 - 0) / 2012-13,508
2013-03-17T14:45:15Z,EA Guingamp - SM Caen (1-0) - Le résumé (EAG - SMC) / 2012-13,13145
2013-04-27T22:00:13Z,FC Istres - EA Guingamp (2-0) - Le résumé (FCIOP - EAG) / 2012-13,2580
2012-08-26T22:00:21Z,But Loris NERY (56&#39;) - Valenciennes FC - AC Ajaccio (3-0) / 2012-13,2933
2012-12-18T11:00:27Z,RC Lens - EA Guingamp (1-1) - Le résumé (RCL - EAG) / 2012-13,6075
2012-09-22T22:19:12Z,TALL MAMADOU 2,163
2012-08-27T00:18:58Z,Week 3 Highlights - Ligue 1 / 2012-13,3694
2013-03-30T23:00:14Z,CS Sedan - EA Guingamp (1-2) - Le résumé (CSSA - EAG) / 2012-13,3712
2012-11-24T23:00:16Z,Le Mans FC - EA Guingamp (0-2) - Le résumé (LEMANS - EAG) / 2012-13,2771
2013-05-18T22:00:11Z,GFC Ajaccio - EA Guingamp (0-1) - Le résumé (GFCA - EAG) / 2012-13,6448
2013-02-23T23:00:14Z,AJ Auxerre - EA Guingamp (2-1) - Le résumé (AJA - EAG) / 2012-13,7683
2012-08-26T22:00:21Z,But David OBERHAUSER (80&#39; csc) - Valenciennes FC - AC Ajaccio (3-0) / 2012-13,3303
2012-08-27T00:12:00Z,Ligue 1 - Résumé de la 3ème journée / 2012-13,86361
2013-01-04T01:32:26Z,Pré - CAN 2013  Aigles du Mali 28 Pré - sélectionnés,24487
2013-03-18T17:13:28Z,Guingamp-Caen sur Radio Bonheur,2451
2013-04-13T22:00:15Z,Tours FC - EA Guingamp (2-0) - Le résumé (TOURS - EAG) / 2012-13,5164
2013-03-09T23:00:19Z,Stade Lavallois - EA Guingamp (2-1) - Le résumé (LAVAL - EAG) / 2012-13,6949
2012-11-03T23:47:57Z,Clermont Foot - EA Guingamp (1-2) - Le résumé (CFA - EAG) / 2012-13,4091
2012-12-22T23:14:43Z,EA Guingamp - GFC Ajaccio (0-0) - Le résumé (EAG - GFCA) / 2012-13,1245
2012-10-18T22:14:49Z,Botswana 1-4 Mali CAN 2013/éliminatoires,3418
2012-08-27T00:39:10Z,Week 3 : Top goals - Ligue 1 / 2012-13,5160
2013-02-03T23:00:15Z,But Mamadou SAKHO (70&#39;) - Toulouse FC - Paris Saint-Germain (0-4) / 2012-13,17404
2013-05-11T22:00:12Z,EA Guingamp - RC Lens (7-0) - Le résumé (EAG - RCL) / 2012-13,88180
2012-10-20T22:00:12Z,SM Caen - EA Guingamp (1-2) - Le résumé (SMC - EAG) / 2012-13,3086
2012-12-12T23:00:14Z,EA Guingamp - AC Arles Avignon (0-0) - Le résumé (EAG - ACA) / 2012-13,869
2013-03-02T23:00:15Z,EA Guingamp - Nîmes Olympique (3-0) - Le résumé (EAG - NIMES) / 2012-13,8150
2012-08-27T00:22:54Z,Ligue 1 - Top buts de la 3ème journée / 2012-13,85164
2012-12-13T23:00:33Z,Goal Johan MARTIAL (21&#39; csc) - Stade Brestois 29 - Montpellier Hérault SC (1-2) / 2012-13,5725
