publish_date,title,view_count
2013-07-12T13:27:04Z,HAC: La reprise de Zargo Touré et de Distel Zola,1678
2013-04-27T22:00:13Z,Tours FC - Havre AC (1-2) - Le résumé (TOURS - HAC) / 2012-13,2488
2012-12-01T23:00:17Z,Havre AC - Tours FC (3-0) - Le résumé (HAC - TOURS) / 2012-13,5375
2013-04-02T10:00:27Z,Nîmes Olympique - Havre AC (0-1) - Le résumé (NIMES - HAC) / 2012-13,2130
2013-02-16T23:00:14Z,Havre AC - Angers SCO (2-1) - Le résumé (HAC - SCO) / 2012-13,2916
2012-11-06T11:01:26Z,SM Caen - Havre AC (2-0) - Le résumé (SMC - HAC) / 2012-13,11488
2012-10-11T22:19:33Z,Zarco Toure confie ses ambitions,1009
2012-12-12T23:00:14Z,FC Istres - Havre AC (3-0) - Le résumé (FCIOP - HAC) / 2012-13,1024
2013-04-09T10:00:27Z,Havre AC - SM Caen (1-1) - Le résumé (HAC - SMC) / 2012-13,9808
2013-03-09T23:00:19Z,AJ Auxerre - Havre AC (4-1) - Le résumé (AJA - HAC) / 2012-13,9781
2012-12-15T23:00:13Z,Havre AC - Le Mans FC (1-0) - Le résumé (HAC - LEMANS) / 2012-13,1727
2012-12-22T23:20:53Z,Stade Lavallois - Havre AC (1-2) - Le résumé (LAVAL - HAC) / 2012-13,2787
2013-05-25T22:00:36Z,AC Arles Avignon - Havre AC (1-1) - Le résumé (ACA - HAC) / 2012-13,3782
2013-02-23T23:00:15Z,FC Nantes - Havre AC (2-0) - Le résumé (FCN - HAC) / 2012-13,10377
2013-02-09T23:00:28Z,AS Monaco FC - Havre AC (2-1) - Le résumé (ASM - HAC) / 2012-13,6888
2013-05-04T22:00:10Z,Havre AC - FC Istres (2-0) - Le résumé (HAC - FCIOP) / 2012-13,2204
2013-04-20T22:00:15Z,Havre AC - CS Sedan (1-1) - Le résumé (HAC - CSSA) / 2012-13,1823
2013-03-02T23:00:14Z,Havre AC - Châteauroux (1-0) - Le résumé (HAC - LBC) / 2012-13,1937
2013-04-13T22:00:15Z,Clermont Foot - Havre AC (1-1) - Le résumé (CFA - HAC) / 2012-13,2868
2013-01-26T23:00:13Z,GFC Ajaccio - Havre AC (0-1) - Le résumé (GFCA - HAC) / 2012-13,1808
2013-05-11T22:00:12Z,Le Mans FC - Havre AC (0-4) - Le résumé (LEMANS - HAC) / 2012-13,7484
2013-01-12T19:54:44Z,Havre AC - EA Guingamp (0-1) - Le résumé (HAC - EAG) / 2012-13,5836
2013-02-02T23:00:13Z,Havre AC - Dijon FCO (3-0) - Le résumé (HAC - DFCO) / 2012-13,3899
2012-10-20T22:00:12Z,Chamois Niortais - Havre AC (0-0) - Le résumé (NIORT - HAC) / 2012-13,1036
2013-05-18T22:00:11Z,Havre AC - Stade Lavallois (1-2) - Le résumé (HAC - LAVAL) / 2012-13,3257
2012-11-10T23:00:16Z,Havre AC - Clermont Foot (1-3) - Le résumé (HAC - CFA) / 2012-13,3193
2013-01-19T23:00:13Z,Havre AC - RC Lens (2-2) - Le résumé (HAC - RCL) / 2012-13,4319
2013-03-17T14:47:44Z,Havre AC - Chamois Niortais (2-1) - Le résumé (HAC - NIORT) / 2012-13,2333
2012-11-24T23:00:15Z,CS Sedan - Havre AC (1-2) - Le résumé (CSSA - HAC) / 2012-13,4445
2012-10-27T22:00:12Z,Havre AC - Nîmes Olympique (1-1) - Le résumé (HAC - NIMES) / 2012-13,1277
2013-04-27T18:08:01Z,Conférence de presse Tours FC - Havre AC (1-2) / 2012-13,65
2013-07-08T10:34:11Z,Toulouse/Lorient (0/1),26
2013-04-04T20:41:45Z,Ogenyi Onazi ( Red Card ) Foul ( Fenerbahce v Lazio ) 04/04/2013,1134
2013-04-10T12:11:18Z,Distel Zola et le HAC,837
2013-04-21T22:00:12Z,But Jérémie ALIADIERE (77&#39;) - Toulouse FC - FC Lorient (0-1) / 2012-13,3547
2013-05-18T23:18:40Z,Pénalty Krychowiak Reims-Lorient 18-05-13,254
2013-01-24T22:26:29Z,Coupe de France AFL contre Le Havre 2ème mi temps,2261
2012-12-03T00:12:51Z,"Lorient / Toulouse: les réactions de B. Corgnet, C. Gourcuff et A. Casanova (02/12/12)",100
2012-10-27T13:35:40Z,J12 Conférence de presse Victor ZVUNKA et Cédric DAURY,599
2012-11-16T07:19:23Z,70 League Capofive : Portograuro-Lille,128
2012-08-09T22:46:59Z,Réaction d&#39;Alexandre Bonnet Après Tours - HAC (3-3 puis 5-4 tab) en Coupe de la Ligue,198
2012-08-12T18:43:02Z,Cédric Daury : &quot;Un équilibre à retrouver&quot;,173
2012-09-17T22:07:37Z,Cédric Daury,439
2012-08-09T22:52:57Z,Réaction de Distel Zola Après Tours - HAC (3-3 puis 5-4 tab) en Coupe de la Ligue,242
2012-12-03T00:26:49Z,Conférence de presse FC Lorient - Toulouse FC (1-0) / 2012-13,475
2013-07-12T17:26:41Z,Moussa Sao au HAC,7968
2012-08-05T20:01:00Z,Interview de Cédric Daury Après Guingamp - HAC (3-3),159
2013-01-23T21:18:01Z,Interview d&#39;Erick Mombaerts Après Mende - HAC (0-3) en coupe de France,298
