published-time,comment,likes
2013-02-03T23:13:57Z,"a chi lo dici sono senza voce =)
grandissimiiiiiii ragazziiiiiii",0
2013-02-03T19:59:33Z,CHE GODURIA,0
2013-05-14T19:51:22Z,lol,1
2013-05-08T20:40:51Z,miao miao /=\,0
2013-05-05T18:38:18Z,Figa to mare!,0
2013-05-05T12:10:03Z,"c1ao c1ao!
",0
2012-11-12T19:02:37Z,,0
2013-04-29T12:35:38Z,"forza vicenza!!!!!!!!!!!dai, che anche quest'anno ce la facciamo a salvarci!!!!!!",0
2013-07-15T17:31:03Z,"ergo capisci bene anche tu che un conto è nascere e crescere a Reggio Calabria in quello che Gabriele D'Annunzio ha definito ""Il chilometro più bello d'Italia"", con un panorama mozzafiato unico al mondo, tutt'altro è condurre un'esitenza nella nebbia dalla pianura padana.... Il mare ti apre la mente, ti fa guardare oltre l'orizzonte, ti da ispirazione, ti purifica l'anima, ti rende più attivo nel fisico e nella mente... é ovvio che a sud sono più intelligenti, bisogna pure ammetterlo ",1
2013-07-15T17:26:12Z,"mario mi dispiace contraddirti, perchè nelle tue parole intravedo anche un fondo di educazione... ma quello che dice nuzzo è sacrosanto, al sud c'è un livello culturale nettamente più elevato, dettato dal fatto che i meridionali x indole sono persone più avvezze allo studio e poi ammettiamolo vivono meglio.. un certo Montesquieu diceva che la vita dell'uomo è inevitabilmente influenzata dal contesto naturale in cui si svolgono le varie fasi della sua crescita.....",0
2013-07-14T22:13:36Z,ahahahahah grande nuzzo!  ma credo che tu perda solo tempo inutile con sti ostrogoti... questi se parli italiano nemmeno ti capiscono ahahah Forza Reggio.. AmArAnto Alè,0
2013-06-19T14:10:56Z,"Grazie, ne abbiamo bisogno anche noi..",0
2013-06-18T14:04:56Z,PG,0
2013-05-31T15:17:40Z,"Non finirò mai di ripeterlo: grosso rispetto per il Vicenza, grande storia, bel pubblico dopo tanti anni di squallida serie B. In bocca al lupo e saluti da lontano. Veronesi chiacchierate bene adesso ma avete la memoria corta a quanto pare.",0
2013-05-24T17:28:42Z,"ma dai non te la prendere,dov'è finita la goliardia gialloblù?sappi che trombo regolarmente non ho la panza e lavoro 10 ore al giorno e comunque con la tastiera sei imbattibile te saludo!",0
2013-05-23T20:54:05Z,"ok a livorno saranno stati 20 imbecilli(facilmente reperibili dalle vostre parti)comunque la fogna io la apro quando ho a che fare con delle merde,francesco rocco mi ha detto che esiste il gruppo ""la manopola""famosi per essere diventati tutti ciechi.",0
2013-05-23T11:01:26Z,Sara el beco!!!,0
2013-05-23T11:00:27Z,"E allora puoi star tranquillo, perché stavolta il ripescaggio non è un'ipotesi percorribile e rimaniamo dove siamo. Speriamo non troppo, però...

E, comunque, sempre e solo FORZA LANE!  Rojiblancos para siempre!!!",0
2013-05-22T21:28:08Z,"avete bisogno di qualche prova più impegnativa, tipo andare a distruggere qualche locale tipo a napoli bergamo roma salerno ecc.ecc.mà aimè siete tutti tesserati, non vi resta altro che offendere qualche morto, ogni tanto un boo razzista, scatenarvi contro i sanguinari ultrà del chievo,che tristezza!",0
2013-05-22T10:07:40Z,Così tanto? Sei proprio sicuro che non ti mancheremo?,0
2013-05-21T22:26:32Z,io non sò se ti sei preso il daspo ma sicuramente ti servirebbe il T.S.O(trattamento sanitario obbligatorio)ma siccome voi siete i mastini di verona abbaiate molto ma mordete zero!,0
2013-05-21T20:32:26Z,"E anche se non metterai mai più piede a Vicenza, ce ne faremo una ragione...",0
2013-05-21T17:43:37Z,"E comunque, se te ghe così tanta voja de vigner a far caxin a Vicensa, parché no te vien a farne compagnia in Lega Pro?",0
2013-05-21T17:41:03Z,"
Ti sei dimenticato tre cose in cui noi ""poveri"" vicentini vi stiamo calcisticamente ""davanti""(concedici almeno queste!):

1) anno di fondazione (1902 contro 1903)
2) numero di campionati di Serie A disputati (secondo solo all'Atalanta tra le provinciali)
3) raggiungimento di una semifinale europea (mentre l'Hellas si è ""fermato"" ai quarti di finale)
",0
2013-05-21T17:35:13Z,"Sul fatto che a Verona e provincia ci siano tante cose belle da vedere (la zona del Lago di Garda, per esempio), nulla da ridire. 
Ma il Veneto non è solo Verona:

FORSA VICENSA e FORŽA BELUN!!!
",0
2013-05-21T16:48:52Z,"Ma dai, che in fondo te dispiaxe anca a ti...",0
2013-05-21T16:03:17Z,"[continua]
Ciò che intendevo dire è che il legame dei vicentini con la loro squadra - nonostante tutto - rimane molto forte, indipendentemente dal numero di persone che si recano allo stadio (le partite si possono anche guardare in TV o ascoltare alla radio).
P.S.: quando il Vicenza era in C negli anni '80 e '90, lo stadio era molto più pieno di adesso
",0
2013-05-21T16:02:47Z,"2) Che a Vicenza ci sia una certa disaffezione in termini di presenze allo stadio, visti i deludenti risultati degli ultimi anni, è sotto gli occhi di tutti: si tratta però è di una questione un po' generalizzata in Serie B (anche se quello di Vicenza era al terzo o secondo posto, così come è vero che Verona è in controtendenza rispetto a questi dati e di questo bisogna darvene atto, perché è un dato oggettivo). 
[continua]",0
2013-05-21T15:59:01Z,"1) Ridicolo è ""rovinarsi"" a 20 anni per una partita di calcio e, cosa ancora peggiore, è andarne pure fieri. Ma, d'altra parte, se tu non riesci nemmeno a distinguere una squadra di calcio (che può starti anche antipatica, come è normale che sia in un discorso di tifo) da una città, offendendo pure quella... beh, abbiamo detto tutto…",0
2013-05-20T21:43:27Z,se parliamo di tifoserie ognuno può offendere  chiunque ma se parliamo di città penso che vicenza sia piena di storia e cultura come verona ma purtroppo quest'ultima è piena di veronesi! ,0
2013-05-20T21:22:43Z,siccome penso di avere qualche anno più di tè non ho ricordi di incursioni vostre a vicenza ricordo che eravamo in 7000 a verona nel 1997 e siamo stati sempre 2-3000 negli anni successivi e ricordati che vicenza ha meno di metà abitanti di verona comunque continua a segarti nella tua ignoranza.,0
2013-05-20T18:23:39Z,Della retrocessione di una squadra non si dovrebbe comunque godere a prescindere...,0
2013-05-20T17:27:25Z,"Voi veronesi parlate sempre e soltanto di cifre (presenze allo stadio, ecc... che sono certo veritiere: avete però anche una città che conta circa il doppio degli abitanti della nostra), ma la passione e l'attaccamento per una squadra non si misura solo con le cifre: il Vicenza Calcio è infatti da anni diventato parte integrante della cultura di una città e di una provincia e praticamente non c'è vicentino che non si interessi delle sorti della squadra. Ed è questo ciò che conta veramente.",0
2013-05-20T16:29:14Z,"Beo sparare sulla crocerossa vero? Fasie sopratutto!! Asene stare se gavì un po' de onore, mi quando che si na in C non go mia godesto parchè senza vialtri non se faseva derby...Ma se te te senti forte a torne pal cueo continua pure ma sappi che te si un carogna, mi son orgoglioso de esser Vicentin, e, al de fora del derby non me azzardo a romparve i cojoni par come che si drio nare in campionato",0
2013-05-20T15:19:35Z,"Sto godendo come un matto! Cari vicentini finalmente siete tornati nella serie che vi compete (a meno di un altro ripescaggio) salutate anche il grande Stefan Schwoch, che nel 2007 stappò una bottiglia dopo la nostra retrocessione in C, e siccome in fondo c'è una giustizia, adesso quella bottiglia può ficcarsela su per il C..O!",0
2013-05-20T13:57:56Z,FORZA LANEROSSI,0
2013-05-20T13:57:10Z,veronese letame divertiti quest anno ke poi GIA SAI.. come va a finire!!!parli di abbonati???per noi siete luridi tesserati che allo stato vi siete piegati!!!!!!dice di essere soli contro tutti???sei gemellato anke con le squadre di promozione....!!!!ma posso parlare con te????fortunatamente mi hai stimolato una bella cacata....!!!!letame!!,0
2013-05-20T12:20:10Z,Un altro ripescaggio? Non credo proprio...,0
2013-05-20T12:06:45Z,civili voi che avete sfondato un cancello e fermato una partita per mezzora...,0
2013-05-20T12:05:46Z,dai che tanto ve ripesca perchè fasi pecà,0
2013-05-20T09:19:30Z,"Qualche hellassato (probabilmente) si permette pure di segnalare come spam alcuni messaggi dei vicentini che spam non sono solo perché gli sono scomodi o forse perché non conosce nemmeno il significato della parola ""spam""...",0
2013-05-19T22:54:10Z,auguri per una pronta risalita.,0
2013-05-19T19:33:25Z,C1ao c1ao merdaccie..,0
2013-05-19T18:49:22Z,buon derby con il napoli coneio!,0
2013-05-19T17:45:48Z,Tórnaghe anca ti!,0
2013-05-19T11:44:59Z,Taci pagliaccio,0
2013-05-19T09:46:56Z,Vicenza torna dove deve stare,0
2013-07-14T17:32:39Z,che grande Presidente e ovviamente giocatore!! Raffaele ti aspettiamo a Bari la prossima stagione!!,0
2012-09-08T19:36:18Z,Su internet (you don't say direbbe MrThieft xD) Dal sito della SerieB :D,0
2013-03-20T07:49:49Z,ghazal forza algerino,0
