publish_date,title,view_count
2013-02-03T16:41:53Z,Gol rigoni genoa lazio 3 2,4437
2013-05-04T19:38:20Z,Vicenza 1-5 Empoli 04/05/2013 2012-13 - 40°,17298
2013-01-07T16:01:05Z,Post-partita Chievo-Atalanta: Luca Rigoni,177
2013-04-27T21:45:16Z,Mister Dal Canto e Rigoni dopo Livorno-Vicenza,264
2013-01-09T18:04:35Z,Misuraca Gianvito Juventus - Vicenza 1 ITA Pokal  21_07_2009.mp4,671
2013-03-24T19:40:03Z,"Rigoni, Padalino e Malonga dopo Vicenza-Varese",200
2012-09-05T07:27:00Z,Vicenza 3-1 Cesena 01/09/2012 2012-13 - 2°,276
2013-04-27T21:17:12Z,Serie B Win 2012-2013 - 39ª giornata - Livorno vs Vicenza (27.04.2013),899
2012-10-01T17:39:51Z,Catanzaro 0 Andria 0,488
2013-02-28T01:46:36Z,27 febbraio 2013 - Andrea Mandorlini,833
2012-11-12T18:54:00Z,Bari vs. Reggina - le ultime dal S.Nicola (SKY),132
2013-04-17T14:38:42Z,"Intervista al centrocampista del Pisa, Luca Rizzo.",206
2013-04-27T16:00:30Z,Serie B Win 2012-2013 - 39ª giornata - Livorno vs Vicenza (gara integrale 27.04.2013),1229
2013-07-22T00:05:26Z,Gli highlights di Gallio-Vicenza 0-11,1430
2013-01-05T22:09:38Z,Luca Siligardi Show. Tutti i gol del 2012 segnati con la maglia del Livorno!,13622
2013-03-29T03:38:50Z,Serie B Win 2012-2013 - 34ª giornata: Lanciano vs Vicenza (28.03.2013),1230
2013-05-19T03:59:03Z,Vicenza 0-0 Reggina 18/05/2013 2012-13 - 42°,7891
2012-10-30T01:46:46Z,BONAZZOLI - Reggina Gol Compilation,7375
2012-12-27T06:30:01Z,Reggina-Vicenza 1-0  eurogol di Fabio Ceravolo,1081
2013-05-08T10:15:04Z,tackle in diretta: il difensore abbatte il giornalista,705
2013-01-21T20:22:43Z,19° Unione Triestina 2012 Vs San Luigi = 1 0 Intervista Araboni,124
2012-09-26T19:47:53Z,Goal Alvaro Pereira Chievo-Inter 0-1,8734
2012-09-02T08:36:19Z,Di Matteo e Misuraca dopo Vicenza-Cesena,356
2013-05-13T16:43:39Z,Gol salvezza a Verona,173
2012-09-11T15:39:30Z,Cesena - Novara 1-4 Highlights,941
2013-07-14T11:42:34Z,"RUBINO - Inizia una nuova stagione, la decima con la maglia del Novara Calcio",144
2012-12-18T17:31:50Z,terni italia under 21,360
2012-09-03T20:15:53Z,Highlights Reggina-Pro Vercelli 1-0 2°Giornata SerieB 2012/13,225
2012-09-25T16:56:43Z,VIDEO Di Carlo:| &#39;L&#39;Inter troverà un Chievo di qualità,61
2013-03-07T17:24:35Z,In chat con ... Gennaro Sardo,697
2012-08-01T16:00:38Z,Mattia Graffiedi,1046
2013-03-07T14:34:02Z,Reggina Calcio: Ciao Telecom nuovo Top Sponsor per il prossimo triennio,461
2013-04-27T19:16:36Z,"PRO VERCELLI  vs  GROSSETO  0-0,   dopo partita.",94
2013-05-19T17:25:11Z,Sassuolo-Livorno 1-0 del 18/05/2013,753
2013-04-08T19:28:02Z,Calcio Catania: le dichiarazioni di Nicolas Spolli,75
2013-07-10T13:37:09Z,Federico Spada: &quot;Vi racconto tutti i segreti del calcio colombiano&quot;,500
2013-03-19T23:03:27Z,Bari vs. Padova 3-0 Sintesi Sky,5893
