publish_date,title,view_count
2012-10-20T22:00:12Z,AJ Auxerre - RC Lens (1-2) - Le résumé (AJA - RCL) / 2012-13,9863
2013-01-12T23:00:15Z,AJ Auxerre - SM Caen (1-2) - Le résumé (AJA - SMC) / 2012-13,5247
2012-12-15T23:00:13Z,Angers SCO - AJ Auxerre (2-1) - Le résumé (SCO - AJA) / 2012-13,3652
2012-11-10T23:00:16Z,AS Monaco FC - AJ Auxerre (2-0) - Le résumé (ASM - AJA) / 2012-13,14015
2012-10-27T22:00:12Z,Dijon FCO - AJ Auxerre (0-1) - Le résumé (DFCO - AJA) / 2012-13,3859
2012-11-04T00:01:34Z,AJ Auxerre - GFC Ajaccio (1-1) - Le résumé (AJA - GFCA) / 2012-13,2619
2012-09-15T10:59:26Z,Wallemme : &quot;On doit mieux faire ...&quot;,1664
2012-11-21T21:25:38Z,Interview d&#39;Andreas Wolf,3091
