published-time,comment,likes
2013-01-28T14:02:24Z,"A voir très beau but :

But de Touzghar Amiens - Lens Septembre 2011 vu de la tribune Nord",1
2012-10-22T18:33:00Z,"Le début d'une grande remontée , éspéront le ",1
2013-01-16T16:25:34Z,yes allez malherbe! :D,0
2013-01-13T12:18:16Z,le coup franc de Haddad est magnifique dommage qu'il ne soit pas rentré...,0
2013-01-13T10:57:01Z,"auxerre <3
",0
2013-01-13T09:59:48Z,Malherbe♥,0
2013-05-19T12:45:59Z,La d2 c'est pas mal non plus !,0
2013-05-02T10:35:51Z,"Même en ligue 1 c'est pareil ! Je supporte l'Estac ( Troyes ) et a plusieurs fois ont c est fais couiller par l'arbitre . Par exemple des buts soit disant hors jeux pour nous,ou des buts hors jeux pour les adversaires mais qui sont compter comme des buts valable ! L'arbitrage et franchement mauvais cette année que se soit en ligue 2 ou en ligue 1 !",0
2012-11-13T19:45:41Z,"Quand est-ce qu'on va arrêter de se faire voler par les arbitres ? Ca fait plusieurs matchs qu'on se fait volé (et le mot est faible) avec plusieurs énormes erreurs d'arbitrage contre nous. Mais bon, ce ne sont pas les arbitres qui vont nous empêcher de remonter (enfin j'espère). Daghe Munegu per sempre",0
2012-11-13T18:16:52Z,Magique Daghe,0
2012-11-11T11:30:40Z,"Auxerre a tout simplement fait une parodie, heureusement que l'arbitrage a été en faveur d'auxerre en 1e periode parce que sinon on s'en serait pris 4 --'",0
2012-11-11T08:48:37Z,c'est clair que si Monaco doit aussi se battre contre l'arbitrage y a intérêt à être au top... En tout cas bravo victoire capitale après 2 contre-performances !,0
2012-11-11T08:30:04Z,"Bravo Monaco, mais bon l'arbitrage a été encore limite pour la ligue 2.",0
2012-11-11T08:05:02Z,"Tout à fait d'accord, marre de ces erreurs d'arbitrage. Nantes puis auxerre, 2 matchs d'affilés qu'on se fait enfler par l'arbitrage...",0
2012-11-11T03:17:06Z,MONACO ! 3-0 + le pénalty non admis ! 4 - 0. Point ! ou 4-1.. mais bref ! goal de MONACO LE STOP  ! lol. ,0
2013-07-20T18:15:46Z,Putain d'auxerrois de *****,2
