publish_date,title,view_count
2013-04-13T22:00:15Z,Tours FC - EA Guingamp (2-0) - Le résumé (TOURS - EAG) / 2012-13,5164
2013-02-16T23:00:14Z,Tours FC - Clermont Foot (2-1) - Le résumé (TOURS - CFA) / 2012-13,2470
2013-03-17T14:49:55Z,Tours FC - Stade Lavallois (1-1) - Le résumé (TOURS - LAVAL) / 2012-13,1517
2013-04-27T22:00:13Z,Tours FC - Havre AC (1-2) - Le résumé (TOURS - HAC) / 2012-13,2488
2013-01-12T19:49:49Z,Chamois Niortais - Tours FC (3-1) - Le résumé (NIORT - TOURS) / 2012-13,1516
2013-03-09T23:00:19Z,Nîmes Olympique - Tours FC (1-1) - Le résumé (NIMES - TOURS) / 2012-13,1535
2013-05-11T22:00:12Z,Tours FC - AC Arles Avignon (0-0) - Le résumé (TOURS - ACA) / 2012-13,976
2013-04-06T22:00:13Z,Le Mans FC - Tours FC (1-0) - Le résumé (LEMANS - TOURS) / 2012-13,5503
2013-03-30T23:00:13Z,Tours FC - FC Istres (1-0) - Le résumé (TOURS - FCIOP) / 2012-13,1256
2013-04-20T22:00:15Z,GFC Ajaccio - Tours FC (0-1) - Le résumé (GFCA - TOURS) / 2012-13,1840
2013-02-23T23:00:14Z,CS Sedan - Tours FC (1-1) - Le résumé (CSSA - TOURS) / 2012-13,2079
2013-05-04T22:00:10Z,RC Lens - Tours FC (0-0) - Le résumé (RCL - TOURS) / 2012-13,2172
2013-05-11T22:00:12Z,Le Mans FC - Havre AC (0-4) - Le résumé (LEMANS - HAC) / 2012-13,7484
2013-05-16T18:06:02Z,PANENKA ZIDANE,6349466
2013-04-20T18:21:10Z,Stage U7 FDFC - beach soccer,150
2013-03-09T22:57:08Z,Plateaux U9 Fontaine lès Dijon Samedi 9 Mars 001,243
2012-11-15T15:11:04Z,"Maximumsports.tv 168 -  Association Régionale de Soccer de Québec, Gala 2012 - 121108",339
2013-03-09T07:30:08Z,Match préparation contre Clermont ..but de Vincent Acapandié ..,373
2012-10-20T21:58:44Z,DFCO plateaux à Fontaine lès Dijon Samedi 20 Octobre 005,38
2012-11-01T23:45:17Z,Magic Paul Pogba !,8168
2013-06-23T13:00:52Z,Performance Analysis Feature,22605
2013-05-08T23:36:07Z,pascal razak et pierrick cappele,743
2013-04-20T01:07:22Z,Deceleration 1 progression,1480
2013-07-21T07:49:06Z,"Amicalement vôtre (ou presque) : Tours-Créteil, 20-07-2013",983
2012-08-23T17:54:43Z,Parcours de l&#39;AS Aulnoye à la pouss cup 2012,3040
2012-10-01T16:44:22Z,foot pablo 031,121
2013-05-23T11:06:23Z,( Champion Cup) Espoir Sportif de Vitrolles vs US Vélaux,357
2012-11-25T18:47:47Z,le + beau but des u7 a muret,136
2013-02-20T07:41:46Z,2013 02 19 PORT DES BARQUES 1,120
2013-05-26T22:05:32Z,Chts de bourgogne 2013 DMX CADET demi,254
2012-10-14T15:15:53Z,Plateaux DFCO samedi 13 octobre Longvic 005,140
2012-11-02T20:29:24Z,Stage foot ASPTT Toussaint 002,66
2013-04-09T05:22:07Z,"Adam Anderson: Junior year soccer highlights (2013), Jesuit College Prep, Dallas, Texas",573
2012-10-11T20:16:24Z,3e mi temps Fabien Boyer,835
2012-12-09T17:53:09Z,Boone Givens - Lacrosse Goalie Highlights (Class of 2015),843
