published-time,comment,likes
2013-04-28T08:42:02Z,"O.K Je soutient notre anciens gardien mais il mérite pas que l'on disent que c'est une passoire^^.
Je m'en fou que Guimgamp est gagné contre Caen ^^ T'en mieux pour vous ... Après on verra a la fin de la saison c'est sur que guimgamp est mieux que Caen en ce moment, mais c'est qui qui a allé Gagner 3-0 Face au 1er,Monaco ? Eh bah c'est Caen ^^",0
2013-04-27T17:15:46Z,1: Tu dis ça parce que Planté à joué a Caen et 2:Tu rage parce que guimgamp à battu caen,0
2013-04-27T17:14:15Z,"Oui mais à Caen...
",0
2013-04-17T13:29:27Z,"gt ramasseur de balle mais en 2 eme periode c plante ds les buts de eag samassa c blessé en fin de 1ere periode
",0
2013-04-15T06:59:59Z,"Planté un passoire ? 1: c'est votre problème d'avoir de ''mauvais goal'' 2: planté ne peut absolument rien faire sur le 1er but et sur le second il aurait peut être pu faire un ptit truc mais au vue de la puissance de la frappe ^^
Guingamp a Perdu et puis c'est tout --'
ALLEZ MALHERBE ! (et a Caen Planté avait fait d’énorme arrêts !)",0
2013-04-14T15:09:27Z,"N'importe quoi les commentaires! Sur le 1er but, c'est Planté, et non pas Samassa qui est dans les cages, et sur la dernière action, ce n'est pas Yatabaré, étant donné que c'est une action tourangelle...",0
2013-04-13T22:22:37Z,C'est Kouakou et non Yatabaré !,1
2013-03-23T17:15:46Z,allez tours on c'est fait voler,1
2013-03-18T00:53:58Z,"Gros manque de realisme des deux côtés... Tours aurait pu gagner largement , le gardien de Tours a été exemplaire!",1
2013-04-28T16:20:44Z,"Non il n'y a pas hors jeu et oui le carton rouge est très sévère... Le HAC a empoché 4 cartons jaunes et un carton rouge alors que Tours n'en a empoché aucun... Il est possible de constater que les arbitres ont le HAC dans le nez ces derniers matchs il me semble, mais après cela fait partie du jeu !",0
2013-04-28T01:57:06Z,Sur le 2eme but du havre ya pas hors jeu ?,0
2013-04-28T01:00:45Z,"bien joué les gars, sévère le carton rouge
",0
2013-04-27T22:03:10Z,FIRST + bien joué le Havre :),0
2013-01-12T21:42:06Z,je crois rever là c'est toi qui dit ça mais mdr !!!!,0
2013-04-08T05:59:38Z,"c fouss et no mendes sur la premiere occas
",1
2013-04-07T09:35:14Z,On est pas encore mort. U.C ! <3,1
2013-05-09T13:48:21Z,Tours c les meilleurs =),0
2013-05-09T08:42:36Z,"Benjamin Leroy va finir en ligue 1 l'année prochaine !
",1
2013-05-06T06:14:15Z,Tjs des pines à l'extérieur...au moins on fait plaisir aux supporters adverses >_>,0
2013-05-05T17:02:59Z,homme du match : le gardien de tours,1
2013-05-05T17:02:35Z,"je trouve que le gardien de tours a etait fantastique
",1
2013-05-12T20:16:32Z,Superbe but de fontaine tout juste magnifique !!!,1
2013-05-12T15:39:13Z,Dommage pour le mans ! National l'année prochaine !,1
2013-05-11T22:07:55Z,NAN MON FIRST :(,1
2013-05-11T22:03:58Z,First,1
2013-07-06T19:50:14Z,"Je me rappellerais toujours de ce but . *_*

Merci zizou !",6
2013-06-21T20:50:11Z,"larqué il voit la panenka de zizou et tout ce qui trouve a dur c que ya pas faute ! c vrmt un blaireau comme commentateur !
",0
2013-05-16T21:03:32Z,Incroyable ! l'un des plus beaux souvenir de mon enfance ! Cette panenka que seul Zidane est capable de tenter en finale de coupe du monde ! Merci de l'avoir ajoutée !,3
2013-05-16T18:48:50Z,toujours autant de frissons...,1
2013-05-16T18:30:25Z,Historique ! Merci ZZ pour se grand moment de frisson! ,4
2013-02-20T18:27:26Z,Remember the name - fort minor feat styles of beyond! ;D,0
2013-02-11T14:25:21Z,"What's the name of the song?? Grande POGBBBAAA !!
",0
2013-01-21T21:57:03Z,thanks Ferguson <3,0
2012-11-02T11:02:53Z,this is new pirlo,0
2013-07-25T12:44:51Z,c'est du n'importe quoi ce créteil,0
2012-11-26T21:54:29Z,"superbe vidéo et chapeau à eux , très belle équipe .......BRAVO !!!!!!!",0
2012-08-23T21:31:41Z,Merci beaucoup :),0
2012-08-23T21:10:58Z,Bravo à Aulnoye pour se parcours à la pouss cup et très belle video !!! :-),0
2012-10-18T19:19:24Z,Du talent !,0
