published-time,comment,likes
2013-02-03T13:09:13Z,"Vive Angers quand Meme !
",0
2013-01-16T14:54:12Z,aller clermont^^,0
2013-01-15T21:27:48Z,"Clermont c'est les meilleurs et puis c'est tout, qu'ils jouent en rose ou rouge, c'est les meilleurs ;)

",0
2013-01-12T23:44:06Z,T'as le seum parce que l'équipe de tours c'est de la merde ;) ,0
2013-05-12T22:49:56Z,^^,0
2013-05-12T17:52:26Z,"First ma gueule
",0
2013-02-12T18:37:50Z,"C'est quoi cette arbitre sérieux ?!
",1
2013-02-10T08:02:24Z,"Supporter clermontois, mais je dois admettre que je ne comprends pas le penalty...",1
2013-04-14T18:39:50Z,"HAC !!!
",1
2013-04-14T16:03:10Z,"Expulsion peu évidente, Clermont méritait sans doute mieux. Cela dit le coup franc havrais est magnifique.",0
2013-02-24T09:30:46Z,Le but est totalement valable ! C'est ce qu'on appelle se faire voler,1
2013-05-20T16:02:07Z,"MERCIII  !!HENGBART <3 AJA <3
",1
2013-05-19T12:09:16Z,Au revoir Hengbart <3 :'(,1
2013-03-14T19:53:11Z,c'est fait exprès !,1
2013-01-28T13:57:49Z,But de Touzghar Amiens - Lens Septembre 2011 vu de la tribune Nord,1
2012-12-27T19:25:04Z,"J'espère de tout coeur qu'il reviendra l'année prochaine et que le public s'en souviendra, moi en tout cas je l'oublierais pas ;)",1
2012-12-17T23:10:13Z,Fier de toi ange freddy :D Continue comme tu sera un grand,1
2012-12-14T15:00:54Z,"il a eu cette réaction car il a jouer pour le racing et il na pas été conservé alors il a joué a avion 
",1
2012-10-31T15:44:03Z,J'avoue le mec on lui a rien fait le public est fair-play et lui quand il marque il nous humilie. Quelle mentalité de merde ...,1
2012-11-27T11:58:47Z,Superbe but !! bravo ASMFC,0
2013-01-19T23:31:58Z,Excellent Nimes .O !!!! :D,1
2012-12-12T12:07:43Z,"FFCCCCNNNNAAAA
",1
2013-05-18T15:33:45Z,yep coup franc indirect,0
2013-05-08T23:29:34Z,Il fallait garder keseru,0
2013-05-08T16:09:10Z,"Je félicite clermont pour son anti jeu, je n'ai jamais vu une equipe de foot qui ne veux pas jouer au foot! chateauroux n'est pas mal non plus",0
2013-05-08T15:55:09Z,"un coup franc dans la surface de réparation à moins de 10 mètre du but ?
",0
2013-05-08T13:06:50Z,J'crois pas non,0
2013-05-08T12:08:00Z,"Bah ouais mais ils ont perdu !!!! C'est ballot, cà ... Allez SCO !!!!!",0
2013-05-07T15:56:27Z,J'étais au match en loire je te signal donc avant de parler renseigne toi...,0
2013-05-07T12:19:38Z,Allez les Nantais on vous attend à Caen de pied ferme ! ;) Bonne chance et que le meilleur gagnent ! ,0
2013-05-07T11:21:03Z,Aller Nantes reste 3 journées faut la ligue 1 !,0
2013-05-07T10:43:46Z,"Regarder les stats Nantes a grave dominé ils auraient mérités de gagner --' 

Allez Nantes ! <3",0
2013-04-29T16:34:32Z,"On les voit peut être mais on les entends pas :)
",1
2013-04-24T21:49:05Z,Ah c'est drôle ça! Bouffon,3
2013-04-24T11:13:27Z,C'est le même geste ^^,1
2013-04-23T17:18:48Z,"Moonaaaacoo !
Magnifique Match !",3
2013-04-23T16:46:21Z,Vive ocampos,2
2013-04-23T12:43:57Z,okiiii hala ya de bon joueurs en ligue 2 :),1
2013-04-23T11:55:31Z,3.,0
2013-04-23T11:36:07Z,combien de club vont monter en ligue 1 . et cb vont descendre de ligue 1 a ligue 2 ???,0
2013-04-23T11:05:59Z,Daghe Munegu <3,0
2013-04-23T10:46:06Z,très beau match des monegasque allez bientôt la L1 avec les Nantais !!!,0
2013-04-23T10:06:17Z,Le deuxième but = celui de Thiago Silva sauf que le ballon n'est pas sorti ^^ ,1
2013-06-17T13:38:19Z,Algérie en force,1
2013-04-07T12:02:52Z,Un match splendide avec des perf de gardiens énorme :D,0
2013-04-28T10:41:45Z,"Sur le corner clermont réussit à s'en prendre 1 alors qu'ils sont que 2 attaquants dans la surface, c'est chaud...",0
2013-04-27T22:14:50Z,Gfca !!!,0
2013-05-06T17:16:11Z,".....
",0
2013-03-09T18:44:04Z,":o .Je suis la premiere vue 
",0
2013-02-20T18:41:25Z,boooooooooooooooooooooooo!!!!!!!!?!!!!!!,0
2013-02-12T16:38:52Z,We're almost there! 2 and a half hours!,0
2013-01-25T05:51:42Z,Man United!!!!!!,0
2013-01-23T06:54:45Z,"hey!!!!!! welcome to Arsenal!!!!!
",0
2012-11-25T05:47:20Z,Ronaldo :) just so you know mate.,0
2012-10-27T00:44:32Z,I quite likely couldn't.,0
2012-10-27T00:44:24Z,I quite likely couldn't.,0
2012-10-23T15:57:51Z,Oh wow! he managed to beat Rab Douglas? How impressive.,0
2012-09-23T17:19:47Z,Cristiano who?,0
2013-02-14T20:17:26Z,"J'y crois pas O_o. Tu es fan du Stade Rennais et fan de CM Punk, je pensais être seul à aimer les 2. :D",0
2013-01-23T21:27:06Z,"Magnifique vidéo ! Elle résume tous les plus beaux moments de la saison jusqu'à présent. Juste parfait, merci ! ",0
2013-01-21T21:27:13Z,Well done,0
2013-01-21T21:23:00Z,"rien que pour The Script, je dis oui!
",0
2013-01-21T20:26:55Z,"Superbe vidéo, bravo :) Stade Rennais <3",0
2013-01-21T20:21:52Z,Super vidéo ! super bien fait ;) SRFC <3,0
2012-10-17T02:44:10Z,GANGNAM STYLE,0
2012-10-16T22:42:50Z,first!,0
2013-07-16T16:14:07Z,"Oh la la. Incroyable de détérioré le peu de belles images qu'on voit.
C'est quoi ce clip au rabais? Ya une erreur de casting entre le type qui chante une chanson de meeeeerde et les boudins qui dansent avec la mascotte et le maillot trop cheum.
On passe tellement pour des clowns.",0
2013-07-04T18:47:15Z,"Liverpool à ""You'll nerver walk alone""
Rennes à ""Vague Rouge"" et ""Galette Saucisse je t'aime"".
POURQUOI FAIRE ENDURER CA AU SUPPORTER ?? Occupez vous de l'équipe au lieu de vous occuper de.. ça.",0
2013-07-03T11:45:04Z,Lamentable PALMARES 0 !,0
2013-06-13T15:27:48Z,"Le plus chanceux reste la mascotte car personne ne le reconnaitra. 
",0
2013-05-22T13:25:32Z,"comment s apelle la musique ?
",0
2013-05-22T12:40:04Z,"Perdre toutes les finales et foiré le championnat, 
C'EST ÇA ÊTRE ROUGE ET NOIR... ♫",0
2013-05-20T03:44:04Z,Et sa ose chambrer le fc nantes nan mais allo quoi!!!,0
2013-05-11T16:47:03Z,ALLER RENNES ON N' EST LES MEILLEUR (surtout romain allessandrini)!!!!!!!!,0
2013-05-07T22:56:36Z,"En tant que supporter Rennais ,je tiens aussi à soutenir ces pauvres Lillois qui humilient la France à chaque participation à une coupe européenne. Courage!",0
2013-05-07T21:43:31Z,"En tant que supporter lillois, je tiens à apporter mon soutien à ces pauvres rennais qui se sentent bien humiliès. Courage!
",2
2013-05-06T21:19:46Z,Vous étête,0
2013-05-02T05:05:37Z,Cette vidéo est une honte absolue ! ,0
2013-05-02T04:57:33Z,"On en a marre de vos sketchs pitoyables, on veut une équipe de foot.",0
2013-04-26T22:25:20Z,Supporter Rennais et je l'avoue j'ai honte --',0
2013-04-25T15:55:28Z,L est peut être temps de la virer d'ici cette chanson ...,0
2013-04-25T12:14:38Z,"Franchement c'est un peu la honte de supporter le Stade Rennais !!
",0
2013-04-23T20:06:40Z,je suis pour saintè et j'apporte tous mon soutien a se que ce pauvre ours blanc qui a doit subbir au quotidien cette chanson ,0
2013-04-23T08:38:56Z,C'est ça être rouge et noir avec un maillot du FC Nantes ?,0
2013-04-23T07:55:00Z,I hope the Vince Clarke / Depeche Mode have from this great abuse 50 euro each,0
2013-04-22T11:33:56Z,"Domage que l'ont est pas gagner la coupe de la ligue mais aller on finie dans la premiere partit du tableau.Vive le stade!!!!!!!!!!!!!!!!!!!!!!
",0
2013-04-20T21:05:37Z,"ou les supporteur du celtic 
",0
2013-04-20T21:04:30Z,"je suis fan du celtic de glascow je trouve pitoyable d avoir pris la musique de l hymne de se club, vraiment lamentable, vive le foot français entre le psg avec ses pedrodollars et le stade rennais qui pompe la musique d un autre club car ils sont incapable de trouver une chanson sympa pour leur hymne ou va t on mdr ",0
2013-04-19T22:32:49Z,C'est ça être rouge et noir --> de la merde... Allez les Verts,0
2013-04-19T21:51:52Z,"Merci les Rennaises, si vous n'étiez pas là, il faudrait vous inventer. :(",0
2013-04-19T21:17:50Z,Moi je di aller les vert,0
2013-04-19T20:19:13Z,Ça fait quand même un peu pitié..,0
2013-04-19T18:19:31Z,"Ah oui, j'oubliais que vous etiez un grand club ^^ ",0
2013-04-19T15:40:43Z,"tout droit réserver à Depeche Mode surtout, quel insulte pour ce groupe... prenez de la graine sur les fans de Liverpool :
is name is Suárez
He wears the famous Red
I just can't get enough
I just can't get enough

When he scores a volley
Or when he scores a head
I just can't get enough
I just can't get enough

He scores a goal and the Kop go wild
And I just can't seem to get enough Suárez",0
2013-04-19T14:43:19Z,"Plus qu'à Rennes en tout cas, tu peux retourner manger tes galettes saucisses. Allez, à l'année prochaine. Préparez vous pour demain, vous avez la France contre vous! :)",0
2013-04-19T13:35:15Z,Ya encore des supporters à Nantes ?,0
2013-04-19T11:07:14Z,Les images donnent quand même des frissons ! :),2
2013-04-19T11:00:54Z,Maintenant faut changer la musique d'après but !,0
2013-04-19T10:56:44Z,Et sinon 2 coupes de France ça te parle? ,0
2013-04-19T08:42:24Z,"C'est a l'image ce ce club : 0 et honteux ! Merci de nous faire rire ! je ne chambrerais pas car vous vous auto chambrer avec cette merde !!!!!

Palmares 0 ! ",0
2013-04-19T08:11:53Z,"Si ça c'était une vague, alors les descentes des supporters Nantais sur la pelouse de la Beaujoire c'étaient des tsunamis. ",0
2013-04-18T20:30:51Z,"Ok, si rennes gagne, je la met en sonnerie de portable jusqu'à la fin de mes jours.",0
2013-04-18T16:39:13Z,Je suis supporter rennais et j'ai honte :O --',0
2013-04-18T15:49:51Z,"ALLEZ LE STADE RENNAIS conjurez le sort et gagnez, on y CROIT!!!",1
2013-04-18T15:29:43Z,"Supporter rennais!! C'est un coup a porter plainte contre votre club... :)


",0
2013-04-18T14:45:06Z,trop nul !!,0
2013-04-18T14:23:51Z,"Extra... Belle ambiance. Félicitations, a samedi (Un stéphanois)",3
2013-04-18T14:16:53Z,0:10 signaler pour maltraitance d'animaux,0
2013-04-18T12:49:34Z,"En tant que supporter du FC Nantes et malgré mon aversion pour les Rennais je tiens à condamner cette vidéo. Même eux ne méritent pas une telle humiliation.
",0
2013-04-18T10:19:31Z,juste lol,0
2013-04-18T07:28:05Z,Moi je la trouve pas mal cette vidéo d'autant que si Rennes gagne ça deviendra un tube!!,0
2013-04-18T03:53:06Z,"Et les rennais sont des bouffons... Comme en 2009, ils vont pleurer : ""c'est nous qu'on devait la gagner celle-là!"", enfin je l'espère.
",0
2013-04-18T03:13:59Z,"Je comprends mieux maintenant pourquoi notre propre coach declare : ""on est des tocards"" . On est même pire que ça!",0
2013-04-18T03:11:33Z,"Et ils arrivent a meme fail une choré des plus simple.
Mais bordel, pourquoi, pourquoiiiiiiiiiiiiiiiiiii
Merci Rennais pour ce moment de fraicheur, haha :) 
(mes pauvres, je vous plains...)",0
2013-04-18T03:05:17Z,"Mais sérieux je m'en remet pas,  c'est nul c'est moche c'est ridicule et en plus le mec chante faux! Mais sérieux la honte! Honte à nous les rennais",0
2013-04-18T03:01:57Z,"Comme au marche des lices
On mange galette saucisse
C'est ca etre rouge et noir !
C'est ca etre rouge et noir !
Hahahahaha, la bofitude n'a pas de limite",0
2013-04-18T02:59:01Z,J ai honte d'être supporter rennais!  Mais sérieux changer le service de communication ... y a pas que sur le terrain quon a des problèmes!,0
2013-04-18T02:53:46Z,"En tant que supporter nantais, je ne peux qu'ADORER ce bon son. Hahahaha",4
2013-04-18T01:15:45Z,3 lettres : WTF !!!!!,0
2013-04-17T22:51:06Z,déjà toi t'es en ligue 2,0
2013-04-17T22:24:29Z,"Franchement mon club fait une chanson comme çà..... Je porte plainte directe.... Vous avez pas honte ??? On sait que le ridicule ne tue pas mais là......
",0
2013-04-17T22:08:53Z,Mdr Pierre Quéré... tu m'as tué XD,0
2013-04-17T22:06:53Z,oh non après partout en france y font faire des blagues sur les bretons --' merci les mecs merci (y),0
2013-04-17T22:06:07Z,vous savez c'est tellement ridicule que sa va marcher comme les chanson de patrick sebastien ...c'est de la merde mais la mélodie vous reste dans la tete pas con les rennais,0
2013-04-17T22:05:33Z,"déjà que savoir que vous avez un palmarès vide et maintenant faire sa pour essayer de faire parler de sois, dsl mais vous faites pitiés les mecs, même vos filles sont moches les mecs oh mdr
( signé un supporter nantais :D ) ",0
2013-04-17T22:04:11Z,Si toi aussi tu te demandes que fait le type en costard à droit là...,0
2013-04-17T22:01:11Z,putain je suis supporter de l'om abuser le clip du stade rennais des barres,0
2013-04-17T20:31:31Z,"La reprise de Go West du PSG est pas mieux. Je voit pas en quoi cette vidéo est dérangeante. Il me semble avoir déjà entendu la musique au stade de la route de Lorient lors de l'entrée des joueurs. C'est kitch, mais sympa.",0
2013-04-17T19:43:08Z,J'ai pas réussi à regarder jusqu'au bout... Désolé les rennais mais là vous avez touché le fond,0
2013-04-17T19:41:37Z,"j'ai l'impression que même les Rénnais ont honte de çà... c'est très compréhensible 
the fou rire de la honte mdr, je suis géner pour eux... 
allez Nantes ",0
2013-04-17T19:41:10Z,ah oui... mais non en fait. Mais alors pas du tout! J'ose esperer que c'est un troll de la part d'un fan de Saint-Etienne...,0
2013-04-17T19:23:50Z,"À l'image de l'ambiance du stade de la Route de Lorient : ridicule, pathétique....",0
2013-04-17T19:22:15Z,"Mddddr J'ai tellement rit en voyant cette Daube ! Et apres mon cousin rennais qui me dit que les hymnes NANTAIS sont pourris (': Rah putain j'ai qu'une chose a dire, Merci de m'avoir donner le gros fou rire de ma vie !! (x Allez NANTES 
Kenavo a vous amis Bretons :)",1
2013-04-17T19:21:42Z,Merci pour ces 2min36 de rire intense !!,3
2013-04-17T19:19:13Z,"En tant que supporter NANTAIS, j'te Valide mec ! (x 
",0
2013-04-17T18:54:34Z,Roooooh putain x'D,0
2013-04-17T18:05:59Z,"Breton et fière... Mais putain qu'est ce que c'est que cette merde! x)
",0
2013-04-17T17:49:12Z,"Je suis supporter rennais mais là faut pas déconner, ils étaient sous LSD au service com les mecs ou quoi! C'est tellement honteux!!",0
2013-04-17T17:43:36Z,Non mais c'est quoi cette daube???,0
2013-04-17T17:39:02Z,"Avec un propriétaire super radin, sérieux la j'ai honte..",0
2013-04-17T17:29:19Z,Sérieux vous faites honte au meilleur public d'Europe en reprenant leur chanson officielle > Celtic Glasgow !,0
2013-04-17T17:27:15Z,Yen a qui n'ont pas honte c'est bien !! Mouhaaaaaa Allez les VERTS !!!!,0
2013-04-17T17:23:25Z,"De TRES loin la video de ""communication"" la plus ridicule que j'ai jamais vue...",0
2013-04-17T17:19:47Z,Non mais sans déconner les mecs! Je comprends que vous ne gagniez jamais rien! Vous faites peur aux joueurs avec ça! Au secours...,0
2013-04-17T17:17:28Z,c'est un piratage?,0
2013-04-17T17:16:29Z,"Cela fait plus de 20 ans que je supporte le PSG ... mais là je crois que mon coeur est conquis par ""le rouge et noir"" ça donne envie de s'abonner ! mdrrrrrrrrrrrrrrrrr

",0
2013-04-17T17:15:34Z,Nantes débarque en 2013  c 'est ca être jaune et vert,0
2013-04-17T17:12:54Z,mais les gars ils ont fait ça pour se moquer je pense. enfin j'espere.,0
2013-04-17T17:12:26Z,"Et c'est là, que tu te dit que t'es bien contente de pas rennaise ! Désoler pour vous. lol 

A samedi et Allez les Verts ",0
2013-04-17T17:10:56Z,OMG la vidéo de beauf !,0
2013-04-17T17:09:25Z,"Rennes ""une équipe de tocards"" 

Pas que l'équipe à ce que je voie. ",0
2013-04-17T16:57:59Z,"Bingo, ""So Foot"" à mis la main dessus, c'est fini. Impossible pour moi de voyager en France avec mon maillot Rouge & Noir maintenant.",0
2013-04-17T16:33:17Z,C'est BEAUF ET PATHETIQUE,0
2013-04-17T16:33:01Z,EQUIPE CHARGEE DE LA COMMUNICATION DU STADE RENNAIS : DEMISSION !!!,0
2013-04-17T16:26:55Z,Allez les verts allez allez les vert allez !!!!!,0
2013-04-17T16:23:33Z,"allez les verts
",0
2013-04-17T16:21:29Z,oh mon dieu,0
2013-04-17T16:19:46Z,vous avez encore du boulot à faire chers rennais et rennaises,0
2013-04-17T16:15:03Z,"public de merde le stade rennais,*
 le stade de france sera tous vert et j'i serait aller les vert !!!!",0
2013-04-17T16:13:19Z,mais qu'est ce que c'est que cette merde,0
2013-04-17T16:12:45Z,C'est pas possible que cette vidéo ne soit pas un hoax,0
2013-04-17T16:08:34Z,C'est pas thétique mais presque,0
2013-04-17T12:36:46Z,"Tout les matchs européens? Vraiment? 
",0
2013-04-17T10:00:47Z,"Mouarffffff !
Jouer comme des tocards !
Jamais une victoire !
C'est ça être rouge et noir !
C'est ça être rouge et noir !",0
2013-04-13T10:06:45Z,WTF,0
2013-04-11T14:31:31Z,"et aussi perdre tous les matchs européens, c'est ça être rouget et noir
Aimer vivre comme un looser, c'est ça être rouge et et noir",0
2013-04-10T21:57:43Z,"Vidéo de qualitay. direct dans mon dossier ""LOL, WTF & NSFW"".",1
2013-04-09T20:41:25Z,Perdre tt les finales et foiré l'championnat C est ca etre rouge et noir,0
