publish_date,title,view_count
2012-11-03T23:47:57Z,Clermont Foot - EA Guingamp (1-2) - Le résumé (CFA - EAG) / 2012-13,4091
2013-01-12T19:54:44Z,Angers SCO - Clermont Foot (1-2) - Le résumé (SCO - CFA) / 2012-13,2175
2012-12-22T23:18:02Z,Clermont Foot - AJ Auxerre (1-2) - Le résumé (CFA - AJA) / 2012-13,3169
2013-03-02T23:00:14Z,Stade Lavallois - Clermont Foot (1-1) - Le résumé (LAVAL - CFA) / 2012-13,1445
2013-05-11T22:00:11Z,Clermont Foot - Châteauroux (1-0) - Le résumé (CFA - LBC) / 2012-13,1655
2013-02-09T23:00:28Z,Clermont Foot - Le Mans FC (1-1) - Le résumé (CFA - LEMANS) / 2012-13,1703
2013-04-13T22:00:15Z,Clermont Foot - Havre AC (1-1) - Le résumé (CFA - HAC) / 2012-13,2868
2013-02-23T23:00:14Z,Clermont Foot - Dijon FCO (0-0) - Le résumé (CFA - DFCO) / 2012-13,966
2013-05-18T22:00:11Z,AJ Auxerre - Clermont Foot (1-1) - Le résumé (AJA - CFA) / 2012-13,2278
2013-03-09T23:00:19Z,Clermont Foot - AC Arles Avignon (2-4) - Le résumé (CFA - ACA) / 2012-13,4236
2012-10-29T23:32:22Z,RC Lens - Clermont Foot (2-2) - Le résumé (RCL - CFA) / 2012-13,16775
2013-05-25T22:00:36Z,Clermont Foot - Chamois Niortais (1-1) - Le résumé (CFA - NIORT) / 2012-13,1784
2012-11-10T23:00:16Z,Havre AC - Clermont Foot (1-3) - Le résumé (HAC - CFA) / 2012-13,3193
2012-10-20T22:00:12Z,Clermont Foot - FC Istres (2-1) - Le résumé (CFA - FCIOP) / 2012-13,2971
2013-07-27T08:45:23Z,Résumé de la rencontre Clermont-UNFP 2013,2096
2013-02-16T23:00:14Z,Tours FC - Clermont Foot (2-1) - Le résumé (TOURS - CFA) / 2012-13,2470
2013-03-17T14:47:10Z,FC Istres - Clermont Foot (0-0) - Le résumé (FCIOP - CFA) / 2012-13,1661
2013-03-16T16:56:30Z,• Aigles du Mali 11 • Qualifications World cup 2014 • HD •,6177
2012-11-27T11:00:17Z,Clermont Foot - AS Monaco FC (0-1) - Le résumé (CFA - ASM) / 2012-13,7298
2013-01-19T23:00:13Z,Nîmes Olympique - Clermont Foot (3-0) - Le résumé (NIMES - CFA) / 2012-13,1412
2012-12-12T08:58:05Z,Clermont Foot - FC Nantes (0-1) - Le résumé (CFA - FCN) / 2012-13,4569
2013-02-02T23:00:13Z,CS Sedan - Clermont Foot (1-1) - Le résumé (CSSA - CFA) / 2012-13,2108
2012-12-15T23:00:13Z,Châteauroux - Clermont Foot (0-0) - Le résumé (LBC - CFA) / 2012-13,1209
2013-05-07T10:00:27Z,FC Nantes - Clermont Foot (0-1) - Le résumé (FCN - CFA) / 2012-13,8353
2013-04-23T10:00:38Z,AS Monaco FC - Clermont Foot (4-0) - Le résumé (ASM - CFA) / 2012-13,21408
2013-01-26T23:00:13Z,Clermont Foot - SM Caen (0-0) - Le résumé (CFA - SMC) / 2012-13,1222
2012-12-02T16:28:47Z,GFC Ajaccio - Clermont Foot (0-1) - Le résumé (GFCA - CFA) / 2012-13,1204
2013-06-06T21:41:05Z,Mondial-2014/Qualif : Regroupement des Aigles du Mali à Kabala,9372
2013-04-06T22:00:13Z,EA Guingamp - Clermont Foot (0-0) - Le résumé (EAG - CFA) / 2012-13,2101
2013-04-27T22:00:13Z,Clermont Foot - GFC Ajaccio (0-2) - Le résumé (CFA - GFCA) / 2012-13,3438
2013-03-02T18:25:41Z,Conférence de presse Stade Lavallois - Clermont Foot (1-1) / 2012-13,54
2012-11-10T21:33:33Z,Conférence de presse Havre AC - Clermont Foot (1-3) / 2012-13,190
2013-05-06T17:03:52Z,DEMBELE Ben Oumar,329
2013-04-13T19:31:22Z,Conférence de presse Clermont Foot - Havre AC (1-1) / 2012-13,54
2012-12-22T23:31:29Z,Conférence de presse Clermont Foot - AJ Auxerre (1-2) / 2012-13,245
2013-03-09T18:38:46Z,Conférence de presse Clermont Foot - AC Arles Avignon (2-4) / 2012-13,112
2013-02-09T18:47:58Z,Conférence de presse Clermont Foot - Le Mans FC (1-1) / 2012-13,138
2012-11-03T23:58:17Z,Conférence de presse Clermont Foot - EA Guingamp (1-2) / 2012-13,115
2012-10-20T22:31:38Z,Conférence de presse Clermont Foot - FC Istres (2-1) / 2012-13,75
2013-01-12T19:54:44Z,Conférence de presse Angers SCO - Clermont Foot (1-2) / 2012-13,168
2012-09-22T21:08:37Z,"Victor Wanyama Goal, Celtic 2-0 Dundee, 22/09/2012",23600
2013-01-21T19:53:58Z,Stade Rennais F.C ● 2013 ● - Hall Of Fame (HD),4216
2012-10-16T21:25:18Z,Gol de Carlos Saucedo Hat Trick - Sel. Bolivia 4 - Sel Uruguay 0 - Elimin Brasil 2014,2265
2013-04-08T20:21:45Z,CLIP &quot;VAGUE ROUGE&quot; © Stade Rennais F.C. www.staderennais.com,157744
2012-11-02T03:04:16Z,MELGAR 2 - 0 LEON DE HUANUCO (autogol),305
