published-time,comment,likes
2013-07-03T09:00:02Z,C'était de l'humour...,1
2013-05-04T10:12:14Z,"Un peu de respect s'il te plait!
Souhaiter une blessure c'est tous simplement stupide et pour tous les gardiens il y a des matchs comme ca a oublier (exemple pour Lloris la claque reçu a domicile par le Bayern Munich 3-0( en ligue des champions et surtout en demi finale ce n'est pas normal)",3
2013-04-30T11:47:58Z,"Une partie de rigolade pour les Guingampais !!!
",3
2013-04-22T16:41:33Z,ca on l'avait remarqué,1
2013-04-22T16:02:04Z,J'espère que le 1er gardien de la géorgie se blessera comme ça on rigolera bien à Géorgie-France !,4
2013-04-21T20:43:35Z,"Allez Guingamp !
Cette année c'est la bonne !!",4
2013-04-21T16:05:01Z,"A la base c'est Janot et il est bléssé.. et dire que pourtant, ce mec c'est quand même le deuxième gardien nationale de Géorgie. Il doivent vraiment avoir peu de choix..",2
2013-04-21T14:47:55Z,On est nul ! Manceau qui parle,2
2013-04-21T13:23:14Z,"Tu as raison il est bidon 
",1
2013-04-21T11:37:32Z,Nan mais franchement le mans faut changer de gardien il est nul celui la ! Il ne bouge même pas !,4
2013-04-02T15:22:13Z,ALLEZ LAVAL,2
2013-04-16T07:17:14Z,Le mans restera t-il en ligue2?,1
2013-04-13T22:29:40Z,Erreur le score n'est pas de 3-1 mais de 2-1 en faveur des istréens,1
2013-04-08T05:59:38Z,"c fouss et no mendes sur la premiere occas
",1
2013-04-07T09:35:14Z,On est pas encore mort. U.C ! <3,1
2012-12-23T15:53:32Z,"მოწინააღმდეგე გუნდის მომენტები რატომ არ შეგაქვთ ხოლმე მიმოხილვებში? :)

ძალიან გთხოვთ, მომავალში ორივე გუნდის მომენტები გვაჩვენოთ. 
მადლობა წინასწარ.",0
2013-01-20T22:32:31Z,"ქართულიც იცის, ინგლისურიც და რუსულიც. მგონი მეგრულსაც უბერავს :)
",0
2012-10-25T12:33:54Z,"icis aman qartuli?!
",0
2013-07-14T17:19:35Z,"good performance
regards from belgium",2
2013-07-06T16:17:02Z,nick martali xar ,0
2013-06-10T06:32:27Z,irlandiastan loria ar idga ! gaadzeves 20 wutze,0
2013-06-06T17:17:33Z,"musikis saxeli dawere ra :)
",0
2013-06-01T14:40:42Z,"marto 1 tamashshi ara belorusiastanac da safrangettan kidev benzos 2-jer augo 1X1
",0
2013-04-30T13:36:28Z,"magaria

",1
2013-03-23T08:57:26Z,loria saqartveloshi nomer pirvelia yvelam daimaxsovret  loriiiiiiiii <3 <3 <3,0
2013-03-01T00:21:48Z,"kvasxvadzem ra kargat ikotriala magari iko :D damatebiti brunvam daxata :D
",1
2013-02-22T06:48:53Z,"es ro stabiluri mekare iyos da sul ase mekareobdes evropis romelime ertert magar gundshi ikneboda, yuradgebis gareshe aravin datovebda, magram arastabiluri mekarea, erti tamashi magrad imekareva da meore tamasshi sheizleba uazro burtebi gaushvas, magram am bichs ashkarad aakvs perspektiva, tu ivarjisha da moumata aucileblad dairtyavs karg evropul gunds, ubralod amisgan mesia ar unda shevkmnat da realurad agvitkvat faktebi, loris ki warmateba vusurvot upirveles yovlisa !",1
2013-01-23T12:51:12Z,visac loria ar mogwont icit rac unda qnat ;),1
2013-01-23T12:50:44Z,loriiiiiii you are my favorite goalkeeper <3 <3 <3,0
2013-01-10T10:31:49Z,loriaze aravin tqvas cudi mekareao!roca sachiro iyo kaci bolomde daixarja!,2
2013-01-08T20:58:03Z,"italy 0:4 spain  georgia 0:1 spain
",1
2013-01-08T15:42:31Z,ertxel mdzgneric yvavis :D,0
2013-01-06T07:34:09Z,ert tamashshi ras qvia espaneti ramxela gudia icit? ra burtebi moxsna bolomde rom darchneoda gols ar gaushvebda,0
2012-11-09T13:25:37Z,erti tamashi imekareva wesivrad ise loll aris uyuret saqartvelos chempionats da mnaxav,0
2012-10-25T11:57:14Z,revishvili ara is Loriaaaaaaaaaaaaaaaaaaaaaaaaaaaaaaaaaaaaaaaaaaaa,0
2012-10-22T21:15:08Z,rac ar icit chaijvit chemi kagi movtyan tore dagixvritet chaidnebi,0
2012-10-18T14:52:06Z,beka tsutskiridze ra ginda?,0
2012-10-13T16:55:23Z,es nakrebshidac kai shambalaa:))))))))),0
2012-10-11T16:38:29Z,saklube done araris am shemtxvevashi mtavari mtavaria nakrebshi rogor iqnebi ramdeni varskvlavia egre ro ijvavs nakrebshi mara klubshi dedas tynavs an kide piriqit,0
2012-10-11T15:10:44Z,"amis titqmis yvela tamashi maqvs nayurebi adre dinamos fan klubshi viyavi didi araferi mekarea,revishvili ufro magaria",0
2012-10-10T13:17:18Z,"albat ert tamashs uyure da magito piqrob egre
",0
2012-10-07T10:03:21Z,rogor getyobat rom qartul fexburts ar uyurebt :))) amas ar ityodit,1
2012-10-06T14:48:39Z,"ert tamashshi rom kargad imekareva ar nishnavs imas rom magari mekarea...
",0
2012-09-30T17:53:34Z,SAGOL RA AI TAMASHIC ASE UNDA BICHEBI ,0
2012-09-14T10:30:34Z,სეივები კი არა მიმოხილვაა :)),0
2013-02-21T19:40:37Z,ta gueule allez le mans,1
2013-02-21T19:40:15Z,allez le mans,1
2013-01-20T11:10:42Z,Vive Le Mans FC !! POuce vert si vous serez là à Le Mans FC - SM Caen . :),1
2013-01-19T23:37:23Z,Bell victoire de Le Mans avec un bon Janot :),1
