publish_date,title,view_count
2012-12-18T16:45:21Z,"Giorgi Makaridze, Gardien LEMANS FC",2715
2012-12-27T18:01:30Z,Giorgi Makaridze,2558
2013-04-20T22:00:15Z,EA Guingamp - Le Mans FC (6-1) - Le résumé (EAG - LEMANS) / 2012-13,23539
2013-03-30T23:00:14Z,Stade Lavallois - Le Mans FC (2-1) - Le résumé (LAVAL - LEMANS) / 2012-13,6269
2013-04-13T22:00:15Z,Le Mans FC - FC Istres (1-2) - Le résumé (LEMANS - FCIOP) / 2012-13,1789
2013-04-27T22:00:13Z,Le Mans FC - AC Arles Avignon (0-0) - Le résumé (LEMANS - ACA) / 2012-13,1342
2013-04-06T22:00:13Z,Le Mans FC - Tours FC (1-0) - Le résumé (LEMANS - TOURS) / 2012-13,5503
2013-05-12T13:30:06Z,giorgi loria&#39;s best saves,1279
2012-10-27T22:00:12Z,Le Mans FC - Stade Lavallois (2-0) - Le résumé (LEMANS - LAVAL) / 2012-13,5535
2012-12-23T15:02:15Z,fc metalurgi-fc zugdidi 5-1 23.12.12,618
2012-08-20T04:21:22Z,Giorgi Chirgadze highlights,2130
2012-09-13T17:39:30Z,Giorgi Loria saves vs Spain,70063
2013-01-19T23:00:13Z,Le Mans FC - Châteauroux (2-0) - Le résumé (LEMANS - LBC) / 2012-13,3623
2013-02-16T23:00:14Z,Le Mans FC - SM Caen (1-1) - Le résumé (LEMANS - SMC) / 2012-13,4572
2012-12-10T18:09:15Z,"Hilaire MOMI, attaquant LEMANS FC",9048
2012-12-20T11:16:43Z,"Massiré KANTE, joueur LEMANS FC",2671
2012-12-15T15:03:19Z,Ambiance lors de Le Mans FC - GFC Ajaccio,834
2013-04-12T17:08:56Z,Best Saves Vitor Bento 2012/2013,749
2012-12-17T14:58:44Z,"Idrissa Sylla, Attaquant du MANS FC",22567
2012-11-26T19:42:54Z,jiaqi zhang LEMANS FC.mpg,1029
2012-11-20T17:02:44Z,Gazette LeMans FC : Le geste technique de Zito,3357
