publish_date,title,view_count
2013-02-01T09:50:23Z,Il saluto di Pasquale Maiorino a Modena,1631
2012-12-05T01:01:30Z,Teramo Channel 14^ puntata del 05.12.2012,80
2013-03-08T07:20:43Z,Piergiuseppe Maritato FCS  Best Scorer (2012/2013),2161
2013-02-01T09:48:50Z,Il saluto di Andrea Mazzarani a Modena,961
2012-12-23T16:41:34Z,Serie B Win 2012-2013 - 20ª giornata: Vicenza vs Modena (23.12.2012 gara integrale),950
2012-12-20T10:06:12Z,Chirico mette a segno il goal dell&#39;1-0 contro il Bra,79
2012-10-20T09:22:36Z,Fair Play 19 ottobre 2012,145
2013-05-14T15:20:02Z,IL GRIGIO E IL ROSSO - Gigi Simoni e i tifosi,444
2012-10-02T14:25:51Z,interviste dopo gara Frosinone Nocerina,301
2013-06-22T23:38:45Z,Il Team Manager Enzo Filoramo: Presentazione Asd Jonica Football Club.,80
2013-05-05T21:31:13Z,antonio piscitelli san marco trotti,363
2013-05-04T17:28:29Z,Tiziano Cunico e Paolo Cristallini dopo Vicenza-Empoli,1243
