publish_date,title,view_count
2013-01-10T17:32:24Z,Résumé FC Nantes - Le Mans FC 2003-04,2838
2012-08-31T19:38:12Z,le mans fc - clermont foot  3-1   (1-0) fousseyni cissé,1925
2012-12-29T22:17:21Z,seydou 2,142
2013-01-19T23:00:13Z,Le Mans FC - Châteauroux (2-0) - Le résumé (LEMANS - LBC) / 2012-13,3623
2012-10-24T15:13:21Z,lemainelibre.fr : La technique de Fernander Kassaï,1486
2013-07-30T13:09:56Z,Morgan Sanson (passage au Mans Fc +début de préparation à Montpellier),2366
2012-10-29T15:20:36Z,GÖKÇE NAZ TRABZONSPOR - BURSASPOR MAÇINDA,528
2012-12-10T18:09:15Z,"Hilaire MOMI, attaquant LEMANS FC",9048
2013-03-13T16:11:40Z,PORTRAIT DE JIAQI ZHANG JOUEUR LE MANS FC,604
2013-07-09T16:55:20Z,Le Mans FC jouera la saison prochaine en Division d&#39;honneur (DH),776
2012-10-14T23:45:28Z,yeni atito n&#39;gbakoto #23,2603
2012-12-20T11:16:43Z,"Massiré KANTE, joueur LEMANS FC",2671
2012-11-20T17:02:44Z,Gazette LeMans FC : Le geste technique de Zito,3357
2012-12-06T18:08:06Z,Airfood Project LEMANS FC,2733
2012-11-26T19:42:54Z,jiaqi zhang LEMANS FC.mpg,1029
2013-07-16T11:41:04Z,siaka doumbia,245
2013-05-25T21:51:48Z,Zokora Emre Belezoğlu&#39;yu Geri Çeviriyor,2685
2012-12-15T23:00:13Z,Dijon FCO - FC Istres (3-1) - Le résumé (DFCO - FCIOP) / 2012-13,2353
2013-05-22T20:46:45Z,Zokora&#39;dan Emre&#39;ye ölümcül hareket!,2971
2012-09-15T20:43:54Z,Amazing Goal Of Dubai ! Saint-Etienne  0-1 Sochaux . 15 Sept 2012,1288
2013-02-20T14:14:32Z,90&#39;a - 19 Şubat 2013&#39;den Alıntılar,562
2013-04-06T13:39:35Z,"Kelley O&#39;Hara (Germany-Usa, 5.4.13)",10668
2012-12-15T22:42:19Z,"Stade de Reims-Lille, 15/12/2012, but de Lille (Payet)",3266
2013-01-28T00:43:42Z,Jesse Myers HL.,269
2013-02-23T21:52:04Z,Manisasporumuz - 1461 Trabzonspor | Maç Sonu | @TvManisaspor | HD,1824
2013-07-16T00:54:56Z,kante souleymane dit le messi de cote d&#39;ivoire,253
2012-09-05T17:35:15Z,Destiny Ridge Vineyard Sponsors Paterson Youth Soccer Tournament,69
2013-05-11T12:17:17Z,KAFESPORTS: RAYMOND LACCRUCHE,1079
2013-07-12T14:13:17Z,TRABZONSPOR TEKNİK DİREKTÖRÜ MUSTAFA AKÇAY BURASI EĞLENCE YERİ DEĞİL,411
