published-time,comment,likes
2013-02-21T19:40:37Z,ta gueule allez le mans,1
2013-02-21T19:40:15Z,allez le mans,1
2013-01-20T11:10:42Z,Vive Le Mans FC !! POuce vert si vous serez là à Le Mans FC - SM Caen . :),1
2013-01-19T23:37:23Z,Bell victoire de Le Mans avec un bon Janot :),1
2013-07-09T18:29:53Z,"La passion n'a pas de division...♥ 

Le Mans UC ! ",0
2013-01-02T09:10:10Z,ntm,0
2012-12-07T23:48:16Z,Belle initiative !! ,0
2013-05-29T14:01:00Z,"Cem garipoglu , Sabri sarioglu Annanizi Siksin Emre Belezoglu Emre belezoglu !! ",2
2013-06-10T02:33:37Z,يا لبى ,0
2013-05-19T07:27:42Z,Pretty sure it's Julie Johnson.,0
2013-05-10T18:47:39Z,who is that in the blue hat?,0
2013-04-06T21:38:28Z,Soooo cute Kelley O' Hara! Singing and dancing to La Bamba! and the SQUIRREL SMASH!!! ,0
2013-04-06T16:02:29Z,I think I could watch this all day. Obsessed much? Creep,1
2013-04-06T15:04:23Z,this reminded me of the episode of friends when they were throwing the ball around (youtube FRIENDS(Throwing the ball around))  it goes wrong when the fourth person is added ha,0
2012-12-16T16:43:16Z,mais tais-toi chabert.,0
2012-12-16T16:26:22Z,DVE allez,0
2012-12-16T16:20:50Z,apprends à écrire boubourse.....,0
2012-12-16T15:32:12Z,"Merci !!! Allez Le Losc
",0
2012-12-16T11:39:41Z,"merci biloute....
",0
2012-12-16T11:30:42Z,"Tiens prend ça Reimois 
",0
2013-02-23T22:25:10Z,Murat tosunun 90 + 4 te rövaşata ile attığı maçtır yıllar sonra bu yorumu görüp likelarsınız hadi öptüm,2
2013-02-23T22:23:50Z,"sağol yönetici kardeş..
",0
2013-07-18T07:26:44Z,Nan Mais T Toi C'est Mon Meilleur Ami Et nn C'est Loin D'etre Un Gay !!! Willi T L'Meilleur :D <3,0
2013-05-28T05:02:30Z,j espere que tu ne sera1t pas gay vue ton allure,0
