publish_date,title,view_count
2012-12-15T23:00:13Z,Havre AC - Le Mans FC (1-0) - Le résumé (HAC - LEMANS) / 2012-13,1727
2013-03-02T23:00:14Z,Havre AC - Châteauroux (1-0) - Le résumé (HAC - LBC) / 2012-13,1937
2013-02-16T23:00:14Z,Havre AC - Angers SCO (2-1) - Le résumé (HAC - SCO) / 2012-13,2916
2013-04-20T22:00:15Z,Havre AC - CS Sedan (1-1) - Le résumé (HAC - CSSA) / 2012-13,1823
2013-05-11T22:00:12Z,Le Mans FC - Havre AC (0-4) - Le résumé (LEMANS - HAC) / 2012-13,7484
2013-02-09T23:00:28Z,AS Monaco FC - Havre AC (2-1) - Le résumé (ASM - HAC) / 2012-13,6888
2013-04-09T10:00:27Z,Havre AC - SM Caen (1-1) - Le résumé (HAC - SMC) / 2012-13,9808
2013-04-27T22:00:13Z,Tours FC - Havre AC (1-2) - Le résumé (TOURS - HAC) / 2012-13,2488
2013-05-25T22:00:36Z,AC Arles Avignon - Havre AC (1-1) - Le résumé (ACA - HAC) / 2012-13,3782
2013-03-09T23:00:19Z,AJ Auxerre - Havre AC (4-1) - Le résumé (AJA - HAC) / 2012-13,9781
2013-04-13T22:00:15Z,Clermont Foot - Havre AC (1-1) - Le résumé (CFA - HAC) / 2012-13,2868
2012-10-20T22:00:12Z,Chamois Niortais - Havre AC (0-0) - Le résumé (NIORT - HAC) / 2012-13,1036
2013-05-18T22:00:11Z,Havre AC - Stade Lavallois (1-2) - Le résumé (HAC - LAVAL) / 2012-13,3257
2013-04-02T10:00:27Z,Nîmes Olympique - Havre AC (0-1) - Le résumé (NIMES - HAC) / 2012-13,2130
2013-02-23T23:00:15Z,FC Nantes - Havre AC (2-0) - Le résumé (FCN - HAC) / 2012-13,10377
2013-02-02T23:00:13Z,Havre AC - Dijon FCO (3-0) - Le résumé (HAC - DFCO) / 2012-13,3899
2013-01-19T23:00:13Z,Havre AC - RC Lens (2-2) - Le résumé (HAC - RCL) / 2012-13,4319
2013-03-17T14:47:44Z,Havre AC - Chamois Niortais (2-1) - Le résumé (HAC - NIORT) / 2012-13,2333
2013-05-04T22:00:10Z,Havre AC - FC Istres (2-0) - Le résumé (HAC - FCIOP) / 2012-13,2204
2013-01-26T23:00:13Z,GFC Ajaccio - Havre AC (0-1) - Le résumé (GFCA - HAC) / 2012-13,1808
2013-01-12T19:54:44Z,Havre AC - EA Guingamp (0-1) - Le résumé (HAC - EAG) / 2012-13,5836
2012-08-17T07:22:29Z,"Ocampos, en visite...",8605
2013-03-19T12:15:40Z,Présentation des joueurs du Havre Athletic Club,143
2013-06-26T07:40:19Z,Mickaël Le Bihan: « J&#39;ai encore beaucoup de chose à prouver. »,671
2013-06-03T22:26:00Z,Visite médical de neymar au barca,5302
2013-06-21T13:51:29Z,FIFA&#39;s new way to fight doping,2560
2012-12-06T16:19:27Z,"Ben Yedder, le goleador toulousain",1586
2012-09-08T19:38:48Z,RCS-Nancy II / les réactions,1176
2013-05-13T07:19:43Z,21 avril 2013 - St Desir As 1 - 1 Dozule Fc (But de Maxime Drumard),88
2013-05-13T00:34:24Z,12 mai 2013 - Dozule Fc 8 - 0 As Trouville Deauville C (2e but d&#39;Armand Hamerel),77
2013-05-10T02:40:14Z,7 octobre 2012 - Viettoise Us 1 - 3 Dozule Fc,264
