publish_date,title,view_count
2012-09-24T12:39:58Z,VM$Charley%20Fomen$Arles$Clermont$16 09 2011$0 2,172
2012-09-23T22:23:27Z,VM$Fomen$Clermont$Le Havre$30 03 2012$2 1 2,142
2012-09-08T20:06:25Z,VM$Charley%20Fomen$Clermont$Lens$19 08 2011$2 0,93
2012-12-02T13:44:14Z,VM$Charley%20Fomen$Clermot$Monaco$26 11 2012$0 1,16
2012-12-12T08:58:05Z,Clermont Foot - FC Nantes (0-1) - Le résumé (CFA - FCN) / 2012-13,4569
2012-11-03T23:47:57Z,Clermont Foot - EA Guingamp (1-2) - Le résumé (CFA - EAG) / 2012-13,4091
2012-10-29T23:32:22Z,RC Lens - Clermont Foot (2-2) - Le résumé (RCL - CFA) / 2012-13,16775
2013-05-18T22:00:11Z,AJ Auxerre - Clermont Foot (1-1) - Le résumé (AJA - CFA) / 2012-13,2278
2012-10-20T22:00:12Z,Clermont Foot - FC Istres (2-1) - Le résumé (CFA - FCIOP) / 2012-13,2971
2012-11-27T11:00:17Z,Clermont Foot - AS Monaco FC (0-1) - Le résumé (CFA - ASM) / 2012-13,7298
2012-11-03T23:58:17Z,Conférence de presse Clermont Foot - EA Guingamp (1-2) / 2012-13,115
2013-06-03T11:22:50Z,Arpad Vaš 2012/2013,1448
2012-11-02T23:24:12Z,Clermont 1-2 Guingamp : Réaction de Gregory Cerdan,306
2013-06-27T08:58:50Z,Football Equity project launch at Lesser Hampden,1120
2012-08-29T14:21:34Z,"Hervé, commentant un match de Guingamp pour Radio Bonheur",335
2012-08-14T10:40:10Z,FRANCK OHANDZA ZOA,12110
2012-12-13T14:17:30Z,Franck Bitang,124
