publish_date,title,view_count
2013-01-12T19:54:44Z,Angers SCO - Clermont Foot (1-2) - Le résumé (SCO - CFA) / 2012-13,2175
2013-05-25T22:00:36Z,Clermont Foot - Chamois Niortais (1-1) - Le résumé (CFA - NIORT) / 2012-13,1784
2013-02-09T23:00:28Z,Clermont Foot - Le Mans FC (1-1) - Le résumé (CFA - LEMANS) / 2012-13,1703
2013-01-19T23:00:13Z,Nîmes Olympique - Clermont Foot (3-0) - Le résumé (NIMES - CFA) / 2012-13,1412
2012-12-22T23:18:02Z,Clermont Foot - AJ Auxerre (1-2) - Le résumé (CFA - AJA) / 2012-13,3169
2013-02-16T23:00:14Z,Tours FC - Clermont Foot (2-1) - Le résumé (TOURS - CFA) / 2012-13,2470
2013-05-11T22:00:11Z,Clermont Foot - Châteauroux (1-0) - Le résumé (CFA - LBC) / 2012-13,1655
2013-04-13T22:00:15Z,Clermont Foot - Havre AC (1-1) - Le résumé (CFA - HAC) / 2012-13,2868
2013-05-07T10:00:27Z,FC Nantes - Clermont Foot (0-1) - Le résumé (FCN - CFA) / 2012-13,8353
2012-10-20T22:00:12Z,Clermont Foot - FC Istres (2-1) - Le résumé (CFA - FCIOP) / 2012-13,2971
2013-04-23T10:00:38Z,AS Monaco FC - Clermont Foot (4-0) - Le résumé (ASM - CFA) / 2012-13,21408
2013-01-26T23:00:13Z,Clermont Foot - SM Caen (0-0) - Le résumé (CFA - SMC) / 2012-13,1222
2012-12-15T23:00:13Z,Châteauroux - Clermont Foot (0-0) - Le résumé (LBC - CFA) / 2012-13,1209
2012-12-02T16:28:47Z,GFC Ajaccio - Clermont Foot (0-1) - Le résumé (GFCA - CFA) / 2012-13,1204
2013-04-27T22:00:13Z,Clermont Foot - GFC Ajaccio (0-2) - Le résumé (CFA - GFCA) / 2012-13,3438
2013-02-16T18:01:25Z,Conférence de presse Tours FC - Clermont Foot (2-1) / 2012-13,91
2013-04-06T22:00:13Z,EA Guingamp - Clermont Foot (0-0) - Le résumé (EAG - CFA) / 2012-13,2101
