published-time,comment,likes
2013-03-03T19:54:46Z,Aller le hac,0
2013-03-03T14:54:21Z,HAC <3,0
2013-02-18T17:50:42Z,"ouai aller le HAC !!!

",0
2013-02-17T12:16:44Z,aller le HAC !!!!!!!!!!!!!!!!!!!!,0
2013-05-12T20:16:32Z,Superbe but de fontaine tout juste magnifique !!!,1
2013-05-12T15:39:13Z,Dommage pour le mans ! National l'année prochaine !,1
2013-05-11T22:07:55Z,NAN MON FIRST :(,1
2013-05-11T22:03:58Z,First,1
2013-02-17T08:39:40Z,Allez le HAC !,0
2013-02-12T05:41:12Z,Hey oui allez l'ASM !,1
2013-06-11T13:51:25Z,Encore une fois l'arbitrage est injuste et favorise beaucoup les caennais ... Mais cela fait partie du jeu après tout...,1
2013-04-12T08:16:14Z,certes mais pour moi la il le touche pas,0
2013-04-10T14:39:34Z,"euh le peno pr le havre moi je le vois pas (et je suis arbitre)
",1
2013-04-09T18:01:04Z,Les gardiens ont fait un beau match avec des beaux arrets,1
2013-04-09T13:48:29Z,Superbe match avec une tete du pour le Havre terrible !!! bj ;),0
2013-04-09T10:42:29Z,"Le penalty pour Caen est plus évident, de plus Nabab se blesse...",0
2013-04-09T10:40:24Z,L'arbitrage de merde sérieux --' Penalty pour le HAC même pas sifflé et pour Caen sifflé --',0
2013-04-09T10:26:23Z,"L'arbitrage qui favorise les caennais ....


Beau match avec de très bon gardiens ",0
2013-04-28T16:20:44Z,"Non il n'y a pas hors jeu et oui le carton rouge est très sévère... Le HAC a empoché 4 cartons jaunes et un carton rouge alors que Tours n'en a empoché aucun... Il est possible de constater que les arbitres ont le HAC dans le nez ces derniers matchs il me semble, mais après cela fait partie du jeu !",0
2013-04-28T01:57:06Z,Sur le 2eme but du havre ya pas hors jeu ?,0
2013-04-28T01:00:45Z,"bien joué les gars, sévère le carton rouge
",0
2013-04-27T22:03:10Z,FIRST + bien joué le Havre :),0
2013-04-06T11:50:21Z,LE FCR CEST LES MEILLEUR DU MONDE,0
2013-03-10T14:28:15Z,"Messieurs les socialistes, mettez la main à la poche. Ne vous ridiculisez comme Lecanuet uniquement parce que Guy Roux et Gérard Bourgoin ne partagent pas vos opinions politiques... C'est d'abord la ferveur de toute une région qui est en jeu. C'est ça aussi le socialisme !",3
2013-03-10T14:25:25Z,"Il n'existe qu'un seul grand club de foot en Normandie, c'est le FC Rouen. 8ème de finaliste en Coupe des Villes de Foire (ancêtre de l'UEFA et de l'Europa League) en 1970. On serait encore là, si Jean Lecanuet n'avait pas flingué le club, comme est en train de le faire le maire d'Auxerre Guy Ferez avec l'AJA. Voir disparaître l'AJA me fend le cœur pour des raisons politiciennes car c'est un club mythique parti de rien. Même si Bourgoin c'est pas top, Auxerre doit survivre.",1
2013-03-10T09:00:41Z,"Allez le HAC, on va vite se relever ;)",0
2013-03-10T09:00:26Z,Pas de mal ! Kéké --',0
2013-03-09T23:05:31Z,First,0
2013-04-14T18:39:50Z,"HAC !!!
",1
2013-04-14T16:03:10Z,"Expulsion peu évidente, Clermont méritait sans doute mieux. Cela dit le coup franc havrais est magnifique.",0
2013-04-03T14:34:19Z,ALLEZ LE HAC!!!,0
2013-04-02T15:19:26Z,Aller le hac,0
2013-04-02T11:19:42Z,Il n'y a pas des images de meilleure qualite? :/,0
2013-02-24T13:20:19Z,D'autant plus que le HAC est une tres bonne equipe,0
2013-02-24T13:15:46Z,"Dsl mais quand le peno est arrive Nantes dominait depuis 5 minutes ;) Et apres ils ont parfaitement gere leur match contrairement a ce que beaucoup disent ! C'est pas si facile de battre une equipe qui joue a 10, demandez aux lensois !",0
2013-02-24T12:42:59Z,Heureusement que Michel Der Zakarian a gueulé à la mi-temps :3,0
2013-02-24T10:40:20Z,en ce moment la défense peine on perd notre statut de grosse défense,0
2013-02-24T09:42:57Z,"Tu as tout à fait raison ;)
Bien que en 2e mi-temps ça c'est grave amélioré :3
",1
2013-02-24T08:18:55Z,"""les nantais dominent"" Heu non ^^ sur le coup on c'est fait dominé par une bonne équipe du Havre... Sans le carton rouge de Rivière, c'étai défaite ou nul sur le match ^^'",0
2013-02-24T07:52:18Z,Allez Nantes !!,0
2013-02-04T01:07:24Z,ya surtout beaucoup de but,0
2013-02-05T18:19:42Z,Plus de vidéos sur ma chaine ;D,0
2013-01-20T22:14:21Z,Bien joué lensois !!!,0
2013-03-18T19:20:51Z,Juste le coup franc de Mesloub .. :),0
2013-03-18T00:45:45Z,beau spectacle!!! :),0
2013-05-05T09:59:46Z,"Bien joué, allez le HAC!",0
2013-01-26T23:13:14Z,Dommage pour le GFCA :),0
2012-12-19T21:36:35Z,"jajajaja si,si tenes razon.. XD ",0
2012-09-04T13:51:17Z,te amooooo ♥ siempre tan lindo vs !!! ♥ ,0
2012-08-20T18:05:28Z,"En River se te extraña mucho , te amo Lucas ♥",0
2012-08-17T20:20:15Z,thanks :),0
2012-08-17T20:05:07Z,"Intro (El Mundo Es Nuestro) - J-King y Maximan, Cosculluela, Polaco, Yomo, Syko & Latin Crew",0
2012-08-17T18:23:39Z,What is the song?,0
2012-08-17T14:29:58Z,Dirar qu'il lui dit bonjour et en meme temps adieu au terrain ^^ ,0
2012-08-17T12:54:03Z,"Dale pibe ayudanos a volver en la primera y luego a salir campeon de francia de nuevo !!!
Encima volver a escuchar el acento rioplatense en el vestuario es un placer imenso !!
Daghe Munegu !!! 
Frãzinho hincha del monaco desde 1987 ",0
2012-08-17T12:05:03Z,"The song at the beginning is ""Aloe blacc - I need a dollar""
",0
2012-08-17T10:32:13Z,ecomog - I Need A Dollar (feat. Aloe Blacc & A.U.),0
2012-08-17T08:41:18Z,what's the song at the beginning?,0
2013-06-21T14:58:07Z,why a robot doing the talking?,0
2013-05-10T22:15:18Z,mdr la fin dans le vestiare linterview en exclus des joueurs,0
