published-time,comment,likes
2013-04-12T17:08:20Z,"bizarrement, les matchs en corse se terminent souvent de la meme manière, ah oui c'est vraiment bizarre... comme si ils avaient du mal à accepter la defaite, comme souvent ",0
2013-03-10T09:23:07Z,GFC pfff bande de merde !,0
2013-03-07T18:25:54Z,en national et vite!,0
2013-03-06T15:11:58Z,Comme d hab avec les corse vraiment des merdier,0
2013-03-04T07:40:27Z,Trop !,0
2013-03-03T18:23:29Z,"Gazelec, cette petite équipe fouteuse de merde.",0
2013-03-03T10:43:03Z,EMMANUEL RIVIERE BORDEL !,0
2012-11-25T22:29:22Z,"Colloredo , marque des buts très jolie à chaque fois",0
2013-03-21T16:26:44Z,ALLEZ LAVAL,1
2013-03-19T14:45:23Z,"allez lensois
",1
2013-02-18T22:47:42Z,Allez lens,1
2013-02-03T20:44:40Z,Pas cette année .,1
2013-02-03T14:44:05Z,"sangs et or en ligue 1
",1
2013-02-03T12:58:27Z,"Ajaccio : L'équipe qui ne saura jamais jouer sans se battre 
Allez Lens !",1
2013-01-26T23:13:14Z,Dommage pour le GFCA :),0
2013-02-21T09:14:08Z,mon cousin teji savanier c le plus fort,0
2013-01-12T23:37:00Z,First,0
2013-06-28T07:25:05Z,Beaucoup de monde oublie l'arbitrage calamiteux et indigne de Mr Turpin dans le match Rennes/Bastia. Si celui-ci aurait arbitre ne serait-ce que correctement ce match je pense que le Sporting aurait pu faire une saison encore plus merveilleuse que celle qu'elle vient d'accomplir . Cette confrontation contre les bretons a été le départ d'une série négative et je pense que l'issue de ce match a affécté considérablement les joueurs.  ,1
2013-06-17T23:04:53Z,cette musique est devenu la musique du foot à scandale,0
2013-06-11T12:25:46Z,ce pauvre club donne une super image du foot --,3
2013-05-25T06:31:39Z,"c est parti pour une nouvelle saison de feu
",3
2013-05-19T09:59:36Z,bien jouer guingamp :) allez Nantes,4
2013-03-01T14:12:07Z,@Vod Plyeur Tu serai pas parsiens par hasard ? Après toi jte critique pas sur tes équipe que tu supporte alors la tête de con.,0
2013-03-01T14:10:09Z,"J'ai le droit de supporter une équipe qui est en ligue 2 car c'est ma ville natale, donc allez le SCO d'angers et allez l'OM",0
2013-03-01T13:36:18Z,Soit tes pour L'om sois pour angers tete de con va,0
2013-02-28T15:48:26Z,Le SCO et l'équipe que je supporte en ligue 2 mais sinon jsuis un fervent supporter de l'OM,0
2013-02-24T10:52:55Z,Allez le SCO,0
2013-05-12T15:35:45Z,Mdr Ajaccio bien que condamné gagné quand même,0
2013-03-02T19:12:57Z,Allez Nantes ! ,0
