publish_date,title,view_count
2013-04-15T21:20:46Z,CHAMPIONNAT DH PROPRIANO BOCOGNANO 2012 2013,572
2012-10-27T22:00:12Z,GFC Ajaccio - Chamois Niortais (-) - Le résumé (GFCA - NIORT) / 2012-13,1997
2012-11-14T21:23:24Z,GFC Ajaccio - Chamois Niortais (2-2) - Le résumé (GFCA - NIORT) / 2012-13,1679
2013-03-02T23:00:14Z,GFC Ajaccio - AS Monaco FC (0-1) - Le résumé (GFCA - ASM) / 2012-13,8723
2012-11-24T23:00:16Z,Tours FC - GFC Ajaccio (2-1) - Le résumé (TOURS - GFCA) / 2012-13,1581
2012-12-15T23:00:13Z,GFC Ajaccio - Stade Lavallois (3-1) - Le résumé (GFCA - LAVAL) / 2012-13,2147
2013-02-02T23:00:13Z,RC Lens - GFC Ajaccio (2-0) - Le résumé (RCL - GFCA) / 2012-13,15063
2013-01-26T23:00:13Z,GFC Ajaccio - Havre AC (0-1) - Le résumé (GFCA - HAC) / 2012-13,1808
2013-01-19T23:00:13Z,AC Arles Avignon - GFC Ajaccio (1-0) - Le résumé (ACA - GFCA) / 2012-13,2380
2013-01-12T19:38:22Z,GFC Ajaccio - FC Istres (3-2) - Le résumé (GFCA - FCIOP) / 2012-13,2595
2012-12-22T23:14:43Z,EA Guingamp - GFC Ajaccio (0-0) - Le résumé (EAG - GFCA) / 2012-13,1245
2013-06-02T08:12:05Z,"Les bagarres, discussions, carton rouges de Sporting Club de Bastia saison 2012-2013 | 720p HD",174942
2013-05-18T22:00:11Z,GFC Ajaccio - EA Guingamp (0-1) - Le résumé (GFCA - EAG) / 2012-13,6448
2012-11-04T00:01:34Z,AJ Auxerre - GFC Ajaccio (1-1) - Le résumé (AJA - GFCA) / 2012-13,2619
2013-02-09T23:00:28Z,GFC Ajaccio - Dijon FCO (0-2) - Le résumé (GFCA - DFCO) / 2012-13,2068
2013-02-23T23:00:14Z,Angers SCO - GFC Ajaccio (1-0) - Le résumé (SCO - GFCA) / 2012-13,3808
2012-11-10T23:00:16Z,GFC Ajaccio - CS Sedan (1-1) - Le résumé (GFCA - CSSA) / 2012-13,1924
2013-05-11T22:00:12Z,Stade Lavallois - GFC Ajaccio (1-2) - Le résumé (LAVAL - GFCA) / 2012-13,2263
2013-03-02T18:32:12Z,Conférence de presse GFC Ajaccio - AS Monaco FC (0-1) / 2012-13,352
2013-05-11T16:59:21Z,Conférence de presse Stade Lavallois - GFC Ajaccio (1-2) / 2012-13,187
2012-11-14T21:26:40Z,Conférence de presse GFC Ajaccio - Chamois Niortais (2-2) / 2012-13,86
2012-12-15T18:38:43Z,Conférence de presse GFC Ajaccio - Stade Lavallois (3-1) / 2012-13,60
2012-11-24T18:53:44Z,Conférence de presse Tours FC - GFC Ajaccio (2-1) / 2012-13,304
2013-01-12T19:36:01Z,Conférence de presse GFC Ajaccio - FC Istres (3-2) / 2012-13,75
2012-10-06T09:22:40Z,BASTELICACCIA  PROPRIANO DH CORSE 2012 2013,955
2012-09-29T07:02:30Z,"(J9) ASM FC - GFCA, le point presse",2822
2012-12-14T08:35:07Z,fc Bastelicaccia  ... joyeuses fetes.wmv,439
