published-time,comment,likes
2012-09-02T15:21:28Z,"je suis trop dèg monaco aurait du gagner facile ce match. Ce match est un match ""miracle"" pour le havre.Bien joué au havre ",0
2012-09-01T13:20:51Z,"Monaco mérite beaucoup plus la victoire mais bon c'est le football !
Allez l'asm <3",0
2012-09-01T12:56:37Z,Chaud le nombres d'occasions pour Monaco. Et le but de rivière c'est un enroulé FIFA 12 ?,0
2012-09-01T12:32:14Z,Score dur pour les monégasques ! Un très bon gardien Havrais des arbitres pas dans le coup ! Mais c'est pas grave la semaine prochaine victoire contre Dijon ! Aller l'ASM !!!,0
2012-09-01T11:57:23Z,Le gardien du Havre a fait des MIRACLES !,0
2012-09-01T10:04:23Z,"Le Hac <3 désolé pour vous les Monégasques, on vous souhaite une bonne continuation ! vous avez fait une bonne 2eme mi-temps mais nous on avait la première ^^  ",0
2012-09-01T08:54:18Z,Incroyable le nombre d'occasions que nous avons manque. Faudra mettre 3 but a' Dijon!,0
2012-09-01T01:10:08Z,"Sans deconner on a trop vendanger des occasions.... Germain n'etait pas dans le bain...Mais bon ce n'est qu'une defaite mais le point du match nul aurait été plus normal. Belle rentrée de Ocampos, dès qu'il sera bien adapté, il va faire des ravages!

DAGHE MUNEGU !!!!!",0
