published-time,comment,likes
2013-07-20T08:27:44Z,C'est Youcef Touati.,0
2013-07-18T09:37:52Z,Qui était le numéro 10 svp ?,0
2013-06-11T18:59:49Z,centre raté =but !!! vive eag,0
2013-05-19T19:31:35Z,"en premier je rentre
",0
2013-05-19T19:30:19Z,"moi je rentre avec fathi atik
",0
2013-01-01T14:35:34Z,laurie ... dsl ^^,0
2012-12-05T22:16:43Z,"pqoqlqllqlllppñqñaamksosolwmsliwiowoowieiolwlkllqñsm,,,.ñ@Miguel Feutren",0
2012-12-05T10:20:24Z,oui guigamp aller aller!,0
2012-12-05T03:54:49Z,Hugh,0
2012-10-03T01:21:36Z,"Belvito le premier but ;) !
",0
2013-05-13T15:10:17Z,occupe toi de ton bled arrête de faire chier l monde ,1
2013-05-01T13:58:54Z,"Zahir Attia président alwaxxda !! ils sont tombés si bas les clubs de kabylie pour avoir hannachi et zahir attia comme présidents. Bouchebah tu es victime de tes calculs, tu savais que Zahir attia y a que le costume de président qui l'interesse la gestion te reviendra de fait!! Ce que tu ne savais pas c'est que Zahir a un ego démesuré et il fera tt pour se montrer!  bouchebah s'est dit tient je vais l'installer président marionnette et moi je gère. vivement un grand président pour ce grand clu",0
