publish_date,title,view_count
2013-07-22T21:27:28Z,Teenage Footballer Dies During Match in Peru,6795
2012-10-27T22:00:12Z,Le Mans FC - Stade Lavallois (2-0) - Le résumé (LEMANS - LAVAL) / 2012-13,5535
2013-05-18T22:00:11Z,AS Monaco FC - Le Mans FC (2-1) - Le résumé (ASM - LEMANS) / 2012-13,11470
2012-09-06T13:57:33Z,PATRICK KAMGAING M F,283
2013-03-09T23:00:19Z,CS Sedan - Le Mans FC (2-1) - Le résumé (CSSA - LEMANS) / 2012-13,5841
2012-08-05T18:28:57Z,Chinonso Henry RIP,6478
2013-04-27T22:00:13Z,Le Mans FC - AC Arles Avignon (0-0) - Le résumé (LEMANS - ACA) / 2012-13,1342
2012-08-06T15:35:52Z,In memoria lui HENRY CHINONSO IHELWERE FOTBALISTUL DELTEI TULCEA.,1806
2013-05-11T22:00:12Z,Le Mans FC - Havre AC (0-4) - Le résumé (LEMANS - HAC) / 2012-13,7484
2012-11-03T23:56:42Z,Tours FC - Le Mans FC (2-0) - Le résumé (TOURS - LEMANS) / 2012-13,2900
2012-08-13T23:15:07Z,Fans of Dinamo (Bucharest) at the match with Barcelona,686
2013-04-13T00:44:19Z,Dinamovistii dupa Middlesbrough - Steaua,1576
2012-10-20T13:17:34Z,Lajmet Klan Kosova- Lendimi  i  Perparim Osmanit (14 tetor 2012),1983
2013-03-17T11:23:32Z,Petrolu-DINAMO 16.03.2013 petarda aruncata de catre suporterii dinamovisti,263
2013-05-14T09:29:33Z,Coregrafii Dinamo - Steaua (0-2) 10.05.2013,24686
2013-06-15T12:23:45Z,SUD DINAMO 6 - 0 FCM Bacau - NOI SUNTEM PELUZA SUD! (11 sept 2005),9366
2013-04-05T15:14:20Z,"Peter Griffin muore vedendo Alessandro Caparco in uscita per il TGM in Romania,SPERICOLATO",465
2012-12-01T11:56:02Z,Patrick Nkoyi in gesprek met Radio Fortuna,365
2012-10-29T17:36:53Z,Ultimele Minute din Viata Fratelui Meu !,359
2013-06-02T13:37:18Z,Romanian Ultras Scene (BalkanTifo),18390
2013-06-14T22:03:35Z,DINAMO - Viitorul Constanta (Finala Campionatului National Juniori A) 13 iunie 2013 - Atmosfera,9780
2012-12-01T21:12:42Z,Смерть футболиста(,111044
2012-12-01T16:43:08Z,Steaua Bucharest Fans 2012-2013 part 3,5636
2013-05-28T18:53:31Z,Steaua Bucharest roll out the &quot;we all fall down&quot; Bowling celebration vs FC Brasov,1747
2013-05-14T10:15:09Z,"Atmosfera dinamo - Steaua, 0-2, 10 mai 2013",130
2013-03-07T22:58:03Z,Steaua-Chelsea goal,70
2012-09-24T20:06:07Z,Danciulescu si Tucudean saluta galeria - Dinamo vs Universitatea CLUJ 2012,1539
2013-05-15T15:42:20Z,F.C.D. - Sub Acest Nume Mereu Vom Invinge (HD Quality),1786
2012-10-01T10:18:53Z,Catalin Hildan   12 ani de durere!,7354
2012-12-17T17:27:40Z,Galerii din Romania,1703
2012-11-05T18:57:32Z,Coregrafie Steaua Bucuresti - Dinamo Bucuresti,61
2013-07-26T10:59:05Z,Petrolul - Vikingur - Inceput de meci 18 July 2013 .,214
2012-08-18T12:43:09Z,PCH Concordia Chiajna - Dinamo (0-0),644
2013-03-31T20:21:05Z,"Dinamo - Astra 1-0 [ AUGH,AUGH,AUGH ]",3840
2013-03-15T17:28:26Z,Olympiakos-MANI 7,83
2013-03-17T16:34:54Z,Cầu thủ bị chồn cắn trên sân,163
2012-09-24T20:03:39Z,Cantece de galerie 7 - DINAMO impotriva dusmanilor de-o viata,1413
2013-05-12T10:54:06Z,Dinamo - Steaua 10.05.2013 Coregrafie Dinamo,165
2013-01-17T05:28:57Z,Galerie Dinamo - Ale Dinamo Ale,1711
2012-11-12T15:19:05Z,"Steaua Bukarest - Dinamo - Fans - Stimmung - Pyro, Pyrotechnik",821
2012-12-14T07:29:26Z,11 metri,333
2013-02-13T17:14:36Z,Peluza Catalin Hildan 2012 ( Fc Dinamo Bucuresti) 720p HD.avi,3853
2012-08-26T18:30:11Z,miklos feher mort en plein match ( HOMMAGE),28370
2012-11-05T11:34:15Z,Steaua-Dinamo 3-1 prezentare jucatori,696
2013-07-26T16:38:25Z,Peluza Catalin Hildan  ( Dinamo Bucuresti ),859
2013-07-16T11:37:57Z,MONTAGE | Man City - Marc Vivien Foe #1,18847
2013-03-03T13:49:30Z,"PCH la inaltime in deplasare, la steaua - Dinamo 04.11.2012",4095
2012-10-04T15:33:27Z,Dynamo vs Impact : Avant-match / Pregame - Patrice Bernier,298
2012-10-22T22:14:49Z,"DINAMO 2 - 1 rapid (22 oct 2012) Atmosfera din PCH, gol Marius Alexe, salutul jucatorilor",12738
2013-03-17T15:29:35Z,"Cea mai tare GALERIE,ole ole multumim Petroluleeeee !!!",2669
