publish_date,title,view_count
2013-07-18T00:02:30Z,Résumé de la rencontre Le Havre-UNFP - STAGE UNFP 2013,1811
2012-12-03T15:33:34Z,But | Football | BonitoFoot | Touati,86
2012-12-04T11:04:38Z,EA Guingamp - FC Istres (1-0) - Le résumé (EAG - FCIOP) / 2012-13,4291
2013-07-18T17:26:01Z,Yannis Salibur,12129
2013-02-24T00:30:09Z,MOB 2-0 ASK (résumé),356
2013-01-21T16:26:57Z,Adnane Youssef - French Ligue 1 Mobile Forward .mpg,2360
2013-04-06T22:00:13Z,FC Istres - Stade Lavallois (2-2) - Le résumé (FCIOP - LAVAL) / 2012-13,2001
2012-10-28T14:46:49Z,Passe aveugle d&#39;Enzo Reale contre Bilbao,145
2012-10-02T10:07:41Z,Résumé du match US Orléans - Red Star 93 (2-1) du 28 Septembre 2012,1070
2012-12-12T23:00:14Z,FC Istres - Havre AC (3-0) - Le résumé (FCIOP - HAC) / 2012-13,1024
2013-05-26T15:48:54Z,HIGHLIGHT SOCCER SAMIR DIRI,3181
2013-02-26T09:54:14Z,Reportage sur le MOBéjaia (NessmaTV),11277
2013-05-03T08:31:27Z,Wikibee Istres - Istres - Guingamp : gare à l&#39;En Avant !,68
2012-09-07T16:33:56Z,Red star.mov,98
2013-01-26T22:15:47Z,الجولة السادسة عشر25 جانفي2013:شباب تبسبست- إتحاد الأغواط,1997
2013-03-28T12:08:31Z,Équipe Nationale U17 : Ben Sultane assez confiant,547
