published-time,comment,likes
2013-07-23T04:40:13Z,"always the same story..something must be occur to recently take precautions,the ambulance lacked a defibrillator..rest in peace compatriot",0
2013-07-22T21:46:05Z,"Very Very Sorry .. Hope you rest in Peace
",0
2013-05-23T22:25:12Z,"Les gens qui parlent de l'ambiance :p  J'y etait, avec les ultras et l'ambiance etait excelente surtout pour un match de ligue 2 :)",3
2013-05-20T20:55:12Z,"C'est là qu'on voit qui ouvrait son Bescherelle à l'école mais avec ton niveau c'est même à se demander si tu l'avais acheté en fait. Il faut changer de disque sur les supporters monégasques, la population monégasque est vieillissante et peu intéressée par le football. Club en carton avec 7 titres de Champion de France, 5 coupes de France, 1 de la Ligue et une finale de C1, je prends quand même.",2
2013-05-20T11:10:08Z,Vive jérémie janot!!!!!,2
2013-05-20T01:38:05Z,Lol l'ambiance de merde c la qu'on voit que l'argent ne fai pas tout le sta n'aime me pas rempli club en carton!!!,2
2013-05-19T17:40:17Z,"tu est pour quel équipe toi 
",2
2013-05-19T16:17:24Z,"Change de disque DrDJEKILL7, toujours les mêmes choses, Monaco et ses supporters, en tout cas sache que Monaco, c'est des supporters partout en France ( d'ou tout les groupes de supporters de partout ) et à l'étranger ( notamment en Espagne et en Italie ) et puis je peux te dire, il y en a de plus en plus maintenant ;)",2
2013-05-19T00:54:33Z,Quel tacle con et dangereux de Touré quesqui lui passe par la téte serieux si il le touche il lui casse la cheville !,2
2013-03-09T23:58:43Z,"encor une def :s
",1
2013-01-11T11:21:23Z,melodia se numeste AI PLECAT si este cantata de FATA MORGANA.,0
2012-08-18T12:29:37Z,la acest video nu se da like si dislike ,0
2012-08-17T09:55:09Z,"Trebuie sa fi retardat ca sa dai like la asa cv!!!! nu ai cum sa daiu like la imaginle unui om in timp ce murea!ma rog cu putine exceptii....
",0
2012-08-12T14:12:02Z,"subliniez  si cel mai bun jucator depe teren  nu te vom uita niciodata
",0
2012-08-08T13:52:15Z,delta ar trebui sa retraga numarul lui henry si ca stadionul sa se numeasca stadionul henry chinonso tulcea,0
2012-08-08T12:54:40Z,Dumnezeu sa-l ierte! Pacat ca era foarte tanar :(,0
2012-08-07T14:34:01Z,Ambulanta vietii ,0
2012-08-07T13:10:25Z,"merci ptr apreciere,nu imi vine sa cred ce am pierdut.",0
2012-08-07T08:37:17Z,"Deci  cine da dislike la asa ceva nu are deloc suflet :|
Nu ai cum sa dai dislike la asa ceva:|",0
2012-08-07T08:28:10Z,Nici numi venea $a cred....Cum A putut $a plece de langa noi aa repede :((( Tulcea e$te in doliu!!!!,0
2013-05-12T20:16:32Z,Superbe but de fontaine tout juste magnifique !!!,1
2013-05-12T15:39:13Z,Dommage pour le mans ! National l'année prochaine !,1
2013-05-11T22:07:55Z,NAN MON FIRST :(,1
2013-05-11T22:03:58Z,First,1
2013-06-13T09:38:09Z,REPUBLICA PLOIESTI !,0
2013-06-03T20:26:07Z,Doar Petrolul! Lupii Galbeni,0
2013-06-03T08:43:24Z,Petrolul Ploiesti :x:x:x,0
2013-06-03T08:41:07Z,Petroloo alee!!!,0
2013-07-17T10:10:16Z,si noi pe tine :),0
2013-07-12T13:13:58Z,"noi oferim spectacol de calitate la meciurile juniorilor altii nici in "" derby-uri "" nu sunt in stare sa ofere ceva suficient de bine facut si cu toate astea tot se gasesc cativa anonimi sa planga p'aici..",3
2013-06-27T13:48:29Z,MA PIS PE VOI SI PE dinamU,0
2013-06-23T22:35:31Z,:D,0
2013-06-21T13:37:27Z,MUIE STEAUAAAAAAAAAAAAAAAAAAAAAAAAAAA,1
2013-06-20T09:53:27Z,muie dinamo <3,0
2013-06-19T13:31:21Z,"ALE ALE ALEOOO GALERIA DINAMOOO ISI BAGA PULA-N steaua SI-N TOATA ISTORIA SA,SA-I FUTEM FAMILIAAA !!!",1
2013-06-19T13:30:50Z,marsh la turma spurcatule !!,0
2013-06-15T14:51:43Z,"ASA rege, ASA FOTBAL!!!!
",0
2013-06-15T14:47:41Z,"Suntem Unici!!!
",0
2013-03-21T11:25:03Z,o sa fac dar am putin material acum :)mai astept.,0
2013-03-20T10:56:45Z,decat prima secventa se aude in partea stanga,1
2013-02-17T08:40:39Z,"IUBIM STEAUA !!!
",0
2013-01-15T00:08:52Z,"fortza Steaua!!!!US 24!!!!!!!
",0
2012-12-19T17:01:46Z,forza steaua ,0
2013-05-31T07:19:48Z,Iubim fara regrete DINAMO!!,0
2013-05-15T19:32:41Z,Superb!!! Numai din invidie pot spune unii ca aceasta coregrafie nu a aratat bine.,1
2012-10-01T12:36:00Z,:(,0
2013-07-31T15:24:23Z,"la U cand nu era walter era pe locul trei la oameni pe stadion la un meci   si cand era la un meci normal se vindeau 5000 de bilete si erau vandute peste 15000 de abonamente
",0
2013-07-31T15:22:27Z,"mai frumoasa ca toate
otelu  2000 de oameni",0
2013-07-31T15:21:37Z,"u cluj!?
",0
2013-06-08T11:09:22Z,FORZA OTELUL !,0
2013-06-07T16:19:47Z,"Adevarat, cele mai frumoase galerii din Romania.",0
2012-10-07T20:28:01Z,Ce sa strige si saracii astia de foame..,0
2013-06-04T08:15:45Z,DINAMOOOO !,0
2013-05-29T12:14:32Z,Vezi sa nu-i fie dor de ma-ta lu' Catalin :),0
2013-05-05T22:45:23Z,Iubesc DINAMO,0
2013-03-05T13:03:13Z,"frumos filmulet . bravo !
",0
2013-06-28T07:38:12Z,lukas suzuka:))))),0
2013-04-29T19:15:34Z,"Suntem ""U""nici !",1
2013-03-29T14:29:26Z,"0:40 , hai cataline . asa ma rugam si eu :))",0
2013-03-13T22:12:54Z,Respect! PCH! ,0
2013-02-15T16:04:25Z,And you did it....FUCK steaua!!!!!!,0
2012-12-19T10:26:39Z,"prietene,cand o sa aveti asa fani,atunci sa comentezi
",1
2012-11-20T13:37:42Z,GALERIE DE CRETINI SI MINORI MANDRIA cAINILOR BILETE GRATIS LA jUNIORI:))))))))))mergeti cu copii si stai unul la 2 scaune sa va vedeti mai multi:))))) super gALERIE:)))ATENTI LA ABSENTELE DE LA GADINITA JUNIORII pCH,0
2012-10-23T16:48:13Z,Forzza Dinamo!!!,0
2012-10-23T14:18:08Z,Bag pula'n steaua !,1
2012-10-22T23:19:57Z,"foarte tare modul cum s-a bucurat Alexe..cu tricoul pus pe steagu' de la colt....si imi place si ""latratul"" ala dupa gol care il baga crainicul.....:) !",0
2013-04-13T20:53:39Z,"bravo lor
",0
