publish_date,title,view_count
2012-11-03T23:58:17Z,Châteauroux - Dijon FCO (2-2) - Le résumé (LBC - DFCO) / 2012-13,2122
2013-01-26T23:00:13Z,Châteauroux - FC Istres (2-0) - Le résumé (LBC - FCIOP) / 2012-13,1782
2013-04-16T10:00:25Z,Châteauroux - FC Nantes (0-4) - Le résumé (LBC - FCN) / 2012-13,13024
2012-12-22T23:21:50Z,SM Caen - Châteauroux (1-0) - Le résumé (SMC - LBC) / 2012-13,3407
2013-03-09T23:00:19Z,Châteauroux - AS Monaco FC (1-1) - Le résumé (LBC - ASM) / 2012-13,3515
2013-02-09T23:00:28Z,Châteauroux - EA Guingamp (3-1) - Le résumé (LBC - EAG) / 2012-13,4246
2013-02-02T23:00:13Z,Tours FC - Châteauroux (3-1) - Le résumé (TOURS - LBC) / 2012-13,2651
2012-10-27T22:00:12Z,Angers SCO - Châteauroux (1-0) - Le résumé (SCO - LBC) / 2012-13,1659
2013-01-12T19:38:22Z,Châteauroux - CS Sedan (1-1) - Le résumé (LBC - CSSA) / 2012-13,1155
2013-03-30T23:00:14Z,Châteauroux - Angers SCO (2-3) - Le résumé (LBC - SCO) / 2012-13,5472
2012-11-24T23:00:16Z,Chamois Niortais - Châteauroux (2-2) - Le résumé (NIORT - LBC) / 2012-13,1217
2013-05-11T22:00:11Z,Clermont Foot - Châteauroux (1-0) - Le résumé (CFA - LBC) / 2012-13,1655
2012-11-10T23:00:16Z,FC Nantes - Châteauroux (1-1) - Le résumé (FCN - LBC) / 2012-13,3438
2013-04-06T22:00:13Z,Dijon FCO - Châteauroux (1-1) - Le résumé (DFCO - LBC) / 2012-13,1835
2013-05-25T22:00:36Z,Stade Lavallois - Châteauroux (3-2) - Le résumé (LAVAL - LBC) / 2012-13,10942
2013-05-04T22:00:10Z,Châteauroux - Nîmes Olympique (2-1) - Le résumé (LBC - NIMES) / 2012-13,2027
2012-12-15T23:00:13Z,Châteauroux - Clermont Foot (0-0) - Le résumé (LBC - CFA) / 2012-13,1209
2012-08-26T22:00:11Z,Goal Maxime BARTHELME (18&#39;) - ESTAC Troyes - FC Lorient (2-2) / 2012-13,324
2013-05-12T18:50:02Z,FC Lorient - AS Saint-Etienne (3-1) - Highlights (FCL - ASSE) / 2012-13,934
2013-04-14T22:00:18Z,But Benjamin CORGNET (55&#39;) - FC Lorient - SC Bastia (4-1) / 2012-13,1903
2013-01-12T19:36:01Z,Conférence de presse Châteauroux - CS Sedan (1-1) / 2012-13,61
2013-04-20T22:00:15Z,Châteauroux - Chamois Niortais (1-0) - Le résumé (LBC - NIORT) / 2012-13,1207
2013-02-16T23:00:28Z,RC Lens - Châteauroux (4-3) - Le résumé (RCL - LBC) / 2012-13,19970
2013-01-19T23:00:13Z,Le Mans FC - Châteauroux (2-0) - Le résumé (LEMANS - LBC) / 2012-13,3623
2013-04-27T22:00:13Z,AJ Auxerre - Châteauroux (0-0) - Le résumé (AJA - LBC) / 2012-13,1296
2012-10-20T22:00:12Z,Châteauroux - GFC Ajaccio (3-1) - Le résumé (LBC - GFCA) / 2012-13,4490
2013-02-23T23:00:14Z,Châteauroux - AC Arles Avignon (2-0) - Le résumé (LBC - ACA) / 2012-13,2431
2013-03-25T23:19:40Z,GFC Ajaccio - Châteauroux (1-1) - Le résumé (GFCA - LBC) / 2012-13,1124
2013-02-09T18:38:30Z,Conférence de presse Châteauroux - EA Guingamp (3-1) / 2012-13,147
2012-12-23T23:00:25Z,Goal PEDRINHO (90&#39; +2) - FC Lorient - Stade de Reims (2-2) / 2012-13,228
2012-12-12T23:00:14Z,Nîmes Olympique - Châteauroux (2-0) - Le résumé (NIMES - LBC) / 2012-13,1065
2013-02-02T18:13:40Z,Conférence de presse Tours FC - Châteauroux (3-1) / 2012-13,98
2012-11-04T00:08:50Z,Conférence de presse Châteauroux - Dijon FCO (2-2) / 2012-13,72
2013-01-26T20:50:40Z,Conférence de presse Châteauroux - FC Istres (2-0) / 2012-13,69
2012-11-18T23:00:18Z,Goal Benjamin CORGNET (69&#39;) - FC Lorient - LOSC Lille (2-0) / 2012-13,495
2012-11-24T18:44:49Z,Conférence de presse Chamois Niortais - Châteauroux (2-2) / 2012-13,74
2013-03-09T18:35:13Z,Conférence de presse Châteauroux - AS Monaco FC (1-1) / 2012-13,95
2012-12-23T23:00:25Z,Goal Maxime BARTHELME (48&#39;) - FC Lorient - Stade de Reims (2-2) / 2012-13,515
2013-01-20T23:00:15Z,Goal Enzo REALE (27&#39;) - FC Lorient - ESTAC Troyes (3-2) / 2012-13,441
2013-01-20T23:00:31Z,Goal Fabien CAMUS (88&#39;) - FC Lorient - ESTAC Troyes (3-2) / 2012-13,95
2013-04-14T22:00:14Z,Goal Yann JOUFFRE (45&#39;) - FC Lorient - SC Bastia (4-1) / 2012-13,76
2012-08-12T21:59:08Z,Flash Interview ESTAC - Valenciennes : Benjamin Nivet / 2012-13,694
2013-03-12T06:21:17Z,camara aboubacar james,163
2013-03-31T22:00:20Z,Goal Jérémie ALIADIERE (42&#39;) - Girondins de Bordeaux - FC Lorient (1-1) / 2012-13,149
2013-03-10T23:00:32Z,Goal Ronald ZUBAR (75&#39;) - AC Ajaccio - FC Lorient (1-0) / 2012-13,451
2013-03-17T23:00:40Z,Goal Gilles SUNU (81&#39;) - FC Lorient - Stade Brestois 29 (4-0) / 2012-13,172
2013-02-20T09:20:45Z,"(J25) DFCO - ASMFC, les réactions",575
2013-01-29T19:37:05Z,Barbier Show Nancy Lorient,3465
2012-08-12T23:13:31Z,But EDUARDO (11&#39;) - OGC Nice - AC Ajaccio (0-1) / 2012-13,1272
2013-03-17T23:00:40Z,Goal Julien QUERCIA (3&#39;) - FC Lorient - Stade Brestois 29 (4-0) / 2012-13,279
