publish_date,title,view_count
2013-05-11T22:00:11Z,FC Istres - Dijon FCO (2-3) - Le résumé (FCIOP - DFCO) / 2012-13,2777
2013-01-29T11:01:43Z,Dijon FCO - RC Lens (2-1) - Le résumé (DFCO - RCL) / 2012-13,4967
2013-03-02T23:00:14Z,Dijon FCO - Chamois Niortais (1-1) - Le résumé (DFCO - NIORT) / 2012-13,1797
2013-01-12T19:54:44Z,Dijon FCO - Le Mans FC (3-0) - Le résumé (DFCO - LEMANS) / 2012-13,3850
2013-03-19T11:01:19Z,Dijon FCO - FC Nantes (3-1) - Le résumé (DFCO - FCN) / 2012-13,11282
2013-03-30T23:00:13Z,AJ Auxerre - Dijon FCO (0-0) - Le résumé (AJA - DFCO) / 2012-13,1750
2013-05-18T22:00:11Z,Dijon FCO - AC Arles Avignon (2-3) - Le résumé (DFCO - ACA) / 2012-13,3417
2013-04-20T22:00:15Z,Dijon FCO - Stade Lavallois (1-0) - Le résumé (DFCO - LAVAL) / 2012-13,1987
2013-02-23T23:00:14Z,Clermont Foot - Dijon FCO (0-0) - Le résumé (CFA - DFCO) / 2012-13,966
2012-12-15T23:00:13Z,Dijon FCO - FC Istres (3-1) - Le résumé (DFCO - FCIOP) / 2012-13,2353
2013-04-27T22:00:13Z,SM Caen - Dijon FCO (2-2) - Le résumé (SMC - DFCO) / 2012-13,12547
2013-04-13T22:00:15Z,Nîmes Olympique - Dijon FCO (1-1) - Le résumé (NIMES - DFCO) / 2012-13,1260
2012-12-22T23:16:45Z,AC Arles Avignon - Dijon FCO (1-1) - Le résumé (ACA - DFCO) / 2012-13,2242
2013-02-19T11:00:50Z,Dijon FCO - AS Monaco FC (0-2) - Le résumé (DFCO - ASM) / 2012-13,8383
2013-05-04T22:00:10Z,Dijon FCO - CS Sedan (4-2) - Le résumé (DFCO - CSSA) / 2012-13,5786
2013-04-06T22:00:13Z,Dijon FCO - Châteauroux (1-1) - Le résumé (DFCO - LBC) / 2012-13,1835
2013-02-19T02:55:27Z,CS Sedan - Dijon FCO (0-1) - Le résumé (CSSA - DFCO) / 2012-13,881
2013-05-25T22:00:36Z,EA Guingamp - Dijon FCO (2-0) - Le résumé (EAG - DFCO) / 2012-13,24486
2013-03-09T23:00:20Z,Angers SCO - Dijon FCO (3-3) - Le résumé (SCO - DFCO) / 2012-13,7109
2012-12-01T23:00:32Z,Dijon FCO - SM Caen (1-0) - Le résumé (DFCO - SMC) / 2012-13,3400
2012-11-10T23:00:16Z,Dijon FCO - Nîmes Olympique (2-1) - Le résumé (DFCO - NIMES) / 2012-13,1450
2012-11-24T23:00:15Z,Stade Lavallois - Dijon FCO (3-0) - Le résumé (LAVAL - DFCO) / 2012-13,2666
2013-01-19T23:00:13Z,Tours FC - Dijon FCO (3-1) - Le résumé (TOURS - DFCO) / 2012-13,3416
2013-02-02T23:00:13Z,Havre AC - Dijon FCO (3-0) - Le résumé (HAC - DFCO) / 2012-13,3899
2013-03-02T18:39:19Z,Conférence de presse Dijon FCO - Chamois Niortais (1-1) / 2012-13,38
2013-02-09T23:00:28Z,GFC Ajaccio - Dijon FCO (0-2) - Le résumé (GFCA - DFCO) / 2012-13,2068
2013-01-29T00:00:54Z,Conférence de presse Dijon FCO - RC Lens (2-1) / 2012-13,239
2013-04-20T19:32:04Z,Conférence de presse Dijon FCO - Stade Lavallois (1-0) / 2012-13,59
2013-01-19T18:32:07Z,Conférence de presse Tours FC - Dijon FCO (3-1) / 2012-13,98
2012-11-18T23:00:16Z,But Samuel BOUHOURS (11&#39; csc) - AC Ajaccio - FC Sochaux-Montbéliard (0-1 / 2012-13,688
2013-02-17T22:03:08Z,Roussillon CSC Sochaux 3-2 PSG,578
