publish_date,title,view_count
2012-08-31T19:38:12Z,le mans fc - clermont foot  3-1   (1-0) fousseyni cissé,1925
2013-02-09T23:00:28Z,Clermont Foot - Le Mans FC (1-1) - Le résumé (CFA - LEMANS) / 2012-13,1703
2013-02-16T23:00:14Z,Le Mans FC - SM Caen (1-1) - Le résumé (LEMANS - SMC) / 2012-13,4572
2013-01-26T23:00:13Z,AJ Auxerre - Le Mans FC (1-1) - Le résumé (AJA - LEMANS) / 2012-13,3332
2013-02-23T23:00:15Z,Chamois Niortais - Le Mans FC (2-3) - Le résumé (NIORT - LEMANS) / 2012-13,7307
2013-04-20T22:00:15Z,EA Guingamp - Le Mans FC (6-1) - Le résumé (EAG - LEMANS) / 2012-13,23539
2012-10-27T22:00:12Z,Le Mans FC - Stade Lavallois (2-0) - Le résumé (LEMANS - LAVAL) / 2012-13,5535
2013-01-19T23:00:13Z,Le Mans FC - Châteauroux (2-0) - Le résumé (LEMANS - LBC) / 2012-13,3623
2013-04-13T22:00:15Z,Le Mans FC - FC Istres (1-2) - Le résumé (LEMANS - FCIOP) / 2012-13,1789
2013-05-04T22:00:10Z,GFC Ajaccio - Le Mans FC (1-3) - Le résumé (GFCA - LEMANS) / 2012-13,6461
2013-03-09T23:00:19Z,CS Sedan - Le Mans FC (2-1) - Le résumé (CSSA - LEMANS) / 2012-13,5841
2013-02-02T23:00:14Z,Le Mans FC - FC Nantes (0-3) - Le résumé (LEMANS - FCN) / 2012-13,15298
2013-03-02T23:00:14Z,Le Mans FC - Angers SCO (0-2) - Le résumé (LEMANS - SCO) / 2012-13,6795
2013-03-17T14:47:37Z,Le Mans FC - Nîmes Olympique (0-3) - Le résumé (LEMANS - NIMES) / 2012-13,2286
2013-05-11T22:00:12Z,Le Mans FC - Havre AC (0-4) - Le résumé (LEMANS - HAC) / 2012-13,7484
2012-12-22T23:17:29Z,Le Mans FC - AS Monaco FC (2-3) - Le résumé (LEMANS - ASM) / 2012-13,14787
2013-04-06T22:00:13Z,Le Mans FC - Tours FC (1-0) - Le résumé (LEMANS - TOURS) / 2012-13,5503
2013-05-18T23:28:37Z,Goal Fousseni DIAWARA (5&#39;) - Stade Rennais FC - AC Ajaccio (1-1) / 2012-13,720
2013-01-19T18:19:53Z,Conférence de presse Le Mans FC - Châteauroux (2-0) / 2012-13,136
2012-10-14T12:37:32Z,Pénalty n° 1 Fousseyni,96
2012-08-21T22:25:12Z,4eme Journée de L2 2012-2013 : Le Mans-Auxerre (3-1).,3772
2013-02-16T19:29:56Z,Conférence de presse Le Mans FC - SM Caen (1-1) / 2012-13,92
2012-09-14T14:21:47Z,Le Mans - Dijon 1/2 - 2éme journée Ligue 2 [03-08-12],991
2013-06-05T22:54:35Z,CHEIKH SAAD - HIGHLIGHTS,179
2012-08-31T17:59:23Z,Arles Vs Nantes 2-1,39
2013-02-27T16:02:20Z,Le Mans-Monaco,207
2013-05-04T17:27:03Z,Conférence de presse GFC Ajaccio - Le Mans FC (1-3) / 2012-13,325
2013-05-06T16:03:04Z,Le Mans FC : une souscription de soutien et une reprise qui se fait attendre,565
2012-12-01T23:00:17Z,AC Arles Avignon - Le Mans FC (0-0) - Le résumé (ACA - LEMANS) / 2012-13,934
2012-12-17T14:58:44Z,"Idrissa Sylla, Attaquant du MANS FC",22567
2013-07-02T15:49:03Z,Le Mans FC : reprise de l&#39;entrainement et méthode coué,398
2013-05-25T17:18:41Z,Derniers instant du MMArena le mans fc en national .... le coeur lourd,496
2012-12-06T17:52:07Z,Le Mans FC auditionné par le DNCG,106
2012-10-12T16:45:38Z,Le Mans 4 - 5 Lens - 2007-2008,15090
2013-05-14T15:15:06Z,Au coeur des membres de l&#39;ASF93 pour la montée en CFA 2.,779
2013-05-25T16:56:49Z,Le Mans FC-Lens (1-0) But 7&quot;min de Baby !!! magnifique ouverture du score!!,271
2013-02-09T18:47:58Z,Conférence de presse Clermont Foot - Le Mans FC (1-1) / 2012-13,138
2012-08-21T06:00:12Z,20-8-2012  lemans fc - aj auxerre but anthony derouard (2-1),966
2012-10-24T10:09:44Z,Laval - Angers 11.12.2012 FOTBAL The most important phases,1075
2012-08-21T06:14:20Z,20-8-2012 le mans fc  aj auxerre but frederic thomas 3-1,742
2012-12-22T23:32:37Z,Conférence de presse Le Mans FC - AS Monaco FC (2-3) / 2012-13,446
2013-03-17T14:57:17Z,Conférence de presse FC Istres - Clermont Foot (0-0) / 2012-13,41
2012-12-12T23:07:37Z,Conférence de presse Le Mans FC - GFC Ajaccio (1-0) / 2012-13,61
