publish_date,title,view_count
2012-12-17T14:58:44Z,"Idrissa Sylla, Attaquant du MANS FC",22567
2012-12-02T10:10:37Z,Corte 1-3 (a.p) Bastia Coupe de France 5. round (2010-2011),294
2013-04-20T22:00:15Z,EA Guingamp - Le Mans FC (6-1) - Le résumé (EAG - LEMANS) / 2012-13,23539
2013-04-09T07:32:58Z,sylla,1482
2013-01-26T23:00:13Z,AJ Auxerre - Le Mans FC (1-1) - Le résumé (AJA - LEMANS) / 2012-13,3332
2013-03-30T23:00:14Z,Stade Lavallois - Le Mans FC (2-1) - Le résumé (LAVAL - LEMANS) / 2012-13,6269
2012-12-15T23:00:13Z,Havre AC - Le Mans FC (1-0) - Le résumé (HAC - LEMANS) / 2012-13,1727
2013-05-18T22:00:11Z,AS Monaco FC - Le Mans FC (2-1) - Le résumé (ASM - LEMANS) / 2012-13,11470
2012-12-01T23:00:17Z,AC Arles Avignon - Le Mans FC (0-0) - Le résumé (ACA - LEMANS) / 2012-13,934
2012-11-24T23:00:16Z,Le Mans FC - EA Guingamp (0-2) - Le résumé (LEMANS - EAG) / 2012-13,2771
2013-02-02T23:00:14Z,Le Mans FC - FC Nantes (0-3) - Le résumé (LEMANS - FCN) / 2012-13,15298
2012-12-22T23:17:29Z,Le Mans FC - AS Monaco FC (2-3) - Le résumé (LEMANS - ASM) / 2012-13,14787
2012-12-12T23:00:14Z,Le Mans FC - GFC Ajaccio (1-0) - Le résumé (LEMANS - GFCA) / 2012-13,1928
2013-03-12T09:39:37Z,sylla.issiaga,709
2012-11-24T15:45:11Z,Les plus beaux et les plus précieux buts l&#39;histoire de Sporting Club de Bastia!,5682
2013-04-27T22:00:13Z,Le Mans FC - AC Arles Avignon (0-0) - Le résumé (LEMANS - ACA) / 2012-13,1342
2013-07-20T19:31:00Z,Abdoul Sylla: I want to find a good team in Europe,1332
2013-05-18T23:54:14Z,Goal Issiaga SYLLA (14&#39;) - FC Sochaux-Montbéliard - Toulouse FC (1-2) / 2012-13,375
2013-05-18T20:57:11Z,Conférence de presse AS Monaco FC - Le Mans FC (2-1) / 2012-13,290
2013-03-12T06:56:25Z,sylla.issiaga,73
2013-04-20T19:37:51Z,Conférence de presse EA Guingamp - Le Mans FC (6-1) / 2012-13,445
2013-02-03T13:46:00Z,Skulason en Delaplace: &quot;Het geluk van een ploeg die bovenaan staat&quot;,1240
2013-04-02T18:48:03Z,Athletic Bilbao - Rayo Vallecano [0-1] Bangoura,119
2012-11-22T13:44:11Z,Soumah Naby Higlight,2419
2013-03-10T23:00:37Z,Goal Mohamed YATTARA (90&#39;) - ESTAC Troyes - Stade de Reims (4-2) / 2012-13,1040
2013-05-11T19:22:33Z,Goal Davy De Fauw 2-1 Lokeren-Zulte Waregem,574
2013-05-14T19:17:33Z,SV Zulte Waregem U21 Bekerwinnaars 2012-2013,603
2013-01-14T13:22:48Z,Augusto - Best Moments Season 2012/2013,292
2012-09-28T09:09:54Z,RYAN NELSEN ON ROYALS DEFEAT,386
2012-12-18T16:45:21Z,"Giorgi Makaridze, Gardien LEMANS FC",2715
2013-03-18T12:40:07Z,Andros Townsend goal from Loftus Road QPR vs Sunderland,1642
2012-09-15T21:02:18Z,Calvin Zola vs Oxford United,6100
2012-12-20T11:16:43Z,"Massiré KANTE, joueur LEMANS FC",2671
2013-06-05T22:43:18Z,RONALDO AU MAROC : RAYANE BARTINE,734
2012-09-04T09:59:17Z,ზუგდიდი - დილა არჩათვლილი პენალტი,1001
2013-03-16T12:59:20Z,Mbaye leye Best goals,3045
2013-05-05T22:00:14Z,Toulouse FC - LOSC Lille (4-2) - Le résumé (TFC - LOSC) / 2012-13,24943
2013-02-18T15:51:46Z,How to Pronounce Fernando Amorebieta,484
2013-05-14T07:27:41Z,"Mbaye Leye, Joueur du mois d&#39;avril VOOfoot-DH",4806
2013-01-20T12:17:28Z,ALHASSANE KEITA OTCHICO,3647
2013-02-18T18:32:49Z,World goal Thorgan Hazard SV Zulte Waregem vs Lokeren 09.02.2013,22749
2013-07-02T15:49:03Z,Le Mans FC : reprise de l&#39;entrainement et méthode coué,398
2013-05-05T22:00:15Z,Toulouse FC - LOSC Lille (4-2) - Highlights (TFC - LOSC) / 2012-13,1582
2013-01-08T10:02:49Z,Dominique Douala Attaquant Caiman fc,258
2013-02-01T18:15:47Z,Inside Bruno &amp; Gillet,10060
2013-07-09T15:26:25Z,Maccabi Haifa vs Neftchi Baku am 06.07. in Jenbach,2553
2013-01-30T22:15:01Z,Συνέντευξη Abdoul Razzagui Camara 30 01 2013,12049
2012-08-31T17:59:09Z,Le Mans - Clermont 3-1,106
2013-02-23T11:26:02Z,Calvin Zola goal for Burton,329
2012-09-21T22:49:54Z,Roda Kerkrade - FC Utrecht 0 - 1 All Highlights And Goals 21.09.2012,364
