publish_date,title,view_count
2013-01-09T18:04:35Z,Misuraca Gianvito Juventus - Vicenza 1 ITA Pokal  21_07_2009.mp4,671
2012-09-05T07:27:00Z,Vicenza 3-1 Cesena 01/09/2012 2012-13 - 2°,276
2012-09-02T08:36:19Z,Di Matteo e Misuraca dopo Vicenza-Cesena,356
2012-09-03T03:12:29Z,Vicenza 3-1 Cesena 01/09/2012 2012-13 - 2° (No　Voice),1669
2012-09-01T22:54:18Z,Serie B Win 2012-2012: 2ª giornata - Vicenza vs Cesena (01.09.2012),3718
2012-09-01T23:09:48Z,Serie B Win 2012-2012: 2ª giornata - Vicenza vs Cesena (gara integrale),1947
2012-10-06T16:21:08Z,Serie B Win 2012-2013 - 8ª giornata: Bari vs Vicenza (06.10.2012 gara integrale),1560
2012-10-20T15:44:41Z,Serie B Win 2012-2013 - 10ª giornata: Ternana vs Vicenza (20.10.2012 gara integrale),1841
2013-01-04T22:03:45Z,"Calcio, Scommesse e la Palermo RosaNero: Calcio d&#39;Inizio, puntata 12",179
2012-10-28T08:42:36Z,SpVg. 1920 Köln-Flittard e. V.  Gegen   FV Wiehl 2000 .,637
2012-12-24T00:46:15Z,Serie B Win 2012-2013 - 20ª giornata: Vicenza vs Modena (23.12.2012),1126
2012-10-29T06:36:47Z,Serie B Win 2012-2013 - 11ª giornata: Vicenza vs Crotone (27.10.2012),642
2012-10-27T16:28:22Z,Serie B Win 2012-2013 - 11ª giornata: Vicenza vs Crotone (27.10.2012 gara integrale),508
2012-11-03T21:15:45Z,Serie B Win 2012-2013 - 13ª giornata: Vicenza vs Lanciano (03.11.2012),1629
2012-10-20T15:19:00Z,Ventura: &#39;&#39;Ogbonna fuori per precauzione&#39;&#39;,441
2013-07-23T00:59:42Z,AMICHEVOLE INTER vs VICENZA - Tuttincampo calciomercato 22/07/2013,267
