published-time,comment,likes
2012-09-04T21:33:51Z,Piccola svista... Grazie!,0
2012-09-01T23:43:57Z,"oh ma che lane!!! dai vicenza…

grazie per il video fresco fresco!",0
2012-10-21T10:14:52Z,"w fere w ternana !!
",0
2012-10-30T23:58:52Z,Grazie a te!!!,0
2012-10-30T12:32:49Z,Grazie !!!,0
2012-11-05T19:41:13Z,Lo sapevo sto malonga nn segna più finita la pacchia e a gennaio ki comprano ? Nessuno,0
2012-11-05T13:58:57Z,"Avete avuto un culo in questa vittoria...sbagliati due gol fatti...vabbe
",0
2012-11-04T19:07:43Z,"La palla non era entrata tutta, si è visto chiaramente nei replay di Sky. Mi dispiace vicentini. Forza Virtus!",0
2012-11-04T11:15:40Z,il goal c'è ma c'è anche tanto bisogno di fallimento!,0
2012-11-03T22:42:39Z,pazzesco non vedere un gol del genere..,0
