publish_date,title,view_count
2013-03-02T23:00:15Z,Tours FC - SM Caen (1-1) - Le résumé (TOURS - SMC) / 2012-13,2397
2013-04-13T22:00:15Z,Tours FC - EA Guingamp (2-0) - Le résumé (TOURS - EAG) / 2012-13,5164
2013-02-09T23:00:28Z,AJ Auxerre - Tours FC (3-2) - Le résumé (AJA - TOURS) / 2012-13,7993
2013-02-16T23:00:14Z,Tours FC - Clermont Foot (2-1) - Le résumé (TOURS - CFA) / 2012-13,2470
2013-05-25T22:00:36Z,Tours FC - AS Monaco FC (1-2) - Le résumé (TOURS - ASM) / 2012-13,9409
2013-02-02T23:00:13Z,Tours FC - Châteauroux (3-1) - Le résumé (TOURS - LBC) / 2012-13,2651
2013-05-11T22:00:12Z,Tours FC - AC Arles Avignon (0-0) - Le résumé (TOURS - ACA) / 2012-13,976
2013-02-23T23:00:14Z,CS Sedan - Tours FC (1-1) - Le résumé (CSSA - TOURS) / 2012-13,2079
2013-03-17T14:49:55Z,Tours FC - Stade Lavallois (1-1) - Le résumé (TOURS - LAVAL) / 2012-13,1517
2013-04-27T22:00:13Z,Tours FC - Havre AC (1-2) - Le résumé (TOURS - HAC) / 2012-13,2488
2013-05-18T22:00:11Z,Angers SCO - Tours FC (0-1) - Le résumé (SCO - TOURS) / 2012-13,3566
2013-03-09T23:00:19Z,Nîmes Olympique - Tours FC (1-1) - Le résumé (NIMES - TOURS) / 2012-13,1535
2013-05-04T22:00:10Z,RC Lens - Tours FC (0-0) - Le résumé (RCL - TOURS) / 2012-13,2172
2013-04-20T22:00:15Z,GFC Ajaccio - Tours FC (0-1) - Le résumé (GFCA - TOURS) / 2012-13,1840
2013-04-06T22:00:13Z,Le Mans FC - Tours FC (1-0) - Le résumé (LEMANS - TOURS) / 2012-13,5503
2013-03-30T23:00:13Z,Tours FC - FC Istres (1-0) - Le résumé (TOURS - FCIOP) / 2012-13,1256
2013-02-09T18:46:39Z,Conférence de presse AJ Auxerre - Tours FC (3-2) / 2012-13,273
2012-09-16T22:00:11Z,But Sébastien GRAX (88&#39;) - ESTAC Troyes - LOSC Lille (1-1) / 2012-13,1610
2013-05-19T23:05:27Z,Reims Lorient 1-0 but du maintien !,141
2012-11-04T19:28:05Z,STADE DE REIMS,330
2012-11-24T20:31:25Z,RCSA-Yzeure (0-2) : les réactions d&#39;après-match,588
