published-time,comment,likes
2013-03-03T16:18:35Z,Bien l'arbitre ! :),0
2013-03-03T12:08:24Z,"encor un arbitre de merde je sais pas ou il le voit le peno
on c vraiment fais voler",0
2013-03-03T11:16:40Z,"on sait fait voler comme d'hab !
",0
2013-03-03T10:36:45Z,"c n'importe quoi le but refusé la vache -_-
",0
2013-03-03T08:24:02Z,Arbitre de merde,0
2013-04-28T08:42:02Z,"O.K Je soutient notre anciens gardien mais il mérite pas que l'on disent que c'est une passoire^^.
Je m'en fou que Guimgamp est gagné contre Caen ^^ T'en mieux pour vous ... Après on verra a la fin de la saison c'est sur que guimgamp est mieux que Caen en ce moment, mais c'est qui qui a allé Gagner 3-0 Face au 1er,Monaco ? Eh bah c'est Caen ^^",0
2013-04-27T17:15:46Z,1: Tu dis ça parce que Planté à joué a Caen et 2:Tu rage parce que guimgamp à battu caen,0
2013-04-27T17:14:15Z,"Oui mais à Caen...
",0
2013-04-17T13:29:27Z,"gt ramasseur de balle mais en 2 eme periode c plante ds les buts de eag samassa c blessé en fin de 1ere periode
",0
2013-04-15T06:59:59Z,"Planté un passoire ? 1: c'est votre problème d'avoir de ''mauvais goal'' 2: planté ne peut absolument rien faire sur le 1er but et sur le second il aurait peut être pu faire un ptit truc mais au vue de la puissance de la frappe ^^
Guingamp a Perdu et puis c'est tout --'
ALLEZ MALHERBE ! (et a Caen Planté avait fait d’énorme arrêts !)",0
2013-04-14T15:09:27Z,"N'importe quoi les commentaires! Sur le 1er but, c'est Planté, et non pas Samassa qui est dans les cages, et sur la dernière action, ce n'est pas Yatabaré, étant donné que c'est une action tourangelle...",0
2013-04-13T22:22:37Z,C'est Kouakou et non Yatabaré !,1
2013-05-10T11:03:31Z,Allez Auxerre vous allez Gagner.,0
2013-03-21T16:26:28Z,ALLEZ LAVAL!,0
2013-03-10T09:22:35Z,tu est fou aller aja,0
2013-02-13T16:06:38Z,Allez TOURS,0
2013-02-11T17:57:13Z,quel buteur ce sanogo,0
2013-07-28T10:29:40Z,[iminent=0gaCtAgUWfOB] gardien de tours tres fort,0
2013-07-05T01:02:58Z,Moi aussi jai etait au match yavait but pour Tours a la fin jetait deg,0
2013-06-17T18:58:59Z,je suis dacord avec toi il montre pas le but qui na pas conter alors qu'il y avait but (jai ete voir le match),0
2013-05-26T15:59:57Z,et le résumé ne fait pas voir le but refusé pour Tours parfaitement valable ,0
2013-05-26T13:51:10Z,Monaco a vendangé mais su retourner la situation. Champions de France mérités,0
2013-05-26T01:36:44Z,Tours meriter la victoire,0
2013-03-23T17:15:46Z,allez tours on c'est fait voler,1
2013-03-18T00:53:58Z,"Gros manque de realisme des deux côtés... Tours aurait pu gagner largement , le gardien de Tours a été exemplaire!",1
2013-04-28T16:20:44Z,"Non il n'y a pas hors jeu et oui le carton rouge est très sévère... Le HAC a empoché 4 cartons jaunes et un carton rouge alors que Tours n'en a empoché aucun... Il est possible de constater que les arbitres ont le HAC dans le nez ces derniers matchs il me semble, mais après cela fait partie du jeu !",0
2013-04-28T01:57:06Z,Sur le 2eme but du havre ya pas hors jeu ?,0
2013-04-28T01:00:45Z,"bien joué les gars, sévère le carton rouge
",0
2013-04-27T22:03:10Z,FIRST + bien joué le Havre :),0
2013-05-21T21:10:58Z,merci au sco pour leur superbe saison ,1
2013-05-19T12:53:10Z,"Joli hold-up de Tours , bien joué à eux :)",1
2013-05-19T00:37:21Z,Allez tfc,1
2013-05-09T08:42:36Z,"Benjamin Leroy va finir en ligue 1 l'année prochaine !
",1
2013-05-06T06:14:15Z,Tjs des pines à l'extérieur...au moins on fait plaisir aux supporters adverses >_>,0
2013-05-05T17:02:59Z,homme du match : le gardien de tours,1
2013-05-05T17:02:35Z,"je trouve que le gardien de tours a etait fantastique
",1
2013-04-08T05:59:38Z,"c fouss et no mendes sur la premiere occas
",1
2013-04-07T09:35:14Z,On est pas encore mort. U.C ! <3,1
2013-05-09T13:48:21Z,Tours c les meilleurs =),0
2012-11-05T17:01:53Z,intro pas mal une putin d'intro ouai,0
