publish_date,title,view_count
2013-02-06T13:34:01Z,Intervista a Giuseppe RIZZO,2211
2013-02-11T17:08:36Z,Giuseppe Rizzo è al pescara,134
2013-07-26T12:43:42Z,Intervista a Giuseppe RIZZO,869
2013-01-25T17:19:49Z,Presentazione di Giuseppe RIZZO,3025
2013-01-25T15:52:55Z,Pescara Calcio: la presentazione ufficiale di Milton Caraglio e Giuseppe Rizzo,1280
2013-06-23T19:03:05Z,Perugia Pisa 2   2 gol di Rizzo 50canale,665
2012-09-16T17:07:07Z,"IDDUSAPI presenta &quot;6,5&quot;",415
2013-06-07T04:57:37Z,4/6/13 Samuele Campagnoni e Giuseppe Rizzo,230
2013-01-22T15:05:11Z,Primo allenamento di D&#39;Agostino e Rizzo in biancazzurro,1393
2012-11-27T14:20:30Z,Ascot U10 Accademia Calcio Internazionale,121
2013-02-03T17:53:50Z,91° Pescara-Bologna 2-3: Rizzo e Gilardino,1715
2013-05-29T14:14:51Z,Luca Rizzo parla della tensione che sale prima di Perugia.,158
2013-01-22T16:48:33Z,Bergodi: &quot;E&#39; un momento cruciale. Rizzo mi piace&quot;,772
2012-09-15T12:00:11Z,Cattafi   Partite calcio anni &#39;90 parte1,543
2013-06-22T08:43:55Z,Juan Fernando Quintero ● Skills Assists Free Kick Goals ● NEW FC Porto |HD|,133075
2013-05-08T10:20:55Z,Milan - Lecce 4-2 - Serie B 1982-83 - 36a giornata,469
2013-05-24T13:31:45Z,Zenit Champions League 2013: Giuseppe Ferro (Napoli),76
2013-05-09T02:27:20Z,PESCARA - MILAN 0 - 4 HD - 09/05/2013 - SERIE A TIM,3740
2013-04-10T14:37:49Z,LECCE-Inter &#39;Primavera&#39; 1 a 1 (6 a 5 dcr) del 10 giugno 2004 (telecronaca tempi suppl+calci di rig.),5878
2013-04-08T10:45:53Z,LECCE-Inter &#39;Primavera&#39; 1 a 1 (6 a 5 dcr) del 10 giugno 2004 (telecronaca primo tempo),1221
2013-07-12T22:16:35Z,Juventus-Bologna 2-1 (12/3/1972) Radiocronaca di Alfredo Provenzali (Minuto per Minuto),2805
2013-04-10T14:20:34Z,LECCE-Inter &#39;Primavera&#39; 1 a 1 (6 a 5 dcr) del 10 giugno 2004 (telecronaca secondo tempo),672
2013-01-26T14:17:36Z,"Pescara, Sebastiani: &#39;Punto tutto su Kozak&#39;",172
2013-07-25T11:57:31Z,Messina Pescara nessuno li separa,5676
2013-01-10T18:05:59Z,ACF FIORENTINA VS DELFINO PESCARA 0-2 SERIE A 06-01-13,491
2013-02-21T05:04:43Z,LUPA PIACENZA - ROYALE FIORE : 4 - 1 - Gol di PASSERA,618
2013-02-26T09:48:57Z,25/02/2013 - Lazio 2-0 Pescara con audio di Guido De Angelis,7443
2013-03-02T01:46:46Z,F8 2013: il videoracconto di Pro Reggina-AZ Gold Women,434
2012-09-23T20:43:36Z,Royal Fiore - Piacenza : 1-2 il saluto a fine partita,845
2012-12-08T20:14:07Z,TifoGriFOTO • Grifo Perugia- Como 2000 1-2 8-Dicembre-2012,129
2012-11-07T15:17:07Z,La gioia sfrenata di 2.000 tifosi leccesi al gol di Morello in Bologna-LECCE 2 a 3 del 6 giugno 1993,8182
2013-01-15T16:51:17Z,"Milton Caraglio al Pescara, prime immagini",3172
2012-10-16T14:09:02Z,Marco Davide Faraoni 37,196
2012-10-08T22:34:50Z,Gol de Caraglio a Colo Colo,6282
2013-07-22T21:35:27Z,Pacci pe lu Lecce - Grazie JChevanton,573
2013-04-28T13:53:42Z,Sintesi Finale Play-Off - Girone D - S. Teresa - Ghibellina: 1-2,993
2012-12-28T21:12:38Z,LECCE-Bari 1-0 - 15/11/1981 - Campionato Serie B 1981/&#39;82 - 10.a giornata di andata,1162
2013-01-14T19:30:14Z,Vibonese Paternò 0 0 13 01 2012,528
2013-07-25T05:38:18Z,Sintesi Pescara - Messina,350
2012-08-22T18:07:18Z,PESCARA INTER: Intervista a Marco Capuano,2838
2012-10-08T08:12:09Z,Intervista a Saverio Quintoni,257
2013-05-10T09:46:28Z,Brescia-LECCE 2 a 2 del 23 dicembre 2000 (telecronaca primo tempo),961
2012-12-11T11:30:32Z,ISA&amp;Rugby - I ragazzi dell&#39;Elis College alle prese col Rugby,125
2013-07-26T09:45:34Z,Intervista a Antonino Ragusa,770
2013-01-07T22:02:51Z,Caraglio vuole il Catania,657
2013-06-03T21:13:31Z,"1/6/13 G.Monti - G.Schiavone - D.Tyson . . . . . Coppa Lombardia , semifinale 2",183
2013-05-07T14:10:15Z,Leonardo Gatto nel dopo vittoria di domenica.,788
2013-05-05T11:56:09Z,Messina Sud - S Teresa Calcio  1° Gol stagionale di Precious Ghartey,319
2013-04-10T15:15:04Z,LECCE-Juventus &#39;Primavera&#39; 3 a 1 del 12 gennaio 2005 (telecronaca primo tempo),569
2013-03-14T20:30:30Z,ESCLUSIVA SPAZIOJUVE - Intervista a Ivano Della Morte,283
