published-time,comment,likes
2013-02-28T15:50:43Z,Rizzo una domanda: come cazzo fai a giocare in serie A?? La colpa non è tua ovviamente ma della società che ti ha preso.,0
2013-02-25T22:15:13Z,ciao Peppe....AUGURONI,0
2013-02-07T11:27:46Z,Peppeeeeeeeeeeeeeeeeee... orgoglio Messinese... saluto ai fratelli :),0
2013-02-03T20:04:29Z,GRANDE GILA!,0
2013-07-30T08:03:06Z,Not to mention Bernard.,0
2013-07-27T13:54:00Z,and they sell them to hoard wealth as always.,0
2013-07-27T09:38:31Z,"Radamel Falcao, Freddy Guarin, James Rodriguez, Jackson Martinez, and Quintero !! All FCPorto players that we love .. Thanks colombia :D
",0
2013-07-26T02:27:18Z,q crack tiene colombia sos mi idolo ,0
2013-07-24T22:29:28Z,ya e melhor que messy e ronaldo tb... sera o proximo jugador a ganhar a bola de ouro,0
2013-07-24T06:02:04Z,COLOMBIA!,0
2013-07-23T21:30:45Z,"FCPORTOOOOOOOOOOOOOOOOOOOOOOOOOOOOOOOOOOOOO
",0
2013-07-23T00:25:32Z,Porto always have quality players.,0
2013-07-22T23:55:54Z,"Já é felizmente. Só falta o Bernard vir e o Varela ir, apesar de ainda ser bom, parece que o Besiktas vai pagar uns milhoes por ele, já nao é mau, depois temos de apostar no Iturbe e Kelvin nao é verdade?",0
2013-07-22T15:01:02Z,"1:25 WTF ???
Monster ?",0
2013-07-22T14:56:57Z,"quintero have 20 years...
",0
2013-07-22T03:49:54Z,neymar is better,0
2013-07-20T00:33:51Z,"Porto this year has some quality players to attack the Champions, Herrera and Quintero... not to mention iturbe, Jackson, Lucho and others...",0
2013-07-18T18:36:30Z,ese es un crack,0
2013-07-16T18:17:03Z,Ele vai jogar pelo Vasco da Gama. ,0
2013-07-16T18:09:56Z,Lo bueno es que los dos posiblemente se van a encontrar en el Porto fc. ,0
2013-07-16T16:27:20Z,Porto the best,0
2013-07-16T09:27:38Z,"1:30 wut? xD
",0
2013-07-16T04:48:23Z,"just he is, rigth now!",0
2013-07-14T13:56:17Z,Bem vindo ao Porto Quintero =),0
2013-07-14T13:36:06Z,Just another English speaking fan passing by,0
2013-07-14T04:39:26Z,Santiago munoz montoya otro crack igual a quintero..solo q mucho mas veloz y un pique que da miedo..JUGADORASOS!!ambos,0
2013-07-14T01:00:11Z,Analfabetico? XD,0
2013-07-13T22:03:08Z,"Este puto fala da linguagem do outro e chama ''analfabético'', grande moral ahaha
Mas realmente esses aziados do Benfica que vão às farmácias reservar rennie que este ano é tudo nosso de novo. Bem-Vindo Quintero BIBO PORTO CARAGO",0
2013-07-13T21:52:33Z,José Ribeiro-vai te foder lampião analfabético que ninguém te mandou ver o video .l.,0
2013-07-13T20:26:14Z,"Em vez de vires para o youtube escrever comentários sem nexo devias prestar mais atenção as aulas de português. É que não bastava seres um coitado de um lampião aziado ainda tens também a triste sorte de ser analfabeto. Escreve-se ""chão"" e não ""chau"".
Fica a dica.",0
2013-07-13T18:35:45Z,"Portistas enviamos un excelente jugador! Lo dará todo, cuídenlo. SaudaçõesDaColômbia",0
2013-07-13T15:19:15Z,QUINTERO ON F.C.PORTO !,0
2013-07-13T14:22:39Z,Bem vindo ! ;),0
2013-07-13T13:52:04Z,Futuro Goleador do Fc PORTO!!!!!!!,0
2013-07-13T13:24:06Z,"Gosta de se mandar ao chau, naturalmente como os do seu futuro clube",0
2013-07-12T15:33:06Z,"Hulk?
",0
2013-07-12T12:53:17Z,:),0
2013-07-12T12:52:12Z,and Porto loves COLOMBIA ;) hehehe thanks,0
2013-07-12T12:00:18Z,"FCPorto loves Colombia, and Colombia loves FCPorto!!! :)",0
2013-07-12T11:48:37Z,Un nouveau prodige a porto !,0
2013-07-12T04:51:50Z,eso espero hace rato estamos esperando un volante de creacion tan genial como el pibe. ,0
2013-07-11T21:01:39Z,Ja esta :D,0
2013-07-11T19:02:40Z,"@Christian Sanchez jesus corona es un excelente jugador, pero si se compara con quintero son jugadores muy distintos, quintero es rapido con la mente y tiene una precision impesionante, para mi es mucho mas dificil encontrar un jugador con las caracteristicas de quinterito 
",0
2013-07-11T18:51:08Z,"Is new James.
James is new messi.
messi is new messi.",0
2013-07-11T12:06:41Z,"Colombia - Porto, skillful combination!!!",0
2013-07-11T10:45:37Z,Welcome to F.C Porto ! ,0
2013-07-10T21:31:17Z,"Quien es mejor Juan Fernando Quintero o Jesus Manuel Corona verlo antes de opinar.
Whos better.
",0
2013-07-09T18:12:44Z,bem vindo ao FC PORTO!!!,0
2013-07-09T15:31:27Z,"y jackson , ese tambien juega del putas",0
2013-07-08T03:50:58Z,"Cuadrado,Quintero,James y Falcao serian muy buena combinacion. GRANDE MI COLOMBIA",0
2013-07-08T02:18:30Z,We are in the COLOMPORTO era! I am sure that many more great colombian footballers will pass through Porto for generations to come.  ,0
2013-07-07T15:56:27Z,"Parece que encontraron el sustituto finalmente del Pibe colombianos !!! Quinteros, Oliver Torres ( Espana) , Laxart (Uruguay)... tremendos volantes.... al estilo del ya no tan usado 10 ... o sea , el futbol lindo, con pases, creatividad y profundidad por el medio. Lindo ver el mundial sub20 y ver a estos cracks, saludos desde Uruguay hermanos cafeteros !",0
2013-07-07T06:21:28Z,COLOMBIA LOVES PORTO LOL,0
2013-07-06T02:19:44Z,This kid is special.,0
2013-07-05T22:39:23Z,Tenemos jugadores de futuro.gracias dios,0
2013-07-04T20:39:52Z,FML the last free kick! fucking goal of the yearrr!,0
2013-07-04T20:39:31Z,5:30 looks like a harlem shake... haha,0
2013-07-04T20:25:56Z,James Rodríguez y Juan Fernando Quintero en la selección. Cracks. Y poniéndole pases a Luis Fernando Muriel! Tenemos equipo para rato!,0
2013-07-04T14:15:19Z,"FC PORTO
",0
2013-07-04T08:06:35Z,Quintero > Neymar,0
2013-07-01T09:47:36Z,Futuro jogador do Fc Porto ,0
2013-07-01T01:53:06Z,grande quintero ,0
2013-06-26T15:11:55Z,"crack!
",0
2013-07-27T16:15:52Z,"VIVA GLI ULTRAS!
",0
2013-01-10T23:35:47Z,Spettacolo! Che godimento...,0
2013-02-26T19:33:20Z,Grande guido se non ci sei tu non ci si diverte!!! Col milan mi ricordo ti era andata via la voce quella sera ahahahah,0
2013-02-26T15:55:48Z,e ciai ragione,0
2013-02-26T14:15:06Z,Yesssssssss,0
2013-02-26T10:39:16Z,ancora che dice.....il gol ...devi strillaaaaaaaa GOOOOOLLLLLLL E BASTA,0
2013-07-30T22:30:08Z,"Grande video, bellissimo gol storico !",1
2013-07-11T14:56:17Z,Io c'ero.....un macello....!!!!,2
2013-02-26T16:31:22Z,MILTON CARAGLIO = EL MUERTO,0
2013-01-27T11:28:44Z,come si chiama la canzone?,0
2013-07-09T23:10:00Z,madre? jajajajajaja,0
2013-01-19T14:23:52Z,"milton caraglio a pescara speriamo che faccia almeno 7 8 gooll

",1
2012-12-31T19:57:43Z,Que raro...las zorras calladitas jajaja saludos hinchas de rangers ! ,1
2012-10-10T05:38:28Z,"GOLAZO CTM!!!!!
",1
2012-10-09T00:38:25Z,Exelente video ! ,2
2012-10-08T22:39:45Z,"Vídeo sin editar donde claramente me olvide de todo y sobre todo que estaba para El Rojinegro Tv, ya se viene el capitulo de este gran partido.",1
2012-08-23T09:26:27Z,capuà n'dà signà nisciun! manc cullù! FORZA PESCARA!,0
2012-08-22T23:32:05Z,Translate in English!,0
2013-01-11T23:17:52Z,alla fine ha scelto la città più bella! Capita...,0
2013-01-10T19:52:58Z,"poi va al pescara...ma vaffanculo
",0
