published-time,comment,likes
2013-03-03T16:18:35Z,Bien l'arbitre ! :),0
2013-03-03T12:08:24Z,"encor un arbitre de merde je sais pas ou il le voit le peno
on c vraiment fais voler",0
2013-03-03T11:16:40Z,"on sait fait voler comme d'hab !
",0
2013-03-03T10:36:45Z,"c n'importe quoi le but refusé la vache -_-
",0
2013-03-03T08:24:02Z,Arbitre de merde,0
2013-01-12T21:42:06Z,je crois rever là c'est toi qui dit ça mais mdr !!!!,0
2013-05-10T11:03:31Z,Allez Auxerre vous allez Gagner.,0
2013-03-21T16:26:28Z,ALLEZ LAVAL!,0
2013-03-10T09:22:35Z,tu est fou aller aja,0
2013-02-13T16:06:38Z,Allez TOURS,0
2013-02-11T17:57:13Z,quel buteur ce sanogo,0
2012-11-25T22:29:22Z,"Colloredo , marque des buts très jolie à chaque fois",0
2012-11-18T18:55:50Z,"Bravo
",1
