publish_date,title,view_count
2013-03-02T23:00:15Z,Tours FC - SM Caen (1-1) - Le résumé (TOURS - SMC) / 2012-13,2397
2013-02-02T23:00:13Z,Tours FC - Châteauroux (3-1) - Le résumé (TOURS - LBC) / 2012-13,2651
2013-01-12T19:49:49Z,Chamois Niortais - Tours FC (3-1) - Le résumé (NIORT - TOURS) / 2012-13,1516
2013-02-09T23:00:28Z,AJ Auxerre - Tours FC (3-2) - Le résumé (AJA - TOURS) / 2012-13,7993
2012-11-24T23:00:16Z,Tours FC - GFC Ajaccio (2-1) - Le résumé (TOURS - GFCA) / 2012-13,1581
2013-03-09T23:00:19Z,Nîmes Olympique - Tours FC (1-1) - Le résumé (NIMES - TOURS) / 2012-13,1535
2013-02-23T23:00:14Z,CS Sedan - Tours FC (1-1) - Le résumé (CSSA - TOURS) / 2012-13,2079
2012-11-18T17:01:48Z,7ème Tour Coupe de France : AFL - Uzès Pont du Gard (National),8582
