publish_date,title,view_count
2012-11-28T23:00:11Z,But Jonathan TINHAN (83&#39;) - Montpellier Hérault SC - OGC Nice (3-2 / 2012-13,1659
2012-11-01T06:00:15Z,But Jonathan TINHAN (61&#39;) - Montpellier Hérault SC - Girondins de Bordeaux (1-0) / 2012-13,1598
2012-11-29T08:40:38Z,MHSC - NICE (Los Paillados) #But Jonathan Tinhan,1421
2013-02-16T23:00:14Z,AC Arles Avignon - Chamois Niortais (0-1) - Le résumé (ACA - NIORT) / 2012-13,1766
2013-04-06T22:00:13Z,AC Arles Avignon - Nîmes Olympique (1-1) - Le résumé (ACA - NIMES) / 2012-13,3352
2013-02-23T23:00:14Z,Châteauroux - AC Arles Avignon (2-0) - Le résumé (LBC - ACA) / 2012-13,2431
2012-11-01T06:00:15Z,Montpellier Hérault SC - Girondins de Bordeaux (1-0) - Le résumé (MHSC - FCGB) / 2012-13,6417
2013-01-19T23:00:13Z,AC Arles Avignon - GFC Ajaccio (1-0) - Le résumé (ACA - GFCA) / 2012-13,2380
2013-05-11T22:00:12Z,Tours FC - AC Arles Avignon (0-0) - Le résumé (TOURS - ACA) / 2012-13,976
2013-05-04T22:00:10Z,AC Arles Avignon - EA Guingamp (0-2) - Le résumé (ACA - EAG) / 2012-13,5003
2012-11-28T23:00:11Z,But Rémy CABELLA (30&#39;) - Montpellier Hérault SC - OGC Nice (3-2 / 2012-13,924
2012-11-28T23:00:11Z,Montpellier Hérault SC - OGC Nice (3-2) - Le résumé (MHSC - OGCN) / 2012-13,12776
2013-02-09T23:00:29Z,FC Nantes - AC Arles Avignon (1-1) - Le résumé (FCN - ACA) / 2012-13,5280
2012-11-28T23:00:11Z,But Emanuel HERRERA (52&#39;) - Montpellier Hérault SC - OGC Nice (3-2 / 2012-13,794
2012-11-28T23:00:11Z,But Alexy BOSETTI (22&#39;) - Montpellier Hérault SC - OGC Nice (3-2 / 2012-13,4311
2012-11-28T23:00:11Z,But Eric BAUTHEAC (66&#39; pen) - Montpellier Hérault SC - OGC Nice (3-2 / 2012-13,381
2013-01-12T19:38:22Z,RC Lens - AC Arles Avignon (0-0) - Le résumé (RCL - ACA) / 2012-13,2054
2012-11-30T18:15:01Z,But Romain ALESSANDRINI (88&#39;) - Stade Rennais FC - ESTAC Troyes (2-1) / 2012-13,1903
2013-03-17T23:00:44Z,But Mohamed FOFANA (32&#39;) - Stade de Reims - Stade Rennais FC (1-0) / 2012-13,959
2012-11-01T00:00:18Z,Conférence de presse Montpellier Hérault SC - Girondins de Bordeaux (1-0) / 2012-13,398
2012-11-28T20:40:16Z,Conférence de presse Montpellier Hérault SC - OGC Nice (3-2) / 2012-13,230
2013-03-31T22:00:11Z,But Jérémie ALIADIERE (42&#39;) - Girondins de Bordeaux - FC Lorient (1-1) / 2012-13,1089
2012-11-01T11:00:46Z,Montpellier 1-0 Bordeaux - Girard proud after Coupe de la Ligue win,368
2012-11-01T06:00:15Z,But Jérémy MENEZ (50&#39;) - Paris Saint-Germain - Olympique de Marseille (2-0) / 2012-13,34323
2012-09-24T20:11:38Z,Top 14 : MHR vs Bordeaux Bègles (Montpellier),104
2013-04-07T22:00:11Z,But Daniel CONGRE (60&#39;) - Montpellier Hérault SC - Valenciennes FC (3-1) / 2012-13,567
2012-09-23T15:43:57Z,Conférence de presse Stade Brestois 29 - Valenciennes FC (2-1) / 2012-13,235
2012-12-02T00:02:22Z,OL/MHSC 1-0 (01/12/12): Après match,902
2012-08-18T19:11:14Z,Lorient 0-1 Montpellier But Herrera,39
2012-11-11T22:59:08Z,But Sigamary DIARRA (67&#39;) - Toulouse FC - AC Ajaccio (2-4 / 2012-13,1126
2012-11-25T23:29:27Z,CDL 2012/2013: Montpellier - Bordeaux (Los Paillados) #Fin de match,751
2012-12-16T14:23:52Z,Interview de fin de match : ESTAC Troyes - AC Ajaccio (3-2) / 2012-13,223
2013-01-27T20:24:44Z,Conférence de presse OGC Nice - Girondins de Bordeaux (0-1) / 2012-13,389
2012-11-27T20:34:05Z,Saint Etienne vs Paris Saint German Highlights (27.11.12),109
2012-10-31T17:09:35Z,Bayern - BATE 05.12.2012 FOTBAL The most important phases,88
2012-11-01T00:00:18Z,Conférence de presse OGC Nice - Olympique Lyonnais (3-1) / 2012-13,483
2013-04-14T14:17:19Z,Interview de fin de match : Girondins de Bordeaux - Montpellier Hérault SC (4-2) / 2012-13,906
2012-10-28T23:00:27Z,But John UTAKA (64&#39;) - Montpellier Hérault SC - OGC Nice (3-1 / 2012-13,1865
2012-11-01T12:15:18Z,"Baup : &quot;A dix, c&#39;est devenu plus compliqué&quot;",115
2013-02-03T15:41:29Z,Interview de fin de match : Stade Brestois 29 - OGC Nice (0-2) / 2012-13,179
2013-03-10T23:00:39Z,But Stéphane BAHOKEN (24&#39;) - OGC Nice - Montpellier Hérault SC (2-0) / 2012-13,2428
2013-02-10T15:39:39Z,Interview de fin de match : Valenciennes FC - Stade Brestois 29 (2-1) / 2012-13,338
2013-03-03T13:57:58Z,Interview de fin de match : Montpellier Hérault SC - Stade Rennais FC (2-0) / 2012-13,469
2013-02-24T21:00:59Z,Conférence de presse Girondins de Bordeaux - Stade Brestois 29 (0-2) / 2012-13,427
2013-05-12T22:00:11Z,But John UTAKA (31&#39;) - SC Bastia - Montpellier Hérault SC (3-1) / 2012-13,374
2012-10-21T16:07:32Z,Interview de fin de match : Stade Rennais FC - Montpellier Hérault SC (2-1) / 2012-13,646
2012-11-25T23:00:31Z,Montpellier Hérault SC - Girondins de Bordeaux (1-0) - Le résumé (MHSC - FCGB) / 2012-13,8149
2012-11-01T06:00:15Z,But Thiago SILVA (29&#39; pen) - Paris Saint-Germain - Olympique de Marseille (2-0 / 2012-13,4813
2013-02-10T15:53:42Z,Conférence de presse Valenciennes FC - Stade Brestois 29 (2-1) / 2012-13,130
2013-01-13T22:36:41Z,Conférence de presse Stade de Reims - SC Bastia (1-2) / 2012-13,185
