published-time,comment,likes
2012-12-23T08:51:15Z,super but,1
2012-11-28T19:52:10Z,magnifique but! bravo tinhan! il le mérite!,1
2012-11-03T06:35:08Z,Bien N Guemo ...,1
2012-11-29T15:01:42Z,Pourquoi pas de chant coté pailladin?,0
2013-04-11T13:25:10Z,Il branle quoi le cameraman à 1:40,0
2013-02-21T09:14:08Z,mon cousin teji savanier c le plus fort,0
2013-05-10T14:33:08Z,Guinguamp en ligue 1 ça compense Brest en ligue 2...,1
2013-05-06T19:58:31Z,Samassa va devenir un grand gardien et Guingamp peut devenir une équipe stable de ligue 1 mais avant il faut monter et c'est pas gagné encore ! =) Allez EAG !!,1
2013-05-05T16:40:48Z,"très bien le résumé il y a même pas le deuxième but!
",1
2013-05-05T13:40:02Z,Gros match de samassa dommage pour nous,0
2013-05-04T23:07:12Z,Mdr! Et le but de Imbula???,2
2013-05-04T22:28:03Z,ALLEZ GUINGUAMP !!!,1
2013-01-16T14:28:47Z,"j avoue mais il on gagné quand meme montpellier
",0
2013-01-05T12:16:14Z,"La grosse Main 
",0
2012-12-30T21:56:04Z,comment l'arbitre a pu rater la main il était idéalement placé,1
2012-12-01T17:03:03Z,"Le MHSC la coupe?
Plus de Paris, tout est permis
",0
2012-12-01T11:14:57Z,"C'est un scandale la main de nice
",1
2012-11-29T18:55:10Z,Delle est vraiment mauvais,0
2012-11-29T18:16:44Z,"ouai vive cabellaaaaaaaaaaaaa
",0
2012-11-29T18:02:22Z,la paillade au stade de france moi je dis!!!,0
2012-11-29T13:23:36Z,"Bosetti allez allez Bosetti allez allez !! T'es un monstre fréro continue comme ça !! On a perdu mais c'est pas important , beau but !! ",0
2013-02-12T11:44:23Z,"Si l'arbitre est bien placé, le hors jeu est évident, les joueurs sont tous dans le même paquet alors un T-shirt jaune qui sort du bleu est plus visible que si les 2 joueurs en questions sont opposés.",0
2013-02-10T11:56:44Z,J'ai quand même un but our le but de caceres et pour celui d'aristeguieta (en 2nde période),0
2013-02-10T08:12:46Z,match nul Oo ,0
2013-02-10T07:56:33Z,Après l'OM Je suporte Nantes completement pressé de les retrouvés en L1 <3,0
2013-01-16T01:27:40Z,Revenez en Ligue 1 Lens :(,0
2013-01-12T20:05:35Z,oui ;(,0
2012-12-02T09:36:48Z,enfin un but normal d'alessandrini,0
2013-04-17T13:55:23Z,"J'adore la passe de pastore, Merci mon pote",3
2012-11-07T19:09:53Z,menez fais le  L,0
2012-11-02T13:01:48Z,Bien joué Menez!! L'action est magnifique...je croyais que le collectif n'existait pas au PSG et que ce n'étais qu'une somme d'individualités...IBRA dépendance et compagnie bla bla bla des médias...ALLEZ PARIS,3
2013-04-08T02:20:29Z,Yeah Bravo !!! ,0
2013-01-27T20:28:04Z,Feurste,0
2013-04-14T21:39:54Z,Obraniak <3,0
2013-04-14T16:17:58Z,enfin!!!!,0
2013-04-14T15:01:40Z,"C'est ça ! Belle victoire de FCGBordeaux ! Merci ça fait plaisir ! :)
",0
2013-04-14T14:50:14Z,First,0
2012-10-29T08:57:56Z,allez le mhsc ,0
2013-04-13T23:24:35Z,ligue 1 = championnat luxembourgoies identique en ayant vue des match la bas idem tout les consultants de tele ne vous voilée pas la face la ligue 1 arf ,0
2013-04-13T23:21:57Z,je sais pas comment j arrive la mais quand je vois 4-2 pour bordeaux l equipe la plus branque de ligue 1 mouahahahahah oula pauvre foot français ,0
2013-01-08T21:05:28Z,"Vive le MHSC !!!!!
",0
2012-11-26T23:17:00Z,"Non, il est bon, mais en ailier. Le faire jouer en pointe est effectivement pas la meilleure idée je pense",0
2012-11-26T15:19:31Z,Belay est une merde phenomenale  .,0
2012-11-25T23:28:34Z,"Ah ben Montpellier est plutôt chanceux pour ce match ...
",0
2013-01-15T10:57:13Z,"Acheté un attaquant, pas un gardien !!!! 
merci Gaetan heureusment qu'il est la lui, arce que votre fauvergue là il a jamais marqué a Reims puis il en a loupé des occasion face a Bastia.... Vous avez interet a sortir les doigt du cul a Sochaux parce que nous on va y allez nombreux !",0
