published-time,comment,likes
2013-07-03T09:00:02Z,C'était de l'humour...,1
2013-05-04T10:12:14Z,"Un peu de respect s'il te plait!
Souhaiter une blessure c'est tous simplement stupide et pour tous les gardiens il y a des matchs comme ca a oublier (exemple pour Lloris la claque reçu a domicile par le Bayern Munich 3-0( en ligue des champions et surtout en demi finale ce n'est pas normal)",3
2013-04-30T11:47:58Z,"Une partie de rigolade pour les Guingampais !!!
",3
2013-04-22T16:41:33Z,ca on l'avait remarqué,1
2013-04-22T16:02:04Z,J'espère que le 1er gardien de la géorgie se blessera comme ça on rigolera bien à Géorgie-France !,4
2013-04-21T20:43:35Z,"Allez Guingamp !
Cette année c'est la bonne !!",4
2013-04-21T16:05:01Z,"A la base c'est Janot et il est bléssé.. et dire que pourtant, ce mec c'est quand même le deuxième gardien nationale de Géorgie. Il doivent vraiment avoir peu de choix..",2
2013-04-21T14:47:55Z,On est nul ! Manceau qui parle,2
2013-04-21T13:23:14Z,"Tu as raison il est bidon 
",1
2013-04-21T11:37:32Z,Nan mais franchement le mans faut changer de gardien il est nul celui la ! Il ne bouge même pas !,4
2013-02-12T18:37:50Z,"C'est quoi cette arbitre sérieux ?!
",1
2013-02-10T08:02:24Z,"Supporter clermontois, mais je dois admettre que je ne comprends pas le penalty...",1
2013-04-16T07:17:14Z,Le mans restera t-il en ligue2?,1
2013-04-13T22:29:40Z,Erreur le score n'est pas de 3-1 mais de 2-1 en faveur des istréens,1
2013-05-08T16:08:37Z,"aller les sang et or
sang et or suporters a lavie a la mort 
",2
2013-03-09T18:33:19Z,il y a que le mans dans mon coeur qui bat il y a que le mans toujours il restera,1
2013-03-03T13:31:00Z,beau match !,1
2013-03-02T14:43:30Z,"Pour une fois que Le Mans FC gagne ! 
Perdre contre une equipe de National LA HONTE ! 
Fin bref on les soutients 
SANG ET OR !
",2
2013-03-02T14:05:59Z,Tu la dit quel arbitre pourri,2
2013-03-01T19:03:43Z,Sang et Or !!!!!,2
2013-05-05T17:11:12Z,FIRST !!!,1
2013-05-23T22:25:12Z,"Les gens qui parlent de l'ambiance :p  J'y etait, avec les ultras et l'ambiance etait excelente surtout pour un match de ligue 2 :)",3
2013-05-20T20:55:12Z,"C'est là qu'on voit qui ouvrait son Bescherelle à l'école mais avec ton niveau c'est même à se demander si tu l'avais acheté en fait. Il faut changer de disque sur les supporters monégasques, la population monégasque est vieillissante et peu intéressée par le football. Club en carton avec 7 titres de Champion de France, 5 coupes de France, 1 de la Ligue et une finale de C1, je prends quand même.",2
2013-05-20T11:10:08Z,Vive jérémie janot!!!!!,2
2013-05-20T01:38:05Z,Lol l'ambiance de merde c la qu'on voit que l'argent ne fai pas tout le sta n'aime me pas rempli club en carton!!!,2
2013-05-19T17:40:17Z,"tu est pour quel équipe toi 
",2
2013-05-19T16:17:24Z,"Change de disque DrDJEKILL7, toujours les mêmes choses, Monaco et ses supporters, en tout cas sache que Monaco, c'est des supporters partout en France ( d'ou tout les groupes de supporters de partout ) et à l'étranger ( notamment en Espagne et en Italie ) et puis je peux te dire, il y en a de plus en plus maintenant ;)",2
2013-05-19T00:54:33Z,Quel tacle con et dangereux de Touré quesqui lui passe par la téte serieux si il le touche il lui casse la cheville !,2
2013-04-28T13:08:05Z,Angers soon Ligue 1 ;),1
2013-03-05T00:05:04Z,"jai regarder dans le stade sco avait bcp chance et merci arbitre qui exclu le manceau 
je suis arbitre aussi mais  cet arbitre javais la honte piur lui",1
2013-03-03T20:41:30Z,Bravo le SCO,1
2013-05-12T20:16:32Z,Superbe but de fontaine tout juste magnifique !!!,1
2013-05-12T15:39:13Z,Dommage pour le mans ! National l'année prochaine !,1
2013-05-11T22:07:55Z,NAN MON FIRST :(,1
2013-05-11T22:03:58Z,First,1
2013-04-08T05:59:38Z,"c fouss et no mendes sur la premiere occas
",1
2013-04-07T09:35:14Z,On est pas encore mort. U.C ! <3,1
2013-03-02T21:28:34Z,"bien dit!!!!
",0
2013-07-09T18:29:53Z,"La passion n'a pas de division...♥ 

Le Mans UC ! ",0
2012-12-30T10:15:34Z,ありがとう！,0
2012-12-28T06:59:01Z,谢谢上传！支持！,0
2012-12-28T05:35:48Z,Thank you so much~,0
2013-06-08T20:54:42Z,Bienvenue à la Paillade !,0
2013-01-02T09:10:10Z,ntm,0
2012-12-07T23:48:16Z,Belle initiative !! ,0
