publish_date,title,view_count
2013-06-27T08:09:51Z,Al Piola Giannetti decide la gara,44
2012-10-19T02:31:33Z,GIOVEDI&#39; GRANATA 5° PUNTATA 18 OTTOBRE 2012,141
2012-10-29T12:51:36Z,Spezia 0-3 Cittadella 27/10/2012 2012-13 - 11°,1341
2013-07-29T17:30:21Z,Triangolare di Malles: Gli highlights di Padova - Siena 1-1,1307
2012-11-18T12:14:29Z,Padova 3-1 Cittadella 17/11/2012 2012-13 - 15°,3010
2012-11-06T03:52:19Z,Novara 0-1 Cittadella 03/11/2012 2012-13 - 13°,650
2012-11-11T00:48:04Z,Cittadella 2-2 Vicenza 10/11/2012 2012-13 - 14°,2713
2012-09-18T15:09:44Z,GOL BELLO SU PUNIZIONE (9 ANNI),386
2013-02-04T20:09:45Z,Coppa Italia: Pisa Lumezzane 4-0,115
2012-11-03T18:08:59Z,Granoche in conferenza stampa dall&#39;Euganeo,187
2012-08-19T01:20:38Z,"2012/13, Coppa Italia, Cagliari - Spezia 2-1",12348
2013-05-08T10:27:07Z,Lega Calcio A 8 - Goal Parade - Mirko Melchiorre - GIRONE DI RITORNO,44
2013-07-11T10:01:57Z,Nicola Bellomo: i colpi di un giovane fuoriclasse,7935
2013-02-04T19:22:59Z,Pisa - Catanzaro 4-1,237
2013-07-29T15:17:38Z,Gli highlights di Padova-Siena,583
2013-04-07T16:17:15Z,Siena vs Parma 0-0 Highlights 07/04/2013,109
2013-06-06T17:24:30Z,I gol di Federico Melchiorri (parte 1) Giulianova Tolentino Maceratese,4422
2013-07-30T17:00:22Z,Napoli-Galatasaray 3-1 - Azioni 3 - Acqua Lete Cup - LIVE Curva A,126
2013-07-29T16:49:19Z,Juventus- Lazio Supercoppa Italiana 2013 | TRAILER HD |,15614
2013-06-07T11:24:45Z,I gol di Federico Melchiorri (parte 2) Giulianova Tolentino Maceratese,2102
2013-04-27T15:26:55Z,Bari vs. Spezia 2-1 (I Goal),1371
