published-time,comment,likes
2013-07-30T10:53:08Z,GRANDE GRANDISSIMO FEDE!,0
2013-07-30T08:48:00Z,Grande Fede!!,0
2013-07-30T00:40:36Z,chissà se i padovani ancora dubitano su melchiorri perchè viene dalla d....,0
2012-11-12T14:43:59Z,ahahah ma che majeta? hahaah forza lane,1
2013-04-28T11:02:18Z,"fallo te sto gol visto che 6 cosìforte
",0
2013-04-17T18:57:00Z,fai caha,0
2013-01-02T13:13:29Z,"fate commenti!!!!
",0
2012-09-19T11:51:36Z,"gli amici che mi guardano possono fare un commento
",0
2012-08-21T21:32:10Z,non so se mi spiego......51,0
2012-08-20T21:15:17Z,Il gol vittoria al 92' è suo! Stai più attento,0
2012-08-20T21:13:58Z,"non facciate il passo più lungo della gamba, perché è meglio salire in A non per il rotto della cuffia grazie ad alcuni acquisti altisonanti pronti ad andare via da La Spezia dopo essersi ""rifatti un nome"", ma è meglio arrivarci con un gruppo valido e che ""sia squadra"", non fatto da mercenari. Quindi se anche salite un anno più tardi in A è meglio che salire e riscendere l'anno dopo come ha fatto il Novara",0
2012-08-20T21:10:47Z,"Non ricordavo che lo Spezia fosse fallito... ricordo che quando era salito in B non era male come squadra, ricordo anche che espugnò Genova per 2-1 (immagino che avrete goduto allora). Ricordo anche che già allora, vedendo che era un buon gruppo, avevo pensato che nel giro di qualche anno beccando la stagione giusta sarebbe salito in A. Poi improvvisamente avevo visto che era retrocesso e non me lo aspettavo... certo che il nuovo corso promette bene allora l'importante secondo me è che(continua)",0
2012-08-20T20:27:37Z,"No. Il Presidente Volpi ha acquistato lo Spezia l'anno seguente al  fallimento.Abbiamo fatto i dilettanti, la C2 la C1 per due anni e quest'anno la B:Per 4 anni di gestione Volpi non mi pare malaccio; inoltre vorrebbe....in un paio d'anni ......chi lo sà, magari farete una trasferta al Picco.",0
2012-08-20T09:45:48Z,ai ai ai larrivey non segna mai..,0
2012-08-19T23:40:18Z,"Ci ho riso anch'io su quella scena ma non è andata proprio così. Il raccattapalle, che mi sembra un ragazzino, prova istintivamente ad intercettarla; probabilmente gioca a calcio perché se ci fai caso reagisce istintivamente da calciatore provando lo stop. Solo non ha tenuto conto che Porcari, assieme a Kolarov, Parisi o il gran vecchio Roberto Carlos ha un sinistro non indifferente, per cui lo stop ad una sua bordata non è semplice .-)",0
2012-08-19T23:36:13Z,"non so se si è capito ma chiedevo informazioni seriamente... mi hai risposto tutt'altro... il presidente è lo stesso che avevate qualche anno fa in B?
",0
2012-08-19T20:48:35Z,"Forse tranne Napoli, Roma(entrambe le tifoserie) e Milano(anche qui Milan e Inter) che anche in lega pro avrebbero 40 mila persone allo stadio TUTTE le altre in A max 20/25 mila, in B max 10 mila (tranne Verona) e in lega pro da 100 a 5000!!!! Ovvio con le dovute eccezioni  la serie di appartenenza dipende da quanto spendono i presidenti. Noi spezzini non saremo tanti quanto i cagliaritani o altri ma : MAI abbiamo saltato una partita dello Spezia in trasferta magari in 3000o in 10 come ieri a Ts",0
2012-08-19T19:17:55Z,"Intendi in positivo o in negativo? Perchè il Cagliari ha un bacino di tifoseria equivalente a gran parte della Sardegna, mi pare risulti la sesta o settima tifoseria d'Italia... con un bel progetto ciò che mi aspetto da anni è che si punti all'Europa, niente di meno.",0
2012-08-19T17:16:49Z,20 SPETTATORI PER VEDERE IL MATCH...,0
2012-08-19T14:08:34Z,"ovviamente presidenti con le possibilità fanno la fortuna delle squadre di calcio e non solo, noi da cinque anni grazie al presidente Volpi stiamo godendo come pochi in Italia, speriamo che il Presidente non si stanchi di questo giocattolo..Una domanda a tutti : ma senza gli Agnelli,Berlusconi,Moratti,Spinelli etc etc le rispettive squadre di calcio cosa sarebbero? Amici cagliaritani,che tra l'altro mi siete anche simpatici,la vostra storia senza Cellino sarebbe la stessa?Arrivederci in A. ",0
2012-08-19T12:42:33Z,Ahahahah il Pereg!,0
2012-08-19T12:28:33Z,GRANDE LARRY!!!!!,0
2012-08-19T09:57:59Z,Mi sembra più che﻿ ovvio che lo stadio sia deserto...20 € per un terzo turno di coppa italia mi sa﻿ che sia﻿ abbastanza esagerato....io ho pagato 42€ il biglietto per la semifinale di champions Inter-Barcellona 3-1 e cagliari-spezia costa 20€...bah,0
2012-08-19T09:10:43Z,"menomale che dovevamo perdere 5-0!!!!!!!!......bravi fanti!!!!  PS: nessuno ci caga,ma poi tutti ci insultano..strana come cosa eh ;)",0
2012-08-19T04:54:52Z,Sentirete parlare di noi nei prox 2/3 anni....si...più che buone direi illimitate...ma un passo alla volta! In bocca al lupo e speriamo di rincontrarci se non l'anno prox tra due!,0
2012-08-19T04:19:43Z,"Vincere all'ultimo minuto è davvero ""Speziale""... ehehehh",0
2012-08-19T04:18:26Z,"Sempre bello vincere all'ultimo minuto... un gol che probabilmente ci lascia Larrivey un altro anno in Sardegna... ehi spezzini come mai appena tornati in B state comprando un mucchio di giocatori forti (anche troppo, come Sammarco) per la serie cadetta? Puntate dritti alla A? Ma lo Spezia è stato acquistato da un presidente con buone disponibilità economiche dopo che siete retrocessi in C o cos'altro è successo che vi ha permesso di fare una campagna acquisti in pompa magna?",0
2013-07-22T13:27:17Z,un grande in bocca al lupo da un tifoso granata pugliese...........,0
2013-07-19T16:26:13Z,impressionante,0
2013-07-14T12:10:45Z,Che bel giocatore. Il Tori ha fatto un bel colpo!,0
2013-07-11T11:26:27Z,Farà molto bene!,0
2013-07-31T17:16:08Z,"i tuoi video sn spettacolariiiiiiiiiiiiiii *_* 
",0
2013-07-30T19:11:52Z,"complimenti fai dei video stupendi!!! Avanti Lazio
",0
2013-07-30T18:07:03Z,"Non è Pino, è Pannofino... Sempre laziale :)",0
2013-07-30T16:19:30Z,PINO INSEGNOOOOOOOOO,0
2013-07-30T13:47:20Z,"Il film è MIRACLE 
",0
2013-07-29T21:30:52Z,Monologo grandioso e poi con la voce di un gran tifoso laziale,0
2013-07-29T18:34:10Z,"Monologo tratto da...?
",0
