publish_date,title,view_count
2012-11-10T23:00:16Z,FC Istres - Le Mans FC (1-0) - Le résumé (FCIOP - LEMANS) / 2012-13,1368
2013-05-25T22:00:36Z,Le Mans FC - RC Lens (2-1) - Le résumé (LEMANS - RCL) / 2012-13,15819
2012-10-20T22:00:12Z,Nîmes Olympique - Le Mans FC (2-1) - Le résumé (NIMES - LEMANS) / 2012-13,2147
2013-04-13T22:00:15Z,Le Mans FC - FC Istres (1-2) - Le résumé (LEMANS - FCIOP) / 2012-13,1789
2013-01-26T23:00:13Z,AJ Auxerre - Le Mans FC (1-1) - Le résumé (AJA - LEMANS) / 2012-13,3332
2013-02-09T23:00:28Z,Clermont Foot - Le Mans FC (1-1) - Le résumé (CFA - LEMANS) / 2012-13,1703
2013-04-20T22:00:15Z,EA Guingamp - Le Mans FC (6-1) - Le résumé (EAG - LEMANS) / 2012-13,23539
2013-03-17T14:47:37Z,Le Mans FC - Nîmes Olympique (0-3) - Le résumé (LEMANS - NIMES) / 2012-13,2286
2013-02-23T23:00:15Z,Chamois Niortais - Le Mans FC (2-3) - Le résumé (NIORT - LEMANS) / 2012-13,7307
2013-01-19T23:00:13Z,Le Mans FC - Châteauroux (2-0) - Le résumé (LEMANS - LBC) / 2012-13,3623
2013-05-04T22:00:10Z,GFC Ajaccio - Le Mans FC (1-3) - Le résumé (GFCA - LEMANS) / 2012-13,6461
2012-12-15T23:00:13Z,Havre AC - Le Mans FC (1-0) - Le résumé (HAC - LEMANS) / 2012-13,1727
2012-12-01T23:00:17Z,AC Arles Avignon - Le Mans FC (0-0) - Le résumé (ACA - LEMANS) / 2012-13,934
2013-02-02T23:00:14Z,Le Mans FC - FC Nantes (0-3) - Le résumé (LEMANS - FCN) / 2012-13,15298
2013-03-30T23:00:14Z,Stade Lavallois - Le Mans FC (2-1) - Le résumé (LAVAL - LEMANS) / 2012-13,6269
2013-03-09T23:00:19Z,CS Sedan - Le Mans FC (2-1) - Le résumé (CSSA - LEMANS) / 2012-13,5841
2013-03-02T23:00:14Z,Le Mans FC - Angers SCO (0-2) - Le résumé (LEMANS - SCO) / 2012-13,6795
2013-02-16T23:00:14Z,Le Mans FC - SM Caen (1-1) - Le résumé (LEMANS - SMC) / 2012-13,4572
2013-05-11T22:00:12Z,Le Mans FC - Havre AC (0-4) - Le résumé (LEMANS - HAC) / 2012-13,7484
2012-12-12T23:00:14Z,Le Mans FC - GFC Ajaccio (1-0) - Le résumé (LEMANS - GFCA) / 2012-13,1928
2012-12-22T23:17:29Z,Le Mans FC - AS Monaco FC (2-3) - Le résumé (LEMANS - ASM) / 2012-13,14787
2013-04-27T22:00:13Z,Le Mans FC - AC Arles Avignon (0-0) - Le résumé (LEMANS - ACA) / 2012-13,1342
2013-01-12T19:54:44Z,Dijon FCO - Le Mans FC (3-0) - Le résumé (DFCO - LEMANS) / 2012-13,3850
2013-05-18T22:00:11Z,AS Monaco FC - Le Mans FC (2-1) - Le résumé (ASM - LEMANS) / 2012-13,11470
2012-11-24T23:00:16Z,Le Mans FC - EA Guingamp (0-2) - Le résumé (LEMANS - EAG) / 2012-13,2771
2012-11-03T23:56:42Z,Tours FC - Le Mans FC (2-0) - Le résumé (TOURS - LEMANS) / 2012-13,2900
2013-04-06T22:00:13Z,Le Mans FC - Tours FC (1-0) - Le résumé (LEMANS - TOURS) / 2012-13,5503
2013-05-25T16:56:49Z,Le Mans FC-Lens (1-0) But 7&quot;min de Baby !!! magnifique ouverture du score!!,271
2013-05-25T12:59:28Z,Conférence de presse Le Mans FC - RC Lens (2-1) / 2012-13,484
2012-09-07T10:20:10Z,Ndongala Dieumerci,559
2013-02-22T13:12:53Z,"Jeremy Vuolo, formerly of the NY Red Bulls, shares how he overcomes losses",166634
2013-06-23T05:29:09Z,football monsoon poets,110
2013-04-11T13:37:09Z,Francis N&#39;Ganga,1524
2013-07-12T20:12:57Z,"10 EME TOURNOI DE LA VALLEE ( CHALLENGE BOULAYE DRAME ), FOOT, ATHLETISME, CHOREGRAPHIE",1800
2013-04-08T14:10:15Z,Interview des joueurs après RCSC - Ohl,446
2012-09-16T10:14:23Z,vise-eupen,439
2013-04-02T12:10:22Z,Francis N&#39;Ganga après Malines - Rcsc,458
2012-09-07T10:44:56Z,Dieumerci Ndongala,6047
2012-09-07T09:46:47Z,dieumerci ndongala,622
2013-04-17T14:50:30Z,Sp.Charleroi-OH Louvain 3-0 penalty de Pollet,185
2013-07-26T14:54:44Z,Damien Marcq avant Brugge - Charleroi,382
2013-02-11T21:59:37Z,عضو شبكة الراقي وحيد العربي يحفز الجماهير HD,1107
2013-04-22T02:34:50Z,FC Nantes 1-1 Auxerre Samedi 20 Avril 2013 (Vidéo non officielle),4547
2012-09-19T12:21:39Z,But retourné au football,64
2013-06-10T17:28:42Z,Highlights post gara  Torrecuso - A.S.D. Due Torri 3 - 1,4067
2012-12-27T17:20:26Z,camara petit collo 2011/2012,475
2013-03-18T13:16:24Z,17-03-13 Mariño-Añorga Juvenil Femenino,645
2012-10-17T10:44:15Z,Tir au But de Sonny Anderson @ Foot Concert 2012,804
2013-05-08T20:33:56Z,Onazi FANTASTIC GOAL (Inter Milan 1-3 Lazio) 08.05.13,7846
