published-time,comment,likes
2013-05-26T02:19:10Z,Triste pour Le Mans :'(,9
2013-04-16T07:17:14Z,Le mans restera t-il en ligue2?,1
2013-04-13T22:29:40Z,Erreur le score n'est pas de 3-1 mais de 2-1 en faveur des istréens,1
2013-02-12T18:37:50Z,"C'est quoi cette arbitre sérieux ?!
",1
2013-02-10T08:02:24Z,"Supporter clermontois, mais je dois admettre que je ne comprends pas le penalty...",1
2013-07-03T09:00:02Z,C'était de l'humour...,1
2013-05-04T10:12:14Z,"Un peu de respect s'il te plait!
Souhaiter une blessure c'est tous simplement stupide et pour tous les gardiens il y a des matchs comme ca a oublier (exemple pour Lloris la claque reçu a domicile par le Bayern Munich 3-0( en ligue des champions et surtout en demi finale ce n'est pas normal)",3
2013-04-30T11:47:58Z,"Une partie de rigolade pour les Guingampais !!!
",3
2013-04-22T16:41:33Z,ca on l'avait remarqué,1
2013-04-22T16:02:04Z,J'espère que le 1er gardien de la géorgie se blessera comme ça on rigolera bien à Géorgie-France !,4
2013-04-21T20:43:35Z,"Allez Guingamp !
Cette année c'est la bonne !!",4
2013-04-21T16:05:01Z,"A la base c'est Janot et il est bléssé.. et dire que pourtant, ce mec c'est quand même le deuxième gardien nationale de Géorgie. Il doivent vraiment avoir peu de choix..",2
2013-04-21T14:47:55Z,On est nul ! Manceau qui parle,2
2013-04-21T13:23:14Z,"Tu as raison il est bidon 
",1
2013-04-21T11:37:32Z,Nan mais franchement le mans faut changer de gardien il est nul celui la ! Il ne bouge même pas !,4
2013-03-22T22:58:28Z,On fait pitié (manceau),1
2013-03-18T20:43:18Z,"Jannot peut absolument rien faire !
",1
2013-03-18T17:32:40Z,"on est vraiment pourri (manceau qui parle)

",1
2013-03-18T00:49:35Z,Une demonstration des Nîmois !!! Superbe =),1
2013-03-17T21:30:44Z,Avant les vidéos j'adorais Casillas mais maintenant je dis juste LA FERME !,1
2013-05-08T16:08:37Z,"aller les sang et or
sang et or suporters a lavie a la mort 
",2
2013-03-09T18:33:19Z,il y a que le mans dans mon coeur qui bat il y a que le mans toujours il restera,1
2013-03-03T13:31:00Z,beau match !,1
2013-03-02T14:43:30Z,"Pour une fois que Le Mans FC gagne ! 
Perdre contre une equipe de National LA HONTE ! 
Fin bref on les soutients 
SANG ET OR !
",2
2013-03-02T14:05:59Z,Tu la dit quel arbitre pourri,2
2013-03-01T19:03:43Z,Sang et Or !!!!!,2
2013-02-21T19:40:37Z,ta gueule allez le mans,1
2013-02-21T19:40:15Z,allez le mans,1
2013-01-20T11:10:42Z,Vive Le Mans FC !! POuce vert si vous serez là à Le Mans FC - SM Caen . :),1
2013-01-19T23:37:23Z,Bell victoire de Le Mans avec un bon Janot :),1
2013-05-05T17:11:12Z,FIRST !!!,1
2012-12-08T15:57:14Z,"ALLEZ LE MANS !!!!!!!!!!!!!!!!!!!!!!
",1
2012-12-01T23:53:00Z,ALLèèè ACA ALLéééé ,1
2013-02-18T19:23:10Z,le mans ALLEZ ALLEZ LE MANS,2
2013-02-08T20:30:58Z,Allez les nantais on les applaudit pour enfin ce rattrapage de plusieurs saison manquées!!!!!,1
2013-02-08T18:23:09Z,FCNANTES ! FCNANTES ! FCNANTES !,0
2013-02-06T13:30:40Z,Wesh Nantes!!!15ème but de Djo!!!,0
2013-02-05T01:30:46Z,"une mauvaise nouvelle vient de tomber pour le FC Nantes 
interdiction de recruter pendant 1 ans .Dommage si on monte ",0
2013-02-04T19:43:02Z,c'est moi ou il y a + de buts et de matchs à rebondissements en ligue 2 qu'en ligue 1 ?,0
2013-02-04T03:53:15Z,ça fais plaisir l'année prochaine je pourrais enfin revoir un mythique bordeaux vs nantes ,1
2013-02-03T20:44:14Z,LE MANS CEST LA MISEREEE MISEREEE MISEREEE!!!,0
2013-02-03T19:46:57Z,"EN L1 C'est L'OM en l1 je suis pour l'om et l2 pour le muc
",1
2013-02-03T19:44:53Z,"allez le mans ALLEZ ALLEZ ALLEZ LE MANS
",2
2013-02-03T14:08:00Z,drrraaa 44 RPZ aïe aïe aïe !!!,0
2013-02-03T10:29:03Z,FCNANTES !!,0
2013-04-02T15:22:13Z,ALLEZ LAVAL,2
2013-03-09T23:58:43Z,"encor une def :s
",1
2013-04-28T13:08:05Z,Angers soon Ligue 1 ;),1
2013-03-05T00:05:04Z,"jai regarder dans le stade sco avait bcp chance et merci arbitre qui exclu le manceau 
je suis arbitre aussi mais  cet arbitre javais la honte piur lui",1
2013-03-03T20:41:30Z,Bravo le SCO,1
2013-05-12T20:16:32Z,Superbe but de fontaine tout juste magnifique !!!,1
2013-05-12T15:39:13Z,Dommage pour le mans ! National l'année prochaine !,1
2013-05-11T22:07:55Z,NAN MON FIRST :(,1
2013-05-11T22:03:58Z,First,1
2013-02-03T19:56:20Z,allez le mans,2
2013-01-25T12:07:31Z,il est bon ce Ibrahima Touré ^^ sa promet pour la suite. Je souhaite une monté de l ASM pour la saison prochaine.( Un sup Parisien),1
2013-01-10T01:49:45Z,allez monaco,1
2013-01-02T09:08:47Z,ouai vous nous rembourserez dans maximum 3 mois sinon...,1
2013-01-01T22:20:37Z,"mais il coute trop cher pour vous 200 000 euro 
vous avez pas les moyens",1
2012-12-23T17:21:21Z,"Frederic, si il n'a pas montrer ton ""hors jeu imaginaire"" il n'a pas non plus montré le penalty non sifflé pour Le Mans si tu va dans ce sens là ! (Sympa ton jugement sur les supporters c'est vrai que c'est important de signaler ce que tu as dit ... Ahlala)",1
2012-12-23T09:23:26Z,alors super journaliste manceau juste pour dire qu'il y a un but refusé sur hors jeu imaginaire mais bon sa on montre pas et les supportaire manceau qui pousse pour marqué le 2 eme but ???? eh il était au match ou pas car moi j'i etait et les manceau on les a entendu qu'au 2 eme mais avant et apres .... les Supportaire Monégasque était la mais sa il en a pas parlé non plus pas grave victoire un de bon souvenir :) ,1
2013-01-19T18:42:01Z,trop fort mon cousin a moi aussi tu peux etre fier de toi continue ainsi moi (marine) et léa on te supporte fort a carpantras. vive les philippoteaux,1
2013-01-16T08:37:34Z,romain mon cousin jsui trop fier de toi !! revien moi vite la famille quon fete tous sa meme si on la deja féter ;) lache rien c toi le meilleur depuis petit jte le di lache rien rien riennnnn !!! jtembrasse la famille jtappel ce soir ,1
2013-01-14T16:23:45Z,Le Buteur d'Apt c'est le meilleur ! ,1
2013-01-12T22:38:29Z,cette chaine fait du bon boulot,1
2013-05-23T22:25:12Z,"Les gens qui parlent de l'ambiance :p  J'y etait, avec les ultras et l'ambiance etait excelente surtout pour un match de ligue 2 :)",3
2013-05-20T20:55:12Z,"C'est là qu'on voit qui ouvrait son Bescherelle à l'école mais avec ton niveau c'est même à se demander si tu l'avais acheté en fait. Il faut changer de disque sur les supporters monégasques, la population monégasque est vieillissante et peu intéressée par le football. Club en carton avec 7 titres de Champion de France, 5 coupes de France, 1 de la Ligue et une finale de C1, je prends quand même.",2
2013-05-20T11:10:08Z,Vive jérémie janot!!!!!,2
2013-05-20T01:38:05Z,Lol l'ambiance de merde c la qu'on voit que l'argent ne fai pas tout le sta n'aime me pas rempli club en carton!!!,2
2013-05-19T17:40:17Z,"tu est pour quel équipe toi 
",2
2013-05-19T16:17:24Z,"Change de disque DrDJEKILL7, toujours les mêmes choses, Monaco et ses supporters, en tout cas sache que Monaco, c'est des supporters partout en France ( d'ou tout les groupes de supporters de partout ) et à l'étranger ( notamment en Espagne et en Italie ) et puis je peux te dire, il y en a de plus en plus maintenant ;)",2
2013-05-19T00:54:33Z,Quel tacle con et dangereux de Touré quesqui lui passe par la téte serieux si il le touche il lui casse la cheville !,2
2013-04-08T05:59:38Z,"c fouss et no mendes sur la premiere occas
",1
2013-04-07T09:35:14Z,On est pas encore mort. U.C ! <3,1
2013-05-25T13:25:15Z,Dommage que les journalistes n'ont pas de micro! :),0
2013-04-11T14:15:05Z,du ton bon ca ,0
2013-02-12T06:43:45Z,دوماً في الموعد العم وحيد,0
2013-02-12T06:03:53Z,"الله يهديه ويصلحه 
أعطوا اللحية حقها من التمسك بالدين واتباع سنة المصطفى صلى الله عليه وسلم 

اللحيه لها هيبتها والله أعلم",0
2013-05-10T11:02:12Z,s'est passion nantes sup'erdre ?,0
2013-05-03T22:06:16Z,J'vais à Nantes - Clermont,0
2013-04-23T12:59:35Z,"Sérieux tu pourrais faire de belle vidéo mais trop de chose inutile, trop de zoom alors qu'il faudrais voir toute la loire chanter c'est bien plus beau a voir, des vidéo trop longue garder que le meilleur, en erdre il n'y a rien a filmé la loire rien de mieux surtotu que la beau tifo bonne ambuence tu aurais pu faire un bon truc..",0
2013-04-23T03:23:42Z,MERCI de nous faire partager cet ANNIVERSAIRE ... VIVE LE FC NANTES ... ALLEZ LES JAUNES ... !,0
2013-04-22T18:29:52Z,"Garnie comme ça, la tribune Loire est vraiment très très impressionnante ! ",0
2013-04-22T12:29:01Z,"Dommage que tu reste fixé sur l'écran geant a la compo d'équipe, le tifo on ne le verra pas a chaque match.... sinon bonne video, bonne qualité d'image",0
2013-04-22T11:44:36Z,tu filme trop pret les spectateurs laisse nous apprécie rl'ensemble ;) sinon bravo,0
2013-04-22T10:57:58Z,put.... ENORME J'aurais trop voulus y être et mon dieu Djordjevic !!! quel pénalty gaché !,0
2013-04-22T06:09:03Z,"Il était en forme le speaker ^^
Vraiment un match qui était facilement prenable... Filip, Fernando et Yohan ont vraiment manqué de lucidité sur leurs occasions respectives :/",0
2013-05-08T23:29:46Z,What a bomb!,0
2013-05-08T21:32:09Z,<---------------- SUBSCRIBE Please ♥,0
