publish_date,title,view_count
2012-12-23T23:00:33Z,Goal Ryan MENDES (74&#39;) - LOSC Lille - Montpellier Hérault SC (4-1) / 2012-13,3347
2012-12-23T23:00:32Z,But Ryan MENDES (74&#39;) - LOSC Lille - Montpellier Hérault SC (4-1) / 2012-13,3676
2012-10-07T22:00:13Z,Goal Ryan MENDES (56&#39;) - LOSC Lille - AC Ajaccio (2-0) / 2012-13,9577
2013-01-14T14:53:22Z,Ryan Mendes portera le numéro 11...,6321
2012-12-22T20:42:53Z,Sortie de Kalou rentrée de Ryan MENDES ! Lille MHSC,217
2012-10-07T22:00:26Z,But Ryan MENDES (56&#39;) - LOSC Lille - AC Ajaccio (2-0) / 2012-13,3819
2012-12-22T20:34:48Z,Reaction but de Ryan Mendes Lille MHSC,276
2013-01-09T11:21:26Z,Seleção Nacional Aniversário Ryan.,6095
2013-01-16T16:52:06Z,África do Sul vs Cabo Verde no DTudo1Pouco TV,3149
2012-10-27T17:22:35Z,"[okabol.com] Ryan Mendes: réaction au tirage au sort, CAN 2013",3010
2012-10-07T22:00:13Z,LOSC Lille - AC Ajaccio (2-0) - Highlights (LOSC - ACA) / 2012-13,3205
2012-09-30T22:00:23Z,Stade Rennais FC - LOSC Lille (2-0) - Highlights (SRFC - LOSC) / 2012-13,1450
2012-10-07T22:00:26Z,LOSC Lille - AC Ajaccio (2-0) - Le résumé (LOSC - ACA) / 2012-13,11503
2012-09-24T01:25:05Z,LOSC Lille - Olympique Lyonnais (1-1) - Highlights (LOSC - OL) / 2012-13,3289
2012-12-24T02:13:44Z,Ligue 1 - Week 19 Highlights / 2012-13,3550
2013-01-05T22:34:01Z,Preparação CAN 2013 T. Azuis Mindelo,4945
2013-01-29T08:12:02Z,Cabo Verde/Angola. Africa cup of nations,51090
2013-01-22T13:52:04Z,Abertura CAN. Africa Cup of Nations.,1939
2012-12-23T23:00:33Z,LOSC Lille - Montpellier Hérault SC (4-1) - Highlights (LOSC - MHSC) / 2012-13,2816
2012-10-08T00:39:32Z,Ligue 1 - Week 8 Highlights / 2012-13,3745
2012-12-23T23:00:33Z,Goal Souleymane CAMARA (82&#39;) - LOSC Lille - Montpellier Hérault SC (4-1) / 2012-13,361
2012-12-23T23:00:25Z,Goal Nolan ROUX (62&#39;) - LOSC Lille - Montpellier Hérault SC (4-1) / 2012-13,566
2012-12-23T23:00:25Z,Goal Daniel CONGRE (25&#39; csc) - LOSC Lille - Montpellier Hérault SC (4-1) / 2012-13,283
2012-12-23T23:26:16Z,Ligue 1 - Week 19 : Top goals / 2012-13,1326
2012-12-23T23:00:32Z,LOSC Lille - Montpellier Hérault SC (4-1) - Le résumé (LOSC - MHSC) / 2012-13,63216
2012-09-30T22:00:23Z,Stade Rennais FC - LOSC Lille (2-0) - Le résumé (SRFC - LOSC) / 2012-13,22021
2012-09-24T00:32:47Z,LOSC Lille - Olympique Lyonnais (1-1) - Le résumé (LOSC - OL) / 2012-13,34773
2012-12-23T23:00:24Z,But Daniel CONGRE (25&#39; csc) - LOSC Lille - Montpellier Hérault SC (4-1) / 2012-13,2068
2012-10-26T14:00:07Z,McGivern on Hibernian Loan Spell So Far,426
2012-12-24T10:30:36Z,Ligue 1 - Top buts 19ème journée / 2012-13,9763
2012-10-08T00:36:03Z,Ligue 1 - Week 8 : Top goals / 2012-13,3464
2012-12-23T23:00:24Z,But Dimitri PAYET (43&#39;) - LOSC Lille - Montpellier Hérault SC (4-1) / 2012-13,2185
2013-01-03T23:53:23Z,Primeiro treino de pré-estágio da seleção nacional em Mindelo,2670
2012-10-07T08:46:57Z,LOSC AJACCIO. HD. Victoire 2-0 du LOSC au Grand Stade.,617
2012-12-23T23:00:24Z,But Nolan ROUX (62&#39;) - LOSC Lille - Montpellier Hérault SC (4-1) / 2012-13,2677
2012-12-23T13:57:04Z,Interview de fin de match : LOSC Lille - Montpellier Hérault SC (4-1) / 2012-13,590
2012-10-08T00:19:21Z,Ligue 1 - Top buts de la 8ème journée / 2012-13,20479
2012-10-07T22:00:13Z,Goal Nolan ROUX (42&#39;) - LOSC Lille - AC Ajaccio (2-0) / 2012-13,3068
2012-10-07T19:16:08Z,Interview de fin de match : LOSC Lille - AC Ajaccio (2-0) / 2012-13,268
2012-12-23T23:00:25Z,Goal Dimitri PAYET (43&#39;) - LOSC Lille - Montpellier Hérault SC (4-1) / 2012-13,616
2012-10-24T12:10:33Z,16 losc bayern roux remplacé par mendes,328
2013-07-03T12:57:20Z,Garry Rodrigues vs. Metalurg Donetsk,6993
2013-01-07T19:03:43Z,"Tubarões Azuis, Treino",1231
2013-01-14T15:33:26Z,Zapping de septembre 2012,2966
2012-12-24T03:10:47Z,Ligue 1 - Résumé de la 19ème journée / 2012-13,49690
2013-04-26T21:56:22Z,Lille - sochaux but de Kalou,253
2012-10-07T22:00:26Z,But Nolan ROUX (42&#39;) - LOSC Lille - AC Ajaccio (2-0) / 2012-13,2153
2012-12-23T23:00:32Z,But Souleymane CAMARA (82&#39;) - LOSC Lille - Montpellier Hérault SC (4-1) / 2012-13,1105
2012-10-07T00:55:32Z,[Page LoscForLife] Nouveau CHANTS DVE Losc - Ajaccio,5687
2013-01-05T22:37:29Z,Lille - Nîmes (Coupe de France): But de Florent Balmont (2-0),9018
