published-time,comment,likes
2013-07-25T17:58:12Z,SPORT1!!,0
2013-01-06T21:21:35Z,"lee <3
",0
2012-12-18T07:06:18Z,bravo la bretagne!,0
2012-12-02T19:56:09Z,"écouter la bourgogne pleurer !
",0
2012-11-25T18:12:39Z,Félicitation a Nantes pour cette victoire :) Compations d'un supporter Lensois ;) Nantes et Lens meilleur public de ligue 2 nous méritons la Ligue 1 :D ,1
2012-11-25T16:51:38Z,vite la ligue 1!,0
2012-11-25T15:35:25Z,...écoutez la Loire chanter !!!,0
2012-11-25T14:45:00Z,allez Nantes,0
2012-11-25T13:43:23Z,Allez nantes !!!!! Hé vous qui netes pas nantais !!,0
2012-11-25T07:17:28Z,objectif: LIGUE 1 ALLEZ LES CANARIS !!!!!,0
2013-06-24T18:40:22Z,"Yeah mate, Thank u ;)",0
2013-06-24T12:10:59Z,This intro is great for your channel,0
2012-11-22T17:42:48Z,Thnx ya 5waga :),0
2012-11-21T07:44:37Z,"If u mean those vids that full of useless effects and shit, no u will not find here or in any Ronaldo videos but if u want a real vid with good music and good montage just got to Palkogabor channel or Petenaldo they r one of the best Ronaldo video makers on Youtube.
BTW i will upload a new vid tomorrow "" Ronaldo Skills Tribute"" i think u will like it :)",1
2013-07-15T01:01:15Z,"STOP IT!!! THE AMOUNT OF LEGENDS IN THIS VIDEO IS TOO DAMN FUCKEN HIGH!!!! LIKE, C'MON, I THINK THERE'S OVER 1293861232183921 LEGENDS IN THIS VIDEO FFS! JUST... ARGH! TOO MANY LEGENDS!",1
2013-07-07T01:19:14Z,Collina <3,1
2013-07-03T08:06:12Z,حلووووو,2
2013-07-01T15:40:54Z,the first goal should've been offside,3
2013-06-25T12:32:46Z,審判とロナウドとﾈｲﾏｰるとジダンめちゃくちゃエロい話してるね。,1
2013-05-30T01:34:37Z,"REAL FENOMENO COLLINA :)
",2
2013-05-18T08:12:56Z,Best referee (Collina) Best midfielder (Zidane) Best striker (Ronaldo) on the same pitch! Wow!,17
2013-05-17T07:33:27Z,3 legends in 1 picture: zizou + ronaldo + collina :),67
2013-05-06T16:14:53Z,Wow he is playing as a play marker,2
2013-05-03T21:54:29Z,I bet Neymar was told to make only the passing game ^^,5
2013-05-01T07:25:47Z,"lol i didn't know Deco was playing
",1
2013-04-29T19:17:46Z,"Man, too many legends for my laptop to handle ..and lol Collina telling jokes",14
2013-04-29T19:16:31Z,lol ..he even deliberately pulled his arm back haha,1
2013-04-29T02:23:48Z,"vitor baia um dos melhores guarda redes d mundo.
o jogador com mais titulos em todo mundo~
39titulos.
fc.porto e barcelona",1
2013-04-28T22:05:39Z,"Like this if u miss my premature ejaculations that take place while u're blowing me, show some respect to one of the best finishers of all time. In fact, the best striker of all time. ",1
2013-04-28T18:41:40Z,"Eu vi Ronaldo e Zidane joga brigado,vou pode falar aos meus filhos dois mitos.",4
2013-04-28T18:23:47Z,"Like if you miss my dick
",0
2013-04-28T15:05:57Z,3:24 bebeto ignore LOL... awks,2
2013-04-28T10:34:40Z,there is only one Ronaldo...,2
2013-04-13T00:09:46Z,axo que ainda poderia ser titular do corinthians hoje mas uma pena nao poder mais ver el fenomeno em campo o melhoR!,0
2013-02-28T20:03:47Z,Like if u miss the Old Ronaldo /; <3,29
2013-02-12T16:54:36Z,EDMUNDOOOOOOOOOOOO!!,0
2013-02-10T20:05:27Z,why there is no ronaldinho?,2
2013-01-23T16:34:32Z,"Yeah, this is Ronaldo :)",18
2013-01-19T17:35:00Z,Is this Ronaldo`s that you using as profile pic? That looks like Avatar!!!,2
2012-12-24T00:18:34Z,"zizou, ronaldo, collina. best match ever",20
2012-12-23T16:37:48Z,nice ronaldo,2
2012-12-22T18:08:24Z,Yeah he is a two footed player but the main reason he played like this that he complained b4 the match from a muscle injury in his right leg but he insisted to play that's why u can c that he avoid playing with his right foot every time he got the ball.,2
2012-12-22T16:31:47Z,Can you please upload the full game somewhere so I can watch/download it. Please :^),0
2012-12-22T16:13:26Z,vergonha desse gramado!!,0
2012-12-22T15:36:25Z,"Awesome.
",0
2012-12-22T11:47:51Z,he lost so much weight he ciyld easily come out of retirement,1
2013-01-10T22:02:54Z,내새낑....감바잘가서 힘내잣 응원만땅씨리해줄께욧,1
2012-11-22T15:14:37Z,"그때 볼땐 몰랐는데 숨겨진 MOM이네
",1
2012-08-20T12:53:39Z,조와 조와!,0
2013-07-04T06:45:55Z,korea will donate some money to your diving coach too,0
2013-06-26T19:29:22Z,"If you really want to ""hate"" South Korea over an alleged cheating, you should also hate all the other countries in the history of football such as Argentina, France, Italy, Uruguay, Brazil, etc. who won games on diving and/or handball.  Why the double standard?  Because an Asian country won against the mighty footballing nations of Europe?  None of these traditional powerhouses are entitled to the World Cup. Football belongs to the world. To hold hatred, that's just stupid. I'm not even Korean.",0
2013-06-23T16:18:37Z,Korea will improve now that there will be a new coach!,0
2013-06-17T11:58:07Z,"Yes Korea improve the budget for referee and linesmen :)
",0
2013-06-09T22:45:27Z,Korea should've quit it after the cheating they did in 2002,0
2013-06-07T16:15:32Z,"I hope in your dynamic leadership Korea will do better performance in world football.
",0
2013-06-07T15:52:39Z,Only jealous people think Korea cheated.,0
2013-06-07T15:52:21Z,Korea didn't cheat for 11 years so what makes you think Korea will cheat?,0
2013-06-05T21:52:20Z,and here thus start the 2002 argument.... ,0
2013-06-05T19:50:13Z,They improved a lot because they cheated in 2002,0
2013-06-05T18:56:56Z,Yes improved after cheating in 2002 World Cup.,0
2013-06-05T18:55:48Z,hopefully they don't intend in cheating again like they did in 2002.,0
2013-07-04T20:16:14Z,great goal!,0
2013-07-15T20:55:19Z,Prachtige Stadion Dresden,0
2013-07-11T16:32:21Z,"First part is about how Christian has started training on free kicks more, and he says he counts his goal against Feyenoord as a free kick goal as well, even though it got deflected. Making his total for Ajax 3(!) free kick goals haha.
Second part they're saying how good the trainingcamp in Austria was. ",0
2013-07-09T23:55:52Z,could anybody translate the rough outline of this interview please?,0
2013-07-08T18:05:40Z,gefrustreerd?,0
2013-07-07T22:50:51Z,wordt*,0
2013-07-07T13:54:14Z,FdB weet wel hoe je een vrije trap moet nemen,0
2013-07-07T11:47:36Z,geen enkele club wilt hem,0
2013-07-07T08:16:34Z,Word een hele grote speler,0
2013-07-07T07:52:13Z,0:28 Poulsen krijgt nog een beuk van die keeper,0
2013-07-07T07:05:24Z,Eriksen is echt een toespelen,0
2013-07-07T00:31:33Z,als christian weg is moet ajax duarte halen,0
2013-07-06T22:01:57Z,Wat een geweldige vrije trappen!,0
2013-07-06T21:48:47Z,"maar dan deens
",0
2013-07-06T21:35:19Z,ajaaaaaax,0
2013-06-03T17:27:04Z,YALLA Lebanon3,0
2013-04-22T06:57:13Z,강추!!,1
2013-07-07T03:28:22Z,now gangnam style is what defines korea LOOOOL,0
2013-01-03T23:08:15Z,The weird thing about this video is that the guy is black?,0
2012-12-30T23:52:51Z,Tisse mann,0
2012-12-30T23:52:20Z,Im bettet,0
2012-12-01T21:47:04Z,why cant english commentators be like this :P,0
2012-11-19T01:19:16Z,0:44 I found Kim Jong Il,0
2012-11-07T10:58:55Z,LOL even the stadium is playing Gangnam style,0
2012-11-06T21:55:45Z,"And, extra money for doing Gangnam Style LOL",0
2012-11-05T13:35:55Z,"yh hf,+++++--tyhh",0
2012-11-02T18:41:52Z,What,0
2012-10-31T22:13:39Z,this was voted like the new Neymar's celebration for PES 2013 ,0
2012-10-30T12:35:12Z,it's not its a game.......,0
2012-10-14T19:32:51Z,GANGWON STYLE!!,0
2012-10-12T12:47:07Z,0:40 - difficulty not acceptable for Gangnam Style celebration,0
2012-10-02T19:14:38Z,0:41 - 0:45 *not impressed*...,0
2012-09-30T01:55:48Z,0:44  that guy with finger pointed is like '' I KILL YOU'' ,0
2012-09-27T23:25:50Z,apperently they want to eat with him after the game,0
2012-09-27T00:01:52Z,This has to be in the celebrations in my copy of Fifa 13 tomorow.,0
2012-09-23T02:59:20Z,gangnam style would be gay on fifa 13,0
2012-09-22T18:38:30Z,"look if you don't like PES, okay that's fine. If you like fifa (which is more realistic) get off your ass and play then, you like realistic, then be realistic.",0
2012-09-22T18:37:13Z,true...,0
2012-09-22T18:36:49Z,I'm a girl,0
2012-09-22T15:37:09Z,"That's not my point though, he also said why are people from England and UK such haters, which relates to how they can be so stuck up when it comes to leagues.",0
2012-09-22T10:26:32Z,He was not talking about the leagues. He was saying why do English people hate PES.,0
2012-09-22T05:34:28Z,"People from England think that their Football league is the only league that matters..(which isn't true of course.) I personally prefer watching the K-League in comparison to boring English clubs like Manchester City, and Chelsea.",0
2012-09-22T03:11:35Z,45th second 2 goals :O,0
2012-09-21T22:57:04Z,Well I don't think so ._. why you people from England or United Kingdom are such haters? ,0
2012-09-21T22:45:34Z,"well it is a real game, some prefer PES then fifa, and the other way around. Don't be a hater.",0
2012-09-21T21:12:53Z,pes shouldnt even be a real game,0
2012-09-21T20:05:34Z,Coach still waiting for the goal ! XD,0
2012-09-17T15:06:10Z,It better be on PES 2013,0
2012-09-17T02:04:14Z,Of course the Brazilian player had to celebrate by dancing. At least he tried to Gangnam Style!,0
2012-09-08T01:53:21Z,"He is made in brazil lol
i love this!",0
2012-08-30T22:00:55Z,"Yeah, if that money is going to help PSY. I really don't mind. :P",0
2012-08-30T17:24:55Z,and profit will be around 10 million? lol,0
2012-08-29T05:50:39Z,"lol, Gangnam Style celebration dlc for Fifa 13 only $0.99 :D",0
2012-08-29T05:11:48Z,Better be on fifa 13,0
2012-08-18T17:45:11Z,"ㅋㅋㅋ it should be called ""Gangwon Style""",0
2013-07-03T03:55:39Z,"ban tuoi zi ma phan xet ng khac
",1
2013-07-01T09:41:05Z,"Đánh còn kem lắm
",1
