publish_date,title,view_count
2013-07-17T16:07:37Z,Amazing strike from Yong Lee - Ulsan vs Jeju United,5819
2012-11-24T23:00:16Z,AJ Auxerre - FC Nantes (0-2) - Le résumé (AJA - FCN) / 2012-13,9569
2012-11-20T16:23:23Z,Like &amp; Subscribe The Best Ronaldo Fenomeno Page and Channel,24848
2012-12-22T08:07:54Z,Ronaldo All Touches vs Zidane Friends 19/12/2012,4556427
2012-08-20T09:24:21Z,강원FC 오재석 런던올림픽 하이라이트,9134
2013-06-05T18:04:42Z,We have improved a lot&#39; - Korea Republic FA President,1809
2012-11-24T18:58:14Z,Conférence de presse AJ Auxerre - FC Nantes (0-2) / 2012-13,410
2012-10-20T17:57:58Z,Ki Sung-Yueng ~^Korean Talent^~,1482
2013-06-23T20:57:59Z,Benitez&#39;s first Napoli press conference,441
2013-03-25T20:06:35Z,Badminton Grosuplje 24.3.2013  MD 10,12
2013-03-05T20:08:28Z,Rajiv Update at the Yonex All England Open Badminton Championships,465
2013-07-04T08:50:44Z,Stunning goal from Oshitani - Fagiano Okayama vs Vissel Kobe,22834
2012-11-17T07:39:58Z,South Korea Badminton Athlete,77
2013-03-29T22:21:59Z,Badminton Grosuplje 24.3.2013  MD  KPL  HD,24
2013-07-06T21:33:04Z,&#39;We kunnen zeer tevreden zijn&#39;,8663
2013-01-21T04:25:26Z,"Chung Kết giải Triều Khúc 2012, FC Hà nội 1-0 Phong Cách Hiệp 2, forumbongda.com",1769
2013-03-22T19:51:51Z,Malaysia vs Yemen 2013,3016
2013-06-27T19:21:50Z,COMPACTO JULIO RODRIGUEZ,179
2013-06-03T14:20:57Z,Lebanon vs South Korea - World Cup Qualifier - Pre-Match Press Conference,895
2012-08-12T09:20:57Z,WA State Games 2012 Badminton - MD Final Game 2,60
2013-04-18T18:52:54Z,N2 - Cholet_vs_St Jacques - [SH1],416
2013-05-13T02:03:39Z,20130512孚瑪FUMA Badminton MD 小余+小高VS陳光+小跳,119
2012-11-22T17:14:55Z,Christian Eissele Soccer Highlights 2012,3387
2013-02-02T16:55:03Z,don.t LC Badminton - Albert Cheung &amp; Tony Ku vs Weiliang Zhang &amp; Sasuke Nguyen - 2 of 3,127
2013-02-07T22:45:32Z,2013 ABC Community Cup - R1 MD-1 - CCCFC Cougars vs DBC Dynamites,80
2012-09-03T09:32:58Z,조이민턴 횡성대회 여자부 결승전,21461
2012-11-10T15:12:01Z,Karnival Sukan TM 2012 (Kastel 2012),101
2013-05-30T10:37:25Z,"Die Analyse mit Joachim Löw, Germany 4 - 2 Ecuador, 29.05.2013",9439
2013-01-21T21:16:40Z,Golaço de Nam Tae-Hee - Lekhwiya 1 x 1 El Jaish - 21/01/2013,469
2013-02-27T13:16:48Z,Dave Freeman 2013 Sabrina Yeh/ Donna Tran Women&#39;s Doubles,281
2013-02-18T20:17:35Z,"Calvin-Kazu Vs Simon-Andy MD 2013 Winter Cal Badminton Feb 2nd,2013",934
2012-09-30T19:02:28Z,[28/09/2012] - NHỮNG KỶ NIỆM TIGER STREET FOOTBALL 2012 - P.2,1899
2013-07-09T16:52:14Z,"2012 AFC Champions League, Phohang vs Gamba, Korean Striker - Kim Jin Ryong&#39;s Goal",394
2012-11-01T12:21:22Z,Nuorten MM-kisat 2012: Joonas/Jenny vs Choi/Chae (KOR),313
2012-11-20T00:04:23Z,Badminton Knights - King Of The Court: # 3 ReD V.S DeltaX,42
2013-04-21T13:08:38Z,K리그 클래식 8R : 디오고 PK골,245
2012-08-18T15:39:39Z,Gangnam Style (강남스타일) Football Celebration (K-League),361717
2013-06-18T18:10:17Z,GIẢI CÂU LÔNG THIẾU NIÊN TOÀN QUỐC 2013: CHUNG KẾT ĐÔI NAM 15 TUỔI,24356
2013-02-02T18:53:14Z,Kann Michael Fuchs erstmals zwei deutsche Titel holen?,395
2012-11-20T21:44:11Z,TD Nguyen &amp; Min Zhao [2] vs Kevin Tseng &amp; Chinue De La Merced [3/4] Part 1,255
