publish_date,title,view_count
2013-03-19T07:53:04Z,Guy Michel landel (dada)entrainement+echauffement +premiere mi temps contre nimes,1344
2013-02-12T09:24:14Z,Entrainement Dada,172
2012-09-01T11:15:59Z,KONNSIMBAL Jesus foot,824
2013-05-02T20:28:21Z,Amer Bekic- Bosnia and Herzegovina - football player,2300
2013-07-30T13:09:56Z,Morgan Sanson (passage au Mans Fc +début de préparation à Montpellier),2366
2013-02-02T23:00:14Z,Le Mans FC - FC Nantes (0-3) - Le résumé (LEMANS - FCN) / 2012-13,15298
2012-09-11T09:49:30Z,sylla moussa 15,195
2012-12-20T11:16:43Z,"Massiré KANTE, joueur LEMANS FC",2671
2013-05-02T14:00:30Z,Wacker Tirol 2003/2004 Teil 2/9,671
2013-06-26T15:24:23Z,Florian Martin - 1ère recrue des Chamois Niortais - 26 Juin 2013,445
2012-10-30T20:17:58Z,"Coupe de la Ligue : Lille - Toulouse, l&#39;avant match",236
