published-time,comment,likes
2013-01-19T18:42:01Z,trop fort mon cousin a moi aussi tu peux etre fier de toi continue ainsi moi (marine) et léa on te supporte fort a carpantras. vive les philippoteaux,1
2013-01-16T08:37:34Z,romain mon cousin jsui trop fier de toi !! revien moi vite la famille quon fete tous sa meme si on la deja féter ;) lache rien c toi le meilleur depuis petit jte le di lache rien rien riennnnn !!! jtembrasse la famille jtappel ce soir ,1
2013-01-14T16:23:45Z,Le Buteur d'Apt c'est le meilleur ! ,1
2013-01-12T22:38:29Z,cette chaine fait du bon boulot,1
2013-04-02T15:22:13Z,ALLEZ LAVAL,2
2013-06-25T16:33:04Z,"Amazingly, I am in this video.  Wow!",0
2012-12-25T04:02:00Z,"aller racing !!!
",0
2012-12-02T14:33:43Z,7h de telechargement mais je vois que vous avez utilisé mon youtube,0
2013-07-09T16:58:58Z,First,0
2012-10-06T19:58:10Z,"The best player of Ligue 2, great Haitian Player",0
2012-09-22T00:18:17Z,PUTAIN LE TITRE M'A TUÉ,0
2012-09-20T20:58:20Z,The new Zidane <3,0
2012-09-20T20:57:43Z,welcome to Real,0
2012-09-11T21:19:48Z,Welcome to Milan,0
2012-08-27T20:33:37Z,Welcome to PAOK,0
2012-08-22T11:36:46Z,Prend ça l'expertise footballistique à base de compils youtube !,0
2013-05-15T23:01:03Z,Shellings breda.. Always a blessings seeing you rising!! Can't stop God bless ppl and talent.. One love breda!! Maddddddd,0
2012-12-31T19:20:48Z,football & music Pascal Millien gen 2 talan track kap jwe anban spesyal la se voice Pascal Ft. Ahren-B,0
2013-03-23T03:05:14Z,merci,1
2013-06-12T03:53:55Z,Yo sezi!!,1
2013-07-02T15:52:55Z,cavalier,2
2013-07-01T12:42:04Z,bel match,9
2013-06-17T16:56:30Z,se te yon bel match equipe haitienne byen jwe,5
2013-06-15T05:21:54Z,Man Haiti yo pa vle wè se li yo oral wè,3
2013-06-13T19:01:58Z,"i am proud to be haitian
",21
2013-06-13T19:01:31Z,minkoze,4
2013-06-12T05:04:45Z,I love it,0
2013-04-08T14:38:39Z,respect d'un stephanois,0
2013-03-27T14:00:50Z,"respect aux strasbourgeois et aux grenoblois , fidèles malgré leur descente ! ",0
2013-01-15T17:49:43Z,Allez racing ! Une ferveur pour toujours 3,0
2013-01-13T23:11:22Z,Fier d'etre Strasbourgeois un seul amour et pour toujours Racing club de Strasbourg,0
2013-07-07T16:40:02Z,ههههههههههههههه,0
2013-07-13T05:18:00Z,"ki sa  yo  di  :  Bondje  pi  fo !
",0
