publish_date,title,view_count
2013-02-07T15:41:36Z,Brilliant turn &amp; strike from Haiti&#39;s Belfort,1225
2013-06-29T00:39:28Z,BELFORT KERVIN FLS Joueur de la Selection Nationale.,470
2013-01-12T19:54:44Z,Dijon FCO - Le Mans FC (3-0) - Le résumé (DFCO - LEMANS) / 2012-13,3850
2013-03-30T23:00:14Z,Stade Lavallois - Le Mans FC (2-1) - Le résumé (LAVAL - LEMANS) / 2012-13,6269
2012-11-10T23:00:16Z,FC Istres - Le Mans FC (1-0) - Le résumé (FCIOP - LEMANS) / 2012-13,1368
2012-11-24T23:00:16Z,Le Mans FC - EA Guingamp (0-2) - Le résumé (LEMANS - EAG) / 2012-13,2771
2013-06-20T13:56:22Z,HAITI best goals,27666
2013-03-20T23:37:00Z,Querelle dans football Qatar,354
2012-12-23T19:38:38Z,Belfort - Strasbourg 0-1,731
2013-02-07T15:10:57Z,PERFECT delivery from Mojica puts Bolivia 2 up!,200
2013-07-06T01:48:48Z,Jeff Louis (Haiti) Sick Spin Dribble Against 2 Italian Defenders (June 11th 2013),26788
2013-04-16T07:51:47Z,But | Football | Cocoon Sport | Rafi,81
2012-12-02T07:23:24Z,"GF 38 , FC VILLEFRANCHE stade des Alpes",8928
2012-12-21T01:12:31Z,Antigua and Barbuda vs Haiti - Group A - Caribbean Cup 2012,5507
2013-06-16T19:56:54Z,2013 (June 8) Haiti 1 -Spain 2 (Friendly),514
2013-07-09T16:38:53Z,U20 : tennis-ballon avec les Bleus !,6032
2013-05-07T15:14:12Z,Ball State Sports Link: Strength In Soccer (Haiti),411
2013-07-15T23:06:59Z,Digicel Haiti-Digicel Haiti   Les Grenadiers vs Trinidade,168
2013-06-21T22:52:37Z,Haiti - Colombia,81
2013-06-08T21:50:24Z,Amazing Goal Guerrier - España 2 vs 1 Haití - Amistoso International 2013,14140
2012-08-21T09:34:38Z,Hughes Reviews,845
2012-09-09T12:26:31Z,U19 GF38   SO Chambery but refusé,743
2012-12-13T08:29:28Z,Goal 1 L,1027
2012-08-07T19:42:51Z,Jean-Eudes Maurice - Fuoriclasse,19865
2012-09-06T19:25:54Z,James Jean Francois fè konnen li trè kontan nan peyi Dayiti pou li ka defann koulè seleksyon an,1553
2012-12-31T18:30:49Z,special pascal millien,12094
2013-06-23T18:48:17Z,HAITI VS IMPACT MTL U21,34649
2013-06-06T23:49:18Z,"La pluie, l&#39;invitée surprise de la selection nationale",227
2013-06-10T08:06:15Z,Spain vs Haiti 09.06.2013 all goals and highlights,11868
2012-09-10T14:59:02Z,"Haiti-Foot: Haiti vs Bermudes, le match",90680
2012-10-20T22:13:39Z,"GF 38 , FC SOCHAUX",2625
2013-06-11T22:18:01Z,Haiti vs Italy  2 - 2 - Goals - International Friendly 2013,11899
2013-07-27T19:21:53Z,"JAMES MORISSET Selectionneur de L&#39;equipe Nationale Haïtienne de Football, CAREGORIE U17",297
2013-06-29T01:16:58Z,WIL DONALD GUERRIR Joueur de la Selection Nationale.,15375
2013-06-12T15:54:23Z,ITALY  Vs  Haiti 2013 Live Soccer Game,379320
2013-06-11T23:55:09Z,Football: Haiti 2 | Italie 2 (11 juin 2013),10320
2012-12-21T15:11:42Z,entrainement noel gf38,758
2013-04-12T14:03:17Z,Lyon- Pau Fc 2-0 avril 2013,195
2013-06-29T01:03:38Z,MONUMAT CONSTANT Jr Joueur de la selection Nationale Haïtienne de Football.,1653
2013-02-02T21:38:40Z,Saint Louis Jude Capitaine de la Sélection Nationale U20.,661
2012-09-06T19:06:08Z,Jean Jacques Pierre deklare ke se toujou yon fyète e onè pou li pote koulè ble e wouj la.,7678
2013-01-13T17:38:14Z,RC Strasbourg - Grenoble Foot 38,6531
2013-07-06T12:11:30Z,Wilde Donald Guerrier (Haiti) Goal Against Spain!,16784
2013-06-15T21:12:03Z,Edgar Marcelino best moments 2013,318
2012-09-15T23:09:50Z,UJA Maccabi Paris - Grenoble Foot 38 Coup-franc de Flo michel vid_0216,244
2013-07-24T15:20:16Z,reprise entrainement cfa,940
2012-08-23T16:35:39Z,"Réactions de Kapo, Hengbart et Le Tallec. (Le Mans-AJA)",1552
2013-07-06T10:52:40Z,Football Fail: Javi Martinez (Spain) And Jeff Louis (Haiti) Cleats Get Tangled (June 8th 2013),22071
2012-11-12T00:32:00Z,GF38-ASM RK et entrée des joueurs,961
2013-06-06T23:28:55Z,L&#39;entraînement perturbé par la pluie ...Selection National d&#39;Haiti avant le match contre l&#39;Espagne,6544
