published-time,comment,likes
2013-01-26T17:50:29Z,Congratz Paul-Arnold!!!,0
2012-12-09T14:44:36Z,Une future pépite ce Garita ! ,0
2013-07-11T08:23:31Z,On me voit a un moment ^^,0
2013-07-02T12:43:08Z,"Footix de merde !!!! AJA <3
",0
2013-04-30T15:16:39Z,Allez la berri,0
2013-01-06T21:21:35Z,"lee <3
",0
2012-12-18T07:06:18Z,bravo la bretagne!,0
2012-12-02T19:56:09Z,"écouter la bourgogne pleurer !
",0
2012-11-25T18:12:39Z,Félicitation a Nantes pour cette victoire :) Compations d'un supporter Lensois ;) Nantes et Lens meilleur public de ligue 2 nous méritons la Ligue 1 :D ,1
2012-11-25T16:51:38Z,vite la ligue 1!,0
2012-11-25T15:35:25Z,...écoutez la Loire chanter !!!,0
2012-11-25T14:45:00Z,allez Nantes,0
2012-11-25T13:43:23Z,Allez nantes !!!!! Hé vous qui netes pas nantais !!,0
2012-11-25T07:17:28Z,objectif: LIGUE 1 ALLEZ LES CANARIS !!!!!,0
2013-05-10T10:58:24Z,Allez Auxerre Gagner contre Guingamp.,0
2013-02-25T13:29:32Z,"Encore pas mal d'erreurs défensives, mais Sorin a assuré. Au vu du match aller où on mène 3-1 pour perdre ensuite 4-3 avec un but hors jeu, le 2-1 avec le penalty assez contestable fait bien plaisir ! ",1
2013-05-18T05:12:54Z,"Il est trop fort, la preuve il est demandé par Arsenal",2
2013-05-10T11:09:12Z,Auxerre Faut qui Gagne...,1
2013-03-20T14:28:11Z,ALLEZ LAVAL!,1
2013-02-08T23:09:08Z,"9 buts...mais j'ai rarement vu des ""buts"" aussi minable... ça semble tellement facile. Impression de voir joueur les jeunes U9 au stade !",5
2013-02-05T21:26:23Z,AMAZING,1
2013-02-05T21:26:07Z,Mais quel perf du yaya,2
2013-02-03T11:34:56Z,"9 buts, wow !
et le sanogo 20 ans quadruplé c'est le nouveau messi :)
même si les buts ne sont pas très beaux et le terrain est quasi impraticable, c'est rare de voir 9 buts en Ligue 2 !",2
2013-02-03T09:42:20Z,Aller l aja ses sa les gars!,2
2013-02-03T07:49:44Z,"Laval aurait du gagner le maintient !
",1
2013-02-02T23:28:13Z,9 buts tous plus ridicules les uns que les autres mais ça fait du bien pour l'aja ,2
2013-05-19T12:45:59Z,La d2 c'est pas mal non plus !,0
2013-05-02T10:35:51Z,"Même en ligue 1 c'est pareil ! Je supporte l'Estac ( Troyes ) et a plusieurs fois ont c est fais couiller par l'arbitre . Par exemple des buts soit disant hors jeux pour nous,ou des buts hors jeux pour les adversaires mais qui sont compter comme des buts valable ! L'arbitrage et franchement mauvais cette année que se soit en ligue 2 ou en ligue 1 !",0
2012-11-13T19:45:41Z,"Quand est-ce qu'on va arrêter de se faire voler par les arbitres ? Ca fait plusieurs matchs qu'on se fait volé (et le mot est faible) avec plusieurs énormes erreurs d'arbitrage contre nous. Mais bon, ce ne sont pas les arbitres qui vont nous empêcher de remonter (enfin j'espère). Daghe Munegu per sempre",0
2012-11-13T18:16:52Z,Magique Daghe,0
2012-11-11T11:30:40Z,"Auxerre a tout simplement fait une parodie, heureusement que l'arbitrage a été en faveur d'auxerre en 1e periode parce que sinon on s'en serait pris 4 --'",0
2012-11-11T08:48:37Z,c'est clair que si Monaco doit aussi se battre contre l'arbitrage y a intérêt à être au top... En tout cas bravo victoire capitale après 2 contre-performances !,0
2012-11-11T08:30:04Z,"Bravo Monaco, mais bon l'arbitrage a été encore limite pour la ligue 2.",0
2012-11-11T08:05:02Z,"Tout à fait d'accord, marre de ces erreurs d'arbitrage. Nantes puis auxerre, 2 matchs d'affilés qu'on se fait enfler par l'arbitrage...",0
2012-11-11T03:17:06Z,MONACO ! 3-0 + le pénalty non admis ! 4 - 0. Point ! ou 4-1.. mais bref ! goal de MONACO LE STOP  ! lol. ,0
2013-03-02T19:59:04Z,courage les sedannais,0
