publish_date,title,view_count
2013-01-26T23:00:13Z,AJ Auxerre - Le Mans FC (1-1) - Le résumé (AJA - LEMANS) / 2012-13,3332
2012-12-01T23:00:17Z,Châteauroux - AJ Auxerre (1-1) - Le résumé (LBC - AJA) / 2012-13,3620
2012-12-22T23:18:02Z,Clermont Foot - AJ Auxerre (1-2) - Le résumé (CFA - AJA) / 2012-13,3169
2013-04-27T22:00:13Z,AJ Auxerre - Châteauroux (0-0) - Le résumé (AJA - LBC) / 2012-13,1296
2013-03-02T23:00:14Z,AC Arles Avignon - AJ Auxerre (2-1) - Le résumé (ACA - AJA) / 2012-13,3348
2012-11-24T23:00:16Z,AJ Auxerre - FC Nantes (0-2) - Le résumé (AJA - FCN) / 2012-13,9569
2013-02-23T23:00:14Z,AJ Auxerre - EA Guingamp (2-1) - Le résumé (AJA - EAG) / 2012-13,7683
2013-02-02T23:00:14Z,Stade Lavallois - AJ Auxerre (4-5) - Le résumé (LAVAL - AJA) / 2012-13,19242
2012-11-10T23:00:16Z,AS Monaco FC - AJ Auxerre (2-0) - Le résumé (ASM - AJA) / 2012-13,14015
2013-03-02T19:34:47Z,CS Sedan - AJ Auxerre (1-0) - Le résumé (CSSA - AJA) / 2012-13,1804
2012-08-18T20:02:50Z,Lorient 1-1 Montpellier but de Traoré,665
