publish_date,title,view_count
2013-06-04T18:31:21Z,Gilbert Gianelli Imbula vs Colombia U20 - HD 720p Toulon Tournament 3.6.2013. - by BZComps,11595
2013-05-29T14:22:02Z,Gilbert Gianelli Imbula vs USA U20 - Toulon Tournament 2013 - 28.5.2013. - [HD] by BZComps,24043
2013-07-19T16:57:11Z,[Partie 3] Présentations Recrues OM 2013-2014 - Giannelli Imbula,2082
2013-03-18T20:24:05Z,TEASER LIGUE ARGENT - GIANNELLI IMBULA,2358
2013-05-20T17:10:23Z,But de Giannelli Imbula contre Le Havre - 11 Janvier 2013.,16079
2012-11-03T23:47:57Z,Clermont Foot - EA Guingamp (1-2) - Le résumé (CFA - EAG) / 2012-13,4091
2013-07-18T10:20:15Z,"Imbula à l&#39;OM, les chiffres clés !",1769
2013-07-05T08:53:14Z,"Gianelli Imbula, il nuovo Yaya Touré",12597
2013-04-20T22:00:15Z,EA Guingamp - Le Mans FC (6-1) - Le résumé (EAG - LEMANS) / 2012-13,23539
2013-07-23T15:40:17Z,"Imbula : &quot;Oui,j&#39;ai préféré l&#39;OM au PSG&quot;.",2576
2013-04-27T22:00:13Z,FC Istres - EA Guingamp (2-0) - Le résumé (FCIOP - EAG) / 2012-13,2580
2012-10-27T22:00:12Z,EA Guingamp - CS Sedan (2-0) - Le résumé (EAG - CSSA) / 2012-13,2076
2013-02-09T23:00:28Z,Châteauroux - EA Guingamp (3-1) - Le résumé (LBC - EAG) / 2012-13,4246
2013-01-12T19:54:44Z,Havre AC - EA Guingamp (0-1) - Le résumé (HAC - EAG) / 2012-13,5836
2013-03-17T14:45:15Z,EA Guingamp - SM Caen (1-0) - Le résumé (EAG - SMC) / 2012-13,13145
2012-12-18T11:00:27Z,RC Lens - EA Guingamp (1-1) - Le résumé (RCL - EAG) / 2012-13,6075
2013-04-13T22:00:15Z,Tours FC - EA Guingamp (2-0) - Le résumé (TOURS - EAG) / 2012-13,5164
2012-11-24T23:00:16Z,Le Mans FC - EA Guingamp (0-2) - Le résumé (LEMANS - EAG) / 2012-13,2771
2012-10-20T22:00:12Z,SM Caen - EA Guingamp (1-2) - Le résumé (SMC - EAG) / 2012-13,3086
2013-01-26T23:00:13Z,AS Monaco FC - EA Guingamp (2-2) - Le résumé (ASM - EAG) / 2012-13,15942
2013-05-04T22:00:10Z,AC Arles Avignon - EA Guingamp (0-2) - Le résumé (ACA - EAG) / 2012-13,5003
2012-12-22T23:14:43Z,EA Guingamp - GFC Ajaccio (0-0) - Le résumé (EAG - GFCA) / 2012-13,1245
2013-02-23T23:00:14Z,AJ Auxerre - EA Guingamp (2-1) - Le résumé (AJA - EAG) / 2012-13,7683
2013-02-02T23:00:13Z,EA Guingamp - Chamois Niortais (4-3) - Le résumé (EAG - NIORT) / 2012-13,14868
2013-06-16T10:48:24Z,"The Loose Cannon 92 - Rooney, Nani, Fellaini, Imbula, Ayew, Malgarejo, El Shaarawy, &amp; Paulinho",138
2013-01-12T19:36:01Z,Conférence de presse Havre AC - EA Guingamp (0-1) / 2012-13,357
2013-03-30T23:00:14Z,CS Sedan - EA Guingamp (1-2) - Le résumé (CSSA - EAG) / 2012-13,3712
2012-12-12T23:00:14Z,EA Guingamp - AC Arles Avignon (0-0) - Le résumé (EAG - ACA) / 2012-13,869
2013-05-25T22:00:36Z,EA Guingamp - Dijon FCO (2-0) - Le résumé (EAG - DFCO) / 2012-13,24486
2013-02-16T23:00:28Z,EA Guingamp - FC Nantes (2-1) - Le résumé (EAG - FCN) / 2012-13,19444
2013-02-09T21:49:22Z,EA Guingamp - Angers SCO (2-1) - Le résumé (EAG - SCO) / 2012-13,4828
2012-12-04T11:04:38Z,EA Guingamp - FC Istres (1-0) - Le résumé (EAG - FCIOP) / 2012-13,4291
2013-03-02T23:00:15Z,EA Guingamp - Nîmes Olympique (3-0) - Le résumé (EAG - NIMES) / 2012-13,8150
2013-07-18T13:59:19Z,RCT - OM à Mayol 17.07.13,9582
2013-03-09T23:00:19Z,Stade Lavallois - EA Guingamp (2-1) - Le résumé (LAVAL - EAG) / 2012-13,6949
2013-01-15T11:39:16Z,My Movie (31),236
2013-06-15T09:02:49Z,Abdelaziz Barrada | عبد العزيز برادة  | The Maestro | Crazy Skills Assists &amp; Goals |HD|,65423
2013-04-06T22:00:13Z,EA Guingamp - Clermont Foot (0-0) - Le résumé (EAG - CFA) / 2012-13,2101
2013-05-20T17:01:22Z,Gazélec Ajaccio 0-1 Guingamp : Le But De Mandanne.,1001
2013-05-04T18:00:07Z,Conférence de presse AC Arles Avignon - EA Guingamp (0-2) / 2012-13,219
2012-10-16T19:59:44Z,U13 A  IC CROIX - BOULOGNE 2° MT,2367
2012-08-27T08:32:49Z,Montpellier / OM - Saison 2012-2013 - South Winners,13477
2013-01-06T13:55:06Z,5th goal Arezzo Sean Giannelli,1728
2012-12-02T23:00:40Z,But Souleymane DIAWARA (34&#39;) - Stade Brestois 29 - Olympique de Marseille (1-2 / 2012-13,2576
2013-04-11T17:10:39Z,Ivan Marcano Goal (Rubin Kazan 1-1 Chelsea) 11.04.2013,2833
2013-05-18T00:31:19Z,17/05/13 - L&#39;En Avant de Guingamp remonte en Ligue 1,3496
2012-12-24T00:48:35Z,Goal André AYEW (45&#39;) - Olympique de Marseille - AS Saint-Etienne (1-0) / 2012-13,3284
2013-02-05T18:09:29Z,stoke city trials 2012 NB,305
2012-12-09T19:49:05Z,Remy Cabella goal - Montpellier v Ajaccio 09/12/12,144
2013-02-17T13:11:13Z,Olympique de Marseille 1 x 0 Valenciennes 16.02.2013,149
