publish_date,title,view_count
2013-06-15T09:20:12Z,"Benjamin Leroy, les plus beaux arrêts de la saison 2012-2013",3642
2013-05-24T21:40:26Z,Tours - Monaco Superbe arrêt de Leroy,401
2012-12-12T23:39:19Z,Tours FC - RC Lens (0-0) - Le résumé (TOURS - RCL) / 2012-13,1346
2012-12-22T23:22:32Z,Tours FC - Angers SCO (1-2) - Le résumé (TOURS - SCO) / 2012-13,3313
2013-03-02T23:00:15Z,Tours FC - SM Caen (1-1) - Le résumé (TOURS - SMC) / 2012-13,2397
2013-04-27T22:00:13Z,Tours FC - Havre AC (1-2) - Le résumé (TOURS - HAC) / 2012-13,2488
2012-12-01T23:00:17Z,Havre AC - Tours FC (3-0) - Le résumé (HAC - TOURS) / 2012-13,5375
2013-01-12T19:49:49Z,Chamois Niortais - Tours FC (3-1) - Le résumé (NIORT - TOURS) / 2012-13,1516
2012-10-27T22:00:12Z,FC Istres - Tours FC (4-1) - Le résumé (FCIOP - TOURS) / 2012-13,4169
2013-03-09T23:00:19Z,Nîmes Olympique - Tours FC (1-1) - Le résumé (NIMES - TOURS) / 2012-13,1535
2013-02-16T23:00:14Z,Tours FC - Clermont Foot (2-1) - Le résumé (TOURS - CFA) / 2012-13,2470
2013-02-02T23:00:13Z,Tours FC - Châteauroux (3-1) - Le résumé (TOURS - LBC) / 2012-13,2651
2012-12-15T23:00:12Z,AC Arles Avignon - Tours FC (2-2) - Le résumé (ACA - TOURS) / 2012-13,8122
2012-10-20T22:00:12Z,Stade Lavallois - Tours FC (2-2) - Le résumé (LAVAL - TOURS) / 2012-13,1929
2013-03-17T14:49:55Z,Tours FC - Stade Lavallois (1-1) - Le résumé (TOURS - LAVAL) / 2012-13,1517
2013-02-09T23:00:28Z,AJ Auxerre - Tours FC (3-2) - Le résumé (AJA - TOURS) / 2012-13,7993
2012-11-24T23:00:16Z,Tours FC - GFC Ajaccio (2-1) - Le résumé (TOURS - GFCA) / 2012-13,1581
2013-04-13T22:00:15Z,Tours FC - EA Guingamp (2-0) - Le résumé (TOURS - EAG) / 2012-13,5164
2013-05-11T22:00:12Z,Tours FC - AC Arles Avignon (0-0) - Le résumé (TOURS - ACA) / 2012-13,976
2013-04-20T22:00:15Z,GFC Ajaccio - Tours FC (0-1) - Le résumé (GFCA - TOURS) / 2012-13,1840
2012-11-03T23:56:42Z,Tours FC - Le Mans FC (2-0) - Le résumé (TOURS - LEMANS) / 2012-13,2900
2013-05-25T22:00:36Z,Tours FC - AS Monaco FC (1-2) - Le résumé (TOURS - ASM) / 2012-13,9409
2013-03-30T23:00:13Z,Tours FC - FC Istres (1-0) - Le résumé (TOURS - FCIOP) / 2012-13,1256
2013-01-19T23:00:13Z,Tours FC - Dijon FCO (3-1) - Le résumé (TOURS - DFCO) / 2012-13,3416
2013-05-04T22:00:10Z,RC Lens - Tours FC (0-0) - Le résumé (RCL - TOURS) / 2012-13,2172
2012-11-10T23:00:16Z,EA Guingamp - Tours FC (0-0) - Le résumé (EAG - TOURS) / 2012-13,757
2013-02-23T23:00:14Z,CS Sedan - Tours FC (1-1) - Le résumé (CSSA - TOURS) / 2012-13,2079
2013-04-06T22:00:13Z,Le Mans FC - Tours FC (1-0) - Le résumé (LEMANS - TOURS) / 2012-13,5503
2013-05-18T22:00:11Z,Angers SCO - Tours FC (0-1) - Le résumé (SCO - TOURS) / 2012-13,3566
2013-02-23T21:43:12Z,Conférence de presse CS Sedan - Tours FC (1-1) / 2012-13,94
2013-04-26T21:27:50Z,Tours FC  Le Havre 2013,1146
2013-01-26T23:00:13Z,FC Nantes - Tours FC (3-1) - Le résumé (FCN - TOURS) / 2012-13,9257
2012-08-12T20:26:10Z,NEW SIGNING: Jack Rodwell Exclusive First Interview at City,28515
2012-10-08T16:52:27Z,Produce 0,3472
2013-02-22T15:46:04Z,CE Futbol Salou al SPORT.ES,327
2012-11-18T23:00:40Z,ESTAC Troyes - AS Nancy Lorraine (3-3) - Highlights (ESTAC - ASNL) / 2012-13,2014
2013-01-20T23:00:31Z,Goal Fabien CAMUS (88&#39;) - FC Lorient - ESTAC Troyes (3-2) / 2012-13,95
2012-12-16T23:00:32Z,But Fabien CAMUS (45&#39; +1) - ESTAC Troyes - AC Ajaccio (3-2) / 2012-13,1192
2013-06-17T20:20:41Z,Buts ETG FC,477
2013-07-10T12:42:28Z,SHOW DE GOLS COM TOMADAS DIFERENTES,74
2012-08-05T11:45:32Z,FCK gegen BVB Saison 2011/2012,70
2013-02-16T18:32:16Z,Kooste: Hønefoss - TPS 0-1 (15.02.2013),1620
2012-12-14T11:06:11Z,Hervé Bugnet.m2v,1176
2012-11-03T00:41:51Z,Auxerre 4-0 Bastia Coupe de la Ligue 16eme tour (2010-2011),1889
2013-07-18T20:21:01Z,Touche BO - UBB/BO,88
2013-01-08T15:32:01Z,Résumé Troyes - FC Nantes 2002-03,509
2013-01-27T23:00:13Z,Goal Fabien CAMUS (44&#39;) - ESTAC Troyes - Stade Brestois 29 (2-1) / 2012-13,153
2013-04-27T16:44:19Z,ETG Croix de Savoie,1161
2013-05-27T00:04:19Z,Interview de fin de match : Valenciennes FC - ESTAC Troyes (2-1) / 2012-13,685
2013-04-21T22:17:37Z,TSG Neustrelitz - Optik Rathenow am 21.04.2013,1754
