published-time,comment,likes
2013-07-20T00:15:42Z,mdr toi aussi quand ta vu imbula signe à l'OM t'es aller voir sur youtube ahah XD,0
2013-07-17T02:42:58Z,Marseille,0
2013-06-19T04:38:03Z,arsenal,0
2013-06-18T05:30:12Z,Good prospect if Arsenal can get him,0
2013-07-19T09:12:23Z,bienvenu chez nous (om),0
2013-07-19T06:48:15Z,Et op a l'om,0
2013-07-16T20:41:29Z,trop lent !!,0
2013-07-16T20:27:16Z,Futur marseillais,0
2013-06-29T11:15:24Z,Welcome to As Roma Gilbert!!,0
2013-06-23T18:47:28Z,The new Yaya Toure,0
2013-06-18T05:37:38Z,Looks like Viera 2.0 literally.,0
2013-06-18T05:36:47Z,I'll take him over the Spanish 23 year old.,0
2013-06-17T18:25:55Z,he is an animal! Arsene sign him up,0
2013-06-02T15:06:29Z,"Ce joueur a trés intéressant, je comprend que les plus grands club le veuillle.",0
2013-05-11T10:10:28Z,come to arsenal,0
2013-07-18T12:18:29Z,"C'est exact,Guingamp et Marseille ont trouvés un accord concernant l'arrivée du millieur de terrain français Gianelli Imbula.
Le joueur est attendu à Marseille dans les prochaines heures pour passer sa visite médicale et signer son contrat (contrat de 5 ans).",0
2013-07-18T09:52:31Z,"EAG a un Accord de principe avec l' OM pour son transfert
",0
2013-07-16T18:23:44Z,Il vient a l'OM,0
2013-07-16T13:20:58Z,"scusi sig. bertuzzi...ma imbula non è un po' troppo pubblicizzato? mi sembra un altro gaby mudingay ..niente di che...mi sembra abbia un sinistro molto ruvido e corre come una qualsiasi mezzala di quantità...non mi sembra niente di che questo giocatore... chiedo a lei una sua opinione riguardo un giocatore che a me fa impazzire.leroy fer del twente, la sua valutazione e come si adatterebbe al calcio italiano visto e considerato che a me sembra un perfetto trequartista moderno.aspetto le sue idee",0
2013-07-03T09:00:02Z,C'était de l'humour...,1
2013-05-04T10:12:14Z,"Un peu de respect s'il te plait!
Souhaiter une blessure c'est tous simplement stupide et pour tous les gardiens il y a des matchs comme ca a oublier (exemple pour Lloris la claque reçu a domicile par le Bayern Munich 3-0( en ligue des champions et surtout en demi finale ce n'est pas normal)",3
2013-04-30T11:47:58Z,"Une partie de rigolade pour les Guingampais !!!
",3
2013-04-22T16:41:33Z,ca on l'avait remarqué,1
2013-04-22T16:02:04Z,J'espère que le 1er gardien de la géorgie se blessera comme ça on rigolera bien à Géorgie-France !,4
2013-04-21T20:43:35Z,"Allez Guingamp !
Cette année c'est la bonne !!",4
2013-04-21T16:05:01Z,"A la base c'est Janot et il est bléssé.. et dire que pourtant, ce mec c'est quand même le deuxième gardien nationale de Géorgie. Il doivent vraiment avoir peu de choix..",2
2013-04-21T14:47:55Z,On est nul ! Manceau qui parle,2
2013-04-21T13:23:14Z,"Tu as raison il est bidon 
",1
2013-04-21T11:37:32Z,Nan mais franchement le mans faut changer de gardien il est nul celui la ! Il ne bouge même pas !,4
2013-04-30T11:45:55Z,"Allez Guingamp
",1
2013-04-28T18:37:37Z,Cst quoi ces stades vides merde,0
2013-04-27T22:35:33Z,fc tstres,1
2013-02-10T23:32:14Z,Allez Berri!,1
2013-03-20T13:17:47Z,En force EAG ,0
2013-03-18T20:33:01Z,En force SMC,0
2013-03-17T20:47:38Z,Le terrain ok ! Mais aller eag !!,0
2013-03-17T20:30:37Z,"Regardez l'état du terrain, désastreux !!! Et y a de + en + de terrains comme ça, c'est triste et honteux à la fois :(",0
2013-03-17T15:45:26Z,"EAG! <3
",0
2013-04-18T09:13:44Z,allez lensois allez,0
2013-03-19T15:11:33Z,"allez lensois
",0
2012-12-19T16:38:27Z,Allez lens.,0
2013-04-28T08:42:02Z,"O.K Je soutient notre anciens gardien mais il mérite pas que l'on disent que c'est une passoire^^.
Je m'en fou que Guimgamp est gagné contre Caen ^^ T'en mieux pour vous ... Après on verra a la fin de la saison c'est sur que guimgamp est mieux que Caen en ce moment, mais c'est qui qui a allé Gagner 3-0 Face au 1er,Monaco ? Eh bah c'est Caen ^^",0
2013-04-27T17:15:46Z,1: Tu dis ça parce que Planté à joué a Caen et 2:Tu rage parce que guimgamp à battu caen,0
2013-04-27T17:14:15Z,"Oui mais à Caen...
",0
2013-04-17T13:29:27Z,"gt ramasseur de balle mais en 2 eme periode c plante ds les buts de eag samassa c blessé en fin de 1ere periode
",0
2013-04-15T06:59:59Z,"Planté un passoire ? 1: c'est votre problème d'avoir de ''mauvais goal'' 2: planté ne peut absolument rien faire sur le 1er but et sur le second il aurait peut être pu faire un ptit truc mais au vue de la puissance de la frappe ^^
Guingamp a Perdu et puis c'est tout --'
ALLEZ MALHERBE ! (et a Caen Planté avait fait d’énorme arrêts !)",0
2013-04-14T15:09:27Z,"N'importe quoi les commentaires! Sur le 1er but, c'est Planté, et non pas Samassa qui est dans les cages, et sur la dernière action, ce n'est pas Yatabaré, étant donné que c'est une action tourangelle...",0
2013-04-13T22:22:37Z,C'est Kouakou et non Yatabaré !,1
2013-04-20T08:48:01Z,"pitier planter!!!!il ns a fait perdre des points qui vont petetre ns couter chère!!!!
",0
2013-01-27T15:57:05Z,"il est très bon ce commentateur je le préfaire à celui de la semaine dernière 
",0
2013-01-27T14:52:21Z,Sauf que Zlatan quand il met des beaux buts il fait exprès :),0
2013-01-27T12:36:25Z,"Guingamp à fait un très beau match, super but de Yatabaré!!!!",1
2013-01-27T12:03:15Z,FCN ! <3..,0
2013-01-26T23:40:20Z,1:45 Même zlatan il mets pas des comme sa ^^,0
2013-05-10T14:33:08Z,Guinguamp en ligue 1 ça compense Brest en ligue 2...,1
2013-05-06T19:58:31Z,Samassa va devenir un grand gardien et Guingamp peut devenir une équipe stable de ligue 1 mais avant il faut monter et c'est pas gagné encore ! =) Allez EAG !!,1
2013-05-05T16:40:48Z,"très bien le résumé il y a même pas le deuxième but!
",1
2013-05-05T13:40:02Z,Gros match de samassa dommage pour nous,0
2013-05-04T23:07:12Z,Mdr! Et le but de Imbula???,2
2013-05-04T22:28:03Z,ALLEZ GUINGUAMP !!!,1
2013-05-10T10:58:24Z,Allez Auxerre Gagner contre Guingamp.,0
2013-02-25T13:29:32Z,"Encore pas mal d'erreurs défensives, mais Sorin a assuré. Au vu du match aller où on mène 3-1 pour perdre ensuite 4-3 avec un but hors jeu, le 2-1 avec le penalty assez contestable fait bien plaisir ! ",1
2013-02-04T18:37:53Z,"T'imagine un de leurs gros steaks qu'ils avaient en défense.
Sur un coup de pied arrêté, il y en a un qui est propulsé dans le but suite à un duel aérien très musclé. Il se retrouve dans le but et avec la force de l'impact il en arrache une partie, normal, le type fait plus de 90kg..",0
2013-02-03T20:43:52Z,Euh 90+9 Oo et pourquoi pas des tir au but ?,0
2013-02-03T18:03:23Z,"que de beaux buts de chaque côté, avec un grand Mustapha Yatabaré pour EAG! ",1
2013-02-03T17:33:34Z,"ok :)
mais je me pose une autre question : comment peut-on arracher un filet de but? c'est de la grosse ficelle, pas du carton ...",1
2013-02-03T12:39:09Z,Le match a été arrêté pendant un peu plus de 10 minutes car un filet de but a été arraché par un joueur Niortais suite à une mauvaise réception lors d'un coup-franc.. On ne siffle pas 9 minutes pour rien..,0
2013-02-03T11:39:08Z,"beau match, mais depuis quand on siffle 9 minutes d'arrêts de jeu ?!?",0
2013-02-02T23:01:54Z,cool le match,0
2013-06-19T19:45:59Z,"I make you right, daulkner, in the words of Mel Brooks's 'Producers', Fellaini is extremely 'nessa'! Arsenal need, nay we deserve Fellaini!",0
2013-06-17T16:52:57Z,"I've got a funny feeling we might get Nani. If we can get him for £8.5m, we have to buy him!",0
2013-06-17T16:51:43Z,"Thanks Sunbungun, let's hope Higuain is on the way to Arsenal!",0
2013-06-17T16:51:08Z,I'll be shocked if Rooney signs for Arsenal. Higuain sounds more likely.,0
2013-06-17T16:50:16Z,"I'll be pleased if we sign Cesar & Fellaini. I'm not sure we need a new centre back, unless we lose one of our top 3.",0
2013-06-16T18:54:21Z,Also I think that will might sign a GK (cesar) and a cb,0
2013-06-16T18:53:40Z,"I think that Higuin and Fellini will come, I hope nani will but Rooney will probably stay at man u and we will probably sign a couple of youngsters",0
2013-06-16T12:42:03Z,Like see nani n Rooney just can't see it n I 50/50 on Fellaini n Higuain,0
2012-12-13T12:41:17Z,ACA ALLEZ !!!!,0
2013-06-02T21:46:59Z,Dijon en jaune ?!?!,1
2013-05-31T09:50:09Z,Trop,1
2013-05-29T16:16:51Z,"Même pour les coupes : Nantes, Rennes, Lorient, Guingamp, Vannes, Brest ... (dites si j'en oublie)",0
2013-05-26T11:26:17Z,Ca va faire de sacrés derbys en ligue 1..,1
2013-05-26T05:27:45Z,C'était dingue au Roudourou!!! EAG<3,3
2013-05-25T22:03:33Z,Bien joué EAG (de la part d'un dijonnais) :D,4
2013-05-25T12:06:05Z,On est en ligue 1 ! :D,0
2013-02-20T12:43:32Z,c'est nul c'est match avec que des coup de pied arreté,0
2013-02-20T10:48:07Z,Bravo guingamp ! être à vos côtés pour la montée serait génial =),0
2013-02-19T19:35:37Z,Un tacle c'est plus grave qu'une gifle ? Même devant l'arbitre ? ,0
2013-02-19T19:01:06Z,Ou le rouge ? Et Djordjevic' ? ,0
2013-02-18T11:41:02Z,ligue 1 nous voila !!!!! MERCI GUINGAMP ,0
2013-02-17T08:31:02Z,"Quelle match
Bravo a Guingamp pour le retournement de situation",0
2013-02-17T07:35:53Z,pete les couilles...,0
2013-02-17T07:28:08Z,Manque le rouge sur Imbula et le hors jeu de fauré :),0
2013-02-17T03:35:17Z,...,0
2013-02-16T23:12:01Z,Beau match de la part des 2 équipes ! Allez Guingamp !!,0
2013-02-16T23:07:30Z,"Fait chier...
",0
2013-02-10T18:05:18Z,"Allez l'EAG et le FCN
",0
2013-06-11T18:59:49Z,centre raté =but !!! vive eag,0
2013-05-19T19:31:35Z,"en premier je rentre
",0
2013-05-19T19:30:19Z,"moi je rentre avec fathi atik
",0
2013-01-01T14:35:34Z,laurie ... dsl ^^,0
2012-12-05T22:16:43Z,"pqoqlqllqlllppñqñaamksosolwmsliwiowoowieiolwlkllqñsm,,,.ñ@Miguel Feutren",0
2012-12-05T10:20:24Z,oui guigamp aller aller!,0
2012-12-05T03:54:49Z,Hugh,0
2013-03-05T13:20:04Z,bordel le but de giresse est magnifique,3
2013-03-03T08:28:45Z,Allez Guingamp !,2
2013-03-03T00:26:00Z,Le gardien Nimois c'est Cyril Mervile pas Ludovic Butelle. --',4
2013-07-25T07:29:29Z,Des quinziste qui jouent au rugby à 13 :) j'aime :),0
2013-07-19T14:07:39Z,"Vous y étiez aussi? Heureusement que le RCT a maîtrisé sa force, ça aurait fait mal! lol
",0
2013-07-19T13:53:27Z,"Ça fait bizarre de voir Gignac avec le maillot du RCT, et Mignoni avec celui de l'OM. Les 2 ont le gabarit pour intervertir leurs sports ^^",0
2013-03-23T15:48:41Z,allez laval!! TRES BON MATCH!!,2
2013-03-23T15:47:08Z,allez laval!! TRES BON MATCH!!,1
2013-04-07T12:02:52Z,Un match splendide avec des perf de gardiens énorme :D,0
2012-11-12T00:56:57Z,moi Rachid de Maroc J'aime bcp South Winners ,1
2012-09-21T16:23:23Z,J'y etais :D,1
2012-08-31T17:53:42Z,renseigne toi...,0
2012-08-27T15:59:52Z,y a dortmunt :$ mais ils sont énormes quand meme,0
2012-08-27T15:45:55Z,"un bon parcage comme au bon vieux temps , cette saison s'annonce pas mal",0
2012-08-27T14:04:09Z,En tout cas on fait pas mieux que l'OM en EU a l'exterieur.,1
2012-08-27T13:01:46Z,De lom,0
2012-08-27T13:01:37Z,Big up  tout les suporter de l'ombre,0
2012-08-27T12:20:37Z,Faudrait faire pareil au Vel'  -_-,0
2012-08-27T11:01:15Z,Meilleur supporters de l1,1
2013-04-11T17:11:05Z,Like ,0
2012-12-25T03:49:46Z,excellent goal from my bro,0
