publish_date,title,view_count
2013-03-29T09:35:25Z,Croco Hebdo du 26 mars 2013.,272
2012-12-01T23:00:32Z,Angers SCO - Nîmes Olympique (0-0) - Le résumé (SCO - NIMES) / 2012-13,709
2013-02-02T23:00:13Z,SM Caen - Nîmes Olympique (1-0) - Le résumé (SMC - NIMES) / 2012-13,3220
2013-05-11T22:00:12Z,Nîmes Olympique - AS Monaco FC (0-1) - Le résumé (NIMES - ASM) / 2012-13,14530
2012-12-15T23:00:13Z,AS Monaco FC - Nîmes Olympique (1-1) - Le résumé (ASM - NIMES) / 2012-13,4100
2013-05-18T22:00:11Z,Chamois Niortais - Nîmes Olympique (2-0) - Le résumé (NIORT - NIMES) / 2012-13,2100
2012-10-20T22:00:12Z,Nîmes Olympique - Le Mans FC (2-1) - Le résumé (NIMES - LEMANS) / 2012-13,2147
2012-12-22T23:15:16Z,Nîmes Olympique - Chamois Niortais (3-1) - Le résumé (NIMES - NIORT) / 2012-13,2312
2013-05-04T22:00:10Z,Châteauroux - Nîmes Olympique (2-1) - Le résumé (LBC - NIMES) / 2012-13,2027
2013-02-09T23:00:28Z,Nîmes Olympique - Stade Lavallois (3-0) - Le résumé (NIMES - LAVAL) / 2012-13,2222
2013-03-17T14:47:37Z,Le Mans FC - Nîmes Olympique (0-3) - Le résumé (LEMANS - NIMES) / 2012-13,2286
2013-04-21T18:17:53Z,RC Lens - Nîmes Olympique (1-2) - Le résumé (RCL - NIMES) / 2012-13,4631
2013-05-25T22:00:36Z,Nîmes Olympique - AJ Auxerre (4-2) - Le résumé (NIMES - AJA) / 2012-13,3472
2013-04-27T22:00:13Z,Nîmes Olympique - Angers SCO (3-0) - Le résumé (NIMES - SCO) / 2012-13,3982
2013-02-16T23:00:14Z,GFC Ajaccio - Nîmes Olympique (2-3) - Le résumé (GFCA - NIMES) / 2012-13,2627
2013-03-09T23:00:19Z,Nîmes Olympique - Tours FC (1-1) - Le résumé (NIMES - TOURS) / 2012-13,1535
2012-12-12T23:00:14Z,Nîmes Olympique - Châteauroux (2-0) - Le résumé (NIMES - LBC) / 2012-13,1065
2013-04-25T19:39:05Z,J34 Avant Match Nîmes / Sco Angers,525
2012-10-09T14:25:59Z,SAINT THOMAS,15
2012-10-20T14:05:09Z,"J11 Réactions de V.Zvunka, S.Koné, A.Boche, N.Benezet et D.Zanko",1329
2013-01-10T10:22:01Z,National - J17 : Cherbourg - US Boulogne,916
2013-01-06T14:19:24Z,CAN 2013 MOROCCO [Lions de l&#39;Atlas],1196
2013-07-24T00:34:51Z,IRT Ecole de formation  Section Foot-Ball fin de saison 2012/2013,2913
