publish_date,title,view_count
2012-08-06T19:35:00Z,Intervista Lorenzo Crisetig - 05-08-2012,1861
2012-09-09T13:22:23Z,Intervista a Lorenzo Crisetig dopo Italia U20 vs Fußball Club Südtirol-Alto Adige 1-1,1026
2013-02-28T17:29:40Z,Fc Crotone | Lorenzo Crisetig e Caetano Calil in conferenza,898
2012-10-18T06:10:33Z,I Diari dello Spezia Calcio arrivano sui banchi di scuola,441
2013-07-17T08:29:48Z,Lorenzo Tassi ● Skills and All Goals - INTER (HD),10939
2013-02-02T17:41:29Z,"Cittadella-Crotone, il Video",7204
2013-02-11T19:34:16Z,"Del Prete,Crisetig e Paonessa sono al crotone",84
2013-05-06T19:52:55Z,Lorenzo Morelli - Season 2012-13 Goals,668
2013-02-06T12:39:15Z,Fc Crotone | Presentati i nuovi acquisti,834
2013-02-03T02:56:22Z,Cittadella 2-2 Crotone 02/02/2013 2012-13 - 24°,1440
2013-03-02T17:32:41Z,"Crotone-Ascoli, il Video",6508
2013-06-15T12:39:16Z,Riccardo Saponara - Fantasista - Crazy Skills Dribbling Assists Goals /Full ᴴᴰ/,29732
2013-06-22T08:43:55Z,Juan Fernando Quintero ● Skills Assists Free Kick Goals ● NEW FC Porto |HD|,133075
2013-03-01T15:34:39Z,"Crotone - Ascoli, pre gara",84
2013-06-22T08:55:51Z,Ruben Botta  - The Magician - Crazy Skills Dribbling Assists Goals |HD|,16025
2013-06-22T08:53:18Z,Juan Cuadrado /King of Dribbling/ Crazy Skills Dribbling Assists &amp; Goals /HD/,51554
2013-03-12T09:06:07Z,"Crotone-Cesena, il Video",2197
2013-02-26T22:35:30Z,"Livorno-Crotone, il Video",3472
2012-10-23T18:17:00Z,Giovani Talenti: Lorenzo Tassi,531
2012-08-05T15:01:28Z,Spezia-Oradea,48
2013-05-27T14:56:36Z,20 febbraio 1988 - Franco Baresi realizza l&#39;unico gol con la maglia azzurra - Almanacchi Azzurri,2737
2012-09-12T19:23:06Z,Hellas Verona-Spezia 1-1 Serie Bwin 2012-2013 (2a giornata),257
2012-08-15T17:09:23Z,"AMICHEVOLE - Italia U18 vs Empoli FC Primavera 1-2 (58&#39; Rovini, 62&#39; Iboulaye 65&#39; Tempesti)",2215
2013-06-15T08:17:12Z,Jherson Vergara /The Warrior/ Defence Skills Assists Goals /HD/,46378
2012-09-08T11:49:19Z,"AMICHEVOLE - Italia U20 vs Fußball Club Südtirol-Alto Adige 1-1 (84&#39; Bocalon, 90&#39; Schiavone rig.)",249
2012-12-25T10:00:07Z,Fc Crotone | Gli auguri di Buon Natale della squadra,1975
2013-07-16T05:52:30Z,16 luglio 1974 - Nasce Massimo Marazzina - Almanacchi Azzurri,1590
2013-03-20T03:19:39Z,Serie B Win 2012-2013 - 32ª giornata - Crotone vs Vicenza (19.03.2013),1126
2013-06-02T22:05:08Z,Semifinale torneo Campione d&#39;Italia Zonagoal,693
2012-08-21T09:55:31Z,Gianmarco Zigoni Talent,2985
2012-08-09T16:15:49Z,Allenamenti real audio in Stadion Poljud 2012.08.01,1516
2013-03-22T18:43:30Z,Pillon:&quot;Momento decisivo: facciamo quadrato intorno alla Reggina&quot;,508
2012-08-11T08:49:17Z,Fc Crotone | Bagno di folla per la presentazione ufficiale della squadra rossoblù,1414
2013-07-12T11:09:17Z,Presentazione di Della Rocca,2515
2012-09-06T18:00:22Z,ALLENAMENTO DEL 06 09 2012,6341
2013-07-23T14:10:36Z,"Moccone 2013, le voci dal ritiro: Del Prete e Galardo",568
2013-03-01T10:55:32Z,Fc Crotone | Massimo Drago in conferenza,149
2013-05-02T16:33:42Z,Pillon: &quot; La Reggina è viva a Cittadella sarà battagila&quot;,177
2012-08-06T19:00:25Z,Intervista Mister Serena - 05-08-2012,42
2012-12-15T16:44:25Z,PADOVA - SASSUOLO 1 - 3 (15 DIC 2012) GOL DI FARIAS,339
2012-08-07T18:07:29Z,THE ACADEMY 2012 PUNTATA 7,4272
2012-08-30T23:47:21Z,Presentazione Spezia Calcio allo stadio Alberto Picco,1836
2013-07-24T19:37:02Z,Seconda amichevole stagionale. Crotone-Equipe Aic Calabria 9-0,955
2013-03-02T23:59:16Z,Bardi: &quot;Ripartiamo dalla prestazione&quot;,40
2013-04-03T10:50:41Z,Champions League: il Malaga pronto per l&#39;impresa,47
2013-06-14T22:24:05Z,Danilo Avelar,20605
2013-04-07T01:39:05Z,daniel bessa,332
2012-08-21T17:19:11Z,Simone Vergassola in conferenza stampa,403
2013-04-10T12:45:13Z,"Bardi: &quot;Qui gruppo fantastico, tutti pronti a dare il massimo&quot;",125
2013-05-15T12:14:17Z,"Per un calcio ad un pallone, allo Scida vince il binomio sport-solidarietà. Tutti uniti per Samuele",1623
