published-time,comment,likes
2013-07-30T08:03:06Z,Not to mention Bernard.,0
2013-07-27T13:54:00Z,and they sell them to hoard wealth as always.,0
2013-07-27T09:38:31Z,"Radamel Falcao, Freddy Guarin, James Rodriguez, Jackson Martinez, and Quintero !! All FCPorto players that we love .. Thanks colombia :D
",0
2013-07-26T02:27:18Z,q crack tiene colombia sos mi idolo ,0
2013-07-24T22:29:28Z,ya e melhor que messy e ronaldo tb... sera o proximo jugador a ganhar a bola de ouro,0
2013-07-24T06:02:04Z,COLOMBIA!,0
2013-07-23T21:30:45Z,"FCPORTOOOOOOOOOOOOOOOOOOOOOOOOOOOOOOOOOOOOO
",0
2013-07-23T00:25:32Z,Porto always have quality players.,0
2013-07-22T23:55:54Z,"Já é felizmente. Só falta o Bernard vir e o Varela ir, apesar de ainda ser bom, parece que o Besiktas vai pagar uns milhoes por ele, já nao é mau, depois temos de apostar no Iturbe e Kelvin nao é verdade?",0
2013-07-22T15:01:02Z,"1:25 WTF ???
Monster ?",0
2013-07-22T14:56:57Z,"quintero have 20 years...
",0
2013-07-22T03:49:54Z,neymar is better,0
2013-07-20T00:33:51Z,"Porto this year has some quality players to attack the Champions, Herrera and Quintero... not to mention iturbe, Jackson, Lucho and others...",0
2013-07-18T18:36:30Z,ese es un crack,0
2013-07-16T18:17:03Z,Ele vai jogar pelo Vasco da Gama. ,0
2013-07-16T18:09:56Z,Lo bueno es que los dos posiblemente se van a encontrar en el Porto fc. ,0
2013-07-16T16:27:20Z,Porto the best,0
2013-07-16T09:27:38Z,"1:30 wut? xD
",0
2013-07-16T04:48:23Z,"just he is, rigth now!",0
2013-07-14T13:56:17Z,Bem vindo ao Porto Quintero =),0
2013-07-14T13:36:06Z,Just another English speaking fan passing by,0
2013-07-14T04:39:26Z,Santiago munoz montoya otro crack igual a quintero..solo q mucho mas veloz y un pique que da miedo..JUGADORASOS!!ambos,0
2013-07-14T01:00:11Z,Analfabetico? XD,0
2013-07-13T22:03:08Z,"Este puto fala da linguagem do outro e chama ''analfabético'', grande moral ahaha
Mas realmente esses aziados do Benfica que vão às farmácias reservar rennie que este ano é tudo nosso de novo. Bem-Vindo Quintero BIBO PORTO CARAGO",0
2013-07-13T21:52:33Z,José Ribeiro-vai te foder lampião analfabético que ninguém te mandou ver o video .l.,0
2013-07-13T20:26:14Z,"Em vez de vires para o youtube escrever comentários sem nexo devias prestar mais atenção as aulas de português. É que não bastava seres um coitado de um lampião aziado ainda tens também a triste sorte de ser analfabeto. Escreve-se ""chão"" e não ""chau"".
Fica a dica.",0
2013-07-13T18:35:45Z,"Portistas enviamos un excelente jugador! Lo dará todo, cuídenlo. SaudaçõesDaColômbia",0
2013-07-13T15:19:15Z,QUINTERO ON F.C.PORTO !,0
2013-07-13T14:22:39Z,Bem vindo ! ;),0
2013-07-13T13:52:04Z,Futuro Goleador do Fc PORTO!!!!!!!,0
2013-07-13T13:24:06Z,"Gosta de se mandar ao chau, naturalmente como os do seu futuro clube",0
2013-07-12T15:33:06Z,"Hulk?
",0
2013-07-12T12:53:17Z,:),0
2013-07-12T12:52:12Z,and Porto loves COLOMBIA ;) hehehe thanks,0
2013-07-12T12:00:18Z,"FCPorto loves Colombia, and Colombia loves FCPorto!!! :)",0
2013-07-12T11:48:37Z,Un nouveau prodige a porto !,0
2013-07-12T04:51:50Z,eso espero hace rato estamos esperando un volante de creacion tan genial como el pibe. ,0
2013-07-11T21:01:39Z,Ja esta :D,0
2013-07-11T19:02:40Z,"@Christian Sanchez jesus corona es un excelente jugador, pero si se compara con quintero son jugadores muy distintos, quintero es rapido con la mente y tiene una precision impesionante, para mi es mucho mas dificil encontrar un jugador con las caracteristicas de quinterito 
",0
2013-07-11T18:51:08Z,"Is new James.
James is new messi.
messi is new messi.",0
2013-07-11T12:06:41Z,"Colombia - Porto, skillful combination!!!",0
2013-07-11T10:45:37Z,Welcome to F.C Porto ! ,0
2013-07-10T21:31:17Z,"Quien es mejor Juan Fernando Quintero o Jesus Manuel Corona verlo antes de opinar.
Whos better.
",0
2013-07-09T18:12:44Z,bem vindo ao FC PORTO!!!,0
2013-07-09T15:31:27Z,"y jackson , ese tambien juega del putas",0
2013-07-08T03:50:58Z,"Cuadrado,Quintero,James y Falcao serian muy buena combinacion. GRANDE MI COLOMBIA",0
2013-07-08T02:18:30Z,We are in the COLOMPORTO era! I am sure that many more great colombian footballers will pass through Porto for generations to come.  ,0
2013-07-07T15:56:27Z,"Parece que encontraron el sustituto finalmente del Pibe colombianos !!! Quinteros, Oliver Torres ( Espana) , Laxart (Uruguay)... tremendos volantes.... al estilo del ya no tan usado 10 ... o sea , el futbol lindo, con pases, creatividad y profundidad por el medio. Lindo ver el mundial sub20 y ver a estos cracks, saludos desde Uruguay hermanos cafeteros !",0
2013-07-07T06:21:28Z,COLOMBIA LOVES PORTO LOL,0
2013-07-06T02:19:44Z,This kid is special.,0
2013-07-05T22:39:23Z,Tenemos jugadores de futuro.gracias dios,0
2013-07-04T20:39:52Z,FML the last free kick! fucking goal of the yearrr!,0
2013-07-04T20:39:31Z,5:30 looks like a harlem shake... haha,0
2013-07-04T20:25:56Z,James Rodríguez y Juan Fernando Quintero en la selección. Cracks. Y poniéndole pases a Luis Fernando Muriel! Tenemos equipo para rato!,0
2013-07-04T14:15:19Z,"FC PORTO
",0
2013-07-04T08:06:35Z,Quintero > Neymar,0
2013-07-01T09:47:36Z,Futuro jogador do Fc Porto ,0
2013-07-01T01:53:06Z,grande quintero ,0
2013-06-26T15:11:55Z,"crack!
",0
2013-07-09T16:30:28Z,Amazing,0
2013-07-04T21:01:19Z,"neymar chasing him too, crack.",0
2013-07-11T09:59:22Z,"Pierluigi gollini sempre il migliore
",0
2012-08-19T13:56:07Z,"Rovo sei sempre il più forte!!
",0
2013-07-27T13:07:04Z,forza vergara 33,0
2013-07-24T22:59:50Z,He is already better than Bonera.,0
2013-07-19T19:17:13Z,"il nuovo Thiagone !
",0
2013-07-19T15:21:47Z,"I am a ACM fan but honestly I do not see anything special about this defender.Yes, he looks pretty tough physically but technically looks very mediocre. Good thing for him that he's young so hopefully will learn sth from ACM .",0
2013-07-14T19:21:37Z,Players from columbia is the bests...respect :),0
2013-07-05T14:50:38Z,"Welcome To Ac.Milan ! :)
",0
2013-07-04T19:39:19Z,"Colombian!!! After JF Quintero (new FC Porto Superstar), he is the best player of the U20 Colombia National Team! ",0
2013-06-24T14:33:09Z,"duh, hes a defender",0
2013-06-21T18:26:48Z,powerful player but lacks the skills .. ,0
2013-06-21T08:47:04Z,"Thanks for the vid. Vergara seems something like a young Thiago Silva to me. Always playing with the head up, trying to anticipate the opponent moves and looking around for a reasonable pass after having tackled. Still need to see him in a real championship though. ",0
2013-06-03T19:25:42Z,Grande rigore di fayna ahahaha,0
2012-08-12T03:26:55Z,Inter-hadjuk?,0
2012-08-09T16:24:59Z,SALUTI AL MOU CHE NE HA FATTI 5 AI BILANISTI! ,0
2012-09-12T11:58:47Z,FORZA INTER FROM INDONESIA,0
2012-09-07T21:13:28Z,GRANDE MILITOOOOOO,0
2012-09-07T16:39:08Z,1:30 Ranocchia invece fa Daniel-San di Karate Kid xD,0
2012-09-07T14:02:24Z,oddio MILITO sembra sylvester stallone xD,0
2012-09-07T12:00:42Z,"Buona fortuna per Inter
Ademo fallopian
",0
2012-09-06T21:12:55Z,Diego Milito = Rocky Balboa,0
2013-05-02T23:26:31Z,Ci sarò!,0
2012-11-19T05:59:23Z,grande,0
2012-08-11T18:59:24Z,"Appiah, Opoku e Taufer il futuro dell'Inter.",0
