publish_date,title,view_count
2013-07-26T09:45:34Z,Intervista a Antonino Ragusa,770
2013-07-12T11:27:12Z,Antonino Campanella Italian Football Player,489
2012-12-09T03:21:08Z,Ternana 3-2 Juve Stabia 08/12/2012 2012-13 - 18°,8088
2013-02-01T23:30:23Z,Gol de Alberto Bueno (2-0) en el Real Valladolid - Athletic Club - HD,2236
2012-09-03T21:48:13Z,Ragusa-Savoia 0-2 (2012/2013),1567
2012-12-23T22:40:08Z,"Ternana - Ascoli, pre gara",91
2013-02-17T20:19:19Z,Messina-Comprensorio Montalto 4-2 - Il gol del 2-1 del Montalto con Sifonetti,93
2012-12-10T22:11:43Z,Nardò-Messina 3-4 - 08/11/1998 - Campionato Serie C2/Girone C 1998/&#39;99 - 10.a giornata di andata,3359
2012-09-16T17:07:07Z,"IDDUSAPI presenta &quot;6,5&quot;",415
2013-02-03T17:53:50Z,91° Pescara-Bologna 2-3: Rizzo e Gilardino,1715
2012-10-28T19:27:21Z,Sintesi Salernitana Campobasso 2 - 0 Molinari Montervino 28/10/2012,2603
2013-06-23T19:03:05Z,Perugia Pisa 2   2 gol di Rizzo 50canale,665
2013-02-03T11:10:05Z,Barillà della REGGINA commenta la gara,223
2012-11-15T12:11:11Z,FC S.Antonino Biancanigo 7-0 10/11/12,301
2013-07-12T17:52:15Z,Intervista a Raffaele SCHIAVI,1092
2013-03-10T10:56:14Z,Falcone che fa gol la sud si inchina! Pro Vercelli - Virtus Lanciano 1-2,189
2013-05-24T13:31:45Z,Zenit Champions League 2013: Giuseppe Ferro (Napoli),76
2012-12-23T21:46:52Z,Lo Sciacca calcio del mister Milanese,1700
2013-05-16T22:33:48Z,PASQUALE BORRELLI GLADIATOR,282
2013-03-28T13:24:15Z,Serie bwin 2012 - 2013: Spezia - Pro Vercelli 1-3,721
2013-01-10T01:07:48Z,Serie C1 1990-91: Battipagliese - Perugia 0-0,274
2013-05-03T11:22:25Z,I Miracoli di San Bremec,2502
2013-03-10T08:59:53Z,Livorno 3-3 Reggina 09/03/2013 2012-13 - 30°,8833
2012-08-01T09:57:12Z,PESCARA vs VALLE PELIGNA/ALTO SANGRO,1683
2013-06-26T12:00:38Z,Marco D&#39;Alessando - AS Roma 2013/14,10018
2012-11-21T14:41:11Z,Pescara calcio formazione LIVE,11386
2013-01-22T15:05:11Z,Primo allenamento di D&#39;Agostino e Rizzo in biancazzurro,1393
2013-02-06T13:34:01Z,Intervista a Giuseppe RIZZO,2211
2013-03-06T13:09:03Z,"Pescara, tocca a Bucchi: &#39;Chiedo dignità&#39;",48
2013-01-28T20:22:23Z,SAMPDORIA - PESCARA 6-0 Ciao e Grazie Presidente!,1955
2013-01-21T17:58:27Z,EXTRA TIME 20^ puntata 21/01/2013 Serie D Girone I 20^giornata,2110
2013-01-25T17:19:49Z,Presentazione di Giuseppe RIZZO,3025
2013-07-26T12:43:42Z,Intervista a Giuseppe RIZZO,869
2013-03-10T20:40:46Z,Antonino Panarello commenta il successo con l&#39;Acireale,62
2012-08-28T22:15:51Z,Matti Lund Nielsen,1294
2013-03-15T16:17:27Z,Atene - Siac 4 - 2 SECONDO TEMPO,185
2012-09-21T12:21:41Z,Spadaforese - Villafranca = 0 - 2,759
2012-11-17T18:32:53Z,Sciacca - Partinicaudace 2 - 0,630
2012-09-02T16:52:56Z,"Aci S.Antonio - Taormina. Coppa Italia Eccellenza 2012-&#39;13, gara di ritorno - 1 settembre 2012",1663
2012-10-14T23:07:53Z,06 - Nicosia-Belpasso 1-1,239
2012-08-18T19:17:31Z,Amichevole Raffadali - Sciacca 4 - 7,272
2013-07-06T18:07:27Z,Sportispica scuola calcio a Scalea,204
2012-10-26T06:08:33Z,Intervista a Stefan Ristovski,803
2013-02-14T07:39:59Z,Filippo Tiscione traccia un bilancio della sua carriera e del campionato,1090
2012-10-22T08:25:57Z,Dopo Gara di S. Teresa Calcio - Messana  con mister Enzo Filoramo.,104
2012-10-26T07:24:54Z,Quintoni fa il punto sulla preparazione in vista della sfida con la Vibonese,521
2013-01-22T16:35:50Z,Conferenza stampa di presentazione di Gaetano D&#39;Agostino,3575
2012-08-27T08:23:18Z,Asd Sciacca - Campobello di Mazara 1 - 1,412
2013-01-25T15:52:55Z,Pescara Calcio: la presentazione ufficiale di Milton Caraglio e Giuseppe Rizzo,1280
2012-08-07T17:53:29Z,"Uros Cosic: &quot;Felice per l&#39;accoglienza ricevuta, spero di sfidare Pandev&quot;",2952
