published-time,comment,likes
2013-02-03T20:04:29Z,GRANDE GILA!,0
2012-10-28T20:47:34Z,grande Salernitana!!!,0
2012-11-15T19:27:46Z,"Bravissimi :D [ Momo ] 
",0
2013-05-03T18:46:34Z,"GRANDE NICOLAS L'UNICO CHE CI METTE L'ANIMA IN OGNI PARTITA
",0
2013-03-27T07:59:59Z,"what a goalkeeper,,,,, :). salute from Dersim",0
2013-03-11T19:17:16Z,Almeno lui lol,0
2013-03-11T17:58:29Z,"Si vince facile, poveri briai",0
2013-03-11T16:14:42Z,"il portiere è da spedire in lega pro, seconda divisione ",0
2013-03-11T14:06:02Z,zitto caaataa no ci si puo permette di gicare anche senza portieree,0
2013-03-10T21:34:18Z,Tu devi vedere in Serie A quasi tutti i portieri contro il Napoli diventano Superman -.-',0
2013-03-10T20:05:04Z,Vai fiorilo che fai sognate il livorno!!!,0
2013-03-10T09:43:49Z,vai fiorillooooooooooooooooooo!!!!!!!!!,0
2013-03-10T09:33:10Z,"Vincenzo Fiorillo 3:16
Massimo Taibi /watch?v=esFAGx7RDL4#t=1m34s",0
2013-07-17T17:27:52Z,Roma loaned him out again to Cesena. So sad. Roma should trust their youth product. Another one that I think should be in the first team is Federico Viviani ,0
2013-06-26T12:35:36Z,"We played with Tachtsidis and Piris, so everyone is good enough for the first team. Marco is talented and young and he has a fantastic pro mentality. I hope he will be part of the first team
",0
2013-06-26T12:33:35Z,nice video the boy got speed:O)  lets hope roma will try him out.... you think he is good enourgh to the first team?,0
2013-02-28T15:50:43Z,Rizzo una domanda: come cazzo fai a giocare in serie A?? La colpa non è tua ovviamente ma della società che ti ha preso.,0
2013-02-25T22:15:13Z,ciao Peppe....AUGURONI,0
2013-02-07T11:27:46Z,Peppeeeeeeeeeeeeeeeeee... orgoglio Messinese... saluto ai fratelli :),0
2012-11-02T07:44:51Z,"Bravo e umile, complimenti a Quintoni !",0
2013-01-23T16:18:24Z,Grande personalità. Incredibile come sia giunto a un passo dal real madrid e poi sia andato al pescara... Con tutto il rispetto per il pescara,0
2013-01-22T22:00:13Z,speriamo bene ....,0
