publish_date,title,view_count
2013-07-30T15:01:44Z,Petrolul Ploiesti - Pandurii Targu Jiu 1-1 GOL Ferebory Dore,4327
2013-03-06T20:44:27Z,"Fodé Doré, le doublé pour Angers sco contre le Mans",5604
2013-03-02T00:53:30Z,Fode Dore après Le Mans - SCO,2932
2013-07-30T21:30:01Z,Fodé Doré  Petrolul 1 - 1 Pandurii,2832
2012-12-02T03:19:27Z,Grace Dore scores goal last game 12-1-12,64
2013-03-02T23:00:14Z,Le Mans FC - Angers SCO (0-2) - Le résumé (LEMANS - SCO) / 2012-13,6795
2012-09-12T02:17:58Z,Uganda - Kongo 4:0 (Full game),13021
2013-07-30T13:47:14Z,Petrolul Pandurii iulie13,102
2013-03-02T18:32:36Z,Conférence de presse Le Mans FC - Angers SCO (0-2) / 2012-13,141
2013-06-01T18:00:19Z,Gol  Bokila Petrolul  1-0  CFR Cluj  Final  Cupa Romaniei 01.06.2013,4548
2012-12-14T09:41:03Z,Jordan Massengo [Foot In Vidéo],3289
2013-07-08T15:26:02Z,[AMAZING] Zlatan Ibrahimovic heel goal Mihai Răduț,475
2013-01-05T15:12:47Z,Petrucci Two Super Goals,8863
2013-02-16T11:30:47Z,GOLURI MECI AMICAL PANDURII - BRONDBY 15.02.2013,399
2013-04-30T09:56:40Z,27.04.2013 PETROLUL -Viitorul Constanta 3-0  RECITAL GALERIA PETROLUL!,313
2012-10-08T21:13:12Z,ANTRENORUL VIITORULUI AXINTELE IMBRACAT CIUDAT PE BANCA TEHNICA,998
2012-09-29T18:13:10Z,Angers SCO 4-0 Le Mans FC (J9),20277
2013-03-22T19:30:52Z,"GLORIA CASTIGA, DAR SI AXINTELE",73
2013-02-01T18:07:55Z,VIDEO   CFR Cluj   Dnepr 1 2  Weldon a marcat un supergol!,171
2012-12-25T08:30:33Z,liga3 seria2 etp7 RAPID FETESTI-VIITORUL AXINTELE part2,37
2012-12-25T09:38:54Z,liga3 seria2 etp7 RAPID FETESTI-VIITORUL AXINTELE part4,42
2013-07-21T18:04:55Z,U Cluj - Petrolul 0 - 1 Gol Younes Hamza 21.07.2013,784
2013-07-29T20:15:16Z,Petrolul - Pandurii Targu Jiu 1 - 1 Penalty ratat Grozav scarita,4724
2013-04-04T12:16:40Z,Contra despre Pandurii-Petrolul,511
2013-07-29T20:01:40Z,Petrolul - Pandurii Targu Jiu 1 - 0 29.07.2013,963
2012-09-30T23:19:08Z,Gloria Buzau-Viitorul Axintele 2-0 / 28.09.2012,1114
2013-04-08T09:38:32Z,Pandurii Tg. Jiu 1-3 Petrolul Ploiesti hamza youness,1432
2012-12-11T23:39:47Z,PHD-ARENA : Reaction de Ladislas Douniama après EAG-Arles Avignon,409
2012-09-12T11:14:13Z,Prezentare etapa a 3 - a : Viitorul Axintele - Olimpia Rm. Sarat,277
2012-10-08T21:06:52Z,Gloria Buzau-Viitorul Axintele 2-0,187
2013-06-05T05:25:21Z,PETROLUL PLOIESTI premierea,12240
2013-03-03T21:25:44Z,Petrolul - Iasi 2-1 - Imnul (3 martie 2013*L1),765
2012-09-01T21:30:28Z,Liga 1|Etapa a-7 a:Pandurii Targu Jiu-RAPID 2-0,419
2013-04-07T11:32:20Z,Pandurii Tg. Jiu - Petrolul Ploiesti 1-3 06.04.2013 Repr. 2,1312
2013-05-30T01:09:41Z,Petrolul - Medias - Momente Cupa &#39;95 - Prezentarea echipei - Imnul (29 mai 2013*L1),516
