publish_date,title,view_count
2012-12-12T23:00:14Z,Stade Lavallois - Angers SCO (1-4) - Le résumé (LAVAL - SCO) / 2012-13,3315
2013-03-30T23:00:14Z,Stade Lavallois - Le Mans FC (2-1) - Le résumé (LAVAL - LEMANS) / 2012-13,6269
2013-04-27T22:00:13Z,Stade Lavallois - RC Lens (1-1) - Le résumé (LAVAL - RCL) / 2012-13,2853
2013-03-02T23:00:14Z,Stade Lavallois - Clermont Foot (1-1) - Le résumé (LAVAL - CFA) / 2012-13,1445
2013-04-06T22:00:13Z,FC Istres - Stade Lavallois (2-2) - Le résumé (FCIOP - LAVAL) / 2012-13,2001
2013-02-09T23:00:28Z,Nîmes Olympique - Stade Lavallois (3-0) - Le résumé (NIMES - LAVAL) / 2012-13,2222
2013-02-02T23:00:14Z,Stade Lavallois - AJ Auxerre (4-5) - Le résumé (LAVAL - AJA) / 2012-13,19242
2013-07-03T19:55:04Z,bilel hamdi,1587
2012-12-12T22:59:52Z,Conférence de presse Stade Lavallois - Angers SCO (1-4) / 2012-13,117
2012-12-22T23:20:53Z,Stade Lavallois - Havre AC (1-2) - Le résumé (LAVAL - HAC) / 2012-13,2787
2013-04-13T22:00:15Z,Stade Lavallois - AC Arles Avignon (1-3) - Le résumé (LAVAL - ACA) / 2012-13,1921
2013-03-09T23:00:19Z,Stade Lavallois - EA Guingamp (2-1) - Le résumé (LAVAL - EAG) / 2012-13,6949
2012-10-20T22:00:12Z,Stade Lavallois - Tours FC (2-2) - Le résumé (LAVAL - TOURS) / 2012-13,1929
2013-02-16T23:00:14Z,Stade Lavallois - CS Sedan (3-0) - Le résumé (LAVAL - CSSA) / 2012-13,5152
2013-03-17T14:49:55Z,Tours FC - Stade Lavallois (1-1) - Le résumé (TOURS - LAVAL) / 2012-13,1517
2012-12-15T23:00:13Z,GFC Ajaccio - Stade Lavallois (3-1) - Le résumé (GFCA - LAVAL) / 2012-13,2147
2013-04-20T22:00:15Z,Dijon FCO - Stade Lavallois (1-0) - Le résumé (DFCO - LAVAL) / 2012-13,1987
2013-05-04T22:00:10Z,Angers SCO - Stade Lavallois (1-0) - Le résumé (SCO - LAVAL) / 2012-13,4596
2013-05-11T22:00:12Z,Stade Lavallois - GFC Ajaccio (1-2) - Le résumé (LAVAL - GFCA) / 2012-13,2263
2013-02-02T18:11:17Z,Conférence de presse Stade Lavallois - AJ Auxerre (4-5) / 2012-13,386
2013-01-06T23:15:51Z,Hamdi Karakılıç Haydi Bordo Beyazım,2005
2013-04-22T02:17:36Z,PSG / OGC Nice 21.04.2013 : 3-0 (L1) 3/9 : Entrée du PSG,496
2012-09-06T15:37:15Z,Vamos a bola com Eduardo Gottard e Fabricio,284
2012-11-09T13:31:37Z,Omrani Ameur CV,692
2013-06-26T16:09:39Z,Soufian Benyamina,1813
2012-09-01T21:16:02Z,dédicace lel nabbara (by bilel),166
