published-time,comment,likes
2013-02-03T13:07:09Z,"Allez Angers !
",2
2013-04-02T15:22:13Z,ALLEZ LAVAL,2
2013-05-18T05:12:54Z,"Il est trop fort, la preuve il est demandé par Arsenal",2
2013-05-10T11:09:12Z,Auxerre Faut qui Gagne...,1
2013-03-20T14:28:11Z,ALLEZ LAVAL!,1
2013-02-08T23:09:08Z,"9 buts...mais j'ai rarement vu des ""buts"" aussi minable... ça semble tellement facile. Impression de voir joueur les jeunes U9 au stade !",5
2013-02-05T21:26:23Z,AMAZING,1
2013-02-05T21:26:07Z,Mais quel perf du yaya,2
2013-02-03T11:34:56Z,"9 buts, wow !
et le sanogo 20 ans quadruplé c'est le nouveau messi :)
même si les buts ne sont pas très beaux et le terrain est quasi impraticable, c'est rare de voir 9 buts en Ligue 2 !",2
2013-02-03T09:42:20Z,Aller l aja ses sa les gars!,2
2013-02-03T07:49:44Z,"Laval aurait du gagner le maintient !
",1
2013-02-02T23:28:13Z,9 buts tous plus ridicules les uns que les autres mais ça fait du bien pour l'aja ,2
2013-02-03T13:12:09Z,Dans la tete Laval.,0
2012-12-23T10:14:47Z,Merci à Revault et place à Monbearts ! (Y),0
2013-04-16T07:14:39Z,"Mauvais match des lavallois
",0
2013-04-14T08:33:09Z,"Fodrait déja commencer par etre une BONNE equipe de ligue 2 avant de vouloir aller titiller l'élite du foot français . Si c'est pour revivre la meme merde qu'il y a 4 ans , non merci !!!
",0
2013-03-23T15:48:41Z,allez laval!! TRES BON MATCH!!,2
2013-03-23T15:47:08Z,allez laval!! TRES BON MATCH!!,1
2013-03-22T17:42:11Z,allez laval!!,0
2013-01-19T21:23:26Z,"allez tours fc
",0
2013-03-23T17:15:46Z,allez tours on c'est fait voler,1
2013-03-18T00:53:58Z,"Gros manque de realisme des deux côtés... Tours aurait pu gagner largement , le gardien de Tours a été exemplaire!",1
2013-04-24T07:22:04Z,Un match pas superbe pour les Dijonais mais on a su saisir des opportunités ! Allez Dijon !,0
2013-04-22T16:33:58Z,"DFCO !!!
",0
2013-04-21T20:20:39Z,Aller Dijon !!!!!,0
2013-04-20T22:23:37Z,Allez Dijon ! :),0
2013-06-15T09:18:05Z,C etait le stade  angevin po le stade lavallois,2
2013-05-05T18:43:09Z,jy etaiit au match,1
2013-05-05T09:34:27Z,"Arrêtez de vous bagarrer rien que pour l'équipe que vous supportez, c'est ridicule. On dirait des gamins de 1 an !",1
2013-05-05T09:22:27Z,"Certes, mais j'espère que vous ne monterez pas. Vous ne faites que des victoires à l'arrachée. Et puis bon, quand c'est Charles Diers qui marque...Bref, j'espère que l'EAG montera avec l'ASM et le FCN et que vous resterez là où vous appartenez. À bon entendeur.",1
2013-05-05T09:08:21Z,"Au moins on gagne !
",1
2013-05-05T08:59:18Z,laval aurai pu marque si iauré pas se putein d'arbitres,1
2013-05-05T08:54:10Z,"À part marquer dans les arrêts de jeu, vous savez faire autre chose ? Quelle bande de chanceux...",1
2013-05-05T07:59:47Z,First et a la dernière minute bien jouer,1
2013-05-12T15:35:45Z,Mdr Ajaccio bien que condamné gagné quand même,0
2013-04-22T20:01:26Z,C'est bon ! Je rectifie et je fais 10 tours de terrain en guise de punition !,0
2013-04-22T10:33:32Z,erreur dans le titre,0
2012-10-30T14:07:43Z,"Valeu ai milk... muitas felicidades pra vc, humilde sempre! abraços",0
2012-10-16T19:01:44Z,"Parabens meu camarada, muito bom cara sua humildade vai fazer vc evoluir muito mais, a vida mostra que vc nao esqueceu as suas raizes, falando da escolinha do Joao pow que massa, sorte aee fica com Deus",0
2012-12-06T23:31:06Z,Bonne chance!!!!,1
