published-time,comment,likes
2013-07-20T06:18:49Z,Wellcome to Petrolul,0
2013-03-09T05:08:39Z,"Je suis très fier de toi mon gars, mon soutien tu l'auras toujours (y)
",0
2013-04-28T13:08:05Z,Angers soon Ligue 1 ;),1
2013-03-05T00:05:04Z,"jai regarder dans le stade sco avait bcp chance et merci arbitre qui exclu le manceau 
je suis arbitre aussi mais  cet arbitre javais la honte piur lui",1
2013-03-03T20:41:30Z,Bravo le SCO,1
2013-02-07T07:11:07Z,thank you upload.,0
2012-09-14T16:11:40Z,good video,0
2013-03-02T21:28:34Z,"bien dit!!!!
",0
2013-06-16T10:00:25Z,Keseruuu bienvenue la steaua!!!! ,1
2013-04-06T15:23:45Z,"bravo keseru, hai la steaua , te asteptam cu bratele deschise ....",1
2013-03-16T14:22:21Z,daca eram eu patron la steaua... fecam orice sa il iau la steaua... dar din pacate nu sar intimpla nicio data asa ceva... :(,1
2013-03-02T14:13:19Z,Bon alors les manceaux ? Pas trop dur le réveil ? :),1
2013-02-13T00:03:22Z,Πάμε δυνατά για την άνοδο!!,1
2013-02-03T13:07:40Z,"Plaine Tete le mans allez angers !
",1
2012-10-17T22:47:18Z,What a beast!,1
2012-10-05T20:18:39Z,"ROMANIA :)
",1
2012-10-02T10:55:23Z,"Bv Keseru pt constanta si tupeu...sa recunoastem ca au fost goluri de portar,dar dak nu incerci nu are cum sa-ti iasa!!!",1
2013-07-30T07:34:11Z,GROZAV a fost GROZAV de prost.,2
2013-07-30T02:55:15Z,"grozav-prostu meciului :))
",1
2013-07-30T13:24:01Z,"La verdad un buen gol, como la ve y la engancha",0
2013-07-30T09:24:14Z,grande sipoo,0
2013-06-05T17:22:41Z,"Bine,acum? Pai Capra a contribuit 50,000001% la club,dar acum,si noi am progresat,de la 3 mingi si un stadion darapanat (in 2008) la un stadion de 4-5 stele UEFA si un LOT POTRIVIT PENTRU EUROPA LEAGUE! ",0
2013-06-05T15:19:51Z,sa vina TITLUL la Ploiesti(daca nu ne vinde capra toti jucatorii buni desi tare imi e frica de acest lucru),1
2013-06-05T06:35:41Z,SA VINA SI TITLUL LA PLOIESTI!,0
2013-06-05T05:27:35Z,HAI PETROLUL!!!,0
2013-03-04T17:30:54Z,"bun asa, sa-l utilizezi la cat mai multe meciuri :) se vede ca ai avut probleme tehnice aseara",0
2013-03-04T13:24:04Z,e singurul de la meciul asta?,0
2013-04-07T11:33:40Z,HAI PETROLUL!!!,1
