published-time,comment,likes
2013-01-04T10:22:09Z,"Ouais mais c est limite
",0
2012-12-29T12:04:41Z,"Ah je vois ce que tu veux dire, mais il ne peut pas car il était derriere le passeur !",0
2012-12-29T12:03:10Z,Un passeur ne peut pas être hors-jeu .,0
2012-12-24T11:09:01Z,"Le passeur et hors jeu
",0
2013-02-22T03:04:19Z,"t es le meilleur;;;;;
",0
2013-07-30T19:49:12Z,one africa iam senegal man...bat i love mauritania peace an love baby,2
2013-07-30T13:17:13Z,"Mourabitoune ( on joue , on gagne allez Mourabitoune )",1
2013-07-29T23:01:47Z,tous le respect aux freres senegalais :),0
2013-07-29T21:02:26Z,Viiiiiiiiiiiiiiiiiive la Mauritanie,1
2013-05-28T22:51:28Z,Vive les AIGLES...!!,0
2013-03-08T01:34:15Z,Ah oui ca cst mn frere,0
