publish_date,title,view_count
2013-06-02T08:36:07Z,Ismael Keita s&#39;explique sur son départ du FC Nantes et de son transfert au SCO Angers,1795
2013-06-23T04:54:15Z,Paraguay-Mali(1-1)  Coupe du Monde junior adama niane malifootballcom,4928
2012-12-22T23:22:32Z,Tours FC - Angers SCO (1-2) - Le résumé (TOURS - SCO) / 2012-13,3313
2012-11-06T14:52:48Z,"Aritz Aduriz, duelo con Diakhaté y victoria en Granada",2694
2013-05-30T09:48:10Z,Aigles du mali avant match bretagne mali (1- 0) à carquefou,1598
2013-02-03T16:49:25Z,Nigeria-CI: But de Tiote.mp4,161
2012-12-26T22:10:21Z,pape latyr ndiaye .mpeg,361
2013-06-02T15:03:08Z,"Gérard Russo, président de Bretagne Football Association lors du match Bretagne-Mali (1-0)",518
2012-09-05T23:48:18Z,otelul x gloria bistrita Gol Markinhos Moraes,226
2013-04-02T18:48:03Z,Athletic Bilbao - Rayo Vallecano [0-1] Bangoura,119
2013-03-24T18:22:23Z,Gol Fàbregas / Barça - Athletic Bilbao,116
2013-07-29T19:39:21Z,Au pays des Mourabitounes - 27 Juillet 2013,6056
2013-06-04T20:52:11Z,Lunceford | 2010 | Free Kick Assist | CESA &#39;92 Premier vs FC Nantes,13
2013-02-18T19:30:28Z,ismael football player,67
2013-07-16T00:54:56Z,kante souleymane dit le messi de cote d&#39;ivoire,253
2012-12-22T00:28:33Z,Foot / Ligue 2: Tours - Angers (l&#39;avant-match),49
2012-08-15T04:24:15Z,( 13 - 08 - 2012 ) Séance d&#39;entrainement du MAS ... Www.Massawi.Com,1026
2013-05-23T19:55:15Z,FC Nantes - SC Sedan 1-0 #Envahissement de terrain (Partie 2),210
2013-06-13T22:25:31Z,Amadou Pathe Diallo  fait le point avant le match Mali-Benin malifootball com,1901
2012-11-28T16:12:14Z,rayovallecanotv Nacho Martínez debut en Primera con el @RVMOficial,578
2013-05-28T22:38:29Z,Stage Aigles du Mali-match amical_Bretagne-Mali-28-Mai-2013 www.malifootball.com,5247
2013-03-01T11:28:29Z,Amadou Ismaila Ndour,733
2013-03-01T09:59:31Z,CAN 2013 - Quarts de finale Côte d&#39;Ivoire avec BdE - BIAO,72
2013-06-02T08:35:31Z,Yacouba Sylla Aston Villa ) explique sa première sélection avec les Aigles du Mali,4677
2012-12-22T00:29:15Z,Stéphane Moulin après Tours Angers,431
2013-02-26T04:29:20Z,DIAWARA Aboubacar AS PELICAN,366
2013-03-31T11:46:19Z,Les réactions après FC Nantes - AS Monaco - Vidéos Fc Nantes,448
