published-time,comment,likes
2013-07-26T08:24:20Z,Cavani on t'attend !,6
2013-06-12T10:15:31Z,tout faux ,0
2013-05-31T20:59:35Z,^^,0
2013-05-31T19:59:53Z,par contre guingamp va pas durer ,0
2013-05-29T15:22:36Z,"sinon vous avez peut etre une chance si vous recruter un joueur a chaque poste :)
",0
2013-05-28T20:42:35Z,"c'est ce que je pense mais des fois, et comme dans tous les clubs, ya des supporters arrogant d'autre non et c'est difficile de faire la différence :)",0
2013-05-26T21:44:09Z,pcq tu crois faire quelque chose contre nous avec cette équipe??? seul monaco vaut quelque chose dans ceux qui sont montés :) ,0
2013-05-21T17:46:22Z,"aller nantais enorme l'erdre qui répondait a la loire bravo PARIS CES LA MISERE MISERE MISERE PARIS CES LA MISERE MISERE MISERE PARIS CES LA MISERE MISERE MISERE OH OH OH OHHHHHHHHHHHHHH
",0
2013-05-19T11:44:02Z,Vraiment content de vous revoir parmi l'élite! (de la part d'un supporter marseillais),5
2013-05-19T11:43:21Z,Ambiance de ouf pour une remontée fantastique ! ,2
2013-05-19T07:28:36Z,Enfin on remonte en L1. On arrive,1
2013-05-18T22:56:06Z,Yes Nantes ! Ligue 1 est à nous !,0
2013-05-18T22:38:25Z,"Cette ligue n'existe pas mon cher ami xDD
Ahh trop content que Nantes monte , l'année prochaine ça va être difficile , mais ce groupe a des potentialités !! :P",0
2013-05-18T22:36:49Z,On est en ligue 1 ! <3,1
2013-04-30T17:28:31Z,"Qu'ils viennent jouer dans ma campagne, le terrain est 10 fois mieux ...",0
2013-01-12T10:50:43Z,"c'est quoi ce montage qui ne montre quasiment que les occases Nantaises, alors que Sedan en as eu beaucoup plus que ca 
",0
2013-01-09T15:35:27Z,Nantes en l1,0
2013-01-03T21:36:16Z,Réécoute je te dis ou met plus fort parce que y'a un truc quiva pas chez toi...,0
2013-01-03T10:23:26Z,2:45 c est Adrien Trebel et pas Yoann ,0
2013-01-01T13:34:10Z,Ben mon pauvre réécoute...,0
2012-12-29T11:58:47Z,Il a dit : Adriane ( écrit sous la prononciation ou Adrien si tu préfert ) Trebel .,0
2012-12-26T08:46:01Z,Bien le pénalty oublié ?,0
2012-12-25T21:43:20Z,"""avec ce centre de Yoan Trebel"" Il s'appelle Adrien Trebel*",0
2013-02-20T14:59:17Z,"c'est moche comme but tout de même ....
",0
2012-11-06T17:11:04Z,"amis lensois , regarder ma chaine youtube :)   des vidéos du rc lens en ligne !! allez lens et belle victoire a sedan :)",1
2012-12-05T11:12:11Z,Ocampos il fait rien ,0
2012-12-03T20:51:43Z,"Public inexistant ça rend le club sans importance
",0
2012-12-03T20:11:31Z,"tu rêve un peux trop grand mon pote^^
",0
2012-12-03T13:22:58Z,beckham lampard pavlyuchenko.. Sa sent l asmfc en ligue des champions tout sa !!,0
2013-02-11T12:44:32Z,"Sedan, que fait-tu cette saison ? L'année dernière tu arrive à quelques points de la ligue 1 et cette saison tu es relégable et de loin !",0
2013-02-09T23:39:44Z,Ça serait bien de mettre les actions dans l'ordre du match et de mettre les plus importantes...,0
2013-04-09T18:18:09Z,allez sedan jsuis peut etre le seul a le croire mais je crois que vous pouvez le faire go cssa,0
2013-04-07T11:10:54Z,"voleur
",0
2013-04-07T08:40:17Z,"La barre à la fin n'est pas à la bonne place, ça faisait encore 2-1",0
2013-04-06T23:57:08Z,pff Lens méritais pas!! Aller Sedan Ya de l'espoir encore!,0
2013-04-06T23:52:29Z,"Jolie remontée Lensoise mais que de frissons jusqu'au terme du match ! 
",0
2013-05-06T01:18:03Z,was this actualy over one minuite>,0
2013-03-28T09:51:39Z,Il a rien fait,4
2013-03-27T12:43:18Z,FC Barcelone à frappé hhaha,0
2013-05-11T23:11:35Z,Merci c vraiment cool !,0
2013-04-14T13:41:49Z,"Aller Sedan !!! L'année dernière à quelques points de la montée, là tu va peut-être (surement) descendre....
Et dire que la plupart des joueurs titulaires étaient blessés ou suspendus ...
Même si tu es en National (ou plus bas si le dépôt de bilan est déposé ...) je continuerais à venir te voir toutes les semaines !
",3
2013-04-14T09:34:02Z,Oui moi aussi,0
2013-04-14T08:57:07Z,"Comme quoi, les 2 derniers sont capables de faire de belles actions et du beau foot.
J'espère que les Sedanais parviendront à se maintenir.",0
2012-11-25T15:54:38Z,"La vidéo confirme une chose, le match nul était mérité et le 2e but de Sedan est valable.",0
2013-03-18T17:40:24Z,ça va pas bien,0
2013-03-17T20:19:03Z,Mmmmmmmmmmmmmmmmmmmmmmmmmmmmmmmmmmmmmmmmmmmhh..... Baliboump !!,0
2013-05-18T09:20:31Z,In sottofondo,0
2013-05-18T09:20:19Z,Nome della canzone un,0
2013-05-12T18:39:56Z,"ahahaha le bambine di Conte che salutano con la manina imitando il papà... xD
cmq Complimenti anche al CAMPIONE D'ITALIA Pagno.. e grazie mille per questa cavalcata di emozioni che ci hai fatto vivere (soprattutto a noi che abitiamo lontano e non possiamo permetterci di vederle ""live""...) Credo a nome di TUTTI gli Juventini",0
2013-05-12T16:53:05Z,mitico pagno XD,0
2013-05-12T16:32:59Z,Grande pagno!!!,0
2013-05-11T07:52:05Z,"Et encore, l'olympique U13 .
J'ai été voir Sedan-Niort hier ... Une catastrophe ! J'ai arbitré un match de débutant et ils ont fais les même erreurs . Officiellement relégués .",0
2013-05-05T21:15:38Z,Allez Sedan :(,0
2013-05-05T10:22:06Z,First !!!,0
2013-01-26T23:17:32Z,Nîmes fait une saison terrible !!! (Y) ,0
2013-06-06T23:37:53Z,Grande video =) Bravi!!!,0
2013-04-30T01:25:09Z,First,0
2013-05-24T03:41:57Z,"Ça fait toujours plaisir d'entendre Monsieur Laurent Guyot. J'espère de tout cœur que nous le reverrons un jour du côté de la Jonelière ;) 
Sinon grosse ambiance ouais. Un public vraiment exceptionnel privé pendant trop longtemps du haut niveau.",0
2013-05-18T20:54:59Z,Une vraie ambiance :D,0
2013-07-08T18:06:25Z,"En fait, les places sont tellement parties vite en Loire, que beaucoup de mecs chauds de la gueule se sont retrouvés en Erdre, d'où le répondant. Une ambiance similaire n'est pas à prévoir pour les matchs lambdas malheureusement...",0
2013-06-19T12:42:28Z,"c'est himne des nantais

",0
2013-06-15T18:02:31Z,--',0
2013-06-15T15:59:35Z,"Oui j'avais à côté de moi un sacré commentateur :P
",0
2013-06-14T09:34:42Z,2:27 épique : jules verne tu chante ... :) XD,1
2013-06-01T17:03:11Z,Merci du Québec !,0
2013-06-01T14:34:43Z, I will survive de Gloria Gaynor,0
2013-06-01T14:33:10Z,L'Hymne de la Beaujoire - Bernard Minet,0
2013-05-30T15:56:32Z,4:14 quel est le nom de la chanson ???,0
2013-05-30T15:54:19Z,Drapeau de Colombia !!! Merci France / Francia,0
2013-05-28T16:37:55Z,c'est quoi la musique à partir de 3.25 ?,0
2013-05-27T05:54:44Z,"Super vidéo pour un moment fort 
ALLLEZ NANTES <3",1
2013-05-23T11:32:15Z,youtube.com/watch?feature=player_embedded&v=i1sm9nYR4A8 --- C'est la vue en Jules Verne rang... Z ^^,0
2013-05-20T15:52:37Z,Naaantais <3,0
2013-05-20T10:42:25Z,A 1:05 c'est sublime ! <3,0
2013-05-19T18:47:18Z,Merci ;),0
2013-05-19T17:43:28Z,"les tribunes vibrer sous le ""qui ne saute pas n'est pas nantais !!"" (en océane haut ) :!!!",0
2013-05-19T17:22:46Z,Fière d'être Nantais et on assume On monte en ligue 1 belle vidéo !,0
2013-05-19T16:41:06Z,Fier d etre nantais,0
2013-05-19T12:51:18Z,"Volà un équipe qui gagne non pas avec son porte monnaie mais avec son talent et ses supporters ! Fier d'être Nantais ! :D
",0
2013-05-19T12:38:30Z,Aucun PROBLEME :P,0
2013-05-19T11:17:11Z,T'en referas une pour la Champions League ! ahah ;),0
2013-05-19T10:09:40Z,Maintenant on va péter le PSG ! =),0
2013-05-19T06:57:06Z,Vivement le derby face a Rennes ( un supporter rennais ),0
2013-05-18T21:17:20Z,"nantes fete son retour en ligue 1 !!
Superbe soirée 
(Moi aussi j'ai posté une petite video qui montre l'envahissement de plus haut) ",0
2013-05-18T15:26:49Z,Tout simplement parfait !! L'ambiance en Loire était incroyable ! Merci a tous <3 ,1
2013-05-18T14:21:48Z,Merci d'avoir filmé mes cheveux :) C'était magiiiiiiiiiiiiiiiiiiiiiiiiiiiiiique !,0
2013-05-18T13:06:32Z,"juste une ambiance de dingue hier soir , faut continuer comme ca l annee prochaine ;)",0
2013-05-18T12:44:09Z,putain de soirée !!!!!! inoubliable :D ,0
2013-05-18T12:26:40Z,"Et vous qui n'êtes pas nantais....... ECOUTEZ LA LOIRE CHANTER ! Allez les Jaunes et Verts, qui ne met pas de pouces verts n'est pas nantais-ais, qui ne met pas de pouces verts n'est pas nantais-ais !!!",0
2013-05-18T12:26:27Z,Voici un super public qui mérite la Ligue 1 !,0
2013-05-18T12:24:53Z,"Allez Brest plutôt, faut qu'il y-est un maximun de clubs bretons en Ligue 1, avec le FC Nantes y-aura Guingamp, Rennes et Lorient mais c'est pas suffisant !!! Allez le FC Nantes = meilleur club de France !",0
2013-05-18T12:19:55Z,"J'etais juste a côté en tribune Loire, Allez le FC Nantes !",0
2013-05-18T10:55:41Z,Magnifique cette soirée ! merci Nantes ! Merci Riou merci tout le monde !! Alleeeez naaaaantes,0
2013-05-18T10:39:58Z,"Putain après 4 ans de L2, on retrouve enfin la ligue 1 <3

Allez Lens, tenter la remontée l'année prochaine :p",0
2013-05-18T10:33:02Z,"Ahaha :P Profite mon gros :P
",0
2013-05-18T10:17:58Z,J'suis tombé au hasard sur ta vidéo Mathieu elle est canon tu gères ;),0
2013-05-18T10:13:39Z,"cette soiré magnifique !! La ligue 1 l'année pro 
vive Le 44 Vive Nantes !!! :D 
",0
2013-05-18T09:53:20Z,Une tuerie cette soirée à la Beaujoire ! Merci pour la vidéo ! :D FCN <3,1
2013-05-18T09:32:06Z,"Merci à toi ;)
",0
2013-05-18T09:30:33Z,Merci pour cette superbe video ;-),0
2013-05-18T09:21:17Z,FC NANTES!! ♥♥♥♥♥♥♥♥♥♥♥♥♥♥♥♥♥♥♥♥♥♥♥♥♥♥♥♥♥♥♥♥♥♥♥♥♥♥♥♥♥♥♥♥♥♥♥♥♥♥♥♥♥♥♥♥♥♥♥♥♥♥♥♥♥♥♥♥♥♥♥♥♥♥♥♥♥♥♥♥♥♥♥♥♥♥♥♥♥♥♥♥♥♥♥♥♥♥♥♥♥♥♥♥♥♥♥♥♥♥♥♥♥♥♥♥♥♥♥♥♥♥♥♥♥♥♥♥♥♥♥♥♥♥♥♥♥♥♥♥♥♥♥♥♥♥♥♥♥♥♥♥♥♥♥♥♥♥♥♥♥♥♥♥♥♥♥♥♥♥♥♥♥♥♥♥♥♥♥♥♥♥♥♥♥♥♥♥♥♥♥♥♥♥♥♥♥♥♥♥♥♥♥♥♥♥♥♥♥♥♥♥♥♥♥♥♥♥♥♥♥♥♥♥♥♥♥♥♥♥♥♥♥♥♥♥♥♥♥♥♥♥♥♥♥♥♥♥♥♥♥♥♥♥♥♥♥♥♥♥♥♥♥♥♥♥♥♥♥♥♥♥♥♥♥♥♥♥♥♥♥♥♥♥♥♥♥♥♥♥♥♥♥♥♥♥♥♥♥♥♥♥♥♥♥♥♥♥♥♥♥♥♥♥♥♥♥♥♥♥♥♥♥♥♥♥♥♥♥♥♥♥♥♥♥♥♥♥♥♥♥♥♥♥♥♥♥♥♥♥♥♥♥♥♥♥♥♥♥♥,0
2013-05-18T09:18:18Z,"On est en L1 !!!!!!!!!!!!!!!!!!!!!!!!!!!!!
",0
2013-05-18T09:06:09Z,"Un stade qui n'a rien a faire en L2 comme lens aussi 
Bonne hance pour l'année prochaine ",0
2013-05-18T08:58:35Z,NANTES EN L1 quel match quel AMBIANCE YAAA ,0
2013-05-18T08:44:21Z,"Superbe vidéo ! Cela retranscrit bien l ambiance du stade ;)
ALLLEEEZZZ NAAAAAAANTES !!! :D",1
