publish_date,title,view_count
2013-05-18T22:00:11Z,FC Nantes - CS Sedan (1-0) - Le résumé (FCN - CSSA) / 2012-13,24907
2013-04-30T10:00:49Z,CS Sedan - AS Monaco FC (1-1) - Le résumé (CSSA - ASM) / 2012-13,6463
2013-01-28T13:09:17Z,But | Football | Park Futbol | Florentin,27
2013-03-02T23:00:14Z,FC Istres - CS Sedan (1-0) - Le résumé (FCIOP - CSSA) / 2012-13,1179
2012-12-23T23:00:12Z,CS Sedan - FC Nantes (0-0) - Le résumé (CSSA - FCN) / 2012-13,5229
2013-05-06T16:41:59Z,Paul Pogba sent off for spitting at Salvatore Aronica,4100
2013-04-20T22:00:15Z,Havre AC - CS Sedan (1-1) - Le résumé (HAC - CSSA) / 2012-13,1823
2013-02-19T02:55:27Z,CS Sedan - Dijon FCO (0-1) - Le résumé (CSSA - DFCO) / 2012-13,881
2012-11-04T00:04:37Z,CS Sedan - RC Lens (0-1) - Le résumé (CSSA - RCL) / 2012-13,5854
2012-12-01T23:00:17Z,AS Monaco FC - CS Sedan (3-1) - Le résumé (ASM - CSSA) / 2012-13,6543
2013-02-02T23:00:13Z,CS Sedan - Clermont Foot (1-1) - Le résumé (CSSA - CFA) / 2012-13,2108
2013-02-09T23:00:29Z,SM Caen - CS Sedan (2-0) - Le résumé (SMC - CSSA) / 2012-13,3217
2012-12-19T00:03:12Z,Chamois Niortais - CS Sedan (1-3) - Le résumé (NIORT - CSSA) / 2012-13,2115
2013-01-12T19:38:22Z,Châteauroux - CS Sedan (1-1) - Le résumé (LBC - CSSA) / 2012-13,1155
2012-10-27T22:00:12Z,EA Guingamp - CS Sedan (2-0) - Le résumé (EAG - CSSA) / 2012-13,2076
2013-05-22T21:18:50Z,FC Nantes - SC Sedan 1-0 #Envahissement de terrain (Partie 1),416
2013-04-06T22:00:13Z,RC Lens - CS Sedan (2-2) - Le résumé (RCL - CSSA) / 2012-13,6543
2013-03-27T11:33:08Z,Paul Pogba Red Card After 2 Yelow Cards In 1 Minute France 0 1 Spain 26032013 HD,15653
2013-05-11T22:00:12Z,CS Sedan - Chamois Niortais (0-2) - Le résumé (CSSA - NIORT) / 2012-13,2201
2013-02-16T23:00:14Z,Stade Lavallois - CS Sedan (3-0) - Le résumé (LAVAL - CSSA) / 2012-13,5152
2013-04-13T22:00:15Z,CS Sedan - GFC Ajaccio (4-1) - Le résumé (CSSA - GFCA) / 2012-13,6527
2012-11-24T23:00:15Z,CS Sedan - Havre AC (1-2) - Le résumé (CSSA - HAC) / 2012-13,4445
2013-03-17T14:54:08Z,AC Arles Avignon - CS Sedan (2-2) - Le résumé (ACA - CSSA) / 2012-13,2322
2013-05-12T16:26:20Z,Conte/Pepe/Pogba &amp;family/J. Elkan.... Scudetto #31 Campioni D&#39;Italia 2012/13,2152
2013-05-23T19:55:15Z,FC Nantes - SC Sedan 1-0 #Envahissement de terrain (Partie 2),210
2013-01-19T21:13:57Z,Pogba 2ns stunner vs Udinese,140
2013-05-04T22:00:10Z,Dijon FCO - CS Sedan (4-2) - Le résumé (DFCO - CSSA) / 2012-13,5786
2013-01-26T23:00:13Z,Nîmes Olympique - CS Sedan (2-1) - Le résumé (NIMES - CSSA) / 2012-13,1788
2013-01-20T13:25:36Z,"PAUL POGBA, Amazing Goal Juve vs Udinese 1-0",7218
2013-01-20T08:20:59Z,Pogba BUT DE FOU !!!,14264
2013-03-11T18:36:16Z,My part of a coop about Paul Pogba ft MatriMitra3297,400
2013-04-18T11:34:18Z,Paul Pogba top 5 goals end skills,18677
2013-03-30T23:00:14Z,CS Sedan - EA Guingamp (1-2) - Le résumé (CSSA - EAG) / 2012-13,3712
2013-02-23T23:00:14Z,CS Sedan - Tours FC (1-1) - Le résumé (CSSA - TOURS) / 2012-13,2079
2012-11-10T23:00:16Z,GFC Ajaccio - CS Sedan (1-1) - Le résumé (GFCA - CSSA) / 2012-13,1924
2012-10-20T22:00:12Z,CS Sedan - AC Arles Avignon (4-2) - Le résumé (CSSA - ACA) / 2012-13,4963
2013-07-12T13:27:37Z,Mondial U20 / Pogba : &quot;Rapporter ce trophée en France&quot; 12/07,1504
2013-01-20T11:29:35Z,Magnifique doubler de Pogba,641
2013-04-30T00:00:15Z,Conférence de presse CS Sedan - AS Monaco FC (1-1) / 2012-13,197
2013-04-29T07:11:42Z,Lyon 1-1 Saint-Etienne But Zouma,1346
2013-03-27T22:26:46Z,"France Espagne Expulsion de Pogba + réaction du public (Arbitre enculé, Pogba clap clap clap) IF",8142
2013-05-18T20:46:19Z,Conférence de presse FC Nantes - CS Sedan (1-0) / 2012-13,2184
2013-03-19T12:56:10Z,"Paul Pogba, nouveau Bleu - 19/03",2138
2013-02-17T11:53:41Z,All 17 Goals Messi Vs Real Madrid,292
2012-12-01T21:16:52Z,Conférence de presse AS Monaco FC - CS Sedan (3-1) / 2012-13,127
2013-06-18T08:47:04Z,Pogba: &quot;Assumer le rôle de leader&quot;,1573
2013-03-18T15:21:06Z,Résumé Saint-Etienne 2-2 Paris,2408
2013-05-18T00:19:52Z,FC Nantes Sedan 17/05/13 TRIBUNE LOIRE + BUTS + ENVAHISSEMENT TERRAIN (HD),46283
2012-10-28T23:00:12Z,Goal Renaud COHADE (49&#39;) - AS Saint-Etienne - Stade Rennais FC (2-0) / 2012-13,387
2012-10-27T19:57:20Z,Conférence de presse EA Guingamp - CS Sedan (2-0) / 2012-13,61
