publish_date,title,view_count
2012-08-04T16:14:28Z,VÍTOR SABA - Flamengo FC - Highlights .,18022
2012-11-30T21:11:28Z,VÍTOR SABA - HIGHLIGHTS,2436
2012-11-05T20:45:26Z,VÍTOR SABA - 1st. Goal In Europe.,2662
2012-11-04T22:35:31Z,BRESCIA 1 X 0 TERNANA - Gol do Vitor Saba,3681
2012-10-17T08:49:50Z,VÍTOR SABA - Brescia Calcio #4 (Assist 2 ).,160
2012-11-12T01:14:06Z,VÍTOR SABA - (New) Goal Cesena vs Brescia .,337
2013-07-06T19:49:03Z,Vitor Saba - Banivasports,1042
2012-10-11T09:09:52Z,VÍTOR SABA - Brescia Calcio #4 (Assist 1 ).,928
2012-11-11T00:42:00Z,Cesena 1-3 Brescia 10/11/2012 2012-13 - 14°,3042
2012-11-06T03:16:12Z,Brescia 1-0 Ternana 03/11/2012 2012-13 - 13°,471
2013-03-12T03:23:13Z,SABA Brooklyn City vs LI Rough Riders - Carly Save - Girls Soccer,120
2013-02-14T13:03:52Z,Wanderers FC Fans-end chant at Campbelltown Stadium - 9th February 2013,450
2013-03-17T11:22:52Z,2013 IGA NSW National Premier Leagues Mens 1 Hype Reel,1231
2013-01-04T10:17:23Z,Sport Agency,55
2013-04-15T07:43:50Z,FIA Sports Management,1978
2012-11-11T08:40:47Z,We Are Wanderers,162
2013-03-23T21:42:14Z,A-League Western Sydney Wanderers V Sydney FC Round 26 2012/13,6843
2012-11-15T02:38:00Z,MELHORES MOMENTOS DE VITOR SOUZA MEIA ATACANTE 95,2422
2012-10-07T10:32:04Z,061012 - Western Sydney Wanderers v Central Coast Mariners,162
2013-04-25T03:54:08Z,SU58FC at Wanderers Parade - Part 2,222
2012-08-14T19:56:48Z,Nova aposta da base rubro-negra barra Adryan,192
2013-02-09T19:15:28Z,Western Sydney Wanderers vs Jets RBB,172
2012-11-01T15:52:50Z,BRESCIA Vs TERNANA VIDEO PROMO,238
2013-01-18T05:14:59Z,Labinot Haliti celebrates 100th A League game - Western Sydney Wanderers v Wellington,388
2013-03-22T06:54:50Z,A-League Wanderers Re-Sign Ono,134
2012-12-29T02:20:52Z,Melbourne Victory vs Newcastle Jets 28-12-12,159
2012-10-21T23:27:30Z,Del Piero Penalty vs Western Sydney Wanderers,165
2013-01-18T15:34:18Z,Milanello Allenamento 18-10-2013 Part 1,2782
2013-03-06T23:27:25Z,Mesquita FC x Vasco da Gama,650
2013-02-01T07:46:40Z,Joel Griffiths Suspension R18 2012-13,1819
2013-03-26T09:11:09Z,Brescia-Cittadella: coro &quot;Brescia calcio società del cazzo e Fino alla fine forza ragazzi&quot;,874
2012-10-27T18:31:05Z,Alessandro Del Piero Goal Vs Western Sydney Wanderers,205
2013-05-10T16:39:20Z,AAMI PARK - Melbourne Victory 5 - 0 Newcastle Jets 2012/13 A-League Regular Season. Part 10,48
2013-07-10T15:09:15Z,jorge gotor video,1824
2013-02-25T23:23:30Z,Joel Appiah-Kubi,748
2012-12-29T09:51:31Z,"Fc Crotone | Sala Stampa, Massimo Drago in conferenza",248
2012-10-17T11:27:18Z,MARCELINHO - (EU) Left Midfielder / Winger .,392
2012-10-22T02:47:08Z,Western Sydney Wanderers 0 vs 1 Sydney FC 20/10/2012 &quot;Alessandro Del Piero Goal&quot;,81
2012-11-29T22:00:16Z,Roel Van Hemert Highlights,867
2012-11-03T22:20:46Z,Brescia-Ternana 1-0 Video n.3,384
2012-11-03T18:58:48Z,Brescia-Ternana 1-0 Video n.1,660
2013-01-15T22:46:26Z,Ricardo Silva de Almeida - attacking midfielder (AMC),7336
2013-04-11T13:59:50Z,Football Manager 2013 : Brescia 5-1 Cesena - Zambelli Goal 32 minutes,134
2012-09-19T16:40:46Z,Sub16 - Atletico 3 x 3 Goias - Gol Giovanni Candido,444
2012-11-03T20:03:00Z,Brescia-Ternana 1-0 Video n.2,976
2012-09-27T09:24:55Z,Il Brescia scala la vetta - tg Teletutto,154
2012-08-05T20:19:18Z,"SolobariNews - Virtus Lanciano-Bari, azioni e punizione di Galano",692
2013-02-09T04:01:20Z,Toni em fúria | Tractor 1-0 Malavan,35382
2012-11-02T11:37:29Z,REAL SORRENTO TERNANA,447
2013-01-22T21:35:24Z,22/01/2013 Entrevista Coletiva: Ronaldinho,3433
