published-time,comment,likes
2013-03-24T04:40:19Z,That crowd is awesome,1
2013-03-23T22:39:38Z,I swear there are so many red cards in the A League,1
2012-10-18T12:35:59Z,"Haha my only Australian team is Sydney FC. I'm not travelling the world, just moved to Sydney last november.. Been to Thailand for biz trip and got a football game luckly.. :)",0
2012-10-18T12:21:29Z,LOL at least you didn't join the RBB. How do you travel the world to watch football? Lucky bugger.,0
2012-10-18T10:57:29Z,"This is kind of 'pre-tour' for Sydney derby, also for meeting my CCM fan mate..

They sung 'Shiji Ono ate my dog' but ey, he is Japanese. I eat dog soups occasionally, but he doesn't!",0
2012-10-18T08:49:55Z,Hey Kenny you were in the CCM crowd for this game? LOL that's hilarious. Bring on Saturday!,0
2012-08-15T01:18:02Z,"Dorival esta protegendo Adryan e o Matheus, ele ta escalando jogadores mais 'velhos', tipo com mais experiência. Como Negueba e Thomás, Fernandinho tem 19 anos. Adryan e Matheus são os que tem mais potencial, por isso Dorival n quer lançar nesse time atual do Fla. Tipo ele esta pensando no futuro. Ano que vem ctz os dois serão titulares absolutos, assim como foi Neymar e Ganso.",0
2012-08-14T23:02:43Z,"Pow nao sou flamenguista, mas acho que o adryan merecia a chance.. o mlk é fera",0
2012-11-02T20:24:13Z,"Bellissimo video! Bellissima musica! Bellissimo testo! Bellissime FERE! Complimenti!!! Speriamo che il ""senza rito"" ci porti cu*o... D'altronde queste Fere già lo scorso anno ci hanno abituato a sfatare i tabù e ad esempio ricordo il Vigorito... e ora sotto con il Rigamonti... identico risultato 0-2 Nolè e Miglietta me lo sento non posso sbagliare!!! SE ce pijo dovete venire tutti in pellegrinaggio a Tagliacozzo, SE non ce pijo statevene a casa!!!",0
2013-01-19T21:52:04Z,I have a feeling that Boateng going to score vs. Bologna. #ForzaMilan,0
2013-01-19T13:06:20Z,Please BUY Manuel Fernandes from besiktas!,0
2013-01-18T20:05:22Z,Kevin Prince Boateng   great  shot..11:08,0
2013-01-18T17:08:20Z,"بآنتظار صفقة كاكا لآنها راح تفيد خط الوسط كثير وكاكا من اول ما جاء مورينهو وهو علي الدكة بآستمرار 
بالتوفيق للميلان 
ForZa MiLaN

",0
2013-01-18T16:24:35Z,تســــلم يالمايسترو  تسلم يالحبيب ,0
2013-01-18T16:11:13Z,"great channel !!
",0
2013-02-02T00:08:53Z,Probably his history - ie physically hitting a linesman and red cards had a bit to do with the suspension. I bet ADP is sooo happy he has joined the rabble that is Sydney FC,0
2013-02-01T10:39:55Z,I think it would be rare to find a game of football where this does not happen…,0
2013-01-16T23:21:41Z,"Bonjour, mon mail est thiebautgunter@hotmail.com",0
2013-01-16T21:28:01Z,c est koi ton mail? j aimerai te contacté merci ,0
2012-11-27T14:06:21Z,MEGLIO 4 GATTI CHE UNA GABBIA DI CONIGLI CHE SANNO SOLO RUBARE,0
2012-11-07T23:09:14Z,siete li' in 4 gatti...hahahaha noi sempre pieno voi sempre vuoto...ciao suini ATALANTA FOREVER,0
