publish_date,title,view_count
2013-05-20T02:58:01Z,Crotone 3-3 Juve Stabia 19/05/2013 2012-13 - 42°,4416
2013-05-19T15:09:46Z,"Fc Crotone | Crotone-Juve Stabia 3-3, il Video",8235
2013-05-18T11:34:29Z,Cesena - Juve Stabia 3-1 Highlights,546
2013-07-21T14:00:19Z,Juan Surraco,2381
2012-09-01T20:38:08Z,torino fc - pescara 3-0 goal di Alessandro Sgrigna,859
2012-09-23T17:35:00Z,Sampdoria Toro 1-1 gol bianchi,1129
2012-09-02T09:07:25Z,Torino - Pescara 3-0 fallo da rigore non sanzionato su Stevanovic,248
2012-10-11T13:54:26Z,Manuel Iori prima di Cesena   Crotone,346
2013-02-16T17:53:05Z,Febbre a 90(www.febbrea90.com). Libertas Scanzano-Calabria Ora: 9-2. Intervista a Rispoli.mp4,64
2012-09-23T16:47:37Z,"Sampdoria - Torino 1-1, 4^giornata serie A, 23/09/2012 ingresso squadre in campo",1415
2012-09-23T13:02:07Z,Seria A Tim - Sampdoria 1 Torino 1 23/8/2012,551
2012-09-23T19:36:01Z,Sampdoria-Torino 1-1 il rigore di Rolando Bianchi,962
2012-09-23T19:38:00Z,Sampdoria-Torino 1-1 la corsa sotto la curva,524
2012-10-05T09:32:50Z,BC SIRIUS Tg-Mures - Mondial repr. II-a etapa III-a faza jud. -  Gimn. Serafim Duicu Tg-Mures,33
2012-09-21T09:35:21Z,Conferenza stampa infrasettimanale: Fabio Meduri,741
2012-10-05T09:34:03Z,BC SIRIUS Tg-Mures - Mondial repr. I-a etapa III-a faza jud. -  Gimn. Serafim Duicu Tg-Mures,58
