publish_date,title,view_count
2013-01-04T01:32:26Z,Pré - CAN 2013  Aigles du Mali 28 Pré - sélectionnés,24487
2013-03-16T16:56:30Z,• Aigles du Mali 11 • Qualifications World cup 2014 • HD •,6177
2013-01-10T00:28:55Z,°°º CAN 2013 Mali_23 Aigles ºº°,4850
2013-02-15T16:20:21Z,L&#39;urlo degli Spartani - L&#39;inno del Magico Taranto,5047
2012-08-28T22:16:10Z,Bougadary FOMBA,304
2013-05-02T15:16:41Z,Taranto - Tutti i gol di Hernan Rodolfo Molinari | By ZeppnnTapaΣ,835
2013-01-10T14:36:12Z,Olympique Lyonnais / Quoi de neuf pour le mercato ?,121
2013-07-06T21:30:46Z,Elimin. CHAN 2014 : Mali 3-1 Guinée / Le résumé du match,91714
2013-06-05T07:02:43Z,26 J CFA 2     ES WASQUEHAL - ICF CROIX,831
2012-12-08T16:26:23Z,En Attendant La ... CAN 2013 Aigles du Mali HD,12343
2013-04-11T19:17:48Z,Bayonne Rodez J28 2012-2013,316
2013-06-23T22:09:06Z,"22.06.2013 - Orlando City (EUA) 3 x 4 Fluminense - Amistoso - 1º gol, Gum",262
2012-11-05T14:25:37Z,0 a 0 tra Cavese e Savoia,537
2012-08-28T22:35:05Z,La presentazione di Mario Raso e Marco Testa,384
2013-06-02T15:12:25Z,SEKOU DOUMBIA SAUDIA 1,554
2012-10-03T18:38:06Z,FOOTAFRICA  INTER NET,2016
2012-11-08T21:45:51Z,Moussavou BILLA INTERROGE Alain TRAORE sur son debut de saison à Lorient,3088
2013-06-02T08:35:31Z,Yacouba Sylla Aston Villa ) explique sa première sélection avec les Aigles du Mali,4677
2012-11-04T13:09:21Z,CENTRE SADIO DIARRA ( MALI ),270
