publish_date,title,view_count
2012-11-08T14:14:51Z,Face à face : Appiah - Mendy,9877
2012-10-28T20:47:47Z,"(8e) Coupe de la Ligue, ASM FC - ESTAC, le point presse",2623
2012-10-27T22:00:12Z,AS Monaco FC - FC Nantes (0-2) - Le résumé (ASM - FCN) / 2012-13,20618
2012-10-27T17:15:22Z,"J12 ASMFC-FC NANTES, LES REACTIONS",3928
2012-11-08T19:58:48Z,"(J14) ASM FC - AJA, le point presse",1620
2012-10-08T23:51:59Z,"(J10) ASMFC-LB CHATEAUROUX, les réactions",2328
2013-07-11T06:09:42Z,Henrik Appiah football skills,475
2012-08-09T05:29:29Z,Kickers Offenbach - Arminia Bielefeld 08.08.2012 ( 1-3 ),3025
2012-12-20T00:16:17Z,Henrik Appiah,586
2012-10-20T16:00:40Z,SV Wehen Wiesbaden - Arminia Bielefeld  20.10.2012 ( 0 - 1 ),2090
2012-10-20T17:54:36Z,hr: SV Wehen Wiesbaden - Arminia Bielefeld 20.10.2012 ( 0 - 1 ),2358
2013-05-10T19:28:32Z,Wywiad z Saidim,2456
2013-06-10T12:49:54Z,SHAKHTAR DONETSK Douglas Costa finess shot 70mins,103
2012-08-03T12:59:49Z,kenneth saief,165
2012-08-03T14:00:24Z,kenneth saief,1052
2012-11-21T21:25:38Z,Interview d&#39;Andreas Wolf,3091
2013-01-29T03:32:15Z,Wesley Sneijder arrives at Galatasaray,1638
2012-09-15T15:46:36Z,Arminia Bielefeld - Babelsberg 03 (3-0),6277
2012-10-14T09:29:04Z,Avedøre - BGA KTS CUP 2012,134
2012-09-28T10:19:46Z,SETH ANKOMAH KYEI BAFFOUR,1135
2012-10-09T13:35:02Z,B-Junioren 1899 Hoffenheim: Adnaan Hafiz,1109
2012-09-20T08:58:51Z,Christopher Mahrt (Niendorfer TSV) &amp; Olaf Poschmann tippen den 8. Spieltag der Oberliga | ELBKICK.TV,557
