published-time,comment,likes
2012-11-08T19:28:43Z,Mendy meilleur Monégasque avec YFC en ce moment,0
2012-11-08T16:19:29Z,"Excellente vidéo ! Et très bon état d'esprit, continuez comme ça les gars !!",0
2012-11-08T14:52:16Z,mendy futur grand joueur ,0
2013-07-27T16:09:26Z,pffff tu dit des conneries,0
2013-04-05T13:11:36Z,Nantes c'est Nantes !! :),1
2013-03-12T00:59:53Z,mdr oui c'était logique avec Kita au sifflet...,1
2013-02-14T16:55:04Z,a 0.10 sa c'est de l'ultra monégasque lol,2
2013-01-09T23:05:27Z,LOL merci l'arbitre,0
2012-11-16T12:59:12Z,"Nantes à bcp de chance sur ceux match mais bon Monaco et meilleur dans le Jeu et ca ce voit sur tous ses matchs
",0
2012-11-03T20:14:49Z,C'est fait pour la confirmation :p,0
2012-11-02T10:58:06Z,C'est un très bon le Djordjevic franchement ! Gg Nantes ! J'espère qu'il vont continuer comme çà et déjà confirmer par une victoire contre Angers à la Beaujoir lors de la prochaine journée. :),1
2012-11-01T23:11:49Z,"L'arbitrage fait partie du foot les gars, c'est dans les deux sens, n'allez pas dire que vous n'avez jamais été avantagé par l'arbitrage!! Allez NANTES!! <3",0
2012-11-01T20:48:22Z,Je pense que Monaco montra en L1,0
2012-11-01T20:47:38Z,Allez les jaunes!!!!!!!,0
2012-10-30T11:47:14Z,"meme si Monaco méritait Nantes a été réaliste et c'est quand meme Djordjevic qui a été élu meilleur du mois et pas Touré.
Aller Nantes la L1 c'est pour l'anné prochaine avec Monaco je pense.",0
2012-10-30T11:45:39Z,pfff arbitre==== 0 ! ,0
2012-10-29T09:31:20Z,"Match volé !!!!!
aller l'ASM",0
2012-10-29T07:59:44Z,"Y'a aucune compensation arbitrale sur ce match çà n'a été que dans un sens. même à 2-0 il oublie une faute flagrante à 18m pour un coup franc idéalement placé.
Nantes a été réaliste mais NON ce n'est pas tout",0
2012-10-29T06:51:53Z,Monaco aurais pus gagner 3-1 mais bon c'est comme ca... allez NANTES !! et vener nombreuxa la Beaujoire samedi prochain pr le derbi Nantes sco angers !!!!,0
2012-10-28T20:58:18Z,"L'ASM s'est volé un but, 2 pénos (voire même trois avec la faute de Madouni sur Carrasco). Mais Nantes gère tout de même bien son match, si on met les erreurs d'arbitrage de coté. Je comprends la déception des Monégasques. Après, les erreurs d'arbitrage, ça arrive. Une fois, ça nous est favorable, une fois non. Mais n'ayez crainte, je pense que l'ASM montera cette année. En espérant que Nantes également.
Allez les canaris !",0
2012-10-28T16:53:50Z,"ya pas de coup de coude sur le but refusé,et la main est tellement flagrante que si elle n'est pas sifflée on ne sifflera plus aucune main dans la surface.nantes a bien joué le coup et merite sa victoire parce qu on a pas été bons non plus mais faut pas déconner,on se fait voler au moins 1 but au moment ou on dominait le plus....",0
2012-10-28T16:28:00Z,meme les joueurs nantais on dit kil on eu de la chance... a 2 0 pour asm c t pas le meme match (et je suis pas monégasque),0
2012-10-28T16:18:52Z,"lol quelle bonne foi les Monégasques, véreux juste parce que vous pensiez vous imposer facilement, l'argent ne fait pas tout!! Pour le but refusé, c'est un coup de coude dans le dos de Cichero qui est sanctionné ce n'est pas un hors jeu! La main elle y est, ne pas oublier aussi qu'en fin de première période il y a également une main Monégasque non sifflée dans la surface, donc un partout au jeu des pénaltys non accordés. Nantes a été réaliste, c'est tout",1
2012-10-28T15:29:08Z,Quel arbitrage scandaleux !,0
2012-10-28T15:11:38Z,du grand n import quoi l arbitrage nantes mérite pas la victoire même pas le nul et surtout pas la l 1,0
2012-10-28T14:50:25Z,"Ouaaaah ce vol arbitral !!  
",1
2012-10-28T09:54:19Z,FC NANTES !! <3<3<3<3...,0
2012-10-28T08:43:06Z,une position de hors jeu peu évidente... il est bête le commentateur ou il fait exprès... meme la sur la vidéo on voit qu'il est pas hors jeu et que le but doit être accepté... sur le but de Nantes par contre il dit pas qu'il est hors jeu ;) quelle bon commentateur et arbitre!!,0
2012-10-28T07:50:12Z,"Resultat logique.
Nantes bientôt en L1 :p",0
2012-10-27T22:19:39Z,un vole  pour la journée de l'arbitrage bravo ..... ,0
2012-11-09T11:39:57Z,"Une victoire ou rien , faut nous relancer ! En plus Auxerre n'y arrive pas a l'extérieur , une victoire seulement",0
2012-08-09T14:21:10Z,"hahaha
",1
2012-08-09T13:46:34Z,"Der Bielefelder Erstzkeeper Ortega hat glaube ich einen Zweiten Ball aufs Spielfeld geschmissen (und dafür gelb gehen) . Möchte mich da aber nicht festlegen, habe selber nur die Radioreportage hören können ;)",0
2012-08-09T12:29:45Z,1:26 - 1.28 Offenbacher Koickers ? ,0
2012-08-09T10:50:57Z,Wegen einem Einwurf glaube.,0
2012-08-09T08:02:40Z,Danke :-),0
2012-10-20T21:55:29Z,"sehr Schönes Spiel
Ach und der Elfer dafür war das kein Elfer in Darmstadt glaublich:D das gleicht sich aus",0
2012-10-20T21:42:57Z,bielefeld wird immer benachteiligt klarer elfmeter !!!,0
2012-10-20T17:26:07Z,einfach super und krämer (wie immer) sympatisch  :),0
2012-10-21T18:50:04Z,"Geil is auch die Stelle 0:08 - 0:13. Man sieht so die Wiesbaden-""Fans"" und hört nur: Deutscher Sportclub! :D

Nur der DSC ♥",0
2012-09-15T16:31:41Z,"hammer geil
",0
2012-12-29T13:17:16Z,good player,0
2012-09-30T15:46:33Z,Love it !!!! it is about time.,0
