published-time,comment,likes
2012-12-12T16:41:15Z,"moi chuis a fond pour dijon mais la javou que les nantais ont etes plus fort
",1
2012-12-10T22:12:57Z,Le tacle de Bamba est inadmissible !,0
2012-12-03T21:12:28Z,Nantes va allez en Ligue 1 ( De la part D'un Supporters Marseillais ),1
2012-11-01T23:17:20Z,Allez NANTES!! <3 Direction la ligue1!!,1
2012-11-01T20:48:48Z,Allez les jaunes!!!!!,1
2012-10-23T13:46:06Z,Vive Nantes !!!,1
2012-10-26T13:37:33Z,"mauvaise periode de l'equipe national, merci kho ala la video
",1
2013-02-24T09:30:46Z,Le but est totalement valable ! C'est ce qu'on appelle se faire voler,1
2013-01-19T18:42:01Z,trop fort mon cousin a moi aussi tu peux etre fier de toi continue ainsi moi (marine) et léa on te supporte fort a carpantras. vive les philippoteaux,1
2013-01-16T08:37:34Z,romain mon cousin jsui trop fier de toi !! revien moi vite la famille quon fete tous sa meme si on la deja féter ;) lache rien c toi le meilleur depuis petit jte le di lache rien rien riennnnn !!! jtembrasse la famille jtappel ce soir ,1
2013-01-14T16:23:45Z,Le Buteur d'Apt c'est le meilleur ! ,1
2013-01-12T22:38:29Z,cette chaine fait du bon boulot,1
2013-02-20T14:59:17Z,"c'est moche comme but tout de même ....
",0
2013-02-23T21:09:35Z,Dage Munegu,0
2013-02-21T09:12:52Z,DAGHE MUNEGU,0
2013-02-19T17:16:29Z,C'est bien sans les commentaires audio,0
2013-01-27T16:27:53Z,Hilário!!!!kkkkkkkkkkkkkkkkkkkkkkkkkkkkkkkkkk!!!!!!!!Choro de rir quando vejo essa cena.Ficará entre as mais engraçadas de 2013.E olha que o ano só está começando.,3
2013-04-20T22:03:39Z,Dijon a ete meilleur alors que laval na rien foutu fuck laval!!!!!,0
2013-03-22T17:43:23Z,ALLEZ LAVAL!!,0
2012-11-25T10:08:04Z,ohhh vous avez fumé quoi ??? Dijon a dominé qui ? Il manque au moins 3 ou 4 grosses actions lavalloises la ! Du grand n'importe quoi ! ,0
2012-11-25T09:44:05Z,Dijon n'a pas dominé autant que les commentaires le disent.,0
2012-11-25T09:26:24Z,Yeahhhh super victoire !!,0
2013-06-01T21:58:47Z,Venez sur ma chaine pour voir ma vidéo du top des buts du DFCO en 2012-2013 ;) Merci,0
2013-01-08T17:03:47Z,"AUXERROIS <3
",0
2013-01-02T21:25:53Z,T'habite a Dijon ?,0
2012-12-22T10:22:40Z,0:57 c'est une tete de Koné et non pas de Tavares,0
2012-12-12T16:51:34Z,"DIJONNAIS
",0
2012-12-08T22:44:25Z,Allez Dijon! ,0
2013-02-04T01:07:24Z,ya surtout beaucoup de but,0
2012-08-11T13:10:24Z,"le pro
",0
2013-04-28T12:06:10Z,"well, his natural position is CF.but it does not mean you'd have to play pazzini or balo out of position, allegri can use other formations that involve 2 main strikers  like 4-4-2 or 4-3-1-2 not just 4-3-3 depending on the oponent's tactics.",0
2013-04-26T19:32:21Z,"Right, we'll just put Balo or Pazzini on the wing then?",0
2013-04-26T15:22:02Z,"He needs to play as a center forward and not a winger, if Milan want to make the best out of his abilities.",0
2013-04-26T13:57:49Z,He needs to play against catania,0
2013-04-26T12:34:29Z,U need to score ;),0
