publish_date,title,view_count
2012-11-27T12:32:55Z,Bamba sinaly Goal scorer - 00353-87-3234630,1151
2012-10-23T10:00:22Z,FC Nantes - Dijon FCO (2-0) - Le résumé (FCN - DFCO) / 2012-13,16151
2012-10-25T19:28:38Z,Algérie 0-3 Côte d&#39;Ivoire (CAN 1992 Sénégal),113328
2013-02-23T23:00:14Z,Clermont Foot - Dijon FCO (0-0) - Le résumé (CFA - DFCO) / 2012-13,966
2013-01-12T19:54:44Z,Dijon FCO - Le Mans FC (3-0) - Le résumé (DFCO - LEMANS) / 2012-13,3850
2012-12-15T23:00:13Z,Dijon FCO - FC Istres (3-1) - Le résumé (DFCO - FCIOP) / 2012-13,2353
2012-12-22T23:16:45Z,AC Arles Avignon - Dijon FCO (1-1) - Le résumé (ACA - DFCO) / 2012-13,2242
2013-02-19T02:55:27Z,CS Sedan - Dijon FCO (0-1) - Le résumé (CSSA - DFCO) / 2012-13,881
2013-02-19T11:00:50Z,Dijon FCO - AS Monaco FC (0-2) - Le résumé (DFCO - ASM) / 2012-13,8383
2013-01-26T04:46:58Z,Burkina Faso goalkeeper just innocence itself-Burkina Faso 4-0 Ethiopia-25.01.13.,17595
2013-03-02T23:00:14Z,Dijon FCO - Chamois Niortais (1-1) - Le résumé (DFCO - NIORT) / 2012-13,1797
2013-02-09T23:00:28Z,GFC Ajaccio - Dijon FCO (0-2) - Le résumé (GFCA - DFCO) / 2012-13,2068
2012-11-24T23:00:15Z,Stade Lavallois - Dijon FCO (3-0) - Le résumé (LAVAL - DFCO) / 2012-13,2666
2012-12-01T23:00:32Z,Dijon FCO - SM Caen (1-0) - Le résumé (DFCO - SMC) / 2012-13,3400
2013-02-02T23:00:13Z,Havre AC - Dijon FCO (3-0) - Le résumé (HAC - DFCO) / 2012-13,3899
2012-11-10T23:00:16Z,Dijon FCO - Nîmes Olympique (2-1) - Le résumé (DFCO - NIMES) / 2012-13,1450
2013-01-19T23:00:13Z,Tours FC - Dijon FCO (3-1) - Le résumé (TOURS - DFCO) / 2012-13,3416
2012-08-11T13:01:59Z,falikou en action acte 3.wmv,1506
2012-10-23T00:00:11Z,Conférence de presse FC Nantes - Dijon FCO (2-0) / 2012-13,589
2012-10-28T23:00:30Z,Goal EDUARDO (45&#39;) - FC Lorient - AC Ajaccio (4-4) / 2012-13,632
2013-04-26T09:28:29Z,Niang: &#39;Keep winning&#39;,1213
2013-01-04T00:08:33Z,MINI BALOGOU vs. UJA Maccabi Paris,249
2012-09-13T06:33:24Z,Adama Fofana ruošiasi grįžti į aikštę,969
2013-07-25T11:49:38Z,CV Toumany,609
2013-04-08T19:38:27Z,CCAF-16es de finale retour  ASEC mimosas -RC.Kadiogo 1-1 AGG(3-2),596
2012-12-27T16:49:25Z,camara petit collo 2011/2012,252
2013-07-19T06:45:19Z,jean charle attaquant du stade d&#39;abidjan,199
