publish_date,title,view_count
2013-05-12T22:00:18Z,Goal Lindsay ROSE (68&#39;) - Valenciennes FC - Stade Rennais FC (4-1) / 2012-13,580
2013-05-12T19:54:11Z,VAFC-Rennes ovation pour lindsay rose,2219
2013-02-03T23:00:44Z,Girondins de Bordeaux - Valenciennes FC (2-0) - Highlights (FCGB - VAFC) / 2012-13,910
2013-05-12T22:00:20Z,Valenciennes FC - Stade Rennais FC (4-1) - Highlights (VAFC - SRFC) / 2012-13,548
2013-02-10T23:00:46Z,Valenciennes FC - Stade Brestois 29 (2-1) - Highlights (VAFC - SB29) / 2012-13,712
2012-11-10T23:00:16Z,AC Arles Avignon - Stade Lavallois (0-3) - Le résumé (ACA - LAVAL) / 2012-13,2142
2013-05-12T22:00:11Z,But Lindsay ROSE (68&#39;) - Valenciennes FC - Stade Rennais FC (4-1) / 2012-13,9487
2013-05-06T00:16:47Z,Paris Saint-Germain - Valenciennes FC (1-1) - Highlights (PSG - VAFC) / 2012-13,12395
2013-02-03T23:00:32Z,Girondins de Bordeaux - Valenciennes FC (2-0) - Le résumé (FCGB - VAFC) / 2012-13,8878
2013-05-12T22:00:19Z,Valenciennes FC - Stade Rennais FC (4-1) - Le résumé (VAFC - SRFC) / 2012-13,18641
2013-02-10T23:00:46Z,Valenciennes FC - Stade Brestois 29 (2-1) - Le résumé (VAFC - SB29) / 2012-13,12011
2013-05-12T22:00:16Z,But Maor MELIKSON (39&#39;) - Valenciennes FC - Stade Rennais FC (4-1) / 2012-13,486
2013-05-27T03:23:24Z,Valenciennes FC - ESTAC Troyes (2-1) - Highlights (VAFC - ESTAC) / 2012-13,642
2013-01-28T22:59:49Z,Valenciennes FC - Olympique Lyonnais (0-2) - Highlights (VAFC - OL) / 2012-13,879
2013-02-17T23:00:31Z,Olympique de Marseille - Valenciennes FC (1-0) - Highlights (OM - VAFC) / 2012-13,3401
2013-04-21T22:00:19Z,Stade de Reims - Valenciennes FC (0-1) - Highlights (SdR - VAFC) / 2012-13,446
2013-05-12T23:54:11Z,Ligue 1 - Week 36 : zapping / 2012-13,466
2013-05-12T22:00:18Z,Goal Maor MELIKSON (39&#39;) - Valenciennes FC - Stade Rennais FC (4-1) / 2012-13,2037
2013-05-27T02:00:30Z,Valenciennes FC - ESTAC Troyes (2-1) - Le résumé (VAFC - ESTAC) / 2012-13,14479
2013-04-07T22:00:20Z,Montpellier Hérault SC - Valenciennes FC (3-1) - Highlights (MHSC - VAFC) / 2012-13,1954
2013-04-21T22:00:18Z,Stade de Reims - Valenciennes FC (0-1) - Le résumé (SdR - VAFC) / 2012-13,9606
2013-05-12T23:56:42Z,Ligue 1 - Week 36 Highlights / 2012-13,4252
2013-05-06T18:42:22Z,Petit Journal avec VAFC,2745
2013-03-17T23:00:45Z,FC Sochaux-Montbéliard - Valenciennes FC (1-1) - Highlights (FCSM - VAFC) / 2012-13,616
2013-05-12T22:00:11Z,But Jonathan PITROIPA (31&#39;) - Valenciennes FC - Stade Rennais FC (4-1) / 2012-13,23638
2012-12-12T23:00:14Z,Stade Lavallois - Angers SCO (1-4) - Le résumé (LAVAL - SCO) / 2012-13,3315
2013-05-06T00:17:23Z,Paris Saint-Germain - Valenciennes FC (1-1) - Le résumé (PSG - VAFC) / 2012-13,77759
2012-12-22T23:20:53Z,Stade Lavallois - Havre AC (1-2) - Le résumé (LAVAL - HAC) / 2012-13,2787
2012-11-03T23:56:42Z,Stade Lavallois - FC Istres (2-1) - Le résumé (LAVAL - FCIOP) / 2012-13,1159
2013-03-17T23:00:47Z,FC Sochaux-Montbéliard - Valenciennes FC (1-1) - Le résumé (FCSM - VAFC) / 2012-13,4963
2013-05-12T22:00:13Z,Goal Jonathan PITROIPA (31&#39;) - Valenciennes FC - Stade Rennais FC (4-1) / 2012-13,1599
2013-05-12T23:03:48Z,Ligue 1 - Week 36 : Goals compilation / 2012-13,797
2013-05-12T23:46:26Z,PSG french champion 2012-2013,4383
2013-02-17T23:00:29Z,Olympique de Marseille - Valenciennes FC (1-0) - Le résumé (OM - VAFC) / 2012-13,26419
2013-04-14T22:00:22Z,Valenciennes FC - AS Saint-Etienne (0-0) - Highlights (VAFC - ASSE) / 2012-13,356
2012-10-27T22:00:12Z,Le Mans FC - Stade Lavallois (2-0) - Le résumé (LEMANS - LAVAL) / 2012-13,5535
2013-04-28T22:00:23Z,Valenciennes FC - AS Nancy-Lorraine (0-0) - Highlights (VAFC - ASNL) / 2012-13,302
2013-05-12T22:58:42Z,Ligue 1 - Tous les buts de la 36ème journée / 2012-13,14600
2013-05-12T23:50:55Z,PSG champion 2013 : la joie des Parisiens,82578
2013-05-12T22:00:13Z,Goal José SAEZ (90&#39; +1) - Valenciennes FC - Stade Rennais FC (4-1) / 2012-13,181
2013-05-12T13:50:35Z,Interview de fin de match : Valenciennes FC - Stade Rennais FC (4-1) / 2012-13,394
2013-05-12T22:00:18Z,Goal Kenny LALA (83&#39;) - Valenciennes FC - Stade Rennais FC (4-1) / 2012-13,500
2013-04-28T22:00:21Z,Valenciennes FC - AS Nancy-Lorraine (0-0) - Le résumé (VAFC - ASNL) / 2012-13,3717
2012-12-01T23:00:32Z,RC Lens - Stade Lavallois (1-0) - Le résumé (RCL - LAVAL) / 2012-13,3982
2013-05-12T23:25:13Z,Ligue 1 - Week 36 : Top goals / 2012-13,2676
2013-05-12T22:00:17Z,But José SAEZ (90&#39; +1) - Valenciennes FC - Stade Rennais FC (4-1) / 2012-13,1434
2013-01-27T23:00:36Z,Valenciennes FC - Olympique Lyonnais (0-2) - Le résumé (VAFC - OL) / 2012-13,11156
2013-05-12T22:00:11Z,But Kenny LALA (83&#39;) - Valenciennes FC - Stade Rennais FC (4-1) / 2012-13,4198
2012-10-20T22:00:12Z,Stade Lavallois - Tours FC (2-2) - Le résumé (LAVAL - TOURS) / 2012-13,1929
2012-11-24T23:00:15Z,Stade Lavallois - Dijon FCO (3-0) - Le résumé (LAVAL - DFCO) / 2012-13,2666
