publish_date,title,view_count
2012-12-19T00:03:12Z,Chamois Niortais - CS Sedan (1-3) - Le résumé (NIORT - CSSA) / 2012-13,2115
2013-04-13T22:00:15Z,CS Sedan - GFC Ajaccio (4-1) - Le résumé (CSSA - GFCA) / 2012-13,6527
2013-01-12T19:38:22Z,Châteauroux - CS Sedan (1-1) - Le résumé (LBC - CSSA) / 2012-13,1155
2013-04-30T10:00:49Z,CS Sedan - AS Monaco FC (1-1) - Le résumé (CSSA - ASM) / 2012-13,6463
2013-04-06T22:00:13Z,RC Lens - CS Sedan (2-2) - Le résumé (RCL - CSSA) / 2012-13,6543
2013-02-19T02:55:27Z,CS Sedan - Dijon FCO (0-1) - Le résumé (CSSA - DFCO) / 2012-13,881
2013-05-11T22:00:12Z,CS Sedan - Chamois Niortais (0-2) - Le résumé (CSSA - NIORT) / 2012-13,2201
2013-02-09T23:00:29Z,SM Caen - CS Sedan (2-0) - Le résumé (SMC - CSSA) / 2012-13,3217
2013-05-18T22:00:11Z,FC Nantes - CS Sedan (1-0) - Le résumé (FCN - CSSA) / 2012-13,24907
2013-02-02T23:00:13Z,CS Sedan - Clermont Foot (1-1) - Le résumé (CSSA - CFA) / 2012-13,2108
2013-03-30T23:00:14Z,CS Sedan - EA Guingamp (1-2) - Le résumé (CSSA - EAG) / 2012-13,3712
2013-04-20T22:00:15Z,Havre AC - CS Sedan (1-1) - Le résumé (HAC - CSSA) / 2012-13,1823
2013-01-26T23:00:13Z,Nîmes Olympique - CS Sedan (2-1) - Le résumé (NIMES - CSSA) / 2012-13,1788
2012-12-23T23:00:12Z,CS Sedan - FC Nantes (0-0) - Le résumé (CSSA - FCN) / 2012-13,5229
2013-05-04T22:00:10Z,Dijon FCO - CS Sedan (4-2) - Le résumé (DFCO - CSSA) / 2012-13,5786
2013-03-02T19:34:47Z,CS Sedan - AJ Auxerre (1-0) - Le résumé (CSSA - AJA) / 2012-13,1804
2013-05-25T22:00:36Z,CS Sedan - Angers SCO (2-2) - Le résumé (CSSA - SCO) / 2012-13,3902
2013-03-30T18:42:02Z,Conférence de presse CS Sedan - EA Guingamp (1-2) / 2012-13,122
2013-02-23T23:00:14Z,CS Sedan - Tours FC (1-1) - Le résumé (CSSA - TOURS) / 2012-13,2079
2013-04-13T19:31:22Z,Conférence de presse CS Sedan - GFC Ajaccio (4-1) / 2012-13,143
2013-06-30T16:33:49Z,Lyon-Brest France Ligue 1 (Makoun) 21/08/2010,230
2013-01-27T23:00:11Z,But Eden BEN BASAT (61&#39;) - ESTAC Troyes - Stade Brestois 29 (2-1) / 2012-13,873
2013-04-01T15:57:16Z,SCA FOOTBALL,115
2013-04-25T08:26:01Z,AS Saint-Etienne - AC Ajaccio (4-2) - Highlights (ASSE - ACA) / 2012-13,2607
2013-03-03T23:00:52Z,Stade Brestois 29 - Olympique Lyonnais (1-1) - Highlights (SB29 - OL) / 2012-13,2884
2013-05-10T08:55:47Z,Le Variétés Club de France contre l&#39;Homophobie,274
2013-06-30T11:59:46Z,Toulouse-Brest Highlights 07/08/2010 France Ligue 1,157
2013-02-28T16:46:12Z,Stade Brestois: avant Brest-Lyon,413
2013-03-11T17:14:05Z,Un joueur se moque du goal avant un coup franc - But de cabaye !,544850
2013-03-06T11:53:08Z,LFP 2012/2013 Brest-Olympique Lyonnais 1-1 (Goals),32
2012-08-27T13:43:33Z,But Rod FANNI (90&#39;) - Olympique de Marseille - FC Sochaux-Montbéliard (2-0),227
2012-11-03T15:56:18Z,les coufran de C.ronaldo,2069
2012-08-27T12:19:22Z,Résumé de la 3ème journée Ligue1,559
2012-08-17T22:59:42Z,Gaetan Charbonnier,1298
2012-09-11T19:07:54Z,Zizou au Stade Océane / 02,1221
2013-03-02T22:18:13Z,Göteborg / Mekhissi &quot;prend ce qu&#39;il y&#39;a à prendre&quot; - 02/03,683
2012-10-21T16:38:38Z,Olympique Lyon - Brest 1-0 résumé (21-09-2012) fifa12,381
2013-02-03T19:52:55Z,Bellengreville-chemin vert 31-01-2013 1ere mi-temps.wmv,79
2013-03-12T16:36:39Z,Poule SHC - Lundoluka Megan (SB77) vs Arsene Francois (AASF),190
2013-03-13T04:50:53Z,Demi DHC Fabien JULIEN (ECL) Mickael KHENNAVONG (SB77) Vs Vincent BLONDEAU (CSCB) M.DACLINAT (CBP),233
