published-time,comment,likes
2013-03-18T19:40:53Z,ALLEZ LAVAL,0
2012-11-11T17:51:15Z,c'est bon sa allez laval :D,0
2012-11-11T15:54:58Z,tj derière L'ACA meme dans C moment La,0
2012-11-11T08:11:42Z,Quelle belle victoire ! Ça fait du bien au moral...,0
2013-05-10T17:04:42Z,shit ref,0
2013-05-10T11:52:33Z,That ref needs to get laid.,0
2013-05-06T22:18:13Z,"I know Ibra didn't score, but you could've shown the brilliant chances he made.",0
2013-05-06T11:04:31Z,Like always in this fucking Ligue 1.,0
2013-05-06T10:01:38Z,The ref is a fucking disgrace!,0
2013-05-06T06:52:46Z,French refs,0
2013-02-05T21:43:50Z,Bordeaux ne se résumé qu'à Cédric Carrasso cette saison encore ^^,0
2013-02-04T21:04:36Z,Bordeaux <3,0
2013-02-04T16:36:27Z,AR-----SEN----AAAAAAAALLLL,0
2013-02-04T16:32:02Z,"saivet lache 3 frappes qui rasent le montant, mais pas dans le résumé ... ",0
2013-02-04T03:40:18Z,GI-----RON-----DINSSSSSSS,0
2013-05-17T20:06:51Z,"Lol Rennes prend le plus de rouges mais est l'équipe la plus fair play... T'enlève les 3 cartons rouges contre Nice, les 2 contre Paris! Il reste plus grand chose...",0
2013-05-15T18:30:33Z,Le geste de Boye est completement nul !,0
2013-05-13T15:58:00Z,"Haha j'admire valenciennes quel mental ! Ils ne s'avouent jamais vaincus, ça c'est une grande équipe ! (Ps je suis dijonnais, mais cette équipe m'impressionne :D)
Faut dire aussi que rennes est à 9 contre 11 et que plein de titulaires sont absents :/",3
2013-05-12T23:18:21Z,"Kenny Lala, le meilleur !",0
2013-02-11T10:10:02Z,Sort tes mains de ton short Thébaux.. Tu l'aurais eu..,0
2013-01-30T11:10:45Z,Alors les Valenciennoise c comment xD?!!,0
2013-05-29T17:45:08Z,Qui moi ? (Je suis de saint saulve aussi),1
2013-05-27T19:31:13Z,Toi tu connait rien sanchez toi rester,0
2013-05-27T13:14:18Z,Chaque match c'est pareil ils savent pas faire une passe dans les pieds ni contrôler un ballon !,1
2013-05-27T13:13:52Z,Si,0
2013-05-27T11:00:11Z,ducourtioux oui mais pas sanchez ...,1
2013-05-27T08:09:13Z,"Carlos Sanchez, David Ducourtioux : barrez-vous !!!!!",0
2013-05-27T04:15:51Z,ALLEZ VA !!!,1
2013-04-08T06:48:00Z,Allez Paillade !,0
2013-06-11T20:14:24Z,And last,0
2013-05-14T01:03:00Z,OM's keeper is solid and Huge Lloris played in this league for a long time. So theyre not all shit,0
2013-05-13T13:41:59Z,"But people watch ligue 1 because of exciting stuff like that long shot, not because it has the best players or the best quality of football, which in my opinion, makes the league better.",0
2013-05-13T06:29:23Z,"Wow, the goal at 2:00 !!!!!!!!",0
2013-05-13T03:18:29Z,The lot are still better than EPL's. Serie A perhaps has better.,0
2013-05-13T00:40:14Z,Love this channel,0
2013-05-13T00:05:20Z,First :),0
2013-02-03T13:07:09Z,"Allez Angers !
",2
2013-07-12T11:56:24Z,c'est douchez,1
2013-07-06T16:01:11Z,pas Sirigu. douchez,1
2013-06-06T19:48:10Z,"Allez VA !
",0
2013-06-02T16:15:02Z,Bouffon l'arbitre :),0
2013-05-15T15:55:50Z,"Tres bon arbitre, toi pas être informé des règles. Moi te dire interdit toucher arbitre. C tout . Apres toi déçu , autre chose. Mais pas mauvais arbitre , comprend toi?
",0
2013-05-15T15:51:45Z,t'as que ça a faire !!! ,0
2013-05-15T15:50:31Z,c'est toi la merde,0
2013-05-15T02:06:53Z,arbitre de merde  ! scandaleux !,0
2013-05-14T19:43:33Z,bah non le vrai il sais pas parler francai,0
2013-05-14T19:42:54Z,cool tu va fair quoi,0
2013-05-14T15:32:42Z,"C pas hyper cool de la part de l'arbitre, mais bon, le PSG s'en remettra, ne vs inquiétez pas.Avec Beckham, Ibrahimoviç et les petrodollars qatari...",0
2013-05-14T15:28:49Z,"T le vrai ?
",0
2013-05-12T09:38:23Z,Je te parle du club ...,0
2013-05-11T10:29:54Z,MORDOR JEDLINA ZDROJ,0
2013-05-10T19:32:53Z,Chut t pas thiago sliva car et est sur twitter et facebook quand il parle!!,0
2013-05-10T18:08:32Z,o arbitro quase já ia com o cartão na mao! é do Lyon de certeza ou muito provavelmente o platini já anda a meter os cordelinhos a funcionar o maior corrupto do futebol que eu alguma vez vi!,0
2013-05-10T12:59:02Z,A 0.48 C'est pas Sirigu au but mais Douchez ...,0
2013-05-10T00:34:34Z,J'ai pas fait exprès c'est pas juste je vais me venger !,0
2013-05-09T19:12:06Z,CASTRO ABRUTI !,0
2013-05-09T16:42:07Z,"l arbitre c l arbitre ok 
on ne touche pas a l arbitre",0
2013-05-09T13:41:19Z,Pour le but de Valenciennes la voix off dit que Salvatore Sirigu repousse...Lol suspendu et des tribunes difficile !,0
2013-05-09T01:05:24Z,Mdr l'alcool derrière beckham,0
2013-05-08T21:57:15Z,ochoa est mexicain..,0
2013-05-08T19:55:52Z,fais attention aux fautes d'orthographes mec,0
2013-05-08T19:41:42Z,C'est moi ou il a dit que Penneteau est Corse. Il a du confondre avec Ochoa...,0
2013-05-08T10:38:46Z,"Comment dire l'arbitrage est super bon du début à la fin... Peut-être que Paris ne semble pas très fair play mais quand on leur met des bâtons dans les roues ils réagissent. C'est tout à fait normal, je pense que l'arbitre devrait se prendre une sanction. Deux fois en deux semaines, je trouve cela très moche et l'arbitre devrait perde sa licence... Après, il se plaignent des chants parisiens qui les insultent ? Je pense pas que cela soit immérité. C'est mon point de vue ",0
2013-05-08T07:19:51Z,Allez Marseille,1
2013-05-07T22:18:33Z,"2 matchs ferme pour Thiago Silva c'est juste une honte. La fédé laisse faire ses arbitres qui à chaque matchs se décrédibilisent sans jamais les déjuger. Et le pire c'est que ça fait le tour du monde avec Paris, maintenant tout le monde peut voir le niveau arbitrale lamentable.",0
2013-05-07T19:45:47Z,"Non, je suis Troyen ;)",0
2013-05-07T19:38:29Z,"Rien, je corrigeais taccia loris ;)",0
2013-05-07T19:18:02Z,et ?,0
2013-05-07T14:25:29Z,"C'est l'arbitre qui le pousse ?
Aveuglé par une décision qui est justifiée (car écrite dans les règles)...",0
2013-05-07T09:10:26Z,Et toi t'est stéphanois,0
2013-05-07T08:50:44Z,"la fff s'acharne sur le psg 
",0
2013-05-07T08:48:21Z,"ben ouai le mec il commente il sait meme pas que sirigu ne joue pas
",2
2013-05-07T06:25:03Z,L'arbitre est Lyonnais.,0
2013-05-06T20:38:58Z,"wahahahahaha. Au moins ouais, j'adore les bonnes blagues comme les commentaires anti-Aulas.",0
2013-05-06T17:53:48Z,Le prochain match c'est Aulas qui va l'arbitrer. Comme ça on saura tout de suite d'où ça vient...........,0
2013-05-06T17:40:48Z,"Leonardo aurai foutu un coup de coude à l'arbitre. Si c'est le cas le retrait de point est mérité.
Si c'est une simple bousculade, une amende à Leonardo aurai suffit. Bref, de toute façon j'espère que PSG va gagner la ligue 1, malgré tous les malheurs qu'ils subissent.. De toute façon, Leonardo restera pour moi un gros con et ce sera de SA FAUTE si PSG perd son titre (à cause des points perdus). En tant que personne respectable, il doit bien se tenir.

Cordialement, 
Un supporter du LOSC :)",0
2013-05-06T16:53:34Z,0.49 fail c'est pas SIRIGU c'est douchez...,0
2013-05-06T14:36:09Z,un sketch ce match ...,0
2013-05-06T14:28:57Z,enfin pas tt le temps non plus haha*,0
2013-05-06T14:28:42Z,au rugby tout le monde se bastonne à la fin des matches ^^,0
2013-05-06T13:56:30Z,Il faudrait arreter avec les comparisons cons. Au rugby ils se collent des mandalles dans la gueule mais tout le monde trouve ça normal.,0
2013-05-06T13:55:00Z,ptete parce qu'il viens de corse ?,0
2013-05-06T13:53:53Z,y'a meme pas l'action d'ibra son 1v1 dans le resumé,0
2013-05-06T13:42:46Z,"Je sais pas. Les rumeurs disent 5, d'autres 3",0
2013-05-06T13:42:40Z,"Ya que les footeux qui sont choques par ce rouge lol. Dans les autres sports soit tu ne touches pas l arbitre, soit tu prends la douche",0
2013-05-06T13:15:22Z,"Doucement mec, va boire un peu d'Evian.",0
2013-05-06T13:08:43Z,"Les joueurs n'ont qu'à arrêter d'aller pleurnicher devant l'arbitre. On ne discute pas, point.
Verratti et Sirigu avaient carrément abusé la semaine passée. Silva vient encore contester en faisant un geste déplacé, donc pour moi pas de scandale. Arrête de discuter et reste concentré sur ton match, idiot !",0
2013-05-06T12:43:58Z,Lol je voit que tu n'a pas grand argument non plus sauf quelques insultes. Bien sûr que Paris va être champion mais en attendant les règles sont les règles. Tu pourra toujours les contester mais pas les changer. Et ne t'inquiète pas je n'ai pas l’intention de parler plus avec toi je n'ai pas envie de me rabaisser à ton rang. ,0
2013-05-06T12:41:51Z,parce qu'il est d'origine corse,0
2013-05-06T12:35:31Z,"Wanou un peu de respect pour les joueurs surtout que tu te trompes sur verratti. il est jeune fougueux et a un mauvais comportement mais les petits coups non. Motta a evian prend un rouge à cause de petits coups justement.. sinon pourquoi on joue mal encore, on pouvait pas faire un match identique à celui de nice??",0
2013-05-06T12:12:08Z,Et le retrait des points pour le PSG c'est mérité ? je suis scandalisée. ,0
2013-05-06T12:11:20Z,"PARIS va perdre des points je viens d'apprendre à cause de la bousculade de Leonardo sur l'arbitre. Je suis choquée, outrée, scandalisée. Donnez directement le titre à l'OM, ou releguez nous en ligue 2 tant qu'à faire. ",0
2013-05-06T12:06:48Z,"Faudra pas s'étonner si nos meilleurs joueurs déserteront la ligue 1, l'arbitre se prend pour un membre de la famille Windsor (supporter marseillais)",0
2013-05-06T11:37:44Z,Le rouge de Thiago Silva me parait severe. Apres pourquoi a t il parler a l'arbitre alors que l'action de jeu ne s'y pretait pas ? Pourquoi l'arbitre s'est senti agresser ? Tout le fondement de la Commission de discipline sera baser sur ces questions je pense,0
2013-05-06T11:26:25Z,C'est la deuxieme fois qu'il fais sa a croire qu'il le fais expres la semaine y la confondu Elena a Mandanda est la Sirigu a Douchez !,0
2013-05-06T11:10:29Z,"A partir du moment où l'arbitre se sent ""menacé physiquement"" il a le droit de sortir le rouge.
De ce fait que l'arbitre soit marseillais ou pas, le rouge est mérité. On va pas son gros chauvin. Faut savoir reconnaître les fautes de son équipe et de ses joueurs.
Et on va pas se mentir aussi, mais T.Silva le mérite pas. Mais si on compte le nombre de jaunes que les arbitres ont oublié à ""Mr Ibra"" ...

Bref, y'a rouge. Et en CFA, un joueur n'aurai pas réagit comme sa avec l'arbitre.",0
2013-05-06T10:50:27Z,"LOL, il la pas pousser ou tapes il lui à tenus la manche xDDD Dis pas nimporte'quoi arrete de vouloir te la péter sérieux pff",0
2013-05-06T10:50:24Z,Haha les marseillais on les reconnait bien çe qui disent que le carton est mérité pfff pathétique de totute façon on sera champion tkt !,0
2013-05-06T10:47:57Z,"Lol il à rein fait du tout il là toucher à peine et l'autre la y sort son carton direct de tt façon normal c'est thiago silva meilleur défenseur au monde c'est normal y voulait faire sa star l'arbitre ensuite je rage pas je suis réaliste déjà à evian c'était une catastrophe et encore une fois comme à evian c'était encore une catastrophe, ensuite si tu avais regardais le match tu serais que à chaque fois que paris à fait une faute c'est un jaune donc arbitre=honteux et evian euh bien sur 1 carton",0
2013-05-06T10:37:55Z,"Toute atteinte a l'intégrité de l'arbitre doit être sanctionné par un carton rouge. C'est le règlement, et il a appliqué le règlement.",0
2013-05-06T10:34:17Z,"Toute atteinte a l'intégrité de l'arbitre doit être sanctionné par un carton rouge, relie le règlement parce que c'est plutôt des mecs comme toi qui font pitier a passer leur temps a juger alors que vous n'arrivez pas la cheville des arbitres.",0
2013-05-06T10:28:59Z,De qui?,0
2013-05-06T10:15:05Z,"Lol haha cette arbitrage de ligue 1 me fait honte 
1) le carton rouge n'est pas mérité car il ne le pousse pas, ensuite c'est l'arbitre qui le pousse 
2) çe qui disent il avait qu'a fermez sa bouche etc.. ç'est le capitaine c'est normal qui geule un peu sinon çe serait pas le cap//
3) 1ère mi temps catastrophique! de paris certes mais bon 
4) les rageux on vous encule 
5) PS: je vous rappele que l'arbitre est un marseillais vérifier sur internet ou sur canal+ dugarry le dit un moment durant le m",0
2013-05-06T09:59:30Z,le championnat est egalement degradé par larbitre !,0
2013-05-06T09:59:08Z,"Le carton rouge arrive après l'ouverture du score de Valenciennes, donc ne cherchez pas d'excuses svp ,la vérité est que Paris n'est même pas capable de gagner contre le 15e de ligue 1 .",0
2013-05-06T09:05:58Z,a 0:48 c'est pas Salvatore Sirigu c'est Nicolas Douchez,0
2013-05-06T09:02:40Z,"Rouge injustifié ! Je ne supporte pas le psg,pourtant je suis convaincu qu'il est injustifié ce rouge !",0
2013-05-06T08:43:32Z,"franchement comment avoir un championnat interessant, avec en plus de 17 ou 18 equipes en bois qui jouent le 0-0 ou le 1-0, et en plus des arbitres absolument incompétents.. comment parler d'arbitrage maison après ca ... paris se la coule douce en 1er MT mais ca n'explique pas de devoir perdre le meilleur joueur de l'equipe pk ce pauvre type voulait son 1/4 d'heure de notoriété. apres le ridicule rouge à beckham, verratti et sirigu voilà encore une nouvelle pépite.",0
2013-05-06T08:38:20Z,C'est la premiere fois que je vois une equipe avec autant de cartons.,0
2013-05-06T08:37:52Z,"encore une rageuse qui doit pas supporter que sa mère se foit fait tout mettre par un ou plusieurs parisiens et qui depuis nourrit une haine envers la capitale ... t'inquietes pas, tu dois pas hair que paris ; )",0
2013-05-06T08:19:38Z,Et ils sont la les Valenciennois :),0
2013-05-06T07:08:41Z,"je suis supporter de nantes mais l'exclusion de sylva est vraiment débile il ne la meme pas toucher arbitre français vous etes juste une espece en voix de disparition apres on critique la ligue 1 mais quand ont vous voix a l'oeuvre y'a de quoi
",0
2013-05-06T07:02:36Z,Exclusion de Silva pour ça nan mais c'est du n'importe quoi x) Il c'est amuser a sortir les cartons..,0
2013-05-06T06:10:34Z,J'allez le dire !,0
2013-05-06T06:01:49Z,0:45 il dit repousser par salvatore sirigu EPIC FAIL c'est Douchez,3
2013-05-06T05:48:41Z,"L'Arbitre c'est un lyonais, oui il est ne a lyon x)",0
2013-05-06T05:44:21Z,Euh c'est Nicolas Douchez au but. Revoyez vos commentaires.,0
2013-05-06T04:44:09Z,Tu sais ce qu'il a dit ?,0
2013-05-06T02:16:05Z,"Mdr le rouge sur Silva les arbitres se sont fait une association a l image de la France ""anti-Psg"" on dirait bien mais en deplaise a certains nous serons tout de mêmes champions mêmes sans titulaires",0
2013-05-06T00:44:41Z,"Il y a un fail il dis ""repousser par Salvatore Sirigu"" alors qu'il est suspendu",0
2012-12-23T10:14:47Z,Merci à Revault et place à Monbearts ! (Y),0
2013-03-19T08:57:02Z,eh ben... on peut dire que le point du match nul est une réelle réussite pour Valenciennes car la domination de Sochaux était nette! ,0
2013-03-17T23:54:16Z,"""Boudebouz qui donne des cafés-crèmes"" Serieusement je l'avais jamais entendu celle-là !",0
2013-03-17T23:43:43Z,Poujol dégage.,0
2013-05-17T17:35:13Z,"I Love PSG!!!! I can die for PSG!
",0
2013-05-16T15:24:08Z,Allez l'ombre ouuuuuu PSG !!!!!,0
2013-05-14T12:05:57Z,"Grande Carletto, sempre nei nostri cuori! Viva Ancelotti.",0
2013-05-14T03:02:18Z,"""YESSS!!!""",0
2013-05-13T16:17:15Z,Ole Ole Ole,0
2013-02-24T09:32:25Z,bien rod c'est sa l'OM on lache rien minooooooooo,0
2013-02-20T22:05:58Z,Bien dit franky,0
2013-02-19T22:51:03Z,"Comme le dit mon ami Cortex, et les jaloux ils ont la rage. 
J'ai que ça qu'à dire. ",0
2013-02-19T15:29:05Z,"allez l'om nous en a pas besoin d'argent pour bien joué et étre dans le podiom des 3 premier ! :) et bien joué a rod fanni
",0
2013-02-19T03:05:41Z,aussi 2 penalty non sifflé pour l'om dans le matche ,0
2013-02-18T19:54:04Z,"Victoire méritée même si il faut revoir la précision de nos tirs : seulement 2 cadrés sur 16
Gros match de Fanni. Allez l'OM, le PSG n'a qu'a bien se tenir.",0
2013-02-18T17:49:14Z,bien joué OM,0
2013-02-18T15:10:45Z,À 5 minute de la fin les spectateurs partait et siffle il pratique un jeu pourri c'est des match bidon à voir,0
2013-02-18T12:08:35Z,En quoi c'est de la chance ? Un but est un but qui soit marqué a la 45eme ou la 94eme.,0
2013-02-18T08:47:31Z,"La chance c'est sur 1 match,quand tu gagne 8 fois 1-0 c'est plus de la chance...",0
2013-02-18T04:20:19Z,De la chance comme DAB,0
2013-04-16T00:30:00Z,ALLEZ BRANDÃO BATMAN ...LE RETOUR....BEAUCOUP DES BUTS....ALLER VOIR...,0
2013-07-28T14:54:56Z,foot psg essaie deja de le lettre apres on verra,0
2013-07-03T10:49:10Z,mdr,0
2013-07-02T17:00:20Z,nul le but de khlifa,0
2013-05-20T14:10:18Z,Que des beaux buts.,0
2013-05-20T14:06:16Z,Queel but de payet,0
2013-05-18T12:50:18Z,"le splendide but de khlifa
",1
2013-05-17T16:53:09Z,Le but de berigaud est pas mal non plus,0
2013-05-16T17:49:59Z,beau but de joufre,0
2013-05-16T10:36:40Z,J'espère que le but de Khlifa sera prit dans le but de l'année est pas un autre but genre neymar,1
2013-05-15T22:53:37Z,Juste magnifique le but de Khlifa,1
2013-05-15T14:12:34Z,J'ai juste jamais vu ca de ma vie a pars sur fifa!!!,1
2013-05-15T13:37:04Z,3:13 wow khlifa la il a vraiment géré,1
2013-05-14T06:38:07Z,"jouffre
",0
2013-05-13T17:46:50Z,Simple paname champion,1
2013-05-13T06:04:10Z,O.o klifha Et paris champion :-),1
2013-05-13T01:12:01Z,Quel but de Khelifa ! le but de l'année sans aucun doute !,1
2013-05-13T00:04:55Z,saber khlifa magnifique ,1
2013-05-12T23:05:51Z,quel but de khlifa,1
2013-07-04T13:19:14Z,"Ça serait bien que les marseillais nous lâche avec leur étoile ! Vous avez remporté la Ligue des Champions ? C'est bien et alors ? Au niveau européen, vous êtes au même niveau que le Panathinaikos, Belgrade, Celtic, Bucarest, Eindhoven, Aston Villa, Feyenoord, Hambourg... Et en-dessous de... Nottimgham Forest ! Et je ne parle même pas de Porto, Benfica, Ajax, Liverpool, Bayern, Milan AC, Inter, Real, etc... En Europe, vous n'êtes absolument rien donc arrêter d'être aussi arrogant !",1
2013-06-21T17:20:59Z,"Il a raison
Ligue des champions acheter par Tapie
",0
2013-06-05T12:09:59Z,Marseille club mafieux,0
2013-06-05T12:09:19Z,Ouaii rageux :),0
2013-06-05T12:09:06Z,"Mdrr Lucas c'est un prodigue du foot sal footix tu connais rien au foot
Il est arriver en hiver
il a jouer 10 matchs et il a mis 1 but face à l'om et a délivrer 3 passe décisif 
( 1 bordeaux et 2 Toulouse )",0
2013-05-29T12:15:42Z,"Non , je suis pas un rageux , tout le monde sais que c'est grace au quatar que vous avez gagné la ligue ^^ 
",0
2013-05-27T00:28:38Z,"Champions chez Aulas,le pied quoi.",0
2013-05-24T15:41:37Z,je voulai dire bon et ils méritent plus que n'importe quel autre équipe le titre de champions !! 19 ans qu'il avait attendu !!!!,0
2013-05-24T15:31:57Z,Si les joueurs parisiens ont gagné c parce qu'ils sont bo,0
2013-05-24T15:31:10Z,Laisser le qatar de coté bande de rageux !!!,0
2013-05-24T09:09:20Z,Les rageux aller vous pendre svp. Contre le Barca vous auriez pris 1 but par minute et en parlant du Barca ce club aussi est Qatari et qui est venu dire Qatar champions d'Espagne ? Personne alors rendez vous a l'évidence vous avez le seum et rien d'autre .,0
2013-05-22T17:26:34Z,"La victoire du PSG, n'est pas la victoire d'un club parisien, mais d'un club qatarien.
Il n'y avait rien à fêter.
Par ailleurs ce n'est plus du sport, c'est du fric, ce n'est plus une fête, mais des émeutes et des émeutiers aux drapeaux étrangers.


",0
2013-05-19T15:54:58Z,"tu parle de sougou mais sougou est plus utile que lucas, luca enorme blague 40 millions pour 2 passe decisive ",0
2013-05-19T13:45:34Z,"merci aussi au qataris 
",0
2013-05-18T15:41:33Z,"Franchement, ce qui dise aller Marseille fonts pitier! #ParisEstChampion <3",0
2013-05-18T13:53:09Z,jadored le bu de messi il ma fai bandeer,0
2013-05-18T13:31:29Z,"lol comment peux tu comparé une équipe qui existe depuis 1899 et une autre qui est la que depuis 1970... et n'oublie pas qu'on a une coupe d'Europe aussi (meme si elle est moins prestigieuse que ta coupe 1993 qui sent un peu la magouille) le footix ici c'est toi... comme dit Lucas ""Pariiiis champion mon frere!!!!!!!!"" on va bien rire l'an prochain avec Sougou et consort...",0
2013-05-18T12:59:05Z,"Tu les enchaîne toi décidément, arrête de foot ça vaut mieux mon pauvre, ça te rend agressif, t'es ridicule. PS : Paris champion ;) ",0
2013-05-18T08:25:08Z,"marseille plus de 100 ans d'existence, paris a peine plus de 40 ans..et puis Paris n'est pas ete rétrogradé en ligue 2 pour magouilles, alors ta coupe d'europe, elle pue grave !!!",0
2013-05-17T18:50:18Z,Allez voir ma chaîne,0
2013-05-17T18:28:46Z,"@XxFifaReplayxX iTriiKy5 mon dieu..Premièrement je m'en bas les couilles royale du PSG mais vraiment, deuxièmement tu sembles avoir des soucis de compréhension. Je ne parlais pas de palmarès mais la manière de l'obtenir. Sur cette vidéo je vois pleins de petits marseillais en larmes venir chialer sur le quatar et compagnie alors que vous semblez oublier le thune qui a été injecté à l'om non ? Alala les mecs utilisent des termes à la con du genre footix alors qu'ils les comprennent même pas.",0
2013-05-17T18:17:44Z,pppppppppppppppppppppppppssssssssssssssssssssssssggggggggggggggggggg seron toujour gagnant,0
2013-05-17T15:59:07Z,mais je te rappelle qu'en 1899 marseille n'était pas bon au foot mais par contre il commence a etre fort vers 1993 donc rendort toi !,0
2013-05-17T15:54:52Z,tu sais pourquoi le psg sont champion parce que c'est une usie a fric mais si marseille était la capitale ca serait aussi une machine a fric donc mec stp arrête de critiquer marseille et lyon mais par contre j'avoue que paris ont très bien jouer donc je dis quand même bravo paris !,0
2013-05-17T15:19:35Z,"wtf voila l'exemple pur du footix tu ose dire sa attend combien de titre de champion de france paris 3 marseille 9
combien de coupe de france paris 8 marseille 10  combien de coupe de la ligue paris 2 marseille 3 combien de ligue des champions MARSEILLE 1        PARIS 0 rappelle moi combien paris a d'etoile sur le maillot zéro alors tg FOOTIX...",0
2013-05-17T14:39:47Z,"j'ai pas de sœur
 ",0
2013-05-16T20:48:25Z,Les marseillais qui osent l'ouvrir quand on connait leur histoire assez drôle,0
2013-05-16T17:07:38Z,"2 ans et 300M€ d'euros investi, et ça en L1, tu m'étonne qu'ils soient champion, le contraire aurais était etonnant",0
2013-05-16T14:16:44Z,OM ou Russie second ?,0
2013-05-16T11:19:17Z,paris enfin champion ici c paris on continuera a defendre le titre paris est magique ,0
2013-05-16T04:00:51Z,Monaco ou Russie champion ligue 2 ??,0
2013-05-15T22:32:30Z,bien sur et Dreyfus tu le met ou... (paix a son âme) il a quand même sortie beaucoup de fric pour rien.. la passion de l'om pour ce grand homme..  ,0
2013-05-15T22:28:45Z,"c'est beau a voir ZLATAN avec la banane.. y'a du avoir beaucoup de pression tout au long de l'année pour se lâcher comme ça.. bravo les gars sinon je pense que si motta n'était pas si souvent blessé, la saison aurai été encore plus belle..",0
2013-05-15T22:09:16Z,Une pensée pour Nick Broad!,0
2013-05-15T20:31:38Z,Super paris existe depuis 1970 donc compare pas ce qui l'est pas,0
2013-05-15T18:26:42Z,"on est les champions on est on est on est les champions !!!!!! merci paris vivement samedi pour feter ca 

",0
2013-05-15T17:18:38Z,MERCI PARIS ON NE LES CHAMPION NIQUE L'OM,0
2013-05-15T16:46:53Z,"Arretez avec ça putain! Un club pour vivre doit avoir besoin de tunes nan ? Tu vois le FC Pennec devenir champion de france sans argents ? Nan... 
C'est une bonne chose que le Quatar est racheté le PSG comme ça au fur et a mesure du temps le PSG peut devenir un très grand club et représenter la France en Ligue des Champions....",0
2013-05-15T16:22:07Z,"Si Marseille avais été la capitale de la France, le Qatar l'aurais racheté, pareil pour Lyon.
Le Psg à passé 19 ans sans titre de champions de France, 
Et en seulement 2 ans, ils sont redevenus champions de France et ils ont faillit battre le FCB, '' meilleur club du monde ''.
Le Psg est sur une pente ascendante, avec une équipe a présent mieux organisée.

Ceci étant, bravo à Marseille et Lyon, qui aurons fait tenir le suspense de ce championnat

#Paris est Magique ",0
2013-05-15T14:57:46Z,"Vous ne voulez pas voir PSG gagné arrêter d'acheter de l’Essence ou diesel !
سخيف العربية سخيف العربية سخيف العربية سخيف العربية سخيف العربية",0
2013-05-15T14:42:02Z,"RETROUVEZ la joie de MENEZ, joueur fabuleux, en vidéo après tous ses exploits --->

 /watch?v=f7JgN19KdIM",0
2013-05-15T14:09:15Z,"J'aime bien la joie de Menez!!!! 
",0
2013-05-15T13:59:57Z,Et puis vint le lundi 13 mai...,0
2013-05-15T13:49:54Z,rageux,0
2013-05-15T13:00:37Z,"En meme temps en gagnant 7 fois d'affilé la ligue 1 c'est normal qu'on avait 40-45M . Que vous vous avez le Qatar avec vous , et nous ba non , nous on gagne l'argent avec nos propres moyens ;)
",0
2013-05-15T12:56:08Z,Je croi que c'est le Quatar ^^,0
2013-05-15T12:25:23Z,MDR le rageux,0
2013-05-15T11:50:26Z,"Fiers d'etre PARISIENS
",0
2013-05-15T08:09:38Z,À toutes les pleureuses/rageuses : Champion mon Frère ! =D,0
2013-05-15T07:58:40Z,PARIS CHANPION,0
2013-05-15T07:38:03Z,psg a volé ce titre,0
2013-05-15T02:50:26Z,PSG : CHAMPION :!! HAHAHAA CAMPIONE CAMPIONE OH EH OH EH OH EHE !! ON EST CHAMPION HA HA !,0
2013-05-14T18:59:18Z,"Quelqu'un se plaignait quand l'OL était champion 7 fois d'affilée en affaiblissant la concurrence (Lille, Monaco) et en dépensant énormément (Lisandro-Keita-Cissokho-Ederson-Gourcuff=100M) ou quand l'OM gagnait tout sous Tapie en truquant ses matchs? Non... Mais il suffit au PSG d'avoir des investisseurs venus des pays du Golfe pour être pointé du doigt par toute la France, du provincial n'y connaissant rien au foot jusqu'aux hommes politiques. Vive le PSG",0
2013-05-14T18:02:54Z,"""Allez! Yes! Yes!"" LOL",0
2013-05-14T16:57:22Z,"bienvenue au club (car moi aussi je suis pour ASSE, et ETG puisque je vit en haute savoie) en tout cas comme le dit ""leo messi"" bien joué le PSG ;)
",0
2013-05-14T16:55:41Z,et de tout facon les joueurs y sont pour rien dans tout ca donc dit pas honte a ce club!!!! pfffff!!!!,0
2013-05-14T16:54:48Z,"qu'est t'en sait que c'est des supporters, ils été cagoulés!!!",0
2013-05-14T16:52:52Z,"Même si je suis pour ETG (qui peut être releguable), il ne faut pas être jaloux pacequ'ils ont gagnés. Il faut le dire cet équipe est très forte!!! Donc si t'es jaloux vient pas sur ce site!!!",0
2013-05-14T16:24:16Z,Paris est Magique !,0
2013-05-14T16:24:06Z,Ici c'est Paris !,0
2013-05-14T14:54:29Z,regarder ma video pour voir les célébration en dehors du stade,0
2013-05-14T13:58:47Z,"Les lyonnais vous pouvez parler autant que vous voulez mais vous avez eux le plus gros budget de league 1 pendant pas mal de temps, quand Paris était à 10 millions vous étiez à 40~45m ",0
2013-05-14T13:39:17Z,"Voilà ce que ça fait quand le PSG gagne qqch. j'espere que ce sera la derniere fois ! un spectacle à l'image de ce club et de ses supporters qui n'ont rien dans leur tete. Aucune passion, aucun amour, aucun respect pour le sport. 
HONTE À CETTE VILLE, 
HONTE À CE CLUB, 
l'image de la France en prend un sacré coup et se ternie par l'attitude de ces supporters plus que cons dans leur tete!
TRISTE FRANCE...",0
2013-05-14T13:38:29Z,"Je vois que tu es très à cheval sur l'orthographe, donc je vais te corriger ;)
""tu peux"" et non pas ""peut"" ;))))))))))

Avant de donner des leçons... hein ;))))))",0
2013-05-14T13:00:25Z,Bravo au PSG !!! D'un supporter stephanois GA,0
2013-05-14T12:22:37Z,"Paris ou Quatar champion ?
",0
2013-05-14T12:21:01Z,C'est quoi cette orthographe? ><,0
2013-05-14T09:53:28Z,"Avec l'effectif qu'ils ont , le 1/4 de finale en LDC est normal , et le 1/4 de finale en coupe de france/ligue est plutôt ridicule non ?",0
2013-05-14T08:28:50Z,"On n'écrase pas un championnat dès la 1re saison, l'équipe est toute nouvelle. Le travaille de Paris mérite beaucoup de repect, 1/4 de finale de Champion's League, 1/4 de finale de coupe de France ainsi que coupe de la Ligue, + champion de France de Ligue1. Félicitations au PSG de la part d'un supp' Rennais :-D",0
2013-05-14T06:10:16Z,"psg et monaco devrait pas avoir tent de fond monaco ne devrait meme pas etre en ligue 1 ligue 2 et meme pas en CFA2
",0
2013-05-14T05:32:56Z,"Bref ,tout ça pour dire , à la place d'un parisien je m'inquiéterais plus du temps que ca a pris pour être champion , et pas d'un titre qui était destiné au parisien depuis le début de saison . 
Meilleure attaque et défense de ligue 1 ? Encore heureux ! C'est pas vraiment difficile !",0
2013-05-14T05:31:01Z,"Les gars arrêtez ... Sérieux regardez un peu la situation en face 
Votre attaque : Lavezzi Lucas Menez ,Ibrahimovic . 
Votre milieu : Motta , Beckham , Matuidi , Verrati ..
Defense : thiago Silva , Sakho , etc ... 
Tout d'une superbe équipe sur le papier . 
Mais vous vous démmerdez quand même pour vous faire sacrer champion à une journée de la fin , alors que vous auriez du pas survoler mais écraser tout le championnat français.
",0
2013-05-14T01:36:45Z,le nombre de raciste c chaud,0
2013-05-13T23:33:34Z,watch?v=0KxY8T-ywNY,0
2013-05-13T22:02:27Z,""" Yeeeesss !! YEèèèhèè !!!! ééEeèèhé !!""",0
2013-05-13T19:49:16Z,"comment t a deviner t es trop baleze  en faite toi!!
",0
2013-05-13T19:12:48Z,"Même si Paris à un gros budget, l'équipe représente la France en Europe parce que sinon on serait dans la merde avec les autres équipe.",0
2013-05-13T18:59:10Z,T'es un grand malade en faite toi,0
2013-05-13T18:49:32Z,quelle est ce sport tres tres etrange ,0
2013-05-13T18:47:48Z,bien dit homme retrograde de marseille quelle talent quelle dieu vivant !!!mais ne dit on pas de rouen quelle est une ville musèe!non ne dit pas monsieur!!,0
2013-05-13T18:33:16Z,"Rager pas les mecs, si le qatar aurait racheter marseille vous lui lecherait le cul! Le qatar on choisit paris et c'est tout voila on est champion",0
2013-05-13T17:46:21Z,parce que c'est israel et le qatar qui ont ivestie dans le projet du psg,0
2013-05-13T17:35:45Z,il y a des marseillais ki ont le seuum nan,0
2013-05-13T17:22:54Z,"C meme plus du foot c est une equipe de prostitue qui save que sucer les couille des quatar et d ibriamovic ,remarque pour la premiere qui sont champion de france les debutant",0
2013-05-13T17:14:38Z,Toujours le même Sa fait 19 ANS qu'ils ont pas gagné,0
2013-05-13T17:12:07Z,"Pk les Israel
",0
2013-05-13T17:09:15Z,"Ta raison 
",0
2013-05-13T17:08:44Z,"BadIS a raison !! C'est que la 3eme fois qu'il gagne alors que l'Om
on gagné Au moins 11 fois
",0
2013-05-13T16:57:02Z,Putain c'est bon depuis le temps que j'attends ça :'D,0
2013-05-13T16:36:28Z,"C'est vrai que sans les qatari c'est des grosses merde mais bon, c'est comme sa, avec l'equipe qu'ils ont ils l'ont mérité meme si sa me fait chier de dire sa ^^",0
2013-05-13T16:31:41Z,"mais c'est le jeu, ils ont gagner point c'est tout !!! BIEN JOUER PARIS, BRAVO !!!!",0
2013-05-13T16:00:42Z,Suivez jallet sur twitter @jalletofficial il repond quand tu lui parle,0
2013-05-13T15:58:43Z,"J'ai entendu prsque 40 YES!!!
",0
2013-05-13T15:42:10Z,PPariiiiiiiiiiiiis est Champion je le savais Merci Ibra!! Pour tout ses buts 27 quand meme J'spere qui l'en metra d'autre durant les 2 dèrnières journée et la saison prochaine on batra Monaco meme si Falacao va y allez. Alllllllez Paaaaaaaaaaaaariiiiiissss <3!!!!!!!!!!!!!!!!!!!!!!!!!!!!!!!!!!,0
2013-05-13T15:37:26Z,Ce qui est bien c'est que on se sent dans la peau des Parisiens en les supportant. :),0
2013-05-13T15:28:52Z,"xD J'adore zlatan à 00:24 ""ouaiiiiiiiii oh yeahhhh!"" mdr sacré zlatan merci pour ton travail au psg certes c'est pas un mec qui court ou autre mais 27buts en ligue1 c'est fort!!!! mais bon y reste 2journées y peut en planter d'autres!",0
2013-05-13T15:23:10Z,enfin quelqu'un avec une bonne mentalité,0
2013-05-13T15:22:26Z,2 journée merci ^^,0
2013-05-13T15:00:59Z,Nique OM LOL,0
2013-05-13T14:59:00Z,idem pour moii paris la meilleur équipe du monde,0
2013-05-13T14:47:26Z,DEPUIS 1981 QUE JE SUIS SUPPORTER DU PSG J AI JAMASI ETE AUSSI CONTENT QUE DU TITRE DE CETTE ANNEE FERMANT AINSI LES GRANDES GUEULES DE CERTAINS JOURNALISTES QUI RESSASSENT SANS CESSE L ARGENT UTILISE PAR LES QATARI ... ELKHALIFI N EST PAS CAPITAL COLONY !!! VIVE PARIS VIVE LES QATARI MAIS SURTOUT MERCI LES JOUEURS DU PSG !!! JEREMY TU ES LE MEILLEUR !!!!,0
2013-05-13T13:57:25Z,Бекхем еще и чемпионом Франции стал!! Красава!!,0
2013-05-13T13:40:50Z,Tu as tout dit merci,0
2013-05-13T12:26:08Z,Sauf St Etienne ,0
2013-05-13T12:16:29Z,C'est le Qatar et Israel qui se frottent les mains....,0
2013-05-13T11:54:08Z,"Paris se forme une équipe; pour les abrutis comme toi qui ne connaissent rien au football, je me permets de t'éduquer et de te rappeler qu'une équipe ne se forme pas en 1 an, peu importe le nombre de joueurs a 45Millions, ca reste des humains. Je me demande quelle équipe de merde tu supportes pour te permettre de nommer Paris pitoyable avec la meilleure attaque et défense de ligue1. Tu es donc pitoyable, et nous sommes fiers d'etre parisiens et champions. Merci quand meme pour ton commentaire.",0
2013-05-13T11:46:29Z,--'',0
2013-05-13T11:44:47Z,Dit pas que ya que des marseillais grandit aussi ya des supporter con de tout les club .,0
2013-05-13T11:43:09Z,je suis un supporter de l'OM mais bien jouer a paris qui c'est montré fort ! Bon bah on fera mieut l'an prochain .....,0
2013-05-13T11:21:20Z,"à 0:24 zlatan qui dis "" YAAAAAAAAAAA "" MDDDR!",0
2013-05-13T10:50:24Z,"Anthony de dijon college bachelard?
",0
2013-05-13T10:43:15Z,Bravo au psg pour leur titre et j'etait au match a lyon et j'etait pour le psg de la part d'un stéphanois bravo encore a paris,0
2013-05-13T09:33:04Z,enfin depuis le temps qu'on l'attendait ce putain de trophé merci PARIS !,0
2013-05-13T09:33:01Z,Le seul club riche ??? Il me semble que Mme Dreyfus a le porte feuille bien garni aussi :D,0
2013-05-13T08:50:13Z,Rossoneri balaye devant ta porte..,0
2013-05-13T08:04:22Z,Vous avez beau faire le haineux dire ceci cela en tout cas le PSG SONT LES CHAMPIONS MWAHAHAHAHA BANDE DE HAINEUX,0
2013-05-13T07:56:08Z,"Et donc, juste parce que Paris est le seul club riche de Ligue 1 vous l'insultez ? OK! Donc l'année prochaine vous allez insulter Monaco, parce que eux ils ont riche mais viennent de Ligue 2 ? La mentalité des supporters Français ! Surtout les Marseillais, j'ai beau être Parisiens de coeur, je ne critique pas Marseille des que je peut, PUTAIN les gars ! Grandissez un peut et le Football Français serait beau sur la pelouse et dans les gradins ! PITOYABLE !!",0
2013-05-13T07:32:57Z,C'est Paul Clement l'adjoint anglais.,0
2013-05-13T07:12:28Z,bravo les gas on l'a u ce tropher  continuer la saison proch,0
2013-05-13T06:21:50Z,les supporters vont enfin pouvoir apprendre a nager dans la seine ce soir,0
2013-05-13T05:52:56Z,Paris est pitoyable avec l'equipe que vous avez vous etes fier de gagner le championnat a 1 journée de la fin et de gagner seulement la ligue 1...,0
2013-05-13T05:33:43Z,LES RAGEUX ALLER VOIR AILLEUR PARIS MERITE LARGEMENT ELLER PARIS!!!!,0
2013-05-13T05:32:32Z,ICI CEST PARIS ALLER PARIS CHAMPION!!!,0
2013-05-13T05:08:53Z,"C'est un titre qui sent la merde. Je me demande comment les joueurs le vivent. En tous les cas, je ne pense pas qu'il ait autant de saveur et de prestige que celui de Montpelier l'année passée.  ",0
2013-05-13T05:06:04Z,Tu dois être contente...,0
2013-05-13T04:56:12Z,"ya pas eu un seul mot en francais dans la vidéo c'est normal ? ""Yes"" c'est francais ? ",0
2013-05-13T04:35:41Z,fiere detre parisiens,0
2013-05-13T00:56:25Z,"allez l""om",0
2013-05-13T00:32:17Z,C'est pas un supporter c'est un mec du staff de Paris et c'est juste parce que le micro est a coté du banc parisiens et qu'il montre la joie avec plusieurs camera différentes c'est pour sa que tu l'entend plusieurs fois mais c'est pas eux qui l'ont mis en boucle !,0
2013-05-13T00:29:14Z,Mdr toujours le même yeeees derrière ^^,0
2013-05-13T00:26:43Z,Rageu ? :),0
2013-05-13T00:21:47Z,ouaiii on a eu le titre de champion de la pire ligue de football avec nos 300 000 000 d'euros !! on est trop conteeeeeeent !!!,0
2013-05-13T00:10:15Z,Il disent pas tous yes jpense.,0
2013-05-13T00:08:54Z,c'est sa la joie des parisien!,0
2013-05-12T23:56:52Z,Euh ouais passer en boucle le meme supporter qui dit : Yes !! c'est un peu lourd non ? mdr,0
2013-06-23T05:02:46Z,"J'espère que vu son exellente fin de saison, Kenny Lala jouera plus la saison prochaine !",0
2013-05-04T07:33:10Z,nancy devient vraiment forte (supporter du psg),0
2013-05-01T01:31:50Z,"Nancy avec cet état d'âme devrait se maintenir...
",0
2013-04-29T13:14:55Z,J étais la bas c étais un grand match de merde,0
2013-04-29T11:59:18Z,"allez Nancy on y croit !!!!!!!!!!!!!Vous avez une magnifique remontez improbable maintenant vous pouvez encore plus y croire,Allez  L'ASNL",0
2013-04-29T09:44:44Z,C'est un bon point pour le maintien,0
2013-04-28T23:08:27Z,Pour le FIRST un !,0
2013-04-28T23:08:11Z,Tant mieux,0
2013-04-28T23:04:44Z,Nancy vont t-il aller en ligue 2 suspense est non il n'ay auras pas de first les gens :P,0
2013-02-09T22:55:42Z,"plus de vidéos du RCLENS sur ma chaine ;)
",1
2012-12-19T16:48:30Z,Vive Lens .,1
2013-02-02T18:28:54Z,Superbe prestation des joueurs lyonnais !!,0
2013-02-01T17:09:12Z,bien joué OL,0
2013-01-30T14:49:03Z,"Certes VA n'a pas fait son meilleur match, mais quand même L'OL a vraiment très très bien maîtrisé la partie! VA n'a pas vu le jour! Allez L'OL, le match retour contre Paris a Gerland va pesé très lourd si le mano a mano continu!!  ",0
2013-01-29T08:51:31Z,Olympique Lyonnais <3 !!,0
2013-01-28T12:21:08Z,"allez LYON!!!!!
",0
2013-01-27T23:04:11Z,L'incompétence de Thiriez DOIT etre sanctionée !,0
2013-01-27T23:03:26Z,Thiriez démission !!! L,0
2013-06-04T08:37:47Z,sisi keny bangks rennes mps,0
2013-05-15T12:03:06Z,ben oui petit c'est ca qu'on aime les vrais buts!!!!costil il est deg...mort pour ca!!!!!!,0
2013-03-22T17:42:11Z,allez laval!!,0
2013-01-19T21:23:26Z,"allez tours fc
",0
2013-04-20T22:03:39Z,Dijon a ete meilleur alors que laval na rien foutu fuck laval!!!!!,0
2013-03-22T17:43:23Z,ALLEZ LAVAL!!,0
2012-11-25T10:08:04Z,ohhh vous avez fumé quoi ??? Dijon a dominé qui ? Il manque au moins 3 ou 4 grosses actions lavalloises la ! Du grand n'importe quoi ! ,0
2012-11-25T09:44:05Z,Dijon n'a pas dominé autant que les commentaires le disent.,0
2012-11-25T09:26:24Z,Yeahhhh super victoire !!,0
