published-time,comment,likes
2013-04-14T13:41:49Z,"Aller Sedan !!! L'année dernière à quelques points de la montée, là tu va peut-être (surement) descendre....
Et dire que la plupart des joueurs titulaires étaient blessés ou suspendus ...
Même si tu es en National (ou plus bas si le dépôt de bilan est déposé ...) je continuerais à venir te voir toutes les semaines !
",3
2013-04-14T09:34:02Z,Oui moi aussi,0
2013-04-14T08:57:07Z,"Comme quoi, les 2 derniers sont capables de faire de belles actions et du beau foot.
J'espère que les Sedanais parviendront à se maintenir.",0
2013-04-30T17:28:31Z,"Qu'ils viennent jouer dans ma campagne, le terrain est 10 fois mieux ...",0
2013-04-09T18:18:09Z,allez sedan jsuis peut etre le seul a le croire mais je crois que vous pouvez le faire go cssa,0
2013-04-07T11:10:54Z,"voleur
",0
2013-04-07T08:40:17Z,"La barre à la fin n'est pas à la bonne place, ça faisait encore 2-1",0
2013-04-06T23:57:08Z,pff Lens méritais pas!! Aller Sedan Ya de l'espoir encore!,0
2013-04-06T23:52:29Z,"Jolie remontée Lensoise mais que de frissons jusqu'au terme du match ! 
",0
2013-02-20T14:59:17Z,"c'est moche comme but tout de même ....
",0
2013-05-11T23:11:35Z,Merci c vraiment cool !,0
2013-02-11T12:44:32Z,"Sedan, que fait-tu cette saison ? L'année dernière tu arrive à quelques points de la ligue 1 et cette saison tu es relégable et de loin !",0
2013-02-09T23:39:44Z,Ça serait bien de mettre les actions dans l'ordre du match et de mettre les plus importantes...,0
2013-07-26T08:24:20Z,Cavani on t'attend !,6
2013-06-12T10:15:31Z,tout faux ,0
2013-05-31T20:59:35Z,^^,0
2013-05-31T19:59:53Z,par contre guingamp va pas durer ,0
2013-05-29T15:22:36Z,"sinon vous avez peut etre une chance si vous recruter un joueur a chaque poste :)
",0
2013-05-28T20:42:35Z,"c'est ce que je pense mais des fois, et comme dans tous les clubs, ya des supporters arrogant d'autre non et c'est difficile de faire la différence :)",0
2013-05-26T21:44:09Z,pcq tu crois faire quelque chose contre nous avec cette équipe??? seul monaco vaut quelque chose dans ceux qui sont montés :) ,0
2013-05-21T17:46:22Z,"aller nantais enorme l'erdre qui répondait a la loire bravo PARIS CES LA MISERE MISERE MISERE PARIS CES LA MISERE MISERE MISERE PARIS CES LA MISERE MISERE MISERE OH OH OH OHHHHHHHHHHHHHH
",0
2013-05-19T11:44:02Z,Vraiment content de vous revoir parmi l'élite! (de la part d'un supporter marseillais),5
2013-05-19T11:43:21Z,Ambiance de ouf pour une remontée fantastique ! ,2
2013-05-19T07:28:36Z,Enfin on remonte en L1. On arrive,1
2013-05-18T22:56:06Z,Yes Nantes ! Ligue 1 est à nous !,0
2013-05-18T22:38:25Z,"Cette ligue n'existe pas mon cher ami xDD
Ahh trop content que Nantes monte , l'année prochaine ça va être difficile , mais ce groupe a des potentialités !! :P",0
2013-05-18T22:36:49Z,On est en ligue 1 ! <3,1
2013-01-26T23:17:32Z,Nîmes fait une saison terrible !!! (Y) ,0
2013-01-12T10:50:43Z,"c'est quoi ce montage qui ne montre quasiment que les occases Nantaises, alors que Sedan en as eu beaucoup plus que ca 
",0
2013-01-09T15:35:27Z,Nantes en l1,0
2013-01-03T21:36:16Z,Réécoute je te dis ou met plus fort parce que y'a un truc quiva pas chez toi...,0
2013-01-03T10:23:26Z,2:45 c est Adrien Trebel et pas Yoann ,0
2013-01-01T13:34:10Z,Ben mon pauvre réécoute...,0
2012-12-29T11:58:47Z,Il a dit : Adriane ( écrit sous la prononciation ou Adrien si tu préfert ) Trebel .,0
2012-12-26T08:46:01Z,Bien le pénalty oublié ?,0
2012-12-25T21:43:20Z,"""avec ce centre de Yoan Trebel"" Il s'appelle Adrien Trebel*",0
2013-05-11T07:52:05Z,"Et encore, l'olympique U13 .
J'ai été voir Sedan-Niort hier ... Une catastrophe ! J'ai arbitré un match de débutant et ils ont fais les même erreurs . Officiellement relégués .",0
2013-05-05T21:15:38Z,Allez Sedan :(,0
2013-05-05T10:22:06Z,First !!!,0
2013-03-02T19:59:04Z,courage les sedannais,0
2013-04-30T23:52:52Z,Ochoa,0
2013-04-28T10:08:49Z,"passe magnifique sur le 3eme but de l'ASSE
",0
2013-04-28T01:13:17Z,Cool,0
2013-04-25T16:00:49Z,Well played m8 <3,0
2013-04-26T19:17:42Z,Trop cool,0
2013-03-14T19:10:19Z,"Mdr je suis tout a fait d'accord avec toi, ça montre a quel point certains joueurs peuvent etre con !",0
2013-03-08T11:07:40Z,Belle victoire maintenant il faut arrêter de tapper les mascottes,0
