published-time,comment,likes
2013-03-18T17:40:24Z,ça va pas bien,0
2013-03-17T20:19:03Z,Mmmmmmmmmmmmmmmmmmmmmmmmmmmmmmmmmmmmmmmmmmmhh..... Baliboump !!,0
2013-03-18T19:40:53Z,ALLEZ LAVAL,0
2012-11-11T17:51:15Z,c'est bon sa allez laval :D,0
2012-11-11T15:54:58Z,tj derière L'ACA meme dans C moment La,0
2012-11-11T08:11:42Z,Quelle belle victoire ! Ça fait du bien au moral...,0
2013-03-14T19:53:11Z,c'est fait exprès !,1
2013-05-21T16:19:52Z,trop le feu d' artifise ,0
2013-03-31T08:52:07Z,Il disent ''Perquis a eu quelques Parades décisives à faire'' C’était Bosmel à la 2 Mi-Temps U_u,0
2013-01-04T15:35:57Z,Ludo il la pas vu venir cette frappe lointaine !,0
2013-03-14T11:00:37Z,"lollllll tu vera,nan bouk",0
2013-03-14T10:58:33Z,saidou Boundane International Burkinabé Pro au Club Africain de Tunis en images pour tous ses collaboration...,0
2013-03-14T00:19:34Z,zébéééééééééééé tu vas venir me trouvé ici,0
