publish_date,title,view_count
2013-07-05T22:38:18Z,meite yacoub,100
2013-07-05T20:16:20Z,Meite yacoub,366
2012-09-28T19:45:30Z,Interview Yakou MEITE U17 PSG,3012
2012-09-08T00:20:33Z,Yakou MEITE U17 PSG,1708
2012-11-27T22:56:59Z,Yakou Meïté U17 PSG,3350
2013-04-23T14:11:49Z,HCoicaud - HAC/Amiens - Center Back - Part 1,90
2012-09-08T08:44:05Z,Romuald LACAZETTE U19 PSG,2286
2013-03-26T13:51:10Z,HonkaTV: Méïtén mietteet sopimuksesta,2440
2012-08-30T17:26:46Z,4ème journée du championnat de France de Ligue 1 de Football,1131
