published-time,comment,likes
2013-06-03T09:58:39Z,"Ime melaa, vitun pelle :D",0
2013-06-03T07:58:12Z,"Miten oli? Pois alta friikit, täältä tullaan!",0
2013-03-30T22:23:30Z,"Joonas, respektit että oot päässy honkaan tekee näitä videoita. Mutta TÄÄ EI OO MIKÄÄ LASTEN LEIKKI KENTTÄ. Okei suomalainen jalkapalloilu ei oo mitää pro-shittiä mutta.. tää koko selostus kuulostaa niin sellaseltä ettei kukaa kehtais siitä palkkaa maksaa, kenelle? no ainakaa haastattelijalle.
",0
2013-03-26T19:32:45Z,hongan Kolo Toure... paljonkohan toi saa palkka?,0
2013-03-26T15:18:52Z,Welcome !!,0
2013-03-26T15:16:53Z,Bienvenue à Espoo!,0
2013-03-26T14:30:54Z,"""I'm here to win the league""  
""FC Honka is a good club... here""
""here it is a big club... i think its a big club""

Nyt on kyllä jätkälle valehdeltu törkeästi päin naamaa. ",0
2013-03-26T14:26:41Z,Welcome to Espoo!,0
2012-09-03T14:45:10Z,T'es trop beau ! (BLAGUE),0
2012-09-01T22:32:46Z,Robert Hue ?,0
2012-09-01T19:11:30Z,Tes moche & con ,0
2012-08-31T12:03:07Z,c'est vrai que c'est cool comme pseudo :-),0
2012-08-31T12:00:00Z,"il l'est a déjà claché, cherche sur sa chaîne ""Antony et Alexis"" tu verras, il le prend bien !",0
2012-08-31T11:57:42Z,"salut zaku ! je cherchais un de tes podcasts pour voir si tu expliquait l'origine de ton pseudonyme mais ma recherche n'a pas abouti. peut-tu me l'expliquer quand même, s'il te plait ? merci.",0
2012-08-31T11:56:40Z,"Ca y'est je viens de jouer tes pronos sur Betclic, je n'ai pas joué les scores exacts mais seulement les 10résultats que tu propose (victoire, nul ou défaite). Si tes 10 résultats sont corrects, je gagne 2617euros et je t'offre un rasoir.",0
2012-08-31T11:41:18Z,"Tu te plantes à 1""40 : ""Lille avec Bastos"". Il est un petit peu à Lyon depuis 2 ou 3 saisons. Pas grave. Je vais jouer 1euro tes pronos sur Betclic, on sait jamais, tu est peut-etre le Rainman des pronos de foot!",0
2012-08-31T11:12:04Z,continues zakumiz moi j'adore tes vidéos............,0
2012-08-31T07:58:30Z,Totenam voulais Hugo Lloris ( desole pr l'ecriture de Totenam ),0
2012-08-31T07:55:51Z,"Zakumiz si tu vois la poop de 123Lunatic ""Personne ne clash Zakumiz"" on vois au debut 2 Pti couche culotte qui te clash pour rien serieux on dirais qu'il voient un handicapé ils sont obligé de clash Mec clash les tu vaux mieux que ! :)

BONJOUR A TOUS !",0
2012-08-30T22:31:51Z,Tu es pas un peu handicapé desfois?,0
2012-08-30T22:31:20Z,Zakumiz dis moi que tu m'aimes parce que moi je t'aime,0
2012-08-30T21:03:12Z,est ce que tu as des amis ?,0
2012-08-30T19:34:23Z,"Non, t'es le seul à écrire comme un gosse de primaire :)
Quoiqu'en CP j'écrivais mieux il me semble :(",0
2012-08-30T18:52:44Z,je suis pas sure x),0
2012-08-30T18:37:33Z,Va t'acheter un Bescherelle avant de cracher ta merde toi.,0
2012-08-30T18:22:30Z,VA va violé Lyon mec.,0
2012-08-30T17:42:11Z,"EVIAN TGA HOOUUUIIIIII !!!! Ton ""tg"" est exceptionnel !",0
