published-time,comment,likes
2013-05-20T11:07:14Z,La berrichonne <3,0
2013-05-19T10:10:04Z,Caen.... ligue 2 maintenant,0
2013-02-08T18:22:39Z,^^,0
2013-02-03T08:45:44Z,"Non, parce que c'était un peu normal que Bordeaux gagne MDR",0
2013-02-02T19:16:44Z,vous avez rager contre Bordeaux? :p BORDEAUX ! <3,0
2013-01-29T19:02:29Z,Ah super !!!!  moi aussi je suis supporter de Châteauroux :) ,0
2013-01-28T11:05:14Z,Eh ouais !,0
2013-01-28T05:32:20Z,ah bon ?,0
2013-01-27T09:54:12Z,"Yes, Chateauroux gagne enfin ! (je suis supporter Castelroussin)",0
2013-01-26T23:22:00Z,Châteauroux  :D !!!!,0
2013-04-01T19:52:11Z,Lassana doucoure t ou,0
2013-03-31T18:48:31Z,Angers en ligue 1 ♥,2
2013-04-24T12:50:29Z,Jespere vous voir en l1 lannee prochaine les nantais!! D'un lyonnais,1
2013-04-18T12:00:42Z,J'espère aussi allez Nantes et que Lens nous rejoigne la saison prochaine !!!,1
2013-04-16T23:25:36Z,Pourquoi la vidéo n'est pas commentée ?,1
2013-04-16T19:29:07Z,"J'espère que vous allez rester le plus longtemps en ligue 1, car vous l'avez bien mérité !, un supporter lensois
",1
2013-04-16T18:44:54Z,J'espère qu'il va y avoir la L1 au bout car cette année ça serai vraiment les boules de terminer 4 e,1
2013-04-16T18:20:03Z,GG les gars ! ,0
2013-04-16T17:07:56Z,alllllllllllllllllllllllllllllllllllllllEEEEZ NANTES <3<3<33<3<3<3333,0
2013-04-16T16:25:09Z,C'est saaaaaaaaaaa !!! ,0
2013-04-16T15:10:48Z,G vue le match la berri était nul,0
2013-04-16T10:31:33Z,"Allez Nantes Samedi RDV pour tous les supporter pour les 70 Ans
",0
2013-04-16T10:01:24Z,Allez on continue sur cette lancée :),0
2013-03-10T07:19:49Z,First ! Allez l'ASM !,1
2013-02-10T23:32:14Z,Allez Berri!,1
2013-07-11T08:23:31Z,On me voit a un moment ^^,0
2013-07-02T12:43:08Z,"Footix de merde !!!! AJA <3
",0
2013-04-30T15:16:39Z,Allez la berri,0
2013-03-30T08:23:12Z,Allez la berriiiii,0
2013-03-26T17:12:41Z,"belle reaction d'Ajaccio GFC !! :)
mais sinon le match n'était surement pas palpitant... ""CFA?"" jsuis daccord!! ^^",0
2013-03-26T12:06:03Z,Match de CFA ? Lol,0
2013-03-26T05:33:17Z,Il faut se reprendre en main le gaz la !!!,0
2013-03-22T04:59:56Z,Belle transversale de Yoann Demont :) ,1
2013-03-21T16:27:52Z,Stade lavallois / auxerre :  5-4 !!!!! ( allez laval !),1
2013-03-02T10:31:13Z,C'était une superbe ambiance !! Vivement Lens-Bordeaux :),2
2013-02-20T14:23:53Z,"Quel ambiance de FOU , plus de vidéos sur ma chaine ;D",1
2013-02-17T15:23:06Z,superbe reprise ? xD mais c'est son propre but ! ,1
2013-02-17T00:08:29Z,Dans le kop <3,1
2013-02-16T23:32:07Z,"Match de fou, ambiance de rêve !!! ",1
2013-02-16T23:16:58Z,Un match magnifique ! Racing club de Lens <3,2
2012-09-18T22:02:30Z,vim pelo link do Le Vingadores shaahu,0
2012-09-18T01:54:04Z,"quem ta aqui por causa do face  joinha (Y)
",0
2012-09-18T01:53:18Z,Falar é facil.. quero ver fazer igual.. ,0
2012-09-18T01:52:36Z,simples ,0
2012-09-18T01:24:20Z,Caraca... esse cara tem futuro! ,0
2012-09-18T01:14:59Z,quem ta aqui pelo Sem !deia da joinha,0
2012-09-18T01:12:41Z,Orraaaa que zica doidas meu amigo kkkkkkkkkk' ,0
