publish_date,title,view_count
2013-06-07T22:15:25Z,Equipe Nationale A - Maroc vs Tanzanie: Déclaration de Zakarya Bergdich,1451
2013-06-26T16:30:03Z,"Zakarya Bergdich, primer refuerzo del Real Valladolid",12236
2012-12-20T09:53:44Z,Zakaria Bergdich 100 x 100 Oussoud,5370
2013-02-14T12:11:45Z,pes2013 : Goal Bergdich vs espagne by slimourinho,131
2013-02-12T11:00:48Z,Angers SCO - RC Lens (3-2) - Le résumé (SCO - RCL) / 2012-13,18722
2013-02-11T22:43:31Z,"Les Buts : Z.Bergdich , Rayan Frikeche , El Jadeyaoui",5498
2012-11-24T23:00:16Z,Nîmes Olympique - RC Lens (1-2) - Le résumé (NIMES - RCL) / 2012-13,3710
2013-02-26T11:01:03Z,AS Monaco FC - RC Lens (2-1) - Le résumé (ASM - RCL) / 2012-13,7706
2012-10-20T22:00:12Z,AJ Auxerre - RC Lens (1-2) - Le résumé (AJA - RCL) / 2012-13,9863
2013-03-06T12:25:31Z,"RC Lens TV - Em contra ataque no final do jogo, Bergdich cruza e Ávila pega bonito",56
2013-04-13T22:00:15Z,SM Caen - RC Lens (0-0) - Le résumé (SMC - RCL) / 2012-13,2675
2012-10-29T23:32:22Z,RC Lens - Clermont Foot (2-2) - Le résumé (RCL - CFA) / 2012-13,16775
2013-03-09T23:00:19Z,Chamois Niortais - RC Lens (0-0) - Le résumé (NIORT - RCL) / 2012-13,1483
2013-03-17T14:46:55Z,RC Lens - AJ Auxerre (1-0) - Le résumé (RCL - AJA) / 2012-13,14275
2013-03-30T23:00:14Z,Clermont Foot - RC Lens (1-0) - Le résumé (CFA - RCL) / 2012-13,2730
2013-04-27T22:00:13Z,Stade Lavallois - RC Lens (1-1) - Le résumé (LAVAL - RCL) / 2012-13,2853
2012-12-12T23:39:19Z,Tours FC - RC Lens (0-0) - Le résumé (TOURS - RCL) / 2012-13,1346
2013-05-25T22:00:36Z,Le Mans FC - RC Lens (2-1) - Le résumé (LEMANS - RCL) / 2012-13,15819
2013-02-16T23:00:28Z,RC Lens - Châteauroux (4-3) - Le résumé (RCL - LBC) / 2012-13,19970
2012-12-01T23:00:32Z,RC Lens - Stade Lavallois (1-0) - Le résumé (RCL - LAVAL) / 2012-13,3982
2013-02-02T23:00:13Z,RC Lens - GFC Ajaccio (2-0) - Le résumé (RCL - GFCA) / 2012-13,15063
2013-02-14T12:10:23Z,PES 2013 : Goal Maroc vs Espagne ( BERGDICH )  by Slimourinho,597
2012-11-04T00:04:37Z,CS Sedan - RC Lens (0-1) - Le résumé (CSSA - RCL) / 2012-13,5854
2013-04-21T18:17:53Z,RC Lens - Nîmes Olympique (1-2) - Le résumé (RCL - NIMES) / 2012-13,4631
2012-10-27T22:20:43Z,تصريح زكرياء بركديش للصحافة,786
2013-05-11T22:00:12Z,EA Guingamp - RC Lens (7-0) - Le résumé (EAG - RCL) / 2012-13,88180
2012-08-15T15:06:10Z,les meilleurs moments du Football Marocain !,1189
2013-05-04T22:00:10Z,RC Lens - Tours FC (0-0) - Le résumé (RCL - TOURS) / 2012-13,2172
2013-06-15T09:02:49Z,Abdelaziz Barrada | عبد العزيز برادة  | The Maestro | Crazy Skills Assists &amp; Goals |HD|,65423
2013-01-27T23:17:08Z,Respect# Taoussi,1790
2013-02-16T17:51:19Z,Conférence de presse RC Lens - Châteauroux (4-3) / 2012-13,451
2012-09-12T17:22:17Z,Gol de Ulloa (1-0) en el UD Almería - Real Murcia Ronda 2 Copa del Rey,659
2013-02-12T00:00:26Z,Conférence de presse Angers SCO - RC Lens (3-2) / 2012-13,1185
2012-12-12T19:11:21Z,Maroc 3-0 Niger : sortie de Younes Bellakhdar sur blessure | www.supporters-asfar.com |,782
2013-06-06T23:54:18Z,Maroc vs Tanzanie: Séance d&#39;entrainement ouverte à la presse,3737
2013-01-18T10:38:20Z,Maroc Vs angola avant match,5802
2013-06-06T00:26:41Z,Eliminatoires CM Brésil 2014: Entrainement des nationaux au Grand Stade de Marrakech,5730
2012-10-14T14:24:41Z,Marruecos gana 4-0 a Mozambique y se clasifica para la CAN 2013 de sudáfrica,4334
2013-06-07T22:03:55Z,Equipe Nationale A - Maroc Tanzanie:  Déclaration de M.Rachid Taoussi,3946
2012-12-02T21:32:12Z,Zouhair Feddal,1796
2013-07-08T18:51:42Z,100% Oussoud   06-07-2013,1823
2012-12-20T08:59:29Z,Nostalgia : Khalid Labyad,9396
2013-04-11T20:46:52Z,Goles - Gilberto &#39;Alcatraz&#39; García,7279
2013-06-07T22:22:18Z,Equipe Nationale A - Maroc vs Tanzanie: Déclaration de Yassine Jebbour,1837
2013-06-06T00:37:02Z,Equipe Nationale A - Alharbi El Jadeyaoui : &quot;Une fierté d&#39;être en Equipe Nationale&quot;,3646
2013-01-09T19:37:57Z,Llorente: &quot;Tenía ganas de hacer un partido completo&quot;,66
2012-10-15T10:52:50Z,Burkina Faso 3 -1 Centrafrique.flv,2520
2013-05-22T18:27:18Z,EL JADEYAOUI Résumé saison 2012-2013,24575
2013-05-15T00:24:21Z,Promo Campus &quot;Fernando D&#39;Amico&quot; 2013,261
2012-08-23T00:57:33Z,NDAMBA 2012 CASAM MAROC,208
