published-time,comment,likes
2013-07-10T15:26:50Z,bienvenido zakaria y bienvenidos los jugadores de marreucos ,0
2013-07-01T02:44:05Z,wach perktich hada ola kdebt lol,0
2013-06-27T13:28:48Z,msaken had balad lwalid tseydo fih ,0
2013-06-27T06:49:55Z,bonne chance pour la suite zak ! j'espere que va pas nous oublier !,0
2013-06-26T18:51:13Z,Bergdich es un jugador muy bueno,0
2013-07-03T10:40:39Z,Grosse faute sur le dernier but !!!!,1
2013-05-16T18:19:43Z,allez le rc Lens,1
2013-03-01T18:20:57Z,Match dans la légende du SCO. Marquer deux buts dans les arrêts de jeu à 10.,4
2013-02-17T21:03:55Z,Mérité ouai,2
2013-02-13T16:21:44Z,Y a pas faute sur le dernier but ?? WTF O_o,1
2013-02-12T19:16:17Z,"les belles actions et les buts sont plus beau pour lens mais le match était à l'avantage du sco donc résultat assez logique quand même.
Allez le sco quand même !!!!!",2
2013-02-12T17:09:04Z,"Sous Sikora, on a appris à jouer, il va maintenant falloir apprendre à tenir un résultat. Encore une défaite, celle de trop pour espérer prétendre à la montée.

Bravo aux joueurs d'Angers qui n'ont rien laché et qui se sont battus jusqu'au bout !",2
2013-02-12T13:48:15Z,N'Diaye a fait plus d'arrêts que Riou ...,1
2013-02-12T13:39:03Z,Le match est voler,1
2013-02-12T12:24:02Z,"il est ou le commentateur 
",1
2013-02-12T11:39:34Z,Ce 3ème but digne d'une équipe de poussin <3,5
2013-01-09T18:15:13Z,"vive la Racing tous se qui dise le contrais il aurons dans les fesse a la fin de la saison aller lensois
",1
2012-11-27T22:11:07Z,"ouais enfin faut pas rêver votre entraineur il se chiait de venir a Nîmes, pour un promu, avec un centre de formation nouvellement homologué, des finances au ras des pâquerettes, un président un peu à la masse malgré les sacrifices concédés. L'ARGENT TJR L'ARGENT A CROIRE QUE LE FOOT POPULAIRE EST MORT;
NON AU MATCH A 18H45",0
2012-11-25T19:26:19Z,FORZA S&O !!!! GLOIRE AU RACING !!!,1
2012-11-25T14:29:16Z,"et y sont là, et y sont là, et y sont là les sang et or!!!!! c(est bon de gagner quand meme !!! :-) Vive le racing
",1
2012-11-25T11:17:07Z,Et un but refusé de David Pollet aussi,1
2012-11-25T06:32:00Z,S'aurait pur faire 4/1 si pollet l'aurai pas mis sur la transversale et si le but de lemoigne n’étais pas hors jeu ( il n'est pas dans se résumer le but d'hors jeu de lemoigne,1
2012-11-25T06:28:05Z,"Rcl
",1
2012-11-24T23:21:12Z,Racing Club de Lens ♥♥♥,1
2013-02-26T17:57:18Z,Renovation ? J'ai l'impression de mater un match de DH .. ,1
2013-02-26T16:42:49Z,"L'arbitre considerait que l'attaquant nordiste n'allé pas au but mais pres de la ligne lateral de la surface de reparation donc pour lui ce n'etais pas une action de but , supporter monegasque j'aurais egalement mis un rouge mais bon , trop laxiste durant tout le match M.SCHNEIDER , et sa vous venge du penalty non sifflé du a la main de dumont , et la semaine derniere personne a rien dis pour le penalty lensois contre chateauroux hein., ",2
2013-02-26T15:50:35Z,"Je suis d accord avec toi sur l'arbitrage qui laisse a désirer mais ce n'est pas qu'avec Lens , tous les weekend il y a des erreurs dans la plupart des matchs , est pour la première action litigieuse je pense que le joueur ce laisse tomber sans vouloir continuer sa course .",1
2013-02-26T13:08:49Z,"J'en ai vraiment marre de cet arbitrage français, j'ai l'impression que Lens s'en prend toujours plein la gueule avec ces arbitres ... Pourquoi l'arbitre n'a pas foutu ce rouge au joueur monégasque au début du match ? Lorsqu'un joueur est en position de dernier défenseur, et qu'il fait faute, c'est rouge, point, il n'y a pas à discuter. Lens était sûr de perdre mais ce rouge aurait pût changer le cours des choses ...",1
2013-01-28T14:02:24Z,"A voir très beau but :

But de Touzghar Amiens - Lens Septembre 2011 vu de la tribune Nord",1
2012-10-22T18:33:00Z,"Le début d'une grande remontée , éspéront le ",1
2013-04-16T11:44:03Z,"1:42 = Il dit bien ""Caen va devoir jouer 1/4 d'heure en infériorité numérique"". Après il y a ça oui.
Bref ! On s'en tape :)",0
2013-04-14T08:52:14Z,"Ce commentateur est vraiment naze. C'est pas Caen qui se retrouve en infériorité numérique mais Lens !! Et dans le match Tours-Guingamp, c'est Planté dans les buts de Guingamp en 2ème mi-temps et pas Samassa ... Sans compter les erreurs sur les autres résumés.",0
2013-01-28T13:57:49Z,But de Touzghar Amiens - Lens Septembre 2011 vu de la tribune Nord,1
2012-12-27T19:25:04Z,"J'espère de tout coeur qu'il reviendra l'année prochaine et que le public s'en souviendra, moi en tout cas je l'oublierais pas ;)",1
2012-12-17T23:10:13Z,Fier de toi ange freddy :D Continue comme tu sera un grand,1
2012-12-14T15:00:54Z,"il a eu cette réaction car il a jouer pour le racing et il na pas été conservé alors il a joué a avion 
",1
2012-10-31T15:44:03Z,J'avoue le mec on lui a rien fait le public est fair-play et lui quand il marque il nous humilie. Quelle mentalité de merde ...,1
2013-03-12T10:26:30Z,Bonne résumé mais j'aurais aimé voir les occasions avec des vrais ralentis sinon match pas mal c'est la grave Lens ça arrive !!!!,0
2013-03-30T12:34:25Z,"ALLER LES SANG ET OR !!!
",0
2013-03-27T02:22:07Z,Touzghar est FrancoTunisien !,2
2013-03-23T00:00:24Z,Lens <3 ,0
2013-03-21T21:05:38Z,mERCI RIOU et Bale pour la passe décisive !!!!!,0
2013-03-18T20:55:24Z,Lens !!!!!!,0
2013-03-18T02:02:20Z,S&O FORZA !!!! LE 17 AVRIL UNE GRANDE FETE POUR NOTRE CLUB ENFIN !!!,0
2013-03-17T19:05:08Z,"Mauvaise qualité de video :/
",0
2013-05-26T02:19:10Z,Triste pour Le Mans :'(,9
2013-03-22T04:59:56Z,Belle transversale de Yoann Demont :) ,1
2013-03-21T16:27:52Z,Stade lavallois / auxerre :  5-4 !!!!! ( allez laval !),1
2013-03-02T10:31:13Z,C'était une superbe ambiance !! Vivement Lens-Bordeaux :),2
2013-02-20T14:23:53Z,"Quel ambiance de FOU , plus de vidéos sur ma chaine ;D",1
2013-02-17T15:23:06Z,superbe reprise ? xD mais c'est son propre but ! ,1
2013-02-17T00:08:29Z,Dans le kop <3,1
2013-02-16T23:32:07Z,"Match de fou, ambiance de rêve !!! ",1
2013-02-16T23:16:58Z,Un match magnifique ! Racing club de Lens <3,2
2013-02-09T22:55:42Z,"plus de vidéos du RCLENS sur ma chaine ;)
",1
2012-12-19T16:48:30Z,Vive Lens .,1
2013-03-21T16:26:44Z,ALLEZ LAVAL,1
2013-03-19T14:45:23Z,"allez lensois
",1
2013-02-18T22:47:42Z,Allez lens,1
2013-02-03T20:44:40Z,Pas cette année .,1
2013-02-03T14:44:05Z,"sangs et or en ligue 1
",1
2013-02-03T12:58:27Z,"Ajaccio : L'équipe qui ne saura jamais jouer sans se battre 
Allez Lens !",1
2012-11-06T17:11:04Z,"amis lensois , regarder ma chaine youtube :)   des vidéos du rc lens en ligne !! allez lens et belle victoire a sedan :)",1
2013-04-22T15:17:29Z,Viva Gragnic !,0
2013-04-22T15:15:32Z,"GO NO
",0
2013-07-28T10:05:05Z,yatabaré ne c'est pas offére un triplé mais un quadruplé,0
2013-07-11T13:45:00Z,"les buts ne sont pas exceptionnels que des erreurs defensives
",12
2013-06-23T08:16:04Z,Avec falcao o revoir Guingamp Nantes evian  paris von tou niker,0
2013-05-21T07:13:57Z,5 Hors Jeu sur tout les buts XD,0
2013-05-19T19:23:38Z,"moi jai deja acompagnez les joueur de guingamp moi jetait avec fathi atik
",0
2013-05-19T19:21:49Z,il ont merriter la victoir allez guingamp en ligue 1 vive les guingampai allez guingamp son a la 3 place du classemen,0
2013-05-18T21:18:31Z,je suis angevin et jai pas trouver sa truquer en voyant le score mais en ayant vu les buts on se doute si les defenseurs lencois font expres ou pas,0
2013-05-18T15:05:30Z,"truquer peut etre quand on voit toutes les fautes techiques commises dans le match par lens
",0
2013-05-18T06:00:06Z,non lens sont juste des merde (Allez Lille),0
2013-05-17T19:21:29Z,noooon !!!! le retour de Casillas !,0
2013-05-17T16:17:51Z,lille n'a rien à voir dans ce match ,0
2013-05-15T13:33:23Z,normalement je suis supperter de lens mais la fau avouer il sont nul (j'abite a lievin),0
2013-05-15T13:11:44Z,c est que lens ne sera pas en ligue1,0
2013-05-14T21:16:51Z,"Lens a pris cher, je suis désolé les breton mais moi je suis nantais dc Aller NANTES",0
2013-05-14T18:47:48Z,Une Honte pour Lens d'avoir lâché ce match de cet manière ! Honte à vous RCL !,2
2013-05-13T19:07:30Z,"Maroille est à +de 100 km de Lens , rien a voir :')",0
2013-05-13T19:05:47Z,On n'oublie pas vos mauvaise perfomance :) ,0
2013-05-13T17:10:20Z,"1- Ces 200 millions sont une proposition de l'AS Monaco pour ne pas avoir à payer de taxes, comme les autres clubs français le font.
2- Si Le Graet agissait de la sorte, ne penses-tu pas qu'à la place de Paris on aurait l'EAG champion de France, s'appretant à jouer une finale le LDC ? Au lieu de ça Guingamp est descendu en national il y a 2 saisons. A cette époque personne ne criait au complot.",0
2013-05-13T17:04:25Z,"Avoir son ancien président à la tête de la FFF interdit à Guingamp de remonter en ligue 1 ?
Et pour les quelques supp' angevins qui crient au scandale, peut-être auriez-vous gagné au moins un de vos matchs contre Guingamp si vous méritiez tant la montée. Ca n'a pas été le cas...",0
2013-05-13T17:01:37Z,"""Moi je dis ça sent la magouille, Paris avait besoin de 3 points ce week-end et comme par hasard ils ont gagné..."" Pffff
Et NON, Mr Le Graet n'est plus président de Guingamp, ça va faire 3 saisons que c'est Mr Desplat... Tu peux donc être rassuré.
A moins que le fait d'avoir son ancien président à la tête de la FFF interdit à Guingamp de monter en Ligue 1 ?",0
2013-05-13T16:47:17Z,Belle performance de Lens... Allez Lille!!,7
2013-05-13T15:59:09Z,"aller, combien ils ont payer l'arbitre dis moi ;)",0
2013-05-13T11:26:20Z,1:01 Hors jeu.,0
2013-05-13T11:23:22Z,sauf que c'est malherbe qui va gagner,0
2013-05-13T00:35:05Z,MERCI GUINGAMP ,0
2013-05-12T20:39:34Z,Yatabaré tu nous fais rêver !!,2
2013-05-12T20:03:26Z,Match arranger sa se voit ^^,0
2013-05-12T20:02:51Z,Mais n'importe quoi toi >< !,0
2013-05-12T19:17:58Z,Score de fifa quoi,0
2013-05-12T17:40:11Z,A chaque fois la défense joue le hors-jeu mais ils se plantent.,0
2013-05-12T17:02:22Z,Putain avec l'art et la manière .. Bravo les Bretons et allez l'OM ;-),1
2013-05-12T16:37:15Z,Même ma grand mère aurait mieux jouer en défense. On peut tout de même se poser des questions sur ce match.,0
2013-05-12T15:58:20Z,A ouais et Adil c'est Français peut-être ? ,0
2013-05-12T15:48:38Z,Beaucoup trop de noir ds le foot!! On est en France bordel,0
2013-05-12T15:39:23Z,Je crois ke lens devrait aller aprendr a jouer avec des poussins...,0
2013-05-12T15:30:10Z,"Les 200 millions que Le Graet réclame à Monaco, c'est pour acheter d'autres matchs de ce genre en Ligue1?",0
2013-05-12T15:23:48Z,Toi ; tu à Aulas aussi !,0
2013-05-12T14:44:23Z,"le moindre personne qui a joué au foot une fois dans sa vie voit bien que les joueurs ont été achetés !! la placement, les passes, le marquage des Lensois !! tout est louche ... ils n'onr pas été mauvais , ils ont simplement pas joué !! 
il faut maintenant se demander pourquoi  !!!!!!!!!!!!!!!!!!!!!!!!!!!!!!!!!!",0
2013-05-12T14:22:33Z,What the cut ?,0
2013-05-12T14:07:12Z,Franchement si RC LENS veux redevenir le premier club du nord va falloir mettre les bouchés double là...ils ont un très bon centre de formation et ils ne profitent pas de cette richesse c'est dommage...Aller Lille :p,0
2013-05-12T13:41:55Z,c'est des bites abuser surtout le gardien..,0
2013-05-12T12:18:23Z,ALLEZ NANTES !!!!,0
2013-05-12T10:21:49Z,C'est ce qui s'appelle: PRENDRE UNE BRANLEE MONUMENTALE !,0
2013-05-12T10:12:02Z,"Aucun respect pour leur propre conscience ces pauvres lensois .. Pas de repli défensif, pas de dissuasion.. Pas le visage d'une grande équipe tout simplement !",0
2013-05-12T09:58:12Z,"Non mais le match est truqué, une équipe peut pas être aussi nul sans le faire exprès --' (Lens)",0
2013-05-12T09:55:37Z,Allez Guingamp !,0
2013-05-12T09:43:41Z,"allez pleuré ailleurs les angevins !!
",0
2013-05-12T08:07:04Z,Allez Guingamp !!!!,0
2013-05-11T23:57:48Z,Guingamps 4ever,0
2013-05-11T23:22:21Z,tu parles de ville de paysans mais ça remonte à quand la dernière fois que vous avez gagné la coupe de france? Voila. Nous l'en avant de guingamp nous l'a ramené en 2009. Vous parlez de frique mais je pense que si guingamps aurait du frique ils le garderont pour acheter d'autre joueur. Aller KISS KISS gros rageux va. EAG bientôt à nous la ligue 1. ♥♥♥,0
2013-05-11T23:13:22Z,"oui c'est vrai mais est-ce qu'on peut dire que c'est comparable à un 7-0 où on voit bien l'équipe de Lens laissait de grands espaces (ce que n'est pas tout le temps le cas), abandonné des joueurs et faire des fautes qu'ils n'ont jamais fait (exemple : le gardien qui fait n'importe quoi) et ça durant TOUT le match ? Non je ne crois pas. Après j'ai peut-être tord et vous raison mais ça n'empêche pas que je suis supporter d'Angers SCO :p",0
2013-05-11T23:11:45Z,"Mais oui, c'est bien pour ça qu'on a fait l’ascenseur en national et que l'on poirote en ligue 2 depuis plusieurs années, tout à fait logique. 

Je pense seulement que tu reste un simple footix jaloux. 
J'aimerais seulement savoir si tu a vu les match de EAG ? (enfin à part les 2 match gagné contre Angers bien sur...)
Tu verrais alors que l'on n'a pas besoin de cela.

Et oui, les paysans sont de retour.
/watch?v=aVjxuf2JYrs
(Drogba et malouda, les Paysans sont de retour)",0
2013-05-11T23:01:14Z,"ouais,on leur a offert des gonzesses !",0
2013-05-11T23:00:59Z,"euh,gervais n'a plus rien à voir avec lens.
",0
2013-05-11T23:00:25Z,le angers- lens du mois dernier ou lens mène 2-1 à la 90eme et perds 3-2 est bien plus sceptique.,1
2013-05-11T22:52:59Z,"LOOOOL, c'est bon assume que EAG est obligé de mettre la main au portefeuille pour passer en ligue 1 ^^ L'équipe vaut rien sans le frique. Les Angevins se démerdent, il lâche jamais l'affaire et c'est pour ça qu'il marque tout de même, si vraiment y'avait de l'argent que se serait transmis, angers aurait gagné tout leurs match et non fait des matchs nuls -_- aller retourne traire des vaches dans ta ville de paysan",0
2013-05-11T22:44:06Z,"Ohhh le méchant ""Le Great"" ! Apparemment il même payé Angers et Caen pour les 12 points pris cette saison...
Avant de nous regarder, gagné vos matchs avant tout...
Une nouvelle loi pour l'année prochaine : ne jamais gagner par plus de 6 buts sous réserve de poursuite judiciaire.",0
2013-05-11T22:39:26Z,Match truqué ... pfff,0
2013-05-11T22:27:04Z,Match truqué ! Merci Le Graet ! Une petite enveloppe a ton ami Gervais et hop ! putain !,0
2012-08-24T02:32:29Z,tg,0
2013-05-09T08:42:36Z,"Benjamin Leroy va finir en ligue 1 l'année prochaine !
",1
2013-05-06T06:14:15Z,Tjs des pines à l'extérieur...au moins on fait plaisir aux supporters adverses >_>,0
2013-05-05T17:02:59Z,homme du match : le gardien de tours,1
2013-05-05T17:02:35Z,"je trouve que le gardien de tours a etait fantastique
",1
2013-02-17T22:19:26Z,Les lensois ont gagné car ils ont mouillé le maillot ! <3 # KOP,0
2013-02-17T05:04:20Z,A croire que tous les match que l'on gagne c 'est grace a l'arbitrage et non au courage. Blaireaux de rageux d'entraineurs,0
2013-02-16T22:46:09Z,"Didier Tholot est un peu de mauvaise foi je trouve.

""c'est pas Lens qui l'a gagné, c'est nous qui leur avons donné"" 
=> On vous offre deux buts, et nous les 4 buts on a été les chercher.

""pas vraiment de situations dangereuses pour Lens"" 
=> On a pas du voir le même match ^^",0
2012-09-16T08:54:04Z,LOL GRAN GOL Y VAYA PORTERO :P,0
2013-02-13T11:44:06Z,Merci le sco pour nous faire vibrez de match en match ! <3,0
2013-01-19T17:12:10Z,Forza Marocco,0
2013-01-18T23:14:29Z,Lah ywfa9kom yal7bayéb,0
2013-06-06T13:45:34Z,wa ljami3a wal 9owada,0
2013-06-06T10:57:08Z,"waaa nibet waa akram sirou f7alatkoum men jami3a
",0
2013-06-06T10:55:45Z,"ZAKI
",0
2013-06-06T10:55:33Z,"wa touma jibou lina Z <3 A <3 K <3 I
",0
2012-11-12T08:56:46Z,La ignorancia  ciega ^__^,0
2012-10-14T22:05:19Z,Partidazo el de ayer. Nota sobresaliente ! ,0
2013-06-09T21:52:31Z,"l'equipe nationale= 4 meilleurs attaquants de botola +4 meilleurs milieu de terrain d,europe+4 meilleurs défenseurs de botola et 2 meilleurs défenseurs d'europe et aucun joueur de khalije va nous servir ",0
2013-06-09T21:48:12Z,"il nous faut une nouveaux attaquants c tout et le reste reste 
",0
2013-06-09T00:58:32Z,go away taoussi!,0
2013-06-08T15:39:29Z,BLA BLA BLA BLA BLA BLA BLA  ....,0
2013-06-08T14:39:09Z,"سئمنا منك ومن كلامك المتكرر الدي لم تطبق منه شيئ .
المغربي الحر لن يشاهد بعد الان اي مبارات تخوضها
يا اخي استقيل من منصبك
انسيتنا كيريتز بقوت كلامك وضعف تطبيقك",0
2013-06-07T22:54:04Z,"Bla Bla Bla Bla lé mtafa9e M3aya Blé hade khouna gha Bla bla Ydire jaime !
",0
2013-06-29T21:52:55Z,une finale contre la Turquie en 1983 inoubliable.,1
2013-06-29T21:51:50Z,"grand joueur, ",0
2013-07-13T01:08:21Z,"Madre mía que manera de buscar la escuadra con los lanzamientos de falta. Los porteros de estos goles no tienen un nivel ni similar a los de la primera división española, pero las faltas se tiran en todos los sitios igual, y una falta puesta de esa manera a la escuadra no lo paran muchos porteros de primer nivel.",0
2013-06-28T04:24:16Z,Ojala le vaya bien en España mucha suerte desde su tierra IBague ,0
2013-06-21T11:48:47Z,"En el Once vimos poco de esa gran calidad, que espero estalle en España, mucha suerte y bendiciones.",0
2013-04-12T17:43:40Z,"SALIO DEL PASTO, Y HA PERDIDO MUCHO NIVEL",0
2013-06-06T14:19:15Z,new ribéry :D ,0
2013-06-06T09:09:32Z,ديما فالاول تيكولو المغرب زوين لكن في ما بعد تكثر الأعذار عنهم وهم كثر كالعربي والتعربت .................واليوم أمرابط ....وأمزال اخير,1
2012-10-24T02:28:18Z,why on earth did the Goalie come out like that ,0
2012-10-20T20:50:24Z,yo! WTH are you talking about ! we won and that it bro! and for your information we didn't not cheat!,0
2012-10-16T16:59:36Z,Ashamed on you all because you have cheated this game ! Cheating isn't wining!,0
2012-10-15T17:06:27Z,Je vois absolument rien du tout,0
