publish_date,title,view_count
2012-11-06T11:01:26Z,SM Caen - Havre AC (2-0) - Le résumé (SMC - HAC) / 2012-13,11488
2012-12-12T23:00:14Z,FC Istres - Havre AC (3-0) - Le résumé (FCIOP - HAC) / 2012-13,1024
2012-12-15T23:00:13Z,Havre AC - Le Mans FC (1-0) - Le résumé (HAC - LEMANS) / 2012-13,1727
2013-03-09T23:00:19Z,AJ Auxerre - Havre AC (4-1) - Le résumé (AJA - HAC) / 2012-13,9781
2013-04-09T10:00:27Z,Havre AC - SM Caen (1-1) - Le résumé (HAC - SMC) / 2012-13,9808
2013-05-11T22:00:12Z,Le Mans FC - Havre AC (0-4) - Le résumé (LEMANS - HAC) / 2012-13,7484
2012-12-22T23:20:53Z,Stade Lavallois - Havre AC (1-2) - Le résumé (LAVAL - HAC) / 2012-13,2787
2013-02-09T23:00:28Z,AS Monaco FC - Havre AC (2-1) - Le résumé (ASM - HAC) / 2012-13,6888
2013-02-23T23:00:15Z,FC Nantes - Havre AC (2-0) - Le résumé (FCN - HAC) / 2012-13,10377
2013-03-02T23:00:14Z,Havre AC - Châteauroux (1-0) - Le résumé (HAC - LBC) / 2012-13,1937
2013-05-25T22:00:36Z,AC Arles Avignon - Havre AC (1-1) - Le résumé (ACA - HAC) / 2012-13,3782
2013-04-27T22:00:13Z,Tours FC - Havre AC (1-2) - Le résumé (TOURS - HAC) / 2012-13,2488
2013-03-17T14:47:44Z,Havre AC - Chamois Niortais (2-1) - Le résumé (HAC - NIORT) / 2012-13,2333
2013-05-18T22:00:11Z,Havre AC - Stade Lavallois (1-2) - Le résumé (HAC - LAVAL) / 2012-13,3257
2013-05-04T22:00:10Z,Havre AC - FC Istres (2-0) - Le résumé (HAC - FCIOP) / 2012-13,2204
2013-01-19T23:00:13Z,Havre AC - RC Lens (2-2) - Le résumé (HAC - RCL) / 2012-13,4319
2012-11-10T23:00:16Z,Havre AC - Clermont Foot (1-3) - Le résumé (HAC - CFA) / 2012-13,3193
2013-02-02T23:00:13Z,Havre AC - Dijon FCO (3-0) - Le résumé (HAC - DFCO) / 2012-13,3899
2012-12-01T23:00:17Z,Havre AC - Tours FC (3-0) - Le résumé (HAC - TOURS) / 2012-13,5375
2013-01-26T23:00:13Z,GFC Ajaccio - Havre AC (0-1) - Le résumé (GFCA - HAC) / 2012-13,1808
2013-01-12T19:54:44Z,Havre AC - EA Guingamp (0-1) - Le résumé (HAC - EAG) / 2012-13,5836
2012-09-09T20:26:56Z,"HAC - AS MONACO, résumé (2-1) 6e journée de LIGUE 2",10739
2012-08-19T14:03:31Z,"HAC - GFC Ajaccio, résumé (2-1) 4e journée de LIGUE 2",2754
