publish_date,title,view_count
2013-01-02T17:44:55Z,MARKO MITRUSIC defender,1280
2013-03-19T13:46:19Z,MITROVIC ALEKSANDAR FC PARTIZAN,71372
2013-03-16T22:24:43Z,Aleksandar Mitrovic #45 || Partizan || HD,84112
2012-11-08T21:43:39Z,07.11. FK Rad - Milan Mitrovic,350
2013-06-14T13:24:08Z,Aleksandar Mitrovic /Newcastle United/ Skills Dribbling &amp; Goals /HD/,61439
2013-01-23T09:47:53Z,Varese 3-2 Brescia 22/01/2013 2012-13 - 21°,6750
2013-04-29T22:24:58Z,Aleksa Dacic (FK C. Zvezda evrogolovi Mitrovica i Dacica) Zvezda-Obrenovac,1643
2013-07-03T16:40:42Z,Hrvatska U20 0-1 Cile U20 - Nicolás Castillo - Svjetsko prvenstvo 2013,4251
2013-06-23T17:47:03Z,Urugvaj U20 0-1 Hrvatska U20 - Ante Rebić Svjetsko prvenstvo 2013,10399
2013-01-09T10:50:46Z,Bovar Karim,3011
2012-12-31T04:21:37Z,Brescia 5-0 Crotone 30/12/2012 2012-13 - 22°,3486
2012-12-21T23:31:30Z,"Mitrovic Darko - season 2011-2012 NK Gradina, FK Sutjeska",542
2012-11-07T15:17:21Z,Milan Mitrovic FC RAD - highlights,5377
2012-12-23T22:32:32Z,Divljački start Pepea,395
2013-01-13T20:24:44Z,"Stefan Mitrović gol za 8-7 ! finale vaterpolo kupa Partizan - Zvezda, 13.01.2013.",2039
2012-10-23T02:16:57Z,Arsenije Živaljević fk Rad  Radnički (O)-Rad 1997. 0-8,284
2013-04-29T11:17:11Z,9 year old soccer player-BRAEDEN-**JNR RONALDO**,661
2013-05-30T11:49:32Z,Martino Kordić,1246
2012-12-30T08:22:46Z,Sasa Ilic goal by kuba9,84
2013-04-28T18:27:21Z,FK Senta - Srem (Gujic penalty goal),643
2012-10-23T13:12:09Z,Kid scores amazing volley goal off another kids back!!!,4402
2012-09-04T21:14:20Z,"Filip Stankovic, 13 years old football talent",1694
2013-05-14T12:37:06Z,Bernardo Costa - SC Beira-Mar - Iniciados A,362
2013-07-04T16:46:37Z,SOCCER IN MOTION Cap U Highlights ON FIRE,411
2013-06-19T07:43:48Z,Cirkovic Lazar FC RAD - highlights,2710
2012-10-21T09:39:26Z,11 year old cristiano ronaldo,5581
2013-05-25T12:35:54Z,Vukanac Nikola (Birkirkara FC),1125
2013-01-28T02:26:18Z,DJORDJE NIKOLIC U-16 GOALKEPPER FK PARTIZAN,3441
2013-03-27T13:16:56Z,Goalkeeper Vladan Grbovic Training Part 11,687
2013-05-15T21:30:03Z,Nikola Stankovic 5 - Defending Goal,197
2012-12-05T00:31:13Z,Mrkela Andrej FC RAD - highlights,5405
2013-04-20T13:23:36Z,Paul Pogba - A New Era Begins HD 1080p,701
2013-04-02T21:26:40Z,Tiago Pereira | S.C. Beira-Mar - Iniciados A,780
2012-12-18T09:37:33Z,Andraž Šporar (OLIMPIJA LJUBLJANA) #2012,1012
2013-06-19T00:09:49Z,Marko Zocevic part 1,680
2012-08-09T12:22:47Z,Nikola Bakic Football Player (Profession),1047
2012-08-28T14:23:33Z,Marko Petrovic Post SV Super goal,280
2013-05-30T20:56:54Z,BSK-Crvena Zvezda 0-1 (20.04.2013),441
2013-04-11T22:42:35Z,"Goalkeeper training,Golmanski trening, vezba 8",1916
2013-01-27T18:23:14Z,"FK Partizan, 3. dan Antalija, pripremna utakmica Sevastopolj-Partizan 2:1 0:0",2383
2013-03-11T16:47:06Z,Seminar Macvanski Okrug,487
2013-06-12T21:03:21Z,"Šećeranac Ada-Bežanija 2, 0 : 3",259
2012-12-05T00:57:58Z,Jovanovic Branislav FC RAD - highlights part 1,153
2013-06-12T22:33:16Z,CEDOMIR RADIC goalkeeper,1778
2013-05-03T15:23:58Z,"Dan škole, OŠ Marka Marulića Ljubuški 25.04.2013., utakmica nastavnici - učenici",4333
2013-07-25T00:37:35Z,Dođite ovamo !! Partizan -FC Shirak 24.07.2013,7068
2013-04-26T11:38:39Z,"Filip Markovic asistencija , Dusan Trajkovic  goll",2005
2013-04-11T14:14:27Z,"Fudbal: FK Železničar - FK Stari Tamiš, 07.04.2013.",421
2013-04-12T22:57:59Z,"Goalkeeper training,Golmanski trening, vezba 9",2358
2012-08-14T13:33:56Z,hnk cibalia--babić krpan škola nogometa pioniri  4:1,1789
