publish_date,title,view_count
2013-02-16T23:00:14Z,GFC Ajaccio - Nîmes Olympique (2-3) - Le résumé (GFCA - NIMES) / 2012-13,2627
2013-04-13T22:00:15Z,CS Sedan - GFC Ajaccio (4-1) - Le résumé (CSSA - GFCA) / 2012-13,6527
2013-03-30T23:00:13Z,Chamois Niortais - GFC Ajaccio (2-1) - Le résumé (NIORT - GFCA) / 2012-13,2199
2013-04-06T22:00:13Z,GFC Ajaccio - AJ Auxerre (0-0) - Le résumé (GFCA - AJA) / 2012-13,1953
2013-04-26T12:33:25Z,CFA | Lyon-Duchère - RCSA : l&#39;avant-match,1488
2013-02-16T19:14:41Z,Conférence de presse GFC Ajaccio - Nîmes Olympique (2-3) / 2012-13,85
2013-05-08T05:19:19Z,23 J CFA 2 IC CROIX  - US BOULOGNE CO,835
2013-02-05T21:24:54Z,CFA OL - Balhouli contrôle sombrero décalage Vs Cannes,7417
2012-10-14T13:18:03Z,GRASSE / OM -  18/03/12 - MENSAH Cédric,158
2013-02-26T12:34:54Z,CFA Lyon - ASM CSC,300
2012-10-20T21:41:37Z,ES PENNOISE - OM  (octobre 2012),1041
2013-03-30T18:43:21Z,Conférence de presse Chamois Niortais - GFC Ajaccio (2-1) / 2012-13,73
2013-05-06T18:29:41Z,"Résumé Vidéo : FCMB 3-0 PSG B (CFA, 31ème Journée)",1447
2013-05-06T14:24:16Z,CFA samedi . 4 Mai 2013.ROYE-NOYON  -  FC CHAMBLY,2220
2012-11-27T11:00:17Z,Clermont Foot - AS Monaco FC (0-1) - Le résumé (CFA - ASM) / 2012-13,7298
2012-09-22T19:59:05Z,RCS - Montceau CFA (but de Ludovic Golliard),1132
2013-01-10T03:07:34Z,Marcel TISSERAND - (CFA-saison 2012-2013) - Monaco vs Marignane,4870
2013-02-22T08:11:10Z,CSG foot sur france 3 Haute Normandie,963
