publish_date,title,view_count
2012-09-10T20:08:44Z,Alessandro Crescenzi con l&#39;under 21,1915
2013-04-09T12:36:07Z,Interviste Betclic: dietro le quinte con Novara Channel,107
2013-02-01T05:33:25Z,"SCUOLA NUMERO UNO  -  Crescenzi, 2000, Roma",422
2013-03-17T03:28:15Z,Novara 5-1 Crotone 16/03/2013 2012-13 - 31°,3419
2013-02-03T14:39:13Z,Novara - Cesena 0-1 Highlights,769
2013-05-02T18:45:55Z,ASSIST - 24ª puntata,105
2013-05-10T17:14:47Z,Interviste di venerdi 10 maggio 2013,122
2013-05-25T16:17:04Z,"W La Botte Tecor-LG Cesolo, rete 0-2 di Vitturini",39
2012-09-24T12:04:49Z,23/09/2012 Goal by Matteo Valente (penalty),112
2012-11-22T02:41:26Z,Pescara 1  6 Juventus FC 10 11 2012,28
2012-10-04T18:09:40Z,Roma-Juventus 1-4 - Radiocronaca di Francesco Repice (21/3/2009) da Radiouno RAI,2073
2012-11-22T00:21:48Z,Primo allenamento per mister Bergodi a Pescara 21-11-2012,1086
2013-02-18T11:24:13Z,"Novara-Hellas Verona 1-0, 26a giornata Serie bwin",1345
2013-01-21T11:56:19Z,Nicolas Lopez CAN&#39;T STOP scoring - five in five for Roma man,2513
2013-07-20T09:32:26Z,Contestazione Osvaldo 20-07-13 Riscone,588
2013-03-16T17:06:19Z,"Novara-Crotone, il Video",1180
2013-05-17T09:20:50Z,Betclic.it invervista Marco Capuano,338
2013-04-14T08:24:50Z,Serie B Win 2012-2013 - 36ª giornata: Novara vs Vicenza,773
2013-06-30T15:12:23Z,Olivier Renard,1952
2013-04-06T18:17:50Z,"Bastrini: &quot;Contento di farmi trovare pronto, oggi battuto un grande avversario&quot;",206
2012-12-26T11:31:29Z,Betclic.it intervista Christian Terlizzi,447
2013-04-23T11:31:50Z,"GIOVANISSIMI NAZIONALI - Gli Azzurrini superano il Torino 1-0, guarda il primo tempo",313
2012-12-06T09:11:19Z,Sala stampa Cagliari Pescara CRISTIANO BERGODI,1250
2012-09-02T12:40:41Z,"Torino Fc-Pescara 3-0(Sgrigna,Brighi,Bianchi)del 01-09-12,real audio intervista Sgrigna dopo partita",2575
2013-04-19T08:19:20Z,Betclic - L&#39;intervista a Raffaele Rubino,204
2012-09-01T18:30:55Z,2012/13 ^ TORINO FC - PESCARA 3:0 ^ real audio,8539
2012-09-01T18:22:29Z,TORINO-PESCARA 3-0 - Radiocronaca di Giovanni Scaramuzzino (1/9/2012) da RadioUnoRai,1954
2012-10-16T13:13:10Z,Vite da campioni Eva Lechner campionessa del mondo in carica Saalfelden 2012 Retesole,316
2012-10-11T10:52:27Z,Conferenza stampa di GIUSEPPE COLUCCI,904
2013-01-21T08:17:22Z,FCS JUNIOR / Berretti FCS - Carpi 2:2 (19.01.2013).mpg,952
