published-time,comment,likes
2013-01-28T12:57:57Z,good player..,0
2013-07-20T16:13:43Z,Ahahahah ancora con questa tarantella...ma come gli andrà di fare 700 km solo per andare ad insultare!!!,0
2013-06-30T20:18:15Z,Welcome!,0
2013-06-30T16:10:48Z,Merci a tous ça fait plaisir grand,0
2012-09-04T03:54:55Z,"Non male il Mahatma Bianchi e Sgrigna in coppia, mordevano di brutto brutto brutto. Chi ben comincia.. 
Bel video, bravo.",0
2012-09-04T10:09:49Z,ahahahah troppo gentile ;),0
2012-09-02T16:03:39Z,"queste sono le partite che dobbiamo vincere, bravi !!",0
2012-09-01T22:40:13Z,"be la rabona, il cross d'esterno..voleva fare il figo verso la fine..c'è da dire che se l'è meritato vista la gran partita che ha giocato!
alè toro!",0
2012-09-01T21:31:20Z,Chi non c'era non ha potuto godere come lo abbiamo fatto noi. E la rabona di Santana? Non esaltiamoci? un paio di palle godiamo come ricci in attesa dell'inter!!,0
2012-09-01T19:23:56Z,"brrrrrrrrrrrrrrrrrrrrrrrrrrrrrrividiiiiiiiiiiiiiiiiiiiiiiiiiiiiii
",0
2012-09-01T18:38:41Z,Ottimo video e ottimo Toro.,0
2012-09-01T18:34:15Z,Il Pescara è una squadra che ormai è retrocessa in serie B con larghissimo anticipo....,0
2012-10-16T13:50:31Z,Colù mi serve na mano pi coje la live masser. (traduzione per i cesenati cogliere le olive),0
2012-10-11T18:22:53Z,Colù va arcoje li pummadore..!!,0
