publish_date,title,view_count
2013-05-19T12:05:27Z,Virtus Lanciano 2012-2013 Salvezza storica in Serie B,4061
2013-03-20T02:53:48Z,"Lanciano-Hellas Verona 1-2, 32a giornata Serie bwin",5915
2012-12-04T18:56:54Z,Virtus: le scuse ufficiali in conferenza stampa,738
2012-10-29T12:21:09Z,Hellas Verona 2-0 Virtus Lanciano 27/10/2012 2012-13 - 11°,641
2013-04-06T16:41:51Z,06 aprile 2013 Mixed Zone Virtus Lanciano vs Juve Stabia - Zito,181
2013-04-17T04:04:03Z,Virtus Lanciano 1-1 Ternana 16/04/2013 2012-13 - 37°,2344
2012-10-30T14:25:39Z,"Hellas Verona-Lanciano 2-0, 11a giornata Serie bwin 2012-13",803
2013-07-25T18:44:20Z,La nuova sfida di Ciro Capuano,746
2013-04-17T10:01:05Z,Serie B: Virtus Lanciano - Ternana 1 - 1,211
2013-07-27T06:08:44Z,Dal Ritiro di Cascia: Fabrizio Di Bella,532
2012-10-27T20:14:04Z,HELLAS VERONA-VIRTUS LANCIANO [GOL CACIA E JUANITO GOMEZ],1299
