published-time,comment,likes
2013-07-10T09:27:39Z,"I have a﻿ NEW Channel ---> LCtributesHD
The link is in the description.

IT will become my MAIN channel, so Please SUBSCRIBE there.

ALL my future videos will be published there.",0
2013-06-19T10:26:16Z,è un po' scuro... ma bello!,0
2013-04-17T10:44:24Z,non capisco come mai dai servizio sono stati tolti i momenti salienti dei rigori.....2 per la ternana e uno per il lanciano che però la palla era uscita......borriello di mantova fa spesso dei casini...,0
2013-03-19T23:20:47Z,HELLAS!!!,1
