published-time,comment,likes
2013-02-08T18:22:39Z,^^,0
2013-02-03T08:45:44Z,"Non, parce que c'était un peu normal que Bordeaux gagne MDR",0
2013-02-02T19:16:44Z,vous avez rager contre Bordeaux? :p BORDEAUX ! <3,0
2013-01-29T19:02:29Z,Ah super !!!!  moi aussi je suis supporter de Châteauroux :) ,0
2013-01-28T11:05:14Z,Eh ouais !,0
2013-01-28T05:32:20Z,ah bon ?,0
2013-01-27T09:54:12Z,"Yes, Chateauroux gagne enfin ! (je suis supporter Castelroussin)",0
2013-01-26T23:22:00Z,Châteauroux  :D !!!!,0
2013-03-30T20:43:53Z,Les boul quand même à la 93 eme minute!,0
2013-06-11T18:59:49Z,centre raté =but !!! vive eag,0
2013-05-19T19:31:35Z,"en premier je rentre
",0
2013-05-19T19:30:19Z,"moi je rentre avec fathi atik
",0
2013-01-01T14:35:34Z,laurie ... dsl ^^,0
2012-12-05T22:16:43Z,"pqoqlqllqlllppñqñaamksosolwmsliwiowoowieiolwlkllqñsm,,,.ñ@Miguel Feutren",0
2012-12-05T10:20:24Z,oui guigamp aller aller!,0
2012-12-05T03:54:49Z,Hugh,0
