publish_date,title,view_count
2012-12-22T23:15:16Z,Nîmes Olympique - Chamois Niortais (3-1) - Le résumé (NIMES - NIORT) / 2012-13,2312
2012-11-10T23:00:16Z,Dijon FCO - Nîmes Olympique (2-1) - Le résumé (DFCO - NIMES) / 2012-13,1450
2013-03-30T23:00:14Z,SM Caen - AC Arles Avignon (1-1) - Le résumé (SMC - ACA) / 2012-13,2720
2012-09-08T10:51:16Z,Croco Hebdo du 04 septembre 2012,560
2013-05-21T22:08:08Z,Croco Hebdo du 21 mai 2013,159
2012-11-10T21:21:03Z,Conférence de presse Dijon FCO - Nîmes Olympique (2-1) / 2012-13,48
2013-01-08T17:04:54Z,Une belle ovation pour la sortie de Thibaut Privat,9181
2013-03-01T17:33:44Z,But | Football | Temple du Foot Rouen | Romain,68
2013-05-04T22:00:10Z,AC Arles Avignon - EA Guingamp (0-2) - Le résumé (ACA - EAG) / 2012-13,5003
2012-12-23T23:00:25Z,Goal Maxime BARTHELME (48&#39;) - FC Lorient - Stade de Reims (2-2) / 2012-13,515
2012-12-21T10:04:41Z,avant Nîmes - Niort du 21 12 2012,35
2013-03-14T09:25:33Z,But | Football | Temple du Foot Rouen | Thibault,207
2013-05-08T01:28:13Z,FC Metz vs CA Bastia - Le match de la montée en ligue 2 - Thibaut Bourgeois 0&#39;28,1831
2013-02-09T23:00:28Z,Châteauroux - EA Guingamp (3-1) - Le résumé (LBC - EAG) / 2012-13,4246
2013-05-25T22:00:36Z,EA Guingamp - Dijon FCO (2-0) - Le résumé (EAG - DFCO) / 2012-13,24486
2012-08-06T06:41:58Z,But | Football | Temple du Foot Toulouse | Thomas,177
2012-11-03T23:47:57Z,Clermont Foot - EA Guingamp (1-2) - Le résumé (CFA - EAG) / 2012-13,4091
2013-01-26T23:00:13Z,Clermont Foot - SM Caen (0-0) - Le résumé (CFA - SMC) / 2012-13,1222
2013-01-07T17:34:10Z,But | Football | Temple du Foot Rouen | Damien,30
2013-02-17T17:46:40Z,fc dieppeC 0 - 1 yvetot.mp4,199
2013-04-06T22:00:13Z,EA Guingamp - Clermont Foot (0-0) - Le résumé (EAG - CFA) / 2012-13,2101
2013-01-01T13:52:29Z,But | Football | Temple du Foot Rouen | Romain,59
2012-08-06T06:40:57Z,But | Football | Temple du Foot Rouen | Hector,35
2012-12-12T23:00:14Z,EA Guingamp - AC Arles Avignon (0-0) - Le résumé (EAG - ACA) / 2012-13,869
2012-12-03T15:28:30Z,But | Football | Temple du Foot Rouen | Ghislain,27
2013-01-04T12:40:53Z,BUT DE GALTIER FACILE ARLES AVIGNON SPILBREG,725
2013-03-14T09:33:35Z,But | Football | Le Five Bezons | Mani,98
2012-11-14T09:07:39Z,But | Football | Temple du Foot Rouen | Flo,16
2013-02-11T14:08:44Z,But | Football | Le Five Bezons | Larbi,4998
2013-02-22T09:06:03Z,But | Football | Temple du Foot Rouen | Martin,187
2013-02-06T21:38:31Z,But Muller France-Allemagne,434
2013-04-08T16:28:17Z,But | Football | Le Five Creteil | Yoni,230
2012-08-24T12:11:29Z,But | Football | Temple du Foot Rouen | Colombel,12
2012-12-11T09:08:03Z,Le but du Mois | Décembre 2012 | mySportConnect.net,18203
2012-11-29T00:56:32Z,SO.CAILLOLS - O MARSEILLE ©TUVISPORT 25 NOVEMBRE 2012,1899
2013-01-03T08:30:31Z,But | Football | Funny Fut5 | Florian,9046
2012-09-17T09:31:28Z,But | Football | Temple du Foot Rouen | Mustapha,287
2012-09-06T10:03:19Z,But | Football | Temple du Foot Rouen | Mehdi,130
2013-03-18T09:01:23Z,But | Football | Temple du Foot Rouen | Ahmed,457
2013-04-03T08:41:43Z,But | Football | Temple du Foot Rouen | Devrim,176
2012-11-15T18:43:07Z,Le Meilleur Gardien Belge,662
2013-02-20T08:57:22Z,But | Football | Temple du Foot Rouen | David,41
2013-02-11T14:04:06Z,But | Football | Temple du Foot Rouen | Axel,39
2013-03-20T10:43:40Z,But | Football | Temple du Foot Rouen | Riad,138
2013-02-11T14:27:59Z,But | Football | Temple du Foot Rouen | Axel,78
2013-02-12T09:30:36Z,But | Football | Temple du Foot Rouen | Guillaume,4610
2012-08-01T10:59:45Z,But | Football | Temple du Foot Rouen | Thomas,181
2012-10-10T08:22:30Z,But | Football | Temple du Foot Rouen | Alex,206
2012-11-21T13:32:19Z,But | Football | Temple du Foot Rouen | Walid,1199
2012-08-16T18:47:40Z,But | Football | Temple du Foot Rouen | Serna,301
