published-time,comment,likes
2013-01-01T17:57:59Z,"Je suis un fan d'Avignon
",0
2012-12-26T16:03:24Z,ALLEZ NIMES !!!!!!!!!!,0
2013-03-31T08:52:07Z,Il disent ''Perquis a eu quelques Parades décisives à faire'' C’était Bosmel à la 2 Mi-Temps U_u,0
2013-05-19T14:25:34Z,j'en ai la chair de poule.,0
2013-01-29T18:09:09Z,Magnifique.!!,0
2013-01-10T07:59:25Z,"Merci pour tout le grand ! Cet hommage est bien maigre pour tout ce que tu nous as apporté, même 1 an et demi après ton départ. ",0
2013-05-10T14:33:08Z,Guinguamp en ligue 1 ça compense Brest en ligue 2...,1
2013-05-06T19:58:31Z,Samassa va devenir un grand gardien et Guingamp peut devenir une équipe stable de ligue 1 mais avant il faut monter et c'est pas gagné encore ! =) Allez EAG !!,1
2013-05-05T16:40:48Z,"très bien le résumé il y a même pas le deuxième but!
",1
2013-05-05T13:40:02Z,Gros match de samassa dommage pour nous,0
2013-05-04T23:07:12Z,Mdr! Et le but de Imbula???,2
2013-05-04T22:28:03Z,ALLEZ GUINGUAMP !!!,1
2013-04-08T16:03:30Z,"Venga reconocedlo, ¿Quién viene desde BetisWeb?",0
2013-05-24T20:42:06Z,Le cab monte aussi,0
2013-02-10T23:32:14Z,Allez Berri!,1
2013-06-02T21:46:59Z,Dijon en jaune ?!?!,1
2013-05-31T09:50:09Z,Trop,1
2013-05-29T16:16:51Z,"Même pour les coupes : Nantes, Rennes, Lorient, Guingamp, Vannes, Brest ... (dites si j'en oublie)",0
2013-05-26T11:26:17Z,Ca va faire de sacrés derbys en ligue 1..,1
2013-05-26T05:27:45Z,C'était dingue au Roudourou!!! EAG<3,3
2013-05-25T22:03:33Z,Bien joué EAG (de la part d'un dijonnais) :D,4
2013-04-07T12:02:52Z,Un match splendide avec des perf de gardiens énorme :D,0
2012-12-13T12:41:17Z,ACA ALLEZ !!!!,0
