published-time,comment,likes
2013-05-01T10:16:24Z,Second,0
2013-03-11T17:58:12Z,First,0
2013-07-10T17:20:02Z,he just had one horrible game ( this one ) when he did 2 or 3 big fails (he hasn't a good mental i think because once he did one he was like totally away ) but he has been fantastic throughout the season with some unbelievable games :),0
2013-05-14T01:38:47Z,and yet he still got TOTY consistant in FIFA 13?,0
2013-05-09T23:23:27Z,O merde cte boulette OMG !!,0
2013-03-13T15:26:08Z,c vrai,0
2013-03-11T15:49:14Z,MDR x) ,0
2013-03-11T13:24:17Z,"Non mais là c'est juste de la chance, même la pub avec Casillas que se recoiffe est plus intéressante...",0
2013-03-11T12:43:35Z,"quand la balle est rentrée, ca l'agassa :)
",0
2013-03-10T23:10:27Z,Je suis le premier vue,0
2013-01-30T14:37:14Z,nicolas de preville vient chez nous a reims ,1
2013-01-21T23:09:04Z,"Enorme equipe de Istres qui, quand elle est au max, fait des choses enormes comme en coupe de France par exemple :D ",1
2012-10-28T09:55:10Z,et le joueur de Istres dans le fond par terre sur le dernier but?? lol,2
2013-06-08T22:03:32Z,What a goal OMG,0
2013-05-22T12:52:26Z,"Força e corage  Fortes La Famille
",0
2013-07-16T11:48:39Z,il est meilleur jeune,0
2013-05-23T15:47:31Z,Trabzonspora gel yattara,0
2013-03-17T20:45:29Z,yattara est le futur eto'o,0
2013-03-19T19:24:59Z,Lol Reims a eu une frappe et un but... Mais bon Rennes a mal joué mais pour moi le match aurait été emplement mérité mais bon les arbitres sont juste... pas grave mais perdre contre le 17eme de Ligue 1 quand on veut être européen c'est pas facile,0
2013-03-19T17:26:42Z,Il son trop fort le stade et bien joue rennes,0
2013-03-19T15:24:02Z,aller le stade aller les rouges ;),0
2013-03-18T18:35:52Z,Aightt!!!,0
2013-03-18T16:23:08Z,"magnifique victoire du stade de reims
",0
2013-03-18T07:58:52Z,"Bien joué Reims faut confirmer contre Evian maintenant !
",0
2013-03-18T05:49:12Z,C qui les bg,0
2013-03-11T10:36:23Z,"most keepers in ligue 1 are rly good, trust me on that one",0
2013-03-11T01:07:41Z,I feel so bad for Agassa :(,0
2013-03-11T00:55:40Z,"Very Sucks Goalkeeper In Ligue 1 , So Very Easy Scoring This Match .....",0
2013-07-27T10:30:18Z,Ferme ta gueule gros conard en attendant Reims =ligue 1     Troyes=ligue 2,0
2013-07-12T22:19:52Z,"d'accord, si tu veux, mais en attendant regarde les ""arrêts"" que le gardien de reims nous fait dans cette vidéo. 4 ""boulettes"" dans un derby ca fait désordre. 4-2 le score parle...",0
2013-07-06T08:54:36Z,"De 1 je rappelle que Agassa est le 3eme meilleur gardien d'europe avec le meilleur ratio de tirs arrêtés devant Neuer et Sirigu
De 2 une perte de confiance arrive à tous les gardiens même les plus forts au monde donc regardez les autres matchs comme Bordeaux - reims ou Reims - marseille avant de critiquer",1
2013-07-06T08:52:35Z,"Le typique rageux, Troyes est en ligue 2 et voilà ce que deviennent les supporters, reims est champion, troyes est merdique l'om sont deuxièmes et le mec vient me voir parce que vous avez 37 points... Il n'y a pas d'écoles à Troyes ? Tu devrais prendre des cours particuliers car j'ai pris 10 minutes pour déchiffrer ton message. J'ai peur de troyes Olàlà ils ont battu une équipe du top 3 ... Aïe le mec se vente d'une ou deux victoire dans le top 10 avec une équipe de merde... Reims L1 Troyes L2",1
2013-07-03T00:51:51Z,"merci a toi, enfin quelqu'un qui dis pas e la merde!!! ;)",0
2013-07-03T00:49:25Z,"MOI JE MET UN POUCE VERT, CAR J'ENCULE LE SDR ET JEN SUIS FIER!! 
",1
2013-07-02T19:23:52Z,"Mon dieu... Comment il est pourri le gardien de Reims, on se croirait en angleterre... Je ne suis ni remois ni troyen mais franchement j'ai jamais vu une brele pareil, quelle honte.. L'équipe de Troyes propose tellement du beau jeu qu'elle Mériterait amplement de rester en Ligue1 à la place de Reims qui doit revoir sa copie. (Bon courage à Reims tout de meme il y a du boulot).",2
2013-06-08T22:02:50Z,"Reims à quand les champions de france ? Même si c'est pas pour maintenant on reste les meilleurs... Les troyens : vous avez battu le PSG ? non vous vous êtes fais explosés...  Vous avez battu Lyon ? Non je crois pas encore explosés :3 Troyes en ligue 2 et Allez reims !!! Si les bleus (qui ont le niveau de DH et qui ont beaucoup de chance) insultent, c'est que vous avez peur des autres ... 
",0
2013-06-01T17:15:55Z,* Ta mère la bouzeuse !,0
2013-06-01T17:14:46Z,T'es qu'une merde tu t'en prend à une fille sérieux pfff et t'a vu ton Estac il est où ? En ligue 2 par contre lui Reims il reste en ligue 1 c'est pas de la faute du stade si vous avez joués comme des merdes ...,0
2013-05-02T07:53:14Z,"Si t'encule le stade de reims met un pouce vert !!
Allez l'Estac !!!!!!!!! <3",3
2013-05-01T21:42:14Z,ICI C TROYES!!!!! LA CHAMPAGNE EST TROYENNE ET ELLE LE RESTERA!!!!!,1
2013-04-30T10:10:32Z,Oui,0
2013-03-28T20:40:19Z,yattara 2em bout allez estac,1
2013-03-20T06:09:26Z,Bon on arrête on vous avez gagner contre Marseille et nous contre Paris.,0
2013-03-20T00:13:34Z,"fait l'efor de cliquer sur ""repondre"" quan tu veux me repondre car sinon je ne sais pas si tu me repon si je vien pas voir
merci",0
2013-03-20T00:11:59Z,"et alors??? on a battu marseille nous, vous avez fais quoi contre marseille????? excuse moi garçon!!!!! sauf que ancelotti c servi de vous pour fair des teste car ancelotti sen branle de la ligue car il vise la ldc, donc rien d'étonan!!!!!",0
2013-03-18T06:01:49Z,Oui on a gagné regarde,0
2013-03-18T00:44:10Z,"tu veux jouer le malin parce que vous avez ""gagné"" contre paris??? (oui jmet gagné car vous ètes loin de les avoir ""battu""), mais mon pauvre amis les parisien avait déja 3 match en 5 jour dans les patte alor de quoi tu parle???? vous, vous avez rien branler de la semaine cette semaine la!!!!!  ET C'EST PAS LES MATCH DE LA COUPE DE FRANCE QUI VOUS ON FATIGUER XPTDRRRRRRRRRRRRRRRR !!!!!!!!!!!! ",0
2013-03-18T00:30:33Z,+1  ;),0
2013-03-16T16:19:44Z,"Agassa s'est bien chier
",0
2013-03-16T08:40:40Z,Allez reims,0
2013-03-16T08:39:38Z,Reims n a pas perdu 4-0 contre paris donc chute,0
2013-03-15T12:58:47Z,Ferme ta geule toi regarde le clasement des meilleurs gardiens de ligue 1 apres tu parlera bouffon ,0
2013-03-14T20:20:30Z,"TKT pour mon français man, et tu iras dire au bad gone ou au magic fan que c'est QUE du sport quand ils se rencontrent!",0
2013-03-14T20:18:54Z,"bah oui c'est vrais mais c pas une question de savoir, c'est un probleme de gestion, si c'etait un probleme de savoir on prendrait des but des le début et pas que a la 80eme, et on dominerait pas les rencontre!!!! c'est un manque de confiance et surtout que la défence perd ses moyen quand l'équipe mene. furlan a aussi l'art de renforcer l'attque a 10 min de la fin au lieu de vérouiller la défence!!!",0
2013-03-14T20:12:07Z,"c'est malheureusement vrais, lorsqu'on mene on dirait qu'ils panique, c'est fou ca!!!!! ",0
2013-03-13T18:26:17Z,srx tu te fait trop un monologue toi mdr g pitier pr toi,0
2013-03-13T18:21:50Z,tu te fait un monoloque conard de troyen???,0
2013-03-13T13:11:52Z,Le gardien de but a vendu le jeu,0
2013-03-13T11:09:55Z,"et lors d'un derby, le classement n'as rien a voir, je t'avoue au classement on manque de réussite, on domine la plupart de nos match mais on rencontre toujours les même problème dans les 10 dernière minute, a savoir vérouiller la déffence, furlan semble l'avoir compris mais bien trop tard, pourtant c'est pas faute de lui avoir dis, si les match durais 80 min on serait dans les 10 premier, mais il y as plus importent que le classement dans un championnat, les derby, et la, on a été les meilleurs",0
2013-03-13T10:57:10Z,"tu m'excusera cher ami, troyes capitale historique de la champagne, renseigne toi ;)",0
2013-03-12T15:10:48Z,0:51- 1:43 - 2:13 - 3:05,0
2013-03-12T14:30:44Z,troyen antiremois capital de la champagne...CHALON-EN-CHAMPAGNE et puis troyes et classer combien?? Et puis si tu veux regarder dans le passé ok combien de fois vous ete allé en finale de la ligue des champions?? Agassa a le 3ème meilleure ratio D'EUROPE. Je respecte troyes mais trop c'est trop. Reims cité des sacre et oui...,0
2013-03-11T23:23:37Z,Agassa est nul x) ,0
2013-03-11T18:46:16Z,"Greg De myunck, ce ne sont pas des excuses mais des constats si tu regardes bien: sur le 1er, le ballon fait un rebond bizarre sur la pire partie du terrain et le trompe. Sur le 2ème le terrain n'est pas responsable c'est vrai mais pas le gardien non plus. Sur le 3ème là encore le terrain le gêne au moment de l'extension c'est pour ça qu'il relâche le ballon. Enfin le 4ème découle des buts précédents qui l'ont démoralisé (et là le terrain n'a rien à voir c'est vrai...).",0
2013-03-11T18:10:56Z,je suis supporteur de Paris mais je veux que le stade reims se sauve. Alors mettez le gardien no 1 de la selection haitienne dans la cage car il a tout a prouve. Il se bat pour etre selectionnez dans l equipe d haiti pour la coupe d'or. ,0
2013-03-11T18:04:42Z,Le stade est très bien et la pelouse aussi ces juste que on ces pris une averse sur la gueule qui a tous tremper,0
2013-03-11T17:38:52Z,"Sur ce match c'est vrai , sinon sur l'ensemble de la saison il a pas étais mauvais ",0
2013-03-11T17:03:50Z,Agassaaaaaaaaa 33333,0
2013-03-11T13:23:14Z,"Sans l'état pourri du terrain il y aurait eu 2 à 1 pour Reims car Agassa est vraiment très fort, dommage que le terrain lui fait passer pour un boulet...",0
2013-03-11T13:20:56Z,"Non mais déjà , avez-vous vu l'état du terrain ? C'est honteux d'avoir ce genre de térrain en Ligue 1.",1
2013-03-11T12:24:35Z,Guito pas faux mais c'est un sauvetage quand même. Ps: comme dirait Jacques villeret mdr. Agassa 3 boulettes sur 4 buts..,0
2013-03-11T11:41:48Z,"Agassa étais pas du tout dedans, mais sa peut arriver regarder MANDANDA face a Valencienne sont match étais rater donc cette journer la c'est arriver pareil a Agassa",0
2013-03-11T10:49:48Z,"Agassa, fils caché d'Apoula Edel",0
2013-03-11T06:01:50Z,"Sauvé par sa ligne 1m50 devant ?
C'est comme les commentateurs qui disent plein lucarne alors que le ballon est a 1m50 de hauteur, pathétique.
C'était si pourri que ça le match ?",0
2013-03-11T02:35:14Z,C'est dur ce genre de match pour Agassa ...,0
2013-03-11T00:37:53Z,Il faut rappeller aux rémois et surtout à Agassa qu'il y a 38 matches en ligue 1 et pas seulement 1 contre le PSG... Pathétique cette mentalité !,1
2013-03-11T00:28:34Z,"hahaha, quelle boulette",0
2013-03-11T15:48:23Z,Qui est le rageux de Remois qui a dislike ?,0
2013-05-19T16:59:16Z,Jeté a ce match en tant que ramasseur de balle,0
2013-06-29T05:10:09Z,"simulation sur le pénalty
",0
2013-05-21T17:12:12Z,Et c simulation pas simultion,0
2013-05-21T16:00:05Z,Super Audart de la part d'un Remois !! Allez le Stade !!!!,0
2013-05-20T17:58:16Z,Thierry ferme ta gueule y a faute et allez le stade,0
2013-05-20T15:36:59Z,Povre diego grosse pensee pr tt bn retablissement et ALLER LE STADE!!!!!,0
2013-05-20T11:34:23Z,lorient perd encore sur simultion,0
2013-05-20T08:24:21Z,les vieux rageut de Lorient !!! simulation mon cul !!! Allez Reims !!! ,0
2013-05-19T22:07:40Z,TG !!!,0
2013-05-19T13:51:06Z,"Arrêtez de rager les lorientais des tribunes comme en retransmission il y a bien faute même si ce n'est pas une très grosse il y a quand même un petit quelque chose. Et je pense aussi que dans ce match vous avez eu beaucoup de chance de ne pas vous prendre un 4-0 donc n'allez pas rager, reims a mérité sa victoire et son maintien, bravo aux rémois et à l'année prochaine, une grosse pensée pour Diego qui mettra du temps à revenir sur la pelouse.",0
2013-05-19T11:49:46Z,Il pleure et tu dit qu'il simule --' ,0
2013-05-19T10:12:52Z,Diego c'est blesser tous seul après le pénaltie ,0
2013-05-19T09:54:50Z,"Et même pas de carton ..
",0
2013-05-19T09:54:33Z,"Simulation avec une rupture du tendon rotulien ? 
",0
2013-05-19T08:16:00Z,Petite penser pour Diego,0
2013-05-19T08:06:41Z,On reste en L1 on reste en L1 lalalalala. Ca aura été dur mais on l'a fait merci a tous nos joueurs et au staff.,0
2013-05-19T07:29:41Z,"simulation de diego
",0
2013-04-10T09:47:39Z,tu dis sa mais c'est de la grosse bouse de vache qui a la chiasse !! ,0
2013-03-03T11:31:10Z,On dit que l'ASSE est mauvais mais la ...,0
2013-03-01T14:17:05Z,On me voit ^^ BSN 85 !!!!!!!!!!!!!,0
2013-03-01T10:20:24Z,Ici.c reims,0
2013-03-01T10:18:05Z,commentaire utile,0
2013-02-25T11:07:42Z,reims,0
2013-02-25T07:27:09Z,Allez Nice !!,0
2013-03-11T00:24:27Z,"first view
",0
2013-03-18T20:59:00Z,"if first wasnt cool... what about 1,000th??",0
2013-06-02T15:20:43Z,AGASSA CT PAS SON JOUR,0
2013-05-13T20:32:36Z,music ??,0
2013-05-07T10:10:28Z,pas bo mollo,0
2013-03-16T22:58:19Z,Quand Zlatane lève le doigt Chuck Norris tremble,0
2013-03-16T15:13:55Z,"...
",0
2013-03-12T23:48:07Z,le gardien de reims est légèrement mancho,0
2013-03-12T23:42:47Z,toujour la méme pub de merde:(,0
2013-03-12T22:56:35Z,En fait Troyes Reims ça fait 4 erreurs de Agassa donc quatre buts pour Troyes et 2 erreurs de la défense de Troyes donc 2 buts ...,0
2013-03-12T21:22:36Z,C'etait pas son jour au gardien de reims,0
2013-03-12T20:36:06Z,2 buts de merde de Zlatan... Il aurait pu en mettre des plus beau et plus construit...,0
2013-03-12T15:03:51Z,ISSA NISSA !,0
2013-03-12T10:11:27Z,agassa d'habitude tu est notre sauveur mais la ......,0
2013-03-11T16:57:07Z,Gignac aurait put mettre une superbe retournée si seulement il prenait son temps ...,0
2013-03-11T15:26:03Z,Y a pas eu de buts !,0
2013-03-11T15:25:20Z,Ils ont oublié le match OL-OM.,0
2013-03-11T00:30:16Z,D accord...,0
2013-03-11T00:24:46Z,"èfgilhomipj^$o
",0
2013-03-11T16:27:39Z,samba d'or ????? XD,0
2013-02-13T20:37:23Z,J'ai eu peur qui ne le mette pas,0
2013-02-11T01:20:42Z,very good penalty,0
2013-06-23T20:58:08Z,come to olympiakos ,0
2013-04-26T08:45:38Z,Moi j'ai vu Rennes- St Etiennes (2-2),1
2013-03-30T13:05:23Z,tout le monde a fait de beau matche,0
2013-03-20T09:01:14Z,saintééé!,0
2013-03-17T19:40:05Z,L'année derniere Paris a fini 2 eme et il y avait autant d'investissement !,0
2013-03-17T11:39:38Z,"saint-etienne!!

",2
2013-03-15T13:26:09Z,St-etienne en ligue des champions !!!,1
2013-03-14T17:04:30Z,"nice en ligue des champion !!
",0
2013-03-13T18:58:42Z,mdr mrmisterf24  le psg c pourri sa représente rien appart un gros tas de fric ouahou quel mérite de se faire aider par des émirats pleins aux as ! faut leur dire merci sans eux le psg serait loin d’être premier !!!   ,2
2013-03-13T15:15:42Z,"marre
",0
2013-03-13T15:15:33Z,"Pouce vert si toi t'en a arre que sa bug
",3
2013-03-13T09:21:04Z,"Ah là j'adore, tu nous sors plein  de trucs mais sache que si c'est comme tel c'est grâce aux qataris :)",1
2013-03-12T23:12:24Z,Pourquoi faire une comparaison avec Paris SG ? le Losc est une bonne équipe de L1 mais sa va pas plus loin vu leur niveau en LDC,0
2013-03-12T19:48:35Z,"PSG ---> 1er du championnat avec 57 points soit 4 point de plus que le 2nd 
---> Qualifié pour en quart de Coupe de France 
----> Qualifié en quart de ligue des Champions 
---> Ils ont le meilleur joueur brésilien d'europe, le troisième meilleurs buteur en Europe, et j'en passe..

Lille ---> 6è du championnat 
 ---> éliminé de la coupe de France 
---> éliminé de la ligue des Champions (lamentablement au passage)

En effet, mieux que le PSG,!
 ",0
2013-03-11T19:45:28Z,"ils étaient assez jolie les buts.
",0
2013-03-11T16:55:50Z,ba c un resume imbecile va ,0
2013-03-11T11:00:49Z,Dégage Casillas !,0
2013-03-11T09:29:39Z,"Perso, j'aime toutes les équipes mais je préfere le PSG",0
2013-06-03T17:36:18Z,Allez nice,0
2013-06-02T20:24:10Z,Aller l om,1
2013-06-02T12:26:16Z,Très bon match du gardien reimois,0
2013-06-01T10:44:04Z,L'utilité du message dans un match comme celui-ci ?,0
2013-06-01T10:43:45Z,Haha bien lancé Arthur :),0
2013-05-31T11:40:19Z,Valbuena meilleur passeur du championnat. Fuck les rageux..,0
2013-05-30T16:21:49Z,"En francais ? ""Lance un Bescherelle"". Si t'es pour Paris t'as rien à faire ici alors tu dégages ",0
2013-05-29T19:54:30Z,Paris paris on t'encule!!!!!!!!!!!,0
2013-05-29T18:19:15Z,Ou pas... mdr,0
2013-05-29T17:50:38Z,tres bonne saison de MARSEILLE!!! merci les gars pour cette 2 eme place et a paris je dis rendez vous en ligue des champions et l'année prochaine elle est pour nous la ligue1,0
2013-05-29T11:39:36Z,Allez MARSEILLE plutôt!! <3,1
2013-05-29T10:08:06Z,faut croire que non trop individualiste à certains moments!,0
2013-05-29T00:00:14Z,allllllllllllllllllllllllllllllllllllez Zidaaaaaaaaaaane!! le rugby c'est trop un sport de beaux gosses!,0
2013-05-27T20:20:43Z,Putain les gars fallait gagner contre ses putain de nordiste,0
2013-05-27T16:40:41Z,agassa est bon en ten que goal,0
2013-05-27T16:32:37Z,"trés beau match
",0
2013-05-27T16:30:07Z,je dit tout le temps ça,0
2013-05-27T11:55:00Z,"Mytho :p
",0
2013-05-27T11:12:31Z,"Match truqué 

",1
2013-05-27T10:55:01Z,Très beau le maillot de ligue des champions !,0
2013-05-27T10:20:28Z,Gignac ca lui arrive de lever la tete et faire une passe ?,0
2013-05-27T09:57:14Z,Oh les gens le match c etais om - reims pas om - psg vous connaisez rien au foot,0
2013-05-27T06:45:46Z,Allez Reims <3,1
2013-05-27T06:29:25Z,Pariiiiiis est magique ...Marseille c'est réel ! ,0
2013-05-27T02:27:03Z,Ferme ta gueule,0
2013-05-27T02:26:03Z,prout,0
2013-03-15T18:00:38Z,2:53 The most shitty Goalkeeper :/,0
2013-03-12T01:19:28Z,Thanks ligue 1,0
2013-03-11T17:29:38Z,"very nice week,very nice goals! :)",0
2013-03-14T11:49:11Z,"Très bonne recrue, il commence à devenir un des chouchous du stade...",0
2013-03-14T09:18:05Z,"trop fort ce gars, je le veux au PSG la saison prochaine à la place de Menez qui fait la gueule et qui sert à rien ...",0
2013-03-11T15:59:14Z,Maor best wishes from Wisla Krakow! : >,0
2013-06-26T19:09:54Z,oui mais depuis 2012,1
2013-06-14T17:54:10Z,"Et qui ce qui ils ont faits ya pas longtemps (2013 Marseille 2-1 Bordeaux)
",1
2013-04-06T18:01:21Z,"c est bon jai vu
",1
2013-04-06T18:00:45Z,"c'etait la 23eme journee?

",1
2013-01-22T20:31:06Z,NUFC,1
2013-01-21T16:18:14Z,Newcastle want him,1
2012-11-25T23:53:32Z,Belle victoire ! Aller Bordeaux !,2
2012-11-24T12:08:11Z,"36 ans d'invincibilité contre l'OM en championnat à Chaban. Bravo les gars, dommage qu'on ne les ai pas battus avec tout leurs joueurs, cela aurait été plus beau... Seule la victoire est belle !",2
2012-11-24T10:28:14Z,bien fait Gouffran,1
2012-11-23T16:55:13Z,Gouffran encore,1
2012-11-21T06:58:40Z,Allez Bordeaux !!!!!,1
2012-11-20T14:45:12Z,hahaha renseigne toi avant de parler 36 ans sans victoire de marseille à bordeaux,1
2012-11-20T14:36:52Z,Mdr sa y est pour une fois que bordeaux bat marseille alors qu'il manque gignac ayew barton rémy bordeaux se crois au dessus --',1
2012-11-19T20:01:15Z,n'oublions pas l'entré de l'impact player apruzesse... hahahaha!!!! ALLEZ BORDEAUX!!!! 36 ANS !!!!!,1
2012-11-19T19:57:56Z,b c'est ton avis mais bon marseille a jamais battu Bordeaux depuis 1977,1
2012-11-19T18:35:01Z,Merci pour la traduction :),1
2012-11-19T18:01:15Z,L'OM i son mieu,1
2012-11-19T17:48:11Z,C'est Bordeaux !!! Aller Bordeaux !!!,1
2012-11-19T07:36:03Z,En francais ?,1
2012-11-19T07:10:02Z,"هدف رائع جداً 
الى الامام بوردو 
",0
2013-06-16T06:28:12Z,"j'i etait
",0
2013-04-21T22:20:10Z,grosse moule,0
2012-09-09T08:59:28Z,"j'étais en erdre aussi, d'ailleurs je me vois a 9min21 pile au moment de la tete de filip ^^",0
