publish_date,title,view_count
2013-03-10T23:00:30Z,But Nicolas DE PREVILLE (65&#39;) - ESTAC Troyes - Stade de Reims (4-2) / 2012-13,2137
2013-02-15T18:57:51Z,"Nicolas De Préville, 15 février 2013",1284
2013-05-09T09:56:27Z,"Nicolas De Préville, 7 mai 2013",335
2013-03-10T22:59:07Z,Premier but Corentin JEAN 17 ans (7&#39;) - ESTAC Troyes - Stade de Reims (4-2) / 2012-13,3514
2012-10-27T22:00:12Z,FC Istres - Tours FC (4-1) - Le résumé (FCIOP - TOURS) / 2012-13,4169
2013-03-10T23:00:37Z,Goal Mohamed YATTARA (90&#39;) - ESTAC Troyes - Stade de Reims (4-2) / 2012-13,1040
2013-03-10T23:00:32Z,Goal Nicolas DE PREVILLE (65&#39;) - ESTAC Troyes - Stade de Reims (4-2) / 2012-13,128
2013-03-10T22:59:07Z,Doublé Corentin JEAN 17 ans (70&#39;) - ESTAC Troyes - Stade de Reims (4-2) / 2012-13,4621
2013-03-10T23:00:30Z,But Odair FORTES (77&#39;) - ESTAC Troyes - Stade de Reims (4-2) / 2012-13,1477
2013-03-10T23:00:32Z,Goal Corentin JEAN (7&#39;) - ESTAC Troyes - Stade de Reims (4-2) / 2012-13,236
2013-03-17T23:00:48Z,Stade de Reims - Stade Rennais FC (1-0) - Highlights (SdR - SRFC) / 2012-13,517
2013-03-10T23:00:30Z,But Mohamed YATTARA (90&#39;) - ESTAC Troyes - Stade de Reims (4-2) / 2012-13,22120
2013-01-18T16:27:21Z,Stade de Reims: De Préville bientôt rémois... mais,454
2013-03-10T23:00:32Z,Goal Corentin JEAN (70&#39;) - ESTAC Troyes - Stade de Reims (4-2) / 2012-13,256
2013-03-10T23:00:32Z,Goal Odair FORTES (77&#39;) - ESTAC Troyes - Stade de Reims (4-2) / 2012-13,739
2013-03-17T23:00:47Z,Stade de Reims - Stade Rennais FC (1-0) - Le résumé (SdR - SRFC) / 2012-13,4910
2013-03-15T21:32:26Z,Nico De Préville le 15 mars 2013,235
2013-05-27T03:01:12Z,Olympique de Marseille - Stade de Reims (0-0) - Highlights (OM - SdR) / 2012-13,1535
2013-03-10T23:00:42Z,ESTAC Troyes - Stade de Reims (4-2) - Highlights (ESTAC - SdR) / 2012-13,1718
2013-03-10T14:01:05Z,Interview de fin de match : ESTAC Troyes - Stade de Reims (4-2) / 2012-13,455
2013-03-10T23:00:39Z,ESTAC Troyes - Stade de Reims (4-2) - Le résumé (ESTAC - SdR) / 2012-13,30885
2012-10-20T22:00:12Z,Clermont Foot - FC Istres (2-1) - Le résumé (CFA - FCIOP) / 2012-13,2971
2013-03-10T23:00:30Z,But Julien FAUSSURIER (55&#39;) - ESTAC Troyes - Stade de Reims (4-2) / 2012-13,847
2012-08-19T22:00:19Z,Goal Nicolas FAUVERGUE (5&#39;) - SC Bastia - Stade de Reims (2-1) / 2012-13,285
2013-05-19T03:28:20Z,Stade de Reims - FC Lorient (1-0) - Highlights (SdR - FCL) / 2012-13,777
2012-11-18T23:00:51Z,Goal Anthony WEBER (45&#39; csc) - Olympique Lyonnais - Stade de Reims (3-0) / 2012-13,220
2012-11-03T23:56:42Z,Stade Lavallois - FC Istres (2-1) - Le résumé (LAVAL - FCIOP) / 2012-13,1159
2013-02-24T23:00:18Z,OGC Nice - Stade de Reims (2-0) - Highlights (OGCN - SdR) / 2012-13,988
2013-03-10T23:00:32Z,Goal Julien FAUSSURIER (55&#39;) - ESTAC Troyes - Stade de Reims (4-2) / 2012-13,205
2012-11-10T23:00:16Z,FC Istres - Le Mans FC (1-0) - Le résumé (FCIOP - LEMANS) / 2012-13,1368
2013-05-19T02:23:32Z,Stade de Reims - FC Lorient (1-0) - Le résumé (SdR - FCL) / 2012-13,12877
2012-10-28T23:00:11Z,But Gaëtan BONG (2&#39; csc) - LOSC Lille - Valenciennes FC (2-1 / 2012-13,1206
2012-08-08T13:28:05Z,"Wikibee Istres - FC Istres, contre Ajaccio, la victoire !",164
2013-02-24T23:00:15Z,OGC Nice - Stade de Reims (2-0) - Le résumé (OGCN - SdR) / 2012-13,11573
2013-03-11T00:21:03Z,Ligue 1 - Week 28 : Top goals / 2012-13,692
2013-03-11T02:05:53Z,Ligue 1 - Week 28 Highlights / 2012-13,2197
2013-02-10T23:00:22Z,Goal Sébastien PUYGRENIER (29&#39;) - AS Nancy-Lorraine - Stade de Reims (1-2) / 2012-13,167
2013-03-11T00:22:57Z,Ligue 1 - Tous les buts de la 28ème journée / 2012-13,22705
2013-03-11T15:01:10Z,Ligue 1 - Week 28 : zapping / 2012-13,1435
2013-02-11T00:03:16Z,But Salomon KALOU (50&#39; pen) - Olympique Lyonnais - LOSC Lille (1-3) / 2012-13,2384
2013-02-10T23:00:36Z,But Mathieu DOSSEVI (10&#39;) - Valenciennes FC - Stade Brestois 29 (2-1) / 2012-13,1118
2013-03-11T02:07:58Z,Ligue 1 - Résumé de la 28ème journée / 2012-13,45918
2013-05-27T02:11:49Z,Olympique de Marseille - Stade de Reims (0-0) - Le résumé (OM - SdR) / 2012-13,20954
2013-03-11T00:21:34Z,Ligue 1 - Week 28 : Goals compilation / 2012-13,1450
2013-03-10T23:00:40Z,Goal Maor MELIKSON (24&#39;) - Valenciennes FC - LOSC Lille (1-3) / 2012-13,6002
2012-11-19T01:02:57Z,But Yoan GOUFFRAN (52&#39;) - Girondins de Bordeaux - Olympique de Marseille (1-0 / 2012-13,14559
2013-04-21T22:00:12Z,But Cédric BAKAMBU (64&#39;) - FC Sochaux-Montbéliard - Girondins de Bordeaux (2-2) / 2012-13,1172
2012-08-28T05:55:20Z,FC Nantes 2-0 Le Mans Lundi 27 Août 2012,2102
2013-02-02T23:02:06Z,Rentrée des joueurs FCGB-VAFC,101
2013-03-03T23:00:39Z,But Grzegorz KRYCHOWIAK (64&#39;) - Stade de Reims - Paris Saint-Germain (1-0) / 2012-13,3431
