publish_date,title,view_count
2012-11-21T14:51:17Z,Intervista a Lorenzo Laverone 21/11/2012,223
2012-09-30T04:25:04Z,Sassuolo-Ascoli 1-0 Highlights 2012/13,3216
2012-12-21T23:15:52Z,"Pisa - Avellino 0-3 / Lega Pro 2012/13, 15^ Giornata (Pisanellastoria.it)",5587
2013-02-03T10:07:33Z,Intervista a Luca Antei 01/02/2013,618
2013-04-06T22:04:56Z,Novara-Sassuolo 3-2 Highlights 2012/13,14249
2012-11-23T10:52:16Z,"Fc Crotone | Sala Stampa, Massimo Drago in conferenza",191
2013-05-13T05:47:24Z,AVELLINO PISA COREOGRAFIA 2013 4,231
2013-03-23T14:43:24Z,Mister Di Francesco prima di Sassuolo-Ternana,205
2013-03-22T14:47:00Z,Intervista a Francesco Magnanelli 22/03/2013,258
2013-05-05T08:00:12Z,Vicenza - Empoli 1 - 5 sky,93
2013-03-24T16:06:58Z,Sassuolo-Ternana 0-0 (24-03-2013) Vitale ha sfiorato il colpaccio (Tutto Ternana),433
2012-10-29T12:12:46Z,Grosseto 1-1 Ternana 27/10/2012 2012-13 - 11°,2008
2013-01-11T18:44:59Z,Presentazione ufficiale Andrea Dossena nuovo acquisto Palermo - 11/01/2013 - Mediagol.it,839
