publish_date,title,view_count
2012-08-24T22:58:25Z,"J05 Réaction de Zvunka, Garande, Parpeix et Poulain.",1130
2012-10-20T22:00:12Z,Nîmes Olympique - Le Mans FC (2-1) - Le résumé (NIMES - LEMANS) / 2012-13,2147
2012-12-15T23:00:13Z,AS Monaco FC - Nîmes Olympique (1-1) - Le résumé (ASM - NIMES) / 2012-13,4100
2013-05-15T09:16:29Z,Émission Croco Hebdo du 14 mai 2013,380
2013-01-29T20:10:36Z,Croco Hebdo du 29 janvier 2013,519
2012-11-10T23:00:16Z,Dijon FCO - Nîmes Olympique (2-1) - Le résumé (DFCO - NIMES) / 2012-13,1450
2012-12-12T23:00:14Z,Nîmes Olympique - Châteauroux (2-0) - Le résumé (NIMES - LBC) / 2012-13,1065
2012-11-08T23:14:12Z,Avant Dijon - Nîmes du 09/11/2012,119
