publish_date,title,view_count
2012-12-14T09:41:03Z,Jordan Massengo [Foot In Vidéo],3289
2013-01-26T23:00:13Z,Châteauroux - FC Istres (2-0) - Le résumé (LBC - FCIOP) / 2012-13,1782
2013-03-17T14:47:10Z,FC Istres - Clermont Foot (0-0) - Le résumé (FCIOP - CFA) / 2012-13,1661
2013-03-28T15:34:20Z,Wikibee Istres - Un déclic pour le FC Istres face à Tours ?,402
2013-03-30T20:27:10Z,SM Caen - FC Istres (1-0) - Le résumé (SMC - FCIOP) / 2012-13,1403
2012-12-04T11:04:38Z,EA Guingamp - FC Istres (1-0) - Le résumé (EAG - FCIOP) / 2012-13,4291
2013-04-17T21:41:05Z,Luc Matutu [Foot In Vidéo],1065
2012-12-12T12:02:42Z,Selim BOUADLA [Foot In Vidéo],678
2013-03-22T18:12:07Z,Guillaume Dequaire [Foot In Vidéo],604
2013-06-04T05:19:02Z,tournoi futsal smacl 2013 - interviews des joueurs,698
2013-01-04T22:34:45Z,driss fettouhi 2013,1132
2013-01-03T18:28:43Z,Tomé - Reforço do CD Tondela,674
2013-07-05T23:23:10Z,Apresentação Reforços 2013-2014 (CD Tondela),1139
2013-02-06T01:18:26Z,Report Treino C.Jovens com Armando e Fonseca (Tondela),671
2013-02-01T15:20:30Z,Report Treino C.Jovens 31-01-13 (Tondela),441
