published-time,comment,likes
2013-03-09T23:58:43Z,"encor une def :s
",1
2013-02-11T12:44:32Z,"Sedan, que fait-tu cette saison ? L'année dernière tu arrive à quelques points de la ligue 1 et cette saison tu es relégable et de loin !",0
2013-02-09T23:39:44Z,Ça serait bien de mettre les actions dans l'ordre du match et de mettre les plus importantes...,0
2013-02-20T14:59:17Z,"c'est moche comme but tout de même ....
",0
2013-04-14T13:41:49Z,"Aller Sedan !!! L'année dernière à quelques points de la montée, là tu va peut-être (surement) descendre....
Et dire que la plupart des joueurs titulaires étaient blessés ou suspendus ...
Même si tu es en National (ou plus bas si le dépôt de bilan est déposé ...) je continuerais à venir te voir toutes les semaines !
",3
2013-04-14T09:34:02Z,Oui moi aussi,0
2013-04-14T08:57:07Z,"Comme quoi, les 2 derniers sont capables de faire de belles actions et du beau foot.
J'espère que les Sedanais parviendront à se maintenir.",0
2013-01-12T10:50:43Z,"c'est quoi ce montage qui ne montre quasiment que les occases Nantaises, alors que Sedan en as eu beaucoup plus que ca 
",0
2013-01-09T15:35:27Z,Nantes en l1,0
2013-01-03T21:36:16Z,Réécoute je te dis ou met plus fort parce que y'a un truc quiva pas chez toi...,0
2013-01-03T10:23:26Z,2:45 c est Adrien Trebel et pas Yoann ,0
2013-01-01T13:34:10Z,Ben mon pauvre réécoute...,0
2012-12-29T11:58:47Z,Il a dit : Adriane ( écrit sous la prononciation ou Adrien si tu préfert ) Trebel .,0
2012-12-26T08:46:01Z,Bien le pénalty oublié ?,0
2012-12-25T21:43:20Z,"""avec ce centre de Yoan Trebel"" Il s'appelle Adrien Trebel*",0
2012-11-06T17:11:04Z,"amis lensois , regarder ma chaine youtube :)   des vidéos du rc lens en ligne !! allez lens et belle victoire a sedan :)",1
2013-03-18T17:40:24Z,ça va pas bien,0
2013-03-17T20:19:03Z,Mmmmmmmmmmmmmmmmmmmmmmmmmmmmmmmmmmmmmmmmmmmhh..... Baliboump !!,0
2013-04-30T17:28:31Z,"Qu'ils viennent jouer dans ma campagne, le terrain est 10 fois mieux ...",0
2013-03-02T19:59:04Z,courage les sedannais,0
2012-11-25T15:54:38Z,"La vidéo confirme une chose, le match nul était mérité et le 2e but de Sedan est valable.",0
2013-01-26T23:17:32Z,Nîmes fait une saison terrible !!! (Y) ,0
2013-07-26T08:24:20Z,Cavani on t'attend !,6
2013-06-12T10:15:31Z,tout faux ,0
2013-05-31T20:59:35Z,^^,0
2013-05-31T19:59:53Z,par contre guingamp va pas durer ,0
2013-05-29T15:22:36Z,"sinon vous avez peut etre une chance si vous recruter un joueur a chaque poste :)
",0
2013-05-28T20:42:35Z,"c'est ce que je pense mais des fois, et comme dans tous les clubs, ya des supporters arrogant d'autre non et c'est difficile de faire la différence :)",0
2013-05-26T21:44:09Z,pcq tu crois faire quelque chose contre nous avec cette équipe??? seul monaco vaut quelque chose dans ceux qui sont montés :) ,0
2013-05-21T17:46:22Z,"aller nantais enorme l'erdre qui répondait a la loire bravo PARIS CES LA MISERE MISERE MISERE PARIS CES LA MISERE MISERE MISERE PARIS CES LA MISERE MISERE MISERE OH OH OH OHHHHHHHHHHHHHH
",0
2013-05-19T11:44:02Z,Vraiment content de vous revoir parmi l'élite! (de la part d'un supporter marseillais),5
2013-05-19T11:43:21Z,Ambiance de ouf pour une remontée fantastique ! ,2
2013-05-19T07:28:36Z,Enfin on remonte en L1. On arrive,1
2013-05-18T22:56:06Z,Yes Nantes ! Ligue 1 est à nous !,0
2013-05-18T22:38:25Z,"Cette ligue n'existe pas mon cher ami xDD
Ahh trop content que Nantes monte , l'année prochaine ça va être difficile , mais ce groupe a des potentialités !! :P",0
2013-05-18T22:36:49Z,On est en ligue 1 ! <3,1
2013-07-20T23:01:41Z,"Incredible player, hats off to him!",1
2013-07-06T08:02:08Z,Insane best Player Ever Love him,1
2012-12-29T17:11:38Z,very nice goals,1
2013-05-25T13:01:09Z,First!,0
2012-09-01T11:30:54Z,^^ le resumer de merde--'! !!,0
2012-08-21T13:45:03Z,La gueule du résumé !!!,0
2012-08-21T11:29:43Z,C quoi ce résumé de merde??,0
2012-08-21T04:58:07Z,"Une nouvelle saison commence et je constate qu'ETG n'a pas réglé ses problèmes défensifs, ce qui veut dire qu'il faudra beaucoup marquer. D'autant plus difficile que Barbosa ne rééditera pas forcément ses exploits et que Sagbo serait sur le départ.",0
2012-08-20T10:35:23Z,"Un résumé complet, c'est possible ?",0
2012-08-20T07:28:50Z,C'est clair il manque des occasions Brestoise! on va attendre le vrai résumé sur le site officiel du club hein!,0
2012-08-19T22:10:54Z,Il manque les faces à face de Grougi et Benschop pour être tout à fait complet dans ce résumé (les deux meilleures occasions brestoises). Une victoire qui fait du bien contre un concurrent.,0
2013-02-19T09:58:58Z,"but hors jeu ! bravo encore mr les arbitres
",0
2012-11-02T23:46:02Z,"jespere kil va pouvoir plus jouer , cest normal kil n'est pa en confiance il joue jamai le pauvre",0
2012-10-31T22:42:14Z,Le personnage est attachant mais le joueur est mauvais. Je n'arrive pas comprendre comment Triaud a pu lui offrir un nouveau contrat de 4 ans alors que Blanc ne l'utilisait jamais !,0
2012-10-29T09:57:54Z,Putain toujours des occaz et des occaz et pas foutus de planter... On serait bien plus haut avec au moins un tueur en plus avec Yo' !,0
2012-12-29T13:42:44Z,"On dirait un match de gamins ^^
",0
2012-12-14T15:48:03Z,"What was Marchal thinking!
",0
2012-11-04T20:06:29Z,Et EUHHH !,0
2012-11-04T14:38:34Z,"first :D

non je rigole beau match",0
