publish_date,title,view_count
2013-06-26T07:40:19Z,Mickaël Le Bihan: « J&#39;ai encore beaucoup de chose à prouver. »,671
2013-03-02T23:00:14Z,FC Istres - CS Sedan (1-0) - Le résumé (FCIOP - CSSA) / 2012-13,1179
2013-02-02T23:00:13Z,CS Sedan - Clermont Foot (1-1) - Le résumé (CSSA - CFA) / 2012-13,2108
2012-12-19T00:03:12Z,Chamois Niortais - CS Sedan (1-3) - Le résumé (NIORT - CSSA) / 2012-13,2115
2013-01-12T19:38:22Z,Châteauroux - CS Sedan (1-1) - Le résumé (LBC - CSSA) / 2012-13,1155
2013-03-09T23:00:19Z,CS Sedan - Le Mans FC (2-1) - Le résumé (CSSA - LEMANS) / 2012-13,5841
2013-02-09T23:00:29Z,SM Caen - CS Sedan (2-0) - Le résumé (SMC - CSSA) / 2012-13,3217
2013-02-19T02:55:27Z,CS Sedan - Dijon FCO (0-1) - Le résumé (CSSA - DFCO) / 2012-13,881
2013-04-20T22:00:15Z,Havre AC - CS Sedan (1-1) - Le résumé (HAC - CSSA) / 2012-13,1823
2013-05-25T22:00:36Z,CS Sedan - Angers SCO (2-2) - Le résumé (CSSA - SCO) / 2012-13,3902
2012-10-27T22:00:12Z,EA Guingamp - CS Sedan (2-0) - Le résumé (EAG - CSSA) / 2012-13,2076
2013-04-13T22:00:15Z,CS Sedan - GFC Ajaccio (4-1) - Le résumé (CSSA - GFCA) / 2012-13,6527
2012-12-23T23:00:12Z,CS Sedan - FC Nantes (0-0) - Le résumé (CSSA - FCN) / 2012-13,5229
2012-11-04T00:04:37Z,CS Sedan - RC Lens (0-1) - Le résumé (CSSA - RCL) / 2012-13,5854
2013-03-17T14:54:08Z,AC Arles Avignon - CS Sedan (2-2) - Le résumé (ACA - CSSA) / 2012-13,2322
2013-04-30T10:00:49Z,CS Sedan - AS Monaco FC (1-1) - Le résumé (CSSA - ASM) / 2012-13,6463
2013-03-02T19:34:47Z,CS Sedan - AJ Auxerre (1-0) - Le résumé (CSSA - AJA) / 2012-13,1804
2012-11-24T23:00:15Z,CS Sedan - Havre AC (1-2) - Le résumé (CSSA - HAC) / 2012-13,4445
2013-01-26T23:00:13Z,Nîmes Olympique - CS Sedan (2-1) - Le résumé (NIMES - CSSA) / 2012-13,1788
2013-05-18T22:00:11Z,FC Nantes - CS Sedan (1-0) - Le résumé (FCN - CSSA) / 2012-13,24907
2012-10-20T22:00:12Z,CS Sedan - AC Arles Avignon (4-2) - Le résumé (CSSA - ACA) / 2012-13,4963
2013-02-16T23:00:14Z,Stade Lavallois - CS Sedan (3-0) - Le résumé (LAVAL - CSSA) / 2012-13,5152
2013-02-23T23:00:14Z,CS Sedan - Tours FC (1-1) - Le résumé (CSSA - TOURS) / 2012-13,2079
2012-11-10T23:00:16Z,GFC Ajaccio - CS Sedan (1-1) - Le résumé (GFCA - CSSA) / 2012-13,1924
2012-10-02T18:34:01Z,"Goals of Mickaël Poté, Dynamo Dresden years 2012 Part 1",25971
2013-02-02T18:06:53Z,Conférence de presse CS Sedan - Clermont Foot (1-1) / 2012-13,69
2013-01-12T19:36:01Z,Conférence de presse Châteauroux - CS Sedan (1-1) / 2012-13,61
2013-04-13T19:31:22Z,Conférence de presse CS Sedan - GFC Ajaccio (4-1) / 2012-13,143
2013-05-25T12:53:31Z,Conférence de presse CS Sedan - Angers SCO (2-2) / 2012-13,109
2012-10-20T22:22:03Z,Conférence de presse CS Sedan - AC Arles Avignon (4-2) / 2012-13,164
2012-08-30T16:36:03Z,Le mercato de l&#39;OGC Nice au Crash Test,123
2012-08-05T16:45:23Z,Défi Havré,397
2013-07-15T00:35:59Z,"Après Caen - HAC (2-2 / 5-6 tab), les réactions d&#39;après-match",1511
2012-08-19T22:00:20Z,Stade Brestois 29 - Evian TG FC (1 - 0) - Le résumé / 2012-13,9602
2012-11-27T17:22:52Z,E. Mombaerts : &quot;Je peux le comprendre mais pas l&#39;accepter&quot;,216
2013-01-24T22:26:29Z,Coupe de France AFL contre Le Havre 2ème mi temps,2261
2012-12-23T23:00:25Z,Goal Gaëtan COURTET (70&#39;) - FC Lorient - Stade de Reims (2-2) / 2012-13,165
2012-08-19T22:00:19Z,Stade Brestois 29 - Evian TG FC (1 - 0) - Highlights / 2012-13,1495
2013-07-29T17:35:31Z,La nouvelle équipe de l&#39;OGC Nice présentée à la Villa Massén,224
2013-03-01T07:16:06Z,OGC NICE. Bsn85.regarde le but!!!!,145
2013-02-17T23:00:13Z,But Neal MAUPAY (61&#39;) - SC Bastia - OGC Nice (0-1) / 2012-13,3457
2013-03-31T22:00:24Z,Goal Florian RASPENTINO (10&#39;) - Stade Brestois 29 - LOSC Lille (1-2) / 2012-13,311
2012-10-28T23:31:10Z,Interview de fin de match : SC Bastia - Girondins de Bordeaux (3-1) / 2012-13,470
2012-12-13T23:00:33Z,Stade Brestois 29 - Montpellier Hérault SC (1-2) - Highlights (SB29 - MHSC) / 2012-13,1296
2013-03-17T18:50:04Z,Interview de fin de match : AS Nancy-Lorraine - OGC Nice (1-0) / 2012-13,339
2013-07-02T22:53:58Z,"HAC: rencontre avec François Seguin, le nouvel entraîneur des gardiens",1714
2012-08-12T21:59:09Z,Flash Interview Nice - Ajaccio : J-B. Pierrazi et D. Digard / 2012-13,464
2012-09-30T22:00:12Z,Goal Gilles SUNU (86&#39;) - Evian TG FC - FC Lorient (1-1) / 2012-13,626
2012-11-04T14:33:44Z,Interview de fin de match : Stade Brestois 29 - FC Lorient (2-0) / 2012-13,789
2013-07-04T14:07:32Z,Le HAC en stage à Ploufragan: l&#39;interview d&#39;Erick Mombaerts (2/2),467
