published-time,comment,likes
2013-03-03T19:54:46Z,Aller le hac,0
2013-03-03T14:54:21Z,HAC <3,0
2013-04-06T11:50:21Z,LE FCR CEST LES MEILLEUR DU MONDE,0
2013-03-10T14:28:15Z,"Messieurs les socialistes, mettez la main à la poche. Ne vous ridiculisez comme Lecanuet uniquement parce que Guy Roux et Gérard Bourgoin ne partagent pas vos opinions politiques... C'est d'abord la ferveur de toute une région qui est en jeu. C'est ça aussi le socialisme !",3
2013-03-10T14:25:25Z,"Il n'existe qu'un seul grand club de foot en Normandie, c'est le FC Rouen. 8ème de finaliste en Coupe des Villes de Foire (ancêtre de l'UEFA et de l'Europa League) en 1970. On serait encore là, si Jean Lecanuet n'avait pas flingué le club, comme est en train de le faire le maire d'Auxerre Guy Ferez avec l'AJA. Voir disparaître l'AJA me fend le cœur pour des raisons politiciennes car c'est un club mythique parti de rien. Même si Bourgoin c'est pas top, Auxerre doit survivre.",1
2013-03-10T09:00:41Z,"Allez le HAC, on va vite se relever ;)",0
2013-03-10T09:00:26Z,Pas de mal ! Kéké --',0
2013-03-09T23:05:31Z,First,0
2013-04-09T16:44:09Z,Vive Malherbe,1
2012-11-06T13:24:30Z,tres beau captage de balle a 1:45 ,0
2012-11-06T13:00:37Z,"L'ambiance était énorme à Caen, Allez Malherbe ! <3",1
2012-11-06T11:21:19Z,la tete et magnifique!!!! (Monaco arrive ),0
2013-02-18T17:50:42Z,"ouai aller le HAC !!!

",0
2013-02-17T12:16:44Z,aller le HAC !!!!!!!!!!!!!!!!!!!!,0
2013-04-03T14:34:19Z,ALLEZ LE HAC!!!,0
2013-04-02T15:19:26Z,Aller le hac,0
2013-04-02T11:19:42Z,Il n'y a pas des images de meilleure qualite? :/,0
2013-02-24T13:20:19Z,D'autant plus que le HAC est une tres bonne equipe,0
2013-02-24T13:15:46Z,"Dsl mais quand le peno est arrive Nantes dominait depuis 5 minutes ;) Et apres ils ont parfaitement gere leur match contrairement a ce que beaucoup disent ! C'est pas si facile de battre une equipe qui joue a 10, demandez aux lensois !",0
2013-02-24T12:42:59Z,Heureusement que Michel Der Zakarian a gueulé à la mi-temps :3,0
2013-02-24T10:40:20Z,en ce moment la défense peine on perd notre statut de grosse défense,0
2013-02-24T09:42:57Z,"Tu as tout à fait raison ;)
Bien que en 2e mi-temps ça c'est grave amélioré :3
",1
2013-02-24T08:18:55Z,"""les nantais dominent"" Heu non ^^ sur le coup on c'est fait dominé par une bonne équipe du Havre... Sans le carton rouge de Rivière, c'étai défaite ou nul sur le match ^^'",0
2013-02-24T07:52:18Z,Allez Nantes !!,0
2012-12-23T10:14:47Z,Merci à Revault et place à Monbearts ! (Y),0
2013-04-14T18:39:50Z,"HAC !!!
",1
2013-04-14T16:03:10Z,"Expulsion peu évidente, Clermont méritait sans doute mieux. Cela dit le coup franc havrais est magnifique.",0
2013-06-11T13:51:25Z,Encore une fois l'arbitrage est injuste et favorise beaucoup les caennais ... Mais cela fait partie du jeu après tout...,1
2013-04-12T08:16:14Z,certes mais pour moi la il le touche pas,0
2013-04-10T14:39:34Z,"euh le peno pr le havre moi je le vois pas (et je suis arbitre)
",1
2013-04-09T18:01:04Z,Les gardiens ont fait un beau match avec des beaux arrets,1
2013-04-09T13:48:29Z,Superbe match avec une tete du pour le Havre terrible !!! bj ;),0
2013-04-09T10:42:29Z,"Le penalty pour Caen est plus évident, de plus Nabab se blesse...",0
2013-04-09T10:40:24Z,L'arbitrage de merde sérieux --' Penalty pour le HAC même pas sifflé et pour Caen sifflé --',0
2013-04-09T10:26:23Z,"L'arbitrage qui favorise les caennais ....


Beau match avec de très bon gardiens ",0
2013-01-26T23:13:14Z,Dommage pour le GFCA :),0
2013-02-17T08:39:40Z,Allez le HAC !,0
2013-02-12T05:41:12Z,Hey oui allez l'ASM !,1
2013-04-28T16:20:44Z,"Non il n'y a pas hors jeu et oui le carton rouge est très sévère... Le HAC a empoché 4 cartons jaunes et un carton rouge alors que Tours n'en a empoché aucun... Il est possible de constater que les arbitres ont le HAC dans le nez ces derniers matchs il me semble, mais après cela fait partie du jeu !",0
2013-04-28T01:57:06Z,Sur le 2eme but du havre ya pas hors jeu ?,0
2013-04-28T01:00:45Z,"bien joué les gars, sévère le carton rouge
",0
2013-04-27T22:03:10Z,FIRST + bien joué le Havre :),0
2013-02-05T18:19:42Z,Plus de vidéos sur ma chaine ;D,0
2013-01-20T22:14:21Z,Bien joué lensois !!!,0
2013-02-04T01:07:24Z,ya surtout beaucoup de but,0
2013-04-28T18:17:51Z,Allez tours ! :p ,0
2013-05-05T09:59:46Z,"Bien joué, allez le HAC!",0
2013-03-18T19:20:51Z,Juste le coup franc de Mesloub .. :),0
2013-03-18T00:45:45Z,beau spectacle!!! :),0
2012-11-25T15:54:38Z,"La vidéo confirme une chose, le match nul était mérité et le 2e but de Sedan est valable.",0
2013-05-29T18:03:29Z,"here you go, Ochoa fanboys, now stop fucking complaining",0
2013-05-28T13:18:41Z,Ochoaaaa!!,0
2013-05-27T02:56:13Z,Who went because of Ochoa :),0
2013-04-23T21:26:38Z,Superbe suba!,0
2013-04-19T12:12:23Z,celui contre Nantes aussi il vaut bien un focus ! :D,0
2012-12-06T18:29:08Z,"comment sapelle la chanson
??",0
