publish_date,title,view_count
2013-02-02T23:00:13Z,SM Caen - Nîmes Olympique (1-0) - Le résumé (SMC - NIMES) / 2012-13,3220
2013-03-02T23:00:15Z,Tours FC - SM Caen (1-1) - Le résumé (TOURS - SMC) / 2012-13,2397
2013-02-07T10:54:04Z,But | Football | Funny Fut5 | Thibault,4917
2012-12-12T23:12:22Z,SM Caen - AS Monaco FC (3-0) - Le résumé (SMC - ASM) / 2012-13,21940
2013-02-09T23:00:29Z,SM Caen - CS Sedan (2-0) - Le résumé (SMC - CSSA) / 2012-13,3217
2013-02-16T23:00:14Z,Le Mans FC - SM Caen (1-1) - Le résumé (LEMANS - SMC) / 2012-13,4572
2012-12-15T23:00:13Z,FC Nantes - SM Caen (2-1) - Le résumé (FCN - SMC) / 2012-13,15503
2013-03-14T09:25:33Z,But | Football | Temple du Foot Rouen | Thibault,207
2013-01-26T23:00:13Z,Clermont Foot - SM Caen (0-0) - Le résumé (CFA - SMC) / 2012-13,1222
2013-02-23T23:00:14Z,SM Caen - Stade Lavallois (2-1) - Le résumé (SMC - LAVAL) / 2012-13,3440
2013-03-30T20:27:10Z,SM Caen - FC Istres (1-0) - Le résumé (SMC - FCIOP) / 2012-13,1403
2013-03-30T23:00:14Z,SM Caen - AC Arles Avignon (1-1) - Le résumé (SMC - ACA) / 2012-13,2720
2012-08-25T16:19:25Z,Nimes 0 - 2 Caen avec VFM,136
2012-11-10T23:00:16Z,Dijon FCO - Nîmes Olympique (2-1) - Le résumé (DFCO - NIMES) / 2012-13,1450
2013-03-17T17:39:34Z,Śląsk Wrocław | Marian Kelemen po meczu z Podbeskidziem,1457
2013-01-04T12:40:53Z,BUT DE GALTIER FACILE ARLES AVIGNON SPILBREG,725
2012-12-13T07:55:48Z,Jan Urban o rundzie jesiennej,1444
2013-04-12T07:43:33Z,Conférence Francis Gillot avant Montpellier,657
