published-time,comment,likes
2013-03-03T16:18:35Z,Bien l'arbitre ! :),0
2013-03-03T12:08:24Z,"encor un arbitre de merde je sais pas ou il le voit le peno
on c vraiment fais voler",0
2013-03-03T11:16:40Z,"on sait fait voler comme d'hab !
",0
2013-03-03T10:36:45Z,"c n'importe quoi le but refusé la vache -_-
",0
2013-03-03T08:24:02Z,Arbitre de merde,0
2013-02-11T20:50:13Z,"fany
",0
2013-05-04T18:22:40Z,"cest fait !! =)
",0
2013-02-19T22:16:55Z,caen va gagner a MONACO ,0
2013-02-19T21:09:09Z,a nous la L1 ,0
2012-12-14T19:34:46Z,FC NANTES..! <3<3..,0
2013-02-11T12:44:32Z,"Sedan, que fait-tu cette saison ? L'année dernière tu arrive à quelques points de la ligue 1 et cette saison tu es relégable et de loin !",0
2013-02-09T23:39:44Z,Ça serait bien de mettre les actions dans l'ordre du match et de mettre les plus importantes...,0
2013-02-19T22:37:28Z,allez caen pour le match retour il faut les 3 PTS  ,0
2012-12-20T18:16:10Z,"C'est moi ou le temps change tout le temps ?
",0
2012-12-17T22:38:04Z,"Vivement le match retour amis Nantais, espérant que ce sera d'aussi bonne qualité que samedi !
Allez Malherbe !",0
2012-12-17T15:03:35Z,la joie de Michel fait plaisir pour une futur monter j'espere,0
2012-12-17T01:14:15Z,"Le Rush de Deaux a enflammé la beaujoire, c'était terrible !!",0
2012-12-16T14:06:26Z,"superbeeeeeeeee
on retrouvera notre place parmi l elite
un vrai club, pas un club d imposteurs comme rennes ou evian thonon gaillard, sans public et palmares",0
2012-12-16T12:46:17Z,lucas deaux omfg :o FCN <3 ,0
2012-12-16T11:20:11Z,allez les canaries tous avec vous !!! FCN for ever,0
2012-12-16T10:28:16Z,BIENTOT DE RETOUR EN LIGUE 1 ♥,0
2012-12-16T09:47:59Z,"Les frisson.. Et Lucas Deaux qui essaye d'en rajouter ! Vous êtes juste énorme..
#FCN!<3",0
2013-02-24T16:04:43Z,petit souci dans le montage :),0
2013-03-30T20:43:53Z,Les boul quand même à la 93 eme minute!,0
2013-03-31T08:52:07Z,Il disent ''Perquis a eu quelques Parades décisives à faire'' C’était Bosmel à la 2 Mi-Temps U_u,0
2012-09-28T11:25:03Z,Sur le but de thibault moulin je me suis demandé si il y avait but !! :P,0
2012-08-25T21:38:58Z,"Il est pas comme l'autre, on sent qu'il est moins passionné par le smc :p",0
2013-04-09T18:24:09Z,tak chyba na cb spiewaja pikniku . ,0
2013-03-18T16:59:48Z,"Kids, kids everywhere...",0
2013-03-17T20:00:42Z,"Z optymistycznych wiadomości to fajnie, że Krzysztof Ostrowski się rozkręcił i gra na poziomie, Eric Mouloungui też chociaż krótko to pokazał się z dobrej strony. Także skład WKSu jest wciąż równy i silny. Żeby jeszcze tylko wiosna w końcu przyszła i gra na porządnych murawach...",0
2013-03-17T19:25:43Z,Co chcesz od Mariana ?,0
2012-12-13T09:45:47Z,"Zbozień ma na imię Damian, Panie trenerze. Trochę szacunku.",0
