published-time,comment,likes
2013-07-08T20:44:17Z,لاعب هاااااااااااايل ياريت تخلصه للاهلي مكان حسالي غالي ...الاهلي محتاج واحد زي دة الفترة الجاية ,0
2013-07-08T20:04:12Z,very good defnder .... ghana black stars ... we want him to zamalek please ,0
2013-06-09T22:11:51Z,I have a nice voice romantics,3
2013-04-19T14:54:27Z,What's the song?,0
2013-04-05T12:48:07Z,is frimpong in the national team or not?,1
2013-03-02T15:46:28Z,i only watched this vid because Boateng was here. but i didnt saw him ;(,0
2013-02-27T12:01:38Z,I really respect the Ghana national team,11
2013-02-20T04:54:06Z,"lol who is the ugliest, we have about 6 ugly people in the team... too funny mane",1
2013-02-10T12:41:56Z,he is fighting for the best dancer while people are fight for best player of the African cup !!!,1
2013-02-05T17:37:03Z,AGYEMAN THE MAN OF THE TORNAMENT SO FAR,3
2013-02-04T22:44:13Z,best dancer.? Asamoah Gyan.!    NO...JOHN PANTSIL..!!! looooooooooool,0
2013-01-30T16:36:18Z,"typical Ghana wearing chale wate (slippers)
",1
2013-01-29T21:58:01Z,helloo...is it me you're looking for...lmfao,2
2013-01-29T19:15:51Z,"""the person leg look like KFC"" loool",1
2013-01-29T14:29:21Z,Kwadwo Asamoah should make a song with Baby Jet,2
2013-01-29T11:01:57Z,"they are doing great
",3
2013-01-28T16:59:28Z,"u are very fool, what's wrong with their english ?",0
2013-01-26T18:29:02Z,He retired. Just used Ghana as a stepping stone for his own career.,1
2013-01-25T22:53:18Z,hahahaha kwadwo asamoah FTW. only reason i follow Juventus,2
2013-01-25T13:06:16Z,KPB*,0
2013-01-25T13:03:59Z,Where Boateng?!?,0
2013-01-25T12:07:16Z,there's one only asamoah !!!!!!!!!!!!!!!!!!!! forza juveeeeeeeeeeeeeeeeeeeeeeeee ti aspettiamo asaaa !!!!,3
2013-01-25T02:44:28Z,adams  is adam kwarasey if anyone  want to know lol,1
2013-01-24T13:23:02Z,"en mi pais Argentina, no hay noticias de la Copa Africa, no entiendo por qué? porque hay tantos grandísimos jugadores! aparte son buena onda!",2
2013-01-24T01:05:18Z,"''i got nice voice uh, romantic'' hahaa",1
2013-01-23T23:12:03Z,John painstil the person leg look like kfc loool i love being ghanaian ...,2
2013-01-23T21:47:52Z,1:38 hhhahaahah,0
2013-01-23T21:40:21Z,"Derek Boateng, come hom to AIK
",0
2013-01-23T18:56:52Z,i dont know these players!,0
2013-01-22T20:06:40Z,"Asamoah Gyan, Asamoah Gyan, Asamoah Gyan, Asamoah Gyan, Asamoah Gyan, Asamoah Gyan, Asamoah Gyan...",9
2012-11-28T10:00:53Z,i love sông lam nghệ an and Edmund Owusu-Ansah,0
