publish_date,title,view_count
2013-06-21T16:49:34Z,Rahlstedter SC II - Eimsbütteler TV / ETV (U17 - B-Jugend Verbandsliga) - Spielszenen | ELBKICK.TV,1624
2013-06-11T12:22:19Z,Düneberger SV - TuS Germania Schnelsen (U19 B-Jugend Landesliga) | ELBKICK.TV,2437
2013-07-10T14:04:20Z,Harburger SC - TSV Buchholz 08 (Endspiel Harburg-Pokal 2013) - Spielszenen | ELBKICK.TV,1751
2012-11-07T16:13:17Z,YAW AMANKWAH 1,695
2013-05-30T14:19:19Z,Hamburg Panthers - Leekster Eagles (Futsal Freundschaftsspiel) - Spielszenen | ELBKICK.TV,1800
2012-11-08T16:49:40Z,YAW AMANKWAH 2,317
2013-06-13T06:09:25Z,BFC Dynamo - SV Lichtenberg 47 (Berliner Pilsner-Pokal Finale 2013) - Spielbericht | SPREEKICK.TV,14981
2013-06-19T12:11:48Z,BFC Dynamo - SV Lichtenberg 47 (Berliner Pilsner-Pokal Finale 2013) - Spielbericht | SPREEKICK.TV,1358
2013-04-02T14:43:39Z,"Cosenza Calcio, Franzese",600
2012-08-04T21:57:56Z,GEORGE YAMOAH,987
2013-07-01T21:41:23Z,MICHAEL AKUFFO,244
2013-06-14T22:38:06Z,VTS 01 1 kofi abanga,588
2013-01-22T04:52:02Z,PUMA - The Nature Of The Ghana Team,229061
2013-01-19T01:02:41Z,FRANCIS AKWAFFO 1,3619
2013-02-15T10:05:31Z,Ahmed Adams Showreel,782
2012-09-10T12:56:18Z,Lanzafame in prestito al Grosseto,203
2013-01-05T13:55:55Z,Tenkorang Samuel,80
2012-11-24T23:22:51Z,Edmund Owusu-Ansah,552
2013-05-06T13:30:52Z,Attobrah Asiedu Final1,3699
2012-12-13T16:18:45Z,Edmund Owusu-Ansah: Midfield General.,874
