publish_date,title,view_count
2013-06-09T13:31:58Z,Layvin Kurzawa saison 2012-2013,9902
2012-10-27T22:00:12Z,AS Monaco FC - FC Nantes (0-2) - Le résumé (ASM - FCN) / 2012-13,20618
2012-09-27T00:04:15Z,"(CDL) ASM FC - VA, les réactions",8598
2013-04-13T22:00:15Z,AJ Auxerre - AS Monaco FC (0-2) - Le résumé (AJA - ASM) / 2012-13,9740
2012-11-04T00:08:50Z,Chamois Niortais - AS Monaco FC (1-1) - Le résumé (NIORT - ASM) / 2012-13,11104
2013-02-17T08:59:48Z,"(J25) DFCO - ASM FC, le point presse",326
2013-02-05T11:00:58Z,AC Arles Avignon - AS Monaco FC (0-2) - Le résumé (ACA - ASM) / 2012-13,9467
2013-03-21T13:31:35Z,Les bizutages des vestiaires de l&#39;Equipe de France,5266
2013-02-09T23:00:28Z,AS Monaco FC - Havre AC (2-1) - Le résumé (ASM - HAC) / 2012-13,6888
2012-10-20T22:00:12Z,Angers SCO - AS Monaco FC (1-2) - Le résumé (SCO - ASM) / 2012-13,7627
2013-05-24T12:05:52Z,Fête du trocadero PSG,21
2012-12-12T15:13:59Z,L&#39;After Foot revient sur la victoire cinglante du PSG à Valenciennes,2309
2013-06-17T14:35:11Z,[TEASER 2] - MONACO IS BACK ! 10.08.13,385
2012-11-25T07:40:00Z,asmTV : Inside entraînement,1883
2013-07-04T16:53:26Z,PSG&#39;s transfer targets,1628
2012-11-25T23:00:14Z,But Zlatan IBRAHIMOVIC (88&#39;) - Paris Saint-Germain - ESTAC Troyes (4-0 / 2012-13,8232
2012-12-13T23:00:38Z,But Johan MARTIAL (21&#39; csc) - Stade Brestois 29 - Montpellier Hérault SC (1-2) / 2012-13,2495
2013-01-25T09:03:23Z,"&quot;Heureux et fier&quot; : Mounir Obbadi, l&#39;interview",1989
2013-04-17T19:14:38Z,Goal J. Pastore Evian 0x1 PSG Coupe de France 17-04-2013,403
2012-10-08T16:24:19Z,But de Gignac Sur Corner OM-PSG 2-2,1051
2013-03-15T20:02:30Z,"PSG Jallet, conf de presse après le tirage au sort de Champions League",156
2012-09-02T23:48:43Z,Goal Aurélien CHEDJOU (12&#39;) - LOSC Lille - Paris Saint-Germain (1-2) / 2012-13,9274
2013-06-20T18:44:49Z,joueurs de foot en diaporama,89
2012-11-01T15:27:29Z,deuxieme but lens en direct   lens clermont  29/10/2012 2/2,1072
2013-06-18T13:54:31Z,Marco Verratti Compilation | Paris Saint-Germain 2012/13,2492
2012-08-24T17:49:54Z,THIAGO SILVA (PSG) FULL PRESS CONFERENCE !,5076
2012-09-19T15:41:15Z,But de ibrahimovic,692
2012-10-16T19:02:00Z,Glorious volley gives Sweden U21s a chance against Italy!,539
2013-03-28T10:36:46Z,&quot;Il reste 9 finales&quot;,1498
2013-05-20T17:59:22Z,Coup franc de Zlatan lob lucarne opposée vs Man Utd #Fifa13,4915
2012-11-16T15:58:12Z,Neymar da assistência para o Gol de IBRAHIMOVIC,466
2013-04-05T08:14:19Z,Neymar Amazing Free Kick Goal ( Santos v Sao Caetano ) 05_04,1379
2012-08-16T13:01:32Z,Nicolas Pallois,1068
2013-01-14T15:35:07Z,En voiture avec... Marvin Martin,30897
2013-01-07T09:54:30Z,Rencontre avec Danijel Subasic,11283
2012-11-03T19:59:44Z,PSG / ASSE 03.11.2012 : 1-2 (L1) 1/2 - Bienvenue au Parc des Princes,912
2013-04-21T08:10:05Z,Les joueurs de l&#39;om chante désolé,349
2013-06-21T16:55:02Z,Goal Bahebeck Kondogbia - France 3 - 0 Ghana - هدف باهبيك فرنسا ضد غانا - كأس العالم للشباب,136
2013-03-14T11:59:16Z,Zlatan - Trisourien nouvelle voiture,94
2012-09-01T09:30:27Z,but refusé du DFCO,265
2012-12-01T21:48:15Z,neymar kendi ortasıyla gol atıyor,94079
2013-03-31T22:00:12Z,But Thomas AYASSE (78&#39;) - Stade Rennais FC - AS Nancy-Lorraine (0-2) / 2012-13,1206
2013-01-13T23:00:11Z,But Serge AURIER (43&#39;) - AS Saint-Etienne - Toulouse FC (2-2) / 2012-13,8708
2013-04-02T19:15:05Z,Sevilla - Granada [2-0] Negredo,47
2013-04-11T17:14:25Z,Victor Moses  Goal (Rubin Kazan 1-2 Chelsea) 11.04.2013,1356
2013-02-03T15:39:51Z,Interview de fin de match : Toulouse FC - Paris Saint-Germain (0-4) / 2012-13,622
2013-05-18T10:39:54Z,"(J37) ASM FC - LE MANS, les réactions",7416
2013-02-03T15:48:44Z,Conférence de presse Toulouse FC - Paris Saint-Germain (0-4) / 2012-13,1094
2013-01-15T16:03:43Z,Ciseaux d&#39;Ilan contre le Stade de Reims et le PSG,5789
2012-11-09T17:03:34Z,C. Chantôme : &quot;On a le groupe pour palier à n&#39;importe quelle absence&quot;,151
