published-time,comment,likes
2013-07-27T16:09:26Z,pffff tu dit des conneries,0
2013-04-05T13:11:36Z,Nantes c'est Nantes !! :),1
2013-03-12T00:59:53Z,mdr oui c'était logique avec Kita au sifflet...,1
2013-02-14T16:55:04Z,a 0.10 sa c'est de l'ultra monégasque lol,2
2013-01-09T23:05:27Z,LOL merci l'arbitre,0
2012-11-16T12:59:12Z,"Nantes à bcp de chance sur ceux match mais bon Monaco et meilleur dans le Jeu et ca ce voit sur tous ses matchs
",0
2012-11-03T20:14:49Z,C'est fait pour la confirmation :p,0
2012-11-02T10:58:06Z,C'est un très bon le Djordjevic franchement ! Gg Nantes ! J'espère qu'il vont continuer comme çà et déjà confirmer par une victoire contre Angers à la Beaujoir lors de la prochaine journée. :),1
2012-11-01T23:11:49Z,"L'arbitrage fait partie du foot les gars, c'est dans les deux sens, n'allez pas dire que vous n'avez jamais été avantagé par l'arbitrage!! Allez NANTES!! <3",0
2012-11-01T20:48:22Z,Je pense que Monaco montra en L1,0
2012-11-01T20:47:38Z,Allez les jaunes!!!!!!!,0
2012-10-30T11:47:14Z,"meme si Monaco méritait Nantes a été réaliste et c'est quand meme Djordjevic qui a été élu meilleur du mois et pas Touré.
Aller Nantes la L1 c'est pour l'anné prochaine avec Monaco je pense.",0
2012-10-30T11:45:39Z,pfff arbitre==== 0 ! ,0
2012-10-29T09:31:20Z,"Match volé !!!!!
aller l'ASM",0
2012-10-29T07:59:44Z,"Y'a aucune compensation arbitrale sur ce match çà n'a été que dans un sens. même à 2-0 il oublie une faute flagrante à 18m pour un coup franc idéalement placé.
Nantes a été réaliste mais NON ce n'est pas tout",0
2012-10-29T06:51:53Z,Monaco aurais pus gagner 3-1 mais bon c'est comme ca... allez NANTES !! et vener nombreuxa la Beaujoire samedi prochain pr le derbi Nantes sco angers !!!!,0
2012-10-28T20:58:18Z,"L'ASM s'est volé un but, 2 pénos (voire même trois avec la faute de Madouni sur Carrasco). Mais Nantes gère tout de même bien son match, si on met les erreurs d'arbitrage de coté. Je comprends la déception des Monégasques. Après, les erreurs d'arbitrage, ça arrive. Une fois, ça nous est favorable, une fois non. Mais n'ayez crainte, je pense que l'ASM montera cette année. En espérant que Nantes également.
Allez les canaris !",0
2012-10-28T16:53:50Z,"ya pas de coup de coude sur le but refusé,et la main est tellement flagrante que si elle n'est pas sifflée on ne sifflera plus aucune main dans la surface.nantes a bien joué le coup et merite sa victoire parce qu on a pas été bons non plus mais faut pas déconner,on se fait voler au moins 1 but au moment ou on dominait le plus....",0
2012-10-28T16:28:00Z,meme les joueurs nantais on dit kil on eu de la chance... a 2 0 pour asm c t pas le meme match (et je suis pas monégasque),0
2012-10-28T16:18:52Z,"lol quelle bonne foi les Monégasques, véreux juste parce que vous pensiez vous imposer facilement, l'argent ne fait pas tout!! Pour le but refusé, c'est un coup de coude dans le dos de Cichero qui est sanctionné ce n'est pas un hors jeu! La main elle y est, ne pas oublier aussi qu'en fin de première période il y a également une main Monégasque non sifflée dans la surface, donc un partout au jeu des pénaltys non accordés. Nantes a été réaliste, c'est tout",1
2012-10-28T15:29:08Z,Quel arbitrage scandaleux !,0
2012-10-28T15:11:38Z,du grand n import quoi l arbitrage nantes mérite pas la victoire même pas le nul et surtout pas la l 1,0
2012-10-28T14:50:25Z,"Ouaaaah ce vol arbitral !!  
",1
2012-10-28T09:54:19Z,FC NANTES !! <3<3<3<3...,0
2012-10-28T08:43:06Z,une position de hors jeu peu évidente... il est bête le commentateur ou il fait exprès... meme la sur la vidéo on voit qu'il est pas hors jeu et que le but doit être accepté... sur le but de Nantes par contre il dit pas qu'il est hors jeu ;) quelle bon commentateur et arbitre!!,0
2012-10-28T07:50:12Z,"Resultat logique.
Nantes bientôt en L1 :p",0
2012-10-27T22:19:39Z,un vole  pour la journée de l'arbitrage bravo ..... ,0
2012-09-28T23:38:16Z,Merci pour la vidéo ! Daghe Munegu ! <3,0
2013-05-21T11:04:57Z,"Allez Monaco vous Aller Gagner.
",0
2013-05-10T11:12:17Z,Allez Auxerre Gagner se match Contre Monaco.,0
2013-04-15T06:45:02Z,C dla merde Monaco degager vous savez pas jouer !,0
2013-04-14T10:05:22Z,olalala ce que rate Auxerre ! c'est incroyable !,0
2013-04-13T23:11:17Z,ON va gagner ... on va gagner ... ON VA GAGNER LE CHAMPIONNAT...ON VA GAGNER LE CHAMPIONNAT....ON VA GAGNER LE CHAMPIONNAT     lol allez Monaco ,0
2012-11-10T12:02:49Z,"Ahah sa fait plaisir de voir un message encourageant d'un supporter parisien ;-) 
",0
2012-11-08T01:48:55Z,Allez Niort ;),0
2012-11-04T22:24:03Z,Dur dur le commentateur...,1
2012-11-04T20:42:49Z,Et en plus Touré est sénégalais et non Ivoirien 4:13,0
2012-11-04T04:39:56Z,"La preuve que le commentateur ne connait pas Dirar, il le cite tout le temps et le remplace par d'autres joueurs ... 1:47 c'est Dingome et Poulsen à 3:32 et non Dirar
",0
2013-04-22T22:13:48Z,"MAIL ENVOYE A LA LFP !!! 4/4
Bizarrement, tellement reconnaissant aux D.O.M, pour la première fois que le trophé des champions a été organisé hors de LA FRANCE METROPOLITAINE, vous l'avez fait aux USA!!! bien plus loin qu'aux antilles ou en Guyane, pourvoyeur
de sportif à la chère France!
Il serait bon que vos décisions réglementaire soient logiques, étiques, justes, et homogènes.Arrêtez de stigmatiser certains, favoriser d'autres, et chercher à handicaper un autre.Soyez clair, franc et honnête!",0
2013-04-22T22:12:07Z,"MAIL ENVOYE A LA LFP !!! 3/3
Si vous y voyez une particularité pour justifier l'isolement de ces départements ayant peu de moyen pour élever le niveau de leurs sportifs, pourquoi ne pas autoriser les D.O.M à participer aux éliminatoires zone concacaf
avec leur sélection? Et là vous saurez me parler de la France...
",0
2013-04-22T22:10:44Z,"MAIL ENVOYE A LA LFP !!! 2/3

je Pense que vous aviez plus important, plus logique et juste à faire dans le foot français...
Etique? Egalité?
Ben alors pourquoi les clubs des D.O.M sont les seuls à ne pouvoir accéder à une division supériéure ,
une fois champions chez eux? Les D.O.M sont des département français comme tous les autres...
",1
2013-04-22T22:09:11Z,"MAIL ENVOYE A LA LFP !!! 1/3
Vous avez décidé d'un coup de changer une règle dans le foot français:
Tous les clubs de L1 et L2 devront avoir leur siège en France...
Comment ne pas penser que c'est visé contre l'a.s Monaco seul club concerné?
Auriez vous pris cette décision si l'as Monaco n'était pas sur le point d'accéder de nouveau à
la L1?
Est-ce une coïncidence, avec la venue du Qatar dans le club parisien.
Cherche t-on à façonner le foot français pour le PSG?

 ",0
2013-02-05T16:08:22Z,pas mal le gardien de monaco,0
2013-02-17T08:39:40Z,Allez le HAC !,0
2013-02-12T05:41:12Z,Hey oui allez l'ASM !,1
2013-02-03T13:11:11Z,"Allez Angers.
",1
2013-02-03T13:11:00Z,On méritez Mieux.,1
2012-11-25T09:15:29Z,pas mal le ronaldo chop :),0
2012-11-25T09:12:46Z,Mendy est aussi fort en match qu'à l'entraînement ?,0
2012-11-25T08:11:48Z,Ahaha t'es énorme Alex ! :) ,0
2012-11-25T07:45:44Z,First !,0
2012-12-03T18:05:12Z,"té jalou té pa first
",0
2012-11-30T22:04:04Z,bouffon va,0
2012-11-29T17:26:03Z,first,0
2013-01-03T13:51:42Z,C'est John Utaka,1
2013-01-25T11:03:35Z,bienvenue !,0
2013-05-30T19:02:06Z,Ofsayd da var,0
2013-05-30T19:01:53Z,Elle atmis,0
2013-05-30T19:01:36Z,Kotu futbolcu,0
2012-10-02T10:31:04Z,"keep up
",0
2012-10-16T19:52:31Z,Nice goal under pressure.,0
2013-03-29T07:09:25Z,"ça fait du bien de voir des petite vidéo de la séance d'entrainement, il devrait y en avoir plus souvent ! :)
",0
2013-03-28T13:01:34Z,Allez Monaco ! We are with you ! ,0
2013-04-08T11:48:29Z,cc marvin,0
2013-01-12T19:36:37Z,<3333333333333333333,0
2013-01-09T17:21:42Z,Un super mec ,1
2013-01-07T21:37:58Z,Se que j'aimerais etre a sa place =),1
2013-01-07T13:13:27Z,Oui !,5
2013-01-07T13:09:35Z,5:00 il dit Petr Cech ?,1
2012-09-01T13:56:24Z,J'aime la poésie footballistique.....,0
2013-01-15T04:16:20Z,Les buts du TFC sont tjrs superbe lol PS: je suis toulousain ;),0
2013-01-14T17:08:44Z,meme si je suis stéphanois le but est superbe,1
2013-01-14T07:51:57Z,superbe but.,0
2013-04-11T17:15:09Z,Like ,0
2013-02-03T22:53:50Z,Pauvre Ahamada,0
2013-02-03T20:06:22Z,Sirigu parle mieux qu'Ahamada. MDR,0
2013-02-03T15:53:49Z,Ba écoute bravo hein ta réussi ta vie :),0
2013-02-03T15:41:48Z,"FIRST
",0
2013-07-07T12:58:57Z,vive l'AS MONACO FC !!!,0
2013-05-30T13:32:16Z,"On est, On est, On est Monegasque ! On est en Ligue 1 On est en Ligue 1 ! ",0
2013-05-22T18:13:46Z,ALLEZ MONACO !,0
2013-05-18T13:17:38Z,"<3<3
",0
2013-05-18T10:41:46Z,Bravo Monaco !,0
2013-02-03T20:03:26Z,C'étais un beau match... ici c'est paris..XD,0
