publish_date,title,view_count
2013-02-16T23:00:14Z,FC Istres - AJ Auxerre (0-3) - Le résumé (FCIOP - AJA) / 2012-13,7032
2013-05-18T22:00:11Z,AJ Auxerre - Clermont Foot (1-1) - Le résumé (AJA - CFA) / 2012-13,2278
2012-12-22T23:18:02Z,Clermont Foot - AJ Auxerre (1-2) - Le résumé (CFA - AJA) / 2012-13,3169
2012-10-20T22:00:12Z,AJ Auxerre - RC Lens (1-2) - Le résumé (AJA - RCL) / 2012-13,9863
2013-05-28T13:07:16Z,BUTS AUXERRE 2012/2013,435
2013-05-11T22:00:11Z,AJ Auxerre - Angers SCO (2-2) - Le résumé (AJA - SCO) / 2012-13,5157
2013-03-09T23:00:19Z,AJ Auxerre - Havre AC (4-1) - Le résumé (AJA - HAC) / 2012-13,9781
2012-12-12T23:00:14Z,AJ Auxerre - Chamois Niortais (4-2) - Le résumé (AJA - NIORT) / 2012-13,8750
2012-12-01T23:00:17Z,Châteauroux - AJ Auxerre (1-1) - Le résumé (LBC - AJA) / 2012-13,3620
2012-11-24T23:00:16Z,AJ Auxerre - FC Nantes (0-2) - Le résumé (AJA - FCN) / 2012-13,9569
2013-03-30T23:00:13Z,AJ Auxerre - Dijon FCO (0-0) - Le résumé (AJA - DFCO) / 2012-13,1750
2013-03-17T14:46:55Z,RC Lens - AJ Auxerre (1-0) - Le résumé (RCL - AJA) / 2012-13,14275
2013-05-04T22:00:10Z,Chamois Niortais - AJ Auxerre (0-1) - Le résumé (NIORT - AJA) / 2012-13,2570
2012-12-15T23:00:13Z,Angers SCO - AJ Auxerre (2-1) - Le résumé (SCO - AJA) / 2012-13,3652
2013-04-06T22:00:13Z,GFC Ajaccio - AJ Auxerre (0-0) - Le résumé (GFCA - AJA) / 2012-13,1953
2013-04-13T22:00:15Z,AJ Auxerre - AS Monaco FC (0-2) - Le résumé (AJA - ASM) / 2012-13,9740
2013-03-03T16:26:42Z,"hit goal 3 mars 2013(Axel NGANDO, ETO&#39;O. Paul NTEP, Hervé TCHAMI, Samuel UMTITI)",1922
2013-02-23T23:00:14Z,AJ Auxerre - EA Guingamp (2-1) - Le résumé (AJA - EAG) / 2012-13,7683
2012-10-27T22:00:12Z,Dijon FCO - AJ Auxerre (0-1) - Le résumé (DFCO - AJA) / 2012-13,3859
2013-05-25T22:00:36Z,Nîmes Olympique - AJ Auxerre (4-2) - Le résumé (NIMES - AJA) / 2012-13,3472
2013-02-09T23:00:28Z,AJ Auxerre - Tours FC (3-2) - Le résumé (AJA - TOURS) / 2012-13,7993
2013-06-11T12:41:18Z,LANGIL AUXERRE/AJAX,5645
2013-02-18T06:07:26Z,"jeunes footballeurs camerounais formés en France(Boumal, Ntep,Ngando)",8632
2013-03-02T19:34:47Z,CS Sedan - AJ Auxerre (1-0) - Le résumé (CSSA - AJA) / 2012-13,1804
2013-05-18T20:53:14Z,Conférence de presse AJ Auxerre - Clermont Foot (1-1) / 2012-13,175
2013-02-16T19:29:57Z,Conférence de presse FC Istres - AJ Auxerre (0-3) / 2012-13,177
2013-03-09T18:42:48Z,Conférence de presse AJ Auxerre - Havre AC (4-1) / 2012-13,663
2012-12-22T23:31:29Z,Conférence de presse Clermont Foot - AJ Auxerre (1-2) / 2012-13,245
2013-04-19T20:04:56Z,Entraînement du Stade Rennais FC - Veille de finale / 2012-13,602
2012-12-15T21:12:17Z,"Gary Glen Gets His First Goal of the Season For Ross County, Ross County 1-1 Dundee, 15/12/2012",266
2013-01-17T20:37:18Z,Stade Rennais 16 01 2013,64
2013-04-14T22:00:22Z,Goal Anthony MODESTE (59&#39;) - FC Lorient - SC Bastia (4-1) / 2012-13,317
2012-11-22T10:15:09Z,Baba y el gol,254
2012-12-12T23:09:58Z,Conférence de presse AJ Auxerre - Chamois Niortais (4-2) / 2012-13,274
2012-12-23T21:49:50Z,OM 1 - 0 ASSE but André Ayew 45&#39; !,1328
2012-09-22T12:35:30Z,Aleksei Sapogov Humilliating Goal Russia against Turkey,216258
2013-01-17T15:42:13Z,AMBIANCE STADE RENNAIS - MONTPELLIER! ENVAHISSEMENT DU TERRAIN,6983
2012-11-08T16:28:45Z,Nemanja Radonjic,88876
2013-05-08T15:57:28Z,Auxerre Caen 93/94 21e journée,1512
2013-05-20T19:41:17Z,HIT BALL CAMEROUN,82
2013-02-05T18:58:27Z,AXEL NGANDO,3138
2012-12-28T10:46:00Z,Evénements de la FFF en 2012,3419
2013-06-15T06:37:24Z,Mamadou Sakho ● Dimitri Payet ● Jérémy Mathieu ● Yohann Cabaye ● Brazil vs France 2013,723
2012-11-04T11:30:30Z,Le But De David Villa Vs Salta Vigo,388
2013-06-13T18:10:47Z,Olivier Giroud ● Mathieu Valbuena ● Dimitri Payet ● Eliaquim Mangala ● Uruguay vs France 2013 :,622
2012-10-21T22:00:26Z,But Daniel BRAATEN (86&#39;) - Evian TG FC - Toulouse FC (0-4 / 2012-13,3033
2013-03-13T21:40:37Z,Moussa Sissoko Newcastle United Training Session @ St James Park,1957
2013-03-28T20:43:17Z,Jérémy Menez ● Dimitri Payet ● Loïc  Rémy ● Raphaël ● Training French team,736
2013-01-13T23:00:11Z,Goal Etienne DIDOT (28&#39;) - AS Saint-Etienne - Toulouse FC (2-2) / 2012-13,196
2012-12-09T23:00:28Z,Goal John UTAKA (28&#39;) - Montpellier Hérault SC - AC Ajaccio (3-0) / 2012-13,850
