published-time,comment,likes
2013-06-30T09:39:05Z,Le but de meite,1
2013-04-23T23:04:19Z,Bienvenu a Lille !! Meite,1
2013-03-09T13:54:38Z,des buts manifique,1
2013-02-23T09:02:39Z,"Pourquoi quand je clique sur ""J26 : Auxerre-Guigamp : matches croisés"", je tombe sur le match Istres - Auxerre ? Pourquoi ne pas faire deux types de playlist à chaque journée : Résumé et Réaction d'après match ? Là c'est un peu le bordel ...",1
2013-02-21T12:19:23Z,Istres n'a rien pu faire..,1
2013-05-20T16:02:07Z,"MERCIII  !!HENGBART <3 AJA <3
",1
2013-05-19T12:09:16Z,Au revoir Hengbart <3 :'(,1
2013-01-28T14:02:24Z,"A voir très beau but :

But de Touzghar Amiens - Lens Septembre 2011 vu de la tribune Nord",1
2012-10-22T18:33:00Z,"Le début d'une grande remontée , éspéront le ",1
2013-05-28T16:45:17Z,"AJA <3
",0
2013-05-11T23:33:34Z,Allez le SCO !!!!!,1
2013-04-06T11:50:21Z,LE FCR CEST LES MEILLEUR DU MONDE,0
2013-03-10T14:28:15Z,"Messieurs les socialistes, mettez la main à la poche. Ne vous ridiculisez comme Lecanuet uniquement parce que Guy Roux et Gérard Bourgoin ne partagent pas vos opinions politiques... C'est d'abord la ferveur de toute une région qui est en jeu. C'est ça aussi le socialisme !",3
2013-03-10T14:25:25Z,"Il n'existe qu'un seul grand club de foot en Normandie, c'est le FC Rouen. 8ème de finaliste en Coupe des Villes de Foire (ancêtre de l'UEFA et de l'Europa League) en 1970. On serait encore là, si Jean Lecanuet n'avait pas flingué le club, comme est en train de le faire le maire d'Auxerre Guy Ferez avec l'AJA. Voir disparaître l'AJA me fend le cœur pour des raisons politiciennes car c'est un club mythique parti de rien. Même si Bourgoin c'est pas top, Auxerre doit survivre.",1
2013-03-10T09:00:41Z,"Allez le HAC, on va vite se relever ;)",0
2013-03-10T09:00:26Z,Pas de mal ! Kéké --',0
2013-03-09T23:05:31Z,First,0
2013-05-10T15:36:20Z,Auxerre ont gagner s'en Probléme. ,1
2013-01-08T17:20:20Z,"Auxerrois <3
",1
2012-12-13T21:02:20Z,"Au vu de toutes les erreurs défensives (d'un côté comme de l'autre), pas sûr qu'il y ai beaucoup de choses à retenir de ce match... La victoire fait du bien quand même.",1
2012-12-13T16:16:52Z,"C'est affligeant de voir de telles erreurs quand même, mais bon ça fait du bien pour l'aja. En espérant que la deuxième partie du championnat soit bien plus régulière, on ne sait jamais faut toujours espérer une remontée en L1",2
2012-12-13T16:12:47Z,on l'aime cette aja la !,1
2013-01-26T17:50:29Z,Congratz Paul-Arnold!!!,0
2012-12-09T14:44:36Z,Une future pépite ce Garita ! ,0
2013-01-06T21:21:35Z,"lee <3
",0
2012-12-18T07:06:18Z,bravo la bretagne!,0
2012-12-02T19:56:09Z,"écouter la bourgogne pleurer !
",0
2012-11-25T18:12:39Z,Félicitation a Nantes pour cette victoire :) Compations d'un supporter Lensois ;) Nantes et Lens meilleur public de ligue 2 nous méritons la Ligue 1 :D ,1
2012-11-25T16:51:38Z,vite la ligue 1!,0
2012-11-25T15:35:25Z,...écoutez la Loire chanter !!!,0
2012-11-25T14:45:00Z,allez Nantes,0
2012-11-25T13:43:23Z,Allez nantes !!!!! Hé vous qui netes pas nantais !!,0
2012-11-25T07:17:28Z,objectif: LIGUE 1 ALLEZ LES CANARIS !!!!!,0
2013-04-01T14:38:12Z,"Les Auxerrois qui disent ""fuck Dijon"" c'est tellement ridicule :') 
Les dijonnais ont soutenu Auxerre durant ses belles années et maintenant Auxerre se croit supérieur à tout le monde.",0
2013-03-31T10:51:12Z,"AjA <3 
fuck dijon !!!!",0
2013-03-30T12:34:25Z,"ALLER LES SANG ET OR !!!
",0
2013-03-27T02:22:07Z,Touzghar est FrancoTunisien !,2
2013-03-23T00:00:24Z,Lens <3 ,0
2013-03-21T21:05:38Z,mERCI RIOU et Bale pour la passe décisive !!!!!,0
2013-03-18T20:55:24Z,Lens !!!!!!,0
2013-03-18T02:02:20Z,S&O FORZA !!!! LE 17 AVRIL UNE GRANDE FETE POUR NOTRE CLUB ENFIN !!!,0
2013-03-17T19:05:08Z,"Mauvaise qualité de video :/
",0
2013-05-05T18:25:50Z,j'etai ramasseur de ball =) et malheureuse esayildi ne pas pas donner son maillot comme prevus ...,0
2013-05-21T11:04:57Z,"Allez Monaco vous Aller Gagner.
",0
2013-05-10T11:12:17Z,Allez Auxerre Gagner se match Contre Monaco.,0
2013-04-15T06:45:02Z,C dla merde Monaco degager vous savez pas jouer !,0
2013-04-14T10:05:22Z,olalala ce que rate Auxerre ! c'est incroyable !,0
2013-04-13T23:11:17Z,ON va gagner ... on va gagner ... ON VA GAGNER LE CHAMPIONNAT...ON VA GAGNER LE CHAMPIONNAT....ON VA GAGNER LE CHAMPIONNAT     lol allez Monaco ,0
2013-05-10T10:58:24Z,Allez Auxerre Gagner contre Guingamp.,0
2013-02-25T13:29:32Z,"Encore pas mal d'erreurs défensives, mais Sorin a assuré. Au vu du match aller où on mène 3-1 pour perdre ensuite 4-3 avec un but hors jeu, le 2-1 avec le penalty assez contestable fait bien plaisir ! ",1
2013-07-20T18:15:46Z,Putain d'auxerrois de *****,2
2013-06-12T10:30:56Z,Bouby !,0
2013-06-12T10:27:06Z,GO NO,0
2013-06-02T13:50:26Z,all-in for Bouby !,0
2013-05-10T11:03:31Z,Allez Auxerre vous allez Gagner.,0
2013-03-21T16:26:28Z,ALLEZ LAVAL!,0
2013-03-10T09:22:35Z,tu est fou aller aja,0
2013-02-13T16:06:38Z,Allez TOURS,0
2013-02-11T17:57:13Z,quel buteur ce sanogo,0
2013-03-02T19:59:04Z,courage les sedannais,0
2013-03-09T22:33:09Z,"Direction Démission ! ! !
",0
2013-04-20T13:59:47Z,Mens in Black ?,0
2013-01-21T09:26:09Z,"Tu voulais qu'ils fassent quoi de plus ? Saint-Etienne n'a pas le monopole de l'envahissement de terrain.
SRFC DA VIKEEEEEEEEEEEN",1
2013-01-19T18:21:11Z,"C'est clair que ça ne fait pas du tout copier/coller de l'envahissement de terrain effectué la veille à Saint-Etienne, vive l'originalité -_-' En tout cas, bravo pour la qualification, et bonne chance pour la suite ;)",0
2013-01-18T02:31:05Z,larmes aux yeux en voyant sa <3,0
2013-01-17T19:53:12Z,Que d'émotions ! Rennes a Jamais ! <3 ,0
2013-01-17T16:41:48Z,j'y était des souvenirs plein la tête et graver a jamais en + gt dans le kop,0
2012-12-28T12:52:42Z,I'm the besr,0
2012-12-28T12:21:14Z,first,0
