published-time,comment,likes
2012-12-12T16:41:15Z,"moi chuis a fond pour dijon mais la javou que les nantais ont etes plus fort
",1
2012-12-10T22:12:57Z,Le tacle de Bamba est inadmissible !,0
2012-12-03T21:12:28Z,Nantes va allez en Ligue 1 ( De la part D'un Supporters Marseillais ),1
2012-11-01T23:17:20Z,Allez NANTES!! <3 Direction la ligue1!!,1
2012-11-01T20:48:48Z,Allez les jaunes!!!!!,1
2012-10-23T13:46:06Z,Vive Nantes !!!,1
2013-07-15T09:12:46Z,"Ce qui est énervant c'est que c'est toujours celui qui est 3ème en ligue2 et qui monte et qui descends la saison d'après ! Maintenant à nous de montrer qu'on peut rester dans l'élite !
",0
2013-05-27T16:51:21Z,Bon allez l'essentiel c'est la montée meme si sa fait ch... pour la 2ème place que guinguamp nous taxe a la derniere journee !!! Plus réalistes que nous !!!,0
2013-05-27T10:30:29Z,putin la victoire volé on passe derière guimgam du cou -- !!,0
2013-05-26T11:10:45Z,"allez le fc nantes!!!!!!! vous etes les meilleurs
",0
2013-07-25T14:30:07Z,Superbe équipe !,0
2013-07-20T21:00:39Z,"oui vivve les bleu
",0
2013-07-18T11:18:09Z,"C'est quoi votre palmarès déjà ? Désolé, je ne m'en souviens plus. Contentez-vous de vous qualifier pour la coupe du monde, ça sera déjà un exploit. ",0
2013-07-14T22:06:43Z,"on est avec vous
",0
2013-07-13T00:35:35Z,Elle est prometeuse cette equipe u20,0
2013-07-12T19:05:32Z,jspr qu'il ne prendront pas la grosse tête ...!!!,0
2013-07-11T13:57:39Z,"Les belges, ahah je rigole!!!! Allez manger les frites!!",0
2013-07-05T04:16:23Z,Belgique va vous plier en phase de poule a la coupe du monde.  On va rire met ami(e)s lecher ma paire de heinnnnnn bisous bisous les frenchy!,0
2013-07-04T01:50:30Z,"""Faux déjà Qu il y vont "" mdr ah ouais quand même",0
2013-07-03T18:02:46Z,super match dimitri ca c est digne d un rennais,0
2013-07-03T17:46:40Z,Pogba a fait deux magnifique passe,0
2013-07-03T16:59:29Z,Faux deja qu'il i vont en final.  Génération or?  Ouvré vos yeux bande de footix il a rien dans votre GÉNÉRATION OR j'en suis mort de rire aller ciao!,0
2013-07-03T16:17:58Z,Très beau match,0
2013-07-03T11:56:01Z,JORDAN VERETOUT <3,0
2013-07-03T10:11:02Z,"Géneration or ! 
",0
2013-07-03T10:06:58Z,ils sont trop forts,0
2013-07-03T09:19:54Z,Aaahh Click aaaahhhh Click !!!,0
2013-07-03T08:47:05Z,ça aurait pu faire 5-1 si thauvin avait pas raté le péno,0
2013-07-03T08:13:38Z,Retrouvez les buts et les reactions des joueurs apres la victoire (4-1) des Bleuets face à la Turquie en 8e de finale de Coupe du Monde U20 ! RDV Samedi pour le 1/4 de finale contre l'Ouzbekistan !,14
2013-07-03T06:32:25Z,Vous faites une très belle compétittion ! On est tous derrière vous :D Bravo ! :),0
2013-07-03T05:31:13Z,"c bie les gars je vous suis depuis le début et vous avez fait d'énorme progrès félicitation ! :D
",0
2013-05-03T18:22:12Z,NANTES EN LIGUE 1 BORDEL !!!!!!!!,0
2013-05-03T15:41:28Z,Allez le SCO,1
2013-04-30T12:49:48Z,On a eu chaud quand meme en 1ere période. ,0
2013-04-30T09:16:33Z,Pourquoi dans ces vidéos à la fin le commentateur ne parle plus mais on montre pendant 1 minute les joueurs ?????????????????????????????,0
2013-04-30T09:13:04Z,Mois je vois monaco nantes et nîmes qui montent !,0
2013-04-28T16:05:50Z,Allez nantes on ira en L1,0
2013-04-28T13:56:15Z,"2 matchs à gagner et on sera en l1 ^^
Si les joueurs sont concentrés sa va le faire, surtout ki nous reste clermont, sedan et istres, c'est largement possible ( ;
Y a que caen ki peut nous empécher d'aller en l1 !!!",0
2013-07-27T16:09:26Z,pffff tu dit des conneries,0
2013-04-05T13:11:36Z,Nantes c'est Nantes !! :),1
2013-03-12T00:59:53Z,mdr oui c'était logique avec Kita au sifflet...,1
2013-02-14T16:55:04Z,a 0.10 sa c'est de l'ultra monégasque lol,2
2013-01-09T23:05:27Z,LOL merci l'arbitre,0
2012-11-16T12:59:12Z,"Nantes à bcp de chance sur ceux match mais bon Monaco et meilleur dans le Jeu et ca ce voit sur tous ses matchs
",0
2012-11-03T20:14:49Z,C'est fait pour la confirmation :p,0
2012-11-02T10:58:06Z,C'est un très bon le Djordjevic franchement ! Gg Nantes ! J'espère qu'il vont continuer comme çà et déjà confirmer par une victoire contre Angers à la Beaujoir lors de la prochaine journée. :),1
2012-11-01T23:11:49Z,"L'arbitrage fait partie du foot les gars, c'est dans les deux sens, n'allez pas dire que vous n'avez jamais été avantagé par l'arbitrage!! Allez NANTES!! <3",0
2012-11-01T20:48:22Z,Je pense que Monaco montra en L1,0
2012-11-01T20:47:38Z,Allez les jaunes!!!!!!!,0
2012-10-30T11:47:14Z,"meme si Monaco méritait Nantes a été réaliste et c'est quand meme Djordjevic qui a été élu meilleur du mois et pas Touré.
Aller Nantes la L1 c'est pour l'anné prochaine avec Monaco je pense.",0
2012-10-30T11:45:39Z,pfff arbitre==== 0 ! ,0
2012-10-29T09:31:20Z,"Match volé !!!!!
aller l'ASM",0
2012-10-29T07:59:44Z,"Y'a aucune compensation arbitrale sur ce match çà n'a été que dans un sens. même à 2-0 il oublie une faute flagrante à 18m pour un coup franc idéalement placé.
Nantes a été réaliste mais NON ce n'est pas tout",0
2012-10-29T06:51:53Z,Monaco aurais pus gagner 3-1 mais bon c'est comme ca... allez NANTES !! et vener nombreuxa la Beaujoire samedi prochain pr le derbi Nantes sco angers !!!!,0
2012-10-28T20:58:18Z,"L'ASM s'est volé un but, 2 pénos (voire même trois avec la faute de Madouni sur Carrasco). Mais Nantes gère tout de même bien son match, si on met les erreurs d'arbitrage de coté. Je comprends la déception des Monégasques. Après, les erreurs d'arbitrage, ça arrive. Une fois, ça nous est favorable, une fois non. Mais n'ayez crainte, je pense que l'ASM montera cette année. En espérant que Nantes également.
Allez les canaris !",0
2012-10-28T16:53:50Z,"ya pas de coup de coude sur le but refusé,et la main est tellement flagrante que si elle n'est pas sifflée on ne sifflera plus aucune main dans la surface.nantes a bien joué le coup et merite sa victoire parce qu on a pas été bons non plus mais faut pas déconner,on se fait voler au moins 1 but au moment ou on dominait le plus....",0
2012-10-28T16:28:00Z,meme les joueurs nantais on dit kil on eu de la chance... a 2 0 pour asm c t pas le meme match (et je suis pas monégasque),0
2012-10-28T16:18:52Z,"lol quelle bonne foi les Monégasques, véreux juste parce que vous pensiez vous imposer facilement, l'argent ne fait pas tout!! Pour le but refusé, c'est un coup de coude dans le dos de Cichero qui est sanctionné ce n'est pas un hors jeu! La main elle y est, ne pas oublier aussi qu'en fin de première période il y a également une main Monégasque non sifflée dans la surface, donc un partout au jeu des pénaltys non accordés. Nantes a été réaliste, c'est tout",1
2012-10-28T15:29:08Z,Quel arbitrage scandaleux !,0
2012-10-28T15:11:38Z,du grand n import quoi l arbitrage nantes mérite pas la victoire même pas le nul et surtout pas la l 1,0
2012-10-28T14:50:25Z,"Ouaaaah ce vol arbitral !!  
",1
2012-10-28T09:54:19Z,FC NANTES !! <3<3<3<3...,0
2012-10-28T08:43:06Z,une position de hors jeu peu évidente... il est bête le commentateur ou il fait exprès... meme la sur la vidéo on voit qu'il est pas hors jeu et que le but doit être accepté... sur le but de Nantes par contre il dit pas qu'il est hors jeu ;) quelle bon commentateur et arbitre!!,0
2012-10-28T07:50:12Z,"Resultat logique.
Nantes bientôt en L1 :p",0
2012-10-27T22:19:39Z,un vole  pour la journée de l'arbitrage bravo ..... ,0
2013-06-06T17:42:08Z,Allez le SCO ! La Ligue 1 pour Nantes c'est pas mériter !,2
2012-12-11T12:56:27Z,nantes remonte en force cé bonnnn saah !!,2
2012-12-09T23:43:11Z,"Ca fait du bien de voir la baujoire remplie. Ca commence a sentir bon :)
",4
2012-11-22T17:44:43Z,J y étais en Loire et c était trop cool,2
2012-11-08T23:36:29Z,"Voir la beaujoire remplis ses juste trop bien , ALLER NANTES !!! :D <3",2
2012-11-05T11:31:33Z,"vraiment bravo d'être venus si nombreux, continuez ",2
2012-11-04T11:35:11Z,c moi ou ils ont oublié pleins d'occasions de nantes en première période? :D,2
2012-11-04T11:07:41Z,FCN a VIE ♥,2
2012-11-04T08:22:18Z,"FC NANTES !! <3<3<3...
",2
2012-12-02T15:34:47Z,"Match nuls et ils jouraient la monté la alors reflechissez avant de parlez, c t evident que ce match n allait pas etre si simple",0
2012-12-02T15:33:51Z,"Ils ont une bonne defense , le seul probleme est qu ils ne marquent pas assez, c les champions du match nuls, ils aurait marqués 5 fois de plus lors de leur",0
2012-12-02T15:32:44Z,"Vous réfléchissez avant de parler?  Niort est loin d etre une mauvaise equipe, c est une bonne equipe de ligue2 qui a reussi a chaque fois contre les grosses",0
2012-12-02T09:13:23Z,c vrai que faire 0-0 contre niort il faut vraiment le faire ^^ ALLEZ NANTES,0
2012-12-02T00:57:38Z,Ah on les entend moins les nantais là... ça taille Monaco quand ils font 1-1 contre Niort mais c'est pas mieux chez les jaunes xD.,0
2013-06-01T21:48:02Z,"2:59, quelle belle image ;) Allez Dijon, la ligue 1 c'est pour nous l'année prochaine !",0
2013-04-06T18:12:29Z,Ferme ta gueule ,0
2013-03-30T11:34:44Z,Allez Dijon ! xD,0
2013-03-29T15:12:55Z,"Bien dit et ALLER DIJONNNNNNNNNNNNNNNN
",0
2013-03-24T15:05:39Z,"Rémy Riou très très bizarre sur les buts.. Trop avancé, nonchalant... Ca cache quelque chose.",0
2013-03-22T16:07:22Z,"le terrain n'y peu rien car la greke est tombée 30 minutes avant le coup d'envoi comment voulez vous qu'il s'occupe du terrain a temps ?

",0
2013-03-22T15:14:11Z,"Allez l'OL !
Bravo à Dijon.",0
2013-03-22T08:11:45Z,"Ce n'est pas le terrain bande d'inculte qui est nul !
Ce sont les conditions climatiques.. comment voulez vous que après un orage ou y est tomber 2cm de grêlons que le terrain soit jouable ?! 
Le terrain a été refait y a pas longtemps pour la Ligue 1 donc y a un an même ... 
Et les supporters pour info , en L1 on a été premier du championnat des tribunes l'an dernier, autant par le remplissage que par l'ambiance, avant de parler svp cultiver vous ... MERCI ALLEZ DIJON !",0
2013-03-20T07:36:06Z,Déçu du FCN mais il fait avouer que Dijon a proposé un beau spectacle sur un terrain catastrophique!,0
2013-03-19T20:17:04Z,Terrain nul !,0
2013-03-19T19:54:49Z,"3 but en 10 minutes franchement epic allez dijon
",0
2013-03-19T18:22:43Z,Pape Paye........,0
2013-03-19T17:48:06Z,"Putain je suis dèg' xD
Bien ouèj dijon ;)",0
2013-03-19T17:00:15Z,"sinon terrain super glissant lol
",0
2013-03-19T15:20:33Z,"allez dijon on passe en ligue 1
",0
2013-03-19T12:04:15Z,Pourquoi ?,0
2013-03-19T11:20:50Z,"pauvre france (en football , mais pas que ça )",0
2013-01-14T19:50:20Z,"ALLEZ NIMES !!!
",1
2013-01-13T14:02:14Z,J'espere que ce match fut une erreur...,1
2013-01-12T21:57:18Z,Madouni a vraiment été mauvais hier soir :/ Mettre gabi à gauche au lieu de le mettre dans l'axe :/,1
2013-02-19T22:37:28Z,allez caen pour le match retour il faut les 3 PTS  ,0
2012-12-20T18:16:10Z,"C'est moi ou le temps change tout le temps ?
",0
2012-12-17T22:38:04Z,"Vivement le match retour amis Nantais, espérant que ce sera d'aussi bonne qualité que samedi !
Allez Malherbe !",0
2012-12-17T15:03:35Z,la joie de Michel fait plaisir pour une futur monter j'espere,0
2012-12-17T01:14:15Z,"Le Rush de Deaux a enflammé la beaujoire, c'était terrible !!",0
2012-12-16T14:06:26Z,"superbeeeeeeeee
on retrouvera notre place parmi l elite
un vrai club, pas un club d imposteurs comme rennes ou evian thonon gaillard, sans public et palmares",0
2012-12-16T12:46:17Z,lucas deaux omfg :o FCN <3 ,0
2012-12-16T11:20:11Z,allez les canaries tous avec vous !!! FCN for ever,0
2012-12-16T10:28:16Z,BIENTOT DE RETOUR EN LIGUE 1 ♥,0
2012-12-16T09:47:59Z,"Les frisson.. Et Lucas Deaux qui essaye d'en rajouter ! Vous êtes juste énorme..
#FCN!<3",0
2013-05-04T09:26:03Z,"Déjà apprends à écrire après on verra !
",0
2013-03-07T10:17:01Z,"Nantes a montré qu'ils avaient du mental face à une belle équipe de Lens, et c'est la première fois en 4 ans qu'ils sont capables de monter en L1, alors allez Nantes !!!",2
2013-03-05T21:20:45Z,J'avou,0
2013-03-05T18:39:54Z,"Connexion free.... Met longtemps à charger du 360p ! 
",0
2013-03-05T17:57:06Z,Les TIGERS font un tifo ; on pourrai le voir quoi,0
2013-03-05T17:44:12Z,poteaux faute inutile de riou... heuresement qu'on gagne!,0
2013-03-05T16:26:56Z,Tu rigoles ? ,0
2013-03-05T15:30:32Z,Aller Nantes !!!,0
2013-03-05T15:02:20Z,Encore un but à la dernière minute c'est pas possible  ='''(,0
2013-03-05T14:53:33Z,GG Fabrice ! Nantes en ligue 1 !!,0
2013-03-05T12:17:14Z,vive nantes la ligue 1 arrive,0
2013-03-05T11:20:55Z,Allez Nantes !!!!!!!,0
2012-12-12T12:07:43Z,"FFCCCCNNNNAAAA
",1
2013-07-03T13:14:37Z,il a interet a resté a nantes !,0
2013-06-26T17:25:09Z,Bonne idée pour Bessat ! Après il y a sinon Serge Gakpé,0
2013-06-26T07:45:46Z,Pas d'importance. Il me faut l'idée.. J'avais pensé à Bessat ou Deaux.,0
2013-06-26T06:57:44Z,Merci pour ta vidéo ! Qu'est que tu pourras faire la même vidéo sur un autre joueurs du FC NANTES ?,0
2013-06-06T18:17:15Z,2.07 c'est une ambiance clairement de L1,0
2013-06-06T18:14:12Z,drole ta blague,0
2013-05-26T09:30:14Z,Il va tout cartonner en L1 :D,0
2013-05-01T08:32:29Z,rien a voir lol,0
2013-04-30T21:09:55Z,Djokovich joue plus au tennis ?,0
2013-01-06T21:21:35Z,"lee <3
",0
2012-12-18T07:06:18Z,bravo la bretagne!,0
2012-12-02T19:56:09Z,"écouter la bourgogne pleurer !
",0
2012-11-25T18:12:39Z,Félicitation a Nantes pour cette victoire :) Compations d'un supporter Lensois ;) Nantes et Lens meilleur public de ligue 2 nous méritons la Ligue 1 :D ,1
2012-11-25T16:51:38Z,vite la ligue 1!,0
2012-11-25T15:35:25Z,...écoutez la Loire chanter !!!,0
2012-11-25T14:45:00Z,allez Nantes,0
2012-11-25T13:43:23Z,Allez nantes !!!!! Hé vous qui netes pas nantais !!,0
2012-11-25T07:17:28Z,objectif: LIGUE 1 ALLEZ LES CANARIS !!!!!,0
2013-01-12T10:50:43Z,"c'est quoi ce montage qui ne montre quasiment que les occases Nantaises, alors que Sedan en as eu beaucoup plus que ca 
",0
2013-01-09T15:35:27Z,Nantes en l1,0
2013-01-03T21:36:16Z,Réécoute je te dis ou met plus fort parce que y'a un truc quiva pas chez toi...,0
2013-01-03T10:23:26Z,2:45 c est Adrien Trebel et pas Yoann ,0
2013-01-01T13:34:10Z,Ben mon pauvre réécoute...,0
2012-12-29T11:58:47Z,Il a dit : Adriane ( écrit sous la prononciation ou Adrien si tu préfert ) Trebel .,0
2012-12-26T08:46:01Z,Bien le pénalty oublié ?,0
2012-12-25T21:43:20Z,"""avec ce centre de Yoan Trebel"" Il s'appelle Adrien Trebel*",0
2013-05-24T20:10:50Z,"t trop fort zidane !
pour moi t le n`1 !",0
2013-01-17T12:19:20Z,THE BEST ! ,0
2013-01-09T17:51:04Z,On en fait plus des joueurs comme ça ^^,0
2013-02-18T19:23:10Z,le mans ALLEZ ALLEZ LE MANS,2
2013-02-08T20:30:58Z,Allez les nantais on les applaudit pour enfin ce rattrapage de plusieurs saison manquées!!!!!,1
2013-02-08T18:23:09Z,FCNANTES ! FCNANTES ! FCNANTES !,0
2013-02-06T13:30:40Z,Wesh Nantes!!!15ème but de Djo!!!,0
2013-02-05T01:30:46Z,"une mauvaise nouvelle vient de tomber pour le FC Nantes 
interdiction de recruter pendant 1 ans .Dommage si on monte ",0
2013-02-04T19:43:02Z,c'est moi ou il y a + de buts et de matchs à rebondissements en ligue 2 qu'en ligue 1 ?,0
2013-02-04T03:53:15Z,ça fais plaisir l'année prochaine je pourrais enfin revoir un mythique bordeaux vs nantes ,1
2013-02-03T20:44:14Z,LE MANS CEST LA MISEREEE MISEREEE MISEREEE!!!,0
2013-02-03T19:46:57Z,"EN L1 C'est L'OM en l1 je suis pour l'om et l2 pour le muc
",1
2013-02-03T19:44:53Z,"allez le mans ALLEZ ALLEZ ALLEZ LE MANS
",2
2013-02-03T14:08:00Z,drrraaa 44 RPZ aïe aïe aïe !!!,0
2013-02-03T10:29:03Z,FCNANTES !!,0
2013-07-19T17:30:10Z,"ouais trop :p
",0
2013-04-09T15:21:08Z,Ou elle rentre la balle ? ,0
2013-04-05T19:38:23Z,stylé le parcage lors du but!,0
2013-04-02T21:43:42Z,Le ballon est rentré sur la dernière occase? Lol tu ne dois pas avoir le même opticien que nous tous,0
2013-04-02T19:49:02Z,"80 ans que Monaco est la et jamais personne n'a rien dit, quand ils sont descendu en L2 pareil tout le monde s'en foutait, mais maintenant qu'il y a de l'argent et qu'ils vont remonter en L1 tout le monde flip et veut leurs mettre des batons dans les roue je trouve sa scandaleux. ",1
2013-04-02T16:17:12Z,"Voila 2 belles équipes qui retrouveront la ligue 1 si monaco peut jouer en france la saison prochaine...car on peut avoir le plus gros budget de ligue 2 et un propriétaire milliardaire, si Monaco n'installe pas son siège en France, l'argent ne servira à rien (pour une fois)...",0
2013-04-02T14:34:05Z,"Et pour se qui est du score pour moi il est logique, Nantes n'a pas dominer pas plus que Monaco n'a dominer, les 2 équipes on eux leurs temps forts pendant le match et pour moi c'est un résultat logique, aucune des 2 équipes ne méritait de gagner se match ni de le perdre. Et puis pour se qui est de l'arbitre oui il a été mauvais mais il n'a favoriser aucune des 2 équipes, au contraire du match aller... ",0
2013-04-02T14:30:19Z,"Destructordark13 tes sérieux quand tu dit que tu a pas entendu les supporters monégasque ?? Tu devait pas être a coter alors. J'y était dans la tribune monégasque et on a chanter tout le match même 1h avant le cou d'envoie on été déjà a se casser la voie. Par contre les Nantais il y a que la brigade loire qui a chanter tout le long du match, les autres se sont réveiller seulement a l'ouverture du score et se sont tait a l'égalisation. ",0
2013-04-01T19:21:52Z,nantes méritait LARGEMENT la victoire et j'y étais l'abitre est nul et le gardien monégasque un gros connard il a du gagner 4 minute a lui tout seul!,0
2013-04-01T16:13:33Z,perso monaco a bien jouer mai jtrouve ke nantes a mieu jouer plusieur foi j'ai cru qu'il y avai but il y a eu plus d'ocaz de la part de nantes sans oublier le poto la denriere action aie aie aie putain on devait le gagner ce match,0
2013-04-01T15:24:33Z,"J'y étais aussi et on a pas vu le même match,on vous bouffe pendant le premier quart d'heure et en 2e mitemps!!! la prochaine fois fais là en français ta phrase aussi ;)",0
2013-04-01T15:22:31Z,"Tu manques d'objectivité,les deux équipes ont eut leurs temps forts,et des occasions franches,l'arbitrage a été bon,le but n'est pas rentré(clair sur la vidéo),et le péno si tu regardes la réaction de Djordjevic avec notre défenseur après l'action tu comprends qu'il a tenté le coup.Et puis t'as bon dos de critiquer un arbitrage qui t'avais fait gagner le match à l'aller,si ça avait été pareil tu te serais surement suicidé....",0
2013-04-01T14:28:09Z,"Et le penalty de Djordjevic !!! :o
",0
2013-04-01T11:11:42Z,"Et arretez de dire que Suba gagnait du temps, j'y etais au stade et vous l'avez sifflé 2 fois quand il prenait son temps or il y avait a chaque fois des changements.. vous avez été minable, on ne vous a pas entendu. On entendait que vos 2 tambours (qui ont été très fair play EUX !) et quand on voit le match aller je crois que vous plaindre est se foutre de la gueule du monde ! 
",0
2013-04-01T11:05:37Z,Monaco a été minable ? Mais vous vous êtes vu supporters Nantais ?? mdr,0
2013-04-01T10:15:51Z,"j'avais envie de l'arracher Subasic ^^

",0
2013-04-01T07:54:20Z,Nantes et Monoco méritent la LIGUE 1 !!!,0
2013-03-31T20:00:21Z,Les Nantais méritait sérieusement et le gardien de Monaco nous provoquai en Loire donc on ses fait voller encore par larbitre,0
2013-03-31T15:40:24Z,"Chacun son tours :D
",0
2013-03-31T13:08:47Z,ALLER NANTES ! (arbitre de merde sur le match),0
2013-03-31T12:13:18Z,en tout cas sa fais plaisir de voir un match comme avec de l'ambiance aussi belle bravo a vous nantes et bravo au supportaire qui on fais le deplacement  Allez MONACO,1
2013-03-31T12:11:27Z,ba c'est cool sa fais 1 partout niveau arbitre de merde regarde la match allez :) ,0
2013-03-31T11:51:34Z,petit rageur  ,0
2013-03-31T11:22:20Z,"On reparle du match aller ? C'etait exactement ce que tu viens de dire mais pour Monaco, 1-1 partout sur l'arbitrage de merde !",0
2013-03-31T11:20:38Z,"Quel match et surtout le début , ça fait du bien de voir ce genre de match au parfum de L1 , Bien joué aux deux équipes 

Et Ocampos qui fêtent ce but avec les supporters la classe ^^

Daghe munegu <3 ! ",0
2013-03-31T09:57:18Z,"La balle rentre pas sur la dernière occasion, stop de dire des conneries. Surtout pour ceux qui étaient en Loire en bas, on l'a tous vu, il est sur la ligne.
Même si elle rentre un TOUT PETIT PEU c'est pas valable.

Par contre, un péno aurait pu être sifflé sur Djordjevic, c'est sûr.. =|",0
2013-03-31T09:38:02Z,Allez Nantes ! J'y étais au match mais le gardien de Monaco faisait de l'anti-jeu et l'arbitre était nul le premier quart d'heure,0
2013-03-31T09:09:57Z,"Avec l'angle de la caméra on ne voit pas bien mais le ballon doit être rentré intégralement pour qu'il y ait but et là ce n'est pas le cas. Et quel que soit le scénario et le niveau de jeu de Monaco, le résultat est 1-1 et c'est ce qui va faire d'eux le champion de Ligue 2.",0
2013-03-31T09:06:48Z,Arbitre de merde qui a refusé un but de Nantes et n'a pas sifflé un pénalty parfaitement valable et en plus il met un carton pour simulation !!!!!!!!!!!!!!!,0
2013-03-31T08:26:31Z,"Monaco ont été minable sur ce match.
Leur gardien intolérable a gagner tout le temps du temps.
Et l'arbitre ... la balle est rentrer sur la derniere occase 
  ",0
2013-03-31T07:54:45Z,Mais quel beau match ! quel intensite de jeu ! mais que font ces 2 équipes en L2 !!,0
2013-03-30T23:05:42Z,Nantes en L1!!!!,0
2013-03-30T23:01:10Z,ALLEZ NAAAAAANTES ! ♥,0
2013-03-30T23:00:45Z,Preums,0
2013-01-21T20:29:27Z,"Belle excuse le terrain, MDZ aurait mieux fait de se taire. Le terrain est le même pour les deux équipes.
Pour votre gouverne, plus de 30 techniciens de la ville étaient mobilisés pour que le match ait lieu...

ps: La région des PDL ne peut pas subventionner tous les clubs de la région !",1
2013-01-21T01:01:15Z,s'ils vous plait prenez pas le terrain comme excuse de se match nuls car c’était le même problème partout en France pas pour autant que tout les matchs se sont conclus sur des 0-0 ^^ sur se bravo au lavallois qui vienne de faire de match nul au 2 premiers ^^,1
2013-01-20T14:38:56Z,C'est quoi ce terrain.. Pire qu'un terrain de district ! ,1
2013-01-20T09:20:23Z,C'est *,1
2013-01-20T09:20:01Z,Super vive les terrains de L2 sérieux nantes aime bien avoir le ballon avec une pelouse pareil inceste impossible de bien jouer avec le ballon,1
2013-01-20T08:13:45Z,Quel idée de jouer sur des terrains gelés....,1
2013-02-24T13:20:19Z,D'autant plus que le HAC est une tres bonne equipe,0
2013-02-24T13:15:46Z,"Dsl mais quand le peno est arrive Nantes dominait depuis 5 minutes ;) Et apres ils ont parfaitement gere leur match contrairement a ce que beaucoup disent ! C'est pas si facile de battre une equipe qui joue a 10, demandez aux lensois !",0
2013-02-24T12:42:59Z,Heureusement que Michel Der Zakarian a gueulé à la mi-temps :3,0
2013-02-24T10:40:20Z,en ce moment la défense peine on perd notre statut de grosse défense,0
2013-02-24T09:42:57Z,"Tu as tout à fait raison ;)
Bien que en 2e mi-temps ça c'est grave amélioré :3
",1
2013-02-24T08:18:55Z,"""les nantais dominent"" Heu non ^^ sur le coup on c'est fait dominé par une bonne équipe du Havre... Sans le carton rouge de Rivière, c'étai défaite ou nul sur le match ^^'",0
2013-02-24T07:52:18Z,Allez Nantes !!,0
2012-11-12T16:41:10Z,lololololololol,0
2012-11-11T14:43:35Z,"fcn en ligue 1 !!
",0
2012-11-10T23:02:12Z,Nantes grand club pour toujours,0
2013-03-23T15:53:12Z,Pouce vert si vous aimé le stade lavallois !! ,0
2013-03-23T15:51:21Z,ALLEZ LAVAL!!!!!!!!!!!!!!!,0
2013-03-14T20:00:15Z,c'est raphael romey pas loic romey,0
2013-03-11T17:29:26Z,Supporter nantais Rendez-Vous tous pour FCN-Monaco ! :) Allez Nantes !,0
2013-03-11T10:52:20Z,"Remontez en ligue 1, ça manque la Ligue 1 sans vous!!",1
2013-03-10T21:46:22Z,"Allez Nantes, Ligue 1 on arrive !!!!!! Allez Nantais, allez !!!!!",0
2013-03-10T13:18:13Z,J'étais au match superbe ambiance :) vive nantes,0
2013-03-10T09:48:39Z,Nantes je veux absolument en Ligue 1 c'est les meilleurs ( De la part d'un supporters Marseillais ) ,0
2013-03-10T01:18:51Z,Très jolie la fille à 3 mn 10 ! si tu vois ce message contacte moi ! :),0
2013-03-10T00:52:14Z,Allez Nantes!!! on vous aimes ! ♥,0
2013-03-10T00:04:00Z,Aller les Jaunes !,0
2013-06-07T18:47:16Z,on est trop fort,1
2013-05-17T21:17:07Z,pff ;(,1
2013-05-16T19:58:36Z,ou pas !! mais nantes oui XD,1
2013-04-08T16:55:29Z,Gg Angers,1
2013-04-07T18:19:12Z,"Bref, on est redescendu sur Terre.",1
2013-04-07T17:13:18Z,Le SCO en ligue1 !!!!!,2
2013-04-07T10:56:09Z,"c sur c sur, la victoire n'est pas volé.",1
2013-04-07T10:07:12Z,enfin la victoire  n est pas volé,1
2013-04-07T07:51:45Z,"Déjà qu'on était dégueulasse sur le terrain, il avait pas besoin de mettre un rouge là-dessus, ya absolument rien, il joue la balle. Djilobodji je peut vous dire qu'il en a mis des plus gros à la Beaujoire. Bref on a été nul et l'arbitre ne nous aide pas beaucoup pour notre fin de saison parce qu'on a plus aucun de nos defenseurs centraux.",1
2013-04-07T07:48:09Z,Déjà qu'on était,1
2013-04-06T22:50:20Z,"très bonne perf des Angevin !!! 
",1
2013-07-21T14:23:47Z,3 mec du RCK surement,0
2013-07-11T16:06:09Z,"Toi tu doit etre le mec qui supporte une équipe quand elle vient de gagner la ligue des champions .....

ALLEZ NANTES !!!!!!!!!",0
2013-07-05T14:06:23Z,ballon repris pour les canaris djorvjevic' qui sapuise sur touré ya un cou a joué djordjevic encore une foi djordjevic il est passé DJORDJEVIC IL EST TOUT SEUL IL VA POUVOIR FRAPEER !!!!! mdr jador ce moment :d,0
2013-07-04T07:11:29Z,Cette vidéo je peux la regarder une dizaine de fois j'aurais toujours autant de frissons,0
2013-06-30T16:55:53Z,encore un rennais ki c pri pour un ouf ,0
2013-06-28T09:32:10Z,Jen ai les larmes au yeux merci pour cette video! ;-),0
2013-06-28T08:19:24Z,Dommage que tu parles trop tôt.,0
2013-06-27T22:40:31Z,Dommage que vous allez redescendre aussi sec xD,0
2013-06-27T09:37:20Z,"lol quand le mec prends le poteau de corner
",0
2013-06-19T20:32:24Z,Je suporte depuis tout petit ce FC Nantes et je peux vous dire que les voir aussi heureux ça me met les larmes aux yeux... Merci à tous ces champions,0
2013-06-19T15:00:48Z,"Jsui Parisien et franchement un stade et des supporter comme ça VOUS MERITEZ VRAIMENT LA LIGUE 1
J'arrive même pas à croire que vous ayez pu être relégué",4
2013-06-12T15:05:46Z,Merci pour la vidéo = 1 j'aime + 1 abonné,0
2013-06-07T08:33:16Z,la video ma donné des frisson !,0
2013-06-06T18:25:39Z,tu fait de très bonne vidéo toi,0
2013-06-03T21:40:04Z,Vous parlez du ramasseur de balle (en rose) qui se fait prendre le ballon qu'il a dans les mains?,0
2013-06-02T23:01:13Z,"3,50 un joueur se fait déchirer sont maillot par un spectateur en bas a gauche ces vraiment bof sa",0
2013-06-01T01:16:39Z,J'en ai des fucking frisson...FCN dans le coeur pour toujours <3,0
2013-05-25T11:50:23Z,Sa fait au moins 50 fois que je la reregarde :D,0
2013-05-25T11:40:18Z,"magnifique , ca donne les frissons les buts avec les commentateurs <.3",0
2013-05-23T20:17:39Z,Très belle vidéo riche en émotions !,0
2013-05-22T09:30:18Z,Une légende de meure jamais !,0
2013-05-22T09:15:43Z,Génial ! Merci pour les frissons !,0
2013-05-21T23:04:11Z,"bravo et merci pour les frissons
 ",0
2013-05-20T17:54:33Z,"Music a 3:06 ?
",0
2013-05-20T08:06:30Z,"Superbe vidéo , bravo",0
2013-05-19T21:49:07Z,Vraiment Magnifique ! M.A.G.N.I.FI.Q.U.E !!!,0
2013-05-19T20:39:13Z,Excellent. Bravo,0
2013-05-19T15:22:58Z,Superbe vidéo ! C'est magique !,0
2013-03-13T23:50:15Z,"""The Offspring - Staring at the Sun""
",0
2013-03-13T20:58:28Z,Aller le Fc Nantes on croit en vous ! monaco vous font pas peur ! :D,0
2013-03-13T15:37:30Z,"name of the song
",0
2013-03-09T19:36:06Z,"Devant un stade complet ! ;)
",0
2013-03-06T18:23:03Z,"Et se ce passera pareil dans 2 semaines à la beaujoire !!!!
Aller le FCN !!!!",0
2012-10-23T21:36:41Z,score final: 2à0 pour Nantes.,0
2013-07-26T08:24:20Z,Cavani on t'attend !,6
2013-06-12T10:15:31Z,tout faux ,0
2013-05-31T20:59:35Z,^^,0
2013-05-31T19:59:53Z,par contre guingamp va pas durer ,0
2013-05-29T15:22:36Z,"sinon vous avez peut etre une chance si vous recruter un joueur a chaque poste :)
",0
2013-05-28T20:42:35Z,"c'est ce que je pense mais des fois, et comme dans tous les clubs, ya des supporters arrogant d'autre non et c'est difficile de faire la différence :)",0
2013-05-26T21:44:09Z,pcq tu crois faire quelque chose contre nous avec cette équipe??? seul monaco vaut quelque chose dans ceux qui sont montés :) ,0
2013-05-21T17:46:22Z,"aller nantais enorme l'erdre qui répondait a la loire bravo PARIS CES LA MISERE MISERE MISERE PARIS CES LA MISERE MISERE MISERE PARIS CES LA MISERE MISERE MISERE OH OH OH OHHHHHHHHHHHHHH
",0
2013-05-19T11:44:02Z,Vraiment content de vous revoir parmi l'élite! (de la part d'un supporter marseillais),5
2013-05-19T11:43:21Z,Ambiance de ouf pour une remontée fantastique ! ,2
2013-05-19T07:28:36Z,Enfin on remonte en L1. On arrive,1
2013-05-18T22:56:06Z,Yes Nantes ! Ligue 1 est à nous !,0
2013-05-18T22:38:25Z,"Cette ligue n'existe pas mon cher ami xDD
Ahh trop content que Nantes monte , l'année prochaine ça va être difficile , mais ce groupe a des potentialités !! :P",0
2013-05-18T22:36:49Z,On est en ligue 1 ! <3,1
2013-07-27T14:32:01Z,"*applause.. You deserve a cookie you! Now tell me what player didnt start as a sunday club player!?? So you think walcott, bale, gael clichy, ronaldo messi, henry the legend himself (and I can't name everybody) where already established players!? Dude.. how long have you been watching football! Nobody said he'll start 1st team nxt season. U develop talents put em in reserve, if they stand out, they go to the squad, then if they're good enuf, first team. Thats how it works Junior! Ask Fergie!",0
2013-07-20T19:23:12Z,"clown? Why you place a dot behind ""!""? Uhm.. who is the stupid one now? You can't even answer my question? ",0
2013-07-20T11:27:34Z,"BTW I know your a Clown anyway by the way you wrote ""Kid"" LOL !. Im dam near in my 30s Son.",0
2013-07-20T11:25:51Z,"Well true, Henry for example wasn't well known or a big star when he was at monaco & wenger seen potential in him & Made him into One of the best Ever !. But what im sayin is its very hit or miss bringing in young unheard players in, Some can shine & relish the pressure of the Prem & Some Can crack & be flops. Wenger has tinker'ed around enough the last few seasons & Has won Fuk all. Its time for a change & Spend abit & bring in some big names. ",0
2013-07-18T21:52:05Z,And how much of those unknown players turned into really important and good players? U don't know nothing kid.,0
2013-07-08T15:43:31Z,"they aren't french, this guy is (Henry YEAH) :D",0
2013-07-07T15:19:44Z,how much he can miss his shot in one game?,0
2013-07-07T10:11:37Z,"Another youth player, we don't have to pay for in FIFA 14!",0
2013-07-05T19:07:20Z,YAYAYAYA,0
2013-07-04T18:55:17Z,this video makes him look completely average,0
2013-07-03T15:13:57Z,why would you make this,0
2013-07-02T23:12:34Z,"Based on that short video there he looks like a sunday pub player, I mean no disrespect but i dont know why wenger fanny's around with these type of players on free transfers like chamack, & park and Co They are nobodys & turn out to be complete flops !. I would of thought he would of learned from this fuckery in the last few seasons, He's wasting his time. The fans have let wenger know we want some big  influential highly skilled Players in ( At least 4) to compete for the title next season.",0
2013-07-02T17:52:42Z,"this dude can be the new Henry, remember when we bought Henry from a french club, he was a simple player like Sanogo and over the years he rose to be the legend that he is today?. I believe this player is destined for greatness at the Emirates, welcome to Arsenal m8, we wish you good fortune (Y).",1
2013-07-02T15:22:29Z,looks like another giroud coming to Emirates -..-,0
2013-07-02T15:20:46Z,this guys such a diaby,0
2013-07-01T23:55:16Z,Looks a bit too selfish to play for the Gunners,0
2013-07-01T19:50:30Z,"what a good signing for arsenal, by the looks of this video this guy cant hit the target lol",1
2013-06-21T02:53:55Z,welcome to arsenal sanogo,0
2013-07-22T13:36:36Z,t'as raison !!!! :(:(:(:(:(,0
2013-07-18T09:54:15Z,Putain zizou :(,0
2013-06-29T17:10:35Z,"La première c'est ""Battle Los Angeles - Soundtrack #1 Hymn""
La seconde c'est ""Battle LA Soundtrack - Abandoning"".",0
2013-03-01T12:03:20Z,Vive le toursfc,0
2013-01-29T19:46:24Z,"faut rien lâcher allé FCN !!!

",1
2013-01-28T23:22:28Z,encore un effort les jaunes!!!! on y est presque,1
2013-01-27T18:07:47Z,Je me suis vu Fcn <3,0
2013-01-27T16:30:58Z,vive le FCN !!!!!!!!!!!!!!!!!!!!!!!!!,0
2013-01-27T10:04:33Z,"super les canaris ! ♥
",1
2013-06-01T00:23:04Z,però siete arrivati prima di noi . complimenti ... ZERU TITULI ,0
2013-05-29T23:27:02Z,siete morti!!!!!!!!!!!!   non importa quello che direte o farete nei prossimo 50 anni perchè questo derby vi rimarrà impresso per sempre nel culo!!! ahahahah,0
2013-05-29T12:53:27Z,hahahahahhahahha e' gia' hahahahahh come godooooooooooo,0
2013-05-28T19:17:18Z,ve saluta lulic,0
2013-05-28T17:03:12Z,Anch'io ho fatto OLEEEEEE il 26 maggio 2013,0
2013-05-28T15:09:02Z,ma la tua!!,0
2013-05-28T06:36:51Z,"26/05/21013 UNA DATA CHE VI TORMENTERA'!
CIAO FALLITI!",0
2013-05-27T23:30:47Z,"Però, ve accontentate de poco!!! AHHAHAHAHAHA 26/05/2013 TUTTO IL RESTO E' NOIA!!!",0
2013-05-27T23:15:32Z,own SEI UN GRANDE!!!           Come avrebbe detto Dredde: il 26 maggio ve so ESPLOSE le mamme.  xD,0
2013-05-27T21:49:58Z,beh non si sa quando sono nati ma almeno mo sappiamo quando sò morti ahahahahahahaha,0
2013-05-27T21:48:48Z,sorpassate sta ceppa de cazzo ahahahahahahahah,0
2013-05-27T15:28:46Z,Grande own,0
2013-05-27T11:47:15Z,good,0
2013-05-27T07:52:01Z,hahahaahh! idioti,0
2013-05-27T06:29:54Z,Roma and Panathinaikos brothers for ever!Respect from Greece.,0
2013-05-26T20:34:18Z,Ora ki è ke sta sotto?,0
2013-05-24T19:02:09Z,"si ritorna alla normalità NOI SOPRA, LORO SOTTO!",0
2013-05-23T09:49:01Z,che belli i festeggiamenti tricolore..ah no scusate pe la champiuons ah no scusate l'europa ligghe ah no 1 punto sopra la lazie daje roma daje,0
2013-05-23T01:58:58Z,GRANDE CURVA GRANDE ROMA,0
2013-05-20T05:33:55Z,Boja ma bravi,0
2013-05-19T22:06:27Z,"Grandissimo ** un bello spettacolo davvero, iscrivetevi al mio canale se volete, metto video di calcio anche ;)",0
2013-05-19T21:37:22Z,"GRANDE ROMAA !!
",0
2013-03-18T17:51:57Z,It aint shit to us psg still #1 miles ahead of these #brokeboyz#,0
2013-03-17T23:17:26Z,PSG should have won ,0
2013-05-21T07:05:15Z,Hhhhh,0
2013-05-19T17:45:36Z,Pourri,0
2013-04-28T21:47:16Z,C'est koi ce sport?,0
2013-04-28T20:41:01Z,Tu as juste un jeu qui ne fais que planter il n'y a rien de pro et de gag,0
2013-04-28T20:20:11Z,C koi ce sport qui fait???,0
2013-04-28T19:19:29Z,MORT DE RIRE !!!,0
2013-04-28T19:15:47Z,Ok,0
