publish_date,title,view_count
2013-06-22T18:31:52Z,U20 / Jordan Veretout : &quot;Gagner la Coupe du Monde&quot; 22/06,1277
2013-07-14T15:58:53Z,Mondial U20 / Veretout : &quot;On va savourer&quot; 14/07,437
2012-10-23T10:00:22Z,FC Nantes - Dijon FCO (2-0) - Le résumé (FCN - DFCO) / 2012-13,16151
2013-05-25T22:00:36Z,FC Istres - FC Nantes (2-2) - Le résumé (FCIOP - FCN) / 2012-13,7284
2013-07-03T02:39:54Z,France-Turquie U20 (4-1): buts et réactions!,60930
2013-04-27T22:00:13Z,Chamois Niortais - FC Nantes (0-1) - Le résumé (NIORT - FCN) / 2012-13,6593
2012-10-27T22:00:12Z,AS Monaco FC - FC Nantes (0-2) - Le résumé (ASM - FCN) / 2012-13,20618
2012-11-03T23:58:17Z,FC Nantes - Angers SCO (1-0) - Le résumé (FCN - SCO) / 2012-13,17378
2012-12-01T23:00:17Z,FC Nantes - Chamois Niortais (0-0) - Le résumé (FCN - NIORT) / 2012-13,1738
2013-05-29T09:39:48Z,Football Legends,11041
2013-03-19T11:01:19Z,Dijon FCO - FC Nantes (3-1) - Le résumé (DFCO - FCN) / 2012-13,11282
2013-01-12T19:38:21Z,FC Nantes - Nîmes Olympique (1-2) - Le résumé (FCN - NIMES) / 2012-13,4687
2012-12-15T23:00:13Z,FC Nantes - SM Caen (2-1) - Le résumé (FCN - SMC) / 2012-13,15503
2013-03-05T11:01:30Z,RC Lens - FC Nantes (1-2) - Le résumé (RCL - FCN) / 2012-13,14504
2012-12-12T08:58:05Z,Clermont Foot - FC Nantes (0-1) - Le résumé (CFA - FCN) / 2012-13,4569
2013-04-30T17:22:23Z,Filip DJORDJEVIC - 2013,41880
2012-11-24T23:00:16Z,AJ Auxerre - FC Nantes (0-2) - Le résumé (AJA - FCN) / 2012-13,9569
2012-12-23T23:00:12Z,CS Sedan - FC Nantes (0-0) - Le résumé (CSSA - FCN) / 2012-13,5229
2012-12-24T12:41:09Z,Zinedine Zidane,23053
2013-02-02T23:00:14Z,Le Mans FC - FC Nantes (0-3) - Le résumé (LEMANS - FCN) / 2012-13,15298
2013-07-19T12:44:57Z,les 20 buts de filip djordjevic durant la saison 2012-2013,12300
2013-03-30T23:00:14Z,FC Nantes - AS Monaco FC (1-1) - Le résumé (FCN - ASM) / 2012-13,18576
2013-01-19T23:00:13Z,Stade Lavallois - FC Nantes (0-0) - Le résumé (LAVAL - FCN) / 2012-13,3617
2013-02-23T23:00:15Z,FC Nantes - Havre AC (2-0) - Le résumé (FCN - HAC) / 2012-13,10377
2012-11-10T23:00:16Z,FC Nantes - Châteauroux (1-1) - Le résumé (FCN - LBC) / 2012-13,3438
2013-03-09T23:00:20Z,FC Nantes - GFC Ajaccio (2-1) - Le résumé (FCN - GFCA) / 2012-13,11536
2013-04-06T22:00:13Z,Angers SCO - FC Nantes (2-0) - Le résumé (SCO - FCN) / 2012-13,15996
2012-11-08T00:02:26Z,FC Nantes 1-0 Angers 3 /11/2012 Ambiance Tribune Loire. Ola a la beaujoire HD,2563
2013-07-02T10:20:08Z,Yaya Sanogo Welcome to Arsenal **OFFICIAL** 01/07/2013 HD,1436
2013-05-19T14:50:25Z,FCNantes - La montée en ligue 1 - 2013,158727
2013-03-06T16:34:11Z,FCNantes 3 - 0 AS Monaco 15J L2 - 25 novembre 2011,4268
2012-10-21T09:46:53Z,"L2 : NANTES DIJON, le point avant le match",192
2013-05-18T22:00:11Z,FC Nantes - CS Sedan (1-0) - Le résumé (FCN - CSSA) / 2012-13,24907
2013-06-15T12:54:56Z,Yaya Sanogo /French Talent/ Skills Dribbling Assists Goals /HD/,53495
2013-06-21T09:10:33Z,Sports Français - Moments d&#39;émotion,1164412
2013-02-04T10:36:18Z,FC Nantes c est fou,146
2012-12-11T10:21:05Z,Résumé du match Clermont/ Fc Nantes par Anthony Brulez,207
2013-01-26T23:00:13Z,FC Nantes - Tours FC (3-1) - Le résumé (FCN - TOURS) / 2012-13,9257
2013-01-31T13:39:37Z,But Olivier VEIGNEAU - Rennes Monaco,778
2013-05-19T20:55:56Z,La Roma sorpassa la Lazio: esultanza all&#39;Olimpico - 19/05/2013,18317
2013-03-17T23:12:09Z,Goal François CLERC (72&#39;) - AS Saint-Etienne - Paris Saint-Germain (2-2) / 2012-13,2312
2012-11-11T23:00:43Z,Goal Chahir BELGHAZOUANI (90&#39; +3) - Toulouse FC - AC Ajaccio (2-4) / 2012-13,622
2012-10-28T23:08:54Z,Seniors A - Vertou 3,142
2012-09-29T19:51:14Z,Nantes lens ambiance apres le 1er but,109
2013-01-27T10:14:47Z,but de jordan ayew,105
2013-02-08T18:06:49Z,Résumé FC Metz - FC Nantes 2005-06,3560
2012-11-03T21:38:52Z,ambiance but nantes sco,123
2013-02-23T19:25:12Z,nantes le havre but aristeguieta,177
2013-04-28T10:27:47Z,Le but le plus gag en pro !,7953
2012-09-14T05:18:53Z,Luke Rowe fancy footwork 2012,223
