published-time,comment,likes
2012-12-04T17:49:36Z,Allez Nice hohohohohoho  Paris Paris On T'Encule !!!,0
2013-03-17T18:49:16Z,"Ei ole ketään joka rakastaa itse kipua, joka etsii sitä ja haluaa sitä vain siksi, koska se on kipua...",0
2013-03-13T04:27:49Z,"Ouch, i felt that all the way here.",0
2013-03-12T22:16:32Z,Iltalehti?,0
2013-03-12T20:49:35Z,"Onpas. Se vain yrittää peitellä sukujuuriaan, kun ruotsalaiset serkkumme muuten sitä irvailisivat.",0
2013-03-12T20:17:47Z,"ihan perus liukkari, nyt vaan jalka huonossa asennossa..
",0
2013-03-12T19:40:02Z,"lol, pelkkiä suomalaisia kommentteja :D",0
2013-03-12T16:52:10Z,Saatto tuhota ton uran,0
2013-03-12T16:29:43Z,Nappulat edellä on aina tahallinen...,0
2013-03-12T15:05:24Z,"Hyvä! Kommentoidaan suomeksi tähän videoon, niin kaikki ihmettelee mitä kieltä me kirjoitetaan. Ei videon lähettäjä ole suomesta",0
2013-03-12T13:12:59Z,"Ei ""tunnu missään""!",0
2013-03-12T12:02:57Z,Ei ****** oliko tos ny mitää järkee??,0
2013-03-12T11:44:28Z,"ai saatana
",0
2012-09-17T18:48:49Z,A ce rythme le Nice-Troyes il finit en 6-0 ...,0
2013-01-30T12:59:21Z,Gééééééééniaaaaaaaal !,0
2013-01-18T19:06:26Z,"issa nissa !!!!!!!! 
",0
2013-01-18T18:41:20Z,BIMMMM !!!! ,0
2013-01-14T19:03:48Z,MA-GNI-FIQUE,0
2012-08-24T20:15:26Z,""" SuBaSic "" :)

C'est quoi le titre de la musique ?",0
2012-08-22T04:47:33Z,"Merci :-) .

Daghe !",0
2012-08-21T19:16:50Z,Merci pour ces vidéos qui nous rapprochent un peu plus chaque jours de notre club :D,0
2012-08-21T19:11:56Z,"On se retrouve demain sur ASMTV après l'entrainement si tu veux
(amène des bières)",0
2012-08-21T19:08:05Z,Possible d'avoir les vidéo en HD ? :),0
2012-08-21T18:42:21Z,pas compris ce que dit Touré à la fin :),0
2013-03-05T18:22:23Z,Si vous aimer bien l ASSE aller voir sur ma chaine thenn106,0
2013-03-05T17:50:53Z,ALLEZ BRANDÃO ALLEZ A.S.S.E. 2013 ...40 MACTH SANS DEFAITE..40 MATCH DE VICTOIRE...,0
2013-06-06T15:51:29Z,incredible player!!!!,0
2013-05-19T12:06:03Z,He's like taking a penalty.,0
2013-04-19T15:30:42Z,why no celebrate ?!,0
2013-04-03T11:17:57Z,"MISSILE!
",0
2013-03-26T23:08:36Z,"The power on that kick, dear lord!",1
2013-03-10T14:15:32Z,I wonder at what speed did the ball travel?,0
2013-02-21T19:02:16Z,"that guy was right, it wasnt great. it was perfect ",0
2013-01-30T12:36:54Z,"Thats not a great freekick, thats a superb freekick",0
2013-01-22T20:31:54Z,super swede more like super saiyan,0
2012-12-09T16:45:27Z,Are you kidding me?,0
2012-12-07T17:05:18Z,كفووووووو,0
2012-12-06T01:14:12Z,"my bad, Ibra fanboy reflexes",0
2012-12-05T23:42:34Z,"stfu, easy to that behind a computer",0
2012-12-04T22:39:51Z,Go zlatan...proud to be Bosnian. :) ,0
2012-12-04T09:31:38Z,for me**,0
2012-12-04T09:31:12Z,"im stupid because i have a different opinion than you?  maybe you need to grow the fuck up and understand that people think differently.  for people, being a particular ethnicity has more to do with blood than to where you were born. that's just my definition, it might not be correct, but that's what i think.  both his parents are eastern european, so for me, that's exactly what he is. ",0
2012-12-03T23:56:11Z,And we're lucky to have him in Paris! ,1
2012-12-03T21:13:38Z,"respect
",0
2012-12-03T16:08:55Z,Haha the defender pussied out of the way!>.<,0
2012-12-03T06:56:34Z,just like R.carlos.....,0
2012-12-03T06:56:09Z,Just like R.carlos....-,0
2012-12-03T02:05:25Z,Ligue1 are all just scared and shitting their pants from Zlatan ahhahaha,0
2012-12-03T01:12:04Z,neither is zlatan,0
2012-12-02T23:24:02Z,your not swedish,0
2012-12-02T23:20:21Z,"sorry to see PSG win, But ibra cant do everything himself they need a stronger midfield and need Lavezzi and Pastore in form",0
2012-12-02T23:06:49Z,"Go Zlatan! :D

Proud to be Swedish ;)",1
2012-12-11T05:39:24Z,QUE PASO HAY DAVIDSITO OSPINA ORGULLO COLOMBIANO :D,0
2012-12-04T22:39:55Z,TEKKERS!!!!!!,0
2013-07-15T17:01:59Z,premièrement aubameyang ne simule pas un simple contact peut lui faire perdre l'équilibre (par contre je trouve pas normal que gomis prenne un jaune) deuxièmement il ya pas hors jeu au deuxième but achète toi des lunettes,5
2013-05-30T13:38:22Z,Quel débile cet Eysseric,0
2013-05-15T18:29:01Z,"Sur le 2ème but, au début de l'action, le Stéphanois est hors-jeu.

Pause à 1:55. Evident.


Aubamayang simule sur le penalty, évidemment. Le but de Civelli n'aurait pas dû être refusé.",2
2013-05-15T12:30:30Z,c'est gore les blessures,0
2013-04-24T13:01:35Z,meme si il avait sifflé 10 secondes avant eysseric n'aurait pas eu le temps de s'arreter,0
2013-03-27T12:30:22Z,Aaaaaaaaaaaa.ssssssssssss.ssssssssss.eeeeeeeeeee,1
2013-03-23T09:22:00Z,toi t reste bloquée sur la majuscule !!,0
2013-03-19T14:16:33Z,"volé de quoi espèce de compte etant moi meme arbitre je peux te dire qu'il ya jamais faute sur le nicois l'arbitre a été bon c'est juste vous qui n'y connaissait rien
",1
2013-03-16T14:22:54Z,en même temp on est pas chez nous on a plein de nos meilleur joueur blésser qui ont pas pu jouer le match on prend un pénalty et on se fait reduir a 10 contre 11 le match etait perdu davance mais si on est chez nous avec tous nos meilleurs joueur euh les vers.... la je pense qu'on vous nique,0
2013-03-15T22:05:43Z,Mais aller toi on a un bien meilleur jeu que vous !!! ,0
2013-03-14T13:02:58Z,gérrie  vite clem,1
2013-03-14T12:58:01Z,"degage casillas
",0
2013-03-11T18:56:23Z,"la cheville pk tu as mis sa

",0
2013-03-10T10:59:35Z,Et beauthéac,0
2013-03-10T10:59:19Z,Issa Nissa c normal ossi y avait pas cvitanich et beauté,0
2013-03-09T19:36:15Z,"ya pas penalty voyon et on ou refuse un but
",0
2013-03-09T18:53:16Z,"je suis pour nice mes j'avou je le plain clem
",0
2013-03-08T16:15:56Z,On dit ironie,0
2013-03-08T05:30:00Z,Terrible tackle :/,0
2013-03-08T05:08:42Z,Auts,0
2013-03-07T22:17:35Z,Pauvre jeremy clement bon retablissement,0
2013-03-07T05:54:31Z,Eric tes un con ! Y a pas dautre mot ! On a pas de fond de jeux ? Olala mais tes jaloux mon pauvre ! Vraiment stupide ma parole ! On est meilleur que lillle a 2 reprise et nice facile !,0
2013-03-06T21:11:44Z,Bravo l'ASSE mais fait chier pour Jérémy Clément ! ,0
2013-03-06T15:38:51Z,"haha :) samihh kebab
",0
2013-03-05T22:55:24Z,"Je suis niçois, et je comprends qu'on puisse râler, mais enfin 4-0 y a peu de choses à contester ...",0
2013-03-05T21:07:02Z,spotted noubeee,0
2013-03-05T17:58:08Z,Si vous aimer bien l ASSE aller voir sur ma chaine thenn106,0
2013-03-05T17:10:49Z,ironie* :s,0
2013-03-05T13:58:54Z,"Bon ba va falloir se démèrder sans jerem...
",0
2013-03-05T12:00:02Z,Belle faute d'orthographe.,0
2013-03-05T09:31:41Z,les gens qui dise que le carton rouge n est pas meriter on ne pe plus rien faire pour vous la,0
2013-03-04T23:22:07Z,"le rapport ? 
",0
2013-03-04T18:29:03Z,"battre l""equipe B de Lille est de Nice ouaiche super , depuis 2013 vous avez jouer qui dans le top 10 ........Marseille mais  vous avez perdu, on vas voir les 3 prochains matchs , sauf si l'arbitre vous offre un péno , ",0
2013-03-04T18:17:53Z,"tu te la raconte mec nn? on est sur tout les tableaux , on as la meilleur attaque en 2013, on élimine 2 fois lille et tu dit que on est inférieur a vous et as Lille , mais tu me fais rire mdr
 gros naze ",0
2013-03-04T18:02:58Z,"à 10 contre 11 , facile ouais . Mais en début de match à 11 , tes joueurs jouer en contre à domicile , le petage de plomb d'Eysseric vous à sauver la mise je te le dit , vous etes largement inferieur à Lille est à nous , vous avez aucun fond de jeu , et AubemaRavanelli et Branlo devant sont pas des attaquants rien à voir avec un Alessendrini un Payet ou un Aliadere.
On fera les compte en fin de saison .
Bon courage à Clement",0
2013-03-04T17:55:37Z,EYSSERIC n'a pas été CLEMENT...,0
2013-03-04T17:11:44Z,Belle faute d'orthographe ,0
2013-03-04T17:04:03Z,"aubamayang a simuler sur le penaltie et le 2e but est hors jeu il faut pas faire preuve de mauvaise foi arrété un peu mais je dirais aussi eysseric ruine le match defaite logique faut le reconnaite malgré deux voir 3 grossiere erreur d'arbitrage contre nous , soutiens a Jeremy ",0
2013-03-04T14:38:27Z,ironie sans h,0
2013-03-04T12:42:49Z,"Au contraire, ça montre toute mon impartialité quant aux faits du match.
T'es pas fut-fut et t'es pas drôle, punaise, une belle fouille de défauts :)",0
2013-03-04T12:34:48Z,"A part un mec qui t'as dit : Belle ironie, ce qui veut pas dire que c'est drôle, les pouces verts que tu as obtenus sont plus par rapport à la réponse du commentaire précédent qu'une marque d'approbation de ta ""blague"".
Pour répondre à ta question, je suis supporter avant tout des gunners, ce qui ne m'empêche pas de suivre la L1",0
2013-03-04T12:21:02Z,"A on t'a pas dit ?
C'est pas drôle ton truc ! 
A par pour se foutre de ta gueule, j'vois pas comment tu peux faire rire.",0
2013-03-04T12:15:47Z,J'ai mal a la cheville rien qu'en regardant. :x,0
2013-03-04T12:04:51Z,"Si tu siffles dès qu'il y a contact involontaire t'as pas fini de siffler.
Même occasion à 50 m des buts y a avantage et encore, pas si sûr. 
Et puis après la grosse mauvaise foi des tous les joueurs qui réclament pénalty, c'est bien le foot français ça.",0
2013-03-04T12:02:53Z,"bon retablissement a Clément
les vert SEUL équipe INVAINCUE en 2013",0
2013-03-04T11:52:37Z,"J'adore les gens qui font de l'humour sur un truc qu'est vraiment pas drôle. 
Tu dois être triste à vivre dans la vie.",0
2013-03-04T11:32:25Z,Réponse totalement à coté de la plaque...,0
2013-03-04T11:25:42Z,arreter de chercher des excuse on les a bouffé nizza merda,0
2013-03-04T11:08:32Z,"Arbitre clairement pour Saint Etienne: penalty imaginaire, 2eme but de Saint Etienne hors jeu (faites pause vers 1:55 , vous verrez ;) )",0
2013-03-04T10:40:23Z,Si vous aimer bien l asse aller voir sur ma chaine thenn106,0
2013-03-04T09:57:47Z,1:13 Eysseric wins !! FATALITY !!!,0
2013-03-04T09:46:24Z,"non mais arrete un peu le péno est mérité y'a aucune simulation
",0
2013-03-04T08:49:28Z,"tout en retenu la joie sur les buts , super esprit, alors que leurs copain est sortie sur civiere , et jolie auto-croque en jambe de Ravanelli Aubemayang.",0
2013-03-04T08:47:45Z,il le pousse il y a penalty normal,0
2013-03-04T08:42:22Z,"courage Clément, vive l'ASSE !",0
2013-03-04T08:37:06Z,"Je suis supporter stephanois, arbitre et perso je trouve le penalty genereux, car Aubame se fait lui meme le croc en jambe. Par contre, le but nicois est logiquement refusé car Ruff avait le ballon dans ses mains et le rouge est indiscutable, j'espere qu'Eysseric va morfler. #soutienajeremyclement",0
2013-03-04T08:15:24Z,Bravo Brandao,0
2013-03-04T05:58:45Z,Psg Lyon Saint étienne voici le vrai classemen final psgvva faire le doublé cdf é titre,0
2013-03-04T05:54:00Z,Vou finiré devant lé rat sardinien,0
2013-03-03T23:41:36Z,Brandao la star aha ! 3,0
2013-03-03T23:17:32Z,Il est fauché par lui-même ! ,0
2012-12-02T23:04:50Z,0:10-0:30 OMG what bad defending!,0
2013-02-11T23:44:34Z,vamos MEMO,0
2013-02-11T15:34:20Z,OM!!! ♥,0
2013-02-11T04:54:09Z,Was it turtleneck week for the Ligue 1 managers this week.,0
2013-02-11T03:43:27Z,Nik Paris,0
2013-02-11T01:58:10Z,Pariiiiiiiiis,0
2013-01-28T22:07:09Z,name of the song pls ?,0
2012-12-09T19:33:15Z,PSG!,0
2012-12-08T13:02:16Z,4:50 what a goal!,0
2012-12-06T04:26:02Z,"Why can't they have something like this for the other big leagues?
",0
2012-12-05T23:06:20Z,ya imagine if the bpl did this,0
2012-12-04T02:12:04Z,Lyon to win it all  ;),0
2012-12-03T16:07:09Z,its a gem of a channel ,0
2012-12-03T14:47:55Z,wiuuwiuuwiiii,0
2012-12-03T08:22:04Z,it is because everyone prefers the Spanish league which is all midfield no defending.,0
2012-12-03T07:58:08Z,This channel should have more views,0
2012-12-03T04:32:01Z,OM♥,0
2013-01-28T22:05:19Z,name of the song pls ?,0
2012-09-20T21:45:31Z,"Great goals, could do with a few less replays on the earlier goals and some more on the top 3. I think you did about 100 replays of number 5.",0
2012-09-17T10:56:40Z,sick goals,0
2012-09-17T10:40:04Z,thanks for uploading this content! really appreaciate it :),0
2012-09-17T00:11:06Z,who are they ?,0
2013-02-25T11:14:59Z,"This video was selected as the Video Of The Day by the 
editorial team of the Gillette Football Club! Want more? 
Visit the Gillette Football Club and never miss the fooball
 videos that are going around the world.
Click on the logo to start the experience!",0
2013-02-25T11:14:53Z,"Cette vidéo a été sélectionnée comme la vidéo du jour par 
la rédaction Gillette Football Club !  Vous en voulez plus ? 
Rendez-vous sur le site du Gillette Football Club et ne manquez
 plus rien des vidéos de foot qui vont faire le tour du monde. 
Cliquez sur le logo, et commencez l’expérience !",0
2013-02-25T11:14:46Z,"¡Este video fue elegido como Video Del Día por el equipo editorial 
del Gillette Football Club! ¿Quieres más?
Ve al Gillette Football Club, y nunca te perderás los vídeos de 
fútbol que están dando la vuelta al mundo.
¡Haz click sobre nuestro logo para empezar la experiencia!
",0
2013-02-25T02:46:51Z,Porquoi,0
2013-02-25T02:46:42Z,Hello,0
2013-01-28T22:06:52Z,name of the song pls ?,0
2013-02-24T13:28:37Z,"popierdolone
",0
2013-02-24T13:16:43Z,"montpellier herault SC
",1
2013-02-13T14:55:24Z,Les marseillais ! AIMEZ :D !,1
2013-02-12T12:20:05Z,Rennes <3 ,1
2013-02-11T18:03:32Z,mmeme pas le but de cabella putain,1
2013-02-11T17:36:04Z,Tais-toi ...,0
2013-02-11T17:35:10Z,"je veux pas dire, mais à Rennes (2:07), ils sont un peu cons : au moment où Erding marque le deuxième but des bretons, sur le panneau publicitaire ils passent une pub pour le ""groupe Pigeon"" ...",0
2013-02-11T16:46:20Z,"La dernière fois que Zlatan a joué à bastia, le stade n'a pas tenu le choc.",0
2013-02-11T16:43:39Z,mdr tu ces jaloux ,1
2013-02-11T16:43:24Z,Paris !!!!!!!!!!!!!!!!!!!!!!!!!!!!!,1
2013-02-11T15:30:23Z,les parisiens ont été avantagé comme d'habitude je dis pas ça parce que qu'on a perdu mais c'est le cas dans chaque match,1
2013-02-11T11:06:46Z,va voir le top des buts au lieu de pleurer,0
2013-02-11T10:41:41Z,LILLE OSC <3,0
2013-02-11T10:41:31Z,Rageux Lille osc <3 DVE 89,1
2013-02-11T08:34:15Z,c'est dégueulasse de pas montrer le magnifique coup franc de bastia a plus de 35 mètres direct ! pffff ,5
2013-02-11T02:26:19Z,"Toujours aussi cool d'avoir tous les résumés aussi rapidement :)
Une petite question: pourquoi ne pas montrer tous les buts? Personnellement je préfère encore voir tous les buts que de n'en voir qu'une partie pour ensuite voir la réaction de l'entraîneur",2
2013-02-11T02:04:44Z,Ta gueule rajeux,0
2013-02-11T01:35:56Z,Les 2èmes et 3ème buts lillois sont honteux.,0
2013-04-04T18:52:44Z,Ici c'est Paris !!! Allez PSG !!!!!!!!!!,0
2013-01-29T17:37:21Z,nissa la bella ;),1
2013-01-16T15:32:53Z,"c'est bien continuer
et bien jouer tout le monde",0
2012-12-22T09:38:11Z,Je pense que les niçois ont réussi leur match et qu'ils méritent les 3 points tout comme l'OL je félicite les deux clubs,0
2012-12-11T12:33:08Z,T'as carrement raison! On aurais pu gagné 30-0 que les journalistes et les footix n'aurais parlé que du PSG... C'est chiant a force!,0
2012-12-10T21:25:25Z,josè gronigo marguerita est 11 quiches continuer comme sa est surtout arrêter vous pas c'est trop marrant  ,0
2012-12-09T21:33:24Z,Allez Evian !,0
2012-12-09T11:49:00Z,"normal il sont en forme en se moment
",0
2012-12-09T11:48:40Z,"les meilleur au dessus
",0
2012-12-08T16:03:44Z,i don't like youtube layout,0
2012-12-08T13:52:23Z,Allez l'OL !!,0
2012-12-07T19:09:09Z,"Au fait Nice a battu Paris !!!!

Ouais, tout le monde s'en fout en fait, la seule chose que les gens retiennent c'est que Paris a perdu ...",2
2012-12-05T10:18:30Z,"J'ai failli cliqué sur j'aime, mais voir 69 j'aime, ouaaaa, j'ai trouvé ca trop beau !!!
",0
2012-12-04T20:41:07Z,éh ouai!! dsl si les supporter de l'om sont des vrais supporter et qui supporte toujours leur équipe!,0
2012-12-04T20:40:05Z,"moi aussi tant que paris gagne pasd le championnat sa me derange pas que lyon soit champion, juste pour montrer qui sont les vraies équipes françaises",0
2012-12-04T18:52:25Z,"Ouais dsl mais je ne suis pas trop pour l'om. Je suis lyonnais.
 Mais tant que paris n'est pas premier ça ne me dérange pas trop que Marseille sois champion !",0
2012-12-04T17:19:42Z,"ouai QUE 4EME!!! avec plus de 100 millions débourser c'est pas normal, c'est la qu'on voit les vrais club. A JAMAIS LES PREMIER!!!! OM <3",1
2012-12-04T17:17:47Z,"nn paris on jouer comme d'hab, nice les a juste torpiller!",1
2012-12-04T17:16:48Z,"jaloux? supporter marseillais refoulé va! obligé de parler a travers l'om pour t'exprimer, pitoyable",0
2012-12-04T17:15:42Z,PAS MENEZ il c'est pas jouer ce mec,0
2012-12-04T13:56:53Z,apres avoir perdu contre Troyes et la bonne fessée 4-1....allez l'om ? lol,0
2012-12-04T10:13:05Z,"arbitre qui na pas siffler penalty a la 90 min pour brest qui perder
",0
2012-12-04T10:02:08Z,Paris paris on tencule bien profont #aller l'om et yout les club qui deteste paris,0
2012-12-03T20:54:03Z,Paris fait de la merde. Les joueurs ne font rien pour gagner ils sont pas motivé ! Faut regarder canal football club ils résument très bien leurs situation !!,0
2012-12-03T20:53:09Z,beau match de l'om. Ils méritaient leur victoire !,0
2012-12-03T20:51:05Z,NANCY 20EME :D,0
2012-12-03T19:13:12Z,"aller lyon
",0
2012-12-03T19:12:13Z,allez la paillade!!!!,0
2012-12-03T18:51:21Z,hooooooooooooo tu la pris  dans le cul!!!!!!!!,0
2012-12-03T18:00:53Z,ke grande el futbol frances esta bueno sus canchas los equipos,0
2012-12-03T18:00:45Z,troyes 3em... EUHHHH !!!! -_-,0
2012-12-03T17:59:21Z,ajaccio ,0
2012-12-03T17:40:12Z,Tu portes bien ton pseudo...,0
2012-12-03T16:44:03Z,"st etienne 3eme
",0
2012-12-03T16:39:18Z,"C'est chiant,tous le monde parlent des erreurs de Paris mais personne ne souligne le bon match des niçois. Jusqu'à preuve de contraire,c'est bien eux qui ont remporté ce match...",0
2012-12-03T16:37:01Z,Le but d'andré ayew on dirait kil va pas le mettre lol,0
2012-12-03T16:09:22Z,Et Paris 4ème,0
2012-12-03T16:01:16Z,"Et alors? j'ai pas dit que lyon méritais pas leur place de 1er --""",0
2012-12-03T15:48:08Z,Issa Nissa!,0
2012-12-03T15:07:36Z,Lyonnais allez allez allez,0
2012-12-03T15:03:18Z,classement ?,0
2012-12-03T14:55:40Z,"magnifique le but d'évian 
",0
2012-12-03T14:00:00Z,ISSA NISSA!!!!,0
2012-12-03T12:43:47Z,pub gillette elle m énerve pouce vert si toi aussi elle t énerve ,0
2012-12-03T12:42:40Z,ALLLLLLLLLLLLLLLEZ L'OLL FUCK LOM ,0
2012-12-03T11:47:46Z,aller l'ol :D,0
2012-12-03T11:41:50Z,asse 3ème,0
2012-12-03T11:40:41Z,"Nice
",0
2012-12-03T10:02:02Z,Lyon 1er ;),0
2012-12-03T08:49:20Z,Encore MERCI Ligue1fr !!!!!!!!,0
2012-12-03T07:38:47Z,Le PSG a perdu <3,1
2012-12-03T06:23:50Z,L'OM 2eme :D,0
2012-12-03T06:01:29Z,om om ,0
2012-12-03T04:48:41Z,ALLEZ L'OM 3,0
2012-12-03T02:08:53Z,"c'est clair de melbourne pouvoir voir la ligue 1 !! merci
",1
2012-12-03T01:56:06Z,you're welcome,0
2012-12-03T01:55:55Z,DERIEN,0
2012-12-03T01:55:26Z,Excellent moyen pour voir la ligue 1 en australie ! Merci !,2
2013-02-24T23:31:25Z,gz,0
2013-02-24T23:28:07Z,First,0
2013-01-28T18:49:43Z,"Très bon résultat pour les girondins de bordeaux après un match très serré ! Belle victoire !
",0
2012-12-07T22:10:31Z,"en ce moment j'étudie le francais a l'école en angleterre, et j'adore ces vidéos parce qu'ils me donne l'occasion d'améliorer mon niveau de francais et apprécier le foot aussi!

zlatan est incroyable!",0
2012-12-07T20:20:41Z,"y a tellement de beau buts ce week-end 
y a meme pas alessendrini",0
2012-12-07T20:19:50Z,"eysseric pas du tout
ibrahimovic oui
dja djé djé oui
dias oui
féret oui",0
2012-12-05T22:23:08Z,"Diawara? Gomis?
",0
2012-12-04T06:07:37Z,"Le n°1 c'est Djadjéjé contre Nancy
",0
2012-12-03T19:48:49Z,add block ... ,0
2012-12-03T18:29:31Z,"Magnifique le but de Feret ! Dommage que celui de Diawara ne soit pas présent, ils ont préféré mettre celui d'Ibra parce que c'est Ibra quoi...",0
2012-12-03T17:29:26Z,Et juste la reprise de Diawara elle est du mollet !,0
2012-12-03T17:27:31Z,"Quand le ballon à franchi la ligne, il était en lucarne ! Mais après avec l'effet il finit loin de la lucarne .",0
2012-12-03T17:12:02Z,Les lucarnes sont presque au milieu maintenant,0
2012-12-03T17:11:48Z,Ils voient des lucarnes partout lol les tirs sont beaux mais pas en lucarne,0
2012-12-03T16:29:41Z,il est ou celui de diawara ?,0
2012-12-03T15:58:32Z,y a meme pas le but de diawara :'(,0
2012-12-03T11:47:43Z,"Ibra je sais pas ce qu'il fout dans le top buts, c'est vraiment pour se sèguer sur lui, parce que celui de Diawara est bien plus beau.",0
2012-12-03T06:57:19Z,le but de diawara mérité ,0
2012-12-03T01:59:36Z,Et Diawara ?,0
2012-12-03T00:44:31Z,"Tu n'as pas tout à fait tord vis à vis de la deuxième partie de mon commentaire. En revanche, la présence du mur ne valait rien sur la difficulté du but, car un trou énorme était visible sur ce dernier. La gardien était masqué, et Zlatan n'avait plus qu'à cadrer. Je considère donc que frapper sans contrôle des 16 mètres, et placer le ballon dans la lucarne opposée, est bien plus beau qu'un coup-franc plein axe, terminant sa course dans le petit filet..",0
2012-12-02T23:53:20Z,Les lucarnes sont basse quand même,0
2012-12-02T23:35:15Z,"Le boulet de canon de Zlatan < Lucarne de Diawara...
Soyez Serieux SVP !",0
2012-12-02T23:22:02Z,"Je trouve ca super bien de publier toutes ces vidéos, Comme ca meme en étranger on peut regarder les resumé. trop cool!",0
2013-01-22T14:31:21Z,to be my bitch!,0
2013-01-09T02:28:14Z,why was there so many red cards？,0
2012-12-31T00:40:40Z,It's is nice that this channel isn't french only :D I'm german and it's pretty hard to find proper vids of ligue1 that aren't french,0
2012-11-12T17:23:50Z,"BUENA DAVID 
",0
2012-11-12T16:57:15Z,"0:36 - grande David Ospina!
1:46 - lastima que dieran gol, hubiese sido un atajadon, pero aun asi GRANDE",0
2012-11-12T15:11:09Z,GRANDEE OSPINA.... TENIA QUE SER COLOMBIANO.... EL ORGULLO DE UN PAIS,0
2012-11-12T14:43:06Z,"Grande #DavidOspina
",0
2013-01-28T22:05:34Z,name of the song pls ??,1
2012-09-23T15:54:55Z,This channel is worth alot more views..,1
2012-09-18T08:49:23Z,what is the name of the opening music?,1
