publish_date,title,view_count
2013-06-23T01:41:49Z,Le Tacle Assassin De Valentin Eysseric Sur Jérémy Clément,13567
2013-04-29T22:43:13Z,Valentin Eysseric saison 2012/2013,11719
2012-12-02T23:00:32Z,But Valentin EYSSERIC (86&#39;) - OGC Nice - Paris Saint-Germain (2-1 / 2012-13,4971
2012-12-02T23:00:32Z,Goal Valentin EYSSERIC (86&#39;) - OGC Nice - Paris Saint-Germain (2-1) / 2012-13,561
2013-02-24T23:00:17Z,Goal Valentin EYSSERIC (13&#39; pen) - OGC Nice - Stade de Reims (2-0) / 2012-13,180
2012-09-16T22:00:35Z,Goal Valentin EYSSERIC (90&#39;) - OGC Nice - Stade Brestois 29 (4-2) / 2012-13,330
2013-03-07T01:39:21Z,Injury Valentin Eysseric,34816
2013-02-10T23:00:36Z,But Valentin EYSSERIC (82&#39;) - OGC Nice - FC Lorient (1-1) / 2012-13,890
2012-11-01T06:00:07Z,But Valentin EYSSERIC (6&#39; pen) - OGC Nice - Olympique Lyonnais (3-1) / 2012-13,711
2012-09-16T22:00:19Z,But Valentin EYSSERIC (90&#39;) - OGC Nice - Stade Brestois 29 (4-2) / 2012-13,2724
2013-02-24T23:00:15Z,But Valentin EYSSERIC (13&#39; pen) - OGC Nice - Stade de Reims (2-0) / 2012-13,861
2013-01-13T23:32:25Z,Goal Valentin EYSSERIC (64&#39;) - OGC Nice - Valenciennes FC (5-0) / 2012-13,910
2013-01-13T23:00:46Z,But Valentin EYSSERIC (64&#39;) - OGC Nice - Valenciennes FC (5-0) / 2012-13,6695
2013-03-06T12:31:19Z,Vidéo: Valentin Eysseric réagit après son violent tacle sur J.Clément,5239
2013-02-10T23:00:37Z,Goal Valentin EYSSERIC (82&#39;) - OGC Nice - FC Lorient (1-1) / 2012-13,164
2013-03-04T20:42:59Z,Valentin Eysseric e Jérémy Clément terrivel chute fatal em 03_02_2013,125
2013-05-01T16:01:17Z,Bande-annonce : Valentin Eysseric invité de l&#39;Avant-Match OGC Nice TV,1415
2013-03-09T04:49:30Z,Valentin Eysseric Bad Injury [St. Etienne Vs. Nice],1025
2013-01-30T15:41:25Z,But Valentin EYSSERIC contre Valenciennes.,35
2013-03-02T19:54:00Z,"Le tacle de Eysseric sur Clément , la cheville est en deux !!!!!",7991
2012-09-10T19:40:44Z,"Pied - Eysseric, la conf&#39; en vidéo",1383
2013-03-03T13:46:29Z,Gros tacle de Eysseric sur Jérémy Clément,1367
2012-08-21T15:31:40Z,Inside entraînement,6012
2013-03-09T04:41:45Z,Horrible blessure de Jérémy Clément sur un tacle de Eysseric,1799
2013-03-03T23:00:52Z,AS Saint-Etienne - OGC Nice (4-0) - Highlights (ASSE - OGCN) / 2012-13,3245
2012-09-30T22:00:27Z,OGC Nice - SC Bastia (2-2) - Highlights (OGCN - SCB) / 2012-13,947
2012-12-02T23:00:17Z,Another great free kick for Zlatan IBRAHIMOVIC (82&#39;) - Nice - PSG / 2012-13,94833
2013-01-13T22:28:52Z,Amazing Goal by Eysseric | Nice vs. Valenciennes | WATCH IN HD |,1679
2013-05-04T17:58:21Z,Gólszépségverseny - Bomba / ligue 1 - V.Eysseric,81
2012-12-02T23:00:32Z,OGC Nice - Paris Saint-Germain (2-1) - Highlights (OGCN - PSG) / 2012-13,13550
2013-03-03T23:00:39Z,AS Saint-Etienne - OGC Nice (4-0) - Le résumé (ASSE - OGCN) / 2012-13,125854
2012-12-02T23:00:17Z,Goal Eric BAUTHEAC (76&#39;) - OGC Nice - Paris Saint-Germain (2-1) / 2012-13,1940
2013-02-11T01:26:02Z,Ligue 1 - Week 24 Highlights / 2012-13,1810
2012-12-03T01:30:19Z,Ligue 1 - Week 15 Highlights / 2012-13,3189
2012-09-16T22:00:11Z,Ligue 1 - Week 5 : Top goals / 2012-13,5279
2013-02-25T02:42:15Z,Ligue 1 - Week 26 Highlights / 2012-13,9291
2012-12-03T00:14:08Z,Ligue 1 - Week 15 : Top goals / 2012-13,1683
2013-02-10T23:27:37Z,Ligue 1 - Week 24 : Top goals / 2012-13,1309
2013-02-11T01:12:48Z,Ligue 1 - Résumé de la 24ème journée / 2012-13,39604
2012-12-03T01:49:47Z,Ligue 1 - Résumé de la 15ème journée / 2012-13,55094
2013-02-24T23:23:47Z,Ligue 1 - Week 26 : Top goals / 2012-13,1352
2013-01-27T23:00:54Z,OGC Nice - Girondins de Bordeaux (0-1) - Highlights (OGCN - FCGB) / 2012-13,2750
2012-12-02T23:12:26Z,Ligue 1 - Top buts 15ème journée / 2012-13,5754
2012-09-16T22:00:35Z,Goal Jonathan AYITE (78&#39; pen) - OGC Nice - Stade Brestois 29 (4-2) / 2012-13,756
2012-12-23T23:00:33Z,Olympique Lyonnais - OGC Nice (3-0) - Highlights (OL - OGCN) / 2012-13,4436
2013-01-13T23:26:35Z,Goal Renato CIVELLI (59&#39;) - OGC Nice - Valenciennes FC (5-0) / 2012-13,3454
2012-11-11T23:00:43Z,Olympique de Marseille - OGC Nice (2-2) - Highlights (OM - OGCN) / 2012-13,11465
2012-09-17T00:47:37Z,Ligue 1 - Week 5 Highlights / 2012-13,3694
2012-10-07T22:00:27Z,Stade de Reims - OGC Nice (3-1) - Highlights (SdR - OGCN) / 2012-13,1817
2013-01-13T23:34:53Z,Goal Didier DIGARD (87&#39;) - OGC Nice - Valenciennes FC (5-0) / 2012-13,1514
