publish_date,title,view_count
2013-02-01T09:51:39Z,Yacouba Sylla ball juggling at Aston Villa training ground.,21305
2013-01-31T16:16:20Z,Yacouba Sylla signs for Aston Villa,13209
2013-05-23T20:43:44Z,▒ Yacouba Sylla : Nouvel Aigle du Mali ▒,6398
2013-06-02T08:35:31Z,Yacouba Sylla Aston Villa ) explique sa première sélection avec les Aigles du Mali,4677
2013-04-09T07:32:58Z,sylla,1482
2013-04-09T07:16:24Z,sylla,584
2012-11-24T07:39:50Z,moussa sylla,1339
2013-01-19T23:00:13Z,Nîmes Olympique - Clermont Foot (3-0) - Le résumé (NIMES - CFA) / 2012-13,1412
2012-10-29T23:32:22Z,RC Lens - Clermont Foot (2-2) - Le résumé (RCL - CFA) / 2012-13,16775
2012-10-20T22:00:12Z,Clermont Foot - FC Istres (2-1) - Le résumé (CFA - FCIOP) / 2012-13,2971
2013-02-01T15:20:43Z,New signings are ready to go - Lambert,276
2013-01-12T19:54:44Z,Angers SCO - Clermont Foot (1-2) - Le résumé (SCO - CFA) / 2012-13,2175
2012-11-27T11:00:17Z,Clermont Foot - AS Monaco FC (0-1) - Le résumé (CFA - ASM) / 2012-13,7298
2013-07-21T19:23:38Z,Benteke &amp; Sylla Chant Clips from Wycombe Wanderers vs Aston Villa Friendly 2013,20780
2012-12-22T23:18:02Z,Clermont Foot - AJ Auxerre (1-2) - Le résumé (CFA - AJA) / 2012-13,3169
2013-03-16T16:56:30Z,• Aigles du Mali 11 • Qualifications World cup 2014 • HD •,6177
2013-03-28T08:28:37Z,Sylla Moussa,2167
2012-12-12T08:58:05Z,Clermont Foot - FC Nantes (0-1) - Le résumé (CFA - FCN) / 2012-13,4569
2012-11-03T23:47:57Z,Clermont Foot - EA Guingamp (1-2) - Le résumé (CFA - EAG) / 2012-13,4091
2013-07-20T19:31:00Z,Abdoul Sylla: I want to find a good team in Europe,1332
2013-06-02T10:24:10Z,Lambert&#39;s First Year At Villa,65
2013-01-26T23:00:13Z,Clermont Foot - SM Caen (0-0) - Le résumé (CFA - SMC) / 2012-13,1222
2012-12-15T23:00:13Z,Châteauroux - Clermont Foot (0-0) - Le résumé (LBC - CFA) / 2012-13,1209
2013-03-12T21:53:09Z,Villa stars promote Acorns text donations,706
2012-12-25T01:22:07Z,Merry Christmas from the Aston Villa 1st Team,6226
2013-07-12T14:10:44Z,AVTV in Germany: Military visit at Villa training camp,1437
2012-09-11T09:49:30Z,sylla moussa 15,195
2013-02-25T16:40:38Z,Monday Night Football at Villa Park,1972
2013-06-06T21:41:05Z,Mondial-2014/Qualif : Regroupement des Aigles du Mali à Kabala,9372
2012-12-02T16:28:47Z,GFC Ajaccio - Clermont Foot (0-1) - Le résumé (GFCA - CFA) / 2012-13,1204
2013-03-16T23:33:16Z,Happy St Patrick&#39;s Day from all at Aston Villa,1089
2013-02-01T00:06:52Z,Aston Villa sign Simon Dawkins on loan,4638
2012-10-22T17:50:00Z,"Open Training, player appearances and Norwich build-up on AVTV this week",829
2013-07-02T12:47:56Z,Exclusive Lambert interview and training on AVTV,4737
2013-07-11T16:47:28Z,AVTV in Germany: Day 3 vlog,2369
2013-02-04T12:43:19Z,A taste of what&#39;s to come on AVTV this week.,222
2013-02-25T12:38:42Z,Player commmunity appearances and Man City build-up on AVTV this week,564
2013-01-28T14:55:24Z,Premier League double header on AVTV this week.,460
2012-08-16T19:23:07Z,Almamy Sylla  YABOY  football photos clips prt 1.,133
2013-06-20T17:43:45Z,Antonio Luna signs for Aston Villa,6970
2013-02-18T13:03:12Z,Soccer schools and Emirates trip the focus on AVTV this week,252
2012-12-03T17:36:56Z,A look at what&#39;s to come on AVTV this week,644
2013-05-18T04:02:10Z,Zapping &quot; Aigles du Mali 6  - NOUVEAU - HD -,11478
2012-10-17T11:00:03Z,Moral champion Simone Farina takes up Aston Villa coaching role,5160
2013-01-19T07:52:31Z,J21 Résumé du match Nîmes - Clermont Foot Auvergne,3327
2013-03-20T22:46:07Z,Amazing Goal (Mali 1-1 Congo) U20 20.03.2013 ( Africa Cup of Nations),244
2012-10-17T21:13:45Z,Aigles du Mali - En route pour l&#39;Afrique du Sud - CAN 2013,4064
2013-02-08T16:16:37Z,Behind the scenes at Villa Park for this week&#39;s pre-match show,905
2013-04-17T13:48:52Z,Stiliyan Petrov AVTV Exclusive,16172
2013-01-13T18:18:01Z,Bradford city vs Aston villa: Classic counter attacking pla,142
