published-time,comment,likes
2012-11-26T16:48:25Z,"A: ทางบอลดีนะเนี้ย
B:แล้วทางบ้านอ้ะ
A:โดนตัดไฟไปแล้ว 555 !!",0
2013-01-19T23:31:58Z,Excellent Nimes .O !!!! :D,1
2013-01-28T13:57:49Z,But de Touzghar Amiens - Lens Septembre 2011 vu de la tribune Nord,1
2012-12-27T19:25:04Z,"J'espère de tout coeur qu'il reviendra l'année prochaine et que le public s'en souviendra, moi en tout cas je l'oublierais pas ;)",1
2012-12-17T23:10:13Z,Fier de toi ange freddy :D Continue comme tu sera un grand,1
2012-12-14T15:00:54Z,"il a eu cette réaction car il a jouer pour le racing et il na pas été conservé alors il a joué a avion 
",1
2012-10-31T15:44:03Z,J'avoue le mec on lui a rien fait le public est fair-play et lui quand il marque il nous humilie. Quelle mentalité de merde ...,1
2013-02-03T13:09:13Z,"Vive Angers quand Meme !
",0
2013-01-16T14:54:12Z,aller clermont^^,0
2013-01-15T21:27:48Z,"Clermont c'est les meilleurs et puis c'est tout, qu'ils jouent en rose ou rouge, c'est les meilleurs ;)

",0
2013-01-12T23:44:06Z,T'as le seum parce que l'équipe de tours c'est de la merde ;) ,0
2012-11-27T11:58:47Z,Superbe but !! bravo ASMFC,0
2013-07-26T22:09:02Z,SYLLA SYLLA SYLLA HE LOVES THE FUCKING VILLA THE VILLA THE VILLA,0
2013-07-25T08:42:43Z,"Need... Villa... Now.
This just gets me more hyped about this season!",0
2013-07-24T10:43:57Z,Get me back to a villa game now please.,0
2013-07-22T17:33:18Z,"Shame you didn't catch the ""Tango Team Mylord"". That was hillarious!",0
2013-07-21T21:35:10Z,"I can't make out the words to that Sylla song. What are they?
",0
2013-07-21T21:25:01Z,"Sylla possibly the best player chant going
",0
2013-07-21T20:35:13Z,UP THE VILLA!!!!!!!!!!,0
2012-12-12T12:07:43Z,"FFCCCCNNNNAAAA
",1
2013-03-14T16:14:53Z,Going to QPR game on Saturday hoping for the 3points! UTV COYV VTID SOTC!!!,0
2013-03-12T22:04:45Z,cmon you villaaaaa,0
2013-07-07T04:12:19Z,"Albrightons voice is way deeper since last year haha :P
is he still injured?",0
2013-02-25T19:54:40Z,BENTEKE,1
2013-01-18T20:52:53Z,"They will sack Lambert and replace him with Nigel Adkins
",0
2013-01-07T15:16:11Z,"It's ok. I got an early Xmas present when I got to go overseas last September and see you guys play at VIlla Park.

AVFC!",0
2013-01-01T03:37:34Z,Marc just woke up,1
2013-01-01T03:34:18Z,no way.,0
2012-12-27T21:15:23Z,yeah nice xmas gift villa... 8-0 and 4-0 defeats... could only happen to villa,0
2012-12-27T19:47:43Z,Do you like it or hate it?,0
2012-12-26T23:10:15Z,Lambert OUT!!,0
2012-12-26T22:32:41Z,sack this prick before its too late all the players he has brought are shite and i mean every player ,0
2012-12-26T12:20:25Z,Marc sounds like shit. XD,0
2012-12-26T00:48:17Z,lose 8 0 and this dung training ground please lets do our talking on the pitch  and wish us a merry christmas  from there please  3 points next   ,0
2012-12-25T21:23:36Z,Omg we have just lost 8-0 and then we get this crap? Pathetic!!,1
2012-12-25T15:42:54Z,"I hope we win against Tottenham 8-0, get our GD back",1
2012-12-25T15:09:14Z,I think weimann was either nervous,0
2012-12-25T13:47:35Z,Whats weiman doing with the mic :),1
2012-12-25T13:12:53Z,OMG Herd's hair...,0
2012-12-25T13:10:44Z,NEVER knew before VLAAR is so cute haha,0
2012-12-25T13:10:09Z,omg i can't stop laughing ;),0
2012-12-25T12:52:35Z,Weimann can't hold the microphone ;) 1:21 ,0
2012-12-25T02:51:19Z,This must have been recorded before last Sunday.,0
2012-12-25T01:43:44Z,0:38 DAT BEARD,0
2013-07-13T04:08:40Z,Thank you for your service and go Villains!,0
2013-07-12T17:21:02Z,Benteke Arena!,0
2013-07-12T14:31:07Z,"Villa  +army ,=heroes !",0
2013-04-23T19:14:40Z,No.,0
2013-02-25T18:36:10Z,Is that Randy Lerner doing the voiceover?,0
2013-02-25T16:46:50Z,Lets beat these UTV,0
2013-06-17T13:38:19Z,Algérie en force,1
2013-03-17T18:11:56Z,he's got Irish heritage in his family so he plays for their U20s squad I think it is. But obviously his name-sake is Morrocan.,0
2013-03-17T14:03:01Z,"Why should they include all the irish players at Villa? That would be to many!
Ireland, Given, Dunne, Carruthers Etc. ",0
2013-03-17T05:12:00Z,Better do something for St. George's day.....,0
2013-03-17T02:46:35Z,what about samir carruthers? isnt he irish?,0
2013-03-17T01:22:48Z,"Clark, Williams and Stevens",0
2013-03-16T23:47:21Z,Was that enda stevens :O,0
2013-03-16T23:36:28Z,First Comment and View! :D,0
2012-10-22T20:14:53Z,COME ON VILLA LADS! GET A GREAT VICTORY VS NORWICH!,0
2013-07-10T22:24:23Z,Benteke not wanted.,0
2013-07-07T08:09:17Z,Where is okore,0
2013-07-04T06:05:20Z,International duty. I hope...,0
2013-07-03T21:36:35Z,Bacuna matata what a wonderful day #lion king,0
2013-07-03T05:10:53Z,extra rest cause he was off on international duty,0
2013-07-03T03:40:22Z,WHERE IS BENTEKE :(,0
2013-07-02T19:53:33Z,Please upload more training videos:),0
2013-07-02T18:54:11Z,00:35 Agbonlahor doing skillz,0
2013-07-02T17:43:55Z,Sort your hair out Bennett for fuck sake.,0
2013-07-02T16:52:18Z,i want more of training and friendlies,0
2013-07-02T15:05:36Z,"BACUNA MATATA.... 
",0
2013-07-11T23:55:34Z,"Good to see El Ahmadi get some playing time... I honestly think he's a great player, hope he stays!",0
2013-07-11T23:48:47Z,WOAH! Mexicolas!!!!!!! :DD,0
2013-07-11T21:46:19Z,Brilliant! Stay active!,0
2013-07-11T20:50:57Z,#UTV!,0
2013-07-11T20:44:52Z,agreed!,0
2013-07-11T19:23:11Z,Nice to see aston villa facebook side being active,0
2013-02-17T20:48:13Z,Villa should do Harlem shake,0
2013-02-04T16:19:01Z,RAPE FACE,0
2013-02-04T16:17:31Z,RAPE FACE,0
2013-02-04T16:05:08Z,We better rape them teams and climb up the table,0
2013-02-01T15:52:35Z,Well that sucked,0
2013-01-29T16:56:54Z,"We have to win this now, we must stay up in the epl",0
2013-01-29T04:33:56Z,We better fucking win,0
2013-01-28T18:33:40Z,Here is some advice. Play the best players we have and train them well. Find a fitting formation. AND MAKE TRANSFERS!,0
2013-07-08T17:36:00Z,sorry kid i forgot villa are awsome chapions league next season for sure hahhahahahaha,0
2013-07-08T14:43:16Z,villa are shit get over it kido,0
2013-06-27T22:54:24Z,Gotta be better then bennet,0
2013-06-26T15:46:51Z,he is a nobody why would there be a video ? hahahahhha lol,0
2013-06-25T20:38:36Z,S like Jose Enrique,0
2013-06-25T20:38:08Z,He looks Jose Enrique,0
2013-06-23T03:27:07Z,Finally we have a beard back in the defence,0
2013-06-23T00:18:31Z,How many players have villa signed so far?,0
2013-06-22T17:44:20Z,Well he'll do for a few seasons and hope villa have a good season.,0
2013-06-22T03:14:00Z,"Welcome to Aston Villa, Antonio Luna!",0
2013-06-21T20:44:17Z,A beard even Olof would be proud of!,0
2013-06-21T08:43:21Z,That BEARD,0
2013-06-21T01:06:58Z,He looks like Vlaar and Holman morphed together,0
2013-06-20T23:50:41Z,apparently aston villa never had an intent to buy belhanda,0
2013-06-20T20:31:05Z,Villa villa villa,0
2013-06-20T18:58:18Z,where are the Helenius signing video?!?!,0
2013-06-20T18:27:03Z,"UTV!
",0
2013-06-20T18:14:08Z,Why they no buy Belhanda,0
2013-06-20T17:50:51Z,THE BEARD. ,0
2013-06-20T17:49:37Z,Welcome to the mighty villa,0
2013-02-18T13:52:13Z,shut up it's not famous :P,0
2012-12-03T20:20:45Z,My guess Is villa 1-1 stoke,0
2013-02-21T23:20:14Z,"good luck farina
",1
2012-11-17T10:01:50Z,Must be frustrating trying to take part in coaching and not having mastery over the language of the kids you're coaching. ,0
2012-10-20T11:08:45Z,"In Italia non lo poteva prendere nessuno ovvio...andate a fan culo.

Se continuate co ste pagliacciate del calcio-scommesse tra un pò mi metto a seguire solo il calcio inglese.",0
2012-10-20T09:43:56Z,"Grande Farina, mi spiace solo che questo grande uomo non sia rimasto in Italia, ma gli italiani non sono ancora pronti a tanto. FARINA SEI UN GRANDE NON MOLLARE MAI !!!",0
2012-10-18T15:16:15Z,"Good luck Simone! Come on Pescara, come on Aston Villa!",0
2012-10-18T15:11:25Z,In bocca al lupo Simone! Forza Pescara e Forza Aston Villa!,0
2012-10-18T10:36:59Z,"He could be the next manager

Good luck

welcome to villa",0
2012-10-17T23:25:23Z,"Simone 
Farina mi rende fiero di essere italiano.",0
2012-10-17T22:44:45Z,Good luck !,0
2012-10-19T18:05:19Z,JE VEUX TES MUSIQUE IL SON TROP COOL STP!!!,0
2013-06-13T01:01:02Z,"you are a true hero stan !   
I'll miss your amazing long ball passing and shots so much - but health comes first ! 
we love ya  avfc forever !!",0
2013-06-12T16:00:41Z,Seeing you happy through your illness is truly inspiring! VTID #19,0
2013-06-02T18:02:05Z,"all respects for Petrov, great player and great guy, from a Chelsea fan ",0
2013-05-22T15:57:56Z,You'll never walk alone Petrov! From liverpool!,0
2013-05-21T19:16:25Z,"He will have 2 years of treatment where he only drinks pills. His hair will grow back, and in that time he can do almost all the things as a healthy person can. After that he's monitored for 5 more years in case of a relapse. So basically he's gone through the hardest part. Just hope that his cancer doesn't come back.
Hold on Petrov, best wishes from a Gunners fan from Serbia.",0
2013-05-21T18:25:16Z,wish him all the best...LEGEND PETROV,0
2013-05-16T21:14:50Z,"Hope your story has a happy ending. Keep fighting, the whole world is behind you. From a Manchester United fan.",0
2013-05-11T21:35:31Z,We Love Petrov!,0
2013-05-11T15:37:55Z,"I know he's doing a great thing by setting up a leukaemia foundation, but would love to see him take up a coaching role with Villa now too! What an inspiration, what a top bloke. UTV",0
2013-05-10T22:48:01Z,"We love you, Stan! You are a great person!",0
2013-05-10T10:52:07Z,"well he's better now, but he confirmed that he quits football, well best luck for Stan",0
2013-05-06T21:10:19Z,Insperation,0
2013-05-05T18:54:29Z,"Great to see you are on the mend Stan, looking forward to seeing you back in the 19 shirt again. Good luck Stan.",0
2013-04-27T20:59:34Z,"an incredible man, such positivity huge inspiration, would love for him to play for villa again in the future, can never forget that halfway strike against derby, and he's pretty much the best looking footballer in the world, so..",0
2013-04-22T01:27:44Z,"for it's a grand ole team to play for, hail hail......c,mon you boys in green....nice to see you Stan, hope you get back to your playing best..best wishes..",0
2013-04-21T13:40:27Z,"keep going mate, your doing well from Manchester",0
2013-04-21T09:40:00Z,Keep fighting! From chelsea fans. :),0
2013-04-20T20:33:51Z,petrov we love u,0
2013-04-19T17:17:00Z,Respect,0
2013-04-19T10:37:02Z,Petrov 19.Anyone else think the number should be retired in Stylian's honour?,0
2013-04-19T03:59:28Z,Great to read all the positive comments from all over the world and from fans of different teams.  We have all been touched directly or indirectly by some of these tough diseases.  It's also tough when your sporting heroes are affected as well.  Great to see Stan pulling through.  Looking forward to the day he runs onto the pitch!,0
2013-04-18T21:45:29Z,absolute ledgend and a quality footballer :D,0
2013-04-18T19:27:31Z,your a fighter stan. stay strong! a great player too. one love from an arsenal fan.,0
2013-04-18T19:10:50Z,True legend and great person!! SUPPORT STAN,0
2013-04-18T15:56:13Z,get well soon Petrov and a steady speedy recovery from a Liverpool fan. We are all one family !!! <3,0
2013-04-18T10:46:14Z,Get well soon Stan... Legend!!,0
2013-04-18T06:02:23Z,get well very soon Petrov!,0
2013-04-18T02:19:29Z,"Legend, get well soon Petrov. MUFC fan . .",0
2013-04-17T23:10:30Z,What a legend.,0
2013-04-17T20:15:31Z,Rip???? Hes alive......,0
2013-04-17T19:56:31Z,"R.I.P Petrov!
",0
2013-04-17T19:56:30Z,Brave man. Respect.,0
2013-04-17T19:34:52Z,Top man,0
2013-04-17T19:07:57Z,Respect him because of everything he gone though (Southampton fan),0
2013-04-17T17:53:05Z,Have nothing but respect and love 4ya Stan and u r missed so much down the villa. Lets make the 12th of May an amazing day 4u 4the last home game of the season Xxx,0
2013-04-17T17:38:50Z,There's only one Stan Petrov! ,0
2013-04-17T16:44:36Z,WE ARE ALL WITH YOU <3,0
2013-04-17T16:34:05Z,Your an inspiration stan!,0
2013-04-17T16:22:21Z,"I thought he was such an underrated player, a great leader for Villa & Celtic. If I was a footballer who earned ridiculous wages in the Premier League, I would feel incredibly guilty not to donate some of my wages or give him some kind of support. Stan is a true role model for the young in particular, unlike numerous players today who don't deserve to kick a ball for what they've done.
Fantastic news, from a Chelsea fan
",0
2013-04-17T15:07:48Z,Rangers fans like myself get stick from Celtic fans but that is normal...I have to say that i respect Stylian Petrov as a man and as a player who amazed fans of Aston Villa and Celtic at the big stages. It's really nice to see him on the camera back from a serious illness and now on the road to full recovery. Inspiration to many a football fan and a guy who is or should be a great role model for aspiring young footballers. #Respect,0
2013-04-17T14:33:42Z,Well done Stan your an inspiration,0
2013-04-17T14:31:38Z,"such a soldier, great man. from BCFC",0
2013-04-17T14:10:06Z,"Стилияне обичаме те и не спираме да мислим за теб, пожелавам ти да се завърнеш на терена .. пък поне и за един сезон - КАПИТАНЕ !! ",0
