publish_date,title,view_count
2013-04-10T12:26:07Z,"Les Chroniques de Piazzo Interview Nicolas Benezet (Nîmes, L2)",
2012-12-12T09:30:04Z,J17 Conférence de Nicolas BENEZET et Aurélien BOCHE,1057
2013-04-12T22:47:12Z,J32 Nîmes/Dijon Réactions de Jean-Alain FANCHONE et Nicolas BENEZET,659
2012-11-24T23:00:16Z,Nîmes Olympique - RC Lens (1-2) - Le résumé (NIMES - RCL) / 2012-13,3710
2013-01-19T23:00:13Z,Nîmes Olympique - Clermont Foot (3-0) - Le résumé (NIMES - CFA) / 2012-13,1412
2013-02-02T23:00:13Z,SM Caen - Nîmes Olympique (1-0) - Le résumé (SMC - NIMES) / 2012-13,3220
2012-12-15T23:00:13Z,AS Monaco FC - Nîmes Olympique (1-1) - Le résumé (ASM - NIMES) / 2012-13,4100
2013-04-13T22:00:15Z,Nîmes Olympique - Dijon FCO (1-1) - Le résumé (NIMES - DFCO) / 2012-13,1260
2013-01-12T19:38:21Z,FC Nantes - Nîmes Olympique (1-2) - Le résumé (FCN - NIMES) / 2012-13,4687
2013-05-11T22:00:12Z,Nîmes Olympique - AS Monaco FC (0-1) - Le résumé (NIMES - ASM) / 2012-13,14530
2013-03-17T14:47:37Z,Le Mans FC - Nîmes Olympique (0-3) - Le résumé (LEMANS - NIMES) / 2012-13,2286
2012-10-20T14:05:09Z,"J11 Réactions de V.Zvunka, S.Koné, A.Boche, N.Benezet et D.Zanko",1329
2012-10-20T22:00:12Z,Nîmes Olympique - Le Mans FC (2-1) - Le résumé (NIMES - LEMANS) / 2012-13,2147
2013-04-06T22:00:13Z,AC Arles Avignon - Nîmes Olympique (1-1) - Le résumé (ACA - NIMES) / 2012-13,3352
2012-12-22T23:15:16Z,Nîmes Olympique - Chamois Niortais (3-1) - Le résumé (NIMES - NIORT) / 2012-13,2312
2013-01-15T19:30:53Z,Croco Hebdo du 15 janvier 2013,625
2013-04-21T18:17:53Z,RC Lens - Nîmes Olympique (1-2) - Le résumé (RCL - NIMES) / 2012-13,4631
2013-02-23T23:00:14Z,Nîmes Olympique - FC Istres (1-0) - Le résumé (NIMES - FCIOP) / 2012-13,1214
2013-02-09T23:00:28Z,Nîmes Olympique - Stade Lavallois (3-0) - Le résumé (NIMES - LAVAL) / 2012-13,2222
2013-04-02T10:00:27Z,Nîmes Olympique - Havre AC (0-1) - Le résumé (NIMES - HAC) / 2012-13,2130
2012-11-03T23:56:42Z,Nîmes Olympique - AC Arles Avignon (4-1) - Le résumé (NIMES - ACA) / 2012-13,2011
2012-12-01T23:00:32Z,Angers SCO - Nîmes Olympique (0-0) - Le résumé (SCO - NIMES) / 2012-13,709
2013-05-04T22:00:10Z,Châteauroux - Nîmes Olympique (2-1) - Le résumé (LBC - NIMES) / 2012-13,2027
2013-01-26T23:00:13Z,Nîmes Olympique - CS Sedan (2-1) - Le résumé (NIMES - CSSA) / 2012-13,1788
2012-12-12T23:00:14Z,Nîmes Olympique - Châteauroux (2-0) - Le résumé (NIMES - LBC) / 2012-13,1065
2013-03-09T23:00:19Z,Nîmes Olympique - Tours FC (1-1) - Le résumé (NIMES - TOURS) / 2012-13,1535
2013-04-27T22:00:13Z,Nîmes Olympique - Angers SCO (3-0) - Le résumé (NIMES - SCO) / 2012-13,3982
2012-11-10T23:00:16Z,Dijon FCO - Nîmes Olympique (2-1) - Le résumé (DFCO - NIMES) / 2012-13,1450
2012-10-27T22:00:12Z,Havre AC - Nîmes Olympique (1-1) - Le résumé (HAC - NIMES) / 2012-13,1277
2013-02-16T23:00:14Z,GFC Ajaccio - Nîmes Olympique (2-3) - Le résumé (GFCA - NIMES) / 2012-13,2627
2013-05-25T22:00:36Z,Nîmes Olympique - AJ Auxerre (4-2) - Le résumé (NIMES - AJA) / 2012-13,3472
2013-05-29T13:36:25Z,"Le record de Seube, les adieux de Leca.",751
2013-01-31T21:47:54Z,Avant Caen   Nimes du 31 01 2013,119
2013-03-02T23:00:15Z,EA Guingamp - Nîmes Olympique (3-0) - Le résumé (EAG - NIMES) / 2012-13,8150
2012-12-13T21:56:55Z,avant Monaco - Nîmes du 13 12 2012,167
2013-06-03T13:19:03Z,Finale CDF Bordeaux - ETG FC,5881
2013-04-13T19:23:18Z,Conférence de presse Nîmes Olympique - Dijon FCO (1-1) / 2012-13,110
2012-10-20T22:22:54Z,Conférence de presse Nîmes Olympique - Le Mans FC (2-1) / 2012-13,131
2013-03-09T18:50:05Z,Conférence de presse Nîmes Olympique - Tours FC (1-1) / 2012-13,74
2013-01-19T18:23:24Z,Conférence de presse Nîmes Olympique - Clermont Foot (3-0) / 2012-13,127
2012-11-03T23:49:19Z,Conférence de presse Nîmes Olympique - AC Arles Avignon (4-1) / 2012-13,86
2013-02-23T18:29:27Z,Conférence de presse Nîmes Olympique - FC Istres (1-0) / 2012-13,74
2013-07-15T20:23:25Z,Préparation d&#39;evian-Thonon-Gaillard à Megève,989
2012-12-12T23:09:58Z,Conférence de presse Nîmes Olympique - Châteauroux (2-0) / 2012-13,50
2013-02-09T18:53:27Z,Conférence de presse Nîmes Olympique - Stade Lavallois (3-0) / 2012-13,97
2013-02-23T12:56:26Z,J26 Nîmes / Istres : Les réactions d&#39;après match.,1126
2013-01-12T19:38:21Z,Conférence de presse FC Nantes - Nîmes Olympique (1-2) / 2012-13,104
2012-12-21T10:04:41Z,avant Nîmes - Niort du 21 12 2012,35
2013-05-23T15:22:42Z,NIMES OLYMPIQUE 2013/2014,221
2013-04-13T11:06:45Z,J32 Résumé Nîmes / Dijon,1251
