publish_date,title,view_count
2013-04-17T07:58:05Z,Padova - Crotone 2-1 highlights 37^ Giornata Serie Bwin 2012/13,2425
2013-07-29T17:28:51Z,Triangolare di Malles: Gli highlights di Padova - Alessandria 2-1,928
2013-04-22T19:54:38Z,Cuffa,322
2012-10-12T12:44:39Z,Cuffa,283
2013-04-09T15:49:45Z,Djokovic prima di  Cesena - Hellas Verona,333
2012-12-06T13:50:51Z,Djokovic prima di Cesena   Empoli,312
2012-09-09T19:37:17Z,Carpi Reggiana 2- 0,406
2013-07-24T17:59:16Z,Campagna Abbonamenti Calcio Padova 2013/14 #AvantiScudati,371
2013-07-21T22:26:03Z,Amichevole: Padova - Rappresentativa Val Venosta 7-0 highlights (Sportelevision),1726
2012-12-26T17:15:00Z,Matteo Piccinni in sala stampa nel post Padova-Ternana,257
