published-time,comment,likes
2013-01-09T18:15:13Z,"vive la Racing tous se qui dise le contrais il aurons dans les fesse a la fin de la saison aller lensois
",1
2012-11-27T22:11:07Z,"ouais enfin faut pas rêver votre entraineur il se chiait de venir a Nîmes, pour un promu, avec un centre de formation nouvellement homologué, des finances au ras des pâquerettes, un président un peu à la masse malgré les sacrifices concédés. L'ARGENT TJR L'ARGENT A CROIRE QUE LE FOOT POPULAIRE EST MORT;
NON AU MATCH A 18H45",0
2012-11-25T19:26:19Z,FORZA S&O !!!! GLOIRE AU RACING !!!,1
2012-11-25T14:29:16Z,"et y sont là, et y sont là, et y sont là les sang et or!!!!! c(est bon de gagner quand meme !!! :-) Vive le racing
",1
2012-11-25T11:17:07Z,Et un but refusé de David Pollet aussi,1
2012-11-25T06:32:00Z,S'aurait pur faire 4/1 si pollet l'aurai pas mis sur la transversale et si le but de lemoigne n’étais pas hors jeu ( il n'est pas dans se résumer le but d'hors jeu de lemoigne,1
2012-11-25T06:28:05Z,"Rcl
",1
2012-11-24T23:21:12Z,Racing Club de Lens ♥♥♥,1
2013-01-19T23:31:58Z,Excellent Nimes .O !!!! :D,1
2013-06-11T16:08:58Z,Le match a ete jouer a huit clos,0
2013-01-14T19:50:20Z,"ALLEZ NIMES !!!
",1
2013-01-13T14:02:14Z,J'espere que ce match fut une erreur...,1
2013-01-12T21:57:18Z,Madouni a vraiment été mauvais hier soir :/ Mettre gabi à gauche au lieu de le mettre dans l'axe :/,1
2013-05-14T12:46:26Z,Bravo Merville !!! ,0
2013-05-14T00:53:51Z,un club sans ame monaco,0
2013-05-12T23:21:46Z,Mdr,0
2013-05-12T23:19:55Z,Messi et ronaldo aussi,0
2013-05-11T22:21:00Z,Falcao a signer,0
2013-03-22T22:58:28Z,On fait pitié (manceau),1
2013-03-18T20:43:18Z,"Jannot peut absolument rien faire !
",1
2013-03-18T17:32:40Z,"on est vraiment pourri (manceau qui parle)

",1
2013-03-18T00:49:35Z,Une demonstration des Nîmois !!! Superbe =),1
2013-03-17T21:30:44Z,Avant les vidéos j'adorais Casillas mais maintenant je dis juste LA FERME !,1
2013-04-11T13:25:10Z,Il branle quoi le cameraman à 1:40,0
2013-01-01T17:57:59Z,"Je suis un fan d'Avignon
",0
2012-12-26T16:03:24Z,ALLEZ NIMES !!!!!!!!!!,0
2013-04-22T15:17:29Z,Viva Gragnic !,0
2013-04-22T15:15:32Z,"GO NO
",0
2013-04-03T14:34:19Z,ALLEZ LE HAC!!!,0
2013-04-02T15:19:26Z,Aller le hac,0
2013-04-02T11:19:42Z,Il n'y a pas des images de meilleure qualite? :/,0
2013-01-26T23:17:32Z,Nîmes fait une saison terrible !!! (Y) ,0
2013-05-14T19:40:55Z,Aller Nîmes !!,0
2013-05-03T15:27:55Z,Allez le SCO,0
2013-04-28T15:12:06Z,FC Nantes 3,0
2013-04-28T12:52:06Z,Allez le N.O !,0
2013-06-12T10:30:56Z,Bouby !,0
2013-06-12T10:27:06Z,GO NO,0
2013-06-02T13:50:26Z,all-in for Bouby !,0
2013-05-30T09:37:01Z,,0
2013-03-05T13:20:04Z,bordel le but de giresse est magnifique,3
2013-03-03T08:28:45Z,Allez Guingamp !,2
2013-03-03T00:26:00Z,Le gardien Nimois c'est Cyril Mervile pas Ludovic Butelle. --',4
2013-06-06T20:19:29Z,CAN YOU FEEL IT JEAN-ROCH,0
2013-06-05T14:44:31Z,"non faut pas mettre ça sur le dos d'un joueur le problème qu'on a eu c'est que l'enjeu était trop grand et que les joueurs ont ""paniqués"" en première période, et ils ont pas réussit à gérer l'égalité en fin de match, c'est l'équipe qui a perdu et pas un joueur.",0
2013-06-05T14:40:52Z,"tellement un superbe ambiance c'était magique. Très beau match BRAVO LES CROIX
",1
2013-06-05T12:48:23Z,"Quel est le titre de la musique a la fin svp ?
",0
2013-06-05T12:48:16Z,"Quel est le titre de la musique a la fin svp ?
",0
2013-06-03T16:01:48Z,vive bordeaux et evian son nul,0
2013-06-03T16:00:36Z,On perd cette final en partie grâce aux fautes de Cambon :(,0
2013-06-03T15:24:26Z,Manque d'experiance c'est dommage sinon Allez les croix de savoie,1
2013-02-09T19:35:48Z,Nîmes olympique !! <3 ,0
2013-01-12T21:55:36Z,On peut résumer en un mot pour Nantes : Nul. Merci Madouni...,0
