publish_date,title,view_count
2012-10-25T19:28:38Z,Algérie 0-3 Côte d&#39;Ivoire (CAN 1992 Sénégal),113328
2012-12-19T00:03:12Z,Chamois Niortais - CS Sedan (1-3) - Le résumé (NIORT - CSSA) / 2012-13,2115
2013-03-02T23:00:14Z,FC Istres - CS Sedan (1-0) - Le résumé (FCIOP - CSSA) / 2012-13,1179
2013-02-09T23:00:29Z,SM Caen - CS Sedan (2-0) - Le résumé (SMC - CSSA) / 2012-13,3217
2013-01-26T23:00:13Z,Nîmes Olympique - CS Sedan (2-1) - Le résumé (NIMES - CSSA) / 2012-13,1788
2012-11-10T23:00:16Z,GFC Ajaccio - CS Sedan (1-1) - Le résumé (GFCA - CSSA) / 2012-13,1924
2013-03-09T23:00:19Z,CS Sedan - Le Mans FC (2-1) - Le résumé (CSSA - LEMANS) / 2012-13,5841
2013-04-30T10:00:49Z,CS Sedan - AS Monaco FC (1-1) - Le résumé (CSSA - ASM) / 2012-13,6463
2013-02-19T02:55:27Z,CS Sedan - Dijon FCO (0-1) - Le résumé (CSSA - DFCO) / 2012-13,881
2013-01-12T19:38:22Z,Châteauroux - CS Sedan (1-1) - Le résumé (LBC - CSSA) / 2012-13,1155
2013-05-11T22:00:12Z,CS Sedan - Chamois Niortais (0-2) - Le résumé (CSSA - NIORT) / 2012-13,2201
2012-12-01T23:00:17Z,AS Monaco FC - CS Sedan (3-1) - Le résumé (ASM - CSSA) / 2012-13,6543
2013-05-04T22:00:10Z,Dijon FCO - CS Sedan (4-2) - Le résumé (DFCO - CSSA) / 2012-13,5786
2013-03-02T19:34:47Z,CS Sedan - AJ Auxerre (1-0) - Le résumé (CSSA - AJA) / 2012-13,1804
2013-02-02T23:00:13Z,CS Sedan - Clermont Foot (1-1) - Le résumé (CSSA - CFA) / 2012-13,2108
2012-12-23T23:00:12Z,CS Sedan - FC Nantes (0-0) - Le résumé (CSSA - FCN) / 2012-13,5229
2012-10-20T22:00:12Z,CS Sedan - AC Arles Avignon (4-2) - Le résumé (CSSA - ACA) / 2012-13,4963
2012-10-27T22:00:12Z,EA Guingamp - CS Sedan (2-0) - Le résumé (EAG - CSSA) / 2012-13,2076
2013-04-20T22:00:15Z,Havre AC - CS Sedan (1-1) - Le résumé (HAC - CSSA) / 2012-13,1823
2013-01-26T18:34:59Z,Conférence de presse Nîmes Olympique - CS Sedan (2-1) / 2012-13,52
2013-02-23T23:00:14Z,CS Sedan - Tours FC (1-1) - Le résumé (CSSA - TOURS) / 2012-13,2079
2012-11-10T21:47:07Z,Conférence de presse GFC Ajaccio - CS Sedan (1-1) / 2012-13,69
2013-03-02T18:32:28Z,Conférence de presse CS Sedan - AJ Auxerre (1-0) / 2012-13,66
2012-10-20T22:22:03Z,Conférence de presse CS Sedan - AC Arles Avignon (4-2) / 2012-13,164
2012-12-19T00:10:32Z,Conférence de presse Chamois Niortais - CS Sedan (1-3) / 2012-13,112
2013-02-21T13:02:15Z,Abdoulaye Ibrahima Toungara ( Chebba Sport Academy ),834
2012-10-22T14:42:32Z,"KARAMOKO ALASSANE,la perle asiatique",2116
