published-time,comment,likes
2012-10-26T13:37:33Z,"mauvaise periode de l'equipe national, merci kho ala la video
",1
2013-02-11T12:44:32Z,"Sedan, que fait-tu cette saison ? L'année dernière tu arrive à quelques points de la ligue 1 et cette saison tu es relégable et de loin !",0
2013-02-09T23:39:44Z,Ça serait bien de mettre les actions dans l'ordre du match et de mettre les plus importantes...,0
2013-01-26T23:17:32Z,Nîmes fait une saison terrible !!! (Y) ,0
2013-03-09T23:58:43Z,"encor une def :s
",1
2013-04-30T17:28:31Z,"Qu'ils viennent jouer dans ma campagne, le terrain est 10 fois mieux ...",0
2013-02-20T14:59:17Z,"c'est moche comme but tout de même ....
",0
2013-05-11T23:11:35Z,Merci c vraiment cool !,0
2012-12-05T11:12:11Z,Ocampos il fait rien ,0
2012-12-03T20:51:43Z,"Public inexistant ça rend le club sans importance
",0
2012-12-03T20:11:31Z,"tu rêve un peux trop grand mon pote^^
",0
2012-12-03T13:22:58Z,beckham lampard pavlyuchenko.. Sa sent l asmfc en ligue des champions tout sa !!,0
2013-05-11T07:52:05Z,"Et encore, l'olympique U13 .
J'ai été voir Sedan-Niort hier ... Une catastrophe ! J'ai arbitré un match de débutant et ils ont fais les même erreurs . Officiellement relégués .",0
2013-05-05T21:15:38Z,Allez Sedan :(,0
2013-05-05T10:22:06Z,First !!!,0
2013-03-02T19:59:04Z,courage les sedannais,0
2013-01-12T10:50:43Z,"c'est quoi ce montage qui ne montre quasiment que les occases Nantaises, alors que Sedan en as eu beaucoup plus que ca 
",0
2013-01-09T15:35:27Z,Nantes en l1,0
2013-01-03T21:36:16Z,Réécoute je te dis ou met plus fort parce que y'a un truc quiva pas chez toi...,0
2013-01-03T10:23:26Z,2:45 c est Adrien Trebel et pas Yoann ,0
2013-01-01T13:34:10Z,Ben mon pauvre réécoute...,0
2012-12-29T11:58:47Z,Il a dit : Adriane ( écrit sous la prononciation ou Adrien si tu préfert ) Trebel .,0
2012-12-26T08:46:01Z,Bien le pénalty oublié ?,0
2012-12-25T21:43:20Z,"""avec ce centre de Yoan Trebel"" Il s'appelle Adrien Trebel*",0
