published-time,comment,likes
2013-07-26T12:10:37Z,oh putain cette chevre ,0
2013-02-02T22:05:24Z,These two teams played horribly to be honest ,0
2012-12-09T13:23:28Z,XD,0
2012-11-22T17:46:23Z,il a pas respecté Carrasso à 1:16 <3 haha ,0
2013-04-02T15:22:13Z,ALLEZ LAVAL,2
2013-03-22T22:58:28Z,On fait pitié (manceau),1
2013-03-18T20:43:18Z,"Jannot peut absolument rien faire !
",1
2013-03-18T17:32:40Z,"on est vraiment pourri (manceau qui parle)

",1
2013-03-18T00:49:35Z,Une demonstration des Nîmois !!! Superbe =),1
2013-03-17T21:30:44Z,Avant les vidéos j'adorais Casillas mais maintenant je dis juste LA FERME !,1
2013-03-09T23:58:43Z,"encor une def :s
",1
2012-12-06T23:31:06Z,Bonne chance!!!!,1
2013-05-05T17:11:12Z,FIRST !!!,1
2013-05-23T22:25:12Z,"Les gens qui parlent de l'ambiance :p  J'y etait, avec les ultras et l'ambiance etait excelente surtout pour un match de ligue 2 :)",3
2013-05-20T20:55:12Z,"C'est là qu'on voit qui ouvrait son Bescherelle à l'école mais avec ton niveau c'est même à se demander si tu l'avais acheté en fait. Il faut changer de disque sur les supporters monégasques, la population monégasque est vieillissante et peu intéressée par le football. Club en carton avec 7 titres de Champion de France, 5 coupes de France, 1 de la Ligue et une finale de C1, je prends quand même.",2
2013-05-20T11:10:08Z,Vive jérémie janot!!!!!,2
2013-05-20T01:38:05Z,Lol l'ambiance de merde c la qu'on voit que l'argent ne fai pas tout le sta n'aime me pas rempli club en carton!!!,2
2013-05-19T17:40:17Z,"tu est pour quel équipe toi 
",2
2013-05-19T16:17:24Z,"Change de disque DrDJEKILL7, toujours les mêmes choses, Monaco et ses supporters, en tout cas sache que Monaco, c'est des supporters partout en France ( d'ou tout les groupes de supporters de partout ) et à l'étranger ( notamment en Espagne et en Italie ) et puis je peux te dire, il y en a de plus en plus maintenant ;)",2
2013-05-19T00:54:33Z,Quel tacle con et dangereux de Touré quesqui lui passe par la téte serieux si il le touche il lui casse la cheville !,2
2013-05-26T02:19:10Z,Triste pour Le Mans :'(,9
2013-04-28T13:08:05Z,Angers soon Ligue 1 ;),1
2013-03-05T00:05:04Z,"jai regarder dans le stade sco avait bcp chance et merci arbitre qui exclu le manceau 
je suis arbitre aussi mais  cet arbitre javais la honte piur lui",1
2013-03-03T20:41:30Z,Bravo le SCO,1
