publish_date,title,view_count
2012-11-21T21:31:02Z,Billel Omrani vs Girondins Bordeaux,9918
2013-03-30T23:00:14Z,Stade Lavallois - Le Mans FC (2-1) - Le résumé (LAVAL - LEMANS) / 2012-13,6269
2013-03-17T14:47:37Z,Le Mans FC - Nîmes Olympique (0-3) - Le résumé (LEMANS - NIMES) / 2012-13,2286
2013-03-09T23:00:19Z,CS Sedan - Le Mans FC (2-1) - Le résumé (CSSA - LEMANS) / 2012-13,5841
2012-11-09T13:31:37Z,Omrani Ameur CV,692
2013-05-04T22:00:10Z,GFC Ajaccio - Le Mans FC (1-3) - Le résumé (GFCA - LEMANS) / 2012-13,6461
2013-05-18T22:00:11Z,AS Monaco FC - Le Mans FC (2-1) - Le résumé (ASM - LEMANS) / 2012-13,11470
2013-04-27T22:00:13Z,Le Mans FC - AC Arles Avignon (0-0) - Le résumé (LEMANS - ACA) / 2012-13,1342
2013-05-25T22:00:36Z,Le Mans FC - RC Lens (2-1) - Le résumé (LEMANS - RCL) / 2012-13,15819
2013-03-30T18:39:34Z,Conférence de presse Stade Lavallois - Le Mans FC (2-1) / 2012-13,79
2013-03-02T23:00:14Z,Le Mans FC - Angers SCO (0-2) - Le résumé (LEMANS - SCO) / 2012-13,6795
2013-06-11T17:10:52Z,Croco Hebdo du 11 juin 2013,581
2013-04-02T18:31:26Z,Croco Hebdo du 02 avril 2013,309
2013-01-18T06:44:28Z,Jean-Alain Fanchone nouvelle recrue de Nîmes Olympique,469
2013-06-27T15:08:44Z,Nîmes Olympique : Les rouges partent au vert,50
