publish_date,title,view_count
2013-02-19T02:55:27Z,CS Sedan - Dijon FCO (0-1) - Le résumé (CSSA - DFCO) / 2012-13,881
2013-02-09T23:00:29Z,SM Caen - CS Sedan (2-0) - Le résumé (SMC - CSSA) / 2012-13,3217
2013-02-02T23:00:13Z,CS Sedan - Clermont Foot (1-1) - Le résumé (CSSA - CFA) / 2012-13,2108
2013-02-16T23:00:14Z,Stade Lavallois - CS Sedan (3-0) - Le résumé (LAVAL - CSSA) / 2012-13,5152
2012-12-14T11:30:18Z,But | Football | Foot In Five | Mohamed,250
2012-12-15T18:56:17Z,But | Football | Foot In Five | Mohamed,39
2012-12-24T12:32:45Z,But | Football | Foot In Five | Mohamed,21
2012-12-22T14:34:11Z,But | Football | Foot In Five | Ceda,54
