publish_date,title,view_count
2013-01-10T01:23:42Z,Giuseppe Prestia (Palermo e Italia Under 19) intervista esclusiva Mediagol.it - 07-09-2011,429
2012-08-01T07:42:46Z,"Interviste Silva, Hanine e Prestia dal ritiro dell&#39;Ascoli a Norcia",1273
2013-04-28T10:15:46Z,"Ascoli-Hellas Verona 0-5, 39a giornata Serie bwin",5923
2013-02-17T10:20:04Z,"Ascoli - Pro Vercelli 0-0, post gara",146
2013-05-03T16:59:48Z,Brescia - Ascoli pre gara,66
2012-11-11T22:53:13Z,Hinterreggio - Chieti 0-1,1529
2013-07-10T11:46:43Z,Giuseppe Sampino: &quot;Improta farà parlare di sè. Gomez? Non pensavo che la Fiorentina ce la,135
2013-02-17T18:49:30Z,Giuseppe Agostinone 17-2-2013 ACD Foggia Calcio,750
2012-10-04T06:53:55Z,Intervista a D&#39;Ascoli Giuseppe difensore dell&#39;Ajax,60
2013-01-06T16:50:37Z,Carcione nel dopopartita,94
2012-11-12T22:18:45Z,Sintesi Nuova Indipendente - ForzaD&#39;AgròScifì: 4-1,374
2013-01-10T01:23:42Z,Fabrizio Miccoli (Palermo) conferenza stampa 06-09-2011 - Mediagol.it,1566
2012-10-21T22:14:08Z,Cori Cesena - Siamo del commando ultrá,4470
2012-08-27T06:59:39Z,"Varese-Ascoli 2-0, interviste dopo gara",300
2013-02-25T14:26:52Z,Le interviste di Calcissimo: Riccardo Improta - Juve Stabia,985
2012-11-14T14:25:27Z,Intervista a Tino Pistone (Nuova Indipendente),79
2012-10-10T13:17:47Z,Lisuzzo: &quot;Contro il Brescia daremo il massimo per ritrovare i tre punti&quot;,47
2013-03-19T17:19:02Z,"Alessandria Calcio, la conferenza stampa di presentazione di mister Egidio Notaristefano",483
