publish_date,title,view_count
2013-05-25T22:00:36Z,Stade Lavallois - Châteauroux (3-2) - Le résumé (LAVAL - LBC) / 2012-13,10942
2012-12-22T23:20:53Z,Stade Lavallois - Havre AC (1-2) - Le résumé (LAVAL - HAC) / 2012-13,2787
2013-05-18T22:00:11Z,Havre AC - Stade Lavallois (1-2) - Le résumé (HAC - LAVAL) / 2012-13,3257
2012-10-20T22:00:12Z,Stade Lavallois - Tours FC (2-2) - Le résumé (LAVAL - TOURS) / 2012-13,1929
2013-05-25T12:57:01Z,Conférence de presse Stade Lavallois - Châteauroux (3-2) / 2012-13,172
2012-11-27T01:34:20Z,Nicolas Goulet - Football Highlight (Wide Receiver),704
2013-05-14T22:32:17Z,CFA : L&#39;ES Viry-Châtillon vs La Réserve du Mans (1-0),544
2013-06-01T22:13:10Z,SEKOU DOUMBIA SAUDIA,400
