published-time,comment,likes
2013-02-12T18:37:50Z,"C'est quoi cette arbitre sérieux ?!
",1
2013-02-10T08:02:24Z,"Supporter clermontois, mais je dois admettre que je ne comprends pas le penalty...",1
2013-03-22T22:58:28Z,On fait pitié (manceau),1
2013-03-18T20:43:18Z,"Jannot peut absolument rien faire !
",1
2013-03-18T17:32:40Z,"on est vraiment pourri (manceau qui parle)

",1
2013-03-18T00:49:35Z,Une demonstration des Nîmois !!! Superbe =),1
2013-03-17T21:30:44Z,Avant les vidéos j'adorais Casillas mais maintenant je dis juste LA FERME !,1
2013-03-09T23:58:43Z,"encor une def :s
",1
2013-05-08T16:08:37Z,"aller les sang et or
sang et or suporters a lavie a la mort 
",2
2013-03-09T18:33:19Z,il y a que le mans dans mon coeur qui bat il y a que le mans toujours il restera,1
2013-03-03T13:31:00Z,beau match !,1
2013-03-02T14:43:30Z,"Pour une fois que Le Mans FC gagne ! 
Perdre contre une equipe de National LA HONTE ! 
Fin bref on les soutients 
SANG ET OR !
",2
2013-03-02T14:05:59Z,Tu la dit quel arbitre pourri,2
2013-03-01T19:03:43Z,Sang et Or !!!!!,2
2013-04-28T13:08:05Z,Angers soon Ligue 1 ;),1
2013-03-05T00:05:04Z,"jai regarder dans le stade sco avait bcp chance et merci arbitre qui exclu le manceau 
je suis arbitre aussi mais  cet arbitre javais la honte piur lui",1
2013-03-03T20:41:30Z,Bravo le SCO,1
2013-05-26T02:19:10Z,Triste pour Le Mans :'(,9
2013-04-08T05:59:38Z,"c fouss et no mendes sur la premiere occas
",1
2013-04-07T09:35:14Z,On est pas encore mort. U.C ! <3,1
2013-07-31T18:36:49Z,he is going to everton,0
2013-07-31T00:05:50Z,says pussy,0
2013-07-27T23:43:18Z,"Box,Box is your fucking sport !!! not football.
",0
2013-07-18T10:37:35Z,He's such a knob hahaaa!,0
2013-07-14T19:10:31Z,"This guy is a genius!
",3
2013-07-11T17:22:01Z,the reincarnation of Vinnie Jones...p.s i know vinnie isn't dead ...but the football fights inside him are dead for a long time,0
2013-07-10T14:24:46Z,I bet you have a little brain too.,0
2013-07-08T00:06:21Z,Remove ''A Great Football Fighter'' and replace with ''The Best Football Fighter''..,0
2013-07-06T10:09:54Z,"Loved him at the toon, him and nolan were a TRUE footballing force.. unlike the puffs at man u, barca, madrid etc..",0
2013-07-04T14:17:46Z,JOEEEEEEY BARTOOOOOOOOOOON! <3,0
2013-07-01T11:25:54Z,Torres has a tiny cock then I guess.....,0
2013-06-30T06:40:24Z,exactly ,0
2013-06-28T19:29:39Z,"he is a fucking scum bag
",0
2013-06-28T02:25:01Z,I wish he'd pick a fight with Ibrahimovic. Barton needs his ass whooped.,0
2013-06-22T22:29:12Z,Go on JOEY!,0
2013-06-20T12:09:53Z,Brilliant on the old YouTube. Cat piss in reality.,0
2013-06-19T12:32:30Z,you really seem to know french football ... ;),1
2013-06-17T09:46:05Z,Hope u know Cantona was french,0
2013-06-11T01:39:18Z,is this why your behind a computer and he's on a football pitch?,0
2013-06-09T19:11:28Z,"In his early playing career, England try to give him the spotlight he never ever deserve. Joey Barton is such a fucking waste. ",0
2013-06-09T05:25:24Z,Ajaja Joey Barton is a punk! :D,0
2013-05-27T12:16:00Z,And this is a breaking news story... the Associated Press is reporting that the Republic of France has surrendered to Joey Barton.,0
2013-05-26T03:18:41Z,"He's been to jail for assault. Lovely guy there, not a cunt in any way.",0
2013-05-22T17:15:42Z,I'd love to play with him. He's so easily provoked. ,0
2013-05-21T07:20:40Z,"undertaker vs barton in wrestlemania 
",0
2013-05-21T00:45:25Z,"He's a pillock, let's be honest. ",0
2013-05-19T22:36:12Z,"i honestly dont understand the fact that roy keane is praised so highly when in fact he was much dirtier than joey barton ever has been, but the fact that roy keane played for man united its acceptable...",0
2013-05-18T20:42:36Z,what a batty man,0
2013-05-18T12:36:19Z,"Yeah, he's a great fighter - especially at 1:58 when he goes down to the ground after Gervinho touched his cheek.",26
2013-05-16T21:03:15Z,Joey Barton is a shit,0
2013-05-11T09:46:09Z,"I think ""Joey Barton - A Massive Twat"" would be a more fitting and appropriate title",0
2013-05-06T09:36:07Z,"UN CON !
",0
2013-05-01T03:03:36Z,comme ton pere,0
2013-04-29T01:28:35Z,"A great football fighter a bit more like dangerous? I have always hated him, why do they even play him he always gets red",0
2013-04-27T10:47:25Z,"This guy fucks up the bass!
",0
2013-04-26T19:59:47Z," L'OM c'est les meilleur 
",0
2013-04-26T19:58:41Z,"tu dit que tu lui nique la gueule car il crée quelque bagarre sur le terrain mais 
avant de dire ça va le voir jouer sur le terrain et tu verra que c'est un très bon joueur de football.
Regarde le joueur de foot Cantona il était pire niveaux caractère et pourtant c'était une grand joueur de football ",0
2013-04-20T01:17:21Z,A Great Football Wanker,0
2013-04-19T03:38:01Z,youtube.com/watch?v=ZvQb3PHpvZk,0
2013-04-19T03:03:58Z,You missed a video in which Diaby kicked his ass,0
2013-04-18T22:22:18Z,legend really ? He screwed a match against man city and i like how he fights in 2min in this video lol. Hes just whore attention.,0
2013-04-18T22:19:52Z,Great fighter rotfl... situation in 2 minute show how he fights!,0
2013-04-18T09:15:38Z,"Good video and even better music!!!!!!
",0
2013-04-17T07:57:18Z,lol,0
2013-04-13T20:51:44Z,What a legend!,3
2013-04-13T15:29:44Z,"il est fou
",0
2013-04-13T09:44:36Z,ce genre de mec je lui nique la gueule sur le terrain.,0
2013-04-12T00:16:53Z,best football player ever,1
2013-04-10T04:33:15Z,to start a fight with some players that can well break your leg with one simple kick takes some balls,0
2013-04-07T19:47:56Z,wait till he kicks Ibrahimovich now thats a problem,0
2013-04-05T04:27:07Z,MLS loooooooooooooool,0
2013-04-05T04:16:25Z,i like barton.... kinda,0
2013-04-04T16:25:24Z,MLS is a joke,0
2013-04-04T14:37:41Z,gros debile,0
2013-04-04T13:15:48Z,barton is a prick,0
2013-04-04T11:16:23Z,il est a l'image de l'om,0
2013-04-03T18:09:19Z,practice...,0
2013-04-03T10:02:11Z,Joey Barton would last 2 seconds in the MLS. Eventually he would have to travel to LA and he would get shot. Plain and simple. ,0
2013-04-02T09:41:27Z,ahahaah noone have balls to knock him out? gay league,0
2013-04-01T15:30:33Z,"yes i mean it, this is really fantastic. the thing is, i've been getting paid about $200 a week just for letting brands know what i prefer to buy. if you wanna try just try now: bit.ly/10hP2FI?=qgccp",0
2013-03-29T09:54:30Z,He watched the episode of south park where people with small dicks are all angry.,0
2013-03-28T15:06:49Z,"I miss u Barton come back to PL i want 2 c more
 ",0
2013-03-28T09:09:21Z,"Has got c'est: ""A EU un gros nez"" or, jusqu'à preuve du contraire, il l'a encore",0
2013-03-28T04:20:29Z,Decent player just a bit too violent at times...,0
2013-03-27T11:52:30Z,Can't Be Easy Pretending to be a cock...,0
2013-03-26T01:39:19Z,"Mate, stop pretending to be me. ",0
2013-03-24T23:18:36Z,bien vu! le mec en top comment est en train de dire que zlatan se tape un gros nez... ,0
2013-03-24T12:04:33Z,The songs sucks.,0
2013-03-23T12:52:02Z,Ze Greatest fighteur ever ! :D :P ,3
2013-03-21T18:08:02Z,well that was a waste of 3 mins of my life.... YAWN,0
2013-03-19T16:09:41Z,And your real name is Joseph so shut up will ya'? xD,0
2013-03-15T21:38:02Z,SHUT UP YOU PIECE OF CRAP,0
2013-03-15T21:37:45Z,YOU ARE A PIECE OF CRAP,0
2013-03-15T21:37:18Z,"I'm not even gonna watch this video because of the title

JOEY BARTON IS A PIECE OF CRAP",0
2013-03-14T13:53:20Z,stick him on a pitch with Adrian Morley!!,0
2013-03-14T13:44:06Z,"what an awful video
",0
2013-03-12T16:15:00Z,Barton and Balotelli have nothing to the likes of Roy Keane Cantona Viera Gattuso exc ,0
2013-03-11T18:18:38Z,"It's not worth fighting with Torres, he'll just miss every punch.",0
2013-03-10T16:21:48Z,The true meaning of the word cunt,0
2013-03-10T11:42:39Z,Balotelli would fuck him up,0
2013-03-07T01:16:59Z,"And you, a little brain. Shut the fuck up next time ;)",0
2013-03-05T21:04:19Z,"fuck l'om ici c paris, bande de merde ! on est plus à l'époque de tapy les loosers",0
2013-03-05T15:39:19Z,What an idiot..,0
2013-03-03T01:56:21Z,"Vous avez que sa dans votre grande gueule de merde les Parisiens ""ICI C'EST PARIS !!!"" putain faut evoluer un peu non !!?? Pathétique ...",0
2013-03-02T21:10:56Z,how do u know that ?,0
2013-03-02T19:30:03Z,"joe stp arrete le foot meme le talent ta pas 
",0
2013-03-02T14:43:32Z,ICI C'EST PARIS FUCK L'OM,0
2013-03-02T13:34:31Z,"guh..(loser)..ghm
",0
2013-03-02T09:51:42Z,les mecs comme sa c quon lui a donner trop de confiance sinon c lui qui se ferait fighter la gueul ,0
2013-03-02T09:04:05Z,BARTON IS SUUUUUUUUUUUUUUUUUUUUUUUUUUUUUUUUUUUUCKS!!!!,0
2013-03-01T20:14:03Z,"tell me  vicroprick.what do you know about  the british culture of football..you nobwipe.?
you are not  of english origin so dont go talking about british culture of football...stick to what you know best whick is fuck all !!!!
duncan ferguson did go to prison...so shut the fuck up  onion boy!!!",0
2013-03-01T19:25:35Z,"We're talking about English football here, I don't need to mention ""England"" in my post to be precise.
Besides, that was a mistake in my post to your intention, I meant ""one of the worst"".",0
2013-03-01T18:02:46Z,"nn ti permettere di rivolgerti a elnino cosi,sei na merda barton",0
2013-03-01T17:34:42Z,"yes i read  your comment  you said i quote ""I said Barton was one of the only players in England to go to prison.""
i said  i quote "" duncan ferguson also went to prison"" my facts are correct.
how dare you say i throw random insults at you ..after all you
are just a french peasant..
also you dont know nothing about joey barton.
if he was no good why is  he playing his football in france you dipshit!!
you dont rate him because he did not sign for your team 
my advice to you is SHUT THE FUCK UP!!!",0
2013-03-01T13:10:46Z,"To be fair as a footballer he is actually decent, nice touch, well balanced. He can control a game when at centre mid. As a Newcastle fan his passing and performances wern't bad, but i do agree hes a little egotistical thug. He thinks hes it, when hes really just a chav on a football field, or like you said just a twat....",0
2013-03-01T12:04:24Z,mais c'est quoi de se joueur pour il a pas de talent c'est pour sa qu'il joue le malin ,0
2013-03-01T09:35:48Z,"More like Egotistical Twat 
And he sucks at fighting,and Neymar's quote ""Who's Barton?"" just sums Barton up,who and what he is....an over paid crap footballer
",0
2013-03-01T06:08:03Z,"Barton said bullshits about neymar, and Neymar just said : '' Who's barton?''  hahahaha 
",0
2013-03-01T01:48:40Z,i dont like you barton..but please kill ibra...,0
2013-02-28T23:11:32Z,"Firstly, in your original statement ""he's one of the only players to go to prison"" you never mentioned England. Secondly, there have been lots of English footballers who have been in prison, it's just that you only ever hear about the high profile players.",0
2013-02-28T20:58:02Z,c est un gros con en fait ...,0
2013-02-28T19:31:15Z,"Did you even bother reading my comment? I said Barton was one of the only players in England to go to prison. Don't go throwing random insults like that unless you are absolutely sure of what you're saying. He's a disgrace to the British culture of football, his attitude is as worse as it could be and I can't remember seeing worse than him.

And Tbh, as a footballer I don't rate him either, I rate him as a kung-fu fighter. He doesn't play with his heart or his soul, but with his anger.",0
2013-02-28T19:22:48Z,un bon gros c** qui n'a rien compris au football...,0
2013-02-28T18:41:04Z,big nose 0 barton 1,0
2013-02-28T18:33:42Z,"you talk shit too ...you piece of shit!!! stfu
",0
2013-02-28T18:32:59Z,listen at the end of the day  .he is  a good footballer.. end of!!!,0
2013-02-28T18:10:39Z,ZLATAN>barton ,0
2013-02-28T17:42:05Z,"Are you fucking serious? Just look at the red card he got on his last premier game, just look at what he done to Agüero a few seconds later, look at the absurd comments on the Ligue 1, he attempted to imitate their accent on an interview. Look at what he's been doing in the French league, look at the amount of players he intended to hit in games. He's a disgrace to football! He doesn't deserve his ridiculous reputation. And the big thing is that he's one of the only players to go to prison.",0
2013-02-28T17:35:32Z,"Les commentaires sont.. remplis d'amour :') trop de poésie dans le foot x) 
sérieux qu'elle mentalitée de merde ",0
2013-02-28T17:33:40Z,"Zlatan 1 - Barton 0 ;) 
",16
2013-02-28T17:13:42Z,"2:07 He punched me!
",1
2013-02-28T14:49:45Z,where is stam when u need him,0
2013-02-28T14:00:51Z,Ce n'est pas un joueur de foot et il est pas comparable à Monsieur Cantona,0
2013-02-28T13:43:54Z,Grab*,0
2013-02-28T13:43:31Z,"Haha i have seen that game,it was funny but you can see he is showing how big Ibras nose is from a distance,Barton was clearly a little scared off Ibra because he knows if he trys someting a push or grad his jersey he would get his ass kicked,but a funny guy Barton :)  ",0
2013-02-28T12:04:12Z,They simulate a lot !,0
2013-02-28T10:40:34Z,MARSEILLE + BARTON = CLIC CLIC BANG,0
2013-02-28T09:38:25Z,Barton Fighter MMA,0
2013-02-28T08:45:24Z,"No he didnt, Barton showed Ibra that he has big nose, but Ibra sad that its bigger than Barton pride.",0
2013-02-28T01:26:42Z,Barton just powned Ibra tonight hahaha (search on Youtube),0
2013-02-28T00:18:50Z,"cara, esse joey barton já fez alguma coisa além de ser um merda?",0
2013-02-27T23:04:04Z,loool ibraaaaaa barton tkt ,0
2013-02-19T10:48:38Z,haha  good one joey  love ya!!,1
2013-02-19T06:33:20Z,"I don't understand, he touches them with his finger and they fall to the ground in pain",0
2013-02-19T02:20:53Z,"do you know who created football? also, being from the uk i'm 100% sure i have way more knowledge than you shitling barefoot brazilian",0
2013-02-15T21:43:29Z,what a scumbag......,0
2013-02-15T06:28:39Z,"i hope i can see a royal rumble between JB, Ibra & Pepe!",0
2013-02-11T18:33:55Z,"first of all, i'm typing and not writing smartass. you did beat germany in 2002, but this is 2013 LOL they have way better players than brasil and way more talented youth. and the weather won't matter. spain will win the world cup vs either germany or argentina in the final",0
2013-02-10T06:56:28Z,IS HE PLAYER SOCCER OR UFC  ?,0
2013-02-08T23:45:29Z,"Learn to write Brasil, firstly. It starts with a capital, ""B"" not ""b"". Germany? Are you serious? I see Germany in my rearview mirror. Do you remember, we beated Germany in 2002? Tsc tsc tsc, what a shame. Ronaldo scored twice. It is 5 against 3 for us. When Germany becomes 5, we talk. And the World Cup will be played here, in Brazil. it is easier for us to play here because we are used with the tropical weather and europeans suffer serious difficulties playing here.",0
2013-02-08T16:15:18Z,"actually brasil is shit now, spain can beat brasil with their bench. germany is way better than brasil with way better young players, gotze and reus are easily better than neymar, so overrated. talk crap when brasil actually wins something, forget the past",0
2013-02-08T16:14:09Z,learn to speak english correctly first,0
2013-02-08T00:08:06Z,"Well. It appears that ""the jungle"" league produced enough to won 5 World Cups and the best player that the world has ever seen (Pele), who received the honor of ""knight of the British Empire"" from the hand of the Queen herself.
In this meanwhile, I would like to see England winning something to be called a real rival to Brazil.
",0
2013-02-07T20:25:50Z,"Throughout the history of football in England has only one World Cup, 400 years from now how these wastes are five, as Nois, agent conversation. Who of the British already proved important in football, that Beckham called gay? Refuse.

Let Brazil, the best and most successful football planet.
",0
2013-02-07T02:05:46Z,gattuso would kill him in 10 second,0
2013-02-03T12:08:53Z,"ketson is real son of a bitch !
",0
2013-02-02T02:15:27Z,Gun's n Roses- You're Crazy .. Rock!!,0
2013-01-24T06:21:48Z,"Yep, fight's my middle name.",0
2013-01-18T01:12:14Z,"He's so tuff except in a tackle, le lightweight
",0
2013-01-09T15:08:27Z,bienvenue a L'OM Barton dans la lignée des Cantonna reste comme t'es !!,0
2012-12-29T14:19:00Z,"wouldnt be so brave in a cage.one on one,no rules.f***ing chicken.",0
2012-12-28T04:30:41Z,"Joey Barton, what a terrible fotbalplayer u are ,, and a shame for ALL your teams u played on !",0
2012-12-26T09:26:04Z,filmed with a microwave?,0
2012-12-19T23:36:11Z,Barton would be against Diaby with Zlatan ;-) Barton = BITCH watch?v=ZvQb3PHpvZk hahaha Zlatan would be accused of rape.,0
2012-12-15T02:20:34Z,bartonquality lol,0
2012-12-05T00:04:16Z,I really want to see if he is so brave agains Zlatan :)),1
2012-12-04T12:55:13Z,Welcome to Marseille my dear legs breaker <3,1
2012-11-29T12:32:45Z,hahah first of all this is 4 year old profile photo mate and second how u can say i dont have much intelligence ? i dont even play anymore lolz and how the fack did you reconize that it was from cod than i can say the same shit about you hahaha but i get it ur from england or u think ur a hooligan cause u have watched green street hooligans haha no offence good movie but why talking with ya and wank is just so rubbisch and please explain ur name to me ? barton ass kisser lol look how good he is?,0
2012-11-28T13:18:44Z,hahah ur a girl? brenda or a shemale wtf ?,0
2012-11-28T11:57:22Z,"Play with your own balls and watch cheek fillers dot com. Well worth a look as its free etc. Just sign up and you are away, no cc or email needed",0
2012-11-26T07:16:56Z,oRateur pour commencer..,0
2012-11-25T20:14:51Z,sky sports should do a documentary about him and call it 'joey barton-greatest hits' XD,0
2012-11-25T02:02:49Z,let's see him in ligue 1... i can't wait for tomorrow.,0
2012-11-20T15:58:09Z,hahaha but set ibra against this little shit and he will eat him 1.95m vs 1.80m lolz ur kidding me i am myself 1.92m and there is noway a 1.80m fellow can handle me if he doesnt train or do fighting for sport my friend and ibra also does kickboxing so he will eat him any day,0
2012-11-20T14:32:25Z,song?,0
2012-11-11T18:52:55Z,no no its serious,0
2012-11-11T13:50:21Z,Poor old steve taylor has to break up every fight hahaha,0
2012-11-10T21:44:39Z,you're kidding me.....,0
2012-11-09T16:33:31Z,Ibra would eat him alive :),0
2012-11-08T14:09:47Z,ibrahimovic vs. barton woww that would be a hell of a fight,0
2012-11-07T17:18:46Z,!!!!!!! BARTON !!!!!!!,0
2012-11-01T13:20:48Z,"barton schould be moved to liverpool whole team knows nothing about football just about to hit, spit on players, filmning just like barton",0
2012-10-29T02:50:21Z,i wonder what martial arts is he learning........,0
2012-10-27T09:45:44Z,"great man,great character!
he will be back in premier league!",9
2012-10-19T22:36:46Z,"""He puch me"" 2:03 LOL!",0
2012-10-19T21:45:05Z,Joey Burton - A great son of a bitch,0
2012-10-18T20:15:16Z,As soon as balotelli came out the video ended lol part 2 is all about balo,0
2012-10-16T20:02:09Z,All hail Guns N' Roses!!,0
2012-10-14T20:12:20Z,Si il ose se battre contre Ibrahimovic je le respecte.,0
2012-10-13T14:11:32Z,it's hilarious bc some of those guys would demolish barton in a second,0
2012-10-06T04:17:15Z,"Déjà il l'a pas mis dans le coma, Ensuite si t'aimes les sports de combat y'en a assez sans bander devant Barton, évidemment c'est facile de faire le mickey devant des footeux qui s'écroulent au moindre taquet dans la cuisse. Pourquoi il ne se teste pas avec des rugbymen gallois ou irlandais ???  Tu l'admire comme une pucelle, t'as juste oublié qu'il joue au foot à la base, ensuite en combat de rue, y'a du plus gros morceau que lui, pense-y si c'est possible dans ton petit ciboulot.",0
2012-10-05T23:20:15Z,2013 in Paris,0
2012-10-05T08:49:13Z,No Barton - No Fun!!,0
2012-09-15T05:24:17Z,"Mais lol. Barton casser les jambes d'Ibra? Jcrois pas non, ibra en a vu passer des 10x pires dans toute sa carriere. Que barton fasse pas le malin sinon ibra va lui mettre un free kick dans la tete, il va vite etre calmé le vieux barton.",0
2012-09-13T07:56:34Z,Un bon candidat pour goûter au Taekwondo avec crampons.,0
2012-09-11T10:58:30Z,Tu ferais moins le malin devant lui! Demande à notre ami Ousmane DABO que Barton a plongé dans le coma!,0
2012-09-09T23:19:54Z,Shut up ! Larrivey is the best fighter of the WORLD ! sia lodato larrivey....,0
2012-09-04T21:23:01Z,"""nous remémorer les raisons qui font qu'on l'aime tant...""  c'est de l'ironie rassure moi?",0
2012-09-04T11:34:21Z,Ce mec c'est juste un Materazzi puissance 10 . Il va se faire calmer rapidement face a Zlatan .,0
2012-09-03T18:31:09Z,"qui se rappelle de Eric Di meco ... dont le surnom à L'om était ....faucheuse..
rmcsport.fr/blogs/coach-courbis.php?post/2009/08/06/Eric-Di-Meco-Les-Meilleurs-moments-de-la-faucheuse-Marseillaise",0
2012-09-01T11:37:14Z,vous appelez ça un footballeur ? Encore un qui va pas beaucoup jouer,0
2012-08-31T21:22:01Z,"""un orrateur"" ça fait mal aux yeux de lire ça!",0
2012-08-31T20:19:51Z,"Bienvenue a Marseille !!!! :) 
",0
2012-08-31T18:31:23Z,"Il se laisse pas emmerder, c'est tout ;)",0
2012-08-31T14:58:07Z,Le Cantona anglais! :) ,2
2012-10-27T21:07:07Z,Doyle could use a villains moustache,0
2012-10-27T14:55:50Z,Congrats on a great season Chris!  Looking forward to seeing you break the record!,0
2012-10-27T13:40:46Z,i like your mom as a person too,0
2012-10-27T03:31:07Z,Last to get laid,0
2012-10-27T03:29:56Z,this wondo kid is looked like Ahmadinejad of Iran,0
2012-10-27T01:23:10Z,"Yeah, this back when they had extra times and penalty shootouts to settle a draw....and the MLS was 3rd division level. Not exactly the same league then from now.",0
2012-10-26T23:25:01Z,nbc sports 6:30pm ET/ 3:30pm PT,0
2012-10-26T23:05:04Z,to bad he couldn't never put it in the net with the national team,0
2012-10-26T22:32:27Z,"Just to let you SJ bandwagoners know, the homie Roy's goal scoring record was in 30 games. NOT 34.",0
2012-10-26T22:17:36Z,"You never know, CHRIS! How much we love you! Oh please don't take my Wondo away!! #Wondo4MVP",0
2012-10-26T21:28:28Z,"Good luck, Wondo! All Quakes' fans will be in jubilee if you break the record. You deserve it! Go Quakes!",0
2012-10-26T21:18:27Z,Will this game be on national TV?,0
2012-10-26T21:13:46Z,No one cares,0
2012-10-26T21:07:40Z,"Go Wondo, Go Quakes!",0
2013-04-05T20:53:28Z,"i hate how jeff or whoever the reporter is says ""talk about this"" or ""talk about that."" Whenever you ask a player something, ask it in QUESTION FORMAT!!",0
2013-05-16T13:57:50Z,"Hey can you view my tennis recruiting video too :) It's the only video in my channel,THANKS A LOT! I'm also trying to get a scholarship opportunity to play in the NCAA league.",0
