publish_date,title,view_count
2012-10-04T12:21:22Z,"Dalla Teresa, nuovo calcio club dell&#39;Hellas",105
2012-11-08T07:28:57Z,Allenamento portieri,470
2013-03-11T18:30:46Z,11 marzo 2013 - Progetto Scuola Hellas Verona,156
2012-12-11T15:59:55Z,Intervista ad Alessandro Longhi 11/12/2012,185
2012-11-14T09:17:42Z,Allenamento portieri,513
2012-09-03T09:10:47Z,Alessandro Florenzi Talent,1066
2013-03-29T10:11:29Z,"Sassuolo-Hellas Verona 1-1, 34a giornata Serie bwin",2855
2012-08-28T07:00:30Z,Cesena-Sassuolo 0-3 Highlights 2012/13,10028
2013-01-05T17:03:20Z,COPPA ITALIA ECCELLENZA - Atl. Boville Ernica-Colleferro  0-2,2268
2013-04-02T14:09:19Z,Intervista ad Alessandro Longhi 02/04/2013,202
2013-07-18T10:00:01Z,Alessandro Capello Mix Zone,955
2012-11-15T15:04:21Z,Intervista ad Alessandro Longhi 15/11/2012,201
2012-11-25T00:31:17Z,Sassuolo-Reggina 3-1 Highlights 2012/13,4494
2013-02-24T10:53:11Z,"Hellas Verona-Varese 2-0, 27a giornata Serie bwin",2098
2013-07-22T16:53:11Z,Gomez &#39;umilia&#39; Montella,42669
2013-07-12T10:52:13Z,Ritiro Auronzo: Grigioni allena i portieri della Lazio,3479
2013-02-09T18:43:05Z,"Hellas Verona-Vicenza 0-1, 25a giornata Serie bwin",14479
2013-02-02T04:20:42Z,"Reggina-Hellas Verona 1-1, 24a giornata Serie bwin",843
2013-04-07T09:29:38Z,"Hellas Verona-Ternana 2-1, 35a giornata Serie bwin",2281
2013-04-03T09:42:26Z,"L&#39;AVVERSARIO - Longhi: &quot;Attenzione al Novara, giocano un ottimo calcio&quot;",46
2013-03-05T10:16:59Z,"Hellas Verona-Padova 0-2, 29a giornata Serie bwin",3229
2012-12-31T01:02:08Z,Sassuolo-Cesena 5-0 Highlights 2012/13,5091
2013-02-23T22:26:44Z,Vicenza-Sassuolo 0-1 Highlights 2012/13,3213
2012-10-22T10:19:43Z,Italy 2:0 Estonia 1993,1769
2013-04-17T00:40:59Z,"Hellas Verona-Cittadella 0-0, 37a giornata Serie bwin",910
2013-07-20T09:18:13Z,CITTACELESTE.IT - KeepDummy e traiettorie deviate. Grigioni s&#39;arrabbia,613
2013-04-13T02:17:10Z,"Cesena-Hellas Verona 0-0, 36a giornata Serie bwin",641
2013-04-13T22:19:20Z,Sassuolo-Brescia 1-1 Highlights 2012/13,1705
2013-07-25T15:38:23Z,Sintesi Salernitana - Virtus Chianciano 6 - 0 22/07/2013,813
2012-09-07T15:21:52Z,ULTIME DA NOVARELLO - Cortiula al lavoro: guarda l&#39;allenamento dei portieri,3121
2012-11-18T23:18:06Z,Brescia-Sassuolo 1-1 Highlights 2012/13,5307
2013-02-23T17:14:01Z,Allenamento dei portieri,220
2012-11-11T18:19:47Z,GOAL DI NICOLO&#39; ROSTAGNO (BUSCACALCIO1920) in BUSCA-Valenzana 1-0,376
2013-05-20T12:27:38Z,"Hellas Verona-Empoli 0-0, 42a giornata Serie bwin",1672
2013-05-04T00:36:00Z,"Hellas Verona-Pro Vercelli 3-1, 40a giornata Serie bwin",6761
2013-04-16T23:46:12Z,Reggina-Sassuolo 0-2 Highlights 2012/13,2714
2012-10-30T14:25:39Z,"Hellas Verona-Lanciano 2-0, 11a giornata Serie bwin 2012-13",803
2013-07-24T07:55:00Z,"Ischia, partitella nel ritiro di Roccaraso",450
2013-03-24T19:06:50Z,"Hellas Verona-Crotone 3-2, 33a giornata Serie bwin",2175
2013-02-18T11:24:13Z,"Novara-Hellas Verona 1-0, 26a giornata Serie bwin",1345
2012-10-25T13:07:00Z,"Hellas Verona-Grosseto 2-0, 9a giornata Serie bwin 2012-13",320
2012-08-29T13:53:58Z,Cesena-Sassuolo 0-3 Highlights,1260
2013-02-07T17:19:23Z,7 febbraio 2013 - Matti Lund Nielsen,1273
2012-12-31T00:10:17Z,"Hellas Verona-Modena 3-1, 22a giornata Serie bwin",4625
2012-08-23T00:23:51Z,ALLENAMENTO PORTIERI CURNIAN MONTA VS CHEINA 1.0,226
2013-02-03T00:33:58Z,Sassuolo-Empoli 1-1 Highlights 2012/13,1614
2013-07-10T16:25:42Z,UniLeague Messina - Intervista post partita al portiere dell&#39; F.C.Naponnu Giuseppe Naccari,269
2013-04-23T14:19:03Z,"Hellas Verona-Brescia 4-2, 38a giornata Serie bwin",8169
2013-06-03T10:03:58Z,Alessio Cerci - Welcome To AC Milan,109618
2012-11-18T14:12:20Z,Juventus-Lazio &quot;Super Marchetti&quot;,3108
