publish_date,title,view_count
2012-12-14T21:38:02Z,SCO - AJA But de Willy Boly,7396
2013-05-18T22:00:11Z,AJ Auxerre - Clermont Foot (1-1) - Le résumé (AJA - CFA) / 2012-13,2278
2013-03-30T23:00:13Z,AJ Auxerre - Dijon FCO (0-0) - Le résumé (AJA - DFCO) / 2012-13,1750
2012-12-15T23:00:13Z,Angers SCO - AJ Auxerre (2-1) - Le résumé (SCO - AJA) / 2012-13,3652
2013-05-11T22:00:11Z,AJ Auxerre - Angers SCO (2-2) - Le résumé (AJA - SCO) / 2012-13,5157
2013-01-26T23:00:13Z,AJ Auxerre - Le Mans FC (1-1) - Le résumé (AJA - LEMANS) / 2012-13,3332
2013-04-27T22:00:13Z,AJ Auxerre - Châteauroux (0-0) - Le résumé (AJA - LBC) / 2012-13,1296
2013-02-16T23:00:14Z,FC Istres - AJ Auxerre (0-3) - Le résumé (FCIOP - AJA) / 2012-13,7032
2012-12-22T23:18:02Z,Clermont Foot - AJ Auxerre (1-2) - Le résumé (CFA - AJA) / 2012-13,3169
2013-03-17T14:46:55Z,RC Lens - AJ Auxerre (1-0) - Le résumé (RCL - AJA) / 2012-13,14275
2012-10-20T22:00:12Z,AJ Auxerre - RC Lens (1-2) - Le résumé (AJA - RCL) / 2012-13,9863
2012-12-12T23:00:14Z,AJ Auxerre - Chamois Niortais (4-2) - Le résumé (AJA - NIORT) / 2012-13,8750
2013-03-09T23:00:19Z,AJ Auxerre - Havre AC (4-1) - Le résumé (AJA - HAC) / 2012-13,9781
2012-11-24T23:00:16Z,AJ Auxerre - FC Nantes (0-2) - Le résumé (AJA - FCN) / 2012-13,9569
2013-04-06T22:00:13Z,GFC Ajaccio - AJ Auxerre (0-0) - Le résumé (GFCA - AJA) / 2012-13,1953
2013-04-13T22:00:15Z,AJ Auxerre - AS Monaco FC (0-2) - Le résumé (AJA - ASM) / 2012-13,9740
2013-05-25T22:00:36Z,Nîmes Olympique - AJ Auxerre (4-2) - Le résumé (NIMES - AJA) / 2012-13,3472
2013-04-20T22:00:15Z,FC Nantes - AJ Auxerre (1-1) - Le résumé (FCN - AJA) / 2012-13,10487
2012-11-10T23:00:16Z,AS Monaco FC - AJ Auxerre (2-0) - Le résumé (ASM - AJA) / 2012-13,14015
2013-05-04T22:00:10Z,Chamois Niortais - AJ Auxerre (0-1) - Le résumé (NIORT - AJA) / 2012-13,2570
2013-02-02T23:00:14Z,Stade Lavallois - AJ Auxerre (4-5) - Le résumé (LAVAL - AJA) / 2012-13,19242
2012-12-15T18:39:53Z,Conférence de presse Angers SCO - AJ Auxerre (2-1) / 2012-13,239
2013-07-08T02:47:50Z,Camacho demands 7 mln euros in compensation,30
2012-12-26T05:00:00Z,"A.F.C.A.D.: STEPHANE TIECOURA, LE FUTUR DU FOOTBALL IVOIRIEN.flv, L",347
2013-02-21T00:16:33Z,ZAGREB 16,4699
2012-12-03T13:34:02Z,Ramalho - Aduriz (03/12/2012),521
2013-01-14T15:47:21Z,jean evrard kouassi no.7 - U17 world cup 2011.mpg,8795
2012-11-05T18:22:18Z,"The Daily 11/5 - Playoffs in Full Swing, Najar Out, MTL Changes Coach",1089
2013-07-24T17:46:30Z,Andre Villas-Boas Post Match Interview 24/7/13,232
2012-09-18T11:20:24Z,Stoke 1-1 Man City - Crouch goal &amp; hard work ethic - Pulis | English Premier League 2012-13,287
2012-11-13T03:17:28Z,VIL Speler van de Maand Oktober - Danilo Pereira,2155
2013-01-29T05:33:40Z,Entretien avec Romain Saïss (Clermont Foot),3021
