published-time,comment,likes
2013-05-20T16:02:07Z,"MERCIII  !!HENGBART <3 AJA <3
",1
2013-05-19T12:09:16Z,Au revoir Hengbart <3 :'(,1
2013-04-01T14:38:12Z,"Les Auxerrois qui disent ""fuck Dijon"" c'est tellement ridicule :') 
Les dijonnais ont soutenu Auxerre durant ses belles années et maintenant Auxerre se croit supérieur à tout le monde.",0
2013-03-31T10:51:12Z,"AjA <3 
fuck dijon !!!!",0
2013-05-11T23:33:34Z,Allez le SCO !!!!!,1
2013-07-11T08:23:31Z,On me voit a un moment ^^,0
2013-07-02T12:43:08Z,"Footix de merde !!!! AJA <3
",0
2013-04-30T15:16:39Z,Allez la berri,0
2013-06-30T09:39:05Z,Le but de meite,1
2013-04-23T23:04:19Z,Bienvenu a Lille !! Meite,1
2013-03-09T13:54:38Z,des buts manifique,1
2013-02-23T09:02:39Z,"Pourquoi quand je clique sur ""J26 : Auxerre-Guigamp : matches croisés"", je tombe sur le match Istres - Auxerre ? Pourquoi ne pas faire deux types de playlist à chaque journée : Résumé et Réaction d'après match ? Là c'est un peu le bordel ...",1
2013-02-21T12:19:23Z,Istres n'a rien pu faire..,1
2013-03-30T12:34:25Z,"ALLER LES SANG ET OR !!!
",0
2013-03-27T02:22:07Z,Touzghar est FrancoTunisien !,2
2013-03-23T00:00:24Z,Lens <3 ,0
2013-03-21T21:05:38Z,mERCI RIOU et Bale pour la passe décisive !!!!!,0
2013-03-18T20:55:24Z,Lens !!!!!!,0
2013-03-18T02:02:20Z,S&O FORZA !!!! LE 17 AVRIL UNE GRANDE FETE POUR NOTRE CLUB ENFIN !!!,0
2013-03-17T19:05:08Z,"Mauvaise qualité de video :/
",0
2013-01-28T14:02:24Z,"A voir très beau but :

But de Touzghar Amiens - Lens Septembre 2011 vu de la tribune Nord",1
2012-10-22T18:33:00Z,"Le début d'une grande remontée , éspéront le ",1
2013-05-10T15:36:20Z,Auxerre ont gagner s'en Probléme. ,1
2013-01-08T17:20:20Z,"Auxerrois <3
",1
2012-12-13T21:02:20Z,"Au vu de toutes les erreurs défensives (d'un côté comme de l'autre), pas sûr qu'il y ai beaucoup de choses à retenir de ce match... La victoire fait du bien quand même.",1
2012-12-13T16:16:52Z,"C'est affligeant de voir de telles erreurs quand même, mais bon ça fait du bien pour l'aja. En espérant que la deuxième partie du championnat soit bien plus régulière, on ne sait jamais faut toujours espérer une remontée en L1",2
2012-12-13T16:12:47Z,on l'aime cette aja la !,1
2013-04-06T11:50:21Z,LE FCR CEST LES MEILLEUR DU MONDE,0
2013-03-10T14:28:15Z,"Messieurs les socialistes, mettez la main à la poche. Ne vous ridiculisez comme Lecanuet uniquement parce que Guy Roux et Gérard Bourgoin ne partagent pas vos opinions politiques... C'est d'abord la ferveur de toute une région qui est en jeu. C'est ça aussi le socialisme !",3
2013-03-10T14:25:25Z,"Il n'existe qu'un seul grand club de foot en Normandie, c'est le FC Rouen. 8ème de finaliste en Coupe des Villes de Foire (ancêtre de l'UEFA et de l'Europa League) en 1970. On serait encore là, si Jean Lecanuet n'avait pas flingué le club, comme est en train de le faire le maire d'Auxerre Guy Ferez avec l'AJA. Voir disparaître l'AJA me fend le cœur pour des raisons politiciennes car c'est un club mythique parti de rien. Même si Bourgoin c'est pas top, Auxerre doit survivre.",1
2013-03-10T09:00:41Z,"Allez le HAC, on va vite se relever ;)",0
2013-03-10T09:00:26Z,Pas de mal ! Kéké --',0
2013-03-09T23:05:31Z,First,0
2013-01-06T21:21:35Z,"lee <3
",0
2012-12-18T07:06:18Z,bravo la bretagne!,0
2012-12-02T19:56:09Z,"écouter la bourgogne pleurer !
",0
2012-11-25T18:12:39Z,Félicitation a Nantes pour cette victoire :) Compations d'un supporter Lensois ;) Nantes et Lens meilleur public de ligue 2 nous méritons la Ligue 1 :D ,1
2012-11-25T16:51:38Z,vite la ligue 1!,0
2012-11-25T15:35:25Z,...écoutez la Loire chanter !!!,0
2012-11-25T14:45:00Z,allez Nantes,0
2012-11-25T13:43:23Z,Allez nantes !!!!! Hé vous qui netes pas nantais !!,0
2012-11-25T07:17:28Z,objectif: LIGUE 1 ALLEZ LES CANARIS !!!!!,0
2013-05-21T11:04:57Z,"Allez Monaco vous Aller Gagner.
",0
2013-05-10T11:12:17Z,Allez Auxerre Gagner se match Contre Monaco.,0
2013-04-15T06:45:02Z,C dla merde Monaco degager vous savez pas jouer !,0
2013-04-14T10:05:22Z,olalala ce que rate Auxerre ! c'est incroyable !,0
2013-04-13T23:11:17Z,ON va gagner ... on va gagner ... ON VA GAGNER LE CHAMPIONNAT...ON VA GAGNER LE CHAMPIONNAT....ON VA GAGNER LE CHAMPIONNAT     lol allez Monaco ,0
2013-06-12T10:30:56Z,Bouby !,0
2013-06-12T10:27:06Z,GO NO,0
2013-06-02T13:50:26Z,all-in for Bouby !,0
2013-05-19T10:29:22Z,"alors le sco on reste en ligue 2 mouahahah tu veux des mouchoirs??
",0
2013-04-28T10:33:24Z,A nous la ligue 1 mon pote personne nous arretera en plus ce week ont a fait ce qu'il faut,0
2013-04-27T22:45:29Z,"aha on est juste a 6 point de vous , jdis sa jdis rien ",0
2013-04-27T11:09:22Z,3-0 contre Nimes ça fait mal pour vous non ?,0
2013-04-27T10:22:09Z,"Gagner 2-0 contre nous c'est bien, mais si derrière vous montez pas, ça sert à rien.",0
2013-04-26T09:34:30Z,"le sco et le fcn en l1 ! Allez les canaris !!!
",0
2013-04-25T11:45:36Z,2-0 à jean-bouin ça fait mal mes petits canaris,0
2013-04-25T11:44:37Z,La montée pour le SCO,0
2013-04-25T11:44:22Z,SCO champion,0
2013-04-25T11:43:53Z,Allez le SCO,0
2013-04-21T15:54:11Z,"Deviens arbitre qu'on t'insulte aussi. Tu verras, c'pas facile. Toi tu seras pas une blague, mais un sketch. ",0
2013-04-21T12:08:00Z,"Y'a même pas péno à la base donc si on gagne sur ce péno c'est pas normal. Après voilà dégouté mais parle pas du péno injustifié..
",0
2013-04-21T09:00:58Z,"Ce coup franc forireux d'Haddad... Ce péno de Filip... Ce face à face d'Aristeguieta... l'action collective ou Eudeline se loupe... Malchanceux level 100
",0
2013-05-19T12:45:59Z,La d2 c'est pas mal non plus !,0
2013-05-02T10:35:51Z,"Même en ligue 1 c'est pareil ! Je supporte l'Estac ( Troyes ) et a plusieurs fois ont c est fais couiller par l'arbitre . Par exemple des buts soit disant hors jeux pour nous,ou des buts hors jeux pour les adversaires mais qui sont compter comme des buts valable ! L'arbitrage et franchement mauvais cette année que se soit en ligue 2 ou en ligue 1 !",0
2012-11-13T19:45:41Z,"Quand est-ce qu'on va arrêter de se faire voler par les arbitres ? Ca fait plusieurs matchs qu'on se fait volé (et le mot est faible) avec plusieurs énormes erreurs d'arbitrage contre nous. Mais bon, ce ne sont pas les arbitres qui vont nous empêcher de remonter (enfin j'espère). Daghe Munegu per sempre",0
2012-11-13T18:16:52Z,Magique Daghe,0
2012-11-11T11:30:40Z,"Auxerre a tout simplement fait une parodie, heureusement que l'arbitrage a été en faveur d'auxerre en 1e periode parce que sinon on s'en serait pris 4 --'",0
2012-11-11T08:48:37Z,c'est clair que si Monaco doit aussi se battre contre l'arbitrage y a intérêt à être au top... En tout cas bravo victoire capitale après 2 contre-performances !,0
2012-11-11T08:30:04Z,"Bravo Monaco, mais bon l'arbitrage a été encore limite pour la ligue 2.",0
2012-11-11T08:05:02Z,"Tout à fait d'accord, marre de ces erreurs d'arbitrage. Nantes puis auxerre, 2 matchs d'affilés qu'on se fait enfler par l'arbitrage...",0
2012-11-11T03:17:06Z,MONACO ! 3-0 + le pénalty non admis ! 4 - 0. Point ! ou 4-1.. mais bref ! goal de MONACO LE STOP  ! lol. ,0
2013-05-05T18:25:50Z,j'etai ramasseur de ball =) et malheureuse esayildi ne pas pas donner son maillot comme prevus ...,0
2013-05-18T05:12:54Z,"Il est trop fort, la preuve il est demandé par Arsenal",2
2013-05-10T11:09:12Z,Auxerre Faut qui Gagne...,1
2013-03-20T14:28:11Z,ALLEZ LAVAL!,1
2013-02-08T23:09:08Z,"9 buts...mais j'ai rarement vu des ""buts"" aussi minable... ça semble tellement facile. Impression de voir joueur les jeunes U9 au stade !",5
2013-02-05T21:26:23Z,AMAZING,1
2013-02-05T21:26:07Z,Mais quel perf du yaya,2
2013-02-03T11:34:56Z,"9 buts, wow !
et le sanogo 20 ans quadruplé c'est le nouveau messi :)
même si les buts ne sont pas très beaux et le terrain est quasi impraticable, c'est rare de voir 9 buts en Ligue 2 !",2
2013-02-03T09:42:20Z,Aller l aja ses sa les gars!,2
2013-02-03T07:49:44Z,"Laval aurait du gagner le maintient !
",1
2013-02-02T23:28:13Z,9 buts tous plus ridicules les uns que les autres mais ça fait du bien pour l'aja ,2
2013-05-24T13:51:22Z,ide on u hajduk provjereno jer maminjo nema ništa na njemu,0
2013-04-22T07:06:46Z,"Samo ne u Dinamo. Nek ide van, bilo gdje samo van, u Dinamu ce propasti.",0
2013-04-03T10:32:45Z,"O tome sam i ja razmiljsao.
Pavlovic je dobar igrac ali je imao poguranac od staroga. Besarta su i u Zagrebu uvijek sikanirali, momak im je najbolji igrac otkad se pojavio i strasan potencijal a tek je ovu sezonu postao skroz standardan. Ocito je da decko nema dobrog menadzera. ali to sad nije ni bitno, samo da ovako nastavi.
Sad kad Zagreb nazalost ispadne iz lige otici ce u jaci klub, nadam se u Dinamo. Nije mu prekasno. Sa 23 u Dinamo a poslije jedne ili 2 jake sezone vani (24-25).",0
2013-03-28T09:18:20Z,"slazem se! Pitam se kako ga skauti nisu uocili dok su pratili Pavlovica. Igra u kontinuitetu dobro,tako da je po meni vec i sada dovoljno dobar da bi mogo igrati za  neki prosjecni klub lige petice kao sto je Werder na primjer. Mislim da to nije ni nerealno jer ove sezone i brojke upadaju u oko. Ako bi presao u Dinamo, za ocekivati je da bi se javili veliki klubovi, pa onda moguce natezanje oko cijene i mogo ostati predugo u HNLu. Napunit ce 23g a mogo je vec prije 2-3 godine igrati za Dinamo.",0
2013-03-12T14:51:50Z,"Kakav sjajan igrac, video i pjesme. I ovo kad majstoru na kraju svi trce u zagrljaj :)

Moj omiljeni igrac u HNL-u. Samo da se nastavi tako razvijati i da udje u repku. A da je u Dinamu vec bi bio u repki. Valjda ce ga uzeti oni ili Hajduk (jer samo tako nazalost moze uci).",0
2012-11-06T06:20:19Z,Wow...I am glad they cover all the teams in the play off...oh wait are there two other teams in the west...,0
2012-11-05T18:41:58Z,No more google plus??? lol ,0
2012-11-19T16:11:00Z,Niet voorlezen jonguh,0
2012-11-18T21:57:19Z,niet huilen jonge,0
