publish_date,title,view_count
2013-07-12T16:39:20Z,Highlights Joseph Mendes,5371
2013-05-15T22:17:06Z,LeMans FC : Mendes et Baal avec les jeunes du Sablé FC,757
2012-10-27T22:00:12Z,Le Mans FC - Stade Lavallois (2-0) - Le résumé (LEMANS - LAVAL) / 2012-13,5535
2013-02-09T23:00:28Z,Clermont Foot - Le Mans FC (1-1) - Le résumé (CFA - LEMANS) / 2012-13,1703
2012-10-20T22:00:12Z,Nîmes Olympique - Le Mans FC (2-1) - Le résumé (NIMES - LEMANS) / 2012-13,2147
2013-03-17T14:47:37Z,Le Mans FC - Nîmes Olympique (0-3) - Le résumé (LEMANS - NIMES) / 2012-13,2286
2013-03-09T23:00:19Z,CS Sedan - Le Mans FC (2-1) - Le résumé (CSSA - LEMANS) / 2012-13,5841
2013-02-23T23:00:15Z,Chamois Niortais - Le Mans FC (2-3) - Le résumé (NIORT - LEMANS) / 2012-13,7307
2013-03-02T23:00:14Z,Le Mans FC - Angers SCO (0-2) - Le résumé (LEMANS - SCO) / 2012-13,6795
2013-05-25T22:00:36Z,Le Mans FC - RC Lens (2-1) - Le résumé (LEMANS - RCL) / 2012-13,15819
2013-02-16T23:00:14Z,Le Mans FC - SM Caen (1-1) - Le résumé (LEMANS - SMC) / 2012-13,4572
2013-04-06T22:00:13Z,Le Mans FC - Tours FC (1-0) - Le résumé (LEMANS - TOURS) / 2012-13,5503
2012-11-24T23:00:16Z,Le Mans FC - EA Guingamp (0-2) - Le résumé (LEMANS - EAG) / 2012-13,2771
2013-02-09T18:47:58Z,Conférence de presse Clermont Foot - Le Mans FC (1-1) / 2012-13,138
2012-10-27T20:00:31Z,Conférence de presse Le Mans FC - Stade Lavallois (2-0) / 2012-13,123
2013-04-06T17:42:09Z,Conférence de presse Le Mans FC - Tours FC (1-0) / 2012-13,121
2012-08-31T06:51:32Z,Joey Barton - A Great Football Fighter,1109237
2012-10-27T10:26:13Z,傑志vs屯門(2012.10.27.甲組聯賽)片段29之入球1:1(不能形容的入球~金球),2851
2012-10-26T20:43:47Z,"Wondo: Chasing History, Part 1",3036
2012-11-03T22:39:11Z,NKU Men&#39;s Soccer 2012 Senior Day,429
2013-04-05T17:26:21Z,Match Preview | WK6 vs. New York,110
2013-04-09T12:59:18Z,Nathan and Hayden Cohen (NZL),2724
2012-08-26T15:03:23Z,Hartford All-Access: Amelia Pereira&#39;s Euro Cup Experience,761
2013-01-31T12:45:34Z,Globe Soccer 2012 - SKY TV Highlights,997
2013-02-20T07:59:39Z,RABAT AJAX vs Tarxien R. (2012/13 - Round 2),101
2012-10-07T09:42:59Z,VfR - Singen / 1:0 durch Mohamed Cherief (47.),653
2013-05-13T17:13:35Z,SchollyLife Interviews Brown Men&#39;s Soccer Commit Eric Sugarman,394
2012-10-28T18:59:15Z,Sintesi Salernitana Campobasso 2 - 0 Molinari Montervino 28/10/2012,4954
2013-01-26T06:41:48Z,Zebbug Rangers in the U*BET FA Trophy Season 2012-2013,274
2012-11-15T13:54:47Z,La Vitréenne FC ( filles ),152
2013-05-02T11:20:51Z,Deuil-FCJLM,615
2013-04-30T17:59:31Z,Shawn Magro Highlights,305
2013-02-01T09:00:59Z,Enyeama the life saver,387
2013-01-17T03:06:21Z,MATTHEW GORDON HIGHLIGHT SOCCER VIDEO - 2013,251
2012-11-10T22:20:52Z,Entrée des joueuses saint-Amand - dreux N1 féminine,122
2012-10-08T10:04:46Z,Julien Escudé parrain de l&#39;Institut d&#39;ostéopathie de Rennes,456
2013-06-14T20:22:34Z,Għajnsielem Fc vs Oratory youths,202
2013-01-16T01:08:15Z,CHAVE DE OURO-JUREMA NORTE-IBIAPINA,1120
2012-12-13T00:32:29Z,Gol de Osvaldo   Sao Paulo 2 0 Tigre,44
2013-01-30T23:46:03Z,Junior Tallo intervista esclusiva Tutto Ternana e Pianeta Ternana,275
2012-10-24T17:46:09Z,8 losc bayern hymne losc,162
2013-07-21T14:26:03Z,College Recruiting / Matt Russell / 757 College Recruiting,345
2013-02-20T21:45:22Z,Kewaskum Indians High School Soccer 2012,132
2013-01-12T10:47:50Z,Intervista a Gadji Celi Carmel Junior Tallo,1785
2012-09-06T05:48:56Z,Souza Goleiro 01,1126
