published-time,comment,likes
2013-06-04T18:40:15Z,Bella la rotazione dei portieri nell' esercizio.,0
2013-04-01T12:32:21Z,"era rigore netto per il pavo arbitro di merda 
",0
2013-05-18T19:14:58Z,Ora ci siamo anche noi... Serie AAAAAAAA!!!!,2
2013-01-10T22:19:26Z,Tutti in piscina,1
2012-08-28T22:31:18Z,"Il presidente Campedelli gestisce la squadra sull'onda dell'emotività:lo scorso anno ha speso un sacco, preso dei mangiasoldi e fatto una figuraccia.
Quest'anno,dopo aver litigato con tutti, mette il fratello in panchina e presentano una squadra con 11 persone che non avevano mai giocato tra di loro: il sassuolo ha giocato bene ma penso che contro questo cesena avrebbero vinto in tanti.",1
2012-08-28T15:17:10Z,intanto i cesenati c'erano in serie A!!!! ,1
2012-08-28T11:09:04Z,"Più o meno anche nel secondo, è ovvio come il difensore si rallenta sul corpo dell'avversario con il gomito... E li non ha espulso perchè tanto la partita era finita, ma era rosso anche li!",2
2012-08-28T11:07:29Z,"Obiettivamente il primo rigore c'era.. Perchè se mentre corri veloce uno ti da una spinta, vai giu.. E la spinta è chiaro che l'abbia data il difensore..",2
2012-08-28T10:34:56Z,Minkia nn è giusto!!,0
2012-08-28T09:57:22Z,ha pareggiato il cesena!,1
2012-08-28T09:05:37Z,FORZA SASOL!!!!,2
2013-04-16T17:52:40Z,"ladri sapete vincere solo rubando... Boville - Colleferro 3-0...
 14/04/13",1
2013-07-22T22:06:31Z,Evitiamo di venderlo e facciamolo giocare di più xk si vede che è un fuoriclasse,0
2012-11-27T18:47:27Z,quel Pavoletti e' proprio implacabile sotto porta...,1
2012-11-27T18:43:30Z,"il bambino a inizio gara non si puo' dire che patisca la pastasciutta... scherzo, ovviamente",0
2012-11-27T15:42:26Z,GRANDE  REGGINA NEL PRIMO TEMPO...........POI BRAVISSIMO SASSUOLO NEL SECONDO,0
2012-11-26T19:23:48Z,il secondo tempo per il sassuolo era la gara a chi sbagliava piu gol pero ll`importante e che abbiamo vinto,0
2012-11-25T11:14:31Z,Boa *_*,0
2013-02-25T18:10:00Z,bentornato IRON NICK,0
2013-07-30T08:31:15Z,secondo me la persona che ha messo non mi piace è montella!!!!!!!!!heheh,0
2013-03-06T00:18:06Z,tutti a casa merde,0
2013-02-12T11:30:36Z,"Vedervi retrocedere a fine anno non avrà prezzo

MIAOOOOOOOOOOOOOOOOOO",1
2013-02-11T19:11:46Z,"Vincere a pochi minuti dalla fine senza meritarlo in casa dei pagliacci gialloblu non ha prezzo.
Forza Lane sempre!",4
2013-02-11T18:12:35Z,complimentoni grande vittoria!!! avete fatto 2 tiri in porta fate ridere magnagati de merda,1
2013-02-11T11:56:06Z,"hello,
ma sei il grande vendrame? 
Quello di ""Se mi mandi in tribuna godo"" ?
Da tifoso del vicenza  ne sarei orgoglioso.
",1
2013-02-10T17:59:50Z,"Quando ci rivedremo sgombrate quel rudere del bentegodi che ve lo raderemo al suolo........
ULTRA' SALERNO",0
2013-02-10T14:02:28Z,"Ne riparliamo il prossimo anno quando voi sarete in lega pro e noi in serie A! Godetevi il momento...magnagatti.
",0
2013-02-10T10:02:29Z,Grandissimi!!!Verona resta in B per altri 20 anni grazie.forza Vicenza sempre.da Udine,2
2013-02-09T21:34:03Z,"mamma mia come godoooooo
",0
2013-02-09T19:11:11Z,"grande vittoria!!!!....forza lane
",2
2013-03-05T21:42:32Z,cutolo pezzo di merdaa!,0
2013-03-05T20:46:28Z,o nn ce nnt da fare cutolo ve lo mette sempre nel culo ogni anno,0
2013-03-05T18:53:17Z,siete razzisti fascisti omofobi...e giusto che ve l hanno messo nel cutolo..puuuaaaaaah serie b merde giallo blu nere..,0
2013-03-05T15:08:21Z,Quando la palla non vuole entrare...,0
2013-03-05T13:27:14Z,ahahaha merde MerdaVeronaaaaaaaaa,0
2013-05-20T00:56:07Z,e poi  cesena era scartzo,0
2012-12-31T09:56:30Z,Troppo superiori! Forza Sassuolo!!,0
2013-02-24T23:50:12Z,Si ma solitamente l'audio è comunque molto più alto.. Gli effetti dello stadio si sentono bene,0
2013-02-24T23:35:39Z,xke è l'audio dello stadio.........,0
2013-02-24T09:40:01Z,Come mai l'audio è quasi inudibile in questo video??,0
2013-04-17T10:57:38Z,"bene merdeeee....
",0
2013-04-13T13:05:19Z,perchè ha tolto  cacia e juanito alla fine? io li avrei tenuti su,0
2013-04-14T06:46:10Z,Ragazzi adesso stringe serie a in pericolo . Animo e punti .,0
2013-07-22T09:22:16Z,questi non sono riflessi....!!!!,0
2012-11-19T00:05:28Z,"ma che gol abbiamo preso???? dai sassuolo!!
",0
2013-05-07T17:34:29Z,L'e' il solito infelice in cerca di stimoli ... Se te ghe stimoli vol dir che l'e' ora de nar a cagar !!,0
2013-05-06T08:46:41Z,"Ha ha ha , in demente che scrive forza Mantova ha ha ha , a proposito cos 'è Mantova ?",1
2013-05-05T19:38:19Z,Forza Mantova!! Hellas merda,0
2013-05-04T11:27:22Z,Avanti blu!,0
2013-05-04T08:49:52Z,Forzaaaa Hellas Veronaaaaaa. Andiamo in A!!!!     I Butei di Pola-Croazia,0
2013-04-18T05:18:48Z,La serie a é sempre piú vicina dai sasól,1
2013-03-26T09:33:45Z,È stato proprio azzeccato il formato immagine,0
2012-08-30T19:39:01Z,"Questo video è fatto veramente bene !!!
",0
2013-02-07T20:37:10Z,Vai matti,0
2013-07-30T14:27:54Z,In the Turin derby he outran half of Juventus at one point,0
2013-07-24T03:39:45Z,"0:15
78 Pace? Really fifa? 
wtf man.",0
2013-07-18T18:53:28Z,forza toroooo,0
2013-07-16T14:50:37Z,"Welcome to Atletico de Madrid
",0
2013-07-16T14:10:32Z,Come to Atlético!,0
2013-06-28T16:25:47Z,I personally think little gio is the italian messi but cerci has those incredible dribbling games,0
2013-06-24T03:16:55Z,"Yeah! Apparently Torino are after Emanuelson so we could possibly execute a swap deal, no? :p I think Honda will be coming very soon! And I am glad you enjoyed this video. Make sure to subscribe for more videos like this! ;)",0
2013-06-24T00:13:27Z,Let's hope milan signs him we Need more left footers and hopefully they sign honda to :) great vid!,0
2013-06-04T11:56:57Z,"I'm glad you enjoyed it! Yes, Milan are interested in signing Cerci this summer which is good news as he had a great campaign in the 2012/13 season. :) Make sure to subscribe, if you haven't already! :)",0
2013-06-04T11:55:51Z,Thanks a lot bro! :D Make sure to subscribe for more awesome videos! ;) ,0
2013-06-04T09:58:53Z,"Great video. Cerci's one of my favourite players, I hear Milan are interested.",0
2013-06-04T08:36:23Z,Nice :D ,0
2013-06-03T15:51:36Z,"Thanks a lot bro! :) I didn't know you had a You Tube account, make sure to subscribe if you haven't already. Also, if you have any requested videos, just ask. :)",0
2013-06-03T14:57:02Z,"Nice video, first good one of Cerci on YouTube.:D",0
2013-06-03T14:51:05Z,"Thanks a lot mate :) I am allowed to do all these videos as I have no school right now! :) I am glad you enjoyed it, again, cheers bro! :)",0
2013-06-03T14:48:23Z,"Nice video once again bro, you're being very consistent :)",0
