published-time,comment,likes
2013-05-10T15:36:20Z,Auxerre ont gagner s'en Probléme. ,1
2013-01-08T17:20:20Z,"Auxerrois <3
",1
2012-12-13T21:02:20Z,"Au vu de toutes les erreurs défensives (d'un côté comme de l'autre), pas sûr qu'il y ai beaucoup de choses à retenir de ce match... La victoire fait du bien quand même.",1
2012-12-13T16:16:52Z,"C'est affligeant de voir de telles erreurs quand même, mais bon ça fait du bien pour l'aja. En espérant que la deuxième partie du championnat soit bien plus régulière, on ne sait jamais faut toujours espérer une remontée en L1",2
2012-12-13T16:12:47Z,on l'aime cette aja la !,1
2013-04-06T11:50:21Z,LE FCR CEST LES MEILLEUR DU MONDE,0
2013-03-10T14:28:15Z,"Messieurs les socialistes, mettez la main à la poche. Ne vous ridiculisez comme Lecanuet uniquement parce que Guy Roux et Gérard Bourgoin ne partagent pas vos opinions politiques... C'est d'abord la ferveur de toute une région qui est en jeu. C'est ça aussi le socialisme !",3
2013-03-10T14:25:25Z,"Il n'existe qu'un seul grand club de foot en Normandie, c'est le FC Rouen. 8ème de finaliste en Coupe des Villes de Foire (ancêtre de l'UEFA et de l'Europa League) en 1970. On serait encore là, si Jean Lecanuet n'avait pas flingué le club, comme est en train de le faire le maire d'Auxerre Guy Ferez avec l'AJA. Voir disparaître l'AJA me fend le cœur pour des raisons politiciennes car c'est un club mythique parti de rien. Même si Bourgoin c'est pas top, Auxerre doit survivre.",1
2013-03-10T09:00:41Z,"Allez le HAC, on va vite se relever ;)",0
2013-03-10T09:00:26Z,Pas de mal ! Kéké --',0
2013-03-09T23:05:31Z,First,0
2013-01-28T14:02:24Z,"A voir très beau but :

But de Touzghar Amiens - Lens Septembre 2011 vu de la tribune Nord",1
2012-10-22T18:33:00Z,"Le début d'une grande remontée , éspéront le ",1
2013-01-06T21:21:35Z,"lee <3
",0
2012-12-18T07:06:18Z,bravo la bretagne!,0
2012-12-02T19:56:09Z,"écouter la bourgogne pleurer !
",0
2012-11-25T18:12:39Z,Félicitation a Nantes pour cette victoire :) Compations d'un supporter Lensois ;) Nantes et Lens meilleur public de ligue 2 nous méritons la Ligue 1 :D ,1
2012-11-25T16:51:38Z,vite la ligue 1!,0
2012-11-25T15:35:25Z,...écoutez la Loire chanter !!!,0
2012-11-25T14:45:00Z,allez Nantes,0
2012-11-25T13:43:23Z,Allez nantes !!!!! Hé vous qui netes pas nantais !!,0
2012-11-25T07:17:28Z,objectif: LIGUE 1 ALLEZ LES CANARIS !!!!!,0
2013-03-30T12:34:25Z,"ALLER LES SANG ET OR !!!
",0
2013-03-27T02:22:07Z,Touzghar est FrancoTunisien !,2
2013-03-23T00:00:24Z,Lens <3 ,0
2013-03-21T21:05:38Z,mERCI RIOU et Bale pour la passe décisive !!!!!,0
2013-03-18T20:55:24Z,Lens !!!!!!,0
2013-03-18T02:02:20Z,S&O FORZA !!!! LE 17 AVRIL UNE GRANDE FETE POUR NOTRE CLUB ENFIN !!!,0
2013-03-17T19:05:08Z,"Mauvaise qualité de video :/
",0
2013-07-11T08:23:31Z,On me voit a un moment ^^,0
2013-07-02T12:43:08Z,"Footix de merde !!!! AJA <3
",0
2013-04-30T15:16:39Z,Allez la berri,0
2013-03-25T16:00:32Z,Ajatheque très belle vidéo continue,0
2012-12-09T04:10:24Z,"اهتم بالفريق كامل عند العمل الجماعي يتم التكوين في الملعب 
ولا برشلونه احسن من اوكسير الفرنسي ",0
2012-08-14T14:43:48Z,Continue ces trop bien,0
2012-09-03T14:45:10Z,T'es trop beau ! (BLAGUE),0
2012-09-01T22:32:46Z,Robert Hue ?,0
2012-09-01T19:11:30Z,Tes moche & con ,0
2012-08-31T12:03:07Z,c'est vrai que c'est cool comme pseudo :-),0
2012-08-31T12:00:00Z,"il l'est a déjà claché, cherche sur sa chaîne ""Antony et Alexis"" tu verras, il le prend bien !",0
2012-08-31T11:57:42Z,"salut zaku ! je cherchais un de tes podcasts pour voir si tu expliquait l'origine de ton pseudonyme mais ma recherche n'a pas abouti. peut-tu me l'expliquer quand même, s'il te plait ? merci.",0
2012-08-31T11:56:40Z,"Ca y'est je viens de jouer tes pronos sur Betclic, je n'ai pas joué les scores exacts mais seulement les 10résultats que tu propose (victoire, nul ou défaite). Si tes 10 résultats sont corrects, je gagne 2617euros et je t'offre un rasoir.",0
2012-08-31T11:41:18Z,"Tu te plantes à 1""40 : ""Lille avec Bastos"". Il est un petit peu à Lyon depuis 2 ou 3 saisons. Pas grave. Je vais jouer 1euro tes pronos sur Betclic, on sait jamais, tu est peut-etre le Rainman des pronos de foot!",0
2012-08-31T11:12:04Z,continues zakumiz moi j'adore tes vidéos............,0
2012-08-31T07:58:30Z,Totenam voulais Hugo Lloris ( desole pr l'ecriture de Totenam ),0
2012-08-31T07:55:51Z,"Zakumiz si tu vois la poop de 123Lunatic ""Personne ne clash Zakumiz"" on vois au debut 2 Pti couche culotte qui te clash pour rien serieux on dirais qu'il voient un handicapé ils sont obligé de clash Mec clash les tu vaux mieux que ! :)

BONJOUR A TOUS !",0
2012-08-30T22:31:51Z,Tu es pas un peu handicapé desfois?,0
2012-08-30T22:31:20Z,Zakumiz dis moi que tu m'aimes parce que moi je t'aime,0
2012-08-30T21:03:12Z,est ce que tu as des amis ?,0
2012-08-30T19:34:23Z,"Non, t'es le seul à écrire comme un gosse de primaire :)
Quoiqu'en CP j'écrivais mieux il me semble :(",0
2012-08-30T18:52:44Z,je suis pas sure x),0
2012-08-30T18:37:33Z,Va t'acheter un Bescherelle avant de cracher ta merde toi.,0
2012-08-30T18:22:30Z,VA va violé Lyon mec.,0
2012-08-30T17:42:11Z,"EVIAN TGA HOOUUUIIIIII !!!! Ton ""tg"" est exceptionnel !",0
