published-time,comment,likes
2013-06-30T09:39:05Z,Le but de meite,1
2013-04-23T23:04:19Z,Bienvenu a Lille !! Meite,1
2013-03-09T13:54:38Z,des buts manifique,1
2013-02-23T09:02:39Z,"Pourquoi quand je clique sur ""J26 : Auxerre-Guigamp : matches croisés"", je tombe sur le match Istres - Auxerre ? Pourquoi ne pas faire deux types de playlist à chaque journée : Résumé et Réaction d'après match ? Là c'est un peu le bordel ...",1
2013-02-21T12:19:23Z,Istres n'a rien pu faire..,1
2013-05-05T18:25:50Z,j'etai ramasseur de ball =) et malheureuse esayildi ne pas pas donner son maillot comme prevus ...,0
2013-05-11T23:33:34Z,Allez le SCO !!!!!,1
2013-05-19T10:29:22Z,"alors le sco on reste en ligue 2 mouahahah tu veux des mouchoirs??
",0
2013-04-28T10:33:24Z,A nous la ligue 1 mon pote personne nous arretera en plus ce week ont a fait ce qu'il faut,0
2013-04-27T22:45:29Z,"aha on est juste a 6 point de vous , jdis sa jdis rien ",0
2013-04-27T11:09:22Z,3-0 contre Nimes ça fait mal pour vous non ?,0
2013-04-27T10:22:09Z,"Gagner 2-0 contre nous c'est bien, mais si derrière vous montez pas, ça sert à rien.",0
2013-04-26T09:34:30Z,"le sco et le fcn en l1 ! Allez les canaris !!!
",0
2013-04-25T11:45:36Z,2-0 à jean-bouin ça fait mal mes petits canaris,0
2013-04-25T11:44:37Z,La montée pour le SCO,0
2013-04-25T11:44:22Z,SCO champion,0
2013-04-25T11:43:53Z,Allez le SCO,0
2013-04-21T15:54:11Z,"Deviens arbitre qu'on t'insulte aussi. Tu verras, c'pas facile. Toi tu seras pas une blague, mais un sketch. ",0
2013-04-21T12:08:00Z,"Y'a même pas péno à la base donc si on gagne sur ce péno c'est pas normal. Après voilà dégouté mais parle pas du péno injustifié..
",0
2013-04-21T09:00:58Z,"Ce coup franc forireux d'Haddad... Ce péno de Filip... Ce face à face d'Aristeguieta... l'action collective ou Eudeline se loupe... Malchanceux level 100
",0
2013-05-20T16:02:07Z,"MERCIII  !!HENGBART <3 AJA <3
",1
2013-05-19T12:09:16Z,Au revoir Hengbart <3 :'(,1
2013-05-21T11:04:57Z,"Allez Monaco vous Aller Gagner.
",0
2013-05-10T11:12:17Z,Allez Auxerre Gagner se match Contre Monaco.,0
2013-04-15T06:45:02Z,C dla merde Monaco degager vous savez pas jouer !,0
2013-04-14T10:05:22Z,olalala ce que rate Auxerre ! c'est incroyable !,0
2013-04-13T23:11:17Z,ON va gagner ... on va gagner ... ON VA GAGNER LE CHAMPIONNAT...ON VA GAGNER LE CHAMPIONNAT....ON VA GAGNER LE CHAMPIONNAT     lol allez Monaco ,0
2013-01-16T16:25:34Z,yes allez malherbe! :D,0
2013-01-13T12:18:16Z,le coup franc de Haddad est magnifique dommage qu'il ne soit pas rentré...,0
2013-01-13T10:57:01Z,"auxerre <3
",0
2013-01-13T09:59:48Z,Malherbe♥,0
2013-05-10T11:03:31Z,Allez Auxerre vous allez Gagner.,0
2013-03-21T16:26:28Z,ALLEZ LAVAL!,0
2013-03-10T09:22:35Z,tu est fou aller aja,0
2013-02-13T16:06:38Z,Allez TOURS,0
2013-02-11T17:57:13Z,quel buteur ce sanogo,0
2013-05-18T05:12:54Z,"Il est trop fort, la preuve il est demandé par Arsenal",2
2013-05-10T11:09:12Z,Auxerre Faut qui Gagne...,1
2013-03-20T14:28:11Z,ALLEZ LAVAL!,1
2013-02-08T23:09:08Z,"9 buts...mais j'ai rarement vu des ""buts"" aussi minable... ça semble tellement facile. Impression de voir joueur les jeunes U9 au stade !",5
2013-02-05T21:26:23Z,AMAZING,1
2013-02-05T21:26:07Z,Mais quel perf du yaya,2
2013-02-03T11:34:56Z,"9 buts, wow !
et le sanogo 20 ans quadruplé c'est le nouveau messi :)
même si les buts ne sont pas très beaux et le terrain est quasi impraticable, c'est rare de voir 9 buts en Ligue 2 !",2
2013-02-03T09:42:20Z,Aller l aja ses sa les gars!,2
2013-02-03T07:49:44Z,"Laval aurait du gagner le maintient !
",1
2013-02-02T23:28:13Z,9 buts tous plus ridicules les uns que les autres mais ça fait du bien pour l'aja ,2
2013-07-11T08:23:31Z,On me voit a un moment ^^,0
2013-07-02T12:43:08Z,"Footix de merde !!!! AJA <3
",0
2013-04-30T15:16:39Z,Allez la berri,0
2013-06-12T10:30:56Z,Bouby !,0
2013-06-12T10:27:06Z,GO NO,0
2013-06-02T13:50:26Z,all-in for Bouby !,0
2013-03-18T11:37:41Z,On a retrouvé un menton de pierre où sont les 99 autres ?,136
2013-02-11T20:02:48Z,On dirais un petit du quartier qui part à l'étude faire les devoir! Enorme xD,240
2013-02-09T16:14:24Z,lol,2
2013-02-06T19:59:19Z,Mdrr,1
2013-06-06T12:58:22Z,"au contraire je suis pour une liberté d'expression totale. je vais pas désactivé mon compte ""depuis 2007"", mais si t'a pas remarqué,j'ai supprimé mon commentaire ""limite du racisme"", si ça ne te suffit pas, je m'excuse d'avoir étais mal compris.",0
2013-06-05T22:51:41Z,"Ce que je vois surtout c'est que tu mélanges tout. Comparer des ultras à un comique de radio, j'ai du mal à voir le rapport. Visiblement tu sembles pour un muselage total de l'expression. Désactive ton compte pour donner l'exemple.",4
2013-06-05T21:49:12Z,"tu te trompe cher ami, c'est pas ce que tu crois. je suis ni l'un ni l'autre. tu vois ce que je veux dire ?",0
2013-06-05T15:40:29Z,"Non je travaille chez Charlie Hebdo , tu vois ce que je veux dire ?",0
2013-06-05T10:47:21Z,"t'est pas par hasard un supporter du psg ""virage Boulogne"" il y a 3ans.  (tu vois ce que je veux dire??).",2
2013-06-05T10:24:14Z,"HAHA :D, ça se précise ! Des vannes sur Israël et la Palestine il en a déjà fait. C'est pas sensé être un signe de force de prendre la mouche à la moindre satire. Sérieux je trouve ça grave de parler de racisme là. Tu dois passer ta vie à t'insurger, c'est triste. Choquer les bonnes mœurs pour ouvrir les esprits ça se fait, demande toi plutôt pourquoi tu vois du racisme ici (ou du ""limite raciste"").  ",1
2013-06-04T21:10:59Z,"non,il faut juste traité tout le monde de la même façon, il n’oseras pas ouvrir ça gueule pour le uefa U21 en Israël qui débuteras demain.",1
2013-06-03T13:26:54Z,Et donc faut faire appel à la LICRA et le pendre sur la place publique ?,0
2013-06-03T10:33:26Z,"3:51 ""(moi j'aime bien la can, parce que ça fait mec de gauche deja! c'est toujours bien d'aimer les africain,non! je vais dire un truque,c'est toujours bien d'aimer les africain,sans se posé de question pour savoir si c'est BIEN OU PAS, ça fait bien!, moi je vais dire c'est le changement, le changement c'est la can..."") là c'est plus du sport c'est de la politique ""un clin d’œil au parti socialiste.",16
2013-06-02T22:29:30Z,Raciste de quoi ? Mon pauvre ami.....,1
2013-03-09T03:57:19Z,waciste,0
2013-03-09T00:53:42Z,Toujours parfait comme d'habitude,8
2013-01-30T22:52:02Z,c pour ça que j'ai dit (limite),0
2013-01-23T12:42:33Z,Magnifique,5
2013-01-23T12:41:45Z,Toujours persécuté !! Pathetique !,0
2013-01-23T12:38:04Z,"mrabbaj

c'est du second degré , il est comme ça lol , il flingue tout le monde  ",23
