publish_date,title,view_count
2013-03-13T02:26:17Z,Theophilus Segbefia,112
2012-12-12T23:00:14Z,AJ Auxerre - Chamois Niortais (4-2) - Le résumé (AJA - NIORT) / 2012-13,8750
2013-03-09T23:00:19Z,AJ Auxerre - Havre AC (4-1) - Le résumé (AJA - HAC) / 2012-13,9781
2012-10-20T22:00:12Z,AJ Auxerre - RC Lens (1-2) - Le résumé (AJA - RCL) / 2012-13,9863
2013-03-02T23:00:14Z,AC Arles Avignon - AJ Auxerre (2-1) - Le résumé (ACA - AJA) / 2012-13,3348
2012-11-24T23:00:16Z,AJ Auxerre - FC Nantes (0-2) - Le résumé (AJA - FCN) / 2012-13,9569
2013-03-17T14:46:55Z,RC Lens - AJ Auxerre (1-0) - Le résumé (RCL - AJA) / 2012-13,14275
2013-07-07T02:12:57Z,Résumé de la rencontre Châteauroux - UNFP,6722
2013-04-27T22:00:13Z,AJ Auxerre - Châteauroux (0-0) - Le résumé (AJA - LBC) / 2012-13,1296
2012-11-02T15:42:54Z,CFA / RCSA - AJ Auxerre II : l&#39;avant-match,825
2012-11-15T01:34:51Z,"Maroc - Togo - 0 - 1, But d&#39; Adébayor (74 e min.) 14.11.2012.",8850
2012-09-10T15:15:40Z,"Razak Boukari, Moves and Goals !",5334
2012-10-05T13:44:29Z,SC Malesherbes,1104
2013-06-09T19:38:02Z,Togo - cameroun,794
2013-06-26T12:01:16Z,Alex Tagbor Training,226
2012-08-12T20:07:14Z,3eme Journée de L2 2012-2013 : Auxerre-Sedan (1-0).,4595
2012-10-21T10:57:47Z,Nimes - Chateauroux 11.12.2012 FOTBAL The most important phases,803
2013-06-13T01:34:40Z,Goals Libye vs Togo  Regarder Match En Direct Libye vs Togo sur aljazeera sport Le 14-06-2013,873
2012-08-30T17:26:46Z,4ème journée du championnat de France de Ligue 1 de Football,1131
