publish_date,title,view_count
2013-03-22T10:37:12Z,Thomas Monconduit [Foot In Vidéo],1859
2013-02-16T23:00:14Z,FC Istres - AJ Auxerre (0-3) - Le résumé (FCIOP - AJA) / 2012-13,7032
2013-01-26T23:00:13Z,AJ Auxerre - Le Mans FC (1-1) - Le résumé (AJA - LEMANS) / 2012-13,3332
2013-05-04T22:00:10Z,Chamois Niortais - AJ Auxerre (0-1) - Le résumé (NIORT - AJA) / 2012-13,2570
2013-05-11T22:00:11Z,AJ Auxerre - Angers SCO (2-2) - Le résumé (AJA - SCO) / 2012-13,5157
2013-04-20T22:00:15Z,FC Nantes - AJ Auxerre (1-1) - Le résumé (FCN - AJA) / 2012-13,10487
2013-05-18T22:00:11Z,AJ Auxerre - Clermont Foot (1-1) - Le résumé (AJA - CFA) / 2012-13,2278
2013-04-13T22:00:15Z,AJ Auxerre - AS Monaco FC (0-2) - Le résumé (AJA - ASM) / 2012-13,9740
2013-01-12T23:00:15Z,AJ Auxerre - SM Caen (1-2) - Le résumé (AJA - SMC) / 2012-13,5247
2013-02-09T23:00:28Z,AJ Auxerre - Tours FC (3-2) - Le résumé (AJA - TOURS) / 2012-13,7993
2013-02-02T23:00:14Z,Stade Lavallois - AJ Auxerre (4-5) - Le résumé (LAVAL - AJA) / 2012-13,19242
2013-04-27T22:00:13Z,AJ Auxerre - Châteauroux (0-0) - Le résumé (AJA - LBC) / 2012-13,1296
2013-05-25T22:00:36Z,Nîmes Olympique - AJ Auxerre (4-2) - Le résumé (NIMES - AJA) / 2012-13,3472
2013-04-17T21:41:05Z,Luc Matutu [Foot In Vidéo],1065
2013-03-22T10:36:45Z,Johan Lengoualama [Foot In Vidéo],349
2013-03-22T10:32:06Z,Aaron Appindangoye [Foot In Vidéo],4343
2013-02-05T12:04:40Z,Fou rire général en direct au Canal Football Club CFC. Merci Valbuena (3 Février 2012),337906
2012-10-28T10:46:52Z,ASNL - PSG Octobre 2012 // SFC,53
2013-01-22T12:50:12Z,After Foot / Cazarre : &quot;Vive la Coupe d&#39;Afrique des Nations !&quot;,307913
2013-01-02T18:12:26Z,But Alain TRAORE 43&#39;   Stade Rennais FC   FC Lorient 1 2 480p,103
2013-03-31T22:35:03Z,"After / Jean-Pierre Rivère, président de Nice, invité exceptionnel - 31/03",489
2012-11-13T15:05:06Z,L&#39;After Foot / Julien Cazarre amuse la galerie,147188
