publish_date,title,view_count
2013-02-12T00:24:08Z,Pronostar : Valère Germain Interview,1177
2013-01-13T18:17:31Z,asmTV : Spécifique offensif avec Valère Germain,16470
2012-10-11T08:37:55Z,Le maillot de Valère Germain à gagner !!!,2608
2013-03-05T09:08:46Z,Valère Germain à Beausoleil contre la violence,1154
2013-02-22T10:02:28Z,Face à face avec Valère Germain,1664
2013-05-20T18:37:10Z,ASM FC-LE MANS PENALTY 2-0 VALERE GERMAIN CHAMPION L2 2013,311
2013-05-24T21:47:56Z,Tours - Monaco But de Valère Germain 1-2,2025
2013-07-23T21:31:40Z,Valère Germain - Conférence de Presse (La Turbie - 23/07/13),393
2013-05-21T22:52:43Z,Valere Germain sur Foot-Express.com,108
2013-05-21T22:45:19Z,Valere Germain sur Foot-Express.com,28
2013-07-23T22:31:26Z,Valère Germain - Conférence de Presse (La Turbie - 23/07/13),95
2012-11-06T16:08:38Z,Interview croisée Germain - Dingomé,2634
2012-09-24T19:54:10Z,21/09/2012 J8 RC Lens - AS Monaco: Résumé du match / but de Valère Germain,1964
2013-05-11T22:00:12Z,Nîmes Olympique - AS Monaco FC (0-1) - Le résumé (NIMES - ASM) / 2012-13,14530
2012-11-18T00:36:20Z,"Coupe de France (7e tour) : Sporting Toulon 1-3 ASM FC, Highlights",7030
2012-08-25T10:14:10Z,24/08/2012 J5 AS MONACO-AC Arles Avignon - Résumé du match et but de Valère Germain,5612
2012-10-01T11:03:33Z,30/09/2012 J9 AS MONACO - GFC AJACCIO 2-2: Résumé et but de Valère Germain,4185
2012-11-23T11:34:46Z,17/11/2012 7e tour CDF - Sporting Toulon 1-3 AS Monaco: Résumé et doublé de Valère Germain,391
2012-08-11T09:59:30Z,10/08/2012 J3 AS MONACO-FC ISTRES - But et passes décisives Valère Germain,4112
2013-01-19T23:00:13Z,FC Istres - AS Monaco FC (0-2) - Le résumé (FCIOP - ASM) / 2012-13,6737
2013-05-04T20:47:53Z,Ligue 2 / Les réactions de C. Medjani et V. Germain après la défaite de Monaco - 04/05,100
2013-05-18T22:00:11Z,AS Monaco FC - Le Mans FC (2-1) - Le résumé (ASM - LEMANS) / 2012-13,11470
2012-09-25T15:55:57Z,L&#39;AS Monaco dans le fauteuil de leader,38
2012-10-27T22:00:12Z,AS Monaco FC - FC Nantes (0-2) - Le résumé (ASM - FCN) / 2012-13,20618
2013-03-17T14:49:50Z,AS Monaco FC - Angers SCO (2-2) - Le résumé (ASM - SCO) / 2012-13,4613
2013-04-30T10:00:49Z,CS Sedan - AS Monaco FC (1-1) - Le résumé (CSSA - ASM) / 2012-13,6463
2013-03-28T10:36:46Z,&quot;Il reste 9 finales&quot;,1498
2012-11-17T19:15:32Z,"Coupe de France (7e tour) : Sporting Toulon - ASM FC, les réactions",943
2013-01-15T11:00:53Z,AS Monaco FC - Stade Lavallois (1-1) - Le résumé (ASM - LAVAL) / 2012-13,3436
2013-04-13T22:00:15Z,AJ Auxerre - AS Monaco FC (0-2) - Le résumé (AJA - ASM) / 2012-13,9740
2012-08-11T09:06:16Z,"J3 : ASM FC - ISTRES, LE RÉSUMÉ",21300
2013-02-09T23:00:28Z,AS Monaco FC - Havre AC (2-1) - Le résumé (ASM - HAC) / 2012-13,6888
2013-02-26T11:01:03Z,AS Monaco FC - RC Lens (2-1) - Le résumé (ASM - RCL) / 2012-13,7706
2012-12-15T23:00:13Z,AS Monaco FC - Nîmes Olympique (1-1) - Le résumé (ASM - NIMES) / 2012-13,4100
2012-10-31T18:49:36Z,"(J13) NIORT - ASMFC, l&#39;avant-match",2619
2013-04-23T10:00:38Z,AS Monaco FC - Clermont Foot (4-0) - Le résumé (ASM - CFA) / 2012-13,21408
2013-03-30T23:00:14Z,FC Nantes - AS Monaco FC (1-1) - Le résumé (FCN - ASM) / 2012-13,18576
2012-09-12T15:00:23Z,"(J7) ASM FC-DFCO, la conférence de presse",2978
2013-03-09T23:00:19Z,Châteauroux - AS Monaco FC (1-1) - Le résumé (LBC - ASM) / 2012-13,3515
2012-12-11T17:19:05Z,08/12/2012 8e Tour CDF - AS Monaco 0-0 FC Bourg-Péronnas - Résumé et réactions,229
2013-03-02T23:00:14Z,GFC Ajaccio - AS Monaco FC (0-1) - Le résumé (GFCA - ASM) / 2012-13,8723
2012-08-11T07:12:13Z,Les réactions d&#39;après-match AS MONACO - FC ISTRES,259
2012-08-19T11:17:30Z,18/08/2012 J4 EA GUINGAMP-AS MONACO - Résumé du match,1480
2013-05-25T22:00:36Z,Tours FC - AS Monaco FC (1-2) - Le résumé (TOURS - ASM) / 2012-13,9409
2013-03-31T17:07:49Z,"(J30) FC Nantes - ASM FC, les réactions",532
2013-02-19T11:00:50Z,Dijon FCO - AS Monaco FC (0-2) - Le résumé (DFCO - ASM) / 2012-13,8383
2012-09-15T10:13:58Z,14/09/2012 J7 AS MONACO - DIJON FCO : Résumé match,2558
2013-04-06T22:00:13Z,AS Monaco FC - Chamois Niortais (1-1) - Le résumé (ASM - NIORT) / 2012-13,3929
2012-08-01T15:10:43Z,1ère Journée L2 Monaco4-0Tours,85
2012-08-04T00:36:03Z,Les réactions après Laval (0-0).,3715
