published-time,comment,likes
2013-01-14T14:45:36Z,"pas mal!!!
4-0 contre laval on y croiiit!!!
",0
2013-01-13T18:28:45Z,Aller Valère ! Mets nous ce but ! Il le faut !,0
2012-09-24T19:56:39Z,Continuez comme sa on vous s'aime !!!!,0
2013-05-14T12:46:26Z,Bravo Merville !!! ,0
2013-05-14T00:53:51Z,un club sans ame monaco,0
2013-05-12T23:21:46Z,Mdr,0
2013-05-12T23:19:55Z,Messi et ronaldo aussi,0
2013-05-11T22:21:00Z,Falcao a signer,0
2012-11-21T12:48:11Z,Et aussi bravo à Kurzawa pour son premier but en pro !!! :),0
2012-11-21T12:46:48Z,Bajrami et Germain c'était très très bon à un moment du match où il fallait répondre présent. Bravo !,0
2012-11-19T13:32:29Z,musique?!,0
2012-11-18T20:05:29Z,"Match joué en 120min, il va bien falloir se reposer pour le prochain match.
Monaco a montré du beau jeu, encore et toujours.
Une equipe que je suis depuis mon plus jeune âge et que je continuerais à suivre !!
Bravo l'ASM ! ",0
2012-11-18T14:44:30Z,"YFC, fait l'amour au ballon !",0
2012-11-18T12:24:04Z,déja monaco encore un pénalty oublié comme par hasard,0
2012-11-18T09:57:56Z,"c'est ca de la ligue 2 ! vous devez vraiment vous faire chier dans les stades ! quand on a connu l'AS Monaco des petit dalger onnis et consort, celle encore récente des giuly and co, y'a vraiment de quoi se poser des questions sur la valeur du foot en france de nos jours ! je pense qu'il y a toute une formation à revoir ! la fédé a laissé le foot à l'abandon depuis de nombreuses années ! que de joueurs surcotés, c'est effrayant ! 
quand à dieppe, vous risquez peut etre d'avoir des surprises!",0
2012-11-18T02:49:17Z,Je crois que le pire lors de se match c'etait l'impocritie immonde dr wiltord tout le match il cachait pas son envie de voir monaco elimine il ne faisait que de feliciter ses roulonais et critiquer l'asm et lorsque le coup de sifflet finale il ne faisait que repetait que monaco etait trop fort pout un dh. Je suis sur qu'a la fin du match  il se nettoyait les levre de plein de ... (vous avez deviner) allez l'asm!! Venez a dieppe pour le prochain tour j'espere,0
2013-04-18T06:10:57Z,Vive AS Monaco,0
2012-08-15T23:33:29Z,DAGHE MUNEGU !,0
2013-03-07T18:29:16Z,oscar ocampos???? connait pas ,2
2013-02-03T03:42:42Z,vive foued chafik,2
2013-01-24T15:07:11Z,Oscar Ocampos baaah ouai !,2
2013-01-21T13:12:41Z,"Sérieux faites un effort sur les commentaires .. LUCAS OCampos, et c'est encore Ocampos qui dévie le coup franc, et pas Adriano..

Daghe Munegu.",1
2013-01-20T13:39:12Z,"En fait il est d'origine Allemande, d'où l'erreur.",1
2013-01-20T07:50:07Z,Kagelmacher défenseur allemand... --' C un Uruguayen!,1
2013-01-20T01:18:06Z,Oscar ocampos --' cest dur de retenir un prenom?,1
2013-05-23T22:25:12Z,"Les gens qui parlent de l'ambiance :p  J'y etait, avec les ultras et l'ambiance etait excelente surtout pour un match de ligue 2 :)",3
2013-05-20T20:55:12Z,"C'est là qu'on voit qui ouvrait son Bescherelle à l'école mais avec ton niveau c'est même à se demander si tu l'avais acheté en fait. Il faut changer de disque sur les supporters monégasques, la population monégasque est vieillissante et peu intéressée par le football. Club en carton avec 7 titres de Champion de France, 5 coupes de France, 1 de la Ligue et une finale de C1, je prends quand même.",2
2013-05-20T11:10:08Z,Vive jérémie janot!!!!!,2
2013-05-20T01:38:05Z,Lol l'ambiance de merde c la qu'on voit que l'argent ne fai pas tout le sta n'aime me pas rempli club en carton!!!,2
2013-05-19T17:40:17Z,"tu est pour quel équipe toi 
",2
2013-05-19T16:17:24Z,"Change de disque DrDJEKILL7, toujours les mêmes choses, Monaco et ses supporters, en tout cas sache que Monaco, c'est des supporters partout en France ( d'ou tout les groupes de supporters de partout ) et à l'étranger ( notamment en Espagne et en Italie ) et puis je peux te dire, il y en a de plus en plus maintenant ;)",2
2013-05-19T00:54:33Z,Quel tacle con et dangereux de Touré quesqui lui passe par la téte serieux si il le touche il lui casse la cheville !,2
2013-07-27T16:09:26Z,pffff tu dit des conneries,0
2013-04-05T13:11:36Z,Nantes c'est Nantes !! :),1
2013-03-12T00:59:53Z,mdr oui c'était logique avec Kita au sifflet...,1
2013-02-14T16:55:04Z,a 0.10 sa c'est de l'ultra monégasque lol,2
2013-01-09T23:05:27Z,LOL merci l'arbitre,0
2012-11-16T12:59:12Z,"Nantes à bcp de chance sur ceux match mais bon Monaco et meilleur dans le Jeu et ca ce voit sur tous ses matchs
",0
2012-11-03T20:14:49Z,C'est fait pour la confirmation :p,0
2012-11-02T10:58:06Z,C'est un très bon le Djordjevic franchement ! Gg Nantes ! J'espère qu'il vont continuer comme çà et déjà confirmer par une victoire contre Angers à la Beaujoir lors de la prochaine journée. :),1
2012-11-01T23:11:49Z,"L'arbitrage fait partie du foot les gars, c'est dans les deux sens, n'allez pas dire que vous n'avez jamais été avantagé par l'arbitrage!! Allez NANTES!! <3",0
2012-11-01T20:48:22Z,Je pense que Monaco montra en L1,0
2012-11-01T20:47:38Z,Allez les jaunes!!!!!!!,0
2012-10-30T11:47:14Z,"meme si Monaco méritait Nantes a été réaliste et c'est quand meme Djordjevic qui a été élu meilleur du mois et pas Touré.
Aller Nantes la L1 c'est pour l'anné prochaine avec Monaco je pense.",0
2012-10-30T11:45:39Z,pfff arbitre==== 0 ! ,0
2012-10-29T09:31:20Z,"Match volé !!!!!
aller l'ASM",0
2012-10-29T07:59:44Z,"Y'a aucune compensation arbitrale sur ce match çà n'a été que dans un sens. même à 2-0 il oublie une faute flagrante à 18m pour un coup franc idéalement placé.
Nantes a été réaliste mais NON ce n'est pas tout",0
2012-10-29T06:51:53Z,Monaco aurais pus gagner 3-1 mais bon c'est comme ca... allez NANTES !! et vener nombreuxa la Beaujoire samedi prochain pr le derbi Nantes sco angers !!!!,0
2012-10-28T20:58:18Z,"L'ASM s'est volé un but, 2 pénos (voire même trois avec la faute de Madouni sur Carrasco). Mais Nantes gère tout de même bien son match, si on met les erreurs d'arbitrage de coté. Je comprends la déception des Monégasques. Après, les erreurs d'arbitrage, ça arrive. Une fois, ça nous est favorable, une fois non. Mais n'ayez crainte, je pense que l'ASM montera cette année. En espérant que Nantes également.
Allez les canaris !",0
2012-10-28T16:53:50Z,"ya pas de coup de coude sur le but refusé,et la main est tellement flagrante que si elle n'est pas sifflée on ne sifflera plus aucune main dans la surface.nantes a bien joué le coup et merite sa victoire parce qu on a pas été bons non plus mais faut pas déconner,on se fait voler au moins 1 but au moment ou on dominait le plus....",0
2012-10-28T16:28:00Z,meme les joueurs nantais on dit kil on eu de la chance... a 2 0 pour asm c t pas le meme match (et je suis pas monégasque),0
2012-10-28T16:18:52Z,"lol quelle bonne foi les Monégasques, véreux juste parce que vous pensiez vous imposer facilement, l'argent ne fait pas tout!! Pour le but refusé, c'est un coup de coude dans le dos de Cichero qui est sanctionné ce n'est pas un hors jeu! La main elle y est, ne pas oublier aussi qu'en fin de première période il y a également une main Monégasque non sifflée dans la surface, donc un partout au jeu des pénaltys non accordés. Nantes a été réaliste, c'est tout",1
2012-10-28T15:29:08Z,Quel arbitrage scandaleux !,0
2012-10-28T15:11:38Z,du grand n import quoi l arbitrage nantes mérite pas la victoire même pas le nul et surtout pas la l 1,0
2012-10-28T14:50:25Z,"Ouaaaah ce vol arbitral !!  
",1
2012-10-28T09:54:19Z,FC NANTES !! <3<3<3<3...,0
2012-10-28T08:43:06Z,une position de hors jeu peu évidente... il est bête le commentateur ou il fait exprès... meme la sur la vidéo on voit qu'il est pas hors jeu et que le but doit être accepté... sur le but de Nantes par contre il dit pas qu'il est hors jeu ;) quelle bon commentateur et arbitre!!,0
2012-10-28T07:50:12Z,"Resultat logique.
Nantes bientôt en L1 :p",0
2012-10-27T22:19:39Z,un vole  pour la journée de l'arbitrage bravo ..... ,0
2013-04-30T17:28:31Z,"Qu'ils viennent jouer dans ma campagne, le terrain est 10 fois mieux ...",0
2013-03-29T07:09:25Z,"ça fait du bien de voir des petite vidéo de la séance d'entrainement, il devrait y en avoir plus souvent ! :)
",0
2013-03-28T13:01:34Z,Allez Monaco ! We are with you ! ,0
2012-12-19T15:01:05Z,La musique cest I need dollar ;),0
2012-12-10T21:30:22Z,C KOI LE MUSIC SVP,0
2013-03-20T14:27:32Z,"on a frainé monaco, Allez laval !!<3",0
2013-01-15T18:43:41Z,"Les gens sont pas obligé de mettres des commentaires. Si ta rien a dire, dit rien..",0
2013-05-21T11:04:57Z,"Allez Monaco vous Aller Gagner.
",0
2013-05-10T11:12:17Z,Allez Auxerre Gagner se match Contre Monaco.,0
2013-04-15T06:45:02Z,C dla merde Monaco degager vous savez pas jouer !,0
2013-04-14T10:05:22Z,olalala ce que rate Auxerre ! c'est incroyable !,0
2013-04-13T23:11:17Z,ON va gagner ... on va gagner ... ON VA GAGNER LE CHAMPIONNAT...ON VA GAGNER LE CHAMPIONNAT....ON VA GAGNER LE CHAMPIONNAT     lol allez Monaco ,0
2012-08-29T11:01:30Z,dommage que Istres perd le match ils méritaient de gagner,0
2012-08-13T17:29:11Z,que de bo but germain puissant j ai pas la chance de regarder les match a la tv donc un grand merci a toi pour les résumer que ce soit bonne ou mauvaise qualité ,0
2012-08-12T16:47:04Z,"C'est bizarre en meme temps, car contre Tours la qualité etait bonne...",0
2012-08-11T14:02:58Z,Ca a été filmé avec un nokia 3310 ou quoi?,1
2012-08-11T11:24:31Z,"Comment on peut poster une vidéo aussi dégueulasse, c'est honteux ..",0
2012-08-11T10:30:56Z,Merci beaucoup pour toutes ces vidéos! Continue ! :) et vive l'ASM!,0
2012-08-11T10:23:34Z,"Merci beaucoup pour tout tes résumés, ça me fais énormement plaisir de voir que tu te donne pour nous proposer des résumés pareils ! :) Espérons que l'ASMFC ira en L1 la saison prochaine ;)",0
2012-08-11T09:15:20Z,Daghe Munegu !! Merci pour ce résumé ;),0
2013-02-17T08:39:40Z,Allez le HAC !,0
2013-02-12T05:41:12Z,Hey oui allez l'ASM !,1
2013-02-26T17:57:18Z,Renovation ? J'ai l'impression de mater un match de DH .. ,1
2013-02-26T16:42:49Z,"L'arbitre considerait que l'attaquant nordiste n'allé pas au but mais pres de la ligne lateral de la surface de reparation donc pour lui ce n'etais pas une action de but , supporter monegasque j'aurais egalement mis un rouge mais bon , trop laxiste durant tout le match M.SCHNEIDER , et sa vous venge du penalty non sifflé du a la main de dumont , et la semaine derniere personne a rien dis pour le penalty lensois contre chateauroux hein., ",2
2013-02-26T15:50:35Z,"Je suis d accord avec toi sur l'arbitrage qui laisse a désirer mais ce n'est pas qu'avec Lens , tous les weekend il y a des erreurs dans la plupart des matchs , est pour la première action litigieuse je pense que le joueur ce laisse tomber sans vouloir continuer sa course .",1
2013-02-26T13:08:49Z,"J'en ai vraiment marre de cet arbitrage français, j'ai l'impression que Lens s'en prend toujours plein la gueule avec ces arbitres ... Pourquoi l'arbitre n'a pas foutu ce rouge au joueur monégasque au début du match ? Lorsqu'un joueur est en position de dernier défenseur, et qu'il fait faute, c'est rouge, point, il n'y a pas à discuter. Lens était sûr de perdre mais ce rouge aurait pût changer le cours des choses ...",1
2013-06-11T16:08:58Z,Le match a ete jouer a huit clos,0
2012-11-02T12:00:07Z,Allez Chamois ! Un Stade plein a craquer avec la victoire au bout. ,0
2012-11-01T19:09:37Z,"STP vous pouvez mettre un entrainement spécialmen de YANNICK
FERREIRA CARRASCO STP!!!!
",0
2012-11-01T14:45:45Z,"Daghe Munegu ! On lâche rien et on se ressaisi !
ASM <3",0
2012-11-01T11:23:26Z,"y faut gagner!!!!
",0
2012-11-01T10:08:31Z,Allez l'ASM ! ;),0
2013-04-29T16:34:32Z,"On les voit peut être mais on les entends pas :)
",1
2013-04-24T21:49:05Z,Ah c'est drôle ça! Bouffon,3
2013-04-24T11:13:27Z,C'est le même geste ^^,1
2013-04-23T17:18:48Z,"Moonaaaacoo !
Magnifique Match !",3
2013-04-23T16:46:21Z,Vive ocampos,2
2013-04-23T12:43:57Z,okiiii hala ya de bon joueurs en ligue 2 :),1
2013-04-23T11:55:31Z,3.,0
2013-04-23T11:36:07Z,combien de club vont monter en ligue 1 . et cb vont descendre de ligue 1 a ligue 2 ???,0
2013-04-23T11:05:59Z,Daghe Munegu <3,0
2013-04-23T10:46:06Z,très beau match des monegasque allez bientôt la L1 avec les Nantais !!!,0
2013-04-23T10:06:17Z,Le deuxième but = celui de Thiago Silva sauf que le ballon n'est pas sorti ^^ ,1
2013-04-09T15:21:08Z,Ou elle rentre la balle ? ,0
2013-04-05T19:38:23Z,stylé le parcage lors du but!,0
2013-04-02T21:43:42Z,Le ballon est rentré sur la dernière occase? Lol tu ne dois pas avoir le même opticien que nous tous,0
2013-04-02T19:49:02Z,"80 ans que Monaco est la et jamais personne n'a rien dit, quand ils sont descendu en L2 pareil tout le monde s'en foutait, mais maintenant qu'il y a de l'argent et qu'ils vont remonter en L1 tout le monde flip et veut leurs mettre des batons dans les roue je trouve sa scandaleux. ",1
2013-04-02T16:17:12Z,"Voila 2 belles équipes qui retrouveront la ligue 1 si monaco peut jouer en france la saison prochaine...car on peut avoir le plus gros budget de ligue 2 et un propriétaire milliardaire, si Monaco n'installe pas son siège en France, l'argent ne servira à rien (pour une fois)...",0
2013-04-02T14:34:05Z,"Et pour se qui est du score pour moi il est logique, Nantes n'a pas dominer pas plus que Monaco n'a dominer, les 2 équipes on eux leurs temps forts pendant le match et pour moi c'est un résultat logique, aucune des 2 équipes ne méritait de gagner se match ni de le perdre. Et puis pour se qui est de l'arbitre oui il a été mauvais mais il n'a favoriser aucune des 2 équipes, au contraire du match aller... ",0
2013-04-02T14:30:19Z,"Destructordark13 tes sérieux quand tu dit que tu a pas entendu les supporters monégasque ?? Tu devait pas être a coter alors. J'y était dans la tribune monégasque et on a chanter tout le match même 1h avant le cou d'envoie on été déjà a se casser la voie. Par contre les Nantais il y a que la brigade loire qui a chanter tout le long du match, les autres se sont réveiller seulement a l'ouverture du score et se sont tait a l'égalisation. ",0
2013-04-01T19:21:52Z,nantes méritait LARGEMENT la victoire et j'y étais l'abitre est nul et le gardien monégasque un gros connard il a du gagner 4 minute a lui tout seul!,0
2013-04-01T16:13:33Z,perso monaco a bien jouer mai jtrouve ke nantes a mieu jouer plusieur foi j'ai cru qu'il y avai but il y a eu plus d'ocaz de la part de nantes sans oublier le poto la denriere action aie aie aie putain on devait le gagner ce match,0
2013-04-01T15:24:33Z,"J'y étais aussi et on a pas vu le même match,on vous bouffe pendant le premier quart d'heure et en 2e mitemps!!! la prochaine fois fais là en français ta phrase aussi ;)",0
2013-04-01T15:22:31Z,"Tu manques d'objectivité,les deux équipes ont eut leurs temps forts,et des occasions franches,l'arbitrage a été bon,le but n'est pas rentré(clair sur la vidéo),et le péno si tu regardes la réaction de Djordjevic avec notre défenseur après l'action tu comprends qu'il a tenté le coup.Et puis t'as bon dos de critiquer un arbitrage qui t'avais fait gagner le match à l'aller,si ça avait été pareil tu te serais surement suicidé....",0
2013-04-01T14:28:09Z,"Et le penalty de Djordjevic !!! :o
",0
2013-04-01T11:11:42Z,"Et arretez de dire que Suba gagnait du temps, j'y etais au stade et vous l'avez sifflé 2 fois quand il prenait son temps or il y avait a chaque fois des changements.. vous avez été minable, on ne vous a pas entendu. On entendait que vos 2 tambours (qui ont été très fair play EUX !) et quand on voit le match aller je crois que vous plaindre est se foutre de la gueule du monde ! 
",0
2013-04-01T11:05:37Z,Monaco a été minable ? Mais vous vous êtes vu supporters Nantais ?? mdr,0
2013-04-01T10:15:51Z,"j'avais envie de l'arracher Subasic ^^

",0
2013-04-01T07:54:20Z,Nantes et Monoco méritent la LIGUE 1 !!!,0
2013-03-31T20:00:21Z,Les Nantais méritait sérieusement et le gardien de Monaco nous provoquai en Loire donc on ses fait voller encore par larbitre,0
2013-03-31T15:40:24Z,"Chacun son tours :D
",0
2013-03-31T13:08:47Z,ALLER NANTES ! (arbitre de merde sur le match),0
2013-03-31T12:13:18Z,en tout cas sa fais plaisir de voir un match comme avec de l'ambiance aussi belle bravo a vous nantes et bravo au supportaire qui on fais le deplacement  Allez MONACO,1
2013-03-31T12:11:27Z,ba c'est cool sa fais 1 partout niveau arbitre de merde regarde la match allez :) ,0
2013-03-31T11:51:34Z,petit rageur  ,0
2013-03-31T11:22:20Z,"On reparle du match aller ? C'etait exactement ce que tu viens de dire mais pour Monaco, 1-1 partout sur l'arbitrage de merde !",0
2013-03-31T11:20:38Z,"Quel match et surtout le début , ça fait du bien de voir ce genre de match au parfum de L1 , Bien joué aux deux équipes 

Et Ocampos qui fêtent ce but avec les supporters la classe ^^

Daghe munegu <3 ! ",0
2013-03-31T09:57:18Z,"La balle rentre pas sur la dernière occasion, stop de dire des conneries. Surtout pour ceux qui étaient en Loire en bas, on l'a tous vu, il est sur la ligne.
Même si elle rentre un TOUT PETIT PEU c'est pas valable.

Par contre, un péno aurait pu être sifflé sur Djordjevic, c'est sûr.. =|",0
2013-03-31T09:38:02Z,Allez Nantes ! J'y étais au match mais le gardien de Monaco faisait de l'anti-jeu et l'arbitre était nul le premier quart d'heure,0
2013-03-31T09:09:57Z,"Avec l'angle de la caméra on ne voit pas bien mais le ballon doit être rentré intégralement pour qu'il y ait but et là ce n'est pas le cas. Et quel que soit le scénario et le niveau de jeu de Monaco, le résultat est 1-1 et c'est ce qui va faire d'eux le champion de Ligue 2.",0
2013-03-31T09:06:48Z,Arbitre de merde qui a refusé un but de Nantes et n'a pas sifflé un pénalty parfaitement valable et en plus il met un carton pour simulation !!!!!!!!!!!!!!!,0
2013-03-31T08:26:31Z,"Monaco ont été minable sur ce match.
Leur gardien intolérable a gagner tout le temps du temps.
Et l'arbitre ... la balle est rentrer sur la derniere occase 
  ",0
2013-03-31T07:54:45Z,Mais quel beau match ! quel intensite de jeu ! mais que font ces 2 équipes en L2 !!,0
2013-03-30T23:05:42Z,Nantes en L1!!!!,0
2013-03-30T23:01:10Z,ALLEZ NAAAAAANTES ! ♥,0
2013-03-30T23:00:45Z,Preums,0
2013-03-10T07:19:49Z,First ! Allez l'ASM !,1
2013-04-12T17:08:20Z,"bizarrement, les matchs en corse se terminent souvent de la meme manière, ah oui c'est vraiment bizarre... comme si ils avaient du mal à accepter la defaite, comme souvent ",0
2013-03-10T09:23:07Z,GFC pfff bande de merde !,0
2013-03-07T18:25:54Z,en national et vite!,0
2013-03-06T15:11:58Z,Comme d hab avec les corse vraiment des merdier,0
2013-03-04T07:40:27Z,Trop !,0
2013-03-03T18:23:29Z,"Gazelec, cette petite équipe fouteuse de merde.",0
2013-03-03T10:43:03Z,EMMANUEL RIVIERE BORDEL !,0
2013-07-28T10:29:40Z,[iminent=0gaCtAgUWfOB] gardien de tours tres fort,0
2013-07-05T01:02:58Z,Moi aussi jai etait au match yavait but pour Tours a la fin jetait deg,0
2013-06-17T18:58:59Z,je suis dacord avec toi il montre pas le but qui na pas conter alors qu'il y avait but (jai ete voir le match),0
2013-05-26T15:59:57Z,et le résumé ne fait pas voir le but refusé pour Tours parfaitement valable ,0
2013-05-26T13:51:10Z,Monaco a vendangé mais su retourner la situation. Champions de France mérités,0
2013-05-26T01:36:44Z,Tours meriter la victoire,0
2013-02-23T21:09:35Z,Dage Munegu,0
2013-02-21T09:12:52Z,DAGHE MUNEGU,0
2013-02-19T17:16:29Z,C'est bien sans les commentaires audio,0
2013-05-18T10:14:27Z,Enfin la ligue 1 pour Monaco,0
2013-04-10T08:52:57Z,anti niortais,0
2013-04-10T08:52:42Z,"monaco4ever
",0
2013-04-06T22:07:23Z,ALLEZ Monaco ,0
