published-time,comment,likes
2013-07-18T18:58:22Z,Au calme un vrai boug a moi la ligue 1 c'est pour toi,0
2013-06-02T11:09:54Z,J'dirais plutôt de St. Ève!!!  22800 dreux',0
2013-02-02T17:28:00Z,Il est pas très dépaysager !! Ouaaaaahhh !!,0
2012-12-12T16:41:15Z,"moi chuis a fond pour dijon mais la javou que les nantais ont etes plus fort
",1
2012-12-10T22:12:57Z,Le tacle de Bamba est inadmissible !,0
2012-12-03T21:12:28Z,Nantes va allez en Ligue 1 ( De la part D'un Supporters Marseillais ),1
2012-11-01T23:17:20Z,Allez NANTES!! <3 Direction la ligue1!!,1
2012-11-01T20:48:48Z,Allez les jaunes!!!!!,1
2012-10-23T13:46:06Z,Vive Nantes !!!,1
2013-07-15T09:12:46Z,"Ce qui est énervant c'est que c'est toujours celui qui est 3ème en ligue2 et qui monte et qui descends la saison d'après ! Maintenant à nous de montrer qu'on peut rester dans l'élite !
",0
2013-05-27T16:51:21Z,Bon allez l'essentiel c'est la montée meme si sa fait ch... pour la 2ème place que guinguamp nous taxe a la derniere journee !!! Plus réalistes que nous !!!,0
2013-05-27T10:30:29Z,putin la victoire volé on passe derière guimgam du cou -- !!,0
2013-05-26T11:10:45Z,"allez le fc nantes!!!!!!! vous etes les meilleurs
",0
2012-12-02T15:34:47Z,"Match nuls et ils jouraient la monté la alors reflechissez avant de parlez, c t evident que ce match n allait pas etre si simple",0
2012-12-02T15:33:51Z,"Ils ont une bonne defense , le seul probleme est qu ils ne marquent pas assez, c les champions du match nuls, ils aurait marqués 5 fois de plus lors de leur",0
2012-12-02T15:32:44Z,"Vous réfléchissez avant de parler?  Niort est loin d etre une mauvaise equipe, c est une bonne equipe de ligue2 qui a reussi a chaque fois contre les grosses",0
2012-12-02T09:13:23Z,c vrai que faire 0-0 contre niort il faut vraiment le faire ^^ ALLEZ NANTES,0
2012-12-02T00:57:38Z,Ah on les entend moins les nantais là... ça taille Monaco quand ils font 1-1 contre Niort mais c'est pas mieux chez les jaunes xD.,0
2013-01-14T19:50:20Z,"ALLEZ NIMES !!!
",1
2013-01-13T14:02:14Z,J'espere que ce match fut une erreur...,1
2013-01-12T21:57:18Z,Madouni a vraiment été mauvais hier soir :/ Mettre gabi à gauche au lieu de le mettre dans l'axe :/,1
2013-04-18T18:00:52Z,effectivement !!!!! ;),0
2013-04-15T12:24:50Z,Très très bon c est superbe de voir la beaujoire  dans cette état ça faisait bien longtemps!!!,0
2013-05-18T15:33:45Z,yep coup franc indirect,0
2013-05-08T23:29:34Z,Il fallait garder keseru,0
2013-05-08T16:09:10Z,"Je félicite clermont pour son anti jeu, je n'ai jamais vu une equipe de foot qui ne veux pas jouer au foot! chateauroux n'est pas mal non plus",0
2013-05-08T15:55:09Z,"un coup franc dans la surface de réparation à moins de 10 mètre du but ?
",0
2013-05-08T13:06:50Z,J'crois pas non,0
2013-05-08T12:08:00Z,"Bah ouais mais ils ont perdu !!!! C'est ballot, cà ... Allez SCO !!!!!",0
2013-05-07T15:56:27Z,J'étais au match en loire je te signal donc avant de parler renseigne toi...,0
2013-05-07T12:19:38Z,Allez les Nantais on vous attend à Caen de pied ferme ! ;) Bonne chance et que le meilleur gagnent ! ,0
2013-05-07T11:21:03Z,Aller Nantes reste 3 journées faut la ligue 1 !,0
2013-05-07T10:43:46Z,"Regarder les stats Nantes a grave dominé ils auraient mérités de gagner --' 

Allez Nantes ! <3",0
2013-04-09T15:21:08Z,Ou elle rentre la balle ? ,0
2013-04-05T19:38:23Z,stylé le parcage lors du but!,0
2013-04-02T21:43:42Z,Le ballon est rentré sur la dernière occase? Lol tu ne dois pas avoir le même opticien que nous tous,0
2013-04-02T19:49:02Z,"80 ans que Monaco est la et jamais personne n'a rien dit, quand ils sont descendu en L2 pareil tout le monde s'en foutait, mais maintenant qu'il y a de l'argent et qu'ils vont remonter en L1 tout le monde flip et veut leurs mettre des batons dans les roue je trouve sa scandaleux. ",1
2013-04-02T16:17:12Z,"Voila 2 belles équipes qui retrouveront la ligue 1 si monaco peut jouer en france la saison prochaine...car on peut avoir le plus gros budget de ligue 2 et un propriétaire milliardaire, si Monaco n'installe pas son siège en France, l'argent ne servira à rien (pour une fois)...",0
2013-04-02T14:34:05Z,"Et pour se qui est du score pour moi il est logique, Nantes n'a pas dominer pas plus que Monaco n'a dominer, les 2 équipes on eux leurs temps forts pendant le match et pour moi c'est un résultat logique, aucune des 2 équipes ne méritait de gagner se match ni de le perdre. Et puis pour se qui est de l'arbitre oui il a été mauvais mais il n'a favoriser aucune des 2 équipes, au contraire du match aller... ",0
2013-04-02T14:30:19Z,"Destructordark13 tes sérieux quand tu dit que tu a pas entendu les supporters monégasque ?? Tu devait pas être a coter alors. J'y était dans la tribune monégasque et on a chanter tout le match même 1h avant le cou d'envoie on été déjà a se casser la voie. Par contre les Nantais il y a que la brigade loire qui a chanter tout le long du match, les autres se sont réveiller seulement a l'ouverture du score et se sont tait a l'égalisation. ",0
2013-04-01T19:21:52Z,nantes méritait LARGEMENT la victoire et j'y étais l'abitre est nul et le gardien monégasque un gros connard il a du gagner 4 minute a lui tout seul!,0
2013-04-01T16:13:33Z,perso monaco a bien jouer mai jtrouve ke nantes a mieu jouer plusieur foi j'ai cru qu'il y avai but il y a eu plus d'ocaz de la part de nantes sans oublier le poto la denriere action aie aie aie putain on devait le gagner ce match,0
2013-04-01T15:24:33Z,"J'y étais aussi et on a pas vu le même match,on vous bouffe pendant le premier quart d'heure et en 2e mitemps!!! la prochaine fois fais là en français ta phrase aussi ;)",0
2013-04-01T15:22:31Z,"Tu manques d'objectivité,les deux équipes ont eut leurs temps forts,et des occasions franches,l'arbitrage a été bon,le but n'est pas rentré(clair sur la vidéo),et le péno si tu regardes la réaction de Djordjevic avec notre défenseur après l'action tu comprends qu'il a tenté le coup.Et puis t'as bon dos de critiquer un arbitrage qui t'avais fait gagner le match à l'aller,si ça avait été pareil tu te serais surement suicidé....",0
2013-04-01T14:28:09Z,"Et le penalty de Djordjevic !!! :o
",0
2013-04-01T11:11:42Z,"Et arretez de dire que Suba gagnait du temps, j'y etais au stade et vous l'avez sifflé 2 fois quand il prenait son temps or il y avait a chaque fois des changements.. vous avez été minable, on ne vous a pas entendu. On entendait que vos 2 tambours (qui ont été très fair play EUX !) et quand on voit le match aller je crois que vous plaindre est se foutre de la gueule du monde ! 
",0
2013-04-01T11:05:37Z,Monaco a été minable ? Mais vous vous êtes vu supporters Nantais ?? mdr,0
2013-04-01T10:15:51Z,"j'avais envie de l'arracher Subasic ^^

",0
2013-04-01T07:54:20Z,Nantes et Monoco méritent la LIGUE 1 !!!,0
2013-03-31T20:00:21Z,Les Nantais méritait sérieusement et le gardien de Monaco nous provoquai en Loire donc on ses fait voller encore par larbitre,0
2013-03-31T15:40:24Z,"Chacun son tours :D
",0
2013-03-31T13:08:47Z,ALLER NANTES ! (arbitre de merde sur le match),0
2013-03-31T12:13:18Z,en tout cas sa fais plaisir de voir un match comme avec de l'ambiance aussi belle bravo a vous nantes et bravo au supportaire qui on fais le deplacement  Allez MONACO,1
2013-03-31T12:11:27Z,ba c'est cool sa fais 1 partout niveau arbitre de merde regarde la match allez :) ,0
2013-03-31T11:51:34Z,petit rageur  ,0
2013-03-31T11:22:20Z,"On reparle du match aller ? C'etait exactement ce que tu viens de dire mais pour Monaco, 1-1 partout sur l'arbitrage de merde !",0
2013-03-31T11:20:38Z,"Quel match et surtout le début , ça fait du bien de voir ce genre de match au parfum de L1 , Bien joué aux deux équipes 

Et Ocampos qui fêtent ce but avec les supporters la classe ^^

Daghe munegu <3 ! ",0
2013-03-31T09:57:18Z,"La balle rentre pas sur la dernière occasion, stop de dire des conneries. Surtout pour ceux qui étaient en Loire en bas, on l'a tous vu, il est sur la ligne.
Même si elle rentre un TOUT PETIT PEU c'est pas valable.

Par contre, un péno aurait pu être sifflé sur Djordjevic, c'est sûr.. =|",0
2013-03-31T09:38:02Z,Allez Nantes ! J'y étais au match mais le gardien de Monaco faisait de l'anti-jeu et l'arbitre était nul le premier quart d'heure,0
2013-03-31T09:09:57Z,"Avec l'angle de la caméra on ne voit pas bien mais le ballon doit être rentré intégralement pour qu'il y ait but et là ce n'est pas le cas. Et quel que soit le scénario et le niveau de jeu de Monaco, le résultat est 1-1 et c'est ce qui va faire d'eux le champion de Ligue 2.",0
2013-03-31T09:06:48Z,Arbitre de merde qui a refusé un but de Nantes et n'a pas sifflé un pénalty parfaitement valable et en plus il met un carton pour simulation !!!!!!!!!!!!!!!,0
2013-03-31T08:26:31Z,"Monaco ont été minable sur ce match.
Leur gardien intolérable a gagner tout le temps du temps.
Et l'arbitre ... la balle est rentrer sur la derniere occase 
  ",0
2013-03-31T07:54:45Z,Mais quel beau match ! quel intensite de jeu ! mais que font ces 2 équipes en L2 !!,0
2013-03-30T23:05:42Z,Nantes en L1!!!!,0
2013-03-30T23:01:10Z,ALLEZ NAAAAAANTES ! ♥,0
2013-03-30T23:00:45Z,Preums,0
2013-06-07T18:47:16Z,on est trop fort,1
2013-05-17T21:17:07Z,pff ;(,1
2013-05-16T19:58:36Z,ou pas !! mais nantes oui XD,1
2013-04-08T16:55:29Z,Gg Angers,1
2013-04-07T18:19:12Z,"Bref, on est redescendu sur Terre.",1
2013-04-07T17:13:18Z,Le SCO en ligue1 !!!!!,2
2013-04-07T10:56:09Z,"c sur c sur, la victoire n'est pas volé.",1
2013-04-07T10:07:12Z,enfin la victoire  n est pas volé,1
2013-04-07T07:51:45Z,"Déjà qu'on était dégueulasse sur le terrain, il avait pas besoin de mettre un rouge là-dessus, ya absolument rien, il joue la balle. Djilobodji je peut vous dire qu'il en a mis des plus gros à la Beaujoire. Bref on a été nul et l'arbitre ne nous aide pas beaucoup pour notre fin de saison parce qu'on a plus aucun de nos defenseurs centraux.",1
2013-04-07T07:48:09Z,Déjà qu'on était,1
2013-04-06T22:50:20Z,"très bonne perf des Angevin !!! 
",1
2013-04-07T18:35:49Z,Meme quand y'avais plus personne on vous entendait pas :'),0
2013-03-31T02:12:58Z,"Non le ballon n'est pas rentré, j'ai regardé pas mal de fois l'action, le ballon n'est pas rentré entièrement. ",0
2013-03-30T19:55:33Z,Aller Nantes je suis dégoûté,0
2013-03-30T19:34:07Z,6:46 si elle rentre... :'(,0
2013-03-30T19:15:29Z,"J'aime le moment, où ils disent clairement que il devait y avoir penalty.",0
2013-03-30T18:59:10Z,"Allez Nantes, en + il y a eu un arbitrage pourri",0
2012-11-11T17:47:01Z,"6-1 hahahaaaaaaaaaa
we are anderlecht!!!!!!!",0
2012-11-11T16:47:50Z,LOL,0
2012-11-11T12:15:10Z,You want a cookie?,0
2012-11-11T10:50:51Z,1st,0
2012-10-23T21:36:41Z,score final: 2à0 pour Nantes.,0
2013-07-10T20:01:37Z,Vivement un retour à la Beaujoire et voit de la Ligue 1 !,0
2013-06-20T14:11:45Z,un bon club je rev d'etr ches vous un jour aller le monaco!!!,0
2013-05-14T11:48:16Z,"j'étais même surpris par le parcage de l'asm, le plus nombreux de la saison   à la beaujoire, pas mal pour un club qu'on chambre pour son manque de supporter.",0
2013-04-19T14:55:11Z,"bien
",0
2013-04-15T23:23:38Z,très bonne vidéo étant supporter de l'Asm présent à la beaujoire j'ai était impressionné par votre stade qui avait afficher complet avec une ambiance de folie ! en espérant que les deux club retrouve la ligue 1 l'année prochaine car en ligue 2 ils ne sont pas à leurs places bon courage au Nantais !! ,0
2013-04-03T16:24:59Z,"Vidéo de bonne qualité mais un peu longue, par ailleurs je trouve aussi les commentaires sur l'arbitre un peu déplacé notamment celui par rapport au coup franc à la fin de la premiere période non tiré, c'est assez fréquent aujourd'hui. Sinon gros match des joueurs et grosse ambiance à la beaujoire, un match vraiment sympa malgré quelques actions litigieuses et le poto qui me reste un peu en travers de la gorge...

",0
2013-04-01T19:03:11Z,content d'y etre aller mais selon moi les joueurs on lachés trop tot comme d'habitude,0
2013-04-01T15:53:06Z,"Très belle rencontre, super match, allez les 2 clubs méritent la L1",0
2013-04-01T01:02:09Z,"Des matchs comme celle-ci, ça fait plaisir ! :D 
2 équipes qui méritent totallement la L1 de part leurs histoires et leur jeu.
Sinon sans doute l'un des plus beau match de cette saison dans un stade archi-comble et presque 600 monégasques qui ont fait le déplacement.
Amis nantais rendez-vous l'année prochaine en L1 pour un aussi beau match.
Daghe Munegu ! 

PS : en passant merci pour la vidéo :)",0
2013-03-31T17:28:57Z,"Merci pour la vidéo!
",0
2013-03-31T17:13:27Z,Ptin jmen remet toujours pas du poteau à la dernière minute. On s'appellerai Gingamps elle serai rentrée à tout les coups!,0
2013-03-31T13:55:36Z,J'y étais en Loire c'était cool mais dommage que l'arbitre était pourri et le goal monégasque faisait de l'anti-jeu,0
2013-03-31T13:14:07Z,"pour moi y'a bien pénalty !!
",0
2013-03-31T11:54:23Z,"Encore et toujours merci pour tes vidéos ! Selon moi il y a bien péno, même si Filip en rajoute un peu. Bref, faut être aussi nombreux contre Auxerre, pour les 70 ans du FCN et pour la montée ! Allez les jaunes !",0
2013-03-31T11:29:39Z,"tres jolie les supporteurs!!! un jour je vais à la Beaujoire!! allez Nantes!!
",0
2013-04-27T12:05:23Z,"vive Daft punk et les mauves
",0
2013-04-27T11:19:54Z,WE are rsca,0
2013-03-04T23:09:36Z,what a day was you working for sky sports because you got more of the trophy presentation than they did lol :L,0
