publish_date,title,view_count
2013-05-25T22:00:36Z,FC Istres - FC Nantes (2-2) - Le résumé (FCIOP - FCN) / 2012-13,7284
2012-12-12T14:05:17Z,Damien Koffi Chrysostome - Highlights,179
2013-04-16T10:00:25Z,Châteauroux - FC Nantes (0-4) - Le résumé (LBC - FCN) / 2012-13,13024
2013-02-23T20:24:11Z,But de Fernando Aristeguieta lors du match FCN / Le Havre 23.02.2013,1827
2012-08-13T00:14:58Z,But RINCON (34&#39; csc) - ESTAC Troyes - Valenciennes FC (0-1) / 2012-13,1965
2013-04-21T19:15:25Z,Interview de fin de match : FC Sochaux-Montbéliard - Girondins de Bordeaux (2-2) / 2012-13,337
2012-12-02T15:21:03Z,Interview de fin de match : Girondins de Bordeaux - FC Sochaux-Montbéliard (2-2) / 2012-13,559
2013-04-21T19:07:09Z,Interview de fin de match : Stade de Reims - Valenciennes FC (0-1) / 2012-13,168
2012-12-02T15:36:25Z,Conférence de presse Valenciennes FC - Stade de Reims (1-0) / 2012-13,300
2013-04-21T19:25:39Z,Conférence de presse Stade de Reims - Valenciennes FC (0-1) / 2012-13,274
