publish_date,title,view_count
2013-03-14T22:57:19Z,Adrien TREBEL Interview - Vidéos Fc Nantes,3135
2013-02-10T10:32:23Z,Nantes arles (1-1) Trebel,620
2013-02-02T17:18:47Z,PERLE TREBEL VIDEO,1293
2012-10-23T10:00:22Z,FC Nantes - Dijon FCO (2-0) - Le résumé (FCN - DFCO) / 2012-13,16151
2013-05-25T22:00:36Z,FC Istres - FC Nantes (2-2) - Le résumé (FCIOP - FCN) / 2012-13,7284
2012-12-01T23:00:17Z,FC Nantes - Chamois Niortais (0-0) - Le résumé (FCN - NIORT) / 2012-13,1738
2013-01-12T19:38:21Z,FC Nantes - Nîmes Olympique (1-2) - Le résumé (FCN - NIMES) / 2012-13,4687
2013-03-31T11:23:56Z,FC Nantes AS Monaco (Tribune Loire),1451
2013-05-21T15:32:23Z,En pleine préparation,66
2013-05-07T10:00:27Z,FC Nantes - Clermont Foot (0-1) - Le résumé (FCN - CFA) / 2012-13,8353
2013-03-30T23:00:14Z,FC Nantes - AS Monaco FC (1-1) - Le résumé (FCN - ASM) / 2012-13,18576
2013-04-06T22:00:13Z,Angers SCO - FC Nantes (2-0) - Le résumé (SCO - FCN) / 2012-13,15996
2013-04-01T14:56:13Z,Nantes-Monaco 30/03/13 - Après-match (on vous lâchera jamais/ stade vide),784
2013-04-01T15:06:15Z,Nantes-Monaco 30/03/13 - Après-Match (on va gagner le championnat),894
2013-04-01T15:18:25Z,Monaco-Nantes 30/03/13 - Entrée des joueurs,560
2013-03-30T18:49:56Z,Conférence de presse FC Nantes - AS Monaco FC (1-1) / 2012-13,629
2013-03-31T11:46:19Z,Les réactions après FC Nantes - AS Monaco - Vidéos Fc Nantes,448
2012-10-31T22:48:21Z,Eerste klasse 2006/07 - 04/08/2006 - Standard Liège-Charleroi 1-2 - gol di Théréau,253
2013-02-08T20:35:52Z,Résumé Toulouse FC - FC Nantes 2005-06,999
2012-10-06T22:25:42Z,2012 Super League Grand Final,131
2013-05-20T15:15:40Z,RSCA vs standard mai 2013,116
2012-12-08T14:51:47Z,standard charleroi 7-12-2012 2012 6-1,386
2013-02-03T01:37:25Z,Chelsea FC lift Premier League Trophy 2010,157
2012-11-11T10:05:14Z,WIN: Vip bij Kinepolis!,1714
2013-03-13T21:39:13Z,L&#39;entraînement du jour - Vidéos Fc Nantes,401
2012-12-28T09:39:37Z,Adieu de Biglia au RSCA,518
2013-05-17T11:57:52Z,Ligue 2 / Nantes touche au but - 17/05,300
2012-10-21T09:46:53Z,"L2 : NANTES DIJON, le point avant le match",192
2013-01-02T15:05:52Z,Anderlecht 1-3 Milan ; Curva (2),48
2013-03-10T12:45:04Z,Les Buts FC Nantes - GFC Ajaccio - Vidéos Fc Nantes,495
2013-04-29T15:50:11Z,Defour aftrap Standard-Zulte,237
2012-11-11T22:35:22Z,LVDR&amp;B 1.5 - Spéciale LEDEN - (L2) ASMFC-FCN,118
2013-05-13T22:03:33Z,Celtic FC lift spl trophy season 2012/13,38
2012-12-12T16:35:37Z,Standard - Charleroi 6-1 Yoni Buyens,353
2013-03-31T10:54:38Z,FC Nantes 1-1 AS Monaco Samedi 30 Mars 2013 (Vidéo non officielle),13187
2012-09-17T17:51:07Z,Logan Dender,44
2012-10-15T10:19:55Z,Edukick FRANCE - Hidalgo International Football Academy,115
2013-04-27T09:45:48Z,Interview Herman Van Holsbeeck (FR),1652
2013-04-11T18:23:38Z,Néstor Fabbri (ex futbolista),357
2013-02-28T18:31:48Z,Bradford City v Swansea City trophy presentation 24-2-13,127
2013-04-14T16:33:52Z,Interview de Vincent BESSAT - Vidéos Fc Nantes,1141
2013-02-14T22:01:01Z,Joueur du mois de janvier VOOfoot DH - Michy Batshuayi,911
