published-time,comment,likes
2013-07-15T09:12:46Z,"Ce qui est énervant c'est que c'est toujours celui qui est 3ème en ligue2 et qui monte et qui descends la saison d'après ! Maintenant à nous de montrer qu'on peut rester dans l'élite !
",0
2013-05-27T16:51:21Z,Bon allez l'essentiel c'est la montée meme si sa fait ch... pour la 2ème place que guinguamp nous taxe a la derniere journee !!! Plus réalistes que nous !!!,0
2013-05-27T10:30:29Z,putin la victoire volé on passe derière guimgam du cou -- !!,0
2013-05-26T11:10:45Z,"allez le fc nantes!!!!!!! vous etes les meilleurs
",0
2013-04-24T12:50:29Z,Jespere vous voir en l1 lannee prochaine les nantais!! D'un lyonnais,1
2013-04-18T12:00:42Z,J'espère aussi allez Nantes et que Lens nous rejoigne la saison prochaine !!!,1
2013-04-16T23:25:36Z,Pourquoi la vidéo n'est pas commentée ?,1
2013-04-16T19:29:07Z,"J'espère que vous allez rester le plus longtemps en ligue 1, car vous l'avez bien mérité !, un supporter lensois
",1
2013-04-16T18:44:54Z,J'espère qu'il va y avoir la L1 au bout car cette année ça serai vraiment les boules de terminer 4 e,1
2013-04-16T18:20:03Z,GG les gars ! ,0
2013-04-16T17:07:56Z,alllllllllllllllllllllllllllllllllllllllEEEEZ NANTES <3<3<33<3<3<3333,0
2013-04-16T16:25:09Z,C'est saaaaaaaaaaa !!! ,0
2013-04-16T15:10:48Z,G vue le match la berri était nul,0
2013-04-16T10:31:33Z,"Allez Nantes Samedi RDV pour tous les supporter pour les 70 Ans
",0
2013-04-16T10:01:24Z,Allez on continue sur cette lancée :),0
2013-05-13T23:11:52Z,"El Colorado !
",0
2013-03-20T18:41:23Z,nantes en ligue 1,0
2013-04-21T19:39:25Z,Comme une envie de tuer casillas,0
2013-04-21T19:23:25Z,N'imp obraniak! Sochaux a eu plus d'occasions et un poteau!,0
2012-12-02T21:44:20Z,"poujol qui marque sa représente bien l'aveyron et la lozere !!
",0
2012-12-02T15:23:22Z,"First !!!!!!!!!!!!!!!!!!!!!
",0
2013-04-21T21:24:02Z,Aller le Stade de Reims !!! 3 :-D,0
