publish_date,title,view_count
2013-04-13T22:00:15Z,Chamois Niortais - Angers SCO (0-0) - Le résumé (NIORT - SCO) / 2012-13,1372
2013-04-27T22:00:13Z,Chamois Niortais - FC Nantes (0-1) - Le résumé (NIORT - FCN) / 2012-13,6593
2013-05-18T22:00:11Z,Chamois Niortais - Nîmes Olympique (2-0) - Le résumé (NIORT - NIMES) / 2012-13,2100
2013-03-09T23:00:19Z,Chamois Niortais - RC Lens (0-0) - Le résumé (NIORT - RCL) / 2012-13,1483
2013-05-11T22:00:12Z,CS Sedan - Chamois Niortais (0-2) - Le résumé (CSSA - NIORT) / 2012-13,2201
2013-04-06T22:00:13Z,AS Monaco FC - Chamois Niortais (1-1) - Le résumé (ASM - NIORT) / 2012-13,3929
2013-05-04T22:00:10Z,Chamois Niortais - AJ Auxerre (0-1) - Le résumé (NIORT - AJA) / 2012-13,2570
2012-08-29T03:06:19Z,Niort - Monaco Coupe de la Ligue,61
2013-03-30T23:00:13Z,Chamois Niortais - GFC Ajaccio (2-1) - Le résumé (NIORT - GFCA) / 2012-13,2199
2013-03-17T14:47:44Z,Havre AC - Chamois Niortais (2-1) - Le résumé (HAC - NIORT) / 2012-13,2333
2013-04-20T22:00:15Z,Châteauroux - Chamois Niortais (1-0) - Le résumé (LBC - NIORT) / 2012-13,1207
