published-time,comment,likes
2013-02-24T09:30:46Z,Le but est totalement valable ! C'est ce qu'on appelle se faire voler,1
2013-04-01T14:38:12Z,"Les Auxerrois qui disent ""fuck Dijon"" c'est tellement ridicule :') 
Les dijonnais ont soutenu Auxerre durant ses belles années et maintenant Auxerre se croit supérieur à tout le monde.",0
2013-03-31T10:51:12Z,"AjA <3 
fuck dijon !!!!",0
2013-02-23T21:09:35Z,Dage Munegu,0
2013-02-21T09:12:52Z,DAGHE MUNEGU,0
2013-02-19T17:16:29Z,C'est bien sans les commentaires audio,0
2013-02-20T14:59:17Z,"c'est moche comme but tout de même ....
",0
2013-02-02T11:23:53Z,Lalaina se ballade dans la surface :) on aurait dû gagner ce match !,0
2013-01-31T19:08:28Z,Il sont ou les 2 penaltys non sifflés pour Lens dans le résumé ?,0
2013-01-29T17:08:50Z,"Un magnifique coup franc pour ouvrir le score et un deuxième but évitable, quasi gag pour faire le break. En tout cas, bravo aux joueurs de Dijon qui ont réussi à mettre fin à notre belle (quoique peu victorieuse) série d'invincibilité.",0
2013-01-29T16:03:24Z,Enorme match de Nomenjanahary ! ,0
2013-04-20T22:03:39Z,Dijon a ete meilleur alors que laval na rien foutu fuck laval!!!!!,0
2013-03-22T17:43:23Z,ALLEZ LAVAL!!,0
2012-11-25T10:08:04Z,ohhh vous avez fumé quoi ??? Dijon a dominé qui ? Il manque au moins 3 ou 4 grosses actions lavalloises la ! Du grand n'importe quoi ! ,0
2012-11-25T09:44:05Z,Dijon n'a pas dominé autant que les commentaires le disent.,0
2012-11-25T09:26:24Z,Yeahhhh super victoire !!,0
2013-06-01T21:58:47Z,Venez sur ma chaine pour voir ma vidéo du top des buts du DFCO en 2012-2013 ;) Merci,0
2013-01-08T17:03:47Z,"AUXERROIS <3
",0
2013-01-02T21:25:53Z,T'habite a Dijon ?,0
2012-12-22T10:22:40Z,0:57 c'est une tete de Koné et non pas de Tavares,0
2012-12-12T16:51:34Z,"DIJONNAIS
",0
2012-12-08T22:44:25Z,Allez Dijon! ,0
2013-04-26T08:48:14Z,Aller SCO,0
2013-03-16T11:41:33Z,Dijon 3,0
2013-02-04T01:07:24Z,ya surtout beaucoup de but,0
2012-10-16T12:07:37Z,"allez les diambars
",0
