publish_date,title,view_count
2013-02-23T23:00:14Z,Clermont Foot - Dijon FCO (0-0) - Le résumé (CFA - DFCO) / 2012-13,966
2012-11-03T23:58:17Z,Châteauroux - Dijon FCO (2-2) - Le résumé (LBC - DFCO) / 2012-13,2122
2012-12-22T23:16:45Z,AC Arles Avignon - Dijon FCO (1-1) - Le résumé (ACA - DFCO) / 2012-13,2242
2013-03-30T23:00:13Z,AJ Auxerre - Dijon FCO (0-0) - Le résumé (AJA - DFCO) / 2012-13,1750
2013-02-19T11:00:50Z,Dijon FCO - AS Monaco FC (0-2) - Le résumé (DFCO - ASM) / 2012-13,8383
2012-12-15T23:00:13Z,Dijon FCO - FC Istres (3-1) - Le résumé (DFCO - FCIOP) / 2012-13,2353
2013-02-19T02:55:27Z,CS Sedan - Dijon FCO (0-1) - Le résumé (CSSA - DFCO) / 2012-13,881
2013-01-29T11:01:43Z,Dijon FCO - RC Lens (2-1) - Le résumé (DFCO - RCL) / 2012-13,4967
2013-03-02T23:00:14Z,Dijon FCO - Chamois Niortais (1-1) - Le résumé (DFCO - NIORT) / 2012-13,1797
2012-11-24T23:00:15Z,Stade Lavallois - Dijon FCO (3-0) - Le résumé (LAVAL - DFCO) / 2012-13,2666
2012-12-01T23:00:32Z,Dijon FCO - SM Caen (1-0) - Le résumé (DFCO - SMC) / 2012-13,3400
2013-03-09T23:00:20Z,Angers SCO - Dijon FCO (3-3) - Le résumé (SCO - DFCO) / 2012-13,7109
2013-02-02T23:00:13Z,Havre AC - Dijon FCO (3-0) - Le résumé (HAC - DFCO) / 2012-13,3899
2012-11-10T23:00:16Z,Dijon FCO - Nîmes Olympique (2-1) - Le résumé (DFCO - NIMES) / 2012-13,1450
2013-02-21T19:46:05Z,But | Football | Park Futbol | Ouziin,83
2013-06-04T13:27:29Z,mido cv dvd,85
2012-10-12T21:20:36Z,Emmanuel Gomis,6836
2013-02-04T00:30:19Z,Djiby Ndiaye Diambars,2288
2012-08-12T23:25:53Z,fiche joueur KHASSIM SOUMARÉ,3605
2012-12-14T04:54:15Z,matar fall diambars,258
2012-10-18T20:48:53Z,mame abdou ndoye&#39;s best saves 11/12,184
