published-time,comment,likes
2012-12-12T16:41:15Z,"moi chuis a fond pour dijon mais la javou que les nantais ont etes plus fort
",1
2012-12-10T22:12:57Z,Le tacle de Bamba est inadmissible !,0
2012-12-03T21:12:28Z,Nantes va allez en Ligue 1 ( De la part D'un Supporters Marseillais ),1
2012-11-01T23:17:20Z,Allez NANTES!! <3 Direction la ligue1!!,1
2012-11-01T20:48:48Z,Allez les jaunes!!!!!,1
2012-10-23T13:46:06Z,Vive Nantes !!!,1
2013-05-15T14:44:28Z,ta pas d'ambitions dans ta vie?,0
2013-06-01T21:48:02Z,"2:59, quelle belle image ;) Allez Dijon, la ligue 1 c'est pour nous l'année prochaine !",0
2013-04-06T18:12:29Z,Ferme ta gueule ,0
2013-03-30T11:34:44Z,Allez Dijon ! xD,0
2013-03-29T15:12:55Z,"Bien dit et ALLER DIJONNNNNNNNNNNNNNNN
",0
2013-03-24T15:05:39Z,"Rémy Riou très très bizarre sur les buts.. Trop avancé, nonchalant... Ca cache quelque chose.",0
2013-03-22T16:07:22Z,"le terrain n'y peu rien car la greke est tombée 30 minutes avant le coup d'envoi comment voulez vous qu'il s'occupe du terrain a temps ?

",0
2013-03-22T15:14:11Z,"Allez l'OL !
Bravo à Dijon.",0
2013-03-22T08:11:45Z,"Ce n'est pas le terrain bande d'inculte qui est nul !
Ce sont les conditions climatiques.. comment voulez vous que après un orage ou y est tomber 2cm de grêlons que le terrain soit jouable ?! 
Le terrain a été refait y a pas longtemps pour la Ligue 1 donc y a un an même ... 
Et les supporters pour info , en L1 on a été premier du championnat des tribunes l'an dernier, autant par le remplissage que par l'ambiance, avant de parler svp cultiver vous ... MERCI ALLEZ DIJON !",0
2013-03-20T07:36:06Z,Déçu du FCN mais il fait avouer que Dijon a proposé un beau spectacle sur un terrain catastrophique!,0
2013-03-19T20:17:04Z,Terrain nul !,0
2013-03-19T19:54:49Z,"3 but en 10 minutes franchement epic allez dijon
",0
2013-03-19T18:22:43Z,Pape Paye........,0
2013-03-19T17:48:06Z,"Putain je suis dèg' xD
Bien ouèj dijon ;)",0
2013-03-19T17:00:15Z,"sinon terrain super glissant lol
",0
2013-03-19T15:20:33Z,"allez dijon on passe en ligue 1
",0
2013-03-19T12:04:15Z,Pourquoi ?,0
2013-03-19T11:20:50Z,"pauvre france (en football , mais pas que ça )",0
2013-01-19T18:42:01Z,trop fort mon cousin a moi aussi tu peux etre fier de toi continue ainsi moi (marine) et léa on te supporte fort a carpantras. vive les philippoteaux,1
2013-01-16T08:37:34Z,romain mon cousin jsui trop fier de toi !! revien moi vite la famille quon fete tous sa meme si on la deja féter ;) lache rien c toi le meilleur depuis petit jte le di lache rien rien riennnnn !!! jtembrasse la famille jtappel ce soir ,1
2013-01-14T16:23:45Z,Le Buteur d'Apt c'est le meilleur ! ,1
2013-01-12T22:38:29Z,cette chaine fait du bon boulot,1
2013-02-24T09:30:46Z,Le but est totalement valable ! C'est ce qu'on appelle se faire voler,1
2013-06-20T11:50:28Z,Caen !!!!!,0
2013-05-04T17:39:15Z,"Allez Dijon. Vous pouvez remonter. Je m'en rappelle encore au stade Gaston Gérard en Ligue 1 ""DIJONNAIS"" :)",0
2013-05-02T08:57:09Z,"Dijon à fait le jeu ?! Pas du tout j'étais match, ils ont eu 2 occasions franche et ils l'es ont mis c'est tout alors que les Caennais avait l'occasion de tué le match mais avec notre attaquant Nabab qui rentre à la place de Duhamel, ce mec ne marque jamais, quand il centre ça attérri à l'opposer en touche, je crois bien qu'on va ce cotiser pour acheter des pieds à Nabab ! --' Bien jouer à Dijon d'avoir su profiter de la fébrilité des Caennais qui sont censé être la meilleur défense de L2 ! ",0
2013-04-30T09:06:47Z,Allez NO,0
2013-04-28T10:12:50Z,"Et encore ya pire, celui de bayern barça par exemple.
",0
2013-04-28T08:41:17Z,Merci l'arbitre.,0
2013-04-28T07:59:16Z,Dijon !!!!!,0
2013-04-28T07:21:17Z,"Caen ne mérite plus la monté à faire match nul avec la supériorité numérique, ils ne vont rien faire en Ligue 1",0
2013-04-27T22:29:39Z,"Chaperon est ""le héros du match"", Dal O'Glio avait bien raison. Inadmissible d'avoir des arbitres ""pro"" comme ça à un tel niveau.",0
2013-04-01T14:38:12Z,"Les Auxerrois qui disent ""fuck Dijon"" c'est tellement ridicule :') 
Les dijonnais ont soutenu Auxerre durant ses belles années et maintenant Auxerre se croit supérieur à tout le monde.",0
2013-03-31T10:51:12Z,"AjA <3 
fuck dijon !!!!",0
2013-02-02T11:23:53Z,Lalaina se ballade dans la surface :) on aurait dû gagner ce match !,0
2013-01-31T19:08:28Z,Il sont ou les 2 penaltys non sifflés pour Lens dans le résumé ?,0
2013-01-29T17:08:50Z,"Un magnifique coup franc pour ouvrir le score et un deuxième but évitable, quasi gag pour faire le break. En tout cas, bravo aux joueurs de Dijon qui ont réussi à mettre fin à notre belle (quoique peu victorieuse) série d'invincibilité.",0
2013-01-29T16:03:24Z,Enorme match de Nomenjanahary ! ,0
2013-05-21T16:19:52Z,trop le feu d' artifise ,0
2013-04-20T22:03:39Z,Dijon a ete meilleur alors que laval na rien foutu fuck laval!!!!!,0
2013-03-22T17:43:23Z,ALLEZ LAVAL!!,0
2012-11-25T10:08:04Z,ohhh vous avez fumé quoi ??? Dijon a dominé qui ? Il manque au moins 3 ou 4 grosses actions lavalloises la ! Du grand n'importe quoi ! ,0
2012-11-25T09:44:05Z,Dijon n'a pas dominé autant que les commentaires le disent.,0
2012-11-25T09:26:24Z,Yeahhhh super victoire !!,0
2013-04-26T08:48:14Z,Aller SCO,0
2013-03-16T11:41:33Z,Dijon 3,0
2013-05-11T07:52:05Z,"Et encore, l'olympique U13 .
J'ai été voir Sedan-Niort hier ... Une catastrophe ! J'ai arbitré un match de débutant et ils ont fais les même erreurs . Officiellement relégués .",0
2013-05-05T21:15:38Z,Allez Sedan :(,0
2013-05-05T10:22:06Z,First !!!,0
2013-02-04T01:07:24Z,ya surtout beaucoup de but,0
2013-06-01T21:58:47Z,Venez sur ma chaine pour voir ma vidéo du top des buts du DFCO en 2012-2013 ;) Merci,0
2013-01-08T17:03:47Z,"AUXERROIS <3
",0
2013-01-02T21:25:53Z,T'habite a Dijon ?,0
2012-12-22T10:22:40Z,0:57 c'est une tete de Koné et non pas de Tavares,0
2012-12-12T16:51:34Z,"DIJONNAIS
",0
2012-12-08T22:44:25Z,Allez Dijon! ,0
2013-04-12T14:26:57Z,bj chateauroux,0
2013-04-08T16:08:57Z,"chateauroux merite surtout de perdre
",0
2013-04-07T05:53:55Z,bravo Romano :) ,0
2013-07-20T18:15:46Z,Putain d'auxerrois de *****,2
2013-06-02T21:46:59Z,Dijon en jaune ?!?!,1
2013-05-31T09:50:09Z,Trop,1
2013-05-29T16:16:51Z,"Même pour les coupes : Nantes, Rennes, Lorient, Guingamp, Vannes, Brest ... (dites si j'en oublie)",0
2013-05-26T11:26:17Z,Ca va faire de sacrés derbys en ligue 1..,1
2013-05-26T05:27:45Z,C'était dingue au Roudourou!!! EAG<3,3
2013-05-25T22:03:33Z,Bien joué EAG (de la part d'un dijonnais) :D,4
2013-03-20T16:09:55Z,"DFCO ! Les meileurs !
",0
2013-03-19T11:52:23Z,Aller Dijon ! :D ,0
2013-03-19T11:45:28Z,"pareil il le faut pour se racheter on as pas le choix
",0
2013-03-19T05:36:11Z,Je suis decu du match j'espere qu'il vont se rattrapé contre Monaco.,0
2013-03-19T02:03:31Z,Allez Nantes reprenez vous samedi contre Monaco !,0
2013-06-23T22:34:16Z,"i son ou les sous d el arabi ???
",0
2013-06-10T14:17:17Z,"Je suis d'accord ça se fait pas, mais j'y ai pas vu de mauvaises intentions.. Il a juste pas réfléchi.",0
2013-04-16T21:55:43Z,Digne ne voulait pas cracher dessus prk vous cherchez la merde ?,0
2013-03-29T06:25:40Z,J'espère que tu restera à l'etg,2
2013-03-29T06:25:14Z,Bon rétablissement Sidney,2
2013-03-27T18:23:53Z,pfffffffffffffffffffffffffffffffffffffffffffffffffffffffffffffffffff,0
2013-03-23T15:10:41Z,Il lui crache pas dessus mais là il crache à coté alors que le mec s'est pété sa jambe :/,0
2013-03-23T14:08:30Z,Comment t'arrives à voir qu'il lui crache dessus?,0
2013-03-23T12:31:54Z,"0:46 C'est quoi ce connard de Digne qui crache à coté de Govou !

",1
2013-03-22T14:29:22Z,Presque pareil que Jérémie clément,0
2013-03-20T21:10:02Z,"Ne parlez pas de Sid au passé, il va revenir c'est un battant, un gagnant vous verrez, il reviendra. Je crois en sa rapide guérison c'est un ancien Lyonnais, 
Courage et bon rétablissement !!!!!!! 
A bientôt sur les terrains de L1 !!!
Clarisse de Mulhouse.",0
2013-03-20T19:49:46Z,T as aucun respect postez un commentaire sur une vidéo comme ça bordel ...  Et sinon bon rétablissement pour Sidney,0
2013-03-20T12:49:39Z,Trop dommage tes but on rythmé mon enfance avec ceux de Juni et Wiltord remet toi bien,0
2013-03-20T12:27:14Z,"putain mais t con il veut dire que c'était un lyonnais putain réfléchi avant de parler mec.. :/
 ",0
2013-03-20T11:16:24Z,AIE C'EST VRAI UN COUP DUR C'EST DE MES POTE ET LA IL SOUFFRE !!!!,0
2013-03-19T22:41:02Z,a force de sortir picoler au mieux de s'entrainer sa devait arriver!,0
2013-03-19T21:11:09Z,"Euh non .... il a jouer a lyon , nuance ",0
2013-03-19T20:34:22Z,Eh petit gregoire de mes couilles lyon c est la plus belle ville du monde alors fuck you,0
2013-03-19T20:01:13Z,"ICI C'EST.........PARIS

ICI C'EST.........PARIS",0
2013-03-19T19:16:56Z,Connard de lyonnais,0
2013-03-19T16:25:18Z,C'e n'est pas parce que c'est un Lyonnais que il va résister à cette blessure vu son age .,0
2013-03-19T15:31:52Z,"Merci pour tout Syd' 
LYON t'aime On ne t'oublie pas !!",5
2013-03-19T14:33:23Z,"En effet, nous n'entendons pas les applaudissements mais ceux qui étaient au stade cette soirée là peuvent te le confirmer. 
Sinon le contexte n'étais pas le même contre le Rennes. Et, on pouvait pas savoir qu'il étais blessé vu qu'il courrait encore...",0
2013-03-19T14:28:30Z,"En général, dans ce genre de contexte (quand tu mènes) tu as plutôt tendance à rester à terre après un choc. Les ""tuez le"" étais avant que le brancard arrive. Mais quand le brancard est arrivé là tu te rend compte que ce n'est pas de le comédie...

De plus les vidéos de ""ligue 1 fr"" ne sont pas très bien coordonnées entre le son et l'image si tu écoutes bien les autres vidéos lors de redif' de but ou autre.",0
2013-03-19T13:27:45Z,:) J'y était en temps que secouriste lors de la blessure de ce joueur dommage  pour sa blessure je ne suis pas spécialement fan de foot mais bravos a mes collègues de la Protection Civile qui on effectuer ce brancardage ,8
2013-03-19T08:44:41Z,J'aimerais bien te voire pour pouvoir te mettre un gentil féssé consanguine. Ne confond pas 59 et 62 ou alors ne parle de ce que tu ne connait pas. GRANDIT.,0
2013-03-19T08:42:28Z,"J'était au grand Stade ce jour là, et je peux vous affirmer que Govou a était applaudit quand il est sortit. J'était en présidentiel et on était tous debout. ",1
2013-03-19T04:00:36Z,Ce public consanguin que l'on entend derrière...c'est beau,0
2013-03-18T23:46:22Z,"j etais au match moi. le publique a dit tué le car c etait la 89eme minutes et  qu'a chaque fois qu'un joueur d'Evian etait par terre,l arbitre sifflait faute ce qui nous a fortement. puis quand il est sortit, on a applaudit. mais on l entend pas dans la video...hein",0
2013-03-18T22:08:26Z,J ai eu exactement la meme blessure au foot je peu vous dire que sa vous fait bizar de voir votre rotule a un autre endroit sur le cou sa fait pas mal mais il a sentis qu'il c passer un truc pendant le contact et c est impréssionant quand tu vois ton genoux comme sa plus ligament déchiré la saison est fini c est sur mais la carriere pas obligatoirement j ai réussi a rejouer au foot et j ai pas eu le mm chirurgien bon rétablissement a lui et respect a sa grande carriére ligue 1,0
2013-03-18T22:07:13Z,"J'ai plutôt l'impression d'entendre ""et tué le et tué le..."" ",2
2013-03-18T21:19:38Z,"Allez Ol <3
",3
2013-03-18T20:51:55Z,"Merci Sidney pour tout ce que tu as pu apporter à nous, supporter Lyonnais, je me souviens encore de tes buts, comme celui contre marseille, lors du 5-5, je t'ai toujours soutenu, je le dis, tu es pour moi, mon joueur préféré de Lyon. Je suis content de l'experience que tu as pu apporté à ETG par la suite. Toi qui voulait encore faire 2/3 saisons, j'éspère que tu pourras, car tu mérites de finir ta carrière de la meilleure des façons possible, car tu es un joueur exeptionnel. Merci Sidney.",2
2013-03-18T20:50:39Z,fallait rester a lyon :(,0
2013-03-18T20:29:47Z,Sa carriere est foutu dommage je garderai en souvenir son maillot numéro 14 de l ol ...,0
2013-03-18T18:45:23Z,La pub avec la fausse blessure de casillas et son put*** de shampoing contraste avec ces images insoutenables d'un monument du football francais qui va surement devoir arreter sa carrière la dessus ... Ce joueur a fait mon enfance a l'OL avec Wiltord Juninho Anderson. Bon rétablissement.,0
2013-03-18T18:30:24Z,C'est pas pour fair mauvaise langue mais ca les arenger bien quand meme lille commencer a revenir...(je suis lillois),0
2013-03-18T18:22:43Z,bien dit,0
2013-03-18T18:20:40Z,le problème c que le les lyonais il sont nuls,0
2013-03-18T17:36:47Z,LOL,0
2013-03-18T17:16:26Z,"Bon rétablissement Sidney, et merci pour ce beau match :-) allez les croix !",1
2013-03-18T16:42:00Z,"pauvre govou bon retablissement et allez le losc
",0
2013-03-18T16:40:09Z,sa arrive qu'a des ancien lyonnais apres Clement c au tour de Govou,0
2013-03-18T16:39:10Z,"Brandao aurait pu faire la même chose sur Sylva, mais il n'aura aucunes sanctions ! honteux",0
2013-03-18T16:16:47Z,Syd <3,0
2013-03-18T16:09:09Z,"me fait penser à ça :/watch?v=vgPHLu7p_Ko&list=FL3asUwFIRQGC44UxtAtNmaw&index=2
",0
2013-03-18T15:53:22Z,"Juste avant la vidéo il y avait la pub head & shoulder avec casillas ,il sait quoi faire maintenant govou .",0
2013-03-18T15:43:45Z,Il devrait monter un club  avec jérémy clément :D ,3
2013-03-18T14:50:23Z,:(,2
2013-03-18T14:02:03Z,Sa carrière n'est pas terminer !! C un lyonnais !!!,0
2013-03-18T12:26:18Z,"Courage Sidney.

Allez Paris !!!",2
2013-03-18T12:05:03Z,Mais pourquoi il tente ce geste !!,0
2013-03-18T11:11:04Z,"Bon rétablissement Gov.

Un Lyonnais.",2
2013-03-18T10:31:44Z,Carrière terminer. Il aura été un très bon footballeur. Il est sorti sous les applaudissement du Grand Stade (mais sa on ne le dit pas hein ...),0
2013-03-18T10:22:31Z,"le pauvre!!!
",0
2013-03-15T19:21:29Z,"mdr!!
",0
2013-03-08T18:52:10Z,horrible tacle pauvre clément,0
2013-03-07T20:46:36Z,"j'veux dire , il merite de prendre beaucoup , mais voila quoi..",0
2013-03-07T20:45:24Z,il s'en veut faut pas souhaiter son malheur aussi ...,0
2013-03-06T20:15:03Z,"Moi ki est lyonnais , je sui vraiment dsl pour clement parce qu'il est handicapé pour surement toute sa vie. C'est vraiment degueulasse ces genres de fautes et pour ceux qui disent que c est une simulation , je vais devenir un fan de clement pour qu il m aprennent comment faire :-P",0
2013-03-06T12:02:31Z,"je pense qu'il rigolais x) 
ou sinon faut qu ice soigne! ",0
2013-03-04T16:11:27Z,ta raison,0
2013-03-04T16:11:03Z,ouia,0
2013-03-04T16:10:52Z,il et con,0
2013-03-03T14:18:51Z,jte fait la meme on va voir si tu simule OK? ;),0
2013-03-03T10:59:43Z,Assasin j'espère que le niçois va prendre beaucoup de match de suspension !!,0
2013-03-03T01:03:11Z,Regardez bien la jambe droite de Jeremy Clément. Vous croyez vraiment qu il simule? Résultat : fracture ouverte tibia péroné. Bon rétablissement a Jeremy. La il en a pour 6 mois au moins c est vraiment regrettable des tacles de cette brutalité.,0
2013-03-03T00:22:38Z,"Je pense que tu aurais besoin d'apprendre à faire la différence entre la réalité et l'humour . 
Peace",0
2013-03-02T23:55:53Z,"Ya rien ya simulation il devrai y avoir rouge pour clement, ya aucune faute, le rouge de eysseric est un scandale.",0
2013-03-02T23:40:28Z,toi je crois que t'as un vrais soucis... si sa t’excite ce genre de truc tu peut le garder pour toi je crois... ,0
2013-03-02T23:26:55Z,T con toi,0
2013-03-02T23:26:30Z,Cooooooool :D,0
