publish_date,title,view_count
2012-10-23T10:00:22Z,FC Nantes - Dijon FCO (2-0) - Le résumé (FCN - DFCO) / 2012-13,16151
2012-11-03T23:58:17Z,Châteauroux - Dijon FCO (2-2) - Le résumé (LBC - DFCO) / 2012-13,2122
2013-05-11T22:00:11Z,FC Istres - Dijon FCO (2-3) - Le résumé (FCIOP - DFCO) / 2012-13,2777
2013-03-19T11:01:19Z,Dijon FCO - FC Nantes (3-1) - Le résumé (DFCO - FCN) / 2012-13,11282
2013-01-12T19:54:44Z,Dijon FCO - Le Mans FC (3-0) - Le résumé (DFCO - LEMANS) / 2012-13,3850
2013-02-23T23:00:14Z,Clermont Foot - Dijon FCO (0-0) - Le résumé (CFA - DFCO) / 2012-13,966
2013-04-27T22:00:13Z,SM Caen - Dijon FCO (2-2) - Le résumé (SMC - DFCO) / 2012-13,12547
2013-03-30T23:00:13Z,AJ Auxerre - Dijon FCO (0-0) - Le résumé (AJA - DFCO) / 2012-13,1750
2012-12-22T23:16:45Z,AC Arles Avignon - Dijon FCO (1-1) - Le résumé (ACA - DFCO) / 2012-13,2242
2013-03-02T23:00:14Z,Dijon FCO - Chamois Niortais (1-1) - Le résumé (DFCO - NIORT) / 2012-13,1797
2012-12-15T23:00:13Z,Dijon FCO - FC Istres (3-1) - Le résumé (DFCO - FCIOP) / 2012-13,2353
2013-01-29T11:01:43Z,Dijon FCO - RC Lens (2-1) - Le résumé (DFCO - RCL) / 2012-13,4967
2013-05-18T22:00:11Z,Dijon FCO - AC Arles Avignon (2-3) - Le résumé (DFCO - ACA) / 2012-13,3417
2012-11-24T23:00:15Z,Stade Lavallois - Dijon FCO (3-0) - Le résumé (LAVAL - DFCO) / 2012-13,2666
2013-03-09T23:00:20Z,Angers SCO - Dijon FCO (3-3) - Le résumé (SCO - DFCO) / 2012-13,7109
2013-05-04T22:00:10Z,Dijon FCO - CS Sedan (4-2) - Le résumé (DFCO - CSSA) / 2012-13,5786
2013-04-13T22:00:15Z,Nîmes Olympique - Dijon FCO (1-1) - Le résumé (NIMES - DFCO) / 2012-13,1260
2013-02-02T23:00:13Z,Havre AC - Dijon FCO (3-0) - Le résumé (HAC - DFCO) / 2012-13,3899
2012-12-01T23:00:32Z,Dijon FCO - SM Caen (1-0) - Le résumé (DFCO - SMC) / 2012-13,3400
2013-04-06T22:00:13Z,Dijon FCO - Châteauroux (1-1) - Le résumé (DFCO - LBC) / 2012-13,1835
2012-11-10T23:00:16Z,Dijon FCO - Nîmes Olympique (2-1) - Le résumé (DFCO - NIMES) / 2012-13,1450
2012-10-27T22:00:12Z,Dijon FCO - AJ Auxerre (0-1) - Le résumé (DFCO - AJA) / 2012-13,3859
2013-05-25T22:00:36Z,EA Guingamp - Dijon FCO (2-0) - Le résumé (EAG - DFCO) / 2012-13,24486
2013-01-19T23:00:13Z,Tours FC - Dijon FCO (3-1) - Le résumé (TOURS - DFCO) / 2012-13,3416
2012-09-14T14:21:25Z,Dijon - Tours 1/0 - 3éme journée Ligue 2 [10-08-12],1337
2013-03-19T00:01:05Z,Conférence de presse Dijon FCO - FC Nantes (3-1) / 2012-13,466
2013-05-11T16:58:10Z,Conférence de presse FC Istres - Dijon FCO (2-3) / 2012-13,86
2013-05-18T20:57:34Z,Conférence de presse Dijon FCO - AC Arles Avignon (2-3) / 2012-13,165
2012-10-23T00:00:11Z,Conférence de presse FC Nantes - Dijon FCO (2-0) / 2012-13,589
2013-03-18T10:11:42Z,La grave blessure de Sidney Govou / 2012-13,246026
2013-03-02T23:03:46Z,Horrible tacle sur la cheville de Clément [ASSE-OGCN],44285
2013-03-05T19:17:17Z,Vidéo: Blesssure de Jérémy Clément (ASSE) lors de ASSE-OGCN (4-0),2315
