publish_date,title,view_count
2012-08-31T23:09:45Z,Double arrêt de Baptiste Reynet DFCO-Ajaccio,1644
2013-05-11T22:00:11Z,FC Istres - Dijon FCO (2-3) - Le résumé (FCIOP - DFCO) / 2012-13,2777
2013-06-22T16:13:45Z,arret Baptiste face au stade rennais,145
2012-12-15T23:00:13Z,Dijon FCO - FC Istres (3-1) - Le résumé (DFCO - FCIOP) / 2012-13,2353
2012-11-03T23:58:17Z,Châteauroux - Dijon FCO (2-2) - Le résumé (LBC - DFCO) / 2012-13,2122
2013-05-04T22:00:10Z,Dijon FCO - CS Sedan (4-2) - Le résumé (DFCO - CSSA) / 2012-13,5786
2013-02-23T23:00:14Z,Clermont Foot - Dijon FCO (0-0) - Le résumé (CFA - DFCO) / 2012-13,966
2012-10-23T10:00:22Z,FC Nantes - Dijon FCO (2-0) - Le résumé (FCN - DFCO) / 2012-13,16151
2013-01-29T11:01:43Z,Dijon FCO - RC Lens (2-1) - Le résumé (DFCO - RCL) / 2012-13,4967
2013-01-12T19:54:44Z,Dijon FCO - Le Mans FC (3-0) - Le résumé (DFCO - LEMANS) / 2012-13,3850
2013-04-27T22:00:13Z,SM Caen - Dijon FCO (2-2) - Le résumé (SMC - DFCO) / 2012-13,12547
2013-02-09T23:00:28Z,GFC Ajaccio - Dijon FCO (0-2) - Le résumé (GFCA - DFCO) / 2012-13,2068
2013-04-20T22:00:15Z,Dijon FCO - Stade Lavallois (1-0) - Le résumé (DFCO - LAVAL) / 2012-13,1987
2013-03-09T23:00:20Z,Angers SCO - Dijon FCO (3-3) - Le résumé (SCO - DFCO) / 2012-13,7109
2013-03-30T23:00:13Z,AJ Auxerre - Dijon FCO (0-0) - Le résumé (AJA - DFCO) / 2012-13,1750
2013-02-02T23:00:13Z,Havre AC - Dijon FCO (3-0) - Le résumé (HAC - DFCO) / 2012-13,3899
2013-02-19T02:55:27Z,CS Sedan - Dijon FCO (0-1) - Le résumé (CSSA - DFCO) / 2012-13,881
2013-04-13T22:00:15Z,Nîmes Olympique - Dijon FCO (1-1) - Le résumé (NIMES - DFCO) / 2012-13,1260
2013-03-19T11:01:19Z,Dijon FCO - FC Nantes (3-1) - Le résumé (DFCO - FCN) / 2012-13,11282
2013-04-06T22:00:13Z,Dijon FCO - Châteauroux (1-1) - Le résumé (DFCO - LBC) / 2012-13,1835
2013-02-19T11:00:50Z,Dijon FCO - AS Monaco FC (0-2) - Le résumé (DFCO - ASM) / 2012-13,8383
2013-05-25T22:00:36Z,EA Guingamp - Dijon FCO (2-0) - Le résumé (EAG - DFCO) / 2012-13,24486
2012-11-24T23:00:15Z,Stade Lavallois - Dijon FCO (3-0) - Le résumé (LAVAL - DFCO) / 2012-13,2666
2013-01-19T23:00:13Z,Tours FC - Dijon FCO (3-1) - Le résumé (TOURS - DFCO) / 2012-13,3416
2012-12-22T23:16:45Z,AC Arles Avignon - Dijon FCO (1-1) - Le résumé (ACA - DFCO) / 2012-13,2242
2012-12-01T23:00:32Z,Dijon FCO - SM Caen (1-0) - Le résumé (DFCO - SMC) / 2012-13,3400
2013-03-02T23:00:14Z,Dijon FCO - Chamois Niortais (1-1) - Le résumé (DFCO - NIORT) / 2012-13,1797
2012-10-27T22:00:12Z,Dijon FCO - AJ Auxerre (0-1) - Le résumé (DFCO - AJA) / 2012-13,3859
2013-05-18T22:00:11Z,Dijon FCO - AC Arles Avignon (2-3) - Le résumé (DFCO - ACA) / 2012-13,3417
2012-11-10T23:00:16Z,Dijon FCO - Nîmes Olympique (2-1) - Le résumé (DFCO - NIMES) / 2012-13,1450
2012-09-01T09:30:27Z,but refusé du DFCO,265
2013-02-18T23:26:01Z,DFCO Monaco,52
2012-09-14T14:20:34Z,Dijon - Le Havre 2/2 - 5éme journée Ligue 2 [25-08-12],1753
2012-12-20T15:01:04Z,DFCO istres,214
2013-06-26T16:05:26Z,reprise DFCO,535
2012-12-25T02:42:01Z,Supporters du DFCO contre PSG,8276
2012-11-13T23:42:00Z,121110 Sortie TFC Ajaccio partie 3,89
2012-08-17T13:48:54Z,Zakaria Diallo N°6 Best-Of vs PSG (CDL),3640
2013-05-20T11:47:57Z,Dernier Match Saison 2013 DFCO les loulous 085,86
2012-08-31T23:07:17Z,But de la victoire 2-1 DFCO-Ajaccio tribune sud,1003
2013-01-16T12:31:43Z,"Enzo Basilio, gardien de but DFCO",1672
2013-07-23T23:22:29Z,dedicace romain philippoteaux,2062
2013-03-04T11:22:14Z,Superbe arrêt - Énorme occasion au foot [Top vidéos d&#39;Internet],968
2013-06-28T20:15:27Z,ERIC BAUTHEAC - TOP BUTS - HD,20197
2013-01-22T08:50:36Z,Yohann Thuram ESTAC TROYES &quot;le gardien de toutes les promesses&quot;,12570
2013-03-13T14:16:11Z,Le but stratosphérique de Djimi Traoré !,1006
2012-08-30T20:41:44Z,2eme tour de la CdL 2012-2013 : Auxerre-Dijon (2-1).,4301
2012-08-31T22:58:42Z,Aux armes tribune sud DFCO-Ajaccio Dijon Gaston Gérard,1071
2013-06-15T09:20:12Z,"Benjamin Leroy, les plus beaux arrêts de la saison 2012-2013",3642
2013-05-12T16:17:12Z,Plateau U9 DFCO Stade des Poussots 001,160
