published-time,comment,likes
2012-09-23T22:16:19Z,Enorme notre baptiste superbe ambiance ! allez dijon,1
2013-05-15T14:44:28Z,ta pas d'ambitions dans ta vie?,0
2013-05-11T07:52:05Z,"Et encore, l'olympique U13 .
J'ai été voir Sedan-Niort hier ... Une catastrophe ! J'ai arbitré un match de débutant et ils ont fais les même erreurs . Officiellement relégués .",0
2013-05-05T21:15:38Z,Allez Sedan :(,0
2013-05-05T10:22:06Z,First !!!,0
2013-02-24T09:30:46Z,Le but est totalement valable ! C'est ce qu'on appelle se faire voler,1
2012-12-12T16:41:15Z,"moi chuis a fond pour dijon mais la javou que les nantais ont etes plus fort
",1
2012-12-10T22:12:57Z,Le tacle de Bamba est inadmissible !,0
2012-12-03T21:12:28Z,Nantes va allez en Ligue 1 ( De la part D'un Supporters Marseillais ),1
2012-11-01T23:17:20Z,Allez NANTES!! <3 Direction la ligue1!!,1
2012-11-01T20:48:48Z,Allez les jaunes!!!!!,1
2012-10-23T13:46:06Z,Vive Nantes !!!,1
2013-02-02T11:23:53Z,Lalaina se ballade dans la surface :) on aurait dû gagner ce match !,0
2013-01-31T19:08:28Z,Il sont ou les 2 penaltys non sifflés pour Lens dans le résumé ?,0
2013-01-29T17:08:50Z,"Un magnifique coup franc pour ouvrir le score et un deuxième but évitable, quasi gag pour faire le break. En tout cas, bravo aux joueurs de Dijon qui ont réussi à mettre fin à notre belle (quoique peu victorieuse) série d'invincibilité.",0
2013-01-29T16:03:24Z,Enorme match de Nomenjanahary ! ,0
2013-01-19T18:42:01Z,trop fort mon cousin a moi aussi tu peux etre fier de toi continue ainsi moi (marine) et léa on te supporte fort a carpantras. vive les philippoteaux,1
2013-01-16T08:37:34Z,romain mon cousin jsui trop fier de toi !! revien moi vite la famille quon fete tous sa meme si on la deja féter ;) lache rien c toi le meilleur depuis petit jte le di lache rien rien riennnnn !!! jtembrasse la famille jtappel ce soir ,1
2013-01-14T16:23:45Z,Le Buteur d'Apt c'est le meilleur ! ,1
2013-01-12T22:38:29Z,cette chaine fait du bon boulot,1
2013-06-20T11:50:28Z,Caen !!!!!,0
2013-05-04T17:39:15Z,"Allez Dijon. Vous pouvez remonter. Je m'en rappelle encore au stade Gaston Gérard en Ligue 1 ""DIJONNAIS"" :)",0
2013-05-02T08:57:09Z,"Dijon à fait le jeu ?! Pas du tout j'étais match, ils ont eu 2 occasions franche et ils l'es ont mis c'est tout alors que les Caennais avait l'occasion de tué le match mais avec notre attaquant Nabab qui rentre à la place de Duhamel, ce mec ne marque jamais, quand il centre ça attérri à l'opposer en touche, je crois bien qu'on va ce cotiser pour acheter des pieds à Nabab ! --' Bien jouer à Dijon d'avoir su profiter de la fébrilité des Caennais qui sont censé être la meilleur défense de L2 ! ",0
2013-04-30T09:06:47Z,Allez NO,0
2013-04-28T10:12:50Z,"Et encore ya pire, celui de bayern barça par exemple.
",0
2013-04-28T08:41:17Z,Merci l'arbitre.,0
2013-04-28T07:59:16Z,Dijon !!!!!,0
2013-04-28T07:21:17Z,"Caen ne mérite plus la monté à faire match nul avec la supériorité numérique, ils ne vont rien faire en Ligue 1",0
2013-04-27T22:29:39Z,"Chaperon est ""le héros du match"", Dal O'Glio avait bien raison. Inadmissible d'avoir des arbitres ""pro"" comme ça à un tel niveau.",0
2013-04-24T07:22:04Z,Un match pas superbe pour les Dijonais mais on a su saisir des opportunités ! Allez Dijon !,0
2013-04-22T16:33:58Z,"DFCO !!!
",0
2013-04-21T20:20:39Z,Aller Dijon !!!!!,0
2013-04-20T22:23:37Z,Allez Dijon ! :),0
2013-04-26T08:48:14Z,Aller SCO,0
2013-03-16T11:41:33Z,Dijon 3,0
2013-04-01T14:38:12Z,"Les Auxerrois qui disent ""fuck Dijon"" c'est tellement ridicule :') 
Les dijonnais ont soutenu Auxerre durant ses belles années et maintenant Auxerre se croit supérieur à tout le monde.",0
2013-03-31T10:51:12Z,"AjA <3 
fuck dijon !!!!",0
2013-02-04T01:07:24Z,ya surtout beaucoup de but,0
2013-02-20T14:59:17Z,"c'est moche comme but tout de même ....
",0
2013-06-01T21:48:02Z,"2:59, quelle belle image ;) Allez Dijon, la ligue 1 c'est pour nous l'année prochaine !",0
2013-04-06T18:12:29Z,Ferme ta gueule ,0
2013-03-30T11:34:44Z,Allez Dijon ! xD,0
2013-03-29T15:12:55Z,"Bien dit et ALLER DIJONNNNNNNNNNNNNNNN
",0
2013-03-24T15:05:39Z,"Rémy Riou très très bizarre sur les buts.. Trop avancé, nonchalant... Ca cache quelque chose.",0
2013-03-22T16:07:22Z,"le terrain n'y peu rien car la greke est tombée 30 minutes avant le coup d'envoi comment voulez vous qu'il s'occupe du terrain a temps ?

",0
2013-03-22T15:14:11Z,"Allez l'OL !
Bravo à Dijon.",0
2013-03-22T08:11:45Z,"Ce n'est pas le terrain bande d'inculte qui est nul !
Ce sont les conditions climatiques.. comment voulez vous que après un orage ou y est tomber 2cm de grêlons que le terrain soit jouable ?! 
Le terrain a été refait y a pas longtemps pour la Ligue 1 donc y a un an même ... 
Et les supporters pour info , en L1 on a été premier du championnat des tribunes l'an dernier, autant par le remplissage que par l'ambiance, avant de parler svp cultiver vous ... MERCI ALLEZ DIJON !",0
2013-03-20T07:36:06Z,Déçu du FCN mais il fait avouer que Dijon a proposé un beau spectacle sur un terrain catastrophique!,0
2013-03-19T20:17:04Z,Terrain nul !,0
2013-03-19T19:54:49Z,"3 but en 10 minutes franchement epic allez dijon
",0
2013-03-19T18:22:43Z,Pape Paye........,0
2013-03-19T17:48:06Z,"Putain je suis dèg' xD
Bien ouèj dijon ;)",0
2013-03-19T17:00:15Z,"sinon terrain super glissant lol
",0
2013-03-19T15:20:33Z,"allez dijon on passe en ligue 1
",0
2013-03-19T12:04:15Z,Pourquoi ?,0
2013-03-19T11:20:50Z,"pauvre france (en football , mais pas que ça )",0
2013-04-12T14:26:57Z,bj chateauroux,0
2013-04-08T16:08:57Z,"chateauroux merite surtout de perdre
",0
2013-04-07T05:53:55Z,bravo Romano :) ,0
2013-02-23T21:09:35Z,Dage Munegu,0
2013-02-21T09:12:52Z,DAGHE MUNEGU,0
2013-02-19T17:16:29Z,C'est bien sans les commentaires audio,0
2013-06-02T21:46:59Z,Dijon en jaune ?!?!,1
2013-05-31T09:50:09Z,Trop,1
2013-05-29T16:16:51Z,"Même pour les coupes : Nantes, Rennes, Lorient, Guingamp, Vannes, Brest ... (dites si j'en oublie)",0
2013-05-26T11:26:17Z,Ca va faire de sacrés derbys en ligue 1..,1
2013-05-26T05:27:45Z,C'était dingue au Roudourou!!! EAG<3,3
2013-05-25T22:03:33Z,Bien joué EAG (de la part d'un dijonnais) :D,4
2013-04-20T22:03:39Z,Dijon a ete meilleur alors que laval na rien foutu fuck laval!!!!!,0
2013-03-22T17:43:23Z,ALLEZ LAVAL!!,0
2012-11-25T10:08:04Z,ohhh vous avez fumé quoi ??? Dijon a dominé qui ? Il manque au moins 3 ou 4 grosses actions lavalloises la ! Du grand n'importe quoi ! ,0
2012-11-25T09:44:05Z,Dijon n'a pas dominé autant que les commentaires le disent.,0
2012-11-25T09:26:24Z,Yeahhhh super victoire !!,0
2013-06-01T21:58:47Z,Venez sur ma chaine pour voir ma vidéo du top des buts du DFCO en 2012-2013 ;) Merci,0
2013-01-08T17:03:47Z,"AUXERROIS <3
",0
2013-01-02T21:25:53Z,T'habite a Dijon ?,0
2012-12-22T10:22:40Z,0:57 c'est une tete de Koné et non pas de Tavares,0
2012-12-12T16:51:34Z,"DIJONNAIS
",0
2012-12-08T22:44:25Z,Allez Dijon! ,0
2013-07-20T18:15:46Z,Putain d'auxerrois de *****,2
2013-05-21T16:19:52Z,trop le feu d' artifise ,0
2012-09-01T13:56:24Z,J'aime la poésie footballistique.....,0
2013-07-24T21:03:36Z,"merci thomas 
",0
2013-07-24T10:09:27Z,"tu gere :) 
",0
2013-07-31T20:36:57Z,WELCOME TO STANDARD LIEGE,0
2013-07-31T16:17:19Z,Welcome to Standard de Liège ,0
2013-07-31T04:29:07Z,"a pas 
l'air mauvais du tout.bienvenu dans l'enfer de sclessin!!!!!!

",0
2013-07-30T18:32:24Z,Bienvenue au standard!,0
2013-07-30T16:41:00Z,"ça donne envie de le voir dans dans l'enfer de sclessin !! 
bienvenue Johann ",0
2013-07-30T15:41:01Z,Bienvenu au Standard ! ,0
2013-07-30T14:33:54Z,Bienvenu dans L'Enfer de Sclessin!,0
2013-07-30T14:17:26Z,C est quoi la musique?,0
2013-07-30T02:26:29Z,"Bienvenue à Liège, Yohan ;-).",0
2013-07-29T16:47:19Z,"Bienvenue chez nous. Et oui maintenant c'est quasi fait, il passe sa visite médicale ce soir. Source sûr : DH SPORT FOOT il y a quelques dizaines de min ! ULTRA INFERNO PHK <3",0
2013-07-19T09:58:46Z,"L'arrêt à 4.42 m'a rassuré... il sait aussi rattrapé la balle en un temps:) Mais je le veux bien au Standard, il est le bienvenu!",0
2013-07-16T21:29:25Z,"Bientôt au Standard ! 
On l'espère !!
",0
2013-07-15T15:32:15Z,tu peux venir au standard t'es le bien venu :),0
2013-07-10T10:43:11Z,"D'après certains journaux, Troyes aurait accepté l'offre du standard. Je n'ai rien contre kawa mais bon, celui-ci, ca a l'air d'être autre chose quand même.",0
2013-07-10T09:58:42Z,J'espère qu'il viendra au standard de liege <3,0
2013-07-09T09:30:40Z,M'a l'air autrement plus solide que le Kawa et il rassure sa défense. ça c'est un gardien ayant le potentiel pour être au niveau des grands gardiens que le Standard a déjà fait connaître !,0
2013-07-08T20:39:30Z,"wassim, désolé mais il viendra au standard de Liège <3 !",0
2013-07-08T18:43:28Z,bienvenu au standardliege,0
2013-07-08T18:24:03Z,"En route vers le Standard de Liège 
",0
2013-06-03T17:19:45Z,"merci pour cette vidéo, enfin quelqu'un qui met thuram en valeur, les gens faut qu'ils arrêtent de nous saouler avec les mandanda, landreau et compagnie, pour moi c'est le meilleur de la ligue 1 après sirigu quand même. J'espère pour lui qu'il se cassera de troyes, un retour a Monaco serait sympa ou nice pour remplacer ospina s'il part.   ",0
2013-05-31T21:44:53Z,"what's is the second song ? :)
",0
2013-05-19T20:30:37Z,"GG Thuram vient a sainté !!!!!!!!!
",0
2012-11-07T12:35:10Z,"Aller Auxerre!!!!!!!!!!!!!!!!!!
",0
