publish_date,title,view_count
2013-02-11T22:43:31Z,"Les Buts : Z.Bergdich , Rayan Frikeche , El Jadeyaoui",5498
2013-02-12T11:00:48Z,Angers SCO - RC Lens (3-2) - Le résumé (SCO - RCL) / 2012-13,18722
2012-12-12T23:00:14Z,Stade Lavallois - Angers SCO (1-4) - Le résumé (LAVAL - SCO) / 2012-13,3315
2013-05-11T22:00:11Z,AJ Auxerre - Angers SCO (2-2) - Le résumé (AJA - SCO) / 2012-13,5157
2013-04-06T22:00:13Z,Angers SCO - FC Nantes (2-0) - Le résumé (SCO - FCN) / 2012-13,15996
2012-12-12T22:59:52Z,Conférence de presse Stade Lavallois - Angers SCO (1-4) / 2012-13,117
2013-01-26T23:00:13Z,Angers SCO - AC Arles Avignon (2-0) - Le résumé (SCO - ACA) / 2012-13,2350
2013-03-30T23:00:14Z,Châteauroux - Angers SCO (2-3) - Le résumé (LBC - SCO) / 2012-13,5472
2012-11-03T23:58:17Z,FC Nantes - Angers SCO (1-0) - Le résumé (FCN - SCO) / 2012-13,17378
2012-11-24T23:00:16Z,SM Caen - Angers SCO (1-0) - Le résumé (SMC - SCO) / 2012-13,3928
2012-12-15T23:00:13Z,Angers SCO - AJ Auxerre (2-1) - Le résumé (SCO - AJA) / 2012-13,3652
2012-12-22T23:22:32Z,Tours FC - Angers SCO (1-2) - Le résumé (TOURS - SCO) / 2012-13,3313
2012-12-01T23:00:32Z,Angers SCO - Nîmes Olympique (0-0) - Le résumé (SCO - NIMES) / 2012-13,709
2013-04-20T22:00:15Z,Angers SCO - SM Caen (1-1) - Le résumé (SCO - SMC) / 2012-13,5248
2012-10-20T22:00:12Z,Angers SCO - AS Monaco FC (1-2) - Le résumé (SCO - ASM) / 2012-13,7627
2013-04-27T22:00:13Z,Nîmes Olympique - Angers SCO (3-0) - Le résumé (NIMES - SCO) / 2012-13,3982
2013-05-04T22:00:10Z,Angers SCO - Stade Lavallois (1-0) - Le résumé (SCO - LAVAL) / 2012-13,4596
2012-11-10T23:00:16Z,Angers SCO - Chamois Niortais (0-0) - Le résumé (SCO - NIORT) / 2012-13,708
2013-05-25T22:00:36Z,CS Sedan - Angers SCO (2-2) - Le résumé (CSSA - SCO) / 2012-13,3902
2013-02-09T21:49:22Z,EA Guingamp - Angers SCO (2-1) - Le résumé (EAG - SCO) / 2012-13,4828
2013-02-02T23:00:13Z,FC Istres - Angers SCO (0-0) - Le résumé (FCIOP - SCO) / 2012-13,1691
2013-02-23T23:00:14Z,Angers SCO - GFC Ajaccio (1-0) - Le résumé (SCO - GFCA) / 2012-13,3808
2013-02-12T00:00:26Z,Conférence de presse Angers SCO - RC Lens (3-2) / 2012-13,1185
2012-11-08T00:02:26Z,FC Nantes 1-0 Angers 3 /11/2012 Ambiance Tribune Loire. Ola a la beaujoire HD,2563
2012-10-20T13:14:05Z,Passe décisive d&#39;El jaedyaoui avec Angers contre AS.Monaco,1379
2012-10-29T16:50:33Z,Al Sailiya VS Al Rayyan,1089
2012-08-08T13:48:38Z,Calciomercato: i talenti marocchini visti al Torneo di Tolone,1352
2013-03-30T03:39:29Z,El Jadeyaoui - Châteauroux,665
2013-05-03T23:14:57Z,Nabil Jaadi Vs Waasland Beveren U21,4172
2013-02-14T12:11:45Z,pes2013 : Goal Bergdich vs espagne by slimourinho,131
2013-02-14T12:10:23Z,PES 2013 : Goal Maroc vs Espagne ( BERGDICH )  by Slimourinho,597
2013-05-22T18:27:18Z,EL JADEYAOUI Résumé saison 2012-2013,24575
2013-03-06T12:25:31Z,"RC Lens TV - Em contra ataque no final do jogo, Bergdich cruza e Ávila pega bonito",56
2013-02-03T21:58:34Z,Adrien Regattin,6615
2013-03-15T20:41:17Z,ALHARBI EL JADEYAOUI : AS Monaco FC Vs Angers 15/03/2013,6234
2013-05-03T22:39:30Z,El Jadeyaoui après SCO Laval,643
2013-06-06T00:37:02Z,Equipe Nationale A - Alharbi El Jadeyaoui : &quot;Une fierté d&#39;être en Equipe Nationale&quot;,3646
2012-12-20T09:53:44Z,Zakaria Bergdich 100 x 100 Oussoud,5370
2013-06-08T13:18:31Z,Maroc vs. Tanzanie: Qualif. Coupe du Monde 2014 | Interview: Al Harbi El Jadeyaoui,997
2013-06-26T16:30:03Z,"Zakarya Bergdich, primer refuerzo del Real Valladolid",12236
