published-time,comment,likes
2013-04-28T16:20:44Z,"Non il n'y a pas hors jeu et oui le carton rouge est très sévère... Le HAC a empoché 4 cartons jaunes et un carton rouge alors que Tours n'en a empoché aucun... Il est possible de constater que les arbitres ont le HAC dans le nez ces derniers matchs il me semble, mais après cela fait partie du jeu !",0
2013-04-28T01:57:06Z,Sur le 2eme but du havre ya pas hors jeu ?,0
2013-04-28T01:00:45Z,"bien joué les gars, sévère le carton rouge
",0
2013-04-27T22:03:10Z,FIRST + bien joué le Havre :),0
2013-04-14T18:39:50Z,"HAC !!!
",1
2013-04-14T16:03:10Z,"Expulsion peu évidente, Clermont méritait sans doute mieux. Cela dit le coup franc havrais est magnifique.",0
2013-02-04T01:07:24Z,ya surtout beaucoup de but,0
2013-02-17T08:39:40Z,Allez le HAC !,0
2013-02-12T05:41:12Z,Hey oui allez l'ASM !,1
2013-04-09T16:44:09Z,Vive Malherbe,1
2012-11-06T13:24:30Z,tres beau captage de balle a 1:45 ,0
2012-11-06T13:00:37Z,"L'ambiance était énorme à Caen, Allez Malherbe ! <3",1
2012-11-06T11:21:19Z,la tete et magnifique!!!! (Monaco arrive ),0
2013-04-24T01:04:18Z,Keep running Birch!,0
2013-04-23T20:04:56Z,Well done birch keep goin,0
2013-04-23T15:36:59Z,Good ol birchy,0
2013-03-20T11:33:51Z,hayla karimo,0
2013-02-23T20:17:25Z,Pôùr Moi c Le MeiLLeur joueur aLgerien f had el momenT w pLasstou mashi f sochaux,0
2013-02-23T18:52:50Z,"fanane
",0
2013-04-06T11:50:21Z,LE FCR CEST LES MEILLEUR DU MONDE,0
2013-03-10T14:28:15Z,"Messieurs les socialistes, mettez la main à la poche. Ne vous ridiculisez comme Lecanuet uniquement parce que Guy Roux et Gérard Bourgoin ne partagent pas vos opinions politiques... C'est d'abord la ferveur de toute une région qui est en jeu. C'est ça aussi le socialisme !",3
2013-03-10T14:25:25Z,"Il n'existe qu'un seul grand club de foot en Normandie, c'est le FC Rouen. 8ème de finaliste en Coupe des Villes de Foire (ancêtre de l'UEFA et de l'Europa League) en 1970. On serait encore là, si Jean Lecanuet n'avait pas flingué le club, comme est en train de le faire le maire d'Auxerre Guy Ferez avec l'AJA. Voir disparaître l'AJA me fend le cœur pour des raisons politiciennes car c'est un club mythique parti de rien. Même si Bourgoin c'est pas top, Auxerre doit survivre.",1
2013-03-10T09:00:41Z,"Allez le HAC, on va vite se relever ;)",0
2013-03-10T09:00:26Z,Pas de mal ! Kéké --',0
2013-03-09T23:05:31Z,First,0
2013-03-03T19:54:46Z,Aller le hac,0
2013-03-03T14:54:21Z,HAC <3,0
2013-02-18T17:50:42Z,"ouai aller le HAC !!!

",0
2013-02-17T12:16:44Z,aller le HAC !!!!!!!!!!!!!!!!!!!!,0
2013-02-24T13:20:19Z,D'autant plus que le HAC est une tres bonne equipe,0
2013-02-24T13:15:46Z,"Dsl mais quand le peno est arrive Nantes dominait depuis 5 minutes ;) Et apres ils ont parfaitement gere leur match contrairement a ce que beaucoup disent ! C'est pas si facile de battre une equipe qui joue a 10, demandez aux lensois !",0
2013-02-24T12:42:59Z,Heureusement que Michel Der Zakarian a gueulé à la mi-temps :3,0
2013-02-24T10:40:20Z,en ce moment la défense peine on perd notre statut de grosse défense,0
2013-02-24T09:42:57Z,"Tu as tout à fait raison ;)
Bien que en 2e mi-temps ça c'est grave amélioré :3
",1
2013-02-24T08:18:55Z,"""les nantais dominent"" Heu non ^^ sur le coup on c'est fait dominé par une bonne équipe du Havre... Sans le carton rouge de Rivière, c'étai défaite ou nul sur le match ^^'",0
2013-02-24T07:52:18Z,Allez Nantes !!,0
2012-08-06T01:58:13Z,me too...,0
2012-08-05T11:18:09Z,/watch?v=deCyG0aCRcg&feature=related,0
2012-08-02T23:22:10Z,I was expecting more from this after watching that Mata ultra feint.,0
2012-08-02T21:00:54Z,Watch this instead: /watch?v=TyuOWpfFVhw,0
2012-08-02T14:27:12Z,description says it all,0
2012-08-02T01:16:38Z,"são cenas que acontecem, normal
",0
2012-08-02T01:07:25Z,"primeiro, ele era um defesa central, segundo, o hazard é um extremo de classe mundial. terceiro, ele fez-lo ao primeiro toque e a bola vinha com pouca velocidade",0
2012-08-01T23:02:02Z,David Luiz was like: why the fuck they are screaming? In Brazil we do this every 5 mins,1
2012-08-01T22:46:24Z,like a luckier u say,0
2013-02-05T18:19:42Z,Plus de vidéos sur ma chaine ;D,0
2013-01-20T22:14:21Z,Bien joué lensois !!!,0
2013-05-12T20:16:32Z,Superbe but de fontaine tout juste magnifique !!!,1
2013-05-12T15:39:13Z,Dommage pour le mans ! National l'année prochaine !,1
2013-05-11T22:07:55Z,NAN MON FIRST :(,1
2013-05-11T22:03:58Z,First,1
2013-07-06T21:01:50Z,"Thanks man :)
New video is comming soon ! :)",0
2013-07-06T11:19:30Z,"awesome I love the ccs :) keep going,nice work (Y)",0
2013-07-04T23:53:32Z,"It's a good player Mario Balotelli :)
Next video is coming.. and will be longer than those two :)
Thanks for this comment !",0
2013-07-02T23:31:19Z,"For me is Balotelli ... But this video is good.
But is just length 1:19 and it's quite short try next one about 2-4 minutes what do you think :)?
Anyway good video :)",0
2013-01-26T23:13:14Z,Dommage pour le GFCA :),0
2013-05-09T14:39:22Z,granata merde siete e merde resterete,0
2013-05-08T18:36:35Z,E cosi gli dice che non capisco?,0
2013-05-08T18:11:20Z,TUA MADRE,0
2013-04-30T22:54:48Z,Juve merda,0
2013-05-05T09:59:46Z,"Bien joué, allez le HAC!",0
2013-02-23T00:38:11Z,ghazi un mauvé   perdons ,2
2013-02-23T00:34:51Z,"Loooooooool wallah ma fhamt hada ghazi kifah ykhamam , driblak 7abas lah 7atta takol gazonn 0_o
",1
2013-02-22T22:28:01Z, mkawad ben aldjiya hada lol ,1
2013-02-22T19:52:33Z,Vive CRB,1
2013-02-22T18:08:06Z,"Ya rab coup franc 3inani Ghazzi daketlou l'kherray 
D'un usmiste ; ) ",0
2012-12-29T18:38:30Z,"metté vos commentaire 
 ",0
2013-03-12T17:07:33Z,الشرور تيفى :),0
2013-03-12T17:06:42Z,.راهو هنا سعدان يع,0
2013-03-11T20:06:43Z,"المديعة ـ  هل تشعر  أنك ليس محبوب في المنتخب فأي مشكل يوجه إصبع إتهام لك 
رياض ، كيما قلت أنا بدبوز لست لا بلتوللي ولا سمير  نصري   أنآ إنسان عاقل و لم يكن  لدي ولآمره مشكل في سوشو و كل مره أتي للممنتخب  لدي مشكل   في وقت مآ يجب أن يتوقف إتهام لاعبين 
المديعة ـ هل هناك  أعضاء  في المنتخب  يردون   إقصاءك أو مع مدرب  حليلو
رياض ــ لا في وجهي حتى  وحد ما هدر فيا   لكن مدرب يفعل ما يريد هذآ ختياره يجب  إحترآمه يوم مثل ما إحترمت لما لم ألعب في جنوب إ   سأحترمه ",0
2013-03-11T20:06:29Z,"مديعة ـ إن فهمنا كلامك يوم موالي لإقصاء منتخب جزائري في ج إ   مدرب صعد لغرفتك و وجد  الشيشة و منها و بسبب هذا أقصاك من منتخب أنت و عامر بوعزه 
رياض ـ أنا ليس بحوزتي جديد  الأن حادتث الغرفة كنا لكل مع بعض إن كان هناك  شيء يجب معاقبة نصف المنتخب لا يجب وضع عامر و بدبوز في القصة  
المديعة ـ يعني معضم أعضاء منتخب  كانو  معك 
رياض ـ نعم  كنا أكثر من عشره كنا  لكل مع بعض لآ توجهو  أصابع إتهام لبدبوز فقط ",0
2013-03-11T20:06:09Z," المديعة  ـ بعد صدور القائمة مستدعات للقاء الببنين و لم تكن ضمن قائمه ما هو إحساسك 
رياض ـ أكيد أنا حزين   فبعد اللقاء الذي قدمته ضدد باري و راين لم أستدعى أكن أريد أن أقدم الأفضل مع المنتخب و أبرهن على ذالك  
المديعة ـ الكل يعلم أنه لم تستدعى للمنتخب  بسبب مستواك و هناك من يقول بسبب تصرفاتك ما تستطيع قوله في هذا 
 رياض ـ تصرفي  لا   لكن إن أردتم أن تعقبو بدبوز كان  يجب معاقبة جميع من سهل جدا  معاقبة  أصغر لاعب  ",0
2013-03-11T19:33:37Z,hadi chouroure tv habine idirou neche barek  pffffffffff,0
2013-03-11T12:11:22Z,الاعب في عمرو 22 سنة فقط مازال حتي عقلو مكبارش لازم نستحفضو بيه  وسيكون لاعب كبير في المستقبل ان شاء الله ولاداعي للحقرة ,0
2013-03-11T03:54:51Z,يا رياض كان لازم تطلب السماح من الجزائريين..  تضرب الشيشة و الشعب محروق دمو؟  حتى نتا تقبتها و تم استبعادك لأنك نتا اللي جبت الشيشة..  و لوكان ما جبتهاش ما يصراش واش صرا,0
2013-03-11T00:26:20Z,Merci pour la vidéo frère Farid nous disent toujours ouveau ,0
2013-03-18T19:20:51Z,Juste le coup franc de Mesloub .. :),0
2013-03-18T00:45:45Z,beau spectacle!!! :),0
2013-02-24T12:16:57Z,"je suis la!!!!!!! 

",0
2012-10-06T11:17:07Z,"Es heisst übrigens Leicester, nicht Leicaster.",0
2012-10-05T21:27:59Z,Most excellent heel,0
2012-10-05T15:47:52Z,Meh.,0
2013-07-20T01:56:59Z,المسلم من سلم المسلمون من لسانه ويدده انتم يبي لكم شات الله يهديكم ,0
2013-07-01T23:45:47Z,"اللي تحت يلعنون بعض ؟؟
سلامات.؟",0
2013-06-30T12:36:41Z,لاتنزل تحت الامهات والاباء ومدري ايش شوف المقطع واتوكل الشعب يسبسب,0
2013-06-15T22:45:12Z,"انا ما قلت شي يا خوي التعليقات اللي قبلي هم اللي يتهاوشون وانا اقول وش يحسون فيه ,,",0
2013-05-22T08:40:26Z,يوم عمه آنصصآب ؟! ولآ,0
2013-05-08T22:40:17Z,بالله احلف XD ,0
2013-03-03T12:54:38Z,الحمد لله والشكر والله محد درى عنكم,0
2013-03-02T22:21:57Z,كريس اثبت انه الأفضل هذا الموسم,0
2013-03-02T17:08:18Z,"صاح 
",0
2013-03-02T17:01:36Z,"مشاهده 3 هع
",0
