publish_date,title,view_count
2013-03-01T19:56:12Z,تمريرة حاسمة من رياض محرز ضد شاتورو,1007
2013-04-27T22:00:13Z,Tours FC - Havre AC (1-2) - Le résumé (TOURS - HAC) / 2012-13,2488
2013-04-20T22:00:15Z,Havre AC - CS Sedan (1-1) - Le résumé (HAC - CSSA) / 2012-13,1823
2013-04-13T22:00:15Z,Clermont Foot - Havre AC (1-1) - Le résumé (CFA - HAC) / 2012-13,2868
2012-10-26T16:35:02Z,Boudebouz vs nancy,37
2012-10-26T17:37:14Z,هدف للوهافر ضد نيم بعد ركنية محرز,559
2013-02-02T23:00:13Z,Havre AC - Dijon FCO (3-0) - Le résumé (HAC - DFCO) / 2012-13,3899
2013-03-31T18:01:49Z,Ronaldinho vs Ronaldo,22
2012-12-08T18:38:36Z,Vardy Reviews Barnsley Draw,537
2013-02-09T23:00:28Z,AS Monaco FC - Havre AC (2-1) - Le résumé (ASM - HAC) / 2012-13,6888
2012-11-06T11:01:26Z,SM Caen - Havre AC (2-0) - Le résumé (SMC - HAC) / 2012-13,11488
2013-06-11T10:14:44Z,Fake Kick Cut,170
2013-05-07T08:02:47Z,Manchester City Premier League Winning Moment,357
2013-04-23T11:48:12Z,Birch Looking Forward To 33rd Annual Run,363
2013-02-23T16:33:01Z,Boudebouz amazing skill vs Erding,6466
2013-03-09T23:00:19Z,AJ Auxerre - Havre AC (4-1) - Le résumé (AJA - HAC) / 2012-13,9781
2013-06-10T09:59:51Z,Stepover,275
2013-05-25T22:00:36Z,AC Arles Avignon - Havre AC (1-1) - Le résumé (ACA - HAC) / 2012-13,3782
2013-03-02T23:00:14Z,Havre AC - Châteauroux (1-0) - Le résumé (HAC - LBC) / 2012-13,1937
2012-10-01T04:53:23Z,Miccoli show in Palermo-Chievo 4-1,461
2013-01-12T11:59:55Z,But de Djamel Mesbah (Milan A.C) contre Juventus 20.03.2012  - YouTube.flv,146
2013-02-16T23:00:14Z,Havre AC - Angers SCO (2-1) - Le résumé (HAC - SCO) / 2012-13,2916
2013-06-22T20:39:27Z,Penalty terecht afgekeurd,153
2013-02-23T23:00:15Z,FC Nantes - Havre AC (2-0) - Le résumé (FCN - HAC) / 2012-13,10377
2012-08-01T13:20:37Z,David Luiz humiliated Eden Hazard HD,84281
2013-01-19T23:00:13Z,Havre AC - RC Lens (2-2) - Le résumé (HAC - RCL) / 2012-13,4319
2013-05-18T22:00:11Z,Havre AC - Stade Lavallois (1-2) - Le résumé (HAC - LAVAL) / 2012-13,3257
2013-05-11T22:00:12Z,Le Mans FC - Havre AC (0-4) - Le résumé (LEMANS - HAC) / 2012-13,7484
2013-07-02T22:01:57Z,Mario Balotelli ► Clean Getaway │2013│,228
2013-01-26T23:00:13Z,GFC Ajaccio - Havre AC (0-1) - Le résumé (GFCA - HAC) / 2012-13,1808
2013-06-07T14:18:11Z,Kaladze Presentation,67
2013-03-15T19:49:34Z,تمريرة حاسمة من وليد مسلوب ضد نيور,1199
2012-10-20T22:00:12Z,Chamois Niortais - Havre AC (0-0) - Le résumé (NIORT - HAC) / 2012-13,1036
2012-10-28T20:35:14Z,BEST FOOTBALL GOAL EVER!!!,167
2013-04-28T15:33:14Z,Meggiorini insulto razzista a Pogba,8084
2013-04-13T19:31:22Z,Conférence de presse Clermont Foot - Havre AC (1-1) / 2012-13,54
2012-10-27T22:00:12Z,Havre AC - Nîmes Olympique (1-1) - Le résumé (HAC - NIMES) / 2012-13,1277
2013-03-23T09:25:38Z,Le superbe skill de Robben à l&#39;entraînement !,1126
2012-11-09T15:46:24Z,Petit pont de feghouli فيغولي,352
2013-05-04T22:00:10Z,Havre AC - FC Istres (2-0) - Le résumé (HAC - FCIOP) / 2012-13,2204
2013-05-04T19:29:43Z,Paolo Di Canio welcomes José Mourinho battle,1676
2013-02-09T00:53:32Z,اصرار كبير من لاعب صهيب بوشحيه,39
2013-02-22T17:43:53Z,غراف بن علجية أمام غازي,15705
2012-12-28T15:54:43Z,paris psg,65
2013-03-10T22:40:41Z,مكالمة هاتفية مع رياض بودبوز على قناة الشروق,3188
2013-03-17T14:47:44Z,Havre AC - Chamois Niortais (2-1) - Le résumé (HAC - NIORT) / 2012-13,2333
2013-02-22T14:36:19Z,Carl Medjani :&quot;On fera tout pour faire venir les supporters !&quot;,1488
2012-10-04T06:53:49Z,Anthony Knockaert Traumtore|Deutsch|HD,29650
2012-09-16T11:10:41Z,Sterling Stepovers,97554
2013-03-02T16:59:48Z,لقطة طريفة بين كريستيانو رونالدو و بيكيه [02_3_2013] [HD],2109122
