published-time,comment,likes
2013-07-03T10:40:39Z,Grosse faute sur le dernier but !!!!,1
2013-05-16T18:19:43Z,allez le rc Lens,1
2013-03-01T18:20:57Z,Match dans la légende du SCO. Marquer deux buts dans les arrêts de jeu à 10.,4
2013-02-17T21:03:55Z,Mérité ouai,2
2013-02-13T16:21:44Z,Y a pas faute sur le dernier but ?? WTF O_o,1
2013-02-12T19:16:17Z,"les belles actions et les buts sont plus beau pour lens mais le match était à l'avantage du sco donc résultat assez logique quand même.
Allez le sco quand même !!!!!",2
2013-02-12T17:09:04Z,"Sous Sikora, on a appris à jouer, il va maintenant falloir apprendre à tenir un résultat. Encore une défaite, celle de trop pour espérer prétendre à la montée.

Bravo aux joueurs d'Angers qui n'ont rien laché et qui se sont battus jusqu'au bout !",2
2013-02-12T13:48:15Z,N'Diaye a fait plus d'arrêts que Riou ...,1
2013-02-12T13:39:03Z,Le match est voler,1
2013-02-12T12:24:02Z,"il est ou le commentateur 
",1
2013-02-12T11:39:34Z,Ce 3ème but digne d'une équipe de poussin <3,5
2013-02-03T13:07:09Z,"Allez Angers !
",2
2013-05-11T23:33:34Z,Allez le SCO !!!!!,1
2013-06-07T18:47:16Z,on est trop fort,1
2013-05-17T21:17:07Z,pff ;(,1
2013-05-16T19:58:36Z,ou pas !! mais nantes oui XD,1
2013-04-08T16:55:29Z,Gg Angers,1
2013-04-07T18:19:12Z,"Bref, on est redescendu sur Terre.",1
2013-04-07T17:13:18Z,Le SCO en ligue1 !!!!!,2
2013-04-07T10:56:09Z,"c sur c sur, la victoire n'est pas volé.",1
2013-04-07T10:07:12Z,enfin la victoire  n est pas volé,1
2013-04-07T07:51:45Z,"Déjà qu'on était dégueulasse sur le terrain, il avait pas besoin de mettre un rouge là-dessus, ya absolument rien, il joue la balle. Djilobodji je peut vous dire qu'il en a mis des plus gros à la Beaujoire. Bref on a été nul et l'arbitre ne nous aide pas beaucoup pour notre fin de saison parce qu'on a plus aucun de nos defenseurs centraux.",1
2013-04-07T07:48:09Z,Déjà qu'on était,1
2013-04-06T22:50:20Z,"très bonne perf des Angevin !!! 
",1
2013-02-03T13:12:09Z,Dans la tete Laval.,0
2013-04-01T19:52:11Z,Lassana doucoure t ou,0
2013-03-31T18:48:31Z,Angers en ligue 1 ♥,2
2013-06-06T17:42:08Z,Allez le SCO ! La Ligue 1 pour Nantes c'est pas mériter !,2
2012-12-11T12:56:27Z,nantes remonte en force cé bonnnn saah !!,2
2012-12-09T23:43:11Z,"Ca fait du bien de voir la baujoire remplie. Ca commence a sentir bon :)
",4
2012-11-22T17:44:43Z,J y étais en Loire et c était trop cool,2
2012-11-08T23:36:29Z,"Voir la beaujoire remplis ses juste trop bien , ALLER NANTES !!! :D <3",2
2012-11-05T11:31:33Z,"vraiment bravo d'être venus si nombreux, continuez ",2
2012-11-04T11:35:11Z,c moi ou ils ont oublié pleins d'occasions de nantes en première période? :D,2
2012-11-04T11:07:41Z,FCN a VIE ♥,2
2012-11-04T08:22:18Z,"FC NANTES !! <3<3<3...
",2
2013-02-27T13:02:22Z,"Moi j'Adore Caen et puis victoire merite ou pas, l'important c'est de gagner :-)",0
2013-02-03T13:11:44Z,Ca m'enerve de perdre ce match pas mériter du tout en plus J'aime pas Caen.,0
2013-01-04T10:22:09Z,"Ouais mais c est limite
",0
2012-12-29T12:04:41Z,"Ah je vois ce que tu veux dire, mais il ne peut pas car il était derriere le passeur !",0
2012-12-29T12:03:10Z,Un passeur ne peut pas être hors-jeu .,0
2012-12-24T11:09:01Z,"Le passeur et hors jeu
",0
2013-04-25T11:41:46Z,Allez le SCO en route pour la montée,0
2013-04-22T15:30:04Z,Magnifique but angevin !!!,0
2013-04-22T15:16:29Z,"Allez Malherbe !!!!
on croit à la montée !
",0
2013-04-21T11:01:29Z,Allez malherbe,0
2013-02-03T13:11:11Z,"Allez Angers.
",1
2013-02-03T13:11:00Z,On méritez Mieux.,1
2013-05-14T19:40:55Z,Aller Nîmes !!,0
2013-05-03T15:27:55Z,Allez le SCO,0
2013-04-28T15:12:06Z,FC Nantes 3,0
2013-04-28T12:52:06Z,Allez le N.O !,0
2013-06-15T09:18:05Z,C etait le stade  angevin po le stade lavallois,2
2013-05-05T18:43:09Z,jy etaiit au match,1
2013-05-05T09:34:27Z,"Arrêtez de vous bagarrer rien que pour l'équipe que vous supportez, c'est ridicule. On dirait des gamins de 1 an !",1
2013-05-05T09:22:27Z,"Certes, mais j'espère que vous ne monterez pas. Vous ne faites que des victoires à l'arrachée. Et puis bon, quand c'est Charles Diers qui marque...Bref, j'espère que l'EAG montera avec l'ASM et le FCN et que vous resterez là où vous appartenez. À bon entendeur.",1
2013-05-05T09:08:21Z,"Au moins on gagne !
",1
2013-05-05T08:59:18Z,laval aurai pu marque si iauré pas se putein d'arbitres,1
2013-05-05T08:54:10Z,"À part marquer dans les arrêts de jeu, vous savez faire autre chose ? Quelle bande de chanceux...",1
2013-05-05T07:59:47Z,First et a la dernière minute bien jouer,1
2013-02-10T18:05:18Z,"Allez l'EAG et le FCN
",0
2013-03-01T14:12:07Z,@Vod Plyeur Tu serai pas parsiens par hasard ? Après toi jte critique pas sur tes équipe que tu supporte alors la tête de con.,0
2013-03-01T14:10:09Z,"J'ai le droit de supporter une équipe qui est en ligue 2 car c'est ma ville natale, donc allez le SCO d'angers et allez l'OM",0
2013-03-01T13:36:18Z,Soit tes pour L'om sois pour angers tete de con va,0
2013-02-28T15:48:26Z,Le SCO et l'équipe que je supporte en ligue 2 mais sinon jsuis un fervent supporter de l'OM,0
2013-02-24T10:52:55Z,Allez le SCO,0
2013-02-13T11:44:06Z,Merci le sco pour nous faire vibrez de match en match ! <3,0
2013-04-18T16:21:51Z,eeeeee,0
2012-10-30T18:45:57Z,"mabrouk a kanzari cette premiere victoire :)
",0
2013-07-07T05:44:12Z,nice video man ,0
2013-06-06T14:19:15Z,new ribéry :D ,0
2013-06-06T09:09:32Z,ديما فالاول تيكولو المغرب زوين لكن في ما بعد تكثر الأعذار عنهم وهم كثر كالعربي والتعربت .................واليوم أمرابط ....وأمزال اخير,1
2013-07-10T15:26:50Z,bienvenido zakaria y bienvenidos los jugadores de marreucos ,0
2013-07-01T02:44:05Z,wach perktich hada ola kdebt lol,0
2013-06-27T13:28:48Z,msaken had balad lwalid tseydo fih ,0
2013-06-27T06:49:55Z,bonne chance pour la suite zak ! j'espere que va pas nous oublier !,0
2013-06-26T18:51:13Z,Bergdich es un jugador muy bueno,0
