publish_date,title,view_count
2013-03-06T13:11:42Z,"Lanciano, la carica di Almici",60
2013-05-09T10:30:23Z,"Lanciano, out Almici tocca a Di Cecco Contro il Sassuolo Biondi vestito a festa",47
2013-02-10T06:21:14Z,Virtus Lanciano 3-2 Cittadella 09/02/2013 2012-13 - 25°,3917
2013-05-19T12:05:27Z,Virtus Lanciano 2012-2013 Salvezza storica in Serie B,4061
2012-12-01T18:11:34Z,Raimondi,494
2012-08-19T08:54:39Z,Guardavalle   Surace dopo il test con il Roggiano,193
2013-07-25T07:37:05Z,"1. kolo GL, Sigma - Liberec 1:2",56
2013-05-03T17:22:55Z,INTERVISTA A LUCIANO ROMANO,120
2012-11-27T14:24:09Z,"Ascoli - Vicenza 0-0, post gara",286
2013-06-28T17:15:43Z,CALCIO PADOVA CEDUTO: ARRIVA IL BRESCIANO PENOCCHIO,269
2013-07-01T16:30:00Z,Presentazione nuovo Presidente Calcio Padova Diego Penocchio - Parte 2,881
2013-07-25T11:30:28Z,TRATTATIVE CALCIO PADOVA con Marco Valentini - Tuttincampo calciomercato 24/07/13 - Marco Valentini,93
2013-02-27T01:19:18Z,"Ascoli -Sassuolo 2-4, post gara",254
