publish_date,title,view_count
2013-07-09T20:29:05Z,Demetris CHRISTOFI Vs Benjamin MENDY (ΟΝ),25851
2013-07-11T17:34:06Z,[Partie 2] Présentations Recrues OM 2013-2014 - Benjamin Mendy,5694
2012-12-23T23:00:12Z,Goal Bernard MENDY (90&#39; +2 csc) - Stade Brestois 29 - Paris Saint-Germain (0-3) / 2012-13,10653
2012-12-23T23:00:11Z,But Bernard MENDY (90&#39; +2 csc) - Stade Brestois 29 - Paris Saint-Germain (0-3) / 2012-13,2573
2013-03-02T23:00:14Z,Havre AC - Châteauroux (1-0) - Le résumé (HAC - LBC) / 2012-13,1937
2013-07-10T07:23:16Z,2ème recrue estivale pour l&#39;OM,816
2012-12-12T23:00:14Z,FC Istres - Havre AC (3-0) - Le résumé (FCIOP - HAC) / 2012-13,1024
2013-06-28T09:07:23Z,"Nampalys Mendy, la conférence en vidéo",6742
2012-11-08T14:14:51Z,Face à face : Appiah - Mendy,9877
2013-07-26T09:44:12Z,Top Ten Silkmen goals of 2012/13 - 3 - Arnaud Mendy at Nuneaton,618
2012-12-15T23:00:13Z,Havre AC - Le Mans FC (1-0) - Le résumé (HAC - LEMANS) / 2012-13,1727
2013-04-09T10:00:27Z,Havre AC - SM Caen (1-1) - Le résumé (HAC - SMC) / 2012-13,9808
2012-11-06T11:01:26Z,SM Caen - Havre AC (2-0) - Le résumé (SMC - HAC) / 2012-13,11488
2013-06-24T16:52:06Z,Arsenal transfer target set to snub Gunners for Juventus,1253
2012-11-10T23:00:16Z,Havre AC - Clermont Foot (1-3) - Le résumé (HAC - CFA) / 2012-13,3193
2013-02-03T17:39:15Z,Bernad Mendy : On réussit à égaliser à 2-1 (Troyes Brest 26 Janvier 2013),1531
2013-02-23T23:00:15Z,FC Nantes - Havre AC (2-0) - Le résumé (FCN - HAC) / 2012-13,10377
2013-01-19T23:00:13Z,Havre AC - RC Lens (2-2) - Le résumé (HAC - RCL) / 2012-13,4319
2012-12-22T23:20:53Z,Stade Lavallois - Havre AC (1-2) - Le résumé (LAVAL - HAC) / 2012-13,2787
2013-04-27T22:00:13Z,Tours FC - Havre AC (1-2) - Le résumé (TOURS - HAC) / 2012-13,2488
2013-03-09T23:00:19Z,AJ Auxerre - Havre AC (4-1) - Le résumé (AJA - HAC) / 2012-13,9781
2013-05-25T22:00:36Z,AC Arles Avignon - Havre AC (1-1) - Le résumé (ACA - HAC) / 2012-13,3782
2012-12-23T23:26:16Z,Ligue 1 - Week 19 : Top goals / 2012-13,1326
2013-02-18T23:26:01Z,DFCO Monaco,52
2013-02-16T23:00:14Z,Havre AC - Angers SCO (2-1) - Le résumé (HAC - SCO) / 2012-13,2916
2012-12-01T23:00:17Z,Havre AC - Tours FC (3-0) - Le résumé (HAC - TOURS) / 2012-13,5375
2013-05-04T22:00:10Z,Havre AC - FC Istres (2-0) - Le résumé (HAC - FCIOP) / 2012-13,2204
2013-05-18T22:00:11Z,Havre AC - Stade Lavallois (1-2) - Le résumé (HAC - LAVAL) / 2012-13,3257
2012-12-24T10:30:36Z,Ligue 1 - Top buts 19ème journée / 2012-13,9763
2013-04-13T22:00:15Z,Clermont Foot - Havre AC (1-1) - Le résumé (CFA - HAC) / 2012-13,2868
2013-02-02T23:00:13Z,Havre AC - Dijon FCO (3-0) - Le résumé (HAC - DFCO) / 2012-13,3899
2013-05-11T22:00:12Z,Le Mans FC - Havre AC (0-4) - Le résumé (LEMANS - HAC) / 2012-13,7484
2013-01-26T23:00:13Z,GFC Ajaccio - Havre AC (0-1) - Le résumé (GFCA - HAC) / 2012-13,1808
2012-10-27T22:00:12Z,Havre AC - Nîmes Olympique (1-1) - Le résumé (HAC - NIMES) / 2012-13,1277
2013-01-12T19:54:44Z,Havre AC - EA Guingamp (0-1) - Le résumé (HAC - EAG) / 2012-13,5836
2012-09-02T22:00:36Z,Stade Brestois 29 - ESTAC Troyes (2-1) - Highlights (SB29 - ESTAC) / 2012-13,1850
2012-09-24T19:20:48Z,LE MEILLEUR DU CFC - avec Benjamin CORGNET,11162
2012-11-04T23:00:15Z,Stade Brestois 29 - FC Lorient (2-0) - Highlights (SB29 - FCL) / 2012-13,945
2013-06-15T09:02:49Z,Abdelaziz Barrada | عبد العزيز برادة  | The Maestro | Crazy Skills Assists &amp; Goals |HD|,65423
2013-03-17T14:47:44Z,Havre AC - Chamois Niortais (2-1) - Le résumé (HAC - NIORT) / 2012-13,2333
2012-08-12T20:26:10Z,NEW SIGNING: Jack Rodwell Exclusive First Interview at City,28515
2012-09-02T22:00:37Z,Stade Brestois 29 - ESTAC Troyes (2-1) - Le résumé (SB29 - ESTAC) / 2012-13,13262
2013-07-29T07:24:23Z,What&#39;s Happening In Soccer Right Now Part 3,13
2012-12-16T10:36:09Z,Spiel 3 OEZ   Plattenhardt 2 4 0,116
2012-11-04T23:00:14Z,Stade Brestois 29 - FC Lorient (2-0) - Le résumé (SB29 - FCL) / 2012-13,12290
2013-03-30T01:45:32Z,Demetris Christofi,18045
2012-11-08T19:58:48Z,"(J14) ASM FC - AJA, le point presse",1620
2013-01-04T10:45:02Z,BuT à BuT | TouT les matchs de L&#39;OM 2012-2013 (Partie 2),14933
2013-03-09T23:00:19Z,Châteauroux - AS Monaco FC (1-1) - Le résumé (LBC - ASM) / 2012-13,3515
2013-07-07T15:50:09Z,EFC : Le Live Mercato du 07/07/2013,
