publish_date,title,view_count
2013-01-12T19:49:49Z,Chamois Niortais - Tours FC (3-1) - Le résumé (NIORT - TOURS) / 2012-13,1516
2012-11-03T23:56:42Z,Tours FC - Le Mans FC (2-0) - Le résumé (TOURS - LEMANS) / 2012-13,2900
2013-01-26T23:00:13Z,FC Nantes - Tours FC (3-1) - Le résumé (FCN - TOURS) / 2012-13,9257
2013-01-19T23:00:13Z,Tours FC - Dijon FCO (3-1) - Le résumé (TOURS - DFCO) / 2012-13,3416
2012-11-03T00:41:51Z,Auxerre 4-0 Bastia Coupe de la Ligue 16eme tour (2010-2011),1889
2012-08-21T10:11:06Z,מכבי ת&quot;א-הפועל ראשל&quot;צ Maccabi Tel Aviv - Hapoel Rishon Lezion Yearbook 2001,175
2012-08-29T10:27:05Z,"Avec Diego, le Stade de Reims réalise &quot;le grand chelem&quot;",989
2012-08-31T14:05:01Z,Foot - Tours FC : Xavier Thomas a signé !,213
2012-12-15T17:51:54Z,Maccabi Kiryat Motzkin - A.S. Savyon 26:23,254
