published-time,comment,likes
2013-03-03T16:18:35Z,Bien l'arbitre ! :),0
2013-03-03T12:08:24Z,"encor un arbitre de merde je sais pas ou il le voit le peno
on c vraiment fais voler",0
2013-03-03T11:16:40Z,"on sait fait voler comme d'hab !
",0
2013-03-03T10:36:45Z,"c n'importe quoi le but refusé la vache -_-
",0
2013-03-03T08:24:02Z,Arbitre de merde,0
2013-01-03T11:17:05Z,Quelle but tout en puissance!!! :o,0
2012-12-24T14:46:11Z,"Normand, fiers et Conquérants !",0
2013-01-16T16:25:34Z,yes allez malherbe! :D,0
2013-01-13T12:18:16Z,le coup franc de Haddad est magnifique dommage qu'il ne soit pas rentré...,0
2013-01-13T10:57:01Z,"auxerre <3
",0
2013-01-13T09:59:48Z,Malherbe♥,0
2013-04-16T11:44:03Z,"1:42 = Il dit bien ""Caen va devoir jouer 1/4 d'heure en infériorité numérique"". Après il y a ça oui.
Bref ! On s'en tape :)",0
2013-04-14T08:52:14Z,"Ce commentateur est vraiment naze. C'est pas Caen qui se retrouve en infériorité numérique mais Lens !! Et dans le match Tours-Guingamp, c'est Planté dans les buts de Guingamp en 2ème mi-temps et pas Samassa ... Sans compter les erreurs sur les autres résumés.",0
2013-06-20T11:50:28Z,Caen !!!!!,0
2013-05-04T17:39:15Z,"Allez Dijon. Vous pouvez remonter. Je m'en rappelle encore au stade Gaston Gérard en Ligue 1 ""DIJONNAIS"" :)",0
2013-05-02T08:57:09Z,"Dijon à fait le jeu ?! Pas du tout j'étais match, ils ont eu 2 occasions franche et ils l'es ont mis c'est tout alors que les Caennais avait l'occasion de tué le match mais avec notre attaquant Nabab qui rentre à la place de Duhamel, ce mec ne marque jamais, quand il centre ça attérri à l'opposer en touche, je crois bien qu'on va ce cotiser pour acheter des pieds à Nabab ! --' Bien jouer à Dijon d'avoir su profiter de la fébrilité des Caennais qui sont censé être la meilleur défense de L2 ! ",0
2013-04-30T09:06:47Z,Allez NO,0
2013-04-28T10:12:50Z,"Et encore ya pire, celui de bayern barça par exemple.
",0
2013-04-28T08:41:17Z,Merci l'arbitre.,0
2013-04-28T07:59:16Z,Dijon !!!!!,0
2013-04-28T07:21:17Z,"Caen ne mérite plus la monté à faire match nul avec la supériorité numérique, ils ne vont rien faire en Ligue 1",0
2013-04-27T22:29:39Z,"Chaperon est ""le héros du match"", Dal O'Glio avait bien raison. Inadmissible d'avoir des arbitres ""pro"" comme ça à un tel niveau.",0
2013-03-20T13:17:47Z,En force EAG ,0
2013-03-18T20:33:01Z,En force SMC,0
2013-03-17T20:47:38Z,Le terrain ok ! Mais aller eag !!,0
2013-03-17T20:30:37Z,"Regardez l'état du terrain, désastreux !!! Et y a de + en + de terrains comme ça, c'est triste et honteux à la fois :(",0
2013-03-17T15:45:26Z,"EAG! <3
",0
2013-05-20T11:07:14Z,La berrichonne <3,0
2013-05-19T10:10:04Z,Caen.... ligue 2 maintenant,0
2013-02-11T12:44:32Z,"Sedan, que fait-tu cette saison ? L'année dernière tu arrive à quelques points de la ligue 1 et cette saison tu es relégable et de loin !",0
2013-02-09T23:39:44Z,Ça serait bien de mettre les actions dans l'ordre du match et de mettre les plus importantes...,0
2013-06-11T13:51:25Z,Encore une fois l'arbitrage est injuste et favorise beaucoup les caennais ... Mais cela fait partie du jeu après tout...,1
2013-04-12T08:16:14Z,certes mais pour moi la il le touche pas,0
2013-04-10T14:39:34Z,"euh le peno pr le havre moi je le vois pas (et je suis arbitre)
",1
2013-04-09T18:01:04Z,Les gardiens ont fait un beau match avec des beaux arrets,1
2013-04-09T13:48:29Z,Superbe match avec une tete du pour le Havre terrible !!! bj ;),0
2013-04-09T10:42:29Z,"Le penalty pour Caen est plus évident, de plus Nabab se blesse...",0
2013-04-09T10:40:24Z,L'arbitrage de merde sérieux --' Penalty pour le HAC même pas sifflé et pour Caen sifflé --',0
2013-04-09T10:26:23Z,"L'arbitrage qui favorise les caennais ....


Beau match avec de très bon gardiens ",0
2013-02-24T16:04:43Z,petit souci dans le montage :),0
2013-03-30T20:43:53Z,Les boul quand même à la 93 eme minute!,0
2013-06-13T12:51:37Z,"2-1, le score aura dû être de 5-2 au moins c'est juste que les gardiens ont été bons et les joueurs nul !
",0
2013-05-26T10:10:36Z,Le goal du gazelec est super bon,0
2013-05-26T07:59:06Z,C t trop bien j y est ete avec le feu d artifice et orelsan,0
2013-03-31T08:52:07Z,Il disent ''Perquis a eu quelques Parades décisives à faire'' C’était Bosmel à la 2 Mi-Temps U_u,0
2013-04-25T11:41:46Z,Allez le SCO en route pour la montée,0
2013-04-22T15:30:04Z,Magnifique but angevin !!!,0
2013-04-22T15:16:29Z,"Allez Malherbe !!!!
on croit à la montée !
",0
2013-04-21T11:01:29Z,Allez malherbe,0
2013-01-19T23:41:31Z,Oh :-O ! la surprise de Niort !!! bien joué a eux,0
2013-01-15T17:31:36Z,Auxerre à la vie à la mort <3,0
2013-05-26T12:33:25Z,Dommage pr Caen sérieux.. et la suite de la conference? mdrr ^^,0
2012-11-22T19:36:38Z,"Ça me rappelle des bon moments au stade.
",1
2012-11-15T20:54:41Z,"Ben ça calme!!
",1
2012-10-03T16:43:53Z,Mustafa et turk,1
2012-10-01T21:48:01Z,Aslanim benim !! Ta la class muss !!,1
2012-10-01T20:10:58Z,COUCOU CHRISTIAN JEAN PIERRE ! COUCOU LIZARAZU ! ,1
2012-10-01T18:03:39Z,"Il faut réussir à le faire passer dans Téléfoot haha ! 
",1
2012-10-01T09:37:20Z,lol le goal reste planté comme une merd,1
2012-09-30T18:05:16Z,Merci d'apprendre le conditionnel...,1
2012-09-30T12:57:09Z,"Magnifique! Un but qui vient d'ailleurs. Le meilleur but depuis ma première rencontre avec les Chamois en 2004.
Incredible! The best I've seen since Tomas and I started following Niort in 2004.",3
2012-09-30T10:29:56Z,Oh my god une éclair de génie well done durak continue comme sa,1
2012-09-30T09:04:10Z,"c'est sur il les beau ^^
",1
2012-09-29T20:04:45Z,Je suis un supporter dijonnais et je doit admettre que le but est somptueux ! :) Allez Dijon ! ,1
2012-09-29T17:47:03Z,Magnifique quel but. ALLEZ CHAMOIS,1
2012-09-29T16:46:23Z,Magnifique But ! Comme quoi la Ligue 2 n'est pas un championnat de clown comme on l'entend si souvent !,1
2012-09-29T16:32:14Z,SENSATIONNEL,1
2013-02-10T23:02:44Z,that's mean.,0
2013-01-31T12:35:08Z,lah yamsakhkoum,0
2013-01-25T14:13:32Z,morocco is sh*t...from a moroccan,0
2013-01-18T15:55:38Z,We hope so,0
2013-01-18T15:25:55Z,Yes,0
2013-04-27T19:48:21Z,"oui enfin il a mis son but!!!
",0
2013-04-27T18:51:03Z,"Comment il l'a bouffer en vitesse le défenseur :o
Bof ? Il lui a juste mis 5 mètres dans le vent en 4 secondes.",0
2013-04-27T08:00:41Z,"Bof , je m attendais a mieux",0
2013-04-27T21:01:50Z,Le gardien qui offre son corps !,0
