publish_date,title,view_count
2012-12-21T20:52:05Z,Caen/Chateauroux (1-0) -Coup Franc Faycal Fajr,4479
2012-10-18T20:57:46Z,Faycal fajr partie 2,984
2013-02-22T22:42:40Z,Coup franc de Faycal Fajr - Caen/Laval 2-1,1567
2012-08-15T15:54:50Z,"[Football] Interview de Fayçal Fajr, milieu de terrain SMC",288
2013-03-02T23:00:15Z,Tours FC - SM Caen (1-1) - Le résumé (TOURS - SMC) / 2012-13,2397
2013-02-02T23:00:13Z,SM Caen - Nîmes Olympique (1-0) - Le résumé (SMC - NIMES) / 2012-13,3220
2012-12-22T23:21:50Z,SM Caen - Châteauroux (1-0) - Le résumé (SMC - LBC) / 2012-13,3407
2013-01-12T23:00:15Z,AJ Auxerre - SM Caen (1-2) - Le résumé (AJA - SMC) / 2012-13,5247
2013-02-16T23:00:14Z,Le Mans FC - SM Caen (1-1) - Le résumé (LEMANS - SMC) / 2012-13,4572
2013-04-13T22:00:15Z,SM Caen - RC Lens (0-0) - Le résumé (SMC - RCL) / 2012-13,2675
2013-04-27T22:00:13Z,SM Caen - Dijon FCO (2-2) - Le résumé (SMC - DFCO) / 2012-13,12547
2013-03-17T14:45:15Z,EA Guingamp - SM Caen (1-0) - Le résumé (EAG - SMC) / 2012-13,13145
2013-05-18T22:00:11Z,Châteauroux - SM Caen (2-2) - Le résumé (LBC - SMC) / 2012-13,3203
2013-02-09T23:00:29Z,SM Caen - CS Sedan (2-0) - Le résumé (SMC - CSSA) / 2012-13,3217
2013-04-09T10:00:27Z,Havre AC - SM Caen (1-1) - Le résumé (HAC - SMC) / 2012-13,9808
2013-01-07T16:41:30Z,Caen-St Etienne 06/01/2013 deuxième penalty de Fajr,638
2013-02-23T23:00:14Z,SM Caen - Stade Lavallois (2-1) - Le résumé (SMC - LAVAL) / 2012-13,3440
2013-03-30T20:27:10Z,SM Caen - FC Istres (1-0) - Le résumé (SMC - FCIOP) / 2012-13,1403
2013-05-25T22:00:36Z,SM Caen - GFC Ajaccio (2-1) - Le résumé (SMC - GFCA) / 2012-13,5783
2013-01-26T23:00:13Z,Clermont Foot - SM Caen (0-0) - Le résumé (CFA - SMC) / 2012-13,1222
2013-03-30T23:00:14Z,SM Caen - AC Arles Avignon (1-1) - Le résumé (SMC - ACA) / 2012-13,2720
2013-04-20T22:00:15Z,Angers SCO - SM Caen (1-1) - Le résumé (SCO - SMC) / 2012-13,5248
2012-10-20T22:00:12Z,SM Caen - EA Guingamp (1-2) - Le résumé (SMC - EAG) / 2012-13,3086
2012-08-14T00:14:40Z,[Football] GFC Ajaccio - Caen (SMC) après match,143
2013-01-19T23:00:13Z,SM Caen - Chamois Niortais (0-1) - Le résumé (SMC - NIORT) / 2012-13,2138
2013-04-11T16:12:55Z,Le Havre Caen 2012-2013,1677
2013-01-12T19:54:44Z,Conférence de presse AJ Auxerre - SM Caen (1-2) / 2012-13,231
2013-02-23T21:41:23Z,Conférence de presse SM Caen - Stade Lavallois (2-1) / 2012-13,129
2013-05-25T12:53:57Z,Conférence de presse SM Caen - GFC Ajaccio (2-1) / 2012-13,149
2012-09-29T11:20:50Z,Niort-Dijon 4-2 But de Mustafa Durak,66025
2013-05-15T16:40:59Z,Ola en el Martínez Valero (10-5-2013) Elche CF - FC Barcelona B,197
2013-04-27T16:50:18Z,Caen/Dijon(2-2) - Penalty (Caen),1097
2013-05-26T15:48:54Z,HIGHLIGHT SOCCER SAMIR DIRI,3181
2012-12-15T19:27:15Z,Wesley Sneijder  (The Best) (HD),63
2013-05-06T21:16:42Z,beurfm,69
2013-01-18T15:13:13Z,Morocco target African Cup of Nations glory,1793
2013-03-10T23:00:32Z,Goal Julien FERET (51&#39;) - Stade Rennais FC - AS Saint-Etienne (2-2) / 2012-13,149
2013-04-26T19:48:02Z,"Laval - Lens : Le but de Dème Ndiaye, 34e journée de Ligue 2",7740
2012-11-02T18:58:14Z,عارضة نبيل درار,344
2013-04-27T15:41:08Z,Caen/Dijon Coup Franc surface de réparation (2-2),13200
2012-12-23T23:00:25Z,Goal Gaëtan COURTET (70&#39;) - FC Lorient - Stade de Reims (2-2) / 2012-13,165
2012-12-23T10:17:43Z,Caen 1-0 Châteauroux avec VFM,208
2012-12-07T00:09:54Z,La Liga | Gol de Tito (2-2) en el Rayo Vallecano - Celta de Vigo | 10-11-2012 | J11,1669
2012-09-09T21:35:37Z,penaltie laffi CSS,660
2013-07-15T18:16:50Z,Caen - HAC Trophée des Normands 2013,1185
2013-01-31T21:20:01Z,Yassine Benzia - Goal vs. Sunderland,427
2012-11-06T22:27:08Z,Malherbe TV Caen le havre 2-0 émission du 6-11-12,507
2013-01-02T03:20:16Z,Bury 0-1 Tranmere - Last Few Minutes,176
2013-05-14T19:17:20Z,Sim scoort bijna in de laatste minuut de gelijkmaker op het toernooi van OSSMI,134
2013-04-03T08:35:55Z,Julien Gorius scoort de goal van de maand maart 2013 (goal 1),2073
