publish_date,title,view_count
2012-08-19T14:32:39Z,Rachid Alioui # Rennes Dimanche 29 août 2010  - 15H00,1847
2013-05-12T11:34:26Z,Alioui,714
2013-04-13T22:00:15Z,Tours FC - EA Guingamp (2-0) - Le résumé (TOURS - EAG) / 2012-13,5164
2013-03-30T23:00:14Z,CS Sedan - EA Guingamp (1-2) - Le résumé (CSSA - EAG) / 2012-13,3712
2012-10-20T22:00:12Z,SM Caen - EA Guingamp (1-2) - Le résumé (SMC - EAG) / 2012-13,3086
2013-03-30T18:42:02Z,Conférence de presse CS Sedan - EA Guingamp (1-2) / 2012-13,122
2013-02-28T15:31:02Z,Hadji vs Abdenour,330
2012-10-26T10:27:09Z,Goalkeeper fail! What on earth is Puebla stopper doing here?,8845
2013-02-09T22:00:05Z,هدف ناجي وفرحة حمار معه,316
2013-02-24T23:00:43Z,But Rachid GHEZZAL (50&#39;) - Olympique Lyonnais - FC Lorient (3-1) / 2012-13,11830
2013-06-16T12:28:16Z,Yaya Toure Amazing Free Kick Goal (Tanzania 1-2 Coasta de Fildeş) 16.06.2013 HD,734
2013-01-24T18:15:41Z,Niger Vs Congo 0-0 | African Nations Cup 24-1-13,963
2013-02-24T17:55:18Z,Wydad 2011-2012 | 100% Gestes Techniques | HD 2,100122
2013-03-16T21:02:02Z,EAG-CAEN 1-0 le but de Christophe Kerbrat,3438
2013-01-27T15:50:03Z,Maroc Afrique du sud le match décisif المغرب جنوب إفريقيا,208
2013-04-21T19:28:08Z,RAJA vs MAS 21-04-2013 - but Salhi,458
2013-02-05T06:31:51Z,AJMAN VS AL WAHDA ETISALAT PRO LEAGUE ROUND 10 SEASON 2012-13(عجمان - الوحدة  ),290
2013-07-22T14:43:13Z,sefri mohammed,347
2012-12-16T09:25:48Z,Magnifique but de Gignac - TFC 0 - 1 OM,1298
2013-01-04T22:34:45Z,driss fettouhi 2013,1132
2012-09-29T10:38:07Z,هدف دومينيكو | كريشيتو  زينيت 1-0 لوكوموتيف,675
2013-01-19T09:36:59Z,Formation : angola vs maroc,432
2012-11-19T15:43:01Z,courseulles,96
2013-04-19T22:52:13Z,أهداف مباراة : Mar vs Tun &amp; Gab vs Bot,2082
2013-04-23T15:50:11Z,CAN U17: Maroc 0-1 CIV,761
2013-05-23T15:22:42Z,NIMES OLYMPIQUE 2013/2014,221
2013-06-11T23:34:52Z,Sydney Olympic 0-4 Malaysia [Jelajah Australia Friendly 11-06-13],1716
2012-12-01T00:19:32Z,Alharbi El Jadeyaoui,796
