published-time,comment,likes
2013-07-08T06:03:14Z,sex,0
2013-04-28T08:42:02Z,"O.K Je soutient notre anciens gardien mais il mérite pas que l'on disent que c'est une passoire^^.
Je m'en fou que Guimgamp est gagné contre Caen ^^ T'en mieux pour vous ... Après on verra a la fin de la saison c'est sur que guimgamp est mieux que Caen en ce moment, mais c'est qui qui a allé Gagner 3-0 Face au 1er,Monaco ? Eh bah c'est Caen ^^",0
2013-04-27T17:15:46Z,1: Tu dis ça parce que Planté à joué a Caen et 2:Tu rage parce que guimgamp à battu caen,0
2013-04-27T17:14:15Z,"Oui mais à Caen...
",0
2013-04-17T13:29:27Z,"gt ramasseur de balle mais en 2 eme periode c plante ds les buts de eag samassa c blessé en fin de 1ere periode
",0
2013-04-15T06:59:59Z,"Planté un passoire ? 1: c'est votre problème d'avoir de ''mauvais goal'' 2: planté ne peut absolument rien faire sur le 1er but et sur le second il aurait peut être pu faire un ptit truc mais au vue de la puissance de la frappe ^^
Guingamp a Perdu et puis c'est tout --'
ALLEZ MALHERBE ! (et a Caen Planté avait fait d’énorme arrêts !)",0
2013-04-14T15:09:27Z,"N'importe quoi les commentaires! Sur le 1er but, c'est Planté, et non pas Samassa qui est dans les cages, et sur la dernière action, ce n'est pas Yatabaré, étant donné que c'est une action tourangelle...",0
2013-04-13T22:22:37Z,C'est Kouakou et non Yatabaré !,1
2012-10-26T13:39:06Z,It's not the goalie fault. Stop using this kind of judging title.,0
2012-10-26T12:28:40Z,what a muppet. he never even touched the ball but claims the goal,0
2013-02-26T10:08:24Z,rachiiiiiiiiiiiiiiiiiiiiiiiiiiiid ghazzzzzzzzzeeeeeeeeeeeeeeeeel,0
2013-02-25T10:57:08Z,dans deux ans il sera la convoitise des grands clubs...,0
2013-02-25T09:49:11Z,c'est bien Ghezzal continu comme ça,0
2013-02-24T23:12:10Z,Heureusement que Rachid a une bougie,0
2013-06-16T12:33:41Z,Goalie is not happy,0
2013-07-25T04:44:39Z,"makayn ghir lwidad
",0
2013-07-24T02:40:26Z,Na-Nana-na Nelly,0
2012-01-15T01:57:38Z,dima wydad,0
2011-12-22T12:02:24Z,Le titre de la musique SVP !,0
2011-12-12T21:15:06Z,ce né pas HD,0
2013-05-19T11:15:04Z,Dima Raja,0
2013-07-17T19:00:32Z,Un grand joueur ne fête jamais son but contre son ancienne équipe !!!!!!,0
2012-12-16T21:45:28Z,Vraiment somptueux ce but ! ,0
2012-12-16T16:08:38Z,"AHHH y aura plus de toiles d'araignées de ce coté là, superbe but !!!!!!",0
2013-06-15T17:26:47Z,"Gol kedua amri.
Amri byk buat gol mcm tu...
Trbaeekkk Wak Am...",0
2013-06-13T17:47:31Z,Pemanasan bdn buat pemain malaya,0
