publish_date,title,view_count
2013-03-09T23:00:19Z,CS Sedan - Le Mans FC (2-1) - Le résumé (CSSA - LEMANS) / 2012-13,5841
2013-04-06T22:00:13Z,RC Lens - CS Sedan (2-2) - Le résumé (RCL - CSSA) / 2012-13,6543
2012-10-02T11:50:54Z,But | Football | Le Five Creteil | Naim,217
2013-05-11T22:00:12Z,CS Sedan - Chamois Niortais (0-2) - Le résumé (CSSA - NIORT) / 2012-13,2201
2013-03-17T14:54:08Z,AC Arles Avignon - CS Sedan (2-2) - Le résumé (ACA - CSSA) / 2012-13,2322
2013-02-05T21:52:47Z,Pedro Nhime - melhores momentos futebol,333
2013-03-30T23:00:14Z,CS Sedan - EA Guingamp (1-2) - Le résumé (CSSA - EAG) / 2012-13,3712
2013-05-13T11:18:06Z,CA [ 0 - 1 ] EST ## Karim Aouadhi,258
2012-11-30T01:08:57Z,ali kalai,957
2013-03-17T14:58:10Z,But Iheb Msakni ♥,294
2013-05-12T16:49:40Z,EST - CA (1-0) : But de Karim Aouadhi,2389
2012-12-07T18:57:43Z,LOSC : Mickaël Landreau démissionne !!!,936
2013-07-24T05:19:12Z,23h00 ngày 24/7: Lille vs Red Star - banthangvang.com,42
2013-01-19T20:20:38Z,foot Le Mans mercato Jérémie JANOT ne dit pas non au LOSC sur LMtv sarthe,503
