published-time,comment,likes
2013-03-09T23:58:43Z,"encor une def :s
",1
2013-04-09T18:18:09Z,allez sedan jsuis peut etre le seul a le croire mais je crois que vous pouvez le faire go cssa,0
2013-04-07T11:10:54Z,"voleur
",0
2013-04-07T08:40:17Z,"La barre à la fin n'est pas à la bonne place, ça faisait encore 2-1",0
2013-04-06T23:57:08Z,pff Lens méritais pas!! Aller Sedan Ya de l'espoir encore!,0
2013-04-06T23:52:29Z,"Jolie remontée Lensoise mais que de frissons jusqu'au terme du match ! 
",0
2013-05-11T23:11:35Z,Merci c vraiment cool !,0
2013-03-18T17:40:24Z,ça va pas bien,0
2013-03-17T20:19:03Z,Mmmmmmmmmmmmmmmmmmmmmmmmmmmmmmmmmmmmmmmmmmmhh..... Baliboump !!,0
2013-02-14T15:27:51Z,"joga mto em pedro , esse vai longe ;)
",0
