publish_date,title,view_count
2012-12-25T08:22:08Z,Mamadou WAGUE [Foot In Vidéo],1606
2013-04-13T22:00:15Z,SM Caen - RC Lens (0-0) - Le résumé (SMC - RCL) / 2012-13,2675
2013-03-02T23:00:15Z,Tours FC - SM Caen (1-1) - Le résumé (TOURS - SMC) / 2012-13,2397
2013-01-10T00:28:55Z,°°º CAN 2013 Mali_23 Aigles ºº°,4850
2013-05-18T22:00:11Z,Châteauroux - SM Caen (2-2) - Le résumé (LBC - SMC) / 2012-13,3203
2013-04-27T22:00:13Z,SM Caen - Dijon FCO (2-2) - Le résumé (SMC - DFCO) / 2012-13,12547
2013-04-09T10:00:27Z,Havre AC - SM Caen (1-1) - Le résumé (HAC - SMC) / 2012-13,9808
2013-05-14T10:00:26Z,SM Caen - FC Nantes (0-1) - Le résumé (SMC - FCN) / 2012-13,30253
2013-03-16T16:56:30Z,• Aigles du Mali 11 • Qualifications World cup 2014 • HD •,6177
2013-03-30T23:00:14Z,SM Caen - AC Arles Avignon (1-1) - Le résumé (SMC - ACA) / 2012-13,2720
2013-03-17T14:45:15Z,EA Guingamp - SM Caen (1-0) - Le résumé (EAG - SMC) / 2012-13,13145
2013-05-04T22:00:10Z,AS Monaco FC - SM Caen (0-1) - Le résumé (ASM - SMC) / 2012-13,13469
2013-04-20T22:00:15Z,Angers SCO - SM Caen (1-1) - Le résumé (SCO - SMC) / 2012-13,5248
2013-05-23T20:43:44Z,▒ Yacouba Sylla : Nouvel Aigle du Mali ▒,6398
2013-01-04T01:32:26Z,Pré - CAN 2013  Aigles du Mali 28 Pré - sélectionnés,24487
2012-08-25T02:23:27Z,Football/Coupe nationale du Mali: L&#39;US de Bougouni et les 11 createurs de Niaréla en finale,1376
2013-05-30T09:48:10Z,Aigles du mali avant match bretagne mali (1- 0) à carquefou,1598
2013-05-22T22:00:00Z,Teaser Amical Bretagne - Mali 28/05/13 HD,1787
2013-04-24T17:23:58Z,Maroc vs Tunisie beaux buts mazimbi vs Raja 2020  اجمل اهداف,145
2013-06-02T15:03:08Z,"Gérard Russo, président de Bretagne Football Association lors du match Bretagne-Mali (1-0)",518
2013-06-01T16:03:58Z,Pablo Armero||Udinese||Goals&amp;Assists (HD),1116
2013-06-10T11:45:53Z,Les buts du match Mali-Rwanda (1-1) www.malifootball.com 09/06/2013,3364
2013-06-02T08:59:28Z,extrait match bretagne mali malifootball com,2543
2013-06-02T08:35:31Z,Yacouba Sylla Aston Villa ) explique sa première sélection avec les Aigles du Mali,4677
2013-05-28T22:38:29Z,Stage Aigles du Mali-match amical_Bretagne-Mali-28-Mai-2013 www.malifootball.com,5247
