publish_date,title,view_count
2012-11-28T15:10:59Z,Son of Haigi scores. 14-year-old Ianis Hagi scores for Romania.,353
2013-03-16T12:04:43Z,Ianis Hagi Son of Legendary Gheorghe Hagi Score directly from a corner 16/03/2013,1745
2013-06-09T18:21:54Z,kamal academy vs thamer int. school,502
2013-03-19T00:48:54Z,1º de Erlantz al Basconia.,188
2013-06-28T23:16:36Z,"JEDAN JE CILJ, JEDAN JE PUT, SAMO JE JEDAN DOM!",10038
2013-03-04T22:23:04Z,PSG vs OM cdf - Tete plongeante Gameiro,867
2012-09-13T07:40:50Z,"Le FC Istres affronte un grand, l&#39;AJ Auxerre",505
2013-04-06T18:25:46Z,ZLATAN MÉCONTENT EN REGARDANT LE RALENTI,3167
2013-01-07T14:20:44Z,futur grand gardien de but d&#39;afrique,6238
