published-time,comment,likes
2013-05-12T20:16:32Z,Superbe but de fontaine tout juste magnifique !!!,1
2013-05-12T15:39:13Z,Dommage pour le mans ! National l'année prochaine !,1
2013-05-11T22:07:55Z,NAN MON FIRST :(,1
2013-05-11T22:03:58Z,First,1
2013-04-28T16:20:44Z,"Non il n'y a pas hors jeu et oui le carton rouge est très sévère... Le HAC a empoché 4 cartons jaunes et un carton rouge alors que Tours n'en a empoché aucun... Il est possible de constater que les arbitres ont le HAC dans le nez ces derniers matchs il me semble, mais après cela fait partie du jeu !",0
2013-04-28T01:57:06Z,Sur le 2eme but du havre ya pas hors jeu ?,0
2013-04-28T01:00:45Z,"bien joué les gars, sévère le carton rouge
",0
2013-04-27T22:03:10Z,FIRST + bien joué le Havre :),0
2013-04-03T14:34:19Z,ALLEZ LE HAC!!!,0
2013-04-02T15:19:26Z,Aller le hac,0
2013-04-02T11:19:42Z,Il n'y a pas des images de meilleure qualite? :/,0
2013-03-18T19:20:51Z,Juste le coup franc de Mesloub .. :),0
2013-03-18T00:45:45Z,beau spectacle!!! :),0
2013-06-11T13:51:25Z,Encore une fois l'arbitrage est injuste et favorise beaucoup les caennais ... Mais cela fait partie du jeu après tout...,1
2013-04-12T08:16:14Z,certes mais pour moi la il le touche pas,0
2013-04-10T14:39:34Z,"euh le peno pr le havre moi je le vois pas (et je suis arbitre)
",1
2013-04-09T18:01:04Z,Les gardiens ont fait un beau match avec des beaux arrets,1
2013-04-09T13:48:29Z,Superbe match avec une tete du pour le Havre terrible !!! bj ;),0
2013-04-09T10:42:29Z,"Le penalty pour Caen est plus évident, de plus Nabab se blesse...",0
2013-04-09T10:40:24Z,L'arbitrage de merde sérieux --' Penalty pour le HAC même pas sifflé et pour Caen sifflé --',0
2013-04-09T10:26:23Z,"L'arbitrage qui favorise les caennais ....


Beau match avec de très bon gardiens ",0
2013-04-14T18:39:50Z,"HAC !!!
",1
2013-04-14T16:03:10Z,"Expulsion peu évidente, Clermont méritait sans doute mieux. Cela dit le coup franc havrais est magnifique.",0
2013-05-05T09:59:46Z,"Bien joué, allez le HAC!",0
