published-time,comment,likes
2013-04-16T11:44:03Z,"1:42 = Il dit bien ""Caen va devoir jouer 1/4 d'heure en infériorité numérique"". Après il y a ça oui.
Bref ! On s'en tape :)",0
2013-04-14T08:52:14Z,"Ce commentateur est vraiment naze. C'est pas Caen qui se retrouve en infériorité numérique mais Lens !! Et dans le match Tours-Guingamp, c'est Planté dans les buts de Guingamp en 2ème mi-temps et pas Samassa ... Sans compter les erreurs sur les autres résumés.",0
2013-03-03T16:18:35Z,Bien l'arbitre ! :),0
2013-03-03T12:08:24Z,"encor un arbitre de merde je sais pas ou il le voit le peno
on c vraiment fais voler",0
2013-03-03T11:16:40Z,"on sait fait voler comme d'hab !
",0
2013-03-03T10:36:45Z,"c n'importe quoi le but refusé la vache -_-
",0
2013-03-03T08:24:02Z,Arbitre de merde,0
2013-05-20T11:07:14Z,La berrichonne <3,0
2013-05-19T10:10:04Z,Caen.... ligue 2 maintenant,0
2013-06-20T11:50:28Z,Caen !!!!!,0
2013-05-04T17:39:15Z,"Allez Dijon. Vous pouvez remonter. Je m'en rappelle encore au stade Gaston Gérard en Ligue 1 ""DIJONNAIS"" :)",0
2013-05-02T08:57:09Z,"Dijon à fait le jeu ?! Pas du tout j'étais match, ils ont eu 2 occasions franche et ils l'es ont mis c'est tout alors que les Caennais avait l'occasion de tué le match mais avec notre attaquant Nabab qui rentre à la place de Duhamel, ce mec ne marque jamais, quand il centre ça attérri à l'opposer en touche, je crois bien qu'on va ce cotiser pour acheter des pieds à Nabab ! --' Bien jouer à Dijon d'avoir su profiter de la fébrilité des Caennais qui sont censé être la meilleur défense de L2 ! ",0
2013-04-30T09:06:47Z,Allez NO,0
2013-04-28T10:12:50Z,"Et encore ya pire, celui de bayern barça par exemple.
",0
2013-04-28T08:41:17Z,Merci l'arbitre.,0
2013-04-28T07:59:16Z,Dijon !!!!!,0
2013-04-28T07:21:17Z,"Caen ne mérite plus la monté à faire match nul avec la supériorité numérique, ils ne vont rien faire en Ligue 1",0
2013-04-27T22:29:39Z,"Chaperon est ""le héros du match"", Dal O'Glio avait bien raison. Inadmissible d'avoir des arbitres ""pro"" comme ça à un tel niveau.",0
2013-06-11T13:51:25Z,Encore une fois l'arbitrage est injuste et favorise beaucoup les caennais ... Mais cela fait partie du jeu après tout...,1
2013-04-12T08:16:14Z,certes mais pour moi la il le touche pas,0
2013-04-10T14:39:34Z,"euh le peno pr le havre moi je le vois pas (et je suis arbitre)
",1
2013-04-09T18:01:04Z,Les gardiens ont fait un beau match avec des beaux arrets,1
2013-04-09T13:48:29Z,Superbe match avec une tete du pour le Havre terrible !!! bj ;),0
2013-04-09T10:42:29Z,"Le penalty pour Caen est plus évident, de plus Nabab se blesse...",0
2013-04-09T10:40:24Z,L'arbitrage de merde sérieux --' Penalty pour le HAC même pas sifflé et pour Caen sifflé --',0
2013-04-09T10:26:23Z,"L'arbitrage qui favorise les caennais ....


Beau match avec de très bon gardiens ",0
2013-07-30T21:21:17Z,merci riou !,0
2013-07-08T20:47:10Z,Fcnantes-3,0
2013-05-24T12:00:51Z,"
						
	

Site officiel	
fcnantes.com     FC Nantes TV     Boutique     	
 
Saison
 
Formation
 
Club
 
Fan Zone
 
Evénements
 
Billetterie

















 


	
20 mai 2013     

Pros : L'agenda avant FC Istres - FCN


Le programme de la dernière semaine d'entraînements des Canaris, avant le déplacement à Istres, vendredi 24 mai, en 38ème journée de Ligue 2.

L'agenda du 20 au 24 mai 2013

Matin	Après-midi
Lundi	 	 
Mardi	 	
Mercredi	 Entraînement
10h00 	 
Jeudi	Entraînement
10h00	
Vendr",0
2013-05-17T19:10:46Z,Victoire des Canaris contre le cours du jeu...,0
2013-05-17T19:03:11Z,Les matches du lundi soir ne sont jamais commentés,0
2013-05-16T09:21:19Z,"ça plaisir de revoir Nantes et la beaujoire en ligue 1, même si c'est pas encore fait (presque)^^",2
2013-05-15T19:39:28Z,beau but quand même!,1
2013-05-14T21:19:17Z,ALLER NANTES,0
2013-05-14T21:18:50Z,Jsui deg il y a plus que des places à 25 euros prix Nantes vendredi soir :'(,0
2013-05-14T20:56:11Z,Faites nous rever Vendre contre Sedan à la Maison on sera 36000,0
2013-05-14T19:19:28Z,"caen va monter en ligue 1 l'année prochaine et le stade était plein 
",0
2013-05-14T18:17:22Z,"On ne méritait pas de gagner ce match au vu du niveau de jeu de toute manière, par contre faut arrêter les ""pénalty scandaleux"" et autres, c'est bien d'être chauvin mais bon, qu'on dise ""pas évident"" je veux bien mais quand tu vois le ralenti, c'est clairement nangis qui dévie le ballon du bout du pied droit et non le nantais, juste histoire de rétablir les faits ;)",0
2013-05-14T16:46:13Z,"Trop cool, allez Nantes!",1
2013-05-14T16:19:01Z,Superbe but de Nantes et le dégagement de Riou sur le but est d'une précision extrême !!! Allez Nantes ! On est presque en ligue 1 !,1
2013-05-14T15:55:14Z,Allez Nantes! #ligue1,1
2013-05-14T15:13:44Z,Bientot Nantes en L1 ! :D,1
2013-05-14T11:33:30Z,ou est passé le commentateur ? Allez le FCN,1
2013-05-14T10:39:56Z,Gfca... Veilex revient ...,0
2013-05-14T10:09:01Z,pénalty scandaleux mais justice a été faite ! cet arret de remi vaut de l'or ! ,0
2013-03-31T08:52:07Z,Il disent ''Perquis a eu quelques Parades décisives à faire'' C’était Bosmel à la 2 Mi-Temps U_u,0
2013-03-20T13:17:47Z,En force EAG ,0
2013-03-18T20:33:01Z,En force SMC,0
2013-03-17T20:47:38Z,Le terrain ok ! Mais aller eag !!,0
2013-03-17T20:30:37Z,"Regardez l'état du terrain, désastreux !!! Et y a de + en + de terrains comme ça, c'est triste et honteux à la fois :(",0
2013-03-17T15:45:26Z,"EAG! <3
",0
2013-05-07T11:34:26Z,Dommage que contre clermont hier Nantes est perdue ! sa fait chier je pensais aussi au titre possible pour nantes mais la avec la défaite hier faut absolument la LIGUE 1 et que Nantes gagne contre caen,0
2013-05-06T19:56:12Z,Sisi malherbe les meilleurs victoire  nantes lundi et cest bon,0
2013-05-06T16:37:49Z,Allez soyons fou les amis ! On enchaine 3 victoire derrière et a nous la L1 ! Go Malherbe !,0
2013-05-05T19:33:29Z,"Bon Sang, il faut gagner, allez l'AS Monaco",0
2013-05-05T17:31:05Z,"Allez les Caennais on y crois encore mais faut gagner les 3 derniers matchs ou alors 1 nul et 2 victoires ! J'aime bien le commentateur ""Caen qui à de la chance"", bah enfin depuis le temps qu'on en avait pas eu ^^' ! ",0
2013-05-05T12:30:02Z,Malherbe veut sa place en Ligue 1 !!! :),0
2013-05-05T09:43:40Z,sa pimente la fin de saison. Aller Nantes on croie au titre !,0
2013-05-05T06:22:27Z,seum seum seum aller monaco  ,0
2013-05-05T04:44:50Z,Aller malherbe,0
2013-04-25T11:41:46Z,Allez le SCO en route pour la montée,0
2013-04-22T15:30:04Z,Magnifique but angevin !!!,0
2013-04-22T15:16:29Z,"Allez Malherbe !!!!
on croit à la montée !
",0
2013-04-21T11:01:29Z,Allez malherbe,0
2013-06-01T17:47:24Z,"Nagyon kezdő vagyok még a szakmában,még igazából csak próbálkozom,nem igazán tudom,hogyan kell..
Gondolom tőled kaptam a dislikeot is,na nem baj,negatív kritikát is el kell fogadnom :D (Tudom,hogy rémgyenge videó lett)",0
2013-06-11T13:44:15Z,te fatigue pas malien c'est L'A L G E R I E qui iras au bresil.,0
2013-05-28T22:51:28Z,Vive les AIGLES...!!,0
