publish_date,title,view_count
2013-07-05T20:16:20Z,Meite yacoub,366
2012-10-11T12:57:46Z,Soccer skills by johnny mietes,289
2013-04-24T21:17:13Z,Goal Jérémie BRECHET (27&#39;) - Stade Rennais FC - ESTAC Troyes (1-2) / 2012-13,198
2012-12-05T05:14:03Z,MILAN - BARCELONA 0 - 0 QUARTI DI FINALE UEFA CHAMPIONS LEAGUE 28/03/12,55
2013-03-10T23:00:40Z,Goal Ronny RODELIN (55&#39;) - Valenciennes FC - LOSC Lille (1-3) / 2012-13,209
2013-02-16T20:31:51Z,Goal Delaplace SV Zulte Waregem - Waasland Beveren 2-0,1825
2012-08-08T14:48:42Z,Hamalainen: &quot;Meer doen dan enkel verdedigen&quot;,859
