published-time,comment,likes
2013-04-18T21:40:41Z,سبحان الله والحمد لله والله اكبر ولا اله الا الله,0
2013-03-12T12:18:36Z,الي يكرهن بكاسياس انه خروف حمار يعام كل شي لزوجته وهي ماتقصر بل فضايح و هو وراموس مايبون مورينهو,0
2013-03-08T13:33:42Z,"دييجو  لوبيز كان رائع و يستاهل رجلا  المباراة 
هو جيد جدا في الكرات الهوائية لكن ضعيف في الكرات الأرضية 
يبقى القديس الأفضل في العالم حتى من ناحية رد الفعل فهو الأسرع 
و لكن إلى أن يسترجع مستواه دييجو يعمر مكانه أفضل من أي حارس أخر    ",0
2013-03-07T17:15:25Z,"كاسياس مستواه افضل من لوبيز لكن لوبيز ليس سيء
لكن مشكلة كاسياس مشاكله كثيرة مع المدرب ومع اللاعباء الاجانب  وتنقل مايحدث فب غرف الملابس للصحافة وانت في فريق احترافي كبير وهذا المشاكل تؤثر بالطبع في الفريق ...",0
2013-03-07T15:27:43Z,البديل الممتاز لكاسياس وأتى في الوقت المناسب .. ووجد الدافع للعودة إلى مستواه السابق باللعب مع الريال ,0
2013-03-07T04:04:38Z,لوبيز انت الافضل,0
2013-03-07T02:43:28Z,"ريال مدريد اكبر من اي لاعب وحتى لو كان كاسياس
",0
2013-03-07T02:36:31Z,افضل من كاسياس لازم يستمر اساسي هذا من اسباب الفوز على برشلونه مرتين وعلى يونايتد,0
2013-03-07T02:35:22Z,بديت انسى كاسياس..لا اصدق,0
2013-03-07T02:11:06Z,بطل ,0
2013-04-03T18:16:28Z,REGARDER MES VIDéo,0
2013-04-03T15:24:37Z,t surtout tout seul mon gros =),0
2013-03-03T23:31:18Z,Euhhh... first--' (oui je suis un boloss--) ,0
