publish_date,title,view_count
2013-02-04T04:47:01Z,Donovan&#39;s goal vs Houston in MLS cup 2012,42
2013-01-30T14:51:54Z,Brilliant goal! Arrechea scores for Leon,105
2013-06-20T07:28:30Z,Landon Donovan vs Portland Timbers - From the Locker Room,293
2012-10-20T22:00:12Z,AJ Auxerre - RC Lens (1-2) - Le résumé (AJA - RCL) / 2012-13,9863
2013-02-27T20:27:49Z,Landon Donovan Goal - Confederations Cup 2009 vs Brazil,12595
2013-05-18T22:00:11Z,AJ Auxerre - Clermont Foot (1-1) - Le résumé (AJA - CFA) / 2012-13,2278
2013-05-11T22:00:11Z,AJ Auxerre - Angers SCO (2-2) - Le résumé (AJA - SCO) / 2012-13,5157
2012-12-01T23:00:17Z,Châteauroux - AJ Auxerre (1-1) - Le résumé (LBC - AJA) / 2012-13,3620
2013-05-04T22:00:10Z,Chamois Niortais - AJ Auxerre (0-1) - Le résumé (NIORT - AJA) / 2012-13,2570
2013-05-25T22:00:36Z,Nîmes Olympique - AJ Auxerre (4-2) - Le résumé (NIMES - AJA) / 2012-13,3472
2013-07-21T21:55:52Z,Landon Donovan tries on sunglasses -USMNT vs El Salvador,60774
2012-11-04T00:01:34Z,AJ Auxerre - GFC Ajaccio (1-1) - Le résumé (AJA - GFCA) / 2012-13,2619
2012-10-27T22:00:12Z,Dijon FCO - AJ Auxerre (0-1) - Le résumé (DFCO - AJA) / 2012-13,3859
2013-07-06T04:43:34Z,Usa 2-0 Guate penal Donovan,77
2013-02-25T18:46:59Z,Violencia en el Chivas de Guadalajara vs Leon 2013,6902
2012-11-02T16:54:19Z,Landon Donovan scoring a penalty kick vs Vancouver,53
2012-10-18T22:03:12Z,León tendrá policía especial para los partidos,70
2013-05-12T02:00:09Z,"Acceso Total con Landon Donovan - Galaxy Confidencial: Temporada 2, Episodio 7 (segmento)",545
2013-03-29T16:41:15Z,Landon Donovan Sets His Sights on MLS Return - The Daily 3/29,1537
2013-02-01T19:31:12Z,Landon Donovan - Creator/Destroyer,73951
2013-07-30T23:37:32Z,León vs Selección Mexicana de Futbol - Nou Camp - 2012 (15),89
2013-05-21T10:05:07Z,"Juninho Pernambucano: &#39;Donovan, cocco degli arbitri USA&#39;",222
2012-12-02T20:08:39Z,Landon Donovan&#39;s Penalty Kick - 2012 MLS Champs!!!,232
2013-05-28T20:02:01Z,Donovan en Practica de Tiros libres,38
2012-11-22T02:07:34Z,LA GUARIDA DEL LEÓN,9444
2013-02-17T00:19:34Z,Landon Donvovan ★ difference maker★ - Stereo Love,119
2012-11-15T23:27:41Z,CUARTOS IDA | CRUZ AZUL FC 2:1 LEÓN FC,6979
2013-07-25T05:44:34Z,goles copa leon 3 dorados 0,1678
2012-12-11T17:08:41Z,"Marquez Reportedly Leaving NY, Besler to Stay in SKC, FCD Gets Luccin - The Daily 12/11",1508
2012-08-14T16:53:38Z,Locker Room Reaction: Chivas USA vs LA Galaxy,483
2013-02-12T02:26:56Z,Donovan Walker Chino Hills WR 2014 vs Coverage February 2013 II,81
2013-07-22T00:12:58Z,León vs Atlante J01 Apertura 2013 - La expulsión del Kikín Fonseca [HD] (Videos del Club León),3574
2013-07-29T18:20:25Z,verdiblancoTV 2nda Temp. 01_01,764
2013-01-30T02:14:48Z,Gol de León ante Iquique (Arrechea al m46),1659
2012-08-16T05:53:30Z,Medio Tiempo.- Ganar a México no es todo: Landon Donovan,492
2013-01-30T02:27:48Z,Goles minutos 46 y 57: León vs Iquique,172
2013-01-04T20:36:21Z,América vs León J14 Apertura 2012 - Gol Nelson Sebastián Maz Rosano 1-0 [HD],3486
2012-10-31T06:51:17Z,Reacciones de Landon Donovan,108
2013-06-10T20:38:22Z,30 yard goal and an awful throw-in - GBU Ep. 7,5609
2013-04-23T14:43:08Z,"Interview: Michael McGlinchey, midfielder - Central Coast Mariners",308
2012-10-28T01:55:46Z,Linda Afición.,18851
2012-12-14T22:23:58Z,presentacion rafa marquez en el estadio leon,29649
2013-04-14T03:25:46Z,César Vallejo 1-0 Alianza Lima (Fecha 9 - Copa Movistar 2013),4027
2013-07-05T21:37:52Z,Xolos Players on Men&#39;s National Team,28057
2013-04-28T05:18:39Z,"Highlights: Sporting 2, Timbers 3",8757
2013-02-09T20:20:47Z,Donovan Gilmore Interview - Postgame 2013,367
2013-06-13T17:40:31Z,Profesor Ricardo Enríquez,1506
2012-11-25T19:04:19Z,Entrevista con &#39;La Tota&#39; Carbajal,3466
2013-07-11T20:53:52Z,Landon Donovan asegura que EEUU todavía es la mejor del área,68
2012-12-13T18:15:17Z,"Marquez Says Adios, Chelís Says Hola, POR and SKC New Rosters - The Daily 12/13",1586
