published-time,comment,likes
2013-04-02T15:22:13Z,ALLEZ LAVAL,2
2013-02-18T19:23:10Z,le mans ALLEZ ALLEZ LE MANS,2
2013-02-08T20:30:58Z,Allez les nantais on les applaudit pour enfin ce rattrapage de plusieurs saison manquées!!!!!,1
2013-02-08T18:23:09Z,FCNANTES ! FCNANTES ! FCNANTES !,0
2013-02-06T13:30:40Z,Wesh Nantes!!!15ème but de Djo!!!,0
2013-02-05T01:30:46Z,"une mauvaise nouvelle vient de tomber pour le FC Nantes 
interdiction de recruter pendant 1 ans .Dommage si on monte ",0
2013-02-04T19:43:02Z,c'est moi ou il y a + de buts et de matchs à rebondissements en ligue 2 qu'en ligue 1 ?,0
2013-02-04T03:53:15Z,ça fais plaisir l'année prochaine je pourrais enfin revoir un mythique bordeaux vs nantes ,1
2013-02-03T20:44:14Z,LE MANS CEST LA MISEREEE MISEREEE MISEREEE!!!,0
2013-02-03T19:46:57Z,"EN L1 C'est L'OM en l1 je suis pour l'om et l2 pour le muc
",1
2013-02-03T19:44:53Z,"allez le mans ALLEZ ALLEZ ALLEZ LE MANS
",2
2013-02-03T14:08:00Z,drrraaa 44 RPZ aïe aïe aïe !!!,0
2013-02-03T10:29:03Z,FCNANTES !!,0
2013-02-21T19:40:37Z,ta gueule allez le mans,1
2013-02-21T19:40:15Z,allez le mans,1
2013-01-20T11:10:42Z,Vive Le Mans FC !! POuce vert si vous serez là à Le Mans FC - SM Caen . :),1
2013-01-19T23:37:23Z,Bell victoire de Le Mans avec un bon Janot :),1
