published-time,comment,likes
2013-04-16T11:44:03Z,"1:42 = Il dit bien ""Caen va devoir jouer 1/4 d'heure en infériorité numérique"". Après il y a ça oui.
Bref ! On s'en tape :)",0
2013-04-14T08:52:14Z,"Ce commentateur est vraiment naze. C'est pas Caen qui se retrouve en infériorité numérique mais Lens !! Et dans le match Tours-Guingamp, c'est Planté dans les buts de Guingamp en 2ème mi-temps et pas Samassa ... Sans compter les erreurs sur les autres résumés.",0
2013-07-13T14:08:05Z,"Il faut souligner deux poind"". Le mauvais  Que vas faire le nouvelle entraîneu avec des joueurs qui sont pas capable de gagner contre une nationale. Si j étais joueur je ne serai pas dans mon état j aurais peur pour ma place... Le bon poind c est qu il y avait un réel jeux technique devant le  but , mais maintenant ils faut qu il soit plus décisif dans le prochain match",0
2013-07-13T01:32:33Z,Je la sens mal la saison,0
2013-07-12T22:52:15Z,Vidéos du Kop lensois a AMIENS sur ma chaine : RCLENS NORD!! <3,0
