publish_date,title,view_count
2013-03-13T16:11:40Z,PORTRAIT DE JIAQI ZHANG JOUEUR LE MANS FC,604
2012-11-26T19:42:54Z,jiaqi zhang LEMANS FC.mpg,1029
2013-04-20T22:00:15Z,EA Guingamp - Le Mans FC (6-1) - Le résumé (EAG - LEMANS) / 2012-13,23539
2013-02-09T23:00:28Z,Clermont Foot - Le Mans FC (1-1) - Le résumé (CFA - LEMANS) / 2012-13,1703
2013-04-13T22:00:15Z,Le Mans FC - FC Istres (1-2) - Le résumé (LEMANS - FCIOP) / 2012-13,1789
2013-02-23T23:00:15Z,Chamois Niortais - Le Mans FC (2-3) - Le résumé (NIORT - LEMANS) / 2012-13,7307
2013-02-16T23:00:14Z,Le Mans FC - SM Caen (1-1) - Le résumé (LEMANS - SMC) / 2012-13,4572
2013-05-04T22:00:10Z,GFC Ajaccio - Le Mans FC (1-3) - Le résumé (GFCA - LEMANS) / 2012-13,6461
2013-05-18T22:00:11Z,AS Monaco FC - Le Mans FC (2-1) - Le résumé (ASM - LEMANS) / 2012-13,11470
2013-03-02T23:00:14Z,Le Mans FC - Angers SCO (0-2) - Le résumé (LEMANS - SCO) / 2012-13,6795
2013-04-27T22:00:13Z,Le Mans FC - AC Arles Avignon (0-0) - Le résumé (LEMANS - ACA) / 2012-13,1342
2013-05-11T22:00:12Z,Le Mans FC - Havre AC (0-4) - Le résumé (LEMANS - HAC) / 2012-13,7484
2013-04-06T22:00:13Z,Le Mans FC - Tours FC (1-0) - Le résumé (LEMANS - TOURS) / 2012-13,5503
2013-02-23T18:31:42Z,Conférence de presse Chamois Niortais - Le Mans FC (2-3) / 2012-13,209
2013-03-02T18:32:36Z,Conférence de presse Le Mans FC - Angers SCO (0-2) / 2012-13,141
2013-07-14T21:22:53Z,Le Mans FC en division d&#39;honneur,1418
2013-03-05T00:04:26Z,02.03.13 Le mans勒芒 vs Angers昂热,37
2012-12-12T16:18:21Z,Football : Le Mans - Gazelec d&#39;Ajaccio,2307
2012-08-21T15:08:01Z,Interview Mathieu Debonne,506
2013-04-05T18:55:11Z,Le Mans FC : Michel Moulin se retire,424
2013-07-09T16:55:20Z,Le Mans FC jouera la saison prochaine en Division d&#39;honneur (DH),776
2012-12-28T03:18:44Z,[足球之夜]完整版 20121227 Uploaded By CFvLeon,1366
2012-11-20T17:02:44Z,Gazette LeMans FC : Le geste technique de Zito,3357
2013-03-29T17:32:48Z,Morgan Sanson,2169
2012-12-06T18:08:06Z,Airfood Project LEMANS FC,2733
2012-08-21T06:14:20Z,20-8-2012 le mans fc  aj auxerre but frederic thomas 3-1,742
2013-07-17T20:11:35Z,CALIFORNIA STATE OPEN MIKE VS cOACH RAMIL,136
