published-time,comment,likes
2013-01-28T14:02:24Z,"A voir très beau but :

But de Touzghar Amiens - Lens Septembre 2011 vu de la tribune Nord",1
2012-10-22T18:33:00Z,"Le début d'une grande remontée , éspéront le ",1
2013-06-29T15:57:23Z,The problem about that US team was that it exerted so much energy so early that by the second half we had nothing left in the tank.,0
2013-06-28T20:32:57Z,"wait, who is the head coach now?",0
2013-06-28T20:08:37Z,Did they die!?,0
2013-06-28T20:08:04Z,until the second half...,0
2013-05-20T16:02:07Z,"MERCIII  !!HENGBART <3 AJA <3
",1
2013-05-19T12:09:16Z,Au revoir Hengbart <3 :'(,1
2013-05-11T23:33:34Z,Allez le SCO !!!!!,1
2013-01-26T17:50:29Z,Congratz Paul-Arnold!!!,0
2012-12-09T14:44:36Z,Une future pépite ce Garita ! ,0
2013-05-05T18:25:50Z,j'etai ramasseur de ball =) et malheureuse esayildi ne pas pas donner son maillot comme prevus ...,0
2013-06-12T10:30:56Z,Bouby !,0
2013-06-12T10:27:06Z,GO NO,0
2013-06-02T13:50:26Z,all-in for Bouby !,0
2013-07-28T00:29:50Z,5-1 isn't unlucky my friend... that's a thrashing...,1
2013-07-27T20:16:55Z,"No one cares otherwise even if you weren't mexican. 
",0
2013-07-24T22:38:37Z,"I'm from Mexico, but Landon is charismatic.",1
2013-07-24T00:17:23Z,Hahahaha I agree!!,0
2013-07-23T23:06:21Z,Isso q é futebol com estilo...,0
2013-07-23T16:44:33Z,lol ,0
2013-07-23T06:27:46Z,"I'm mexican, but this is very funny, i was watching the USA vs El Salvador when i see that... haha Landon ",1
2013-07-22T16:50:35Z,"all you redditors,9gagers,4chaners,gif creators! make this shades thing happen!!!!!!!!",0
2013-07-22T16:44:36Z,Hey guys check out my new freestyle video on my channel,0
2013-07-22T09:36:02Z,"""I can see clearly now my specs are back""",0
2013-07-22T04:00:04Z,"""Deal with it.""",0
2013-07-22T03:44:18Z,El Salvador OUT!!!!!!,0
2013-07-22T02:05:00Z,"por que le tiraron unos lentes , es ciego al Disparar al arco o que?",0
2013-07-22T01:53:33Z,Someone needs to get the picture and put stay classy el salvador or I usually don't wear sunglasses but when I do its vs el salvador,0
2013-07-22T01:51:50Z,have to find out if someone got a picture of him.,0
2013-07-22T01:50:53Z,"This video is going to go viral.
Funny from Donovan",0
2013-07-22T01:30:07Z,idiotaa,0
2013-07-22T01:05:16Z,Dang linesman had to squash his moment!,0
2013-07-22T00:40:48Z,"like how the ref is all like, ""Don't even THINK about it!"" BEST GIVE WAY, FOR THE USA!!!",1
2013-07-21T23:07:40Z,"lol think he was trying to tell us ""he's back""",0
2013-07-21T22:23:34Z,Pinche Mamon -.-,0
2013-07-20T18:15:46Z,Putain d'auxerrois de *****,2
2013-05-12T14:03:03Z,He has a very well soccer to show to the world !!!,0
2013-03-30T09:52:56Z,welcome back!! donovan!,0
2013-03-30T00:43:16Z,Landon puts the usa national team on his back ,0
2013-03-29T22:18:50Z,"he played for everton? wut u talking about.
",0
2013-03-29T22:15:34Z,"Who is a pansy, Donovan?",0
2013-03-29T20:29:59Z,Bout time Lando is back...,0
2013-03-29T18:28:05Z,Finally. Team USA needs him,0
2013-07-31T02:39:42Z,lol keep dreaming jajajaja,0
2013-07-24T04:52:19Z,"Donovan is the greatest American player ever and could've done very well in Europe. However, he chose to play close to home in the inferior MLS. He played at Everton for one month on a loan and was named the club's player of the month the only month he was there. Just shows you what he might have accomplished. That's why some people don't hold Donovan in great esteem. He never challenged himself by playing in Europe, and instead played it safe in MLS.",0
2013-07-16T05:37:13Z,lol,0
2013-07-14T02:49:06Z,"Can't wait to see Donovan, Dempsey, Bradley, Holden, and Altidore on the field together",0
2013-07-07T16:55:42Z,how can you exepect the USA national team to improve then if the players are competing at such a low level,1
2013-07-05T18:48:43Z,i rather see americans play in the USA and help grow the game here than to go over to euro and barely get any playing time. Soccer will never grow in USA if we keep sending our best players overseas b/c then everybody will be following soccer in euro instead of MLS. ,0
2013-07-05T18:46:49Z,my favorite player and hands down the greatest USA soccer player of all time. I'm so glad to see him back with the national team. ,2
2013-06-24T11:49:43Z,"had potential but wasted his career playing in the MLS. Was good enough to challenge himself in the better European leagues but chose to stay with LA Galaxy, you cannot question his loyalty though.  ",0
2013-06-24T11:47:54Z,difference being iniesta is one of the top 5 players in the world.,0
2013-06-10T04:25:42Z,What's so good about Ontario? It's just an average LA suburb.,0
2013-06-09T01:15:55Z,Haha no,0
2013-06-09T01:15:31Z,Dude not this again you cant compare they're are both Legends for different reason. (ps Donovan is better xD),0
2013-06-02T17:53:50Z,best american player i've seen,0
2013-05-31T02:36:34Z,"not even close, gervinho's is much bigger ",0
2013-05-20T19:26:34Z,"good but not excellent, but he was born in Ontario, so respect.
 ",0
2013-05-05T20:03:07Z,The only guy who can compete with Gervinho's forehead,0
2013-03-29T06:57:29Z,"This is unmotivated Donovan. What he did to Scotland is unmotivated Donovan. He just released a statement saying ""My goal is to play so well for the galaxy that Klinsmann has no choice but to call me back. I understand that no coach wants to deal with what I did but all I want is to get called up and I'm excited for the challenge. I understand I have to compete for it and I wouldn't want it any other way"" -Donovan (something close to that). That sounds like the Donovan we missed on our team",0
2013-03-28T19:23:31Z,the American version of Andres Iniesta. ,0
2013-03-25T18:26:14Z,Amazing. For all the f*ckers that doubt Landon Donovan. What an athlete!,0
2013-03-06T22:33:50Z,Awesome :-),0
2012-11-29T17:11:37Z,afuera del estadio!!,0
2012-11-28T06:47:18Z,"MI LEON NO LLEGO A MAS PERO = ME IRE A COMPRAR LA PLAYER!
PORQUE L QUE TENGO NO ES ORIGINAL.
PERO ME LA COMPRARE 100% Y LA LUSIRE CON MUCHA GARRA!!! CON MUCHO ORGULLO! ;)

GRACIAS!

",0
2012-11-26T22:03:17Z,"afuera del estadio
",0
2012-11-23T23:56:56Z,"ESO, DONDE ESTA DICHA TIENDA???
ALGUNA PAG PARA VENTA FUERA DE LA CIUDAD???
AANIMO ;)
",0
2012-11-22T22:40:43Z,Alguien me podria decir en donde es esa tienda?,0
2012-11-22T02:40:16Z,"DEBERÍAN DE VENDER LOS JERSEY CON LOS NÚMEROS OFICIALES DE LOS JUGADORES O SOLAMENTE LOS NÚMEROS PARA NOSOTROS ESTAMPARLOS EN UNA SERIGRAFIA, CREO QUE ES EL ÚNICO PERO QUE LE PONGO A LA GUARIDA,SALUDOS",0
2012-11-22T02:09:39Z,"QUIERO ENTRADAS PARA SEMIFINAL ARRIBA EL LEON!!!
LIKE SI QUIERES BOLETOS
",0
2012-11-18T20:12:25Z,@Williams martinez. Oilo jajaj mejor portero mis huevos,0
2012-11-18T16:42:47Z,"las caidas claro q duelen los golpes mas,, pero uno decide si quedarte ahi en el piso llorando o levantarte, limpiarte las lagrimas y seguir adelante,, buscando q tu sueño se haga realidad,,, VAMOS CRUZ AZUL,,,,,,,
",0
2012-11-18T03:12:13Z,"Les dije... Este equipo no estaba para campeon, de echo creo que ellos estaban tambien concientes de esto por eso no salieron a jugar vs Leon. Hay para la otra... Quinceañeros   ",0
2012-11-17T06:35:32Z,"dejando el partido aparte que naturalidad para narrar de Cristian martinoli ese tipo d personas nacen para narrar, no practica lo que va a dcir como el perro bermudez o a caso les suena esto? 
""la mueve el equipo mexico""(tapense la nariz)
""tuya mia tenla te la presto acariciala""
""donde las arañas ponen su nido"" etc, awebo ojala cruz azul llegue a la final pa q se ponga buenbo el desmadre",0
2012-11-17T02:25:05Z,Si Cruz Azul sale campeón se lo vamos a deber todo a Corona.,0
2012-11-16T20:36:18Z,"hay que mejorar mucho, recuerda cruz azul que tu rival eres tu mismo, tienes que sacudirte los fantasmas del pasado si quieres darnos una alegria, pero hay que mejorar mucho por que si se juega asi, el elon en su casa no le va a ser dificil meter el gol que necesita",0
2012-11-16T17:36:14Z,Pues todo se define veamos como es q resuelve el tecnico y la puta defensa porq corona no puede si q la puta defensa la cage es un dios lo acepto pero nose q pasa ahora yo solo digo espero q el penal q fallo en chaco no nos perjudique porq ese tipo de putadas siempre nos terminan echando leon no es mejor.q el cruz azul el azul es su propio rival veamos si estamos para campeones ojala asi sea,0
2012-11-16T13:21:37Z,Los equipos que han salido campeones en los últimos torneos han sido aquellos que tienen a sus porteros en su mejor momento y cruz azul tiene al mejor de México y xk no del mundo! Asi que esta es la buena! Awante Corona que este año si nos llega el tan ansiado título!,0
2012-11-16T08:37:16Z,CORONA HASME UN HIJO!!!!!!!!!,0
2012-11-16T08:37:03Z,Si hacen el favor de subir TODA LA LIGA y TODA LA COPA por favor!,0
2012-11-16T06:05:45Z,CORONA NOS DARA EL TITULO,0
2012-11-16T05:37:04Z,vaya!!! se estaban tardando!! :s,0
2012-11-16T04:33:04Z,"yo se la mamo  no ay pedo
",0
2012-11-16T04:02:34Z,"La neta, le voy a hacer un altar a Corona *_*",0
2012-11-16T01:00:35Z,"de acuerdo con usted pero este partido chaco no jugo despues del error, claro le puso el pase al aquino para pavone pero no fue el mismo chaco vamos venga chaco que agarre confiansa si se dedica a jugar chaco claro ni jerry ni aquino le llegan a chaco! salu2",0
2012-11-16T00:52:20Z,donde le ponemos la estatua a corona?,0
2012-11-16T00:43:33Z,Ya era hora!!! alfin suben los videos de los partidos,0
2012-11-16T00:23:47Z,"Cruz Azul nadamas es Corona, Flores y Aquino. El Chaco ya no es ni poco de lo que fue hace dos torneos, Maranhao bueno ni hablar un payaso, y el Tronco Pavone!? Si no le ponen en balon en las patas no hace nada, siempre esta de espaldas el cabron... Le pueden pasar por encima al Leon, Pero dudo mucho que este equipo este para Campeon... Es Corona el que decide.",0
2012-11-16T00:21:05Z,La regada d Chaco ;(.   Vamos azules!!!,0
2012-11-16T00:20:33Z,ya quailficaron ,0
2012-11-16T00:20:19Z,mi equipo por siempre,0
2012-11-16T00:03:01Z,"Vamos azul el sábado decidimos todo tengo ""fe"" en ustedes =).
",0
2013-07-25T06:50:17Z,"Buen arranque de los verdes ojala y sigan asi,",0
2013-01-07T05:17:28Z,he's a good guy. ,0
2012-12-13T15:20:20Z,I'm a huge Red Bulls fan. Marquez has let us down way too many times. I'm extremely pleased with this news.,0
2012-12-12T22:08:45Z,Same! although I'm glad he is leaving to a better league.,0
2012-12-12T10:52:02Z,What does FCDallas have against white players?  There's Brek Shea and one other dude whose name I don't even know.  WTF?,0
2012-12-12T10:50:30Z,"THE WHOLE FUCKING LEAGUE WILL BE BETTER WITHOUT MARQUEZ.  
He's one of the most disgusting people I've ever seen play football.",0
2012-12-12T06:05:35Z,hes more of a flopping little girl,0
2012-12-12T05:42:18Z,"Marquez is good when he wants to play. Gives great passes, BUT he is stupid. He looses it a lot now, by giving away stupid fouls and getting ejected from games for very childish decisions he makes. Plus his age is showing more and more because he is slow. But I think NY is better off without him",0
2012-12-12T04:32:59Z,"@hworkdedication I guess you haven't seen him ""play""",0
2012-12-12T04:32:05Z,Feilhaber moved to Sporting KC.  Just pointing it out for tomorrow.,0
2012-12-12T00:35:18Z,"Fucking Marquez cost us loses with his shit behavior. Maybe he was a star at Monaco and Barca but that's no reason to be so damn arrogant. Look at Henry for example, better than Marquez EVER was but never was reportedly talking trash of teammates like Marquez. I wish Marquez luck in Mexico (hopefully he goes there) but, nobody in NY will miss you... ",0
2012-12-11T20:21:18Z,You're kidding right? The guy brings down the whole team every time he is on the field. I say good riddance and hope the door hits him on the way out.,0
2012-12-11T20:02:51Z,Marquez should leave he's way to good for the mls,0
2012-12-11T18:52:02Z,"Injuries have really brought down Marquez. It's crazy seeing how Barcelona made a rare farewell event for him, not even Ronaldinho received the same gesture, and now he can't make a consistent impact in MLS. Good luck to him.",0
2012-12-11T18:32:55Z,No shit he is better then me dick head i don't play soccer for the pros fuckin idiot,0
2012-12-11T18:13:19Z,"WTF? Valdes is a b!tch. As soon as he works well with the union and gets a callup to his national team, he has other ideas to play with another club? I thought he was loyal but i guess hes not...",0
2012-12-11T18:08:32Z,"We are better without Rafa; we have young defenders like Barklage and Lade who have proved their worth and deserve playing time. Now we have Olave so why do we need Marquez? Marquez is a diver, cheater, and a dirty player. Yes hes played for Barcalona, but he has also tortured NY with his cards, like in the playoffs this year vs DC we had a one man lead and he blew it with his stupid fouls and got sent off. We don't need rafa anymore.
",0
2012-12-11T18:05:24Z,"Had a couple of moments but he was an arrogant, stubborn, and lazy red bull. Glad he will be gone, ole!",0
2012-12-11T18:02:39Z,he is better then every1 in that red bull team lol,0
2012-12-11T17:27:39Z,any news on montero with the possibility of him going to play for millonarios in colombia?,0
2012-12-11T17:24:41Z,Fuck marquez he thinks he is better then everybody,0
2012-08-15T04:07:11Z,"I was there
And it was amazing to shut those chivas fans up lol",0
2012-08-14T18:19:39Z,WEST COAST,0
2012-08-14T17:26:22Z,"Congrats to Landon on breaking his career record with the four assists in that game!
#ScarvesUp",0
2013-04-02T02:30:46Z,"Esas sí son invasiones, no que los pinches Ti-te-res
",1
2013-06-11T04:37:54Z,Make this available in every country,0
2013-06-10T23:42:40Z,First three people to comment are benders!,0
2013-06-10T22:57:23Z,"third
",0
2013-06-10T22:09:10Z,second,0
2012-11-22T04:22:20Z,"que golazo de britos me encanto fue el primero¡¡¡¡¡¡¡ ¡arriba leon! y sigue asi a ser campeon de la liga mx
",0
2012-10-30T08:38:45Z,"GRANDE MELITON, IR A FELICITAR A TU COMPAÑERO CON EL QUE TE DISPUTAS EL PUESTO !!!!  ESO ES HUMILDAD.  VAMOS VERDES, ARRE LEON !!!",0
2012-10-29T22:04:56Z,"como se llama la cancion del video ????
",0
2012-10-29T09:19:38Z,Deverian publicar estos videos tambien en Facebook y Twitter,0
2012-10-29T09:19:03Z,"La aficion de León la mejor de todas ojala nos sigan dando alegrias, gracias León!!
",0
2012-10-29T02:53:13Z,Quien canta esta canción que la he tratado de encontrar y no puedo?,0
2012-10-28T04:56:20Z,"como me encantan estos videos claro que si por que la aficion o la hinchada tambien tiene mucho que veer en el progreso de el Leon, gracias por estos videos y sigan subiendo mas creo que estos videos son importantes para los hinchas..",0
2013-07-06T23:38:14Z,"El mejor jugador de Mexico , en el mejor jugador de Mexico , con la mejor barra de Mexico LDA",6
2012-12-15T02:07:42Z,Estuvo chido.,3
2013-04-21T02:09:25Z,"Oie dije ""ya los veo"" ""Mongol"" ._. osea de aca a 7 meses  ;) tranquilo que la san martin le gano alos cagones ;) les voltio :D
",0
2013-04-14T19:42:19Z,Tmr... aunque duela decirle que tal gol.... Grrrrr.... Pero como siempre aprendemos de los errores ... Vamos Grone...,0
2013-04-14T13:18:36Z,"heredia la kaga , esa bola es para q a saqe, nimodo ARRIBA ALIANZA Y A SEGIR REMANDO.",0
2013-04-14T13:13:30Z,esos de cmd MAs centraLISTAS DE ALGO TIENEN K VIVIR ,0
2013-04-14T11:27:52Z,"Lo rescatable sin duda es la Hinchada... Gol de vallejo, la hinchada sigue cantando.. Ven a los jugadores bajar la cabeza.. y se escucha el "" Vamo vamo vamo grone...""  ESA HINCHADA siempre alentara... no somos hincha del resultado, somos pasion y amor por esos colores! La blankiazul! Alianza Lima lo es TODO!",0
2013-04-14T08:10:36Z,K hinchada k apoya nunca abandona alianza Lima Tlv,0
2013-04-14T06:15:03Z,Algo q no hacen otro equipos... el equipo abajo en el marcador y la hinchada canta más y más... siempre locales en donde sea... siempre llenando estadios... y armando fiestas en la tribuna... sin necesidad de promociones o abonos... FIEL Y LEAL #12 COMANDO SVR ,0
2013-04-14T05:27:55Z,"Grande heredia, veo que estas tapando bien .. ojala mas adelante se cumpla tu sueño de jugar por el equipo de tus amores, asi como siempre lo decias cuando jugabamos en el barrio .. suerte Heredia ! alianza es un equipo mas donde te estas mostrando, tu verdadera casa es UNIVERSITARIO , grande heredia !
",0
2013-04-14T03:51:29Z,"jaaaaaaaaaaaaaaaaaaaaaaa   y donde esta reyna  jaaaaaaaaaaaa
",0
2013-04-14T03:30:37Z,"DANIEL PEREDO: QUINTEROS!!!! GOLAZO!!!!!!!!!!!!!!!!!!1 GOOOOOOOOOOOOOOL
, ME GUSTA ESA NARRACION XD",0
2013-07-25T21:55:09Z,Mexico still has better players,0
2013-07-17T01:38:52Z,"According to Tijuana's wiki page, it's actually SEVEN American-born players....   Gomez, Corona and Castillo have all represented the full men's side and are cap-tied to the U.S....   Greg Garza has played for our U20 side and Alejandro Guido has played for our U17 and U18 teams...  In addition to those five,  	Esteban Rodríguez and Paul Arriola are both listed as U.S.-born players....",1
2013-07-17T01:34:26Z,"All three of them were born in the U.S.  They're as American as you and I...  That statement is as idiotic as blaming the Irish (Donovan, Shea, etc.) for taking our jobs, also.
",1
2013-07-16T22:37:18Z,"First they take our jobs, now they are taking our spot in the US soccer team",0
2013-07-15T01:02:56Z,Next one is going to be Paul Arriola!!!!!!!!!!!!,1
2013-07-14T20:03:21Z,Club Tijuana xolos,0
2013-07-09T04:30:52Z,popusas = stuffed tortillas,1
2013-07-09T04:28:54Z,Arriba el LA Galaxy!!!,1
2013-07-08T20:33:23Z,in total 6 americans on the Tijuana roster nice,0
2013-07-08T10:23:40Z,"It's amazing to see that the US National team is selecting Hispanic players that have had experience in other leagues outside MLS like Liga MX. Since I love in the border of Arizona and Sonora, Xolos is the closest to a home team I have. Go Xolos!!",0
2013-07-07T23:45:29Z,"Corona is half Central American,... that would explain the POPUSAS!lol",0
2013-07-07T23:43:58Z,"Herc is such stand up guy! I'm very proud of him. Such a strong role model for the young footballers in the U.S. ""Very well spoken and super professional....  I strongly believe Herc will be coaching the U.S someday in his 50's :)... I agree, Castillo is one of the best LB's in the MX. .. I believe Castillo tries to do too much to impress JK at times disrupting his game.",2
2013-07-07T23:00:33Z,Make one with greg garza and paul next time,0
2013-07-06T22:19:29Z,"I am glad those 3 players are playing on the Mexican league. I support the MLS but is not a technically driven league, is more kick ball and run fast. The Mexican leauge is more technical and if you don't have technique, you can't play there. ",0
2013-07-06T17:02:02Z,"most of them are of Mexican descent, but they're American.",0
2013-07-06T16:52:08Z,Herculez Gomez is one of my favorite players. Very well spoken.,1
2013-07-06T16:50:01Z,Dope,0
2013-07-06T10:34:54Z,you are a idiot ,0
2013-07-06T08:31:30Z,Ppl bitch about chivas USA but not xolos fucking hispanophobes xolos is a usmnt reject farm team,0
2013-07-06T08:10:10Z,"Word. In fact, they should just drop CUSA and merge them with Xolos...but maybe Tijuana would have no use for them. : P",0
2013-07-06T05:18:29Z,Amazing players!,0
2013-07-06T03:16:39Z,EDGAR CASTILLO IS THE BEST!,0
2013-07-06T03:12:06Z,Well I hope they can be great support for the U.S Men National team,0
2013-07-06T01:56:23Z,LOL most play on Playstation. ,0
2013-07-06T01:54:43Z,They're are not Mexicans they are American citizens,0
2013-07-06T01:07:50Z,half,0
2013-07-06T00:51:21Z,How many players on the USMNT are to some degree Mexican?,0
2013-07-06T00:22:02Z,Every USMNT fan should be rooting for TJ. Great organization helping develop for USA more than Mexico! Vamos Xolos,0
2013-07-06T00:10:28Z,nicee :),1
2013-07-06T00:00:52Z,Very true.,0
2013-07-05T22:44:01Z,Chicano players in Liga MX?  Whodathunkit?  Always gotta be a race question in there....pathetic.,0
2013-07-05T22:39:36Z,"nice video....

Club Tijuana is what Chivas USA SHOULD have been....",1
2013-07-05T22:16:11Z,No Mustache!! It's getting serious now!!,0
2013-07-05T22:16:07Z,Any guess of Starting Line Up?,0
2013-07-05T21:40:33Z,Awesome clip,0
2013-05-13T04:28:18Z,Look here!! Seattle is a city of kings...Portland is a city of peasants..Don't ever think you are equal to the state north of you!!!,0
2013-05-04T02:39:32Z,sound is fixed at 3:05,0
2013-05-03T15:24:34Z,Were the first three minutes broadcast from a helicopter?,0
2013-05-03T03:52:22Z,Fuck off...Portland will never be half the city Seattle is.,0
2013-05-02T21:51:01Z,2.              2,0
2013-05-02T21:48:37Z,GcgvxxghjwijqqsskghdisoshjsduhjkhjsdhbjsddjhajhsjhsxhjjhxshjxXhdkhczknkhschjsjxxbjjbxjbbjcjbjbsjbhjcxkhds,0
2013-05-02T21:48:19Z,Gg fails aggsghhshdshgghAnydg,0
2013-05-02T21:43:46Z,Djzvzgzvvzj,0
2013-05-02T16:01:47Z,"Mute the video, you will enjoy it better",0
2013-04-28T05:29:36Z,Great match! So proud! ROSE CITY TIL I DIE!,0
2013-06-21T00:47:30Z,Vamos chavos a mostrarse ahora que estan vacantes los puestos de montes y gullit peña,0
2012-11-27T21:48:03Z,La Tota es la neta!,1
2012-11-25T22:00:51Z,"SEÑORON, LA TOTA, ALGUIEN MUY AMABLE Y ABIERTO AL DIALOGO. ",1
2013-01-17T02:59:57Z,you ugly ugly boy. no one like you. that why you sending wierd email to people.,0
2013-01-10T17:47:56Z,"MLS is the worst soccer league ever!!!
",0
2013-01-09T07:23:20Z,i hope he gets called up,0
2013-01-09T07:22:42Z,not as much as your mom.,0
2013-01-09T07:21:04Z,he's a good guy. ,0
2012-12-28T19:41:48Z,no,0
2012-12-20T15:32:03Z,Haha mex league #3? The world is coming to an end.,0
2012-12-16T06:49:16Z,MARQUEZ SUCKED ,0
2012-12-16T03:32:07Z,"later... he is ""the same ole shit in a slightly different bag""
",0
2012-12-16T02:36:08Z,"First, learn how to spell. Don't get on Rafa's side. I love the Marquez that started with Atlas, went to Monaco and shined in Barcelona. That Rafa was amazing! Sadly he's always been a hot head, funny how he never lost his cool with the european clubs, but he did it in 02 at the world cup when USA eliminated us. what he did to Cobi Jones was fucked up and classless. He left the Copa America few years ago after we lost in the semis. A shitty example and i hope he doesn't get called up anymore.",0
2012-12-15T04:04:42Z,"Marquez couldn't handle MLS like other foreign players.. go back to mexico, wack ass!",0
2012-12-15T04:01:54Z,same bullshit i hear from stupid ppl like u!,0
2012-12-14T08:38:54Z,"If I was a billionaire, I would by my Philadelphia Union. Then I would transfer Neymar for whatever price Santos wanted. Too bad US billionaires are fixated on football, basketball and baseball.",0
2012-12-14T03:32:26Z,No fucking excuse for a guy who failed to live up to expectations. Especially a player who lacks respect.,0
2012-12-14T03:31:19Z,"God I am glad that Rafa left. That mexican was no good for the club. We could have gotten a better defender if we had the chance, let alone, a mexican who respects the sport like most do.

Rafa brings shame.",0
2012-12-14T02:59:34Z,@armando guerrero what was that tournament you are talking about... Oh who cares,0
2012-12-14T00:22:02Z,"I'm pretty sad seeing Marquez go. At the end our culture was just too foreign for him to handle no matter how talented he is. Good luck to him, hope he's replaced by Kaka since he has a brother in NY.",0
2012-12-13T23:42:19Z,Rafa Mexican champion,0
2012-12-13T22:41:01Z,he doesn't have legacy he will be remember as a waste of money,0
2012-12-13T20:01:52Z,who cares let him go 5 mill for a bad attitude  not what this sport needs,0
2012-12-13T19:00:46Z,From a Galaxy fan. Five million dollars a year for this guy. I am glad he is gone for the good of foorball.  ,0
2012-12-13T18:41:14Z,"Monterrey just got butt-raped in the CWC, just shows when these teams play in full-season form...MLS teams would get fucking raped. ",0
2012-12-13T18:38:25Z,"bye bye Rafa!
",0
