publish_date,title,view_count
2012-10-27T22:00:12Z,Le Mans FC - Stade Lavallois (2-0) - Le résumé (LEMANS - LAVAL) / 2012-13,5535
2013-04-20T22:00:15Z,EA Guingamp - Le Mans FC (6-1) - Le résumé (EAG - LEMANS) / 2012-13,23539
2012-12-15T23:00:13Z,Havre AC - Le Mans FC (1-0) - Le résumé (HAC - LEMANS) / 2012-13,1727
2012-10-20T22:00:12Z,Nîmes Olympique - Le Mans FC (2-1) - Le résumé (NIMES - LEMANS) / 2012-13,2147
2012-11-10T23:00:16Z,FC Istres - Le Mans FC (1-0) - Le résumé (FCIOP - LEMANS) / 2012-13,1368
2013-01-12T19:54:44Z,Dijon FCO - Le Mans FC (3-0) - Le résumé (DFCO - LEMANS) / 2012-13,3850
2012-11-24T23:00:16Z,Le Mans FC - EA Guingamp (0-2) - Le résumé (LEMANS - EAG) / 2012-13,2771
2012-12-01T23:00:17Z,AC Arles Avignon - Le Mans FC (0-0) - Le résumé (ACA - LEMANS) / 2012-13,934
2012-12-22T23:17:29Z,Le Mans FC - AS Monaco FC (2-3) - Le résumé (LEMANS - ASM) / 2012-13,14787
2012-12-12T23:00:14Z,Le Mans FC - GFC Ajaccio (1-0) - Le résumé (LEMANS - GFCA) / 2012-13,1928
2012-11-03T23:56:42Z,Tours FC - Le Mans FC (2-0) - Le résumé (TOURS - LEMANS) / 2012-13,2900
2013-02-02T11:06:40Z,Les-feminines.fr | dernière occasion de Boulogne sur Mer.,17
