publish_date,title,view_count
2013-07-23T09:31:18Z,Arrivée d&#39;Anthony Koura à Nîmes,3417
2012-08-21T06:00:12Z,20-8-2012  lemans fc - aj auxerre but anthony derouard (2-1),966
2013-03-07T01:13:55Z,المباراة التي انتظرها ديجو لوبيز طويلاً - مترجم,28485
2013-03-03T23:00:19Z,But Florent ZITTE (40&#39;) - FC Sochaux-Montbéliard - AS Nancy-Lorraine (1-2) / 2012-13,2944
2012-09-23T09:52:12Z,CFA 2 : 4ième journée,488
2013-01-04T15:14:08Z,NABY YATTARRA PARADE !!!!!!!!!!!! ARLES AVIGNON.COM SPILBREG,296
2013-03-09T18:50:05Z,Conférence de presse Nîmes Olympique - Tours FC (1-1) / 2012-13,74
2012-11-10T21:21:03Z,Conférence de presse Dijon FCO - Nîmes Olympique (2-1) / 2012-13,48
2013-04-27T18:14:28Z,Conférence de presse Nîmes Olympique - Angers SCO (3-0) / 2012-13,130
2012-10-01T13:07:11Z,C-Junioren SSV Reutlingen 1905: Yannik Kynast,1216
