published-time,comment,likes
2013-06-21T13:00:31Z,"fai te 18 gol in campionato, poi ne parliamo..",0
2013-05-19T23:01:12Z,auguri al picchio per un'immediata risalita.,0
2013-05-19T21:10:05Z,zaza grande giocatore hahahahahahahaha,0
2013-07-30T09:21:30Z,Sempre e solo forza atalanta,0
2013-07-28T22:54:12Z,"forza atalanta
",0
2013-05-10T09:56:08Z,cittadella devi tornare in c. basta piazze farsa in cadetteria. ,0
2013-07-26T06:52:50Z,È stato bello,0
2013-04-04T19:03:45Z,"Io c'ero, ero proprio lì dietro =)",0
2013-01-28T01:32:46Z,"sta mettendo equilibrio nel clima mondiale, ho sentito che chiuderà il buco dell ozono ",0
2013-01-27T20:47:43Z,Ehehehe!,0
2013-01-27T20:32:40Z,Era la bamba che si è nascosto tra i capelli amico ;),0
2013-01-27T11:33:32Z,"grande yepes ha il fumo dei capeli vuol dire che ha fatto un buon allenamento ed ha la pelle calda
",0
2013-01-27T00:26:32Z,you will play better then him would you?,0
2013-01-25T06:16:34Z,Love him,0
2013-01-25T03:44:08Z,apocalypto YEPES !,0
2013-01-24T20:51:34Z,"E' un vampiro, dopo il video si è ridotto in ceneri.",1
2013-01-24T19:53:44Z,Old fart.,0
2013-01-24T19:13:31Z,si sta evaporando,0
2013-01-24T18:20:10Z,Il fumo dai capelli di Yepes o.O ahahah,0
2012-09-14T11:45:22Z,YOOOOOOOOOOOOOOOOOOOOOOOOOOOOOOOOOOO:D FORZA DANI!!!!!!!!!!!!!!!,0
2013-04-17T10:57:38Z,"bene merdeeee....
",0
2013-07-21T13:32:17Z,"bravi, bel video.",0
2013-07-25T15:32:16Z,NON HA VOLUTO COMPETERE CON IL NAPOLI IN EUROPA PERCHE' NN CONOSCE L'INGLESE...ORA PENSO CHE DOVRA' IMPARARE A PARLARE IL THAILANDESE.....AHAHAHAHAHAHHAHAHAHHAHAHA,0
2013-07-21T02:54:36Z,"sei forte! hai ragione! de laurentis poi lo detesto...ci vorrebbero regole chiare e semplici...la figc ha troppe magagne, in italia il calcio è come la politica...regna il pressappochismo e i furbetti del quartierino.",0
2013-07-20T04:07:11Z,"ma sai io no sono così'...comunque ti posso anche dare ragione...l'interista si è sempre sentito esclusa dalle altre due che complottavano...esclusa dal salotto buono mi spiego? però la verità è che Conte piange più di tutti, Allegri ha una correttezza enorme come persona...è una pipa di allenatore però è onestissimo quando gli chiedono era rigore? lui dice sempre no se non c'era, altri non lo fanno, ciò non toglie che Galliani al vertice della lega è un conflitto di interesse notevole",0
2013-07-19T02:27:17Z,"ammesso e non concesso che sia vero e non dico che l'inter sia un mondo di santi perché non esistono i santi credo una cosa:noi per 18 anni non abbiamo vinto un campionato.tanti.troppi.per colpe nostre non lo nego.però tendo a pensare ma posso anche sbagliarmi che abbiano pagato quelli che hanno vinto.se l'inter ha pagato l'arbitro per perdere allora si che sono dei pirla,non a caso in italia è la juve che vinceva comunque voi avete Mr.Buno che di processi se ne intende,e con i capelli disegnati",0
2013-07-18T05:36:36Z,forse ti sei confuso con la tua....che deduco dal 1899 è il milan....terzo con 10 rigori nel girone di ritorno....come mr. B faccia come il culo...,0
2013-07-14T16:46:50Z,"Caro mister grazie di tutto!!! ma sinceramente, non ti sei proprio imparato niente a napoli????? la grattata te la dovevi fare!!!!!!
",0
2013-07-12T12:20:54Z,A tutti i napoletani state zitti xk a voi vi fanno un contratto con tanti soldi lo rifiutate ma zitti coglioni voi avreste fatto lo stesso,0
2013-07-07T08:02:26Z,Perche' in puglia calabria e sicilia mare non ne hai visto? Per la cronaca: e' la terra che gira intorno al sole. :),0
2013-06-19T14:29:29Z,"piagnone nella squadra dei piagnoni....accoppiata perfetta...alla prima sconfitta sara' colpa degli arbitri,della sfortuna e degli infortuni....denti marci sara contentissimo!!!",0
2013-06-10T15:04:08Z,invidiosi di uno che ha vinto la coppa toscana? ma voi non lo odiavate perchè stava sulle palle a mourinho?,0
2013-06-08T21:12:10Z,io per i strozzi come te l'italia la dividerei ,0
2013-06-06T19:32:18Z,Ma perché? A me sembra uno capace ed adatto ad allenare una squadra come l'Inter.,0
