publish_date,title,view_count
2013-05-18T16:48:18Z,Cittadella-Ascoli 1-0 gol di Baselli 42 giornata 18/05/2013,2034
2013-05-19T03:28:02Z,Cittadella 1-0 Ascoli 18/05/2013 2012-13 - 42°,16135
2013-07-28T17:40:49Z,XIX &quot;Trofeo Achille e Cesare Bortolotti&quot;: Atalanta-Udinese 5-2,10351
2013-04-13T21:56:38Z,Cittadella - Padova 3-3 highlights 36^ Giornata Serie Bwin 2012/13,3310
2013-04-07T06:04:48Z,Serie B Win 2012-2013 - 35ª giornata: Vicenza vs Cittadella (06.04.2013),1552
2013-07-25T01:46:42Z,Amichevole Atalanta-Lumezzane 3-1,5604
2013-06-16T18:51:15Z,"Serie A 1993-1994, day 19 Atalanta - Torino 2-2 (Boselli own goal)",19
2013-04-26T13:42:01Z,Gabbiano e Nazionale Under21 di calcio,848
2013-04-04T17:03:10Z,Daniele Capelli: &quot;Sto tornando a sentirmi giocatore&quot;,375
2012-11-24T18:55:17Z,"Cittadella-Hellas Verona sospesa per nebbia, 16a giornata Serie bwin",1676
2013-01-24T17:31:22Z,Yepes: &#39;Bergamo campo difficile&#39;,2717
2013-03-25T16:17:49Z,I gol del &quot;Tanque&quot; nel girone di ritorno a 9 gg la fine della serie A 2012-2013,667
2013-07-01T12:12:23Z,Atalanta 1952-&#39;53 vs Atalanta 1988-&#39;89 (01.07 ore 14.30),112
2013-05-16T16:52:17Z,Daniele Rugani (2012),5148
2013-07-29T14:34:48Z,intervista a Benaloune,1091
2012-12-09T23:19:41Z,TORINO FC vs MILAN: 2-4: Intervista a Valter Birsa,449
2013-05-02T13:33:24Z,Stefano Lucchini ospite a &quot;La Scuola allo Stadio&quot;,176
2012-09-13T17:43:05Z,SPAZIOJUVE: Intervista a Daniele Rugani,5650
2013-07-10T12:26:05Z,Maxi Lopez vicino al Torino,185
2012-10-01T09:20:04Z,Vedeggio Calcio - Grasshopper 16.09.2012,1510
2013-07-25T02:25:16Z,Stefano Colantuono commenta l&#39;amichevole contro il Lumezzane,474
2013-01-27T12:47:59Z,"Atalanta, Colantuono: &#39;Per ora Schelotto resta&#39;",104
2013-01-04T20:43:17Z,Atalanta-Torino 0-2,382
2013-07-14T06:54:47Z,14 luglio 2006 - Il francobollo celebrativo del successo ai Mondiali - Almanacchi Azzurri,1175
2013-05-16T16:11:14Z,Mirko Valdifiori,4389
2013-04-17T14:38:42Z,"Intervista al centrocampista del Pisa, Luca Rizzo.",206
2013-04-28T21:35:50Z,torino fc - juventus curva Maratona,281
2013-07-09T08:31:48Z,Davide Astori - Intervista in Contropiede,148975
2013-02-09T21:04:34Z,Bari   Varese 0 1 incredibile palo Ceppitelli al 93esimo e espulsione Sciaudone,1266
2013-02-06T22:11:34Z,German Denis premiato all&#39;Atalanta Store &quot;Man of the Month - Dicembre 2012&quot;,1508
2013-04-17T00:40:59Z,"Hellas Verona-Cittadella 0-0, 37a giornata Serie bwin",910
2013-07-20T14:39:34Z,Ritiro a Bormio - prepartita Bormiese-Torino: le telecamere di TN negli spogliatoi - 20/07/2013,4912
2013-01-11T16:01:45Z,Stefano Colantuono e Atalanta B.C. insieme sino al 2016,867
2012-11-26T08:33:43Z,GIOVANISSIMI PROV MESE-ALTOLARIO 4-2,529
2013-07-21T09:44:43Z,Ritiro a Bormio - sintesi Bormiese-Torino 0-10: rivivi le emozioni della partita - 20/07/2013,5756
2013-06-06T17:03:29Z,"Mazzarri, presentazione. La conferenza integrale",7619
2013-07-21T19:00:25Z,Ritiro a Bormio - presentazione squadra e nuove maglie del Toro a Bormio - 20/07/2013,1472
2013-03-16T20:39:32Z,Brescia-Bari: cambio Lasik per Fausto Rossi,179
2012-12-04T00:49:30Z,Sondrio Calcio - Valtellina Futsal -4- @ Sondrio (SO),66
2013-05-19T17:11:00Z,SALA STAMPA CITTADELLA-ASCOLI,133
2013-04-25T12:41:04Z,Tempo di mercato per la Salernitana,78
2012-10-06T15:59:07Z,Ternana-Cittadella 3-1 - Radiocronaca di Antonello Brughini (6/10/2012) da RadioUnoRai,682
