publish_date,title,view_count
2013-01-14T18:48:37Z,Nicola Bellomo Goals and Skills.,13953
2013-05-27T06:29:05Z,I 6 gol di Nicola Bellomo con il Bari 2012-2013,10051
2013-01-17T08:02:39Z,Nicola Bellomo Talent,5517
2013-07-11T10:01:57Z,Nicola Bellomo: i colpi di un giovane fuoriclasse,7935
2013-03-29T08:04:35Z,Bellomo Nicola 1991 Bari,5508
2013-01-21T13:14:55Z,Nicola Bellomo Goals and Skills(Torino 2013),2447
2013-07-05T13:12:55Z,NICOLA BELLOMO HIGHLIGHTS 2012/2013,2778
2013-01-11T18:22:11Z,Intervista - Nicola Bellomo,6880
2012-11-15T09:00:43Z,Intervista a Nicola Bellomo,872
2012-09-25T06:34:26Z,Intervista a Nicola Bellomo,337
2012-09-26T09:05:39Z,Festeggiamenti secondo gol Bari - Provercelli...Con il nuumero 10 Nicola Bellomo!!,420
2013-04-23T03:49:10Z,Bellomo Vs Messi,150
2012-11-09T13:15:42Z,Bari Empoli 2 3 Gol Bellomo,1040
2012-09-24T13:26:15Z,Conferenza stampa Nicola Bellomo pre Bari - Pro Vercelli,221
2013-07-22T14:56:27Z,"Bellomo: &quot;Mezzala o regista, posso far tutto&quot;",2407
2012-12-31T04:29:54Z,Cittadella 1-1 Bari 30/12/2012 2012-13 - 22°,746
2012-12-24T00:25:59Z,Cesena 1-1 Bari 23/12/2012 2012-13 - 20°,770
2012-10-22T21:55:44Z,Bari Brescia 1 1 Bellomo goal fantasma da calcio d&#39;angolo,5303
2012-09-09T17:45:31Z,BARI TERNANA 2 0 ESPULSIONE DI BELLOMO,2522
2012-10-30T22:51:36Z,Bari Empoli 2 3 Bellomo goal su punizione HD 30 12 2012,3750
2012-09-26T12:05:50Z,BARI - PRO VERCELLI 2-1 SERIE B 6° TURNO AD ANDRIA,347
2012-09-25T22:42:16Z,BARI-PRO VERCELLI 2-1 GOAL BELLOMO ALLA MARADONA HD DALLA TRIBUNA 26 09 12.mpg,10194
2012-09-26T08:16:47Z,BARI - PRO VERCELLI 2-1 SERIE B 6° TURNO AD ANDRIA,988
2012-09-26T02:37:17Z,Bari 2-1 Pro Vercelli 25/09/2012 2012-13 - 6°,4062
2012-10-07T00:52:13Z,Bari   Vicenza 1 0 Bellomo 07 10 12,2261
2012-09-26T05:14:42Z,Il trenino dopo il gol del 2-0 di Bellomo in Bari-Pro Vercelli,624
2012-09-26T07:02:54Z,BARI - PRO VERCELLI 2-1 SERIE B 6° TURNO AD ANDRIA,643
2012-09-25T23:33:54Z,BARI - PRO VERCELLI 2-1 SERIE B 6° TURNO AD ANDRIA,847
2013-07-19T07:17:14Z,Immagini del primo giorno di ritiro del Bari a Cavedago,1784
2013-01-11T17:50:13Z,Presentazione Tallo - Intervista Garzelli - Bellomo all&#39;Inter,1650
2012-12-01T17:44:42Z,BARI SASSUOLO 3 3 MAGICO BELLOMO PALO SU CALCIO D&#39;ANGOLO,2418
2012-10-31T02:10:25Z,Bari 2-3 Empoli 30/10/2012 2012-13 - 12°,1633
2012-10-07T00:56:00Z,Bari 1-0 Vicenza 06/10/2012 2012-13 - 8°,1404
2012-12-18T23:30:42Z,B-Italia vs. Italia U 21,2062
2012-12-03T06:39:15Z,Bari 3-3 Sassuolo 01/12/2012 2012-13 - 17°,1096
2013-01-10T22:31:04Z,Mercato - Bellomo oltre all&#39;Inter c&#39;è anche la Roma,935
2012-08-24T20:03:47Z,Il Meglio Di El Kadourri | The Best Of El Kaddouri,23095
2013-07-28T19:28:39Z,Il piccolo tifoso lombardo che tifa Bari,8110
2012-12-24T11:58:44Z,Cesena - Bari 1-1 Highlights,908
2013-01-09T23:32:34Z,Mercato - Bellomo e Galano in orbita Inter,349
2012-10-06T23:16:01Z,Veja o gol de Santos 1x1 Internacional,7410
2012-09-09T21:23:38Z,goal NICOLA COMPAGNI SPORTING PEGOGNAGA vs felonica,569
2013-01-22T21:55:42Z,Milanello Allenamento 22-01-2013 Part 1,4890
2013-05-23T15:23:57Z,Free Time,345
2012-09-09T17:14:40Z,BARI-TERNANA 2-0 FESTEGGIAMENTI  - RIEMPIAMO IL SAN NICOLA 09 09 2012.mpg,2407
2012-09-26T18:33:23Z,Bari vs. Pro Vercelli - Highlights + Interviste,130
2012-10-31T11:26:22Z,Bari Empoli 2-3 da 90°minuto serieB,2345
2013-02-09T16:41:15Z,Bari   Varese 0 1 tifosi lombardi al San Nicola 09 02 2013,911
2012-12-31T10:49:19Z,Sintesi: Cittadella-Bari 1-1,717
2013-01-28T12:53:01Z,Neal Maupay Talent,7127
