publish_date,title,view_count
2013-02-24T12:07:53Z,Helmut Haller goals and passes in Juventus (tribute),23135
2013-03-27T16:45:55Z,But | Football | Foot In Five | Sébastien,63
2013-03-02T23:00:14Z,AC Arles Avignon - AJ Auxerre (2-1) - Le résumé (ACA - AJA) / 2012-13,3348
2013-03-09T23:00:19Z,AJ Auxerre - Havre AC (4-1) - Le résumé (AJA - HAC) / 2012-13,9781
2013-03-17T14:46:55Z,RC Lens - AJ Auxerre (1-0) - Le résumé (RCL - AJA) / 2012-13,14275
2012-12-12T23:00:14Z,AJ Auxerre - Chamois Niortais (4-2) - Le résumé (AJA - NIORT) / 2012-13,8750
2013-04-20T22:00:15Z,FC Nantes - AJ Auxerre (1-1) - Le résumé (FCN - AJA) / 2012-13,10487
2013-04-06T22:00:13Z,GFC Ajaccio - AJ Auxerre (0-0) - Le résumé (GFCA - AJA) / 2012-13,1953
2013-03-30T23:00:13Z,AJ Auxerre - Dijon FCO (0-0) - Le résumé (AJA - DFCO) / 2012-13,1750
2013-05-28T13:07:16Z,BUTS AUXERRE 2012/2013,435
2013-04-13T22:00:15Z,AJ Auxerre - AS Monaco FC (0-2) - Le résumé (AJA - ASM) / 2012-13,9740
2013-04-27T22:00:13Z,AJ Auxerre - Châteauroux (0-0) - Le résumé (AJA - LBC) / 2012-13,1296
2013-07-17T19:03:33Z,Sebastian Galler - The First Goal For Eintracht Frankfurt,44
2013-06-11T10:45:43Z,But | Football | Massilia Foot Indoor | Sebastien,5
2013-04-11T13:17:06Z,هدف غلطة سراي الثاني,66
2013-07-30T15:38:16Z,Sebastian Galler Amazing Freekick,36
2013-02-25T19:45:55Z,Nani&#39;s Greatest Goal For United?,844
2013-04-24T21:33:51Z,New York Red Bulls / Tottenham (Amical 12-13) - But Sébastien Le Toux,55
2013-06-03T03:22:32Z,Mackenzie Haller Goal Cal Cup 2013,34
2013-05-26T13:47:13Z,HULDIGING FC UTRECHT 2013 NA WINST PLAYOFFS,215
2013-05-26T17:51:37Z,Wij gaan Europa in 2012-2013,12127
2013-03-09T18:42:48Z,Conférence de presse AJ Auxerre - Havre AC (4-1) / 2012-13,663
2012-10-18T13:50:43Z,Samenvatting Europa League  FC Utrecht   FK Tirana 16 7 2010,309
2013-05-27T16:30:40Z,We gaan Europa in!,18398
2013-05-12T19:19:09Z,Afscheid Jan Wuytens 20122013,853
2012-10-26T21:21:23Z,penalty ADO Den Haag - FC Utrecht 1-0,182
2013-03-02T18:28:25Z,Conférence de presse AC Arles Avignon - AJ Auxerre (2-1) / 2012-13,95
2013-07-29T11:30:59Z,Go Ahead Eagles 1 - Sivasspor 2,3554
2013-05-12T08:59:24Z,Buijtenhuis over 8 seizoenen Sparta Nijkerk,167
2012-08-19T15:08:05Z,VfB Stuttgart gegen Bremen - Traumtor Gentner - 13.04.2012,11031
2013-04-02T20:48:58Z,but sensationnel de Demba Ba contre Manchester United,3601
2013-07-19T10:09:09Z,Spelers komen aan bij stadion Luxemburg 2013-2014,3419
2012-10-02T17:24:56Z,foot Florian test,260
2012-09-02T15:52:12Z,Drugi gol Artura Sobiecha dla Hannoveru - 02.09.12,18120
2013-07-14T17:37:09Z,Stade Auxerrois 2012/2013,1343
2012-12-19T23:10:40Z,2:0 Ibisevic (Elfmeter) - VfB Stuttgart 2:1 1.FC Köln,742
2013-04-12T15:05:40Z,Darts met Jens Toornstra,4649
2013-07-06T08:42:03Z,Samenvatting SV Houten - FC Utrecht,7331
2012-12-14T21:38:02Z,SCO - AJA But de Willy Boly,7396
2013-04-23T08:11:31Z,Grote FC Utrecht Loterij Mark van der Maarel &amp; Jeroen Verhoeven,1718
2013-05-17T08:06:11Z,De Week van FC Utrecht,1747
2013-02-18T13:16:31Z,Tillydrone fc training session 16-02-2013,69
2013-03-02T18:33:50Z,Jens Toornstra Welcome To FC Utrecht,172
2013-05-21T06:21:42Z,TSV Rothemann : Eintracht Frankfurt,4120
2013-02-11T21:06:59Z,Foot: Tours s&#39;incline face à Auxerre,209
2013-02-01T16:39:49Z,Jens Toornstra tekent bij FC Utrecht,3925
2012-10-20T18:03:21Z,Hardegarijp 2 bij VC Trynwalden 2,326
2013-06-24T20:50:33Z,Enormous Goal Yarmolenko Pes13,407
2012-10-28T20:17:17Z,VfB Stuttgart - Eintracht Frankfurt 2:1 &quot;1893 - hey hey&quot;,3695
2012-11-22T16:40:27Z,FC Utrecht.TV: Portret Robert Roest,1075
