published-time,comment,likes
2013-04-06T11:50:21Z,LE FCR CEST LES MEILLEUR DU MONDE,0
2013-03-10T14:28:15Z,"Messieurs les socialistes, mettez la main à la poche. Ne vous ridiculisez comme Lecanuet uniquement parce que Guy Roux et Gérard Bourgoin ne partagent pas vos opinions politiques... C'est d'abord la ferveur de toute une région qui est en jeu. C'est ça aussi le socialisme !",3
2013-03-10T14:25:25Z,"Il n'existe qu'un seul grand club de foot en Normandie, c'est le FC Rouen. 8ème de finaliste en Coupe des Villes de Foire (ancêtre de l'UEFA et de l'Europa League) en 1970. On serait encore là, si Jean Lecanuet n'avait pas flingué le club, comme est en train de le faire le maire d'Auxerre Guy Ferez avec l'AJA. Voir disparaître l'AJA me fend le cœur pour des raisons politiciennes car c'est un club mythique parti de rien. Même si Bourgoin c'est pas top, Auxerre doit survivre.",1
2013-03-10T09:00:41Z,"Allez le HAC, on va vite se relever ;)",0
2013-03-10T09:00:26Z,Pas de mal ! Kéké --',0
2013-03-09T23:05:31Z,First,0
2013-03-30T12:34:25Z,"ALLER LES SANG ET OR !!!
",0
2013-03-27T02:22:07Z,Touzghar est FrancoTunisien !,2
2013-03-23T00:00:24Z,Lens <3 ,0
2013-03-21T21:05:38Z,mERCI RIOU et Bale pour la passe décisive !!!!!,0
2013-03-18T20:55:24Z,Lens !!!!!!,0
2013-03-18T02:02:20Z,S&O FORZA !!!! LE 17 AVRIL UNE GRANDE FETE POUR NOTRE CLUB ENFIN !!!,0
2013-03-17T19:05:08Z,"Mauvaise qualité de video :/
",0
2013-05-10T15:36:20Z,Auxerre ont gagner s'en Probléme. ,1
2013-01-08T17:20:20Z,"Auxerrois <3
",1
2012-12-13T21:02:20Z,"Au vu de toutes les erreurs défensives (d'un côté comme de l'autre), pas sûr qu'il y ai beaucoup de choses à retenir de ce match... La victoire fait du bien quand même.",1
2012-12-13T16:16:52Z,"C'est affligeant de voir de telles erreurs quand même, mais bon ça fait du bien pour l'aja. En espérant que la deuxième partie du championnat soit bien plus régulière, on ne sait jamais faut toujours espérer une remontée en L1",2
2012-12-13T16:12:47Z,on l'aime cette aja la !,1
2013-05-19T10:29:22Z,"alors le sco on reste en ligue 2 mouahahah tu veux des mouchoirs??
",0
2013-04-28T10:33:24Z,A nous la ligue 1 mon pote personne nous arretera en plus ce week ont a fait ce qu'il faut,0
2013-04-27T22:45:29Z,"aha on est juste a 6 point de vous , jdis sa jdis rien ",0
2013-04-27T11:09:22Z,3-0 contre Nimes ça fait mal pour vous non ?,0
2013-04-27T10:22:09Z,"Gagner 2-0 contre nous c'est bien, mais si derrière vous montez pas, ça sert à rien.",0
2013-04-26T09:34:30Z,"le sco et le fcn en l1 ! Allez les canaris !!!
",0
2013-04-25T11:45:36Z,2-0 à jean-bouin ça fait mal mes petits canaris,0
2013-04-25T11:44:37Z,La montée pour le SCO,0
2013-04-25T11:44:22Z,SCO champion,0
2013-04-25T11:43:53Z,Allez le SCO,0
2013-04-21T15:54:11Z,"Deviens arbitre qu'on t'insulte aussi. Tu verras, c'pas facile. Toi tu seras pas une blague, mais un sketch. ",0
2013-04-21T12:08:00Z,"Y'a même pas péno à la base donc si on gagne sur ce péno c'est pas normal. Après voilà dégouté mais parle pas du péno injustifié..
",0
2013-04-21T09:00:58Z,"Ce coup franc forireux d'Haddad... Ce péno de Filip... Ce face à face d'Aristeguieta... l'action collective ou Eudeline se loupe... Malchanceux level 100
",0
2013-04-01T14:38:12Z,"Les Auxerrois qui disent ""fuck Dijon"" c'est tellement ridicule :') 
Les dijonnais ont soutenu Auxerre durant ses belles années et maintenant Auxerre se croit supérieur à tout le monde.",0
2013-03-31T10:51:12Z,"AjA <3 
fuck dijon !!!!",0
2013-05-28T16:45:17Z,"AJA <3
",0
2013-05-21T11:04:57Z,"Allez Monaco vous Aller Gagner.
",0
2013-05-10T11:12:17Z,Allez Auxerre Gagner se match Contre Monaco.,0
2013-04-15T06:45:02Z,C dla merde Monaco degager vous savez pas jouer !,0
2013-04-14T10:05:22Z,olalala ce que rate Auxerre ! c'est incroyable !,0
2013-04-13T23:11:17Z,ON va gagner ... on va gagner ... ON VA GAGNER LE CHAMPIONNAT...ON VA GAGNER LE CHAMPIONNAT....ON VA GAGNER LE CHAMPIONNAT     lol allez Monaco ,0
2013-07-11T08:23:31Z,On me voit a un moment ^^,0
2013-07-02T12:43:08Z,"Footix de merde !!!! AJA <3
",0
2013-04-30T15:16:39Z,Allez la berri,0
2013-06-24T17:27:40Z,Oh nee...toch een kerstman...,1
2013-06-24T17:26:28Z,Dat is eigenlijk sinterklaas...,1
2013-05-28T21:13:45Z,"Lekker onrustig gefilmd, maar dat past misschien ook wel bij deze wedstrijd :)",0
2013-05-27T17:45:48Z,Die kerstman is Goud!,0
2013-03-09T22:33:09Z,"Direction Démission ! ! !
",0
2013-07-13T10:24:31Z,Hahaha dat laatste stukkie,0
2013-06-30T13:20:32Z,"I LOVE UUTRECHT BIE BAF YOU,",0
2013-06-01T12:03:03Z,Dat kali nog zo blij is ...,0
2013-05-30T12:56:07Z,Dat is Jan. Die loopt al 600 jaar bij FC Utrecht .... Hij heeft ze zien komen en zien gaan ... Jantje hoort erbij!,0
2013-05-29T09:45:57Z,3:13 Eindbaas.,0
2013-05-29T09:05:19Z,Prachtig ook hoe de spelers die verstandelijk gehandicapte jongen erbij betrekken!,0
2013-05-28T15:41:20Z,vd gun: is leuk toch?hebben jullie ook wat te genieten.........ging kapot op de tribune,0
2013-05-28T15:40:50Z,vd gun: is leuk toch?hebben jullie,0
2013-05-28T13:28:56Z,Wij Gaan Europa In!!!!!!,0
2013-05-28T09:41:18Z,Lekker feessie hoor!,0
2013-05-27T20:56:35Z,Ook zijn feestje vieren met zijn team misschien?,0
2013-05-27T20:50:43Z,Ik hou van van seumeren! Symphatieke man altijd hahahaha slokkie bier wereldssss,0
2013-05-27T20:26:59Z,"Wat doet Kali als vertrekkende speler daar als ""het interview mannetje"" een beetje popie jopie te doen? ",0
2013-07-22T02:42:17Z,"top moment. zie mezelf op het filmpje 
",0
2013-07-19T13:35:46Z,Zit je daar probeer je een beetje veel supporters mee te nemen krijg je nog zn kut wedstrijd te zien.,0
2013-07-19T12:37:15Z,Klote dat ze hebben verloren maar heb alle vertrouwen dat ze thuis winnen ........ Als ze de hele selectie op orde hebben,0
2012-09-04T01:18:44Z,Wzorowo przeprowadzona akcja :),0
2013-07-12T07:09:30Z,Zo anouk je bent cool nu of niet,0
2013-07-10T17:03:51Z,Lekker Anouk! Wil je nou een koekje?,0
2013-07-07T18:38:37Z,UUUUUUUUUUUUUUU,0
2013-07-07T08:12:05Z,leuk keepertje hoor!,0
2013-07-06T19:54:50Z,Respect voor die keeper hoor,0
2013-07-06T12:45:19Z,Hij had wel een aantal keer geluk.,0
