publish_date,title,view_count
2013-06-15T23:24:36Z,alessio giorgi (presentazione)2013,174
2013-07-13T17:09:48Z,Gol amichevole Brescia- bayern monaco del 13/07/2013 @gol friendly match Brescia-Bayern monaco,261
2013-06-04T10:16:06Z,Le parate di ALEX,368
2013-05-29T12:49:12Z,Top 10 Parate Serie A 2012/13 Sky Sport Top 10 Saves Serie A 2012/13,18897
2013-03-07T14:57:16Z,Modena  1 - Brescia 2,476
2013-02-11T16:55:08Z,Intervista Marco Santilli,45
2012-11-18T02:02:27Z,Strama a SpazioInter.it: &quot;Avrei voluto dare più spazio a Duncan. A gennaio...&quot;,831
2013-02-16T21:02:07Z,Serie B Win 2012-2013 - 26ª giornata: Brescia vs Vicenza (16.02.2013),1519
2013-04-02T11:33:31Z,"Benzema e Higuain, quando l&#39;attacco balbetta",241
2013-05-15T12:52:52Z,INTERVISTA POST PARTITA (JOGA DELICIA - ANDREA DA COL),168
2013-03-20T14:42:57Z,Brescia.Tv: Sintesi Pro Vercelli-Brescia 2-3,198
2013-06-18T22:33:06Z,CALCIO SETTORE GIOVANILE Raduno Virtus Lanciano,607
2013-05-19T11:53:23Z,portiere e mister minimarket piscitelli,149
2012-11-30T20:04:01Z,Nicola Leali - Esordio in Serie A,4396
2013-07-12T02:29:25Z,Brescia Calcio - Bayern Munich Highlights Video,252
2012-09-07T09:00:02Z,Giuramento di Lealtà Sportiva 2012/13,253
2013-05-10T21:19:26Z,Le migliori parate della 29° giornata,122
2013-07-11T04:47:49Z,Brescia 0 - 3 Bayern Munich,1868
2012-11-18T00:37:58Z,JuveVsLazio Riscaldamento Buffon e torello,186
2013-07-26T17:01:17Z,[SPECIALE RITIRO] Seculin e Terracciano: la concorrenza ci stimola(conferenza stampa),621
2012-10-03T11:23:49Z,Federico Melchiorri: &quot;Io resto qui&quot;,953
2013-01-13T17:49:20Z,Gol Leandrinho.,17
2013-06-04T00:57:49Z,Rubén Suárez un maestro del lanzamiento de falta,1935
2013-07-21T17:13:26Z,ŽELJKO BRKIC | Udinese | 2012/2013 [HD],3382
2013-02-06T02:06:30Z,Caio Rangel 96 (Flamengo),8969
