publish_date,title,view_count
2012-10-26T22:39:40Z,Hugo Rodríguez #todossomosatlas,3911
2012-10-12T23:52:34Z,Hugo Rodriguez,54
2012-09-21T16:42:45Z,Hugo Rodriguez Atlas. Tenemos que aprovechar los espacios,108
2012-08-02T22:13:47Z,Hugo I  Rodriguez,133
2012-10-26T22:13:02Z,hugo rodriguez ok,174
2013-07-06T18:01:59Z,"Entrevista de Deportesrota.es a Hugo Rodríguez Romero, jugador del Atlético Osasuna",658
2012-08-05T15:10:44Z,Hugo I  Rodrigues ATLAS Atlas vs Tigres,142
2012-09-25T20:23:44Z,Hugo Rodríguez es duda para enfrentar a Toluca,102
2012-10-16T21:25:12Z,"Hugo Rodríguez, ganar no es obligación",86
2013-02-13T01:35:05Z,Mi primer visita al Estadios Azteca,149
2012-12-02T01:18:30Z,Presenta Tigres a sus refuerzos,1541
2012-09-06T20:19:48Z,"Hugo I  Rodriguez, Tenemos que ser más verticales",59
2012-10-17T01:58:37Z,Chile 0 vs Argentina 1 (Increible gol de Messi) Brasil 2014 eliminatorias,4728
2012-10-02T23:29:56Z,PUYOL SE FRACTURA EL BRAZO IZQUIERDO,2239445
2012-11-24T23:00:15Z,FC Istres - AC Arles Avignon (0-1) - Le résumé (FCIOP - ACA) / 2012-13,1320
2013-03-04T02:35:09Z,Brasil 3 x 4 Argentina - Jogo Completo - Amistoso 2012 - Jogos Históricos #23,7281
2013-02-23T23:00:14Z,Châteauroux - AC Arles Avignon (2-0) - Le résumé (LBC - ACA) / 2012-13,2431
2013-05-14T02:19:01Z,O maior roubo da história do futebol | FC Porto - Benfica 1994/95,1026758
2012-10-29T07:31:38Z,Chivas vs Atlas Apertura 2012 Jornada 15 (2-0),7787
2012-10-25T15:22:18Z,Ibarra destruye a Constanzo,44995
2012-10-17T02:00:50Z,Chile 0 vs Argentina 2 (Excelente gol de Higuain) Eliminatorias Brasil 2014,21628
2013-04-01T01:00:54Z,San Lorenzo 0 Newell&#39;s 1 (Relato Walter Hugo) Torneo Final 2013 (31/3/2013),1833
2012-09-24T11:06:45Z,Zamora CF 2 - CD Guijuelo 2,1633
2012-11-30T20:11:36Z,Los mexicanos que se van a Europa,16832
2013-02-13T06:09:26Z,Hugo Centurion,104
2012-11-12T15:35:24Z,Sergio Ballesteros puñetazo a Cristiano Ronaldo CR7 ( video inèdito ),16628593
2012-11-06T18:47:20Z,Hugo Sánchez: &quot;Tienen que pasar uno o dos siglos para que el Barcelona nos alcance&quot;,25239
2013-02-10T01:20:37Z,Hugo Campagnaro Amazing Goal vs Lazio,890
2012-11-14T13:26:50Z,Un día con Hugo y su familia en Pachuca,995979
2013-04-29T03:00:39Z,Newell&#39;s 4 Racing 3 (Relato Walter Hugo ) Torneo Final 2013 Los goles de Newell&#39;s (28/4/2013),18749
2013-05-06T12:00:41Z,&quot;Un Descenso Fallido&quot; Documental del Atlas de Guadalajara,233140
2013-06-08T01:39:45Z,Kid does bicycle Kick,108139
2013-01-14T17:50:49Z,ARLES AVIGNON . COM  !!!!! FIN ENTRAINEMENT SPILBREG,226
2012-11-20T17:23:02Z,"Entrevista Hugo Barrientos, Huracán - Primera B Nacional - Fecha 15",661
2012-08-26T22:16:16Z,HUGO SANCHEZ MAL Y DE MALAS CON PACHUCA (BOXMANOFICIAL),726
2012-12-19T13:08:07Z,"Test a Cristian &quot;Cebolla&quot; Rodríguez, jugador del Atlético - HD",29694
2013-02-07T05:37:53Z,El MAZA Rodriguez le hace seña a la camara,8037
2013-04-28T23:43:11Z,Beckham&#39;s red card and bust-up in Evian / 2012-13,331873
2012-09-30T00:48:43Z,Torneo Apertura 2012. Jornada N° 8. Real Esppor Club - Club Deportivo Lara,1180
2012-10-07T23:48:44Z,Newell&#39;s 1 Velez 0 (Audio Walter Hugo )  Torneo Inicial 2012 (7/10/2012),1703
2013-01-11T13:27:35Z,Independiente 5 - Instituto 1 (Nacional 1980),2476
2013-02-24T20:12:52Z,Gol Miranda. Independiente 1 Racing 0. Torneo Final 2013. Fecha 3. Fútbol Para Todos,32979
2013-07-11T03:19:43Z,"Clemente, expulsado en su debut en Sao Paulo",3189
2013-04-16T13:53:06Z,"Entrevista a Cristian &quot;Cebolla&quot; Rodríguez, jugador del Atlético de Madrid - HD",9611
2012-11-10T03:40:26Z,Golazo de Hugo Ibarra vs Newell&#39;s 2000,902
2013-05-11T23:30:10Z,Lesión de Varane,29207
2012-10-20T01:56:15Z,Argentinos 0 vs Independiente 1 (Gol de cabeza de Velazquez) Fecha 11,1094
2013-04-18T10:55:59Z,Toluca vs América (gol de Rodríguez),1340
2013-04-08T03:38:00Z,Sarmiento de Resistencia 2-Gibson Brown 0,539
2013-03-01T01:06:31Z,Promocional Atlas vs. Tijuana J9 C2013,14028
