published-time,comment,likes
2013-06-06T13:13:07Z,,0
2013-05-29T20:58:08Z,La parata di tacco di agazzi... ve la siete dimenticata,0
2013-02-17T12:52:18Z,"4:26 grazie campione!
",0
2013-02-16T22:31:31Z,GRANDE LANE!,0
2013-02-19T14:22:50Z,"bel video, grande portiere Leali!",0
2013-07-23T03:11:17Z,Thank you for posting this! He has been my favorite keeper since Handanovic,0
2013-07-12T17:27:56Z,wat een versnelling,0
2013-07-07T22:45:16Z,Esse jogo contra o madureira eu fiz 2 ein,1
2013-02-07T20:12:47Z,"ficou fera mano
sucesso ai
que Deus te abençoe",0
