published-time,comment,likes
2013-03-04T16:09:05Z,Super vidéo ;),0
2013-05-03T10:07:22Z,ca se mon cousin!!!!!!!!!!!!,0
2013-06-27T03:15:02Z,"Quite underrated as a player! Thanx for the video, good job! :)",0
2013-07-30T19:49:12Z,one africa iam senegal man...bat i love mauritania peace an love baby,2
2013-07-30T13:17:13Z,"Mourabitoune ( on joue , on gagne allez Mourabitoune )",1
2013-07-29T23:01:47Z,tous le respect aux freres senegalais :),0
2013-07-29T21:02:26Z,Viiiiiiiiiiiiiiiiiive la Mauritanie,1
2013-07-23T02:06:16Z,"ya mana doul koula ko wakh??
",0
2013-06-29T11:32:37Z,pape Ndiaye Souare a le Vih Sida,0
2012-08-06T20:14:32Z,E.H. Diouf II ? Please don't compare our Lille OSC good guy Pape Souaré with one of the most stupid player ever. Thanks.,0
2013-02-20T04:01:50Z,longue vie à Peter Schnittger encore merciiiiiiii.......,4
2013-02-20T03:40:30Z,jaime,3
