published-time,comment,likes
2013-01-04T15:35:57Z,Ludo il la pas vu venir cette frappe lointaine !,0
2013-05-21T16:19:52Z,trop le feu d' artifise ,0
2013-03-01T21:20:34Z,Il a glissé,0
2013-03-01T14:51:19Z,Pourquoi tu mets pas en ligne le sombrero de Beckham sur A.Ayew?,0
2013-01-27T16:31:49Z,Welcome to Rubin Kazan! :),0
2013-01-27T13:58:55Z,Welcome to Kazan M'villa :),0
2013-01-27T11:24:39Z,M'vila Forever roazhon,0
2013-01-26T21:46:20Z,Merci monsieur Yann M'Vila ! Merci pour tout ce qu'il a fait à Rennes.,0
2013-01-13T16:56:31Z,allez le téf,0
2013-01-13T15:10:55Z,allez les verts,0
2013-01-09T15:32:20Z,merci ayew,0
2012-12-28T14:49:47Z,"sa tete elle fume
",0
2012-12-28T08:29:44Z,Iol cette defaite euh cette victoire,0
2012-12-27T17:07:58Z,Jestem raperem. Zapraszam na mój kanał!,0
2012-12-25T22:23:58Z,on te kiff andré ! allez l'om on va finir champion fuck paris,0
2012-12-24T20:13:23Z,saint-Etienne joue .....om gagne ,0
2012-12-24T16:39:23Z,aller l'OM,0
2012-12-24T15:02:08Z,bien jouer l' OM <3,0
2012-12-24T02:36:21Z,Yeah OM! ,0
2013-06-12T19:42:33Z,"en deuxième mi temps il fait un superbe geste technique en remontant le ballon de son camp, mais tu ne l'a pas mis, dommage",0
2013-03-28T16:18:18Z,tais toi,0
2012-11-30T21:53:37Z,Comme quoi avoir des joueurs bourrins ca sert pas à grand chose....,0
2012-11-30T19:13:17Z,"putan sa crain trop 
;)
",0
2012-11-29T14:01:43Z,"non on s'en fou pas, on se fait pas taper 4-1 a la maison, c'est les faux supporter qui parlent comme ça !",0
2012-11-29T09:16:07Z,tant que paris n'est plu 1er,0
2012-11-29T07:02:16Z,Ouaibc juste lom on sen fou,0
2013-03-03T10:22:55Z,ON genre tu joue dnas l'équipe et tout MDR,0
2013-03-02T23:11:10Z,Il a raison c vraiment un CON ! Depuis qu'i'l s'est fait braker il a des sequelles et developpe  une certaine rage..il devrais consulter son psy plus souvent :/,0
2013-02-28T21:29:45Z,"C'est abusé comment un mec de 20 ans qui a vu Beckham jouer a MU quand il etait petit et qu'il a du kiffer comme quand nous on a kiffé, n'ai pas plus de respect pour un type comme ça, qui limite pourrait etre son pere et qui a une vrai aura. C'est un gars de la generation Figo, Zidane, Ronaldo, Rivaldo...il devrait etre en kiffe de jouer contre lui mais non il prefere essayer de lui faire mal au visage sur un contact... ",0
2013-02-28T15:19:49Z,Entièrement d'accord avec toi ! ,0
2013-05-12T17:43:02Z,premier vu,0
2013-04-03T01:51:14Z,ALLEZ BRANDÃO : ALLEZ BATMAN....ALLEZ AUBAMYONG : ALLEZ ROBIN..ALLEZ ASSE 2013,0
2013-03-31T14:24:20Z,"beau match des troyens!!
passez voir mes vidéos svp les débuts sont dur (et désolé pour la pub)",0
2012-12-11T20:08:36Z,"Énorme la fin^^
Il arrête julien????? si oui c'est dommage",10
