publish_date,title,view_count
2013-04-18T15:55:01Z,Ousmane Ndiaye,2858
2013-03-01T19:26:18Z,Ousmane ndiaye 2012,417
2013-05-22T19:56:02Z,"N&#39;Diaye, Momar",3858
2013-05-23T16:21:56Z,Parlons foot avec Demba Ramata Ndiaye,2287
2013-01-29T00:18:48Z,OUSMANE SY - TOP GOAL (OFFICIAL VIDEO),232
2012-09-20T03:51:03Z,Parlons Foot - Abdoulaye Ndiaye - 19 Septembre 2012 - Partie 2,232
2013-03-01T23:41:44Z,Ousmane Latyr  FAYE,199
2013-03-01T23:54:30Z,Ousmane Latyr FAYE,105
2013-02-28T17:52:50Z,judicael crillon 2012,395
2013-03-13T18:33:08Z,jonathan bijimine,6384
2012-08-02T15:53:35Z,eugene aux supporters,189
2012-09-13T22:13:06Z,Captain&#39;s view: Poulmeira Diop of Equipe Ameth Fall from Senegal,238
2012-09-20T04:36:16Z,Parlons Foot - Abdoulaye Ndiaye - 19 Septembre 2012 - Partie 3,113
2012-12-04T19:04:56Z,Ziguinchor.TV_Un laps de temps avec le CASA-SPORTS.mpg,359
2013-04-25T16:56:23Z,LAIFA Noui 2013,8054
2013-04-16T16:29:37Z,abou numéro 28 (1) TIDA 2012 à Abidjan,79
2013-04-22T11:58:15Z,Les Aigles vs Lycée Ameth Fall,246
2013-02-02T20:41:06Z,CAN: le Togo fier d&#39;être en quarts de finale,239
2013-01-26T07:57:48Z,MBAYE AMADOU KANE MILIEU OFFENSIF,722
2012-08-24T15:26:52Z,FACE OF PIKINE ( ACADEMY),238
2013-01-11T05:56:05Z,Issa Ba 2012,3163
2012-12-12T20:29:08Z,"Severin Bikoko, Sahalara Döndü",2113
2012-10-12T21:20:36Z,Emmanuel Gomis,6836
2013-07-29T19:39:21Z,Au pays des Mourabitounes - 27 Juillet 2013,6056
2012-12-16T22:51:49Z,Vidéo Sénégal-championnat Basket: Gorée bat Us RAIL 67-61,591
2012-09-13T10:32:52Z,Parlons Foot - Ferdinand Coly - 12 Septembre 2012  - Partie 2,666
2012-08-04T15:58:36Z,Pape Souare Stamp,18412
2013-06-14T04:42:05Z,pape modou as  pikine,1239
2013-01-25T00:32:08Z,"Le Sénégal n&#39;est un pays de football, mais un pays de grands footballeurs",2436
2013-07-25T11:34:46Z,cv ablaye seck,2363
2012-09-13T09:20:51Z,Parlons Foot - Ferdinand Coly - 12 Septembre 2012  - Partie 1,1262
2012-12-09T22:48:11Z,Vidéo Basket-Championnat Sénégal: HBC bat SLBC 71-61,281
2013-02-19T17:58:29Z,&quot;Na Wone Demb&quot; Abdoulaye Diaw reçoit Peter Schnittger ancien entraineur du  senegal - 19/02/2013,23495
2012-10-12T01:55:33Z,Interview Joseph KOTO: dernier mot,103
2012-08-23T00:39:52Z,Parlons Foot - 22 Août 2012 - Partie 1,335
2012-10-25T18:22:47Z,Parlons Foot - Saer Seck - 24 Octobre 2012 - Partie 6,59
2013-06-18T09:29:19Z,AJSDCHO Stade Alssane Djigo de Pikine,412
2013-06-29T15:27:12Z,Ext  Lamine Kane Coach Touré Kounda  Fr,140
2013-02-25T15:44:01Z,ITW Jimmy Bocquet 24/02/13.,232
