published-time,comment,likes
2013-04-30T23:35:06Z,Ta filmé avec quoi stéf pour que sa bouge pas du tout ?,0
2013-03-06T10:59:16Z,"oui jake allez la paillad
",0
2013-03-05T22:23:42Z,"Roh mais dis donc Franki ! Montpellier est un grand club français désormais ! Même si les journalistes ne veulent pas le reconnaître, même s'il n'y a pas d'investisseurs qataris et avec ou sans Diego. Le MHSC est champion de France 2012 et est 6e au classement aujourd'hui. Les faits parlent d'eux-mêmes les mecs ! ;)
Allez Paillade ! :)",0
