publish_date,title,view_count
2012-09-28T10:02:14Z,"Lucas Ocampos, virgule, point à la ligne !!!",176681
2013-04-18T23:48:53Z,Erik Lamela vs Lucas Ocampos (River Plate) HD,12117
2012-09-29T10:31:09Z,Jugada De Lujo De Lucas Ocampos - AS Monaco,19892
2012-10-11T18:18:12Z,Lucas Ocampos AMAZING SKILL !!!,2392
2013-01-16T02:55:26Z,Gol De Lucas Ocampos (Chacarita 0 - 2 River),15896
2012-08-17T09:27:24Z,L&#39;interview exclusive de Lucas Ocampos,7948
2012-08-11T06:16:31Z,Lucas Ocampos - Golazo a Chacarita (Torneo Nacional B),432
2012-10-01T19:48:03Z,"Green Time: Lucas Ocampos,Argentine dribbler.",1040
2013-02-10T00:01:51Z,Lucas Ocampos - This Is My Style - 2012-2013 ( River Plate-As Mónaco ) HD,23637
2012-08-16T14:36:39Z,LUCAS OCAMPOS (1) : L&#39;ARRIVEE,7863
2012-09-29T02:09:36Z,1er gol de lucas ocampos en el MONACO de francia.,794
2013-05-24T12:31:55Z,Lucas Ocampos goals and skills video AS MONACO 2012-2013,31744
2012-08-18T03:56:05Z,"Lucas Ocampos - &quot;Cuando hice el gol, no entendí nada&quot;",92
2012-08-17T13:01:00Z,"Lucas Ocampos, présentation officielle",8489
2013-01-22T01:15:19Z,Gol De Lucas Ocampos (Istres 0 - 2 AS Mónaco FC),5312
2012-10-23T15:33:33Z,David Trezeguet et Lucas Ocampos...,27212
2012-08-22T07:32:56Z,Lucas Ocampos - Revisión medica en AS Monaco,4123
2013-01-18T20:09:14Z,Gol De Lucas Ocampos (Defensa y Justicia 3 - 3 River),663
2012-08-18T05:29:54Z,Lucas Ocampos - A fondo,66
2012-08-17T02:18:56Z,Lucas Ocampos - &quot;Cuando hice el gol pensé en todo lo que luché con mi familia&quot;,66
2012-08-09T22:58:36Z,Lucas Ocampos - Segundo gol en River (vs Desamparados),306
2012-09-25T00:55:44Z,Gol De Lucas Ocampos (River 7 - 1 Atlanta),166
2012-08-17T07:22:29Z,"Ocampos, en visite...",8605
2013-06-26T09:03:25Z,Lucas Ocampos - River Plate [Arg] - Monaco [Fra],1435
2012-12-06T16:34:53Z,AS Monaco TV - Golaço de Lucas Ocampos,140
2012-08-16T07:02:12Z,Lucas Ocampos - Séptimo y ultimo gol en River (vs Boca Unidos),835
2012-09-05T15:38:33Z,Gol De Lucas Ocampos (River 3 - 1 Desamparados),88
2012-08-10T03:44:09Z,Lucas Ocampos - Tercer gol en River (vs Atlanta),292
2012-09-01T22:51:18Z,Debut De Lucas Ocampos (Le Havre 2 - 1 AS Monaco),19835
2012-08-16T16:36:43Z,Réactions après la signature du contrat de Lucas Ocampos,10435
2012-08-19T02:31:09Z,Lucas Ocampos - No es ninguna casualidad,38
2012-08-22T15:09:18Z,Lucas Ocampos - Presentacion Official (AS Monaco FC),2912
2012-09-04T03:45:16Z,Gol De Lucas Ocampos (Independiente 1 - 3 River),155
2012-08-09T16:50:50Z,Lucas Ocampos - Primer gol en con la camiseta de River (vs Independiente),1891
2012-08-17T07:31:45Z,Lucas Ocampos - &quot;Desde chiquito soñé estar en primera&quot;,189
2012-08-16T00:24:53Z,Lucas Ocampos - Sexto gol en River (vs Defensa y Justicia),1007
2013-07-06T10:50:11Z,Lucas Ocampos décrypte son ToP BuT,218
2012-08-10T20:45:26Z,Lucas Ocampos - Cuarto gol en River (vs Guillermo Brown),324
2012-08-22T06:28:41Z,Lucas Ocampos - El recibimiento y llegada a Monaco,648
2012-12-20T07:09:45Z,Gol De Lucas Ocampos (Guillermo Brown 1 - 4 River),138
2013-07-05T17:12:02Z,Lucas Ocampos descifra su meta principal,391
2012-10-27T23:09:04Z,David Trezeguet et Lucas Ocampos...,566
2012-10-07T03:09:28Z,Dedicado a Lucas Ocampos de parte de su FansClub OFICIAL ♥,158
2013-01-24T20:09:02Z,Lucas Ocampos y Yannick Ferreira-Carrasco responde preguntas en facebook.,2315
2012-11-01T05:52:03Z,"Lucas Ocampos, su vida en Mónaco (Entrevista especial de ESPN)",2707
2012-08-22T04:07:19Z,Lucas Ocampos - &quot;Me toco salir y tengo que apoyar&quot;,71
2012-08-22T13:38:33Z,Entrevista exclusiva con Lucas Ocampos - AS Monaco FC,2986
2012-08-22T15:49:09Z,LUCAS OCAMPOS Club Atletico River Plate,127
2012-08-19T01:21:26Z,Lucas Ocampos - &quot;Lo más importante empieza el domingo&quot;,30
2012-08-22T06:28:01Z,Lucas Ocampos - Reacciones tras la firma del contrato,270
