published-time,comment,likes
2013-07-30T21:21:17Z,merci riou !,0
2013-07-08T20:47:10Z,Fcnantes-3,0
2013-05-24T12:00:51Z,"
						
	

Site officiel	
fcnantes.com     FC Nantes TV     Boutique     	
 
Saison
 
Formation
 
Club
 
Fan Zone
 
Evénements
 
Billetterie

















 


	
20 mai 2013     

Pros : L'agenda avant FC Istres - FCN


Le programme de la dernière semaine d'entraînements des Canaris, avant le déplacement à Istres, vendredi 24 mai, en 38ème journée de Ligue 2.

L'agenda du 20 au 24 mai 2013

Matin	Après-midi
Lundi	 	 
Mardi	 	
Mercredi	 Entraînement
10h00 	 
Jeudi	Entraînement
10h00	
Vendr",0
2013-05-17T19:10:46Z,Victoire des Canaris contre le cours du jeu...,0
2013-05-17T19:03:11Z,Les matches du lundi soir ne sont jamais commentés,0
2013-05-16T09:21:19Z,"ça plaisir de revoir Nantes et la beaujoire en ligue 1, même si c'est pas encore fait (presque)^^",2
2013-05-15T19:39:28Z,beau but quand même!,1
2013-05-14T21:19:17Z,ALLER NANTES,0
2013-05-14T21:18:50Z,Jsui deg il y a plus que des places à 25 euros prix Nantes vendredi soir :'(,0
2013-05-14T20:56:11Z,Faites nous rever Vendre contre Sedan à la Maison on sera 36000,0
2013-05-14T19:19:28Z,"caen va monter en ligue 1 l'année prochaine et le stade était plein 
",0
2013-05-14T18:17:22Z,"On ne méritait pas de gagner ce match au vu du niveau de jeu de toute manière, par contre faut arrêter les ""pénalty scandaleux"" et autres, c'est bien d'être chauvin mais bon, qu'on dise ""pas évident"" je veux bien mais quand tu vois le ralenti, c'est clairement nangis qui dévie le ballon du bout du pied droit et non le nantais, juste histoire de rétablir les faits ;)",0
2013-05-14T16:46:13Z,"Trop cool, allez Nantes!",1
2013-05-14T16:19:01Z,Superbe but de Nantes et le dégagement de Riou sur le but est d'une précision extrême !!! Allez Nantes ! On est presque en ligue 1 !,1
2013-05-14T15:55:14Z,Allez Nantes! #ligue1,1
2013-05-14T15:13:44Z,Bientot Nantes en L1 ! :D,1
2013-05-14T11:33:30Z,ou est passé le commentateur ? Allez le FCN,1
2013-05-14T10:39:56Z,Gfca... Veilex revient ...,0
2013-05-14T10:09:01Z,pénalty scandaleux mais justice a été faite ! cet arret de remi vaut de l'or ! ,0
2013-06-20T11:50:28Z,Caen !!!!!,0
2013-05-04T17:39:15Z,"Allez Dijon. Vous pouvez remonter. Je m'en rappelle encore au stade Gaston Gérard en Ligue 1 ""DIJONNAIS"" :)",0
2013-05-02T08:57:09Z,"Dijon à fait le jeu ?! Pas du tout j'étais match, ils ont eu 2 occasions franche et ils l'es ont mis c'est tout alors que les Caennais avait l'occasion de tué le match mais avec notre attaquant Nabab qui rentre à la place de Duhamel, ce mec ne marque jamais, quand il centre ça attérri à l'opposer en touche, je crois bien qu'on va ce cotiser pour acheter des pieds à Nabab ! --' Bien jouer à Dijon d'avoir su profiter de la fébrilité des Caennais qui sont censé être la meilleur défense de L2 ! ",0
2013-04-30T09:06:47Z,Allez NO,0
2013-04-28T10:12:50Z,"Et encore ya pire, celui de bayern barça par exemple.
",0
2013-04-28T08:41:17Z,Merci l'arbitre.,0
2013-04-28T07:59:16Z,Dijon !!!!!,0
2013-04-28T07:21:17Z,"Caen ne mérite plus la monté à faire match nul avec la supériorité numérique, ils ne vont rien faire en Ligue 1",0
2013-04-27T22:29:39Z,"Chaperon est ""le héros du match"", Dal O'Glio avait bien raison. Inadmissible d'avoir des arbitres ""pro"" comme ça à un tel niveau.",0
2013-04-25T11:41:46Z,Allez le SCO en route pour la montée,0
2013-04-22T15:30:04Z,Magnifique but angevin !!!,0
2013-04-22T15:16:29Z,"Allez Malherbe !!!!
on croit à la montée !
",0
2013-04-21T11:01:29Z,Allez malherbe,0
2013-05-07T11:34:26Z,Dommage que contre clermont hier Nantes est perdue ! sa fait chier je pensais aussi au titre possible pour nantes mais la avec la défaite hier faut absolument la LIGUE 1 et que Nantes gagne contre caen,0
2013-05-06T19:56:12Z,Sisi malherbe les meilleurs victoire  nantes lundi et cest bon,0
2013-05-06T16:37:49Z,Allez soyons fou les amis ! On enchaine 3 victoire derrière et a nous la L1 ! Go Malherbe !,0
2013-05-05T19:33:29Z,"Bon Sang, il faut gagner, allez l'AS Monaco",0
2013-05-05T17:31:05Z,"Allez les Caennais on y crois encore mais faut gagner les 3 derniers matchs ou alors 1 nul et 2 victoires ! J'aime bien le commentateur ""Caen qui à de la chance"", bah enfin depuis le temps qu'on en avait pas eu ^^' ! ",0
2013-05-05T12:30:02Z,Malherbe veut sa place en Ligue 1 !!! :),0
2013-05-05T09:43:40Z,sa pimente la fin de saison. Aller Nantes on croie au titre !,0
2013-05-05T06:22:27Z,seum seum seum aller monaco  ,0
2013-05-05T04:44:50Z,Aller malherbe,0
2013-05-06T17:19:43Z,4éme but de la saison c'est bien espérons qu'il revienne plus fort à l'OM et qu'il opte pour l'équipe national algérienne,0
2013-05-12T16:02:22Z,HA ! HA ! HA ! Comme c'est drole !,0
2013-05-12T14:31:48Z,brest bienvenu en ligue 2,0
