publish_date,title,view_count
2013-05-14T10:00:26Z,SM Caen - FC Nantes (0-1) - Le résumé (SMC - FCN) / 2012-13,30253
2013-04-27T22:00:13Z,SM Caen - Dijon FCO (2-2) - Le résumé (SMC - DFCO) / 2012-13,12547
2012-10-27T22:00:12Z,AC Arles Avignon - SM Caen (0-2) - Le résumé (ACA - SMC) / 2012-13,2350
2013-04-20T22:00:15Z,Angers SCO - SM Caen (1-1) - Le résumé (SCO - SMC) / 2012-13,5248
2013-05-04T22:00:10Z,AS Monaco FC - SM Caen (0-1) - Le résumé (ASM - SMC) / 2012-13,13469
2013-06-24T12:06:48Z,Shinji Kagawa admits to poor first Manchester United season,984
2013-01-21T09:12:17Z,But | Football | Speed Soccer | Joan,57
2012-10-27T19:56:36Z,Conférence de presse AC Arles Avignon - SM Caen (0-2) / 2012-13,94
2013-05-05T22:00:10Z,But Florian RASPENTINO (19&#39;) - Montpellier Hérault SC - Stade Brestois 29 (2-1) / 2012-13,2093
2013-05-12T13:56:19Z,Conférence de presse Stade Brestois 29 - FC Sochaux-Montbéliard (0-2) / 2012-13,342
2012-08-18T20:02:50Z,Lorient 1-1 Montpellier but de Traoré,665
2013-04-28T13:35:24Z,Interview de fin de match : SC Bastia - Toulouse FC (0-0) / 2012-13,188
2013-02-24T17:19:17Z,Conférence de presse Valenciennes FC - Toulouse FC (0-0) / 2012-13,110
