publish_date,title,view_count
2013-01-04T14:29:03Z,GOAL JORDAN GALTIER !!!!!!!!!!!!!!!!!!!!!!! AC ARLES AVIGNON . COM SPILBREG,820
2012-12-19T09:56:49Z,"Jordan Galtier dans Quand on aime le foot, on parle foot 18/12/12 S02",394
2013-05-15T16:34:56Z,"Galtier Jordan dans Quand on aime le foot, On parle foot 14/05/2013 S02",188
2013-01-04T12:40:53Z,BUT DE GALTIER FACILE ARLES AVIGNON SPILBREG,725
2013-05-18T22:00:11Z,Dijon FCO - AC Arles Avignon (2-3) - Le résumé (DFCO - ACA) / 2012-13,3417
2013-02-28T21:00:39Z,Agression de Jordan Ayew sur Beckham,1900
2013-05-25T22:00:36Z,AC Arles Avignon - Havre AC (1-1) - Le résumé (ACA - HAC) / 2012-13,3782
2013-04-26T19:32:37Z,ELIE DOHIN VIDEO AC AJACCIO ET LIBOURNE,212
2012-08-21T23:41:16Z,"Butelle Ludovic dans Quand on aime le foot, on parle foot 21/08/2012 S02",555
2013-01-26T21:39:33Z,mvila,12454
2013-01-13T14:41:54Z,Conférence de presse AS Saint-Etienne - Toulouse FC (2-2) / 2012-13,278
2012-10-20T22:22:03Z,Conférence de presse CS Sedan - AC Arles Avignon (4-2) / 2012-13,164
2012-12-24T00:13:33Z,Interview de fin de match : Olympique de Marseille - AS Saint-Etienne (1-0) / 2012-13,3494
2012-12-14T16:00:24Z,OL -- Bisevac : « Pas peur de Zlatan »,565
2013-05-12T17:34:59Z,But Yann JOUFFRE (90&#39; +3) - FC Lorient - AS Saint-Etienne (3-1) / 2012-13,1628
2013-06-11T17:39:57Z,Zoom sur : Payet vs Bresil,550
2012-09-28T04:38:07Z,Very Big Foot émission du 27 septembre 2012 débats et analyse,470
2012-11-29T00:02:37Z,But Loïc REMY (77&#39;) - Olympique de Marseille - Olympique Lyonnais (1-4 / 2012-13,5500
2013-02-28T14:34:13Z,After Foot / Le coup de gueule d&#39;un auditeur sur l&#39;attitude de J. Ayew envers Beckham - 27/02,5350
2013-02-03T23:00:17Z,Goal Yann JOUFFRE (31&#39;) - FC Lorient - Stade Rennais FC (2-2) / 2012-13,109
2013-05-12T17:32:23Z,Goal Yann JOUFFRE (90&#39; +3) - FC Lorient - AS Saint-Etienne (3-1) / 2012-13,111
2013-03-31T13:32:29Z,Conférence de presse ESTAC Troyes - AS Saint-Etienne (2-2) / 2012-13,362
2012-09-08T15:26:17Z,Bagarre à l&#39;entrainement Wolfsburg,2824
2012-12-11T16:33:58Z,Cazarre : &quot;Evian en terre inconnue&quot;,118716
2013-03-28T14:00:26Z,"After Foot / La France, des problèmes dans le jeu - 27/03",1094
2012-11-13T15:05:06Z,L&#39;After Foot / Julien Cazarre amuse la galerie,147188
2012-09-28T02:44:51Z,Loïc Rémy arrête les voleurs!,2577
2013-03-28T20:43:17Z,Jérémy Menez ● Dimitri Payet ● Loïc  Rémy ● Raphaël ● Training French team,736
2012-08-02T11:37:13Z,"Quand on aime le foot, on parle foot avec Bong Frédéric 31/07/12 S02",125
2013-04-28T16:24:00Z,OL / ASSE - Grenier : &quot;Un bon point de pris&quot; 28/04,229
2013-01-20T21:22:57Z,Interview de fin de match : LOSC Lille - OGC Nice (0-2) / 2012-13,469
