publish_date,title,view_count
2012-12-22T13:37:36Z,Dans la peau d&#39;un gardien de but...,10212
2012-08-28T23:46:56Z,"Coupe de la Ligue : Niort - ASM FC, réactions et highlights",11340
2012-08-08T00:12:37Z,"Les réactions après Nîmes-ASMFC (1-1, 5-6 t.a.b.)",3764
2012-12-15T23:00:13Z,AS Monaco FC - Nîmes Olympique (1-1) - Le résumé (ASM - NIMES) / 2012-13,4100
2012-12-22T23:17:29Z,Le Mans FC - AS Monaco FC (2-3) - Le résumé (LEMANS - ASM) / 2012-13,14787
2013-05-07T00:14:02Z,HORRIFIC clash between Tomiyama and Masuda,276056
2013-05-25T22:00:36Z,Tours FC - AS Monaco FC (1-2) - Le résumé (TOURS - ASM) / 2012-13,9409
2012-09-27T00:04:15Z,"(CDL) ASM FC - VA, les réactions",8598
2012-12-22T22:54:21Z,"(J19) Le Mans-ASMFC, les réactions et la joie",1317
2012-11-30T16:19:21Z,Malaury Martin Highlights Clips AS Monaco,2198
2013-05-18T10:39:54Z,"(J37) ASM FC - LE MANS, les réactions",7416
2013-07-23T08:47:17Z,Interview d&#39;Adriano,6207
