published-time,comment,likes
2012-09-14T21:25:38Z,EXCELENTE QUINTEROSSS ,0
2012-09-13T09:18:27Z,Vai Quintero!!!,0
2012-11-01T22:14:12Z,بس بصراحهـ رهيبهـ حركة كريستينا,0
2012-11-01T22:13:39Z,هههههههههههههـ ابد مب ولد نوال اللي كاتب التعليق اللي قبلي  ههههههههههههـ ,0
2013-07-22T08:34:24Z,Rimani con il Pescara sei un grade,0
2012-12-11T20:07:07Z,ke portiere perin,0
2012-08-16T18:08:49Z,"scusa per la reazione e per il giudizio avventato,ma vedo sempre piu'persone che si piangono addosso aspettiamo almeno l'inizio del campionato per farci una vera idea di come puo' essere la situazione attuale. adesso e ancora presto per contestare diamo tempo se no' ci diamo la zappa sui piedi eh!!cmq il materiale c'è la' manca un attaccante affidabile una 1 punta e poi vediamo purtroppo lamentarsi gia'da ora non fa bene a nessuno mettiamoci un po'di ottimismo e sempre FORZAPESCARA!!!!    ",0
2012-08-12T17:28:37Z,"quanti pseudotifosi quanti gufi abbiamo in casa si fasciano la testa prima del tempo che stai a tira i piedi,c'è bisogno di tempo la squadra è stata assemblata da poco,se sei un nostalgico di zeman vatti a vede' la roma cambia canale vatti a vede la roma vai....nessuno ti cerca.....conta SOLO IL PESCARA!!!!!    ",0
2012-08-09T08:43:29Z,Grande Mister!! Massima fiducia! Forza Pescara!!,0
2013-04-04T15:39:08Z,ma jetvn..,0
2012-10-13T06:47:04Z,"sei uno dei migliori...ci vuole la tua grinta, concentrazione ed impegno per tutti. Ottima anche la tua analisi della partita. Forza ragazzi...credeteci sempre e mentalità vincente.",0
