publish_date,title,view_count
2013-04-07T15:19:16Z,tiro brugman,150
2012-09-05T20:07:58Z,"QUINTERO e BRUGMAN, prime dichiarazioni in biancazzurro",2365
2013-07-26T20:29:26Z,Pescara 6-0 Messina amichevole precampionato,433
2012-10-19T23:55:40Z,PESCARA - LAZIO 0 - 3 HD - 07/10/2012 - SERIE A TIM,472
2012-09-08T19:59:57Z,intervista a QUINTERO J. FERNANDO,1790
2012-11-20T15:42:11Z,Eurogoal Gaston Magnetti ( Aarau - Bellinzona 0-1 ) 18 novembre 2012,388
2013-04-10T11:58:44Z,"Calcio, le precisazioni di Di Mascio",119
2012-11-01T21:24:13Z,لقطات رائعة مباراةالاتفاق3-1 الشباب دوري زين  2012/2013,1781
2012-09-09T23:51:14Z,Pescara - Primavera Pescara 10-2,1190
2012-09-06T20:32:26Z,Conferenza Stampa Antonucci,27
2013-07-21T21:07:49Z,Intervista a Ivan Pelizzoli,746
2013-04-23T14:13:40Z,Intervista a Uros Cosic,1404
2012-12-21T21:52:10Z,Video Higlights Ampia sintesi e gol Pescara-Catania 2-1 21/12/12 Sport - Sky,4368
2012-12-11T08:25:05Z,PESCARA GENOA LA SINTESI,745
2013-03-05T08:29:56Z,PRONTO PESCARA - 4 marzo 2013,213
2012-08-09T07:09:44Z,Stroppa: &quot;Contento dell&#39;atteggiamento della squadra&quot;,676
2013-04-04T13:39:31Z,Intervista a Ivan PELIZZOLI,492
2013-03-03T23:18:54Z,Pescara - Udinese 0-1 Caprari e Quintero,112
2012-10-11T14:02:31Z,Intervista a ANTONIO BOCCHETTI,379
2013-03-16T17:13:11Z,"Matute: &quot;Sapevamo di affrontare una grande squadra, gara interpretata male&quot;",91
2012-12-06T09:11:19Z,Sala stampa Cagliari Pescara CRISTIANO BERGODI,1250
2012-12-07T16:11:39Z,CAGLIARI PESCARA TIM CUP.,233
2013-03-10T16:18:56Z,91° ATALANTA - PESCARA 2:1 - Gaetano D&#39;Agostino,930
