published-time,comment,likes
2013-06-22T20:38:31Z,Le goal est trop fort,0
2013-01-24T21:01:54Z,"Go Pro sur la tête.
",0
2013-01-11T14:10:21Z,Coment il filme le goal ?? Avc une Gopro ??,0
2013-01-01T02:37:18Z,Bon sa :-) !,0
2012-12-23T07:26:03Z,OMG Great idea. This is realy cool!!,0
2012-08-29T09:17:28Z,"Ben en meme temps c'est normal, ce n'est que l'équipe B de Monaco plus ou moins....Si on avait mis tous les titulaires....vous auriez mangé encore plus... Monaco a demontré que meme dans la douleur et l'adversité, cette équipe sait faire face à n'importe qui et en sortirant toujours vainqueur !",0
2012-08-29T07:17:38Z,Bill de Niort. Monaco n'a vraiment rien démontré ce soir. Cette équipe m'a déçu. Elle ne méritait pas de gagner ce match,0
2012-08-29T03:11:24Z,"Ca c'est une défense de fou !!!! On voit bien l'enseignement de Claudio porter ses fruits....Tres belle partie de Niort qui n'a pas démérite mais cette année on est en mode rouleau compresseur !!!!

DAGNE MUNEGU !!!!",0
2013-04-09T12:14:48Z,"alors là chapeau, tu es devenu footballeur pro!! bien joué Jérémy!!!! continu comme ça!!
je suis sur que tout St Ouen te regrette mtn!!! ; ) ",0
2012-08-08T17:36:18Z,en tant que supporter nimois je suis content que nimes est jouer ainsi par contre ranieri qui se plaint de la pelouse pour expliquer la difficulté de monaco c est moyen !! dommage pour nous mais tant mieux pour monaco qui devient un grand club !! vivement nimes monaco avec les equipes types !! ,0
2012-08-08T11:55:20Z,Dague munegu,0
2012-08-08T11:24:51Z,"Ce match aura été difficile du début jusqu'a la fin mais l'essentiel es là, la qualification pr ce prochain tour de la coupe de la ligue !!!! Daghe munegu !!!! ♥",0
2012-08-08T01:13:52Z,"La qualification est là, par contre même erreur que sur le site officiel, c'est 6-5 et non pas 7-6 aux tirs au but! :)",0
2012-08-08T00:25:37Z,"Rolalalalalalala, le stress qu'il m'a mis ce match... Enfin l'essentiel est fait et maintenant Niort !

Allez Monaco !!!!",0
2013-06-11T16:08:58Z,Le match a ete jouer a huit clos,0
2013-02-03T19:56:20Z,allez le mans,2
2013-01-25T12:07:31Z,il est bon ce Ibrahima Touré ^^ sa promet pour la suite. Je souhaite une monté de l ASM pour la saison prochaine.( Un sup Parisien),1
2013-01-10T01:49:45Z,allez monaco,1
2013-01-02T09:08:47Z,ouai vous nous rembourserez dans maximum 3 mois sinon...,1
2013-01-01T22:20:37Z,"mais il coute trop cher pour vous 200 000 euro 
vous avez pas les moyens",1
2012-12-23T17:21:21Z,"Frederic, si il n'a pas montrer ton ""hors jeu imaginaire"" il n'a pas non plus montré le penalty non sifflé pour Le Mans si tu va dans ce sens là ! (Sympa ton jugement sur les supporters c'est vrai que c'est important de signaler ce que tu as dit ... Ahlala)",1
2012-12-23T09:23:26Z,alors super journaliste manceau juste pour dire qu'il y a un but refusé sur hors jeu imaginaire mais bon sa on montre pas et les supportaire manceau qui pousse pour marqué le 2 eme but ???? eh il était au match ou pas car moi j'i etait et les manceau on les a entendu qu'au 2 eme mais avant et apres .... les Supportaire Monégasque était la mais sa il en a pas parlé non plus pas grave victoire un de bon souvenir :) ,1
2013-07-28T19:26:24Z,"Damn, hate to say it but they got knocked the fuck out.",0
2013-07-17T20:51:40Z,Did he die,0
2013-05-31T08:16:24Z,Didn't expect a goal from reading the title,0
2013-05-28T19:17:54Z,Damn,0
2013-05-27T02:42:16Z,he died ????,0
2013-05-24T17:57:01Z,"This is sad, they'll feel the after effects for years",0
2013-05-13T00:03:32Z,RIP :/,0
2013-05-12T20:37:28Z,"no busque y resulto que en se choque el jugador murio 
",0
2013-05-12T17:39:30Z,İs he alive?,0
2013-05-11T12:46:04Z,nobs,0
2013-05-11T06:27:22Z,tamananaaaa,0
2013-05-10T22:05:23Z,Waaaaaauuuu...sin comentarios...terrible,0
2013-05-10T13:45:01Z,yesss,0
2013-05-10T13:37:51Z,El arquero es medio pelotudo.. que forma estúpida de salir.. al menos hubiera levantado las manos,0
2013-05-10T09:15:23Z,"That's all what u care about , you and your likes ?",0
2013-05-09T22:25:12Z,"Respect that he was going for the ball and no fear of danger, and that he scored .",0
2013-05-09T22:11:06Z,"Dolorr!!!! 
",0
2013-05-09T15:26:46Z,...B U T !!!!!! he scored.,0
2013-05-09T15:22:46Z,Heroe,0
2013-05-09T14:52:14Z,Look on the bright side; He Scored,0
2013-05-09T12:43:22Z,yes,0
2013-05-09T12:43:15Z,yes,0
2013-05-09T12:42:42Z,no,0
2013-05-09T12:42:34Z,no ,0
2013-05-09T12:42:07Z,they won because of him,0
2013-05-09T00:45:33Z,"god help them
",0
2013-05-08T22:13:19Z,Lovely goal,0
2013-05-08T21:38:16Z,That's some sick shit...,0
2013-05-08T21:34:19Z,Ouch,0
2013-05-08T20:02:24Z,holy shit that was nasty!,0
2013-05-08T17:11:46Z,O_o looks reaaaaaly bad.,0
2013-05-08T13:02:28Z,Help them,0
2013-05-08T10:04:21Z,blood sweat and tears,0
2013-05-08T03:27:36Z,Did he score???,0
2013-05-08T03:22:18Z,departure of goalkeeper awful !!!!!!!!!!!!,0
2013-05-08T00:50:32Z,Gooooooooooooooooooooooooooooooolllllllllllllllllllllllllaaaaaaassssssssssssssssooooooooooooo r they ok:(:(,0
2013-05-07T22:44:36Z,"Goooaaal !!!!   oh , and  K.OOOOOOOOO  !!!!",0
2013-05-07T22:38:36Z,goooooooooooooooooooooooooooooooooooooooooooooooooooooooooooooooooooolllllllllllllllllllaaaaaazzzzzzzzzzzzzoooooooooooooooooooooooooooooooooooooooooooooooooooooooooooooooooooo!!!!!!!!!!!!!,0
2013-05-07T22:33:09Z,Auchh !,0
2013-05-07T21:14:40Z,Just stuffed the guy into the ambulance lol,0
2013-05-07T17:48:53Z,Did it count?! Haha,0
2013-05-07T15:46:06Z,"The scorer was like let me see my last goal :P
",0
2013-05-07T15:17:05Z,Zidane and drogba would've been like what happened?,0
2013-05-07T15:07:11Z,Ouch,0
2013-05-07T13:56:53Z,"ARE THE PLAYERS LIVE ???
",0
2013-05-07T13:15:16Z,Are the players alright now tho?,0
2013-05-07T13:08:26Z,O My Fucking God!!! Wtf!!! I hope ther both r ok!!!,0
2013-05-07T12:08:05Z,"Fuck me, he's dead.",0
2013-05-07T10:57:14Z,they both survived,0
2013-05-07T10:52:24Z,"like the MLS, they have lots of national supporters, kinda like the premier league for the british :D",0
2013-05-07T10:43:47Z,wow i didnt know tha japanese teams have so many fans ! :D ,0
2013-05-07T07:13:23Z,Seppuku goal...,0
2013-05-07T07:06:08Z,He sure can jump,0
2013-05-07T06:52:37Z,Respect,0
2013-05-07T06:10:31Z,aouch...,0
2013-05-07T05:41:53Z,Fencing response.,0
2013-05-07T05:39:53Z,"Defender is taking blame for both these lives, putting them in this risky situation",0
2013-05-07T05:35:28Z,BANZAI!!!!!!!!!!!!!!!!!!!!!!!!!!!,0
2013-05-07T05:14:15Z,Nasty crash,0
2013-05-07T04:50:52Z,Bonsai!!!!!,0
2013-05-07T04:18:18Z,Keeper should've went out with his hands,0
2013-05-07T03:42:42Z,Damn that is serious,0
2013-05-07T03:08:53Z,hope they are okay.,0
2013-05-07T03:04:17Z,"He went out like a champ, scoring unconcious with a header, true skill.",0
2013-05-07T02:57:39Z,Don't know whether I should 'Like' this video or not :/,0
2013-05-07T02:23:10Z,holy crap,0
2013-05-07T01:44:07Z,its in japan.......,0
2013-05-07T01:34:46Z,japan not china,0
2013-05-07T01:25:52Z,never know what to expect in china...,0
2013-05-07T01:12:11Z,"damn that looked bad...full force head clash and thennnnn dead body weight flew in the air and flat on the ground =/
hope theyre alright and nothing serious ",0
2013-05-07T00:54:05Z,damn that was a hard hit. at least he scored. ,0
2013-05-07T00:49:54Z,Damn.,0
2013-05-07T00:48:28Z,he scored,0
2013-05-07T00:43:05Z,holly fuck the landing was HORRIBLE,0
2013-05-07T00:35:33Z,that's so scary,0
2013-05-07T00:28:28Z,atleast they won right,0
2013-05-07T00:18:55Z,That looked really bad!,0
2013-05-07T00:17:38Z,Ohh hope they get well soon,0
2013-05-07T00:17:33Z,he got knocked the fuck out!,0
2013-05-07T00:17:18Z,Damm,0
2013-07-28T10:29:40Z,[iminent=0gaCtAgUWfOB] gardien de tours tres fort,0
2013-07-05T01:02:58Z,Moi aussi jai etait au match yavait but pour Tours a la fin jetait deg,0
2013-06-17T18:58:59Z,je suis dacord avec toi il montre pas le but qui na pas conter alors qu'il y avait but (jai ete voir le match),0
2013-05-26T15:59:57Z,et le résumé ne fait pas voir le but refusé pour Tours parfaitement valable ,0
2013-05-26T13:51:10Z,Monaco a vendangé mais su retourner la situation. Champions de France mérités,0
2013-05-26T01:36:44Z,Tours meriter la victoire,0
2012-09-28T23:38:16Z,Merci pour la vidéo ! Daghe Munegu ! <3,0
2013-01-01T02:41:27Z,Excellent ! :-),0
2012-12-23T08:23:14Z,"il y avait énormement de pression sur ce match, la victoire fut une liberation :D",0
2012-12-23T04:12:09Z,les premiers mot en français de ranieri *_*,0
2013-02-16T14:26:32Z,"Bienvenue au lausanne sport..!!!! ;)
",0
2013-07-07T12:58:57Z,vive l'AS MONACO FC !!!,0
2013-05-30T13:32:16Z,"On est, On est, On est Monegasque ! On est en Ligue 1 On est en Ligue 1 ! ",0
2013-05-22T18:13:46Z,ALLEZ MONACO !,0
2013-05-18T13:17:38Z,"<3<3
",0
2013-05-18T10:41:46Z,Bravo Monaco !,0
2013-07-23T19:25:40Z,"Merci pour tout Adri et bonne continuation !
",0
2013-07-23T18:24:53Z,Merci pour toutes ces années de service :(,0
2013-07-23T13:41:49Z,"très bonne idée, interview très sympa. Le joueur le méritait sans nul doute. Bonne route à lui.",0
2013-07-23T11:02:31Z,"Un grand monsieur s'en va ... tu restera dans l'histoire de l'ASM adri , Daghe Adriano , Daghe munegu  3",0
2013-07-23T10:12:57Z,Ce n'était pas le plus grand nom du club mais un professionel hors norme avec une fidélité et un amour du maillot énorme. Merci et bonne chance pour l'avenir Adri',0
