publish_date,title,view_count
2013-07-23T19:09:31Z,Présentation des 6 nouveaux Lensois,28309
2012-12-11T12:06:28Z,Mon film olinga,1350
2013-02-24T18:06:55Z,Brest 2-0 Bordeaux # But Ahmed Kantari,1119
2012-08-17T20:15:10Z,EA Guingamp - AS Monaco FC : l&#39;avant match,3078
2012-08-16T14:36:39Z,LUCAS OCAMPOS (1) : L&#39;ARRIVEE,7863
2012-12-22T08:05:40Z,La demi-volée majestueuse de Christian Eriksen,384
2012-11-06T21:35:58Z,"Yuri Santanna, Jogador de Futebol 94",106
2013-01-11T15:12:35Z,Landry au micro,258
2012-10-27T16:50:29Z,STEPHANE MPONDO KINGUE Ses 6 Buts  Le 17 des Lions,1702
2013-04-19T13:40:15Z,Le point presse d&#39;Eric Sikora et de Ludovic Baal avant Nîmes,572
2012-11-29T17:09:18Z,Nguemo prépare Sochaux,156
