published-time,comment,likes
2013-07-28T03:17:02Z,"Philippines, pas trop loin du Japon en l'occurence =)
",1
2013-07-27T10:31:29Z,"Bon, ben, voilà, le champ des possibles sera incarné par ces joueurs en partie : ALLEZ Lens. Chavarria connaissait Lens (quand il était petit). Les heures de gloires 1998-2000s ?
ps: Chavarria a un t-shirt ARMANI ? A une ou deux lettres à dire, on frôle la faute de goût vis à vis du repreneur azeri ! :)",0
2013-07-24T17:13:35Z,"Je trouve que ce petit monde et les joueurs restant de l'équipe de l'an dernier peuvent nous faire rêver toute la saison, alllllllleeeeeezzzzzzz LENSOIS",0
2013-07-24T11:26:24Z,"je suis fan de lens jusqu'au poil d'orteil, alllllllllllllllllllezzzzzzz lens tes supporters sont là
",0
2013-07-23T21:59:31Z,"Il y-a tout pour faire une grande saison, il faut espérer que le groupe va se mettre en marche rapidement. FIER D'ETRE LENSOIS! ALLEZ LENS!!",0
2013-07-23T21:15:33Z,en esperant que la monter sera la allez les sang et or,0
2013-07-23T19:59:42Z,"allez lens
",0
2013-07-23T19:34:58Z,Beaucoup de joueur viennent pour l'ambiance de Lens ! Meilleur Supporters !,0
2013-07-23T19:32:36Z,bienvenue à vous ! faites nous rêver !,0
2012-08-18T00:24:07Z,J'aime !!! Mendy et Germain :),0
2012-09-04T14:03:00Z,"mi amor !!! mucha suerte!!! te amooo.... y espero q vuelvas a river algun dia !!! se te extraña IDOLO
",0
2012-10-30T17:57:16Z,c est un vraiiiiiii lion que dieu te bénisse ,0
