publish_date,title,view_count
2012-12-30T17:00:29Z,But | Football | Arena Five | Dudouit,7
2012-12-30T16:59:56Z,But | Football | Arena Five | Dudouit,17
2013-04-16T10:00:25Z,Châteauroux - FC Nantes (0-4) - Le résumé (LBC - FCN) / 2012-13,13024
2013-02-02T23:00:13Z,Tours FC - Châteauroux (3-1) - Le résumé (TOURS - LBC) / 2012-13,2651
2013-01-26T23:00:13Z,Châteauroux - FC Istres (2-0) - Le résumé (LBC - FCIOP) / 2012-13,1782
2013-05-25T22:00:36Z,Stade Lavallois - Châteauroux (3-2) - Le résumé (LAVAL - LBC) / 2012-13,10942
2013-05-18T22:00:11Z,Châteauroux - SM Caen (2-2) - Le résumé (LBC - SMC) / 2012-13,3203
2013-03-02T23:00:14Z,Havre AC - Châteauroux (1-0) - Le résumé (HAC - LBC) / 2012-13,1937
2013-02-02T18:13:40Z,Conférence de presse Tours FC - Châteauroux (3-1) / 2012-13,98
2013-04-16T00:00:16Z,Conférence de presse Châteauroux - FC Nantes (0-4) / 2012-13,441
