published-time,comment,likes
2013-04-24T12:50:29Z,Jespere vous voir en l1 lannee prochaine les nantais!! D'un lyonnais,1
2013-04-18T12:00:42Z,J'espère aussi allez Nantes et que Lens nous rejoigne la saison prochaine !!!,1
2013-04-16T23:25:36Z,Pourquoi la vidéo n'est pas commentée ?,1
2013-04-16T19:29:07Z,"J'espère que vous allez rester le plus longtemps en ligue 1, car vous l'avez bien mérité !, un supporter lensois
",1
2013-04-16T18:44:54Z,J'espère qu'il va y avoir la L1 au bout car cette année ça serai vraiment les boules de terminer 4 e,1
2013-04-16T18:20:03Z,GG les gars ! ,0
2013-04-16T17:07:56Z,alllllllllllllllllllllllllllllllllllllllEEEEZ NANTES <3<3<33<3<3<3333,0
2013-04-16T16:25:09Z,C'est saaaaaaaaaaa !!! ,0
2013-04-16T15:10:48Z,G vue le match la berri était nul,0
2013-04-16T10:31:33Z,"Allez Nantes Samedi RDV pour tous les supporter pour les 70 Ans
",0
2013-04-16T10:01:24Z,Allez on continue sur cette lancée :),0
2013-02-08T18:22:39Z,^^,0
2013-02-03T08:45:44Z,"Non, parce que c'était un peu normal que Bordeaux gagne MDR",0
2013-02-02T19:16:44Z,vous avez rager contre Bordeaux? :p BORDEAUX ! <3,0
2013-01-29T19:02:29Z,Ah super !!!!  moi aussi je suis supporter de Châteauroux :) ,0
2013-01-28T11:05:14Z,Eh ouais !,0
2013-01-28T05:32:20Z,ah bon ?,0
2013-01-27T09:54:12Z,"Yes, Chateauroux gagne enfin ! (je suis supporter Castelroussin)",0
2013-01-26T23:22:00Z,Châteauroux  :D !!!!,0
2013-05-20T11:07:14Z,La berrichonne <3,0
2013-05-19T10:10:04Z,Caen.... ligue 2 maintenant,0
2013-03-03T19:54:46Z,Aller le hac,0
2013-03-03T14:54:21Z,HAC <3,0
2013-04-16T05:36:05Z,"Le carton est pas sévère...il tacle les deux pieds en avant sans toucher le ballon. Ca vaut un jaune, et oui bah c'était son deuxième...",0
