publish_date,title,view_count
2013-01-26T23:00:13Z,Châteauroux - FC Istres (2-0) - Le résumé (LBC - FCIOP) / 2012-13,1782
2013-05-25T22:00:36Z,Stade Lavallois - Châteauroux (3-2) - Le résumé (LAVAL - LBC) / 2012-13,10942
2012-10-27T22:00:12Z,Angers SCO - Châteauroux (1-0) - Le résumé (SCO - LBC) / 2012-13,1659
2013-02-02T23:00:13Z,Tours FC - Châteauroux (3-1) - Le résumé (TOURS - LBC) / 2012-13,2651
2012-12-22T23:21:50Z,SM Caen - Châteauroux (1-0) - Le résumé (SMC - LBC) / 2012-13,3407
2013-05-18T22:00:11Z,Châteauroux - SM Caen (2-2) - Le résumé (LBC - SMC) / 2012-13,3203
2013-01-12T19:38:22Z,Châteauroux - CS Sedan (1-1) - Le résumé (LBC - CSSA) / 2012-13,1155
2013-02-09T23:00:28Z,Châteauroux - EA Guingamp (3-1) - Le résumé (LBC - EAG) / 2012-13,4246
2013-03-02T23:00:14Z,Havre AC - Châteauroux (1-0) - Le résumé (HAC - LBC) / 2012-13,1937
2013-02-23T23:00:14Z,Châteauroux - AC Arles Avignon (2-0) - Le résumé (LBC - ACA) / 2012-13,2431
2013-01-19T23:00:13Z,Le Mans FC - Châteauroux (2-0) - Le résumé (LEMANS - LBC) / 2012-13,3623
2013-02-16T23:00:28Z,RC Lens - Châteauroux (4-3) - Le résumé (RCL - LBC) / 2012-13,19970
2012-10-20T22:00:12Z,Châteauroux - GFC Ajaccio (3-1) - Le résumé (LBC - GFCA) / 2012-13,4490
2013-04-08T08:57:45Z,But | Football | Arena Five | Thomas,3542
2012-09-12T09:03:13Z,But | Football | Arena Five | David,264
2012-10-02T13:05:04Z,But | Football | Arena Five | Messaoud,324
2013-01-10T08:50:06Z,But | Football | Arena Five | Mickael,8827
