publish_date,title,view_count
2012-12-10T18:09:15Z,"Hilaire MOMI, attaquant LEMANS FC",9048
2013-03-29T09:40:53Z,236foot Le penalty des fauves réfusé,2394
2013-03-29T09:19:07Z,236foot Le but des fauves de Centrafrique réfusé face à l&#39;Afrique du sud,4323
2012-09-01T11:15:59Z,KONNSIMBAL Jesus foot,824
2013-01-08T05:59:11Z,centrafrique football:tchoby un joueur pas comme les autres,349
2012-10-21T07:35:29Z,"Hapoel Ramat Gan - Maccabi Netanya 1:1, David Manga with his 4th goal",5065
2012-12-18T16:45:21Z,"Giorgi Makaridze, Gardien LEMANS FC",2715
2012-12-20T11:16:43Z,"Massiré KANTE, joueur LEMANS FC",2671
2013-05-02T16:38:53Z,Résumé Match Eloge EnzaYamissi contre Afrique du Sud Mars 2013,2123
2012-12-25T22:45:19Z,Cra.Raja 1-1 Les buts,1228
2012-10-01T22:35:58Z,RESUME DU MATCHE RCA VS KAC BOTOLA 2012-2013,386
2013-01-08T10:02:49Z,Dominique Douala Attaquant Caiman fc,258
2012-12-13T23:00:38Z,But John UTAKA (57&#39;) - Stade Brestois 29 - Montpellier Hérault SC (1-2) / 2012-13,2488
2012-12-06T18:08:06Z,Airfood Project LEMANS FC,2733
2012-11-26T19:42:54Z,jiaqi zhang LEMANS FC.mpg,1029
2012-12-23T00:33:47Z,CAN 2013 - Maroc - Rep. Centrafricaine : 1-3 (Highlights),123
2012-12-27T10:32:02Z,CAN 2013 - Nigeria - Rep. Centrafricaine : 2-1 (Résumé),282
2012-08-06T17:47:22Z,"Eddie Johnson, Kevin Hartman, Joseph Nane Top 3 MLS Performers Week 22",949
2012-12-06T17:52:07Z,Le Mans FC auditionné par le DNCG,106
2013-05-20T18:37:10Z,ASM FC-LE MANS PENALTY 2-0 VALERE GERMAIN CHAMPION L2 2013,311
2012-12-30T04:00:34Z,PAUL ROLAND BEBEY KINGUE Capitaine amblématique des     Le Nr12 ou Le10,2468
