published-time,comment,likes
2013-01-29T20:15:02Z,fak ju Djuricu!,0
2013-01-29T17:52:45Z,"ja sam tvrdio da je on ok igrac ;)
",0
2013-01-29T16:10:45Z,bravo Manga.,0
2012-12-28T18:17:09Z,Beau coup franc David bien tiré!!!,0
2012-12-27T12:10:30Z,"dima dima raja ,chabab rif el 7caimi sont chanceux!!
raja nike tt les ekipes!",0
2012-12-15T20:10:03Z,"Ah nan, ça c'est graaaaave...!!",0
2013-01-02T09:10:10Z,ntm,0
2012-12-07T23:48:16Z,Belle initiative !! ,0
2012-08-06T19:37:45Z,mexico vs usa in 2 days,0
2012-08-06T18:20:14Z,Completely crushed LA last night,0
2012-08-06T18:08:01Z,oh yeah sounders yeah,0
2012-12-30T04:36:02Z,Un très grand Capitaine ... et qui ne complique jamais le football ...,1
