published-time,comment,likes
2013-03-29T09:27:09Z,vivaaa morocco!,0
2012-11-20T00:41:38Z,"Merci pour la video 
",0
2012-11-20T00:41:12Z,"Super S :) 
",0
2013-04-24T03:37:59Z,"good player
",0
2013-06-26T18:18:52Z,"chamakh
",0
2012-10-05T23:23:28Z,non ra derto a sa7bi chof lakher dial lvideo﻿ ;))))),0
2012-10-04T17:33:45Z,ميرسي,0
2013-02-03T17:40:27Z,وتستمر العقدة ههههههه ديما ماص <3,0
2012-12-06T14:55:23Z,"accedent nrmlmnt
",0
2012-11-18T11:27:53Z,"llah yerhem kouna sofiane .. 
",0
2012-11-18T11:22:11Z,lah yara7mo,0
2013-03-05T17:33:06Z,روعة,0
2013-03-03T12:35:08Z,Nice ;) ,0
2012-11-15T16:45:40Z,yes ,0
2012-11-15T13:54:49Z,"vs ashley Young is not rooney
",0
2013-05-24T17:39:55Z,Türk olsaydı gtadaki taksiciler gibi vurmadan bırakmazdı amk.,0
2013-05-24T17:18:27Z,"ibraya ekmek aldırmış :D
",0
2013-01-11T19:06:39Z,"ouiiiiii c vrais
",0
2013-01-10T17:38:43Z,"future alexader pato
",0
2013-04-22T20:21:05Z,"Hahaha T3ada 3la dAk 3 xD ;)
",0
2013-03-26T02:05:32Z,es muy bueno ,0
2013-02-15T19:33:01Z,Gracias ! Creo que lo empezare a seguir ,0
2013-02-15T18:52:28Z,ese Numero 21 es buenisimo como se llama ?,0
2012-08-30T18:33:50Z,"theres no doubt about his future his going to be an excelent midfielder 
",0
2012-10-16T19:00:21Z,pretty nice curl though,0
2013-06-28T19:05:22Z,"I'm an LFC fan, but this was one of the greatest things I ever saw. I'm sad not more people remember this.",3
2013-06-06T03:01:42Z,";)
",0
2013-02-12T21:15:53Z,Allez Lyon,0
2012-11-06T10:31:06Z,"regardez a 1min20
",0
2012-09-16T21:20:54Z,but 1min20  but  4min20,0
