publish_date,title,view_count
2013-05-22T08:58:22Z,Interview Exclusive d&#39;Albert Falette,634
2013-04-06T22:00:13Z,FC Istres - Stade Lavallois (2-2) - Le résumé (FCIOP - LAVAL) / 2012-13,2001
2012-11-10T23:00:16Z,AC Arles Avignon - Stade Lavallois (0-3) - Le résumé (ACA - LAVAL) / 2012-13,2142
2013-05-25T22:00:36Z,Stade Lavallois - Châteauroux (3-2) - Le résumé (LAVAL - LBC) / 2012-13,10942
2012-10-27T22:00:12Z,Le Mans FC - Stade Lavallois (2-0) - Le résumé (LEMANS - LAVAL) / 2012-13,5535
2012-11-03T23:56:42Z,Stade Lavallois - FC Istres (2-1) - Le résumé (LAVAL - FCIOP) / 2012-13,1159
2013-03-17T14:49:55Z,Tours FC - Stade Lavallois (1-1) - Le résumé (TOURS - LAVAL) / 2012-13,1517
2013-03-30T23:00:14Z,Stade Lavallois - Le Mans FC (2-1) - Le résumé (LAVAL - LEMANS) / 2012-13,6269
2013-01-15T11:00:53Z,AS Monaco FC - Stade Lavallois (1-1) - Le résumé (ASM - LAVAL) / 2012-13,3436
2012-10-20T22:00:12Z,Stade Lavallois - Tours FC (2-2) - Le résumé (LAVAL - TOURS) / 2012-13,1929
2012-12-22T23:20:53Z,Stade Lavallois - Havre AC (1-2) - Le résumé (LAVAL - HAC) / 2012-13,2787
2013-01-26T23:00:13Z,Chamois Niortais - Stade Lavallois (0-0) - Le résumé (NIORT - LAVAL) / 2012-13,770
2013-03-02T23:00:14Z,Stade Lavallois - Clermont Foot (1-1) - Le résumé (LAVAL - CFA) / 2012-13,1445
2013-02-23T23:00:14Z,SM Caen - Stade Lavallois (2-1) - Le résumé (SMC - LAVAL) / 2012-13,3440
2013-04-13T22:00:15Z,Stade Lavallois - AC Arles Avignon (1-3) - Le résumé (LAVAL - ACA) / 2012-13,1921
2012-12-01T23:00:32Z,RC Lens - Stade Lavallois (1-0) - Le résumé (RCL - LAVAL) / 2012-13,3982
2012-11-24T23:00:15Z,Stade Lavallois - Dijon FCO (3-0) - Le résumé (LAVAL - DFCO) / 2012-13,2666
2012-12-15T23:00:13Z,GFC Ajaccio - Stade Lavallois (3-1) - Le résumé (GFCA - LAVAL) / 2012-13,2147
2013-03-18T19:09:38Z,Saimon 2013,683
2013-02-16T23:00:14Z,Stade Lavallois - CS Sedan (3-0) - Le résumé (LAVAL - CSSA) / 2012-13,5152
2013-02-02T23:00:14Z,Stade Lavallois - AJ Auxerre (4-5) - Le résumé (LAVAL - AJA) / 2012-13,19242
2013-01-19T23:00:13Z,Stade Lavallois - FC Nantes (0-0) - Le résumé (LAVAL - FCN) / 2012-13,3617
2013-03-09T23:00:19Z,Stade Lavallois - EA Guingamp (2-1) - Le résumé (LAVAL - EAG) / 2012-13,6949
2013-05-11T22:00:12Z,Stade Lavallois - GFC Ajaccio (1-2) - Le résumé (LAVAL - GFCA) / 2012-13,2263
2013-05-11T16:59:21Z,Conférence de presse Stade Lavallois - GFC Ajaccio (1-2) / 2012-13,187
2013-07-18T14:48:24Z,Gole Sevinirken Kendini Sakatladı,218
2012-12-26T17:03:30Z,Beli sakatlanan hakem,141
2013-05-27T14:03:33Z,Norman Sylla,753
2013-05-19T11:35:06Z,Ob Rom Mailand oder London,10909
2013-01-27T23:00:37Z,Goal Kévin THEOPHILE CATHERINE (59&#39;) - Stade Rennais FC - Olympique de Marseille (2-2) / 2012-13,1750
2012-12-12T19:21:33Z,12 Aralık 2012 ZTK Fenerbahçe Göztepe Maçı Öncesi Soyunma Odası,217
2013-03-06T17:51:04Z,"Elana Steeve dans Quand on aime le foot, On parle foot 5/03/2013 S02",448
