published-time,comment,likes
2013-03-18T19:40:53Z,ALLEZ LAVAL,0
2012-11-11T17:51:15Z,c'est bon sa allez laval :D,0
2012-11-11T15:54:58Z,tj derière L'ACA meme dans C moment La,0
2012-11-11T08:11:42Z,Quelle belle victoire ! Ça fait du bien au moral...,0
2013-03-23T17:15:46Z,allez tours on c'est fait voler,1
2013-03-18T00:53:58Z,"Gros manque de realisme des deux côtés... Tours aurait pu gagner largement , le gardien de Tours a été exemplaire!",1
2013-04-02T15:22:13Z,ALLEZ LAVAL,2
2013-03-20T14:27:32Z,"on a frainé monaco, Allez laval !!<3",0
2013-01-15T18:43:41Z,"Les gens sont pas obligé de mettres des commentaires. Si ta rien a dire, dit rien..",0
2013-03-22T17:42:11Z,allez laval!!,0
2013-01-19T21:23:26Z,"allez tours fc
",0
2012-12-23T10:14:47Z,Merci à Revault et place à Monbearts ! (Y),0
2013-02-24T16:04:43Z,petit souci dans le montage :),0
2013-04-16T07:14:39Z,"Mauvais match des lavallois
",0
2013-04-14T08:33:09Z,"Fodrait déja commencer par etre une BONNE equipe de ligue 2 avant de vouloir aller titiller l'élite du foot français . Si c'est pour revivre la meme merde qu'il y a 4 ans , non merci !!!
",0
2013-02-09T22:55:42Z,"plus de vidéos du RCLENS sur ma chaine ;)
",1
2012-12-19T16:48:30Z,Vive Lens .,1
2013-04-20T22:03:39Z,Dijon a ete meilleur alors que laval na rien foutu fuck laval!!!!!,0
2013-03-22T17:43:23Z,ALLEZ LAVAL!!,0
2012-11-25T10:08:04Z,ohhh vous avez fumé quoi ??? Dijon a dominé qui ? Il manque au moins 3 ou 4 grosses actions lavalloises la ! Du grand n'importe quoi ! ,0
2012-11-25T09:44:05Z,Dijon n'a pas dominé autant que les commentaires le disent.,0
2012-11-25T09:26:24Z,Yeahhhh super victoire !!,0
2013-05-18T05:12:54Z,"Il est trop fort, la preuve il est demandé par Arsenal",2
2013-05-10T11:09:12Z,Auxerre Faut qui Gagne...,1
2013-03-20T14:28:11Z,ALLEZ LAVAL!,1
2013-02-08T23:09:08Z,"9 buts...mais j'ai rarement vu des ""buts"" aussi minable... ça semble tellement facile. Impression de voir joueur les jeunes U9 au stade !",5
2013-02-05T21:26:23Z,AMAZING,1
2013-02-05T21:26:07Z,Mais quel perf du yaya,2
2013-02-03T11:34:56Z,"9 buts, wow !
et le sanogo 20 ans quadruplé c'est le nouveau messi :)
même si les buts ne sont pas très beaux et le terrain est quasi impraticable, c'est rare de voir 9 buts en Ligue 2 !",2
2013-02-03T09:42:20Z,Aller l aja ses sa les gars!,2
2013-02-03T07:49:44Z,"Laval aurait du gagner le maintient !
",1
2013-02-02T23:28:13Z,9 buts tous plus ridicules les uns que les autres mais ça fait du bien pour l'aja ,2
2013-01-21T20:29:27Z,"Belle excuse le terrain, MDZ aurait mieux fait de se taire. Le terrain est le même pour les deux équipes.
Pour votre gouverne, plus de 30 techniciens de la ville étaient mobilisés pour que le match ait lieu...

ps: La région des PDL ne peut pas subventionner tous les clubs de la région !",1
2013-01-21T01:01:15Z,s'ils vous plait prenez pas le terrain comme excuse de se match nuls car c’était le même problème partout en France pas pour autant que tout les matchs se sont conclus sur des 0-0 ^^ sur se bravo au lavallois qui vienne de faire de match nul au 2 premiers ^^,1
2013-01-20T14:38:56Z,C'est quoi ce terrain.. Pire qu'un terrain de district ! ,1
2013-01-20T09:20:23Z,C'est *,1
2013-01-20T09:20:01Z,Super vive les terrains de L2 sérieux nantes aime bien avoir le ballon avec une pelouse pareil inceste impossible de bien jouer avec le ballon,1
2013-01-20T08:13:45Z,Quel idée de jouer sur des terrains gelés....,1
2013-03-23T15:48:41Z,allez laval!! TRES BON MATCH!!,2
2013-03-23T15:47:08Z,allez laval!! TRES BON MATCH!!,1
2013-05-12T15:35:45Z,Mdr Ajaccio bien que condamné gagné quand même,0
