publish_date,title,view_count
2013-07-13T23:46:00Z,Tristan Dingomé - Lintensité est montée d&#39;un cran,124
2012-11-06T16:08:38Z,Interview croisée Germain - Dingomé,2634
2013-03-17T14:49:50Z,AS Monaco FC - Angers SCO (2-2) - Le résumé (ASM - SCO) / 2012-13,4613
2012-11-04T00:08:50Z,Chamois Niortais - AS Monaco FC (1-1) - Le résumé (NIORT - ASM) / 2012-13,11104
2013-02-19T11:00:50Z,Dijon FCO - AS Monaco FC (0-2) - Le résumé (DFCO - ASM) / 2012-13,8383
2013-03-09T23:00:19Z,Châteauroux - AS Monaco FC (1-1) - Le résumé (LBC - ASM) / 2012-13,3515
2013-02-05T11:00:58Z,AC Arles Avignon - AS Monaco FC (0-2) - Le résumé (ACA - ASM) / 2012-13,9467
2012-11-27T11:00:17Z,Clermont Foot - AS Monaco FC (0-1) - Le résumé (CFA - ASM) / 2012-13,7298
2013-02-26T11:01:03Z,AS Monaco FC - RC Lens (2-1) - Le résumé (ASM - RCL) / 2012-13,7706
2013-01-19T23:00:13Z,FC Istres - AS Monaco FC (0-2) - Le résumé (FCIOP - ASM) / 2012-13,6737
2012-12-01T23:00:17Z,AS Monaco FC - CS Sedan (3-1) - Le résumé (ASM - CSSA) / 2012-13,6543
2013-02-09T23:00:28Z,AS Monaco FC - Havre AC (2-1) - Le résumé (ASM - HAC) / 2012-13,6888
2013-03-02T23:00:14Z,GFC Ajaccio - AS Monaco FC (0-1) - Le résumé (GFCA - ASM) / 2012-13,8723
2012-11-10T23:00:16Z,AS Monaco FC - AJ Auxerre (2-0) - Le résumé (ASM - AJA) / 2012-13,14015
2013-03-03T23:00:39Z,But Grzegorz KRYCHOWIAK (64&#39;) - Stade de Reims - Paris Saint-Germain (1-0) / 2012-13,3431
