published-time,comment,likes
2012-11-10T12:02:49Z,"Ahah sa fait plaisir de voir un message encourageant d'un supporter parisien ;-) 
",0
2012-11-08T01:48:55Z,Allez Niort ;),0
2012-11-04T22:24:03Z,Dur dur le commentateur...,1
2012-11-04T20:42:49Z,Et en plus Touré est sénégalais et non Ivoirien 4:13,0
2012-11-04T04:39:56Z,"La preuve que le commentateur ne connait pas Dirar, il le cite tout le temps et le remplace par d'autres joueurs ... 1:47 c'est Dingome et Poulsen à 3:32 et non Dirar
",0
2013-02-23T21:09:35Z,Dage Munegu,0
2013-02-21T09:12:52Z,DAGHE MUNEGU,0
2013-02-19T17:16:29Z,C'est bien sans les commentaires audio,0
2013-03-10T07:19:49Z,First ! Allez l'ASM !,1
2013-04-22T22:13:48Z,"MAIL ENVOYE A LA LFP !!! 4/4
Bizarrement, tellement reconnaissant aux D.O.M, pour la première fois que le trophé des champions a été organisé hors de LA FRANCE METROPOLITAINE, vous l'avez fait aux USA!!! bien plus loin qu'aux antilles ou en Guyane, pourvoyeur
de sportif à la chère France!
Il serait bon que vos décisions réglementaire soient logiques, étiques, justes, et homogènes.Arrêtez de stigmatiser certains, favoriser d'autres, et chercher à handicaper un autre.Soyez clair, franc et honnête!",0
2013-04-22T22:12:07Z,"MAIL ENVOYE A LA LFP !!! 3/3
Si vous y voyez une particularité pour justifier l'isolement de ces départements ayant peu de moyen pour élever le niveau de leurs sportifs, pourquoi ne pas autoriser les D.O.M à participer aux éliminatoires zone concacaf
avec leur sélection? Et là vous saurez me parler de la France...
",0
2013-04-22T22:10:44Z,"MAIL ENVOYE A LA LFP !!! 2/3

je Pense que vous aviez plus important, plus logique et juste à faire dans le foot français...
Etique? Egalité?
Ben alors pourquoi les clubs des D.O.M sont les seuls à ne pouvoir accéder à une division supériéure ,
une fois champions chez eux? Les D.O.M sont des département français comme tous les autres...
",1
2013-04-22T22:09:11Z,"MAIL ENVOYE A LA LFP !!! 1/3
Vous avez décidé d'un coup de changer une règle dans le foot français:
Tous les clubs de L1 et L2 devront avoir leur siège en France...
Comment ne pas penser que c'est visé contre l'a.s Monaco seul club concerné?
Auriez vous pris cette décision si l'as Monaco n'était pas sur le point d'accéder de nouveau à
la L1?
Est-ce une coïncidence, avec la venue du Qatar dans le club parisien.
Cherche t-on à façonner le foot français pour le PSG?

 ",0
2013-02-05T16:08:22Z,pas mal le gardien de monaco,0
2012-11-27T11:58:47Z,Superbe but !! bravo ASMFC,0
2013-02-26T17:57:18Z,Renovation ? J'ai l'impression de mater un match de DH .. ,1
2013-02-26T16:42:49Z,"L'arbitre considerait que l'attaquant nordiste n'allé pas au but mais pres de la ligne lateral de la surface de reparation donc pour lui ce n'etais pas une action de but , supporter monegasque j'aurais egalement mis un rouge mais bon , trop laxiste durant tout le match M.SCHNEIDER , et sa vous venge du penalty non sifflé du a la main de dumont , et la semaine derniere personne a rien dis pour le penalty lensois contre chateauroux hein., ",2
2013-02-26T15:50:35Z,"Je suis d accord avec toi sur l'arbitrage qui laisse a désirer mais ce n'est pas qu'avec Lens , tous les weekend il y a des erreurs dans la plupart des matchs , est pour la première action litigieuse je pense que le joueur ce laisse tomber sans vouloir continuer sa course .",1
2013-02-26T13:08:49Z,"J'en ai vraiment marre de cet arbitrage français, j'ai l'impression que Lens s'en prend toujours plein la gueule avec ces arbitres ... Pourquoi l'arbitre n'a pas foutu ce rouge au joueur monégasque au début du match ? Lorsqu'un joueur est en position de dernier défenseur, et qu'il fait faute, c'est rouge, point, il n'y a pas à discuter. Lens était sûr de perdre mais ce rouge aurait pût changer le cours des choses ...",1
2013-03-07T18:29:16Z,oscar ocampos???? connait pas ,2
2013-02-03T03:42:42Z,vive foued chafik,2
2013-01-24T15:07:11Z,Oscar Ocampos baaah ouai !,2
2013-01-21T13:12:41Z,"Sérieux faites un effort sur les commentaires .. LUCAS OCampos, et c'est encore Ocampos qui dévie le coup franc, et pas Adriano..

Daghe Munegu.",1
2013-01-20T13:39:12Z,"En fait il est d'origine Allemande, d'où l'erreur.",1
2013-01-20T07:50:07Z,Kagelmacher défenseur allemand... --' C un Uruguayen!,1
2013-01-20T01:18:06Z,Oscar ocampos --' cest dur de retenir un prenom?,1
2012-12-05T11:12:11Z,Ocampos il fait rien ,0
2012-12-03T20:51:43Z,"Public inexistant ça rend le club sans importance
",0
2012-12-03T20:11:31Z,"tu rêve un peux trop grand mon pote^^
",0
2012-12-03T13:22:58Z,beckham lampard pavlyuchenko.. Sa sent l asmfc en ligue des champions tout sa !!,0
2013-02-17T08:39:40Z,Allez le HAC !,0
2013-02-12T05:41:12Z,Hey oui allez l'ASM !,1
2013-04-12T17:08:20Z,"bizarrement, les matchs en corse se terminent souvent de la meme manière, ah oui c'est vraiment bizarre... comme si ils avaient du mal à accepter la defaite, comme souvent ",0
2013-03-10T09:23:07Z,GFC pfff bande de merde !,0
2013-03-07T18:25:54Z,en national et vite!,0
2013-03-06T15:11:58Z,Comme d hab avec les corse vraiment des merdier,0
2013-03-04T07:40:27Z,Trop !,0
2013-03-03T18:23:29Z,"Gazelec, cette petite équipe fouteuse de merde.",0
2013-03-03T10:43:03Z,EMMANUEL RIVIERE BORDEL !,0
2013-05-19T12:45:59Z,La d2 c'est pas mal non plus !,0
2013-05-02T10:35:51Z,"Même en ligue 1 c'est pareil ! Je supporte l'Estac ( Troyes ) et a plusieurs fois ont c est fais couiller par l'arbitre . Par exemple des buts soit disant hors jeux pour nous,ou des buts hors jeux pour les adversaires mais qui sont compter comme des buts valable ! L'arbitrage et franchement mauvais cette année que se soit en ligue 2 ou en ligue 1 !",0
2012-11-13T19:45:41Z,"Quand est-ce qu'on va arrêter de se faire voler par les arbitres ? Ca fait plusieurs matchs qu'on se fait volé (et le mot est faible) avec plusieurs énormes erreurs d'arbitrage contre nous. Mais bon, ce ne sont pas les arbitres qui vont nous empêcher de remonter (enfin j'espère). Daghe Munegu per sempre",0
2012-11-13T18:16:52Z,Magique Daghe,0
2012-11-11T11:30:40Z,"Auxerre a tout simplement fait une parodie, heureusement que l'arbitrage a été en faveur d'auxerre en 1e periode parce que sinon on s'en serait pris 4 --'",0
2012-11-11T08:48:37Z,c'est clair que si Monaco doit aussi se battre contre l'arbitrage y a intérêt à être au top... En tout cas bravo victoire capitale après 2 contre-performances !,0
2012-11-11T08:30:04Z,"Bravo Monaco, mais bon l'arbitrage a été encore limite pour la ligue 2.",0
2012-11-11T08:05:02Z,"Tout à fait d'accord, marre de ces erreurs d'arbitrage. Nantes puis auxerre, 2 matchs d'affilés qu'on se fait enfler par l'arbitrage...",0
2012-11-11T03:17:06Z,MONACO ! 3-0 + le pénalty non admis ! 4 - 0. Point ! ou 4-1.. mais bref ! goal de MONACO LE STOP  ! lol. ,0
