published-time,comment,likes
2013-02-20T14:59:17Z,"c'est moche comme but tout de même ....
",0
2012-12-12T16:41:15Z,"moi chuis a fond pour dijon mais la javou que les nantais ont etes plus fort
",1
2012-12-10T22:12:57Z,Le tacle de Bamba est inadmissible !,0
2012-12-03T21:12:28Z,Nantes va allez en Ligue 1 ( De la part D'un Supporters Marseillais ),1
2012-11-01T23:17:20Z,Allez NANTES!! <3 Direction la ligue1!!,1
2012-11-01T20:48:48Z,Allez les jaunes!!!!!,1
2012-10-23T13:46:06Z,Vive Nantes !!!,1
2013-02-24T09:30:46Z,Le but est totalement valable ! C'est ce qu'on appelle se faire voler,1
2013-06-20T11:50:28Z,Caen !!!!!,0
2013-05-04T17:39:15Z,"Allez Dijon. Vous pouvez remonter. Je m'en rappelle encore au stade Gaston Gérard en Ligue 1 ""DIJONNAIS"" :)",0
2013-05-02T08:57:09Z,"Dijon à fait le jeu ?! Pas du tout j'étais match, ils ont eu 2 occasions franche et ils l'es ont mis c'est tout alors que les Caennais avait l'occasion de tué le match mais avec notre attaquant Nabab qui rentre à la place de Duhamel, ce mec ne marque jamais, quand il centre ça attérri à l'opposer en touche, je crois bien qu'on va ce cotiser pour acheter des pieds à Nabab ! --' Bien jouer à Dijon d'avoir su profiter de la fébrilité des Caennais qui sont censé être la meilleur défense de L2 ! ",0
2013-04-30T09:06:47Z,Allez NO,0
2013-04-28T10:12:50Z,"Et encore ya pire, celui de bayern barça par exemple.
",0
2013-04-28T08:41:17Z,Merci l'arbitre.,0
2013-04-28T07:59:16Z,Dijon !!!!!,0
2013-04-28T07:21:17Z,"Caen ne mérite plus la monté à faire match nul avec la supériorité numérique, ils ne vont rien faire en Ligue 1",0
2013-04-27T22:29:39Z,"Chaperon est ""le héros du match"", Dal O'Glio avait bien raison. Inadmissible d'avoir des arbitres ""pro"" comme ça à un tel niveau.",0
2013-07-20T18:15:46Z,Putain d'auxerrois de *****,2
2013-06-01T21:58:47Z,Venez sur ma chaine pour voir ma vidéo du top des buts du DFCO en 2012-2013 ;) Merci,0
2013-01-08T17:03:47Z,"AUXERROIS <3
",0
2013-01-02T21:25:53Z,T'habite a Dijon ?,0
2012-12-22T10:22:40Z,0:57 c'est une tete de Koné et non pas de Tavares,0
2012-12-12T16:51:34Z,"DIJONNAIS
",0
2012-12-08T22:44:25Z,Allez Dijon! ,0
2013-04-28T10:21:11Z,"Franchement y aura monaco, nantes et l 3e ce sera angers ou guingamp...",0
2013-04-28T09:36:23Z,"Vous avez pas le niveau,meme avec un arbitre de votre coté et en supériorité numérique vous gagnez pas.",0
2013-04-27T19:33:49Z,"Allez Malherbe ! On va monté ! En route vers la ligue 1 !
",0
2013-02-09T19:53:09Z,Quel sang froid devant le gardien!bravo,0
