publish_date,title,view_count
2012-09-30T15:26:50Z,Issa Kone AFU Football Highlights Thailand 2011,271
2012-12-15T23:00:13Z,Dijon FCO - FC Istres (3-1) - Le résumé (DFCO - FCIOP) / 2012-13,2353
2013-02-19T02:55:27Z,CS Sedan - Dijon FCO (0-1) - Le résumé (CSSA - DFCO) / 2012-13,881
2012-10-23T10:00:22Z,FC Nantes - Dijon FCO (2-0) - Le résumé (FCN - DFCO) / 2012-13,16151
2012-09-25T15:59:36Z,Issa Kone - Highlights 3,130
2012-09-25T15:22:14Z,Issa Kone - Highlights 4,118
2013-02-23T23:00:14Z,Clermont Foot - Dijon FCO (0-0) - Le résumé (CFA - DFCO) / 2012-13,966
2012-09-23T10:32:59Z,Issa Kone - Highlights,406
2013-04-27T22:00:13Z,SM Caen - Dijon FCO (2-2) - Le résumé (SMC - DFCO) / 2012-13,12547
2012-10-27T22:00:12Z,Dijon FCO - AJ Auxerre (0-1) - Le résumé (DFCO - AJA) / 2012-13,3859
2012-12-01T23:00:32Z,Dijon FCO - SM Caen (1-0) - Le résumé (DFCO - SMC) / 2012-13,3400
2013-01-19T23:00:13Z,Tours FC - Dijon FCO (3-1) - Le résumé (TOURS - DFCO) / 2012-13,3416
2013-02-09T23:00:28Z,GFC Ajaccio - Dijon FCO (0-2) - Le résumé (GFCA - DFCO) / 2012-13,2068
2013-02-19T02:58:13Z,Conférence de presse CS Sedan - Dijon FCO (0-1) / 2012-13,28
2012-12-15T18:56:46Z,Conférence de presse Dijon FCO - FC Istres (3-1) / 2012-13,97
2013-04-13T11:06:45Z,J32 Résumé Nîmes / Dijon,1251
2013-04-27T18:12:54Z,Conférence de presse SM Caen - Dijon FCO (2-2) / 2012-13,382
2013-02-07T10:17:18Z,Pavel Hoftych o zimnom dianí v Spartaku,1092
2013-02-02T11:06:40Z,Les-feminines.fr | dernière occasion de Boulogne sur Mer.,17
2013-02-09T18:08:35Z,"Montreux-Team Wohlen,goal de Flavio Cerone",298
2013-06-02T11:27:14Z,MFC E1-FC AIre 2011-2012 Photo,269
