publish_date,title,view_count
2012-12-22T02:06:10Z,Pierre Etienne Lemaire après Tours SCO,1107
2012-12-15T23:00:13Z,Angers SCO - AJ Auxerre (2-1) - Le résumé (SCO - AJA) / 2012-13,3652
2013-01-12T19:54:44Z,Angers SCO - Clermont Foot (1-2) - Le résumé (SCO - CFA) / 2012-13,2175
2012-12-22T23:22:32Z,Tours FC - Angers SCO (1-2) - Le résumé (TOURS - SCO) / 2012-13,3313
2012-12-12T23:00:14Z,Stade Lavallois - Angers SCO (1-4) - Le résumé (LAVAL - SCO) / 2012-13,3315
2013-01-26T23:00:13Z,Angers SCO - AC Arles Avignon (2-0) - Le résumé (SCO - ACA) / 2012-13,2350
2013-04-20T22:00:15Z,Angers SCO - SM Caen (1-1) - Le résumé (SCO - SMC) / 2012-13,5248
2013-02-23T23:00:14Z,Angers SCO - GFC Ajaccio (1-0) - Le résumé (SCO - GFCA) / 2012-13,3808
2012-12-22T23:20:06Z,Conférence de presse Tours FC - Angers SCO (1-2) / 2012-13,120
2012-12-20T19:25:56Z,Stéphane Moulin avant Tours,198
2013-03-02T00:53:30Z,Fode Dore après Le Mans - SCO,2932
2013-01-10T16:03:37Z,STEPHANE MOULIN,281
2012-12-22T00:29:15Z,Stéphane Moulin après Tours Angers,431
