published-time,comment,likes
2013-02-03T13:09:13Z,"Vive Angers quand Meme !
",0
2013-01-16T14:54:12Z,aller clermont^^,0
2013-01-15T21:27:48Z,"Clermont c'est les meilleurs et puis c'est tout, qu'ils jouent en rose ou rouge, c'est les meilleurs ;)

",0
2013-01-12T23:44:06Z,T'as le seum parce que l'équipe de tours c'est de la merde ;) ,0
2013-01-04T10:22:09Z,"Ouais mais c est limite
",0
2012-12-29T12:04:41Z,"Ah je vois ce que tu veux dire, mais il ne peut pas car il était derriere le passeur !",0
2012-12-29T12:03:10Z,Un passeur ne peut pas être hors-jeu .,0
2012-12-24T11:09:01Z,"Le passeur et hors jeu
",0
2013-02-03T13:07:09Z,"Allez Angers !
",2
2013-04-25T11:41:46Z,Allez le SCO en route pour la montée,0
2013-04-22T15:30:04Z,Magnifique but angevin !!!,0
2013-04-22T15:16:29Z,"Allez Malherbe !!!!
on croit à la montée !
",0
2013-04-21T11:01:29Z,Allez malherbe,0
2013-03-01T14:12:07Z,@Vod Plyeur Tu serai pas parsiens par hasard ? Après toi jte critique pas sur tes équipe que tu supporte alors la tête de con.,0
2013-03-01T14:10:09Z,"J'ai le droit de supporter une équipe qui est en ligue 2 car c'est ma ville natale, donc allez le SCO d'angers et allez l'OM",0
2013-03-01T13:36:18Z,Soit tes pour L'om sois pour angers tete de con va,0
2013-02-28T15:48:26Z,Le SCO et l'équipe que je supporte en ligue 2 mais sinon jsuis un fervent supporter de l'OM,0
2013-02-24T10:52:55Z,Allez le SCO,0
