published-time,comment,likes
2013-07-03T09:00:02Z,C'était de l'humour...,1
2013-05-04T10:12:14Z,"Un peu de respect s'il te plait!
Souhaiter une blessure c'est tous simplement stupide et pour tous les gardiens il y a des matchs comme ca a oublier (exemple pour Lloris la claque reçu a domicile par le Bayern Munich 3-0( en ligue des champions et surtout en demi finale ce n'est pas normal)",3
2013-04-30T11:47:58Z,"Une partie de rigolade pour les Guingampais !!!
",3
2013-04-22T16:41:33Z,ca on l'avait remarqué,1
2013-04-22T16:02:04Z,J'espère que le 1er gardien de la géorgie se blessera comme ça on rigolera bien à Géorgie-France !,4
2013-04-21T20:43:35Z,"Allez Guingamp !
Cette année c'est la bonne !!",4
2013-04-21T16:05:01Z,"A la base c'est Janot et il est bléssé.. et dire que pourtant, ce mec c'est quand même le deuxième gardien nationale de Géorgie. Il doivent vraiment avoir peu de choix..",2
2013-04-21T14:47:55Z,On est nul ! Manceau qui parle,2
2013-04-21T13:23:14Z,"Tu as raison il est bidon 
",1
2013-04-21T11:37:32Z,Nan mais franchement le mans faut changer de gardien il est nul celui la ! Il ne bouge même pas !,4
2013-04-02T15:22:13Z,ALLEZ LAVAL,2
2013-05-23T22:25:12Z,"Les gens qui parlent de l'ambiance :p  J'y etait, avec les ultras et l'ambiance etait excelente surtout pour un match de ligue 2 :)",3
2013-05-20T20:55:12Z,"C'est là qu'on voit qui ouvrait son Bescherelle à l'école mais avec ton niveau c'est même à se demander si tu l'avais acheté en fait. Il faut changer de disque sur les supporters monégasques, la population monégasque est vieillissante et peu intéressée par le football. Club en carton avec 7 titres de Champion de France, 5 coupes de France, 1 de la Ligue et une finale de C1, je prends quand même.",2
2013-05-20T11:10:08Z,Vive jérémie janot!!!!!,2
2013-05-20T01:38:05Z,Lol l'ambiance de merde c la qu'on voit que l'argent ne fai pas tout le sta n'aime me pas rempli club en carton!!!,2
2013-05-19T17:40:17Z,"tu est pour quel équipe toi 
",2
2013-05-19T16:17:24Z,"Change de disque DrDJEKILL7, toujours les mêmes choses, Monaco et ses supporters, en tout cas sache que Monaco, c'est des supporters partout en France ( d'ou tout les groupes de supporters de partout ) et à l'étranger ( notamment en Espagne et en Italie ) et puis je peux te dire, il y en a de plus en plus maintenant ;)",2
2013-05-19T00:54:33Z,Quel tacle con et dangereux de Touré quesqui lui passe par la téte serieux si il le touche il lui casse la cheville !,2
2012-12-08T15:57:14Z,"ALLEZ LE MANS !!!!!!!!!!!!!!!!!!!!!!
",1
2012-12-01T23:53:00Z,ALLèèè ACA ALLéééé ,1
2013-02-18T19:23:10Z,le mans ALLEZ ALLEZ LE MANS,2
2013-02-08T20:30:58Z,Allez les nantais on les applaudit pour enfin ce rattrapage de plusieurs saison manquées!!!!!,1
2013-02-08T18:23:09Z,FCNANTES ! FCNANTES ! FCNANTES !,0
2013-02-06T13:30:40Z,Wesh Nantes!!!15ème but de Djo!!!,0
2013-02-05T01:30:46Z,"une mauvaise nouvelle vient de tomber pour le FC Nantes 
interdiction de recruter pendant 1 ans .Dommage si on monte ",0
2013-02-04T19:43:02Z,c'est moi ou il y a + de buts et de matchs à rebondissements en ligue 2 qu'en ligue 1 ?,0
2013-02-04T03:53:15Z,ça fais plaisir l'année prochaine je pourrais enfin revoir un mythique bordeaux vs nantes ,1
2013-02-03T20:44:14Z,LE MANS CEST LA MISEREEE MISEREEE MISEREEE!!!,0
2013-02-03T19:46:57Z,"EN L1 C'est L'OM en l1 je suis pour l'om et l2 pour le muc
",1
2013-02-03T19:44:53Z,"allez le mans ALLEZ ALLEZ ALLEZ LE MANS
",2
2013-02-03T14:08:00Z,drrraaa 44 RPZ aïe aïe aïe !!!,0
2013-02-03T10:29:03Z,FCNANTES !!,0
2013-02-03T19:56:20Z,allez le mans,2
2013-01-25T12:07:31Z,il est bon ce Ibrahima Touré ^^ sa promet pour la suite. Je souhaite une monté de l ASM pour la saison prochaine.( Un sup Parisien),1
2013-01-10T01:49:45Z,allez monaco,1
2013-01-02T09:08:47Z,ouai vous nous rembourserez dans maximum 3 mois sinon...,1
2013-01-01T22:20:37Z,"mais il coute trop cher pour vous 200 000 euro 
vous avez pas les moyens",1
2012-12-23T17:21:21Z,"Frederic, si il n'a pas montrer ton ""hors jeu imaginaire"" il n'a pas non plus montré le penalty non sifflé pour Le Mans si tu va dans ce sens là ! (Sympa ton jugement sur les supporters c'est vrai que c'est important de signaler ce que tu as dit ... Ahlala)",1
2012-12-23T09:23:26Z,alors super journaliste manceau juste pour dire qu'il y a un but refusé sur hors jeu imaginaire mais bon sa on montre pas et les supportaire manceau qui pousse pour marqué le 2 eme but ???? eh il était au match ou pas car moi j'i etait et les manceau on les a entendu qu'au 2 eme mais avant et apres .... les Supportaire Monégasque était la mais sa il en a pas parlé non plus pas grave victoire un de bon souvenir :) ,1
2013-02-13T22:53:12Z,Quoi?,0
2012-12-19T20:34:47Z,Mais c'est n'importe quoi ce choix de chansons,0
2013-05-19T21:28:10Z,Il n'a peut être pas voulu vu la situation du club...,0
2013-05-19T07:51:46Z,Celui du mans il a pas le droit de parler ???,0
2013-04-21T07:35:15Z,HONTEUX POUR LE MANS !,0
2013-04-20T19:42:53Z,Aïe aïe aïe ! ,0
2013-06-08T22:03:32Z,What a goal OMG,0
2012-09-06T11:19:01Z,msaji vin iyo ?,0
2013-06-21T12:07:42Z,Allez Toulouse,0
2013-05-11T15:08:47Z,MAVUBA EST PETER FAUT PAS LE FAIRE JOUER IL PORTE LA POISSE !!!!!!!!,0
2013-05-09T14:31:37Z,"Braaten il s'est fait plaisir sur ce match. Il joue bien qu'une fois par an, RDV l'année prochaine ! :)",0
2013-05-08T09:26:11Z,Elana faut le sortir mdrrr ,1
2013-05-06T19:14:44Z,Cet victoire fait du bien avec 4 buts !,0
2013-05-06T17:24:45Z,"cet victoire va peux etre faire revenir les supporters 
",0
2013-05-06T16:53:17Z,celana sur le 1 but il foire,0
2013-05-06T16:31:50Z,"bien jouer toulouse sa fait du bien
",0
2013-05-06T15:04:04Z,Dommage pour le Losc mais pas grave c'est ça le foot.,0
2013-05-06T12:14:44Z,Il faut que Landreau revienne au LOSC dès juillet 2013. Elana est nul,0
2013-05-06T09:34:15Z,Le TFC fait plaisir à voir quand il joue comme ça!,0
2013-05-05T22:18:56Z,Elana c une merde,0
2013-05-20T12:28:15Z,"c'est aussi  ""le gifleur"" du mois",0
2013-05-16T20:44:35Z,moses yano looooooool,0
2013-05-14T20:05:26Z,"Everyone thought he was just to help Eden's development, but he is turning into a really good player.",0
2013-03-12T11:54:44Z,"I don't think they have, but I you want me to I can translate :) I don't know if this interview is that interesting for a non-Belgian though, since they are talking about their favourite players, their favourite holiday destination, food, women, books (and how Gillet laughs at Bruno that he never read a book :) ), the greatest sportsman and tv-series. 

Like I said if you want me to I can still translate :)",0
2013-02-14T18:46:12Z,"Faut pas se mentir, le meilleur joueur de l'histoire c'est il fenomeno, Ronaldo",0
2013-02-02T12:58:15Z,Jay-Z - Lucifer,0
2013-02-02T00:19:45Z,massimo a le swag,0
2013-02-01T21:45:09Z,"Jay-z, Lucifer",0
2013-02-01T20:32:29Z,"Séries préférées: H et Newport Beach, Massimo m'a tué!",0
2013-02-01T20:09:36Z,"Any one knows the name of the song?
I like it!
",0
2013-02-01T18:31:29Z,Any chance of English subtitles please?,0
2013-02-01T18:25:14Z,أول تعليق = first comment,0
2013-02-02T15:24:32Z,Welcome To PAOK family:),0
2013-02-01T16:44:29Z,welcome to the best homecrowd in greece PAOK ,0
2013-01-31T21:34:18Z,ante re paokara..,0
2013-01-31T13:26:51Z,Καλως ηρθες στην  ΠΑΟΚΑΡΑ μας παιχταρα!!!,0
2013-01-31T01:19:21Z,GeoBlackPro ειμαι ομοιοπαθης. Θα εβαζα και τον Σεκου αλλα περιμενω να τον παρουσιασουνε για να του βαλω και τον αριθμο.. :),0
2013-01-30T23:54:29Z,Τον καντε λέει ρε τραχανοπλαγια...,0
2013-01-30T23:34:57Z,Welcome to PAOK Abdoul! Τον εχω αγορασει και στο Pro Evolution στον ΠΑΟΚ και κάνει όργια :),0
2013-01-30T23:15:40Z,Ατσα και καμουφλάζ ο μαύρος στο μαύρο φωντο.!!,0
2013-01-30T22:41:51Z,καλωσήρθες ρε παιχτούρα!!,0
