publish_date,title,view_count
2013-02-09T23:00:29Z,SM Caen - CS Sedan (2-0) - Le résumé (SMC - CSSA) / 2012-13,3217
2013-02-16T23:00:14Z,Le Mans FC - SM Caen (1-1) - Le résumé (LEMANS - SMC) / 2012-13,4572
2013-03-30T23:00:14Z,SM Caen - AC Arles Avignon (1-1) - Le résumé (SMC - ACA) / 2012-13,2720
2012-08-04T19:28:43Z,Ji Dong-Won goal vs Great Britain 4/8/2012,8418
2013-01-26T23:00:13Z,Clermont Foot - SM Caen (0-0) - Le résumé (CFA - SMC) / 2012-13,1222
2012-12-22T08:07:54Z,Ronaldo All Touches vs Zidane Friends 19/12/2012,4556427
2012-11-20T16:23:23Z,Like &amp; Subscribe The Best Ronaldo Fenomeno Page and Channel,24848
2013-03-12T12:55:24Z,World Cup Mexico 1986 - Gr.A - Argentina - South Korea (Mundial),34509
2012-08-03T23:52:34Z,Park Chu Young - 2010 FIFA World Cup,41066
2013-01-28T18:12:37Z,Gol de Maxwell No Jogo Entre Valerenga 1 X  2 FC Barcelona,483
2013-03-05T20:08:28Z,Rajiv Update at the Yonex All England Open Badminton Championships,465
2013-04-28T04:52:27Z,"Choi, Hyo-jin",278
2013-01-19T14:53:21Z,Badminton | Malaysia Open 2013 - Women&#39;s Double Warm Up,319
2012-10-15T10:42:22Z,20121014孚瑪FUMA Badminton WD淑惠+美姿VS雪碧+P,89
