published-time,comment,likes
2013-02-11T12:44:32Z,"Sedan, que fait-tu cette saison ? L'année dernière tu arrive à quelques points de la ligue 1 et cette saison tu es relégable et de loin !",0
2013-02-09T23:39:44Z,Ça serait bien de mettre les actions dans l'ordre du match et de mettre les plus importantes...,0
2013-03-31T08:52:07Z,Il disent ''Perquis a eu quelques Parades décisives à faire'' C’était Bosmel à la 2 Mi-Temps U_u,0
2012-11-17T02:42:27Z,This match was very clean actually. Maybe its your deluded views that are making it seem dirty.,0
2012-08-23T12:23:58Z,"Ji is great player! when he scores, he is always the winner",0
2012-08-17T14:57:42Z,lol  @JoshWilson2k10 ,0
2012-08-17T11:35:40Z,"Ji is great, he scored twice for us, once against the european champions and again against the Premier league champions.",0
2012-08-09T02:21:35Z,"Ji Dongwon doesnt always score...
but when he does, its a game winner

Man City fans and Sunderland fans will get it",0
2012-08-05T20:56:18Z,Fantastic! Go Korea!!,0
2012-08-05T10:44:54Z,Korean was very dirty.,0
2012-08-04T21:39:32Z,What a strike Ji ladd!,0
2012-08-04T21:26:50Z,Jiiiiiiiiiiiii,0
2013-07-15T01:01:15Z,"STOP IT!!! THE AMOUNT OF LEGENDS IN THIS VIDEO IS TOO DAMN FUCKEN HIGH!!!! LIKE, C'MON, I THINK THERE'S OVER 1293861232183921 LEGENDS IN THIS VIDEO FFS! JUST... ARGH! TOO MANY LEGENDS!",1
2013-07-07T01:19:14Z,Collina <3,1
2013-07-03T08:06:12Z,حلووووو,2
2013-07-01T15:40:54Z,the first goal should've been offside,3
2013-06-25T12:32:46Z,審判とロナウドとﾈｲﾏｰるとジダンめちゃくちゃエロい話してるね。,1
2013-05-30T01:34:37Z,"REAL FENOMENO COLLINA :)
",2
2013-05-18T08:12:56Z,Best referee (Collina) Best midfielder (Zidane) Best striker (Ronaldo) on the same pitch! Wow!,17
2013-05-17T07:33:27Z,3 legends in 1 picture: zizou + ronaldo + collina :),67
2013-05-06T16:14:53Z,Wow he is playing as a play marker,2
2013-05-03T21:54:29Z,I bet Neymar was told to make only the passing game ^^,5
2013-05-01T07:25:47Z,"lol i didn't know Deco was playing
",1
2013-04-29T19:17:46Z,"Man, too many legends for my laptop to handle ..and lol Collina telling jokes",14
2013-04-29T19:16:31Z,lol ..he even deliberately pulled his arm back haha,1
2013-04-29T02:23:48Z,"vitor baia um dos melhores guarda redes d mundo.
o jogador com mais titulos em todo mundo~
39titulos.
fc.porto e barcelona",1
2013-04-28T22:05:39Z,"Like this if u miss my premature ejaculations that take place while u're blowing me, show some respect to one of the best finishers of all time. In fact, the best striker of all time. ",1
2013-04-28T18:41:40Z,"Eu vi Ronaldo e Zidane joga brigado,vou pode falar aos meus filhos dois mitos.",4
2013-04-28T18:23:47Z,"Like if you miss my dick
",0
2013-04-28T15:05:57Z,3:24 bebeto ignore LOL... awks,2
2013-04-28T10:34:40Z,there is only one Ronaldo...,2
2013-04-13T00:09:46Z,axo que ainda poderia ser titular do corinthians hoje mas uma pena nao poder mais ver el fenomeno em campo o melhoR!,0
2013-02-28T20:03:47Z,Like if u miss the Old Ronaldo /; <3,29
2013-02-12T16:54:36Z,EDMUNDOOOOOOOOOOOO!!,0
2013-02-10T20:05:27Z,why there is no ronaldinho?,2
2013-01-23T16:34:32Z,"Yeah, this is Ronaldo :)",18
2013-01-19T17:35:00Z,Is this Ronaldo`s that you using as profile pic? That looks like Avatar!!!,2
2012-12-24T00:18:34Z,"zizou, ronaldo, collina. best match ever",20
2012-12-23T16:37:48Z,nice ronaldo,2
2012-12-22T18:08:24Z,Yeah he is a two footed player but the main reason he played like this that he complained b4 the match from a muscle injury in his right leg but he insisted to play that's why u can c that he avoid playing with his right foot every time he got the ball.,2
2012-12-22T16:31:47Z,Can you please upload the full game somewhere so I can watch/download it. Please :^),0
2012-12-22T16:13:26Z,vergonha desse gramado!!,0
2012-12-22T15:36:25Z,"Awesome.
",0
2012-12-22T11:47:51Z,he lost so much weight he ciyld easily come out of retirement,1
2013-06-24T18:40:22Z,"Yeah mate, Thank u ;)",0
2013-06-24T12:10:59Z,This intro is great for your channel,0
2012-11-22T17:42:48Z,Thnx ya 5waga :),0
2012-11-21T07:44:37Z,"If u mean those vids that full of useless effects and shit, no u will not find here or in any Ronaldo videos but if u want a real vid with good music and good montage just got to Palkogabor channel or Petenaldo they r one of the best Ronaldo video makers on Youtube.
BTW i will upload a new vid tomorrow "" Ronaldo Skills Tribute"" i think u will like it :)",1
2013-06-15T09:54:29Z,世界中のみなさん、2002ワールドカップを憶えていますか？？,1
2013-01-28T21:23:43Z,In south america,3
2012-08-20T20:51:57Z,This video depits Park Chu Young's career quite well. Wasted Potential. :(,23
2012-08-13T16:02:29Z,"One of Korean player put up a banner of controversial political messege about a terrtorial conflict similar to Falklands war. He is going to be deprived of the Bronze medal of the Olympic...why can't Korean players and spectator come to behave themselves in sports events?  Never bring politics into sports.
",0
2012-08-06T05:25:59Z,he choked many times..not gonna lie..,0
2012-08-05T10:24:02Z,WHERE IS CHILE!!!!!!!!!!!!!!,0
2012-08-04T22:15:18Z,another carrer wasted by arse-nal,12
2012-08-04T12:06:24Z,What a fantastic player ! I'm waiting for a goal tonight against Great Britain,2
2012-08-04T11:25:38Z,Wenger should play him.,2
2012-08-04T10:14:29Z,he's bad,0
2012-08-04T04:58:44Z,very good finisher ,2
2012-08-04T04:28:02Z,"Great player , just unlucky with his finishing .",2
2012-08-04T02:58:56Z,0:03 Park-Kor,1
2012-08-04T00:51:52Z,"Hi there, here it is...

Music:﻿ Active Life
Composer/Arranger: Gledden / Dymond / Pedder
Publisher: Audio Network
Record Label and CD No.: 1540/10",3
2012-08-04T00:20:50Z,y este quien es,1
