published-time,comment,likes
2012-11-14T10:56:49Z,يا لا مهزلة الصحافة يسألون كأنهم يعرفون أخبار اللاهب وهم لا يفقهون شيأ ...,1
2013-04-07T12:02:52Z,Un match splendide avec des perf de gardiens énorme :D,0
2013-01-15T01:07:05Z,Time to leave the championship!,0
2013-01-14T18:00:09Z,We're going up!,0
2013-07-05T09:41:06Z,Welcome to As Roma!,0
2012-11-17T10:48:49Z,"Le groooooo logo qui nique tout dommage :s à part ca regatin est le joueur qu'il faut pour aller combattre et jouer à la Can c'est un dur et un bon 
",0
2012-11-17T06:42:22Z,"il et tres bon 
",0
2012-11-16T23:52:55Z,un modèle de combativité pour tout les joueurs de l'EN ,1
2012-09-07T20:20:56Z,Bem-vindo Manuel da Costa!,0
