publish_date,title,view_count
2013-05-10T21:11:12Z,ITW EXCLU : Romain Saiss,1419
2013-01-29T05:33:40Z,Entretien avec Romain Saïss (Clermont Foot),3021
2012-11-13T20:09:59Z,رومان سايس ل مايت سبور,8080
2013-05-31T18:27:59Z,Hamza attaqant d academie saiss de football,362
2012-11-09T15:59:16Z,École Saiss de Football : tournois 2011/2012 de 5ans à 12ans,3698
2013-04-06T22:00:13Z,EA Guingamp - Clermont Foot (0-0) - Le résumé (EAG - CFA) / 2012-13,2101
2013-07-15T18:16:50Z,Caen - HAC Trophée des Normands 2013,1185
2013-03-31T18:25:08Z,But Yassine Mohammed Borussia,565
2012-11-01T10:46:10Z,Premier but de Chamakh face à Reading,206
2013-01-14T09:42:26Z,James Praises Performance,233
2012-10-30T23:06:10Z,Arsenal_vs_Reading_7_5_31_October_2012_Sports,96
2013-04-02T16:15:42Z,Getafe - Real Madrid [2-1] Barrada,160
2013-06-13T13:20:07Z,Mehdi Benatia - Welcome To As Roma - 2013,3672
2012-08-10T00:25:42Z,Liverpool - Wolwerhampton,18
2012-11-16T22:58:23Z,Adrien Regattin,3464
2013-01-27T15:50:03Z,Maroc Afrique du sud le match décisif المغرب جنوب إفريقيا,208
2012-11-04T21:18:54Z,Beşiktaş-Mersin Hugo Almeida Penaltı golü,2553
2013-06-27T17:44:11Z,Présentation HAC 2013 - 2014,1174
2012-09-07T14:28:12Z,Conferência de imprensa Manuel da Costa,2398
