publish_date,title,view_count
2012-11-24T23:00:16Z,AJ Auxerre - FC Nantes (0-2) - Le résumé (AJA - FCN) / 2012-13,9569
2013-03-17T14:46:55Z,RC Lens - AJ Auxerre (1-0) - Le résumé (RCL - AJA) / 2012-13,14275
2012-10-20T22:00:12Z,AJ Auxerre - RC Lens (1-2) - Le résumé (AJA - RCL) / 2012-13,9863
2013-01-12T23:00:15Z,AJ Auxerre - SM Caen (1-2) - Le résumé (AJA - SMC) / 2012-13,5247
2012-12-01T23:00:17Z,Châteauroux - AJ Auxerre (1-1) - Le résumé (LBC - AJA) / 2012-13,3620
2013-02-09T23:00:28Z,AJ Auxerre - Tours FC (3-2) - Le résumé (AJA - TOURS) / 2012-13,7993
2013-05-19T05:04:24Z,CD Trofense | Magique Goualy | Avançado - Forward,2761
2013-04-18T20:52:36Z,Santa Clara 0-1 Trofense,516
