published-time,comment,likes
2013-01-06T21:21:35Z,"lee <3
",0
2012-12-18T07:06:18Z,bravo la bretagne!,0
2012-12-02T19:56:09Z,"écouter la bourgogne pleurer !
",0
2012-11-25T18:12:39Z,Félicitation a Nantes pour cette victoire :) Compations d'un supporter Lensois ;) Nantes et Lens meilleur public de ligue 2 nous méritons la Ligue 1 :D ,1
2012-11-25T16:51:38Z,vite la ligue 1!,0
2012-11-25T15:35:25Z,...écoutez la Loire chanter !!!,0
2012-11-25T14:45:00Z,allez Nantes,0
2012-11-25T13:43:23Z,Allez nantes !!!!! Hé vous qui netes pas nantais !!,0
2012-11-25T07:17:28Z,objectif: LIGUE 1 ALLEZ LES CANARIS !!!!!,0
2013-03-30T12:34:25Z,"ALLER LES SANG ET OR !!!
",0
2013-03-27T02:22:07Z,Touzghar est FrancoTunisien !,2
2013-03-23T00:00:24Z,Lens <3 ,0
2013-03-21T21:05:38Z,mERCI RIOU et Bale pour la passe décisive !!!!!,0
2013-03-18T20:55:24Z,Lens !!!!!!,0
2013-03-18T02:02:20Z,S&O FORZA !!!! LE 17 AVRIL UNE GRANDE FETE POUR NOTRE CLUB ENFIN !!!,0
2013-03-17T19:05:08Z,"Mauvaise qualité de video :/
",0
2013-01-28T14:02:24Z,"A voir très beau but :

But de Touzghar Amiens - Lens Septembre 2011 vu de la tribune Nord",1
2012-10-22T18:33:00Z,"Le début d'une grande remontée , éspéront le ",1
2013-01-16T16:25:34Z,yes allez malherbe! :D,0
2013-01-13T12:18:16Z,le coup franc de Haddad est magnifique dommage qu'il ne soit pas rentré...,0
2013-01-13T10:57:01Z,"auxerre <3
",0
2013-01-13T09:59:48Z,Malherbe♥,0
2013-01-26T17:50:29Z,Congratz Paul-Arnold!!!,0
2012-12-09T14:44:36Z,Une future pépite ce Garita ! ,0
2013-05-10T11:03:31Z,Allez Auxerre vous allez Gagner.,0
2013-03-21T16:26:28Z,ALLEZ LAVAL!,0
2013-03-10T09:22:35Z,tu est fou aller aja,0
2013-02-13T16:06:38Z,Allez TOURS,0
2013-02-11T17:57:13Z,quel buteur ce sanogo,0
2013-05-20T17:07:04Z,Bom video! Tentem fazer um do melhor marcador Paulinho XD,0
