publish_date,title,view_count
2013-07-21T14:38:35Z,Yannick Ferreira Carrasco YFC AS MONACO 2012-2013 buts,4891
2013-01-24T20:09:02Z,Lucas Ocampos y Yannick Ferreira-Carrasco responde preguntas en facebook.,2315
2012-10-19T02:50:25Z,WSOC: Olivia Carrasco FAU Post-Match Interview,65
2013-03-30T22:35:23Z,Le but de Yannick,939
2012-09-14T20:55:52Z,"(J7) ASMFC-DFCO, les réactions.",3035
2013-01-19T23:00:13Z,FC Istres - AS Monaco FC (0-2) - Le résumé (FCIOP - ASM) / 2012-13,6737
2013-04-13T22:00:15Z,AJ Auxerre - AS Monaco FC (0-2) - Le résumé (AJA - ASM) / 2012-13,9740
2013-07-10T09:12:05Z,Del Nido Carrasco sobre el debut en Liga. 09/07/13. Sevilla FC,154
2013-05-11T22:00:12Z,Nîmes Olympique - AS Monaco FC (0-1) - Le résumé (NIMES - ASM) / 2012-13,14530
2012-08-18T18:35:05Z,"J4 EAG - ASM FC, les réactions",3530
2013-04-25T17:04:04Z,But | Football | Evad Sports Bischheim | YAnnick,1158
2013-05-07T15:47:03Z,Yannick A. | Skills &amp; Tricks | Part 1| 2013 HD,210
2013-06-13T00:40:15Z,Radamel Falcao ● All 34 Goals in 2012/2013 ● HD,1488
2012-10-27T22:00:12Z,AS Monaco FC - FC Nantes (0-2) - Le résumé (ASM - FCN) / 2012-13,20618
2013-04-30T10:00:49Z,CS Sedan - AS Monaco FC (1-1) - Le résumé (CSSA - ASM) / 2012-13,6463
2012-12-15T23:00:13Z,AS Monaco FC - Nîmes Olympique (1-1) - Le résumé (ASM - NIMES) / 2012-13,4100
2013-01-15T11:00:53Z,AS Monaco FC - Stade Lavallois (1-1) - Le résumé (ASM - LAVAL) / 2012-13,3436
2012-08-10T17:53:46Z,BLUEARENA TV EKPLIXI STON GIWRGO KARASKO,297
2013-04-01T22:04:03Z,Sao Paulo vs Corinthians,240
2013-01-16T13:57:13Z,"COPA DEL REY. Este jueves, estás convocado para el Atlético de Madrid - Betis",12733
2012-10-20T22:00:12Z,Angers SCO - AS Monaco FC (1-2) - Le résumé (SCO - ASM) / 2012-13,7627
2012-12-22T23:17:29Z,Le Mans FC - AS Monaco FC (2-3) - Le résumé (LEMANS - ASM) / 2012-13,14787
2013-04-06T22:00:13Z,AS Monaco FC - Chamois Niortais (1-1) - Le résumé (ASM - NIORT) / 2012-13,3929
2012-11-01T14:25:29Z,Persbabbel Yannick Ferreira en Francky Dury,1130
2013-05-25T22:00:36Z,Tours FC - AS Monaco FC (1-2) - Le résumé (TOURS - ASM) / 2012-13,9409
2012-12-12T23:12:22Z,SM Caen - AS Monaco FC (3-0) - Le résumé (SMC - ASM) / 2012-13,21940
2013-03-30T23:00:14Z,FC Nantes - AS Monaco FC (1-1) - Le résumé (FCN - ASM) / 2012-13,18576
2012-08-29T03:26:50Z,Niort - Monaco Coupe de la Ligue - Coup franc Monaco,85
2013-05-02T15:54:22Z,Auxerre-Monaco (0-2) Ambiance parcage,952
2012-10-19T13:22:25Z,La Liga | Las mejores celebraciones de la Jornada,67122
2013-04-23T10:00:38Z,AS Monaco FC - Clermont Foot (4-0) - Le résumé (ASM - CFA) / 2012-13,21408
2012-12-10T06:45:13Z,Bekir Dudak Dudağa Gol Sevinci,6845
2013-04-13T19:31:22Z,Conférence de presse AJ Auxerre - AS Monaco FC (0-2) / 2012-13,453
2013-03-04T00:25:12Z,Académie de football à BRUXELLES,6629
2013-04-07T23:30:11Z,Gol de Álex García (1-0) - HD,353
2013-05-17T20:15:08Z,Gol de Diego Costa al Real Madrid [Copa SM El Rey] (17/5/13) || FINAL || 1-1,611
2012-10-20T22:35:45Z,Conférence de presse Angers SCO - AS Monaco FC (1-2) / 2012-13,303
2013-01-25T11:37:22Z,Urby Emanuelson vs Andorra 12.10.2012,149
2012-09-18T15:49:24Z,Monaco tenu en échec par Dijon,303
2013-05-17T20:50:04Z,هدف اتلاتيكو مدريد كوستا ضد ريال مدريد نهائي الكاس 2013,1009
2013-01-23T22:01:49Z,Entrevista,106
2013-06-15T08:30:08Z,Maxime Lestienne - Skills Dribbling Assists Goals /Full ᴴᴰ/,100687
2012-09-28T10:02:14Z,"Lucas Ocampos, virgule, point à la ligne !!!",176681
2013-01-07T16:22:53Z,Urby Emanuelson vs Lazio 20.10.2012,181
2012-10-11T18:18:12Z,Lucas Ocampos AMAZING SKILL !!!,2392
2012-09-27T17:53:13Z,Primer Gol De Lucas Ocampos   AS Monaco 4 VA 2,652
2012-09-24T13:20:29Z,"Krohn Dehli, mejor jugador de la Jornada 5",5344
2012-08-17T07:22:29Z,"Ocampos, en visite...",8605
2013-03-01T22:09:57Z,Fin Match AS Monaco - RC Lens 25/02/2013,197
2013-01-20T16:44:56Z,BPL Skillers,19
