published-time,comment,likes
2013-01-25T10:15:06Z,"Grande Lucas, desde Argentina te mandamos un gran abrazo.",0
2012-09-15T10:04:25Z,beau coup-franc,0
2013-03-07T18:29:16Z,oscar ocampos???? connait pas ,2
2013-02-03T03:42:42Z,vive foued chafik,2
2013-01-24T15:07:11Z,Oscar Ocampos baaah ouai !,2
2013-01-21T13:12:41Z,"Sérieux faites un effort sur les commentaires .. LUCAS OCampos, et c'est encore Ocampos qui dévie le coup franc, et pas Adriano..

Daghe Munegu.",1
2013-01-20T13:39:12Z,"En fait il est d'origine Allemande, d'où l'erreur.",1
2013-01-20T07:50:07Z,Kagelmacher défenseur allemand... --' C un Uruguayen!,1
2013-01-20T01:18:06Z,Oscar ocampos --' cest dur de retenir un prenom?,1
2013-05-21T11:04:57Z,"Allez Monaco vous Aller Gagner.
",0
2013-05-10T11:12:17Z,Allez Auxerre Gagner se match Contre Monaco.,0
2013-04-15T06:45:02Z,C dla merde Monaco degager vous savez pas jouer !,0
2013-04-14T10:05:22Z,olalala ce que rate Auxerre ! c'est incroyable !,0
2013-04-13T23:11:17Z,ON va gagner ... on va gagner ... ON VA GAGNER LE CHAMPIONNAT...ON VA GAGNER LE CHAMPIONNAT....ON VA GAGNER LE CHAMPIONNAT     lol allez Monaco ,0
2013-05-14T12:46:26Z,Bravo Merville !!! ,0
2013-05-14T00:53:51Z,un club sans ame monaco,0
2013-05-12T23:21:46Z,Mdr,0
2013-05-12T23:19:55Z,Messi et ronaldo aussi,0
2013-05-11T22:21:00Z,Falcao a signer,0
2012-08-19T03:52:26Z,"Merci ! Super victoire, Daghe Munegu !",0
2013-05-07T21:01:12Z,"Nice!
",0
2013-06-25T11:38:32Z,"Enorme tigre que te vaya bien en el monaco, temporadas sobresalientes con atleti finales increibles gracias #9",0
2013-06-13T16:46:16Z,Grande tigre!!! Alla donde vayas te seguire!!,0
2013-06-13T14:46:29Z,"Gran video compañero!!!:D
",0
2013-07-27T16:09:26Z,pffff tu dit des conneries,0
2013-04-05T13:11:36Z,Nantes c'est Nantes !! :),1
2013-03-12T00:59:53Z,mdr oui c'était logique avec Kita au sifflet...,1
2013-02-14T16:55:04Z,a 0.10 sa c'est de l'ultra monégasque lol,2
2013-01-09T23:05:27Z,LOL merci l'arbitre,0
2012-11-16T12:59:12Z,"Nantes à bcp de chance sur ceux match mais bon Monaco et meilleur dans le Jeu et ca ce voit sur tous ses matchs
",0
2012-11-03T20:14:49Z,C'est fait pour la confirmation :p,0
2012-11-02T10:58:06Z,C'est un très bon le Djordjevic franchement ! Gg Nantes ! J'espère qu'il vont continuer comme çà et déjà confirmer par une victoire contre Angers à la Beaujoir lors de la prochaine journée. :),1
2012-11-01T23:11:49Z,"L'arbitrage fait partie du foot les gars, c'est dans les deux sens, n'allez pas dire que vous n'avez jamais été avantagé par l'arbitrage!! Allez NANTES!! <3",0
2012-11-01T20:48:22Z,Je pense que Monaco montra en L1,0
2012-11-01T20:47:38Z,Allez les jaunes!!!!!!!,0
2012-10-30T11:47:14Z,"meme si Monaco méritait Nantes a été réaliste et c'est quand meme Djordjevic qui a été élu meilleur du mois et pas Touré.
Aller Nantes la L1 c'est pour l'anné prochaine avec Monaco je pense.",0
2012-10-30T11:45:39Z,pfff arbitre==== 0 ! ,0
2012-10-29T09:31:20Z,"Match volé !!!!!
aller l'ASM",0
2012-10-29T07:59:44Z,"Y'a aucune compensation arbitrale sur ce match çà n'a été que dans un sens. même à 2-0 il oublie une faute flagrante à 18m pour un coup franc idéalement placé.
Nantes a été réaliste mais NON ce n'est pas tout",0
2012-10-29T06:51:53Z,Monaco aurais pus gagner 3-1 mais bon c'est comme ca... allez NANTES !! et vener nombreuxa la Beaujoire samedi prochain pr le derbi Nantes sco angers !!!!,0
2012-10-28T20:58:18Z,"L'ASM s'est volé un but, 2 pénos (voire même trois avec la faute de Madouni sur Carrasco). Mais Nantes gère tout de même bien son match, si on met les erreurs d'arbitrage de coté. Je comprends la déception des Monégasques. Après, les erreurs d'arbitrage, ça arrive. Une fois, ça nous est favorable, une fois non. Mais n'ayez crainte, je pense que l'ASM montera cette année. En espérant que Nantes également.
Allez les canaris !",0
2012-10-28T16:53:50Z,"ya pas de coup de coude sur le but refusé,et la main est tellement flagrante que si elle n'est pas sifflée on ne sifflera plus aucune main dans la surface.nantes a bien joué le coup et merite sa victoire parce qu on a pas été bons non plus mais faut pas déconner,on se fait voler au moins 1 but au moment ou on dominait le plus....",0
2012-10-28T16:28:00Z,meme les joueurs nantais on dit kil on eu de la chance... a 2 0 pour asm c t pas le meme match (et je suis pas monégasque),0
2012-10-28T16:18:52Z,"lol quelle bonne foi les Monégasques, véreux juste parce que vous pensiez vous imposer facilement, l'argent ne fait pas tout!! Pour le but refusé, c'est un coup de coude dans le dos de Cichero qui est sanctionné ce n'est pas un hors jeu! La main elle y est, ne pas oublier aussi qu'en fin de première période il y a également une main Monégasque non sifflée dans la surface, donc un partout au jeu des pénaltys non accordés. Nantes a été réaliste, c'est tout",1
2012-10-28T15:29:08Z,Quel arbitrage scandaleux !,0
2012-10-28T15:11:38Z,du grand n import quoi l arbitrage nantes mérite pas la victoire même pas le nul et surtout pas la l 1,0
2012-10-28T14:50:25Z,"Ouaaaah ce vol arbitral !!  
",1
2012-10-28T09:54:19Z,FC NANTES !! <3<3<3<3...,0
2012-10-28T08:43:06Z,une position de hors jeu peu évidente... il est bête le commentateur ou il fait exprès... meme la sur la vidéo on voit qu'il est pas hors jeu et que le but doit être accepté... sur le but de Nantes par contre il dit pas qu'il est hors jeu ;) quelle bon commentateur et arbitre!!,0
2012-10-28T07:50:12Z,"Resultat logique.
Nantes bientôt en L1 :p",0
2012-10-27T22:19:39Z,un vole  pour la journée de l'arbitrage bravo ..... ,0
2013-04-30T17:28:31Z,"Qu'ils viennent jouer dans ma campagne, le terrain est 10 fois mieux ...",0
2013-06-11T16:08:58Z,Le match a ete jouer a huit clos,0
2013-03-20T14:27:32Z,"on a frainé monaco, Allez laval !!<3",0
2013-01-15T18:43:41Z,"Les gens sont pas obligé de mettres des commentaires. Si ta rien a dire, dit rien..",0
2013-01-17T16:59:36Z,This is why I love Atletico. Genius approach to the game :),0
2013-01-16T17:13:06Z,Falcao,0
2013-01-16T15:39:01Z,#DelAtletiSoy,0
2013-01-16T15:29:12Z,Muy bien hecho,0
2013-01-16T15:13:22Z,que originales jejejejeje,0
2013-01-16T15:10:22Z,"se unen dos grandes aficiones mañana en el calderon, a por ellos atleti",0
2013-01-16T14:56:26Z,Una de las mejores cosas que tiene el club es la forma de hacer publicidad. CRACKS!,0
2013-01-16T14:41:32Z,Que anuncio tan simple y tan emocionante a la vez. AUPA ATLETI,0
2013-01-16T14:09:06Z,"Como siempre, genial el Departamento de Comunicación del club.",0
2013-02-03T13:11:11Z,"Allez Angers.
",1
2013-02-03T13:11:00Z,On méritez Mieux.,1
2013-02-03T19:56:20Z,allez le mans,2
2013-01-25T12:07:31Z,il est bon ce Ibrahima Touré ^^ sa promet pour la suite. Je souhaite une monté de l ASM pour la saison prochaine.( Un sup Parisien),1
2013-01-10T01:49:45Z,allez monaco,1
2013-01-02T09:08:47Z,ouai vous nous rembourserez dans maximum 3 mois sinon...,1
2013-01-01T22:20:37Z,"mais il coute trop cher pour vous 200 000 euro 
vous avez pas les moyens",1
2012-12-23T17:21:21Z,"Frederic, si il n'a pas montrer ton ""hors jeu imaginaire"" il n'a pas non plus montré le penalty non sifflé pour Le Mans si tu va dans ce sens là ! (Sympa ton jugement sur les supporters c'est vrai que c'est important de signaler ce que tu as dit ... Ahlala)",1
2012-12-23T09:23:26Z,alors super journaliste manceau juste pour dire qu'il y a un but refusé sur hors jeu imaginaire mais bon sa on montre pas et les supportaire manceau qui pousse pour marqué le 2 eme but ???? eh il était au match ou pas car moi j'i etait et les manceau on les a entendu qu'au 2 eme mais avant et apres .... les Supportaire Monégasque était la mais sa il en a pas parlé non plus pas grave victoire un de bon souvenir :) ,1
2013-05-18T10:14:27Z,Enfin la ligue 1 pour Monaco,0
2013-04-10T08:52:57Z,anti niortais,0
2013-04-10T08:52:42Z,"monaco4ever
",0
2013-04-06T22:07:23Z,ALLEZ Monaco ,0
2013-07-28T10:29:40Z,[iminent=0gaCtAgUWfOB] gardien de tours tres fort,0
2013-07-05T01:02:58Z,Moi aussi jai etait au match yavait but pour Tours a la fin jetait deg,0
2013-06-17T18:58:59Z,je suis dacord avec toi il montre pas le but qui na pas conter alors qu'il y avait but (jai ete voir le match),0
2013-05-26T15:59:57Z,et le résumé ne fait pas voir le but refusé pour Tours parfaitement valable ,0
2013-05-26T13:51:10Z,Monaco a vendangé mais su retourner la situation. Champions de France mérités,0
2013-05-26T01:36:44Z,Tours meriter la victoire,0
2013-05-04T18:22:40Z,"cest fait !! =)
",0
2013-02-19T22:16:55Z,caen va gagner a MONACO ,0
2013-02-19T21:09:09Z,a nous la L1 ,0
2012-12-14T19:34:46Z,FC NANTES..! <3<3..,0
2013-04-09T15:21:08Z,Ou elle rentre la balle ? ,0
2013-04-05T19:38:23Z,stylé le parcage lors du but!,0
2013-04-02T21:43:42Z,Le ballon est rentré sur la dernière occase? Lol tu ne dois pas avoir le même opticien que nous tous,0
2013-04-02T19:49:02Z,"80 ans que Monaco est la et jamais personne n'a rien dit, quand ils sont descendu en L2 pareil tout le monde s'en foutait, mais maintenant qu'il y a de l'argent et qu'ils vont remonter en L1 tout le monde flip et veut leurs mettre des batons dans les roue je trouve sa scandaleux. ",1
2013-04-02T16:17:12Z,"Voila 2 belles équipes qui retrouveront la ligue 1 si monaco peut jouer en france la saison prochaine...car on peut avoir le plus gros budget de ligue 2 et un propriétaire milliardaire, si Monaco n'installe pas son siège en France, l'argent ne servira à rien (pour une fois)...",0
2013-04-02T14:34:05Z,"Et pour se qui est du score pour moi il est logique, Nantes n'a pas dominer pas plus que Monaco n'a dominer, les 2 équipes on eux leurs temps forts pendant le match et pour moi c'est un résultat logique, aucune des 2 équipes ne méritait de gagner se match ni de le perdre. Et puis pour se qui est de l'arbitre oui il a été mauvais mais il n'a favoriser aucune des 2 équipes, au contraire du match aller... ",0
2013-04-02T14:30:19Z,"Destructordark13 tes sérieux quand tu dit que tu a pas entendu les supporters monégasque ?? Tu devait pas être a coter alors. J'y était dans la tribune monégasque et on a chanter tout le match même 1h avant le cou d'envoie on été déjà a se casser la voie. Par contre les Nantais il y a que la brigade loire qui a chanter tout le long du match, les autres se sont réveiller seulement a l'ouverture du score et se sont tait a l'égalisation. ",0
2013-04-01T19:21:52Z,nantes méritait LARGEMENT la victoire et j'y étais l'abitre est nul et le gardien monégasque un gros connard il a du gagner 4 minute a lui tout seul!,0
2013-04-01T16:13:33Z,perso monaco a bien jouer mai jtrouve ke nantes a mieu jouer plusieur foi j'ai cru qu'il y avai but il y a eu plus d'ocaz de la part de nantes sans oublier le poto la denriere action aie aie aie putain on devait le gagner ce match,0
2013-04-01T15:24:33Z,"J'y étais aussi et on a pas vu le même match,on vous bouffe pendant le premier quart d'heure et en 2e mitemps!!! la prochaine fois fais là en français ta phrase aussi ;)",0
2013-04-01T15:22:31Z,"Tu manques d'objectivité,les deux équipes ont eut leurs temps forts,et des occasions franches,l'arbitrage a été bon,le but n'est pas rentré(clair sur la vidéo),et le péno si tu regardes la réaction de Djordjevic avec notre défenseur après l'action tu comprends qu'il a tenté le coup.Et puis t'as bon dos de critiquer un arbitrage qui t'avais fait gagner le match à l'aller,si ça avait été pareil tu te serais surement suicidé....",0
2013-04-01T14:28:09Z,"Et le penalty de Djordjevic !!! :o
",0
2013-04-01T11:11:42Z,"Et arretez de dire que Suba gagnait du temps, j'y etais au stade et vous l'avez sifflé 2 fois quand il prenait son temps or il y avait a chaque fois des changements.. vous avez été minable, on ne vous a pas entendu. On entendait que vos 2 tambours (qui ont été très fair play EUX !) et quand on voit le match aller je crois que vous plaindre est se foutre de la gueule du monde ! 
",0
2013-04-01T11:05:37Z,Monaco a été minable ? Mais vous vous êtes vu supporters Nantais ?? mdr,0
2013-04-01T10:15:51Z,"j'avais envie de l'arracher Subasic ^^

",0
2013-04-01T07:54:20Z,Nantes et Monoco méritent la LIGUE 1 !!!,0
2013-03-31T20:00:21Z,Les Nantais méritait sérieusement et le gardien de Monaco nous provoquai en Loire donc on ses fait voller encore par larbitre,0
2013-03-31T15:40:24Z,"Chacun son tours :D
",0
2013-03-31T13:08:47Z,ALLER NANTES ! (arbitre de merde sur le match),0
2013-03-31T12:13:18Z,en tout cas sa fais plaisir de voir un match comme avec de l'ambiance aussi belle bravo a vous nantes et bravo au supportaire qui on fais le deplacement  Allez MONACO,1
2013-03-31T12:11:27Z,ba c'est cool sa fais 1 partout niveau arbitre de merde regarde la match allez :) ,0
2013-03-31T11:51:34Z,petit rageur  ,0
2013-03-31T11:22:20Z,"On reparle du match aller ? C'etait exactement ce que tu viens de dire mais pour Monaco, 1-1 partout sur l'arbitrage de merde !",0
2013-03-31T11:20:38Z,"Quel match et surtout le début , ça fait du bien de voir ce genre de match au parfum de L1 , Bien joué aux deux équipes 

Et Ocampos qui fêtent ce but avec les supporters la classe ^^

Daghe munegu <3 ! ",0
2013-03-31T09:57:18Z,"La balle rentre pas sur la dernière occasion, stop de dire des conneries. Surtout pour ceux qui étaient en Loire en bas, on l'a tous vu, il est sur la ligne.
Même si elle rentre un TOUT PETIT PEU c'est pas valable.

Par contre, un péno aurait pu être sifflé sur Djordjevic, c'est sûr.. =|",0
2013-03-31T09:38:02Z,Allez Nantes ! J'y étais au match mais le gardien de Monaco faisait de l'anti-jeu et l'arbitre était nul le premier quart d'heure,0
2013-03-31T09:09:57Z,"Avec l'angle de la caméra on ne voit pas bien mais le ballon doit être rentré intégralement pour qu'il y ait but et là ce n'est pas le cas. Et quel que soit le scénario et le niveau de jeu de Monaco, le résultat est 1-1 et c'est ce qui va faire d'eux le champion de Ligue 2.",0
2013-03-31T09:06:48Z,Arbitre de merde qui a refusé un but de Nantes et n'a pas sifflé un pénalty parfaitement valable et en plus il met un carton pour simulation !!!!!!!!!!!!!!!,0
2013-03-31T08:26:31Z,"Monaco ont été minable sur ce match.
Leur gardien intolérable a gagner tout le temps du temps.
Et l'arbitre ... la balle est rentrer sur la derniere occase 
  ",0
2013-03-31T07:54:45Z,Mais quel beau match ! quel intensite de jeu ! mais que font ces 2 équipes en L2 !!,0
2013-03-30T23:05:42Z,Nantes en L1!!!!,0
2013-03-30T23:01:10Z,ALLEZ NAAAAAANTES ! ♥,0
2013-03-30T23:00:45Z,Preums,0
2013-04-14T22:43:51Z,"jajaja

",0
2013-03-01T14:15:17Z,jajajajaja er martins,0
2012-12-17T20:10:50Z,LOOOL hahahaha,0
2012-10-19T14:30:01Z,"jajajaaj no estan flipaos los editores, es gracioso si jaja",0
2012-10-19T14:20:40Z,¿?¿,0
2012-10-19T14:15:53Z,¡¿WTF?!,0
2012-10-19T14:07:23Z,LOOOOOOOOOOOOOOOOOOL,0
2012-10-19T13:39:23Z,LOL!!,0
2013-04-29T16:34:32Z,"On les voit peut être mais on les entends pas :)
",1
2013-04-24T21:49:05Z,Ah c'est drôle ça! Bouffon,3
2013-04-24T11:13:27Z,C'est le même geste ^^,1
2013-04-23T17:18:48Z,"Moonaaaacoo !
Magnifique Match !",3
2013-04-23T16:46:21Z,Vive ocampos,2
2013-04-23T12:43:57Z,okiiii hala ya de bon joueurs en ligue 2 :),1
2013-04-23T11:55:31Z,3.,0
2013-04-23T11:36:07Z,combien de club vont monter en ligue 1 . et cb vont descendre de ligue 1 a ligue 2 ???,0
2013-04-23T11:05:59Z,Daghe Munegu <3,0
2013-04-23T10:46:06Z,très beau match des monegasque allez bientôt la L1 avec les Nantais !!!,0
2013-04-23T10:06:17Z,Le deuxième but = celui de Thiago Silva sauf que le ballon n'est pas sorti ^^ ,1
2013-01-25T14:33:37Z,Always like....this guy is good,0
2013-06-22T19:31:40Z,good player welcome to Russia,0
2013-06-22T18:38:37Z,не плохо !!!!!,0
2013-07-29T19:12:07Z,Ça c'est tes une virgule,0
2013-07-07T05:34:07Z,"Salido de River
",0
2013-06-28T23:14:26Z,mdrrr le gars s'est fait fuméé,0
2013-06-15T10:32:08Z,"il a laisser sur place le def de valenciennes, sinon ocampos continue a progresser et tu sera recompenser
",0
2013-05-25T03:20:31Z,mouais,0
2013-05-24T15:05:17Z,MONACO VA FAIRE DU SALE L'ANNÉE PROCHAINE,0
2013-02-15T19:19:21Z,"Music confessions d'un rap addict ←
",0
2012-11-12T22:24:29Z,@SuperSouthgamer c'est pas un truc de ouf? j'ai la meme après on vera .. Daghe munegu,0
2012-10-06T17:54:03Z,tremendo ocampos,0
2012-10-03T17:16:59Z,Sa fait du genre cr7 vs la Turquie,0
2012-10-01T18:23:55Z,Bien joué mais bon c pas un truc de fou ...,0
2012-10-01T17:38:28Z,"J'aime bien le titre, bien trouvé :)",1
2012-10-01T16:52:31Z,"Fifa 13 ? Ah non, Ocampos !! <3",0
2012-09-30T10:26:36Z,Je voudrais le titre de la musique à la fin svp,0
2012-09-29T23:19:22Z,Il c mangé un truc le défenseur ,0
2012-09-29T23:01:06Z,Ronaldiho,0
2012-09-29T19:58:20Z,Cassage de reins ..,0
2012-09-29T19:03:51Z,A la 0:31 en voi deux reins sur la pelouse ,0
2012-09-29T17:02:17Z,haaaaaa plus d'dos...,0
2012-09-29T11:44:56Z,C'est pas Gignac Big Mac qui ferait sa ! lol ,0
2012-09-29T10:52:48Z,Shazam,0
2012-09-29T06:31:59Z,"Ocampos CRACK!!

El joven CR7!",0
2012-09-28T23:30:01Z,DAGHE MUNEGU <3 .,0
2012-09-28T15:37:10Z,"ramasse ta jambe !
",0
2012-09-28T14:30:36Z,"ocampos a déposé le def de valencienne abusé ^^ !!!!!!!!! 
ON a un futur grand dans l'effectif sans oublier les autre ;) ",0
2012-09-28T13:59:40Z,Va chercher mdr !,0
2012-09-28T13:37:43Z,merci,0
2012-09-28T13:37:26Z,"mdr il vend déja du rêve entre la virgule son but et la transversale, a 18 piges sa promet ;)",0
2012-09-28T13:19:32Z,Ben Mazué il me semble.,0
2012-09-28T12:19:05Z,c'est quoi comme musique s'il vous plait ?,0
2012-09-28T11:31:35Z,A la Ronaldhino :),0
2012-09-28T10:35:46Z,Quelle humiliation :(,0
2012-09-28T10:26:21Z,"Appelez le Samu, le defenseur de VA a laissé ses reins sur la pelouse !!!!! DAGHE MUNEGU et Grande Ocampos !!!!!!
 ",0
2012-09-27T21:12:49Z,"Que genio que es este pibe! 
",0
2012-09-27T18:08:51Z,"golazO grandeee tee deseO lO mejOr , 
",0
2012-09-26T01:53:51Z,nin falta que ten,0
2012-12-19T21:36:35Z,"jajajaja si,si tenes razon.. XD ",0
2012-09-04T13:51:17Z,te amooooo ♥ siempre tan lindo vs !!! ♥ ,0
2012-08-20T18:05:28Z,"En River se te extraña mucho , te amo Lucas ♥",0
2012-08-17T20:20:15Z,thanks :),0
2012-08-17T20:05:07Z,"Intro (El Mundo Es Nuestro) - J-King y Maximan, Cosculluela, Polaco, Yomo, Syko & Latin Crew",0
2012-08-17T18:23:39Z,What is the song?,0
2012-08-17T14:29:58Z,Dirar qu'il lui dit bonjour et en meme temps adieu au terrain ^^ ,0
2012-08-17T12:54:03Z,"Dale pibe ayudanos a volver en la primera y luego a salir campeon de francia de nuevo !!!
Encima volver a escuchar el acento rioplatense en el vestuario es un placer imenso !!
Daghe Munegu !!! 
Frãzinho hincha del monaco desde 1987 ",0
2012-08-17T12:05:03Z,"The song at the beginning is ""Aloe blacc - I need a dollar""
",0
2012-08-17T10:32:13Z,ecomog - I Need A Dollar (feat. Aloe Blacc & A.U.),0
2012-08-17T08:41:18Z,what's the song at the beginning?,0
