publish_date,title,view_count
2013-04-29T21:28:43Z,Christopher Jullien,2437
2013-02-16T23:00:14Z,FC Istres - AJ Auxerre (0-3) - Le résumé (FCIOP - AJA) / 2012-13,7032
2013-01-26T23:00:13Z,AJ Auxerre - Le Mans FC (1-1) - Le résumé (AJA - LEMANS) / 2012-13,3332
2012-12-12T23:00:14Z,AJ Auxerre - Chamois Niortais (4-2) - Le résumé (AJA - NIORT) / 2012-13,8750
2012-12-22T23:18:02Z,Clermont Foot - AJ Auxerre (1-2) - Le résumé (CFA - AJA) / 2012-13,3169
2013-03-30T23:00:13Z,AJ Auxerre - Dijon FCO (0-0) - Le résumé (AJA - DFCO) / 2012-13,1750
2013-02-02T23:00:14Z,Stade Lavallois - AJ Auxerre (4-5) - Le résumé (LAVAL - AJA) / 2012-13,19242
2012-12-15T23:00:13Z,Angers SCO - AJ Auxerre (2-1) - Le résumé (SCO - AJA) / 2012-13,3652
2013-01-12T23:00:15Z,AJ Auxerre - SM Caen (1-2) - Le résumé (AJA - SMC) / 2012-13,5247
2012-11-24T23:00:16Z,AJ Auxerre - FC Nantes (0-2) - Le résumé (AJA - FCN) / 2012-13,9569
2013-03-02T23:00:14Z,AC Arles Avignon - AJ Auxerre (2-1) - Le résumé (ACA - AJA) / 2012-13,3348
2013-04-13T22:00:15Z,AJ Auxerre - AS Monaco FC (0-2) - Le résumé (AJA - ASM) / 2012-13,9740
2013-02-23T23:00:14Z,AJ Auxerre - EA Guingamp (2-1) - Le résumé (AJA - EAG) / 2012-13,7683
2013-04-06T22:00:13Z,GFC Ajaccio - AJ Auxerre (0-0) - Le résumé (GFCA - AJA) / 2012-13,1953
2012-12-01T23:00:17Z,Châteauroux - AJ Auxerre (1-1) - Le résumé (LBC - AJA) / 2012-13,3620
2012-10-27T22:00:12Z,Dijon FCO - AJ Auxerre (0-1) - Le résumé (DFCO - AJA) / 2012-13,3859
2013-02-09T23:00:28Z,AJ Auxerre - Tours FC (3-2) - Le résumé (AJA - TOURS) / 2012-13,7993
2013-03-02T19:34:47Z,CS Sedan - AJ Auxerre (1-0) - Le résumé (CSSA - AJA) / 2012-13,1804
2012-11-04T00:01:34Z,AJ Auxerre - GFC Ajaccio (1-1) - Le résumé (AJA - GFCA) / 2012-13,2619
2012-12-22T23:31:29Z,Conférence de presse Clermont Foot - AJ Auxerre (1-2) / 2012-13,245
2013-02-02T18:11:17Z,Conférence de presse Stade Lavallois - AJ Auxerre (4-5) / 2012-13,386
2012-12-15T18:39:53Z,Conférence de presse Angers SCO - AJ Auxerre (2-1) / 2012-13,239
2012-10-30T14:54:51Z,u20 Celtic v Dunfermline - 291012 - Stuart Findlay header,1571
2013-02-27T19:20:05Z,Great Chance Oliver Sorg and Jonathan Schmid SC Freiburg,6466
2013-07-21T19:39:09Z,SC gewinnt gegen Akhisar,7399
2012-09-30T22:00:12Z,AS Nancy Lorraine - Montpellier Hérault SC (0-2) - Highlights (ASNL - MHSC) / 2012-13,1892
2012-09-14T20:24:16Z,PSG TFC but lob PASTORE 14 09 2012,8012
2013-02-27T21:04:18Z,DFB-Pokal // FSV Mainz 05 vs. SC Freiburg 2:3 n.V.,12012
2013-04-19T02:41:38Z,Borussia Dortmund vs Málaga Champions League,731
2013-07-27T19:12:25Z,Torlose Generalprobe gegen Bilbao,9333
2012-08-11T20:33:30Z,Real Madrid vs Celtic Glasgow 2 0 All goals all highligth .,338
2012-09-27T10:02:57Z,Freiburg vs. Werder Bremen Tor Jonathan Schmid,7650
2013-07-17T18:03:25Z,Freiburgs &quot;Kulttrainer&quot; Streich will nicht kultig sein,834
2013-03-31T22:00:18Z,But Yannick SAGBO (68&#39;) - Evian TG FC - Stade de Reims (2-2) / 2012-13,1194
2013-07-19T09:55:40Z,Mit Hanke als Leitwolf: SC Freiburg überzeugt in Vorbereitung,1981
2012-09-29T18:51:19Z,SC Freiburg gegen Werder Bremen 26.09.12,146
2013-02-27T18:34:50Z,FSV Mainz 05 - SC Freiburg 2:3 DFB-Pokal 26.02.2013,87
2013-05-30T23:23:28Z,Max Kruse | SC Freiburg | Goals &amp; Assists 2012/2013 HD,29604
2012-09-07T18:55:44Z,BUT DE DIABY CONTRE LA FINLANDE !!!!!!!!!!!!!!!!!!!!!,1855
2013-03-16T11:47:18Z,L&#39;interview de Jonathan Schmid pour SRC-FANCLUB,10457
