publish_date,title,view_count
2013-01-24T13:51:14Z,Jimmy Roye,286
2013-03-09T23:00:19Z,Chamois Niortais - RC Lens (0-0) - Le résumé (NIORT - RCL) / 2012-13,1483
2013-05-18T22:00:11Z,Chamois Niortais - Nîmes Olympique (2-0) - Le résumé (NIORT - NIMES) / 2012-13,2100
2013-04-27T22:00:13Z,Chamois Niortais - FC Nantes (0-1) - Le résumé (NIORT - FCN) / 2012-13,6593
2012-11-04T00:08:50Z,Chamois Niortais - AS Monaco FC (1-1) - Le résumé (NIORT - ASM) / 2012-13,11104
2013-04-13T22:00:15Z,Chamois Niortais - Angers SCO (0-0) - Le résumé (NIORT - SCO) / 2012-13,1372
2013-04-06T22:00:13Z,AS Monaco FC - Chamois Niortais (1-1) - Le résumé (ASM - NIORT) / 2012-13,3929
2013-02-23T23:00:15Z,Chamois Niortais - Le Mans FC (2-3) - Le résumé (NIORT - LEMANS) / 2012-13,7307
2013-05-11T22:00:12Z,CS Sedan - Chamois Niortais (0-2) - Le résumé (CSSA - NIORT) / 2012-13,2201
2013-03-30T23:00:13Z,Chamois Niortais - GFC Ajaccio (2-1) - Le résumé (NIORT - GFCA) / 2012-13,2199
2013-01-26T23:00:13Z,Chamois Niortais - Stade Lavallois (0-0) - Le résumé (NIORT - LAVAL) / 2012-13,770
2013-03-02T23:00:14Z,Dijon FCO - Chamois Niortais (1-1) - Le résumé (DFCO - NIORT) / 2012-13,1797
2013-05-04T22:00:10Z,Chamois Niortais - AJ Auxerre (0-1) - Le résumé (NIORT - AJA) / 2012-13,2570
2012-12-22T23:15:16Z,Nîmes Olympique - Chamois Niortais (3-1) - Le résumé (NIMES - NIORT) / 2012-13,2312
2013-01-12T19:49:49Z,Chamois Niortais - Tours FC (3-1) - Le résumé (NIORT - TOURS) / 2012-13,1516
2012-10-20T22:00:12Z,Chamois Niortais - Havre AC (0-0) - Le résumé (NIORT - HAC) / 2012-13,1036
2013-03-17T14:47:44Z,Havre AC - Chamois Niortais (2-1) - Le résumé (HAC - NIORT) / 2012-13,2333
2013-01-19T23:00:13Z,SM Caen - Chamois Niortais (0-1) - Le résumé (SMC - NIORT) / 2012-13,2138
2013-04-06T17:49:00Z,Conférence de presse AS Monaco FC - Chamois Niortais (1-1) / 2012-13,61
2013-05-18T20:57:54Z,Conférence de presse Chamois Niortais - Nîmes Olympique (2-0) / 2012-13,102
2012-11-04T00:01:34Z,Conférence de presse Chamois Niortais - AS Monaco FC (1-1) / 2012-13,106
2013-02-23T18:31:42Z,Conférence de presse Chamois Niortais - Le Mans FC (2-3) / 2012-13,209
2013-03-02T18:39:19Z,Conférence de presse Dijon FCO - Chamois Niortais (1-1) / 2012-13,38
2013-01-19T18:20:45Z,Conférence de presse SM Caen - Chamois Niortais (0-1) / 2012-13,123
2013-03-30T18:43:21Z,Conférence de presse Chamois Niortais - GFC Ajaccio (2-1) / 2012-13,73
2013-07-01T21:40:49Z,Adhésion Unicamox 79   2013-2014,616
2012-12-19T00:10:32Z,Conférence de presse Chamois Niortais - CS Sedan (1-3) / 2012-13,112
2013-03-01T20:49:32Z,Desmond Branch- 11th grade PHX Arizona NUC- Overall MVP,537
2013-02-27T19:25:17Z,"Robert Acosta - 10th Grade Strongest Man, PHX, Arizona NUC",628
