publish_date,title,view_count
2012-11-24T23:00:16Z,Chamois Niortais - Châteauroux (2-2) - Le résumé (NIORT - LBC) / 2012-13,1217
2012-12-12T23:00:14Z,AJ Auxerre - Chamois Niortais (4-2) - Le résumé (AJA - NIORT) / 2012-13,8750
2013-04-27T22:00:13Z,Chamois Niortais - FC Nantes (0-1) - Le résumé (NIORT - FCN) / 2012-13,6593
2012-12-19T00:03:12Z,Chamois Niortais - CS Sedan (1-3) - Le résumé (NIORT - CSSA) / 2012-13,2115
2013-05-18T22:00:11Z,Chamois Niortais - Nîmes Olympique (2-0) - Le résumé (NIORT - NIMES) / 2012-13,2100
2013-02-23T23:00:15Z,Chamois Niortais - Le Mans FC (2-3) - Le résumé (NIORT - LEMANS) / 2012-13,7307
2013-02-16T23:00:14Z,AC Arles Avignon - Chamois Niortais (0-1) - Le résumé (ACA - NIORT) / 2012-13,1766
2012-12-01T23:00:17Z,FC Nantes - Chamois Niortais (0-0) - Le résumé (FCN - NIORT) / 2012-13,1738
2013-05-25T22:00:36Z,Clermont Foot - Chamois Niortais (1-1) - Le résumé (CFA - NIORT) / 2012-13,1784
2013-04-13T22:00:15Z,Chamois Niortais - Angers SCO (0-0) - Le résumé (NIORT - SCO) / 2012-13,1372
2012-11-25T07:46:30Z,but zlatanesque de quentin,885
2013-03-09T23:00:19Z,Chamois Niortais - RC Lens (0-0) - Le résumé (NIORT - RCL) / 2012-13,1483
2012-11-04T00:08:50Z,Chamois Niortais - AS Monaco FC (1-1) - Le résumé (NIORT - ASM) / 2012-13,11104
2013-01-26T23:00:13Z,Chamois Niortais - Stade Lavallois (0-0) - Le résumé (NIORT - LAVAL) / 2012-13,770
2013-02-09T23:00:29Z,Chamois Niortais - FC Istres (0-0) - Le résumé (NIORT - FCIOP) / 2012-13,862
2013-05-11T22:00:12Z,CS Sedan - Chamois Niortais (0-2) - Le résumé (CSSA - NIORT) / 2012-13,2201
2012-12-22T23:15:16Z,Nîmes Olympique - Chamois Niortais (3-1) - Le résumé (NIMES - NIORT) / 2012-13,2312
2013-05-04T22:00:10Z,Chamois Niortais - AJ Auxerre (0-1) - Le résumé (NIORT - AJA) / 2012-13,2570
2013-01-12T19:49:49Z,Chamois Niortais - Tours FC (3-1) - Le résumé (NIORT - TOURS) / 2012-13,1516
2013-03-30T23:00:13Z,Chamois Niortais - GFC Ajaccio (2-1) - Le résumé (NIORT - GFCA) / 2012-13,2199
2013-02-02T23:00:13Z,EA Guingamp - Chamois Niortais (4-3) - Le résumé (EAG - NIORT) / 2012-13,14868
2013-04-06T22:00:13Z,AS Monaco FC - Chamois Niortais (1-1) - Le résumé (ASM - NIORT) / 2012-13,3929
2012-10-20T22:00:12Z,Chamois Niortais - Havre AC (0-0) - Le résumé (NIORT - HAC) / 2012-13,1036
2012-11-10T23:00:16Z,Angers SCO - Chamois Niortais (0-0) - Le résumé (SCO - NIORT) / 2012-13,708
2013-01-19T23:00:13Z,SM Caen - Chamois Niortais (0-1) - Le résumé (SMC - NIORT) / 2012-13,2138
2013-03-02T23:00:14Z,Dijon FCO - Chamois Niortais (1-1) - Le résumé (DFCO - NIORT) / 2012-13,1797
2013-02-03T17:18:58Z,Résumé : EA Guingamp - Chamois Niortais (4-3).,133
2012-11-14T21:23:24Z,GFC Ajaccio - Chamois Niortais (2-2) - Le résumé (GFCA - NIORT) / 2012-13,1679
2013-03-17T14:47:44Z,Havre AC - Chamois Niortais (2-1) - Le résumé (HAC - NIORT) / 2012-13,2333
2012-10-27T22:00:12Z,GFC Ajaccio - Chamois Niortais (-) - Le résumé (GFCA - NIORT) / 2012-13,1997
2012-09-29T12:15:47Z,Niort-Dijon,168
2012-11-24T18:44:49Z,Conférence de presse Chamois Niortais - Châteauroux (2-2) / 2012-13,74
2012-08-29T04:45:03Z,Niort - Monaco Coupe de la Ligue,61
2013-02-02T18:08:03Z,Conférence de presse EA Guingamp - Chamois Niortais (4-3) / 2012-13,102
2012-09-29T14:19:09Z,Niort-Dijon Ola,259
2012-08-29T02:10:54Z,Niort-Monaco Coupe de la Ligue - Coup franc Niort,116
2012-09-29T12:12:19Z,Niort-Dijon,136
2012-08-29T05:17:59Z,Niort - Monaco Coupe de la Ligue,54
2012-08-29T03:57:57Z,Niort - Monaco Coupe de la Ligue - Action Chamois Simulation Diaw,506
2012-09-29T13:36:44Z,Niort-Dijon,439
2012-09-29T14:11:20Z,Niort-Dijon,290
2012-08-25T16:42:18Z,Niort-Guingamp corner visiteur contre attaque Durak,313
2013-01-10T10:26:27Z,Johan Gastien [Foot In Vidéo],531
2012-09-29T15:13:38Z,Niort-Dijon Fin de match,1468
2012-08-29T04:57:50Z,Niort - Monaco Coupe de la Ligue - Corner Chamois occasion,74
2012-09-29T12:08:57Z,Chant Niort-Dijon,694
2012-09-29T12:43:01Z,Niort-Dijon,661
2013-01-27T23:00:54Z,ESTAC Troyes - Stade Brestois 29 (2-1) - Highlights (ESTAC - SB29) / 2012-13,522
2012-10-29T16:39:03Z,Feyenoord   020 legioenzaal 28 10 12,9118
2012-09-25T21:03:02Z,Tous les buts de Rennes vs Nancy 25/09/2012,1015
