publish_date,title,view_count
2012-10-11T20:16:24Z,3e mi temps Fabien Boyer,835
2013-02-12T11:00:48Z,Angers SCO - RC Lens (3-2) - Le résumé (SCO - RCL) / 2012-13,18722
2013-01-12T19:54:44Z,Angers SCO - Clermont Foot (1-2) - Le résumé (SCO - CFA) / 2012-13,2175
2013-03-17T14:49:50Z,AS Monaco FC - Angers SCO (2-2) - Le résumé (ASM - SCO) / 2012-13,4613
2012-12-22T23:22:32Z,Tours FC - Angers SCO (1-2) - Le résumé (TOURS - SCO) / 2012-13,3313
2013-01-26T23:00:13Z,Angers SCO - AC Arles Avignon (2-0) - Le résumé (SCO - ACA) / 2012-13,2350
2012-12-15T23:00:13Z,Angers SCO - AJ Auxerre (2-1) - Le résumé (SCO - AJA) / 2012-13,3652
2012-10-20T22:00:12Z,Angers SCO - AS Monaco FC (1-2) - Le résumé (SCO - ASM) / 2012-13,7627
2012-11-15T01:09:10Z,Fabien Vorbe - FC Edmonton,1815
2013-03-09T23:00:20Z,Angers SCO - Dijon FCO (3-3) - Le résumé (SCO - DFCO) / 2012-13,7109
2013-03-02T23:00:14Z,Le Mans FC - Angers SCO (0-2) - Le résumé (LEMANS - SCO) / 2012-13,6795
2013-02-23T23:00:14Z,Angers SCO - GFC Ajaccio (1-0) - Le résumé (SCO - GFCA) / 2012-13,3808
2013-02-02T23:00:13Z,FC Istres - Angers SCO (0-0) - Le résumé (FCIOP - SCO) / 2012-13,1691
2012-10-20T22:35:45Z,Conférence de presse Angers SCO - AS Monaco FC (1-2) / 2012-13,303
2013-02-12T00:00:26Z,Conférence de presse Angers SCO - RC Lens (3-2) / 2012-13,1185
2012-08-09T14:32:21Z,Moulin avant Guingamp,298
2013-02-09T22:00:55Z,"William Gros Goal, Kilmarnock 2-0 Motherwell, 09/02/2013",2786
2012-09-11T22:25:36Z,Fabien Vorbe - Furman University,143
2013-05-08T20:17:45Z,KV Kortrijk // KVK-TV: Bedankt reds army! 2012-2013,1203
2013-05-17T02:54:04Z,Peterson Joseph vs New York Red Bulls (Away Game),284
2013-01-15T23:02:43Z,Edmonton Rovers v. F.C. Alpha (13.1.13),757
2013-02-11T02:55:14Z,05 JET MADA,248
2012-09-17T19:01:19Z,Cédric Daury avant Sco le Havre,175
2012-08-10T21:46:39Z,Claudiu Keserü,472
2012-09-23T08:51:22Z,"Eloi Wagneau dans Quand on aime le foot, on parle foot",1127
