published-time,comment,likes
2013-03-12T10:26:30Z,Bonne résumé mais j'aurais aimé voir les occasions avec des vrais ralentis sinon match pas mal c'est la grave Lens ça arrive !!!!,0
2013-07-21T11:07:03Z,allez les Chamois !!!!!!!!,0
2013-05-23T11:08:51Z,Merci pour cette belle saison malgré la défaite !,0
2013-05-20T15:19:47Z,Bien joué les Chamois,0
2013-05-03T18:22:12Z,NANTES EN LIGUE 1 BORDEL !!!!!!!!,0
2013-05-03T15:41:28Z,Allez le SCO,1
2013-04-30T12:49:48Z,On a eu chaud quand meme en 1ere période. ,0
2013-04-30T09:16:33Z,Pourquoi dans ces vidéos à la fin le commentateur ne parle plus mais on montre pendant 1 minute les joueurs ?????????????????????????????,0
2013-04-30T09:13:04Z,Mois je vois monaco nantes et nîmes qui montent !,0
2013-04-28T16:05:50Z,Allez nantes on ira en L1,0
2013-04-28T13:56:15Z,"2 matchs à gagner et on sera en l1 ^^
Si les joueurs sont concentrés sa va le faire, surtout ki nous reste clermont, sedan et istres, c'est largement possible ( ;
Y a que caen ki peut nous empécher d'aller en l1 !!!",0
2012-11-10T12:02:49Z,"Ahah sa fait plaisir de voir un message encourageant d'un supporter parisien ;-) 
",0
2012-11-08T01:48:55Z,Allez Niort ;),0
2012-11-04T22:24:03Z,Dur dur le commentateur...,1
2012-11-04T20:42:49Z,Et en plus Touré est sénégalais et non Ivoirien 4:13,0
2012-11-04T04:39:56Z,"La preuve que le commentateur ne connait pas Dirar, il le cite tout le temps et le remplace par d'autres joueurs ... 1:47 c'est Dingome et Poulsen à 3:32 et non Dirar
",0
2013-05-18T10:14:27Z,Enfin la ligue 1 pour Monaco,0
2013-04-10T08:52:57Z,anti niortais,0
2013-04-10T08:52:42Z,"monaco4ever
",0
2013-04-06T22:07:23Z,ALLEZ Monaco ,0
2013-05-08T16:08:37Z,"aller les sang et or
sang et or suporters a lavie a la mort 
",2
2013-03-09T18:33:19Z,il y a que le mans dans mon coeur qui bat il y a que le mans toujours il restera,1
2013-03-03T13:31:00Z,beau match !,1
2013-03-02T14:43:30Z,"Pour une fois que Le Mans FC gagne ! 
Perdre contre une equipe de National LA HONTE ! 
Fin bref on les soutients 
SANG ET OR !
",2
2013-03-02T14:05:59Z,Tu la dit quel arbitre pourri,2
2013-03-01T19:03:43Z,Sang et Or !!!!!,2
2013-05-11T23:11:35Z,Merci c vraiment cool !,0
2013-04-01T13:42:49Z,"moi je suis pour le avre
",0
2013-05-05T18:25:50Z,j'etai ramasseur de ball =) et malheureuse esayildi ne pas pas donner son maillot comme prevus ...,0
2013-01-01T17:57:59Z,"Je suis un fan d'Avignon
",0
2012-12-26T16:03:24Z,ALLEZ NIMES !!!!!!!!!!,0
2013-01-12T21:42:06Z,je crois rever là c'est toi qui dit ça mais mdr !!!!,0
2013-03-18T19:20:51Z,Juste le coup franc de Mesloub .. :),0
2013-03-18T00:45:45Z,beau spectacle!!! :),0
2013-01-19T23:41:31Z,Oh :-O ! la surprise de Niort !!! bien joué a eux,0
