published-time,comment,likes
2012-10-18T19:19:24Z,Du talent !,0
2013-07-03T10:40:39Z,Grosse faute sur le dernier but !!!!,1
2013-05-16T18:19:43Z,allez le rc Lens,1
2013-03-01T18:20:57Z,Match dans la légende du SCO. Marquer deux buts dans les arrêts de jeu à 10.,4
2013-02-17T21:03:55Z,Mérité ouai,2
2013-02-13T16:21:44Z,Y a pas faute sur le dernier but ?? WTF O_o,1
2013-02-12T19:16:17Z,"les belles actions et les buts sont plus beau pour lens mais le match était à l'avantage du sco donc résultat assez logique quand même.
Allez le sco quand même !!!!!",2
2013-02-12T17:09:04Z,"Sous Sikora, on a appris à jouer, il va maintenant falloir apprendre à tenir un résultat. Encore une défaite, celle de trop pour espérer prétendre à la montée.

Bravo aux joueurs d'Angers qui n'ont rien laché et qui se sont battus jusqu'au bout !",2
2013-02-12T13:48:15Z,N'Diaye a fait plus d'arrêts que Riou ...,1
2013-02-12T13:39:03Z,Le match est voler,1
2013-02-12T12:24:02Z,"il est ou le commentateur 
",1
2013-02-12T11:39:34Z,Ce 3ème but digne d'une équipe de poussin <3,5
2013-02-03T13:09:13Z,"Vive Angers quand Meme !
",0
2013-01-16T14:54:12Z,aller clermont^^,0
2013-01-15T21:27:48Z,"Clermont c'est les meilleurs et puis c'est tout, qu'ils jouent en rose ou rouge, c'est les meilleurs ;)

",0
2013-01-12T23:44:06Z,T'as le seum parce que l'équipe de tours c'est de la merde ;) ,0
2013-01-04T10:22:09Z,"Ouais mais c est limite
",0
2012-12-29T12:04:41Z,"Ah je vois ce que tu veux dire, mais il ne peut pas car il était derriere le passeur !",0
2012-12-29T12:03:10Z,Un passeur ne peut pas être hors-jeu .,0
2012-12-24T11:09:01Z,"Le passeur et hors jeu
",0
2013-02-03T13:11:11Z,"Allez Angers.
",1
2013-02-03T13:11:00Z,On méritez Mieux.,1
2013-04-26T08:48:14Z,Aller SCO,0
2013-03-16T11:41:33Z,Dijon 3,0
2013-04-28T13:08:05Z,Angers soon Ligue 1 ;),1
2013-03-05T00:05:04Z,"jai regarder dans le stade sco avait bcp chance et merci arbitre qui exclu le manceau 
je suis arbitre aussi mais  cet arbitre javais la honte piur lui",1
2013-03-03T20:41:30Z,Bravo le SCO,1
2013-03-01T14:12:07Z,@Vod Plyeur Tu serai pas parsiens par hasard ? Après toi jte critique pas sur tes équipe que tu supporte alors la tête de con.,0
2013-03-01T14:10:09Z,"J'ai le droit de supporter une équipe qui est en ligue 2 car c'est ma ville natale, donc allez le SCO d'angers et allez l'OM",0
2013-03-01T13:36:18Z,Soit tes pour L'om sois pour angers tete de con va,0
2013-02-28T15:48:26Z,Le SCO et l'équipe que je supporte en ligue 2 mais sinon jsuis un fervent supporter de l'OM,0
2013-02-24T10:52:55Z,Allez le SCO,0
2013-02-13T11:44:06Z,Merci le sco pour nous faire vibrez de match en match ! <3,0
