publish_date,title,view_count
2013-05-04T22:00:10Z,Dijon FCO - CS Sedan (4-2) - Le résumé (DFCO - CSSA) / 2012-13,5786
2013-05-11T22:00:11Z,FC Istres - Dijon FCO (2-3) - Le résumé (FCIOP - DFCO) / 2012-13,2777
2013-01-12T19:54:44Z,Dijon FCO - Le Mans FC (3-0) - Le résumé (DFCO - LEMANS) / 2012-13,3850
2012-12-15T23:00:13Z,Dijon FCO - FC Istres (3-1) - Le résumé (DFCO - FCIOP) / 2012-13,2353
2013-04-20T22:00:15Z,Dijon FCO - Stade Lavallois (1-0) - Le résumé (DFCO - LAVAL) / 2012-13,1987
2013-03-19T11:01:19Z,Dijon FCO - FC Nantes (3-1) - Le résumé (DFCO - FCN) / 2012-13,11282
2013-03-03T23:00:22Z,Goal Florent ZITTE (40&#39;) - FC Sochaux-Montbéliard - AS Nancy-Lorraine (1-2) / 2012-13,537
2013-04-06T22:00:13Z,Dijon FCO - Châteauroux (1-1) - Le résumé (DFCO - LBC) / 2012-13,1835
2013-05-18T22:00:11Z,Dijon FCO - AC Arles Avignon (2-3) - Le résumé (DFCO - ACA) / 2012-13,3417
2013-02-19T02:55:27Z,CS Sedan - Dijon FCO (0-1) - Le résumé (CSSA - DFCO) / 2012-13,881
2013-02-19T11:00:50Z,Dijon FCO - AS Monaco FC (0-2) - Le résumé (DFCO - ASM) / 2012-13,8383
2013-01-29T11:01:43Z,Dijon FCO - RC Lens (2-1) - Le résumé (DFCO - RCL) / 2012-13,4967
2012-11-03T23:58:17Z,Châteauroux - Dijon FCO (2-2) - Le résumé (LBC - DFCO) / 2012-13,2122
2013-03-02T23:00:14Z,Dijon FCO - Chamois Niortais (1-1) - Le résumé (DFCO - NIORT) / 2012-13,1797
2013-03-09T23:00:20Z,Angers SCO - Dijon FCO (3-3) - Le résumé (SCO - DFCO) / 2012-13,7109
2012-11-24T23:00:15Z,Stade Lavallois - Dijon FCO (3-0) - Le résumé (LAVAL - DFCO) / 2012-13,2666
2013-02-02T23:00:13Z,Havre AC - Dijon FCO (3-0) - Le résumé (HAC - DFCO) / 2012-13,3899
2012-10-27T22:00:12Z,Dijon FCO - AJ Auxerre (0-1) - Le résumé (DFCO - AJA) / 2012-13,3859
2012-11-10T23:00:16Z,Dijon FCO - Nîmes Olympique (2-1) - Le résumé (DFCO - NIMES) / 2012-13,1450
2012-12-01T23:00:32Z,Dijon FCO - SM Caen (1-0) - Le résumé (DFCO - SMC) / 2012-13,3400
2013-02-09T23:00:28Z,GFC Ajaccio - Dijon FCO (0-2) - Le résumé (GFCA - DFCO) / 2012-13,2068
2013-05-25T22:00:36Z,EA Guingamp - Dijon FCO (2-0) - Le résumé (EAG - DFCO) / 2012-13,24486
2013-01-19T23:00:13Z,Tours FC - Dijon FCO (3-1) - Le résumé (TOURS - DFCO) / 2012-13,3416
2013-05-18T20:57:34Z,Conférence de presse Dijon FCO - AC Arles Avignon (2-3) / 2012-13,165
2013-03-09T18:33:03Z,Conférence de presse Angers SCO - Dijon FCO (3-3) / 2012-13,125
2013-01-12T19:36:01Z,Conférence de presse Dijon FCO - Le Mans FC (3-0) / 2012-13,191
2013-05-04T17:24:49Z,Conférence de presse Dijon FCO - CS Sedan (4-2) / 2012-13,75
2012-08-19T18:43:00Z,Florent Perraud,285
2012-10-04T13:14:21Z,Schalke 2 2 Montpellier first goal,562
2012-10-03T19:55:34Z,Goal Huntelaar Montpellier Schalke,84
2012-10-04T13:14:29Z,Schalke 2 2 Montpellier last goal,3166
2012-09-02T22:00:36Z,Goal Geoffrey DERNIS (90&#39; +4) - Stade Brestois 29 - ESTAC Troyes (2-1) / 2012-13,448
2012-11-19T22:29:33Z,Istres - Olympique Marseille 1-2  French Cup 1992 1/16 final,1253
2012-09-04T15:05:05Z,Foot : 1ère victoire de la saison pour Montpellier,45
2012-11-20T20:18:11Z,lyon reims 13journée2012 1er but,147
2012-09-30T22:00:10Z,But Souleymane CAMARA (90&#39;) - AS Nancy Lorraine - Montpellier Hérault SC (0-2) / 2012-13,1166
2012-09-29T21:38:04Z,2012/09/18 - Champion&#39;s League - MHSC-ARSENAL part 01/02,391
2012-10-24T23:30:24Z,Nice - Strasbourg : 6 - 0 des barrages 1989 HD PART 2,7161
2012-11-14T03:23:42Z,"Point presse des supporters du MHSC suite aux violences subies en Grèce, Acte 4",731
2012-11-28T23:00:11Z,Montpellier Hérault SC - OGC Nice (3-2) - Le résumé (MHSC - OGCN) / 2012-13,12776
