publish_date,title,view_count
2013-05-04T22:00:10Z,GFC Ajaccio - Le Mans FC (1-3) - Le résumé (GFCA - LEMANS) / 2012-13,6461
2013-05-25T22:00:36Z,SM Caen - GFC Ajaccio (2-1) - Le résumé (SMC - GFCA) / 2012-13,5783
2012-12-22T23:14:43Z,EA Guingamp - GFC Ajaccio (0-0) - Le résumé (EAG - GFCA) / 2012-13,1245
2013-05-18T22:00:11Z,GFC Ajaccio - EA Guingamp (0-1) - Le résumé (GFCA - EAG) / 2012-13,6448
2013-04-20T22:00:15Z,GFC Ajaccio - Tours FC (0-1) - Le résumé (GFCA - TOURS) / 2012-13,1840
2013-04-27T22:00:13Z,Clermont Foot - GFC Ajaccio (0-2) - Le résumé (CFA - GFCA) / 2012-13,3438
2013-05-11T22:00:12Z,Stade Lavallois - GFC Ajaccio (1-2) - Le résumé (LAVAL - GFCA) / 2012-13,2263
2013-05-04T17:27:03Z,Conférence de presse GFC Ajaccio - Le Mans FC (1-3) / 2012-13,325
2013-05-25T12:53:57Z,Conférence de presse SM Caen - GFC Ajaccio (2-1) / 2012-13,149
