published-time,comment,likes
2013-05-05T17:11:12Z,FIRST !!!,1
2013-06-13T12:51:37Z,"2-1, le score aura dû être de 5-2 au moins c'est juste que les gardiens ont été bons et les joueurs nul !
",0
2013-05-26T10:10:36Z,Le goal du gazelec est super bon,0
2013-05-26T07:59:06Z,C t trop bien j y est ete avec le feu d artifice et orelsan,0
2013-05-25T06:31:39Z,"c est parti pour une nouvelle saison de feu
",3
2013-05-19T09:59:36Z,bien jouer guingamp :) allez Nantes,4
2013-04-28T10:41:45Z,"Sur le corner clermont réussit à s'en prendre 1 alors qu'ils sont que 2 attaquants dans la surface, c'est chaud...",0
2013-04-27T22:14:50Z,Gfca !!!,0
2013-05-12T15:35:45Z,Mdr Ajaccio bien que condamné gagné quand même,0
2013-05-26T12:33:25Z,Dommage pr Caen sérieux.. et la suite de la conference? mdrr ^^,0
