publish_date,title,view_count
2013-05-02T19:50:41Z,Le point presse d&#39;Eric Sikora et de Nicolas Saint-Ruf avant Tours,444
2013-04-27T22:00:13Z,Stade Lavallois - RC Lens (1-1) - Le résumé (LAVAL - RCL) / 2012-13,2853
2013-05-18T22:00:11Z,RC Lens - FC Istres (1-1) - Le résumé (RCL - FCIOP) / 2012-13,3290
2013-05-11T22:00:12Z,EA Guingamp - RC Lens (7-0) - Le résumé (EAG - RCL) / 2012-13,88180
2013-04-27T18:17:21Z,Conférence de presse Stade Lavallois - RC Lens (1-1) / 2012-13,112
2013-05-04T22:00:10Z,RC Lens - Tours FC (0-0) - Le résumé (RCL - TOURS) / 2012-13,2172
2013-05-11T16:59:27Z,Conférence de presse EA Guingamp - RC Lens (7-0) / 2012-13,1473
2012-11-27T18:10:45Z,Tony Vairelles 2001-2002 saison Sporting Club de Bastia,1248
2013-07-27T19:04:42Z,Réactions de Kombouaré et ses joueurs après Lens-Charleroi,3750
