published-time,comment,likes
2013-04-11T13:25:10Z,Il branle quoi le cameraman à 1:40,0
2013-01-19T23:31:58Z,Excellent Nimes .O !!!! :D,1
2013-01-14T19:50:20Z,"ALLEZ NIMES !!!
",1
2013-01-13T14:02:14Z,J'espere que ce match fut une erreur...,1
2013-01-12T21:57:18Z,Madouni a vraiment été mauvais hier soir :/ Mettre gabi à gauche au lieu de le mettre dans l'axe :/,1
2013-01-26T23:17:32Z,Nîmes fait une saison terrible !!! (Y) ,0
2013-03-22T22:58:28Z,On fait pitié (manceau),1
2013-03-18T20:43:18Z,"Jannot peut absolument rien faire !
",1
2013-03-18T17:32:40Z,"on est vraiment pourri (manceau qui parle)

",1
2013-03-18T00:49:35Z,Une demonstration des Nîmois !!! Superbe =),1
2013-03-17T21:30:44Z,Avant les vidéos j'adorais Casillas mais maintenant je dis juste LA FERME !,1
2013-03-05T13:20:04Z,bordel le but de giresse est magnifique,3
2013-03-03T08:28:45Z,Allez Guingamp !,2
2013-03-03T00:26:00Z,Le gardien Nimois c'est Cyril Mervile pas Ludovic Butelle. --',4
2012-12-24T20:27:37Z,Il a zlatanisé le gardien. ,0
2012-12-24T11:39:30Z,"but silima tah el hayte.....
",0
2013-05-03T11:11:46Z,hhhhhhhhhhhhhhhhhhhhhhhhhhh chawchiii hhhhhhhhhhhhhhhhhhhhhhhhhhhhhhh vive zima vive usma ,0
2013-07-21T13:51:20Z,"Back to Canada of course We miss him!
Grammy
",0
2013-07-19T19:05:39Z,Can't wait to see where Aidan travels to next...any suggestions from his fans out there?,0
2013-07-12T13:02:15Z,"Hi Aidan
Grampy and I love the video I can't believe how much you've grown and I love your hair braided! What fun to see you in so many places.
Talk soon. Love you
",0
2012-12-07T13:16:34Z,,0
