publish_date,title,view_count
2013-05-04T22:00:10Z,Châteauroux - Nîmes Olympique (2-1) - Le résumé (LBC - NIMES) / 2012-13,2027
2013-04-02T18:31:26Z,Croco Hebdo du 02 avril 2013,309
2013-02-09T23:00:28Z,Nîmes Olympique - Stade Lavallois (3-0) - Le résumé (NIMES - LAVAL) / 2012-13,2222
2013-05-25T22:00:36Z,Nîmes Olympique - AJ Auxerre (4-2) - Le résumé (NIMES - AJA) / 2012-13,3472
2013-04-21T18:17:53Z,RC Lens - Nîmes Olympique (1-2) - Le résumé (RCL - NIMES) / 2012-13,4631
2013-02-16T23:00:14Z,GFC Ajaccio - Nîmes Olympique (2-3) - Le résumé (GFCA - NIMES) / 2012-13,2627
2013-04-27T22:00:13Z,Nîmes Olympique - Angers SCO (3-0) - Le résumé (NIMES - SCO) / 2012-13,3982
2013-05-25T12:54:48Z,Conférence de presse Nîmes Olympique - AJ Auxerre (4-2) / 2012-13,193
2013-03-09T23:00:19Z,Chamois Niortais - RC Lens (0-0) - Le résumé (NIORT - RCL) / 2012-13,1483
2013-02-09T12:28:48Z,"Cup Winners Cup 1996-1997, Round of 32 (1st leg): Nimes - Honved 3-1 (Meilhac goal)",42
