publish_date,title,view_count
2012-09-25T18:24:13Z,Croco Hebdo du 25 septembre 2012,304
2013-04-06T22:00:13Z,AC Arles Avignon - Nîmes Olympique (1-1) - Le résumé (ACA - NIMES) / 2012-13,3352
2013-04-23T16:39:43Z,Croco Hebdo du 23 avril 2013,975
2013-04-13T22:00:15Z,Nîmes Olympique - Dijon FCO (1-1) - Le résumé (NIMES - DFCO) / 2012-13,1260
2013-01-19T23:00:13Z,Nîmes Olympique - Clermont Foot (3-0) - Le résumé (NIMES - CFA) / 2012-13,1412
2013-01-12T19:38:21Z,FC Nantes - Nîmes Olympique (1-2) - Le résumé (FCN - NIMES) / 2012-13,4687
2013-01-26T23:00:13Z,Nîmes Olympique - CS Sedan (2-1) - Le résumé (NIMES - CSSA) / 2012-13,1788
2013-03-17T14:47:37Z,Le Mans FC - Nîmes Olympique (0-3) - Le résumé (LEMANS - NIMES) / 2012-13,2286
2013-03-02T23:00:15Z,EA Guingamp - Nîmes Olympique (3-0) - Le résumé (EAG - NIMES) / 2012-13,8150
2012-12-23T05:13:14Z,Sélection du but de la semaine par DZFOOT : [Journée 15],6216
2013-05-01T18:11:41Z,Mca 0 vs 1 usma le but de ben moussa,742
2013-05-01T09:59:29Z,Usma Vs Mco,578
2013-07-11T18:31:49Z,Canada&#39;s got a 5 year Old Soccer Talent PART VIII - When In Sri Lanka...,775
2012-11-04T18:44:17Z,Victoire OL vs BASTIA 5 - 2 \o/,70
2012-11-17T11:39:38Z,équipe national algerienne 2012 2013 2014 face book,9286
