published-time,comment,likes
2013-01-01T17:57:59Z,"Je suis un fan d'Avignon
",0
2012-12-26T16:03:24Z,ALLEZ NIMES !!!!!!!!!!,0
2013-06-12T10:30:56Z,Bouby !,0
2013-06-12T10:27:06Z,GO NO,0
2013-06-02T13:50:26Z,all-in for Bouby !,0
2013-01-09T18:15:13Z,"vive la Racing tous se qui dise le contrais il aurons dans les fesse a la fin de la saison aller lensois
",1
2012-11-27T22:11:07Z,"ouais enfin faut pas rêver votre entraineur il se chiait de venir a Nîmes, pour un promu, avec un centre de formation nouvellement homologué, des finances au ras des pâquerettes, un président un peu à la masse malgré les sacrifices concédés. L'ARGENT TJR L'ARGENT A CROIRE QUE LE FOOT POPULAIRE EST MORT;
NON AU MATCH A 18H45",0
2012-11-25T19:26:19Z,FORZA S&O !!!! GLOIRE AU RACING !!!,1
2012-11-25T14:29:16Z,"et y sont là, et y sont là, et y sont là les sang et or!!!!! c(est bon de gagner quand meme !!! :-) Vive le racing
",1
2012-11-25T11:17:07Z,Et un but refusé de David Pollet aussi,1
2012-11-25T06:32:00Z,S'aurait pur faire 4/1 si pollet l'aurai pas mis sur la transversale et si le but de lemoigne n’étais pas hors jeu ( il n'est pas dans se résumer le but d'hors jeu de lemoigne,1
2012-11-25T06:28:05Z,"Rcl
",1
2012-11-24T23:21:12Z,Racing Club de Lens ♥♥♥,1
2012-12-14T16:23:02Z,@frederic edon tu as tout dis et tu as entièrement raison,0
2012-12-13T20:06:29Z,franchement Mr Ranieri vois toute a fais la situation il a raison en tout point maintenant I want to win !!! mais toute l'equipe doivent le faire et mette une branlé a Nimes j'ai rien contre Nimes mais pour montré a tout le monde que Monaco se crois pas en L1 il faut mettre une branlé a Nimes dominé de la 1er a la 95eme minute mettre plus de 2 but et la je pense qu'il seront pardonné au pres de  nous supportaire qui contre caen a vu un Monaco ...... meme pas digne de joué contre des amateurs ,0
2012-12-13T18:56:19Z,"I want to win !
Ca fait une belle fin de vidéo :)",0
2013-06-11T16:08:58Z,Le match a ete jouer a huit clos,0
2013-05-14T12:46:26Z,Bravo Merville !!! ,0
2013-05-14T00:53:51Z,un club sans ame monaco,0
2013-05-12T23:21:46Z,Mdr,0
2013-05-12T23:19:55Z,Messi et ronaldo aussi,0
2013-05-11T22:21:00Z,Falcao a signer,0
