publish_date,title,view_count
2012-12-22T00:07:14Z,J19 Conférence de Renaud RIPART et Vincent GRAGNIC,1122
2012-09-25T18:24:13Z,Croco Hebdo du 25 septembre 2012,304
2013-04-23T16:39:43Z,Croco Hebdo du 23 avril 2013,975
2012-12-22T23:15:16Z,Nîmes Olympique - Chamois Niortais (3-1) - Le résumé (NIMES - NIORT) / 2012-13,2312
2012-12-21T10:04:41Z,avant Nîmes - Niort du 21 12 2012,35
2012-12-22T23:18:55Z,Conférence de presse Nîmes Olympique - Chamois Niortais (3-1) / 2012-13,124
2013-05-25T22:00:36Z,Nîmes Olympique - AJ Auxerre (4-2) - Le résumé (NIMES - AJA) / 2012-13,3472
2012-12-20T08:44:57Z,Croco Hebdo du 18 décembre 2012.,258
2012-12-22T08:15:44Z,J19 Les buts de la rencontre (Nîmes/Niort),2828
2012-12-22T18:09:15Z,TOP BUTS des Crocos,1721
2013-05-16T16:56:49Z,Nîmes - OM 2012/2013 partie 1,272
2012-08-31T21:33:16Z,J06 Résumé Laval / Nîmes (0-1),4201
2012-11-24T23:00:16Z,Nîmes Olympique - RC Lens (1-2) - Le résumé (NIMES - RCL) / 2012-13,3710
2012-12-12T23:00:14Z,Nîmes Olympique - Châteauroux (2-0) - Le résumé (NIMES - LBC) / 2012-13,1065
2012-12-13T15:55:09Z,"(J18) ASM FC - Nîmes Olympique, le point presse",471
2012-12-15T23:00:13Z,AS Monaco FC - Nîmes Olympique (1-1) - Le résumé (ASM - NIMES) / 2012-13,4100
2013-05-11T22:00:12Z,Nîmes Olympique - AS Monaco FC (0-1) - Le résumé (NIMES - ASM) / 2012-13,14530
2012-11-30T19:56:17Z,Réaction Angers SCO - NÎMES OLYMPIQUE,39
2013-04-27T15:27:01Z,"David Beckham au stade de l&#39;Aube, à Troyes",726
2012-12-12T23:09:58Z,Conférence de presse Nîmes Olympique - Châteauroux (2-0) / 2012-13,50
2013-03-31T22:00:24Z,Goal Florian RASPENTINO (10&#39;) - Stade Brestois 29 - LOSC Lille (1-2) / 2012-13,311
