published-time,comment,likes
2013-06-12T10:30:56Z,Bouby !,0
2013-06-12T10:27:06Z,GO NO,0
2013-06-02T13:50:26Z,all-in for Bouby !,0
2013-04-22T15:17:29Z,Viva Gragnic !,0
2013-04-22T15:15:32Z,"GO NO
",0
2013-05-14T19:40:55Z,Aller Nîmes !!,0
2013-05-03T15:27:55Z,Allez le SCO,0
2013-04-28T15:12:06Z,FC Nantes 3,0
2013-04-28T12:52:06Z,Allez le N.O !,0
2013-03-12T10:26:30Z,Bonne résumé mais j'aurais aimé voir les occasions avec des vrais ralentis sinon match pas mal c'est la grave Lens ça arrive !!!!,0
