published-time,comment,likes
2013-07-24T22:38:53Z,"nice one .........
",0
2012-10-26T17:06:49Z,"Il faut partir, il faut partir, il est partiiiii!",0
2013-05-31T00:39:24Z,"match yango kutu lokola Rdc vs Benin po na biso na bango ba noirs na ba noirs 
",1
2013-05-30T23:37:23Z,"Beau gabarit de ces joueurs exceptés des gars comme Hervé Ndonga qui n'a pas encore sa place dans cette sélection. Il leur a manqué de la créativité au milieu et devant. Belle prestation, mais difficile de gagner dans un contexte où des gens méritants sont écartés.",0
