publish_date,title,view_count
2012-09-06T13:01:24Z,Etanda Nkololo,194
2012-10-09T13:11:53Z,Etanda Nkololo,235
2013-04-05T18:06:54Z,Etanda NKOLOLO,574
2012-09-19T02:36:37Z,Etanda Nkololo,297
2012-12-04T19:43:16Z,Etanda Nkololo,1044
2012-09-06T12:28:29Z,Etanda Nkololo,362
2012-09-06T12:53:10Z,Etanda Nkololo,390
2012-10-26T15:23:22Z,Eliminatoires CAN Juniors 2013 RD Congo - Cameroun : 4-1,3216
2012-10-07T01:13:56Z,Tribpreps postgame with Isaac Valles,231
2013-07-10T13:03:59Z,Interview après Boussu-Dour,1012
2013-04-28T14:43:52Z,Dieumerci NDONGALA vs Patro Eisden Maasmechelen,1370
2012-11-26T11:08:49Z,John TSHIBUMBU,1114
2012-10-09T11:44:57Z,Rencontre avec Distel Zola après le Hac vs Auxerre du 05.12.2012,1774
2013-05-30T22:54:34Z,extrait ( RDC vs France  U 21 ) 0-1,1551
2013-03-15T11:32:34Z,"Oualembo Christopher dans Quand on aime le foot, On parle foot 12/03/2013 S02",665
2013-01-02T15:47:26Z,CAN 2013 - RD Congo - Tunisie : 4-1 (Résumé),1710
