published-time,comment,likes
2013-05-25T07:43:12Z,"Non je sais bien mais il avait écrit Khilfa ^^
très bon joueur sinon",0
2013-05-25T00:27:11Z,un joueur tunisien du espiranse sportive !!!,0
2013-05-21T21:47:57Z,"that's right, nobody can believe about this quickly. i can tell you one thing, it's way easier than i thought do a few surveys and boom a few $100 extra in your bank every week. you can get it from here: bit.ly/10jEzrH?=moqrk",0
2013-05-20T15:40:29Z,Croix de Savoie <3,0
2013-05-20T10:50:56Z,"bravooooooooooooooooooooooooooooooooo saber khlifa !!!!!
",0
2013-05-20T08:09:38Z,+1,0
2013-05-19T17:12:00Z,"Saber khlifa, meilleur buteur de la yaute inculte !",0
2013-05-19T16:20:39Z,Khilfa ?? c'est qui ??,0
2013-05-19T15:43:33Z,Saber Khilfa <3,0
2013-05-19T12:28:24Z,"ON EST PAS EVIAN !!!!!!
Et Pascal Dupraz sans le Z sa serait mieux
C'est pas possible tout ces monchus qui prononcent les Z",0
2013-05-19T10:56:44Z,KHLIFA KHLIFA KHLIFA,0
2013-05-19T10:15:05Z,Khilfa super-héros des savoyards !!!!,0
2013-05-19T10:12:13Z,EHREEEEEEEEEEEET ! ♥,1
2013-05-19T09:48:24Z,KHLIFAAAAAAAAAAAAA,0
2013-05-19T08:47:38Z,VIVE LES CROIX DE SAVOIE,0
2013-05-19T08:38:04Z,KHELIFA,0
2013-05-19T08:13:42Z,<3 saber khlifa <3,0
2013-05-19T07:39:08Z,Oh merde le 1er but est magnifique,0
2013-05-19T06:17:30Z,saber khlifa quel joueur,0
2013-05-19T04:48:03Z,"quel saber ....vraiment sans commentaire pour ce Tunisien o_O bravoO
",0
2013-05-19T03:46:46Z,"KHLIFA <3
",0
2012-12-12T16:41:15Z,"moi chuis a fond pour dijon mais la javou que les nantais ont etes plus fort
",1
2012-12-10T22:12:57Z,Le tacle de Bamba est inadmissible !,0
2012-12-03T21:12:28Z,Nantes va allez en Ligue 1 ( De la part D'un Supporters Marseillais ),1
2012-11-01T23:17:20Z,Allez NANTES!! <3 Direction la ligue1!!,1
2012-11-01T20:48:48Z,Allez les jaunes!!!!!,1
2012-10-23T13:46:06Z,Vive Nantes !!!,1
2013-05-10T17:04:42Z,shit ref,0
2013-05-10T11:52:33Z,That ref needs to get laid.,0
2013-05-06T22:18:13Z,"I know Ibra didn't score, but you could've shown the brilliant chances he made.",0
2013-05-06T11:04:31Z,Like always in this fucking Ligue 1.,0
2013-05-06T10:01:38Z,The ref is a fucking disgrace!,0
2013-05-06T06:52:46Z,French refs,0
2013-06-11T20:14:24Z,And last,0
2013-01-21T13:24:31Z,Welcome to tranmere rovers,0
2013-07-12T11:56:24Z,c'est douchez,1
2013-07-06T16:01:11Z,pas Sirigu. douchez,1
2013-06-06T19:48:10Z,"Allez VA !
",0
2013-06-02T16:15:02Z,Bouffon l'arbitre :),0
2013-05-15T15:55:50Z,"Tres bon arbitre, toi pas être informé des règles. Moi te dire interdit toucher arbitre. C tout . Apres toi déçu , autre chose. Mais pas mauvais arbitre , comprend toi?
",0
2013-05-15T15:51:45Z,t'as que ça a faire !!! ,0
2013-05-15T15:50:31Z,c'est toi la merde,0
2013-05-15T02:06:53Z,arbitre de merde  ! scandaleux !,0
2013-05-14T19:43:33Z,bah non le vrai il sais pas parler francai,0
2013-05-14T19:42:54Z,cool tu va fair quoi,0
2013-05-14T15:32:42Z,"C pas hyper cool de la part de l'arbitre, mais bon, le PSG s'en remettra, ne vs inquiétez pas.Avec Beckham, Ibrahimoviç et les petrodollars qatari...",0
2013-05-14T15:28:49Z,"T le vrai ?
",0
2013-05-12T09:38:23Z,Je te parle du club ...,0
2013-05-11T10:29:54Z,MORDOR JEDLINA ZDROJ,0
2013-05-10T19:32:53Z,Chut t pas thiago sliva car et est sur twitter et facebook quand il parle!!,0
2013-05-10T18:08:32Z,o arbitro quase já ia com o cartão na mao! é do Lyon de certeza ou muito provavelmente o platini já anda a meter os cordelinhos a funcionar o maior corrupto do futebol que eu alguma vez vi!,0
2013-05-10T12:59:02Z,A 0.48 C'est pas Sirigu au but mais Douchez ...,0
2013-05-10T00:34:34Z,J'ai pas fait exprès c'est pas juste je vais me venger !,0
2013-05-09T19:12:06Z,CASTRO ABRUTI !,0
2013-05-09T16:42:07Z,"l arbitre c l arbitre ok 
on ne touche pas a l arbitre",0
2013-05-09T13:41:19Z,Pour le but de Valenciennes la voix off dit que Salvatore Sirigu repousse...Lol suspendu et des tribunes difficile !,0
2013-05-09T01:05:24Z,Mdr l'alcool derrière beckham,0
2013-05-08T21:57:15Z,ochoa est mexicain..,0
2013-05-08T19:55:52Z,fais attention aux fautes d'orthographes mec,0
2013-05-08T19:41:42Z,C'est moi ou il a dit que Penneteau est Corse. Il a du confondre avec Ochoa...,0
2013-05-08T10:38:46Z,"Comment dire l'arbitrage est super bon du début à la fin... Peut-être que Paris ne semble pas très fair play mais quand on leur met des bâtons dans les roues ils réagissent. C'est tout à fait normal, je pense que l'arbitre devrait se prendre une sanction. Deux fois en deux semaines, je trouve cela très moche et l'arbitre devrait perde sa licence... Après, il se plaignent des chants parisiens qui les insultent ? Je pense pas que cela soit immérité. C'est mon point de vue ",0
2013-05-08T07:19:51Z,Allez Marseille,1
2013-05-07T22:18:33Z,"2 matchs ferme pour Thiago Silva c'est juste une honte. La fédé laisse faire ses arbitres qui à chaque matchs se décrédibilisent sans jamais les déjuger. Et le pire c'est que ça fait le tour du monde avec Paris, maintenant tout le monde peut voir le niveau arbitrale lamentable.",0
2013-05-07T19:45:47Z,"Non, je suis Troyen ;)",0
2013-05-07T19:38:29Z,"Rien, je corrigeais taccia loris ;)",0
2013-05-07T19:18:02Z,et ?,0
2013-05-07T14:25:29Z,"C'est l'arbitre qui le pousse ?
Aveuglé par une décision qui est justifiée (car écrite dans les règles)...",0
2013-05-07T09:10:26Z,Et toi t'est stéphanois,0
2013-05-07T08:50:44Z,"la fff s'acharne sur le psg 
",0
2013-05-07T08:48:21Z,"ben ouai le mec il commente il sait meme pas que sirigu ne joue pas
",2
2013-05-07T06:25:03Z,L'arbitre est Lyonnais.,0
2013-05-06T20:38:58Z,"wahahahahaha. Au moins ouais, j'adore les bonnes blagues comme les commentaires anti-Aulas.",0
2013-05-06T17:53:48Z,Le prochain match c'est Aulas qui va l'arbitrer. Comme ça on saura tout de suite d'où ça vient...........,0
2013-05-06T17:40:48Z,"Leonardo aurai foutu un coup de coude à l'arbitre. Si c'est le cas le retrait de point est mérité.
Si c'est une simple bousculade, une amende à Leonardo aurai suffit. Bref, de toute façon j'espère que PSG va gagner la ligue 1, malgré tous les malheurs qu'ils subissent.. De toute façon, Leonardo restera pour moi un gros con et ce sera de SA FAUTE si PSG perd son titre (à cause des points perdus). En tant que personne respectable, il doit bien se tenir.

Cordialement, 
Un supporter du LOSC :)",0
2013-05-06T16:53:34Z,0.49 fail c'est pas SIRIGU c'est douchez...,0
2013-05-06T14:36:09Z,un sketch ce match ...,0
2013-05-06T14:28:57Z,enfin pas tt le temps non plus haha*,0
2013-05-06T14:28:42Z,au rugby tout le monde se bastonne à la fin des matches ^^,0
2013-05-06T13:56:30Z,Il faudrait arreter avec les comparisons cons. Au rugby ils se collent des mandalles dans la gueule mais tout le monde trouve ça normal.,0
2013-05-06T13:55:00Z,ptete parce qu'il viens de corse ?,0
2013-05-06T13:53:53Z,y'a meme pas l'action d'ibra son 1v1 dans le resumé,0
2013-05-06T13:42:46Z,"Je sais pas. Les rumeurs disent 5, d'autres 3",0
2013-05-06T13:42:40Z,"Ya que les footeux qui sont choques par ce rouge lol. Dans les autres sports soit tu ne touches pas l arbitre, soit tu prends la douche",0
2013-05-06T13:15:22Z,"Doucement mec, va boire un peu d'Evian.",0
2013-05-06T13:08:43Z,"Les joueurs n'ont qu'à arrêter d'aller pleurnicher devant l'arbitre. On ne discute pas, point.
Verratti et Sirigu avaient carrément abusé la semaine passée. Silva vient encore contester en faisant un geste déplacé, donc pour moi pas de scandale. Arrête de discuter et reste concentré sur ton match, idiot !",0
2013-05-06T12:43:58Z,Lol je voit que tu n'a pas grand argument non plus sauf quelques insultes. Bien sûr que Paris va être champion mais en attendant les règles sont les règles. Tu pourra toujours les contester mais pas les changer. Et ne t'inquiète pas je n'ai pas l’intention de parler plus avec toi je n'ai pas envie de me rabaisser à ton rang. ,0
2013-05-06T12:41:51Z,parce qu'il est d'origine corse,0
2013-05-06T12:35:31Z,"Wanou un peu de respect pour les joueurs surtout que tu te trompes sur verratti. il est jeune fougueux et a un mauvais comportement mais les petits coups non. Motta a evian prend un rouge à cause de petits coups justement.. sinon pourquoi on joue mal encore, on pouvait pas faire un match identique à celui de nice??",0
2013-05-06T12:12:08Z,Et le retrait des points pour le PSG c'est mérité ? je suis scandalisée. ,0
2013-05-06T12:11:20Z,"PARIS va perdre des points je viens d'apprendre à cause de la bousculade de Leonardo sur l'arbitre. Je suis choquée, outrée, scandalisée. Donnez directement le titre à l'OM, ou releguez nous en ligue 2 tant qu'à faire. ",0
2013-05-06T12:06:48Z,"Faudra pas s'étonner si nos meilleurs joueurs déserteront la ligue 1, l'arbitre se prend pour un membre de la famille Windsor (supporter marseillais)",0
2013-05-06T11:37:44Z,Le rouge de Thiago Silva me parait severe. Apres pourquoi a t il parler a l'arbitre alors que l'action de jeu ne s'y pretait pas ? Pourquoi l'arbitre s'est senti agresser ? Tout le fondement de la Commission de discipline sera baser sur ces questions je pense,0
2013-05-06T11:26:25Z,C'est la deuxieme fois qu'il fais sa a croire qu'il le fais expres la semaine y la confondu Elena a Mandanda est la Sirigu a Douchez !,0
2013-05-06T11:10:29Z,"A partir du moment où l'arbitre se sent ""menacé physiquement"" il a le droit de sortir le rouge.
De ce fait que l'arbitre soit marseillais ou pas, le rouge est mérité. On va pas son gros chauvin. Faut savoir reconnaître les fautes de son équipe et de ses joueurs.
Et on va pas se mentir aussi, mais T.Silva le mérite pas. Mais si on compte le nombre de jaunes que les arbitres ont oublié à ""Mr Ibra"" ...

Bref, y'a rouge. Et en CFA, un joueur n'aurai pas réagit comme sa avec l'arbitre.",0
2013-05-06T10:50:27Z,"LOL, il la pas pousser ou tapes il lui à tenus la manche xDDD Dis pas nimporte'quoi arrete de vouloir te la péter sérieux pff",0
2013-05-06T10:50:24Z,Haha les marseillais on les reconnait bien çe qui disent que le carton est mérité pfff pathétique de totute façon on sera champion tkt !,0
2013-05-06T10:47:57Z,"Lol il à rein fait du tout il là toucher à peine et l'autre la y sort son carton direct de tt façon normal c'est thiago silva meilleur défenseur au monde c'est normal y voulait faire sa star l'arbitre ensuite je rage pas je suis réaliste déjà à evian c'était une catastrophe et encore une fois comme à evian c'était encore une catastrophe, ensuite si tu avais regardais le match tu serais que à chaque fois que paris à fait une faute c'est un jaune donc arbitre=honteux et evian euh bien sur 1 carton",0
2013-05-06T10:37:55Z,"Toute atteinte a l'intégrité de l'arbitre doit être sanctionné par un carton rouge. C'est le règlement, et il a appliqué le règlement.",0
2013-05-06T10:34:17Z,"Toute atteinte a l'intégrité de l'arbitre doit être sanctionné par un carton rouge, relie le règlement parce que c'est plutôt des mecs comme toi qui font pitier a passer leur temps a juger alors que vous n'arrivez pas la cheville des arbitres.",0
2013-05-06T10:28:59Z,De qui?,0
2013-05-06T10:15:05Z,"Lol haha cette arbitrage de ligue 1 me fait honte 
1) le carton rouge n'est pas mérité car il ne le pousse pas, ensuite c'est l'arbitre qui le pousse 
2) çe qui disent il avait qu'a fermez sa bouche etc.. ç'est le capitaine c'est normal qui geule un peu sinon çe serait pas le cap//
3) 1ère mi temps catastrophique! de paris certes mais bon 
4) les rageux on vous encule 
5) PS: je vous rappele que l'arbitre est un marseillais vérifier sur internet ou sur canal+ dugarry le dit un moment durant le m",0
2013-05-06T09:59:30Z,le championnat est egalement degradé par larbitre !,0
2013-05-06T09:59:08Z,"Le carton rouge arrive après l'ouverture du score de Valenciennes, donc ne cherchez pas d'excuses svp ,la vérité est que Paris n'est même pas capable de gagner contre le 15e de ligue 1 .",0
2013-05-06T09:05:58Z,a 0:48 c'est pas Salvatore Sirigu c'est Nicolas Douchez,0
2013-05-06T09:02:40Z,"Rouge injustifié ! Je ne supporte pas le psg,pourtant je suis convaincu qu'il est injustifié ce rouge !",0
2013-05-06T08:43:32Z,"franchement comment avoir un championnat interessant, avec en plus de 17 ou 18 equipes en bois qui jouent le 0-0 ou le 1-0, et en plus des arbitres absolument incompétents.. comment parler d'arbitrage maison après ca ... paris se la coule douce en 1er MT mais ca n'explique pas de devoir perdre le meilleur joueur de l'equipe pk ce pauvre type voulait son 1/4 d'heure de notoriété. apres le ridicule rouge à beckham, verratti et sirigu voilà encore une nouvelle pépite.",0
2013-05-06T08:38:20Z,C'est la premiere fois que je vois une equipe avec autant de cartons.,0
2013-05-06T08:37:52Z,"encore une rageuse qui doit pas supporter que sa mère se foit fait tout mettre par un ou plusieurs parisiens et qui depuis nourrit une haine envers la capitale ... t'inquietes pas, tu dois pas hair que paris ; )",0
2013-05-06T08:19:38Z,Et ils sont la les Valenciennois :),0
2013-05-06T07:08:41Z,"je suis supporter de nantes mais l'exclusion de sylva est vraiment débile il ne la meme pas toucher arbitre français vous etes juste une espece en voix de disparition apres on critique la ligue 1 mais quand ont vous voix a l'oeuvre y'a de quoi
",0
2013-05-06T07:02:36Z,Exclusion de Silva pour ça nan mais c'est du n'importe quoi x) Il c'est amuser a sortir les cartons..,0
2013-05-06T06:10:34Z,J'allez le dire !,0
2013-05-06T06:01:49Z,0:45 il dit repousser par salvatore sirigu EPIC FAIL c'est Douchez,3
2013-05-06T05:48:41Z,"L'Arbitre c'est un lyonais, oui il est ne a lyon x)",0
2013-05-06T05:44:21Z,Euh c'est Nicolas Douchez au but. Revoyez vos commentaires.,0
2013-05-06T04:44:09Z,Tu sais ce qu'il a dit ?,0
2013-05-06T02:16:05Z,"Mdr le rouge sur Silva les arbitres se sont fait une association a l image de la France ""anti-Psg"" on dirait bien mais en deplaise a certains nous serons tout de mêmes champions mêmes sans titulaires",0
2013-05-06T00:44:41Z,"Il y a un fail il dis ""repousser par Salvatore Sirigu"" alors qu'il est suspendu",0
2013-02-05T21:43:50Z,Bordeaux ne se résumé qu'à Cédric Carrasso cette saison encore ^^,0
2013-02-04T21:04:36Z,Bordeaux <3,0
2013-02-04T16:36:27Z,AR-----SEN----AAAAAAAALLLL,0
2013-02-04T16:32:02Z,"saivet lache 3 frappes qui rasent le montant, mais pas dans le résumé ... ",0
2013-02-04T03:40:18Z,GI-----RON-----DINSSSSSSS,0
2013-01-30T11:10:45Z,Alors les Valenciennoise c comment xD?!!,0
2013-04-08T06:48:00Z,Allez Paillade !,0
2013-01-21T06:25:01Z,"J avoue , j ai vue le match et VA à eu + d actions ! Mais bon vu que ce sont des équipes moyennes bah on s en fou de nous ! Allez VA ! <3 VAFC <3",0
2013-03-06T11:50:26Z,"TOut a fait d'accord, voila un site qui le montre d'ailleur ""arbitragevideo.fr""",0
2013-03-04T07:52:33Z,"C'est vrai ! Toutes ces erreurs d'arbitrages arrivent tjrs au même club :/ C'est du favoritisme parfois , comme lorsqu'il y a des grandes affiches . Lorient tout comme le VAFC a fait un bon match .
Allez VA !",0
2013-03-04T00:58:15Z,Penneteau magnifique dommage qu il soit parti de Bastia,0
2013-05-04T07:33:10Z,nancy devient vraiment forte (supporter du psg),0
2013-05-01T01:31:50Z,"Nancy avec cet état d'âme devrait se maintenir...
",0
2013-04-29T13:14:55Z,J étais la bas c étais un grand match de merde,0
2013-04-29T11:59:18Z,"allez Nancy on y croit !!!!!!!!!!!!!Vous avez une magnifique remontez improbable maintenant vous pouvez encore plus y croire,Allez  L'ASNL",0
2013-04-29T09:44:44Z,C'est un bon point pour le maintien,0
2013-04-28T23:08:27Z,Pour le FIRST un !,0
2013-04-28T23:08:11Z,Tant mieux,0
2013-04-28T23:04:44Z,Nancy vont t-il aller en ligue 2 suspense est non il n'ay auras pas de first les gens :P,0
2013-06-28T11:46:51Z,"les equipes comme valenciennes qu'est ce que t'inssinu par la si valenciennes ont fait match nul contre sainté c qu'ils sopnt au meme niveau bouffon !! nique l'OMMM
",1
2013-04-24T12:38:27Z,"Arretez vos conneries les vert n'ont pas dominer le match 
",0
2013-04-16T00:40:57Z,LE RETOUR DE BATMAN...LE BUTEUR JUSTICIE....,0
2013-04-15T15:27:42Z,Allez St etienne notre objectif c'est de jouer l'europa league !!!,1
2013-04-15T09:06:38Z,Valencienne qui débute mieux le match ou comment dire n'importe quoi dans un résumé de match quoi ! L'Asse à dominé une grande partie de la 1ère période et on ne montre que Valencienne... Et le comble c'est qu'on ne montre que Sainté en 2èm alors qu'ils ont été inexistant. Le résumé est à l'opposé du match et ceux qui n'ont pu voir le match vont croire à des choses fausses.,1
2013-02-02T18:28:54Z,Superbe prestation des joueurs lyonnais !!,0
2013-02-01T17:09:12Z,bien joué OL,0
2013-01-30T14:49:03Z,"Certes VA n'a pas fait son meilleur match, mais quand même L'OL a vraiment très très bien maîtrisé la partie! VA n'a pas vu le jour! Allez L'OL, le match retour contre Paris a Gerland va pesé très lourd si le mano a mano continu!!  ",0
2013-01-29T08:51:31Z,Olympique Lyonnais <3 !!,0
2013-01-28T12:21:08Z,"allez LYON!!!!!
",0
2013-01-27T23:04:11Z,L'incompétence de Thiriez DOIT etre sanctionée !,0
2013-01-27T23:03:26Z,Thiriez démission !!! L,0
2013-05-17T20:06:51Z,"Lol Rennes prend le plus de rouges mais est l'équipe la plus fair play... T'enlève les 3 cartons rouges contre Nice, les 2 contre Paris! Il reste plus grand chose...",0
2013-05-15T18:30:33Z,Le geste de Boye est completement nul !,0
2013-05-13T15:58:00Z,"Haha j'admire valenciennes quel mental ! Ils ne s'avouent jamais vaincus, ça c'est une grande équipe ! (Ps je suis dijonnais, mais cette équipe m'impressionne :D)
Faut dire aussi que rennes est à 9 contre 11 et que plein de titulaires sont absents :/",3
2013-05-12T23:18:21Z,"Kenny Lala, le meilleur !",0
2013-04-16T00:30:00Z,ALLEZ BRANDÃO BATMAN ...LE RETOUR....BEAUCOUP DES BUTS....ALLER VOIR...,0
2013-07-20T18:15:46Z,Putain d'auxerrois de *****,2
2013-02-17T23:32:02Z,je suis lyonnais et j'adore la franchise de l'entraineur des girondins de plus il est honnete et est au courant de la supériorité de lyon.,0
2013-02-17T20:44:17Z,Sa c du l'OL il son jamais stable un coup on met des gros match comme celui ci et un coup on se prend des branlées ou on fait des matchs des merdes comme contre Évian a Gerland.,0
2013-02-17T19:59:40Z,La revanche du match aller ! :) ,0
2013-02-17T19:31:08Z,Ils nous volent un match? On les violes point barre. Bande de pickpocket à la con,0
2013-02-17T19:11:38Z,on est trop fort nous les lyonnais:-P  8-)o,0
2012-09-23T18:27:01Z,"toujours le meme discours, ca commence a saouler !! ca devient une habitude maintenant!
",0
2012-09-23T16:56:17Z,Fait chier teh.,0
2013-05-24T15:32:56Z,Henri*,0
2013-03-31T16:24:00Z,L'ASNL n'est pas encore en L2 ! On y croit !,0
2013-05-25T12:06:05Z,On est en ligue 1 ! :D,0
2013-02-20T12:43:32Z,c'est nul c'est match avec que des coup de pied arreté,0
2013-02-20T10:48:07Z,Bravo guingamp ! être à vos côtés pour la montée serait génial =),0
2013-02-19T19:35:37Z,Un tacle c'est plus grave qu'une gifle ? Même devant l'arbitre ? ,0
2013-02-19T19:01:06Z,Ou le rouge ? Et Djordjevic' ? ,0
2013-02-18T11:41:02Z,ligue 1 nous voila !!!!! MERCI GUINGAMP ,0
2013-02-17T08:31:02Z,"Quelle match
Bravo a Guingamp pour le retournement de situation",0
2013-02-17T07:35:53Z,pete les couilles...,0
2013-02-17T07:28:08Z,Manque le rouge sur Imbula et le hors jeu de fauré :),0
2013-02-17T03:35:17Z,...,0
2013-02-16T23:12:01Z,Beau match de la part des 2 équipes ! Allez Guingamp !!,0
2013-02-16T23:07:30Z,"Fait chier...
",0
2013-04-21T00:13:04Z,"c'est beau d'espérer meme si je reconnais que faubert est combatif... 
le seul truc de positif qu'il y a à Bordeaux c'est le son lol 
On vient de sortir un clip d'un MC de Bordeaux avec que des phrases à double sens
Faites tourner ça au max ;)
Big Up",0
