publish_date,title,view_count
2013-05-11T22:00:11Z,FC Istres - Dijon FCO (2-3) - Le résumé (FCIOP - DFCO) / 2012-13,2777
2013-02-16T23:00:14Z,FC Istres - AJ Auxerre (0-3) - Le résumé (FCIOP - AJA) / 2012-13,7032
2013-04-27T22:00:13Z,FC Istres - EA Guingamp (2-0) - Le résumé (FCIOP - EAG) / 2012-13,2580
2013-03-02T23:00:14Z,FC Istres - CS Sedan (1-0) - Le résumé (FCIOP - CSSA) / 2012-13,1179
2013-02-23T23:00:14Z,Nîmes Olympique - FC Istres (1-0) - Le résumé (NIMES - FCIOP) / 2012-13,1214
2013-05-18T22:00:11Z,RC Lens - FC Istres (1-1) - Le résumé (RCL - FCIOP) / 2012-13,3290
2012-11-10T23:00:16Z,FC Istres - Le Mans FC (1-0) - Le résumé (FCIOP - LEMANS) / 2012-13,1368
2012-11-03T23:56:42Z,Stade Lavallois - FC Istres (2-1) - Le résumé (LAVAL - FCIOP) / 2012-13,1159
2012-10-27T22:00:12Z,FC Istres - Tours FC (4-1) - Le résumé (FCIOP - TOURS) / 2012-13,4169
2013-02-09T23:00:29Z,Chamois Niortais - FC Istres (0-0) - Le résumé (NIORT - FCIOP) / 2012-13,862
2013-04-20T22:00:15Z,AC Arles Avignon - FC Istres (1-0) - Le résumé (ACA - FCIOP) / 2012-13,1795
2012-11-24T23:00:15Z,FC Istres - AC Arles Avignon (0-1) - Le résumé (FCIOP - ACA) / 2012-13,1320
2012-09-20T12:01:31Z,Wikibee Istres - FC Istres - Nîmes Olympique : le derby !,858
2013-04-13T22:00:15Z,Le Mans FC - FC Istres (1-2) - Le résumé (LEMANS - FCIOP) / 2012-13,1789
2013-02-02T23:00:13Z,FC Istres - Angers SCO (0-0) - Le résumé (FCIOP - SCO) / 2012-13,1691
2013-05-04T22:00:10Z,Havre AC - FC Istres (2-0) - Le résumé (HAC - FCIOP) / 2012-13,2204
2012-12-04T11:04:38Z,EA Guingamp - FC Istres (1-0) - Le résumé (EAG - FCIOP) / 2012-13,4291
2013-03-30T20:27:10Z,SM Caen - FC Istres (1-0) - Le résumé (SMC - FCIOP) / 2012-13,1403
2013-03-28T15:34:20Z,Wikibee Istres - Un déclic pour le FC Istres face à Tours ?,402
2013-03-30T23:00:13Z,Tours FC - FC Istres (1-0) - Le résumé (TOURS - FCIOP) / 2012-13,1256
2013-05-11T16:58:10Z,Conférence de presse FC Istres - Dijon FCO (2-3) / 2012-13,86
2013-01-18T14:42:33Z,Wikibee Istres - FC Istres - AS Monaco FC : les Istréens voient la victoire,213
