published-time,comment,likes
2013-03-20T14:27:32Z,"on a frainé monaco, Allez laval !!<3",0
2013-01-15T18:43:41Z,"Les gens sont pas obligé de mettres des commentaires. Si ta rien a dire, dit rien..",0
2013-03-23T15:48:41Z,allez laval!! TRES BON MATCH!!,2
2013-03-23T15:47:08Z,allez laval!! TRES BON MATCH!!,1
2013-03-23T17:15:46Z,allez tours on c'est fait voler,1
2013-03-18T00:53:58Z,"Gros manque de realisme des deux côtés... Tours aurait pu gagner largement , le gardien de Tours a été exemplaire!",1
2013-02-24T16:04:43Z,petit souci dans le montage :),0
2013-04-24T07:22:04Z,Un match pas superbe pour les Dijonais mais on a su saisir des opportunités ! Allez Dijon !,0
2013-04-22T16:33:58Z,"DFCO !!!
",0
2013-04-21T20:20:39Z,Aller Dijon !!!!!,0
2013-04-20T22:23:37Z,Allez Dijon ! :),0
2013-06-15T09:18:05Z,C etait le stade  angevin po le stade lavallois,2
2013-05-05T18:43:09Z,jy etaiit au match,1
2013-05-05T09:34:27Z,"Arrêtez de vous bagarrer rien que pour l'équipe que vous supportez, c'est ridicule. On dirait des gamins de 1 an !",1
2013-05-05T09:22:27Z,"Certes, mais j'espère que vous ne monterez pas. Vous ne faites que des victoires à l'arrachée. Et puis bon, quand c'est Charles Diers qui marque...Bref, j'espère que l'EAG montera avec l'ASM et le FCN et que vous resterez là où vous appartenez. À bon entendeur.",1
2013-05-05T09:08:21Z,"Au moins on gagne !
",1
2013-05-05T08:59:18Z,laval aurai pu marque si iauré pas se putein d'arbitres,1
2013-05-05T08:54:10Z,"À part marquer dans les arrêts de jeu, vous savez faire autre chose ? Quelle bande de chanceux...",1
2013-05-05T07:59:47Z,First et a la dernière minute bien jouer,1
