publish_date,title,view_count
2012-10-27T22:00:12Z,Le Mans FC - Stade Lavallois (2-0) - Le résumé (LEMANS - LAVAL) / 2012-13,5535
2013-05-25T22:00:36Z,Stade Lavallois - Châteauroux (3-2) - Le résumé (LAVAL - LBC) / 2012-13,10942
2013-03-30T23:00:14Z,Stade Lavallois - Le Mans FC (2-1) - Le résumé (LAVAL - LEMANS) / 2012-13,6269
2013-02-09T23:00:28Z,Nîmes Olympique - Stade Lavallois (3-0) - Le résumé (NIMES - LAVAL) / 2012-13,2222
2012-12-12T23:00:14Z,Stade Lavallois - Angers SCO (1-4) - Le résumé (LAVAL - SCO) / 2012-13,3315
2013-01-15T11:00:53Z,AS Monaco FC - Stade Lavallois (1-1) - Le résumé (ASM - LAVAL) / 2012-13,3436
2013-01-26T23:00:13Z,Chamois Niortais - Stade Lavallois (0-0) - Le résumé (NIORT - LAVAL) / 2012-13,770
2013-01-19T23:00:13Z,Stade Lavallois - FC Nantes (0-0) - Le résumé (LAVAL - FCN) / 2012-13,3617
2013-03-09T23:00:19Z,Stade Lavallois - EA Guingamp (2-1) - Le résumé (LAVAL - EAG) / 2012-13,6949
2013-03-17T14:49:55Z,Tours FC - Stade Lavallois (1-1) - Le résumé (TOURS - LAVAL) / 2012-13,1517
2012-10-20T22:00:12Z,Stade Lavallois - Tours FC (2-2) - Le résumé (LAVAL - TOURS) / 2012-13,1929
2013-05-18T22:00:11Z,Havre AC - Stade Lavallois (1-2) - Le résumé (HAC - LAVAL) / 2012-13,3257
2013-02-23T23:00:14Z,SM Caen - Stade Lavallois (2-1) - Le résumé (SMC - LAVAL) / 2012-13,3440
2012-12-22T23:20:53Z,Stade Lavallois - Havre AC (1-2) - Le résumé (LAVAL - HAC) / 2012-13,2787
2013-02-02T23:00:14Z,Stade Lavallois - AJ Auxerre (4-5) - Le résumé (LAVAL - AJA) / 2012-13,19242
2012-12-25T01:34:07Z,Joyeux Noël et Bonne Année 2013 Olympique Lyonnais Féminin,1444
2013-05-04T22:00:10Z,Angers SCO - Stade Lavallois (1-0) - Le résumé (SCO - LAVAL) / 2012-13,4596
2013-04-18T13:05:45Z,Mamadou TRAORE (joueur de football) - United Project,6053
2012-12-05T12:35:39Z,Résumé Borgo - Nice (CFA2),4163
2013-06-26T02:44:56Z,PSPS vs Persib 0-4,149
