publish_date,title,view_count
2012-10-23T10:00:22Z,FC Nantes - Dijon FCO (2-0) - Le résumé (FCN - DFCO) / 2012-13,16151
2012-11-03T23:58:17Z,FC Nantes - Angers SCO (1-0) - Le résumé (FCN - SCO) / 2012-13,17378
2012-10-27T22:00:12Z,AS Monaco FC - FC Nantes (0-2) - Le résumé (ASM - FCN) / 2012-13,20618
2013-05-14T10:00:26Z,SM Caen - FC Nantes (0-1) - Le résumé (SMC - FCN) / 2012-13,30253
2013-04-16T10:00:25Z,Châteauroux - FC Nantes (0-4) - Le résumé (LBC - FCN) / 2012-13,13024
2013-04-27T22:00:13Z,Chamois Niortais - FC Nantes (0-1) - Le résumé (NIORT - FCN) / 2012-13,6593
2013-02-02T23:00:14Z,Le Mans FC - FC Nantes (0-3) - Le résumé (LEMANS - FCN) / 2012-13,15298
2013-04-06T22:00:13Z,Angers SCO - FC Nantes (2-0) - Le résumé (SCO - FCN) / 2012-13,15996
2012-12-15T23:00:13Z,FC Nantes - SM Caen (2-1) - Le résumé (FCN - SMC) / 2012-13,15503
2013-04-20T22:00:15Z,FC Nantes - AJ Auxerre (1-1) - Le résumé (FCN - AJA) / 2012-13,10487
2012-11-10T23:00:16Z,FC Nantes - Châteauroux (1-1) - Le résumé (FCN - LBC) / 2012-13,3438
2013-03-30T23:00:14Z,FC Nantes - AS Monaco FC (1-1) - Le résumé (FCN - ASM) / 2012-13,18576
2013-02-09T23:00:29Z,FC Nantes - AC Arles Avignon (1-1) - Le résumé (FCN - ACA) / 2012-13,5280
2012-09-09T15:07:58Z,Top 15 Mali Fantastics Goals !!! - Special CAN 2013 - HD,39817
2013-02-16T23:00:28Z,EA Guingamp - FC Nantes (2-1) - Le résumé (EAG - FCN) / 2012-13,19444
2012-11-08T00:02:26Z,FC Nantes 1-0 Angers 3 /11/2012 Ambiance Tribune Loire. Ola a la beaujoire HD,2563
2012-10-23T00:00:11Z,Conférence de presse FC Nantes - Dijon FCO (2-0) / 2012-13,589
2013-05-30T09:48:10Z,Aigles du mali avant match bretagne mali (1- 0) à carquefou,1598
2013-02-12T18:22:51Z,|!¤*&#39;~`CAN 2013 Aigles du Mali _ Bis Repetita `~&#39;*¤!|  HD,3552
2013-05-09T00:24:19Z,Dramane Traoré &quot;Rivaldo&quot; Carrière HD,20369
2013-05-18T04:02:10Z,Zapping &quot; Aigles du Mali 6  - NOUVEAU - HD -,11478
2013-05-22T08:58:22Z,Interview Exclusive d&#39;Albert Falette,634
2012-10-02T10:44:39Z,Zimbo Dance - Aigles du Mali,128399
2013-01-16T11:28:07Z,Mali: les Aigles veulent gagner la CAN pour leur pays en guerre,9063
2012-10-17T21:13:45Z,Aigles du Mali - En route pour l&#39;Afrique du Sud - CAN 2013,4064
2013-06-24T20:15:20Z,Top 10 Mali Fantastics Goals 13 !!! °HD°,507
2013-06-08T19:15:16Z,° *  Mustapha Yatabaré Top 10 Buts 12/13 * °,79028
2013-04-28T19:31:49Z,Goal Mohamed YATTARA (20&#39;) - OGC Nice - ESTAC Troyes (3-1) / 2012-13,1668
2013-04-28T18:08:20Z,Sion M21  -  St Gall M21,1252
2012-08-05T10:40:52Z,Mali 2-1 Iran,1434
2012-11-18T15:33:26Z,Après balotelli c&#39;est tevez qui bizute une photographe,4625
2012-12-08T16:26:23Z,En Attendant La ... CAN 2013 Aigles du Mali HD,12343
2012-11-02T00:03:06Z,Top 10 Mali Fantastics Goals 11 !!! HD,2561
2012-10-02T12:21:10Z,Frederic Oumar Kanoute Carrière II,3938
2013-05-28T09:09:22Z,Frederic Oumar Kanoute Carrière I,8260
2012-09-05T16:13:42Z,Avant Match Mali - Botswana Itw Fousseni Diawara et Mahamadou Diarra,33518
2012-11-09T15:43:49Z,Cheick Diabaté N°9 Mali ! Tous ces Buts ! HD,5446
2013-05-16T15:58:01Z,OM- FC SION 2013/2013 partie 2,318
2013-06-02T08:36:07Z,Ismael Keita s&#39;explique sur son départ du FC Nantes et de son transfert au SCO Angers,1795
2012-10-02T11:26:39Z,Mahamadou Diarra OL Réal madrid Mali,32767
2013-03-16T16:56:30Z,• Aigles du Mali 11 • Qualifications World cup 2014 • HD •,6177
2013-01-04T01:32:26Z,Pré - CAN 2013  Aigles du Mali 28 Pré - sélectionnés,24487
2013-05-23T20:43:44Z,▒ Yacouba Sylla : Nouvel Aigle du Mali ▒,6398
2013-01-10T00:28:55Z,°°º CAN 2013 Mali_23 Aigles ºº°,4850
2013-06-17T01:41:56Z,Mondial-2014/Qualif : Mali 1-1 Rwanda‎,445
2013-05-22T22:00:00Z,Teaser Amical Bretagne - Mali 28/05/13 HD,1787
2012-09-09T01:16:01Z,Eliminatoires CAN 2013: Les Aigles du mali ecrasent le Botswana (3-0),4263
2013-05-28T22:38:29Z,Stage Aigles du Mali-match amical_Bretagne-Mali-28-Mai-2013 www.malifootball.com,5247
2013-02-02T23:15:46Z,Ligue 1 / Les réactions de R. Garcia et J-M. Furlan après Lille - Troyes 02/02,38
2013-01-17T20:11:01Z,FC Nantes. Der Zakarian évoque Laval et son nouveau défenseur Karim Djellabi,1343
