published-time,comment,likes
2012-12-12T16:41:15Z,"moi chuis a fond pour dijon mais la javou que les nantais ont etes plus fort
",1
2012-12-10T22:12:57Z,Le tacle de Bamba est inadmissible !,0
2012-12-03T21:12:28Z,Nantes va allez en Ligue 1 ( De la part D'un Supporters Marseillais ),1
2012-11-01T23:17:20Z,Allez NANTES!! <3 Direction la ligue1!!,1
2012-11-01T20:48:48Z,Allez les jaunes!!!!!,1
2012-10-23T13:46:06Z,Vive Nantes !!!,1
2013-06-06T17:42:08Z,Allez le SCO ! La Ligue 1 pour Nantes c'est pas mériter !,2
2012-12-11T12:56:27Z,nantes remonte en force cé bonnnn saah !!,2
2012-12-09T23:43:11Z,"Ca fait du bien de voir la baujoire remplie. Ca commence a sentir bon :)
",4
2012-11-22T17:44:43Z,J y étais en Loire et c était trop cool,2
2012-11-08T23:36:29Z,"Voir la beaujoire remplis ses juste trop bien , ALLER NANTES !!! :D <3",2
2012-11-05T11:31:33Z,"vraiment bravo d'être venus si nombreux, continuez ",2
2012-11-04T11:35:11Z,c moi ou ils ont oublié pleins d'occasions de nantes en première période? :D,2
2012-11-04T11:07:41Z,FCN a VIE ♥,2
2012-11-04T08:22:18Z,"FC NANTES !! <3<3<3...
",2
2013-07-27T16:09:26Z,pffff tu dit des conneries,0
2013-04-05T13:11:36Z,Nantes c'est Nantes !! :),1
2013-03-12T00:59:53Z,mdr oui c'était logique avec Kita au sifflet...,1
2013-02-14T16:55:04Z,a 0.10 sa c'est de l'ultra monégasque lol,2
2013-01-09T23:05:27Z,LOL merci l'arbitre,0
2012-11-16T12:59:12Z,"Nantes à bcp de chance sur ceux match mais bon Monaco et meilleur dans le Jeu et ca ce voit sur tous ses matchs
",0
2012-11-03T20:14:49Z,C'est fait pour la confirmation :p,0
2012-11-02T10:58:06Z,C'est un très bon le Djordjevic franchement ! Gg Nantes ! J'espère qu'il vont continuer comme çà et déjà confirmer par une victoire contre Angers à la Beaujoir lors de la prochaine journée. :),1
2012-11-01T23:11:49Z,"L'arbitrage fait partie du foot les gars, c'est dans les deux sens, n'allez pas dire que vous n'avez jamais été avantagé par l'arbitrage!! Allez NANTES!! <3",0
2012-11-01T20:48:22Z,Je pense que Monaco montra en L1,0
2012-11-01T20:47:38Z,Allez les jaunes!!!!!!!,0
2012-10-30T11:47:14Z,"meme si Monaco méritait Nantes a été réaliste et c'est quand meme Djordjevic qui a été élu meilleur du mois et pas Touré.
Aller Nantes la L1 c'est pour l'anné prochaine avec Monaco je pense.",0
2012-10-30T11:45:39Z,pfff arbitre==== 0 ! ,0
2012-10-29T09:31:20Z,"Match volé !!!!!
aller l'ASM",0
2012-10-29T07:59:44Z,"Y'a aucune compensation arbitrale sur ce match çà n'a été que dans un sens. même à 2-0 il oublie une faute flagrante à 18m pour un coup franc idéalement placé.
Nantes a été réaliste mais NON ce n'est pas tout",0
2012-10-29T06:51:53Z,Monaco aurais pus gagner 3-1 mais bon c'est comme ca... allez NANTES !! et vener nombreuxa la Beaujoire samedi prochain pr le derbi Nantes sco angers !!!!,0
2012-10-28T20:58:18Z,"L'ASM s'est volé un but, 2 pénos (voire même trois avec la faute de Madouni sur Carrasco). Mais Nantes gère tout de même bien son match, si on met les erreurs d'arbitrage de coté. Je comprends la déception des Monégasques. Après, les erreurs d'arbitrage, ça arrive. Une fois, ça nous est favorable, une fois non. Mais n'ayez crainte, je pense que l'ASM montera cette année. En espérant que Nantes également.
Allez les canaris !",0
2012-10-28T16:53:50Z,"ya pas de coup de coude sur le but refusé,et la main est tellement flagrante que si elle n'est pas sifflée on ne sifflera plus aucune main dans la surface.nantes a bien joué le coup et merite sa victoire parce qu on a pas été bons non plus mais faut pas déconner,on se fait voler au moins 1 but au moment ou on dominait le plus....",0
2012-10-28T16:28:00Z,meme les joueurs nantais on dit kil on eu de la chance... a 2 0 pour asm c t pas le meme match (et je suis pas monégasque),0
2012-10-28T16:18:52Z,"lol quelle bonne foi les Monégasques, véreux juste parce que vous pensiez vous imposer facilement, l'argent ne fait pas tout!! Pour le but refusé, c'est un coup de coude dans le dos de Cichero qui est sanctionné ce n'est pas un hors jeu! La main elle y est, ne pas oublier aussi qu'en fin de première période il y a également une main Monégasque non sifflée dans la surface, donc un partout au jeu des pénaltys non accordés. Nantes a été réaliste, c'est tout",1
2012-10-28T15:29:08Z,Quel arbitrage scandaleux !,0
2012-10-28T15:11:38Z,du grand n import quoi l arbitrage nantes mérite pas la victoire même pas le nul et surtout pas la l 1,0
2012-10-28T14:50:25Z,"Ouaaaah ce vol arbitral !!  
",1
2012-10-28T09:54:19Z,FC NANTES !! <3<3<3<3...,0
2012-10-28T08:43:06Z,une position de hors jeu peu évidente... il est bête le commentateur ou il fait exprès... meme la sur la vidéo on voit qu'il est pas hors jeu et que le but doit être accepté... sur le but de Nantes par contre il dit pas qu'il est hors jeu ;) quelle bon commentateur et arbitre!!,0
2012-10-28T07:50:12Z,"Resultat logique.
Nantes bientôt en L1 :p",0
2012-10-27T22:19:39Z,un vole  pour la journée de l'arbitrage bravo ..... ,0
2013-07-30T21:21:17Z,merci riou !,0
2013-07-08T20:47:10Z,Fcnantes-3,0
2013-05-24T12:00:51Z,"
						
	

Site officiel	
fcnantes.com     FC Nantes TV     Boutique     	
 
Saison
 
Formation
 
Club
 
Fan Zone
 
Evénements
 
Billetterie

















 


	
20 mai 2013     

Pros : L'agenda avant FC Istres - FCN


Le programme de la dernière semaine d'entraînements des Canaris, avant le déplacement à Istres, vendredi 24 mai, en 38ème journée de Ligue 2.

L'agenda du 20 au 24 mai 2013

Matin	Après-midi
Lundi	 	 
Mardi	 	
Mercredi	 Entraînement
10h00 	 
Jeudi	Entraînement
10h00	
Vendr",0
2013-05-17T19:10:46Z,Victoire des Canaris contre le cours du jeu...,0
2013-05-17T19:03:11Z,Les matches du lundi soir ne sont jamais commentés,0
2013-05-16T09:21:19Z,"ça plaisir de revoir Nantes et la beaujoire en ligue 1, même si c'est pas encore fait (presque)^^",2
2013-05-15T19:39:28Z,beau but quand même!,1
2013-05-14T21:19:17Z,ALLER NANTES,0
2013-05-14T21:18:50Z,Jsui deg il y a plus que des places à 25 euros prix Nantes vendredi soir :'(,0
2013-05-14T20:56:11Z,Faites nous rever Vendre contre Sedan à la Maison on sera 36000,0
2013-05-14T19:19:28Z,"caen va monter en ligue 1 l'année prochaine et le stade était plein 
",0
2013-05-14T18:17:22Z,"On ne méritait pas de gagner ce match au vu du niveau de jeu de toute manière, par contre faut arrêter les ""pénalty scandaleux"" et autres, c'est bien d'être chauvin mais bon, qu'on dise ""pas évident"" je veux bien mais quand tu vois le ralenti, c'est clairement nangis qui dévie le ballon du bout du pied droit et non le nantais, juste histoire de rétablir les faits ;)",0
2013-05-14T16:46:13Z,"Trop cool, allez Nantes!",1
2013-05-14T16:19:01Z,Superbe but de Nantes et le dégagement de Riou sur le but est d'une précision extrême !!! Allez Nantes ! On est presque en ligue 1 !,1
2013-05-14T15:55:14Z,Allez Nantes! #ligue1,1
2013-05-14T15:13:44Z,Bientot Nantes en L1 ! :D,1
2013-05-14T11:33:30Z,ou est passé le commentateur ? Allez le FCN,1
2013-05-14T10:39:56Z,Gfca... Veilex revient ...,0
2013-05-14T10:09:01Z,pénalty scandaleux mais justice a été faite ! cet arret de remi vaut de l'or ! ,0
2013-04-24T12:50:29Z,Jespere vous voir en l1 lannee prochaine les nantais!! D'un lyonnais,1
2013-04-18T12:00:42Z,J'espère aussi allez Nantes et que Lens nous rejoigne la saison prochaine !!!,1
2013-04-16T23:25:36Z,Pourquoi la vidéo n'est pas commentée ?,1
2013-04-16T19:29:07Z,"J'espère que vous allez rester le plus longtemps en ligue 1, car vous l'avez bien mérité !, un supporter lensois
",1
2013-04-16T18:44:54Z,J'espère qu'il va y avoir la L1 au bout car cette année ça serai vraiment les boules de terminer 4 e,1
2013-04-16T18:20:03Z,GG les gars ! ,0
2013-04-16T17:07:56Z,alllllllllllllllllllllllllllllllllllllllEEEEZ NANTES <3<3<33<3<3<3333,0
2013-04-16T16:25:09Z,C'est saaaaaaaaaaa !!! ,0
2013-04-16T15:10:48Z,G vue le match la berri était nul,0
2013-04-16T10:31:33Z,"Allez Nantes Samedi RDV pour tous les supporter pour les 70 Ans
",0
2013-04-16T10:01:24Z,Allez on continue sur cette lancée :),0
2013-05-03T18:22:12Z,NANTES EN LIGUE 1 BORDEL !!!!!!!!,0
2013-05-03T15:41:28Z,Allez le SCO,1
2013-04-30T12:49:48Z,On a eu chaud quand meme en 1ere période. ,0
2013-04-30T09:16:33Z,Pourquoi dans ces vidéos à la fin le commentateur ne parle plus mais on montre pendant 1 minute les joueurs ?????????????????????????????,0
2013-04-30T09:13:04Z,Mois je vois monaco nantes et nîmes qui montent !,0
2013-04-28T16:05:50Z,Allez nantes on ira en L1,0
2013-04-28T13:56:15Z,"2 matchs à gagner et on sera en l1 ^^
Si les joueurs sont concentrés sa va le faire, surtout ki nous reste clermont, sedan et istres, c'est largement possible ( ;
Y a que caen ki peut nous empécher d'aller en l1 !!!",0
2013-02-18T19:23:10Z,le mans ALLEZ ALLEZ LE MANS,2
2013-02-08T20:30:58Z,Allez les nantais on les applaudit pour enfin ce rattrapage de plusieurs saison manquées!!!!!,1
2013-02-08T18:23:09Z,FCNANTES ! FCNANTES ! FCNANTES !,0
2013-02-06T13:30:40Z,Wesh Nantes!!!15ème but de Djo!!!,0
2013-02-05T01:30:46Z,"une mauvaise nouvelle vient de tomber pour le FC Nantes 
interdiction de recruter pendant 1 ans .Dommage si on monte ",0
2013-02-04T19:43:02Z,c'est moi ou il y a + de buts et de matchs à rebondissements en ligue 2 qu'en ligue 1 ?,0
2013-02-04T03:53:15Z,ça fais plaisir l'année prochaine je pourrais enfin revoir un mythique bordeaux vs nantes ,1
2013-02-03T20:44:14Z,LE MANS CEST LA MISEREEE MISEREEE MISEREEE!!!,0
2013-02-03T19:46:57Z,"EN L1 C'est L'OM en l1 je suis pour l'om et l2 pour le muc
",1
2013-02-03T19:44:53Z,"allez le mans ALLEZ ALLEZ ALLEZ LE MANS
",2
2013-02-03T14:08:00Z,drrraaa 44 RPZ aïe aïe aïe !!!,0
2013-02-03T10:29:03Z,FCNANTES !!,0
2013-06-07T18:47:16Z,on est trop fort,1
2013-05-17T21:17:07Z,pff ;(,1
2013-05-16T19:58:36Z,ou pas !! mais nantes oui XD,1
2013-04-08T16:55:29Z,Gg Angers,1
2013-04-07T18:19:12Z,"Bref, on est redescendu sur Terre.",1
2013-04-07T17:13:18Z,Le SCO en ligue1 !!!!!,2
2013-04-07T10:56:09Z,"c sur c sur, la victoire n'est pas volé.",1
2013-04-07T10:07:12Z,enfin la victoire  n est pas volé,1
2013-04-07T07:51:45Z,"Déjà qu'on était dégueulasse sur le terrain, il avait pas besoin de mettre un rouge là-dessus, ya absolument rien, il joue la balle. Djilobodji je peut vous dire qu'il en a mis des plus gros à la Beaujoire. Bref on a été nul et l'arbitre ne nous aide pas beaucoup pour notre fin de saison parce qu'on a plus aucun de nos defenseurs centraux.",1
2013-04-07T07:48:09Z,Déjà qu'on était,1
2013-04-06T22:50:20Z,"très bonne perf des Angevin !!! 
",1
2013-02-19T22:37:28Z,allez caen pour le match retour il faut les 3 PTS  ,0
2012-12-20T18:16:10Z,"C'est moi ou le temps change tout le temps ?
",0
2012-12-17T22:38:04Z,"Vivement le match retour amis Nantais, espérant que ce sera d'aussi bonne qualité que samedi !
Allez Malherbe !",0
2012-12-17T15:03:35Z,la joie de Michel fait plaisir pour une futur monter j'espere,0
2012-12-17T01:14:15Z,"Le Rush de Deaux a enflammé la beaujoire, c'était terrible !!",0
2012-12-16T14:06:26Z,"superbeeeeeeeee
on retrouvera notre place parmi l elite
un vrai club, pas un club d imposteurs comme rennes ou evian thonon gaillard, sans public et palmares",0
2012-12-16T12:46:17Z,lucas deaux omfg :o FCN <3 ,0
2012-12-16T11:20:11Z,allez les canaries tous avec vous !!! FCN for ever,0
2012-12-16T10:28:16Z,BIENTOT DE RETOUR EN LIGUE 1 ♥,0
2012-12-16T09:47:59Z,"Les frisson.. Et Lucas Deaux qui essaye d'en rajouter ! Vous êtes juste énorme..
#FCN!<3",0
2013-05-19T10:29:22Z,"alors le sco on reste en ligue 2 mouahahah tu veux des mouchoirs??
",0
2013-04-28T10:33:24Z,A nous la ligue 1 mon pote personne nous arretera en plus ce week ont a fait ce qu'il faut,0
2013-04-27T22:45:29Z,"aha on est juste a 6 point de vous , jdis sa jdis rien ",0
2013-04-27T11:09:22Z,3-0 contre Nimes ça fait mal pour vous non ?,0
2013-04-27T10:22:09Z,"Gagner 2-0 contre nous c'est bien, mais si derrière vous montez pas, ça sert à rien.",0
2013-04-26T09:34:30Z,"le sco et le fcn en l1 ! Allez les canaris !!!
",0
2013-04-25T11:45:36Z,2-0 à jean-bouin ça fait mal mes petits canaris,0
2013-04-25T11:44:37Z,La montée pour le SCO,0
2013-04-25T11:44:22Z,SCO champion,0
2013-04-25T11:43:53Z,Allez le SCO,0
2013-04-21T15:54:11Z,"Deviens arbitre qu'on t'insulte aussi. Tu verras, c'pas facile. Toi tu seras pas une blague, mais un sketch. ",0
2013-04-21T12:08:00Z,"Y'a même pas péno à la base donc si on gagne sur ce péno c'est pas normal. Après voilà dégouté mais parle pas du péno injustifié..
",0
2013-04-21T09:00:58Z,"Ce coup franc forireux d'Haddad... Ce péno de Filip... Ce face à face d'Aristeguieta... l'action collective ou Eudeline se loupe... Malchanceux level 100
",0
2012-11-12T16:41:10Z,lololololololol,0
2012-11-11T14:43:35Z,"fcn en ligue 1 !!
",0
2012-11-10T23:02:12Z,Nantes grand club pour toujours,0
2013-04-09T15:21:08Z,Ou elle rentre la balle ? ,0
2013-04-05T19:38:23Z,stylé le parcage lors du but!,0
2013-04-02T21:43:42Z,Le ballon est rentré sur la dernière occase? Lol tu ne dois pas avoir le même opticien que nous tous,0
2013-04-02T19:49:02Z,"80 ans que Monaco est la et jamais personne n'a rien dit, quand ils sont descendu en L2 pareil tout le monde s'en foutait, mais maintenant qu'il y a de l'argent et qu'ils vont remonter en L1 tout le monde flip et veut leurs mettre des batons dans les roue je trouve sa scandaleux. ",1
2013-04-02T16:17:12Z,"Voila 2 belles équipes qui retrouveront la ligue 1 si monaco peut jouer en france la saison prochaine...car on peut avoir le plus gros budget de ligue 2 et un propriétaire milliardaire, si Monaco n'installe pas son siège en France, l'argent ne servira à rien (pour une fois)...",0
2013-04-02T14:34:05Z,"Et pour se qui est du score pour moi il est logique, Nantes n'a pas dominer pas plus que Monaco n'a dominer, les 2 équipes on eux leurs temps forts pendant le match et pour moi c'est un résultat logique, aucune des 2 équipes ne méritait de gagner se match ni de le perdre. Et puis pour se qui est de l'arbitre oui il a été mauvais mais il n'a favoriser aucune des 2 équipes, au contraire du match aller... ",0
2013-04-02T14:30:19Z,"Destructordark13 tes sérieux quand tu dit que tu a pas entendu les supporters monégasque ?? Tu devait pas être a coter alors. J'y était dans la tribune monégasque et on a chanter tout le match même 1h avant le cou d'envoie on été déjà a se casser la voie. Par contre les Nantais il y a que la brigade loire qui a chanter tout le long du match, les autres se sont réveiller seulement a l'ouverture du score et se sont tait a l'égalisation. ",0
2013-04-01T19:21:52Z,nantes méritait LARGEMENT la victoire et j'y étais l'abitre est nul et le gardien monégasque un gros connard il a du gagner 4 minute a lui tout seul!,0
2013-04-01T16:13:33Z,perso monaco a bien jouer mai jtrouve ke nantes a mieu jouer plusieur foi j'ai cru qu'il y avai but il y a eu plus d'ocaz de la part de nantes sans oublier le poto la denriere action aie aie aie putain on devait le gagner ce match,0
2013-04-01T15:24:33Z,"J'y étais aussi et on a pas vu le même match,on vous bouffe pendant le premier quart d'heure et en 2e mitemps!!! la prochaine fois fais là en français ta phrase aussi ;)",0
2013-04-01T15:22:31Z,"Tu manques d'objectivité,les deux équipes ont eut leurs temps forts,et des occasions franches,l'arbitrage a été bon,le but n'est pas rentré(clair sur la vidéo),et le péno si tu regardes la réaction de Djordjevic avec notre défenseur après l'action tu comprends qu'il a tenté le coup.Et puis t'as bon dos de critiquer un arbitrage qui t'avais fait gagner le match à l'aller,si ça avait été pareil tu te serais surement suicidé....",0
2013-04-01T14:28:09Z,"Et le penalty de Djordjevic !!! :o
",0
2013-04-01T11:11:42Z,"Et arretez de dire que Suba gagnait du temps, j'y etais au stade et vous l'avez sifflé 2 fois quand il prenait son temps or il y avait a chaque fois des changements.. vous avez été minable, on ne vous a pas entendu. On entendait que vos 2 tambours (qui ont été très fair play EUX !) et quand on voit le match aller je crois que vous plaindre est se foutre de la gueule du monde ! 
",0
2013-04-01T11:05:37Z,Monaco a été minable ? Mais vous vous êtes vu supporters Nantais ?? mdr,0
2013-04-01T10:15:51Z,"j'avais envie de l'arracher Subasic ^^

",0
2013-04-01T07:54:20Z,Nantes et Monoco méritent la LIGUE 1 !!!,0
2013-03-31T20:00:21Z,Les Nantais méritait sérieusement et le gardien de Monaco nous provoquai en Loire donc on ses fait voller encore par larbitre,0
2013-03-31T15:40:24Z,"Chacun son tours :D
",0
2013-03-31T13:08:47Z,ALLER NANTES ! (arbitre de merde sur le match),0
2013-03-31T12:13:18Z,en tout cas sa fais plaisir de voir un match comme avec de l'ambiance aussi belle bravo a vous nantes et bravo au supportaire qui on fais le deplacement  Allez MONACO,1
2013-03-31T12:11:27Z,ba c'est cool sa fais 1 partout niveau arbitre de merde regarde la match allez :) ,0
2013-03-31T11:51:34Z,petit rageur  ,0
2013-03-31T11:22:20Z,"On reparle du match aller ? C'etait exactement ce que tu viens de dire mais pour Monaco, 1-1 partout sur l'arbitrage de merde !",0
2013-03-31T11:20:38Z,"Quel match et surtout le début , ça fait du bien de voir ce genre de match au parfum de L1 , Bien joué aux deux équipes 

Et Ocampos qui fêtent ce but avec les supporters la classe ^^

Daghe munegu <3 ! ",0
2013-03-31T09:57:18Z,"La balle rentre pas sur la dernière occasion, stop de dire des conneries. Surtout pour ceux qui étaient en Loire en bas, on l'a tous vu, il est sur la ligne.
Même si elle rentre un TOUT PETIT PEU c'est pas valable.

Par contre, un péno aurait pu être sifflé sur Djordjevic, c'est sûr.. =|",0
2013-03-31T09:38:02Z,Allez Nantes ! J'y étais au match mais le gardien de Monaco faisait de l'anti-jeu et l'arbitre était nul le premier quart d'heure,0
2013-03-31T09:09:57Z,"Avec l'angle de la caméra on ne voit pas bien mais le ballon doit être rentré intégralement pour qu'il y ait but et là ce n'est pas le cas. Et quel que soit le scénario et le niveau de jeu de Monaco, le résultat est 1-1 et c'est ce qui va faire d'eux le champion de Ligue 2.",0
2013-03-31T09:06:48Z,Arbitre de merde qui a refusé un but de Nantes et n'a pas sifflé un pénalty parfaitement valable et en plus il met un carton pour simulation !!!!!!!!!!!!!!!,0
2013-03-31T08:26:31Z,"Monaco ont été minable sur ce match.
Leur gardien intolérable a gagner tout le temps du temps.
Et l'arbitre ... la balle est rentrer sur la derniere occase 
  ",0
2013-03-31T07:54:45Z,Mais quel beau match ! quel intensite de jeu ! mais que font ces 2 équipes en L2 !!,0
2013-03-30T23:05:42Z,Nantes en L1!!!!,0
2013-03-30T23:01:10Z,ALLEZ NAAAAAANTES ! ♥,0
2013-03-30T23:00:45Z,Preums,0
2013-02-12T11:44:23Z,"Si l'arbitre est bien placé, le hors jeu est évident, les joueurs sont tous dans le même paquet alors un T-shirt jaune qui sort du bleu est plus visible que si les 2 joueurs en questions sont opposés.",0
2013-02-10T11:56:44Z,J'ai quand même un but our le but de caceres et pour celui d'aristeguieta (en 2nde période),0
2013-02-10T08:12:46Z,match nul Oo ,0
2013-02-10T07:56:33Z,Après l'OM Je suporte Nantes completement pressé de les retrouvés en L1 <3,0
2013-05-25T12:06:05Z,On est en ligue 1 ! :D,0
2013-02-20T12:43:32Z,c'est nul c'est match avec que des coup de pied arreté,0
2013-02-20T10:48:07Z,Bravo guingamp ! être à vos côtés pour la montée serait génial =),0
2013-02-19T19:35:37Z,Un tacle c'est plus grave qu'une gifle ? Même devant l'arbitre ? ,0
2013-02-19T19:01:06Z,Ou le rouge ? Et Djordjevic' ? ,0
2013-02-18T11:41:02Z,ligue 1 nous voila !!!!! MERCI GUINGAMP ,0
2013-02-17T08:31:02Z,"Quelle match
Bravo a Guingamp pour le retournement de situation",0
2013-02-17T07:35:53Z,pete les couilles...,0
2013-02-17T07:28:08Z,Manque le rouge sur Imbula et le hors jeu de fauré :),0
2013-02-17T03:35:17Z,...,0
2013-02-16T23:12:01Z,Beau match de la part des 2 équipes ! Allez Guingamp !!,0
2013-02-16T23:07:30Z,"Fait chier...
",0
2013-01-17T21:29:54Z,perso j8 chaud pour vous venir en aide je suis egalement eudiant en droit au sénégal en licence 2 du courage et bonne continuation ,1
2012-10-19T18:05:19Z,JE VEUX TES MUSIQUE IL SON TROP COOL STP!!!,0
2013-04-30T15:31:23Z,"Merci pour la vidéo, intéressant ...
 ",0
2012-11-29T17:39:54Z,"This goal is in the video no.1 ""Top 10 Mali Fantastics Goals!!!!""",0
2013-07-14T22:30:02Z,GATE 13 HERO!!!,0
2013-07-13T13:01:58Z,WELCOME TO PANATHA PAIXTARA!!,0
2013-05-28T22:51:28Z,Vive les AIGLES...!!,0
