published-time,comment,likes
2013-04-02T15:22:13Z,ALLEZ LAVAL,2
2013-02-03T13:07:09Z,"Allez Angers !
",2
2013-03-20T14:27:32Z,"on a frainé monaco, Allez laval !!<3",0
2013-01-15T18:43:41Z,"Les gens sont pas obligé de mettres des commentaires. Si ta rien a dire, dit rien..",0
2013-01-21T20:29:27Z,"Belle excuse le terrain, MDZ aurait mieux fait de se taire. Le terrain est le même pour les deux équipes.
Pour votre gouverne, plus de 30 techniciens de la ville étaient mobilisés pour que le match ait lieu...

ps: La région des PDL ne peut pas subventionner tous les clubs de la région !",1
2013-01-21T01:01:15Z,s'ils vous plait prenez pas le terrain comme excuse de se match nuls car c’était le même problème partout en France pas pour autant que tout les matchs se sont conclus sur des 0-0 ^^ sur se bravo au lavallois qui vienne de faire de match nul au 2 premiers ^^,1
2013-01-20T14:38:56Z,C'est quoi ce terrain.. Pire qu'un terrain de district ! ,1
2013-01-20T09:20:23Z,C'est *,1
2013-01-20T09:20:01Z,Super vive les terrains de L2 sérieux nantes aime bien avoir le ballon avec une pelouse pareil inceste impossible de bien jouer avec le ballon,1
2013-01-20T08:13:45Z,Quel idée de jouer sur des terrains gelés....,1
2013-03-23T15:48:41Z,allez laval!! TRES BON MATCH!!,2
2013-03-23T15:47:08Z,allez laval!! TRES BON MATCH!!,1
2013-03-23T17:15:46Z,allez tours on c'est fait voler,1
2013-03-18T00:53:58Z,"Gros manque de realisme des deux côtés... Tours aurait pu gagner largement , le gardien de Tours a été exemplaire!",1
2013-03-22T17:42:11Z,allez laval!!,0
2013-01-19T21:23:26Z,"allez tours fc
",0
2013-02-24T16:04:43Z,petit souci dans le montage :),0
2012-12-23T10:14:47Z,Merci à Revault et place à Monbearts ! (Y),0
2013-05-18T05:12:54Z,"Il est trop fort, la preuve il est demandé par Arsenal",2
2013-05-10T11:09:12Z,Auxerre Faut qui Gagne...,1
2013-03-20T14:28:11Z,ALLEZ LAVAL!,1
2013-02-08T23:09:08Z,"9 buts...mais j'ai rarement vu des ""buts"" aussi minable... ça semble tellement facile. Impression de voir joueur les jeunes U9 au stade !",5
2013-02-05T21:26:23Z,AMAZING,1
2013-02-05T21:26:07Z,Mais quel perf du yaya,2
2013-02-03T11:34:56Z,"9 buts, wow !
et le sanogo 20 ans quadruplé c'est le nouveau messi :)
même si les buts ne sont pas très beaux et le terrain est quasi impraticable, c'est rare de voir 9 buts en Ligue 2 !",2
2013-02-03T09:42:20Z,Aller l aja ses sa les gars!,2
2013-02-03T07:49:44Z,"Laval aurait du gagner le maintient !
",1
2013-02-02T23:28:13Z,9 buts tous plus ridicules les uns que les autres mais ça fait du bien pour l'aja ,2
2013-04-22T12:52:57Z,Je tombe dessus que maintenant mais il existe déjà une certitude: elles ont tenu toutes leurs promesses et les souhaits de Sabrina ont été exaucés: encore plus de public pour les encourager!!,0
2013-06-15T09:18:05Z,C etait le stade  angevin po le stade lavallois,2
2013-05-05T18:43:09Z,jy etaiit au match,1
2013-05-05T09:34:27Z,"Arrêtez de vous bagarrer rien que pour l'équipe que vous supportez, c'est ridicule. On dirait des gamins de 1 an !",1
2013-05-05T09:22:27Z,"Certes, mais j'espère que vous ne monterez pas. Vous ne faites que des victoires à l'arrachée. Et puis bon, quand c'est Charles Diers qui marque...Bref, j'espère que l'EAG montera avec l'ASM et le FCN et que vous resterez là où vous appartenez. À bon entendeur.",1
2013-05-05T09:08:21Z,"Au moins on gagne !
",1
2013-05-05T08:59:18Z,laval aurai pu marque si iauré pas se putein d'arbitres,1
2013-05-05T08:54:10Z,"À part marquer dans les arrêts de jeu, vous savez faire autre chose ? Quelle bande de chanceux...",1
2013-05-05T07:59:47Z,First et a la dernière minute bien jouer,1
2012-12-22T20:19:44Z,Nice a gagner ou perdue,0
2012-12-06T12:50:26Z,"il faut se ressaisir!
",0
