publish_date,title,view_count
2013-05-25T22:00:36Z,Stade Lavallois - Châteauroux (3-2) - Le résumé (LAVAL - LBC) / 2012-13,10942
2013-01-15T11:00:53Z,AS Monaco FC - Stade Lavallois (1-1) - Le résumé (ASM - LAVAL) / 2012-13,3436
2013-03-02T23:00:14Z,Stade Lavallois - Clermont Foot (1-1) - Le résumé (LAVAL - CFA) / 2012-13,1445
2013-04-27T22:00:13Z,Stade Lavallois - RC Lens (1-1) - Le résumé (LAVAL - RCL) / 2012-13,2853
2013-03-09T23:00:19Z,Stade Lavallois - EA Guingamp (2-1) - Le résumé (LAVAL - EAG) / 2012-13,6949
2013-03-17T14:49:55Z,Tours FC - Stade Lavallois (1-1) - Le résumé (TOURS - LAVAL) / 2012-13,1517
2013-02-23T23:00:14Z,SM Caen - Stade Lavallois (2-1) - Le résumé (SMC - LAVAL) / 2012-13,3440
2013-04-20T22:00:15Z,Dijon FCO - Stade Lavallois (1-0) - Le résumé (DFCO - LAVAL) / 2012-13,1987
2013-05-18T22:00:11Z,Havre AC - Stade Lavallois (1-2) - Le résumé (HAC - LAVAL) / 2012-13,3257
2013-02-16T23:00:14Z,Stade Lavallois - CS Sedan (3-0) - Le résumé (LAVAL - CSSA) / 2012-13,5152
2013-05-04T22:00:10Z,Angers SCO - Stade Lavallois (1-0) - Le résumé (SCO - LAVAL) / 2012-13,4596
