published-time,comment,likes
2013-06-14T19:06:06Z,Ouais ! xD,0
2013-06-03T12:47:44Z,lol geste technique 4 étoiles il a trop joué a fifa le commentateur,0
2013-05-30T13:11:55Z,Ouch ouch,0
2013-05-29T18:53:32Z,"كنت بقول اول ما شفته ده هدف على طريقة ابراهيموفتش ... و المعلق قالها في الاخر :D 
",0
2013-05-30T14:58:52Z,Why do those spanish speaking commentators always shout like that?,0
2013-04-17T12:31:34Z,"Allez Lens <3 
Soyez concentré pendant toute la rencontre et suivez le public pour gagner ! La victoire est faisable !! ",0
2013-01-09T18:15:13Z,"vive la Racing tous se qui dise le contrais il aurons dans les fesse a la fin de la saison aller lensois
",1
2012-11-27T22:11:07Z,"ouais enfin faut pas rêver votre entraineur il se chiait de venir a Nîmes, pour un promu, avec un centre de formation nouvellement homologué, des finances au ras des pâquerettes, un président un peu à la masse malgré les sacrifices concédés. L'ARGENT TJR L'ARGENT A CROIRE QUE LE FOOT POPULAIRE EST MORT;
NON AU MATCH A 18H45",0
2012-11-25T19:26:19Z,FORZA S&O !!!! GLOIRE AU RACING !!!,1
2012-11-25T14:29:16Z,"et y sont là, et y sont là, et y sont là les sang et or!!!!! c(est bon de gagner quand meme !!! :-) Vive le racing
",1
2012-11-25T11:17:07Z,Et un but refusé de David Pollet aussi,1
2012-11-25T06:32:00Z,S'aurait pur faire 4/1 si pollet l'aurai pas mis sur la transversale et si le but de lemoigne n’étais pas hors jeu ( il n'est pas dans se résumer le but d'hors jeu de lemoigne,1
2012-11-25T06:28:05Z,"Rcl
",1
2012-11-24T23:21:12Z,Racing Club de Lens ♥♥♥,1
2013-07-03T10:40:39Z,Grosse faute sur le dernier but !!!!,1
2013-05-16T18:19:43Z,allez le rc Lens,1
2013-03-01T18:20:57Z,Match dans la légende du SCO. Marquer deux buts dans les arrêts de jeu à 10.,4
2013-02-17T21:03:55Z,Mérité ouai,2
2013-02-13T16:21:44Z,Y a pas faute sur le dernier but ?? WTF O_o,1
2013-02-12T19:16:17Z,"les belles actions et les buts sont plus beau pour lens mais le match était à l'avantage du sco donc résultat assez logique quand même.
Allez le sco quand même !!!!!",2
2013-02-12T17:09:04Z,"Sous Sikora, on a appris à jouer, il va maintenant falloir apprendre à tenir un résultat. Encore une défaite, celle de trop pour espérer prétendre à la montée.

Bravo aux joueurs d'Angers qui n'ont rien laché et qui se sont battus jusqu'au bout !",2
2013-02-12T13:48:15Z,N'Diaye a fait plus d'arrêts que Riou ...,1
2013-02-12T13:39:03Z,Le match est voler,1
2013-02-12T12:24:02Z,"il est ou le commentateur 
",1
2013-02-12T11:39:34Z,Ce 3ème but digne d'une équipe de poussin <3,5
2013-01-28T14:02:24Z,"A voir très beau but :

But de Touzghar Amiens - Lens Septembre 2011 vu de la tribune Nord",1
2012-10-22T18:33:00Z,"Le début d'une grande remontée , éspéront le ",1
2013-03-12T10:26:30Z,Bonne résumé mais j'aurais aimé voir les occasions avec des vrais ralentis sinon match pas mal c'est la grave Lens ça arrive !!!!,0
2013-01-28T13:57:49Z,But de Touzghar Amiens - Lens Septembre 2011 vu de la tribune Nord,1
2012-12-27T19:25:04Z,"J'espère de tout coeur qu'il reviendra l'année prochaine et que le public s'en souviendra, moi en tout cas je l'oublierais pas ;)",1
2012-12-17T23:10:13Z,Fier de toi ange freddy :D Continue comme tu sera un grand,1
2012-12-14T15:00:54Z,"il a eu cette réaction car il a jouer pour le racing et il na pas été conservé alors il a joué a avion 
",1
2012-10-31T15:44:03Z,J'avoue le mec on lui a rien fait le public est fair-play et lui quand il marque il nous humilie. Quelle mentalité de merde ...,1
2013-04-09T18:18:09Z,allez sedan jsuis peut etre le seul a le croire mais je crois que vous pouvez le faire go cssa,0
2013-04-07T11:10:54Z,"voleur
",0
2013-04-07T08:40:17Z,"La barre à la fin n'est pas à la bonne place, ça faisait encore 2-1",0
2013-04-06T23:57:08Z,pff Lens méritais pas!! Aller Sedan Ya de l'espoir encore!,0
2013-04-06T23:52:29Z,"Jolie remontée Lensoise mais que de frissons jusqu'au terme du match ! 
",0
2013-06-23T16:14:12Z,salut francis mdrrr,0
2013-05-13T20:00:04Z,"oh que tu as resont coeff on s'en souviendra de ce match.magnifique ambiance 
exelent match de la part des lensois que celle des bordellais. merci lensois de nous avoir amenez jusqu'ici.ALLER LENS",0
2012-11-13T19:03:19Z,Tu rages que ton équipe n'ai pas gagné ? :),0
2012-11-13T18:17:33Z,pourri allez malherbe!,0
2012-11-13T17:54:18Z,Valdivia simulateurrrrrrrr vivement le retour a caen ;),0
2012-11-13T17:09:24Z,tu vas pas jouer du psg?,0
2012-11-13T17:08:37Z,frustré,0
2012-11-13T11:08:34Z,ALLEZ LENSOIS ALLEZ 5 MATCHS SANS PERDRE ! ,0
2013-03-30T12:34:25Z,"ALLER LES SANG ET OR !!!
",0
2013-03-27T02:22:07Z,Touzghar est FrancoTunisien !,2
2013-03-23T00:00:24Z,Lens <3 ,0
2013-03-21T21:05:38Z,mERCI RIOU et Bale pour la passe décisive !!!!!,0
2013-03-18T20:55:24Z,Lens !!!!!!,0
2013-03-18T02:02:20Z,S&O FORZA !!!! LE 17 AVRIL UNE GRANDE FETE POUR NOTRE CLUB ENFIN !!!,0
2013-03-17T19:05:08Z,"Mauvaise qualité de video :/
",0
2013-04-16T11:44:03Z,"1:42 = Il dit bien ""Caen va devoir jouer 1/4 d'heure en infériorité numérique"". Après il y a ça oui.
Bref ! On s'en tape :)",0
2013-04-14T08:52:14Z,"Ce commentateur est vraiment naze. C'est pas Caen qui se retrouve en infériorité numérique mais Lens !! Et dans le match Tours-Guingamp, c'est Planté dans les buts de Guingamp en 2ème mi-temps et pas Samassa ... Sans compter les erreurs sur les autres résumés.",0
2013-03-21T16:26:44Z,ALLEZ LAVAL,1
2013-03-19T14:45:23Z,"allez lensois
",1
2013-02-18T22:47:42Z,Allez lens,1
2013-02-03T20:44:40Z,Pas cette année .,1
2013-02-03T14:44:05Z,"sangs et or en ligue 1
",1
2013-02-03T12:58:27Z,"Ajaccio : L'équipe qui ne saura jamais jouer sans se battre 
Allez Lens !",1
2013-05-26T02:19:10Z,Triste pour Le Mans :'(,9
2013-04-22T15:17:29Z,Viva Gragnic !,0
2013-04-22T15:15:32Z,"GO NO
",0
2012-11-06T17:11:04Z,"amis lensois , regarder ma chaine youtube :)   des vidéos du rc lens en ligne !! allez lens et belle victoire a sedan :)",1
2013-03-22T04:59:56Z,Belle transversale de Yoann Demont :) ,1
2013-03-21T16:27:52Z,Stade lavallois / auxerre :  5-4 !!!!! ( allez laval !),1
2013-03-02T10:31:13Z,C'était une superbe ambiance !! Vivement Lens-Bordeaux :),2
2013-02-20T14:23:53Z,"Quel ambiance de FOU , plus de vidéos sur ma chaine ;D",1
2013-02-17T15:23:06Z,superbe reprise ? xD mais c'est son propre but ! ,1
2013-02-17T00:08:29Z,Dans le kop <3,1
2013-02-16T23:32:07Z,"Match de fou, ambiance de rêve !!! ",1
2013-02-16T23:16:58Z,Un match magnifique ! Racing club de Lens <3,2
2013-02-26T17:57:18Z,Renovation ? J'ai l'impression de mater un match de DH .. ,1
2013-02-26T16:42:49Z,"L'arbitre considerait que l'attaquant nordiste n'allé pas au but mais pres de la ligne lateral de la surface de reparation donc pour lui ce n'etais pas une action de but , supporter monegasque j'aurais egalement mis un rouge mais bon , trop laxiste durant tout le match M.SCHNEIDER , et sa vous venge du penalty non sifflé du a la main de dumont , et la semaine derniere personne a rien dis pour le penalty lensois contre chateauroux hein., ",2
2013-02-26T15:50:35Z,"Je suis d accord avec toi sur l'arbitrage qui laisse a désirer mais ce n'est pas qu'avec Lens , tous les weekend il y a des erreurs dans la plupart des matchs , est pour la première action litigieuse je pense que le joueur ce laisse tomber sans vouloir continuer sa course .",1
2013-02-26T13:08:49Z,"J'en ai vraiment marre de cet arbitrage français, j'ai l'impression que Lens s'en prend toujours plein la gueule avec ces arbitres ... Pourquoi l'arbitre n'a pas foutu ce rouge au joueur monégasque au début du match ? Lorsqu'un joueur est en position de dernier défenseur, et qu'il fait faute, c'est rouge, point, il n'y a pas à discuter. Lens était sûr de perdre mais ce rouge aurait pût changer le cours des choses ...",1
2013-02-09T22:55:42Z,"plus de vidéos du RCLENS sur ma chaine ;)
",1
2012-12-19T16:48:30Z,Vive Lens .,1
2013-05-24T21:33:13Z,Allez Lens <3,0
2013-05-19T16:38:53Z,"Allez Lens !!
",0
2013-05-19T09:26:31Z,"Encore un magnifique public malgré que la victoire ne soit pas au rendez-vous !
Allez Lens <3 ",0
2013-04-18T09:13:44Z,allez lensois allez,0
2013-03-19T15:11:33Z,"allez lensois
",0
2012-12-19T16:38:27Z,Allez lens.,0
2013-02-02T11:23:53Z,Lalaina se ballade dans la surface :) on aurait dû gagner ce match !,0
2013-01-31T19:08:28Z,Il sont ou les 2 penaltys non sifflés pour Lens dans le résumé ?,0
2013-01-29T17:08:50Z,"Un magnifique coup franc pour ouvrir le score et un deuxième but évitable, quasi gag pour faire le break. En tout cas, bravo aux joueurs de Dijon qui ont réussi à mettre fin à notre belle (quoique peu victorieuse) série d'invincibilité.",0
2013-01-29T16:03:24Z,Enorme match de Nomenjanahary ! ,0
2013-02-05T18:19:42Z,Plus de vidéos sur ma chaine ;D,0
2013-01-20T22:14:21Z,Bien joué lensois !!!,0
2013-07-07T11:31:30Z,"Les joueurs ont la tête sur les épaules, Ils sont réalistes et ça c'est le sentiment de la remontée en Ligue 1 ! Allez Lens !",0
2013-07-07T05:52:19Z,Bon repos a bajamin,0
2013-07-06T22:18:56Z,FIRST,0
2013-01-16T01:27:40Z,Revenez en Ligue 1 Lens :(,0
2013-01-12T20:05:35Z,oui ;(,0
2012-12-25T14:53:36Z,Trop de matchs nuls. Il va falloir aller chercher plus de victoires pour confirmer le changement. ALLEZ LENS !,1
2012-12-22T23:23:20Z,Sang et or !,1
2013-07-28T10:05:05Z,yatabaré ne c'est pas offére un triplé mais un quadruplé,0
2013-07-11T13:45:00Z,"les buts ne sont pas exceptionnels que des erreurs defensives
",12
2013-06-23T08:16:04Z,Avec falcao o revoir Guingamp Nantes evian  paris von tou niker,0
2013-05-21T07:13:57Z,5 Hors Jeu sur tout les buts XD,0
2013-05-19T19:23:38Z,"moi jai deja acompagnez les joueur de guingamp moi jetait avec fathi atik
",0
2013-05-19T19:21:49Z,il ont merriter la victoir allez guingamp en ligue 1 vive les guingampai allez guingamp son a la 3 place du classemen,0
2013-05-18T21:18:31Z,je suis angevin et jai pas trouver sa truquer en voyant le score mais en ayant vu les buts on se doute si les defenseurs lencois font expres ou pas,0
2013-05-18T15:05:30Z,"truquer peut etre quand on voit toutes les fautes techiques commises dans le match par lens
",0
2013-05-18T06:00:06Z,non lens sont juste des merde (Allez Lille),0
2013-05-17T19:21:29Z,noooon !!!! le retour de Casillas !,0
2013-05-17T16:17:51Z,lille n'a rien à voir dans ce match ,0
2013-05-15T13:33:23Z,normalement je suis supperter de lens mais la fau avouer il sont nul (j'abite a lievin),0
2013-05-15T13:11:44Z,c est que lens ne sera pas en ligue1,0
2013-05-14T21:16:51Z,"Lens a pris cher, je suis désolé les breton mais moi je suis nantais dc Aller NANTES",0
2013-05-14T18:47:48Z,Une Honte pour Lens d'avoir lâché ce match de cet manière ! Honte à vous RCL !,2
2013-05-13T19:07:30Z,"Maroille est à +de 100 km de Lens , rien a voir :')",0
2013-05-13T19:05:47Z,On n'oublie pas vos mauvaise perfomance :) ,0
2013-05-13T17:10:20Z,"1- Ces 200 millions sont une proposition de l'AS Monaco pour ne pas avoir à payer de taxes, comme les autres clubs français le font.
2- Si Le Graet agissait de la sorte, ne penses-tu pas qu'à la place de Paris on aurait l'EAG champion de France, s'appretant à jouer une finale le LDC ? Au lieu de ça Guingamp est descendu en national il y a 2 saisons. A cette époque personne ne criait au complot.",0
2013-05-13T17:04:25Z,"Avoir son ancien président à la tête de la FFF interdit à Guingamp de remonter en ligue 1 ?
Et pour les quelques supp' angevins qui crient au scandale, peut-être auriez-vous gagné au moins un de vos matchs contre Guingamp si vous méritiez tant la montée. Ca n'a pas été le cas...",0
2013-05-13T17:01:37Z,"""Moi je dis ça sent la magouille, Paris avait besoin de 3 points ce week-end et comme par hasard ils ont gagné..."" Pffff
Et NON, Mr Le Graet n'est plus président de Guingamp, ça va faire 3 saisons que c'est Mr Desplat... Tu peux donc être rassuré.
A moins que le fait d'avoir son ancien président à la tête de la FFF interdit à Guingamp de monter en Ligue 1 ?",0
2013-05-13T16:47:17Z,Belle performance de Lens... Allez Lille!!,7
2013-05-13T15:59:09Z,"aller, combien ils ont payer l'arbitre dis moi ;)",0
2013-05-13T11:26:20Z,1:01 Hors jeu.,0
2013-05-13T11:23:22Z,sauf que c'est malherbe qui va gagner,0
2013-05-13T00:35:05Z,MERCI GUINGAMP ,0
2013-05-12T20:39:34Z,Yatabaré tu nous fais rêver !!,2
2013-05-12T20:03:26Z,Match arranger sa se voit ^^,0
2013-05-12T20:02:51Z,Mais n'importe quoi toi >< !,0
2013-05-12T19:17:58Z,Score de fifa quoi,0
2013-05-12T17:40:11Z,A chaque fois la défense joue le hors-jeu mais ils se plantent.,0
2013-05-12T17:02:22Z,Putain avec l'art et la manière .. Bravo les Bretons et allez l'OM ;-),1
2013-05-12T16:37:15Z,Même ma grand mère aurait mieux jouer en défense. On peut tout de même se poser des questions sur ce match.,0
2013-05-12T15:58:20Z,A ouais et Adil c'est Français peut-être ? ,0
2013-05-12T15:48:38Z,Beaucoup trop de noir ds le foot!! On est en France bordel,0
2013-05-12T15:39:23Z,Je crois ke lens devrait aller aprendr a jouer avec des poussins...,0
2013-05-12T15:30:10Z,"Les 200 millions que Le Graet réclame à Monaco, c'est pour acheter d'autres matchs de ce genre en Ligue1?",0
2013-05-12T15:23:48Z,Toi ; tu à Aulas aussi !,0
2013-05-12T14:44:23Z,"le moindre personne qui a joué au foot une fois dans sa vie voit bien que les joueurs ont été achetés !! la placement, les passes, le marquage des Lensois !! tout est louche ... ils n'onr pas été mauvais , ils ont simplement pas joué !! 
il faut maintenant se demander pourquoi  !!!!!!!!!!!!!!!!!!!!!!!!!!!!!!!!!!",0
2013-05-12T14:22:33Z,What the cut ?,0
2013-05-12T14:07:12Z,Franchement si RC LENS veux redevenir le premier club du nord va falloir mettre les bouchés double là...ils ont un très bon centre de formation et ils ne profitent pas de cette richesse c'est dommage...Aller Lille :p,0
2013-05-12T13:41:55Z,c'est des bites abuser surtout le gardien..,0
2013-05-12T12:18:23Z,ALLEZ NANTES !!!!,0
2013-05-12T10:21:49Z,C'est ce qui s'appelle: PRENDRE UNE BRANLEE MONUMENTALE !,0
2013-05-12T10:12:02Z,"Aucun respect pour leur propre conscience ces pauvres lensois .. Pas de repli défensif, pas de dissuasion.. Pas le visage d'une grande équipe tout simplement !",0
2013-05-12T09:58:12Z,"Non mais le match est truqué, une équipe peut pas être aussi nul sans le faire exprès --' (Lens)",0
2013-05-12T09:55:37Z,Allez Guingamp !,0
2013-05-12T09:43:41Z,"allez pleuré ailleurs les angevins !!
",0
2013-05-12T08:07:04Z,Allez Guingamp !!!!,0
2013-05-11T23:57:48Z,Guingamps 4ever,0
2013-05-11T23:22:21Z,tu parles de ville de paysans mais ça remonte à quand la dernière fois que vous avez gagné la coupe de france? Voila. Nous l'en avant de guingamp nous l'a ramené en 2009. Vous parlez de frique mais je pense que si guingamps aurait du frique ils le garderont pour acheter d'autre joueur. Aller KISS KISS gros rageux va. EAG bientôt à nous la ligue 1. ♥♥♥,0
2013-05-11T23:13:22Z,"oui c'est vrai mais est-ce qu'on peut dire que c'est comparable à un 7-0 où on voit bien l'équipe de Lens laissait de grands espaces (ce que n'est pas tout le temps le cas), abandonné des joueurs et faire des fautes qu'ils n'ont jamais fait (exemple : le gardien qui fait n'importe quoi) et ça durant TOUT le match ? Non je ne crois pas. Après j'ai peut-être tord et vous raison mais ça n'empêche pas que je suis supporter d'Angers SCO :p",0
2013-05-11T23:11:45Z,"Mais oui, c'est bien pour ça qu'on a fait l’ascenseur en national et que l'on poirote en ligue 2 depuis plusieurs années, tout à fait logique. 

Je pense seulement que tu reste un simple footix jaloux. 
J'aimerais seulement savoir si tu a vu les match de EAG ? (enfin à part les 2 match gagné contre Angers bien sur...)
Tu verrais alors que l'on n'a pas besoin de cela.

Et oui, les paysans sont de retour.
/watch?v=aVjxuf2JYrs
(Drogba et malouda, les Paysans sont de retour)",0
2013-05-11T23:01:14Z,"ouais,on leur a offert des gonzesses !",0
2013-05-11T23:00:59Z,"euh,gervais n'a plus rien à voir avec lens.
",0
2013-05-11T23:00:25Z,le angers- lens du mois dernier ou lens mène 2-1 à la 90eme et perds 3-2 est bien plus sceptique.,1
2013-05-11T22:52:59Z,"LOOOOL, c'est bon assume que EAG est obligé de mettre la main au portefeuille pour passer en ligue 1 ^^ L'équipe vaut rien sans le frique. Les Angevins se démerdent, il lâche jamais l'affaire et c'est pour ça qu'il marque tout de même, si vraiment y'avait de l'argent que se serait transmis, angers aurait gagné tout leurs match et non fait des matchs nuls -_- aller retourne traire des vaches dans ta ville de paysan",0
2013-05-11T22:44:06Z,"Ohhh le méchant ""Le Great"" ! Apparemment il même payé Angers et Caen pour les 12 points pris cette saison...
Avant de nous regarder, gagné vos matchs avant tout...
Une nouvelle loi pour l'année prochaine : ne jamais gagner par plus de 6 buts sous réserve de poursuite judiciaire.",0
2013-05-11T22:39:26Z,Match truqué ... pfff,0
2013-05-11T22:27:04Z,Match truqué ! Merci Le Graet ! Une petite enveloppe a ton ami Gervais et hop ! putain !,0
2013-05-04T21:21:15Z,pas terrible  la premier période  mai la 2 eme  superbe ,0
2013-05-09T08:42:36Z,"Benjamin Leroy va finir en ligue 1 l'année prochaine !
",1
2013-05-06T06:14:15Z,Tjs des pines à l'extérieur...au moins on fait plaisir aux supporters adverses >_>,0
2013-05-05T17:02:59Z,homme du match : le gardien de tours,1
2013-05-05T17:02:35Z,"je trouve que le gardien de tours a etait fantastique
",1
2012-12-20T13:01:03Z,tal degh!,2
2012-12-20T09:58:53Z,l'è un gran Bulàgna !,1
2013-05-30T04:20:06Z,hi,0
2013-05-30T04:19:59Z,Hi,0
2013-05-30T04:19:51Z,Hi,0
2013-05-22T13:32:26Z,hi,0
2013-05-07T09:07:03Z,Hi,0
2013-07-19T09:12:23Z,bienvenu chez nous (om),0
2013-07-19T06:48:15Z,Et op a l'om,0
2013-07-16T20:41:29Z,trop lent !!,0
2013-07-16T20:27:16Z,Futur marseillais,0
2013-06-29T11:15:24Z,Welcome to As Roma Gilbert!!,0
2013-06-23T18:47:28Z,The new Yaya Toure,0
2013-06-18T05:37:38Z,Looks like Viera 2.0 literally.,0
2013-06-18T05:36:47Z,I'll take him over the Spanish 23 year old.,0
2013-06-17T18:25:55Z,he is an animal! Arsene sign him up,0
2013-06-02T15:06:29Z,"Ce joueur a trés intéressant, je comprend que les plus grands club le veuillle.",0
2013-07-05T07:36:07Z,"Lo repito nuevamente, ¿este vídeo tiene algo qué ver con México? Que yo sepa, NO. Es más adecuado que te metas a vídeos donde juega tu selección, ¿no te parece?
Por cierto, a nadie le importa lo poco que ganó México (logros que, por cierto, los ganó clasificando mediante una confederación de nivel mediocre (conCACAf)).",0
2013-07-05T07:25:34Z,"¿Y? ¿Acaso este vídeo es sobre México? Que yo sepa, NOOOO... Así que largo de aquí, que a uds. los miramos por encima del hombro, no existen.",0
2013-06-04T06:38:38Z,"que lastima que no iran a Brasil.
",0
2013-05-29T01:07:53Z,muy bien !!!!!!!!!!!!!!!!!!!!!!!!!,0
2013-05-29T01:01:22Z,q gol bn hecho pero el gol estaba en la banca,0
2013-05-28T23:23:37Z,"Bien hecho selección, empezamos con pie derecho. Espero esta vez lleguemos mas lejos que el mundial anterior. 
Forza.",0
2013-05-28T21:09:00Z,buen equipo,0
2013-06-12T16:09:44Z,Juste magnifique le but de Coeff ! :O,0
2013-07-23T09:13:58Z,VALDES is that you????,0
2013-07-01T00:50:50Z,"If you have degenerated to spamming youtube with this garbage, then I highly doubt you have a spouse.",0
2013-06-05T01:26:00Z,"sure is right, this is really fantastic. i can tell you one thing, i really didn't expect that this site would send me a check of $240 for doing some surveys. i got it from here. you can also try it: bit.ly\_HASH_",0
2013-06-04T16:56:52Z,"yep, i am very lucky to get to know about this site. Listen, my spouse is getting paid monthly for doing some surveys and browsing sites. i got it from here. you can also try it: bit.ly\_HASH_",0
2013-06-04T00:16:01Z,The dip on that shot,0
2013-05-30T13:12:56Z,What lousy handling. France!,0
2013-05-29T06:20:47Z,México campeón esperanzas de Toulon ,0
2013-06-16T08:48:53Z,En donde esta el gol de messi?????,0
