publish_date,title,view_count
2013-03-17T14:54:08Z,AC Arles Avignon - CS Sedan (2-2) - Le résumé (ACA - CSSA) / 2012-13,2322
2012-11-10T23:00:16Z,AC Arles Avignon - Stade Lavallois (0-3) - Le résumé (ACA - LAVAL) / 2012-13,2142
2013-03-09T23:00:19Z,Clermont Foot - AC Arles Avignon (2-4) - Le résumé (CFA - ACA) / 2012-13,4236
2013-03-02T23:00:14Z,AC Arles Avignon - AJ Auxerre (2-1) - Le résumé (ACA - AJA) / 2012-13,3348
2013-05-18T22:00:11Z,Dijon FCO - AC Arles Avignon (2-3) - Le résumé (DFCO - ACA) / 2012-13,3417
2013-05-25T22:00:36Z,AC Arles Avignon - Havre AC (1-1) - Le résumé (ACA - HAC) / 2012-13,3782
2012-10-27T22:00:12Z,AC Arles Avignon - SM Caen (0-2) - Le résumé (ACA - SMC) / 2012-13,2350
2012-10-20T22:00:12Z,CS Sedan - AC Arles Avignon (4-2) - Le résumé (CSSA - ACA) / 2012-13,4963
2013-03-30T23:00:14Z,SM Caen - AC Arles Avignon (1-1) - Le résumé (SMC - ACA) / 2012-13,2720
2013-01-04T12:40:53Z,BUT DE GALTIER FACILE ARLES AVIGNON SPILBREG,725
2012-10-20T22:22:03Z,Conférence de presse CS Sedan - AC Arles Avignon (4-2) / 2012-13,164
2013-01-04T15:14:08Z,NABY YATTARRA PARADE !!!!!!!!!!!! ARLES AVIGNON.COM SPILBREG,296
2012-08-03T21:22:26Z,arles avignon rc lens homage a EDEN 2012,496
2013-01-04T14:29:03Z,GOAL JORDAN GALTIER !!!!!!!!!!!!!!!!!!!!!!! AC ARLES AVIGNON . COM SPILBREG,820
2012-11-05T18:39:52Z,sangaré mamadou,623
2012-12-03T09:56:22Z,Adama Sabally 1,384
2013-05-22T23:03:24Z,MARCOS ATACANTE BULGÁRIA,1313
2013-07-03T19:55:04Z,bilel hamdi,1587
2013-06-21T19:06:21Z,Traoré Moussa 1,605
2013-03-13T23:32:29Z,saidou Boundane International Burkinabé en image Mon diaporama,288
2013-02-27T13:06:27Z,BUDA KACAR MI KAMERA ARKASI,3791
2013-01-14T14:34:28Z,"KACOU ORLANDO, nouvelle graine du footballeur ivoirien",196
