published-time,comment,likes
2013-02-21T19:40:37Z,ta gueule allez le mans,1
2013-02-21T19:40:15Z,allez le mans,1
2013-01-20T11:10:42Z,Vive Le Mans FC !! POuce vert si vous serez là à Le Mans FC - SM Caen . :),1
2013-01-19T23:37:23Z,Bell victoire de Le Mans avec un bon Janot :),1
2013-03-09T23:58:43Z,"encor une def :s
",1
2013-04-16T07:17:14Z,Le mans restera t-il en ligue2?,1
2013-04-13T22:29:40Z,Erreur le score n'est pas de 3-1 mais de 2-1 en faveur des istréens,1
2013-02-18T19:23:10Z,le mans ALLEZ ALLEZ LE MANS,2
2013-02-08T20:30:58Z,Allez les nantais on les applaudit pour enfin ce rattrapage de plusieurs saison manquées!!!!!,1
2013-02-08T18:23:09Z,FCNANTES ! FCNANTES ! FCNANTES !,0
2013-02-06T13:30:40Z,Wesh Nantes!!!15ème but de Djo!!!,0
2013-02-05T01:30:46Z,"une mauvaise nouvelle vient de tomber pour le FC Nantes 
interdiction de recruter pendant 1 ans .Dommage si on monte ",0
2013-02-04T19:43:02Z,c'est moi ou il y a + de buts et de matchs à rebondissements en ligue 2 qu'en ligue 1 ?,0
2013-02-04T03:53:15Z,ça fais plaisir l'année prochaine je pourrais enfin revoir un mythique bordeaux vs nantes ,1
2013-02-03T20:44:14Z,LE MANS CEST LA MISEREEE MISEREEE MISEREEE!!!,0
2013-02-03T19:46:57Z,"EN L1 C'est L'OM en l1 je suis pour l'om et l2 pour le muc
",1
2013-02-03T19:44:53Z,"allez le mans ALLEZ ALLEZ ALLEZ LE MANS
",2
2013-02-03T14:08:00Z,drrraaa 44 RPZ aïe aïe aïe !!!,0
2013-02-03T10:29:03Z,FCNANTES !!,0
2013-04-28T13:08:05Z,Angers soon Ligue 1 ;),1
2013-03-05T00:05:04Z,"jai regarder dans le stade sco avait bcp chance et merci arbitre qui exclu le manceau 
je suis arbitre aussi mais  cet arbitre javais la honte piur lui",1
2013-03-03T20:41:30Z,Bravo le SCO,1
2013-04-08T05:59:38Z,"c fouss et no mendes sur la premiere occas
",1
2013-04-07T09:35:14Z,On est pas encore mort. U.C ! <3,1
2013-01-07T23:07:12Z,welcome to ETTIFAQ,0
2012-08-28T13:48:39Z,realy you call that nice that's amazing ,0
2012-08-28T13:35:18Z,"This guy is a hero to me, gave me the first Champions League mode FIFA 12 XD career.",0
2013-01-12T10:17:58Z,Faut reconnaître que Lorient a fait une très bonne 1ère partie de saison.,0
2012-12-19T11:48:08Z,"Vraiment déçue des verts encore une fois ...
Mais on lâche rien, on est toujours là ! Il faut se reprendre ! Allez les verts <3",0
2013-07-21T16:39:00Z,"Why won't we﻿ sign up Betrand Traore ? he's quite good why wouldn't we sign him please stop him as a trialist, sign him up?",0
2013-07-23T22:15:44Z,legend already ,0
2013-03-22T14:37:24Z,tous les buts de traoré (avec lorient)sont hors de la surface ,1
2013-01-06T15:25:48Z,"aller lorient
",0
2013-01-06T15:25:36Z,"j'etais au stade de rennes et je suis a fon pour lorient , trop beau match si on enleve les carton rouge mais on leur a mis leur misere au rennais!",0
2012-10-05T19:10:03Z,Chui Merlu et fiére ♥,0
2013-05-02T20:04:31Z,"The power of the dream!!! Mon reve Jonathan c'est te voir a Man.U Suis autan FAN que toi. Tu apportera a Man.U ce que Christiano a do. 
S'il est donc vraie que le succes ce trouve o bout ds efforts, toi tu meriteras Man.U!
Johnson.SIRLEAF",2
2013-07-28T23:31:31Z,"Salut à tous ! voici la vidéo de notre très chère ami le pro Souleymane Sawadogo dit Koemane. Celui qui le reconnais qu'il commente cette vidéo pour juste l'encourager dans ces démarches pour qu'il aille loin dans le football, encore une fois merci pour votre compréhension.",1
