publish_date,title,view_count
2012-11-24T23:00:16Z,SM Caen - Angers SCO (1-0) - Le résumé (SMC - SCO) / 2012-13,3928
2013-02-02T23:00:13Z,SM Caen - Nîmes Olympique (1-0) - Le résumé (SMC - NIMES) / 2012-13,3220
2013-02-09T23:00:29Z,SM Caen - CS Sedan (2-0) - Le résumé (SMC - CSSA) / 2012-13,3217
2013-01-26T23:00:13Z,Clermont Foot - SM Caen (0-0) - Le résumé (CFA - SMC) / 2012-13,1222
2012-12-01T23:00:32Z,Dijon FCO - SM Caen (1-0) - Le résumé (DFCO - SMC) / 2012-13,3400
2013-05-20T20:18:05Z,Aliou DIA  Defenseur Central,2105
2012-11-04T17:02:19Z,VTS_01_1.mp,80
2013-05-28T17:46:10Z,Bassiri KEITA football soccer,703
2013-05-12T22:00:11Z,But Lindsay ROSE (68&#39;) - Valenciennes FC - Stade Rennais FC (4-1) / 2012-13,9487
2012-09-08T08:01:46Z,[National - 6ème journée] USBCO - Epinal,927
2012-11-07T20:25:20Z,Ligue Europa - L&#39;OM ne doit pas se louper,82
2013-05-12T22:00:18Z,Goal Lindsay ROSE (68&#39;) - Valenciennes FC - Stade Rennais FC (4-1) / 2012-13,580
