publish_date,title,view_count
2013-01-19T23:00:13Z,Le Mans FC - Châteauroux (2-0) - Le résumé (LEMANS - LBC) / 2012-13,3623
2013-03-09T23:00:19Z,CS Sedan - Le Mans FC (2-1) - Le résumé (CSSA - LEMANS) / 2012-13,5841
2013-04-13T22:00:15Z,Le Mans FC - FC Istres (1-2) - Le résumé (LEMANS - FCIOP) / 2012-13,1789
2013-02-02T23:00:14Z,Le Mans FC - FC Nantes (0-3) - Le résumé (LEMANS - FCN) / 2012-13,15298
2013-01-19T18:19:53Z,Conférence de presse Le Mans FC - Châteauroux (2-0) / 2012-13,136
2013-03-02T23:00:14Z,Le Mans FC - Angers SCO (0-2) - Le résumé (LEMANS - SCO) / 2012-13,6795
2013-04-06T22:00:13Z,Le Mans FC - Tours FC (1-0) - Le résumé (LEMANS - TOURS) / 2012-13,5503
2012-08-28T12:57:33Z,Nice goal from Burkina Faso star Abdou Razack Traore,6993
2013-07-21T15:47:34Z,Bertrand Traore Amazing Goal !! Malaysian XI vs Chelsea 0 1 _friendly match_21/07/2013,2231
2013-07-21T16:39:35Z,Malaysian XI vs Chelsea 1 - 4 Full Highlight All Goal 21.7.2013 by Malaysia News,1533
2012-09-22T18:18:41Z,Young Football Talent 2013 [Part3],5628
2012-12-07T11:49:57Z,Amsa Ouédraogo 2è clip.mpg,316
2013-07-21T16:10:31Z,Malaysian XI vs Chelsea 0 - 4 Bertrand Traore Goal 21 7 2013,422
2012-12-16T23:00:36Z,But Alain TRAORE (38&#39;) - AS Saint-Etienne - FC Lorient (0-2) / 2012-13,2660
2013-04-15T20:14:54Z,Traore Fantastic Goal! 720p,579
2013-07-21T16:05:49Z,Malaysian XI vs Chelsea 0   1 Bertrand Traore Goal 21 7 2013,1537
2012-09-02T22:00:43Z,But Henri SAIVET (86&#39;) - Girondins de Bordeaux - OGC Nice (1-1) / 2012-13,2088
2013-05-28T00:01:18Z,Victor Nikiema 60,2918
2013-07-23T22:09:09Z,Chelsea A Star is Born !,1198
2012-09-22T15:03:38Z,les plus beau buts d&#39;Alain Traoré avec les merlus de Lorient,5379
2012-10-30T20:54:23Z,Moussavou Billa vos remonte le sacre de Alain Traoré contre la RCA.....,2381
2013-05-02T12:22:28Z,Moussavou BILLA et Jonathan PITROIPA,18818
2013-04-10T11:53:09Z,Moussavou BILLA et Djakaridja KONE,4566
2012-08-30T14:36:26Z,Moussavou Billa vous informe sur Souleymane Sawadogo de l&#39;AJ Auxerre....,61627
2012-10-07T13:46:40Z,Moussavou BILLA interroge Bakary Koné BAKO sur son debut de saison,2842
2013-04-03T14:10:44Z,Moussavou BILLA interrroge CHarles KABORE...,4579
