publish_date,title,view_count
2013-02-23T23:00:15Z,Chamois Niortais - Le Mans FC (2-3) - Le résumé (NIORT - LEMANS) / 2012-13,7307
2013-01-26T23:00:13Z,AJ Auxerre - Le Mans FC (1-1) - Le résumé (AJA - LEMANS) / 2012-13,3332
2013-03-30T23:00:14Z,Stade Lavallois - Le Mans FC (2-1) - Le résumé (LAVAL - LEMANS) / 2012-13,6269
2013-04-20T22:00:15Z,EA Guingamp - Le Mans FC (6-1) - Le résumé (EAG - LEMANS) / 2012-13,23539
2013-02-09T23:00:28Z,Clermont Foot - Le Mans FC (1-1) - Le résumé (CFA - LEMANS) / 2012-13,1703
2012-10-27T22:00:12Z,Le Mans FC - Stade Lavallois (2-0) - Le résumé (LEMANS - LAVAL) / 2012-13,5535
2012-11-10T23:00:16Z,FC Istres - Le Mans FC (1-0) - Le résumé (FCIOP - LEMANS) / 2012-13,1368
2013-01-12T19:54:44Z,Dijon FCO - Le Mans FC (3-0) - Le résumé (DFCO - LEMANS) / 2012-13,3850
2013-03-09T23:00:19Z,CS Sedan - Le Mans FC (2-1) - Le résumé (CSSA - LEMANS) / 2012-13,5841
2013-03-17T14:47:37Z,Le Mans FC - Nîmes Olympique (0-3) - Le résumé (LEMANS - NIMES) / 2012-13,2286
2013-02-16T23:00:14Z,Le Mans FC - SM Caen (1-1) - Le résumé (LEMANS - SMC) / 2012-13,4572
2012-11-24T23:00:16Z,Le Mans FC - EA Guingamp (0-2) - Le résumé (LEMANS - EAG) / 2012-13,2771
2012-11-03T23:56:42Z,Tours FC - Le Mans FC (2-0) - Le résumé (TOURS - LEMANS) / 2012-13,2900
2013-02-02T23:00:14Z,Le Mans FC - FC Nantes (0-3) - Le résumé (LEMANS - FCN) / 2012-13,15298
2013-03-02T23:00:14Z,Le Mans FC - Angers SCO (0-2) - Le résumé (LEMANS - SCO) / 2012-13,6795
2013-01-29T11:10:03Z,reathlétisation,98
2013-04-04T15:07:52Z,L’Équipe du Zalasma Fc sur le terrain,205
2012-09-30T16:55:15Z,H. Mkhitaryan&#39;s double (FC Shakhtar) vs FC Nordsjælland,39290
2013-07-17T15:22:01Z,Champions League Qualifikation. Shirak 1 - 0 Partizan. Hakobyan,403
2013-07-01T12:00:39Z,L1 J25 ASEC Mimosas - EFYM (3-0),834
2012-10-04T03:12:22Z,Jeune footballeur talentueux Ivoirien   MICHEL ANGE AKPA 0001,242
2012-11-28T12:15:17Z,OUEDRAOGO ADAMA KADER,12
2012-11-28T12:20:50Z,OUEDRAOGO ADAMA KADER,19
2013-03-08T01:05:43Z,Désiré Jonel-Joueur de la Sélection Nationale U-17,1058
2013-03-12T15:48:51Z,Lacourt Jonathan,847
2013-04-04T15:27:00Z,Présentation de l&#39;équipe du Zalasma Fc,145
2013-03-22T14:17:30Z,FC SHIRAK,448
