published-time,comment,likes
2013-02-27T13:02:22Z,"Moi j'Adore Caen et puis victoire merite ou pas, l'important c'est de gagner :-)",0
2013-02-03T13:11:44Z,Ca m'enerve de perdre ce match pas mériter du tout en plus J'aime pas Caen.,0
2013-02-11T12:44:32Z,"Sedan, que fait-tu cette saison ? L'année dernière tu arrive à quelques points de la ligue 1 et cette saison tu es relégable et de loin !",0
2013-02-09T23:39:44Z,Ça serait bien de mettre les actions dans l'ordre du match et de mettre les plus importantes...,0
2013-06-01T21:58:47Z,Venez sur ma chaine pour voir ma vidéo du top des buts du DFCO en 2012-2013 ;) Merci,0
2013-01-08T17:03:47Z,"AUXERROIS <3
",0
2013-01-02T21:25:53Z,T'habite a Dijon ?,0
2012-12-22T10:22:40Z,0:57 c'est une tete de Koné et non pas de Tavares,0
2012-12-12T16:51:34Z,"DIJONNAIS
",0
2012-12-08T22:44:25Z,Allez Dijon! ,0
2012-11-04T17:14:48Z,j'aime,0
