published-time,comment,likes
2013-05-08T16:08:37Z,"aller les sang et or
sang et or suporters a lavie a la mort 
",2
2013-03-09T18:33:19Z,il y a que le mans dans mon coeur qui bat il y a que le mans toujours il restera,1
2013-03-03T13:31:00Z,beau match !,1
2013-03-02T14:43:30Z,"Pour une fois que Le Mans FC gagne ! 
Perdre contre une equipe de National LA HONTE ! 
Fin bref on les soutients 
SANG ET OR !
",2
2013-03-02T14:05:59Z,Tu la dit quel arbitre pourri,2
2013-03-01T19:03:43Z,Sang et Or !!!!!,2
2013-04-02T15:22:13Z,ALLEZ LAVAL,2
2013-07-03T09:00:02Z,C'était de l'humour...,1
2013-05-04T10:12:14Z,"Un peu de respect s'il te plait!
Souhaiter une blessure c'est tous simplement stupide et pour tous les gardiens il y a des matchs comme ca a oublier (exemple pour Lloris la claque reçu a domicile par le Bayern Munich 3-0( en ligue des champions et surtout en demi finale ce n'est pas normal)",3
2013-04-30T11:47:58Z,"Une partie de rigolade pour les Guingampais !!!
",3
2013-04-22T16:41:33Z,ca on l'avait remarqué,1
2013-04-22T16:02:04Z,J'espère que le 1er gardien de la géorgie se blessera comme ça on rigolera bien à Géorgie-France !,4
2013-04-21T20:43:35Z,"Allez Guingamp !
Cette année c'est la bonne !!",4
2013-04-21T16:05:01Z,"A la base c'est Janot et il est bléssé.. et dire que pourtant, ce mec c'est quand même le deuxième gardien nationale de Géorgie. Il doivent vraiment avoir peu de choix..",2
2013-04-21T14:47:55Z,On est nul ! Manceau qui parle,2
2013-04-21T13:23:14Z,"Tu as raison il est bidon 
",1
2013-04-21T11:37:32Z,Nan mais franchement le mans faut changer de gardien il est nul celui la ! Il ne bouge même pas !,4
2013-02-12T18:37:50Z,"C'est quoi cette arbitre sérieux ?!
",1
2013-02-10T08:02:24Z,"Supporter clermontois, mais je dois admettre que je ne comprends pas le penalty...",1
2013-01-19T18:42:01Z,trop fort mon cousin a moi aussi tu peux etre fier de toi continue ainsi moi (marine) et léa on te supporte fort a carpantras. vive les philippoteaux,1
2013-01-16T08:37:34Z,romain mon cousin jsui trop fier de toi !! revien moi vite la famille quon fete tous sa meme si on la deja féter ;) lache rien c toi le meilleur depuis petit jte le di lache rien rien riennnnn !!! jtembrasse la famille jtappel ce soir ,1
2013-01-14T16:23:45Z,Le Buteur d'Apt c'est le meilleur ! ,1
2013-01-12T22:38:29Z,cette chaine fait du bon boulot,1
2013-03-09T23:58:43Z,"encor une def :s
",1
2013-03-22T22:58:28Z,On fait pitié (manceau),1
2013-03-18T20:43:18Z,"Jannot peut absolument rien faire !
",1
2013-03-18T17:32:40Z,"on est vraiment pourri (manceau qui parle)

",1
2013-03-18T00:49:35Z,Une demonstration des Nîmois !!! Superbe =),1
2013-03-17T21:30:44Z,Avant les vidéos j'adorais Casillas mais maintenant je dis juste LA FERME !,1
2013-02-18T19:23:10Z,le mans ALLEZ ALLEZ LE MANS,2
2013-02-08T20:30:58Z,Allez les nantais on les applaudit pour enfin ce rattrapage de plusieurs saison manquées!!!!!,1
2013-02-08T18:23:09Z,FCNANTES ! FCNANTES ! FCNANTES !,0
2013-02-06T13:30:40Z,Wesh Nantes!!!15ème but de Djo!!!,0
2013-02-05T01:30:46Z,"une mauvaise nouvelle vient de tomber pour le FC Nantes 
interdiction de recruter pendant 1 ans .Dommage si on monte ",0
2013-02-04T19:43:02Z,c'est moi ou il y a + de buts et de matchs à rebondissements en ligue 2 qu'en ligue 1 ?,0
2013-02-04T03:53:15Z,ça fais plaisir l'année prochaine je pourrais enfin revoir un mythique bordeaux vs nantes ,1
2013-02-03T20:44:14Z,LE MANS CEST LA MISEREEE MISEREEE MISEREEE!!!,0
2013-02-03T19:46:57Z,"EN L1 C'est L'OM en l1 je suis pour l'om et l2 pour le muc
",1
2013-02-03T19:44:53Z,"allez le mans ALLEZ ALLEZ ALLEZ LE MANS
",2
2013-02-03T14:08:00Z,drrraaa 44 RPZ aïe aïe aïe !!!,0
2013-02-03T10:29:03Z,FCNANTES !!,0
2013-04-28T13:08:05Z,Angers soon Ligue 1 ;),1
2013-03-05T00:05:04Z,"jai regarder dans le stade sco avait bcp chance et merci arbitre qui exclu le manceau 
je suis arbitre aussi mais  cet arbitre javais la honte piur lui",1
2013-03-03T20:41:30Z,Bravo le SCO,1
2012-12-23T16:13:19Z,Mxitaryan  the best.....sami luchshi igrok Shakhtara......,2
2012-11-20T22:14:00Z,puha,0
2013-03-22T17:25:12Z,"klaaaasssss
",0
