publish_date,title,view_count
2013-07-02T15:32:08Z,Hamza Abourazzouk Skill-Goals,8930
2012-11-06T18:05:27Z,WAC 1-3 RCA - But de hafidi - 2012/11/06,27509
2012-11-19T15:24:25Z,"Coupe Du Trône 2012 far (4) Raja (5), But Bourazouk",162568
2012-10-07T04:21:33Z,WAF 0 // 2 Raja - J4 - 2012/2013,1621
2013-01-12T19:54:44Z,Angers SCO - Clermont Foot (1-2) - Le résumé (SCO - CFA) / 2012-13,2175
2012-11-11T17:01:33Z,Occasion raté par HAFIDI,999
2013-07-26T13:16:06Z,حمزة بورزوق علام ههههه,198742
2013-05-12T15:15:27Z,Botola Pro : RCA 2 - 0 CRA - But De Abdel-ilah Hafidi,397
2012-12-16T17:44:57Z,أهداف الديربي 113: الرجاء Vs الوداد تعليق عبد الحق الشراط,126397
2013-05-07T23:21:53Z,Trasim Hamza,368
2012-11-08T04:51:26Z,penalty hamza bourazzouk derby raja vs wac le 06/11/2012,2727
2012-12-16T19:35:14Z,ديربي 113 الرجاء والوداد هدف حمزة برزوق من MAGANA,16644
2013-03-16T00:57:18Z,Raja vs Arabi kuwaiti occasion de bourzouk,3421
2012-12-16T16:01:09Z,RCA - WAC But Hamza Bourazzouk  16/12/2012 الرجاء  الوداد هدف حمزة بورزوق,3065
2013-02-16T19:15:20Z,الهدف الوحيد للرجــــــاء في مرمى الكاك  &#39; BOURAZOUK &#39;,4691
2013-04-11T21:31:11Z,RCA 1-1 AS.FAR (buts de Kaddioui + Abourazzouk) | 11/04/2013 | www.supporters-asfar.com |,52298
2013-05-12T15:30:57Z,Botola Pro : RCA 3 - 0 CRA - But De  Hamza Abourazzouk,881
2013-02-24T16:24:02Z,RAJA 1-0 WAF But Mohcine Yajour # هدف محسن ياجور,1325
2013-01-16T22:11:01Z,Best Right-Back Defender In Morocco &quot;Zakaria El Hachimi&quot; - 2012_2013,4025
2012-11-11T16:51:08Z,Bourazouk rate...HUSA vs RAA,1052
2013-03-12T17:51:11Z,هدف ضائع بغرابة من حمزة بورزوق,3251
2013-04-21T16:33:17Z,RAJA.C.A 1 - 1 MAS || هدف حمزة بورزوق,6327
2013-02-16T17:37:01Z,Raja 1 - 1 Kac # حمزة بورزق,662
2012-12-16T17:47:14Z,But de  BOUREZZOUK RAJA VS WAC 1- 1 16-12-2012  .,1179
2013-02-17T14:28:17Z,KAC - RAJA 1-1 / Botola PRO J17 (نادي القنيطري ضد الرجاء),1437
2012-11-11T16:57:44Z,Occasion raté par Abourazzouk,1783
2012-11-08T16:05:29Z,Marounae Zemmama after his Goal against Southampton,34928
2013-04-11T21:35:43Z,Raja 1-1 FAR Botola Pro 2012/2013,2333
2013-07-06T22:28:58Z,But Abdessamad El Moubarky vs tunisie,920
2012-09-19T22:12:17Z,FAR Rabat 2-0 Wydad Casablanca (WAC),4508
2013-02-27T23:41:37Z,Message Pour Taoussi  Solo Raja,3986
2012-10-01T22:39:03Z,Meilleurs buts de la 3ème journée de la Botola Pro 2012/2013,2080
2013-05-04T20:18:09Z,AS FAR (Maroc) 2-1 Azam FC (Tanzanie) | les buts du match (Bocco + Achchakir + Allaoui) - 04/05/2013,9627
2012-10-06T19:33:38Z,RBM vs HUSA 1-1 / Botola PRO J4 (رجاء بني ملال ضد حسنية أكادير),1913
2012-08-14T21:53:26Z,هدف محسن متوالي بعد تمريرة الحافظي CAMERA RAJAFELBAL.COM,15844
2013-07-19T00:03:20Z,raja vs wac 3-1,189
2012-12-30T18:16:38Z,"Raja Vs Berkane 3 - 2  du 30-12-2012, But chataibi live",3811
2012-11-10T21:13:32Z,meyagheri vs hewasli ---) + ambiance les winners,504
2012-09-01T22:52:46Z,"Raja club athletic 2-1 HUSA 1/16 Coupe du Trône , saison2011/2012",1940
2013-05-03T01:35:48Z,Montage Foot Sacha CLEMENCE,1374
2013-01-06T14:48:42Z,But Bourazouk contre DHJ,3319
2012-11-06T16:11:14Z,WAC 1.1 RCA,13568
2013-04-11T20:13:53Z,Raja - FAR : But de Kaddioui,4272
2012-11-07T10:39:15Z,wac vs raja,144
2013-07-22T05:18:24Z,CONFERENCE DE PRESSE RCA VS NICE (france),4476
2012-11-07T10:42:01Z,WAC vs RAJA,93
2012-11-07T20:37:16Z,raja vs wac  demi final coup ( 06 /11 / 2012 )  3 / 1,3939
2012-12-16T14:29:36Z,Tifo Raja vs Wydad : Derby 113 (تيفو الرجاء ضد الوداد),8571
2013-04-11T21:58:53Z,raja vs far le but de bourezzouk,599
2012-12-13T18:41:24Z,zemmama freeckick vs southampton,9444
