published-time,comment,likes
2013-04-01T17:14:49Z,Tbouuricha ...  ♥,1
2013-03-09T23:41:15Z,"Harisson aful f 90 glna ri bono ma3andouch khibra , aw hta hafidi li ma3andouch khibra f 90 3la lmyaghri wa malkoume m3a 90 a bouhamroune !",0
2013-02-27T21:45:03Z,vive raja ,0
2013-02-12T13:10:24Z,"dima raja
",0
2012-11-06T20:21:53Z,"FRIMIJA: virage uniS jusqu'à ... EL HAFIDI ! :D

",0
2013-07-17T14:28:20Z,hors jeu bayn  akhay 7it nta akhay zemmama sawarti mn blassa fjanb machi m3a la ligne ftv bant hors jeu akhay,0
2013-07-14T01:33:01Z,Dima Rajaaaaaaaaaaaaaaaaaaaaaaaaaaaaaa,1
2013-07-09T12:21:31Z,روعــــــــــــــــــــــــــــــــــــــــة هدا الهـــــــــــــــــــــــــــــــف ,1
2013-06-18T15:13:30Z,nn khoya but kan hor jeu mais wakha hakak dina la coupe wdima raja,1
2012-12-29T00:17:05Z,"slm khouya , khashom ijibouk fi bernamaj ta7kim techere7 lihom . tbarkallah 3lik ",1
2012-12-28T22:57:38Z,أقسم لكم أن هذف بورزوق كان هذف صحيح 100% 100 ، إن كانت بطولة قطر ضعيفة فهم عل الأقل يعاودون أي لقطة من كل الزاويات وحتى أنهم يعاودون مشكل الشروط في أقل من تانيتين، أما في المغرب فيجب أن تصيح بصوت قوي ويأتي أحد لكي يكرر الإعادة بعد دقيقتين؛  أتركونني أخدم مكان ذلك المخرج في الرياضية وسوف ترون الفرق ,0
2012-12-28T22:41:46Z,"le but dial bourarazouq c'était valide 100%, walaikn lcamérira li daro fi arriyadiya c'est depuit arrière non par avant, en parallèlle vous allez voir que c'était un un but valide",0
2012-12-26T11:53:02Z,hhhhhhhhhhhhh,0
2012-11-22T23:43:29Z,oui khouya ,0
2012-11-22T19:04:53Z,hors jeu a drari bayen hhhh lmohim lkas kanet mktaaaaablna b had lbut ou pas,0
2012-11-22T16:22:25Z,chwiya fih ,0
2012-11-22T00:39:55Z,wallah mafiha hors jeux,0
2012-11-21T17:15:42Z,"DIHA FMOK YA LWIZIZI MCHITI KHAWI GHIR MEN 2000 LDABA DINA 1 TITRE FELAAM + 1 TITRE WENTOUMA ACH DERTOU MEN 2000 LDABA LE3LAOUI
WELA KIF MA GAL LIK BILAL LAN 2000 NEMLA BGHAT TWELI FIL
OUBOUREZOUK RAJEL MOUK GAA MA ANDOU MA BOUHEMROUN",1
2012-11-21T00:46:00Z,العز للراجا و لبورزق,2
2012-11-19T20:58:46Z,"bourazouk walah makin b7alo 
",1
2012-11-19T20:17:16Z,Allez Bourazou9 Aaaaallllllllez Bourazou9 ,0
2012-11-19T19:58:42Z,L'arbitre dial touche kant ghada tkhla dar 3echto !,0
2012-11-19T19:00:35Z,kkkkkkkkkkkkkkkkk dima raja,0
2012-11-19T16:04:29Z,mjinina had borozo9 ki3jboni b7al had le3aba li kimoto 3la fer9a,0
2012-11-19T15:29:17Z,bouzo 7ama9a hhhhhhhhhhhhhhhhhh,1
2013-02-03T13:09:13Z,"Vive Angers quand Meme !
",0
2013-01-16T14:54:12Z,aller clermont^^,0
2013-01-15T21:27:48Z,"Clermont c'est les meilleurs et puis c'est tout, qu'ils jouent en rose ou rouge, c'est les meilleurs ;)

",0
2013-01-12T23:44:06Z,T'as le seum parce que l'équipe de tours c'est de la merde ;) ,0
2012-11-11T23:42:35Z,Hchoma a hafidi,0
2013-07-26T14:16:14Z,"hhhhhhh bourazouk hma9
",0
2013-05-12T17:57:08Z,Bravo Koucham,0
2012-12-17T01:20:06Z,"Allahoma selli 3lik a rassoul allah , Hulyaaaaaaaaaaaaaaaaaaaaaaaaaaaaa
Tburiiiichaaaaaaaa",0
2012-12-17T01:04:29Z,Wa Chella Tbar9ii3 3and KhooTna F Blasthom :D' Hhhhhhhhhhh,0
2012-12-17T00:57:22Z,hhhhhhhhhhhhhhhhhhhhhhh si la vie ya widadi :) ,0
2013-03-17T13:59:28Z,the new torres O_O,0
2013-03-16T20:05:00Z,oh my good,0
2013-03-16T12:41:24Z,hhhhhh,0
2013-03-16T01:04:23Z,OH ly good very stupid,0
2013-02-16T19:42:23Z,golyadoor <3,0
2013-07-15T19:09:18Z,"solo raja
",1
2013-07-01T15:45:01Z,بغيت غير نعرف علاش المعلق ما تفاعلش مع هدف الجيش بالشكل الدي تفاعل به مع هدف الخصم !!!!!!,4
2013-06-22T14:47:34Z,achakir <3,0
2013-05-27T20:51:32Z,Dima Raja Boutola rajaouia ha ha ha ha ha ha Faraoui da7iya,2
2013-04-17T13:47:10Z,"ACHAKIR BRA YANDABE
MASKINE
",0
2013-04-12T12:05:00Z,VIVE AS FAR,0
2013-04-12T08:34:42Z,crazy borrozok.,0
2013-03-18T18:30:06Z,"bourazouk 3alaaaam mais siyed keyn (y)
",0
2013-03-15T15:52:46Z,waaaaaaaaaaaaaaaaaaaaaaaaaaaaaaaw ... ma3reft mangol,0
2013-03-13T17:17:26Z,inchaa allah i3awadha fi match al iyab ,0
2013-03-12T21:44:22Z,"7miyar hhhhhhhhhhhh
",0
2013-04-21T20:25:34Z,"tiki taka 
",0
2013-03-10T21:15:56Z,legend :D come back to hibs,0
2013-01-30T21:14:30Z,Goood Zemmama Viva Chabab Tabriikt O Raja ;),0
2013-01-10T16:58:52Z,good english zemmama yeah ;),2
2013-07-06T22:32:50Z,"Vivàà Lmoubarky :! L3eez <3 
",0
2013-02-28T15:51:24Z,wa tawssi cheti 7afidi wa sir **** lalalalala :),0
2012-10-13T17:07:05Z,Dima beni mellal,0
2012-08-14T23:24:54Z,Ya Salam o Ya Salam .. RAJA Wa3ra Had L3am :),0
2012-08-14T22:45:38Z,hhhhhhhhhhhhhhhh dima raja had l3am makayn ghir jraaaaaaaad,0
2012-08-14T22:34:50Z,bo mok,0
2012-08-14T22:01:04Z,"raja frajja
",0
2013-01-04T17:01:42Z,hafidi ,0
2013-01-01T15:38:23Z,allah yardai 3lik et toi aussi ,0
2012-12-31T13:14:03Z,(y),0
2012-12-31T01:47:14Z,الحافيضي ربح كبير للرجاء و زمامة ربح كبير للجمهور ,0
2012-12-30T18:19:02Z,"1 ET DIMA RAJA
",0
2013-01-06T15:11:01Z,compteur wa9ef f 00 hhhhhh,0
2013-01-06T14:58:29Z,"pk 00 00 flw9t 
",0
2013-07-23T19:52:51Z,"Cha3b lkhadra mourakom, 90 dqiqa festivale 3la chankom",0
2013-07-23T11:04:22Z,"HAHAHAHHAH  
Jomhoom hTa Howa En Forme a si Fakhiir  Kon Hani  :D ",0
2013-07-23T00:56:20Z,claude puel soyez la bienvenus hhhhhhhh ou t'a appris a parler le français mec tu fait honte au raja,0
2013-07-22T19:50:59Z,boukhriss mcha lfiran,0
2013-07-22T14:42:30Z,"Merci , Bon Nouvel A propos De Boukheriss ",0
2013-07-22T13:55:45Z,"Inchaallah espérant un bon début pour le raja mondial et nous autant que rajaouis on restera toujours derrière notre entraîneur et nos joueurs . Courage les verts,  équipe mondiale public sans rival.",0
2013-07-22T13:51:38Z,"message pour DDR : Boukhriss est blessé ;) et non pas absent à cause des choix du coach.
Merci RAJA TV",0
2013-07-22T13:01:06Z,"Good Job RAJATV .. !!
Mais kat3atlo fl upload !!
W bn courage !!",0
2013-07-22T12:40:22Z,Akhiiiiiiiiiiiiiran :D,0
2013-07-22T06:36:45Z,2 vue <3,0
2013-07-22T06:08:34Z,1er vue :) merci RAJA TV,0
2012-12-17T00:59:33Z,non se compara..les winners les profs ,0
2012-12-16T17:08:48Z, simson ? ,0
2012-12-16T16:35:35Z,"Winnérs les rois <3
",0
