published-time,comment,likes
2013-05-05T17:11:12Z,FIRST !!!,1
2013-01-26T23:13:14Z,Dommage pour le GFCA :),0
2013-04-14T13:41:49Z,"Aller Sedan !!! L'année dernière à quelques points de la montée, là tu va peut-être (surement) descendre....
Et dire que la plupart des joueurs titulaires étaient blessés ou suspendus ...
Même si tu es en National (ou plus bas si le dépôt de bilan est déposé ...) je continuerais à venir te voir toutes les semaines !
",3
2013-04-14T09:34:02Z,Oui moi aussi,0
2013-04-14T08:57:07Z,"Comme quoi, les 2 derniers sont capables de faire de belles actions et du beau foot.
J'espère que les Sedanais parviendront à se maintenir.",0
2013-04-12T17:08:20Z,"bizarrement, les matchs en corse se terminent souvent de la meme manière, ah oui c'est vraiment bizarre... comme si ils avaient du mal à accepter la defaite, comme souvent ",0
2013-03-10T09:23:07Z,GFC pfff bande de merde !,0
2013-03-07T18:25:54Z,en national et vite!,0
2013-03-06T15:11:58Z,Comme d hab avec les corse vraiment des merdier,0
2013-03-04T07:40:27Z,Trop !,0
2013-03-03T18:23:29Z,"Gazelec, cette petite équipe fouteuse de merde.",0
2013-03-03T10:43:03Z,EMMANUEL RIVIERE BORDEL !,0
2013-01-12T23:37:00Z,First,0
2013-04-28T10:41:45Z,"Sur le corner clermont réussit à s'en prendre 1 alors qu'ils sont que 2 attaquants dans la surface, c'est chaud...",0
2013-04-27T22:14:50Z,Gfca !!!,0
2013-06-13T12:51:37Z,"2-1, le score aura dû être de 5-2 au moins c'est juste que les gardiens ont été bons et les joueurs nul !
",0
2013-05-26T10:10:36Z,Le goal du gazelec est super bon,0
2013-05-26T07:59:06Z,C t trop bien j y est ete avec le feu d artifice et orelsan,0
2013-03-01T14:12:07Z,@Vod Plyeur Tu serai pas parsiens par hasard ? Après toi jte critique pas sur tes équipe que tu supporte alors la tête de con.,0
2013-03-01T14:10:09Z,"J'ai le droit de supporter une équipe qui est en ligue 2 car c'est ma ville natale, donc allez le SCO d'angers et allez l'OM",0
2013-03-01T13:36:18Z,Soit tes pour L'om sois pour angers tete de con va,0
2013-02-28T15:48:26Z,Le SCO et l'équipe que je supporte en ligue 2 mais sinon jsuis un fervent supporter de l'OM,0
2013-02-24T10:52:55Z,Allez le SCO,0
