published-time,comment,likes
2013-07-15T09:12:46Z,"Ce qui est énervant c'est que c'est toujours celui qui est 3ème en ligue2 et qui monte et qui descends la saison d'après ! Maintenant à nous de montrer qu'on peut rester dans l'élite !
",0
2013-05-27T16:51:21Z,Bon allez l'essentiel c'est la montée meme si sa fait ch... pour la 2ème place que guinguamp nous taxe a la derniere journee !!! Plus réalistes que nous !!!,0
2013-05-27T10:30:29Z,putin la victoire volé on passe derière guimgam du cou -- !!,0
2013-05-26T11:10:45Z,"allez le fc nantes!!!!!!! vous etes les meilleurs
",0
2013-06-30T09:39:05Z,Le but de meite,1
2013-04-23T23:04:19Z,Bienvenu a Lille !! Meite,1
2013-03-09T13:54:38Z,des buts manifique,1
2013-02-23T09:02:39Z,"Pourquoi quand je clique sur ""J26 : Auxerre-Guigamp : matches croisés"", je tombe sur le match Istres - Auxerre ? Pourquoi ne pas faire deux types de playlist à chaque journée : Résumé et Réaction d'après match ? Là c'est un peu le bordel ...",1
2013-02-21T12:19:23Z,Istres n'a rien pu faire..,1
2013-04-30T11:45:55Z,"Allez Guingamp
",1
2013-04-28T18:37:37Z,Cst quoi ces stades vides merde,0
2013-04-27T22:35:33Z,fc tstres,1
2012-11-01T11:23:00Z,VAHID  REGARDE CE JOUEUR !!!,0
2013-05-28T18:06:31Z,"Oui je l'espère aussi :)
",0
2013-05-26T19:02:07Z,"Merci beaucoup Metz Connexion, oui ça il y aucun soucis, tu peut compter dessus :P",0
2013-05-26T18:19:29Z,J'espère que tu continuras aussi bien l'année prochaine :P,0
2013-05-26T18:18:58Z,"Super montage , comme d'habitude . Direction la ligue 2 !",0
2013-04-24T20:51:48Z,"Yes , I agree with you ! You do not like the  english club ? sorry I do not speak English very well but i'm a french fan of Monaco :D",0
2013-04-24T19:08:51Z,"Monaco is a french club , not english club , sorry my english friends !",0
2013-04-23T17:13:58Z,"L'ASM, L'ASM !!!! ",0
2013-06-22T15:34:14Z,"je le kif bien ce joueur 
",0
