publish_date,title,view_count
2013-05-25T22:00:36Z,FC Istres - FC Nantes (2-2) - Le résumé (FCIOP - FCN) / 2012-13,7284
2013-02-16T23:00:14Z,FC Istres - AJ Auxerre (0-3) - Le résumé (FCIOP - AJA) / 2012-13,7032
2013-04-06T22:00:13Z,FC Istres - Stade Lavallois (2-2) - Le résumé (FCIOP - LAVAL) / 2012-13,2001
2013-04-27T22:00:13Z,FC Istres - EA Guingamp (2-0) - Le résumé (FCIOP - EAG) / 2012-13,2580
2012-11-30T09:29:51Z,But | Football | Soccer 5 Clermont | Nicolas,419
2013-02-02T23:00:13Z,FC Istres - Angers SCO (0-0) - Le résumé (FCIOP - SCO) / 2012-13,1691
2013-07-26T18:56:37Z,هدف تاريخي ♥,6592
2013-02-09T23:00:29Z,Chamois Niortais - FC Istres (0-0) - Le résumé (NIORT - FCIOP) / 2012-13,862
2013-02-01T06:37:10Z,chano skills 2012-2013,652
2013-03-24T16:57:11Z,Corine Franco Goal,509
2012-10-27T18:51:41Z,L&#39;action de Ziri Hammar face au PSG en 1 ere mi temps,4568
2013-01-20T23:00:15Z,Goal Enzo REALE (27&#39;) - FC Lorient - ESTAC Troyes (3-2) / 2012-13,441
2013-05-26T13:10:06Z,Tous les buts du FC Metz saison 2012/2013 (HD) | Partie 2,5898
2013-04-23T12:22:23Z,"(J33) ASM FC - CLERMONT FOOT, les réactions",790
2013-06-30T22:56:22Z,(البرازيل 0-1 أسبانيا) فريد د2 #كأس_القارات 2013,76
2013-03-26T21:48:50Z,هدف  سفير تايدر للمنتخب الوطني,1042
2013-04-13T19:31:22Z,Conférence de presse Clermont Foot - Havre AC (1-1) / 2012-13,54
2012-10-29T13:54:44Z,Ziri Hammar VS PSG [BY LarsLGDF],12687
2012-08-25T00:18:34Z,"[Ligue 2] 5ème journée: Clermont Foot/Sedan, les réactions",332
2013-03-16T11:47:18Z,L&#39;interview de Jonathan Schmid pour SRC-FANCLUB,10457
