published-time,comment,likes
2012-12-12T16:41:15Z,"moi chuis a fond pour dijon mais la javou que les nantais ont etes plus fort
",1
2012-12-10T22:12:57Z,Le tacle de Bamba est inadmissible !,0
2012-12-03T21:12:28Z,Nantes va allez en Ligue 1 ( De la part D'un Supporters Marseillais ),1
2012-11-01T23:17:20Z,Allez NANTES!! <3 Direction la ligue1!!,1
2012-11-01T20:48:48Z,Allez les jaunes!!!!!,1
2012-10-23T13:46:06Z,Vive Nantes !!!,1
2012-10-26T13:37:33Z,"mauvaise periode de l'equipe national, merci kho ala la video
",1
2013-07-04T13:09:55Z,"Vous n'êtes pas les plus fort en orthographe par contre ! Et vous avez remporté le championnat ? Non, je crois pas donc les plus fort sont les parisiens, en tout cas pour le moment.",0
2013-05-04T21:22:10Z,Sochaux<3,0
2013-05-04T21:22:01Z,Brest sont en d2 d'Islamabad les brestois,0
2013-05-04T17:04:52Z,Apprends à écrire mec...,0
2013-05-04T17:00:30Z,Doucouré met un sacré but..,0
2013-05-01T01:20:38Z,Comme quoi changer d'entraineur...,0
2013-04-29T10:52:15Z,Le rapport c'est quand n'est les plus fort !!!! malgré que ce sois hors sujet par rapport a la video ,0
2013-04-29T09:43:59Z,Allez Rennes !!!,0
2013-04-28T22:08:24Z,Allez St-Etienne !!!,1
2013-04-28T22:07:40Z,"T'as mis first sur toutes les vidéos, tu veux un cookie ? ",0
2012-10-23T21:36:41Z,score final: 2à0 pour Nantes.,0
2013-02-23T21:09:35Z,Dage Munegu,0
2013-02-21T09:12:52Z,DAGHE MUNEGU,0
2013-02-19T17:16:29Z,C'est bien sans les commentaires audio,0
2013-01-14T17:11:39Z,facile...ou pas,0
2013-05-05T17:11:12Z,FIRST !!!,1
2013-02-20T04:01:50Z,longue vie à Peter Schnittger encore merciiiiiiii.......,4
2013-02-20T03:40:30Z,jaime,3
2013-03-05T22:49:50Z,Sisi nantais jusqu'à la mort!!!!,0
2013-03-05T11:09:26Z,"FCN <3
",0
2013-03-21T16:26:44Z,ALLEZ LAVAL,1
2013-03-19T14:45:23Z,"allez lensois
",1
2013-02-18T22:47:42Z,Allez lens,1
2013-02-03T20:44:40Z,Pas cette année .,1
2013-02-03T14:44:05Z,"sangs et or en ligue 1
",1
2013-02-03T12:58:27Z,"Ajaccio : L'équipe qui ne saura jamais jouer sans se battre 
Allez Lens !",1
2012-10-30T19:20:24Z,Вперёд Анжи!,0
2013-02-04T01:07:24Z,ya surtout beaucoup de but,0
2013-01-26T23:13:14Z,Dommage pour le GFCA :),0
2013-05-02T09:13:31Z,Can we have a Merry Christmas to Aaron Ramsey please,0
2012-08-17T20:20:30Z,Welcome to West Ham United,0
