publish_date,title,view_count
2012-08-01T14:02:18Z,Abdoulaye TOURE - ES Troyes AC,1265
2012-10-29T22:31:53Z,Football Player Abdoulaye TOURE - Attacking Midfielder - Overview,532
2012-10-23T10:00:22Z,FC Nantes - Dijon FCO (2-0) - Le résumé (FCN - DFCO) / 2012-13,16151
2012-10-25T19:28:38Z,Algérie 0-3 Côte d&#39;Ivoire (CAN 1992 Sénégal),113328
2013-05-01T21:01:29Z,Résumé Montpellier - FC Nantes 1996-97,1993
2012-10-02T10:44:39Z,Zimbo Dance - Aigles du Mali,128399
2013-04-28T22:00:21Z,Stade Brestois 29 - Stade Rennais FC (0-2) - Le résumé (SB29 - SRFC) / 2012-13,10356
2012-11-29T16:40:13Z,"Fodé Ballo Touré, U17 PSG",10062
2013-05-20T19:01:37Z,nantes sedan Fin du match,32
2012-10-21T09:46:53Z,"L2 : NANTES DIJON, le point avant le match",192
2012-11-24T16:21:18Z,Paris Saint-Germain 1 -- 0 ES Troyes AC,340
2013-04-18T11:07:23Z,Sublime volley from J2 League,14345
2013-04-28T22:00:23Z,Stade Brestois 29 - Stade Rennais FC (0-2) - Highlights (SB29 - SRFC) / 2012-13,482
2013-04-07T18:49:24Z,Adama Touré - Football Player Advisor,4560
2013-03-12T01:19:12Z,WORLD FOOTBALL YOUNG TALENTS TEST PLAYERS FOR SPAIN,1790
2013-07-12T13:27:04Z,HAC: La reprise de Zargo Touré et de Distel Zola,1678
2013-02-19T11:00:50Z,Dijon FCO - AS Monaco FC (0-2) - Le résumé (DFCO - ASM) / 2012-13,8383
2012-10-23T00:00:11Z,Conférence de presse FC Nantes - Dijon FCO (2-0) / 2012-13,589
2012-09-20T03:51:03Z,Parlons Foot - Abdoulaye Ndiaye - 19 Septembre 2012 - Partie 2,232
2013-01-13T23:00:33Z,But Bruno GROUGI (90&#39; +2) - Evian TG FC - Stade Brestois 29 (0-2) / 2012-13,1302
2013-04-02T20:48:58Z,but sensationnel de Demba Ba contre Manchester United,3601
2013-05-04T22:00:10Z,GFC Ajaccio - Le Mans FC (1-3) - Le résumé (GFCA - LEMANS) / 2012-13,6461
2012-11-19T05:14:52Z,Gabe Causse - French Football Player,215
2013-01-29T10:00:50Z,Togo set to make history at AFCON,369
2013-05-19T18:39:22Z,Demba Ba Goal vs Arsenal PES 2013 HD,528
2013-02-19T17:58:29Z,&quot;Na Wone Demb&quot; Abdoulaye Diaw reçoit Peter Schnittger ancien entraineur du  senegal - 19/02/2013,23495
2013-03-05T00:02:28Z,Conférence de presse RC Lens - FC Nantes (1-2) / 2012-13,719
2013-02-02T23:00:13Z,RC Lens - GFC Ajaccio (2-0) - Le résumé (RCL - GFCA) / 2012-13,15063
2012-09-30T14:04:40Z,FC Anji Mahacikala 2-1  FC Volga Nizhny Novgorod  All goals 30-09-2012,992
2012-11-03T16:39:35Z,abdoulaye soumaré joueur Talentueux de l&#39;ASB,129
2013-02-02T23:00:13Z,Havre AC - Dijon FCO (3-0) - Le résumé (HAC - DFCO) / 2012-13,3899
2012-09-25T20:25:11Z,Me Augustin Senghor Président de la Fédération sénégalaise de football,75
2012-10-26T00:39:52Z,Na Woon Demb - Tassirou Diallo - 25 Octobre 2012 - Partie 4,4363
2013-07-07T23:59:57Z,"Abdoulaye Coulibaly, Joueur du Stade Malien de Bamako.",1424
2013-03-16T16:56:30Z,• Aigles du Mali 11 • Qualifications World cup 2014 • HD •,6177
2013-01-26T23:00:13Z,GFC Ajaccio - Havre AC (0-1) - Le résumé (GFCA - HAC) / 2012-13,1808
2012-09-06T15:17:44Z,KSV Temse - Deinze.,124
2013-01-05T18:35:19Z,Classico Football Club,114
2013-01-16T14:46:59Z,Mali: les Aigles veulent gagner la CAN pour leur pays en guerre,5099
2013-05-21T19:50:46Z,Journal de l&#39;ASSRC du 21 mai 2013,106
2012-10-31T02:30:19Z,Football Player Amar KADIC - Bosnia &amp; Herzegovina - Central Back - Overview,597
2012-09-03T17:04:18Z,Résumé 10e journée de la superdivision Stella 1   ASEC 3,477
2012-11-10T23:00:16Z,GFC Ajaccio - CS Sedan (1-1) - Le résumé (GFCA - CSSA) / 2012-13,1924
2012-12-04T15:39:19Z,Exclusive Stoke City captain Ryan Shawcross quick fire Xmas quizz,917
2012-09-20T09:16:56Z,Babacar Seck,1235
2012-08-06T18:29:45Z,Moussa Konate,1764
2013-02-02T13:25:08Z,Afrique du Sud -- Mali,187
2013-07-01T12:00:39Z,L1 J25 ASEC Mimosas - EFYM (3-0),834
2013-02-25T23:30:55Z,Football/Ligue 1: Les temps forts du derby opposant l&#39;Asec et l&#39;Africa (Ricardo Xama),9399
2012-12-15T14:48:17Z,S DIALLO,51
