published-time,comment,likes
2013-07-31T01:11:03Z,"Kouakou a juste profiter du manque d'intelligence des défenseurs d'arles avignon qui au lieu de laisser le ballon à 10 cm de la ligne auraient du dégager au lieu d'attendre un coup de sifflet...bref grosse erreur de leur part. Enfin bon, Match pourri a jouer de toute manière...dire qu'ils sont montés en L1..Tout est possible dans le foot :D",0
2013-07-31T01:09:27Z,En effet...le mans aussi tu me diras hein ;),0
2013-07-15T09:24:59Z,carton rouge pour ce joueur pitoyable,0
2013-04-29T15:42:21Z,calme tooi je t pa insulté mooi,0
2013-03-22T11:49:18Z,"GOAAAAAAAAAAAAAAAAL!
",0
2013-03-09T17:16:08Z,"Pas d'insolence s'il vous plait 
Tours est Nul.",0
2013-02-10T16:33:09Z,Tours ont vous baisent en brochettes arles avignon,0
2012-12-22T17:23:30Z,cet Avignon qui sont nul,0
2012-12-19T17:42:58Z,LOL,0
2012-12-19T13:58:38Z,"MDR TKT PAS MON GARS , DONNE MOI TON FACEBOOK, QUAND JE SERè  A TOURS JTENVéRè UN MSG ,,TOI TU VE TE LA JOUER A FAIRE TON CAIID TU VA VOIR!!!!!",0
2012-12-17T23:21:35Z,"Mdrrr
",0
2012-12-17T22:00:40Z,"Vous etes pathétique à le taillé !! euh j'arbitre et j'ai jamais entendu d'avantage au gardien enfin bon Lomerta est borné, ça sert à rien de parler avec lui !!! Bravo à Kouakou",0
2012-12-17T21:36:40Z,Les défenseurs auraient du dégager le ballon au lieu de se palucher sur leur gardien...,0
2012-12-17T21:07:07Z,"Les arbitres sont de pire en pire en France 

Si t d'accord pouce vert",0
2012-12-17T20:55:10Z,"PS J'etait au stade donc je sais encore se que je dit ,et ecoute la conférence de presse et TU vera",0
2012-12-17T20:54:11Z,"mais je fais encore se que je veux tkt pas dabord ji serai au match retour  le 10 mai  à tours ,tu voudraon parlera en face!!!!",0
2012-12-17T20:46:51Z,"Perso, j'aurais été à sa place, j'aurais fait pareil.
L'Arbitre dit ""Jouez"", d'ailleurs il fait le signe avec sa main.
Ps : L'Arbitre ne dit jamais avantage au goal, il siffle faute ou pas.",0
2012-12-17T19:42:36Z,et toi ta rien d'autres à faire que de critiquer un joueur? ,0
2012-12-17T19:27:22Z,t'as rien de mieux à dire!!!,0
2012-12-17T19:07:31Z,Lomerta Di Maria tu veux des cours de français? ,0
2012-12-17T18:05:39Z,Bien joué Kouakou !!!,0
2012-12-17T14:32:23Z,"arrété de critiquer mon écriture tellement vous n''avais rien à dire sérieux les fait 
son là, l'arbitre a dit avantage au goal donc l'arbitre n'aurait pas du laccorder
c'est tout 
",0
2012-12-17T14:12:19Z,Cela donne quoi en langue humaine ?,0
2012-12-17T13:11:32Z,"ET POUR DENRIèRE INFO MOI JI èTè AU STADDE
DONC LES GENS QUI DISSE QUE LE BUT EST VALABLE VOUS COMMENCER A ME PéTè LES COUILLES.
L'ARBITRE A DIT AVANTAGE O GARDIEN DONC VOUS Z'AVè SE QUE SA VE DIRE OU PAS???? 
ALORS ARèTè DE DIRE QUE LE BUT EST VALABLE :

L'arBITRE ENA LAISSè L'AVANTAGE O GOAL SA NE LUI A PAS PROFITER DONC IL NORè PAS DU AKCEPTè LE BUT , Sé LES REGLES DU FOOT NON!!!!!
DONC ARéTé PUTIN.

SI ON VOUS ZORé FAIT SA A TOURS VOUS ZORè PèTè UN CABLE OCI DONC ARèTè LA MOVèse FOI SèRIEUX
",0
2012-12-17T13:06:14Z,"L'arbitre n'a pas sifflet, le but est entièrement valable, si en France les Joueurs et surtout les gardiens n'étaient pas des chochotte personne en parlerai.",0
2012-12-16T22:30:38Z,"Je pense que le joueur en question vous emmerde bien profondément !! Vous etes jaloux car il arrive à marquer alors que le ballon est à 15centimetres de la cage? je suis sure que beaucoup d'entre vous aurait loupé le ballon !!!
Vous êtes pathétiques l'arbitre a pas sifflé, il a tout a fait le droit de marqué meme si le gardien est au sol il avait qu'a pas relacher le ballon !!
Pour finir bande de rageux ALLEZ TOURS !!!",0
2012-12-16T17:33:35Z,"Le Tours FC est une équipe tricheuse.Elle demande aux arbitres des les favorisés , c'est comme ça que Tours gagne ou fait match nul en étant mené. Bande de merde , vous ne savez que faire ça , Arles va vous foutre la misère au retour !",0
2012-12-16T14:33:26Z,กูมาจาก SS Ball Thai ,0
2012-12-16T14:22:33Z,Sur ce coup la je suis d’accord avec toi ^^,0
2012-12-16T14:20:36Z,SA SER A RIEN DE VOUS PARLè DABOR A VOUS 2 VOUS ZèTE POUR TOURS MOI POUR ARLES AVIGNON ON SE MèTRA PAS DACCORD!!,0
2012-12-16T14:15:01Z,rectification Tours a bien joué pendant 20 minutes c'est a dire jusqu’à leur premier but et après ils se sont mis a mal joué ! ouvre un peu un dictionnaire avant de poster un commentaire. Et si le penalty avait été sifflé le match se serait déroulé différemment donc avant de crier au scandale regardes si vous êtes vraiment irréprochable. Pas la peine de s’énerve cest que du foot,0
2012-12-16T14:01:05Z,"JéKRI KOME JE VEU , DEJA ET QUESKII JOUE LA MONTRE A LA FIN IL LON SORTI SUR SIVIèRE,,,FO ARèTE DE DIRE QUIL JOUè LE TEMPS SRX ON VOUS DOMINè IL AVèè PAS BESOIN DE GAGNé DU TEMPS!!!!",0
2012-12-16T13:53:31Z,"Et le penalty non sifflé pour Tours c'est pas un scandale ?! Alors arrêtés de rager les Arlésiens. 
Bravo Kouakou pour nous avoir ramené ce point qui nous fait du bien.",0
2012-12-16T12:21:29Z,"Civière*

;)",0
2012-12-16T10:55:17Z,Du but de troll comme on les aime. Allez TFC. <3,0
2012-12-16T09:48:45Z,Il y à faute sur le gardien l'arbitre est vraiment à la rue,0
2012-12-16T08:44:39Z,ฝรั่งด่ากัน อาว่ะ ฮรี่ๆๆ,0
2012-12-16T07:52:21Z,"Merci pour ces précisions David Astorga mais j'ai pas dit qu'il n'était pas valable, il est juste très moche à regarder.",0
2012-12-16T07:05:17Z,"valable dans les règles !!! mais dans l'esprit je ne suis pas certain que le foot en sorte grandis mais sa c'est pas nouveau!!
",0
2012-12-16T06:32:36Z,55555 เกรียนบอลไทย .,0
2012-12-15T22:24:30Z,"Le goal a voulu jouer la montre en rajoutant à outrance. Les défenseurs ont pas eu le réflexe de mettre le ballon en dehors du terrain, comme il est coutume de se faire quand l'arbitre n'intervient pas. Le but n'a rien de dégueulasse, Arles-avignon a voulu jouer les malins, c'est l'arroseur arrosé. ",0
2012-12-15T22:10:35Z,"Tu connais pas les règles du foot ? Il a tout a fait raison de marquer, l'arbitre n'a rien sifflé et c'est au goal ou aux defenseurs de mettre le ballon hors du terrain",0
2012-12-15T20:22:29Z,Va revoir la regle du hors jeu mon Coco ;),0
2012-12-15T20:00:18Z,Énorme!,0
2012-12-15T19:53:45Z,"et ferme la Toi il est pas idiot il etait blessé , a la fin il est sorti sur sivièRe !!!!",0
2012-12-15T18:57:44Z,Vive Tours :) ,0
2012-12-15T17:39:06Z,Le but le plus dégueulasse de tous les temps ?,0
2012-12-15T16:23:46Z,"Le gardien se blesse sur l'action, tout le monde pense que l'arbitre a siffle faute, voila pk il lache le ballon.",0
2012-12-15T15:50:39Z,"Voilà ce qui arrive quand on essaie de gagner du temps, bien joué le goal haha",0
2012-12-15T15:30:49Z,Bahh en quoi il doit aps la pousser ? Si il y a pas de faute ... Le gardien est con de l'avoir lachée la balle ,0
2012-12-15T15:00:46Z,"Ahahahah le mec il relâche le ballon, quel idiot ! :D
",0
2012-12-15T14:19:57Z,ammerda 1500 euro m'hai fatto saltà!,0
2012-12-15T13:41:29Z,apres on sétone qand un  joueur semporte contre un arbitre !!!!! LOL KWA!!!!,0
2012-12-15T12:21:49Z,Bien joué Kouakou tu les as bien baisé...,0
2012-12-15T12:21:25Z,Quel con ce gardien !,0
2012-12-15T11:56:15Z,"faut bien ça pour que certains puissent marquer des buts...
en meme temps, y a tellement de cinéma dans le foot...",0
2012-12-15T11:39:24Z,le gardien a l'air de faire du chiqué,0
2012-12-15T11:14:40Z,Arbitrage scandaleux et enorme manque de fair play de Christian KOUAKOU...,0
2012-12-15T10:26:34Z,"enorme !!!! mdr
",0
2013-07-28T10:29:40Z,[iminent=0gaCtAgUWfOB] gardien de tours tres fort,0
2013-07-05T01:02:58Z,Moi aussi jai etait au match yavait but pour Tours a la fin jetait deg,0
2013-06-17T18:58:59Z,je suis dacord avec toi il montre pas le but qui na pas conter alors qu'il y avait but (jai ete voir le match),0
2013-05-26T15:59:57Z,et le résumé ne fait pas voir le but refusé pour Tours parfaitement valable ,0
2013-05-26T13:51:10Z,Monaco a vendangé mais su retourner la situation. Champions de France mérités,0
2013-05-26T01:36:44Z,Tours meriter la victoire,0
2013-04-28T08:42:02Z,"O.K Je soutient notre anciens gardien mais il mérite pas que l'on disent que c'est une passoire^^.
Je m'en fou que Guimgamp est gagné contre Caen ^^ T'en mieux pour vous ... Après on verra a la fin de la saison c'est sur que guimgamp est mieux que Caen en ce moment, mais c'est qui qui a allé Gagner 3-0 Face au 1er,Monaco ? Eh bah c'est Caen ^^",0
2013-04-27T17:15:46Z,1: Tu dis ça parce que Planté à joué a Caen et 2:Tu rage parce que guimgamp à battu caen,0
2013-04-27T17:14:15Z,"Oui mais à Caen...
",0
2013-04-17T13:29:27Z,"gt ramasseur de balle mais en 2 eme periode c plante ds les buts de eag samassa c blessé en fin de 1ere periode
",0
2013-04-15T06:59:59Z,"Planté un passoire ? 1: c'est votre problème d'avoir de ''mauvais goal'' 2: planté ne peut absolument rien faire sur le 1er but et sur le second il aurait peut être pu faire un ptit truc mais au vue de la puissance de la frappe ^^
Guingamp a Perdu et puis c'est tout --'
ALLEZ MALHERBE ! (et a Caen Planté avait fait d’énorme arrêts !)",0
2013-04-14T15:09:27Z,"N'importe quoi les commentaires! Sur le 1er but, c'est Planté, et non pas Samassa qui est dans les cages, et sur la dernière action, ce n'est pas Yatabaré, étant donné que c'est une action tourangelle...",0
2013-04-13T22:22:37Z,C'est Kouakou et non Yatabaré !,1
2013-01-04T10:22:09Z,"Ouais mais c est limite
",0
2012-12-29T12:04:41Z,"Ah je vois ce que tu veux dire, mais il ne peut pas car il était derriere le passeur !",0
2012-12-29T12:03:10Z,Un passeur ne peut pas être hors-jeu .,0
2012-12-24T11:09:01Z,"Le passeur et hors jeu
",0
2013-05-10T11:03:31Z,Allez Auxerre vous allez Gagner.,0
2013-03-21T16:26:28Z,ALLEZ LAVAL!,0
2013-03-10T09:22:35Z,tu est fou aller aja,0
2013-02-13T16:06:38Z,Allez TOURS,0
2013-02-11T17:57:13Z,quel buteur ce sanogo,0
2013-02-17T18:04:49Z,¡Gracias!,0
2013-02-03T13:04:07Z,"Allez Tours !!!!
",0
2012-12-22T16:29:32Z,"Vous etes con ya but logique l arbitre avais mis l avantage et ils ont cru qui yavais coup frand alors il ena profiter et il a marquée ok je suis d accor avc l arbitre
",0
2012-12-20T19:49:10Z,"Ya pas eu de coup de sifllet et il n'y avait pas faute ! Donc aucun manque de fair play à signaler de la part de Tours ok ! C'est de la mauvaise foi point ! Et je dis ceci tout en sachant que ça aurait été rageant que ça soit de l'autre coté, mais j'en aurai voulu au gardien, car c'est lui qui donne l'égalisation ! ",0
2012-12-18T18:13:00Z,"tant qui ya pas CF tu lache pas la balle c'est tout 
",0
2012-12-17T20:02:05Z,LOL si s'etait Arles qui aurait marqué ce but? Tu aurais dit quoi? ,0
2012-12-16T17:45:57Z,"Fairplay legendaire de Tours de quoi?! C'est UN joueur qui fait ca pas toute l'equipe et que je sache, le TFC n'est pas connu pour etre une equipe de tricheurs.

Et a Tours on doit dire quoi de se prendre deux buts de chateux comme ca hein?!",0
2012-12-16T13:36:56Z,POUR IN FO AVAN LE BUT L'ARBITRE A DI AVANTAGE O GOAL !!!! ,0
2012-12-16T08:29:50Z,"arbitre de merde
",0
2013-01-12T21:42:06Z,je crois rever là c'est toi qui dit ça mais mdr !!!!,0
2013-05-09T13:48:21Z,Tours c les meilleurs =),0
2013-04-28T16:20:44Z,"Non il n'y a pas hors jeu et oui le carton rouge est très sévère... Le HAC a empoché 4 cartons jaunes et un carton rouge alors que Tours n'en a empoché aucun... Il est possible de constater que les arbitres ont le HAC dans le nez ces derniers matchs il me semble, mais après cela fait partie du jeu !",0
2013-04-28T01:57:06Z,Sur le 2eme but du havre ya pas hors jeu ?,0
2013-04-28T01:00:45Z,"bien joué les gars, sévère le carton rouge
",0
2013-04-27T22:03:10Z,FIRST + bien joué le Havre :),0
2013-03-23T17:15:46Z,allez tours on c'est fait voler,1
2013-03-18T00:53:58Z,"Gros manque de realisme des deux côtés... Tours aurait pu gagner largement , le gardien de Tours a été exemplaire!",1
2013-03-01T12:03:20Z,Vive le toursfc,0
2013-01-29T19:46:24Z,"faut rien lâcher allé FCN !!!

",1
2013-01-28T23:22:28Z,encore un effort les jaunes!!!! on y est presque,1
2013-01-27T18:07:47Z,Je me suis vu Fcn <3,0
2013-01-27T16:30:58Z,vive le FCN !!!!!!!!!!!!!!!!!!!!!!!!!,0
2013-01-27T10:04:33Z,"super les canaris ! ♥
",1
2013-05-21T21:10:58Z,merci au sco pour leur superbe saison ,1
2013-05-19T12:53:10Z,"Joli hold-up de Tours , bien joué à eux :)",1
2013-05-19T00:37:21Z,Allez tfc,1
2013-05-09T08:42:36Z,"Benjamin Leroy va finir en ligue 1 l'année prochaine !
",1
2013-05-06T06:14:15Z,Tjs des pines à l'extérieur...au moins on fait plaisir aux supporters adverses >_>,0
2013-05-05T17:02:59Z,homme du match : le gardien de tours,1
2013-05-05T17:02:35Z,"je trouve que le gardien de tours a etait fantastique
",1
2013-04-03T15:07:15Z,tyjhjghjjgj,0
2013-04-08T05:59:38Z,"c fouss et no mendes sur la premiere occas
",1
2013-04-07T09:35:14Z,On est pas encore mort. U.C ! <3,1
2013-06-14T12:58:41Z,BG Com'on!!!,0
2013-06-14T02:16:41Z,เมืองทอง!! เมืองทอง!!,0
2013-06-11T10:24:23Z,วีระ นักเลง ไม่แพ้ ดัสกร เลย  รุ้ว่า อารมณ์เสีย บางครั้งก็ต้อง เก็บๆ บ้าง ,0
2013-06-11T10:06:54Z,กรรมการ กลัว ดัสกร 555 ,0
2013-06-11T07:29:02Z,"ขอบคุณที่ให้โอกาสเชียร์เมืองทองจากสหรัฐอเมริกาทุกเกมครับ ^^
",0
2013-06-11T06:58:54Z,เกมเมืองทอง เร็วขึ้้นแระ,0
2013-06-10T23:19:03Z,ขอบคุณ ครับ นึกว่าจะไม่ ลง เสีย แล้ว,0
2013-06-10T17:50:45Z,สันดาน ดัสกร ไม่เปลี่ยนเลยนะครัส แหม่,0
2013-06-10T15:22:46Z,มุ้ยไปหาปลายังไม่กลับ กิกิ,0
2013-06-10T14:08:15Z,ปวดตามากเลย มุมกล้อง,0
2013-04-16T12:15:13Z,นี่แหละเค้าเรียกเทพ,0
2013-07-10T10:01:29Z,เซียก้านายคือidolของเรา,0
2013-07-10T08:43:32Z,ขวัญใจผมๆ,0
2012-09-19T04:43:29Z,ทำไมไม่ติดทีมชาติวะ,0
2013-05-07T20:52:45Z,"กุเหนมืงดูคลิปไหนก็ด่าชาวบ้านไปทั่ว โถ่ไอถ่อยเอ้ย
",0
2013-05-07T14:37:32Z,กาก,0
2013-05-07T14:37:17Z,นายพูดดีตลอกแหละ,0
2013-05-07T02:51:14Z,"ขนลุกเลย
",0
2013-05-07T02:14:23Z,เมืองทองเสมอเพราะประตูกาก,0
2013-05-06T15:37:26Z,ถ้าเล่นแบบครึ่งหลังสนุกๆแบบนี้ แม้จะเสมอก็สนุกและอยากไปเชียร์ทุกนัดครับ,0
2013-05-06T15:31:42Z,T T,0
2013-05-06T14:25:39Z,นํ้าตาจะไหล...,0
2013-05-06T11:45:54Z,"ดูแล้ว ขนลุกเลย
",0
2013-05-06T06:01:38Z,"อาเป้สวดยอด
",0
2013-03-18T20:19:56Z,Toppen spel! fortsätt i den här stilen!,0
2013-05-08T11:21:11Z,xD a goal after that would be cool ,0
2013-01-31T14:51:22Z,LOL,0
2013-04-18T13:49:29Z,"เทพ
",0
2013-03-05T00:56:10Z,แม่เจ้า เทพมาก,0
2013-03-04T19:36:26Z,"ซีซั่นนี้เทพมาอีกแน่ครับท่าน
",0
2013-03-04T09:10:18Z,โหดไปป๊าววว,0
2012-10-04T14:46:16Z,"สู้ต่อไปคร๊าบ เมืองทอง !!!!!!
",0
2013-06-27T10:27:17Z,สุดยอด,0
2013-06-24T08:37:45Z,1:28:40 มาริโอ้โชว์เบสิคขั้นเทพครับ,0
2013-06-24T03:29:23Z,"ขอบคุณครับ เสียงเร็วกว่าภาพไปหน่อยครับ
",0
2013-06-23T19:01:51Z,ขอบคุณค่ะ,0
2013-06-23T18:51:51Z,อัปไวเจรง,0
2012-09-12T16:09:42Z,You're right! I've just changed the title:-),0
