publish_date,title,view_count
2012-10-23T10:00:22Z,FC Nantes - Dijon FCO (2-0) - Le résumé (FCN - DFCO) / 2012-13,16151
2013-05-11T22:00:11Z,FC Istres - Dijon FCO (2-3) - Le résumé (FCIOP - DFCO) / 2012-13,2777
2013-02-17T19:24:57Z,Canet OL Paye 2-0 Gambardela,906
2013-05-04T22:00:10Z,Dijon FCO - CS Sedan (4-2) - Le résumé (DFCO - CSSA) / 2012-13,5786
2013-04-27T22:00:13Z,SM Caen - Dijon FCO (2-2) - Le résumé (SMC - DFCO) / 2012-13,12547
2012-11-03T23:58:17Z,Châteauroux - Dijon FCO (2-2) - Le résumé (LBC - DFCO) / 2012-13,2122
2013-03-30T23:00:13Z,AJ Auxerre - Dijon FCO (0-0) - Le résumé (AJA - DFCO) / 2012-13,1750
2013-03-19T11:01:19Z,Dijon FCO - FC Nantes (3-1) - Le résumé (DFCO - FCN) / 2012-13,11282
2012-11-24T23:00:15Z,Stade Lavallois - Dijon FCO (3-0) - Le résumé (LAVAL - DFCO) / 2012-13,2666
2013-04-13T22:00:15Z,Nîmes Olympique - Dijon FCO (1-1) - Le résumé (NIMES - DFCO) / 2012-13,1260
2012-12-22T23:16:45Z,AC Arles Avignon - Dijon FCO (1-1) - Le résumé (ACA - DFCO) / 2012-13,2242
2013-02-19T02:55:27Z,CS Sedan - Dijon FCO (0-1) - Le résumé (CSSA - DFCO) / 2012-13,881
2013-04-06T22:00:13Z,Dijon FCO - Châteauroux (1-1) - Le résumé (DFCO - LBC) / 2012-13,1835
2013-05-18T22:00:11Z,Dijon FCO - AC Arles Avignon (2-3) - Le résumé (DFCO - ACA) / 2012-13,3417
2013-04-20T22:00:15Z,Dijon FCO - Stade Lavallois (1-0) - Le résumé (DFCO - LAVAL) / 2012-13,1987
2013-05-25T22:00:36Z,EA Guingamp - Dijon FCO (2-0) - Le résumé (EAG - DFCO) / 2012-13,24486
2013-03-09T23:00:20Z,Angers SCO - Dijon FCO (3-3) - Le résumé (SCO - DFCO) / 2012-13,7109
2012-11-10T23:00:16Z,Dijon FCO - Nîmes Olympique (2-1) - Le résumé (DFCO - NIMES) / 2012-13,1450
2012-11-25T01:18:15Z,Conférence de presse Stade Lavallois - Dijon FCO (3-0) / 2012-13,98
2013-05-04T17:24:49Z,Conférence de presse Dijon FCO - CS Sedan (4-2) / 2012-13,75
2013-01-25T08:59:22Z,OM: qui est donc Modou Sougou?,4960
2012-11-29T20:41:14Z,Vincent Labrune n&#39;a plus envie de sourire,3365
