publish_date,title,view_count
2012-12-14T19:48:46Z,But Kouakou (Arles Avignon-Tours) - 18e journée L2,72659
2013-05-25T22:00:36Z,Tours FC - AS Monaco FC (1-2) - Le résumé (TOURS - ASM) / 2012-13,9409
2013-04-13T22:00:15Z,Tours FC - EA Guingamp (2-0) - Le résumé (TOURS - EAG) / 2012-13,5164
2013-04-19T13:44:10Z,KOUAKOU SERGE,531
2013-02-16T23:00:14Z,Tours FC - Clermont Foot (2-1) - Le résumé (TOURS - CFA) / 2012-13,2470
2012-12-22T23:22:32Z,Tours FC - Angers SCO (1-2) - Le résumé (TOURS - SCO) / 2012-13,3313
2013-02-09T23:00:28Z,AJ Auxerre - Tours FC (3-2) - Le résumé (AJA - TOURS) / 2012-13,7993
2013-02-14T01:18:05Z,Allsvenskan 2011 norrköping - AIK 0-1,2292
2012-12-15T23:00:12Z,AC Arles Avignon - Tours FC (2-2) - Le résumé (ACA - TOURS) / 2012-13,8122
2013-01-12T19:49:49Z,Chamois Niortais - Tours FC (3-1) - Le résumé (NIORT - TOURS) / 2012-13,1516
2013-02-02T23:00:13Z,Tours FC - Châteauroux (3-1) - Le résumé (TOURS - LBC) / 2012-13,2651
2013-05-11T22:00:12Z,Tours FC - AC Arles Avignon (0-0) - Le résumé (TOURS - ACA) / 2012-13,976
2013-03-30T23:00:13Z,Tours FC - FC Istres (1-0) - Le résumé (TOURS - FCIOP) / 2012-13,1256
2013-04-27T22:00:13Z,Tours FC - Havre AC (1-2) - Le résumé (TOURS - HAC) / 2012-13,2488
2013-03-16T13:06:53Z,Allsvenskan 2011 Mjällby - AIK 0-2,2225
2013-03-09T23:00:19Z,Nîmes Olympique - Tours FC (1-1) - Le résumé (NIMES - TOURS) / 2012-13,1535
2013-03-17T14:49:55Z,Tours FC - Stade Lavallois (1-1) - Le résumé (TOURS - LAVAL) / 2012-13,1517
2012-08-29T23:37:09Z,Dogui1,44
2013-01-19T23:00:13Z,Tours FC - Dijon FCO (3-1) - Le résumé (TOURS - DFCO) / 2012-13,3416
2013-04-20T22:00:15Z,GFC Ajaccio - Tours FC (0-1) - Le résumé (GFCA - TOURS) / 2012-13,1840
2013-02-09T18:46:39Z,Conférence de presse AJ Auxerre - Tours FC (3-2) / 2012-13,273
2013-01-26T23:00:13Z,FC Nantes - Tours FC (3-1) - Le résumé (FCN - TOURS) / 2012-13,9257
2013-05-18T22:00:11Z,Angers SCO - Tours FC (0-1) - Le résumé (SCO - TOURS) / 2012-13,3566
2013-05-04T22:00:10Z,RC Lens - Tours FC (0-0) - Le résumé (RCL - TOURS) / 2012-13,2172
2013-02-16T18:01:25Z,Conférence de presse Tours FC - Clermont Foot (2-1) / 2012-13,91
2013-03-16T13:24:53Z,Allsvenskan 2011 (vemfanvillboi) Örebro - AIK (1-2) (supporterprotest),2637
2013-03-30T18:41:01Z,Conférence de presse Tours FC - FC Istres (1-0) / 2012-13,44
2013-04-06T22:00:13Z,Le Mans FC - Tours FC (1-0) - Le résumé (LEMANS - TOURS) / 2012-13,5503
2013-05-25T12:55:40Z,Conférence de presse Tours FC - AS Monaco FC (1-2) / 2012-13,299
2013-05-10T19:28:32Z,Wywiad z Saidim,2456
2013-02-14T12:36:27Z,&quot;Vi blir bättre och bättre&quot;,2280
2013-06-04T12:14:58Z,"Forssa BK - IK Brage, Telecupsfinal 1991",274
2013-01-26T22:12:24Z,Jumaa Saeed Desire 20,5915
2013-03-10T17:36:18Z,"2013-03-10 Svenska Cupen, Kalmar FF - IK Brage",2116
2013-05-13T08:44:24Z,MTUTDTV Dagno Siaka v Police United   T-League 2013 ( Round 10),585
2013-06-10T11:01:20Z,20130609 TPL BG vs MTU ฟูลแมตท์,7821
2013-04-15T21:41:51Z,MTUTD.TV  Teerasil Dangda v Songkhla United  T-League 2013 (Round 4),1003
2013-07-10T08:12:43Z,MTUTD.TV Dagno Siaka v Army United T League 2013 Round 18),729
2012-09-17T08:08:02Z,MTUTD.TV Adnan barakat V Army United,1050
2012-12-15T18:39:43Z,Conférence de presse AC Arles Avignon - Tours FC (2-2) / 2012-13,518
2013-05-06T05:38:45Z,MTUTDTV พี่เป้ หลังเกมแบงค็อก,2421
2013-03-18T20:00:59Z,FC Rauma - VIFK 0-6 17.3.2013,643
2012-09-11T08:34:44Z,บีบี-ซียู เอฟซี สกู๊ป,523
2013-04-23T07:40:58Z,Saidi wraca do treningów z pierwszym zespołem Cracovii,1775
2013-01-24T14:40:06Z,Muangthong Free kick,62519
2013-03-04T06:11:05Z,MTUTD.TV Teerasil Dangda v Army United  T-League 2013 (Round 1),6027
2012-10-04T12:28:59Z,MTUTD.TV โหมโรงเมืองทองฯ vs อีสาน,2115
2012-11-26T02:46:09Z,คริสเตียนเกมส์ 2012 เหยียบลูกโปร่ง,117
2013-06-23T17:10:08Z,20130623 TPL MTU vs BEC ฟูลแมตท์,6066
2012-09-09T21:03:56Z,Goalkeeper scores with a bicycle kick,14489
