published-time,comment,likes
2013-03-18T05:27:44Z,L'ol,0
2013-03-10T16:44:51Z,"petit tros fort pour la vie 
",0
2013-01-12T10:50:43Z,"c'est quoi ce montage qui ne montre quasiment que les occases Nantaises, alors que Sedan en as eu beaucoup plus que ca 
",0
2013-01-09T15:35:27Z,Nantes en l1,0
2013-01-03T21:36:16Z,Réécoute je te dis ou met plus fort parce que y'a un truc quiva pas chez toi...,0
2013-01-03T10:23:26Z,2:45 c est Adrien Trebel et pas Yoann ,0
2013-01-01T13:34:10Z,Ben mon pauvre réécoute...,0
2012-12-29T11:58:47Z,Il a dit : Adriane ( écrit sous la prononciation ou Adrien si tu préfert ) Trebel .,0
2012-12-26T08:46:01Z,Bien le pénalty oublié ?,0
2012-12-25T21:43:20Z,"""avec ce centre de Yoan Trebel"" Il s'appelle Adrien Trebel*",0
2012-12-05T11:12:11Z,Ocampos il fait rien ,0
2012-12-03T20:51:43Z,"Public inexistant ça rend le club sans importance
",0
2012-12-03T20:11:31Z,"tu rêve un peux trop grand mon pote^^
",0
2012-12-03T13:22:58Z,beckham lampard pavlyuchenko.. Sa sent l asmfc en ligue des champions tout sa !!,0
2013-01-26T23:17:32Z,Nîmes fait une saison terrible !!! (Y) ,0
2013-07-26T08:24:20Z,Cavani on t'attend !,6
2013-06-12T10:15:31Z,tout faux ,0
2013-05-31T20:59:35Z,^^,0
2013-05-31T19:59:53Z,par contre guingamp va pas durer ,0
2013-05-29T15:22:36Z,"sinon vous avez peut etre une chance si vous recruter un joueur a chaque poste :)
",0
2013-05-28T20:42:35Z,"c'est ce que je pense mais des fois, et comme dans tous les clubs, ya des supporters arrogant d'autre non et c'est difficile de faire la différence :)",0
2013-05-26T21:44:09Z,pcq tu crois faire quelque chose contre nous avec cette équipe??? seul monaco vaut quelque chose dans ceux qui sont montés :) ,0
2013-05-21T17:46:22Z,"aller nantais enorme l'erdre qui répondait a la loire bravo PARIS CES LA MISERE MISERE MISERE PARIS CES LA MISERE MISERE MISERE PARIS CES LA MISERE MISERE MISERE OH OH OH OHHHHHHHHHHHHHH
",0
2013-05-19T11:44:02Z,Vraiment content de vous revoir parmi l'élite! (de la part d'un supporter marseillais),5
2013-05-19T11:43:21Z,Ambiance de ouf pour une remontée fantastique ! ,2
2013-05-19T07:28:36Z,Enfin on remonte en L1. On arrive,1
2013-05-18T22:56:06Z,Yes Nantes ! Ligue 1 est à nous !,0
2013-05-18T22:38:25Z,"Cette ligue n'existe pas mon cher ami xDD
Ahh trop content que Nantes monte , l'année prochaine ça va être difficile , mais ce groupe a des potentialités !! :P",0
2013-05-18T22:36:49Z,On est en ligue 1 ! <3,1
2013-05-25T13:01:09Z,First!,0
2013-07-05T06:39:21Z,Accontentato...,0
2012-09-27T12:22:49Z,j'y compte la presence au stade est indispensable,0
2012-09-26T18:48:57Z,"Ouai, Manu Perez et J-M Descamps sont bons aussi.
Il faut vite que le GF remonte au classment.
Pouvez compter sur moi dans les tribunes.",0
2012-09-23T17:27:37Z,oui mais il en faudrait deux ou trois comme lui ,0
2012-09-23T16:56:06Z,"Très belle 1ère victoire!
Même si Grenoble aurait pu mettre un ou deux buts en plus. Magnifique Aissa Yahia Bey, pour moi c'est le meilleur joueur du GF.",0
