publish_date,title,view_count
2013-03-09T08:28:22Z,Football freestyle,58
2012-12-19T00:03:12Z,Chamois Niortais - CS Sedan (1-3) - Le résumé (NIORT - CSSA) / 2012-13,2115
2012-12-23T23:00:12Z,CS Sedan - FC Nantes (0-0) - Le résumé (CSSA - FCN) / 2012-13,5229
2012-12-01T23:00:17Z,AS Monaco FC - CS Sedan (3-1) - Le résumé (ASM - CSSA) / 2012-13,6543
2013-01-12T19:38:22Z,Châteauroux - CS Sedan (1-1) - Le résumé (LBC - CSSA) / 2012-13,1155
2013-05-25T22:00:36Z,CS Sedan - Angers SCO (2-2) - Le résumé (CSSA - SCO) / 2012-13,3902
2013-01-26T23:00:13Z,Nîmes Olympique - CS Sedan (2-1) - Le résumé (NIMES - CSSA) / 2012-13,1788
2013-05-18T22:00:11Z,FC Nantes - CS Sedan (1-0) - Le résumé (FCN - CSSA) / 2012-13,24907
2013-02-16T23:00:14Z,Stade Lavallois - CS Sedan (3-0) - Le résumé (LAVAL - CSSA) / 2012-13,5152
2012-11-15T23:35:40Z,Kalifa Coulibaly CFA PSG,2963
2012-12-11T02:29:48Z,Injury Update: Adama Traore,1630
2012-09-14T16:40:03Z,Interview Kalifa Coulibaly (CFA/PSG),2107
2013-05-25T12:53:31Z,Conférence de presse CS Sedan - Angers SCO (2-2) / 2012-13,109
2013-07-03T20:04:03Z,"Psg: Blanc &#39;Cavani mi piace&#39;; Ibra non convocato, si va verso la cessione al Real?",3257
2013-04-26T12:03:25Z,CFA 20 avril 2013  FC Compiegne,441
2012-09-23T01:07:14Z,GF 38/PSG B,3524
2013-06-21T00:43:34Z,&quot; Gomes &quot;  Everson fernando Gomes - Volante -  www.gomaisgol.com.br,121
2012-11-26T22:14:00Z,Victor Bunel Vs Mtapséré,1118
2012-09-20T20:20:06Z,"Interview de Franck Rizzetto, entraîneur de la réserve du PSG vid_0501.MOV",135
2012-09-07T23:09:41Z,"Sébastien ATLAN, CFA PSG",438
2013-07-30T20:23:50Z,Piotr Grzelczak - Lechia Gdansk 2 × 1 FC Barcelona,189
2013-07-04T01:58:25Z,Moussa Sanogo goal (vs Đà Nẵng) - 05/05/2013,336
