published-time,comment,likes
2013-05-15T14:44:28Z,ta pas d'ambitions dans ta vie?,0
2013-06-01T21:48:02Z,"2:59, quelle belle image ;) Allez Dijon, la ligue 1 c'est pour nous l'année prochaine !",0
2013-04-06T18:12:29Z,Ferme ta gueule ,0
2013-03-30T11:34:44Z,Allez Dijon ! xD,0
2013-03-29T15:12:55Z,"Bien dit et ALLER DIJONNNNNNNNNNNNNNNN
",0
2013-03-24T15:05:39Z,"Rémy Riou très très bizarre sur les buts.. Trop avancé, nonchalant... Ca cache quelque chose.",0
2013-03-22T16:07:22Z,"le terrain n'y peu rien car la greke est tombée 30 minutes avant le coup d'envoi comment voulez vous qu'il s'occupe du terrain a temps ?

",0
2013-03-22T15:14:11Z,"Allez l'OL !
Bravo à Dijon.",0
2013-03-22T08:11:45Z,"Ce n'est pas le terrain bande d'inculte qui est nul !
Ce sont les conditions climatiques.. comment voulez vous que après un orage ou y est tomber 2cm de grêlons que le terrain soit jouable ?! 
Le terrain a été refait y a pas longtemps pour la Ligue 1 donc y a un an même ... 
Et les supporters pour info , en L1 on a été premier du championnat des tribunes l'an dernier, autant par le remplissage que par l'ambiance, avant de parler svp cultiver vous ... MERCI ALLEZ DIJON !",0
2013-03-20T07:36:06Z,Déçu du FCN mais il fait avouer que Dijon a proposé un beau spectacle sur un terrain catastrophique!,0
2013-03-19T20:17:04Z,Terrain nul !,0
2013-03-19T19:54:49Z,"3 but en 10 minutes franchement epic allez dijon
",0
2013-03-19T18:22:43Z,Pape Paye........,0
2013-03-19T17:48:06Z,"Putain je suis dèg' xD
Bien ouèj dijon ;)",0
2013-03-19T17:00:15Z,"sinon terrain super glissant lol
",0
2013-03-19T15:20:33Z,"allez dijon on passe en ligue 1
",0
2013-03-19T12:04:15Z,Pourquoi ?,0
2013-03-19T11:20:50Z,"pauvre france (en football , mais pas que ça )",0
2013-04-26T08:48:14Z,Aller SCO,0
2013-03-16T11:41:33Z,Dijon 3,0
2013-04-12T14:26:57Z,bj chateauroux,0
2013-04-08T16:08:57Z,"chateauroux merite surtout de perdre
",0
2013-04-07T05:53:55Z,bravo Romano :) ,0
2013-04-01T14:38:12Z,"Les Auxerrois qui disent ""fuck Dijon"" c'est tellement ridicule :') 
Les dijonnais ont soutenu Auxerre durant ses belles années et maintenant Auxerre se croit supérieur à tout le monde.",0
2013-03-31T10:51:12Z,"AjA <3 
fuck dijon !!!!",0
2013-06-01T21:58:47Z,Venez sur ma chaine pour voir ma vidéo du top des buts du DFCO en 2012-2013 ;) Merci,0
2013-01-08T17:03:47Z,"AUXERROIS <3
",0
2013-01-02T21:25:53Z,T'habite a Dijon ?,0
2012-12-22T10:22:40Z,0:57 c'est une tete de Koné et non pas de Tavares,0
2012-12-12T16:51:34Z,"DIJONNAIS
",0
2012-12-08T22:44:25Z,Allez Dijon! ,0
2013-02-20T14:59:17Z,"c'est moche comme but tout de même ....
",0
2013-02-24T09:30:46Z,Le but est totalement valable ! C'est ce qu'on appelle se faire voler,1
2013-05-11T07:52:05Z,"Et encore, l'olympique U13 .
J'ai été voir Sedan-Niort hier ... Une catastrophe ! J'ai arbitré un match de débutant et ils ont fais les même erreurs . Officiellement relégués .",0
2013-05-05T21:15:38Z,Allez Sedan :(,0
2013-05-05T10:22:06Z,First !!!,0
2013-04-24T07:22:04Z,Un match pas superbe pour les Dijonais mais on a su saisir des opportunités ! Allez Dijon !,0
2013-04-22T16:33:58Z,"DFCO !!!
",0
2013-04-21T20:20:39Z,Aller Dijon !!!!!,0
2013-04-20T22:23:37Z,Allez Dijon ! :),0
2013-01-17T18:33:17Z,Zé Luis???? esse que abandonou a selecção em pleno estagio?? LOL,0
2013-05-21T16:19:52Z,trop le feu d' artifise ,0
2013-06-02T21:46:59Z,Dijon en jaune ?!?!,1
2013-05-31T09:50:09Z,Trop,1
2013-05-29T16:16:51Z,"Même pour les coupes : Nantes, Rennes, Lorient, Guingamp, Vannes, Brest ... (dites si j'en oublie)",0
2013-05-26T11:26:17Z,Ca va faire de sacrés derbys en ligue 1..,1
2013-05-26T05:27:45Z,C'était dingue au Roudourou!!! EAG<3,3
2013-05-25T22:03:33Z,Bien joué EAG (de la part d'un dijonnais) :D,4
2013-04-20T22:03:39Z,Dijon a ete meilleur alors que laval na rien foutu fuck laval!!!!!,0
2013-03-22T17:43:23Z,ALLEZ LAVAL!!,0
2012-11-25T10:08:04Z,ohhh vous avez fumé quoi ??? Dijon a dominé qui ? Il manque au moins 3 ou 4 grosses actions lavalloises la ! Du grand n'importe quoi ! ,0
2012-11-25T09:44:05Z,Dijon n'a pas dominé autant que les commentaires le disent.,0
2012-11-25T09:26:24Z,Yeahhhh super victoire !!,0
2013-02-23T21:09:35Z,Dage Munegu,0
2013-02-21T09:12:52Z,DAGHE MUNEGU,0
2013-02-19T17:16:29Z,C'est bien sans les commentaires audio,0
2013-02-09T20:23:56Z,Bravo au DFCO et bonne chance au Gazelec  ! :),0
2013-02-07T14:29:36Z,"Força rapaziz,na proximo can nu ta fazi ainda midjor..abraço",0
2013-02-03T20:02:13Z,Orgulhosa de nhos rapazes,0
2013-03-02T16:32:30Z,"Que chowww de bola 
Que delicia de jogador
nossa nossa assim vc mi mata;
bjs,,,,,,,,
",0
2012-08-27T19:18:11Z,merci :D',0
2012-08-25T22:06:40Z,Un tres bon joueur jeune :),0
2013-06-26T19:30:39Z,"Muito bom ! Mas eu sinceramente não curto treinar meia altura com a bola sendo lançada com as mão ,acho menos eficaz ..

",0
2012-08-27T20:10:50Z,"هذي نهاية المتاريس الدفاعية .. 
",0
2012-08-27T20:00:44Z,كنيدا يررص دفااع  وهذه اخرتها م يقدر يعادل ولا يفوز على الفرق الصغيره كيف بالفرق الكبيره نظام رصد فاع ,0
2013-07-23T12:36:55Z,"le capvert i sont plus fort
",0
2013-01-23T19:29:57Z,"Le Maroc doit se concenter sur ses vrais problemes: chomage, corruption au lieu du dorguer le peuple avec le foot.",0
2013-07-30T23:01:02Z,Daqui uns Dias os Pateticanos  estao imitando ,0
2013-07-30T01:50:37Z,"q circo!!!!!!!!kkkkkkkkkkkkkkkkkkkkkk,,e o cruzeiro esse ano é penta da copa do brasil e tri do brasileiro!!!!",0
2013-07-29T20:16:53Z,/watch?v=4zYJ12lsI3M,0
2013-07-29T17:51:09Z,"vamos que vamos primo ""Julio Baptista""",0
2013-07-29T04:27:30Z,"libertadores sou BI
Segunda nunca cai

EPICO!
",1
2013-07-29T03:37:28Z,ngm seguta mais!!!! JU-LIO BATISTAAAAAAAA!,1
2013-07-29T03:35:38Z,"zerooooo
",0
2013-07-29T00:58:34Z,"Abram Passagem q o Terror chegou , Julio Baptista e Matador . haha",1
2013-07-29T03:10:43Z,"Na hora que a China Azul gritou 
ão ão ão.. segunda divisão
As meia dúzia de galinete ficaram com o cú na mão e devem ter pensado : nossa nem ganhando a libertadores nós vamos deixar de ser chacotas (:
Morri kkkkkkkkkkkkkkk",2
2013-07-29T02:20:29Z,agora vamo ver quem segura,0
