publish_date,title,view_count
2013-01-20T18:24:07Z,Julio Tavares : &quot;Nous allons essayer d&#39;accrocher une victoire&quot;,4442
2012-11-03T23:58:17Z,Châteauroux - Dijon FCO (2-2) - Le résumé (LBC - DFCO) / 2012-13,2122
2013-05-11T22:00:11Z,FC Istres - Dijon FCO (2-3) - Le résumé (FCIOP - DFCO) / 2012-13,2777
2013-03-19T11:01:19Z,Dijon FCO - FC Nantes (3-1) - Le résumé (DFCO - FCN) / 2012-13,11282
2013-03-09T23:00:20Z,Angers SCO - Dijon FCO (3-3) - Le résumé (SCO - DFCO) / 2012-13,7109
2013-04-06T22:00:13Z,Dijon FCO - Châteauroux (1-1) - Le résumé (DFCO - LBC) / 2012-13,1835
2013-03-30T23:00:13Z,AJ Auxerre - Dijon FCO (0-0) - Le résumé (AJA - DFCO) / 2012-13,1750
2012-12-22T23:16:45Z,AC Arles Avignon - Dijon FCO (1-1) - Le résumé (ACA - DFCO) / 2012-13,2242
2012-12-01T23:00:32Z,Dijon FCO - SM Caen (1-0) - Le résumé (DFCO - SMC) / 2012-13,3400
2013-02-19T02:55:27Z,CS Sedan - Dijon FCO (0-1) - Le résumé (CSSA - DFCO) / 2012-13,881
2013-02-23T23:00:14Z,Clermont Foot - Dijon FCO (0-0) - Le résumé (CFA - DFCO) / 2012-13,966
2012-12-15T23:00:13Z,Dijon FCO - FC Istres (3-1) - Le résumé (DFCO - FCIOP) / 2012-13,2353
2013-04-13T22:00:15Z,Nîmes Olympique - Dijon FCO (1-1) - Le résumé (NIMES - DFCO) / 2012-13,1260
2013-03-02T23:00:14Z,Dijon FCO - Chamois Niortais (1-1) - Le résumé (DFCO - NIORT) / 2012-13,1797
2013-05-04T22:00:10Z,Dijon FCO - CS Sedan (4-2) - Le résumé (DFCO - CSSA) / 2012-13,5786
2012-11-10T23:00:16Z,Dijon FCO - Nîmes Olympique (2-1) - Le résumé (DFCO - NIMES) / 2012-13,1450
2013-04-20T22:00:15Z,Dijon FCO - Stade Lavallois (1-0) - Le résumé (DFCO - LAVAL) / 2012-13,1987
2013-01-17T18:22:25Z,Diário dos Tubarões - Episódio 5,2510
2012-11-04T00:08:50Z,Conférence de presse Châteauroux - Dijon FCO (2-2) / 2012-13,72
2013-05-18T22:00:11Z,Dijon FCO - AC Arles Avignon (2-3) - Le résumé (DFCO - ACA) / 2012-13,3417
2013-05-25T22:00:36Z,EA Guingamp - Dijon FCO (2-0) - Le résumé (EAG - DFCO) / 2012-13,24486
2013-02-09T23:00:28Z,GFC Ajaccio - Dijon FCO (0-2) - Le résumé (GFCA - DFCO) / 2012-13,2068
2012-11-24T23:00:15Z,Stade Lavallois - Dijon FCO (3-0) - Le résumé (LAVAL - DFCO) / 2012-13,2666
2013-02-19T11:00:50Z,Dijon FCO - AS Monaco FC (0-2) - Le résumé (DFCO - ASM) / 2012-13,8383
2012-12-01T17:31:49Z,football Ligue 2 : DFCO Caen,159
2013-03-09T18:33:03Z,Conférence de presse Angers SCO - Dijon FCO (3-3) / 2012-13,125
2012-12-01T21:30:05Z,Conférence de presse Dijon FCO - SM Caen (1-0) / 2012-13,55
2013-02-09T18:45:05Z,Conférence de presse GFC Ajaccio - Dijon FCO (0-2) / 2012-13,73
2013-01-16T21:40:40Z,Exclusivo Platini e Julio.,5390
2012-11-10T21:21:03Z,Conférence de presse Dijon FCO - Nîmes Olympique (2-1) / 2012-13,48
2013-01-14T12:49:05Z,Tubarões Azuis em Luanda,2392
2012-08-25T17:32:34Z,Brunno Tavares,873
2013-05-22T11:29:13Z,DFCO supporters,1559
2013-02-24T23:00:17Z,Goal Yoann POULARD (38&#39; csc) - AC Ajaccio - LOSC Lille (1-3) / 2012-13,153
2013-06-20T15:44:36Z,#FluminenseUSA - Vida de Goleiro,3730
2012-08-14T13:55:01Z,Paulo Martins - Zagueiro - A.R.F Sports,299
2013-04-16T00:06:39Z,Central de Caruaru 3x0 Porto - Campeonato Pernambucano de Futebol 2013,1829
2012-10-24T22:39:22Z,Julio Zagueiro 90,208
2012-10-25T10:10:07Z,Campeonato Brasileiro Série C - Melhores Momentos: SANTA CRUZ 2 x 1 Luverdense/MT - 20/10/2012,1910
2013-06-16T01:51:56Z,Diogo da Costa - Meia-Atacante - 2013,96
2012-11-22T18:08:30Z,Atlético MG 3 x 1 Atlético PR | Campeonato Brasileiro 1996,1037
2013-07-09T20:38:43Z,"Entrenamiento Santos Laguna, martes 9 de julio 2013.",2271
2013-05-26T11:39:13Z,Campeonato Brasileiro 2013 - 1ª rodada - Corinthians 1 x 1 Botafogo,6195
2012-11-01T06:00:07Z,But Alejandro ALONSO (88&#39;) - FC Sochaux-Montbéliard - AS Saint-Etienne (0-3 / 2012-13,766
2013-01-15T18:23:04Z,Diário dos Tubarões - Episódio 3,3418
2012-08-27T19:57:06Z,الإتحاد Vs الفيصلي | دوري زين - هدف الفيصلي الأول,332
2013-01-22T22:06:07Z,CAN-2013: le Cap-Vert veut être &quot;plus performant&quot; face au Maroc,1916
2013-07-28T23:24:16Z,Apresentação Júlio Baptista no Mineirão pelo Cruzeiro 2013,11950
2012-10-21T21:51:46Z,Guarda Redes em treino com Mister Rui Tavares,673
2013-07-29T01:46:56Z,Júlio Baptista é apresentado pelo Cruzeiro,14551
