publish_date,title,view_count
2013-05-18T22:00:11Z,Châteauroux - SM Caen (2-2) - Le résumé (LBC - SMC) / 2012-13,3203
2013-01-26T23:00:13Z,Châteauroux - FC Istres (2-0) - Le résumé (LBC - FCIOP) / 2012-13,1782
2013-03-30T23:00:14Z,Châteauroux - Angers SCO (2-3) - Le résumé (LBC - SCO) / 2012-13,5472
2013-04-16T10:00:25Z,Châteauroux - FC Nantes (0-4) - Le résumé (LBC - FCN) / 2012-13,13024
2013-03-09T23:00:19Z,Châteauroux - AS Monaco FC (1-1) - Le résumé (LBC - ASM) / 2012-13,3515
2013-02-09T23:00:28Z,Châteauroux - EA Guingamp (3-1) - Le résumé (LBC - EAG) / 2012-13,4246
2013-02-23T23:00:14Z,Châteauroux - AC Arles Avignon (2-0) - Le résumé (LBC - ACA) / 2012-13,2431
2013-02-02T23:00:13Z,Tours FC - Châteauroux (3-1) - Le résumé (TOURS - LBC) / 2012-13,2651
2013-04-27T22:00:13Z,AJ Auxerre - Châteauroux (0-0) - Le résumé (AJA - LBC) / 2012-13,1296
2013-03-25T23:19:40Z,GFC Ajaccio - Châteauroux (1-1) - Le résumé (GFCA - LBC) / 2012-13,1124
2013-02-16T23:00:28Z,RC Lens - Châteauroux (4-3) - Le résumé (RCL - LBC) / 2012-13,19970
2013-05-18T20:55:23Z,Conférence de presse Châteauroux - SM Caen (2-2) / 2012-13,182
2013-02-23T18:27:02Z,Conférence de presse Châteauroux - AC Arles Avignon (2-0) / 2012-13,150
2012-09-17T23:48:54Z,Arthur Cardoso - Nice Dribbling between 5 guys,5828
2013-05-04T06:49:35Z,ERIC SI MESAJUL PASCAL,6
2013-06-17T16:15:22Z,Reunire lot Gaz Metan - NovaTv Mediaş,361
