publish_date,title,view_count
2013-02-01T15:30:21Z,Portrait de Morgan Sanson (Le Mans FC),10750
2013-07-30T13:09:56Z,Morgan Sanson (passage au Mans Fc +début de préparation à Montpellier),2366
2013-03-29T17:32:48Z,Morgan Sanson,2169
2012-11-10T23:00:16Z,FC Istres - Le Mans FC (1-0) - Le résumé (FCIOP - LEMANS) / 2012-13,1368
2013-04-20T22:00:15Z,EA Guingamp - Le Mans FC (6-1) - Le résumé (EAG - LEMANS) / 2012-13,23539
2013-02-09T23:00:28Z,Clermont Foot - Le Mans FC (1-1) - Le résumé (CFA - LEMANS) / 2012-13,1703
2013-02-16T23:00:14Z,Le Mans FC - SM Caen (1-1) - Le résumé (LEMANS - SMC) / 2012-13,4572
2012-12-15T23:00:13Z,Havre AC - Le Mans FC (1-0) - Le résumé (HAC - LEMANS) / 2012-13,1727
2012-12-01T23:00:17Z,AC Arles Avignon - Le Mans FC (0-0) - Le résumé (ACA - LEMANS) / 2012-13,934
2013-01-26T23:00:13Z,AJ Auxerre - Le Mans FC (1-1) - Le résumé (AJA - LEMANS) / 2012-13,3332
2013-05-04T22:00:10Z,GFC Ajaccio - Le Mans FC (1-3) - Le résumé (GFCA - LEMANS) / 2012-13,6461
2013-02-23T23:00:15Z,Chamois Niortais - Le Mans FC (2-3) - Le résumé (NIORT - LEMANS) / 2012-13,7307
2013-05-25T22:00:36Z,Le Mans FC - RC Lens (2-1) - Le résumé (LEMANS - RCL) / 2012-13,15819
2012-12-22T23:17:29Z,Le Mans FC - AS Monaco FC (2-3) - Le résumé (LEMANS - ASM) / 2012-13,14787
2013-03-30T23:00:14Z,Stade Lavallois - Le Mans FC (2-1) - Le résumé (LAVAL - LEMANS) / 2012-13,6269
2013-01-12T19:54:44Z,Dijon FCO - Le Mans FC (3-0) - Le résumé (DFCO - LEMANS) / 2012-13,3850
2013-04-13T22:00:15Z,Le Mans FC - FC Istres (1-2) - Le résumé (LEMANS - FCIOP) / 2012-13,1789
2013-01-19T23:00:13Z,Le Mans FC - Châteauroux (2-0) - Le résumé (LEMANS - LBC) / 2012-13,3623
2012-12-12T23:00:14Z,Le Mans FC - GFC Ajaccio (1-0) - Le résumé (LEMANS - GFCA) / 2012-13,1928
2013-05-11T22:00:12Z,Le Mans FC - Havre AC (0-4) - Le résumé (LEMANS - HAC) / 2012-13,7484
2012-12-06T18:08:06Z,Airfood Project LEMANS FC,2733
2013-04-06T22:00:13Z,Le Mans FC - Tours FC (1-0) - Le résumé (LEMANS - TOURS) / 2012-13,5503
2013-02-16T19:29:56Z,Conférence de presse Le Mans FC - SM Caen (1-1) / 2012-13,92
2012-12-22T23:32:37Z,Conférence de presse Le Mans FC - AS Monaco FC (2-3) / 2012-13,446
2013-04-20T19:37:51Z,Conférence de presse EA Guingamp - Le Mans FC (6-1) / 2012-13,445
2012-12-09T19:49:05Z,Remy Cabella goal - Montpellier v Ajaccio 09/12/12,144
2013-02-23T18:31:42Z,Conférence de presse Chamois Niortais - Le Mans FC (2-3) / 2012-13,209
2013-04-07T22:00:20Z,Goal Daniel CONGRE (60&#39;) - Montpellier Hérault SC - Valenciennes FC (3-1) / 2012-13,566
2013-01-01T17:44:30Z,Andre Villas-Boas praises Aaron Lennon after their 3-1 victory over Reading.,993
2012-12-16T23:00:26Z,Goal Johan CAVALLI (90&#39; +3) - ESTAC Troyes - AC Ajaccio (3-2) / 2012-13,193
2012-12-16T23:00:13Z,Goal Anthony MOUNIER (76&#39;) - Montpellier Hérault SC - SC Bastia (4-0) / 2012-13,253
2012-12-02T23:00:16Z,Goal Jérôme ROUSSILLON (40&#39; csc) - Girondins de Bordeaux - FC Sochaux-Montbéliard (2-2) / 2012-13,301
2012-11-28T23:00:11Z,But Emanuel HERRERA (52&#39;) - Montpellier Hérault SC - OGC Nice (3-2 / 2012-13,794
2012-10-06T17:47:13Z,Tous les but de Montpellier vs Evian TG 06/10/2012,6269
2012-12-09T23:00:28Z,But Rémy CABELLA (32&#39;) - Montpellier Hérault SC - AC Ajaccio (3-0 / 2012-13,1289
2013-04-05T18:55:11Z,Le Mans FC : Michel Moulin se retire,424
2013-07-14T21:22:53Z,Le Mans FC en division d&#39;honneur,1418
2013-05-06T16:03:04Z,Le Mans FC : une souscription de soutien et une reprise qui se fait attendre,565
2013-04-09T16:58:34Z,"Interview: Otani Hidekazu, midfielder - Kashiwa Reysol (In Japanese)",147
2012-08-26T22:00:09Z,Conférence de presse Stade Rennais FC - SC Bastia (3 - 2) / 2012-13,629
2013-02-20T23:57:37Z,AS Villaret vs S O M U17 DH Mauvais geste,272
2012-12-09T23:00:28Z,But John UTAKA (28&#39;) - Montpellier Hérault SC - AC Ajaccio (3-0 / 2012-13,987
2013-07-02T15:49:03Z,Le Mans FC : reprise de l&#39;entrainement et méthode coué,398
2013-04-07T22:00:13Z,Goal André-Pierre GIGNAC (41&#39;) - Olympique de Marseille - Girondins de Bordeaux (1-0) / 2012-13,1514
2012-12-05T21:45:04Z,Romain Pitau vs Schalke 04,21452
2012-08-26T22:00:09Z,Interview de fin de match : Stade Rennais FC - SC Bastia (3 - 2) / 2012-13,371
2013-04-07T22:22:43Z,Lille-Lorient but Payet ambiance,129
2013-02-24T17:10:54Z,Interview de fin de match : Stade Rennais FC - FC Sochaux-Montbéliard (2-2) / 2012-13,189
2013-02-06T16:08:43Z,Anthony Forde Penalty v Holland u21 6/2/13,781
2013-03-13T16:11:40Z,PORTRAIT DE JIAQI ZHANG JOUEUR LE MANS FC,604
