published-time,comment,likes
2013-06-06T16:01:50Z,Bienvenue à Montpellier.,0
2013-06-08T20:54:42Z,Bienvenue à la Paillade !,0
2013-07-03T09:00:02Z,C'était de l'humour...,1
2013-05-04T10:12:14Z,"Un peu de respect s'il te plait!
Souhaiter une blessure c'est tous simplement stupide et pour tous les gardiens il y a des matchs comme ca a oublier (exemple pour Lloris la claque reçu a domicile par le Bayern Munich 3-0( en ligue des champions et surtout en demi finale ce n'est pas normal)",3
2013-04-30T11:47:58Z,"Une partie de rigolade pour les Guingampais !!!
",3
2013-04-22T16:41:33Z,ca on l'avait remarqué,1
2013-04-22T16:02:04Z,J'espère que le 1er gardien de la géorgie se blessera comme ça on rigolera bien à Géorgie-France !,4
2013-04-21T20:43:35Z,"Allez Guingamp !
Cette année c'est la bonne !!",4
2013-04-21T16:05:01Z,"A la base c'est Janot et il est bléssé.. et dire que pourtant, ce mec c'est quand même le deuxième gardien nationale de Géorgie. Il doivent vraiment avoir peu de choix..",2
2013-04-21T14:47:55Z,On est nul ! Manceau qui parle,2
2013-04-21T13:23:14Z,"Tu as raison il est bidon 
",1
2013-04-21T11:37:32Z,Nan mais franchement le mans faut changer de gardien il est nul celui la ! Il ne bouge même pas !,4
2013-02-12T18:37:50Z,"C'est quoi cette arbitre sérieux ?!
",1
2013-02-10T08:02:24Z,"Supporter clermontois, mais je dois admettre que je ne comprends pas le penalty...",1
2012-12-08T15:57:14Z,"ALLEZ LE MANS !!!!!!!!!!!!!!!!!!!!!!
",1
2012-12-01T23:53:00Z,ALLèèè ACA ALLéééé ,1
2013-05-05T17:11:12Z,FIRST !!!,1
2013-05-08T16:08:37Z,"aller les sang et or
sang et or suporters a lavie a la mort 
",2
2013-03-09T18:33:19Z,il y a que le mans dans mon coeur qui bat il y a que le mans toujours il restera,1
2013-03-03T13:31:00Z,beau match !,1
2013-03-02T14:43:30Z,"Pour une fois que Le Mans FC gagne ! 
Perdre contre une equipe de National LA HONTE ! 
Fin bref on les soutients 
SANG ET OR !
",2
2013-03-02T14:05:59Z,Tu la dit quel arbitre pourri,2
2013-03-01T19:03:43Z,Sang et Or !!!!!,2
2013-05-26T02:19:10Z,Triste pour Le Mans :'(,9
2013-02-03T19:56:20Z,allez le mans,2
2013-01-25T12:07:31Z,il est bon ce Ibrahima Touré ^^ sa promet pour la suite. Je souhaite une monté de l ASM pour la saison prochaine.( Un sup Parisien),1
2013-01-10T01:49:45Z,allez monaco,1
2013-01-02T09:08:47Z,ouai vous nous rembourserez dans maximum 3 mois sinon...,1
2013-01-01T22:20:37Z,"mais il coute trop cher pour vous 200 000 euro 
vous avez pas les moyens",1
2012-12-23T17:21:21Z,"Frederic, si il n'a pas montrer ton ""hors jeu imaginaire"" il n'a pas non plus montré le penalty non sifflé pour Le Mans si tu va dans ce sens là ! (Sympa ton jugement sur les supporters c'est vrai que c'est important de signaler ce que tu as dit ... Ahlala)",1
2012-12-23T09:23:26Z,alors super journaliste manceau juste pour dire qu'il y a un but refusé sur hors jeu imaginaire mais bon sa on montre pas et les supportaire manceau qui pousse pour marqué le 2 eme but ???? eh il était au match ou pas car moi j'i etait et les manceau on les a entendu qu'au 2 eme mais avant et apres .... les Supportaire Monégasque était la mais sa il en a pas parlé non plus pas grave victoire un de bon souvenir :) ,1
2013-04-02T15:22:13Z,ALLEZ LAVAL,2
2013-01-19T18:42:01Z,trop fort mon cousin a moi aussi tu peux etre fier de toi continue ainsi moi (marine) et léa on te supporte fort a carpantras. vive les philippoteaux,1
2013-01-16T08:37:34Z,romain mon cousin jsui trop fier de toi !! revien moi vite la famille quon fete tous sa meme si on la deja féter ;) lache rien c toi le meilleur depuis petit jte le di lache rien rien riennnnn !!! jtembrasse la famille jtappel ce soir ,1
2013-01-14T16:23:45Z,Le Buteur d'Apt c'est le meilleur ! ,1
2013-01-12T22:38:29Z,cette chaine fait du bon boulot,1
2013-04-16T07:17:14Z,Le mans restera t-il en ligue2?,1
2013-04-13T22:29:40Z,Erreur le score n'est pas de 3-1 mais de 2-1 en faveur des istréens,1
2013-02-21T19:40:37Z,ta gueule allez le mans,1
2013-02-21T19:40:15Z,allez le mans,1
2013-01-20T11:10:42Z,Vive Le Mans FC !! POuce vert si vous serez là à Le Mans FC - SM Caen . :),1
2013-01-19T23:37:23Z,Bell victoire de Le Mans avec un bon Janot :),1
2013-05-12T20:16:32Z,Superbe but de fontaine tout juste magnifique !!!,1
2013-05-12T15:39:13Z,Dommage pour le mans ! National l'année prochaine !,1
2013-05-11T22:07:55Z,NAN MON FIRST :(,1
2013-05-11T22:03:58Z,First,1
2013-01-02T09:10:10Z,ntm,0
2012-12-07T23:48:16Z,Belle initiative !! ,0
2013-04-08T05:59:38Z,"c fouss et no mendes sur la premiere occas
",1
2013-04-07T09:35:14Z,On est pas encore mort. U.C ! <3,1
2012-12-23T09:03:15Z,"mdr mais l'entraineur manceau a vu le but refusé pour monaco ou pas ??? alors avant de dire sa il aurai du rien dire ....  bref  


Allez L'Asmfc",0
2013-04-21T07:35:15Z,HONTEUX POUR LE MANS !,0
2013-04-20T19:42:53Z,Aïe aïe aïe ! ,0
2012-10-08T17:26:08Z,"taraji dawala
",0
2012-10-06T21:07:11Z,Nchallah dima hekka khlifa,0
2012-10-06T20:07:16Z,ya m3aaaaaaaaaaaaaaaaaaaaaaaaaallem!!!!!!!,0
2012-08-28T12:03:57Z,"Surtout que le deuxième but rennais a été marqué avant l'expulsion d'Ilan. Enfin, il suffit de regarder les stat de ce match pour savoir qui méritait réellement de gagner donc Rennes mérite sa victoire.",0
2012-08-27T18:20:56Z,"Quelle mauvaise fois Hantz... Y'a pas du tout faute sur le 1er but, à vitesse réelle on peut croire mais qu'il regarde les ralentis bordel... Quant à l'expulsion, la réaction d'Ilan a quand même été assez violente et le 2ème jaune n'est pas un scandale. On a vu des rouges pour moins que ça...",0
2013-04-08T13:35:08Z,Great goal,0
2013-01-23T13:30:42Z,"faut pas abusé avec ce genre de vidéo !!!
",2
2012-12-23T12:14:40Z,"Heureusement qu'il est rentré il a débridé le match le vieux briscard !

",6
2012-12-06T14:09:27Z,"Nobody better than him!
",11
2012-12-05T22:55:02Z,Il a régalé Pitau ! Ou plutot Pitou comme dit le commentateur,12
2013-02-06T22:03:57Z,Ballingarry Abu !!!,0
