published-time,comment,likes
2013-03-18T17:40:24Z,ça va pas bien,0
2013-03-17T20:19:03Z,Mmmmmmmmmmmmmmmmmmmmmmmmmmmmmmmmmmmmmmmmmmmhh..... Baliboump !!,0
2013-04-14T13:41:49Z,"Aller Sedan !!! L'année dernière à quelques points de la montée, là tu va peut-être (surement) descendre....
Et dire que la plupart des joueurs titulaires étaient blessés ou suspendus ...
Même si tu es en National (ou plus bas si le dépôt de bilan est déposé ...) je continuerais à venir te voir toutes les semaines !
",3
2013-04-14T09:34:02Z,Oui moi aussi,0
2013-04-14T08:57:07Z,"Comme quoi, les 2 derniers sont capables de faire de belles actions et du beau foot.
J'espère que les Sedanais parviendront à se maintenir.",0
2013-03-09T23:58:43Z,"encor une def :s
",1
2013-04-09T18:18:09Z,allez sedan jsuis peut etre le seul a le croire mais je crois que vous pouvez le faire go cssa,0
2013-04-07T11:10:54Z,"voleur
",0
2013-04-07T08:40:17Z,"La barre à la fin n'est pas à la bonne place, ça faisait encore 2-1",0
2013-04-06T23:57:08Z,pff Lens méritais pas!! Aller Sedan Ya de l'espoir encore!,0
2013-04-06T23:52:29Z,"Jolie remontée Lensoise mais que de frissons jusqu'au terme du match ! 
",0
2013-05-11T07:52:05Z,"Et encore, l'olympique U13 .
J'ai été voir Sedan-Niort hier ... Une catastrophe ! J'ai arbitré un match de débutant et ils ont fais les même erreurs . Officiellement relégués .",0
2013-05-05T21:15:38Z,Allez Sedan :(,0
2013-05-05T10:22:06Z,First !!!,0
2013-04-30T17:28:31Z,"Qu'ils viennent jouer dans ma campagne, le terrain est 10 fois mieux ...",0
2013-03-02T19:59:04Z,courage les sedannais,0
