publish_date,title,view_count
2013-03-02T23:00:14Z,FC Istres - CS Sedan (1-0) - Le résumé (FCIOP - CSSA) / 2012-13,1179
2013-03-17T14:54:08Z,AC Arles Avignon - CS Sedan (2-2) - Le résumé (ACA - CSSA) / 2012-13,2322
2013-04-13T22:00:15Z,CS Sedan - GFC Ajaccio (4-1) - Le résumé (CSSA - GFCA) / 2012-13,6527
2013-03-09T23:00:19Z,CS Sedan - Le Mans FC (2-1) - Le résumé (CSSA - LEMANS) / 2012-13,5841
2013-04-06T22:00:13Z,RC Lens - CS Sedan (2-2) - Le résumé (RCL - CSSA) / 2012-13,6543
2013-05-04T22:00:10Z,Dijon FCO - CS Sedan (4-2) - Le résumé (DFCO - CSSA) / 2012-13,5786
2013-02-16T23:00:14Z,Stade Lavallois - CS Sedan (3-0) - Le résumé (LAVAL - CSSA) / 2012-13,5152
2013-04-30T10:00:49Z,CS Sedan - AS Monaco FC (1-1) - Le résumé (CSSA - ASM) / 2012-13,6463
2013-03-02T19:34:47Z,CS Sedan - AJ Auxerre (1-0) - Le résumé (CSSA - AJA) / 2012-13,1804
2013-03-30T23:00:14Z,CS Sedan - EA Guingamp (1-2) - Le résumé (CSSA - EAG) / 2012-13,3712
2013-02-23T23:00:14Z,CS Sedan - Tours FC (1-1) - Le résumé (CSSA - TOURS) / 2012-13,2079
2013-05-04T17:24:49Z,Conférence de presse Dijon FCO - CS Sedan (4-2) / 2012-13,75
