published-time,comment,likes
2013-04-16T11:44:03Z,"1:42 = Il dit bien ""Caen va devoir jouer 1/4 d'heure en infériorité numérique"". Après il y a ça oui.
Bref ! On s'en tape :)",0
2013-04-14T08:52:14Z,"Ce commentateur est vraiment naze. C'est pas Caen qui se retrouve en infériorité numérique mais Lens !! Et dans le match Tours-Guingamp, c'est Planté dans les buts de Guingamp en 2ème mi-temps et pas Samassa ... Sans compter les erreurs sur les autres résumés.",0
2013-01-09T18:15:13Z,"vive la Racing tous se qui dise le contrais il aurons dans les fesse a la fin de la saison aller lensois
",1
2012-11-27T22:11:07Z,"ouais enfin faut pas rêver votre entraineur il se chiait de venir a Nîmes, pour un promu, avec un centre de formation nouvellement homologué, des finances au ras des pâquerettes, un président un peu à la masse malgré les sacrifices concédés. L'ARGENT TJR L'ARGENT A CROIRE QUE LE FOOT POPULAIRE EST MORT;
NON AU MATCH A 18H45",0
2012-11-25T19:26:19Z,FORZA S&O !!!! GLOIRE AU RACING !!!,1
2012-11-25T14:29:16Z,"et y sont là, et y sont là, et y sont là les sang et or!!!!! c(est bon de gagner quand meme !!! :-) Vive le racing
",1
2012-11-25T11:17:07Z,Et un but refusé de David Pollet aussi,1
2012-11-25T06:32:00Z,S'aurait pur faire 4/1 si pollet l'aurai pas mis sur la transversale et si le but de lemoigne n’étais pas hors jeu ( il n'est pas dans se résumer le but d'hors jeu de lemoigne,1
2012-11-25T06:28:05Z,"Rcl
",1
2012-11-24T23:21:12Z,Racing Club de Lens ♥♥♥,1
2013-04-22T15:17:29Z,Viva Gragnic !,0
2013-04-22T15:15:32Z,"GO NO
",0
