publish_date,title,view_count
2013-02-25T14:26:52Z,Le interviste di Calcissimo: Riccardo Improta - Juve Stabia,985
2012-11-10T16:59:19Z,10.11.12 JUVE STABIA - VIRTUS LANCIANO 2-1: GOL DI IMPROTA,2521
2013-02-07T10:03:33Z,Verso L&#39;Aquila - Teramo: Umberto Improta,408
2013-05-20T02:58:01Z,Crotone 3-3 Juve Stabia 19/05/2013 2012-13 - 42°,4416
2012-12-27T15:07:59Z,Juve Stabia 3-1 Crotone 26/12/2012 2012-13 - 21°,7270
2012-11-10T19:04:30Z,Juve Stabia-Virtus Lanciano 2-1 - i gol e l&#39;esultanza finale [10-11-2012],6005
2012-09-16T04:30:25Z,Novara 1-1 Juve Stabia 15/09/2012 2012-13 - 4°,3733
2013-07-10T11:46:43Z,Giuseppe Sampino: &quot;Improta farà parlare di sè. Gomez? Non pensavo che la Fiorentina ce la,135
2013-02-03T03:33:39Z,Vicenza 1-2 Juve Stabia 02/02/2013 2012-13 - 24°,4419
2012-11-11T01:05:20Z,Juve Stabia 2-1 Virtus Lanciano 10/11/2012 2012-13 - 14°,5537
2012-09-23T17:35:18Z,Messaggio ai calciatori della Juve Stabia...,2548
2013-03-25T01:34:44Z,Reggina 2-1 Juve Stabia 24/03/2013 2012-13 - 33°,3970
2012-09-06T07:34:55Z,FCS - Junior / Intervista mister Improta.mpg,195
2013-06-05T19:41:27Z,Italia-Polonia Under 20 (6-1). Torneo Quattro Nazioni. Gol al 76&#39; di Antei per il 5-1.,403
2013-01-15T13:59:50Z,Cuffa,204
2013-07-26T18:24:03Z,I 2 Gol per Roby,38
2012-11-09T18:35:02Z,Procolo Caiazzo fa il punto dopo il test di Taormina,446
2013-06-05T19:39:43Z,Italia-Polonia Under 20 (6-1). Torneo 4 Nazioni. Gol al 39&#39; per la doppietta di Bellotti per il 3-1,907
2013-07-23T14:38:31Z,Cuffa dal ritiro di Malles,235
2013-02-20T01:50:08Z,6. Februar 2013: U20 Italien - Deutschland 0:2,1600
2012-08-04T19:49:58Z,Juventus-Malaga 1st half Highlights,2106
2013-04-21T20:19:13Z,"FC Südtirol - Entella 3-0: goal di Pasi, 1-0.",368
2013-04-22T19:54:38Z,Cuffa,322
2013-06-08T20:15:01Z,"Italia U21 - Israele U21 4-0 all goals HD Saponara, Gabbiadini(2), Florenzi 08/06/2013",38914
2012-09-22T17:23:53Z,Cuffa - Tutti oggi abbiamo dato l&#39;anima su ogni pallone,267
2013-02-24T18:52:22Z,Padova - Juve Stabia 28a Giornata,54
2013-01-21T12:11:17Z,BORDOCAMPO    Foligno - Melfi,236
2013-07-20T14:43:23Z,Presentazione nel ritiro del Calcio Padova di Simone Benedetti,507
2013-06-07T09:48:19Z,STAR CUP SUMMER EDITION - PIZZA STOP vs NEW STICAZZI - RITORNO,53
2012-12-26T17:15:00Z,Matteo Piccinni in sala stampa nel post Padova-Ternana,257
2012-08-12T23:05:41Z,Juve Stabia-Frosinone 3-0 - i gol e l&#39;esultanza finale [12-08-2012],13543
2013-05-26T18:58:50Z,Materdei &quot;99&quot; vs Puteolana 1909 0-2,700
2012-12-01T21:38:43Z,Almas-Vigor Perconti : i gol,272
2012-10-24T15:27:42Z,"Matteo Politano - Andrai lontano, ragazzo! [HD]",4596
2012-11-25T21:33:23Z,Juve Stabia - Empoli entrata in campo 2012-13,307
2013-04-21T18:19:06Z,Messina-Cosenza,41
2013-06-13T17:29:52Z,Luca Siligardi 2012/2013,4668
2013-01-07T18:55:49Z,Italia-Portogallo Under 18 Gol De Francesco,310
2012-12-09T17:57:23Z,GoalParade  16° Giornata di Serie A,99
2013-02-01T08:59:08Z,"Fc Crotone | Sala Stampa, Camillo Ciano in conferenza",343
2013-06-01T15:43:36Z,Anteprima Lega Pro,158
2012-11-15T17:41:11Z,"Italia-Svizzera Under 20, Di Biagio: &quot;Il nostro obiettivo? Far crescere i ragazzi&quot; (Datasport)",728
2012-11-25T06:28:59Z,16° giornata JUVE STABIA - EMPOLI 1-2 da sportitalia,581
2012-11-07T12:18:03Z,Padova - Cesena 1-1 Highlights,207
2013-04-07T22:19:04Z,PORTOGRUARO-FERALPISALO&#39; 1-1 (Interviste),186
2012-11-09T13:15:42Z,Bari Empoli 2 3 Gol Bellomo,1040
2012-10-11T16:58:07Z,ITALIA - CROAZIA  4 - 2   A PORTOGRUARO !,713
2013-07-05T18:25:35Z,"Calcio Padova, Presentazione Andrea Valentini, Alessio Secco, Dario Marcolin - Parte 1",743
2012-11-24T20:59:35Z,16° giornata JUVE STABIA - EMPOLI 1-2 da 90°minuto,1311
2013-01-21T13:14:55Z,Nicola Bellomo Goals and Skills(Torino 2013),2447
