published-time,comment,likes
2013-02-01T16:26:18Z,avevamo iniziato bene.....cazzo speriamo che il ritorno segni una ripresa da parte del novara!!! forza azzurri cazzo,0
2012-09-24T18:14:02Z,forse xk il giocatore che fa l assist è in fuorigioco? e ci sono le immagini che lo testimoniano... posso anche darti il link se vuoi ;),0
2012-09-19T12:35:40Z,"Il difensore fa una scena, su questo sono d'accordo perchè non mi sembra sia stato colpito sul volto. Ad ogni modo, il pestone è netto.",0
2012-09-19T11:25:54Z,"L'espulsione ci sta tutta, si vedeva il sangue negli occhi di Gonzales e la reazione c'è stata.",0
2012-09-16T21:18:59Z,"Ma cosa dici telecronista ? Secondo te Gonzales ha dato una ginocchiata volontaria ? No, non ci siamo proprio...
",0
2012-11-11T23:40:18Z,DA UN NAPOLETANO TIFOSISSIMO AZZURRO.....  FORZA JUVE STABIA....VI ASPETTIAMO IN SERIE A....UN ABBRACCIO AGLI  AMICI E FRATELLI DI CASTELLAMMARE,3
2012-09-24T04:01:19Z,4:00 Vincere !,0
2013-03-25T15:58:42Z,"inte meji muort e killemmuort e l'arbitro ca ma fatt perdr 500 euro avevo l'x cazz e kit sonastramuort annulli il gol del pareggio... so nir!!
",0
2013-03-25T12:38:10Z,"REGGINA JUVE STABIA PARTITA DI SERIE B 10 CONIGLI TARALLARI AL SEGUITO DELLO STABIA SIETE I TIFOSI PIU RIDICOLI DELLA CAMPANIA ,NOI OPLONTINI IN SERIE D IERI AD AGRIGENTO QUASI IN AFRICA 30 PERSONE ,CASTLLUON INCHINATI ALLA NOSTRA PASSIONE è ALLA NOSTRA UNICA FEDE CHE SI CHIAMA SAVOIA NOI SIAMO TORRE ANNUNZIATA TU STABIESE NON SARAI MAI NESSUNO",0
2013-03-13T09:29:24Z,adriano celentano azzurro,0
2013-03-13T09:28:28Z,"ADRIANO CELENTANO, AZZURRO",0
2013-06-29T17:15:01Z,Saponara ♡♥ 3,0
2013-06-16T15:56:16Z,"Yes, ok jazz! ;)",0
2013-06-13T14:00:53Z,"u're right, i know alot of people who think it is fake. and i can tell u, even my friend also earning well monthly doing surveys and reading mails daily. i got it from here. you can also try it: bit.ly\19uONh8",0
2013-06-10T11:51:25Z,"Iscritto , ricambi",0
2013-06-09T20:18:36Z,Saponara!!!!,0
2013-06-09T16:10:00Z,cioè vuoi dire ke insigne gioca da sl?? no prima ke ti rispondo cm dv voglio capire!,0
2013-06-09T12:16:58Z,"Si è fatto poco o niente, salterà la norvegia ma giocherà le semifinali, solo una contusione.",0
2013-06-09T12:16:18Z,Florenzi secondo me è un fenomeno... Forse il più forte dell'Under 21.,0
2013-06-09T10:27:09Z,"la prossima partita quand'è?
",0
2013-06-09T09:51:55Z,Che partitone!,0
2013-06-09T09:35:03Z,tanto se deve giocare da solo può benissimo non esserci,0
2013-06-09T08:44:56Z,gabbiadini mi piace molto speriamo che la juve non lo ceda definitivamente,0
2013-06-09T00:12:16Z,STRATOSFERICI,0
2012-08-14T14:06:50Z,Mio fratello è stabiese ..SIRASTABIA NON MUORE MAI,0
2012-08-13T15:43:41Z,avanti così! da SORA forza STABIA!,0
2012-08-13T14:16:45Z,danila!!!,0
2012-08-13T10:05:00Z,"Sì, Juve Stabia-Sampdoria si disputerà al “Menti” di Castellammare e non al “Ferraris” di Genova, come sarebbe previsto dal regolamento, poiché lo stadio ligure ospiterà in quello stessa data il match tra Genoa e Verona.",0
2012-08-13T09:41:01Z,ma la prox partita si gioca in casa da voi?,0
2012-08-12T23:17:03Z,"bel video come sempre =).... cmq l esultanza finale è stata ""ki nun zomp è veronese"" no ""nocerino"" e credo che sara cosi anche per le prossime partite !! cmq sempre forza stabia !!!",0
2012-11-22T19:13:36Z,speriamo torna alla maggica,2
2013-07-08T22:13:52Z,UN GIOCATORE COMPLETO SENZA PUNTI DEBOLI.,0
2013-06-23T20:35:06Z,Sarà stupendo rivederlo al Dall'Ara... con la maglia giusta! ;) Grazie Raj,0
2013-01-21T13:25:17Z,Grz,0
2013-01-21T13:18:40Z,"bello,forse sei il primo che fa un video su di lui",0
