published-time,comment,likes
2012-10-30T12:02:16Z,Perché Dionisi a ogni gol festeggia a storci di 'òllo...,0
2012-10-29T21:50:43Z,"veronesi TUTTI APPESI!
nient'altro da aggiungere...e non sono livornese, ma vi odia tutta l'italia civile.",0
2012-10-27T17:30:37Z,"Livornesi pezzi di merda, perchè non dice di quando hanno voltato le spalle al minuto di silenzio??? Comunisti di merda!",0
2012-10-27T01:14:21Z,ILTIFOSO OCCASIONALE ALLO STADIO PORTA MALE!!!!!!!!  ,0
2013-05-29T15:36:13Z,tutti gli vorremo sempre bene. grazie.,1
2013-05-29T15:35:54Z,"Tutti i ""calciofili"" ricorderanno per sempre questo sfortunato calciatore. Grazie per il commento.",1
2013-05-28T21:36:45Z,grande Moro ... Livorno ti ha voluto bene ,1
2013-04-14T20:35:13Z,"Grazie per il commento e Morosini è uno di noi tutti, di tutti quelli che come noi la vita se la﻿ suda e cerca anche di regalare un sorriso quando è possibile. ciao e... mi iscrivo.",1
2013-04-14T18:26:03Z,"Morosini..UNO DI NOI!! Insegna lassù a giocare a calcio!!
",1
2012-10-21T12:35:19Z,grazie ...l'unico che posso capire di verona ;)!!!. ,0
2012-10-21T10:31:00Z,"Avete dei bellissimi cori. Onore ai compagni,anche se dentro allo stadio non esiste politica!

Da un Veronese Antifa,Forza Verona! /=\
ps: Un saluto a Moro con il cuore!",0
