publish_date,title,view_count
2012-11-17T21:03:00Z,Sofiane Boufal,9819
2013-05-14T20:21:38Z,Soccer sofiane,737
2013-05-29T17:21:43Z,SOFIAN FOOTBALL 7,221
2012-12-01T16:17:34Z,SOFIANE N° 10 U12 NEW SKILLS game vision 2,12603
2013-05-16T13:50:46Z,sofian football 3 3),65
2013-01-05T14:26:55Z,MOROCCAN SKILLS BATTLE (&#39;CAN 2013&#39;),3432
2013-05-10T18:55:32Z,"moroccan football talent,ronaldo Tamoui",255
2013-05-10T18:53:58Z,"moroccan football talent,messi+ronaldo 1",401
2012-10-13T10:37:12Z,MAATAOUI 66 SOFIANE - FOOTBALLEUR .mpg,885
2013-04-02T16:44:08Z,Diego Gomez : le retour,531
2012-11-19T14:26:17Z,Sofiane Feghouli vs Espanyol Barcelone,7766
2013-05-16T15:40:06Z,moroccan skills,62
2012-11-04T23:30:35Z,commentateur meskaldji sofiane.mp4,189
2013-02-15T21:08:39Z,Adel Taarabt The art of Football,9596
2013-01-02T16:12:43Z,"الخويا باريس سان جرمان , الهدف الرابع Lakhwiya vs PSG",119
2012-10-03T17:44:43Z,Best Moroccan Skills,27489
2013-02-02T17:13:19Z,Challenge espoirs : AS.FAR 1-2 MAS (vidéo du but de Soufiane Alloudi) | www.supporters-asfar.com |,2861
2012-10-24T18:12:42Z,7 losc bayern,24
2012-11-18T01:19:41Z,الشعب يريد دقيقة صمت - MCA FANS - Hommage à Sofiane,6766
2012-11-11T16:56:14Z,hamdaoui vs milan 3 1  12 11 2012 new,266
2013-01-20T14:07:30Z,petit pont de saidi contre angola,3213
2013-03-20T10:30:49Z,But | Football | Le Five Lille | Richard,170
2013-05-10T20:24:00Z,Thiago silva but refusé !,551
2013-03-02T00:07:07Z,Le superbe but de la pépite marocaine du Barça,17881
2012-11-17T13:34:18Z,mertsacker gol,436
2013-04-24T13:44:20Z,bautheac entrainement cds,573
2012-11-12T12:45:23Z,Naymar by salim,463
2012-11-08T14:37:47Z,PlayStation Foot Challenge LILLE,468
2012-08-11T18:17:59Z,mbark boussoufa &amp; R.carlos,272
2012-11-21T02:32:07Z,FilGoal   تسجيلات   إنيستا يتلاعب بدفاع سبارتاك,431
2012-11-15T00:39:19Z,petit pont de taarabt vs Ashley Young,3180
2013-01-30T09:05:37Z,"Ibrahimovic takes a small bridge from Chedjou, Psg vs Lille 27-1-2013",2455
2013-01-08T23:21:09Z,le future star de ac Milan (hachem mastour) - YouTube.flv,2321
2012-09-24T15:56:26Z,ASC 3 - 3 SUD FOOT 71 23/09/2012 Penalty ASC,318
2013-02-15T13:09:18Z,"Mohamed El Ouriachi, player from Morocco in La Masia",18539
2013-03-25T13:00:31Z,Giovane milan grande promessa del calcio,1627
2012-08-04T22:17:42Z,Eddy Gnahore - Birmingham City,3623
2012-10-16T18:52:30Z,"Curling shot gives Italy U21s lead over Sweden, with a deflection...",706
2013-05-15T23:29:52Z,Adel Tarrabt (2012 &amp; 2013),604
2013-06-17T11:07:52Z,But Boillon Lure Larians 1 0,455
2012-10-27T22:35:51Z,losc va 18 hymne,79
2013-01-30T10:44:34Z,Younes Belhanda Skills 2013,1360
2013-01-25T08:15:29Z,Chrissy Marsden Genius,20202
2013-06-06T02:58:37Z,Top 4 Buts Des Pros Marocains contre les GRANDES équipes !,1340
2013-02-11T00:03:16Z,But Lisandro LOPEZ (57&#39; pen) - Olympique Lyonnais - LOSC Lille (1-3) / 2012-13,1995
2012-10-24T19:38:08Z,but de Kalou,259
2013-06-04T01:45:27Z,Mar Vista BB: Game Highlights | vs.Westside Coed,161
2012-09-16T00:08:19Z,but extraordinaire d un gamin de 10ans,488
2012-11-05T20:39:13Z,West Brom vs Southampton 1-0 All Goals and Highlights (Barclays Premier League),615
2012-08-08T17:09:26Z,Scholes wondergoal vs Villa,986
