publish_date,title,view_count
2013-07-28T16:30:29Z,"Angers SCO - Niort 3-2 , Youssef Essaiydy",1560
2013-06-01T11:25:28Z,Youssef Essaydi,5940
2013-03-14T17:36:34Z,Youssef ESSAYDI en interview chamois lens,942
2013-06-23T00:36:42Z,Youssef Saidi Vs Turkey :Mersin 2013 Mediterranean Games,10381
2012-10-07T15:31:09Z,تصفيات كأس إفريقيا لشباب - الهدف الثاني السعيدي يوسف,1108
2013-07-27T16:05:20Z,Osama Akharraz Amazing Goal AGF Vs Vestsjælland,2107
2013-03-13T13:19:36Z,Botolatona 11-03-2013,3776
2013-05-07T15:24:56Z,Botolatona 06-05-2013,1214
2012-10-20T15:40:24Z,الهدف الأول سعيد الحموني ضد النهضة البركانية,2324
2013-07-27T01:33:17Z,Benfica 2 1 Levante Highlights 2013,291
