published-time,comment,likes
2013-01-28T13:57:49Z,But de Touzghar Amiens - Lens Septembre 2011 vu de la tribune Nord,1
2012-12-27T19:25:04Z,"J'espère de tout coeur qu'il reviendra l'année prochaine et que le public s'en souviendra, moi en tout cas je l'oublierais pas ;)",1
2012-12-17T23:10:13Z,Fier de toi ange freddy :D Continue comme tu sera un grand,1
2012-12-14T15:00:54Z,"il a eu cette réaction car il a jouer pour le racing et il na pas été conservé alors il a joué a avion 
",1
2012-10-31T15:44:03Z,J'avoue le mec on lui a rien fait le public est fair-play et lui quand il marque il nous humilie. Quelle mentalité de merde ...,1
2013-01-28T14:02:24Z,"A voir très beau but :

But de Touzghar Amiens - Lens Septembre 2011 vu de la tribune Nord",1
2012-10-22T18:33:00Z,"Le début d'une grande remontée , éspéront le ",1
2013-05-26T02:19:10Z,Triste pour Le Mans :'(,9
2012-11-06T17:11:04Z,"amis lensois , regarder ma chaine youtube :)   des vidéos du rc lens en ligne !! allez lens et belle victoire a sedan :)",1
2013-03-30T12:34:25Z,"ALLER LES SANG ET OR !!!
",0
2013-03-27T02:22:07Z,Touzghar est FrancoTunisien !,2
2013-03-23T00:00:24Z,Lens <3 ,0
2013-03-21T21:05:38Z,mERCI RIOU et Bale pour la passe décisive !!!!!,0
2013-03-18T20:55:24Z,Lens !!!!!!,0
2013-03-18T02:02:20Z,S&O FORZA !!!! LE 17 AVRIL UNE GRANDE FETE POUR NOTRE CLUB ENFIN !!!,0
2013-03-17T19:05:08Z,"Mauvaise qualité de video :/
",0
2013-05-24T21:33:13Z,Allez Lens <3,0
2013-05-19T16:38:53Z,"Allez Lens !!
",0
2013-05-19T09:26:31Z,"Encore un magnifique public malgré que la victoire ne soit pas au rendez-vous !
Allez Lens <3 ",0
2012-11-13T19:03:19Z,Tu rages que ton équipe n'ai pas gagné ? :),0
2012-11-13T18:17:33Z,pourri allez malherbe!,0
2012-11-13T17:54:18Z,Valdivia simulateurrrrrrrr vivement le retour a caen ;),0
2012-11-13T17:09:24Z,tu vas pas jouer du psg?,0
2012-11-13T17:08:37Z,frustré,0
2012-11-13T11:08:34Z,ALLEZ LENSOIS ALLEZ 5 MATCHS SANS PERDRE ! ,0
2013-05-09T08:42:36Z,"Benjamin Leroy va finir en ligue 1 l'année prochaine !
",1
2013-05-06T06:14:15Z,Tjs des pines à l'extérieur...au moins on fait plaisir aux supporters adverses >_>,0
2013-05-05T17:02:59Z,homme du match : le gardien de tours,1
2013-05-05T17:02:35Z,"je trouve que le gardien de tours a etait fantastique
",1
2013-07-28T10:05:05Z,yatabaré ne c'est pas offére un triplé mais un quadruplé,0
2013-07-11T13:45:00Z,"les buts ne sont pas exceptionnels que des erreurs defensives
",12
2013-06-23T08:16:04Z,Avec falcao o revoir Guingamp Nantes evian  paris von tou niker,0
2013-05-21T07:13:57Z,5 Hors Jeu sur tout les buts XD,0
2013-05-19T19:23:38Z,"moi jai deja acompagnez les joueur de guingamp moi jetait avec fathi atik
",0
2013-05-19T19:21:49Z,il ont merriter la victoir allez guingamp en ligue 1 vive les guingampai allez guingamp son a la 3 place du classemen,0
2013-05-18T21:18:31Z,je suis angevin et jai pas trouver sa truquer en voyant le score mais en ayant vu les buts on se doute si les defenseurs lencois font expres ou pas,0
2013-05-18T15:05:30Z,"truquer peut etre quand on voit toutes les fautes techiques commises dans le match par lens
",0
2013-05-18T06:00:06Z,non lens sont juste des merde (Allez Lille),0
2013-05-17T19:21:29Z,noooon !!!! le retour de Casillas !,0
2013-05-17T16:17:51Z,lille n'a rien à voir dans ce match ,0
2013-05-15T13:33:23Z,normalement je suis supperter de lens mais la fau avouer il sont nul (j'abite a lievin),0
2013-05-15T13:11:44Z,c est que lens ne sera pas en ligue1,0
2013-05-14T21:16:51Z,"Lens a pris cher, je suis désolé les breton mais moi je suis nantais dc Aller NANTES",0
2013-05-14T18:47:48Z,Une Honte pour Lens d'avoir lâché ce match de cet manière ! Honte à vous RCL !,2
2013-05-13T19:07:30Z,"Maroille est à +de 100 km de Lens , rien a voir :')",0
2013-05-13T19:05:47Z,On n'oublie pas vos mauvaise perfomance :) ,0
2013-05-13T17:10:20Z,"1- Ces 200 millions sont une proposition de l'AS Monaco pour ne pas avoir à payer de taxes, comme les autres clubs français le font.
2- Si Le Graet agissait de la sorte, ne penses-tu pas qu'à la place de Paris on aurait l'EAG champion de France, s'appretant à jouer une finale le LDC ? Au lieu de ça Guingamp est descendu en national il y a 2 saisons. A cette époque personne ne criait au complot.",0
2013-05-13T17:04:25Z,"Avoir son ancien président à la tête de la FFF interdit à Guingamp de remonter en ligue 1 ?
Et pour les quelques supp' angevins qui crient au scandale, peut-être auriez-vous gagné au moins un de vos matchs contre Guingamp si vous méritiez tant la montée. Ca n'a pas été le cas...",0
2013-05-13T17:01:37Z,"""Moi je dis ça sent la magouille, Paris avait besoin de 3 points ce week-end et comme par hasard ils ont gagné..."" Pffff
Et NON, Mr Le Graet n'est plus président de Guingamp, ça va faire 3 saisons que c'est Mr Desplat... Tu peux donc être rassuré.
A moins que le fait d'avoir son ancien président à la tête de la FFF interdit à Guingamp de monter en Ligue 1 ?",0
2013-05-13T16:47:17Z,Belle performance de Lens... Allez Lille!!,7
2013-05-13T15:59:09Z,"aller, combien ils ont payer l'arbitre dis moi ;)",0
2013-05-13T11:26:20Z,1:01 Hors jeu.,0
2013-05-13T11:23:22Z,sauf que c'est malherbe qui va gagner,0
2013-05-13T00:35:05Z,MERCI GUINGAMP ,0
2013-05-12T20:39:34Z,Yatabaré tu nous fais rêver !!,2
2013-05-12T20:03:26Z,Match arranger sa se voit ^^,0
2013-05-12T20:02:51Z,Mais n'importe quoi toi >< !,0
2013-05-12T19:17:58Z,Score de fifa quoi,0
2013-05-12T17:40:11Z,A chaque fois la défense joue le hors-jeu mais ils se plantent.,0
2013-05-12T17:02:22Z,Putain avec l'art et la manière .. Bravo les Bretons et allez l'OM ;-),1
2013-05-12T16:37:15Z,Même ma grand mère aurait mieux jouer en défense. On peut tout de même se poser des questions sur ce match.,0
2013-05-12T15:58:20Z,A ouais et Adil c'est Français peut-être ? ,0
2013-05-12T15:48:38Z,Beaucoup trop de noir ds le foot!! On est en France bordel,0
2013-05-12T15:39:23Z,Je crois ke lens devrait aller aprendr a jouer avec des poussins...,0
2013-05-12T15:30:10Z,"Les 200 millions que Le Graet réclame à Monaco, c'est pour acheter d'autres matchs de ce genre en Ligue1?",0
2013-05-12T15:23:48Z,Toi ; tu à Aulas aussi !,0
2013-05-12T14:44:23Z,"le moindre personne qui a joué au foot une fois dans sa vie voit bien que les joueurs ont été achetés !! la placement, les passes, le marquage des Lensois !! tout est louche ... ils n'onr pas été mauvais , ils ont simplement pas joué !! 
il faut maintenant se demander pourquoi  !!!!!!!!!!!!!!!!!!!!!!!!!!!!!!!!!!",0
2013-05-12T14:22:33Z,What the cut ?,0
2013-05-12T14:07:12Z,Franchement si RC LENS veux redevenir le premier club du nord va falloir mettre les bouchés double là...ils ont un très bon centre de formation et ils ne profitent pas de cette richesse c'est dommage...Aller Lille :p,0
2013-05-12T13:41:55Z,c'est des bites abuser surtout le gardien..,0
2013-05-12T12:18:23Z,ALLEZ NANTES !!!!,0
2013-05-12T10:21:49Z,C'est ce qui s'appelle: PRENDRE UNE BRANLEE MONUMENTALE !,0
2013-05-12T10:12:02Z,"Aucun respect pour leur propre conscience ces pauvres lensois .. Pas de repli défensif, pas de dissuasion.. Pas le visage d'une grande équipe tout simplement !",0
2013-05-12T09:58:12Z,"Non mais le match est truqué, une équipe peut pas être aussi nul sans le faire exprès --' (Lens)",0
2013-05-12T09:55:37Z,Allez Guingamp !,0
2013-05-12T09:43:41Z,"allez pleuré ailleurs les angevins !!
",0
2013-05-12T08:07:04Z,Allez Guingamp !!!!,0
2013-05-11T23:57:48Z,Guingamps 4ever,0
2013-05-11T23:22:21Z,tu parles de ville de paysans mais ça remonte à quand la dernière fois que vous avez gagné la coupe de france? Voila. Nous l'en avant de guingamp nous l'a ramené en 2009. Vous parlez de frique mais je pense que si guingamps aurait du frique ils le garderont pour acheter d'autre joueur. Aller KISS KISS gros rageux va. EAG bientôt à nous la ligue 1. ♥♥♥,0
2013-05-11T23:13:22Z,"oui c'est vrai mais est-ce qu'on peut dire que c'est comparable à un 7-0 où on voit bien l'équipe de Lens laissait de grands espaces (ce que n'est pas tout le temps le cas), abandonné des joueurs et faire des fautes qu'ils n'ont jamais fait (exemple : le gardien qui fait n'importe quoi) et ça durant TOUT le match ? Non je ne crois pas. Après j'ai peut-être tord et vous raison mais ça n'empêche pas que je suis supporter d'Angers SCO :p",0
2013-05-11T23:11:45Z,"Mais oui, c'est bien pour ça qu'on a fait l’ascenseur en national et que l'on poirote en ligue 2 depuis plusieurs années, tout à fait logique. 

Je pense seulement que tu reste un simple footix jaloux. 
J'aimerais seulement savoir si tu a vu les match de EAG ? (enfin à part les 2 match gagné contre Angers bien sur...)
Tu verrais alors que l'on n'a pas besoin de cela.

Et oui, les paysans sont de retour.
/watch?v=aVjxuf2JYrs
(Drogba et malouda, les Paysans sont de retour)",0
2013-05-11T23:01:14Z,"ouais,on leur a offert des gonzesses !",0
2013-05-11T23:00:59Z,"euh,gervais n'a plus rien à voir avec lens.
",0
2013-05-11T23:00:25Z,le angers- lens du mois dernier ou lens mène 2-1 à la 90eme et perds 3-2 est bien plus sceptique.,1
2013-05-11T22:52:59Z,"LOOOOL, c'est bon assume que EAG est obligé de mettre la main au portefeuille pour passer en ligue 1 ^^ L'équipe vaut rien sans le frique. Les Angevins se démerdent, il lâche jamais l'affaire et c'est pour ça qu'il marque tout de même, si vraiment y'avait de l'argent que se serait transmis, angers aurait gagné tout leurs match et non fait des matchs nuls -_- aller retourne traire des vaches dans ta ville de paysan",0
2013-05-11T22:44:06Z,"Ohhh le méchant ""Le Great"" ! Apparemment il même payé Angers et Caen pour les 12 points pris cette saison...
Avant de nous regarder, gagné vos matchs avant tout...
Une nouvelle loi pour l'année prochaine : ne jamais gagner par plus de 6 buts sous réserve de poursuite judiciaire.",0
2013-05-11T22:39:26Z,Match truqué ... pfff,0
2013-05-11T22:27:04Z,Match truqué ! Merci Le Graet ! Une petite enveloppe a ton ami Gervais et hop ! putain !,0
