publish_date,title,view_count
2012-10-29T23:32:22Z,RC Lens - Clermont Foot (2-2) - Le résumé (RCL - CFA) / 2012-13,16775
2012-10-20T22:00:12Z,AJ Auxerre - RC Lens (1-2) - Le résumé (AJA - RCL) / 2012-13,9863
2013-04-27T22:00:13Z,Stade Lavallois - RC Lens (1-1) - Le résumé (LAVAL - RCL) / 2012-13,2853
2013-05-25T22:00:36Z,Le Mans FC - RC Lens (2-1) - Le résumé (LEMANS - RCL) / 2012-13,15819
2012-11-04T00:04:37Z,CS Sedan - RC Lens (0-1) - Le résumé (CSSA - RCL) / 2012-13,5854
2013-02-26T21:04:31Z,RC Lens TV - Plumain marca após bela troca de passes,14
2013-03-17T14:46:55Z,RC Lens - AJ Auxerre (1-0) - Le résumé (RCL - AJA) / 2012-13,14275
2013-05-25T02:29:33Z,"Les interviews après la défaite face au Mans, 38e journée de Ligue 2",1486
2013-05-18T22:00:11Z,RC Lens - FC Istres (1-1) - Le résumé (RCL - FCIOP) / 2012-13,3290
2012-11-13T11:00:53Z,RC Lens - SM Caen (0-0) - Le résumé (RCL - SMC) / 2012-13,3405
2013-05-04T22:00:10Z,RC Lens - Tours FC (0-0) - Le résumé (RCL - TOURS) / 2012-13,2172
2012-10-29T23:42:02Z,Conférence de presse RC Lens - Clermont Foot (2-2) / 2012-13,450
2013-05-11T22:00:12Z,EA Guingamp - RC Lens (7-0) - Le résumé (EAG - RCL) / 2012-13,88180
