published-time,comment,likes
2013-06-26T16:27:18Z,"Крістофер Жюльєн
Двері до великого спорту Крістофер Жюльєн розпочав із занять у гандбольній секції. Згодом вподобання хлопця змінились і він вирішив спробувати себе в іншому виді спорту, в одинадцятирічному віці вперше записавшись в футбольну секцію ... 
Скаут UA-Футбол. Крістофер Жюльєн",0
2013-06-26T12:49:11Z,"Welcome to Freiburg
",0
2013-06-30T09:39:05Z,Le but de meite,1
2013-04-23T23:04:19Z,Bienvenu a Lille !! Meite,1
2013-03-09T13:54:38Z,des buts manifique,1
2013-02-23T09:02:39Z,"Pourquoi quand je clique sur ""J26 : Auxerre-Guigamp : matches croisés"", je tombe sur le match Istres - Auxerre ? Pourquoi ne pas faire deux types de playlist à chaque journée : Résumé et Réaction d'après match ? Là c'est un peu le bordel ...",1
2013-02-21T12:19:23Z,Istres n'a rien pu faire..,1
2013-05-10T15:36:20Z,Auxerre ont gagner s'en Probléme. ,1
2013-01-08T17:20:20Z,"Auxerrois <3
",1
2012-12-13T21:02:20Z,"Au vu de toutes les erreurs défensives (d'un côté comme de l'autre), pas sûr qu'il y ai beaucoup de choses à retenir de ce match... La victoire fait du bien quand même.",1
2012-12-13T16:16:52Z,"C'est affligeant de voir de telles erreurs quand même, mais bon ça fait du bien pour l'aja. En espérant que la deuxième partie du championnat soit bien plus régulière, on ne sait jamais faut toujours espérer une remontée en L1",2
2012-12-13T16:12:47Z,on l'aime cette aja la !,1
2013-04-01T14:38:12Z,"Les Auxerrois qui disent ""fuck Dijon"" c'est tellement ridicule :') 
Les dijonnais ont soutenu Auxerre durant ses belles années et maintenant Auxerre se croit supérieur à tout le monde.",0
2013-03-31T10:51:12Z,"AjA <3 
fuck dijon !!!!",0
2013-05-18T05:12:54Z,"Il est trop fort, la preuve il est demandé par Arsenal",2
2013-05-10T11:09:12Z,Auxerre Faut qui Gagne...,1
2013-03-20T14:28:11Z,ALLEZ LAVAL!,1
2013-02-08T23:09:08Z,"9 buts...mais j'ai rarement vu des ""buts"" aussi minable... ça semble tellement facile. Impression de voir joueur les jeunes U9 au stade !",5
2013-02-05T21:26:23Z,AMAZING,1
2013-02-05T21:26:07Z,Mais quel perf du yaya,2
2013-02-03T11:34:56Z,"9 buts, wow !
et le sanogo 20 ans quadruplé c'est le nouveau messi :)
même si les buts ne sont pas très beaux et le terrain est quasi impraticable, c'est rare de voir 9 buts en Ligue 2 !",2
2013-02-03T09:42:20Z,Aller l aja ses sa les gars!,2
2013-02-03T07:49:44Z,"Laval aurait du gagner le maintient !
",1
2013-02-02T23:28:13Z,9 buts tous plus ridicules les uns que les autres mais ça fait du bien pour l'aja ,2
2013-01-16T16:25:34Z,yes allez malherbe! :D,0
2013-01-13T12:18:16Z,le coup franc de Haddad est magnifique dommage qu'il ne soit pas rentré...,0
2013-01-13T10:57:01Z,"auxerre <3
",0
2013-01-13T09:59:48Z,Malherbe♥,0
2013-01-06T21:21:35Z,"lee <3
",0
2012-12-18T07:06:18Z,bravo la bretagne!,0
2012-12-02T19:56:09Z,"écouter la bourgogne pleurer !
",0
2012-11-25T18:12:39Z,Félicitation a Nantes pour cette victoire :) Compations d'un supporter Lensois ;) Nantes et Lens meilleur public de ligue 2 nous méritons la Ligue 1 :D ,1
2012-11-25T16:51:38Z,vite la ligue 1!,0
2012-11-25T15:35:25Z,...écoutez la Loire chanter !!!,0
2012-11-25T14:45:00Z,allez Nantes,0
2012-11-25T13:43:23Z,Allez nantes !!!!! Hé vous qui netes pas nantais !!,0
2012-11-25T07:17:28Z,objectif: LIGUE 1 ALLEZ LES CANARIS !!!!!,0
2013-05-21T11:04:57Z,"Allez Monaco vous Aller Gagner.
",0
2013-05-10T11:12:17Z,Allez Auxerre Gagner se match Contre Monaco.,0
2013-04-15T06:45:02Z,C dla merde Monaco degager vous savez pas jouer !,0
2013-04-14T10:05:22Z,olalala ce que rate Auxerre ! c'est incroyable !,0
2013-04-13T23:11:17Z,ON va gagner ... on va gagner ... ON VA GAGNER LE CHAMPIONNAT...ON VA GAGNER LE CHAMPIONNAT....ON VA GAGNER LE CHAMPIONNAT     lol allez Monaco ,0
2013-05-10T10:58:24Z,Allez Auxerre Gagner contre Guingamp.,0
2013-02-25T13:29:32Z,"Encore pas mal d'erreurs défensives, mais Sorin a assuré. Au vu du match aller où on mène 3-1 pour perdre ensuite 4-3 avec un but hors jeu, le 2-1 avec le penalty assez contestable fait bien plaisir ! ",1
2013-01-26T17:50:29Z,Congratz Paul-Arnold!!!,0
2012-12-09T14:44:36Z,Une future pépite ce Garita ! ,0
2013-07-20T18:15:46Z,Putain d'auxerrois de *****,2
2013-05-10T11:03:31Z,Allez Auxerre vous allez Gagner.,0
2013-03-21T16:26:28Z,ALLEZ LAVAL!,0
2013-03-10T09:22:35Z,tu est fou aller aja,0
2013-02-13T16:06:38Z,Allez TOURS,0
2013-02-11T17:57:13Z,quel buteur ce sanogo,0
2013-03-02T19:59:04Z,courage les sedannais,0
2013-07-22T20:26:24Z,SC FREIBURG VOR !!!,0
2013-07-21T20:35:03Z,gutes Spiel:),0
2013-03-17T17:58:07Z,jeder supportet seinen verein. und der eigene verein ist für jeden der beste und man geht aus leidenschaft und spaß an der freude ins stadion und supportert ....oder auch nicht :( llaerding könnten schon ein paaaar meeeehr leute auswärts fahrn,0
2013-03-17T17:54:22Z,"wie kann man den hier bei freiburg und mainz von schlechten fanszenen reden.???????
ich kann jetz weniger für freiburg sprechen aber im grunde genommen ist der einzige fakt dass es weniger leute und supporter im stadion sind als beispielsweise frankfurt düsseldorf oder dortmund. aber für diese minderheit ist in mainz und genauso in freiburg gute stimmung. logisch das man nicht so laut ist. ganz einfaches mathe. aber die art und die leidenschaft des supportes sucht finde ich schon seines gleichen",3
2013-03-17T17:51:34Z,was genau fandest du denn grausam? der ausgang??,0
2013-03-17T17:42:06Z,Ich finde ''schlechteren'' ist falsch. Ich meine wir stehen hinter unsrer Mannschaft. Ich für meinen Teil geh auf fast jedes Spiel und unterstütze den Verein wenn es sein muss auch in der 3. bis zur Oberliga. Und ich glaube das kann man von wenigen Bayern oder Bremenfans sagen. Ich denke wir sind nur leiser nicht schlechter. ;),0
2013-03-14T18:32:06Z,ich war live vor ort...es war ein grausames spiel :(,0
2013-03-09T11:58:09Z,"Also ich find euer Stadion 10 mal besser als die Blechkiste in Mainz, viel familiärer und gemütlicher, hat spaß gemacht und mal im Ernst, beide haben nicht die besten, vom Support eher gleich gute Fanszenen, wobei mir die Freiburger viel sympathischer sind als die Mainzer ;)

95 olé",0
2013-03-05T12:16:19Z,"Mainz und Freiburg gehören nunmal zu den schlechteren Fanszenen der 1. Liga. Und sich untereinander zu streiten wer nun einen Platz besser ist, ist völlig unnötig. Auch wenn ihr es nicht gerne hören werdet, aber Stuttgart hat beispielweise ne bessere Szene, aber wir müssen uns eingestehen das Lautern ne bessere Fanszene hat.

Ist ganz einfach so und das wird sich auch nicht ändern, also lasst diese behinderten Aussagen und geht lieber mal ins Stadion..",0
2013-03-03T22:40:07Z,Zu kurz das Video :/,0
2013-03-03T08:13:53Z,"Richtige Einstellung und das stimmt wirklich, wenn wir unser neues Stadion irgendwann mal haben sind wir selbst da ebenbürtig :D",0
2013-03-02T19:56:52Z,aäh reihen natürlich,0
2013-03-01T16:19:11Z,leider hat einer aus unseren reien mal wieder damit angefangen.:( logisch gingen die nach dem 2:2 dann mal so richtig ab. zumindest hat manns dann bis drüben gehört...weil wir erst mal bös schlucken mussten. solang im eigenen block gut stimmung ist hört man halt nix von drüben. dass sollte jedem der ein bisschen ahnung hat kappiern.,0
2013-02-28T21:52:01Z,"wir bekommen ja unser stadion nichmal selber voll, und des is kleener^^",0
2013-02-28T19:29:38Z,"War nen recht guter Support von euch, Mannschaft hat Moral bewiesen trotzdem bitter für uns sowas noch zu verlieren.

Spart euch aber die scheiße wie ""Man hat euch gar nicht gehört, ihr bekommt nicht mal nen Stadion voll, usw.""

Ich denke Mainz und Freiburg sind in allen Belangen auf Augenhöhe.",0
2013-02-28T18:54:49Z,Macht erstmal ein Siegtor :P,0
2013-02-28T18:53:56Z,"@Maxistcool33    1. wer sich max ist cool nennt hat in der kindheit zu viel liebe von seinen eltern bekommen, insbesondere vom papa.  Und 2. Von erbärmlichkeit müsst ""ihr"" nicht reden, ihr bekommt ja nicht mal euer Stadion voll ihr armen, armen, harzer.",0
2013-02-28T18:39:02Z,Haha sagt ein Mainzer omg :D,0
2013-02-28T08:02:14Z,"Dafür gibt es ja uns ;)
",1
2013-02-27T22:35:05Z,"Auch die Sitzplätze haben mitgemacht?
Is mir gar nciht aufgefallen gestern sollten ruhig auch öfters mal mitmachen...",0
2013-07-27T21:57:08Z,"man hat gemerkt, dass die hitze den spielern sehr zugesetzt hat. Offensiv war noch einige luft nach oben, ich hoffe das wird sich bessern sobald die mannschaft noch besser eingespielt ist...",0
2013-07-27T20:24:05Z,"War beim Spiel! Sorry aber an alle die nicht da waren, seid froh!(; was tut man nicht alles für unsern SCF?!(;",0
2013-07-27T19:24:04Z,Mehmedi.der neue Fußballgott :D,0
2013-02-13T09:28:33Z,Schmid no ha demostrado nada en el fútbol. Es un chico muy poco disciplinado y amante de la noche y el vicio. Es por ello que sus entrenadores siempre lo han mirado con lupa. Sus desatinos son constantes y nunca cumple en tareas defensivas. Saludos desde España.,0
2013-07-26T15:05:57Z,der war noch nie ein Hamburger...sondern ein paulianer ;),0
2013-07-17T15:29:18Z,Komm zurück nach Hamburg!,0
2013-07-17T15:29:01Z,Ein Super Spieler,0
2013-07-17T15:28:35Z,Max kruse war für mich der beste Spieler der vergangenen Saison :),0
2013-07-06T20:45:07Z,Danke Max :),0
2013-07-02T17:04:07Z,"freiburg 2012/13 geilstes Team überhaupt nur schade, dass Geld selbst mehr Wert ist wie in Europa zu spielen -.-",0
2013-06-21T23:15:13Z,Also ich freu mich. VIVA BORUSSIA!,0
2013-06-19T13:59:27Z,"Willkommen beim BESTEN VEREIN DER WELT
",0
2013-06-16T10:55:30Z,Das wird so geil. :D,0
2012-09-07T20:18:44Z,Allez les bleus,0
