published-time,comment,likes
2013-05-03T10:07:22Z,ca se mon cousin!!!!!!!!!!!!,0
2013-01-26T23:17:32Z,Nîmes fait une saison terrible !!! (Y) ,0
2012-12-05T11:12:11Z,Ocampos il fait rien ,0
2012-12-03T20:51:43Z,"Public inexistant ça rend le club sans importance
",0
2012-12-03T20:11:31Z,"tu rêve un peux trop grand mon pote^^
",0
2012-12-03T13:22:58Z,beckham lampard pavlyuchenko.. Sa sent l asmfc en ligue des champions tout sa !!,0
2013-01-12T10:50:43Z,"c'est quoi ce montage qui ne montre quasiment que les occases Nantaises, alors que Sedan en as eu beaucoup plus que ca 
",0
2013-01-09T15:35:27Z,Nantes en l1,0
2013-01-03T21:36:16Z,Réécoute je te dis ou met plus fort parce que y'a un truc quiva pas chez toi...,0
2013-01-03T10:23:26Z,2:45 c est Adrien Trebel et pas Yoann ,0
2013-01-01T13:34:10Z,Ben mon pauvre réécoute...,0
2012-12-29T11:58:47Z,Il a dit : Adriane ( écrit sous la prononciation ou Adrien si tu préfert ) Trebel .,0
2012-12-26T08:46:01Z,Bien le pénalty oublié ?,0
2012-12-25T21:43:20Z,"""avec ce centre de Yoan Trebel"" Il s'appelle Adrien Trebel*",0
2013-03-05T15:08:19Z,"its the old milans attacker son or related to him?
",0
2013-02-24T11:23:06Z,why would he do that?,0
2013-02-24T07:10:57Z,Ibrahimovic would fuck him up,0
2013-02-23T21:47:16Z,son of his father Maurizio Ganz,0
2013-02-23T17:32:27Z,Wow Ganz looks like almost exactly like Hazard.,0
2013-02-23T17:19:54Z,Yes he does lol,0
2013-02-23T17:14:32Z,Ma quello è Hazard? Ahahah ci assomiglia troppo.,0
2013-02-23T16:57:31Z,"Andiamo in finale Vai Così!
",0
2013-02-23T16:51:38Z,berkembanglah dan masuk tim utama,0
2013-02-23T16:44:14Z,looks a bit like hazard,0
