publish_date,title,view_count
2013-03-13T18:33:08Z,jonathan bijimine,6384
2013-03-24T12:42:10Z,JONATHAN BIJIMINE,4557
2012-12-19T00:03:12Z,Chamois Niortais - CS Sedan (1-3) - Le résumé (NIORT - CSSA) / 2012-13,2115
2013-01-12T19:38:22Z,Châteauroux - CS Sedan (1-1) - Le résumé (LBC - CSSA) / 2012-13,1155
2013-03-02T23:00:14Z,FC Istres - CS Sedan (1-0) - Le résumé (FCIOP - CSSA) / 2012-13,1179
2013-01-26T23:00:13Z,Nîmes Olympique - CS Sedan (2-1) - Le résumé (NIMES - CSSA) / 2012-13,1788
2012-12-01T23:00:17Z,AS Monaco FC - CS Sedan (3-1) - Le résumé (ASM - CSSA) / 2012-13,6543
2013-02-16T23:00:14Z,Stade Lavallois - CS Sedan (3-0) - Le résumé (LAVAL - CSSA) / 2012-13,5152
2012-12-23T23:00:12Z,CS Sedan - FC Nantes (0-0) - Le résumé (CSSA - FCN) / 2012-13,5229
2012-08-13T00:07:02Z,Matijas Jonathan,968
2013-02-23T16:39:26Z,Ganz bicycle kick goal vs Parma 23-02-2013,26934
2013-02-06T11:58:16Z,geoffrey lembet 2012,1085
2013-04-20T14:37:14Z,Ganz Second Goal Against Sassuolo - Primavera 20-4-2013,4617
2013-05-21T19:29:51Z,TORNEO CITTÀ DI OSTUNI 2013 Brindisi 1-3 Milan 08/05/2013 (Gol di Simone Andrea Ganz),289
2013-05-08T09:51:22Z,Goles Cartagena FC - Betis B 1-1,1393
2012-12-10T15:06:33Z,Maurizio e Simone Andrea GANZ,1458
