publish_date,title,view_count
2013-06-11T18:45:48Z,El-Hadji Ba goal v Tours 30/11/12 Welcome to Sunderland,6278
2013-01-23T21:23:39Z,Interview de El Hadji Ba Après Mende   HAC 0 3 en coupe de France Site HAC,4318
2012-12-12T23:00:14Z,FC Istres - Havre AC (3-0) - Le résumé (FCIOP - HAC) / 2012-13,1024
2012-12-15T23:00:13Z,Havre AC - Le Mans FC (1-0) - Le résumé (HAC - LEMANS) / 2012-13,1727
2012-12-01T23:00:17Z,Havre AC - Tours FC (3-0) - Le résumé (HAC - TOURS) / 2012-13,5375
2013-03-02T23:00:14Z,Havre AC - Châteauroux (1-0) - Le résumé (HAC - LBC) / 2012-13,1937
2013-07-13T17:23:02Z,El Hadji Fine Bop   Attaquant,1049
2013-02-16T23:00:14Z,Havre AC - Angers SCO (2-1) - Le résumé (HAC - SCO) / 2012-13,2916
2013-02-23T23:00:15Z,FC Nantes - Havre AC (2-0) - Le résumé (FCN - HAC) / 2012-13,10377
2013-02-02T23:00:13Z,Havre AC - Dijon FCO (3-0) - Le résumé (HAC - DFCO) / 2012-13,3899
2013-01-26T23:00:13Z,GFC Ajaccio - Havre AC (0-1) - Le résumé (GFCA - HAC) / 2012-13,1808
2012-11-24T23:00:15Z,CS Sedan - Havre AC (1-2) - Le résumé (CSSA - HAC) / 2012-13,4445
2013-06-02T23:10:45Z,Sunderland - Highlights 12/13,20486
2013-05-22T13:25:14Z,FINE BOP,3485
2013-07-22T23:49:04Z,Sunderland 13/14 Season Trailer,1528
2013-04-14T17:12:19Z,Chelsea v manchester city 2-1 Demba Ba goal,110
2012-12-01T21:15:13Z,Conférence de presse Havre AC - Tours FC (3-0) / 2012-13,166
2013-07-21T09:42:57Z,Demba Ba - Natural Born Goalscorer,129
2012-09-27T16:52:22Z,video but papiss,790
2013-02-22T14:33:33Z,Présentation des joueurs du Havre Athletic Club,235
2013-05-15T16:51:58Z,Paolo Di Canio  on change,2037
2013-06-28T21:41:04Z,Cabral - Sunderland AFC New Player HD - 2013,9937
2012-12-01T01:33:50Z,Le Havre - Tours 3-0 (30-11-2012),259
2012-09-30T20:41:44Z,Doublé  de Sadio mane,32097
2013-05-24T17:45:38Z,Jozy Altidore&#39;s Journey,461
2012-10-10T15:25:17Z,Sorensen: &#39;I miss playing international football&#39;,781
2013-02-10T21:33:32Z,Altrincham Vs Corby Town  09/02/2013,7230
2013-01-09T11:39:03Z,Modibo Diakite - Liverpool F.C. Target,41483
2012-09-27T16:58:09Z,But de Ibrahima Touré   Galsenfoot,523
2012-12-11T15:35:34Z,Football: Le Sénégal doit se reconstruire,648
2013-04-16T16:29:37Z,abou numéro 28 (1) TIDA 2012 à Abidjan,79
2012-09-13T12:33:20Z,Parlons Foot - Ferdinand Coly - 12 Septembre 2012  - Partie 5,553
2012-09-13T11:07:36Z,Parlons Foot - Ferdinand Coly - 12 Septembre 2012  - Partie 3,481
2012-09-20T03:51:03Z,Parlons Foot - Abdoulaye Ndiaye - 19 Septembre 2012 - Partie 2,232
2013-02-04T00:30:19Z,Djiby Ndiaye Diambars,2288
2012-12-22T00:09:49Z,alioune diouf foot 2,248
2013-06-05T19:01:10Z,TALENT LOCALE FINE BOP 1,2398
2013-04-20T19:10:21Z,talent d&#39;afrique,303
