published-time,comment,likes
2013-07-10T15:56:29Z,WTF Was this recorded with? ,0
2013-06-20T15:45:26Z,Future this lad,0
2013-06-12T18:43:19Z,WHAT,0
2013-06-20T13:09:18Z,hahahahaha you mean Sunderland dum fuck FTM,0
2013-06-13T22:53:00Z,welcome to newcastle ,0
2013-06-12T16:54:09Z,Hope he is a good player,1
2013-06-12T14:00:40Z,Looks like danny rose,0
2013-06-11T18:48:22Z,Welcome to Sunderland son,0
2013-04-28T18:17:51Z,Allez tours ! :p ,0
2013-03-03T19:54:46Z,Aller le hac,0
2013-03-03T14:54:21Z,HAC <3,0
2013-02-18T17:50:42Z,"ouai aller le HAC !!!

",0
2013-02-17T12:16:44Z,aller le HAC !!!!!!!!!!!!!!!!!!!!,0
2013-02-24T13:20:19Z,D'autant plus que le HAC est une tres bonne equipe,0
2013-02-24T13:15:46Z,"Dsl mais quand le peno est arrive Nantes dominait depuis 5 minutes ;) Et apres ils ont parfaitement gere leur match contrairement a ce que beaucoup disent ! C'est pas si facile de battre une equipe qui joue a 10, demandez aux lensois !",0
2013-02-24T12:42:59Z,Heureusement que Michel Der Zakarian a gueulé à la mi-temps :3,0
2013-02-24T10:40:20Z,en ce moment la défense peine on perd notre statut de grosse défense,0
2013-02-24T09:42:57Z,"Tu as tout à fait raison ;)
Bien que en 2e mi-temps ça c'est grave amélioré :3
",1
2013-02-24T08:18:55Z,"""les nantais dominent"" Heu non ^^ sur le coup on c'est fait dominé par une bonne équipe du Havre... Sans le carton rouge de Rivière, c'étai défaite ou nul sur le match ^^'",0
2013-02-24T07:52:18Z,Allez Nantes !!,0
2013-02-04T01:07:24Z,ya surtout beaucoup de but,0
2013-01-26T23:13:14Z,Dommage pour le GFCA :),0
2012-11-25T15:54:38Z,"La vidéo confirme une chose, le match nul était mérité et le 2e but de Sedan est valable.",0
2013-07-07T15:50:36Z,"cant wait for next season, hopefully be better than last and hope to see fletcher banging them in again :D",0
2013-06-29T08:24:39Z,Class,0
2013-06-24T21:32:19Z,Check out my new video (NUFC 0-3 SAFC - Action in pictures) - CHEERS!,0
2013-06-24T21:28:08Z,"Thanks very much mate - hope it's a better season next season with better football. 

You are by far the best Youtuber! :)",0
2013-06-23T16:40:00Z,Just uploaded a Fletcher video mate. ,0
2013-06-22T10:52:09Z,"Can you make a video on Fletcher with all of his goals on mate?
Another great video except you missed Phil Bardsley's goal out against Southampton out! I know we didn't win but it was a good goal.
Keep up the excellent videos mate!",0
2013-06-16T23:04:18Z,Absolutely brilliant video mate,0
2013-06-09T21:42:15Z,The 3-0 victory definitely made up for a pretty bad season,0
2013-06-06T07:10:25Z,"Brilliant,don't take this offensive but this was not as good as the 11/12 but your still the best youtuber in my opinion,great!! Keep making these videos! SunderlandTillIdie",0
2013-06-05T00:26:39Z,Cheers! ,0
2013-06-05T00:23:30Z,"I get the clips just from just where ever I can find them online. For previous videos for example I'd use the footage from the Sunderland dvds and I also use MOTD highlights too but just crop the footage. Glad you liked the video, cheers!",0
2013-06-04T20:28:28Z,Are,0
2013-06-04T20:06:46Z,We,0
2013-06-04T20:06:41Z,Good,0
2013-06-04T20:06:37Z,How,0
2013-06-04T20:06:30Z,Notice,0
2013-06-04T18:15:38Z,HE SCORES WHEN HE WANTS,0
2013-06-03T20:13:12Z,Unreal video some great moments from last season but the football has been poor but paolos made it a lot better!,0
2013-06-03T19:59:30Z,Looks like SAFCTV footage. Great vid as always!,0
2013-06-03T17:50:31Z,Another great video mate. Where do you get the clips from?,0
2013-06-03T16:38:16Z,Excellent video. Where do you get hold of your stock footage?,0
2013-06-03T06:51:27Z,Brilliant,0
2013-06-02T23:57:29Z,great video once again keep them coming!,0
2013-06-02T23:25:30Z,Great job pal,0
2013-06-02T23:19:32Z,Thanks for all the effort you put into these videos. Made a torrid season look like quite good one.,1
2013-06-18T20:27:20Z,ki etes vous,0
2013-06-18T20:25:59Z,"Fii yaffi nekk deh!! walabook!
",0
2013-06-12T01:22:15Z,urgent,0
2013-06-12T01:21:56Z,"je veut contacter ce joueur. email : ahamamoud@yahoo.fr

",0
2013-07-23T06:39:34Z,Might need to do updated version soon gonna sign more people,0
2013-05-16T02:41:36Z,"so we start again, just like we did with Keane and with Bruce.

hopefully this time we stick with the manager when things get tough, cos I don't want to start again this time next season with someone new.",0
2013-05-15T16:59:11Z,In Paolowe trust.,0
2013-05-15T16:58:05Z,Agree with Paolo 100%,0
2013-07-11T17:45:35Z,He's shite,0
2013-07-08T09:24:29Z,"Welcome to sunderland, looking forward to seeing you (as i am a season ticket holder)",0
2013-07-03T14:42:34Z,"That is his most beautiful Goal.
/watch?v=rdmhm7nNrSI
",0
2013-07-01T14:55:18Z,Good vids but your music choices are shocking bud,1
2013-06-30T19:47:27Z,Wow he fouled Witsel,0
2013-06-30T16:14:34Z,Nothing special about this player.,0
2013-06-30T03:39:06Z,Looks decent,0
2013-06-29T05:11:19Z,"Decent vid lad, good work",0
2013-06-28T14:14:58Z,"regarder ibrahima birame ndiaye sur youtube le future buteur du senegal 

check out ibrahima birame ndiaye on youtube the future stricker of senegal",0
2013-02-02T01:02:28Z,ANELKA,0
2012-10-01T16:45:11Z,"nice boy
",0
2013-07-20T13:09:48Z,"mi piace 
",0
2012-10-10T18:34:24Z,DENMARK!!,0
2012-10-10T16:12:07Z,lol,0
2012-10-10T15:36:47Z,"so call me, maybe?",0
2012-10-10T15:35:54Z,so heres my number,0
2012-10-10T15:29:38Z,and this is crazy,0
2012-10-10T15:26:12Z,Hi! ,0
2013-03-18T16:31:45Z,"id put a grand on dunc making it pro,but i wouldnt want the fa investigating me ha ha.",1
2013-02-14T18:21:49Z,"Duncan Watmore.What a future this lads got, and he's got his studies to fall back on. Keep at it Duncan, you can go all the way if you really want it,you are a natural. Get yourself a good agent. Do Alty a favour tho, stick with ALTY for a couple more seasons!",0
2013-07-18T02:26:07Z,He signed to Sunderland? LFC should have really signed Jim because we always have trouble defending set pieces,0
2013-07-16T15:01:45Z,you will love diakitè....,0
2013-07-08T15:50:53Z,Wow I hope you're right,0
2013-07-08T00:47:16Z,terminal* lmao dumbass,0
2013-07-03T00:00:42Z,"oh dear, too bad, never mind. Diakite's a Mackem. Never know he might get to kick Suarez's butt

",0
2013-07-02T14:41:53Z,I'm reserving opinion until they prove themselves on the pitch in our colours. Still not even convinced by N'Diaye yet. Hopefully him and the other new signings will gel. We'll find out soon enough,0
2013-06-21T12:27:33Z,I'm assuming you've never seen him play.,0
2013-06-13T20:27:34Z,"welcome to sunderland :)
",0
2013-06-11T16:17:14Z,"Sure you can have him, we're going to take Rami ;)",0
2013-06-11T13:48:16Z,Oh dear. he turned Inter down. Oh dear! Welcome to sunderland!,0
2013-06-05T15:31:20Z,support for Agger? he's officially Sunderland-bound in the press,0
2013-06-02T07:26:21Z,Think he would do better than the crap we already have at sunderland,0
2013-06-01T09:35:47Z,"HA'WAY to Sunderland 
Sunderland fans will love you",0
2013-05-31T00:30:05Z,"Stuck in 2 minds with this guy, theres flashes of brilliance mixed in with him looking very clumsy",0
2013-05-30T23:32:30Z,"Welcome to Inter FC, Sunderland sucks!",0
2013-05-30T21:34:47Z,Seems class from this vid at least we know now he's 10x better than TITUS!,0
2013-05-30T17:18:38Z,Sunderland!!!,0
2013-05-30T17:17:53Z,"Ha'way Diakete, welcome to Sunderland!",0
2013-05-30T16:54:57Z,SUNDERLAND DAM YOUUUU,0
2013-05-17T20:25:22Z,Modibo Diakite-Sunderland.,0
2013-05-06T13:59:31Z,he is a free ??????????? but better than alderweirld?,0
2013-05-06T07:40:14Z,dude do u even know what this players current price at transfer market?? = =,0
2013-04-24T18:04:27Z,with skrtel leaving for sure this summer we will need to go in for someone who is more consistent and less prone to mistakes in the back. Hopefully we dont go for Ashley Williams cause that has disaster signed all over.,0
2013-04-24T07:48:12Z,"He's nothing special, looks like a mediocre player.
",0
2013-04-18T17:30:20Z,"I think we should sign alderweirled and nkoulou, Alonso for 8m and then eriksen for 16 and we are set for top four. Sell caroll for 15, skrel for 8m, and maybe sell shelve for like 5m. Ochoa is a decent GK to give reina competition but id like mandanda as our keeper he is only 28",0
2013-04-18T07:56:22Z,definitely Dede and Alderwireld are better. Dede is a brick **** house and the timing of his tackling and his reading of the game is amazing!  unfortunately it looks like Cruzeiro have beaten us to it. whether or not  we were interested I don't know but would''ve been an excellent buy especially if reports are correct at £4.2million,0
2013-04-15T22:05:14Z,"come on man !!
",0
2013-04-11T14:24:21Z,Alderwield is better,0
2013-04-05T00:04:45Z,Personally i think skrtel is a better player same kind of defender big strong but skrtel can at least control the ball and passes a lot better than this guy. Can you imagine him trying to play football passing game from the back? I cant far to clumsy really doesnt look comfy with the ball at his feet. Even as a free transfer no point cant pass not good with the ball at his feet so wouldnt fit LFC style of play at all.,0
2013-03-09T23:34:58Z,"Great vids man, but you should start having players position and stats in the description",0
2013-03-06T16:11:15Z,"Napoli
",0
2013-02-08T21:18:28Z,in this video he looks like a jackass ... thanks but we dont like him in Inter ... Silvestre is better ...,0
2013-02-04T18:02:39Z,"no thanks. big clumbsy idiot
",0
2013-02-03T23:31:44Z,He looks sloooooow and over weight . No thank you ! Keep him at Lazio we are fine at LFC.,0
2013-02-02T21:45:50Z,He;s a big fucker!  Get him and we'll have the hardest looking defence in the PL,0
2013-02-02T12:22:27Z,Bet Agger is shaking in his boots! lol.,0
2013-02-01T04:46:09Z,"Just like Coates, incredibly strong but absolutely clumsy and aloof..no thanks, don't need/want him at  lfc.
",0
2013-01-31T23:27:49Z,"On a Free?? , i'd certainly take him, clumsy a bit sure but is an absolute Tank and has a great physical presence, hopefully he'll come as support for Agger and Skrtel in summer. He should get a Red Mohican, make him look even more of a beast.",0
2013-01-31T23:21:12Z,He looks a bit reckless and clumsy. Strong as a bull though.,0
2013-01-31T17:22:22Z,That audio at the begining wat is its nameee,0
2013-01-31T15:41:29Z,PLS dont come !!!,0
2013-01-31T11:29:34Z,Next Rigobert Song??,0
2013-01-31T11:21:46Z,He looks shit..Let him go to Juve,0
2013-01-31T11:20:08Z,He looks shit..Let him go to Juve,0
2013-01-31T01:10:57Z,This guy is terrible cannot coordinate himself to save his life. How is he even being considered? Plus there is no one else coming in till the summer,0
2013-01-28T22:24:53Z,"Um Coutinho can play any one of their positions so that's added competition, Allen, Suso, Ince might be the last signing of the window, and for Defensive mid cover I agree we need someone besides Lucas as well. However, after losing to Oldham I am very worried about our defense, it looked weak and if those youngsters couldn't handle lower league opposition, then I can only imagine what a Premier league team will do to us if Johnson and Enrique are out!",0
2013-01-28T17:06:12Z,"We are in desperate need of defenders wtf are you talking about? Carragher is 35, and Skrtel needs competition for starting XI as he's been shit lately. Also, Coates doesn't seem to cut it after his woeful display against Oldham. ",0
2013-01-24T04:03:35Z,"finally someone saying what i have been saying from start of season , we don't need a defender we need midfielder some offensive midfielder thats a need because all the start of play is on gerrard we need another one who can make difference , 
also if we need a defender it should be replacement for jose enrique not wisdom and johnson !!! 
y.n.w.a",0
2013-01-19T20:17:38Z,thanks mate,0
2013-01-19T09:32:48Z,8HopesBeats - Belief,0
2013-01-18T20:31:46Z,name of the song pleaseeee ,0
2013-01-18T15:08:48Z,"what a song....  zzzz
",0
2013-01-11T20:19:10Z,"he looks strong as fuck....
",0
2013-01-10T01:11:58Z,"clumsy
 ",0
2013-01-09T18:51:44Z,He looks terrible from this video. :(,0
2013-01-09T13:01:36Z,Nothing special,0
2013-01-09T11:57:37Z,best video ever created,1
2013-01-09T11:46:31Z,nice,0
2013-04-20T23:50:14Z,,0
2013-04-20T23:21:56Z,rodrigueorange@yahoo.fr recherche d'un manager ,0
2013-04-20T19:26:05Z,email  rodrigueorange@yahoo.fr   tel 0023793485372 ou 0023790943342 merci,0
