published-time,comment,likes
2013-02-03T13:12:37Z,"Bravo Angers !
",0
2013-06-06T17:42:08Z,Allez le SCO ! La Ligue 1 pour Nantes c'est pas mériter !,2
2012-12-11T12:56:27Z,nantes remonte en force cé bonnnn saah !!,2
2012-12-09T23:43:11Z,"Ca fait du bien de voir la baujoire remplie. Ca commence a sentir bon :)
",4
2012-11-22T17:44:43Z,J y étais en Loire et c était trop cool,2
2012-11-08T23:36:29Z,"Voir la beaujoire remplis ses juste trop bien , ALLER NANTES !!! :D <3",2
2012-11-05T11:31:33Z,"vraiment bravo d'être venus si nombreux, continuez ",2
2012-11-04T11:35:11Z,c moi ou ils ont oublié pleins d'occasions de nantes en première période? :D,2
2012-11-04T11:07:41Z,FCN a VIE ♥,2
2012-11-04T08:22:18Z,"FC NANTES !! <3<3<3...
",2
2013-02-03T13:09:13Z,"Vive Angers quand Meme !
",0
2013-01-16T14:54:12Z,aller clermont^^,0
2013-01-15T21:27:48Z,"Clermont c'est les meilleurs et puis c'est tout, qu'ils jouent en rose ou rouge, c'est les meilleurs ;)

",0
2013-01-12T23:44:06Z,T'as le seum parce que l'équipe de tours c'est de la merde ;) ,0
2013-04-28T13:08:05Z,Angers soon Ligue 1 ;),1
2013-03-05T00:05:04Z,"jai regarder dans le stade sco avait bcp chance et merci arbitre qui exclu le manceau 
je suis arbitre aussi mais  cet arbitre javais la honte piur lui",1
2013-03-03T20:41:30Z,Bravo le SCO,1
2013-02-18T17:50:42Z,"ouai aller le HAC !!!

",0
2013-02-17T12:16:44Z,aller le HAC !!!!!!!!!!!!!!!!!!!!,0
2013-02-10T18:05:18Z,"Allez l'EAG et le FCN
",0
2013-04-26T08:48:14Z,Aller SCO,0
2013-03-16T11:41:33Z,Dijon 3,0
2013-06-15T09:18:05Z,C etait le stade  angevin po le stade lavallois,2
2013-05-05T18:43:09Z,jy etaiit au match,1
2013-05-05T09:34:27Z,"Arrêtez de vous bagarrer rien que pour l'équipe que vous supportez, c'est ridicule. On dirait des gamins de 1 an !",1
2013-05-05T09:22:27Z,"Certes, mais j'espère que vous ne monterez pas. Vous ne faites que des victoires à l'arrachée. Et puis bon, quand c'est Charles Diers qui marque...Bref, j'espère que l'EAG montera avec l'ASM et le FCN et que vous resterez là où vous appartenez. À bon entendeur.",1
2013-05-05T09:08:21Z,"Au moins on gagne !
",1
2013-05-05T08:59:18Z,laval aurai pu marque si iauré pas se putein d'arbitres,1
2013-05-05T08:54:10Z,"À part marquer dans les arrêts de jeu, vous savez faire autre chose ? Quelle bande de chanceux...",1
2013-05-05T07:59:47Z,First et a la dernière minute bien jouer,1
2013-03-01T14:12:07Z,@Vod Plyeur Tu serai pas parsiens par hasard ? Après toi jte critique pas sur tes équipe que tu supporte alors la tête de con.,0
2013-03-01T14:10:09Z,"J'ai le droit de supporter une équipe qui est en ligue 2 car c'est ma ville natale, donc allez le SCO d'angers et allez l'OM",0
2013-03-01T13:36:18Z,Soit tes pour L'om sois pour angers tete de con va,0
2013-02-28T15:48:26Z,Le SCO et l'équipe que je supporte en ligue 2 mais sinon jsuis un fervent supporter de l'OM,0
2013-02-24T10:52:55Z,Allez le SCO,0
2013-05-21T21:10:58Z,merci au sco pour leur superbe saison ,1
2013-05-19T12:53:10Z,"Joli hold-up de Tours , bien joué à eux :)",1
2013-05-19T00:37:21Z,Allez tfc,1
2013-02-03T13:11:11Z,"Allez Angers.
",1
2013-02-03T13:11:00Z,On méritez Mieux.,1
