publish_date,title,view_count
2013-04-24T12:40:21Z,Le point presse d&#39;Eric Sikora et de  Wylan Cyprien avant Laval,616
2013-04-13T22:00:15Z,SM Caen - RC Lens (0-0) - Le résumé (SMC - RCL) / 2012-13,2675
2013-04-21T18:17:53Z,RC Lens - Nîmes Olympique (1-2) - Le résumé (RCL - NIMES) / 2012-13,4631
2013-04-27T22:00:13Z,Stade Lavallois - RC Lens (1-1) - Le résumé (LAVAL - RCL) / 2012-13,2853
2013-01-29T11:01:43Z,Dijon FCO - RC Lens (2-1) - Le résumé (DFCO - RCL) / 2012-13,4967
2013-03-17T14:46:55Z,RC Lens - AJ Auxerre (1-0) - Le résumé (RCL - AJA) / 2012-13,14275
2013-05-17T23:00:10Z,"Les réactions lensoises après Lens - Istres (1-1), match de la 37e journée de Ligue 2.",1339
2013-05-25T22:00:36Z,Le Mans FC - RC Lens (2-1) - Le résumé (LEMANS - RCL) / 2012-13,15819
2013-05-18T22:00:11Z,RC Lens - FC Istres (1-1) - Le résumé (RCL - FCIOP) / 2012-13,3290
2013-02-16T23:00:28Z,RC Lens - Châteauroux (4-3) - Le résumé (RCL - LBC) / 2012-13,19970
2013-05-11T22:00:12Z,EA Guingamp - RC Lens (7-0) - Le résumé (EAG - RCL) / 2012-13,88180
2013-05-04T22:00:10Z,RC Lens - Tours FC (0-0) - Le résumé (RCL - TOURS) / 2012-13,2172
2013-02-21T18:24:50Z,RC Lens TV - Gol da classificação de Baal,36
2013-04-07T22:00:13Z,Goal Kévin ANIN (90&#39; +3) - Toulouse FC - OGC Nice (3-4) / 2012-13,24233
2013-02-24T23:00:18Z,OGC Nice - Stade de Reims (2-0) - Highlights (OGCN - SdR) / 2012-13,988
2013-04-04T12:33:35Z,Un contrat pro,905
2013-03-18T21:17:25Z,Harlem Shake du RC Lens officiel,13062
2013-02-24T23:00:17Z,Goal Valentin EYSSERIC (13&#39; pen) - OGC Nice - Stade de Reims (2-0) / 2012-13,180
2013-04-18T07:45:23Z,"Lens-Bordeaux, les buts !",40007
2012-08-02T01:50:38Z,zlatan ibrahimovic With his first goal in club psg ♥ ♥ ♥,299
2013-03-05T17:28:32Z,Lens-Nantes  Les Corons,144
2013-04-26T19:48:02Z,"Laval - Lens : Le but de Dème Ndiaye, 34e journée de Ligue 2",7740
2013-01-23T21:02:05Z,"Interview et réaction de Eric Sikora, entraîneur du RCLens",589
2013-06-25T11:13:56Z,Mondial U20 : Les Bleuets accrochés - 25/06,232
2013-05-22T13:28:00Z,Lens - Istres : une rencontre et un public,262
2013-04-22T17:20:15Z,"Le résume commenté de Lens - Nîmes, 33e journée de Ligue 2",1592
2012-09-22T20:21:09Z,Les buts de Lorient vs Nice 22/09/2012,232
2013-04-17T12:16:33Z,E. Sikora et A. Coeff en conférence de presse avant le 1/4 de finale de Coupe de France.,476
2012-08-12T23:13:31Z,But EDUARDO (11&#39;) - OGC Nice - AC Ajaccio (0-1) / 2012-13,1272
2013-02-23T10:30:59Z,Nice 2-0 Reims : RayActions,3983
2012-08-07T17:35:55Z,LA PATATE DE MONZON,1171
2013-07-23T16:11:43Z,"Les premières impressions d&#39;Alphonse Areola, nouveau Lensois",21001
2012-08-17T21:24:37Z,"Stade Bollaert , LENS-DIJON 17/08/2012",1524
2013-01-21T18:30:15Z,Lehavre-Lens / résumé du match 2-2,76
2013-05-27T00:07:36Z,Interview de fin de match : AC Ajaccio - OGC Nice (0-2) / 2012-13,851
2013-06-02T13:32:03Z,Le mans fc,82
2013-07-23T19:09:31Z,Présentation des 6 nouveaux Lensois,28309
2012-12-16T14:14:22Z,Interview de fin de match : OGC Nice - Evian TG FC (3-2) / 2012-13,1215
2012-10-07T22:00:26Z,But Gaëtan COURTET (90&#39; +3) - Stade de Reims - OGC Nice (3-1) / 2012-13,994
2012-09-16T22:00:19Z,But Nemanja PEJCINOVIC (51&#39;) - OGC Nice - Stade Brestois 29 (4-2) / 2012-13,759
2012-11-18T22:26:13Z,Interview de fin de match : OGC Nice - Toulouse FC (1-0) / 2012-13,173
2013-04-19T13:40:15Z,Le point presse d&#39;Eric Sikora et de Ludovic Baal avant Nîmes,572
2013-02-24T17:07:26Z,Interview de fin de match : OGC Nice - Stade de Reims (2-0) / 2012-13,375
2013-07-28T20:45:02Z,Les réactions lensoises après Lens - Charleroi,7360
2013-07-29T19:28:12Z,Skill de Vadillo ESP sub19,310
2012-08-09T20:40:32Z,Brice BONELLI contrat Pro avec PARMA F.C. - TUVISPORT © aout 2012,2334
2013-03-31T16:24:05Z,Ligue 1 / Les réactions après Nice - Marseille - 31/03,201
