published-time,comment,likes
2013-04-24T12:42:56Z,Allez Lensois !! Vous pouvez largement gagner ! ,0
2013-04-16T11:44:03Z,"1:42 = Il dit bien ""Caen va devoir jouer 1/4 d'heure en infériorité numérique"". Après il y a ça oui.
Bref ! On s'en tape :)",0
2013-04-14T08:52:14Z,"Ce commentateur est vraiment naze. C'est pas Caen qui se retrouve en infériorité numérique mais Lens !! Et dans le match Tours-Guingamp, c'est Planté dans les buts de Guingamp en 2ème mi-temps et pas Samassa ... Sans compter les erreurs sur les autres résumés.",0
2013-04-22T15:17:29Z,Viva Gragnic !,0
2013-04-22T15:15:32Z,"GO NO
",0
2013-02-02T11:23:53Z,Lalaina se ballade dans la surface :) on aurait dû gagner ce match !,0
2013-01-31T19:08:28Z,Il sont ou les 2 penaltys non sifflés pour Lens dans le résumé ?,0
2013-01-29T17:08:50Z,"Un magnifique coup franc pour ouvrir le score et un deuxième but évitable, quasi gag pour faire le break. En tout cas, bravo aux joueurs de Dijon qui ont réussi à mettre fin à notre belle (quoique peu victorieuse) série d'invincibilité.",0
2013-01-29T16:03:24Z,Enorme match de Nomenjanahary ! ,0
2013-03-30T12:34:25Z,"ALLER LES SANG ET OR !!!
",0
2013-03-27T02:22:07Z,Touzghar est FrancoTunisien !,2
2013-03-23T00:00:24Z,Lens <3 ,0
2013-03-21T21:05:38Z,mERCI RIOU et Bale pour la passe décisive !!!!!,0
2013-03-18T20:55:24Z,Lens !!!!!!,0
2013-03-18T02:02:20Z,S&O FORZA !!!! LE 17 AVRIL UNE GRANDE FETE POUR NOTRE CLUB ENFIN !!!,0
2013-03-17T19:05:08Z,"Mauvaise qualité de video :/
",0
2013-05-26T02:19:10Z,Triste pour Le Mans :'(,9
2013-05-24T21:33:13Z,Allez Lens <3,0
2013-05-19T16:38:53Z,"Allez Lens !!
",0
2013-05-19T09:26:31Z,"Encore un magnifique public malgré que la victoire ne soit pas au rendez-vous !
Allez Lens <3 ",0
2013-03-22T04:59:56Z,Belle transversale de Yoann Demont :) ,1
2013-03-21T16:27:52Z,Stade lavallois / auxerre :  5-4 !!!!! ( allez laval !),1
2013-03-02T10:31:13Z,C'était une superbe ambiance !! Vivement Lens-Bordeaux :),2
2013-02-20T14:23:53Z,"Quel ambiance de FOU , plus de vidéos sur ma chaine ;D",1
2013-02-17T15:23:06Z,superbe reprise ? xD mais c'est son propre but ! ,1
2013-02-17T00:08:29Z,Dans le kop <3,1
2013-02-16T23:32:07Z,"Match de fou, ambiance de rêve !!! ",1
2013-02-16T23:16:58Z,Un match magnifique ! Racing club de Lens <3,2
2013-07-28T10:05:05Z,yatabaré ne c'est pas offére un triplé mais un quadruplé,0
2013-07-11T13:45:00Z,"les buts ne sont pas exceptionnels que des erreurs defensives
",12
2013-06-23T08:16:04Z,Avec falcao o revoir Guingamp Nantes evian  paris von tou niker,0
2013-05-21T07:13:57Z,5 Hors Jeu sur tout les buts XD,0
2013-05-19T19:23:38Z,"moi jai deja acompagnez les joueur de guingamp moi jetait avec fathi atik
",0
2013-05-19T19:21:49Z,il ont merriter la victoir allez guingamp en ligue 1 vive les guingampai allez guingamp son a la 3 place du classemen,0
2013-05-18T21:18:31Z,je suis angevin et jai pas trouver sa truquer en voyant le score mais en ayant vu les buts on se doute si les defenseurs lencois font expres ou pas,0
2013-05-18T15:05:30Z,"truquer peut etre quand on voit toutes les fautes techiques commises dans le match par lens
",0
2013-05-18T06:00:06Z,non lens sont juste des merde (Allez Lille),0
2013-05-17T19:21:29Z,noooon !!!! le retour de Casillas !,0
2013-05-17T16:17:51Z,lille n'a rien à voir dans ce match ,0
2013-05-15T13:33:23Z,normalement je suis supperter de lens mais la fau avouer il sont nul (j'abite a lievin),0
2013-05-15T13:11:44Z,c est que lens ne sera pas en ligue1,0
2013-05-14T21:16:51Z,"Lens a pris cher, je suis désolé les breton mais moi je suis nantais dc Aller NANTES",0
2013-05-14T18:47:48Z,Une Honte pour Lens d'avoir lâché ce match de cet manière ! Honte à vous RCL !,2
2013-05-13T19:07:30Z,"Maroille est à +de 100 km de Lens , rien a voir :')",0
2013-05-13T19:05:47Z,On n'oublie pas vos mauvaise perfomance :) ,0
2013-05-13T17:10:20Z,"1- Ces 200 millions sont une proposition de l'AS Monaco pour ne pas avoir à payer de taxes, comme les autres clubs français le font.
2- Si Le Graet agissait de la sorte, ne penses-tu pas qu'à la place de Paris on aurait l'EAG champion de France, s'appretant à jouer une finale le LDC ? Au lieu de ça Guingamp est descendu en national il y a 2 saisons. A cette époque personne ne criait au complot.",0
2013-05-13T17:04:25Z,"Avoir son ancien président à la tête de la FFF interdit à Guingamp de remonter en ligue 1 ?
Et pour les quelques supp' angevins qui crient au scandale, peut-être auriez-vous gagné au moins un de vos matchs contre Guingamp si vous méritiez tant la montée. Ca n'a pas été le cas...",0
2013-05-13T17:01:37Z,"""Moi je dis ça sent la magouille, Paris avait besoin de 3 points ce week-end et comme par hasard ils ont gagné..."" Pffff
Et NON, Mr Le Graet n'est plus président de Guingamp, ça va faire 3 saisons que c'est Mr Desplat... Tu peux donc être rassuré.
A moins que le fait d'avoir son ancien président à la tête de la FFF interdit à Guingamp de monter en Ligue 1 ?",0
2013-05-13T16:47:17Z,Belle performance de Lens... Allez Lille!!,7
2013-05-13T15:59:09Z,"aller, combien ils ont payer l'arbitre dis moi ;)",0
2013-05-13T11:26:20Z,1:01 Hors jeu.,0
2013-05-13T11:23:22Z,sauf que c'est malherbe qui va gagner,0
2013-05-13T00:35:05Z,MERCI GUINGAMP ,0
2013-05-12T20:39:34Z,Yatabaré tu nous fais rêver !!,2
2013-05-12T20:03:26Z,Match arranger sa se voit ^^,0
2013-05-12T20:02:51Z,Mais n'importe quoi toi >< !,0
2013-05-12T19:17:58Z,Score de fifa quoi,0
2013-05-12T17:40:11Z,A chaque fois la défense joue le hors-jeu mais ils se plantent.,0
2013-05-12T17:02:22Z,Putain avec l'art et la manière .. Bravo les Bretons et allez l'OM ;-),1
2013-05-12T16:37:15Z,Même ma grand mère aurait mieux jouer en défense. On peut tout de même se poser des questions sur ce match.,0
2013-05-12T15:58:20Z,A ouais et Adil c'est Français peut-être ? ,0
2013-05-12T15:48:38Z,Beaucoup trop de noir ds le foot!! On est en France bordel,0
2013-05-12T15:39:23Z,Je crois ke lens devrait aller aprendr a jouer avec des poussins...,0
2013-05-12T15:30:10Z,"Les 200 millions que Le Graet réclame à Monaco, c'est pour acheter d'autres matchs de ce genre en Ligue1?",0
2013-05-12T15:23:48Z,Toi ; tu à Aulas aussi !,0
2013-05-12T14:44:23Z,"le moindre personne qui a joué au foot une fois dans sa vie voit bien que les joueurs ont été achetés !! la placement, les passes, le marquage des Lensois !! tout est louche ... ils n'onr pas été mauvais , ils ont simplement pas joué !! 
il faut maintenant se demander pourquoi  !!!!!!!!!!!!!!!!!!!!!!!!!!!!!!!!!!",0
2013-05-12T14:22:33Z,What the cut ?,0
2013-05-12T14:07:12Z,Franchement si RC LENS veux redevenir le premier club du nord va falloir mettre les bouchés double là...ils ont un très bon centre de formation et ils ne profitent pas de cette richesse c'est dommage...Aller Lille :p,0
2013-05-12T13:41:55Z,c'est des bites abuser surtout le gardien..,0
2013-05-12T12:18:23Z,ALLEZ NANTES !!!!,0
2013-05-12T10:21:49Z,C'est ce qui s'appelle: PRENDRE UNE BRANLEE MONUMENTALE !,0
2013-05-12T10:12:02Z,"Aucun respect pour leur propre conscience ces pauvres lensois .. Pas de repli défensif, pas de dissuasion.. Pas le visage d'une grande équipe tout simplement !",0
2013-05-12T09:58:12Z,"Non mais le match est truqué, une équipe peut pas être aussi nul sans le faire exprès --' (Lens)",0
2013-05-12T09:55:37Z,Allez Guingamp !,0
2013-05-12T09:43:41Z,"allez pleuré ailleurs les angevins !!
",0
2013-05-12T08:07:04Z,Allez Guingamp !!!!,0
2013-05-11T23:57:48Z,Guingamps 4ever,0
2013-05-11T23:22:21Z,tu parles de ville de paysans mais ça remonte à quand la dernière fois que vous avez gagné la coupe de france? Voila. Nous l'en avant de guingamp nous l'a ramené en 2009. Vous parlez de frique mais je pense que si guingamps aurait du frique ils le garderont pour acheter d'autre joueur. Aller KISS KISS gros rageux va. EAG bientôt à nous la ligue 1. ♥♥♥,0
2013-05-11T23:13:22Z,"oui c'est vrai mais est-ce qu'on peut dire que c'est comparable à un 7-0 où on voit bien l'équipe de Lens laissait de grands espaces (ce que n'est pas tout le temps le cas), abandonné des joueurs et faire des fautes qu'ils n'ont jamais fait (exemple : le gardien qui fait n'importe quoi) et ça durant TOUT le match ? Non je ne crois pas. Après j'ai peut-être tord et vous raison mais ça n'empêche pas que je suis supporter d'Angers SCO :p",0
2013-05-11T23:11:45Z,"Mais oui, c'est bien pour ça qu'on a fait l’ascenseur en national et que l'on poirote en ligue 2 depuis plusieurs années, tout à fait logique. 

Je pense seulement que tu reste un simple footix jaloux. 
J'aimerais seulement savoir si tu a vu les match de EAG ? (enfin à part les 2 match gagné contre Angers bien sur...)
Tu verrais alors que l'on n'a pas besoin de cela.

Et oui, les paysans sont de retour.
/watch?v=aVjxuf2JYrs
(Drogba et malouda, les Paysans sont de retour)",0
2013-05-11T23:01:14Z,"ouais,on leur a offert des gonzesses !",0
2013-05-11T23:00:59Z,"euh,gervais n'a plus rien à voir avec lens.
",0
2013-05-11T23:00:25Z,le angers- lens du mois dernier ou lens mène 2-1 à la 90eme et perds 3-2 est bien plus sceptique.,1
2013-05-11T22:52:59Z,"LOOOOL, c'est bon assume que EAG est obligé de mettre la main au portefeuille pour passer en ligue 1 ^^ L'équipe vaut rien sans le frique. Les Angevins se démerdent, il lâche jamais l'affaire et c'est pour ça qu'il marque tout de même, si vraiment y'avait de l'argent que se serait transmis, angers aurait gagné tout leurs match et non fait des matchs nuls -_- aller retourne traire des vaches dans ta ville de paysan",0
2013-05-11T22:44:06Z,"Ohhh le méchant ""Le Great"" ! Apparemment il même payé Angers et Caen pour les 12 points pris cette saison...
Avant de nous regarder, gagné vos matchs avant tout...
Une nouvelle loi pour l'année prochaine : ne jamais gagner par plus de 6 buts sous réserve de poursuite judiciaire.",0
2013-05-11T22:39:26Z,Match truqué ... pfff,0
2013-05-11T22:27:04Z,Match truqué ! Merci Le Graet ! Une petite enveloppe a ton ami Gervais et hop ! putain !,0
2013-05-09T08:42:36Z,"Benjamin Leroy va finir en ligue 1 l'année prochaine !
",1
2013-05-06T06:14:15Z,Tjs des pines à l'extérieur...au moins on fait plaisir aux supporters adverses >_>,0
2013-05-05T17:02:59Z,homme du match : le gardien de tours,1
2013-05-05T17:02:35Z,"je trouve que le gardien de tours a etait fantastique
",1
2013-06-09T02:51:59Z,L'info tragique est tombée : Fin de carrière de Kevin Anin ! Il risque d'être tétraplégique et devrait être amputé d'un bras ! une info qui vient de sortir sérieusement je supporte pas Nice mes la sa fait vraiment mal au cœur a 26 ans il avait un grand avenir devant :( :( :(   ,0
2013-06-07T00:19:32Z,courage a lui!!,0
2013-06-06T11:33:03Z,:'(,0
2013-06-05T16:40:22Z,"Kevin toutes mes pensées avec toi dans cette épreuve.  All my thoughts with Kevin: he was victim of a terrible automobile accident Monday June 4th 2013. He was in the backseat and his friend who was driving, fell asleep at the wheel; The small car flipped over several times. Kevin is an induced coma and is severely injured (spinal cord). All my prayers with him. 
",0
2013-06-05T16:21:06Z,"Quest'uomo ha da poco perso l'uso delle gambe... Povero lui, speriamo che nella disgrazia tutto vada per il meglio!",0
2013-06-02T16:20:45Z,Allez lens,0
2013-06-14T02:07:20Z,Yoann Gourcuff et marwan chamakh 2013,0
2013-05-30T20:12:12Z,"0.30 ; ""Le gardien mordelais""",0
2013-04-22T13:10:12Z,Vidéo montag de foot -- AllsFOOT,0
2013-04-22T11:32:56Z,Une faute sur Faubert... xD C'est une blague ?!! ,0
2013-04-20T11:59:20Z,"haha donc pour toi un joueur qui ne rale pas n'a pas subit de faute... au pire on s'en fou puisque cette action ne change rien au match.
va voir sur la chaine des girondins, une vidéo montre un résumé où on voit le but de diabaté refusé.... but entièrement valable ! et en passant les joueurs lensois ne protestent pas non plus moahahaha 
et je ne chiale pas, je régis justement aux chialeurs qui trouvent comme seule excuse de la  défaite... l'arbitre. ",0
2013-04-20T09:17:58Z,"franchement je ne vois 
pas la faute sur Faubert meme Faubert sait qu'il n'y a pas faute....",0
2013-04-19T19:12:33Z,"faute sur faubert hahaha mais mort de lol quoi !!! :-D tu vois faubert lever le bras pour protester quoique ce soit ? non ! il se vautre tout seul parce qu'il a perdu son duel c'est tout ! même pas un geste du bras ni de l'un ni de l'autre !! la mauvaise foi ça se cultive, la preuve !!

et tu parles de chialer mais c'est toi qui râle là ! ton équipe gagne et tu viens encore nous inventer des faits de jeu !! supporter en carton va, tu déshonores ton club historique !!",0
2013-04-19T19:06:52Z,quelles images ?,0
2013-04-18T14:41:10Z,"dommage pour nous, en tous cas une ambiance qui nous rappel la belle époque, c'était un truc de fou!!! bonne chance a bordeaux, vous avez vraiment une chance de la gagner!!! ;-)",0
2013-04-18T14:39:14Z,et le but refusé de diabaté en 1er mi-temps t'en penses quoi? parce que j'ai beau voir et revoir les images... je ne vois rien ! les lensois ne protestent même pas ,0
2013-04-18T14:28:44Z,"La F.F.F  se vante toujours de cette coupe si belle et si unique et ils sont incapables de diffuser une telle rencontre. virez moi ces planqués de mes 2 qui s'en foutent plein les poches gr^^ace à notre argent!!!
",0
2013-04-18T14:24:44Z,J'avais oublie qu'on sifflait faute qd un joueur trebuche !,0
2013-04-18T12:22:56Z,"L'équipe s'est bien battu malgré l'absence des 4 meilleurs joueurs.
Magnifique ambiance j'en tremble encore !! 
Honte à France TV de ne pas diffuser un tel match ...",0
2013-04-18T12:01:00Z,arretez de pleurer sur l arbitre les lensois c est pathétique,0
2013-04-18T10:58:05Z,"t'as fini de te plaindre? regarde la 1er occase lensoise, le mec fait faute sur faubert et part tout seul au but, pourtant pas de coup de sifflé....et puis arrête de chialer sur ton effectif, t'as cru qu'on avait que des stars nous? la moitié c'est des formés au club et le reste des mecs qu'on a payer 1 million.
rage plutôt sur ton gardien qui s'avance trop, ou sur ta défense fantôme sur le 2éme ça vaudra mieux.",0
2013-04-18T09:33:58Z,"Retrouvez les buts de Lens - Bordeaux, quart de finale de la Coupe de France, remporté par les Girondins 3 buts à 2.",10
2013-04-27T19:48:21Z,"oui enfin il a mis son but!!!
",0
2013-04-27T18:51:03Z,"Comment il l'a bouffer en vitesse le défenseur :o
Bof ? Il lui a juste mis 5 mètres dans le vent en 4 secondes.",0
2013-04-27T08:00:41Z,"Bof , je m attendais a mieux",0
2013-01-27T15:29:55Z,"Allez vous abonnez a ma chaine 100% lensoise ;D
",0
2013-04-22T19:00:39Z,il nous faut 2 attaquant et défenseur pour la saison prochaine ..,0
2013-04-17T12:31:34Z,"Allez Lens <3 
Soyez concentré pendant toute la rencontre et suivez le public pour gagner ! La victoire est faisable !! ",0
2013-02-27T20:36:25Z,"TOUTE L EUROPE NOUS ALLONS TRAAAAAAAAAAAAAVERSEEEER POUUUR TE PROUUVER NOTRE FIERTER
NIICEE SANS TOI ON NE POURRAIS PAS EXISTER
ON NE TE LAIIISERA JAMAIS",0
2013-02-23T23:12:50Z,LE MONDE ENTIIER NOUS ALLONSS TRAAAVEEERRRSSSSERRR POUUUURRRD TEEE PROOOUUUUVVEEERRRR NOTTTTRRRRRREEEE FIERTTTTEEEEE !!!!!!!,0
2013-02-23T17:14:06Z,ForZa Nice from italyyy,0
2013-07-24T11:42:33Z,Joe Hart il fait plus de parades que de boulettes ! ,0
2013-07-24T05:51:29Z,Jtm bb,0
2013-07-23T22:13:12Z,"Si on monte cette année il faudra tout faire pour le garder c'est le futur gardien des bleus, le successeur de Mr Llorris",1
2013-07-23T17:37:20Z,"Je mis vois déjà dans le kop & Dominique nous fait le 

""Numéééééééééééééééros 16"" .... ""ALPHONSE"" & le stade reprend ""AREEEEOLA""",1
2013-07-23T16:42:46Z,Enfin un bon Gardien !!!,0
2012-08-18T08:46:20Z,"Y ont Fais un beau match ds l'ensemble mais faut changer juste l'attaque surtout POLLET , car le millieu et a défense c'est nikel :')",0
2012-08-18T08:20:47Z,"triste :(
",0
2013-07-28T03:17:02Z,"Philippines, pas trop loin du Japon en l'occurence =)
",1
2013-07-27T10:31:29Z,"Bon, ben, voilà, le champ des possibles sera incarné par ces joueurs en partie : ALLEZ Lens. Chavarria connaissait Lens (quand il était petit). Les heures de gloires 1998-2000s ?
ps: Chavarria a un t-shirt ARMANI ? A une ou deux lettres à dire, on frôle la faute de goût vis à vis du repreneur azeri ! :)",0
2013-07-24T17:13:35Z,"Je trouve que ce petit monde et les joueurs restant de l'équipe de l'an dernier peuvent nous faire rêver toute la saison, alllllllleeeeeezzzzzzz LENSOIS",0
2013-07-24T11:26:24Z,"je suis fan de lens jusqu'au poil d'orteil, alllllllllllllllllllezzzzzzz lens tes supporters sont là
",0
2013-07-23T21:59:31Z,"Il y-a tout pour faire une grande saison, il faut espérer que le groupe va se mettre en marche rapidement. FIER D'ETRE LENSOIS! ALLEZ LENS!!",0
2013-07-23T21:15:33Z,en esperant que la monter sera la allez les sang et or,0
2013-07-23T19:59:42Z,"allez lens
",0
2013-07-23T19:34:58Z,Beaucoup de joueur viennent pour l'ambiance de Lens ! Meilleur Supporters !,0
2013-07-23T19:32:36Z,bienvenue à vous ! faites nous rêver !,0
2013-07-29T01:33:58Z,oui mdr 4 aout on a trois point face a bastia allez lens,0
2013-07-29T01:01:44Z,"oui c sur lens a fait des bons matchs de prépa jte rejoins mais ces ptites critiques ca c la methode kombouaré il demande tjrs plus a ces joueurs c un perfectionniste et tant mieux :) ce coach est excellent, lens va faire une belle saison j en ss convaincu OBJECTIF LIGUE 1 !!!!",0
2013-07-28T21:29:25Z,2:28 = fail de valdivia.,0
2013-07-28T21:24:06Z,"Ils ne sous estiment pas ils essaient de rester objectif quant à leur prestation. Et c'est sûrement la pire manière pour progresser que de dire ""on fait un bon match, rien à redire..."" il y a toujours des choses à retravailler et celles ci sont à souligner, c'est aussi le rôle du coach et j'aime particulièrement son feed back après chaque match, il est très exigeant et c'est ce qu'il faut.",0
