publish_date,title,view_count
2012-11-12T19:34:01Z,GF38 ASM 2 2 La réaction d&#39;Abdallah Zoubir,1662
2013-02-09T23:00:29Z,Chamois Niortais - FC Istres (0-0) - Le résumé (NIORT - FCIOP) / 2012-13,862
2012-11-11T22:08:40Z,GF38-ASM 2-2 89è Penalty de Zoubir,376
2012-11-11T23:21:03Z,GF38-ASM 2-2 23è Zoubir marque,1230
2013-07-18T16:02:22Z,Inside the Swedbank Stadion with Hibernian FC,4762
2013-02-02T23:00:13Z,FC Istres - Angers SCO (0-0) - Le résumé (FCIOP - SCO) / 2012-13,1691
2012-11-11T01:50:34Z,Les Réactions d&#39;après-match de Grenoble Foot 38 - AS Moulins 2-2 (GF38-ASM),1232
2013-03-30T23:00:13Z,Tours FC - FC Istres (1-0) - Le résumé (TOURS - FCIOP) / 2012-13,1256
2012-11-11T21:52:30Z,Les Réactions d&#39;après-match de GF38 - AS Moulins 2-2 (11è journée de CFA Groupe B),92
2013-07-30T14:48:55Z,Football Hooligans Dundee and Hibernian in 2003,175
2013-02-16T21:59:10Z,"Paul Heffernan Completes Excellent Hat-Trick, Hearts 0-3 Kilmarnock, 16/02/2013",576
2013-04-06T22:00:13Z,FC Istres - Stade Lavallois (2-2) - Le résumé (FCIOP - LAVAL) / 2012-13,2001
2013-02-16T21:41:21Z,Joao Martins 10 Eurofoot bv.wmv,176
2012-10-08T15:12:44Z,Viitorul C-ta-Petrolul Ploiesti 1-2 oct.6-2012,588
2012-10-26T09:11:17Z,Futsal- France vs Biélorussie (Amical),590
2012-11-11T18:02:37Z,2012 Ceahlaul - CS Mioveni 2-0,48
2012-12-14T01:13:00Z,Best saves of Peterson Peçanha...Rapid bucaresti 1,1827
2013-07-30T02:35:27Z,BERNARD★ ★Goals★ ★Skills★ ★Assists★ ★Atlético Mineiro★ ★ 2012★ 2013★,83
