publish_date,title,view_count
2013-03-13T20:48:01Z,Best of Khaled AYARI,816
2013-01-30T11:00:58Z,"Présentation officielle de Khaled Ayari, nouvel attaquant d&#39;Angers SCO",7240
2013-01-11T17:27:28Z,khaled melliti,2509
2013-03-30T23:00:14Z,Châteauroux - Angers SCO (2-3) - Le résumé (LBC - SCO) / 2012-13,5472
2013-02-12T11:00:48Z,Angers SCO - RC Lens (3-2) - Le résumé (SCO - RCL) / 2012-13,18722
2013-04-20T13:16:53Z,Angers SCO 1-1 SM Caen (J33),4018
2013-05-11T22:00:11Z,AJ Auxerre - Angers SCO (2-2) - Le résumé (AJA - SCO) / 2012-13,5157
2013-04-20T22:00:15Z,Angers SCO - SM Caen (1-1) - Le résumé (SCO - SMC) / 2012-13,5248
2013-04-27T22:00:13Z,Nîmes Olympique - Angers SCO (3-0) - Le résumé (NIMES - SCO) / 2012-13,3982
2013-02-23T23:00:14Z,Angers SCO - GFC Ajaccio (1-0) - Le résumé (SCO - GFCA) / 2012-13,3808
2013-05-25T22:00:36Z,CS Sedan - Angers SCO (2-2) - Le résumé (CSSA - SCO) / 2012-13,3902
2013-04-20T19:31:18Z,Conférence de presse Angers SCO - SM Caen (1-1) / 2012-13,275
2013-05-19T12:57:42Z,Top 10 Buts du Sco d&#39;Angers Saison 2012-2013,17462
2013-07-11T08:06:32Z,Khaled Korbi ye7chi fih,5005
2013-05-25T12:53:31Z,Conférence de presse CS Sedan - Angers SCO (2-2) / 2012-13,109
2013-04-06T15:26:07Z,Les buts d&#39;Angers SCO - FC Nantes - Vidéos Fc Nantes,2286
2013-03-30T18:42:16Z,Conférence de presse Châteauroux - Angers SCO (2-3) / 2012-13,148
2013-02-12T00:00:26Z,Conférence de presse Angers SCO - RC Lens (3-2) / 2012-13,1185
2013-04-25T21:26:35Z,Sco Angers vs ACBG,531
2012-11-26T21:01:39Z,Souia Sport : résumé EST - OK (3-0),7591
2013-04-17T02:58:23Z,EST-ESS 4-1,189405
2012-11-07T12:42:42Z,hadded,2162
2013-06-21T11:56:44Z,Esperance sportive de Tunis,109
2012-10-26T23:37:01Z,angers vs  Châteauroux 1-0,735
2013-04-25T19:39:05Z,J34 Avant Match Nîmes / Sco Angers,525
2013-03-16T21:03:17Z,Monaco vs. Angers SCO Video Highlights &amp; Interviews (15th Mar 13),176
2012-08-05T06:48:00Z,Clermont Foot 0 - 2 SCO Angers,460
2012-12-20T01:19:16Z,Ronaldo vs Zidane Goals And The Shares During The Match 20/12/2012,18295
2012-09-30T07:55:02Z,Foot / Ligue 2: Tours - Caen (l&#39;avant-match),84
2013-05-03T01:35:48Z,Montage Foot Sacha CLEMENCE,1374
2013-03-30T04:09:11Z,Didier Tholot - Chateauroux Angers,442
2013-02-22T01:29:24Z,Med slim ben othman Ukraine 2012/2013 Best Of,39269
2013-03-23T21:41:24Z,fotos de Lionel Messi con Argentina HD,1412
2012-08-21T17:53:29Z,"Frédéric Béatse, Maire d&#39;Angers, recoit les joueurs d&#39;Angers-SCO",589
2012-12-09T00:24:56Z,Les réactions de R. Girard et R. Cabella après Montpellier - Ajaccio (08/12/12),300
2013-05-03T21:32:07Z,Résumé Angers-Laval [1-0] 2012-2013 Ligue 2,463
2013-05-05T18:35:12Z,الهدف الاول للبنزرتى فى الاهلى - نور حضريه,891
2013-07-14T23:18:47Z,Djabou   Club Africain,290
2012-12-22T18:51:24Z,Stade tunisie VS El menzeh.3gp,18
2012-09-04T14:15:13Z,Haitham fighil.. &quot;Nouveau Messi&quot; à Marrakech,522071
2013-01-29T20:29:48Z,Tunisie vs Togo L&#39;avis des supporters,2421
2013-01-15T12:47:17Z,Déclaration Nikola Karabatić après Tunisie Vs France,461
2012-08-05T19:10:43Z,البورصة الرياضية/ التونسي أحمد ساسي,2968
2013-03-19T03:37:11Z,CAB 0-0 CA - 8e j - 07.03.2013,764
2013-04-06T16:54:23Z,EST - 1o Agosto : But Khalil Chammam,1691
2013-01-12T18:11:40Z,Messi and Ronaldo in trash-talkin&#39; text-off to promote El Clasico,782
2012-10-18T16:54:26Z,Avant Match : Angers SCO - AS Monaco par Stéphane Moulin,572
2013-01-11T00:20:18Z,Lionel Messi HD Skills How We Do,1305
2012-12-28T14:59:39Z,"mosa,mosa messi",7650
