published-time,comment,likes
2013-01-31T00:16:31Z,bonne chance khaled !!,1
2013-01-19T20:06:14Z,"bonne continuation , q dieu te bénisse 
",0
2013-04-01T19:52:11Z,Lassana doucoure t ou,0
2013-03-31T18:48:31Z,Angers en ligue 1 ♥,2
2013-07-03T10:40:39Z,Grosse faute sur le dernier but !!!!,1
2013-05-16T18:19:43Z,allez le rc Lens,1
2013-03-01T18:20:57Z,Match dans la légende du SCO. Marquer deux buts dans les arrêts de jeu à 10.,4
2013-02-17T21:03:55Z,Mérité ouai,2
2013-02-13T16:21:44Z,Y a pas faute sur le dernier but ?? WTF O_o,1
2013-02-12T19:16:17Z,"les belles actions et les buts sont plus beau pour lens mais le match était à l'avantage du sco donc résultat assez logique quand même.
Allez le sco quand même !!!!!",2
2013-02-12T17:09:04Z,"Sous Sikora, on a appris à jouer, il va maintenant falloir apprendre à tenir un résultat. Encore une défaite, celle de trop pour espérer prétendre à la montée.

Bravo aux joueurs d'Angers qui n'ont rien laché et qui se sont battus jusqu'au bout !",2
2013-02-12T13:48:15Z,N'Diaye a fait plus d'arrêts que Riou ...,1
2013-02-12T13:39:03Z,Le match est voler,1
2013-02-12T12:24:02Z,"il est ou le commentateur 
",1
2013-02-12T11:39:34Z,Ce 3ème but digne d'une équipe de poussin <3,5
2013-05-11T23:33:34Z,Allez le SCO !!!!!,1
2013-04-25T11:41:46Z,Allez le SCO en route pour la montée,0
2013-04-22T15:30:04Z,Magnifique but angevin !!!,0
2013-04-22T15:16:29Z,"Allez Malherbe !!!!
on croit à la montée !
",0
2013-04-21T11:01:29Z,Allez malherbe,0
2013-05-14T19:40:55Z,Aller Nîmes !!,0
2013-05-03T15:27:55Z,Allez le SCO,0
2013-04-28T15:12:06Z,FC Nantes 3,0
2013-04-28T12:52:06Z,Allez le N.O !,0
2013-03-01T14:12:07Z,@Vod Plyeur Tu serai pas parsiens par hasard ? Après toi jte critique pas sur tes équipe que tu supporte alors la tête de con.,0
2013-03-01T14:10:09Z,"J'ai le droit de supporter une équipe qui est en ligue 2 car c'est ma ville natale, donc allez le SCO d'angers et allez l'OM",0
2013-03-01T13:36:18Z,Soit tes pour L'om sois pour angers tete de con va,0
2013-02-28T15:48:26Z,Le SCO et l'équipe que je supporte en ligue 2 mais sinon jsuis un fervent supporter de l'OM,0
2013-02-24T10:52:55Z,Allez le SCO,0
2013-06-17T23:03:21Z,"Merci Clément ! Encore une superbe vidéo ;)
",0
2013-05-23T18:47:34Z,Le but de Keseru contre le Gazelec est en 8ieme position,0
2013-05-19T18:31:11Z,"J'ai regarder tout les vidéo de tout les matchs, il y a tellement de beaux but comme celui de Socrier contre Dijon, El Jadeyaoui contre Sedan ou contres Nantes mais j'ai trouvé que celui de Diers contre Laval est important car il a driblé plusieurs joueurs, c'était un derby et cela nous permettais de rester dans la cours et celui de Keseru contre Dijon car la remise d'El Jadeyaoui est sublime !",0
2013-05-19T18:26:43Z,"super vidéo aller le SCO ^^
",0
2013-05-19T17:13:21Z,"j'aurais mis le but de richard Socrier. Le lob face à Dijon à la 92 min. sinon sympa la video.
",0
2013-05-19T16:29:54Z,"Merci pour le compliment, effectivement dommage qu'il n'y a pas la Ligue 1 au bout de tout ses efforts :/ !!",0
2013-05-19T14:46:49Z,"Belle vidéo, Bravo !! Dommage pour le SCO qu'il n'y a pas la ligue 1 derrière cette saison :P
",0
2013-05-25T13:01:09Z,First!,0
2013-02-13T11:44:06Z,Merci le sco pour nous faire vibrez de match en match ! <3,0
2013-04-07T01:21:59Z,Zidane is still good,0
2013-03-08T18:06:44Z,Affz Toda Hora O Video Travando Ai Fica Dificil NÉE !,0
2013-01-13T01:57:34Z,tolerable,0
2012-12-20T07:21:38Z,"Good
",0
2013-07-19T14:36:29Z,"dat s my name :3
",0
2013-06-13T20:05:49Z,tu peux construire une phrase complète au lieu de laisser ton rire débile partout pour qu'on puisse discuter  :),0
2013-06-12T19:21:24Z,"nn aruna dindane fel attack 
",0
2013-06-12T09:55:23Z,weld club raw mato5ltouch,0
2013-06-12T01:58:07Z,hhhhhhhhhh ,0
2013-06-12T01:45:56Z,daraji ??? msekni ??? hhhhhhhhhhhhh ,0
2013-06-11T22:43:38Z,Un mélange entre Darragi et Msekni .. c'est une valeur sure j’espère que la direction de l’espérance parvient a un accord avec lui ,0
2013-06-11T17:09:21Z,hedha a gauche afful fil west welblaili a droit w9odemhom haithem ya m3allem chkoun bech ynajem ywa9efna pffffffff,0
2013-06-11T13:48:47Z,"Fi lmkach5a Nchallah :D
",0
2013-06-11T13:27:59Z,m3allem nchallah fil mkach5a el kawarji dhaher borjouliya lilli yifhem kooooora ,0
2013-04-24T12:46:21Z,tbarkala,0
2013-03-24T00:35:24Z,el mejor,0
2013-03-23T21:42:12Z,el mejor,0
2013-02-05T10:29:49Z,not HD enough and the effect is just too much maybe. But good editing,0
2013-01-17T19:07:48Z,invento ,0
2013-01-17T16:15:16Z,Good. Just have to extend the timing since its too short and better quality :],0
2013-01-17T09:19:01Z,"wtf is this, its incomplete, the image u use is not high enough quality, and the effects are too drastic...and the start after the pause should be better.",0
2013-01-16T21:14:17Z,good video!,0
