published-time,comment,likes
2013-05-31T19:37:23Z,Wie alle 96 Fans ihn jetzt suchen ( ok ich auch) :-),0
2013-05-30T15:33:15Z,welcome to hannover,0
2013-06-13T23:37:57Z,"comunio?
",0
2013-06-01T13:12:06Z,ich,0
2013-05-31T19:34:56Z,96!!!!!,1
2013-05-31T11:31:20Z,96 ole!,1
2013-05-31T10:14:16Z,"96
",1
2013-05-31T07:29:06Z,Ich auch ;),0
2013-05-31T04:47:46Z,ich xD,0
2013-05-30T14:09:54Z,Wer ist noch wegen 96 hier?,1
2013-03-18T19:20:51Z,Juste le coup franc de Mesloub .. :),0
2013-03-18T00:45:45Z,beau spectacle!!! :),0
2012-12-20T23:12:13Z,ALLER PSG,0
2012-12-13T20:59:15Z,"ici cé paris poto on é magik
",0
2012-12-11T14:13:45Z,"Evidemment qui y hors jeu , tu vois pas le ralenti la o O ? C'est pas le joueur au centre mais celui qui va centrer qui était hors jeu faut arreter de dire n'imp",0
2012-12-10T17:55:06Z,"on a été volé il y a pas hors-jeu mais but , il y a pénalty et surtout cette putain de transversal ^^'",0
2012-12-10T15:14:36Z,J'ai était les voirs je n'ai pas aimer ;x,0
2012-11-16T08:58:31Z,what is the intro song name?,0
2012-11-09T13:24:31Z,il vont rester tout leur vie a paris et ses pas parce que il vont partir que paris vont regresser meme si il parte je serai toujour pour paris jmen fou si il parte,0
2012-11-09T13:04:44Z,4-5 ans*,0
2012-11-09T13:04:32Z,Si tu veut si tu veut ;) On vera bien dans 4-5 quand ils partiront je ne pense pas que ce sois la même chose ;) Peace,0
2012-11-08T23:00:32Z,mdrrrr rageux si le quatar serai venu a ton equipe t'aurai rien dit je FUCK les rageux et fier de nos couleur   et le quatar nous a fait venir des footix le parc ses plus comme avant a cause de eux,0
2012-11-08T19:38:32Z,Paris on t'encule ce club joue que pour le fric tout le sait!,0
2012-11-05T16:41:37Z,Asse,0
2012-11-05T12:49:35Z,Paris sera champion ICI C'EST PARIS!!!,0
2012-11-05T12:26:20Z,OL futur champion de france! Et ASSE sur le podium avec nous!,0
2012-11-05T11:46:44Z,asse!!!!!!!!!!!!! ,0
2012-11-05T07:12:36Z,@ryan pyle go away,0
2012-11-05T03:11:23Z,first,0
2013-01-09T17:18:50Z,"allez ol

",0
2012-11-11T18:09:23Z,"Oui fin y'a du chemin et on pourrai dire pareil de l'as saint-etienne :P 
Allez les verts ! ♥ respect au VA ",0
2012-11-10T19:02:38Z,"... jsuis pour Paris alors jsais mm pas pourquoi tu t'excites >< 
et la TON EQUIPE MARSEILLAISE POURRIE est en LDC cette année ?? ",1
2012-11-10T14:34:14Z,Bordeaux pète tout héhé !,0
2012-11-09T17:38:57Z,"JE VOULAIS DIRE I SONT OU PARIS
",1
2012-11-09T17:37:35Z,"ALLEZ L'OM  . I SONT PARIS
",0
2012-11-09T09:37:01Z,"salut moi perso je suis pour lyon donc st etienne c'est pas trop mon truc tu vois ..
mais tu as totalement raison il y a un gros rouge pck la violence d'un joueur comme sa ça devrait etre sanctionner ; attend ta vu le pied haut qu'il met c'est n'importe quoi meme lui il sait qu'il ne l'auras pas et le mec est surpris du rouge !!! en plus ta la vieux parisien qui est trop fan du psg juste pck il y a le quatar et qu'ils ont acheté ""Ibra"" quel couillon ce mec; le psg sans le quatar ils sont rien !!",0
2012-11-08T20:44:58Z,"bien vu ! :p 
... bon là j'avou tu m'as ken ^^",0
2012-11-07T21:40:31Z,je suis desole mais tu ne peux pas dire sa moi perso je suis pour le PSG je trouve que le carton rouge est mérité mais que apres tu dis que c un geste débile ou quoi... il n a pas voulu faire mal et il ne l avait pas vu sortir... mais qu apres on aille parler de match de suspension en plus pour une faute involontaire...,0
2012-11-07T11:25:20Z,mais oui bien sur ... rappelles moi où sont les lillois en LDC ... c dans cette compétition qu'on voit les vraies équipes ! ,0
2012-11-06T19:17:08Z,"T'es vexé ? J'ai mis un ""si"" avant mon idée donc ce que moi même j'y crois peu,mais on peut toujours espérer .Après tous il y a 18 autres équipes qui peuvent voler le titre devant le PSG.",0
2012-11-06T18:45:22Z,Om !!,0
2012-11-06T13:25:31Z,s serait excellent que le PSG écrase VAFC 3 0 juste pour remettre les pendules a l'heure et montrer qu'une defaites sur 12 matches sa arrive a tout le monde,0
2012-11-06T11:41:15Z,"mais toi t'es con ... je soulignais juste la débilité de sa phrase ... 
Entre Paris et VA ya aussi 4 divisions d'écart --'",0
2012-11-06T10:25:23Z,"Le carton rouge de zlatan  et mérité, il n'a pas a faire des gestes comme ça.
Et je pense que c l' OM qui va être champion.
ALLEZ L' OM !!!!!!!!!!!!!!!!!!!
",0
2012-11-06T01:37:08Z,Si vous pouviez juste vous refroidir quand Rennes va dans le Hainaut se serait super sympa !! ^^,0
2012-11-06T01:36:24Z,"Malheureusement je pense que ce sera Paris le champion,bien que je veuille que ce soit une des 19 autres équipes.Pas que j'aime pas Paris en particulier,j'aime juste pas les clubs qui ont des résultats grâce à l'argent et non de l'argent grâce aux résultats.",1
2012-11-05T23:36:53Z,"J'aurais dis la même chose l'année passée tu m'aurais dis ""Ouais et Montpellier tant que tu y es?"" Nan sérieux avoue ce serait énorme.Puis après les Qataris sont fâchés et ils laissent le PSG avec les salaires de fifou à payer et la DNCG se fait plaisir.. (enfin je rêve pour la suite x))",0
2012-11-05T21:35:00Z,"il est vrai que le rouge est mérité mais de la à dire ""geste stupide"" non meme si ibra est réputé violent ici il n'a pas voulu touché le gardien mais il voulait joué le ballon il s'est loupé il prend le rouge rien de plus normal mais ""geste stupide"" parait un peu exagéré",0
2012-11-05T21:19:51Z,"je suis d'accord avec toi, ca merite rouge et pourtant je suis fan du psg de tres mauvais fois tres souvent. en tt cas bravo a la LNF pour une fois une super idee, exile outre-manche je peux me faire les resumes les lundis soir apres le boulot.",0
2012-11-05T20:52:33Z,il voyait pas ruffier il voulait le ballon c'est involontaire mais il y a quand même carton rouge,0
2012-11-05T20:42:29Z,ouais ... et pourquoi pas Nancy tant que tu y es ?! ,0
2012-11-05T20:20:38Z,lol il avait tellement honte qu'on voit sa bétise qu'il a supprimé son commentaire...,0
2012-11-05T19:45:03Z,"vive l'OM !! bye bye ibra !
",0
2012-11-05T19:41:19Z,moi aussi je t'aime lol,0
2012-11-05T19:31:07Z,Et a Brest!,0
2012-11-05T19:10:02Z,Ceci est un FAUX résumé !! il manque Brest-Lorient !!!! --',1
2012-11-05T18:24:15Z,nice? ,0
2012-11-05T16:32:49Z,"Non mais je ne suis pas un supporter du Psg^^
Il joue le ballon et il le touche. L'arbitre a eu raison du rouge. A aucun moment je ne dis qu'il ne le mérite pas, je dis juste qu'il joue le ballon.",0
2012-11-05T16:31:29Z,Je sais pas je vois pas très bien :/,0
2012-11-05T16:30:33Z,"Rien que par ton nom, je n'ai meme pas envie de te répondre...",0
2012-11-05T14:33:31Z,Nous sommes L'Olympique Lyonnais <3 <3,0
2012-11-05T14:20:46Z,"Bravo pour les commentaires, contunuez comme sa !! :)",1
2012-11-05T14:13:10Z,Le rouge est peut etre pas meriter car ibra regarder le ballon malgrer que le geste soit violent ( je supporte l'Om ) ,0
2012-11-05T13:23:20Z,ptin il a meme pas montér montpellier....,0
2012-11-05T12:54:54Z,oooh t'es mignon quand t'es énervé :),0
2012-11-05T12:30:29Z,"Toi tu connais rien au foot vus ton commentaire mais sa m'étonne pas tu es une pleureuse du psg, Zlatan mérite le rouge ! Merci a nos amis les verts ! Sup Bordelais.",0
2012-11-05T11:46:48Z,"Ouais mais si tu regardes il déplie pas la jambe au moment du contact  donc c'est qu'il s'en foutait et c'est un expérimenté ,il sait que dans cette direction il y a un gardien .",0
2012-11-05T11:45:52Z,Ouaip les champions non-parisiens s'y rendront pour faire leurs courses ! :),0
2012-11-05T11:30:24Z,les magics te salue ,0
2012-11-05T11:29:24Z,saint etienne n as rien montré?? mais pourtant on as gagné??? t es vraiment un petit rageux de parisien tiens apprend déjà a écrire français et reviens nous parler après stp ,0
2012-11-05T11:23:37Z,"Il joue le ballon?? tu rigole mec ?? nn mais regarde le ralenti , il touche pas le ballon a 1 seule seconde de l action c'st ruffier qui l as dans les mains  tu es vraiment de mauvaise fois je rêve la putin il a pris un rouge et puis c 'est tout ce n est pas un dieux  !!!!!",0
2012-11-05T11:20:21Z,"C'est sur qu'il y a rouge, mais il faut avouer qu'il joue le ballon!",0
2012-11-05T11:15:34Z,bisou bolosse,0
2012-11-05T11:13:24Z,"oui sa existe il é fai spécialement pour toi bisou 
allpsg.fr",0
2012-11-05T11:03:57Z,ta gueule,0
2012-11-05T11:03:32Z,tu reve ducon le psg a lécé passé sa chance 1 foi mais pas une 2é le psg sera champion cé une certitude rdv o champs élysée,0
2012-11-05T10:49:05Z,"Ça pique les yeux de te lire mec... Arrête les ""k"" et rajoute un peu de ponctuation! Par contre, je suis d'accord avec toi Zlatan ne regarde que le ballon donc ce n'est pas volontaire mais le geste est dangereux donc c'est rouge. C'est la règle du moment que l'action est dangereuse pour la santé du joueur. Cela aurait été sur Sirigu, tu aurais crié au scandale. Mais c'est Zlatan et Paris... ",0
2012-11-05T10:47:51Z,"St Etienne sont tres forts ,",0
2012-11-05T10:44:04Z,"Bravo St-Etienne :)
Amicalement,un bordelais",0
2012-11-05T10:31:06Z,comentaire nul bolosse ,0
2012-11-05T10:29:24Z,"ferme ta grande bouche tocard!! compren tu kes kune une fote involontaire? ibra ne regarde ke le ballon é aucun momen ruffier donc la fote existe mais le carton rouge é disprosportioné cé du duhamel dans le texte l enfoiré pas grave le psg sera champion cé une certitude l asse na rien montré cé du o circonstance de la rencontre paris é magik 
allpsg.fr",0
2012-11-05T10:29:02Z,Ce serai excellent si Valenciennes s'emparerait du titre sous le nez du PSG comme l'année dernière avec le MHSC.,0
2012-11-05T10:19:10Z,"quoi ya pas rouge zlatan met une grosse semelle sur rufier fick paris 


ALER ASSE",0
2012-11-05T09:46:18Z,aller Paris,0
2012-11-05T09:27:25Z,Aller l ol,0
2012-11-05T09:23:50Z,mais oui ducon t'as l'air d'etre un grand fan de football donc tu devrais savoir que pied en l'air sur un autre joueur c'est le rouge direct . Et puis le deuxième but stéphanois est du à une monumentale erreur de défense parisienne... ,0
2012-11-05T08:46:54Z,"d accord il y as pas rouge ben au prochain match j 'espere que un joueur iras faire de meme a votre gardien et comme par hasard tu diras il y carton rouge !!!!!!! sois pas rageux ibrahimovitch  a pris un rouge et puis voila , la prochaine fois il réfléchira avant de faire de telle gestes stupides !!! imagine si ruffier aurait pris son pied dans le visage !!! meme mieux imagine que tu sois a la place de ruffier !!! je pense que tu demanderais logiquement un rouge pour l adversaire",0
2012-11-05T08:39:49Z,"l'ol <3 faut continuer sur cette lancée offensive et revoir toute la défense! le milieu de terrain c'est presque parfait
",0
2012-11-05T08:32:29Z,apprend les règles petit footix,0
2012-11-05T08:29:26Z,et puis je viens de voir il l'as mériter la biscotte ^^,0
2012-11-05T08:25:41Z,calme toi c'est pas grave :),0
2012-11-05T01:16:05Z,"Gamins --"" 
",0
2012-11-05T01:03:09Z,"first!
premier pouce vert",0
2013-06-29T11:30:20Z,pape souare a le sida,0
2012-10-04T16:45:55Z,"cool trop bien
",0
2013-07-23T05:31:53Z,"deli midir nedir bu
",0
2013-07-06T00:52:47Z,"aaaaahhhhh je suis desolée mais jordan ne s'est pas s'exprimé heinnnnnn,il doit apprendre.",0
2013-05-03T08:39:17Z,"j'adore les freres ayew!!!
",0
2013-04-30T02:34:55Z,Je ne sais pas lequel des deux a l'air le plus intelligent !,0
2013-03-24T22:19:12Z,Ces une chèvre,0
2013-03-03T21:49:41Z,wallah,0
2013-02-14T19:59:52Z,"TA MERE WATI YASSS
",0
2013-01-08T02:26:58Z,il sais pas bien parlé mais il joue bien heureusement pour l'OM,0
2013-05-27T09:33:08Z,"séphane la star sénégalaise je suis de tout coeur avec toi 
",0
2013-05-22T06:09:57Z,ferme ta grande geule,0
2013-03-13T08:28:15Z,et toi pourquoi tu est ne ? regarde pas la video si tu aime pas l'om ou les ayew ,0
2013-03-10T00:51:17Z,"Woooooow les rageux c'est abusé, le mec il est très juste dans ces paroles, en sur le terrain il donne toujours 200% ! Des mecs avec la mentalité de André et Mathieu y'en a pas beaucoup, mais je comprends vous regardez le foot des Ibra qui rale a chaque ballon perdu...",0
2013-02-28T21:50:24Z,"That Guy has no idea of what he's sayin', what a fucking disgrace",0
2013-02-27T21:39:52Z,Mais quelle grosse merde ce mec. Qu'est-ce qui fait en Ligue 1 ..,0
2013-02-24T23:31:04Z,"im from Cameroon but listening to this young bro, he should be an inspiration to all bros n sis in AFRICA!!! AT his age, his judgement is simply amazing, very charismatic, humble n humility!!!! This is not his only interview that i have listen to. he's DOPE!!! young Africans take NOTES!!! 
",0
2013-02-17T18:29:44Z,Super interview,0
2013-01-07T12:18:20Z,alle andré tu est la fiérté de l afrique je vous aime ,1
2013-01-03T20:24:03Z,"nice interview bro. je suis sénégalais et c mon idole. t'es un exemple pour les jeunes africains 
",1
