publish_date,title,view_count
2013-02-19T18:00:24Z,VIDEO - Pape Sané : dernière recrue du mercato pour les Cham,663
2013-05-25T22:00:36Z,Clermont Foot - Chamois Niortais (1-1) - Le résumé (CFA - NIORT) / 2012-13,1784
2013-05-12T22:00:11Z,But Salif SANE (79&#39;) - Girondins de Bordeaux - AS Nancy-Lorraine (3-2) / 2012-13,2780
2012-11-04T23:00:22Z,But Salif SANE (45&#39; +2) - OGC Nice - AS Nancy Lorraine (2-1 / 2012-13,13364
2013-07-10T15:30:21Z,Chérif Salif SANE  ZIG-INTER,1876
2013-03-17T14:47:44Z,Havre AC - Chamois Niortais (2-1) - Le résumé (HAC - NIORT) / 2012-13,2333
2013-04-14T19:58:01Z,but de sané face à Montpellier,292
2012-12-09T23:57:44Z,Stade de Reims - Girondins de Bordeaux (0-0) - Highlights (SdR - FCGB) / 2012-13,982
2012-12-20T15:31:12Z,la vie en pro à marseille - Leyti Ndiaye - Pape Daouda Mbow,21457
2012-09-23T22:01:26Z,Stade de Reims - AS Nancy Lorraine (2-0) - Highlights (SdR - ASNL) / 2012-13,1786
2012-12-09T23:53:28Z,Stade de Reims - Girondins de Bordeaux (0-0) - Le résumé (SdR - FCGB) / 2012-13,5273
2012-11-05T01:47:18Z,Ligue 1 - Week 11 Highlights / 2012-13,3365
2013-02-01T09:00:11Z,Lamine avant Valenciennes,777
2012-11-05T01:02:06Z,Ligue 1 - Résumé de la 11ème journée / 2012-13,52794
2013-06-09T17:38:30Z,goal rivignano,637
2012-09-23T22:01:26Z,Stade de Reims - AS Nancy Lorraine (2-0) - Le résumé (SdR - ASNL) / 2012-13,19008
2013-03-27T16:15:49Z,Club House - Deux défenseurs au micro [extrait],337
2012-11-19T20:47:14Z,Aliou Coly,7822
2013-01-11T09:31:00Z,LOSC INSIDE | À la découverte d&#39;Idrissa Gueye 🇸🇳,100813
2012-12-12T21:40:11Z,papis ly,74
2012-12-02T18:13:44Z,Ziguinchor TV ALIOU COLY du Casa Sports ne jouera pas pendant 30 jours,819
2012-12-04T15:11:07Z,Basil de Carvalho won the Footballer of the 14th round in Group A,294
2013-06-27T08:24:07Z,VIDEO. Les Chamois Niortais ont repris l&#39;entraînement,115
2012-12-12T16:54:13Z,A venir -La vie en pro à Marseille-lundi 17 decembre à partir de 22h,3703
2012-12-20T14:45:59Z,la vie en pro à Marseille - José Anigo - Ibrahima Sy gardien de but,27440
2013-01-03T16:34:48Z,la vie en pro à marseille - Jordan Ayew,47024
2012-11-30T21:35:40Z,Sogndal-Strømsgodset 1-1 Eliteserien 2012,9364
2013-01-11T09:27:58Z,LOSC INSIDE | Une journée avec Rio Mavuba ☀,79514
2013-01-03T17:31:33Z,la vie en pro à marseille - Andre Ayew,58775
2013-01-03T18:17:20Z,la vie en pro à marseille - Souleymane Diawara,42982
2013-05-23T16:21:56Z,Parlons foot avec Demba Ramata Ndiaye,2287
2013-01-04T12:57:03Z,la vie en pro à lille - Idrissa Gana Gueye - partie 2,89101
2013-05-24T18:10:58Z,www.sportinlombardia.com Alioune Fall,975
2013-05-30T13:09:10Z,Parlons Foot avec Mame Fatou Ndoye   29 Mai 2013,1488
