published-time,comment,likes
2012-09-16T14:19:46Z,"SOS UN GRANDE CHAPUUUUU....CHAPUUUUUUUUUUUU
",1
2013-06-21T04:40:32Z,"staba en sur ese dia con mi cuñado y sobrino  luego el gol del argentino
q buen partido y goles",5
2013-06-21T01:51:12Z,CAGONES CERO PUNTOS,0
2013-06-21T01:50:13Z,Ohhhhh SE QUEDAN CALLADOS ESOS PECHO CONGELADOS!,3
2013-06-21T01:48:07Z,"MEJOR FUE EL DEL GOYO BERNALES EN UN CLASICO DE 1999 QUE GANO LA U 1-0 SÍ , 1999 EL AÑO QUE DIMOS LA VUELTA EN EL MULADAR",0
2013-06-21T01:46:38Z,"el ""PATO"" jajajajaja por cierto, ese año fue el año que TELEFONICA LE REGALÓ EL TITULO A LOS CAGONES EN PLENA HUELGA DE FUTBOLISTAS. CLUB VERGUENZA LIMA LA CACA DEL FUTBOL PERUANO.",0
2013-06-21T00:15:20Z,"Que tal Golazooooooooooo..
",9
2013-06-20T21:44:23Z,Si si fue el 2003 jaja,2
2012-11-25T12:38:26Z,Muy bueno. Arriba el Prado!,0
2012-08-08T19:58:24Z,Gol argentino papá,0
2013-02-20T01:56:07Z,Vueba,0
2013-04-22T02:14:25Z,yo estando en la cancha y mas en la popular de velez.. soy de boca pero llega a pasar eso y el equipo contrario me canta la marcha funebrera empiezo a hacer quilombo y fajamos al os de newells cantan ahi manga de pechos frios dios dan asco,0
2013-04-21T17:49:30Z,es cierto no importan los colores soy de racing pero en estos casos hay que dejar de lado la rivalidad,1
2013-04-21T00:16:13Z,Es necesario filmar ese momento? lo unico que hacen es preocupar mas ... ,0
2013-04-20T21:33:57Z,"Velez, siempre fue una gran institucion...y soy de River. Pero me encanta cuando las cosas se manejan o dirigen con el cerebro y la educacion.",0
2013-04-20T18:26:22Z,طيب مات ولاحي,0
2013-04-20T17:27:55Z,lo bueno que ya esta fuera de peligro aca no importa la rivalidad importa la salud yo soy de river pero esto es preocupante para todos los hinchas sea equipo que sea,0
2013-04-20T17:11:59Z,"La verdad que excelente los tiempos de reaccion de los medicos, y la entrada de la abulancia.",0
2013-04-20T11:26:03Z,"Respetos a Bella fuerza y pronta recuperación.
",0
2013-04-20T09:40:20Z,Gracias a Dios el medico Rosarino estaba mas cerca que el de Velez é intervino con celeridad !! esperemos que se recupere pronto ya que es un chico joven.,0
2013-04-20T07:05:34Z,Eu como Torcedor do Flamengo (Brasil) desejo melhoras ao jogador do Velez. Se recupere Campeão !!,0
2013-04-20T06:17:48Z,Un hincha de Boca espera que se mejore pronto!!,0
2013-04-20T04:29:50Z,"Desde uruguay hincha de Peñarol , la mayor fuerza y pronta recuperacion para el jugador de velez",0
2013-04-20T03:38:43Z,"Le desea lo mejor a un gran jugador,un hincha de boca!
en estos casos no importan los colores

",0
2013-04-20T02:34:23Z,Que bueno que ya mejoro...,0
2013-04-20T02:06:00Z,Fue internado y ahora dicen que ya esta bien.,0
2013-04-20T00:44:53Z,Fuerza locoo! como esta??,0
2013-04-20T21:48:39Z,"lindo partido!!
",0
2013-02-11T20:35:49Z,"gracias..
",0
2013-02-11T19:55:24Z,"Excelente trabajo.
",0
