publish_date,title,view_count
2012-11-16T10:14:25Z,Entrevistas Germán Duarte y Nicolás Albarracín,863
2013-07-10T16:28:21Z,Fantastic goal from Albarracin - Jose Galvez vs Alianza Lima,713
2012-11-26T05:07:21Z,Peñarol venció a Wanderers 2:1 y está a un triunfo del titulo del Apertura 2012.,3423
2012-12-14T21:30:09Z,Paulo Albarracin - Goles (2012),1947
2012-09-08T18:58:33Z,El futuro Bohemio - Emiliano Teliz,614
2012-08-24T15:05:39Z,Nicolas Ayr - Sporting Cristal vs Universitario (Peru) - Parte 2,916
2013-01-06T05:46:52Z,Indirecto.tk Nahitan Nandez aumenta el score para Maldonado,1307
2012-09-16T01:30:30Z,&quot;Los mínimos detalles te dan un triunfo&quot;,175
2013-03-18T04:09:00Z,Golazo Yordy Reyna a Universitario 15/03/2013 Clásico Peruano,37406
2012-11-18T00:40:15Z,&quot;De contra encontramos los goles&quot;,97
2013-06-20T21:16:45Z,Golazo de Henry Quinteros (Universitario 2 - 4 Alianza Lima) 2003,31546
2012-11-21T12:40:16Z,Campeonato Wanderers TV,1428
2012-12-05T03:55:14Z,Estudiantes (San Luis) 2 - Gutierrez SC (Mza) 2. Torneo Argentino B. 01/12/2012,378
2013-03-27T19:56:48Z,El Futuro Bohemio - Pensión Sede Social (Parte 2),954
2013-05-06T22:11:42Z,Goles de Marko Ciurlizza,12306
2012-08-08T09:42:56Z,Golazo de Cabeza de Carboni a Olimpia (2-1) Copa Sudamericana 2012. (7/8/2012),454
2013-02-20T01:39:49Z,Peñarol 1 Emelec 0 (Relato Roberto Moar) Copa Libertadores 2013 (19/2/2013),701
2012-08-11T02:08:27Z,"Entrevistas a Martín Rodriguez, Guzmán Pereira, Santiago Martínez y Maxi Olivera",1526
2013-04-20T00:36:28Z,Ivan Bella se desmayó ni bien terminó el partido,91565
2013-05-23T14:41:49Z,Torneo Corregimiento Norte (Jhon Cardona Equipo Alto del Medio),60
2013-01-20T19:42:00Z,San Lorenzo 2-1 Juventud Unida (San Luis) (parte 4),292
2013-04-10T00:03:21Z,Gol de Matias Aguirregaray (P) - Peñarol 3 - Dep. Iquique 0,2470
2012-12-31T15:00:45Z,Sociedad Sportiva Devoto - Despedida de Adrián Gomez,251
2013-01-20T18:04:29Z,San Lorenzo 2-1 Juventud Unida (San Luis) (parte 3),325
2013-01-20T21:13:44Z,San Lorenzo 2-1 Juventud Unida (San Luis) (parte 6),280
2012-10-15T00:02:04Z,Segundo gol de Alianza Lima contra la U (14 - 10 -12),372
2013-01-20T14:24:34Z,San Lorenzo 2-1 Juventud Unida (San Luis)  (previa),2213
2013-01-20T15:39:55Z,San Lorenzo 2-1 Juventud Unida (San Luis) (parte 1),1369
2012-09-13T00:03:03Z,"Fecha 5, Clausura 2012 LCF: América 0 - 3 Correa",459
2012-10-11T03:19:08Z,Bolivia vs Peru: Markarian habla de como esta la Seleccion y su rendimiento - 10/10/2012,879
2013-01-20T20:50:42Z,San Lorenzo 2-1 Juventud Unida (San Luis) (parte 5),288
2013-01-20T21:33:35Z,San Lorenzo 2-1 Juventud Unida (San Luis) (parte 7),329
2013-02-11T18:42:27Z,Guillermo Brown 3 (4) - 1 (2) Juventud de San Luis (LUNES 2DO TIEMPO),888
2013-01-20T16:06:30Z,San Lorenzo 2-1 Juventud Unida (San Luis) (parte 2),610
2013-03-22T19:22:15Z,HOMENAJE A AUGUSTO PRADO Y AL ATLETICO CHALACO,4671
