published-time,comment,likes
2013-02-18T19:23:10Z,le mans ALLEZ ALLEZ LE MANS,2
2013-02-08T20:30:58Z,Allez les nantais on les applaudit pour enfin ce rattrapage de plusieurs saison manquées!!!!!,1
2013-02-08T18:23:09Z,FCNANTES ! FCNANTES ! FCNANTES !,0
2013-02-06T13:30:40Z,Wesh Nantes!!!15ème but de Djo!!!,0
2013-02-05T01:30:46Z,"une mauvaise nouvelle vient de tomber pour le FC Nantes 
interdiction de recruter pendant 1 ans .Dommage si on monte ",0
2013-02-04T19:43:02Z,c'est moi ou il y a + de buts et de matchs à rebondissements en ligue 2 qu'en ligue 1 ?,0
2013-02-04T03:53:15Z,ça fais plaisir l'année prochaine je pourrais enfin revoir un mythique bordeaux vs nantes ,1
2013-02-03T20:44:14Z,LE MANS CEST LA MISEREEE MISEREEE MISEREEE!!!,0
2013-02-03T19:46:57Z,"EN L1 C'est L'OM en l1 je suis pour l'om et l2 pour le muc
",1
2013-02-03T19:44:53Z,"allez le mans ALLEZ ALLEZ ALLEZ LE MANS
",2
2013-02-03T14:08:00Z,drrraaa 44 RPZ aïe aïe aïe !!!,0
2013-02-03T10:29:03Z,FCNANTES !!,0
2013-05-04T09:26:03Z,"Déjà apprends à écrire après on verra !
",0
2013-03-07T10:17:01Z,"Nantes a montré qu'ils avaient du mental face à une belle équipe de Lens, et c'est la première fois en 4 ans qu'ils sont capables de monter en L1, alors allez Nantes !!!",2
2013-03-05T21:20:45Z,J'avou,0
2013-03-05T18:39:54Z,"Connexion free.... Met longtemps à charger du 360p ! 
",0
2013-03-05T17:57:06Z,Les TIGERS font un tifo ; on pourrai le voir quoi,0
2013-03-05T17:44:12Z,poteaux faute inutile de riou... heuresement qu'on gagne!,0
2013-03-05T16:26:56Z,Tu rigoles ? ,0
2013-03-05T15:30:32Z,Aller Nantes !!!,0
2013-03-05T15:02:20Z,Encore un but à la dernière minute c'est pas possible  ='''(,0
2013-03-05T14:53:33Z,GG Fabrice ! Nantes en ligue 1 !!,0
2013-03-05T12:17:14Z,vive nantes la ligue 1 arrive,0
2013-03-05T11:20:55Z,Allez Nantes !!!!!!!,0
2013-06-06T17:42:08Z,Allez le SCO ! La Ligue 1 pour Nantes c'est pas mériter !,2
2012-12-11T12:56:27Z,nantes remonte en force cé bonnnn saah !!,2
2012-12-09T23:43:11Z,"Ca fait du bien de voir la baujoire remplie. Ca commence a sentir bon :)
",4
2012-11-22T17:44:43Z,J y étais en Loire et c était trop cool,2
2012-11-08T23:36:29Z,"Voir la beaujoire remplis ses juste trop bien , ALLER NANTES !!! :D <3",2
2012-11-05T11:31:33Z,"vraiment bravo d'être venus si nombreux, continuez ",2
2012-11-04T11:35:11Z,c moi ou ils ont oublié pleins d'occasions de nantes en première période? :D,2
2012-11-04T11:07:41Z,FCN a VIE ♥,2
2012-11-04T08:22:18Z,"FC NANTES !! <3<3<3...
",2
2013-07-26T08:24:20Z,Cavani on t'attend !,6
2013-06-12T10:15:31Z,tout faux ,0
2013-05-31T20:59:35Z,^^,0
2013-05-31T19:59:53Z,par contre guingamp va pas durer ,0
2013-05-29T15:22:36Z,"sinon vous avez peut etre une chance si vous recruter un joueur a chaque poste :)
",0
2013-05-28T20:42:35Z,"c'est ce que je pense mais des fois, et comme dans tous les clubs, ya des supporters arrogant d'autre non et c'est difficile de faire la différence :)",0
2013-05-26T21:44:09Z,pcq tu crois faire quelque chose contre nous avec cette équipe??? seul monaco vaut quelque chose dans ceux qui sont montés :) ,0
2013-05-21T17:46:22Z,"aller nantais enorme l'erdre qui répondait a la loire bravo PARIS CES LA MISERE MISERE MISERE PARIS CES LA MISERE MISERE MISERE PARIS CES LA MISERE MISERE MISERE OH OH OH OHHHHHHHHHHHHHH
",0
2013-05-19T11:44:02Z,Vraiment content de vous revoir parmi l'élite! (de la part d'un supporter marseillais),5
2013-05-19T11:43:21Z,Ambiance de ouf pour une remontée fantastique ! ,2
2013-05-19T07:28:36Z,Enfin on remonte en L1. On arrive,1
2013-05-18T22:56:06Z,Yes Nantes ! Ligue 1 est à nous !,0
2013-05-18T22:38:25Z,"Cette ligue n'existe pas mon cher ami xDD
Ahh trop content que Nantes monte , l'année prochaine ça va être difficile , mais ce groupe a des potentialités !! :P",0
2013-05-18T22:36:49Z,On est en ligue 1 ! <3,1
2013-05-03T18:22:12Z,NANTES EN LIGUE 1 BORDEL !!!!!!!!,0
2013-05-03T15:41:28Z,Allez le SCO,1
2013-04-30T12:49:48Z,On a eu chaud quand meme en 1ere période. ,0
2013-04-30T09:16:33Z,Pourquoi dans ces vidéos à la fin le commentateur ne parle plus mais on montre pendant 1 minute les joueurs ?????????????????????????????,0
2013-04-30T09:13:04Z,Mois je vois monaco nantes et nîmes qui montent !,0
2013-04-28T16:05:50Z,Allez nantes on ira en L1,0
2013-04-28T13:56:15Z,"2 matchs à gagner et on sera en l1 ^^
Si les joueurs sont concentrés sa va le faire, surtout ki nous reste clermont, sedan et istres, c'est largement possible ( ;
Y a que caen ki peut nous empécher d'aller en l1 !!!",0
2012-12-02T15:34:47Z,"Match nuls et ils jouraient la monté la alors reflechissez avant de parlez, c t evident que ce match n allait pas etre si simple",0
2012-12-02T15:33:51Z,"Ils ont une bonne defense , le seul probleme est qu ils ne marquent pas assez, c les champions du match nuls, ils aurait marqués 5 fois de plus lors de leur",0
2012-12-02T15:32:44Z,"Vous réfléchissez avant de parler?  Niort est loin d etre une mauvaise equipe, c est une bonne equipe de ligue2 qui a reussi a chaque fois contre les grosses",0
2012-12-02T09:13:23Z,c vrai que faire 0-0 contre niort il faut vraiment le faire ^^ ALLEZ NANTES,0
2012-12-02T00:57:38Z,Ah on les entend moins les nantais là... ça taille Monaco quand ils font 1-1 contre Niort mais c'est pas mieux chez les jaunes xD.,0
2013-02-19T22:37:28Z,allez caen pour le match retour il faut les 3 PTS  ,0
2012-12-20T18:16:10Z,"C'est moi ou le temps change tout le temps ?
",0
2012-12-17T22:38:04Z,"Vivement le match retour amis Nantais, espérant que ce sera d'aussi bonne qualité que samedi !
Allez Malherbe !",0
2012-12-17T15:03:35Z,la joie de Michel fait plaisir pour une futur monter j'espere,0
2012-12-17T01:14:15Z,"Le Rush de Deaux a enflammé la beaujoire, c'était terrible !!",0
2012-12-16T14:06:26Z,"superbeeeeeeeee
on retrouvera notre place parmi l elite
un vrai club, pas un club d imposteurs comme rennes ou evian thonon gaillard, sans public et palmares",0
2012-12-16T12:46:17Z,lucas deaux omfg :o FCN <3 ,0
2012-12-16T11:20:11Z,allez les canaries tous avec vous !!! FCN for ever,0
2012-12-16T10:28:16Z,BIENTOT DE RETOUR EN LIGUE 1 ♥,0
2012-12-16T09:47:59Z,"Les frisson.. Et Lucas Deaux qui essaye d'en rajouter ! Vous êtes juste énorme..
#FCN!<3",0
2013-01-06T21:21:35Z,"lee <3
",0
2012-12-18T07:06:18Z,bravo la bretagne!,0
2012-12-02T19:56:09Z,"écouter la bourgogne pleurer !
",0
2012-11-25T18:12:39Z,Félicitation a Nantes pour cette victoire :) Compations d'un supporter Lensois ;) Nantes et Lens meilleur public de ligue 2 nous méritons la Ligue 1 :D ,1
2012-11-25T16:51:38Z,vite la ligue 1!,0
2012-11-25T15:35:25Z,...écoutez la Loire chanter !!!,0
2012-11-25T14:45:00Z,allez Nantes,0
2012-11-25T13:43:23Z,Allez nantes !!!!! Hé vous qui netes pas nantais !!,0
2012-11-25T07:17:28Z,objectif: LIGUE 1 ALLEZ LES CANARIS !!!!!,0
2012-12-12T12:07:43Z,"FFCCCCNNNNAAAA
",1
2013-04-24T12:50:29Z,Jespere vous voir en l1 lannee prochaine les nantais!! D'un lyonnais,1
2013-04-18T12:00:42Z,J'espère aussi allez Nantes et que Lens nous rejoigne la saison prochaine !!!,1
2013-04-16T23:25:36Z,Pourquoi la vidéo n'est pas commentée ?,1
2013-04-16T19:29:07Z,"J'espère que vous allez rester le plus longtemps en ligue 1, car vous l'avez bien mérité !, un supporter lensois
",1
2013-04-16T18:44:54Z,J'espère qu'il va y avoir la L1 au bout car cette année ça serai vraiment les boules de terminer 4 e,1
2013-04-16T18:20:03Z,GG les gars ! ,0
2013-04-16T17:07:56Z,alllllllllllllllllllllllllllllllllllllllEEEEZ NANTES <3<3<33<3<3<3333,0
2013-04-16T16:25:09Z,C'est saaaaaaaaaaa !!! ,0
2013-04-16T15:10:48Z,G vue le match la berri était nul,0
2013-04-16T10:31:33Z,"Allez Nantes Samedi RDV pour tous les supporter pour les 70 Ans
",0
2013-04-16T10:01:24Z,Allez on continue sur cette lancée :),0
2013-07-30T21:21:17Z,merci riou !,0
2013-07-08T20:47:10Z,Fcnantes-3,0
2013-05-24T12:00:51Z,"
						
	

Site officiel	
fcnantes.com     FC Nantes TV     Boutique     	
 
Saison
 
Formation
 
Club
 
Fan Zone
 
Evénements
 
Billetterie

















 


	
20 mai 2013     

Pros : L'agenda avant FC Istres - FCN


Le programme de la dernière semaine d'entraînements des Canaris, avant le déplacement à Istres, vendredi 24 mai, en 38ème journée de Ligue 2.

L'agenda du 20 au 24 mai 2013

Matin	Après-midi
Lundi	 	 
Mardi	 	
Mercredi	 Entraînement
10h00 	 
Jeudi	Entraînement
10h00	
Vendr",0
2013-05-17T19:10:46Z,Victoire des Canaris contre le cours du jeu...,0
2013-05-17T19:03:11Z,Les matches du lundi soir ne sont jamais commentés,0
2013-05-16T09:21:19Z,"ça plaisir de revoir Nantes et la beaujoire en ligue 1, même si c'est pas encore fait (presque)^^",2
2013-05-15T19:39:28Z,beau but quand même!,1
2013-05-14T21:19:17Z,ALLER NANTES,0
2013-05-14T21:18:50Z,Jsui deg il y a plus que des places à 25 euros prix Nantes vendredi soir :'(,0
2013-05-14T20:56:11Z,Faites nous rever Vendre contre Sedan à la Maison on sera 36000,0
2013-05-14T19:19:28Z,"caen va monter en ligue 1 l'année prochaine et le stade était plein 
",0
2013-05-14T18:17:22Z,"On ne méritait pas de gagner ce match au vu du niveau de jeu de toute manière, par contre faut arrêter les ""pénalty scandaleux"" et autres, c'est bien d'être chauvin mais bon, qu'on dise ""pas évident"" je veux bien mais quand tu vois le ralenti, c'est clairement nangis qui dévie le ballon du bout du pied droit et non le nantais, juste histoire de rétablir les faits ;)",0
2013-05-14T16:46:13Z,"Trop cool, allez Nantes!",1
2013-05-14T16:19:01Z,Superbe but de Nantes et le dégagement de Riou sur le but est d'une précision extrême !!! Allez Nantes ! On est presque en ligue 1 !,1
2013-05-14T15:55:14Z,Allez Nantes! #ligue1,1
2013-05-14T15:13:44Z,Bientot Nantes en L1 ! :D,1
2013-05-14T11:33:30Z,ou est passé le commentateur ? Allez le FCN,1
2013-05-14T10:39:56Z,Gfca... Veilex revient ...,0
2013-05-14T10:09:01Z,pénalty scandaleux mais justice a été faite ! cet arret de remi vaut de l'or ! ,0
2013-01-14T19:50:20Z,"ALLEZ NIMES !!!
",1
2013-01-13T14:02:14Z,J'espere que ce match fut une erreur...,1
2013-01-12T21:57:18Z,Madouni a vraiment été mauvais hier soir :/ Mettre gabi à gauche au lieu de le mettre dans l'axe :/,1
2013-05-19T10:29:22Z,"alors le sco on reste en ligue 2 mouahahah tu veux des mouchoirs??
",0
2013-04-28T10:33:24Z,A nous la ligue 1 mon pote personne nous arretera en plus ce week ont a fait ce qu'il faut,0
2013-04-27T22:45:29Z,"aha on est juste a 6 point de vous , jdis sa jdis rien ",0
2013-04-27T11:09:22Z,3-0 contre Nimes ça fait mal pour vous non ?,0
2013-04-27T10:22:09Z,"Gagner 2-0 contre nous c'est bien, mais si derrière vous montez pas, ça sert à rien.",0
2013-04-26T09:34:30Z,"le sco et le fcn en l1 ! Allez les canaris !!!
",0
2013-04-25T11:45:36Z,2-0 à jean-bouin ça fait mal mes petits canaris,0
2013-04-25T11:44:37Z,La montée pour le SCO,0
2013-04-25T11:44:22Z,SCO champion,0
2013-04-25T11:43:53Z,Allez le SCO,0
2013-04-21T15:54:11Z,"Deviens arbitre qu'on t'insulte aussi. Tu verras, c'pas facile. Toi tu seras pas une blague, mais un sketch. ",0
2013-04-21T12:08:00Z,"Y'a même pas péno à la base donc si on gagne sur ce péno c'est pas normal. Après voilà dégouté mais parle pas du péno injustifié..
",0
2013-04-21T09:00:58Z,"Ce coup franc forireux d'Haddad... Ce péno de Filip... Ce face à face d'Aristeguieta... l'action collective ou Eudeline se loupe... Malchanceux level 100
",0
2013-02-24T13:20:19Z,D'autant plus que le HAC est une tres bonne equipe,0
2013-02-24T13:15:46Z,"Dsl mais quand le peno est arrive Nantes dominait depuis 5 minutes ;) Et apres ils ont parfaitement gere leur match contrairement a ce que beaucoup disent ! C'est pas si facile de battre une equipe qui joue a 10, demandez aux lensois !",0
2013-02-24T12:42:59Z,Heureusement que Michel Der Zakarian a gueulé à la mi-temps :3,0
2013-02-24T10:40:20Z,en ce moment la défense peine on perd notre statut de grosse défense,0
2013-02-24T09:42:57Z,"Tu as tout à fait raison ;)
Bien que en 2e mi-temps ça c'est grave amélioré :3
",1
2013-02-24T08:18:55Z,"""les nantais dominent"" Heu non ^^ sur le coup on c'est fait dominé par une bonne équipe du Havre... Sans le carton rouge de Rivière, c'étai défaite ou nul sur le match ^^'",0
2013-02-24T07:52:18Z,Allez Nantes !!,0
2012-11-12T16:41:10Z,lololololololol,0
2012-11-11T14:43:35Z,"fcn en ligue 1 !!
",0
2012-11-10T23:02:12Z,Nantes grand club pour toujours,0
2013-06-07T18:47:16Z,on est trop fort,1
2013-05-17T21:17:07Z,pff ;(,1
2013-05-16T19:58:36Z,ou pas !! mais nantes oui XD,1
2013-04-08T16:55:29Z,Gg Angers,1
2013-04-07T18:19:12Z,"Bref, on est redescendu sur Terre.",1
2013-04-07T17:13:18Z,Le SCO en ligue1 !!!!!,2
2013-04-07T10:56:09Z,"c sur c sur, la victoire n'est pas volé.",1
2013-04-07T10:07:12Z,enfin la victoire  n est pas volé,1
2013-04-07T07:51:45Z,"Déjà qu'on était dégueulasse sur le terrain, il avait pas besoin de mettre un rouge là-dessus, ya absolument rien, il joue la balle. Djilobodji je peut vous dire qu'il en a mis des plus gros à la Beaujoire. Bref on a été nul et l'arbitre ne nous aide pas beaucoup pour notre fin de saison parce qu'on a plus aucun de nos defenseurs centraux.",1
2013-04-07T07:48:09Z,Déjà qu'on était,1
2013-04-06T22:50:20Z,"très bonne perf des Angevin !!! 
",1
2013-06-01T21:48:02Z,"2:59, quelle belle image ;) Allez Dijon, la ligue 1 c'est pour nous l'année prochaine !",0
2013-04-06T18:12:29Z,Ferme ta gueule ,0
2013-03-30T11:34:44Z,Allez Dijon ! xD,0
2013-03-29T15:12:55Z,"Bien dit et ALLER DIJONNNNNNNNNNNNNNNN
",0
2013-03-24T15:05:39Z,"Rémy Riou très très bizarre sur les buts.. Trop avancé, nonchalant... Ca cache quelque chose.",0
2013-03-22T16:07:22Z,"le terrain n'y peu rien car la greke est tombée 30 minutes avant le coup d'envoi comment voulez vous qu'il s'occupe du terrain a temps ?

",0
2013-03-22T15:14:11Z,"Allez l'OL !
Bravo à Dijon.",0
2013-03-22T08:11:45Z,"Ce n'est pas le terrain bande d'inculte qui est nul !
Ce sont les conditions climatiques.. comment voulez vous que après un orage ou y est tomber 2cm de grêlons que le terrain soit jouable ?! 
Le terrain a été refait y a pas longtemps pour la Ligue 1 donc y a un an même ... 
Et les supporters pour info , en L1 on a été premier du championnat des tribunes l'an dernier, autant par le remplissage que par l'ambiance, avant de parler svp cultiver vous ... MERCI ALLEZ DIJON !",0
2013-03-20T07:36:06Z,Déçu du FCN mais il fait avouer que Dijon a proposé un beau spectacle sur un terrain catastrophique!,0
2013-03-19T20:17:04Z,Terrain nul !,0
2013-03-19T19:54:49Z,"3 but en 10 minutes franchement epic allez dijon
",0
2013-03-19T18:22:43Z,Pape Paye........,0
2013-03-19T17:48:06Z,"Putain je suis dèg' xD
Bien ouèj dijon ;)",0
2013-03-19T17:00:15Z,"sinon terrain super glissant lol
",0
2013-03-19T15:20:33Z,"allez dijon on passe en ligue 1
",0
2013-03-19T12:04:15Z,Pourquoi ?,0
2013-03-19T11:20:50Z,"pauvre france (en football , mais pas que ça )",0
2013-04-09T15:21:08Z,Ou elle rentre la balle ? ,0
2013-04-05T19:38:23Z,stylé le parcage lors du but!,0
2013-04-02T21:43:42Z,Le ballon est rentré sur la dernière occase? Lol tu ne dois pas avoir le même opticien que nous tous,0
2013-04-02T19:49:02Z,"80 ans que Monaco est la et jamais personne n'a rien dit, quand ils sont descendu en L2 pareil tout le monde s'en foutait, mais maintenant qu'il y a de l'argent et qu'ils vont remonter en L1 tout le monde flip et veut leurs mettre des batons dans les roue je trouve sa scandaleux. ",1
2013-04-02T16:17:12Z,"Voila 2 belles équipes qui retrouveront la ligue 1 si monaco peut jouer en france la saison prochaine...car on peut avoir le plus gros budget de ligue 2 et un propriétaire milliardaire, si Monaco n'installe pas son siège en France, l'argent ne servira à rien (pour une fois)...",0
2013-04-02T14:34:05Z,"Et pour se qui est du score pour moi il est logique, Nantes n'a pas dominer pas plus que Monaco n'a dominer, les 2 équipes on eux leurs temps forts pendant le match et pour moi c'est un résultat logique, aucune des 2 équipes ne méritait de gagner se match ni de le perdre. Et puis pour se qui est de l'arbitre oui il a été mauvais mais il n'a favoriser aucune des 2 équipes, au contraire du match aller... ",0
2013-04-02T14:30:19Z,"Destructordark13 tes sérieux quand tu dit que tu a pas entendu les supporters monégasque ?? Tu devait pas être a coter alors. J'y était dans la tribune monégasque et on a chanter tout le match même 1h avant le cou d'envoie on été déjà a se casser la voie. Par contre les Nantais il y a que la brigade loire qui a chanter tout le long du match, les autres se sont réveiller seulement a l'ouverture du score et se sont tait a l'égalisation. ",0
2013-04-01T19:21:52Z,nantes méritait LARGEMENT la victoire et j'y étais l'abitre est nul et le gardien monégasque un gros connard il a du gagner 4 minute a lui tout seul!,0
2013-04-01T16:13:33Z,perso monaco a bien jouer mai jtrouve ke nantes a mieu jouer plusieur foi j'ai cru qu'il y avai but il y a eu plus d'ocaz de la part de nantes sans oublier le poto la denriere action aie aie aie putain on devait le gagner ce match,0
2013-04-01T15:24:33Z,"J'y étais aussi et on a pas vu le même match,on vous bouffe pendant le premier quart d'heure et en 2e mitemps!!! la prochaine fois fais là en français ta phrase aussi ;)",0
2013-04-01T15:22:31Z,"Tu manques d'objectivité,les deux équipes ont eut leurs temps forts,et des occasions franches,l'arbitrage a été bon,le but n'est pas rentré(clair sur la vidéo),et le péno si tu regardes la réaction de Djordjevic avec notre défenseur après l'action tu comprends qu'il a tenté le coup.Et puis t'as bon dos de critiquer un arbitrage qui t'avais fait gagner le match à l'aller,si ça avait été pareil tu te serais surement suicidé....",0
2013-04-01T14:28:09Z,"Et le penalty de Djordjevic !!! :o
",0
2013-04-01T11:11:42Z,"Et arretez de dire que Suba gagnait du temps, j'y etais au stade et vous l'avez sifflé 2 fois quand il prenait son temps or il y avait a chaque fois des changements.. vous avez été minable, on ne vous a pas entendu. On entendait que vos 2 tambours (qui ont été très fair play EUX !) et quand on voit le match aller je crois que vous plaindre est se foutre de la gueule du monde ! 
",0
2013-04-01T11:05:37Z,Monaco a été minable ? Mais vous vous êtes vu supporters Nantais ?? mdr,0
2013-04-01T10:15:51Z,"j'avais envie de l'arracher Subasic ^^

",0
2013-04-01T07:54:20Z,Nantes et Monoco méritent la LIGUE 1 !!!,0
2013-03-31T20:00:21Z,Les Nantais méritait sérieusement et le gardien de Monaco nous provoquai en Loire donc on ses fait voller encore par larbitre,0
2013-03-31T15:40:24Z,"Chacun son tours :D
",0
2013-03-31T13:08:47Z,ALLER NANTES ! (arbitre de merde sur le match),0
2013-03-31T12:13:18Z,en tout cas sa fais plaisir de voir un match comme avec de l'ambiance aussi belle bravo a vous nantes et bravo au supportaire qui on fais le deplacement  Allez MONACO,1
2013-03-31T12:11:27Z,ba c'est cool sa fais 1 partout niveau arbitre de merde regarde la match allez :) ,0
2013-03-31T11:51:34Z,petit rageur  ,0
2013-03-31T11:22:20Z,"On reparle du match aller ? C'etait exactement ce que tu viens de dire mais pour Monaco, 1-1 partout sur l'arbitrage de merde !",0
2013-03-31T11:20:38Z,"Quel match et surtout le début , ça fait du bien de voir ce genre de match au parfum de L1 , Bien joué aux deux équipes 

Et Ocampos qui fêtent ce but avec les supporters la classe ^^

Daghe munegu <3 ! ",0
2013-03-31T09:57:18Z,"La balle rentre pas sur la dernière occasion, stop de dire des conneries. Surtout pour ceux qui étaient en Loire en bas, on l'a tous vu, il est sur la ligne.
Même si elle rentre un TOUT PETIT PEU c'est pas valable.

Par contre, un péno aurait pu être sifflé sur Djordjevic, c'est sûr.. =|",0
2013-03-31T09:38:02Z,Allez Nantes ! J'y étais au match mais le gardien de Monaco faisait de l'anti-jeu et l'arbitre était nul le premier quart d'heure,0
2013-03-31T09:09:57Z,"Avec l'angle de la caméra on ne voit pas bien mais le ballon doit être rentré intégralement pour qu'il y ait but et là ce n'est pas le cas. Et quel que soit le scénario et le niveau de jeu de Monaco, le résultat est 1-1 et c'est ce qui va faire d'eux le champion de Ligue 2.",0
2013-03-31T09:06:48Z,Arbitre de merde qui a refusé un but de Nantes et n'a pas sifflé un pénalty parfaitement valable et en plus il met un carton pour simulation !!!!!!!!!!!!!!!,0
2013-03-31T08:26:31Z,"Monaco ont été minable sur ce match.
Leur gardien intolérable a gagner tout le temps du temps.
Et l'arbitre ... la balle est rentrer sur la derniere occase 
  ",0
2013-03-31T07:54:45Z,Mais quel beau match ! quel intensite de jeu ! mais que font ces 2 équipes en L2 !!,0
2013-03-30T23:05:42Z,Nantes en L1!!!!,0
2013-03-30T23:01:10Z,ALLEZ NAAAAAANTES ! ♥,0
2013-03-30T23:00:45Z,Preums,0
2013-01-12T10:50:43Z,"c'est quoi ce montage qui ne montre quasiment que les occases Nantaises, alors que Sedan en as eu beaucoup plus que ca 
",0
2013-01-09T15:35:27Z,Nantes en l1,0
2013-01-03T21:36:16Z,Réécoute je te dis ou met plus fort parce que y'a un truc quiva pas chez toi...,0
2013-01-03T10:23:26Z,2:45 c est Adrien Trebel et pas Yoann ,0
2013-01-01T13:34:10Z,Ben mon pauvre réécoute...,0
2012-12-29T11:58:47Z,Il a dit : Adriane ( écrit sous la prononciation ou Adrien si tu préfert ) Trebel .,0
2012-12-26T08:46:01Z,Bien le pénalty oublié ?,0
2012-12-25T21:43:20Z,"""avec ce centre de Yoan Trebel"" Il s'appelle Adrien Trebel*",0
2013-03-01T12:03:20Z,Vive le toursfc,0
2013-01-29T19:46:24Z,"faut rien lâcher allé FCN !!!

",1
2013-01-28T23:22:28Z,encore un effort les jaunes!!!! on y est presque,1
2013-01-27T18:07:47Z,Je me suis vu Fcn <3,0
2013-01-27T16:30:58Z,vive le FCN !!!!!!!!!!!!!!!!!!!!!!!!!,0
2013-01-27T10:04:33Z,"super les canaris ! ♥
",1
2013-06-08T18:15:19Z,"Supporter du PSG, je suis très heureux du retour de Nantes et Monaco en L1 ! N'en partez plus maintenant ! :-) Bonne saison prochaine ! ",0
2013-05-18T15:33:45Z,yep coup franc indirect,0
2013-05-08T23:29:34Z,Il fallait garder keseru,0
2013-05-08T16:09:10Z,"Je félicite clermont pour son anti jeu, je n'ai jamais vu une equipe de foot qui ne veux pas jouer au foot! chateauroux n'est pas mal non plus",0
2013-05-08T15:55:09Z,"un coup franc dans la surface de réparation à moins de 10 mètre du but ?
",0
2013-05-08T13:06:50Z,J'crois pas non,0
2013-05-08T12:08:00Z,"Bah ouais mais ils ont perdu !!!! C'est ballot, cà ... Allez SCO !!!!!",0
2013-05-07T15:56:27Z,J'étais au match en loire je te signal donc avant de parler renseigne toi...,0
2013-05-07T12:19:38Z,Allez les Nantais on vous attend à Caen de pied ferme ! ;) Bonne chance et que le meilleur gagnent ! ,0
2013-05-07T11:21:03Z,Aller Nantes reste 3 journées faut la ligue 1 !,0
2013-05-07T10:43:46Z,"Regarder les stats Nantes a grave dominé ils auraient mérités de gagner --' 

Allez Nantes ! <3",0
2013-01-21T20:29:27Z,"Belle excuse le terrain, MDZ aurait mieux fait de se taire. Le terrain est le même pour les deux équipes.
Pour votre gouverne, plus de 30 techniciens de la ville étaient mobilisés pour que le match ait lieu...

ps: La région des PDL ne peut pas subventionner tous les clubs de la région !",1
2013-01-21T01:01:15Z,s'ils vous plait prenez pas le terrain comme excuse de se match nuls car c’était le même problème partout en France pas pour autant que tout les matchs se sont conclus sur des 0-0 ^^ sur se bravo au lavallois qui vienne de faire de match nul au 2 premiers ^^,1
2013-01-20T14:38:56Z,C'est quoi ce terrain.. Pire qu'un terrain de district ! ,1
2013-01-20T09:20:23Z,C'est *,1
2013-01-20T09:20:01Z,Super vive les terrains de L2 sérieux nantes aime bien avoir le ballon avec une pelouse pareil inceste impossible de bien jouer avec le ballon,1
2013-01-20T08:13:45Z,Quel idée de jouer sur des terrains gelés....,1
2013-03-23T15:53:12Z,Pouce vert si vous aimé le stade lavallois !! ,0
2013-03-23T15:51:21Z,ALLEZ LAVAL!!!!!!!!!!!!!!!,0
2013-03-14T20:00:15Z,c'est raphael romey pas loic romey,0
2013-03-11T17:29:26Z,Supporter nantais Rendez-Vous tous pour FCN-Monaco ! :) Allez Nantes !,0
2013-03-11T10:52:20Z,"Remontez en ligue 1, ça manque la Ligue 1 sans vous!!",1
2013-03-10T21:46:22Z,"Allez Nantes, Ligue 1 on arrive !!!!!! Allez Nantais, allez !!!!!",0
2013-03-10T13:18:13Z,J'étais au match superbe ambiance :) vive nantes,0
2013-03-10T09:48:39Z,Nantes je veux absolument en Ligue 1 c'est les meilleurs ( De la part d'un supporters Marseillais ) ,0
2013-03-10T01:18:51Z,Très jolie la fille à 3 mn 10 ! si tu vois ce message contacte moi ! :),0
2013-03-10T00:52:14Z,Allez Nantes!!! on vous aimes ! ♥,0
2013-03-10T00:04:00Z,Aller les Jaunes !,0
2013-02-12T11:44:23Z,"Si l'arbitre est bien placé, le hors jeu est évident, les joueurs sont tous dans le même paquet alors un T-shirt jaune qui sort du bleu est plus visible que si les 2 joueurs en questions sont opposés.",0
2013-02-10T11:56:44Z,J'ai quand même un but our le but de caceres et pour celui d'aristeguieta (en 2nde période),0
2013-02-10T08:12:46Z,match nul Oo ,0
2013-02-10T07:56:33Z,Après l'OM Je suporte Nantes completement pressé de les retrouvés en L1 <3,0
2013-05-25T12:06:05Z,On est en ligue 1 ! :D,0
2013-02-20T12:43:32Z,c'est nul c'est match avec que des coup de pied arreté,0
2013-02-20T10:48:07Z,Bravo guingamp ! être à vos côtés pour la montée serait génial =),0
2013-02-19T19:35:37Z,Un tacle c'est plus grave qu'une gifle ? Même devant l'arbitre ? ,0
2013-02-19T19:01:06Z,Ou le rouge ? Et Djordjevic' ? ,0
2013-02-18T11:41:02Z,ligue 1 nous voila !!!!! MERCI GUINGAMP ,0
2013-02-17T08:31:02Z,"Quelle match
Bravo a Guingamp pour le retournement de situation",0
2013-02-17T07:35:53Z,pete les couilles...,0
2013-02-17T07:28:08Z,Manque le rouge sur Imbula et le hors jeu de fauré :),0
2013-02-17T03:35:17Z,...,0
2013-02-16T23:12:01Z,Beau match de la part des 2 équipes ! Allez Guingamp !!,0
2013-02-16T23:07:30Z,"Fait chier...
",0
2013-04-28T19:52:48Z,Marko Basaaaa,0
2013-05-24T03:41:57Z,"Ça fait toujours plaisir d'entendre Monsieur Laurent Guyot. J'espère de tout cœur que nous le reverrons un jour du côté de la Jonelière ;) 
Sinon grosse ambiance ouais. Un public vraiment exceptionnel privé pendant trop longtemps du haut niveau.",0
2013-05-18T20:54:59Z,Une vraie ambiance :D,0
2013-06-08T12:02:23Z,"Belle mentalité vos joueurs , pas beaucoup d'équipe font sa ;)",0
2013-05-31T15:36:15Z,les joueurs respecte beaucoup leurs supporters ,0
2013-05-20T23:27:51Z,issa nissa suit heureux peu importe le classement moi jvai o stade ke pour l ambiance chanter jmen bat les couille du match surtout en deplacement ou la tu dois te dechirer la voix      men batti sieu nissart     pilhas gardas sieu nissart ,0
2013-05-20T23:23:38Z,MDR TON COM    mais  nous ont est ultras nissart j usqua la mort ,0
2013-05-14T15:55:04Z,franchement ya des suportere franchemant qui font honte la c est pas parceque il ont perdu un match que c est la fin du monde l annee derniere on en perder a la pelle et tu nais tu vis tu meurs avec l aiglon au fond de ton coeur peu importe le resultat alors si vous voulez gagner tout vos match alors suportez paris !,0
2013-05-13T21:57:20Z,PERSONNE COMME NOUS,0
2013-05-13T21:25:41Z,"ARRETEZ AVEC VOS CRITIQUES DE MERDE LA SERIEUX . C'esr pas magnifique ce quils nous font ?????!!!!!!  6me vous realisez ??? Meme sans ca , meme en Cfa 2 ou en Dh m'en Bati sieu Nissart ...",0
2013-05-13T20:21:17Z,En même temps ils ont que sa a donné vu le match qu'ils ont fait ...,0
2013-03-06T13:03:54Z,FCNANTES,0
2012-11-25T12:19:46Z,"Hmmm....Pas avec la nomination de Sikora ;)
",0
2012-10-11T16:12:56Z,"Sur le premier but il y a hors jeu, même si le joueurs est en dehors du terrain, il doit y avoir hors jeux, dans ce cas l'attaquant va derrière le but adversaire et on lui balance le ballon et il vient le récupérer et se retrouve face à face au gardien !",0
2012-10-04T19:09:34Z,"a la 13.47 , mais que fait le coter droit de la tribune loire ??? a quoi sa sert de venir en loire si c'est pas pour chanter bordel !!!!!!!!",0
2012-09-30T09:49:15Z,"merci pour tes vidéos du FC Nantes a chaque match j'attend tes vidéos :) 
Il faut continuer comme ça et surtout ramener plus de monde en Loire :) 
Encore merci :D ",0
2012-09-30T09:11:52Z,"Elles sont cool tes vidéos, merci Cyril :)",0
2012-09-30T08:59:12Z,"bien jouer a Nantes , j'espere que le stade sera bien rempli prochainement avec cette large victoire, et espere que lens redevient un meilleur niveau car la cela ma completement choqué . ",0
2012-09-30T08:50:02Z,"encore une superbe video, merci et continue comme ça ! :-) Aller le FC Nantes <3",0
2012-09-30T08:40:43Z,"C'est sur que la Hola de la Beaujoire c'est pas la Hola du SDF mais c'est un bon début x)

Magnifique match des canaris face à des lensois pire que désabusés... Et Filip Djordjevic <3... La L1 nous tend les bras à chaque match !",0
2012-09-30T08:28:46Z,Les supporter lensois ne mérite pas sa ! Mais bon c'est le foot !   ,0
2012-09-30T08:07:50Z,"J'y était vraiment une bonne ambiance !!
",0
2012-09-30T07:30:22Z,"superbe match, j'etais en présidentielle ^^ c'était la 1ere fois que je voyais nantes marqué plus de 2 buts ^^",0
2013-05-19T14:53:05Z,On ne peut pas en vouloir à Lucas après la saison qu'il a fait.,0
2013-05-18T12:01:33Z,Bravo a vous FCN♥,0
2013-05-18T00:37:45Z,"On voit d'où est venu la sur-excitation de Lucas. Héhé, super bon d'avoir des joueurs aussi nature.

Merci les gars et merci Lucas pour ta très belle saison !",0
2013-05-17T21:44:32Z,Bravo lucas deaux beau geste,0
2013-05-17T17:57:11Z,sa me douche bocoup mersi ,0
2013-05-17T17:56:44Z,mersi les ga ! ,0
2013-05-06T20:52:41Z,"@darkchip91 t'es con ou quoi Ribery il est pas arabe il est musulman. C'est pas la même chose. Un exemple connu : Gad Elmaleh est arabe (marocain) et juif. Comme Ribery est français et musulman. 
Ignorant !",0
2013-05-04T01:52:46Z,sure! you must be like Brad Pitt right?,0
2013-05-03T16:06:14Z,Jolie geste.,0
2013-05-03T12:19:01Z,"Son frère muslim,et encore un qui confond arabe et muslim,achètes des livres...",0
2013-05-03T12:06:27Z,"PEDOPHYLE !!!!!! il ta niqué suuur 
",0
2013-05-03T11:48:07Z,"Quel geste symbolique, je n'ai qu'un mot à dire ""peace""",1
2013-05-03T11:23:31Z,Ribéry pédophile! Ribéry pédophile! Ribéry pédophile! ,0
2013-05-03T10:32:13Z,Ribery c'est un type sympa ,0
2013-05-03T09:57:59Z,Pk ta supprimer mon cons?,0
2013-05-03T09:44:03Z,Sa c'est un vrai joueur de foot,1
2013-05-03T09:22:02Z,Son frère arabe alors ....,0
2013-05-03T02:29:16Z,je sui le seul qui a entendu ke c son frere ??,0
2013-05-03T02:04:15Z,cool,0
2013-05-03T01:02:14Z,Cool,0
2013-05-02T23:18:28Z,C classe se qu'il a fait bravo ribery,0
2013-05-02T22:59:09Z,La classe !,0
2013-05-02T22:39:34Z,C'est vrai que dans le jeu il est quand même très bon !,0
2013-05-02T22:20:59Z,Oui je sais bien ce qu'est un streaker on me l'a assez dit dans les commentaires ^^ C'est juste que c'etait plus simple de l'appeler comme ça ,0
2013-05-02T21:35:27Z,Enfin on retrouve notre Ribéry,0
2013-05-02T21:35:04Z,un streaker est quelqu'un de nu. beau geste franck,1
2013-05-02T20:42:26Z,"La classe.
",0
2013-05-02T20:26:40Z,Grande classe,0
2013-05-02T18:11:25Z,he remain still ugly as shit,0
2013-05-02T18:01:28Z,Belle opération de com' Francky !,1
2013-05-02T16:54:40Z,Bravo Franck c'est ça aussi être un grand joueur !! ,0
2013-05-02T16:42:39Z,Aumoin sa fait un heureu,0
2013-05-02T16:28:35Z,Tout simplement cool!,0
2013-05-02T16:10:59Z,"un humain dans le football
",0
2013-05-02T15:46:48Z,quelle classe de Francky !!!,0
2013-05-02T14:55:07Z,"magnifique un homme avec un grand HHHHHHH
",0
2013-05-02T14:14:22Z,Je m'en tapes qu'il est parles pas francais comme un coincé du cul de literaire . Ce mec en a ! ,0
2013-05-02T13:57:40Z,Ribery merci frère !,0
2013-05-02T12:56:14Z,"Mentalità, tutta questione di MENTALITA'. 
Solo rispetto.",0
2013-05-02T09:15:09Z,Bravo Mr Ribery !,0
2013-05-02T00:33:59Z,Respect for Ribery!!!!!,1
2013-05-02T00:15:12Z,"C'est pas ça un streaker.

Beau geste sinon.",1
2013-05-02T00:03:29Z,Francky BO 2014,0
2013-05-01T23:50:35Z,no sound?,0
2013-05-01T23:22:17Z,Ribédieu ballon d'or,0
2013-05-01T22:54:14Z,"Beau geste, mais ça risque d'encourager les streakers.",0
2013-05-01T22:47:21Z,Che grande uomo !,0
2013-05-01T22:35:00Z,marine le pen va t'elle contacter les médias pour en parler ?,1
2013-05-01T22:28:56Z,LEGENDARY,0
2013-05-01T21:57:57Z,AHAHAHA ils veulent le chopper pour le tuer... lol,1
2013-05-01T21:54:33Z,Ballon d'or,0
2013-05-01T21:51:55Z,"Bravo Francky , c'est cette mentalité qu'on veut voir ! ",0
2013-05-01T21:41:18Z,C'est beau,1
2013-05-01T21:38:31Z,Énoorme,0
2013-07-14T17:16:23Z,franchement il a juste perdu le ballon et a voulu le récupérer,0
2013-07-11T17:03:18Z,non,0
2013-07-11T10:53:50Z,"la troisieme est de trop


",0
2013-06-23T13:19:27Z,Nique l'om,0
2013-06-11T13:39:09Z,abonner vous sur ma chaine svp,0
2013-06-10T22:27:10Z,"Voilà, la preuve que les parisiens sont des trous du cul, et vive l'OM !
",0
2013-06-08T09:31:16Z,sirigue estparfois bizzard,0
2013-05-30T15:55:48Z,incroyable n'a pas que le sens de formidable ;),1
2013-05-28T08:33:39Z,"arret de chanceux
",0
2013-05-03T18:59:39Z,moa osi jèm ton ortograf !,0
2013-04-17T11:14:30Z,Sirigu est fou...Si il s'etait pris un but il n'aurait plus joué pendant longtemps,0
2013-04-16T13:30:38Z,ses nul ,0
2013-04-15T10:56:45Z,"c est pr ca que je l aime !!!
",0
2013-04-14T19:02:09Z,Pourquoi ne pas dégager tout de suite ?,0
2013-04-14T15:38:13Z,"c'est clair
",0
2013-04-14T11:03:47Z,"Incroyable ne signifie pas forcement ""bonne"" ou ""réussie"".
Dans ce cas de figure c'est plutôt ""difficile à croire, car inutilement risquée""",1
2013-04-13T16:07:28Z,il est cxn ou quoi ???? o_O,0
2013-04-13T15:56:16Z,"Ne chercher pas d'excuses là ou il n'y en a pas tout joueur fais avec le stress, il a voulu faire le dribbleur, le libéro et il s'est rater, point à la ligne, faut pas chercher midi à quatorze heure.",0
2013-04-13T10:01:44Z,Sirigu : YOLO,0
2013-04-12T01:56:05Z,"Une petite simulation bien placé du joueur de Rennes lorsque sirigu le tacle, les Parisiens finissent le match a 10.",0
2013-04-11T18:40:08Z,sa c du gardien les jaloux nont qua bien se tenir,0
2013-04-10T17:03:49Z,"Bartez aurai gérer x)
",0
2013-04-10T15:32:45Z,sete fois c'est  le cul qui sauve!!,0
2013-04-10T10:58:18Z,"il aurait dû dégager après le premier crochet, il a largement la place, au lieu d'aller s'enfermer dans le corner à 20 m de son but!
",0
2013-04-10T07:43:26Z,il es fou oui !! ,0
2013-04-10T07:23:35Z,"Un peu con se gardien,:D",0
2013-04-10T06:05:44Z,"ils viennent de decouvrir le foot a Paris, olmeta fesaient les mêmes sorties ( et même bien pire ) il y a plus de 15 ans , c est peu dire que celle la n a rien d incroyable ...",0
2013-04-09T21:11:13Z,"Perso j aime , il a tenté et on c est pas pris de but . C était hasardeux mais il a eu les couilles ",0
2013-04-09T12:12:33Z,sirigu  ces pris pour un dribbleur lol,0
2013-04-09T11:44:12Z,"la sortie la plus drole que j'ai vu depuis lonnnngtemp. sa faisait longtemps que j'avais pas autant rigolé en regardant un match, merci Salvatore!! ",0
2013-04-09T06:44:46Z,"Pas incroyable dans le sens qu'elle était belle. Incroyable qu'il fasse ça justement, une sortie aussi hasardeuse et dangereuse. D'ailleurs dans la description c'est dit, ""Sirigu tente une sortie très hasardeuse"". ""incroyable"" c'est pas forcément mélioratif :p",0
2013-04-08T22:09:16Z,"J'ai beau ne jamais commenter sur YouTube, je serai toi je réfléchirai à deux fois au sens du mot "" incroyable "" avant de critiquer le titre de la vidéo. Incroyable = Pas croyable, cette sortie est donc incroyable, et toi à coté de la plaque :) ",0
2013-04-08T20:29:28Z,SIRIGU = FIFOU !,0
2013-04-08T19:53:34Z,non c'est une passe au pied d'un de ses coéquipiers.,0
2013-04-08T18:59:30Z,Paris Super Grand,0
2013-04-08T16:25:34Z,Il a jamais eu de balle dans les pieds ou quoi?,0
2013-04-08T14:56:16Z,Nan mais n'importe quoi ! Vous vous faites payer combien pour mettre ce genre de vidéo alors que vous n'en mettez point pour les autres clubs ? Décevant ... C'est pas du tout un exploit __',0
2013-04-08T13:27:42Z,Haha amazing :D,0
2013-04-08T11:54:32Z,"Les deux premiers dribbles sont parfait, il ne peut faire autrement. Si, à ce moment là, il dégageait de son pied gauche, c'était magnifique. Sauf que Neymar s'est emparé de son corps, et l'a poussé a dribbler un troisième joueur de manière téléphonée.",2
2013-04-08T08:30:54Z,si il peut la degager en touche direct mais il veut relancer proprement et comme il est fier il s'obstine mais on le kiffe comme il est sirigu c'est un excellent gardien et meme la il arrive a pas prendre de but,1
2013-04-08T08:30:02Z,dommage on a encore gagner ;),0
2013-04-07T23:39:32Z,"J'ai beau supporter le PSG, cette sortie n'a rien d'incroyable, je lui aurais gueulé dessus à la place d'Ancelotti.",0
2013-04-07T22:54:01Z,Rageux. ,0
2013-04-07T22:39:53Z,"Ils auraient mérité de prendre un but, tiens.",0
2013-02-07T22:49:14Z,"loooool . Valbuena <3  Like a boss :D  
",1
2013-07-25T14:35:23Z,olympiakos ,0
2013-05-17T22:03:04Z,viva algeria !!!,0
2013-05-03T00:51:41Z,7ala 3lih ,0
2013-05-02T14:50:13Z,"hhhhhhh 7/0 bravo bayern skara f el barca 




",0
2013-05-02T14:12:24Z,في الثانية  0:33    يقول ٠والله٠ والشاب جزائري ٠كم انت كبير يا بلال,0
2013-05-02T13:44:06Z,salem ca te dis de faire ma connaissance??,0
2013-05-02T13:19:30Z,hhhhhhhh mdrr  je viens  de le faire,0
2013-05-02T13:17:50Z,hhhhh  walah  je me disais  hada maykoun  ri  algérien  :p,0
2013-05-02T12:08:18Z,المشجع اللي نزل للملعب جزائري مقيم باسبانيا,0
2013-05-02T11:59:24Z,respect ,0
2013-05-02T11:10:42Z,il a dit voila,0
2013-05-02T11:00:24Z,00:27 à celui qui a consulter son facebook à croire qu'il a reçu un message POUCE VERT ,0
2013-05-02T10:53:19Z,"respect 
",0
2013-05-02T10:41:59Z,#RESPECT ♥,0
2013-05-02T10:00:58Z,Respect Ribery !,0
2013-05-02T08:25:48Z,"هذه أخلاق المسلم المتواضع والله
شكرا بلال ",0
2013-05-01T23:52:12Z,واللـــــــــه فخـــــــــــــور بيك ياربـــيرى,0
2013-05-01T22:49:51Z,"ان شاء الله الكأس في النهائي وترفع اسم المسلمين عاليا في اوروبا دائما
مرسي ربيري
",0
2013-05-01T22:48:34Z,Respect.,0
2013-05-01T22:41:58Z,respect,0
2013-05-01T22:33:27Z,"il a meme dit walah au début
 ",0
2013-05-01T22:26:40Z,Respect,0
2013-05-01T21:58:30Z,respect  bilal rebiry,0
2012-08-21T12:24:56Z,MDR,0
2013-05-13T23:11:52Z,"El Colorado !
",0
2013-03-20T18:41:23Z,nantes en ligue 1,0
