published-time,comment,likes
2013-07-29T19:12:07Z,Ça c'est tes une virgule,0
2013-07-07T05:34:07Z,"Salido de River
",0
2013-06-28T23:14:26Z,mdrrr le gars s'est fait fuméé,0
2013-06-15T10:32:08Z,"il a laisser sur place le def de valenciennes, sinon ocampos continue a progresser et tu sera recompenser
",0
2013-05-25T03:20:31Z,mouais,0
2013-05-24T15:05:17Z,MONACO VA FAIRE DU SALE L'ANNÉE PROCHAINE,0
2013-02-15T19:19:21Z,"Music confessions d'un rap addict ←
",0
2012-11-12T22:24:29Z,@SuperSouthgamer c'est pas un truc de ouf? j'ai la meme après on vera .. Daghe munegu,0
2012-10-06T17:54:03Z,tremendo ocampos,0
2012-10-03T17:16:59Z,Sa fait du genre cr7 vs la Turquie,0
2012-10-01T18:23:55Z,Bien joué mais bon c pas un truc de fou ...,0
2012-10-01T17:38:28Z,"J'aime bien le titre, bien trouvé :)",1
2012-10-01T16:52:31Z,"Fifa 13 ? Ah non, Ocampos !! <3",0
2012-09-30T10:26:36Z,Je voudrais le titre de la musique à la fin svp,0
2012-09-29T23:19:22Z,Il c mangé un truc le défenseur ,0
2012-09-29T23:01:06Z,Ronaldiho,0
2012-09-29T19:58:20Z,Cassage de reins ..,0
2012-09-29T19:03:51Z,A la 0:31 en voi deux reins sur la pelouse ,0
2012-09-29T17:02:17Z,haaaaaa plus d'dos...,0
2012-09-29T11:44:56Z,C'est pas Gignac Big Mac qui ferait sa ! lol ,0
2012-09-29T10:52:48Z,Shazam,0
2012-09-29T06:31:59Z,"Ocampos CRACK!!

El joven CR7!",0
2012-09-28T23:30:01Z,DAGHE MUNEGU <3 .,0
2012-09-28T15:37:10Z,"ramasse ta jambe !
",0
2012-09-28T14:30:36Z,"ocampos a déposé le def de valencienne abusé ^^ !!!!!!!!! 
ON a un futur grand dans l'effectif sans oublier les autre ;) ",0
2012-09-28T13:59:40Z,Va chercher mdr !,0
2012-09-28T13:37:43Z,merci,0
2012-09-28T13:37:26Z,"mdr il vend déja du rêve entre la virgule son but et la transversale, a 18 piges sa promet ;)",0
2012-09-28T13:19:32Z,Ben Mazué il me semble.,0
2012-09-28T12:19:05Z,c'est quoi comme musique s'il vous plait ?,0
2012-09-28T11:31:35Z,A la Ronaldhino :),0
2012-09-28T10:35:46Z,Quelle humiliation :(,0
2012-09-28T10:26:21Z,"Appelez le Samu, le defenseur de VA a laissé ses reins sur la pelouse !!!!! DAGHE MUNEGU et Grande Ocampos !!!!!!
 ",0
2013-04-19T16:38:26Z,creo que el vs esta de mas kpo,0
2013-05-26T03:18:02Z,No. Fue Roberto Rivelino.,0
2013-03-26T19:14:02Z,"Garrincha la invento, porque el tenía una deformación en el pié y se le facilitaba hacerla",0
2013-01-29T00:55:09Z,Si pasaba atrás lukitas y dale qe era un alto golazO??? ,0
2013-01-24T21:23:52Z,Si jaaja,0
2013-01-24T18:47:58Z,"Romario la inventó.
",0
2012-12-21T13:28:41Z,"me encanta como juega este pibe, pero river lo vendio muy joven y le falta mucho, en unos años cuando madure un poco ( como en esta jugada que hace ese amague y despues en vez de descargar atras le pega al defensor en le pecho jaja ) la va a romper, lo banco un monton!",0
2012-12-07T20:50:53Z,"¿Que haces acá mirando un lujo de las ExJoya de River y de Argentina?¿No sos bostero vos? Fuiiiiraa amargo.
",0
2012-12-07T20:31:50Z,esta es de cristina ronalda y de tu mama.,0
2012-11-28T23:42:29Z,ohhh !!!,0
2012-11-28T15:16:52Z,"Ahhh posta,Pero lo hizo mas al Estilo de cristiano ronaldo",0
2012-11-28T04:12:24Z,Ronaldinho papá..,0
2012-10-27T15:01:43Z,EEEEsa es de Cristiano Ronaldo :D,0
2012-09-29T11:07:10Z,Magnifique !!!,0
2012-09-15T21:54:49Z,"Quel est le titre de la musique s'il vous plait?
",0
2012-08-24T15:28:36Z,Que grande mi pibito! espero tu regreso a RIVER mi amor!,0
2012-08-17T18:24:23Z,What is the song?,0
2013-07-07T07:31:35Z,should have 5* skills,0
2013-07-07T03:32:54Z,"Its a shame he is going to waste his skills in France.. Just like James Rodriguez, Both should have been playing in England, Spain of Italia.. ",0
2013-07-04T19:29:04Z,Futhead brought me here!,0
2013-06-05T13:28:48Z,Yeah like i do not know that Monaco is a small country. Thank you Mr. Obvious!,0
2013-06-04T07:09:41Z,"It is kind of few people, but they have about 5000-10000 on every match, and that is 15-30% of Monaco's population! They can't fill a stadium with 50 000 people because it lives only about 30 000 people in monaco, which is a own country. ",0
2013-05-28T20:22:10Z,"Great Player, but look at the AS Monaco ""Crowd""!!! Over 100000000 Euros for player and just 5000 people at the stadium!",0
2013-05-18T20:12:01Z,made in  RIVER PLATE,0
2013-05-11T16:54:10Z,"lol he is at monaco at will not probably leave the new suga daddy of football
",0
2013-05-10T05:50:46Z,Linked with Barcelona,0
2012-09-04T14:03:00Z,"mi amor !!! mucha suerte!!! te amooo.... y espero q vuelvas a river algun dia !!! se te extraña IDOLO
",0
2013-07-24T22:22:26Z,Salio de River Plate♥ Pura magia.,0
2013-07-01T00:24:34Z,"made in argentina, made in RIVER",0
2013-06-28T06:21:10Z,New CR ? ,0
2013-06-23T21:11:41Z,"he may be like cristiano oneday 
",0
2013-06-07T23:01:34Z,"CR
",0
2012-09-08T20:08:51Z,QUE GRANDES JUGADORES KE TENEMOS EN LA ARGENTINAS Y QUE MANERA DE EXPORTAR GRACIAS DIOS por aver nacido en argentina,0
2012-08-17T20:17:05Z,"Mi me gusta mucho q el màs grande x ex el jugador de River (Ocampos) es el mejor del mundo!!! Lo extrañooo.... :( Un saludo para Ocampos... Desde Salta, Argentine =)",0
2013-04-09T18:06:14Z,"no esta el video
",0
2013-01-22T20:56:01Z,"Tienes que acceder a mi pagina de facebook /LucasOcamposWebsiteOfficial ,donde encontraras el vídeo del gol.",0
2013-07-03T10:39:41Z,lucas<3,0
2012-10-25T03:35:58Z,Tambien Roba! ;-),0
2012-10-24T21:46:21Z,"Jaja que genio DAVID hablando en frances... ojala el Domingo hagas muchos goles que te lo super mereces, TODOS estamos esperando por eso. <3",0
2012-10-24T21:39:35Z,Trezegoooooaaaaaalll <3 <3,1
2012-10-24T10:06:08Z,"David Trezeguet, faut signer à Monaco cet hiver ! ^^",1
2012-10-24T04:43:59Z,"Vaaaaaaaaaaamo trezegueeeet este domingo yo se que van a venir tus goles por favooor, ganemosle a la bosta, demostremos que somos river...",0
2012-10-24T02:27:48Z,jajajajja,0
2012-10-23T23:28:00Z,viatri tambien habla frances,0
2012-10-23T22:18:39Z,Trezeguet va a venir de Europa para cogerse a los bosteros como San Martin a los gallegos.,0
2012-10-23T21:09:46Z,"Genio y figura, dentro y fuera de la cancha. Un ejemplo, en todo sentido. | #NoTeVayasDavid ",0
2012-10-23T21:04:58Z,"vamos david sos un grosooo!!! 
PD: lucas ariel ocampos te amoo... ♥♥
",1
2012-10-23T21:01:14Z,"vamos david que el domingo gritamos 2 goles tuyos 
alos bosteros el domingo los cojemos...
",0
2012-10-23T20:09:01Z,You are from Canada no? You must learn your other official language jk! Lucas is basically saying what a legend Trezeguet is. While Trezeguet is saying how the team has that ambition etc etc. The Monaco website has an English version just so you know. ,0
2012-10-23T19:57:19Z,jajajjajaja que raro es escuchar a david hablando en frances! Suerte LUCAS y DAVID EL DOMINGO TE QUIERO PRESENTE EN EL  MONUMENTAL! :D,1
2012-10-23T19:35:25Z,"Grande david , no tengo dudas que voy a gritar un gol tuyo contra los bosteros !",0
2012-10-23T19:23:32Z,"Don't worry, it will come, I hope! I'm french, I support Monaco, and given the probably big status it will have in the next 5 years, the translations will come. ",0
2012-10-23T19:03:45Z,"ojala que vuelva con todas las pilas y le haga un gol (o mas)a boca!
seamos optimistas :D",0
2012-10-23T18:20:31Z,VAMOS DAVID QUE EL DOMINGO NO PODES FALTAR,0
2012-10-23T18:17:31Z,Aguante River!!!,1
2012-10-23T17:04:06Z,magnifique!!,0
2013-06-27T16:00:06Z,que grande lequitas mucha suerte en monaco y por todo el mundo!,0
2012-12-19T21:36:35Z,"jajajaja si,si tenes razon.. XD ",0
2012-09-04T13:51:17Z,te amooooo ♥ siempre tan lindo vs !!! ♥ ,0
2012-08-20T18:05:28Z,"En River se te extraña mucho , te amo Lucas ♥",0
2012-08-17T20:20:15Z,thanks :),0
2012-08-17T20:05:07Z,"Intro (El Mundo Es Nuestro) - J-King y Maximan, Cosculluela, Polaco, Yomo, Syko & Latin Crew",0
2012-08-17T18:23:39Z,What is the song?,0
2012-08-17T14:29:58Z,Dirar qu'il lui dit bonjour et en meme temps adieu au terrain ^^ ,0
2012-08-17T12:54:03Z,"Dale pibe ayudanos a volver en la primera y luego a salir campeon de francia de nuevo !!!
Encima volver a escuchar el acento rioplatense en el vestuario es un placer imenso !!
Daghe Munegu !!! 
Frãzinho hincha del monaco desde 1987 ",0
2012-08-17T12:05:03Z,"The song at the beginning is ""Aloe blacc - I need a dollar""
",0
2012-08-17T10:32:13Z,ecomog - I Need A Dollar (feat. Aloe Blacc & A.U.),0
2012-08-17T08:41:18Z,what's the song at the beginning?,0
2012-09-30T07:04:45Z,q partido sufrido estee!,0
2013-05-28T16:54:01Z,Como t pudimoz vender,0
2012-09-29T06:41:50Z,"Grande likitas! Casi mojas!

Si yo fuera del Monaco me moriría al menos tres veces x partido: increible todos los goles q se comen!!!
",0
2012-09-13T04:09:43Z,"Grande Lucas,Vas a Llegar Muy Lejos En Tu Debut Casi Mojas :D",0
2012-09-04T17:52:14Z,"el 16 de agosto debut en River y 31 de agosto debut en el monaco...fechas que no voy a olvidar, te amo Lukitas!",0
2012-08-24T09:04:49Z,on était a la visite du stade quand il était sur le terrain,0
2012-08-20T15:37:06Z,"DE RIVER PARA EL MUNDO.. VAMOS LUCAS, DEMOSTRALE A ESTOS LO QUE ES EL BUEN FUTBOL.. TE VAMOS A SEGUIR.",0
2012-08-18T09:14:20Z,"jai pris une photo avec lui
",0
2012-08-17T00:32:13Z,"thank you for ""giving"" maybe one of the best futurs stars in football for nothing !!!!",0
2012-08-16T22:04:09Z,Je ne peux pas attendre de le voir jouer !!! Normalement contre Arles Avignon il sera pret....Je suis sur que ce petit va faire les beaux jours de l'AS Monaco !!!!!,0
2012-09-27T14:47:02Z,"En river decia que se queria quedar unos años para ""crecer"", ahora dice que tenia muchas ganas de irse al ya haber jugado un ""buen"" campeonato entero...",1
2013-01-25T10:15:06Z,"Grande Lucas, desde Argentina te mandamos un gran abrazo.",0
2013-07-26T19:38:17Z,ke grandeee ese es mi primitooo <3 lo kiero ver en Eldoooo,0
2013-02-08T21:54:27Z,Te amo luquitas♥,0
2012-11-22T16:31:16Z,TE EXTRAÑO MUCHO ♥ :'( ,0
2012-09-24T04:13:47Z,"Suerte luquis, tenes un futuro enorme! ",0
