publish_date,title,view_count
2013-04-17T23:10:32Z,Les déclarations des Lensois après Lens - Bordeaux,2570
2013-04-21T18:17:53Z,RC Lens - Nîmes Olympique (1-2) - Le résumé (RCL - NIMES) / 2012-13,4631
2013-07-12T22:29:27Z,"Les réactions après Amiens - Lens, match amical (1-0)",2081
2013-04-20T15:37:58Z,"Les réactions après Lens - Nîmes, 33e journée de Ligue 2",1071
2013-03-05T16:57:45Z,But | Football | Le Five Lille | Guillaume,110
2013-04-22T17:20:15Z,"Le résume commenté de Lens - Nîmes, 33e journée de Ligue 2",1592
2013-04-20T22:30:54Z,Conférence de presse RC Lens - Nîmes Olympique (1-2) / 2012-13,223
2013-07-26T13:17:44Z,Résumé : RCL LENS-OM | 0-1 | Mardi 23 Juillet 2013,495
2013-05-04T00:35:49Z,Résumé Lens-Tours [0-0] 2012-2013 Ligue 2,278
2013-04-04T19:24:14Z,►Résumé complet NICE 0-1 OM◄,385
2013-07-24T20:20:07Z,Lens 0-1 Marseille Les Buts 24 juillet 2013,744
2013-04-18T15:21:57Z,Buts - Lens/Bordeaux - Coupe de France,13591
2012-09-16T15:00:09Z,Interview de fin de match : Stade de Reims - Montpellier Hérault SC (3-1) / 2012-13,579
2012-12-11T12:33:00Z,"Valenciennes / Jean-Raymond Legrand, ce président atypique",2088
2013-02-25T04:10:36Z,Interview  avec Stephane Guillaume,156
2012-10-27T13:16:07Z,Superbe But de Cohade et Un chaudron en ebulition !,425
2013-01-31T10:55:26Z,Florian Dubourg - En action - Défenseur Polyvalent - Défenseur central - Latéral gauche,2372
2013-03-12T09:26:12Z,But | Football | Bordeaux Soccer | Cyril,1273
2013-07-24T09:02:24Z,Lens - Marseille 24/07/2013 bande annonce,2011
2012-11-11T23:00:37Z,But Anthony LIPPINI (4&#39; csc) - Toulouse FC - AC Ajaccio (2-4 / 2012-13,2681
2012-10-14T14:54:55Z,Serbie - Belgique (12/10/2012),3787
2013-06-20T11:21:02Z,But | Football | Soccer Park Bordeaux | JB,92
2012-09-17T09:39:52Z,But | Football | Bordeaux Soccer | Patrick,73
2013-07-02T08:03:52Z,But | Football | Soccer LeMans | Clément,33
2013-04-03T08:41:43Z,But | Football | Temple du Foot Rouen | Devrim,176
2013-06-14T17:09:10Z,=Football player~Edusport Academy~#Soulhol Jérémy &quot;2&quot;=,3408
2013-03-12T09:20:51Z,But | Football | Temple du Foot Rouen | Dimitri,102
2012-12-10T12:38:47Z,But | Football | Bordeaux Soccer | Tximista,582
2012-11-21T13:32:19Z,But | Football | Temple du Foot Rouen | Walid,1199
2012-11-12T12:44:56Z,But | Football | Soccer Park Pau | Viet,806
2013-04-26T19:40:11Z,Soulhol Jérémy~Arrière droit/centre~Edusport Academy,1579
2013-07-29T08:41:09Z,But | Football | Le Five Caen | Tony,1308
2012-12-07T09:03:44Z,But | Football | Temple du Foot Rouen | Thomas,271
2012-09-26T13:47:44Z,DRUGHI BELGIO A LONDRA ABELLA RIZZUTO BORRACC,159
