published-time,comment,likes
2013-06-23T16:14:12Z,salut francis mdrrr,0
2013-05-13T20:00:04Z,"oh que tu as resont coeff on s'en souviendra de ce match.magnifique ambiance 
exelent match de la part des lensois que celle des bordellais. merci lensois de nous avoir amenez jusqu'ici.ALLER LENS",0
2013-04-22T15:17:29Z,Viva Gragnic !,0
2013-04-22T15:15:32Z,"GO NO
",0
2013-07-13T14:08:05Z,"Il faut souligner deux poind"". Le mauvais  Que vas faire le nouvelle entraîneu avec des joueurs qui sont pas capable de gagner contre une nationale. Si j étais joueur je ne serai pas dans mon état j aurais peur pour ma place... Le bon poind c est qu il y avait un réel jeux technique devant le  but , mais maintenant ils faut qu il soit plus décisif dans le prochain match",0
2013-07-13T01:32:33Z,Je la sens mal la saison,0
2013-07-12T22:52:15Z,Vidéos du Kop lensois a AMIENS sur ma chaine : RCLENS NORD!! <3,0
2013-04-22T19:00:39Z,il nous faut 2 attaquant et défenseur pour la saison prochaine ..,0
2013-07-29T16:40:07Z,De rien ;) ,0
2013-04-22T09:18:45Z,"AMBIANCE STADE BOLLAERT SUR MA PAGE VIDEO MONTAGE
",0
2013-04-20T14:57:23Z,"7 buts marqués en 2 matchs par les Girondins, c'est bien les gars il faut continuer sur cette lancée :)",0
2013-04-20T12:39:52Z,"lens? fc les lilas à domicile, JA armentieres, rennes à domicile avec un csc qui vous offre la victoire, stade bordelais avec 2 buts où le gardien se la fou dedans..., épinal à domicile avec un CSC d'épinal.... pour finir sur bordeaux encore à domicile avec encore un csc ! allo? j'appelle pas ça un parcours très beau.",0
2013-04-20T12:27:40Z,que des matchs à l'extérieur ...; ,0
2013-04-20T12:26:57Z,"peut être pas faute sur le coup franc.. mais combien de faux coups francs par match? c'est le gardien qui fait de la merde ! et puis le but de diabaté est valable et pourtant refusé... 4 buts inscrits, lens 2 dont un csc minable. 
",0
2013-04-19T16:48:14Z,Châteauroux c'est en ligue 2 ...,0
2013-04-18T21:48:04Z,"peut etre une decision de merde, mais sur le premier but bordelais ses sur coup franc alor quia rien !! Bordeaux ne meritait pas la demi !!!!! ;)",0
2013-04-18T16:04:30Z,Et le deuxième but le sois,0
2013-04-18T15:51:21Z,Une belle decision de merde que de refuser le but a 0:30. Il joue la balle.,0
2012-09-16T18:41:02Z,J'avoue!!,0
2012-09-16T15:02:55Z,Oh montPellier faut s'reveiller...,0
2013-07-24T09:08:15Z,Ce soir direction bollaert :) ,0
