published-time,comment,likes
2013-05-10T06:29:57Z,"excelente hermano, grande el maestro
",0
2013-03-20T02:15:29Z,Con un maestro asi Mexico seria grande....... mis respetos.....,2
2013-01-24T08:23:20Z,maestro rivas es el  mejor capitulo del documental !!!!!!!!!!!!!!!,2
2012-10-29T16:06:00Z,"excelente filmacion
",0
2012-10-18T19:22:27Z,AUPA EL VILLARREAL EL AÑO QUE VIENE A SEGUNDA B,0
2012-11-26T02:10:16Z,Vamos! ponfe!,0
2013-06-20T20:06:42Z,Jajaj putos mediocres otra ves empatando jajajahjajahjajahjadfa medíiiiiiiiiooooooccccreeeeeees,0
2013-06-20T17:54:54Z,"MENOS CRITICAS Y MAS AGUANTE  EN TODAS LAS CANCHAS 
VAMOS GLORIOSO POR LA 9
",0
2013-06-20T07:22:44Z,"AMO AL CALI PERO LASTIMA Q SIEMPRE NOS DEJEN ILUSIONADOS CON LA 9 ESTRELLA, TODO POR CULPA DE LOS DIRECTIVOS Q NO COMPRAN BUENOS JUGADORES Y SE MALGASTAN LA PLATA
",0
2013-06-20T06:06:32Z,VAMOS CALI UNIDOS TODOS POR LA ESTRELLA CON LA AYUDA DE DIOS!,0
2013-07-27T04:47:54Z,ganaron de leche,0
2013-06-03T19:00:08Z,"5:48 Vizca le dice: AHH guebon. al de Nigeria ajajaja
",3
2013-05-30T16:35:53Z,En las eliminatorias es distinto a los amistosos.,1
2013-05-30T16:34:23Z,Celebran porque los jugadores nigerianos que jugaron el partido son suplentes en la Selección de Nigeria.,0
2013-03-15T02:06:08Z,que cada de estadio ,0
2013-02-01T00:14:37Z,"Para mi que estafaron a los arbitros nigeria porque no contaron la mano del defensa
",1
2013-01-24T04:16:42Z,AVSR MIAMI PRESENTE 2:23,0
2013-01-02T18:12:43Z,"Los ""Amistosos"" nunca son amistosos jajajaja! siempre se ven algunos golpes por ahi. apesar de la derrota tenemos un gran equipo y un exelente portero. lo que nos falta es un buen director tecnico",1
2012-11-16T23:25:59Z,"NO EN LOS AMISTOSOS PIERDE JUGANDO ""BONITO"" Y EN LAS ELIMINATORIAS PIERDE JUGANDO FEO
EJEMPLO  CONTRA
PERU
CHILE
ECUADOR
",0
2012-11-16T23:12:34Z,"la defensa de la vinotinto es una coladera. asi no vamos para ningun lado
LOS NARRADORES DE MERIDIANO SON INSOPORTABLES:",1
2012-11-16T03:52:55Z,maldiiiiit nigerianos estaban resaooooo vamos vinotinto manita ariba si eres de la vinotinto,2
2012-11-16T03:11:26Z,"Aquí no se ve pero Nigeria se la pasaba en el suelo, en una un centro de Nigeria y sale rondo jugando y justo cuando rondon la tiene el lateral nigeriano de tira a suelo... Y yo que fui al juego, en la pantalla mostraron la mano de rondon, (la única repetición que pasaron de una jugada decisiva) y también al rato pon la repetición de los árbitros hablando a ver si fue gol o no y se ve que voltean arriba, (a la pantalla)",0
2012-10-16T18:37:20Z,GRANDEEEE TRIPI !!!!!!!!!!!!!!,0
2012-09-03T01:21:40Z,fue irónico no ?,1
2012-09-02T13:17:58Z,bien el árbitro,1
2012-11-23T04:47:50Z,great player. everyone thinks madrid will get rid of him but they're going to start working on their youth academy. and morata will become a huge madrid player. he's getting somewhat of amount of minutes on the team.,0
2012-12-27T20:18:54Z,Arbitro pasmado que no pito el penal,0
2013-03-19T02:18:38Z,"Vamos Melgar , tenemos que mejorar despues de este punto logrado ahora en lo animico estamos mejor , con Franco a la cabeza todo sera de victorias como local .

Melgar es Arequipa es Melgar ! ",0
2012-11-06T00:02:06Z,"JSJAJAJA ME MUERO DE RISA CONQ ESTOS POBRE HP DE MILLONARIOS SE LAS PIQUEN POR QNOS GANARON KN JUGO MEJOR? CUCUTA KN LLEGO ASEMISFINALES DE LIBERTADORES Y LE GANO 3-1 A BOCA JUNIORS (ARGENTINA) CUCUTA KN LLEVA 30 Y ALGO DE AÑOS SIN SER CAMPEON?MILLONARIAMENTE POBREE PURAS NARCO LIGAS
",0
2012-10-13T04:10:41Z,"Ahahah Lokas De Su Gran Puta Mierda, Debe De Interesarle El Equipo, Ya Que Se toman la delicadeza de Ingresar A La Pagina Y mirar el vídeo.
 Y Pues Si No Les Gusta, Pues No Miren Y Breves Pirobos!


>>>>>>>>>>>>>>>>>>>Aquí es solo CDLM Hps<<<<<<<<<<<<<<<<<<<<<<<<<",0
2012-10-08T21:12:03Z,"Un Sureño Esta Pendiente De Papa
",0
2012-10-08T19:16:26Z,Ademas milos tiene Hinchas en todo el Mundo :PP Millos♥ Lo mejor♥,0
2012-10-08T19:15:55Z,"Jjajaajajajajaj Esta ardido Hechese crema numero 4 Jajajajajaj
",0
2012-10-08T18:59:43Z,que llueva en la capital nada me va a importar seguire a millos a donde sea GRANDE MILLONARIOS VAMOS POR LA 14,0
2012-10-08T04:48:09Z,millonarios es el propio pavo lo engordan para matarlo a fin de año jajajjajaja mediocres jueguen bn fútbol y hablan después rolos esclavos  ,0
2012-10-08T02:08:56Z,"Y  USTEDES  CON  SEGUIR   EN  LA  AAAA   JEJEJE   BUCUTAA...
",0
2012-10-08T01:12:12Z,Haber Por Si Ud No Se Dio De Cuenta Los Espacios Vacios Fue Por El Aguacero Tan Hp Que Cayo Por Que Toda La Gente De Occidental Se Subió Y Las Cámaras No Los Grabaron Arriba Pero Tranquilo Yo Comprendo Que Ud Le De Importancia A Millos Por Que Su Equipo No Le Da Ni La Mas Mínima Alegría De La Que Nos Da Millonarios A Todos Sus Hinchas,0
2012-10-08T00:56:48Z,Siga soñando con seguir en primera division.,0
2012-10-07T21:13:41Z,"uff q tiro de otalvaro
",0
2012-10-07T20:41:23Z,Siga soñando con seguir en primera division...,0
2012-10-07T18:07:42Z,"QUE HAY LUGARES VACÍOS EN EL ESTADIO VALE MIERDA, PORQUE CUANDO MILLONARIOS ESTE EN SEMIFINALES ESO QUEDA A REVENTAR!",0
2012-10-07T16:50:39Z,uyyy que vacio con 20.000 personas... cuanto quisieran los demas equipos meter por lo menos 10.000,0
2012-10-07T05:57:51Z,Jajaja cierto. Yo estaba tmb en Sur y yo pnesaba que habai pitado Offside cuando la cogió Moreno y cuando todos gritaron el gol severa avalancha y aparrte gritarselo a los 50 pelagatos pututeños que se van pa la B.,0
2012-10-07T05:56:34Z,"Yo me pregunto si lex Diaz y el Leticiano Mosquera están tan malos como pa que Torres no los ponga en vez de la Roca... 

Urbano, gracias porque se le nota que la mete, pero hoy fue su ultima oportunidad...",0
2012-10-07T05:55:21Z,Q HPTAS SEGUIS Y SEGUIS GANANDO MILLOS  VAMOS POR LA 14 Q ESTA SERCA NO NOS ILUCIONES,0
2012-10-07T03:24:48Z,Jajajaja Ese Gol Desde Sur Se Vio Re Cómico Cuando Pego En El Palo Todos Con Su Ashhh Cuando Empezaron A Gritar Gol Gol Gol Que Descontrol Que Carnaval...Nadie Sabia Ni Quien Lo Habia Hecho... Y Vamos Los Millos Te Queremos Ver Ganar...,0
2012-10-07T03:07:10Z,"bueno se que estamos casi clasificados hay jugadores que les falta mucho nivel y que con su juego piden no jugar profe torres hay que trabajar mas en definicion la defensa hay veces esta muy segura pero hay que dejar mucho la comfianza, hay que estar a punto para el partido con el palmeiras  VAMOS MILLOS CON MUCHA ENERGIA POSITIVA!!!!!!!!!!!!!!!!!!!!!!!!!!!!!!!",0
2012-10-07T01:55:48Z,"Por favor señor torres no insista mas con Urbano un tipo que no le hace gol ni al arco iris y otro tronco es Harold martinez que no pega una, ojo que ya estamos clasificados y hay tiempo para trabajar en algunas cosas como la definicion por ejemplo, despues de eso somos lideres y ahora con toda contra el palmeiras VAMOS MILLOS!!!!!!!!!!!",0
2013-03-03T03:17:30Z,@josejavieraf *),0
2012-11-25T02:16:12Z,"El Equipo del Pueblo!!!
",3
2013-06-01T19:36:51Z,pase de avila.. mago,0
2012-12-03T19:04:04Z,Buen video viejo  !!! ojala y el fasito pueda ganar en el cusca !!! ,1
2013-03-07T21:08:31Z,locos de millonarios compra arbitros  jajajaja que locas =p,0
2013-02-14T19:24:43Z,que pepos Millitos es mi vida y mi orgullo carajo!!!!,0
2013-02-14T16:12:36Z,que golazo el de yuber o.O ..,0
2013-02-14T13:29:58Z,Leticiano Mosquera y su Hat trick. Felicidades!,0
2013-02-14T06:50:43Z,VAMOS POR ESA COPA TAMBIEN MILLONARIOS COMO EL MAS GRANDE QUE SOMOS TENEMOS QUE IR POR TODAS LAS COMPETICIONES NO IMPORTA QUE TAN DURO SEA  HAY QUE AFRONTAR CON SERIEDAD TODOS LOS CAMPEONATOS QUE ESTAMOS DISPUTANDO ,0
2013-03-28T07:06:26Z,"Lo mejor de todo es la gente de Municipal, llendo ùltimo es el que más gente sigue llevando al estadio, mientras que comunicacaciones Plata no lleva pero ni la tercera parte ni aun cuando les regalan las entradas 2X1 que bueno que gano el Rojo primero Dios seguimos para adelante!!!",0
2013-03-28T03:18:20Z,ALEGRÍA ES VER QUE MIS ROJOS GANARON!,0
