publish_date,title,view_count
2012-10-28T21:30:09Z,La Liga | SD Ponferradina - Hércules CF (1-0) | 28-10-2012 | J11 | Resumen,1140
2013-07-27T22:36:04Z,Arosa SC 1 1 Coruxo FC,811
2012-08-19T11:40:28Z,Cabezazo a lo Zidane en la MLS,1966
2013-05-04T18:51:41Z,Liverpol Futbol Club HD,163
2012-08-13T06:15:09Z,Porteros de Área (parte 10) Psicología de los Porteros,21336
2013-02-20T23:08:32Z,Second game LNFA Jr 2013 Noam Calvache Ji Highlights vs. Valencia Firebats,183
2013-05-30T00:06:41Z,John Eli Rivas #21,260
2012-10-28T22:51:45Z,La Liga | Todos los goles del SD Ponferradina - Hércules CF (1-0) | 28-10-2012 | J11,320
2012-10-13T21:37:07Z,La Liga | Villarreal CF - Huesca SD (1-1) | 13-10-2012 | J9 | Resumen,1490
2012-09-01T19:59:43Z,GOL DE BARRALES - HURACAN 1 DEPORTIVO MERLO 0 - B NACIONAL - FECHA 4 (01 09 2012),1565
2013-06-27T00:04:34Z,Parlons Foot - Bayal Sall - spécial ETE - 26 Juin 2013 - Partie 3,2468
2012-11-25T23:30:18Z,La Liga | SD Ponferradina - SD Huesca (2-1) | 25-11-2012 | J15 | Resumen,2133
2013-06-20T04:26:12Z,Once Caldas 1 Deportivo Cali 1 Liga Postobon 2013 Cuadrangulares,3711
2012-11-15T22:45:15Z,Amistoso Venezuela - Nigeria (14-11-2012),15911
2012-09-01T17:10:17Z,Alex George Video,1061
2012-10-03T22:30:38Z,PEÑAROL  BEST GOALS DE TAQUITO ISIDRO RICO !!!!,295
2012-09-26T19:00:00Z,JONATHAN DOMINGUEZ - 10,114
2012-11-24T13:12:51Z,Penalty Sergio Ramos (Felix Baumgartner),250
2012-11-25T23:30:11Z,La Liga | Todos los goles del SD Ponferradina - SD Huesca (2-1) | 25-11-2012 | J15,325
2012-09-01T20:12:24Z,FINAL PARTIDO EXPULSION GIORDANO  - HURACAN 1 DEPORTIVO MERLO 0 - B NACIONAL - FECHA 4 (01 09 2012),2981
2013-01-30T00:45:46Z,Ejercicio de entrenamiento Enrique Palos de TigresOficial,8062
2012-08-17T14:27:23Z,Álvaro Morata - Preseason - 2012 [HD],3492
2012-12-18T02:49:52Z,ALIANZA FC v. A.D. ISIDRO METAPÁN - FINAL - 16/12/2012,9510
2012-08-09T21:41:57Z,Cerro porteño 4 - 0 O&#39;Higgins | copa sudamericana,551
2013-03-18T23:55:39Z,FBC Melgar en paz después del empate en Cajamarca - Tvmundo Deportes 2013,240
2012-10-07T00:51:17Z,Millonarios vs Cúcuta Deportivo (1-0) Fecha 13 Liga Postobón 2012-II,18095
2013-02-19T23:21:52Z,Invitación al México vs Curazao,3166
2012-11-25T01:55:32Z,LOS MEJORES GOLES DE PATRIOTAS 2012,588
2012-09-23T02:38:57Z,GOL EN CONTRA BLANCO - MERLO 1 OLIMPO 0 - FECHA 7 - B NACIONAL (22 09 2012),563
2013-06-26T20:22:20Z,Juan Cuellar y Gastón Cecchini disfrutaron de estar junto a jugadores consagrados,2070
2012-08-23T22:37:16Z,Yuber Mosquera I,484
2013-03-14T03:12:53Z,No hay que ponerse de frente a la pared frontón.,129
2013-05-30T01:07:13Z,GOL ARLEYSON MARTÍNEZ - PATRIOTAS,384
2012-09-07T13:30:20Z,Radio Monumental: México en Centroamérica,55
2012-12-03T18:42:07Z,CD FAS v. Alianza FC - SEMIFINAL - 1/12/2012,6967
2012-11-27T20:38:54Z,Sebastian Frings: 2013 InfoSport Pro Soccer Combine Participant,456
2013-03-18T06:16:13Z,Boca Juniors Vs Argentinos - GOL DE SILVA DE PENAL,79
2013-07-20T18:51:05Z,Cuellar: &quot;Trato de disfrutar lo más que puedo este momento&quot;,971
2012-08-10T12:41:34Z,Medio Tiempo .- Defensiva mexicana vs. Ataque brasileño previo a final Olímpica.mov,2932
2013-02-14T04:17:07Z,Millonarios vs Expreso Rojo (5-1) Fecha 1 Copa Postobón 2013,2508
2013-03-27T23:49:52Z,Municipal 3 - 2 Halcones Clausura 2013,4670
2012-10-01T14:51:34Z,San Lorenzo 2 - 4 Independiente (Clausura 2005),2715
2013-01-29T18:19:11Z,PRESELECCION SUB 20,303
2013-01-06T10:02:24Z,Medio Tiempo.-  Nos vamos amargados: Christian Martínez,341
2013-02-07T03:24:08Z,ENTREVISTA RAÚL LOAIZA - PATRIOTAS,1258
2013-06-30T21:53:18Z,"Dia 7 de Santos Laguna en Mazatlan, Sinaloa entrenamiento matutino",243
2013-03-15T00:41:58Z,EL APORTE DE DUBOIS,576
2013-04-26T21:54:14Z,Feliz Día del Niño,198
2013-06-05T15:10:31Z,Desde el césped de Kingston con Johnny Mosquera,986
2013-06-14T13:19:30Z,Javi Gracia UD Almería) antes de la vuelta con Las Palmas (ascenso a Primera) mpeg2video,141
