published-time,comment,likes
2014-12-13T01:18:24Z,"anjirr keren sukuna hirup duanana, hulu na ayaan , mantep komplit lah ahahaha :v",0
2014-12-11T08:58:25Z,Wilujeng sumping di Persib Bandung,0
2014-12-11T02:39:08Z,This is persib bandung,0
2014-12-10T19:45:45Z,"edaann,, semenjak jadi gabung persib penayangannya langsung naik drastisss
welcome in PERSIB mang!!",0
2014-12-10T14:15:51Z,HILTON PISAN,0
2014-12-10T13:25:17Z,kanak kiri hirup..... sabaraha hargana??,0
2014-12-10T08:32:42Z,"mantep lah, bisa maen di lapang becek, haha
 Hidup Persib !!",1
2014-12-10T08:28:54Z,".. *•.¸( *•.¸♥¸.•*´)¸.•*´
♥«´¨`•°welcome ..•°´¨`»♥…
  ¸.•* (¸.•*´♥`*•.,)`*•. To persib...",0
2014-12-10T07:59:44Z,"Buuuungkuuus, kang Janur...!!!",0
2014-12-10T07:37:30Z,"Kumplit, skil kaki kanan kaki kiri, heading juga, semoga masih masa emasnya",0
2014-12-10T06:09:21Z,alus uy tp umurna 31 kd video kerrngorana ahhhh,0
2014-12-10T05:46:54Z,"alus pisan finishing kaki kiri na mah uyyy,,  #PERSIB  JUARA",0
2014-12-10T04:48:34Z,asa cocok euy..,0
2014-12-10T04:10:43Z,mugi bisa ngabawa persib jadi juara deui eui....bravo persib,0
2014-12-10T03:25:14Z,"Good Skills...Good FInishing...hope you can give your's best performance to PERSIB!!!!
#PersibBandung",0
2014-12-10T03:12:10Z,WELCOME to PERSIB BANDUNG,0
2014-12-10T03:06:42Z,Welcome to Persib dude! I Hope u can succesful in Persib! Keep the ISL title!,0
2014-12-10T02:55:24Z,ciri khas pemain brazil... skill teknik nya bagus.. sama seperti hilton moreira ...semoga jadi gabung ke persib.. amin,0
2014-12-10T01:12:51Z,tipe striker yang egois.,0
2014-12-10T01:09:31Z,Sipp lah..mudah-mudahan perdib jadi lebih Ok main nya dr sblumnya..,0
2014-12-09T22:15:26Z,"Asa pijadieun ka Persib !!! 
Sok lah ... 
",0
2014-12-09T21:29:04Z,"gera asup euy

#PERSIB",0
2014-12-09T13:16:13Z,katemponamah lumayan... ,0
2014-12-09T13:16:03Z,"Alus skil aya , kecepatan oke , finishing goods .. sing jadi lah k PERSIB NA .... AMIN",0
2014-12-09T13:11:01Z,"P
E
R
S
I
B

B
A
N
D
U
N
G",0
2014-12-09T12:44:33Z,penyerang yang berkelas..diantos ah,0
2014-12-09T12:08:14Z,smoga berjodoh dgn persib,0
2014-12-09T11:59:00Z,Come To Persib Bandung. ,0
2014-12-09T11:36:45Z,"di antos di Persib,,",0
