published-time,comment,likes
2015-05-11T16:23:59Z,simulation,0
2014-10-27T04:28:01Z,First ;),0
2014-12-15T16:55:23Z,BEDOYAAAA,0
2014-09-27T09:21:19Z,Great performance Lopes! Great goal! Great talent! CTID,0
2014-09-20T02:37:16Z,"Great game from Origi, hope he goes far with Lille in the europa league as well, Lille are a very good side",0
2014-09-16T15:18:13Z,origi! YNWA,0
2014-10-19T19:56:50Z,Why was bedoya in the stands lol?,0
2015-03-23T17:54:33Z,2000 nantais je dirais au moins 4000 ! On voyait que des nantais dans les rues on se croyait à nantes sérieux ! Perso j'étais en loges et même la il y avait plein de nantais ! On était chez nous ,3
2015-03-23T17:48:39Z,C'est vrai sans Riou on aurait prit tarif mais Rennes sans Ntep c'est 0 aussi ;),1
2015-03-23T17:19:53Z,Ce qui ressort de ce match c'est surtout l'excellente performance de Rémy Riou. Sans liu il y aurait eu 3-0 pour Rennes !,4
2015-03-23T11:52:42Z,"En toute objectivité, Nantes méritait de perdre. Merci Riou !",2
2015-03-23T11:21:07Z,"Qu'elle ambiance mise par les nantais !
Naoned <3",2
2015-03-23T09:01:18Z,"Que ça soit du côté rennais ou nantais , on s'est Bien fait chier pendant ce match.",2
2015-03-22T23:20:58Z,Rennes aurait mertite de gagner!,2
2015-03-22T23:04:50Z,"Le commentateur blazé...
Sinon incroyable performance de Riou. ",3
2015-04-16T11:40:45Z,On va surtout dire qu ils sont bien joué a la fin,2
2014-12-19T20:25:16Z,Nantes été très courageux car après etre mené 2 0 remonte en quelque minutes,5
2014-12-18T19:07:25Z,Ce but de Bangoura ! o.0 Magnifique !,6
2014-12-18T18:33:20Z,BIEN L'ARBITRAGE BIEN TJRS AUSSI SUPER DE MIEUX EN MIEUX ET J'ESPÈRE NE PA ÊTRE LE SEUL À ÊTRE DÉSESPÉRÉ AU NIVEAU ARBITRAL !!,2
2014-12-18T12:13:47Z,Quel public qui ne s'arrête pas de chanter même quand son équipe est menée 2-0 à 20 minutes du terme de la rencontre ! Respect,20
2014-12-18T07:52:50Z,On va dire que Nantes s'en sort très bien ^^,8
2015-02-23T15:45:20Z,Lacazette Is back!,0
2015-02-23T00:51:59Z,Hopefully Lyon can keep lacazzete and fakir next season. Would love to see them in champions league!,1
2015-02-23T00:20:47Z,Lacazette FIFA 15 monster :3,0
2015-02-22T23:54:30Z,Fekir is amazing,1
2015-02-22T23:29:25Z,Pq c'est un commentateur qui parle anglais alors que c'est la chaine ligue 1 ? ,0
2015-01-27T00:30:36Z,Good to see Barrios getting his groove back. Hopefully we can see the BVB Barrios once more.,0
2015-01-26T00:12:03Z,First,0
2014-12-20T15:30:42Z,Nantes♥,0
2014-12-17T17:12:14Z,ALLEZ FCN!!! C'EST ÇA!!!,0
2014-12-15T18:50:42Z,C'est çaaaaaa,1
2014-12-15T14:01:15Z,Supporter bordelais ces questions sont pour vous : pourquoi Sané est capitaine ? Carasso est blessé ? Il s'est passer quoi avec Rolan ?,0
2014-12-15T13:28:06Z,Pas de chance pour Jug surtout sur le 2ème but :/,1
2014-12-15T13:19:16Z,"Juste une question, où est passé le fameux beau jeu à la nantaise ?

La réponse, je la connais, au Barça...   et à l'OM avec un super coach nommé Marcelo Bielsa, qui prône le beau jeu à sa manière, eh oui.",2
2014-12-15T11:11:46Z,#FCN <3 ,1
2014-12-15T09:13:20Z,Enfin une victoire contre une équipe du haut de tableau. ,4
2014-12-15T07:05:07Z,Sa fais du bien a Nantes ! :),1
2014-12-14T23:46:22Z,Mais quelle horreur ce maillot bordelais. N'importe quoi.,5
2014-12-14T23:43:23Z,malheureux les bordelais ..,1
2014-12-14T23:41:15Z,Suprématie de l'ouest obtenue. :),1
2014-12-14T23:15:43Z,Que des buts bizarres ! ,7
2015-05-04T06:15:57Z,,0
2015-05-04T02:48:06Z,just want to say that i think the commentary on this channel is fantastic. keep it up!,12
2015-05-04T00:28:38Z,Grande psg,4
2015-04-19T22:35:19Z,Allez Nantes !💛💚,0
2015-01-18T15:56:21Z,"Un non match des nantais ... Zéro, nul ...",0
2015-01-15T10:47:35Z,2 buts MONSTRUEUX !,3
2015-03-02T19:40:00Z,"Victoire a l'arrache mais elle fait du bien, des fautes inutiles des deux cotés, des Guingampais fatigués qui n'ont pas su joueur leur jeu, un super Veigneau (a souligner), un bon Deaux et un bon Bessat. Vivement le retour de Bedoya, ça fera du bien au milieu.",0
2015-03-02T12:28:00Z,"Faut arrêter la mauvaise fois les gars ..Nantes à fait un match dégueulasse, la première MT catastrophique tant en terme de jeu que d'engagement inutile.
L'arbitrage brille d'efficacité encore --'
Des cartons très mal donné d'un côté comme de l'autre.
Bangoura faudrait le prêter à un DH parce qu'il est mauvais ..
Michel Der Zakarian à raison concernant les pleureuses à Guingamp, mais faut pas les mettre dans le même panier. Mandanne/Sankharé/Diallo n'ont fais que ça durant tout le match.
Mais l'erreur de sa part c'est de ne pas relever les erreurs de jeu de nos Nantais qui ont fait une premiere MT dangeureuse..

Djilobodji : Son premier carton jaune est immerité mais il aurais dû manger un très beau Jaune sur sa deuxième faute sur Pied
Vizcarrondo: Première faute invisible, Diallo gueule avant d'avoir été touché par le Défenseur, en revanche son second jaune est totalement justifié. 
Veretout: Aurais dû mérité un Jaune(Orangé) sur sa première faute, mais Giresse derrière méritais un rouge sur son attentat sur Gakpé.
Gakpé qui lui, brille par son inutilité tant dans le jeu que dans ses décision, une faute inutile à l'entré de surface qui devrais lui couter son carton
Deaux qui prends un Jaune pour rien.
Guingamp était sur les nerfs de son élimination mais d'autre cartons auraîent pû/dû leurs être donné.

Bref un bon match bien moche à voir, mais 3 points qui font du bien ..",1
2015-03-02T11:59:28Z,C'était une boucherie ce match mais ça se comprend aussi avec 0 match gagné en 2015 mais bon c'est la victoire qui compte.,1
2015-03-02T11:24:17Z,aller pleurer bande de merde de guingampais,0
2015-03-02T09:05:32Z,Je suis supporter de Nantes mais là je trouve qu'ils ont faits bcp trop de fautes... Sinon très bon match de Bammou et Riou,1
2015-03-02T06:29:56Z,"J'ai habituellement du respect pour Nantes, mais sur ce match ils n'en mérite aucun, que des bouchers sur le terrain... Djilobodji mérite au moins 3 cartons rouges. Quand je pense que tout le monde sest offusqué (à raison) du geste de Wallace, c'est bien pire ce qu'il a fait ce week end. Sans parler des commentaires de l'entraineur, une vraie merde ce type...",2
2015-03-02T05:27:59Z,Des vraies pleureuses restez chez vous les fermiers,1
2015-03-01T23:16:45Z,allez les nantais,1
2015-04-08T13:35:38Z,ALLEZ NANTES!!,0
2014-08-16T15:45:43Z,i von faire une tres bonne saison lens vous allez voir ,0
2014-08-15T15:18:39Z,nice goal,0
2014-08-14T14:14:45Z,Allez lens et lille tous les autre comme nante ou ppppaaaris ou marseille parter en ligue nationale  sa ss votre niveaux,0
2014-08-13T19:13:53Z,retournez d'où vous venez lensois de merde,0
2014-08-11T18:13:05Z,"Superbe match d'Hansen qui nous a sauvé sur la fin du match, double coaching de Der Zak gagnant, bel arret de Dupé sur la contre attaque et surtout QUELLE D'AMBIANCE !!!! Le hic : le speaker est vraiment pourri ^^",0
2014-08-11T14:57:26Z,Bammou!!!!!,1
2014-08-11T12:09:11Z,Dommage que Lens ne démarre pas sa saison par une victoire. Allez Lens!!!,0
2014-08-11T09:57:43Z,Leçon de coaching by Der Zak ! Audel le passeur et Bammou le buteur venaient de rentrer il y a moins d'une minute !,3
2014-08-11T08:18:56Z,"Incroyable, tellement belle cette histoire pour Bammou ! ALLEZ NANTES ! #TeamFCN",5
2014-08-11T04:27:12Z,"Sang et or , faut recruter on le sais !!",4
2014-08-10T23:00:20Z,Nante the best ♡♥♡♥♡♥,1
2014-08-10T22:28:03Z,Nantes 💛💚,2
2014-08-10T22:06:56Z,Nantes <3,3
2014-09-26T01:54:39Z,Great to see Areola doing good. Hopefully him and Ongenda can get better at Bastia.,1
2015-05-17T17:41:39Z,Je ne comprends rien,0
2015-05-01T09:10:48Z,C'est pas Thauvin c'est Ocampos (Thauvin ne l'aurai même pas cadré) blague de mauvais gout désolé ^^,0
2015-04-30T21:49:23Z,"Ainsi donc après avoir coulée dans son propre port face au club de la capitale et à Bordeaux,la pleutre armada Marseillaise sombre à nouveau dans la bonne vieille ville de Nantes avant de se saborder et de se donner le coup de grâce une semaine seulement plus tard sur leur terre par la flotte Lorientaise !
La première saison de la Bielsa Comedy Club a été un succès humoristique dans toute la France mais à rencontre le plus de succès humoristique dans le club de la capitale et chez son rival Olympien Lyon. La deuxième saison est attendu avec impatience dans toute la France mais aussi peut être en Europe en cas de qualification mais en revanche, cela est peu probable compte tenue de son classement actuel médiocre. La deuxième saison bien qu'elle soit prévue n'est pas encore officialisée mais pourrait être annulée à cause du limogeage probable  du chef de la troupe des ""Sardines Marseillaises""Bielsa et de la devise peu valorisante pour lui même et ses vedettes ""Le ridicule ne tue pas et heureusement pour nous"" qui reste toutefois bien trouvée pour qualifier la troupe de la Bielsa Comedy Club étant donné le contexte dans lequel elle est plongée.",0
2015-04-25T13:30:28Z,"Rien ne va plus à Marseille. Déjà quatre défaites consécutives !
Désolé les gars, mais le titre c'est mort, et la LDC aussi.

Le Mercato estival va être agité...",0
2015-04-24T00:16:00Z,apres on parle des boulettes de ruffier parlons de ce de mandanda mtn,0
2015-04-23T19:02:50Z,c pas thauvin c est Ocampos,0
2015-04-22T03:25:05Z,Fani... pffff,0
2015-04-21T16:37:48Z,Il manque pratiquement toutes les occases marseillaises c'est quoi ce résumé ??,0
2015-04-21T11:31:53Z,Allez l OM ,0
2015-04-20T09:45:12Z,Frappe de ocampos pas thauvin,3
2015-04-20T08:04:39Z,"Et il est où le tifo de la Brigade Loire ??????
Pas le droit de le diffuser car le vérité à éclater !!!!",11
2015-04-20T07:56:21Z,"L'om y a cru , 
L'ol y croyait ,
À l'arrivée c'est le psg, la machine à gagner, qui finira champion",2
2015-04-20T07:34:19Z,allez l om,0
2015-04-20T07:16:37Z,"Plus les journées passent et plus le ticket pour la Ligue des Champions s'éloigne. À l'arrivée, les Olympiens pourraient même terminer à la cinquième ou à la sixième place de ce championnat. Qu'est-ce qu'on dirait si un coach français avait perdu dix matchs sur trente-trois journées ? Cela revient quasiment à un tiers ! Au vu des conditions actuelles et des interrogations autour du club, la saison prochaine s'annonce sombre à Marseille.  ",0
2015-04-20T07:15:48Z,Vous vous êtes encore faits voler ??,0
2015-04-20T06:32:01Z,"Superbe match des nantais. Ça faisait longtemps que Nantes n'avait pas été aussi bon. Marseille a été maladroit, ils auraient pu repartir avec un point. ",2
2015-04-19T22:32:09Z,Bah vous montrez pas le tifo de la BL ? :(,1
2015-04-19T22:07:28Z,"Après les Marseillais en Thaïlande ou les Marseillais à Rio, retrouvez bientôt les Marseillais en Europaleague sur W9. No rage vous êtes champions d'automne !!!!",18
2015-04-19T22:05:11Z,C'est pas ma frappe de Thauvin mais de Ocampos ,13
2014-10-23T08:56:46Z,Le but d'audel diego à essayer de sinterposer mais il à etait retenue.,0
2014-10-21T11:26:52Z,Aimer sur Facebook : Pour que la tribune erdre ressemble a la Ttribune Loire.,0
2014-10-20T18:28:27Z,allez nantes on y crois,0
2014-10-20T09:58:10Z, #FCN  <3,1
2014-10-20T03:26:00Z,Putain j'suis étonné qu'on est bien joué O_O ,0
2014-10-19T21:18:10Z,Rongier futur crack ,6
2014-10-19T21:17:28Z,Chui trop deg que Nantes est fait nul ;( mes super beau but de Reims,1
2014-10-19T21:01:10Z,Lyon a gagné 5-1 merci,2
2014-10-19T20:47:06Z,"Diego EXTRAORDINAIRE <3
C'est le meilleur match de Reims que je voit depuis le début de saison !
Match nul plus que logique mais si une équipe méritait plus que l'autre, c'est bien Reims !",3
2014-10-19T20:43:35Z,Aller REIMS,1
2015-03-02T18:07:28Z,"Allez l'OL, cette année on est champions + on gagne le derby a Gerland",0
2015-02-27T19:32:07Z,lyon cest des beau gosse,0
2015-02-26T15:51:17Z,Simulation,0
2015-02-25T21:24:25Z,"Le PSG c'est des movietes les lyonnais c'est des champion
",1
2015-02-24T02:04:59Z,"Paris champion cette année, ce serait du vol... Jamais premier et la pouf ! Champion !",1
2015-02-23T18:48:50Z,belle perf des canaris vraiment dommage ce but contre leur camp ! ,0
2015-02-23T13:04:10Z,"Nantes a été trop tendre sur ce match. Pourtant a chaque recul de balle, Lyon était en difficulté. La défense a bien tenue mais une fois de plus, on se prend un but con. Victoire de Lyon logique, ils ont eu plus de situations. Il y a eu du mieux coté nantais mais ça reste insuffisant pour prétendre a mieux.",2
2015-02-23T12:12:40Z,On voit très clairement une baisse de régime de l'OL et ça fais plusieurs rencontres que ça dure. La fin de la saison risque d'être serrée. Une victoire de Marseille contre Lyon ferait du bien à la course au titre. Aller l'OM !,0
2015-02-23T11:30:25Z,"Gonalons a abusé quand-même sur ce penalty, il savait bien qu'il gagnait 1 - 0, donc il n'avait aucune pression avant de le tirer mais bon, ON EST TOUJOURS LEADER !",0
2015-02-23T11:03:20Z,En route pour le 8eme titre!!! Allez l'ol,5
2015-02-23T01:14:23Z,"Si nous sommes toujours premier après les 3 prochaines rencontres, nous serons champions !",2
2015-02-22T23:40:35Z,1:43 il se touche normal XDD,9
2015-02-22T23:33:57Z,Les Champions cette année c'est Lyon ou pas !!! #TeamOL,11
2015-02-22T23:30:38Z,"La chance finira bien un jour par tourner en la défaveur des Lyonnais qui ne comptent désormais plus que sur celle ci pour rester leader.. L'OL poussif, l'OM plus que poussif, et Paris monte doucement mais surement en puissance..
Comme je l'ai lu quelque part, l'OL c'est comme un puceau tout foufou en pensant pouvoir attirer dans son plumard la bombe de la soirée, alors que le PSG, tranquille, en bon vieux briscard, sait déjà que celle ci finira dans son pieu..
C'est tellement ça!
Le retour du roi se fait attendre, mais il n'a jamais été si proche d'arriver!
Allez Paris.",0
2015-02-22T23:25:59Z,"Si ce commentaire atteint plus de 20 likes Nabil Fékir choisira la France...

Mdr en vrai il faut vraiment que Deschamps se dépêche pour le convoquer ! La France n'a pas le droit de laisser passer une pépite comme celle-ci !",15
2015-02-22T23:19:09Z,Match de merde pour un but de merde,1
2015-02-22T23:17:19Z,"Profitez bien du trône les lyonnais, et si vous êtes leader depuis aussi longtemps c'est parce que Paris se fait chier dans ce championnat trop faible et est pas motivé, nous on préfère briller en champion's league c'est plus intéressant que jouer sur des terrains de merde contre des paysans. Mais bon un titre est un titre donc on reprendra très vite se trône sans trop se fatiguer :)",4
2015-02-22T23:13:48Z,Ol the best,9
2015-02-22T23:07:18Z,Leader ! ,22
2015-01-31T13:29:36Z,"On a Nike aller la pallade

",0
2015-01-27T09:20:04Z,"#Ligue1 - J22 - Retrouvez les stats officielles de la 22e journée en partenariat avec AMISCO !
Lors de la 22e journée de Ligue 1, la performance du Montpellier HSC fait la Une pour AMISCO, qui revient également sur les séries positives du PSG face aux Verts dans le Chaudron, de l'Olympique Lyonnais à Gerland et sur l'invincibilité qui se poursuit pour l'AS Monaco ou encore sur le SM Caen et son capitaine Julien Féret - http://minilien.fr/a0nu77",14
2015-01-26T19:23:56Z,Alors les nantais on se moque du stade rennais mais contre Montpellier vous n' avez pas été mieux :D,1
2015-01-26T19:13:12Z,Super célébration de berigaud au passage,0
2015-01-26T18:12:33Z,j ai adorre le but de kevin berigoal,0
2015-01-26T10:38:36Z,Allez la paillade!! ,0
2015-01-26T09:50:28Z,"belle victoire, on conforte notre 6eme place. ALLER LA PAILLADE !!!!!!!",0
2015-01-26T07:54:36Z,"Montpellier a été plus tranchant tout simplement. Le 1er but est involontaire mais assez joli (il faut le reconnaitre). Bravo a Montpellier pour cette victoire. 
J'espère que cette raclée est un accident et que le groupe se remobilisera pour samedi.
",5
2015-01-26T05:22:46Z,On a deux fois plus de tire cadres on a la possession les passes... Et on prend 4-0,1
2015-01-11T18:06:42Z,Rémy Riou a été excellent !!,1
2015-01-05T11:08:32Z,подпишитесь у меня пожалуйста)))))))))),0
2014-12-24T07:48:42Z,"En bref pour tous les commentaires que j'ai mis, il y a : la chance des nantais, les cons de supporters et leur équipe de chanceux et de branleurs, et leur fanatisme pitoyable....",0
2014-12-22T13:53:56Z,"Aller Nantes et bravo riou pour tes arrêt
",1
2014-12-22T12:43:41Z,#FCN <3,0
2014-12-22T11:35:29Z,Bedoya = Made In The USA <3,3
2014-12-22T11:27:14Z,Hommage au Papa de Riou décédé la veille,8
2014-12-22T08:32:50Z,(Nantes),1
2014-12-22T08:32:20Z,Allez nant lorient sa pus la merlus,1
2014-12-22T08:20:50Z,"#RiouRiouRiouRiou
",5
2014-12-22T02:33:13Z,first,0
2015-02-15T13:24:52Z,"C'est dur à voir un joueur qui est à la limite extrême du non-hors-jeu pour un arbitre de touche. Mais ça n'excuse pas l'erreur. Surtout que au vu des stats et du match, Nice méritait largement les 3 points. Dommage.",0
2015-02-09T20:24:38Z,"
Ba putin kel match voler pour les niçois ou il est son hors jeu.... nul part parce ke yen a pas alors kil ferme sa gueule cette arbitre de merde!!!!!!!!! Nantes on du glisser un ptit billet dans la poche de l'arbitre !!!! ;)",1
2015-02-09T20:24:36Z,"
Ba putin kel match voler pour les niçois ou il est son hors jeu.... nul part parce ke yen a pas alors kil ferme sa gueule cette arbitre de merde!!!!!!!!! Nantes on du glisser un ptit billet dans la poche de l'arbitre !!!! ;)",0
2015-02-09T12:30:44Z,"match de ventre mou entre deux équipes qui ne vallent rien , on s'est fait chier du début à la fin , je suis supporter nantais et avant que les gens me traitent de footix en disant "" tu supportes nantes que lorsqu'ils gagnent "" et bien si ça vous fait plaisir de dépenser votre fric pour des matchs pitoyables tel celui-ci , c'est votre choix",0
2015-02-09T10:28:16Z,Encore un triste match ...,0
2015-02-09T07:48:16Z,"Dsl pour les niçois, le but était carrément valide et ça aurai fait 2 points de plus pour vous.
Après, le hors-jeu ne se joue pas a grand chose, dur pour les arbitres de touches, a quand la video ?
Un supporter Nantais.
",8
2015-02-09T07:12:11Z,"Un but valide refusé .....

Issa Nissa",4
2015-02-09T01:04:00Z,"Arbitrage au top encore une fois .......
A quand la vidéo ?",5
2015-02-27T11:46:23Z,ya rien pas peno,0
2015-02-27T11:46:05Z,Belle defense de nantes,0
2014-08-18T20:43:07Z,Tout le monde dit qu'il n'y a pas pénalty MAIS aucun nantais ne vient contester la faute et le joueur qui fait la faute a avoué lui-même au micro de Beinsport qu'il a déséquilibré le messin. Et la main de Cissokho on en parle ? Conclusion FERMEZ LA,3
2014-08-18T20:14:40Z,L'arbitre a été très généreux pour le penalty! Y a rein du tout! Conclusion les messins tombent tout seuls!,1
2014-08-18T18:17:18Z,Castro .. toujours entrain de nous plomber celui la.. enfin Gastro comme je l'appelle ..,0
2014-08-18T17:32:28Z,WTF ya pas pénalty O_o',0
2014-08-18T12:18:14Z,"Aller METZ !!!

Je vous rappelle juste qu'on a pas changer d'équipe depuis le National !
Donc la majorité de l'équipe découvre le haut niveau de la Ligue 1",1
2014-08-18T11:08:22Z,"Insupportable les messins, ils tombent tout le temps ",2
2014-08-18T10:17:39Z,"Wtf ce pénalty ... Castro, toujours fidèle à sa capacité à plomber Nantes",0
2014-08-18T10:05:48Z,"Les arbitres comme ça, ca m'fais rire, il mérite de crevée :')",0
2014-08-18T07:08:38Z,Pénalty imaginaire --',2
2014-08-18T00:27:22Z,Certe il n'y a pas penalty en premier mais ils n'ont pas montres la main d'un defenseur nantais dans la surface donc ce score 1-1 est plutot logique ,6
2014-08-18T00:03:19Z,Il ne le touche même pas sur la faute du penalty!,1
2014-08-17T23:47:26Z,"Et un penalty imaginaire, un ! Enfin bref', un match nul c'est toujours mieux que rien.",1
2014-08-17T23:10:10Z,FC NANTES! <3,2
2014-08-17T22:47:18Z,fou le woai,0
2015-05-13T19:20:09Z,L,0
2015-05-11T20:24:10Z,Y a pas hors jeu sur le 1er but?,0
2015-05-09T22:25:32Z,"Non ce n'était pas Cavani et Van Der Weil, Olive et Tom ont pris possessions de leurs corps",2
2015-05-09T09:52:30Z,"Autants de tirs Nantais que Parisiens, pourtant le résumé veux faire croire que le PSG a largement dominé...",0
2015-05-09T09:49:40Z,"Ils ont un problème avec Rémy Riou ces commentateurs, c'pas possible.",0
2015-05-07T15:33:38Z,ICI C'EST PARIS <3,2
2015-05-06T17:31:02Z,"Juste Rémy... Au moins une fois s'il vous plaît, c'est Rémy à Nantes et Rudy à Lens",1
2015-05-06T06:32:48Z,yo vengo por los super campeones C:,0
2015-05-06T01:26:23Z,"PSG hizo un gol al estilo 'Súper campeones' CAPITAN TSUBASA OLIVER Y TOM , O LOS HERMANOS KARIOTO HICERON ESTE GOLAZO AL PATEAR AMBOS EL BALÓN , QUE VIVA EL FÚTBOL CAVANNI Y WIEL",0
2015-05-05T17:36:06Z,Thiago Silva ! Vive la défense centrale !,0
2015-05-05T16:33:56Z,c est rudy c est remy,0
2015-05-05T16:14:41Z,Psg❤❤,0
2015-05-05T16:06:23Z,Aller Nantes ,0
2015-05-05T14:41:13Z,Pk tout le monde rage comme ça. Faite vous à l'idée que le psg et bien supérieurs à toutes les équipe de l1 c'est tous ,0
2015-05-04T20:18:22Z,C'est rély riou pas rudy!,1
2015-05-04T18:39:38Z,"Le voix du commentateur a changée, non ?",0
2015-05-04T18:38:19Z,"Quel tres beau public parisien.. Tres beaux gestes de gacher la minute de silence et un tifo, vous pouvez pas mettre un albiance correct alors vous essayez de gacher celle des autres ahah",0
2015-05-04T18:02:43Z,Il faudrait revoir vos fiche de composition ! C'est Rémi RIOU et non Rudy :) Rudy joue au RCL et non au FCN ! ;),0
2015-05-04T17:53:21Z,"Rémi Riou, merci.",0
2015-05-04T17:05:36Z,"Dommage qu'il n'y a pas de ralenti sur les rares occasions nantaises, on a préféré mettre un ralenti sur la chute d'Ibra quand au possible penalty non sifflé, bien qu'il n'y a pas penalty, Ibra tombe seul.",0
2015-05-04T17:05:34Z,Rémy bande d'incapable,0
2015-05-04T16:28:46Z,"Paris a pris une bonne option, mais je pense qu'il y a quand même un mince espoir :/",0
2015-05-04T16:08:24Z, Ça serait pas mal d'apprendre AUSSI les noms de joueurs de de nantes ... Rudy x),0
2015-05-04T14:51:54Z,Il est sérieux le commentateur là ?... C'est REMY Riou ! Rudy est à Lens.,0
2015-05-04T13:46:37Z,"Que Cavani s'étonne pas qu'on le critique s'il loupe des occas de buts, la passe à Ibra en début de match était le 2-0 assuré. Arrogance, égoïsme et manque de talent de ce joueur. Le conflit Cavani/Ibra risque pas de s'améliorer après cette action",0
2015-05-04T10:50:35Z,"Quand allons nous enfin avoir des arbitres digne de ce nom en France !
2 hors-jeux imaginaires qui auraient pu conduire à deux buts pour le PSG
1 pénalty non sifflé pour Zlatan !
Des fautes grossières non sifflées des 2 côtés et j'en passe !
Après on s'étonne qu'on est pas d'arbitre en coupe du monde mais quand nos arbitres gèrent un match comme un match de national !",1
2015-05-04T09:47:13Z,REMY Riou pas Rudy bande de stagiaires !!,1
2015-05-04T09:34:49Z,Aucun commentaire sur les débordements en tribune erdre : DOMMAGE !,2
2015-05-04T08:58:22Z,,0
2015-05-04T08:15:50Z,C'est clair que Pastore et l'équipe entiere se sent beacoup plus relachés quand Zlatan n'est pas sur le terrain.,0
2015-05-04T08:09:57Z,Match correct de Nantes dans l'ensemble. Un but aurait été mérité ,2
2015-05-04T07:33:44Z,Le PSG il n'y a aucune valeur que de l'argent si on donnait autant d'argent à Nantes il serais eux aussi champion et sa marche pour n'importe qu'elle équipe . Avant Paris avait gagne le championnat une seul fois et maintenant comme par hasard 2 fois consécutif   ,4
2015-05-04T05:56:51Z,"Le commentateur dis: Rudy Riou, mais c'est Rémi Riou! Rudy joues à Lens",1
2015-05-04T05:51:04Z,"Résultats du PSG cette saison en % avec réactions recueillies:

10% DEFAITES : ""quelle honte de perdre avec un tel budget!""
24% NULS : ""quelle honte de ne pas gagner avec un tel budget!""
66% VICTOIRES : ""quelle honte de ne pas écraser l'adversaire avec un tel budget!""


11% de DÉMONSTRATIONS : ""normal avec un tel budget...""
Part de jaloux hypocrites : 80%",20
2015-05-04T04:21:48Z,"Quand Paris n'a que le championnat Paris est intouchable. La dernière chance des Lyonnais est Montpellier, au départ j'y aurait pas cru mais avec la suspension de Motta et du surcôté Verratti ça changera tout.. quoique Montpellier est perdu depuis la blessure de Sanson.
Bref en tant que Lyonnais on a encore une chance de vous accrocher mais bon, il a l'air promis à Paris que je vois mal perdre à Montpellier.. ",3
2015-05-04T03:00:10Z,"Au passage faites des efforts dans vos résumés, vous avez pratiquement rien montré côté Nantais alors qu'il y avait de la matière quand même.
Vous avez carrément accès votre vidéo sur le PSG alors qu'offensivement ils n'ont pas réalisé non plus un match de haut vol.",4
2015-05-04T02:52:30Z,"Le PSG s'est montré plus réaliste et opportuniste devant les buts.
Mais dans l'ensemble le FC Nantes n'a pas démérité bien au contraire, ils ont réussi à imposer leur jeu de temps en temps, en mettant en difficulté le PSG.
Habituellement, y'a une possession de balle outrageuse mais là elle était plutôt équitable avec du 45/55 % (et sûrement même une petite domination nantaise pendant certaines phases de jeu).
Dommage qu'après autant d'envie et de dépense sur le terrain, on ait pas été récompensé d'au moins un petit but.
Sûrement l'un des meilleurs matchs dans le contenu réalisé par le FCN, plaisant à regarder parce que les nantais n'ont pas fermé le jeu, ils y sont allé au culot et ce qui à rendu la partie très intéressante, et qui l'aurait sûrement été encore plus si il n'y avait pas eu ces deux buts pris aussi rapidement. :)
(Et n'oublions pas notre gardien qui nous en sort des belles quand meme !)

Enfin bref', pendant les 3 derniers matchs on engrange les points pour viser une meilleure place !
 #TeamFCN",11
2015-05-04T00:03:22Z,Ouai cst Remy cst bien ce que je me disais,0
2015-05-03T23:54:26Z,"Belle victoire même si on aurait largement pu mettre un ou deux buts de plus qui nous auraient bien aidés pour la différence de but qui est favorable à Lyon, mais ça nous empêchera pas d'être champion :)
J-19 avant que Thiago Silva brandisse Hexagoal, et oui les lyonnais jamais vos sales mains ne se poseront sur NOTRE trophée ;)",12
2015-05-03T23:35:06Z,Toujours aucun tweet de la part de JMA. Inquiétant !!!,0
2015-05-03T23:33:24Z,First,0
2015-07-05T08:41:48Z,Allez Nantes ,0
2015-05-08T15:41:18Z,ahamada est pas dans les buts  POURQUOI????????????,0
2015-04-29T17:08:28Z,11 tirs nantais!!!??? ils les voient ou? j'ai vu le match et j'en ai vu que 3!!,0
2015-04-27T12:24:10Z,Miraculeux ce nul,0
2015-04-27T10:33:55Z,aller nantes et merci bedoya,0
2015-04-27T08:59:36Z,"Avec le nouveau entraîneur,tout va mieux c'est bizarre ",0
2015-06-14T16:39:54Z,"à l'origine, encore un joli décalage de JP...",0
2014-09-29T19:02:35Z,Lol a la fin paris paris on t encule !!!!,0
2014-09-29T19:00:57Z,Aller paris,0
2014-11-11T20:22:42Z,"bravo lille
mais allez om",0
2014-09-16T17:33:30Z,Allez le losc on a gagner mais Nantes ont quand même bien joué,0
2014-09-16T17:33:33Z,Allez le losc on a gagner mais Nantes ont quand même bien joué,0
2014-09-16T13:28:17Z,bien joué Lille l'essentiel est la les 3 pts la 1ère place,0
2014-09-15T18:46:04Z,"Nul aurait été mérité, une mi-temps de dominé chacun ... FCN <3",1
2014-09-15T18:21:40Z,"1- Bonne voire très bonne 1ere période nantaise. Lille n'a rien fait.

2- 2eme période nantaise catastrophique avec ses 2 buts (très très très évitables) en autant de temps. Le match est donc plié à se moment la car Nantes n'a pas le mental lorsqu'il est mené.

3- Veigneau, calamiteux dimanche, à joué tout le match. J'essaie encore de comprendre pourquoi ?

4- Encore une fois, il y avait la place mais bon, nos attaquants ne sont pas capables de marquer ...

Défaite amère ...",0
2014-09-15T18:20:06Z,Toujours ce p... De manque de réalisme :'( Toujours cette malchance. Lille a peut être mérité sa victoire mais ça aurait été bien d'en planter un !,0
2014-09-15T17:21:20Z,"franchement , belle prestation du losc , bonne ambiance mais c'est quoi ce speaker de merde ?",0
2014-09-15T14:55:00Z,Il y a eu beaucoup plus d action nantaise,0
2014-09-15T12:05:12Z,Allez le LOSC !,0
2015-07-05T16:43:02Z,Toulouse allez allez l'annee prochain on tout defonce courage ,0
2014-12-07T11:12:30Z,Allez les jaunes et vert !!,0
2014-12-06T23:55:37Z,"ce qui choque c'est ça : 18 tirs, 4 cadrés",0
2014-12-05T20:26:10Z,TFC ALLER ALLER ALLER ALLER ALLER ALLER !!!!!!!!!!!!! ,0
2014-12-05T09:44:42Z,"Itay en pointe = ça ne marche pas car ce n'est pas son poste (honteux les sifflets a sa sortie d'ailleurs)

Audel = LOL

Veigneau = ses erreurs sont récurrentes et ça plombe les matchs

Défaite amère ... On va voir ce que ça donnera au Parc demain. Remobilisez vous les Jaunes ! 

",2
2015-06-21T14:52:50Z,ne jamais oublier tous ces moments passer Lescure à tout jamais,3
2015-05-10T23:26:50Z,"Le premier penalties pour Nantes est quand même dégueulasse  on voit bien qu'il saute dans le vide ... Mais bon heureusement que le penalties pour bordeaux par la main non volontaire nous a fait justice puis emmener par des supportaire géniaux, on a marquer .. Adieu Lescure merci pour tous ! <3 for ever ",3
2015-05-10T23:18:38Z,"Quelle ambiance ! 
Fiert d'etre bordelais !",15
2015-05-10T22:58:24Z,Très belle victoire pour dire adieu à Lescure !,11
2015-05-10T22:38:16Z,"j'ai envie de troller

les restrictions pour les sup nantais on en parle ?",1
2015-07-20T14:04:19Z,"Moi je joue au foot dans l'ancien club de taylor moore a l'as etaples
",0
2015-07-01T13:53:33Z,DELORT A LENS,0
2015-06-03T17:26:11Z,cc Rudy,0
2015-06-03T11:16:49Z,"1:39 : C'est quand tu vois ce genre d'actions que tu comprends pourquoi le RC Lens descend en Ligue 2. La défense a été de ce niveau durant toute la saison. Des erreurs à n'en plus finir, des mésententes, des oublis, des mauvaises relances... Lens a sans doute eu la pire défense de Ligue 1 cette saison. On ne peut pas prétendre rester dans l'élite avec une telle défense.",0
2015-06-02T17:20:39Z,Nantes m'énervent sérieusement là... Depuis quelques matchs on est plus foutus de gagner un match... Bravo à Lens et je vous souhaite de remonter en ligue 1 très vite.,1
2015-05-26T16:48:47Z,Je suis triste  pace que je suis lensois nes est lens na pas un budget fixe  et je trouve que nante devrait acheter un bonne attaquant mais le millieu et la défense  c est solide,0
2015-05-25T18:56:01Z,bien jouee lens bravo :),1
2015-05-25T13:44:57Z,Vite !!! Un VRAI attaquant au FCN !!!!! Audel a tout raté la ....,1
2015-05-24T23:03:37Z,"Une fin de saison plus que laborieuse pour nous, vivement le retour d'un buteur à Nantes... Ami(es) Lensois je vous souhaite de retrouver une vraie stabilité financière avec votre nouvel investisseur et revenir le plus rapidement possible pour perdurer dans l'élite, vos supporters le méritent.",1
2015-05-24T21:24:21Z,"Très mauvais résumé... Vous préparez un peu avant ou quoi ? On dirait que c'est fait au feeling !
Bravo à Lens, Nantes est naze sur cette fin de saison ! :)",1
2015-05-24T18:26:08Z,"En fait le FC Nantes c'est comme mon année scolaire : Au début, c'est excellent, rien à redire, puis ça se relache petit à petit et à la fin y'a même plus d'efforts...",10
2015-05-24T17:45:50Z,"Lens,quel club, quel public... Remontez vite =(",7
2015-05-24T08:23:56Z,the lens fans are just amazing. greetings from germany ,17
2015-05-24T07:55:21Z,"Lens termine sur une bonne note avant de préparer son retour en Ligue 2, Courage à vous Lensois !",16
2015-02-03T20:55:45Z,N'importe quoi salle miop va chez OPITC  2000 serieux,0
2015-02-03T20:36:43Z,"Bordeaux avait été éliminé de la LDC à cause d'une faute de main équivalente à celle de Rozenhal ... Avec cet arbitre on serait allé en demi, contre le Bayern qui avait déjà piné 2 fois en phase de poule... je pleure. ",0
2015-02-03T17:55:34Z,2 mains non sifflées non mais faut le faire quand même bravo l'arbitre ! Nantes méritait de gagner,0
2015-02-03T17:54:09Z,Mais yavait main ptn de merde,0
2015-02-03T16:27:52Z,2 mains ... 0 pénaltys ...,0
2015-02-03T08:16:47Z,Beau matche mais comme meme les  maine monsieurs l arbite quoi ,0
2015-02-02T20:03:01Z,"Putain arbitre de mes deux!!!!!!!!!!!!!!!!!!!!!!!!!!!!!!!!!!!!!!!!!!
FCN <3",1
2015-02-02T16:30:07Z,"Deux arrêts du bras de la part d'un défenseur dans la surface de réparation, deux ! quoi merde ....",0
2015-02-02T16:29:54Z,Un supporter lillois était sur le terrain pendant 90 minutes. Si si il était en noir regardez bien ....,1
2015-02-02T15:02:19Z,Arbitre VENDU !!!!!!!! Arbitre VENDU !!!!!!!! Dignité aux oubliettes !!!!,1
2015-02-02T12:58:25Z,L'arbitre a dû louper son rendez-vous chez un opticien Alain Afflelou lol,1
2015-02-02T12:55:43Z,Et comme à son habitude l'arbitrage a montré très clairement son camp.,0
2015-02-02T05:24:26Z,putain d arbitrage en faveur des consanguins,1
2015-02-02T03:52:33Z,Arbitrage digne d'un championnat français ,1
2015-02-01T23:35:34Z,Arbitre de meeerde!!! ,3
2015-02-01T23:25:59Z,"Au moins 2 pénaltys non sifflés ...
Arbitrage excellent dans la calamité !",5
2015-02-01T23:14:08Z,Wahh super arbitrage ,1
2015-02-01T23:11:34Z,Super match mais je trouve que l'arbitrage était un peu contre Nantes:deux mains 0penaltys la faut arrêter les arbitres mais bon un bon match dans l'ensemble pour lille et Nantes !,2
2015-02-01T23:04:36Z,Dommage pour lille,0
2015-02-01T23:03:57Z,.yeah first,0
2015-03-15T15:24:38Z,Sympa le résumé sans les (grosses) erreurs d'arbitrage,0
2015-03-10T14:22:27Z,RÉMOIS,0
2015-03-09T22:13:23Z,Et tg Arthur compere,0
2015-03-09T22:12:54Z,Aller Nantes et le muscadet j encule le champagne,0
2015-03-09T19:43:17Z,"Vous osez appeler ça un résumé ? Et les buts refusés injustement on en parle ??
Après je réfutes pas la défaite de Nantes, malgré l'arbitrage très mauvais. Mais quand on fait autant d'erreur (le corner, le dégagement de Riou), on ne peut pas gagner un match.",0
2015-03-09T19:39:05Z,But de reims sur 3 erreurs de nantes !!!,3
2015-03-09T15:43:46Z,"21 tirs à 7  pour Reims,  magnifique ambiance,  bravo Reims et je m inquiete pas du tout pour le maintiens, on vise la premiere moitié de classement",0
2015-03-09T13:15:45Z,"Franchement j'ai bien fait de pas avoir regardé le match ! Sinon j'aurais cassé ma télé ! Aussi, nos joueurs ils abusent, c'est pas possible ! On donne le bâton pour se faire frapper !",1
2015-03-09T12:28:18Z,Un jour je rêve d'un match ou l'arbitrage ne favorise pas l'adversaire nantais,0
2015-03-09T11:12:30Z,"C un résumer de merde Nantes mérites de gagner aller Nantes 
",0
2015-03-09T10:50:49Z,Cet arbitrage pourri...,0
2015-03-09T08:40:13Z,"Outre l'arbitrage pro Reims, comment peut on accepter le fait de prendre 2 buts en 2 minutes ? On leur donne les buts ... ",1
2015-03-09T08:40:12Z,Cette vidéo n'es pas digne d'être appelée RESUME vu les fait aberrants du match qui n'ont pas été montré. Cela montre une grosse faiblesse de la ligue 1 qui essaye de ne pas divulguer les litiges en terme d'arbitrage pour ne pas faire de vagues.  #déçu  FCN,4
2015-03-09T07:58:08Z,"Victoire méritée, même avec un mauvais arbitrage.
Le premier but refusé Nantais l'es à juste titre, certes de pas grand chose, mais il est hors-jeu. Ce sont les pieds qui comptent sur un hors jeu, or, le Nantais a son pied gauche hors-jeu donc rien à dire là-dessus.
On menais déjà 2-0 il n'y avait aucune erreur d'arbitrage, après l'arbitre abuse pour moi sur le carton rouge car le Nantais glisse mais fait jeu dangereux, j'aurais mis jaune, mais je n'étais pas l'arbitre...
Réduction du score refusée pour Nantes pour une faute... Fantôme ?
De plus le but du 3-1 pour Nantes est hors-jeu, donc je ne comprends pas les insultes
de certains, malgré un mauvais arbitrage.
Par contre il a mal arbitré pour Reims aussi. A la fin du match Oniangué et Diego étaient démarqués devant un but avec des défenseurs autour, et l'arbitre siffle pour aller voir les Nantais à terre, alors qu'il aurait du laisser l'avantage... Tout comme quand Diego se fait tacler 2-3 fois dans la surface où je pense qu'il y a penalty au moins une fois.
Il y a eu des erreurs de chaque côté...
Sinon, très bonne victoire qui nous permet de respirer et de prendre 6 points importants sur Toulouse. Il faudra gagner contre Nice et prendre des points à l'extérieur, car gagner contre Monaco et Lyon à domicile qui sont en pleine bourre ca va être difficile ;)",2
2015-03-09T06:50:39Z,"Et les 2 buts refusés pour Nantes dont un avec un hors-jeu innexistant et l autre pour une tres legere faute, on en parle!?",5
2015-03-09T02:22:58Z,Comment on peut appeler ça un résumé en ne montrant même pas les gros faits de jeux?,14
2015-03-09T01:52:56Z,On s ' régale à Nantes du bon football ,0
2015-03-18T20:39:45Z,bienveune à équipe national marocain  #YASSIN  23,1
2014-10-28T17:39:56Z,Quel but quel célebration de fou ! Quand il vendait c'est maillot a paris personne voulais prendre une photo avec le vendeur mais aintenant Nantes la relancer plus que tout ! :) Ohhh les Nantais ! Allez les jaunes et verts et verts allez les jaunes et verts !!!,1
2014-10-27T15:29:26Z,allez bammou on'y crois!,1
