publish_date,title,view_count
2015-05-17T10:44:42Z,FC Nantes - Lorient : Lucas Deaux,461
2014-10-26T23:00:05Z,But LUCAS (50&#39; pen) / Paris Saint-Germain - Girondins de Bordeaux (3-0) -  (PSG - GdB) / 2014-15,2168
2015-03-01T23:00:00Z,FC Nantes - EA Guingamp (1-0) - Highlights - (FCN - EAG) / 2014-15,924
2015-03-22T22:59:59Z,Stade Rennais FC - FC Nantes (0-0) - Highlights - (SRFC - FCN) / 2014-15,538
2014-12-14T23:00:07Z,FC Nantes - Girondins de Bordeaux (2-1) - Highlights - (FCN - GdB) / 2014-15,2386
2014-09-14T22:00:02Z,LOSC Lille - FC Nantes (2-0) - Highlights - (LOSC - FCN) / 2014-15,7654
2014-10-19T19:38:09Z,FC Nantes - Stade de Reims (1-1) - Highlights - (FCN - SdR) / 2014-15,1748
2015-03-22T22:59:59Z,Stade Rennais FC - FC Nantes (0-0)  - Résumé - (SRFC - FCN) / 2014-15,9433
2014-12-18T06:00:23Z,FC Nantes - FC Metz (4-2 a. p.)  (1/8 de finale) - Résumé - (FCN - FCM) / 2014-15,69023
2015-03-08T23:00:00Z,Stade de Reims - FC Nantes (3-1) - Highlights - (SdR - FCN) / 2014-15,1022
2015-01-18T23:00:07Z,AS Monaco - FC Nantes (1-0) - Highlights - (MON - FCN) / 2014-15,1818
2014-08-10T22:00:03Z,FC Nantes - RC Lens (1-0) - Highlights - (FCN - RCL) / 2014-15,3345
2015-05-10T22:00:00Z,Girondins de Bordeaux - FC Nantes (2-1) - Highlights - (GdB - FCN) / 2014-15,1428
2015-02-22T23:00:30Z,Olympique Lyonnais - FC Nantes (1-0) - Highlights - (OL - FCN) / 2014-15,3597
2014-12-21T23:00:07Z,FC Lorient - FC Nantes (1-2) - Highlights - (FCL - FCN) / 2014-15,1305
2015-01-25T23:00:07Z,Montpellier Hérault SC - FC Nantes (4-0) - Highlights - (MHSC - FCN) / 2014-15,1684
2014-12-14T23:00:08Z,FC Nantes - Girondins de Bordeaux (2-1)  - Résumé - (FCN - GdB) / 2014-15,26828
2014-08-17T22:00:03Z,FC Metz - FC Nantes (1-1) - Highlights - (FCM - FCN) / 2014-15,3008
2015-05-03T23:51:02Z,FC Nantes - Paris Saint-Germain (0-2) - Highlights - (FCN - PSG) / 2014-15,13695
2015-04-19T21:59:59Z,FC Nantes - Olympique de Marseille (1-0) - Highlights - (FCN - OM) / 2014-15,1966
2014-12-04T23:00:09Z,FC Nantes - Toulouse FC (1-2) - Highlights - (FCN - TFC) / 2014-15,1100
2015-01-15T00:00:31Z,LOSC Lille - FC Nantes (2-0)  (1/4 de finale) - Résumé - (LOSC - FCN) / 2014-15,22837
2015-02-08T22:59:59Z,OGC Nice - FC Nantes (0-0) - Highlights - (OGCN - FCN) / 2014-15,867
2015-03-01T22:59:59Z,FC Nantes - EA Guingamp (1-0)  - Résumé - (FCN - EAG) / 2014-15,19883
2015-05-24T03:57:36Z,RC Lens - FC Nantes (1-0) - Highlights - (RCL - FCN) / 2014-15,1093
2015-02-01T23:00:00Z,FC Nantes - LOSC Lille (1-1) - Highlights - (FCN - LOSC) / 2014-15,993
2015-01-11T23:00:03Z,FC Nantes - FC Metz (0-0) - Highlights - (FCN - FCM) / 2014-15,644
2014-08-10T22:00:03Z,FC Nantes - RC Lens (1-0)  - Résumé - (FCN - RCL) / 2014-15,40501
2014-09-25T22:00:04Z,SC Bastia - FC Nantes (0-0) - Highlights - (SCB - FCN) / 2014-15,1169
2014-11-23T23:00:06Z,FC Nantes - AS Saint-Etienne (0-0) - Highlights - (FCN - ASSE) / 2014-15,1253
2015-04-19T21:59:59Z,FC Nantes - Olympique de Marseille (1-0)  - Résumé - (FCN - OM) / 2014-15,40216
2014-10-19T20:38:05Z,FC Nantes - Stade de Reims (1-1)  - Résumé - (FCN - SdR) / 2014-15,19937
2015-02-22T23:00:30Z,Olympique Lyonnais - FC Nantes (1-0)  - Résumé - (OL - FCN) / 2014-15,50095
2015-01-25T23:00:03Z,Montpellier Hérault SC - FC Nantes (4-0)  - Résumé - (MHSC - FCN) / 2014-15,18634
2014-12-22T01:39:07Z,FC Lorient - FC Nantes (1-2)  - Résumé - (FCL - FCN) / 2014-15,26127
2015-02-08T22:59:59Z,OGC Nice - FC Nantes (0-0)  - Résumé - (OGCN - FCN) / 2014-15,9530
2014-08-17T22:27:43Z,FC Metz - FC Nantes (1-1)  - Résumé - (FCM - FCN) / 2014-15,24978
2015-05-03T23:27:35Z,FC Nantes - Paris Saint-Germain (0-2)  - Résumé - (FCN - PSG) / 2014-15,135668
2015-04-26T21:59:00Z,Toulouse FC - FC Nantes (1-1)  - Résumé - (TFC - FCN) / 2014-15,14591
2014-09-25T22:00:05Z,But LUCAS (18&#39;) / SM Caen - Paris Saint-Germain (0-2) -  (SMC - PSG) / 2014-15,10301
2014-09-14T22:00:03Z,LOSC Lille - FC Nantes (2-0)  - Résumé - (LOSC - FCN) / 2014-15,34937
2014-09-24T19:25:50Z,But de Lucas,3120
2014-12-04T23:00:07Z,FC Nantes - Toulouse FC (1-2)  - Résumé - (FCN - TFC) / 2014-15,12335
2015-05-10T21:59:59Z,Girondins de Bordeaux - FC Nantes (2-1)  - Résumé - (GdB - FCN) / 2014-15,25005
2015-04-26T22:00:00Z,Toulouse FC - FC Nantes (1-1) - Highlights - (TFC - FCN) / 2014-15,1079
2015-05-24T04:39:24Z,RC Lens - FC Nantes (1-0)  - Résumé - (RCL - FCN) / 2014-15,30816
2014-08-16T15:46:31Z,But de Lucas psg-Bastia,585
2015-02-01T23:00:00Z,FC Nantes - LOSC Lille (1-1)  - Résumé - (FCN - LOSC) / 2014-15,13036
2015-03-08T22:59:59Z,Stade de Reims - FC Nantes (3-1)  - Résumé - (SdR - FCN) / 2014-15,19059
2014-10-26T23:00:05Z,But Yacine BAMMOU (75&#39;) / Evian TG FC - FC Nantes (0-2) -  (ETG - FCN) / 2014-15,28978
