publish_date,title,view_count
2014-11-16T18:31:31Z,Santarcangelo   L&#39;Aquila 0 1 Tommaso Ceccarelli gol,324
2015-07-01T12:10:18Z,Jakub Jankto - Insane speed |HD|,16624
2014-09-16T20:38:46Z,Goal Nanè,140
2015-07-16T17:55:08Z,Phoenix Napoli-Energy Academy | Finale SerieB LND BeachSoccer,158
2015-01-25T23:16:12Z,Campionato Giovanissimi 2014/15 - La N.P. Novoli vs Ponte a Greve,618
2014-10-05T18:18:50Z,Casellina - Audace Legnaia 1-0 (Azione che porta Dario Solhparvar al gol vittoria),225
2015-04-29T08:18:21Z,Oscar dell&#39;AP Castelfranco 2015,498
2015-05-21T06:54:24Z,CAMPIONISSIMI - TORNEO OREGINA,267
2014-08-20T19:17:24Z,Gol Crescenzo Liccardo in allenamento,205
2015-06-24T13:56:54Z,TFG - Coletti a un passo dal Foggia Calcio  Poi Floriano e Scaglia,506
2014-11-02T12:33:04Z,REAL TEVERINA vs TUSCANIA,449
