publish_date,title,view_count
2015-03-21T22:59:59Z,AC Ajaccio - Clermont Foot (1-2)  - Résumé - (ACAJ - CF63) / 2014-15,2774
2015-02-07T23:00:00Z,AC Ajaccio - Stade Lavallois (0-0)  - Résumé - (ACAJ - LAVAL) / 2014-15,783
2015-02-21T23:00:00Z,AC Ajaccio - AJ Auxerre (1-1)  - Résumé - (ACAJ - AJA) / 2014-15,3541
2015-02-28T22:59:59Z,Havre AC - AC Ajaccio (2-1)  - Résumé - (HAC - ACAJ) / 2014-15,4263
2015-05-02T21:59:59Z,AS Nancy-Lorraine - AC Ajaccio (2-0)  - Résumé - (ASNL - ACAJ) / 2014-15,4005
2015-03-07T23:00:01Z,AC Ajaccio - US Créteil-Lusitanos (0-1)  - Résumé - (ACAJ - USCL) / 2014-15,1711
2015-02-14T23:00:00Z,Châteauroux - AC Ajaccio (0-0)  - Résumé - (LBC - ACAJ) / 2014-15,1021
2015-05-09T21:59:59Z,AC Ajaccio - Stade Brestois 29 (2-1)  - Résumé - (ACAJ - SB29) / 2014-15,3832
2015-03-14T23:00:00Z,Chamois Niortais - AC Ajaccio (1-0)  - Résumé - (NIORT - ACAJ) / 2014-15,1631
2015-04-11T21:59:59Z,AC Ajaccio - Dijon FCO (1-0)  - Résumé - (ACAJ - DFCO) / 2014-15,2092
2015-04-29T17:55:57Z,AC Ajaccio - US Orléans (2-3)  - Résumé - (ACAJ - USO) / 2014-15,5264
2015-05-23T22:00:00Z,AC Ajaccio - AC Arles Avignon (2-1)  - Résumé - (ACAJ - ACA) / 2014-15,4884
2015-04-18T21:59:59Z,ESTAC Troyes - AC Ajaccio (2-0)  - Résumé - (ESTAC - ACAJ) / 2014-15,3692
2015-04-25T22:00:00Z,Angers SCO - AC Ajaccio (1-0)  - Résumé - (SCO - ACAJ) / 2014-15,4379
2015-01-24T16:00:46Z,Haris Belkebla vs ASSE,28818
2014-11-09T21:23:46Z,Laurent Blanc vs Brice Dja Djédjé | PSG vs OM (2-0) - Ligue 1,351544
2015-05-13T16:24:14Z,Say Yes to Racism (Official) - HD,24593
2014-10-19T17:07:21Z,Envahissement du terrain et incidents - Nice vs Bastia (0-1),45516
2014-11-17T20:33:15Z,Le tacle FDP de Corentin Tolisso sur Alex Pritchard | France Espoirs vs Angleterre (3-2),10815
2015-01-25T15:08:00Z,L&#39;expulsion FDP de Steven Defour - Standard de Liège vs Anderlecht,214073
2015-04-09T11:45:11Z,FC Lorient : est-ce que son cœur bat Lens ?,191
