published-time,comment,likes
2015-02-09T12:55:20Z,"Logo du Havre pour le Stade Lavallois ? c'était si compliqué de vérifier ça avant de poster la vidéo ? ça ressemble à du travail bâcler, pas très sérieux... ",1
2015-02-08T12:37:03Z,0:05 Vous vous êtes trompés de logo pour Laval XD,1
2015-02-23T12:54:05Z,"Aller l Aja
",0
2015-03-03T13:49:27Z,"#Ligue2 - Classement des buteurs - Mickaël Le Bihan grignote ! 
La première place de Jonathan Kodjia (Angers SCO) ne tient qu’à un fil après la 13e réalisation de Mickaël Le Bihan (HAC) lors de la 26e journée de Ligue 2 - http://www.lfp.fr/ligue2/article/mickael-le-bihan-grignote.htm",2
2015-03-01T10:05:57Z,Guichets fermés,0
2015-05-03T09:12:37Z,"J'ai pas trop compris le coup franc mais bravo Nancy, on y croit !! :D",5
2015-03-14T16:23:37Z,bravo Créteil !,0
2015-03-08T20:35:55Z,Ta raison,0
2015-03-08T08:49:13Z,il y a déjà 1-0 sur le tableau d'affichage avant le seul but de la rencontre ?,2
2015-02-18T15:48:17Z,"Un joli boucher, encore, ce Sainati !",0
2015-05-10T12:11:18Z,"Problème de caméra pas d'éclairage, j'étais au match ",1
2015-05-10T11:05:36Z,Y aurai pas eu un petit probleme d eclairage??,0
2015-05-09T22:04:47Z,First,0
2015-04-12T17:27:26Z,allez dijon,0
2015-04-30T17:01:28Z,le gazélec est en train de remplacer l'AC .,1
2015-04-29T23:55:16Z,font trop pitiés les supporters d'ajaccio,6
2015-04-29T20:02:33Z,Bravo a Orléans pour ce retournement de situation ,1
2015-04-29T19:15:31Z,je n y croyait pas :) je suis supportair d Orléans et je voyait deja le retour en national a la mi temps mais ces 3 buts mon rassurer :) aller USO faut rester en ligue 2 :),4
2015-04-20T06:52:47Z,#Ligue2 - J32 - Retrouvez tous les résumés des matchs du week-end sur la chaîne officielle YouTube !,7
2015-04-19T15:19:05Z,Allez court,2
2015-04-19T12:04:17Z,"L'un des plus beaux matchs de Troyes cette saison avec un jeu au sol magnifique, y a pas 5 équipes de L1 qui auraient manoeuvré Ajaccio de cette manière donc  franchement si elle garde ses éléments cette équipe peut vraiment faire quelque chose de beau l'année prochaine (surtout que les joueurs se connaissent bien).",2
2015-04-25T23:02:25Z,Tous derrière le SCO pour la monter ;),4
2015-04-25T22:32:23Z,Ça fait plais de voir équipe qui va monter en ligue 1,7
2015-04-30T15:35:25Z,Il croit qu il va le dribbler xd,0
2015-04-27T11:12:57Z,mdr les marseillais qui rage vu le niveau de votre club faudrait faire rentrer Laurent blanc sur le terrain histoire que vous ayez une chance ahahaha pauvre Marseille,6
2015-04-04T15:26:59Z,une magnifique video de 11 secondes dont 5 passées a voir le crane du supporter... je suis curieux : pourquoi poster une video aussi nullissime ?,9
2015-04-04T11:54:03Z,Déjà rien que les noms ça fait pas le poids XD,0
2015-01-04T12:32:10Z,Ya des des supporters de Marseille qui pense qu'il vont gagner au match retour 😂😂😂😂😂😂😂😂😂😂😂😂 mais vous êtes des malades on vous baises a domicile comme a l'extérieur bande guezmer je le dit haut et fort MARSEILLE MARSEILLE ON T'ENCULE,23
2014-12-19T21:58:30Z,On voit mm pas l'autre avk sa balese tete,0
2014-12-14T11:47:51Z,"Même Laurent s'y met,  ah ah vraiment trop facile ce match!  Je pense qu'il aurait pu rentrer et se balader dans la défense marseillaise.  Et hop 3-0!  But de blanc.  ",15
2014-12-06T12:11:58Z,Quel boufone se lolo ,0
2014-11-11T11:16:02Z,Honte!!,0
2014-11-10T16:22:38Z,Y,0
2014-11-10T13:49:27Z,"Pousse ta tête, on voit rien !",20
2014-11-10T09:45:26Z,Putain c'est bon ça toujours en forme lolo !,2
2014-11-10T09:14:44Z,"Un Gros Connard .
Il se croit tout permis car il est à paris
mais paris on t enc....",8
2014-11-10T09:06:35Z,Une honte ! Franchement il se prend pour le roi du monde celui là ???... Grosse tête !!!...,24
2014-11-10T04:08:32Z,"Même à 48 ans et en Weston il le met à l'amende petit extérieur du pied. 

Haha !",31
2014-11-10T02:39:27Z,Ses vremen une grosse tete de con se lauren blanc il se pren pour un gran cotch alor ke ses une groos victime il a pa dnautorite ses une merde ki se mai a 4 patte pour se faire defonce le cul pas naser ,8
2014-10-20T19:23:12Z,KOSOVO IS SERBIA!!,4
2015-04-07T20:57:40Z,"C'est dommage qu'il soit trop maladroit à la récup'
Un gars comme Sanson est plus complet et donc plus à meme de renforcer les A bientot ;)",1
2015-01-30T15:14:19Z,Encore une vidéo faite par un consanguin ...,4
2015-07-29T14:53:50Z,Ridiculous,0
2015-06-02T15:08:32Z,"I get that he signed for Anderlecht but wtf that's way out of order, it's just football...",9
2015-05-20T09:26:58Z,"Can someone tell me the history of this ""banner"" and why Defour is being called a ""Judas"" (I guess he switched teams with the enemy)?",3
2015-03-10T23:37:03Z,Grand moment ,2
2015-02-09T22:41:18Z,is this language croatian?,0
2015-02-08T23:10:08Z,Vous savez c'est que du foot c'est des personnes qui shots et qui cours après un ballon c'est n'importe quoi de le traiter de fdp car la vous insulter sa mère. Surtout les gens qui on fait le panneau rouge ou mort vous avez quoi dans la tête srx vous êtes des fous. Tout sa pour du foot pfff... 😪,1
2015-01-31T21:09:31Z,"je pense qu il faut pas vraiment en vouloir a
Defour pour son exclusion 
mettez vous a sa place
des milliers de supporter contre lui 
une bandrolle (aussi stupide qu inutile sans doute créée par un cerveau imbibé de jupiler )
scandant sa mort (par décapitation)
bravo standard !!!
 aujourd hui tout le monde vous connait 
mais....
pas en bien lol",3
2015-01-31T15:58:14Z,"Puta Anderlecht, Puta Anderlecht!! Fuck Judas Defour, awesome banner by our Ultras",14
2015-01-26T23:02:46Z,"Very shitty referee , he might be a cunt to liege/luik fans but he didt do any thing yellow would have been acceptable ",7
2015-01-26T22:38:14Z,"JE SUI DEFOUR, STANDARD DE MERDE",2
2015-01-26T15:45:33Z,standard de merde ouai,3
2015-01-26T14:03:23Z,Shame on standard gtfo,4
2015-01-26T03:52:00Z,Regarder moi ça proto l'autres grosse pleureuse quel trimard ce type,5
2015-01-26T00:31:40Z,Fuck Defour. ,2
2015-01-25T23:23:08Z,"What a feast for a professional imbecile spotter like me.  Imbeciles who create such a distasteful banner.  An imbecile who can't manage to putative ball into the back of the. Et in over one and a half hours of continuous 'action' but can slam it into the stands.  And an imbecile who over reacts in a pressure cooker atmosphere by sending him off.  Imbeciles in the stands, and imbecile player and an imbecile official.  The trifecta!  Mouth watering fare for a committed imbecile watcher.",0
2015-01-25T22:14:45Z,weak deciscion from the referee,9
2015-01-25T16:56:29Z,Le tifo en début de match était peut être une source de motivation pour lui,9
