published-time,comment,likes
2015-05-02T16:04:53Z,"Claudio. !!!!bravooooooooo!!! En cada partido que juega esta el arco del barcelona invatible.

Saludos desde barcelona (ciudad)",0
2015-05-03T09:26:23Z,What does it mean? :) ,0
2015-05-02T15:58:08Z,y eso por que es?,1
2014-11-14T19:10:28Z,Sunt Antonio eu nu am putut sa vin la meci pentru ca sunt din Brasov  si  nu am bani ca sunt un copil si mama si tata nu au bani sa ma duca,4
2014-10-31T09:49:47Z,"VOI FI ACOLO...DEFAPT ACUM MA PREGATESC SA PLEC ALATURI DE CATEVA SUTE DE CAINI DIN ARDEAL, BRASOV!!!!HAI DINAMO!!",5
2014-10-29T15:22:48Z,"Nu sunt dinamovist dar vineri eu tin cu cainii.
MUIE STEAUA!!!",4
2014-10-28T22:07:51Z,Sunt Alex si.. MUIE steaua!,2
2014-10-28T18:19:14Z,PREZENT CU TRUPUL SI VOCEA! ,0
2014-10-28T17:00:16Z,PREZENT !,0
2014-10-28T16:56:38Z,PREZENT!!,0
2014-11-01T14:29:59Z,Asta a fost coregrafie ? =)))))),0
2014-08-24T18:14:30Z,fukn sore loosers,0
2014-08-24T10:23:04Z,First,0
2015-04-29T18:14:13Z,"Respect maxim pentru fani dinamovisti. La ei gasesti o iubire extraordinar de mare pentru echipa cum rar vezi la noi in romania,Respect pentru cei din PCH, dumnezeu sa-l ierte pe Catalin,el este cu voi de acolo din ceruri. Chiar daca sunt rapidist va respect extrem de mult,felicitari pentru coregrafiile extraordinare care le faceti si va urez multa bafta in weekend,sa-i bateti pe spurcati :)",4
2015-02-20T13:15:52Z,"Ce sa mai zicem a fost cel mai bun, era si inca este eroul meu preferat ! Odihnestete in pace ! Fortza Dinamo!  Sunt mandru ca sunt dinavmovist ! Cea mai buna echipa ! Respect !",4
2015-01-13T20:30:41Z,Frumos ! ,0
2014-12-21T18:47:04Z,Dinamo va ramane o forta.,1
2014-10-29T20:06:34Z,RESPECT de la un Rapidist! Stiu ca ne-ati ajutat cand am fost in greva si eu cel putin va respect! Odihneste te in pace Catalin!,18
2014-10-22T18:30:47Z,Imi pare rau ca nu pot sa merg la toate meciurile cu dinamo ca doar cu brasovu am11 ani  si de cand mam nascut pana cand o sa mor o sa fiu cu Dinamo pentru mine cata este cel mai mare erou.            ,8
2014-10-20T07:01:50Z,DINAMO REPREZINTA O ECHIPA SI O FAMILIE !! RESPECT MAXIM !!! LA BINE SI LA RAU ... HAI DINAMO !!,8
2014-10-10T22:04:13Z,Awesome! Big Respect from Germany,0
2014-10-08T18:52:03Z,Te vom iubi mereu !:(,2
2014-10-07T13:34:12Z,Cea mai frumoasa galerie din România ! Respect PCH   ( steoaia - crapid si alete ciurucuri sunt doar de ochii lumii ) PCH este de neegalat !,3
2014-10-06T22:57:33Z,O galerie absolut superba.,2
2014-10-06T21:09:03Z,"momente de neuitat,respect toti suporteri lui Dinamo,unicul capitan va fi Catalin Haldan,dormi in pace.....",3
2014-10-06T19:46:38Z,Catalin Hîldan nu te vom uita niciodata!!!,3
2014-10-06T19:35:52Z,UNIC & UNICI,1
2014-10-06T19:25:43Z,"Respect de la un oltean!!
Bine zis: ""Bine ati venit inapoi! Pardon, credeam ca U.Craiova sunteti voi!""
Felicitari pentru coregrafii si pentru joc! Sper sa va puteti reintalni candva cu adevarata Universitatea Craiova!
Justice For Craiova!",30
2014-10-06T18:18:43Z, 4:23 mi-au dat lacrimile :(,5
2014-10-06T17:30:15Z,Superb! Așa știu Dinamoviștii să își comemoreze idolii !!!!,4
2014-10-06T17:20:19Z,"Vedeti ca stelistii sau rapidistii sa faca asa ceva pentru un jucator de-al lor ? Sau echipele mari sa faca asa ceva ? Nu ! Doar suporterii lui Dinamo fac aceste lucruri ! Si asta ne face deosebiti de toti ! Cataline , ne e dor de tine ! Hai Dinamo !",3
2014-10-06T17:17:38Z,Mereu in inimile noastre! ,1
2014-10-06T17:07:04Z,Lacrimi !!!! .... Catalin suntem mereu langa tine ...,0
2014-10-06T16:33:14Z,:(...,0
2014-10-06T16:31:42Z,Cum se numeste melodia?,0
2014-10-06T16:26:18Z,"PE TEREN ""AI FOST"" INVINGATOR/ IN INIMI ""NE ESTI"" INVINGATOR / DIN CERURI ""PRIVESTI "" INVINGATOR / Tu esti HILDAN SI n-am sa uit de tine pana mor !!!!!!!",8
2014-10-06T15:50:21Z,"Mult mai mult decat o simpla galerie a unei echipe de fotbal. De-asta suntem unici ! 

Mi s-a facut pielea de gaina chiar si cand am revazut imaginile...",4
2014-10-06T15:08:10Z,UNICUL CAPITAN ESTE CATALIN HILDAN!!!! TE VOM IUBI MEREU!!,0
2014-10-06T14:44:09Z,Respect PCH,9
2014-10-06T14:40:36Z,Pur si simplu nu ai cum sa nu izbucnesti in lacrimi...,43
2014-10-06T14:18:15Z,"Așa galerie/fani nu ai să mai vezi în România ! Este UNIC în țară ceea ce s-a întâmplat aseară  ! Sunt mândru că sunt dinamovist ! RESPECT PCH ! RESPECT DINAMO ! RESPECT CĂTĂLIN HILDAN , ne lipsesti  ! Suntem UNICI !",30
2014-10-06T14:06:08Z,Inca o demonstratie ca fanii lui Dinamo sunt cei mai tari !!,3
2014-10-06T13:54:42Z,"Te vom iubi , MEREU !!!!",12
2014-10-06T13:45:42Z,Foarte frumos...;),1
2015-05-02T18:59:16Z,Lástima que el perfil no era ideal para un diestro. Pero si entraba era un golazo.,0
2014-12-24T15:29:10Z,Doua cuvinte... Muie steaua !,2
2014-12-04T13:11:38Z,"INCEPAND CU LUNA DECEMBRIE 2014 , BRANDUL DE RAHAT AL stelei, D I S P A R E...SE POT NUMI A.S. SToaia VOLUNTARI, F.C. OILE MERINOS SAU S.C. PIPERA!!!!!!!!!!!!!!!!!!!!!!!!!!!!!!!!!!!!!!!!!!!!!!!!!!!!!!!!!!",2
2014-12-01T16:00:26Z,Muie dinamo,0
2014-11-23T13:57:24Z,"LUPTA DINAMO
N-AVEM INCOTRO
DIN CENUSA SA RENASCA UN MARE DINAMO
SI DACA VEI LUPTA
JUR CA NU-MI VA PASA 
DE VEI INVINGE SAU VEI PIERDE INTR-UNA VOI CANTA!!!!",6
2014-11-23T09:21:56Z,Sunt stelist dar stiu ca dinamo este o galerie foarte frumoasa... cand era 3-0 voi cantati akm o sa ma injurati dar eu mi-am spus vorbele . Pacat de echipa ca aveti suporteri buni . Bafta ! ,11
2014-11-20T20:22:57Z,frumos tot asa forta dinamo :),3
2014-11-15T18:48:04Z,COREGRAFIA CU CHARLIE A IESIT SIMPLU: PERFECT ! BRAVO SI RESPECT BAIETI!,2
2014-11-15T18:14:42Z,Respect de la fratii din Cluj!,33
2014-11-08T12:21:08Z,"FORTA STEAUA
STEAUA PANA LA MOARTE
M..E DINAMO",2
2014-11-07T19:45:56Z,A si ma gasiti pe imn dinamo2014,0
2014-11-07T19:35:38Z,Si eu sunt dinamovist dar daca ar avea Dinamo  echipa ca si galeria am fi  campioni. Dar daca se uita un jucator dea lui Dinamo aici va rog numai va bateti joc de Dinamo si de galerie puteti am incredere in voi dar  daca nici data vitoare nu bateti pe oi atunci nu meritati sa jucati la echipa Dinamo,3
2014-11-07T19:22:45Z,Daca,1
2014-11-05T19:16:28Z,Mandru ca eram acolo in peluza. Mandru ca sunt caine. FCD IN ADN. Pe viata !,3
2014-11-03T22:31:10Z,"PCH=Suporteri din mentalitate                                                                                                                                         stoia=suporteri de rezultate                                                                                                                                             madru ca sunt caine,forta DINAMO
          ",2
2014-11-03T20:49:31Z,"Cea mai mare victorie este faptul ca in ciudata rezultatelor si situatiei actuale , DINAMO nu si-a pierdut niciodata spiritul , suporterii ! Cu inima pe inima o zi , sunt mandru ca sunt caine si cand luam bataie 3-0 si cand batem 4-2 !",13
2014-11-03T15:29:43Z,Respect PCH,10
2014-11-03T15:14:20Z,Suporterii merita o echipa mai buna decat este acum Dinamo...,16
2014-11-03T14:46:38Z,Imi poate spune cineva cum se numeste melodia de pe fundal?,0
2014-11-03T14:02:18Z,Nu ai cum sa nu apreciezi asemenea fani ! RESPECT PCH ! FORTA DINAMO !,6
2014-11-03T13:47:21Z,"Sunt mulțumit de fanii dinamovisti, sunt sigur ca și echipa va ajunge acolo unde a fost odată... Hai Dinamo!!!",3
2014-11-03T13:44:14Z,"Vor veni si vremuri mai bune , cu asa suporteri o echipa nu are cum sa moara ! NICIODATA !",19
2014-11-03T12:59:32Z,Fortza DINAMO ,5
2014-11-03T12:51:43Z,Clar cea mai frumoasa galerie din Romania!,18
