publish_date,title,view_count
2014-09-02T15:13:49Z,Interview met Mike Vanhamel,1590
2015-04-24T20:17:00Z,Reactie Mike Vanhamel na FC Den Bosch - N.E.C.,1227
2015-04-30T21:55:27Z,N.E.C. TV aflevering 30 april 2015,628
2015-03-27T18:04:17Z,N.E.C. TV aflevering 27 maart 2015,1710
2014-08-20T14:39:40Z,Interview Giovanni Gravenbeek,1575
2014-08-01T14:37:29Z,"Club Brugge - Lierse (retro 1996-1997, Beker): 2-3",2569
2014-09-02T15:19:33Z,Interview met Bart van Ingen na de transferperiode,1913
2014-11-21T12:44:50Z,Lierse TV S07E16: interview Slavisa Stojanovic,1566
2015-04-23T14:43:32Z,Voorbeschouwing met Ruud Brood op FC Den Bosch - N.E.C.,491
