published-time,comment,likes
2015-05-20T10:41:17Z,"Damien,Enes,Neeskens et Steeven sont les meilleurs allez les zèbres",0
2015-02-22T17:58:59Z,"Bien jouer le Sporting  !! Je vois que Chatelet a jouer n'importe comment y'a une grande difference entre les joueurs de chatelet ( y'a des gamins qui devraient pas jouer en U8) ca empeche les bons d'evoluer comme mon gamin  ( qui joue en attaque le petit mince la :)) qui n'a eu presque aucun ballon le seul ballon c'est lui qui aller le chercher !! Vivement que la saison prochain change de club pour que mon fils aussi joue au Sporting de ce fait je vous dis a la saison prochain vous aurez encore un tres bon joueur dans l'effectif qui est deja fort !!!

Papa de POLAT ! ",0
2015-05-23T08:16:04Z,superbe ambiance merci les zebre,0
2015-05-22T16:46:01Z,"MÜNSTER - CHARLEROI 
BROTHERHOOD 

What a Support, what a evening, what a feeling!!

R.C.S.C.P",3
2015-05-22T13:38:11Z,"Le juge de touche côté t3, je peux dire qu'il en a ramassé plein sa gueule.... ( Jupiler, boulettes de papier,..)",0
2015-04-04T18:02:22Z,tres belle vidéo,0
2015-03-20T12:30:22Z,génial :),0
2015-03-20T12:04:48Z,MAGNIFIQUE  !!! :),0
2015-01-26T13:59:22Z,Le numéro 8 des rouge a l'air chaud,0
2014-08-06T23:34:43Z,On auras la liste des joueurs qui ont trouvé un club et le nom des clubs ?,0
2014-08-22T20:31:06Z,Ils sont beau les supporter nicois avec leurs tee shirt de l'Ac Milan,1
2014-08-08T09:50:10Z,"On joue a domicile contre Marseille ???
Reponder moi svp",0
2014-08-08T09:00:23Z,"C'est cool maintenant on a un nouveau gardien ;)
4 recrue c'est cool !
Notre nouveau gardien est Pouplin aller dans le site officiele de l'ogym  =)",1
2014-08-08T08:39:10Z,"Overwerk - Daybreak, très bon choix les gars ! <3",0
2014-08-07T17:56:21Z,Un bon défenseur qui va nous faire du bien et avec beaucoup d'expérience bienvenue à toi diawara fait nous rêver.,0
2014-08-07T17:52:40Z,Ça fait plaisir,0
2014-08-07T17:38:10Z,Bienvenue Soulé FAIT NOUS RÊVER 😍!!!!!!,0
2014-08-22T07:51:32Z,Bordeaux les meilleurs allezzz bordeaux ,0
2014-08-20T17:32:30Z,Allez Bordeaux ! #FCGB,1
2014-08-07T08:45:00Z,Aller nice !!!!,3
