publish_date,title,view_count
2014-10-04T13:06:08Z,Damien Marcq avant RCSC - KV Kortrijk,363
2015-05-20T10:22:19Z,Damien Marcq avant R.Charleroi S.C -  FC Bruges #PO1,619
2015-03-06T15:54:22Z,Damien Marcq avant FC Bruges - R.Charleroi.S.C,585
2014-09-04T14:55:15Z,Ice bucket Challenge : Felice Mazzu,1518
2015-02-12T08:53:58Z,Jonathan Vervoort Vs Dieumerci N&#39;Dongala,1707
2015-02-18T22:16:58Z,MATCH U8 RCSC CHARLEROI  18 - 1 CHATELET U9,3031
2014-08-29T14:09:19Z,Ice Bucket Challenge : Mehdi Bayat,2196
2015-05-22T11:28:39Z,R. Charleroi .S.C - F.C. Bruges Tifos &amp; Compil PO1 compil&#39; By Julien Trips Photography,4238
2015-03-20T10:43:59Z,"Les Zèbres en Play Off 1, vous y avez cru, ON Y EST",8268
2015-02-25T18:11:15Z,Nos zebrès en Play - off 1 on y croit !,2174
2014-10-29T13:10:44Z,Steeven Willems avant  KSC Lokeren - RCSC,649
2014-09-11T14:45:45Z,Ice bucket Challenge : David Dalmut &quot;BELLO&quot;,728
2014-08-06T21:16:59Z,Résumé du match Charleroi-UNFP du 06 Août 2014,3541
2015-04-14T10:29:34Z,Le stage de Pâques du Sporting de Charleroi,1886
2014-10-20T14:27:45Z,Steeven Willems après La Gantoise - RCSC,274
2014-10-07T10:11:13Z,RCSC - Kortrijk avec Proximus,952
2014-11-22T11:49:19Z,Neeskens Kebano avant RCSC - RSCA,1406
2015-01-23T17:44:23Z,Sébastien Dewaest avant KV Courtrai - RCSC,598
2015-05-20T12:46:41Z,Nicolas Penneteau avant R.Charleroi S.C. - FC Bruges #PO1,1024
2015-03-07T15:36:08Z,Felice Mazzu avant FC Bruges - R.Charleroi.S.C,622
2015-07-29T10:11:50Z,Dorian DESSOLEIL - Royal Excelsior Virton 2014-2015,309
2014-09-01T09:11:11Z,Dieumerci Ndongala après RCSC - KV Mechelen,1089
2014-09-23T15:55:11Z,Coupe De Belgique : Parfait Mandanda avant  RCSC - Eupen,862
2015-05-23T12:00:04Z,Steeven Willems avant Standard Liège -  R.Charleroi S.C. #PO1,657
2014-09-12T17:15:48Z,Sébastien Dewaest avant CS Bruges - RCSC,762
2015-05-25T13:00:12Z,Guillaume François après Standard - R.Charleroi S.C,507
2014-10-24T17:01:45Z,Felice Mazzu avant RCSC - KV Ostende,497
2015-05-03T19:36:33Z,Enes saglik après R.Charleroi S.C - R.S.C Anderlecht #Po1,984
2014-11-03T10:57:06Z,Nicolas Penneteau Après RCSC - Club Brugge KV,433
2015-02-22T10:25:22Z,Enes Saglik après Kv Ostende - R.Charleroi.S C,1033
2014-08-07T17:17:03Z,Souleymane Diawara : l&#39;accueil des Niçois,8028
2014-08-22T10:00:09Z,SkillsNomination - Le CM des Girondins répond à celui de Nice,1948
2015-07-15T17:17:33Z,Felice Mazzu avant R.Charleroi S.C - Beitar Jérusalem F.C.(ISR),2069
2014-08-07T08:37:08Z,SkillsNomination saison 2 : le défi du community manager niçois,7506
2014-09-10T15:00:06Z,Le flash de mercredi 10 septembre 2014,141
