publish_date,title,view_count
2014-11-18T11:48:14Z,[okabol.com] Georges Mandjeck en route vers Abidjan,1539
2015-01-11T23:00:00Z,Goal Kévin BERIGAUD 36&#39; / Montpellier Hérault SC - Olympique de Marseille 2-1 - MHSC - OM / 2014-15,98
2014-10-19T17:17:31Z,Goal Rio MAVUBA (78&#39;) / LOSC Lille - EA Guingamp (1-2) - (LOSC - EAG) / 2014-15,920
2014-11-12T14:18:00Z,Ernest Mabouka,895
2014-08-25T20:00:09Z,Panionios   Ergotelis @Onsports,743
2014-09-09T19:48:10Z,[okabol.com] GERVINHO à Yaoundé,352
2015-07-10T14:45:21Z,"Musavu King, presentación",541
