publish_date,title,view_count
2015-07-23T23:44:25Z,Crowd trouble at Charleroi vs. Beitar Jerusalem,1105
2015-07-18T11:36:43Z,Kibole.pl prezentują: Izraelscy chuligani,1395
2015-06-25T13:31:13Z,"Florent Stevance : Si on m&#39;avait dit , il y a quelques années,...",2779
2014-12-11T18:34:34Z,AA Gent,120
2014-12-04T07:44:40Z,RSC Anderlecht-KRC Mechelen : Youri Tielemans 3-0,978
2015-07-09T19:22:11Z,Europa League - Beitar Jerusalem vs Ordabasy 09/07/2015 Full Match,9793
2015-03-07T10:57:40Z,UEFA Youth League   RSC Anderlecht 1 0 FC Barcelona,27
2015-07-17T16:37:41Z,VIDEO: Football fans throw fireballs in field during match in Belgium | Beitar Jerusalem,8571
2015-07-23T17:07:31Z,Charleroi vs Jerusalem,79
2014-11-04T21:04:51Z,Vanden Borre GOAL 3-1 Arsenal - RSC Anderlecht Champions League 04.11.2014,740
2015-07-18T15:50:15Z,►Boris Kleyman vs Royal Charleroi Sporting Club ●|AWAY |● (full match),1003
2015-01-13T11:25:57Z,Welcome back in Neerpede !,1405
2015-07-19T12:01:00Z,סרטון מוטיבציה- בית&quot;ר ירושלים (BEITAR FANSׂ),1968
2014-11-19T14:41:41Z,Training @ Neerpede 19/11/2014,1837
2015-04-08T17:02:00Z,Aleksandar Mitrovic ● Skills Dribbling Goals ● 2013-2015 Full ᴴᴰ 1080p,11144
2015-07-17T17:14:15Z,"Open Training July 17, 2015 Neerpede Warming-up Shots on goal",161
2015-06-23T11:05:55Z,Reprise des entrainements : Felice Mazzu,2094
2015-07-28T10:59:29Z,R.Charleroi S.C. - RWS R.White Star Bruxelles : Magnifique but de Dorian Dessoleil,907
2015-07-17T17:03:08Z,"Open Training July 17, 2015 Neerpede Warming-up physical",211
2015-04-01T19:02:42Z,Under 21 Open training Neerpede Anderlecht,1080
2014-08-22T15:42:52Z,Mobile app RSCA,3353
2015-05-16T17:43:54Z,U17 Penalty Johan Sampaoli Anderlecht-Westerlo,577
2015-07-03T15:09:56Z,Stage à Doorwerth - Séance penalty avec Mehdi Bayat,7694
2015-03-11T16:58:59Z,ANDERLECHT Training Under 21 March 11 2015 Neerpede,681
2015-07-17T17:26:41Z,RCSC-Beitar Jérusalem (HD),160
2015-07-17T17:10:05Z,Match interrupted - Beitar Pyroshow at Charleroi (Charleroi vs. Beitar - 16/07/15),973
2014-11-18T07:19:26Z,Danijel Milicevic,2083
2014-11-20T22:37:58Z,Sporting CP 5-3 Charleroi,1322
2014-10-12T13:24:28Z,Belgian Red Devils - Neerpede,59
2015-07-17T16:53:13Z,RCSC-Beitar Jérusalem (HD),380
2014-12-17T11:53:32Z,Felice Mazzu &amp; Neeskens Kebano,979
2015-07-29T10:11:50Z,Dorian DESSOLEIL - Royal Excelsior Virton 2014-2015,309
2014-10-02T13:43:02Z,Football / Le Racing Club de Lens devra composer avec les absents - 02/10,105
2015-06-21T23:24:14Z,Racing Club de Lens v Nancy-Lorraine | Amateur France League | 1 tour,462
2014-12-19T21:31:19Z,RC Lens - OGC Nice (2-0) Tout les buts ! 2014 HD,158
