published-time,comment,likes
2015-07-16T07:09:51Z,"some idiots don't realise this is only football and not a battle field, why don't you let the politics and shits like that aside and just enjoy the action (football)? the world would be a better place without racist cunts too.",2
2015-07-15T14:00:46Z,Beitar is Dead #RCSC ⚽️,0
2015-07-10T14:08:24Z,"COM ON SPORTING CHARLEROI, Welcome to the black country!!!",0
2015-07-10T08:30:52Z,Кумыкова отставку. Тажимбетова памятника уволит. Гйнриха пенсию.,0
2015-07-09T23:49:12Z,beitar rules! (:,4
2015-07-20T21:52:25Z,charleroi fans are fuckin nazis they deseres that  on their heads! we will take care of you and tell uefa the truth who are the nazis who chants nazi  songs and who fucked u in your fithy belgium asses!,5
2015-07-19T14:47:56Z,"lol! They deserve that. Fucking nazis, burn their shitty country ""Belgium"".",8
2014-08-28T13:11:18Z,enfin une appli rsca,0
2014-08-22T18:33:45Z,De uren van de match zijn 1uur vroeger op de app dan dat ze eigenlijk zijn.. ,0
2014-08-22T17:51:39Z,Et pour Windows Phone ? xD,0
2014-08-22T17:06:27Z,"ahah Proto autant tu es bon au goal, autant en acteur c'est pas ça! :-)",0
2014-08-22T16:56:30Z,Mdrrrrrr énorme,0
2014-12-19T22:20:27Z,,0
2014-12-19T21:35:39Z,,0
