publish_date,title,view_count
2015-01-26T11:38:54Z,"Post-match Interviews: Prince Oniangué (25/01) - Orange Africa Cup of Nations, EQG 2015",2758
2014-12-07T23:00:08Z,But Prince ONIANGUE (68&#39;) / Stade de Reims - EA Guingamp (2-3) -  (SdR - EAG) / 2014-15,3724
2014-08-10T22:00:04Z,Goal Prince ONIANGUE (22&#39;) / Stade de Reims - Paris Saint-Germain (2-2) - (SdR - PSG) / 2014-15,553
2015-03-15T23:00:00Z,Goal Prince ONIANGUE (87&#39;) / Montpellier Hérault SC - Stade de Reims (3-1) - (MHSC - SdR) / 2014-15,626
2015-01-17T23:05:23Z,Equatorial Guinea - Congo | CAN Orange 2015 | 17.01.2015,76882
2014-12-07T23:00:07Z,Stade de Reims - EA Guingamp (2-3) - Highlights - (SdR - EAG) / 2014-15,1193
2014-08-10T22:00:03Z,Stade de Reims - Paris Saint-Germain (2-2) - Highlights - (SdR - PSG) / 2014-15,28866
2014-12-07T23:00:04Z,Goal Prince ONIANGUE (68&#39;) / Stade de Reims - EA Guingamp (2-3) - (SdR - EAG) / 2014-15,106
2014-08-10T22:00:03Z,But Prince ONIANGUE (22&#39;) / Stade de Reims - Paris Saint-Germain (2-2) -  (SdR - PSG) / 2014-15,2411
2015-03-15T22:59:59Z,But Prince ONIANGUE (87&#39;) / Montpellier Hérault SC - Stade de Reims (3-1) -  (MHSC - SdR) / 2014-15,323
2014-10-05T21:01:18Z,Stade de Reims - Girondins de Bordeaux (1-0) - Highlights - (SdR - GdB) / 2014-15,1536
2015-03-01T23:00:00Z,Girondins de Bordeaux - Stade de Reims (1-1) - Highlights - (GdB - SdR) / 2014-15,751
2014-09-28T22:00:02Z,FC Metz - Stade de Reims (3-0) - Highlights - (FCM - SdR) / 2014-15,1744
2015-05-24T03:56:36Z,Paris Saint-Germain - Stade de Reims (3-2) - Highlights - (PSG - SdR) / 2014-15,16801
2015-03-15T22:59:59Z,But Morgan SANSON (90&#39; +2) / Montpellier Hérault SC - Stade de Reims (3-1) -  (MHSC - SdR) / 2014-15,857
2015-03-15T22:59:59Z,Goal Lucas BARRIOS (4&#39;) / Montpellier Hérault SC - Stade de Reims (3-1) - (MHSC - SdR) / 2014-15,8535
2015-03-15T22:59:59Z,Tous les buts de la 29ème journée - Ligue 1 / 2014-15,5033
2015-03-16T00:54:52Z,Highlights : Week 29 / 2014-2015,2919
2014-08-24T22:06:52Z,Stade de Reims - SM Caen (0-2) - Highlights - (SdR - SMC) / 2014-15,1940
2015-03-16T00:38:26Z,Olympique de Marseille - Olympique Lyonnais à la loupe - Ligue 1 / 2014-15,13915
2015-03-15T23:00:00Z,Goal Morgan SANSON (90&#39; +2) / Montpellier Hérault SC - Stade de Reims (3-1) - (MHSC - SdR) / 2014-15,448
2015-03-15T23:00:01Z,But Lucas BARRIOS (4&#39;) / Montpellier Hérault SC - Stade de Reims (3-1) -  (MHSC - SdR) / 2014-15,997
2014-12-07T23:00:06Z,Goal Lars JACOBSEN (33&#39;) / Stade de Reims - EA Guingamp (2-3) - (SdR - EAG) / 2014-15,8125
2015-03-15T22:59:59Z,Montpellier Hérault SC - Stade de Reims (3-1) - Highlights - (MHSC - SdR) / 2014-15,960
2015-04-05T22:00:00Z,LOSC Lille - Stade de Reims (3-1) - Highlights - (LOSC - SdR) / 2014-15,2397
2015-03-16T00:43:08Z,Olympique de Marseille - Olympique Lyonnais in slow motion - Week 29 / 2014-15,1243
2014-08-17T22:00:03Z,AS Saint-Etienne - Stade de Reims (3-1) - Highlights - (ASSE - SdR) / 2014-15,6112
2015-02-15T23:00:00Z,Olympique de Marseille - Stade de Reims (2-2) - Highlights - (OM - SdR) / 2014-15,4984
2014-12-07T23:00:08Z,But Lars JACOBSEN (33&#39;) / Stade de Reims - EA Guingamp (2-3) -  (SdR - EAG) / 2014-15,2508
2015-03-15T23:03:49Z,Top goals : Week 29 / 2014-15,2264
2014-09-25T22:00:04Z,Stade de Reims - Olympique de Marseille (0-5) - Highlights - (SdR - OM) / 2014-15,4236
2015-02-22T23:00:30Z,Stade de Reims - FC Metz (0-0) - Highlights - (SdR - FCM) / 2014-15,1562
2014-08-10T22:59:56Z,Goals compilation : Week 1 / 2014-15,922
2015-03-08T23:00:00Z,Stade de Reims - FC Nantes (3-1) - Highlights - (SdR - FCN) / 2014-15,1022
2014-10-19T19:38:09Z,FC Nantes - Stade de Reims (1-1) - Highlights - (FCN - SdR) / 2014-15,1748
2015-03-15T23:00:01Z,Top buts 29ème journée - Ligue 1 / 2014-15,26181
2014-08-10T22:00:03Z,Goal Antoine DEVAUX (34&#39;) / Stade de Reims - Paris Saint-Germain (2-2) - (SdR - PSG) / 2014-15,210
2014-08-10T22:59:06Z,Top goals : Week 1 / 2014-15,3962
2014-08-10T23:00:54Z,Tous les buts de la 1ère journée - Ligue 1 / 2014-15,25907
2015-03-15T23:05:58Z,Goals compilation : Week 29 / 2014-15,401
2015-04-27T00:10:28Z,Stade de Reims - Olympique Lyonnais (2-4) - Highlights - (SdR - OL) / 2014-15,4635
2015-05-03T22:53:25Z,EA Guingamp - Stade de Reims (2-0) - Highlights - (EAG - SdR) / 2014-15,801
2014-08-10T22:00:04Z,But Antoine DEVAUX (34&#39;) / Stade de Reims - Paris Saint-Germain (2-2) -  (SdR - PSG) / 2014-15,4105
2014-08-10T22:59:57Z,Top buts 1ère journée - Ligue 1 / 2014-15,36419
2014-11-23T23:00:05Z,OGC Nice - Stade de Reims (0-0) - Highlights - (OGCN - SdR) / 2014-15,648
2014-10-26T23:00:05Z,Stade de Reims - Montpellier Hérault SC (1-0) - Highlights - (SdR - MHSC) / 2014-15,1262
2015-03-16T00:41:38Z,Bloopers : Week 29 / 2014-15,1326
2015-05-10T21:59:59Z,Evian TG FC - Stade de Reims (2-3) - Highlights - (ETG - SdR) / 2014-15,669
2015-04-19T21:59:59Z,SC Bastia - Stade de Reims (1-2) - Highlights - (SCB - SdR) / 2014-15,769
2014-12-05T00:29:16Z,Olympique Lyonnais - Stade de Reims (2-1) - Highlights - (OL - SdR) / 2014-15,2625
