published-time,comment,likes
2015-06-16T08:17:07Z,Encore servi par Diego-R. !,0
2015-01-19T05:42:03Z,"Good job Guinee equatorial suis fier de.vous ,nos heros merde le.maroc",1
2015-01-18T22:00:29Z,NO PLACE LIKE AFRICA= I LOVE AFRICA AND MY EQUATORIAL GUINEA ,3
2015-01-18T11:47:34Z,respect from Algeria ,8
2015-01-18T11:36:15Z,Nice highlights but they would be better with commentary,0
2015-01-18T10:16:03Z,The Opening Match Highlights .. Watch it,4
2015-01-17T23:49:58Z,"bon match des petit frères du congo brazza, mais dimanche la RDC va vous montrer comment ont gagne un match",4
2015-01-17T23:17:05Z,das Spiel war ganz ok :),0
2014-08-18T08:51:07Z,c'est la honte pour le psg le stade de reims vient de reneitre :O,0
2014-08-17T02:58:55Z,Le PSG aurait dû gagner ce match haut la main. Dommage que Zlatan n'ait pas pu prendre avantage de ses 2 chances cruciales.,0
2014-08-12T02:56:38Z,Liberté Pour Les Ultras,0
2014-08-11T12:05:47Z,Allez Allez Allez PSG,0
2015-05-26T14:08:33Z,Cavani like a boss,2
2015-05-24T09:55:12Z,FIRST,0
2015-04-01T11:52:39Z,Luuuucassssss.......BVB BVB BVB BVB BVB BVB BVB BVB BVB....Borussia,0
2015-03-16T23:21:27Z,VAMO PARAGUAY!!!,0
2015-03-16T18:45:16Z,,0
2015-03-16T15:58:15Z,#Ligue1 - J29 - Revivez tous les buts de la 29e journée de Ligue 1 en vidéo sur la chaîne officielle YouTube !,12
2015-03-18T13:59:52Z,#Ligue1 - J29 - Revivez Olympique de Marseille / Olympique Lyonnais à la loupe grâce à notre chaîne officielle YouTube,13
2015-03-17T08:44:45Z,Mandanda le meilleur toujours ,1
2015-03-16T17:05:49Z,"Ce que j'en dis, la situation aurait été inversé, mandada qui plonge lacazette qui se jette comme ocampos, but accordé, une belle douille...",0
2015-03-16T15:16:19Z,Les arbitres ... tellement décevant ,0
2015-03-16T15:00:20Z,"Il y a faute d'ocampos
",0
2015-03-16T14:22:41Z,Les marseillais qui pleurent pour un but refuser mais non seulement le but es invalide car faute sur Lopes et en plus la deviation de ayem es avec la main -_-,0
2015-03-16T12:46:52Z,Malgré la domination de Marseille match nul sans contestation car Gignac n'a pas marqué et le BUT refusé A bas à la base il a faute sur Lopes du coup on s’en fout si il est rentré où pas !! Voila donc faux arrêté de ragé!!,1
2015-03-16T12:06:25Z,"Tiens ! Encore un vol des lyonnais ! Comme sa arrive pas souvent :o
Je suis pas marseillais mais Lyon est tellement avantagé par l'arbitrage :o
Mini 1-0 pour l'OM
Ne vous plaignez pas si ya aucun arbitre français aux compétitions internationales",2
2015-03-16T11:25:21Z,"Et le replay PSG - Bordeaux il arrive quand, bordel ? On attend que ça",0
2015-03-16T11:13:43Z,Arbitre Français En CARTON ! Lfp de merde ! L'OM aurait du gagnez ce match !! ,2
2015-03-16T08:29:31Z,OM gagnecle match on voit le ballon allez dans le but,0
2015-03-16T07:53:44Z,"Je suis supporter Lyonnais et je pense que Marseille mérite largement de gagner, ils ont fais un match type ligue des champions, après ce n'est pas de la faute de Lyon si le but est refuser mais de l'arbitres. ",0
2015-03-16T06:29:48Z,Mais putain réfléchissait pas le ballon est rentre on aurai dus avoir les 3 points,0
2015-03-16T05:32:26Z,"Sur le ralenti , on voit bien que Ocampos pousse Lopes dans son but en le taclant. .. accorder le but aurait été une erreur d'arbitrage . Arrêter de pleurer les marseillaises",8
2015-03-16T03:07:37Z,"Grâce à votre vidéo, où on voit très clairement les images, le tacle d'Ocampos ""pousse"" Lopes dans son but et l'empêche de se dégager. Si l'arbitre avait accordé ce but, il aurait donc s'agit d'une grosse erreur d'arbitrage ! Alors s'il vous plaît, supporters Marseillais, arrêtez de fustiger cette décision (bien que ce soit la faute de Mr Bastien, qui aurait dû siffler faute...). Cela n'enlève à rien votre superbe prestation, parce oui, vous méritiez certainement mieux au vu de votre match ! Comme j'ai pu le dire sur le résumé du match, vos défenseurs ont très bien muselé nos attaquants, Imbula a été impérial, et j'en passe... Tactiquement, vous étiez au dessus. ",14
2015-03-16T01:43:46Z,"Merci encore aux arbitres pour leur impressionnante cagade lors de ce match lol
Deux points ont été volés à l'OM hier soir ! Merci beaucoup messieurs :)",7
2014-12-30T20:18:11Z,Fucking great goal!!,2
2014-12-09T20:21:47Z,Rutineret lavet!,7
2014-12-09T14:29:13Z,Whats the name gf the intro song?,0
2015-03-16T02:40:54Z,Lucas Barrios has returned!,0
2015-03-20T12:17:05Z,Yallet is gay af,0
2015-03-18T13:40:31Z,smoke weed everiday !,0
2015-01-22T10:53:27Z,trop coooooooooooooooooooooooooool je suis stephanois,0
2014-08-19T18:16:04Z,sainté ♥,0
2014-08-17T22:48:59Z,allez les verts!!!!!!! ,2
2014-12-14T11:16:55Z,Magnifique comme reprise allez guingamp,0
2014-12-08T23:27:22Z,Belle reprise,0
2015-03-16T11:08:08Z,386 views and none has commented O_o,0
2014-10-19T19:56:50Z,Why was bedoya in the stands lol?,0
2015-04-10T19:44:27Z,Le plus beau? Surement celui de Pablo Chavarria!,0
2015-03-22T13:06:59Z,le but de rolan n a rien a faire dans top but,0
2015-03-21T21:27:51Z,Tous les buts sont juste magnifique même sui de Bordeaux qui prend a contre pied le gardien arrêté de râler,0
2015-03-21T13:34:28Z,"les rageux qui ragent sur le but de Rolan --' , c que vous faites mieux sur fifa ?????",0
2015-03-21T13:32:16Z,en finesse Rolan <3,0
2015-03-19T19:15:49Z,"Euh, le but de Bordeaux c'est parce que c'est contre le PSG c'est ça ? Parce que si des étrangers tombent sur notre top but de Ligue 1 ils doivent bien se marrer en voyant ça !",1
2015-03-18T09:24:07Z,"#Ligue1 - J29 - Revivez les plus beaux buts de la 29ème journée de Ligue 1 en vidéo grâce à notre chaîne YouTube ! Et vous, lequel préférez-vous ?",8
2015-03-18T08:04:02Z,C'est moi ou à 0:55 deux messins ont une écharpe de l'OL?,1
2015-03-17T19:07:58Z,"C'est pas que le but n'est pas beau, mais le but de Guingamp à Nice est d'un triste oO Sans doute à cause de l'absence de public :/",0
2015-03-16T20:28:40Z,ET CELUI DE GAKPÉ ?! IL EST BIEN PLUS BEAU QUE CELUI DE BORDEAUX!!!,0
2015-03-16T19:16:18Z,"Merci Pablo !!! Ca fait du bien. Après, les buts ne sont pas exceptionnels mais seuls les connaisseurs sauront reconnaître leur beauté... Car Barrios plante un joli but, Lejeune, c'est juste magnifique aussi et les autres, conceptions intéressantes.",1
2015-03-16T18:16:52Z,Le plus beau c'est Kevin Lejeune !!,0
2015-03-16T17:01:27Z,Je comprend pas le but de mandane soit la mdrrr,0
2015-03-16T11:28:57Z,"Heureusement que Lejeune remonte les vieux buts dans ce top, je crois que c'est le pire depuis le début de la saison ^^'",0
2015-03-16T11:03:33Z,Lejeune !,0
2015-03-16T10:41:50Z,Le but qu'il met Lejeune cest le but de la journée !! FC Metz !!!,0
2015-03-16T07:16:18Z,Ils sont sérieux avec le but de Bordeaux? N'importe quoi...,6
2015-03-16T06:02:25Z,Sérieux quoi le But de Lejeune est 30 fois plus beau que celui de Rolan....,3
2015-03-15T23:34:39Z,"Vous avez oublié le but de l'OM.
Ah non ce putain d'arbitre l'a pas accordé !",4
2015-03-15T23:26:14Z,C'est moi ou il ya que des but de merde?,3
2014-08-10T23:24:59Z,Cvitanich!,2
2014-11-20T18:43:39Z,c est nul,0
2014-08-18T12:46:38Z,ALLER PARIS,0
2014-08-14T13:30:33Z,magnifique,0
2014-08-14T12:25:19Z,bosetti cest pas un kéké un peu ?,1
2014-08-11T19:20:42Z,Ne mettez pas de musique c est chiant,1
2014-08-11T12:04:29Z,changez un peu la musique c tjrs la meme,2
2014-08-11T10:02:39Z,ZLATAN !,0
2014-08-10T23:21:46Z,allez l'om,2
2015-04-28T06:43:28Z,heureusement qu' il n' y a pas de corruption en L1 mais en L2 MDR MDR besoin de 4 points pour dépasser les qatars et hop voilà qui tombent du ciel mdr,0
2015-04-27T10:51:35Z,Lyon <3,0
2015-07-21T10:00:20Z,"Tu veux bien mettre l entrer des joueurs
",0
2014-10-07T19:55:56Z,le but niçois . ,0
2014-08-23T19:20:29Z,celui de Cvitanich me plait particulierement ^^,1
2014-08-22T00:48:14Z,Dario merite d'être dans le top trois zlathan aurai fait la même action il serait premier sa me met les nerf,0
2014-08-17T23:13:43Z,"Je pense quand même que le but de Super Dario est le plus ""beau"" de ce top enfin après ce n'est que mon avis ! Celui de Gignac est dégueulasse enfin bon bref ISSA NISSA !",1
2014-08-14T09:51:34Z,Super DARIO,1
2014-08-13T21:58:05Z,Le but de Diabaté si c'est Zlatan qui le marque ça fait le tour du monde...,4
2014-08-13T12:38:43Z,il est ou mandanda?,0
2014-08-12T23:55:25Z,"Le but de Dario est de loin le plus beau, celui de Gignac n'a rien à faire dans le top mais bon c'est Marseille.. ISSA NISSA ",1
2014-08-12T20:34:42Z,Quel but de D.Cvitanich,1
2014-08-12T17:52:33Z,On peut dire que le but de Maboulou est magnifique mais pour moi mandanda n'est pas exempt de tout reproche,0
2014-08-12T11:33:50Z,Zlatan à forme diabaté,1
2014-08-12T04:05:22Z,Mabouloi le meilleur avec Cvitanich,1
2014-08-12T01:01:41Z,Si Zlatan avait mit le but de diabaté ça serait le but de l'année ...,0
2014-08-11T14:00:47Z,Mais ç'aurait été Zlatan qui aurait marqué celui de Diabaté on l'aurait nommé but de l'année pfff tous des vendus ce monde commercial me dégoûte de jour en jour,0
2014-08-11T14:00:45Z,Mais ç'aurait été Zlatan qui aurait marqué celui de Diabaté on l'aurait nommé but de l'année pfff tous des vendus ce monde commercial me dégoûte de jour en jour,1
2014-08-11T11:24:37Z,Tribune Loire ! Meilleure Ambiance de France ! ;),11
2014-08-11T10:28:44Z,"Pas compris le but de Gignac , Malbranque crochet + frappe milimétré c'était quand meme mieux mais bon ",3
2014-08-11T09:58:20Z,Et le but de Devaux ? Une contre-attaque incroyable...,1
2014-08-11T09:56:06Z,32 secondes de jeu pour Bammou et superbe but !  #TeamFCN  ,6
2014-08-11T09:15:24Z,"Bordeaux jouait à l'extérieur, normal qu'il y ai moins de soutien..",1
2014-08-11T08:29:25Z,"Différence entre le but de Bordeaux, sans soutient des supporters et de Nantes, une superbe ambiance :D
FCN les meilleurs :D",13
2014-08-11T08:13:51Z,Gignac méritait d'être 4eme mais pas 1er et encore celui de Malbranque contre les Rennais était plus beau !,2
2014-08-11T07:23:31Z,Deso mais la louche de zlatan est magnifique,0
2014-08-11T05:49:39Z,SUPER DARIO,3
2014-08-11T05:46:49Z,FCN <3,6
2014-08-11T03:29:19Z,"Le but de Reims (le second de Devau) est mieux que Gignac (dans la construction du moins, surtout contre PSG en plus).
Cvitanich a le plus beau pour moi.",0
2014-08-11T03:08:04Z,Le but de gignac c'est juste une tête...  Pas un but d'exception!  Le but de Malbranque restait plus beau,5
2014-08-11T02:43:11Z,Le but de big mac... Une tête ... Wouaaaaaouuuuuu -_- ils sont pas sérieux,0
2014-08-11T01:36:03Z,34 secondes et un but qui dit mieux ? #FCN,0
2014-08-11T01:34:55Z,"J'adore ceux de Cvitanich, Diabaté et Gignac.",0
2014-08-11T00:28:17Z,Dario et Maboulou Pour moi !,2
2014-08-10T23:52:31Z,ISSA NISSA,3
2014-08-10T23:33:36Z,Maboulou pour bastia à été le meilleur,1
2014-08-10T23:20:03Z,Mdr gignac devant cvitanich ,0
2014-08-10T23:18:42Z,Le plus beau c est celui de SUPER DARIO !!!!,6
2014-08-10T23:15:12Z,Celui de nice putain,6
2014-08-10T23:12:08Z,celui d'erding a plus sa place que celui de nantes et de bordeaux,1
2014-08-10T23:09:51Z,Celui de malbranque a plus sa place que celui de nantes^^,0
2014-10-28T01:49:31Z,Great goal,0
2015-03-18T14:40:17Z,!,0
2015-03-17T05:34:20Z,"they should have some rule disciplining coach behavior in football. I mean I know there are some but shit like wasting time by kicking the ball away is really annoying. Coaches should get match bans for discipline as well. How do you expect players to be ""fair"" when coaches themselves don't?",1
2015-03-16T15:30:56Z,why is up with all the hate for Ruffier?,0
2015-03-16T02:36:54Z,Omg these fans are the best!!! I'm moving to France that's it!!! ,0
2015-03-16T01:03:14Z,FIRST! :),0
2014-12-05T10:28:54Z,K,0
2014-12-05T06:35:06Z,Allez l'ol,0
