publish_date,title,view_count
2014-08-30T22:00:02Z,Châteauroux - US Orléans (0-0)  - Résumé - (LBC - USO) / 2014-15,2988
2014-09-13T22:00:01Z,AC Ajaccio - Châteauroux (1-1)  - Résumé - (ACAJ - LBC) / 2014-15,2790
2015-05-02T22:00:00Z,Châteauroux - Valenciennes FC (3-0)  - Résumé - (LBC - VAFC) / 2014-15,4677
2015-04-29T17:55:55Z,Chamois Niortais - Châteauroux (3-0)  - Résumé - (NIORT - LBC) / 2014-15,1797
2014-09-24T22:00:04Z,Nîmes Olympique - Châteauroux (1-0)  - Résumé - (NIMES - LBC) / 2014-15,3537
2014-09-27T22:00:01Z,Châteauroux - Stade Brestois 29 (1-1)  - Résumé - (LBC - SB29) / 2014-15,2471
2015-05-16T22:00:00Z,Châteauroux - Havre AC (0-0)  - Résumé - (LBC - HAC) / 2014-15,1271
2015-05-23T22:00:00Z,ESTAC Troyes - Châteauroux (4-1)  - Résumé - (ESTAC - LBC) / 2014-15,17542
2014-10-25T22:00:07Z,Châteauroux - Tours FC (2-1)  - Résumé - (LBC - TOURS) / 2014-15,4951
2014-11-29T23:00:06Z,Châteauroux - Chamois Niortais (0-1)  - Résumé - (LBC - NIORT) / 2014-15,2025
2015-02-14T23:00:00Z,Châteauroux - AC Ajaccio (0-0)  - Résumé - (LBC - ACAJ) / 2014-15,1021
2014-09-20T22:00:02Z,Châteauroux - AS Nancy-Lorraine (2-5)  - Résumé - (LBC - ASNL) / 2014-15,15401
2014-10-04T19:03:06Z,AC Arles Avignon - Châteauroux (0-1)  - Résumé - (ACA - LBC) / 2014-15,2871
2015-02-21T22:59:59Z,AS Nancy-Lorraine - Châteauroux (6-0)  - Résumé - (ASNL - LBC) / 2014-15,30198
2014-11-01T23:00:04Z,GFC Ajaccio - Châteauroux (1-0)  - Résumé - (GFCA - LBC) / 2014-15,2204
2015-05-09T21:59:59Z,Dijon FCO - Châteauroux (0-1)  - Résumé - (DFCO - LBC) / 2014-15,3745
2014-10-07T20:24:11Z,Galin Ivanov 2014,1083
2015-05-18T12:46:57Z,VTS 01 0,24
2015-02-05T22:17:13Z,caf 2015 : match interrompu apres l&#39;interventin d&#39;un helecopter pour evacuer les supporters du ghana,81
2015-06-29T08:57:38Z,France U19 vs RDC U20 : Patrick Gonfalone s&#39;exprime,1136
2015-05-28T19:31:53Z,John ayina,1154
2014-09-23T18:43:30Z,Luis fernando furtado (Bolinha)  - Skills,406
2015-03-28T16:17:00Z,IRAQ 2 - 1 RD CONGO LEOPARDS . MATCH AMICAL INTERNATIONAL A DUBAI,7403
2014-10-10T10:35:05Z,Zargo Touré,8938
2015-04-11T21:59:59Z,AC Arles Avignon - Havre AC (0-1)  - Résumé - (ACA - HAC) / 2014-15,1885
2015-05-09T22:00:00Z,Havre AC - Tours FC (0-1)  - Résumé - (HAC - TOURS) / 2014-15,3443
2015-06-26T12:22:56Z,RD Congo vs Cameroun : réaction à chaud de Youssouf Mulumbu,1525
2015-04-16T19:24:59Z,Découverte - Loïck Mangala Berwick Rangers - Ecosse,5274
2015-07-16T19:06:02Z,"A la découverte de Kévin VITA, le bourreau de Villeneuve d&#39;Ascq",8417
