publish_date,title,view_count
2015-07-08T10:01:01Z,{Transfert} Arrivée de Loïc Nestor au VAFC !,1699
2015-05-02T22:00:00Z,Châteauroux - Valenciennes FC (3-0)  - Résumé - (LBC - VAFC) / 2014-15,4677
2014-08-30T22:00:02Z,Châteauroux - US Orléans (0-0)  - Résumé - (LBC - USO) / 2014-15,2988
2015-02-14T23:00:00Z,Châteauroux - AC Ajaccio (0-0)  - Résumé - (LBC - ACAJ) / 2014-15,1021
2014-08-16T22:00:02Z,Châteauroux - Clermont Foot (3-2)  - Résumé - (LBC - CF63) / 2014-15,7888
2015-05-16T22:00:00Z,Châteauroux - Havre AC (0-0)  - Résumé - (LBC - HAC) / 2014-15,1271
2015-03-14T23:00:00Z,Châteauroux - AC Arles Avignon (1-2)  - Résumé - (LBC - ACA) / 2014-15,3094
2014-09-13T22:00:01Z,AC Ajaccio - Châteauroux (1-1)  - Résumé - (ACAJ - LBC) / 2014-15,2790
2014-09-27T22:00:01Z,Châteauroux - Stade Brestois 29 (1-1)  - Résumé - (LBC - SB29) / 2014-15,2471
2014-08-02T22:00:02Z,Châteauroux - ESTAC Troyes (0-1)  - Résumé - (LBC - ESTAC) / 2014-15,8140
2014-10-18T18:19:40Z,Châteauroux - FC Sochaux-Montbéliard (1-4)  - Résumé - (LBC - FCSM) / 2014-15,10131
2015-03-10T11:00:00Z,Stade Brestois 29 - Châteauroux (3-0)  - Résumé - (SB29 - LBC) / 2014-15,5085
2015-01-31T22:59:59Z,Châteauroux - Angers SCO (0-1)  - Résumé - (LBC - SCO) / 2014-15,3657
2015-02-28T23:00:00Z,Châteauroux - Nîmes Olympique (2-1)  - Résumé - (LBC - NIMES) / 2014-15,3412
2015-01-24T23:00:02Z,Clermont Foot - Châteauroux (3-3)  - Résumé - (CF63 - LBC) / 2014-15,24378
2015-04-25T22:00:00Z,Châteauroux - AJ Auxerre (2-1)  - Résumé - (LBC - AJA) / 2014-15,3986
2014-10-25T22:00:07Z,Châteauroux - Tours FC (2-1)  - Résumé - (LBC - TOURS) / 2014-15,4951
2014-08-09T22:00:01Z,US Créteil-Lusitanos - Châteauroux (3-0)  - Résumé - (USCL - LBC) / 2014-15,9923
2014-08-23T22:00:02Z,Angers SCO - Châteauroux (1-1)  - Résumé - (SCO - LBC) / 2014-15,4866
2014-11-22T23:00:05Z,AJ Auxerre - Châteauroux (3-1)  - Résumé - (AJA - LBC) / 2014-15,5541
2015-05-23T22:00:00Z,ESTAC Troyes - Châteauroux (4-1)  - Résumé - (ESTAC - LBC) / 2014-15,17542
2014-11-29T23:00:06Z,Châteauroux - Chamois Niortais (0-1)  - Résumé - (LBC - NIORT) / 2014-15,2025
2015-04-18T21:59:59Z,Stade Lavallois - Châteauroux (1-0)  - Résumé - (LAVAL - LBC) / 2014-15,2277
2015-04-29T17:55:55Z,Chamois Niortais - Châteauroux (3-0)  - Résumé - (NIORT - LBC) / 2014-15,1797
2015-02-07T23:00:02Z,US Orléans - Châteauroux (1-0)  - Résumé - (USO - LBC) / 2014-15,2592
2014-10-04T19:03:06Z,AC Arles Avignon - Châteauroux (0-1)  - Résumé - (ACA - LBC) / 2014-15,2871
2015-04-04T22:00:00Z,Tours FC - Châteauroux (1-0)  - Résumé - (TOURS - LBC) / 2014-15,3107
2015-04-11T22:00:00Z,Châteauroux - GFC Ajaccio (0-2)  - Résumé - (LBC - GFCA) / 2014-15,2144
2014-11-08T23:00:07Z,Châteauroux - Stade Lavallois (1-1)  - Résumé - (LBC - LAVAL) / 2014-15,4782
2014-09-24T22:00:04Z,Nîmes Olympique - Châteauroux (1-0)  - Résumé - (NIMES - LBC) / 2014-15,3537
2014-09-20T22:00:02Z,Châteauroux - AS Nancy-Lorraine (2-5)  - Résumé - (LBC - ASNL) / 2014-15,15401
2015-02-21T22:59:59Z,AS Nancy-Lorraine - Châteauroux (6-0)  - Résumé - (ASNL - LBC) / 2014-15,30198
2015-03-21T23:00:00Z,FC Sochaux-Montbéliard - Châteauroux (3-0)  - Résumé - (FCSM - LBC) / 2014-15,10992
2014-11-01T23:00:04Z,GFC Ajaccio - Châteauroux (1-0)  - Résumé - (GFCA - LBC) / 2014-15,2204
2015-05-09T21:59:59Z,Dijon FCO - Châteauroux (0-1)  - Résumé - (DFCO - LBC) / 2014-15,3745
2015-07-22T09:48:59Z,{TRANSFERTS} Butin au VAFC,2231
2014-11-18T18:19:02Z,UD Las Palmas 2 - Deportivo de La Coruña 0 - 2a Parte - 17-03-2001,1289
