published-time,comment,likes
2015-07-08T10:58:46Z,éric Judor ^^,1
2014-08-31T09:12:20Z,Aller l'USO !!!,0
2014-08-30T23:54:03Z,Allez la berri !!!! CW & RBA,1
2015-02-18T15:48:17Z,"Un joli boucher, encore, ce Sainati !",0
2014-12-30T18:51:38Z,"Gregory Thil apres une superbe saison 2013-2014 à Dijon il en fera une a la berrichonne de Châteauroux
Allez Chateraux et bonne chance à: Nestor, Houtondji,Roudet",2
2014-08-23T05:20:30Z,"la region centre est a l'honneur en ligue 2 Chateauroux,Tours,Orléans",3
2014-08-20T11:30:44Z,"#Ligue2 - Classement des buteurs - Après un 3e but lors de la 3e journée, Idriss Saadi (Clermont Foot) figure en tête du classement officiel des buteurs de Ligue 2. http://bit.ly/1oNzN6t",4
2014-08-18T08:06:51Z,"Bravo la berri !!!
",0
2014-08-16T22:56:36Z,Encore un bon gardien sur ce match ...,0
2014-08-16T22:16:57Z,Allez Châteauroux !!!,6
2015-03-15T13:54:27Z,Beau match et victoire m�rit�e de l'ACA!,0
2014-08-21T10:36:26Z,Lol 0-0 à la mi-temps  quel bouffon ce commentateur...,0
2014-08-08T05:09:57Z,haha quel con ce comentateur,0
2014-08-04T22:56:05Z,XtraGaMeuR36 oupssss grillée ;),0
2014-08-03T10:59:58Z,"0-0 à la mi-temps ? Heeeeeu.
24h pour préparer le commentaire et c'est pas correct.",1
2014-08-03T09:07:18Z,Makengo comment il l'a griller le pauvre mec !,0
2014-08-02T23:47:54Z,"@ 1:35 : ""à la mi-temps : zéro-zéro"" ????
sérieux ??? je rappelle que le seul but à été marqué à la neuvième minute ....",0
2014-10-24T08:56:53Z,"allez Sochaux !!! sa sens bon la ligue 1 !!!! bonne continuation et faux faire sa a domicile la ( le dernier but est magnifique )
=D",0
2014-10-20T17:13:37Z,magnifique le dernier but de Sochaux!! :),1
2014-10-20T12:56:10Z,"sochaux en ligue1 l'anner prochaine et ceux qui vont commencer a revenir au stade parceque sa va mieux a sochaux , faut pas les soutenirs que quand ca va mais aussi quand ca va pas alez sochaux!!!!!",0
2014-10-20T09:22:46Z,Vive sochaux,0
2014-10-19T20:23:10Z,Je suis sochalien mais je suis parti à l'étranger pour les vacances. Pas moyen de regarder le match ?,0
2014-10-19T06:34:26Z,"Sochaux en ligue 1 l'année prochaine :
Mes potes répondent non
Moi je réponds si !
ALLER SOCHAUX !!!!!! ;-) ",3
2014-10-18T22:22:03Z,Allez Sochaux!!!,0
2015-03-10T14:01:54Z,"Et ACA-AJA, c'est en option !?",0
2015-03-10T11:10:32Z,#Ligue2 - J27 - Revivez les meilleurs moments de Stade Brestois 29 - Châteauroux (3-0) sur Youtube ! ,3
2015-02-03T16:41:50Z,"#Ligue2 - Classement des buteurs - Jonathan Kodjia s’emballe ! 
Avec un 6e but en 4 matchs, l’attaquant d’Angers SCO compte à présent trois buts d’avance en tête du classement officiel des buteurs de Ligue 2 ! http://minilien.fr/a0nvgd",3
2015-03-02T09:30:22Z,Ca fait plaisir de voir une Berri comme ça !!! Enfin j'ai envie de dire mais la continuité j'ai bien peur que... mais maintenant j'y crois allez Berri !,0
2015-03-01T17:11:54Z,"c'est marrant cette équipe, il gagnent 5-4 Dijon en faisant un match de fou , ils gagnes 2-1 sochaux ,4 vicoires consecutives ...
ET ILS SONT MÊME PAS CAPABLE DE BATTRE LES 19 EME  QUI ONT PAS GANER DEPUIS 4 MOIS ",1
2015-03-01T11:18:43Z,Enfinnnnnnnn!!!!!!! LA victoire,2
2015-01-25T17:02:45Z,"C'est ça de s'enflammer quand on marque un but mes petits bleus et rouges...
Concentrez vous le dernier but des Clermontois est honteux, fallait rester concentrez
Branleurs cette équipe...
Bravo a Clermont qui a su revenir au score 3* avec notre déplorable équipe.
Direction National et on en parle plus..",1
2015-04-26T10:37:55Z,ca sera plus facile contre paris xD,0
2015-04-25T22:45:43Z,Pff l'AJA aurait mériter de gagner,2
2014-10-26T08:01:48Z,Gagner non volé grâce a un hors jeu oui,0
2014-10-26T07:12:52Z,Putain ouais une victoire ça fait plaiz !!!,1
2014-10-25T23:16:04Z,Enfinnn!!!!!!,0
2014-10-25T22:15:04Z,On a gagné !,0
2014-08-10T07:21:39Z,C'est qui ce Sec.Normalement l'avent centre c'est Marcel Essombe...,3
2014-08-24T22:29:25Z,Allez les bleus demain clermont !,0
2014-08-24T22:09:57Z,Aller Châteauroux! on na mener 1-0 pendant un moment et on se fait rattraper en fin de match! comme souvent on peut pas garder le score et gagner a l’extérieur! putain! mes match nul pas mal quand même Aller la Berri!!,4
2014-08-23T23:23:41Z,ALLER LE SCO !!!,2
2014-11-23T09:57:35Z,"Gragnic en forme, s'il n'avait pas était blessé en début de saison on n'aurait pu prendre d’avantage de points. Y'a pas possibilité de nous faire voire le but de Châteauroux sous un autre angle ? On voit pas vraiment sur la vidéo et on ne peut pas vraiment se fier aux arbitres...",0
2015-07-01T12:43:36Z,Super saison bravo!,5
2015-06-30T17:58:52Z,Tres beau parcours des troyens,3
2015-06-13T09:56:04Z,Le 3ème but MAGNIFIQUE !!,4
2015-06-02T22:36:35Z,le troisième but les mec ont plus de justesse technique que Rennes ou Bordeaux mdr ca promet,2
2015-05-27T10:59:25Z,Hommage à tout ceux qui disnet qu il n y a pas de public à Troyes,9
2015-05-27T10:37:19Z,Bien joué Troyes vous l'avez mérité ce titre ;),7
2015-05-25T09:53:10Z,3:52 regardez le gros vent qui c'est pris thierrez,2
2015-05-25T07:42:02Z,gg pour la ligue 1 j'ai tout de suite vu votre beau jeu quand vous aver jouer contre sochaux avec ce magnifique but de Corentin jean  j'aurai aimer  sochaux a la place de Troyes mais sa sera la saison prochaine,1
2015-05-24T11:56:31Z,Que dire du 3ème but...,7
2015-05-23T23:19:24Z,"Bravo un beau parcours similaire au nôtres l'année passer mais ne faite pas comme nous en ligue 1 . 
Chaos bonne chance , des messins ! ",10
2015-05-23T23:00:52Z,Champions !!! ,6
2014-12-02T13:44:44Z,On aurais pu faire un résumé des 15 ballons envoyés en tribune par les valenciennois !,0
2014-12-01T10:08:51Z,#Ligue2 - J16 - Retrouvez tous les résumés des matchs de vendredi et samedi sur la chaîne officielle YouTube Ligue 2 !,2
2014-11-30T14:22:06Z,"Enfin une victoire à l'extérieur pour les Chamois, qu'elle fait du bien celle-là. Dommage pour l'ancien de la maison, Pascal Gastien, car Châteauroux avait toutes les occases pour plier le match, mais Niort en avait aussi, comme ce but d'Adama Ba juste avant la mi-temps ou cet incroyable raté de Jimmy Roye (qui était tout seul face au but vide, soulignons-le) en seconde période. Bon match, et espérons pour les deux équipes qu'elles se maintiennent en Ligue 2. ALLEZ CHAMOIS, tout de même.",0
2015-04-19T11:52:42Z,Comment châteauroux mérite au moins un nul...dégouté,1
2015-02-10T17:01:45Z,ALLEZ L'US Orléans on est tous derrière vous!!!,0
2015-02-08T08:25:23Z,Ça c'est les petites erreurs défensives qui coûte une saison en national,0
2015-02-08T07:55:17Z,Que de passivité défensive sur le but ...,0
2015-02-07T23:51:59Z,Wow le but ridicule,0
2015-04-05T08:05:20Z,"Au revoir la L2, bonjour la national pour Châteauroux !!!!",1
2015-04-12T00:00:53Z,Aux pâquerettes Châteauroux et sa défense : Jamais vu '-',0
2014-11-12T09:18:14Z,#Ligue2 - J14 - Revivez les résumés des matches de la 14ème journée de Ligue 2 grâce à notre chaîne officielle YouTube !,2
2014-11-10T16:46:04Z,il est ou le but de chateroux MDR ,0
2014-11-09T21:56:19Z,ca fait plusieurs buts qu'il zappent depuis le début de saison c'est du n'importe quoi cette année...,0
2014-11-09T13:04:45Z,"MDR, le cadreur est une merde et en plus on voit pas le but de Châteauroux XD
Laval méritait largement de gagner les 3 pts sur ce match.",1
2014-11-09T08:37:31Z,On peut apprécier le superbe but de Châteauroux merci,0
2014-11-09T08:19:30Z,le but de Châteauroux?,1
2014-11-09T00:36:11Z,Mais il manque 1 but là ?,0
2014-12-30T18:43:37Z,"Nancy est hyper fort mais je supporte toujours la berrichone
ALLEZ CHÂTEAUROUX",0
2014-09-22T15:56:03Z," #Ligue2  - Classement des buteurs - Classement des buteurs - Lors d’une 7e journée de Ligue 2 marquée par 38 buts, Mana Dembélé (ASNL) s’est offert un quadruplé en déplacement ! http://bit.ly/1ym8JjR",1
2014-09-21T12:17:29Z,Bien jouer au Nancéiens #Chateauroux,6
2014-09-21T08:40:34Z,Allez Nancy super match à refaire <3,3
2015-05-16T08:00:06Z,C vraiment des merdes Châteauroux MDR,4
2015-03-23T18:34:14Z,aller nancy !!!!!!!!!!!!!!!!,2
2015-02-25T16:17:31Z,"#Ligue2 - Classement des passeurs - Maurice Dalé propulsé aux commandes !
L’attaquant de l’AS Nancy-Lorraine a été étincelant lors du festival offensif contre Châteauroux (6-0), réalisant un triplé à la passe qui lui permet de prendre la tête du classement des passeurs de Ligue 2 - http://www.lfp.fr/ligue2/article/maurice-dale-propulse-aux-commandes.htm",6
2015-02-23T12:32:35Z,"avant le 5e but, un joueur de nancy remonte tout le terrain les la berri court autour en tant que spectateur, sérieusement! Bonne chance aux deux équipes pour leurs deux objectifs! ",2
2015-02-22T23:01:59Z,"Jai honte d etre supporter de la Berri 
C est ca de glander a domicile 
Vous allez y alle en national pour mon plus grand desarroi .
Berri tu n est plus la meme.",3
2015-02-22T17:51:34Z,Allez Nancy !!! ,3
2015-02-22T12:35:51Z,Quelle déf de merde du côté de Châteauroux !,2
2015-02-22T09:22:19Z,pourquoi on voit jamais ca a Nimes :'(,0
2015-02-22T08:51:43Z,J'espère que Nancy va remonter en ligue 1 ;),5
2015-02-22T00:48:37Z,Nancy a largement sa place en Ligue 1,8
2015-02-22T00:17:42Z,"Dalé félicitations pour tes 3 Passes Décisives, certainement un des meilleurs joueurs de la tête cette année.",3
2015-02-22T00:16:30Z,Youssouf is the Man,3
2015-02-22T00:00:35Z,Une boucherie x),1
2015-02-21T23:42:37Z,"Allez cette fois c'est la bonne ! Chateauroux en National, ça leur fera pas de mal.",8
2015-03-24T15:16:37Z,"#Ligue2 - Classement des buteurs - « KTE », un Lionceau menaçant !
Après son doublé de la 29e journée, Karl Toko Ekambi (FC Sochaux-Montbéliard) revient dans la course au podium et au titre de meilleur buteur de Ligue 2 - http://www.lfp.fr/ligue2/article/kte-un-lionceau-menacant.htm",4
2015-03-22T10:29:49Z,Allez Sochaux !!!! Magnifique le 3ème but ! 😀,6
2015-03-22T10:29:10Z,"Quel but de Berenger, le plus beau but de ligue 2 de cette saison!",2
2015-03-22T08:56:39Z,Allez sochaux,4
2014-11-03T14:50:44Z,c quoi ce stade mdr,0
2015-05-10T00:58:53Z,Bye bye ligue 1 ,1
