publish_date,title,view_count
2015-03-23T17:48:39Z,Kevin Bru (Mauritius) Vs Mauritania,11398
2015-01-05T12:00:13Z,Southampton 1-1 Ipswich town - FA Cup Third Round | Goals &amp; Highlights,21322
2015-01-15T18:00:20Z,Ipswich 0-1 Southampton - FA Cup Third Round | Goals &amp; Highlights,8265
2015-02-25T09:27:05Z,JONATHAN BRU - GOAL AGAINST BENFICA B,2118
2015-06-06T14:36:03Z,Teaser Maurice Football | Leonn Sport,3103
2015-05-19T05:40:21Z,But de bru (6-10) - Altarea-Cogedim Vs Adquation Foot - 18/05/15 19:00 - Puteaux Urban Football,2
2015-02-14T14:30:00Z,FULHAM - IPSWICH  1-2,257
2014-09-01T17:43:43Z,Ερμής-Απόλλων 0-3 (Μεριέμ 75&#39;),732
2015-05-30T08:08:33Z,Jérémy Villeuve : de Reims à Drancy,281
2015-02-17T15:41:24Z,Holt header keeps Queens play-off bid on track,937
2015-05-25T02:33:32Z,Sombrerito de Leandro Grimi - Racing vs. Independiente,560
2015-02-14T14:55:48Z,KENNY DALGLISH - LIVERPOOL FC - FOOTBALLS GREATEST,49140
2014-11-12T18:26:56Z,The Road to France | Vauxhall Home Nations Football Show,730
2014-09-10T01:27:44Z,But de SAUREL (0-4) - Adéquation Foot Vs Le celtic fiasco - 09/09/14 19:00 - Puteaux Urban Football,18
2015-05-08T07:39:43Z,Morton- Peterhead 3-1 (New Star at Capiellow warm-up),91
2015-07-07T12:53:50Z,GOLS: 14ª COPA BIG BOYS FUTEBOL DE 2015 = BAURU,3390
2015-04-22T11:44:56Z,Pope Cup CMHS v Archbishop McCarthy 2 15 2014,61
2015-01-03T08:29:56Z,Arameans Suryoye 0-0 (7-6) Occitania [ConIFA World Cup 2014],1511
