publish_date,title,view_count
2015-04-12T22:00:00Z,Stade Rennais FC - EA Guingamp (1-0) - Highlights - (SRFC - EAG) / 2014-15,767
2015-01-19T00:28:34Z,Olympique de Marseille - EA Guingamp (2-1) - Highlights - (OM - EAG) / 2014-15,5980
2014-12-15T16:14:20Z,"Guerreiro, Lacazette, Sankhare... L&#39;équipe type de la 18e journée de Ligue 1 !",375
2014-12-15T01:20:05Z,EA Guingamp - Paris Saint-Germain (1-0) - Highlights - (EAG - PSG) / 2014-15,10258
2015-03-01T23:00:00Z,FC Nantes - EA Guingamp (1-0) - Highlights - (FCN - EAG) / 2014-15,924
2015-01-26T09:40:53Z,Highlights : Week 22 / 2014-2015,3869
2014-11-30T23:00:03Z,Evian TG FC - EA Guingamp (2-0) - Highlights - (ETG - EAG) / 2014-15,1540
2015-01-18T23:45:29Z,Olympique de Marseille - EA Guingamp (2-1)  - Résumé - (OM - EAG) / 2014-15,84074
2015-04-12T21:59:59Z,Stade Rennais FC - EA Guingamp (1-0)  - Résumé - (SRFC - EAG) / 2014-15,16886
2014-10-19T19:34:27Z,LOSC Lille - EA Guingamp (1-2) - Highlights - (LOSC - EAG) / 2014-15,2354
2014-11-09T23:00:07Z,Olympique Lyonnais - EA Guingamp (3-1)  - Résumé - (OL - EAG) / 2014-15,62965
2015-03-15T23:03:49Z,OGC Nice - EA Guingamp (1-2) - Highlights - (OGCN - EAG) / 2014-15,862
2015-03-15T23:00:00Z,OGC Nice - EA Guingamp (1-2)  - Résumé - (OGCN - EAG) / 2014-15,10238
2015-04-05T22:00:00Z,EA Guingamp - Olympique Lyonnais (1-3) - Highlights - (EAG - OL) / 2014-15,3014
2014-10-26T23:00:08Z,EA Guingamp - OGC Nice (2-7) - Highlights - (EAG - OGCN) / 2014-15,23224
2014-11-30T23:00:08Z,Evian TG FC - EA Guingamp (2-0)  - Résumé - (ETG - EAG) / 2014-15,16563
2015-02-15T23:12:57Z,FC Metz - EA Guingamp (0-2) - Highlights - (FCM - EAG) / 2014-15,1401
2015-04-19T22:00:00Z,EA Guingamp - Evian TG FC (1-1) - Highlights - (EAG - ETG) / 2014-15,652
2015-04-26T21:59:59Z,SM Caen - EA Guingamp (0-2)  - Résumé - (SMC - EAG) / 2014-15,17023
2015-01-26T00:09:40Z,Résumé de la 22ème journée - Ligue 1 / 2014-15,77380
2014-11-09T23:00:07Z,Olympique Lyonnais - EA Guingamp (3-1) - Highlights - (OL - EAG) / 2014-15,4888
2015-02-08T22:59:59Z,EA Guingamp - AS Monaco (1-0) - Highlights - (EAG - MON) / 2014-15,1358
2015-05-03T22:53:25Z,EA Guingamp - Stade de Reims (2-0) - Highlights - (EAG - SdR) / 2014-15,801
2014-10-05T21:01:56Z,EA Guingamp - FC Nantes (0-1) - Highlights - (EAG - FCN) / 2014-15,1795
2015-02-15T22:59:59Z,FC Metz - EA Guingamp (0-2)  - Résumé - (FCM - EAG) / 2014-15,17058
2015-01-11T23:00:08Z,EA Guingamp - RC Lens (2-0) - Highlights - (EAG - RCL) / 2014-15,1094
2015-05-10T21:59:59Z,Paris Saint-Germain - EA Guingamp (6-0) - Highlights - (PSG - EAG) / 2014-15,17643
2015-03-01T22:59:59Z,FC Nantes - EA Guingamp (1-0)  - Résumé - (FCN - EAG) / 2014-15,19883
2015-05-10T22:00:00Z,Paris Saint-Germain - EA Guingamp (6-0)  - Résumé - (PSG - EAG) / 2014-15,299430
2015-04-26T22:00:00Z,SM Caen - EA Guingamp (0-2) - Highlights - (SMC - EAG) / 2014-15,770
2014-12-21T23:00:09Z,Toulouse FC - EA Guingamp (1-1) - Highlights - (TFC - EAG) / 2014-15,1101
2014-11-23T23:00:04Z,EA Guingamp - Stade Rennais FC (0-1) - Highlights - (EAG - SRFC) / 2014-15,1018
2015-01-25T23:00:06Z,EA Guingamp - FC Lorient (3-2) - Highlights - (EAG - FCL) / 2014-15,980
2014-10-26T23:00:05Z,EA Guingamp - OGC Nice (2-7)  - Résumé - (EAG - OGCN) / 2014-15,133617
2014-09-25T22:00:04Z,EA Guingamp - FC Metz (0-1) - Highlights - (EAG - FCM) / 2014-15,1161
2015-03-08T22:59:59Z,EA Guingamp - LOSC Lille (0-1) - Highlights - (EAG - LOSC) / 2014-15,1079
2014-12-14T23:00:06Z,EA Guingamp - Paris Saint-Germain (1-0)  - Résumé - (EAG - PSG) / 2014-15,137522
2015-05-03T22:56:15Z,EA Guingamp - Stade de Reims (2-0)  - Résumé - (EAG - SdR) / 2014-15,10977
2015-03-22T22:59:59Z,SC Bastia - EA Guingamp (0-0) - Highlights - (SCB - EAG) / 2014-15,564
2015-04-05T22:00:00Z,EA Guingamp - Olympique Lyonnais (1-3)  - Résumé - (EAG - OL) / 2014-15,80508
2015-02-22T23:00:00Z,EA Guingamp - Montpellier Hérault SC (0-2) - Highlights - (EAG - MHSC) / 2014-15,848
2014-12-21T23:00:02Z,Toulouse FC - EA Guingamp (1-1)  - Résumé - (TFC - EAG) / 2014-15,7915
2015-01-14T23:41:40Z,AS Monaco - EA Guingamp (2-0)  (1/4 de finale) - Résumé - (MON - EAG) / 2014-15,18773
2015-04-19T22:00:00Z,EA Guingamp - Evian TG FC (1-1)  - Résumé - (EAG - ETG) / 2014-15,9342
2014-10-17T07:11:30Z,Lille - Guingamp  1-2,215
2015-01-11T23:00:08Z,EA Guingamp - RC Lens (2-0)  - Résumé - (EAG - RCL) / 2014-15,17000
2015-01-25T23:00:03Z,EA Guingamp - FC Lorient (3-2)  - Résumé - (EAG - FCL) / 2014-15,16827
2015-03-24T13:15:14Z,Claudio Beauvue &quot;NEW&quot; Celta de Vigo - Skills Dribbling Goals - 2015/16 4K,49111
2014-10-05T20:37:12Z,EA Guingamp - FC Nantes (0-1)  - Résumé - (EAG - FCN) / 2014-15,26647
2014-09-25T22:00:04Z,EA Guingamp - FC Metz (0-1)  - Résumé - (EAG - FCM) / 2014-15,10430
