published-time,comment,likes
2015-04-26T07:25:21Z,we are waiting you back for Club M... u can be a legend and role model for any footballer in MRU...,1
2015-04-10T18:55:49Z,This guy is rilly good. Amazing technique. Mauritius <3,3
2015-01-05T12:27:28Z,COYB!!,1
2015-02-20T15:36:48Z,You're the man Sammi!,0
2015-04-19T05:56:40Z,"What a player a mix of zola,bergkamp and shearer.one of very very best ever",13
2015-04-19T05:38:05Z,What's the name of the classical music in background,0
2014-11-16T20:21:31Z,Surely England can't mess up that group? Wales looking like they have a real chance. I don't fancy Scotland either!,0
2014-11-15T14:51:25Z,Scotland's bus needs nudging forward!!!,0
2014-11-14T15:44:28Z,"if wales will go trough it will only be from playoff's.
1st will be belgium.
2nd bosnia/israel. 
israel has a realy strong team and alot of hype for the upcoming match against bosnia, imo the winner in this game will finish in 2nd place.",0
2014-11-14T13:56:22Z,This is awesome,1
2014-11-13T13:40:29Z,"I wanna see all of em go through but how can bale not be part of the euros? Ronaldo, Ibra, Iniesta, Reus.. And whos gonna be the top striker of the tournament? Benzema, Costa, Lewandowski? Perhaps an outsider?",0
