publish_date,title,view_count
2014-08-02T22:00:02Z,Tours FC - US Créteil-Lusitanos (4-2)  - Résumé - (TOURS - USCL) / 2014-15,12503
2015-03-21T22:59:59Z,Nîmes Olympique - Tours FC (3-2)  - Résumé - (NIMES - TOURS) / 2014-15,8081
2014-08-09T22:00:02Z,ESTAC Troyes - Tours FC (1-0)  - Résumé - (ESTAC - TOURS) / 2014-15,6373
2014-10-07T10:00:04Z,Stade Brestois 29 - Tours FC (2-0)  - Résumé - (SB29 - TOURS) / 2014-15,6216
2014-08-30T22:00:02Z,Tours FC - Angers SCO (1-2)  - Résumé - (TOURS - SCO) / 2014-15,11636
2014-11-22T23:00:04Z,Chamois Niortais - Tours FC (1-1)  - Résumé - (NIORT - TOURS) / 2014-15,2099
2014-08-23T22:00:03Z,AC Ajaccio - Tours FC (1-0)  - Résumé - (ACAJ - TOURS) / 2014-15,4428
2014-10-18T18:21:37Z,Tours FC - Nîmes Olympique (1-2)  - Résumé - (TOURS - NIMES) / 2014-15,5305
2015-05-23T21:59:59Z,US Créteil-Lusitanos - Tours FC (1-4)  - Résumé - (USCL - TOURS) / 2014-15,5883
2014-08-16T22:00:02Z,Tours FC - Valenciennes FC (1-0)  - Résumé - (TOURS - VAFC) / 2014-15,8365
2014-12-13T23:00:04Z,Clermont Foot - Tours FC (2-2)  - Résumé - (CF63 - TOURS) / 2014-15,3271
2014-09-13T22:00:01Z,AC Arles Avignon - Tours FC (1-0)  - Résumé - (ACA - TOURS) / 2014-15,3374
2015-04-18T21:59:59Z,AJ Auxerre - Tours FC (2-3)  - Résumé - (AJA - TOURS) / 2014-15,8017
2014-11-01T23:00:05Z,Stade Lavallois - Tours FC (2-1)  - Résumé - (LAVAL - TOURS) / 2014-15,3483
2015-04-25T22:00:00Z,Tours FC - Chamois Niortais (1-0)  - Résumé - (TOURS - NIORT) / 2014-15,3039
2014-10-25T22:00:07Z,Châteauroux - Tours FC (2-1)  - Résumé - (LBC - TOURS) / 2014-15,4951
2015-04-04T22:00:00Z,Tours FC - Châteauroux (1-0)  - Résumé - (TOURS - LBC) / 2014-15,3107
2014-12-20T23:00:03Z,Tours FC - Havre AC (3-2)  - Résumé - (TOURS - HAC) / 2014-15,6362
2015-01-17T23:00:06Z,Tours FC - ESTAC Troyes (0-2)  - Résumé - (TOURS - ESTAC) / 2014-15,3522
2015-05-16T21:59:59Z,Tours FC - Dijon FCO (0-0)  - Résumé - (TOURS - DFCO) / 2014-15,2158
2015-03-14T22:59:59Z,Tours FC - Stade Brestois 29 (1-1)  - Résumé - (TOURS - SB29) / 2014-15,3557
2014-09-20T22:00:02Z,Tours FC - US Orléans (4-3)  - Résumé - (TOURS - USO) / 2014-15,17299
2015-01-31T23:00:00Z,Tours FC - AC Ajaccio (0-2)  - Résumé - (TOURS - ACAJ) / 2014-15,2697
2015-01-10T23:00:05Z,Dijon FCO - Tours FC (0-3)  - Résumé - (DFCO - TOURS) / 2014-15,6745
2015-03-22T10:30:00Z,Top buts 29ème journée - Ligue 2 / 2014-15,2889
2014-09-27T22:00:01Z,Tours FC - FC Sochaux-Montbéliard (0-1)  - Résumé - (TOURS - FCSM) / 2014-15,4639
2015-05-09T22:00:00Z,Havre AC - Tours FC (0-1)  - Résumé - (HAC - TOURS) / 2014-15,3443
2015-05-02T22:00:00Z,Tours FC - Clermont Foot (0-1)  - Résumé - (TOURS - CF63) / 2014-15,2326
2014-09-24T22:00:04Z,AS Nancy-Lorraine - Tours FC (2-1)  - Résumé - (ASNL - TOURS) / 2014-15,10699
2014-11-08T23:00:02Z,Tours FC - AJ Auxerre (2-3)  - Résumé - (TOURS - AJA) / 2014-15,6105
2015-04-11T21:59:59Z,Tours FC - Stade Lavallois (1-1)  - Résumé - (TOURS - LAVAL) / 2014-15,2110
2014-11-29T23:00:04Z,Tours FC - GFC Ajaccio (2-1)  - Résumé - (TOURS - GFCA) / 2014-15,3857
2015-01-24T23:00:06Z,Valenciennes FC - Tours FC (1-2)  - Résumé - (VAFC - TOURS) / 2014-15,7551
2015-03-21T17:55:01Z,Conférence de presse Nîmes Olympique - Tours FC (3-2) - 2014/2015,836
2015-04-29T17:56:15Z,GFC Ajaccio - Tours FC (1-1)  - Résumé - (GFCA - TOURS) / 2014-15,3166
2015-06-16T18:55:57Z,HAC VS ASNL,20
2015-05-08T23:32:31Z,Le Havre AC 0-1 Tours FC,220
