published-time,comment,likes
2014-08-04T17:15:20Z,On est en ligue1 metz!,0
2014-08-04T08:21:02Z,N'importe quoi ce pénalty et en plus notre goal ce prend le rouge après a cause de ça --' Allez Tours :D,0
2014-08-02T22:23:26Z,Tours FC♥♥,2
2015-03-22T09:04:52Z,"On va le faire , on va le faire !!!!!!
Allez le N.O !!!!!!",6
2015-03-22T08:03:35Z,"Un peu ridicule le geste de Maoulida, surtout qu'il n'était pas à nimes l'en passé, il en sait rien si le match a été truqué ou non...",0
2015-03-21T23:27:48Z,Je suis Nimes Olympique!!!,4
2015-03-21T23:25:17Z,ALLER LES CROCOS!! 🐊,4
2015-03-21T23:17:14Z,"Jy etais!! Quelle ambiance!! #NimesVaincra, on ne lâchera rien",5
2015-03-21T23:11:57Z,"#JeSuisNimois 
Thiriez Demission !! Le NO Vaincra !",9
2014-08-21T10:29:31Z,Match compliqué pour une première à domicile mais o n ne retient que la victoire et le bon match des recrues et de la défense centrale !,1
2014-08-11T15:12:59Z,"Premier match à domicile réussi, malgré le score étriqué nous avons bousculé l'équipe de Tours, qui est une bonne équipe de Ligue 2, surtout en deuxième mi-temps, peut-être la fatigue ou alors l'orage, il a plu abondamment. A noter la prestation honnête des nouveaux joueurs Thomas Ayasse et Jessi Pi, T.Ayasse a pris beaucoup de ballons de la tête. Le milieu a souffert en première mi-temps, Benjamin Nivet, toujours précieux, est vieillissant et T.Ayasse et Jessi Pi doivent prendre leurs marques et de l'assurance dans ce nouveau groupe. Beau tir de Lionel Carole sur la transversale, prés de la lucarne gauche...",1
2014-08-10T00:27:38Z,Allez l'ESTAC ! ,5
2015-01-09T17:21:54Z,Allez Brest ,0
2014-10-08T20:40:24Z,"match équilibré, ca se joue sur les goals, un en forme et un qui a été nul.",1
2014-10-07T15:03:13Z,Il on pas montrer la coupure de courant pendant le match mdr,0
2014-10-07T13:58:42Z,Mdr le but entre les jambes.,0
2014-10-07T13:03:10Z,#Ligue2 - Revivez les meilleurs moments de Stade Brestois 29 - Tours FC (2-0) en vidéo grâce à notre chaîne officielle YouTube ! ,1
2014-09-01T20:32:54Z,allez l'estac !!!,0
2014-09-01T09:06:19Z,On a plus Delort et c'est la beresina...,0
2014-09-01T08:08:53Z,Arbitre de merde,0
2014-08-31T16:55:55Z,bien le sco !!,1
2014-08-31T12:57:10Z,Allez le SCOOOOOO,0
2014-08-31T09:56:31Z,Pas Boukal Boufal mais c'est pas grave. Aller le SCO!!!!  ,4
2014-08-31T09:55:10Z,Sco allez le sco,2
2014-08-31T09:40:22Z,C'est BouFal pas BouKal,4
2014-08-31T08:43:00Z,Allez le SCO la montée ,4
2014-08-30T22:55:55Z,Le gardien du TFC est vraiment mauvais...,1
2014-11-23T09:06:49Z,"PS : Brouard, Dégage, Gastien (surnommé ""l'Architecte"") Reviens",0
2014-11-23T09:04:52Z,"Il va falloir qu'ils se bougent le cul, les amis Chamois ! Ils sont dix-septièmes de Ligue 2, à deux points de Châteauroux, le premier relégable. Il faudrait prendre 12 points sur les 12 (ou les 15) possibles lors des quatre (ou cinq) prochaines rencontres pour qu'ils soient à l'abri à la trêve hivernale.",0
2014-08-24T08:30:17Z,Tours fc ,0
2014-10-19T12:03:41Z,Forza les crocos,0
2014-10-18T21:23:50Z,J'aurai aimer voir match nul car ses me deux équipes préférer de l2,0
2014-10-18T19:22:52Z,Jghgh,0
2014-10-18T19:22:45Z,Mériter bro,0
2014-10-18T19:21:40Z,Mériter bro,0
2015-06-13T10:03:16Z,Beau finish de Tours :),0
2015-05-24T15:31:53Z,"Créteil promu !!?? Incompétent va, payé à dire n'importe quoi --'",1
2015-05-24T06:40:24Z,"Les deux jaunes pour diarrassouba pas mérité qui réduit Créteil et qui concède des buts suite a cette erreur d'arbitrage qui vient gâcher le dernier match.
Bravo a Cheikh Ndoye pour tout le travail accompli a Créteil !!!",0
2015-05-23T22:48:38Z,.saison difficile pour le tfc mais courage laner prochaine on joue la monter ALLER LE TFC !!!,2
2014-09-20T14:06:06Z,Oh !! ma soeur dans les bras d'Andy Delort *.* ,1
2014-08-18T08:42:45Z,Tours fc!!!,0
2014-12-16T15:53:58Z,"#Ligue2 - Classement des buteurs - Déjà leader des buteurs, Idriss Saadi (Clermont) a conforté sa position lors de la 17e journée de Ligue 2 avec une 10e réalisation - http://minilien.fr/a0nbz2",5
2015-04-22T09:11:24Z,Delors aurait pu marquer quand même,0
2015-04-19T08:23:44Z,Alors déjà quel beau match de merde. Pour Tours rien à dire les 20 premiers minutes. Nous on est nul on touche pas un ballon les deux but sont normaux. Le penalty y'a pas à chier y'a péno. bon pour la main dans la surface on va pas en parlé hein parceque l'arbitre on n'allait pas lui en demander de trop ! deux penalty pour Auxerre dans le même match ça aurait été du jamais vu ! Mais après sa me soûle de voire ce qu'on fais tours putain. Le terrain glisse et sa en profite pour tombé a tous bout de champs et sa siffle a chaque fois ! Pareille j'ai jamais vu ça pour jouer la montre l'autre y remet ses protège tibia sur le terrain !! Mais bordel mais c'est de l'anti jeux c'est pas fair-play !! Puis quelle chatte sans dec' y'a tjrs un contre par ci un pied par la. Y'avait de quoi s'arracher les cheveux en tribune !! Et dire qu'on est en final contre Paris ! prendre trois pions par le 18ème de Ligue deux ça va être quoi contre Paris bordel on va en prendre 10 !!!,1
2015-04-19T07:57:37Z,tours vous inquiétez pas vous êtes sauver par notre descente a nous :(,2
2015-04-18T22:05:43Z,"Ah oui, Bingourou Kamara FAUCHE carrément l'auxerrois ?! On a pas dû voir les mêmes images lors du ralenti :/",0
2014-11-02T19:12:59Z,Allez Laval !!!,0
2014-11-02T09:40:05Z,"GG Laval, c'est mérité ;)",1
2015-04-29T19:57:03Z,Magnifique but (de Tours )!,0
2015-04-28T22:27:02Z,"J’espère que Tours restera en ligue 2, ils le méritent plus que Orléans et pour Niort c'est fait :)",0
2015-04-27T01:55:57Z,En fait c'etait un match tres serre... Dommage que cela ai basculé du coté de Tours. :),0
2015-04-26T20:54:38Z,Aller tours en route vers le maintien,0
2015-04-26T08:35:16Z,Tours sort enfin de la zone rouge !,0
2015-04-26T00:22:02Z,Gros match,1
2014-10-26T08:01:48Z,Gagner non volé grâce a un hors jeu oui,0
2014-10-26T07:12:52Z,Putain ouais une victoire ça fait plaiz !!!,1
2014-10-25T23:16:04Z,Enfinnn!!!!!!,0
2014-10-25T22:15:04Z,On a gagné !,0
2015-04-05T08:05:20Z,"Au revoir la L2, bonjour la national pour Châteauroux !!!!",1
2014-12-29T16:21:16Z,Adrianot et Simao vont signer au HAC,0
2015-01-23T14:42:10Z,Allez l' ESTAC !!! IL faut garder ce rythme!!!!,2
2015-01-18T01:48:32Z,Allez l'ESTAC !! ,3
2015-03-17T15:20:36Z,"#Ligue2 - Classement des buteurs - Le podium pour Youssef Adnane !
Auteur d’une splendide frappe face à son ancien club, Youssef Adnane (Stade Brestois) monte sur le podium du classement officiel des buteurs de Ligue 2 après la 28e journée - http://www.lfp.fr/ligue2/article/le-podium-pour-youssef-adnane.htm",1
2015-03-16T11:05:28Z,#Ligue2 - J28 - Retrouvez tous les résumés des matchs du week-end sur la chaîne officielle YouTube !,3
2015-03-16T06:37:15Z,"On est 4 autour d'adnane, personne le tacle, il frappe tranquille....vraiment une equipe de branque cette saison.",0
2015-03-15T19:08:52Z,"Adnane n'était pas titulaire, n'importe quoi le commentateur...",0
2015-03-15T17:22:14Z,Adnane titulaire ??????????,0
2015-03-15T10:50:41Z,Aller Brest NE VOUS DÉCOURAGER PAS ON PEUT ENCORE Y CROIRE À LA LIGUE 1,0
2014-12-30T19:46:51Z,"Dommage pour l uso
Allez les Orléanais",0
2014-10-13T16:45:19Z,Tours le club de la vie,2
2014-09-21T13:21:25Z,@ Victor oui je suis d'ac sur sa aussi l'arbitrage été très moyen. 😐,0
2014-09-21T13:20:28Z,Allez tours ! Arbitrage tres mediocre ,2
2014-09-21T13:20:24Z,Allez tours ! Arbitrage tres mediocre ,1
2014-09-21T11:33:24Z,Pas normal le 4 ème but de tours il y avait faute sur le joueur d'Orléans!!!!!! Vivement le 20 février pour la revanche de l'USO. 😄,0
2014-09-21T06:38:40Z,Aller Tours ,2
2014-09-20T22:24:59Z,Arbitre vendu,2
2015-02-04T16:26:28Z,"#Ligue2 - Classement des passeurs - Johan Cavalli au quart de tour !
Avec une 8e offrande réussie après seulement 4 minutes au Tours FC, le capitaine de l’AC Ajaccio a conforté sa première place au classement officiel des passeurs de Ligue 2 - http://minilien.fr/a0nvg0",4
2015-02-01T09:56:28Z,Match à guichets fermés xD,0
2015-01-11T21:37:29Z,Tours FC <3,2
2015-01-11T09:25:39Z,Bien joué le TFC ! Il faut se maintenir cette saison ! ,2
2015-01-11T08:50:25Z,Nous sommes les tourangeaux,1
2015-01-11T08:47:27Z,Le TFC en force ;),2
2015-01-11T07:43:56Z,Putain....,1
2015-03-30T17:56:04Z,aller FCSM,0
2015-03-23T14:21:39Z,"Quel but de sochaux je l'ai vu en direct au stade bonal un régal moi je dit le but de l'année de ligue 2 !!! 
Allez sochaux !!! Go en ligue 1 !!",0
2015-03-22T13:12:11Z,Magnifique but de Sochaux je kiff *-*,0
2015-03-22T12:00:25Z,On oublie la passe décisive en talonnades de l'arbitre !,1
2015-03-22T11:05:59Z,Le plus beau but de l'année il est là!  Allez Sochaux!,0
2015-03-22T11:01:05Z,Tres beau but de Sochaux!! Allez Allez Sochaux,2
2015-03-22T10:42:44Z,L'aja n'a pas encore jouer..,0
2015-03-22T10:35:50Z,Magnifique but de Sochaux et victoire 3/0 dernière ligne droite pour ésperer remonté!,3
2014-10-13T16:37:02Z,allez tours !,0
2014-10-04T11:28:19Z,"Nicolas senzemba un ami denfance ke jai perdu dvue
",0
2014-09-29T20:05:05Z,"J'aime beaucoup les commentaires audio des résumés des matches, mais alors là, complètement à l'ouest... Déjà Tours n'est pas si bon que ça à l'exterieur. En effet, contrairement à ce que l'on a entendu, nous n'avons pas pris le moindre point hors de la Vallée du Cher cette saison, et avons été meilleurs à domicile. Et puis, bien sûr, pas un mot sur ce pénalty très généreux (faute et carton rouge très logique, le pénalty moins). Enfin bref, essayez de vous renseignez un minimum avant de faire vos résumés (que, je le répète, j'apprécie beaucoup en général.)",0
2014-09-28T11:29:48Z,Franchement l'arbitre est nul. Voila comment se faire voler un match,0
2014-09-28T08:38:10Z,La saison semble être enfin lancée  allez Sochaux !!!!!,0
2014-09-27T22:18:07Z,Que ce sois en ligue 1 ou en ligue 2 mon cœur bâteras toujours jaune et bleu !,4
2015-05-10T16:53:46Z,Allez le hac,1
2015-05-04T15:17:49Z,L arbitre est un voleur,0
2014-12-31T11:37:38Z,GROSSE ERREUR DE PAUL NARDY MAIS BREF ON A GAGNÉ,1
2014-10-10T17:26:39Z,on seclate avec les satuday fc je vous conseil daller voir un match avec eux,1
2014-09-25T20:36:04Z,Magnifique but de Mana Dembélé!,2
2014-09-25T20:36:01Z,Magnifique but de Mana Dembélé!,1
2014-09-25T14:42:15Z,On peut même dire qu'on s'en sort bien... ,0
2014-11-09T09:02:31Z,"le penalty est légèrement exagéré, de toute les manières à chaque matchs on encaisse un but sur péno, 1/3 n'est pas justifié ! l'arbitrage c'est vraiment pas ça, allez Auxerre !!",2
2015-04-12T07:52:40Z,aller tours fo rester en ligue 2,0
2014-12-02T15:35:05Z,"#Ligue2 - Classement des buteurs - Classé dans le Top 5 des buteurs de Ligue 2 avec 7 buts après la 16e journée, Youssef Adnane a relancé le Tours FC après 8 journées infructueuses - http://minilien.fr/a0nds8",1
2015-01-28T15:16:24Z,#Ligue2 - Classement des passeurs - Bryan Bergougnoux a signé sa 4e passe décisive lors de la 4e victoire en six journées du Tours FC en Ligue 2 ! http://minilien.fr/a0nuht,1
2015-01-28T13:29:31Z,quel dommage je sui trop deg allez va,0
2015-01-25T08:24:34Z,bien jouer les tourangeaux,0
2015-03-23T10:47:26Z,"On a le talent de relancer les équipes et leur public chez qui on se déplace...DES VRAIES CHÈVRES !
Dujeux et ton petit chienchien de zoonekyndt ne valent rien ! Ils #e branlent tous aux entrainements, on fait toujours les memes erreurs en match ! C'est dingue...",0
2015-04-30T08:21:31Z,Allez tours fc,1
