publish_date,title,view_count
2015-03-03T11:00:02Z,AJ Auxerre - Angers SCO (0-1)  - Résumé - (AJA - SCO) / 2014-15,9414
2015-04-14T10:00:00Z,Angers SCO - Valenciennes FC (0-0)  - Résumé - (SCO - VAFC) / 2014-15,3811
2014-10-25T22:00:02Z,Angers SCO - Clermont Foot (3-0)  - Résumé - (SCO - CF63) / 2014-15,8650
2014-09-24T22:00:05Z,Angers SCO - AJ Auxerre (0-0)  - Résumé - (SCO - AJA) / 2014-15,2303
2014-08-09T22:00:01Z,Angers SCO - AC Arles Avignon (2-0)  - Résumé - (SCO - ACA) / 2014-15,8480
2014-11-04T11:00:06Z,Valenciennes FC - Angers SCO (1-0)  - Résumé - (VAFC - SCO) / 2014-15,7943
2014-09-20T22:00:02Z,Stade Lavallois - Angers SCO (3-2)  - Résumé - (LAVAL - SCO) / 2014-15,15041
2014-08-02T22:00:02Z,Nîmes Olympique - Angers SCO (3-2)  - Résumé - (NIMES - SCO) / 2014-15,19048
2015-05-12T10:00:07Z,Angers SCO - FC Sochaux-Montbéliard (0-0)  - Résumé - (SCO - FCSM) / 2014-15,4942
2015-05-23T22:00:00Z,Angers SCO - Nîmes Olympique (3-0)  - Résumé - (SCO - NIMES) / 2014-15,40499
2015-03-07T22:59:59Z,Angers SCO - Chamois Niortais (0-0)  - Résumé - (SCO - NIORT) / 2014-15,3032
2015-05-02T21:59:59Z,Angers SCO - US Orléans (2-1)  - Résumé - (SCO - USO) / 2014-15,13081
2014-08-30T22:00:02Z,Tours FC - Angers SCO (1-2)  - Résumé - (TOURS - SCO) / 2014-15,11636
2014-11-08T23:00:07Z,Angers SCO - Dijon FCO (1-0)  - Résumé - (SCO - DFCO) / 2014-15,13368
2015-01-31T22:59:59Z,Châteauroux - Angers SCO (0-1)  - Résumé - (LBC - SCO) / 2014-15,3657
2015-04-18T22:00:00Z,Dijon FCO - Angers SCO (1-1)  - Résumé - (DFCO - SCO) / 2014-15,6049
2014-09-25T17:46:37Z,Niort - Angers SCO,190
2014-08-23T22:00:02Z,Angers SCO - Châteauroux (1-1)  - Résumé - (SCO - LBC) / 2014-15,4866
2015-03-21T22:59:59Z,Angers SCO - Havre AC (1-0)  - Résumé - (SCO - HAC) / 2014-15,5303
2014-09-27T22:00:02Z,Chamois Niortais - Angers SCO (2-1)  - Résumé - (NIORT - SCO) / 2014-15,3631
2014-12-12T23:32:36Z,réactions après Orléans SCO,271
2014-08-16T22:00:02Z,Stade Brestois 29 - Angers SCO (0-0)  - Résumé - (SB29 - SCO) / 2014-15,4117
2015-02-21T23:00:00Z,Angers SCO - Stade Lavallois (2-0)  - Résumé - (SCO - LAVAL) / 2014-15,10820
2014-12-13T23:00:02Z,US Orléans - Angers SCO (2-3)  - Résumé - (USO - SCO) / 2014-15,6789
2014-12-20T19:26:41Z,FC Sochaux-Montbéliard - Angers SCO (1-1)  - Résumé - (FCSM - SCO) / 2014-15,5197
2015-04-29T17:56:11Z,ESTAC Troyes - Angers SCO (2-1)  - Résumé - (ESTAC - SCO) / 2014-15,12715
2015-01-17T23:00:05Z,AC Arles Avignon - Angers SCO (1-3)  - Résumé - (ACA - SCO) / 2014-15,8504
2015-03-14T22:59:59Z,US Créteil-Lusitanos - Angers SCO (0-1)  - Résumé - (USCL - SCO) / 2014-15,4025
2015-04-04T21:59:59Z,Clermont Foot - Angers SCO (2-0)  - Résumé - (CF63 - SCO) / 2014-15,4233
2014-10-04T19:05:35Z,Angers SCO - US Créteil-Lusitanos (3-0)  - Résumé - (SCO - USCL) / 2014-15,8752
2015-04-25T22:00:00Z,Angers SCO - AC Ajaccio (1-0)  - Résumé - (SCO - ACAJ) / 2014-15,4379
2015-04-10T08:15:45Z,Dimitri Boudaud 28 ans milieux offensif,183
2014-11-29T23:00:06Z,Angers SCO - ESTAC Troyes (0-3)  - Résumé - (SCO - ESTAC) / 2014-15,7832
2014-09-13T22:00:01Z,Angers SCO - GFC Ajaccio (2-0)  - Résumé - (SCO - GFCA) / 2014-15,7529
2015-02-14T23:00:00Z,GFC Ajaccio - Angers SCO (1-0)  - Résumé - (GFCA - SCO) / 2014-15,4834
2015-05-16T21:59:59Z,AS Nancy-Lorraine - Angers SCO (0-0)  - Résumé - (ASNL - SCO) / 2014-15,8560
2015-06-26T22:56:56Z,Clapping - Stade Rennais F.C. - En Avant Guingamp (SRFC - EAG) - 32ème Journée de Ligue 1,408
2015-02-07T19:03:02Z,Conférence de presse Angers SCO - Tours FC (2-0) - 2014/2015,743
2015-04-26T22:00:00Z,But Sanjin PRCIC (47&#39;) / Stade Rennais FC - OGC Nice (2-1) -  (SRFC - OGCN) / 2014-15,2688
2015-04-13T22:08:35Z,Conférence de presse Angers SCO - Valenciennes FC (0-0) - 2014/2015,972
2014-12-14T23:00:05Z,But Azbe JUG (66&#39; csc) / FC Nantes - Girondins de Bordeaux (2-1) -  (FCN - GdB) / 2014-15,6806
2015-06-24T20:37:27Z,"Grégory Coupet, le parrain de l&#39;UNFP FC, rend visite aux joueurs du club",1518
2014-08-08T19:29:21Z,Reims - PSG | Tous les buts,251
2014-12-21T23:00:06Z,But Odair FORTES (76&#39;) / Stade Rennais FC - Stade de Reims (1-3) -  (SRFC - SdR) / 2014-15,10697
