publish_date,title,view_count
2014-08-16T22:00:02Z,Chamois Niortais - Havre AC (1-0)  - Résumé - (NIORT - HAC) / 2014-15,3214
2014-08-23T22:00:02Z,Valenciennes FC - Havre AC (0-4)  - Résumé - (VAFC - HAC) / 2014-15,14643
2015-02-03T11:00:01Z,Havre AC - Valenciennes FC (3-1)  - Résumé - (HAC - VAFC) / 2014-15,7491
2015-04-29T17:56:03Z,Havre AC - Nîmes Olympique (2-0)  - Résumé - (HAC - NIMES) / 2014-15,2735
2014-09-24T22:00:04Z,AC Ajaccio - Havre AC (0-1)  - Résumé - (ACAJ - HAC) / 2014-15,3259
2014-11-01T23:00:03Z,Havre AC - AC Arles Avignon (2-0)  - Résumé - (HAC - ACA) / 2014-15,3926
2014-08-02T22:00:03Z,AJ Auxerre - Havre AC (2-0)  - Résumé - (AJA - HAC) / 2014-15,13288
2014-09-20T22:00:02Z,Havre AC - ESTAC Troyes (3-2)  - Résumé - (HAC - ESTAC) / 2014-15,8833
2015-03-14T22:59:59Z,Havre AC - US Orléans (3-1)  - Résumé - (HAC - USO) / 2014-15,4513
2015-04-25T22:00:00Z,FC Sochaux-Montbéliard - Havre AC (0-1)  - Résumé - (FCSM - HAC) / 2014-15,3837
2015-02-28T22:59:59Z,Havre AC - AC Ajaccio (2-1)  - Résumé - (HAC - ACAJ) / 2014-15,4263
2015-02-14T22:59:59Z,Havre AC - Clermont Foot (3-1)  - Résumé - (HAC - CF63) / 2014-15,4718
2014-08-24T07:00:45Z,Top buts 4ème journée - Ligue 2 / 2014-15,4448
2015-02-21T22:59:59Z,ESTAC Troyes - Havre AC (2-2)  - Résumé - (ESTAC - HAC) / 2014-15,6391
2015-04-22T15:13:22Z,Havre AC - Stade Brestois 29 (1-1)  - Résumé - (HAC - SB29) / 2014-15,1676
2015-04-29T17:56:17Z,Top buts 34ème journée - Ligue 2 / 2014-15,3916
2014-11-29T23:00:05Z,Nîmes Olympique - Havre AC (3-3)  - Résumé - (NIMES - HAC) / 2014-15,6899
2014-08-09T22:00:02Z,Havre AC - GFC Ajaccio (1-1)  - Résumé - (HAC - GFCA) / 2014-15,4917
2015-01-24T23:00:03Z,Havre AC - Chamois Niortais (1-1)  - Résumé - (HAC - NIORT) / 2014-15,1928
2015-05-16T22:00:00Z,Châteauroux - Havre AC (0-0)  - Résumé - (LBC - HAC) / 2014-15,1271
2015-03-21T22:59:59Z,Angers SCO - Havre AC (1-0)  - Résumé - (SCO - HAC) / 2014-15,5303
2014-09-27T22:00:01Z,Havre AC - Dijon FCO (1-0)  - Résumé - (HAC - DFCO) / 2014-15,4424
2015-02-07T23:00:01Z,US Créteil-Lusitanos - Havre AC (0-0)  - Résumé - (USCL - HAC) / 2014-15,1369
2015-05-23T22:00:00Z,Havre AC - AJ Auxerre (2-1)  - Résumé - (HAC - AJA) / 2014-15,3493
2014-10-02T14:10:25Z,Hac - Sochaux Finale (3-0) 2eme Finale CDF 1959,1857
2014-10-27T23:00:29Z,AS Nancy-Lorraine - Havre AC (2-1)  - Résumé - (ASNL - HAC) / 2014-15,10970
2015-05-02T22:00:00Z,Stade Lavallois - Havre AC (1-1)  - Résumé - (LAVAL - HAC) / 2014-15,2839
2015-01-10T23:00:08Z,Havre AC - Châteauroux (1-1)  - Résumé - (HAC - LBC) / 2014-15,2130
2014-09-13T22:00:02Z,Clermont Foot - Havre AC (1-0)  - Résumé - (CF63 - HAC) / 2014-15,4599
2014-11-22T23:00:04Z,Havre AC - FC Sochaux-Montbéliard (1-1)  - Résumé - (HAC - FCSM) / 2014-15,7021
2014-12-20T23:00:03Z,Tours FC - Havre AC (3-2)  - Résumé - (TOURS - HAC) / 2014-15,6362
2014-11-08T23:00:01Z,Stade Brestois 29 - Havre AC (1-0)  - Résumé - (SB29 - HAC) / 2014-15,5489
2014-08-30T22:00:01Z,Havre AC - US Créteil-Lusitanos (1-1)  - Résumé - (HAC - USCL) / 2014-15,4428
2015-05-09T22:00:00Z,Havre AC - Tours FC (0-1)  - Résumé - (HAC - TOURS) / 2014-15,3443
2015-04-11T21:59:59Z,AC Arles Avignon - Havre AC (0-1)  - Résumé - (ACA - HAC) / 2014-15,1885
2015-04-29T17:25:06Z,Conférence de presse Havre AC - Nîmes Olympique (2-0) - 2014/2015,171
2014-12-13T23:00:01Z,Havre AC - Stade Lavallois (0-1)  - Résumé - (HAC - LAVAL) / 2014-15,3925
2015-03-07T22:59:59Z,Dijon FCO - Havre AC (1-1)  - Résumé - (DFCO - HAC) / 2014-15,4130
2014-10-28T07:59:19Z,NANCY - LE HAVRE  2-1,139
2015-01-17T23:00:03Z,GFC Ajaccio - Havre AC (1-0)  - Résumé - (GFCA - HAC) / 2014-15,2001
2015-04-04T22:00:00Z,Havre AC - AS Nancy-Lorraine (0-1)  - Résumé - (HAC - ASNL) / 2014-15,3468
2014-08-23T18:30:45Z,Conférence de presse Valenciennes FC - Havre AC (0-4) - 2014/2015,933
2015-02-02T08:00:00Z,► Jets de balle par Jacques Monclar,12266
