published-time,comment,likes
2015-04-17T01:18:20Z,Was he speaking italian just before Di Carmine struck that? Loool,0
2015-04-16T21:19:17Z,When Was This?,0
2015-04-16T15:01:26Z,1 st ,0
2015-04-06T19:28:54Z,Benevento VAFFANCULO,0
2015-02-19T13:36:29Z,e come è caricate solo il gol della Juve Stabia? E i gol di Eusepi che vi ha purgato non li avete nessi? Vi brucia,0
2015-01-08T11:42:11Z,...ahahahah...la partita è finita al 68'??????...ahahahahaha....in culo l'avete preso....ahahahha...due volte....ahahahah...strega alè!,0
2015-01-08T11:28:02Z,Tutto quello che volete voi..Benevento vaffanculo a mamm ro stregon...ma ci manca il meglio..E DOJE PURPETT D EUSEPI ARO' STANN? AAAAAA..6 imparziale però..intanto SALUTA LA CAPOLISTA!!! AAAAAA che goduriaaaaa,0
2015-04-16T17:35:47Z,Matera facci sogniare,1
2015-03-10T21:23:44Z,Sei un grande AUGURI AUGURI AUGURI,0
2015-03-10T12:41:32Z,"Auguri campione! Bel video , complimenti ",0
2015-03-10T12:26:29Z,Grande Samuel auguri campione,0
2015-03-10T11:24:33Z,…l'hanno visto in blucerchiato...,15
2015-03-10T10:58:38Z,Un grande giocatore con addosso la piu bella maglia del mondo!!!!!!!!!!!!!!!!!!!!!,0
