publish_date,title,view_count
2015-04-16T13:38:33Z,THROWBACK THURSDAY | DI CARMINE&#39;S 25 YARD SCREAMER,4295
2015-07-14T22:45:11Z,Intervista a Samuel Di Carmine,1105
2015-03-11T22:45:34Z,Juve Stabia-Cosenza 1-1 Samuel Di Carmine,80
2014-11-11T18:17:22Z,Samuel Di Carmine e Samuele Romeo | 11-11-2014,353
2015-02-10T20:54:13Z,Samuel Di Carmine | 10-02-2015,36
2015-02-21T20:40:09Z,Samuel Di Carmine | Juve Stabia-Paganese 2-0,252
2015-01-06T20:28:18Z,Samuel Di Carmine | Juve Stabia-Benevento 1-2,365
2015-03-11T19:30:19Z,Juve Stabia - Cosenza DI CARMINE 11032015,73
2014-12-17T18:44:56Z,Di Carmine e Cancellotti | 17-12-2014,261
2015-03-18T14:30:06Z,Conferenza Juve Stabia DI CARMINE 18032015,44
2014-09-21T22:05:48Z,Juve Stabia   Barletta DI CARMINE,23
2015-01-06T19:31:38Z,Juve Stabia   Benevento DI CARMINE 06012015,183
2015-01-06T20:02:31Z,Juve Stabia-Benevento 06/01/2015 esultanza gol Di Carmine,913
2015-01-07T19:40:48Z,Juve Stabia-Benevento,4725
2014-09-28T17:14:50Z,Juve Stabia-Reggina 2-1 [28-09-2014],3456
2014-11-15T20:44:41Z,Juve Stabia-Foggia 2-2 [15-11-2014],3864
2014-12-17T18:52:00Z,Conferenza DI CARMINE Juve Stabia,10
2014-11-15T21:08:30Z,Juve Stabia   Foggia DI CARMINE,49
2014-11-11T14:42:58Z,Conferenza Stampa DI CARMINE 11112014,76
2015-01-30T13:38:54Z,Pescara - Per Di Carmine o si chiude o...,97
2015-02-21T19:26:18Z,Juve Stabia-Paganese 2-0 [21-02-2015],1503
2014-11-11T18:30:36Z,Conferenza Stampa DI CARMINE 11 11 2014,4
2014-12-14T23:15:50Z,Juve Stabia-Melfi 2-0 [14-12-2014],2333
2014-11-30T17:21:25Z,Juve Stabia-Savoia 2-1 [30-11-2014],27909
2014-10-25T16:51:33Z,"Cosenza - Juve Stabia 0 - 1, Lega PRO 10^Giorn  Gir  C",1979
2015-01-19T13:57:52Z,Matera - Juve Stabia [3 - 1] 16.01.2015,369
2015-03-11T22:32:26Z,Juve Stabia-Cosenza 1-1 Mister Roselli,68
2015-07-29T23:08:16Z,29/07/2015 POST PARTITA PERUGIA VS FERMANA CON MASISMO VOLTA,50
2015-04-16T16:23:36Z,Martina Franca - Matera 0-1,961
2015-01-06T18:48:41Z,Juve Stabia-Benevento 06/01/2015 omaggio a Pino Daniele,572
2015-02-07T16:29:09Z,PANCARO 07022015,3
2014-11-19T19:14:23Z,Conferenza Stampa Presentazione LEPILLER,7
2015-03-10T10:52:18Z,"Auguri Campione, buon compleanno Eto&#39;o!",8082
2015-07-15T09:55:05Z,Perugia Calcio presentazione divise ufficiali 2015-16,162
2014-09-29T16:34:06Z,28.9.14 JUVE STABIA  - REGGINA: GOL DI ROMEO,1555
2015-02-08T22:37:55Z,Juve Stabia-Martina Franca 1-1 [08-02-2015],1424
2015-01-06T19:55:43Z,Juve Stabia   Benevento JIDAYI 06012015,114
2014-10-06T15:43:28Z,"Serie A 2001-2002, day 16 Piacenza - Inter 2-3 (2 Vieri, 2 Gautieri, Kallon)",1420
2015-06-22T15:39:03Z,Matteo Liviero 1993 Juventus,684
2014-09-28T17:29:45Z,Juve Stabia   Reggina PADOVANO 28092014,51
2015-04-16T23:19:57Z,Coppa Carnevale Calcio a 5 2015 - Premiazioni,141
2014-12-03T20:54:43Z,"1990-04-01. TERNANA-PERUGIA 1-0 (Speciale Tele Terni), by BARCAROTTI MARCO",4893
2014-11-15T20:53:07Z,Juve Stabia   Foggia NARCISO,29
2015-07-29T20:30:37Z,Amichevole Perugia Fermana. Sintesi della partita,1489
2014-11-14T14:47:09Z,Conferenza Juve Stabia PANCARO 14112014,83
2015-03-11T22:53:13Z,Juve Stabia-Cosenza 1-1 William Jidayi,55
2014-11-15T19:44:20Z,Juve Stabia   Foggia CAVALLARO 15112014,443
2015-01-06T19:18:18Z,Juve Stabia - Benevento PANCARO 06012015,145
2015-01-06T19:20:07Z,Juve Stabia- Benevento 06/01/2015 esultanza fine partita,6420
2015-05-26T19:58:24Z,Pescara espugna Perugia,903
