publish_date,title,view_count
2014-10-18T18:23:28Z,Stade Lavallois - Stade Brestois 29 (2-2)  - Résumé - (LAVAL - SB29) / 2014-15,6852
2015-01-10T23:00:03Z,ESTAC Troyes - Stade Brestois 29 (1-0)  - Résumé - (ESTAC - SB29) / 2014-15,4450
2014-08-05T10:00:04Z,Stade Brestois 29 - Clermont Foot (2-1)  - Résumé - (SB29 - CF63) / 2014-15,11950
2015-01-27T11:00:08Z,Angers SCO - Stade Brestois 29 (1-2)  - Résumé - (SCO - SB29) / 2014-15,6613
2014-11-08T23:00:01Z,Stade Brestois 29 - Havre AC (1-0)  - Résumé - (SB29 - HAC) / 2014-15,5489
2014-08-09T22:00:02Z,Chamois Niortais - Stade Brestois 29 (0-0)  - Résumé - (NIORT - SB29) / 2014-15,2637
2015-03-10T11:00:00Z,Stade Brestois 29 - Châteauroux (3-0)  - Résumé - (SB29 - LBC) / 2014-15,5085
2014-11-01T23:00:03Z,AJ Auxerre - Stade Brestois 29 (0-3)  - Résumé - (AJA - SB29) / 2014-15,6708
2014-10-07T10:00:04Z,Stade Brestois 29 - Tours FC (2-0)  - Résumé - (SB29 - TOURS) / 2014-15,6216
2015-02-21T23:00:00Z,AC Arles Avignon - Stade Brestois 29 (1-0)  - Résumé - (ACA - SB29) / 2014-15,2845
2015-02-17T11:00:01Z,Stade Brestois 29 - Nîmes Olympique (3-1)  - Résumé - (SB29 - NIMES) / 2014-15,6724
2014-09-02T10:00:03Z,Stade Brestois 29 - AS Nancy-Lorraine (2-0)  - Résumé - (SB29 - ASNL) / 2014-15,6918
2014-09-20T22:00:02Z,Stade Brestois 29 - AC Arles Avignon (1-0)  - Résumé - (SB29 - ACA) / 2014-15,3346
2014-11-22T23:00:04Z,Valenciennes FC - Stade Brestois 29 (0-1)  - Résumé - (VAFC - SB29) / 2014-15,4169
2014-12-20T23:00:04Z,Stade Brestois 29 - AC Ajaccio (2-1)  - Résumé - (SB29 - ACAJ) / 2014-15,4160
2014-11-09T10:30:02Z,Top buts 14ème journée - Ligue 2 / 2014-15,5338
2015-05-16T21:59:59Z,Stade Brestois 29 - ESTAC Troyes (2-1)  - Résumé - (SB29 - ESTAC) / 2014-15,5759
2014-11-29T23:00:04Z,Stade Brestois 29 - US Créteil-Lusitanos (2-2)  - Résumé - (SB29 - USCL) / 2014-15,6422
2015-05-23T21:59:59Z,Clermont Foot - Stade Brestois 29 (1-0)  - Résumé - (CF63 - SB29) / 2014-15,2267
2014-09-13T22:00:01Z,Nîmes Olympique - Stade Brestois 29 (0-0)  - Résumé - (NIMES - SB29) / 2014-15,2382
2015-01-31T22:59:59Z,Stade Brestois 29 - US Orléans (1-1)  - Résumé - (SB29 - USO) / 2014-15,2892
2015-05-09T21:59:59Z,AC Ajaccio - Stade Brestois 29 (2-1)  - Résumé - (ACAJ - SB29) / 2014-15,3832
2014-09-27T22:00:01Z,Châteauroux - Stade Brestois 29 (1-1)  - Résumé - (LBC - SB29) / 2014-15,2471
2015-02-28T22:59:59Z,Stade Brestois 29 - FC Sochaux-Montbéliard (1-1)  - Résumé - (SB29 - FCSM) / 2014-15,3571
2015-03-14T22:59:59Z,Tours FC - Stade Brestois 29 (1-1)  - Résumé - (TOURS - SB29) / 2014-15,3557
2015-03-21T22:59:59Z,Stade Brestois 29 - Stade Lavallois (0-0)  - Résumé - (SB29 - LAVAL) / 2014-15,1790
2014-09-24T22:00:05Z,FC Sochaux-Montbéliard - Stade Brestois 29 (0-0)  - Résumé - (FCSM - SB29) / 2014-15,2041
2014-10-18T17:10:35Z,Conférence de presse Stade Lavallois - Stade Brestois 29 (2-2) - 2014/2015,344
2015-01-10T19:00:31Z,Conférence de presse ESTAC Troyes - Stade Brestois 29 (1-0) - 2014/2015,149
2014-11-08T19:57:45Z,Conférence de presse Stade Brestois 29 - Havre AC (1-0) - 2014/2015,186
