publish_date,title,view_count
2014-12-19T09:16:13Z,Crossbar Challenge - Newcastle United,652834
2014-08-06T13:10:25Z,Newcastle new boys impress- 2014,89
2015-05-18T13:49:28Z,[Premier League 2015] QPR vs Newcastle 2-1 - Giornata 37,3192
2014-08-11T10:13:39Z,&quot;Newcastle United&quot; Goals - Pre-Season 2014/15,15696
2014-08-11T15:01:51Z,Newcastle United 2014-2015 Premier League Preview | Talking Points,2150
2015-03-06T22:10:58Z,"Jonny Evans, Papiss Cisse Spit Gate",8983
2015-01-25T09:53:51Z,Guy Gnabouyou - Highlights,466
2014-08-28T08:00:02Z,Remy Cabella | Welcome to Newcastle United | Goals &amp; Skills | HD,34381
2014-12-05T22:45:31Z,Newcastle United vs Chelsea - Jose Mourinho pre-match press conference,1084
2014-08-02T14:51:13Z,Goal Obertan I Malaga CF vs Newcastle United F.C I 3-1,1331
2015-05-28T12:50:35Z,The 10 Worst Signings of The 14/15 Premier League Season,51228
2015-04-20T12:56:35Z,Bernardo Silva /15/ Monaco ► Skills Dribbling Goals /4K Ultra HD/ 2015,42521
2015-04-25T17:38:48Z,Swans TV - Reaction: Cork on Newcastle United,1670
2015-05-03T16:46:33Z,Corentin Jean /27/ &quot;NEW&quot; Monaco ► Skills Dribbling Goals /4K Ultra HD/ 2015,6898
2015-04-01T20:02:42Z,Rémy Cabella Vs Manchester City (Home) -14/15 - Newcastle United,13502
2015-05-16T15:30:01Z,QPR vs Newcastle United 2-1 All Goals and Highlights 16-05-2015,856
2014-08-03T23:10:00Z,Schalke 04 vs Newcastle United [1-3] • All Goals &amp; Highlights • 2014/15 Pre-Season Friendly ||HD||,3307
2015-05-14T13:57:06Z,JOHN CARVER&#39;S PRE-QPR PRESS CONFERENCE,995
2014-11-29T22:02:34Z,Connor Goldson post Burton Albion - Town TV,319
2014-09-25T22:00:04Z,Goal Valère GERMAIN (90&#39; +3) / Montpellier Hérault SC - AS Monaco (0-1) - (MHSC - MON) / 2014-15,491
2015-05-07T16:34:08Z,Newcastle - John Carver - &quot;I Still Think I&#39;m The Best Coach In The Premier League&quot;,30487
2014-08-07T12:59:13Z,PUMA Newcastle United Home Kit,2037
2015-05-07T16:44:35Z,John Carver &quot;I think I am the best coach in the PL&quot;,3026
2014-08-20T13:38:54Z,"Tim Cup: la Cremonese passa il turno, superato 3-2 il Cosenza",642
2015-06-03T06:42:05Z,Amazing Goal Loïc Remy [Chelsea - Sidney] Товарищеский матч в Австралии | HD,171
2015-05-02T19:50:01Z,John Carver says Mike Williamson got himself sent off on purpose in Newcastle’s defeat at Leicester,5179
2014-12-04T23:00:10Z,Goal Kassim ABDALLAH (35&#39; csc) / SC Bastia - Evian TG FC (1-2) - (SCB - ETG) / 2014-15,635
2014-08-20T13:39:21Z,"Tim Cup: la Cremonese passa il turno, superato 3-2 il Cosenza",136
2015-05-09T19:09:58Z,But Maxime vs FC 4 Rivières U15 ( 2-1 : 50&#39; ),86
2014-11-09T15:37:38Z,Sevilla vs Levante 1-1 all goals highlights,44
2014-08-11T17:05:32Z,Mercato Show / La fiche transfert de Diego Contento à Bordeaux,826
2014-08-11T15:01:20Z,Mercato Show / La fiche transfert de Lucas Barrios à Montpellier,436
2015-02-02T17:19:27Z,Finale ! Galactiques-FC 4 Rivières 1-0,218
2014-08-17T22:54:30Z,But Dimitar BERBATOV (45&#39;) / Girondins de Bordeaux - AS Monaco (4-1) -  (GdB - MON) / 2014-15,1830
2015-05-09T19:09:33Z,But Noah vs FC 4 Rivières U15 ( 1-1 : 21&#39; ),34
2014-09-28T22:00:02Z,But Djakaridja KONE (2&#39;) / FC Lorient - Evian TG FC (0-2) -  (FCL - ETG) / 2014-15,2896
2014-12-14T23:00:02Z,Goal Benjamin JEANNOT (45&#39;) / FC Lorient - FC Metz (3-1) - (FCL - FCM) / 2014-15,55
2014-12-14T23:00:07Z,Goal Raphaël GUERREIRO (37&#39;) / FC Lorient - FC Metz (3-1) - (FCL - FCM) / 2014-15,541
2014-08-30T00:07:21Z,Monaco 1-2 OM,237
2014-12-07T23:00:07Z,But Dimitar BERBATOV (45&#39;) / Toulouse FC - AS Monaco (0-2) -  (TFC - MON) / 2014-15,2781
2015-05-24T19:36:16Z,newcastle survive  -  john carver post match,1502
2015-04-03T00:43:38Z,"Rolando Aarons ● Newcastle United ● Goals, Assists &amp; Skills 2014/2015 HD",61533
2015-05-24T13:19:30Z,but Franck Tabanou  sur coup franc ASSE,363
2014-12-04T23:00:09Z,Goal Clarck NSIKULU (83&#39;) / SC Bastia - Evian TG FC (1-2) - (SCB - ETG) / 2014-15,165
2014-09-14T22:08:47Z,But Jonathan MENSAH (44&#39; csc) / Evian TG FC - Olympique de Marseille (1-3) -  (ETG - OM) / 2014-15,2429
2015-05-09T19:11:46Z,But Romain vs FC 4 Rivières U15 ( 4-1 :62&#39; ),77
2015-06-12T05:05:36Z,Juan pedro 91,642
2014-09-21T22:00:23Z,Goal Adrien REGATTIN (83&#39; pen) / Toulouse FC - SM Caen (3-3) - (TFC - SMC) / 2014-15,263
2015-03-08T23:00:00Z,But Pape Amodou SOUGOU (78&#39;) / Evian TG FC - AS Monaco (1-3) -  (ETG - MON) / 2014-15,642
2015-05-10T23:02:53Z,OM AS MONACO 2 à 1 but en live stade en délire,30381
