publish_date,title,view_count
2014-12-21T14:00:49Z,Fabian Schär VS Alexandre Coeff • Who win? •,930
2015-01-04T23:36:39Z,Reportage Stade2 sur le recrutement de jeunes talents,1654622
2014-09-25T18:48:10Z,Amazing scorpion kick own goal!!,110
2015-01-05T19:20:51Z,Vlad Chiriches VS Dejan Lovren♦Going for the gold♦,771
2014-08-29T19:43:02Z,depart rodan as guilers,76
2014-10-29T09:23:16Z,Scorpion kick- world of football,32
2014-09-21T10:42:48Z,Atletico madrid vs Celta de Vigo (Атлетико Мадрид 0-1 Сельта) Чудо гол Эрнандеса,172
2014-10-19T20:20:52Z,but Cyril,1026
2014-08-20T22:41:36Z,entrainement 110814 Guilers,253
2014-09-22T20:59:00Z,asg C  - St Renan C,281
2015-03-16T19:20:41Z,tournoi futsal AS Guilers U11 U13,1475
2014-12-27T17:35:56Z,Young Ajax player scores a scorpion kick Goal,6205
2014-11-09T02:54:31Z,SCORPIONS GOAL 11.9.14,82
2015-02-23T19:05:53Z,"Reportage beIN SPORTS : Nabil Fekir, le &quot;Messi lyonnais&quot;",325550
2014-12-12T14:13:20Z,• Jack Wilshere • ~ Super Jack ~,268
2014-11-29T10:32:11Z,Andrea Pirlo With A Beauty Freekick,101
2015-02-16T08:22:05Z,gol magnifici,33
2015-02-21T18:25:40Z,Bonus reportage avec Mathieu Coutadeur,4030
2014-11-16T05:07:09Z,Scorpions goal 2 vs. FTL NASL Championship 11.15.14,2116
2014-12-15T16:23:56Z,"Reportage beIN SPORTS : Franck Signorino, la résurrection",9457
2014-09-21T21:06:48Z,Pablo Hernandez Scorpion Goal Atletico de Madrid vs Celta de Vigo 2-2 20/09/14,1725
2015-04-13T14:58:53Z,"Reportage beIN SPORTS : Yohan Mollo, l&#39;artiste",45021
2014-11-04T22:10:41Z,ANDREA PIRLO FREE KICK GOAL JUVENTUS VS OLYMPIACOS || 3: 2 || CHAMPIONS LEAGUE 4/11/2014,430
2014-11-30T21:32:32Z,"Reportage beIN SPORTS : Nicolas Benezet, dans sa bulle",22625
2015-07-05T17:49:18Z,Saisonstart 2015/16 - &quot;Heiß&quot; auf die neue Spielzeit,10768
2015-02-16T14:35:38Z,Reportage Canal+ sport - Enquêtes de foot &quot;Je suis football&quot;,90583
2015-02-13T16:20:05Z,"Guingamp, plus qu&#39;un club",149773
2015-01-12T16:43:15Z,"Reportage beIN SPORTS : Alejandro Bedoya, made in USA",24070
2014-08-06T15:57:35Z,Slask Wroclaw vs Borrusia Dortmund 0-3 All Goals,328
2015-05-10T16:40:12Z,Enquête sur les trafiquants d&#39;espoir,150800
2015-05-18T13:17:45Z,"Reportage beIN SPORTS : Geoffrey JOURDREN, le mal-aimé",169777
2014-09-28T07:04:42Z,Phil Jagielka GOAL vs Liverpool FC [90th Minute],2624
2015-06-02T14:18:30Z,"Reportage beIN SPORTS : Bordeaux, le nouvel écrin",9469
2014-11-07T20:32:15Z,Brahimi est il un crack du football européen ?,307
2015-05-15T08:46:21Z,AS Saint Etienne histoire d&#39;une renaissance,532
2015-06-30T14:29:27Z,Mercato PSG : « Thiago Motta veut finir au Qatar »,340
