publish_date,title,view_count
2014-10-21T10:00:06Z,Valenciennes FC - Dijon FCO (0-3)  - Résumé - (VAFC - DFCO) / 2014-15,7538
2014-11-01T23:00:02Z,Dijon FCO - AC Ajaccio (3-0)  - Résumé - (DFCO - ACAJ) / 2014-15,3959
2014-10-15T19:11:50Z,Côte d&#39;Ivoire vs RD Congo (3-4) | Qualifications CAN 2015,652095
2014-08-16T23:01:09Z,Top buts 3ème journée - Ligue 2 / 2014-15,4128
2014-11-12T20:20:30Z,Willian Elastico (Flip Flap) Vs Turkey 12/11/14,6269
2015-04-11T21:59:59Z,AC Ajaccio - Dijon FCO (1-0)  - Résumé - (ACAJ - DFCO) / 2014-15,2092
2014-08-16T22:00:02Z,Nîmes Olympique - Dijon FCO (2-2)  - Résumé - (NIMES - DFCO) / 2014-15,6450
2015-02-28T22:59:59Z,US Créteil-Lusitanos - Dijon FCO (0-2)  - Résumé - (USCL - DFCO) / 2014-15,3481
2014-11-29T23:00:06Z,AC Arles Avignon - Dijon FCO (0-2)  - Résumé - (ACA - DFCO) / 2014-15,4318
2014-08-24T07:00:45Z,Top buts 4ème journée - Ligue 2 / 2014-15,4448
2014-12-20T23:00:04Z,Châteauroux - Dijon FCO (1-1)  - Résumé - (LBC - DFCO) / 2014-15,2507
2014-08-23T22:00:01Z,Dijon FCO - AJ Auxerre (1-0)  - Résumé - (DFCO - AJA) / 2014-15,7037
2014-09-13T22:00:02Z,Dijon FCO - Chamois Niortais (1-0)  - Résumé - (DFCO - NIORT) / 2014-15,4869
2015-03-01T10:30:01Z,Top buts 26ème journée - Ligue 2 / 2014-15,1721
2015-05-04T22:16:34Z,Stade Brestois 29 - Dijon FCO (0-0)  - Résumé - (SB29 - DFCO) / 2014-15,1177
2014-08-09T22:00:01Z,Dijon FCO - Stade Lavallois (1-0)  - Résumé - (DFCO - LAVAL) / 2014-15,5024
2015-04-25T22:00:00Z,US Orléans - Dijon FCO (0-1)  - Résumé - (USO - DFCO) / 2014-15,4684
2014-10-04T19:06:11Z,Dijon FCO - Clermont Foot (1-0)  - Résumé - (DFCO - CF63) / 2014-15,3016
2014-10-25T22:00:06Z,ESTAC Troyes - Dijon FCO (1-0)  - Résumé - (ESTAC - DFCO) / 2014-15,6508
2014-09-20T22:00:02Z,GFC Ajaccio - Dijon FCO (2-0)  - Résumé - (GFCA - DFCO) / 2014-15,3547
2015-01-17T23:00:05Z,Stade Lavallois - Dijon FCO (1-0)  - Résumé - (LAVAL - DFCO) / 2014-15,4268
2014-08-02T22:00:02Z,AS Nancy-Lorraine - Dijon FCO (1-1)  - Résumé - (ASNL - DFCO) / 2014-15,12426
2015-01-05T15:31:27Z,Chelsea Vs Watford 3-0   All Goals &amp; Match Highlights   January 4 2015   FA Cup,132
2014-11-22T23:00:03Z,Dijon FCO - US Orléans (2-1)  - Résumé - (DFCO - USO) / 2014-15,3815
2014-12-13T23:00:02Z,Dijon FCO - Stade Brestois 29 (1-0)  - Résumé - (DFCO - SB29) / 2014-15,5497
2014-09-24T22:00:05Z,Dijon FCO - US Créteil-Lusitanos (2-1)  - Résumé - (DFCO - USCL) / 2014-15,3292
2015-05-09T21:59:59Z,Dijon FCO - Châteauroux (0-1)  - Résumé - (DFCO - LBC) / 2014-15,3745
2015-04-18T22:00:00Z,Dijon FCO - Angers SCO (1-1)  - Résumé - (DFCO - SCO) / 2014-15,6049
2014-08-30T22:00:02Z,FC Sochaux-Montbéliard - Dijon FCO (0-1)  - Résumé - (FCSM - DFCO) / 2014-15,5991
2014-09-27T22:00:01Z,Havre AC - Dijon FCO (1-0)  - Résumé - (HAC - DFCO) / 2014-15,4424
2015-04-04T22:00:00Z,Dijon FCO - ESTAC Troyes (0-1)  - Résumé - (DFCO - ESTAC) / 2014-15,7335
2015-03-07T22:59:59Z,Dijon FCO - Havre AC (1-1)  - Résumé - (DFCO - HAC) / 2014-15,4130
2015-02-21T23:00:02Z,Dijon FCO - GFC Ajaccio (1-1)  - Résumé - (DFCO - GFCA) / 2014-15,2228
2014-11-12T21:00:53Z,Elastico Willian,56389
2015-01-24T23:00:04Z,Dijon FCO - Nîmes Olympique (4-5)  - Résumé - (DFCO - NIMES) / 2014-15,17451
2014-08-16T17:23:32Z,Conférence de presse Nîmes Olympique - Dijon FCO (2-2) - 2014/2015,471
2014-10-20T21:24:07Z,Conférence de presse Valenciennes FC - Dijon FCO (0-3) - 2014/2015,715
2015-05-23T22:00:00Z,Dijon FCO - AS Nancy-Lorraine (3-1)  - Résumé - (DFCO - ASNL) / 2014-15,7901
2015-02-28T18:18:53Z,Conférence de presse US Créteil-Lusitanos - Dijon FCO (0-2) - 2014/2015,88
2014-08-23T18:02:30Z,Conférence de presse Dijon FCO - AJ Auxerre (1-0) - 2014/2015,307
2014-11-01T19:11:05Z,Conférence de presse Dijon FCO - AC Ajaccio (3-0) - 2014/2015,194
2015-04-24T15:09:47Z,Eden Hazard doing amazing skills with F2Freestylers!,11108539
2015-03-31T19:10:30Z,Diego Costa &amp; Eden Hazard ● FC Chelsea Attack ● Skills &amp; Goals ● 2015 HD COOP,24336
2014-10-31T14:33:32Z,DIJON - AJACCIO  3-0,287
2014-10-27T00:23:06Z,Play for 90 Minutes | Manchester United 1 Chelsea 1 | FANCAM,20547
2014-10-05T16:32:51Z,Better Than Neuer | Manchester United 2 Everton 1 | FANCAM,30776
2015-04-26T22:00:00Z,Toulouse FC - FC Nantes (1-1) - Highlights - (TFC - FCN) / 2014-15,1079
2015-02-11T15:13:41Z,WILLIAN TRICK SHOT! - Social Media Sum-Up! - Chelsea News,3442
2014-08-02T07:50:08Z,How To Bet On The English Premier League,3492
2014-10-26T22:09:07Z,&#39;A BIT OOPSIE DAISIES’ | Manchester United 1 Chelsea 1 | FANCAM,25843
