publish_date,title,view_count
2015-03-21T22:59:59Z,Nîmes Olympique - Tours FC (3-2)  - Résumé - (NIMES - TOURS) / 2014-15,8081
2015-02-21T23:00:01Z,US Orléans - Tours FC (2-1)  - Résumé - (USO - TOURS) / 2014-15,5021
2015-05-25T17:38:41Z,TOURE CHEICK MED KAFOUMBA,1521
2015-01-31T23:00:00Z,Tours FC - AC Ajaccio (0-2)  - Résumé - (TOURS - ACAJ) / 2014-15,2697
2015-02-28T22:59:59Z,Tours FC - AS Nancy-Lorraine (1-1)  - Résumé - (TOURS - ASNL) / 2014-15,3342
2015-04-18T21:59:59Z,AJ Auxerre - Tours FC (2-3)  - Résumé - (AJA - TOURS) / 2014-15,8017
2015-05-16T21:59:59Z,Tours FC - Dijon FCO (0-0)  - Résumé - (TOURS - DFCO) / 2014-15,2158
2015-05-09T22:00:00Z,Havre AC - Tours FC (0-1)  - Résumé - (HAC - TOURS) / 2014-15,3443
2015-01-24T23:00:06Z,Valenciennes FC - Tours FC (1-2)  - Résumé - (VAFC - TOURS) / 2014-15,7551
2015-03-07T22:59:59Z,FC Sochaux-Montbéliard - Tours FC (2-1)  - Résumé - (FCSM - TOURS) / 2014-15,9300
2015-04-04T22:00:00Z,Tours FC - Châteauroux (1-0)  - Résumé - (TOURS - LBC) / 2014-15,3107
2015-02-07T23:00:01Z,Angers SCO - Tours FC (2-0)  - Résumé - (SCO - TOURS) / 2014-15,8991
2015-05-02T22:00:00Z,Tours FC - Clermont Foot (0-1)  - Résumé - (TOURS - CF63) / 2014-15,2326
2015-03-14T22:59:59Z,Tours FC - Stade Brestois 29 (1-1)  - Résumé - (TOURS - SB29) / 2014-15,3557
2015-01-17T23:00:06Z,Tours FC - ESTAC Troyes (0-2)  - Résumé - (TOURS - ESTAC) / 2014-15,3522
2015-04-25T22:00:00Z,Tours FC - Chamois Niortais (1-0)  - Résumé - (TOURS - NIORT) / 2014-15,3039
2015-04-11T21:59:59Z,Tours FC - Stade Lavallois (1-1)  - Résumé - (TOURS - LAVAL) / 2014-15,2110
2014-11-17T06:25:38Z,Yaya Toure Appelle les Ivoiriens à soutenir l&#39;Equipe Nationale,1116
2014-08-07T14:43:03Z,Alassane Dia Coach AS Pikine,142
2015-01-21T09:26:27Z,CAN-2015 - Yaya Touré : &quot;Je suis très fier de mes gars&quot; - CÔTE D’IVOIRE,5938
2015-01-18T23:00:07Z,Girondins de Bordeaux - OGC Nice (1-2) - Highlights - (GdB - OGCN) / 2014-15,997
2015-01-13T17:08:16Z,Christ Mbondi - Highlights,784
2015-07-21T21:49:33Z,habib meite (2014  /2015) 1,1047
2014-09-22T16:37:23Z,"Zoumana Kone, meilleur buteur de la Botola Pro 2013/2014",541
2015-01-18T23:00:03Z,Girondins de Bordeaux - OGC Nice (1-2)  - Résumé - (GdB - OGCN) / 2014-15,14715
2014-09-28T22:00:03Z,Goal Djakaridja KONE (2&#39;) / FC Lorient - Evian TG FC (0-2) - (FCL - ETG) / 2014-15,222
2015-01-18T23:18:13Z,Goals compilation : Week 21 / 2014-15,405
2015-02-05T13:28:53Z,"Boka: &quot;Seguiré trabajando duro, no tengo el puesto asegurado&quot;",549
2015-06-27T11:31:48Z,FIFA Women&#39;s World Cup Canada 2015 - some facts about CÔTE D&#39;IVOIRE (Ivory Coast) and Women&#39;s soccer,1055
2014-11-23T23:00:06Z,OGC Nice - Stade de Reims (0-0)  - Résumé - (OGCN - SdR) / 2014-15,7593
2014-12-17T10:21:08Z,FOOTBALL: L&#39;Etat ivoirien remet  110 millions à l&#39;équipe nationale féminine.,34
2015-01-09T11:34:22Z,BAMBA NGANON FOUSSENI (2014-2015 CHYPRUS PROLEAGUE),454
2015-01-26T16:40:06Z,Journal de la CAN Orange 2015: Episode 7,173
