published-time,comment,likes
2015-03-22T09:04:52Z,"On va le faire , on va le faire !!!!!!
Allez le N.O !!!!!!",6
2015-03-22T08:03:35Z,"Un peu ridicule le geste de Maoulida, surtout qu'il n'était pas à nimes l'en passé, il en sait rien si le match a été truqué ou non...",0
2015-03-21T23:27:48Z,Je suis Nimes Olympique!!!,4
2015-03-21T23:25:17Z,ALLER LES CROCOS!! 🐊,4
2015-03-21T23:17:14Z,"Jy etais!! Quelle ambiance!! #NimesVaincra, on ne lâchera rien",5
2015-03-21T23:11:57Z,"#JeSuisNimois 
Thiriez Demission !! Le NO Vaincra !",9
2015-05-23T14:41:29Z,ya un coup à faire pour l'us orleans un top 10 en Nationale  peut etre voir cfa avec la reserve de Tours :) Tours Capitale,0
2015-03-07T15:35:20Z,alller orleans,0
2015-02-22T08:54:11Z,Turons,1
2015-02-22T08:50:20Z,L' ambiance étais bouillante et vive les droguis et les tirons il n y a pas d ambiances au revoir et bonne chance pour la National mdr,0
2015-02-04T16:26:28Z,"#Ligue2 - Classement des passeurs - Johan Cavalli au quart de tour !
Avec une 8e offrande réussie après seulement 4 minutes au Tours FC, le capitaine de l’AC Ajaccio a conforté sa première place au classement officiel des passeurs de Ligue 2 - http://minilien.fr/a0nvg0",4
2015-02-01T09:56:28Z,Match à guichets fermés xD,0
2015-04-22T09:11:24Z,Delors aurait pu marquer quand même,0
2015-04-19T08:23:44Z,Alors déjà quel beau match de merde. Pour Tours rien à dire les 20 premiers minutes. Nous on est nul on touche pas un ballon les deux but sont normaux. Le penalty y'a pas à chier y'a péno. bon pour la main dans la surface on va pas en parlé hein parceque l'arbitre on n'allait pas lui en demander de trop ! deux penalty pour Auxerre dans le même match ça aurait été du jamais vu ! Mais après sa me soûle de voire ce qu'on fais tours putain. Le terrain glisse et sa en profite pour tombé a tous bout de champs et sa siffle a chaque fois ! Pareille j'ai jamais vu ça pour jouer la montre l'autre y remet ses protège tibia sur le terrain !! Mais bordel mais c'est de l'anti jeux c'est pas fair-play !! Puis quelle chatte sans dec' y'a tjrs un contre par ci un pied par la. Y'avait de quoi s'arracher les cheveux en tribune !! Et dire qu'on est en final contre Paris ! prendre trois pions par le 18ème de Ligue deux ça va être quoi contre Paris bordel on va en prendre 10 !!!,1
2015-04-19T07:57:37Z,tours vous inquiétez pas vous êtes sauver par notre descente a nous :(,2
2015-04-18T22:05:43Z,"Ah oui, Bingourou Kamara FAUCHE carrément l'auxerrois ?! On a pas dû voir les mêmes images lors du ralenti :/",0
2015-05-10T16:53:46Z,Allez le hac,1
2015-01-28T15:16:24Z,#Ligue2 - Classement des passeurs - Bryan Bergougnoux a signé sa 4e passe décisive lors de la 4e victoire en six journées du Tours FC en Ligue 2 ! http://minilien.fr/a0nuht,1
2015-01-28T13:29:31Z,quel dommage je sui trop deg allez va,0
2015-01-25T08:24:34Z,bien jouer les tourangeaux,0
2015-03-08T11:44:27Z,"Magnifique but de Tours!
KTE à super bien jouer sure le deuxième but.
Allez Sochaux!!!",1
2015-03-08T10:36:49Z,SOCHAUX <3 <3 <3,1
2015-03-08T10:32:01Z,beau but de Tour mais allez Sochaux <3,1
2015-03-08T09:43:42Z,NOUS SOMMES LES SOCHALIENS !!! ET NOUS AVONS GAGNÉ !!! ALLER SOCHAUX !!! ,2
2015-03-08T08:21:07Z,Mais pourquoi on ne voit pas au ralenti la faute ?! Ha mais peut être que les arbitre de la lfp son nul et qu'il n'y avait pas faute....,1
2015-03-08T00:55:45Z,CE BUT !!!!,0
2015-04-05T08:05:20Z,"Au revoir la L2, bonjour la national pour Châteauroux !!!!",1
2015-02-09T10:52:05Z,Magic scoop !!!,0
2015-02-09T06:39:34Z,ALLER LE SCO,0
2015-02-08T13:36:54Z,ALLEZ le SCO,0
2015-05-04T15:17:49Z,L arbitre est un voleur,0
2015-03-17T15:20:36Z,"#Ligue2 - Classement des buteurs - Le podium pour Youssef Adnane !
Auteur d’une splendide frappe face à son ancien club, Youssef Adnane (Stade Brestois) monte sur le podium du classement officiel des buteurs de Ligue 2 après la 28e journée - http://www.lfp.fr/ligue2/article/le-podium-pour-youssef-adnane.htm",1
2015-03-16T11:05:28Z,#Ligue2 - J28 - Retrouvez tous les résumés des matchs du week-end sur la chaîne officielle YouTube !,3
2015-03-16T06:37:15Z,"On est 4 autour d'adnane, personne le tacle, il frappe tranquille....vraiment une equipe de branque cette saison.",0
2015-03-15T19:08:52Z,"Adnane n'était pas titulaire, n'importe quoi le commentateur...",0
2015-03-15T17:22:14Z,Adnane titulaire ??????????,0
2015-03-15T10:50:41Z,Aller Brest NE VOUS DÉCOURAGER PAS ON PEUT ENCORE Y CROIRE À LA LIGUE 1,0
2015-01-23T14:42:10Z,Allez l' ESTAC !!! IL faut garder ce rythme!!!!,2
2015-01-18T01:48:32Z,Allez l'ESTAC !! ,3
2015-04-29T19:57:03Z,Magnifique but (de Tours )!,0
2015-04-28T22:27:02Z,"J’espère que Tours restera en ligue 2, ils le méritent plus que Orléans et pour Niort c'est fait :)",0
2015-04-27T01:55:57Z,En fait c'etait un match tres serre... Dommage que cela ai basculé du coté de Tours. :),0
2015-04-26T20:54:38Z,Aller tours en route vers le maintien,0
2015-04-26T08:35:16Z,Tours sort enfin de la zone rouge !,0
2015-04-26T00:22:02Z,Gros match,1
2015-04-12T07:52:40Z,aller tours fo rester en ligue 2,0
2015-01-25T16:47:56Z,gagner LA match??? Idiot!!!! ,1
2015-01-19T08:40:47Z,ISSA NISSA!,2
2015-01-19T07:33:37Z,Issa Nissa!!,2
2015-01-18T23:39:36Z,Issa Nissa,2
2015-01-18T23:18:55Z,Alors les bordelais il vous palit le but de plea?  Petite vengeance du match volé a l'aller et dédicace a celui qui me fait chier depuis 2 mois avec ce match issa nissa  ,4
2014-11-24T22:58:27Z,"A quoi bon construire un stade de + 30,000 places si il reste vide comme ça … Peut être qu'une enceinte de 20,000 aurait été plus raisonnable ",0
2014-11-24T18:11:44Z,Ce match est une honte une grande honte,3
2014-11-24T12:00:33Z,"C'est un bon point, maintenant faut gagner contre Bastia :)",2
2014-11-23T23:07:34Z,Match 0 et ambiance 0 :s issa nissa ! ,4
