published-time,comment,likes
2014-11-25T01:18:40Z,first,0
2015-03-06T01:08:59Z,"Stop acting like you are random youtube watchers who speak english, you're french, like me, tho (and probably appreciate marseille losing or psg fans)",0
2015-03-02T18:33:13Z,Allez malherbe ,2
2015-03-02T03:26:32Z,"What a turnaround for Caen. They deserve and are earning their salvation. Sala has been in fine form since his switch from Bordeaux. He'll definitely be a key player for them next season. As for Marseille well, you had Doria and you blew it.",2
2015-03-02T00:34:01Z,Marseille Caen't even keep a 2-0 lead,0
2015-02-09T04:43:21Z,красавы у меня как раз Прива и Фере в фэнтези))),0
2015-05-18T23:02:23Z,Je ne le sprechen pas le sprach et Jaime Baguette parce que les Baguettes stinken Avec Croissant le pénis.,1
2015-04-27T08:51:45Z,Ce but de Beauvue !,0
2014-11-26T14:31:20Z,fanni video,0
2015-02-16T23:46:29Z,"So unlucky, like most of the times for PSG :/ But this burns it all.",2
2015-02-16T22:45:07Z,fucking idiots... :@,0
2015-02-16T08:46:48Z,Never seen a team that unlucky,10
2015-03-11T02:55:33Z,"Un grande Rolan!!
Uruguayo!!!",0
2014-11-28T17:14:10Z,Bon match de Bordeaux mes quand l OM fait un match comme sa Bordeaux ne pouvait pasgagner ce match et encore carraso a fait un très bon match,0
2014-11-26T19:06:42Z,"Même si on a perdu, on a fait un match énorme avec 13 blessés. C'est pas le nombre de frappe concédé qui fait la qualité d'un match mais la production et face à l'OM, on a su gérer le contre. Touré qui score, grand avenir à toi mon petit. Chaque match tu nous vends du rêve ! ALLEZ LES MARINES ET BLANCS",1
2014-11-26T17:33:29Z,"C'était un match agréable à regardé bravo aux bordelais mais victoire mérité de l'OM
Gignac met un but important et impressionnant sur les ralentis tête précise on pouvait pas la mettre plus loin des gants de Carrasso bravo",0
2014-11-26T14:17:54Z,#Ligue1 - Revivez Olympique de Marseille - Girondins de Bordeaux à la loupe grâce à notre chaîne officielle YouTube !,19
2014-11-24T18:29:07Z,Ce son me fait penser à du bon Archive ! Quelqu'un connaît-il ?,0
2014-11-24T17:53:53Z,C'est bizarre il mettent tous les résumé des match de marseille mais ne mais pas tous les résumé des match de Paris. Exemple psg vs metz   alor que en na rien a branlé des match de marseille .    Paris est plu important. Fuck OM      allez je me désabonne de cette chaîne de merde #teamParis  ,0
2014-11-24T15:53:13Z,Un énorme match de nos Marseillais #ForzaOM ,0
2014-11-24T15:48:52Z,Allez Paris ,0
2014-11-24T15:35:49Z,Quel match !! Allez L'OM ,1
2014-11-24T15:05:26Z,"Forza OM , toujours leaders ;) ",1
2014-11-24T10:45:42Z,Allez l OM fin de reve pour le qsg,0
2014-11-24T10:41:35Z,"Magnifique, allez l'om !!!!!!!!",0
2014-11-24T01:59:29Z,"Magnifique montage ! C’était sans doute un marseillais derrière son PC, heureux pour cette merveilleuse et belle victoire lol",1
2014-11-27T14:41:46Z,"Loving the channel, thank you for the videos!",0
2015-06-30T17:08:47Z,Où est-ce que vous voyez une roulette ?,14
2015-06-18T22:05:17Z,,1
2015-04-29T19:53:09Z,PASTORE=the best player,2
2015-04-01T19:10:14Z,C'est pas une roulette c'est un coup du sombrero,0
2015-02-08T22:39:46Z,Sa sapelle pa une roulette mais un coup du sembrero ptn il conaisent rien,0
2014-11-29T13:15:18Z,p'tin c'est quoi cette défense de merde aussi!?,0
2014-11-29T08:27:50Z,La défense elle fait vachement peur ^_^,0
2014-11-28T01:31:36Z,Qu'elle jestte,0
2014-11-26T09:07:43Z,c pa une roulette ils sont nuls la lique 1,0
2014-11-25T22:04:07Z,""" sont incoyable "" o.O ?!",0
2014-11-25T18:24:25Z,Es un Genio Pastore!!,0
2014-11-25T16:56:01Z,C'est même pas une roulette.,0
2014-11-24T19:50:44Z,"""sonT incroyable roulette""... apprenez à écrire SVP ;)",9
2014-11-24T01:31:43Z,Arreter de sucer paris il est degueulasse ce but putain,8
2014-11-23T23:43:30Z,son*,4
2015-07-18T10:39:10Z,Tom Hervieu Je suis ď accord avec toi,0
2015-07-18T10:32:07Z,J'adore à partir de la 2 : 50 et 3:00,2
2015-06-02T14:34:54Z,Si paris s'était pas fait acheté par les quataris ils n'auront pas ce statut de meilleur club de ligue 1 a part ça très bonne équipe très bon joueurs comme pastore ibra verrati ect.Moi je suis content que l'ol joue la LDC,0
2015-05-26T18:40:03Z,Abonner vous si vous adorer caen<3:-D,0
2015-05-16T11:09:35Z,"Il faudrait investir dans un nouveau micro sinon, et moins gueuler dessus par la même occasion.",0
2015-05-14T16:07:36Z,Bien fait pour lyon il se sont pris une branler et encore il y a de penalty non siffler ,0
2015-05-14T14:00:36Z,rageant,0
2015-05-14T12:30:37Z,"Déchaînement de pucelles footix parisiennes dans 3,2,1 ...",1
2015-05-13T15:08:37Z,allez vous faire foutre sal psg,1
2015-05-12T06:17:06Z,juste pour savoir vertfoutre a été prêté ou vendu avec bonus à caen svp?,0
2015-05-11T19:10:17Z,Salut les mecs je commence une nouvelle série qui arrive le 14 mai passez voir mes premières vidéos et donnez moi vos avis merci ! :),0
2015-05-11T18:58:05Z,Bravo à mon neveu pour son doublé il a bouffé du Lyon et pas qu'une part.,10
2015-05-11T18:40:01Z,La honte de Lyon bien fais pour leur gueule les lyonnais  allez Malherbe !!!!!!,0
2015-05-11T18:24:20Z,Pffff c'est pathétique sérieux je suis lyonnais mais là c'est abusé 3-0,0
2015-05-11T16:53:57Z,"A part pour les supporters caennais qui devaient être hyper content, je vois pas comment on peut liker cette vidéo qui ne montre rien d’intéressant à part les buts...",2
2015-05-11T16:25:26Z,j'ai la haine de ouf. Perdre contre Caen 3-0 alors que en plus ils se sont fait voler un péno franchement nan mais ou va le monde mais bon super saison quand même.,1
2015-05-11T16:05:48Z,Je croyais que vercoutre avait fait 17 arrets ??,0
2015-05-11T15:16:52Z,et 2 penos refuses pour caen et les quenelles osent dire qu' ils ne sont pas aidé par les arbitres mdr.de plus faut pas que caen descende sinon vertfoutre va perdre de la valeur avec les bonus... bien joué caen dans le cul les quenelles.,0
2015-05-11T13:54:15Z,C pas un résumé ! Il ne montre que les buts...,3
2015-05-11T13:43:27Z,"J'ai jamais vu autant de mauvaise fois sur un résumé de match, Caen a largement mérité la victoire et dire qu'il n'y a pas les occasions lyonnaises c'est un peu pousser parce qu'il y a également des actions caennaises non-mise dans ce résumé. Et comme écrit dans le titre c'est un résumé, on peut pas mettre toutes les actions sinon le résumé aurait duré 6 minutes ou plus ...
Je pensais pas les supporters lyonnais aussi mauvais perdant",1
2015-05-11T09:43:25Z,12 arret pour vercoutre il et magique,0
2015-05-11T09:09:36Z,"C'est bizarre parce que quand y a des situations litigieuses en la défaveur de Lyon elles sont vites montrées alors que Lyon a eu beaucoup d'occasions et ils montrent que les buts de Caen mais personne pour montrer les 2 pénos non sifflés dans le match Lyon - PSG et d'ailleurs ce même résumé où on voit toutes les occasions de Paris alors qu'on en voit quasi jamais dans les (pseudo) résumés de Lyon chaque Week-End enfin bref Lyon n'était pas dans son match contre Caen et les normands ont été énorme à l'image de leur seconde partie de saison un grand bravo à eux et à Vercoutre et Benezet héroïques ! On peut dire que le premier but fait suite à une erreur d'arbitrage : un corner inexistant mais bon dans l'ensemble malgré les occasions lyonnaises, Caen mérite largement sa victoire rien à dire décidément 9ème défaite sur les 13 derniers matchs pour Lyon à d'Ornano ça fait beaucoup mais grande satisfaction de finir 2ème de ligue 1 hâte de revoir la coupe aux grandes Oreilles :) 
Allez l'OL !!",4
2015-05-11T06:35:57Z,"Les lyonnais ne sont jamais rentrés dans cette partie, bravo à Caen et surtout bravo à Rémy Vercoutre !! Mais c'est pas grave, on est en Ldc grâce à la victoire de l'om sur l'asm.",2
2015-05-11T06:20:32Z,Merci Caen !,6
2015-05-11T05:43:54Z,Et les actions de Lyon ? C'est en option ? ,1
2015-05-11T05:16:27Z,FLASH INFO : Aulas aurait demandé à ce que la Bretagne ne soit plus française afin de retirer les 3 points du PSG,9
2015-05-11T05:14:22Z,"Une pensée pour Jean-Michel AULAS qui voit même la différence de but s'échapper
:-(",5
2015-05-11T05:12:34Z,"3 fois de suite en quart de LDC, soit 3 fois de suite parmis les 8 meilleurs équipes d'Europe avec au passage, victoire en poule contre le Barça et élimination de Chelsea, tous les titres nationaux cette saison ...oui moi j'aime bien la progression de Paris, et vous ?Ils font quoi les autres clubs Français?

 Bravo à EAG et à Monaco qui oeuvrent pour les points européens. On se rappellera du 0 de l'0M et de la piteuse élimination de l'OL en début d'année :-(",3
2015-05-11T00:02:17Z,"Merci à Caen qui a battu OM et OL, Nul au Parc , Paris champion pour la 3eme fois, Bravo à Lyon tout de meme ^^",16
2015-05-10T23:34:21Z,"Je voudrais pas dire mais...""ce lyon""...il avait l'air de boîter de l'arriere à la sortie du stade...",0
2015-05-10T23:10:14Z,"0:31 y a absolument pas pénalty, Dabo joue le ballon même si c'est impressionnant à vitesse réelle, il touche le ballon avant son adversaire. Bien sûr merci le commentateur pour donner un avis totalement biaisé.

Et puis là je vois ce match je vois juste que Caen a eu 3 occas, aucune action lyonnaise montrée, même si bien sûr Caen a mérité sa victoire, et que Lyon a hyper mal joué, presque de façon honteuse j'ai envie de dire, on ne montre pas le match exceptionnel de Vercoutre qui, avec Bénezet, est l'homme du match côté caennais.

Et puis tant qu'on y est, l'axe droit de la défense c'était Dabo Koné. A gauche Bedimo a pas été bon. Avec une défense pareille bah faut pas rêver hein, on rivalise pas avec Paris. Mais Lyon aura quand même produit du très bon jeu cette année, et ce ne sont pas les paroles d'Aulas qui vont changer ça. (faut quand même différencier les joueurs, les supporters et le président à un moment hein, c'est pas parce que l'un est insupportable que toute l'équipe et le club l'est aussi)",6
2015-05-10T23:05:19Z,Mais où est donc passée la défense centrale lyonnaise ???,2
2015-05-10T22:40:06Z,"Match à oublier, mais avec la saison exceptionnelle de nos joueurs on pardonne. Cette 2e place nous va très bien.
Maintenant tous les footix PSG vont se la ramener ici, c'est triste.",12
2015-05-10T22:29:28Z,"Mr Aulas, une réclamation à faire ? ",0
2015-05-10T22:29:09Z,"putain les lyonnais c est chauds a chaque résume de votre équipe vous venez chialer pacque il n y a pas ceci , il n y a pas cela dans le résumé.. C est aulas qui vous apprend a pleurer comme ca sans arrêt?? vous avez pris une fessé c est tout mais sérieux toute les semaines avec vos commentaires de chouineuses c est hallucinant. Entre vous et marseille je ne sais pas qui pleure le plus. soyez au moins heureux de votre 2 eme place et votre place en LDC",14
2015-05-10T22:22:43Z,Les lyonnais sans son bien sorti ils aurait peu prendre un 4-0 ou 5-0 ,0
2015-05-10T22:19:21Z,Quelle est dégueulasse cette équipe de lyonnaises ,2
2015-05-10T22:13:06Z,"On montre 0 action lyonnaise malgré les nombreuses qu'il y a eues, on montre les fautes lyonnaises, on montre pas le corner imaginaire sur le but caennais... 
Bref résumé de merde incomplet et subjectif...",4
2015-05-10T22:12:53Z,Lyon a eu au moins 5 actions et il les montres pas ! La video n'est pas réaliste ,4
2015-07-21T17:25:51Z,Super le coup franc,0
2015-05-10T10:07:21Z,Le pire match du PSG de cette saison,1
2015-02-27T21:39:59Z,"Paris me déçoit beaucoup
",0
2015-02-25T21:41:21Z,This game is such a set up!!,0
2015-02-24T09:57:02Z,Allllllllerrr Paris,0
2015-02-22T16:05:58Z,J'ai qu'une chose a dire a tous ces commentaires qui me font bien rire ! C'est du footbal rien que du football du divertissement rien de plus ^^ Vous me faite bien marrer ! le fanatisme c'est vraiment pitoyable xD,3
2015-02-17T14:29:37Z,"ICI, Caen qui tient en echec Paris on aura tout vu 
Franchement, Honte a Paris 
ALLER CAEN",2
2015-02-16T15:22:03Z,Perso pour moi 9 contre 11 c'est pas équilibrés !5 blesser comme c beaucoup ! Et en plus le PSG joue beaucoup en se moment hier on a jouer contre Caen et demain on joue contre Chelsea c'est une blague? en sachant que Chelsea c'est entraîner depuis mercredi dernier ! C'est injuste pour le PSG vive le PSG  ,3
2015-02-16T15:14:35Z,"Heureusement autant de malchance n'arrive pas tous les jours..
Bah.. c'est bien pour le suspens dirons nous..",1
2015-02-16T14:31:21Z,"Oh putain je vois déjà les gros footix parisiens : ""ouai mé nou on na plin 2 blaissé, çé pa just ..."". Sachez qu'en début de saison quand l'OL avait son averse de blessés, les lyonnais se plaignaient des blessés et vous les parisiens étaient les premiers à dire que c'était pas une excuse et à se foutre de la gueule des lyonnais comme quoi ils cherchaient des excuses bidons pour justifier les trois revers de suite contre Toulouse, Lens, Metz.
Maintenant, les gros footix savent que les blessés ne sont pas une excuse bidon et que les lyonnais en début de saison... n'avaient pas complètement tort.
Sachez que, même si ce n'est pas un exploit resplendissant, les lyonnais ont réussi à arracher un nul contre Lorient, qui est une équipe un petit peu plus balèze que Caen... sans Gourcuff (pendant la moitié du match), sans Bisevac, sans Grenier, et sans Lacazette. D'ailleurs heureusement que Marseille, et donc, le PSG ont concédé le nul, sinon on perdait notre place de leader.
J'aimerais aussi dire que l'équipe bis lyonnaise (Lopes, Jallet, Rose, Umtiti, Bedimo, Gonalons, Mvuemba, Fekir, Tolisso, Njie, Cornet) est un tout petit peu moins balèze que l'équipe bis parisienne (Sirigu, Maxwell, Thiago Silva, David Luiz, Aurier, Verratti, Van Der Wiel, Rabiot, Lavezzi, Ibrahimovic - oui, le charlot qui se déshabille quand il met un but contre Caen -, Lucas Moura) et que les footix parisiens ne peuvent pas s'appuyer sur cette excuse autant qu'ils le veulent.
En plus, se prendre deux buts dans les 5 dernières minutes, encore plus contre Caen, encore plus si on est le PSG et qu'on a 500 millions d'euros de budget, c'est inadmissible et en plus, ça s'appelle une erreur de débutant.
Et après y en a qui dise que Paris sera champion de toute façon ^^'
La course au titre sera âpre pour vous les parisiens.
Sérieux soyez réaliste, il ne reste que 13 matchs, soit 39 points à prendre et dans les grandes équipes contre qui Lyon devra encore jouer avant la fin du championnat sont l'OM et l'ASSE. Si on fait des bons matchs contre eux, on pourra décrocher les trois points, surtout avec Lacazette qui revient dès la semaine prochaine, sinon les trois points contre les autres équipes seront quasi donnés. Lyon perdra peu, très peu de points avant la fin du championnat et Paris devra donc faire un rush près du sans-faute pour décrocher le titre, ce qui m'étonnerait vraiment, vu les performances actuelles du PSG.
De toute façon on verra bien à la fin du championnat, mais moi, j'ai ma petite idée sur le vainqueur de Ligue 1 de la saison 2014-2015.
Au revoir et ragez bien, amis footix ;-)",6
2015-02-16T14:18:28Z,"HONTE AU PSG , 500 millions de budget , des joueurs au niveau international , champions league et des fragiles avec 4 bléssés .....  MDRR ILS SONT TROP NUL PSG ( partir sans gagner ) honte international . ALLEZ MALHERBE , au moins eux ils ont le mérite",1
2015-02-16T12:32:32Z,"5 blessés durant 1 même match, ça faisait longtemps que j'avais pas vu ça.
Mais bon, un moindre mal vu les matchs nuls de Lyon et Marseille.
Game on! ",0
2015-02-16T11:49:29Z,Ronaldo et Messi ils peuvent lever leur pied haut comme ça ?,8
2015-02-16T11:17:38Z,"les marseillaises qui s'occupent plus des videos du psg que de leur propre club ça me fera toujours marrer. Jouer toutes les compétitions en ne retrouvant pas notre jeu, ça vous trou le cul, et d'être au même nombres de point en jouant de la sorte ça prouve le niveau mdr, on voit depuis plusieurs match que les mouvements sont meilleurs la fin de saison sera belle avec Lyon qui va rn'a plus rien a prouver vu la remonté, et Marseille qui commence retomber dans la facilité. Vu l'écart derrière je pense que la lutte peut être pas mal, quand on voit les confrontations direct que tous doivent encore jouer",2
2015-02-16T11:14:32Z,ici c est .....,0
2015-02-16T10:05:56Z,"Vous critiquez tous le PSG , mais le PSG joue sur tout les tableau , sur ce match , sans tout leurs blessé ils auraient sans doute pas fait le match nul. M'enfin bon , les Français vive dans la critique .. On y peut rien. Le PSG , Guingamp et Monaco sont les seuls chances de redoré le blason de la ligue 1 sur la scène européene. ",10
2015-02-16T10:01:11Z,Le bute de zlatan est normalement refuser pour pied en l air c est dangereux pour les deux défenseur et le gardien et même avec a tout les match un arbitrage favorie il font de la merde  ,16
2015-02-16T08:57:53Z,"Quel bijou de coup franc qu'a mis Bazile, en plus c'etait Sirigu en face !
Bravo à Malherbe cela permet à Lyon et à Marseille de garder de l'avance.

Et notons la main de Verratti au passage preuve que le PSG est favorisé par les arbitres !",0
2015-02-16T08:57:38Z,"Bravo pour ton but Sala mais on peut etres pour Bordeaux,St Étienne marseille Lyon ou Monaco on peut pas etres content.Ils sont vraiment pas eu de chance les pauvres.Apres demain y a PSG-CHELSEA et peut importe le club français que tu supporte tu dois les supporters demain (Si tu es pas un footix bien sur...)",4
2015-02-16T08:01:44Z,Plus jamais des parisiens sur les résumés des matchs de Marseille pour parler de l'arbitrage .(cf but de Zlatan avec pied haut 1m90 et main de Verrati ) . Après je n'ai pas vu le match donc si l'arbitre a par ailleurs désavantagé le psg je ne suis pas au courant mais je suis tout ouie .,1
2015-02-16T07:16:16Z,Le psg est un cirque zlatan il peut faire ce qu'il veut on lui dira rien le psg est soumis à ce con qui crache sur l'histoire du psg haha et en plus y'a tellement de blesses que j'ai du mal à voir comment ils peuvent s'en sortir face à chelsea bravo caen(je suis pas supporter du psg),0
2015-02-16T06:54:13Z,Bien joué Caen !,0
2015-02-16T00:52:14Z,"Cinq blessés en un match (Matuidi est sorti car il avait été touché lui aussi) c'est du jamais vu, à croire qu'on est maudit avec les blessures cette saison, sans ça on gagnait ce match. Heureusement que l'OM et l'OL ont fait nul aussi, ça nous permet de garder la première place en ligne de mire. Paris sera champion de toute façon quoi qu'il arrive, rien nous arrêtera.",10
2015-02-15T23:40:04Z,Mdr le psg...,1
2015-02-15T23:18:39Z,"Zlatan sur le premier but réclame la main du joueur Caennais, il ne va pas sur le ballon, on encaisse un but. Sur le deuxième but il fait la faute sur le joueur, Zlatan est présent dans le mur pour tenté de contrer le ballon.. Non, il ne contre rien, car i
ll ne
 saute pas ! Le Ballon passe au dessus de sa tête, on encaisse donc le deuxième but",14
2015-02-15T23:13:01Z,Bravo malherbe fo continuez comme ça,0
2014-11-28T18:01:09Z,Le CSC en faveur de Caen était facilement évitable. Très mauvaise compréhension entre les deux.,1
2014-11-25T08:33:31Z,Y'a personne dans ce stade...,0
2014-11-25T05:05:59Z,"caen s'est déjà imposé contre monaco 4-1, il peut aller révisé ses fiches le mec",1
2014-11-24T16:39:15Z,Et on critique Vercoutre....,3
2014-11-24T08:41:57Z,75 occasions : 2 buts...,0
2014-11-24T08:11:18Z,les deux csc les plus ridicules de la saison avec celui de ruffier...,0
2015-07-22T16:34:52Z,Indeed,0
2015-07-22T09:33:08Z,"Shocking defending, but a tidy finish and surge forward. Lets hope he can get a few of these for the Rovers now!",7
2014-11-24T10:41:50Z,great goals but where is gignac´s fantastic header against bordeaux!?,0
2014-11-24T06:48:12Z,Number 4 should be #1,0
2015-04-13T02:38:31Z,Poor Caen. I'm sure they will stay up though. ,0
2015-04-09T17:54:46Z,I'm from Nantes and i will always support them what ever they do. ALLEZ LES JAUNES ET VERTS,0
2015-04-05T22:59:23Z,I hope Nantes finally able to sign players this summer because they have served their transfer embargo very well.,0
2015-04-05T22:57:39Z,"I don't see why Ligue 1 use American footballers. To be honest, Alejandro Beyoda is one amazing Nantes player. I hope it influences other American footballers play in Ligue 1.",0
2014-11-28T11:39:18Z,que des moches but,0
2014-11-27T21:06:26Z,Mdr coment ya pas d'ambiance a monaco,0
2014-11-27T09:45:59Z,Celui de lorient est magnifique grâce a l'intelligence des deux joueur qui laisse volontairement passer la balle :),0
2014-11-26T13:10:44Z,"Le but Lorientais aurait dû être refusé, le joueur de Lorient se met carrément devant le goal qui l'empêche de voir",0
2014-11-26T09:21:46Z,"#Ligue1 - J14 - Revivez les plus beaux buts de la 14ème journée de Ligue 1 en vidéo grâce à notre chaîne YouTube ! Et vous, lequel préférez-vous ?",16
2014-11-25T16:19:56Z,mais pas celui de Gignac :o,0
2014-11-25T11:29:18Z,mais pourquoi mette il de la musique en fond sonnore c est tellement mieux d ecouter rugir le public...,0
2014-11-25T09:08:59Z,Celui de Koita est le plus beau . Frappe pleine balle en lucarne . ,0
2014-11-24T21:43:48Z,"Pour le but de Pastore un petit ""Paris on t'encule"" ! xD",0
2014-11-24T19:06:28Z,Ecoutez bien les supporter Metzains à 1:25...,2
2014-11-24T15:18:47Z,"Regarde dans la description il se sont trompé ils ont mis Lorient Caen au lui de 


Lorient Lens",0
2014-11-24T15:13:49Z,Magnifique fode koita,2
2014-11-24T15:13:37Z,Lemina ?,0
2014-11-24T11:56:16Z,Le but de Camara *-*,0
2014-11-24T10:19:52Z,"Allez les merlus ⚽️
Ambiance de ouf au stade du moustoir ( lorient ) 
Vous avez gérer",3
2014-11-24T09:05:41Z,Camara les gars!! ;),1
2014-11-24T08:08:07Z,C'est pas un top but c'est juste TOUT les buts de la journée ^^,2
2014-11-24T03:55:20Z,"Camara !!
On a pas été gaté niveau buts cette semaine lol",0
2014-11-24T01:22:42Z,Tellement pas de beau but que ia celui de Pastore,7
2015-05-24T10:46:16Z,Quelqu'un m'explique pourquoi Montanier a laisser partir un des meilleurs joueur de ligue 1 ?,0
2015-01-28T17:03:52Z,Rennes on encore prit tarif :'),2
2015-01-27T14:11:10Z,"#Ligue1 - Classement des passeurs - Le capitaine du SM Caen, Julien Féret, a retrouvé avec réussite le Stade Rennais, en signant deux passes décisives en plus d’une réalisation, lors de la 22e journée de Ligue 1 - http://minilien.fr/a0nu72",18
2015-01-26T15:23:55Z,Bravo Caen !,2
2015-01-26T10:27:05Z,"Félicitations Montanier pour ton extrême clairvoyance à l'égard de Féret la saison dernière, j'espère que tu réalises à quel point tu as merdé sur ce coup là.. Je suis supporter rennais, mais honnêtement hier soir j'étais content que Julien nous ait enrhumé en long, en large et en travers ! Un grand joueur qui a tout fait pour son club de coeur et que les dirigeants ont tout fait pour le dégager comme un malpropre.. Bravo à toi Féret, immense respect pour toi. Et merci d'être venu saluer le kop à la fin de la rencontre.",7
2015-03-11T08:16:40Z,,1
2015-02-23T16:17:00Z,,1
2015-02-23T14:17:07Z,"#Ligue1 - Classement des buteurs - Emiliano Sala, le coup normand ! Auteur de trois réalisations en deux titularisations avec le SM Caen, Emiliano Sala contribue grandement à la belle série des siens en Ligue 1 (meilleur bilan de 2015) - http://bit.ly/1DddkUE",10
2015-02-23T07:50:56Z,"Quand je lis les com's,vous dites que c'est pour le score qu'on a débordé comme cela avec les fumis etc... effectivement en partie mais pas que et l'extra sportif on en parle? Mais malgres ces défaites je tire un grand coup de chapeau à nos joueurs car même s'ils n'ont pas l'expérience de la l1 il faut tout de même les applaudir et les respecter!!et meme en tant que supp' lensois je ne peux me satisfaire d'un tel comportement de nos supp'.j'espère de part ailleurs qu'il n'y aura pas de conséquences après ces débordements...enfin bref moi j'y crois pour le maintien allez lensois!!!",2
2015-02-23T07:16:16Z,Lens il vont directement en lique 2 au moins il gagneront un peu,4
2015-02-23T05:54:36Z,Cette remontée de Caen !! On va rester en ligue 1 les gars !!,7
2015-02-22T23:31:09Z,4 tirs cadrés 4 buts ça c'est de la réussite ! ,7
2014-12-08T21:21:46Z,Fier d'être caennais on continue on va se maintenir,0
2014-12-08T12:15:58Z,C'est moi ou Vercoutre enchaine les bourdes match apres match ?,0
2014-12-08T07:34:08Z,1:53 je crois que le goal n'a pas aimé et veut jeter le ballon sur le tireur... Pourquoi tant de haine.,1
2014-12-08T07:22:37Z,Issa Nissa❤️⚫️,2
2014-12-08T00:11:00Z,Plea qui marque contre Vercoutre le duel ancien lyonnais,1
2014-12-07T23:30:52Z,Yes yes yes mais la fin de saison est dure entre défaite a domicile et résultat moyen a l'extérieur va falloir s'accrocher,1
