publish_date,title,view_count
2014-11-23T23:00:04Z,Goal Emmanuel IMOROU (5&#39; csc) / AS Monaco - SM Caen (2-2) - (MON - SMC) / 2014-15,239
2014-11-23T23:45:21Z,Goals compilation : Week 14 / 2014-15,1476
2014-11-23T23:00:03Z,AS Monaco - SM Caen (2-2) - Highlights - (MON - SMC) / 2014-15,2929
2014-12-14T23:00:07Z,Olympique Lyonnais - SM Caen (3-0) - Highlights - (OL - SMC) / 2014-15,4043
2015-03-01T23:00:00Z,Olympique de Marseille - SM Caen (2-3) - Highlights - (OM - SMC) / 2014-15,3564
2015-04-19T21:59:59Z,Montpellier Hérault SC - SM Caen (1-0) - Highlights - (MHSC - SMC) / 2014-15,1370
2014-11-23T23:00:06Z,But Emmanuel IMOROU (5&#39; csc) / AS Monaco - SM Caen (2-2) -  (MON - SMC) / 2014-15,4076
2015-02-08T22:59:59Z,SM Caen - Toulouse FC (2-0) - Highlights - (SMC - TFC) / 2014-15,800
2014-11-30T23:00:03Z,SM Caen - Montpellier Hérault SC (1-1) - Highlights - (SMC - MHSC) / 2014-15,1203
2015-03-15T22:59:59Z,FC Lorient - SM Caen (2-1) - Highlights - (FCL - SMC) / 2014-15,831
2015-05-17T02:14:55Z,SC Bastia - SM Caen (1-1) - Highlights - (SCB - SMC) / 2014-15,772
2015-04-26T22:00:00Z,SM Caen - EA Guingamp (0-2) - Highlights - (SMC - EAG) / 2014-15,770
2014-12-07T23:00:07Z,SM Caen - OGC Nice (2-3) - Highlights - (SMC - OGCN) / 2014-15,1361
2014-11-24T01:23:23Z,Olympique de Marseille - Girondins de Bordeaux in slowmotion : Week 14 / 2014-15,959
2015-03-22T22:59:59Z,SM Caen - FC Metz (0-0) - Highlights - (SMC - FCM) / 2014-15,578
2014-10-19T21:22:41Z,Girondins de Bordeaux - SM Caen (1-1) - Highlights - (GdB - SMC) / 2014-15,1447
2015-02-15T22:59:59Z,Paris Saint-Germain - SM Caen (2-2) - Highlights - (PSG - SMC) / 2014-15,16723
2014-12-04T23:00:09Z,EA Guingamp - SM Caen (5-1) - Highlights - (EAG - SMC) / 2014-15,1090
2015-03-08T23:00:00Z,SM Caen - Girondins de Bordeaux (1-2) - Highlights - (SMC - GdB) / 2014-15,1306
2014-11-24T01:26:39Z,Olympique de Marseille - Girondins de Bordeaux a la loupe 14ème journée de Ligue 1 / 2014-15,31203
2015-02-01T23:00:00Z,SM Caen - AS Saint-Etienne (1-0) - Highlights - (SMC - ASSE) / 2014-15,1197
2014-11-24T00:19:37Z,Highlights : Week 14 / 2014-2015,3619
2014-11-24T01:23:33Z,Bloopers : Week 14 / 2014-15,2639
2015-01-25T23:00:02Z,Stade Rennais FC - SM Caen (1-4) - Highlights - (SRFC - SMC) / 2014-15,1513
2014-11-23T23:00:05Z,Le superbe but de Javier Pastore et son incroyable roulette de la 14ème journée de Ligue 1 / 2014-15,96318
2015-02-22T22:59:59Z,SM Caen - RC Lens (4-1) - Highlights - (SMC - RCL) / 2014-15,1091
2015-05-10T22:00:00Z,SM Caen - Olympique Lyonnais (3-0)  - Résumé - (SMC - OL) / 2014-15,100183
2015-05-10T22:00:00Z,SM Caen - Olympique Lyonnais (3-0) - Highlights - (SMC - OL) / 2014-15,2725
2015-02-15T22:59:59Z,Paris Saint-Germain - SM Caen (2-2)  - Résumé - (PSG - SMC) / 2014-15,146624
2014-11-23T23:00:07Z,AS Monaco - SM Caen (2-2)  - Résumé - (MON - SMC) / 2014-15,23027
2014-11-23T23:00:03Z,Javier Pastore&#39;s superb goal and unbelievable overhead flick : Week 14 / 2014-15,2171
2014-11-02T23:00:06Z,FC Metz - SM Caen (3-2) - Highlights - (FCM - SMC) / 2014-15,2260
2014-11-23T23:00:04Z,Goal Bangaly-Fodé KOITA (50&#39;) / AS Monaco - SM Caen (2-2) - (MON - SMC) / 2014-15,1050
2014-10-26T23:00:04Z,SM Caen - FC Lorient (2-1) - Highlights - (SMC - FCL) / 2014-15,1590
2015-01-18T23:00:05Z,SM Caen - Stade de Reims (4-1) - Highlights - (SMC - SdR) / 2014-15,1186
2015-05-03T22:53:43Z,OGC Nice - SM Caen (1-1) - Highlights - (OGCN - SMC) / 2014-15,1292
2014-11-23T23:00:04Z,Goal Geoffrey KONDOGBIA (59&#39; csc) / AS Monaco - SM Caen (2-2) - (MON - SMC) / 2014-15,1119
2015-01-11T23:00:01Z,LOSC Lille - SM Caen (1-0) - Highlights - (LOSC - SMC) / 2014-15,1218
2014-11-23T23:00:05Z,But Bangaly-Fodé KOITA (50&#39;) / AS Monaco - SM Caen (2-2) -  (MON - SMC) / 2014-15,9540
2014-11-23T23:44:47Z,Top goals : Week 14 / 2014-15,2155
2015-04-12T17:19:06Z,SM Caen - AS Monaco (0-3) - Highlights - (SMC - MON) / 2014-15,3738
2015-05-24T04:02:37Z,SM Caen - Evian TG FC (3-2) - Highlights - (SMC - ETG) / 2014-15,1448
2014-11-23T23:00:05Z,But Geoffrey KONDOGBIA (59&#39; csc) / AS Monaco - SM Caen (2-2) -  (MON - SMC) / 2014-15,1953
2015-04-05T22:00:00Z,FC Nantes - SM Caen (1-2) - Highlights - (FCN - SMC) / 2014-15,1569
2014-11-09T23:00:03Z,SM Caen - FC Nantes (1-2) - Highlights - (SMC - FCN) / 2014-15,1812
2014-11-23T23:45:31Z,Top buts 14ème journée - Ligue 1 / 2014-15,17724
2015-01-25T23:00:06Z,Stade Rennais FC - SM Caen (1-4)  - Résumé - (SRFC - SMC) / 2014-15,31197
2015-02-22T22:59:59Z,SM Caen - RC Lens (4-1)  - Résumé - (SMC - RCL) / 2014-15,41486
2014-11-23T23:00:03Z,Goal João MOUTINHO (75&#39;) / AS Monaco - SM Caen (2-2) - (MON - SMC) / 2014-15,434
2014-12-07T23:00:07Z,SM Caen - OGC Nice (2-3)  - Résumé - (SMC - OGCN) / 2014-15,25213
