publish_date,title,view_count
2014-10-21T10:00:06Z,Valenciennes FC - Dijon FCO (0-3)  - Résumé - (VAFC - DFCO) / 2014-15,7538
2014-11-01T23:00:02Z,Dijon FCO - AC Ajaccio (3-0)  - Résumé - (DFCO - ACAJ) / 2014-15,3959
2015-04-25T17:49:43Z,Conférence de presse US Orléans - Dijon FCO (0-1) - 2014/2015,222
2014-12-20T23:00:04Z,Châteauroux - Dijon FCO (1-1)  - Résumé - (LBC - DFCO) / 2014-15,2507
2014-11-08T23:00:07Z,Angers SCO - Dijon FCO (1-0)  - Résumé - (SCO - DFCO) / 2014-15,13368
2014-09-13T22:00:02Z,Dijon FCO - Chamois Niortais (1-0)  - Résumé - (DFCO - NIORT) / 2014-15,4869
2014-11-29T23:00:06Z,AC Arles Avignon - Dijon FCO (0-2)  - Résumé - (ACA - DFCO) / 2014-15,4318
2015-04-25T22:00:00Z,US Orléans - Dijon FCO (0-1)  - Résumé - (USO - DFCO) / 2014-15,4684
2015-02-28T22:59:59Z,US Créteil-Lusitanos - Dijon FCO (0-2)  - Résumé - (USCL - DFCO) / 2014-15,3481
2015-04-18T22:00:00Z,Dijon FCO - Angers SCO (1-1)  - Résumé - (DFCO - SCO) / 2014-15,6049
2015-02-14T22:59:59Z,Chamois Niortais - Dijon FCO (1-1)  - Résumé - (NIORT - DFCO) / 2014-15,2209
2015-03-14T23:00:00Z,Clermont Foot - Dijon FCO (2-5)  - Résumé - (CF63 - DFCO) / 2014-15,11692
2015-04-25T22:03:31Z,Top buts 33ème journée - Ligue 2 / 2014-15,3364
2015-03-21T22:59:59Z,Dijon FCO - Valenciennes FC (1-1)  - Résumé - (DFCO - VAFC) / 2014-15,4329
2015-04-11T21:59:59Z,AC Ajaccio - Dijon FCO (1-0)  - Résumé - (ACAJ - DFCO) / 2014-15,2092
2015-05-04T22:16:34Z,Stade Brestois 29 - Dijon FCO (0-0)  - Résumé - (SB29 - DFCO) / 2014-15,1177
2014-10-04T19:06:11Z,Dijon FCO - Clermont Foot (1-0)  - Résumé - (DFCO - CF63) / 2014-15,3016
2015-03-21T12:23:28Z,But de samuel (2-3) - Foot à Cagoule Vs Les Lions - 21/03/15 11:00 - Samedi 11h - Printemps 2015,1
2015-03-07T22:59:59Z,Dijon FCO - Havre AC (1-1)  - Résumé - (DFCO - HAC) / 2014-15,4130
2014-09-20T22:00:02Z,GFC Ajaccio - Dijon FCO (2-0)  - Résumé - (GFCA - DFCO) / 2014-15,3547
2014-09-24T22:00:05Z,Dijon FCO - US Créteil-Lusitanos (2-1)  - Résumé - (DFCO - USCL) / 2014-15,3292
2015-02-07T23:00:01Z,Dijon FCO - FC Sochaux-Montbéliard (1-0)  - Résumé - (DFCO - FCSM) / 2014-15,5802
2015-01-17T23:00:05Z,Stade Lavallois - Dijon FCO (1-0)  - Résumé - (LAVAL - DFCO) / 2014-15,4268
2014-11-22T23:00:03Z,Dijon FCO - US Orléans (2-1)  - Résumé - (DFCO - USO) / 2014-15,3815
2014-08-30T22:00:02Z,FC Sochaux-Montbéliard - Dijon FCO (0-1)  - Résumé - (FCSM - DFCO) / 2014-15,5991
2014-08-09T22:00:01Z,Dijon FCO - Stade Lavallois (1-0)  - Résumé - (DFCO - LAVAL) / 2014-15,5024
2014-10-25T22:00:06Z,ESTAC Troyes - Dijon FCO (1-0)  - Résumé - (ESTAC - DFCO) / 2014-15,6508
2014-12-13T23:00:02Z,Dijon FCO - Stade Brestois 29 (1-0)  - Résumé - (DFCO - SB29) / 2014-15,5497
2015-05-09T21:59:59Z,Dijon FCO - Châteauroux (0-1)  - Résumé - (DFCO - LBC) / 2014-15,3745
2015-05-16T21:59:59Z,Tours FC - Dijon FCO (0-0)  - Résumé - (TOURS - DFCO) / 2014-15,2158
2014-09-27T22:00:01Z,Havre AC - Dijon FCO (1-0)  - Résumé - (HAC - DFCO) / 2014-15,4424
2015-04-04T22:00:00Z,Dijon FCO - ESTAC Troyes (0-1)  - Résumé - (DFCO - ESTAC) / 2014-15,7335
2014-11-08T19:54:19Z,Conférence de presse Angers SCO - Dijon FCO (1-0) - 2014/2015,382
2015-01-24T23:00:04Z,Dijon FCO - Nîmes Olympique (4-5)  - Résumé - (DFCO - NIMES) / 2014-15,17451
2015-02-21T23:00:02Z,Dijon FCO - GFC Ajaccio (1-1)  - Résumé - (DFCO - GFCA) / 2014-15,2228
2014-11-07T20:02:52Z,ANGERS   DIJON  1-0,1394
2015-05-23T22:00:00Z,Dijon FCO - AS Nancy-Lorraine (3-1)  - Résumé - (DFCO - ASNL) / 2014-15,7901
2015-02-14T19:29:20Z,14 febbraio 2015 - Enrico Bearzotti,515
2015-07-25T22:45:00Z,Test match / Hellas Verona-Caykur Riezespor 1-1,4057
2015-07-29T13:54:14Z,Il Pazzo si presenta ai suoi nuovi tifosi,5269
2015-07-11T19:57:52Z,La prima giornata gialloblù a Racines,2119
2014-11-29T21:57:58Z,29 novembre 2014 - Rafael,803
2015-07-30T14:50:29Z,Albertazzi ha qualcosa da dirvi,2266
2014-08-28T15:23:29Z,Suagher: &quot;Ho trovato un grande gruppo&quot;,362
