publish_date,title,view_count
2015-06-22T15:28:29Z,Carlo Pinsoglio 1990 Juventus,18781
2015-04-03T20:53:18Z,Post Partita Avellino Modena Carlo Pinsoglio 02/04/2015,178
2015-06-22T14:26:40Z,Carlo Ilari 1991 Juventus,491
2015-03-15T21:35:26Z,Bologna 0-0 Modena 15/03/2015 2014-15 - 31°,1964
2015-06-22T14:33:17Z,Slivka Juventus 2015,1211
2015-06-22T15:49:15Z,Elvis Kabashi 1994 Juventus,5957
2014-10-20T08:07:26Z,FROSINONE-MODENA 2-0,151
2015-06-10T14:09:17Z,Storari: per sempre alla Juve? - Calciomercato - Gazzetta TV,125
2015-06-08T13:37:38Z,Livorno Calcio al vittoriano di Roma con il Presidente della Repubblica,692
2015-06-22T16:10:12Z,Brignoli Juventus 2015,4135
2015-02-13T19:00:01Z,PERUGIA - MODENA   2-0,136
2015-06-22T17:59:29Z,Untersee Juventus 2015,1497
2014-12-16T19:30:05Z,Virtus Entella - MODENA  1-1,351
2015-04-03T22:23:58Z,Post Partita Avellino Modena Mauro Melotti 02/04/2015,25
2015-06-22T14:40:10Z,Michele Cavion Juventus 2015,2095
2015-02-10T12:16:01Z,Martin Caceres: “Il portiere con più presenze nella storia della Juve è…&quot;,2346
2015-04-03T14:37:08Z,Serie B/Avellino-Modena 1-0,88
2015-03-22T00:32:37Z,Zeman nel post partita - MI-CA 3-1,486
2015-02-03T14:49:37Z,Intervista Marco Caterini dopo il Match contro il Checco dello Scapicollo,267
2015-05-03T18:45:15Z,Modena-Carpi 1-2 - Radiocronaca di Antonello Brughini &amp; Umberto Avallone (3/5/2015) da Radiouno RAI,603
2015-04-02T21:54:37Z,Avellino-Modena 1-0 - Radiocronaca di Fabrizio Cappella (2/4/2015) da Radiouno RAI,671
