publish_date,title,view_count
2015-06-29T11:16:55Z,...tunnel +  tunnel + cucchiaio . . . .  Simone Espa,845
2015-03-11T19:42:39Z,L&#39;intervista a Simone EMMANUELLO dopo il Brescia,362
2015-05-25T17:13:46Z,Intervista a Mirko Esposito dopo l&#39;esordio in serie A,1304
2015-04-10T19:31:19Z,28-2007 Maggioni - Righi (a.s.d. Borgaro T.se 1965 vs. Sampdoria),117
2014-11-05T18:08:40Z,Romagnoli: &quot;Ci stiamo preparando come sempre&quot;,272
2015-04-11T02:01:25Z,13-1992 Maggioni - Righi,38
2015-04-10T19:31:19Z,28-2007 Maggioni - Righi (a.s.d. Borgaro T.se 1965 vs. Fiorentina),110
2015-03-22T19:28:11Z,Il commento di Simone Calvano per la sconfitta della Pistoiese,281
2015-04-12T10:32:30Z,2008-29 Maggioni-Righi (Fiorentina vs. Pro Settimo Eureka),228
2014-12-09T11:52:16Z,Under 21 &quot;Il personaggio&quot; Matteo ESPOSITO,195
2015-04-14T18:08:19Z,"Archivio Bari Calcio - Cagliari-Bari 2-1 2003-2004 Loria,Cordova,Esposito",159
2015-04-12T10:48:12Z,2008-29 Maggioni-Righi (Semifinale 1 - Empoli vs. Fiorentina),35
2015-04-11T16:53:39Z,20-1999 Maggioni - Righi (Borgaro e il Maggioni Righi),26
2015-04-10T19:31:19Z,28-2007 Maggioni - Righi (a.s.d. Borgaro T.se 1965 vs. Spartak Moscow),163
2015-02-14T18:38:31Z,Simone Bonavita...San Siro 2015,2859
2015-04-11T22:23:18Z,28-2007 Maggioni - Righi (Juventus vs. Napoli),26
2015-04-11T22:23:18Z,28-2007 Maggioni - Righi (Finale 1-2 posto) Atalanta vs. Cruzeiro,33
2015-04-22T21:23:53Z,|| Tornei FGM Soccer || Intervista a Esposito e Piccirillo - Boca Junior vs NPA,53
2015-03-19T00:10:42Z,"|| Tornei FGM Soccer || Intervista a Borrelli, Caterino e Simone -  Real Soccer vs RestoDelMondo",34
2014-08-30T18:12:09Z,Polisportiva Virtus Castelfranco Emilia - Carpi F.C.1909   1 - 2,987
2015-04-12T10:48:11Z,2008-29 Maggioni-Righi (Borgaro vs. Empoli - Interviste),26
2015-04-10T23:32:55Z,11-1990 Maggioni - Righi Story,84
2015-07-05T16:34:36Z,28-2007 Maggioni - Righi (Juventus vs. Liverpool),13
2015-04-11T21:39:26Z,2005-26 Maggioni - Righi (Finale 1-2 posto) Juventus vs. Fiorentina,33
2015-03-08T15:22:27Z,EDERA 2014,414
2015-04-11T02:41:13Z,14-1993 Maggioni - Righi,39
2015-04-11T22:23:18Z,28-2007 Maggioni - Righi (Juventus vs. Rivoli Collegno),42
2015-04-12T10:32:35Z,2008-29 Maggioni-Righi (Juventus vs. Fiorentina),194
2015-04-08T13:55:04Z,|| Tornei FGM Soccer || Intervista a Esposito e Mallardo - Boca Junior vs MC Dortmund,13
2015-04-11T00:22:58Z,11-1990 Maggioni - Righi (Premiazione e partite),54
2015-01-18T12:19:03Z,"Campionato PRIMAVERA, FIORENTINA-SPEZIA 2-1 (Chiesa, Umar, Gondo)",2364
2015-04-12T10:48:11Z,2008-29 Maggioni-Righi (Borgaro vs. Empoli),20
2015-05-20T15:04:42Z,Torneo Champions League VII Edizione: Europa League: V.Giornata: Lazio - Inter,186
2015-04-12T10:48:11Z,2008-29 Maggioni-Righi (Borgaro vs. Empoli - Interviste),19
2015-04-12T10:32:20Z,2008-29 Maggioni-Righi (Fiorentina vs. Debrecen),120
2015-07-19T23:13:24Z,Oddo: &quot;Questo Pescara mi piace&quot;,1216
2015-07-22T09:39:43Z,"Dimaro 2015, Tommaso Starace scherza con Insigne e porta il caffè a Sarri",227717
2015-02-12T15:29:16Z,UISP MAGAZINE: 80°Minuto - n°20 (102) | STAGIONE 2014/15,405
2015-04-12T10:48:12Z,2008-29 Maggioni-Righi (Atalanta vs. Borgaro),38
2015-04-22T19:08:13Z,Punto Sport 20/04/2015 23^ puntata,337
2015-04-12T10:48:11Z,2008-29 Maggioni-Righi (Torino vs. Sampdoria),23
2015-04-12T10:23:32Z,2008-29 Maggioni-Righi (Torino vs. Filadelfia Paradiso),32
2015-04-03T18:35:23Z,Silvio Baldini: &quot;L&#39;Empoli gioca il miglior calcio della Serie A&quot;,1510
2014-10-14T08:06:24Z,Torneo Champions League VI Edizione: Lazio - Salisburgo,146
2015-04-11T16:14:21Z,15-1994 Maggioni - Righi (Presentazione),19
2014-12-01T13:48:05Z,Torneo Champions League VI Edizione: VIII.Giornata: Lazio - Inter,197
2014-11-06T21:32:57Z,Interviste 1°giornata (1a Parte) | COPPA CALCIOTTO Winter 2013/2014,213
2014-11-02T16:11:05Z,REAL FORIO - CAMPANIA 2 - 2 ECCELLENZASINTESI 2 NOVEMBRE 2014,639
2014-12-28T19:08:59Z,Omar Diop : gol del portiere,412
2015-04-12T10:48:12Z,2008-29 Maggioni-Righi (Atalanta vs. Empoli),27
