publish_date,title,view_count
2014-11-23T23:00:05Z,But Bangaly-Fodé KOITA (50&#39;) / AS Monaco - SM Caen (2-2) -  (MON - SMC) / 2014-15,9540
2014-11-02T23:00:08Z,But Bangaly-Fodé KOITA (83&#39;) / FC Metz - SM Caen (3-2) -  (FCM - SMC) / 2014-15,3384
2015-01-18T23:00:07Z,Goal Bangaly-Fodé KOITA (76&#39; pen) / SM Caen - Stade de Reims (4-1) - (SMC - SdR) / 2014-15,283
2015-01-05T12:05:11Z,FOOTBALL VINE ~ Koita by NRprod,404
2014-12-14T23:00:08Z,Olympique Lyonnais - SM Caen (3-0)  - Résumé - (OL - SMC) / 2014-15,72127
2015-02-15T22:59:59Z,Paris Saint-Germain - SM Caen (2-2)  - Résumé - (PSG - SMC) / 2014-15,146624
2014-11-23T23:00:04Z,Goal Bangaly-Fodé KOITA (50&#39;) / AS Monaco - SM Caen (2-2) - (MON - SMC) / 2014-15,1050
2014-11-02T23:00:05Z,Goal Bangaly-Fodé KOITA (83&#39;) / FC Metz - SM Caen (3-2) - (FCM - SMC) / 2014-15,760
2015-01-18T23:00:03Z,But Bangaly-Fodé KOITA (76&#39; pen) / SM Caen - Stade de Reims (4-1) -  (SMC - SdR) / 2014-15,2449
2014-08-24T22:06:52Z,Stade de Reims - SM Caen (0-2) - Highlights - (SdR - SMC) / 2014-15,1940
2015-01-18T23:00:03Z,SM Caen - Stade de Reims (4-1)  - Résumé - (SMC - SdR) / 2014-15,30446
2014-08-24T22:01:12Z,Stade de Reims - SM Caen (0-2)  - Résumé - (SdR - SMC) / 2014-15,24564
2014-11-30T23:00:03Z,SM Caen - Montpellier Hérault SC (1-1)  - Résumé - (SMC - MHSC) / 2014-15,9603
2014-11-02T23:00:08Z,But Modibo MAIGA (50&#39;) / FC Metz - SM Caen (3-2) -  (FCM - SMC) / 2014-15,6769
2014-11-02T23:00:06Z,But Jean CALVE (65&#39;) / FC Metz - SM Caen (3-2) -  (FCM - SMC) / 2014-15,977
2014-11-02T23:00:07Z,But Modibo MAIGA (10&#39;) / FC Metz - SM Caen (3-2) -  (FCM - SMC) / 2014-15,1283
2015-05-24T04:02:37Z,SM Caen - Evian TG FC (3-2) - Highlights - (SMC - ETG) / 2014-15,1448
2015-05-17T02:51:48Z,SC Bastia - SM Caen (1-1)  - Résumé - (SCB - SMC) / 2014-15,10693
2014-11-02T23:00:07Z,Goal Modibo MAIGA (50&#39;) / FC Metz - SM Caen (3-2) - (FCM - SMC) / 2014-15,2383
