published-time,comment,likes
2015-07-22T16:34:52Z,Indeed,0
2015-07-22T09:33:08Z,"Shocking defending, but a tidy finish and surge forward. Lets hope he can get a few of these for the Rovers now!",7
2015-05-19T19:55:53Z,ТТТТТТТТТТТТТРРРРРРРРРРРРРРРРРРРРРРЕЕЕЕЕЕЕЕЕЕЕЕЕЕККККККККККК???????????,0
2015-01-05T12:05:34Z, #FOOTBALL   #VINE   #GOAL  ,0
2015-05-09T22:08:46Z,On renvoie la balle <3,0
2014-12-15T20:43:19Z,Bien joué LYON. Super match' .Il faut aussi  féliciter vercoutre qui a fait un grand match. Sans lui c'est 6-0. Il faut enchaîner pr retrouver la ldc,0
2014-12-15T13:13:29Z,"Lyon a enfin trouvé le successeur de Benzema, son nom, Alexandre Lacazette !",4
2014-12-15T10:08:24Z,putain la jeunesse lyonnaise...,5
2014-12-15T09:43:14Z,"""Le poteau sauve les caennais"", sur le dernier coup-franc, on voit que c'est surtout Vercoutre qui sauve les caennais d'un 4eme but en detournant la balle qui etait au ras du poteau (il l'a meme sauvé 2 fois avec son arret sur le peno)",3
2014-12-15T00:36:33Z,"Pour tout les rageux qui continué a critiqué Lyon bah voila j'espere sa vous feras taire un petit peux ! cette fois vous ne pourrez pas trouvé encore des argument pour dire que on n'a volez le match sur un penalty ou des chose comme ca ! parce que cette victoire est mérité pour avoirs vue le Match il n'y avait que 1 équipe sur le terrain, nous avons les stats nous étions trés présent dans les duels 67 de possession c'est beaucoup ^^, je salut encore la magnifique prestation de Alex Lacazette qui nous a encore sortie un trés gros match avec ce doublé, tout comme fekir qui n'a pas fini de nous etonné! Mais je salut également L'équipe de Caen et ce grand Rémy Vercoutre qui sans lui Caen aurais pus prendre encore plusse de but, mais bon j'éspere que les prochain match Vercoutre et ses partenaire se rattraprons, Allé les gones continué sur cette dynamique et faite nous encore plusse révé en battant Monaco mercredi en coupe! en plusse nous faisont une trés bonne opération au classement parce que (bordeaux perdu) (Asse match nul) (Paris perdu pour la premiére fois en ligue 1 et battu part guingamp ) puis (Marseille perdu) c'est bon pour nous la 2 eme place se raproche Allez Lyon <3!",7
2014-12-15T00:12:40Z,<3,0
2014-12-14T23:26:00Z,Enorme match,1
2014-12-14T23:16:47Z,L'OL en LDC vite !,5
2014-12-14T23:04:29Z,First super match allez l ol,1
2014-12-14T23:04:14Z,Allez l'OL <3,1
2015-07-21T17:25:51Z,Super le coup franc,0
2015-05-10T10:07:21Z,Le pire match du PSG de cette saison,1
2015-02-27T21:39:59Z,"Paris me déçoit beaucoup
",0
2015-02-25T21:41:21Z,This game is such a set up!!,0
2015-02-24T09:57:02Z,Allllllllerrr Paris,0
2015-02-22T16:05:58Z,J'ai qu'une chose a dire a tous ces commentaires qui me font bien rire ! C'est du footbal rien que du football du divertissement rien de plus ^^ Vous me faite bien marrer ! le fanatisme c'est vraiment pitoyable xD,3
2015-02-17T14:29:37Z,"ICI, Caen qui tient en echec Paris on aura tout vu 
Franchement, Honte a Paris 
ALLER CAEN",2
2015-02-16T15:22:03Z,Perso pour moi 9 contre 11 c'est pas équilibrés !5 blesser comme c beaucoup ! Et en plus le PSG joue beaucoup en se moment hier on a jouer contre Caen et demain on joue contre Chelsea c'est une blague? en sachant que Chelsea c'est entraîner depuis mercredi dernier ! C'est injuste pour le PSG vive le PSG  ,3
2015-02-16T15:14:35Z,"Heureusement autant de malchance n'arrive pas tous les jours..
Bah.. c'est bien pour le suspens dirons nous..",1
2015-02-16T14:31:21Z,"Oh putain je vois déjà les gros footix parisiens : ""ouai mé nou on na plin 2 blaissé, çé pa just ..."". Sachez qu'en début de saison quand l'OL avait son averse de blessés, les lyonnais se plaignaient des blessés et vous les parisiens étaient les premiers à dire que c'était pas une excuse et à se foutre de la gueule des lyonnais comme quoi ils cherchaient des excuses bidons pour justifier les trois revers de suite contre Toulouse, Lens, Metz.
Maintenant, les gros footix savent que les blessés ne sont pas une excuse bidon et que les lyonnais en début de saison... n'avaient pas complètement tort.
Sachez que, même si ce n'est pas un exploit resplendissant, les lyonnais ont réussi à arracher un nul contre Lorient, qui est une équipe un petit peu plus balèze que Caen... sans Gourcuff (pendant la moitié du match), sans Bisevac, sans Grenier, et sans Lacazette. D'ailleurs heureusement que Marseille, et donc, le PSG ont concédé le nul, sinon on perdait notre place de leader.
J'aimerais aussi dire que l'équipe bis lyonnaise (Lopes, Jallet, Rose, Umtiti, Bedimo, Gonalons, Mvuemba, Fekir, Tolisso, Njie, Cornet) est un tout petit peu moins balèze que l'équipe bis parisienne (Sirigu, Maxwell, Thiago Silva, David Luiz, Aurier, Verratti, Van Der Wiel, Rabiot, Lavezzi, Ibrahimovic - oui, le charlot qui se déshabille quand il met un but contre Caen -, Lucas Moura) et que les footix parisiens ne peuvent pas s'appuyer sur cette excuse autant qu'ils le veulent.
En plus, se prendre deux buts dans les 5 dernières minutes, encore plus contre Caen, encore plus si on est le PSG et qu'on a 500 millions d'euros de budget, c'est inadmissible et en plus, ça s'appelle une erreur de débutant.
Et après y en a qui dise que Paris sera champion de toute façon ^^'
La course au titre sera âpre pour vous les parisiens.
Sérieux soyez réaliste, il ne reste que 13 matchs, soit 39 points à prendre et dans les grandes équipes contre qui Lyon devra encore jouer avant la fin du championnat sont l'OM et l'ASSE. Si on fait des bons matchs contre eux, on pourra décrocher les trois points, surtout avec Lacazette qui revient dès la semaine prochaine, sinon les trois points contre les autres équipes seront quasi donnés. Lyon perdra peu, très peu de points avant la fin du championnat et Paris devra donc faire un rush près du sans-faute pour décrocher le titre, ce qui m'étonnerait vraiment, vu les performances actuelles du PSG.
De toute façon on verra bien à la fin du championnat, mais moi, j'ai ma petite idée sur le vainqueur de Ligue 1 de la saison 2014-2015.
Au revoir et ragez bien, amis footix ;-)",6
2015-02-16T14:18:28Z,"HONTE AU PSG , 500 millions de budget , des joueurs au niveau international , champions league et des fragiles avec 4 bléssés .....  MDRR ILS SONT TROP NUL PSG ( partir sans gagner ) honte international . ALLEZ MALHERBE , au moins eux ils ont le mérite",1
2015-02-16T12:32:32Z,"5 blessés durant 1 même match, ça faisait longtemps que j'avais pas vu ça.
Mais bon, un moindre mal vu les matchs nuls de Lyon et Marseille.
Game on! ",0
2015-02-16T11:49:29Z,Ronaldo et Messi ils peuvent lever leur pied haut comme ça ?,8
2015-02-16T11:17:38Z,"les marseillaises qui s'occupent plus des videos du psg que de leur propre club ça me fera toujours marrer. Jouer toutes les compétitions en ne retrouvant pas notre jeu, ça vous trou le cul, et d'être au même nombres de point en jouant de la sorte ça prouve le niveau mdr, on voit depuis plusieurs match que les mouvements sont meilleurs la fin de saison sera belle avec Lyon qui va rn'a plus rien a prouver vu la remonté, et Marseille qui commence retomber dans la facilité. Vu l'écart derrière je pense que la lutte peut être pas mal, quand on voit les confrontations direct que tous doivent encore jouer",2
2015-02-16T11:14:32Z,ici c est .....,0
2015-02-16T10:05:56Z,"Vous critiquez tous le PSG , mais le PSG joue sur tout les tableau , sur ce match , sans tout leurs blessé ils auraient sans doute pas fait le match nul. M'enfin bon , les Français vive dans la critique .. On y peut rien. Le PSG , Guingamp et Monaco sont les seuls chances de redoré le blason de la ligue 1 sur la scène européene. ",10
2015-02-16T10:01:11Z,Le bute de zlatan est normalement refuser pour pied en l air c est dangereux pour les deux défenseur et le gardien et même avec a tout les match un arbitrage favorie il font de la merde  ,16
2015-02-16T08:57:53Z,"Quel bijou de coup franc qu'a mis Bazile, en plus c'etait Sirigu en face !
Bravo à Malherbe cela permet à Lyon et à Marseille de garder de l'avance.

Et notons la main de Verratti au passage preuve que le PSG est favorisé par les arbitres !",0
2015-02-16T08:57:38Z,"Bravo pour ton but Sala mais on peut etres pour Bordeaux,St Étienne marseille Lyon ou Monaco on peut pas etres content.Ils sont vraiment pas eu de chance les pauvres.Apres demain y a PSG-CHELSEA et peut importe le club français que tu supporte tu dois les supporters demain (Si tu es pas un footix bien sur...)",4
2015-02-16T08:01:44Z,Plus jamais des parisiens sur les résumés des matchs de Marseille pour parler de l'arbitrage .(cf but de Zlatan avec pied haut 1m90 et main de Verrati ) . Après je n'ai pas vu le match donc si l'arbitre a par ailleurs désavantagé le psg je ne suis pas au courant mais je suis tout ouie .,1
2015-02-16T07:16:16Z,Le psg est un cirque zlatan il peut faire ce qu'il veut on lui dira rien le psg est soumis à ce con qui crache sur l'histoire du psg haha et en plus y'a tellement de blesses que j'ai du mal à voir comment ils peuvent s'en sortir face à chelsea bravo caen(je suis pas supporter du psg),0
2015-02-16T06:54:13Z,Bien joué Caen !,0
2015-02-16T00:52:14Z,"Cinq blessés en un match (Matuidi est sorti car il avait été touché lui aussi) c'est du jamais vu, à croire qu'on est maudit avec les blessures cette saison, sans ça on gagnait ce match. Heureusement que l'OM et l'OL ont fait nul aussi, ça nous permet de garder la première place en ligne de mire. Paris sera champion de toute façon quoi qu'il arrive, rien nous arrêtera.",10
2015-02-15T23:40:04Z,Mdr le psg...,1
2015-02-15T23:18:39Z,"Zlatan sur le premier but réclame la main du joueur Caennais, il ne va pas sur le ballon, on encaisse un but. Sur le deuxième but il fait la faute sur le joueur, Zlatan est présent dans le mur pour tenté de contrer le ballon.. Non, il ne contre rien, car i
ll ne
 saute pas ! Le Ballon passe au dessus de sa tête, on encaisse donc le deuxième but",14
2015-02-15T23:13:01Z,Bravo malherbe fo continuez comme ça,0
2015-01-26T06:06:29Z,"Great win, let's keep this momentum going and get out of relegation zone. Tres bien fait, allez Caen!!",1
2015-01-19T07:46:17Z,"Sans commentaires...
Caen mérite sa victoire malgré deux buts validés qui ne sont pas valides (le second et le quatrième) et un qui est discutable, le troisième
Malheureusement tant qu'on aura pas la vidéo on ne pourra pas éviter ce genre de buts ""fantômes"" car pour moi elle n'est pas rentrée entièrement du tout, mais bon ça c'est M.Rainville !",1
2015-01-19T06:00:43Z,Je remet pas en cause le pénalty pour Caen mais je vois pas la faute ! Si vous la voyez dites le moi m. :-),0
2014-12-19T16:46:31Z,pas sperbe,1
2014-08-26T23:28:18Z,Il est magnifique le 2 ème but O_o,0
2014-08-26T13:24:41Z,Aller reims on n'aurait du gagner mais on les enculera chez eux c'est pas grave ,0
2014-08-25T10:33:21Z,"J'ai l'impression de revoir Reims - Rennes de l'année dernière ^^
Profitez mes rémois profitez, c'est peut-être la dernière saison pour nous en Ligue 1...
Non plus sérieusement, beau match de Caen, mais Reims malgré des erreurs défensives incroyables, méritait au moins le match nul car là c'est un peu du vol, surtout 2-0
Coup franc incroyable de Diego... Même si il y avait Vercoutre dans les cages",2
2014-08-25T09:50:49Z,Vercoutre toujours aves ses poings XD,0
2014-08-25T09:27:09Z,1:02 Quel arrêt de Rémy Vercoutre !,11
2014-08-25T03:45:41Z,sweaty goal,0
2014-08-25T00:26:39Z,N golo kante,2
2014-08-24T23:05:57Z,First,0
2014-08-24T22:56:34Z,Allez Caen !♥,8
2014-12-01T08:34:47Z,Allez la Paillade!!,0
2014-11-30T23:34:07Z,Beaucoup de grosses occasions caennaises manquent :/,0
2014-11-03T09:12:31Z,Je ne vois pas la faute et encore moins le carton jaune ..,0
2015-05-17T16:52:36Z,"Dommage qu'on est fait match nul contre Caen mais cela n'est pas grave le principal c detre bien placé au classement; )
Hier Hier à Furiani il y avait une véritable ambiance de folie avec un énorme tifo, plein de fumigènes, des grands drapeaux, on chantait à fond et magnifique feu d'artifice en fin de match. Forza Bastia. Tribuna Pétrignani. BASTIA 1905 ;)",4
2015-05-17T08:58:20Z,FORZA Bastia. Uniti Vinceremu . ,1
2015-05-17T03:15:58Z,VIVE le stade malherbe de caen,7
