publish_date,title,view_count
2014-11-06T18:51:14Z,Vincent Manceau,174
2015-03-03T11:00:02Z,AJ Auxerre - Angers SCO (0-1)  - Résumé - (AJA - SCO) / 2014-15,9414
2014-10-25T22:00:02Z,Angers SCO - Clermont Foot (3-0)  - Résumé - (SCO - CF63) / 2014-15,8650
2015-01-27T11:00:08Z,Angers SCO - Stade Brestois 29 (1-2)  - Résumé - (SCO - SB29) / 2014-15,6613
2015-05-12T10:00:07Z,Angers SCO - FC Sochaux-Montbéliard (0-0)  - Résumé - (SCO - FCSM) / 2014-15,4942
2015-04-14T10:00:00Z,Angers SCO - Valenciennes FC (0-0)  - Résumé - (SCO - VAFC) / 2014-15,3811
2014-08-30T22:00:02Z,Tours FC - Angers SCO (1-2)  - Résumé - (TOURS - SCO) / 2014-15,11636
2015-05-23T22:00:00Z,Angers SCO - Nîmes Olympique (3-0)  - Résumé - (SCO - NIMES) / 2014-15,40499
2014-08-09T22:00:01Z,Angers SCO - AC Arles Avignon (2-0)  - Résumé - (SCO - ACA) / 2014-15,8480
2014-08-02T22:00:02Z,Nîmes Olympique - Angers SCO (3-2)  - Résumé - (NIMES - SCO) / 2014-15,19048
2014-11-08T23:00:07Z,Angers SCO - Dijon FCO (1-0)  - Résumé - (SCO - DFCO) / 2014-15,13368
2015-01-31T22:59:59Z,Châteauroux - Angers SCO (0-1)  - Résumé - (LBC - SCO) / 2014-15,3657
2015-04-18T22:00:00Z,Dijon FCO - Angers SCO (1-1)  - Résumé - (DFCO - SCO) / 2014-15,6049
2014-09-24T22:00:05Z,Angers SCO - AJ Auxerre (0-0)  - Résumé - (SCO - AJA) / 2014-15,2303
2014-11-22T23:00:04Z,AC Ajaccio - Angers SCO (1-1)  - Résumé - (ACAJ - SCO) / 2014-15,3722
2014-12-20T19:26:41Z,FC Sochaux-Montbéliard - Angers SCO (1-1)  - Résumé - (FCSM - SCO) / 2014-15,5197
2014-11-04T11:00:06Z,Valenciennes FC - Angers SCO (1-0)  - Résumé - (VAFC - SCO) / 2014-15,7943
2014-08-16T22:00:02Z,Stade Brestois 29 - Angers SCO (0-0)  - Résumé - (SB29 - SCO) / 2014-15,4117
2014-09-27T22:00:02Z,Chamois Niortais - Angers SCO (2-1)  - Résumé - (NIORT - SCO) / 2014-15,3631
2014-08-23T22:00:02Z,Angers SCO - Châteauroux (1-1)  - Résumé - (SCO - LBC) / 2014-15,4866
2014-09-20T22:00:02Z,Stade Lavallois - Angers SCO (3-2)  - Résumé - (LAVAL - SCO) / 2014-15,15041
2015-04-25T22:00:00Z,Angers SCO - AC Ajaccio (1-0)  - Résumé - (SCO - ACAJ) / 2014-15,4379
2015-04-29T17:56:11Z,ESTAC Troyes - Angers SCO (2-1)  - Résumé - (ESTAC - SCO) / 2014-15,12715
2015-02-07T23:00:01Z,Angers SCO - Tours FC (2-0)  - Résumé - (SCO - TOURS) / 2014-15,8991
2015-01-10T23:00:09Z,Angers SCO - AS Nancy-Lorraine (3-1)  - Résumé - (SCO - ASNL) / 2014-15,13819
2015-05-02T21:59:59Z,Angers SCO - US Orléans (2-1)  - Résumé - (SCO - USO) / 2014-15,13081
2014-10-26T10:30:01Z,Top buts 12ème journée - Ligue 2 / 2014-15,2655
2015-04-04T21:59:59Z,Clermont Foot - Angers SCO (2-0)  - Résumé - (CF63 - SCO) / 2014-15,4233
2014-12-13T23:00:02Z,US Orléans - Angers SCO (2-3)  - Résumé - (USO - SCO) / 2014-15,6789
2014-10-18T18:22:23Z,Havre AC - Angers SCO (1-0)  - Résumé - (HAC - SCO) / 2014-15,5786
2014-09-13T22:00:01Z,Angers SCO - GFC Ajaccio (2-0)  - Résumé - (SCO - GFCA) / 2014-15,7529
2015-04-18T14:59:26Z,DIJON 1 / SCO 1,200
2015-05-16T21:59:59Z,AS Nancy-Lorraine - Angers SCO (0-0)  - Résumé - (ASNL - SCO) / 2014-15,8560
2014-10-04T19:05:35Z,Angers SCO - US Créteil-Lusitanos (3-0)  - Résumé - (SCO - USCL) / 2014-15,8752
2014-11-29T23:00:06Z,Angers SCO - ESTAC Troyes (0-3)  - Résumé - (SCO - ESTAC) / 2014-15,7832
2014-10-25T16:20:56Z,Conférence de presse Angers SCO - Clermont Foot (3-0) - 2014/2015,1267
2014-12-12T23:32:36Z,réactions après Orléans SCO,271
2015-04-13T22:08:35Z,Conférence de presse Angers SCO - Valenciennes FC (0-0) - 2014/2015,972
2014-11-19T15:21:40Z,Football / Le SCO Angers n&#39;est pas concerné par les matches truqués  - 19/11,285
2015-07-03T20:59:27Z,Pierrick Capelle,2018
2014-09-12T14:55:03Z,Tennis / Coupe Davis - Tsonga : &quot;Rester humble&quot; 12/09,201
