publish_date,title,view_count
2015-05-29T18:42:44Z,Yoric Ravet 0:1 Amazing Goal | FC Zurich - Grasshoppers 29.05.2015 HD,322
2015-05-29T19:25:16Z,Yoric Ravet 3:3 Great Goal | FC Zurich - Grasshoppers 29.05.2015 HD,264
2015-05-02T23:13:53Z,FC Basel - Grasshoppers Ravet Goal,10
2015-06-11T19:26:19Z,Eddie Robinson Gets Ejected,550
2015-05-29T19:17:30Z,Caio 1:2 Amazing Goal | FC Zurich - Grasshoppers 29.05.2015 HD,609
2015-03-15T15:37:20Z,FC St. Gallen - FC Basel 1-2  Goal Calla Davide amazing 15/03/2015,74
2015-05-29T19:09:57Z,Marco Mathys 1:1 | Basel - St.Gallen 29.05.2015 HD,164
2015-04-17T17:00:33Z,Libertadores Goals of the Night: April 16th,1227
2015-07-29T20:41:26Z,Goal Davide Calla - Lech Poznan vs FC Basel - 1-3 - Champions League qualifications,313
2015-05-29T19:17:19Z,Christian Schneuwly 1:1 | FC Zurich - Grasshoppers 29.05.2015 HD,72
2014-11-01T21:08:59Z,2nd Yellow Card #2,7
2015-05-29T20:07:30Z,Amine Mohamed Chermiti 4:3 | FC Zurich - Grasshoppers 29.05.2015 HD,1528
2014-09-02T20:42:48Z,"brack.ch Fussball Arena (1. Folge, 01.09.14 )",1480
2015-05-11T05:57:12Z,1. Bundesliga Saison 2014/15 Nachbericht: 32. Spieltag,24
