published-time,comment,likes
2015-03-05T15:21:33Z,Saxol Angers magari xar :D,0
2015-03-03T18:59:03Z,dommage pour auxerre,1
2015-03-03T17:22:10Z,"au vue du match le nul est plutôt logique mais pour une fois de la réussite pour le SCO, ça rattrape les points perdus contre d'autres équipes tels que Brest.On est sur le podium c'est bien mais attention des désillusions des saisons passées, pour ça tout le monde a Jean Bouin vendredi !",2
2015-03-03T16:45:33Z,Aller le SCO,2
2015-03-03T13:38:14Z,#Ligue2 - J26 - Revivez les meilleurs moments de AJ Auxerre - Angers SCO (0-1) sur Youtube ! ,0
2015-03-03T12:42:38Z,C'est chers payé et puis quel but de chatte. Diarra zéro ! ,1
2014-12-30T12:48:06Z,allez le sco,3
2014-10-28T16:39:09Z,"#Ligue2 - Classement des buteurs - Après la 12e journée de Ligue 2, Jonathan Kodjia (Angers SCO) retrouve les commandes du classement officiel des buteurs - http://urlz.fr/QO5",6
2014-10-26T11:08:32Z,le logo de l'ASNL pour Clermont wtf?,3
2014-10-26T01:33:32Z,Vincent manceau pas marceau,7
2015-01-28T14:10:28Z,Quand on voit le nombre de tir cadré à chaque équipes et qu'on voit 3but... C'est flagrant,0
2015-01-27T20:55:10Z,Beaucoup trop d occasions qui passe a côté du cardre pour le SCO,0
2015-01-27T18:42:15Z,Ce sont les types de match que doit gagner Angers pour commencer a rever,0
2015-01-27T14:07:11Z,#Ligue2 - J21 - Revivez les meilleurs moments de Angers SCO - Stade Brestois 29 (1-2) en vidéo !,2
2015-01-27T11:36:59Z,par hasard quel qu'un connait le titre de la musique a l'entrée des joueurs ? ça fais un moment que je la cherche.,0
2015-05-16T08:51:34Z,Si tes fier detre sochalien tape dans tes main clap clap,0
2015-05-13T05:17:36Z,"Sochaux aurait dû gagner ce match c'est largement mérité le nul pour le sco c'est vraiment bien quand même car le sco à faillit perdre et que sa se trouve sa sera le point de la monter !:) bref Ekambi meilleur joueur de l'année de sur !! Pas photo ses deux dernière actions il bouffe deux défenseurs facilement surtout la dernière action d Ekambi !! :) bref allez Sochaux ! :) GO pour monter l'année prochaine !! :)
",0
2015-05-12T21:08:42Z,Belle prestations des gardiens,0
2015-05-12T18:38:49Z,affollant... il ne montre casiment aucune action du sco dans ce résumé ainsi que les 4 mains dans la surface de la part de Sochaux... bref allez le sco ;),1
2015-05-12T15:52:07Z,Aller le sco,6
2015-04-14T20:07:57Z,Regarder l'intro elle n'est pas vraiment a jour,1
2015-04-14T14:33:14Z,moulin a raison 1point c est suffisant mais y a pas intérêt à ce qu ils se plantent face à dijon sinon la ligue 1 ça va être dur . Vive Auriac (dans fifa 10 tu as joué la final de la coupe des champions titulaire et j ai gagné ^^). Je pensais que porter mon maillot suffirait à leur donner la force de gagner.,0
2015-04-14T10:07:52Z,#Ligue2 - J31 - Revivez les meilleurs moments de Angers SCO - Valenciennes FC (0-0) en vidéo !,1
2014-09-01T20:32:54Z,allez l'estac !!!,0
2014-09-01T09:06:19Z,On a plus Delort et c'est la beresina...,0
2014-09-01T08:08:53Z,Arbitre de merde,0
2014-08-31T16:55:55Z,bien le sco !!,1
2014-08-31T12:57:10Z,Allez le SCOOOOOO,0
2014-08-31T09:56:31Z,Pas Boukal Boufal mais c'est pas grave. Aller le SCO!!!!  ,4
2014-08-31T09:55:10Z,Sco allez le sco,2
2014-08-31T09:40:22Z,C'est BouFal pas BouKal,4
2014-08-31T08:43:00Z,Allez le SCO la montée ,4
2014-08-30T22:55:55Z,Le gardien du TFC est vraiment mauvais...,1
2015-07-18T11:51:28Z,Faites gaffe car les nantais vous vous defoncer la saison prochaine.,1
2015-06-07T23:30:10Z,Bravo au Sco d'Angers pour leur accession en ligue 1 l'année prochaine vous le mérité depuis l'année dernière même si c'est un peu de notre faute que vous n'êtes pas monter l'an dernier #teamsmc,4
2015-05-27T12:33:34Z,Bien joué Angers  vous l'avez mérité,5
2015-05-25T03:47:23Z,Bravo a angers pour le montée !! Et nous ça repart l'année prochaine en ligue 2 !!!,6
2015-05-24T12:53:15Z,"c'est bon ça anger en ligue 1 , vivement l'élite pour voir les derby breton et de pays de la loire ( de la part d'un supporter nantais )",8
2015-05-24T12:32:25Z,"bien jouer a anger qui meriter la montee 

de la part d'un suporter de caen",16
2015-05-24T11:54:29Z,Quand on voit que les vidéos du sco sont déjà à 1000 vue  alors que les autres sont maxi 500 vue xD c'est toujours comme ça en plus ! Nous les angevins on adore regardé les résumés !,8
2015-05-24T10:25:18Z,"Bizarre la décision pour Nimes, Soit ils ont pas truqués et tu les innocente entierement, soit ils ont truqués et la rétrogradation est plus que normale. Cette pénalité est ridicule...",6
2015-05-24T05:34:51Z,ET UN ET DEUX ET TROIS ZEROS  POPOPOPOOPPPPO A NOUS LA LUGUE 1,25
2015-05-23T23:18:56Z,LIGUE 1 !!!! ,9
2014-08-10T09:42:21Z,Allez le SCO la montée c'est pour cet année,1
2014-08-10T08:11:38Z,aller le sco !,0
2014-08-06T13:08:12Z,"2m30, il nous parle de Alaeddine Yahia ; mais si je me trompe pas, il est toujours à Lens nan ?",0
2014-08-03T19:55:29Z,"nimes vont vite se faire calmer , 3 tir 3 buts et de chatard ......",0
2014-08-03T15:13:32Z,"Maoulida se prend un jaune, arbitrage en carton !",0
2014-08-03T00:17:30Z,"Je tiens à signaler qu’après la célèbre célébration de Maoulida, l'arbitre lui a mis un carton jaune ! J'ai beau détester Nîmes, c'est inadmissible ce que fait cette ""enflure""  d'arbitre ! A ce que je vois, ils reprenaient les bonnes viellent habitude ...",6
2014-11-10T10:02:22Z,#Ligue2 - J14 - Revivez les meilleurs moments de Angers SCO - Dijon FCO (1-0) en vidéo ainsi que tous les autres résumés de la 14e journée grâce à notre chaîne officielle YouTube ! http://urlz.fr/TVQ,7
2014-11-09T11:06:41Z,"Vous aimez le foot ? Vous avez facebook ? Venez me suivre sur la pages 
Infos ligue 1 et ligue 2 
Merci et aller le sco",0
2014-11-09T10:57:10Z,Belle victoire du sco !!,1
2014-11-09T10:27:10Z,Superbe beau  but de boufal !!!!!!,4
2015-02-03T16:41:50Z,"#Ligue2 - Classement des buteurs - Jonathan Kodjia s’emballe ! 
Avec un 6e but en 4 matchs, l’attaquant d’Angers SCO compte à présent trois buts d’avance en tête du classement officiel des buteurs de Ligue 2 ! http://minilien.fr/a0nvgd",3
2015-04-24T17:14:52Z,Allez Tours !,0
2015-04-19T10:22:38Z,allez dijon,0
2014-11-23T17:02:00Z,On en parle du hors-jeu flagrant sur le but de ajacio ?? Encore un mauvais arbitre,0
2014-11-23T08:15:33Z,"allez le sco
Rendez vous contre troyes",1
2014-11-22T23:26:52Z,Pourquoi ils montrent pas le penalty oublié en fin de match ? ,0
2014-12-29T16:14:59Z,EN TANT QUE SUPPORTER DE CAEN JE TROUVE ANGERS INCROYABLE,1
2014-11-05T11:54:28Z,le match nul aurai été plus logique vu le déroulement du match .. ,0
2014-11-04T18:07:58Z,,0
2014-11-04T11:34:53Z,#Ligue2 - J13 - Revivez les meilleurs moments de Valenciennes FC - Angers SCO (1-0) en vidéo grâce à notre chaîne officielle YouTube ! ,3
2014-08-22T10:38:08Z,"C'est bien d'avoir des commentaires sur les résumés de L2 mais ça serait encore mieux s'ils étaient faits par des mecs qui savent un peu de quoi ils parlent... C'est pas Cuvillier qui tire sur les deux premières occas' brestoises, c'est Verdier.",0
2014-08-18T18:43:52Z,Allez le sco!!!,3
2014-09-27T23:21:36Z,zlatan 1er,1
2014-08-24T22:29:25Z,Allez les bleus demain clermont !,0
2014-08-24T22:09:57Z,Aller Châteauroux! on na mener 1-0 pendant un moment et on se fait rattraper en fin de match! comme souvent on peut pas garder le score et gagner a l’extérieur! putain! mes match nul pas mal quand même Aller la Berri!!,4
2014-08-23T23:23:41Z,ALLER LE SCO !!!,2
2014-12-30T19:48:17Z,ALLEZ LAVALOIS MAYENNE,1
2014-11-28T17:23:04Z,Allez Laval!,1
2014-10-29T07:14:51Z,Les lavallois ne mérite pas cette victoire !               Angers Sco <3,0
2014-09-24T13:02:40Z,FUCK LAVAL,1
2014-09-24T06:39:42Z,on les a encore bien baisé les angevins comme l'an dernier ;),7
2014-09-21T14:59:38Z,Allez Laval !,10
2014-09-21T08:14:58Z,Angers a dominé dommage :/ manque de réussite notamment avec un pénalty (encore) oublié et le poteau vraiment malchanceux...,3
2015-04-25T23:02:25Z,Tous derrière le SCO pour la monter ;),4
2015-04-25T22:32:23Z,Ça fait plais de voir équipe qui va monter en ligue 1,7
2015-05-02T20:31:36Z,Bienvenue à Troyes en Ligue 1,0
2015-04-30T18:30:16Z,"Le SCO ne veut pas monter de toute façon ... Pourtant ça serais une superbe expérience ...
Un angevin déçu..",0
2015-04-30T08:42:40Z,On est en ligue 1 !!!,1
2015-04-30T07:55:58Z,GG a Troyes pour cette remonter en ligue 1. J'aurai espérer Sochaux mais ses donc fini pour la remonter en  ligue 1,0
2015-04-29T23:04:29Z,"Bravo à Troyes pour leur saison et leur montée en Ligue 1 ! J'espère qu'on vous retrouvera l'année prochaine et qu'on retrouve le derby de la Champagne l'année prochaine
D'un ami rémois ;)",4
2015-04-29T21:20:18Z,"Merde quoi à 1-0 ,11contre10 dix il arrive à perdre. Oui leur meilleurs joueurs ne sont pas là mais je crois que les jeunes de l équipe ne se rende pas compte que c est la ligue 1 qui leur echape peu a peu",2
2015-04-29T20:11:14Z,J'étais au match et je peut vous dire que l'estac mérite sa qualification en Ligue 1.,0
2015-04-29T19:15:27Z,"bravo a Angers pour ce match  
putain dire que samedi on reçoit troyes et aller ça sera la 6 eme défaite consécutive
vite que cette putain de saison se termine , la cfa2 ca sera mieux",1
2015-04-29T18:11:55Z,Coooool,0
2015-02-09T10:52:05Z,Magic scoop !!!,0
2015-02-09T06:39:34Z,ALLER LE SCO,0
2015-02-08T13:36:54Z,ALLEZ le SCO,0
2015-01-15T19:11:28Z,je pourrais  avoir les stats du match svp (tirs et possessions de sdeux côtés) merci d'avance,0
2015-01-13T16:11:40Z,"#Ligue2 - Classement des buteurs - Grâce à un triplé contre l’ASNL, Jonathan Kodjia (Angers SCO) retrouve une place sur le podium du classement officiel des buteurs de Ligue 2 après la 19e journée - http://minilien.fr/a0nf1g",8
2015-01-12T18:04:19Z,Quelle beau but du jeune lusamba 18ans avec un énorme potentiel ,0
2015-01-12T07:24:08Z,Propre,0
2015-01-11T07:47:32Z,Belle ambiance et beau match !!!,3
2015-01-10T23:32:01Z,"Je crois que Kodjia glisse sur le penalty (?), c'est dommage si c'est le cas, encore une décision arbitrale en notre défaveur.
Bon après, 2-1 ou 3-1, ça change pas grand chose.
Bravo a Letellier et au SCO, c'est incroyable de ne pas prendre de buts sur la deuxième mi-temps.",6
2015-05-03T13:39:31Z,ca me saoule parce que l'uso a beaucoup de potentiel... bon après ils sont tranquille au vue de la relégation automatique de Nimes mais tout de même....,0
2015-05-03T09:44:43Z,Grosse saison de Angers !Bravo,3
2015-05-03T08:39:20Z,Allllerrrrrr leeeeeeeeeeeeee scoooooooooooooo mdrrrr magnifique mangani:-D:-D,5
2014-10-26T11:23:02Z,Kojia c'est le nouveau Yattara ^^,2
2015-04-05T12:51:50Z,Putain les boules c était pourtant prévut comme un victoire facile on a pas intérêt à se planter face à dijon,0
2015-06-16T00:51:22Z,"Je rêve ou a 0:48 y'a un type qui hurle ""J'BAISE TA MEEEEEERE"" ? X)",0
2014-12-29T18:18:45Z,,0
2014-12-29T18:18:33Z,ALLEZ CAEN,0
2014-12-23T12:31:16Z,Allez l'USO Bout sco :-) USO allez allez :-D ,0
2014-12-15T08:24:12Z,#Ligue2 - J17 - Retrouvez les résumés des matchs de vendredi et samedi sur la chaîne officielle YouTube !,4
2014-12-14T13:13:42Z,"On en parle du but du SCO refusé pour hors-jeu ? il est où le hors-jeu là?? Niveau positionnement, on voit qu'au moment où part le ballon le joueur n'est pas hors-jeu, et en plus c'est un joueur d'Orléans qui tape dans la balle ... Heureusement que le SCO gagne...",0
2014-12-14T09:54:17Z,Allez le SCO ,0
2014-12-14T08:16:21Z,allez le sco,0
2014-12-13T23:46:29Z,Allez USO ,0
2014-10-03T18:14:24Z,Angers...<3,1
2014-09-15T17:25:19Z,ALLEZ LE SCO <3 !,1
2014-09-14T07:06:17Z,Le sco l'année prochaine direction ligue 1,4
2014-09-13T22:32:25Z,Vive le sco,5
2015-07-22T19:11:15Z,"A cause de ce pu***** d'arbitre on monte pas!!!
J'aurai rigolé Metz descente Nancy montent.
Dans la gueules des grenats .",1
2015-07-06T16:41:07Z,Hou Angers,1
2015-05-17T21:28:09Z,Arbitre de merde !!!!,2
2015-05-17T17:01:12Z,Aller le SCO,3
2015-05-17T14:41:25Z,Je propose d’amener la facture de environ 10 000 000 d'euros à l'arbitre pour nous avoir soufflé l'argent de la montée,3
2015-05-17T10:13:42Z,Aller le sco,2
2015-05-17T09:48:33Z,Ils font vraiment chier ces arbitre de merde. Ils font mal leur boulot tte les fautes et tout... Mais va falloir faire quelque choses parce que les arbitres.,8
2015-05-16T23:02:44Z,"Nancy méritait la victoire sur ce match, mais l'arbitre en a décidé autrement.",13
2015-05-16T23:01:03Z,Léger penalty ... pas sifflet bien-sur,1
2015-05-16T22:05:49Z,"P***** ALLEZ Y!ce serai magnifique surtout en vue du match dijon-nancy allez en ligue 1 le sco,aallleeeerrrrr",3
2014-10-09T16:24:11Z,Punaise pour une fois la réussite est la ça fait plaiz ,0
2014-10-07T15:35:18Z,"#Ligue2 - Classement des buteurs - L’attaquant d’Angers SCO Jonathan Kodjia a réussi un doublé en quatre minutes contre l’USCL lors de la 10e journée, de quoi lui permettre de revenir en 2e position au classement des buteurs de Ligue 2 - http://bit.ly/1t1iLo1",0
2014-10-05T13:33:40Z,Le SCO sont les meilleurs depuis 3-4 ans ils sont au top ! ,1
2014-10-05T12:12:17Z,Créteil pouvait largement faire match nul ou même gagner ils ont just pas eu d'chance mem si ils ont eu vla d occas,0
2014-10-05T10:38:03Z,Le 1er but de Kodjia est juste superbe ! Du viol !,0
2014-10-04T21:54:20Z,A 0.12 il croit qu'on a la pas vue se gratté les couilles le gardien de creteil,0
2014-10-04T20:44:39Z,Il a rien respecté Kodja :) La dalle angevine est de retour ! Let' sco,7
2014-10-25T17:05:31Z,Bon match du sco ,2
