publish_date,title,view_count
2014-10-30T18:57:10Z,MONTAGES JOUEURS MOUSSAID SPM,96
2014-10-25T22:00:02Z,Angers SCO - Clermont Foot (3-0)  - Résumé - (SCO - CF63) / 2014-15,8650
2014-11-01T23:00:02Z,Clermont Foot - Nîmes Olympique (3-0)  - Résumé - (CF63 - NIMES) / 2014-15,3641
2014-11-08T23:00:01Z,US Orléans - Clermont Foot (2-1)  - Résumé - (USO - CF63) / 2014-15,4628
2014-10-18T18:23:08Z,Clermont Foot - AC Ajaccio (1-1)  - Résumé - (CF63 - ACAJ) / 2014-15,1923
2014-12-07T23:00:06Z,Goal Christophe MANDANNE (47&#39;) / Stade de Reims - EA Guingamp (2-3) - (SdR - EAG) / 2014-15,103
2015-05-31T00:52:19Z,GOAL: Tony Tchani heads in the opening goal for Columbus,794
2015-02-08T23:00:00Z,Goal Dorian LEVEQUE (51&#39;) / EA Guingamp - AS Monaco (1-0) - (EAG - MON) / 2014-15,217
2015-07-20T07:23:58Z,Serginho  - Best Moments,781
2014-12-14T23:00:07Z,Goal Raphaël GUERREIRO (37&#39;) / FC Lorient - FC Metz (3-1) - (FCL - FCM) / 2014-15,541
2015-05-03T22:53:25Z,EA Guingamp - Stade de Reims (2-0) - Highlights - (EAG - SdR) / 2014-15,801
2014-12-07T23:00:08Z,But Christophe MANDANNE (47&#39;) / Stade de Reims - EA Guingamp (2-3) -  (SdR - EAG) / 2014-15,950
2015-05-03T11:25:34Z,Goal Christophe MANDANNE (90&#39; +4) / EA Guingamp - Stade de Reims (2-0) - (EAG - SdR) / 2014-15,260
2014-12-04T23:00:08Z,Goal Christophe MANDANNE (62&#39;) / EA Guingamp - SM Caen (5-1) - (EAG - SMC) / 2014-15,122
2015-04-26T22:00:00Z,Goal Mathias AUTRET (86&#39;) / Olympique de Marseille - FC Lorient (3-5) - (OM - FCL) / 2014-15,277
2014-08-01T14:18:12Z,Football / Kerbrat : &quot;Tout faire pour remporter le match&quot; 01/08,282
2015-01-11T23:00:07Z,But Christophe MANDANNE (17&#39;) / EA Guingamp - RC Lens (2-0) -  (EAG - RCL) / 2014-15,1072
2014-12-07T23:00:06Z,Goal Lars JACOBSEN (33&#39;) / Stade de Reims - EA Guingamp (2-3) - (SdR - EAG) / 2014-15,8125
2014-12-04T23:00:08Z,Goal Christophe MANDANNE (4&#39;) / EA Guingamp - SM Caen (5-1) - (EAG - SMC) / 2014-15,198
2014-10-24T21:51:19Z,MONTAGES JOUEURS MOUSSAID SPM,1523
2014-12-14T23:00:08Z,But Benjamin JEANNOT (45&#39;) / FC Lorient - FC Metz (3-1) -  (FCL - FCM) / 2014-15,786
2015-04-19T22:00:00Z,But David NGOG (5&#39;) / SC Bastia - Stade de Reims (1-2) -  (SCB - SdR) / 2014-15,998
2015-01-11T23:00:06Z,Goal Christophe MANDANNE (17&#39;) / EA Guingamp - RC Lens (2-0) - (EAG - RCL) / 2014-15,129
2015-05-03T11:25:12Z,But Claudio BEAUVUE (62&#39; pen) / EA Guingamp - Stade de Reims (2-0) -  (EAG - SdR) / 2014-15,928
2014-11-06T20:18:17Z,Kell #6 Emmanuel Dennis 65yd TD pass,188
2015-05-03T08:10:21Z,Hola pendant le match Guingamp - Reims 2014/2015,357
2014-12-04T23:00:09Z,Goal Claudio BEAUVUE (61&#39; pen) / EA Guingamp - SM Caen (5-1) - (EAG - SMC) / 2014-15,109
2014-10-03T17:06:32Z,JOÃO REIS Extremo Direito Época 2013/2014,737
2015-01-25T23:00:07Z,Goal Christophe MANDANNE (69&#39;) / EA Guingamp - FC Lorient (3-2) - (EAG - FCL) / 2014-15,139
2014-12-25T01:15:45Z,EA Guingamp fédère les habitants avec ses exploits,1000
2014-08-05T15:15:49Z,Mercato Show / La fiche transfert de Ricky Van Wolfswinkel à l&#39;ASSE,1291
2014-10-06T09:55:48Z,Interview Nill De Pauw na Lokeren - Oostende 3-1,683
2015-02-16T07:40:10Z,Resumen Jornada 25. Tercera división balear 14/15 1/2,197
2015-05-03T22:56:15Z,EA Guingamp - Stade de Reims (2-0)  - Résumé - (EAG - SdR) / 2014-15,10977
2014-12-14T22:28:02Z,But guingamp-paris 1-0 14 décembre 2014,361
2014-11-10T14:31:35Z,Resumen Jornada 12. Tercera división balear 14/15,906
