published-time,comment,likes
2014-12-30T12:48:06Z,allez le sco,3
2014-10-28T16:39:09Z,"#Ligue2 - Classement des buteurs - Après la 12e journée de Ligue 2, Jonathan Kodjia (Angers SCO) retrouve les commandes du classement officiel des buteurs - http://urlz.fr/QO5",6
2014-10-26T11:08:32Z,le logo de l'ASNL pour Clermont wtf?,3
2014-10-26T01:33:32Z,Vincent manceau pas marceau,7
2014-12-21T23:36:19Z,Can't watch in the US :((,0
2014-10-19T08:37:33Z,"Oh pitain, je me suis vu en ramasseur de balle <3<3",0
2014-10-18T18:41:34Z,First,0
2015-05-31T01:38:56Z,FIRST,0
2015-07-21T10:00:20Z,"Tu veux bien mettre l entrer des joueurs
",0
2014-12-08T23:15:56Z,Beau but,0
2015-01-13T18:47:14Z,EAG <3,0
2014-12-30T20:18:11Z,Fucking great goal!!,2
2014-12-09T20:21:47Z,Rutineret lavet!,7
2014-12-09T14:29:13Z,Whats the name gf the intro song?,0
2015-05-04T16:18:59Z,on vois pas le but refuse de diallo,0
2015-05-04T13:10:10Z,"Je n'ai pas vu le match, qui était apparemment bien pauvre en occasions. Placide nous coûte la defaite encore une fois, pourtant, je le pensais meilleur en debut de saison ou en fin de saison derniere, il faut oublier ce match et tout donner a Evian, qui, malheureusement, est un spécialiste de ces matchs. Il va y avoir de l'engagement et le gagnant condamnera le perdant. #SDRenL1",0
2015-05-04T13:03:17Z,yes Guingamp est amintenu,0
2015-05-04T07:29:34Z,"Et bien, j' ai été un peu trop optimiste, hélas :/  Le prochain Reims-Evian ne s' annonce pas de tout repos, vu comment Dupraz gère ce genre de rencontre et vu notre forme actuelle...

Placide a encore fait des siennes. C' est le gardien qui fait le plus d' erreurs conduisant à un but en championnat avec Riou en sachant qu' il a joué 7 matchs en moins ""-_-"" 

Bref, l' heure n' est pas aux lamentations, il ne nous reste qu' à espérer un petit miracle face à Evian. Une victoire nous permettrait d' envisager un avenir plus serein avec 4 points d' avance, un nul nous donnerait un léger sursis, tandis qu' une défaite nous enterrerait définitivement, surtout psychologiquement.",1
2014-12-15T16:05:14Z,MAGIQUE !,0
