publish_date,title,view_count
2014-10-10T10:35:05Z,Zargo Touré,8938
2014-08-02T22:00:03Z,AJ Auxerre - Havre AC (2-0)  - Résumé - (AJA - HAC) / 2014-15,13288
2015-04-22T15:13:22Z,Havre AC - Stade Brestois 29 (1-1)  - Résumé - (HAC - SB29) / 2014-15,1676
2015-05-23T22:00:00Z,Havre AC - AJ Auxerre (2-1)  - Résumé - (HAC - AJA) / 2014-15,3493
2014-10-27T23:00:29Z,AS Nancy-Lorraine - Havre AC (2-1)  - Résumé - (ASNL - HAC) / 2014-15,10970
2014-11-29T23:00:05Z,Nîmes Olympique - Havre AC (3-3)  - Résumé - (NIMES - HAC) / 2014-15,6899
2015-05-09T22:00:00Z,Havre AC - Tours FC (0-1)  - Résumé - (HAC - TOURS) / 2014-15,3443
2014-08-09T22:00:02Z,Havre AC - GFC Ajaccio (1-1)  - Résumé - (HAC - GFCA) / 2014-15,4917
2014-12-20T23:00:03Z,Tours FC - Havre AC (3-2)  - Résumé - (TOURS - HAC) / 2014-15,6362
2014-09-20T22:00:02Z,Havre AC - ESTAC Troyes (3-2)  - Résumé - (HAC - ESTAC) / 2014-15,8833
2014-09-27T22:00:01Z,Havre AC - Dijon FCO (1-0)  - Résumé - (HAC - DFCO) / 2014-15,4424
2015-02-28T22:59:59Z,Havre AC - AC Ajaccio (2-1)  - Résumé - (HAC - ACAJ) / 2014-15,4263
2014-10-04T18:56:30Z,US Orléans - Havre AC (2-2)  - Résumé - (USO - HAC) / 2014-15,6183
2014-09-24T22:00:04Z,AC Ajaccio - Havre AC (0-1)  - Résumé - (ACAJ - HAC) / 2014-15,3259
2014-08-23T22:00:02Z,Valenciennes FC - Havre AC (0-4)  - Résumé - (VAFC - HAC) / 2014-15,14643
2015-02-21T22:59:59Z,ESTAC Troyes - Havre AC (2-2)  - Résumé - (ESTAC - HAC) / 2014-15,6391
2015-03-21T22:59:59Z,Angers SCO - Havre AC (1-0)  - Résumé - (SCO - HAC) / 2014-15,5303
2015-04-29T17:56:03Z,Havre AC - Nîmes Olympique (2-0)  - Résumé - (HAC - NIMES) / 2014-15,2735
2014-11-01T23:00:03Z,Havre AC - AC Arles Avignon (2-0)  - Résumé - (HAC - ACA) / 2014-15,3926
2015-02-14T22:59:59Z,Havre AC - Clermont Foot (3-1)  - Résumé - (HAC - CF63) / 2014-15,4718
2014-08-16T22:00:02Z,Chamois Niortais - Havre AC (1-0)  - Résumé - (NIORT - HAC) / 2014-15,3214
2014-11-08T23:00:01Z,Stade Brestois 29 - Havre AC (1-0)  - Résumé - (SB29 - HAC) / 2014-15,5489
2015-03-14T22:59:59Z,Havre AC - US Orléans (3-1)  - Résumé - (HAC - USO) / 2014-15,4513
2015-04-11T21:59:59Z,AC Arles Avignon - Havre AC (0-1)  - Résumé - (ACA - HAC) / 2014-15,1885
2015-04-25T22:00:00Z,FC Sochaux-Montbéliard - Havre AC (0-1)  - Résumé - (FCSM - HAC) / 2014-15,3837
2014-11-22T23:00:04Z,Havre AC - FC Sochaux-Montbéliard (1-1)  - Résumé - (HAC - FCSM) / 2014-15,7021
2014-08-30T22:00:01Z,Havre AC - US Créteil-Lusitanos (1-1)  - Résumé - (HAC - USCL) / 2014-15,4428
2015-05-16T22:00:00Z,Châteauroux - Havre AC (0-0)  - Résumé - (LBC - HAC) / 2014-15,1271
2015-04-04T22:00:00Z,Havre AC - AS Nancy-Lorraine (0-1)  - Résumé - (HAC - ASNL) / 2014-15,3468
2015-02-07T23:00:01Z,US Créteil-Lusitanos - Havre AC (0-0)  - Résumé - (USCL - HAC) / 2014-15,1369
2015-05-02T22:00:00Z,Stade Lavallois - Havre AC (1-1)  - Résumé - (LAVAL - HAC) / 2014-15,2839
2015-06-13T21:15:13Z,Sénégal vs Burundi (3-1) | Qualifications CAN 2017,286414
2015-02-28T18:17:34Z,Conférence de presse Havre AC - AC Ajaccio (2-1) - 2014/2015,155
2014-11-02T23:00:09Z,But Raphaël GUERREIRO (42&#39;) / FC Lorient - Paris Saint-Germain (1-2) -  (FCL - PSG) / 2014-15,12443
2015-02-08T22:59:59Z,Stade de Reims - FC Lorient (1-3) - Highlights - (SdR - FCL) / 2014-15,760
2014-12-13T21:57:46Z,Goal of Bale (1-4) Deportivo de la Coruña - Real Madrid - HD,226
2014-08-10T22:58:39Z,But Valentin LAVIGNE (87&#39;) / AS Monaco FC - FC Lorient (1-2) -  (ASM - FCL) / 2014-15,3967
2014-08-31T22:00:03Z,But Valentin LAVIGNE (80&#39;) / FC Lorient - EA Guingamp (4-0) -  (FCL - EAG) / 2014-15,1760
2015-05-03T07:00:00Z,Les extras de Lorient-Bordeaux,251
2014-08-13T12:56:56Z,Le flash de mercredi 13 août 2014,311
