publish_date,title,view_count
2015-03-10T11:00:00Z,Stade Brestois 29 - Châteauroux (3-0)  - Résumé - (SB29 - LBC) / 2014-15,5085
2014-09-28T22:00:02Z,Montpellier Hérault SC - EA Guingamp (2-1) - Highlights - (MHSC - EAG) / 2014-15,1536
2014-09-28T23:18:34Z,Highlights : Week 8 / 2014-2015,3883
2014-09-27T22:00:01Z,Châteauroux - Stade Brestois 29 (1-1)  - Résumé - (LBC - SB29) / 2014-15,2471
2015-04-22T15:13:22Z,Havre AC - Stade Brestois 29 (1-1)  - Résumé - (HAC - SB29) / 2014-15,1676
2014-08-17T22:00:03Z,RC Lens - EA Guingamp (0-1) - Highlights - (RCL - EAG) / 2014-15,2503
2015-05-24T03:05:49Z,AS Saint-Etienne - EA Guingamp (2-1) - Highlights - (ASSE - EAG) / 2014-15,2662
2014-08-24T22:06:44Z,EA Guingamp - Olympique de Marseille (0-1) - Highlights - (EAG - OM) / 2014-15,4436
2014-09-14T22:00:03Z,EA Guingamp - Girondins de Bordeaux (2-1) - Highlights - (EAG - GdB) / 2014-15,1825
2014-10-07T10:00:04Z,Stade Brestois 29 - Tours FC (2-0)  - Résumé - (SB29 - TOURS) / 2014-15,6216
2015-04-25T21:59:59Z,Stade Brestois 29 - Valenciennes FC (1-0)  - Résumé - (SB29 - VAFC) / 2014-15,3245
2014-08-10T22:00:03Z,EA Guingamp - AS Saint-Etienne (0-2) - Highlights - (EAG - ASSE) / 2014-15,4305
2014-08-31T22:00:03Z,FC Lorient - EA Guingamp (4-0) - Highlights - (FCL - EAG) / 2014-15,1985
2014-09-25T22:00:04Z,EA Guingamp - FC Metz (0-1) - Highlights - (EAG - FCM) / 2014-15,1161
2014-10-18T18:23:28Z,Stade Lavallois - Stade Brestois 29 (2-2)  - Résumé - (LAVAL - SB29) / 2014-15,6852
2014-09-28T22:00:04Z,Montpellier Hérault SC - EA Guingamp (2-1)  - Résumé - (MHSC - EAG) / 2014-15,14231
2014-09-30T15:40:11Z,Top buts 9ème journée - Ligue 2 / 2014-15,1451
2015-05-24T04:35:05Z,AS Saint-Etienne - EA Guingamp (2-1)  - Résumé - (ASSE - EAG) / 2014-15,33857
2014-09-28T22:50:28Z,Résumé de la 8ème journée - Ligue 1 / 2014-15,82894
2014-08-24T22:00:03Z,EA Guingamp - Olympique de Marseille (0-1)  - Résumé - (EAG - OM) / 2014-15,53569
2014-08-17T22:00:03Z,RC Lens - EA Guingamp (0-1)  - Résumé - (RCL - EAG) / 2014-15,25920
2014-09-24T22:00:05Z,FC Sochaux-Montbéliard - Stade Brestois 29 (0-0)  - Résumé - (FCSM - SB29) / 2014-15,2041
2014-08-31T22:00:06Z,FC Lorient - EA Guingamp (4-0)  - Résumé - (FCL - EAG) / 2014-15,31211
2015-03-14T22:59:59Z,Tours FC - Stade Brestois 29 (1-1)  - Résumé - (TOURS - SB29) / 2014-15,3557
2014-08-10T22:00:04Z,EA Guingamp - AS Saint-Etienne (0-2)  - Résumé - (EAG - ASSE) / 2014-15,41047
2014-09-14T22:00:03Z,EA Guingamp - Girondins de Bordeaux (2-1)  - Résumé - (EAG - GdB) / 2014-15,21920
2014-09-25T22:00:04Z,EA Guingamp - FC Metz (0-1)  - Résumé - (EAG - FCM) / 2014-15,10430
2014-09-27T16:54:39Z,Conférence de presse Châteauroux - Stade Brestois 29 (1-1) - 2014/2015,193
2015-03-09T22:53:03Z,Conférence de presse Stade Brestois 29 - Châteauroux (3-0) - 2014/2015,228
2014-11-13T10:45:51Z,6   Djakaridja Koné,417
2015-05-10T22:00:00Z,Goal Gaël DANIC (78&#39;) / Stade Rennais FC - SC Bastia (0-1) - (SRFC - SCB) / 2014-15,108
2015-02-17T01:27:09Z,Trabzonspor 2-3 Sivasspor Kaleci Ertuğrul&#39;un Kafası Yarıldı 10.02.2015,4358
2015-07-16T22:16:03Z,En route pour la saison 2015/2016 avec Estac/Actus ! [HD],375
2014-08-17T22:00:02Z,Goal Jordan VERETOUT (2&#39;) / FC Metz - FC Nantes (1-1) - (FCM - FCN) / 2014-15,418
2014-11-19T00:17:05Z,Football / Gignac agacé par une question sur l’affaire des transferts de l’OM - 18/11,1385
2014-12-04T19:54:15Z,Gancev Goran Bahrain Premiere League 2014,434
2015-05-19T19:22:43Z,Sivasspor - 1 | Galatasaray - 0 | Gol: Batuhan - atv,11371
2015-06-06T09:24:28Z,Juninho Potiguar Atacante 2014/2015,261
2015-01-29T09:38:25Z,Tour de chauffe avec Thomas Ayasse,1124
2014-11-18T17:54:55Z,Football / Affaire des transferts de l&#39;OM : les réactions depuis Marseille - 18/11,223
2014-12-24T09:27:43Z,Sivasspor&#39;da görevine başlayan tecrübeli teknik adam Sergen Yalçın&#39;dan ilk tespitler,422
2015-01-04T03:52:50Z,Sergen Yalçın - En Az 4 Transfer Yapacağız.. (01.01.2015),862
