published-time,comment,likes
2015-03-10T14:01:54Z,"Et ACA-AJA, c'est en option !?",0
2015-03-10T11:10:32Z,#Ligue2 - J27 - Revivez les meilleurs moments de Stade Brestois 29 - Châteauroux (3-0) sur Youtube ! ,3
2014-09-30T13:07:30Z,"i like this vid, keep it up!!! :)",0
2014-09-29T03:08:03Z,Nice vid!,0
2015-04-22T17:32:13Z,"Avec le but du Havre, c'est mieux... ;)",1
2015-01-09T17:21:54Z,Allez Brest ,0
2014-10-08T20:40:24Z,"match équilibré, ca se joue sur les goals, un en forme et un qui a été nul.",1
2014-10-07T15:03:13Z,Il on pas montrer la coupure de courant pendant le match mdr,0
2014-10-07T13:58:42Z,Mdr le but entre les jambes.,0
2014-10-07T13:03:10Z,#Ligue2 - Revivez les meilleurs moments de Stade Brestois 29 - Tours FC (2-0) en vidéo grâce à notre chaîne officielle YouTube ! ,1
2015-04-26T09:24:46Z,"ALLEZ BREST ALLEZ ALLEZ BREST ALLEZ ALLEZ...
J'Y CROIS A FOND POUR BREST ! Super résumé et le but de pelé est vraiment bien joué ! ICI C'EST BREST !!!",1
2014-12-10T14:30:38Z,"Aller Laval ses les meilleur
",1
2014-12-03T13:20:13Z,Méchant le but de robic...,0
2014-10-18T20:13:28Z,dommage que les lavallois ont réagi si tardivement,0
2014-10-18T20:07:38Z,"Bravo les tangos, on se voit la semaine prochaine à Sochaux !!!",1
2014-09-29T16:21:46Z,"Franchement le mhsc il sont leader au classement fair play et 7 ème du championnat pas beaucoup de but marqué et très peu de but encaissé bref.forza Montpellier

",2
2014-09-29T08:45:55Z,"La chose la plus importante qu'ait apportée Courbis selon moi, c'est que Montpellier ne prend presque plus de cartons. Ça change de l'année dernière.",0
2015-06-13T19:05:06Z,Moi je veux que l'ASSE continu et garde max-alain gradel  et que Christophe Galtier reste'?merci les stéphanois,0
2015-05-30T10:40:53Z,ALLER L'OL,0
2015-05-30T07:14:38Z,"Tout ceux qui aime le foot peuvent s'abonner a ma chaine
",0
2015-05-25T17:49:59Z,C' était une ambiance de fou!! Liberté pour les ultras !! ✅🏆💚,2
2015-05-25T13:28:57Z,notre 3eme panthère après alex et gromis ^^,0
2015-05-24T09:59:33Z,Sans déconner ils ne parlent même pas de l'ambiance ... Pourtant c'était quelque chose mais bon. ,0
2015-05-24T09:43:34Z,et un peno d' oublié sur gradel sinon le score aurait été plus sévère alors que d' autres clubs de merde ont des penos pour moins que ça pour finir sur le podium. suivez mon regard....,1
2015-05-24T07:55:53Z,"Zlatan a dit :""c est pas la saison qui a été compliquée mais Zlatan qui a été blessé ! """,3
2015-05-24T07:52:09Z,"( avis d'un supporter emblématique de l'OM et de l'OL qui a sucessivement supporté ces deux clubs cette saison  )

Bravo à paris, vous nous avez tout simplement bouffé..
Très honnetement, malgré tous ce qu'on vous dit, on vous envie ici à Lyon et à Marseille, mais ce n'est pas pour autant que je vais supporter ce grand club qu'est Paris ( une histoire, un palmares et des records ).
Sinon, on fait aussi la fête ici, on se réjouit de notre titre de champion d'automne à Marseille et de notre beau titre à Lyon, enfin non, notre qualification puisque nous n'avons encore rien gagné cette année.
Mais bon c'est comme ca, nous n'avons que 140M de budget chacun, nous ne pouvons pas rivaliser face à des clubs tels que Grenoble ou l'Astra avec un match par semaine durant toute une saison ...
Encore bravo !!

PS : mettez un logo de Paris comme moi pour féliciter peut etre, la plus grande équipe française depuis plusieurs décennies !!",6
2015-05-24T07:34:12Z,Bien joué les verts ! Dommage que Monaco et Marseille ont aussi gagné,3
2014-10-10T21:42:35Z,Bouh ils se sont trompés dans la description ils ont mis marseille St. Etienne 2-0 alors que c'est 2-1,0
2014-10-08T18:12:50Z,J'ai le maillot de Marseille et j'ai mon nom derrière et le numéro 2 aussi j'espère que quand je serais grand ce sera pareil mais fans le stade vélodrome et je serais footballeur pro,1
2014-09-30T10:44:06Z,N'empeche Monaco 10 points Je dirais bien qu'est ce qui se passe mais j'en ai rien a foutre ALLER L'OL,2
2014-09-30T01:32:43Z,meilleur but de la 8eme journée 0:50,1
2014-09-29T18:55:10Z,allez lom,1
2014-09-29T12:26:00Z,"Nantes méritait vraiment la victoire avec toutes ces occas, il faudrait vraiment un finisseur",0
2014-09-29T10:54:44Z,Bravo les Croix de Savoie !!,1
2014-09-29T08:17:34Z,"#Ligue1 - Revivez les meilleurs moments de la 8ème journée de Ligue 1 en vidéo sur la chaîne officielle YouTube ! Supporters, quels faits marquants retiendrez-vous ?",15
2014-09-29T05:49:42Z,"Pour vous, quel ont etait les 3 meilleurs joueurs et les 2 meilleurs gardiens lors de cette 8eme journée ?",1
2014-09-29T02:41:49Z,Alors vous acheter Fifa pigeon 15,0
2014-09-28T23:24:15Z,l'ow c bielsa @fuck l'om,0
2014-09-28T23:04:51Z,Superbe but de Camara je trouve :),5
2014-09-28T23:02:45Z,qui pour une partie $$$$$$$$,0
2014-09-28T23:01:19Z,First,0
2015-06-03T22:25:29Z,MAGNIFIQUE BUT,0
2014-09-04T16:48:00Z,Vive l om,0
2014-08-28T22:18:20Z,Forza OM ! ,1
2014-08-28T12:23:11Z,Aller l'om,0
2014-08-26T15:52:00Z,La reprise de gignac me fait penser a celle de forlan lors de la cdm  2010,1
2014-08-25T16:33:06Z,On n'est contre Nice nos va gagner allez OM,2
2014-08-25T16:12:02Z,Paris sans zlatan il sont rien alors que nous sans valbuena on arrive quand même a gagné même si il nous manque ALLER L'OM ,6
2014-08-25T11:32:08Z,Bonne premiere mi-temps et beau but,2
2014-08-25T09:42:35Z,allez l om,2
2014-08-25T09:03:57Z,beau but de Gignac mais il ne m'hérité pas forcement de gagné,0
2014-08-25T08:47:11Z,paris nul!!!,2
2014-08-25T08:45:46Z,ESperons que ca va senchainer,2
2014-08-25T01:02:01Z,Allez Paris !,0
2014-08-24T22:17:32Z,But de gignac magnifique allez l'om,2
2014-08-24T22:17:22Z,Allez l'OM ,3
2015-02-27T11:50:26Z,Beaucoup de chance lens meritait de gagner,0
2014-08-25T16:04:42Z,tien  sur la position hors jeu   les  arbitres siffle plus !!!,0
2014-08-19T12:09:42Z,Tg c l'om qui va niquer les merdeux de guigamps,0
2014-08-18T19:54:32Z,#Hold up,0
2014-08-18T19:53:46Z,Bien sur .. #Hold up ! Sange.et.OR,0
2014-08-18T09:30:28Z,guingamp marque dans les arrets de jeu pas capable de marquer avant c tout il on eu de la chatte ses guingampers,0
2014-08-18T09:15:03Z,on va niquer L'OM ALLER GUINGAMP,2
2014-08-18T08:27:40Z,Vive Guingamp ! On va les niquer l'OM la semaine prochaine!!!,1
2014-08-17T23:32:48Z,le coup parfait le coup volé ouai,0
2014-08-17T22:25:08Z,FUCK. aller Lens,0
2014-09-27T08:23:40Z,#teamfcsm,0
2014-09-25T17:27:47Z,Allez Sochaux!,0
2014-09-25T08:55:52Z,#Ligue2 - 8e journée - Tous les résumés des rencontres de la 8e journée sur la chaîne Youtube ! https://www.youtube.com/user/ligue2fr/videos,3
2014-09-25T06:58:02Z,ICI C EST BREST ,1
2014-10-28T19:44:14Z,sa c'est du jeux,1
2014-09-06T07:59:56Z, #LorientForEver  ,2
2014-09-01T00:43:01Z,LE CHAMPIONNAT FRANÇAIS C'EST DE LA MERDE ,0
2014-08-31T22:26:02Z,Que des PES.,0
2014-08-31T22:20:11Z,Beau match :D,2
2014-08-31T22:20:06Z,Même à 4-0 les supporters Guingampais mettaient plus d'ambiance.. Bref gros match de merde avec une bonne équipe de Lorient enfin on peut surtout dire qu'on est pas au niveaux depuis le début.. Allez Guingamp et bravo aux Merlus! ,1
2015-03-17T15:20:36Z,"#Ligue2 - Classement des buteurs - Le podium pour Youssef Adnane !
Auteur d’une splendide frappe face à son ancien club, Youssef Adnane (Stade Brestois) monte sur le podium du classement officiel des buteurs de Ligue 2 après la 28e journée - http://www.lfp.fr/ligue2/article/le-podium-pour-youssef-adnane.htm",1
2015-03-16T11:05:28Z,#Ligue2 - J28 - Retrouvez tous les résumés des matchs du week-end sur la chaîne officielle YouTube !,3
2015-03-16T06:37:15Z,"On est 4 autour d'adnane, personne le tacle, il frappe tranquille....vraiment une equipe de branque cette saison.",0
2015-03-15T19:08:52Z,"Adnane n'était pas titulaire, n'importe quoi le commentateur...",0
2015-03-15T17:22:14Z,Adnane titulaire ??????????,0
2015-03-15T10:50:41Z,Aller Brest NE VOUS DÉCOURAGER PAS ON PEUT ENCORE Y CROIRE À LA LIGUE 1,0
2014-08-17T11:23:40Z,allez l'asse une 2 eme victoire se soir a 17h !!!!,0
2014-08-13T07:12:46Z,guingamp meritait le nul,0
2014-08-11T18:41:55Z,Votre équipe préfèrer ?,0
2014-08-11T12:57:01Z,ALV !!!,4
2014-08-11T06:40:24Z,bravo Erding pour tes doubler surtout ton deuxième but allez st-etienne !!! ,0
2014-08-10T23:28:33Z,Allez GUINGAMP !,0
2014-08-10T23:24:18Z,Mdr Mathis tu es le first de la saison :p,0
2014-08-10T22:12:34Z,Très bonne video !!! ALV <3 ( first) ,5
2014-09-17T11:17:15Z,J'adore le cri de Jocelyn Gourvennec à la fin !! ;),0
2014-09-15T19:18:00Z,Nn je suis pas d'accord bordeaux mérite de gagner diabaté se fait tirer le maillot pas de penalty et guingamp s'himuler,0
2014-09-15T19:13:12Z,ici ses guingamp  aimer cette page sur facebook pour nous suivre  https://www.facebook.com/quentin22290?fref=nf,0
2014-09-15T15:42:42Z,"bravo Guingamp victoire trop mériter!
toujours  aussi fière de porter nos couleurs!<3",2
2014-09-15T15:34:30Z,"bravo eag fier des miens
 ",0
2014-09-14T23:44:26Z,"Match à oublier pour les Girondins. 
Un changement de système très mal venu face à une belle équipe Guingampaise dos au mur.
Va falloir rattraper tout ça contre Evian à domicile.",1
2014-09-28T10:41:34Z,jolie but,0
2014-09-26T18:28:32Z,C'est qui les meilleurs ? Ba c'est Metz ! ,1
2014-11-19T11:40:07Z,"Sincèrement je peux le comprendre,les journalistes ne veulent parler que de ça
En plus il n y est pour rien,c est aux dirigeants de parler pas à lui!",0
2014-11-19T06:05:07Z,"Il est sérieux ! Si il veut pas répondre il le dit, il a pas à réagir comme ça :/",0
2015-01-07T17:24:24Z,Carlos bu sene dikiş tutturamadı.,0
2015-01-07T17:23:12Z,"sergen iyi hoca ama bi sorunu var, aynı bülent korkmaz gibi en ufak bir şeyde görevi bırakıyor, bu kadar çıtkırıldım olmayın be :-(((",4
