published-time,comment,likes
2014-10-24T08:56:53Z,"allez Sochaux !!! sa sens bon la ligue 1 !!!! bonne continuation et faux faire sa a domicile la ( le dernier but est magnifique )
=D",0
2014-10-20T17:13:37Z,magnifique le dernier but de Sochaux!! :),1
2014-10-20T12:56:10Z,"sochaux en ligue1 l'anner prochaine et ceux qui vont commencer a revenir au stade parceque sa va mieux a sochaux , faut pas les soutenirs que quand ca va mais aussi quand ca va pas alez sochaux!!!!!",0
2014-10-20T09:22:46Z,Vive sochaux,0
2014-10-19T20:23:10Z,Je suis sochalien mais je suis parti à l'étranger pour les vacances. Pas moyen de regarder le match ?,0
2014-10-19T06:34:26Z,"Sochaux en ligue 1 l'année prochaine :
Mes potes répondent non
Moi je réponds si !
ALLER SOCHAUX !!!!!! ;-) ",3
2014-10-18T22:22:03Z,Allez Sochaux!!!,0
2014-12-30T07:33:06Z,A la base y a pas penalty pour Châteauroux,0
2014-12-24T00:08:01Z,Il a l'air pas mauvais Philippoteaux.,0
2014-12-23T10:28:49Z,"Il n'y a pas penalty , honteu une faute d'arbitrage qui coute la place de leader au DFCO !!",0
2014-12-22T09:20:25Z,Je suis désolé il n'y a pas penalty ...,0
2014-12-22T07:04:54Z,Allez Dijon !!!!!!!!!!!! <3 Meilleures equipe d'autonne on vous aime !!!!!!!,0
2014-10-26T08:01:48Z,Gagner non volé grâce a un hors jeu oui,0
2014-10-26T07:12:52Z,Putain ouais une victoire ça fait plaiz !!!,1
2014-10-25T23:16:04Z,Enfinnn!!!!!!,0
2014-10-25T22:15:04Z,On a gagné !,0
2014-11-23T09:57:35Z,"Gragnic en forme, s'il n'avait pas était blessé en début de saison on n'aurait pu prendre d’avantage de points. Y'a pas possibilité de nous faire voire le but de Châteauroux sous un autre angle ? On voit pas vraiment sur la vidéo et on ne peut pas vraiment se fier aux arbitres...",0
2015-01-08T16:54:21Z,ALLEZ BREST,0
2014-10-23T07:56:53Z,"les but sont plus beau qu'en ligue 1 , y'a pas un problème ?",0
2014-10-20T08:19:03Z,Magnifique but de Robic!,0
2014-10-18T19:18:45Z,Whoa,0
2014-08-10T07:21:39Z,C'est qui ce Sec.Normalement l'avent centre c'est Marcel Essombe...,3
2014-12-30T18:51:38Z,"Gregory Thil apres une superbe saison 2013-2014 à Dijon il en fera une a la berrichonne de Châteauroux
Allez Chateraux et bonne chance à: Nestor, Houtondji,Roudet",2
2014-08-23T05:20:30Z,"la region centre est a l'honneur en ligue 2 Chateauroux,Tours,Orléans",3
2014-08-20T11:30:44Z,"#Ligue2 - Classement des buteurs - Après un 3e but lors de la 3e journée, Idriss Saadi (Clermont Foot) figure en tête du classement officiel des buteurs de Ligue 2. http://bit.ly/1oNzN6t",4
2014-08-18T08:06:51Z,"Bravo la berri !!!
",0
2014-08-16T22:56:36Z,Encore un bon gardien sur ce match ...,0
2014-08-16T22:16:57Z,Allez Châteauroux !!!,6
2015-04-26T10:37:55Z,ca sera plus facile contre paris xD,0
2015-04-25T22:45:43Z,Pff l'AJA aurait mériter de gagner,2
2015-01-11T14:28:05Z,"Le stade du Havre fait trop pitié, y'a personne !!!!!",0
2015-04-19T11:52:42Z,Comment châteauroux mérite au moins un nul...dégouté,1
2014-10-26T11:23:02Z,Kojia c'est le nouveau Yattara ^^,2
2014-12-02T13:44:44Z,On aurais pu faire un résumé des 15 ballons envoyés en tribune par les valenciennois !,0
2014-12-01T10:08:51Z,#Ligue2 - J16 - Retrouvez tous les résumés des matchs de vendredi et samedi sur la chaîne officielle YouTube Ligue 2 !,2
2014-11-30T14:22:06Z,"Enfin une victoire à l'extérieur pour les Chamois, qu'elle fait du bien celle-là. Dommage pour l'ancien de la maison, Pascal Gastien, car Châteauroux avait toutes les occases pour plier le match, mais Niort en avait aussi, comme ce but d'Adama Ba juste avant la mi-temps ou cet incroyable raté de Jimmy Roye (qui était tout seul face au but vide, soulignons-le) en seconde période. Bon match, et espérons pour les deux équipes qu'elles se maintiennent en Ligue 2. ALLEZ CHAMOIS, tout de même.",0
2014-11-12T09:18:14Z,#Ligue2 - J14 - Revivez les résumés des matches de la 14ème journée de Ligue 2 grâce à notre chaîne officielle YouTube !,2
2014-11-10T16:46:04Z,il est ou le but de chateroux MDR ,0
2014-11-09T21:56:19Z,ca fait plusieurs buts qu'il zappent depuis le début de saison c'est du n'importe quoi cette année...,0
2014-11-09T13:04:45Z,"MDR, le cadreur est une merde et en plus on voit pas le but de Châteauroux XD
Laval méritait largement de gagner les 3 pts sur ce match.",1
2014-11-09T08:37:31Z,On peut apprécier le superbe but de Châteauroux merci,0
2014-11-09T08:19:30Z,le but de Châteauroux?,1
2014-11-09T00:36:11Z,Mais il manque 1 but là ?,0
2014-11-12T16:04:13Z,#Ligue2 - Classement des passeurs - Benjamin Nivet (ESTAC) a vu revenir à sa hauteur le duo de passeurs Johan Cavalli (ACA)-Loïc Puyo (USO) après la 14e journée de Ligue 2 - http://urlz.fr/Uy7,0
2014-11-12T13:10:40Z,Gragnic en forme après sa blessure !! allez Auxerre !!,0
2014-11-11T09:49:57Z,Tours auxerre = 100 personnes au match,0
2014-11-11T09:48:24Z,"quel but de Boufal 
ALLEZ LE SCO ",0
2014-11-09T17:52:15Z,LE BUT DE GIMBERT ??? ,0
2014-11-09T17:37:23Z,aller le sco ! magnifique but faut enchainer les résultats maintenant !,0
2014-11-09T15:42:09Z,Superbe but de sofiane Boufal ! ALLEZ LE SCO!!!!!,1
2014-11-09T14:30:39Z,Quelle but de Sofiane Boufal ! Allez le SCO,2
2014-11-09T12:53:46Z,"C'est moi où il y a plus d'ambiance pour le but du SCO,",1
2014-11-09T11:09:16Z,"Vous aimez le foot ? Vous avez facebook ? Venz aime m'as pages 
Info ligue 1 et ligue 2 
Et aller le sco",0
2014-11-09T10:50:36Z,Premier commentaire et un but extrait de sofiane aller angers aller nantes meme si nantes est en ligue 1,1
2014-11-03T14:50:44Z,c quoi ce stade mdr,0
