publish_date,title,view_count
2014-10-14T10:35:24Z,Terence Makengo super goal,204
2014-10-18T18:19:40Z,Châteauroux - FC Sochaux-Montbéliard (1-4)  - Résumé - (LBC - FCSM) / 2014-15,10131
2014-12-20T23:00:04Z,Châteauroux - Dijon FCO (1-1)  - Résumé - (LBC - DFCO) / 2014-15,2507
2014-09-13T22:00:01Z,AC Ajaccio - Châteauroux (1-1)  - Résumé - (ACAJ - LBC) / 2014-15,2790
2014-10-25T22:00:07Z,Châteauroux - Tours FC (2-1)  - Résumé - (LBC - TOURS) / 2014-15,4951
2014-11-22T23:00:05Z,AJ Auxerre - Châteauroux (3-1)  - Résumé - (AJA - LBC) / 2014-15,5541
2014-10-18T18:21:14Z,Top buts 11ème journée - Ligue 2 / 2014-15,6858
2014-08-09T22:00:01Z,US Créteil-Lusitanos - Châteauroux (3-0)  - Résumé - (USCL - LBC) / 2014-15,9923
2014-08-16T22:00:02Z,Châteauroux - Clermont Foot (3-2)  - Résumé - (LBC - CF63) / 2014-15,7888
2015-04-25T22:00:00Z,Châteauroux - AJ Auxerre (2-1)  - Résumé - (LBC - AJA) / 2014-15,3986
2015-01-10T23:00:08Z,Havre AC - Châteauroux (1-1)  - Résumé - (HAC - LBC) / 2014-15,2130
2015-04-18T21:59:59Z,Stade Lavallois - Châteauroux (1-0)  - Résumé - (LAVAL - LBC) / 2014-15,2277
2014-10-26T10:30:01Z,Top buts 12ème journée - Ligue 2 / 2014-15,2655
2014-11-29T23:00:06Z,Châteauroux - Chamois Niortais (0-1)  - Résumé - (LBC - NIORT) / 2014-15,2025
2014-11-08T23:00:07Z,Châteauroux - Stade Lavallois (1-1)  - Résumé - (LBC - LAVAL) / 2014-15,4782
2014-09-16T10:00:04Z,Top buts 6ème journée - Ligue 2 / 2014-15,1239
2014-10-17T14:38:11Z,CHATEAUROUX - SOCHAUX   1-4,524
2014-11-07T20:25:17Z,CHATEAUROUX   LAVAL  1-1,196
2014-11-09T10:30:02Z,Top buts 14ème journée - Ligue 2 / 2014-15,5338
2014-11-01T23:00:04Z,GFC Ajaccio - Châteauroux (1-0)  - Résumé - (GFCA - LBC) / 2014-15,2204
2014-10-18T16:59:39Z,Conférence de presse Châteauroux - FC Sochaux-Montbéliard (1-4) - 2014/2015,464
2014-09-13T17:56:13Z,Conférence de presse AC Ajaccio - Châteauroux (1-1) - 2014/2015,206
2014-10-25T16:13:51Z,Conférence de presse Châteauroux - Tours FC (2-1) - 2014/2015,229
2014-11-08T19:54:55Z,Conférence de presse Châteauroux - Stade Lavallois (1-1) - 2014/2015,233
2015-01-30T21:51:01Z,Déclaration de Mickael Chrétien Basser,236
