published-time,comment,likes
2015-04-26T14:22:28Z,First,0
2015-04-25T23:53:29Z,Jeu en triangle avec l'arbitre !,1
2015-02-10T17:05:11Z,Les deux équipes les plus chèvres du championnat en duel!!! ,0
2015-02-08T14:55:00Z,Kenny Lala la grosse chevre,0
2015-02-08T08:49:45Z,Valenciennes se retrouvera en national à la prochaine saison,0
2015-02-08T08:46:52Z,Valenciennois le roi des nuls de chez nuls.,0
2015-02-08T01:43:28Z,ptdrr le ont est chez nous des ultra auxerre a la fin du match on les entend vers les 3min30 ^^ ,1
2015-02-08T01:39:12Z,Allez auxerre prochain rendez-vous vs troyes ,2
2015-02-08T00:06:29Z,On va les enculer troyes allez courage on va remonter,1
2015-02-07T23:45:19Z,"On remonte tranquillement
#TeamAJA",1
2015-04-11T10:37:56Z,ouf fallait le gagner celui _ là on s'est encore compliqué la tache pour rien .,0
2015-03-10T20:14:17Z,Pas mal l'arbitrage ... Sinon avant sa la défense de l'ACA parait moyenne,0
2015-01-04T11:52:26Z,"AUXERRE C DE LA MERDE
ALLEZ L ACA",0
2014-09-28T18:40:21Z,pk manifester sa colère en arrachant le poteau de corner ?? Pour faire comme les meilleur du football ? c'est pas gagner... --',0
2014-09-27T23:14:57Z,heureusement pour moi qu il a gagne j ai parié 150€ dessus avec une cote a 2💰💰💰💰💰💰,2
2015-04-26T10:37:55Z,ca sera plus facile contre paris xD,0
2015-04-25T22:45:43Z,Pff l'AJA aurait mériter de gagner,2
2015-02-23T12:54:05Z,"Aller l Aja
",0
2014-09-19T17:40:41Z,cher vous?! Le haut du parcage même pas rempli mdrr nous quand ont bien cher vous ont est cher nous le haut et bas est Troyens ;),0
2014-09-18T18:21:27Z,(5mn) Auxerrooooiiiiss auxerois auxerrois allez allez !!! Ultrat Auxerre !! sinon y a des ultrat a troyes ? ,3
2014-09-17T12:21:05Z,Il faut revoir la défense à Troyes...,1
2014-09-16T11:03:57Z,#Ligue2 - Revivez les meilleurs moments de ESTAC Troyes - AJ Auxerre (1-2) en vidéo.,6
2015-01-26T08:23:37Z,#Ligue2 - J21 - Retrouvez les résumés des matchs du week-end sur la chaîne officielle Youtube !,2
2015-01-25T23:20:19Z,Il a quoi Amara Baby ?,0
2015-01-25T09:31:26Z,ALLEZ L USO,0
2015-03-16T03:04:19Z,Roh...bloqué au Canada...pourquoi ?,0
2015-03-15T09:23:16Z,Bande d'enculé les arbitre !! Merci pour le ralenti de la faute d'arbitrage flagrante !! parce-que des hors jeux y'en a beaucoup trop qui sont sifflés !! ,0
2015-04-11T10:32:38Z,super on gagne cet aprem ( meme si ca va etre très compliqué ) et on recolle c'est encore possible,1
2015-04-11T10:28:32Z,le mec qui dit ça doit etre supporter de istrews ou d'arles Avignon quand y a 1000 spectacteurs ils sont contents,0
2015-04-06T11:56:03Z,en plus tu supporte Nîmes et tu vanne ptdr tête de mort ,0
2015-04-05T16:46:27Z,""" Public de merde "" on en reparle mardi ! et on verra si ils ne sont pas là les Auxerrois !!",2
2015-04-05T13:23:00Z,Auxerre merite peut être la ligue 1 mais pas son public de merde 😂😭😂,0
2015-04-05T08:13:21Z,"Allez auxerre seul équipe qui mérite la L1, c'est la seul qui propose du bon jeu mais manque d'efficacité dans le dernier geste le travail paiera. Allez Auxerre",0
2015-04-04T22:28:26Z,Belle inauguration de l’écran géant... ALLEZ AUXERRE!!!,1
2014-12-29T16:19:43Z,"Dommage que Sammaritano est blesse
ALLEZ CAEN",0
2014-12-22T15:10:26Z,"#Ligue2 - Classement des passeurs - Grâce à une nouvelle offrande pour Seydou Koné, Florian Martin (Chamois Niortais) pointe sur le podium du classement officiel des passeurs de Ligue 2 à la trêve - http://minilien.fr/a0ng6e

Voici le classement complet : http://www.lfp.fr/ligue2/classementPasseurs",1
2014-12-21T14:48:42Z,Dellecroix est incroyable :O,0
2014-12-21T09:45:54Z,Bravo les auxerrois :) ,1
2015-03-24T19:55:46Z,Frustré sans decc' deux buts de chatte --',0
2015-03-24T16:38:32Z,ALLER NANCYYYY !!!,0
2015-03-24T11:21:46Z,mes allez nancy,0
2015-03-24T11:21:27Z,on a eu chaud,0
2015-01-14T12:23:33Z,BA !! Aller Auxerre Ultrat Auxerre !!,0
2015-01-12T08:18:58Z,#Ligue2 - J19 - Retrouvez les résumés des matchs de vendredi et samedi sur la chaîne officielle Youtube !,4
2015-01-11T19:55:28Z,"Toujours la même histoire avec Créteil et les dernières minutes, si on avait pas pris tout ces buts entre la 80 et la 90ème minute, on serait 4ème de ligue 2 !!!!!!",1
2015-01-11T12:06:29Z,Aj auxerre allez aj auxerre allez (8)  match a oublier en premiere mi-temps la deuxieme etait bien meilleur malheureusement on a pas reussi a en planter 2 en deuxieme parcage sympa qui aurai pu etre encore mieux m'enfin allez l'aja,1
2014-11-23T09:57:35Z,"Gragnic en forme, s'il n'avait pas était blessé en début de saison on n'aurait pu prendre d’avantage de points. Y'a pas possibilité de nous faire voire le but de Châteauroux sous un autre angle ? On voit pas vraiment sur la vidéo et on ne peut pas vraiment se fier aux arbitres...",0
2014-12-29T17:21:17Z,"Allez Laval
Mais ont a eu d3 la chance",0
2014-11-30T22:47:19Z,Premier but refusé????? Et pourquoi?????????,1
2014-11-30T13:47:59Z,Pour une fois que Laval fait match nul en étant dominé...,1
2014-11-30T11:46:39Z,que de chance pour laval sa fait chier pour l' aja <3,1
2014-11-30T10:48:12Z,Quelle chatte ce but je m'en remets toujours pas....,0
2014-11-30T10:15:09Z,oh putain mais la chance de ouf qu'ils ont !! mais faut s’arrêter là les mec ils ont tous les contres et nous on fait que des poteaux qu'est ce que tu veux faire de plus ! Là c'étais 3 points de pris normalement.,2
2014-11-29T23:14:07Z,"putain fais chier de perdre 2 points, on aurait mérité largement de gagner.",3
2015-05-03T00:03:43Z,la grosse faute de maury sur puygrenier --' mais bon Auxerre n'est pas vraiment apprecier des arbitres a ce que je constate,2
2014-09-21T16:12:37Z,Et le but refusé pour un HJ imaginaire vous ne le mettez pas ?,1
2015-05-09T08:47:28Z,Allez Auxerre les supportere son la,0
2015-04-15T14:50:47Z,"Pour moi c'est pas juste!  Les auxerrois ont eu un gros manque de réalisme mais sur une occasion ils ont marqué, ils ne méritaient pas de gagner! C'est pas grave les brestois sont les meilleurs comme dit la chanson LES BLANCS SONT LES MEILLEURS LES AUTRES C'EST DES BRANLEURS..",2
2015-04-14T10:38:59Z,"J'étais en Tribune Quimper à ce match là, et franchement je pense qu'Auxerre s'en sort vraiment bien avec des gros coups de chance. Brest méritait au moins de marquer un but ! En revanche, le but de Puygrenier est juste magnifique...
Mais bon, c'est pas parce qu'on a perdu contre l'AJA en coupe et en championnat qu'ils faut baisser les bras, bien au contraire ! ALLEZ BRESTOIS TES SUPPORTERS SONT LA ! La montée s'annonce, certes, dure, mais il faut y croire jusqu'au bout pour Brest !",0
2015-04-12T16:45:46Z,Lembet parfait !! un gardien décisif c'est la clef d'une défense solide. Allez Auxerre faites nous rêver.,0
2015-04-12T13:53:03Z,Hold up parfait! Mais allez Brest!!!,0
2015-04-22T09:11:24Z,Delors aurait pu marquer quand même,0
2015-04-19T08:23:44Z,Alors déjà quel beau match de merde. Pour Tours rien à dire les 20 premiers minutes. Nous on est nul on touche pas un ballon les deux but sont normaux. Le penalty y'a pas à chier y'a péno. bon pour la main dans la surface on va pas en parlé hein parceque l'arbitre on n'allait pas lui en demander de trop ! deux penalty pour Auxerre dans le même match ça aurait été du jamais vu ! Mais après sa me soûle de voire ce qu'on fais tours putain. Le terrain glisse et sa en profite pour tombé a tous bout de champs et sa siffle a chaque fois ! Pareille j'ai jamais vu ça pour jouer la montre l'autre y remet ses protège tibia sur le terrain !! Mais bordel mais c'est de l'anti jeux c'est pas fair-play !! Puis quelle chatte sans dec' y'a tjrs un contre par ci un pied par la. Y'avait de quoi s'arracher les cheveux en tribune !! Et dire qu'on est en final contre Paris ! prendre trois pions par le 18ème de Ligue deux ça va être quoi contre Paris bordel on va en prendre 10 !!!,1
2015-04-19T07:57:37Z,tours vous inquiétez pas vous êtes sauver par notre descente a nous :(,2
2015-04-18T22:05:43Z,"Ah oui, Bingourou Kamara FAUCHE carrément l'auxerrois ?! On a pas dû voir les mêmes images lors du ralenti :/",0
2015-02-16T10:45:44Z,#Ligue2 - J24 - Retrouvez les résumés des matchs du week-end sur la chaîne officielle Youtube !,3
2015-02-15T17:26:32Z,"j'suis supporter de l'estac et je pense que le nul aurait été logique car effectivement le hors jeu me parait inexistant. Après, ok vous avez eu la possession en 2eme mais aucune occaz'. Dans le match Troyes a 2 occaz' franches a 1. L'ESTAC a cru avoir fait le plus dur en menant 1-0 et ils ont laissé jouer. Avec une équipe énormément remaniée en plus. Troyes doit monter en L1 car elle a l'équipe pour et la réussite aussi. Ça a rarement été le cas pour l'ESTAC donc autant en profiter. Bonne chance à l'AJA même si honnêtement ca risque d'être dur pour vous.",1
2015-02-15T08:34:26Z,"C'est sévère pour l'AJA, Ce match aurait du finir a 1-1 ou à 0-0 un match nul c'étais l'issu logique du match. Par contre ne dites pas que Troyes à dominé la partie pendant la seconde mitent ils ont touché deux ballons. Et le but hors jeux dommage de ne pas avoir le ralentis de la où j'étais c'était pas évident mais bon y'a des matchs comme ça...",0
2015-02-15T02:28:56Z,"dommage vous ne parlez pas du ""hors jeu"" sur le but d'auxerre ",0
2014-11-09T09:02:31Z,"le penalty est légèrement exagéré, de toute les manières à chaque matchs on encaisse un but sur péno, 1/3 n'est pas justifié ! l'arbitrage c'est vraiment pas ça, allez Auxerre !!",2
2015-02-14T05:35:17Z,cest des chiant aja,1
2015-02-04T21:29:41Z,C'est conviViale,2
2015-02-03T12:11:34Z,"La Bourgogne est bleue et blanche ! AJA & basta, Dijonnais bande d'infâmes",5
2015-02-01T20:41:09Z,DIJOONAIIII ECULLLEEEEE LALALALALALALA ♪♫,6
2015-02-01T11:26:48Z,Et La Bourgogne Est Bleue Et Blanche ♥,10
2015-02-01T11:14:21Z,Dijon club en paille,7
2015-02-01T11:10:58Z,Dijon toujours devant Auxerre en attendant,2
2015-02-01T09:15:38Z,Bourgogne bleu et blanche !!,8
2015-02-01T01:02:43Z,"auxerre et sochaux en l1, et vite!!",8
2015-01-31T23:32:53Z,"Et la Bourgogne et la Bourgogne et la Bourgogne est Bleue et Blanche !!!
Vialinho !!",11
2015-04-29T21:26:37Z,le but de laval est marquer de la main ...,1
2015-02-21T18:27:40Z,Frist,0
2015-07-04T18:19:44Z,J'ai étais remarquer une fois à Bordeaux,0
2015-05-26T09:25:42Z,,0
2015-05-06T15:01:12Z,"""Monsieur Sarkozy"" en français ça se dit ""la cuisine française""? :)",0
2015-04-29T20:27:48Z,Il a dit quatarien mddddr,43
2015-02-11T13:24:57Z,bn reportage !,2
2015-01-06T12:21:04Z,bravo Adam bon courage,0
2014-08-20T19:02:56Z,fifa keeping kids out of school,0
2014-08-09T01:48:32Z,I thought they had one in Samoa too?,0
2014-08-08T09:22:58Z,takie rzeczy mnie ciekawia jak sobie radza reprezentacje oceani,0
2014-08-08T08:12:07Z,First,0
2014-08-08T08:03:01Z,Hello,0
2014-08-08T07:38:00Z,First,0
2014-08-08T07:29:24Z,First ?,0
2014-08-08T07:08:46Z,Bae,0
2015-03-23T08:50:05Z,SCO SCO SCO,0
2015-03-22T21:46:56Z,Aller sco,0
2015-03-22T09:46:27Z,Aller le sco et direction la ligue 1 en fin de saison !!!!!!!!!!,1
2015-03-22T06:54:50Z,Allez le sco ,0
