publish_date,title,view_count
2014-09-19T15:55:07Z,Thomas Fontaine vs Troyes,4543
2015-06-01T18:57:55Z,Thomas Fontaine vs PSG (Zot fai ri a moin),5595
2014-08-25T16:43:23Z,"Penalty Thomas Fontaine (TFC-DFCO, CDL 2014)",902
2015-04-25T22:03:31Z,Top buts 33ème journée - Ligue 2 / 2014-15,3364
2015-02-07T23:00:01Z,Valenciennes FC - AJ Auxerre (1-2)  - Résumé - (VAFC - AJA) / 2014-15,9473
2015-03-10T16:18:37Z,AC Arles Avignon - AJ Auxerre (2-4)  - Résumé - (ACA - AJA) / 2014-15,6821
2014-09-27T22:00:01Z,AJ Auxerre - AC Arles Avignon (2-1)  - Résumé - (AJA - ACA) / 2014-15,7194
2015-04-25T22:00:00Z,Châteauroux - AJ Auxerre (2-1)  - Résumé - (LBC - AJA) / 2014-15,3986
2015-02-21T23:00:00Z,AC Ajaccio - AJ Auxerre (1-1)  - Résumé - (ACAJ - AJA) / 2014-15,3541
2014-09-16T10:00:04Z,ESTAC Troyes - AJ Auxerre (1-2)  - Résumé - (ESTAC - AJA) / 2014-15,11482
2015-01-24T23:00:02Z,US Orléans - AJ Auxerre (0-0)  - Résumé - (USO - AJA) / 2014-15,2063
2015-03-14T22:59:59Z,AJ Auxerre - FC Sochaux-Montbéliard (1-0)  - Résumé - (AJA - FCSM) / 2014-15,6434
2015-04-04T22:00:00Z,AJ Auxerre - Nîmes Olympique (3-1)  - Résumé - (AJA - NIMES) / 2014-15,8391
2014-12-20T23:00:02Z,AJ Auxerre - Chamois Niortais (1-1)  - Résumé - (AJA - NIORT) / 2014-15,3911
2015-05-09T21:59:59Z,Chamois Niortais - AJ Auxerre (1-1)  - Résumé - (NIORT - AJA) / 2014-15,2748
2015-03-24T11:00:00Z,AS Nancy-Lorraine - AJ Auxerre (2-1)  - Résumé - (ASNL - AJA) / 2014-15,6203
2015-01-10T23:00:08Z,US Créteil-Lusitanos - AJ Auxerre (2-2)  - Résumé - (USCL - AJA) / 2014-15,4956
2015-03-05T21:10:36Z,TIRS AUX BUTS COMPLET BREST  AUXERRE  2-4  05/03/2015,4627
2015-01-12T16:12:02Z,Victoire du FDFC !,761
2014-11-22T23:00:05Z,AJ Auxerre - Châteauroux (3-1)  - Résumé - (AJA - LBC) / 2014-15,5541
2014-11-29T23:00:05Z,Stade Lavallois - AJ Auxerre (1-1)  - Résumé - (LAVAL - AJA) / 2014-15,4916
2014-09-02T19:37:01Z,Le Tours FC mise sur sa jeunesse,86
2015-05-02T22:00:00Z,AJ Auxerre - GFC Ajaccio (0-0)  - Résumé - (AJA - GFCA) / 2014-15,2562
2014-09-20T22:00:01Z,AJ Auxerre - AC Ajaccio (1-1)  - Résumé - (AJA - ACAJ) / 2014-15,3400
2015-04-11T21:59:59Z,Stade Brestois 29 - AJ Auxerre (0-1)  - Résumé - (SB29 - AJA) / 2014-15,4657
2015-05-23T22:00:00Z,Havre AC - AJ Auxerre (2-1)  - Résumé - (HAC - AJA) / 2014-15,3493
2015-04-18T21:59:59Z,AJ Auxerre - Tours FC (2-3)  - Résumé - (AJA - TOURS) / 2014-15,8017
2014-09-24T22:00:05Z,Angers SCO - AJ Auxerre (0-0)  - Résumé - (SCO - AJA) / 2014-15,2303
2015-06-29T00:38:35Z,Raveloson - mon nom C - Rayan,7175
2015-02-14T23:00:00Z,AJ Auxerre - ESTAC Troyes (0-1)  - Résumé - (AJA - ESTAC) / 2014-15,4502
2014-11-08T23:00:02Z,Tours FC - AJ Auxerre (2-3)  - Résumé - (TOURS - AJA) / 2014-15,6105
2015-01-31T22:59:59Z,AJ Auxerre - Dijon FCO (3-0)  - Résumé - (AJA - DFCO) / 2014-15,12682
2014-12-13T23:00:04Z,GFC Ajaccio - AJ Auxerre (1-1)  - Résumé - (GFCA - AJA) / 2014-15,2954
2015-04-29T17:55:53Z,AJ Auxerre - Stade Lavallois (1-1)  - Résumé - (AJA - LAVAL) / 2014-15,2494
2015-04-25T18:04:16Z,Conférence de presse Châteauroux - AJ Auxerre (2-1) - 2014/2015,257
2014-11-03T12:59:20Z,Ibrahima Tandia,3516
2015-02-21T18:26:31Z,Conférence de presse AC Ajaccio - AJ Auxerre (1-1) - 2014/2015,320
2015-01-04T17:48:09Z,Grand Format : Le Mercato des enfants,2397124
2015-03-14T22:59:59Z,Havre AC - US Orléans (3-1)  - Résumé - (HAC - USO) / 2014-15,4513
2014-08-08T07:00:03Z,Football on the islands,8064
2015-06-14T15:00:01Z,Côté terrain - Découverte de Thomas Touré,3269
2015-03-16T09:55:04Z,Aurélien THOMAS Racing Besançon,181
2015-05-17T23:09:48Z,Dorian Bertrand (highlights),2108
2015-01-24T15:54:33Z,Match de Bryan Bergougnoux contre l&#39;ASSE,4532
2015-03-21T22:59:59Z,Angers SCO - Havre AC (1-0)  - Résumé - (SCO - HAC) / 2014-15,5303
2015-06-02T14:30:48Z,journée du club,129
2014-08-28T17:05:35Z,KAS Eupen NU14 -  KRC Mechelen  NU14 deel 3/3,250
2014-10-05T08:17:43Z,Revalidatie Nicklas Pedersen (2de fase),2107
2014-11-27T15:27:38Z,Speed 2,63
2015-04-23T04:58:18Z,Pepe 22 crazy moments &amp; Tackles fight funny Compilation Animal Rguilan,1375
