publish_date,title,view_count
2014-12-02T14:57:10Z,Mana Dembélé reçoit son trophée de meilleur joueur de Novembre 2014,1646
2015-03-31T22:58:14Z,Mana Dembélé après le match Mali-Ghana (1-1)  le 31 mars 2015 au stade charlety à Paris,2224
2014-09-24T21:30:01Z,Top buts 8ème journée - Ligue 2 / 2014-15,2376
2014-12-02T11:00:13Z,AS Nancy-Lorraine - Valenciennes FC (0-1)  - Résumé - (ASNL - VAFC) / 2014-15,10718
2014-09-20T22:00:02Z,Châteauroux - AS Nancy-Lorraine (2-5)  - Résumé - (LBC - ASNL) / 2014-15,15401
2014-10-18T18:21:14Z,Top buts 11ème journée - Ligue 2 / 2014-15,6858
2015-02-22T10:30:00Z,Top buts 25ème journée - Ligue 2 / 2014-15,1950
2014-11-25T11:00:09Z,ESTAC Troyes - AS Nancy-Lorraine (1-0)  - Résumé - (ESTAC - ASNL) / 2014-15,5657
2014-10-27T23:00:29Z,AS Nancy-Lorraine - Havre AC (2-1)  - Résumé - (ASNL - HAC) / 2014-15,10970
2014-11-02T10:30:03Z,Top buts 13ème journée - Ligue 2 / 2014-15,3072
2015-01-20T11:00:08Z,AS Nancy-Lorraine - US Orléans (2-2)  - Résumé - (ASNL - USO) / 2014-15,7975
2014-09-20T22:00:03Z,Top buts 7ème journée - Ligue 2 / 2014-15,3191
2014-10-04T18:25:50Z,Top buts 10ème journée - Ligue 2 / 2014-15,3734
2014-11-01T23:00:02Z,Chamois Niortais - AS Nancy-Lorraine (1-4)  - Résumé - (NIORT - ASNL) / 2014-15,9942
2014-12-13T23:00:01Z,AC Ajaccio - AS Nancy-Lorraine (2-0)  - Résumé - (ACAJ - ASNL) / 2014-15,3049
2014-11-11T11:00:08Z,AS Nancy-Lorraine - US Créteil-Lusitanos (3-1)  - Résumé - (ASNL - USCL) / 2014-15,12138
2015-02-21T22:59:59Z,AS Nancy-Lorraine - Châteauroux (6-0)  - Résumé - (ASNL - LBC) / 2014-15,30198
2015-04-12T09:30:00Z,Top buts 31ème journée - Ligue 2 / 2014-15,1860
2014-12-20T23:00:02Z,AS Nancy-Lorraine - Clermont Foot (1-2)  - Résumé - (ASNL - CF63) / 2014-15,4209
2015-01-24T23:00:04Z,AC Arles Avignon - AS Nancy-Lorraine (1-0)  - Résumé - (ACA - ASNL) / 2014-15,4043
2014-09-24T22:00:04Z,AS Nancy-Lorraine - Tours FC (2-1)  - Résumé - (ASNL - TOURS) / 2014-15,10699
2014-10-18T18:21:57Z,AJ Auxerre - AS Nancy-Lorraine (2-2)  - Résumé - (AJA - ASNL) / 2014-15,9396
2015-04-11T22:00:00Z,AS Nancy-Lorraine - Chamois Niortais (1-2)  - Résumé - (ASNL - NIORT) / 2014-15,3733
2014-09-27T22:00:01Z,Stade Lavallois - AS Nancy-Lorraine (1-1)  - Résumé - (LAVAL - ASNL) / 2014-15,3754
2014-08-16T22:00:02Z,AS Nancy-Lorraine - AC Arles Avignon (1-1)  - Résumé - (ASNL - ACA) / 2014-15,6392
2015-01-10T23:00:09Z,Angers SCO - AS Nancy-Lorraine (3-1)  - Résumé - (SCO - ASNL) / 2014-15,13819
2014-08-27T09:11:40Z,AJ Auxerre - AS Nancy-Lorraine (3-0)  (2ème tour) - Résumé - (AJA - ASNL) / 2014-15,11480
2014-09-13T22:00:02Z,AS Nancy-Lorraine - FC Sochaux-Montbéliard (1-1)  - Résumé - (ASNL - FCSM) / 2014-15,9906
2015-04-18T22:00:00Z,US Créteil-Lusitanos - AS Nancy-Lorraine (1-1)  - Résumé - (USCL - ASNL) / 2014-15,2196
2015-02-28T22:59:59Z,Tours FC - AS Nancy-Lorraine (1-1)  - Résumé - (TOURS - ASNL) / 2014-15,3342
2014-10-04T19:06:47Z,AS Nancy-Lorraine - GFC Ajaccio (1-0)  - Résumé - (ASNL - GFCA) / 2014-15,4589
2014-10-17T14:29:56Z,AUXERRE - NANCY  2-2,298
2014-09-20T18:26:29Z,Conférence de presse Châteauroux - AS Nancy-Lorraine (2-5) - 2014/2015,471
2014-11-01T19:11:57Z,Conférence de presse Chamois Niortais - AS Nancy-Lorraine (1-4) - 2014/2015,351
2015-02-21T18:33:54Z,Conférence de presse AS Nancy-Lorraine - Châteauroux (6-0) - 2014/2015,1153
2014-10-18T17:06:03Z,Conférence de presse AJ Auxerre - AS Nancy-Lorraine (2-2) - 2014/2015,261
2015-01-19T23:59:26Z,Conférence de presse AS Nancy-Lorraine - US Orléans (2-2) - 2014/2015,254
2014-09-24T19:34:21Z,Conférence de presse AS Nancy-Lorraine - Tours FC (2-1) - 2014/2015,173
2015-04-11T17:14:30Z,Conférence de presse AS Nancy-Lorraine - Chamois Niortais (1-2) - 2014/2015,160
2014-10-04T16:47:09Z,Conférence de presse AS Nancy-Lorraine - GFC Ajaccio (1-0) - 2014/2015,243
2015-07-28T17:03:11Z,"Portrait de Mario Licka, milieu de terrain du club UNFP 2015",575
2014-11-11T16:55:14Z,DEMBELE SOULEYMANE NUMBER 8 OF SEWE SPORT DE SAN PEDRO  AND INTERNATIONAL IVORIAN,487
2014-09-13T04:34:36Z,Bakary Dembele - Mali vs Lesotho 1,158
2015-02-07T09:14:37Z,Transfer Window Review // SPFL Extra,9202
2014-10-22T12:15:41Z,"André-Pierre GIGNAC, meilleur joueur de L1 du mois de septembre",157
2015-05-06T16:08:09Z,"Trophées UNFP, les meilleurs espoirs de Ligue 1",2495
2014-12-01T17:40:13Z,FIFPro Competition 3HD,53
2015-05-21T08:33:35Z,La sélection U20 du Mali en préparation au CRT,2511
2015-03-22T18:57:55Z,Ghana vs Mali (3-1) | CAN U20,15906
2014-11-21T07:58:34Z,Man Of The Match Zeffane vs Mali,4367
