published-time,comment,likes
2014-09-25T15:25:02Z,Dembélé pas ici ? Talonnade en pivot qui fait grand pont sur le défenseur + But ! Il faut quoi de plus ? Le Tallec fait un Ronaldo Shop peut être mais il a de l'espace ..,2
2014-09-25T14:08:10Z,#Ligue2 - Revivez les plus beaux buts de la 8ème journée de Ligue 2 en vidéo,1
2014-09-25T10:08:57Z,D'accord avec les deux premiers mais les buts de Dembélé avec Nancy et de Bréchet avec le Gazélec auraient pu être 3ème.,1
2014-12-03T16:26:59Z,allez va !,0
2014-12-03T05:52:21Z,Aller l'ASNL vous gérez les gars !,0
2014-12-02T18:35:25Z,une deuxième défaite qui fait mal,0
2014-12-02T18:30:46Z,Le SFC ♥,0
2014-12-02T12:02:42Z,Allez V.A !,2
2014-12-02T11:41:17Z,"Beau matche des deuc cotes et merci a la Ligue 2 de pouvoir nous montrer ces matches !
",3
2014-12-02T11:35:03Z,#Ligue2 - J16 - Revivez les meilleurs moments de AS Nancy-Lorraine - Valenciennes FC (0-1) en vidéo grâce à notre chaîne officielle YouTube !,2
2014-12-30T18:43:37Z,"Nancy est hyper fort mais je supporte toujours la berrichone
ALLEZ CHÂTEAUROUX",0
2014-09-22T15:56:03Z," #Ligue2  - Classement des buteurs - Classement des buteurs - Lors d’une 7e journée de Ligue 2 marquée par 38 buts, Mana Dembélé (ASNL) s’est offert un quadruplé en déplacement ! http://bit.ly/1ym8JjR",1
2014-09-21T12:17:29Z,Bien jouer au Nancéiens #Chateauroux,6
2014-09-21T08:40:34Z,Allez Nancy super match à refaire <3,3
2015-01-08T16:54:21Z,ALLEZ BREST,0
2014-10-23T07:56:53Z,"les but sont plus beau qu'en ligue 1 , y'a pas un problème ?",0
2014-10-20T08:19:03Z,Magnifique but de Robic!,0
2014-10-18T19:18:45Z,Whoa,0
2015-02-24T13:27:38Z,Abonne vous a moi. SVP,0
2015-02-22T10:51:56Z,But de l'uso magnifique ;),0
2015-02-22T10:41:48Z,Et gragnic?,0
2014-11-25T15:02:22Z,un résumé spectaculaire on doit voir 3 action ,0
2014-11-25T13:58:17Z,"Il m'embête ce résumé , on ne voit pas toutes les actions , les coups de génie les 3 petits ponts nancéiens et surtout le plus bel arrêt de ligue 2 à ce jour de Nardi en fin de match , et on ne voit pas la discutions des arbitres pour savoir si le but est validé ou pas avec l'ascenseur sur le défenseur ..",3
2014-11-25T12:36:38Z,"J'adore ce résumé du match, on voit trop que Nancy est en galère. Et les nancéiens, arrêtez de rager, vous avez perdu point. Acceptez la défaite nous on l'accepte quand on perd, on ne cherche pas toutes les excuses du monde.",4
2014-11-25T11:54:10Z,#Ligue2 - J15 - Revivez les meilleurs moments de ESTAC Troyes - AS Nancy-Lorraine (1-0) en vidéo grâce à notre chaîne officielle YouTube !,1
2014-11-25T11:37:13Z,parce qu'il monte sur le dos de muratori,0
2014-11-25T11:05:19Z,but refusée normalement,0
2015-05-07T16:07:27Z,nancy c'est que de la MERDE !!!!!!!!!! allez METZ,0
2014-10-30T12:05:58Z,a nancy c souvent es jeunes qui marques aller nancy,0
2014-10-29T00:39:22Z,Aller le Hac la ligue 1 c'est cette année !! ,1
2014-10-28T18:43:33Z,"tg alpha767 c pas parce que vous gagner des match 1-0 que vous avez une attaque
nous on a gagne 5-2 contre chateauroux",2
2014-10-28T16:25:40Z,Ji était,0
2014-10-28T10:13:27Z,#Ligue2 - J12 - Revivez les meilleurs moments de AS Nancy-Lorraine / Havre AC (2-1) en vidéo grâce à notre chaîne officielle YouTube ! ,6
2014-10-28T09:06:16Z,Mdr on voit qu'on a vraiment poussé pour gagner : 25 à 2 tirs xD,9
2014-10-27T23:54:02Z,c'est bon ca :)) et mérité surtout ;),1
2014-10-27T23:05:28Z,First ! Sinon super match de Nancy qui méritait de gagner 4-1,4
2014-11-02T13:52:25Z,Mana Dembele! ♥♥♥♥♥♥♥♥♥,2
2014-11-02T13:09:01Z,la 13eme journée n est pas terminée mais bon...,1
2014-11-02T13:03:25Z,Aller angers aller nantes,0
2014-11-02T12:23:25Z,Faudra quon mexplique pq le dernier il es dans le classemen,2
2014-11-02T10:34:30Z,First,0
2015-01-20T15:53:30Z,Ouille le deuxième but d'Orléans hors jeux :/,0
2015-01-20T14:11:58Z,#Ligue2 - J20 - Revivez les meilleurs moments de AS Nancy-Lorraine - US Orléans (2-2) !,2
2015-01-20T11:41:36Z,Joli but pour Nancy,0
2015-01-20T11:22:20Z,"Tellement frustrant comme match, ça m’énerve on arrête pas de se prendre des buts en contre ...
Dommage pour la première de Beunardeau, je sais pas pourquoi Nardi était sur le banc :/
Bien joué à Orléans. 
Le résumé est très résumé par contre, parce que on ne voit pas la réelle domination nancéienne sur le terrain ...",0
2014-09-22T18:40:03Z,Bryan Bergougnoux la base,0
2014-09-22T13:56:31Z,#Ligue2 - Revivez les plus beaux buts de la 7ème journée de Ligue 2 en vidéo,1
2014-09-21T07:59:04Z,Aller sochaux,1
2014-09-21T07:20:44Z,"Vive nancy 
 !! Trop beau le but ",0
2014-09-20T22:14:23Z,Quel promenade pour Nancy ,0
2015-01-09T16:55:23Z,Le sco a mis trop cher a Creteil grâce à KODJIA,0
2014-10-11T19:32:22Z,Celui de Loriot est pas mal :) ,1
2014-10-09T15:20:58Z,Aller le sco !!,0
2014-10-09T08:47:28Z,#Ligue2 - Revivez les plus beaux buts de la 10ème journée de Ligue 2 en vidéo sur la chaîne officielle YouTube !,0
2014-10-07T17:46:42Z,"allez le sco 
gg kodja !!!!!!!!!!!!!!!!!!!!!!",1
2014-10-04T22:00:39Z,bien joué kodja ! alleeeez le sco !,6
2015-05-19T06:17:31Z,Joel Sami na rien fait a koné quel arbitre de merde il tombe tout seul si vous regardez bien,1
2014-12-31T11:33:13Z,"Les chamois Niortais est très mauvais vivement la revanche mais Nancy est très bon 
ALLEZ CHAMOIS NIORTAIS FC",0
2014-11-04T16:52:30Z,nacy ligue 1 niort national !!!,0
2014-11-04T15:25:36Z,"#Ligue2 - Classement des buteurs - L’attaquant de l’AS Nancy-Lorraine Mana Dembélé a repris la tête du classement officiel des buteurs de Ligue 2, grâce à son doublé chez les Chamois lors de la 13e journée - http://urlz.fr/Sz4",5
2014-11-02T10:42:52Z,Quel réalisme de la part du groupe Nancéien. Gagner 4-1 à 10 contre 11 reste très compliqué mais pourtant ils ont réussi !,1
2014-11-01T23:24:27Z,"Niort a clairement dominé, mais nancy a un réalisme incroyable devant le but",1
2014-12-29T18:19:38Z,Bou aca oui asnl,0
2014-12-17T15:42:46Z,"#Ligue2 - Classement des passeurs - Pour la 6e fois de la saison, Johan Cavalli (AC Ajaccio) a effectué une passe décisive à destination de Nicolas Fauvergue lors de la 17e journée de Ligue 2 - http://minilien.fr/a0nbys

Voici le classement complet : http://minilien.fr/a0nbyt",5
2014-12-31T11:22:45Z,"Encore un bon N'Doye a Creteil 
Allez Lusinatos on compte sur vous",0
2014-11-12T09:25:50Z,ALLEZ NANCY !!!,3
2014-11-11T12:07:14Z,Quel match ! Bravo Nancy !,6
2014-11-11T11:12:28Z,Pas de commentaire audio?,0
2015-05-16T08:00:06Z,C vraiment des merdes Châteauroux MDR,4
2015-03-23T18:34:14Z,aller nancy !!!!!!!!!!!!!!!!,2
2015-02-25T16:17:31Z,"#Ligue2 - Classement des passeurs - Maurice Dalé propulsé aux commandes !
L’attaquant de l’AS Nancy-Lorraine a été étincelant lors du festival offensif contre Châteauroux (6-0), réalisant un triplé à la passe qui lui permet de prendre la tête du classement des passeurs de Ligue 2 - http://www.lfp.fr/ligue2/article/maurice-dale-propulse-aux-commandes.htm",6
2015-02-23T12:32:35Z,"avant le 5e but, un joueur de nancy remonte tout le terrain les la berri court autour en tant que spectateur, sérieusement! Bonne chance aux deux équipes pour leurs deux objectifs! ",2
2015-02-22T23:01:59Z,"Jai honte d etre supporter de la Berri 
C est ca de glander a domicile 
Vous allez y alle en national pour mon plus grand desarroi .
Berri tu n est plus la meme.",3
2015-02-22T17:51:34Z,Allez Nancy !!! ,3
2015-02-22T12:35:51Z,Quelle déf de merde du côté de Châteauroux !,2
2015-02-22T09:22:19Z,pourquoi on voit jamais ca a Nimes :'(,0
2015-02-22T08:51:43Z,J'espère que Nancy va remonter en ligue 1 ;),5
2015-02-22T00:48:37Z,Nancy a largement sa place en Ligue 1,8
2015-02-22T00:17:42Z,"Dalé félicitations pour tes 3 Passes Décisives, certainement un des meilleurs joueurs de la tête cette année.",3
2015-02-22T00:16:30Z,Youssouf is the Man,3
2015-02-22T00:00:35Z,Une boucherie x),1
2015-02-21T23:42:37Z,"Allez cette fois c'est la bonne ! Chateauroux en National, ça leur fera pas de mal.",8
2015-04-13T09:40:54Z,Beau but de Bryan bergounoux aller tours,0
2014-12-29T16:16:17Z,"Clermont a gagne
What",0
2014-12-22T08:51:28Z,#Ligue2 - J18 - Retrouvez les résumés des matchs de vendredi et samedi sur la chaîne officielle Youtube !,0
2014-12-21T11:17:09Z,On se fait voler avec le but de Diagne qui n'st pas accordé...,2
2014-12-21T10:57:03Z, La balle est rentré les arbitres sont de plus en plus nul en France et la ligue leur laîche le cul ,2
2015-02-02T09:10:01Z,Victoire mérité ,4
2015-01-25T09:16:15Z,Quelle bande de merdes Nancy ... c'est pas possible,0
2015-01-25T07:19:08Z,Oh ça y est ils ont gagner !!!!!! Ouais !!! Franchement ça fait plais xD,2
2015-01-25T00:35:19Z,incroyable quelle bande de chèvres,3
2014-12-31T11:37:38Z,GROSSE ERREUR DE PAUL NARDY MAIS BREF ON A GAGNÉ,1
2014-10-10T17:26:39Z,on seclate avec les satuday fc je vous conseil daller voir un match avec eux,1
2014-09-25T20:36:04Z,Magnifique but de Mana Dembélé!,2
2014-09-25T20:36:01Z,Magnifique but de Mana Dembélé!,1
2014-09-25T14:42:15Z,On peut même dire qu'on s'en sort bien... ,0
2014-10-22T08:33:03Z,#Ligue2 - Classement des buteurs - Mana Dembélé (AS Nancy-Lorraine) s’empare de la tête du classement officiel des buteurs de Ligue 2 après sa 7e réalisation lors de la 11e journée - http://miniurl.be/r-nh8,4
2014-10-20T04:54:15Z,Allez NANCY!,2
2014-10-19T11:56:39Z,NANCY peuvent dire merci l 'arbitre peno pour aja chapron le voit pas (bizarre) mais le naceein qui tombe avant d etre touche la il siffle comme tout les ans les peno de l aja on les voit jamais,2
2014-10-19T10:48:49Z,Arbitre en carton --' Il y avait une main nancéienne dans la surface en 1ere mi temps mais comme par hasard on la voit pas sur le résumé --' ,2
2015-04-15T13:36:59Z,"#Ligue2 - Classement des passeurs - Florian Martin met la pression !
En signant sa 9e passe décisive lors de la 31e journée, Florian Martin (Chamois Niortais) revient au contact de la tête du classement officiel des passeurs de Ligue 2 - http://www.lfp.fr/ligue2/article/florian-martin-met-la-pression.htm",1
2015-04-12T06:24:25Z,La ligue ne montre pas le but qui rentre mais qui n'est pas accorder ni les faire d'arbitrage avant les but ,0
2015-04-12T02:06:24Z,"Vraiment dommage pour l'ASNL, ils ne remonteront donc jamais ?!",1
2014-09-28T09:04:56Z,allez nancy,1
2014-09-28T03:23:07Z,dommage cette barre transversale à la fin du match...,1
2014-09-27T23:44:03Z,Deux jolis buts en tout cas !,0
2014-08-17T11:43:48Z,Ji aiter,0
2014-08-16T23:01:02Z,"'Dommage , Nardi doit mettre les points sur la dernière action :/",2
2015-01-15T19:11:28Z,je pourrais  avoir les stats du match svp (tirs et possessions de sdeux côtés) merci d'avance,0
2015-01-13T16:11:40Z,"#Ligue2 - Classement des buteurs - Grâce à un triplé contre l’ASNL, Jonathan Kodjia (Angers SCO) retrouve une place sur le podium du classement officiel des buteurs de Ligue 2 après la 19e journée - http://minilien.fr/a0nf1g",8
2015-01-12T18:04:19Z,Quelle beau but du jeune lusamba 18ans avec un énorme potentiel ,0
2015-01-12T07:24:08Z,Propre,0
2015-01-11T07:47:32Z,Belle ambiance et beau match !!!,3
2015-01-10T23:32:01Z,"Je crois que Kodjia glisse sur le penalty (?), c'est dommage si c'est le cas, encore une décision arbitrale en notre défaveur.
Bon après, 2-1 ou 3-1, ça change pas grand chose.
Bravo a Letellier et au SCO, c'est incroyable de ne pas prendre de buts sur la deuxième mi-temps.",6
2014-10-30T19:19:32Z,La lorraine est grenat et elle le restera,0
2014-08-28T20:00:19Z,ji ete au match,0
2014-08-27T10:07:34Z,"Haha, après le carton rouge on entend Aguilar et Vannuchi parler :
""J'le touche pas !""
""[incompréhensible]... pas vous faire piéger pas des conner...""",0
2015-06-25T15:59:17Z,"Passe décisive de... Mignot (de la main ?) non comptabilisée, en prime !",1
2014-09-16T22:00:25Z,"Super le commentateur et sa langue de bois géante...
-_-'",0
2014-09-14T16:39:55Z,arbitre de clampin putain!!! il louche ou quoi nn mais serieux et en plus sochaux je sais meme pas vous étiez combien mais vous etes des paysans c tout a l exterieur on reviendra moi j y serai et on sera au moins  500!!!,0
2014-09-14T10:35:18Z,Putain moi le numéro  9 de sochaux qui sert la main à l'arbitre à la fin je lui aurais mis un cou de poing dans sa putain de gueule à ce paysan ,2
2014-09-14T09:22:37Z,Pourquoi on parle pas du hors jeu sur le but de Sochaux ?? Et du pénalty non accordé pour Nancy avec la grosse main de Mignot au point de pénalty ???,2
2014-09-14T09:02:18Z,l'arbite de touche il s'approche des lunetttes,0
2014-09-14T06:23:39Z,Arbitre nul à chier !!! Et je suis pour Sochaux !!!,4
2014-09-13T22:48:08Z,"Le juge de touche , on en parle ? ",5
2014-09-13T22:32:36Z,Sur le but sochalien l'arbitre était partie où ? Dites-moi s'il vous plait car la c'est pire que cherchez Charlie :'( Après certains s'étonne qu'il n'y avait pas d'arbitre français à la coupe du monde.. Ne cherchez plus pourquoi x),2
2014-10-08T15:47:23Z,"#Ligue2 - Classement des passeurs - L’éclair de Walter : sur une ouverture de Rémi Walter, l’AS Nancy-Lorraine a obtenu une 3e victoire en quatre journées et marqué 10 points sur 12 possibles après la 10e journée de Ligue 2 - http://bit.ly/1uxbtqP",1
2014-10-05T16:33:26Z,je crois qu'il y a une petite erreur a la 7 seconde !!,0
2014-10-05T13:25:29Z,ALLER NANCY ! On est lancė pour la L1 !,0
2014-10-05T09:04:31Z,"Et voilà encore une preuve que les Nancéeins prennent exemple sur le patron Greanat, c'est qui qui se rassembler au milieu du terrain ?!?! On fait ça depuis le début de la saison dernière et vous vous mettez à le faire,vous avez vraiment pas d'imagination... #LaLorraineEstGrenatEtElleLeRestera ",1
2014-10-05T08:38:42Z,Ouais ça a merdouillé au niveau du logo XD ,1
2014-10-05T08:26:14Z,c'est pas un peu le logo de Arles Avignon xD ?,3
2014-09-21T08:39:46Z,"Super match de Nancy :D
Allez l'ASNL <3",1
2015-02-22T12:50:35Z,Je ne connais pas l’entraîneur de Châteauroux mais il a l'air honnête !,1
2015-02-21T18:36:57Z,"Alé asnl vou ete les meilleur 
Nancy6-0chaterou ",1
2014-10-18T17:17:24Z,Mon cul ma gueule ouai les buts on vous les offre le péno qui à mon avis et juste offert sur un tapis rouge et le deuxième but dévier par un de nos défenseur alors que Léon étais dessus et en poteau en pluuusss !! bordel alors si c'est pas de la merde de gagner comme ça c'est juste dégelasse tiens gros doit à l'arbitre décidément ils nous aimerons jamais ces arbitres de merde !!! ( rappel l'arbitre qui a arbitré le match est celui qui avait arbitré le match ou Kamel Chafni avait étais victime d'insulte sur le terrain ) Cantona a raison les arbitres sont tous des cons !!,0
2014-10-08T09:26:55Z,#Ligue2 - Retrouvez les réactions d'après match de la 10e journée de Ligue 2 grâce à notre playlist YouTube !  http://bit.ly/ZsGu2Z,1
2015-07-01T09:42:08Z,For all the celtic fans what do you think on signing derik boyata,0
2015-02-15T13:25:58Z,Kenny McLean? He Is Doing Well Against Ross County ☺,0
2015-02-15T11:30:23Z,Kenny anderson to hearts,0
2015-02-14T00:36:41Z,Celtic F.C. all the way. going to win 4-0 over united,0
2015-02-13T13:57:57Z,I agree with Robbie Fleming and jay Farningham's opinion on the manpreet Singh signing for partick thistle a good peace of business ,0
2015-02-13T13:51:20Z,I think the £7 singing of Manpreet Singh was a exsquzit. Bit of transfer business for Dundee. ,0
2015-02-13T13:49:44Z,Owen Hargreaves to Berwick Rangers was a great bit of buisness,0
2015-02-13T13:48:09Z,I think the £4 singing of manpreet Singh to the jags was a great deal as he is a future prospect ,0
2015-02-13T13:46:40Z,Harry Kane was a brilliant singing for dundee. ,0
2015-02-13T13:42:57Z,I think paul heffernan is a outstanding prospect for dundee. And danny  Swanson to St Johnstone is a great singing for the saints. ,0
2015-02-13T13:41:51Z,I think Alex Harris to dundee was a great move and also Danny Swanson to St Johnstone ,0
2015-02-12T20:00:56Z,,0
2015-02-11T04:57:40Z,"I'm please with our (Celtic's) business in the transfer window. I've really enjoyed watching GMS & Armstrong at Utd and can't wait to see them in the hoops. For my money they were the 2 best players we could have bought. Leading into the window those 2 and Johnny Hayes were the best 3 players in Scotland not wearing a Celtic Jersey and 2 out of 3 certainly ain't bad! They could give us a very strong team if we're to see Armstrong in the guts of the park with Broonie & GMS out on the right, Johansen on the left. Commons supporting Griffiths up front and Gordon, Emilio, Virgil, Denayer & Lustig (Matthews while he's out) in defence.... sound's like a treble winning squad to me. HH",0
2015-02-11T00:02:29Z,"Graeme shinnie on a pre contract, Daniels on loan to cover Taylor, Kent McLean, McManus back out on loan to gain experience, only one winner of that transfer window. #COYR",0
2015-02-09T23:38:36Z,"Hamilton fan here. Very annoyed that Canning let Antoine Curier go after he knew Andreu was going, thus depriving us of two of the leagues top scorers. However, Sumsky is an exciting prospect in midfield, and this could give Danny Redmond a chance to shine upfront",0
2015-02-09T17:33:41Z,Lyle Taylor to Partick thistle great bit of deadline day business! With him I'm sure we will stay up and avoid the playoff spot .,1
2015-02-09T16:54:21Z,Great for dons with 2 new signings!!!!! #COYR The sheep are on fire,0
2015-02-09T00:21:58Z,"Deadline Day - Queens Park signed Jordan Moore on loan from Dundee United.

QPFC v Montrose - he gets 2 goals and 2 assists in a 4-1 win. Impressive debut eh? This kid!",0
2015-02-08T23:50:29Z,"I think Fraser Fyvie will be a great signing for Hibs. Hopefully another Scott Alan. Hibs' midfield are probably one of the strongest in the country with the likes of Scott Alan, Fraser Fyvie, Liam Craig, Scott Robertson, Dylan Mcgeouch and Sam Stanton as a great young player with potential",0
2015-02-08T20:34:40Z,gms and stuart armstrong are way too good for celtic,0
2015-02-08T20:22:00Z,"I'm a dundee united fan. Can't see Armstrong or GMS really fitting into the team, GMS would probs be a good impact sub for them but nothin more. Shame that a young Scottish talent like Armstrong will be wasted on the bench at celtic like so many others before him. Both the transfers were just a case of Celtic buying out the opposition to guarantee at least two trophies for Ronny Deila's first season as celtic manager ",4
2015-02-08T17:06:22Z,I think motherwell now have the squad depth to gain some ground up the table.,0
2015-02-08T11:33:50Z,The jags signed got some decent players like Callum booth lyle Taylor (scored in his first game against ict) and Ryan Finnie,0
2015-02-08T05:14:53Z,"Celtic Treble (^^,)",0
2015-02-08T03:36:30Z,"Partick Thistle we signed Booth & Taylor a ST and a LB , Happy with that :D",0
2015-02-08T00:07:38Z,"McLean's a quality bit of business, and for the money its probably the best for value in scotland",0
2015-02-07T23:10:15Z,remember that signing Killie made? Me neither.,0
2015-02-07T21:51:12Z,Dundee fc I think Harris has been a good player we should buy him on a permanent deal ,0
2015-02-07T19:55:20Z,"I think GMS is an incredible addition to Celtic, but I will have to wait and see how Armstrong will fit in.
But most importantly, I am pleased that we took them away from Dundee Utd. because they are fairly good with those two...but good luck to them without two of their best players.",0
2015-02-07T18:06:34Z,"As a Dundee United fan, I am obviously gutted about losing GMS+Armstrong to Celtic but we have really strengthened our defence! I think we still have a chance against Celtic, in March!  ",0
2015-02-07T17:24:20Z,"Motherwell fan and I fell we had one of the best transfer windows in a long time, signed 7 players a few of which I've seen already and have played really well and we actually payed money for a player, can only get better for us",1
2015-02-07T17:17:33Z,Aberdeen fravit love *******†************†**************†********:*******†*******:::*******†**********† love afc,0
2015-02-07T14:57:42Z,Im a jambo and kenny anderson and genero zeefuik are 2 of the best signings all the way!,0
2015-02-07T14:36:26Z,"Greenock Morton with the 3 strikers of peter Macdonald  Ross Caldwell and Declan McManus
",0
2015-02-07T14:09:20Z,Gutted to lose GMS and Armstrong. I just hope we keep çiftçi for another couple of seasons. ,0
2015-02-07T13:44:11Z,Celtic just won the title,0
2015-02-07T12:20:52Z,"I support strange teams in England I support norwich and in scotland I support st mirren 


Come on sonupe",0
2015-02-07T11:08:57Z,I am kilmarnock fan and I can't believe that we sold Robbie muirhead when we only have one fit striker!,0
2015-02-07T11:02:54Z,"Im a Falkirk fan, our window was good but the best part was that we managed to keep Rory Loy, Blair Alston, Craig Sibbald and Will valks. ",2
2015-02-07T10:23:54Z,I think Stephen Mcginn will be a great singing for the Dees this season because he has a lot of experience playing for big teams in Scottish football,1
2015-02-07T09:48:50Z,I think that Haris Vuckic and the rest of the lads from Newcastle can help the Gers guarantee promotion. ,3
2015-02-07T09:22:16Z,"Deadline Day Danny Swanson
Great Signing
Well Done Tommy Wright",0
2015-05-16T12:36:53Z,Fekir,0
2015-05-08T17:30:20Z,Fekir ou Marquinhos ,0
2015-05-06T22:55:15Z,Marquinhos et de très très loin.,0
2015-05-06T18:06:02Z,Marquinhos,0
2015-05-06T17:51:35Z,Sanson :/ je dis pas qu'il est mauvais mais baucoup  d'autres joueurs merite mieux que lui,0
2015-05-06T17:00:17Z,Et Ntep Guerreiro Amavi etc...???,2
2015-05-06T16:58:38Z,Fekir,0
2015-05-06T16:46:49Z,Fekir ou marqui,0
2015-05-06T16:43:31Z,Largement fekir,0
2015-05-06T16:11:57Z,Amavi :(,0
2014-11-23T22:55:58Z,Nice vid Youss...but the #2 belongs to a big centreback named M_A_G_I_C Madjid Bougherra! Shame on Gourcuff!!!!,0
2014-11-21T10:47:40Z,Maintenant on peut dire que nous avons deux superbes latéraux droits mandi et zeffane.,0
