publish_date,title,view_count
2015-01-30T10:27:33Z,Lomaia Giorgi # 1    best saves 2013-2015,1368
2015-04-11T12:20:25Z,Gruzija - Lietuva 0:2 | Tbilisis 2007 Lapkričio 21,1953
2015-07-16T20:40:16Z,Giorgi Chirgadze highlights,693
2014-11-27T11:08:45Z,Giorgi aburjania locomotive,174
2014-10-23T15:58:06Z,Merebashvili OFI Creta Best Goal Gentikoule.gr,694
2014-10-21T10:08:08Z,FC Dinamo Tbilisi 3:0 FC Chikhura 06.04.13,25
2015-01-09T17:50:24Z,15/01/09 Георгий Мелкадзе (юношеская сборная России),1475
2015-04-26T22:19:08Z,Football : Match nul entre Le Mans FC et Châteauroux (2-2),316
2015-07-18T11:00:43Z,გიორგი თევზაძე - დინამოს ფეხბურთელია,1231
2015-05-10T13:08:31Z,Football : Le Mans FC accèdera-t-il au CFA ?,53
2014-12-09T08:53:16Z,Prolongations : Coupe de France Le Mans FC - Fougères,1954
2014-08-28T16:18:00Z,Le Mans FC : Retour de Grégory Cerdan,1070
2015-03-29T17:52:26Z,Funny Goalkeeper -  Mistakes and Fail 1,1854
2015-07-03T13:44:59Z,Declarações Matt Jones (CD Tondela),1243
2015-01-25T19:43:17Z,Ivo Gonçalves - Goalkeeper - 2013/2014 - SC Farense,629
2015-01-07T18:43:36Z,2015 - Le Mans FC - Tours -  HD 3D - 1080p,298
