published-time,comment,likes
2014-08-04T21:05:39Z,"Goede, eerlijke analyse. Heb liever dat we de pijnpunten nu zien dan, zoals vorig jaar, in de 2de helft van het seizoen. ",0
2015-07-06T00:34:15Z,R,0
2015-07-30T07:48:35Z,I don't know if I'm the only one sobbing my eyes out right now ,2
2015-07-29T20:22:22Z,Automatic next season common on Boro,0
2015-07-26T01:14:28Z,Let's get Jordan Rhodes UTFB!!!!,0
2015-07-18T16:51:18Z,Jelle :'(,2
2015-07-12T07:51:59Z,"We deserved it, norwich didnt... Our passion, follow, every player wanted it, but thats football",1
2015-07-10T20:15:57Z,"This makes me emotional, my grandma died a month before Wembley and she was one of the biggest born fans ever, she watched them  get relegated and all she wanted to she was them get promoted, next year we will, great video #utb",19
2015-07-08T11:30:17Z,Anyone else cry!,2
2015-06-09T20:13:23Z,i will never forget them moments that made me feel proud to support the boro with all the cup runs and a trip to wembley. the best season in years and i hope that we get autos next season UTB,4
2015-06-01T16:45:51Z,There's always next season. #UTB,2
2015-05-31T17:21:03Z,"Lost count of how many times I've watched this
The end is just heartbreaking 
Automatics next year",18
2015-05-28T17:44:25Z,Hi where do you guys get these clips from? which software do you use?,1
2015-05-28T12:02:57Z,Automatic next year if we all #BELIEVE,8
2015-05-28T07:16:01Z,Typical boro at wembely never mind we will  do it next year #UTB,2
2015-05-27T22:16:01Z,"Amazing video, what a season. UTB",4
2015-05-27T20:39:40Z,"Brilliant. UTFB !!!

",4
2015-05-27T18:02:05Z,I FUCKING LOVE MY CLUB..UTFB..,3
2015-05-27T17:17:59Z,"Heartbreaking to watch, goosebumps the whole way through. I will always believe.",8
2015-05-27T17:17:33Z,Class timings ,0
2015-05-27T16:19:21Z,#believe,2
2015-05-27T16:19:07Z,We will do it next year <3,2
2015-05-27T15:24:33Z,"Great video for a largely great season. Just a shame it had to end in disappointment, not celebration. 
We can do it next year!
#believe",4
2015-05-27T14:51:24Z,"Absolutely brilliant, video is perfectly matched to the music aswell. Fantastic.",10
2014-08-26T18:02:39Z,Muchos éxitos Giancarlo en este gran reto!,1
2015-06-05T02:40:24Z,I found you guys on instagram and I like what you do keep up the good work ,1
