publish_date,title,view_count
2014-12-27T05:58:14Z,BAMBA MOHAMED,133
2015-05-10T14:31:28Z,Football : Le Mans FC perd à domicile contre Bressuire (1-2),154
2014-09-10T22:51:00Z,Le Mans FC : Grégory Cerdan de retour à la maison,127
2014-08-04T19:05:26Z,CO-01 02-08-2014 RAFC-SERAING persconferentie,1530
2014-08-28T16:18:00Z,Le Mans FC : Retour de Grégory Cerdan,1070
2014-09-15T21:58:55Z,Le Mans FC : Gregory Cerdan est de retour,1550
2015-03-31T17:29:42Z,Zile Rasta 2015,1575
2015-05-27T14:47:32Z,Middlesbrough FC • 2014/15 Season,26788
2014-11-09T23:00:03Z,Goal Pantxi SIRIEIX (3&#39;) / Toulouse FC - FC Metz (3-0) - (TFC - FCM) / 2014-15,218
2014-10-03T08:57:20Z,"Frédéric Bodineau, nouveau DTR de la Ligue Atlantique",620
2014-09-25T22:00:04Z,Goal Gaëtan BUSSMANN (24&#39;) / EA Guingamp - FC Metz (0-1) - (EAG - FCM) / 2014-15,360
2014-11-14T09:56:36Z,Innocent Mutiso goal against KCB 9th April 2014,1075
2014-09-20T22:00:02Z,GFC Ajaccio - Dijon FCO (2-0)  - Résumé - (GFCA - DFCO) / 2014-15,3547
2014-11-03T20:42:54Z,Shamal vs Messaimeer Highlights,190
2015-01-25T23:00:07Z,Goal Dorian LEVEQUE (90&#39; +2 csc) / EA Guingamp - FC Lorient (3-2) - (EAG - FCL) / 2014-15,177
2015-07-03T18:10:21Z,BLE ZADI,1607
2014-08-26T16:59:31Z,Visite mediche per Gonzalez: ecco il video,12941
2015-06-04T16:29:20Z,"FIFA Corruption Scandal, Rafa Benitez, Milner, Origi &amp; Liverpool Football Club",173
2014-11-28T19:40:45Z,ÖIS U14 - Warta IF U14 del 3,197
2014-10-04T20:17:19Z,Calcio C.S.I. Gromo - Conca Presolana  2014,261
2015-04-27T15:28:52Z,mohamed abdoul soumah,33
2014-09-03T10:07:13Z,Torres Presentazione AC Milan - Versione Integrale,513
2014-09-11T11:57:10Z,Şenol Güneş: Böyle bir ülkeden futbolcu çıkmaz,1438
