published-time,comment,likes
2014-10-29T16:50:55Z,"#Ligue2 - Classement des passeurs - Avec une 4e passe décisive, Johan Cavalli (AC Ajaccio) grimpe sur le podium du classement officiel des passeurs de Ligue 2 après la 12e journée !",1
2014-08-24T08:30:17Z,Tours fc ,0
2014-08-19T21:50:06Z,Allez sochaux !!!!!! ( les 2 buts de sochaux sont magnifique )  malgré la défaite contre Troyes hier soir ont y croient pour remonter en ligue 1  !!! ,0
2014-08-13T02:49:42Z,"Putin enfin une victoire en plis a l'extérieur !!
GG Sochaux sa fait plaisir !",1
2014-08-11T07:27:44Z,ALLEZ SOCHAUX !!!!!!!,4
2014-08-10T22:37:11Z,"""Sochaux a été tenu en echec par Arles 0-0 tandis que Sochaux à chuté 1-0 face a Orléans à domicile"" ... OK !!!!",10
2014-08-02T22:15:06Z,"Malgré ce match nul l'aca ( Ajaccio ) va passer a autre chose , le prochain match face a sochaux nous allons le remporter , je pense que nous avons le meilleur effectif de cette ligue 2 .",0
2014-08-19T22:35:00Z,Forza ACA !!! Le premier d'une longue série !!,4
2014-08-19T19:51:38Z,encore un derby corse avec bcp de cartons,2
2014-09-21T16:12:37Z,Et le but refusé pour un HJ imaginaire vous ne le mettez pas ?,1
2015-05-08T07:50:40Z,"♥love Brest
",0
2015-01-08T16:37:53Z,"Allez 
Brest
Angers
Dijon",1
2014-12-29T18:19:38Z,Bou aca oui asnl,0
2014-12-17T15:42:46Z,"#Ligue2 - Classement des passeurs - Pour la 6e fois de la saison, Johan Cavalli (AC Ajaccio) a effectué une passe décisive à destination de Nicolas Fauvergue lors de la 17e journée de Ligue 2 - http://minilien.fr/a0nbys

Voici le classement complet : http://minilien.fr/a0nbyt",5
2014-11-30T19:38:26Z,ALLEZ L‘ US À CE MATCH G FAIT RAMASSER DE BALLE,0
2015-04-12T10:52:55Z,C'est des merdes Ajaccio ,4
2015-04-06T13:57:09Z,dommage pour Ajaccio ...,2
2015-01-01T11:40:19Z,Limite j'aurais aimé qu'on perde ce match pour que Lolo soit virer !,1
2014-12-18T16:04:31Z,les marseillais la bave aux levres a la MT ah ah ,1
2014-12-18T06:19:04Z,On a fa i perde ,1
2014-11-26T13:30:10Z,L'arbitre a réussi à gâcher le match a lui tout seul.,0
2014-09-01T07:15:58Z,Super match mais trés rageant de n'avoir marqué aucun but avec toutes ses occasions. ALLEZ LAVAL ALLEZ LES TANGOS,1
2014-08-31T18:41:18Z,Super Sissoko !!!,0
2014-08-30T22:13:52Z,Beau match !!,3
2014-12-21T23:36:19Z,Can't watch in the US :((,0
2014-10-19T08:37:33Z,"Oh pitain, je me suis vu en ramasseur de balle <3<3",0
2014-10-18T18:41:34Z,First,0
2015-01-25T09:41:06Z,J'étais sur que Ajaccio gagnerai...,25
2015-01-25T07:53:02Z,FORZA AIACIU,8
2015-01-24T23:00:35Z,FORZA GFCA !!!,12
