publish_date,title,view_count
2015-06-28T15:24:13Z,La visite médicale de Maxime Le Marchand,62370
2015-07-03T19:22:38Z,Seri / Le Marchand face aux micros,5229
2015-02-03T11:00:01Z,Havre AC - Valenciennes FC (3-1)  - Résumé - (HAC - VAFC) / 2014-15,7491
2015-02-21T22:59:59Z,ESTAC Troyes - Havre AC (2-2)  - Résumé - (ESTAC - HAC) / 2014-15,6391
2014-08-02T22:00:03Z,AJ Auxerre - Havre AC (2-0)  - Résumé - (AJA - HAC) / 2014-15,13288
2015-02-14T22:59:59Z,Havre AC - Clermont Foot (3-1)  - Résumé - (HAC - CF63) / 2014-15,4718
2014-11-01T23:00:03Z,Havre AC - AC Arles Avignon (2-0)  - Résumé - (HAC - ACA) / 2014-15,3926
2014-08-16T22:00:02Z,Chamois Niortais - Havre AC (1-0)  - Résumé - (NIORT - HAC) / 2014-15,3214
2014-09-24T22:00:04Z,AC Ajaccio - Havre AC (0-1)  - Résumé - (ACAJ - HAC) / 2014-15,3259
2015-01-26T19:27:00Z,Nice 2-1 Marseille : au coeur du derby,6850
2014-09-27T22:00:01Z,Havre AC - Dijon FCO (1-0)  - Résumé - (HAC - DFCO) / 2014-15,4424
2014-08-23T22:00:02Z,Valenciennes FC - Havre AC (0-4)  - Résumé - (VAFC - HAC) / 2014-15,14643
2015-02-28T22:59:59Z,Havre AC - AC Ajaccio (2-1)  - Résumé - (HAC - ACAJ) / 2014-15,4263
2015-01-10T23:00:08Z,Havre AC - Châteauroux (1-1)  - Résumé - (HAC - LBC) / 2014-15,2130
2015-04-11T21:59:59Z,AC Arles Avignon - Havre AC (0-1)  - Résumé - (ACA - HAC) / 2014-15,1885
2014-12-20T23:00:03Z,Tours FC - Havre AC (3-2)  - Résumé - (TOURS - HAC) / 2014-15,6362
2014-08-09T22:00:02Z,Havre AC - GFC Ajaccio (1-1)  - Résumé - (HAC - GFCA) / 2014-15,4917
2015-02-15T10:30:01Z,Top buts 24ème journée - Ligue 2 / 2014-15,4387
2014-10-27T23:00:29Z,AS Nancy-Lorraine - Havre AC (2-1)  - Résumé - (ASNL - HAC) / 2014-15,10970
2014-09-20T22:00:02Z,Havre AC - ESTAC Troyes (3-2)  - Résumé - (HAC - ESTAC) / 2014-15,8833
2015-01-24T23:00:03Z,Havre AC - Chamois Niortais (1-1)  - Résumé - (HAC - NIORT) / 2014-15,1928
2014-10-04T18:56:30Z,US Orléans - Havre AC (2-2)  - Résumé - (USO - HAC) / 2014-15,6183
2014-11-29T23:00:05Z,Nîmes Olympique - Havre AC (3-3)  - Résumé - (NIMES - HAC) / 2014-15,6899
2014-10-18T18:22:23Z,Havre AC - Angers SCO (1-0)  - Résumé - (HAC - SCO) / 2014-15,5786
2015-03-14T22:59:59Z,Havre AC - US Orléans (3-1)  - Résumé - (HAC - USO) / 2014-15,4513
2015-04-22T15:13:22Z,Havre AC - Stade Brestois 29 (1-1)  - Résumé - (HAC - SB29) / 2014-15,1676
2014-11-22T23:00:04Z,Havre AC - FC Sochaux-Montbéliard (1-1)  - Résumé - (HAC - FCSM) / 2014-15,7021
2015-05-16T22:00:00Z,Châteauroux - Havre AC (0-0)  - Résumé - (LBC - HAC) / 2014-15,1271
2014-09-13T22:00:02Z,Clermont Foot - Havre AC (1-0)  - Résumé - (CF63 - HAC) / 2014-15,4599
2015-05-23T22:00:00Z,Havre AC - AJ Auxerre (2-1)  - Résumé - (HAC - AJA) / 2014-15,3493
2015-07-07T07:56:44Z,Stage à Divonne : la journée-type des Aiglons,10491
2015-04-04T22:00:00Z,Havre AC - AS Nancy-Lorraine (0-1)  - Résumé - (HAC - ASNL) / 2014-15,3468
2014-12-13T23:00:01Z,Havre AC - Stade Lavallois (0-1)  - Résumé - (HAC - LAVAL) / 2014-15,3925
2015-04-25T22:00:00Z,FC Sochaux-Montbéliard - Havre AC (0-1)  - Résumé - (FCSM - HAC) / 2014-15,3837
2015-06-29T17:47:51Z,Saison 2015-2016 : c&#39;est la reprise !,10208
2015-03-21T22:59:59Z,Angers SCO - Havre AC (1-0)  - Résumé - (SCO - HAC) / 2014-15,5303
2014-11-08T23:00:01Z,Stade Brestois 29 - Havre AC (1-0)  - Résumé - (SB29 - HAC) / 2014-15,5489
2014-08-30T22:00:01Z,Havre AC - US Créteil-Lusitanos (1-1)  - Résumé - (HAC - USCL) / 2014-15,4428
2015-01-17T23:00:03Z,GFC Ajaccio - Havre AC (1-0)  - Résumé - (GFCA - HAC) / 2014-15,2001
2015-02-14T18:55:48Z,Conférence de presse Havre AC - Clermont Foot (3-1) - 2014/2015,380
2015-02-02T22:58:46Z,Conférence de presse Havre AC - Valenciennes FC (3-1) - 2014/2015,735
2015-07-15T09:07:41Z,Le Zap&#39;Gym n°20 : stage à Divonne,14708
2015-04-04T17:25:43Z,Conférence de presse Havre AC - AS Nancy-Lorraine (0-1) - 2014/2015,120
2015-06-29T13:16:15Z,TESTS D&#39;EFFORT - Reprise dans la bonne humeur !,6870
2015-05-27T00:02:27Z,Mickael Le Bihan | French Superstar,3528
2015-03-01T09:42:22Z,20150228   Finale   Tir au but 4,135
2015-02-03T07:51:44Z,Yohan Mollo invité de J+1,17243
2015-06-10T07:36:38Z,La Grand Zap&#39;Gym : saison 2014-2015,7880
2015-07-11T18:35:28Z,Nice 4-1 Lausanne : les réactions,5631
2015-03-01T09:03:49Z,20150228   Finale   Tir au but  1,66
