published-time,comment,likes
2014-09-21T06:56:22Z,Saadi tres tres bon,0
2015-03-14T16:23:37Z,bravo Créteil !,0
2015-03-08T20:35:55Z,Ta raison,0
2015-03-08T08:49:13Z,il y a déjà 1-0 sur le tableau d'affichage avant le seul but de la rencontre ?,2
2014-08-10T07:21:39Z,C'est qui ce Sec.Normalement l'avent centre c'est Marcel Essombe...,3
2014-08-04T17:15:20Z,On est en ligue1 metz!,0
2014-08-04T08:21:02Z,N'importe quoi ce pénalty et en plus notre goal ce prend le rouge après a cause de ça --' Allez Tours :D,0
2014-08-02T22:23:26Z,Tours FC♥♥,2
2015-04-30T16:39:53Z,G vu le match en entier et on peut dire que brest perd encore une fois sur un HOLD-UP,1
2014-09-14T07:59:51Z,Le Tallec doit jamais rater sa dernière occasion.,0
2014-09-13T23:56:33Z,"Stade vide, bravo à vous.",1
2014-09-13T22:45:31Z,"C'est Rafael Dias le buteur côté Créteil, bordel la LFP c'est trop dur de faire des résumés un minimum sérieux.",0
2015-04-10T08:11:18Z,Allez Créteil,0
2015-04-05T15:31:42Z,bravo Créteil,1
2015-04-15T09:30:34Z,"Le coup franc sur le but de créteil était aussi imaginaire...
J'étais au match et le 33 de créteil tombait trop facilement...
Lassant à la longue ... 
Et l'arbitrage était vraiment mauvais.",0
2015-04-14T13:25:02Z,"#Ligue2 - Classement des buteurs - Toko Ekambi dans le coup !
Après son 2e doublé en trois matchs, Karl Toko Ekambi (FCSM) monte sur le podium du classement officiel des buteurs de Ligue 2, à une longueur de la tête - http://www.lfp.fr/ligue2/article/toko-ekambi-dans-le-coup.htm",2
2015-04-12T16:38:10Z,"Si ekambi continu comme ça y sera meilleur buteur du championnat !! :)
Allez sochaux !! :)",0
2015-04-12T06:38:16Z,"Allez Sochaux, on crois à la montée!",1
2015-04-11T22:56:12Z,"Encore un match où Créteil perd des points à cause de l'arbitrage, honteux à ce niveau ! Malgré un match plaisant dans l'ensemble entre deux bonnes équipes, ce pénalty inexistant ""casse"" l'ambiance et fait surtout perdre 2 points précieux à Créteil !",0
2015-04-11T22:39:59Z,Allez sochaux!! C'était une ambiance de fou surtout en tribune sud 😉,3
2014-08-17T11:38:00Z,lesage! lesage! lesage!,1
2014-12-31T11:38:39Z,DEFAITE,0
2015-03-15T17:18:34Z,AURIAC ET ANGERS EN LIGUE 1 OBLIGÉ,0
2015-03-15T09:53:51Z,allez le sco,0
2015-03-14T23:33:33Z,Allez le SCO,3
2015-04-04T10:10:44Z,Christian Bekamenga<3,0
2015-03-25T16:20:06Z,"#Ligue2 - Classement des passeurs - Retour de Benjamin Nivet sur le podium !
Avec une 8e passe décisive dans le jeu, le stratège de l’ESTAC Troyes retrouve une place sur le podium du classement officiel des passeurs de Ligue 2 - http://www.lfp.fr/ligue2/article/retour-de-benjamin-nivet-sur-le-podium.htm",8
2015-03-23T10:25:12Z,#Ligue2 - J29 - Retrouvez tous les résumés des matchs du week-end sur la chaîne officielle YouTube !,4
2015-03-22T19:34:20Z,En etant été voir le match jai été déçu de pas ne pas avoir vu la ola en fin de match,0
2015-03-22T08:34:58Z,"""les cristoliens n'ont perdu qu'une fois à domicile, donc ce sera dur pour creteil"" j'aime beaucoup x) ça va que c'est troyes qui n'a perdu qu'une seule fois^^",1
2015-03-22T02:07:16Z,Allez l'ESTAC ! ,3
