publish_date,title,view_count
2014-09-20T22:00:01Z,US Créteil-Lusitanos - Clermont Foot (2-2)  - Résumé - (USCL - CF63) / 2014-15,2568
2015-03-07T23:00:01Z,AC Ajaccio - US Créteil-Lusitanos (0-1)  - Résumé - (ACAJ - USCL) / 2014-15,1711
2014-08-09T22:00:01Z,US Créteil-Lusitanos - Châteauroux (3-0)  - Résumé - (USCL - LBC) / 2014-15,9923
2014-08-16T22:00:03Z,Stade Lavallois - US Créteil-Lusitanos (1-1)  - Résumé - (LAVAL - USCL) / 2014-15,894
2014-08-02T22:00:02Z,Tours FC - US Créteil-Lusitanos (4-2)  - Résumé - (TOURS - USCL) / 2014-15,12503
2015-04-25T21:59:59Z,Nîmes Olympique - US Créteil-Lusitanos (0-1)  - Résumé - (NIMES - USCL) / 2014-15,1472
2015-04-29T17:56:05Z,US Créteil-Lusitanos - Stade Brestois 29 (2-1)  - Résumé - (USCL - SB29) / 2014-15,3237
2014-09-13T22:00:02Z,Valenciennes FC - US Créteil-Lusitanos (1-1)  - Résumé - (VAFC - USCL) / 2014-15,5560
2015-04-04T21:59:59Z,US Créteil-Lusitanos - US Orléans (1-0)  - Résumé - (USCL - USO) / 2014-15,1818
2015-04-11T22:00:00Z,FC Sochaux-Montbéliard - US Créteil-Lusitanos (2-1)  - Résumé - (FCSM - USCL) / 2014-15,3781
2014-08-16T22:00:02Z,Stade Lavallois - US Créteil-Lusitanos (1-1)  - Résumé - (LAVAL - USCL) / 2014-15,2831
2014-09-24T22:00:05Z,Dijon FCO - US Créteil-Lusitanos (2-1)  - Résumé - (DFCO - USCL) / 2014-15,3292
2015-03-14T22:59:59Z,US Créteil-Lusitanos - Angers SCO (0-1)  - Résumé - (USCL - SCO) / 2014-15,4025
2015-03-21T22:59:59Z,ESTAC Troyes - US Créteil-Lusitanos (2-0)  - Résumé - (ESTAC - USCL) / 2014-15,5292
2015-04-18T22:00:00Z,US Créteil-Lusitanos - AS Nancy-Lorraine (1-1)  - Résumé - (USCL - ASNL) / 2014-15,2196
