publish_date,title,view_count
2015-01-24T16:00:46Z,Haris Belkebla vs ASSE,28818
2015-01-29T13:50:27Z,Youcef Bouamrane joueur franco-algérien,7161
2014-08-11T06:59:55Z,Rémi Biancardini (highlights),1951
2014-11-29T07:28:55Z,14 J14 CHAMBLY RED STAR,478
2015-01-28T11:46:58Z,Birane Ba (highlights),6078
2014-09-19T16:29:12Z,Rafik Boujedra (highlights),21851
2014-09-11T23:00:43Z,Thomas Gamiette 2014 (Thailand) 1/2,599
2014-08-05T11:31:59Z,Football / Les Verts rêvent de podium - 05/08,80
2015-04-01T00:05:56Z,Brahim Sabaouni ● French Player ● K. Lierse S.K 2014/15 HD,1206
2015-01-03T04:24:27Z,Mohamed Benyahia (highlights),20382
2014-12-06T21:05:12Z,Koltai Tamás második gólja a Budapest Honvéd - Győri ETO FC mérkőzésen,741
2015-06-07T11:54:30Z,Benmelouka (Arrière-gauche au FC Bourg-Peronnas) signe avec la JSK,6758
