published-time,comment,likes
2015-03-08T17:03:02Z,juiz ladrão...,0
2015-03-07T23:18:03Z,Está bien anulado. El balón entra tras golpear en la mano del delantero. ,0
2015-01-19T14:57:34Z,Que ha pitado el árbitro?,3
2014-12-22T20:45:15Z,Forza Málaga!,0
2014-12-22T09:50:38Z,Good goal Alberto,0
2014-12-21T23:40:36Z,Vamooos karajoo,0
2014-12-21T22:32:38Z,Vamos Málaga!,0
2014-12-21T22:27:32Z,"Todavia no he visto en ningun sitio que mencionen lo que ha pasado al final del partido, pues nada mas finaliza el encuentro, han puesto el himno del Eche a un volumen altisimo para que no se escuchara la pitada de la aficion contra la porqueria de directiva que tenemos. Vergonzoso.

PD: hoy al menos los jugadores han dado la cara y no han hecho mal partido, a faltado solo algo de pegada. Animo y enhorabuena al Malaga, que vaya primera vuelta estais haciendo! ",2
2014-12-21T22:11:50Z,Forza malaga,0
2014-12-21T22:06:27Z,Con un poco de fortuna dice q se la lleva el mierda del comentarista,1
2014-12-21T21:43:36Z,"El Málaga CF  remontó ante el  #Elche  con goles de Camacho y Luis Alberto.

¿Está de vuelta el Euro-Málaga? ",17
2014-12-21T21:38:32Z,.,0
2014-12-21T20:48:06Z,por ahora por numero de puntos en estos 16 partidos el malaga supera a la epoca pellegrini por bastantes puntos . VAMOS EUROPAAA.¡¡¡¡¡¡¡¡¡¡¡¡¡¡¡.,1
2015-06-10T23:43:46Z,grande jorge ex del zamora y encima de mi pueblo xdd (vecino),0
2014-12-14T17:07:23Z,,0
2014-12-14T17:07:01Z,Aupa el valladolid,0
2014-12-10T14:46:16Z,"Q buenos los de la cantera del Valladolid, han jugado muy bien",0
2015-07-29T08:00:28Z,A las 11:00 nueva sesión de entrenamiento en el Campo del Hotel Mottram Hall de Manchester http://youtu.be/_j-omS1v-JE #DÉPOR2UK,4
2015-07-29T06:48:35Z,Es broma yo soy del celta y pienso que sin. vosotros no existiría el derby y muchas cosas mas,0
2015-07-29T06:46:01Z,Q pobres sois,0
2015-05-04T13:27:26Z,Undiano MVP,0
2015-05-03T23:14:36Z,Felicidades a los del Elche :),1
2014-08-12T11:58:42Z,"ce n'était pas Riou, mais Dupé ^^",0
2015-05-15T22:26:05Z,Comment il simule ibra c'est abusé,5
2015-02-16T14:15:45Z,"j'ai sauté comme si c'était un but de L'OM, Quelle but !!",16
2015-02-15T23:27:17Z,On peux dire qui les beau,3
2015-02-24T16:21:57Z,Crack,0
2015-05-10T16:56:39Z,Primero,0
2015-02-07T09:19:27Z,A ver como lo haceis contra el madrid suerte FORZA DEPOR,1
2015-06-04T08:32:26Z,J'adore Tes video continue,1
2015-05-03T00:58:57Z,"Great video bro!
Subscribe to my channel, reciprocate",0
2015-04-28T21:06:29Z,amazing video bro! great work :D he's come back in next month,1
2015-04-28T11:40:30Z,Awesome Work Bro!:),1
2015-04-28T11:31:44Z,Come on man i want to see alexis sanchez video!,1
2015-04-28T00:56:48Z,Vídeo top manoo!,1
2015-04-28T00:53:09Z,Video Foda Manoo!! :),1
2015-04-28T00:27:18Z,"Wooow, Manw Ficou Top! :)",1
2015-04-27T23:48:35Z,"Faz tempo que eu acompanho esse muleke , joga muito ! Muito bom video mano !",1
