publish_date,title,view_count
2015-02-14T16:49:10Z,"Expulsión de Ekeng, le da una patada en la cara a Vitolo",276957
2014-12-13T21:57:45Z,Goal of Ekeng (0-1) Getafe CF - Córdoba CF - HD,9547
2014-12-03T22:51:26Z,Expulsión de Ekeng en el Granada CF - Córdoba CF Copa del Rey,8547
2015-05-02T15:51:29Z,Disparo de Ekeng que despeja Bravo,4664
2015-02-14T16:15:09Z,EKENG ROJA DIRECTA [SEVILLA-CORDOBA] 14-2-15,815
2015-05-02T15:51:29Z,"Curiosa pancarta: &quot;Xavi, tú también fuiste niño&quot;",5816
2015-03-14T03:25:26Z,Cordoba 1 v.s Getafe 2 2015,195
2014-11-15T20:31:10Z,Patrick Mevoungou (highlights 2),2816
2015-07-25T17:22:11Z,Patrick Petre Gol | Viitorul 1-1 Dinamo 25.07.2015 HD 720p,10307
2015-05-07T18:11:14Z,Hivi ndivyo messi alivyomfanya boateng katika usiku wa ulaya,22341
2015-07-26T07:58:22Z,"Patrik Petre (Viitorul 1-1 DINAMO, 25.07.2015)",1839
2014-09-13T19:52:52Z,Cameroon striker Ebosse dead after hit by object,285
2015-04-28T06:14:17Z,Top 10 momente de respect in fotbal,690
2015-04-17T07:00:26Z,PATRICK KAMGAING 10,489
2015-02-15T08:09:43Z,SEVILLA - CORDOBA  3-0,261
2015-04-04T16:14:50Z,Calentamiento del Córdoba CF,636
2015-04-25T15:23:53Z,Momenti kur lojtaret e Feronikelit sulmojne gjyqtaret e ndeshjes Vëllaznimi vs Feronikeli,9366
2015-07-25T17:10:47Z,Gol Patrick Petre | Viitorul Constanta 1 - 1 Dinamo Bucuresti | Etapa 3 - Liga 1 2015 HD,845
2015-07-26T11:00:01Z,Jucători De Fotbal De Decese Pe Teren • Fotbal Momente Triste,398249
2015-03-22T01:52:59Z,Muere futbolista en pleno partido por una patada!,2237
2015-06-04T02:56:15Z,Futbolistas que jugaron sus últimos minutos,219
2014-08-10T22:11:17Z,Coregrafie CFR Cluj,920
2015-02-14T16:02:49Z,Buen ambiente en la salida de Sevilla y Córdoba al terreno de juego,186
2014-10-28T16:21:25Z,"Mobilizare generala, CAINILOR!!! steaua - DINAMO (",16646
2015-01-24T15:09:08Z,Calentamiento del Córdoba CF,3051
2014-11-02T20:00:25Z,Steaua Bucharest - Dinamo Bucharest 31.10.2014,1858
2015-05-06T08:46:29Z,Peluza Catalin Hâldan,83
2014-10-31T23:47:26Z,Steaua - Dinamo 3-0 Coregrafie Panzer Dinamo,1510
2015-01-30T19:22:56Z,Dinamo Bucharest -Steaua Bucharest (Ultras SUD&amp;NORD),1584
2014-11-14T11:24:56Z,[okabol.com] Point sur les Lions avant CMR RDC (13 nov. 2014),390
2014-08-24T09:41:43Z,BREAKING NEWS - Cameroon Footballer Albert Ebosse Dies During Game,21770
2014-10-31T23:42:09Z,Steaua - Dinamo 3-0 Coregrafie PCH - incomplet,2121
2014-11-02T19:52:27Z,Steaua Bucharest - Dinamo Bucharest 31.10.2014,305
2015-05-26T11:31:14Z,Interjúk a Pécs meccs után,1860
2014-10-06T13:30:00Z,"AZI SE APRINDE CERUL, GÂNDURI VENIND SPRE TINE... CÂINILOR LE ESTE DOR DE TINE, CĂTĂLINE!",52305
2014-12-11T13:51:15Z,"Touché par la foudre, il survit miraculeusement, لاعب يصعقه البرق أثناء المباراة",1535
2015-01-24T15:32:20Z,"Minuto de silencio por Litri, trabajador del Córdoba CF durante más de medio siglo",4411
2015-04-25T02:12:38Z,Muertes En Plena Cancha - Reportaje,754
2015-03-21T17:32:07Z,"Minuto de silencio en memoria de Frigols, exjugador verdiblanco, en el Betis-Leganés",258
2015-05-10T20:43:59Z,PCH Dinamo-Minaur:30-26,1341
2015-07-12T17:24:36Z,#7 Gevaro NEPOMUCENO vs fscb - #celmaibunpetrolist,3709
2014-08-25T16:59:43Z,Muere futbolista albert  ebosse en Argelia,705
2015-03-15T15:36:56Z,Instantes previos al Málaga-Córdoba,99
2015-05-02T15:51:30Z,Control y chut de Suárez al lateral de la red,4208
2015-04-15T20:14:50Z,20.55 | Dinamo - RAPID,782
2014-12-12T13:08:38Z,Un joueur péruvien frappé par la foudre en plein match !,1233
2014-10-08T16:57:37Z,RIP ALEXANDRU IONITA VALENTIN,4936
2014-10-21T03:28:20Z,Futbolista muere al hacer un salto mortal para celebrar un Gol,116977
2014-11-03T12:09:32Z,Coregrafie Steaua-Dinamo - 31 Octombrie 2014,43887
2015-01-04T15:15:37Z,لقطة وفاة الهادي بالرخيصة :&#39;(  - La mort de Balha,93012
