published-time,comment,likes
2015-02-09T12:21:41Z,"Un gardien et toute en équipe en forme! Bravo aux Guingampais!
#teamOL",1
2015-02-09T09:53:07Z,Quel matche voler a 10 en defence  serieux,1
2015-02-09T00:29:15Z,l'arret avec le pied a 0:29 même Thierry Omeyer est jaloux ,4
2015-02-08T23:34:54Z,"C'est pas Lössl qui est héroïque, c'est Guingamp. C'est de loin la meilleure équipe de L1 en 2015, GG à eux.

Un supporter stéphanois",5
2015-02-08T23:33:04Z,la révélation ,0
2015-02-08T23:18:44Z,Va falloir faire une vidéo pour Lopes aussi ^^,1
2015-02-08T23:05:41Z,Gg,0
2014-12-15T16:23:10Z,#Ligue1 - J18 - Revivez tous les buts de la 18e journée de Ligue 1 en vidéo sur la chaîne officielle YouTube !,13
2014-12-15T11:27:06Z,Tous les buts sont super beaux,0
2014-12-15T07:00:06Z,First!!!!,0
2014-09-01T15:45:44Z,#Ligue1 -  Revivez tous les buts de la 4ème journée de Ligue 1 en vidéo,15
2014-09-01T07:00:52Z,"J'aime bien le stade de Metz!
Il est dans le même style que les stades anglais!",1
2014-08-31T22:42:37Z,Ngbakoto et Falcon <3,1
2014-08-31T22:38:30Z,Why a team played with that white shirt with no name and team logo?,0
2015-01-25T23:15:20Z,First,0
2015-02-09T04:35:21Z,Finally a vid on him! An unsung hero in Ligue 1 and a big game player too. He had a great game against PSG.,0
2015-02-08T23:21:22Z,What a performance. Not quite David De Gea though aha,0
2015-01-31T14:57:10Z,Allez CAEN ,0
2015-01-28T18:17:22Z,"1. Da Silva
2. Lasne
3. Tolisso
4. Thauvin
5. Beauvue

Voila le VRAI classement du top buts de la 22ème journée.

Je sais pas ce que vont faire Beauvue et Thauvin dans le top.",0
2015-01-28T08:13:32Z,"#Ligue1 - J22 - Revivez les plus beaux buts de la 22ème journée de Ligue 1 en vidéo grâce à notre chaîne YouTube ! Et vous, lequel préférez-vous ?",16
2015-01-27T19:29:31Z,"De très jolis buts oué mais Da Silva là-dessus, magnifique quoi !!!",0
2015-01-27T12:05:45Z,Coco Tolisso <3,0
2015-01-27T08:41:30Z,Thauvin❤️❤️,0
2015-01-26T21:11:56Z,Caen n'est pas mort !! Fiers d'être Normands et conquérants en route pour le maintien ! Da Silva tu m'a fait bander ,3
2015-01-26T20:55:22Z,Magnifique Top cette semaine ! Et pour le but de Beauvue c'est pas si facile de gerer un face a face avec un gardien et avec 2-3 defenseurs qui redescendent sur toi. ;),1
2015-01-26T17:58:08Z,Da Silva le plus beau dommage qu'il voulait centrer mais ça enlève rien à la beauté du but!,0
2015-01-26T17:27:19Z,tolisso!!! ,0
2015-01-26T15:57:10Z,Quel but de Da Silva !,1
2015-01-26T10:32:32Z,Paaaauuuul laaaaaaasne!!!,0
2015-01-26T08:51:18Z,le premier il a pas fait exprès...,2
2015-01-26T08:04:02Z,"Hey ouais les gars, Caen n'est pas mort! Allez le Stade Malherbe de Caen! En route pour le maintient!",5
2015-01-26T07:26:59Z,"Da Silva.
",1
2015-01-26T07:21:48Z,le meilleur c'est celui de Tolisso au celui de  Da Silva ,1
2015-01-26T07:03:21Z,Da Silva contrôle frappe venu d'ailleurs !! ,5
2015-01-26T06:40:58Z,Le dernier but est énorme !!!,6
2015-01-26T06:37:53Z,Des beau but pour cette journée 😉😉,1
2015-01-26T01:10:10Z,"Celui de Da Silva vient juste d'ailleurs, incroyable. 
Par contre, autant Thauvin je veux bien comprendre, autant j'aimerais qu'on m'explique pourquoi celui de Claudio Bauvue est dans ce top plutôt que celui de Lucas Barrios.
Magnifique frappe flottante de Coco Tolisso ! 
 #teamol  ",10
2015-01-25T23:52:47Z,Le dernier but est impressionant !,7
2014-12-03T23:08:38Z,Le but de Cavani est juste monstrueux !!,0
2014-11-22T10:55:29Z,cavani suberbe,0
2014-09-05T11:24:47Z,C celui de payet le plus beau !!!!!!,0
2014-09-03T10:44:26Z, #Ligue1  - Revivez les plus beaux buts de la 4ème journée de Ligue 1 en vidéo !,26
2014-09-01T21:54:15Z,"Le viol, Paris brille une fois de plus",0
2014-09-01T19:28:54Z,ptdr le but de nantes?! sans déconner?? vous déconnez là non?? mdrrr,0
2014-09-01T18:42:24Z,Cyprien ... Lol,0
2014-09-01T17:51:55Z,"Pour moi c'est Cavani. Face au meilleur gardien de L1 (malgré la boulette).
Sinon Payet n'a rien à faire dans le classement lol. Y'a eu des buts bien plus beaux....",0
2014-09-01T13:58:30Z,"Le but de la tête de Zlatan est plus beau que celui de Payet --""",1
2014-09-01T13:32:23Z,il faisait pas bon jouer en rouge ce week-end ^^ !,0
2014-09-01T11:15:26Z,MDRRRRRRRRRRRRRRRRRRRRRRRRR GAPKE CELEBRE COMME LEBRON JAMES,0
2014-09-01T08:13:42Z,C'est pas fair play c'est un vrai con,0
2014-09-01T08:13:25Z,Je sait pas si vous avez vu les 3 buts dibra ya 2 but ou après quele ballon soit rentrer dans les buts il vient chambrer les stéphanois v,0
2014-09-01T08:02:01Z,#FCNA #Gakpe ♥,0
2014-09-01T07:44:39Z,"La frappe de Cavani omg ! Ai il y aurait eu plus de place pour le classement j'aurais mis le premier but de Zlatan


et si il y avais un classement des plus belles passes j'aurais mis Clément et Monnet-Paquet premier mdrrr",0
2014-09-01T07:34:31Z,Vraiment beau le but de Cavani mais celui de Payet je l'aurais pas mis 2eme ,2
2014-09-01T01:44:38Z,SISI CAVANI,1
2014-09-01T00:43:10Z,magnifique but de payet #forzaom,0
2014-08-31T22:46:23Z,Ou est le but de Ruffier !? :p,11
2014-08-31T22:38:16Z,FCN <3,0
2014-08-31T22:37:14Z,beau but de Regattin,0
2014-08-31T22:27:44Z, #FCN  <3,0
2014-08-31T22:24:42Z,Gakpé !! FCN <3,6
2014-08-31T22:20:44Z,Haha Cyprien le premier buteur xD,2
2015-03-22T15:12:34Z,Dany Nounkeu (GALATASARAY),0
2015-03-08T09:04:58Z,Encore un arbitrage de merde et defaite non merité du fcl,0
2015-03-06T12:07:24Z,"sur le soit disant hors jeu pas facile de voir au départ du ballon mais il semble que le joueur court très vite. en plus l'arbitre n'est pas loin. Sur le but refusé, désolé mais c'est la règle. si l'arbitre siffle avant que l'attaquant n'ai tiré, le jeu s'arrête (pas comme le dernier but refusé contre la suisse à la CDM où l'arbitre siffle après le départ du ballon.).",0
2015-03-06T00:09:17Z,"Hors jeux de Sougou,le penalty a Ayew et le but refusée sont scandaleux.Autre match important contre un concurrent direct(Caen,Reims,Evian a domicile) et autre arbitrage néfaste contre le FCL.Honteux",0
2015-03-05T21:33:45Z,Les 3 points sont mérités apres certe il y a un fait de jeu qui est le but de Lorient mais ce n'est pas un but refusé !! Ayew n'avais pas le ballon l'arbitre avais déjà sifflé il peut pas sifflé puis redonner l'avantage c'est juste une règle pas une erreur ,0
2015-03-05T21:11:24Z,Arbitre de merde,0
2015-03-05T20:12:54Z,"Mdr comment vous pouvez dire hors jeu alors qu'on ne voit aucun ralenti.
Et puis quand on c'est fait voler sur plusieurs matchs personnes ne disait rien, mais par contre quand c'est en faveur des croix de Savoie là vous vous lâchez, bande de merde.
CROIX DE SAVOIE A JAMAIS ",0
2015-03-05T16:34:35Z,GG l'etg mais putain il devrait y avoir 1-1 ( je suporte l'etg ) mais faut pas abusé le but de Lorient je l'aurais quand même validé,1
2015-03-05T15:42:42Z,N'oubliez pas le pénalty ultra visible pour loririent saute de chepa qui d evient sur ayew pff tfaçon evien c toujours sa ils payes,0
2015-03-05T15:39:23Z,SUPPORTER DE ETG VENEZ VOIR MES VIDEOS,0
2015-03-05T13:28:09Z,Evian chaque année c est pareil ils produisent aucun jeu  même pas bon à regarder on se fait chier et chaque année ils sont à la limite de descendre y'a pas que mais bon ils servent à quoi ces clubs ,0
2015-03-05T13:26:16Z,NON mais n'importe quoi cette arbitre de merde je vais allez le niker Lorient aurait du largement GAGNER 2/0 parce ke le but d'evian est hors jeu !!!! (supporter Lorientais),0
2015-03-05T13:15:33Z,Lorient a fait un très bon match et il méritait de gagner,0
2015-03-05T12:56:57Z,"Quand je vois les comms souvent on parle d'arbitre acheté par les équipes. C'est vrai qu'on pourrait se le demander toutes les semaines en regardant les matchs, honnetement je pense pas qu'ils le soient.
C'est juste l'arbitrage français qui est pitoyable, comme depuis quelques années...",0
2015-03-05T12:37:14Z,Vous allez vous mainternir Lorient lachez pas vos efforts ! ;) (supp valenciennois),0
2015-03-05T12:04:02Z,Je suis pour lyon mais la l'arbitrage vive laa France,0
2015-03-05T12:03:09Z,Ouh putain l'arbitre xD de toute façon y'a que comme ça qu'ils peuvent se maintenir : Tricher ^^,0
2015-03-05T11:49:12Z,Le président de evian a glissé un billet dans la poche de l' arbitre mdr,0
2015-03-05T11:11:51Z,Arbitrage de merde,0
2015-03-05T11:02:30Z,l arbitre une vrai grosse merde !!!!!!!!!!!!!!! ,0
2015-03-05T08:45:38Z,"si on résume :

Hors jeu non sifflé sur le but d'Evian
Penalty non sifflé sur Ayew pour Lorient
Avantage non laissé pour Lorient avec le but qui s'en suit.

à part ca l'arbitre n'a pas trop pourri le match non du tout ...",2
2015-03-05T07:14:25Z,"pour le hors jeu, je ne sais pas trop, comme on a une vue de coté, par contre, pour moi, y'avait 1-1 là...",0
2015-03-05T05:38:08Z,Après evian va venir pleurer pour l'arbitrage......,1
2015-03-05T03:28:30Z,Les joueur d'Evain joue a Fifa : LB + Y ; RT ; A + E = But,3
2015-03-05T01:49:58Z,VE VOLE !!,0
2015-03-05T00:15:33Z,Un petit hold up à la maison ou ?,0
2015-03-05T00:13:28Z,"Euh, c'est pas que moi ? ça fait un peu beaucoup non ? contre Lorient. Bon on va pas citer parce que... ^^",0
2015-03-05T00:01:38Z,Même si c'est merite pour Evian qui a subi beaucoup d erreurs d'arbitrage il y a bien hors jeu sur le but et le but de Lorient est bien valide il y a avantage de plus il y a aussi penalty sur Jordan Ayew,2
2015-03-04T23:59:55Z,À quand les début de Blandi ?,1
2015-03-04T23:57:10Z,Allez etg si toi aussi tu soutien etg aime allez etg allez etg allez,0
2015-03-04T23:46:58Z,"vous le sortez d ou votre hors jeu il y a largement but regardez le mec qui suit sougou a droite par contre j'ai pas compris le but refusé pour lorient : Justice sur tous les autre match avec les fautes d arbitrage contre etg
allé les roses en route vers le maintient!!!",1
2015-03-04T23:35:55Z,L'arbitre est un vendu nan ? Parce que la c'est plus possible !,4
2015-03-04T23:32:05Z,"Dupraz il peut la fermer sa gueule là pour l'arbitrage ! Jusqu'à la fin de saison même, pour un but non valable accordé (hors jeu très discutable) et un but valide refusé, enfin c'est l'arbitrage français. J'adore le joueur / supporter Lorientais qui crie à 2:46 ""Oh quel fils de pute !"", mais il a raison n'empêche x)Je ne suis pas Lorientais, mais je suis obligé de réagir face à un tel arbitre, même si nous (Reims) avons eu pire sur 4 les 4 premières journées suivant la trève.",9
2015-03-04T23:31:21Z,"Evian but sur hors-jeu, Lorient méritait complètement de gagner arbitrage médiocre.",7
2015-03-04T23:24:04Z,Mon dieu l'arbitrage...,2
2015-03-04T23:17:35Z,euh pas de hors-jeu sur le bu de l'ETG ? ,3
2015-03-04T23:16:44Z,arbitre de merde,2
2015-03-04T23:13:07Z,"L'ETG ne connaît pas la L2, allez les Croix !",0
2014-12-09T02:40:58Z,IBRACADABRA ou MAGICOVIC ,0
2014-12-05T15:34:04Z,Le superbe poteau d ibra.meme quand il rate le filet c magnifique,0
2014-12-05T15:33:01Z,Le superbe poteau d'ibra!presque aussi beau qu'un but.meme quand il rate le filet c'est magnifique!,0
2014-12-05T00:18:11Z,THE GOD!,1
2014-12-04T15:34:14Z,Ce joueur n'a aucun talent c'est juste un enorme troll pauleta sa c'était un vrai joueur,0
2014-12-03T18:36:02Z,Ibrah é mito demais pqp,0
2014-12-02T20:35:43Z,na minha humilde opinião... que bola é essa?.. thiago silva é um monstro mesmo.... e o ibra? NUSS.. NEM SE FALA!,0
2014-12-02T19:28:40Z,"grande jogador, mas não fez o suficiente p estar no pódio da bola d ouro",0
2014-12-02T12:24:14Z,Beckham a Ronaldo on Madrid...,0
2014-12-02T10:41:18Z,Exceptionnel? Ça? Ptdrr pauvre Ligue 1,2
2014-12-02T03:28:48Z,"Zlatan chutou na trave de propósito!
Zlatan hit the post the purpose",4
2014-12-02T02:47:40Z,"E dizem que o Thiago Silva é um mal zagueiro. kkkkkkkk 
Um zagueiro que mete uma bola dessa , joga ate no meio campo.",6
2014-12-02T02:12:43Z,"O melhor é a cara dele de ""como é que eu perco um gol desses ?"". Pra alguns é fácil..",1
2014-12-02T02:03:54Z,é uma pena essa cara não ser basileiro,1
2014-12-02T01:52:28Z,Que jogada! Ibra é mito!,0
2014-12-02T01:41:36Z,Gênio!,0
2014-12-02T01:17:48Z,Ibrakadabra !,0
2014-12-02T00:52:27Z,mestre!,0
2014-12-02T00:28:13Z,foi falta ele empurrou o zagueiro,0
2014-12-02T00:26:59Z,O Ibra come a bola na Ligue 1. O melhor jogador disparado da França... show!,0
2014-12-02T00:19:54Z,Only Bergkamp do that,0
2014-12-02T00:13:45Z,Que domínio!!!!!! Me lembrou os velhos tempos de zizou!!,2
2014-12-02T00:12:25Z,"Quem sabe, sabe né mano !!",0
2014-12-02T00:09:42Z,"muita injustiça não terem indicado ele para o melhor do mundo pela bola de ouro, isso so afirma que a fifa não sabe escolher quem merece, escolhem pela popularidade- messi- cristiano ronaldo - (De novo) aff",17
2014-12-02T00:06:06Z,"Depois de 1 milhão de lançamentos do T. Silva, finalmente um que deu certo
Mas mérito total do Ibra, grande domínio. Se um atacante baixo a bola ia passa direto",13
2014-12-01T23:52:17Z,"Monster !!!!!!!! plays very
!!!!!!!!",0
2014-12-01T23:44:55Z,Ibra the best...,0
2014-12-01T23:42:39Z,ibra melhor atacante do mundo,2
2014-12-01T13:36:09Z,Quand on s'appe zlatane ibramobite on est nul,0
2014-12-01T06:34:51Z,Un grand geste d'un grand Monsieur. Bravo!,1
2014-11-30T23:20:05Z,C est abuser de dire que ce but aurait ete exceptionnel.,4
2015-01-26T02:44:33Z,"and they say mls keepers are bad, yeeesh",0
2014-08-31T22:28:24Z,lol dat comments below,0
2014-08-31T22:20:05Z,Femi u r frist,1
2014-08-31T22:19:13Z,DEFINETLY NOT FIRST ,1
2015-02-11T17:32:25Z,Kamano ❤️,1
2015-02-10T19:40:13Z,Toivonen,0
2015-02-09T18:52:26Z,kazri !!!!!!,1
2015-02-09T15:48:21Z,#Ligue1 - J24 - Revivez tous les buts de la 24e journée de Ligue 1 en vidéo sur la chaîne officielle YouTube !,13
2015-02-09T13:07:50Z,Le plus beau est celui de kamano pour bastia ,1
2015-02-09T12:20:15Z,"à 1:15 , il va falloir qu'on m'explique une chose , le rck qui se dit être un grand public de france et qui à dans sa tribune des supporters marseillais , c'est quand même étrange",1
2015-02-09T14:46:55Z,TETOI TOUT LE  MONDE LYON ET LA PLUS FORT ,0
2014-12-01T16:55:01Z,Allez lez vert!! Ricky!!,0
2014-12-01T16:13:12Z,Un bijou le but de Wass,0
2014-12-01T13:18:35Z,#Ligue1 - J15 - Revivez tous les buts de la 15e journée de Ligue 1 en vidéo sur la chaîne officielle YouTube !,14
2014-11-30T23:36:38Z,Le but de Wass est juste magnifique,3
2014-11-30T23:01:58Z,First,0
2015-02-09T19:30:19Z,wow great goals!!,0
2015-01-28T14:15:01Z,#Ligue1 - J22 - Revivez AS Saint-Etienne - PSG à la loupe grâce à notre chaîne officielle YouTube !,23
2015-01-27T18:33:36Z,Vous l'avez vu aussi le supporter qui fait un doigt à Zlatan après qu'il est marqué son penalty ?,0
2015-01-27T11:36:47Z,penalty inexistant,0
2015-01-27T08:24:26Z,"Hahaha, j'adore le grand sourire de Zlatan à 2:09 avec le joueur stephanois c une belle image à voir sur le terrain, il devrait il y en avoir + ça montre le respect des uns et des autres. La réaction du défenseur aussi qui ne sait pas laisser intimider face à Zlatan en regardant son maillot genre t qui toi aussi hahaha epic.",1
2015-01-26T20:46:49Z,Paris a un jeu lamantable mais gagne.,0
2015-01-26T19:11:21Z,je suis désolé mais le terrain est indigne pour un club de ligue 1 je ne peux pas dire des autres pelouses mais celle-ci est lamentable quand tu joues au parc c'est un bijou,1
2015-01-26T13:18:08Z,"Et la frappe de Cavani ? Fait ton travail correctement, ou ne le fait pas du tout. ",0
2015-01-26T11:28:27Z,"Si tu aimes l'ASSE, vient jeter un coup d’œil à ma chaîne et abonnes-toi à ton souhait :) !",1
2015-01-26T07:44:43Z,"Allez paris
",0
2015-01-26T07:14:18Z,"Bravo l'arbitre pour le penalty, je savais pas que l'épaule etait interdit dans le foot",1
2015-01-26T05:32:21Z,Beau match ! Sans bavure !,0
2014-09-26T02:05:16Z,That Njie kid is such a boss! Glad him and Lacazette signed contract extensions. Amazing how all of Lyon's goals were scored by their academy products,4
2014-12-19T17:22:14Z,super le but de jeanot ,0
2014-12-19T07:49:06Z,Mendes est le plus beau sans hésiter (Supp Lyonnais),2
2014-12-17T08:31:28Z,"#Ligue1 - J18 - Revivez les plus beaux buts de la 18ème journée de Ligue 1 en vidéo grâce à notre chaîne YouTube ! Et vous, lequel préférez-vous ?",14
2014-12-16T17:56:13Z,"L'éclair de génie de Mendes, il faut que les attaquants Lillois reprennent confiance et Lille pourra se sortir de sa dernière place au classement des attaques de L1",0
2014-12-15T19:14:30Z,Le plus beau c'est celui de Jug ! ^^,0
2014-12-15T17:09:37Z,Celui de Lorient laisse a désirer pourtant il y a plein de but cette journee! Je préfère le premier,0
2014-12-15T13:58:32Z,Y'a quand même du haut niveau en ligue 1 !,0
2014-12-15T12:22:21Z,Boudebouz le plus beau !,2
2014-12-15T11:35:23Z,Jtrouve que celui de Mendes est le plus beau de la journée :),6
2014-12-15T07:39:46Z,"quitte a mettre Lens, celui d eValdivia etait mieux...",2
2014-12-15T01:22:02Z,"Pour une fois qu'il y a mon équipe dans ce classement LOL..
On va voter Mendes !! :)",6
2014-12-09T00:09:17Z,"Il faut vraiment changer la musique, ça devient insupportable",0
2014-12-08T16:07:04Z,#Ligue1 - J17 - Revivez tous les buts de la 17e journée de Ligue 1 en vidéo sur la chaîne officielle YouTube !,15
2014-12-08T12:24:26Z,comment on les a bien enculés les galettes saucisses,0
2014-12-08T11:16:10Z,"ALLER MONTPELLIER !!!!! ils ont gagnes !!! 4a0 
",0
2014-12-08T10:41:44Z,LENS !,0
2014-12-08T05:50:47Z,Issa Nissa ;D,1
2014-12-06T08:23:09Z,"Je suis supporteur d'ETG FC depuis 5 ans et je vais voir tous leur match à domicile et celui, je peux vous dire que personne dans les tribunes penserait qu'il le mettrait au fond et ... BUT !!!! Je veux juste vous dire une chose c'est que Wass et sûrement le meilleur tireur de coup franc ou dans le TOP 3 des meilleurs tireurs de coup-franc en Europe et surement un des meilleurs au monde.",0
2014-12-03T20:30:46Z,"Wass!!!!
",0
2014-12-02T22:52:07Z,"Waàaaaaaaaaaaasssssswsss
",0
2014-12-01T21:50:49Z,Wass !!! ,0
2014-12-01T20:22:19Z,1:05 l'arbitre nous fait un début de tecktonick,0
2014-12-01T20:17:56Z,C est triste mais Wass avec son talent ne restera même pas en France.....Quel but !!,0
2014-12-01T17:35:28Z,"RCL <3
Ce but de Wass :O",1
2014-12-01T17:21:33Z,Exceptionnel celui de Wass,0
2014-12-01T10:22:44Z,wass <3 *-*,1
2014-12-01T05:44:46Z,Wass sans hésiter ! Un but à la juninho . Magnifique,5
2014-12-01T01:30:07Z,Abdennour !!!! :'),0
2014-12-01T00:45:43Z,Wass ou N'Gog :),0
2014-12-01T00:42:40Z,Wass et Thauvin très beaux buts !,7
2014-11-30T23:35:12Z,Pourquoi les deux buts de lens? Ils n'ont  rien d'exceptionnel !,9
2014-11-30T23:16:05Z,Wass !,4
2015-01-26T22:13:10Z,Pourquoi c'est en anglais ,0
2015-01-26T14:57:07Z,PTDR le but guingampais (le dernier ) 😂,0
2015-01-26T14:54:43Z,Celui de thauvin est magnifique 👍,1
2015-01-26T14:09:27Z,why bastia camera is so shit :D,2
2015-01-29T04:19:25Z,ibrahimagic *-*,0
2015-01-26T21:29:28Z,that smile can warm even the coldest heart,0
2015-01-26T09:44:32Z,Homer simpson,0
2015-06-25T18:53:14Z,Azonto azonto azonto ,0
2015-03-15T23:41:50Z,Ntep je t'aime 😍😍😍⚽️🔴⚫️,0
2015-02-12T13:04:59Z,Si quelque chose doit briller à RENNES c'est l'équipe pas un joueur en particulier ,0
2014-12-05T11:44:01Z,Ntep meilleur joueur Rennais y'a rien à dire. Talent qui vient tous droit de l'AJA,0
2014-12-01T19:41:12Z,"Y en a marre des mecs qui disent qu'Ntep ne percera jamais, je sais pas si vous savez mais Ntep c'est 5 but et 4 passes décisives en 14 match. De plus il est a l'origine de 28 pour-cent des but du stade Rennais et puis faut arrêter de dire qu'il n'y a beaucoup de joueurs qui brillent au SRFC car il y a aussi Costil Mexer Mbengue,Toivonen et bien d'autre auparavant!",1
2014-12-01T18:05:08Z,Vu sa mentalité et son intelligence de jeu j'suis prêt à parier que c'est un futur Ben Arfa mais après pour lui j'espère me tromper,2
2014-12-01T17:00:26Z,"enfin un joueur qui brille chez les galettes saucisses , vu que ça n'arrive pas souvent , champagne !",0
2014-12-01T12:40:20Z,Welcome to Arsenal FC,0
2014-12-01T08:43:47Z,Encore des Auxerrois qui brille en Ligue 1 ^^,3
2014-11-30T23:11:55Z,Le monstre de roazhon !!!! La ligue 1 tremble !!,0
2014-12-24T14:13:29Z,"Losc avec un buts splendid? Ou plutôt avec un buts hors jeux? ^^ Certes c'est un léger hors jeux, mais c'est hors jeux quand même ahahah",0
2014-12-14T08:02:41Z,Pour moi le plus beau but est celui de Berbatov extèrieure du pied dans un angle fermé,0
2014-12-13T22:32:50Z,la chanson?,0
2014-12-13T07:26:23Z,bibiews 74 aboné vous viideo de foot,0
2014-12-12T16:57:25Z,putain même pas le but de ricky contre bastia pourtant c' est une belle balle piqué je sais pas pk il y est pas si quelqu' un sait je veux bien,1
2014-12-12T15:56:41Z,Un grand cru cette 17ème journée !,0
2014-12-11T19:06:48Z,Le but de Nantes est pourri (je suis parisien),0
2014-12-09T21:14:57Z,Le but de Berbatov est vraiment beau !,0
2014-12-09T17:52:45Z,"De très beaux buts, les frappes de Bedoye et Ibrahimovic, la reprise de Jacobsen, la construction de Lille...",0
2014-12-09T16:23:24Z,Ricky ?,1
2014-12-09T09:47:35Z,terrible cette journée niveau buts ! parfois mieux qu'en une saison lol,0
2014-12-09T07:29:14Z,"Muy muy magnifico, Alejandro ! But magnifique ",0
2014-12-08T20:10:45Z,Barbosa en force !,0
2014-12-08T18:01:50Z,La pichenette de ricky est belle aussi mais on la vois pas dans le top :(,2
2014-12-08T17:32:18Z,Bedoya ! <3,0
2014-12-08T17:23:05Z,Bedoya > All goals.,4
2014-12-08T17:02:11Z,Oui ils sont magnifiques !:),0
2014-12-08T16:25:01Z,deux but de guingamp magnifique avouer le pour une petite equipe,4
2014-12-08T16:24:54Z,"Un but h.j dans le top buts?!
Sinon celui de berbatov c est la classe.",4
2014-12-08T16:21:52Z,Il a l'air bien le nouveau ballon pour avoir des buts pareil ^^,0
2014-12-08T11:22:06Z,la ligue 1 a clairement haussé le niveau comparé a l'année derniere! ,8
2014-12-08T10:49:19Z,De très beaux buts cette semaine =D,1
2014-12-08T09:31:08Z,Le but du Gueye est juste parfait :D,6
2014-12-08T09:07:18Z,Le coup franc de barbosa est juste parfait,4
2014-12-08T08:07:06Z,Lukas T  ,0
2014-12-08T08:00:01Z,"Le but d'Oniangué ne mérite pas sa place car la frappe est contrée, le but de Charbonnier par contre, si...",5
2014-12-08T06:55:10Z,"Ça sent les gars qui ont eu du mal à faire un Top 5 But et qui ont décidé de faire une autre vidéo sans sélection ^^""",8
2014-12-08T05:57:27Z,En Angleterre c'est des but normal ici ça fait le tour de la france ..,2
2014-12-08T03:23:48Z,Le but de Charbonnier?,0
2015-02-10T00:49:45Z,o patricio tem um grande concorrente pa baliza da seleçao,0
2015-02-09T17:33:40Z,"One of the 7 best keepers in the World.  Much better then Rui Patricio and Beto, just a matter of time.  
Not surprise Manchester United, Real Madrid and Liverpool are on the radar.  Only 24 yrs old, goalkeepers usual pick at 28 . ",1
2015-02-09T02:26:21Z,What a beast,0
2015-02-09T02:20:30Z,I hope Anthony Lopes one day become the first choice goalkeeper for Portugal national team when they are playing in Euro 2016.,0
