publish_date,title,view_count
2014-08-31T22:00:06Z,But Benjamin JEANNOT (58&#39;) / FC Lorient - EA Guingamp (4-0) -  (FCL - EAG) / 2014-15,1422
2014-12-07T23:00:08Z,But Benjamin JEANNOT (31&#39;) / Girondins de Bordeaux - FC Lorient (3-2) -  (GdB - FCL) / 2014-15,682
2014-11-30T23:00:07Z,But Benjamin JEANNOT (57&#39;) / Toulouse FC - FC Lorient (2-3) -  (TFC - FCL) / 2014-15,716
2014-12-14T23:00:08Z,But Benjamin JEANNOT (45&#39;) / FC Lorient - FC Metz (3-1) -  (FCL - FCM) / 2014-15,786
2015-02-08T23:00:00Z,But Benjamin JEANNOT (85&#39;) / Stade de Reims - FC Lorient (1-3) -  (SdR - FCL) / 2014-15,699
2015-01-11T23:00:03Z,Goal Benjamin JEANNOT (6&#39;) / OGC Nice - FC Lorient (3-1) - (OGCN - FCL) / 2014-15,375
2014-08-31T22:00:03Z,Goal Benjamin JEANNOT (58&#39;) / FC Lorient - EA Guingamp (4-0) - (FCL - EAG) / 2014-15,241
2014-12-07T23:00:03Z,Goal Benjamin JEANNOT (31&#39;) / Girondins de Bordeaux - FC Lorient (3-2) - (GdB - FCL) / 2014-15,113
2014-11-30T23:00:04Z,Goal Benjamin JEANNOT (57&#39;) / Toulouse FC - FC Lorient (2-3) - (TFC - FCL) / 2014-15,64
2014-12-14T23:00:02Z,Goal Benjamin JEANNOT (45&#39;) / FC Lorient - FC Metz (3-1) - (FCL - FCM) / 2014-15,55
2015-02-08T23:00:00Z,Goal Benjamin JEANNOT (85&#39;) / Stade de Reims - FC Lorient (1-3) - (SdR - FCL) / 2014-15,123
2015-01-11T23:00:04Z,But Benjamin JEANNOT (6&#39;) / OGC Nice - FC Lorient (3-1) -  (OGCN - FCL) / 2014-15,1220
2015-01-25T23:00:08Z,Goal Benjamin JEANNOT (72&#39; pen) / EA Guingamp - FC Lorient (3-2) - (EAG - FCL) / 2014-15,89
2015-02-08T23:00:02Z,Lössl héroïque fait gagner Guingamp - 24ème journée de Ligue 1 / 2014-15,12267
2014-12-15T02:20:05Z,Tous les buts de la 18ème journée - Ligue 1 / 2014-15,9608
2014-08-31T22:00:03Z,Tous les buts de la 4ème journée - Ligue 1 / 2014-15,11406
2015-02-08T22:59:59Z,Stade de Reims - FC Lorient (1-3) - Highlights - (SdR - FCL) / 2014-15,760
2014-08-31T22:00:03Z,Goal Valentin LAVIGNE (80&#39;) / FC Lorient - EA Guingamp (4-0) - (FCL - EAG) / 2014-15,131
2015-01-25T23:00:03Z,But Benjamin JEANNOT (72&#39; pen) / EA Guingamp - FC Lorient (3-2) -  (EAG - FCL) / 2014-15,353
2015-02-08T23:00:00Z,Lössl the hero as Guingamp win - Week 24 / 2014-15,995
2014-11-30T23:00:07Z,But Jordan AYEW (60&#39; pen) / Toulouse FC - FC Lorient (2-3) -  (TFC - FCL) / 2014-15,705
2014-08-31T22:00:05Z,Goals compilation : Week 4 / 2014-15,914
2014-11-30T23:00:06Z,Zlatan Ibrahimovic came close to an amazing goal : Week 15 / 2014-15,2139
2014-08-31T22:00:03Z,But Valentin LAVIGNE (80&#39;) / FC Lorient - EA Guingamp (4-0) -  (FCL - EAG) / 2014-15,1760
2015-01-25T23:28:33Z,Top buts 22ème journée - Ligue 1 / 2014-15,27347
2014-08-31T22:14:41Z,Top buts 4ème journée - Ligue 1 / 2014-15,50025
2014-11-30T23:00:02Z,Goal Jordan AYEW (60&#39; pen) / Toulouse FC - FC Lorient (2-3) - (TFC - FCL) / 2014-15,194
2015-03-04T22:59:59Z,Evian TG FC - FC Lorient (1-0)  - Résumé - (ETG - FCL) / 2014-15,12623
2014-11-30T23:00:07Z,Zlatan Ibrahimovic tout proche d&#39;un but exceptionnel 15ème journée de Ligue 1 / 2014-15,88147
2014-11-30T23:00:07Z,Goals compilation : Week 15 / 2014-15,377
2015-01-25T23:27:19Z,Top goals : Week 22 / 2014-15,2530
2014-08-31T22:13:34Z,"Top goals : Week 4 - Cavani, Payet &amp; Gakpe score spectacular goals! / 2014-15",6399
2015-02-08T23:30:16Z,Tous les buts de la 24ème journée - Ligue 1 / 2014-15,7277
2015-03-04T22:59:59Z,Evian TG FC - FC Lorient (1-0) - Highlights - (ETG - FCL) / 2014-15,1154
2015-04-19T22:00:00Z,FC Lorient - Toulouse FC (0-1) - Highlights - (FCL - TFC) / 2014-15,1287
2014-11-30T23:00:09Z,Tous les buts de la 15ème journée - Ligue 1 / 2014-15,20639
2015-02-08T23:25:42Z,Avalanche of beautiful goals - Week 24 / 2014-15,1558
2014-11-30T23:00:01Z,Top goals : Week 15 / 2014-15,862
2015-02-16T00:45:27Z,FC Lorient - Olympique Lyonnais (1-1) - Highlights - (FCL - OL) / 2014-15,3795
2015-01-26T01:09:50Z,AS Saint-Etienne - PSG à la loupe - 22ème journée de Ligue 1 / 2014-15,28022
2014-09-25T22:00:04Z,Olympique Lyonnais - FC Lorient (4-0) - Highlights - (OL - FCL) / 2014-15,5378
2014-12-15T01:11:21Z,Top buts 18ème journée - Ligue 1 / 2014-15,16609
2014-12-08T00:13:53Z,Tous les buts de la 17ème journée - Ligue 1 / 2014-15,14302
2014-11-30T23:00:08Z,Top buts 15ème journée - Ligue 1 / 2014-15,18537
2015-01-26T09:40:53Z,Highlights : Week 22 / 2014-2015,3869
2015-01-26T09:34:56Z,As Saint-Etienne - PSG in slow motion - week 22 2014-2015,2062
2014-11-30T23:00:08Z,"Paul Georges Ntep , l&#39;homme fort du stade Rennais 15ème journée de Ligue 1 / 2014-15",28279
2014-12-15T01:18:34Z,Top goals : Week 18 / 2014-15,1620
2014-12-08T01:25:30Z,Les buts splendides de la  17ème journée de Ligue 1 / 2014-15,34768
2015-02-09T01:16:23Z,Anthony Lopes&#39; match in slow motion - Week 24 / 2014-15,3954
