publish_date,title,view_count
2015-01-23T21:15:02Z,But de Florin Bérenguer sur Coup-franc !,172
2015-03-04T17:33:46Z,De la chance pour Florin Bérenguer...,142
2014-10-18T18:19:40Z,Châteauroux - FC Sochaux-Montbéliard (1-4)  - Résumé - (LBC - FCSM) / 2014-15,10131
2014-08-23T22:00:02Z,AC Arles Avignon - FC Sochaux-Montbéliard (2-2)  - Résumé - (ACA - FCSM) / 2014-15,5905
2015-04-05T06:55:49Z,Top buts 30ème journée - Ligue 2 / 2014-15,2463
2014-08-09T22:30:26Z,AC Ajaccio - FC Sochaux-Montbéliard (0-2)  - Résumé - (ACAJ - FCSM) / 2014-15,13306
2014-10-18T18:21:14Z,Top buts 11ème journée - Ligue 2 / 2014-15,6858
2015-03-22T10:30:00Z,Top buts 29ème journée - Ligue 2 / 2014-15,2889
2014-08-02T22:00:02Z,FC Sochaux-Montbéliard - US Orléans (0-1)  - Résumé - (FCSM - US Orléans) / 2014-15,19110
2015-04-04T21:59:59Z,Stade Lavallois - FC Sochaux-Montbéliard (2-2)  - Résumé - (LAVAL - FCSM) / 2014-15,5549
2015-01-13T11:00:04Z,Valenciennes FC - FC Sochaux-Montbéliard (1-2)  - Résumé - (VAFC - FCSM) / 2014-15,5886
2014-08-24T07:00:45Z,Top buts 4ème journée - Ligue 2 / 2014-15,4448
2014-11-01T23:00:02Z,US Créteil-Lusitanos - FC Sochaux-Montbéliard (1-2)  - Résumé - (USCL - FCSM) / 2014-15,4793
2014-08-19T10:00:04Z,FC Sochaux-Montbéliard - ESTAC Troyes (0-2)  - Résumé - (FCSM - ESTAC) / 2014-15,9744
2015-01-17T23:00:07Z,FC Sochaux-Montbéliard - AC Ajaccio (1-1)  - Résumé - (FCSM - ACAJ) / 2014-15,4153
2014-10-17T14:38:11Z,CHATEAUROUX - SOCHAUX   1-4,524
2014-10-04T19:06:59Z,FC Sochaux-Montbéliard - AJ Auxerre (0-0)  - Résumé - (FCSM - AJA) / 2014-15,3402
2014-09-27T22:00:01Z,Tours FC - FC Sochaux-Montbéliard (0-1)  - Résumé - (TOURS - FCSM) / 2014-15,4639
2014-09-30T15:40:11Z,Top buts 9ème journée - Ligue 2 / 2014-15,1451
2014-12-13T23:00:01Z,Chamois Niortais - FC Sochaux-Montbéliard (0-1)  - Résumé - (NIORT - FCSM) / 2014-15,3744
2015-01-31T23:00:00Z,FC Sochaux-Montbéliard - AC Arles Avignon (1-0)  - Résumé - (FCSM - ACA) / 2014-15,6862
2015-04-25T22:00:00Z,FC Sochaux-Montbéliard - Havre AC (0-1)  - Résumé - (FCSM - HAC) / 2014-15,3837
2014-09-20T22:00:02Z,FC Sochaux-Montbéliard - Nîmes Olympique (2-0)  - Résumé - (FCSM - NIMES) / 2014-15,9567
2015-04-11T22:00:00Z,FC Sochaux-Montbéliard - US Créteil-Lusitanos (2-1)  - Résumé - (FCSM - USCL) / 2014-15,3781
2015-01-24T23:00:00Z,ESTAC Troyes - FC Sochaux-Montbéliard (2-0)  - Résumé - (ESTAC - FCSM) / 2014-15,6852
2014-11-22T23:00:04Z,Havre AC - FC Sochaux-Montbéliard (1-1)  - Résumé - (HAC - FCSM) / 2014-15,7021
2014-11-29T23:00:03Z,FC Sochaux-Montbéliard - Clermont Foot (1-0)  - Résumé - (FCSM - CF63) / 2014-15,5949
2015-02-14T22:59:59Z,FC Sochaux-Montbéliard - AS Nancy-Lorraine (0-2)  - Résumé - (FCSM - ASNL) / 2014-15,6092
2015-04-04T17:04:54Z,Conférence de presse Stade Lavallois - FC Sochaux-Montbéliard (2-2) - 2014/2015,131
2014-09-13T22:00:02Z,AS Nancy-Lorraine - FC Sochaux-Montbéliard (1-1)  - Résumé - (ASNL - FCSM) / 2014-15,9906
2015-03-21T23:00:00Z,FC Sochaux-Montbéliard - Châteauroux (3-0)  - Résumé - (FCSM - LBC) / 2014-15,10992
2014-12-20T19:26:41Z,FC Sochaux-Montbéliard - Angers SCO (1-1)  - Résumé - (FCSM - SCO) / 2014-15,5197
2014-08-30T22:00:02Z,FC Sochaux-Montbéliard - Dijon FCO (0-1)  - Résumé - (FCSM - DFCO) / 2014-15,5991
2014-09-24T22:00:05Z,FC Sochaux-Montbéliard - Stade Brestois 29 (0-0)  - Résumé - (FCSM - SB29) / 2014-15,2041
2015-04-18T22:00:02Z,GFC Ajaccio - FC Sochaux-Montbéliard (3-0)  - Résumé - (GFCA - FCSM) / 2014-15,7388
2014-11-08T23:00:06Z,FC Sochaux-Montbéliard - GFC Ajaccio (2-1)  - Résumé - (FCSM - GFCA) / 2014-15,6736
2014-08-23T17:56:58Z,Conférence de presse AC Arles Avignon - FC Sochaux-Montbéliard (2-2) - 2014/2015,594
2014-10-18T16:59:39Z,Conférence de presse Châteauroux - FC Sochaux-Montbéliard (1-4) - 2014/2015,464
2014-09-27T16:53:16Z,Conférence de presse Tours FC - FC Sochaux-Montbéliard (0-1) - 2014/2015,227
2015-03-21T17:58:35Z,Conférence de presse FC Sochaux-Montbéliard - Châteauroux (3-0) - 2014/2015,300
2014-11-23T10:14:20Z,Sochaux - Strasbourg 8ème tours de coupe de france,603
2015-03-07T19:46:37Z,Conférence de presse FC Sochaux-Montbéliard - Tours FC (2-1) - 2014/2015,221
