publish_date,title,view_count
2015-01-09T18:15:35Z,Fousseyni Cisse,2099
2015-05-23T22:00:00Z,AC Ajaccio - AC Arles Avignon (2-1)  - Résumé - (ACAJ - ACA) / 2014-15,4884
2015-03-14T23:00:00Z,Châteauroux - AC Arles Avignon (1-2)  - Résumé - (LBC - ACA) / 2014-15,3094
2015-02-21T23:00:00Z,AC Arles Avignon - Stade Brestois 29 (1-0)  - Résumé - (ACA - SB29) / 2014-15,2845
2015-03-10T16:18:37Z,AC Arles Avignon - AJ Auxerre (2-4)  - Résumé - (ACA - AJA) / 2014-15,6821
2015-04-18T21:59:59Z,Valenciennes FC - AC Arles Avignon (3-0)  - Résumé - (VAFC - ACA) / 2014-15,7517
2015-05-23T22:00:09Z,Top buts 38ème journée - Ligue 2 / 2014-15,6066
2015-04-04T21:59:59Z,Chamois Niortais - AC Arles Avignon (1-1)  - Résumé - (NIORT - ACA) / 2014-15,2009
2015-02-22T10:30:00Z,Top buts 25ème journée - Ligue 2 / 2014-15,1950
2015-02-14T23:00:00Z,Tours FC - AC Arles Avignon (2-2)  - Résumé - (TOURS - ACA) / 2014-15,11503
2015-02-28T23:00:00Z,Stade Lavallois - AC Arles Avignon (1-0)  - Résumé - (LAVAL - ACA) / 2014-15,2882
2015-05-02T22:00:00Z,AC Arles Avignon - US Créteil-Lusitanos (2-0)  - Résumé - (ACA - USCL) / 2014-15,2401
2015-03-15T10:30:01Z,Top buts 28ème journée - Ligue 2 / 2014-15,1882
2015-03-21T22:59:59Z,AC Arles Avignon - GFC Ajaccio (0-0)  - Résumé - (ACA - GFCA) / 2014-15,1323
2015-02-21T18:30:29Z,Conférence de presse AC Arles Avignon - Stade Brestois 29 (1-0) - 2014/2015,214
2015-05-23T17:02:52Z,Conférence de presse AC Ajaccio - AC Arles Avignon (2-1) - 2014/2015,184
2015-03-14T18:09:54Z,Conférence de presse Châteauroux - AC Arles Avignon (1-2) - 2014/2015,273
2015-05-10T14:31:28Z,Football : Le Mans FC perd à domicile contre Bressuire (1-2),154
2015-01-04T19:02:06Z,Djibril Paye,805
2015-01-10T23:31:11Z,Adama Niane,3994
2014-12-21T11:29:25Z,Franck Boli 2,719
2014-11-01T15:05:27Z,SS San Giovanni 1:2 FC Domagnano - 6°gg Campionato Sammarinese 2014/2015,428
2015-07-07T13:52:37Z,Lassine DIARRA Pieds Magics,252
2014-12-25T22:00:34Z,Isma Pépite Malienne 2.0,685
2015-04-11T15:23:23Z,Ibrahima Seck,5819
