published-time,comment,likes
2015-07-26T21:06:18Z,"LALA
",1
2015-07-20T19:24:29Z,1min 54 sec. That's what you call frustration,3
2014-08-08T15:32:59Z,Sylla 2de goal is buitengewoon !,2
2015-07-20T21:46:07Z,Welcome Back!,0
2015-07-18T07:32:13Z,"#25 François Kamano
SC Bastia, Ligue 1 & Guinea
Position: Striker - Right Wing
Date of birth: May 1, 1996
Age: 19
Foot: right
Height: 1,82 m
Nationality: Guine",0
2015-03-08T12:56:12Z,Good video,0
2014-11-26T15:27:44Z,Wow he looks reqlly like yattara from trabzonspor :( i miss him . Hopefully trabzon will buy him,1
2014-11-26T15:21:43Z,"Ibrahima yattaras little bro . He looks great , like his bro",3
2014-11-07T16:26:11Z,Trabzonspor coming yattara,2
2014-10-17T14:19:43Z,like his brother ibrahima yattara :),1
2014-09-11T13:24:23Z,FIFA 14 BEAST,0
2014-08-03T01:06:18Z,"make a video about josh murphy,nick powell,mason bennet,ivan cavaleiro,ricardo esgaio,ramon azeez,keneeth omeruo,jano ananidze,giorgio chanturia,break shea,fernando canesin,wellinton nem,ruben vezo,",1
2014-08-02T08:42:36Z,"#19 MOHAMED YATTARA
Olympique lyonnais (Ligue 1)
Date of birth: Jul 28, 1993
Place of birth: Conakry  
Age: 21
Height: 1,85 m
Nationality: Guine
Position: Striker - Centre Forward",3
2015-05-16T22:09:50Z,anderlecht!!!!,1
2015-05-10T09:14:05Z,Beloftenploeg? Sylla loopt daar gewoon tussen.,1
2014-10-07T15:15:32Z,"mooi , en net ook nog de Wout gezien !   proficiat voor de invalbeurt ! ",0
2014-10-07T08:34:48Z,Best young striker leya iseka,0
2015-02-07T15:40:41Z,Deschacht,0
2015-02-07T13:31:50Z,2-descacht,0
2015-02-06T22:09:02Z,Kljestan,0
2015-02-06T15:44:40Z,"Kljestan, just to say thanks for his great performace for anderlecht",0
2015-02-06T12:33:59Z,"Kljestan, to say thanks for everything he did for us",0
2015-02-06T11:55:21Z,n sakala,0
2015-02-14T01:14:29Z,Zoro Ciryac sans hésitation...,0
2015-02-09T22:32:38Z,"Zoro Cyriac
",0
2015-02-09T21:55:06Z,3 ,0
2015-02-09T21:12:40Z,dedoncker,0
2015-02-09T17:12:36Z,1-dedonker,0
2015-02-09T15:28:36Z,Dendoncker vs Lierse 2-0,1
2015-04-19T11:41:41Z,Great game Sacha!,0
2015-04-18T13:55:03Z,First comment again lol red bulls are the best ,0
2015-04-20T19:09:08Z,"Da kunnen jullie niet eh, barbies ",1
2015-05-14T12:54:28Z,Ohhh Aitor Karanka!,0
2015-05-09T21:39:34Z,Come on you bees!! Let's get up,0
2015-05-10T09:55:51Z,"Heel mooi, wel spijtig dat jullie enkel de hoogtepunten delen van Anderlecht. De vele goals en hoogstandjes die zich in jullie 16 afspeelden zijn het vermelden niet waard, recordkampioen?

Tot straks, jullie zullen ze zich later wel herinneren.",0
2015-05-01T14:04:26Z,,0
2015-05-01T13:41:26Z,Happy Birthday!!! : ),0
2015-05-01T13:39:40Z,"#25 François Kamano
SC Bastia, Ligue 1
Date of birth: May 1, 1996
Age: 19
Height: 1,82 m
Nationality: Guine 
Position: Striker - Right Wing
Foot: right",0
2014-10-11T11:06:35Z,"Praet et suarez
",0
2014-10-11T09:44:31Z,Praet,0
2014-10-11T09:01:11Z,Praet car c'est la champions league mais celui de Suarez et Najar sont pas mal aussi.,0
2014-10-11T04:09:51Z,Andy Najar. ,0
2014-10-10T06:07:10Z,Praet,0
2014-10-09T17:13:53Z,suarez,0
2014-10-09T15:39:36Z,Praet !,0
2014-10-09T15:13:23Z,Suarez = Praet ;-),0
2014-10-09T14:40:43Z,suarez,0
2014-10-09T13:16:21Z,Suarez vs Zulte,0
2015-04-04T16:14:52Z,et la champions league et l'europa,0
2015-04-04T13:29:05Z,"the best ever, mitrogoal, GRANDE.",0
2015-04-04T12:55:56Z,mitrogoal!!,2
2015-02-05T17:51:22Z,"Klestan est un super joueur dommage qu il part un grand Merci!!!

",2
2015-02-03T03:23:39Z,That was awesome! Pure class!,0
2015-02-02T18:36:17Z,Belgium class:  +1,3
2015-02-02T16:19:42Z,"Classy.  Thank you, RSC Anderlecht.",3
2015-02-02T10:55:53Z,USA!! USA!! USA!! Thanks for everything sacha!,3
