publish_date,title,view_count
2015-04-21T08:29:58Z,Idrissa Sylla&#39;s goal against SV Zulte Waregem (U21),2005
2015-04-20T21:17:57Z,U21 Line-up Anderlecht-Zulte Waregem with Idrissa Sylla,381
2015-02-05T13:20:05Z,Presentation Rolando &amp; Idrissa Sylla,6206
2015-07-20T16:44:24Z,Friendly game : RSCA 3-1 Lazio Roma (19/07/2015),22561
2014-08-08T01:54:16Z,"Samenvatting Shakhtyor Soligorsk 2 - 2 Essevee (Europa League Q3, 07/08/2014)",4257
2015-07-18T07:14:21Z,François Kamano - 2015 - Skills Assists Goals - Bastia 4K,2856
2014-09-24T22:20:54Z,Lass Bangoura 19 ★ Rayo Vallecano de Madrid ★ Goals Skills and Assists,38433
2015-05-07T12:06:04Z,MULTI ANGLE: Ghana international Kwesi Appiah scores v Derby,5669
2014-08-02T08:37:56Z,Mohamed Yattara  - Crazy Skills Dribbling &amp; Goals /Full ᴴᴰ/,55889
2015-05-05T07:01:58Z,U21 : RSC Anderlecht-Club Brugge 3-2,14360
2014-10-07T08:28:23Z,U21 : RSCA-Waasland Beveren 2-0,1555
2015-02-06T11:23:39Z,Player of the Month - January 2015,805
2015-02-09T11:06:58Z,Goal of the Month - January 2015,1464
2015-01-31T09:33:40Z,Beneleague : RSC Anderlecht-Ajax Amsterdam 1-1,1599
2015-04-21T07:45:31Z,U21 : RSC Anderlecht-Zulte Waregem 3-2,5514
2014-09-01T21:43:55Z,Chelsea Take Over Loftus Road Transfer Deadline Day,15786
2015-05-04T21:25:55Z,U21 Anderlecht - Club Brugge Line-up,99
2015-04-18T12:52:41Z,The 91st Minute With Sacha Kljestan,780
2014-11-01T20:35:57Z,"QPR 2-0 Aston Villa, 27-10-2014. Celebrating Austin&#39;s second goal.",3497
2015-05-04T16:39:05Z,"Charleroi - RSCA, PO1, 03/05/2015",181
2015-04-27T10:25:22Z,QPR v West Ham Loftus Road 25/04/15 Charlie Austin Penalty Miss,476
2015-04-20T08:17:12Z,"Club Brugge - RSCA, PO1, 19/04/2015",228
2015-05-09T14:17:54Z,Middlesbrough Reaction: Jake Bidwell,1705
2015-06-25T02:02:06Z,Chili 1-0 Uruguay (24.06.2015) HD,554
2015-05-09T10:15:35Z,Are you ready for #ANDclu ?,904
2015-05-01T13:19:41Z,François Kamano /25/ SC Bastia ► Skills Assists Goals /4K Ultra HD/ 2015,24727
2014-11-27T13:18:07Z,Juventus keen on Porto defender Rolando,1644
2015-04-14T11:36:41Z,Verslag U21: Essevee 3 - 0 Sporting Lokeren (13/04/2015),2847
2015-01-08T21:06:15Z,Granada vs Sevilla 2-1 Goal de Bangoura free kick 2015 (HD),157
2015-01-25T15:40:15Z,"CAN 2015, Entrainement RDC 3",658
2015-01-29T00:41:03Z,Kevin Constant Goal   Guinea vs Mali 1 0 - 28 01 2015,351
2014-10-09T11:37:42Z,Goal of the Month - September 2014,2275
2015-04-04T10:53:49Z,Mitrogoals !,10130
2014-12-17T18:10:49Z,Juventus target Porto centre-back Rolando,574
2014-10-30T11:26:07Z,Reactions after KVK Kortrijk - RSC Anderlecht,1689
2015-02-01T17:31:56Z,Farewell Sacha !,12308
2014-12-07T23:00:06Z,RC Lens - LOSC Lille (1-1) - Highlights - (RCL - LOSC) / 2014-15,2206
2015-03-04T09:27:09Z,"Souleymane Junior Sylla, Football Player (Striker) in Action",164
2015-02-13T15:59:14Z,Players RSCA showing their good heart,1758
2015-04-25T13:27:07Z,RETRO | 18/11/2012 : RSCA 1-0 KV Kortrijk,490
2015-02-09T15:38:41Z,Verslag U21: Essevee 2 - 1 RSC Anderlecht (06/02/2015),1502
2015-04-29T11:01:55Z,Beneleague : RSCA-FC Twente 0-4,976
2015-03-09T21:58:55Z,U21  Anderlecht-Lokeren 3-0 Penalty of Aaron Leya Iseka,436
2015-05-03T07:18:36Z,Sekou Keita - At. Madric C vs Adarve 2015 parte 2,496
2014-11-02T23:00:05Z,Goal Kévin BERIGAUD (32&#39;) / Montpellier Hérault SC - Evian TG FC (2-0) - (MHSC - ETG) / 2014-15,136
2015-04-20T15:20:21Z,"Club Brugge - RSCA, PO1, 19/04/2015",103
2014-11-17T08:15:47Z,"Arosa CF-  Cerceda CF ,Resumen, goles y declaraciones",139
2014-10-27T22:06:40Z,U21 Anderlecht-Standard Line Up,211
2015-02-16T10:54:31Z,Youth League : we need you against FC Barcelona !,1874
2015-05-03T17:26:08Z,Sekou Keita - At. Madric C vs Adarve 2015 parte 3,211
