published-time,comment,likes
2015-03-15T13:54:27Z,Beau match et victoire m�rit�e de l'ACA!,0
2015-04-11T10:37:56Z,ouf fallait le gagner celui _ là on s'est encore compliqué la tache pour rien .,0
2015-03-10T20:14:17Z,Pas mal l'arbitrage ... Sinon avant sa la défense de l'ACA parait moyenne,0
2015-04-20T08:29:52Z,VIVE LE VAFC  !!!!!!!!!!!!!,3
2015-07-06T11:07:44Z,allez brest,0
2015-06-04T08:11:05Z,ya meme pas de creteil tours ya santamaria et aussi andriatsima,0
2015-06-01T21:36:28Z,Ce champs de patate le terrain de Clermont 😱,0
2015-05-27T13:11:07Z,"J38 - Revivez les plus beaux buts de la 38ème journée sur la chaîne officielle Youtube ‪#‎Ligue2‬ ! Et vous, lequel préférez-vous ? ",7
2015-05-24T08:29:50Z,Le but de videmont n y est pas c est bizzare,0
2015-04-07T19:17:30Z,Et le peno non sifflé pour Niort il est où ? ;) Ahhhhh la lfp qui ne veux pas montrer ses erreurs...,0
2015-04-05T08:29:26Z,essayer de finir 18eme Arles Avignon vous serez sauver par notre descente a nous xD,0
2015-02-24T13:27:38Z,Abonne vous a moi. SVP,0
2015-02-22T10:51:56Z,But de l'uso magnifique ;),0
2015-02-22T10:41:48Z,Et gragnic?,0
2015-02-17T07:28:17Z,Andy est de retour !! <3,1
2015-05-03T08:57:43Z,Merville ...,0
2015-05-02T22:15:46Z, Ça y est !! Ils ont gagner !! Aller on se retrouve l'année prochaine en national pour le derby !! Enfin si on dessant pas en cfa2,2
2015-02-21T18:35:18Z,"Frist
Vené voir ma chaine g 20 aboné ",0
2014-12-27T00:14:14Z,bien isma ;),0
2014-12-26T15:21:19Z,"courage Broth, le meilleur est a venir",0
