publish_date,title,view_count
2014-10-05T20:58:44Z,PISA - PONTEDERA / 1 - 1 / GIANVITO MISURACA - Intervista,476
2014-10-12T17:50:57Z,2014 michele giannerini,189
2015-01-09T12:00:10Z,Aitor&#39;s Pre-Match Assessment: Reading,454
2014-10-26T19:42:38Z,Pistoiese/Teramo 4-1 Highlights dalla curva nord,559
2015-01-18T18:02:30Z,PISA - SANTARCANGELO / 1 - 0 / STEFANO MORRONE - Intervista,137
2015-01-30T11:14:38Z,Marco Giovio Pro Piacenza,409
2014-10-05T20:06:18Z,PISA - PONTEDERA / 1 - 1 / EROS PELLEGRINI - Intervista,242
2014-11-02T00:00:25Z,PISA  - SAN MARINO / 1 - 0 /  EROS PELLEGRINI - Intervista,159
2014-10-05T21:11:09Z,PISA - PONTEDERA  /  1 - 1 / GIUSEPPE GIOVINCO - Intervista,311
2014-10-05T19:51:42Z,PISA - PONTEDERA  / 1 - 1 /  ALBERTO PELAGOTTI - Intervista,138
2014-12-08T09:06:29Z,Pisa Grosseto 1-2 (19.10.2014),45
2014-10-05T21:36:49Z,PISA - PONTEDERA / 1 - 1 / SIMONE SINI - Intervista,516
2015-01-18T17:49:03Z,PISA - SANTARCANGELO / 1 - 0 / ALBERTO PELAGOTTI - Intervista,80
2015-01-06T23:20:20Z,PISA - FORLI&#39; / 0 - 1 / MATTEO MANDORLINI - Intervista,153
2015-03-17T13:30:19Z,Rigoni: &quot;Per me è una sfida particolare&quot;,641
2015-01-06T22:36:20Z,PISA - FORLI&#39; / 0 - 1 / FRANCESCO FINOCCHIO - Intervista,76
