publish_date,title,view_count
2014-08-09T22:00:02Z,ESTAC Troyes - Tours FC (1-0)  - Résumé - (ESTAC - TOURS) / 2014-15,6373
2015-02-21T23:00:01Z,US Orléans - Tours FC (2-1)  - Résumé - (USO - TOURS) / 2014-15,5021
2015-01-31T23:00:00Z,Tours FC - AC Ajaccio (0-2)  - Résumé - (TOURS - ACAJ) / 2014-15,2697
2014-10-18T18:21:37Z,Tours FC - Nîmes Olympique (1-2)  - Résumé - (TOURS - NIMES) / 2014-15,5305
2014-08-23T22:00:03Z,AC Ajaccio - Tours FC (1-0)  - Résumé - (ACAJ - TOURS) / 2014-15,4428
2014-08-02T22:00:02Z,Tours FC - US Créteil-Lusitanos (4-2)  - Résumé - (TOURS - USCL) / 2014-15,12503
2014-11-22T23:00:04Z,Chamois Niortais - Tours FC (1-1)  - Résumé - (NIORT - TOURS) / 2014-15,2099
2015-03-21T22:59:59Z,Nîmes Olympique - Tours FC (3-2)  - Résumé - (NIMES - TOURS) / 2014-15,8081
2015-01-24T23:00:06Z,Valenciennes FC - Tours FC (1-2)  - Résumé - (VAFC - TOURS) / 2014-15,7551
2014-11-01T23:00:05Z,Stade Lavallois - Tours FC (2-1)  - Résumé - (LAVAL - TOURS) / 2014-15,3483
2014-12-13T23:00:04Z,Clermont Foot - Tours FC (2-2)  - Résumé - (CF63 - TOURS) / 2014-15,3271
2015-02-07T23:00:01Z,Angers SCO - Tours FC (2-0)  - Résumé - (SCO - TOURS) / 2014-15,8991
2014-10-25T22:00:07Z,Châteauroux - Tours FC (2-1)  - Résumé - (LBC - TOURS) / 2014-15,4951
2014-08-16T22:00:02Z,Tours FC - Valenciennes FC (1-0)  - Résumé - (TOURS - VAFC) / 2014-15,8365
2015-02-14T23:00:00Z,Tours FC - AC Arles Avignon (2-2)  - Résumé - (TOURS - ACA) / 2014-15,11503
2014-09-13T22:00:01Z,AC Arles Avignon - Tours FC (1-0)  - Résumé - (ACA - TOURS) / 2014-15,3374
2015-03-07T22:59:59Z,FC Sochaux-Montbéliard - Tours FC (2-1)  - Résumé - (FCSM - TOURS) / 2014-15,9300
2015-01-17T23:00:06Z,Tours FC - ESTAC Troyes (0-2)  - Résumé - (TOURS - ESTAC) / 2014-15,3522
2014-12-20T23:00:03Z,Tours FC - Havre AC (3-2)  - Résumé - (TOURS - HAC) / 2014-15,6362
2015-01-10T23:00:05Z,Dijon FCO - Tours FC (0-3)  - Résumé - (DFCO - TOURS) / 2014-15,6745
2014-11-08T23:00:02Z,Tours FC - AJ Auxerre (2-3)  - Résumé - (TOURS - AJA) / 2014-15,6105
2015-03-14T22:59:59Z,Tours FC - Stade Brestois 29 (1-1)  - Résumé - (TOURS - SB29) / 2014-15,3557
2014-09-27T22:00:01Z,Tours FC - FC Sochaux-Montbéliard (0-1)  - Résumé - (TOURS - FCSM) / 2014-15,4639
2014-09-20T22:00:02Z,Tours FC - US Orléans (4-3)  - Résumé - (TOURS - USO) / 2014-15,17299
2014-09-24T22:00:04Z,AS Nancy-Lorraine - Tours FC (2-1)  - Résumé - (ASNL - TOURS) / 2014-15,10699
2015-02-28T22:59:59Z,Tours FC - AS Nancy-Lorraine (1-1)  - Résumé - (TOURS - ASNL) / 2014-15,3342
2014-11-29T23:00:04Z,Tours FC - GFC Ajaccio (2-1)  - Résumé - (TOURS - GFCA) / 2014-15,3857
2015-02-07T19:03:02Z,Conférence de presse Angers SCO - Tours FC (2-0) - 2014/2015,743
2015-02-08T22:59:59Z,Goal Pablo CHAVARRIA (77&#39;) / AS Saint-Etienne - RC Lens (3-3) - (ASSE - RCL) / 2014-15,215
2015-05-23T17:03:12Z,Conférence de presse US Créteil-Lusitanos - Tours FC (1-4) - 2014/2015,163
2014-08-10T22:00:04Z,But Antoine DEVAUX (34&#39;) / Stade de Reims - Paris Saint-Germain (2-2) -  (SdR - PSG) / 2014-15,4105
2014-08-10T22:00:03Z,But Prince ONIANGUE (22&#39;) / Stade de Reims - Paris Saint-Germain (2-2) -  (SdR - PSG) / 2014-15,2411
2014-10-30T16:30:56Z,Konan N guessan Ange Armel football.mp4,351
