published-time,comment,likes
2015-01-30T11:40:00Z,Guarda questo video su YouTube:,0
2015-05-19T12:59:09Z,"Il video si blocca al goal della Lazio.
Provvedere.",3
2015-05-18T15:33:50Z,"Meglio la Samp, ma vince chi segna (giustamente).",1
2015-05-18T13:11:50Z,DAJE LAZIOOOO,4
2015-05-18T12:02:07Z,Mi dispiace per la Sampdoria però a quei livelli non puoi sbagliare tutti quei gol! ,1
2015-05-18T10:25:10Z,"Da 3.04 in poi il video si blocca, potete ripostarlo? Grazie.",6
2015-05-18T09:41:45Z,"Goal da annullare chiaramente, ma se non segni mai non puoi pensare di vincere!",0
2015-05-14T18:19:39Z,"Ci sarò solo col cuore purtroppo, forza ragazzi!",0
2015-05-14T17:27:55Z,DOBBIAMO VINCERE!!!!! SPERIAMO CHE FINISCA COME DEVE FINIRE! Forza Samp,0
2015-05-14T16:41:56Z,#IoC'ero #IoCiSono #IoCiSaro',0
2015-05-14T14:48:48Z,#iocisono,0
2015-05-14T14:03:19Z,#IOCISONO,0
2015-05-14T13:58:49Z,#iocisono,0
2015-05-14T13:55:17Z,IO CI SONO!!!,0
2015-06-04T19:32:02Z,Forza  Spartak,0
2015-05-11T11:04:49Z,Bel documentario e bellissimo il progetto. Forza Spartak!,0
2015-01-05T23:25:46Z,grande FA,0
2014-11-07T10:15:24Z,"Milan have been lucky, even though their form is decent, they have shown clear signs (more than two) that they will struggle. I think Inter, for all the mortal boredom at watching them in midfield, do have a bit more solidity about them.  (re. Milan, I think Id be using Pazz than Torres ; Torres is better for advertising than actually winning games) I do not think Roma are in crisis - I think they have just shown their weakness(two) and its for other teams in the league to take that on. (weaknesses that were visible last season) We still talk about Roma and Juve, even though Napoli have the equal of both, because at the end of the day, the league suits Roma and Juve better - they can reduce walls - if Napoli could solve that - consistency against the smaller sides -  it will be very exciting. But I think Roma will get through to the next round of the CL - I hope so at least.",0
2014-11-06T23:00:25Z,"Hi James,do you think Roma have the mental strength to mount a serious title challenge? They seem to panic every time they come close.",0
2014-11-04T23:10:40Z,Hi James. Another great episode. What do you make of the rumours of a Qatari takeover or at least a strong investment in Napoli? Would really put them on the map.,0
2014-11-04T22:14:00Z,"Hi Chibuzo. I think it's a mix of things. The owner could be more ambitious and spend more but is limited in resources and by FFP. He can also point to overpaying for Hernanes. I fear there's a leadership vacuum and a lack of maturity in the dressing room, which isn't entirely surprising considering that Zanetti retired, and Samuel, Cambiasso, and Milito didn't have their contracts renewed. When Inter fall behind, they rarely ever turn things around. I have some sympathy for Mazzarri. Injuries have limited the team, but so have his tactics. If things don't improve soon he could reach the point of no return",0
2014-11-04T22:09:20Z,"Hi Finn. Hard to look beyond Juventus at the moment. Roma are experiencing a delicate period. Need to come through it. Once their injured players return, I expect them to fire on all cylinders again. Also I can't see Juventus putting up the same numbers as last year, so should be closer",0
2014-11-04T19:49:57Z,James who do you think will win the Scuddetto,0
2014-11-04T18:52:38Z,What/who can help this Inter?,0
2015-02-04T10:19:40Z,Hegazi 👍❤,0
