publish_date,title,view_count
2015-07-02T19:27:26Z,Guiseppe Rizzo Highlights 2015,498
2015-02-04T16:23:22Z,Conferenza stampa presentazione Marco Davide Faraoni e Giuseppe Rizzo 4 febbraio 2015,877
2015-05-15T21:32:43Z,DSC 0015/05/2015 MIXED ZONE POST PERUGIA CARPI CON GIUSEPPE RIZZO,134
2015-02-04T14:06:37Z,Presentazione dei nuovi Grifoni: Faraoni e Rizzo,416
2015-02-28T22:23:56Z,intervista Rizzo,378
2014-10-20T09:12:30Z,INSIGNE SBAGLIA IL RIGORE AL 93&#39; (Reggina 1-1 Lupa Roma 2014/15),645
2015-02-13T19:00:01Z,PERUGIA - MODENA   2-0,136
2014-10-20T08:07:26Z,Vicenza-Pescara 2-1,74
2014-10-26T21:17:54Z,Espulsione (inesistente) di Nicola Leali in Cesena-Inter (0-1),771
2015-03-03T23:25:33Z,Frosinone-Perugia 2-1 - Radiocronaca di Massimiliano Graziani (3/3/2015) da Radiouno RAI,480
2015-04-17T22:13:40Z,Ragusa dopo Cittadella-Vicenza,834
2015-07-12T13:41:45Z,Inter vs. Sampdoria (1:0) Highlights,2059
2015-05-16T21:17:54Z,SAMPDORIA-LAZIO 0-1 - Radiocronaca di Giuseppe Bisantis (16/5/2015) da Radiouno RAI,1273
2014-11-02T19:33:34Z,ASD San Biagio Platani 2 vs 1 ASD Muxar,822
2014-12-08T23:38:01Z,VERONA-SAMPDORIA 1-3 - Radiocronaca di Giuseppe Bisantis (8/12/2014) da Radiouno RAI,562
2015-05-01T16:21:37Z,CROCIATI NOCETO   ROYAL FIORE,143
2014-10-10T19:39:03Z,"Interviste dopogara Rimini - Fidenza a Pera, Tedesco e Gambino",26
2015-01-30T10:06:13Z,Conferenza stampa presentazione Nielsen 29 gennaio 2015,191
2015-05-18T08:30:00Z,Sampdoria - Lazio 0-1 - Highlights - Giornata 36 - Serie A TIM 2014/15,11767
2015-05-14T13:50:38Z,Sampdoria-Lazio. #IoCiSono,5310
2014-12-08T21:51:44Z,Highlights SecondoTempo Acireale 2 - Spaforese 2 del 6-12-2014,207
2015-01-19T11:48:12Z,intervista Giuseppe Conte,212
2015-05-16T08:16:31Z,Perugia Carpi. Commento di Marco Bertolini,302
2015-05-07T19:24:01Z,Video Spartak Lecce | &#39;Dimensione Spartak&#39;,2147
2014-11-05T20:26:49Z,Serie D C5: Sintesi di Casalvecchio- Nike Club Giardini: 0-7,322
2015-01-05T22:06:39Z,LAZIO-SAMPDORIA 3-0 - Radiocronaca di Giuseppe Bisantis (5/1/2015) da Radiouno RAI,5566
2015-04-03T08:09:32Z,02/04/2015 POST PARTITA VIRTUS ENTELLA VS PERUGIA CON MARCO DAVIDE FARAONI,243
2014-08-19T11:27:12Z,Gubbio-Perugia 0-5 2013/2014 Gol di Eusepi 0-1,206
2015-04-08T16:35:40Z,Coppa Italia 2014/2015 - Inter vs. Sampdoria (2:0),6512
2015-01-22T23:22:41Z,PULCINI 2005 ELIS - SETTEVILLE &amp; LODIGIANI - ELIS,112
2014-11-04T16:21:25Z,Walter Mazzarri desperate for a win as Mancini waits in the wings | Serie A | Talking Points,1587
2015-07-28T04:42:09Z,giovani promesse    il sorriso presicce,290
2015-02-04T09:07:59Z,"Conferenza stampa presentazione Hegazy, Mantovani, Ardemagni 3 febbraio 2015",631
2015-04-23T07:02:18Z,3^ Cat. - Sintesi gara Alì Terme - Mandanici: 3 - 6.,327
2015-05-12T06:55:31Z,rissa royalefiore medesanese 1,4083
2015-02-11T13:10:09Z,Stagione 2014/2015 - Inter vs. Sampdoria (1:0),3465
2014-11-17T17:30:55Z,LPF - Lugano Pro Futsal - Mobulu Futsal Uni Bern (4-3) - 15.11.2014,1485
2015-03-09T14:49:39Z,Top Players Serie A2 LC8 - Settimana 17 - Andrea Cesaro - legacalcioa8.it,129
2015-06-11T12:17:20Z,Marino: Prossimo allenatore del Calcio Catania,370
2015-03-06T10:57:29Z,| Royale Fiore - Valtidone | 3-0 | &quot;Highlights&quot; |,67
2014-11-18T21:53:26Z,"Catania-Latina, intervista a Marco Crimi",644
2015-02-03T18:06:54Z,"Presentazione dei nuovi Grifoni: Hegazy, Mantovani e Ardemagni",1143
2014-11-08T18:43:07Z,Miccoli - 7-11-2014 - Foggia Calcio,103
2015-05-11T13:01:55Z,HD-Real Audio Livorno-Bari 5-2 2014-2015 25^ giornata,87
2015-02-02T16:25:51Z,La Folgor Malia punta in alto | Pianeta Dilettati 2.2.2015,117
2015-02-10T14:50:06Z,Conferenza stampa presentazione Marco Amelia 10 febbraio 2015,650
2014-11-17T09:28:27Z,16/11/2014 INTERVISTA POST VARESE PERUGIA AMARCO EZIO FOSSATI,123
2014-10-01T20:14:12Z,Royale Fiore - Crociati Noceto,372
2015-04-24T12:40:32Z,Fabrizio Maffei Giornalismo Sportivo Calcio e Giovani PassioneDelCalcio.it - Parte 4,456
2015-04-04T13:05:03Z,Champions MIG 2014/15 OASI FRUTTI DI MARE (SCHALKE 04) - MARE BLU G.M. (MANCHESTER UNITED) 4-5,107
