published-time,comment,likes
2015-07-20T14:04:19Z,"Moi je joue au foot dans l'ancien club de taylor moore a l'as etaples
",0
2015-07-01T13:53:33Z,DELORT A LENS,0
2015-06-03T17:26:11Z,cc Rudy,0
2015-06-03T11:16:49Z,"1:39 : C'est quand tu vois ce genre d'actions que tu comprends pourquoi le RC Lens descend en Ligue 2. La défense a été de ce niveau durant toute la saison. Des erreurs à n'en plus finir, des mésententes, des oublis, des mauvaises relances... Lens a sans doute eu la pire défense de Ligue 1 cette saison. On ne peut pas prétendre rester dans l'élite avec une telle défense.",0
2015-06-02T17:20:39Z,Nantes m'énervent sérieusement là... Depuis quelques matchs on est plus foutus de gagner un match... Bravo à Lens et je vous souhaite de remonter en ligue 1 très vite.,1
2015-05-26T16:48:47Z,Je suis triste  pace que je suis lensois nes est lens na pas un budget fixe  et je trouve que nante devrait acheter un bonne attaquant mais le millieu et la défense  c est solide,0
2015-05-25T18:56:01Z,bien jouee lens bravo :),1
2015-05-25T13:44:57Z,Vite !!! Un VRAI attaquant au FCN !!!!! Audel a tout raté la ....,1
2015-05-24T23:03:37Z,"Une fin de saison plus que laborieuse pour nous, vivement le retour d'un buteur à Nantes... Ami(es) Lensois je vous souhaite de retrouver une vraie stabilité financière avec votre nouvel investisseur et revenir le plus rapidement possible pour perdurer dans l'élite, vos supporters le méritent.",1
2015-05-24T21:24:21Z,"Très mauvais résumé... Vous préparez un peu avant ou quoi ? On dirait que c'est fait au feeling !
Bravo à Lens, Nantes est naze sur cette fin de saison ! :)",1
2015-05-24T18:26:08Z,"En fait le FC Nantes c'est comme mon année scolaire : Au début, c'est excellent, rien à redire, puis ça se relache petit à petit et à la fin y'a même plus d'efforts...",10
2015-05-24T17:45:50Z,"Lens,quel club, quel public... Remontez vite =(",7
2015-05-24T08:23:56Z,the lens fans are just amazing. greetings from germany ,17
2015-05-24T07:55:21Z,"Lens termine sur une bonne note avant de préparer son retour en Ligue 2, Courage à vous Lensois !",16
