publish_date,title,view_count
2014-09-27T22:00:02Z,GFC Ajaccio - Nîmes Olympique (2-0)  - Résumé - (GFCA - NIMES) / 2014-15,4545
2015-01-17T23:00:03Z,GFC Ajaccio - Havre AC (1-0)  - Résumé - (GFCA - HAC) / 2014-15,2001
2014-09-24T22:00:04Z,US Orléans - GFC Ajaccio (0-1)  - Résumé - (USO - GFCA) / 2014-15,2264
2014-11-01T23:00:04Z,GFC Ajaccio - Châteauroux (1-0)  - Résumé - (GFCA - LBC) / 2014-15,2204
2015-06-03T16:13:25Z,LKOUTBI Sami - RAEC Mons,1370
2014-10-18T18:23:46Z,GFC Ajaccio - AC Arles Avignon (3-1)  - Résumé - (GFCA - ACA) / 2014-15,4243
2014-10-25T22:00:06Z,Stade Brestois 29 - GFC Ajaccio (3-0)  - Résumé - (SB29 - GFCA) / 2014-15,7149
2015-05-16T22:00:00Z,GFC Ajaccio - Chamois Niortais (3-2)  - Résumé - (GFCA - NIORT) / 2014-15,12607
2014-08-09T22:00:02Z,Havre AC - GFC Ajaccio (1-1)  - Résumé - (HAC - GFCA) / 2014-15,4917
2015-01-10T23:00:04Z,Chamois Niortais - GFC Ajaccio (1-1)  - Résumé - (NIORT - GFCA) / 2014-15,2074
2015-01-31T23:00:00Z,GFC Ajaccio - Clermont Foot (1-1)  - Résumé - (GFCA - CF63) / 2014-15,2256
2014-12-20T23:00:03Z,GFC Ajaccio - US Créteil-Lusitanos (2-0)  - Résumé - (GFCA - USCL) / 2014-15,2776
2015-01-19T08:27:09Z,timothée,65
2015-04-29T17:56:15Z,GFC Ajaccio - Tours FC (1-1)  - Résumé - (GFCA - TOURS) / 2014-15,3166
2014-11-08T23:00:06Z,FC Sochaux-Montbéliard - GFC Ajaccio (2-1)  - Résumé - (FCSM - GFCA) / 2014-15,6736
2014-11-29T23:00:04Z,Tours FC - GFC Ajaccio (2-1)  - Résumé - (TOURS - GFCA) / 2014-15,3857
2014-10-04T19:06:47Z,AS Nancy-Lorraine - GFC Ajaccio (1-0)  - Résumé - (ASNL - GFCA) / 2014-15,4589
2015-06-26T10:49:37Z,Paris Le Club !  #17,626
