published-time,comment,likes
2014-09-28T07:25:52Z,Aller nimes,0
2014-09-27T23:19:45Z,zlatan 1er,0
2014-11-03T14:50:44Z,c quoi ce stade mdr,0
2015-06-29T17:50:14Z,J aime trop le GFCA et bonne chance en D1.😁😁😁😂😂😈😈.,4
2015-05-27T12:39:17Z,Quelle saison exceptionnel du gazelec,7
2015-05-21T18:12:42Z,rien à dire appart BRAVO et bonne chance en L1 ( si le moustachu veut bien ) un supp monegasque,2
2015-05-17T09:57:58Z,Forza ACA ET GFCA,4
2015-05-17T09:26:17Z,Bravo aux Gazelec :) Supp de Troyes,4
2014-08-10T11:59:19Z,"c'est le havre, pas troyes ...",6
2015-01-14T10:55:16Z,"#Ligue2 - Classement des passeurs - Avec une 6e offrande en neuf journées, Florian Martin (Chamois Niortais) s’installe au 2e rang du classement officiel des passeurs de Ligue 2 - http://minilien.fr/a0nf16",1
2015-01-12T05:59:48Z,"2 cartons pour le gazelec
Allez Niort",0
2015-04-30T08:21:31Z,Allez tours fc,1
2014-11-12T15:58:32Z,"#Ligue2 - Classement des buteurs - Auteur de son premier doublé en Ligue 2, Karl Toko Ekambi (FCSM, 12e) frappe à la porte du Top 10 du classement officiel des buteurs après la 14e journée - http://urlz.fr/UxU",4
2014-11-09T21:59:27Z,ca se corse pour la montée ^^,2
2014-11-09T21:53:54Z,Y a péno normalement! 2:30,0
2014-11-09T15:10:30Z,"Jamais de la vie, il y a penalty. Mais bon maintenant c'est fait.",0
2014-11-09T09:51:28Z,Pour moi il y a penalty le joueur fait la faute dans la surface ,0
2014-12-02T15:35:05Z,"#Ligue2 - Classement des buteurs - Classé dans le Top 5 des buteurs de Ligue 2 avec 7 buts après la 16e journée, Youssef Adnane a relancé le Tours FC après 8 journées infructueuses - http://minilien.fr/a0nds8",1
2014-10-08T15:47:23Z,"#Ligue2 - Classement des passeurs - L’éclair de Walter : sur une ouverture de Rémi Walter, l’AS Nancy-Lorraine a obtenu une 3e victoire en quatre journées et marqué 10 points sur 12 possibles après la 10e journée de Ligue 2 - http://bit.ly/1uxbtqP",1
2014-10-05T16:33:26Z,je crois qu'il y a une petite erreur a la 7 seconde !!,0
2014-10-05T13:25:29Z,ALLER NANCY ! On est lancė pour la L1 !,0
2014-10-05T09:04:31Z,"Et voilà encore une preuve que les Nancéeins prennent exemple sur le patron Greanat, c'est qui qui se rassembler au milieu du terrain ?!?! On fait ça depuis le début de la saison dernière et vous vous mettez à le faire,vous avez vraiment pas d'imagination... #LaLorraineEstGrenatEtElleLeRestera ",1
2014-10-05T08:38:42Z,Ouais ça a merdouillé au niveau du logo XD ,1
2014-10-05T08:26:14Z,c'est pas un peu le logo de Arles Avignon xD ?,3
