publish_date,title,view_count
2015-02-21T23:00:00Z,Angers SCO - Stade Lavallois (2-0)  - Résumé - (SCO - LAVAL) / 2014-15,10820
2015-04-14T10:00:00Z,Angers SCO - Valenciennes FC (0-0)  - Résumé - (SCO - VAFC) / 2014-15,3811
2015-02-22T10:30:00Z,Top buts 25ème journée - Ligue 2 / 2014-15,1950
2015-01-18T10:30:01Z,Top buts 20ème journée - Ligue 2 / 2014-15,2167
2014-08-30T22:00:02Z,Tours FC - Angers SCO (1-2)  - Résumé - (TOURS - SCO) / 2014-15,11636
2015-01-17T23:00:05Z,AC Arles Avignon - Angers SCO (1-3)  - Résumé - (ACA - SCO) / 2014-15,8504
2015-03-07T22:59:59Z,Angers SCO - Chamois Niortais (0-0)  - Résumé - (SCO - NIORT) / 2014-15,3032
2015-01-10T23:00:09Z,Angers SCO - AS Nancy-Lorraine (3-1)  - Résumé - (SCO - ASNL) / 2014-15,13819
2015-02-07T23:00:01Z,Angers SCO - Tours FC (2-0)  - Résumé - (SCO - TOURS) / 2014-15,8991
2015-01-17T18:00:04Z,Conférence de presse AC Arles Avignon - Angers SCO (1-3) - 2014/2015,812
2014-09-11T16:02:03Z,Grêmio 1 x 0 Atlético-PR - Brasileirão 2014 - Venho do Bairro da Azenho /  Final de jogo,4905
2015-04-21T18:55:06Z,Azərbaycan kuboku 1/2 final: &quot;İnter&quot; 2:1 &quot;Neftçi&quot;,1178
2015-02-21T18:31:57Z,Conférence de presse Angers SCO - Stade Lavallois (2-0) - 2014/2015,630
