publish_date,title,view_count
2015-07-05T19:05:29Z,"COPA AMERICA FINAL 2015 (Chile vs Argentina highlights, goals, penalties, cartoon song)",3130290
2015-03-10T16:18:37Z,AC Arles Avignon - AJ Auxerre (2-4)  - Résumé - (ACA - AJA) / 2014-15,6821
2014-11-16T06:28:54Z,🐸Roy Hodgson sings Crazy Frog🐸 (England vs Slovenia 3-1 Euro 2016 Qualifier 15.11.14 highlights),774479
2015-05-16T21:59:59Z,AJ Auxerre - US Créteil-Lusitanos (2-2)  - Résumé - (AJA - USCL) / 2014-15,3012
2015-04-08T03:11:12Z,💪🏼RONALDO FIVE GOALS💪🏼Real Madrid vs Granada 9-1 Cartoon Charlie Adam Goal vs Chelsea,7074286
2014-09-20T22:00:03Z,Top buts 7ème journée - Ligue 2 / 2014-15,3191
2014-11-22T23:00:05Z,AJ Auxerre - Châteauroux (3-1)  - Résumé - (AJA - LBC) / 2014-15,5541
2014-11-19T04:24:17Z,⚽️Scotland vs England 1-3⚽️ 18.11.14 (Roy Hodgson sings The Proclaimers goals and highlights),621580
2015-05-16T21:33:47Z,Top buts 37ème journée - Ligue 2 / 2014-15,3620
2014-09-20T22:00:01Z,AJ Auxerre - AC Ajaccio (1-1)  - Résumé - (AJA - ACAJ) / 2014-15,3400
2014-09-16T10:00:04Z,ESTAC Troyes - AJ Auxerre (1-2)  - Résumé - (ESTAC - AJA) / 2014-15,11482
2015-04-05T06:55:49Z,Top buts 30ème journée - Ligue 2 / 2014-15,2463
2015-01-10T23:00:08Z,US Créteil-Lusitanos - AJ Auxerre (2-2)  - Résumé - (USCL - AJA) / 2014-15,4956
2015-05-13T18:12:59Z,🎶MSN SONG🎶 Bayern Munich vs Barcelona 3-2 PARODY (Champions League Semi-Final 2015 Goals Neymar),33045111
2015-01-11T10:30:02Z,Top buts 19ème journée - Ligue 2 / 2014-15,2043
2014-11-23T10:30:01Z,Top buts 15ème journée - Ligue 2 / 2014-15,1929
2015-04-04T22:00:00Z,AJ Auxerre - Nîmes Olympique (3-1)  - Résumé - (AJA - NIMES) / 2014-15,8391
2015-03-14T22:59:59Z,AJ Auxerre - FC Sochaux-Montbéliard (1-0)  - Résumé - (AJA - FCSM) / 2014-15,6434
2014-11-01T23:00:03Z,AJ Auxerre - Stade Brestois 29 (0-3)  - Résumé - (AJA - SB29) / 2014-15,6708
2014-10-10T02:41:43Z,"⚽️ENGLAND vs SAN MARINO 5-0⚽️ (France 2016 Euro Qualifier, goals 9.10.14)",1632447
2014-09-27T22:00:01Z,AJ Auxerre - AC Arles Avignon (2-1)  - Résumé - (AJA - ACA) / 2014-15,7194
2014-12-20T23:00:02Z,AJ Auxerre - Chamois Niortais (1-1)  - Résumé - (AJA - NIORT) / 2014-15,3911
2015-03-24T11:00:00Z,AS Nancy-Lorraine - AJ Auxerre (2-1)  - Résumé - (ASNL - AJA) / 2014-15,6203
2015-05-23T22:00:00Z,Havre AC - AJ Auxerre (2-1)  - Résumé - (HAC - AJA) / 2014-15,3493
2014-11-08T23:00:02Z,Tours FC - AJ Auxerre (2-3)  - Résumé - (TOURS - AJA) / 2014-15,6105
2014-12-13T23:00:04Z,GFC Ajaccio - AJ Auxerre (1-1)  - Résumé - (GFCA - AJA) / 2014-15,2954
2014-11-29T23:00:05Z,Stade Lavallois - AJ Auxerre (1-1)  - Résumé - (LAVAL - AJA) / 2014-15,4916
2014-11-22T17:28:43Z,Conférence de presse AJ Auxerre - Châteauroux (3-1) - 2014/2015,329
2015-05-16T17:39:27Z,Conférence de presse AJ Auxerre - US Créteil-Lusitanos (2-2) - 2014/2015,223
2014-09-20T18:23:47Z,Conférence de presse AJ Auxerre - AC Ajaccio (1-1) - 2014/2015,126
2015-01-10T19:01:15Z,Conférence de presse US Créteil-Lusitanos - AJ Auxerre (2-2) - 2014/2015,259
2015-01-19T12:36:00Z,Francis N&#39;Ganga misses open goal by hitting the post (LOTS OF REPLAYS),623
2015-04-04T17:21:51Z,Conférence de presse AJ Auxerre - Nîmes Olympique (3-1) - 2014/2015,462
2014-12-01T14:41:35Z,Coupe de Belgique - Appel aux supporters,3309
2015-05-28T18:59:54Z,FINALE COUPE BELGIQUE EUPEN BRUGGE,2336
2015-07-13T19:08:23Z,Fan Day  2015,2710
2015-03-10T16:23:57Z,Conférence de presse AC Arles Avignon - AJ Auxerre (2-4) - 2014/2015,333
2014-11-15T12:36:34Z,MONTIGNIES - CHATELET U8,131
2015-05-27T13:28:55Z,Coupe de France : Finale : Le parcours de l&#39;AJ Auxerre,13710
2014-09-01T09:11:11Z,Dieumerci Ndongala après RCSC - KV Mechelen,1089
2015-05-20T10:22:19Z,Damien Marcq avant R.Charleroi S.C -  FC Bruges #PO1,619
2015-03-05T21:10:36Z,TIRS AUX BUTS COMPLET BREST  AUXERRE  2-4  05/03/2015,4627
2015-01-31T21:50:16Z,Christophe Diandy à chaud après RCSC - Krc Genk,849
2015-01-12T20:34:00Z,💪🏼RONALDO BECOMES ARRAGANTALDO💪🏼 (Cristian Ronaldo 2014 Ballon d&#39;Or winner) by 442oons,1481253
2015-06-13T21:15:13Z,Sénégal vs Burundi (3-1) | Qualifications CAN 2017,286414
2015-04-08T08:40:50Z,"Coupe de France : 1/2 finales : AJ Auxerre - EA Guingamp : 1-0, but et temps forts !",30946
2015-03-30T10:42:20Z,🇫🇷Zlatan freak goal! Akinfeev flare! Kane debut goal🇫🇷 EURO 2016 QUALIFIER goals highlights,1540987
2014-11-29T03:20:03Z,💻I&#39;m A Footballer...Get Me Out Of Here! Episode 2💻(Suarez Wenger Ronaldo Messi Balotelli),842868
2015-07-01T05:14:55Z,Séance d&#39;entraînement de l&#39;Equipe Nationale Locale du Sénégal,1985
2015-04-02T12:18:29Z,PO1 : Dieumerci et Neeskens de retour de Dubaï,1682
