publish_date,title,view_count
2014-12-14T23:00:04Z,Goal Ryan MENDES (50&#39;) / LOSC Lille - Toulouse FC (3-0) - (LOSC - TFC) / 2014-15,6009
2015-02-22T23:00:00Z,Goal Ryan MENDES (17&#39;) / SC Bastia - LOSC Lille (2-1) - (SCB - LOSC) / 2014-15,199
2014-08-06T11:01:52Z,MVI 3398 sortie mendes entrée kalou lille zurich,48
2014-12-15T01:21:36Z,LOSC Lille - Toulouse FC (3-0) - Highlights - (LOSC - TFC) / 2014-15,5247
2015-02-22T22:59:59Z,Goal Giovanni SIO (22&#39;) / SC Bastia - LOSC Lille (2-1) - (SCB - LOSC) / 2014-15,156
2015-03-01T22:59:59Z,LOSC Lille - Olympique Lyonnais (2-1) - Highlights - (LOSC - OL) / 2014-15,2484
2014-12-14T23:00:07Z,But Ryan MENDES (50&#39;) / LOSC Lille - Toulouse FC (3-0) -  (LOSC - TFC) / 2014-15,4204
2015-02-22T23:00:00Z,But Ryan MENDES (17&#39;) / SC Bastia - LOSC Lille (2-1) -  (SCB - LOSC) / 2014-15,3519
2015-02-22T22:59:59Z,SC Bastia - LOSC Lille (2-1) - Highlights - (SCB - LOSC) / 2014-15,976
2014-08-24T22:06:29Z,LOSC Lille - FC Lorient (2-0) - Highlights - (LOSC - FCL) / 2014-15,4977
2015-02-22T22:59:59Z,But Giovanni SIO (22&#39;) / SC Bastia - LOSC Lille (2-1) -  (SCB - LOSC) / 2014-15,2398
2015-02-22T23:51:45Z,Highlights : Week 26 / 2014-2015,3531
2014-12-14T17:21:11Z,Lille vs Toulouse : (3-0) : Buts de Sidibé et Mendes pour les lillois - 14/12,373
2014-09-28T22:00:03Z,LOSC Lille - SC Bastia (1-0) - Highlights - (LOSC - SCB) / 2014-15,6664
2015-02-23T00:38:01Z,AS Saint-Etienne - Olympique de Marseille in slow motion / Week 26 / 2014-15,1322
2014-08-10T22:00:03Z,LOSC Lille - FC Metz (0-0) - Highlights - (LOSC - FCM) / 2014-15,2832
2014-11-09T23:00:07Z,Stade de Reims - LOSC Lille (2-0) - Highlights - (SdR - LOSC) / 2014-15,5033
2014-12-14T23:00:01Z,Goal Djibril SIDIBE (7&#39;) / LOSC Lille - Toulouse FC (3-0) - (LOSC - TFC) / 2014-15,285
2014-12-15T02:20:11Z,De beaux arrêts lors de la  18ème journée de Ligue 1 / 2014-15,11143
2014-12-14T23:00:06Z,LOSC Lille - Toulouse FC (3-0)  - Résumé - (LOSC - TFC) / 2014-15,41296
2015-02-23T00:43:04Z,AS Saint-Etienne - Olympique de Marseille à la loupe / 2014-15,13708
2014-09-21T22:00:06Z,LOSC Lille - Montpellier Hérault SC (0-0) - Highlights - (LOSC - MHSC) / 2014-15,2188
2014-12-21T23:18:38Z,Olympique de Marseille - LOSC Lille (2-1) - Highlights - (OM - LOSC) / 2014-15,9371
2014-12-14T23:00:07Z,But Djibril SIDIBE (7&#39;) / LOSC Lille - Toulouse FC (3-0) -  (LOSC - TFC) / 2014-15,2614
2014-12-15T02:16:38Z,Some amazing saves on Week 18 / 2014-15,1720
2014-10-26T23:00:07Z,Stade Rennais FC - LOSC Lille (2-0) - Highlights - (SRFC - LOSC) / 2014-15,2436
2015-02-22T23:00:01Z,Goal Floyd AYITE (40&#39;) / SC Bastia - LOSC Lille (2-1) - (SCB - LOSC) / 2014-15,407
2014-12-16T04:05:03Z,Gol Mendes R. Lille 2 - 0 Toulouse 14.12.2014  alexu888.blogspot.com,27
2014-12-15T01:11:21Z,Top buts 18ème journée - Ligue 1 / 2014-15,16609
2014-12-15T02:34:52Z,Highlights : Week 18 / 2014-2015,2808
2014-08-31T22:00:05Z,AS Monaco - LOSC Lille (1-1) - Highlights - (MON - LOSC) / 2014-15,6095
2014-12-15T02:20:05Z,Tous les buts de la 18ème journée - Ligue 1 / 2014-15,9608
2015-02-22T22:59:59Z,But Floyd AYITE (40&#39;) / SC Bastia - LOSC Lille (2-1) -  (SCB - LOSC) / 2014-15,1642
2014-12-14T23:00:01Z,Goal Nolan ROUX (77&#39;) / LOSC Lille - Toulouse FC (3-0) - (LOSC - TFC) / 2014-15,327
2014-12-15T01:18:34Z,Top goals : Week 18 / 2014-15,1620
2014-12-18T06:00:06Z,LOSC Lille - Girondins de Bordeaux (1-1 a. p. 6-5)  (1/8 de finale) - Resume (LOSC - GdB) / 2014-15,24603
2015-06-11T13:54:21Z,CRAZY 40 yard screamer! | Matthew Taylor goal | Sunderland 1-4 Pompey (2005),52699
2015-02-22T22:59:59Z,SC Bastia - LOSC Lille (2-1)  - Résumé - (SCB - LOSC) / 2014-15,14588
2014-12-15T02:17:18Z,Bloopers : Week 18 / 2014-15,1602
2014-12-14T23:00:06Z,But Nolan ROUX (77&#39;) / LOSC Lille - Toulouse FC (3-0) -  (LOSC - TFC) / 2014-15,2668
2015-02-23T00:16:57Z,Bloopers : Week 26 / 2014-15,1114
2015-02-22T22:59:59Z,Top goals : Week 26 / 2014-15,1528
2015-02-21T19:47:21Z,Wonderkid Murdoch scores stunning first goal for Gers!,3218
2015-02-22T23:30:56Z,Goals compilation : Week 26 / 2014-15,693
2014-12-15T02:22:06Z,Zapping de la 18ème journée - Ligue 1 / 2014-15,33037
2014-12-15T02:16:33Z,Goals compilation : Week 18 / 2014-15,536
2015-01-11T00:00:26Z,Top 5 des buts du LOSC : Mi-Saison 2014/2015,978
2015-02-22T22:59:59Z,Top buts 26ème journée - Ligue 1 / 2014-15,18040
2015-02-22T12:00:00Z,Highlights: Forest 4-1 Bolton (21.02.15),34271
2015-03-12T11:04:48Z,Throwback Thursday: Guy Whittingham v Luton Town (1992),1728
