published-time,comment,likes
2014-12-14T23:07:30Z,Magnifique ce but :),1
2014-08-06T11:32:37Z,Ah d abitude il le montrait je comprends pas pourquoi ,1
2014-08-06T11:30:07Z,"non.. ils ne l'ont pas remontré sur l'écran géant... j'ai que la ""joie"" des joueurs lol",0
2014-08-06T11:22:22Z,Bonjour tu as le but a Florent Balmont? ,1
2014-12-16T22:01:53Z,bramkarz popił ? on wgl bronić nie umie...,0
2014-12-15T20:29:20Z,Trop bonne ambiance ,0
2014-12-15T03:22:21Z,Sad how lille have been on the decline since hazard left. Hopefully they can build some momentum off thus win.,0
2015-03-02T09:29:03Z,Rony Lopes? some kind of new nickname he's going for or just a mistake for Marcos Lopes,1
2015-03-02T03:26:14Z,"As an OL fan, that was such a disappointing display",0
2015-02-23T03:44:34Z,I'm happy that I can watch this on YouTube ,6
2015-02-23T01:12:00Z,Song?,0
2014-08-11T04:33:17Z,mas chimbooo,0
2014-12-20T09:47:58Z,"Pas mal !!!!!!!!!!!!!!!!!!!!!!!!!!!!!!!!!!!!!!!!!!!!!!!!!!!!!!!!!!!!! Sauf certaines sont floues! !!!!!!!!!!!!!!
",0
2014-12-17T14:42:34Z,#Ligue1 - J18 - De beaux arrêts lors de la 18ème journée de Ligue 1 !,16
2014-12-16T17:59:59Z,MFA !!!!,0
2014-12-16T08:28:48Z,Haha le joueur de Bastia qui part célébrer tout seul quand Costil la met sur la barre :').,0
2014-12-15T22:09:16Z,"Sans un Vercoutre des grands soirs, on aurait pu en mettre 6 ou 7 !!",0
2014-12-15T21:48:25Z,Il manque celui de Mandanda sur la frappe de Martial,0
2014-12-15T21:45:31Z,"Grand match de Vercoutre pour son retour a Gerland, il était pas la Caen aurait pris plus ! Sinon Costil est en forme a ce que je vois !",1
2014-12-15T20:27:39Z,Sorbon se prend un vent a 2:06,0
2014-12-15T18:05:46Z,"PUTIN!!!



Ce qui on loupé Lyon",0
2014-12-15T12:37:12Z,Vercoutre is a beast!! Did Tony Lopes played? Odd to not see him here ,1
2014-12-15T09:24:48Z,MDR LE BASTIAIS QUI CROIT QU'IL A MARQUE ,7
2014-12-15T07:31:24Z,Costil vraiment en forme nationale!,4
2015-05-30T06:53:40Z,René Girard dégage entraîneur de merrrrde,0
2015-05-30T06:52:12Z,Ptn il rate un penalty ce con la merrrde,0
2015-05-08T19:55:23Z,J'espère autant de réussite pour le Losc contre le TFC d'Arribagé qui va beaucoup mieux‚ de toute façon si on gagne pas contre Toulouse il faudra un exploit et des défaites de Bordeaux et Montpellier pour jouer l'Europe‚ mais j'y crois‚ Allez Lille !,0
2014-12-15T23:05:26Z,"Pourquoi faire tirer les penaltys par un défenseur central ? il n'y a des pas d'attaquants ?

Lille aurais pu gagné 5-0",9
2014-12-15T19:01:32Z,une légère poussette dans le dos sa vaut carton rouge????? ,0
2014-12-15T16:16:30Z,"Elle fait plaiz celle là !
Dommage que Nolan tire pas le penalty en début du match.. il le méritait. On voit que Basa n'est pas du tout habitué.. ",2
2014-12-15T13:21:39Z,Il y a un truc que je ne comprendrais jamais : Pourquoi faire tirer les pénaltys par un pauvre défenseur central alors que vous avez Origi sur le terrain. Il est autrement mieux entraîné à les tirer enfin !,2
2014-12-15T08:12:18Z,"Le Tisserand ailier droit, c'est l'ancien défenseur central de Monaco ??",0
2014-12-14T23:12:10Z,Enfin une victoire continuer comme ça :),1
2015-03-29T11:57:47Z,Cé quoi la musique ,1
2015-02-28T05:31:33Z,FUCK L'OM !,2
2015-02-25T13:51:34Z,#Ligue1 - J26 - Revivez AS Saint-Etienne - Olympique de Marseille à la loupe grâce à notre chaîne officielle YouTube !,10
2015-02-25T04:21:06Z,W,0
2015-02-23T18:56:08Z,"Pfff, mauvais arbitrage",1
2015-02-23T12:52:34Z,est-ce que qqun a le titre de la musique svp ?,0
2015-02-23T00:57:54Z,C'est un peu le resumer de ASSE-OM ?,0
2014-11-06T21:49:32Z,Edf,0
2014-10-27T02:51:33Z,"Ntep is such a boss! Hopefully he stays in Ligue 1 longer. Great young talent, though can be a bit of a showboat ",3
2014-12-19T17:22:14Z,super le but de jeanot ,0
2014-12-19T07:49:06Z,Mendes est le plus beau sans hésiter (Supp Lyonnais),2
2014-12-17T08:31:28Z,"#Ligue1 - J18 - Revivez les plus beaux buts de la 18ème journée de Ligue 1 en vidéo grâce à notre chaîne YouTube ! Et vous, lequel préférez-vous ?",14
2014-12-16T17:56:13Z,"L'éclair de génie de Mendes, il faut que les attaquants Lillois reprennent confiance et Lille pourra se sortir de sa dernière place au classement des attaques de L1",0
2014-12-15T19:14:30Z,Le plus beau c'est celui de Jug ! ^^,0
2014-12-15T17:09:37Z,Celui de Lorient laisse a désirer pourtant il y a plein de but cette journee! Je préfère le premier,0
2014-12-15T13:58:32Z,Y'a quand même du haut niveau en ligue 1 !,0
2014-12-15T12:22:21Z,Boudebouz le plus beau !,2
2014-12-15T11:35:23Z,Jtrouve que celui de Mendes est le plus beau de la journée :),6
2014-12-15T07:39:46Z,"quitte a mettre Lens, celui d eValdivia etait mieux...",2
2014-12-15T01:22:02Z,"Pour une fois qu'il y a mon équipe dans ce classement LOL..
On va voter Mendes !! :)",6
2014-09-02T11:49:02Z,Radamel Falcao at Manchester United lol,1
2014-09-02T04:04:04Z,Ribolovlev n'a qu'a vendre le club aux chinois c mieux que de recolter d'argent dègage les russes,0
2014-09-01T13:36:47Z,WELCOME FALCAO TO THE BIGGEST CLUB ON EARTH MANCHESTER UNITED!!! Still taking the BEST players on earth! ,1
2014-12-15T16:23:10Z,#Ligue1 - J18 - Revivez tous les buts de la 18e journée de Ligue 1 en vidéo sur la chaîne officielle YouTube !,13
2014-12-15T11:27:06Z,Tous les buts sont super beaux,0
2014-12-15T07:00:06Z,First!!!!,0
2014-12-31T00:33:41Z,Enyemma est trop fort :),2
2014-12-18T18:46:56Z,Dommage que l'on ait pas le pénalty d'Enyeama :/,4
2014-12-18T17:32:35Z,"BSN & DVE <3 
ISSA NISSA ! 
Maintenant comme Nice est éliminé je suis pour Lille en coupe de la ligue ! :)",1
2014-12-18T16:04:33Z,on a gagné mais on aurait pu marquer plein de fois c'est toujours la finission qui foire,1
2015-07-19T11:23:11Z,Super matty taylor,4
2015-06-16T14:13:01Z,Should have been Goal of the Season..... would have been if Ronaldo had done it.....,2
2015-06-11T21:33:42Z,Get him back in a Pompey shirt!,5
2015-06-11T18:22:46Z,Brilliant player.,5
2015-06-11T14:06:05Z,Or Bergers free kick against Tottenham,3
2015-06-11T14:04:38Z,For the next one do Matty Taylor's goal against Leicester in 2003,8
2015-02-23T21:24:27Z,"Gros match de nos turchini ... On remonte à la 10ème place, Printant est dans la place !! Forza Bastia ;)",6
2015-02-23T09:43:58Z,"On se demande vraiment se que fait lille en ligue 1 avec une attaque pareil . Le losc n'est plus ce qu'il était il y a 2-3 ans . En même temps ils ne sont pas aidés : Seydoux vend tout les joueurs qui sont des éléments majeurs dans l'équipe , il y a aussi Girard qui comprend plus rien au foot , dès qu'il a une équipe qui produit du beau jeu , il change tout . Avant avec rudi Garcia , on s'en foutait de prendre deux ou trois but , le pincipale , c'était de gagner , avec Girard , des qu'on prend un but , c'est fini .
Vivement que tt ceux qui foutent la merde dans le club se casse en fin de saison . 
Gael , supporter lillois ",3
2014-12-18T23:50:32Z,That abuse to Ntep was so stupid. Idiot fans.,0
2014-12-16T18:57:10Z,Enorme le moment avec Bedimo et Lacazette qui se foutent de Umtiti,0
2014-12-16T07:12:04Z,a clash of heads is not funny,0
2015-02-26T17:39:15Z,That should have been goal of the month,0
2015-02-21T21:42:08Z,Sweeeeeeeeet strike wee man,0
2015-03-17T15:59:45Z,Je kif trop quand Lacazette et bedimo se foutent de la gueule de umtiti,0
2014-12-20T07:11:07Z,Quelle honte ces corses !! Sérieux je suis rennais et même à Nantes on n'aurait même pas l'idée d'aller cracher sur les joueurs parce qu'à Nantes ils sont aux moins civilse .bastia en ligue 2,0
2014-12-19T00:09:11Z,A 3.00 on dirait un clochard qui fait la manche avec son bonnet,0
2014-12-16T23:11:34Z,"Ajaccio estarti manque plus que bastia serieux j'ai revu les images le meneur qui dit ""encule que tu est tire le ce corner"" au passage les projectils et autres.... alors ressortir le nice bastia c petit heuresement yavait paz ces corses ",1
2014-12-16T17:20:27Z,Ptdrr arréter d insulter les corse vous aler le regreter avec leur fameuse vendeta^^,1
2014-12-16T17:04:00Z,allez psg,0
2014-12-16T13:17:11Z,"Puis pour en revenir à Bastia, c'est évidemment honteux mais tellement habituel... :-/ je ne mets pas tout le monde dans le même sac bien sûr mais il faut reconnaître que l'image du public bastiais est très sombre, à juste titre. Ces gens-là ne s'imaginent pas que ça va coûter cher à leur club. Car la LFP décidera de réléguer le club, elle passera par le côté sportif avec des consignes claires aux arbitres... je pense que certains me suivront ;-) il y a de la corruption et c'est ce qu'il y aura pour tout ça, il ne faut pas se voiler la face... même si, pour le coup, ça semble justifiable...",0
2014-12-16T13:13:22Z,"Juste un mot pour nous, lensois. Nous étions interdits de déplacement à Montpellier pour des raisons de sécurité ( officiellement ). Toutefois, une cinquantaine de supporters ont réussi à acheter des places dans un coin du stade. On les a empêché de rentrer avec leurs écharpes et autres !!! Ils ont même déployé une banderole : ""vous nous interdisez de nous déplacer"". Ce n'est pas la première fois cette saison. Pourquoi nous ?? Surtout quand on voit le contraste avec cette tribune bastiaise :-O Lens, c'est un public respectueux, qui a des valeurs. Un côté chambreur, comme tous les fans de foot.",9
2014-12-16T02:10:17Z,Débarrassez la ligue 1 de bastia,0
2014-12-15T16:28:59Z,BastiaMerda,0
2014-12-15T16:27:47Z,Lol le père noel au début 😂😂😂,0
2014-12-15T14:44:01Z,"De toute manière Bastia ça va finir en ligue 2, ça leur fera la bite à ces sous-merdes.",4
2014-12-15T13:47:56Z,Bastia pourquoi il ferme pas leur tribune de merde a ses corses vivement la ligue 2 pour ces abrutis ,1
2014-12-15T12:23:13Z,Les supporters de Bastia c'est les plus gros abrutis de l'histoire vivement qu'ils aillent rejoindre leurs voisins d'Ajaccio en L2 on les regrettera pas ,12
2014-12-15T12:07:54Z,Vous êtes vraiment cons les supporter bastiais ! Quelle mentalité ! ,3
2014-12-15T11:37:41Z,À 3:02 même le chien a honte d'être bastiais ^^ ,1
2014-12-15T11:21:12Z,Très belle mentalité des bastiais de cracher sur les joueurs... cela n'améliore pas leur mauvaise réputation... C'est honteux de voir ça,25
2014-12-15T10:51:48Z,"Bravo les supporters du virage Bastiais, ca donne une bonne image a votre équipe",7
2014-12-15T10:50:48Z,Les supporters de bastia sont betes au point de pas se rendre compte que ca ne serta pas leur équipe que de jeter des projectiles etc... ,1
2014-12-15T10:12:12Z,TRÉS beau training de Bordeaux ,0
2014-12-15T09:31:36Z,C une honte ce qui se passe a bastia a tous les matchs c pareil c normal que les joueurs se font cracher dessuz lancer des bouteilles et qu'on insulte leurs familles... ce poteau de corner est le plus mortel il est temps que ca change,9
2015-07-14T20:22:56Z,Jy etai a losc tfc,1
2015-02-25T13:25:32Z,"Celui de sala au top !! Enorme frappe 
Par contre celui de RENNES est pas extraordinaire car la frappe est bof et contré elle partait sur carasso ",0
2015-02-25T09:07:00Z,"#Ligue1 - J26 - Revivez les plus beaux buts de la 26ème journée de Ligue 1 en vidéo grâce à notre chaîne YouTube ! Et vous, lequel préférez-vous ?",17
2015-02-23T12:39:29Z,"Dans la conception, les buts de Paris et Rennes sont beaux. Après, les autres sont de beaux buts aussi, des frappes pures de Sala et Ayité et une très joli tête de Sio, un but qui mérite sa place dans ce classement...",1
2015-02-23T10:25:36Z,"Largement Sala numéro 1 pr cette journée, après je mets celui de Rabiot et celui d'Ayité",1
2015-02-23T09:22:34Z,Sala et de loin,3
2015-02-23T06:51:06Z,"N'Tep, Ayité et Sala. Je pencherai plutôt pour Floyd.",0
2015-02-23T06:45:19Z,Quelle frappe de Sala !,12
2015-02-22T23:29:42Z,"Pour moi seulement trois but sont beau: Rabiot,Ayitte et Sala. Ils ont quand même oublié de mettre le deuxième but de rabiot qui est quand même meilleure que celui de Ntep",0
2015-06-29T15:24:25Z,Dcfc the team for me ,0
2015-05-08T20:46:47Z,lets go forest,0
2015-02-23T12:09:21Z,#COYR,0
2015-02-23T12:09:15Z,AND IT'S NOTTINGHAM FOREST                                                                                                                                   NOTTINGHAM FOREST FC!                                                                                                                                             WE'RE BY FAR THE GREATEST TEAM THE WORLD WILL SEE ,0
2015-02-23T03:11:36Z,"Bien!!! Otro triunfo vamos forest hay que llegar a los playoff saludos a todos desde Lima,Perú ",2
2015-02-22T19:41:06Z,"Owowowow, Heskey in goal Heskey in goal, owowowowowow",0
2015-02-22T18:37:14Z,Good win lads now let's have a crack at Bournemouth. Get into em FUCK em up! Keep this steam train rolling!!,0
2015-02-22T17:06:03Z,The last goal...lol,0
2015-02-22T16:42:30Z,"1:02 i just played that in 720p, full screen and 0.5x speed, they brushed shoulders. they should be fined for that, avoiding a red card, and halting the game for about 8 minutes. if the keeper wasn't ""injured"" he would have been sent off.",3
2015-02-22T15:38:22Z,Some say he's still running.,2
2015-02-22T12:53:18Z,cant see what gave their keeper the injury?,1
2015-02-22T12:45:32Z,U reds!!,0
2015-02-22T12:36:00Z,"good win Reds, pls get promotion this time",0
2015-02-22T12:34:26Z,Take a bow Antonio,4
2015-02-22T12:33:00Z,Man like Heskey,6
2015-02-22T12:31:01Z,Fantastic! Missed the wigan home match last time so was first time seeing forest win at city ground since november :),0
2015-02-22T12:28:21Z,Brill match!,0
2015-02-22T12:11:26Z,Cmon Nottingham cmon ,0
