published-time,comment,likes
2015-06-09T11:33:43Z,그래봐야 일본 2부리그 수준,1
2015-06-06T21:35:06Z,"아시안 게임 때 솔직히 별로라고 생각했는데
이번 시즌 리그에서는 잘뛰는거같네요
이번 국대 선발도 됬겠다 다시한번 지켜봐야겠네요
판단은 슈감독님이 하시겠지만..",1
2015-06-05T08:03:32Z,"잘봤습니다.
저번 제주전훈때도 잘하던데 이번에도 대표팀에서 잘하길",0
2015-04-01T17:46:59Z,캬... 감탄만....  영상 멋지네요,3
2015-07-31T00:08:44Z,это же он у нас в дубле поиграл?,0
2015-07-11T16:50:30Z,"#11 Kim In-sung 김인성
Incheon United (K League Classic)
Position: Right-Back / Right Wing / Left Wing
Date of birth: Sep 9, 1989
Age: 25
Foot: right
Height: 1,80 m
Nationality: South Korea",0
2015-01-04T09:59:12Z,노래 뭔가요? 콜드플레이같은데... 제목좀,0
2015-07-27T14:34:14Z,"아시아 최초의 프리미어리거이자 맨유와
아인트호벤의 레전드인 박지성도 원래 일본
2부리그에서 뛰고 있었던 주목받지 못했던
선수였다
지금은 이용재를 응원하는 게 최선의 방법이다",1
2015-07-25T02:29:42Z,진짜 잘한다 부상만 당하지말기,1
2015-04-29T04:32:45Z,잘커다오,2
2015-04-09T16:45:38Z,와 좋은 영상 잘보았습니다 강수일 선수 움직임에 결정력이 상당히 좋아져서 노력하는 모습 너무 좋습니다 강수일 선수 원하는 국가대표는 반드시 이룰것이고 항상 잘되었으면 하는 바램입니다 집이 문제가좀있어서 직접 K리그 보러가지못해도 항상 응원하고 싶은 강수일!,8
2015-07-20T00:43:12Z,유럽선수들 보는 것 같다. 무엇보다 왼발 오른발 다 쓰는게 인상적이네.,1
2015-07-04T02:32:05Z,주민규 선수 항상 응원하고 팬입니다.,1
2015-06-08T18:35:52Z,시원시원하게 들어가네요,1
2015-06-03T12:41:10Z,정말 잘하네요..,0
2015-05-30T12:00:27Z,잘하네,1
2015-05-29T07:17:41Z,2:49초의 골은 예술이네...와우..,3
2015-02-26T22:46:34Z,Palestra CAI Germignaga,0
2015-07-22T18:07:34Z,항상 잘 보고 있습니다!,0
2015-07-12T05:32:55Z,incredible goals. baller!,4
2014-09-27T12:45:19Z,"주호형 금메달 따고 군대가지말고 분데스리가에서 활약하자. 제발~~~
",13
2014-09-25T14:47:44Z,분데스리거 클라스 보소,21
2014-09-25T13:33:35Z,박주호 씨1팔 저런 박주호를 명보새1끼가 씨1팔,26
2015-03-26T10:37:28Z,"Moon Changjin, Lee Jongho and Kim Hyun the best :P :D And I hope the keepers are good too ;)",0
2014-08-29T03:40:43Z,이런 아름다운 동영상을..,0
2015-07-20T13:39:47Z,Welcome to AlShabab ❤️🏁🏁,0
2015-07-18T01:38:11Z,Welcome to Al Shabab F.C ,1
2015-06-12T00:36:02Z,"항상 감사합니다 K리그를 자주보진않아서 잘모르는데
이렇게 항상 고화질로된 영상올려주셔서 감사합니다
브금은 tubo나 balnk같이 저작권문제없는 아마추어디제이노래 사용하시면 더좋을거같아요~",0
2015-05-05T07:18:46Z,요새  단연 최고의 선수! 좋은 영상 잘보고갑니다~ 포르자 수원!!!,0
2015-01-04T18:24:38Z,이거노래제목먼가요,0
2015-02-15T14:19:37Z,3번째에서 완전 소름돋음 ㄷㄷ;;,0
2015-01-16T20:09:13Z,"발리슛 정말 잘한다. 볼에 대한 집중력, 컨트롤이 대단한 듯. 한교원 화이팅~!!!",0
2014-12-23T13:06:35Z,와 한교원 선수 역시 멋지네요,1
2015-04-18T10:37:31Z,노래제목좀 알고싶습니다.,0
2015-07-19T15:20:52Z,skön!,2
