publish_date,title,view_count
2015-06-05T06:11:08Z,이용재 ▶ Lee Yong-Jae ● 2015 Season Compilation ● Korea International Forward,9816
2015-04-01T16:47:37Z,이청용 ▶ Lee Chung-Yong ● 국가대표팀 스페셜 ● Korea National Team Most Valuable Player,33368
2014-09-19T15:21:16Z,Giravanz Kitakyushu vs V-Varen Nagasaki: J League Division 1 (Round 28),245
2014-09-30T02:18:40Z,인천 아시안게임 특집 뒷담화 클래식 2014 E23. Korea Rep. vs Hong kong(Round of 16),75
2015-06-18T04:50:42Z,"[KFA GOAL] 대한민국 vs. UAE,  이용재의 데뷔골",5390
2015-07-11T16:10:08Z,Kim In-sung 김인성 /11/ Incheon United ► Skills Dribbling Assists Goals /4K Ultra HD/ 2015,2135
2014-10-16T20:04:18Z,[2014.10.14] 이청용 (Lee Chung-Yong) vs 코스타리카 볼터치 모음,5258
2015-07-08T06:42:51Z,ONSIDE 7월호 - The Interview 이용재,1641
2014-10-17T19:38:57Z,이재성 ▶ Lee Jae-Sung ● 2014 Jeonbuk Hyundai Youngster ●,20702
2015-04-08T14:32:43Z,강수일 ▶ Kang Su-Il ● 2014-2015 Season Compilation ● Jeju United &amp; Korea National Team Forward,29079
2014-10-17T13:22:22Z,[2014.10.14] 한국영 (Han Gook-Young) vs Costa Rica,1450
2015-04-16T18:30:49Z,김두현 ▶ Kim Do-Heon ● Whole Career ● The Best Midfielder in South Korea,12356
2015-06-25T15:55:48Z,김영근 ▶ Kim Young-Keun ● The Best Left Foot in K League Challange,2375
2015-05-13T17:00:50Z,주민규 ▶ Joo Min-Kyu ● The Best Goals Ever,10476
2015-02-26T22:57:46Z,Palestra CAI Germignaga,9
2015-01-26T08:28:42Z,Kwon chang hoon,607
2015-06-24T04:43:08Z,Copa América Chile 2015 ▶ Group Stage All Goals,2858
2015-01-13T08:01:29Z,Nam Tae-hee Goal Kuwait Vs South Korea,245
2014-08-10T13:14:31Z,14/08/10　J2 ザスパクサツ群馬×V・ファーレン長崎　イ　ヨンジェ選手ゴールシーン,2206
2015-05-31T09:21:15Z,주세종 ▶ Joo Se-Jong ● The Best Freekicker of K League ● Busna I&#39;Park No.24,5982
2015-05-11T08:47:00Z,김두현 ▶ Kim Do-Heon ● West Bromwich Albion Career (2008-09),26370
2015-06-24T19:30:11Z,"손흥민 ▶ Son Heung-Min ● The Sonsational ● Ready, Steady, Go!",9755
2014-12-15T07:56:02Z,Ki Sung-Yueng&#39;s Amazing Skill,34705
2015-05-10T23:16:44Z,에두 ▶ Eduardo Goncalves de Oliveira ● 2015 Goals &amp; Passes Compilation ● Jeonbuk Hyundai,10501
2015-07-06T08:20:29Z,김인성 ▶ Kim In-Sung ● The Sonicboom ● 2015 Season Compilation,9707
2014-08-10T13:37:34Z,20R : 이보 PK,149
2014-09-25T13:00:56Z,아시안게임 한국 홍콩 3:0 하이라이트 16강전 [2014.9.25],122201
2015-04-09T20:21:52Z,송진형 ▶ Song Jin-Hyung ● Goals &amp; Assists &amp; Skills Compilation ● Jeju United,7821
2014-08-10T05:58:24Z,K리그의 미래를 이끌어 갈 유망주들 (The Future of K League),2014
2015-04-19T15:18:35Z,염기훈 ▶ Yeom Ki-Hun ● 2015 Season All Goals &amp; Assists (until 2015.04.19),23043
2014-11-01T09:33:57Z,Badminton Tournament,35
2014-10-16T19:28:21Z,[2014.10.14] 남태희 (Nam Tae-Hee) vs 코스타리카 볼터치 모음,5697
2014-12-21T19:07:34Z,Han Kyo-Won &quot;Korean Talent&quot; TOP 5 Goals | 한교원 스페셜 인생골 2014,4439
2015-04-02T21:43:05Z,PARIS SAINT  GERMAIN vs CLERMONT FOOT AUVERGNE,85
2015-03-22T04:57:39Z,진성욱 ▶ Jin Sung-Wook ● 2014 Season Goals &amp; Assists &amp; Skills ●  Incheon United FC (진성욱 스페셜),4585
2014-09-19T15:11:42Z,V-Varen Nagasaki vs Avispa Fukuoka: J League Division 1 (Round 27),229
2015-01-06T10:56:53Z,2014 윤일록 스페셜 2014 Yun Il Lok,2809
2014-08-13T13:48:09Z,20140809 湘傑+一平 vs 景湖+欣怡 於劍新球館 小周隊,89
2015-07-09T03:08:16Z,XD U17 ChoongGao Lee-Carmen Chung vs Charles Zhang-Anne Mikaela Bayani 2015 US Junior Badminton Nati,339
2015-07-18T22:04:25Z,Single rallies by Viktor Aglinder Spring 2015,5027
2014-10-13T23:07:36Z,Caccavale/D&#39;Agostino - Carlone/Mungiello (DM),64
2014-10-17T14:09:57Z,2014 10 14 김민우 Kim Min Woo vs Costa Rica,383
2014-12-31T13:45:49Z,Спортивный интерес 2014 12 31,578
2015-01-09T20:39:33Z,Kang Ho Yong / Bless vs Kim Yong / Nui - 2015 PUD Badminton,194
2014-12-12T08:43:14Z,HONG Chul  Highlight,119
2015-07-26T04:03:34Z,BMD - 2014 LABC Thanksgiving Tournament,142
2014-10-28T05:05:21Z,Adrian VS Eric Chang 2-1,241
2014-11-10T11:21:20Z,latihan badminton di korea part4,120
2014-11-12T12:31:42Z,latihan badminton in korea part4,147
