published-time,comment,likes
2014-09-16T07:22:35Z,Adanaspor'umuzun hakkını yiyen hakemler bide kafasını yesin. Orusbu Çocuğu hakemler,0
2014-09-15T21:18:15Z,"Şu ülke futbolunda federasyon tarafından cephe alınmış tek takımı var o da ADANASPORdur. Böyle amatör ve korkak bir hakem görmedim. 
Diğer söyliceğimde Kaleci Atilla ve Stoper Abdullah Karmil bu maçta takım arkadaşlarına büyük ihanet ettiler yani böyle istekli arzulu bi ADANASPOR şu skoru hak etmedi futbol bizim ülkemizde çok kirli ve gittikçe tiksindiriyor kendinden",2
2014-09-15T16:45:28Z,Serdar ne gol atmis be. ,0
2014-09-15T10:53:12Z,ORDUSPOR <3,9
2014-09-15T05:48:38Z,sikmişim buz gibi golümüzü vermeyen hakemi..passolig diye bişeyi çıkaran federasyonu sikim...,0
