publish_date,title,view_count
2015-02-26T03:56:45Z,Kervens Belfort Highlights,40930
2014-09-10T16:17:11Z,Kervens Belfort (Forward #9) Haiti vs Chile (9/9/2014),9938
2015-03-12T05:28:49Z,JSF reçoit  Belfort,512
2014-09-08T09:33:51Z,[CFA] ESTAC 2 - 3 BELFORT : Les buts,288
2014-08-22T20:27:07Z,Haiti vs Chili,15589
2015-05-14T15:25:18Z,Rapid Fire: Pascal Millien,1508
2015-07-12T06:30:35Z,Maari Trailer - Cristiano Ronaldo Version [1080p],1431185
2015-07-29T20:51:24Z,PFL: Ambernath United FC 2-1 African United FC,14503
2014-10-11T15:49:00Z,"Haiti Vs Barbados (4-2) Highlights (Oct 10, 2014)",26384
2014-09-10T09:26:11Z,Haiti vs Chile Highlights (9/9/2014),26699
2015-07-11T00:24:29Z,Haiti Arrival #GoldCup2015 #CopaOro2015 @ussoccer @fhfhaiti,511
2015-02-13T15:03:01Z,Top 5 Wrong-Footed Goals - Chelsea FC,233
2014-10-01T18:01:38Z,Le magicien du ballon rond,463
2014-08-31T07:35:18Z,Adm GF38   Rodez,330
2014-09-27T11:31:42Z,Brighty Meets... Coppell,16061
2014-09-10T16:17:11Z,Reginald Goreux (Right Back #8) Haiti vs Chile (9/9/2014),3426
2014-09-10T16:17:11Z,Johnny Placide GK #1 (Haiti) vs Chile (9/9/2014),10194
2015-02-13T02:10:23Z,HAiti Under 17 Concacaf Championship 2015,905
2015-04-16T14:54:32Z,Fede Vico (Football Player),977
2014-10-14T04:19:05Z,Jean Sony Alcenat (Tiga),1639
2015-05-25T04:01:47Z,OV 1 - GF38 2,1758
2015-06-27T23:22:12Z,"Didier Boris Kadio - Defensive Midfielder, Jaro 2015",2143
2014-08-27T19:22:13Z,Abdul Baten Komol part 01,620
2015-01-28T23:59:43Z,Haiti U17 Championship Honduras 2015,2864
2014-10-22T18:08:18Z,Wilner Etienne Interview (October 2014),528
2014-08-31T16:17:31Z,Miedź TV Kevin Lafrance po meczu z Arką,1157
2015-04-19T10:44:44Z,Gol Jaime Cornellá 0 - Atco Baleares 1. Segunda división B Grupo 3. 14/15,459
2015-01-05T14:37:35Z,GF38 - OM : Entrée des joueurs,1491
2015-05-26T16:08:33Z,Ambiance Red Kaos 94 GF38-Saint Priest (2-0),707
2015-07-28T18:07:31Z,KBFC | TV : training 29.07.2015,521
2014-10-03T12:23:56Z,Admir Smajic ( source FC Sion WebTV 03.10.2014 ),6070
2014-09-09T07:04:49Z,FCVB CONTRE GF38 U13(3-1),1382
2014-12-10T16:44:42Z,Débandade au FC Sion: quels remèdes?,279
2015-03-19T12:55:37Z,Folgore 2 - 0 Faetano 13°gg Camp. Samm. 2014-15,27
2015-04-03T14:02:31Z,Miedź TV   Kevin Lafrance przed meczem z Widzewem,1246
2014-10-22T17:59:44Z,Donald Guerrier Interview (October 2014),4636
2014-12-30T23:07:23Z,GPRA MUSTANGS vs MALAPURAM FC (DECATHLON),449
2014-10-22T17:59:41Z,Interview With Captain Frantz Bertin (October 2014),1710
2015-05-29T00:56:27Z,Futnet Academy 72 a La Ferte-Bernard,482
