published-time,comment,likes
2014-09-11T23:31:31Z,"Nice bro , good game",1
2015-07-31T14:42:46Z,"Semme saavadi bro....
",3
2015-07-27T12:20:59Z,It's The Best Version Of Maari Trailer I Ever Seen.... ,22
2015-07-26T08:06:19Z,Wow! Great editing bro..,61
2015-07-22T00:10:01Z,"Maari Trailer - Cristiano Ronaldo Version [1080p] Do Watch it and Share if you like it :) 
 #Maari   #cristianoronaldo   #dhanush   #kajalaggarwal   #RoboShankar   #IrinaShayk   #marcelo   #cr7   #MaariTrailer   #Remix   #manchesterunited   #Portugal   #Realmadrid   #ggmu   #forcaportugal   #halamadrid   ",4
2015-07-21T18:23:56Z,HA HA... FUNNY GUYS,0
2015-07-21T04:18:32Z,nice.. ending veri.. also with srt its good,2
2015-07-20T18:06:11Z,"Mass bro..... Awesome than the other version
",3
2015-07-19T08:03:03Z,"Superb editing but mess I is the best
",2
2015-07-18T20:16:12Z,Sema sync ponga.. Pinnitenga,6
2015-07-18T15:09:06Z,"Next remix mama ah dude("" ~ "")",4
2015-07-18T10:32:38Z,Got goosebumps :D theri trailer!,3
2015-07-18T06:52:58Z,"Fantastic editing, and moreover, we want more video like this. Innum neraya Football therimass videos post pannunga bro, all the best!",3
2015-07-18T03:57:31Z,Ohh my god .....  I want it for neymar also.....,2
2015-07-17T14:39:33Z,That was really good,4
2015-07-16T14:23:40Z,"Hats off to you bro ;) 
Well done.",24
2015-07-16T10:55:52Z,Tharu maaru thakkali soru ponga. Semma #mass,2
2015-07-15T17:58:42Z,Nice work guys...,2
2015-07-15T06:05:39Z,thaaru maaru,2
2015-07-15T03:32:38Z,Superb great work,2
2015-07-14T17:34:37Z,Best maari edit so far,94
2015-07-14T16:37:18Z,Perfect Sync. One of the best  #Maari  Trailer Mix. Keep Going ;),83
2015-07-14T16:31:42Z,do for messi also :),1
2015-07-12T19:10:33Z,nice,3
2015-07-12T08:23:24Z,Lol,1
2015-07-12T08:06:07Z,"Maari Trailer - Cristiano Ronaldo Version - 1080p
 #Maari   #cristianoronaldo   #Version   #MaariTrailer   #CR7  ",25
2015-07-12T07:39:38Z,Thaaru Maaru Editing...,35
2015-07-12T07:04:43Z,Super dude,6
2015-07-30T15:42:57Z,Brilliant job Vishal!!,4
2015-02-14T15:11:07Z,Bel boul,0
2014-10-29T01:58:05Z,Mèsi anpil pou videyo a.,0
2014-10-11T17:06:30Z,barbers is bare shit,0
2014-10-11T17:06:30Z,barbers is bare shit,0
2014-09-10T22:48:37Z,ki jwe ki nimewo 16,0
2014-09-10T19:54:53Z,What's the name of the music?,0
2014-09-10T15:32:19Z,Pas mal...,0
2014-09-29T16:09:32Z,"Great stuff. Coppell is the No.1 all time Palace hero, with Brighty not too far behind. Great times under these legends.",1
2014-09-28T15:11:57Z,"The exclusion of the CRYSTAL PALACE football club from Europe, thanks to a corrupt football league ending liverpools ban early at our cost, set us back as a force and development by decades. Our history precedes 1905, way back to 1861 Our spirit is forever!",5
2014-09-27T23:41:59Z,"Legend, great interview very nice to see.",2
2014-09-27T18:52:03Z,"Will never forget the feeling of running onto the pitch from the Arthur at the Blackburn game. Hoping, one day, we'll be able to run like hell onto Selhurst pitch for another amazing & spontaneous celebration again.",5
2014-09-27T17:40:32Z,He put together a team that I idolised as a 6 year old boy and I'll always remember him for that.  That little scouse man is a hero of mine.,2
2014-09-27T14:13:39Z,Title of this clip absolutely spot on - Crystal Palace Legend.,4
2014-09-12T13:08:10Z,Bravo a toi Johny nous sommes fiere de toi c tout peyi a ki kanpe deyew tout kotew pase ,0
2015-07-12T21:29:51Z,I like thats,1
2014-08-31T16:52:59Z,Po polsku mówi lepiej niż Obraniak i Perquis razem wzięci,1
2015-07-29T05:33:57Z,ชื่อเพลงอะไรอ่ะ,0
