publish_date,title,view_count
2014-08-02T22:00:02Z,Châteauroux - ESTAC Troyes (0-1)  - Résumé - (LBC - ESTAC) / 2014-15,8140
2014-09-30T15:40:11Z,Top buts 9ème journée - Ligue 2 / 2014-15,1451
2014-10-18T18:23:28Z,Stade Lavallois - Stade Brestois 29 (2-2)  - Résumé - (LAVAL - SB29) / 2014-15,6852
2014-08-30T22:00:02Z,Stade Lavallois - AC Ajaccio (0-0)  - Résumé - (LAVAL - ACAJ) / 2014-15,2470
2015-01-31T23:00:00Z,Stade Lavallois - ESTAC Troyes (2-1)  - Résumé - (LAVAL - ESTAC) / 2014-15,8401
2014-11-01T23:00:05Z,Stade Lavallois - Tours FC (2-1)  - Résumé - (LAVAL - TOURS) / 2014-15,3483
2014-10-04T19:05:23Z,Nîmes Olympique - Stade Lavallois (0-0)  - Résumé - (NIMES - LAVAL) / 2014-15,2243
2014-09-13T22:00:02Z,US Orléans - Stade Lavallois (1-1)  - Résumé - (USO - LAVAL) / 2014-15,4821
2014-09-24T22:00:05Z,AC Arles Avignon - Stade Lavallois (2-3)  - Résumé - (ACA - LAVAL) / 2014-15,5070
2014-09-27T22:00:01Z,Stade Lavallois - AS Nancy-Lorraine (1-1)  - Résumé - (LAVAL - ASNL) / 2014-15,3754
2014-09-27T16:48:10Z,Conférence de presse Stade Lavallois - AS Nancy-Lorraine (1-1) - 2014/2015,154
2014-11-01T19:11:56Z,Conférence de presse Stade Lavallois - Tours FC (2-1) - 2014/2015,138
2014-10-31T14:42:42Z,LAVAL - TOURS  2-1,152
