published-time,comment,likes
2014-08-21T10:36:26Z,Lol 0-0 à la mi-temps  quel bouffon ce commentateur...,0
2014-08-08T05:09:57Z,haha quel con ce comentateur,0
2014-08-04T22:56:05Z,XtraGaMeuR36 oupssss grillée ;),0
2014-08-03T10:59:58Z,"0-0 à la mi-temps ? Heeeeeu.
24h pour préparer le commentaire et c'est pas correct.",1
2014-08-03T09:07:18Z,Makengo comment il l'a griller le pauvre mec !,0
2014-08-02T23:47:54Z,"@ 1:35 : ""à la mi-temps : zéro-zéro"" ????
sérieux ??? je rappelle que le seul but à été marqué à la neuvième minute ....",0
2014-12-10T14:30:38Z,"Aller Laval ses les meilleur
",1
2014-12-03T13:20:13Z,Méchant le but de robic...,0
2014-10-18T20:13:28Z,dommage que les lavallois ont réagi si tardivement,0
2014-10-18T20:07:38Z,"Bravo les tangos, on se voit la semaine prochaine à Sochaux !!!",1
2014-11-26T13:30:10Z,L'arbitre a réussi à gâcher le match a lui tout seul.,0
2014-09-01T07:15:58Z,Super match mais trés rageant de n'avoir marqué aucun but avec toutes ses occasions. ALLEZ LAVAL ALLEZ LES TANGOS,1
2014-08-31T18:41:18Z,Super Sissoko !!!,0
2014-08-30T22:13:52Z,Beau match !!,3
2015-02-02T09:20:33Z,#Ligue2 - J22 - Retrouvez les résumés des matchs du week-end sur la chaîne officielle Youtube !,8
2015-02-01T11:19:00Z,Allez Laval ! Superbe victoire contre le leader :),2
2015-02-01T11:08:49Z,Bien joué Laval,0
2014-11-02T19:12:59Z,Allez Laval !!!,0
2014-11-02T09:40:05Z,"GG Laval, c'est mérité ;)",1
2014-10-04T19:14:43Z,super match dans l'ensemble (pour Nîmes je parle) mais l'arbitre n'était pas au RDV,0
2014-10-04T19:14:07Z,Laval méritait de gagner... ,2
2014-09-17T18:25:15Z,Magnifique but de diazllo,0
2014-09-16T05:45:31Z,Aller l uso,1
2014-09-28T09:04:56Z,allez nancy,1
2014-09-28T03:23:07Z,dommage cette barre transversale à la fin du match...,1
2014-09-27T23:44:03Z,Deux jolis buts en tout cas !,0
