publish_date,title,view_count
2015-06-22T14:34:54Z,"IDRISS SAADI 2014-2015 [HD] Buts, Passes , Dribbles [L2T N°2]",57992
2014-08-16T22:00:02Z,Châteauroux - Clermont Foot (3-2)  - Résumé - (LBC - CF63) / 2014-15,7888
2015-05-04T05:31:11Z,But Idriss vs CSS ِCoupe 2015,549
2014-09-13T22:00:02Z,Clermont Foot - Havre AC (1-0)  - Résumé - (CF63 - HAC) / 2014-15,4599
2014-09-20T22:00:01Z,US Créteil-Lusitanos - Clermont Foot (2-2)  - Résumé - (USCL - CF63) / 2014-15,2568
2014-08-05T10:00:04Z,Stade Brestois 29 - Clermont Foot (2-1)  - Résumé - (SB29 - CF63) / 2014-15,11950
2014-11-22T23:00:06Z,Clermont Foot - AC Arles Avignon (3-1)  - Résumé - (CF63 - ACA) / 2014-15,4082
2014-08-16T23:01:09Z,Top buts 3ème journée - Ligue 2 / 2014-15,4128
2014-08-09T22:00:01Z,Clermont Foot - AJ Auxerre (1-1)  - Résumé - (CF63 - AJA) / 2014-15,6036
2014-09-30T10:00:03Z,Clermont Foot - ESTAC Troyes (1-0)  - Résumé - (CF63 - ESTAC) / 2014-15,3414
2014-09-19T20:18:32Z,ثنائية ادريس سعدي امام كريتاي في الدوري الفرنسي درجة2,3863
2015-01-24T23:00:02Z,Clermont Foot - Châteauroux (3-3)  - Résumé - (CF63 - LBC) / 2014-15,24378
2014-12-13T23:00:04Z,Clermont Foot - Tours FC (2-2)  - Résumé - (CF63 - TOURS) / 2014-15,3271
2014-09-24T19:26:25Z,Valenciennes FC - Clermont Foot (2-1)  - Résumé - (VAFC - CF63) / 2014-15,5962
2014-09-20T22:00:03Z,Top buts 7ème journée - Ligue 2 / 2014-15,3191
2015-01-17T23:00:03Z,AJ Auxerre - Clermont Foot (1-1)  - Résumé - (AJA - CF63) / 2014-15,3762
2014-10-25T22:00:02Z,Angers SCO - Clermont Foot (3-0)  - Résumé - (SCO - CF63) / 2014-15,8650
2014-11-23T10:30:01Z,Top buts 15ème journée - Ligue 2 / 2014-15,1929
2014-11-01T23:00:02Z,Clermont Foot - Nîmes Olympique (3-0)  - Résumé - (CF63 - NIMES) / 2014-15,3641
2014-12-21T10:30:00Z,Top buts 18ème journée - Ligue 2 / 2014-15,2896
2014-08-09T22:38:36Z,Top buts 2ème journée - Ligue 2 / 2014-15,3843
2014-08-23T22:00:01Z,Clermont Foot - GFC Ajaccio (3-4)  - Résumé - (CF63 - GFCA) / 2014-15,10927
2014-11-14T17:56:08Z,FLASHBACK: CARDIFF CITY 2-2 READING 01/02/2011,1491
2014-08-16T16:56:33Z,Conférence de presse Châteauroux - Clermont Foot (3-2) - 2014/2015,1301
2014-12-07T12:00:04Z,NOONE NUTMEG v ROTHERHAM,585
2014-12-14T10:30:00Z,Top buts 17ème journée - Ligue 2 / 2014-15,2068
2014-09-16T10:00:04Z,Top buts 6ème journée - Ligue 2 / 2014-15,1239
2015-01-10T23:00:03Z,Clermont Foot - Stade Lavallois (0-0)  - Résumé - (CF63 - LAVAL) / 2014-15,1641
2014-10-18T18:23:08Z,Clermont Foot - AC Ajaccio (1-1)  - Résumé - (CF63 - ACAJ) / 2014-15,1923
2014-11-08T23:00:01Z,US Orléans - Clermont Foot (2-1)  - Résumé - (USO - CF63) / 2014-15,4628
2014-12-12T18:23:11Z,CLERMONT - TOURS  2-2,98
2014-12-20T23:00:02Z,AS Nancy-Lorraine - Clermont Foot (1-2)  - Résumé - (ASNL - CF63) / 2014-15,4209
2014-10-04T19:06:11Z,Dijon FCO - Clermont Foot (1-0)  - Résumé - (DFCO - CF63) / 2014-15,3016
2015-02-21T22:59:59Z,Clermont Foot - US Créteil-Lusitanos (1-0)  - Résumé - (CF63 - USCL) / 2014-15,1702
2014-11-02T10:30:03Z,Top buts 13ème journée - Ligue 2 / 2014-15,3072
2014-09-12T20:12:48Z,هدف ادريس سعدي العالمي امام لوهافر,12787
2014-10-31T14:30:53Z,CLERMONT - NIMES  3-0,492
2014-08-15T18:19:17Z,هدف ادريس سعدي ضد شاتورو,6111
2014-09-20T18:26:51Z,Conférence de presse US Créteil-Lusitanos - Clermont Foot (2-2) - 2014/2015,218
2014-08-30T22:00:03Z,Chamois Niortais - Clermont Foot (0-0)  - Résumé - (NIORT - CF63) / 2014-15,1897
2014-08-09T18:08:46Z,Conférence de presse Clermont Foot - AJ Auxerre (1-1) - 2014/2015,946
2014-11-29T23:00:03Z,FC Sochaux-Montbéliard - Clermont Foot (1-0)  - Résumé - (FCSM - CF63) / 2014-15,5949
2014-12-13T20:39:22Z,Conférence de presse Clermont Foot - Tours FC (2-2) - 2014/2015,457
2015-01-31T23:00:00Z,GFC Ajaccio - Clermont Foot (1-1)  - Résumé - (GFCA - CF63) / 2014-15,2256
2014-11-01T19:09:13Z,Conférence de presse Clermont Foot - Nîmes Olympique (3-0) - 2014/2015,468
2014-11-22T17:23:59Z,Conférence de presse Clermont Foot - AC Arles Avignon (3-1) - 2014/2015,368
2015-05-08T14:28:37Z,NUTMEG: PETER WHTTINGHAM DOUBLE NUTMEG v HULL 2010!,1420
2015-06-29T17:25:45Z,TRAINING DAY: RALLS,2357
2014-11-22T12:10:46Z,FL HIGHLIGHTS: CARDIFF CITY 2-1 READING,8974
2014-12-20T18:33:46Z,Conférence de presse AS Nancy-Lorraine - Clermont Foot (1-2) - 2014/2015,706
