published-time,comment,likes
2015-07-23T21:21:06Z,Great :D,1
2015-06-29T10:36:16Z,Inchallah il va choisir l'Algérie,2
2014-12-30T18:51:38Z,"Gregory Thil apres une superbe saison 2013-2014 à Dijon il en fera une a la berrichonne de Châteauroux
Allez Chateraux et bonne chance à: Nestor, Houtondji,Roudet",2
2014-08-23T05:20:30Z,"la region centre est a l'honneur en ligue 2 Chateauroux,Tours,Orléans",3
2014-08-20T11:30:44Z,"#Ligue2 - Classement des buteurs - Après un 3e but lors de la 3e journée, Idriss Saadi (Clermont Foot) figure en tête du classement officiel des buteurs de Ligue 2. http://bit.ly/1oNzN6t",4
2014-08-18T08:06:51Z,"Bravo la berri !!!
",0
2014-08-16T22:56:36Z,Encore un bon gardien sur ce match ...,0
2014-08-16T22:16:57Z,Allez Châteauroux !!!,6
2014-09-14T07:15:40Z,"vener voire ma chaine ca parle de foot
(super bycyclette)",1
2014-09-21T06:56:22Z,Saadi tres tres bon,0
2015-07-18T22:06:00Z,Allez le hac ,0
2014-08-08T05:45:33Z,"franchement c'est mieux de voir les ,résumé sans le comentateur bidon la",0
2014-08-06T07:56:32Z,Super premier match Corinne malgré cette défaite,0
2014-08-05T11:39:37Z,"Pour vous, quel ont était les 3 meilleurs joueurs et les 2 meilleurs gardien lors de cette 1er journée de Ligue 2 ?",0
2014-08-05T11:16:49Z,Brest retrouve un public en forme et un équipe qui a envis je pense que cette année ils vont jouer la monter.Clermont fait du très beau football Corinne Diacre mérite de réussir contrairement a ce que dise les sexistes.,3
2014-08-05T11:06:05Z,y sont trop synchro a 1:17,0
2014-08-05T11:00:16Z,"Quel arret de Thebaux a 2:16, si vous faites un top arret pour cette journée n'oublier pas celui la.",0
2014-08-05T10:19:30Z,#Ligue2 - Revivez les meilleurs moments de Stade Brestois 29 - Clermont Foot (2-1) en vidéo grâce à notre chaîne officielle YouTube !,7
2014-11-25T16:12:55Z,"#Ligue2 - Classement des buteurs - Avec un 3e doublé express réussi cette saison, Idriss Saadi (Clermont Foot) a repris la tête du classement officiel des buteurs de Ligue 2 avec 9 buts après 15 journées - http://minilien.fr/a0ncqa",3
2014-11-24T20:25:50Z,Il y a personne dans le stade !!!!,1
2014-11-23T16:26:57Z,"Très belle victoire de Clermont et pardon pour les 3 abrutis quui ont tenu des propos racistes comme on dit y'a des cons partout.
Et putain Saadi quel joueur à mon avis la L1 va pas tarder à le connaître.",2
2014-08-21T09:46:57Z,#Ligue2 - Revivez les plus beaux buts de la 3ème journée de Ligue 2 en vidéo,6
2014-08-21T02:16:56Z,Comment peut-on faire un top buts de la 3 ème journée avant même qu'elle ne soit terminée...??? La preuve l'un des plus beau but de ce début de championnat n'y figure même pas!!! (Thomas AYASSE ESTAC de Troyes),0
2014-08-21T00:28:15Z,Le but D'Ayasse bon sang !!! But de l'année !,1
2014-08-19T18:05:34Z,Je pense que vous auriez pu attendre la fin des deux matchs qui ce jouait après vendredi surtout quand on voit le but de Thomas Ayasse ....,1
2014-08-16T23:05:55Z,"Il reste encore 2 matchs a jouer avant la fin de cette 3eme journee et vous, vous faites le top but avant meme la fin de cette journee. MERVEILLEUSE IDEE. ",4
2014-08-14T15:49:19Z,c'est quoi ce commentateur de nul,1
2014-08-13T09:48:19Z,AuXerre lol monsieur le commentateur n est pas de Bourgogne dirait t on,1
2014-08-10T21:45:53Z,"Je trouve qu'il a plus de motivation aussi là ^^.
On a un sacré gardien de but à Clermont ...",0
2014-08-10T18:02:59Z,Changement de la voie,0
2014-08-09T22:45:14Z,#courageFred,3
2014-09-30T10:09:41Z,#Ligue2 - Revivez les meilleurs moments de Clermont Foot - ESTAC Troyes (1-0) en vidéo.,2
2015-01-25T17:02:45Z,"C'est ça de s'enflammer quand on marque un but mes petits bleus et rouges...
Concentrez vous le dernier but des Clermontois est honteux, fallait rester concentrez
Branleurs cette équipe...
Bravo a Clermont qui a su revenir au score 3* avec notre déplorable équipe.
Direction National et on en parle plus..",1
2014-12-16T15:53:58Z,"#Ligue2 - Classement des buteurs - Déjà leader des buteurs, Idriss Saadi (Clermont) a conforté sa position lors de la 17e journée de Ligue 2 avec une 10e réalisation - http://minilien.fr/a0nbz2",5
2014-09-25T09:40:25Z,qui c'est les meilleurs ? VA,0
2014-09-22T18:40:03Z,Bryan Bergougnoux la base,0
2014-09-22T13:56:31Z,#Ligue2 - Revivez les plus beaux buts de la 7ème journée de Ligue 2 en vidéo,1
2014-09-21T07:59:04Z,Aller sochaux,1
2014-09-21T07:20:44Z,"Vive nancy 
 !! Trop beau le but ",0
2014-09-20T22:14:23Z,Quel promenade pour Nancy ,0
2015-01-22T21:26:54Z,Très bon résumé,0
2015-01-18T14:06:08Z,et il est hors jeux le troisième FDP d'arbitre de M...E !!,0
2015-01-18T00:42:09Z,"Dégoûté de tous ces points perdus ... on pourrait être largement mieux classé ! 
En espérant un peu plus de réussite et surtout l'achat d'un vrai buteur.",1
2014-12-30T12:48:06Z,allez le sco,3
2014-10-28T16:39:09Z,"#Ligue2 - Classement des buteurs - Après la 12e journée de Ligue 2, Jonathan Kodjia (Angers SCO) retrouve les commandes du classement officiel des buteurs - http://urlz.fr/QO5",6
2014-10-26T11:08:32Z,le logo de l'ASNL pour Clermont wtf?,3
2014-10-26T01:33:32Z,Vincent manceau pas marceau,7
2014-11-23T13:20:34Z,Encore un top buts sans meme que la 15 journee soit finit...,1
2014-11-23T10:43:55Z,GG oO,0
2014-12-27T20:43:27Z,et le but de martins pereirra il est ou ???????????????,0
2014-12-23T10:11:41Z,#Ligue2 - J18 - Revivez les plus beaux buts de la 18ème journée de Ligue 2 en vidéo sur la chaîne officielle YouTube !,1
2014-12-21T11:11:27Z,"Que des buts à l’extérieur, on entend le stade prendre le seum à chaque fois",4
2014-08-24T12:10:52Z,"C'est moi ou la bande son et l'image sont inversés sur les buts de Mayi ??
Pas mal du tout l'extérieur du pied sur le but de la victoire ! En tt cas, avec Clermont, y a du spectacle pour le moment !",0
2014-08-23T22:13:35Z,"On mène encore au score (2 fois) et on est pas foutu de tenir la victoire ! Avec une fois de plus un gardien en pleine forme (ironie) faudrait que les gars pensent à jouer comme les équipes de L1 c'est à dire 11 en def quand ils mènent au score
",0
2014-11-15T14:03:22Z,Dave Jones was a great manager and that was such a good team too Bothroyd was excellent at Cardiff,0
2014-11-14T22:23:20Z,I was at that game,0
2014-11-14T19:12:05Z,"The football we played back then, unfortunately seems to be better than what we play now...",0
2014-08-24T22:33:33Z,Manque pas de gène celle la,1
2014-08-18T11:11:09Z,"Quel horreur celle-là ; ""putain vous avez de ces questions"" bah ma grosse, c'est des questions auquelle tout entraineur professionnel doient savoir répondre, et toi à part faire ta grognasse tu sert à rien !",0
2014-12-14T20:01:26Z,Allez le sco,0
2014-12-14T15:07:48Z,vous êtes sérieux ? et le but d'édouard butin sur le centre de cacéres ? ,0
2014-12-14T11:29:30Z,Nique le SCO,0
2014-12-14T11:02:14Z,et le but de Poepon ? --',1
2014-12-21T23:36:19Z,Can't watch in the US :((,0
2014-10-19T08:37:33Z,"Oh pitain, je me suis vu en ramasseur de balle <3<3",0
2014-10-18T18:41:34Z,First,0
2014-12-29T16:16:17Z,"Clermont a gagne
What",0
2014-12-22T08:51:28Z,#Ligue2 - J18 - Retrouvez les résumés des matchs de vendredi et samedi sur la chaîne officielle Youtube !,0
2014-12-21T11:17:09Z,On se fait voler avec le but de Diagne qui n'st pas accordé...,2
2014-12-21T10:57:03Z, La balle est rentré les arbitres sont de plus en plus nul en France et la ligue leur laîche le cul ,2
2014-10-05T21:15:25Z,On ne peut pas suivre la l2 en Pologne ? ,0
2015-02-22T11:10:49Z,JAMAIS CLERMONT MERITE ,0
2015-02-22T08:48:46Z,Créteil mérite au moins 2-0,0
2015-02-21T23:07:27Z,Clermont ne mérite pas,0
2014-11-02T13:52:25Z,Mana Dembele! ♥♥♥♥♥♥♥♥♥,2
2014-11-02T13:09:01Z,la 13eme journée n est pas terminée mais bon...,1
2014-11-02T13:03:25Z,Aller angers aller nantes,0
2014-11-02T12:23:25Z,Faudra quon mexplique pq le dernier il es dans le classemen,2
2014-11-02T10:34:30Z,First,0
2014-08-30T22:23:14Z,First,0
2015-01-11T21:00:23Z,Il faut que les sochaliens continu comme ça ,0
2014-12-22T12:46:56Z,Allez sochaux !!!!!!,0
2014-11-30T09:25:14Z,Ensemble pour remonter en ligu1 les lionceau,0
2014-11-30T08:23:40Z,Allez sochaux!,0
2014-12-17T09:17:09Z,#Ligue2 - J17 - Retrouvez les réactions d'après match de la 17e journée de Ligue 2 grâce à notre playlist YouTube !,2
2015-05-08T15:03:46Z,That was my first match at the CCS and haven't missed a single home game since then. We won that game 2-0 with Rae and Olofinjana scoring. Wish I could remember the goals though lol.,0
2015-05-08T14:44:44Z,Better than messi ,0
2015-06-29T17:32:06Z,"TRAINING DAY: RALLS
Watch this video in full on Cardiff City PlayerHD >> http://www.player.cardiffcityfc.co.uk/latest-new


 #ccplayerHD   #CardiffCity  ",1
2014-12-10T22:42:21Z,"Why did he say ""its going to be whittingham vs le fonje"" when federici was the keeper?",0
2014-12-01T23:30:57Z,Horrid commentary Alex brought him down not Gunther.,0
2014-11-23T13:31:37Z,New commentator please!! I'll do it!,0
2014-11-23T11:34:29Z,hands down the worst commentary I've ever heard. pearce brought him down not gunter and does anyone know who le fonje is?,0
2014-11-22T22:28:18Z,"3:40 in video. ""It will be Whittingham against Le Fonje"".

Richard Shepherd strikes again",0
2014-11-22T18:18:09Z,Whens fan cam being uploaded,0
