publish_date,title,view_count
2014-11-13T10:45:52Z,40   Benjamin Leroy,1131
2015-02-18T19:22:06Z,Benjamin Leroy,1799
2015-03-09T16:14:33Z,Benjamin Leroy février,851
2015-05-03T22:53:48Z,Olympique Lyonnais - Evian TG FC (2-0) - Highlights - (OL - ETG) / 2014-15,2488
2015-02-08T23:00:00Z,Evian TG FC - Girondins de Bordeaux (0-1) - Highlights - (ETG - GdB) / 2014-15,987
2014-09-14T22:51:30Z,Evian TG FC - Olympique de Marseille (1-3) - Highlights - (ETG - OM) / 2014-15,5415
2015-03-04T22:59:59Z,Evian TG FC - FC Lorient (1-0) - Highlights - (ETG - FCL) / 2014-15,1154
2015-02-15T23:00:00Z,RC Lens - Evian TG FC (0-2) - Highlights - (RCL - ETG) / 2014-15,989
2015-04-19T22:00:00Z,EA Guingamp - Evian TG FC (1-1) - Highlights - (EAG - ETG) / 2014-15,652
2015-01-08T16:41:15Z,LOSC Lille - Evian TG FC (1-0) - Highlights - (LOSC - ETG) / 2014-15,1983
2015-05-10T21:59:59Z,Evian TG FC - Stade de Reims (2-3) - Highlights - (ETG - SdR) / 2014-15,669
2015-01-11T23:00:07Z,Evian TG FC - Stade Rennais FC (1-1) - Highlights - (ETG - SRFC) / 2014-15,880
2015-03-04T22:59:59Z,Evian TG FC - FC Lorient (1-0)  - Résumé - (ETG - FCL) / 2014-15,12623
2015-04-12T21:59:59Z,Evian TG FC - LOSC Lille (0-1) - Highlights - (ETG - LOSC) / 2014-15,1109
2015-04-05T21:59:59Z,OGC Nice - Evian TG FC (2-2) - Highlights - (OGCN - ETG) / 2014-15,896
2015-01-08T11:32:26Z,LOSC Lille - Evian TG FC (1-0)  - Résumé - (LOSC - ETG) / 2014-15,27771
2015-03-15T22:59:59Z,FC Nantes - Evian TG FC (2-1) - Highlights - (FCN - ETG) / 2014-15,2447
2015-02-01T22:59:59Z,Olympique de Marseille - Evian TG FC (1-0) - Highlights - (OM - ETG) / 2014-15,2031
2015-03-01T22:59:59Z,FC Metz - Evian TG FC (1-2) - Highlights - (FCM - ETG) / 2014-15,855
2015-04-26T22:00:00Z,Evian TG FC - SC Bastia (1-2) - Highlights - (ETG - SCB) / 2014-15,835
2015-03-22T22:59:59Z,Evian TG FC - Montpellier Hérault SC (1-0) - Highlights - (ETG - MHSC) / 2014-15,891
2015-05-24T04:02:37Z,SM Caen - Evian TG FC (3-2) - Highlights - (SMC - ETG) / 2014-15,1448
2015-01-18T23:00:06Z,Paris Saint-Germain - Evian TG FC (4-2) - Highlights - (PSG - ETG) / 2014-15,11640
2014-12-21T23:09:37Z,AS Saint-Etienne - Evian TG FC (3-0) - Highlights - (ASSE - ETG) / 2014-15,2280
2015-05-17T02:08:39Z,Evian TG FC - AS Saint-Etienne (1-2) - Highlights - (ETG - ASSE) / 2014-15,1358
2014-11-02T23:00:07Z,Montpellier Hérault SC - Evian TG FC (2-0) - Highlights - (MHSC - ETG) / 2014-15,982
2015-03-08T23:00:00Z,Evian TG FC - AS Monaco (1-3) - Highlights - (ETG - MON) / 2014-15,1758
2015-01-25T23:00:08Z,Evian TG FC - Toulouse FC (1-0) - Highlights - (ETG - TFC) / 2014-15,1874
2015-02-08T23:00:00Z,Evian TG FC - Girondins de Bordeaux (0-1)  - Résumé - (ETG - GdB) / 2014-15,13904
2015-04-05T21:59:59Z,OGC Nice - Evian TG FC (2-2)  - Résumé - (OGCN - ETG) / 2014-15,15266
2015-01-11T23:00:03Z,Evian TG FC - Stade Rennais FC (1-1)  - Résumé - (ETG - SRFC) / 2014-15,8474
2015-04-19T22:00:00Z,EA Guingamp - Evian TG FC (1-1)  - Résumé - (EAG - ETG) / 2014-15,9342
2015-05-03T11:29:09Z,Olympique Lyonnais - Evian TG FC (2-0)  - Résumé - (OL - ETG) / 2014-15,42707
2015-04-12T22:00:00Z,Evian TG FC - LOSC Lille (0-1)  - Résumé - (ETG - LOSC) / 2014-15,15603
2015-04-26T22:00:00Z,Evian TG FC - SC Bastia (1-2)  - Résumé - (ETG - SCB) / 2014-15,13203
2015-05-24T04:36:52Z,SM Caen - Evian TG FC (3-2)  - Résumé - (SMC - ETG) / 2014-15,28643
2015-05-10T22:00:00Z,Evian TG FC - Stade de Reims (2-3)  - Résumé - (ETG - SdR) / 2014-15,21575
2015-02-15T23:00:00Z,RC Lens - Evian TG FC (0-2)  - Résumé - (RCL - ETG) / 2014-15,13009
2015-03-15T23:00:00Z,FC Nantes - Evian TG FC (2-1)  - Résumé - (FCN - ETG) / 2014-15,20083
2015-03-22T23:00:00Z,Evian TG FC - Montpellier Hérault SC (1-0)  - Résumé - (ETG - MHSC) / 2014-15,8529
2015-03-01T23:00:00Z,FC Metz - Evian TG FC (1-2)  - Résumé - (FCM - ETG) / 2014-15,12931
2014-09-18T07:48:34Z,Bordeaux - ETG FC / Le point-presse,559
2015-05-17T02:54:19Z,Evian TG FC - AS Saint-Etienne (1-2)  - Résumé - (ETG - ASSE) / 2014-15,26599
2015-01-25T23:00:08Z,Evian TG FC - Toulouse FC (1-0)  - Résumé - (ETG - TFC) / 2014-15,10130
2014-08-29T13:29:49Z,Evian TG 0-3 SM Caen [09/08/2014],82
2014-11-02T23:00:08Z,Montpellier Hérault SC - Evian TG FC (2-0)  - Résumé - (MHSC - ETG) / 2014-15,10964
2014-12-21T23:00:07Z,AS Saint-Etienne - Evian TG FC (3-0)  - Résumé - (ASSE - ETG) / 2014-15,69731
2014-09-19T09:46:36Z,FOOT - L1 - ETG - Leroy : «Ne plus se focaliser sur l&#39;adversaire»,49
2015-03-08T23:00:00Z,Evian TG FC - AS Monaco (1-3)  - Résumé - (ETG - MON) / 2014-15,19689
2015-02-01T23:00:01Z,Olympique de Marseille - Evian TG FC (1-0)  - Résumé - (OM - ETG) / 2014-15,31364
