published-time,comment,likes
2015-07-18T20:18:12Z,"tem perninhas de alicate , não tem pedalada , para mais",0
2015-07-05T14:05:45Z,"He choose Porto, the best One, of course <3",0
2015-07-01T23:36:25Z,PORTOOOOOOOOO,0
2015-07-01T21:27:42Z,Welcome to FC PORTO!,11
2015-07-01T21:00:11Z,most expensive transfer in portugese league history! SOMOS PORTO!,0
2015-07-01T11:40:35Z,welcome to PORTO,0
2015-06-30T23:12:43Z,PORTOOOOOOOOOOOOOOOOOOOOOOOO,0
2015-06-30T22:45:44Z,WELCOME TO PORTOOOO,3
2015-06-30T12:05:05Z,"Benvindo ao PORTO! Tu va aimer le club, la ville et les supporters! Bienvenue Imbula! Ici tu vas gagner toute!",1
2015-06-29T18:27:30Z,"Overrated. Has a nice burst of speed and a nice left foot, but is too left footed. He can't advance the ball without his left. Also not sure if he's a pure DM. Seems more box to box. Not worth the amount of money being thrown around.",0
2015-06-29T18:17:17Z,BEM VINDO AO GRANDE FC PORTO!!,0
2015-06-29T16:31:12Z,FCP WELCOME!!,1
2015-06-29T14:01:35Z,porto? you are a crazy dear imbula,0
2015-06-29T13:41:36Z,WELCOME TO FC PORTO!,1
2015-06-29T09:58:02Z,Poooooorto <3 (just the 25M feed is annoying),2
2015-06-29T09:55:41Z,welcome to FC Porto  :),1
2015-06-29T09:33:14Z,Bem-vindo ao Futebol Clube do Porto!!!!,4
2015-06-29T09:01:17Z,Fc Porto,0
2015-06-29T07:32:13Z,"Welcome 
 to porto",1
2015-06-29T07:13:10Z,Welcome to FC Porto!!!,0
2015-06-27T15:30:35Z,wel cometi interrr,0
2015-06-26T19:35:33Z,Nothing exceptional I think!,1
2015-06-26T01:19:52Z,Benvenuto imbula#ForzaINTER,0
2015-06-25T15:58:30Z,"imbula,pogba,kondogbia copy/paste players, future of french national team is bright",3
2015-06-23T08:18:38Z,welcom to MILAN <3,0
2015-06-21T11:56:02Z,Sembra piu forte di Kondogbia,0
2015-06-21T00:11:37Z,Forza Milan,0
2015-06-20T19:33:29Z,"bienvenue a Internazionale, une maison, une grands, fier, peuple,
sourtout une famille,  pour réaliser un rêve!!!!!!!!!!!!!!!!!!!!!!!!!!!!!!!!",0
2015-06-20T18:19:22Z,Welcome to Inter! Hope you don't become redundant with kondogbia...a little scared that he can't use his right foot and serie A defenders will figure this out quickly,0
2015-06-20T16:50:36Z,welcome to famiglia,0
2015-06-20T13:07:01Z,best african technic - Jay Jay Okocha,0
2015-06-20T08:12:43Z,Welcome to Milan ahah,1
2015-06-20T07:09:10Z,Welcome to inter Imbula!,0
2015-06-19T19:10:33Z,"pare forte,welcome to INTER ;)",0
2015-06-19T19:01:18Z,Mica cade nei contrasti oh,0
2015-06-19T08:54:08Z,"c'è scritto pure sulla maglia ""INTER SPORT""
quindi fate voi ;D",1
2015-06-18T22:14:03Z,Welcome to inter #savekovacic,0
2015-06-18T22:05:19Z,Welcome to Fc Internazionale Milano Giannelli! :) #amala,0
2015-06-18T19:55:15Z,"Grande colpo di Ausilio! Se ora riusciamo a prendere anche Miranda, Allan, una seconda punta veloce e abile nell'1vs1 e tenere Mateo, cedendo magari Guarin, l'anno prossimo si tornerà a lottare per i primi 3/4 posti. Daje! <3",1
2015-06-18T11:58:13Z,Welcome to inter 😍😍😍😍,0
2015-06-17T22:04:00Z,Che coppia con kovacic thoir voglio vederli a san siro gia ho fatto l abbonamento dai cazzooooo,0
2015-06-17T21:27:31Z,Welcome to Crotone F.C,1
2015-06-17T13:57:33Z,Welcome to the inter 😍💙,0
2015-06-17T12:54:26Z,Welcome to Acireale!,0
2015-06-17T03:59:17Z,"Welcome to A.C. Milan imbula
#milanisback",0
2015-06-16T14:32:08Z,welcome to A.C MILAN,0
2015-06-16T10:40:49Z,CHE GIOCATORE DI MERDA!!!! SPERIAMO VADA AL VALENCIA E NON ALL' INTER CI MANCA UN  ALTRO BIDONE DEL GENERE!!!,1
2015-06-15T20:33:32Z,"Segna poco (e ci mancherebbe visto il ruolo), ma quando lo fa regala delle perle. Bel giocatore.",1
2015-06-15T15:31:50Z,L'Inter ha offerto 187 milioni di €,0
2015-06-15T14:57:40Z,Welcome to elGrande inter !!,1
2015-06-15T11:57:26Z,Benvenuto all'INTER finalmente un grande centrocampista,0
2015-06-15T11:38:04Z,INTER WELCOME,0
2015-06-15T11:32:05Z,only in inter,0
2015-06-14T21:35:04Z,@serebotnatv pls make a video of Danilo from Braga!,0
2015-06-14T18:37:46Z,ma perchè giannelli?,5
2015-06-14T18:08:49Z,Welcome to inter,2
2015-06-14T17:56:13Z,Welcome To INTER ,1
2015-06-14T17:31:49Z,Welcome to Inter Family Gilbert!,35
2015-06-14T14:44:36Z,Welcome to this cock....don't say the team....isn't official....w Inter,1
2015-06-14T12:42:50Z,WELCOME TO INTER!! AMALA ,1
2015-06-14T11:51:32Z,Inter ♡,5
2015-06-13T06:25:33Z,"Hello friends fans of Valencia I 'm a big fan of OM and I saw all these games OM .It never gives the ball at the right time , lack of vision of the game and physical impact in the game . it will be good if it has a good solid middle ground beside him to catch mistakes. A € 18 million is a very good deal for us!",0
2015-06-13T06:17:14Z,Overrated !,3
2015-06-12T08:20:03Z,Benvingut Giannelli!!,1
2015-06-10T04:38:33Z,Welcome to Chelsea,0
2015-06-09T08:36:06Z,WELCOME TO INTER,0
2015-06-09T00:17:09Z,Welcome to F.C. Internazionale,1
2015-06-07T13:54:10Z,"Este se viene al Valencia CF, amunt!",1
2015-06-07T11:07:18Z,Am I the only one that is completely underwhelmed by this player. Heard he was coming to Tottenham and now I desperately hope he's not! He can't pass for shit!,0
2015-06-06T08:24:55Z,bienvenido al VCF!!,0
2015-06-03T11:14:46Z,Welcome to Valencia!!,6
2015-06-02T22:28:12Z,Welcome to tottenham!,4
2015-06-01T09:49:47Z,Valencia C.F!!!,3
2015-06-01T08:52:47Z,Welcome to Valencia CF! ,13
2015-06-01T08:03:38Z,ya es del valencia cf bienvenido,5
2015-05-20T13:30:53Z,Finakly I can see no more ramires yeahhh!,0
2015-05-19T09:01:44Z,Welcome to Chelseea,0
2015-05-06T16:52:33Z,chelseafcccccccccccccccccccccccccccccccccc,0
2015-04-28T21:06:04Z,Welcome to Real Madrid,0
2015-04-28T20:30:20Z,Le Real Madrid vous attends IMBULA!!!!!!,0
2015-04-28T01:11:29Z,"Comming to Chelsea to play alongside Matic.....
Oscar getting the boot (probably), with him and Matic covering the defence you would need Ronaldo and Messi together to crack it, Chelsea might not concede a goal next season ~_~) but Mourinho is taking a big piece out of the attack for that.......",0
2015-04-28T00:18:33Z,"atm , chelsea is linked with everybody.
IMO, he looks like a better ramires , nowhere near yaya.
imo , chelsea will go for andre gomez . who is sensational with his feet , passing ability,closing down players.",0
2015-04-27T09:44:34Z,"I can defo see him on a Chelsea shirt. The boy gets really busy, solid defensive midfielder with a good foot work!!",1
2015-03-15T22:25:22Z,"Coquelin - Inbula for games we can't lose
 Imbula - Ramsey for a little more attack. ",1
2015-03-14T19:38:50Z,Imbula bon joueur,1
2015-02-28T20:28:35Z,Left footed athletic powerful defensive midfielder...similar to Matic..next big thing from France I reckon,0
2015-01-31T07:33:56Z,"Born in Belgium from Congolese parents and grew up in France.  Makes him eligible for any of those three countries.
Let the reeling in commence...",2
2015-01-16T17:49:05Z,he has arsenal written all over him!!! i can't believe wenger has yet to have signed him!! but since marseille are looking like they'll be getting a UCL spot next season - i don't see him leaving until he's 23 or even 24,0
2015-01-12T20:11:42Z,Come to Liverpool!,1
2015-01-07T00:54:30Z,"Sorry guys ! He stay in Marseille ! B-) or get ready to give 50M€ hahaha !
Giannelli is the futur of Marseille !",3
2014-12-29T16:45:51Z,"Young, French, skillful, Sign him up Wenger!!!!!!!!!!",2
2014-12-09T11:47:45Z,Omg another Pogba XD it's hard to find skillful defensive midfield players,3
2014-12-05T14:35:55Z,come to belgian national team please,0
2014-11-23T15:24:56Z,"Matic and Imbula, try getting to our back four!",6
2014-11-18T22:08:27Z,Would make a good back up for Matic or in a 4-3-3 with Matic and Cescy,1
2014-11-03T09:32:12Z,"nive vid man,thanks...",0
2014-10-31T10:51:31Z,This guy is going to Chelsea FC. Mark my words. I think he is a mix between Yaya Toure and Ramires. ,1
2014-10-31T10:29:15Z,Hints of Makelele/Toure/Vieira. Real Madrid's scouting him.,0
2014-10-25T21:34:22Z,"Imbula is the new Paul Pogba 
The best midfielders of Olympique de Marseille ",0
2014-10-25T12:56:45Z,CHELSEAAAA!  ,1
2014-10-20T19:15:22Z,"What the Song of the video please ? 
",0
2014-10-11T18:04:56Z,GIANNELLI IMBULA BEST MILDFIELDER IN MARSEILLE !!,3
2014-10-11T14:38:37Z,do andy najar please,0
2014-10-11T10:35:50Z,Left footed Yaya Toure,23
2015-07-01T10:31:50Z,FC Porto,0
2015-07-01T10:30:06Z,Welcome,0
2015-06-14T17:27:12Z,Passe de Dje Dje ...,0
2015-03-14T19:34:30Z,Gianelli imbula but goal goal goal goal,0
2015-01-23T22:32:35Z,Imbula est chrétien ? Je l'ai vu faire le signe de croix après son but.,3
2014-12-09T21:19:24Z,get him chelsea,0
2014-09-29T16:38:27Z,Quelle ambiance !!!!,5
2014-09-29T03:30:28Z,giannelliiiii IMBULAAA,0
2014-09-28T23:54:31Z,le Nouveau Pogba ;) ,5
2014-09-28T22:24:36Z,Magnifique !,9
2015-07-01T17:14:55Z,"Stays cool under pressure, tall and strong yet likes the ball at feet, great angles and pass success rate, good positioning and best of all he came to improve not just for the money  ... welcome to FC Porto",0
2015-01-10T14:12:06Z,"We need to sign him, he is what we are missing in the midfield ",1
2015-07-02T15:00:46Z,"Imbula no FC Porto....20 milhoes €...huhu!
",0
2015-06-26T16:29:54Z,FORZA INTER,0
2015-06-21T07:07:29Z,Good video and good player,1
2015-06-24T19:53:12Z,"Great player, Vieira was right he is a true disciplined destroyer",0
2015-06-03T02:04:00Z,Can you name these three songs?,0
2015-03-17T23:08:42Z,"Trop de talent ce joueur
Il mérite sa sélection en EDF",3
2015-07-01T02:35:39Z,Decent ,0
2015-07-01T02:35:22Z,Deceb,0
2015-06-14T15:00:26Z,"Payet se démêne bien pour le servir dans de bonnes conditions, là ...",0
2015-03-01T17:47:30Z,Champagne ,1
2014-10-07T17:10:29Z,Tu rigoles parfait !!!!!!👍👍👍👍,1
2014-09-26T02:10:09Z,Grosse frappe bien joué imbula !,2
2015-07-16T03:16:20Z,,0
2015-07-08T00:29:14Z,"Esse gajo é um medio trinco muito estranho..., está a me fazer lembrar o Redondo. Imbula pisa terrenos muito longo pra um medio defensivo... daria um grande 8. Bela contratação e boa sorte.",0
2015-07-06T21:46:27Z,Comunque dopo le dichiarazioni del padre di imbula toglierei questo video che non penso faccia bene a noi interisti,0
2015-07-03T14:24:49Z,"+8.000
GRAZIE!
GRACIAS!
THANKS! :,)",0
2015-07-02T13:29:39Z,A lot of black players un Ligue 1,0
2015-06-29T00:38:27Z,Porto!! :),7
2015-06-25T23:05:03Z,"Se volessimo andare bene l anno prossimo , via d' ambrosio, kuzmanovic,nagatomo e guarin ... comunque bel video iscritto!",1
2015-06-23T00:51:09Z,Porque subes videos antes de que pasen las cosas?  Imbula no es del inter anda ya puedes borrar el video ,1
2015-06-21T07:18:02Z,"Bellissimo video
Ma questo ragazzo non è da inter",1
2015-06-20T22:43:10Z,bel video :) sembrerebbe davvero un giocatore di prospettiva.. le parti delle azioni dove le hai trovate ? :),0
2015-06-19T19:13:23Z,mo non sia un altro m'vila.....,2
2014-09-26T19:51:43Z,IMBUDRIBLE,0
2014-10-21T11:44:27Z,Song ?,0
2014-08-23T17:53:01Z,ou tu prends tes clips?,0
2015-06-22T00:17:40Z,welcome to AC.Milan,1
2014-10-10T02:15:27Z,"Un capo Marcelo Bielsa , seguro aprenderan mucho los jugadores del marsella",0
2014-10-06T00:34:56Z,Marseille unstopable..remind me old marseile when Cana was captain,6
2015-01-01T22:17:54Z,"Le traducteur de cette équipe est un véritable héros XD.
Él traductor de este equipo, ESE es el VERDADERO héroe. XD
the team's translator, THAT is the REAL hero. XD",1
2014-10-03T06:23:18Z,Loco Bielsa!Loco Bielsa! Mad Bielsa!,1
2014-09-30T00:52:31Z,Let´s go crazy with Bielsa. You have to keep on building this dream.,0
2014-09-29T04:50:00Z,It's been a while since I've seen an impressive Marseille again. I mean Imbula and Ayew have come back and Gignac is on fire. Guess it's the Bielsa effect!,4
2014-09-09T00:43:35Z,Allez L'OM!!,0
2014-09-01T00:09:32Z,ALLEZ MARSEILLE,5
2014-08-31T23:39:27Z,finally home win. Man of the match Payet!,2
2014-11-12T11:10:06Z,"Le titre Paris domine Marseille me fais bien marrer .. D'où Paris nous a dominé on mérite minimum un match nul Paris est et restera une équipe pétrolière .
Forza OM <3",0
2014-09-26T02:14:43Z,Trop fort de la tête Ayew !,2
2015-02-18T05:20:41Z,who is the player beside him?,2
2014-12-05T12:29:13Z,he is such a character :XDD,7
2014-11-24T16:24:39Z,Great victory OM back to top of the table,0
2014-11-24T15:56:12Z,forza massilia,0
2014-09-26T02:12:19Z,Joli le coup du foulard !,7
2014-09-26T19:52:42Z,AYEW AYEW AYEW,0
2015-01-12T17:08:49Z,ALLEZ LA PAILLADE !!!! Les marseillais n'aiment pas nous voir cette saison...,2
2015-01-12T13:34:19Z,"Pourquoi est-ce que Marseille n'a pas développé le jeu séduisant qu'on a vu en 1ère partie de saison ? A cause de ce 3-3-3-1 dégueu. Allo Bielsa, ça ne MARCHE PAS. Il a beau être un super entraîneur, faudrait peut-être qu'il arrête de s'obstiner sur ce système qui ne mène à rien. Sinon bien joué le MHSC, belle victoire. L'OM, j'espère que l'orage passera vite, ça me mettrait les morts que cette belle première partie de saison soit détruite tout de suite derrière.",0
2015-01-12T10:50:50Z,y avait faute sur djadjedje,0
2015-01-12T10:48:59Z,allez l om,0
2015-01-12T09:36:53Z,La grosse simulation quand même à 2:06 pour le joueur de Montpellier qui tombe à croire qu'il s'est péter le tibia et qui se relève normalement à 2:13 pour le but --' ,2
2015-01-12T09:12:48Z,Eeh oui allez la paillade!! Encore une victoire contre les marseillais! Ça fait pas trop mal au cul?,7
2015-01-12T07:19:38Z,La frappe de berigaud est belle,1
2015-01-11T23:33:39Z,Omrani il ressemble à Brandao !!! :O,1
2014-10-24T16:13:30Z,Go ahead marseille and we have to win the derbi of olympics,0
2014-10-19T22:08:11Z,Its nice to see OM ahead of P$G and MONA€O,14
2014-12-08T16:11:30Z,Payet best player in League 1,0
2014-12-08T13:23:49Z,Payet > Everyone in Ligue 1 right now.,2
2014-12-08T10:25:38Z,gignac > ibrahimovic,2
2014-12-08T09:51:50Z,beau match,0
2015-02-17T11:35:45Z,the confidence level of this guy is almost 100%,4
2015-02-17T10:16:04Z, classic,0
2015-02-16T23:33:57Z,great goal. bigups champ!!,0
2015-02-16T19:46:13Z,Why would anyone score a goal like that? He could have almost missed. ,1
2015-02-16T13:00:03Z,"Nixx goal...keep it goin
U will be more than ur dad.",0
2014-09-26T02:08:13Z,And to think Marseille were almost dumb enough to sell him.,0
2014-09-25T23:02:52Z," #flyrasta  Kw3 Dede, any33 bo! goodluck bro",0
2014-11-30T23:57:58Z,Wtf is the ref doing at 1:23,0
2015-05-17T21:33:24Z,Ayew is a wonderful player,0
2015-05-17T17:51:04Z,What a finish by Ayew!,1
2014-08-21T03:17:23Z,Other Than That They Do Have Quite Alot Of Big Names,0
2014-08-20T06:30:14Z,Marseille's defence is absolute dogshit.,0
2015-04-20T01:07:09Z,Yeaaah,0
2014-08-11T11:05:47Z,I did not know that even it exists in whole tactician 3-3-3-1! :o,1
2014-08-11T02:21:47Z,Loved how classy Makelele looked!,3
2015-06-23T22:59:23Z,imbula would be perfect,0
2015-06-23T05:28:37Z,Why doesn't Arsenal get Song back ? He cheap and does a job and Chelsea want him so image if Chelsea have Cesc and Song in one team no one would have seen that coming years ago. Song is humble and won't complain too much about fighting with Coquelin and only 6mil come on! ! I know in my mind though Wenger wont do that but if i see Song at Chelsea and he does the job like he did at West Ham i will feel some type of way about that. But not sure between him and Schneiderlin x_x ,0
2015-06-23T05:25:28Z,It looks like the rumours are back and as I have been saying all along Aubameyang is who we should sign as a striker!! He's the almost the height of Giroud with the speed of Theo!!!,0
2015-06-23T04:16:53Z,"Cech is the one signing we absolutly have to do, I'd be happy if we get serious competition to Coquelin but if Cech is in, then players in other positions would be good but not a must sign which will make our summer a lot more relax than previous years ;)",0
2015-06-23T03:44:52Z,imbula would be a good pick. chelsea is also looking at imbula.,0
2015-06-23T03:02:15Z,Arsenal should sign Aubameyang if available ,0
2015-06-23T02:10:24Z,If United can come and buy van persie... City can come and buy Ade ...Barca can buy cesc ...why is it when Arsenal are linked with lewandowski or rooney or another WC striker at a big club its an impossible deal? we're a big club! we have deep pockets now and we have the 2nd best midfield (2nd to barca) to supply these strikers we should be looking to attack our rivals and pry some of these players away from them,0
2015-06-23T01:16:48Z,"If Arsenal dont like older players why are we investing in Cech then?Wenger's refusal or failure to sign mature players in the past is what cost the club trophies in the past.We never won anything with the kids he chased,remember?",0
2015-06-23T01:11:04Z,"We dont need another CF, we have Yaya Sanogo",3
2015-06-23T00:40:20Z,"Who knows, everyone said Martinez moving to Milan but he didn't. What if the same thing happens with Cech?",0
2015-06-23T00:05:46Z,0:23 about a week ago,0
2015-06-22T23:41:20Z,"Forget Schneiderlin, he would want to be first choice where Coq is better in my opinion, I would either go with adrien rabiot; can bring a different dynamic to the midfield with height and allow to learn off of Coq seeming as he hasn't put a foot wrong. Or secondly go for Marco Verratti who would be fitting for our midfield and play along side Coq.",0
2015-06-22T20:18:40Z,Apparently sky sources are saying about de Byrne from Wolfsburg arsenal are looking at him and there very interested in him will he bin the arsenal colours or the Wolfsburg at the emirates cup love u guys ,0
2015-06-22T20:01:27Z,"Let's get Benteke. He's young, strong and had good games. He's not signing a new contract and is a great player to buy to even compete with Giroud. ",0
2015-06-22T19:34:20Z,I know this is never going to happen but I would love Neymar at Arsenal.3rd best player in the world behind the first Ronaldo and second Messi.I love the guy with all my heart.He's already the Brazilian captain for the national team at only 23 years old.He has achieved so much already.I believe he can win the ballon dor very soon.Barcelona would never sell him,0
2015-06-22T19:27:56Z,"Arsenal don't need Schullp because he won't get into the team.Not world class and yes I know everyone has got to start from somewhere but we have enough wingers.

It's simple

In: Vidal, Sterling (maybe),Either Benzema or Jackson Martinaz

Out: Szczesny, Campbell, Sonago,Poldoski",0
2015-06-22T19:15:59Z,Cech Schnierdderlin and a NEW F**KING STRIKER !!,1
2015-06-22T19:11:20Z,"I just don't see what others see in Martinez. Everytime I've seen him play he's been missing all game. Sure me might randomly poke one in but that's no more than a quicker Giroud, who has better passing an touch to the ball, not to mention other qualities as a hold up striker that are better than Martinez.",0
2015-06-22T19:07:42Z,"Regarding Jackson Martinez Link. my personal opinion is that the age its not a valid excuse on not signing him. Look what happened with Pirlo and Milan. In 2011, Milan let Pirlo leave because they thought he was too old (34).
He's since won 7 trophies
Milan have won none.",0
2015-06-22T19:06:11Z,"Robbie, I think we need a Veira and I think this is unrealistic but if city need to offload to bring I think we should nick yaya toure we could convince him with a birthday cake ;)",0
2015-06-22T18:36:16Z,Arsenal fans wouldn't be happy if they signed messi well at least some,0
2015-06-22T18:21:08Z,"Even if we did sign Cech, I still think we need a world class striker to win the League.",0
2015-06-22T18:20:32Z,Sign varane and bender 30 mil,0
2015-06-22T18:15:45Z,Plus how do we know he's 28 he could have a dodgy columbian passport ! I reckon morata is a striker we should look at if rather spend the money on schneiderlin or Vidal ,0
2015-06-22T18:11:00Z,Fuck martinez ,0
2015-06-22T18:07:44Z,"Thank you!!! Some of these idiots just pluck names out the air and think it's as easy to sign them as it is on FIFA, smh.",0
2015-06-22T17:44:42Z,"Okay so if martinez is going to athletico then someone coming out of athletico that would probably be griezman who is a great striker we should buy him

",0
2015-06-22T17:39:19Z,Any news on Claude yet? Hope you're OK bro. All the Chicago gooners are pulling for you,0
2015-06-22T17:32:56Z,"I'm not saying we will get either of them but anyone that knows about world football would know is Imbula is more of a beast than Kondogbia, Imbula is better all round than Kondogbia, Imbula is better at both ends of the pitch, his a better passer, dribbler and overall a better player.",0
2015-06-22T17:29:14Z,"I think that we should get Krychowiak, he is still quite young",1
2015-06-22T17:26:54Z,,0
2015-06-22T17:15:51Z,Schezney should stay. He might of been shit this season but last year he won golden glove,0
2015-06-22T17:15:47Z,"The only reason why Szczesny should be No. 2 is because he would have a world class keeper with Cech to learn from, feel bad for Ospina though, still a great keeper.",0
2015-06-22T17:13:25Z,Cech is a done deal...Now get Sven Bender  and Benezema. Easy PL win,0
2015-06-22T17:01:30Z,I don't want Martinez too old not proven in prem and too expensive for what we r getting,0
2015-06-22T16:52:39Z,how about man city get wilshere and we get ageuro.,0
2015-06-22T16:47:38Z,"If i had to choose between either Ospina or Szczesny leaving the club i would choose Ospina to leave... not because Szczesny is a better keeper, just simply because Szczesny qualifies as a home grown player because he was registered with the FA, 3 seasons before he turned 21",0
2015-06-22T16:41:26Z,Arsenal have alot of players who should just be sold a clear example of this is Arteta and Flamini.,0
2015-06-22T16:27:05Z,"25 million won't be a big deal when the new sky deal comes in.

even stoke will be able to afford martinez once that deal kicks in.",0
2015-06-22T16:09:29Z,We need a striker Giroud just isn't good enough !! Don't care about Jackson Martinez he's world class and would win us the league ,0
2015-06-22T16:06:34Z,"Hurry up get Cech and Schneiderlin in. Stop wasting time. Its in arsenal budget. 35mil should be enuf for both of them. As for jackson martinez, we dont need him wasting time and money. Go gooners!!",0
2015-06-22T16:04:17Z,"Robbie, I think you're wrong about the martinez deal, Arsenal bought podolski at around 26/27 and it didn't work out for him and we're now rumoured to sell him for £3m.. it's a risk yeah but it's worth taking Cause if it does work out for you, it can work wonders.. look at costa last season at 28 he came in and did the business without fault.. I think when it comes to strikers you sometimes have to just do the business",0
2015-06-22T16:04:03Z,What about the Berahino rumours?? I personally would consider him to be a viable option!! He brings different things to the table and he's young!! Anyone that watched that Chelsea WBA game would have to agree with me!! ,0
2015-06-22T16:03:40Z,Cech deal done! Waiting for the official announcement ,0
2015-06-22T15:39:15Z,I think that the Cech deal is a no brainer easily better than any of our keepers and I'm sorry Ospina you're a great keeper but Szcesny has potential and I would hate to see him leave and forfill his potential else where ,0
2015-06-22T15:33:54Z,"we need lacazette, he's young, pacey, French and a striker",5
2015-06-22T15:19:20Z,"This Cech deal is getting ridiculous now, are Arsenal signing him or not? This deal is going to fall through. All this being stingy could cost us. And, Robbie, Imbula is pronounced (Em Boo Lah) NOT Em Baa Lah.. And I don't want Vidal to come to Arsenal. All we need is a GK, DM and CS. Wenger don't let us down!",1
2015-06-22T15:12:07Z,deez nuts!  Hahahahahaha,0
2015-06-22T14:56:33Z,0.24 about a week ago week ago,0
2015-06-22T14:43:20Z,Iam telleing you guys this is bullshit . We didnt go for kondogbia and we didnt go for khedira either.  Totaly bullshit. Looks like its going to be another season where we buy unknown players and then buys a world class player at the last transferday,0
2015-06-22T14:41:32Z,Maybe Vidal crashed his car but he's the topscorer at the moment in the Copa America! ;),0
2015-06-22T14:37:09Z,,0
2015-06-22T14:32:50Z,Alexis can play RW and LW!,0
2015-06-22T14:31:38Z,"""I think you've been playing too much Fifa mate"" hilarious hahaha",0
2015-06-22T14:29:52Z,"Cech 
Debuchy Mertesacker/Howedes Koscielny Monreal
Schneiderlin Ramsey
Walcott Ozil Alexis
Giroud 

Santi can play when someone gets injured & I'm very sure someone will get injured in the course of the season.
We don't have to sign a world class striker. Just need another striker that is on the same level as Giroud for competition. They can share 30 goals between each other. ",0
2015-06-22T14:24:00Z,I think we shoud keep podolski and play him as a strike. Tbh i think he'd be able to get a 20 goal season,0
2015-06-22T14:20:58Z,petr cech is a no-brainer,0
2015-06-22T14:18:10Z,Vidal better be an Arsenal Player,0
2015-06-22T14:09:09Z,we should've went in for Kongdobia .. hopefully we get Schniderlin ,0
2015-06-22T14:02:18Z,"I only see lacazette and someone like vietto being an available option for arsenal, unless later on in the season someone comes available",0
2015-06-22T13:59:26Z,"Hi Robby in from Peru. I thing we need some players like goalkeeper, DEFENSIVE midfielder, ofensive midfielder and a striker.
In my opinion i would choose:
Bernd Leno or Cech,
Schneiderlin
Draxler
Higuain on loan.
I thing arsenal will not pay £75 million and if Higuain doesn't coming lets buy Luciano Vietto. He is 21 and really good prospect. He score 20 goals this season and will cost around £14 million.
Is how wenger like: young, talent, score goals and is cheap.",0
2015-06-22T13:50:17Z,Martinez is certified.,1
2015-06-22T13:31:36Z,Man I really feel sorry for Ospina. No appreciation what so ever,0
2015-06-22T13:15:25Z,Lets buy ronaldinho!!!!!!,0
2015-06-22T13:15:20Z,"I wish we could sign Krychowiak, he is a destroyer and great at distributing the ball ",0
2015-06-22T13:01:58Z,Being linked to schlupp must mean a left back is gone...,0
2015-06-22T12:57:22Z,Lol stop this cringey shit,0
2015-06-22T12:56:21Z,If we're going to sign a left midfielder or left winger we may as well sign a world class player like Reus or Draxler who are still young too,0
2015-06-22T12:45:56Z,"Signing Cech could be a mistake...he has never been the same since he hit his head, will that head injury start to affect him with age",0
2015-06-22T12:43:53Z,Considering the cech deal is done. We still have two position to fill up. I would like to think if we can get Alex Song back at the club. He is available for a mere 5M and that means we can keep Coq in the starting 11. He has done nothing wrong to sit on the bench. We can't sign a 25M back up. That would also save us money for a striker if a good opportunity comes up. ,0
2015-06-22T12:41:57Z,"Oh god robin.. old? I can think only 2 or 3 strikers that can come right now and help Arsenal, one is Martinez, and second is Cavani. Why i dont have higuain and Benzema on my list? because they are similar to Giroud style of play while the first two will give something more versatile. Cech, Martinez and Vidal and premier league is ours! (Vidal seems more aggresive than schnederlin and others that are transfer linked, and a vieira-keane-toure style of player is the one I need!",0
2015-06-22T12:38:19Z,Cech will join West Ham,0
2015-06-22T12:38:05Z,You petr Cech yourself before you wreck yourself- Petr Cech,0
2015-06-22T12:37:52Z,imbula isn t a player for us. just not good enough.,0
2015-06-22T12:29:10Z,"You say Szcesny should go because he had a poor season. But Coquelin, Ramsey, Wilshere and Walcott have all had bad seasons in the past. They're young. Imagine if we would have shipped them out after poor seasons. He has potential, a lot of it. He's showed it in the past. Should not get rid of him because of a poor spell, dropping him as no.1 was enough and his performances in the FA cup were solid after that.",6
2015-06-22T12:28:53Z,"Schlupp isn't a winger, he is a left back, against us he played left wingback, he would be a good signing at left back, because he is also good in the air. Better than what we have ATM.",0
2015-06-22T12:16:54Z,Ronald's 30... Is he old? Why is 30 the scary number for fans? Players are getting fitter and fitter nowadays. ,0
2015-06-22T12:10:39Z,"Ronaldinho is a free agent, surprise deadline day signing?",4
2015-06-22T12:10:11Z,"I don't think we need another striker it's about time we give Theo a chance. If he can stay fit and play a full season he could be better than Martinez or Lacasette. Another DM and Petr Cech would be good signings. However this season we need to see Ramsey, Wilshire & Wallcott say fit and play consistently from start to finish. We can't keep saying they are injured or too young, it's about time they step up on the big stage.",0
2015-06-22T11:51:02Z,Schlupp is a left back Robbie...,2
2015-06-22T11:49:15Z,"Just saying schlupp is a left back 
",0
2015-06-22T11:48:26Z,for the first time since i can remember as a fan of arsenal i am more than happy with the current squad ! therefor in my humble opinion we have no need to rush into the transfer market.... if we could keep the squad we have injury free then it's up there with any squad in the epl. cech would be a great signing ! i'd keep ospina and loan sszceny out to iron out his concentration mistakes. world class striker !! might get hated on for this comment BUT...... i'd love to see walcott given a run up top.,0
2015-06-22T11:47:06Z,People that take the piss out of being linked with Schlupp need to get their head out of their arse and watch some football,3
2015-06-22T11:42:32Z,I don't think we need Jackson... We need to risk getting Lacazette... I would risk €30 million or nothing...,0
2015-06-22T11:28:42Z,Lets start being realistic okay?  Too many fifa aficionados.. ,0
2015-06-22T11:25:53Z,"Get the Cech deal done, sign a true CF goal scorer like Higuaín, and the Prem is ours next year. Coq earned the starting DM job, and along with Ramsey, Wilshire, özil and Carzola there's no need to sign another midfielder. Wilshire or Ramsey could drop down and fill his spot in the event of an injury. ",0
2015-06-22T11:24:05Z,"We need 3 St up top Sanchez (left) , new St  & Walcott (right) 
And arsenal fans overrate our player! We need a St better than giroud and that is not hard to find, giroud is simply too slow Robbie just admit it ",1
2015-06-22T11:14:21Z,An injury free season would be the best signing after January when nearly everyone was fit we were the most inform team in Europe!,0
2015-06-22T11:12:31Z,Imbula is an interesting option for Arsenal. He could be figthing with Coquelin for that DM spot. Basically Marseille needs to sell due their financial problems.,0
2015-06-22T10:57:37Z,Imbula is a great player and i think he could be the left footed yaya toure,0
2015-06-22T10:57:34Z,"We are just 2 signings away for competing for the league. 
As a DM Wenger HAS to get William. Has all the attributes to replace Arteta and is way stronger. Wenger can develop him into a World Class DM.

As a Striker he is obviously waiting for Agüero to join Madrid. I highly doubt that brcause Benzema is one of the most important players in Madrid. There is a reason why Real Madrid didn't buy another striker.

Should probably get Cavani. I know he misses many chances but he also scores like 30 goals a season and would suit us. His movement is so good, helps him to score more. 
I also got to remind you that Agüero, Suarez, Benzema, Higuain, Costa, Neymar all miss many chances, but the best strikers usually miss a lot ",5
2015-06-22T10:45:44Z,"Cech, varane, Schneiderlin, lacazette. If we want to win the league we need strength and depth in our core! Like courtuois, terry, matic, Costa 
",0
2015-06-22T10:43:27Z,"Nooooooooo not the Martinez rumour again.

He will go to Atletico to replace Mandzukic

No way Wenger will pay that much for a player of that age",0
2015-06-22T10:41:55Z,"We need 3 players to compete with the top clubs in Europe.
1 - GK: Cech
2 - DM: Imbula, Morgan, Nzonzi.
3 - ST: Benzema ( if Real get Aguero ).",0
2015-06-22T10:40:50Z,"Instead of Martinez since we have a lot of competition going on with him, go for Benzema. He is younger and actually better in many ways, especially in the passing game, than Martinez.",0
2015-06-22T10:30:42Z,rosicky posted a picture of cech on instagram welcoming him to arsenal!,0
2015-06-22T10:30:10Z,Arsenal will not buy Jackson Martinez or any of the DM's we are being linked with. Even if we sell Flamini we have Arteta who Arsene will use as a back up for Coquelin. You can't pay Arteta's wages to use him as a decoration. I believe we will only get a striker depending on the transfers of big clubs like PSG and Real Madrid that would leave Benzema or Cavani available ,0
2015-06-22T10:28:45Z,I think you've been playing to much fifa!! Haha good one Robbie :),0
2015-06-22T10:23:44Z,The only striker who I would want to replace Giroud would be Benzema. Is Martinez really better than Giroud? ,0
2015-06-22T10:03:07Z,Imbula's gone to Inter,0
2015-06-22T09:58:46Z,Hi Robbie. Just wondering you guys will be in Singapore next month for the games? I will be at the second game on the Saturday and would be great to see you there! Ed Power. Chengdu China,0
2015-06-22T09:51:10Z,if we get a lacazette or benzema den we can compete for the title think about how many assists ozil willl get i think a world class striker will makes us closer to the title then a cdm but dont get me wrong we do need a cdm but this is arsenal we are not signing a cdm striker and goalkeeper but if i have the choice of the two i would pick goalkeeper  and striker cos that will make us compete for the title,0
2015-06-22T09:46:34Z,ffs we need to get our priority straight first we need a world class striker the goalkeepee thing is done,0
2015-06-22T09:38:28Z,i do not with you about jackson martinez...zlatan ibrahimovic still scoring at the age of 33 and you still want him,0
2015-06-22T09:30:41Z,I have a feeling that JP guy who wants Rakitic and Neuer is a 12 year old troll,8
2015-06-22T09:27:18Z,"We need to buy players based on quality, not age!!!!",0
2015-06-22T09:26:36Z,"Cech, Schneiderlein and Benzema..",1
2015-06-22T09:26:30Z,schlup plays left back more!,0
2015-06-22T09:12:14Z,I also believe cech could be one of our most important players we have signed in the last 10 years ozil was amazing but at the time we were not desperate for a CAM  and alexis was amazing so can't say anything about that signing,0
2015-06-22T09:08:50Z,I wouldn't mind seeing NZonzi as a BACK UP to coq probably only be about 6 mil I have liked him since Blackburn more often than not stokes best player ( not saying much I know) but he is tall strong good on the ball good passer not a bad shot from distance not a full cdm but definitely better than mikel and flam THOUGHTS... ,13
2015-06-22T09:00:47Z,I consider cech as the best pl goalie of all time because for start he kept over 1000 minutes clean sheets,3
2015-06-22T08:42:49Z,Robbie if we sign schneiderlin and a stricker that will get 20+ goals we will have one hand on the premier league .,0
2015-06-22T08:38:26Z,"Martinez, Carvalho and Lacazette - 3 players I NEVER WANT TO SEE AT ARSENAL!",0
2015-06-22T08:34:59Z,"that bloke at 13:50 is a melt
courtois ""obviously"" better than neuer ffs",11
2015-06-22T08:24:11Z,"It does work like that for Real Madrid and Barca, they get whoever they want. Such massive clubs with amazing brands of football, the rest of the world is always playing catch up",0
2015-06-22T08:23:50Z,"It's funny because we really need a dmf but meanwhile I rate Coquelin hugely. Unless Coq was a flash in the pan, there's not many players whose form last season would warrant a start in the holding role ahead of Francis.",1
2015-06-22T08:15:39Z,Just can't see us signing Martinez as much as I want us to! If we really wanted to sign him we would have done it by now as its clear Martinez would jump at the chance to join Arsenal! Just hope we get Cech wrapped up now then go for Schneiderlin! After we hopefully get that signing I really hope we do try and get Karim Benzema on transfer deadline day if Real Madrid want to sell! It would be a fantastic summer if Arsenal sign these 3 players!,0
2015-06-22T08:09:04Z,"We should of signed Griezmann last year would of been perfect on the left, makes no sense that we were not willing to pay 25million, and he's FRENCH!!! 5 years from now add him to another guy that Wenger says he almost signed",4
2015-06-22T08:01:23Z,never signing martinez :/ would have done it by now if we wanted him,0
2015-06-22T08:00:57Z,"Martinez isn't back on for Arsenal, I think Atletico have already got him just about signed up",0
2015-06-22T08:00:35Z,"Why do serie A clubs always get linked with the same players as arsenal? They don't even play like arsenal. Anyway I know it was 20 years ago since we signed my favorite arsenal player Dennis Bergkamp. Robbie , could you do a poll asking how much would arsenal have to / fans would pay for Dennis if he were back to his prime as it were in 1996/97/98",0
2015-06-22T07:58:21Z,"There's no point going for Jackson Martinez, like you says he is nearly 29 most players take a season or 2 to even adapt to the BPL so by the time that happens he will be past his peak, and how many 30+ year old strikers are there in the premier league banging in goals every week? yeah the guys good but i cant see him providing what we need, the perfect signing for me would be Lacazette or even put in a cheeky bid for Torres the guys on fire again so get him while hes good",0
2015-06-22T07:57:33Z,"Apparently Cech has agreed personal terms with Arsenal. However, Chelsea haven't agreed to sell him. Mourinho will rather ship Cech to Tibet than let him join Wenger's team.",7
2015-06-22T07:55:21Z,"Arsenal vs Man United race for the title like the good old days, that was the REAL rivalry between the 2 biggest clubs. Before the plastic clubs city and chelsea got involved, Hope this season it's between United & Arsenal and hopefully City & Chelsea can go bankrupt :)",82
2015-06-22T07:54:12Z,"We need go to hell for leather for the signings we need. Get Schneiderlin and Cech as if our lives depended on it. We can't keep waiting, we won't always have guys like Ozil and Sanchez waiting forever to win the league, make the most of what we have now! Come on.",38
2015-06-22T07:50:30Z,Why is nobody talking about a possible return move for Nicholas Bendtner?,11
2015-06-22T07:49:11Z,Just read that Kondogbia has signed for Inter. Enjoy mid table mediocrity in declining serie a.,14
2015-06-22T07:40:16Z,"Imbula was immense for OM last season but, seeing that it's OM and it's a very tapped market I'd rather stick with Schneiderlin as he has very good PL experience!",0
2015-06-22T07:39:56Z,Haha I'm not even an arsenal fan and I still enjoy watching these videos. You do such a good job so thank you I enjoy seeing people who know what they are talking about especially when it comes to transfers ,6
2015-03-23T11:20:56Z,"Ça va pour le petit congolais
",0
2015-03-23T02:21:35Z,How do you pronounce Thauvin's name?,1
2015-03-09T11:03:40Z,Hopefully Bielsa`s men will give some fight until the end. ,1
2014-11-01T11:44:19Z,I am OL.,0
2014-10-28T04:30:25Z,"Way to go Lyon!!! Gourcuff is back. Hopefully! Lacazette, Njie, Umitti, soon Grenier, Fekir, Gourcuff, etc so much talent in the Lyon squad!",1
2014-10-28T00:00:37Z,"I hope Grenier doesn't get as many injuries as gourcuff,he could be a great player.",0
2014-10-27T13:39:33Z,Gotta love Gourcuff!,4
2014-10-27T08:15:26Z,FANS 1899 ,1
2014-10-27T02:33:26Z,dat fake shot....hope he stays healthy...so FIFA can rate him higher...,7
2014-10-27T01:02:41Z,Yes Lyon won!,7
2015-07-17T03:40:33Z,moi je me plain jamais de l arbitre ca fait  partit du jeux cetout alors les bla bla  fermer la,0
2015-06-16T11:41:08Z,"Les marseillais se plaignent sur le but d'Erding, sûr une soit disante fautes quand uns de leurs joueurs se fait pousser, mais sur le 2ème but de Batshuayi je sais pas quoi, y'a la même fautes, un marseillais sur un stéphanois et personne se plait. Estime? Rage.",0
2015-04-05T21:47:00Z,ARRETER LES MARSEILLER DE RAGER SÉRIEUX ?! dites moi a quelle moment précis y'a faute de Erding sur Alessandrini ? Non sérieusement nous on c'est pas toujours plain l'année dernière et cette année quand il y a eu 8 Mains de Marseille dans la surface a l'aller ? Alors arreter de rager c'est tout alors qu'on aurait pus aller au barage de la C1... ,0
2015-03-15T13:26:20Z,bouuuuuuuuu l'om bouuuuuuuuuuuuuuuuuu nulllllllllllllllllllllllll,0
2015-03-01T16:15:54Z,,0
2015-02-27T11:34:46Z,,0
2015-02-26T00:49:38Z,"Même avec l'aide de l'arbitre (faute sur Alessandrini non sifflée sur l'égalisation stéphanoise) les verts arrivent pas à gagner, quel saison de merde !! Eliminé en Europa Ligue dans un groupe faible, 3-3 contre la CFA de Lens, et la même avec l'arbitre dans leur camp ils gagnent pas :rire: ",0
2015-02-25T20:39:25Z,La roue tourne vous l aves tous dans le *** les marseiller,1
2015-02-25T20:22:51Z,ALLER ASSE !!!!!!!!,0
2015-02-25T15:08:14Z,Le foot cest comme les politicards Trucké dans tout les coins.,0
2015-02-25T12:29:25Z,Heuresemet qui  a Michy Batshuayi,0
2015-02-25T11:15:46Z,Bon déjà je précise je suis pas footix (je suis paris depuis 2006 donc voilà) Donc je suis pour Paris mais la je dis que Marseille aurait du gagner ce match avec la grosse faute sur Alessandrini c'est vrai ! Mais dans tous les cas on sait que Marseille (je fais pas mon rageux) n'a pas vraiment le niveau pour tous ce qui est C1 (je respecte cette équipe hein) mais on vas pas ce mentir quoi ! Bon la je sens que il y'aura la masse de marseillais qui vont venir m'insulter mais ce message n'est pas à prendre mal hein..,0
2015-02-24T23:28:04Z,Je suis aller le voir et ji est crus ,0
2015-02-24T22:43:19Z,"pénalty oublié pour une faute sur Payet après le 2ème but de l'OM, faute sur Alessandrini sur le 2ème but stéphanois, le dernier corner obtenu par l'OM n'est pas tiré... Il est évident que Mr Turpin nous en veut, reste à savoir pourquoi ?",0
2015-02-24T22:36:23Z,Un énorme cafouillage ??!! C'est comme ça qu'ils tentent de faire passer L'ÉNORME faute sur Alessandrini.... Enfin breff on aurait jamais dû leur laisser la chance de marquer ce but !! ,0
2015-02-24T21:06:04Z,Asse,0
2015-02-24T16:43:20Z,Aller les vert 5 eme,1
2015-02-24T15:52:11Z,Très frustrants les matchs nuls.,0
2015-02-24T03:40:13Z,"Allez L'OM, décidément Turpin a vraiment la haine contre nous, ya clairement faute sur alessandrini... mais un nul a GG n'est pas un mauvais résultats.",7
2015-02-23T21:23:58Z,Et c'est là qu'on aurait aimée voir jouer Doria plutôt que Morel.... (supp lyonnais),0
2015-02-23T20:45:57Z,"De toute façon quoi qu'on dise dans les commentaires on se fait insulter, ou traiter de footix donc bon x))",0
2015-02-23T20:09:02Z,"le commentateur dit que l'om n'a tirer qu'une seul foix en 1er mi-temp,il a oublier le tire d'imboula? bielsa doit arreté avc aloé non seulment il est nul me il apporte la poisse",0
2015-02-23T20:03:41Z,"roro tu dois fermer ta...1 penalty oublie et 1 faute sur le 2 but...c est 1 peu trop quand même pour le meilleur arbitre de France..mais bon a mon avis il passera ses vacances au frais des qataris...turpin entre ce match et le rouge d imbula,il va falloir se mettre au turbin si tu veux pas regarder les coupes d Europe et du monde chez toi...",0
2015-02-23T19:56:09Z,Faute sur alessandrini sur le 2ème but stéphanois ,0
2015-02-23T17:47:06Z,turpin va apprendre à arbitrer...,2
2015-02-23T17:31:19Z,"On est d'accord pour Turpin il parait que pour l'OL Il avait arrangé le match pour que le Psg gagne(heureusement il y a eu qu'un nul) (pour offrir un voyage a sa femme pour la St valentin) :/ Bref Je pense que pour le match de l'OL et de Marseille , il y a eu un petit chèque :/",4
2015-02-23T14:25:05Z,ALLER LES VERTS ON CROIT EN VOUS !!!!!!!!!!!!!!!!,0
2015-02-23T13:40:48Z,"Message pour Turpin ( Je parle pour tout les clubs de L1 ) : Retourne à l'école d'arbitrage ! Tu dois être une des pires MERDE ! d'arbitre de ligue 1 
si la chaîne YT peut lui transmettre ^^",2
2015-02-23T12:27:23Z,Mais Saint-Etienne c'est pas ceux qui sont arrivés derniers de leur groupe en Europa League ? Et l'OM c'est pas ceux qui ont fait un zéro pointé en LDC la saison dernière ?,4
2015-02-23T11:29:16Z,sa fait 2 fois quon se fait scripter par des parisien,0
2015-02-23T11:09:26Z,"Un gros gros manque de professionalisme. Ensuite Bielsa a fait des choix pour le moins étrange : Il met un Défenseur Centre à la place d'un défenseur droit (la chèvre Aloé) mais il a laissé fanni dans l'axe alors qu'il peut joué à droite enfin bref j'ai pas trop comprit puis Turpin qui fait encore sa pute avec l'OM il adore ça. Faute sur Alessandrini on dit rien, carton jaune pour Ocampos non je suis désolé y'a un contact, il n'y a pas faute mais il y a contact, bref un bel enculé de nous pénaliser encore plus : ON A PAS DE DEFENSE CONTRE TOULOUSE !!! on va mettre Aloé Morel Mendy et à droit ? Lemina ? putain même contre toulouse ça va être compliquer. Encore de précieux points perdu, mais arrêtons de craché sur l'arbitre, le dernier but c'est une blague, Mandanda trop passif sur l'action pareil pour Morel...",0
2015-02-23T11:07:55Z,On en parle de la faute de Catherine sur Alessandrini sur le but d'erding?  Et payet qui se fait crocheter dans la surface c'est rien aussi???,1
2015-02-23T10:36:10Z,L om restent meilleur que saint etienne,0
2015-02-23T10:20:09Z,"C'est vrais qu'ont a fait match nul mais amis marseillais  , mais il y a quand même du positif dans ce match personnes en parle mais après avoir fait c'est 3 changement pendant 30 min ont a retrouver l'OM du début de saison ! Ont a pas vue sainté pendant cette période , Bielsa va surement s'inspirer de ça pour les matchs a venir :).",2
2015-02-23T09:19:41Z,allez l om,2
2015-02-23T08:37:33Z,La guigne,0
2015-02-23T07:42:05Z,combien pour l' arbitre??? car les sardines auraient dû finir à 8 avec tous les tacles assassins mais comme c la bouillabaisse alors la ligue ferme les yeux pendant que d' autres ce prennent 3 matchs ferme pour mins que ça. ah merde on a pas le même maillot je suis con...,3
2015-02-23T07:21:46Z,Putains clément Turpin de merde !!! Le penalties pour saint Étienne est innexsistant !!! Le score aurai du être 3 -1 en faveur de l OM !!! On en parle de la faute sur payer dans la surface avant le but d erding ??? !!! Les parisien allez vous faire enculer ainsi que clément Turpin ! Forza om,1
2015-02-23T05:14:16Z,"Merci Erding, du PSG. We still like you",3
2015-02-23T02:46:07Z,MOREL CASSE TOI MERDE !!!!!,0
2015-02-23T01:04:36Z,"Depuis que le forum OM.net a été arrêté, l'OM ne gagne plus lol",1
2015-02-23T00:35:50Z,"La grosse faute sur Alessandrini avant le but de Erding, on en parle pas assez je trouve.. Turpin nous la met encore une fois, comme le rouge à Imbula contre le PSG..",56
2015-02-23T00:13:29Z,Encore une fois Marseille se fait battre car l'adversaire a un penalty et les parisiens fermer vos gueules vous allez pleuré a Chelsea bande de boloss vous croyez vous allez gagner mais à Paris et à Chelsea c pas la même choses donc n'esperer pas la victoire ou sinon vous allez pleuré,0
2015-02-23T00:03:18Z,Ca fait chier 2 matchs ou on laisse 4 points a la 90eme ,14
2015-02-23T00:03:07Z,Le PSG Vas se faire troué l'anus A Chelsea ^^,2
2015-02-22T23:51:01Z,"L'OM très poussif.. Et très limité tant techniquement que tactiquement.
Je pense que l'équipe a montré ses limite, et le titre s'est envolé pour eux ce soir.
Leur supporters seront peut-être (enfin) moins arrogants.
Allez Paris^^",5
2015-02-22T23:36:43Z,Hahaha erding vous l'a bien mise hein? Mdrr #PSG,1
