published-time,comment,likes
2015-02-27T07:52:32Z,C'est sur il nous a sauvé plus d'une fois !! Merci benji ,1
2015-05-04T01:27:24Z,That save at 2:30 was absolutely fantastic.,2
2014-09-15T22:01:38Z,Forza Marseille. Keep on.,0
2015-03-22T15:12:34Z,Dany Nounkeu (GALATASARAY),0
2015-03-08T09:04:58Z,Encore un arbitrage de merde et defaite non merité du fcl,0
2015-03-06T12:07:24Z,"sur le soit disant hors jeu pas facile de voir au départ du ballon mais il semble que le joueur court très vite. en plus l'arbitre n'est pas loin. Sur le but refusé, désolé mais c'est la règle. si l'arbitre siffle avant que l'attaquant n'ai tiré, le jeu s'arrête (pas comme le dernier but refusé contre la suisse à la CDM où l'arbitre siffle après le départ du ballon.).",0
2015-03-06T00:09:17Z,"Hors jeux de Sougou,le penalty a Ayew et le but refusée sont scandaleux.Autre match important contre un concurrent direct(Caen,Reims,Evian a domicile) et autre arbitrage néfaste contre le FCL.Honteux",0
2015-03-05T21:33:45Z,Les 3 points sont mérités apres certe il y a un fait de jeu qui est le but de Lorient mais ce n'est pas un but refusé !! Ayew n'avais pas le ballon l'arbitre avais déjà sifflé il peut pas sifflé puis redonner l'avantage c'est juste une règle pas une erreur ,0
2015-03-05T21:11:24Z,Arbitre de merde,0
2015-03-05T20:12:54Z,"Mdr comment vous pouvez dire hors jeu alors qu'on ne voit aucun ralenti.
Et puis quand on c'est fait voler sur plusieurs matchs personnes ne disait rien, mais par contre quand c'est en faveur des croix de Savoie là vous vous lâchez, bande de merde.
CROIX DE SAVOIE A JAMAIS ",0
2015-03-05T16:34:35Z,GG l'etg mais putain il devrait y avoir 1-1 ( je suporte l'etg ) mais faut pas abusé le but de Lorient je l'aurais quand même validé,1
2015-03-05T15:42:42Z,N'oubliez pas le pénalty ultra visible pour loririent saute de chepa qui d evient sur ayew pff tfaçon evien c toujours sa ils payes,0
2015-03-05T15:39:23Z,SUPPORTER DE ETG VENEZ VOIR MES VIDEOS,0
2015-03-05T13:28:09Z,Evian chaque année c est pareil ils produisent aucun jeu  même pas bon à regarder on se fait chier et chaque année ils sont à la limite de descendre y'a pas que mais bon ils servent à quoi ces clubs ,0
2015-03-05T13:26:16Z,NON mais n'importe quoi cette arbitre de merde je vais allez le niker Lorient aurait du largement GAGNER 2/0 parce ke le but d'evian est hors jeu !!!! (supporter Lorientais),0
2015-03-05T13:15:33Z,Lorient a fait un très bon match et il méritait de gagner,0
2015-03-05T12:56:57Z,"Quand je vois les comms souvent on parle d'arbitre acheté par les équipes. C'est vrai qu'on pourrait se le demander toutes les semaines en regardant les matchs, honnetement je pense pas qu'ils le soient.
C'est juste l'arbitrage français qui est pitoyable, comme depuis quelques années...",0
2015-03-05T12:37:14Z,Vous allez vous mainternir Lorient lachez pas vos efforts ! ;) (supp valenciennois),0
2015-03-05T12:04:02Z,Je suis pour lyon mais la l'arbitrage vive laa France,0
2015-03-05T12:03:09Z,Ouh putain l'arbitre xD de toute façon y'a que comme ça qu'ils peuvent se maintenir : Tricher ^^,0
2015-03-05T11:49:12Z,Le président de evian a glissé un billet dans la poche de l' arbitre mdr,0
2015-03-05T11:11:51Z,Arbitrage de merde,0
2015-03-05T11:02:30Z,l arbitre une vrai grosse merde !!!!!!!!!!!!!!! ,0
2015-03-05T08:45:38Z,"si on résume :

Hors jeu non sifflé sur le but d'Evian
Penalty non sifflé sur Ayew pour Lorient
Avantage non laissé pour Lorient avec le but qui s'en suit.

à part ca l'arbitre n'a pas trop pourri le match non du tout ...",2
2015-03-05T07:14:25Z,"pour le hors jeu, je ne sais pas trop, comme on a une vue de coté, par contre, pour moi, y'avait 1-1 là...",0
2015-03-05T05:38:08Z,Après evian va venir pleurer pour l'arbitrage......,1
2015-03-05T03:28:30Z,Les joueur d'Evain joue a Fifa : LB + Y ; RT ; A + E = But,3
2015-03-05T01:49:58Z,VE VOLE !!,0
2015-03-05T00:15:33Z,Un petit hold up à la maison ou ?,0
2015-03-05T00:13:28Z,"Euh, c'est pas que moi ? ça fait un peu beaucoup non ? contre Lorient. Bon on va pas citer parce que... ^^",0
2015-03-05T00:01:38Z,Même si c'est merite pour Evian qui a subi beaucoup d erreurs d'arbitrage il y a bien hors jeu sur le but et le but de Lorient est bien valide il y a avantage de plus il y a aussi penalty sur Jordan Ayew,2
2015-03-04T23:59:55Z,À quand les début de Blandi ?,1
2015-03-04T23:57:10Z,Allez etg si toi aussi tu soutien etg aime allez etg allez etg allez,0
2015-03-04T23:46:58Z,"vous le sortez d ou votre hors jeu il y a largement but regardez le mec qui suit sougou a droite par contre j'ai pas compris le but refusé pour lorient : Justice sur tous les autre match avec les fautes d arbitrage contre etg
allé les roses en route vers le maintient!!!",1
2015-03-04T23:35:55Z,L'arbitre est un vendu nan ? Parce que la c'est plus possible !,4
2015-03-04T23:32:05Z,"Dupraz il peut la fermer sa gueule là pour l'arbitrage ! Jusqu'à la fin de saison même, pour un but non valable accordé (hors jeu très discutable) et un but valide refusé, enfin c'est l'arbitrage français. J'adore le joueur / supporter Lorientais qui crie à 2:46 ""Oh quel fils de pute !"", mais il a raison n'empêche x)Je ne suis pas Lorientais, mais je suis obligé de réagir face à un tel arbitre, même si nous (Reims) avons eu pire sur 4 les 4 premières journées suivant la trève.",9
2015-03-04T23:31:21Z,"Evian but sur hors-jeu, Lorient méritait complètement de gagner arbitrage médiocre.",7
2015-03-04T23:24:04Z,Mon dieu l'arbitrage...,2
2015-03-04T23:17:35Z,euh pas de hors-jeu sur le bu de l'ETG ? ,3
2015-03-04T23:16:44Z,arbitre de merde,2
2015-03-04T23:13:07Z,"L'ETG ne connaît pas la L2, allez les Croix !",0
2015-04-14T00:09:20Z,Primero,0
2015-01-09T15:40:22Z,Un grand bravo a la DVE vraiment ,0
2015-01-09T12:19:17Z,l ETG meritais de gagner,0
2015-01-08T19:28:25Z,Il est très beau le but d'un Adama Traoré !!!! Allez le LOSC !!!,0
2015-01-08T19:28:07Z,"Beau geste, l'enchainement crochet frappe va très vite ",0
2015-01-08T18:57:51Z,Dommage en première mi-temps l'etg a eu beaucoup d'occasion mais lille a su faire de réalisme !! Sinon très bon match de thomasson ,0
2015-01-08T18:54:50Z,Je suis CHARLIE,0
2015-01-08T16:40:54Z,Lille c'est tellement mauvais que c'est un mec sans contrat pro qui doit marquer.,4
2015-01-08T16:36:18Z,Lâcher les dogues,0
2015-01-08T16:01:28Z,Dommage... L'ETG dominait pourtant je suis dégouté pour eux,0
2015-01-08T15:45:50Z,Je suis Charlie,12
2015-01-08T15:06:30Z,le numéro 33 de lille n'a pas de nom,0
2015-01-08T14:52:18Z,#Ligue1 - J14 - Revivez les meilleurs moments de LOSC Lille - Evian TG FC (1-0) en vidéo sur la chaîne officielle YouTube ! ,26
2015-01-08T13:49:51Z,C'est pour respecter et être en harmonie avec l'ambiance du stade qu'il y'a pas de commentateurs,0
2015-01-08T13:44:27Z,le mec a meme pas de nom derriere son maillot MDR,0
2015-01-08T12:36:20Z,Lol On entend Dupraz gueuler derriere ^^,3
2015-01-08T12:22:14Z,"Si vous vous demandez pourquoi il n 'y a pas de commentaires dans la vidéo je pense que c'est une sorte de minute de silence, donc ne vous plaignez pas. DofvidTV",2
2015-01-08T12:06:44Z,Sérieusement aucun commentaire ?,2
2015-01-08T11:49:23Z,Aucun respect..... personne pour commenter ?!,1
2015-01-08T11:47:59Z,premier,0
2015-03-16T19:45:47Z,Yahoooo fc nantes !!!!!! Il prononce bien gk nkoudou le commentateur respect,1
2015-02-02T18:42:28Z,Très beau,0
2015-02-02T07:45:57Z,Lol this ref,0
2015-01-24T17:33:13Z,Stupid Van Der Weil,0
2015-01-22T21:59:30Z,"Saison 2015-2016:
- Merci Ibrahimovic, Lavezzi, Thiago Motta, Maxwell, Rabiot, Thiago Silva
- Bonjour Pogba, Lacazette, Brahimi, Marcelo,",0
2015-01-22T10:50:27Z,David Luiz mbict cit a viv!,0
2015-01-19T15:52:24Z,Ici C'est París!!!,0
2014-12-21T23:56:09Z,Commentaires en anglais ?,0
2015-03-09T03:37:47Z,"What a good run it's been for Toure! Plays an important game against Arsenal and wins, gets to play twice against PSG, and now he gets his goal. If anyone deserved one it's that kid. Pretty impressive.",0
2015-01-29T06:35:25Z,"que buen pase Yeltsin , los dejó como locos ;)",0
2015-02-18T19:03:49Z,Ça bug mais sinon c'est très bien ,0
2015-02-11T10:29:22Z,ETG SUPPORTERS VENEZ VOIR MES VIDEOS ET CELLES D ALEXX74,0
2015-02-09T18:37:09Z,Enfin 1 match gagné... seulemebt 1-0 :/,0
2015-02-09T15:36:37Z,bravo bordeaux on y croit face à saint étienne !,1
2015-02-09T11:25:15Z,Aller les croix on lâche pas ⚪️🔴⚪️,3
2015-02-09T09:44:43Z,Supporters des croix de savoies venez voir mes vidéos !!,0
2015-02-08T23:06:28Z,c bien bordeaux,2
2015-05-14T03:32:35Z,"Este estudo  foi muinto  bom  eu  so não  entendi  us  1.000 anos  de trevas  na terra  ,  min  ajude  por favor  eu to confuso   ue e depois  dos 7 anos  satanas vae ser  preso     e u  milênio  de  paz  aqui  na terra? ??  ",0
2015-04-10T07:56:34Z,"MDR !! Sur le pénalty arrêté, le défenseur est encore plus naze que Koné^^",0
2015-04-07T05:30:53Z,"Faut gagner Reims, parce que Paris...",0
2015-04-06T14:10:52Z,C'est une blague le 1er but n'importe quoi :/,0
2015-04-06T13:51:12Z,"Bravo les arbitres.... bravo.... on comprend pourquoi aucun n'est convoqué pour les échéances internationales....
Allez les croix !!!",2
2015-04-06T08:58:59Z,faut faire comme au rugby metre la video,1
2015-04-06T08:25:25Z,"Allez l'ETG, le maintien est entre nos mains !",0
2015-04-06T07:48:34Z,En 2 eme periode c'etait beaucoup mieux mais les eviannais ont eu de la réussite sur le but de gomis mais bon on est cousin mdr,0
2015-04-06T00:17:08Z,Faut trouver des solutions pour les arbitres ...,7
2015-04-05T22:50:16Z,"RIvere démission rivere démission rivere démission 
Fournier démission fournier démission fournier démission....
",5
2015-04-05T22:31:25Z,Rivière démission ! Fournier démission !,5
2015-04-05T22:10:36Z,First ,0
2015-01-13T00:38:30Z,allez rennes allez,1
2015-01-12T10:39:14Z,retour de position :/,0
2015-04-20T12:16:01Z,putain Guingamp se fait voler 2 pts !!,1
2015-04-20T11:18:57Z,allez ETG on y croit,1
2015-04-19T22:10:26Z,First,0
2015-04-19T22:07:35Z,First,0
2015-05-15T13:00:46Z,j y etait au match,0
2015-05-10T08:09:10Z,Evian = ligue 2,0
2015-05-05T17:32:32Z,Sécurisez la défense centrale !,0
2015-05-04T17:12:35Z,"Est-ce que Lacazette a l'étoffe d'un grand attaquant ? Regarder la manière dont il tire son penalty, il n'y a que les grands joueurs qui ont cette dégaine :)",1
2015-05-04T16:21:37Z,"Bonne première mi temps mais après beaucoup moins bien , par contre un arbitrage réellement honteux que ce soit sur le but de Njie ou même un penalty oublié pour Evian !
Bref la victoire était la plus importante !",1
2015-05-04T13:53:57Z,Regardé entre la 30eme seconde et 35 ème seconde lacaztte est un ptn de simulateure,0
2015-05-04T04:44:32Z,"Une fois de plus Lyon s'impose sans la manière, besoin de 2 buts sur 2 coups de pied arrêtés pour venir à bout du 18ème à domicile. Triste. N'espérez pas être champions en jouant comme ça.",0
2015-05-04T00:49:35Z,Quand je vois les commentaires Lyonnais je me dis qu' Aulas a bien choisis son club... Des pleureuses 😂😂😂 ,0
2015-05-03T23:15:49Z,Vous n'avez pas montré le but refusé de N'Jie !,1
2015-05-03T23:13:26Z,"Résumé incomplet,comme d'hab ...",1
2015-05-03T16:29:30Z,et oui l'ol sera premier et le quatar deuxième  #TeamOl  ALLER L'OL !!!!,4
2015-05-03T16:28:57Z,Vivement l'arbitrage vidéo en L1 parce que nos arbitre sont vraiment pas très bon.. Et en plus vous ne parlait même pas du but refuser ,1
2015-05-03T16:04:38Z,On ne montre pas le but du 3-0 de N'Jie refusé pour hors jeu inéxistant?,2
2015-05-03T15:44:14Z,"Les hors-jeu passifs sont sifflés quand ca nous enlève un but, par contre quand ca nous plombe le match avec peno + carton rouge la les arbitres ils disent rien ... Bravo l'arbitrage français

Et petite mention a Dupraz pour être allé chialer vers l'arbitre, Monsieur le monde entier est contre nous les arbitres nous détestent, et ba il peut dire merci, vivement que son équipe de merde dégage de la L1",0
2015-05-03T14:35:41Z,"On entend tallaron a un moment il est vraiment partout
",0
2015-05-03T13:33:11Z,e fait wass en defense mdr il est attaquant mais bon je dis ca comme ca,0
2015-05-03T12:53:59Z,Tjrs aussi faibles ces resumes de match... Il manque tjrs au moins 1/3 de faits importants,17
2015-05-03T12:43:31Z,Vous faites honte au football francais la LFP ! Vous vous tirez une balle dans le pied tout seul ! Ne pas montrer le but valable de n'jié qui a été refusé injustement pour un hors-jeux passif... Alors que la semaine dernière lyon s'est vu encaissé un but sur un même hors jeux passif sauf que ce but avait été accordé ! Alors soit vous faites un réglement universel que doivent respecter tous les arbitres. Soit vous dites OUI à l'arbitrage vidéo pour aider les mauvais arbitres de L1... Mais dans tous les cas nous devons retrouver ce but dans ce résumer !,29
2015-05-03T12:17:23Z,Il est où le but de Njie qui aurait du être accordé et qui a été refusé ??,9
2015-05-03T12:01:58Z,"ETG en ligue 2 il le mérite déjà qu'ils ont failli y passer la saison dernière, aucun changement cet année au niveau des résultats",3
2015-05-03T11:50:21Z,inb4 lyon mérite pas son péno et est incapable de gagner dans les arbitres,0
2015-05-03T11:47:17Z,"Evian en LIGUE 2 putain il mérite que ça. Dupraz toute la saison se moque du football en allignant des défenseurs venus d'ailleurs. (cc Nounkeu)

Je ne crache en aucun cas sur la saison de Lacazette qui pour moi un des meilleurs français en Europe mais 19 buts sans péno pour  lui. 18 sans péno pour APG. Donc y'a pas vraiment d'énorme différence entre les 2.",9
2015-05-03T11:47:12Z,"Lyon nous colle à la culotte, le PSG a intérêt à gagner Nantes car sinon, le titre est pour Lyon.
Bonne chance et bon courage aux deux équipes!",4
2015-05-03T11:43:02Z,Grenier!!!!!!,2
2015-05-03T11:39:37Z,evian en ligue 2,2
2015-05-03T11:39:23Z,allez lyon on va niquer paris,1
2015-05-03T11:38:59Z,Le Titre se jouera avec la différence de but ! :),1
2015-05-03T11:38:55Z,Lyon ❤️💙,7
2015-05-03T11:38:39Z,Gg lyon aidez moi a atteindre les 60 abos svp,0
2015-05-03T11:36:50Z,"Salut
",0
2015-05-03T11:35:15Z,First,1
2015-04-17T13:23:48Z,"Mdrrr les lyonnais qui ont de la compassion et qui sucent Evian alors que c'est eux qui les ont volé 3-2 à la 94ème minute avec un péno imaginaire mdrrr on aura tout vu
Evian volé contre Lille, contre Marseille, contre Lyon... ça commence à faire beaucoup. De 1, la faute était pas évidente. De 2, elle était largement en dehors de la surface.",0
2015-04-16T20:28:26Z,"Putain d'arbitre de mes couilles de merde, c'est des bons a rien srx ! ",1
2015-04-14T12:43:56Z,Aller Lille je suis un fan ALLEZ LE LOSC :-) ,0
2015-04-13T13:09:23Z,connards d arbitres vraiment vous avez tous raison,2
2015-04-13T08:51:15Z,sa fait au moin 15points que l'ont se fait volé faite quel que chose avec les arbitres,1
2015-04-13T08:37:59Z,Ya un complot contre evian pour les faire descendre en ligue 2 ou quoi ? Pourquoi a tout les match on se fait voler des points putain de LFP de mes couille,3
2015-04-13T07:55:27Z,Encore et encore et encore un match volé ... le penaltie est en dehors et ce qu'on ne voit pas ici c'est que deux penalties pour evian n'ont pas été sifflés ... ,2
2015-04-13T05:58:50Z," Je Suis supporter lyonnais , et Evian s'est fait volé le match car je suis désolé mais il fait la faute en dehors de la surface donc Arbitre de merde encore !",4
2015-04-12T23:33:24Z,"Va tfair f
",0
2015-04-12T23:31:48Z,Encore une fois on se fais griller sur l arbitrage ,4
2015-04-12T22:04:55Z,First,0
2015-05-04T16:38:48Z,ouais mais moi j'habite a lyon et il sont 2 eme du classement de ligue 1,0
2015-04-30T14:34:47Z,"Forza Bastia 
faites nous rêver samedi contre les verts.
Andréani Christian de Fréjus.",1
2015-04-28T18:17:09Z,Forza bastia,1
2015-04-28T08:41:42Z,.non Évian dans leur carrirere ont perdu 1 seul foi contre Bastia ,0
2015-04-27T17:51:42Z,Vos geule  c est la première foi q Évian père contre Bastia ,0
2015-04-27T06:41:10Z,"Dans le cul de Dupraz, tant qu'il se trouvera toujours des justifications pour ses défaites au lieu de se remettre en question il continuera à descendre et se fera même rattraper par Metz.
Quand on a entrainé que l'ETG et que son seul palmarès c'est une L2, on donne pas de cours aux grands coachs.
Dupraz au fond c'est rien de plus qu'un prof d'EPS avec une grande gueule.",6
2015-06-13T09:02:53Z,Évian on un petit budget ils font avec ce qu'ils ont,2
2015-05-26T14:58:34Z,j'y été !!!,0
2015-05-25T07:10:23Z,On est trop fort caen,3
2015-05-24T12:57:47Z,Bien joué Caen dommage pour l'etg :-( j'espère qu'il reviendrons vite en L1 ,3
2015-05-24T05:56:38Z,"Belle victoire de Caen ,Match très spectaculaire",5
2015-05-14T15:57:44Z,Evian direction Ligue 2 !,2
2015-05-14T07:28:31Z,"A tous les fans du Tours FC : Leroy nous a quittés pour la ligue 1, il n'y sera pas rester longtemps !",0
2015-05-13T19:03:28Z,"Là, cela sent vraiment le roussi pour les croix...
L'équipe est vraiment faible défensivement, cela fait peur :(",1
2015-05-11T21:17:18Z,"Bonjour,  il n'y a que moi qui remarque que Moukandjo est en position de hors-jeu sur l'avant-dernière passe pour le but décisif? Ca change tout quand même...",1
2015-05-11T18:46:36Z,Sécurisez la défense centrale !! 5 buts dans un match c'est vraiment trop,2
2015-05-11T16:47:19Z,On verra la semaine mais nous enterrez pas trop vite ,2
2015-05-11T07:05:53Z,"Superbe victoire, méritée et très importante, j'ai retrouvé un Reims solide et qui ne s'est pas inquiété, même mené au score. On dirait que les joueurs savaient qu'ils allaient revenir et c'est super. Il faut confirmer contre Rennes, et finaliser ce que l'on a fait avec une victoire, même si Rennes est bien en ce moment (malgré la défaite contre Bastia, ils méritaient de gagner avec 3 ou 4 buts d'écart... Ils restent seulement sur 2 défaites lors de leurs 11 derniers matchs, donc ça va être dur.",5
2015-05-11T06:45:26Z,EVIAN LIGUE 2,8
2015-05-11T01:37:10Z,Déjà depuis l'an dernier ca doit descendre en Ligue 2 ca ! Ca aura pas fais un plis cette année bye bye Evian ;),2
2015-05-10T23:10:38Z,adieu evian,3
2015-02-17T13:29:48Z,Je comprend aucune des 2 expulsions...,1
2015-02-16T19:36:21Z,Vive lens ! ,0
2015-02-16T15:42:37Z,vive etg lol,0
2015-02-16T15:03:27Z,"#Ligue1 - Classement des buteurs - Mathieu Duhamel s’élance avec l’ETG ! Pour son deuxième match sous les couleurs d’Evian Thonon-Gaillard FC, Mathieu Duhamel a signé un doublé pour une victoire précieuse et une place dans le Top 10 des buteurs de Ligue 1 - http://minilien.fr/a0ny0p",11
2015-02-16T12:36:15Z,Pas normal pour Lens de prendre le premier but et quelles erreurs sur le deuxième ...,0
2015-02-16T09:46:16Z,Super matche de tomasson il est vraiment très bon est decisif (ps je suis pour evian et l'om),0
2015-02-16T09:06:38Z,Croix de Savoie a jamais !! Venez voir le parcage haut savoyard durant ce match !! ,2
2015-02-16T09:02:20Z, SUPPORTERS DE ETG VENEZ PARTAGÉ MES VIDÉOS !!!,1
2015-02-16T00:12:11Z,"En quoi Daniel Wass fait une faute qui mérite un carton rouge, l'arbitre a pété un câble",6
2015-07-06T11:16:31Z,,0
2015-03-16T17:01:35Z,"0:25 , évian s'est imposé à nantes lors de ses dexu derniers déplacement , mais biensur...",1
2015-03-16T12:37:58Z,"Victoire méritée, excellent but de S.Gakpé et un bon match global.",1
2015-03-16T11:06:14Z,"FCN, ou l'art de faire 65 minutes de super jeu, mener 2-0 et stresser pendant 15min de pas se faire égaliser --'",1
2015-03-16T07:35:01Z,"Victoire méritée. Un super Bessat en AG, un bon Bangoura, un bon Djidji. Bedoya moyen, Nkoudou percutant mais doit gommer encore quelques défauts. ",1
2015-03-16T07:15:43Z,Fcn victoire méritée 💛💚,0
2015-03-16T07:03:55Z,Il suffit de jouer au foot 90 min et le maintient sera la !! ,0
2015-04-06T17:04:30Z,Excellent résultat pour l'ETG,0
2015-03-24T17:35:40Z,bravo ETG,1
2015-03-23T20:07:22Z,croix de Savoie à jamais on continue,3
2015-03-23T12:15:10Z,Bravo les croix !!! La défaite était interdite !,1
2015-03-22T15:18:47Z,Dany Nounkeu GAL.ATASARAY.takıpteyız,0
2015-03-02T19:48:12Z,CROIX DE SAVOIEEEEEEEEEEEEEEEEEEEE,0
2015-03-02T16:32:16Z,Pls Jesper Hansen pour le prochain match,0
2015-03-02T14:35:48Z,il y aura des Nancy-Metz et des Metz-Nancy l'année prochaine...,0
2015-03-02T10:19:46Z,Croix de Savoie a jamais ! En route pour le maintient les gars !  ,1
2015-03-02T09:03:19Z,M'Fa ou Oberhausser contre Rennes svp,0
2015-03-02T06:57:13Z,Abonnez vous et je m'abonne je le jure ,0
2015-03-02T00:48:58Z,Carasso fais nous la cagade fais nous la cagade ,0
2015-03-02T00:20:31Z,Salut je fais du FIFA mais j'ai peu d'abonnés.Vous pourriez aller voir pour dire ce que vous en pensez?!,0
2014-09-18T15:48:51Z,Pascal fais jouer Nielsen au lieu de Bruno !!! :(,3
2015-05-18T14:15:31Z,"yeeeees trop content que evian sois en L2 ca va faire du bien que ce club de merde dégage enfin, bien joué au Stephanois de les avoir envoié en L2 merci. (de la part d'un supporter bastiais membre des Bastia 1905) et aussi on verra plus le public de bauffe d'evian qui siffle et insule les fumigenes et les supporter adverse qui eu font des vrai deplacement. Evian casser vous﻿",1
2015-05-18T10:42:52Z,Dur pour l'ETG mais ça devait arriver ... Les conf' de Dupraz vont me manquer ^^  J'espère qu'il restera a l'ETG et que le club reviendra vite en ligue 1.,1
2015-05-17T18:04:25Z,dommage etg il ont bien joué et je ne comprend pas pk les gens dise bien fait etg Alor que c est un club sans histoire croix de Savoie a jamais <3,1
2015-05-17T15:32:18Z,"merci sainté grace à vous on est maintenus. J'espère que vous jouerez la LDC
FORZA VIOLA !!!",5
2015-05-17T14:47:47Z,Les verts on y crois jusqu'au bout pourquoi pas la LDC !,0
2015-05-17T13:40:28Z,"Les croix n'ont pas le niveau... entre les luttes intestines des actionnaires, le départ de Riboud et certains joueurs qui font des erreurs défensives et offensives impardonnables qui coutent très cher à la fin.
L'éviction de Casoni a été une erreur majeure de coaching à l'époque...

Faire table rase la saison prochaine et construire des fondations plus stables.

Même s'il y a beaucoup de rageux sur cette page, je tenais à leur signaler que l'os à mordre que fut l'ETG cette année, sera attribué à un autre club l'année prochaine où il prendront plaisir aussi à vouloir mordiller sans complaisance.
Je souhaite bon vent à vous supporters français car même si on ne supporte pas les mêmes clubs, on peut au moins se respecter au nom du foot français.
Bonne chance à Lyon en C1 l'année prochaine, à Lorient, St Etienne et à Reims.
Cordialement",0
2015-05-17T13:24:50Z,Vanwolfinskel 1 chevre 1 arnaque totale!!!!!...depuis des mois q j denonce cette imposture!!!!!!..rien à faire dns l foot pro c nul!!!!!,0
2015-05-17T12:02:47Z,"Evian en Ligue 2, Evian en Ligue 2, Evian, Evian, Evian en Ligue 2...",6
2015-05-17T11:26:01Z,"Enfin en Ligue 2 l'ETG !!!! Depuis le temps que j'attendais ça que ces beaufs insupportables avec le gros Dupraz descendent, restez en Ligue 2 revenez plus traîner vos guêtres dans l'élite",5
2015-05-17T11:08:52Z,Allez asse les meilleurs <3 <3♡♡,3
2015-05-17T10:59:35Z,"Putain mais c'est quoi cette haine contre ETG ? D'autant qu'ils ont été exemplaires hier soir malgré la défaite.
Satisfait de la victoire de nos petits verts mais avec beaucoup de retenue.
En espérant revoir rapidement ETG en Ligue 1.",9
2015-05-17T10:30:43Z,fin évian en ligue 2,1
2015-05-17T09:09:23Z,"C'est pas mérité pour Sainté, Evian a dominé.",4
2015-05-17T08:53:15Z, l etg à battu un record celui de se faire voler le plus de points.8 points volés donc les rageux vos gueules,1
2015-05-17T08:41:21Z,"pour que tout le monde ai sa chance en L1 supprimons les matchs décalés et jouons tous le samedi soir, le podium risque d' être très différent à la fin...",3
2015-05-17T08:18:50Z,"Bonne chance aux verts, il faudrait que les 4 meilleures équipes du championnat occupent les 4 premieres places..",4
2015-05-17T08:06:53Z,ETG <3,5
2015-05-17T07:29:59Z,en tous les cas joli but de gradel  en esperant qu' il ne parte pas cet été snifffffff,1
2015-05-17T06:56:02Z,je suis vraiment desoler pour Evian mais la ligue 1 et cruel ,4
2015-05-17T06:50:01Z,Brison n'a plus le niveau de l'équipe! Il faut mettre le pied putain,0
2015-05-17T06:43:23Z,EVIAN EN LIGUE 2 ENFIN!,6
2015-05-17T05:55:33Z,merci de l'avoir mis rapidement,1
2015-05-17T05:47:30Z,nul les commentaires,0
2015-01-28T14:32:57Z,"On est bien mal en point, Ben yedder qui n est pas en forme c est assez embêtant,  Braithwaite qui ne cadre plus depuis quelques mois, Boucher est toujours blessé ducoup on fait jouer Ahamada ( meme age mais beaucoup moins d expérience et trop irrégulier ). Heuresement que Aguilar ( qui a fait une bonne coupe du monde avec la Colombie ) tien la barraque. ",0
2015-01-27T20:32:04Z,Bravo les croix !,0
2015-01-26T20:14:47Z,Je sera pour etg a jamais pour le meilleur et pour le pire,0
2015-01-26T17:13:56Z,"Tout ce qui se moque de l' ETG fermer vos g.Nous on a pas un sous et on résiste a Toulouse.Les Parisiens qui ce croit super fort car ils ont battus 4-2 Evian et ben je vous rapelle quil y a 1 an Evian Paris 2-0 et a personne n' en parle.Alors arreter de vous moquer car pour moi Daniel Wass et bien meilleur que Verrati.
C' est pas parce que on n' a pas d' argent qu' on est pas fort rappeler vous ca Parisiens",1
2015-01-26T06:54:31Z,Croix de Savoie a jamais venez voir mes vidéos sur ce match et sur les autres !! ,0
2014-11-03T22:13:28Z,Supporters des croix c'est pas fini continué de venir voir mes vidéos sur nos supporters !!! Je serai à Nice !! ,0
2014-11-03T09:09:08Z,Allez montpellier!! ,0
2014-11-02T23:56:30Z,"Ah oui, montpellier!",0
2015-01-25T11:48:25Z,l'assee nique toute les equipe,0
2015-01-03T16:57:32Z,Ba je vous envie grave de pouvoir aller a geoffroy guichard. bo stade  meilleur public et des joueurs ki mouille le maillot. Respect a mr galtier pour le travail effectué.,0
2014-12-23T18:33:59Z,"Super but le dernier
",0
2014-12-23T06:31:53Z,J'y étais sauf que je supporte l'ETG haha. Une bonne ambiance et un beau match malgré la lourde défaite ^^,1
2014-12-22T16:11:14Z,"#Ligue1 - Classement des passeurs - C’est Romain « Hamouma-gique » ! Avec deux passes décisives en plus de son but, Romain Hamouma a dessiné le 10e succès de l’AS Saint-Etienne en Ligue 1 - http://minilien.fr/a0ng64

Le classement complet : http://minilien.fr/a0ncyq",14
2014-12-22T11:26:46Z,Allez les verts! =D,0
2014-12-22T11:10:55Z,"Très grand match de saint-etienne match dominer du début a la fin 
pour la première fois que je vais au stade je ne suis pas dessus!!!",1
2014-12-22T10:38:47Z,"Si tu veux plus de vidéos sur l'ASSE, vient voir mes vidéos sur ma chaîne, et abonnes-toi à ton souhait ! ALV♥",0
2014-12-22T09:55:44Z,"C'est quand qu'on leur explique que le ""Z"" dans ""forez"" ne se prononce pas....?",0
2014-12-22T09:00:19Z,"c etait trop bien la hola 3-0  J' y étais !
Une ambiance magique pour un super match",3
2014-12-22T08:03:02Z,et les quenelles voilà comment on gagne ETG honnêtement et pas avec des penos inexistant à la 95eme hein.. sans compter qu' on a oublié au moins 2 penos pour nous et des jaunes sévères contrairement aux autres qui n' ont rien eu et vivement qu' etg descendent en L2 avec tous leurs bourrrins ils auraient du finir au moins à 10..,3
2014-12-22T02:14:30Z,"maintenant qu il n y a plus de coupe d europe, je pense que les verts peuvent faire une magnifique deuxieme partie de saison et esperer une meilleure place que l an dernier...",1
2014-12-21T23:19:00Z,aller les Verts !!! vous pouvez finir sur le podium !!!!!!!!!!!!,4
2014-12-21T23:17:42Z,J'Y ÉTAIT LE MATCH ÉTAIT MAGIQUE!,4
2014-12-21T23:16:42Z,"J' y étais !
Une ambiance magique pour un super match.",8
2014-12-21T23:13:58Z,Fc Nantes,1
2014-12-21T23:06:52Z,ALV,3
2014-12-21T23:02:12Z,Bravo les verts !,6
2015-03-11T08:17:34Z,Vnez voir mes vidéos,1
2015-03-10T17:02:36Z,le match etais pas mal sans plus,0
2015-03-09T17:58:56Z,"Cool
",0
2015-03-09T07:24:15Z,Supporters des croix venez voir les vidéos sur nos supporters !! ,2
2015-03-09T01:08:26Z,"Allez monaco
Berbatov grande classe , comme d habitude .
Martial c est bien pour lui qui a marquer pour la confiance .

Un bon match dans l ensemble",2
2015-02-25T12:20:57Z,Viva el loco!!!!!!,0
2015-02-05T18:11:11Z,"Evian c,est fait voler sa se fairt pas franchement yavais 2 pénos pour evian et le péno mlarseillais est meme pas valable (et je rage pas que parce que je suis poiurt lyon)",1
2015-02-03T19:40:17Z,Supporters des croix de savoies venez voir mes vidéos sur nos supporters !! ,1
2015-02-03T19:39:10Z,"Pour changer l'etg se fait voler !! 
Nan mais sa commence a faire beaucoup quand même la ... arbitrage vidéo ou de vrai arbitre c'est  pour quand que l'on  change thiriez et le système de cette ligue !?! ",0
2015-02-03T18:50:07Z,Vive ETG (oublié pas Gaillard) je hai se match volée !!!,1
2015-02-03T13:42:12Z,et le but refuse pour thauvin,2
2015-02-03T13:39:45Z,allez l om cool,0
2015-02-03T09:09:26Z,"Désoler mais y a pas vraiment penalty pour Évian, y a juste une petite poussette",0
2015-02-03T02:23:51Z,"C'est fou de voir à quel point les Marseillais sont ridicules, y en a ils pensent vraiment qu'il y a pas penalty pour ETG! Si ça avait été dans l'autre sens vous seriez en train de cramer la baraque de l'arbitre donc silence... ",1
2015-02-03T02:20:21Z,"encore une fabuleuse preuve de l'arbitrage à 2 vitesses de ce championnat... C'est un nouveau mais il a déjà très bien intégré les subtilités de ce championnat à ce qu'on peu voit... Une grosse honte et lire des messages disant qu'ils sont fières qu'ils ont bien joués... Franchement allez vous cacher, j'aurais honte à votre place. ",0
2015-02-02T22:39:13Z,Je sui sure que l'om a achete l'arbitre regarder 2 fois l'om fait des fautes et comme par hasard rien ne se passe et  une petite fautes de evian pour avoir un penalty pffffffff,0
2015-02-02T18:35:09Z,SI ON SE FAIT VOLÉ TOUS LES MATCH À CAUSE DES ARBITRES SA NOUS PÈTE LES COUILLES ALLEZ ETG,1
2015-02-02T17:41:57Z,mdrrr il y aurait sûrement dû avoir 1 pénalty pour evian mais remettre en cause le pénalty de l'om euh fermez vos gueules x),0
2015-02-02T17:30:29Z,"Pour tous les abrutis qui disent ""oué mdr ya pa fote pr Marseille, allé nike ta mère marseille vs avé volé lmatch"". Barbosa a avoué lui-même au micro pendant le match qu'il avait bien fait faute",1
2015-02-02T17:23:02Z,Arbitre paye 2 faute pour Evian pas penalty et ya pas faute pour Marseille penalty c'est normal ou pas ,0
2015-02-02T17:01:17Z,gg,0
2015-02-02T17:01:05Z,aller om,1
2015-02-02T13:04:02Z,"Et Doria, il ne jouera jamais ?",0
2015-02-02T12:41:32Z,"J.allucine penalty ou pour les.3 ça compense pour le.but refusé pour les marseillais 
Certe match.moyen mais aucun penalty ni evian ni marseille 
Supporter marseillais ",0
2015-02-02T12:31:38Z,Allez L'OM.,1
2015-02-02T11:40:05Z,"Autant je suis ok avec le peno pour Marseille même si la faute est pas évidente, elle est réelle, autant le suis d'accord avec la décision sur la deuxième action litigieuse dans la surface de Marseille, autant c'est hyper compliqué de juger sur la faute ou pas de Fanni

La différence est, je pense, que Barbosa se désintéresse complètement du ballon (qui est à 1m50 de lui) sur sa faute, l'action de Fanni on la voit dans tous les matches sans que ça donne de pénalty, puis sur la deuxième action, Morel cherche le ballon, après on pas un bon angle sur la vidéo dont à vitesse réelle c'est pas scandaleux.",1
2015-02-02T10:06:33Z,"Bon je suis supporter marseillais et faut bien reconnaître que c'est pas la victoire de la saison dont je suis le plus fier. Il y a bien évidemment penalty pour Evian et ceci à deux reprises, et quand au penalty pour Marseille, s'il y a bien contact, c'est quand même léger.
Mais le plus préoccupant c'est qu'il va falloir faire qqch pour retrouver le niveau de jeu qu'on avait en début de saison parce que là c'est plus possible. Où est le superbe jeu fluide en une touche de balle de la 1ère partie de saison, sérieux ?",12
2015-02-02T08:48:14Z,Marseille toujours vainqueur a domicile malgré tout les absents.... !,3
2015-02-02T07:49:13Z,Allez dégagez tt les FDP de footix qui disent qu' on a volé le match !!! Lyon et Paris gagnaient la semaine dernière grâce aux penaltys !!! Alors arrêter de venir chialer sur cette vidéo!!!!!,2
2015-02-02T06:22:35Z,"tout mon soutient au supporter d'evian 
Match volé Desolé Marseille on t'encule !!
Ici c'est Paris !❤️",6
2015-02-02T00:06:22Z,"c'est pas sérieux ça? 2 penalty non sifflé pour  l'ETG... Il y avait vraiment faute sur ces 2 penalty... et la, t'as Payet, il vient, il rentre dans la surface, il se fait un croche pieds tout seul, et évidemment, le penalty est sifflé pour l'OM!!!",7
2015-02-01T23:47:53Z,Ce match mdr 2 péno non sifflés pour Evian et la faute imaginaire sur Payet..,2
2015-02-01T23:17:01Z,La 2 ieme fois c etait un penalty,1
2015-02-01T23:07:02Z,bref Évian c est fait voler,10
