publish_date,title,view_count
2014-10-11T09:42:18Z,"Giannelli Imbula - Tackles, Skills, Passes &amp; Goals (14/15) HD",339778
2014-09-28T22:00:02Z,But Giannelli IMBULA (7&#39;) / Olympique de Marseille - AS Saint-Etienne (2-1) -  (OM - ASSE) / 2014-15,25077
2015-01-09T08:51:24Z,Giannelli Imbula vs Monaco,22610
2015-06-20T17:04:49Z,"Gianelli Imbula - Welcome to Porto - Skills, Goals, Assists - 2014/2015",7351
2015-03-17T20:34:52Z,Gianelli Imbula (Marseille) vs Lyon (15.03.2015),19707
2014-11-10T01:53:36Z,Giannelli Imbula - Red Card (Paris VS Marseille) 9/11,6877
2015-06-28T17:53:43Z,"GIANNELLI IMBULA HD Goals, Skills, Assists | WELCOME TO porto 2015",1504
2014-09-28T22:00:02Z,Goal Giannelli IMBULA (7&#39;) / Olympique de Marseille - AS Saint-Etienne (2-1) - (OM - ASSE) / 2014-15,2293
2014-09-25T22:00:05Z,But Giannelli IMBULA (74&#39;) / Stade de Reims - Olympique de Marseille (0-5) -  (SdR - OM) / 2014-15,3651
2015-07-15T20:04:00Z,Giannelli Imbula vs Hull City,133
2015-07-04T12:21:52Z,Giannelli Imbula | All Goals | 2 | Welcome to Porto | HD | 2014/2015,144
2014-11-03T00:05:56Z,Best-of Riolo - « Je n’en peux plus de voir Imbula jouer comme ça » (03/11),5300
2015-06-19T12:01:41Z,Giannelli Imbula |WELCOME TO PORTO|2015,12064
2014-12-27T14:11:14Z,"Giannelli Imbula, L&#39;espoir 2014-2015 HD",775
2014-09-25T22:00:04Z,Goal Giannelli IMBULA (74&#39;) / Stade de Reims - Olympique de Marseille (0-5) - (SdR - OM) / 2014-15,752
2015-06-03T10:15:02Z,Best Football Moment of Giannelli Imbula,273
2014-08-19T20:51:46Z,Imbula Vs Montpellier 14-15 HD 720p,9265
2015-06-21T17:05:59Z,GIANNELLI IMBULA - WELCOME TO PORTO #ForCanaleInter,457
2014-10-21T17:10:36Z,Imbula Vs Toulouse 14-15 HD 720p,3171
2015-05-05T21:45:27Z,Pirlo-Imbula : la comparaison qui fait sortir Riolo de ses gonds,70118
2015-06-25T17:44:30Z,| Giannelli Imbula | ▶ Goodbye Olympique Marseille ◀ ● Welcome To FC Porto ● 2015 ● || HD,1602
2015-06-15T22:57:39Z,VIDEO NEWS  -  Thiago Motta o Giannelli Imbula:?,218
2014-10-05T21:01:35Z,SM Caen - Olympique de Marseille (1-2) - Highlights - (SMC - OM) / 2014-15,8605
2015-01-19T00:28:34Z,Olympique de Marseille - EA Guingamp (2-1) - Highlights - (OM - EAG) / 2014-15,5980
2014-09-28T23:25:00Z,Olympique de Marseille - AS Saint-Etienne (2-1) - Highlights - (OM - ASSE) / 2014-15,11326
2014-08-31T22:00:05Z,Olympique de Marseille - OGC Nice (4-0) - Highlights - (OM - OGCN) / 2014-15,11736
2014-11-09T23:17:09Z,Football / Élie Baup &quot;regrette l&#39;expulsion d&#39;Imbula&quot; 09/11,1372
2014-09-25T22:00:06Z,But André AYEW (52&#39;) / Stade de Reims - Olympique de Marseille (0-5) -  (SdR - OM) / 2014-15,1706
2015-07-09T06:33:06Z,"Imbula - Skill, Assist, Goals Welcome to FC Porto",607
2014-11-12T10:08:01Z,Zlatan Ibrahimovic Trolled PSG Doctor when Lavezzi went down_PSG vs Marseille 2-0 9/11/2014,95894
2015-04-22T21:50:01Z,Imbula - Bielsa -Olympique de Marseille- Lorient FC,296
2014-11-24T00:18:02Z,Olympique de Marseille - Girondins de Bordeaux (3-1) - Highlights - (OM - GdB) / 2014-15,13235
2014-09-25T22:00:04Z,But André AYEW (59&#39;) / Stade de Reims - Olympique de Marseille (0-5) -  (SdR - OM) / 2014-15,11307
2014-09-25T22:00:04Z,Goal André AYEW (52&#39;) / Stade de Reims - Olympique de Marseille (0-5) - (SdR - OM) / 2014-15,577
2015-02-15T23:00:00Z,Olympique de Marseille - Stade de Reims (2-2) - Highlights - (OM - SdR) / 2014-15,4984
2015-01-11T23:00:04Z,Montpellier Hérault SC - Olympique de Marseille (2-1)  - Résumé - (MHSC - OM) / 2014-15,39198
2014-10-19T21:23:32Z,Olympique de Marseille - Toulouse FC (2-0) - Highlights - (OM - TFC) / 2014-15,9956
2014-12-08T00:43:15Z,Olympique de Marseille - FC Metz (3-1) - Highlights - (OM - FCM) / 2014-15,9203
2014-09-25T22:00:04Z,Goal André AYEW (59&#39;) / Stade de Reims - Olympique de Marseille (0-5) - (SdR - OM) / 2014-15,36034
2014-11-30T23:00:04Z,Olympique de Marseille - FC Nantes (2-0) - Highlights - (OM - FCN) / 2014-15,4188
2015-05-17T02:10:04Z,LOSC Lille - Olympique de Marseille (0-4) - Highlights - (LOSC - OM) / 2014-15,4657
2014-08-17T22:00:03Z,Olympique de Marseille - Montpellier Hérault SC (0-2) - Highlights - (OM - MHSC) / 2014-15,11014
2015-02-22T23:51:31Z,AS Saint-Etienne - Olympique de Marseille (2-2) - Highlights - (ASSE - OM) / 2014-15,6841
2014-08-10T22:00:03Z,SC Bastia - Olympique de Marseille (3-3) - Highlights - (SCB - OM) / 2014-15,13318
2015-06-22T07:42:18Z,"Martinez Back On, Imbula &amp; Schlupp Linked  | AFTV Transfer Daily",19362
2015-03-23T01:14:20Z,RC Lens - Olympique de Marseille (0-4) - Highlights - (RCL - OM) / 2014-15,14222
2015-02-01T09:17:58Z,Marseille vs Evian TG 1:0 31.01.2015   Ligue 1,237
2015-03-08T22:59:59Z,Toulouse FC - Olympique de Marseille (1-6) - Highlights - (TFC - OM) / 2014-15,4846
2014-10-27T00:51:24Z,Olympique Lyonnais - Olympique de Marseille (1-0) - Highlights - (OL - OM) / 2014-15,13121
2015-02-22T23:35:16Z,AS Saint-Etienne - Olympique de Marseille (2-2)  - Résumé - (ASSE - OM) / 2014-15,177281
