publish_date,title,view_count
2015-02-07T08:01:16Z,Lorenzo Crisetig - Generazione Azzurra,4748
2015-01-20T07:20:48Z,20 gennaio 1993 - Nasce Lorenzo Crisetig - Almanac,1327
2015-07-20T17:18:21Z,Presentazione di Crisetig,2005
2015-06-18T14:45:25Z,L&#39;azzurrino Lorenzo #Crisetig ha un messaggio per i #Tifosi #Azzurri...,1880
2015-01-26T14:39:59Z,"Lorenzo come Marco, traiettorie perfette che fanno la storia",1964
2015-02-02T17:49:41Z,I Gol di Lorenzo Lepri,303
2014-12-18T21:14:41Z,lorenzo segna contro l&#39;inter,155
2015-05-17T18:43:53Z,Lorenzo Cinque 2015,950
2015-03-25T12:18:06Z,SALERNITANA-REGGINA 0-2  (02-04-2010),1024
2015-04-25T14:24:33Z,Krohn Dehli vs Barcelona (01/11/2014) HD,5335
2015-02-04T16:09:54Z,Conosciamo meglio Lorenzo Del Prete,482
2014-10-26T18:33:25Z,Inter Cesena 2014,55
2015-07-11T00:03:56Z,Rene Krhin vs Real Sociedad (1T) - HD,7890
2014-08-12T13:19:19Z,#CAGLIARI4AGOSTO | Made by IED Cagliari | Cagliari Calcio,8564
2015-04-25T11:18:11Z,Luka Modric &amp; Karim Benzema vs Villarreal (27/09/2014) HD,327
2015-03-22T08:26:02Z,AC MILAN - CAGLIARI  3-1,99
2015-06-18T18:48:13Z,"U21 - ITALIA-SVEZIA 1-2, radiocronaca di Giuseppe Bisantis (18/6/2015) EURO U21 su Radiouno RAI",1581
2014-08-20T07:58:55Z,Allenamento Asseminello 20/08/14 | Cagliari Calcio,3535
2015-01-06T14:00:11Z,PALERMO - CAGLIARI   5-0,173
2015-03-16T11:34:47Z,Italia vs Inghilterra: il 31 marzo a Torino!,3464
2015-03-31T10:50:15Z,Le giocate e la grinta di Gennaro Gattuso in Nazionale,29974
2015-01-12T15:12:28Z,Samuele Longo - Generazione Azzurra,2601
2015-02-23T15:49:01Z,Top 5 - La classifica per presenze integrali,2776
2014-08-09T02:50:35Z,Nicola Murru (Cagliari) vs Roma.,7283
2015-07-20T08:40:11Z,Dessena: &quot;Stiamo crescendo come squadra&quot; 19/07/15 | Cagliari Calcio,992
2015-02-19T16:15:15Z,Cristiano Biraghi - Generazione Azzurra,4944
2015-01-26T11:36:16Z,Daniele Baselli - Generazione Azzurra,18562
2015-01-16T10:25:25Z,"U17 Femminile, Azzurrine al lavoro verso gli Europei",3778
2015-03-18T07:29:45Z,Top 5 - Gli Azzurri con più presenze dalla panchina,4614
2015-03-05T08:02:10Z,La Nazionale dalla A alla Z!,4748
2015-01-13T11:09:42Z,Davide Zappacosta - Generazione Azzurra,11550
2015-05-03T11:54:40Z,"► DIEGO FARIAS 2014-2015 ● GOALS,ASSIST AND SKILLS ||HD||",9826
2014-08-16T00:36:31Z,Dodô ALL Pre-Season Highlights,1053
2015-01-22T18:08:02Z,Avelar a &quot;Lo Stadio dei Bambini&quot; 22/01/2015 | Cagliari Calcio,1180
2015-03-31T06:42:49Z,#NoToRacism - Italy vs England - Graziano Pellè,2851
2014-10-26T12:47:44Z,Danilo Avelar || Welcome to Torino || Skills &amp; Goals 2015 || [HD],24779
2015-03-30T07:35:53Z,#NoToRacism - Italy vs England - Salvatore Sirigu,1918
2015-02-03T07:56:58Z,Francesco Bardi - Generazione Azzurra,1926
2015-01-13T12:24:50Z,Rayo Vallecano 0-1 Cordoba All Goals &amp; Highlights 12/01/2015,59
2015-03-20T11:35:38Z,Le maglie del Cagliari Calcio su Subito.it per beneficienza,1700
2015-01-19T07:49:31Z,19 gennaio 1960 - Nasce Mauro Tassotti - Almanacchi Azzurri,3308
2014-10-30T07:31:04Z,CAGLIARI - AC MILAN  1-1,143
2015-01-30T07:35:28Z,Stefano Sturaro - Generazione Azzurra,6124
2015-06-18T11:23:56Z,L&#39;azzurrino Francesco #Bardi ha un messaggio per i #Tifosi #Azzurri...,1320
2014-12-02T13:20:44Z,Andrea Belotti - Generazione Azzurra,8230
2015-06-18T10:15:07Z,#ForzaAzzurrini by Marco Verratti,1833
2015-04-19T15:54:31Z,CHIEVO-UDINESE: l&#39;intervista a Pinzi,300
2015-02-16T19:08:33Z,LA CALABRIA SPORTIVA 13 Puntata,113
2015-03-20T14:02:33Z,Top 5 - La classifica per partite sbloccate,2748
2015-04-09T13:15:48Z,Oikonomou in Conferenza Stampa,909
