published-time,comment,likes
2015-07-17T08:55:11Z,Forzza balotelli fuck Pirlo and marcisio ,0
2015-06-18T14:53:44Z,,7
2014-09-04T13:35:59Z,è l'inno più bello di tutta la serie A...le altre sono canzoni da Karaoke....FORZA CASTEDDU.....,2
2014-08-12T21:22:29Z,"Io c'ero, grande serata! Forza Casteddu!!! ",1
2014-08-12T20:14:12Z,Cagliari nel mio cuore per sempre.IL NUOVO INNO è Bellissimo.Con questo inno il Sant'Elia diventa una bolgia.FORZA CASTEDDU!!!!!!!!!!!!!!!!!!!!!!!!!!!!! ,2
2014-08-12T14:42:19Z,da brividi questo video #forzacasteddu,4
2015-01-29T19:48:50Z,Ma la canzone l ha scelta avelar?,0
2014-08-21T08:14:32Z,La musica potevate risparmarvela..,0
2014-08-20T10:10:10Z,Sabato presente !,2
2015-01-12T15:13:52Z,,5
2015-02-23T15:49:28Z,,3
2014-11-28T12:38:42Z,Song?,0
2015-02-19T16:17:04Z,,3
2015-06-01T00:39:50Z,"Del Piero, Grande!!",1
2015-06-26T22:57:29Z,Reminds of zambrotta. Future world star. I think Juventus will snap him up.  ,0
2015-04-25T09:03:18Z,Se nedved è umile cicciolina è vergine,0
2015-05-05T06:41:46Z,grazie mille meesix HD !,0
2015-05-03T12:51:30Z,Amazing Player *_*,2
2015-05-03T12:39:48Z,"Sei davvero bravo, complimenti per il canale straordinario! :)
continua così",0
2015-05-03T12:25:58Z,secondo canale (second channel) !,0
2014-08-16T01:00:57Z,He seems like he is going to be better than nagatomo,0
2015-03-31T14:00:51Z,Pellè TiTOLARE vs gli Inglesi,0
2015-03-31T09:54:55Z,Grande Pellè!,1
2015-06-24T10:21:59Z,non aspettatevi di vedere buone prestazioni in difesa..,0
2015-06-17T19:51:25Z,Benvenuto a Torino!!!!!  FVCG,1
2015-03-28T19:38:04Z,Nice vid :D,0
2014-10-26T14:52:22Z,Name song,0
2014-10-26T13:11:09Z,Bella :3,0
2014-10-26T13:00:19Z,"Non mi deludi mai! <3
TI AMO! <3",1
2015-03-30T15:49:06Z,"Forza azzurriiiiiiiiiiiiiii!!!!!!!!!!!!
",2
2015-02-03T07:58:16Z,,1
2015-03-24T20:36:20Z,Albin uomo vero ,1
2015-05-25T23:54:17Z,"Grande Mauro Tassotti, Milanista Vero!!!",1
2015-01-19T07:50:23Z,,1
2015-05-22T23:55:13Z,Grande Stagione per Sturaro alla Juventus!!,0
2015-01-30T07:36:26Z,,1
2015-06-18T11:25:14Z,,7
2015-01-07T02:52:12Z,SARÀ IL FUTURO DEL NOSTRO CALCIO È TUTTI NE PARLERANNO DI LUI COME ANCHE IL PROMETTENTE DYBALA ,0
2014-12-12T19:49:47Z,Il gallo Belotti!,2
2014-12-03T11:19:00Z,"Mi puoi dare una mano a crescere. Sul youtobe forza italia
",0
2015-06-18T15:33:03Z,"""Non fatevi moccicare e mettetecela tutta""",0
2015-06-18T10:20:20Z,,8
