publish_date,title,view_count
2015-04-17T22:13:40Z,Ragusa dopo Cittadella-Vicenza,834
2015-05-12T14:39:50Z,"Archivio Bari Calcio - Reggina-Bari 3-1 2011-2012 Rizzato,Marotta,Ragusa,Ragusa",64
2014-09-01T22:03:25Z,Gol Milito 4-1 - Genoa vs Vicenza 5-2 (06-10-2004),684
2014-10-15T19:09:26Z,PESCARA CHANNEL puntata mercoledi 15 ottobre 2014,78
2014-09-01T22:01:21Z,Gol Gemiti 3-1 - Genoa vs Vicenza 5-2 (06-10-2004),1274
2015-04-25T16:35:06Z,"Cinelli, Vita e Ragusa dopo Vicenza-Varese 1-0",638
2014-09-01T13:06:40Z,Serie B - Calciomercato e non solo,174
2014-10-20T08:07:26Z,Vicenza-Pescara 2-1,74
2014-09-10T23:19:02Z,"Praticò e Beretta, diversamente soddisfatti",96
2015-07-19T20:08:59Z,Sintesi Salernitana-Leonessa 15-0,965
2014-09-24T07:31:21Z,Vicenza Bari 1-0,385
2014-09-30T15:34:50Z,Conferenza stampa Antonino Daì 30.09.14 ©TrapaniCalcio.it,482
2014-09-30T18:01:18Z,RAFFAELE SCHIAVI PRE FROSINONE-CATANIA,499
2014-10-07T14:41:29Z,Perugia-Vicenza 2-2 2014/2015 Gol di Del Prete 2-2,347
2014-09-25T14:02:28Z,LIVORNO-LATINA 1-1 - GOAL DI CRIMI,425
2015-02-04T10:16:53Z,SERIE A BETUNIQ 2014/15 - Genoa vs Empoli ANDATA [1° TURNO PLAYOFF],180
2015-07-14T11:20:44Z,Pescara - Intervista a Sansovini,138
2014-10-20T09:12:30Z,INSIGNE SBAGLIA IL RIGORE AL 93&#39; (Reggina 1-1 Lupa Roma 2014/15),645
2014-08-31T10:02:20Z,Pescara-Trapani 0-0. Mister Boscaglia e Abate dopo la gara 30.08.14 ©TrapaniCalcio.it,773
2015-04-11T17:46:29Z,CATANIA - TRAPANI intervista RAFFAELE SCHIAVI,635
2015-01-20T13:05:04Z,Sciaudone si unisce al gruppo Catania,391
2015-03-10T23:28:38Z,MODENA-CATANIA intervista RAFFAELE SCHIAVI,226
2015-07-02T19:27:26Z,Guiseppe Rizzo Highlights 2015,498
2015-07-23T17:05:15Z,SCANDALO CATANIA– Fiorello:&quot;Il Catania pagherà ma la brutta figura l&#39;ha fatta il calcio&quot;,820
2014-12-08T21:51:44Z,Highlights SecondoTempo Acireale 2 - Spaforese 2 del 6-12-2014,207
2015-06-04T21:26:27Z,Grégoire Defrel | Cesena Calcio 2015 | HD,2380
2015-02-23T13:04:19Z,THE GUNNER tecnologia di allenamento del portiere,613
2015-05-02T16:15:48Z,Gentili dopo Vicenza-Virtus Entella,677
2015-07-16T13:05:37Z,"Gioco esterno, trequartista o seconda punta",240
2014-12-17T15:27:56Z,Antonio Mazzotta prima di  Sassuolo-Cesena,395
2015-02-17T22:18:13Z,"Sorrento - Leonfortese 1-0, highlights (Serie D, girone I, 15/02/2015)",125
2015-02-04T14:06:37Z,Presentazione dei nuovi Grifoni: Faraoni e Rizzo,416
2014-09-25T17:56:56Z,"Calcio, Serie B 2014/15 - 5^ g.ta: Vicenza-Bari 1-0",1043
2015-05-18T13:43:07Z,Urbano: &quot;Scalera e Castrovilli l&#39;anno prossimo in prima squadra&quot;,429
2015-02-04T16:23:22Z,Conferenza stampa presentazione Marco Davide Faraoni e Giuseppe Rizzo 4 febbraio 2015,877
2014-12-04T23:53:56Z,Giovanni Gaudio- Sinagra-Cus Palermo Promozioine 2014/2015,168
2014-12-23T10:37:21Z,Servizio Adrano Calcio - Real Tremestieri del 21-12-14 a cura di Davide D&#39;Amico TVA,350
2014-09-23T11:38:47Z,Servizio presentazione Ufficiale Adrano Calcio 1922 del 22/09/2014 a cura di TVA,438
2014-08-05T12:45:05Z,Intervista doppia a Miss Pescara Calcio e Miss Errea,1517
2015-03-17T14:12:00Z,Servizio Adrano Calcio vs Bronte a cura di Davide D&#39;amico,400
2015-05-05T16:58:45Z,Allievi Provinciali Enna - Girone A - Giornata 5 - Troina vs F. C. Enna,149
2015-06-10T18:51:18Z,2° gior. BF SERVICE   SUPERMERCATO DECO,144
2015-02-09T20:40:51Z,08.02.2015: Acireale Scordia Telecronaca Telecolor,696
2015-03-21T14:00:03Z,CROTONE - BRESCIA.  2--1,310
2015-01-03T12:03:55Z,Analisi pre partita Mascalucia vs Adrano Calcio a cura di Davide D&#39;amico,273
2014-11-13T17:04:16Z,Nissa - Sopranese 3-1 Servizio di Salvatore SCARANTINO per Sala Stampa di Umberto Teghini,110
2014-11-19T12:52:44Z,Gol d&#39;Autore - Terza puntata - 18 novembre 2014,1315
