publish_date,title,view_count
2015-02-04T12:02:49Z,CAN 2015 Congo - RDC Claude Leroy avait-il raison de se plaindre de l&#39;arbitrage ?,2165
2014-09-25T13:10:22Z,KSK TV ... K.SK. Heist - Standard Luik   0 - 3,592
2014-09-24T18:03:30Z,Ботев (Вpаца) - Лудогорeц 1:5,1109
2015-04-19T12:15:41Z,Thievy: &quot;Hubieron dos penaltis que no nos pitaron&quot;,1937
2014-08-11T04:33:12Z,Gol Adi Mutu Iasi-Petrolul 1-5,766
2015-04-12T21:59:28Z,Metalosport Galati - Viitorul Axintele repriza a II-a,387
2014-10-18T21:56:22Z,LIVE! Juniori A: FC Viitorul - Dunărea Călăraşi,3315
2015-05-23T07:37:05Z,*SportonlinePH* Conferință Petrolul - Dinamo 0-3,89
2015-04-29T11:04:13Z,CFR Cluj - Concordia Chiajna Scor 2-1 Rezumat Complet 28/04/2015,1707
2015-04-07T18:21:50Z,Petrolul - Pandurii : 0 - 1 (Etapa 24),63
2014-08-21T18:12:49Z,Gol Toto Tamuz Petrolul Ploiesti - Dinamo Zagreb 1-1,810
2014-09-24T16:18:18Z,CSM eliminată din cupă,29
2015-01-14T13:39:13Z,FABRICE ONDAMA LE RETOUR 2015,3030
2014-09-25T07:36:03Z,Materiał ze spotkania Wisła Puławy - Piast Gliwice 1-1 (3-4 k.) (Puchar Polski),1749
2014-12-18T21:36:13Z,Romain Thomas après le match Angers Sco - Sochaux,550
2014-09-10T18:57:51Z,PANDURII TV / PANDURII TÂRGU-JIU - PETROLUL PLOIEŞTI 15 septembrie 2014,406
2015-04-12T10:55:52Z,Francis N&#39;Ganga après R.Charleroi S.C - K.A.A. Gent PO1,907
2014-10-08T18:04:41Z,Unirea Slobozia - RAPID 0-0 amical | Faze din joc &amp; Interviu Marian RADA | 2014.10.08,730
