publish_date,title,view_count
2015-03-18T22:17:36Z,Hamdi Bilal Compilation Match,4764
2014-12-13T12:19:14Z,Hamdi Bilal (clermont Foot) contre Dijon,1065
2015-05-09T21:59:59Z,AC Ajaccio - Stade Brestois 29 (2-1)  - Résumé - (ACAJ - SB29) / 2014-15,3832
2015-05-09T21:55:31Z,Top buts 36ème journée - Ligue 2 / 2014-15,3010
2015-05-09T17:27:52Z,Conférence de presse AC Ajaccio - Stade Brestois 29 (2-1) - 2014/2015,170
2015-05-21T16:20:47Z,Ten Times mit Thomas Kraus (SC Fortuna Köln) | RHEINKICK.TV,784
2015-01-23T08:30:33Z,Tunisie Télécom sponsors officiel de l’Equipe Nationale,256
