publish_date,title,view_count
2015-01-27T11:00:08Z,Angers SCO - Stade Brestois 29 (1-2)  - Résumé - (SCO - SB29) / 2014-15,6613
2014-08-09T22:00:01Z,Angers SCO - AC Arles Avignon (2-0)  - Résumé - (SCO - ACA) / 2014-15,8480
2014-08-02T22:00:02Z,Nîmes Olympique - Angers SCO (3-2)  - Résumé - (NIMES - SCO) / 2014-15,19048
2015-01-31T22:59:59Z,Châteauroux - Angers SCO (0-1)  - Résumé - (LBC - SCO) / 2014-15,3657
2015-01-17T23:00:05Z,AC Arles Avignon - Angers SCO (1-3)  - Résumé - (ACA - SCO) / 2014-15,8504
2014-11-22T23:00:04Z,AC Ajaccio - Angers SCO (1-1)  - Résumé - (ACAJ - SCO) / 2014-15,3722
2015-02-07T23:00:01Z,Angers SCO - Tours FC (2-0)  - Résumé - (SCO - TOURS) / 2014-15,8991
2014-08-16T22:00:02Z,Stade Brestois 29 - Angers SCO (0-0)  - Résumé - (SB29 - SCO) / 2014-15,4117
2015-02-14T23:00:00Z,GFC Ajaccio - Angers SCO (1-0)  - Résumé - (GFCA - SCO) / 2014-15,4834
2014-08-11T09:57:28Z,Ismael Bangoura BY 11IXS -VINE-,750
2015-03-21T18:52:05Z,Lesión de Baptistao,796
2014-12-18T06:00:01Z,SC Bastia - SM Caen (3-2 a. p.)  (1/8 de finale) - Résumé - (SCB - SMC) / 2014-15,15862
2014-09-24T22:20:54Z,Lass Bangoura 19 ★ Rayo Vallecano de Madrid ★ Goals Skills and Assists,38433
2015-01-08T21:06:41Z,Lass: &quot;Vamos a intentar dar la vuelta a la eliminatoria&quot;,311
2015-07-08T11:38:02Z,BUZZ2SPORT - JOUMA SAID,94610
2015-04-12T10:43:56Z,"OHL - AFC Tubize, but de Lonsana Doumbouya",417
2015-05-10T22:00:00Z,But Max-Alain GRADEL (84&#39;) / AS Saint-Etienne - OGC Nice (5-0) -  (ASSE - OGCN) / 2014-15,4370
2014-08-07T11:55:10Z,GAGABO  YAO  PATRICK,116
2015-06-15T15:27:16Z,GN BANK DOL EBUSUA DWARFS 3 -0 ELEVEN WISE GN BANK DIVISION ONE LEAGUE MATCH,421
2014-08-30T16:41:21Z,Conférence de presse Tours FC - Angers SCO (1-2) - 2014/2015,483
2014-12-25T22:00:34Z,Isma Pépite Malienne 2.0,685
2015-06-04T22:45:51Z,alkhaly bangoura 5,4565
2015-03-04T09:41:00Z,MOHAMED DIARRA,522
2015-04-27T17:48:18Z,daouda messi camara,1208
2015-05-01T13:19:41Z,François Kamano /25/ SC Bastia ► Skills Assists Goals /4K Ultra HD/ 2015,24727
2015-02-15T08:24:13Z,GRANADA - BILBAO   0-0,78
2014-08-16T13:59:58Z,Brest - Angers SCO. Réaction Ludovic Butelle,447
2015-05-03T17:26:08Z,Sekou Keita - At. Madric C vs Adarve 2015 parte 3,211
2014-11-16T23:03:56Z,Argentré du Plessis 0 - Angers SCO 10,1384
2014-10-30T16:30:56Z,Konan N guessan Ange Armel football.mp4,351
2015-03-02T23:45:49Z,Angers SCO - Auxerre. Réaction Khaled Ayari,1986
2015-05-11T20:51:38Z,Angers Sco - Sochaux. Réaction Stephane Moulin,359
2015-01-18T15:48:19Z,ATLETICO MADRID- GRANADA  2-0,89
