published-time,comment,likes
2015-01-28T14:10:28Z,Quand on voit le nombre de tir cadré à chaque équipes et qu'on voit 3but... C'est flagrant,0
2015-01-27T20:55:10Z,Beaucoup trop d occasions qui passe a côté du cardre pour le SCO,0
2015-01-27T18:42:15Z,Ce sont les types de match que doit gagner Angers pour commencer a rever,0
2015-01-27T14:07:11Z,#Ligue2 - J21 - Revivez les meilleurs moments de Angers SCO - Stade Brestois 29 (1-2) en vidéo !,2
2015-01-27T11:36:59Z,par hasard quel qu'un connait le titre de la musique a l'entrée des joueurs ? ça fais un moment que je la cherche.,0
2014-08-10T09:42:21Z,Allez le SCO la montée c'est pour cet année,1
2014-08-10T08:11:38Z,aller le sco !,0
2014-08-06T13:08:12Z,"2m30, il nous parle de Alaeddine Yahia ; mais si je me trompe pas, il est toujours à Lens nan ?",0
2014-08-03T19:55:29Z,"nimes vont vite se faire calmer , 3 tir 3 buts et de chatard ......",0
2014-08-03T15:13:32Z,"Maoulida se prend un jaune, arbitrage en carton !",0
2014-08-03T00:17:30Z,"Je tiens à signaler qu’après la célèbre célébration de Maoulida, l'arbitre lui a mis un carton jaune ! J'ai beau détester Nîmes, c'est inadmissible ce que fait cette ""enflure""  d'arbitre ! A ce que je vois, ils reprenaient les bonnes viellent habitude ...",6
2015-02-03T16:41:50Z,"#Ligue2 - Classement des buteurs - Jonathan Kodjia s’emballe ! 
Avec un 6e but en 4 matchs, l’attaquant d’Angers SCO compte à présent trois buts d’avance en tête du classement officiel des buteurs de Ligue 2 ! http://minilien.fr/a0nvgd",3
2015-01-21T16:50:37Z,#Ligue2 - Classement des passeurs - Angers SCO a remporté son 2e match de Ligue 2 en 2015 en réalisant trois nouvelles passes décisives pour bondir de la 15e à la 3e place du classement des passes décisives par club après 20 journées - http://minilien.fr/a0nwd7,3
2015-01-19T10:00:16Z,#Ligue2 - J20 - Retrouvez les résumés des matchs de vendredi et samedi sur la chaîne officielle Youtube !,3
2014-11-23T17:02:00Z,On en parle du hors-jeu flagrant sur le but de ajacio ?? Encore un mauvais arbitre,0
2014-11-23T08:15:33Z,"allez le sco
Rendez vous contre troyes",1
2014-11-22T23:26:52Z,Pourquoi ils montrent pas le penalty oublié en fin de match ? ,0
2015-02-09T10:52:05Z,Magic scoop !!!,0
2015-02-09T06:39:34Z,ALLER LE SCO,0
2015-02-08T13:36:54Z,ALLEZ le SCO,0
2014-08-22T10:38:08Z,"C'est bien d'avoir des commentaires sur les résumés de L2 mais ça serait encore mieux s'ils étaient faits par des mecs qui savent un peu de quoi ils parlent... C'est pas Cuvillier qui tire sur les deux premières occas' brestoises, c'est Verdier.",0
2014-08-18T18:43:52Z,Allez le sco!!!,3
2015-02-16T15:36:53Z,Ils sont promu le gazelec non ?,0
2015-02-15T10:34:48Z,Il a quoi le gardien angevin ? Blessure aux neurones ?,1
2014-12-18T11:03:30Z,Superbe victoire. Forza Bastia. Tribuna Petrignani. B1905 :),3
2014-12-18T09:35:25Z,#CDL - 8es - Retrouvez les résumés des 8es de finale de la Coupe de la Ligue grâce à notre chaîne officielle YouTube !,3
2015-03-08T12:56:12Z,Good video,0
2015-05-13T11:20:50Z,trop cool,0
2015-05-11T21:11:30Z,Le GbôGbôlor en marche je kifff,0
2014-12-27T00:14:14Z,bien isma ;),0
2014-12-26T15:21:19Z,"courage Broth, le meilleur est a venir",0
2015-05-01T14:04:26Z,,0
2015-05-01T13:41:26Z,Happy Birthday!!! : ),0
2015-05-01T13:39:40Z,"#25 François Kamano
SC Bastia, Ligue 1
Date of birth: May 1, 1996
Age: 19
Height: 1,82 m
Nationality: Guine 
Position: Striker - Right Wing
Foot: right",0
