publish_date,title,view_count
2014-11-08T15:56:23Z,Portrait | Florentin Pogba (1/3),78438
2014-11-15T14:28:30Z,Portrait | Florentin Pogba (3/3),22387
2014-11-12T13:02:24Z,Portrait | Florentin Pogba (2/3),14071
2014-12-04T23:00:05Z,Goal Florentin POGBA 22&#39; / Montpellier Hérault SC - AS Saint-Etienne 0-2 - MHSC - ASSE / 2014-15,3496
2014-09-02T07:49:16Z,Florentin Pogba ● Kevin Monet-Paquet ● Franck Tabanou ● PSG vs ASSE 2014,821
2015-02-04T14:47:04Z,Mathias Pogba on a new challenge at Crawley Town,7913
2015-05-24T03:05:49Z,AS Saint-Etienne - EA Guingamp (2-1) - Highlights - (ASSE - EAG) / 2014-15,2662
2015-02-07T20:41:49Z,Paul Pogba ● Amazing Skills Show ● Juventus ► 2015,1023
2015-03-15T13:10:51Z,"Paul Pogba a 22 ans, le clip anniversaire",61054
2014-12-04T23:00:06Z,But Florentin POGBA 22&#39; / Montpellier Hérault SC - AS Saint-Etienne 0-2 -  MHSC - ASSE / 2014-15,29505
2014-12-05T00:31:42Z,Highlights : Week 16 / 2014-2015,3777
2014-09-14T22:00:03Z,AS Saint-Etienne - SM Caen (1-0) - Highlights - (ASSE - SMC) / 2014-15,1766
2014-08-10T11:23:20Z,Goal Pogba  All Star 2-2 Juventus. 10/08/2014,479
2014-09-25T23:16:53Z,AS Saint-Etienne - Girondins de Bordeaux (1-1) - Highlights - (ASSE - GdB) / 2014-15,3629
2014-09-28T23:25:00Z,Olympique de Marseille - AS Saint-Etienne (2-1) - Highlights - (OM - ASSE) / 2014-15,11326
2014-08-31T22:53:13Z,PSG - Saint-Etienne (5-0) - Highlights - (Paris Saint-Germain - AS Saint-Etienne) / 2014-15,219362
2014-12-05T00:38:01Z,Bloopers : Week 16 / 2014-15,1372
2014-11-16T18:44:36Z,Football / Les petits gestes techniques de Pogba à l&#39;entraînement - 16/11,39976
2014-12-01T00:03:35Z,AS Saint-Etienne - Olympique Lyonnais (3-0) - Highlights - (ASSE - OL) / 2014-15,13439
2015-02-13T16:40:38Z,POGBA GOAL!,97
2015-04-12T04:06:07Z,Paul Pogba ● Best Skills and Goals ● 2015 HD,396
2014-10-02T22:27:26Z,That touch from Pogba!,83
2014-12-05T00:39:57Z,Zapping de la 16ème journée - Ligue 1 / 2014-15,32365
2014-12-05T00:59:16Z,Montpellier Hérault SC - AS Saint-Etienne (0-2) - Highlights - (MHSC - ASSE) / 2014-15,1516
2014-11-30T23:45:36Z,AS Saint-Etienne - Olympique Lyonnais (3-0)  - Résumé - (ASSE - OL) / 2014-15,366321
2015-07-03T08:43:18Z,Paul Pogba &quot;Youth&quot;,274
2015-01-20T21:08:42Z,Paul Pogba - Awesome Goal,92
2014-10-05T18:35:13Z,AS Saint-Etienne - Toulouse FC (0-1) - Highlights - (ASSE - TFC) / 2014-15,2023
2015-05-10T10:49:12Z,Pogba goal!,131
2014-11-09T23:00:06Z,AS Saint-Etienne - AS Monaco (1-1) - Highlights - (ASSE - MON) / 2014-15,4070
2014-08-04T01:15:42Z,Mathias Pogba con la maglia del Pescara 3-8-2014,4058
2014-12-05T00:27:17Z,"Daniel Wass, the new Juninho of Ligue 1  : Week 16 / 2014-15",2584
2015-06-07T21:05:42Z,Craziest Skills Ever ● pogba ● Neymar |HD,45
2014-09-14T22:00:06Z,AS Saint-Etienne - SM Caen (1-0)  - Résumé - (ASSE - SMC) / 2014-15,19832
2014-12-04T23:00:08Z,Goal Paul BAYSSE (43&#39;) / Montpellier Hérault SC - AS Saint-Etienne (0-2) - (MHSC - ASSE) / 2014-15,124
2014-12-05T00:27:44Z,Goals compilation : Week 16 / 2014-15,444
2015-06-29T11:42:02Z,"Paul Pogba - Personal, Statistics, Goals",129
2014-12-04T23:00:08Z,"Daniel Wass, le nouveau Juninho de la Ligue 1 ! 16ème journée de Ligue 1 / 2014-15",16531
2014-10-08T15:02:42Z,Football / Sur les traces de Paul Pogba - 08/10,3187
2014-09-25T22:27:50Z,AS Saint-Etienne - Girondins de Bordeaux (1-1)  - Résumé - (ASSE - GdB) / 2014-15,44589
2014-12-04T23:00:09Z,But Paul BAYSSE (43&#39;) / Montpellier Hérault SC - AS Saint-Etienne (0-2) -  (MHSC - ASSE) / 2014-15,2149
2015-01-11T22:25:36Z,"But de Pogba, d&#39;une superbe volée!",3799
2014-11-17T12:30:40Z,"Football / Paul Pogba, à coeur ouvert - 17/11",1850
2014-12-21T23:09:37Z,AS Saint-Etienne - Evian TG FC (3-0) - Highlights - (ASSE - ETG) / 2014-15,2280
2014-12-15T01:21:46Z,OGC Nice - AS Saint-Etienne (0-0) - Highlights - (OGCN - ASSE) / 2014-15,782
2014-09-21T22:01:22Z,RC Lens - AS Saint-Etienne (0-1) - Highlights - (RCL - ASSE) / 2014-15,2089
2014-12-05T00:27:05Z,Top goals : Week 16 / 2014-15,1391
2015-05-24T04:35:05Z,AS Saint-Etienne - EA Guingamp (2-1)  - Résumé - (ASSE - EAG) / 2014-15,33857
2014-12-18T06:00:05Z,FC Lorient - AS Saint-Etienne (0-1)  (1/8 de finale) - Résumé - (FCL - ASSE) / 2014-15,17183
2015-05-17T21:23:57Z,Quel Destination pour Paul Pogba ?,176
