published-time,comment,likes
2015-04-10T03:44:24Z,"

",1
2014-12-06T13:38:44Z,merci de partager ces vidéos pour les stephanois comme moi qui vivent a l etranger,6
2014-11-15T15:11:45Z,First,0
2015-02-18T22:15:34Z,Bon courage Flo tu es le meilleur ,0
2015-03-18T00:01:45Z,1 pépite en or! Bonne Anniv a toi,0
2015-03-16T20:31:29Z,song name PLSS!!!!!!!!!,0
2015-03-16T12:03:14Z,Futur ballon d'or ,1
2015-03-16T11:13:58Z,"BON anniversaire ! Pour les illétrés, ""anniversaire"" c'est masculin.",0
2015-03-16T00:52:49Z,"Moi aussi c'était mon anniversaire.  Je suis né aussi le 15 mars 1993 tout comme Paul.
Non je ne suis pas son frère jumeau :)

J'ai découvert ça il y a 3 ans alors qu'il bidait à ManU. Ça faisait vraiment bizarre sur le coup. C'est incroyable de voir que qqn est né exactement le même jour que toi.

Grâce à cette coïncidence je l'ai plus suivi et maintenant je suis fier qu'il soit titulaire dans un grand club et en sélection. ",0
2015-03-15T21:52:39Z,L'avenir français  <3,0
2015-03-15T19:08:55Z,bonne annive paul,0
2015-03-15T17:11:58Z,Pogba va être terrible pour l'Euro,1
2015-03-15T16:39:04Z,Bonne anniversaire ;),0
2015-03-15T15:36:51Z,Paul Pogba meilleur joueur en EDF futur grand !💪 qui confirme ?,3
2015-03-15T15:03:46Z,Bon anniversaire Paul Pogboom !!!,0
2015-03-15T14:25:57Z,Joyeux anniversaire Paul Pogba,4
2015-03-15T14:23:02Z,Bonne anniv pogba,0
2015-03-15T14:18:13Z,Bon anniversaire Paul !!! Tu vends du rêve à la France entière !!!,2
2015-03-15T14:17:22Z,Bonne anniversaire !!!!,0
2015-03-15T14:16:32Z,Bonne anniversaire,0
2015-03-15T14:12:34Z,PAULOOOOOOO! Bon anniversaire le boss ;),0
2015-03-15T13:52:09Z,Bon anniversaire Paul 👌,0
2015-03-15T13:50:52Z,Bon anniversaire !!! <3,1
2015-03-15T13:45:55Z,22 ans et c'est déjà un génie du football...eh b'un,13
2015-03-15T13:44:05Z,Faite nous une compilations de tout les butes de l'equipe de france avec les commentaires TF1 SVP !! ,15
2015-03-15T13:42:55Z,Bonne anniversaire ,1
2015-03-15T13:42:20Z,Bon anniv Paulo ,0
2015-03-15T13:41:19Z,Bon anniv' ,0
2015-03-15T13:38:44Z,joyeux anniv le futur ballon d'or :),0
2015-03-15T13:35:51Z,bonne anniversaire,0
2015-03-15T13:31:04Z,T'es mon joueur prefere bonne anniv,0
2015-03-15T13:24:37Z,Bon anniversaire !!! ,0
2015-03-15T13:21:47Z,Bonne anniversaire t le meilleur,0
2015-03-15T13:17:47Z,.firts,0
2014-12-05T11:35:09Z,A S S E,1
2014-12-05T07:10:06Z,These highlight-videos deserve so much more views,6
2014-12-05T04:44:05Z,"lol at 0:22 that's Jordan Ayew, not Andre...",2
2014-09-14T22:54:07Z,Allez asse,1
2014-09-26T12:02:38Z,Diego Contento <3,1
2015-01-01T22:17:54Z,"Le traducteur de cette équipe est un véritable héros XD.
Él traductor de este equipo, ESE es el VERDADERO héroe. XD
the team's translator, THAT is the REAL hero. XD",1
2014-10-03T06:23:18Z,Loco Bielsa!Loco Bielsa! Mad Bielsa!,1
2014-09-30T00:52:31Z,Let´s go crazy with Bielsa. You have to keep on building this dream.,0
2014-09-29T04:50:00Z,It's been a while since I've seen an impressive Marseille again. I mean Imbula and Ayew have come back and Gignac is on fire. Guess it's the Bielsa effect!,4
2015-03-21T08:06:50Z,I think PSG have a real chance of conquering Europe this year,0
2014-11-14T15:42:03Z,Zlatan is just a monster... Incredible ,0
2014-09-14T11:58:32Z,"4th place in my ranking, Zlatan.",1
2014-09-14T11:58:06Z,ZLATAN!!!!!!!,1
2014-09-07T15:56:26Z,Zlatan Ibrahimovich played best!!!,0
2014-09-03T17:27:30Z,Fantastique. Allez PSG!!!,1
2014-09-03T00:42:04Z,"this game was not fair ;(. 11vs10,Etienne didnt had a goalkeeper,is almost impossible to win without a goalkeeper",0
2014-09-03T00:37:29Z,IBRA!,0
2014-09-02T11:28:24Z,Michael Jay Di Clemente worst keeping own goal ever?,0
2014-09-02T04:35:26Z,Lol min 1:31 seems like he says puto!!!,0
2014-09-01T19:01:30Z,"It hat-trick has showed it as very scant memorial Zlatan Ibrahimovic in former match from Evian. Spectacular error has included Ruffier, but it and will not pierce error Artur Boruc during match of elimination for World Championships in South Africa 2010, with Northern Ireland in Belfast. ;]",0
2014-09-01T18:44:54Z,depuis le temps qu'il fessais les malins  Saint-Etienne on l'aura montré qui ètè le patron se soir ,0
2014-09-01T18:41:59Z,I was really impressed when Ruffier Scored the owngoal and Zlatan came to him! #respect,17
2014-09-01T14:29:48Z,Barca be afraid,0
2014-09-01T11:01:09Z,HUMILIATION,0
2014-09-01T10:48:16Z,It's a French touch. ,0
2014-09-01T08:42:18Z,barca we will fuck you!!,17
2014-09-01T05:52:21Z,Clearly zlatan does not like cavani at all they even make goals and celebrate apart and look las goal from zlatan cavani was alone he decide to take the shot yes he get the goal but right there look cavani reaction he kick the ball like and he even give a shit and keep walking man zlatan y great but cavani too so i dont think that psg need this bad relatioship between them ,1
2014-09-01T04:52:39Z,This was such a fun game!,0
2014-09-01T04:47:13Z, #DareToZlatan,1
2014-09-01T01:33:18Z,Zlatan is a cunt,0
2014-09-01T00:57:54Z,I am zlatan Who r u,1
2014-08-31T23:46:02Z,Beast,1
2014-08-31T23:43:57Z,Zllllaatttannn,1
2014-08-31T23:20:47Z,this game reminds me of the the 4:0 victory from milan against Arsenal 2012,1
2014-08-31T23:19:00Z,Poor Ruffier.....,1
2014-08-31T23:17:15Z,ibra best Player ever,29
2014-08-31T23:17:02Z,Hat-trick...Zlatan agrees !!!,16
2014-08-31T23:16:40Z,Was there a particular reason why Zlatan kept taunting that black guy for his first and second goal?,0
2014-08-31T23:13:09Z,Ibracadabra.,13
2014-08-31T23:08:17Z,Monster ,0
2014-08-31T23:00:22Z,"Doesn't matter how old Zlatan is he'll still perform week in week out
",17
2014-08-31T22:59:17Z,ZLATAAAAAAAAAAAAAAAAN!,5
2014-12-05T09:00:34Z,How are these Bloopers,1
2014-12-05T00:46:17Z,"Guess what, these aren't bloopers",0
2014-12-01T11:20:21Z,What a historic moment! Thrilling game this one was!,8
2015-04-24T02:00:01Z,Pogba is an amazing player! Great video man! Subbed! Sub back? :),0
2015-04-14T00:10:38Z,Increíble Como Siempre ! :D,0
2015-04-13T15:03:34Z,Good job =),0
2015-04-12T15:39:42Z,Great Video :),1
2015-04-12T13:43:41Z,Awesome video bro! :),1
2014-12-06T17:51:43Z,"Bonjour à tous ! Si la Ligue 1 vous intéresse , passez faire un tour sur notre chaine du groupe Ligue 1 avec tous les résultats , les présentations des plus grosses affiches , les résultats en coupes , les convoquations internationales et toutes les infos transfert EXCLUSIVE NON STOP !",0
2014-12-06T16:37:02Z,Merci aux lensois d'avoir redonné vie au cimetière ^^,1
2014-12-05T16:13:56Z,Supporters Monaco ahahahhahahahahhaaaaaaaaaaaaaaaaaaaahahahhaha,3
2014-12-05T14:57:51Z,Encore une jolie nantaise :),3
2014-12-05T13:35:06Z,Les images du public de Monaco m'ont tuées  et dans la description vous avez mis Lyon - Reims 1 à  1 alors qu'il y a eu 2 à 1 ,0
2014-12-05T11:37:20Z,cabaye qui se dit: *que vais je faire de cette merde ? *,13
2014-12-05T08:24:43Z,45 EME JAIME !!!,1
2014-12-05T07:30:07Z,Il neige a monaco putain merci pour ce fous rire ,0
2014-12-05T05:22:38Z,Les lillois qui demandent le maillot d'un joueur du PSG... bien un club de pingouin.,16
2015-07-20T13:04:19Z,"1:52 min , Tolisso Ne Voit Plus La Balle ?",20
2015-07-08T00:20:48Z,"dur dur,d'etre lyonnais se soir la.",1
2015-07-06T19:07:39Z,avant match les supporters lyonnais crier la victoire mais c'était un rêve pour ses lyonnais,0
2015-06-26T10:43:01Z,dans le stade geofrroy guichardlelyon est mort ce soire,0
2015-06-26T10:38:49Z,che bella vittoria.........grande saint Etienne....supporter italiano da quando avevo 14 anni.,6
2015-06-24T11:58:31Z,quand lyon aura une etoile on en reparlra,0
2015-06-24T11:56:54Z,lyonnais pourqoi vs fete les bo vs perdez 3 0 contre cean,0
2015-06-07T08:01:48Z,"Bravo ruffier et lacazette et tolisso ont du recevoir des messages sur tweeter comme sait le faire JM Aulas
",0
2015-06-07T07:56:32Z,Asse a été largement meilleur surtout max Alain graduel et Ricky vanvonswinkel marque alors qu'il avait été beaucoup critiquer aller les verts💜⚽,0
2015-06-03T09:37:06Z,aller les verts ,0
2015-05-03T19:00:24Z,Je comprend pas pk on avait des shorts bleus durant ce match ?,0
2015-04-19T12:10:02Z,MDR Galtier qui fait de la peine a la fin du match,1
2015-04-08T18:58:44Z,Aller l'om ,0
2015-02-14T22:19:33Z,"C'est méchant d'humilier son voisin 3-0 à la maison et de battre 2-1 Lyon à Gerland.
Pourquois c'est pas mérité :
- 3 buts, 1 poteau, 1 barre transversale.
- Un niveau physique au dessus
- Meilleur dans les duels aériens
- L'Ol manque d'expérience
- Le 12ème homme de l'ASSE (les ultras) tout simplement extraordinaire.
- La technique des lyonnais à l'image de Tolisso ou Fekir à 3 mètre du but dur Ruffier.
Bref les verts c'est mérité !",36
2015-01-26T20:35:27Z,"Le premier match gagné par sainte,OL MEILLEURE ÉQUIPE DE FRANCE
",1
2015-01-17T16:56:11Z,"aller les verts !!! très bon début de saison
 ",0
2015-01-13T02:18:03Z,Aulas là sent tu qui se glisse dans ton cuL La QUENELLE ! ! !  La Quenelle.,0
2015-01-07T19:41:55Z,Arrete les gens les vert on n ai les best 20ans ou pas on vous a battu et on restera lrs plus titre de la l1 ,0
2014-12-31T16:00:00Z,dommage ol,0
2014-12-27T19:59:20Z,hé bbbbbbbiiiiiiiiiiiiiiiimmmmmmmmmmmmmmmmmm c qui qu est 2 e bande de merde de stephanois aller dormir ca fesait trop longtemps que vous nous aviez pas gagnez dans votre chaudron qui fait pitié 20 ans quoi et aprés vous ete content d une victoires pas merite . Nous on se serait tut si on avais pas gagné depuis 20 ans a geo ghichard,0
2014-12-24T15:23:24Z,un supositoir et aux lit les lyonnais.,0
2014-12-17T19:20:25Z,moi je suis stephanois mais je suis pour milan pas pour inter milan mais milan jadore forza milan,1
2014-12-11T17:56:20Z,c'est bien saint Étienne allez les verts,0
2014-12-09T23:17:06Z,Omg a la fin ils ont cru qu'ils avaient gagner la coupe du monde ou quoi ? Calmez vous c'est qu'un match de championnat.,0
2014-12-07T14:53:41Z,encore un match truqué à évian merci l arbitre,0
2014-12-06T09:17:05Z,1 titre de coupe de la ligue excuse moi,0
2014-12-06T09:15:56Z,Tu parles niko mes regarde sainte 10 titre de ligue 1 7 titre de coupe de France 1 titre de ligue 1 et contrairement a Paris une place en finale de coupe d'europe donc ton Paris je suis désolé mes y fait pas face a asse ,0
2014-12-05T16:59:06Z,MDRR mai c srxx la peutetre ke sa fait 20 ans quon vs a pas gagnerr cher nous mais o moin reconnaisser votre defaitee on a eté meilleur c tout x)),2
2014-12-05T01:32:16Z,Match imposteur comme celui de 98 .,0
2014-12-04T19:27:58Z,PUTAAAAAAAAAAAAIN il va falloir 20 ans pour refaire notre série,1
2014-12-04T18:34:34Z,"Alors les lyonnaise 
Les stephanois sont des BOSS 1,2,3 0",0
2014-12-04T16:41:14Z,béchamelle Hummm!!!,0
2014-12-04T15:44:20Z,Et elles sont les Lyonnaise! POW POW POW,1
2014-12-04T15:42:00Z,LOL confond pas le Quatar et saint etienne nous ont na pas besoin de stars!!!,0
2014-12-02T19:38:16Z,"Je serais tjrs Lyonnais dans le coeur et dans la tête, mes couleurs seront tjrs le rouge et le bleu mais malheureusement pour ce match, je n'est pas vu DU TOUT l'équipe hyper forte que j'ai put voir dans les matchs avant celui-là, là j'ai vu une équipe de CFA jouez (désolé du terme), Sainté à été clairement au-dessus de nous, heureusement que cette défaite nous fais pas perdre notre 3ème places mais le Lion ne seras jamais mort et déjà il va se reprendre Jeudi pour battre Reims et surtout prendre sa revanche au mois d'Avril, à Gerland, contre Saint-Etienne ! Je vais peut-être me faire insulté de footix mais je m'enfou, ya que la vérité qui blesse mais bravo à la Vermines mais ne prenez pas trop de confiance car à Gerland (oui je me répète !), on va vous atomisé ! ALLEZ L'OL <3  #TeamOL  ",0
2014-12-02T19:24:57Z,"I toook 20 yeras for this win at home, nothing to be proud of
Allez L'OL",0
2014-12-02T18:00:07Z,Premiere fois que je vois lyon perdre la bas!,0
2014-12-02T16:43:03Z,"Le premier but est beau, ok. Mais les deux autres c'est des erreurs de la défense Lyonnaise donc on peut pas dire que St Etienne qu'a bien joué mais plutôt l'ol qu'as mal joué. Si Lacazette avais mis son penalty yaurrai eu 1-1 score final",0
2014-12-02T13:45:11Z,allez les verts !!!!,0
2014-12-02T13:44:48Z,aulas et son stade des lumières !! vous avez entendu ce qu'il a fait ce mafieux à se brâve paysan !! un jour il paiera !! tout le mal qu'il a fait !! comment peut on aimé le foot après !!,0
2014-12-02T13:27:57Z,"Soirée de rêve, Ambiance de fou, Passe à 10, Que rajouter..............................les quenelles sont cuites........................",4
2014-12-02T11:39:30Z,"Lyon s'est fait pilé avec 1 semaine de prépa contre 3 jours pour les verts , sa fait mal encore plus mal nn? :) Et la mauvaise fois de Aulas a la fin qui dit ""on a perdu mais tant que ça reste dans la région ça va"" mais srx le type a aucune fierté c'est un derby putin il nous en a fait des caisse avant le match.. Un derby sa ce perd pas c'est tout",1
2014-12-02T11:26:22Z,Bien joué à notre voisin saint etienne pour cette victoire,1
2014-12-02T10:55:59Z,Lyon est meilleur que StEtienne mais il on fait beaucoup trop d'erreur et Lacazette n'etait pas dans la réussite le match etait jouable pour lyon mais offensivement et defensivement ill n'étaient pas là :/ StEtienne a bien joué mais la prochaine 5-0 pour l'OL :P ( j'dec noraj )  #TeamOL,1
2014-12-02T10:14:45Z,Profité  bien bande de consanguin pck au retour vs allé prendre une tres grosse branler ,0
2014-12-02T07:48:07Z,"N'empeche y avait 1000 fois carton rouge pour Ruffier, ca aurait rien changé au vainqueur mais faut quand meme le souligner ",0
2014-12-01T23:04:48Z,"Il n'y a pas à dire, Depuis la victoire stéphanoise en 2010 à Gerland, c'est Saint-Etienne qui commence à avoir l'ascendant psychologique sur Lyon surtout que Saint-Etienne a remporté les deux derniers derbies et que l'avant-avant dernier match avait été gagné de justesse par Lyon, à l'arraché. Je ne suis pas sûr que Lyon et ses supporteurs puissent se permettre de dire qu'il ne s'agisse là d'un accident de parcours à chaque défaite. Ca fait longtemps que Lyon ne met plus 3 ou 4 buts aux Verts comme dans les années 2000. Non seulement ils ont du mal à en mettre 2, mais en plus ils en encaissement de plus en plus; Et permettez moi d'ajouter qu'en championnat, Lyon ne fait plus peur à personne, même si l'OL est encore une équipe de haut du tableau.",16
2014-12-01T22:32:57Z,"je crois qu'on est plus chez nous à Geoffroy-Guichard !
#asse-ol  ",0
2014-12-01T21:25:21Z,Bien joue sainté !!!! #supporter marseillais,0
2014-12-01T21:24:28Z,"Bonjour à tous je suis de st etienne et je suis fier des verts le résultat est la et la manière aussi après je vois que les lyonnais en général sont a l'image de leurs président c'est a dire simplement incapable de reconnaître que sainté a été plus fort qu'eux ce soir là et si vous êtes si fort que ça et que les verts sont si mauvais pourquoi avez vous perdu? Et si c'est une intervention divine et bien merci seigneur et allez les verts 
",1
2014-12-01T20:45:18Z,"Belle victoire, sévère mais néanmoins méritée, (supporter lyonnais bien entendu ) on se donne rendez vous en 2034 pour votre prochaine victoire dans votre ""chaudron"" :) ",0
2014-12-01T20:09:01Z,etienne  qui a culbutez le lyon c est un plaisir a voire mdrrrr,0
2014-12-01T19:50:52Z,"et aulas va encore faire sa pleureuse ,sniff!",0
2014-12-01T18:40:01Z,"Mdr les lyonnais qui rabache l'histoire dy a 20 ans , vous avez une autre reparti ? Accepter la defaite point arreter de chercher de vieu pretexte peter ...",1
2014-12-01T18:25:13Z,"Saint Etienne c'est 1 but sur Corner, 1 but PES, 1 but que Tolisso leur offre, 2 tirs de moins, beaucoup plus de fautes, et surtout à peine 41% de possession du ballon !! Vu la pauvreté du jeu Lyonnais, la victoire stéphanoise est à la limite "" envisageable"" mais ca ne méritait en aucun cas un 3-0....",4
2014-12-01T17:44:31Z,aller OL,0
2014-12-01T17:17:06Z,"Ah oui j'oubliais pour une fois pendant les 20 ans que vous chantez ""le lyon est mort ce soir "" et que ça marche ",0
2014-12-01T17:16:07Z,"C'était vraiment un bon match, ce résultats nous arrangent ^^ Lyon a 7 points, bravo Sainte.",8
2014-12-01T16:57:39Z,"par chez moi on appelle ça "" se prendre une branlée """,42
2014-12-01T16:25:11Z,"Mais quel match mdr aucun niveau que du pressing pour l'ASSE en plus ils ne savent produire un beau football , côté lyonnais ils savent produire un beau football mais il faut gourcuff ou grenier ce qui est inquiétant pour une équipe qui joue le podium , mais bon cela reflète le niveau actuel de la ligue 1 . ",0
2014-12-01T15:50:35Z,Alexaaaaaaaaandre Lacazette! Les penos c'est mieux quand c'est cadré x),0
2014-12-01T15:36:45Z,Se n'est pas mériter des stephanois il y a eux que des but chanceux il devait avoir 0-1 pour Lyon après le peno ( Bien-sur si Lacaztte aurait reussi le peno ) . Victoire de merde les connard,2
2014-12-01T15:35:51Z,RDV en 2034 pour votre prochaine victoire à GG contre Lyon ;),4
2014-12-01T15:26:11Z,"ils sont vraiment pourris les résumés de la lfp, le mec qui parle nous casse les oreilles, insupportable",0
2014-12-01T15:18:44Z,ALLEZ les verts !!!!!,2
2014-12-01T14:01:24Z,on baise les lyonnais et au retour ce sera comme l'année dernière on va vous bouffer rien a foutre du passé on est dans le présent c'est ce qui compte on vous a bouffer tout cru !!!!!!!!!,0
2014-12-01T12:44:05Z,maintenant il faut enchainer contre montpellier ALLER LES VERTS RT LIBERTER POUR LES ULTRAS !!!!!!!!!!!!!!!!,0
2014-12-01T12:42:46Z,lyon a pas existe tout le match et les statistique ne veulent rien dire au match que les verts ont faits,0
2014-12-01T12:21:41Z,"Alors les lyonnais, c'est quoi votre argument ?
ils ne chantent pas, a par leur "" ahou"" j'sais pas quoi...
Bref on vous l'a bien mis hier soir, même votre président ne defend pas les couleurs de son club lol JMA:"" il vaut mieux perdre un derby a saint Étienne qu'ailleur pour la solidarité régionale"" putain , Lyon, vraiment, vous faites pitier...",35
2014-12-01T11:49:06Z,Merci les verts ! ALV !,0
2014-12-01T11:20:34Z,"Belle victoire de Sainté mais sur le championnat c'est bien l'OL le plus fort, j'espère que ce succès motivera Sainté et qu'on aura un match retour avec beaucoup d'enjeux pour l'Europe.
J'espère que l'OL ne se réveillera pas jeudi (je suis rémois) :)",3
2014-12-01T10:50:50Z,"Qu'est ce que les parigot vienne faire dans nos débats de derby!!!
Reste avec ton pognon! on veut pas entendre parlé de ce club dont la france est gavé avec les médias! ya que sa qui fais vivre Paris.
Vive Rhone-Alpes ",2
2014-12-01T10:38:24Z,"Tu aimes l'ASSE et tu veux voir des vidéos de l'ASSE, abonnes-toi à ma chaîne ! ",0
2014-12-01T10:26:50Z,L'OL a perdue car il n'y avait pas Yoann Gourcuff.,1
2014-12-01T10:23:02Z,"Très beau match!  Pas de réussite pour Lyon... Y fo arreté! Y son tombé sur plus fort que eux ce soir. le score l'atteste.Dite a jean michel aulas d'acheter des playstation 4 a tout les 14 de la feuille de match, qu'il s'entraine un peu les lyonceaux..",1
2014-12-01T10:09:08Z,"Si j'étais de bonne foi je dirai que Sainté a mérité sa victoire. Après on peut tout simplement dire que c'était un jour sans pour Lyon. Malbranque n'est pas fait pour ce genre de matches où le pressing est aussi intense et où il n'a pas le temps de poser son jeu.
Dans ce genre de matches il faut de l'expérience et de l'impact physique, c'est ce qui a manqué clairement, Tolisso a pas été au niveau et Ferri trop juste. J'espère seulement que cette défaite marque pas coup d'arrêt et crée un blocage dans les esprits. Faut se relever vite dès jeudi.

Enfin bon, au retour, Grenier et Fofana (et peut être Gourcuff) seront là, ça sera pas la même !",10
2014-12-01T10:05:34Z,"C'était un très bon derby de Ligue 1 je me suis régaler devant ma télé hier soir.
 Pour de ce qui est du match Saint-Etienne ont tout simplement écraser lyon et ce dans tout les compartiment du jeu c'est logique qu'il se gagner hier soir.",8
2014-12-01T09:43:32Z,Sainté a vendu du reve . c'était énorme.,0
2014-12-01T09:25:33Z,Mdr Aulas rage hahahahahah,0
2014-12-01T08:00:01Z,putain comme c' est bon après tous ces derbys de volés nous on gagne HONNËTEMENT pas grâce à des penos imaginaires à la 65 eme ou des buts sur HJ on nous a refusé 2 pénos hier et und'accordé gracieusement aux quenelles mais DANS LE CUL LE DERBYYYYY vous ne savez pas assumer la défaite.. vos potes arbitres vous laissent tomber on dirait ptin vivement que vous tombiez en L2,14
2014-12-01T07:32:55Z,Bah alors Lyon XD ,0
2014-12-01T07:01:29Z, #Antiol  bien joue saint etienne c'est bien sa ,7
2014-12-01T06:51:08Z,Mdr mais on est 3 eme on s'en fous,2
2014-12-01T06:48:13Z,"Lyonnais battu mais pas abattu ! Les statistiques sont pour nous mais on s'est fait manger hier soir. Absents dans les duels, beaucoup d'erreurs défensives et on le paye cash quand l'adversaire a son maximum de réussite. Le score est peut être sévère, 2-0 ou 3-1 aurait été plus juste.. malgré la tactique qui les envoyait a 9 derrière quand Lyon avait la possession, ils ont pressé haut, et ont plus de mérite que Bastia a nous prendre des points ce soir. Au passage, l'arbitre a été bon dans l'ensemble.
On se retrouve au plus tard le 18 avril. ;)",7
2014-12-01T06:45:51Z,Au bout de 21 ans fallais quand même gagné une fois ! Bref on a mal jouer puis st etienne etais des sauvage et n'avais jamais de jaune! Mais on est Lyon on ne parle pas que quand on gagne ( contrairement à d'autre equipe ) ALLER L'OL !!! On attend celui a Gerland ;) on va faire 20 ans aussi XD !,1
2014-12-01T06:15:42Z,Sainte toujours aussi fort et derriere leur equipe,0
2014-12-01T01:04:02Z,StE a eu pas mal de chance mais bien joué a eux quand même,0
2014-12-01T00:27:32Z,"de toute façon sainté ou lyon cest la ligue 1 puis c'est tout, nous paris on fait vraiment quelque chose en europe, on sfait pas eliminé en barrage par un club roumain et on sfait pas accrocher par des clubs perdus en azerbaidjan ou en ukraine",4
2014-12-01T00:13:46Z,"Dans la jungle terrible jungle ""le Lyon"" est mort ce soir!!!!!!!!!!!!!!!!
                            👍👍👏👏👏👍👍
                                           👅",56
2014-12-01T00:09:10Z,GRADEL,2
2014-12-01T00:07:18Z,"Les stéphanoises se sente puissant, alors que sa fait 20 ans qui n'avaient pas gagner chez eux. Pour gagner il a fallu jouer à 5 derrière avec 2 milieu défensif, quel courage à domicile. Les lyonnais vont se relevé ne vous inquiètez pas !
Toujours 3ème au classement, toujurs devant les verts, jeudi c'est 3 points contre Reims. Allez l'OL  #TeamOL  ",31
2014-12-01T00:04:45Z,Ils sont contents plus que du 3-0 de 1998...,1
2014-11-30T23:53:11Z,Mdrr les lyonnais a 3 0 pas cap de mettre un peno,30
2014-11-30T23:51:01Z,Les Lyonnaises vont marcher à quatre pattes demain !  #GA92   #ASSE  ,6
2014-11-30T23:50:38Z,Sa c'est une equipe <3<3<3asse,0
2014-11-30T23:48:34Z,"1,2,3,0 asse allez les verts !!!",0
2014-12-07T23:53:14Z,"grenier, gourcuff ?? 
",0
2014-12-06T01:27:16Z,When asked on being the new Juninho he just said he's not. He's Daniel Wass.,1
2014-12-05T07:48:32Z,As a dane.. I never saw this headline coming when he was playing in the danish league.. I really hope that the national team coach looks his way soon..,1
2014-12-05T05:41:49Z,that technique is amazing,1
2014-09-16T11:40:29Z,allez l'asse,3
2014-09-16T11:37:20Z,gg,1
2014-09-15T08:55:18Z,"Victoire méritée. ""Réussite forcée"" comme a dit Galtier ",0
2014-09-15T00:12:27Z,:),0
2014-12-08T23:36:45Z,Tout bollement impressionnant se jeune joueur danois,3
2014-12-05T10:46:53Z,une merveille et il est chez nous mais pour combien de temps....Sniffff,4
2014-12-05T01:07:51Z,faut arrêter de mépriser ce joueur... Ok il y 'aura peut-être pas d'autres Juninho mais Wass il tape quand même de gros coups francs,11
2014-12-04T23:10:05Z,"Oui et sinon on nous avait dit que Marvin Martin serait le nouveau Zidane... N'importe quoi ce titre racoleur, le jour où il en aura mis ne serait ce que la moitié de ceux de Juninho on en parlera...",7
2014-12-04T23:04:46Z,Il n'y a pas il n'y aura jamais d'autre Juninho.,12
2014-09-28T10:12:24Z,Y'a penalty,0
2014-09-28T08:27:20Z,"Vous ouvrez bien votre gueule sur la faute de Ruffier mais quand Carrasso met un coup de crampon volontaire sur Van Wolsfinkel là par contre personne en parle .... Ça mérite un rouge peno et en plus des matchs de suspension !
",0
2014-09-27T09:02:15Z,"Vous pouvez dire ce que vous voulez tous, mon avis et qu'il n'y a pas penalty , et toute façon on peut pas revenir en arrière Ya eu 1-1 , sainte mériter la victoire mais ils n'ont pas gagner. Stop ça s'arrête là.",0
2014-09-27T07:52:05Z,Bon match,0
2014-09-27T01:35:54Z,"Vous debattez tous sur le penalty mais la veritable infos importante du match c'est quand meme qu'on a decouvert que Thomas Toure a une superbe queue

http://gfycat.com/BadFixedDogfish#?frameNum=213",0
2014-09-26T17:14:44Z,"Dur dur quand même qu'on aurait bien pu prendre les 3 pts ça cette erreur d'arbitrage ...mais c un bon point et puis nos fraire stéphanois nous dominer du début à la fin.dommage,malgré ce péno flagrant",0
2014-09-26T16:01:08Z,Y'a pénalty donc arrêter de dire  qu il simule,0
2014-09-26T16:01:06Z,Y'a pénalty donc arrêter de dire  qu il simule,1
2014-09-26T14:20:08Z,le but de Ricky :O,0
2014-09-26T11:41:09Z,"Y'a peut être penalty, moi j'dis non mais le but y ai pas alors pour Bordeaux car c'est de l'épaule arrêter de bader les gens, sayaai bordeaux est 2 eme ça fait d'puis 1784 sayaai ça prend la grosse tête , arrêter ça vas pas durer ;)",0
2014-09-26T11:27:56Z,De toute façon sa sert à rien de discuter les gars... les supporters bordelais vont dire qui l'y a penalty et les supporters de saint etienne diront que maurice belay c'est jeté...,0
2014-09-26T11:25:06Z,"Mdr quand le bordelais va dire a l'arbitre qu'il y a penalty, saal arrive avec ces 2 mètres et le bordelais rigole




Sinon bon match mais la victoire revenait aux stéphanois.",0
2014-09-26T11:11:30Z,Il ni ya pas penalty Donc arreter les mec de dire penalty Alors qu'on voit CLAIREMENT Qu'il Simule Il a fait que sa hier soir Alors Taiser Vous un Peu Bordeaux a rien fait du match nous il nous a manquer la finition c'est tout aussinon 10-1,0
2014-09-26T09:42:23Z,"Les bordelais se concentrent sur leurs ""peno"" mais on oublié qu'il ont rien fait en seconde mi temp.",0
2014-09-26T07:02:32Z,Un match que saint etienne doit gagner au moins 1000 fois ils ont eu enormements d'occasions si à la fin l'arbitre donne le penalty aux girondins ca serait le hold up et maurice belay cherche le penalty aussi,2
2014-09-26T05:36:55Z,"A la vue de la compo de départ, je me suis demandé comment on allait faire pour ne pas se faire exploser. Diabaté sur le banc, Rolan sur le banc, Mariano sur le banc, Belay sur le banc, Plasil sur le banc, Sané et Sertic blessés, des jeunes sans expériences titulaires, des retours de blessures, une charnière centrale sans automatisme.
Pour le match on a été clairement en difficulté, mais finalement la possession a été plutôt équilibrée. Intéressant de voir Sagnol prendre des risques et avoir raison, faire un nul chez un concurrent direct avec une équipe B, c'est bien.
Dommage pour le péno à la fin, mais au moins ça mettra fin à tous les chouineurs qui pensaient que Bordeaux était avantagé. La main de Pallois nous rapporte un point, ce péno nous en fait perdre 2...",1
2014-09-26T05:03:07Z,Aucun contacte avec Ruffier ! Le mec plonge car il voulais le péno. Bon arbitrage sur cette action.,7
2014-09-25T23:19:25Z,"Bordeaux devait gagner ce match à cause de ce pénalty non sifflé en toute fin de match, honte à Ruffier qui fait tomber Maurice-Belay avec sa main et honte à l'arbitre pour ne pas avoir sifflé cette faute flagrante!",4
2014-09-25T22:50:33Z,"Y a pas du tout penalty le mec plonge !
",0
2014-12-21T23:56:09Z,Commentaires en anglais ?,0
2014-09-23T11:36:13Z,Fantastic goal. Very good play from ASSE,0
2015-06-04T20:00:53Z,,0
2015-06-04T20:00:41Z,Je suis en train de faire tourner la page d'accueil tu as besoin de vous y trouverez ,0
2014-12-05T11:02:05Z,"So many scandinavians! Wass, Braithwaite and Konradsen",1
2014-12-05T10:36:38Z,Lacazett?  ,0
2015-06-13T19:05:06Z,Moi je veux que l'ASSE continu et garde max-alain gradel  et que Christophe Galtier reste'?merci les stéphanois,0
2015-05-30T10:40:53Z,ALLER L'OL,0
2015-05-30T07:14:38Z,"Tout ceux qui aime le foot peuvent s'abonner a ma chaine
",0
2015-05-25T17:49:59Z,C' était une ambiance de fou!! Liberté pour les ultras !! ✅🏆💚,2
2015-05-25T13:28:57Z,notre 3eme panthère après alex et gromis ^^,0
2015-05-24T09:59:33Z,Sans déconner ils ne parlent même pas de l'ambiance ... Pourtant c'était quelque chose mais bon. ,0
2015-05-24T09:43:34Z,et un peno d' oublié sur gradel sinon le score aurait été plus sévère alors que d' autres clubs de merde ont des penos pour moins que ça pour finir sur le podium. suivez mon regard....,1
2015-05-24T07:55:53Z,"Zlatan a dit :""c est pas la saison qui a été compliquée mais Zlatan qui a été blessé ! """,3
2015-05-24T07:52:09Z,"( avis d'un supporter emblématique de l'OM et de l'OL qui a sucessivement supporté ces deux clubs cette saison  )

Bravo à paris, vous nous avez tout simplement bouffé..
Très honnetement, malgré tous ce qu'on vous dit, on vous envie ici à Lyon et à Marseille, mais ce n'est pas pour autant que je vais supporter ce grand club qu'est Paris ( une histoire, un palmares et des records ).
Sinon, on fait aussi la fête ici, on se réjouit de notre titre de champion d'automne à Marseille et de notre beau titre à Lyon, enfin non, notre qualification puisque nous n'avons encore rien gagné cette année.
Mais bon c'est comme ca, nous n'avons que 140M de budget chacun, nous ne pouvons pas rivaliser face à des clubs tels que Grenoble ou l'Astra avec un match par semaine durant toute une saison ...
Encore bravo !!

PS : mettez un logo de Paris comme moi pour féliciter peut etre, la plus grande équipe française depuis plusieurs décennies !!",6
2015-05-24T07:34:12Z,Bien joué les verts ! Dommage que Monaco et Marseille ont aussi gagné,3
2014-12-20T11:40:17Z,Bande de voleurs..... putain c'est tellement pas mérité.... Ils ont fait que défendre tout le match et en une action ils marquent et hop ils font que défendre et dégager devant. Alors qu'ils avaient leur équipe type.... ,1
2014-12-18T07:48:14Z,"Si tu es fan de l'ASSE, vient regarder ma toute dernière vidéo et abonnes-toi à ton souhait ! :)",1
