published-time,comment,likes
2015-02-14T16:23:07Z,WSW misses you Vitor Saba,1
2015-02-26T23:45:51Z,Shouldn't of let him go,0
2014-10-22T17:54:55Z,"Alhilal royal club and alhilal king of Asia we'll take it  ,  western Sydney fans don't dream much ",0
2014-10-22T08:23:42Z,"AL-HILAL = Yes we can win the Western sydney!!!!!
You will see :)",0
2014-10-19T01:39:39Z,Goal two for Sydney was blatantly off-side... No wonder Popovic was pissed!,1
2014-10-18T20:45:57Z,did any one from Western Sydney have injered ?,0
2014-10-18T13:30:19Z,Was there. Epic game. Go you sky blues!,0
2014-10-18T13:29:32Z,Cut the fucking gay music and you'll get way more views,0
2014-11-12T11:46:33Z,"Even if it was a foul which i would decline, it would be still no red card because he may be the last defender in this case, but he doesnßt denied a goal scoring opportunity since the attacker hasn´t even the ball.",0
2014-08-27T01:31:10Z,jajaj mounties suck ass,0
2015-07-29T11:08:15Z,"(Next round) 

COME ON TIGERS!!!!!",0
2015-04-21T14:50:55Z,c quoi la musique ?,4
