publish_date,title,view_count
2015-04-22T16:13:57Z,"Verso #ModenaCrotone, Sergiu Suciu in conferenza",515
2015-03-31T12:30:18Z,"Verso #CrotoneSpezia, il report dell’allenamento e le parole di Suciu",321
2015-03-17T12:20:20Z,"Verso #CrotoneBrescia, le dichiarazioni di Suciu",306
2015-04-13T10:56:27Z,"Post Bari-Crotone, le dichiarazioni di Suciu",388
2014-08-19T12:40:30Z,"Crotone-Casertana, le dichiarazioni di De Giorgio e Suciu",326
2014-09-17T08:16:30Z,"Report allenamento, doppia seduta per gli squali e le parole di Suciu",101
2014-08-28T13:06:02Z,Le dichiarazioni di Claiton e Suciu dopo l&#39;amichevole con la Polisportiva Isola,540
2014-08-19T18:47:17Z,SUCIU E MARANO DOPO CROTONE vs CASERTANA,81
2015-04-23T10:17:19Z,I rossoblù al Liceo Filolao per il seminario “Sport antico: atleti crotoniati e cittadinanza attiva”,437
2015-04-22T18:52:38Z,LA SERIE B E SUCIU PRIMA DI MODENA vs CROTONE,31
2015-04-12T17:27:37Z,DRAGO SUCIU E PAPARESTA DOPO BARI 1 CROTONE 1,38
2015-03-11T12:24:04Z,"“Un Giorno per la nostra Città”, rossoblù all’Emporio Solidale “I Cinque Pani”",380
2015-04-25T13:43:14Z,Torino-Albinoleffe 1-0 (46&#39;Bianchi) del 09.11.2010 stadio &quot;Olimpico&quot; di Torino,300
2014-12-28T16:17:50Z,VIRTUS ENTELLA  CROTONE  1-1,301
2014-09-05T14:02:24Z,"Carlo Crialese, nuovo arrivo in casa grigiorossa",429
2015-01-31T18:38:10Z,CARPI - CROTONE  2-1,114
2014-10-09T08:13:27Z,"Nazionale, Pellè parla in dialetto",14107
2014-11-05T17:45:46Z,"Sala stampa, Ferrari in conferenza",212
2015-02-06T17:23:36Z,Pino,230
2014-10-16T10:17:57Z,"Garofalo a SI: &quot;Carichi e motivati, i campionati non si vincono a ottobre&quot;",228
2015-03-02T23:15:41Z,Lega Pro 2014/15 Casertana-Lecce 1-0 - fb.com/groups/lecceamarcord,684
2015-03-24T14:41:55Z,Parma 0-2 Torino ( Migjen Basha Goal ),1361
2015-02-03T18:11:37Z,Vincenzo Sarno 3-2-2015 - Foggia Calcio,267
2015-07-06T18:12:49Z,"Sampdoria-Torino 1-1 (Bianchi rig, Pozzi rig.) del 23-09-2012 stadio &quot;L.Ferraris&quot;",332
2015-03-05T13:43:39Z,Il Crotone al fianco dell’Aism per sostenere la Gardenia e l&#39;SMS solidale 45599,255
2015-04-23T09:46:16Z,"Verso #ModenaCrotone, Camillo Ciano in conferenza",540
2015-04-14T12:19:38Z,"Ciano: Siamo sulla strada giusta, continuiamo così",317
2015-01-31T17:29:02Z,Carpi-Crotone 2-1 - Radiocronaca di Giuseppe Bisantis (31/1/2015) da Radiouno RAI,293
2015-01-14T17:45:13Z,"Sala stampa, Maiello in conferenza",243
2015-06-23T12:32:06Z,"Stefano Trinchera, nuovo Direttore Sportivo dell&#39;US Lecce",2875
2015-04-21T10:35:41Z,"Verso #ModenaCrotone, le parole di Stoian",310
2015-07-15T16:11:16Z,Conferenza stampa Romeo Papini 15.07.15,872
2015-01-22T18:30:47Z,Alberto Gerbo - 11-1-2015 - Foggia Calcio,280
2015-03-18T17:49:55Z,Vincenzo Sarno,496
