publish_date,title,view_count
2014-11-04T15:55:40Z,INTERVISTA ADAMA DIAKITE&#39;,539
2014-08-28T18:13:35Z,DIAKITE PRESENTA LA REGGINA,352
2015-06-14T16:16:32Z,Cameroun vs Mauritanie (1-0) | Qualifications CAN 2017,15822
2015-04-16T09:08:38Z,Taranto - Potenza 1-0 | Stagione 2014/15,780
2014-09-09T19:08:04Z,MANCINO E DIAKITE&#39; DOPO DERBY CON AVERSA,247
2015-03-31T20:43:15Z,Mali vs Ghana (1-1) - Match amical,45763
2014-11-21T09:26:22Z,Abdelaye Diakite: &quot;Per noi difensori è importante non prendere gol&quot;,131
2015-02-06T11:54:44Z,Tamboura er tilbage,1494
2015-07-18T07:14:21Z,François Kamano - 2015 - Skills Assists Goals - Bastia 4K,2856
2015-05-04T15:05:36Z,Sinan SOLAK Milieu Relayeur/Offensif EAG Foot,2227
2015-05-12T08:58:45Z,Tutti i goal del Taranto | Stagione regolare 2014/15,3509
2014-10-11T17:20:39Z,www.sportinlombardia.com Giovanni Giuffrida,106
2015-06-04T12:01:16Z,Cv Adon Gueye,708
2014-11-11T18:28:34Z,FUMAGALLI E IDDA DOPO BENEVENTO,241
2015-03-16T17:04:33Z,FUMAGALLI DOPO ISCHIA,196
2015-05-31T18:28:56Z,OLYMPIQUE MARCQUOIS-ARRAS FINALE COUPE LIGUE U17 (bande annonce),344
2015-05-01T13:19:41Z,François Kamano /25/ SC Bastia ► Skills Assists Goals /4K Ultra HD/ 2015,24727
2014-11-25T15:22:31Z,Casertana - Campilongo al suo primo allenamento con i rossoblù,911
2014-11-06T18:38:35Z,MARCO MANCOSU PRESENTA IL BENEVENTO,232
2014-08-14T13:30:25Z,MOUSTAPHA KONE,173
2014-09-08T12:04:11Z,PUNTO LEGA PRO GIRONE C 2^ GIORNATA,457
2015-04-16T15:04:10Z,AGODIRIN PRESENTA IL CATANZARO,363
2015-04-15T08:08:02Z,Dertona Calcio Giovanile 2007 Vitaliano - Savoia 2006,83
2015-02-20T22:11:21Z,Cv idrissa camara,2438
2014-10-02T08:15:13Z,SVZ ASPETTANDO ISCHIA SAVOIA. LE NEWS GIALLOBLU 2 ottobre 2014,123
2015-05-27T00:45:42Z,Thierno Niang2Cv,390
2014-08-19T21:01:00Z,Ousmane Konate - Goalkeeper Highlights,793
2014-08-12T12:40:12Z,Coupe CAF Phases de poule J5 - ASEC Mimosas 0-0 AS Real de Bamako,2557
2015-07-30T07:37:45Z,ouattara ousmane adama1,996
