published-time,comment,likes
2015-06-18T13:35:28Z,la honte pour nous il a vendu son ame au diable.,0
2015-04-01T00:27:11Z,Vive football,0
2015-07-20T21:46:07Z,Welcome Back!,0
2015-07-18T07:32:13Z,"#25 François Kamano
SC Bastia, Ligue 1 & Guinea
Position: Striker - Right Wing
Date of birth: May 1, 1996
Age: 19
Foot: right
Height: 1,82 m
Nationality: Guine",0
2015-05-01T14:04:26Z,,0
2015-05-01T13:41:26Z,Happy Birthday!!! : ),0
2015-05-01T13:39:40Z,"#25 François Kamano
SC Bastia, Ligue 1
Date of birth: May 1, 1996
Age: 19
Height: 1,82 m
Nationality: Guine 
Position: Striker - Right Wing
Foot: right",0
2014-11-26T03:04:32Z,we campilooooo nun t stunà... tnt a SALIERN E PERS SEMPR... avogl i falli fa annanz e addret..!!! casertano incoerente prima ti fai rifiutare poi contesti e poi tratti con chi finito il suo mandato ti deriderà x sempre!!! ULTRAS SALERNO 1919,0
