publish_date,title,view_count
2015-03-11T19:27:44Z,Main de Appiah (SM Caen) contre Bordeaux,321
2015-02-15T22:59:59Z,Paris Saint-Germain - SM Caen (2-2) - Highlights - (PSG - SMC) / 2014-15,16723
2015-01-25T23:00:02Z,Stade Rennais FC - SM Caen (1-4) - Highlights - (SRFC - SMC) / 2014-15,1513
2014-08-17T23:18:01Z,Highlights : Week 2 / 2014-2015,5086
2014-09-14T22:00:03Z,AS Saint-Etienne - SM Caen (1-0) - Highlights - (ASSE - SMC) / 2014-15,1766
2014-10-05T21:01:35Z,SM Caen - Olympique de Marseille (1-2) - Highlights - (SMC - OM) / 2014-15,8605
2015-04-19T21:59:59Z,Montpellier Hérault SC - SM Caen (1-0) - Highlights - (MHSC - SMC) / 2014-15,1370
2014-08-24T22:06:52Z,Stade de Reims - SM Caen (0-2) - Highlights - (SdR - SMC) / 2014-15,1940
2015-05-10T22:00:00Z,SM Caen - Olympique Lyonnais (3-0) - Highlights - (SMC - OL) / 2014-15,2725
2015-03-01T23:00:00Z,Olympique de Marseille - SM Caen (2-3) - Highlights - (OM - SMC) / 2014-15,3564
2014-09-21T22:00:06Z,Toulouse FC - SM Caen (3-3) - Highlights - (TFC - SMC) / 2014-15,1705
2015-03-08T23:00:00Z,SM Caen - Girondins de Bordeaux (1-2) - Highlights - (SMC - GdB) / 2014-15,1306
2015-04-05T22:00:00Z,FC Nantes - SM Caen (1-2) - Highlights - (FCN - SMC) / 2014-15,1569
2015-01-11T23:00:01Z,LOSC Lille - SM Caen (1-0) - Highlights - (LOSC - SMC) / 2014-15,1218
2015-05-03T22:53:43Z,OGC Nice - SM Caen (1-1) - Highlights - (OGCN - SMC) / 2014-15,1292
2015-03-15T22:59:59Z,FC Lorient - SM Caen (2-1) - Highlights - (FCL - SMC) / 2014-15,831
2015-02-08T22:59:59Z,SM Caen - Toulouse FC (2-0) - Highlights - (SMC - TFC) / 2014-15,800
2015-05-17T02:14:55Z,SC Bastia - SM Caen (1-1) - Highlights - (SCB - SMC) / 2014-15,772
2015-04-12T17:19:06Z,SM Caen - AS Monaco (0-3) - Highlights - (SMC - MON) / 2014-15,3738
2015-02-22T22:59:59Z,SM Caen - RC Lens (4-1) - Highlights - (SMC - RCL) / 2014-15,1091
2015-01-18T23:00:05Z,SM Caen - Stade de Reims (4-1) - Highlights - (SMC - SdR) / 2014-15,1186
2015-05-24T04:02:37Z,SM Caen - Evian TG FC (3-2) - Highlights - (SMC - ETG) / 2014-15,1448
2015-04-26T22:00:00Z,SM Caen - EA Guingamp (0-2) - Highlights - (SMC - EAG) / 2014-15,770
2014-09-25T22:00:04Z,SM Caen - Paris Saint-Germain (0-2) - Highlights - (SMC - PSG) / 2014-15,14651
2014-09-28T22:00:03Z,RC Lens - SM Caen (0-0) - Highlights - (RCL - SMC) / 2014-15,854
2015-01-25T23:00:06Z,Stade Rennais FC - SM Caen (1-4)  - Résumé - (SRFC - SMC) / 2014-15,31197
2015-02-22T22:59:59Z,SM Caen - RC Lens (4-1)  - Résumé - (SMC - RCL) / 2014-15,41486
2015-02-01T23:00:00Z,SM Caen - AS Saint-Etienne (1-0) - Highlights - (SMC - ASSE) / 2014-15,1197
2014-08-31T22:00:02Z,SM Caen - Stade Rennais FC (0-1) - Highlights - (SMC - SRFC) / 2014-15,1735
2015-04-05T22:00:00Z,FC Nantes - SM Caen (1-2)  - Résumé - (FCN - SMC) / 2014-15,38218
2014-12-18T06:00:01Z,SC Bastia - SM Caen (3-2 a. p.)  (1/8 de finale) - Résumé - (SCB - SMC) / 2014-15,15862
2014-08-17T22:00:04Z,SM Caen - LOSC Lille (0-1) - Highlights - (SMC - LOSC) / 2014-15,4668
2014-12-21T23:00:07Z,SM Caen - SC Bastia (1-1) - Highlights - (SMC - SCB) / 2014-15,1175
2015-05-03T22:56:23Z,OGC Nice - SM Caen (1-1)  - Résumé - (OGCN - SMC) / 2014-15,10377
2015-02-15T22:59:59Z,Paris Saint-Germain - SM Caen (2-2)  - Résumé - (PSG - SMC) / 2014-15,146624
2014-09-21T22:01:24Z,Toulouse FC - SM Caen (3-3)  - Résumé - (TFC - SMC) / 2014-15,23951
2015-02-01T23:00:00Z,SM Caen - AS Saint-Etienne (1-0)  - Résumé - (SMC - ASSE) / 2014-15,26636
2015-02-08T23:00:00Z,SM Caen - Toulouse FC (2-0)  - Résumé - (SMC - TFC) / 2014-15,18413
2015-03-22T22:59:59Z,SM Caen - FC Metz (0-0) - Highlights - (SMC - FCM) / 2014-15,578
2014-08-17T22:00:03Z,SM Caen - LOSC Lille (0-1)  - Résumé - (SMC - LOSC) / 2014-15,23519
2015-03-08T23:00:00Z,SM Caen - Girondins de Bordeaux (1-2)  - Résumé - (SMC - GdB) / 2014-15,20832
2014-08-10T22:00:04Z,Evian TG FC - SM Caen (0-3)  - Résumé - (ETG - SMC) / 2014-15,30463
2014-10-05T16:52:48Z,SM Caen - Olympique de Marseille (1-2)  - Résumé - (SMC - OM) / 2014-15,115399
2015-04-26T21:59:59Z,SM Caen - EA Guingamp (0-2)  - Résumé - (SMC - EAG) / 2014-15,17023
2015-05-10T22:00:00Z,SM Caen - Olympique Lyonnais (3-0)  - Résumé - (SMC - OL) / 2014-15,100183
2014-08-10T23:01:55Z,Evian TG FC - SM Caen (0-3) - Highlights - (ETG - SMC) / 2014-15,3438
2014-09-25T22:00:05Z,SM Caen - Paris Saint-Germain (0-2)  - Résumé - (SMC - PSG) / 2014-15,119961
2015-01-11T23:00:04Z,LOSC Lille - SM Caen (1-0)  - Résumé - (LOSC - SMC) / 2014-15,11345
2014-08-24T22:01:12Z,Stade de Reims - SM Caen (0-2)  - Résumé - (SdR - SMC) / 2014-15,24564
2014-09-14T22:00:06Z,AS Saint-Etienne - SM Caen (1-0)  - Résumé - (ASSE - SMC) / 2014-15,19832
