published-time,comment,likes
2015-02-16T23:46:29Z,"So unlucky, like most of the times for PSG :/ But this burns it all.",2
2015-02-16T22:45:07Z,fucking idiots... :@,0
2015-02-16T08:46:48Z,Never seen a team that unlucky,10
2014-08-19T09:17:35Z,First,0
2014-08-19T02:17:01Z,Its probbably not the place to say but Brandao a player for Bastia headbutted Thiago Motta and broke his nose and it seems as he won't get punished for doing so.I  hope Ligue 1 do something about it because its nonsense that he doesn't get banned or fined.,0
2014-08-18T03:06:32Z,Great weekly round ups,0
2014-08-18T01:39:26Z,Love these weekly round-ups! ,8
2014-09-14T22:54:07Z,Allez asse,1
2014-10-10T02:15:27Z,"Un capo Marcelo Bielsa , seguro aprenderan mucho los jugadores del marsella",0
2014-10-06T00:34:56Z,Marseille unstopable..remind me old marseile when Cana was captain,6
2015-03-06T01:08:59Z,"Stop acting like you are random youtube watchers who speak english, you're french, like me, tho (and probably appreciate marseille losing or psg fans)",0
2015-03-02T18:33:13Z,Allez malherbe ,2
2015-03-02T03:26:32Z,"What a turnaround for Caen. They deserve and are earning their salvation. Sala has been in fine form since his switch from Bordeaux. He'll definitely be a key player for them next season. As for Marseille well, you had Doria and you blew it.",2
2015-03-02T00:34:01Z,Marseille Caen't even keep a 2-0 lead,0
2015-03-11T02:55:33Z,"Un grande Rolan!!
Uruguayo!!!",0
2015-04-09T17:54:46Z,I'm from Nantes and i will always support them what ever they do. ALLEZ LES JAUNES ET VERTS,0
2015-04-05T22:59:23Z,I hope Nantes finally able to sign players this summer because they have served their transfer embargo very well.,0
2015-04-05T22:57:39Z,"I don't see why Ligue 1 use American footballers. To be honest, Alejandro Beyoda is one amazing Nantes player. I hope it influences other American footballers play in Ligue 1.",0
2015-02-09T04:43:21Z,красавы у меня как раз Прива и Фере в фэнтези))),0
2015-05-18T23:02:23Z,Je ne le sprechen pas le sprach et Jaime Baguette parce que les Baguettes stinken Avec Croissant le pénis.,1
2015-04-13T02:38:31Z,Poor Caen. I'm sure they will stay up though. ,0
2015-04-27T08:51:45Z,Ce but de Beauvue !,0
2015-04-23T19:32:19Z,Sirigu is the best goalkeeper in the world i will say,0
2014-09-26T12:06:12Z,Great Lucas and Marquinhos,0
2014-09-26T09:50:57Z,"ICI C'EST PARIS, FUCK L'OM!",1
2014-09-26T02:18:41Z,Great game from Lucas. He paid no mind to that turd Menez and actually did his business on the pitch. Great that Marquinhos wasn't sold. He's going to be a great CB.,7
2015-05-24T10:46:16Z,Quelqu'un m'explique pourquoi Montanier a laisser partir un des meilleurs joueur de ligue 1 ?,0
2015-01-28T17:03:52Z,Rennes on encore prit tarif :'),2
2015-01-27T14:11:10Z,"#Ligue1 - Classement des passeurs - Le capitaine du SM Caen, Julien Féret, a retrouvé avec réussite le Stade Rennais, en signant deux passes décisives en plus d’une réalisation, lors de la 22e journée de Ligue 1 - http://minilien.fr/a0nu72",18
2015-01-26T15:23:55Z,Bravo Caen !,2
2015-01-26T10:27:05Z,"Félicitations Montanier pour ton extrême clairvoyance à l'égard de Féret la saison dernière, j'espère que tu réalises à quel point tu as merdé sur ce coup là.. Je suis supporter rennais, mais honnêtement hier soir j'étais content que Julien nous ait enrhumé en long, en large et en travers ! Un grand joueur qui a tout fait pour son club de coeur et que les dirigeants ont tout fait pour le dégager comme un malpropre.. Bravo à toi Féret, immense respect pour toi. Et merci d'être venu saluer le kop à la fin de la rencontre.",7
2015-03-11T08:16:40Z,,1
2015-02-23T16:17:00Z,,1
2015-02-23T14:17:07Z,"#Ligue1 - Classement des buteurs - Emiliano Sala, le coup normand ! Auteur de trois réalisations en deux titularisations avec le SM Caen, Emiliano Sala contribue grandement à la belle série des siens en Ligue 1 (meilleur bilan de 2015) - http://bit.ly/1DddkUE",10
2015-02-23T07:50:56Z,"Quand je lis les com's,vous dites que c'est pour le score qu'on a débordé comme cela avec les fumis etc... effectivement en partie mais pas que et l'extra sportif on en parle? Mais malgres ces défaites je tire un grand coup de chapeau à nos joueurs car même s'ils n'ont pas l'expérience de la l1 il faut tout de même les applaudir et les respecter!!et meme en tant que supp' lensois je ne peux me satisfaire d'un tel comportement de nos supp'.j'espère de part ailleurs qu'il n'y aura pas de conséquences après ces débordements...enfin bref moi j'y crois pour le maintien allez lensois!!!",2
2015-02-23T07:16:16Z,Lens il vont directement en lique 2 au moins il gagneront un peu,4
2015-02-23T05:54:36Z,Cette remontée de Caen !! On va rester en ligue 1 les gars !!,7
2015-02-22T23:31:09Z,4 tirs cadrés 4 buts ça c'est de la réussite ! ,7
2015-04-11T17:09:25Z,PTDR le plongeon D'Audel lors du péno !,1
2015-04-08T18:32:26Z,"Trop cool et top de chez top...j'adore cette bonne humeur, et fête bien méritée...Bravo a tous!!!",0
2015-04-07T20:19:51Z,Audel me fait trop rire à sauter comme ça sur sa faute xD,2
2015-04-07T19:35:35Z,La petite boulette ya 1-0 pour Nantes a la mi-temps lol,0
2015-04-07T19:03:33Z,appare sur le but a la 90 e aucune occasion pour caen,0
2015-04-07T15:01:02Z,Il ont oublier un poteau de nantes -_-' ,0
2015-04-07T08:29:50Z,"C'est marrant cette touche qui traverse la défense de Caen sur le but de Nantes ça me rappelle mon couteau ce matin, quand j'ai tartiné du beurre sur ma tartine. Ca glissait tout seul!",2
2015-04-07T07:10:44Z,Victoire logique de Caen,7
2015-04-06T11:22:46Z,"victoire logique de cean , et heuresement que l'arbitre n'a pas sifflé les 2 penaltys annulés sinon l'adition aurait été plus salée pour nous",3
2015-04-06T08:36:35Z,"Victoire de Caen logique. Nantes a ""joué"" 10 minutes. Caen a eu un nombre incalculable de corners en 2eme mi temps, a plus joué dans la moitié de terrain de Nantes sur l'ensemble du match, plus 2 poteaux, et des pénalty oubliés. Donc Caen mérite amplement ces 3 points. Bravo aux Caennais, et bonne fin de saison a eux :)",1
2015-04-06T08:28:02Z,0-0 à la mi-temps mdddr,0
2015-04-06T07:17:57Z,On ne méritait pas la victoire ...,0
2015-04-05T22:12:27Z,0-0 a la mi-temps...,12
2014-12-18T11:03:30Z,Superbe victoire. Forza Bastia. Tribuna Petrignani. B1905 :),3
2014-12-18T09:35:25Z,#CDL - 8es - Retrouvez les résumés des 8es de finale de la Coupe de la Ligue grâce à notre chaîne officielle YouTube !,3
2014-08-19T18:52:21Z,"This red card and penalty they were take out with ass, because soccer player which fouled, has touched distinctly ball ! So this decision of judge about dictating penalty and ejection of soccer player from sports field, there is simply for acceptance not.",1
2014-08-18T05:36:14Z,"That was a horrible call by the referee. That was no penalty or a red card. 
I hope Caen can get that card rescinded.",0
2014-08-17T22:52:13Z,"Origi is such a cunt, typical Liverpool striker",2
2015-05-05T17:34:51Z,Sécurisez la défense centrale !,0
2015-05-05T12:56:15Z,Dommage car celle-la on méritait de la gagner... Un match de plus à ajouter à la longue liste des erreurs d'arbitrage contre Caen.,0
2015-05-04T19:14:03Z,hassen il crait...  franchement ses fautes de mains sont horrible,0
2015-05-04T15:29:49Z,Nice la plan équipe derrière paris et marseille,0
2015-05-04T11:22:45Z,*faux,0
2015-05-04T11:22:33Z,Ça soule les arbitres ! Vous saviez que La LFP est venu s excuser au près de caen car on est l équipe qui a eu le moins bonne arbitrage de l année on est même l équipe qui a subit le plus de peno d Europe alors qu il y a au moins la moitié qui sont faut !,1
2015-05-03T23:31:07Z,12 eme but si on compte ces 2 buts injustement refusés qui nous ont coûtés 4 points et meme plus,2
2015-05-03T23:28:04Z,La chance nous sourit enfin on à perdu tellement point à cause des arbitres il est temps que les autres voient ce qu'on à subi,2
2015-05-03T23:11:29Z,"Encore un arbitrage foireux. La Ligue 1 me les brise sérieusement. Pas foutu de faire un match sans erreurs d'arbitrage surtout pour Caen. A chaque fois les erreurs d'arbitrage sont contre Caen...
Honte aux arbitres.",3
2015-07-21T17:25:51Z,Super le coup franc,0
2015-05-10T10:07:21Z,Le pire match du PSG de cette saison,1
2015-02-27T21:39:59Z,"Paris me déçoit beaucoup
",0
2015-02-25T21:41:21Z,This game is such a set up!!,0
2015-02-24T09:57:02Z,Allllllllerrr Paris,0
2015-02-22T16:05:58Z,J'ai qu'une chose a dire a tous ces commentaires qui me font bien rire ! C'est du footbal rien que du football du divertissement rien de plus ^^ Vous me faite bien marrer ! le fanatisme c'est vraiment pitoyable xD,3
2015-02-17T14:29:37Z,"ICI, Caen qui tient en echec Paris on aura tout vu 
Franchement, Honte a Paris 
ALLER CAEN",2
2015-02-16T15:22:03Z,Perso pour moi 9 contre 11 c'est pas équilibrés !5 blesser comme c beaucoup ! Et en plus le PSG joue beaucoup en se moment hier on a jouer contre Caen et demain on joue contre Chelsea c'est une blague? en sachant que Chelsea c'est entraîner depuis mercredi dernier ! C'est injuste pour le PSG vive le PSG  ,3
2015-02-16T15:14:35Z,"Heureusement autant de malchance n'arrive pas tous les jours..
Bah.. c'est bien pour le suspens dirons nous..",1
2015-02-16T14:31:21Z,"Oh putain je vois déjà les gros footix parisiens : ""ouai mé nou on na plin 2 blaissé, çé pa just ..."". Sachez qu'en début de saison quand l'OL avait son averse de blessés, les lyonnais se plaignaient des blessés et vous les parisiens étaient les premiers à dire que c'était pas une excuse et à se foutre de la gueule des lyonnais comme quoi ils cherchaient des excuses bidons pour justifier les trois revers de suite contre Toulouse, Lens, Metz.
Maintenant, les gros footix savent que les blessés ne sont pas une excuse bidon et que les lyonnais en début de saison... n'avaient pas complètement tort.
Sachez que, même si ce n'est pas un exploit resplendissant, les lyonnais ont réussi à arracher un nul contre Lorient, qui est une équipe un petit peu plus balèze que Caen... sans Gourcuff (pendant la moitié du match), sans Bisevac, sans Grenier, et sans Lacazette. D'ailleurs heureusement que Marseille, et donc, le PSG ont concédé le nul, sinon on perdait notre place de leader.
J'aimerais aussi dire que l'équipe bis lyonnaise (Lopes, Jallet, Rose, Umtiti, Bedimo, Gonalons, Mvuemba, Fekir, Tolisso, Njie, Cornet) est un tout petit peu moins balèze que l'équipe bis parisienne (Sirigu, Maxwell, Thiago Silva, David Luiz, Aurier, Verratti, Van Der Wiel, Rabiot, Lavezzi, Ibrahimovic - oui, le charlot qui se déshabille quand il met un but contre Caen -, Lucas Moura) et que les footix parisiens ne peuvent pas s'appuyer sur cette excuse autant qu'ils le veulent.
En plus, se prendre deux buts dans les 5 dernières minutes, encore plus contre Caen, encore plus si on est le PSG et qu'on a 500 millions d'euros de budget, c'est inadmissible et en plus, ça s'appelle une erreur de débutant.
Et après y en a qui dise que Paris sera champion de toute façon ^^'
La course au titre sera âpre pour vous les parisiens.
Sérieux soyez réaliste, il ne reste que 13 matchs, soit 39 points à prendre et dans les grandes équipes contre qui Lyon devra encore jouer avant la fin du championnat sont l'OM et l'ASSE. Si on fait des bons matchs contre eux, on pourra décrocher les trois points, surtout avec Lacazette qui revient dès la semaine prochaine, sinon les trois points contre les autres équipes seront quasi donnés. Lyon perdra peu, très peu de points avant la fin du championnat et Paris devra donc faire un rush près du sans-faute pour décrocher le titre, ce qui m'étonnerait vraiment, vu les performances actuelles du PSG.
De toute façon on verra bien à la fin du championnat, mais moi, j'ai ma petite idée sur le vainqueur de Ligue 1 de la saison 2014-2015.
Au revoir et ragez bien, amis footix ;-)",6
2015-02-16T14:18:28Z,"HONTE AU PSG , 500 millions de budget , des joueurs au niveau international , champions league et des fragiles avec 4 bléssés .....  MDRR ILS SONT TROP NUL PSG ( partir sans gagner ) honte international . ALLEZ MALHERBE , au moins eux ils ont le mérite",1
2015-02-16T12:32:32Z,"5 blessés durant 1 même match, ça faisait longtemps que j'avais pas vu ça.
Mais bon, un moindre mal vu les matchs nuls de Lyon et Marseille.
Game on! ",0
2015-02-16T11:49:29Z,Ronaldo et Messi ils peuvent lever leur pied haut comme ça ?,8
2015-02-16T11:17:38Z,"les marseillaises qui s'occupent plus des videos du psg que de leur propre club ça me fera toujours marrer. Jouer toutes les compétitions en ne retrouvant pas notre jeu, ça vous trou le cul, et d'être au même nombres de point en jouant de la sorte ça prouve le niveau mdr, on voit depuis plusieurs match que les mouvements sont meilleurs la fin de saison sera belle avec Lyon qui va rn'a plus rien a prouver vu la remonté, et Marseille qui commence retomber dans la facilité. Vu l'écart derrière je pense que la lutte peut être pas mal, quand on voit les confrontations direct que tous doivent encore jouer",2
2015-02-16T11:14:32Z,ici c est .....,0
2015-02-16T10:05:56Z,"Vous critiquez tous le PSG , mais le PSG joue sur tout les tableau , sur ce match , sans tout leurs blessé ils auraient sans doute pas fait le match nul. M'enfin bon , les Français vive dans la critique .. On y peut rien. Le PSG , Guingamp et Monaco sont les seuls chances de redoré le blason de la ligue 1 sur la scène européene. ",10
2015-02-16T10:01:11Z,Le bute de zlatan est normalement refuser pour pied en l air c est dangereux pour les deux défenseur et le gardien et même avec a tout les match un arbitrage favorie il font de la merde  ,16
2015-02-16T08:57:53Z,"Quel bijou de coup franc qu'a mis Bazile, en plus c'etait Sirigu en face !
Bravo à Malherbe cela permet à Lyon et à Marseille de garder de l'avance.

Et notons la main de Verratti au passage preuve que le PSG est favorisé par les arbitres !",0
2015-02-16T08:57:38Z,"Bravo pour ton but Sala mais on peut etres pour Bordeaux,St Étienne marseille Lyon ou Monaco on peut pas etres content.Ils sont vraiment pas eu de chance les pauvres.Apres demain y a PSG-CHELSEA et peut importe le club français que tu supporte tu dois les supporters demain (Si tu es pas un footix bien sur...)",4
2015-02-16T08:01:44Z,Plus jamais des parisiens sur les résumés des matchs de Marseille pour parler de l'arbitrage .(cf but de Zlatan avec pied haut 1m90 et main de Verrati ) . Après je n'ai pas vu le match donc si l'arbitre a par ailleurs désavantagé le psg je ne suis pas au courant mais je suis tout ouie .,1
2015-02-16T07:16:16Z,Le psg est un cirque zlatan il peut faire ce qu'il veut on lui dira rien le psg est soumis à ce con qui crache sur l'histoire du psg haha et en plus y'a tellement de blesses que j'ai du mal à voir comment ils peuvent s'en sortir face à chelsea bravo caen(je suis pas supporter du psg),0
2015-02-16T06:54:13Z,Bien joué Caen !,0
2015-02-16T00:52:14Z,"Cinq blessés en un match (Matuidi est sorti car il avait été touché lui aussi) c'est du jamais vu, à croire qu'on est maudit avec les blessures cette saison, sans ça on gagnait ce match. Heureusement que l'OM et l'OL ont fait nul aussi, ça nous permet de garder la première place en ligne de mire. Paris sera champion de toute façon quoi qu'il arrive, rien nous arrêtera.",10
2015-02-15T23:40:04Z,Mdr le psg...,1
2015-02-15T23:18:39Z,"Zlatan sur le premier but réclame la main du joueur Caennais, il ne va pas sur le ballon, on encaisse un but. Sur le deuxième but il fait la faute sur le joueur, Zlatan est présent dans le mur pour tenté de contrer le ballon.. Non, il ne contre rien, car i
ll ne
 saute pas ! Le Ballon passe au dessus de sa tête, on encaisse donc le deuxième but",14
2015-02-15T23:13:01Z,Bravo malherbe fo continuez comme ça,0
2014-09-22T15:59:19Z,"2 pénaltys, 0 justifié (le 1er la balle n'est plus dans les pieds de l'attaquant quand Vercoutre le touche et le 2ème je n'en parle même pas) dur.",0
2014-09-22T15:04:17Z,2 Penaltys dans le meme match O_o,0
2014-09-21T23:07:26Z,"le Paris Saint Germain  va metre a sa place a caen, comme la fait avec Saint Etienne aller.... PARIS!!!!!!",0
2014-09-21T22:23:10Z,Le SMCaen a la maladie des Penalty entre Lille et maintenant Toulouse 2 Penalty non mérité XD Pas de chance les pauvres !,1
2014-09-21T22:06:12Z,Dommage pour malherbe la victoire aurait été mérité,2
2015-02-04T13:08:54Z,"GALTIER DE DE LA MERDE ENTRAINEUR FAIBLE.....LUI ETE ACHETER PAR PSG . VEUT FAIRE ASSE 7º PLACE C'EST TOUT ....ALLEZ LE VERT SORTI GALTIER VITE...,",0
2015-02-02T23:22:47Z,Vercoutre <3.,0
2015-02-02T22:39:37Z,Putain Caen ils avaient de la merde dans les yeux quand ils on recruté Sala c'est pas possible ... ,0
2015-02-02T13:30:34Z,Le résumer et nul ils ont oublié plusieurs occasion de l'ASSE en première mi-temps notamment celle de N'Guemo et les deux de Ricky,2
2015-02-02T10:50:23Z,Donc aucune action pour sainté .. Ok ,5
2015-02-02T09:46:48Z,"Bien joué Caen, en face ces branquignols de verts, qui finiront même pas dans le top 4, ont été inexistants",4
2015-02-02T06:48:46Z,"Vous allez peut etre m insulter mais brandao manque a l asse franchement en attaque on a les meme joueurs que l année dernière sauf brandao donc voila 

(Bon match de Caen ils ont pris leurs chance sauf le raté a la fin)",3
2015-02-02T05:37:01Z,Bien joué Caen ! Parcontre l'abruti qui nous a raté le 2-0 !  Moyen !,0
2015-02-02T00:14:59Z,1 attaque...L-A-M-E-N-T-A-B-L-E!!!!!!,0
2015-02-01T23:38:21Z,Caen <3 et venez sur ma chaine plein de vidéo sur le foot ^^﻿,1
2015-02-01T23:37:56Z,Caen et venez sur ma chaine plein de vidéo sur le foot ^^,0
2015-02-12T16:46:08Z,Je veux que Caen reste... Parce-que la ligue 1 on aime bien... La Ligue 2 c'est trop nul...,0
2015-02-09T16:11:00Z,"Faut faire un truc là et vite ! Toulouse va pas descendre en ligue 2 quand meme ! Je veux bien que la plupart des personnes s intéresse au rugby plutôt qu'au foot, mais la faut allé les encourager, y'a presque plus personne dans le stade. Sinon faut virer l entraineur ou changer l effectiff",2
2015-02-09T08:34:05Z,"2:39 ""il a franchit un cap, Ferret""... Mais quel blagueur ce commentateur...",6
2015-02-09T07:50:59Z,Super Caen !,0
2015-07-25T10:34:41Z,"Le tacle est super bien fait, Origi simule pour avoir le péno (supporter lyonnais)",0
2014-08-25T11:36:31Z,Heureusement qu'il n'a pas célébrer son but sinon il y aurait eu un mort ! xD,0
2014-08-25T11:36:30Z,Heureusement qu'il n'a pas célébrer son but sinon il y aurait eu un mort ! xD,0
2014-08-24T18:49:39Z,Vive l'arbitrage français . . .,0
2014-08-22T07:03:15Z,Et alors ils ont quand même gagner c est tout ,0
2014-08-19T14:36:28Z,toutes les vidéo de ligue1 officiel sont superbe ! et je les regardes toutes elle sont trop bien en plus ça m aide pour un jeu de foot le championnat des etoiles ça se joues avec les joueur de ligue1 et avec les vrai resultats ! il faut juste lire la regle du jeu et apres on s éclate ! je vous mets le lien ici http://www.lechampionnatdesetoiles.fr/ :),0
2014-08-18T14:55:11Z,Mr Sébastien DESIAGE l'arbitre de ce match .. A chaque fois que je regarde un match avec cet Arbitre c'est du grand n’importe quoi ! Un match totalement volé notamment en début de saison car le 1 point en fin de saison peux sauvé un promus même si il on une bonne équipe pour des faute d'arbitrage comme ça il faudrait faire quelque choses c'est quand même un pénalty et notamment un CARTON ROUGE !!,0
2014-08-18T14:29:23Z,C'est vraiment dégueulasse encore une grosse faute d'arbitrage sa me désole tout sa ... En plus a cause de sa on perd ! Honte au arbitre français !!!!! ,3
2014-08-18T13:47:19Z,"C'est triste de voir des résultats faussés par des arbitres incompétents... J'espère que le SMC ne se prendra pas d'autres injustices cette saison... J'espère au moins que la LFP retirera la suspension d'Apiah pour le match contre Reims, même si y a peu de chances :/",1
2014-08-18T10:57:01Z,"C'est pourquoi y'a pas d'entraineur francais qui arbitre en coupe du monde. Je veux la video. En 2seconde l'arbitre change le match avec une penalty et encore plus honteux , le rouge. Ahlala Platini.. ",1
2014-08-18T05:00:36Z,Magnifique ce tacle (supporter nantais) ,5
2014-08-17T22:47:38Z,Un 0-0 et un 1-0 volé .. c'est donc ça le meilleur entraîneur de L1 ?,2
2014-08-17T22:44:45Z,J'espère que l'arbitre arbitra des matchs de national pendant un mois! Y a pas des arbitres de lignes ? C'est flagrant qu'il prend le ballon même l'attaquant il réagit pas une seconde. Penalty + rouge là c'est du grand n'importe quoi. Encore 3 points mal gagnés et 1 point volé pour Caen !,4
2014-08-17T22:29:00Z,"lol Lille qui gagne 1 0 sur des faux buts, on se croirait l'année derniere...",5
2014-08-17T22:27:55Z,Honteus cet arbitre ! sMC en force !,5
2014-08-17T22:16:06Z,On s'est fait voler n'empêche!,1
2014-08-17T22:05:26Z,Les equipes de ligue 2 se debrouille assez bien,2
2015-03-13T09:56:00Z,"Putain mais temps additionnel minimum ça veut rien dire, à ce moment la l'arbitre peut mettre  autant de temps additionnel qu'il veut, il peut mettre 4-5 minutes puisque de toute façon c'est 2 min MINIMUM.. C'est d'une connerie immense. 
Bravo les Ragondins de Bordeaube vous prouvez une fois de plus que sans les arbitre vous seriez 8-9ème et Sagnol nous fais encore part de son incapacité à ferme sa gueule quand il le faut",0
2015-03-11T18:18:57Z,Ta gueule Caen c'est les meilleurs alors ferme là,0
2015-03-10T21:02:37Z,"Belle victoire des girondins, j'espere que vs allez dépassez sainté",0
2015-03-10T16:58:15Z,arbitre de merde !!! la LFP nous met un arbitre qui vient de bordeaux !! ils sont srx ou quoi ?! pfff vranchement arbitre de merde,1
2015-03-10T07:05:17Z,Sagnol ptdrrrrrr le mec il veut pas de Salla dans son equipe mais il a peur qu'il joue contre lui!  ,0
2015-03-09T23:16:12Z,HAHA ! Les caennais qui rangent on dirait les kikoo de COD XD,0
2015-03-09T20:32:08Z,"Deux erreurs sur le penalty 
La main n'est pas intentionnelle et le penalty est siffler alors que le match est fini ",0
2015-03-09T19:54:09Z,Victoire donnée. Bordeaux peut s'estimer heureux. Aucun mérite de gagner dans ces circonstances. Le nul aurait été logique.,0
2015-03-09T18:46:16Z,Bordeaux des sous merdes a 10 contre 11 pendant plus dune heure en galère . Joueurs fragiles qui se font bouger par des plus petits et aucun mérite avec un rouge et un penault ... vous Nike les rageux Caen meilleur équipe de ligue 1 2015 et e. 28 matchs 15 penault concedé donc on est maudit ,2
2015-03-09T17:51:21Z,"Allez Bordeaux très belle victoire !!!
La réaction de l'entraîneur de Caen en fin de match est juste pathétique ...",4
2015-03-09T17:23:13Z,"on en parle ou pas des deux mains de bordeaux non siffle dans leur surface ?
Aller Malherbe <3",2
2015-03-09T15:43:31Z,le resultat est  logique bordeau merite je ne vois pas  pourquoi l entraineur de cean s en prend a sagnol faut accepter la defaite c tt et le temps add c 2 min  minmum dc shut les ceannais est accepter la defaite,0
2015-03-09T10:15:53Z,Rageux les caennais !! A moins que vous êtes aveugle mais on voit bien la main sur le ralentit ! et le tacle si il le touche un peu plus il lui pete la jambe ! C'et pour éviter des gestes comme cela qu'on met des cartons rouge amplement justifié ! ,0
2015-03-09T09:03:46Z,Le carton aurais du jamais arrivé ,0
2015-03-09T08:52:02Z,"Temps additionnel, c'est 2 minutes MINIMUM putain. Stop rage. Le carton rouge estmérité, il y a pénalty la main est là... arrêtez d'insulter les arbitres srx, vous avez perdus, c'est tout...",7
2015-03-09T08:08:13Z,"Rien à dire sur les deux gros faits de jeu du match. Le carton rouge est logique, la faute est dangereuse ! Et le penalty existe, il est immonde mais il existe.
La victoire bordelaise est mérité, pour les intentions du moins, mais dans l'animation offensive on a beaucoup de mal.",3
2015-03-09T07:59:33Z,"De manière objective car ils en parlent pas la, le penalty a été sifflé après les 2mn d'arrêts de jeu?
 Pour le rouge, il est amplement mérité par contre!",0
2015-03-09T07:35:08Z,"Magnifique match des bordelais surtout le petit nerveux jaune là. Rouge qui méritait jaune au vu de l'amplification de Khazri, pénalty sifflé après le temps additionnel. Après c'est bien les bordelais vous irez loin, allez chercher l'Europe ! Non bien sûr je rigole vous arrivez même pas à jouer à 11 contre 10 c'est même pas la peine d'espérer l'Europe vous êtes nuls ",0
2015-03-09T06:52:34Z,On en parle de l'arbitre qui vient d'Aquitaine?,6
2015-03-09T06:35:17Z,"Je vous rappelle qu'on est sûrement l'équipe en L1 qui a eu le moins de pénalty siffé,donc voilà si y a PENO on siffle.Les ralentis parlent pour nous.Donc les caennais vous allez fermez vos grande gueule est essayer de vous maintenir sans vous plaindre #MauvaisPerdant #MauvaisArbitrageQuandCaArrange",0
2015-03-09T06:31:36Z,"Que des mauvais perdants a Caen,impressionnant 😂😱",1
2015-03-09T01:29:25Z,Pourquoi le commentateur ne précise pas qu'il y avais deux minutes de temps additionnel et qu'il a sifflé le pénalty à la 94' alors qu'à la 92' Caen venait de finir une action mais que cet arbitre qui rappelons le à été destitué de ses fonction international pour avoir été acheté et que la carton rouge est très sévère vus que les est involontaire et que les trois tacles par derrière de Bordeaux dont un dangereux et un presque derniers défenseurs n'as eu qu'un jaune...,1
2015-03-09T00:08:20Z,"1:44 ""Vercoutre réussit à sauver son camp"". Ahah",1
2015-03-08T23:59:11Z,Je suis supportere Lyonnais mais vraiment l'arbitre qui donne un penalty apres que les 2 minutes sois fini vraiment bravo Et bonne chance a Cean que je suis mtn depuis 3 ans !!! aller les CEANNAIS !,5
2015-03-08T23:39:56Z,Bien joué pour bordeaux on voit les rageux de caennais qui mérite aussi la ligue 2 Comme Lens et Metz,4
2015-03-08T23:34:14Z,Putain bordeaux peut pas prendre de point sans penalty?,0
2015-03-08T23:23:46Z,"Encore une fois Malherbe se fait voler par l'arbitrage ! Juste dégoûté 😡
#SMC ",0
2015-03-08T23:14:56Z,"Je sais même pas pourquoi l'entraîneur de Caen s'enflamme le match est réussit pour Bordeaux et aux arbitres après Caen doit contrôler c'est joueur!
ALLEZ BORDEAUX!! UB87",2
2014-09-13T09:58:59Z,"Bien jouer Caen
",0
2014-08-27T12:17:21Z,2 fois qu je vais voir EVIAN CAEN pour voir a chaque fois les bleus et rouge gagnés ALLEZ MALHERBE  ,2
2014-08-12T08:22:27Z,Aller les croix en retounera pas en Ligue 2,0
2014-08-11T21:25:53Z,Match à oublier. . Allez les Croix !,0
2014-08-11T21:25:52Z,Match à oublier. . Allez les Croix !,0
2014-08-11T12:28:01Z,"Aller les croix 
Faut vite ne plus penser à cette défaite et ce remettre au travaille pour gagner contre Rennes!!! ",1
2014-08-11T09:22:42Z,Bravo à Caen superbe match ! impressionant dans le replis défensif ! Nous il y a beaucoup de boulot ! Allez pascal retrouve nous une équipe de ligue 1 !,4
2014-08-11T04:24:05Z,Bien caen ! ; ) Allez lens !,1
2014-08-10T22:54:03Z,Quelqu'un peut me dire pk vercoutre a un maillot adidas alors que l'équipementier de Caen est nike ??,0
2014-08-10T22:34:04Z,Allez les croix on lache rien ,2
2014-08-10T22:03:19Z,"Un non match total de nos joueurs, mais faut tout de suite se remettre au boulot allez les croix ! ",2
2015-07-05T23:53:40Z,"Vercoutre dans ce match... Juste monstrueux ! J'étais là en tant que supporter marseillais, j'étais écœuré par ses parades impériales ! Surtout que les conditions étaient pas au top, pluie etc... Il avait été élu gardien de l'équipe type cette semaine, juste mérité.",0
2015-03-03T18:21:19Z,PTDR et dire que les sardines pensaient etre champion de France XD y aura la meme désillusion pour les lyonnixs ,0
2014-10-18T07:15:42Z,L om va mettre la cata au psg,0
2014-10-18T07:15:07Z,Marseille vont mettre la misa ire,0
2014-10-17T22:53:30Z,"En plus de faire des résumés de merde vous savez pas commenter. 0:51 c'est certainement pas 2 points sur les 15 derniers matchs, mais sur les 15 derniers points possibles qui auraient pu être pris (c'est-à-dire 5 matchs).",0
2014-10-15T02:00:34Z,"No Gignac, BIELSAAAA !!!!!!!!!!!!",0
2014-10-14T18:02:59Z,Pauvres lyonnais connus pour leur jalousie maladive des gens du sud et de notre OM ,0
2014-10-09T23:20:19Z,Most exciting club in Europe at the moment. Love watching them. Bielsa <3,1
2014-10-08T13:54:51Z,viré Ayew ! il est fou lui vire toi de là toi,0
2014-10-07T19:37:45Z,Marseille en force,0
2014-10-07T15:30:52Z,"#Ligue1 - Classement des passeurs - Fort d’une 3e passe décisive en faveur d’André-Pierre Gignac, le latéral marseillais Benjamin Mendy grimpe sur le podium du classement officiel des passeurs de Ligue 1 après la 9e journée. 
http://bit.ly/10Fh5nF",13
2014-10-07T15:13:23Z,vercoutre! <3,0
2014-10-07T00:19:31Z,L OM fait mal !!!!!!! Merci bielsa c un régal de revoir marseille a un tel niveau,0
2014-10-06T20:35:07Z,"Et Continue Notre Chemin, Bravo a Caen tout de même pour sa belle prestation ! Forza OM.",2
2014-10-06T19:20:42Z,"L'attentat de morel, le hors-jeu inexistant. Merci l'arbite cela ne fait que un match de plus volée ",0
2014-10-06T16:19:04Z,Et l'attentat de Morel on en parle ou pas ?,0
2014-10-06T14:48:49Z,l'om nous fait rever mais bravo a caen qui s'est bien battu,0
2014-10-06T14:20:18Z,Cette saison c'est la notre ! Faites nous vibrer ! ALLEZ L'OM !,0
2014-10-06T07:55:14Z,cool allez l om a jamais les premiers,0
2014-10-06T06:54:31Z,Alessandrini est bien meilleur que Thauvin,0
2014-10-06T06:40:07Z,a la 90 eme j'ai crie comme un fou oh putin c'est bon sa merci gignac si y'a vercoutre ne fait pas des arrets de fou y'a au moins 3-0 pour l'om ;),1
2014-10-06T06:00:51Z,"Allez les gars, on lâche pas !! OM <3",0
2014-10-06T05:43:22Z,Gignacccccc!!!!!!!!!!,0
2014-10-05T19:51:01Z,Un match phénoménal qui a donner du plaisire avec une grande équipe de Caen et un grand Rémy vercoutre. Bravo à ces deux formation pour se match juste magnifique !,0
2014-10-05T19:46:18Z,"Un truc de fou ce match j'avais l'impression qu'on avait gagné la coupe du monde quand Gignac a marqué.
Lille et plein d'autre équipe de ligue 1 devraient s'inspirer de nous parce que ce qu'on fait la c'est du vrais Football avec un grand F",4
2014-10-05T19:35:58Z,"En ce moment c'est un plaisir de voir jouer L'OM .. ;)

Un supporter Lyonnais :)",16
2014-10-05T19:18:06Z,Marseille sont plus fort que la saison derniere ,5
2014-10-05T18:45:54Z,Bravo l'OM mais bon il y avait carton rouge pour morel sur sa grossière faute ,0
2014-10-05T18:24:33Z,le nul était mériter je suis dégouter et aller faire un tour sur ma chaine si vous voulez ^^,1
2014-10-05T18:07:10Z,"7 victoires consécutives !

Allez l'OM ",13
2014-10-05T17:43:21Z,Caen est l'équipe qui a le plus résister à Marseille pour moi mais bon victoire de l'OM logique. Caen accroché vous ca va payer beaucoup de mal chance depuis le debut de la saison,13
2014-10-05T17:34:32Z,"Caen est une super équipe, j'ai adoré ce match (surtout la dexième periode) car AUCUNE equipe ne dominait l'autre. Mais victoire logique pour l'OM FORZA OM",8
2014-10-05T17:18:19Z,Ce Gignac alors. Que lui pour la mettre au fond comme ca.,15
2014-10-05T17:14:37Z,Quel match avec du suspens et de l'intensité ! equipe de caen meriteuse mais Forza om !!! Par contre viré moi ce ayem il saoule a toujours vouloir marquer son but !!!!!!,1
2014-10-05T17:03:23Z,J'ai gagner 210€ grace a marseille.,20
2014-10-05T16:57:11Z,"Super match! Bravo à Caen super équipe qui mérite de rester en L1 à l'inverse de certaines qui joue à 11 dans les buts... Merci Bielsa de nous avoir rendu notre jeu. Je vibre de nouveau et ca fait du bien! Aller l'OM, à jamais les premiers!",10
2014-10-05T16:53:27Z,Bielsaaaaaa ! El locoooo ♥,12
2015-05-02T09:49:41Z,Jadore guingamp  cest mes amis,1
2015-05-02T09:49:11Z,Beauvue tes le meilleur  ,1
2015-05-01T13:42:26Z,Faut acheter claudio beauvue a Lyon,0
2015-04-30T16:03:49Z,Magnifique but de Beauvue !!!!,0
2015-04-27T16:19:26Z,C'est sport de la part de Beauvue de dire que son but était un centre raté. Belle victoire ! Aller Caen on peut encore gagner les matchs restants !,0
2015-04-27T08:55:19Z,Deux beaux buts ,0
2015-04-27T08:53:16Z,Le but de Beauvue !,0
2015-04-27T06:36:48Z,Le stade de Caen est toujours plein ?comment ils font?,0
2015-07-18T10:39:10Z,Tom Hervieu Je suis ď accord avec toi,0
2015-07-18T10:32:07Z,J'adore à partir de la 2 : 50 et 3:00,2
2015-06-02T14:34:54Z,Si paris s'était pas fait acheté par les quataris ils n'auront pas ce statut de meilleur club de ligue 1 a part ça très bonne équipe très bon joueurs comme pastore ibra verrati ect.Moi je suis content que l'ol joue la LDC,0
2015-05-26T18:40:03Z,Abonner vous si vous adorer caen<3:-D,0
2015-05-16T11:09:35Z,"Il faudrait investir dans un nouveau micro sinon, et moins gueuler dessus par la même occasion.",0
2015-05-14T16:07:36Z,Bien fait pour lyon il se sont pris une branler et encore il y a de penalty non siffler ,0
2015-05-14T14:00:36Z,rageant,0
2015-05-14T12:30:37Z,"Déchaînement de pucelles footix parisiennes dans 3,2,1 ...",1
2015-05-13T15:08:37Z,allez vous faire foutre sal psg,1
2015-05-12T06:17:06Z,juste pour savoir vertfoutre a été prêté ou vendu avec bonus à caen svp?,0
2015-05-11T19:10:17Z,Salut les mecs je commence une nouvelle série qui arrive le 14 mai passez voir mes premières vidéos et donnez moi vos avis merci ! :),0
2015-05-11T18:58:05Z,Bravo à mon neveu pour son doublé il a bouffé du Lyon et pas qu'une part.,10
2015-05-11T18:40:01Z,La honte de Lyon bien fais pour leur gueule les lyonnais  allez Malherbe !!!!!!,0
2015-05-11T18:24:20Z,Pffff c'est pathétique sérieux je suis lyonnais mais là c'est abusé 3-0,0
2015-05-11T16:53:57Z,"A part pour les supporters caennais qui devaient être hyper content, je vois pas comment on peut liker cette vidéo qui ne montre rien d’intéressant à part les buts...",2
2015-05-11T16:25:26Z,j'ai la haine de ouf. Perdre contre Caen 3-0 alors que en plus ils se sont fait voler un péno franchement nan mais ou va le monde mais bon super saison quand même.,1
2015-05-11T16:05:48Z,Je croyais que vercoutre avait fait 17 arrets ??,0
2015-05-11T15:16:52Z,et 2 penos refuses pour caen et les quenelles osent dire qu' ils ne sont pas aidé par les arbitres mdr.de plus faut pas que caen descende sinon vertfoutre va perdre de la valeur avec les bonus... bien joué caen dans le cul les quenelles.,0
2015-05-11T13:54:15Z,C pas un résumé ! Il ne montre que les buts...,3
2015-05-11T13:43:27Z,"J'ai jamais vu autant de mauvaise fois sur un résumé de match, Caen a largement mérité la victoire et dire qu'il n'y a pas les occasions lyonnaises c'est un peu pousser parce qu'il y a également des actions caennaises non-mise dans ce résumé. Et comme écrit dans le titre c'est un résumé, on peut pas mettre toutes les actions sinon le résumé aurait duré 6 minutes ou plus ...
Je pensais pas les supporters lyonnais aussi mauvais perdant",1
2015-05-11T09:43:25Z,12 arret pour vercoutre il et magique,0
2015-05-11T09:09:36Z,"C'est bizarre parce que quand y a des situations litigieuses en la défaveur de Lyon elles sont vites montrées alors que Lyon a eu beaucoup d'occasions et ils montrent que les buts de Caen mais personne pour montrer les 2 pénos non sifflés dans le match Lyon - PSG et d'ailleurs ce même résumé où on voit toutes les occasions de Paris alors qu'on en voit quasi jamais dans les (pseudo) résumés de Lyon chaque Week-End enfin bref Lyon n'était pas dans son match contre Caen et les normands ont été énorme à l'image de leur seconde partie de saison un grand bravo à eux et à Vercoutre et Benezet héroïques ! On peut dire que le premier but fait suite à une erreur d'arbitrage : un corner inexistant mais bon dans l'ensemble malgré les occasions lyonnaises, Caen mérite largement sa victoire rien à dire décidément 9ème défaite sur les 13 derniers matchs pour Lyon à d'Ornano ça fait beaucoup mais grande satisfaction de finir 2ème de ligue 1 hâte de revoir la coupe aux grandes Oreilles :) 
Allez l'OL !!",4
2015-05-11T06:35:57Z,"Les lyonnais ne sont jamais rentrés dans cette partie, bravo à Caen et surtout bravo à Rémy Vercoutre !! Mais c'est pas grave, on est en Ldc grâce à la victoire de l'om sur l'asm.",2
2015-05-11T06:20:32Z,Merci Caen !,6
2015-05-11T05:43:54Z,Et les actions de Lyon ? C'est en option ? ,1
2015-05-11T05:16:27Z,FLASH INFO : Aulas aurait demandé à ce que la Bretagne ne soit plus française afin de retirer les 3 points du PSG,9
2015-05-11T05:14:22Z,"Une pensée pour Jean-Michel AULAS qui voit même la différence de but s'échapper
:-(",5
2015-05-11T05:12:34Z,"3 fois de suite en quart de LDC, soit 3 fois de suite parmis les 8 meilleurs équipes d'Europe avec au passage, victoire en poule contre le Barça et élimination de Chelsea, tous les titres nationaux cette saison ...oui moi j'aime bien la progression de Paris, et vous ?Ils font quoi les autres clubs Français?

 Bravo à EAG et à Monaco qui oeuvrent pour les points européens. On se rappellera du 0 de l'0M et de la piteuse élimination de l'OL en début d'année :-(",3
2015-05-11T00:02:17Z,"Merci à Caen qui a battu OM et OL, Nul au Parc , Paris champion pour la 3eme fois, Bravo à Lyon tout de meme ^^",16
2015-05-10T23:34:21Z,"Je voudrais pas dire mais...""ce lyon""...il avait l'air de boîter de l'arriere à la sortie du stade...",0
2015-05-10T23:10:14Z,"0:31 y a absolument pas pénalty, Dabo joue le ballon même si c'est impressionnant à vitesse réelle, il touche le ballon avant son adversaire. Bien sûr merci le commentateur pour donner un avis totalement biaisé.

Et puis là je vois ce match je vois juste que Caen a eu 3 occas, aucune action lyonnaise montrée, même si bien sûr Caen a mérité sa victoire, et que Lyon a hyper mal joué, presque de façon honteuse j'ai envie de dire, on ne montre pas le match exceptionnel de Vercoutre qui, avec Bénezet, est l'homme du match côté caennais.

Et puis tant qu'on y est, l'axe droit de la défense c'était Dabo Koné. A gauche Bedimo a pas été bon. Avec une défense pareille bah faut pas rêver hein, on rivalise pas avec Paris. Mais Lyon aura quand même produit du très bon jeu cette année, et ce ne sont pas les paroles d'Aulas qui vont changer ça. (faut quand même différencier les joueurs, les supporters et le président à un moment hein, c'est pas parce que l'un est insupportable que toute l'équipe et le club l'est aussi)",6
2015-05-10T23:05:19Z,Mais où est donc passée la défense centrale lyonnaise ???,2
2015-05-10T22:40:06Z,"Match à oublier, mais avec la saison exceptionnelle de nos joueurs on pardonne. Cette 2e place nous va très bien.
Maintenant tous les footix PSG vont se la ramener ici, c'est triste.",12
2015-05-10T22:29:28Z,"Mr Aulas, une réclamation à faire ? ",0
2015-05-10T22:29:09Z,"putain les lyonnais c est chauds a chaque résume de votre équipe vous venez chialer pacque il n y a pas ceci , il n y a pas cela dans le résumé.. C est aulas qui vous apprend a pleurer comme ca sans arrêt?? vous avez pris une fessé c est tout mais sérieux toute les semaines avec vos commentaires de chouineuses c est hallucinant. Entre vous et marseille je ne sais pas qui pleure le plus. soyez au moins heureux de votre 2 eme place et votre place en LDC",14
2015-05-10T22:22:43Z,Les lyonnais sans son bien sorti ils aurait peu prendre un 4-0 ou 5-0 ,0
2015-05-10T22:19:21Z,Quelle est dégueulasse cette équipe de lyonnaises ,2
2015-05-10T22:13:06Z,"On montre 0 action lyonnaise malgré les nombreuses qu'il y a eues, on montre les fautes lyonnaises, on montre pas le corner imaginaire sur le but caennais... 
Bref résumé de merde incomplet et subjectif...",4
2015-05-10T22:12:53Z,Lyon a eu au moins 5 actions et il les montres pas ! La video n'est pas réaliste ,4
2014-08-12T19:00:51Z,I'm so happy we are back at top,0
2015-03-24T20:26:39Z,Neymar,2
2015-02-16T22:03:04Z,"Nul le match
",0
2014-11-23T13:51:47Z,Matches dhumaell rosenble à  David luiz,0
2014-10-26T18:30:14Z,Moi je duis normand au 14,0
2014-09-28T11:51:31Z,Marquinhos a toujours la meme celebration !,1
2014-09-28T09:41:31Z,"Ca me ferait chier qu'un promu descende direct en L2, ce sont des promus et ils se débattent bien, ils mérites de rester",0
2014-09-26T18:47:36Z,Allez caen très beau match !!!,0
2014-09-26T18:40:40Z,Mathieu Duhamel a bien jouer ! J'espère que Caen ne descendra pas en Ligue 2,0
2014-09-26T15:42:20Z,Pourquoi ne pas montrer les grosses occasions de Lucas et Cavani juste avant la mi-temps? -_-,5
2014-09-26T11:26:00Z,"Ce résumé est tres trompeur, il donne l'impression que Caen a eu plus d'occasion que le psg alors qu'il y a au moins 4 occasions super franche de Cavani et Lucas et un pénalty non siflé qui ne sont pas montré dans ce résumé.",1
2014-09-26T11:09:38Z,Genre Caen a eu plus d'occasion que Paris ,0
2014-09-25T22:25:39Z,C'est quoi ce résumé pitoyable? Pourquoi ne pas montrer les grosses occasions de Lucas et Cavani juste avant la mi-temps?? ,18
2014-12-19T16:46:31Z,pas sperbe,1
2014-08-26T23:28:18Z,Il est magnifique le 2 ème but O_o,0
2014-08-26T13:24:41Z,Aller reims on n'aurait du gagner mais on les enculera chez eux c'est pas grave ,0
2014-08-25T10:33:21Z,"J'ai l'impression de revoir Reims - Rennes de l'année dernière ^^
Profitez mes rémois profitez, c'est peut-être la dernière saison pour nous en Ligue 1...
Non plus sérieusement, beau match de Caen, mais Reims malgré des erreurs défensives incroyables, méritait au moins le match nul car là c'est un peu du vol, surtout 2-0
Coup franc incroyable de Diego... Même si il y avait Vercoutre dans les cages",2
2014-08-25T09:50:49Z,Vercoutre toujours aves ses poings XD,0
2014-08-25T09:27:09Z,1:02 Quel arrêt de Rémy Vercoutre !,11
2014-08-25T03:45:41Z,sweaty goal,0
2014-08-25T00:26:39Z,N golo kante,2
2014-08-24T23:05:57Z,First,0
2014-08-24T22:56:34Z,Allez Caen !♥,8
2014-09-16T11:40:29Z,allez l'asse,3
2014-09-16T11:37:20Z,gg,1
2014-09-15T08:55:18Z,"Victoire méritée. ""Réussite forcée"" comme a dit Galtier ",0
2014-09-15T00:12:27Z,:),0
