published-time,comment,likes
2015-01-08T16:58:36Z,DIJONNAIS ALLEZ ALLEZ ALLEZ,0
2014-10-22T11:02:06Z,serieux défendez au lieu de reclamer un HJ... (1er but) Ca me rappelle France mexique 2010,1
2014-10-21T10:20:19Z,#Ligue2 - J11 - Revivez les meilleurs moments de Valenciennes FC - Dijon FCO (0-3) en vidéo grâce à notre chaîne officielle YouTube !,4
2014-10-21T10:10:19Z,Allez nimes olympique,1
2014-10-21T10:02:34Z,First,0
2015-04-12T17:27:26Z,allez dijon,0
2014-12-30T07:33:06Z,A la base y a pas penalty pour Châteauroux,0
2014-12-24T00:08:01Z,Il a l'air pas mauvais Philippoteaux.,0
2014-12-23T10:28:49Z,"Il n'y a pas penalty , honteu une faute d'arbitrage qui coute la place de leader au DFCO !!",0
2014-12-22T09:20:25Z,Je suis désolé il n'y a pas penalty ...,0
2014-12-22T07:04:54Z,Allez Dijon !!!!!!!!!!!! <3 Meilleures equipe d'autonne on vous aime !!!!!!!,0
2015-01-07T06:27:21Z,Allez ACA,0
2014-12-03T14:08:35Z,"#Ligue2 - Classement des passeurs - Dans le sillage de Romain Philippoteaux, son meilleur buteur et co-meilleur passeur après la 15e journée, le Dijon FCO a repris la tête de la Ligue 2 - http://minilien.fr/a0nds2",2
2014-11-30T10:47:39Z,on est en ligue 1,1
2015-01-19T06:33:16Z,Ah les boules !!!,0
2015-01-18T17:52:15Z,"Dijon, lejay la goutte, trop pickles MDR allez laval",0
2015-01-18T10:06:26Z,Nous sommes tombés sur une bonne équipe dijonnaise. Dommage pour eux car en face c'était bien Lionel Cappone . On a su profiter de nos rares occasions pour les cadrés . Beau but de Wesley Saïd. La chance était avec nous durant ce match. ,0
2015-01-18T09:39:16Z,GG Laval ! :),0
2015-01-18T08:42:38Z,"Je suis lavallois , manque de réussite côté dijonnais de chance aussi . Pas de penalty en revanche dans les arrêts de jeu , le joueur joue le penalty . Beau match de Lionel Capp' ! ",1
2015-03-10T17:06:46Z,"#Ligue2 - Classement des buteurs - Mickaël Le Bihan de retour au Top !
Ancien leader, l’attaquant du Havre AC retrouve les commandes du classement officiel des buteurs de Ligue 2 après la 27e journée et sa 14e réalisation - http://bit.ly/1AdbjVe",1
2015-03-08T19:48:40Z,Dijonnais ! :D,0
2015-03-08T17:22:57Z,La faute imaginaire en dehors de la surface...,2
2015-03-08T09:38:12Z,Aller dijon,1
2015-01-11T21:37:29Z,Tours FC <3,2
2015-01-11T09:25:39Z,Bien joué le TFC ! Il faut se maintenir cette saison ! ,2
2015-01-11T08:50:25Z,Nous sommes les tourangeaux,1
2015-01-11T08:47:27Z,Le TFC en force ;),2
2015-01-11T07:43:56Z,Putain....,1
2014-11-08T10:42:25Z,sochaux aller nous sommes les sochaliens et nous allons gagner alle oe,0
2014-09-02T18:00:23Z,Tom laratte c Dijon qui a gagner contre Laval !!!!,0
2014-08-31T09:43:56Z,"Sochaux n'est pas au complet, il manquait Habran, Guerbert et Mignot...",0
2014-08-31T07:55:18Z,,0
2014-08-31T06:24:15Z,"Reléguable en D2 après 5 journnées, bougez vous les Lionceaux !!!",0
2014-08-30T22:30:32Z,"Le commentateur est mieux que le précédent, mais il ferait bien de revoir ses fiches, le DFCO s'est incliné face à Laval 1-0 en CdL
Sinon encore un très bon match de Dijon, on confirme même à l'extérieur. Objectif L1 !!!
Et Sochaux on vous oublie pas, bonne chance pour traverser cette mauvaise passe !",3
2014-08-10T11:26:57Z,ouai ses vrai que la sa commence déjà...,1
2014-08-10T01:40:37Z,"Suis-je le seul à avoir vu le dijonnais s'effondrer tout seul dans la surface ? Suis-je également le seul à chercher encore le ""hors-jeu"" de Diallo ? Les arbitres sont censés être neutres..",0
2015-07-06T19:17:28Z,Belle victoire de Dijon.Le gardien de Clermont n'a rien fait.Allez les rouges .,0
2015-03-18T16:27:06Z,"#Ligue2 - Classement des passeurs - Julio Tavares porte le DFCO !
Avec un doublé à la passe, Julio Tavares a grandement contribué au large succès du Dijon FCO au Clermont Foot (2-5) et intègre le Top 5 du classement des passeurs de Ligue 2 - http://www.lfp.fr/ligue2/article/julio-tavares-porte-le-dfco.htm",6
2015-03-16T00:12:05Z,NON on vise la ligue des champions,0
2015-03-15T11:04:07Z,"Bien
",0
2015-03-15T07:49:11Z,ALLER DIJON ON VISE LA LIGUE 1,2
2015-03-15T06:33:27Z,Dijonnais !!,0
2015-03-14T23:07:26Z,Dijon en FORCE !!!!,0
2014-08-24T20:10:39Z,Aller Dijon aller la montée cette année ,0
2014-08-19T15:27:10Z,"#Ligue2 - Classement des passeurs - Buteur et passeur, Toifilou Maoulida brille avec le Nîmes Olympique après trois journées en occupant la 3e place du classement officiel des passeurs de Ligue 2 et la 5e place des buteurs. http://bit.ly/1tk9KSR",6
2014-08-17T17:19:43Z,Il y a quand même des trous des deux côtés ...,0
2015-03-24T17:27:20Z,j vous adore le DFCO  surtout toi Bamba,1
2015-03-22T08:51:37Z,allez dijon,2
2014-10-29T10:18:15Z,Vos gueule commentaire de merde Auxerre = [ Ausserre ] Bande d'inculte ,0
2014-09-16T17:34:21Z,ds les tribune on vious a sodomiser bleus et blanc sont les couleur de la bourgogne,2
2014-08-24T08:40:29Z,"Pour vous, quel ont etait les 3 meilleurs joueurs et les 2 meilleurs gardien lors de cette 4eme journée de ligue 2 ?",1
2014-08-24T00:00:59Z,Et la grosse faute dijonnaise sur l'attaquant auxerrois en fin de match ? Pourquoi vous nous la montrez pas ? Des ordres de la lfp ? Une faiblesse arbitrale à cacher ? Un ménage est à faire..,3
2014-08-23T22:28:53Z,"La Bourgogne restera à jamais Bleue et Blanche !
AJA & BASTA",6
2014-08-23T22:03:48Z,La Bourgogne est rouge !,13
2015-07-23T16:50:20Z,Aller Dijon je suis abonné ,0
2014-09-14T14:13:24Z,"J' y suis  aller ba quel arbite de  merde
",0
2014-09-14T08:23:58Z,"Eh bah, y a de sacrés matchs en L2 !!",1
2014-11-10T10:02:22Z,#Ligue2 - J14 - Revivez les meilleurs moments de Angers SCO - Dijon FCO (1-0) en vidéo ainsi que tous les autres résumés de la 14e journée grâce à notre chaîne officielle YouTube ! http://urlz.fr/TVQ,7
2014-11-09T11:06:41Z,"Vous aimez le foot ? Vous avez facebook ? Venez me suivre sur la pages 
Infos ligue 1 et ligue 2 
Merci et aller le sco",0
2014-11-09T10:57:10Z,Belle victoire du sco !!,1
2014-11-09T10:27:10Z,Superbe beau  but de boufal !!!!!!,4
2015-05-27T19:22:27Z,Allez l'estac meilleur équipe de ligue 2 et il le méritait la première place et le titre de champions de France,0
2015-04-07T18:32:55Z,Allez l'estac direction l'élite français ,0
2015-04-05T09:54:08Z,Résumé ridicule qui ne montre quasi que les actions Troyes alors que Dijon en a eu beaucoup plus...,2
2015-04-05T06:10:20Z,"Bravo pour Troyes, équipe qui mérite clairement de monter en L1. Par contre le comportement des 2 équipes apres le match laisse a désirer...",0
2015-04-05T00:02:33Z,Troyes en Ligue 1 et meme champions.. Cette Equipe est trop au dessus de toutes les autres. Meme en ratant son match (c'était certes loin d'être l'équipe type) elle gagne...,2
2015-07-23T04:55:40Z,"niet opletten,verslappen en toekijken verdediging,ook Cillesen?",0
2015-02-10T17:01:02Z,allez DIJON emmerde FCSM,0
2014-10-27T10:08:50Z,#Ligue2 - J12 - Retrouvez tous les résumés des matchs de vendredi et samedi sur la chaîne officielle Youtube !,5
2014-10-26T23:20:00Z,C'est quoi ce resumer ou on voit que des action troyenne ?! 1 seule action de dijon alors qu'ils on bien faillis en mettre plusieurs eux aussi ! Vendu la lfp ! ,0
2014-10-26T13:15:41Z,"J'aime bien ce commentateur, je crois que c'est un nouveau ^^",0
2014-10-26T09:12:01Z,dijon en vise la ligue  et pour estac aussi,0
2014-10-25T22:31:28Z,Allez l'estac !!,2
2014-08-09T06:43:15Z,Encore des messeins sur un match de Nancy ;) barré vous bande de cons ,0
2014-08-04T09:52:35Z,"Bravo ! Vos deux buts sont splendides :) 

Et allez Metz :) ",0
2014-08-04T02:43:03Z,J'espère que le dijonnais aura une passe decisive sur ce super centre vers Cuffault xD,0
2014-08-03T16:44:41Z,et aufaite merci pour le but contre son can on pouvai faire un nul  sans vous,0
2014-08-03T11:42:11Z,"On se rattrapera, pas grave :)",0
2014-08-03T11:37:59Z,allez Nardi c'est pas grave,0
2014-08-03T10:34:54Z,Merci Nancy pour ce but ! :D Allez Dijon !,0
2014-08-03T10:08:44Z,"Ahaha bravo Nancy vous réussi a marquez mais ds le mauvais but :))))
C'était un petit coucou d'un messins en Ligue 1 NOUS !!!",1
2014-08-03T01:43:19Z,Quelle erreur du defenseur nancein ,1
2014-08-03T00:00:16Z,Dommage on aurait du s'imposer... par contre dans vos résumés vous pouvez y inclure les erreurs d'arbitrage...,0
2014-08-02T22:56:29Z,"Vraiment un résumé bien merdique à l'image de la ligue, aucun des deux arrêts monstrueux de nardi et on ne parle surtout pas des hors-jeux imaginaires annoncés par l'arbitre assistant totalement à la ramasse...",0
2014-10-05T21:15:25Z,On ne peut pas suivre la l2 en Pologne ? ,0
2015-06-21T15:27:51Z,Rendez-vous pour une prochaine saison en ligue 2 avec de nouveaux joueurs.Allez Dijon,2
2015-06-13T09:54:59Z,Belle victoire de Dijon,2
2015-05-27T14:28:17Z,Troip cool on a gagné,2
2014-09-28T11:53:09Z,"Le Hac <3 😙 
💣Dijon🔫",0
2014-09-28T11:37:02Z,"Aller vous faire foutre le havre
",1
2015-03-07T08:00:44Z,le match ou on a le plus de buts ??,0
2015-01-28T13:50:06Z,"#Ligue2 - Classement des buteurs - Pour la première fois depuis 25 ans, le Nîmes Olympique a inscrit cinq buts à l’extérieur en Ligue 2. Sacrée performance pour la dernière attaque à l’extérieur avant la 21e journée ! http://minilien.fr/a0nui5",5
2015-01-28T12:08:21Z,ROBAIL TRAÎTRE,0
2015-01-28T12:07:25Z,"Allez Dijon on s'en fout on est 2ème, nimes pfff, ils sont bien en dessous ",0
2015-01-25T17:04:58Z,Bien joué Nimes !!! Forza N.O ,1
2015-01-25T13:19:13Z,Un gros GG à Nîmes pour ce superbe match :o,4
2015-01-25T07:08:22Z,Allez Nîmes <3,4
2015-01-25T01:47:03Z,"Mouahaha :P 
La Bourgogne est bleue et blanche ♥",0
2015-02-14T05:35:17Z,cest des chiant aja,1
2015-02-04T21:29:41Z,C'est conviViale,2
2015-02-03T12:11:34Z,"La Bourgogne est bleue et blanche ! AJA & basta, Dijonnais bande d'infâmes",5
2015-02-01T20:41:09Z,DIJOONAIIII ECULLLEEEEE LALALALALALALA ♪♫,6
2015-02-01T11:26:48Z,Et La Bourgogne Est Bleue Et Blanche ♥,10
2015-02-01T11:14:21Z,Dijon club en paille,7
2015-02-01T11:10:58Z,Dijon toujours devant Auxerre en attendant,2
2015-02-01T09:15:38Z,Bourgogne bleu et blanche !!,8
2015-02-01T01:02:43Z,"auxerre et sochaux en l1, et vite!!",8
2015-01-31T23:32:53Z,"Et la Bourgogne et la Bourgogne et la Bourgogne est Bleue et Blanche !!!
Vialinho !!",11
2014-12-14T18:34:26Z,Oui!,0
2014-12-14T11:37:09Z,"Un match nul aurait était mérité au vu du match, Brest légèrement dominé en première période et vice versa pour Dijon légèrement dominé en seconde période. C'est cruel mais c'est pas ce qui nous arrêtera dans la course pour la montée.
Allez Brest!  ",1
2014-12-14T11:24:41Z,les sœurs jumelles .....Dijon et brest c'est pareil alors ca joue sur un détail....Brest montera en L1 ......Dijon ? je sais pas .....mais hier match très intense .....vraiment très intense ! et ça c'est bon pour la suite pour les deux équipes .,0
2014-12-14T10:38:58Z,merci fallait pas on peut marquer tous seule,0
2015-05-10T00:58:53Z,Bye bye ligue 1 ,1
2014-09-22T16:38:44Z,Cela n'a pas été facile et rassurant au vu des occasions qu'ont eu les léopard... il faut que le SEWE plus compact dans les duels et face le pressing haut pour empêcher ces joueurs techniques du AC Léopard...,1
2014-10-09T22:41:48Z,tout ca-la pour aller prendre 4-0. Arretez-nous votre  cirque!,0
2014-09-29T12:39:06Z,Parlons Foot avec Amara Traoré - 27 Septembre 2014,0
