publish_date,title,view_count
2014-10-21T10:00:06Z,Valenciennes FC - Dijon FCO (0-3)  - Résumé - (VAFC - DFCO) / 2014-15,7538
2014-11-01T23:00:02Z,Dijon FCO - AC Ajaccio (3-0)  - Résumé - (DFCO - ACAJ) / 2014-15,3959
2015-04-11T21:59:59Z,AC Ajaccio - Dijon FCO (1-0)  - Résumé - (ACAJ - DFCO) / 2014-15,2092
2014-12-20T23:00:04Z,Châteauroux - Dijon FCO (1-1)  - Résumé - (LBC - DFCO) / 2014-15,2507
2014-11-29T23:00:06Z,AC Arles Avignon - Dijon FCO (0-2)  - Résumé - (ACA - DFCO) / 2014-15,4318
2015-01-17T23:00:05Z,Stade Lavallois - Dijon FCO (1-0)  - Résumé - (LAVAL - DFCO) / 2014-15,4268
2015-03-07T22:59:59Z,Dijon FCO - Havre AC (1-1)  - Résumé - (DFCO - HAC) / 2014-15,4130
2014-09-20T22:00:02Z,GFC Ajaccio - Dijon FCO (2-0)  - Résumé - (GFCA - DFCO) / 2014-15,3547
2015-01-10T23:00:05Z,Dijon FCO - Tours FC (0-3)  - Résumé - (DFCO - TOURS) / 2014-15,6745
2014-08-30T22:00:02Z,FC Sochaux-Montbéliard - Dijon FCO (0-1)  - Résumé - (FCSM - DFCO) / 2014-15,5991
2014-08-09T22:00:01Z,Dijon FCO - Stade Lavallois (1-0)  - Résumé - (DFCO - LAVAL) / 2014-15,5024
2015-03-14T23:00:00Z,Clermont Foot - Dijon FCO (2-5)  - Résumé - (CF63 - DFCO) / 2014-15,11692
2014-08-16T22:00:02Z,Nîmes Olympique - Dijon FCO (2-2)  - Résumé - (NIMES - DFCO) / 2014-15,6450
2015-05-16T21:59:59Z,Tours FC - Dijon FCO (0-0)  - Résumé - (TOURS - DFCO) / 2014-15,2158
2015-02-14T22:59:59Z,Chamois Niortais - Dijon FCO (1-1)  - Résumé - (NIORT - DFCO) / 2014-15,2209
2015-03-21T22:59:59Z,Dijon FCO - Valenciennes FC (1-1)  - Résumé - (DFCO - VAFC) / 2014-15,4329
2014-08-23T22:00:01Z,Dijon FCO - AJ Auxerre (1-0)  - Résumé - (DFCO - AJA) / 2014-15,7037
2014-09-13T22:00:02Z,Dijon FCO - Chamois Niortais (1-0)  - Résumé - (DFCO - NIORT) / 2014-15,4869
2014-11-08T23:00:07Z,Angers SCO - Dijon FCO (1-0)  - Résumé - (SCO - DFCO) / 2014-15,13368
2014-11-22T23:00:03Z,Dijon FCO - US Orléans (2-1)  - Résumé - (DFCO - USO) / 2014-15,3815
2015-04-29T17:56:08Z,Dijon FCO - AC Arles Avignon (1-0)  - Résumé - (DFCO - ACA) / 2014-15,4073
2015-04-04T22:00:00Z,Dijon FCO - ESTAC Troyes (0-1)  - Résumé - (DFCO - ESTAC) / 2014-15,7335
2015-07-22T19:24:13Z,Jonathan Bamba Amazing Goal | St. Etienne 1 - 0 Ajax Amsterdam | Friendly Match 2015 HD,19956
2015-02-07T23:00:01Z,Dijon FCO - FC Sochaux-Montbéliard (1-0)  - Résumé - (DFCO - FCSM) / 2014-15,5802
2014-10-25T22:00:06Z,ESTAC Troyes - Dijon FCO (1-0)  - Résumé - (ESTAC - DFCO) / 2014-15,6508
2014-08-02T22:00:02Z,AS Nancy-Lorraine - Dijon FCO (1-1)  - Résumé - (ASNL - DFCO) / 2014-15,12426
2014-10-04T19:06:11Z,Dijon FCO - Clermont Foot (1-0)  - Résumé - (DFCO - CF63) / 2014-15,3016
2015-05-23T22:00:00Z,Dijon FCO - AS Nancy-Lorraine (3-1)  - Résumé - (DFCO - ASNL) / 2014-15,7901
2014-09-27T22:00:01Z,Havre AC - Dijon FCO (1-0)  - Résumé - (HAC - DFCO) / 2014-15,4424
2015-01-24T23:00:04Z,Dijon FCO - Nîmes Olympique (4-5)  - Résumé - (DFCO - NIMES) / 2014-15,17451
2015-02-21T23:00:02Z,Dijon FCO - GFC Ajaccio (1-1)  - Résumé - (DFCO - GFCA) / 2014-15,2228
2015-01-31T22:59:59Z,AJ Auxerre - Dijon FCO (3-0)  - Résumé - (AJA - DFCO) / 2014-15,12682
2014-12-13T23:00:02Z,Dijon FCO - Stade Brestois 29 (1-0)  - Résumé - (DFCO - SB29) / 2014-15,5497
2015-05-09T21:59:59Z,Dijon FCO - Châteauroux (0-1)  - Résumé - (DFCO - LBC) / 2014-15,3745
2015-04-11T17:16:19Z,Conférence de presse AC Ajaccio - Dijon FCO (1-0) - 2014/2015,149
2014-10-20T09:43:01Z,SUPER COUPE FHB 2014 SEWE 2-0 ASEC,662
2014-09-22T10:28:58Z,Coupe de la Confédération 2014 (1/2Finale - Aller) Sewe 1-0 AC Léopards,851
2015-01-25T23:00:07Z,Goal Dorian LEVEQUE (90&#39; +2 csc) / EA Guingamp - FC Lorient (3-2) - (EAG - FCL) / 2014-15,177
2014-09-01T10:54:00Z,Super Buut de Gervinho  : AS Roma 2-0 Fiorentina SerieA 30-08-2014,655
2015-07-21T17:46:27Z,"[Vidéo D-Jéry 2.0] Football-Profil: Bassirou Sidibé, Milieu de terrain sénégalais",189
2014-10-07T16:38:10Z,Séance d&#39;entrainement des Éléphants Mardi 07 Octobre 2014 au CTNF Bingerville,8935
2015-01-11T23:00:03Z,Goal Renaud COHADE (90&#39; csc) / Stade de Reims - AS Saint-Etienne (1-2) - (SdR - ASSE) / 2014-15,296
2014-10-07T12:06:22Z,Interview de Tiene Siaka avant RDC-CIV (aller),1358
2015-05-14T16:27:38Z,fiche joueur Ousseynou Thioune,15395
2014-10-08T02:28:41Z,Hilel Konate et Wilfried Kanon parlent après l&#39;entrainement de ce mardi 07 Octobre 2,1560
2014-09-18T07:55:42Z,SIAKA DEMBELE ACTION,138
2015-04-11T18:12:08Z,Port - Diambars FC ( 1 - 1 ) Vendredi 10 avril  2015 - Résumé,439
2014-10-03T03:30:56Z,cheikh wade international senegalais,503
2014-09-29T12:02:58Z,Parlons Foot avec Amara Traoré - 27 Septembre 2014,646
