publish_date,title,view_count
2014-09-24T22:00:03Z,ESTAC Troyes - Chamois Niortais (4-1)  - Résumé - (ESTAC - NIORT) / 2014-15,4970
2014-09-24T21:30:01Z,Top buts 8ème journée - Ligue 2 / 2014-15,2376
2014-08-09T22:00:02Z,ESTAC Troyes - Tours FC (1-0)  - Résumé - (ESTAC - TOURS) / 2014-15,6373
2014-10-04T19:05:46Z,ESTAC Troyes - Valenciennes FC (0-0)  - Résumé - (ESTAC - VAFC) / 2014-15,4455
2014-09-16T10:00:04Z,ESTAC Troyes - AJ Auxerre (1-2)  - Résumé - (ESTAC - AJA) / 2014-15,11482
2015-02-28T23:00:00Z,Chamois Niortais - ESTAC Troyes (1-0)  - Résumé - (NIORT - ESTAC) / 2014-15,3057
2014-08-02T22:00:02Z,Châteauroux - ESTAC Troyes (0-1)  - Résumé - (LBC - ESTAC) / 2014-15,8140
2014-11-01T23:00:03Z,ESTAC Troyes - US Orléans (1-0)  - Résumé - (ESTAC - USO) / 2014-15,2766
2015-05-09T21:59:59Z,ESTAC Troyes - AC Arles Avignon (4-0)  - Résumé - (ESTAC - ACA) / 2014-15,7306
2014-08-23T22:00:03Z,ESTAC Troyes - Stade Lavallois (0-0)  - Résumé - (ESTAC - LAVAL) / 2014-15,2559
2014-08-19T10:00:04Z,FC Sochaux-Montbéliard - ESTAC Troyes (0-2)  - Résumé - (FCSM - ESTAC) / 2014-15,9744
2015-03-17T11:00:01Z,Valenciennes FC - ESTAC Troyes (1-1)  - Résumé - (VAFC - ESTAC) / 2014-15,5409
2014-09-30T10:00:03Z,Clermont Foot - ESTAC Troyes (1-0)  - Résumé - (CF63 - ESTAC) / 2014-15,3414
2014-11-25T11:00:09Z,ESTAC Troyes - AS Nancy-Lorraine (1-0)  - Résumé - (ESTAC - ASNL) / 2014-15,5657
2015-04-18T21:59:59Z,ESTAC Troyes - AC Ajaccio (2-0)  - Résumé - (ESTAC - ACAJ) / 2014-15,3692
2014-08-13T08:54:45Z,Valenciennes FC - ESTAC Troyes (1-3)  (1er tour) - Résumé - (VAFC - ESTAC) / 2014-15,13460
2015-01-10T23:00:03Z,ESTAC Troyes - Stade Brestois 29 (1-0)  - Résumé - (ESTAC - SB29) / 2014-15,4450
2015-01-24T23:00:00Z,ESTAC Troyes - FC Sochaux-Montbéliard (2-0)  - Résumé - (ESTAC - FCSM) / 2014-15,6852
2014-10-25T22:00:06Z,ESTAC Troyes - Dijon FCO (1-0)  - Résumé - (ESTAC - DFCO) / 2014-15,6508
2015-04-11T22:00:00Z,US Orléans - ESTAC Troyes (0-1)  - Résumé - (USO - ESTAC) / 2014-15,2784
2015-01-17T23:00:06Z,Tours FC - ESTAC Troyes (0-2)  - Résumé - (TOURS - ESTAC) / 2014-15,3522
2014-12-20T23:00:07Z,AC Arles Avignon - ESTAC Troyes (0-4)  - Résumé - (ACA - ESTAC) / 2014-15,7434
2015-03-07T23:00:00Z,ESTAC Troyes - Clermont Foot (2-0)  - Résumé - (ESTAC - CF63) / 2014-15,5448
2014-09-25T07:52:29Z,"Court, Jean, d&#39;un but à l&#39;autre !",21
2015-01-29T09:38:25Z,Tour de chauffe avec Thomas Ayasse,1124
2014-08-30T22:00:02Z,GFC Ajaccio - ESTAC Troyes (0-4)  - Résumé - (GFCA - ESTAC) / 2014-15,9021
2015-04-04T22:00:00Z,Dijon FCO - ESTAC Troyes (0-1)  - Résumé - (DFCO - ESTAC) / 2014-15,7335
2014-09-24T19:29:48Z,Conférence de presse ESTAC Troyes - Chamois Niortais (4-1) - 2014/2015,167
2014-10-31T14:43:08Z,TROYES - ORLEANS  1-0,120
2014-10-09T00:27:01Z,Les escrocs Vs SMS - 08/10/14 21:00 - Mercredi 21h - Automne 2014 - Puteaux Urban Football,39
2014-12-06T22:00:06Z,Red card after player takes out two opponents with one tackle!,4655
2014-12-15T16:23:56Z,"Reportage beIN SPORTS : Franck Signorino, la résurrection",9457
2014-08-19T09:50:41Z,Le chef-d&#39;œuvre de Thomas AYASSE,575
2014-11-30T21:32:32Z,"Reportage beIN SPORTS : Nicolas Benezet, dans sa bulle",22625
2015-03-13T08:09:31Z,J-4 Valenciennes-Estac : Séance du jour,1031
2014-11-16T22:58:40Z,Supporter Albanais Ivre et surexcité lors du match France - Albanie 2014,10889
2015-02-16T14:35:38Z,Reportage Canal+ sport - Enquêtes de foot &quot;Je suis football&quot;,90583
2015-01-12T16:43:15Z,"Reportage beIN SPORTS : Alejandro Bedoya, made in USA",24070
2015-07-23T21:32:32Z,Ipswich v Notts County 1981 - Gordon Mair Goal,5018
2015-05-18T13:17:45Z,"Reportage beIN SPORTS : Geoffrey JOURDREN, le mal-aimé",169777
2015-04-13T14:58:53Z,"Reportage beIN SPORTS : Yohan Mollo, l&#39;artiste",45021
2015-01-26T15:38:04Z,"Reportage beIN SPORTS : Jean-Pierre Caillot, président éffervescent",9003
2014-10-15T23:51:03Z,Jordann YEYE ● Royal Excelsior Virton 2010-2014 ● Highlights ★ Skills and Goals ★,1239
2014-08-28T18:23:42Z,93150 Un Autre Football - Episode 1,38301
2015-02-23T19:05:53Z,"Reportage beIN SPORTS : Nabil Fekir, le &quot;Messi lyonnais&quot;",325550
2015-04-02T20:48:15Z,Nîmes Auxerre 04 mai 1996 Finale Coupe de France partie 1,8599
2015-04-13T10:21:53Z,U15 : A.S.F. Bourbre vs. ECBF. Magnifique coup-franc,821
2014-08-22T07:51:45Z,Ep 3 Réathlétisation Football après rupture LCA http://www.prepaphysique.fr,12130
