publish_date,title,view_count
2015-01-10T14:40:13Z,Lindsay Rose,2690
2014-09-12T10:29:51Z,"Défi de Loïc: avec Didier Deschamps, Cyril Rool et Lindsay Rose (#IceBucketChallenge)",27009
2015-05-07T13:52:48Z,OL : Rose juge sa saison,311
2015-05-07T14:24:03Z,OL : Rose pas surpris de se retrouver en tête du championnat,222
2015-05-24T03:55:49Z,Stade Rennais FC - Olympique Lyonnais (0-1) - Highlights - (SRFC - OL) / 2014-15,2110
2015-04-19T23:34:09Z,Olympique Lyonnais - AS Saint-Etienne (2-2) - Highlights - (OL - ASSE) / 2014-15,6607
2014-08-24T22:07:22Z,Olympique Lyonnais - RC Lens (0-1) - Highlights - (OL - RCL) / 2014-15,2645
2015-02-16T00:45:27Z,FC Lorient - Olympique Lyonnais (1-1) - Highlights - (FCL - OL) / 2014-15,3795
2014-08-10T23:00:12Z,Olympique Lyonnais - Stade Rennais FC (2-0) - Highlights - (OL - SRFC) / 2014-15,6382
2015-03-22T22:59:59Z,Olympique Lyonnais - OGC Nice (1-2) - Highlights - (OL - OGCN) / 2014-15,2636
2015-05-02T15:26:37Z,Live: Lyon vs. Evian TG,120
2015-05-17T02:08:18Z,Olympique Lyonnais - Girondins de Bordeaux (1-1) - Highlights - (OL - GdB) / 2014-15,2404
2015-01-18T23:00:06Z,RC Lens - Olympique Lyonnais (0-2) - Highlights - (RCL - OL) / 2014-15,2054
2015-04-05T22:00:00Z,EA Guingamp - Olympique Lyonnais (1-3) - Highlights - (EAG - OL) / 2014-15,3014
2014-08-10T22:00:04Z,Olympique Lyonnais - Stade Rennais FC (2-0)  - Résumé - (OL - SRFC) / 2014-15,60554
2015-03-15T23:38:43Z,Olympique de Marseille - Olympique Lyonnais (0-0) - Highlights - (OM - OL) / 2014-15,7508
2015-03-09T00:36:31Z,Montpellier Hérault SC - Olympique Lyonnais (1-5) - Highlights - (MHSC - OL) / 2014-15,8298
2015-04-19T23:41:20Z,Highlights : Week 33 / 2014-2015,2620
2014-09-14T22:00:04Z,Olympique Lyonnais - AS Monaco (2-1) - Highlights - (OL - MON) / 2014-15,7270
2015-02-09T01:05:35Z,Olympique Lyonnais - Paris Saint-Germain (1-1) - Highlights - (OL - PSG) / 2014-15,35752
2015-05-07T14:46:55Z,Caen - OL : &quot;On aura la possession de balle&quot;,242
2014-08-24T22:01:56Z,Olympique Lyonnais - RC Lens (0-1)  - Résumé - (OL - RCL) / 2014-15,85741
2015-04-20T15:17:34Z,Olympique Lyonnais - AS Saint-Etienne (2-2)  - Résumé - (OL - ASSE) / 2014-15,80721
2015-05-24T04:35:36Z,Stade Rennais FC - Olympique Lyonnais (0-1)  - Résumé - (SRFC - OL) / 2014-15,47243
2015-03-22T22:59:59Z,Olympique Lyonnais - OGC Nice (1-2)  - Résumé - (OL - OGCN) / 2014-15,55158
2015-02-16T00:12:05Z,FC Lorient - Olympique Lyonnais (1-1)  - Résumé - (FCL - OL) / 2014-15,45268
2015-04-05T22:00:00Z,EA Guingamp - Olympique Lyonnais (1-3)  - Résumé - (EAG - OL) / 2014-15,80508
2015-02-09T00:39:29Z,Olympique Lyonnais - Paris Saint-Germain (1-1)  - Résumé - (OL - PSG) / 2014-15,275379
2015-01-18T23:00:03Z,RC Lens - Olympique Lyonnais (0-2)  - Résumé - (RCL - OL) / 2014-15,33567
2015-04-19T23:09:01Z,Résumé de la 33ème journée - Ligue 1 / 2014-15,87047
2015-05-17T02:50:42Z,Olympique Lyonnais - Girondins de Bordeaux (1-1)  - Résumé - (OL - GdB) / 2014-15,47658
2014-09-14T22:00:03Z,Olympique Lyonnais - AS Monaco (2-1)  - Résumé - (OL - MON) / 2014-15,102175
2015-04-19T22:17:34Z,Ligue 1: Lyon concède le nul face aux Verts,265
2015-03-15T23:37:22Z,Olympique de Marseille - Olympique Lyonnais (0-0)  - Résumé - (OM - OL) / 2014-15,160941
2015-03-09T00:19:45Z,Montpellier Hérault SC - Olympique Lyonnais (1-5)  - Résumé - (MHSC - OL) / 2014-15,173445
2015-07-19T10:16:16Z,Lione - Milan 2-1 Highlights (Sky Sport HD ITA),1327
2014-09-12T18:55:21Z,Lyon 2-1 Monaco (Équipe Lyon) - 5e journée 2014/2015,1054
2015-01-16T15:03:05Z,OL : Jallet évoque l&#39;arrivée de Cornet,1833
2014-10-05T18:34:12Z,Goal Yrondu MUSAVU-KING (84&#39;) / SM Caen - Olympique de Marseille (1-2) - (SMC - OM) / 2014-15,1331
2015-05-30T08:08:33Z,Jérémy Villeuve : de Reims à Drancy,281
2015-05-05T15:55:33Z,OL : Bedimo défend Koné,783
2014-08-02T20:51:51Z,"Celtic vs Tottenham Friendly Match August 2, 2014 Highlights  1 - 6 All Goals",123
2015-04-05T21:59:59Z,But Dany NOUNKEU (18&#39;) / OGC Nice - Evian TG FC (2-2) -  (OGCN - ETG) / 2014-15,1058
2014-09-21T14:12:40Z,Football / PSG - OL : Paris au pied du mur - 21/09,139
2014-10-05T16:52:19Z,But Yrondu MUSAVU-KING (84&#39;) / SM Caen - Olympique de Marseille (1-2) -  (SMC - OM) / 2014-15,5712
2014-09-24T19:26:59Z,Football / Ripoll : &quot;Une belle rouste&quot; 24/09,119
2015-05-23T23:56:30Z,But Olivier SORLIN (86&#39;) / SM Caen - Evian TG FC (3-2) -  (SMC - ETG) / 2014-15,1859
2015-06-13T19:31:32Z,(1A) 2015 IGHSAU Iowa Farm Bureau Girls State Soccer Championships,2059
2014-08-13T08:56:10Z,But Thomas AYASSE (57&#39;) / Valenciennes FC - ESTAC Troyes (1-3) -  (1er tour) (VAFC-ESTAC) / 2014-15,941
2014-09-18T01:01:51Z,Women&#39;s Soccer Highlights - UNCW,89
