published-time,comment,likes
2014-09-25T00:12:11Z,"""La première attaque est niortaise""
Faudrait faire gaffe quand même
Allez l'ESTAC bordel !",3
2014-09-25T15:25:02Z,Dembélé pas ici ? Talonnade en pivot qui fait grand pont sur le défenseur + But ! Il faut quoi de plus ? Le Tallec fait un Ronaldo Shop peut être mais il a de l'espace ..,2
2014-09-25T14:08:10Z,#Ligue2 - Revivez les plus beaux buts de la 8ème journée de Ligue 2 en vidéo,1
2014-09-25T10:08:57Z,D'accord avec les deux premiers mais les buts de Dembélé avec Nancy et de Bréchet avec le Gazélec auraient pu être 3ème.,1
2014-08-21T10:29:31Z,Match compliqué pour une première à domicile mais o n ne retient que la victoire et le bon match des recrues et de la défense centrale !,1
2014-08-11T15:12:59Z,"Premier match à domicile réussi, malgré le score étriqué nous avons bousculé l'équipe de Tours, qui est une bonne équipe de Ligue 2, surtout en deuxième mi-temps, peut-être la fatigue ou alors l'orage, il a plu abondamment. A noter la prestation honnête des nouveaux joueurs Thomas Ayasse et Jessi Pi, T.Ayasse a pris beaucoup de ballons de la tête. Le milieu a souffert en première mi-temps, Benjamin Nivet, toujours précieux, est vieillissant et T.Ayasse et Jessi Pi doivent prendre leurs marques et de l'assurance dans ce nouveau groupe. Beau tir de Lionel Carole sur la transversale, prés de la lucarne gauche...",1
2014-08-10T00:27:38Z,Allez l'ESTAC ! ,5
2014-10-06T18:39:34Z,Tres decu de l'Estac sur ce match !,1
2014-10-05T22:50:06Z,Allez l'ESTAC ! ,1
2014-10-05T08:40:17Z,"Je comprend pas comment troyes peut faire match nul contre une equipe aussi faible que VA! En plus, l'ESTAC essaye de creer du jeu alors que VA ne sait pas enchainer 2 passes... Si VA continue comme ca, ils iront en National....",0
2014-10-04T19:10:40Z,first,0
2014-09-19T17:40:41Z,cher vous?! Le haut du parcage même pas rempli mdrr nous quand ont bien cher vous ont est cher nous le haut et bas est Troyens ;),0
2014-09-18T18:21:27Z,(5mn) Auxerrooooiiiiss auxerois auxerrois allez allez !!! Ultrat Auxerre !! sinon y a des ultrat a troyes ? ,3
2014-09-17T12:21:05Z,Il faut revoir la défense à Troyes...,1
2014-09-16T11:03:57Z,#Ligue2 - Revivez les meilleurs moments de ESTAC Troyes - AJ Auxerre (1-2) en vidéo.,6
2015-03-04T15:52:35Z,"#Ligue2 - Classement des passeurs - Florian Martin reste en course !
Avec une 8e passe décisive lors de la 26e journée, Florian Martin (3e, Chamois Niortais) est toujours au contact de la tête du classement des passeurs de Ligue 2 - http://www.lfp.fr/ligue2/article/florian-martin-reste-en-course.htm",2
2015-03-02T14:16:26Z,#Ligue2 - J26 - Retrouvez les résumés des matchs du week-end sur la chaîne officielle Youtube !,0
2014-08-21T10:36:26Z,Lol 0-0 à la mi-temps  quel bouffon ce commentateur...,0
2014-08-08T05:09:57Z,haha quel con ce comentateur,0
2014-08-04T22:56:05Z,XtraGaMeuR36 oupssss grillée ;),0
2014-08-03T10:59:58Z,"0-0 à la mi-temps ? Heeeeeu.
24h pour préparer le commentaire et c'est pas correct.",1
2014-08-03T09:07:18Z,Makengo comment il l'a griller le pauvre mec !,0
2014-08-02T23:47:54Z,"@ 1:35 : ""à la mi-temps : zéro-zéro"" ????
sérieux ??? je rappelle que le seul but à été marqué à la neuvième minute ....",0
2014-11-02T11:01:30Z,Allez l'ESTAC !! ,1
2014-11-02T08:35:52Z,Allez l'USO,3
2015-05-13T09:25:03Z,Comment ils trichent sur lens le clapping ,1
2015-05-10T12:18:33Z,"Je vous le souhaite Rémi C. Apres battre arles 4-0 c'est bien compliqué.
Votre équipe survol le championnat comme Metz la saison passé. Beaucoup de monde voyait metz dans le top 10 comme toi mais finalement ils redescendent donc contentez vous du maintient. Par contre faut vraiment vous acheter un public ^^",2
2015-05-10T09:20:21Z,ALLEZ L'ESTAC ! Troyes <3 <3,1
2015-05-10T08:34:29Z,,1
2015-05-10T08:33:00Z,"J'y etais au match c'était super y'a eu du beau de l'anbiance pas loin de moi y'avais qu'avait decouper des journaux en petits bouts et il en lançait a chaque but!
",2
2015-05-10T06:28:40Z,Ligue 2 <3,3
2015-05-10T06:28:17Z,Troyes ils vont revenir en Ligue 1,3
2015-05-09T23:40:10Z,"Dans ce match, l'ESTAC a vraiment développé du très beau football! Vivement la ligue 1 la saison prochaine pour voir cette équipe car elle est capable  de finir dans le top 10 à mon goût, et même si ce n'est pas le cas elle sera toujours agréable a regarder ",4
2015-05-09T23:30:43Z,Belle équipe de Troyes fière d'être troyens ✌️ vivement la ligue 1 ✌️ j'espère qu'il vont faire de leur mieux en ligue 1✌️ ALLEZ L'ESTAC 👍  ,6
2014-08-24T01:48:27Z,"Laval votre jeu est juste a vomir, a 11 derrière pour moi c'est pas du football, le foot ce n'est pas que tu résultat c'est aussi du spectacle, aucune ambition, rien dans votre jeu je vous souhaite la descente. Bref allez l'estac toujours leader ! ",4
2014-08-23T23:50:05Z,"Pouaaah et les actions de Laval les mecs vous les avez oubliez ? Le but de Bekamenga refusé pour un soit-disant hors-jeu. Le cadreur était parti pissé ? Puis la faute de Robic , sortir le rouge pour ça ? Messieurs les arbitres vous ne changerez donc jamais ? Les arbitres sont CENSER etre neutre je rappelle. M'enfin bravo aux lavallois et à Cappone pour cette superbe parade en fin de match.",3
2015-06-06T09:27:05Z,"J'adore l'estac ma ville les deux buts sont magnifique
",0
2014-08-23T17:17:13Z,Allez Sochaux faut se reprendre!,0
2014-08-21T10:27:18Z,"Que c'est beau de voir son équipe gagner comme ça tous ses matchs en début de saison en espérant que ça continue ! Je serais au stade de l'Aube vendredi contre Laval pour, je l'espère , une nouvelle victoire troyenne !",2
2014-08-20T00:21:24Z,"Ca fait vraiment plaisir de voir une si belle équipe dans ma ville :) mais bon... Ca fait déjà plusieurs années qu'on a une très bonne équipe à Troyes, seulement on a jamais de chance... J'espère qu'on gardera cette première place! Allez l'ESTAC!!",3
2014-08-19T18:06:32Z,magnifique but,1
2014-08-19T15:10:24Z,#Ligue2 - 3e journée - Retrouvez le résumé du match FC Sochaux-Montbéliard - ESTAC Troyes !,5
2014-08-19T14:12:19Z,Allez l'estac !!!,1
2014-08-19T14:00:00Z,"Pour vous, quel ont etait les 3 meilleurs joueur et les 2 meilleurs gardiens lors de cette 3eme journée de ligue 2 ?",0
2014-08-19T11:49:40Z,quelle 2 eme but magnifique,3
2014-08-19T10:37:31Z,"2 tirs cadrés, 2 buts pour troyes, allez ma ville =)
Splendide but de thomas ayasse au passage.",9
2015-03-17T19:04:07Z,"rhalala, troyes serait tellement bien si ce but n'avait pas été refusé pour un hors jeu inexistant!",0
2015-03-17T18:38:28Z,Je fais un ptit tour sur la Ligue 2 #HabituéLigue1,0
2015-03-17T16:46:52Z,"Encore un point la l1 est proche allé l'estac !!!!!!
",1
2015-03-17T16:01:45Z, a la semaine prochaine valencienne on va gagner a dijon au macth aler on a gagner 0-3 chez vous . ALLER  VENDEDI A GASTON GéRAR,0
2015-03-17T15:44:37Z,"mais vasi y font chier a avoir égaliser la ! c'est bon vous êtes en ligue 1 Troyes ! 
moi j'ai envie que valenciennes se maintienne quand meme",0
2014-09-30T10:09:41Z,#Ligue2 - Revivez les meilleurs moments de Clermont Foot - ESTAC Troyes (1-0) en vidéo.,2
2014-11-25T15:02:22Z,un résumé spectaculaire on doit voir 3 action ,0
2014-11-25T13:58:17Z,"Il m'embête ce résumé , on ne voit pas toutes les actions , les coups de génie les 3 petits ponts nancéiens et surtout le plus bel arrêt de ligue 2 à ce jour de Nardi en fin de match , et on ne voit pas la discutions des arbitres pour savoir si le but est validé ou pas avec l'ascenseur sur le défenseur ..",3
2014-11-25T12:36:38Z,"J'adore ce résumé du match, on voit trop que Nancy est en galère. Et les nancéiens, arrêtez de rager, vous avez perdu point. Acceptez la défaite nous on l'accepte quand on perd, on ne cherche pas toutes les excuses du monde.",4
2014-11-25T11:54:10Z,#Ligue2 - J15 - Revivez les meilleurs moments de ESTAC Troyes - AS Nancy-Lorraine (1-0) en vidéo grâce à notre chaîne officielle YouTube !,1
2014-11-25T11:37:13Z,parce qu'il monte sur le dos de muratori,0
2014-11-25T11:05:19Z,but refusée normalement,0
2015-04-20T06:52:47Z,#Ligue2 - J32 - Retrouvez tous les résumés des matchs du week-end sur la chaîne officielle YouTube !,7
2015-04-19T15:19:05Z,Allez court,2
2015-04-19T12:04:17Z,"L'un des plus beaux matchs de Troyes cette saison avec un jeu au sol magnifique, y a pas 5 équipes de L1 qui auraient manoeuvré Ajaccio de cette manière donc  franchement si elle garde ses éléments cette équipe peut vraiment faire quelque chose de beau l'année prochaine (surtout que les joueurs se connaissent bien).",2
2014-08-21T10:32:14Z,"Belle victoire à l'extérieur,2 ème de la saison+1 victoire à domicile alors que c'est à l'extérieur que l'on pêchait l'an dernier. Les entrées  de Darbion et Nivet ont fait la différence avec un magnifique 3 ème but ! Allez l'ESTAC",1
2014-08-13T15:08:30Z,Ya ya ! on joue bien !!! putain de début de saison ! faut en profité avant qu'on ne commence a perdre !! xD ,1
2014-08-13T09:15:19Z,Le 3 e but Troyen est un bijou !,6
2015-01-11T14:32:52Z,"Eloy Bip tu sais pas de quoi tu parles, Moimbé ne touche pas l'autre vilain de Jean qui se croit à la piscine, & ""véritable agression"" tu vas te calmer Gilbert Montagné, viens jouer contre moi en District je vais te montrer ce que c'est, si tu veux ! 
Troyes est une bonne équipe qui propose un beau football mais là ils ont fait un match totalement indigne pour un premier & méritait de perdre ..",0
2015-01-11T02:51:23Z,"Falette son geste, on le voit très mal là mais c'est une véritable agression, je pense qu'il va prendre pas mal de matchs de suspension et c'est tant mieux, mauvais perdant, bref allez l'ESTAC champion d'automne ! ",1
2015-01-11T00:09:40Z,"falette se fait limite attaquer, une réaction nerveuse, il n'a pas a se prendre ce carton...",1
2015-01-10T23:13:11Z,C'est du grand n importe quoi ce match!!!,0
2015-06-27T00:29:31Z,Pas pour longtemps lol 😂 ,0
2015-01-25T07:21:20Z,C'est bon vous êtes en ligue 1 xD,5
2015-01-25T00:11:27Z,ICI C'EST TROYES BELLE VICTOIRE MERITEE :),2
2014-10-27T10:08:50Z,#Ligue2 - J12 - Retrouvez tous les résumés des matchs de vendredi et samedi sur la chaîne officielle Youtube !,5
2014-10-26T23:20:00Z,C'est quoi ce resumer ou on voit que des action troyenne ?! 1 seule action de dijon alors qu'ils on bien faillis en mettre plusieurs eux aussi ! Vendu la lfp ! ,0
2014-10-26T13:15:41Z,"J'aime bien ce commentateur, je crois que c'est un nouveau ^^",0
2014-10-26T09:12:01Z,dijon en vise la ligue  et pour estac aussi,0
2014-10-25T22:31:28Z,Allez l'estac !!,2
2015-04-13T09:57:46Z,#Ligue2 - J31 - Retrouvez tous les résumés des matchs du week-end sur la chaîne officielle YouTube !,7
2015-04-12T11:57:32Z,ESTAC !! C'est vrai que l'arbitrage était en notre faveur pour une fois il faut l'avouer mais le nombre de fois où il a été en notre défaveur on va pas s'en plaindre ! ,1
2015-04-12T07:37:46Z,L'arbitrage laisse à voir car il était à chier!!! Puis des grosses simulation de la part de Troyes pour avoir vus le match 😕,1
2015-01-23T14:42:10Z,Allez l' ESTAC !!! IL faut garder ce rythme!!!!,2
2015-01-18T01:48:32Z,Allez l'ESTAC !! ,3
2015-01-03T09:42:06Z,Lol arles Avignon des merdes allez nimes olympique ,0
2014-12-30T18:49:40Z,Je suis Lyonnais mais j'apprécie cette ligue car toute les équipe se battent pour une chose : la montée en 1er division :)  ,0
2014-12-29T16:13:33Z,"Nivet est incroyable
Mais il etait mieux a caen",1
2014-12-23T17:34:01Z,"Meme si il sont dernier moi j'suis supporter et je continue a supporte ""Meme si vous perdez nous on est la on est la nous on est la""",0
2014-12-21T08:18:28Z,"Arles Avignon 10point en 18journée , une honte",2
2015-03-11T15:36:05Z,"#Ligue2 - Classement des passeurs - Revoilà Benjamin Nivet !
Le capitaine de l’ESTAC Troyes a délivré sa première passe décisive de 2015, sa 7e de la saison, pour revenir dans la course au podium du classement des passeurs de Ligue 2 - http://www.lfp.fr/ligue2/article/revoila-benjamin-nivet.htm",5
2015-03-08T01:21:01Z,Nous méritons vraiment de monter en L1... Très belle équipe qui survole totalement le championnat. ,5
2014-09-04T09:28:53Z,Avec cette arbitre de merde le GFCA n'avait aucune chance,1
2014-09-01T20:33:15Z,allez l'estac !!!!!!!!!!!!!!!!!!!!,2
2014-08-31T09:01:24Z,Troyes vers une saison historique en ligue 2 bravo à ce club,6
2014-08-30T23:58:49Z,Allez l'ESTAC !!,6
2015-05-27T19:22:27Z,Allez l'estac meilleur équipe de ligue 2 et il le méritait la première place et le titre de champions de France,0
2015-04-07T18:32:55Z,Allez l'estac direction l'élite français ,0
2015-04-05T09:54:08Z,Résumé ridicule qui ne montre quasi que les actions Troyes alors que Dijon en a eu beaucoup plus...,2
2015-04-05T06:10:20Z,"Bravo pour Troyes, équipe qui mérite clairement de monter en L1. Par contre le comportement des 2 équipes apres le match laisse a désirer...",0
2015-04-05T00:02:33Z,Troyes en Ligue 1 et meme champions.. Cette Equipe est trop au dessus de toutes les autres. Meme en ratant son match (c'était certes loin d'être l'équipe type) elle gagne...,2
2014-12-02T22:27:14Z,Aï Aï Aï Nico :) je me rappelle la jeunesse tu as bien changer en esperant que tout se passe bien pour toi bize,0
2014-12-30T18:53:45Z,ils sont vraiment ivre ils ont bouffer trop de viagras,0
2014-12-13T20:28:23Z,Vrais supporters,12
2014-12-12T22:34:26Z,Comment pouvez vous dire qu'ils sont ivre?,10
2014-11-28T05:33:55Z,Ils ont bu trop de raki :D,9
2015-05-19T14:43:32Z,"ce qui est incroyable c est que des jeunes footballeur de 15 ans ( cense etre des gamin immature, se preparant a faire un metier de "" debile"" aux yeux des ""elites"") sont moins borner, beaucoup plus ouvert et on une bien meilleurs reflexion que des politicien censer etre des gens tres eduque. perso, en dehors que chacun devrait partiquer sa religion en prive( c a dire ne pas essayer de convertir son prochain) je vois pas vraiement ou est le probleme si les footballeur prient sur un terrain, si ca les aident a se concentre tant mieux

c est triste de voir que le pays des droits de l homme devient de plus en plus dictatorial et sectaire au fil des decennies.",5
2015-05-18T18:33:42Z,la religion n'a pas sa place dans le sport,7
2015-03-12T21:18:44Z,Putain y'en a pas un pour rattraper l'autre ! C'est la cour des miracle chez ces jeunes...,1
2015-07-24T01:10:29Z,"""Je ne me sens pas inférieur à Ruffier et Costil.""

Le principal, c'est qu'il y croit.",196
2015-07-21T19:14:40Z,il est meme pas plus fort que ruffier,0
2015-07-03T10:42:12Z,"Jourdren: les gens ""imeu voillent"" comme ca ,le mec aux cheveux longs: les gens ""croivent"" que c'est un idiot! je vous le confirme mes amis, vous etes deux beaux idiots! :)))",84
2015-06-28T23:13:42Z,Bon gardien il aurait mérité au moins une sélection en EDF.,14
2015-05-18T20:32:20Z,"Moi perso je l'adore, je l'ai decouvert dans : A la Clairefontaine et je l'ai bien aimé direct!!",46
2015-05-18T16:34:48Z,Costil est bien meilleur que jourdren x''''),22
2015-05-18T14:59:55Z,moi je suis supporter de lom et jaime bien Geoffrey jourdren ces un bon gardien  respect a lui,1
2015-07-05T13:53:23Z,Quelle tâche,13
2015-06-05T09:49:03Z,Mollo bientot dans les anges...,41
2015-05-01T22:33:01Z,"avec des si il n'y a pas de r ,  il essaye, il essaye mais je l'aime bien quand même",1
2015-01-28T00:56:35Z,la chanson qui commence a la 00:35 svp ,0
2014-08-29T20:45:59Z,merci pour les vidéos j'aime trop 93150 un autre football !!!,0
2015-07-31T08:46:59Z,Merci nabil pour cette super saison mais tu as encore beaucoup de chose à prouver bonne continuation et reste avec nous stp. ,1
2015-06-20T21:45:28Z,"Il et fous ce type , faut jamais comparé messi et fekir , Ronaldo et messi la je peut comprendre ",0
2015-06-11T18:59:16Z,MDRRRRRRRR vous avez pas la chance mmdr nous le Maroc on a Hakim Mastour mtn MDRR kcdr jpp,2
2015-06-10T17:09:03Z,mechi rouh kayan brahimi +sofiane fighoouli+ selimani+ meboulhi + medjani . djabo+ bentalab + ghoulam ghir les star yaoo merid neta rouh tadrab lekabaaa,1
2015-04-21T01:58:10Z,Dommage pour l'EN mais bonne continuation et Inch'Allah tu réussiras mon pti nabilon,0
2015-04-16T18:06:30Z,C'est dommage que lyon prévoit un nouveau stade le stade de gerland est tellement mythique,0
2015-03-30T16:30:38Z,"Bande de cons vous me faite pitier   , pk le traiter de harki ?? Dans ce cas la fallait faire pareille pour Benzema Nasri et sur tout Zidane ! Aucune logique ",6
2015-03-28T01:53:35Z,"fermez vos gueules les algeriens avec vos ""harki"" vous formez personne dans vos centres de formation et vous voulez qu'il joue pour les fennecs remettez vous en question. C trop beau de reclamer un joueur alors que vous l'avez pas formé dans vos ecoles de foot",82
2015-03-18T20:34:00Z,"il fallait mettre en Fekir le nouveau harki lyonnais cela aurait été mieux approprié comme titre,après le harki marseillais voici le nouveau harki lyonnais.",9
2015-03-17T16:38:58Z,"sa famille veut qu'il intègre l'équipe de France, sauf qu'elle manifeste pas..parceque il y a des malades qui peuvent les menacer en algérie, des fous qui n ont rien à perdre, donc, ils ont fait un compromis, qu'eux (famille) disent opter pour l'Algérie, puis Nabil étant jeune, irresponsable optera pour la France, et ça peut passer...comme ça, les choses se passeront bien..puis il a raison, ce mec ne peut pas se réduire à une équipe médiocre, instrument politique du FLN et RND, bouguerra, bouteflika, Haliche, hamrouche etc etc et le cinquième mandat",0
2015-03-17T07:32:31Z,we do not need you fekir stay in france algeria have better than you harki,0
2015-03-12T20:55:33Z,"arrété merde il ya un seul messi et un seul zidane ci qoui ca 
ce joueur c'est un menteur il a ke 6 mois en ligue 1 . la france pa besoin de lui a suivre par ici
https://www.youtube.com/watch?v=xaov0qVwkA0",0
2015-03-11T19:17:08Z,LAISSE TOMBE FEKIR,0
2015-03-11T03:54:38Z,harki dégage!!!,4
2015-03-10T01:28:31Z,"messi faut se calmer,en tout cas un joueur tres talentueux
c est plus logique de choisir la France, né ,grandi et formé ici .",0
2015-03-10T01:08:41Z,he ben le premier quil la appelé c l algerie et il a dit non,0
2015-03-06T17:43:35Z,et il a choisis l’Algérie aujourd’hui,0
2015-03-05T21:05:24Z,"

",0
2015-02-27T22:22:20Z,Nabil we love you to play for Algeria we have nothing to be proud off except football make us proud and very happy you have our blood worm and brave 123 viva lalgerie always and forever come on brother just say yes but if you choose the French we will still love you good luck est Allah may protect you dis nshalah every one ,1
2015-02-27T08:01:54Z,,0
2015-02-27T08:01:42Z,Nabil fait plaisir a ton papa accepte l'équipe de l'Algérie!!,3
2015-02-25T17:24:51Z,Viens en algerie wesh :),2
2015-02-25T12:14:49Z,Nabil viens,0
2015-02-24T20:58:13Z,Bonjour a tous connaissez vous le titre de la musique avec une voix tres aigue a partir de 3min10 a 3m30 ? On dirais de la liquid dubstep merci,0
2015-04-15T11:50:28Z,Bien tirer ;),0
2015-04-14T07:38:03Z,Ouai GG,0
2015-04-13T19:51:12Z,Bien joué Jerem ;) Magnifique ;),0
2014-12-15T09:34:56Z,duu courage steve croit leu tu reussira,1
