publish_date,title,view_count
2014-12-18T22:45:15Z,SOCHAUX 1 SCO 1,24
2014-12-13T23:00:02Z,US Orléans - Angers SCO (2-3)  - Résumé - (USO - SCO) / 2014-15,6789
2015-03-07T22:59:59Z,Angers SCO - Chamois Niortais (0-0)  - Résumé - (SCO - NIORT) / 2014-15,3032
2014-12-20T19:26:41Z,FC Sochaux-Montbéliard - Angers SCO (1-1)  - Résumé - (FCSM - SCO) / 2014-15,5197
2015-01-10T23:00:09Z,Angers SCO - AS Nancy-Lorraine (3-1)  - Résumé - (SCO - ASNL) / 2014-15,13819
2014-08-12T13:12:24Z,PARIS SG - SG BASTIA . 04/05,1445
2015-04-28T21:34:16Z,TROYES 2 / SCO 1,205
2015-07-03T20:35:39Z,Yoann Andreu,1278
2014-11-29T15:04:40Z,"Angers sco - Troyes , les buts",344
