published-time,comment,likes
2014-12-30T19:48:17Z,ALLEZ LAVALOIS MAYENNE,1
2014-11-28T17:23:04Z,Allez Laval!,1
2014-10-29T07:14:51Z,Les lavallois ne mérite pas cette victoire !               Angers Sco <3,0
2014-09-24T13:02:40Z,FUCK LAVAL,1
2014-09-24T06:39:42Z,on les a encore bien baisé les angevins comme l'an dernier ;),7
2014-09-21T14:59:38Z,Allez Laval !,10
2014-09-21T08:14:58Z,Angers a dominé dommage :/ manque de réussite notamment avec un pénalty (encore) oublié et le poteau vraiment malchanceux...,3
