publish_date,title,view_count
2014-09-04T01:16:45Z,Zakarya bergdich vs Qatar,1000
2014-10-11T21:33:35Z,Zakarya Bergdich,650
2015-04-09T19:15:58Z,Bergdich Zakarya,289
2014-12-21T23:53:22Z,زكرياء بركديش,1066
2014-10-11T22:36:24Z,هدف المغربي بركديش,338
2015-04-30T05:14:22Z,AC Milan 1 - 3 Genoa: Gasperini&#39;s Men Pile More Pressure On Inzaghi,521
2014-12-18T23:30:56Z,Ajax Amsterdam vs Vitesse Arnhem 0-4 Zakaria Labyad Amazing Goal ( KNVB Beker ) 18/12/2014 [HD],144
2015-05-07T12:25:38Z,Sofiane Boufal /7/ OSC Lille ► Skills Dribbling Assists Goals /4K Ultra HD/ 2014-2015,31683
2015-03-22T09:37:21Z,Charlton - Reading first goal 21.03.2015,61
2014-10-12T20:28:02Z,Maroc locaux - Mauritanie 5-0 les buts,9672
2014-09-04T17:37:05Z,المغرب 0 ــ 1 قطر ـ عبد الله علي,639
2014-09-03T23:45:34Z,Aatif Chahechouhe vs Qatar,326
2014-10-26T12:47:43Z,Málaga vs Rayo Vallecano 2014 All Goals 4-0,3117
2014-09-02T21:51:02Z,Maroc 3 - 3 Egypte,1426
2014-08-09T22:25:36Z,عدنان تيغادويني,462
2015-03-22T21:52:43Z,22/03/2015 Juventus - Genoa 1 - 0,269
2015-03-20T20:30:52Z,Elche vs Valencia 0-1 20/03/2015 GOAL Andre Gomes,741
2014-08-27T10:37:07Z,La verdad del caso Munir (IV),1003
2014-11-29T18:17:20Z,Al Wakrah -Qatar SC (0-7) (Mountakhab.net),694
2014-12-22T08:38:26Z,Valladolid vs Barça B [7-0][21-12-2014] All Goals,1970
2015-02-01T22:11:03Z,HADRAF-MHSC,3193
2014-11-25T13:08:45Z,Alassane Tambe,1490
2015-02-15T17:44:26Z,GENOA-VERONA 5-2 - Radiocronaca di Tarcisio Mazzeo (15/2/2015) da Radiouno RAI,3288
2014-11-25T14:42:04Z,Kouko Guehi milieu de terrain ivoirien de Raja CA,590
2014-11-25T14:42:03Z,Mon diaporama,7
2014-12-30T21:01:59Z,Planeta Fútbol: &quot;El FC Barcelona no podrá fichar hasta enero del 2016&quot;,152
