publish_date,title,view_count
2014-12-18T06:00:23Z,FC Nantes - FC Metz (4-2 a. p.)  (1/8 de finale) - Résumé - (FCN - FCM) / 2014-15,69023
2015-01-25T23:00:07Z,Olympique Lyonnais - FC Metz (2-0) - Highlights - (OL - FCM) / 2014-15,4144
2014-10-19T19:37:15Z,FC Metz - Stade Rennais FC (0-0) - Highlights - (FCM - SRFC) / 2014-15,1248
2014-12-21T23:00:08Z,FC Metz - AS Monaco (0-1) - Highlights - (FCM - MON) / 2014-15,2027
2015-03-01T22:59:59Z,FC Metz - Evian TG FC (1-2) - Highlights - (FCM - ETG) / 2014-15,855
2014-10-19T20:36:40Z,FC Metz - Stade Rennais FC (0-0)  - Résumé - (FCM - SRFC) / 2014-15,12105
2015-02-22T23:00:30Z,Stade de Reims - FC Metz (0-0) - Highlights - (SdR - FCM) / 2014-15,1562
2015-01-11T23:00:03Z,FC Nantes - FC Metz (0-0) - Highlights - (FCN - FCM) / 2014-15,644
2015-01-25T23:00:08Z,Olympique Lyonnais - FC Metz (2-0)  - Résumé - (OL - FCM) / 2014-15,50279
2015-01-18T23:00:07Z,FC Metz - Montpellier Hérault SC (2-3) - Highlights - (FCM - MHSC) / 2014-15,1706
2014-12-21T23:00:02Z,FC Metz - AS Monaco (0-1)  - Résumé - (FCM - MON) / 2014-15,15981
2015-03-01T23:00:00Z,FC Metz - Evian TG FC (1-2)  - Résumé - (FCM - ETG) / 2014-15,12931
2015-01-11T23:00:07Z,FC Nantes - FC Metz (0-0)  - Résumé - (FCN - FCM) / 2014-15,9845
2014-10-30T17:50:18Z,OGC Nice - FC Metz (3-3 a. p. 2 tab à 3)  (1/16 de finale) - Résumé - (OGCN - FCM) / 2014-15,21497
2015-02-22T22:59:59Z,Stade de Reims - FC Metz (0-0)  - Résumé - (SdR - FCM) / 2014-15,6231
2015-01-18T23:00:03Z,FC Metz - Montpellier Hérault SC (2-3)  - Résumé - (FCM - MHSC) / 2014-15,17000
2014-09-25T22:00:04Z,Goal Gaëtan BUSSMANN (24&#39;) / EA Guingamp - FC Metz (0-1) - (EAG - FCM) / 2014-15,360
2014-11-23T23:00:04Z,Goal Gaëtan BUSSMANN (16&#39; csc) / FC Metz - Paris Saint-Germain (2-3) - (FCM - PSG) / 2014-15,253
2014-12-04T23:00:10Z,Goal Kassim ABDALLAH (35&#39; csc) / SC Bastia - Evian TG FC (1-2) - (SCB - ETG) / 2014-15,635
2014-12-14T23:00:07Z,Goal Anthony MOUNIER (63&#39;) / Montpellier Hérault SC - RC Lens (3-3) - (MHSC - RCL) / 2014-15,482
