published-time,comment,likes
2015-04-16T11:40:45Z,On va surtout dire qu ils sont bien joué a la fin,2
2014-12-19T20:25:16Z,Nantes été très courageux car après etre mené 2 0 remonte en quelque minutes,5
2014-12-18T19:07:25Z,Ce but de Bangoura ! o.0 Magnifique !,6
2014-12-18T18:33:20Z,BIEN L'ARBITRAGE BIEN TJRS AUSSI SUPER DE MIEUX EN MIEUX ET J'ESPÈRE NE PA ÊTRE LE SEUL À ÊTRE DÉSESPÉRÉ AU NIVEAU ARBITRAL !!,2
2014-12-18T12:13:47Z,Quel public qui ne s'arrête pas de chanter même quand son équipe est menée 2-0 à 20 minutes du terme de la rencontre ! Respect,20
2014-12-18T07:52:50Z,On va dire que Nantes s'en sort très bien ^^,8
2015-01-26T00:10:39Z,Lacazette is gunna get snapped up soon,1
2015-02-03T14:39:36Z,"Et quand le kop se met a chanter c'est tt le stade qui va s'emflamer aller aller le stade rennais 
Marseille c'est de la merde moisie ",0
2014-10-25T06:19:01Z,Allez les grenats !,0
2014-10-22T19:42:30Z,"Allez messin allez 

Metz en force !!",0
2014-10-21T08:50:32Z,Malouda tout le public messin est avec toi !! Vive le 57,0
2014-10-21T08:46:48Z,Au dommage 0 a 0 mes commême ici c metz wesh .,0
2014-10-20T18:40:27Z,Om,0
2014-10-20T18:40:00Z,Aller Marseille 😊😊😊 paris on t'encule,0
2014-10-19T21:19:56Z,Allez Messin !!,5
2014-10-19T20:51:57Z,First,1
2015-02-16T17:14:54Z,"Bonjour,je viens tu faire une nouvelle vidéo sur ma chaine venez la voir si vous êtes débutants et que vous voudrez bien apprendre a savoir faire une roulette.",0
2015-01-31T10:55:51Z,"Pour moi le penalty n'est même pas flagrant, regardez bien à partir de 00:57. Il a déjà perdu l'équilibre avant même le contact. Pour moi il n'y a pas faute. Et si il décide de siffler faute, il n'y avait pas carton rouge, c'est n'importe quoi, ils sont 3 messins dans la surface et si le gars est le dernier défenseur c'est vraiment ultra-léger, pas besoin de mettre un rouge et de déséquilibrer encore plus la rencontre. 

Bref : pas péno, et pas carton rouge. Une fois de plus, comme après Evian, l'OL a volé son match. Et Lacazette qui se croit fort parce qu'il marque des pénaltys ou des buts de merde contre des équipes de Ligue 1, pars en Angleterre ou en Italie qu'on rigole, tu vas te faire tailler les jambes par des Kompany et des Chiellini tu feras moins le malin. 

PS : Jallet la plus grosse blague de l'OL, à chaque fois qu'il touche un ballon j'éclate de rire, on dirait un U13, qu'il aille s'acheter des cheveux après on en reparle",0
2015-01-28T07:55:31Z,EZ on a gagner,0
2015-01-27T21:16:19Z, #TeamOL  ,1
2015-01-27T16:02:51Z,Je suis messin et la je respecte les lyonnais pour cette belle victoire mais faut arreter avec toutes ces erreurs d arbitrages ! Il n y a jamais penalty sur cette action ! Toutes les semaines les arbitres font des boulettes !,1
2015-01-26T16:49:48Z,Resumé incomplet et de merde --',0
2015-01-26T11:57:01Z,Nous sommes l olympique lyonnais aller l ol ♥,5
2015-01-26T10:48:40Z,"Expulsion plus que sévère, pénalty évitable...",3
2015-01-26T08:46:36Z,"Qu'on soit d'accord, je suis supporter de Lyon mais en aucun cas il devais y avoir penalty, par contre, si l'arbitre juge bon de la sifflée, il est obligé de mettre le rouge (dernier défenseur).
Bref, 4 points d'avance, mais pas de quoi se réjouir, Lacazette blessé (pour 1 semaine ? 2 semaines ?) pour le déplacement à Monaco, il faudra bataillé pour le nul, après réception de Paris, Lacazette sera t'il de retour ??? Les deux prochains matchs seront les deux matchs à gagner de la saison, soit on gagne au moins 4 points sur ses deux matchs et la on pourra parler sérieusement du titre, soit on perd les deux et nous devrons batailler avec acharnement pour le podium.
Ne lâchez rien les Gones, vous êtes des lions, allez jusqu'au bout !!!",8
2015-01-26T06:08:24Z,Rageux qui va gueuler contre l'arbitrage dans 3... 2... 1....,5
2015-01-25T23:31:17Z,"Les matches qui vont suivre sont compliqués sur le papier mais on est confiant et on a largement le potentiel pour battre l'ASM, Sainté, l'OM et le PSG, on y croit, la fin de saison est proche et il faut continuer comme ça pour espérer finir premier à la fin de la saison, on a une équipe de jeunes motivés et on produit le plus beau jeu de ligue 1 ! Allez l'OL ! #AHOU #TeamOL #OlChampion",12
2015-01-25T23:08:54Z,"Je suis supporter du fc metz mais il faut avouer que Lyon mérite plus que toute autre équipe la 1 ère place de la ligue 1 

Félicitations à Lyon pour ses performances actuelles et ALLEZ LE FC METZ !!!!!!",37
2015-01-19T10:06:25Z,League 1 channel in English? Fuck multiculturalism. ,1
2015-01-19T04:42:33Z,"Still can't believe he scored a hat trick. Think it's not since Giroud that Montpelier has seen a hat trick. Good for Barrios, hopefully the Dortmund version of him reappears.",0
2014-12-23T15:45:39Z,Je rage pas mais le goal de Monaco n'est pas très fair-play,0
2015-03-22T15:18:47Z,Dany Nounkeu GAL.ATASARAY.takıpteyız,0
2015-03-02T19:48:12Z,CROIX DE SAVOIEEEEEEEEEEEEEEEEEEEE,0
2015-03-02T16:32:16Z,Pls Jesper Hansen pour le prochain match,0
2015-03-02T14:35:48Z,il y aura des Nancy-Metz et des Metz-Nancy l'année prochaine...,0
2015-03-02T10:19:46Z,Croix de Savoie a jamais ! En route pour le maintient les gars !  ,1
2015-03-02T09:03:19Z,M'Fa ou Oberhausser contre Rennes svp,0
2015-03-02T06:57:13Z,Abonnez vous et je m'abonne je le jure ,0
2015-03-02T00:48:58Z,Carasso fais nous la cagade fais nous la cagade ,0
2015-03-02T00:20:31Z,Salut je fais du FIFA mais j'ai peu d'abonnés.Vous pourriez aller voir pour dire ce que vous en pensez?!,0
2015-01-18T15:57:21Z,Triste match ...,0
2015-01-14T11:47:23Z,"Ji était c'était un match ennuyeux faut se ressaisir les Nantais, allez Nantes.",0
2015-01-13T16:38:17Z,Ici c'est Metz ! ,1
2015-01-12T17:46:13Z,Quand même 11 tirs pour 0 cadré... Il faut se ressaisir Nantes !,0
2015-01-12T09:41:07Z,#FCN <3 ,0
2015-01-12T06:01:35Z,Dommage les metzins j'espère ne pas se faire reléguer,0
2015-07-22T09:01:53Z,"Ici c'est 
Metz
",1
2014-11-19T20:12:41Z,Metz les meilleur,1
2014-11-10T01:40:53Z,On la mérite cette victoire !,1
2014-10-31T21:02:55Z,Nan mais sérieux regarder cette vidéo avec des tab a la fin et en mettre qu'un seul... Abusé,1
2014-10-30T23:13:18Z,Les aiglons profitent surtout d'erreurs d'arbitrage,0
2014-10-30T19:23:54Z,Le but de bosetti c'est un csc !,0
2014-10-30T18:45:08Z,"C'est pas Maiga le 2e but , c Yeni Ngbakoto !!!",4
2014-10-30T18:05:13Z,Fc metz <3,1
2014-10-30T18:01:46Z,FIRST,0
2015-03-06T18:48:42Z,Bonne chance Ferjani et Rouge et Metz,0
2015-02-24T16:20:06Z,"Vive reims et metz en ligue 2, 2 equipes qui n'ont rien a faire en ligue 1",0
2015-02-23T12:00:44Z,"(Encore un) match raté... Je perd espoir pour la L1, je pense que c'est notre dernière année. Pourtant on a une assez belle équipe, mais on n'y arrive plus. Je ne comprend pas, si on ne gagne pas contre Nantes, pire, si on perd contre Nantes, c'est fini. On va rencontrer que des grosses équipes après. Il faut se réveiller et vite. Merci Kossi de nous empêcher la défaite...",4
2015-02-23T08:51:33Z,"Résultat qui traduit très bien e manque de confiance des 2 équipes et pourtant elles ont eu toutes les deux leur période. On peut remercier Kossi d' avoir assuré en seconde car les joueurs étaient totalement relâchés, incapables de aire un match plein pendant 90 minutes. Je ne sais pas quand cette spirale s' arrêtera car ce match était pour moi le match qu' il fallait gagner pur se donner un peu plus d' air, mais comme d' habitude face aux ""petites"" équipes...",0
2015-03-02T12:21:59Z,"Allez Montpellier
",0
2015-02-02T17:56:06Z,Barrios <3,0
2015-01-19T12:01:50Z,"Arbitre de merde, deux buts sur hors jeu !",3
2015-01-19T09:27:00Z,Allez la paillade! Belle victoire!,1
2015-01-19T03:41:00Z,Paraguayan beast!,1
