published-time,comment,likes
2014-11-29T12:21:30Z,Bien monté !,0
2014-11-29T01:04:53Z,Tres bien monté,1
2014-12-02T15:57:57Z,C'est quoi ce terrain niveau DH,0
2014-12-02T00:49:30Z,J'ai fais un arrêt sur image sur l'égalisation à 1-1 des havrais et Sao a un demi-mètre d'avance sur le dernier défenseur (harek) et sur le but refusé de Maoulida il est sur la même ligne enfin la caméra est mal placée mais bon...bref on aurait pu le gagner ce match mais c'est un bon point au final,0
2014-11-30T02:20:50Z,Le meme resultat que nimes-lens la saison derniere !!!,2
2014-11-30T12:29:52Z,"Erick Mombaerts, le roi des excuses, la mauvaise foi incarnée. Toujours à minimiser l'adversaire  (qui à l'écouter marquent toujours sur leurs seules occasions), toujours à se plaindre du terrain (qui est pareil pour les 2 équipes), bref toujours à chercher des excuses au lieu de pointer du doigt les faiblesses de sa propre équipe.",0
2014-11-29T22:07:58Z,Allez nimes !!!!,0
2015-01-11T23:33:04Z,"Bien joué mino bienvenue dans cour des grands !
Que du bon pour le futur ;)",7
