published-time,comment,likes
2014-09-30T10:09:41Z,#Ligue2 - Revivez les meilleurs moments de Clermont Foot - ESTAC Troyes (1-0) en vidéo.,2
2014-09-21T06:56:22Z,Saadi tres tres bon,0
2015-01-14T05:55:45Z,Allez le hac,0
2014-08-26T10:17:15Z, #Ligue2   Revivez les plus beaux buts de la 4ème journée de Ligue 2 en vidéo !,1
2014-08-24T21:45:53Z,Le 4ème but du GFC Ajaccio n'est même pas présent alors que c'est le plus beau de la journée ..,0
2014-08-24T07:26:00Z,"Après deux défaites, le HAC a fait le show à VA !",1
2015-07-18T22:06:00Z,Allez le hac ,0
2014-08-08T05:45:33Z,"franchement c'est mieux de voir les ,résumé sans le comentateur bidon la",0
2014-08-06T07:56:32Z,Super premier match Corinne malgré cette défaite,0
2014-08-05T11:39:37Z,"Pour vous, quel ont était les 3 meilleurs joueurs et les 2 meilleurs gardien lors de cette 1er journée de Ligue 2 ?",0
2014-08-05T11:16:49Z,Brest retrouve un public en forme et un équipe qui a envis je pense que cette année ils vont jouer la monter.Clermont fait du très beau football Corinne Diacre mérite de réussir contrairement a ce que dise les sexistes.,3
2014-08-05T11:06:05Z,y sont trop synchro a 1:17,0
2014-08-05T11:00:16Z,"Quel arret de Thebaux a 2:16, si vous faites un top arret pour cette journée n'oublier pas celui la.",0
2014-08-05T10:19:30Z,#Ligue2 - Revivez les meilleurs moments de Stade Brestois 29 - Clermont Foot (2-1) en vidéo grâce à notre chaîne officielle YouTube !,7
2014-08-14T15:49:19Z,c'est quoi ce commentateur de nul,1
2014-08-13T09:48:19Z,AuXerre lol monsieur le commentateur n est pas de Bourgogne dirait t on,1
2014-08-10T21:45:53Z,"Je trouve qu'il a plus de motivation aussi là ^^.
On a un sacré gardien de but à Clermont ...",0
2014-08-10T18:02:59Z,Changement de la voie,0
2014-08-09T22:45:14Z,#courageFred,3
2014-08-24T12:10:52Z,"C'est moi ou la bande son et l'image sont inversés sur les buts de Mayi ??
Pas mal du tout l'extérieur du pied sur le but de la victoire ! En tt cas, avec Clermont, y a du spectacle pour le moment !",0
2014-08-23T22:13:35Z,"On mène encore au score (2 fois) et on est pas foutu de tenir la victoire ! Avec une fois de plus un gardien en pleine forme (ironie) faudrait que les gars pensent à jouer comme les équipes de L1 c'est à dire 11 en def quand ils mènent au score
",0
2014-09-25T09:40:25Z,qui c'est les meilleurs ? VA,0
2014-12-21T23:36:19Z,Can't watch in the US :((,0
2014-10-19T08:37:33Z,"Oh pitain, je me suis vu en ramasseur de balle <3<3",0
2014-10-18T18:41:34Z,First,0
2014-08-30T22:23:14Z,First,0
2014-09-14T07:15:40Z,"vener voire ma chaine ca parle de foot
(super bycyclette)",1
2014-10-03T16:31:26Z,"En clair, le mec dit que son équipe... c'est de la grosse merde. GG Champion !",0
2014-10-05T21:15:25Z,On ne peut pas suivre la l2 en Pologne ? ,0
