publish_date,title,view_count
2015-04-17T05:26:12Z,Western Sydney Wanderers vs Melbourne City: Hyundai A-league 2014/15 (Round 24),185
2014-09-30T10:00:03Z,Clermont Foot - ESTAC Troyes (1-0)  - Résumé - (CF63 - ESTAC) / 2014-15,3414
2014-09-20T22:00:01Z,US Créteil-Lusitanos - Clermont Foot (2-2)  - Résumé - (USCL - CF63) / 2014-15,2568
2014-08-24T07:00:45Z,Top buts 4ème journée - Ligue 2 / 2014-15,4448
2014-08-05T10:00:04Z,Stade Brestois 29 - Clermont Foot (2-1)  - Résumé - (SB29 - CF63) / 2014-15,11950
2014-08-09T22:00:01Z,Clermont Foot - AJ Auxerre (1-1)  - Résumé - (CF63 - AJA) / 2014-15,6036
2014-08-23T22:00:01Z,Clermont Foot - GFC Ajaccio (3-4)  - Résumé - (CF63 - GFCA) / 2014-15,10927
2014-09-24T19:26:25Z,Valenciennes FC - Clermont Foot (2-1)  - Résumé - (VAFC - CF63) / 2014-15,5962
2014-10-18T18:23:08Z,Clermont Foot - AC Ajaccio (1-1)  - Résumé - (CF63 - ACAJ) / 2014-15,1923
2015-03-08T18:07:10Z,Nice 1-1 Sète (CFA) : les buts,2681
2014-08-30T22:00:03Z,Chamois Niortais - Clermont Foot (0-0)  - Résumé - (NIORT - CF63) / 2014-15,1897
2014-09-13T22:00:02Z,Clermont Foot - Havre AC (1-0)  - Résumé - (CF63 - HAC) / 2014-15,4599
2014-09-29T21:42:33Z,Conférence de presse Clermont Foot - ESTAC Troyes (1-0) - 2014/2015,222
2014-10-04T19:06:11Z,Dijon FCO - Clermont Foot (1-0)  - Résumé - (DFCO - CF63) / 2014-15,3016
2014-08-23T18:50:05Z,Conférence de presse Clermont Foot - GFC Ajaccio (3-4) - 2014/2015,855
2015-04-17T05:06:01Z,Melbourne City FC vs Brisbane Roar: Hyundai A-league 2014/15 (Round 23),129
2015-04-22T00:06:48Z,CFA - Villefranche 1-1 Lyon (12 avril 2015),167
2015-01-12T15:12:01Z,15e J. CFA I Grenoble Foot 38 - Lyon Duchère AS (2-0),4619
2015-04-07T09:04:55Z,"OL - Monaco partie 2, fin de la première mi-temps (CFA du 4 avril 2015)",583
2015-04-11T13:28:36Z,Hyundai A-League 2014/15 | Central Coast Mariners 1 V 0 Western Sydney Wanderers | Highlights,52
2015-04-28T17:16:25Z,La DNCG enquête sur le HAC Football,316
