publish_date,title,view_count
2014-10-23T06:30:56Z,Ed è goal!!! Conosciamoli meglio: Alessandro Crescenzi,1298
2014-08-12T16:20:15Z,Conferenza stampa Perugia Calcio Crescenzi e Rabusic,421
2015-07-30T12:25:32Z,Pescara - Preso il centrocampista Verre,692
2015-03-07T13:30:00Z,PERUGIA - VIRTUS LANCIANO   0-0,33
2014-11-16T17:59:34Z,Varese - PERUGIA  1-1,88
2015-03-05T22:19:41Z,"interviste dopo partita sala stampa stadio matusa, incontro di calcio Frosinone-perugia",28
2014-10-23T06:31:17Z,Ed è goal!!! Conosciamoli meglio: Lorenzo Del Prete,1903
2014-10-13T08:04:14Z,Perugia-Frosinone 0-1,3600
2014-12-04T09:28:09Z,comentale,583
2014-09-19T22:04:40Z,Alessandro Romano e il ritorno al &quot;calcio giocato&quot;,246
2014-10-06T08:00:09Z,Spezia-Perugia 2-0,277
2014-12-28T21:27:19Z,A Tutto Grifo. Perugia Cittadella. Foto e commenti,579
2014-12-06T22:46:44Z,Perugia Latina Commento di Marco Bertolini,137
2015-03-02T13:18:00Z,Conferenza stampa Camplone pre Frosinone 02/03/2015,395
2015-05-17T17:12:59Z,Gol Siena Rimini 1 0,560
2015-04-03T08:09:32Z,02/04/2015 POST PARTITA VIRTUS ENTELLA VS PERUGIA CON MARCO DAVIDE FARAONI,243
2014-10-23T06:30:23Z,Ed è goal!!! Conosciamoli meglio: Valerio Verre,2876
2015-05-15T21:32:43Z,DSC 0015/05/2015 MIXED ZONE POST PERUGIA CARPI CON GIUSEPPE RIZZO,134
2014-09-07T22:51:37Z,Turris 1944 - Pro Pagani: Esordio in Coppa Italia dilettanti.,1799
2014-10-31T09:56:29Z,Intervista con Ciro Immobile (25/04/2012),103
2015-01-13T09:37:44Z,E&#39; tornato l&#39;Arezzo solido e pragmatico,279
2014-09-08T07:40:47Z,Bari - Perugia 0-2,1047
2015-01-11T17:44:18Z,INTERVISTE BARANO DON GUANELLA 10 gennaio 2015,80
2015-06-03T10:01:51Z,TRC II° Ed. ESTIVO - Ca8 - AMATORI GIR. A- 3° Giornata - OLIVETO SABINO - MONTESACRO 5 STELLE 3-2,91
2015-05-15T22:58:27Z,15/05/2015 CONFERENZA POST PERUGIA CARPI DI MISTER ANDREA CAMPLONE,287
2014-09-29T09:26:58Z,BARANO ALFATERNA INTERVISTE,285
