publish_date,title,view_count
2014-08-09T22:00:02Z,Valenciennes FC - Nîmes Olympique (2-2)  - Résumé - (VAFC - NIMES) / 2014-15,12511
2015-02-07T23:00:00Z,AC Arles Avignon - Nîmes Olympique (0-1)  - Résumé - (ACA - NIMES) / 2014-15,3587
2014-08-02T22:00:02Z,Nîmes Olympique - Angers SCO (3-2)  - Résumé - (NIMES - SCO) / 2014-15,19048
2015-01-10T23:00:08Z,AC Ajaccio - Nîmes Olympique (0-1)  - Résumé - (ACAJ - NIMES) / 2014-15,3331
2015-02-24T11:00:30Z,Nîmes Olympique - FC Sochaux-Montbéliard (2-1)  - Résumé - (NIMES - FCSM) / 2014-15,6230
2015-01-17T23:00:06Z,Nîmes Olympique - Valenciennes FC (2-0)  - Résumé - (NIMES - VAFC) / 2014-15,5045
2014-08-30T22:00:01Z,Nîmes Olympique - AC Arles Avignon (2-2)  - Résumé - (NIMES - ACA) / 2014-15,9629
2015-05-09T22:00:00Z,US Orléans - Nîmes Olympique (1-1)  - Résumé - (USO - NIMES) / 2014-15,2497
2015-02-17T11:00:01Z,Stade Brestois 29 - Nîmes Olympique (3-1)  - Résumé - (SB29 - NIMES) / 2014-15,6724
2014-11-08T23:00:02Z,Nîmes Olympique - Chamois Niortais (3-2)  - Résumé - (NIMES - NIORT) / 2014-15,5040
2015-05-02T22:00:00Z,Nîmes Olympique - ESTAC Troyes (1-2)  - Résumé - (NIMES - ESTAC) / 2014-15,7021
2015-05-23T22:00:00Z,Angers SCO - Nîmes Olympique (3-0)  - Résumé - (SCO - NIMES) / 2014-15,40499
2015-05-16T21:59:59Z,Nîmes Olympique - AC Ajaccio (1-1)  - Résumé - (NIMES - ACAJ) / 2014-15,2685
2014-09-20T22:00:02Z,FC Sochaux-Montbéliard - Nîmes Olympique (2-0)  - Résumé - (FCSM - NIMES) / 2014-15,9567
2014-09-24T22:00:04Z,Nîmes Olympique - Châteauroux (1-0)  - Résumé - (NIMES - LBC) / 2014-15,3537
2015-01-31T23:00:00Z,Nîmes Olympique - AS Nancy-Lorraine (1-1)  - Résumé - (NIMES - ASNL) / 2014-15,2699
2014-08-16T22:00:02Z,Nîmes Olympique - Dijon FCO (2-2)  - Résumé - (NIMES - DFCO) / 2014-15,6450
2015-04-04T22:00:00Z,AJ Auxerre - Nîmes Olympique (3-1)  - Résumé - (AJA - NIMES) / 2014-15,8391
2015-01-24T23:00:04Z,Dijon FCO - Nîmes Olympique (4-5)  - Résumé - (DFCO - NIMES) / 2014-15,17451
2014-12-20T23:00:02Z,Nîmes Olympique - US Orléans (0-1)  - Résumé - (NIMES - USO) / 2014-15,2477
2014-08-23T22:00:02Z,AS Nancy-Lorraine - Nîmes Olympique (0-0)  - Résumé - (ASNL - NIMES) / 2014-15,3946
