publish_date,title,view_count
2015-04-05T22:00:00Z,Goal Nicolas DE PREVILLE (52&#39;) / LOSC Lille - Stade de Reims (3-1) - (LOSC - SdR) / 2014-15,135
2014-12-21T23:00:08Z,Goal Nicolas DE PREVILLE (90&#39;) / Stade Rennais FC - Stade de Reims (1-3) - (SRFC - SdR) / 2014-15,109
2015-02-15T22:59:59Z,Goal Nicolas DE PREVILLE (6&#39;) / Olympique de Marseille - Stade de Reims (2-2) - (OM - SdR) / 2014-15,160
2015-04-05T22:00:00Z,LOSC Lille - Stade de Reims (3-1) - Highlights - (LOSC - SdR) / 2014-15,2397
2015-02-15T23:00:00Z,Olympique de Marseille - Stade de Reims (2-2) - Highlights - (OM - SdR) / 2014-15,4984
2015-02-16T01:14:35Z,Paris Saint-Germain - SM Caen in slow motion - Week 25 / 2014-15,4067
2015-04-05T21:59:59Z,But Nicolas DE PREVILLE (52&#39;) / LOSC Lille - Stade de Reims (3-1) -  (LOSC - SdR) / 2014-15,2431
2014-12-21T23:00:03Z,But Nicolas DE PREVILLE (90&#39;) / Stade Rennais FC - Stade de Reims (1-3) -  (SRFC - SdR) / 2014-15,758
2015-02-15T22:59:59Z,But Nicolas DE PREVILLE (6&#39;) / Olympique de Marseille - Stade de Reims (2-2) -  (OM - SdR) / 2014-15,1276
2014-12-21T23:00:10Z,Goal Edson MEXER (45&#39;) / Stade Rennais FC - Stade de Reims (1-3) - (SRFC - SdR) / 2014-15,292
2014-10-05T21:01:18Z,Stade de Reims - Girondins de Bordeaux (1-0) - Highlights - (SdR - GdB) / 2014-15,1536
2015-02-16T01:14:21Z,Paris Saint-Germain - SM Caen à la loupe - 25ème journée de Ligue 1 / 2014-15,16549
2014-12-21T23:00:06Z,Stade Rennais FC - Stade de Reims (1-3) - Highlights - (SRFC - SdR) / 2014-15,845
2014-12-21T23:00:05Z,Goal Odair FORTES (76&#39;) / Stade Rennais FC - Stade de Reims (1-3) - (SRFC - SdR) / 2014-15,337
2015-02-16T00:46:46Z,Bloopers : Week 25 / 2014-15,1535
2014-12-21T23:00:04Z,But Edson MEXER (45&#39;) / Stade Rennais FC - Stade de Reims (1-3) -  (SRFC - SdR) / 2014-15,2417
2015-02-08T22:59:59Z,Stade de Reims - FC Lorient (1-3) - Highlights - (SdR - FCL) / 2014-15,760
2015-04-05T21:59:59Z,LOSC Lille - Stade de Reims (3-1)  - Résumé - (LOSC - SdR) / 2014-15,52145
2014-12-21T23:00:08Z,Goal Gaëtan CHARBONNIER (66&#39;) / Stade Rennais FC - Stade de Reims (1-3) - (SRFC - SdR) / 2014-15,82
2014-12-21T23:00:06Z,But Odair FORTES (76&#39;) / Stade Rennais FC - Stade de Reims (1-3) -  (SRFC - SdR) / 2014-15,10697
2015-02-15T23:00:00Z,Goal André AYEW (69&#39;) / Olympique de Marseille - Stade de Reims (2-2) - (OM - SdR) / 2014-15,1078
2015-04-05T22:00:00Z,But Divock ORIGI (48&#39;) / LOSC Lille - Stade de Reims (3-1) -  (LOSC - SdR) / 2014-15,1261
2014-11-09T23:00:07Z,Stade de Reims - LOSC Lille (2-0) - Highlights - (SdR - LOSC) / 2014-15,5033
2015-04-05T22:00:00Z,Goal Sébastien CORCHIA (18&#39;) / LOSC Lille - Stade de Reims (3-1) - (LOSC - SdR) / 2014-15,772
2014-12-21T23:00:08Z,But Gaëtan CHARBONNIER (66&#39;) / Stade Rennais FC - Stade de Reims (1-3) -  (SRFC - SdR) / 2014-15,1799
2014-12-22T01:41:09Z,Bloopers : Week 19 / 2014-15,1091
2015-02-15T22:59:59Z,But André AYEW (69&#39;) / Olympique de Marseille - Stade de Reims (2-2) -  (OM - SdR) / 2014-15,5781
2015-04-05T22:00:00Z,Goal Divock ORIGI (48&#39;) / LOSC Lille - Stade de Reims (3-1) - (LOSC - SdR) / 2014-15,1045
2015-01-25T23:00:02Z,Stade de Reims - RC Lens (0-0) - Highlights - (SdR - RCL) / 2014-15,1015
2015-04-05T21:59:59Z,But Sébastien CORCHIA (18&#39;) / LOSC Lille - Stade de Reims (3-1) -  (LOSC - SdR) / 2014-15,16848
2015-02-15T22:59:59Z,Olympique de Marseille - Stade de Reims (2-2)  - Résumé - (OM - SdR) / 2014-15,41370
2015-02-15T23:00:00Z,Goal David NGOG (90&#39;) / Olympique de Marseille - Stade de Reims (2-2) - (OM - SdR) / 2014-15,233
2014-08-31T22:00:03Z,RC Lens - Stade de Reims (4-2) - Highlights - (RCL - SdR) / 2014-15,2811
2015-02-01T23:00:00Z,Toulouse FC - Stade de Reims (1-0) - Highlights - (TFC - SdR) / 2014-15,919
2015-01-11T23:00:08Z,Stade de Reims - AS Saint-Etienne (1-2) - Highlights - (SdR - ASSE) / 2014-15,1472
2015-02-16T00:40:48Z,Highlights : Week 25 / 2014-2015,2529
2015-02-08T23:00:00Z,Stade de Reims - FC Lorient (1-3)  - Résumé - (SdR - FCL) / 2014-15,14712
2015-02-15T23:00:00Z,But David NGOG (90&#39;) / Olympique de Marseille - Stade de Reims (2-2) -  (OM - SdR) / 2014-15,2923
2015-04-05T21:59:59Z,But MARIANO (80&#39;) / Girondins de Bordeaux - RC Lens (2-1) -  (GdB - RCL) / 2014-15,2512
2014-12-21T23:00:05Z,Stade Rennais FC - Stade de Reims (1-3)  - Résumé - (SRFC - SdR) / 2014-15,16514
2015-04-12T22:00:00Z,Stade de Reims - OGC Nice (0-1) - Highlights - (SdR - OGCN) / 2014-15,1266
2014-12-22T01:38:43Z,Les 17 buts d&#39;Alexandre Lacazette meilleur buteur de Ligue 1 à la trêve J19 Ligue 1 / 2014-15,135568
2014-11-23T23:00:05Z,OGC Nice - Stade de Reims (0-0) - Highlights - (OGCN - SdR) / 2014-15,648
2015-02-15T23:06:49Z,Tous les buts de la 25ème journée - Ligue 1 / 2014-15,5977
2015-02-22T23:00:00Z,But Thiago SILVA (74&#39;) / Paris Saint-Germain - Toulouse FC (3-1) -  (PSG - TFC) / 2014-15,5041
2015-04-12T22:54:16Z,Goal Cédric YAMBERE 61&#39; / Girondins de Bordeaux - Olympique de Marseille 1-0 - GdB - OM / 2014-15,2583
2015-01-18T23:00:05Z,SM Caen - Stade de Reims (4-1) - Highlights - (SMC - SdR) / 2014-15,1186
2014-12-22T01:41:30Z,The 17 goals of Alexandre Lacazette the top striker in Ligue 1 at the winter break Week 19 / 2014-15,39279
2014-11-30T23:00:07Z,But David NGOG (10&#39;) / Stade de Reims - SC Bastia (2-1) -  (SdR - SCB) / 2014-15,1931
2015-04-26T22:32:51Z,But Alexi PEUGET (13&#39;) / Stade de Reims - Olympique Lyonnais (2-4) -  (SdR - OL) / 2014-15,1868
