published-time,comment,likes
2015-02-16T22:19:17Z,Thir.. 'Gets shot',0
2015-02-16T05:07:04Z,"Second
",0
2015-02-18T16:35:14Z,paris paris on t encule,0
2015-02-18T14:21:13Z,#Ligue1 - J25 - Revivez Paris Saint-Germain - SM Caen à la loupe grâce à notre chaîne officielle YouTube !,15
2015-02-17T22:58:21Z,"ludo, ntr",0
2015-02-17T09:25:48Z,Pour ceux qui la connaissent ?,0
2015-02-17T09:25:05Z,La musique elle tue,0
2015-02-17T09:23:18Z,"Le PSG a vraiment un public de merde.
Cordialement, un nantais qui enmerdera tout les petits rageux qui commenteront :)",0
2015-02-16T19:56:17Z,"Je suis pas fan de Paris mais pour une fois ils méritaient vraiment mieux... Allez Malherbe et bravo Bazile un but vraiment magnifique
(Au passage ceux qui disent y'a main d'Appiah, je suis désolé mais là la main est vraiment collé au corps et Veratti en a aussi fait une qui aurait du donner un penalty...)",0
2015-02-16T13:34:46Z,Lucas a mal à la 1:45 ?,0
2015-02-16T12:41:20Z,Aller Malherbe,0
2015-02-16T12:05:45Z,La musique qui acompagne vraiment ...,0
2015-02-16T12:01:32Z,Oklm le marseillais qui fait une main sans aucune intervention de l'arbitre?,0
2015-02-16T11:24:00Z,Score finale de se match ?,0
2015-02-16T10:21:17Z,Paris est tout pourri,2
2015-02-16T09:41:08Z,"on rigole de l'om, on se croit superieur a tous le monde et aprés on se prend une humiliation
Merci de nous faire rire le PTDRSG.",0
2015-02-16T08:36:36Z,A ouais david luiz t'aurai du rester a chelsea avec ce public tout endormie mdr,1
2015-02-16T07:36:54Z,Hold up a la caennaise ,0
2015-02-16T06:23:10Z,"La tête de Seube quand Zlatan se désape! ^^ Rien que pour ce geste déplacé, le but de l'égalisation était bon !",0
2015-02-16T06:09:05Z,Paris Paris on t encule,5
2015-02-16T01:36:22Z,On voit rien,0
2015-02-16T02:34:05Z,Oh là là. 2:36 <3,1
2015-04-11T09:46:04Z,Beau but de Corchia,2
2015-04-09T19:41:30Z,Beau but de Roux en tête plongeante,1
2015-04-07T08:18:01Z,Reims va descendre!,1
2015-04-06T09:37:37Z,aller le losc,2
2015-04-06T07:17:00Z,"Et une défaite de plus... Pourtant la 2nde période n' était pas mal, mais la défense est toujours aussi catastrophique. Le Mouk a manqué le but de l' égalisation, je ne sais comment, alors qu' il les mettait facilement en début de saison :/ 

On profite encore une fois du faux pas du Téfécé et de Lorient, mais c' est la seule bonne nouvelle de cette 31ème journée...",4
2015-04-05T22:34:12Z,T nul origi,5
2015-04-05T22:01:29Z,Lille OSC notre fiertée,7
2015-03-18T12:00:19Z,Гол красавец!,1
2014-12-25T21:54:04Z,.juste parfait,1
2014-12-22T21:56:20Z,the last two were awesome,1
2015-03-01T17:27:48Z,Velodromme retrouve son numéro 10 ,0
2015-02-17T12:13:16Z,La fun de frappe de Gigniac etait bien joue nn j deconne !,0
2015-02-16T14:09:08Z,On Retrouve Notre Guerrier !! Ayew Ayew Ayew !!,4
2015-02-15T23:16:23Z,"Super match de Ayew, la can lui a fait du bien !",3
2015-06-30T02:28:49Z,N'empêche le chef d'œuvre que ça aurait été si la frappe d'Oniangué avait finie au fond...,0
2015-02-20T06:21:12Z,Il est partout Ayew. LOL,0
2015-02-16T19:59:00Z,"Égalisation méritée au vue de la physionomie du match, mais Charbo qu'est ce qu il rate quand même, j'aime bien ce joueur mais c est vraiment pas un tueur...
Allez Reims !!",2
2015-02-16T16:23:42Z,allez om,0
2015-02-16T14:38:17Z,Il a fais qquoi gigi sur le but d'ayew ! xD ,0
2015-02-16T14:32:10Z,Ayew a vraiment l'amour du maillot !! Forza OM Forza Ayew !!,2
2015-02-16T14:02:23Z,"On aurait gagné ce match on serait 1 er putain dommage, Bravo a Reims qui a réalisé un bon match, Allez L'OM.",4
2015-02-16T11:43:07Z,"Je m'attendais trop à l'égalisation de Reims, durant ces dernières années, Reims en ligue 1 a toujours eu du répondant face aux équipes favorites, ils tentent souvent des centres et tirs parfois improbable qui trouve le chemin des filets.
Bravo à Reims, dommage pour l'OM, mais ça leur servira de déclic peut-être, déjà mené 2-1 après avoir encaissé un but c'est bien car ils ont répondus.
En plus Ayew malgré sa triste défaite à la CAN, il est toujours fort mentalement et tente des choses.
Next à la 26ème journée, les gros matches en favoris arrivent.",1
2015-02-16T09:09:57Z,"Bravo à Reims, même si l'OM avait fait le boulot en menant 2-1, mais le but de Ngog en a décidé autrement

Reims méritait de faire match nul bravo à eux",1
2015-02-16T08:06:28Z,Bielsa aurait désigné Aloé homme du match avec la note de 7,0
2015-02-16T08:01:56Z,"Ayew a faillit marquer un but à la Fortes haha ^^
Sinon très beau nul, mérité selon moi, compte tenu des occasions qu'on s'est procurées, on aurait pu plusieurs fois aggraver le score.
3 buts bizarres et un beau but de Ngog, c'est bien pour lui, il faut qu'il se réveille
Il faut gagner absolument contre Metz pour être presque sauvé, dans le cas inverse il faudrait se battre jusqu'à la fin...",3
2015-02-15T23:21:48Z,L'OM méritait de gagner mais bravo a Reims qui a pas lâché le morceau jusqu'à la fin...,5
2015-02-15T23:12:12Z,First ,0
2015-01-12T12:55:04Z,"#JeSuisCharlie

Much love and power to our french neighbours <3

RIP to all victims.... :'(",1
2015-01-12T07:50:19Z,St Etienne looking good for finishing in champions league spot 👌 and 3pt's behind the leaders 👏,0
2015-02-16T15:32:09Z,PSG WTF!!,0
2015-02-10T16:54:50Z,"Lorient mérite cette victoire !! 3 très beau buts, vraiment du mieux dans le jeu. Il faut continuer comme ça... Allez Lorient !",0
2015-02-09T18:31:11Z,Guerreiro + Jeannot = perfect :D,1
2015-02-09T13:19:19Z,Allez LORIENT super victoire avec 3 superbe but il faut absolument continuer comme sa c'est SUPER !!!!!!,0
2015-02-09T11:52:58Z,"Si même Placide commence à avoir du mal, on est dans la merde.. Où est passé le stade de Reims? ",0
2015-02-09T11:31:46Z,"1:10 petite correction pour le commentateur ! Le Lorientais (et non le Rémois comme il est dit) était hors-jeu, donc ce n'est pas de la réussite mais bien une erreur de montage/commentaire.
Bref, c'est à ce moment ou le public se retourne contre ses joueurs, l'équipe relance ceux qu'on ne voyait pas se relancer (Guingamp, Caen, Lens, Toulouse et Lorient) qu'on peut se dire qu'on file droit vers la L2
Je n'ai plus confiance en l'équipe depuis quelques matchs, alors que j'étais confiant dans notre bonne série de victoires à domicile / nuls à l'extérieur ( de Reims-Bordeaux à Nice-Reims ).
On avait fait un début de saison similaire, mais moins long. On est la pire équipe de L1 en 2015 et ça se ressent, malgré que j'ai trouvé la première mi-temps bonne ! Sur une patinoire c'était très dur, et il faut dire quand même que Lorient a plus l'habitude de jouer sur un terrain où les appuis sont difficiles...
Silence, on coule...",2
2015-02-09T09:46:38Z,"Notre manque d' efficacité nous aura coûté très cher ! Curieusement, notre seul but a été très chanceux puisque le FCL aurait dû avoir un pénalty au début de l' action pour une faute de Placide. Lorient nous aura puni en seconde période en nous montrant une leçon de réalisme avec 3 buts en 3 tirs cadrés.

Bref, prochain match face à Marseille, vendredi. Franchement, on n' a rien à perdre, Marseille a beau être toujours  dans la course au titre, leur jeu n' est plus aussi flamboyant que le début de saison. Il faudra se sortir les tripes, si l' on ne veut pas flirter avec la zone rouge... ",1
2015-02-16T00:27:26Z,Merci la chance ,0
2014-12-24T15:35:23Z,toujours aussi peu d'ambiance à Rennes...,1
2014-12-22T12:52:39Z,"en tant que nantais je suis heureux de voir rennes perdre , mais j'aimerais que qu'ils soient un peu plus remuant jusqu'à la fin de la saison pour qu'on puisse avoir un beau derby avec du beau jeu .",0
2014-12-22T12:08:00Z,"Je pensais à tout sauf à être à cette place à mi-saison quand on était à la 5e journée... Ou même après les claques reçues face à l'OM (0-5) et Metz (3-0) mais on peut dire que c'est une demi-saison réussie pour nous, quel but de Fortes... Ca m'impressionne quand on voit que c'était celui qui loupait le plus de trucs la saison dernière, contre sochaux par exemple quand il était à 5 mètres du but et qu'il tirait sur le défenseur... Bref, ça fait 2-3 belles frappes cette saison, 2 sur la barres dont une contre Bordeaux (je crois) et contre Montpellier.
Si on continue à jouer comme ça on pourra finir dans le milieu de tableau et être maintenu officiellement à 5-6 journées de la fin !",3
2014-12-22T10:24:47Z,malgre la defaite je suis fier du debut de saison du stade rennais . Rennais un jour Rennais toujour. <3,2
2014-12-21T23:22:31Z,Quel but de fortes !,4
2014-12-21T23:13:50Z,Fc Nantes,1
2015-04-12T22:32:46Z,Primer comentario yeeyeyyjajaja,0
2015-02-21T16:35:10Z,J'adore quand il marque même ses coéquipiers de lyon sont sous le choc ils comprennent pas ce qu'il vient de se passer,0
2015-02-17T20:46:58Z,on sera premier lyon challah,0
2015-02-17T20:45:00Z,t est trop fort lcazette mintennt t en ai  21 but vive l ol et les bad gone,0
2015-02-14T17:13:39Z,slt ligue 1 officiel j adore le joueur Alexandre Lacazette c est trop bien que vous ayez fait une video sur lui,0
2015-01-29T12:51:21Z,Tu c on est comment les lyonnais ,0
2015-01-15T13:31:49Z,"20 match = 19 buts  et 5 passes decisives ? ya de quoi faire palir beaucoup beaucoup de clubs mdrrrrr , vous remarquerez que tous ces buts sont frapper enprecision et en force ?",0
2015-01-11T17:38:28Z,come chelsea young man,0
2015-01-11T13:56:53Z,#TeamOL <3,0
2015-01-08T18:23:47Z,LACAGOD IS A LEGEND (brasil),0
2015-01-07T20:54:59Z,"Peut-être un futur ballons d'or
...",0
2015-01-05T13:28:07Z,Quesqu'il est fort ce con .. J'aimerais trop le voir au Milan AC ♥ ,0
2015-01-05T11:09:00Z,подпишитесь у меня пожалуйста)))))))))),0
2015-01-04T14:46:40Z,OL,0
2015-01-04T06:57:30Z,"Je ne suis pas pour lyon mes FRANCHEMENT ce lacazette ou plutôt lagachette, se plasser en troisième position des meilleurs buteurs européen pour un si jeune joueur c'est formidable. Après vous le savez tous que si ibra n'aurai pas été blessé il aurais terminé meilleur buteur a 90%",0
2015-01-02T23:57:04Z,Excellent joueur ! Je lui souhaite le meilleur pour sa carrière en Europe et chez les bleus. Allez Paris quand même :D,0
2015-01-01T21:22:36Z,"Il me fait un peu penser à Thierry Henry, pas vous ?",1
2015-01-01T12:40:06Z,lyon a toutes ses chances pour finir premier,2
2014-12-31T18:38:39Z,"J'ai eu Aulas au téléphone, il m'a dit qu'il prévoit de recruter Sturridge aux côtés de Lacazette, et que le dossier Giovinco est annulé. Voilà, au revoir à tous.",0
2014-12-31T12:07:05Z,17 buts!!!!! Un MONSTRE TOUT SIMPLEMENT!!! En plus on lui a refusé un but car soit disant c'est le gardien!!! Même sans le gardien elle rentrait donc faut arrêter!!,2
2014-12-31T02:42:28Z,"Alexandre Lacazette la Renaissance ???
Signé 007",0
2014-12-30T00:22:44Z,Ouais et il est pas dans tonnnn club.. Il est chezzzz noussss!!! OL <3,0
2014-12-29T21:33:19Z,Juste énorme ce joueur.,0
2014-12-29T05:05:45Z,Fier d'être Lyonnais! J'espère qu'il restera encore mais bon vu son niveau j'y crois moyen...,0
2014-12-28T00:08:26Z,pour zlatan je parle de sa première saison au psg,1
2014-12-28T00:07:59Z,c'est pas des buts de raccros comparé aux buts de falcao la saison dernière ou à une 15aine de buts des 27 de zlatan,1
2014-12-27T13:52:57Z,"Les mecs qui sucent Lacazette alors que TOUT le mérite revient aux passeurs décisifs qui font tout le travail. Mais bon c'est pas nouveau, les footix adulent les buteurs, les vrais passionnées encensent le travail de toute l'équipe  ",1
2014-12-27T13:12:36Z,"Il est très fort, a un beau jeu etc, mais mentalement il est nul, tout sa parce qu'il est lyonnais...",0
2014-12-27T12:10:15Z,Meilleur attaquant de la L1 cette saison y'a pas meilleur que lui,1
2014-12-26T20:33:30Z,"c'est bien mignon de briller avec Lyon mais avec l'EDF Lacazette c'est un échec total !!
donc marquer des buts contre Evian , Lorient , l'EAG ... mais contres des gros , c'est mieux  ",0
2014-12-26T20:03:12Z,Il est juste monstrueux !!! #Allerl'OM,3
2014-12-26T20:03:08Z,Il est juste monstrueux !!! Je suis supporter Marseillais .  #AllerOM   ,3
2014-12-25T00:02:39Z,"Je vois claire dans le jeu d'Alexandre Lacazette , il compte devenir meilleur buteur de ligue 1 pour etre pris seulement en equipe de france , tout cas parce ce que gignac etait devant lui . Meme si Lacazette sera le meilleur buteur il n'a aucun palmares dans sa carrieres alors que gignac si . Pff , il ne merite pas l'EDF tout cas pour etre seulement meilleur buteur de ligue 1",0
2014-12-24T20:16:12Z,J'aimerais bien voir le la triplette Lacazette-Ben Yeder avec Fekir juste derrière *_*,2
2014-12-24T17:36:16Z,"Enorme attaquant, et ce que j'aime le plus chez lui, c'est qu'à (pratiquement) chacun de ses buts il va féliciter ses coéquipiers ou le passeur décisif...ce n'est pas un attaquant personnel et égocentrique contrairement à beaucoup...Bravo Lacazette!",3
2014-12-24T17:07:24Z,toujours très bien servi aussi...,0
2014-12-24T14:02:27Z,"Mdr ""13 jaimes pas"" c'est des marseillais ça non? :p    #humour   ",3
2014-12-24T13:36:03Z,Lacazette au top bonne continuation mon idole,2
2014-12-24T12:54:44Z,Tout t'y est le meilleur ,2
2014-12-24T11:54:31Z,made in gone,2
2014-12-24T11:46:13Z,"Il est tellement complet ! Il a marqué sur pénalties, de la tête, sur 2 corners grâce à son placement, de l'extérieur de la surface, en 1 vs 1 sur des dribbles ou la profondeur... Il est fantastique !",3
2014-12-24T10:48:14Z,"Putain il faut qu'il saisisse sa chance en edf !!
",2
2014-12-24T10:45:35Z,"Un Lacazette de FOLIE !!!!! Que de bonnes performances de la part de Lyon !!!!
ALLER L'OL!!!!!!!!!",5
2014-12-24T09:14:53Z,"Ouiii Lacazette est pas partis et j'espère qu'il va rester, incroyable ce joueur",2
2014-12-23T18:11:36Z,"Lacazette est un monstre devant le but il est énorme et il peut remercier tout c'est coéquipier pour ses 17 buts en ligue 1.
En plus il est le deuxième meilleur buteur européen derrière Cristiano Ronaldo.",3
2014-12-23T18:01:01Z,"Quand ""La gâchette"" est enclenchée, rien ne peut l'arrêter !
Allez l'OL <3",2
2014-12-23T11:13:02Z,c est la qu on se rend compte l importance de njie,1
2014-12-23T10:52:02Z,Welcome to Radnicki Nis!,3
2014-12-23T10:40:40Z,Lyon meilleur équipe de ligue 1 ,3
2014-12-23T10:33:07Z,J’espère qu'il pourra exploser aussi avec l'Equipe de France. ,8
2014-12-23T10:05:20Z,On l'attend en équipe de France !,5
2014-12-23T09:34:36Z,Si lacazette continue comme il deviendra lun des meilleurs bu du monde #supportermarseillais ,3
2014-12-23T09:09:09Z,"Je dois avouer que Lacazette est l'un des meilleurs joueurs de Ligue 1. J'espère qu'il ne la quittera pas tout de suite et surtout que ce gland de Deschamps va vite l'appeler en EdF.
PS : Je suis supporter Bordelais.",5
2014-12-23T09:02:09Z,2 penaltys sur 17 buts ,1
2014-12-22T23:10:39Z,"Le Top 10 des meilleurs joueurs de la première partie de saison en Ligue 1:
10. Lucas Moura
 9. Nicolas N'Koulou
 8. Nabil Fékir
 7. Javier Pastore
 6. Giannelli Imbula
 5. Daniel Wass
 4. Marco Verratti
 3. André-Pierre Gignac
 2. Alexandre Lacazette
 1. Dimitri Payet
11 type de la première partie de saison en Ligue 1 (4-4-2):
Gardien: Steve Mandanda
Latéral Gauche: Raphaël Guerreiro
Défenseur Centraux: Nicolas N'Koulou, Loïc Perrin
Latéral Droit: Daniel Wass
Milieux relayeurs: Marco Verratti, Giannelli Imbula
Milieu Droit: Lucas Moura
Milieu Gauche: Dimitri Payet
Attaquants: André-Pierre Gignac, Alexandre Lacazette",4
2014-12-22T20:16:22Z,vive l'ol ^^,1
2014-12-22T20:07:19Z,"Il est hors norme cette saison. Il doit vraiment continuer dans ce sens. Il l'a dit tous ses buts sont grâce au travail de fekir qui est monstrueux ,des récupérations de Gonalons. Le lien milieu attaque marche et ça fait mal. Bravo.a LYON et a lacazette ,direction le record. .",5
2014-12-22T17:59:58Z,Merci les passeurs surtoout le plus souvent il a qu'a finir,0
2014-12-22T16:34:24Z,PUTAIN IL EST TROP FORT. DÉGAGE MOI BENZEMOU DE L'EDF STPPP,3
2014-12-22T16:31:33Z,"Super joueur , le futur attaquant de l'équipe de France , c'est un monstre :o ! niveaux jeunes prodiges cette Ligue 1 est superbes ( Lacazette , Fékir , Batshuayi ... ) ! Allez l'OM !!!",2
2014-12-22T15:47:42Z,J'suis Lyonnais mais pourtant choqué ^^,0
2014-12-22T15:43:04Z,"#Ligue1 - Classement des buteurs - A mi-saison, Alexandre Lacazette (OL) trône au sommet du classement des buteurs de Ligue 1 avec un total impressionnant de 17 réalisations après son 3e doublé de rang - http://minilien.fr/a0ng60

Classement complet : http://minilien.fr/a0ncyw",29
2014-12-22T15:32:31Z,Par contre je ne comprends pas pourquoi nous ne sommes pas dans le top des meilleurs buts J19... Tant pis!;),2
2014-12-22T15:31:30Z,"Lacazette  est mon chouchou!!!!!! 😍😍😍 Qu'est-ce-qu'on serait sans lui?? Par contre je suis d'accord Fékir est un peu perso dans la surface. Deux buts ratés à cause de ça, mais bon il est quand même excellent! Quant à Njie... Je crois qu'il ne vaut mieux pas en parler...😄 Sa seule qualité (pour l'instant) sa vitesse mais malheureusement ça ne suffit pas! Bref! Lopez est dingue aussi!!!! 
Assez parlé!😄 
OL FOREVER!!!!!❤️ Bientôt champion de France!!!🇫🇷🇫🇷",2
2014-12-22T14:37:58Z,Aie aie,0
2014-12-22T14:24:16Z,Le terme tueur est adapté je pense ,4
2014-12-22T13:03:33Z,Quel kiffe de voir ses buts. Monstrueux ! ,5
2014-12-22T11:50:50Z,Il est chaud,0
2014-12-22T11:16:09Z,"Potentiellement il peut donc en mettre 34.
30 ça sera déjà énorme !",7
2014-12-22T11:11:42Z,Lyon plus belle équipe de Ligue 1,21
2014-12-22T11:07:02Z,"Bien, mais le meilleur reste sans doute Nabil. Faut juste qu'il soit plus altruiste et ça sera tout bon.",2
2014-12-22T09:47:21Z,La gâchette ! Bravo à lui pour ces superbes buts et bon courage à Lyon pour la deuxième partie de saison ! #suppmarseillais,25
2014-12-22T09:38:28Z,Bravo Mr Lacazette toute l'équipe et toi êtes au sommet !,7
2014-12-22T09:17:18Z,C'est un attaquant correct mais je trouve Ben Yedder plus talentueux.,2
2014-12-22T08:43:44Z,"Excellente finission,bon tireur de loin, bon tirreur de penalty, bon à la tête,bon à la volé, rapide, bon en drible, physique ce joueur si il ne se blesse pas va devenir l'un des principaux BU européens",12
2014-12-22T08:28:55Z,"Fier de lui, fier de l'OL. Ce qu'il fait est juste monstrueux.",8
2014-12-22T08:21:48Z,Top scorer in ligue 1 :),4
2014-12-22T07:49:32Z,Le meilleur attaquant actuel du monde pour moi ! #monstre #TeamParisPourtant,27
2014-12-22T07:43:12Z,quand meme lyon est ici grace a ses supers passeurs decisiff !!!!!!,18
2014-12-22T07:39:57Z,Il en serait à 18 si le but contre Reims avait été accordé. ,16
2014-12-22T06:51:10Z,Ceux contre Lille et l'OGC  sont les plus beaux !,5
2014-12-22T04:21:24Z,Avis à tout les rageux qui disent qu'il marque sur penalty : J'en ai vu que 3 mdrr ,5
2014-12-22T02:15:56Z,objectif 30,5
2014-12-22T02:00:35Z,La réponse à tous les rageux qui disent qu'il marque principalement sur penalty...,68
2014-12-22T01:55:36Z,What a player !!!!,4
2014-12-22T01:47:10Z,Rien à dire il est juste monstrueux :o  #SupporterMarseillais  ,56
2015-04-05T21:22:49Z,Aller l'om,0
2015-02-16T16:12:19Z,Good !,0
2015-02-16T16:01:17Z,#Ligue1 - J25 - Revivez tous les buts de la 25e journée de Ligue 1 en vidéo sur la chaîne officielle YouTube !,14
2015-05-03T19:58:57Z,French league is shit no offence come to the premier league ,0
2015-03-18T03:09:45Z,Quality finisher. Would love him at Liverpool.,0
2015-02-24T03:12:27Z,The next thiery henry,1
2015-01-28T13:46:22Z,"Good young French striker, perfect for Arsenal.",3
2015-01-25T14:45:33Z,"What a Beast, Arsenal or Liverpool can do with him ",0
2015-01-24T04:56:01Z,"Come to Liverpool 

Lacazatte Sturridge would kill it ",2
2015-01-22T07:29:07Z,meglio Cissè cazzo!!!,0
2015-01-14T23:55:44Z,If they win the league hell be gone for sure next year i think ,1
2015-01-11T17:00:54Z,Isn't he better than benzema when he was in Lyon?,0
2015-01-11T10:44:44Z,the next henry,0
2015-01-08T01:53:53Z,What a baller.,0
2015-01-06T06:09:41Z,Mourinho... ,0
2015-01-05T15:54:55Z,"I hope he doesn't move to Man City. As soon as Aguero, Dzeko and Jovetic are fit he will get less first team opportunities and become yet another wasted talent at a big club.",0
2014-12-30T11:53:35Z,Him sterling coutinho lallana and Sturridge ... ,1
2014-12-29T18:29:23Z,"Hopefully he stays, would be great to see Lyon develop into a great team considering they have some great talent coming up.",4
2014-12-28T11:15:46Z,"Imagine him next to aguero at city, with Silva behind...
Probably wont happen though!",0
2014-12-26T21:39:58Z,come to tottenham,0
2014-12-26T10:14:35Z,Get this man in a Spurs kit,1
2014-12-25T07:05:30Z,Boss. What song is this?,0
2014-12-24T22:52:08Z,He would be perfect for Arsenal.,6
2014-12-23T00:41:01Z,"Top scorer in Ligue 1, I smell Wenger",16
2014-12-22T17:53:24Z,He is so promising. It is a joy to watch him play. ,0
2014-12-22T17:13:48Z,fuuuuck he good,0
2014-12-22T03:50:47Z,"So delighted for him! Glad he extended his contract too! Lyon have such great young players with Lacazette, Fekir, Tolisso, Lopes, the list goes on. They're making Ligue 1 a bit more competitive along with Marseille.",12
2014-12-22T03:30:27Z,He's in my Ultimate Team in FIFA!!!,1
2015-06-14T10:01:53Z,"37e journée : Touche effectuée par Moutinho (ASM) vers Bernardo Silva qui marque (passe décisive pour le Portugais) ; Signorino, là, n'aura pas cette chance ...",0
