publish_date,title,view_count
2015-02-15T23:12:57Z,FC Metz - EA Guingamp (0-2) - Highlights - (FCM - EAG) / 2014-15,1401
2015-04-29T05:10:36Z,But de romain (0-1) - FFC Vs This is England - 28/04/15 19:30 - Aubervilliers Urban Football,1
2015-05-10T22:00:00Z,Goal Romain PHILIPPOTEAUX (34&#39;) / FC Metz - FC Lorient (0-4) - (FCM - FCL) / 2014-15,227
2014-12-04T23:00:09Z,Goal Thibault GIRESSE (20&#39;) / EA Guingamp - SM Caen (5-1) - (EAG - SMC) / 2014-15,69
2014-12-21T23:00:07Z,Goal Thibault GIRESSE (8&#39;) / Toulouse FC - EA Guingamp (1-1) - (TFC - EAG) / 2014-15,90
2015-06-13T18:53:29Z,But de Romain (2-0) - L&#39;abribus Vs Chicago Boules - 13/06/15 13:00 - Samedi 13h - Printemps 2015,2
2015-06-13T19:00:42Z,But de Romain (4-1) - L&#39;abribus Vs Chicago Boules - 13/06/15 13:00 - Samedi 13h - Printemps 2015,1
2014-09-13T13:30:00Z,But de Romain (2-0) - L&#39;abribus Vs FELA MUZ FC - 13/09/14 13:00 - Samedi 13h - Automne 2014,3
2015-06-13T18:57:37Z,But de Romain (3-0) - L&#39;abribus Vs Chicago Boules - 13/06/15 13:00 - Samedi 13h - Printemps 2015,2
2015-05-31T06:09:35Z,But de Romain (0-1) - Millwall F.C Vs L&#39;abribus - 30/05/15 13:00 - Samedi 13h - Printemps 2015,1
2014-09-13T13:34:22Z,But de Romain (6-4) - L&#39;abribus Vs FELA MUZ FC - 13/09/14 13:00 - Samedi 13h - Automne 2014,2
2014-12-06T16:03:20Z,But de Romain (2-2) - L&#39;abribus Vs La Fine Equipe du 5 - 06/12/14 13:00 - Puteaux Urban Football,2
2015-06-13T18:51:10Z,But de Romain (1-0) - L&#39;abribus Vs Chicago Boules - 13/06/15 13:00 - Samedi 13h - Printemps 2015,3
2014-11-01T16:27:18Z,But de Romain (3-11) - FELA MUZ FC Vs L&#39;abribus - 01/11/14 13:00 - Samedi 13h - Automne 2014,3
2014-10-18T13:32:22Z,But de Romain (3-6) - L&#39;abribus Vs Millwall F.C - 18/10/14 13:00 - Samedi 13h - Automne 2014,1
2015-03-30T20:27:03Z,But de Romain (3-7) - X-Presso Vs All In - 30/03/15 19:00 - Lundi 19h - Printemps 2015,1
2015-04-25T20:56:39Z,But de Romain (0-1) - FC Zlatanovic Vs L&#39;abribus - 25/04/15 13:00 - Samedi 13h - Printemps 2015,7
2014-11-11T23:49:25Z,But de Romain (3-2) - Boca Senior Vs Buts de Luxe - 11/11/14 21:00 - Mardi 21h - Automne 2014,2
2015-04-11T13:37:22Z,But de Thibault (5-7) - L&#39;abribus Vs Millwall F.C - 11/04/15 13:00 - Samedi 13h - Printemps 2015,2
2015-06-13T18:58:42Z,But de Thibault (5-1) - L&#39;abribus Vs Chicago Boules - 13/06/15 13:00 - Samedi 13h - Printemps 2015,5
2014-09-20T14:59:57Z,But de Romain (3-7) - Chicago Boules Vs La Fine Equipe du 5 - 20/09/14 13:00,0
2015-06-20T20:35:14Z,But de Thibault (1-1) - L&#39;abribus Vs High Five - 20/06/15 13:00 - Samedi 13h - Printemps 2015,2
2014-09-09T00:35:29Z,But de Thibault (2-7) - Renards Argentés Vs Mambo Number 5 - 08/09/14 20:00 - Puteaux Urban Football,0
2014-12-06T16:05:31Z,But de Thibault (4-4) - L&#39;abribus Vs La Fine Equipe du 5 - 06/12/14 13:00 - Puteaux Urban Football,2
2014-12-06T16:01:46Z,But de Thibault (1-0) - L&#39;abribus Vs La Fine Equipe du 5 - 06/12/14 13:00 - Puteaux Urban Football,2
2015-04-12T22:00:00Z,Stade Rennais FC - EA Guingamp (1-0) - Highlights - (SRFC - EAG) / 2014-15,767
2014-10-25T14:30:36Z,But de Thibault (4-5) - L&#39;abribus Vs FC Zlatanovic - 25/10/14 13:00 - Samedi 13h - Automne 2014,5
2014-10-25T14:35:34Z,But de THIBAULT (4-8) - L&#39;abribus Vs FC Zlatanovic - 25/10/14 13:00 - Samedi 13h - Automne 2014,3
2014-11-01T16:21:27Z,But de Thibault (0-4) - FELA MUZ FC Vs L&#39;abribus - 01/11/14 13:00 - Samedi 13h - Automne 2014,2
2014-10-25T22:00:02Z,Angers SCO - Clermont Foot (3-0)  - Résumé - (SCO - CF63) / 2014-15,8650
2015-04-25T21:03:47Z,But de THIBAULT (2-3) - FC Zlatanovic Vs L&#39;abribus - 25/04/15 13:00 - Samedi 13h - Printemps 2015,10
2014-12-09T20:28:04Z,Thibault Philippe: The French Freshman,1328
2015-06-16T08:16:22Z,But de Thibault (1-0) - BE Fresh Vs PrestaShop - 15/06/15 19:00 - Lundi 19h - Printemps 2015,1
2015-04-13T19:47:07Z,But de Thibault (4-6) - Altarea-Cogedim Vs BE Fresh - 13/04/15 19:00 - Lundi 19h - Printemps 2015,1
2014-12-07T23:00:01Z,Goal Vincent LE GOFF (50&#39;) / Girondins de Bordeaux - FC Lorient (3-2) - (GdB - FCL) / 2014-15,119
2014-11-01T23:00:02Z,Clermont Foot - Nîmes Olympique (3-0)  - Résumé - (CF63 - NIMES) / 2014-15,3641
2015-04-26T22:00:00Z,Goal Mathias AUTRET (86&#39;) / Olympique de Marseille - FC Lorient (3-5) - (OM - FCL) / 2014-15,277
2015-03-15T23:03:49Z,OGC Nice - EA Guingamp (1-2) - Highlights - (OGCN - EAG) / 2014-15,862
2015-01-19T00:28:34Z,Olympique de Marseille - EA Guingamp (2-1) - Highlights - (OM - EAG) / 2014-15,5980
2014-10-04T19:06:11Z,Dijon FCO - Clermont Foot (1-0)  - Résumé - (DFCO - CF63) / 2014-15,3016
2015-02-15T22:59:59Z,FC Metz - EA Guingamp (0-2)  - Résumé - (FCM - EAG) / 2014-15,17058
2015-05-10T21:59:59Z,Paris Saint-Germain - EA Guingamp (6-0) - Highlights - (PSG - EAG) / 2014-15,17643
2015-03-14T23:00:00Z,Clermont Foot - Dijon FCO (2-5)  - Résumé - (CF63 - DFCO) / 2014-15,11692
2014-12-07T23:00:03Z,Goal Benjamin JEANNOT (31&#39;) / Girondins de Bordeaux - FC Lorient (3-2) - (GdB - FCL) / 2014-15,113
2015-07-24T08:31:41Z,Thibault JAQUES [ présentation des nouveaux joueurs ] SRC# 2015,618
2015-04-26T22:00:00Z,Goal François BELLUGOU (14&#39;) / Olympique de Marseille - FC Lorient (3-5) - (OM - FCL) / 2014-15,124
2015-02-08T23:00:00Z,Goal Benjamin JEANNOT (85&#39;) / Stade de Reims - FC Lorient (1-3) - (SdR - FCL) / 2014-15,123
2014-12-22T01:41:09Z,Bloopers : Week 19 / 2014-15,1091
2015-04-12T21:59:59Z,Stade Rennais FC - EA Guingamp (1-0)  - Résumé - (SRFC - EAG) / 2014-15,16886
2014-11-30T23:00:04Z,Goal Benjamin JEANNOT (57&#39;) / Toulouse FC - FC Lorient (2-3) - (TFC - FCL) / 2014-15,64
