published-time,comment,likes
2014-08-11T16:32:49Z,allez VA !!,0
2014-08-10T13:06:41Z,"Pour vous, quel on etait les 3 meilleurs joueurs et les 2 meilleurs gardien lors de cette 2eme journée de ligue 2 ?",0
2014-08-10T08:39:44Z,Allez v.a,0
2015-02-09T10:45:30Z,"1 : Il y a plus de Nîmois  que d'Aceistes dans les tribunes
2 : Le commentateur n'est pas a l'aise ca se sent
3 : On écris ""Gauthier DE MARIEN"" et pas ""Gauthier de MARIEN""",0
2014-08-06T13:08:12Z,"2m30, il nous parle de Alaeddine Yahia ; mais si je me trompe pas, il est toujours à Lens nan ?",0
2014-08-03T19:55:29Z,"nimes vont vite se faire calmer , 3 tir 3 buts et de chatard ......",0
2014-08-03T15:13:32Z,"Maoulida se prend un jaune, arbitrage en carton !",0
2014-08-03T00:17:30Z,"Je tiens à signaler qu’après la célèbre célébration de Maoulida, l'arbitre lui a mis un carton jaune ! J'ai beau détester Nîmes, c'est inadmissible ce que fait cette ""enflure""  d'arbitre ! A ce que je vois, ils reprenaient les bonnes viellent habitude ...",6
2015-02-25T16:41:24Z,bravo nimes !!! ;),1
2015-02-24T16:58:07Z,Allez les rouges !!!,0
2015-02-24T14:58:04Z, on va finir 4eme,0
2015-02-24T11:54:08Z,"Et l'occaz à la 90eme de Kharja elle est ou? 
Victoire méritée de Nime même si ils ont eut chaud en fin de match.
Allez Sochaux, bouger vous le cul!",1
2015-02-24T11:05:15Z,Nimes champion de ligue 2 pour l année prochaine ! Les paris sont lancés ^^ ,1
2015-01-18T14:55:25Z,"Bonjour je suis un nouveau rappeur, dites moi ce que vous en pensez par commentaires. Merci ",0
2015-01-03T11:31:11Z,ALLEZ ARLES AVIGNON,3
2014-09-03T15:41:42Z,#Ligue2 - Classement des passeurs - Ousmane Cissokho (Nîmes Olympique) a délivré sa 3e passe décisive lors de la 5e journée de Ligue 2 et prend la tête du classement officiel des passeurs ! http://bit.ly/1q7eInb,2
2014-09-01T00:04:05Z,"but gag à la 1ere minute, belle réaction nîmoise, but refusé injustement (vu de mes yeux) Nîmes perd deux points mais montre une formidable force de caractère, il faut un milieu plus créatif si Azzouni confirme pas. Vive Nîmes et Vive le Nîmes Olympique 
<3",0
2014-08-31T14:51:23Z,Pfffff.... On a eu chaud. !!!!,0
2015-05-10T07:11:38Z,"No stress Orléans, Arles et Chateauroux relégués, et le 3e ce sera Nimes et pas le 18e :P",2
2015-02-17T18:25:26Z,Quand je pense que Adnane était à Tours en début de saison,0
2015-02-17T16:13:03Z,"C'était un super beau match
Bien jouer a Brest vous avez été meilleurs
Allez le Nîmes olympiques",2
2015-02-17T16:07:22Z,"Magnifique jeu Brestois ^^ Victoire méritée, ils ont bien dominé. ",1
2015-02-17T15:48:26Z,"#Ligue2 - Classement des buteurs - SB29 : les nouveaux font l’animation !
Le Stade Brestois 29 a inscrit trois buts à Francis-Le Blé pour la 2e fois cette saison : une performance réussie grâce à l’efficacité du nouveau duo offensif du club, Gaëtan Courtet-Youssef Adnane - http://minilien.fr/a0ny9l",0
2015-02-17T14:15:34Z,#Ligue2 - J24 - Revivez les meilleurs moments de Stade Brestois 29 - Nîmes Olympique (3-1) en vidéo !,1
2015-02-17T11:30:33Z,"Avec les nouvelles recrues, Brest ne peut que monter en ligue1.",5
2015-02-17T11:12:37Z,Si seulement Simon Falette l'avait mise au fond.... Le but de l'année,1
2015-02-17T11:04:14Z,Vive Brest,1
2015-05-06T09:05:17Z,Boum De Tours tu es jaloux car nous les Troyens ont montent en Ligue 1 et vous Tours peut être descendre en National,0
2015-05-03T23:35:35Z,Précisons que l'ESTAC a à l'heure actuelle et sans exagerer 14 blessés potentiellement titulaires.... Donc bon vous fiez pas trop au niveau actuel de Troyes qui reste tout de même au dessus des autres en Ligue 2. Cette equipe a tres largement les moyens de rester un bon moment en L2,3
2015-05-03T23:32:26Z,Un nul aurait été logique mais je vois pas en quoi Nimes a été dangereux dans ce match. L'ESTAC a été plus dangereuse que Nimes meme en faisant un mauvais match....,1
2015-05-03T23:30:56Z,"On sait très bien que cette victoire n'est pas merite pour l'ESTAC. Mais c'est pas la 1ère fois cette saison! Mais c'est ce qui fait que c'est la plus forte equipe de L2! Elle est ultra solide et réaliste! Au final, les grandes gueules parlent mais l'ESTAC n'a pas volé ses victoires, n'a pas eu les arbitres avec elles donc ils sont juste au dessus des autres. Point final. Une equipe fait du beau jeu, ne fait pas chier son monde, ne fait pas parler d'elle en mal, et vous la critiquez ! C'est quoi votre délire?",2
2015-05-03T15:38:29Z,"J'étais à ce match hier, en tant que spectateur neutre (je suis supporter de l'OM), et je trouve que Nîmes n'a pas été récompensée de ses efforts (surtout en première mi-temps avec ce péno arrêté par le gardien Troyen). Déçu de l'affluence aussi (même si plus rien à jouer pour les Crocos).",0
2015-05-03T15:27:52Z,Hey celui qui commente.... c'est pas Rincon qui fait la faute (je sais bien que quand il fait uen connerie Rincon c'est pas des petites mais la c'est pas lui) mais Lacour... --',1
2015-05-03T12:09:08Z,"Victoire pas du tout mérité pour Troyes ! Dommage à Nîmes car y a eu beaucoup plus d occasions que ça pour Nîmes, Troyes a joué en contre attaque face à Nîmes ... ",1
2015-05-03T09:03:47Z,Troyes c nul !! Que de la chatte de monter !,0
2015-05-03T00:42:24Z,CHAMPIONS !!! Fier d'être troyen,2
2015-07-18T11:51:28Z,Faites gaffe car les nantais vous vous defoncer la saison prochaine.,1
2015-06-07T23:30:10Z,Bravo au Sco d'Angers pour leur accession en ligue 1 l'année prochaine vous le mérité depuis l'année dernière même si c'est un peu de notre faute que vous n'êtes pas monter l'an dernier #teamsmc,4
2015-05-27T12:33:34Z,Bien joué Angers  vous l'avez mérité,5
2015-05-25T03:47:23Z,Bravo a angers pour le montée !! Et nous ça repart l'année prochaine en ligue 2 !!!,6
2015-05-24T12:53:15Z,"c'est bon ça anger en ligue 1 , vivement l'élite pour voir les derby breton et de pays de la loire ( de la part d'un supporter nantais )",8
2015-05-24T12:32:25Z,"bien jouer a anger qui meriter la montee 

de la part d'un suporter de caen",16
2015-05-24T11:54:29Z,Quand on voit que les vidéos du sco sont déjà à 1000 vue  alors que les autres sont maxi 500 vue xD c'est toujours comme ça en plus ! Nous les angevins on adore regardé les résumés !,8
2015-05-24T10:25:18Z,"Bizarre la décision pour Nimes, Soit ils ont pas truqués et tu les innocente entierement, soit ils ont truqués et la rétrogradation est plus que normale. Cette pénalité est ridicule...",6
2015-05-24T05:34:51Z,ET UN ET DEUX ET TROIS ZEROS  POPOPOPOOPPPPO A NOUS LA LUGUE 1,25
2015-05-23T23:18:56Z,LIGUE 1 !!!! ,9
2014-09-22T05:43:44Z,Vive le FCSM !!!!!!!!,0
2014-09-20T22:33:40Z,allez sochaux !!! super match hier =),3
2015-02-01T09:30:00Z,"Nancy méritait de gagner selon moi, mais un très bon gardien en face ! ",1
2014-08-24T20:10:39Z,Aller Dijon aller la montée cette année ,0
2014-08-19T15:27:10Z,"#Ligue2 - Classement des passeurs - Buteur et passeur, Toifilou Maoulida brille avec le Nîmes Olympique après trois journées en occupant la 3e place du classement officiel des passeurs de Ligue 2 et la 5e place des buteurs. http://bit.ly/1tk9KSR",6
2014-08-17T17:19:43Z,Il y a quand même des trous des deux côtés ...,0
2015-04-11T10:32:38Z,super on gagne cet aprem ( meme si ca va etre très compliqué ) et on recolle c'est encore possible,1
2015-04-11T10:28:32Z,le mec qui dit ça doit etre supporter de istrews ou d'arles Avignon quand y a 1000 spectacteurs ils sont contents,0
2015-04-06T11:56:03Z,en plus tu supporte Nîmes et tu vanne ptdr tête de mort ,0
2015-04-05T16:46:27Z,""" Public de merde "" on en reparle mardi ! et on verra si ils ne sont pas là les Auxerrois !!",2
2015-04-05T13:23:00Z,Auxerre merite peut être la ligue 1 mais pas son public de merde 😂😭😂,0
2015-04-05T08:13:21Z,"Allez auxerre seul équipe qui mérite la L1, c'est la seul qui propose du bon jeu mais manque d'efficacité dans le dernier geste le travail paiera. Allez Auxerre",0
2015-04-04T22:28:26Z,Belle inauguration de l’écran géant... ALLEZ AUXERRE!!!,1
2015-03-07T08:00:44Z,le match ou on a le plus de buts ??,0
2015-01-28T13:50:06Z,"#Ligue2 - Classement des buteurs - Pour la première fois depuis 25 ans, le Nîmes Olympique a inscrit cinq buts à l’extérieur en Ligue 2. Sacrée performance pour la dernière attaque à l’extérieur avant la 21e journée ! http://minilien.fr/a0nui5",5
2015-01-28T12:08:21Z,ROBAIL TRAÎTRE,0
2015-01-28T12:07:25Z,"Allez Dijon on s'en fout on est 2ème, nimes pfff, ils sont bien en dessous ",0
2015-01-25T17:04:58Z,Bien joué Nimes !!! Forza N.O ,1
2015-01-25T13:19:13Z,Un gros GG à Nîmes pour ce superbe match :o,4
2015-01-25T07:08:22Z,Allez Nîmes <3,4
2015-01-25T01:47:03Z,"Mouahaha :P 
La Bourgogne est bleue et blanche ♥",0
2014-08-24T09:30:05Z,allez nancy,3
