published-time,comment,likes
2015-02-15T23:22:48Z,first,1
2015-04-12T22:33:19Z,Primero,0
2014-12-30T12:48:06Z,allez le sco,3
2014-10-28T16:39:09Z,"#Ligue2 - Classement des buteurs - Après la 12e journée de Ligue 2, Jonathan Kodjia (Angers SCO) retrouve les commandes du classement officiel des buteurs - http://urlz.fr/QO5",6
2014-10-26T11:08:32Z,le logo de l'ASNL pour Clermont wtf?,3
2014-10-26T01:33:32Z,Vincent manceau pas marceau,7
2014-10-05T21:15:25Z,On ne peut pas suivre la l2 en Pologne ? ,0
2015-02-19T21:21:59Z,"Guingamp 2 ème MDR !!
Le commentateur doit êtres guingampé !!! ",0
2015-02-16T22:36:37Z,c est moi où il a dit Guingamp 2ieme??? ah ah ah,1
2015-02-16T16:22:56Z,Guingamp!!,0
2015-05-21T22:32:28Z,Lucas man aaaaah,0
2015-05-11T18:45:50Z,"Cavani's third is beautiful..brilliant Verratti pass when no-one was ready, and great finish.",0
2015-05-11T17:21:27Z,oh la branlé !!! aller paris !!,0
2015-05-11T13:24:29Z,IBRA IBRA IBRA!,1
2015-05-11T02:15:50Z,Fantastic team!,2
2015-07-06T19:17:28Z,Belle victoire de Dijon.Le gardien de Clermont n'a rien fait.Allez les rouges .,0
2015-03-18T16:27:06Z,"#Ligue2 - Classement des passeurs - Julio Tavares porte le DFCO !
Avec un doublé à la passe, Julio Tavares a grandement contribué au large succès du Dijon FCO au Clermont Foot (2-5) et intègre le Top 5 du classement des passeurs de Ligue 2 - http://www.lfp.fr/ligue2/article/julio-tavares-porte-le-dfco.htm",6
2015-03-16T00:12:05Z,NON on vise la ligue des champions,0
2015-03-15T11:04:07Z,"Bien
",0
2015-03-15T07:49:11Z,ALLER DIJON ON VISE LA LIGUE 1,2
2015-03-15T06:33:27Z,Dijonnais !!,0
2015-03-14T23:07:26Z,Dijon en FORCE !!!!,0
2014-12-22T21:56:20Z,the last two were awesome,1
2015-07-27T09:18:01Z,vendez habibou,0
2015-04-17T09:08:09Z,"J'ai été le voir dimanche dernier (12 avril) et bein à la 2ieme mi temps les guingampais on bien eu du mal face à nos acteurs rouges et noirs et l'carton rouge, bien fait....",0
2015-04-15T08:53:41Z,Il y a tellement de derbis breton il pourrait faire un championnat rien qu entre eux.,4
2015-04-15T06:52:39Z,Carton rouge méritée beau but et surtout beau centre de grosicki,0
2015-04-13T15:56:19Z,"Yatabaré c'est abuser, pour éviter le carton il fait semblant d'avoir mal, c'est pitoyable!",0
2015-04-13T10:30:29Z,Lossl encore héroïque,0
2015-04-12T23:01:06Z,"Habibou, mon dieu ! quel chevre ca peut etre ce joueur",4
2015-04-12T22:02:52Z,Gg rennes!! Et 1-0000000,0
