published-time,comment,likes
2014-10-04T06:48:34Z,yeah :(,0
2014-09-29T01:20:54Z,aw psg draw again,0
2014-10-24T16:13:30Z,Go ahead marseille and we have to win the derbi of olympics,0
2014-10-19T22:08:11Z,Its nice to see OM ahead of P$G and MONA€O,14
2014-10-28T02:27:33Z,whos the goalie?,0
2014-09-16T02:57:51Z,As a Liverpool fan I'm happy for N'gog. All the best to him.,0
2015-03-09T11:03:40Z,Hopefully Bielsa`s men will give some fight until the end. ,1
2014-08-20T13:31:40Z,Loved Lyon's goal,2
2014-11-21T07:53:42Z,What a first goal,0
2014-08-11T09:14:58Z,cvitanich !!!,0
2014-08-26T22:14:01Z,What a game for Areola! Can't wait to see him with PSG!,2
2015-07-20T17:10:28Z,He runs very fast ... Another sprinter,0
2015-06-26T14:55:24Z,Ntep est un future tres grand,0
2015-06-22T21:19:37Z,after watching the video getting eyecancer thank you....,0
2015-06-22T10:49:33Z,What is the name of this song?,0
2015-06-22T07:54:53Z,"Bild: ""Bayern will sign French international Paul-Georges Ntep as replacement for the long term injured Franck Ribéry"" :D",2
2015-06-04T13:58:39Z,Ntep is dont guying to newcastle Liverpool or Arsenal ,0
2015-05-08T04:24:37Z,he sure can dance,0
2015-05-08T03:18:52Z,"No offence but just looks like another average french player, Liverpool would be better to just let Newcastle have him...",0
2015-05-07T08:23:47Z,"Don't mind me, just scouting for Liverpool Football Club",8
2015-06-02T13:33:03Z,Grand talent pour l'avenir,0
2015-05-25T10:24:10Z,Sofiane bouffe pas mauvais du tous ce jeune.......!!!!!! D'ici qqlques mois ( en début de saison 2015 /2016) il risque d'en épater quelques un ( e) peut être de changer sa vie professionnelle.........!!!!!!!! Vous venez bien....!,0
2015-05-07T12:45:42Z,"#7 Sofiane Boufal
LOSC Lille, Ligue 1
Date of birth: Sep 17, 1993
Age: 21
Place of birth: Paris, France
Height: 1,75 m
Nationality: France / Morocco
Position: Midfield - Attacking Midfield
Foot: right",0
2015-05-07T12:43:00Z,,0
2014-09-23T14:05:36Z,Allez le stade !^^,1
2014-09-15T23:45:21Z,Cest quoi ce gardien en carton ? Changez le il y aurai pas eu 2-0 ! ^^,0
2014-09-15T22:18:37Z,Manque de réalisme... Mauvais gardien... À quand un retour d'Ali en tant que titulaire ?! Toulouse démarre mal mais on est habitué ! Allez Toulouse !,1
2014-09-15T18:25:11Z,Toulous a vraiment pas eu de chance,0
2014-09-15T11:43:06Z,"Toulouse méritait à mes yeux le nul, car on a pas eu beaucoup d'occasions et le peu qu'on a eu, on les a mises au fond... J'espère que ça lancera enfin notre saison, ou même notre année",1
2014-09-15T11:19:49Z,Le sourire de Caillot en dit trèèèès long.,1
2014-09-15T11:16:55Z,"La sortie de Placide sur Ben Yeder : un tacle les pieds en avant. Si c'était un joueur de champ qui l'avait fait, il aurait pris le rouge...",0
2015-06-29T08:49:25Z,Bienvenue à l'OL Claudio !!!,1
2015-06-28T03:43:21Z,Welcome to OL,1
2015-06-27T18:10:20Z,"L'Olympique Lyonnais est heureux d'informer d'un accord avec le club de Guingamp pour le transfert de l'attaquant Claudio Beauvue.

Claudio Beauvue signera un contrat de 4 ans avec l'OL, soit jusqu'au 30 juin 2019, une fois passés les examens médicaux nécessaires en début de semaine.

5ème buteur du dernier championnat avec 17 buts, mais 3ème buteur français de Ligue 1 derrière Alexandre Lacazette et André-Pierre Gignac, Claudio Beauvue a marqué 27 buts sur l'ensemble de la saison écoulée dont 5 en Europa League.

Avec les arrivées de Jérémy Morel et de Claudio Beauvue, et les retours après une longue indisponibilité de Gueïda Fofana et Clément Grenier, l'Olympique Lyonnais a bouclé l'essentiel du mercato estival qu'il avait planifié, tout en conservant ses jeunes joueurs issus du centre de formation dont Clément Grenier qui a prolongé son contrat jusqu'au 30 juin 2018; et dans l'attente cette année ou l'année prochaine d'un défenseur central expérimenté.",2
2015-06-27T13:59:45Z,"Salut,
Quelqu'un peut me dire à quel poste il peut jouer exactement ?
J'ai jamais vu de match complet avec lui (je sais, footix toussa...) et je connais pas son registre.
J'ai lu milieu offensif/attaquant mais plus précisement ? C'est quoi ses points forts ?
Bon, j'ai regardé la vidéo mais quelqu'un peut développer ?
Merci.",0
2015-06-27T06:44:27Z,Beau transfert pour lyon ! 😁,0
2015-06-26T11:48:25Z,Welcome to OL!,6
2015-06-20T02:00:27Z,Go Marseille Beauvue gooooooo tu attend quoi!!,1
2015-06-14T17:43:05Z,quand tu vien de gaimgamp et que l'om te propose un bon salaires en plus tu vien tu discute pas le melon le gars heureusement qu'il joue pas pour le barca,1
2015-06-14T10:30:52Z,Vien a L'OM on t'attend !,3
2015-05-10T22:47:40Z,Come to the mighty HOTspurs!,0
2015-04-25T19:28:26Z,,0
2015-03-24T17:33:44Z,Monsieur Air Beauvue !,0
2015-03-24T13:39:53Z,"#12 CLAUDIO BEAUVUE
Guingamp, Ligue 1
Date of birth: Apr 16, 1988
Age: 26
Height: 1,74 m
Nationality: France / Guadeloupe
Position: Striker - Centre Forward
Foot: right",1
2015-04-08T13:34:52Z,ALLEZ NICE !!!,0
2014-08-26T11:45:30Z,Niklas Hult le zlathan Niçois,1
2014-08-14T03:13:22Z,NissACABana !!!!!!! ,1
2014-08-12T11:37:52Z,ALLEZ NISSA ,1
2014-08-12T05:45:23Z,#Ligue1 #Saison20142015 #J01 Nice Toulouse 3-2 #OGCNTFC,0
2014-08-11T16:19:57Z,"je suis content de Nice car elle a fait un bon match et la dernière fois elle avait perdu 2-0
Issa Nissa ",1
2014-08-11T09:43:12Z,"Et le but refusé injustement à Braithwaite, on le montre pas ?
Bravo l'erreur d'arbitrage.",2
2014-08-11T09:05:04Z,Issa Nissa puis basta !!! <3,3
2014-08-11T05:21:03Z,ISSA NISSA BELLA ON VISE LE TOP 5 !,4
2014-08-10T22:23:13Z,Issa nissa!!!,1
2014-08-10T22:07:17Z,Elle s affiche pas dans les abonnements,3
2014-10-27T18:06:02Z,Encore les supporters lensois qui mettent l'ambiance x),1
2014-10-27T11:39:15Z,ouai Belon,0
2014-10-27T10:47:10Z,Belon!!,0
2014-10-27T09:19:19Z,Lens ils jouent avec 11 defenseur centraux j'avais jamais vu sa!!,0
2014-08-25T10:37:08Z,"Ca ressemble beaucoup à Caen-Lille, avec un faux penalty et je trouve même ça encore plus injuste car à Caen on peut comprendre, l'arbitre et loin, ça va vite, c'est un tacle par derrière et Origi tombe, mais là, l'arbitre est pas si loin que ça et il peut voir que le mec met la main dans le dos, c'est la pire ""main"" que j'ai jamais vu x)",1
2014-08-24T22:59:04Z,"TFC boff...
Je préfère le KFC, après chacun c'est goût.",4
2014-08-24T22:59:02Z,First,0
2014-09-22T15:59:19Z,"2 pénaltys, 0 justifié (le 1er la balle n'est plus dans les pieds de l'attaquant quand Vercoutre le touche et le 2ème je n'en parle même pas) dur.",0
2014-09-22T15:04:17Z,2 Penaltys dans le meme match O_o,0
2014-09-21T23:07:26Z,"le Paris Saint Germain  va metre a sa place a caen, comme la fait avec Saint Etienne aller.... PARIS!!!!!!",0
2014-09-21T22:23:10Z,Le SMCaen a la maladie des Penalty entre Lille et maintenant Toulouse 2 Penalty non mérité XD Pas de chance les pauvres !,1
2014-09-21T22:06:12Z,Dommage pour malherbe la victoire aurait été mérité,2
2014-12-23T16:14:52Z,"AWESOME

Amazing video bro!",0
2014-12-16T15:57:00Z,welcome to galatasaray :D,0
2014-12-04T16:41:03Z,Galatasarayın çocugu :),3
2014-10-24T14:11:07Z,FORZA OM !!!,0
2014-10-19T15:27:48Z,Marcelo Bielsa is doing am amazing job at Marseille,0
2014-10-19T12:33:38Z,"#9 ANDRÉ-PIERRE GIGNAC
Date of birth: Dec 5, 1985
Place of birth: Martigues  
Age: 28
Height: 1,87 m
Nationality: France
Position: Striker - Centre Forward
Foot: right",1
2014-11-05T21:04:38Z,Magnifique match de la part de Toulouse il se sont bien défendu et il le mérite les parisien on peus rien faire face a ces ocas,1
2014-10-03T10:58:33Z,Cool,0
2014-09-30T12:27:21Z,"Si on continue comme ça, on ne sera pas champions cette année. Et devant l'OM ne rigole pas. ",1
2014-09-29T13:28:43Z,bravo les toulousains!,3
2014-09-29T11:08:35Z,En fait le vrai David Luiz c'est le 7-1 pris par l'Allemagne et non pas les 50 Millions d'€uros... :),2
2014-09-29T08:29:21Z,Beau  résumé et allez Toulouse !,4
2014-09-29T06:54:54Z,David Luiz 50 M ? D'accord.. ,0
2014-09-29T06:34:28Z,Icomence a me souler paris a faire ke des nuls i fau ki se ratrape contre le barca sinon bien joue toulouse,2
2014-09-29T05:21:32Z,Tres bonne performance de toulouse je les felicite,2
2014-09-28T22:21:30Z,Beau match,0
2014-09-28T22:13:14Z,First,0
2015-04-01T13:36:06Z, ,0
2015-03-18T19:06:23Z,"Bien joué à cette vaillante équipe de Lens !!
Je préfère 1000 fois plus qu'ils se maintienne à la place de Toulouse car d'abord Toulouse est nul est ensuite pour moi le RCL est un grand nom du foot français donc bonne chance à eux !! :)",3
2015-03-17T11:05:52Z,"2:37 ""C'est Pablo Chavarria qui va faire chavirer""
Ah parce qu'en plus il se croit drôle ce con ? Abruti de commentateur",0
2015-07-08T23:06:15Z,,0
2015-06-30T17:26:49Z,"L'an prochain c'est Marseille qui vas se prendre 6-1 au vélodrome ils ont plus d'équipe (gignac,ayew,Morel,Fanny,Payet,et bientôt mandanda) ",0
2015-04-22T19:40:25Z,Aller l om marseille c est magique,3
2015-03-21T21:45:49Z,"Aloe but valable : Ayex est HJ mais c'est à l'appréciation de l'arbitre qui ne considère pas qu'Ayex génait.
Ayew but valable : c'est un défenseur du TFC qui remet la balle 
CsC : rien à dire, sans intervention y'avait but avec Ocampos

Message à toutes les merguez qui viennent dénigrer les victoires de l'OM : OL = plus de 10 penos / PSG = plus de 10 pénos / OM = 4 pénos",7
2015-03-14T18:40:47Z,Suivez https://twitter.com/sportingtoulon et Sporting Toulon Var ,0
2015-03-13T15:05:34Z,Allez L'OM.,7
2015-03-11T20:17:04Z,cool belle victoire allez l om,5
2015-03-11T14:31:52Z,Allez les gars on lâchera rien jusqu'au bout on y croit allez l'om. ,2
2015-03-10T21:45:05Z,"Franchement il on bien jouer et ses tout les 'toulousain les 'parisien .
Bravo l'om",2
2015-03-10T21:29:40Z,"Le tfc méritait au moins 3 buts avec  toutes ces opportunités, et Marseille ne mérite pas 6 buts, mais avec un tel score on ne peut pas dire que c est la faute a la malchance  ... Casanova a fait son temps ( comme Olivier Sadran peut-être ), il est temps de remanier le système toulousain sinin ... ligue 2",0
2015-03-10T17:46:37Z,Bundesligue 1 ,3
2015-03-09T23:03:31Z,On va écraser Lyon,0
2015-03-09T17:57:05Z,Omg je m'affole mon OM est le barca VOILA ! le retour de l'om prenez en de la graine merci ! <3 6-1 CA VA,1
2015-03-09T17:13:50Z,Aloe etait pas hors jeu c'était ayem,0
2015-03-09T17:02:59Z,Pourquoi Marseille joue tout le temps le vendredi ?,0
2015-03-09T16:40:18Z,Seul match que je regarde pas de l'om et ils plantent 6 buts bien joué jattend le match contrer lyon avec impatience,0
2015-03-09T16:08:40Z,"Super match de l'Olympique de Marseille , je leur dit merci car je me suis régalé !!!",3
2015-03-09T12:03:29Z,C'est moi ou une grande partie du stade était pour l'OM? Sur les 45 premières minutes une partie du virage se lève pour les buts marseillais!,19
2015-03-09T11:59:54Z,J'ai vue les buts pendant le match vendredi mais sa fait toujours plaisir de les revoirs juste après xD,1
2015-03-09T09:37:01Z,"6, c'est aussi le nombre de défaites de l'OM en phase de groupe de Ligue des Champions la saison dernière",34
2015-03-09T07:36:43Z,"Donc pour résumer, sur les 6 buts marseillais :
1CSC
3Hors-jeux non signalés
1ballon sorti en touche non sifflé emmenant le dernier but.

Forcément, avec toute ces erreurs arbitrales, difficile pour Toulouse de rivaliser avec une équipe de Marseille pourtant aussi à la rue défensivement.
Merci l'arbitre.",8
2015-03-09T07:31:48Z,je tend merde,0
2015-03-09T05:31:17Z,Cette attaque de folie !!! part contre la defence ... omg quoi,0
2015-03-09T00:55:00Z,"Paris, Lyon et Marseille ont mît la fessée lors de cette 28eme journée",4
2015-03-09T00:49:17Z,jeu set et match !,6
2015-03-08T23:46:31Z,"Gros match olympien et enfin une victoire de l'OM ce vendredi soir. Malgré quelques énormes erreurs qui, par chance furent sauvé par le manque de réalisme du TFC. Offensivement, ce fut parfait et sa à donner la victoire depuis (à peu près 5 mois) nous gagnions à l'extérieur. Meme si le départ de André-Pierre Gignac, on le sait il nous restera Batshuayi ! Espérons que cette large victoire va redonner de la confiance à toute l'équipe et commencer à enchainer le victoires. Pour les personnes qui vont contesté les hors-jeu bien sur évident mais le ballon est juste contrer par un joueur toulousain, donc pour les gros rageux, le but est et doit etre accordé . Allez l'OM ! :D",3
2015-03-08T23:22:32Z,"Vous êtes sur qui se jouait à Toulouse le match ? MDR
",10
2015-03-08T23:01:48Z,Ce match! :D,1
2015-07-22T21:57:51Z,"https://www.facebook.com/Enroutepourleuro2016

Pour tout savoir sur Morgan Sanson, futur taulier des Bleus :) ",0
2015-04-25T18:57:39Z,,0
2015-03-24T13:12:48Z,"Morgan Sanson est un footballeur français né le 18 août 1994 à Saint-Doulchard (Cher). Évoluant au poste de milieu de terrain, il commence sa carrière professionnelle au club duMans en 2012 après être passé par le centre de formation du club. Son club formateur connaissant de graves difficultés financières, il finit par rejoindre le Montpellier Hérault SC pour quatre ans, en juin 2013.
Le 14 septembre 2013, il participe à son premier match de Ligue 1 lors du match nul du club héraultais à domicile contre le Stade de Reims (0-0) . Grâce à un bon début de saison enLigue 1, il est alors appelé en Équipe de France espoirs de football.
En Janvier 2015 alors que l'Olympique de Marseille et Bordeaux étaient intéressés par son profil, Sanson prolonge finalement son contrat avec le MHSC pour une année supplémentaire.",0
2015-03-24T13:10:04Z,"#20 MORGAN SANSON
Montpellier HSC, Ligue 1
France U21
Date of birth: Aug 18, 1994
Age: 20
Height: 1,80 m
Nationality: France
Position: Midfield - Attacking Midfield
Foot: right",0
2015-03-28T22:20:17Z,Les toulousains qui s'enjaillent parce qu'ils nous ont battu une fois sur 4 confrontations cette saison x) ( 3 victoires de Bordeaux ) ils font gavé rire. Sinon ça serait bien qu'ils se maintiennent quand même alors bonne chance pour la suite les gars :),0
2015-03-23T18:30:24Z,"J'en ai rien a foutre du téfécé de base, mais je viens de déménager à Toulouse, j'ai pas envie d'aller au stade pour voir Le Havre, donc ca me ferait vraient chier qu'ils descendent ^^",1
2015-03-23T15:35:26Z,"On a une équipe et un budget de ligue 1, on descendra pas en ligue 2 ( sauf si on continue de mettre Ahamada dans les buts ), quand on a des joueurs comme Akpa Akpro, ben Yedder et puis des future bons joueurs comme Doumbia, tu ajoute a ça le retour de prêt de Serge Aurier",0
2015-03-23T12:37:24Z,"Prestation indigne du côté bordelais ! Je pensais que les joueurs savaient qu'il ne fallait pas prendre Toulouse de haut... Au final une prestation ridicule face à une équipe de Toulouse pourtant très faible. On leur donne 3 points, tant mieux pour eux et pour leur maintien. Et nous on chialera en fin de saison des points connement perdus. La mentalité au FCGB ne change toujours pas.",1
2015-03-23T00:02:32Z,QUI NE SAUTE PAS N'EST PAS TOULOUSAIN !! Enfin toulouse reprend du poil de la bête pour tout Peter l'an prochaine en LIGUE 1 et péter Bordeau encore une fois,5
2015-03-22T23:50:47Z,"Quel arbitrage de génie, m'enfin on est plus à ça près en L1, sinon dommage qu'ils montrent pas les deux boulettes d'Ahmada c'était bien rigolo :)",0
2015-07-28T08:54:25Z,"Et ouais vous perdez toujours on vous baisé avec votre palmarès
",0
2015-03-28T07:31:32Z,Aller les lionais,0
2015-02-27T11:38:41Z,beau but de ol mais dommage cette annéé le TFC vont faire mal ,0
2014-08-29T18:56:42Z,Il y aurait pas Penalty pour Lacazette quand il blesse un toulousain??,1
2014-08-22T15:17:58Z,"quoi qu'il s'passe lyonnaise et y'en a assez :) ♥♥
#TeamOl ",0
2014-08-20T05:59:13Z,"ha, j'ai encore mal à comprendre ce qu'ils disent. Mon français a besoin d'être mieux!",0
2014-08-19T08:53:42Z,"Ben Yedder est tellement fort. Un joueur aussi technique j'aimerais le voir avec des joueurs de classe en EDF pour voir le résultat.
J'étais le premier pourfendeur de Casanova qui était trop frileux à mon gout. Je me dis désormais qu'il n'avait pas les joueurs qu'il voulait car désormais c'est vraiment bon.
Le 3-5-2 fonctionne en L1 aussi, ami marseillais. Donc Bielsa va peut être y arriver.",1
2014-08-18T19:15:12Z,Joli but des lyonnais <3,2
2014-08-18T11:37:54Z,Je  suis  Parisien  et  j'habite  a  Toulouse,0
2014-08-18T09:54:47Z,"Quesque il est bon ce Lopez je trouve, sinon de toute facon au stadium on perd toujours alors rien de grave...",3
2014-08-18T08:08:33Z,"Je HAIS LE STADIUM DE TOULOUSE !!!!!!!!
",5
2014-08-18T07:38:55Z,Pourri le 4-3-3 et on se remet au boulot pour Jeudi !,4
2014-08-18T06:14:17Z,"Dommage pour cette nouvelle défaite au Stadium et encore un blessé.... mais merci Lacazette de nous avoir ""sauvé"" !",4
2014-08-17T23:52:28Z,Beau match de Toulouse!,3
2014-08-17T22:51:51Z,"Bon match de Toulouse ! :) 
Lyon nous a malmenés a la fin ! 
Quel coup-franc de Ben Yedder aussi exceptionnel ce joueur ! ",5
2014-08-17T22:38:22Z,"Belle intelligence de jeux avec Yattara qui ""s'efface"" pour Lacazette, mais domage pour cette défaite :/",8
2014-10-21T10:40:42Z,MDR 0:26 l'OL n'a plus perdu depuis 40 ans dans votre stade de merde,1
2014-10-07T17:57:30Z,FORZA TOLOSA,1
2014-10-06T19:23:30Z,Quel but du TFC !,3
2014-10-06T00:43:21Z,"La grosse Arnaque stephanoise de l'année...Ricky vanswolfinkel!!!!!
1 but...en 1 an!!!!!",3
2014-11-04T16:52:33Z,Heureusement que Bordeaux gagne Toulouse on eu aucune action contrerement a Toulouse et bordeaux en force,0
2014-11-03T22:01:35Z,"Vous êtes sur que c'est à Bordeaux, y'a du public... 
",1
2014-11-03T15:34:28Z,Et le poteau de sertic sur cf ??,3
2014-11-03T15:29:32Z,"C est pas grave, toulouse va se venger dans le top14
",1
2014-11-03T07:52:35Z,rolan est rentré a la place de planus juste après le but de planus pas a la place de plasil qu'est qu'il raconte le commentateur il est sous acide surtout que c'est plasil qui fait la passe donc rolan ne peut pas l'avoir remplacé n'importe quoi parle pas c'est mieux en faite,0
2014-11-03T07:46:18Z,2 derby de la Garonne perdu en 1 semaine vous avez pas mal aux culs Toulouse ON EST CHEZ NOUS,0
2014-11-02T23:46:10Z,"Boah, et le cf de Sertic ?",3
2014-11-02T23:38:29Z,"Plasil, passeur décisif après avoir été remplacé à la 50e c'est fort...",4
2015-05-02T14:43:42Z,Kevin wimmer cologne please bro!!!!! ,0
2015-05-02T11:24:37Z,,0
2015-05-02T11:23:13Z,"#25 Adrien Rabiot
Paris Saint-Germain, Ligue 1
Date of birth: Apr 3, 1995
Age: 20
Height: 1,89 m
Nationality: France
Place of birth: Saint-Maurice, France
Position: Midfield - Central Midfield
Foot: left",0
2015-07-22T03:39:04Z,Who Tf is he gonna pass to on west ham? Andy Carroll? Lmaooooo,0
2015-07-07T14:31:05Z,dégouter mais bien vendu a c'est anglais qui controle tous . ta rouler trop vite payet dommage!!!!!!,0
2015-06-26T15:31:34Z,The NIGGA can assist like a king DAMN,0
2015-06-18T14:43:38Z,love the 4k man!,0
2015-05-17T19:33:05Z,"this guy was the highlight of OM's season 2014/2015, he was awesome all season long...",0
2015-04-25T19:54:26Z,,0
2015-04-15T13:10:31Z,"Nicola Sansone, Julian Brandt or Timo Werner next?",0
2015-04-11T14:16:23Z,"#17 Dimitri Payet
Olympique de Marseille, Ligue 1
Date of birth: Mar 29, 1987
Place of birth: Saint-Pierre Réunion
Age: 28
Height: 1,74 m
Nationality: France France    
Réunion  Réunion
Position: Midfield - Attacking Midfield
Foot: right",0
2015-06-07T13:36:42Z,keepers in this video are only for amateur level.....,1
2015-05-30T21:54:50Z,манерой игры и внешне схож с Матье Вальбуена.,0
2015-05-06T16:18:10Z,AWESOME,0
2015-05-03T17:03:09Z,"#27 Corentin Jean
ESTAC Troyes, Ligue 2
Date of birth: Jul 15, 1995
Place of birth: Blois  France
Age: 19
Height: 1,70 m
Nationality: France
Position: Striker - Centre Forward
Foot: right",0
2015-05-03T17:01:07Z,,0
2015-03-02T16:29:21Z,Un penalty des deux cotes sauf que celui en faveur du tèf n a pas été sifflé.  Aussi on peut souligner le tacle magnifique sans faute ou tous les verts se sont levés mdr ,1
2015-03-02T11:37:22Z,ALLEZ L'ASSE,0
2015-03-02T07:16:27Z,combien pour l' arbitre?? il a du recevoir un avion gratos dans son jardin no??? car il avait bien choisi son camp...,0
2015-03-02T00:51:48Z,Et le tacle non contrôlé pourquoi il y es pas??,0
2015-03-02T00:48:00Z,2 equipes nulles...1 attaque null...bref match nul et surtout match null!!!!!...a regarder,0
2015-03-01T23:21:41Z,"Ruffier mérite tellement mieux que ce club qui fera jamais mieux que l'Europa League, et quand on voit ce qu'ils font dans cette compétition...",1
2014-10-23T17:38:58Z,Aller lyon,0
2014-10-23T13:57:52Z,OM CHAMPION !,0
2014-10-23T11:46:09Z,Les supporters du PSG reconnaissaient que l'OM joue bien produit du bon jeux contrairement a vous plein argent ,0
2014-10-22T10:13:02Z,OL va s'imposer cher euxça c'est sûr face à l'Olympique de Marseille faut pas faut pas croire. L'OL et l'OM sont les équipes qui produisent le meilleur jeu en ligue 1 en ce moment. Ça sera un choc extraordinaire allez l'Olympique Lyonnais.,0
2014-10-21T21:00:06Z,Allez lom      dun supporterre de lille,1
2014-10-21T08:45:24Z,Allez l'om !!!!!!!!!!,0
2014-10-20T17:50:19Z,"algérien j aime l om j ai 44 ans je me rappelle de l époque de boli de papin de hoddle ,voller ,sosic  allez l om on est tous derrière vous ",1
2014-10-20T14:27:02Z,"Le jeu.. Le jeu juste avant le deuxième but.. un truc de ouf ! Une équipe complètement transformée (merci Bielsa, et continue comme ça à motiver tes troupes), le matche dimanche contre nos amis Lyonnais.. Pfouu ça va être chaud les gars ! Tout juste, les 2 grosses équipes de ce moment qui vont tout donner pendant 90 minutes, je ne raterais ce matche pour rien au monde !!! Allé L'OM ! 

ON CRAINT DEGUN ! ! !",2
2014-10-20T14:21:22Z,Aller L'OM!!,1
2014-10-20T13:42:23Z,"Beau match de l'OM, Toulouse malchanceux sur l'arbitrage, mais victoire tout de même méritée.

Mais juste, pour ce genre de vidéo résumée, le commentateur pourrait-il être un peu plus "" vivant  ?",0
2014-10-20T11:14:41Z,Les Lyonnais on vous attend ;) ! Forza OM,3
2014-10-20T07:50:07Z,"Le deuxieme but est chirurgicale !!!! 
Attention à marseille cette saison .",0
2014-10-20T07:40:29Z,allez l om cool lol bielsa,0
2014-10-20T07:39:22Z,"Ils ne montrent pas les deux penalties non siflé pour le TFC, sinon le second but marseillais est moins jolie a mon gout que ce lui du TFC face a Saint-Etienne
",2
2014-10-20T07:20:01Z,Allez l om on et le meilleur et on n a le meilleur buteurs aller l om,0
2014-10-20T07:10:30Z,Om va et champion 2014 2015 ,0
2014-10-20T05:19:08Z,"Record d’affluence au Vélodrome, c'était énorme et en plus la victoire au bout, encore Parfait. Allez L'OM ;) ",4
2014-10-20T01:22:41Z,Gros match dimanche qui arrive.,0
2014-10-20T00:00:59Z,Le 2eme but à montrer dans toutes les écoles....une merveille de conception....Wouahhhhh,0
2014-10-19T23:14:11Z,Nn le pire il on besoin d un joueur pour gagner voila l om  les star ,0
2014-10-19T22:35:32Z,Jattenf impatiemment paris marseille paris vas recup ibra et led thiago le match sera enorme : D  (supp marseillais),0
2014-10-19T21:46:29Z,Bielsa blessé groose brulure aux fesses hihihi,0
2014-10-19T21:27:25Z,Je suis parisien mais j'avoue ke en cmomen marseillais ils jouent bien,6
2014-10-19T21:23:14Z,marseille sa sera jamais le psg,0
2014-10-19T20:41:32Z,Bouh Marseille,0
2014-10-19T20:36:01Z,"Énorme 8 victoires consécutives !

Olympique de Marseille craint dégun frère !!!",31
2014-10-19T20:35:51Z,vraiment un commentateur de merde... ,14
2014-10-19T20:35:45Z,2eme ;),0
2014-10-19T20:34:34Z,First mdr non bonne vidéo ,0
2015-06-19T07:28:51Z,"Tigres rêvent de conquérir le Libérateur, les fans l'ont accueilli à bras ouverts. Salutations de Monterrey, au Mexique",4
2015-06-17T14:17:20Z,OjO!! Tengan cuidado con tigres!,1
2015-06-17T14:16:07Z,Thank for all  #Gignac have fun to Tigres UANL show them ur skill and represented  #OM   !,2
2015-06-12T17:02:12Z,TIGRES <3,0
2015-06-11T10:45:51Z,Welcome to Stoke,0
2015-05-14T17:06:02Z,"#9 André-Pierre Gignac
Olympique de Marseille, Ligue 1 (France)
Position:	Striker - Centre Forward
Date of birth:	Dec 5, 1985
Age:	29
Height:	1,87 m
Nationality:	France
Foot:	right
Contract until:	30.06.2015",3
2015-05-14T17:03:21Z,,0
2014-09-03T15:58:31Z,Mauvais arbitre ! Mais allez toulouse !!,0
2014-09-02T20:48:18Z,"Normalement il y a penalty mais il a mis un jaune pour ce qu'il a fait après.
 (Quand il fait semblant d'avoir mal)
",0
2014-09-02T05:49:16Z,Bravo au Tfc et à l'arbitre qui nous on bien tenue en échec,1
2014-09-01T12:25:36Z,L'eTG méritait la victoire et encore une fois l'arbitrage change le match …,0
2014-09-01T12:24:43Z,Merci de préciser qu'il y avait simulation sur la faute qui amène le cous franc et donc le but. C'est de la désinformation !!! ,1
2014-09-01T09:32:22Z,"Victoire au mental, donc victoire logique",1
2014-08-31T23:20:07Z,merde on méritait de gagner arbitrage catastrophique terrain de merde but hors jeu penaltie non sifler carton rouge inutile 1 contre 1 rater putin de TFC de merde club de chevre ,5
2014-08-31T22:14:05Z,Allez l'ETG ! ♥,5
2015-06-22T16:31:03Z,Superbe,0
2015-04-29T16:33:55Z,"quelle clacete de benjamin le compte
",0
2015-04-05T14:52:52Z,Wesh pourquoi tout le temps Paris ?,0
2015-04-03T17:15:17Z,L'arrêt de Pouplin sur le tir de Dabo !!,0
2015-04-02T14:28:50Z,"Steve Madanda , Lopes ??? hay người hùng của Monaco - thủ thành Subasic , ai làm việc hiệu quả thì người đó xứng đáng với các danh hiệu thôi",1
2015-04-01T14:35:20Z,Lopes contre Paris ??,0
2015-03-31T17:24:27Z,les 3 premiers tirs sont de Paris ce qui montre le manque de realisme en ce momeeent,0
2015-03-31T16:19:28Z,Quels arrets de Carasso! Frachement superbes!,0
2015-03-29T22:26:58Z,Areola 😂,0
2015-03-28T23:01:53Z,"Areola c'est le joueur qui tire mal son péno hein, c'est tout :p Celui de Carrasso pareil, le joueur tire sur le gardien...",0
2015-03-28T11:11:49Z,areola enorme aller paris paris est magique marseille est tragique,0
2015-03-28T11:10:15Z,paris faut qui achete est autre gardien,0
2015-03-28T11:08:44Z,"Un penalty n○ 1 c une blague!!!!! En quoi un arrêt de peno devrait être 1er
(Qu'il soient bastiais ou non)",0
2015-03-28T10:56:08Z,la parade de Pouplin est juste magnifique ,0
2015-03-27T22:21:24Z,Juste pourquoi un détournement de penalti est en 1ere place??,0
2015-03-27T22:16:19Z,Pouplin magnifique,0
2015-03-27T21:55:28Z,c'est une blague 1er areola il n'a rien d'exceptionnel,1
2015-03-27T21:00:55Z,Riou ❤️💛,0
2015-03-27T19:09:35Z,Areola 1er alors k'il arrete un péno les peno c 1 chance sur 2 ke Riou ou Pouplin font une magnifique parade,2
2015-03-27T13:46:42Z,"je comprend pas ce top ... mettre l'arrêt du penalty est beau certes, mais l'arrêt d'agassa sur la volée de kurzawa mérité 100x + que ce soit a la 5e place a la place de zlatan ou même du penalty raté de kurzawa ...",1
2015-03-27T13:42:17Z,MDRR Areola tu l'enlèves et tu mets Pouplin en 1ère place.,9
2015-03-27T11:16:18Z,Aréola <3 Euro 2016 gardien titulaire de la France on y croit,0
2015-03-27T10:38:08Z,Celui de Riou est magnifique,7
2015-03-27T09:47:30Z,Et encore ils auraient pu mettre les 5 actions avec des gardiens face à Paris tellement ils ont vendangé ou alors c'est les gardiens qui font le match de leurs vie,0
2015-03-27T09:46:38Z,Conclusion : les gardiens sortent le match de leur vie face à Paris à chaque fois... Sans ca cette equipe serai serai sûrement devant avec plus de point qu'actuellement sur le second ;-),1
2015-03-27T09:04:44Z,"Le meilleur est le numéro 2

Sinon celui de Lecomte et de Riou sont normaux hein rien de particulier",0
2015-03-27T06:35:57Z,de très beau sauf la 5eme,0
2015-03-27T05:53:17Z,En gros quand tu fais un arrêt contre Paris tes un bon gardien ? Mouais. Mais il faut reconnaître que les parades étaient très belles ma préférée est celle de Pouplin ,19
2015-03-27T05:42:50Z,Normal c'est la meilleure equipe de france,0
2015-03-27T05:37:53Z,3/5 c'est le psg :/,1
2014-09-12T19:11:18Z,Issa nissa,0
2014-09-11T22:00:44Z,algerien   1   2   3  viva la algeri,0
2014-09-10T15:28:16Z,Alexy bosetti !Neal maupey ! Mendy ! .... Bref pour tout les niçois ISSA NISSA,0
2014-09-10T14:50:47Z,"1:03  ""putain il est tease lui !"" Mdr",0
2014-09-10T14:45:42Z,Futur grand joueurs en equipe de france pro ! ,1
2014-09-10T13:53:57Z,aller la France,2
2015-03-18T14:26:49Z,le meilleur pour moi cette saison une belle renaissance de notre gardien félicitation a lui pour son travail et espérons qu'il continuera et qu'il en sera récompensé comme tous les joueurs malgrès les défaites imméritées continuent dit croire merci a eux.,0
2015-03-18T13:29:26Z,"Le montage de ce classement a été finalisé juste avant la rencontre face au PSG... Effectivement, son arrêt sur la tête de David Luiz méritait de figurer dans ce top 10 (et assez haut même)...",1
2015-03-17T17:33:22Z,l arret contre zlatan face a face etait beau aussi,0
2015-03-17T16:53:28Z,la double parade contre le PSG au parc meritait....,3
2015-03-17T16:38:02Z,Super gardien ! 👌🙏❤️,0
2014-08-24T22:06:56Z,Penalty bien tiré mais la main est sévère!,0
2015-07-23T21:21:06Z,Great :D,1
2015-06-29T10:36:16Z,Inchallah il va choisir l'Algérie,2
