publish_date,title,view_count
2014-09-28T22:00:03Z,Toulouse FC - Paris Saint-Germain (1-1) - Highlights - (TFC - PSG) / 2014-15,5069
2014-10-19T21:23:32Z,Olympique de Marseille - Toulouse FC (2-0) - Highlights - (OM - TFC) / 2014-15,9956
2014-10-26T23:00:04Z,Toulouse FC - RC Lens (0-2) - Highlights - (TFC - RCL) / 2014-15,1540
2014-09-14T22:00:04Z,Stade de Reims - Toulouse FC (2-0) - Highlights - (SdR - TFC) / 2014-15,1540
2015-03-08T22:59:59Z,Toulouse FC - Olympique de Marseille (1-6) - Highlights - (TFC - OM) / 2014-15,4846
2014-08-17T22:00:03Z,Toulouse FC - Olympique Lyonnais (2-1) - Highlights - (TFC - OL) / 2014-15,3568
2014-09-25T22:00:04Z,Stade Rennais FC - Toulouse FC (0-3) - Highlights - (SRFC - TFC) / 2014-15,1441
2014-09-21T22:00:06Z,Toulouse FC - SM Caen (3-3) - Highlights - (TFC - SMC) / 2014-15,1705
2015-03-15T23:00:00Z,RC Lens - Toulouse FC (1-0) - Highlights - (RCL - TFC) / 2014-15,1177
2014-08-10T22:00:03Z,OGC Nice - Toulouse FC (3-2) - Highlights - (OGCN - TFC) / 2014-15,4179
2014-08-24T22:06:01Z,SC Bastia - Toulouse FC (1-0) - Highlights - (SCB - TFC) / 2014-15,2296
2014-10-05T18:35:13Z,AS Saint-Etienne - Toulouse FC (0-1) - Highlights - (ASSE - TFC) / 2014-15,2023
2014-11-02T23:00:06Z,Girondins de Bordeaux - Toulouse FC (2-1) - Highlights - (GdB - TFC) / 2014-15,1593
2015-02-25T11:07:41Z,Paul-Georges Ntep | Stade Rennais ► Skills Dribbling All Goals /2015/ Full HD 1080p,42476
2015-03-01T23:00:00Z,Toulouse FC - AS Saint-Etienne (1-1) - Highlights - (TFC - ASSE) / 2014-15,1123
2014-09-04T13:30:03Z,TOP 5 Saves August / 2014-2015,3100
2015-05-07T12:25:38Z,Sofiane Boufal /7/ OSC Lille ► Skills Dribbling Assists Goals /4K Ultra HD/ 2014-2015,31683
2014-09-14T22:00:03Z,Stade de Reims - Toulouse FC (2-0)  - Résumé - (SdR - TFC) / 2014-15,13510
2015-03-24T13:15:14Z,Claudio Beauvue &quot;NEW&quot; Celta de Vigo - Skills Dribbling Goals - 2015/16 4K,49111
2014-08-10T22:00:04Z,OGC Nice - Toulouse FC (3-2)  - Résumé - (OGCN - TFC) / 2014-15,43587
2014-10-26T23:00:05Z,Toulouse FC - RC Lens (0-2)  - Résumé - (TFC - RCL) / 2014-15,26183
2014-08-31T22:00:03Z,Toulouse FC - Evian TG FC (1-0) - Highlights - (TFC - ETG) / 2014-15,1372
2014-09-14T15:03:54Z,Toulouse FC - Stade de Reims 0 - 2 |,108
2014-08-24T22:00:35Z,SC Bastia - Toulouse FC (1-0)  - Résumé - (SCB - TFC) / 2014-15,13805
2014-09-21T22:01:24Z,Toulouse FC - SM Caen (3-3)  - Résumé - (TFC - SMC) / 2014-15,23951
2014-09-25T22:00:05Z,Stade Rennais FC - Toulouse FC (0-3)  - Résumé - (SRFC - TFC) / 2014-15,15184
2014-10-19T12:24:11Z,André-Pierre Gignac - Perfect Striker - Skills Dribbling Goals |HD|,25414
2014-09-28T22:00:04Z,Toulouse FC - Paris Saint-Germain (1-1)  - Résumé - (TFC - PSG) / 2014-15,53596
2015-03-15T22:59:59Z,RC Lens - Toulouse FC (1-0)  - Résumé - (RCL - TFC) / 2014-15,26383
2015-03-08T23:00:00Z,Toulouse FC - Olympique de Marseille (1-6)  - Résumé - (TFC - OM) / 2014-15,226716
2015-03-23T17:02:52Z,Morgan Sanson /20/ Montpellier ► Assists &amp; Goals /4K Ultra HD/ 2015,9242
2015-03-22T23:00:00Z,Toulouse FC - Girondins de Bordeaux (2-1)  - Résumé - (TFC - GdB) / 2014-15,20624
2014-08-17T22:00:04Z,Toulouse FC - Olympique Lyonnais (2-1)  - Résumé - (TFC - OL) / 2014-15,52503
2014-10-05T20:42:25Z,AS Saint-Etienne - Toulouse FC (0-1)  - Résumé - (ASSE - TFC) / 2014-15,23447
2014-11-02T23:00:08Z,Girondins de Bordeaux - Toulouse FC (2-1)  - Résumé - (GdB - TFC) / 2014-15,18311
2015-05-02T11:02:01Z,Adrien Rabiot /25/ PSG ► Skills Dribbling Goals /4K Ultra HD/ 2015,13775
2015-04-11T13:47:22Z,Dimitri Payet /17/ &quot;NEW&quot; West Ham United ► Assists &amp; Goals /4K Ultra HD/ 2015,31257
2015-05-03T16:46:33Z,Corentin Jean /27/ &quot;NEW&quot; Monaco ► Skills Dribbling Goals /4K Ultra HD/ 2015,6898
2015-03-01T23:00:00Z,Toulouse FC - AS Saint-Etienne (1-1)  - Résumé - (TFC - ASSE) / 2014-15,16674
2014-10-19T20:30:48Z,Olympique de Marseille - Toulouse FC (2-0)  - Résumé - (OM - TFC) / 2014-15,116670
2015-05-14T16:30:28Z,André-Pierre Gignac &quot;NEW&quot; Tigres UANL /2015/ Skills Dribbling Goals ► Marseille /4K Ultra HD/,45759
2014-08-31T22:00:03Z,Toulouse FC - Evian TG FC (1-0)  - Résumé - (TFC - ETG) / 2014-15,14397
2015-03-27T03:31:01Z,Top Arrêts Mars - 2014/2015,30315
2014-09-10T13:46:49Z,Kazakhstan France et France Islande Espoirs : dans l&#39;intimité des Bleuets,4630
2015-03-17T16:28:59Z,Les meilleurs arrêts de Rudy Riou,6428
2014-08-01T14:48:16Z,King Garden 2,617
2014-08-24T22:00:03Z,But Ryad BOUDEBOUZ (24&#39; pen) / SC Bastia - Toulouse FC (1-0) -  (SCB - TFC) / 2014-15,8680
2014-11-13T17:51:17Z,Les dix buts Prix Puskas 2014,2875
2015-06-22T14:34:54Z,"IDRISS SAADI 2014-2015 [HD] Buts, Passes , Dribbles [L2T N°2]",57992
2014-12-14T12:54:56Z,Sondrio vs MapelloBonate  Jun Naz,535
