published-time,comment,likes
2015-07-29T14:16:37Z,"J-2 avant la reprise du championnat de Ligue 2 !
En attendant revivez les 18 buts de Mickael  #LeBihan , meilleur buteur de la saison dernière !

A votre avis, le meilleur buteur de cette nouvelle saison 2015-2016 dépassera t-il ce total de 18 buts ?",2
2015-07-23T21:35:52Z,Futur stephanois  allez les verts!!!!!!!,1
2015-06-30T18:18:30Z,Welcome to Toulouse ! :p,0
2015-06-16T14:21:01Z,"Revivez en vidéo  les 18 buts de Mickael #LeBihan du #HavreAC !
Lequel préférez-vous ?",1
2015-06-12T14:06:40Z,Description de la vidéo...,0
2015-06-12T13:51:47Z,Il a mit combien se but,0
2015-07-02T23:15:45Z,Looks too good for that league,0
2015-07-02T23:14:29Z,Scores some very good goals,0
2014-09-25T15:25:02Z,Dembélé pas ici ? Talonnade en pivot qui fait grand pont sur le défenseur + But ! Il faut quoi de plus ? Le Tallec fait un Ronaldo Shop peut être mais il a de l'espace ..,2
2014-09-25T14:08:10Z,#Ligue2 - Revivez les plus beaux buts de la 8ème journée de Ligue 2 en vidéo,1
2014-09-25T10:08:57Z,D'accord avec les deux premiers mais les buts de Dembélé avec Nancy et de Bréchet avec le Gazélec auraient pu être 3ème.,1
2015-02-21T12:38:29Z,j'adore,0
2015-02-04T13:02:51Z,"Un arbitrage digne des grands matchs corse :') (cc GFC Ajaccio)

Un lavallois.",0
2015-02-04T12:31:54Z,Ah oui et ceux qui critiquent le stade vous avez vu au Stade du Hainaut svp...+ c'est lundi donc obligatoirement peu de personnes,0
2015-02-04T12:30:55Z,"Mdr vous ragez tous 
L'arbitre pro HAC...LOL
Il nous met Peno et rouge et vous osez dire PRO HAC avouez votre défaite c'est bon hein....",1
2015-02-04T06:18:22Z,Quel stade plein a craquer ...,0
2015-02-03T15:45:20Z,"n importe quoi!!! un jaune pour les deux !! mais jamais un rouge, trop fort les arbitres français bande de brelle !! les joueur ne sont peut êtres pas terrible mais les arbitres c'est le pompon !!",1
2015-02-03T14:50:24Z,carton rouge de merde --' vive les arbitres de merdes et l'autre qui lui empeche de prendre le ballon sa s'appelle de l'anti jeu et on dot rien ? pfff arbitre de district va,1
2015-02-03T13:57:49Z,Et pourquoi le joueur du havre n'a rien eu ? (le mieux sa aurait été jaune pour les deux joueurs ),0
2015-02-03T13:55:23Z,Ya jamais rouge c'est pas mérité,1
2015-02-03T13:26:26Z,"Moi je trouve le rouge normal, si les arbitres mettaient plus souvent rouge pour ces gestes d'humeur les joueurs arreteraient dr s'énerver aussi facilement, il met presque une claque au joueur Havrais en le repoussant.",1
2015-02-03T12:55:41Z,pourquoi le rouge bernar casoni doit etre en colère et je comprend,0
2015-02-03T12:11:17Z,"La honte... Un carton rouge pour rien pour le VAFC, et un jeux médiocre en prime, au moins y a eu des buts j'espère que VA va se réveiller. Supporter sochalien ",0
2015-02-03T12:09:33Z,Valenciennes est mauvais en ce moment c'est bon pour auxerre vendredi,0
2015-02-03T11:16:45Z,#Ligue2 - J22 - Revivez les meilleurs moments de Havre AC - Valenciennes FC (3-1) en vidéo !,2
2015-07-06T11:07:44Z,allez brest,0
2015-06-04T08:11:05Z,ya meme pas de creteil tours ya santamaria et aussi andriatsima,0
2015-06-01T21:36:28Z,Ce champs de patate le terrain de Clermont 😱,0
2015-05-27T13:11:07Z,"J38 - Revivez les plus beaux buts de la 38ème journée sur la chaîne officielle Youtube ‪#‎Ligue2‬ ! Et vous, lequel préférez-vous ? ",7
2015-05-24T08:29:50Z,Le but de videmont n y est pas c est bizzare,0
2014-12-02T15:57:57Z,C'est quoi ce terrain niveau DH,0
2014-12-02T00:49:30Z,J'ai fais un arrêt sur image sur l'égalisation à 1-1 des havrais et Sao a un demi-mètre d'avance sur le dernier défenseur (harek) et sur le but refusé de Maoulida il est sur la même ligne enfin la caméra est mal placée mais bon...bref on aurait pu le gagner ce match mais c'est un bon point au final,0
2014-11-30T02:20:50Z,Le meme resultat que nimes-lens la saison derniere !!!,2
2015-04-12T12:15:04Z,Je savais pas que Laurent Fabius était devenu arbitre...,1
2015-04-12T00:05:01Z,"♫ Givet ou j'y vais pas , givet ou j'y vais pas ♫",0
2015-04-26T14:22:28Z,First,0
2015-04-25T23:53:29Z,Jeu en triangle avec l'arbitre !,1
2014-12-27T20:43:27Z,et le but de martins pereirra il est ou ???????????????,0
2014-12-23T10:11:41Z,#Ligue2 - J18 - Revivez les plus beaux buts de la 18ème journée de Ligue 2 en vidéo sur la chaîne officielle YouTube !,1
2014-12-21T11:11:27Z,"Que des buts à l’extérieur, on entend le stade prendre le seum à chaque fois",4
2014-08-28T18:13:06Z,Vafc sa sent le national,0
2014-08-26T14:45:19Z,"#Ligue2 - Classement des buteurs - Avec un doublé lors de la première période, Mickaël Le Bihan a bien contribué à la première victoire du Havre AC cette saison en Ligue 2, contre le VAFC (0-4). http://bit.ly/1vL2elp",0
2014-08-25T22:50:30Z,MDR le gardien sur le 2e but,0
2014-08-25T16:16:43Z,c'est VA qu'a bug !?,0
2014-08-24T08:44:29Z,Vu les statistiques à la fin y a un bug a mon avis,3
2014-11-02T00:16:04Z,Heu Jérôme Leroy ne se rate pas devant abdoulaye diallo qui est son gardien,3
2015-02-24T16:28:05Z,"#Ligue2 - Classement des buteurs - Mickaël Le Bihan répond présent !
L’attaquant du Havre AC a inscrit sa 12e réalisation lors de la 25e journée et récupère ainsi la 2e place du classement officiel des buteurs de Ligue 2 - http://www.lfp.fr/ligue2/article/mickael-le-bihan-repond-present.htm",3
2015-02-23T11:03:26Z,#Ligue2 - J25 - Retrouvez les résumés des matchs du week-end sur la chaîne officielle Youtube !,2
2015-02-20T00:47:46Z,"Ya pas de supporter au havre,  comment sa se passe ;-)",0
2015-02-15T18:23:08Z,C'est normal qu'a l'entrée des joueurs il n'y ait pas de drapeaux de Clermont ?,0
2015-02-15T10:29:45Z,Oui nous sommes les Havrais ! ,0
2015-01-14T05:55:45Z,Allez le hac,0
2014-08-26T10:17:15Z, #Ligue2   Revivez les plus beaux buts de la 4ème journée de Ligue 2 en vidéo !,1
2014-08-24T21:45:53Z,Le 4ème but du GFC Ajaccio n'est même pas présent alors que c'est le plus beau de la journée ..,0
2014-08-24T07:26:00Z,"Après deux défaites, le HAC a fait le show à VA !",1
2014-09-22T18:40:03Z,Bryan Bergougnoux la base,0
2014-09-22T13:56:31Z,#Ligue2 - Revivez les plus beaux buts de la 7ème journée de Ligue 2 en vidéo,1
2014-09-21T07:59:04Z,Aller sochaux,1
2014-09-21T07:20:44Z,"Vive nancy 
 !! Trop beau le but ",0
2014-09-20T22:14:23Z,Quel promenade pour Nancy ,0
2015-05-02T22:38:44Z,Vous montrez pas la faute où Issam Chebbake est K.O sur le but de Laval pff match volé,0
2014-12-30T19:41:49Z,Normands soyons conquérants,0
2014-10-06T08:39:34Z,"#Ligue2 - J10 - Retrouvez les résumés des 9 premiers matchs de la 10e journée de Ligue 2 sur la chaîne officielle Youtube Ligue 2 ! 
http://bit.ly/1yGPcux",1
2014-11-08T23:04:58Z,Lol la glissade du gardien Thébaux.,0
2014-11-08T23:00:50Z,First!,0
2015-03-03T13:49:27Z,"#Ligue2 - Classement des buteurs - Mickaël Le Bihan grignote ! 
La première place de Jonathan Kodjia (Angers SCO) ne tient qu’à un fil après la 13e réalisation de Mickaël Le Bihan (HAC) lors de la 26e journée de Ligue 2 - http://www.lfp.fr/ligue2/article/mickael-le-bihan-grignote.htm",2
2015-03-01T10:05:57Z,Guichets fermés,0
2014-12-29T16:21:16Z,Adrianot et Simao vont signer au HAC,0
2015-02-24T13:27:38Z,Abonne vous a moi. SVP,0
2015-02-22T10:51:56Z,But de l'uso magnifique ;),0
2015-02-22T10:41:48Z,Et gragnic?,0
2015-07-20T20:15:46Z,Welcome to Bristol City!,4
2015-07-20T16:49:51Z,hope its true... WELCOME TO ASHTON GATE :-),9
2015-07-02T17:04:06Z,Des petits lobs et des pénos.,0
2015-06-29T15:59:02Z,This is my niggah,1
2015-06-26T11:09:17Z,"Revoyez les 15 buts de Jonathan  #Kodjia , attaquant Angers SCO ! Quels sont vos buts préférés ?",1
2015-06-23T05:58:48Z,A 1:22 il  c amuser,5
2015-06-22T15:51:07Z,Le Meilleur,2
2015-06-22T15:47:14Z,#bestplayer,2
2015-06-22T13:45:41Z,TROP FORT JONATHAN ALLEZ le SCO,9
2015-01-29T07:49:14Z,Très gros manque de réalisme côté havrais,0
2015-01-11T14:28:05Z,"Le stade du Havre fait trop pitié, y'a personne !!!!!",0
2015-05-10T16:53:46Z,Allez le hac,1
2015-03-10T17:06:46Z,"#Ligue2 - Classement des buteurs - Mickaël Le Bihan de retour au Top !
Ancien leader, l’attaquant du Havre AC retrouve les commandes du classement officiel des buteurs de Ligue 2 après la 27e journée et sa 14e réalisation - http://bit.ly/1AdbjVe",1
2015-03-08T19:48:40Z,Dijonnais ! :D,0
2015-03-08T17:22:57Z,La faute imaginaire en dehors de la surface...,2
2015-03-08T09:38:12Z,Aller dijon,1
2015-03-23T08:50:05Z,SCO SCO SCO,0
2015-03-22T21:46:56Z,Aller sco,0
2015-03-22T09:46:27Z,Aller le sco et direction la ligue 1 en fin de saison !!!!!!!!!!,1
2015-03-22T06:54:50Z,Allez le sco ,0
2014-08-10T11:59:19Z,"c'est le havre, pas troyes ...",6
2015-04-29T09:46:05Z,"le def de Sochaux qui leve le bras sur l'ouverture pour gamboa , lâche totalement le bihan, le but est pour lui. Allez le hac",0
2015-04-28T15:14:54Z,#Ligue2 - Classement des buteurs - De l’air pour Mickaël Le Bihan ! http://www.lfp.fr/ligue2/article/de-l-air-pour-mickael-le-bihan.htm,3
2015-04-25T22:29:47Z,"C'est bizarre,le ralenti ne montre pas le penalty non sifflé pour sochaux 
",1
2014-11-02T13:52:25Z,Mana Dembele! ♥♥♥♥♥♥♥♥♥,2
2014-11-02T13:09:01Z,la 13eme journée n est pas terminée mais bon...,1
2014-11-02T13:03:25Z,Aller angers aller nantes,0
2014-11-02T12:23:25Z,Faudra quon mexplique pq le dernier il es dans le classemen,2
2014-11-02T10:34:30Z,First,0
2014-12-30T19:43:15Z,Adriano et Simao surement en tout cas j espère,1
2014-09-21T19:00:51Z,allez le hac ,4
2015-03-08T11:17:34Z,Tours FC <3,1
2015-03-08T11:07:24Z,le premier et le dernier sont magnifique :o,2
2015-05-03T11:26:12Z,"Celui qui fait les vidéos des plus beaux buts de Ligue 2 est vraiment un branleur de première, déjà on dirait qu'il choisi aléatoirement parmi les plus beaux buts, il en met que 3 alors qu'on pourrait en mettre au moins 5 et puis l'ambiance de la vidéo est quasiment morte ! Une petite musique en fond ça tuerait personne !",1
2015-05-03T07:00:29Z,Et pas le coup franc de mangani !!??,2
2015-07-18T11:16:33Z,https://www.facebook.com/events/467392470087811/,0
2015-07-10T22:23:11Z,J'espère que l'ESTAC se maintiendra l'année prochaine. Ils ont clairement survolé la L2 !,0
2015-06-29T19:49:25Z,Aller la berri,0
2015-06-29T16:06:15Z,"Revivez les plus beaux buts de l'ESTAC Troyes ! Champion de France de  #Ligue2  2014-2015 !
Quels sont vos buts préférés ?",9
2015-06-29T13:41:07Z,"Que de buts magnifiques ! Avec une petite préférence pour le dernier qui est un monstre de but collectif ! 😍
Je vous souhaite une bonne saison en Ligue 1 (oui je pense que vous y jouerai car Lens a su l'année passée) ! (Supp Lensois) ",4
2015-06-29T07:49:08Z,Les buts sont magnifique  et je shouaite a l'estac une bonne saison en ligue 1,3
2015-06-26T19:23:22Z,Saison magique encore merci l'ESTAC !,4
2014-08-31T10:31:44Z,"sur le but havrais, on peut pas faire grand chose, super action. et n'doye jme rappelle meme plus de son but vous auriez au moins pu le filmer ",0
2014-08-31T08:39:53Z,Le but ndoye n'existe pas ? ,0
2014-08-31T00:21:24Z,Et le but de Creteil ?,5
2015-03-01T22:06:14Z,jamais un but de sochaux :'(,0
2015-03-01T19:55:50Z,"Je préfère l'autre gardien de Nancy que que Nardi, celui ci fait trop de boulettes. 
Je comprends pas pourquoi Monaco l'a acheté. Nardi n arrivra jamais à pesé sur Subasic et Sketelenburg",0
2015-03-01T12:04:41Z,"Mdr le gardien sur  le 2eme but!
",0
2015-03-01T10:54:40Z,Le but d'Orléan... ÉNORME ! ! ! Mais les 2 autres bof,1
2015-03-01T10:40:23Z,Super,0
2015-04-17T08:50:04Z,"Gudd gemach Roby!
Vill Gréiss äus Ost Däitschland.",0
2015-04-14T20:14:43Z,sa c'était un vraie buteur :),3
2015-04-14T17:45:38Z,Pour Roby aller aller,3
