publish_date,title,view_count
2015-06-12T13:22:04Z,Le meilleur de Mickaël Le Bihan 2014/2015 - Ligue 2,18898
2015-05-10T13:45:58Z,Mickaël Le Bihan / saison 2014-2015 / Le Havre AC / Goal #SuperLeBihan,57
2015-05-27T00:02:27Z,Mickael Le Bihan | French Superstar,3528
2014-09-24T21:30:01Z,Top buts 8ème journée - Ligue 2 / 2014-15,2376
2015-02-03T11:00:01Z,Havre AC - Valenciennes FC (3-1)  - Résumé - (HAC - VAFC) / 2014-15,7491
2014-09-24T22:00:04Z,AC Ajaccio - Havre AC (0-1)  - Résumé - (ACAJ - HAC) / 2014-15,3259
2015-04-29T17:56:03Z,Havre AC - Nîmes Olympique (2-0)  - Résumé - (HAC - NIMES) / 2014-15,2735
2015-05-23T22:00:09Z,Top buts 38ème journée - Ligue 2 / 2014-15,6066
2014-11-29T23:00:05Z,Nîmes Olympique - Havre AC (3-3)  - Résumé - (NIMES - HAC) / 2014-15,6899
2015-04-11T21:59:59Z,AC Arles Avignon - Havre AC (0-1)  - Résumé - (ACA - HAC) / 2014-15,1885
2015-04-25T22:03:31Z,Top buts 33ème journée - Ligue 2 / 2014-15,3364
2014-12-21T10:30:00Z,Top buts 18ème journée - Ligue 2 / 2014-15,2896
2014-08-23T22:00:02Z,Valenciennes FC - Havre AC (0-4)  - Résumé - (VAFC - HAC) / 2014-15,14643
2014-11-01T23:00:03Z,Havre AC - AC Arles Avignon (2-0)  - Résumé - (HAC - ACA) / 2014-15,3926
2015-05-16T22:00:00Z,Châteauroux - Havre AC (0-0)  - Résumé - (LBC - HAC) / 2014-15,1271
2015-02-21T22:59:59Z,ESTAC Troyes - Havre AC (2-2)  - Résumé - (ESTAC - HAC) / 2014-15,6391
2015-05-23T22:00:00Z,Havre AC - AJ Auxerre (2-1)  - Résumé - (HAC - AJA) / 2014-15,3493
2015-02-14T22:59:59Z,Havre AC - Clermont Foot (3-1)  - Résumé - (HAC - CF63) / 2014-15,4718
2014-08-24T07:00:45Z,Top buts 4ème journée - Ligue 2 / 2014-15,4448
2014-09-20T22:00:03Z,Top buts 7ème journée - Ligue 2 / 2014-15,3191
2015-05-02T22:00:00Z,Stade Lavallois - Havre AC (1-1)  - Résumé - (LAVAL - HAC) / 2014-15,2839
2014-08-09T22:38:36Z,Top buts 2ème journée - Ligue 2 / 2014-15,3843
2014-10-04T18:56:30Z,US Orléans - Havre AC (2-2)  - Résumé - (USO - HAC) / 2014-15,6183
2014-11-08T23:00:01Z,Stade Brestois 29 - Havre AC (1-0)  - Résumé - (SB29 - HAC) / 2014-15,5489
2015-03-14T22:59:59Z,Havre AC - US Orléans (3-1)  - Résumé - (HAC - USO) / 2014-15,4513
2015-02-28T22:59:59Z,Havre AC - AC Ajaccio (2-1)  - Résumé - (HAC - ACAJ) / 2014-15,4263
2014-12-20T23:00:03Z,Tours FC - Havre AC (3-2)  - Résumé - (TOURS - HAC) / 2014-15,6362
2014-11-30T10:30:01Z,Top buts 16ème journée - Ligue 2 / 2014-15,2219
2015-02-22T10:30:00Z,Top buts 25ème journée - Ligue 2 / 2014-15,1950
2015-06-22T13:29:29Z,Jonathan Kodjia : ses 15 buts de la saison 2014/2015 - Ligue 2,21668
2015-01-24T23:00:03Z,Havre AC - Chamois Niortais (1-1)  - Résumé - (HAC - NIORT) / 2014-15,1928
2014-08-16T22:00:02Z,Chamois Niortais - Havre AC (1-0)  - Résumé - (NIORT - HAC) / 2014-15,3214
2015-01-10T23:00:08Z,Havre AC - Châteauroux (1-1)  - Résumé - (HAC - LBC) / 2014-15,2130
2015-05-09T22:00:00Z,Havre AC - Tours FC (0-1)  - Résumé - (HAC - TOURS) / 2014-15,3443
2015-03-07T22:59:59Z,Dijon FCO - Havre AC (1-1)  - Résumé - (DFCO - HAC) / 2014-15,4130
2015-03-21T22:59:59Z,Angers SCO - Havre AC (1-0)  - Résumé - (SCO - HAC) / 2014-15,5303
2014-08-09T22:00:02Z,Havre AC - GFC Ajaccio (1-1)  - Résumé - (HAC - GFCA) / 2014-15,4917
2015-02-07T23:00:01Z,US Créteil-Lusitanos - Havre AC (0-0)  - Résumé - (USCL - HAC) / 2014-15,1369
2015-03-15T10:30:01Z,Top buts 28ème journée - Ligue 2 / 2014-15,1882
2014-10-18T18:22:23Z,Havre AC - Angers SCO (1-0)  - Résumé - (HAC - SCO) / 2014-15,5786
2015-04-25T22:00:00Z,FC Sochaux-Montbéliard - Havre AC (0-1)  - Résumé - (FCSM - HAC) / 2014-15,3837
2014-11-02T10:30:03Z,Top buts 13ème journée - Ligue 2 / 2014-15,3072
2014-09-20T22:00:02Z,Havre AC - ESTAC Troyes (3-2)  - Résumé - (HAC - ESTAC) / 2014-15,8833
2015-03-08T10:30:01Z,Top buts 27ème journée - Ligue 2 / 2014-15,3344
2015-05-02T22:02:57Z,Top buts 35ème journée - Ligue 2 / 2014-15,3154
2015-06-29T07:41:44Z,Les plus beaux buts de l&#39;ESTAC Troyes 2014/2015 - Ligue 2,11779
2014-09-30T15:40:11Z,Top buts 9ème journée - Ligue 2 / 2014-15,1451
2014-08-30T22:00:01Z,Havre AC - US Créteil-Lusitanos (1-1)  - Résumé - (HAC - USCL) / 2014-15,4428
2015-03-01T10:30:01Z,Top buts 26ème journée - Ligue 2 / 2014-15,1721
2015-04-14T15:51:50Z,1989-1990 : les 22 buts de Roby Langers,10000
