publish_date,title,view_count
2014-08-05T10:00:04Z,Stade Brestois 29 - Clermont Foot (2-1)  - Résumé - (SB29 - CF63) / 2014-15,11950
2014-10-25T01:21:49Z,Moulin après Clermont,203
2015-02-28T23:00:00Z,Clermont Foot - Valenciennes FC (0-0)  - Résumé - (CF63 - VAFC) / 2014-15,2382
2014-10-25T22:00:02Z,Angers SCO - Clermont Foot (3-0)  - Résumé - (SCO - CF63) / 2014-15,8650
2014-09-24T19:26:25Z,Valenciennes FC - Clermont Foot (2-1)  - Résumé - (VAFC - CF63) / 2014-15,5962
2014-11-01T23:00:02Z,Clermont Foot - Nîmes Olympique (3-0)  - Résumé - (CF63 - NIMES) / 2014-15,3641
2014-09-30T10:00:03Z,Clermont Foot - ESTAC Troyes (1-0)  - Résumé - (CF63 - ESTAC) / 2014-15,3414
2015-03-21T22:59:59Z,AC Ajaccio - Clermont Foot (1-2)  - Résumé - (ACAJ - CF63) / 2014-15,2774
2014-08-09T22:00:01Z,Clermont Foot - AJ Auxerre (1-1)  - Résumé - (CF63 - AJA) / 2014-15,6036
2015-04-28T22:00:00Z,Clermont Foot - FC Sochaux-Montbéliard (0-0)  - Résumé - (CF63 - FCSM) / 2014-15,1873
2015-03-14T23:00:00Z,Clermont Foot - Dijon FCO (2-5)  - Résumé - (CF63 - DFCO) / 2014-15,11692
2014-12-13T23:00:04Z,Clermont Foot - Tours FC (2-2)  - Résumé - (CF63 - TOURS) / 2014-15,3271
2015-01-24T23:00:02Z,Clermont Foot - Châteauroux (3-3)  - Résumé - (CF63 - LBC) / 2014-15,24378
2015-02-07T23:00:01Z,Clermont Foot - Chamois Niortais (1-1)  - Résumé - (CF63 - NIORT) / 2014-15,1646
2015-01-25T10:30:04Z,Top buts 21ème journée - Ligue 2 / 2014-15,1874
2014-11-22T23:00:06Z,Clermont Foot - AC Arles Avignon (3-1)  - Résumé - (CF63 - ACA) / 2014-15,4082
2015-02-14T22:59:59Z,Havre AC - Clermont Foot (3-1)  - Résumé - (HAC - CF63) / 2014-15,4718
2014-09-20T22:00:01Z,US Créteil-Lusitanos - Clermont Foot (2-2)  - Résumé - (USCL - CF63) / 2014-15,2568
2014-11-02T10:30:03Z,Top buts 13ème journée - Ligue 2 / 2014-15,3072
2015-02-21T22:59:59Z,Clermont Foot - US Créteil-Lusitanos (1-0)  - Résumé - (CF63 - USCL) / 2014-15,1702
2015-01-17T23:00:03Z,AJ Auxerre - Clermont Foot (1-1)  - Résumé - (AJA - CF63) / 2014-15,3762
2015-04-18T22:00:00Z,Clermont Foot - US Orléans (1-0)  - Résumé - (CF63 - USO) / 2014-15,2036
2015-04-11T22:00:00Z,Nîmes Olympique - Clermont Foot (0-1)  - Résumé - (NIMES - CF63) / 2014-15,1962
2015-05-23T21:59:59Z,Clermont Foot - Stade Brestois 29 (1-0)  - Résumé - (CF63 - SB29) / 2014-15,2267
2014-11-29T23:00:03Z,FC Sochaux-Montbéliard - Clermont Foot (1-0)  - Résumé - (FCSM - CF63) / 2014-15,5949
2014-11-08T23:00:01Z,US Orléans - Clermont Foot (2-1)  - Résumé - (USO - CF63) / 2014-15,4628
2014-10-04T19:06:11Z,Dijon FCO - Clermont Foot (1-0)  - Résumé - (DFCO - CF63) / 2014-15,3016
2015-04-04T21:59:59Z,Clermont Foot - Angers SCO (2-0)  - Résumé - (CF63 - SCO) / 2014-15,4233
2014-10-18T18:23:08Z,Clermont Foot - AC Ajaccio (1-1)  - Résumé - (CF63 - ACAJ) / 2014-15,1923
2015-05-02T22:00:00Z,Tours FC - Clermont Foot (0-1)  - Résumé - (TOURS - CF63) / 2014-15,2326
2015-05-16T22:00:00Z,Stade Lavallois - Clermont Foot (3-1)  - Résumé - (LAVAL - CF63) / 2014-15,5248
2014-09-13T22:00:02Z,Clermont Foot - Havre AC (1-0)  - Résumé - (CF63 - HAC) / 2014-15,4599
2015-01-10T23:00:03Z,Clermont Foot - Stade Lavallois (0-0)  - Résumé - (CF63 - LAVAL) / 2014-15,1641
2015-01-31T23:00:00Z,GFC Ajaccio - Clermont Foot (1-1)  - Résumé - (GFCA - CF63) / 2014-15,2256
2015-03-07T23:00:00Z,ESTAC Troyes - Clermont Foot (2-0)  - Résumé - (ESTAC - CF63) / 2014-15,5448
2014-12-20T23:00:02Z,AS Nancy-Lorraine - Clermont Foot (1-2)  - Résumé - (ASNL - CF63) / 2014-15,4209
2014-11-01T19:09:13Z,Conférence de presse Clermont Foot - Nîmes Olympique (3-0) - 2014/2015,468
2015-01-24T21:51:38Z,Conférence de presse Clermont Foot - Châteauroux (3-3) - 2014/2015,822
2014-10-31T14:30:53Z,CLERMONT - NIMES  3-0,492
2015-01-30T21:36:51Z,Paweł Oleksy będzie nowym piłkarzem Ruchu (30.01.2015 r.),1514
2015-01-24T08:00:03Z,Conférence - Les mots du coach avant Bastia,261
2014-09-15T08:51:52Z,Conférence - Sagnol et Gourvennec au micro,589
