published-time,comment,likes
2015-07-18T22:06:00Z,Allez le hac ,0
2014-08-08T05:45:33Z,"franchement c'est mieux de voir les ,résumé sans le comentateur bidon la",0
2014-08-06T07:56:32Z,Super premier match Corinne malgré cette défaite,0
2014-08-05T11:39:37Z,"Pour vous, quel ont était les 3 meilleurs joueurs et les 2 meilleurs gardien lors de cette 1er journée de Ligue 2 ?",0
2014-08-05T11:16:49Z,Brest retrouve un public en forme et un équipe qui a envis je pense que cette année ils vont jouer la monter.Clermont fait du très beau football Corinne Diacre mérite de réussir contrairement a ce que dise les sexistes.,3
2014-08-05T11:06:05Z,y sont trop synchro a 1:17,0
2014-08-05T11:00:16Z,"Quel arret de Thebaux a 2:16, si vous faites un top arret pour cette journée n'oublier pas celui la.",0
2014-08-05T10:19:30Z,#Ligue2 - Revivez les meilleurs moments de Stade Brestois 29 - Clermont Foot (2-1) en vidéo grâce à notre chaîne officielle YouTube !,7
2014-12-30T12:48:06Z,allez le sco,3
2014-10-28T16:39:09Z,"#Ligue2 - Classement des buteurs - Après la 12e journée de Ligue 2, Jonathan Kodjia (Angers SCO) retrouve les commandes du classement officiel des buteurs - http://urlz.fr/QO5",6
2014-10-26T11:08:32Z,le logo de l'ASNL pour Clermont wtf?,3
2014-10-26T01:33:32Z,Vincent manceau pas marceau,7
2014-09-25T09:40:25Z,qui c'est les meilleurs ? VA,0
2014-09-30T10:09:41Z,#Ligue2 - Revivez les meilleurs moments de Clermont Foot - ESTAC Troyes (1-0) en vidéo.,2
2014-08-14T15:49:19Z,c'est quoi ce commentateur de nul,1
2014-08-13T09:48:19Z,AuXerre lol monsieur le commentateur n est pas de Bourgogne dirait t on,1
2014-08-10T21:45:53Z,"Je trouve qu'il a plus de motivation aussi là ^^.
On a un sacré gardien de but à Clermont ...",0
2014-08-10T18:02:59Z,Changement de la voie,0
2014-08-09T22:45:14Z,#courageFred,3
2015-04-30T05:03:33Z,C quoi crtte pelouse !!!!!,0
2015-04-29T13:04:41Z,"Mon dieu, cette pelouse !!!!",1
2015-07-06T19:17:28Z,Belle victoire de Dijon.Le gardien de Clermont n'a rien fait.Allez les rouges .,0
2015-03-18T16:27:06Z,"#Ligue2 - Classement des passeurs - Julio Tavares porte le DFCO !
Avec un doublé à la passe, Julio Tavares a grandement contribué au large succès du Dijon FCO au Clermont Foot (2-5) et intègre le Top 5 du classement des passeurs de Ligue 2 - http://www.lfp.fr/ligue2/article/julio-tavares-porte-le-dfco.htm",6
2015-03-16T00:12:05Z,NON on vise la ligue des champions,0
2015-03-15T11:04:07Z,"Bien
",0
2015-03-15T07:49:11Z,ALLER DIJON ON VISE LA LIGUE 1,2
2015-03-15T06:33:27Z,Dijonnais !!,0
2015-03-14T23:07:26Z,Dijon en FORCE !!!!,0
2014-12-16T15:53:58Z,"#Ligue2 - Classement des buteurs - Déjà leader des buteurs, Idriss Saadi (Clermont) a conforté sa position lors de la 17e journée de Ligue 2 avec une 10e réalisation - http://minilien.fr/a0nbz2",5
2015-01-25T17:02:45Z,"C'est ça de s'enflammer quand on marque un but mes petits bleus et rouges...
Concentrez vous le dernier but des Clermontois est honteux, fallait rester concentrez
Branleurs cette équipe...
Bravo a Clermont qui a su revenir au score 3* avec notre déplorable équipe.
Direction National et on en parle plus..",1
2014-11-25T16:12:55Z,"#Ligue2 - Classement des buteurs - Avec un 3e doublé express réussi cette saison, Idriss Saadi (Clermont Foot) a repris la tête du classement officiel des buteurs de Ligue 2 avec 9 buts après 15 journées - http://minilien.fr/a0ncqa",3
2014-11-24T20:25:50Z,Il y a personne dans le stade !!!!,1
2014-11-23T16:26:57Z,"Très belle victoire de Clermont et pardon pour les 3 abrutis quui ont tenu des propos racistes comme on dit y'a des cons partout.
Et putain Saadi quel joueur à mon avis la L1 va pas tarder à le connaître.",2
2015-02-20T00:47:46Z,"Ya pas de supporter au havre,  comment sa se passe ;-)",0
2015-02-15T18:23:08Z,C'est normal qu'a l'entrée des joueurs il n'y ait pas de drapeaux de Clermont ?,0
2015-02-15T10:29:45Z,Oui nous sommes les Havrais ! ,0
2014-09-21T06:56:22Z,Saadi tres tres bon,0
2014-11-02T13:52:25Z,Mana Dembele! ♥♥♥♥♥♥♥♥♥,2
2014-11-02T13:09:01Z,la 13eme journée n est pas terminée mais bon...,1
2014-11-02T13:03:25Z,Aller angers aller nantes,0
2014-11-02T12:23:25Z,Faudra quon mexplique pq le dernier il es dans le classemen,2
2014-11-02T10:34:30Z,First,0
2015-02-22T11:10:49Z,JAMAIS CLERMONT MERITE ,0
2015-02-22T08:48:46Z,Créteil mérite au moins 2-0,0
2015-02-21T23:07:27Z,Clermont ne mérite pas,0
2015-01-22T21:26:54Z,Très bon résumé,0
2015-01-18T14:06:08Z,et il est hors jeux le troisième FDP d'arbitre de M...E !!,0
2015-01-18T00:42:09Z,"Dégoûté de tous ces points perdus ... on pourrait être largement mieux classé ! 
En espérant un peu plus de réussite et surtout l'achat d'un vrai buteur.",1
2015-05-29T17:38:53Z,"quel dommage pour Adnane, quand même ! (mdr)",0
2015-05-24T18:26:25Z,Bravo à Corinne et ses boys !!!,1
2015-01-11T21:00:23Z,Il faut que les sochaliens continu comme ça ,0
2014-12-22T12:46:56Z,Allez sochaux !!!!!!,0
2014-11-30T09:25:14Z,Ensemble pour remonter en ligu1 les lionceau,0
2014-11-30T08:23:40Z,Allez sochaux!,0
2014-10-05T21:15:25Z,On ne peut pas suivre la l2 en Pologne ? ,0
2015-04-05T12:51:50Z,Putain les boules c était pourtant prévut comme un victoire facile on a pas intérêt à se planter face à dijon,0
2014-12-21T23:36:19Z,Can't watch in the US :((,0
2014-10-19T08:37:33Z,"Oh pitain, je me suis vu en ramasseur de balle <3<3",0
2014-10-18T18:41:34Z,First,0
2015-05-04T15:17:49Z,L arbitre est un voleur,0
2014-09-14T07:15:40Z,"vener voire ma chaine ca parle de foot
(super bycyclette)",1
2015-03-11T15:36:05Z,"#Ligue2 - Classement des passeurs - Revoilà Benjamin Nivet !
Le capitaine de l’ESTAC Troyes a délivré sa première passe décisive de 2015, sa 7e de la saison, pour revenir dans la course au podium du classement des passeurs de Ligue 2 - http://www.lfp.fr/ligue2/article/revoila-benjamin-nivet.htm",5
2015-03-08T01:21:01Z,Nous méritons vraiment de monter en L1... Très belle équipe qui survole totalement le championnat. ,5
2014-12-29T16:16:17Z,"Clermont a gagne
What",0
2014-12-22T08:51:28Z,#Ligue2 - J18 - Retrouvez les résumés des matchs de vendredi et samedi sur la chaîne officielle Youtube !,0
2014-12-21T11:17:09Z,On se fait voler avec le but de Diagne qui n'st pas accordé...,2
2014-12-21T10:57:03Z, La balle est rentré les arbitres sont de plus en plus nul en France et la ligue leur laîche le cul ,2
2015-01-25T16:56:00Z,"On se fait voler aussi ici c'est quoi ça ! Quintin il a un traumatisme cranien et l'autre assassin a rien en carton c'est grave quand même ! faut faire quoi pour mettre un carton enlever une jambe !?
Depuis le début de saison les arbitres nous font de la merde a cause de notre repêchage a cause de cette putain d'affaire de Luzenac. Tous clubs aurait pu être repêchés mais voilà c'est Châteauroux équipe de Denisot donc voilà pourquoi on mérite ça??
football français vous me faites pitié...",1
