publish_date,title,view_count
2014-09-11T14:09:21Z,yaw achempong #34,38
2014-08-06T22:05:36Z,KWAME BOAHENE,3501
2015-02-13T16:38:06Z,ANOKYE STARS IN LONDON MACTH ONE,499
2014-09-02T17:11:14Z,"Cosenza Calcio, Antonio Magli",122
2015-01-26T03:36:49Z,Ball to Wall Challenge!,515
2014-11-10T20:00:45Z,NoN SoLo SpOrT ma di tutto e di più Cosenza - Messina,200
2014-08-18T21:49:03Z,Il Cosenza Calcio alla ricerca dei giusti equilibri.,135
2014-09-14T01:10:33Z,Barletta-Cosenza 3-0. Mister Cappellacci,194
2015-04-23T00:58:18Z,"Cosenza Calcio vince Coppa Italia Lega Pro,  Mister Sabatini",179
2014-08-15T13:53:22Z,Patrick Opoku no 5,362
2015-03-13T12:21:34Z,Meet Felix Annan (WAFA United Goal Keeper),1986
2015-02-10T13:26:05Z,AllSports.com.gh,1909
2014-11-25T19:35:47Z,Ishmeal Musah-Proton Sports-Dreams FC,129
2014-12-22T15:32:29Z,Global View Sports-Edmund Addo,1071
