publish_date,title,view_count
2014-12-02T12:04:15Z,Paul George NTep 2014/15 | Ultimate Skills &amp; Goals | HD,83407
2015-05-08T06:32:18Z,Paul-Georges Ntep (Rennes) vs PSG,6819
2014-11-30T23:00:08Z,"Paul Georges Ntep , l&#39;homme fort du stade Rennais 15ème journée de Ligue 1 / 2014-15",28279
2014-09-14T22:00:03Z,But Paul-Georges NTEP (55&#39;) / Stade Rennais FC - Paris Saint-Germain (1-1) -  (SRFC - PSG) / 2014-15,4005
2015-06-27T07:26:46Z,Paul-Georges Ntep ● Patrice Evra ●Training French Team ●Tirana (Albania),639
2014-10-05T16:40:05Z,La belle frappe de Paul-Georges NTEP (54&#39;) / Stade Rennais FC - RC Lens (2-0) / 2014-15,16982
2014-11-24T13:58:14Z,Paul-Georges Ntep | Stade Rennais | Skills Dribbling All Goals | 2014-2015 (Full ᴴᴰ),15006
2015-06-01T15:19:45Z,Ntep : &quot;Un instant magique !&quot;,17985
2014-11-30T23:00:05Z,Paul Georges Ntep Rennes&#39; main man : Week 15 / 2014-15,2182
2014-09-14T22:00:04Z,Goal Paul-Georges NTEP (55&#39;) / Stade Rennais FC - Paris Saint-Germain (1-1) - (SRFC - PSG) / 2014-15,542
2014-12-04T23:00:07Z,Goal Paul-Georges NTEP (12&#39;) / OGC Nice - Stade Rennais FC (1-2) - (OGCN - SRFC) / 2014-15,205
2014-08-17T22:00:03Z,But Paul-Georges NTEP (87&#39;) / Stade Rennais FC - Evian TG FC (6-2) -  (SRFC - ETG) / 2014-15,11549
2015-06-06T09:01:15Z,Paul-Georges Ntep ● Training French team ● Clairefontaine,780
2015-02-22T23:00:00Z,Goal Paul-Georges NTEP 11&#39; / Stade Rennais FC - Girondins de Bordeaux 1-1 - SRFC - GdB / 2014-15,240
2014-10-05T18:31:36Z,Goal Paul-Georges NTEP (84&#39;) / Stade Rennais FC - RC Lens (2-0) - (SRFC - RCL) / 2014-15,559
2015-03-08T22:59:59Z,But Paul-Georges NTEP (19&#39;) / Stade Rennais FC - FC Metz (1-0) -  (SRFC - FCM) / 2014-15,1522
2014-12-04T23:00:07Z,But Paul-Georges NTEP (12&#39;) / OGC Nice - Stade Rennais FC (1-2) -  (OGCN - SRFC) / 2014-15,1066
2014-08-17T22:00:02Z,Goal Paul-Georges NTEP (87&#39;) / Stade Rennais FC - Evian TG FC (6-2) - (SRFC - ETG) / 2014-15,413
2014-11-23T23:00:03Z,Goal Paul-Georges NTEP (36&#39;) / EA Guingamp - Stade Rennais FC (0-1) - (EAG - SRFC) / 2014-15,965
2015-02-22T23:00:00Z,But Paul-Georges NTEP 11&#39; / Stade Rennais FC - Girondins de Bordeaux 1-1 -  SRFC - GdB / 2014-15,2538
2014-10-05T16:43:59Z,But Paul-Georges NTEP (84&#39;) / Stade Rennais FC - RC Lens (2-0) -  (SRFC - RCL) / 2014-15,4152
2014-10-07T11:21:03Z,Can Paul-Georges Ntep be a European great? | Ligue 1 | Talking Points,1682
2015-01-11T23:00:06Z,But Paul-Georges NTEP (66&#39;) / Evian TG FC - Stade Rennais FC (1-1) -  (ETG - SRFC) / 2014-15,1115
2014-12-23T06:07:59Z,Paul-Georges Ntep vs Monaco (Nov. 29th 2014),5214
2014-11-23T23:00:05Z,But Paul-Georges NTEP (36&#39;) / EA Guingamp - Stade Rennais FC (0-1) -  (EAG - SRFC) / 2014-15,2411
2015-03-08T22:59:59Z,Goal Paul-Georges NTEP (19&#39;) / Stade Rennais FC - FC Metz (1-0) - (SRFC - FCM) / 2014-15,110
2014-09-02T17:10:06Z,Un rendez-vous à ne pas manquer pour Paul Georges NTEP !,574
2014-12-01T17:55:41Z,Paul-Georges Ntep: Premier League ready? | Ligue 1 | Talking Points,3307
2015-01-11T23:00:04Z,Goal Paul-Georges NTEP (66&#39;) / Evian TG FC - Stade Rennais FC (1-1) - (ETG - SRFC) / 2014-15,299
2014-11-11T14:14:31Z,Fox Scouts - Paul Georges Ntep,133
2014-08-17T22:00:02Z,Goal Paul-Georges NTEP (76&#39;) / Stade Rennais FC - Evian TG FC (6-2) - (SRFC - ETG) / 2014-15,512
2014-10-05T18:31:21Z,Paul-Georges NTEP&#39;s stunning strike (54&#39;) / Stade Rennais FC - RC Lens (2-0) / 2014-15,1133
2015-07-11T07:25:03Z,Patrice Evra ● Paul-Georges Ntep ● Paul Pogba ● Christophe Jallet  ● Albania vs France 2015,683
2015-01-09T13:00:10Z,Paul George Ntep - Cameroon,350
2015-06-27T07:32:27Z,Paul Pogba ● Paul-Georges Ntep ● Dimitri Payet ● Antoine Griezmann ●Training French Team ● Albanie,2230
2014-11-24T17:32:31Z,"Rennes Unbeaten Run,  Paul-Georges Ntep Goal",217
2014-08-17T22:00:04Z,But Paul-Georges NTEP (76&#39;) / Stade Rennais FC - Evian TG FC (6-2) -  (SRFC - ETG) / 2014-15,5044
2015-05-22T17:40:43Z,Paul Georges Ntep piège Sylvain Armand,1712
2015-06-22T12:26:47Z,Holt Bayern Franzose Paul-Georges Ntep als Ersatz für Franck Ribery? | FC Bayern München,3372
2015-03-07T22:52:07Z,Enorme Coup Franc de Ntep ! SRFC-Metz,2227
2014-10-29T22:44:02Z,BASTON entre NTEP et DJADJEDJE au match Rennes - OM,9182
2015-06-23T22:14:58Z,El Bayern Munich quiere fichar al &#39;nuevo Ribery&#39; : Paul-Georges Ntep.,301
2015-05-10T09:43:50Z,Stade rennais 0 - 1 Bastia : penalty manqué par Ntep,1078
2014-08-17T23:15:28Z,Bloopers : Week 2 / 2014-15,1623
2014-08-17T23:18:01Z,Highlights : Week 2 / 2014-2015,5086
2014-10-30T16:10:14Z,Rennes - (OM) Marseille | Bagarre Ntep et Dja djédjé !,34530
2014-10-05T23:30:16Z,PSG - Monaco in Slowmotion : Week 9 / 2014-15,2165
2014-10-05T22:39:47Z,Top goals : Week 9 / 2014-15,2601
2014-10-05T22:38:13Z,Goals compilation : Week 9 / 2014-15,994
2014-08-17T23:18:15Z,Zapping de la 2ème journée - Ligue 1 / 2014-15,34026
