published-time,comment,likes
2015-06-24T14:34:08Z,Fucking noob,0
2015-06-22T11:25:02Z,"viva la  #bavaria   
come to FCB :)",0
2015-02-07T08:33:06Z,Looks like the next Gareth Bale,0
2015-01-20T19:09:16Z,Nice vid man :D ,0
2015-01-07T19:16:43Z,Do Antoine Griezmann,0
2014-12-02T16:37:02Z,"Type in comments if you have any wishes,so I will thin about making comp beacuse I can't use all leagues  template.
Best will be french and La Liga but type in comment what would you like.",1
2014-12-02T14:45:48Z,what is the title?,0
2015-05-08T20:33:03Z,"In Ntep defense he was playing striker which isn't his best position and played it very few this season. Left wing is at the moment, but I do believe we are interested in him to play up front for us like we tried to do for depay (but sadly Depay would have transition better in a striker role) Ntep will take some time to adapt  to play upfront if that is indeed the case.
If we are talking about ntep comparable to the players we have he be a combination of Ibe ability to constantly take defenders specially in the penalty box and sterling position flexibility and out and out speed.",2
2015-05-08T15:01:07Z,average is an exaggeration,0
2015-05-08T11:49:47Z,Definition of average. Perfect for Liverpool  ......,0
2015-06-25T18:53:14Z,Azonto azonto azonto ,0
2015-03-15T23:41:50Z,Ntep je t'aime 😍😍😍⚽️🔴⚫️,0
2015-02-12T13:04:59Z,Si quelque chose doit briller à RENNES c'est l'équipe pas un joueur en particulier ,0
2014-12-05T11:44:01Z,Ntep meilleur joueur Rennais y'a rien à dire. Talent qui vient tous droit de l'AJA,0
2014-12-01T19:41:12Z,"Y en a marre des mecs qui disent qu'Ntep ne percera jamais, je sais pas si vous savez mais Ntep c'est 5 but et 4 passes décisives en 14 match. De plus il est a l'origine de 28 pour-cent des but du stade Rennais et puis faut arrêter de dire qu'il n'y a beaucoup de joueurs qui brillent au SRFC car il y a aussi Costil Mexer Mbengue,Toivonen et bien d'autre auparavant!",1
2014-12-01T18:05:08Z,Vu sa mentalité et son intelligence de jeu j'suis prêt à parier que c'est un futur Ben Arfa mais après pour lui j'espère me tromper,2
2014-12-01T17:00:26Z,"enfin un joueur qui brille chez les galettes saucisses , vu que ça n'arrive pas souvent , champagne !",0
2014-12-01T12:40:20Z,Welcome to Arsenal FC,0
2014-12-01T08:43:47Z,Encore des Auxerrois qui brille en Ligue 1 ^^,3
2014-11-30T23:11:55Z,Le monstre de roazhon !!!! La ligue 1 tremble !!,0
2014-10-05T17:11:09Z,Lil,0
2014-12-24T13:05:57Z,STOKE,0
2014-11-24T14:11:19Z,"#7 Paul-Georges Ntep
Stade Rennais FC, Ligue 1 (France)
Current national player: France U21
Date of birth: 29.07.1992
Place of birth: Douala
Age: 22
Height: 1,80
Nationality: France
Position: Striker - Left Wing
Foot: right",0
2014-11-24T14:07:23Z,I m a Stade Rennais fan and i told you is a beast ! Futur legend ! <3,1
2015-06-08T18:15:41Z,Allez Rennes!!!,0
2015-06-08T18:15:11Z,"Ntep faut qu'il soit titulaire face à l'Albanie!
Ntep t'est le meilleure!!!",0
2015-06-04T19:42:37Z,Tout Rennes est fière de toi :D   .Allez les Bleus!  :))),0
2015-06-03T05:57:58Z,Ntep le rennais aller aller marque nous des buts et fait tes magnifique dribles vive ntep vive rennes vive la France,1
2015-06-02T19:52:56Z,Allez le Stade Rennais fuck les rageuses ,0
2015-06-01T21:44:29Z,Sinon Coquelin quand est ce qu'on le prend!??,1
2015-06-01T21:31:01Z,Il a le Swag et il est super bon vive pg et le srfc ,1
2015-06-01T20:11:11Z,"
",0
2015-06-01T18:07:46Z,Mon gars Paul gorges ! Machine,1
2015-06-01T17:40:48Z,C'est ça mon PG x),1
2015-06-01T17:05:47Z,Bienvenue à toi. Super impression lors de cette interview.,5
2015-06-01T16:58:01Z,"Quelques buts en L1 et on le prend en EDF... Avec un mental en carton en plus
Cimer Deschamps le paysans",1
2015-06-01T16:38:52Z,Bienvenue Paul !!,0
2015-06-01T15:57:45Z,Ntep <3,5
2015-06-01T15:45:04Z,T le meilleur ,0
2015-06-01T15:38:20Z,UN RENOIR PLUS EXCELLENT PS : JE SUIS UN RENOIR,0
2015-06-01T15:33:09Z,il est jeune,0
2015-06-01T15:29:34Z,Bienvenue ,0
2015-06-01T15:27:59Z,First,0
2015-06-01T15:26:28Z,C'est le numéro combien en équipe de france?,0
2015-06-01T15:23:52Z,"Un potentiel pour le futur bienvenue à toi :) 
Excusez moi mais dire first ici c est dangereux? Sinon bonne chance contre la Belgique :)",0
2014-12-03T23:14:16Z,Un VRAI dribbleur. ,1
2014-12-01T11:42:16Z,Amazing player! Among my favorites in the league. He just might take Rennes towards Europe spots. A shame Alessandrini and Bakayoko left.,1
2014-12-01T03:08:11Z,So much talent. He will become big one day,0
2015-05-15T13:38:28Z,genre ya aucun commentaire,0
2015-06-25T18:56:55Z,Paul Georges tu dance trop bien,0
2015-02-23T15:49:06Z,Deuz,0
2015-02-23T09:45:31Z,"FIRST
",0
2014-10-07T09:26:10Z,J'le considère pas français parce que il est pas né en France après c'est mon opinion c'est comme ça,0
2015-01-08T08:40:07Z,Please show some more N'Tep vids!!! Truly appreciated!,0
2014-11-24T13:46:25Z,"#Ligue1 - Classement des buteurs - Après avoir été passeur lors du succès contre le FC Lorient, Paul-Georges Ntep a offert au Stade Rennais une victoire à l’EA Guingamp dans un 2e derby breton de suite - http://minilien.fr/a0nczb 
Le classement complet : http://minilien.fr/a0ncyw",7
2014-12-03T03:28:39Z,"I would like to see Ntep play for Arsenal. He has the speed and eye for goal that Arsenal so badly needs at the moment. Plus I think Ntep would develop into an excellent player if was under the tutelage of Wenger. Arsene knows how to take a raw talent and make it blossom (Walcott, Oxlade-Chamberlain). What are your thoughts Julien of Ntep working under Wenger?

Cheers mate and excellent Talking Points.",1
2014-10-05T22:14:12Z,Splendide !,0
2015-07-24T19:35:19Z,The music is Slow Groove Musicshake,0
2015-06-14T10:56:42Z,(Passe : Pedro Henrique),0
2014-08-19T19:27:27Z,Je suis pour rennes allez rennes ,0
2014-08-17T22:26:15Z,Beau match !,0
2015-06-25T18:55:29Z,Paul Georges bien vu la blague mais ton rire est chelou,0
2015-06-30T19:07:17Z,Kann das sein das ich kein Plan habt??   +Jonathan Hartwich,0
2014-10-30T13:14:24Z,Ces voix de fragiles ...,3
2014-10-30T00:57:13Z,Ah monsieur avait les amistars devant lui dans la tribune,0
2014-08-18T01:20:03Z,Hahaha that assist! The little kids at the Rennes game were funny too. Great to have Ligue 1 back!,3
2014-08-19T09:17:35Z,First,0
2014-08-19T02:17:01Z,Its probbably not the place to say but Brandao a player for Bastia headbutted Thiago Motta and broke his nose and it seems as he won't get punished for doing so.I  hope Ligue 1 do something about it because its nonsense that he doesn't get banned or fined.,0
2014-08-18T03:06:32Z,Great weekly round ups,0
2014-08-18T01:39:26Z,Love these weekly round-ups! ,8
2014-11-01T09:17:07Z,"Gignac et Dja Djédjé se serait battuent, Dja djédjé n'aurait pas voulut serait la main a Gignac et Gignac lui aurait donner un coup de poing car ce ne lui avait pas plut qu'il ne lui sert pas la main, décidément Brice Dja djé djé n'en finit pas avec les bagarre!",1
2014-10-30T20:00:55Z,0:05 sale coup en traître sur Alessandrini ,2
2014-10-16T23:43:56Z,what is the song?,0
2014-10-11T07:41:58Z,Impresionantes tomas.,0
2014-10-05T23:43:45Z,Lucas!!!! #AllezPSG,1
2014-10-05T23:43:25Z,PSG!!!,0
2014-10-17T11:15:08Z,K,0
2014-09-01T19:06:30Z,Vivement que les travaux de Bollaert soient finis ...,0
2014-08-24T08:50:48Z,"Le meilleur publique , se trouve à Lens ",0
2014-08-23T17:15:08Z,allez l om,0
2014-08-21T20:38:48Z,Aller voir mes vidéos,0
2014-08-20T15:56:59Z,"#Ligue1 - Revivez tout ce qu'il ne fallait pas manquer de la 2ème journée de Ligue 1 en vidéo : buts incroyables, gestes techniques, humour, images insolites ... ",10
2014-08-19T21:27:17Z,Même la ligue 1 qui se fout de la gueule au Stade Rennais!!,0
2014-08-19T10:31:12Z,Beau tifo de la gruppa Metz !,0
2014-08-18T22:28:15Z,"La prestation de notre équipe n'était pas digne de l'ambiance du Vélodrome, vraiment dégoûté de cette défense, Allez L'OM ! ",1
2014-08-18T12:19:53Z,"Pas une seule image de Caen-Lille alors que l'arbitre fausse le match à lui tout seul...
La lfp surprotege ses arbitres incompétents",1
2014-08-18T11:44:27Z,Metz qui vole 1 point à Nantes ...,1
2014-08-18T11:19:15Z,OM et Saint Etienne meilleur public de ligue 1 a domicile ,4
2014-08-18T11:03:45Z,"Marseille nouveau maillot, nouveau stade, nouveau entraîneur, nouvelles défaites",4
2014-08-18T09:29:25Z,Kombouaré ne pouvait pas ramasser la tablette lui même ?? --',2
2014-08-18T09:07:53Z,"Marseille : nouveau stade, nouveau maillot, nouvelles défaites...",8
2014-08-18T01:46:11Z,Quest quil s'est passé avec le maillot d'ayew en faite?,0
2014-08-18T00:46:32Z,Elles sont trop chou les petites à 2:22 hahaha,0
2014-08-17T23:52:22Z,"Non le pire corner de l'histoire c'est celui d'Honda avec le Milan AC, j'vous laisse chercher ;)",1
2014-08-17T23:50:58Z,pourris çe zapping m^me pas parlé de brandao etc ..... NUL ,0
2014-08-17T23:30:54Z,Mdrr Gakpé qui tire dans le poteau de corner ! #TeamFCN,9
