publish_date,title,view_count
2014-10-26T23:00:05Z,But Jordan VERETOUT (42&#39; pen) / Evian TG FC - FC Nantes (0-2) -  (ETG - FCN) / 2014-15,1958
2014-08-17T22:00:03Z,Le but gag de Jordan VERETOUT (2&#39;) / FC Metz - FC Nantes (1-1) -  (FCM - FCN) / 2014-15,4687
2015-05-10T22:00:00Z,Goal Jordan VERETOUT (15&#39; pen) / Girondins de Bordeaux - FC Nantes (2-1) - (GdB - FCN) / 2014-15,111
2014-11-09T23:00:05Z,Goal Jordan VERETOUT (60&#39;) / SM Caen - FC Nantes (1-2) - (SMC - FCN) / 2014-15,395
2014-12-14T23:00:08Z,But Jordan VERETOUT (22&#39;) / FC Nantes - Girondins de Bordeaux (2-1) -  (FCN - GdB) / 2014-15,3468
2014-09-28T22:00:02Z,But Jordan VERETOUT (73&#39; pen) / FC Nantes - Olympique Lyonnais (1-1) -  (FCN - OL) / 2014-15,2571
2014-10-26T23:00:05Z,Goal Jordan VERETOUT (42&#39; pen) / Evian TG FC - FC Nantes (0-2) - (ETG - FCN) / 2014-15,202
2014-08-17T22:00:02Z,Goal Jordan VERETOUT (2&#39;) / FC Metz - FC Nantes (1-1) - (FCM - FCN) / 2014-15,418
2015-05-10T21:59:59Z,But Jordan VERETOUT (15&#39; pen) / Girondins de Bordeaux - FC Nantes (2-1) -  (GdB - FCN) / 2014-15,494
2014-11-09T23:00:03Z,But Jordan VERETOUT (60&#39;) / SM Caen - FC Nantes (1-2) -  (SMC - FCN) / 2014-15,1457
2014-12-14T23:00:03Z,Goal Jordan VERETOUT (22&#39;) / FC Nantes - Girondins de Bordeaux (2-1) - (FCN - GdB) / 2014-15,316
2014-09-28T22:00:03Z,Goal Jordan VERETOUT (73&#39; pen) / FC Nantes - Olympique Lyonnais (1-1) - (FCN - OL) / 2014-15,202
2014-12-04T23:00:07Z,Goal Jordan VERETOUT (64&#39; pen) / FC Nantes - Toulouse FC (1-2) - (FCN - TFC) / 2014-15,348
2014-12-24T11:45:48Z,Arsenal keeping tabs on Nantes midfielder Jordan Veretout,158
2014-12-12T18:54:33Z,"CM Scouting: Veretout, mezzala da Milan. Ntep, la freccia per la Roma",332
2015-03-22T22:59:59Z,Stade Rennais FC - FC Nantes (0-0) - Highlights - (SRFC - FCN) / 2014-15,538
2014-10-27T00:05:52Z,Tous les buts de la 11ème journée - Ligue 1 / 2014-15,22232
2014-12-15T02:20:05Z,Tous les buts de la 18ème journée - Ligue 1 / 2014-15,9608
2014-12-04T23:00:09Z,But Jordan VERETOUT (64&#39; pen) / FC Nantes - Toulouse FC (1-2) -  (FCN - TFC) / 2014-15,1003
2015-05-10T22:32:03Z,Tous les buts de la 36ème journée - Ligue 1 / 2014-15,9352
2014-12-07T23:00:06Z,Paris Saint-Germain - FC Nantes (2-1) - Highlights - (PSG - FCN) / 2014-15,25282
2014-11-02T23:00:05Z,FC Nantes - Stade Rennais FC (1-1) - Highlights - (FCN - SRFC) / 2014-15,1129
2014-10-27T00:07:23Z,Goals compilation : Week 11 / 2014-15,643
2015-03-01T23:00:00Z,FC Nantes - EA Guingamp (1-0) - Highlights - (FCN - EAG) / 2014-15,924
2015-01-29T14:50:26Z,Gennaro Gattuso ● Best Fight Moments ● RJTV,6203295
2015-05-10T22:24:26Z,Goals compilation : Week 36 / 2014-15,384
2014-08-17T22:00:03Z,Goal Yeni NGBAKOTO (12&#39; pen) / FC Metz - FC Nantes (1-1) - (FCM - FCN) / 2014-15,219
2014-12-04T23:00:07Z,Goal Issiaga SYLLA (24&#39;) / FC Nantes - Toulouse FC (1-2) - (FCN - TFC) / 2014-15,115
2014-10-27T00:02:56Z,Top buts 11ème journée - Ligue 1 / 2014-15,29195
2014-10-26T23:00:07Z,Le quintuplé de Carlos Eduardo 11ème journée de Ligue 1 / 2014-15,23662
2015-05-10T22:25:36Z,Top buts 36ème journée - Ligue 1 / 2014-15,27183
2014-12-04T23:00:08Z,Top buts 16ème journée - Ligue 1 / 2014-15,13600
2014-08-17T22:00:04Z,But Yeni NGBAKOTO (12&#39; pen) / FC Metz - FC Nantes (1-1) -  (FCM - FCN) / 2014-15,1729
2014-12-04T23:00:06Z,But Issiaga SYLLA (24&#39;) / FC Nantes - Toulouse FC (1-2) -  (FCN - TFC) / 2014-15,1668
2014-10-27T00:09:00Z,Top goals : Week 11 / 2014-15,2986
2014-10-26T23:00:05Z,Carlos Eduardo scores FIVE goals for Nice vs Guingamp: Week 11 / 2014-15,46895
2015-05-10T22:22:48Z,Top goals : Week 36 / 2014-15,1933
2014-12-05T00:27:05Z,Top goals : Week 16 / 2014-15,1391
2014-12-15T01:11:21Z,Top buts 18ème journée - Ligue 1 / 2014-15,16609
2014-11-09T23:00:03Z,Goal Oswaldo VIZCARRONDO (40&#39;) / SM Caen - FC Nantes (1-2) - (SMC - FCN) / 2014-15,1203
2014-12-04T23:35:46Z,Tous les buts de la 16ème journée - Ligue 1 / 2014-15,10830
2014-12-15T02:20:11Z,De beaux arrêts lors de la  18ème journée de Ligue 1 / 2014-15,11143
2014-12-15T02:34:52Z,Highlights : Week 18 / 2014-2015,2808
2014-10-27T00:55:30Z,Highlights : Week 11 / 2014-2015,4327
2014-12-15T01:18:34Z,Top goals : Week 18 / 2014-15,1620
2014-11-09T23:00:08Z,But Oswaldo VIZCARRONDO (40&#39;) / SM Caen - FC Nantes (1-2) -  (SMC - FCN) / 2014-15,3755
2015-05-03T16:46:33Z,Corentin Jean /27/ &quot;NEW&quot; Monaco ► Skills Dribbling Goals /4K Ultra HD/ 2015,6898
2014-12-15T02:16:38Z,Some amazing saves on Week 18 / 2014-15,1720
2015-04-27T02:53:54Z,2014/2015 Ambiance Beaujoire vs Olympique de Marseille,47557
2014-11-09T23:00:02Z,Top buts 13ème journée - Ligue 1 / 2014-15,10374
