publish_date,title,view_count
2014-10-14T23:20:32Z,"Kurzawa celebrates a bit too soon (Sweden - France, U21)",1477189
2014-11-10T21:09:55Z,La première journée de Layvin Kurzawa en Equipe de France,87504
2015-01-28T18:06:03Z,Layvin Kurzawa skills : nettoyage de lucarne !!,25212
2014-10-05T12:00:10Z,Layvin Kurzawa ● All Goals &amp; Assists - 2013/2015 ● AS Monaco,19661
2014-09-15T09:40:19Z,INSIDE - En voiture avec Layvin Kurzawa,68800
2014-09-28T12:14:56Z,Layvin Kurzawa great nutmeg,4874
2014-09-04T15:03:31Z,Le ciseau de Layvin Kurzawa - Kazakhstan vs France Espoirs,7181
2014-09-06T09:42:26Z,"Superbe ciseau de Layvin Kurzawa (Kazakhstan France Espoirs, 04/09/2014)",15036
2015-07-22T18:36:43Z,Layvin Kurzawa Goal | FSV Mainz 1 - 4 AS Monaco | Friendly Match 2015 HD,251
2015-07-19T10:53:36Z,L&#39;ART DE LA VOLÉE : les 3 lucarnes de Kurzawa !,69509
2015-07-28T19:42:10Z,BSC Young Boys VS AS Monaco I Champions League qualifications I Goal Layvin Kurzawa,1687
2014-10-16T04:30:24Z,Kurzawa&#39;s celebration brilliantly comes back to haunt him after France lose,3055
2014-10-15T01:21:33Z,Sverige-Frankrike (4-1) U21 EM-kval Playoff 2014 - match 2 (Radiosportens kommentatorer),1800658
2015-07-20T07:06:12Z,"SKILLS : Kurzawa - Abdennour, festival de retournés au tennis-ballon !",15700
2014-11-15T01:31:38Z,Kurzawa : &#39;&#39;Une énorme émotion&quot;,10425
2014-10-15T21:50:19Z,Kurzawa Vs Guidetti Sweden UEFA 2015 U-21,25602
2015-04-23T11:10:58Z,La déception Kurzawa,1187
2014-11-10T11:27:05Z,Football / Kurzawa et les Bleus sont à Clairefontaine - 10/11,554
2014-09-01T13:04:42Z,Football / Kurzawa : &quot;Ce ne sera plus pareil&quot; - 01/09,1828
2015-03-02T00:44:04Z,AS Monaco - Paris Saint-Germain (0-0) - Highlights - (MON - PSG) / 2014-15,13953
2014-09-16T22:14:01Z,After Foot / « Kurzawa est vraiment supérieur à Digne » 16/09,1504
2014-10-21T18:28:34Z,Football / Kurzawa devrait jouer contre Benfica - 21/10,132
2014-10-05T22:57:03Z,Paris Saint-Germain - AS Monaco (1-1) - Highlights - (PSG - MON) / 2014-15,43729
2015-06-29T07:40:26Z,Crazy interview with John Guidetti (with English subtitles) - TV4 Sport,1298592
2014-11-10T16:20:46Z,Football / Deschamps à propos de Kurzawa : &quot;J&#39;ai dû modifier ma position&quot; 10/11,1703
2015-03-16T00:56:26Z,AS Monaco - SC Bastia (3-0) - Highlights - (MON - SCB) / 2014-15,4552
2014-08-21T21:32:02Z,"#IceBucketChallenge with Germain, Berbatov, Moutinho, Ocampos...",19576
2014-10-15T03:55:48Z,Suède - France Espoirs 2014 : 4-1,189423
2014-09-05T06:43:50Z,Kazakhstan - France Espoirs 2014 : 1-5,19175
2014-11-15T23:10:49Z,After Foot / &quot;Kurzawa deviendra le titulaire chez les Bleus&quot; 15/11,1198
2015-04-12T13:38:55Z,AS Monaco - Attacking and defending skills...,5882
2014-08-03T21:05:15Z,Rafał Kurzawa w derbach rezerw / Górnik II Zabrze - Ruch Chorzów 6:2 [03.08.2014],1485
2014-10-19T20:54:45Z,AS Monaco - Evian TG FC (2-0) - Highlights - (MON - ETG) / 2014-15,4080
2015-05-17T01:11:31Z,AS Monaco - FC Metz (2-0) - Highlights - (MON - FCM) / 2014-15,1676
2015-05-03T22:54:32Z,AS Monaco - Toulouse FC (4-1) - Highlights - (MON - TFC) / 2014-15,4808
2015-04-05T21:59:59Z,AS Monaco - AS Saint-Etienne (1-1) - Highlights - (MON - ASSE) / 2014-15,1521
2015-04-07T21:59:59Z,AS Monaco - Montpellier Hérault SC (0-0) - Highlights - (MON - MHSC) / 2014-15,2790
2015-03-08T23:00:00Z,Evian TG FC - AS Monaco (1-3) - Highlights - (ETG - MON) / 2014-15,1758
2014-11-09T23:00:06Z,AS Saint-Etienne - AS Monaco (1-1) - Highlights - (ASSE - MON) / 2014-15,4070
2014-11-17T14:46:53Z,Football / Le sélectionneur suédois n&#39;en tient pas rigueur aux Espoirs français - 17/11,246
2015-04-26T22:00:00Z,RC Lens - AS Monaco (0-3) - Highlights - (RCL - MON) / 2014-15,2383
2014-08-03T21:28:31Z,Falcao (AS Monaco) Vs Arsenal 1-0 Friendly Match Highlights 3 August 2014 Falcao Amazing Headed Goal,1302
2015-04-07T21:59:59Z,AS Monaco - Montpellier Hérault SC (0-0)  - Résumé - (MON - MHSC) / 2014-15,14471
2015-03-22T22:59:59Z,Stade de Reims - AS Monaco (1-3) - Highlights - (SdR - MON) / 2014-15,3890
2015-01-18T23:00:07Z,AS Monaco - FC Nantes (1-0) - Highlights - (MON - FCN) / 2014-15,1818
2015-01-09T15:38:46Z,Entraînement spécifique devant les buts - AS Monaco,24013
2014-12-02T13:40:57Z,AS Monaco YouTube Channel : KEEP CALM AND SUBSCRIBE !,7295
2014-11-17T15:14:33Z,John Guidetti: &quot;Har koll på att Kurzawa är med i truppen&quot; - TV4 Sport,10748
2015-07-28T21:20:45Z,Young Boys/Monaco  (1-3) Barrages de Ligue des Champions - KURZAWA,240
2015-04-11T13:47:22Z,Dimitri Payet /17/ &quot;NEW&quot; West Ham United ► Assists &amp; Goals /4K Ultra HD/ 2015,31257
