publish_date,title,view_count
2015-03-22T22:59:59Z,Goal Valentin EYSSERIC (86&#39;) / Olympique Lyonnais - OGC Nice (1-2) - (OL - OGCN) / 2014-15,381
2015-04-05T22:00:00Z,But Valentin EYSSERIC (68&#39;) / OGC Nice - Evian TG FC (2-2) -  (OGCN - ETG) / 2014-15,2426
2015-07-21T20:20:37Z,Prépa - Fréjus Saint-Raphaël 0-1 OGC Nice : le but de Valentin Eysseric,4447
2014-12-01T23:36:30Z,Valentin Eysseric : &quot;Je ne suis pas un tricheur&quot;,2859
2015-01-21T16:22:46Z,Valentin Eysseric avant Nice - Marseille,3866
2014-10-23T12:16:11Z,Mendy et Eysseric à la rencontre des supporters,2104
2015-03-22T22:59:59Z,But Valentin EYSSERIC (86&#39;) / Olympique Lyonnais - OGC Nice (1-2) -  (OL - OGCN) / 2014-15,3069
2015-04-05T22:00:00Z,Goal Valentin EYSSERIC (68&#39;) / OGC Nice - Evian TG FC (2-2) - (OGCN - ETG) / 2014-15,204
2015-03-23T00:54:52Z,Bloopers : Week 30 / 2014-15,1261
2015-04-06T00:30:33Z,Olympique de Marseille - Paris Saint-Germain in slow motion : Week 31 / 2014-15,4770
2014-08-24T22:06:34Z,OGC Nice - Girondins de Bordeaux (1-3) - Highlights - (OGCN - GdB) / 2014-15,3385
2015-03-22T22:59:59Z,Olympique Lyonnais - OGC Nice (1-2) - Highlights - (OL - OGCN) / 2014-15,2636
2015-03-22T23:00:00Z,Paris Saint-Germain - FC Lorient in slow motion / Ligue 1 / 2014-15,1716
2015-04-06T00:29:50Z,Bloopers - Ligue 1 / 2014-15,2654
2015-02-01T22:59:59Z,FC Metz - OGC Nice (0-0) - Highlights - (FCM - OGCN) / 2014-15,2323
2015-04-06T00:29:33Z,Olympique de Marseille - Paris Saint-Germain à la loupe - Ligue 1 / 2014-15,42380
2014-09-21T22:00:06Z,FC Nantes - OGC Nice (2-1) - Highlights - (FCN - OGCN) / 2014-15,2360
2015-04-05T21:59:59Z,But Dany NOUNKEU (18&#39;) / OGC Nice - Evian TG FC (2-2) -  (OGCN - ETG) / 2014-15,1058
2015-03-22T23:00:00Z,Paris Saint-Germain - FC Lorient à la loupe / Ligue 1 / 2014-15,7970
2014-08-31T22:00:05Z,Olympique de Marseille - OGC Nice (4-0) - Highlights - (OM - OGCN) / 2014-15,11736
2014-11-30T23:00:10Z,Paris Saint-Germain - OGC Nice (1-0) - Highlights - (PSG - OGCN) / 2014-15,15214
2014-09-25T22:00:05Z,OGC Nice - LOSC Lille (1-0) - Highlights - (OGCN - LOSC) / 2014-15,1420
2015-03-08T23:12:18Z,SC Bastia - OGC Nice (2-1) - Highlights - (SCB - OGCN) / 2014-15,1635
2015-04-05T22:00:00Z,Goal Dany NOUNKEU (18&#39;) / OGC Nice - Evian TG FC (2-2) - (OGCN - ETG) / 2014-15,7032
2015-01-18T23:00:07Z,Girondins de Bordeaux - OGC Nice (1-2) - Highlights - (GdB - OGCN) / 2014-15,997
2015-02-15T22:59:59Z,LOSC Lille - OGC Nice (0-0) - Highlights - (LOSC - OGCN) / 2014-15,983
2015-04-05T21:59:59Z,OGC Nice - Evian TG FC (2-2) - Highlights - (OGCN - ETG) / 2014-15,896
2015-02-08T22:59:59Z,OGC Nice - FC Nantes (0-0) - Highlights - (OGCN - FCN) / 2014-15,867
2015-04-05T21:59:59Z,Goal Alexy BOSETTI (45&#39; +1) / OGC Nice - Evian TG FC (2-2) - (OGCN - ETG) / 2014-15,226
2014-10-19T21:23:09Z,OGC Nice - SC Bastia (0-1) - Highlights - (OGCN - SCB) / 2014-15,2333
2015-01-25T23:00:06Z,OGC Nice - Olympique de Marseille (2-1) - Highlights - (OGCN - OM) / 2014-15,2339
2015-04-05T21:59:59Z,But Kévin GOMIS (78&#39; csc) / OGC Nice - Evian TG FC (2-2) -  (OGCN - ETG) / 2014-15,2026
2015-04-12T22:00:00Z,Stade de Reims - OGC Nice (0-1) - Highlights - (SdR - OGCN) / 2014-15,1266
2014-10-10T14:39:23Z,Les 6 buts de l&#39;opposition interne (10 octobre 2014),6077
2015-04-05T21:59:59Z,But Alexy BOSETTI (45&#39; +1) / OGC Nice - Evian TG FC (2-2) -  (OGCN - ETG) / 2014-15,1064
2015-02-08T20:49:26Z,Réactions après Nice - Nantes (0-0),1886
2015-04-05T22:44:38Z,Goals compilation : Week 31 / 2014-15,605
2015-04-05T21:59:59Z,Goal Kévin GOMIS (78&#39; csc) / OGC Nice - Evian TG FC (2-2) - (OGCN - ETG) / 2014-15,280
2015-03-22T22:59:59Z,Goal Carlos EDUARDO (23&#39;) / Olympique Lyonnais - OGC Nice (1-2) - (OL - OGCN) / 2014-15,33432
2015-07-22T00:34:33Z,Fréjus Saint-Raphaël 0-1 OGC Nice : le résumé,10987
2015-04-19T21:59:59Z,OGC Nice - Paris Saint-Germain (1-3) - Highlights - (OGCN - PSG) / 2014-15,17017
2014-12-21T23:00:06Z,RC Lens - OGC Nice (2-0) - Highlights - (RCL - OGCN) / 2014-15,1174
2015-04-05T22:38:15Z,Tous les buts de la 31ème journée - Ligue 1 / 2014-15,19259
2014-11-23T23:00:05Z,OGC Nice - Stade de Reims (0-0) - Highlights - (OGCN - SdR) / 2014-15,648
2015-03-22T22:59:59Z,But Carlos EDUARDO (23&#39;) / Olympique Lyonnais - OGC Nice (1-2) -  (OL - OGCN) / 2014-15,7613
2015-01-11T23:00:07Z,OGC Nice - FC Lorient (3-1) - Highlights - (OGCN - FCL) / 2014-15,1613
2015-04-05T22:37:17Z,Top goals : Week 31 / 2014-15,6048
2015-03-23T01:18:39Z,Highlights : Week 30 / 2014-2015,6050
2015-02-22T22:59:59Z,OGC Nice - AS Monaco (0-1) - Highlights - (OGCN - MON) / 2014-15,2291
2015-04-06T00:07:19Z,Highlights : Week 31 / 2014-2015,4004
