published-time,comment,likes
2015-07-21T23:39:53Z,Best Player God bless you I hope you have good yrs 2015-2016       Thank you all  Algerian you like you  ,2
2015-07-21T23:29:59Z,Yes,0
2015-07-18T17:04:21Z,saha aidak riyad vive l’Algérie,1
2015-07-17T22:30:56Z,Good job Riyad,0
2015-07-17T17:58:39Z,Yes wonderful goal from a great player ..* Mahrez * 1.2.3 viva l'algerie,1
2015-07-17T10:58:53Z,"Class goal, still hurt over knocky tho :'(",3
2015-07-17T10:44:34Z,Beautiful goal,4
2015-07-17T09:47:37Z,Hope Mahrez can do that in the prem,1
2015-03-19T14:15:00Z,Збс),0
2015-03-21T22:22:13Z,Awwww bless him,0
2014-12-30T00:27:07Z,So french.,0
2014-12-29T21:37:40Z,Don't go ...,1
2014-12-29T01:11:59Z,Finally a win ! Come on cityyyyyy!!!!!😄😏,3
2014-12-28T22:32:45Z,Excuse his bad language Guys All that counts his performance all Algeria loves LCFC because of Mahrez ♥ Hail Algeria ♥ LCFC Good Luck and take care of our little Wonder ;) !,3
2014-12-28T19:22:08Z,Algeria better not call him up 4 Africa cup of nations btw well done on goal and defensive work Riyad ,1
2014-12-28T19:01:11Z,"He speaks goodish English, thinking that he couldn't speak any when he 1st came to us",11
2014-12-28T18:54:50Z,I hope we don't sell him in January :(,10
2014-12-28T18:40:43Z,MahreZ <3 <3 ,2
2014-12-28T18:32:49Z,"#lcfc goal scorer Riyad Mahrez talks through today's win over Hull City. Watch a snippet of the interview below, or watch the full thing on Foxes Player. #HulLei",2
2014-12-28T18:21:47Z,Well done lad!,3
2015-05-25T22:33:53Z,Terrific Player,0
2015-05-25T14:37:56Z,He is a great player I wish him more success ,0
2015-05-14T22:21:09Z,His English has improved a hell of a lot over the last year. I remember last season when Anthony Knockeart had to translate for him in an interview after a game against Nottingham Forest (where Mahrez scored his first goal for the club),1
2015-05-10T18:49:07Z,mahrez en t aime,0
2015-05-10T07:45:49Z,My favourite player,5
2015-05-09T22:33:02Z,Thanks to the fans for supporting our algerian brother,4
2015-05-09T19:12:59Z,Quality game ,0
2015-05-09T18:42:10Z,Riyad's english has improved a lot! Anyone else remember when Knockaert translated for him?,18
2015-05-09T17:41:55Z,Mahrez ma AlgerianBRO,7
2015-05-09T17:26:52Z,Riyad Mahrez praised the support from the Blue Army following the 2-0 win over Southampton today. Watch the full video on Foxes Player or hit play below for a freeview clip. #LeiSo,3
2015-01-19T14:40:02Z,Mahrez,0
2015-01-19T14:39:31Z,U so fast,0
2015-01-07T20:07:29Z,play well and come back safe!!!!!!!!!!,0
2015-01-07T17:04:03Z,Now were fucked 😂😂,0
2015-01-07T15:57:42Z,"""because we are good now"" <3 Mahrez",0
2015-01-06T18:11:48Z,"1,2,3 viva l'Algérie et bonne chance a toi Riyad",0
2015-01-06T16:19:32Z,Good luck Riyad,0
2015-01-06T13:20:30Z,I hope you and Jeff get knocked out quickly!,5
2015-02-27T09:38:36Z,"Mahrez number one in LSC
Please go to southampton ",0
2015-02-22T02:09:44Z,iNSIGHTFUL,0
2015-02-21T10:00:11Z,"Riyad Mahrez says #lcfc still have confidence as they head into the final 13 games of the season, starting with the trip to Goodison Park tomorrow. See the full interview on Foxes Player or hit play below for a freeview clip. #EveLei",1
2015-07-30T12:54:44Z,Bon Continuation MaHreZ  ................,0
2014-11-23T19:05:59Z,Brahimi I love you 1 mahriz I love you 2 algeria I love you 3 viva,1
2015-07-28T18:18:44Z,toop bonne continuation,0
2015-07-25T14:44:21Z,had vedio haja wahdokhra ga3 <3 <3 <3 <3,0
2015-07-01T17:58:31Z,"Thanks , very Cool",5
2015-06-27T06:40:19Z,très beau montage j'espère que le volume 2 va être aussi bien réaliser continues comme ça,7
2015-06-27T00:35:36Z,Awsome :),2
2015-01-27T20:44:17Z,Pauvre badou zaki hihihihihihi il doit mourir de rage le haineux,0
2015-01-17T21:34:03Z,Hors jeu,1
2014-09-12T22:34:23Z,"One Two Three Viva l'Algérie﻿

 la3kouba lacoup da friq",0
2014-09-12T13:14:11Z,joli,0
2014-09-11T19:41:15Z,c  t'un but banal car il est hors jeu,2
2014-09-11T08:42:07Z,"but hors jeu, une équipe corrompue et football assassin ",1
2014-09-11T00:25:28Z,تسلل واضح الحمد لله ماشافهاش,1
2014-09-10T23:50:51Z,One Two Three Viva l'Algérie,2
2015-07-31T16:45:05Z,amazing,0
2015-07-30T19:38:40Z,You guys should have Ronaldinho!!!I would love to see that.,0
2015-07-29T22:13:23Z,What's the name of the first song,0
2015-07-29T18:08:04Z,When I hear this music I tought it was a sniper montage on Cod,6
2015-07-29T15:53:38Z,"Song? 
",0
2015-07-29T06:33:02Z,Sick bro's!,0
2015-07-29T05:31:51Z,Song at 0:35?,0
2015-07-28T19:29:07Z,PLS EA ! Eden Hazard 5 star skiller. :P,0
2015-07-28T06:43:35Z,⚽️⚽️⚽️⚽️⚽️⚽️⚽️⚽️⚽️⚽️⚽️⚽️,0
2015-07-27T17:20:11Z,"What's the song called at the end
",0
2015-07-27T11:30:52Z,OMG I have the same adidas slides as him! I'm Eden Hazard,0
2015-07-27T09:39:00Z,Epic,0
2015-07-26T22:32:53Z,"Whats the dope track thats playing to the awesome skillz youre preforming???
Cheers for the answer",0
2015-07-25T23:51:07Z,Hazard,0
2015-07-24T19:16:17Z,What's the name of the song,0
2015-07-24T18:19:51Z,give music,2
2015-07-24T13:02:01Z,Fuck you,0
2015-07-23T18:52:41Z,Awesome skills hazards amazing!!!👌🏻,0
2015-07-23T16:27:05Z,Whats the first song,0
2015-07-23T14:22:06Z,what a song?????,0
2015-07-23T10:59:30Z, Как называется вторая МУЗАКА,0
2015-07-23T01:24:04Z,Do a video with bastian ,0
2015-07-22T16:21:10Z,whats the name of the first song??,0
2015-07-22T11:20:41Z,"Music:
KSHMR & DallasK – Burn (MxM & GRMN Remix)
R3hab & KSHMR – Karate (Judah Remix)",1
2015-07-21T19:51:58Z,whats the name of the Music beging of the video,0
2015-07-21T14:28:52Z,The song?,0
2015-07-21T01:17:33Z,The f2 what song is that called I like it😆⚽️,0
2015-07-20T08:23:48Z,Name of the music plzz,0
2015-07-19T00:56:02Z,"The Freestylers have more moves than Hazard, but this boy definitely held his own. Not to mention, he's INSANE on the pitch. What an all-round footballer.",1
2015-07-19T00:28:22Z,Second song: KSHMR & DallasK - Burn (MxM & GRMN Festival Trap Remix),0
2015-07-18T18:27:57Z,What was the last music with the shotgun?,0
2015-07-18T10:28:40Z,love it,1
2015-07-16T10:51:03Z,give music,0
2015-07-15T22:15:13Z,At the start,0
2015-07-15T22:15:04Z,What song is that called,0
2015-07-15T22:14:37Z,,0
2015-07-14T18:59:06Z,"Came here to see Hazard dish out skillz, got what I came for, plus a magic show",0
2015-07-13T17:38:57Z,"Hazard you are a true Legend♡

P.s. whats the song name?",0
2015-07-13T17:38:24Z,"Hazard Is a fucking legend♡

P.s. Whats the song name?",0
2015-07-12T23:33:49Z,,0
2015-07-12T23:09:53Z,wath is the song this is cool?!,0
2015-07-12T12:14:07Z,Awesome skills f2  keep it up :),0
2015-07-12T06:23:43Z,At the start the dude walking infront of Hazard looks like a total prickkk,0
2015-07-09T21:46:07Z,Musica?,0
2015-07-09T20:27:58Z,whats that music? (plz tell me and I know its not Darude sandstorm),0
2015-07-09T14:27:09Z,I want to do that!!!!!!,0
2015-07-08T20:52:47Z,Could you make this skills tutorial?,0
2015-07-08T20:49:20Z,what is that song i really like it,0
2015-07-08T17:14:34Z,what is the song called?,0
2015-07-08T15:52:31Z,Song name,0
2015-07-08T12:21:41Z,2:11 awesome way to elevate the ball :p,0
2015-07-08T02:11:54Z,Did anyone else notice he was wearing Adidas sandals and he's sponsored by Nike ,0
2015-07-07T09:57:50Z,Трек пліз,0
2015-07-03T13:59:32Z,music at: 1:20 ?,0
2015-07-01T19:11:06Z,So basically every player in Fifa 16 should have 5 star skills lol,0
2015-07-01T07:05:47Z,What the song at 1:46,0
2015-06-30T19:45:43Z,Song this minute 0:06 PLS?,0
2015-06-30T19:38:40Z,,0
2015-06-30T19:38:29Z,Song of the video!?,0
2015-06-30T18:41:03Z,Who is best soccer player that can freestyle the best,0
2015-06-30T09:26:50Z,Whats the name of the skill Hazard did (letting the ball bounce of his feet) ? ,0
2015-06-28T20:24:03Z,How did you get edan hazard to come,0
2015-06-28T17:09:29Z,"hazard est trop chaud 
",0
2015-06-26T20:26:33Z,Eden hazard u are amazing also u f2freestylers⚽️,0
2015-06-25T16:52:10Z,"Hhhhhhhhhhhhaaaaaaaaaaaaatttttttttttt
",0
2015-06-25T14:29:27Z,"Guys, please, list the music, it is so good, i need to know! Or make a playlist of all the songs or something i need to know!",0
2015-06-24T20:51:50Z,What cleats/boots is Hazard wearing?,0
2015-06-24T18:12:24Z,Song?Please!,0
2015-06-24T06:51:13Z,What kind of music? ,0
2015-06-24T05:44:27Z,Что за музыка? ,0
2015-06-24T02:39:03Z,"Hello Friends,
you could teach that turning this on video to 2:07?",0
2015-06-23T21:10:55Z,"Guys, if u think that is sensational then go check out the fake ribona he did against West Ham",0
2015-06-23T20:49:07Z,Insane ball control!,0
2015-06-23T17:21:08Z,"im so proud on oure
belgium players :D",0
2015-06-23T07:36:52Z,hmmm that hazard bloke is pretty good... he should play for a real team...,0
2015-06-22T21:15:25Z,Yy,0
2015-06-22T18:47:05Z,yeah because its eden hazard he's from belgium like me xD,0
2015-06-22T17:39:08Z,Tutorial on that 1;55 jeremy flick,0
2015-06-21T06:36:11Z,WICKED,0
2015-06-20T21:20:55Z,song name nombre de la cancion,0
2015-06-20T07:46:44Z,"Jez and Billy should player for an actual team like Chelsea or man city
",0
2015-06-20T01:21:33Z,music 0:07?,0
2015-06-18T20:07:29Z,Song 1:25?,2
2015-06-18T11:14:16Z,just....amazing,0
2015-06-18T11:13:46Z,you are incredible  #f2freestylers,0
2015-06-17T20:16:49Z,what is de music used in the video,0
2015-06-17T20:14:19Z,Wow ,0
2015-06-17T16:35:56Z,song?,0
2015-06-16T14:26:49Z,hmmm i think its not real hazard,0
2015-06-16T07:23:34Z,You guys should meet with Memphis depay ,0
2015-06-16T04:43:55Z,"Hazard 5 stars skills in FIFA 16 , please EA
Hazard is the secound best skiller in my opinion , 1° Neymar :D",0
2015-06-16T00:38:35Z,How has hazard never been in toty,0
2015-06-14T18:50:12Z,Fack you Eden Hazard,0
2015-06-14T08:28:05Z,That Touch! BAM!,0
2015-06-13T14:16:09Z,how do all 3 of you do that ting do,0
2015-06-12T15:47:21Z,"perfect dribble, and so skillfull",0
2015-06-12T11:28:34Z,the song is R3HAB & KSHMR karate,1
2015-06-12T08:49:48Z,song pls,0
2015-06-12T02:20:46Z,+f2freestylers can you get cristiano ronaldo to show some skills ,0
2015-06-11T16:55:41Z,Anyone know the name of the song in the beginning?,0
2015-06-10T14:57:39Z,"Thank you guys for supporting and using our Karate Remix! Really appreciate it! 
https://soundcloud.com/eff3ctsremixes/karate-cartvnz-festival-trap-remix-1",0
2015-06-10T13:05:17Z,Edan hazardous jez inator billy Bob,0
2015-06-10T11:54:58Z,for purchas of the song,0
2015-06-10T01:19:51Z,Who's that guy In the blue shirt that came with hazard,0
2015-06-09T17:11:10Z,do one with Zlatan??,0
2015-06-09T05:31:16Z,2nd song????,0
2015-06-08T19:57:25Z,"That touch Hazard Does when he lets it bounce off his foot , whats that called ? 0:46",0
2015-06-07T19:56:56Z,Can you do this with Ronaldinho?,0
2015-06-07T12:05:30Z,Anyone know the name of the song at the end?,0
2015-06-07T09:29:43Z,Get messi,0
2015-06-06T10:15:16Z,music?,0
2015-06-06T10:07:04Z,"What is the second song starting with bang
",0
2015-06-06T09:01:18Z,How is the trick at 1:56  called? ,0
2015-06-06T05:16:53Z,get *****,0
2015-06-05T21:00:55Z,"why aren't they on a team in soccer or ""football.""",1
2015-06-04T19:15:14Z,Zinedine Zidane Said that he wanted hazard more than Messi and cr7,0
2015-06-03T16:41:20Z,"Hazards shirt is sick, I want one :b",0
2015-06-03T14:00:16Z,How do you call the move at 1:56 ???,0
2015-06-03T12:49:28Z,"***** thanks guys for supporting our Karate Remix

FULL KARATE REMIX: https://soundcloud.com/eff3ctsremixes/karate-cartvnz-festival-trap-remix-1",0
2015-06-03T09:30:07Z,"Music Name?
",0
2015-06-03T09:29:20Z,Good,0
2015-06-02T19:40:45Z,What that song please,0
2015-06-02T18:06:00Z,2:04 whats the name of the trick that jeremy did ?,0
2015-06-02T15:42:30Z,Seriously how could you dislike that 😕,0
2015-06-02T06:52:54Z,"Music pls
",0
2015-06-02T05:09:31Z,Music name?,0
2015-06-01T23:58:41Z,anyone know the song in the begginnning,0
2015-06-01T20:40:05Z,Song at 1:15?,0
2015-06-01T18:47:02Z,,0
2015-06-01T16:59:14Z,What is the skill called that he does at 1:21?,0
2015-06-01T02:42:38Z,Song?,0
2015-05-31T21:39:21Z,hes the first player ive seen be able to keep up with f2 :O,1
2015-05-31T21:26:48Z,👍,0
2015-05-31T18:20:58Z,What is the song used at 1:20?,0
2015-05-31T17:48:25Z,1ro Song?,0
2015-05-31T15:08:39Z,"What song is this
",0
2015-05-31T03:31:25Z,What's the music called,0
2015-05-31T03:01:31Z,nice,0
2015-05-31T00:14:51Z,Plzzz do one with alexis sanchez,0
2015-05-30T21:04:51Z,What is the music's name,0
2015-05-30T15:12:11Z,1:36 tutorial please,0
2015-05-30T02:19:55Z,what song is that,0
2015-05-29T20:09:12Z,What song?,0
2015-05-29T15:16:27Z,2nd song?,0
2015-05-29T04:55:08Z,What is the name of that song in the beginning,0
2015-05-28T17:03:37Z,WATH IS NAME OF MUSIC PLEASE!!!!!!!!!!!!!!!!!!!!!!!!!!!!!!!,0
2015-05-28T15:32:22Z,Tutorial 2:07 pls,0
2015-05-28T15:01:29Z,hazard deberia venir al barcelona :D,0
2015-05-28T06:26:13Z,if u want to watch freestyle watch neymar.if u want to watch game watch hazard,0
2015-05-28T03:13:32Z,thts a cool last name ,0
2015-05-27T22:57:11Z,what songs did you use,0
2015-05-27T10:27:47Z,Song 1:20?,0
2015-05-27T00:58:39Z,Do one with skill twins ,0
2015-05-26T22:56:30Z,as they call the songs that appear in this video,0
2015-05-26T19:56:30Z,What's the name of the second song,0
2015-05-26T17:24:23Z,"Get neymar next
",0
2015-05-26T11:30:09Z,,0
2015-05-26T10:02:26Z,what is  that song called,0
2015-05-26T09:54:19Z,Song ?,0
2015-05-25T12:49:44Z,Gila hangat skil l,0
2015-05-24T16:52:00Z,Music,0
2015-05-24T11:09:59Z,Sick vid,0
2015-05-24T07:14:14Z,"The title should've been F2 Freestylers showing off in front,of Eden hazard.",0
2015-05-23T18:44:01Z,as the song is called the video?,0
2015-05-23T18:38:05Z,1:20 song?,0
2015-05-23T13:18:18Z,"The song 
",0
2015-05-23T02:29:09Z,as the song is called background??,0
2015-05-22T19:35:23Z,"Song name pls 
",0
2015-05-22T19:29:10Z,1:20 song name?,0
2015-05-22T19:27:54Z,name of second song?,0
2015-05-22T14:35:30Z,You fellas have any plans to visit Alexis?,0
2015-05-22T14:08:02Z,What was the 2nd song,0
2015-05-22T12:47:05Z,Queria o nome dessas músicas,0
2015-05-21T22:06:29Z,"For anyone looking for songs;

1.R3HAB & KSHMR - Karate (Cartvnz Festival Trap Remix)

2.Burn (MXM & GRMN Remix)
",1
2015-05-21T04:20:59Z,Whats the name of the songs ?,0
2015-05-20T17:20:04Z,Go C.Ronaldo!!! :D,0
2015-05-20T12:39:53Z,What's the song in1:34,1
2015-05-19T22:57:46Z,"Messi is better  than  hazard
",0
2015-05-19T15:20:38Z,"H

",0
2015-05-19T10:45:02Z,What's the name of the song?,0
2015-05-18T07:48:08Z,coolest part 1:55 -1:59,0
2015-05-18T06:49:31Z,i like your channel,0
2015-05-18T03:08:40Z,"Second song?
",0
2015-05-17T22:36:57Z,Cho and song in locale,0
2015-05-17T18:16:42Z,Hes just insane...,0
2015-05-17T15:36:06Z,"I was just playing Fifa and I was 
Chelsea and Eden hazard had the ball lol :D
",0
2015-05-17T12:10:16Z,1:34 damn...,0
2015-05-17T10:33:07Z,кокая песня тут,0
2015-05-17T04:00:45Z,"yes cause this hazard is a fucking beats

...",0
2015-05-16T16:26:47Z,"For those who are wondering what SONG they used, it's: R3HAB & KSHMR - Karate (CARTVNZ Festival Trap Remix)",0
2015-05-16T12:47:40Z,"R3hab &kshrm -karate (cartvnz festival trap remix ) 
1st song ",0
2015-05-16T07:27:57Z,song?,0
2015-05-16T07:03:16Z,What's the music?,0
2015-05-16T04:19:28Z,Did u imagine skill twins in a panna game vs this two guys :O,0
2015-05-16T01:41:50Z,Como se llama la cancion jekej,0
2015-05-15T22:57:57Z,,0
2015-05-15T20:30:41Z,Music? ,0
2015-05-15T20:11:18Z,Please add slo motion when they do fanastic trick,0
2015-05-15T13:46:40Z,"do one with neymar please, he is not in the premier, but you guys can pull it off.",0
2015-05-14T10:58:26Z,Hazards shoes r beast,0
2015-05-13T21:46:33Z,Messi and Hazard = best ball control ever!,0
2015-05-13T20:48:49Z,what is the song when hazard came,1
2015-05-13T15:28:08Z,What was the song,0
2015-05-13T11:16:52Z,song?,0
2015-05-13T10:42:12Z,Since You guys are sponsed by Adidas can You make a video with Messi Bale and suarez?,0
2015-05-12T21:55:05Z,Song if 1:20?,0
2015-05-12T10:03:36Z,I have the same boots as hazard,0
2015-05-12T09:29:06Z,Sick as always! Great skills and ability!,0
2015-05-11T08:07:40Z,"Anyone know what's the music that they used in this video
",0
2015-05-11T06:21:23Z,Karate(Original),0
2015-05-11T00:29:15Z,0:02 what is that song?,0
2015-05-10T20:42:03Z,music 1:22?,0
2015-05-10T17:52:37Z,Whats the name of the first song? ,0
2015-05-10T17:03:41Z,Lol xd ,0
2015-05-10T14:12:22Z,the music of video,0
2015-05-10T11:51:18Z,what is the music,0
2015-05-10T07:24:16Z,Music 0:06,0
2015-05-10T06:57:25Z,plz tell me what song they are using plzz I want this song,0
2015-05-10T06:55:31Z,holy😍,0
2015-05-10T02:20:01Z,ωнαт ιѕ тнє ѕσиg υѕє∂ fσя тнιѕ,0
2015-05-09T19:23:28Z,Song?,1
2015-05-09T16:02:46Z,Song,0
2015-05-09T11:30:37Z,cool,0
2015-05-09T10:07:48Z,Jullie hebben Geluk dat jullie Nederlands kunnen :D En doe Zo Verder !,0
2015-05-09T08:38:22Z,"Hey yall,

What's that flick Hazard did at 1:35?",0
2015-05-09T07:24:39Z,Awesome Vid!! Btw. in case some of you didnt know the song is called karate by R3HAB & KSHMR anf its the  CARTVNS Festival Trap remix,0
2015-05-09T02:51:36Z,What's the dub step,0
2015-05-09T02:23:45Z,"Sanchez, If not already done.
",0
2015-05-08T16:05:48Z,posted on my bday my favourite player from my favourite team,0
2015-05-08T15:46:23Z,Daaayyyeem thats amazing good job man ,0
2015-05-08T14:50:04Z,Whats the name of the song at 1:20,0
2015-05-08T12:15:50Z,"Sorry, Just wondering what boot's was Hazard wearing?",0
2015-05-08T03:09:04Z,You should do a tutorial on all the moves shown in this video give some new freestyle tricks ,0
2015-05-07T22:51:29Z,Hazard actually has an amazing touch. Its rare to see Pro Footballers have control of that level. I really think that he has a nice potential as a freestyler.,57
2015-05-07T08:05:02Z,Awesome,1
2015-05-07T01:45:03Z,what song is this,0
2015-05-07T01:38:23Z,Whats the first song used in the video,1
2015-05-06T23:06:47Z,Am I the only one that hated this song?,0
2015-05-06T22:05:59Z,What song is this,0
2015-05-06T17:27:13Z,Music please?,0
2015-05-06T16:39:46Z,EDEN HAZARD.....I believe that there is nothing left to add.,1
2015-05-06T14:43:34Z,I want to see that trick at 2:12 from a different angle and slowed down please lol,0
2015-05-06T14:36:24Z,What are all of the songs,0
2015-05-06T00:20:04Z,quiero ese tema musical :3,0
2015-05-05T20:06:42Z,Music ?,0
2015-05-05T19:27:31Z,"I struggle to do those things in Fifa 
That was so cool ",0
2015-05-05T14:07:03Z,The musica of vidéo,0
2015-05-05T13:25:23Z,Anyone here in this comment section can do the same trick as Hazard ? ,0
2015-05-04T21:59:35Z,Musik?,0
2015-05-04T21:50:30Z,What is the name of this song ,0
2015-05-04T21:35:59Z,OMG who saw jez's skills,0
2015-05-04T20:43:03Z,pls i want that song,0
2015-05-04T18:49:06Z,What is that song in the beginn??,0
2015-05-04T17:47:51Z,What is the name of that song,0
2015-05-04T15:56:49Z,Saw you guys in Bournemouth on the stage. So good,0
2015-05-04T13:43:43Z,i am from belgium and i am know how good eden hazard he speak france,0
2015-05-04T09:12:33Z,You should play for chelsea!,0
2015-05-04T03:21:35Z,"
Song",0
2015-05-04T01:25:09Z,Music makes a difference haha,0
2015-05-03T15:13:58Z,song at the beggining,1
2015-05-02T21:49:04Z,I would like to see you work with Neymar,0
2015-05-02T21:25:12Z,Absolutely enjoyed this video!  #tekkerz,0
2015-05-02T21:00:16Z,"Hi, please name song remix ??? !!!",1
2015-05-02T17:57:56Z,Amazing ,0
2015-05-02T15:46:11Z,Song?,0
2015-05-02T14:38:23Z,And in FIFA 15 He has 4* Star Skill,0
2015-05-02T13:02:01Z,0:48 control tutorial? please.....,0
2015-05-02T12:22:18Z,that was amazing!,0
2015-05-02T11:42:05Z,"What is the song
",0
2015-05-02T09:33:28Z,wow Hazard Has some skillz,0
2015-05-02T09:22:21Z,Plz do a video with Oscar emboaba,0
2015-05-02T05:14:04Z,what is the song name in the video from the beginning,0
2015-05-02T04:06:07Z,"What's the skill called in 1:27?
",0
2015-05-01T23:56:50Z,"follow my CHELSEA FAN PAGE on google + 
https://plus.google.com/117125518749271899519/posts",0
2015-05-01T23:26:42Z,Music is R3HAB & KSHMR-Karate,0
2015-05-01T23:19:37Z,What are the songs called? ,0
2015-05-01T22:08:52Z,i saw this video in the news in usa,0
2015-05-01T21:52:47Z,One of the many reaons he's my favorite player.,0
2015-05-01T19:01:21Z,"neymar please :} :}
by the way i like this video very much and thanks.",1
2015-05-01T17:44:10Z,Songs ?,0
2015-05-01T17:41:24Z,songs ???,0
2015-05-01T17:02:15Z,Waz the name of the 2 song? plz answer,0
2015-05-01T16:48:25Z,Music in this vid was sick,0
2015-05-01T15:52:08Z,what is the song,1
2015-05-01T14:36:51Z,whats the second song called?,0
2015-05-01T12:34:11Z,Great video ,1
2015-05-01T10:20:53Z,Song?💯,0
2015-05-01T10:08:05Z,So amazing,0
2015-05-01T08:03:50Z,The songs???,0
2015-05-01T07:12:23Z,what's this song called,0
2015-05-01T06:32:52Z,F2 please help me out with my new channel? Can you leave room for improvements in the comments; I have only just started YouTube. Thanks ,1
2015-05-01T06:19:31Z,Can you please look at my first video as I'm trying to start YouTube and I need help? Can you please leave improvements and tits to start YouTube?,0
2015-05-01T06:09:41Z,Whats da song,0
2015-05-01T04:56:49Z,What the music,0
2015-05-01T04:15:20Z,Crazy skills ,0
2015-04-30T21:35:44Z,Name of the second song ,0
2015-04-30T20:25:10Z,Alexis Sanchez next,0
2015-04-30T18:41:46Z,Song name 0:07,0
2015-04-30T18:05:30Z,Song ? The one that comes at the starting,2
2015-04-30T10:26:31Z,Anybody know the names of these amazing songs ?,0
2015-04-30T09:01:02Z,Is this the real hazard lol 😂 👍👌👏man got skills ,0
2015-04-30T02:45:49Z,Eden...,0
2015-04-30T01:35:55Z,whats the song ?,0
2015-04-30T01:09:55Z,SONG ANYONE>?!,0
2015-04-29T23:57:16Z,AWESOME!,0
2015-04-29T20:39:17Z,Eden hazard have 4* skills on fifa because he never do tricks in a real game,0
2015-04-29T19:01:21Z,what's the song,0
2015-04-29T17:23:24Z,F2Freestylers have only 3 songs playing on his videos :'v,0
2015-04-29T16:54:11Z,song 2:40,0
2015-04-29T15:31:56Z,much deserved award for the guy...come across as a genuine likable guy,0
2015-04-29T11:57:21Z,What is the music please,0
2015-04-29T09:25:10Z,What are the 2 songs in the video?,0
2015-04-29T09:21:12Z,this must be edited,0
2015-04-29T07:45:30Z,What's the second song?,0
2015-04-29T02:42:21Z,ABSOLUTE MADNESS. ,0
2015-04-29T02:10:10Z,Song?,0
2015-04-29T01:51:55Z,"Willian
next",0
2015-04-29T01:45:21Z,Name of the song at the beginning???!!!,0
2015-04-29T01:14:27Z,What is the name of TVE second song? :/,0
2015-04-28T22:57:04Z,This is awesome but anyone know the name of the track?,0
2015-04-28T22:41:06Z,Where are skills ?,0
2015-04-28T22:23:13Z,Eden Hazard:Wears Nike boots but Adidas jacket😑😑,0
2015-04-28T21:02:22Z,What's the song called,0
2015-04-28T20:29:01Z,aguero ore sanchez please,0
2015-04-28T20:15:29Z,"you only did juggling so that is why skill twins are better

\",0
2015-04-28T19:21:53Z,neymar who?,1
2015-04-28T18:04:25Z,Next time do it with Robinho ;),0
2015-04-28T17:43:06Z,Anyone know the name of that song ,0
2015-04-28T17:01:54Z,"If you want to see great football freestyle,skills,challenges,freekicks...go check out our chanel.We will try hard to make good videos.New vid is coming tomorrow.Like and subscribe. :) THANKS :D",1
2015-04-28T15:55:21Z,"What music?
",0
2015-04-28T15:51:48Z,Id love to see ibra in one,0
2015-04-28T13:48:36Z,Do a bicycle kick challenge,0
2015-04-28T13:39:06Z,Do one with pogba!!!,0
2015-04-28T13:17:19Z,@fakerbro karate,0
2015-04-28T11:11:42Z,What is the first song?,0
2015-04-28T11:07:50Z,"1st song : R3HAB & KSHMR - Karate (CARTVNZ Festival Trap Remix)
2nd song : KSHMR & DallasK - Burn (MxM & GRMN Remix)

Not trying to fish for likes but pls do so others can see",0
2015-04-28T11:02:18Z,와..짱이네..good!나도저렜으면..,0
2015-04-28T05:47:56Z,song? l,0
2015-04-28T01:16:33Z,Como se llama la cancion,0
2015-04-28T01:10:01Z,whts the name of music in video?,0
2015-04-28T00:23:49Z,What are the songs called?,0
2015-04-28T00:00:39Z,Alguien que me diga como se llama la canción de este vídeo porfa ,0
2015-04-27T23:13:59Z,Name of songss,0
2015-04-27T21:35:46Z,which the names of the songs?,0
2015-04-27T20:53:38Z,Song name? First and second one? Thanks :),0
2015-04-27T20:45:39Z,Neymar>>,0
2015-04-27T20:25:40Z,Whats the song called at 0:05 please ,0
2015-04-27T20:23:35Z,Name of the second Song please ,0
2015-04-27T20:20:17Z,music,0
2015-04-27T20:19:07Z,"Eden Hazard is unbelievably!💪⚽🔝👍
",0
2015-04-27T20:18:59Z,Yall music game is steeping up its so fire that trap shit !!! And Yall skills always on point 👌🏿👌🏿,0
2015-04-27T19:47:45Z,Song this video pls ?,0
2015-04-27T19:42:18Z,Hazard are my lovley player of the world 😍,0
2015-04-27T19:18:35Z,New video with bOLASIE PLEASE <3 caps lock....,0
2015-04-27T19:18:28Z,Song names?,0
2015-04-27T19:06:30Z,song pls,0
2015-04-27T18:56:58Z,Hazard 5* skills FIFA 16 OR RIOT!,0
2015-04-27T17:50:00Z,what is the name of the song?????,0
2015-04-27T17:39:37Z,do one with lord bentner ,0
2015-04-27T17:08:11Z,Hazard is sick in a good way,0
2015-04-27T17:06:01Z,What song is that,0
2015-04-27T16:42:02Z,what's the song at the very beginning where hazard comes to space and shown his name ?,0
2015-04-27T16:41:09Z,what's the song at the very beginning where hazard comes to space and shown his name ?,0
2015-04-27T16:02:21Z, Make a goalie come in,0
2015-04-27T15:18:07Z,what's the song in the beginning with this types?,0
2015-04-27T15:11:03Z,Why is he 4 stars skills at fifa,0
2015-04-27T15:09:25Z,"Lmao at the end, yellow card xD ",0
2015-04-27T14:58:06Z,"do skills with JUAN QUADRADO -. the new chelsea player 
lets so if he has the real 5 stars skills in FIFA xD",3
2015-04-27T14:29:36Z,"Absolutely smashed it guys, great filming with you again!",159
2015-04-27T14:05:50Z,what is the name of the song,0
2015-04-27T13:44:54Z,Tutorial of each new trick would be awesome!!,1
2015-04-27T13:44:30Z,"damn, hazard got dem skills",0
2015-04-27T12:58:28Z,Hazard is gonna win the Ballon D'Or in the coming years! He is thaaaat good and still incredibly young!,0
2015-04-27T12:39:49Z,HAZARD the best <3,0
2015-04-27T10:47:59Z,Amazing tekkkkkers,0
2015-04-27T09:11:16Z,And people are saying Kane should of won the PFA Player of The Year.,0
2015-04-27T08:40:47Z,Music?,0
2015-04-27T07:59:58Z,Song name?,0
2015-04-27T06:11:05Z, Awesome!,0
2015-04-27T03:35:32Z,What song is this? ,0
2015-04-26T23:33:40Z,Song plz,0
2015-04-26T22:29:10Z,No tutorial????,0
2015-04-26T22:00:43Z,#5,0
2015-04-26T21:44:40Z,what song?please,0
2015-04-26T21:33:59Z,R3HAB & KSHMR - Karate (CARTVNZ Festival Trap Remix) song name.,0
2015-04-26T20:10:13Z,Name Song?,0
2015-04-26T19:56:39Z,Are you two going to try out the new Nike silo 'summer 2015 package' they look sick!!!!!!!!! ,1
2015-04-26T19:56:13Z,aayy lmao,0
2015-04-26T19:35:33Z,What's the song called that's put on the outro of the video,0
2015-04-26T19:11:59Z,Those skills are sick but will we see him do them in the title race.  Wait and see...,0
2015-04-26T19:08:33Z,Thats a 200 million baller right there....What a privilege #ballers,0
2015-04-26T18:46:30Z,Eden Hazard = bpl player of the year. His technical abilitiy and dribbling skills are unmatchable thumbs up 👍 if you agree.,0
2015-04-26T18:22:50Z,  Can you do a puma Evo power vs mecurial superfly intense heat boot test? ,0
2015-04-26T18:20:04Z,Best on prem,0
2015-04-26T18:19:18Z,"You should teach us how to kick like Ronaldo
",0
2015-04-26T18:03:18Z,how did hazard do that 1:57,0
2015-04-26T17:55:31Z,Song?,0
2015-04-26T17:54:56Z,Music ?,0
2015-04-26T17:51:34Z,Songs?,0
2015-04-26T17:26:08Z,Deeam those skills.,0
2015-04-26T16:06:15Z,Do this with sean garnier,0
2015-04-26T16:00:26Z,Imagine the F2 and hazard on the same team in a front three,0
2015-04-26T15:57:35Z,Epic skills to all of you,0
2015-04-26T15:10:16Z,cool i will be like Hazard one day,0
2015-04-26T15:08:02Z,"damn hazard has got dem skills
",0
2015-04-26T14:40:12Z,What's that move hazard does at 1:35?,0
2015-04-26T14:20:23Z,Could u do a 1 million subscriber q&a,0
2015-04-26T14:11:32Z,Part 12 pls,0
2015-04-26T13:47:46Z,How do u get to meat up with him,0
2015-04-26T13:41:01Z,Crack eden !! Saludos desde Chile de aca veo sus vídeos saludos! !,0
2015-04-26T13:29:58Z,Does anyone know where Billy was playing in his youth? ,0
2015-04-26T13:21:19Z,It will be awsome if f2 plays panna with Sean garnier the best freestyler in the world!!!!!!!!!!!!!!!!!!!!!!!!!!!!!!!,0
2015-04-26T13:20:38Z,That was sick ,0
2015-04-26T13:11:46Z,Skills or what,0
2015-04-26T11:18:49Z,Meet neymar he would b class,0
2015-04-26T11:02:34Z,"Hey guys, ive just made this account and this channel is going to hopefully be like f2 freestylers, im going to be creating content very soon so I would appreaciate it if you could hit my sub button! thanks :D",0
2015-04-26T10:56:45Z,He should have 5* skills move on fifa ,0
2015-04-26T10:54:44Z,MOARRR!! From Hazard!!!,0
2015-04-26T10:44:42Z,"Do a slow motion skills video, please!!!
#F2family...",0
2015-04-26T10:40:55Z,"which songs are used in the video?
Great video!",0
2015-04-26T10:39:28Z,do one with pogba,0
2015-04-26T10:31:12Z,Plus what's the song I love it,0
2015-04-26T10:30:20Z,Best video yet boys plus he's a beast,0
2015-04-26T09:48:57Z,What's the name of the song in the beginning?,0
2015-04-26T09:18:35Z,Skills with Gareth bale,0
2015-04-26T08:30:19Z,That toe bounce at 2:00 tho ,0
2015-04-26T07:54:28Z,First music?,0
2015-04-26T07:53:14Z,My idol! Defo a future Ballon d'Or winner!,0
2015-04-26T07:33:48Z,Song at 1:24? And at start,0
2015-04-26T07:22:51Z,What is the name of the first song,6
2015-04-26T07:06:04Z,Yes a 🇧🇪 i love the RED DEVILS ,0
2015-04-26T05:42:11Z,"A bit surprised he didnt fall over and scream like he normally does, but still a quality video and ken to see more videos with other Pros! :D",0
2015-04-26T05:03:53Z,I wish that was me,0
2015-04-26T04:12:18Z,Hazard has great first touches.,0
2015-04-26T03:59:12Z,Why do I always have the feeling that professional footballers are not as good as the freestylers doing tricks or are not as agile?,0
2015-04-26T02:44:29Z,I might be biased but defiantly one of the best vids by f2 guys! ,0
2015-04-26T01:58:55Z,Those of you that are shocked by this clearly didnt watch him with Lille Osc did so many skills.,0
2015-04-26T01:54:54Z,What were those mercurial shoes I mean what exact model,0
2015-04-26T01:54:22Z,Music name please,0
2015-04-26T01:41:43Z,music?,0
2015-04-26T00:28:16Z,Get Sanchez up on here ,0
2015-04-26T00:00:14Z,What's the song at the beginning ?,4
2015-04-25T23:17:13Z,What is the Name from the mix ?,0
2015-04-25T23:12:03Z,Awesome..... ;p,0
2015-04-25T22:47:55Z,What is the song at the beginning of the vid?,0
2015-04-25T22:38:41Z,Music Please ?,0
2015-04-25T22:30:43Z,You guys should seen Jez face after Eden did the air elastico,0
2015-04-25T22:08:51Z,jeromy shouldn't of had to do push ups because that was a terrible pass from billy,0
2015-04-25T22:06:35Z,Belgium !,0
2015-04-25T21:49:33Z,"he's unreal, shows why he's an amazing dribbler",50
2015-04-25T21:37:15Z,freestyle.....<3,0
2015-04-25T21:28:54Z,Please egg neymar to do some thing with you guys,0
2015-04-25T21:21:27Z,"Song please
",0
2015-04-25T21:16:43Z,Somebody please tell what trick it's called at 1:20,0
2015-04-25T21:10:39Z,"Song¿?
",0
2015-04-25T21:00:24Z,"Eden is so mighty ! :o so much skill talents in him, and you too F2 ^^ ",0
2015-04-25T20:48:42Z,  I come from belguim i love him Eden hazard no homo,0
2015-04-25T20:47:44Z,There goes my dream right there :O would love to meet Hazard!,0
2015-04-25T20:42:45Z,They should be proud of being better then hazard at diss,0
2015-04-25T20:41:47Z,anyone know the song name?,0
2015-04-25T20:06:49Z,Eden is my favourite player! Really a beast!!,0
2015-04-25T20:06:09Z,Do that with Oxlade Chamberlain plz,0
2015-04-25T19:18:32Z,Hazard has been A1 since day one.,0
2015-04-25T18:47:05Z,Music? Bang and then gun shot 1,0
2015-04-25T18:44:13Z,Ur sooooo lucky hazardddddddd,0
2015-04-25T18:21:57Z,hazard=Crack,2
2015-04-25T18:20:50Z,What's the song called ,0
2015-04-25T18:06:28Z,Music name pleas,0
2015-04-25T18:04:15Z,song name please?????,0
2015-04-25T17:43:09Z,Song?,0
2015-04-25T17:31:23Z,DO dat with Messi10,0
2015-04-25T17:23:59Z,what is the name of the songs?,0
2015-04-25T17:16:11Z,PLEZZ SUB TO MY NEW CHANLE I DONT HAVE VIDEOS YET BUT PLEZZ SOPORT,0
2015-04-25T16:51:30Z,"What is the music
",0
2015-04-25T16:46:04Z,,0
2015-04-25T16:41:49Z,anyone know the song?,0
2015-04-25T16:32:39Z,F2 how come you are not pro footy players,0
2015-04-25T16:20:35Z,Can someone tell the name of the music in the video,0
2015-04-25T16:15:49Z,Really thank you F2 :),1
2015-04-25T16:07:42Z,Do a vid with Alexis Sanchez!,0
2015-04-25T15:59:37Z,"Hazard is wearing full Adidas clothing, yet, he is still wearing Nike football boots.",0
2015-04-25T15:52:11Z,song name up until 1.20 ? Thanks,0
2015-04-25T15:18:19Z,Love the fact how casual he arrives wit his shoes in his hands,0
2015-04-25T15:17:47Z,Make fifa of yourself,0
2015-04-25T15:05:14Z,get courtis in goal and take free kicks against him XD,0
2015-04-25T15:01:19Z,What's the song?,0
2015-04-25T14:57:14Z,Song please,0
2015-04-25T14:54:39Z,Do one with Cuadrado he is also a very good at skills ,0
2015-04-25T14:28:31Z,One of ur best vids yet,0
2015-04-25T14:25:24Z,Song names?,0
2015-04-25T14:05:32Z,HAZARDDDDDDDDDD,0
2015-04-25T14:00:01Z,"Cual es la music de video
",0
2015-04-25T13:58:59Z,Do a free kick vid with Rooney ,0
2015-04-25T13:09:20Z,Songs please?,0
2015-04-25T13:07:58Z,Sooong,0
2015-04-25T13:03:04Z,,0
2015-04-25T12:33:05Z,I would love it if u could stop by my channel! me and my mate are having a hard time growing so i would love some support thanks!,0
2015-04-25T12:31:18Z,Do a video were it teaches u to be a better cm,0
2015-04-25T12:29:39Z,Agüero next time plz,0
2015-04-25T12:24:17Z,"What is that song the F2 have on through the video, beginning and end?",0
2015-04-25T12:18:58Z,Кто из России Лайк!,1
2015-04-25T12:10:44Z,How does he not have 5* skills in fifa?,0
2015-04-25T11:22:44Z,Damn that rondo !😁,0
2015-04-25T11:18:23Z,BELGIË!,0
2015-04-25T10:58:29Z,What is the trick at 1;20  called,0
2015-04-25T10:51:05Z,What song,0
2015-04-25T10:37:13Z,"Oh my goodness gracious me... 
Always knew Hazard was an excellent dribbler,skill master but never knew his freestyling...
Thnx to the F2 fr showing how amazing tekkers Hazard has got...",0
2015-04-25T10:22:27Z,"Following ronaldo and messi, hazard is the 3rd best in the world",0
2015-04-25T10:10:37Z,"I feel like Billy and Jez didn't really try, in order to not show Hazard up!",0
2015-04-25T10:07:47Z,#4*skillsinFIFA,0
2015-04-25T10:03:17Z,Wow what a player,1
2015-04-25T09:47:42Z,But could he do it on a cold night in Stoke?,0
2015-04-25T09:39:46Z,whats the name of the second beat,0
2015-04-25T09:21:17Z,Real madrid claiming football videos if you guys not trust me search real madrid in youtube then you see it fuck real the football youtubers need to stop if real madrid and bayern claiming more noooooo!!!!!!!,0
2015-04-25T09:09:52Z,Whats the name of the song at the start and in the end ? ,0
2015-04-25T09:09:31Z,What's the outro song?,0
2015-04-25T09:09:04Z,EA:Still Hazard has 4 stars skill moves.,0
2015-04-25T09:03:22Z,In this great video we just saw the best player in the world playing with Billy and Eden Hazard... ;),0
2015-04-25T09:02:12Z,EA should make this guy five star skiller ,0
2015-04-25T08:56:39Z,"My game is decent passing shooting running the ball not a problem but my tekkers are dreadful if that's not an understatement, could you make a video on some beginning tricks and how you can build on that?",0
2015-04-25T08:56:07Z,"I am an Arsenal fan but I really like Hazard, he is actually decent :)
I don't like people comparing Alexis vs Hazard at all, they are both special players and have different playing styles so comparing them makes no sense ;)",1
2015-04-25T08:52:38Z,Great Skill,0
2015-04-25T08:40:22Z,***** Nike or Adidas,0
2015-04-25T08:33:26Z,i want learn this skills :) ,0
2015-04-25T08:32:48Z,Hazard best Player in BPL ;),0
2015-04-25T08:24:19Z,What the first music,0
2015-04-25T08:18:07Z,OMFG Hazard is the best thanks F2!!,1
2015-04-25T08:06:38Z,music name please ,0
2015-04-25T07:59:48Z,song name?,0
2015-04-25T07:57:27Z,I love u ,0
2015-04-25T07:39:22Z,Could harry Kane do that?,0
2015-04-25T07:22:19Z,"What...the...f***... 
Why the f*** doesn't Hazard have 5 star skills you stupid EA. Now I hate you even more. If EA watches this video. Then they have to change it right now. Dayum",0
2015-04-25T06:27:31Z,AMAZING but song name?,0
2015-04-25T06:00:36Z,he has skills i like how he dribbles in a simple form (not saying its easy to do against all of the defenders he faced) and its every effective,0
2015-04-25T05:56:17Z,Song at 1:20 please ,0
2015-04-25T05:39:09Z,Cómo se llama la canción? ,0
2015-04-25T05:24:16Z,This is just amazing Eden and you guys =Awsome,0
2015-04-25T05:14:09Z,Does jeremy even know how to do a correct push up?he did a wrong one,0
2015-04-25T05:11:42Z,Do skills woth neymar!,0
2015-04-25T04:47:43Z,"Hazard is the best
I love him",0
2015-04-25T04:26:16Z,Plzz check out our channel,0
2015-04-25T04:24:46Z,music?,0
2015-04-25T04:08:18Z,"Can u please test Eden's touch and agility, would be so cool!",0
2015-04-25T04:01:05Z,finally saw my best player with u guys it was amazing,0
2015-04-25T03:57:49Z,"Is it important for footballers to learn all this tricks? Cause even though many people say it isnt important, almost every footballer i see can do all this",0
2015-04-25T03:33:38Z,When will the full video be out on 5 Mag?,0
2015-04-25T02:51:49Z,Only has 4 star skills :( fifa is so sick,0
2015-04-25T02:37:13Z,Name of 1st song that played,0
2015-04-25T02:35:40Z,Its amaizing what you two (and Hazzard) can do with just a ball and cleats.,0
2015-04-25T02:34:20Z,That in-air elastico at 1:35 😍😍😍,1
2015-04-25T02:32:40Z,"Dayum! Hazard does have some tekkers. Keep it up F2, you guys are amazing!",1
2015-04-25T02:21:00Z,What's that song name?! ,0
2015-04-25T02:15:19Z,Whats the song????,0
2015-04-25T02:10:26Z,Ea will give him 3 star skill moves,0
2015-04-25T02:05:18Z,cr7,0
2015-04-25T02:05:00Z,u know what i mean do one with ronaldo,0
2015-04-25T02:04:20Z,i really really wanna see one with cristioano ronaldo,0
2015-04-25T01:51:00Z,"Do an ibra special, just imagine it, The F2 ft. Ibra - Acrobatic goals and passes!!!!",0
2015-04-25T01:50:42Z,First song name?,0
2015-04-25T01:45:40Z,Song???,0
2015-04-25T01:42:20Z,songs ? :o :c,0
2015-04-25T01:36:50Z,"EA, can u explain why he is fucking 4 stars skills?",0
2015-04-25T01:22:32Z,You guys are so good idk what word to use,0
2015-04-25T01:14:47Z,JUST AWESOME HAZARD IS AMAZING. AND YU GUYS DEFINITELY ARE. CHEERS,0
2015-04-25T01:08:12Z,Hazard,0
2015-04-25T01:04:30Z,THEY HATE US CAN THEY ANUS THEY WILL ALSO BE HATERZ HATERS GONNA HATE,0
2015-04-25T00:54:06Z,Love your vids. Keep them up,0
2015-04-25T00:50:41Z,Yoooo! Hazard held it down!.. I'm impressed.,2
2015-04-25T00:41:35Z,Wow! ,0
2015-04-25T00:38:46Z,Shit hazard could be part of the f2 his goos at skill who agree ?,1
2015-04-25T00:38:02Z,great skills Billy & Jez - Hazard got tekkerz.,270
2015-04-25T00:21:20Z,Hazard op,1
2015-04-25T00:20:59Z,What song,0
2015-04-25T00:18:29Z,What are the song(s) in this vid?,0
2015-04-25T00:09:16Z,Better see Hazard have 5 star skills in FIFA 16...,0
2015-04-24T23:54:10Z,"OMG YOU SHUD DO MORE WITH HAZARD, DES GUY IS SO FUCKIN SMOOTH N .....SEXCY!!",1
2015-04-24T23:40:21Z,song? please,0
2015-04-24T23:38:27Z,"For someone who plays professional football at one of the highest levels in the world (hazard is top 5 in the world in my opinion) he definitely makes football freestyle look easy and you can see he was so relaxed while doing what jezza and billy (there had more tricks though) amazing, just amazing",3
2015-04-24T23:34:27Z,u should slow down the music :),0
2015-04-24T23:28:38Z,Do IT with other players ,0
2015-04-24T23:27:06Z,Do one with Alexis Sanchez,0
2015-04-24T23:21:17Z,Hazard is a world-class player.......this guy just rekks,1
2015-04-24T23:20:44Z,i don't know why people are so surprised that hazard ha sinsane skills. he used to do this all the time in ligue 1. dribbling and skilling around players like they're invisible,2
2015-04-24T23:20:35Z,Song?,0
2015-04-24T23:20:24Z,one of my favorite f2 Video yet!,0
2015-04-24T23:18:36Z,Song name?,0
2015-04-24T23:17:14Z,you should be signed at Chelsea,0
2015-04-24T23:15:42Z,"The amount of tekkers in this video is insane!!
and that ball control OUUUH",0
2015-04-24T23:11:09Z,"Please👌 a tutorial of the skill at 1: 36 done by hazard *-* .

And also Great video . ",0
2015-04-24T23:10:56Z,What's the song called ?,0
2015-04-24T23:04:16Z,And EA only give him 4 stars.,0
2015-04-24T22:57:39Z,One of them is wearing the shoes that I have,0
2015-04-24T22:57:11Z,How the Actual f Do you Guys Pull it off to get in touch with all These stars,0
2015-04-24T22:56:41Z,Awesome!!! ,1
2015-04-24T22:54:14Z,I really love this episode! Love how you guys meet such big names in football. *****,0
2015-04-24T22:54:07Z,Nice but hazard revien a Lille mdrr :p #WeAreLosc,0
2015-04-24T22:51:28Z,Hazard is sick :D,1
2015-04-24T22:48:50Z,Music?,0
2015-04-24T22:47:26Z,First song?,0
2015-04-24T22:43:50Z,"Hazard is such an amazing player, he deserves much more than Chelsea...",28
2015-04-24T22:37:53Z,Is that photoshop lol nice vid,0
2015-04-24T22:27:40Z,Song? ,0
2015-04-24T22:19:47Z,"Yes, nice!!!!",0
2015-04-24T22:17:05Z,One of my dreams is to play with you guys :D,0
2015-04-24T22:15:19Z,Never knew hazard was this skillful...,1
2015-04-24T22:07:38Z,All these KSHMR mixes,0
2015-04-24T22:02:41Z,Hazard is SICK! ,1
2015-04-24T21:43:00Z,What's the name of these songs?,1
2015-04-24T21:41:53Z,Hey guys im a young YouTuber and i have some vids of me and my friends just messin around check them out if u want,0
2015-04-24T21:41:47Z,Eden hazard  OMG Now i would BALE,0
2015-04-24T21:41:28Z,"Effortless, is the main word here, an inspiration to watch. one question though, what  track is that?!? its amazing! someone tell me the name.",1
2015-04-24T21:41:21Z,"Yo, F2. What kind of camera do you guys use to record?",0
2015-04-24T21:39:38Z,"i admire his control and dribbling so much, favorite player right here",4
2015-04-24T21:37:17Z,"Even though I'm a Manchester United fan, I do like Eden Hazard's style of skills, great video F2! :D",1
2015-04-24T21:34:48Z,"(ʘᗩʘ') OMFG as a mufc supporter, I officially declare Hazard as my favorite Chelsea player",0
2015-04-24T21:33:24Z,I love hazard i want to be god as him best player in BPL,1
2015-04-24T21:29:32Z,"Músic? 
",0
2015-04-24T21:28:59Z,"Can you two do a video with ronaldo,bale and James? ",0
2015-04-24T21:20:36Z,Can you please make a short vid about your time with Eden Hazard? He could possibly be one of the very best in the future and that's awesome that you guys got to kick it around with him ,1
2015-04-24T21:19:20Z,you should do the spectacular crossbar in skinny jeans,0
2015-04-24T21:19:10Z,You on a stop smoking ad,0
2015-04-24T21:18:57Z,"Whats the song called you hear??
",0
2015-04-24T21:14:58Z,"Next is Cristiano Ronaldo 
",0
2015-04-24T21:14:26Z,Im a  massive chelsea fan,0
2015-04-24T21:13:55Z,The Best in BPL :),0
2015-04-24T21:12:39Z,if possible do one with willian or neymar,1
2015-04-24T21:04:58Z,"Song?
",0
2015-04-24T21:03:34Z,Awsome,0
2015-04-24T20:59:11Z,First player who is on the same level freestyle wise...,59
2015-04-24T20:52:59Z,Hazard 😍😍😍,0
2015-04-24T20:49:23Z, Guys you should do a video with messi it's would be awesome,0
2015-04-24T20:46:37Z,OH CRAP!  HAZARD IS WAYYYYY COOLER THAN COSTA!  LIKE IF U AGREE,0
2015-04-24T20:40:47Z,What dat song 0:2,0
2015-04-24T20:40:13Z,,0
2015-04-24T20:39:15Z,Song?,0
2015-04-24T20:38:09Z,Barca or madrid?,0
2015-04-24T20:37:48Z,I have those black green boots too,0
2015-04-24T20:34:37Z,"One of the greatest <3
I think Hazard > Neymar",100
2015-04-24T20:33:51Z,What the song in 0:5 in this video?,0
2015-04-24T20:33:44Z,This was so good ,0
2015-04-24T20:29:37Z,Wtf at the end it shows more videos: diego costa finishing etc but no link!? Upload them at least ,1
2015-04-24T20:29:31Z,This is sickk.,0
2015-04-24T20:28:52Z,"And still, Hazard doesn't have 5 star skills on Fifa...",0
2015-04-24T20:28:31Z,Please F2 do some skills with Neymar *-*,0
2015-04-24T20:26:17Z,do reus lel,0
2015-04-24T20:26:07Z,whats the song,0
2015-04-24T20:24:59Z,Where are the rest of the diegocosta videos!!!?!,0
2015-04-24T20:24:47Z,5 * SKILLS,0
2015-04-24T20:24:12Z,My idol! Absolutely legend!!! Great video guys☺,0
2015-04-24T20:22:24Z,"if f2freestylers were in Fifa , what would there overall rating be?",2
2015-04-24T20:22:15Z,Second song is // burn (mxm & grimm remix) thank me later xD,2
2015-04-24T20:18:00Z,Wow,0
2015-04-24T20:17:01Z,Please upload vid with CR7 ! !,1
2015-04-24T20:15:25Z,OMG HE'S SOOOO GOOD (y) BIG UP,0
2015-04-24T20:13:52Z,that was so beast,0
2015-04-24T20:11:32Z,Love it!!!,0
2015-04-24T20:11:17Z,"Hazard gave Billy and Jez a run for their money! Crazy skills and ball control, looks like he's not even trying! Would love to see more of these!",2
2015-04-24T20:08:53Z,Alexis Sanchez jeje,0
2015-04-24T20:05:58Z,Wow,0
2015-04-24T20:04:52Z,I enjoyed that,0
2015-04-24T20:04:06Z,The f2 kept up with hazard,0
2015-04-24T20:03:42Z,Do one with falcao!,0
2015-04-24T20:01:21Z,"Whats the song called?
",0
2015-04-24T19:59:22Z,Can you do a video with Cristiano ronaldo !?? ,0
2015-04-24T19:54:12Z,"What is the name of the song?
",0
2015-04-24T19:48:05Z,FOR THE NEXT ISCO MEN!,0
2015-04-24T19:42:22Z,1:22 music ??,0
2015-04-24T19:42:12Z,mean it might be the editing but he doesnt seem like a nice guy at all.. No greetings no laughing and fun mo good shoutout.. Like i said it might not be true but i dont like him in this video,0
2015-04-24T19:41:37Z,how he's not five star skiller in fifa i would never know 0_o,0
2015-04-24T19:38:34Z,What is the name of the music in the final?,0
2015-04-24T19:38:21Z,Do one with zlatan !,0
2015-04-24T19:33:25Z,whats the songs,0
2015-04-24T19:32:52Z,What the song please tell me ,0
2015-04-24T19:31:22Z,"Omfg Hazard!!
",0
2015-04-24T19:31:10Z,"If I get 100 subscribers, I'll make a squad builder for you! 😎😎",1
2015-04-24T19:27:20Z,song?,0
2015-04-24T19:22:21Z,whats the song plssssss???,0
2015-04-24T19:20:33Z,EDEN HAZARD = GOOD ;-),0
2015-04-24T19:19:39Z,What's the first song?,2
2015-04-24T19:17:56Z,"FIFA 16
Hazard: 5 stars skills.",0
2015-04-24T19:13:06Z,I just bought the shoes hazard is wearing.......its from the new intense heat collection,0
2015-04-24T19:12:42Z,You guys are epic!!,0
2015-04-24T19:12:05Z,Bah...,0
2015-04-24T19:10:57Z,Could you please do a review of the f50s!!!,0
2015-04-24T19:10:55Z,Didnt billy meet C.Ronaldo and Ronaldinho??,0
2015-04-24T19:08:45Z,Wats the name of the first song?,1
2015-04-24T19:08:41Z,First song? ,0
2015-04-24T19:06:48Z,"Amzing
",0
2015-04-24T19:03:30Z,Do a crossbar challenge with Eden Hazard ,0
2015-04-24T19:02:59Z,Name of the song? ,0
2015-04-24T19:00:43Z,Do a video with eden hazard neymar and gotze ,0
2015-04-24T18:57:13Z,Simply amazing ! Eden is so skillful,1
2015-04-24T18:56:49Z,Awesome 😎😎😎😎😎😎😎😎😎😎😎😎😎😎😎😎😎😎😎😎😎😎😎😎😎😎😎😎😎😎😎😎😎😎😎😎😎😎😎😎😎😎😎😎😎😎😎😎😎😎😎😎😎😎😎😎😎😎😎😎😎😎😎,0
2015-04-24T18:55:58Z,Crazy video guys this was insane! :) next time freekicks or penalty challenge? ,0
2015-04-24T18:53:29Z,do sanchez and bolasie!,0
2015-04-24T18:50:30Z,Turkey,0
2015-04-24T18:48:47Z,Freestyle con Alexis Sanches ,0
2015-04-24T18:46:15Z,This guys are dutch ,0
2015-04-24T18:46:05Z,Song name,0
2015-04-24T18:45:56Z,Amazing,0
2015-04-24T18:45:48Z,Amazing ,1
2015-04-24T18:45:47Z,Hazards boots are orgasmic.,0
2015-04-24T18:42:14Z,Hazard's touch is class,1
2015-04-24T18:39:41Z,OMG IL EDEN HAZARD HE IS FOR SURE THE NEXT MESSI,0
2015-04-24T18:39:05Z,Should've done some free kicks as well,0
2015-04-24T18:37:04Z,F2 have the best job in the world ,0
2015-04-24T18:36:01Z,You could compare billy and eden speed.,2
2015-04-24T18:36:00Z,That was fucking unreal,0
2015-04-24T18:35:31Z,That must have been fun!,0
2015-04-24T18:29:25Z,"Second Song?
Great Video, Hazard is SO AMAZING :D",0
2015-04-24T18:29:25Z,billy and jezza look like two kids in a candy store.,0
2015-04-24T18:28:24Z,Ronaldinho the legend next maybe?,0
2015-04-24T18:25:01Z,"If only you guy's had made a dribbling tips video with Hazard, fascinating how he glides away from players with ease. (although his height/low centre of gravity has a huge part in this)",0
2015-04-24T18:24:26Z,Song plis?,0
2015-04-24T18:24:00Z,Please do one with Zlatan,1
2015-04-24T18:23:17Z,How's the song called from 0:07 - 0:17 ?,0
2015-04-24T18:23:07Z,Who ever disliked this must be the ultimate hater,1
2015-04-24T18:22:36Z,"EA, if your watching, 5 star skills please...",1
2015-04-24T18:20:26Z,La canción del vídeo como se llama,0
2015-04-24T18:18:45Z,Song name? Please.,0
2015-04-24T18:17:49Z,Paused at 6 secs.... Hazard walks up like a Bawss in his slippers! ... resume video.,2
2015-04-24T18:14:19Z,What's the song?,0
2015-04-24T18:14:08Z,"Way to sick!!!
",0
2015-04-24T18:12:50Z,Please do one with Alexis Sanchez,0
2015-04-24T18:11:08Z,"Amazing skills from Hazard.
One of the best players in the world
One of my favourite player.(Man U fan)",0
2015-04-24T18:01:51Z,This video is just class due to hazards amazing skills!,0
2015-04-24T18:00:17Z,music ???,1
2015-04-24T17:58:07Z,you are better then him,1
2015-04-24T17:57:54Z,Yes Eden I come from Belgian ,0
2015-04-24T17:55:47Z,Song?,0
2015-04-24T17:55:17Z,fkn sick,0
2015-04-24T17:53:55Z,Nothing that chris smaldini couldn't do.,0
2015-04-24T17:53:34Z,Incredible skills!,0
2015-04-24T17:52:26Z,"How can I become like you guys?

Please answer.",0
2015-04-24T17:50:21Z,C est bien hazard t un monstre OMG!,0
2015-04-24T17:49:22Z,♥♥my best player is eden hazzard,0
2015-04-24T17:48:38Z,What's the name of the song??,0
2015-04-24T17:47:38Z,song pls?,0
2015-04-24T17:46:44Z,C'mon EA your thought processing is slower than your servers. Eden has no 5* *cough* air elastico,0
2015-04-24T17:45:18Z,Make a video with Adnane TIGHADOUINI,0
2015-04-24T17:43:51Z,Ronaldinho Plis !!!!!!!,0
2015-04-24T17:43:07Z,Jez won,0
2015-04-24T17:42:47Z,What music?,0
2015-04-24T17:40:38Z,Fair to say Eden Hazard what an absolute baller,226
2015-04-24T17:40:24Z,2:08 wtf was that Billy :o ,0
2015-04-24T17:39:25Z,What's that song called? :o,0
2015-04-24T17:38:23Z,THE BEST!,0
2015-04-24T17:37:51Z,Check my Skillsvideo,0
2015-04-24T17:36:53Z,"Check & subscribed my channel!!!
PLEASE!!!",0
2015-04-24T17:34:49Z,eden hazard is belgian pride !!!,0
2015-04-24T17:32:11Z,You guys are so lucky to meet hazard! He's my idol ,0
2015-04-24T17:29:04Z,HAZARD ❤️❤️❤️❤️❤️❤️❤️❤️❤️,0
2015-04-24T17:28:55Z,"Hazard is good but come on guys, Alexis Sanchez for the BPL player of the season :) Nice vid tho",0
2015-04-24T17:25:10Z,Amazing :),0
2015-04-24T17:25:05Z,Song?,0
2015-04-24T17:24:38Z,And yet this guy has 4* skills on Fifa...,0
2015-04-24T17:24:08Z,"You just gotta respect a player like that.  
Amazing ",0
2015-04-24T17:24:03Z,The boy is unreal!,2
2015-04-24T17:23:29Z,GO BELGIUM !!!!!!!!!!!!!!!!!!!!!!!!!!!!,0
2015-04-24T17:23:02Z,Now for real: I personally don't think that most of the Footballers (also professionals) got such a ball control like the F2!,0
2015-04-24T17:22:11Z,"Yeah Go F2 great video. But guy's why are never mentioning the soundtrack of your video's some are really great just like this. So could you please give us the soundtrack, please?",1
2015-04-24T17:21:48Z,song name?,0
2015-04-24T17:21:02Z,"What is the skill name at 1:21 ? 

",0
2015-04-24T17:15:58Z,Three idols! :),0
2015-04-24T17:15:57Z,Why Chelsea 😭😭😭,0
2015-04-24T17:13:13Z,Now suarez has gone this guy's the best in the PL imo ,0
2015-04-24T17:09:32Z,COOL,0
2015-04-24T17:09:31Z,KSHMR And DallasK Featuring Luciana – Burn -Song,0
2015-04-24T17:09:28Z,This man is a true beast.,3
2015-04-24T17:09:12Z,Music 0:40 pls?,0
2015-04-24T17:08:48Z,What is that song,0
2015-04-24T17:08:45Z,"Music 0,40 pls?",0
2015-04-24T17:06:40Z,Eden Hazard is the best player in the world!,15
2015-04-24T17:04:59Z,SANCHEZ,0
2015-04-24T17:04:36Z,ke foda mano,0
2015-04-24T17:04:36Z,Billy and Jez. Do a skill show with zlatan. Please travel to France. I promise you will get a lot of suscribers and like,2
2015-04-24T17:03:30Z," hey guys ,check out our stuff and leave some feedback! ty ❤️",0
2015-04-24T17:01:30Z,1:37 got me like wtaf ,0
2015-04-24T17:00:52Z,whats the name of the song,0
2015-04-24T17:00:32Z,second best player right now,0
2015-04-24T16:59:34Z, You should do a video with Simon and Tobi from the sidemen they got mad tekkers ,0
2015-04-24T16:59:06Z,Where is diego costa challenge part 2 ,0
2015-04-24T16:58:29Z,At least he didn't dive,0
2015-04-24T16:51:43Z,What is this song called ????,0
2015-04-24T16:51:17Z,what is the opening song?,1
2015-04-24T16:50:09Z,I m from belgium like HAZARD. GOOD WORK GUYS!!!!,0
2015-04-24T16:49:42Z,This was a very good keepy up session i wish i was part of,0
2015-04-24T16:49:11Z,Billy wingrove is a 20th century chimney cleaner ,0
2015-04-24T16:48:33Z,awesome,0
2015-04-24T16:48:07Z,"At the end does Hazard say ""The F2"" or ""They have to"" 😂",0
2015-04-24T16:47:49Z,The best video you guus made this year!,0
2015-04-24T16:47:17Z,What are hazards boots?,0
2015-04-24T16:44:20Z,You met hazard you lucky bastards hard work has definitely paid off ,0
2015-04-24T16:44:01Z,Hazard is a arrogant bastard ,0
2015-04-24T16:43:05Z,WOOOW Hazaaaaard!!! Amazing skill,0
2015-04-24T16:42:23Z,Do one with Ronaldinho/Depay/Robinho/Robben/CRonaldo/Neymar/Quresma,1
2015-04-24T16:42:15Z,Billy is wearing tasty boots in this video. Can anyone tell me what they are called? thanks,0
2015-04-24T16:41:19Z,How the fuck has Hazard 4 star skills in Fifa,0
2015-04-24T16:40:00Z,Awesome ***** !!,0
2015-04-24T16:38:42Z,Skilsss!,0
2015-04-24T16:38:06Z,that was amazing!,0
2015-04-24T16:36:49Z,HAZARD!!!!!!!,0
2015-04-24T16:36:11Z,And ea don't give hazard 5* skills ,0
2015-04-24T16:34:42Z,🔵🔵🔵🔵🔵🔵🔵,0
2015-04-24T16:34:31Z,sanchez or hazard who do you pick?,0
2015-04-24T16:29:27Z,best vid evr on ur chanl,0
2015-04-24T16:28:01Z,What a song 1:20 ?,1
2015-04-24T16:24:03Z,"You chose a good player!!! Hazard
Please invite ISCO!!!!! PLEASE PLEASE
PLEASE
PLEASE XD",0
2015-04-24T16:23:16Z,Incredible!,0
2015-04-24T16:21:33Z,Please you guys filmed more vids with him.,0
2015-04-24T16:21:31Z,Quality ,0
2015-04-24T16:21:10Z,"Any youtubers looking for a channel intro, montage editing, or banners? Leave a comment down below telling me what you want.",0
2015-04-24T16:21:04Z,"Hazard is a quality player, good skills to. Hats off to the F2 for actually providing content like this. I mean Eden Hazard! Enough said. ",0
2015-04-24T16:18:39Z,what is the song in the beginning,0
2015-04-24T16:18:16Z,What the actual f... Dayum Hazard has some skills :P,599
2015-04-24T16:18:00Z,He's still a rent boy.,2
2015-04-24T16:17:48Z,Do 1 with robben,0
2015-04-24T16:16:03Z,hazard is my favorite player,2
2015-04-24T16:15:41Z,"Song ,, Please :D",0
2015-04-24T16:14:47Z,hazard no whey,0
2015-04-24T16:14:07Z,Best ever Eden Hazard,0
2015-04-24T16:13:29Z,jezza hitting that eclipse 2:03 rate that,0
2015-04-24T16:12:44Z,What's the song called?,0
2015-04-24T16:12:34Z,Song????,0
2015-04-24T16:11:19Z,Try to do one with Zlatan! (I know it 's almost impossible but still),0
2015-04-24T16:09:57Z,Sick video lads! ***** And also what's the song called?,0
2015-04-24T16:09:33Z,Damn! Hazard have skills!,0
2015-04-24T16:08:56Z,Show off  #tekkers,0
2015-04-24T16:08:50Z,you aint winning player of the season m8.,0
2015-04-24T16:08:29Z,Hazard I'd unreal,0
2015-04-24T16:07:51Z,Song for start video???,0
2015-04-24T16:05:57Z,"That is not Hazard, hazard plays for Chelsea",0
2015-04-24T16:05:28Z,Watch my football skills on my chanal,0
2015-04-24T16:05:19Z,Eden hazard my favorite player😃😃😃,1
2015-04-24T16:05:14Z,EDEN HAZARD is the best player in the premier league even though I am a Liverpool fan ,1
2015-04-24T16:04:44Z,you can tell lynch loved hazards trick at 1:34,0
2015-04-24T16:03:34Z,music?,0
2015-04-24T16:02:55Z,Whats the song?,0
2015-04-24T16:02:39Z,0:37 made me go WTF!,0
2015-04-24T16:02:36Z,Billy should try ty run against a fast premier league player!,0
2015-04-24T16:02:22Z,So lucky! Great vid!,0
2015-04-24T16:02:20Z,2song pls? ,0
2015-04-24T16:01:52Z,HAZARD❤️,0
2015-04-24T16:01:45Z,And Alexis Sanhez? upload a video with alexis,0
2015-04-24T16:00:35Z,Anybody know the name of the intro song?,0
2015-04-24T15:59:51Z,"Messenger to Chelsea 


Sign the f2 now",0
2015-04-24T15:59:04Z,No wonder he is a good dribbler.,320
2015-04-24T15:59:04Z,Alla svenskar gilla min kommentar,2
2015-04-24T15:58:42Z,Which prick still dislikes this stuff! ,17
2015-04-24T15:58:05Z,Crazy shit tho :D ,0
2015-04-24T15:58:01Z,Sick video f2 love the content and u got eden hazard to come out? Jesus man u guys r awesome!!!,0
2015-04-24T15:57:52Z,That in-form black card though...,0
2015-04-24T15:57:48Z,F50 review???,0
2015-04-24T15:57:38Z,Uploaded on my birthday,2
2015-04-24T15:57:20Z,Do a episode with alexis sanchez!,1
2015-04-24T15:56:41Z,"First 2 tracks both remixes of kshmr's tracks, Karate & Burn",0
2015-04-24T15:56:35Z,"he got a huge ass, no homo",0
2015-04-24T15:56:09Z,"Can you tell me the song name, and dont say it darudesabdstorm",0
2015-04-24T15:55:54Z,"Amazing video, Hazard had really great skills, same with billy and Jez keep it up!!",0
2015-04-24T15:55:05Z,what is the name of the music wich begins the video?,0
2015-04-24T15:53:21Z,song name :v ?XD,0
2015-04-24T15:52:46Z,"What's that song at the end where Eden Hazard says ,,The F2""?",0
2015-04-24T15:51:43Z,EDEN HAZARD!!!!,4
2015-04-24T15:49:31Z,Skill level 9000,0
2015-04-24T15:49:15Z,#hazardskills,0
2015-04-24T15:46:06Z,These vids are amazing!,1
2015-04-24T15:45:33Z,do it with bolasie,0
2015-04-24T15:44:51Z,Hazard is 4 star skills on fifa? ,0
2015-04-24T15:44:32Z,Cool ,0
2015-04-24T15:44:19Z,And now Courtois :P,1
2015-04-24T15:42:46Z,Tekkers,0
2015-04-24T15:42:44Z,he is literally my favorite player ever,0
2015-04-24T15:40:57Z,If they do a shot power challenge Hazard vs Billy I think Billy wins,1
2015-04-24T15:40:41Z,awesome!,0
2015-04-24T15:40:19Z,"Wow Hazard's actually got some mad skills, he was pulling out trick variations I've never seen before! #BALLER",1
2015-04-24T15:39:57Z,Do one with Neymar maybe,0
2015-04-24T15:39:33Z,EDEN EDEN EDEN HAZARRR,0
2015-04-24T15:37:49Z,Hazard was honestly one of the best freestylers u have met.,0
2015-04-24T15:37:18Z,"Great vid guys! One thing I did want to comment on, and thought it on a few o your other 'feature' videos, personally I want to see the players reacting to you do some of your more technical stuff, I love seeing pros who are payed hundreds of thousands loving the free-styling that you guys can do!",0
2015-04-24T15:36:35Z,Song name,0
2015-04-24T15:34:58Z,can anyone tell me what the song is called at the very start,0
2015-04-24T15:34:58Z,"Boom
",0
2015-04-24T15:34:55Z,i can't even do that on fifa ;(,0
2015-04-24T15:33:32Z,SONG NAME - KARATE TRAP REMIX BY KSHMR AND DALLASK ITS FESTIVAL TRAP REMIX,3
2015-04-24T15:33:28Z,"Oh my god, Hazard! ",1
2015-04-24T15:33:28Z,Eden hazard!!!!!!,0
2015-04-24T15:33:27Z,Hazard is one of the best skiller in the world and one of the best player.,1
2015-04-24T15:33:04Z,Will you please do more vids with eden,0
2015-04-24T15:32:59Z,He looked happy,0
2015-04-24T15:32:00Z,Do one with Alexis Sanchez,0
2015-04-24T15:31:49Z,SONG PLEASE,0
2015-04-24T15:31:11Z,Awesome. ,0
2015-04-24T15:30:46Z,And ea puts him as 4 star skill moves,690
2015-04-24T15:30:34Z,Try to get Cuadrado to do some skills with you!,11
2015-04-24T15:30:14Z,Why has he no 5 star skill moves,166
2015-04-24T15:29:23Z,2:05 please tutorial.Great video ,37
2015-04-24T15:29:20Z,Welcome to 301 club! ,0
2015-04-24T15:28:59Z,"Eden Hazard is completely unreal, so glad he's with Chelsea!",220
2015-04-24T15:28:41Z,imagine these three on the same team!,0
2015-04-24T15:28:28Z,Hope you all enjoyed this video! We can honestly say we were amazed by how effortless Eden pulls off freestyle moves! Massive respect to this legend! Its not easy to freestyle in football boots but when you are Eden Hazard you make it look easy! Easily one of the most technically gifted players we have worked with EVER! Please LIKE & SHARE if you would like us to get more players to show us their skills! Billy & Jez :) :),1059
2015-04-24T15:28:13Z,Do it with pogba ?,1
2015-04-24T15:28:06Z,"Love him or Hate Him , He Will Be The best Player in the world Very soon",0
2015-04-24T15:27:58Z,Do one with Depay?,573
2015-04-24T15:27:33Z,"this is your best video ever F2, amazing",1
2015-04-24T15:27:20Z,"Great vid
",0
2015-04-24T15:27:19Z,The best,0
2015-04-24T15:26:33Z,The best thing he did there was his air elastico and even Marcelo pulled of that trick mate. But at least the vid was cool ,0
2015-04-24T15:25:52Z,song?,0
2015-04-24T15:25:18Z,47TH best i've ever gotten,0
2015-04-24T15:24:47Z,you guys always have the trappiest tunes fam,0
2015-04-24T15:24:29Z,we want bale out and hazard in! hala madrid!,0
2015-04-24T15:24:29Z,Why r u so good man,3
2015-04-24T15:24:13Z,8) cool,0
2015-04-24T15:23:12Z,song?,0
2015-04-24T15:22:55Z,EDEN HAZARD MET'S A LEGENDS :D,0
2015-04-24T15:22:07Z,Last,0
2015-04-24T15:21:49Z,Do a Cristiano Ronaldo 2.0,0
2015-04-24T15:20:35Z,When you realise the F2 are better than the BPL best player,25
2015-04-24T15:20:18Z,Pretty sick vid I guess ,0
2015-04-24T15:18:39Z,,0
2015-04-24T15:18:09Z,track please,0
2015-04-24T15:18:05Z,More with Hazard :) :D,4
2015-04-24T15:18:01Z,Eden! :D,0
2015-04-24T15:17:57Z,Need 5 Stars skill on FIFA !,7
2015-04-24T15:17:43Z,Hazard must think you two are a bunch of jokers😂😂,2
2015-04-24T15:17:29Z,wow amazing video im from brazil i love yoursvideos,0
2015-04-24T15:17:02Z,OMG Hazard!,1
2015-04-24T15:16:51Z,music with this video ? :),0
2015-04-24T15:16:43Z,Loool,0
2015-04-24T15:16:15Z,Yo,0
2015-04-24T15:15:43Z,Hi,0
2015-04-24T15:15:37Z,I love you guys ,0
2015-04-24T15:15:10Z,Didn't Hazard got so much tekkers !!,0
2015-04-24T15:14:56Z,under 300 club,0
2015-04-24T15:14:37Z,He's a Hazard ,1
2015-04-24T15:14:36Z,I'm one of the first!,0
2015-04-24T15:14:34Z,"HOLY SHITT
AMAZING VIDEO!! Aaah SO EXCITED",2
2015-04-24T15:14:20Z,First comment ,0
2015-04-24T15:14:03Z,Bonjour! ,0
2015-04-24T15:12:48Z,❤️💙,0
2015-04-24T15:12:17Z,Holy shit I'm in the under 301 club whaat,0
2015-04-24T15:11:07Z,First,1
2015-04-24T15:10:53Z,Good video,0
2015-07-26T17:26:03Z,سجل.....انا عربي جزائري!!,0
2015-06-29T21:47:19Z,Et Zitouni il est algérien ausssi,0
2015-05-22T21:05:35Z,kan youvidii taider ,0
2015-05-21T12:55:27Z,amazing video bro *_*,0
2015-04-19T18:37:45Z,Bravo Nacim que du bonheur ta Vidéo***** et une MERVEILLE*****montage + musique a regardé sans modérations***********!,5
2015-04-14T23:05:26Z,Un Grand bravo Superbe Vidéo très bon montage de PRO**************! j*adore merci pour cette *MERVEILLEUSE* musique qui nous a mis dans l' apothéose de la coupe du monde comme ci c'était hier d'ailleurs c'est inoubliable la coupe du monde *2014* restera graver a jamais dans l'histoire du foot *Algérien*MERCI ET BRAVO LES FENNECS de nous avoirs donnés tant de BONHEUR* VIVE L*ALGERIE***********!,0
2015-04-07T11:02:09Z,"The name of the music plz 
nice video bro certainly Blaili who deserve chance in Europe ",0
2015-04-01T19:45:22Z,Superbe video je m abonne on voit bien qu'on n'a pas des nuls particulièrement belaili qui devrait tenter sa chance en Europe,1
2015-03-27T22:08:29Z,https://www.youtube.com/watch?v=h2RmO6s3c8M,0
2015-03-24T03:28:44Z,"The best Algerian video I have seen so far, you deserve way more subscribers. Keep it up",1
2015-03-21T23:14:49Z,Vidéo bien faite merci frère :) et comment on une vidéo HD SVP ! ,1
2015-03-21T20:25:40Z,I need Da Name Of Da SonG *_* it was AWSOME ,0
2015-03-21T15:58:59Z,Masha 'Allah Belaili hadak rébi ywéfqo,0
2015-03-21T11:19:16Z,Amazing Video <3 Nacim youre a pro ! <3,3
2015-03-21T05:46:15Z,Très bon montage et bonne musique :),0
2015-03-20T22:32:50Z,Belaili devrait tenté sa chance en Europe ,2
2015-03-20T20:22:54Z,esperons voir plus dans les prochains matchs,0
2015-03-20T20:14:27Z,belayli ! talentueux l'messgher ! ,0
2015-06-14T12:15:13Z,Vive l'Algérie ! <3 <3,2
