published-time,comment,likes
2015-07-22T08:00:36Z,"LoL le pauvre gardien .
Complètement au fraise !!",0
2015-07-21T20:33:53Z,On peut dire que Fréjus a un excellent gardien !,3
2014-12-03T09:52:19Z,Eysseric uno di noi 👌,0
2014-12-02T17:47:23Z,C'est la mentalité qu'on veut !,0
2014-12-02T17:07:30Z,J aime ce joueur ! Qu'il retrouve son meilleur niveau et qu'il marque contre renne serait le top !,0
2014-12-02T15:27:08Z,Courage Eysseric !!! ,0
2014-12-02T12:48:51Z,Forza eysseric !,0
2014-12-02T05:41:04Z,Valentin Eysseric est bon faut l'avouer :D,1
2015-01-21T17:27:08Z,ISSA NISSA ! NISSA PER TOUJOUS ! GROSSE AMBIANCE VENDREDI ! ;) ,1
2015-01-21T17:18:49Z,"Valentin t'a du potentiel , vraiment. Mais t'a 3 principaux défauts:
-t'a mal choisit ton jour pour casser une cheville..
-tu cadre pas tes frappe en match
-va plus loin que le premier poteau quand tu centre pitié 
Peace les nissart ! ",3
2014-10-26T18:12:12Z,le match tèrminer vous auriez pu nous laissez des image du match surtout si nous n'avons pas beaucoup d'argent et SURTOUT somme supporter  POUAF à vous les richard .,0
2014-10-23T12:36:54Z,Avant c'etait dario et david ,0
2014-10-23T12:19:09Z,.c chiant mais first XD,0
2015-03-28T09:00:24Z,Nissa per toujou,0
2015-03-23T22:18:48Z,You should just rename this,0
2015-03-23T02:42:50Z,Do you guys know the definition of bloopers?,0
2015-04-07T10:51:05Z,What a nice win! I hope it hurts Marseilles fans. (golf boll incident),0
2015-04-06T19:20:28Z,,0
2015-04-06T01:14:48Z,What a shame that Marseille gave up such a lead.,0
2015-04-06T01:12:35Z,Great game.,0
2015-04-06T00:32:31Z,"First comment, what can i say... Testicles",0
2014-08-26T22:01:29Z,Props to Sagnol for thr fine start.,2
2014-08-26T17:09:42Z,Enfin,0
2015-03-23T08:38:15Z,Koné.. Incredibly stupid tackle :(.,0
2015-03-26T07:25:11Z,That was a great video. Je suis Ibra.,0
2015-03-23T10:19:42Z,That tackle on Zlatan looks so much worse in slow mo,0
2015-04-10T21:43:52Z,"You call this ""Bloopers"", but has NOT included the biggest fail of them all.....
The backpass that EVERYONE saw (except for the refs)",0
2015-04-06T15:56:07Z,Allez PSG <3,0
2015-04-06T01:15:56Z,Nice ,0
2015-04-06T00:41:22Z,They switched the titles,0
2015-02-02T07:09:48Z,A real advertisement for French football this ;),0
2015-04-12T17:41:02Z,Ici c'est Paris!!!!,0
2015-04-12T00:21:24Z,"Salut a tous j'aurais aimé avoir votre avis sur ma dernière vidéos Fifa!
Un GRAND Merci d'avance a tous ceux qui passerons par curiosité voir ce que je fais!
J'ai besoin de Supporters! Peace a tous!",0
2015-04-11T06:44:52Z,Si vous êtes des SDF c'est pas notre probléme on est riche et vous pas donc arrêtez de rager,0
2015-04-08T13:45:01Z,#Ligue1 - J31 - Revivez Olympique de Marseille / Paris Saint-Germain à la loupe grâce à notre chaîne officielle YouTube !,15
2015-04-08T01:48:02Z,"IBRAHIMOVIĆ LE BOSS....!!!!!!!!!!!!!!!!!!!!!!!!!!!!!!!!!!!!!!
",0
2015-04-07T19:57:39Z,"De toute façon vous battez pas, c'est l'ol qui va finir champion !!",0
2015-04-07T10:52:51Z,Pk c'est tout le temos Paris a la superloupe ?,0
2015-04-06T21:38:47Z,Moi paris je les encule mais par contre Marseille je l ai adore,0
2015-04-06T17:10:30Z,C'est quoi ce résumé pourri ?,0
2015-04-06T14:57:31Z,"Quel match ! Arbitre de merde, ... !",1
2015-04-06T14:41:45Z,,0
2015-04-06T10:45:27Z,"OM 2-3 PSG
Une rencontre pleine de rebondissements, de retournements de situation, d'arrêts de gardien et dieu merci, sans trop de polémiques. Celle créée sur la supposée main volontaire de Marquinhos est juste grotesque",3
2015-04-06T10:25:16Z,"Le vrai classico c'est Bordeaux-Marseille <3
A dimanche prochain les marseillais, 38 ans que vous avez pas gagné à Lescure !",1
2015-04-06T09:31:06Z,gros pif se casse la guele ptdrrr,0
2015-04-06T09:27:08Z,Morel sac a merde,0
2015-04-06T09:23:29Z,Putain c'est pas permis de ce prendre 3 buts avec un gardien comme ça !,0
2015-04-06T08:53:36Z,Je commence a comprendre le composition merdique de bielsa 3 3 3 1  je n ai jamais vu ç,0
2015-04-06T08:47:58Z,Hahahahahahahahahahahahahahahahahahahahahahahahahahahahaha,0
2015-04-06T08:21:16Z,"7 victoires de suite ... Faut-il encore vous considérer comme nos rivaux historiques ?
AVRIL 2012 : PSG 3-1 OM
OCTOBRE 2012 : PSG 2-2 OM
OCTOBRE 2012 : PSG 2-0 OM
FEVRIER 2013 : PSG 2-0 OM
FEVRIER 2013 : PSG 2-0 OM
OCTOBRE 2013 : OM 1-2 PSG
MARS 2014 : PSG 2-0 OM
NOVEMBRE 2014 : PSG 2-0 OM
AVRIL 2015 : OM 2-3 PSG",6
2015-04-06T08:20:52Z,"Cette victoire mets tout le monde d'accord, après une période une période délicate suite aux retours des internationnaux.
Beaucoup rigolaient côté marseillais lorsqu'ils étaient 1er. Aujourd'hui Paris, même privé de D.Luiz, T.Motta et réduit à 10 vers la fin, mets une fessée à L'OM chez lui.
Plus quelques journées et nous réaliserons un triplé historique !! Éliminé de toutes compétitions, l'OM finira lui 4e radié de la L1 par Paris.
Paris Est Magique!!",5
2015-04-06T07:58:44Z,Paris est magique ,1
2015-04-06T06:59:35Z,BIG MAC fais trop le beau.... bien fais pour lui!,16
2015-04-06T05:49:57Z,"Dommage que l'OM perd mais ils ont trop vite pris la grosse la tete et la defense laisse a désirer ! Mais ils s'agissait d'un beau match et de deux grandes equipes !
Allez l'om !",1
2015-04-06T02:41:53Z,"ibra didnt even shoot that goal, it was an own goal lol",0
2015-04-06T01:21:44Z,Trop cool le but de Matuidi,2
2015-04-06T00:33:33Z,Et la LFP sort une nouvelle fois vainqueur lors de son match contre L'oM !,12
2015-03-25T14:16:41Z,#Ligue1 - J30 - Revivez Paris Saint-Germain / FC Lorient à la loupe grâce à notre chaîne officielle YouTube !,14
2015-03-24T17:49:39Z,"Je vous le on auraient du plier le match a la 25min c sur a 100#

Paris est magiqueeeeeeeeeeeeeee",0
2015-03-23T17:12:44Z,C'est pas grillé Zlatan qui essaye de faire le mec après ses paroles la semaine dernière et le plus drôle c'est que les parisiens disent que Zlatan c'est le meilleur alors que contre Lorient il a s'eu marqué que avec deux penalty et un hors jeu non sifglé,0
2015-03-23T14:12:41Z,"Fantastic skill, thanks for capturing all these individual highlights!",0
2015-03-23T06:54:41Z,Ibra + Cavani = Great ,2
2015-03-23T03:21:35Z,Cavani sur le 2eme penalty il ma fait kiffer mdr,0
2015-03-23T02:24:24Z,"Le Tamiflu Qatar SG est vraiment ennuyeux à regarder jouer !
Le deuxième penalty est vraiment généreux !
Allez l'OM !",0
2015-03-22T23:17:27Z,Top class game,0
2015-03-22T23:11:56Z,IBRAH is the best skiller,0
2014-09-09T00:43:35Z,Allez L'OM!!,0
2014-09-01T00:09:32Z,ALLEZ MARSEILLE,5
2014-08-31T23:39:27Z,finally home win. Man of the match Payet!,2
2014-11-30T23:30:15Z,ibraaaaaaaaa,1
2015-03-08T23:44:55Z,First,0
2014-10-20T17:30:10Z,A quiet affair all round then?,0
2015-04-12T22:32:46Z,Primer comentario yeeyeyyjajaja,0
2015-03-31T21:05:50Z,Quelqu'un pourrait me dire qui fut l'arbitre d'la rencontre ? ,0
2014-10-11T07:04:01Z,Eysseric monstrueux... Pourquoi on voit pas pareil en match ? :),2
2014-10-10T15:44:07Z,"Au dernier but, Papy il perd la balle avec ses grigris et il marche, normal !",0
2014-10-10T15:16:19Z,Esseyric a mis 2 super beau buts !!! Il pourrait pas nous faire pareil en ligue 1...,2
2015-02-09T19:22:10Z,PUTAIN D ARBITRE,0
2015-07-06T14:29:58Z,بيجي للهلال و بيجلد بعض الناس 😂💙💙💙💙,1
2015-07-04T23:13:58Z,بالتوفيق له مع زعيمنا,0
2015-07-04T17:06:07Z,هلا هلا بالشقرديه ,0
2015-07-04T02:42:53Z,فنان,0
2015-07-03T23:55:11Z,الله يوفقك مع الهلال 💙💙💙,1
2015-07-03T23:27:08Z,منور الهلال,0
2015-05-04T16:12:49Z,"'tin celui-là il nous a bien fait mal ! :D
Magnifique !",0
2015-05-04T13:47:19Z,"Somptueux, tout simplement !
Un but de grande classe !",0
2015-07-22T12:45:16Z,"Bon match , Va falloir être beaucoup plus desicif par contre , Sinon belle victoire 👌
ISSA NISSA 

Et pour puel , Il dit qu'il part et qu'il ""Fait pas cadeau au club de cette dernière année de contrat "" mais vas t en garçon bouge de la , A tout les coups il va rester --' 
J attend de bonnes recrues avec le départ d amavi ( Def droit et gauche mini )",0
2015-07-22T08:46:28Z,On a un bon je de passe mais devant les buts a chaque fois c est n'importe quoi on rate tout ,1
2015-07-22T07:34:46Z,Beau match,0
2015-07-22T06:39:20Z,On a un très bon collectif ,0
2015-07-22T01:42:55Z,Et il y a encore puel :/,0
2015-04-12T15:47:06Z,j'adore le but de Njie :),1
2015-04-07T19:56:36Z,Très beau but de Njie et Martial !!,0
2015-04-07T08:11:39Z,#Ligue1 - J31 - Revivez tous les buts de la 31e journée de Ligue 1 sur YouTube !,16
2015-04-06T12:57:40Z,First,0
2015-04-06T12:57:39Z,First,0
2015-04-06T07:04:58Z,Aller OL,2
2015-04-05T23:13:21Z,Regarde sa on se fais voler le match (bastia) la preuve on mène 1 -0 il on 2 peno et voilà ! ,0
2015-07-04T10:37:09Z,هدف بططل,0
2015-07-04T05:18:51Z,"Welcome to alhilal 
💙💙💙💙💙",0
2015-03-23T22:33:22Z,Aller l'ol,0
2015-03-23T15:50:55Z,ISSA NISSA !!!,1
2015-03-23T15:21:09Z,Quel but mais allez om,0
2015-04-07T00:06:02Z,Lemour's free kick?,0
2015-03-25T17:23:17Z,Ibra taught refree about the indirect freekick !!! 😎😎,0
2015-03-23T13:03:58Z,The God!!! ZLATAAAN!!!,3
2015-03-23T11:42:46Z,Ibra!!!!!!!!,2
2015-03-23T02:52:40Z,Thanks for the review,1
2015-03-23T01:52:45Z,ZLATAN!!,9
2015-04-06T19:50:00Z,Great video,0
2015-04-06T07:27:13Z,There have been errors over the fact that there were goals were actually offside.,0
