publish_date,title,view_count
2015-06-14T15:17:03Z,Boubacar Sylla,546
2015-02-17T17:26:57Z,Sherwood&#39;s first Aston Villa training session,26772
2015-03-31T00:48:32Z,Kemokho sylla,390
2015-01-30T12:03:20Z,Scott Sinclair joins Villa on loan,9478
2015-05-26T15:31:49Z,Players training ahead of FA Cup Final,9158
2014-12-01T13:00:52Z,Premier League double header on AVTV this week,1100
2014-12-19T21:41:12Z,Fenerbahçe&#39;den 3 puanlık gol,1111
2014-11-03T15:37:08Z,Build up to West Ham on AVTV this week,593
2014-11-11T13:46:44Z,Aston Villa&#39;s Open Training Day 2014 - Presented by Staples Advantage,2403
2015-07-16T13:34:44Z,Villa squad train ahead of Braga game,7832
2014-09-19T08:05:20Z,Froggatt previews Arsenal clash from Villa Park dressing room,1517
2015-01-22T20:46:07Z,Sasa Balic National Team,390
2015-03-25T22:04:45Z,Millwall Lionesses 0 Sunderland Ladies 4,26
2015-06-17T17:47:32Z,Youssouf Kone 1:1 | Srbija - Mali 17.06.2015 HD,4482
2015-01-25T16:35:09Z,K. Karabükspor 1-2 SAİ Erciyesspor,667
2015-04-08T08:15:19Z,Edinho&#39;dan harika top kontrolü | Holigan,586
2014-09-04T14:02:38Z,Qualif. CAN2015 : Regroupement des Aigles du Mali à Kabala,8727
2015-01-06T15:10:33Z,"Sports News Africa Express: New Equatorial Guinea coach, Somalia basketball, Ghana football traning",515
2014-08-04T09:35:18Z,Kasımpaşa - Kayseri Erciyes Hazırlık Maçı (Avusturya Kampı),245
2015-01-27T15:26:41Z,Kayseri: 1- Fenerbahçe: 0 27.01.2015,864
