publish_date,title,view_count
2015-03-01T23:00:00Z,But Nicolas BENEZET (87&#39;) / Olympique de Marseille - SM Caen (2-3) -  (OM - SMC) / 2014-15,6106
2014-11-30T21:32:32Z,"Reportage beIN SPORTS : Nicolas Benezet, dans sa bulle",22625
2014-11-13T10:45:51Z,10   Nicolas Benezet,440
2015-05-10T22:00:00Z,Goal Nicolas BENEZET (44&#39;) / SM Caen - Olympique Lyonnais (3-0) - (SMC - OL) / 2014-15,123
2015-05-10T21:59:59Z,Goal Nicolas BENEZET (41&#39;) / SM Caen - Olympique Lyonnais (3-0) - (SMC - OL) / 2014-15,223
2015-05-03T11:32:59Z,But Nicolas BENEZET (15&#39;) / OGC Nice - SM Caen (1-1) -  (OGCN - SMC) / 2014-15,1062
2015-03-01T23:00:00Z,Goal Nicolas BENEZET (87&#39;) / Olympique de Marseille - SM Caen (2-3) - (OM - SMC) / 2014-15,158
2015-02-15T22:59:59Z,Paris Saint-Germain - SM Caen (2-2) - Highlights - (PSG - SMC) / 2014-15,16723
2014-08-17T22:00:03Z,Stade Rennais FC - Evian TG FC (6-2) - Highlights - (SRFC - ETG) / 2014-15,6740
2015-05-10T22:00:00Z,But Nicolas BENEZET (44&#39;) / SM Caen - Olympique Lyonnais (3-0) -  (SMC - OL) / 2014-15,2907
2015-05-10T22:00:00Z,But Nicolas BENEZET (41&#39;) / SM Caen - Olympique Lyonnais (3-0) -  (SMC - OL) / 2014-15,2426
2015-05-03T11:20:00Z,Goal Nicolas BENEZET (15&#39;) / OGC Nice - SM Caen (1-1) - (OGCN - SMC) / 2014-15,94
2015-05-03T23:52:41Z,Highlights : Week 35 / 2014-2015,2555
2015-05-10T22:32:03Z,Tous les buts de la 36ème journée - Ligue 1 / 2014-15,9352
2015-05-04T00:21:57Z,Bloopers : Week 35 / 2014-15,2892
2015-03-02T00:50:19Z,Highlights : Week 27 / 2014-2015,3175
2015-05-10T22:26:46Z,"2 buts, 2 passes décisives : Zlatan est de retour - Ligue 1 / 2014-15",4620
2015-01-18T23:00:06Z,Paris Saint-Germain - Evian TG FC (4-2) - Highlights - (PSG - ETG) / 2014-15,11640
2015-05-10T22:00:00Z,SM Caen - Olympique Lyonnais (3-0) - Highlights - (SMC - OL) / 2014-15,2725
2015-05-10T22:24:26Z,Goals compilation : Week 36 / 2014-15,384
2015-05-03T22:53:43Z,OGC Nice - SM Caen (1-1) - Highlights - (OGCN - SMC) / 2014-15,1292
2015-03-01T23:00:00Z,Olympique de Marseille - SM Caen (2-3) - Highlights - (OM - SMC) / 2014-15,3564
2015-05-10T22:25:13Z,A brace and a pair of assists : Zlatan is back - Week 36 / 2014-15,2392
2015-03-01T22:59:59Z,Goal Nicolas SEUBE (67&#39;) / Olympique de Marseille - SM Caen (2-3) - (OM - SMC) / 2014-15,185
2015-05-11T00:20:07Z,Dernier match à Chaban Delmas pour les Girondins - Ligue 1 / 2014-15,14014
2015-05-03T23:48:21Z,Tribute to the victims of the Furiani disaster Week 35 / 2014-15,401
2014-11-30T23:00:03Z,Evian TG FC - EA Guingamp (2-0) - Highlights - (ETG - EAG) / 2014-15,1540
2015-05-11T15:37:32Z,"Alessandrini, Benezet, Cavani... L&#39;équipe type de la 36e journée de Ligue 1 !",397
2015-02-15T22:59:59Z,Paris Saint-Germain - SM Caen (2-2)  - Résumé - (PSG - SMC) / 2014-15,146624
2015-03-01T22:59:59Z,But Nicolas SEUBE (67&#39;) / Olympique de Marseille - SM Caen (2-3) -  (OM - SMC) / 2014-15,3268
2015-05-11T00:25:44Z,Last match at Chaban Delmas for Bordeaux - Week 36/ 2014-15,625
2015-05-03T23:46:21Z,Hommage aux victimes de la tragédie de Furiani Ligue 1/ 2014-15,7381
2015-05-03T22:56:23Z,OGC Nice - SM Caen (1-1)  - Résumé - (OGCN - SMC) / 2014-15,10377
2015-05-11T01:04:49Z,Highlights : Week 36 / 2014-2015,3767
2015-05-10T22:00:00Z,SM Caen - Olympique Lyonnais (3-0)  - Résumé - (SMC - OL) / 2014-15,100183
2015-03-02T01:06:22Z,Goalkeepers on top / Week 27 / 2014-15,1415
2015-05-03T23:03:25Z,Gignac grabs his 100th and 101st Ligue 1 goals - Week 35 / 2014-15,515
2015-05-11T00:21:11Z,Bloopers : Week 36 / 2014-15,989
2015-03-02T00:43:25Z,Bloopers : Week 27 / 2014-15,1243
2015-05-10T21:59:59Z,Goal Sloan PRIVAT (85&#39;) / SM Caen - Olympique Lyonnais (3-0) - (SMC - OL) / 2014-15,170
2015-02-01T22:59:59Z,Olympique de Marseille - Evian TG FC (1-0) - Highlights - (OM - ETG) / 2014-15,2031
2015-03-02T01:05:56Z,Des gardiens très en forme / 27ème journée de Ligue 1 / 2014-15,31959
2015-05-03T23:06:51Z,Gignac : ses 100ème et 101ème buts en Ligue 1 / 2014-15,3722
2015-05-11T00:15:37Z,Zapping de la 36ème journée - Ligue 1 / 2014-15,54603
2014-08-17T22:00:03Z,Stade Rennais FC - Evian TG FC (6-2)  - Résumé - (SRFC - ETG) / 2014-15,89132
2015-05-10T22:00:00Z,But Sloan PRIVAT (85&#39;) / SM Caen - Olympique Lyonnais (3-0) -  (SMC - OL) / 2014-15,2653
2014-09-21T22:00:06Z,Girondins de Bordeaux - Evian TG FC (2-1) - Highlights - (GdB - ETG) / 2014-15,1521
2015-05-10T22:22:48Z,Top goals : Week 36 / 2014-15,1933
2015-03-01T23:49:58Z,Tous les buts de la 27ème journée - Ligue 1 / 2014-15,6992
2015-03-01T22:59:59Z,Olympique de Marseille - SM Caen (2-3)  - Résumé - (OM - SMC) / 2014-15,113953
