published-time,comment,likes
2015-03-02T18:00:59Z,il nous manque à Nîmes... Sans doute un des joueurs les plus sous-côtés,1
2015-03-02T14:48:00Z,Je suis marseiller mais quelle but ,2
2015-03-02T10:20:07Z,Vivement qu'il rentre a la maison ,0
2014-12-02T22:27:14Z,Aï Aï Aï Nico :) je me rappelle la jeunesse tu as bien changer en esperant que tout se passe bien pour toi bize,0
2015-05-03T12:04:55Z,First,0
2015-05-03T11:43:21Z,First,0
2015-02-16T23:46:29Z,"So unlucky, like most of the times for PSG :/ But this burns it all.",2
2015-02-16T22:45:07Z,fucking idiots... :@,0
2015-02-16T08:46:48Z,Never seen a team that unlucky,10
2014-08-20T15:20:04Z,The commentator was awful... ,0
2014-08-18T09:54:09Z,I wish we were good enough for someone like Ivan Perisic but I think the commentator meant to say Sanjin Prcic who provided the corner for the first goal.,1
2014-08-18T00:56:02Z,Daniel Wass seriously deserves a better team. Saint Etienne or Marseille.,0
2015-05-11T14:33:16Z,"et là, pas de passe pour Ngolo Kanté (44e mn) (?) Pfffuiiiiitttttt.......",0
2015-05-11T00:46:05Z,sublime le zoom sur la tete de Aulas!,4
2015-06-19T09:00:02Z,"corner tiré par Bénezet vers S. Privat, qui lui rend ...",0
2015-05-04T00:08:40Z,"Yes
",0
2015-05-15T04:50:19Z,Venez voir notre chaine,0
2015-05-14T17:31:27Z,Première fois depuis 2 mois (OM-OL) que Lyon n'a pas mis de buts :-/,0
2015-05-11T22:56:45Z,"Une journée comme on les aime, avec plein de buts et des retournements de situations",0
2015-05-11T18:55:03Z,Le 2e but de benezet magnifique et le 3eme but de caen limite l'impression d'un match de fifa ^^,0
2015-05-04T00:26:19Z,Thumbnail looked savage.,7
2015-03-03T02:18:28Z,"I enjoy the French leave and it's players very much but it is hard to watch a team that is not Psg here in America so I am very great til for this awesome channel WITH ENGLISH COMMENTARY!
Thank you so much ",0
2015-03-02T15:37:30Z,Allez l'Om!,0
2015-03-02T13:00:37Z,"Ligue 1 championnat FRANÇAIS, merci de retourner à une chaîne YouTube FRANÇAISE !",0
2015-03-02T04:11:46Z,Come on Monaco!,0
2015-03-02T01:22:40Z,best ligue in the world,0
2015-03-02T01:15:58Z,c'mon Lyon! benzi gonna be a star,1
2015-03-02T00:59:10Z,"Keep up the great youtube channel! However, at 2:40 I disagree that Ruffier had no chance, it was at his near post and a good foot in from the post ;) ",0
2015-05-14T10:20:30Z,Sa critique qu'il metten des vidéo sur le psg( je suis d'accord qu'il abbuse) mais fait avouer que cétait beau. Ensuite il ont mis les vidéo des buts de marseille en 2 vidéo!,0
2015-05-11T20:16:29Z,Zlatan the greatest ,2
2015-05-11T16:59:24Z,le directeur de la chaîne devrait demander à zlatan d'insérer sa queue dans sa bouche au lieu de tourner autour du pot,3
2015-05-11T10:29:34Z,Zlatan va battre Pauleta en nombre de but au PSG avant la saison et c'est pour moi le meilleur passé au PSG,2
2015-05-10T23:36:27Z,Comment sucer les boules au PSG ? Faite 10 vidéos sur leurs match toute les semaines :D ligue 1 l'argent ne fait pas le bonheur de la passion du sport ! .. Courage au équipe qui se demmerde a gagner contre des équipe comme ca ..,4
2015-05-10T23:01:16Z,"ok je suis supp du psg mais vous ne faites que des vidéos sur les joueurs du PSG , franchement ça renforce le clivage entre les grosses et les petites équipes... Pourquoi ne pas faire un "" premier doublé de Benezet avec Caen"" ??? ou alors "" les arrêts décisifs de Vercoutre""???
Sérieux soyez objectifs jusqu'au bout",18
2015-05-10T22:40:52Z,De retour pour mettre des pénaltys 😂😂,4
2015-05-10T22:34:42Z,ca a quand meme plus de gueule que les contrôles de la main d alessandrini,6
2015-01-24T17:33:13Z,Stupid Van Der Weil,0
2015-01-22T21:59:30Z,"Saison 2015-2016:
- Merci Ibrahimovic, Lavezzi, Thiago Motta, Maxwell, Rabiot, Thiago Silva
- Bonjour Pogba, Lacazette, Brahimi, Marcelo,",0
2015-01-22T10:50:27Z,David Luiz mbict cit a viv!,0
2015-01-19T15:52:24Z,Ici C'est París!!!,0
2015-05-14T03:56:53Z,Amazing ,0
2015-03-06T01:08:59Z,"Stop acting like you are random youtube watchers who speak english, you're french, like me, tho (and probably appreciate marseille losing or psg fans)",0
2015-03-02T18:33:13Z,Allez malherbe ,2
2015-03-02T03:26:32Z,"What a turnaround for Caen. They deserve and are earning their salvation. Sala has been in fine form since his switch from Bordeaux. He'll definitely be a key player for them next season. As for Marseille well, you had Doria and you blew it.",2
2015-03-02T00:34:01Z,Marseille Caen't even keep a 2-0 lead,0
2015-05-22T01:07:20Z,Why are his cleats black,0
2015-05-17T14:43:58Z,The God,0
2015-05-13T17:47:20Z,Defintely the best player! Will always love this legend!,1
2015-05-13T04:47:18Z,That pass to Maxwell is very nice. Great vision there from the god. Show that he isn't just playing for his own. He want his teammates to step forward aswell. Legend!!!,2
2015-05-11T13:15:39Z,Zlatan is the best player ever in my opinion! Absolute Legend!,5
2015-05-11T08:12:44Z,best in the world,5
2015-05-11T07:04:54Z,Best player,5
2015-05-11T01:35:50Z,What a legend,7
2015-05-10T23:04:12Z,MONSTER!!!!!!!,4
2015-05-10T23:00:55Z,Absolute legend,6
2015-05-10T22:33:43Z,His 1st was a class finish ,6
2015-05-17T06:10:55Z,pas d' europe encore pour les pleureuses bordelaises. bien content vivement la L2 pour vous,0
2015-05-14T16:57:29Z,pk dernier,0
2015-05-14T15:55:06Z,Je sais pas ce que va dire Thiriez pour le craquage mais il va pas être content xD,1
2015-05-14T12:13:26Z,C'étaient comme attendu une des meilleurs ambiance de votre histoire ^^ se sera pas tout les Samedi comme sa meme dans un nouveau Stade x),0
2015-05-12T16:20:19Z,"Pas mal les fumigènes a bordeaux.
",0
2015-05-11T20:59:08Z,Très belle fête ! #supporterdelom,1
2015-05-11T19:49:48Z,"Purée merde j'ai loupé un truc je savais pas que Bordeaux avait gagné la Coupe du Monde, je le réalise seulement en regardant cette vidéo.",2
2015-05-11T19:09:42Z,Salut les mecs je commence une nouvelle série qui arrive le 14 mai passez voir mes premières vidéos et donnez moi vos avis merci ! :),0
2015-05-11T16:14:14Z,Beaucoup de sensation forte !,1
2015-05-11T13:33:43Z,Sa fou la chère de poule sous 28 degrés tous se que l'on a vécu dans ce stade.... Magique,2
2015-05-11T12:40:48Z,Pourquoi lescure et pas adieux chaban delmas,2
2015-05-11T09:25:28Z,Thiriez a du faire une crise cardiaque en voyant le craquage,15
2015-05-11T07:58:19Z,Le craquage à la fin magnifiiiiique 😍😍😍 #suppsteph,3
2015-05-11T07:34:17Z,"C'est quand même drôle (ou triste?) la façon avec laquelle d'un côté tout le monde adore les ambiances chaudes, les fumigènes ect, la façon avec laquelle tous les médias réutilisent les images des ultras mais la façon avec laquelle ce mouvement est résumé et vulgarisé à la violence par ces médias et la LFP.
A quand un dialogue instances du foot/supporters?!",34
2015-05-11T07:26:24Z,"Pk ils disent ""lescure"" ? ",1
2015-05-11T05:44:59Z,J ai pleurer...,6
2015-05-11T04:56:50Z,Pk c le dernier match ds ce stade,1
2015-05-11T00:45:31Z,#Adieu Lescure <3,3
2015-05-11T00:40:48Z,Un stade maudit pour l'OM....,17
2014-12-01T11:22:51Z,Wass seriously needs out. Something like Lille or Saint Etienne would be perfect for him.,0
2015-05-11T17:42:33Z,Très juste ,0
2015-07-21T17:25:51Z,Super le coup franc,0
2015-05-10T10:07:21Z,Le pire match du PSG de cette saison,1
2015-02-27T21:39:59Z,"Paris me déçoit beaucoup
",0
2015-02-25T21:41:21Z,This game is such a set up!!,0
2015-02-24T09:57:02Z,Allllllllerrr Paris,0
2015-02-22T16:05:58Z,J'ai qu'une chose a dire a tous ces commentaires qui me font bien rire ! C'est du footbal rien que du football du divertissement rien de plus ^^ Vous me faite bien marrer ! le fanatisme c'est vraiment pitoyable xD,3
2015-02-17T14:29:37Z,"ICI, Caen qui tient en echec Paris on aura tout vu 
Franchement, Honte a Paris 
ALLER CAEN",2
2015-02-16T15:22:03Z,Perso pour moi 9 contre 11 c'est pas équilibrés !5 blesser comme c beaucoup ! Et en plus le PSG joue beaucoup en se moment hier on a jouer contre Caen et demain on joue contre Chelsea c'est une blague? en sachant que Chelsea c'est entraîner depuis mercredi dernier ! C'est injuste pour le PSG vive le PSG  ,3
2015-02-16T15:14:35Z,"Heureusement autant de malchance n'arrive pas tous les jours..
Bah.. c'est bien pour le suspens dirons nous..",1
2015-02-16T14:31:21Z,"Oh putain je vois déjà les gros footix parisiens : ""ouai mé nou on na plin 2 blaissé, çé pa just ..."". Sachez qu'en début de saison quand l'OL avait son averse de blessés, les lyonnais se plaignaient des blessés et vous les parisiens étaient les premiers à dire que c'était pas une excuse et à se foutre de la gueule des lyonnais comme quoi ils cherchaient des excuses bidons pour justifier les trois revers de suite contre Toulouse, Lens, Metz.
Maintenant, les gros footix savent que les blessés ne sont pas une excuse bidon et que les lyonnais en début de saison... n'avaient pas complètement tort.
Sachez que, même si ce n'est pas un exploit resplendissant, les lyonnais ont réussi à arracher un nul contre Lorient, qui est une équipe un petit peu plus balèze que Caen... sans Gourcuff (pendant la moitié du match), sans Bisevac, sans Grenier, et sans Lacazette. D'ailleurs heureusement que Marseille, et donc, le PSG ont concédé le nul, sinon on perdait notre place de leader.
J'aimerais aussi dire que l'équipe bis lyonnaise (Lopes, Jallet, Rose, Umtiti, Bedimo, Gonalons, Mvuemba, Fekir, Tolisso, Njie, Cornet) est un tout petit peu moins balèze que l'équipe bis parisienne (Sirigu, Maxwell, Thiago Silva, David Luiz, Aurier, Verratti, Van Der Wiel, Rabiot, Lavezzi, Ibrahimovic - oui, le charlot qui se déshabille quand il met un but contre Caen -, Lucas Moura) et que les footix parisiens ne peuvent pas s'appuyer sur cette excuse autant qu'ils le veulent.
En plus, se prendre deux buts dans les 5 dernières minutes, encore plus contre Caen, encore plus si on est le PSG et qu'on a 500 millions d'euros de budget, c'est inadmissible et en plus, ça s'appelle une erreur de débutant.
Et après y en a qui dise que Paris sera champion de toute façon ^^'
La course au titre sera âpre pour vous les parisiens.
Sérieux soyez réaliste, il ne reste que 13 matchs, soit 39 points à prendre et dans les grandes équipes contre qui Lyon devra encore jouer avant la fin du championnat sont l'OM et l'ASSE. Si on fait des bons matchs contre eux, on pourra décrocher les trois points, surtout avec Lacazette qui revient dès la semaine prochaine, sinon les trois points contre les autres équipes seront quasi donnés. Lyon perdra peu, très peu de points avant la fin du championnat et Paris devra donc faire un rush près du sans-faute pour décrocher le titre, ce qui m'étonnerait vraiment, vu les performances actuelles du PSG.
De toute façon on verra bien à la fin du championnat, mais moi, j'ai ma petite idée sur le vainqueur de Ligue 1 de la saison 2014-2015.
Au revoir et ragez bien, amis footix ;-)",6
2015-02-16T14:18:28Z,"HONTE AU PSG , 500 millions de budget , des joueurs au niveau international , champions league et des fragiles avec 4 bléssés .....  MDRR ILS SONT TROP NUL PSG ( partir sans gagner ) honte international . ALLEZ MALHERBE , au moins eux ils ont le mérite",1
2015-02-16T12:32:32Z,"5 blessés durant 1 même match, ça faisait longtemps que j'avais pas vu ça.
Mais bon, un moindre mal vu les matchs nuls de Lyon et Marseille.
Game on! ",0
2015-02-16T11:49:29Z,Ronaldo et Messi ils peuvent lever leur pied haut comme ça ?,8
2015-02-16T11:17:38Z,"les marseillaises qui s'occupent plus des videos du psg que de leur propre club ça me fera toujours marrer. Jouer toutes les compétitions en ne retrouvant pas notre jeu, ça vous trou le cul, et d'être au même nombres de point en jouant de la sorte ça prouve le niveau mdr, on voit depuis plusieurs match que les mouvements sont meilleurs la fin de saison sera belle avec Lyon qui va rn'a plus rien a prouver vu la remonté, et Marseille qui commence retomber dans la facilité. Vu l'écart derrière je pense que la lutte peut être pas mal, quand on voit les confrontations direct que tous doivent encore jouer",2
2015-02-16T11:14:32Z,ici c est .....,0
2015-02-16T10:05:56Z,"Vous critiquez tous le PSG , mais le PSG joue sur tout les tableau , sur ce match , sans tout leurs blessé ils auraient sans doute pas fait le match nul. M'enfin bon , les Français vive dans la critique .. On y peut rien. Le PSG , Guingamp et Monaco sont les seuls chances de redoré le blason de la ligue 1 sur la scène européene. ",10
2015-02-16T10:01:11Z,Le bute de zlatan est normalement refuser pour pied en l air c est dangereux pour les deux défenseur et le gardien et même avec a tout les match un arbitrage favorie il font de la merde  ,16
2015-02-16T08:57:53Z,"Quel bijou de coup franc qu'a mis Bazile, en plus c'etait Sirigu en face !
Bravo à Malherbe cela permet à Lyon et à Marseille de garder de l'avance.

Et notons la main de Verratti au passage preuve que le PSG est favorisé par les arbitres !",0
2015-02-16T08:57:38Z,"Bravo pour ton but Sala mais on peut etres pour Bordeaux,St Étienne marseille Lyon ou Monaco on peut pas etres content.Ils sont vraiment pas eu de chance les pauvres.Apres demain y a PSG-CHELSEA et peut importe le club français que tu supporte tu dois les supporters demain (Si tu es pas un footix bien sur...)",4
2015-02-16T08:01:44Z,Plus jamais des parisiens sur les résumés des matchs de Marseille pour parler de l'arbitrage .(cf but de Zlatan avec pied haut 1m90 et main de Verrati ) . Après je n'ai pas vu le match donc si l'arbitre a par ailleurs désavantagé le psg je ne suis pas au courant mais je suis tout ouie .,1
2015-02-16T07:16:16Z,Le psg est un cirque zlatan il peut faire ce qu'il veut on lui dira rien le psg est soumis à ce con qui crache sur l'histoire du psg haha et en plus y'a tellement de blesses que j'ai du mal à voir comment ils peuvent s'en sortir face à chelsea bravo caen(je suis pas supporter du psg),0
2015-02-16T06:54:13Z,Bien joué Caen !,0
2015-02-16T00:52:14Z,"Cinq blessés en un match (Matuidi est sorti car il avait été touché lui aussi) c'est du jamais vu, à croire qu'on est maudit avec les blessures cette saison, sans ça on gagnait ce match. Heureusement que l'OM et l'OL ont fait nul aussi, ça nous permet de garder la première place en ligne de mire. Paris sera champion de toute façon quoi qu'il arrive, rien nous arrêtera.",10
2015-02-15T23:40:04Z,Mdr le psg...,1
2015-02-15T23:18:39Z,"Zlatan sur le premier but réclame la main du joueur Caennais, il ne va pas sur le ballon, on encaisse un but. Sur le deuxième but il fait la faute sur le joueur, Zlatan est présent dans le mur pour tenté de contrer le ballon.. Non, il ne contre rien, car i
ll ne
 saute pas ! Le Ballon passe au dessus de sa tête, on encaisse donc le deuxième but",14
2015-02-15T23:13:01Z,Bravo malherbe fo continuez comme ça,0
2015-03-02T01:01:38Z,El fenomeno ,0
2015-05-11T10:16:05Z,Some great scenes here!,0
2015-05-06T15:55:01Z,"On s'en balles les couilles de cette tribune de merde qui a fondrait, Bosetti a tous ces buts contre Bastia fait le même",0
2015-05-05T22:59:41Z,C'est beau,0
2015-05-04T21:13:25Z,Quelqu'un peut me dire quel est la tragédie ? Est-elle récente ? Quels sont les causes d'un désastre ? (Merci) et hommage aux morts...,0
2015-05-04T11:56:28Z,ha et aussi forza bastia,1
2015-05-04T11:55:51Z,BONJOUR JE SUIE SUPORTTEUR DE BASTIA MERCI A VOUS DE METRE LA VIDEO AN LIGNE COMME QUOIT ON A UN CEAUR ET VOILA MERC A VOUS LIGUE 1 :),0
2015-05-04T11:29:53Z,"Ça fait chaud au cœur de voir un tel hommage, respect aux victimes de cette terrible tragédie.
Pas de match le 5 mai, soutien à Bastia dans ce juste combat.",4
2015-05-04T08:56:56Z,FORZAAA BASTIA !!!!,2
2015-05-04T08:54:06Z,"5 min de silence tres emouvante, j'etais en tribune avec les Bastia 1905 pendant ce match",13
2015-05-04T07:57:38Z,Rip,1
2015-05-04T07:38:11Z,Je suis niçois mais hommage a eux :( ,5
2015-05-04T01:27:57Z,De toute façon la ligue à supprimé le commentaire donc STOP la polémique ,0
2015-05-04T00:23:19Z,C'est un accident ou un attentat ?,0
2015-05-04T00:04:01Z,Combien ont crevés mdr A MORT bastia merda... 1ere fois depuis 5 ans qu'ils respectent une minute de silence,1
2015-05-03T23:53:25Z,Une pensé a toutes les victimes Marseillaises et Bastiaises,4
2015-05-05T17:34:51Z,Sécurisez la défense centrale !,0
2015-05-05T12:56:15Z,Dommage car celle-la on méritait de la gagner... Un match de plus à ajouter à la longue liste des erreurs d'arbitrage contre Caen.,0
2015-05-04T19:14:03Z,hassen il crait...  franchement ses fautes de mains sont horrible,0
2015-05-04T15:29:49Z,Nice la plan équipe derrière paris et marseille,0
2015-05-04T11:22:45Z,*faux,0
2015-05-04T11:22:33Z,Ça soule les arbitres ! Vous saviez que La LFP est venu s excuser au près de caen car on est l équipe qui a eu le moins bonne arbitrage de l année on est même l équipe qui a subit le plus de peno d Europe alors qu il y a au moins la moitié qui sont faut !,1
2015-05-03T23:31:07Z,12 eme but si on compte ces 2 buts injustement refusés qui nous ont coûtés 4 points et meme plus,2
2015-05-03T23:28:04Z,La chance nous sourit enfin on à perdu tellement point à cause des arbitres il est temps que les autres voient ce qu'on à subi,2
2015-05-03T23:11:29Z,"Encore un arbitrage foireux. La Ligue 1 me les brise sérieusement. Pas foutu de faire un match sans erreurs d'arbitrage surtout pour Caen. A chaque fois les erreurs d'arbitrage sont contre Caen...
Honte aux arbitres.",3
2015-05-14T06:45:41Z,"That assist from Zlatan... ""Sensational"" indeed.",1
2015-05-12T00:01:47Z,Jordan Ayew always looks angry,0
2015-05-11T10:15:33Z,PSG are on fire! Too bad they will never win the champions league #shots,3
2015-05-11T02:14:50Z,Paris will win the treble!!!,1
2015-05-11T01:05:47Z,First,0
2015-07-18T10:39:10Z,Tom Hervieu Je suis ď accord avec toi,0
2015-07-18T10:32:07Z,J'adore à partir de la 2 : 50 et 3:00,2
2015-06-02T14:34:54Z,Si paris s'était pas fait acheté par les quataris ils n'auront pas ce statut de meilleur club de ligue 1 a part ça très bonne équipe très bon joueurs comme pastore ibra verrati ect.Moi je suis content que l'ol joue la LDC,0
2015-05-26T18:40:03Z,Abonner vous si vous adorer caen<3:-D,0
2015-05-16T11:09:35Z,"Il faudrait investir dans un nouveau micro sinon, et moins gueuler dessus par la même occasion.",0
2015-05-14T16:07:36Z,Bien fait pour lyon il se sont pris une branler et encore il y a de penalty non siffler ,0
2015-05-14T14:00:36Z,rageant,0
2015-05-14T12:30:37Z,"Déchaînement de pucelles footix parisiennes dans 3,2,1 ...",1
2015-05-13T15:08:37Z,allez vous faire foutre sal psg,1
2015-05-12T06:17:06Z,juste pour savoir vertfoutre a été prêté ou vendu avec bonus à caen svp?,0
2015-05-11T19:10:17Z,Salut les mecs je commence une nouvelle série qui arrive le 14 mai passez voir mes premières vidéos et donnez moi vos avis merci ! :),0
2015-05-11T18:58:05Z,Bravo à mon neveu pour son doublé il a bouffé du Lyon et pas qu'une part.,10
2015-05-11T18:40:01Z,La honte de Lyon bien fais pour leur gueule les lyonnais  allez Malherbe !!!!!!,0
2015-05-11T18:24:20Z,Pffff c'est pathétique sérieux je suis lyonnais mais là c'est abusé 3-0,0
2015-05-11T16:53:57Z,"A part pour les supporters caennais qui devaient être hyper content, je vois pas comment on peut liker cette vidéo qui ne montre rien d’intéressant à part les buts...",2
2015-05-11T16:25:26Z,j'ai la haine de ouf. Perdre contre Caen 3-0 alors que en plus ils se sont fait voler un péno franchement nan mais ou va le monde mais bon super saison quand même.,1
2015-05-11T16:05:48Z,Je croyais que vercoutre avait fait 17 arrets ??,0
2015-05-11T15:16:52Z,et 2 penos refuses pour caen et les quenelles osent dire qu' ils ne sont pas aidé par les arbitres mdr.de plus faut pas que caen descende sinon vertfoutre va perdre de la valeur avec les bonus... bien joué caen dans le cul les quenelles.,0
2015-05-11T13:54:15Z,C pas un résumé ! Il ne montre que les buts...,3
2015-05-11T13:43:27Z,"J'ai jamais vu autant de mauvaise fois sur un résumé de match, Caen a largement mérité la victoire et dire qu'il n'y a pas les occasions lyonnaises c'est un peu pousser parce qu'il y a également des actions caennaises non-mise dans ce résumé. Et comme écrit dans le titre c'est un résumé, on peut pas mettre toutes les actions sinon le résumé aurait duré 6 minutes ou plus ...
Je pensais pas les supporters lyonnais aussi mauvais perdant",1
2015-05-11T09:43:25Z,12 arret pour vercoutre il et magique,0
2015-05-11T09:09:36Z,"C'est bizarre parce que quand y a des situations litigieuses en la défaveur de Lyon elles sont vites montrées alors que Lyon a eu beaucoup d'occasions et ils montrent que les buts de Caen mais personne pour montrer les 2 pénos non sifflés dans le match Lyon - PSG et d'ailleurs ce même résumé où on voit toutes les occasions de Paris alors qu'on en voit quasi jamais dans les (pseudo) résumés de Lyon chaque Week-End enfin bref Lyon n'était pas dans son match contre Caen et les normands ont été énorme à l'image de leur seconde partie de saison un grand bravo à eux et à Vercoutre et Benezet héroïques ! On peut dire que le premier but fait suite à une erreur d'arbitrage : un corner inexistant mais bon dans l'ensemble malgré les occasions lyonnaises, Caen mérite largement sa victoire rien à dire décidément 9ème défaite sur les 13 derniers matchs pour Lyon à d'Ornano ça fait beaucoup mais grande satisfaction de finir 2ème de ligue 1 hâte de revoir la coupe aux grandes Oreilles :) 
Allez l'OL !!",4
2015-05-11T06:35:57Z,"Les lyonnais ne sont jamais rentrés dans cette partie, bravo à Caen et surtout bravo à Rémy Vercoutre !! Mais c'est pas grave, on est en Ldc grâce à la victoire de l'om sur l'asm.",2
2015-05-11T06:20:32Z,Merci Caen !,6
2015-05-11T05:43:54Z,Et les actions de Lyon ? C'est en option ? ,1
2015-05-11T05:16:27Z,FLASH INFO : Aulas aurait demandé à ce que la Bretagne ne soit plus française afin de retirer les 3 points du PSG,9
2015-05-11T05:14:22Z,"Une pensée pour Jean-Michel AULAS qui voit même la différence de but s'échapper
:-(",5
2015-05-11T05:12:34Z,"3 fois de suite en quart de LDC, soit 3 fois de suite parmis les 8 meilleurs équipes d'Europe avec au passage, victoire en poule contre le Barça et élimination de Chelsea, tous les titres nationaux cette saison ...oui moi j'aime bien la progression de Paris, et vous ?Ils font quoi les autres clubs Français?

 Bravo à EAG et à Monaco qui oeuvrent pour les points européens. On se rappellera du 0 de l'0M et de la piteuse élimination de l'OL en début d'année :-(",3
2015-05-11T00:02:17Z,"Merci à Caen qui a battu OM et OL, Nul au Parc , Paris champion pour la 3eme fois, Bravo à Lyon tout de meme ^^",16
2015-05-10T23:34:21Z,"Je voudrais pas dire mais...""ce lyon""...il avait l'air de boîter de l'arriere à la sortie du stade...",0
2015-05-10T23:10:14Z,"0:31 y a absolument pas pénalty, Dabo joue le ballon même si c'est impressionnant à vitesse réelle, il touche le ballon avant son adversaire. Bien sûr merci le commentateur pour donner un avis totalement biaisé.

Et puis là je vois ce match je vois juste que Caen a eu 3 occas, aucune action lyonnaise montrée, même si bien sûr Caen a mérité sa victoire, et que Lyon a hyper mal joué, presque de façon honteuse j'ai envie de dire, on ne montre pas le match exceptionnel de Vercoutre qui, avec Bénezet, est l'homme du match côté caennais.

Et puis tant qu'on y est, l'axe droit de la défense c'était Dabo Koné. A gauche Bedimo a pas été bon. Avec une défense pareille bah faut pas rêver hein, on rivalise pas avec Paris. Mais Lyon aura quand même produit du très bon jeu cette année, et ce ne sont pas les paroles d'Aulas qui vont changer ça. (faut quand même différencier les joueurs, les supporters et le président à un moment hein, c'est pas parce que l'un est insupportable que toute l'équipe et le club l'est aussi)",6
2015-05-10T23:05:19Z,Mais où est donc passée la défense centrale lyonnaise ???,2
2015-05-10T22:40:06Z,"Match à oublier, mais avec la saison exceptionnelle de nos joueurs on pardonne. Cette 2e place nous va très bien.
Maintenant tous les footix PSG vont se la ramener ici, c'est triste.",12
2015-05-10T22:29:28Z,"Mr Aulas, une réclamation à faire ? ",0
2015-05-10T22:29:09Z,"putain les lyonnais c est chauds a chaque résume de votre équipe vous venez chialer pacque il n y a pas ceci , il n y a pas cela dans le résumé.. C est aulas qui vous apprend a pleurer comme ca sans arrêt?? vous avez pris une fessé c est tout mais sérieux toute les semaines avec vos commentaires de chouineuses c est hallucinant. Entre vous et marseille je ne sais pas qui pleure le plus. soyez au moins heureux de votre 2 eme place et votre place en LDC",14
2015-05-10T22:22:43Z,Les lyonnais sans son bien sorti ils aurait peu prendre un 4-0 ou 5-0 ,0
2015-05-10T22:19:21Z,Quelle est dégueulasse cette équipe de lyonnaises ,2
2015-05-10T22:13:06Z,"On montre 0 action lyonnaise malgré les nombreuses qu'il y a eues, on montre les fautes lyonnaises, on montre pas le corner imaginaire sur le but caennais... 
Bref résumé de merde incomplet et subjectif...",4
2015-05-10T22:12:53Z,Lyon a eu au moins 5 actions et il les montres pas ! La video n'est pas réaliste ,4
2015-03-07T03:00:31Z,songg?,0
2015-03-02T07:17:34Z,Vercoutre and Mandanda were good ,0
2015-05-11T12:14:39Z,All of these aren't really bloopers.. 👎👍,0
2015-02-02T18:42:28Z,Très beau,0
2015-02-02T07:45:57Z,Lol this ref,0
2015-03-08T10:37:30Z,Magnifiques arrêt de Stéphane Ruffier et de Geoffrey Jourden,0
2015-03-04T18:42:03Z,super arrets venez voir ma chaine,0
2015-03-04T11:20:50Z,"Lopes, Vercoutre et Subasic au top ! ",1
2015-03-04T11:09:19Z,sur ma chaine résumé de tous les matchs,0
2015-03-04T10:10:17Z,#Ligue1 - J27 - Des gardiens très en forme en cette 27e journée !,12
2015-03-03T15:40:18Z,la saison de Lecomte est superbe,1
2015-03-02T21:44:07Z,Ligue anti-Nantaise.,1
2015-03-02T18:25:02Z,Toujours Costil !,1
2015-03-02T16:02:51Z,Ces gardiens ont vraiment les mains fermes :O,0
2015-03-02T11:21:55Z,La reprise de volé de Thauvin et l'arrêt de Vercoutre tous était beaux,5
2015-03-02T11:02:14Z,Cet arrêt  de Costil à bout portant :O,0
2015-03-02T09:49:32Z,Riou nous a sauvé aussi à la Beaujoire.,1
2015-03-02T08:55:26Z,Il manque Riou contre Guingamp dans cette vidéo...,1
2015-03-02T08:46:29Z,"Fc Nantes, R.Riou 90eme, non ?",3
2015-03-02T07:42:25Z,Hassen,1
2015-03-02T07:24:21Z,encore de la merde il a toute les équipe sauf le fc nantes des merde il sont ,1
2015-03-02T06:50:56Z,Encore lecomte,1
2015-03-02T04:30:01Z,Enyeama un monstre,0
2015-03-02T01:38:48Z,Je ne comprende pas le title de video,0
2015-05-06T21:49:12Z,ANDRÉ-PIERRE GIGNAC #9!!! ALLEZ L'OM!,0
2015-05-05T13:46:24Z,"Bravo allez Gignac allez l OM . les jalous c des Conard
",0
2015-05-04T16:30:42Z,Félicitations Dede !,1
2015-05-03T23:44:46Z,Gignac restera dans l'histoire de l'OM !! Bravo a lui il a réussi a marquer plus de buts cette saison que n'importe quel joueur du psg,6
2015-05-03T23:30:04Z,"Un Gignac au sommet, un Kop Marseillais entier à l'autre bout de la France, j'ai beau être Lyonnais d'origine parisienne et détester Marseille, je dois avouer que l'OM est une bien plus belle équipe que le Q$G",5
2015-05-20T10:22:09Z,Paris et magique on est champion mon frere,0
2015-05-15T20:55:13Z,Aller les vert !!,1
2015-05-15T04:45:10Z,Venez voir notre chaine,0
2015-05-14T17:21:36Z,Pk y a pas le tifo des Steph sur Thiriez ? ;),0
2015-05-11T19:49:18Z,La vidéo à raison Evian à bien besoin de recrutement,0
2015-05-11T17:57:42Z,Sans déconner il viennent de gagner 5 0 je crois y'en à 2 qui tapote sur la table,3
2015-05-11T16:49:59Z,Ils montrent la joie après la victoire de l ASSE dans les vestiaires alors que celle du TFC est 100% mieux,1
2015-05-11T15:04:54Z,Ont montre pas notre tifo !? Mf91 ,1
2015-05-11T15:01:45Z,"il n'y a meme pas l'ambiance de la fin du match TFC-Lille. On a mis une putain d'ambiance, meme à sainté ils ont jamais connus ça (je déconne). le meilleur public de france c'est sainté",0
2015-05-11T14:49:04Z,Je suis pour asse mais je suis d accord avec le lyonnais la ligue on les encule comme les arbitres et le qsg,1
2015-05-11T14:19:03Z,ambiance de folie dans le vestiaire de Saint Etienne^^,2
2015-05-11T12:19:15Z,Les supporter indiscipliné vous emmerdent la ligue ! en plus vous avez même pas montré le superbe tifo du virage sud + celui des stéphanois !,9
2015-05-11T11:23:54Z,Y'a quoi a bordeaux j'ai pas compris,2
2015-05-11T10:06:26Z,3:00 la ou Grenier fais perdre le match a lyon !  #BouffeLaFeuille,0
2015-05-11T09:54:33Z,allez les verts <3,5
2015-05-11T08:24:18Z,"Zapping qui fait toujours la part belle au PSG, Lyon et OM .

Et seulement 3 petites secondes sur l'ambiance à Bordeaux.",3
2015-05-11T06:58:23Z,Ptin même le tifo des MF mdr !!!!,2
2015-05-11T06:49:05Z,"Et la prochaine édition de la série ""les nuls"" on en parle pas ? Ahahahahahah ",4
2015-05-11T01:02:47Z,Vous auriez pu mettre le tifo des stephanois sur Thirriez pck meme étant Lyonnais ce qu'ils ont fait est juste énorme,26
2015-05-11T00:49:57Z,Super zapping ,0
2015-05-11T00:45:31Z,firstt !!!!!!!,0
2015-04-26T06:13:34Z,evian c pris une grosse raclée,0
2015-02-27T11:43:17Z,Tres beau match ntep est incroyable.,7
2014-08-25T12:43:50Z,Ta boa Mexer.... Parabéns.... Sucesso para ti... ,0
2014-08-20T12:06:02Z,"Je suis fier d'être Mozambican! Thumbs up for MEXER, nr 4.",1
2014-08-19T19:30:19Z,L'opération portes ouvertes ... L'ETG en plus d'être violé par Renness l'est aussi par le commentateur ...,17
2014-08-19T19:28:51Z,Allez rennes la revanche parce que ont c'est fait voler à Lyon dsl pour eviant,0
2014-08-18T19:17:22Z,aller rennes !!!!,10
2014-08-18T18:10:53Z,"Ils ont résisté tant bien que mal à se maintenir la saison dernière, mais cette fois-ci ça sent bien la relégation pour l'ETG :/",0
2014-08-18T11:32:54Z,"La soirée un cauchemar on lâche pas et on gagne contre Paris pour lancer notre saison !! Croix de Savoie a jamais !!
Supporters des croix venez voir mes vidéos !! ",2
2014-08-17T23:09:01Z,"C'est un vrai gruyère cette défense !
Je suis parisien mais je pense que vous allez nous battre avec votre équipe de feu (wass meilleur joueur de la ligue 1 pour moi voir plus)",4
2014-08-17T23:00:33Z,"Croix de Savoie allez ! C'est certainement le début de saison le plus catastrophique que l'on ai eut mais on va se reprendre, il faut se reprendre ! ",0
2014-08-17T22:33:07Z,daniel wass le mec le plus sous estimé de ligue1,22
2015-05-10T22:27:37Z, First,0
2015-05-10T22:25:23Z,FIRST!!!!!!!!,1
2015-03-02T15:26:22Z,#Ligue1 - J27 - Revivez tous les buts de la 27e journée de Ligue 1 en vidéo sur la chaîne officielle YouTube !,12
2015-03-02T00:36:36Z,:-),0
2015-04-18T10:41:15Z,bravo a Caen pour battre l'OM sa doit être dure !!!,0
2015-03-04T12:56:54Z,Voir l'OMerde perdre <3 <3,2
2015-03-03T18:41:29Z,"Quelle remonté du SMC !
4-1 contre Reims
4-1 contre Rennes
1-0 contre Saint-Etienne
2-2 contre Paris
4-1 contre Lens
3-2 contre Marseille !",37
2015-03-03T08:02:44Z,"#Ligue1 - J27 - Retrouvez les stats officielles de la 27e journée en partenariat avec AMISCO !
Le SM Caen est à nouveau à l'affiche des stats officielles de la 27e journée de Ligue 1 d'AMISCO, après sa performance contre l'OM qui lui permet de poursuivre sa belle série en 2015. L'invincibilité de l'AS Monaco contre le Paris SG, l'imact de Yacine Bammou sur les résultats du FC Nantes et la réussite d'Emiliano Sala (SM Caen) sont également évoquées - http://bit.ly/1zU6TCr",19
2015-03-02T19:34:11Z,GG a Caen pas évident de remonter trois buts...déçu de la défaite et de la baisse de régime de l'om mais c'est le sport c'est ce qui donne son charme au championnat.....l'om a besoin d'une défense costaud...quand je regarde les trois buts de Caen je sais pas si les joueurs de l'om  défendent ou si ils sont en train de chercher les cacahuètes pour accompagner l’apéro...trop mollasson au marquage et pas assez agressif sur l'homme.....c'est bien dommage....(un supporter de l'om),2
2015-03-02T18:08:37Z,1:09 regardez bien à droite des tribunes un mec se casse la gueule ;-),21
2015-03-02T18:06:42Z,"Caen impressionnant en ce moment : une victoire à Michel D'Ornano contre St-Etienne, un nul arraché au Parc et la une victoire au Vélodrome ? Chapeau.",0
2015-03-02T17:23:37Z,pourrie le resume,0
2015-03-02T17:22:16Z,allez l om,1
2015-03-02T13:41:01Z,"Les pauvres bielsa  mandanda et gignac...
La méthode Bielsa est pas mal,  mais les joueurs suivent pas. Mandanda arrive un peu à sauver l équipe,  quand Gignac et Payet arrivent à jouer... ",0
2015-03-02T13:31:50Z,"Va falloir quelque chose et notamment au niveau du jeu. Parce que c'est bien de marquer deux buts mais c'est deux buts de raccroc bien moches (faut dire ce qui est) alors qu'en première partie de saison, on avait un jeu collectif léché qui accouchait de buts sublimes. Mais le plus gros problème c'est évidemment la défense, heureusement que Mandanda arrive tant bien que mal à sauver les meubles.",1
2015-03-02T11:45:26Z,Bravo à Caen il mérite largement d'être dans le haut du classement j'espère qu'il y arriveront ! Continuer comme sa et pourtant je suis rennais mais cette équipe m'impressionne !! Félicitation ,2
2015-03-02T10:07:50Z,"Je me souviens d'avoir vu le match et la je voulais revoir les grosse occasions de buts. C'est un peu triste qu'une video censé faire le résumé du match ne nous montre pas les deux barres transversales, les arrets de Mandanda venus d'ailleurs ou encore le sauvetage de but d'un marseillais sur sa ligne. C etait un tres beau match il y avait bcp plus de choses a montrer",18
2015-03-02T08:07:34Z,Penalty de batshuayi à retirer car yahia était dans la surface quand il a tiré,0
2015-03-02T01:14:16Z,Mais ils sortent d'où ? XD impressionnant Caen un gros bravo magnifique match ,7
2015-03-02T00:18:47Z,"Je rapelle pour les parisiens rageux qui pensent que Paris sont les meilleurs pour le moment nous somme que à 3 point de vous et que le prix de Cavani est égal au prix de l'équipe entière de Marseille .
Donc fermer vos bouche les parisiens qui même avec un budget 5 fois supérieur à celui de toute les équipe de L1 qui ne sont même pas encore étais 1er du championat .
On verra à la fin qui seront les 1er ",1
2015-03-02T00:04:30Z,"L'OM n'en fini plus de nous faire rire! MDR.
Et leur supporters ont tout intérêt à se cacher parce que mener 2-0 à domicile face à Caen et perdre 2-3 au final (et c'est un score flatteur pour l'OM).. et ce à 11vs11. C'est clownesque !
D'autant qu'ils nous ont saoulé à se foutre de Paris qui, réduits à 9 pour cause de blessures multiples, ont dû concéder le NUL 2-2 après avoir mené 2-0.

Bref, comme chaque week-end depuis quelques temps, l'OM nous fait rire. MERCI.",13
2015-03-01T23:36:56Z,ça se marrer quand Caen a réussi a égalise contre le PSG ! Maintenant Marseille on pris! Bravo à Caen !,4
2015-03-01T23:33:10Z,Passez voir ma chaine youtube ;),0
2015-03-01T23:33:00Z,Et merci aux sardines d'être aussi nul ça remonte le moral,4
2015-03-01T23:18:54Z,"On dirait bien que le gros Bielsa qui baisse les yeux en conférence de presse fait plus trop l'unanimité, comme quoi ça sert à rien d'être leader toute la phase aller si au final c'est pour se retrouver à jouer finalement la 3ème place :) 
Nous parisiens n'avons jamais été leader à l'issue d'une journée mais on reste à 1 point de Lyon qui va jouer l'OM dans 2 semaine, ça sent bon pour Paris !!!",6
2015-03-01T23:16:06Z,Haha,0
