publish_date,title,view_count
2014-10-20T12:27:41Z,Abdoulaye Diaby // All Goals 2014-2015 Season,24192
2015-07-24T21:26:33Z,DIABY ABDOULAYE TANDA,73
2014-10-12T16:14:37Z,Qualif. CAN2015 [Éthiopie 0-2 Mali] : tous les buts de la rencontre,10786
2015-04-20T12:37:08Z,Ereronde spelers na winst tegen Anderlecht in Play-Off 1 (19/04/2015),498
2015-06-03T21:59:07Z,Bernie Ibini highlights - welcome to Club Brugge,2545
2015-01-08T16:34:03Z,We are Bruges Carl Hoefkens Ryan Donk,292
2015-04-30T13:53:28Z,Sfeerbeelden tijdens de match Club Brugge - Sporting Charleroi,312
2015-06-07T11:23:46Z,Bernie Ibini aanwinst Club Brugge,6703
2015-02-01T05:37:55Z,Torku Arenada Beşiktaş Taraftarı,357
2014-12-27T12:15:31Z,Beşiktaş Yeni Transferi,131
