published-time,comment,likes
2015-05-22T16:06:24Z,Welcome in brugesss !!,0
2015-05-22T12:36:01Z,welcome to the best team in Belgium !,3
2015-05-22T10:42:15Z,welcome in bruges,0
2015-01-28T23:39:49Z,So average but very prolific,0
2014-12-20T09:52:48Z,"Abdoulaye DIABY la fierté malienne, bonne carrière à lui",0
2014-10-23T18:03:47Z,"Genialny filmik, co za emocje, na prawde, wzruszyłem sie. Łzy same cisną się do oczu, po prostu CIARY! Oby więcej takich ludzi jak Ty. Pozdrawiam i czekam na kolejne filmy. 
Jujo كنت نيغا",0
2015-06-07T14:00:02Z,"Take care of him Brugge, he's going to be Australia's superstar winger for the national team.",0
2015-06-04T14:39:02Z,"All good news hey Fresh ? Ibini, young stars popping up everywhere since Ange took over. 5 games undefeated under Ange (let's head to 37 games and he'll break his Roar record, except for the Roos). Brisbane 3, Villareal 0 !  Also good results for Sydney against Tottenham and Chelsea. Have a nice day.",0
2015-07-22T08:06:18Z,unlucky bernie with the injury.. stay strong you'll be back in no time... keep the faith Brugge he will be another loyal soldier when fit aka Maty Ryan... you know who else you should consider bringing to Belgium?  Terry Antonis.. this boy will be a massive asset to the club and would be a great stepping stone in his career,0
2015-06-07T16:21:33Z,Mooi gemaakt! Goed dat jullie ons warm maken voor de transfers! Keep up the good work!,1
2015-06-07T13:16:28Z,"Geweldig filmpje, zoals altijd!!
Komt er binnenkort nog een compilatie van het voorbije seizoen van Club?",1
2015-06-07T13:16:24Z,"this guy will be a great signing, he has been getting better every year. He's also best mates with Matt Ryan so that might explain why he joined Club Brugge.",0
