publish_date,title,view_count
2015-01-11T23:00:02Z,Goal Billel OMRANI 68&#39; / Montpellier Hérault SC - Olympique de Marseille 2-1 - MHSC - OM / 2014-15,1017
2015-02-02T17:28:26Z,FOOTBALL CFA2  OM 3 AJACCIO 1  But d&#39; OMRANI,362
2014-11-29T00:15:33Z,Nîmes Olympique 3 - Le Havre AC 3 - 28/11/2014,1751
2014-11-29T23:00:05Z,Nîmes Olympique - Havre AC (3-3)  - Résumé - (NIMES - HAC) / 2014-15,6899
2014-11-30T10:30:01Z,Top buts 16ème journée - Ligue 2 / 2014-15,2219
2014-11-29T18:19:58Z,Conférence de presse Nîmes Olympique - Havre AC (3-3) - 2014/2015,273
2015-01-11T23:00:06Z,But Billel OMRANI 68&#39; / Montpellier Hérault SC - Olympique de Marseille 2-1 -  MHSC - OM / 2014-15,14794
2014-09-03T08:42:54Z,Le point sur les recrues du Nîmes Olympique,382
2014-11-19T00:32:25Z,Info RMC Sport / Comment Nîmes a tenté de corrompre des joueurs - 18/11,419
2014-08-04T15:27:35Z,Avant match Nîmes Angers 01 08 2014,209
2014-09-24T19:39:31Z,Conférence de presse Nîmes Olympique - Châteauroux (1-0) - 2014/2015,271
