publish_date,title,view_count
2014-08-27T13:53:20Z,"Giuseppe Sampino: &quot;Prestia, il Legia Varsavia contonua a cercarlo&quot;",162
2014-12-23T13:11:43Z,33 Azərbaycan U 19   Palermo U 19 0 1 u19,272
2015-07-08T20:03:17Z,Stagione 2014/2015 - Inter vs. Parma (1:1),1830
2015-04-23T14:41:32Z,&quot;Il Trionfo del Cosenza&quot; - Servizio Tgr Calabria,609
2014-11-23T16:38:32Z,Agostiniana Calcio-Nuova Indipendente: il rigore fallito da Catania.,215
2014-08-27T10:00:41Z,"Gianluca Fiorini: &quot;Van Ginkel, si aspetta l&#39;ok del Chelsea. Paragonabile a Lampard&quot;",744
2014-10-22T13:24:03Z,Presentazione di Improta,1850
2015-06-01T01:27:34Z,SAMPDORIA-PARMA 2-2 - Radiocronaca di Umberto Avallone (31/5/2015) da Radiouno RAI,802
2015-03-22T23:22:51Z,PARMA-TORINO 0-2 - Radiocronaca di Antonello Brughini (23/3/2015) da Radiouno RAI,1187
2015-05-24T18:14:12Z,PARMA-VERONA 2-2 - Radiocronaca di Massimo Barchiesi (24/5/2015) da Radiouno RAI,1241
2015-04-05T02:10:36Z,INTER-PARMA 1-1 - Radiocronaca di Umberto Avallone (4/4/2015) da Radiouno RAI,777
2015-05-18T22:18:44Z,FIORENTINA-PARMA 3-0 - Radiocronaca di Massimo Barchiesi &amp; Sara Meini (18/5/2015) da Radiouno RAI,598
2015-02-11T20:41:19Z,PARMA-CHIEVO 0-1 - Radiocronaca di Giovanni Scaramuzzino (11/2/2015) da Radiouno RAI,975
2015-04-11T23:00:47Z,PARMA-JUVENTUS 1-0 - Radiocronaca di Giovanni Scaramuzzino (11/4/2015) da Radiouno RAI,954
2015-03-16T00:54:28Z,SASSUOLO-PARMA 4-1 - Radiocronaca di Daniele Fortuna (15/3/2015) da Radiouno RAI,852
