published-time,comment,likes
2015-06-16T00:51:22Z,"Je rêve ou a 0:48 y'a un type qui hurle ""J'BAISE TA MEEEEEERE"" ? X)",0
2014-12-29T18:18:45Z,,0
2014-12-29T18:18:33Z,ALLEZ CAEN,0
2014-12-23T12:31:16Z,Allez l'USO Bout sco :-) USO allez allez :-D ,0
2014-12-15T08:24:12Z,#Ligue2 - J17 - Retrouvez les résumés des matchs de vendredi et samedi sur la chaîne officielle YouTube !,4
2014-12-14T13:13:42Z,"On en parle du but du SCO refusé pour hors-jeu ? il est où le hors-jeu là?? Niveau positionnement, on voit qu'au moment où part le ballon le joueur n'est pas hors-jeu, et en plus c'est un joueur d'Orléans qui tape dans la balle ... Heureusement que le SCO gagne...",0
2014-12-14T09:54:17Z,Allez le SCO ,0
2014-12-14T08:16:21Z,allez le sco,0
2014-12-13T23:46:29Z,Allez USO ,0
2014-12-29T16:14:59Z,EN TANT QUE SUPPORTER DE CAEN JE TROUVE ANGERS INCROYABLE,1
2015-01-15T19:11:28Z,je pourrais  avoir les stats du match svp (tirs et possessions de sdeux côtés) merci d'avance,0
2015-01-13T16:11:40Z,"#Ligue2 - Classement des buteurs - Grâce à un triplé contre l’ASNL, Jonathan Kodjia (Angers SCO) retrouve une place sur le podium du classement officiel des buteurs de Ligue 2 après la 19e journée - http://minilien.fr/a0nf1g",8
2015-01-12T18:04:19Z,Quelle beau but du jeune lusamba 18ans avec un énorme potentiel ,0
2015-01-12T07:24:08Z,Propre,0
2015-01-11T07:47:32Z,Belle ambiance et beau match !!!,3
2015-01-10T23:32:01Z,"Je crois que Kodjia glisse sur le penalty (?), c'est dommage si c'est le cas, encore une décision arbitrale en notre défaveur.
Bon après, 2-1 ou 3-1, ça change pas grand chose.
Bravo a Letellier et au SCO, c'est incroyable de ne pas prendre de buts sur la deuxième mi-temps.",6
