published-time,comment,likes
2014-11-11T21:07:42Z,A quand Areola dans les buts bleus?,1
2014-11-11T19:22:26Z,Tg,0
2014-11-11T18:50:57Z,Top. Allez les bleus.,0
2014-11-11T14:00:26Z,faites des videos plus longues,1
2014-11-11T10:32:17Z,Super équipe fidèle les bleues je conte sur vous et j'encourage toute l'équipe surtout les nouveau arrivant !!! ,0
2014-11-11T10:26:52Z,Les bleus c'est un famille mtn !,3
2014-11-11T09:15:00Z,Il faut que Costil il joue à rennes  face à l'Albanie,0
2014-11-11T09:14:58Z,Il faut que Costil il joue à rennes  face à l'Albanie,0
