publish_date,title,view_count
2015-03-29T14:41:48Z,[CFA2] Un bout d&#39;ambiance lors de la fin du match contre la réserve du Poiré sur Vie,289
2015-05-05T20:44:39Z,Prolongations : CFA 2- Le Mans FC vs Bressuire (04/05/2015),4147
2014-12-16T19:55:57Z,ASM-Munster : Le bibendum Michelin se fait plaqué par un supporter...,377
2014-11-11T08:58:02Z,"Reprises de volée, buts et arrêts à Clairefontaine",25151
2015-01-13T06:19:40Z,Futsal - trucs techniques,41140
2014-08-07T06:22:04Z,match amical CFA2 FC BRESSUIRE - SO CHOLET (6 août 2014) extrait 1,105
2014-09-09T13:50:07Z,Women&#39;s Soccer vs  Thiel 9 6 14,85
2015-03-10T16:06:38Z,Cécifoot: l&#39;Equipe de France déjà en stage à Nantes en février 2014,210
