publish_date,title,view_count
2014-08-27T09:11:40Z,AJ Auxerre - AS Nancy-Lorraine (3-0)  (2ème tour) - Résumé - (AJA - ASNL) / 2014-15,11480
2014-08-23T22:00:01Z,Dijon FCO - AJ Auxerre (1-0)  - Résumé - (DFCO - AJA) / 2014-15,7037
2015-05-22T16:29:48Z,Wolves 14/15 Season Great Moments,4064
2015-01-31T20:22:30Z,Piast vs Trzciana Mecz finałowy,126
2014-09-22T10:41:36Z,TIM REAM | Defender&#39;s Wolves reaction,289
2015-01-24T00:49:25Z,Les Eléphants donnent leurs impressions avant la rencontre CIV - MALI,1019
2015-05-31T10:11:19Z,AJA PSG 30 mai 2015 Finale Coupe de France,279
2015-01-11T01:06:57Z,FC Porto-Belenenses 3:0 Video goals.Primeira Liga.10/01/2015,1335
