publish_date,title,view_count
2014-10-27T23:00:29Z,AS Nancy-Lorraine - Havre AC (2-1)  - Résumé - (ASNL - HAC) / 2014-15,10970
2014-11-30T10:30:01Z,Top buts 16ème journée - Ligue 2 / 2014-15,2219
2014-09-24T22:00:04Z,AC Ajaccio - Havre AC (0-1)  - Résumé - (ACAJ - HAC) / 2014-15,3259
2014-08-21T16:49:06Z,Norwood Joins The Royals | 21.08.2014,1623
2014-11-29T23:00:05Z,Nîmes Olympique - Havre AC (3-3)  - Résumé - (NIMES - HAC) / 2014-15,6899
2015-04-22T15:13:22Z,Havre AC - Stade Brestois 29 (1-1)  - Résumé - (HAC - SB29) / 2014-15,1676
2015-01-10T23:00:08Z,Havre AC - Châteauroux (1-1)  - Résumé - (HAC - LBC) / 2014-15,2130
2015-04-25T22:00:00Z,FC Sochaux-Montbéliard - Havre AC (0-1)  - Résumé - (FCSM - HAC) / 2014-15,3837
2015-04-11T21:59:59Z,AC Arles Avignon - Havre AC (0-1)  - Résumé - (ACA - HAC) / 2014-15,1885
2015-04-20T10:34:14Z,MULTI ANGLE: Garath McCleary scores against Arsenal at Wembley,4315
2015-02-22T23:00:00Z,Goal Ryan MENDES (17&#39;) / SC Bastia - LOSC Lille (2-1) - (SCB - LOSC) / 2014-15,199
2014-11-29T18:19:58Z,Conférence de presse Nîmes Olympique - Havre AC (3-3) - 2014/2015,273
2015-04-20T23:33:45Z,Conférence de presse Havre AC - Stade Brestois 29 (1-1) - 2014/2015,123
2015-02-06T09:20:43Z,Reading FC | A Guide for Families by Alfie Simmons,2025
2014-09-24T20:34:14Z,Conférence de presse AC Ajaccio - Havre AC (0-1) - 2014/2015,122
2014-10-27T00:27:43Z,Senzo Meyiwa | R.I.P | Tribute | HD | Saves | 2014,150422
2015-01-07T15:54:55Z,Globe Soccer Awards - Highlights 2014,1180
2015-02-22T22:59:59Z,SC Bastia - LOSC Lille (2-1) - Highlights - (SCB - LOSC) / 2014-15,976
2014-10-11T06:25:34Z,Munir Long Range Goal  Benfica - Barcelona Youth,187
2014-12-29T19:25:04Z,Globe Soccer Awards - Gala 2014,31637
2014-09-12T15:17:43Z,Cosmos Challenge Fans to Pull-up Contest,195
2015-01-23T18:44:17Z,Tacoma Stars return to the pros!,236
2015-06-29T23:31:48Z,Crumlin News Team Building Day in County Antrim,158
2015-03-03T08:14:28Z,Lucas Kirby Incoming Yale Class of 2019 Highlights,1987
2015-01-12T03:18:36Z,Kwesi Allen #10,1491
2014-11-30T02:45:20Z,Brian Bement: 2015 InfoSport Pro Soccer Combine,97
2015-02-22T22:59:59Z,SC Bastia - LOSC Lille (2-1)  - Résumé - (SCB - LOSC) / 2014-15,14588
2015-06-08T13:04:12Z,Ramon Alonso Soria 2015 HL,535
2014-08-23T21:40:20Z,Vukasin Terzic | Right Back | Highlights 2013,151
2014-12-17T01:49:27Z,"Raúl Orvañanos: &quot;No debería haber dicho &#39;payaso&#39;, sino &#39;agrandado&quot;",159341
2015-01-07T22:35:18Z,Carlos Mendez - 2014 College-Prep Showcase,97
2015-03-23T21:10:42Z,Frédéric Duplus invité de la Radio 100% supporter du Fc Sochaux Montbéliard le 23 mars 2015,272
2014-11-28T09:13:45Z,Crónica Deportiva: ¿Hay campaña de Platini contra Cristiano Ronaldo?,38
2015-04-23T20:47:26Z,Thierry Goudet avant Sochaux - Le Havre AC,115
