published-time,comment,likes
2014-10-30T19:19:32Z,La lorraine est grenat et elle le restera,0
2014-08-28T20:00:19Z,ji ete au match,0
2014-08-27T10:07:34Z,"Haha, après le carton rouge on entend Aguilar et Vannuchi parler :
""J'le touche pas !""
""[incompréhensible]... pas vous faire piéger pas des conner...""",0
2014-10-29T10:18:15Z,Vos gueule commentaire de merde Auxerre = [ Ausserre ] Bande d'inculte ,0
2014-09-16T17:34:21Z,ds les tribune on vious a sodomiser bleus et blanc sont les couleur de la bourgogne,2
2014-08-24T08:40:29Z,"Pour vous, quel ont etait les 3 meilleurs joueurs et les 2 meilleurs gardien lors de cette 4eme journée de ligue 2 ?",1
2014-08-24T00:00:59Z,Et la grosse faute dijonnaise sur l'attaquant auxerrois en fin de match ? Pourquoi vous nous la montrez pas ? Des ordres de la lfp ? Une faiblesse arbitrale à cacher ? Un ménage est à faire..,3
2014-08-23T22:28:53Z,"La Bourgogne restera à jamais Bleue et Blanche !
AJA & BASTA",6
2014-08-23T22:03:48Z,La Bourgogne est rouge !,13
2015-06-08T13:00:36Z,"Great video mate,  #utw",0
2015-05-23T14:08:29Z,class video mate :),0
2015-05-23T03:13:43Z,"Same with that guy who turned the camera round to face him, what a handsome chap :P",0
2015-05-22T17:06:18Z,,0
2015-05-22T16:51:36Z,That jack wilkinson's videos look good👀😏,6
