published-time,comment,likes
2015-04-23T14:44:48Z,Forza atalantaaaaa!!!!!!,3
2015-04-13T13:34:04Z,Denis è un boss.,12
2014-11-03T16:12:20Z,Sono il primo a vedere questo video ,1
2015-03-02T11:59:09Z,Daje Lazio,0
2015-03-01T18:19:20Z,Cucchi è sempre Cucchi!,0
2015-01-15T19:43:04Z,Awesome Bro !,0
2015-01-15T15:29:17Z,COMPLIMENTI PER LO SPLENDIDO VIDEO E FORZA JUVE ORA E SEMPRE!!!,0
2015-01-14T20:06:56Z,Forse era meglio se li mettivi in ordine dalla 1 all'ultima giornata! Cmq il video è buono,0
2015-01-14T12:28:53Z,forza grande juve...,0
2015-01-13T06:43:00Z,"Con la prestazione contro il Napoli in un S.Paolo da brividi, ancora una volta la Juve ha dimostrato al momento di essere la più forte. Bel video!",2
2015-01-12T21:56:02Z,Sick video! :D,0
2015-01-12T20:23:54Z,"Continuate tutti a lagnarvi, l'importante è che ci guardate a testa in su!!!! Campioni d'inverno, GRANDIIIIIII fino alla fine!!!
Sei mitico pallucciogene grazie per questo mitico video ",0
2015-01-12T19:45:08Z,Grande,0
2015-01-12T19:27:26Z,I PIU' FORTI! UNICO AMORE! FORZA JUVE!,1
2015-01-12T17:46:45Z,Grande Juve e Grande Pallucciogene per il bel video. Fino alla fine Forza Juventus continuiamo così.,1
2014-10-17T19:01:29Z,Grinta e determinazione!,0
2015-04-19T21:41:56Z,Lippi,0
2015-04-17T11:12:22Z,Fabio Capello,0
2014-12-30T07:56:59Z,,5
2014-08-04T18:22:27Z,forza sassuolo,0
2015-01-07T02:52:12Z,SARÀ IL FUTURO DEL NOSTRO CALCIO È TUTTI NE PARLERANNO DI LUI COME ANCHE IL PROMETTENTE DYBALA ,0
2014-12-12T19:49:47Z,Il gallo Belotti!,2
2014-12-03T11:19:00Z,"Mi puoi dare una mano a crescere. Sul youtobe forza italia
",0
2014-08-28T06:43:48Z,Bvccf,0
2014-08-27T22:04:49Z,PUMA persona vera!,0
2014-11-01T14:22:24Z,Forza Sasól l❤,0
2015-05-05T09:30:19Z,"Paolo Cannavaro: ""Spero che il Napoli vinca la coppa come anni fa""",3
2015-01-09T08:40:09Z,"Eusebio Di Francesco: ""La vittoria? Me l'aspettavo!""",1
2015-01-07T19:06:56Z,vieni a Udine Eusebio !!!!!,0
2014-11-20T11:00:18Z,"bravo,bravo,bravo ,si vede che oltre ad essere un bravo ragazzo........sei stato sincero",0
2014-11-19T07:37:47Z,"Bravo Marco! Bell'intervista!
Sabato col Trapani BELLI CARICHI ! 
Col nuovo allenatore VINCEREMO  !",0
2014-11-14T20:58:25Z,Grande Marco!! ,0
2014-11-14T19:47:23Z,"Forza, riprendiamo quello che abbiamo lasciato l' anno scorso!",1
2014-11-13T16:52:34Z,non è attaccante verratti,0
