published-time,comment,likes
2015-05-07T16:07:27Z,nancy c'est que de la MERDE !!!!!!!!!! allez METZ,0
2014-10-30T12:05:58Z,a nancy c souvent es jeunes qui marques aller nancy,0
2014-10-29T00:39:22Z,Aller le Hac la ligue 1 c'est cette année !! ,1
2014-10-28T18:43:33Z,"tg alpha767 c pas parce que vous gagner des match 1-0 que vous avez une attaque
nous on a gagne 5-2 contre chateauroux",2
2014-10-28T16:25:40Z,Ji était,0
2014-10-28T10:13:27Z,#Ligue2 - J12 - Revivez les meilleurs moments de AS Nancy-Lorraine / Havre AC (2-1) en vidéo grâce à notre chaîne officielle YouTube ! ,6
2014-10-28T09:06:16Z,Mdr on voit qu'on a vraiment poussé pour gagner : 25 à 2 tirs xD,9
2014-10-27T23:54:02Z,c'est bon ca :)) et mérité surtout ;),1
2014-10-27T23:05:28Z,First ! Sinon super match de Nancy qui méritait de gagner 4-1,4
2014-12-02T15:57:57Z,C'est quoi ce terrain niveau DH,0
2014-12-02T00:49:30Z,J'ai fais un arrêt sur image sur l'égalisation à 1-1 des havrais et Sao a un demi-mètre d'avance sur le dernier défenseur (harek) et sur le but refusé de Maoulida il est sur la même ligne enfin la caméra est mal placée mais bon...bref on aurait pu le gagner ce match mais c'est un bon point au final,0
2014-11-30T02:20:50Z,Le meme resultat que nimes-lens la saison derniere !!!,2
2015-04-22T17:32:13Z,"Avec le but du Havre, c'est mieux... ;)",1
2015-01-11T14:28:05Z,"Le stade du Havre fait trop pitié, y'a personne !!!!!",0
2015-04-29T09:46:05Z,"le def de Sochaux qui leve le bras sur l'ouverture pour gamboa , lâche totalement le bihan, le but est pour lui. Allez le hac",0
2015-04-28T15:14:54Z,#Ligue2 - Classement des buteurs - De l’air pour Mickaël Le Bihan ! http://www.lfp.fr/ligue2/article/de-l-air-pour-mickael-le-bihan.htm,3
2015-04-25T22:29:47Z,"C'est bizarre,le ralenti ne montre pas le penalty non sifflé pour sochaux 
",1
2015-04-12T12:15:04Z,Je savais pas que Laurent Fabius était devenu arbitre...,1
2015-04-12T00:05:01Z,"♫ Givet ou j'y vais pas , givet ou j'y vais pas ♫",0
2014-11-30T12:29:52Z,"Erick Mombaerts, le roi des excuses, la mauvaise foi incarnée. Toujours à minimiser l'adversaire  (qui à l'écouter marquent toujours sur leurs seules occasions), toujours à se plaindre du terrain (qui est pareil pour les 2 équipes), bref toujours à chercher des excuses au lieu de pointer du doigt les faiblesses de sa propre équipe.",0
2014-11-29T22:07:58Z,Allez nimes !!!!,0
2015-05-31T21:25:00Z,This is Michael Jackson my fravot,0
2015-02-12T13:38:10Z,Completely agree this is cringeworthy,0
2015-02-07T15:49:39Z,God I miss Elm Park,0
2015-02-06T19:13:27Z,Ahaha we're such a joke of a club,2
2015-02-06T18:43:03Z,"Speaking as an American & fan of MLS, it's the ""family atmosphere"" that makes my local club's support so shit. Too many toddlers running around kills the intimidation factor.",3
2015-02-06T16:33:28Z,This is the kind of shit that makes our clubs support so bad,16
2015-02-06T10:36:25Z,A Reading FC YouTube video with actual production value?!?,1
2015-05-26T20:57:32Z,Why are people disliking this 😥 tip,0
2015-02-26T13:17:11Z,How name has this song?,0
2015-02-04T04:32:01Z,"I really feel sad. Even though I only saw him play once, I have this feeling deep down that someone related to me died.",1
2015-01-30T14:25:57Z,"was a good goalkeeper, rest in peace! =/  #RIPMeyiwa  ",1
2015-01-09T16:50:01Z,Rip,0
2014-12-09T16:11:15Z,,0
2014-11-19T12:23:15Z,rip what a boss...,0
2014-11-10T18:54:10Z,"R.I.P Mr Senzo Meyiwa
Salute!!  ",0
2014-11-01T23:44:52Z,Pray4SenzoMeyiwa 🙏:( <3 forever in our heard ,1
2014-11-01T21:48:29Z,"RIP what a great keeper, guys if you didn't know he was shot dead by a introuder so much respect man,such a shame what a keeper 😔😪😪😪😔 R I P 💖",0
2014-11-01T19:18:48Z,Well done Video RIP mfokaMeyiwa,0
2014-11-01T15:29:02Z,RIP Senzo...,0
2014-11-01T12:59:32Z,RIP Sanzo,0
2014-11-01T11:30:28Z,My cousins girlfriend was his cousin she moved to england but she went back to pay her respect R.I.P,1
2014-11-01T08:08:00Z,Senzo where ever u are we as olando and the rest of SA say we love and we will all wayz respect ur memory ♡♥♡♥♡♥☆★,0
2014-11-01T02:38:42Z,Rest In Peace from Mexico ,0
2014-10-31T19:37:46Z,I miss him best player ,0
2014-10-31T06:04:36Z,"RIP Senzo, ",0
2014-10-31T05:43:56Z,Rest in peace boi;SA heroe,0
2014-10-30T20:05:10Z,Rest In Peace from The Netherlands!,3
2014-10-30T13:01:13Z,"ive never seen such a brave young man go and tell other great bucs players leremi,manyathela,moleko.that till we die bakhaniya for life rest in peace son of the soil",0
2014-10-30T12:03:45Z,R.I.P SENZO INDEED LYF IS UNPREDICTABLE YOUR MEMORY WILL FOREVR LIVE WITHIN US PIRATES FANS,0
2014-10-30T10:50:08Z,RIP CAPTAIN MY CAPTAIN,0
2014-10-30T06:27:51Z,"ey gone very soon will surely mic em even if m not a buccaneer fan bt am a south african we lost a true lagend,",0
2014-10-30T00:29:38Z,I didn't know him but you look like a great player RIP.,0
2014-10-29T20:10:40Z,R.I.P from the Netherlands,0
2014-10-29T19:20:41Z,RIP Senzo Meyiwa..gone too soon,0
2014-10-29T13:50:23Z,Thanks for this beautiful video! He is a legend ,2
2014-10-29T09:54:51Z,name of the song please :( ??,0
2014-10-29T09:51:20Z,R.I.P Senzo ,0
2014-10-29T08:52:01Z,R.i.p so sad ,0
2014-10-29T07:56:14Z,what an awesome video! Who's song is  playing in the video?,0
2014-10-29T06:41:23Z,"i am so sad by the new of passing away of one of my favorite  goalkeeper i really enjoyed watching him play especially his celebrations when Orlando pirates score a goal he would run as if he himself scored, REST IN PEACE my brother  i am deeply hurt beyond measure, as i am writing this i am current writing exams and its hard but i will hold on.",2
2014-10-28T22:55:42Z,"RIP Senzo. I can honestly say we haven't just lost an incredible footballer, but a true gentleman, leader, and fantastic man. He was a huge part of the Orlando Pirates and led them to many victories. RIP from Canada",6
2014-10-28T20:21:00Z,gone too soon....may God never give your killers rest....rest in peace my captain***buccaneer for life ***,1
2014-10-28T18:50:03Z,Ríp great soccer player from México ,1
2014-10-28T18:03:48Z,"Thanks for everything! Rest in peace! 
What the name of the song? ",0
2014-10-28T17:40:00Z,RIP senzo,0
2014-10-28T17:36:12Z,What's the name of this song?,0
2014-10-28T17:34:26Z,Rest in peace... From Canada Calgary  ,0
2014-10-28T16:53:00Z,Rip Meyiwa,0
2014-10-28T14:28:57Z,THANKS for such a great video  #RIP #Captain  #Qhawe  #Captain #Pirate #SenzoMeyiwa ,3
2014-10-28T10:43:28Z,<3,0
2014-10-28T10:27:31Z,"Senzo mfana... don't know why lezinja took ur precious soul for fokol! ""Years may fly, tears may dry but you will always be missed""  #Word  ",2
2014-10-28T09:45:39Z,RIP,0
2014-10-28T09:13:33Z,"RIP SENZO U ARE A HERO
",0
2014-10-28T08:01:31Z,"If only...what a loss, a waste of life.  Kelly hands off people's children.",0
2014-10-28T07:44:20Z,"Wat a touching Video, RIP Mr Meyiwa!!",1
2014-10-28T07:36:13Z,What a touching video :( :(.....may ur soul R.I.P boi :'(,1
2014-10-28T07:03:02Z,"rest in peace my beloved Captain, you will always be noble a member of the Pirates Family and the whole of South  Africa",1
2014-10-28T01:50:16Z,"R.I.P best Afrikan Goalkeeper !!! 
",0
2014-10-27T22:16:52Z,R.I.P whats the song called its sad ,0
2014-10-27T20:27:26Z,"R.I.P From Ireland, Senzo was a great goalkeeper, so good that God decided to call him up earlier so he can be a goalkeeper in heaven.",5
2014-10-27T20:27:18Z,R.I.P from Germany ,3
2014-10-27T19:58:22Z,R.I.P. from italy senzo was a great champion ,7
2014-10-27T19:51:18Z,"Rest In Peace Senzo Meyiwa you really played a significant role in your journey both on & off the
field. Meyiwa family and South Africa as a whole has lost a son, brother, leader and a gentleman. 
He will be always missed of his penalty saves he did in Congo against TP Mazembe.",0
2014-10-27T18:27:50Z,"Ich rede für Deutschland ( Germany ) auch unser Land ist geschockt R.I.P , meine Meinung ist wrum töten Menschen ...",8
2014-10-27T18:19:05Z,They must catch and hang the fuckers by the balls ,3
2014-10-27T17:04:35Z,Respect,0
2014-10-27T16:32:31Z,#RIP-MFOKA-MEYIWA. you will always be remembered.,0
2014-10-27T15:20:27Z,#RESPECT,0
2014-10-27T14:47:47Z,We will never see his body again but his soul will always be with us. a soul gone too soon...may he rest in peace...words cant describe the emotions dat we all going through...what a lose to the world...descanso em paz..mzansi and pirates number 1 and captain.....,2
2014-10-27T13:20:32Z,"Descanza en Paz Senzo Meyiwa
Extraoridinario portero, carismatico siempre!
Desde Ecuador descanza en paz #Senzo_meyiwa",0
2014-10-27T13:03:53Z,"Beautiful Picture

https://fbcdn-sphotos-f-a.akamaihd.net/hphotos-ak-xpa1/v/t1.0-9/10486097_684820098330192_3404204949401466482_n.png?oh=482eb2fdd3d779304df7ea4e9ed4341b&oe=54AAE0B4&__gda__=1424717836_3b4a5a2612ad003cb34cef5d9e8bbb29",9
2014-10-27T12:51:18Z,Nice video thank siyabonga....R.I.P Senzo,2
2014-10-27T12:14:49Z,A special send off for a an Incredible Superstar thank you #RIPSenzoMeyiwa,0
2014-10-27T11:20:46Z,"This is one great loss... Senzo was a commander, a leader, a captain, a husband and a father. The nation has lost a great sportsman. Who can forget his heroics against TP Mazembe, where he performed his heart out... What a gentleman!! we thank God for you Senzo!! lala ngoxolo!!",8
2014-10-27T11:20:21Z,Rest in peace Senzo we always rememberef,0
2014-10-27T11:15:00Z,R.I.P Senzo,3
2014-10-27T11:01:07Z,R.I.P SENZO,0
2014-10-27T09:59:41Z,"It is very tragic what happened...
R.I.P. from Switzerland",2
2014-10-27T09:54:38Z,THANKS for such a great video. very touching. #RIPSenzoMeyiwa.  #ForeverABuccaneer  ,7
2014-10-27T09:52:39Z,RIP Captain my captain. Admin plz give me the name of the artist which made this remix. I wont rest until you give me the name,1
2014-10-27T09:52:35Z,"I couldn't sleep after hearing the news last night. I still couldn't believe it this morning and now seeing this beautiful video, I can't stop crying eish. Captain my Captain. RIP Senzo Robert Meyiwa. Condolences to his family, friends and fans. You will forever be remembered.",1
2014-10-27T09:46:14Z,"R.I.P Meyiwa no 1 wil be like u,we wont forgget u.",0
2014-10-27T09:28:36Z,"Rip, a true legend! ",0
2014-10-27T09:19:23Z,RIP captain gone too soon.,0
2014-10-27T09:13:52Z,may your soul rest in peace brother will also love you,0
2014-10-27T08:36:04Z,Really sad...,1
2014-10-27T07:38:20Z,RIP,0
2014-10-27T06:21:05Z,R.I.P...,0
2014-10-27T03:27:47Z,"RIP senzo.. its so hard for that, hope u always smiling at your new live...indonesian hurt",6
2014-10-27T03:04:34Z,why did they have to kill him...why he has family depend on him why why he has a small daughter Ooh God ,2
2014-10-27T01:35:47Z,RIP my boy. Great footballer.,0
2015-01-07T21:15:19Z,"Im mean thats not fair for the other players cuz only messi and ronaldo wins the best player in the world, but theres alot of soccer players that didnt had the chance hahahah for real man ",0
2015-01-04T21:30:38Z,I love when she speaks ☺️,0
2015-01-01T20:59:19Z,Bravo à Vadim Vasilyev !,0
2015-01-01T12:35:04Z,can anny one tel me the name of presenter wommen pleaz??????????,0
2014-12-31T15:24:42Z,bravo bravo!!! Benatia <3<3,0
2014-12-31T00:04:24Z,"El Real Madrid este año 2014 ha arrasado en los premios «Globe Soccer» celebrados en Dubái (Emiratos Árabes Unidos). Ha ganado el galardón al mejor equipo; Cristiano, mejor jugador; Florentino, mejor presidente; Ancelotti, mejor entrenador; y James, jugador revelación. Enhorabuena Real Madrid!!",0
2014-12-30T19:57:50Z,"Anyone know who the female is? All I heard was 
miss Ann lock budeh",0
2014-12-30T10:17:31Z,Her name on the presenter?,2
2014-12-30T07:34:50Z,hala madrid,0
2014-12-30T00:20:19Z,Hala madrid!,0
2014-12-29T23:09:59Z,Hala Madrid <3,1
2014-12-29T22:09:40Z,"Cristiano Ronaldo deserves every single bit of these individual awards,it must have been a pain for him watching Messi taking all these awards.Ronaldo deserves Ballon d'or in january too! He has been phenomenal this year!",6
2014-12-29T21:13:21Z,"This  Awards show is a joke almost all Awards went to Real Madrid. 
Because Real Madrid New sponsers  is dubai.  AND They will also build a New stadium fore Real Madrid stupid fuking sheikhs.",0
2014-12-29T19:16:39Z,ronaldo,2
2015-02-23T21:24:27Z,"Gros match de nos turchini ... On remonte à la 10ème place, Printant est dans la place !! Forza Bastia ;)",6
2015-02-23T09:43:58Z,"On se demande vraiment se que fait lille en ligue 1 avec une attaque pareil . Le losc n'est plus ce qu'il était il y a 2-3 ans . En même temps ils ne sont pas aidés : Seydoux vend tout les joueurs qui sont des éléments majeurs dans l'équipe , il y a aussi Girard qui comprend plus rien au foot , dès qu'il a une équipe qui produit du beau jeu , il change tout . Avant avec rudi Garcia , on s'en foutait de prendre deux ou trois but , le pincipale , c'était de gagner , avec Girard , des qu'on prend un but , c'est fini .
Vivement que tt ceux qui foutent la merde dans le club se casse en fin de saison . 
Gael , supporter lillois ",3
2015-07-22T05:07:03Z,"2:33 como se rie fernando hierro atrass, eso ya te dise todo que se tomaron como una burla, pobre cruz azul",11
2015-05-13T06:21:54Z,que les valga verga che gente hedionda si va ganando  etc déjenlo es magia no todos tienen esa técnica che gente entrometida metiche,0
2015-04-29T12:01:36Z,"Y cuantas cosas se dicen en TV que deberian rectificarse?
Principalmente en programas como este, de polemica de pasiones de futbol.
Todos sufrimos y gozamos el futbol de distinta forma.
Fox sports es una cadena MUCHISIMO mas enorme que el chiringuito
Asi que bajense de su nubesita españoles pendejos
Por que si a jueces nos vamos.
Entonces rectifiquen varias estupideces que han dicho
O que guti rectifique cansarse de fallar goles, PETARDO

﻿",0
2015-04-25T02:39:13Z,"Pero la realidad es que en verdad Cristiano Ronaldo si es un mono mamón de primera, lucido, engreído, farol, ridículo, sus mamadas cagan a todos... aunque aprecio al Real Madrid pero CR7 es egoísta y personalista siempre quiere llamar la atención del publico con sus jaladas",0
2015-04-24T23:32:58Z,Pues A Casillas le metio 5 holanda pffff,9
2015-04-24T17:03:57Z,en toda America este tipo solo lo conoce mexico y los mexicanos que viven en usa.,2
2015-04-23T08:33:19Z,"En este programa Defienden lo indefendible , 3-0 el partido estaba liquidado y el Cruz Azul daba pena , podían hacerle 10 goles mas si quisieran pero sobrar el partido así NO , burlándose del rival ... en una jugada que era innecesaria la rabona ,y encima le salio mal ,en un 0-0 no te la hace ...por distintos motivos, pero también por que le falta eesso para dejar de ser un payaso.",4
2015-04-16T06:07:05Z,"que ridiculos, payaso en mexico no es abslutamente un insulto.",8
2015-02-08T03:46:15Z,"Mientras los estúpidos jugadores de la banca aplauden la payasada de Cristiano Ronaldo, al DT Carlo Ancelotti no le hizo ninguna gracia, solo hay que ver la cara del señor. Ojalá algún día vea yo meterle un gol así al Barcelona, o con Portugal a Italia o Alemania, por lo pronto, con Corona se la pellizcó.",0
2015-01-29T20:11:39Z,"Raul orvañanos= Fanboy de messi así de simple, pinche comentarista mediocre, si la hubiera metido por envidia no grita el gool, con comentaristas de estos se pierde la emoción del fútbol  #halamadrid  ",0
2015-01-09T21:49:55Z,"Cr7 es el mejor futbolista del mundo, pero en ese momento fue un payaso xD!!! ",4
2015-01-03T13:37:33Z,ese raul es una mierda de periodista al igual q todo los del chiringuito de mamones,0
2015-01-02T08:33:29Z,"Todos los puntos de vista son validos, no es para tanto la discusion. Aunque hubiera sido un gran gol, todos los grandes jugadores se sueltan y  juegan muy sobrados cuando tienen ventaja, en este caso el 3-0 era una lapida para el cruz azul. Cuando en circunstancias contrarias se le critica a las figuras el pasar desapercibidos cuando se les necesita.",0
2015-01-01T15:21:07Z,"Soy mexicano y siempre he querido apoyar a los mexicanos, pero Raul Orvañanos y Jose Ramon Fernandez por dar otro ejemplo, son MUY malos periodistas, son MUY subjetivos y critican lo que no les gusta... Un ejemplo con el fútbol mexicano: Como Fox Sports es en parte dueño del León, cuando meten gol, parece que se esta orgasmeando de la felicidad. Con Jose Ramon Fernandez, no soy americainsta y por eso no me pega mucho, pero TODO son criticas al América ! Solo porque trabajo en Televisa y termino mal",0
2014-12-30T19:16:19Z,que pena me da  raul orvañanos... de verguenza sus narraciones... ,0
2014-12-29T10:20:49Z,"PARECE QUE NADIE HA JUGADO FÚTBOL, si alguien del equipo contrario te hace esto cuando estas en las mismas circunstancias de que te están dando un baile, CLARO QUE TE OFENDE, SIENTES UNA BURLA!!!
Ronaldo para MÍ es el mejor jugador del mundo en la actualidad pero estos detalles son las razones por la que mucha gente lo detesta, ahora, también decir que Orvañanos le gano el coraje, el enojo y tuvo una equivocación tremenda en usar esa palabra, Ninguno actuó bien, asi de simple. No hay porque insultar, si de verdad saben y aman el futbol, escriban bien, sean cualquier nacionalidad, el redactar con groserias no los va hacer mejores.",4
2014-12-29T00:42:40Z,pues si la verdad el cr7 se siente muy agrandado pero  aca en america tambien tenemos muy buenos jugadores,1
2014-12-27T16:41:53Z,"Me fastidia que hablen de ""Jugada Natural""... Esto no es gol y bueno, un gesto de calidad, si es gol, Premio Puskas, un ejemplo.
Real Madrid - Depor 09/10. El taconazo de Guti, la jugada natural es pegarle a porteria... Y el dio un taconazo, una asistencia de dioses, por que? porque termino en gol, si no hubiera sido gol hubiera sido tambien un gesto de agrandado?... Jajaja Son unos payasos, y este paripe solo es porque es Cristiano Ronaldo.",0
2014-12-26T23:02:06Z,Penaldo ,0
2014-12-26T06:26:17Z,"Lo que dice el señor Orvañanos es muy cierto, Cristiano es un agrandado, por qué nunca hace este tipo de jugaditas cuando el partido va 0-0? o cuando su equipo está perdiendo? pero no, solo las hace cuando el partido ya está terminado. Lo mismo hizo una vez cuando jugaba en con el United en un partido contra el Arsenal, se puso a hacer un montón de firuletes inservibles en el tiempo de descuento cuando ya el Arsenal tenia el partido perdido... lo bueno es que al final se llevó su tremenda patada por payaso.",1
2014-12-25T14:37:43Z,Hubo trampa el defensa de san lorenzo le grito cobraron posicion adelantada y cristiano lo cree y le da al arquero la pelota en la manito. Es como un tipo qe aprende a manejar auto y por poner en marcha el auto ya dicen qe es un formula 1 pero aun no sabe cambiar las marchas igual cr7 dio el primer paso nada mas entonces una payasada por ser quien es  si fuera puyol o macherano se le aplaudiria sin duda. Pero el balon de oro qedo ridiculo,0
2014-12-25T14:31:27Z,Zetete mira el gol de rabona vasquez y diriamos qe es un dios,0
2014-12-25T14:25:26Z,Zetete tu lo has dicho si la hubiera metido pero no la metio por eso es una payadada por intentar hacer cosas de talentosos y dio risa se la dio en la mano al arquero eso seria aplaudido a un canterano de 18 años por su atrevimiento pero a un balon de oro como el eso es una lagrima una burla un cague de risa una payasada. Y no me parece falta de respeto porqe esto es futbol pero si da mucha risa  si te parece un crack por ese intento de crack mira ek gol de rabona vasquez y entonces diriamos qe este vasquez es un dios?  Me parece qe un defensa de san lorenzo le grito cobraron posicion adelantada y ronaldo cayo en la trampa y le dio en la mano al arquero. ,0
2014-12-24T16:43:33Z,"pero porque guti y tomas roncero estaban casi llorando porque le dicen payaso a cristiano,no le veo la gran cosa, quizas en españa la palabra payaso es mas ofensiva pero no creo que raul orvañanos  le dijo payaso solo para que los españoles lo escucharan ",0
2014-12-21T22:16:12Z,"LOL los señores porque no se ponen hablar de fútbol, que creo que para eso les pagan, y después de tanta basura que hablaron, la verdad que se hace justo que un portero gane el balón de oro, ya que si es por goles para eso es la bota de oro y pienso igual cuando a Messi le dieron el balón de oro, era para Iniesta o Casillas",0
2014-12-21T02:41:45Z,disculpen y este anciano quien es? imagino que probablemente se muere de salir del closet y bueno canaliza esa mal vibra soltando su veneno sobre los demas..Grande CR7!!!,5
2014-12-20T07:43:39Z,"Jajaja Madrilistas resintifos vamos que quedo perfecto obviamente iba a decir ""Messi"" en las votaciones pero joo cuidado que la perrita de guti muerde con la mirada AJAJJA pobres idiotas como es que a tal situación de ese MIÉRDA de cristiana penaldo vamos hasta mi abuela humilla a equipos mexicanos pero eso que hizo fue una PUTADA en todo el sentido de la palabra, por eso no volverá a ver un puto balón de oro en su puta vida mientras Messi siga vivo",0
2014-12-19T20:04:56Z,"Es una jugada muy linda,ojalá la logre concretar pero en una final partido de champions y que su equipo vaya perdiendo,a esa ética se refiere orvañanos,que es un enorme jugador,pasarán muchos años décadas quizás... Para que aparezca un nuevo cristiano Ronaldo,pero desafortunadamente es el único detallito que tiene,que. Aprovecha estas situaciones donde esta todo definido para hacer una de más,Ronaldinho te la podía hacer en el minuto 1 o en el 90,siempre favoreciendo a su equipo,Ronaldo sólo busca lo que le favorece a él,pero sin duda es el mejor jugador en el mundo hoy en dia",1
2014-12-19T06:09:09Z,Estaba perdiendo México... lo que estába este Orvañamos es picado! Sufrido! Así son los periodistas de ESPN y FOX mexicanos!,2
2014-12-19T00:46:16Z,"el fútbol segun Raul... : vamos a prohibir los taconazos, las rabonas, las chilenas, los sombreros, los tuneles, y de paso vamos a prohibir tambien cualquier regate, es ofensivo para el rival claro... q coño, no deberian ni celebrar los goles, q es q es muy ofensivo para el rival y podrian llorar.... En fin, lo único q queda claro es q el único payaso aquí es el periodista este, q retrasado jajajajaja",0
2014-12-18T23:31:47Z,"No estoy a lado de ninguno, y estos Españolcitos dejen de ver un video donde nadie los llama y fin de la historia y no se hace tan famoso lo que dijo orvañanos ",0
2014-12-18T19:14:32Z,Muy mal Raúl dejándose amilanar por los buitres ,14
2014-12-18T18:06:44Z,Jajajaja mucho drama por algo tan banal! ,1
2014-12-18T14:02:06Z,"Lo que pasa es que ""Payaso"" en España es igual a idiota en México, es por eso que se molestaron.",3
2014-12-18T10:46:25Z,"Jajaja el momento más ""trascendente"" en la carrera de Orvañanos y fue, como era de esperarse, por una idiotez. Es que en España no saben que la frase típica de este señor es: ""Uy si la mete es gol""...para que vean qué clase de ""narrador"" es. En fin. ",2
2014-12-18T08:00:24Z,"alguien puede decir que significa ""payaso"" en España? Y no me vengan con que en todos los paises del mundo es algo muy ofensivo xque aca en Mexico se me ocurren al menos 10 palabras peores que esta!! En cuanto a Cr7 bien x el un deleite verlo jugar!!",0
2014-12-18T06:56:33Z,mejicano payasson jajajaj,0
2014-12-18T06:47:21Z,yo nunca he visto a cristiano hacer esto contra el barcelona perdiendo 2-0 si tiene algo de agrandado pero por otra parte tambien es un lujo y un recurso,1
2014-12-18T06:15:51Z,pero joder!!.. esos eshpañolitos se habeis alterado por escuchar la palabra 'payaso' ... pero coño! quien los hace reir en las fiestas infantiles entonces!???... joder!!..,0
2014-12-18T04:52:33Z,"Apoyan  Neuer porque ya dan por descontado que messi no tiene oportunidad, esos culerdos no soportan a Cristiano y menos que sea mejor del enano, sigan apoyando a Neuer jajajajajajaja",3
2014-12-18T03:31:00Z,"Se le salió lo mexicano, digo lo vulgar",1
2014-12-18T03:24:18Z,Los mexicanos son todos unos cagones y PAYASOS !,3
2014-12-18T00:22:57Z,"Ni la mama lo defiende tanto a putaldo como estos periodistas, un asco fanatismo antiprofesional  ",1
2014-12-17T23:17:35Z,"En México payaso no tiene el mismo peso que en España, allá si es algo muy ofensivo. Eso se tiene que aclarar en México payaso = agrandado.",0
2014-12-17T22:57:01Z,Orvañanos es un estúpido,0
2014-12-17T22:47:51Z,"En el futbol, entre los jugadores, hay códigos de honor no escritos, y uno de estos códigos dice que si haces una jugada de estas: una rabona,  ponerte a dominar el balón con la cabeza, etc..., mereces que te muelan a patadas, mucho peor si estás siendo superior al rival. Si vas a intentar una jugada de estas, que sea producto de una jugada individual tuya y no del colectivo, porque si no , le faltas al respeto a tus compañeros que hicieron el esfuerzo de correr y llevarte el balón, ¿qué pensarán ellos cuando hechas a la basura su esfuerzo por una consecución personal? Al rival se le respeta con goles y se le ofende con jugadas ornamentadas. Yo recuerdo que en la final de la Champions, cuando el Madrid estaba ganando, Cristiano intentó una jugada de lujo y de inmediato fue encarado por algunos jugadores del Atlético. El agrandamiento no es tolerable en el futbol profesional cuando se juegan tantas cosas.",10
2014-12-17T20:35:27Z,¿Qué significa payaso en España? ,0
2014-12-17T20:09:35Z,tanta cosa por esa jugada a mi modo de ver es un recurso si le da con la otra pierna la bloquea el defensa,4
2014-12-17T19:32:38Z,"Como siempre los señoritos españolitos sintiendose ofendidos cuando alguien les dice algo ""ofensivo"", jajaja pero cuando a Chicharito en sus narraciones de parodia le narran con acento de retrasados, burlandose de sus movimientos y sus tiros a gol... ahi NADIE dice nada. Y a Orvañanos LE FALTO complementar diciendo que Cristiana aparte de ser payaso es pedante, ofensivo (acuerdense del ""me han dado un equipo de mierda"") y egocentrico..  Orvañanos no debio retractarse debio complementar el comentario, pero bueno, es TV y se tuvo que echar para atras para no quedar mal ante los madridistas",0
2014-12-17T19:23:19Z,Raul tuvo los pantalones suficientes para decir lo que es Cristiano solo se luce contra equipos pequeños y no contra los grandes,1
2014-12-17T19:16:27Z,"Asi es de ardilla Orvañaos en las narraciones de la Copa Libertadores se pone igual de lloron cuando son ""situaciones"" en cnotra de los equipos mexicanos.",0
2014-12-17T19:15:34Z,Lo digo por todos los jugadores; si hacen lujos en un partido cerrado MALO si hacen lujos con un 4 a 0 MALO.... Y entonces cuando disfrutamos del fut??,0
2014-12-17T19:08:15Z,Que drama hacen los fans de Cristiano.,11
2014-12-17T17:36:37Z,"Demasiada importacia para el estupido de Orvañanos y el que no lo conozca, en Mexico ess reconocido por ser el peor narrador del pais ademas de ser cule reconocido, siempre que puede aunque no juegue el Madrid le tira mierda a Ronaldo y a Mourinho.",0
2014-12-17T15:56:09Z,"la cara de todo el mundo con este tipo queriendo justificar la mierda que hizo, la mujer no se que es lo dice pero se nota que son mesistas, calidad hay para hacer eso y mas o acaso no dan un premio al mejor gol del año jjj, guti lo mira con desprecio jjjj",0
2014-12-17T12:55:22Z,Anda a tu casa,1
2014-12-17T12:40:03Z,"Ese no es nada, Niembro odio a cristiano",0
2014-12-17T12:07:40Z,Ajaja la verdad me alegro que los Cules apoyen a Neuer xDD,0
2014-12-17T07:29:38Z,"Menudo retrasado, ya se le ve q no le gusta cristiano, normal q lo ponga a parir. Luego ibra hace una chilena desde el medio del campo y no es un payaso, es el mejor gol de la ultima decada. Menuda logica",0
2014-12-17T06:57:01Z,Pedrerol habla direto y sencillo .....decir que este tio es un periodista muy conocido y respetado en el mundo?..Qual mundo?..no seas hipocrita tu tambien pedrerol,0
2014-12-17T06:39:41Z,Trabaja como se deve...idiota,0
2014-12-17T06:36:54Z,"Cristiano ronaldo hizo una payasada. Raúl se equivocó en el comentario; pero el reacciono por el coraje q el sintió cuando vio la jugada de Penaldo. Pero cuando el barcelona hace una celebración ellos <el Chiringuito> se burlan... Si no me creen, sigan en Twitter al estupido de Tomas Roncero, y verán que no me equivoco.... ",1
2014-12-17T06:32:59Z,Un hombre que es hombre lo llama payaso al otro en la cara..por eso tu periodista de mierda no eres nada...callate y quedate en tu mundo ..la envidia duele..lo se,6
2014-12-17T06:15:58Z,Lo que son las cadenas ESPN Y Fox Sports en latino america siempre toda la vida se la han tenido a Cristiano. Siempre menospreciandolo y metiendose con cosas tan tontas como su corte de cabello.,30
2014-12-17T06:14:25Z,"Claro ejemplo de lo que siempre he venido diciendo, no puede CR7 tirarse un pedo por que para pronto se vuelve polemica e.e es que es enserio? veo la jugada y digo: que tiene eso de malo?... Señores esto es futbol! Se vale lucirse! Por que no!?... Yo soy aficionado del Madrid, pero encima del Madrid esta mi Cruz Azul, si, yo que soy celeste no me he sentido para nada ofendido no se de que coño hablan cuando dicen que eso que hizo cristiano es burlarse del rival, se equivocan eso es darse el gusto y querer hacer del futbol algo mas bonito... o bueno es querer como dicen, ser el centro de atencion, pero vuelvo a preguntar: que tiene eso de malo?
ah pero lo hace Messi seguro se ponen de pie y lo aplauden...o me equivoco? ;)",22
2014-12-17T02:44:43Z,"Pero si la hubiera metido le estarian chupando las bolas.

Raul odia a CR7 por eso dice eso, y vota por Neuer, no es la primera vez que deja ver sus preferencias.",80
2014-12-17T02:12:21Z,Menuda exageración,1
2014-12-17T02:05:47Z,Sorajales en su cara que Messi es el numero uno  para que se cagen los hijos de perra ..!!!   ,0
2014-12-17T01:57:08Z,Raul sabeeee :D,3
