publish_date,title,view_count
2015-02-26T17:07:04Z,Il portiere Berardi è pronto all&#39;esordio con la maglia del Messina,270
2015-04-13T13:00:00Z,Atalanta 2-1 Sassuolo - Highlights - Giornata 30 - Serie A TIM 2014/15,22304
2015-01-10T19:11:21Z,Grassadonia fa il punto dopo l&#39;arrivo di Berardi al giro di boa del torneo,134
2014-11-03T16:07:41Z,Top 5 Under 21 - Il gol più bello delle qualificazioni ad Euro 2015,1828
2015-06-08T08:53:27Z,Sassuolo-Empoli 3-1 Highlights,4023
2015-03-23T07:50:36Z,Top 5 - Gli Azzurri più sostituiti,4213
2014-11-01T13:41:02Z,Nicolas Andrade - &quot;The Brazilian Stuntman&quot; (VIRTUS LANCIANO) 2014/2015,1095
2015-03-01T17:12:16Z,SASSUOLO-LAZIO 0-3 - Radiocronaca di Riccardo Cucchi (1/3/2015) da Radiouno RAI,3808
2015-01-12T16:32:49Z,Juventus F.C. Campione D&#39;Inverno 2015 Best Moments,7873
2015-02-27T15:31:45Z,Davide Biondini in vista di Sassuolo-Lazio 27/02/15,412
2014-10-18T16:53:17Z,premiazione serie b 2013 Us Sassuolo Calcio,283
2015-01-23T13:56:50Z,BRA Vs ASTI. 2-2,797
2014-10-17T15:50:56Z,Mister Di Francesco prima di Sassuolo-Juventus 17/10/2014,490
2015-07-14T17:06:12Z,Ritiro Malles 2015 - Intervista a capitan Magnanelli 14/07/15,555
2014-11-19T14:45:53Z,Simone Missiroli in vista di Torino-Sassuolo 19/11/14,431
2015-01-16T16:05:37Z,Alessandro Longhi in vista di Genoa-Sassuolo 16/01/15,569
2015-04-17T09:27:46Z,Una domanda sulla Hall of Fame 2013 - Quiz #83,440
2015-02-07T20:23:27Z,BONUCCI GOL [JUVENTUS 2-1 MILAN] 7-2-15,127
2015-03-05T16:09:01Z,La presentazione di Cesare Natali 05/03/15,1051
2015-07-11T17:32:36Z,Beauty Football ☼ SIMONE ZAZA ☼ Welcome To Juventus ☼ Goals Skills Assists ☼ 2014-2015,687
2014-08-24T22:09:26Z,24 agosto 2014 - Evangelos Moras,4527
2015-03-08T14:19:45Z,Mister Di Francesco prima di Juventus-Sassuolo 08/03/15,477
2015-04-17T13:30:57Z,Federico Peluso in vista di Sassuolo-Torino 17/04/15,219
2014-12-30T07:54:43Z,2014: un anno Azzurro (prima parte),1709
2014-08-04T09:38:15Z,"Di Francesco, Missiroli e Biondini dopo il Carpi 02/08/14",462
2015-01-05T13:42:25Z,Mister Di Francesco prima di Milan-Sassuolo 05/01/15,328
2014-12-02T13:20:44Z,Andrea Belotti - Generazione Azzurra,8230
2014-08-27T15:37:24Z,Magnanelli a pochi giorni da Sassuolo-Cagliari 27/08/14,377
2014-10-10T11:44:23Z,Italia e Under 21: le probabili formazioni delle gare di oggi,233
2014-11-01T14:20:15Z,Mister Di Francesco prima di Chievo-Sassuolo 01/11/14,313
2014-11-17T15:00:03Z,"Juve, Marotta: &#39;Totti è un grande, ma le sue esternazioni...&#39;",300
2014-12-17T16:20:09Z,Federico Peluso in vista di Sassuolo-Cesena 17/12/14,284
2015-05-05T07:56:13Z,Paolo Cannavaro: &quot;Spero che il Napoli vinca la coppa come anni fa&quot;,3761
2015-04-12T17:26:17Z,ATALANTA-SASSUOLO 2-1 - Radiocronaca di Antonello Brughini (12/4/2015) da Radiouno RAI,1283
2015-01-07T08:51:07Z,Eusebio Di Francesco: &quot;La vittoria? Me l&#39;aspettavo!&quot;,484
2014-11-14T18:23:09Z,«Fuori campo. Conosci la Bari» #3: Marco Calderoni,4435
2015-02-01T15:26:52Z,Mauro Icardi throws his shirt to Inter fans; They throw it back &amp; exchange insults 2015 HD,38
2015-06-06T23:56:57Z,scuola calcio ATLETICO VESCOVIO,582
2015-02-10T13:30:13Z,Piero Lenti,1751
2014-08-07T10:29:57Z,Speciale San Marino RTV: Murata - Apoel,448
2014-09-13T18:26:59Z,TG LAZIONEWS.EU- Edizione del 13 settembre 2014,41
2015-02-01T20:09:11Z,INTERVISTA MISTER CARANNANTE SIBILLA 01.02.2015,51
2014-09-27T13:08:54Z,Mister Di Francesco prima di Sassuolo-Napoli 27/09/14,429
2014-11-15T17:07:11Z,Francesco Acerbi sulla convocazione in Nazionale 15/11/14,1331
2015-02-22T13:29:01Z,Mister Di Francesco prima di Napoli-Sassuolo 22/02/15,341
2015-07-14T19:56:31Z,Vincenzo Guerini: &quot;Walace per dare fisicità al centrocampo&quot;,401
2015-04-03T14:37:35Z,Mister Di Francesco prima di Sassuolo-Chievo 03/04/15,216
2014-11-13T11:00:57Z,Verratti Lascia L&#39;Italia Immagini+Voce 13.11.2014,18
2014-12-24T17:29:59Z,"Camisa, Marino e Cocco dopo Vicenza-Livorno 0-0",528
2015-06-19T07:24:15Z,Italia vs Svezia 1-2 | Europei Under 21 | Guidetti nuovo talento | REVIEW,4594
