publish_date,title,view_count
2015-05-20T18:17:13Z,Neeskens Kebano best of 2014-2015 Sporting Charleroi,6650
2015-07-15T19:49:53Z,Neeskens Kebano : buts de la saison 2014-2015 au Sporting Charleroi,4320
2014-10-30T00:09:15Z,Coup franc superbe de Neeskens Kebano (Charleroi) - Jupiler League,10458
2014-12-18T00:07:08Z,Neeskens Kebano à chaud,872
2015-05-12T15:39:05Z,Neeskens Kebano saute avec vous!,3817
2014-11-22T11:49:19Z,Neeskens Kebano avant RCSC - RSCA,1406
2015-02-28T21:54:55Z,Neeskens Kebano après R.Charleroi S.C - KSC Lokeren,1183
2015-02-13T17:12:51Z,Neeskens Kebano est de retour,1775
2015-01-22T15:06:57Z,CAN 2015 : Aziz Makukula puise dans son expérience pour récupérer  Neeskens Kebano,8881
2015-03-16T12:49:22Z,Neeskens Kebano après R.Charleroi S.C - Royal Mouscron-Péruwelz,1628
2014-12-17T11:53:32Z,Felice Mazzu &amp; Neeskens Kebano,979
2015-04-24T13:02:26Z,Neeskens Kebano Avant R.Charleroi S.C - Standard #Po1,1475
2014-10-15T19:11:50Z,Côte d&#39;Ivoire vs RD Congo (3-4) | Qualifications CAN 2015,652095
2015-04-02T12:18:29Z,PO1 : Dieumerci et Neeskens de retour de Dubaï,1682
2014-11-22T22:07:09Z,"Neeskens, Cedric et Felice Mazzu après RCSC - RSCA",1994
2015-05-22T13:36:50Z,Kebano saute avec nous,100
2014-09-28T09:35:31Z,Genk 1 - 1 Charleroi [27.09.2014 Highligts],2556
2015-02-25T18:11:15Z,Nos zebrès en Play - off 1 on y croit !,2174
2015-05-09T12:32:59Z,Christophe Steevens et Neeskens après K.A.A Gent - R.Charleroi S.C,1254
2014-10-25T21:51:10Z,Charleroi 2 - 0 Oostende [25.10.2014 Highlights],4225
2014-10-30T00:07:11Z,Lokeren 5 - 2 Charleroi [29.10.2014 Highlights],977
2015-04-20T10:00:48Z,2015-04-11 Sporting Charleroi - KAA Gent 2 - 1 #chagnt (nl),10433
2014-12-20T23:17:09Z,(Charleroi 6 - Lierse SK 0) Doelman Lierse blundert 21/12/2014,19618
2014-11-23T12:25:59Z,RCSC 3 - 1 RSCA (22-11-2014),703
2015-02-16T16:16:19Z,Proximus saute avec nous !,902
2014-11-09T02:46:46Z,Mouscron-Peruwelz 0 - 2 Charleroi [8.11.2014 Highlights],1265
2015-03-20T10:43:59Z,"Les Zèbres en Play Off 1, vous y avez cru, ON Y EST",8268
2014-12-02T14:40:50Z,Botaka skills edited,324
2015-06-10T05:52:55Z,Stergos Marinos Goal - Charleroi-Malines (2-0) 31/05/2015,3629
2014-10-29T00:45:51Z,Le but polémique de Hervé Kage (Genk) - Jupiler League,56271
2014-08-16T22:20:06Z,Charleroi 2 - 2 Waasland-Beveren [16.8.2014 Highlights],1449
2014-12-23T15:20:16Z,Doublet de Mbokani pour son retour après Blessure,2593
2015-05-03T17:24:07Z,"Jordan Botaka - Excelsior - Skills, Goals, Assists - 2014/2015",4553
2015-01-25T13:34:55Z,Cordoba vs Real Madrid 2015 1 0 Nabil Ghilas Goal Liga BBVA   Real Madrid vs Cordoba 2015,43
2014-10-29T23:45:12Z,Cercle Brugge 0 - 1 Standard Liege [29.10.2014 Highlights],1017
2015-01-23T23:13:17Z,Genk 2 - 0 Mouscron-Peruwelz [23.01.2015 Highlights],739
2015-01-21T16:09:45Z,Amino Load - Recovery After Game - Sebastien Dewaest,2160
2015-02-12T11:19:38Z,Royal Mouscron-Péruwelz homeless team,872
2014-10-26T18:57:12Z,Club Brugge 2 - 2 Gent [26.10.2014 Highlights],1537
2015-06-01T09:44:46Z,barrage retour charleroi - FC Malines 2-0 fin du match Charleroi en Europa League,1458
2014-08-06T21:16:59Z,Résumé du match Charleroi-UNFP du 06 Août 2014,3541
2015-05-15T21:43:37Z,TOURNOI U8 RCSC CHARLEROI A TAMINES  (1ERE PARTIE),3057
2014-11-13T10:45:52Z,27   Clarck Nsikulu,848
2015-02-16T12:46:17Z,2015-02-15 Sporting Charleroi - La Gantoise 0 - 0 #chagnt (fr),1095
2015-01-12T10:50:12Z,Belgium Football Team - Royal Charleroi Sporting / l&#39;équipe belge de football,425
2015-04-07T18:04:42Z,Interview de Maxime &amp; Morgane Aelen après Hasselt Cup 2015,1798
2015-03-06T17:46:10Z,Paul-Josè M&#39;Poku || Welcome to PANATHINAIKOS|| Skills &amp; Goals 2014-15 || [HD],18446
2015-06-01T09:34:32Z,barrage retour charleroi - FC Malines 2-0 Waar is da feestje? Hier is da feestje!,510
2014-12-21T12:05:13Z,"Waasland Beveren - RSC Anderlecht, 20/12/2014",106
2014-11-05T14:35:25Z,PSG U19 6-0 Apoel U19 (Onze Depart PSG) UEFA Youth League 2014/2015,560
