published-time,comment,likes
2015-06-17T09:10:08Z,"Kebano,bolasie,batoka,le trio Africain qui ferra rage a partir de l'année prochaine.On ne parlera que d'eux dans le football Africain et dans 2 ans dans le foot mondial.",0
2014-10-31T11:51:08Z,RCSC <3,0
2014-12-20T11:48:28Z,allez les zebres !!!!!!!!!!!! :-D,0
2015-02-08T21:36:16Z,merci aziz,0
2015-01-11T04:09:33Z,go congo i love you,8
2015-01-09T23:59:18Z,Congoo❤❤,15
2014-11-19T22:33:19Z,Go my national team... DR Congo... ,16
2014-11-19T07:44:17Z,"Mon equipe LA rdc , pssshhhh on a besoin d'un guardian de but... Je ne sais  pas... On vas pas gagner tout un tournoi en encaissant 3 goals.... CA C NE PAS BON EN RIEN....",1
2014-11-17T04:22:48Z,Les Eléphants ont déçu leurs supporters. Pas moi,0
2014-11-05T17:01:04Z,Lolol l'Africain peut pas changer o von vous bat chez vous apres vous nous battez chez nous et de la meme maniere quoi encore ,1
2014-10-31T12:25:38Z,"Congo-Kinshasa is getting there for the gold, C'mon RDC!! So proud of you guys, keep it up! Ingeta!! ",14
2014-10-23T09:50:21Z,Instant classic.  we'll be talking about this match for years to come.,10
2014-10-22T23:07:21Z,Congo Kinshasa nde ,6
2014-10-22T08:58:27Z,viveeeeee la rdc et fier d etre congolain,3
2014-10-22T00:28:44Z,"Jubilation!!! C'était encore plus jouissif de vivre ça en live, les léopards m'ont fait un grand plaisir. Nakosenga na Ibenge, le staff et tous les joueurs de continuer sur cette voie. Un bon résultats vs Cameroun et une victoire vs Sierra Leone nous serons à la prochaine CAN. RDC Eloko ya makasi!!!! ",4
2014-10-21T21:57:41Z,mulunge,1
2014-10-18T22:38:16Z,"L'elephant ne peut pas courir, Le Leopard est trop vite. 4 baisers a Abidjan. RDC toujours super.... affaire a suivre dans suite et fin",2
2014-10-18T19:26:37Z,bravo à mon équipe chérie la RDC je t'aime,2
2014-10-18T15:31:50Z,"Je le savais, la RDC est supérieure à la côte d'ivoire. Tozali danze. ",0
2014-10-18T10:50:41Z,"Yannick Bolasie, l'homme du match!",6
2014-10-17T12:26:59Z,we made it! et nous sommes vraiment fier de porter la couleur jeaune et bleu vivaaa vivaaa leopardooo,0
2014-10-17T07:21:05Z,BOKILA COME BACK TO PETROLUL PLOIESTI!!!!!!,0
2014-10-17T06:44:07Z,Donc la RDC bat la cote d'ivoire incroyable... OK donc c'est le Cameroun que vous voulez battre a Abidjan hein... OK nous on arrive a Abidjan... C'est ce qu'on va voir aussi noon??,0
2014-10-16T18:53:32Z,"rdc eloko ya makasi. Beaucoup ignore que la rd congo est le premier pays
noir africain a jouer la coupe du monde.",27
2014-10-16T18:49:39Z,"la FIF a porte des reserves a la CAF contre le RDC CONGO pour  audacite et himuliation a domicile, course illegale de l'attaquant Congolais allant a plus de 60 km hr se moquant ainsi des defenseurs, (1er but) jeu dangereux ciseau insecuritaire pour les oiseaux  (2eme but). la CAF a decide d'etudier  le cas, et rendra son verdict la semaine prochaine.
aussi les pharmacies ont fait de bonne affaires hier en cote d'ivoire surtout a Abidjan ou l'on ne trouvait plus les pillules contre les crise cardiaques. sur le marche. facon vent  a soufflé  au stade la on dirait tsunami!!",33
2014-10-16T17:27:00Z,"superbe partie livrée par le Congo, bravo.",1
2014-10-16T16:12:40Z,Merde les zaïrois les ont coupe et les ivoiriens ont décalé..........GRRRRRRRRRR LES CROS DU LEOPARD,4
2014-10-16T14:13:44Z,"SO Proud to be Congolese.... Mulungeeeeeeeee..... la cote d'ivoire a eu chaud.... Mulungeeeeeeee... after Yaya toure, who's the next?",12
2014-10-16T13:10:46Z,"quelle plaisir d'etre congolais , on est des léopars et vive la R.D.Congo .",77
2014-10-16T11:17:01Z,"ARRAFAT  merci moi je te soutient  faut bien les insultes encore ce bande de vaurient la il n on pas de coeurs ces lache la , on est fatiguee maitenant on veu plus de professionnel  on va prendre les joueur de sewe sport c mieux",0
2014-10-16T08:51:33Z,Bravo la RDC,3
2014-10-16T08:46:21Z,"Dieu a fait justice car au match aller la cote d'ivoire avait beneficié l'aide del'arbitre
 ",5
2014-10-16T08:38:02Z,Fuck u and fuck that ampit called Algeria,0
2014-10-16T08:11:37Z,Les Congolais font la fete en Cote d ivoire. Ces joueurs la doivent etre meilleurs danceurs au monde!,2
2014-10-16T08:01:40Z,léopards plus rapide et plus fort!!! FORZA RDC,2
2014-10-16T07:20:53Z,What a match!,5
2014-10-16T07:07:01Z,ils  l'ont eu en  plein foueee,0
2014-10-16T05:49:43Z,"Mais si vraiment la RDC veut bien se defendre dans cette CAN, il faudra chercher un autre gardien de buts, Pas KIDIABA vraiment, ce conard c'est une honte pour nous... Mais une tres belle victoire et tres bien meritee!!!",2
2014-10-16T04:21:59Z,"la faute au lattéro!!! complétement a coté du match! contrairement a ce qu'on dis, c le poste le plus important avec le 6. l'attaque a fais le job mais la defense!!! lol",2
2014-10-16T03:03:35Z,"Je l'ai dit et je le redis: meme avec Jesus Christ a la tete de notre equipe, les Elephants vont toujours decevoir. Cette generation n'a jamais mouille le maillot et elle n'est pas prete a le faire. Cote d'Ivoire yako!",1
2014-10-16T01:52:28Z,I love u Congo!!!!,2
2014-10-15T23:37:07Z,"ces jeunes son formidable. Chaque fois l'équipe national de la RDC se rajeunie, ils montre du pepse dans le jeu et de l'envie de jouer (CAN 1998, CHAN 2009). Reste a nos dirigent de la fédération de foot congolaise de encourager ces jeunes. ",9
2014-10-15T23:30:23Z,Yannick Bolasie mon héros!!!!,2
2014-10-15T23:08:45Z,C bon bravo bana ya RDC,2
2014-10-15T23:01:00Z,what a gameee!!!!!!!!,4
2014-10-15T21:28:34Z,Come onnnn!! get in,0
2014-10-15T21:17:31Z,RDC toujours grand et simplement grand,33
2014-10-15T19:52:56Z,côte d'ivoire yako,0
2014-12-23T17:02:23Z,Hé Conchita,1
2015-04-04T18:02:22Z,tres belle vidéo,0
2015-03-20T12:30:22Z,génial :),0
2015-03-20T12:04:48Z,MAGNIFIQUE  !!! :),0
2014-11-04T19:07:46Z,hä,0
2014-11-01T17:23:42Z,"al se raduje kao majmun, a znao je da nije gol",2
2014-10-29T15:34:30Z,Die scheidsrechter mag nooit meer een wedstrijd fluiten nog niet de pupillen,2
2015-05-12T19:47:44Z,Great Video man!,0
2014-10-27T18:52:05Z,Gent had moeten winnen,0
2015-01-26T13:59:22Z,Le numéro 8 des rouge a l'air chaud,0
2014-08-06T23:34:43Z,On auras la liste des joueurs qui ont trouvé un club et le nom des clubs ?,0
2015-07-12T15:30:46Z,M'Poku il mio nuovo idolo ,3
2015-06-30T20:03:45Z,"Dicono che le parti sono vicine secondo te arriverà al Genoa o no , poi ti chiami mboselli in onore del mitico Mauro Boselli che segnò il 2 1 per il Genoa nel derby della lanterna?",1
2015-06-08T01:04:47Z,nice edit man!,3
2015-03-18T20:11:34Z,"subbed, subback?",1
2015-03-09T20:23:00Z,"Nice edit bro,great work on that video :)",1
2015-03-06T22:51:37Z,amazing video bro! great work :D,0
2015-03-06T20:16:39Z,"Nice , Good Edit bro!!",0
2015-03-06T19:53:43Z,Great edit :),0
2015-03-06T19:07:29Z,Nice bro! :),0
2015-03-06T18:05:16Z,Hanno sostituito bene Ibarbo! :),1
