publish_date,title,view_count
2015-04-13T07:00:34Z,Altınordu:3 - Elazığspor:0,671
2014-10-05T19:24:36Z,PTT 1.Lig 5.Hafta Gaziantep B.Ş.Bld Spor - Elazığspor Özet iZLE,442
2015-04-14T08:51:55Z,Une finale pour les familles - Finale Coupe de la Ligue 2015,1223
2014-10-01T10:54:23Z,best of aboubacar kamara,7937
2014-08-24T13:12:29Z,Marko Radovanovic,593
2015-04-25T22:00:00Z,Châteauroux - AJ Auxerre (2-1)  - Résumé - (LBC - AJA) / 2014-15,3986
2015-04-13T00:35:39Z,SR Colmar 2 -  AJ Auxerre 2 : 11 avril 2015,1266
2015-05-30T01:25:03Z,LFP World Challenge | Adelaide United 2 V 3 Villarreal | Highlights,93
2014-12-21T14:45:27Z,Elazığspor 1-0 Boluspor GOL: Mehmet Çakır,413
2014-10-02T07:16:07Z,Strahil Popov 1,1214
2015-01-26T12:57:50Z,Prediction Barcelona VS Villareal LFP HD | 02 February 2015,284
2014-09-26T18:34:12Z,&quot;Александрия&quot; - &quot;Заря&quot; 1/8 КУ 2014/15 [Разбор матча],625
2014-09-17T15:54:31Z,Football / Romeyer veut une compensation en droits TV pour les clubs européens - 17/09,208
2014-10-18T16:59:39Z,Conférence de presse Châteauroux - FC Sochaux-Montbéliard (1-4) - 2014/2015,464
2015-02-12T13:47:28Z,Prediction Real Madrid VS Deportivo la Coruna LFP HD | Sunday 15 February 2015,267
