published-time,comment,likes
2015-02-23T23:10:37Z,"Normalement en plus on doit gagner le prochain match a Auxerre qui sont pas très bon à domicile, je crois 15éme,mais sans Camara, mais avec Kodja. On peut clairement prendre 3 point",2
2015-02-23T20:26:58Z,Allez Angers je vous en supplie rejoignez la ligue 1 !!! :) Bravo le SCO ,2
2015-02-22T16:21:36Z,ALLEZ LE SCOO ! Le podium n est pas loin !,10
2015-02-22T10:51:57Z,y'avait pas péno et le sco a mal joué.ils n'ont rien a faire en ligue1,3
2015-04-14T20:07:57Z,Regarder l'intro elle n'est pas vraiment a jour,1
2015-04-14T14:33:14Z,moulin a raison 1point c est suffisant mais y a pas intérêt à ce qu ils se plantent face à dijon sinon la ligue 1 ça va être dur . Vive Auriac (dans fifa 10 tu as joué la final de la coupe des champions titulaire et j ai gagné ^^). Je pensais que porter mon maillot suffirait à leur donner la force de gagner.,0
2015-04-14T10:07:52Z,#Ligue2 - J31 - Revivez les meilleurs moments de Angers SCO - Valenciennes FC (0-0) en vidéo !,1
2015-02-24T13:27:38Z,Abonne vous a moi. SVP,0
2015-02-22T10:51:56Z,But de l'uso magnifique ;),0
2015-02-22T10:41:48Z,Et gragnic?,0
2015-01-20T06:20:43Z,le numéro 1 c'est Hadji hier du cou ;),0
2015-01-18T15:20:22Z,pas terrible ce top but ..,0
2015-01-18T14:12:32Z,oui le but de viale X'D,1
2015-01-18T11:10:57Z,Et le but de Viale ?! :-),2
2014-09-01T20:32:54Z,allez l'estac !!!,0
2014-09-01T09:06:19Z,On a plus Delort et c'est la beresina...,0
2014-09-01T08:08:53Z,Arbitre de merde,0
2014-08-31T16:55:55Z,bien le sco !!,1
2014-08-31T12:57:10Z,Allez le SCOOOOOO,0
2014-08-31T09:56:31Z,Pas Boukal Boufal mais c'est pas grave. Aller le SCO!!!!  ,4
2014-08-31T09:55:10Z,Sco allez le sco,2
2014-08-31T09:40:22Z,C'est BouFal pas BouKal,4
2014-08-31T08:43:00Z,Allez le SCO la montée ,4
2014-08-30T22:55:55Z,Le gardien du TFC est vraiment mauvais...,1
2015-01-21T16:50:37Z,#Ligue2 - Classement des passeurs - Angers SCO a remporté son 2e match de Ligue 2 en 2015 en réalisant trois nouvelles passes décisives pour bondir de la 15e à la 3e place du classement des passes décisives par club après 20 journées - http://minilien.fr/a0nwd7,3
2015-01-19T10:00:16Z,#Ligue2 - J20 - Retrouvez les résumés des matchs de vendredi et samedi sur la chaîne officielle Youtube !,3
2015-01-15T19:11:28Z,je pourrais  avoir les stats du match svp (tirs et possessions de sdeux côtés) merci d'avance,0
2015-01-13T16:11:40Z,"#Ligue2 - Classement des buteurs - Grâce à un triplé contre l’ASNL, Jonathan Kodjia (Angers SCO) retrouve une place sur le podium du classement officiel des buteurs de Ligue 2 après la 19e journée - http://minilien.fr/a0nf1g",8
2015-01-12T18:04:19Z,Quelle beau but du jeune lusamba 18ans avec un énorme potentiel ,0
2015-01-12T07:24:08Z,Propre,0
2015-01-11T07:47:32Z,Belle ambiance et beau match !!!,3
2015-01-10T23:32:01Z,"Je crois que Kodjia glisse sur le penalty (?), c'est dommage si c'est le cas, encore une décision arbitrale en notre défaveur.
Bon après, 2-1 ou 3-1, ça change pas grand chose.
Bravo a Letellier et au SCO, c'est incroyable de ne pas prendre de buts sur la deuxième mi-temps.",6
2015-02-09T10:52:05Z,Magic scoop !!!,0
2015-02-09T06:39:34Z,ALLER LE SCO,0
2015-02-08T13:36:54Z,ALLEZ le SCO,0
2015-01-18T15:46:33Z,Nimois 👋👋👋nimois ,0
2015-01-17T21:37:36Z,Allez le SCO et j espere que Arles Avignon va rester en L2 car ils le mérite,0
2014-09-12T17:21:26Z,"na moral, os caras vão na geral só pra mexer o braço, chega a dar nojo",0
2014-09-11T16:41:37Z,Essa é a banda louca do imortal ♫,1
2014-09-11T16:17:49Z,JAMAIS NOS MATARÃO!,1
2015-05-12T17:40:20Z,Neftchi bu oyunda da netice qazanmali idi,1
2015-05-10T18:04:55Z,Inter yaxshi komandadir nu Neftchide geri qalmir,1
2015-02-25T10:18:50Z,#Ligue2 - J25 - Retrouvez les réactions d'après match de la 25e journée de Ligue 2 grâce à notre playlist YouTube !,2
2015-02-21T18:33:49Z,Frist,0
