publish_date,title,view_count
2015-07-18T11:06:00Z,Zulte Waregem 2 - 1 Nice : le but de Valère Germain,4005
2014-10-26T23:00:06Z,Goal Valère GERMAIN (5&#39;) / SC Bastia - AS Monaco (1-3) - (SCB - MON) / 2014-15,255
2015-05-17T01:12:04Z,Goal Valère GERMAIN (88&#39;) / AS Monaco - FC Metz (2-0) - (MON - FCM) / 2014-15,401
2015-07-08T20:43:11Z,L&#39;arrivée de Valère Germain à l&#39;OGC Nice,8006
2014-09-25T22:00:04Z,Goal Valère GERMAIN (90&#39; +3) / Montpellier Hérault SC - AS Monaco (0-1) - (MHSC - MON) / 2014-15,491
2015-05-03T22:53:34Z,Goal Valère GERMAIN (90&#39; +2) / AS Monaco - Toulouse FC (4-1) - (MON - TFC) / 2014-15,141
2015-07-10T07:35:46Z,"Valère Germain : « Nice, le club phare de la Côte d’Azur »",7503
2014-10-26T23:00:02Z,But Valère GERMAIN (5&#39;) / SC Bastia - AS Monaco (1-3) -  (SCB - MON) / 2014-15,1118
2015-05-17T01:05:37Z,But Valère GERMAIN (88&#39;) / AS Monaco - FC Metz (2-0) -  (MON - FCM) / 2014-15,1600
2015-07-15T19:44:25Z,Rencontre avec les supporters : Valère Germain à Garibaldi,5856
2014-09-25T22:00:04Z,But Valère GERMAIN (90&#39; +3) / Montpellier Hérault SC - AS Monaco (0-1) -  (MHSC - MON) / 2014-15,2038
2015-05-03T22:56:35Z,But Valère GERMAIN (90&#39; +2) / AS Monaco - Toulouse FC (4-1) -  (MON - TFC) / 2014-15,2581
2014-12-08T21:33:11Z,Monaco out to prove doubters wrong,29
2015-05-11T19:21:22Z,Le double petit pont d&#39;Abdennour et Germain !,4200
2014-10-08T14:58:36Z,"Volées, coup du foulard… Germain et Ocampos régalent ! - AS Monaco",24844
2014-09-06T08:25:37Z,GoPro - #OnBoard at the training - AS Monaco,3650
2014-10-27T00:05:52Z,Tous les buts de la 11ème journée - Ligue 1 / 2014-15,22232
2015-05-17T03:27:24Z,Paris Saint Germain 2014/2015 Ligue 1 champions,6407
2015-03-30T15:40:52Z,&quot;Toulalan va passer numéro 10&quot;,15298
2015-07-13T16:32:21Z,Germain : son entente avec Ben Arfa et Plea,3400
2014-10-16T16:04:38Z,Football / Germain évoque le match contre l&#39;ETG et l&#39;élimination des Bleuets - 16/10,115
2015-07-29T13:37:11Z,Le Zap&#39;Gym n°22,9780
2014-10-27T00:07:23Z,Goals compilation : Week 11 / 2014-15,643
2014-10-26T23:00:07Z,Goal Geoffrey KONDOGBIA (78&#39;) / SC Bastia - AS Monaco (1-3) - (SCB - MON) / 2014-15,617
2014-10-27T00:55:30Z,Highlights : Week 11 / 2014-2015,4327
2014-10-27T00:02:56Z,Top buts 11ème journée - Ligue 1 / 2014-15,29195
2015-05-03T22:53:19Z,Goal Martin BRAITHWAITE (26&#39;) / AS Monaco - Toulouse FC (4-1) - (MON - TFC) / 2014-15,215
2015-05-03T23:52:41Z,Highlights : Week 35 / 2014-2015,2555
2014-09-25T22:00:04Z,Reims-OM (0-5) in slow motion / Ligue 1 / 2014-15,454
2014-10-26T23:00:08Z,But Geoffrey KONDOGBIA (78&#39;) / SC Bastia - AS Monaco (1-3) -  (SCB - MON) / 2014-15,4105
2015-05-03T23:08:07Z,Goals compilation : Week 35 / 2014-15,263
2014-10-27T00:09:00Z,Top goals : Week 11 / 2014-15,2986
2015-05-03T22:56:47Z,But Martin BRAITHWAITE (26&#39;) / AS Monaco - Toulouse FC (4-1) -  (MON - TFC) / 2014-15,1766
2014-09-25T22:28:25Z,Tous les buts de la 7ème journée - Ligue 1 / 2014-15,5943
2014-09-25T22:00:05Z,Gignac est de retour ! Déjà 8 buts et 3 doublés ! Ligue 1 / 2014-15,13160
2015-05-03T23:07:52Z,Tous les buts de la 35ème journée - Ligue 1 / 2014-15,6496
2015-05-03T23:03:35Z,Top goals : Week 35 / 2014-15,2402
2014-10-27T01:16:07Z,Bloopers : Week 11 / 2014-15,1859
2015-05-18T09:38:11Z,Top buts 37ème journée - Ligue 1 / 2014-15,24174
2014-09-25T22:30:59Z,Goals compilation : Week 7 / 2014-15,341
2014-09-25T23:21:10Z,Bloopers : Week 7 / 2014-15,2346
2014-09-25T22:00:04Z,OM &#39;s striker Gignac is Back! Already 8 goals / Ligue 1 / 2014-15,1715
2015-05-03T23:06:17Z,Top buts 35ème journée - Ligue 1 / 2014-15,27379
2014-09-25T23:13:20Z,Highlights : Week 7 / 2014-2015,3549
2015-05-18T10:05:08Z,Top goals : Week 37 / 2014-15,2429
2015-05-03T23:03:25Z,Gignac grabs his 100th and 101st Ligue 1 goals - Week 35 / 2014-15,515
2014-10-26T23:00:07Z,Le quintuplé de Carlos Eduardo 11ème journée de Ligue 1 / 2014-15,23662
2014-09-25T22:00:06Z,Le match Reims-OM (0-5) à la loupe / Ligue 1 / 2014-15,12623
2015-05-17T03:16:57Z,Highlights : Week 37 / 2014-2015,2512
2015-05-04T00:21:57Z,Bloopers : Week 35 / 2014-15,2892
