publish_date,title,view_count
2015-02-09T15:19:00Z,&quot;Le travail paie toujours&quot;,2305
2014-12-12T14:22:26Z,Pour la victoire à domicile,962
2015-05-11T01:04:12Z,Standard Liege (4) vs (0) Kortrijk   Liga Belgica,3594
2015-05-24T15:58:02Z,&quot;On avait à coeur de gagner!&quot;,2967
2015-01-07T13:51:35Z,Awesome goal of Laurent Ciman (Standard De Liege) during training,730
2015-07-06T20:57:18Z,First training in Tegelen,9908
2014-08-07T12:50:47Z,La Minute du Doc,1042
2015-01-27T15:28:42Z,RSCL - Anderlecht (25-01-2015) Tifo Ultras Inferno,96231
2015-02-24T12:57:15Z,Funny Football.,32
2015-04-25T22:59:47Z,Royal Charleroi - Standard de Liege Goal,184
2014-11-07T11:19:50Z,SEVILLA - STANDARD LIEGE  3-1,334
2015-06-01T09:30:33Z,"Standard TV, Le Mag (22 mai 2015)",1817
2014-11-04T06:49:50Z,Aquarius Anderlecht,888
2014-10-29T19:51:31Z,Kortrijk 0 - 1 Anderlecht [Penalty Goal] [29.10.2014],308
2015-04-24T10:47:52Z,"Standard TV, Le Mag (24 avril 2015)",980
2015-04-01T19:02:42Z,Under 21 Open training Neerpede Anderlecht,1080
2014-12-27T21:18:51Z,ملخص أهداف مباراة لوكيرن و ستاندر لياج فى بطولة الدوري البلجيكي,338
2014-12-31T14:44:37Z,Interview RSCAtv with Herman Van Holsbeeck (PART TWO),9176
2015-01-25T15:00:13Z,Rood voor Defour tegen Standard,583
