publish_date,title,view_count
2015-05-10T22:00:00Z,Girondins de Bordeaux - FC Nantes (2-1) - Highlights - (GdB - FCN) / 2014-15,1428
2015-01-25T23:00:07Z,Montpellier Hérault SC - FC Nantes (4-0) - Highlights - (MHSC - FCN) / 2014-15,1684
2015-05-24T03:57:36Z,RC Lens - FC Nantes (1-0) - Highlights - (RCL - FCN) / 2014-15,1093
2015-03-15T22:59:59Z,FC Nantes - Evian TG FC (2-1) - Highlights - (FCN - ETG) / 2014-15,2447
2015-05-24T04:39:24Z,RC Lens - FC Nantes (1-0)  - Résumé - (RCL - FCN) / 2014-15,30816
2015-01-25T23:00:03Z,Montpellier Hérault SC - FC Nantes (4-0)  - Résumé - (MHSC - FCN) / 2014-15,18634
2015-03-15T23:00:00Z,FC Nantes - Evian TG FC (2-1)  - Résumé - (FCN - ETG) / 2014-15,20083
2015-05-10T21:59:59Z,Girondins de Bordeaux - FC Nantes (2-1)  - Résumé - (GdB - FCN) / 2014-15,25005
2015-05-17T01:12:22Z,Goal Papy Mison DJILOBODJI (4&#39; csc) / FC Nantes - FC Lorient (1-1) - (FCN - FCL) / 2014-15,3607
2014-11-09T23:00:03Z,But Jordan VERETOUT (60&#39;) / SM Caen - FC Nantes (1-2) -  (SMC - FCN) / 2014-15,1457
2015-05-17T01:08:17Z,Goal Johan AUDEL (6&#39;) / FC Nantes - FC Lorient (1-1) - (FCN - FCL) / 2014-15,186
2014-12-21T23:00:08Z,Goal Johan AUDEL (78&#39;) / FC Lorient - FC Nantes (1-2) - (FCL - FCN) / 2014-15,167
2015-03-15T22:59:59Z,But Serge GAKPE (47&#39;) / FC Nantes - Evian TG FC (2-1) -  (FCN - ETG) / 2014-15,662
2014-10-23T22:34:32Z,Jansson dopo Torino-Helsinki,662
2014-08-10T22:00:03Z,Goal Yacine BAMMOU (65&#39;) / FC Nantes - RC Lens (1-0) - (FCN - RCL) / 2014-15,1111
2015-04-05T21:59:59Z,Goal Alejandro BEDOYA (11&#39;) / FC Nantes - SM Caen (1-2) - (FCN - SMC) / 2014-15,893
2015-05-17T01:05:13Z,But Johan AUDEL (6&#39;) / FC Nantes - FC Lorient (1-1) -  (FCN - FCL) / 2014-15,2106
2014-11-02T23:00:07Z,But Guillaume GILLET (32&#39; csc) / EA Guingamp - SC Bastia (1-0) -  (EAG - SCB) / 2014-15,704
2015-01-25T23:00:07Z,Goal Dorian LEVEQUE (90&#39; +2 csc) / EA Guingamp - FC Lorient (3-2) - (EAG - FCL) / 2014-15,177
2014-09-28T09:41:47Z,PES6 al volo da fuori,166
2014-11-01T19:11:57Z,Conférence de presse Chamois Niortais - AS Nancy-Lorraine (1-4) - 2014/2015,351
2015-04-11T17:14:30Z,Conférence de presse AS Nancy-Lorraine - Chamois Niortais (1-2) - 2014/2015,160
