publish_date,title,view_count
2015-01-17T23:00:04Z,Stade Brestois 29 - Chamois Niortais (0-0)  - Résumé - (SB29 - NIORT) / 2014-15,1340
2014-08-09T22:00:02Z,Chamois Niortais - Stade Brestois 29 (0-0)  - Résumé - (NIORT - SB29) / 2014-15,2637
2014-08-16T22:00:02Z,Chamois Niortais - Havre AC (1-0)  - Résumé - (NIORT - HAC) / 2014-15,3214
2015-04-18T22:00:00Z,Chamois Niortais - Nîmes Olympique (3-2)  - Résumé - (NIORT - NIMES) / 2014-15,2685
2015-02-21T23:00:01Z,Valenciennes FC - Chamois Niortais (1-3)  - Résumé - (VAFC - NIORT) / 2014-15,5310
2014-10-18T18:20:47Z,Chamois Niortais - US Orléans (1-1)  - Résumé - (NIORT - USO) / 2014-15,2742
2015-04-04T21:59:59Z,Chamois Niortais - AC Arles Avignon (1-1)  - Résumé - (NIORT - ACA) / 2014-15,2009
2014-08-02T22:00:02Z,Stade Lavallois - Chamois Niortais (1-1)  - Résumé - (LAVAL - NIORT) / 2014-15,8761
2015-04-29T17:55:55Z,Chamois Niortais - Châteauroux (3-0)  - Résumé - (NIORT - LBC) / 2014-15,1797
2015-03-14T23:00:00Z,Chamois Niortais - AC Ajaccio (1-0)  - Résumé - (NIORT - ACAJ) / 2014-15,1631
2015-05-20T19:37:53Z,exercice gardien de but deplacement goalkeeper training porteros football,8228
2015-01-24T23:00:03Z,Havre AC - Chamois Niortais (1-1)  - Résumé - (HAC - NIORT) / 2014-15,1928
2014-08-30T22:00:03Z,Chamois Niortais - Clermont Foot (0-0)  - Résumé - (NIORT - CF63) / 2014-15,1897
2014-09-13T22:00:02Z,Dijon FCO - Chamois Niortais (1-0)  - Résumé - (DFCO - NIORT) / 2014-15,4869
2014-08-23T22:00:01Z,US Créteil-Lusitanos - Chamois Niortais (1-1)  - Résumé - (USCL - NIORT) / 2014-15,2744
2014-09-27T22:00:02Z,Chamois Niortais - Angers SCO (2-1)  - Résumé - (NIORT - SCO) / 2014-15,3631
2015-03-07T22:59:59Z,Angers SCO - Chamois Niortais (0-0)  - Résumé - (SCO - NIORT) / 2014-15,3032
2015-05-09T21:59:59Z,Chamois Niortais - AJ Auxerre (1-1)  - Résumé - (NIORT - AJA) / 2014-15,2748
2014-09-20T22:00:02Z,Chamois Niortais - Valenciennes FC (3-0)  - Résumé - (NIORT - VAFC) / 2014-15,5344
2014-10-04T19:06:28Z,AC Ajaccio - Chamois Niortais (0-0)  - Résumé - (ACAJ - NIORT) / 2014-15,1497
2015-03-21T23:00:00Z,US Orléans - Chamois Niortais (0-0)  - Résumé - (USO - NIORT) / 2014-15,1376
2015-05-02T21:59:59Z,FC Sochaux-Montbéliard - Chamois Niortais (2-3)  - Résumé - (FCSM - NIORT) / 2014-15,4926
2015-01-31T22:59:59Z,Chamois Niortais - US Créteil-Lusitanos (1-3)  - Résumé - (NIORT - USCL) / 2014-15,1983
2015-04-25T22:00:00Z,Tours FC - Chamois Niortais (1-0)  - Résumé - (TOURS - NIORT) / 2014-15,3039
2015-01-10T23:00:04Z,Chamois Niortais - GFC Ajaccio (1-1)  - Résumé - (NIORT - GFCA) / 2014-15,2074
2014-09-24T22:00:03Z,ESTAC Troyes - Chamois Niortais (4-1)  - Résumé - (ESTAC - NIORT) / 2014-15,4970
2014-10-25T22:00:01Z,AC Arles Avignon - Chamois Niortais (1-0)  - Résumé - (ACA - NIORT) / 2014-15,2179
2014-11-08T23:00:02Z,Nîmes Olympique - Chamois Niortais (3-2)  - Résumé - (NIMES - NIORT) / 2014-15,5040
2015-02-14T22:59:59Z,Chamois Niortais - Dijon FCO (1-1)  - Résumé - (NIORT - DFCO) / 2014-15,2209
2015-02-07T23:00:01Z,Clermont Foot - Chamois Niortais (1-1)  - Résumé - (CF63 - NIORT) / 2014-15,1646
2014-11-22T23:00:04Z,Chamois Niortais - Tours FC (1-1)  - Résumé - (NIORT - TOURS) / 2014-15,2099
2015-04-11T22:00:00Z,AS Nancy-Lorraine - Chamois Niortais (1-2)  - Résumé - (ASNL - NIORT) / 2014-15,3733
2015-05-16T22:00:00Z,GFC Ajaccio - Chamois Niortais (3-2)  - Résumé - (GFCA - NIORT) / 2014-15,12607
2014-12-13T23:00:01Z,Chamois Niortais - FC Sochaux-Montbéliard (0-1)  - Résumé - (NIORT - FCSM) / 2014-15,3744
2014-12-20T23:00:02Z,AJ Auxerre - Chamois Niortais (1-1)  - Résumé - (AJA - NIORT) / 2014-15,3911
2014-11-01T23:00:02Z,Chamois Niortais - AS Nancy-Lorraine (1-4)  - Résumé - (NIORT - ASNL) / 2014-15,9942
2014-11-29T23:00:06Z,Châteauroux - Chamois Niortais (0-1)  - Résumé - (LBC - NIORT) / 2014-15,2025
2015-02-21T18:31:43Z,Conférence de presse Valenciennes FC - Chamois Niortais (1-3) - 2014/2015,734
2015-05-23T22:00:00Z,Chamois Niortais - Stade Lavallois (0-3)  - Résumé - (NIORT - LAVAL) / 2014-15,4672
2014-12-03T13:52:38Z,SRDFOOTTV | L&#39;entraînement des gardiens,431
2014-12-09T11:58:28Z,Abbeville vs Camon   Championnat U16DH,239
