published-time,comment,likes
2015-01-27T00:30:36Z,Good to see Barrios getting his groove back. Hopefully we can see the BVB Barrios once more.,0
2015-01-26T00:12:03Z,First,0
2015-03-16T19:45:47Z,Yahoooo fc nantes !!!!!! Il prononce bien gk nkoudou le commentateur respect,1
2015-07-20T14:04:19Z,"Moi je joue au foot dans l'ancien club de taylor moore a l'as etaples
",0
2015-07-01T13:53:33Z,DELORT A LENS,0
2015-06-03T17:26:11Z,cc Rudy,0
2015-06-03T11:16:49Z,"1:39 : C'est quand tu vois ce genre d'actions que tu comprends pourquoi le RC Lens descend en Ligue 2. La défense a été de ce niveau durant toute la saison. Des erreurs à n'en plus finir, des mésententes, des oublis, des mauvaises relances... Lens a sans doute eu la pire défense de Ligue 1 cette saison. On ne peut pas prétendre rester dans l'élite avec une telle défense.",0
2015-06-02T17:20:39Z,Nantes m'énervent sérieusement là... Depuis quelques matchs on est plus foutus de gagner un match... Bravo à Lens et je vous souhaite de remonter en ligue 1 très vite.,1
2015-05-26T16:48:47Z,Je suis triste  pace que je suis lensois nes est lens na pas un budget fixe  et je trouve que nante devrait acheter un bonne attaquant mais le millieu et la défense  c est solide,0
2015-05-25T18:56:01Z,bien jouee lens bravo :),1
2015-05-25T13:44:57Z,Vite !!! Un VRAI attaquant au FCN !!!!! Audel a tout raté la ....,1
2015-05-24T23:03:37Z,"Une fin de saison plus que laborieuse pour nous, vivement le retour d'un buteur à Nantes... Ami(es) Lensois je vous souhaite de retrouver une vraie stabilité financière avec votre nouvel investisseur et revenir le plus rapidement possible pour perdurer dans l'élite, vos supporters le méritent.",1
2015-05-24T21:24:21Z,"Très mauvais résumé... Vous préparez un peu avant ou quoi ? On dirait que c'est fait au feeling !
Bravo à Lens, Nantes est naze sur cette fin de saison ! :)",1
2015-05-24T18:26:08Z,"En fait le FC Nantes c'est comme mon année scolaire : Au début, c'est excellent, rien à redire, puis ça se relache petit à petit et à la fin y'a même plus d'efforts...",10
2015-05-24T17:45:50Z,"Lens,quel club, quel public... Remontez vite =(",7
2015-05-24T08:23:56Z,the lens fans are just amazing. greetings from germany ,17
2015-05-24T07:55:21Z,"Lens termine sur une bonne note avant de préparer son retour en Ligue 2, Courage à vous Lensois !",16
2015-01-31T13:29:36Z,"On a Nike aller la pallade

",0
2015-01-27T09:20:04Z,"#Ligue1 - J22 - Retrouvez les stats officielles de la 22e journée en partenariat avec AMISCO !
Lors de la 22e journée de Ligue 1, la performance du Montpellier HSC fait la Une pour AMISCO, qui revient également sur les séries positives du PSG face aux Verts dans le Chaudron, de l'Olympique Lyonnais à Gerland et sur l'invincibilité qui se poursuit pour l'AS Monaco ou encore sur le SM Caen et son capitaine Julien Féret - http://minilien.fr/a0nu77",14
2015-01-26T19:23:56Z,Alors les nantais on se moque du stade rennais mais contre Montpellier vous n' avez pas été mieux :D,1
2015-01-26T19:13:12Z,Super célébration de berigaud au passage,0
2015-01-26T18:12:33Z,j ai adorre le but de kevin berigoal,0
2015-01-26T10:38:36Z,Allez la paillade!! ,0
2015-01-26T09:50:28Z,"belle victoire, on conforte notre 6eme place. ALLER LA PAILLADE !!!!!!!",0
2015-01-26T07:54:36Z,"Montpellier a été plus tranchant tout simplement. Le 1er but est involontaire mais assez joli (il faut le reconnaitre). Bravo a Montpellier pour cette victoire. 
J'espère que cette raclée est un accident et que le groupe se remobilisera pour samedi.
",5
2015-01-26T05:22:46Z,On a deux fois plus de tire cadres on a la possession les passes... Et on prend 4-0,1
2015-07-06T11:16:31Z,,0
2015-03-16T17:01:35Z,"0:25 , évian s'est imposé à nantes lors de ses dexu derniers déplacement , mais biensur...",1
2015-03-16T12:37:58Z,"Victoire méritée, excellent but de S.Gakpé et un bon match global.",1
2015-03-16T11:06:14Z,"FCN, ou l'art de faire 65 minutes de super jeu, mener 2-0 et stresser pendant 15min de pas se faire égaliser --'",1
2015-03-16T07:35:01Z,"Victoire méritée. Un super Bessat en AG, un bon Bangoura, un bon Djidji. Bedoya moyen, Nkoudou percutant mais doit gommer encore quelques défauts. ",1
2015-03-16T07:15:43Z,Fcn victoire méritée 💛💚,0
2015-03-16T07:03:55Z,Il suffit de jouer au foot 90 min et le maintient sera la !! ,0
2015-06-21T14:52:50Z,ne jamais oublier tous ces moments passer Lescure à tout jamais,3
2015-05-10T23:26:50Z,"Le premier penalties pour Nantes est quand même dégueulasse  on voit bien qu'il saute dans le vide ... Mais bon heureusement que le penalties pour bordeaux par la main non volontaire nous a fait justice puis emmener par des supportaire géniaux, on a marquer .. Adieu Lescure merci pour tous ! <3 for ever ",3
2015-05-10T23:18:38Z,"Quelle ambiance ! 
Fiert d'etre bordelais !",15
2015-05-10T22:58:24Z,Très belle victoire pour dire adieu à Lescure !,11
2015-05-10T22:38:16Z,"j'ai envie de troller

les restrictions pour les sup nantais on en parle ?",1
2015-05-17T11:48:27Z,Aller Nantes aller Nantes alle,0
