publish_date,title,view_count
2015-04-11T15:11:55Z,Ousseynou Cisse,2175
2014-12-20T23:00:04Z,Châteauroux - Dijon FCO (1-1)  - Résumé - (LBC - DFCO) / 2014-15,2507
2015-04-11T21:59:59Z,AC Ajaccio - Dijon FCO (1-0)  - Résumé - (ACAJ - DFCO) / 2014-15,2092
2015-03-14T23:00:00Z,Clermont Foot - Dijon FCO (2-5)  - Résumé - (CF63 - DFCO) / 2014-15,11692
2014-11-29T23:00:06Z,AC Arles Avignon - Dijon FCO (0-2)  - Résumé - (ACA - DFCO) / 2014-15,4318
2015-02-14T22:59:59Z,Chamois Niortais - Dijon FCO (1-1)  - Résumé - (NIORT - DFCO) / 2014-15,2209
2014-10-25T22:00:06Z,ESTAC Troyes - Dijon FCO (1-0)  - Résumé - (ESTAC - DFCO) / 2014-15,6508
2014-08-16T22:00:02Z,Nîmes Olympique - Dijon FCO (2-2)  - Résumé - (NIMES - DFCO) / 2014-15,6450
2014-10-04T19:06:11Z,Dijon FCO - Clermont Foot (1-0)  - Résumé - (DFCO - CF63) / 2014-15,3016
2015-05-09T21:59:59Z,Dijon FCO - Châteauroux (0-1)  - Résumé - (DFCO - LBC) / 2014-15,3745
2015-02-28T22:59:59Z,US Créteil-Lusitanos - Dijon FCO (0-2)  - Résumé - (USCL - DFCO) / 2014-15,3481
2014-08-30T22:00:02Z,FC Sochaux-Montbéliard - Dijon FCO (0-1)  - Résumé - (FCSM - DFCO) / 2014-15,5991
2015-05-04T22:16:34Z,Stade Brestois 29 - Dijon FCO (0-0)  - Résumé - (SB29 - DFCO) / 2014-15,1177
2015-03-15T10:30:01Z,Top buts 28ème journée - Ligue 2 / 2014-15,1882
2014-09-13T22:00:02Z,Dijon FCO - Chamois Niortais (1-0)  - Résumé - (DFCO - NIORT) / 2014-15,4869
2015-03-21T22:59:59Z,Dijon FCO - Valenciennes FC (1-1)  - Résumé - (DFCO - VAFC) / 2014-15,4329
2015-05-13T14:00:24Z,fiche joueur Ousseynou Boye,2458
2014-09-27T22:00:01Z,Havre AC - Dijon FCO (1-0)  - Résumé - (HAC - DFCO) / 2014-15,4424
2015-02-07T23:00:01Z,Dijon FCO - FC Sochaux-Montbéliard (1-0)  - Résumé - (DFCO - FCSM) / 2014-15,5802
2014-08-02T22:00:02Z,AS Nancy-Lorraine - Dijon FCO (1-1)  - Résumé - (ASNL - DFCO) / 2014-15,12426
2015-04-18T22:00:00Z,Dijon FCO - Angers SCO (1-1)  - Résumé - (DFCO - SCO) / 2014-15,6049
2015-01-17T23:00:05Z,Stade Lavallois - Dijon FCO (1-0)  - Résumé - (LAVAL - DFCO) / 2014-15,4268
2014-08-23T22:00:01Z,Dijon FCO - AJ Auxerre (1-0)  - Résumé - (DFCO - AJA) / 2014-15,7037
2015-04-25T22:00:00Z,US Orléans - Dijon FCO (0-1)  - Résumé - (USO - DFCO) / 2014-15,4684
2014-09-20T22:00:02Z,GFC Ajaccio - Dijon FCO (2-0)  - Résumé - (GFCA - DFCO) / 2014-15,3547
2015-05-16T21:59:59Z,Tours FC - Dijon FCO (0-0)  - Résumé - (TOURS - DFCO) / 2014-15,2158
2015-01-31T22:59:59Z,AJ Auxerre - Dijon FCO (3-0)  - Résumé - (AJA - DFCO) / 2014-15,12682
2015-04-04T22:00:00Z,Dijon FCO - ESTAC Troyes (0-1)  - Résumé - (DFCO - ESTAC) / 2014-15,7335
2014-12-13T23:00:02Z,Dijon FCO - Stade Brestois 29 (1-0)  - Résumé - (DFCO - SB29) / 2014-15,5497
2015-05-14T16:27:38Z,fiche joueur Ousseynou Thioune,15395
2014-09-24T22:00:05Z,Dijon FCO - US Créteil-Lusitanos (2-1)  - Résumé - (DFCO - USCL) / 2014-15,3292
2015-03-07T22:59:59Z,Dijon FCO - Havre AC (1-1)  - Résumé - (DFCO - HAC) / 2014-15,4130
2015-05-23T22:00:00Z,Dijon FCO - AS Nancy-Lorraine (3-1)  - Résumé - (DFCO - ASNL) / 2014-15,7901
2014-08-09T22:00:01Z,Dijon FCO - Stade Lavallois (1-0)  - Résumé - (DFCO - LAVAL) / 2014-15,5024
2015-01-24T23:00:04Z,Dijon FCO - Nîmes Olympique (4-5)  - Résumé - (DFCO - NIMES) / 2014-15,17451
2015-04-18T22:39:22Z,Diambars FC - Us Ouakam ( 2 - 1 ) - samedi 18 avril 2015 - Résumé,1087
2015-03-14T18:08:13Z,Conférence de presse Clermont Foot - Dijon FCO (2-5) - 2014/2015,240
2015-04-23T22:02:54Z,fiche joueur Momo Cissé,2844
2015-05-14T14:15:42Z,fiche joueur Ousseynou Ndiaye,8529
2015-05-07T09:47:25Z,INTERVIEW: Samir Carruthers on promotion,2713
2015-01-22T00:27:08Z,fiche joueur Khassim Soumare,1868
2015-07-16T12:54:01Z,David Wheeler chats about a friendly against Fluminense U19 | Exeter City Football Club,520
2015-03-03T08:59:01Z,Diambars FC - Guediawaye FC ( 2 - 1 ) - jeudi 26 fevrier 2015 - Résumé,816
2015-01-13T11:18:18Z,Diambars FC - Asc Linguère ( 1 - 1 ) - dimanche 11 janvier 2015 - résumé,1151
2015-03-02T23:07:58Z,Diadie Samakessou,4161
2015-05-03T06:55:22Z,fiche joueur Serge Gomis,1177
2015-04-17T01:19:05Z,fiche joueur Arial B. Mendy,2273
2014-11-03T19:47:31Z,fiche joueur Aristide Simon Pierre Diedhiou,5167
2015-02-07T21:20:56Z,Mbour Petite Côte - Diambars FC ( 1 - 0 ) - samedi 7 février 2015 - Résumé,1002
2015-04-11T15:23:23Z,Ibrahima Seck,5819
