publish_date,title,view_count
2015-01-21T18:14:38Z,Coupe de France : 16° de finale : US Concarneau - Dijon. INTERVIEW B REYNET,421
2014-11-01T23:00:02Z,Dijon FCO - AC Ajaccio (3-0)  - Résumé - (DFCO - ACAJ) / 2014-15,3959
2014-10-21T10:00:06Z,Valenciennes FC - Dijon FCO (0-3)  - Résumé - (VAFC - DFCO) / 2014-15,7538
2014-12-20T23:00:04Z,Châteauroux - Dijon FCO (1-1)  - Résumé - (LBC - DFCO) / 2014-15,2507
2015-05-04T22:16:34Z,Stade Brestois 29 - Dijon FCO (0-0)  - Résumé - (SB29 - DFCO) / 2014-15,1177
2014-08-16T22:00:02Z,Nîmes Olympique - Dijon FCO (2-2)  - Résumé - (NIMES - DFCO) / 2014-15,6450
2015-03-14T23:00:00Z,Clermont Foot - Dijon FCO (2-5)  - Résumé - (CF63 - DFCO) / 2014-15,11692
2015-04-11T21:59:59Z,AC Ajaccio - Dijon FCO (1-0)  - Résumé - (ACAJ - DFCO) / 2014-15,2092
2015-04-25T22:00:00Z,US Orléans - Dijon FCO (0-1)  - Résumé - (USO - DFCO) / 2014-15,4684
2015-01-10T18:59:51Z,Conférence de presse Dijon FCO - Tours FC (0-3) - 2014/2015,197
2015-05-16T21:59:59Z,Tours FC - Dijon FCO (0-0)  - Résumé - (TOURS - DFCO) / 2014-15,2158
2015-01-10T23:00:05Z,Dijon FCO - Tours FC (0-3)  - Résumé - (DFCO - TOURS) / 2014-15,6745
2015-03-21T22:59:59Z,Dijon FCO - Valenciennes FC (1-1)  - Résumé - (DFCO - VAFC) / 2014-15,4329
2014-09-20T22:00:02Z,GFC Ajaccio - Dijon FCO (2-0)  - Résumé - (GFCA - DFCO) / 2014-15,3547
2015-02-28T22:59:59Z,US Créteil-Lusitanos - Dijon FCO (0-2)  - Résumé - (USCL - DFCO) / 2014-15,3481
2015-01-21T01:22:39Z,L&#39;interview du buteur Christophe Gourmelon,1011
2014-08-09T22:00:01Z,Dijon FCO - Stade Lavallois (1-0)  - Résumé - (DFCO - LAVAL) / 2014-15,5024
2014-11-08T23:00:07Z,Angers SCO - Dijon FCO (1-0)  - Résumé - (SCO - DFCO) / 2014-15,13368
2014-08-30T22:00:02Z,FC Sochaux-Montbéliard - Dijon FCO (0-1)  - Résumé - (FCSM - DFCO) / 2014-15,5991
2014-08-23T22:00:01Z,Dijon FCO - AJ Auxerre (1-0)  - Résumé - (DFCO - AJA) / 2014-15,7037
2014-10-04T19:06:11Z,Dijon FCO - Clermont Foot (1-0)  - Résumé - (DFCO - CF63) / 2014-15,3016
2015-01-31T22:59:59Z,AJ Auxerre - Dijon FCO (3-0)  - Résumé - (AJA - DFCO) / 2014-15,12682
2014-08-02T22:00:02Z,AS Nancy-Lorraine - Dijon FCO (1-1)  - Résumé - (ASNL - DFCO) / 2014-15,12426
2015-04-04T22:00:00Z,Dijon FCO - ESTAC Troyes (0-1)  - Résumé - (DFCO - ESTAC) / 2014-15,7335
2015-02-14T22:59:59Z,Chamois Niortais - Dijon FCO (1-1)  - Résumé - (NIORT - DFCO) / 2014-15,2209
2015-04-29T17:56:08Z,Dijon FCO - AC Arles Avignon (1-0)  - Résumé - (DFCO - ACA) / 2014-15,4073
2014-10-25T22:00:06Z,ESTAC Troyes - Dijon FCO (1-0)  - Résumé - (ESTAC - DFCO) / 2014-15,6508
2015-05-23T22:00:00Z,Dijon FCO - AS Nancy-Lorraine (3-1)  - Résumé - (DFCO - ASNL) / 2014-15,7901
2014-11-29T23:00:06Z,AC Arles Avignon - Dijon FCO (0-2)  - Résumé - (ACA - DFCO) / 2014-15,4318
2014-09-24T22:00:05Z,Dijon FCO - US Créteil-Lusitanos (2-1)  - Résumé - (DFCO - USCL) / 2014-15,3292
2014-11-22T23:00:03Z,Dijon FCO - US Orléans (2-1)  - Résumé - (DFCO - USO) / 2014-15,3815
2014-09-07T01:06:33Z,Benjamin Bertrand contre Dijon (CDL 2014),600
2015-03-07T22:59:59Z,Dijon FCO - Havre AC (1-1)  - Résumé - (DFCO - HAC) / 2014-15,4130
2015-01-24T23:00:04Z,Dijon FCO - Nîmes Olympique (4-5)  - Résumé - (DFCO - NIMES) / 2014-15,17451
2015-04-18T22:00:00Z,Dijon FCO - Angers SCO (1-1)  - Résumé - (DFCO - SCO) / 2014-15,6049
2015-02-21T23:00:02Z,Dijon FCO - GFC Ajaccio (1-1)  - Résumé - (DFCO - GFCA) / 2014-15,2228
2014-09-13T22:00:02Z,Dijon FCO - Chamois Niortais (1-0)  - Résumé - (DFCO - NIORT) / 2014-15,4869
2014-12-13T23:00:02Z,Dijon FCO - Stade Brestois 29 (1-0)  - Résumé - (DFCO - SB29) / 2014-15,5497
2015-05-09T21:59:59Z,Dijon FCO - Châteauroux (0-1)  - Résumé - (DFCO - LBC) / 2014-15,3745
2014-09-27T22:00:01Z,Havre AC - Dijon FCO (1-0)  - Résumé - (HAC - DFCO) / 2014-15,4424
2015-05-10T20:33:04Z,Danone Nations Cup France : Créteil : Summary of the final,4486
2014-10-28T23:25:02Z,Lens - Créteil,14659
2015-04-26T22:00:00Z,But Romain PHILIPPOTEAUX (68&#39;) / Olympique de Marseille - FC Lorient (3-5) -  (OM - FCL) / 2014-15,3737
2015-05-10T22:00:00Z,But Romain PHILIPPOTEAUX (34&#39;) / FC Metz - FC Lorient (0-4) -  (FCM - FCL) / 2014-15,887
2015-01-21T18:21:01Z,Coupe de France 16° de Finale : US Concarneau - Dijon. INTERVIEW N CLOAREC,473
2015-02-20T10:42:27Z,"&quot;La L1, je ne pense pas que ça se refuse&quot;. R.omain Philippoteaux (FCL)",200
2015-02-20T10:43:23Z,"&quot;En DH, je faisais les mêmes matches qu&#39;en CFA...&quot; - R. Philippoteaux",1533
2015-02-20T10:43:09Z,Entraîneur ? &quot; C&#39;est quelque chose qui me plairait bien&quot;. R. Philippoteaux,159
2015-04-26T21:59:59Z,Goal Romain PHILIPPOTEAUX (68&#39;) / Olympique de Marseille - FC Lorient (3-5) - (OM - FCL) / 2014-15,484
2015-05-09T20:56:29Z,Tournoi de Mougins,116
