published-time,comment,likes
2014-08-19T21:50:06Z,Allez sochaux !!!!!! ( les 2 buts de sochaux sont magnifique )  malgré la défaite contre Troyes hier soir ont y croient pour remonter en ligue 1  !!! ,0
2014-08-13T02:49:42Z,"Putin enfin une victoire en plis a l'extérieur !!
GG Sochaux sa fait plaisir !",1
2014-08-11T07:27:44Z,ALLEZ SOCHAUX !!!!!!!,4
2014-08-10T22:37:11Z,"""Sochaux a été tenu en echec par Arles 0-0 tandis que Sochaux à chuté 1-0 face a Orléans à domicile"" ... OK !!!!",10
2014-08-25T18:13:37Z,"Fcsm en l1!,",0
2014-08-24T10:06:07Z,J'étais au stade allez Sochaux!!!!,0
2014-08-03T20:07:16Z,Lousy-Daniel sera enorme cette saison,1
2014-08-03T09:04:07Z,"Le FCSM à fait un match pourri, il faudra rehausser le niveau contre L'AC Ajaccio, histoire de me motiver de revenir contre l'ESTAC le 18 Août !!!!!!!",0
2014-08-03T08:30:40Z,Aller l uso ,0
2014-08-03T08:30:38Z,Aller l uso ,0
2015-04-30T05:03:33Z,C quoi crtte pelouse !!!!!,0
2015-04-29T13:04:41Z,"Mon dieu, cette pelouse !!!!",1
2015-05-16T08:51:34Z,Si tes fier detre sochalien tape dans tes main clap clap,0
2015-05-13T05:17:36Z,"Sochaux aurait dû gagner ce match c'est largement mérité le nul pour le sco c'est vraiment bien quand même car le sco à faillit perdre et que sa se trouve sa sera le point de la monter !:) bref Ekambi meilleur joueur de l'année de sur !! Pas photo ses deux dernière actions il bouffe deux défenseurs facilement surtout la dernière action d Ekambi !! :) bref allez Sochaux ! :) GO pour monter l'année prochaine !! :)
",0
2015-05-12T21:08:42Z,Belle prestations des gardiens,0
2015-05-12T18:38:49Z,affollant... il ne montre casiment aucune action du sco dans ce résumé ainsi que les 4 mains dans la surface de la part de Sochaux... bref allez le sco ;),1
2015-05-12T15:52:07Z,Aller le sco,6
2015-05-19T09:18:30Z,Qu'Est-ce que je trouve ça dégueulasse d'exclure un joueur pour une faute dans la surface alors qu'il n'y avait rien de dangereux dans cette situation pour le joueur qui subit la faute...,0
2015-05-17T11:56:51Z,,0
2015-05-17T07:28:52Z,"J'était au match, quand jai vu le penalty jetait deseperer et quand jai vue le rouge jetait fou !!! Il n'y avait pas rouge sa meritait un jaune ! En plus cest le vallenciennois qui vient ce bousculer a Julien Faussurier ! ET ALLER SOCHAUX !!!                         ",0
2015-06-06T09:27:05Z,"J'adore l'estac ma ville les deux buts sont magnifique
",0
2014-08-23T17:17:13Z,Allez Sochaux faut se reprendre!,0
2014-08-21T10:27:18Z,"Que c'est beau de voir son équipe gagner comme ça tous ses matchs en début de saison en espérant que ça continue ! Je serais au stade de l'Aube vendredi contre Laval pour, je l'espère , une nouvelle victoire troyenne !",2
2014-08-20T00:21:24Z,"Ca fait vraiment plaisir de voir une si belle équipe dans ma ville :) mais bon... Ca fait déjà plusieurs années qu'on a une très bonne équipe à Troyes, seulement on a jamais de chance... J'espère qu'on gardera cette première place! Allez l'ESTAC!!",3
2014-08-19T18:06:32Z,magnifique but,1
2014-08-19T15:10:24Z,#Ligue2 - 3e journée - Retrouvez le résumé du match FC Sochaux-Montbéliard - ESTAC Troyes !,5
2014-08-19T14:12:19Z,Allez l'estac !!!,1
2014-08-19T14:00:00Z,"Pour vous, quel ont etait les 3 meilleurs joueur et les 2 meilleurs gardiens lors de cette 3eme journée de ligue 2 ?",0
2014-08-19T11:49:40Z,quelle 2 eme but magnifique,3
2014-08-19T10:37:31Z,"2 tirs cadrés, 2 buts pour troyes, allez ma ville =)
Splendide but de thomas ayasse au passage.",9
2015-03-08T11:44:27Z,"Magnifique but de Tours!
KTE à super bien jouer sure le deuxième but.
Allez Sochaux!!!",1
2015-03-08T10:36:49Z,SOCHAUX <3 <3 <3,1
2015-03-08T10:32:01Z,beau but de Tour mais allez Sochaux <3,1
2015-03-08T09:43:42Z,NOUS SOMMES LES SOCHALIENS !!! ET NOUS AVONS GAGNÉ !!! ALLER SOCHAUX !!! ,2
2015-03-08T08:21:07Z,Mais pourquoi on ne voit pas au ralenti la faute ?! Ha mais peut être que les arbitre de la lfp son nul et qu'il n'y avait pas faute....,1
2015-03-08T00:55:45Z,CE BUT !!!!,0
2015-02-10T17:01:02Z,allez DIJON emmerde FCSM,0
2015-03-16T03:04:19Z,Roh...bloqué au Canada...pourquoi ?,0
2015-03-15T09:23:16Z,Bande d'enculé les arbitre !! Merci pour le ralenti de la faute d'arbitrage flagrante !! parce-que des hors jeux y'en a beaucoup trop qui sont sifflés !! ,0
2014-12-31T11:16:44Z,Super but de bonnet avec un bon Diallo dans les buts du HAC,1
2014-12-31T11:15:18Z,ALLEZ LE HAC,1
2014-11-23T04:35:36Z,Personne dans les tribunes... mauvaise idée ce stade océane,1
2015-04-08T13:39:49Z,"#Ligue2 - Classement des passeurs - Julien Faussurier a ramené les Lionceaux ! 
Le capitaine du FC Sochaux-Montbéliard a signé un doublé à la passe pour entrer dans le Top 10 des passeurs et permettre le match nul contre les Lavallois lors de la 30e journée de Ligue 2 - http://www.lfp.fr/ligue2/article/julien-faussurier-a-ramene-les-lionceaux.htm",1
2015-04-06T17:02:01Z,but de said<3,0
2015-04-06T16:24:15Z,La def de sochaux et vraiment mauvaise :/,0
2015-04-06T09:02:22Z,Laval a le niveau de sochaux,0
2015-04-05T07:50:07Z,Allez le FCSM !!! On croit encore à la remontée en Ligue 1 !!!!,2
2014-10-28T13:39:36Z,"Jetai dans ce macht et jaitai  pour Sochaux
",0
2014-10-26T12:37:43Z,aller sochaux mais c'est quoi ce commentateur en carton,0
2014-10-25T22:03:01Z,aller sochaux,2
2015-01-11T21:00:23Z,Il faut que les sochaliens continu comme ça ,0
2014-12-22T12:46:56Z,Allez sochaux !!!!!!,0
2014-11-30T09:25:14Z,Ensemble pour remonter en ligu1 les lionceau,0
2014-11-30T08:23:40Z,Allez sochaux!,0
2015-05-03T09:54:42Z,Gros match.,0
2015-03-08T11:17:34Z,Tours FC <3,1
2015-03-08T11:07:24Z,le premier et le dernier sont magnifique :o,2
2015-03-01T16:10:15Z,Allez les sochaliens,0
2015-03-24T15:16:37Z,"#Ligue2 - Classement des buteurs - « KTE », un Lionceau menaçant !
Après son doublé de la 29e journée, Karl Toko Ekambi (FC Sochaux-Montbéliard) revient dans la course au podium et au titre de meilleur buteur de Ligue 2 - http://www.lfp.fr/ligue2/article/kte-un-lionceau-menacant.htm",4
2015-03-22T10:29:49Z,Allez Sochaux !!!! Magnifique le 3ème but ! 😀,6
2015-03-22T10:29:10Z,"Quel but de Berenger, le plus beau but de ligue 2 de cette saison!",2
2015-03-22T08:56:39Z,Allez sochaux,4
2014-08-03T07:15:51Z,Pas d'accord avec Echouafni l'US Orleans mérite sa victoire car elle a eu plus l'intention de jouer que Sochaux,0
