publish_date,title,view_count
2015-07-17T09:20:12Z,Great Mahrez Training Goal,33884
2015-03-18T17:46:07Z,Riyad Mahrez by Leicester,95
2014-10-10T00:27:20Z,"Riyad Mahrez ● Goals, Skills, Assists ● 2014 HD",62
2014-12-28T18:08:52Z,Mahrez On Match Winner,15322
2015-05-25T09:48:53Z,Best Football Moment of Riyad Mahrez,2257
2015-05-09T17:21:13Z,Mahrez: Fans Were Fantastic,9584
2015-01-06T09:33:43Z,Mahrez Previews AFCON,1970
2015-02-20T15:46:36Z,Mahrez: We&#39;re Still Confident,2031
2014-12-28T19:57:04Z,"Riyad Mahrez Marque Le But de Victoire Pour Leicester, Doublé Pour Mame Diouf | AFR #29",91251
2014-10-16T19:02:57Z,MAHREZ MAN OF THE MATCH VS MALAWI,3929
2015-07-30T09:22:00Z,But de Ryad Mahrez face à Rotherham,7016
2014-10-14T17:18:25Z,brahimi vs mahrez best of HIGHLIGHTS 2013 2014,7090
2015-01-27T19:23:48Z,Algerie vs Senegal 1 0  But de Riyad Mahrez 27 01 15 CAN 2015,224
2015-02-21T08:44:02Z,Austin Training  with Mahrez Bettache. Westway London,285
2015-07-21T22:24:20Z,Match amical Lincoln City 1  - Leicester City 3 Ryad Mahrez buteur,2007
2015-07-23T17:19:53Z,هدف رياض محرز ضد لينكون سيتي 2015/07/22 HD,1502
2014-09-13T21:28:36Z,Mahrez vs Mali Man Of The Match LGDF,2266
2015-01-27T19:04:09Z,Sénégal 0 - 1 Algérie Beau But De Mahrez,440
2014-10-06T14:31:44Z,RYAD MAHREZ,233
2014-10-16T20:33:35Z,Algérie vs Malawi HD (Les Buts) 2014,842
2014-09-27T23:36:53Z,Algeria - 2014 World Cup Review | All Goals HD,15422
2015-05-09T14:28:17Z,"Leicester vs Southampton 2-0 GOAL Mahrez 7`, 19`",705
2014-10-15T20:36:54Z,2eme But par Mahrez 2-0 Pour L&#39;Algérie,100
2014-10-15T20:31:29Z,هدف رياض محرز 2-0 للجزائر,1108
2015-06-27T00:03:10Z,Algerian Players ► Amazing Skills Show ● Tricks ● Dribbles ● Volume 1 | 1080p HD,164285
2014-09-10T21:18:10Z,Carl Medjani but - Algérie vs Mali (1-0) | Qualifications CAN 2015,40168
2014-12-08T20:50:16Z,هدف ليستر سيتي بعد تسديدة من رياض محرز,281
2015-04-24T15:09:47Z,Eden Hazard doing amazing skills with F2Freestylers!,11108540
2015-03-20T01:46:52Z,Algerian Skills &amp; Goals ● Volume 1 ● 2014-2015 ● HD,91818
2015-03-28T21:42:28Z,(Algerie vs Oman): Déclarations de &quot;Ishak Belfodil&quot; et &quot;Riyad Mahrez&quot; Avant le Match à Qatar,465
2015-01-27T20:48:42Z,Sénégal 0-2 Algérie Les Beaux Buts Mahrez et Ben Taleb,578
2015-01-27T19:52:14Z,Sénégal vs Algérie (0-2) | CAN 2015,18605
2015-06-13T22:20:56Z,Algérie vs Seychelles (4-0) | Qualifications CAN 2017,25426
2015-01-27T18:26:24Z,Algerie vs Senegal 2 - 0  Can 2015,4345
2015-01-01T20:40:35Z,مخالفة رياض محرز في القائم ضد ليفربول 01/01/2015,5857
2015-01-01T16:20:41Z,مخالفة رياض محرز الثانية و الخطيرة HD,1100
2015-01-27T20:23:55Z,الجزائر   السنغال 2 0 رياض محرز الهدف كأس الأمم الأفريقية,222
2014-09-10T19:42:21Z,محرز يضيع فرصة سانحة,93
2015-01-30T22:39:18Z,ALGERIA CAN 2015,858
2015-02-01T08:46:01Z,Copy of ALGERIA CAN 2015,412
2014-10-16T03:40:40Z,Algeria 3 – 0 Malawi - Africa Cup of Nations Qualification - 15.10.2014,106
2015-04-19T23:04:49Z,كل مافعله رياض محرز ضد سوانزي سيتي 2015,840
2014-11-13T10:40:11Z,هدف رياض محرز الرائع  HD,101
2015-02-09T13:03:17Z,Senegal Vs Algeria ( Group C ) - Africa Cup of Nations,14324
2014-12-28T15:00:09Z,HULL - LEICESTER  0-1,184
2014-11-15T20:27:30Z,هدف محرز ضد اثيوبيا,1601
2014-08-23T10:29:06Z,مدرب ليستر يثني على  رياض محرز قبل موقعة تشيلسي,1109
2015-02-22T22:44:23Z,Best Dribbling Skills 2015 Ft ● Bale ● Isco ● Pogba ● Hazard ● Ronaldo ● Messi ● Neymar ● Lucas HD,53545
2015-01-20T19:22:25Z,SKILLS DIORDANO,239
2015-06-03T15:10:06Z,Didier Drogba - Spotlight On,105
