publish_date,title,view_count
2014-11-04T11:00:06Z,Valenciennes FC - Angers SCO (1-0)  - Résumé - (VAFC - SCO) / 2014-15,7943
2014-10-25T22:00:02Z,Angers SCO - Clermont Foot (3-0)  - Résumé - (SCO - CF63) / 2014-15,8650
2014-09-20T22:00:02Z,Stade Lavallois - Angers SCO (3-2)  - Résumé - (LAVAL - SCO) / 2014-15,15041
2015-01-17T23:00:05Z,AC Arles Avignon - Angers SCO (1-3)  - Résumé - (ACA - SCO) / 2014-15,8504
2014-11-08T23:00:07Z,Angers SCO - Dijon FCO (1-0)  - Résumé - (SCO - DFCO) / 2014-15,13368
2014-09-27T22:00:02Z,Chamois Niortais - Angers SCO (2-1)  - Résumé - (NIORT - SCO) / 2014-15,3631
2014-09-24T22:00:05Z,Angers SCO - AJ Auxerre (0-0)  - Résumé - (SCO - AJA) / 2014-15,2303
2014-12-20T19:26:41Z,FC Sochaux-Montbéliard - Angers SCO (1-1)  - Résumé - (FCSM - SCO) / 2014-15,5197
2014-12-13T23:00:02Z,US Orléans - Angers SCO (2-3)  - Résumé - (USO - SCO) / 2014-15,6789
2014-10-18T18:22:23Z,Havre AC - Angers SCO (1-0)  - Résumé - (HAC - SCO) / 2014-15,5786
2014-11-22T23:00:04Z,AC Ajaccio - Angers SCO (1-1)  - Résumé - (ACAJ - SCO) / 2014-15,3722
2014-12-12T23:32:36Z,réactions après Orléans SCO,271
2014-10-04T19:05:35Z,Angers SCO - US Créteil-Lusitanos (3-0)  - Résumé - (SCO - USCL) / 2014-15,8752
2015-01-10T23:00:09Z,Angers SCO - AS Nancy-Lorraine (3-1)  - Résumé - (SCO - ASNL) / 2014-15,13819
2014-11-29T23:00:06Z,Angers SCO - ESTAC Troyes (0-3)  - Résumé - (SCO - ESTAC) / 2014-15,7832
2014-10-11T22:36:24Z,هدف المغربي بركديش,338
2014-10-26T23:00:06Z,Goal Alharbi EL JADEYAOUI (11&#39;) / Toulouse FC - RC Lens (0-2) - (TFC - RCL) / 2014-15,516
2014-10-24T21:17:16Z,Al Harbi El Jediyaoui,99
2014-09-04T01:16:45Z,Zakarya bergdich vs Qatar,1000
2015-04-09T19:15:58Z,Bergdich Zakarya,289
2014-10-11T21:33:35Z,Zakarya Bergdich,650
