published-time,comment,likes
2014-11-05T11:54:28Z,le match nul aurai été plus logique vu le déroulement du match .. ,0
2014-11-04T18:07:58Z,,0
2014-11-04T11:34:53Z,#Ligue2 - J13 - Revivez les meilleurs moments de Valenciennes FC - Angers SCO (1-0) en vidéo grâce à notre chaîne officielle YouTube ! ,3
2014-12-30T12:48:06Z,allez le sco,3
2014-10-28T16:39:09Z,"#Ligue2 - Classement des buteurs - Après la 12e journée de Ligue 2, Jonathan Kodjia (Angers SCO) retrouve les commandes du classement officiel des buteurs - http://urlz.fr/QO5",6
2014-10-26T11:08:32Z,le logo de l'ASNL pour Clermont wtf?,3
2014-10-26T01:33:32Z,Vincent manceau pas marceau,7
2014-12-30T19:48:17Z,ALLEZ LAVALOIS MAYENNE,1
2014-11-28T17:23:04Z,Allez Laval!,1
2014-10-29T07:14:51Z,Les lavallois ne mérite pas cette victoire !               Angers Sco <3,0
2014-09-24T13:02:40Z,FUCK LAVAL,1
2014-09-24T06:39:42Z,on les a encore bien baisé les angevins comme l'an dernier ;),7
2014-09-21T14:59:38Z,Allez Laval !,10
2014-09-21T08:14:58Z,Angers a dominé dommage :/ manque de réussite notamment avec un pénalty (encore) oublié et le poteau vraiment malchanceux...,3
2015-01-21T16:50:37Z,#Ligue2 - Classement des passeurs - Angers SCO a remporté son 2e match de Ligue 2 en 2015 en réalisant trois nouvelles passes décisives pour bondir de la 15e à la 3e place du classement des passes décisives par club après 20 journées - http://minilien.fr/a0nwd7,3
2015-01-19T10:00:16Z,#Ligue2 - J20 - Retrouvez les résumés des matchs de vendredi et samedi sur la chaîne officielle Youtube !,3
2014-11-10T10:02:22Z,#Ligue2 - J14 - Revivez les meilleurs moments de Angers SCO - Dijon FCO (1-0) en vidéo ainsi que tous les autres résumés de la 14e journée grâce à notre chaîne officielle YouTube ! http://urlz.fr/TVQ,7
2014-11-09T11:06:41Z,"Vous aimez le foot ? Vous avez facebook ? Venez me suivre sur la pages 
Infos ligue 1 et ligue 2 
Merci et aller le sco",0
2014-11-09T10:57:10Z,Belle victoire du sco !!,1
2014-11-09T10:27:10Z,Superbe beau  but de boufal !!!!!!,4
2014-09-27T23:21:36Z,zlatan 1er,1
2014-12-29T16:14:59Z,EN TANT QUE SUPPORTER DE CAEN JE TROUVE ANGERS INCROYABLE,1
2015-06-16T00:51:22Z,"Je rêve ou a 0:48 y'a un type qui hurle ""J'BAISE TA MEEEEEERE"" ? X)",0
2014-12-29T18:18:45Z,,0
2014-12-29T18:18:33Z,ALLEZ CAEN,0
2014-12-23T12:31:16Z,Allez l'USO Bout sco :-) USO allez allez :-D ,0
2014-12-15T08:24:12Z,#Ligue2 - J17 - Retrouvez les résumés des matchs de vendredi et samedi sur la chaîne officielle YouTube !,4
2014-12-14T13:13:42Z,"On en parle du but du SCO refusé pour hors-jeu ? il est où le hors-jeu là?? Niveau positionnement, on voit qu'au moment où part le ballon le joueur n'est pas hors-jeu, et en plus c'est un joueur d'Orléans qui tape dans la balle ... Heureusement que le SCO gagne...",0
2014-12-14T09:54:17Z,Allez le SCO ,0
2014-12-14T08:16:21Z,allez le sco,0
2014-12-13T23:46:29Z,Allez USO ,0
2014-11-23T17:02:00Z,On en parle du hors-jeu flagrant sur le but de ajacio ?? Encore un mauvais arbitre,0
2014-11-23T08:15:33Z,"allez le sco
Rendez vous contre troyes",1
2014-11-22T23:26:52Z,Pourquoi ils montrent pas le penalty oublié en fin de match ? ,0
2014-10-09T16:24:11Z,Punaise pour une fois la réussite est la ça fait plaiz ,0
2014-10-07T15:35:18Z,"#Ligue2 - Classement des buteurs - L’attaquant d’Angers SCO Jonathan Kodjia a réussi un doublé en quatre minutes contre l’USCL lors de la 10e journée, de quoi lui permettre de revenir en 2e position au classement des buteurs de Ligue 2 - http://bit.ly/1t1iLo1",0
2014-10-05T13:33:40Z,Le SCO sont les meilleurs depuis 3-4 ans ils sont au top ! ,1
2014-10-05T12:12:17Z,Créteil pouvait largement faire match nul ou même gagner ils ont just pas eu d'chance mem si ils ont eu vla d occas,0
2014-10-05T10:38:03Z,Le 1er but de Kodjia est juste superbe ! Du viol !,0
2014-10-04T21:54:20Z,A 0.12 il croit qu'on a la pas vue se gratté les couilles le gardien de creteil,0
2014-10-04T20:44:39Z,Il a rien respecté Kodja :) La dalle angevine est de retour ! Let' sco,7
2015-01-15T19:11:28Z,je pourrais  avoir les stats du match svp (tirs et possessions de sdeux côtés) merci d'avance,0
2015-01-13T16:11:40Z,"#Ligue2 - Classement des buteurs - Grâce à un triplé contre l’ASNL, Jonathan Kodjia (Angers SCO) retrouve une place sur le podium du classement officiel des buteurs de Ligue 2 après la 19e journée - http://minilien.fr/a0nf1g",8
2015-01-12T18:04:19Z,Quelle beau but du jeune lusamba 18ans avec un énorme potentiel ,0
2015-01-12T07:24:08Z,Propre,0
2015-01-11T07:47:32Z,Belle ambiance et beau match !!!,3
2015-01-10T23:32:01Z,"Je crois que Kodjia glisse sur le penalty (?), c'est dommage si c'est le cas, encore une décision arbitrale en notre défaveur.
Bon après, 2-1 ou 3-1, ça change pas grand chose.
Bravo a Letellier et au SCO, c'est incroyable de ne pas prendre de buts sur la deuxième mi-temps.",6
