publish_date,title,view_count
2015-05-23T15:27:31Z,Kelic öngólja a Puskás Akadémia FC - Újpest FC  mérkőzésen,654
2014-12-28T16:01:09Z,MODENA  LATINA   0-0,50
2015-01-05T22:38:52Z,ACRI - CITTANOVESE - Mister Pascuzzo,125
2015-01-31T20:48:39Z,PISA - SAVONA /  2 - 0 /  ALBERTO PELAGOTTI - Intervista,142
2015-03-21T14:00:00Z,AVELLINO - PERUGIA. 1--2,744
2015-05-28T06:56:27Z,Cremonese il rompete le righe e i saluti,228
2015-06-15T16:10:25Z,"Bari, attento a non perdere Castrovilli: parla Di Campli",3852
2015-07-22T10:52:05Z,"Cremonese, i volti dei nuovi grigiorossi",483
2014-11-13T13:55:04Z,Quarta seduta in vista del Bari e intervista a Claiton Dos Santos,363
2015-05-18T13:43:07Z,Urbano: &quot;Scalera e Castrovilli l&#39;anno prossimo in prima squadra&quot;,429
2015-04-08T10:05:55Z,"Claiton: contro lo Spezia vittoria fondamentale, avanti così",431
2015-01-14T21:33:49Z,Us Scafatese ko in amichevole con l&#39;Avellino | Zero a Zero TV,207
2015-03-23T09:10:13Z,Ascoli - Reggiana 1 a 1,705
2015-03-30T07:21:30Z,"Serie D, Ostiamare-Selargius 4-1: Chiappara e De Nicolò nel post-gara",134
2015-01-17T16:57:12Z,Massimo Rastelli nel dopo gara di Pro Vercelli-Avellino,379
2014-12-29T10:13:54Z,Post Partita Avellino Brescia Luigi Castaldo 28/12/2014,161
2014-08-09T03:25:06Z,"Roberto MALTAGLIATI difensore del Torino, intervistato da Fabio Milano",583
