published-time,comment,likes
2015-07-25T03:48:37Z,"what a low class due, uneducated, unrespect and dirty .",1
2015-07-23T04:09:04Z,"Cette CAN, à était volé à l’Algérie on n 'est le 1er pays africain qui aidons nos frères africains, on n'efface des dettes de pays africains ( 14 pays !), on construit des stades dignes d'un EURO, on possède à l'heure d’aujourd’hui, le meilleur championnat d’Afrique avec 3 clubs algériens aux derniers carré de la Ligue des champions africaines (du jamais vu dans l'histoire du foot africain ) et, malgré sa on nous vole une CAN qui, en outre je signale le Gabon la déjà organiser en 2012... nous depuis 1990 on l'attend...
Elle est belle l'Afrique....",16
2015-07-22T17:32:01Z,"Olha a hum
ildade do MESSI !!!!!! nota 10",10
2015-07-22T14:47:53Z,thank god isko kisi neh goli nahi maari.,1
2015-07-22T14:26:39Z,Messi,10
2015-07-21T16:01:43Z,C'est honteux! tout simplement honteux.,29
2015-07-21T12:16:58Z,L'africain fait pitié,24
