published-time,comment,likes
2015-02-07T15:34:31Z,lol j'adore,1
2014-11-28T23:15:06Z,différent*,4
2014-10-31T05:27:00Z,Depuis il se.sont battus... ,13
2014-10-21T15:49:23Z,"Ai rien compris de se quil ses passer
",9
2014-10-20T15:53:33Z,First ptdrr premiere fois de ma vie ,5
2015-03-18T19:48:05Z,Thx for the vid :D,0
2015-02-16T16:31:12Z,What is the songs name,0
2015-01-16T16:57:15Z,Song please ?,0
2015-01-13T16:05:27Z,"cool, I wanted to see this",0
2015-07-01T15:52:28Z,Porto is after him also,0
2015-06-16T23:37:02Z,am happy to hear Milan are after him and soon there will be an official contact with the fransh club to discuss prossible move as his fatherwas happy to hear a move to serie a. Thx for this great vids,1
2015-02-11T03:39:24Z,good pass good defence. fast i see his future is bright. ,0
2015-01-02T16:27:05Z,"Congratulations to 1k subscribers!
You deserve it.",1
2014-12-23T17:08:34Z,"Gökhan Töre | Besiktas | Assists, Tackles, Skills :) please",0
2014-11-25T23:54:07Z,:),0
2014-11-25T19:15:29Z,"One of the best vids youve made. He is one of those next gen full backs. I think you should have som info of the player b4 the vids like what scout nation does. Also, what about doing Atsumo Uchida from Schalke 04",0
2014-11-23T10:26:19Z,"+Taabish Nomani - Comment much appreciated! We've certainly come a long way this year, hopefully 2015 will be even better for Futbol Scout. We'll definitely get some variety into our videos, any suggestions?",1
2014-11-23T09:58:30Z,The only moment I don't like in the vid is at 4:30 because the freen becomes very bright but other than that amzing!,0
2014-11-23T09:52:53Z,"Futball scout, I congratulate you on your success! You videos are amazing as they are in very good quality and capture amazing moments of the players you post. Could you do a video on some goalkeepers as they would be very much appreciated. Thanks and good luck with your channel!

-Taabish 😄👍",0
2014-11-05T10:17:52Z,"Je l'ai aussi son probleme au genoux , sa fait trop chier !",5
2014-10-24T16:13:30Z,Go ahead marseille and we have to win the derbi of olympics,0
2014-10-19T22:08:11Z,Its nice to see OM ahead of P$G and MONA€O,14
2014-12-05T07:42:07Z,lorient don't deserve to win any games for usng turf on their home ground ffs,0
2014-09-09T00:43:35Z,Allez L'OM!!,0
2014-09-01T00:09:32Z,ALLEZ MARSEILLE,5
2014-08-31T23:39:27Z,finally home win. Man of the match Payet!,2
2015-05-15T09:23:53Z,"Falais juste y croire jusqu'au bout !
Aller l'OM",1
2015-05-12T12:59:04Z,,0
2014-10-26T18:12:12Z,le match tèrminer vous auriez pu nous laissez des image du match surtout si nous n'avons pas beaucoup d'argent et SURTOUT somme supporter  POUAF à vous les richard .,0
2014-10-23T12:36:54Z,Avant c'etait dario et david ,0
2014-10-23T12:19:09Z,.c chiant mais first XD,0
2014-10-10T02:15:27Z,"Un capo Marcelo Bielsa , seguro aprenderan mucho los jugadores del marsella",0
2014-10-06T00:34:56Z,Marseille unstopable..remind me old marseile when Cana was captain,6
2015-06-05T11:34:12Z,olymplque  marseille  mersi de ma bonne a machen  er   chu pou  om,0
2014-12-14T17:19:46Z,Marseille domine.,4
2014-12-13T17:13:23Z,nous sommes les marseillais...................,11
2014-11-29T11:13:06Z,#MARSEILLEAUCUNMÉRITE,0
2014-11-28T23:07:30Z,ici c'est marseille <3,2
2014-11-28T12:14:18Z,Je suis pour paris mais bravo a l'om !,14
2014-11-25T21:48:35Z,FORZAAA L'OM A LA VIE A LA MORT !!!,1
2014-11-25T16:41:51Z,Marseille vous etes con des connar et des salot salut c est manon,0
2014-11-25T16:38:43Z,Marseille vous etes con des connar et des salot salut c est manon,0
2014-11-25T13:30:20Z,"#Ligue1 - Classement des passeurs - Fort d’un doublé à la passe face aux Girondins, Dimitri Payet (OM) prend la tête du classement officiel des passeurs de Ligue 1 avec cinq unités - http://minilien.fr/a0ncyp
Le classement complet : http://minilien.fr/a0ncyq",30
2014-11-25T13:20:39Z,great performance,0
2014-11-24T22:41:26Z,"Même si ça peut paraître étonnant, je trouve qu'un match nul n'aurait pas été si immérité, bien que les statistiques ne l'affirment pas. J'ai regardé le match et honnêtement, cela pouvait basculer d'un côté comme de l'autre. Malheureusement, on a pas su être assez tueurs sur nos quelques occasions, comme contre Sainté, Bastia, Caen ou encore Reims et 2 erreurs défensives nous ont puni en fin de match ... Bravo aux marseillais, et dommage car ramener un point du Vélodrome aurait fait plaisir et nous aurait permis de garder le wagon de tête à portée.",0
2014-11-24T19:50:47Z,Allez ol,0
2014-11-24T18:46:26Z,"Tres beau match , j'espère que bielsa va rester quant aux joueurs restet dans cette dynamique et allez om !!!",1
2014-11-24T16:16:53Z,"Beaucoup parlent des absents marseillais, mais à bordeaux il manquait Diabaté, Jussie, Saivet, Sané, Faubert et Contento ... soit 6 titulaires ! 5 joueurs formés au club sur la pelouse, dont 2 qui jouaient en CFA l'année dernière.
Le match en lui même était intéressant, Marseille mérite sans doute la victoire ... mais la mérite dans le foot n'existe pas trop. On perd le match à cause d'un erreur de jeunesse de Rolan, qui reste devant au lieu de venir se placer au second poteau comme il devait le faire. Dommage.",7
2014-11-24T14:05:20Z,Super matche plaisant a regarder allez l'OM ,0
2014-11-24T13:29:26Z,What a great game! Quick and technical players. Amazing fans and stadium. Hope that Marseille wins Ligue 1 this year. Best of luck from Albania! Allez L'OM.,23
2014-11-24T13:08:24Z,"Très bon match de Marseille :D ont à dominer tout le match , le Hold-up a faillit avoir lieu mais les joueurs ont réussis a renverser la situation malgré nos nombreux absent .
Ont ce régale chaque semaine en les voyant jouer :3 ,  sont pressing tout terrain  , sont bloque haut , sa possession , les attention d'allez toujours vers l'avent , les occasion , cette équipe et unique en ligue 1 c'est pour sa qu'ont l'adore et c'est aussi un très très beau leader du championnat. :D        ",2
2014-11-24T06:41:17Z,"Très beau match de l'OM, espérons que ça continue pour maintenir le suspense puis le PSG par-ci le PSG par-là ça suffit maintenant le championnat est à tout le monde toutes les équipes ont le droit de remporter le trophée et si c'est l'OM ça sera tant mieux pour le foot français.",0
2014-11-24T06:07:51Z,Easy,0
2014-11-24T06:01:49Z,et bah dis donc .... heuresement que marseille a payet pour tirer les cors ners parce que sinon c assez moisi niveau finition ....,0
2014-11-24T03:24:30Z,FUCK MARSEILLE,0
2014-11-24T01:14:43Z,"Quelle Grands Match, Sans l'enfant de chez nous Carrasso, Bordeaux en prenait beaucoup plus.",25
2014-11-24T00:48:05Z," 
ça va faire comment Montpellier en 2012, les Parisiens disaient ""ouais ils vont pas tenir, Paris sera champion"" mdrrr on a vu ce que ça a donné ! OM <3﻿",7
2014-11-24T00:18:51Z,"Très beau match de l'OM encore une fois !

Toujours 1er Allez l'OM ;)",8
2014-11-23T23:57:15Z,Belle victoire allez om,13
2014-08-09T10:12:02Z,"Franz Ferdinand - Take Me Out (2004)
franz ferdinand - take me out

cette saison OM-OGCN en coupe de France, une bonne moitié des buts sont pour lui... j’espère me tromper sur lui et qu'il soit d'un bon niveau avec Nice, on en aura besoin vu la saison qui se profile! ospi pej et civelli l'année derniére ça fait bcp trop de changement derriére en 2ans",0
2014-08-07T14:48:31Z,"Et la musique de la video c est quoi svp ( je sais qu elle est connue mais j ai oublier ) merci
AVANTI NISSA",1
2014-08-07T14:06:10Z,"Bon recrutement mais en deff centrale on es bien, j attend de voir ou il va jouer ISSA NISSA",0
2014-08-07T10:12:08Z,"bonne recrue, je pense qu'il faut prendre un gardien remplaçant, hassen est assez fort mais J.delle n'est pas la, mais nous te fessons confiance C.Puel ;)",0
2014-08-06T21:37:23Z,C'est vrai que il nous faut un gardien mais Hassen est assez bon,0
2014-08-06T17:31:14Z,Prenez un gardien merci ! J'espère qu'il va être bon ce Diawara,0
2014-08-06T16:09:22Z,Nous on veut un gardien,0
2014-08-06T15:34:04Z,Prener plutôt un bon gardien ,0
2014-08-06T13:49:15Z,Bienvenue a nice ! Ça fait plaisir ! ;),1
2015-03-09T11:03:40Z,Hopefully Bielsa`s men will give some fight until the end. ,1
2015-02-02T18:42:28Z,Très beau,0
2015-02-02T07:45:57Z,Lol this ref,0
2014-11-01T11:44:19Z,I am OL.,0
2014-10-28T04:30:25Z,"Way to go Lyon!!! Gourcuff is back. Hopefully! Lacazette, Njie, Umitti, soon Grenier, Fekir, Gourcuff, etc so much talent in the Lyon squad!",1
2014-10-28T00:00:37Z,"I hope Grenier doesn't get as many injuries as gourcuff,he could be a great player.",0
2014-10-27T13:39:33Z,Gotta love Gourcuff!,4
2014-10-27T08:15:26Z,FANS 1899 ,1
2014-10-27T02:33:26Z,dat fake shot....hope he stays healthy...so FIFA can rate him higher...,7
2014-10-27T01:02:41Z,Yes Lyon won!,7
2015-03-24T18:30:18Z,"If not the referee, OM should beat Lyonnais.",0
2015-03-20T01:20:41Z,They need goal line technology should be 1-0 OM,2
2015-03-17T17:15:10Z,There is goal for .Marseille pfff,0
2015-03-16T07:28:37Z,Allez OL,0
2015-03-16T06:01:31Z,OM OM OM OM <3 <3 <3,0
2015-03-16T00:51:21Z,FEKIR FEKIR!,4
2014-09-22T13:16:14Z,Alessandrini is a Fenomeno. ,2
2014-12-08T16:11:30Z,Payet best player in League 1,0
2014-12-08T13:23:49Z,Payet > Everyone in Ligue 1 right now.,2
2014-12-08T10:25:38Z,gignac > ibrahimovic,2
2014-12-08T09:51:50Z,beau match,0
2015-05-17T21:33:24Z,Ayew is a wonderful player,0
2015-05-17T17:51:04Z,What a finish by Ayew!,1
2015-01-01T22:17:54Z,"Le traducteur de cette équipe est un véritable héros XD.
Él traductor de este equipo, ESE es el VERDADERO héroe. XD
the team's translator, THAT is the REAL hero. XD",1
2014-10-03T06:23:18Z,Loco Bielsa!Loco Bielsa! Mad Bielsa!,1
2014-09-30T00:52:31Z,Let´s go crazy with Bielsa. You have to keep on building this dream.,0
2014-09-29T04:50:00Z,It's been a while since I've seen an impressive Marseille again. I mean Imbula and Ayew have come back and Gignac is on fire. Guess it's the Bielsa effect!,4
2015-04-20T01:07:09Z,Yeaaah,0
2015-03-06T01:08:59Z,"Stop acting like you are random youtube watchers who speak english, you're french, like me, tho (and probably appreciate marseille losing or psg fans)",0
2015-03-02T18:33:13Z,Allez malherbe ,2
2015-03-02T03:26:32Z,"What a turnaround for Caen. They deserve and are earning their salvation. Sala has been in fine form since his switch from Bordeaux. He'll definitely be a key player for them next season. As for Marseille well, you had Doria and you blew it.",2
2015-03-02T00:34:01Z,Marseille Caen't even keep a 2-0 lead,0
2014-11-24T16:24:39Z,Great victory OM back to top of the table,0
2014-11-24T15:56:12Z,forza massilia,0
2015-02-27T20:20:40Z,NIQUE LE OM ICI C'EST PARIS,1
2015-02-14T05:01:34Z,You dare start Zlatan on the bench?,0
2015-02-05T00:44:17Z,o psg tinha que ser campeao da copa françesa,0
2015-01-06T20:37:37Z,Chelsea will once again beat PSG,0
2014-11-21T03:42:52Z,I saw jamal crawford getting red card,0
2014-11-11T00:06:38Z,atleast psg is doing better domestically and in CL than Man City lol,1
2014-11-10T21:46:38Z,Bien jouer Marseille et aller Om,1
2014-11-10T21:08:37Z,L om sérieux vous en avait pas marre de perdre contre nous?,3
2014-11-10T16:20:01Z,ouah le carton rouge qui est abusé et les marseillais se sont fait enculé par l'arbitre moi étant pour paris je trouve ca un peu limite ...,0
2014-11-10T11:53:47Z,"NIQUE LE OM, ICI C'EST PARIS",7
2014-11-10T11:03:07Z,le carton rouge était sévère parce qu imbula y est allé à l'engagement mais sans la moindre aggressivité. sinon beau match des 2 équipes et belle victoire du psg,0
2014-11-10T10:59:19Z,"Not a big deal. We lost yesterday but our supporters are still the best and the history of the club is just incredible. PSG is a big piss of shit and when the qataries will leave the club, it will totally disappear because they don't have anything else than money. Psg doesn't have Spirit passion and history. A jamais les premiers.",3
2014-11-10T10:21:39Z,"Fuerza , Marcelo ",0
2014-11-10T09:42:48Z,congratulation PSG,6
2014-11-10T02:42:16Z,can you stop putting the scores in the video title please?  I want to have at least a bit of surprise when watching ,18
2014-11-10T01:49:35Z,Great to see Lucas finding his spot. It's been such a delight seeing him and Pastore blow up this season.,8
2014-11-10T01:11:09Z,Ref is drunk... Worst red card ever ,7
2014-11-10T00:53:51Z,Lucas= beaste,7
2014-11-10T00:33:15Z,le clasique,3
2014-11-10T00:29:27Z,Zlatan IBRAHIMOVIC <3,6
2015-03-23T11:20:56Z,"Ça va pour le petit congolais
",0
2015-03-23T02:21:35Z,How do you pronounce Thauvin's name?,1
2015-04-16T17:01:05Z,bien joué girondin,0
2015-04-13T16:11:44Z,"Invaincu durant 38 ans, merci Marseille!",0
2015-04-13T11:19:50Z,Marseille should have won,0
2014-12-19T16:38:42Z,Stade Louis 2 was rocking in the best title race in Europe.,0
2014-11-30T23:57:58Z,Wtf is the ref doing at 1:23,0
2014-08-21T03:17:23Z,Other Than That They Do Have Quite Alot Of Big Names,0
2014-08-20T06:30:14Z,Marseille's defence is absolute dogshit.,0
2015-02-13T05:57:51Z,nice punch. he deserved it :),2
