publish_date,title,view_count
2014-10-20T15:35:25Z,Gignac et Mendy règlent «un différend»,1052101
2015-01-13T15:01:56Z,"Benjamin Mendy ● Olympique de Marseille ● Tackles, Skills &amp; Assists 2015 HD",13457
2014-11-22T13:20:09Z,"Benjamin Mendy | Olympique de Marseille | Assists, Tackles, Skills | 2014/15 HD",33517
2015-05-04T00:18:57Z,Benjamin Mendy humilha Nabil Fekir e um adepto enlouquece,2655
2014-09-26T17:12:05Z,"Football / Mendy, enchanté par les supporters marseillais - 26/09",1092
2014-08-30T22:45:38Z,Mendy Vs Nice 14-15 HD 720p,1406
2014-11-05T09:29:25Z,"Mendy, l&#39;Aiglon prend son envol",5364
2014-12-19T14:24:43Z,Anecdotes de transferts : Benjamin Mendy (épisode 1/8),5204
2015-01-19T00:28:34Z,Olympique de Marseille - EA Guingamp (2-1) - Highlights - (OM - EAG) / 2014-15,5980
2015-04-17T20:54:17Z,Mendy   Marseille 2004,706
2015-03-23T08:29:32Z,Réaction de Benjamin MENDY en zone mixte après Lens-OM (0-4),940
2014-10-19T21:23:32Z,Olympique de Marseille - Toulouse FC (2-0) - Highlights - (OM - TFC) / 2014-15,9956
2014-12-05T00:45:51Z,FC Lorient - Olympique de Marseille (1-1) - Highlights - (FCL - OM) / 2014-15,2823
2014-08-31T22:00:05Z,Olympique de Marseille - OGC Nice (4-0) - Highlights - (OM - OGCN) / 2014-15,11736
2015-05-11T00:59:23Z,Olympique de Marseille - AS Monaco (2-1) - Highlights - (OM - MON) / 2014-15,10714
2014-10-23T12:16:11Z,Mendy et Eysseric à la rencontre des supporters,2104
2014-09-25T22:00:04Z,Stade de Reims - Olympique de Marseille (0-5) - Highlights - (SdR - OM) / 2014-15,4236
2015-04-17T01:19:05Z,fiche joueur Arial B. Mendy,2273
2014-10-05T21:01:35Z,SM Caen - Olympique de Marseille (1-2) - Highlights - (SMC - OM) / 2014-15,8605
2014-09-27T22:19:48Z,FOOT - L1 - OM - Mendy : «Plus en confiance»,208
2014-11-23T23:45:43Z,Olympique de Marseille - Girondins de Bordeaux (3-1)  - Résumé - (OM - GdB) / 2014-15,249704
2014-08-06T13:24:02Z,Souleymane Diawara à l&#39;oeuvre,23127
2015-04-05T21:59:59Z,OGC Nice - Evian TG FC (2-2) - Highlights - (OGCN - ETG) / 2014-15,896
2015-03-08T22:59:59Z,Toulouse FC - Olympique de Marseille (1-6) - Highlights - (TFC - OM) / 2014-15,4846
2015-02-01T22:59:59Z,Olympique de Marseille - Evian TG FC (1-0) - Highlights - (OM - ETG) / 2014-15,2031
2014-10-27T00:51:24Z,Olympique Lyonnais - Olympique de Marseille (1-0) - Highlights - (OL - OM) / 2014-15,13121
2015-03-15T23:38:43Z,Olympique de Marseille - Olympique Lyonnais (0-0) - Highlights - (OM - OL) / 2014-15,7508
2014-09-21T22:01:22Z,Olympique de Marseille - Stade Rennais FC (3-0) - Highlights - (OM - SRFC) / 2014-15,6965
2014-12-08T00:43:15Z,Olympique de Marseille - FC Metz (3-1) - Highlights - (OM - FCM) / 2014-15,9203
2015-05-17T02:10:04Z,LOSC Lille - Olympique de Marseille (0-4) - Highlights - (LOSC - OM) / 2014-15,4657
2014-09-28T23:25:00Z,Olympique de Marseille - AS Saint-Etienne (2-1) - Highlights - (OM - ASSE) / 2014-15,11326
2015-02-22T23:51:31Z,AS Saint-Etienne - Olympique de Marseille (2-2) - Highlights - (ASSE - OM) / 2014-15,6841
2015-03-01T23:00:00Z,Olympique de Marseille - SM Caen (2-3) - Highlights - (OM - SMC) / 2014-15,3564
2014-12-21T23:18:38Z,Olympique de Marseille - LOSC Lille (2-1) - Highlights - (OM - LOSC) / 2014-15,9371
2014-11-24T00:18:02Z,Olympique de Marseille - Girondins de Bordeaux (3-1) - Highlights - (OM - GdB) / 2014-15,13235
2014-11-10T00:25:21Z,Paris Saint-Germain - Olympique de Marseille (2-0) - Highlights - (PSG - OM) / 2014-15,93167
2015-02-15T23:00:00Z,Olympique de Marseille - Stade de Reims (2-2) - Highlights - (OM - SdR) / 2014-15,4984
2015-05-03T20:15:10Z,FC Metz - Olympique de Marseille (0-2) - Highlights - (FCM - OM) / 2014-15,2532
2015-03-23T01:14:20Z,RC Lens - Olympique de Marseille (0-4) - Highlights - (RCL - OM) / 2014-15,14222
2015-04-12T23:28:27Z,Girondins de Bordeaux - Olympique de Marseille (1-0) - Highlights - (GdB - OM) / 2014-15,6325
2014-12-15T02:35:10Z,AS Monaco - Olympique de Marseille (1-0) - Highlights - (MON - OM) / 2014-15,8152
2014-08-24T22:06:44Z,EA Guingamp - Olympique de Marseille (0-1) - Highlights - (EAG - OM) / 2014-15,4436
2015-01-08T19:32:15Z,Marseille display &quot;I am Charlie&quot; slogan,716
2014-11-30T23:00:04Z,Olympique de Marseille - FC Nantes (2-0) - Highlights - (OM - FCN) / 2014-15,4188
2014-08-17T22:00:03Z,Olympique de Marseille - Montpellier Hérault SC (0-2) - Highlights - (OM - MHSC) / 2014-15,11014
2015-01-11T23:00:08Z,Montpellier Hérault SC - Olympique de Marseille (2-1) - Highlights - (MHSC - OM) / 2014-15,2525
2015-06-08T23:15:54Z,"GOL 10 - JEAN PHILIPPE MENDY,  NK Celje - NK Maribor",596
2015-04-09T10:27:15Z,Edouard Mendy 23 ans gardien,8074
2015-02-08T22:59:59Z,Stade Rennais FC - Olympique de Marseille (1-1) - Highlights - (SRFC - OM) / 2014-15,2015
2014-08-11T20:00:46Z,Highlights on Bernard Mendy ( Août 2014),200
