publish_date,title,view_count
2015-01-29T11:30:02Z,J.Depardieu - RB/CB - 19yo - Highlights - Bourse Foot USA,298
2015-02-09T16:48:24Z,Antoine LG. - 19yo - Right CB - Bourse Foot USA,48
2015-02-06T16:27:19Z,Rachid A. - 21yo - DM - Bourse Foot USA,39
2015-01-26T11:51:49Z,Romain D. - Offensive Midfielder - N°14/10 - Bourse Foot USA,245
2014-12-30T09:55:06Z,A.Legigand - PSG/CRETEIL - Dec 14 - Defensive Midfielder - Bourse Foot USA,166
2014-10-31T07:55:44Z,L.CLEMENT - 19yo VS CFA - DM - Bourse Foot USA,139
2014-12-05T12:54:29Z,A.Vial - DM - 18yo - Marseille-Montpellier - Bourse Foot USA,92
