publish_date,title,view_count
2014-08-02T14:03:43Z,Fayçal Fajr Skills,3834
2015-05-25T19:49:31Z,&quot;La Fajir&quot; Amazing skill Fayçal Fajr,12541
2015-02-11T12:58:59Z,Elche CF Oficial - Conocemos a Fayçal Fajr,3149
2014-12-06T16:47:37Z,Centro chut envenenado de Fayçal y paradón de Moyá,5192
2015-01-24T18:49:47Z,Expulsión de Fajr,5153
2015-03-10T12:44:59Z,Elche CF Oficial - RP Fayçal Fajr -10-03-15,1824
2015-04-09T21:51:21Z,Volea de Fajr al larguero,1412
2014-09-26T20:51:18Z,El chut de Fajr se estrella en el travesaño,3369
2014-11-25T12:27:28Z,Elche CF Oficial - RP Fayçal Fajr -25-11-14,494
2015-04-09T21:51:21Z,Lanzamiento de falta de Fajr y estirada de Guaita,725
2015-03-07T20:50:56Z,Polémica: gol anulado a Fajr por falta sobre el portero,1727
2015-04-20T20:35:03Z,Fajr subiendo a la grada a regalar su camiseta,928
2015-01-18T21:51:13Z,Mariño para el penalti tirado por Fajr,3493
2014-12-21T21:38:10Z,Resumen de Elche CF (1-2) Málaga CF - HD,21192
2014-12-21T20:18:25Z,Todos los goles de Elche CF (1-2) Málaga CF - HD,4250
2014-12-02T23:32:03Z,Resumen de Real Valladolid (0-0) Elche CF - HD Copa del Rey,2492
2015-07-28T23:17:41Z,Entrenamiento Campo del Hotel Mottram Hall de Manchester,1316
2015-04-09T21:51:21Z,Conducción y chut demasiado cruzado de Jonathas,202
2015-05-06T13:57:42Z,ELCHE CF Permanencia - Unidos somos fuertes !,629
2015-01-18T20:00:02Z,ELCHE- - LEVANTE   1-0,142
2014-09-21T22:00:33Z,Le coup-franc en lucarne de Jean CALVE (86&#39;) / Toulouse FC - SM Caen (3-3) - (TFC - SMC) / 2014-15,3422
2014-11-25T12:18:06Z,Elche CF Oficial - #GanamosYPerdemosJuntos,1381
2015-05-03T21:19:59Z,Todos los goles de Málaga CF (1-2) Elche CF,6445
2014-08-11T18:05:40Z,FCN Lens coup franc + sortie de Riou + ambiance,290
2014-09-24T23:53:38Z,Football / Le Paris Saint-Germain renoue avec la victoire - 24/09,201
2015-05-03T21:17:19Z,Jonathas: &quot;Con tanto trabajo y empeño hemos demostrado que somos de primera&quot;,1145
2014-08-16T20:49:55Z,Belhanda face a Auxerre,69
2015-03-12T20:40:17Z,Josip Ilicic Goal Fiorentina vs AS Roma 1-1 (Europa League 2015) HD 12/03/2015,808
2015-03-15T22:59:59Z,But Serge GAKPE (47&#39;) / FC Nantes - Evian TG FC (2-1) -  (FCN - ETG) / 2014-15,662
2015-02-15T23:00:00Z,But Hervé BAZILE (90&#39; +2) / Paris Saint-Germain - SM Caen (2-2) -  (PSG - SMC) / 2014-15,41991
2015-02-19T14:30:30Z,"Atlético de Madrid - UD Almería y Elche CF - Real Madrid, en el punto de mira",3206
2015-04-06T19:49:09Z,Mano a mano de Jonathas que sale y atrapa Casilla,579
2015-07-20T15:46:04Z,Elche CF Oficial - Amistoso: Elche CF - C.D Eldense - 18/07/2015,1860
2015-02-23T19:54:02Z,Cezary Wilk | El Lobo de Varsovia,2400
2014-08-02T08:32:37Z,Feddal entra in campo per la prima volta con i compagni del Palermo 2-08-2014 by Mediagol.it,797
2014-11-28T16:04:31Z,اهداف مباراة ريال مدريد 4 1 اتلتيكومدريد  عصام الشوالي HD عالي الجودة,57
2015-03-04T11:14:40Z,Elche CF Oficial - Estadios en positivo (1/6),5571
2015-06-02T17:05:18Z,Red Blue Angels 2014-2015,164
2015-01-06T18:14:55Z,Stage hivernal : Day 2,3227
2014-12-30T20:19:57Z,Crowning moment Mehdi Benatia 2014,91
2015-06-10T10:15:28Z,Elbotola.com : خرجة يوجه رسالة ب&quot;الدارجة&quot; و&quot;&quot;الأمازيغية&quot;,24149
2015-05-10T16:52:10Z,Disparo de Mosquera que se estrella en el palo,394
2014-08-30T17:58:30Z,"Aritz Aduriz Goal | Athletic Bilbao vs Levante, 2014",110
2014-11-09T17:26:56Z,Montage des Buts de Jean calvé !,2932
2015-03-11T17:29:40Z,ELCHE C F  Resumen del partido Elche Almería,37
2015-02-06T23:14:43Z,"Zona Mixta de Fabricio, Cavaleiro y Lucas Pérez en Riazor 07.02.2015",2100
2015-02-07T16:11:53Z,Deportivo La Coruna 2 - 0 Eibar All Goals and Highlights HD 6 2 2015,235
2014-09-06T17:16:20Z,Bravo y Pinilla en la zona mixta tras la ultima práctica de la roja en Santa Clara,188
2015-05-25T17:47:07Z,plein lucarne,133
2015-04-27T23:28:09Z,Hachim Mastour - Welcome to PEC Zwolle 2016 | HD,9863
