publish_date,title,view_count
2015-07-18T07:14:21Z,François Kamano - 2015 - Skills Assists Goals - Bastia 4K,2856
2014-09-24T22:20:54Z,Lass Bangoura 19 ★ Rayo Vallecano de Madrid ★ Goals Skills and Assists,38433
2015-02-06T15:22:40Z,Ghana 3 - 0 Equatorial Guinea All Goals &amp; Highlights Africa Cup of Nations 05 02 2015 HD,289
2014-08-02T08:37:56Z,Mohamed Yattara  - Crazy Skills Dribbling &amp; Goals /Full ᴴᴰ/,55889
2015-05-01T13:19:41Z,François Kamano /25/ SC Bastia ► Skills Assists Goals /4K Ultra HD/ 2015,24727
2014-09-02T11:06:57Z,ŠK Slovan Bratislava - Dukla Banská Bystrica 3:1,1964
2014-11-15T14:28:30Z,Portrait | Florentin Pogba (3/3),22387
