published-time,comment,likes
2015-06-29T08:49:25Z,Bienvenue à l'OL Claudio !!!,1
2015-06-28T03:43:21Z,Welcome to OL,1
2015-06-27T18:10:20Z,"L'Olympique Lyonnais est heureux d'informer d'un accord avec le club de Guingamp pour le transfert de l'attaquant Claudio Beauvue.

Claudio Beauvue signera un contrat de 4 ans avec l'OL, soit jusqu'au 30 juin 2019, une fois passés les examens médicaux nécessaires en début de semaine.

5ème buteur du dernier championnat avec 17 buts, mais 3ème buteur français de Ligue 1 derrière Alexandre Lacazette et André-Pierre Gignac, Claudio Beauvue a marqué 27 buts sur l'ensemble de la saison écoulée dont 5 en Europa League.

Avec les arrivées de Jérémy Morel et de Claudio Beauvue, et les retours après une longue indisponibilité de Gueïda Fofana et Clément Grenier, l'Olympique Lyonnais a bouclé l'essentiel du mercato estival qu'il avait planifié, tout en conservant ses jeunes joueurs issus du centre de formation dont Clément Grenier qui a prolongé son contrat jusqu'au 30 juin 2018; et dans l'attente cette année ou l'année prochaine d'un défenseur central expérimenté.",2
2015-06-27T13:59:45Z,"Salut,
Quelqu'un peut me dire à quel poste il peut jouer exactement ?
J'ai jamais vu de match complet avec lui (je sais, footix toussa...) et je connais pas son registre.
J'ai lu milieu offensif/attaquant mais plus précisement ? C'est quoi ses points forts ?
Bon, j'ai regardé la vidéo mais quelqu'un peut développer ?
Merci.",0
2015-06-27T06:44:27Z,Beau transfert pour lyon ! 😁,0
2015-06-26T11:48:25Z,Welcome to OL!,6
2015-06-20T02:00:27Z,Go Marseille Beauvue gooooooo tu attend quoi!!,1
2015-06-14T17:43:05Z,quand tu vien de gaimgamp et que l'om te propose un bon salaires en plus tu vien tu discute pas le melon le gars heureusement qu'il joue pas pour le barca,1
2015-06-14T10:30:52Z,Vien a L'OM on t'attend !,3
2015-05-10T22:47:40Z,Come to the mighty HOTspurs!,0
2015-04-25T19:28:26Z,,0
2015-03-24T17:33:44Z,Monsieur Air Beauvue !,0
2015-03-24T13:39:53Z,"#12 CLAUDIO BEAUVUE
Guingamp, Ligue 1
Date of birth: Apr 16, 1988
Age: 26
Height: 1,74 m
Nationality: France / Guadeloupe
Position: Striker - Centre Forward
Foot: right",1
2014-09-29T16:21:46Z,"Franchement le mhsc il sont leader au classement fair play et 7 ème du championnat pas beaucoup de but marqué et très peu de but encaissé bref.forza Montpellier

",2
2014-09-29T08:45:55Z,"La chose la plus importante qu'ait apportée Courbis selon moi, c'est que Montpellier ne prend presque plus de cartons. Ça change de l'année dernière.",0
2014-09-23T15:25:11Z,"Décu par les résumés proposés par cette chaine. Il y a clairement un parti pris quand aux faits de jeux montrés. Pourquoi montrer le péntaly non-sifflé pour Guingamp et pas celui non-sifflé pour Monaco ? A en croire ce résumé le match était équilibré, pourtant au final il y a eu 20 frappes de l'ASM contre seulement 3 pour Guingamp...",1
2014-09-23T11:31:22Z,MERCI L'ARBITRE POUR LE PENALTY!!!!,0
2014-09-22T15:06:43Z,Bien partial ce résumé.  Oui il y avait penalty pour guingamp mais il y avait aussi penalty pour Monaco.  Globalement l'arbitrage a été mauvais,1
2014-12-05T10:13:41Z,fier d'etre guingampai,2
2014-08-24T02:48:57Z,WAC vs KAC 3-1 Botola Pro 14/15 هدف الوداد الأول : http://youtu.be/u79YGjbmM_U,0
2015-07-10T07:28:54Z,Done,0
2015-06-28T22:30:09Z,"Awsome
",0
2015-06-28T22:19:52Z,Great video mate fantastic edit enjoyed it Plz do Coutinho next :P subbed,0
2015-05-17T20:33:51Z,a me piace raja casablanca,0
