publish_date,title,view_count
2014-09-28T22:00:02Z,Montpellier Hérault SC - EA Guingamp (2-1) - Highlights - (MHSC - EAG) / 2014-15,1536
2014-09-21T22:00:05Z,AS Monaco - EA Guingamp (1-0) - Highlights - (MON - EAG) / 2014-15,2817
2015-03-24T13:15:14Z,Claudio Beauvue &quot;NEW&quot; Celta de Vigo - Skills Dribbling Goals - 2015/16 4K,49111
2014-09-28T22:00:04Z,Montpellier Hérault SC - EA Guingamp (2-1)  - Résumé - (MHSC - EAG) / 2014-15,14231
2014-09-21T22:00:56Z,AS Monaco - EA Guingamp (1-0)  - Résumé - (MON - EAG) / 2014-15,14176
2014-09-15T21:44:44Z,avenir maritime laleu la pallice / esr,190
2014-08-17T22:00:03Z,Goal Ladislas DOUNIAMA (90&#39; +3) / RC Lens - EA Guingamp (0-1) - (RCL - EAG) / 2014-15,196
2014-11-09T17:16:14Z,BUT MARVEAUX OL-EAG,127
2014-12-17T15:19:00Z,Ibrahimovic coup franc vs guingamp,63
2014-10-15T16:23:44Z,The King Of  Dribbling,174
2014-12-07T23:00:07Z,Stade de Reims - EA Guingamp (2-3) - Highlights - (SdR - EAG) / 2014-15,1193
2014-10-10T11:20:31Z,Maroc - Afrique centrale - le plus beau but,214
2015-02-08T23:00:00Z,Goal Dorian LEVEQUE (51&#39;) / EA Guingamp - AS Monaco (1-0) - (EAG - MON) / 2014-15,217
2014-12-07T23:00:06Z,Goal Christophe MANDANNE (47&#39;) / Stade de Reims - EA Guingamp (2-3) - (SdR - EAG) / 2014-15,103
2015-05-22T18:33:09Z,Entrée SCO,450
2014-12-04T23:00:06Z,But Thibault GIRESSE (20&#39;) / EA Guingamp - SM Caen (5-1) -  (EAG - SMC) / 2014-15,843
2014-10-19T17:22:02Z,Goal Ronnie SCHWARTZ (57&#39;) / LOSC Lille - EA Guingamp (1-2) - (LOSC - EAG) / 2014-15,753
2015-02-22T21:08:37Z,Mohamed Nahiri: &quot;Une rencontre compliquée&quot;,4530
2015-04-13T16:49:01Z,Stade Rennais - En Avant de Guingamp,67
2014-11-26T22:57:36Z,Buts Azzouzi et Nouri contre le PSG (Mountakhab.net),939
2014-11-02T23:00:07Z,But Guillaume GILLET (32&#39; csc) / EA Guingamp - SC Bastia (1-0) -  (EAG - SCB) / 2014-15,704
2014-08-23T22:19:23Z,WAC vs KAC 3-1 Botola Pro 14/15 هدف الوداد الأول,287
2015-02-15T23:00:00Z,Goal Christophe MANDANNE (26&#39;) / FC Metz - EA Guingamp (0-2) - (FCM - EAG) / 2014-15,113
2014-09-14T22:00:04Z,But Moustapha DIALLO (26&#39;) / EA Guingamp - Girondins de Bordeaux (2-1) -  (EAG - GdB) / 2014-15,1046
2015-05-03T11:25:34Z,Goal Christophe MANDANNE (90&#39; +4) / EA Guingamp - Stade de Reims (2-0) - (EAG - SdR) / 2014-15,260
2015-01-11T23:00:06Z,Goal Christophe MANDANNE (17&#39;) / EA Guingamp - RC Lens (2-0) - (EAG - RCL) / 2014-15,129
2015-02-07T19:07:07Z,but Zoghlami vs COT amical,4794
2014-09-14T22:00:02Z,But Christophe MANDANNE (34&#39; pen) / EA Guingamp - Girondins de Bordeaux (2-1) -  EAG - GdB / 2014-15,840
2015-06-28T03:58:19Z,Alexandre Lacazette ● Goals &amp; Skills ● 2014/15,1011
2014-10-03T17:37:27Z,الهدف الرابع من المدرجــات من توقيع الصـغيـر الـمكــيــر محبووووب الجماهيــر |RSB 4-2 CRA|,283
2015-06-16T22:33:31Z,All Goals Portugal VS Italy 1-0 [16/6/2017],192
2015-07-26T10:19:45Z,FC Barcelone 3 - 1 Juventus Goals by CHAWALI,1150
2014-09-04T21:34:34Z,Equipe Nationale A - Maroc vs Libye: Premier jour à Marrakech,6963
2015-05-03T08:10:21Z,Hola pendant le match Guingamp - Reims 2014/2015,357
2015-04-29T16:09:54Z,RIP Nîmes Olympique,210
2015-04-10T17:52:27Z,SKILLS WYDAD 2015,38263
