publish_date,title,view_count
2015-06-30T16:01:42Z,Kévin Boli (highlights),6657
2014-10-07T22:24:59Z,Interwieuw n3,392
2015-01-01T23:06:41Z,Swans fans sing Wilfried Bony chant at QPR away,702649
2014-12-21T11:29:25Z,Franck Boli 2,719
2014-10-20T15:35:25Z,Gignac et Mendy règlent «un différend»,1052101
2014-11-11T07:43:49Z,Academia Hagi 2002 merge în Brazilia la Danone Nations Cup,30400
2014-08-16T07:14:57Z,Romario Benzar - Interviu pentru Academia Hagi TV!,787
2014-08-26T09:26:31Z,Interviu cu Romario Benzar,498
2014-09-04T07:26:43Z,"Interviu cu Ianis Hagi, dupa meciul cu Juventus Colentina",30498
2015-05-07T21:13:43Z,FPD - Cristian Ganea,4204
2015-04-19T19:18:17Z,Sunderland v Walsall 1999,1157
2015-03-29T16:46:06Z,Ianis Hagi alla Fiorentina Skill &amp; Goal è il figlio di Gheorghe,10970
2015-02-18T00:02:39Z,KVK Wellen   Beerschot Wilrijk 1 3 sfeerbeeld en wedstrijdverslag,738
2015-04-15T15:15:01Z,SK Rapid Käfig-Tour im Ordeltpark am 09.04.2015,3390
2015-06-20T20:55:23Z,Przed Euro 2016: Porażka Polski z Danią,2138
2015-03-24T10:52:46Z,&quot;Des nouvelles de&quot; Jimmy Adjovi-Boco,3138
2015-03-24T00:10:47Z,Football : retour sur la carrière de Wagneau Eloi,305
2015-01-29T17:39:11Z,Jürgen Klopp: &quot;Großer Schritt&quot; gegenüber Hinrunde | Bayer Leverkusen - Borussia Dotmund,550
