publish_date,title,view_count
2015-05-24T10:44:07Z,UDINESE CHANNEL - A tu per tu con... Molla Wague,2671
2015-01-26T01:32:17Z,Wilfried Bony elástico vs Mali - HD,69966
2015-02-15T13:30:01Z,UDINESE - LAZIO  0-1,220
2015-04-04T08:21:27Z,Mamadou Wague 2014-2015 [Centre Back],1544
2015-05-24T08:04:47Z,24 mag rassegna,22
2014-11-02T23:00:07Z,But Modibo MAIGA (10&#39;) / FC Metz - SM Caen (3-2) -  (FCM - SMC) / 2014-15,1283
2015-05-23T17:21:57Z,"UDINESE CHANNEL - AUC day 2015, lo speciale",1516
2015-02-23T14:24:46Z,UDINESE CHANNEL - A tu per tu con... Guilherme,4757
2015-01-19T23:11:00Z,Toure insits he&#39;s fit for Africa Cup of Nations [AMBIENT],158
2015-05-28T13:05:58Z,UDINESE CHANNEL - La sfida: Lucas Evangelista vs Stipe Perica,12936
2015-03-31T22:58:14Z,Mana Dembélé après le match Mali-Ghana (1-1)  le 31 mars 2015 au stade charlety à Paris,2224
