published-time,comment,likes
2015-07-29T11:36:08Z,Issa hayetoo putain de merde !!,2
2015-07-22T07:38:51Z,Vraiment sans peine l arbitre dit rien !!!!,0
2015-06-27T01:06:49Z,il a le niveau d'un arbitre de ligue 1,3
2015-06-02T12:33:20Z,pourquoi les africain noir se sentent obliger d’être solidaire de l'arbitre c'est vraiment bizarre celui qui dit que c'est normal est vraiment con faut etre juste est dire la verite stop l'hypocrisie la CAF EST ULTRA COROMPUE QUE LA TUNISIE EST OU PAS beneficer de faveur par le passer il faut que Issa hayatou et que le foot africains devient propre et faut arreter la separation entre noir et maghrebin beaucoup de tunisien noir on etait choquer eu aussi par ce match,2
2015-05-20T18:03:28Z,la guinéé equatorial sont des tricheurs,15
2015-02-20T01:54:08Z,"pourquoi mettre se couillon incompetent arbitre se mauricien d origine des indes?c est pas la 1ere fois quille commet des bourdes cette arbitre meme avec le maroc il as fait pareils.il faut l interdire etre arbitre dans les can il est incompetent cette homme,je le soupsone etre anti magrebin cette enfoiré.",0
2015-02-15T18:45:08Z,Il a abusé là !,0
2015-02-09T17:47:29Z,C'est vraiment un sport de merde...,2
2015-02-05T11:40:50Z,"i'm so fukin proud on you bro it's like a cheated bitch south korea in world cup 2002

fukin bitch football ever!",0
2015-02-05T00:59:25Z,Aucun vol mis à part le penalty . ,2
2015-02-03T18:31:50Z,Wlh sa fait mal au cœur j'ai faillé pleurer Wellah ghir maya7achmou ils l'ont fait pour la tunisi et pr Nouus (l'agerie) :'(,11
2015-02-03T00:31:27Z,"Je n'avais pas vu un match truqué aussi flagrant depuis la corée en 2002 contre l'espagne, l'italie et l'allemagne",54
2015-02-02T17:29:18Z,ça dépasse les limites adieu le football africain qui meurt avec issa hayetou ....,23
