publish_date,title,view_count
2015-05-12T16:36:35Z,Red Star : La renaissance de Naïm Sliti,13387
2014-08-23T20:01:28Z,تألّق رامي الجريدي,6515
2014-12-24T11:20:18Z,the best 10 pictures of neymar,40
2015-02-02T16:24:40Z,Tunisie vs Guinée équatorial - Le plus gros scandale du Football Africain - CAN 2015 Quart de Final,113258
2014-09-30T13:24:38Z,Un Zapping pharaonique !,857
2014-08-16T10:12:47Z,Caen LOSC penalty,147
2014-11-09T23:00:03Z,Goal Yoann TOUZGHAR (74&#39; pen) / RC Lens - Girondins de Bordeaux (1-2) - (RCL - GdB) / 2014-15,212
2015-03-09T10:46:25Z,les buts de cristiano dans un match de tunisie 2015,443
2014-12-11T10:48:48Z,Real Madrid vs Manchester Utd _MEDLIGA_Associa-Med - LC Tunis - comité sport,216
2014-11-27T07:23:00Z,LOSC: portrait de Grégory Wimbée,460
