publish_date,title,view_count
2015-07-21T21:49:33Z,habib meite (2014  /2015) 1,1047
2015-01-08T16:41:15Z,LOSC Lille - Evian TG FC (1-0) - Highlights - (LOSC - ETG) / 2014-15,1983
2015-01-15T00:00:31Z,LOSC Lille - FC Nantes (2-0)  (1/4 de finale) - Résumé - (LOSC - FCN) / 2014-15,22837
2014-12-18T06:00:06Z,LOSC Lille - Girondins de Bordeaux (1-1 a. p. 6-5)  (1/8 de finale) - Resume (LOSC - GdB) / 2014-15,24603
2014-09-01T14:06:41Z,But Gadji TALLO 18&#39;  Girondins de Bordeaux 1-1 SC Bastia - Ligue1 Fr 2014-15,280
2015-02-01T23:00:00Z,Goal Maxime POUNDJE (56&#39;) / Girondins de Bordeaux - EA Guingamp (1-1) - (GdB - EAG) / 2014-15,359
2015-06-13T11:00:00Z,D&#39;un Stade à l&#39;autre - 9,3993
2015-01-08T11:32:26Z,LOSC Lille - Evian TG FC (1-0)  - Résumé - (LOSC - ETG) / 2014-15,27771
2015-03-03T10:25:39Z,Hapoel Striker Elyaniv Barda Scores Stunning 30 Yard Volley,757
2014-11-03T06:31:51Z,BUT de PLANUS    Le derby de la Garonne,646
