publish_date,title,view_count
2014-09-24T22:00:04Z,Nîmes Olympique - Châteauroux (1-0)  - Résumé - (NIMES - LBC) / 2014-15,3537
2014-09-24T21:30:01Z,Top buts 8ème journée - Ligue 2 / 2014-15,2376
2014-08-09T22:00:02Z,Valenciennes FC - Nîmes Olympique (2-2)  - Résumé - (VAFC - NIMES) / 2014-15,12511
2014-10-25T22:00:06Z,Nîmes Olympique - AJ Auxerre (0-1)  - Résumé - (NIMES - AJA) / 2014-15,5016
2015-03-14T22:59:59Z,Stade Lavallois - Nîmes Olympique (0-1)  - Résumé - (LAVAL - NIMES) / 2014-15,3583
2014-08-16T22:00:02Z,Nîmes Olympique - Dijon FCO (2-2)  - Résumé - (NIMES - DFCO) / 2014-15,6450
2015-02-24T11:00:30Z,Nîmes Olympique - FC Sochaux-Montbéliard (2-1)  - Résumé - (NIMES - FCSM) / 2014-15,6230
2014-12-16T11:00:03Z,ESTAC Troyes - Nîmes Olympique (2-0)  - Résumé - (ESTAC - NIMES) / 2014-15,5132
2014-08-09T22:38:36Z,Top buts 2ème journée - Ligue 2 / 2014-15,3843
2014-11-29T23:00:05Z,Nîmes Olympique - Havre AC (3-3)  - Résumé - (NIMES - HAC) / 2014-15,6899
2014-09-13T22:00:01Z,Nîmes Olympique - Stade Brestois 29 (0-0)  - Résumé - (NIMES - SB29) / 2014-15,2382
2014-10-04T19:05:23Z,Nîmes Olympique - Stade Lavallois (0-0)  - Résumé - (NIMES - LAVAL) / 2014-15,2243
2015-03-07T23:00:00Z,Nîmes Olympique - GFC Ajaccio (2-0)  - Résumé - (NIMES - GFCA) / 2014-15,5544
2015-02-17T11:00:01Z,Stade Brestois 29 - Nîmes Olympique (3-1)  - Résumé - (SB29 - NIMES) / 2014-15,6724
2014-08-09T14:38:09Z,VALENCIENNES NIMES 09 08 2014,1116
2015-03-15T10:30:01Z,Top buts 28ème journée - Ligue 2 / 2014-15,1882
2014-08-30T22:00:01Z,Nîmes Olympique - AC Arles Avignon (2-2)  - Résumé - (NIMES - ACA) / 2014-15,9629
2015-02-28T23:00:00Z,Châteauroux - Nîmes Olympique (2-1)  - Résumé - (LBC - NIMES) / 2014-15,3412
2015-03-21T22:59:59Z,Nîmes Olympique - Tours FC (3-2)  - Résumé - (NIMES - TOURS) / 2014-15,8081
2015-03-08T10:30:01Z,Top buts 27ème journée - Ligue 2 / 2014-15,3344
2014-08-16T23:01:09Z,Top buts 3ème journée - Ligue 2 / 2014-15,4128
2015-05-16T21:59:59Z,Nîmes Olympique - AC Ajaccio (1-1)  - Résumé - (NIMES - ACAJ) / 2014-15,2685
2015-04-29T17:56:03Z,Havre AC - Nîmes Olympique (2-0)  - Résumé - (HAC - NIMES) / 2014-15,2735
2015-05-09T22:00:00Z,US Orléans - Nîmes Olympique (1-1)  - Résumé - (USO - NIMES) / 2014-15,2497
2015-04-18T22:00:00Z,Chamois Niortais - Nîmes Olympique (3-2)  - Résumé - (NIORT - NIMES) / 2014-15,2685
2014-11-08T23:00:02Z,Nîmes Olympique - Chamois Niortais (3-2)  - Résumé - (NIMES - NIORT) / 2014-15,5040
2014-10-18T18:21:37Z,Tours FC - Nîmes Olympique (1-2)  - Résumé - (TOURS - NIMES) / 2014-15,5305
2015-03-14T18:06:32Z,Conférence de presse Stade Lavallois - Nîmes Olympique (0-1) - 2014/2015,393
2014-11-01T23:00:02Z,Clermont Foot - Nîmes Olympique (3-0)  - Résumé - (CF63 - NIMES) / 2014-15,3641
2014-09-24T19:39:31Z,Conférence de presse Nîmes Olympique - Châteauroux (1-0) - 2014/2015,271
2014-08-09T18:13:43Z,Conférence de presse Valenciennes FC - Nîmes Olympique (2-2) - 2014/2015,1507
2015-07-10T16:42:46Z,"A la découverte d&#39;Anthony Derouard, milieu de terrain de l&#39;UNFP FC",476
2014-08-23T22:00:02Z,AS Nancy-Lorraine - Nîmes Olympique (0-0)  - Résumé - (ASNL - NIMES) / 2014-15,3946
2014-08-16T17:23:32Z,Conférence de presse Nîmes Olympique - Dijon FCO (2-2) - 2014/2015,471
2015-02-16T22:55:21Z,Conférence de presse Stade Brestois 29 - Nîmes Olympique (3-1) - 2014/2015,415
2015-03-07T19:52:55Z,Conférence de presse Nîmes Olympique - GFC Ajaccio (2-0) - 2014/2015,542
2014-09-30T16:13:16Z,Flash Five with Anthony Melchiori,641
2014-08-27T11:00:09Z,Leicester v Shrewsbury Town,1421
2014-12-14T11:01:13Z,Tony Dingwall&#39;s last minute Goal,304
2015-01-01T16:42:57Z,DAVID NUGENT AMAZING GOAL AGAINST LIVERPOOL,1784
2014-10-02T16:38:02Z,Cédric Njiki Tchoutou avant Laval Nîmes du 03 10 2014,2948
2015-02-28T00:34:55Z,"GODFRED DONSAH | Cagliari | Goals, Skills, Assists | 2014/2015  (HD)",82013
2015-03-15T18:42:43Z,Nîmes - Monaco 10 mars 2002 2ème mi-temps,1226
