publish_date,title,view_count
2014-08-07T18:18:07Z,Landon Donovan&#39;s Best Moment in a US Jersey,1934
2015-06-03T06:22:52Z,Landon Donovan Scores In MLS Cup 2001,644
2014-08-30T22:00:02Z,AJ Auxerre - Valenciennes FC (1-2)  - Résumé - (AJA - VAFC) / 2014-15,12168
2014-09-16T10:00:04Z,ESTAC Troyes - AJ Auxerre (1-2)  - Résumé - (ESTAC - AJA) / 2014-15,11482
2014-08-07T07:24:16Z,Landon Donovan reacts to All-Star game winning goal vs Bayern Munich,9364
2014-12-09T04:29:32Z,LANDON DONOVAN plays his final game | #ThanksLD,11883
2014-12-13T05:48:55Z,Thank You Landon Donovan,177
2014-12-02T19:15:19Z,landon donvan ● true lengend ● Best Skills &amp; Dribbling ||,22742
2015-06-03T06:15:11Z,Landon Donovan Scores His First 2 Galaxy Goals,84
2014-08-02T22:00:03Z,AJ Auxerre - Havre AC (2-0)  - Résumé - (AJA - HAC) / 2014-15,13288
2014-10-25T22:00:06Z,Nîmes Olympique - AJ Auxerre (0-1)  - Résumé - (NIMES - AJA) / 2014-15,5016
2014-11-01T23:00:03Z,AJ Auxerre - Stade Brestois 29 (0-3)  - Résumé - (AJA - SB29) / 2014-15,6708
2015-03-15T16:32:39Z,Doud #Doudforcollege,104
2014-09-27T22:00:01Z,AJ Auxerre - AC Arles Avignon (2-1)  - Résumé - (AJA - ACA) / 2014-15,7194
2014-08-03T02:53:09Z,¡Gol de León! | Miguel Sabah,5904
2014-11-10T04:25:41Z,#ThanksLD: Relive Landon Donovan’s hat-trick against Real Salt Lake,9559
2014-08-09T22:00:01Z,Clermont Foot - AJ Auxerre (1-1)  - Résumé - (CF63 - AJA) / 2014-15,6036
2014-10-24T02:36:33Z,Club León vs Isidro Metapán Resumen,3748
2014-11-28T17:38:14Z,Landon Donovan: There is no more #ThanksLD | #FirstToFive,566
2014-12-08T10:13:04Z,"Foot: Los Angeles sacré pour la 5e fois en MLS, Donovan fêté",412
2014-11-22T23:00:05Z,AJ Auxerre - Châteauroux (3-1)  - Résumé - (AJA - LBC) / 2014-15,5541
2014-08-07T20:40:01Z,Se retira Landon Donovan,410
2014-10-04T19:06:59Z,FC Sochaux-Montbéliard - AJ Auxerre (0-0)  - Résumé - (FCSM - AJA) / 2014-15,3402
2014-08-09T22:46:13Z,Landon Donovan Se Retira Del Futbol Profesional - Mira Que Dijo Aquí,126
2014-09-20T22:00:01Z,AJ Auxerre - AC Ajaccio (1-1)  - Résumé - (AJA - ACAJ) / 2014-15,3400
2014-10-18T18:21:57Z,AJ Auxerre - AS Nancy-Lorraine (2-2)  - Résumé - (AJA - ASNL) / 2014-15,9396
2015-05-16T21:59:59Z,AJ Auxerre - US Créteil-Lusitanos (2-2)  - Résumé - (AJA - USCL) / 2014-15,3012
2015-05-09T21:59:59Z,Chamois Niortais - AJ Auxerre (1-1)  - Résumé - (NIORT - AJA) / 2014-15,2748
2014-09-24T22:00:05Z,Angers SCO - AJ Auxerre (0-0)  - Résumé - (SCO - AJA) / 2014-15,2303
2015-03-05T21:10:36Z,TIRS AUX BUTS COMPLET BREST  AUXERRE  2-4  05/03/2015,4627
2014-11-08T23:00:02Z,Tours FC - AJ Auxerre (2-3)  - Résumé - (TOURS - AJA) / 2014-15,6105
2014-10-17T20:04:18Z,"Landon Donovan, la leyenda",1457
2014-08-14T21:14:36Z,Landon Donovan Tribute,476
2014-10-14T06:27:48Z,Landon Donovan Se Disculpa con Mexico,425
2014-12-09T01:12:45Z,2014 MLS Cup - Landon Donovan talks about mental health of athletes,155
2014-12-08T07:19:29Z,LANDON DONOVAN THKS SOCCER MEDIA | MLS CUP 2014 BILINGUAL VID CLIP,180
2014-12-08T02:50:05Z,Landon Donovan Post Game Press Conference,157
2014-08-28T05:26:23Z,D.C. United honor Landon Donovan,1705
2014-08-23T22:00:01Z,Dijon FCO - AJ Auxerre (1-0)  - Résumé - (DFCO - AJA) / 2014-15,7037
2014-10-11T00:55:11Z,Enner Valencia Goal 1-1 USA v Ecuador Landon Donovan Final Game Full match recap,4044
2015-02-17T19:09:30Z,Miguel Calero Landon Donovan Turn down for what (deal with it),54851
2014-08-16T22:00:02Z,AJ Auxerre - US Orléans (0-1)  - Résumé - (AJA - USO) / 2014-15,7315
2014-12-13T23:00:04Z,GFC Ajaccio - AJ Auxerre (1-1)  - Résumé - (GFCA - AJA) / 2014-15,2954
2015-07-19T15:04:46Z,"HIGHLIGHTS | United 1, Club León 1",368
2015-03-09T18:24:37Z,#EntrenamientoFelino,717
2014-10-16T18:29:58Z,Landon Donovan legacy debate,276
2015-05-31T02:38:14Z,Auxerre 0 1 PSG: Cavani goal bags domestic treble in Coupe de France final,202
2014-08-28T06:16:30Z,Landon Donovan vs D.C. United | POSTGAME,296
2014-08-19T03:02:35Z,Barcelona Vs Club Leon 6 0 All Goals And Highlights   Trofeo Joan Gamper  Suarez Debut  2014 HD,8
2014-08-18T21:14:07Z,Barcelona vs Club Leon 6-0 All Goals &amp; Highlights - Luis Suarez Debut 2014 HD,594
