published-time,comment,likes
2014-09-25T15:25:02Z,Dembélé pas ici ? Talonnade en pivot qui fait grand pont sur le défenseur + But ! Il faut quoi de plus ? Le Tallec fait un Ronaldo Shop peut être mais il a de l'espace ..,2
2014-09-25T14:08:10Z,#Ligue2 - Revivez les plus beaux buts de la 8ème journée de Ligue 2 en vidéo,1
2014-09-25T10:08:57Z,D'accord avec les deux premiers mais les buts de Dembélé avec Nancy et de Bréchet avec le Gazélec auraient pu être 3ème.,1
2014-08-11T16:32:49Z,allez VA !!,0
2014-08-10T13:06:41Z,"Pour vous, quel on etait les 3 meilleurs joueurs et les 2 meilleurs gardien lors de cette 2eme journée de ligue 2 ?",0
2014-08-10T08:39:44Z,Allez v.a,0
2014-10-31T23:00:21Z,Incroyable comment nimes jouent comme des casseurs,0
2014-10-26T10:28:59Z,AJA et Basta !,1
2014-10-26T08:52:39Z,mais c'est du grand n'importe quoi !!! Ok on va dire il a pas a faire ce geste mais le tacle par l'arrière mais [ Passage censuré je retiens mes mots . Ils leurs faut quoi aux arbitres pour arbitrer correctement de toute façon Auxerre n'arrivera pas à gagner un match sans que sa soit du grand n'importe quoi avec les arbitres. Des scènes de ce genre combien de fois on n'en a vu à l'Abbé.D...,0
2014-10-26T08:44:48Z,Bien fait pour le nimois qui a le nez en sang.,2
2014-10-25T22:30:44Z,"""Expulsion logique"" pour Mulumba .. nan mais N'IMPORTE QUOI !!

C'est logique aussi le jaune pour le Nimois vous allez me dire ?! Bandes d'incapables ! Un geste comme sa  même en Premier League c'est rouge direct !

Entre les pénos non sifflés, les Hors-jeux imaginaires, les fautes imaginaires en notre défaveur, sa commence a doucement nous les briser !!

Ah sa pour s'excuser envers le PSG il y a du monde ! Mais pour le faire au autres il y a plus personnes !!",5
2015-03-15T00:43:38Z,Forza'nimes,0
2015-03-15T00:41:55Z,LES CROCOS EN FORCE !!😆❤️,1
2015-03-14T23:22:54Z,É oui koura !le futur ,0
2014-08-24T20:10:39Z,Aller Dijon aller la montée cette année ,0
2014-08-19T15:27:10Z,"#Ligue2 - Classement des passeurs - Buteur et passeur, Toifilou Maoulida brille avec le Nîmes Olympique après trois journées en occupant la 3e place du classement officiel des passeurs de Ligue 2 et la 5e place des buteurs. http://bit.ly/1tk9KSR",6
2014-08-17T17:19:43Z,Il y a quand même des trous des deux côtés ...,0
2015-02-25T16:41:24Z,bravo nimes !!! ;),1
2015-02-24T16:58:07Z,Allez les rouges !!!,0
2015-02-24T14:58:04Z, on va finir 4eme,0
2015-02-24T11:54:08Z,"Et l'occaz à la 90eme de Kharja elle est ou? 
Victoire méritée de Nime même si ils ont eut chaud en fin de match.
Allez Sochaux, bouger vous le cul!",1
2015-02-24T11:05:15Z,Nimes champion de ligue 2 pour l année prochaine ! Les paris sont lancés ^^ ,1
2014-12-16T18:30:12Z,Allez l'ESTAC !!,3
2014-12-16T14:09:53Z,#Ligue2 - J17 - Revivez les meilleurs moments de ESTAC Troyes / Nîmes Olympique en vidéo !,3
2014-12-02T15:57:57Z,C'est quoi ce terrain niveau DH,0
2014-12-02T00:49:30Z,J'ai fais un arrêt sur image sur l'égalisation à 1-1 des havrais et Sao a un demi-mètre d'avance sur le dernier défenseur (harek) et sur le but refusé de Maoulida il est sur la même ligne enfin la caméra est mal placée mais bon...bref on aurait pu le gagner ce match mais c'est un bon point au final,0
2014-11-30T02:20:50Z,Le meme resultat que nimes-lens la saison derniere !!!,2
2014-09-14T07:14:37Z,Brest peut avoir des regrets avec toutes les occasions qu'ils ont eu.,1
2014-10-04T19:14:43Z,super match dans l'ensemble (pour Nîmes je parle) mais l'arbitre n'était pas au RDV,0
2014-10-04T19:14:07Z,Laval méritait de gagner... ,2
2015-03-21T16:04:38Z,Respect il m'impressionne c petit dommage il vin être rétrograder :(,0
2015-03-09T14:22:30Z,#Ligue2 - J27 - Retrouvez les résumés des matchs du week-end sur la chaîne officielle Youtube !,3
2015-02-17T18:25:26Z,Quand je pense que Adnane était à Tours en début de saison,0
2015-02-17T16:13:03Z,"C'était un super beau match
Bien jouer a Brest vous avez été meilleurs
Allez le Nîmes olympiques",2
2015-02-17T16:07:22Z,"Magnifique jeu Brestois ^^ Victoire méritée, ils ont bien dominé. ",1
2015-02-17T15:48:26Z,"#Ligue2 - Classement des buteurs - SB29 : les nouveaux font l’animation !
Le Stade Brestois 29 a inscrit trois buts à Francis-Le Blé pour la 2e fois cette saison : une performance réussie grâce à l’efficacité du nouveau duo offensif du club, Gaëtan Courtet-Youssef Adnane - http://minilien.fr/a0ny9l",0
2015-02-17T14:15:34Z,#Ligue2 - J24 - Revivez les meilleurs moments de Stade Brestois 29 - Nîmes Olympique (3-1) en vidéo !,1
2015-02-17T11:30:33Z,"Avec les nouvelles recrues, Brest ne peut que monter en ligue1.",5
2015-02-17T11:12:37Z,Si seulement Simon Falette l'avait mise au fond.... Le but de l'année,1
2015-02-17T11:04:14Z,Vive Brest,1
2015-01-03T11:31:11Z,ALLEZ ARLES AVIGNON,3
2014-09-03T15:41:42Z,#Ligue2 - Classement des passeurs - Ousmane Cissokho (Nîmes Olympique) a délivré sa 3e passe décisive lors de la 5e journée de Ligue 2 et prend la tête du classement officiel des passeurs ! http://bit.ly/1q7eInb,2
2014-09-01T00:04:05Z,"but gag à la 1ere minute, belle réaction nîmoise, but refusé injustement (vu de mes yeux) Nîmes perd deux points mais montre une formidable force de caractère, il faut un milieu plus créatif si Azzouni confirme pas. Vive Nîmes et Vive le Nîmes Olympique 
<3",0
2014-08-31T14:51:23Z,Pfffff.... On a eu chaud. !!!!,0
2015-03-02T09:30:22Z,Ca fait plaisir de voir une Berri comme ça !!! Enfin j'ai envie de dire mais la continuité j'ai bien peur que... mais maintenant j'y crois allez Berri !,0
2015-03-01T17:11:54Z,"c'est marrant cette équipe, il gagnent 5-4 Dijon en faisant un match de fou , ils gagnes 2-1 sochaux ,4 vicoires consecutives ...
ET ILS SONT MÊME PAS CAPABLE DE BATTRE LES 19 EME  QUI ONT PAS GANER DEPUIS 4 MOIS ",1
2015-03-01T11:18:43Z,Enfinnnnnnnn!!!!!!! LA victoire,2
2015-03-22T09:04:52Z,"On va le faire , on va le faire !!!!!!
Allez le N.O !!!!!!",6
2015-03-22T08:03:35Z,"Un peu ridicule le geste de Maoulida, surtout qu'il n'était pas à nimes l'en passé, il en sait rien si le match a été truqué ou non...",0
2015-03-21T23:27:48Z,Je suis Nimes Olympique!!!,4
2015-03-21T23:25:17Z,ALLER LES CROCOS!! 🐊,4
2015-03-21T23:17:14Z,"Jy etais!! Quelle ambiance!! #NimesVaincra, on ne lâchera rien",5
2015-03-21T23:11:57Z,"#JeSuisNimois 
Thiriez Demission !! Le NO Vaincra !",9
2015-03-08T11:17:34Z,Tours FC <3,1
2015-03-08T11:07:24Z,le premier et le dernier sont magnifique :o,2
2014-08-21T09:46:57Z,#Ligue2 - Revivez les plus beaux buts de la 3ème journée de Ligue 2 en vidéo,6
2014-08-21T02:16:56Z,Comment peut-on faire un top buts de la 3 ème journée avant même qu'elle ne soit terminée...??? La preuve l'un des plus beau but de ce début de championnat n'y figure même pas!!! (Thomas AYASSE ESTAC de Troyes),0
2014-08-21T00:28:15Z,Le but D'Ayasse bon sang !!! But de l'année !,1
2014-08-19T18:05:34Z,Je pense que vous auriez pu attendre la fin des deux matchs qui ce jouait après vendredi surtout quand on voit le but de Thomas Ayasse ....,1
2014-08-16T23:05:55Z,"Il reste encore 2 matchs a jouer avant la fin de cette 3eme journee et vous, vous faites le top but avant meme la fin de cette journee. MERVEILLEUSE IDEE. ",4
2015-05-10T07:11:38Z,"No stress Orléans, Arles et Chateauroux relégués, et le 3e ce sera Nimes et pas le 18e :P",2
2015-04-19T07:56:09Z,en national :(,0
2015-04-18T23:56:37Z,Allez Nîmes,0
2014-10-19T12:03:41Z,Forza les crocos,0
2014-10-18T21:23:50Z,J'aurai aimer voir match nul car ses me deux équipes préférer de l2,0
2014-10-18T19:22:52Z,Jghgh,0
2014-10-18T19:22:45Z,Mériter bro,0
2014-10-18T19:21:40Z,Mériter bro,0
2014-08-24T09:30:05Z,allez nancy,3
2015-05-15T22:32:38Z,What a night this was!,0
2015-07-12T10:38:44Z,"Please, like my facebook page just incase something happens with the channel so you will always know how to find me : 
 https://www.facebook.com/worldoffootball90",0
2015-06-04T10:08:18Z,"anche questo promettente giocatore e della juventus, preso la settimana scorsa.la juventus e sui migliori giovani.ogni anno la juventus mette un budget di 7 milioni di euro , x assicurarsi i migliori giovani in giro x l' europa.",0
2015-05-25T19:43:33Z,Juventus got him!,2
2015-05-22T23:32:42Z,Benvenuto alla Juve,0
2015-05-21T19:36:00Z,Vieni a giocare alla Juve !! Che talento !!,0
2015-05-21T17:23:50Z,"good video but you are a scoutnation copycat, it isn't right, do not touch SNHD please",0
2015-05-21T14:04:21Z,Welcome to Juve,5
2015-05-16T22:50:39Z,Welcome to Eindhoven! The New Alaba! ,0
2015-03-03T12:14:12Z,Wouldn't mind him in our team ,0
2015-03-01T11:30:52Z,the Next Essien !!,0
2015-02-28T21:01:08Z,Great video WOF!,3
2015-02-28T19:06:04Z,reminds me on Makelele little bit,0
2015-02-28T19:02:52Z,Flamini's replacement!,0
2015-02-28T18:33:49Z,"I watched him against Roma he was perfect, but to short for Premier league",0
2015-02-28T18:07:17Z,great talent,0
2015-02-28T16:11:15Z,"Overrated, after 15 games in Serie A this season, he has been already compared with great defensive midfielders. Funny",0
2015-02-28T11:11:51Z,"jackson martinez-porto, karim bellarabi-leverkusen, oliver torres-porto, carlos mane-sporting cp and derlis gonzalez-basel are all very talented",0
2015-02-28T00:42:15Z,"GODFRED DONSAH! Very talented, 18 years old midfielder, who become essential part of Cagliari 1st team recently. His great performances drew much intention from top clubs, so Arsenal and Man City sent scouts to watch him closely and it is likely that two of them will fight for him in summer.  
Please if it is not too much to ask, like the video to make it at the top of YouTube search, because to create this video i had to go through full matches and highlights because there is no good footage about Donsah on YouTube! - Yours WORLD OF FOOTBALL(WOF)",12
