published-time,comment,likes
2015-06-02T13:33:03Z,Grand talent pour l'avenir,0
2015-05-25T10:24:10Z,Sofiane bouffe pas mauvais du tous ce jeune.......!!!!!! D'ici qqlques mois ( en début de saison 2015 /2016) il risque d'en épater quelques un ( e) peut être de changer sa vie professionnelle.........!!!!!!!! Vous venez bien....!,0
2015-05-07T12:45:42Z,"#7 Sofiane Boufal
LOSC Lille, Ligue 1
Date of birth: Sep 17, 1993
Age: 21
Place of birth: Paris, France
Height: 1,75 m
Nationality: France / Morocco
Position: Midfield - Attacking Midfield
Foot: right",0
2015-05-07T12:43:00Z,,0
2014-09-06T00:05:01Z,لاعب رائع، سيطبع بصمته مع المنتخب المغربي مستقبلا,1
2015-02-13T20:41:06Z,Come si chiama la canzone?,0
2015-03-10T03:37:02Z,great video,0
