published-time,comment,likes
2015-01-18T15:56:21Z,"Un non match des nantais ... Zéro, nul ...",0
2015-01-15T10:47:35Z,2 buts MONSTRUEUX !,3
2014-12-31T00:33:41Z,Enyemma est trop fort :),2
2014-12-18T18:46:56Z,Dommage que l'on ait pas le pénalty d'Enyeama :/,4
2014-12-18T17:32:35Z,"BSN & DVE <3 
ISSA NISSA ! 
Maintenant comme Nice est éliminé je suis pour Lille en coupe de la ligue ! :)",1
2014-12-18T16:04:33Z,on a gagné mais on aurait pu marquer plein de fois c'est toujours la finission qui foire,1
2015-06-26T17:12:23Z,La retournée d'Henri Saivet... Un delice...,0
2015-06-17T19:37:04Z,Top comme d'habitude ,1
2015-01-09T15:40:22Z,Un grand bravo a la DVE vraiment ,0
2015-01-09T12:19:17Z,l ETG meritais de gagner,0
2015-01-08T19:28:25Z,Il est très beau le but d'un Adama Traoré !!!! Allez le LOSC !!!,0
2015-01-08T19:28:07Z,"Beau geste, l'enchainement crochet frappe va très vite ",0
2015-01-08T18:57:51Z,Dommage en première mi-temps l'etg a eu beaucoup d'occasion mais lille a su faire de réalisme !! Sinon très bon match de thomasson ,0
2015-01-08T18:54:50Z,Je suis CHARLIE,0
2015-01-08T16:40:54Z,Lille c'est tellement mauvais que c'est un mec sans contrat pro qui doit marquer.,4
2015-01-08T16:36:18Z,Lâcher les dogues,0
2015-01-08T16:01:28Z,Dommage... L'ETG dominait pourtant je suis dégouté pour eux,0
2015-01-08T15:45:50Z,Je suis Charlie,12
2015-01-08T15:06:30Z,le numéro 33 de lille n'a pas de nom,0
2015-01-08T14:52:18Z,#Ligue1 - J14 - Revivez les meilleurs moments de LOSC Lille - Evian TG FC (1-0) en vidéo sur la chaîne officielle YouTube ! ,26
2015-01-08T13:49:51Z,C'est pour respecter et être en harmonie avec l'ambiance du stade qu'il y'a pas de commentateurs,0
2015-01-08T13:44:27Z,le mec a meme pas de nom derriere son maillot MDR,0
2015-01-08T12:36:20Z,Lol On entend Dupraz gueuler derriere ^^,3
2015-01-08T12:22:14Z,"Si vous vous demandez pourquoi il n 'y a pas de commentaires dans la vidéo je pense que c'est une sorte de minute de silence, donc ne vous plaignez pas. DofvidTV",2
2015-01-08T12:06:44Z,Sérieusement aucun commentaire ?,2
2015-01-08T11:49:23Z,Aucun respect..... personne pour commenter ?!,1
2015-01-08T11:47:59Z,premier,0
