publish_date,title,view_count
2015-07-10T16:42:46Z,"A la découverte d&#39;Anthony Derouard, milieu de terrain de l&#39;UNFP FC",476
2015-06-30T19:07:04Z,"La préparation athlétique au club UNFP, par Fabien Bossuet, préparateur physique",1147
2015-07-09T07:42:52Z,Résumé du match Clermont Foot-UNFP FC du 08 Juillet 2015,1505
2015-07-12T08:38:28Z,Résumé d&#39;UNFP FC-Slovénie (SPINS)  - 1/4 finale Tournoi FIFPro,737
2015-07-06T08:43:46Z,Résumé du match Malte-UNFP FC - Tournoi FIFPro,360
2014-10-25T10:38:21Z,(2014/2015) match amical (22/10/2014) ASSG Futsal - FC Piegosh,87
2014-10-10T20:08:55Z,la france / suede  2-0  MMARENA  10/10/2014,303
2015-07-26T17:28:16Z,"Interview d&#39;Arnaud Souquet, présent au stage UNFP 2014",1455
