published-time,comment,likes
2014-09-19T17:40:41Z,cher vous?! Le haut du parcage même pas rempli mdrr nous quand ont bien cher vous ont est cher nous le haut et bas est Troyens ;),0
2014-09-18T18:21:27Z,(5mn) Auxerrooooiiiiss auxerois auxerrois allez allez !!! Ultrat Auxerre !! sinon y a des ultrat a troyes ? ,3
2014-09-17T12:21:05Z,Il faut revoir la défense à Troyes...,1
2014-09-16T11:03:57Z,#Ligue2 - Revivez les meilleurs moments de ESTAC Troyes - AJ Auxerre (1-2) en vidéo.,6
2014-08-08T23:17:03Z,"Insert Mexican Commentator: ""Landon Donovan!!! We love you forever!!"" #Legend #Icon #WorldClassSoccerPlayer",2
2014-08-08T06:36:10Z,Landon your the best!,1
2014-08-07T23:38:31Z,"Great player, great person. Greets from munich",1
2014-08-07T22:50:44Z,"Thanks Landon for everything.  I was stunned to see an MLS player split the two German defenders and score, but when I saw it was Landon, it made total sense.  Landon is a Reggie Jackson, a guy who not only scores but in big moments.  All I could think about during the World Cup as Belgium made Tim Howard run for his life was I wish Landon was there to put some kind of offensive pressure on them.  IMO he could have made the difference. ",4
2014-08-07T22:22:35Z,"Thanks Landon for making USA soccer fun to watch during your time...
Eat your heart out Klinsman this is a goal scorer an American legend he has done more for this country than you will ever do....",7
2014-08-07T20:40:26Z,"Too bad he is retiring, thanks for 15 great years LD! ",1
2014-08-07T19:25:17Z,probably should have been a shared mvp between donovan and henry. henry was brilliant.,2
2014-08-07T18:09:17Z,"Agreed, Donovan is a legend!",2
2014-08-07T09:48:26Z,1st. Donovan legend,4
2015-03-18T03:39:19Z, #LegenD   #Donavonissuperman  From myself and the rest of the LAGSB family thank you,1
2014-12-12T07:02:37Z,I'm gonna miss LD so much. If we signed Lukas Podolski that might ease the pain. ,0
2014-12-09T15:31:16Z,Greatest Of All Time!!,0
2014-12-09T15:21:12Z,Thank you Landon! The tears are real right now. :-( ,0
2014-12-09T06:04:31Z,0:14-0:22 no beard,0
2014-12-09T04:49:14Z,Thank you Landon! Thank you!!!,5
2014-12-14T10:54:29Z,Kicked it bro ,0
2014-12-02T19:23:53Z,Nice video man Landon Donovan the legend of the MLS,1
2014-08-06T07:57:29Z,Auxerre à sa place en L1 et non pas en L2...,1
2014-08-04T07:54:19Z,#Ligue2 - Retrouvez les résumés des matchs de la 1ère journée de Ligue 2 sur la chaîne officielle Youtube ! http://bit.ly/UVU8Jh,4
2014-08-04T06:56:59Z,Super résumé ou il manque la moitié des occasions...,0
2014-08-03T12:51:24Z,Pourquoi tu fais pas les match de préparation des équipes de ligue1,0
2014-08-03T11:50:06Z,C'est triste de voir ce stade aussi vidé :(,2
2014-08-03T11:36:28Z,je suis allé au match l’équipe du havre n' a rien a part gamboa et bonnet . Sinon l'aja a fait un très bon match et peut rêver de monter,0
2014-08-03T06:35:54Z,stade aussi vide pour une ouverture...,1
2014-08-02T22:14:52Z,2:00 1 à 0 non ??,1
2014-10-31T23:00:21Z,Incroyable comment nimes jouent comme des casseurs,0
2014-10-26T10:28:59Z,AJA et Basta !,1
2014-10-26T08:52:39Z,mais c'est du grand n'importe quoi !!! Ok on va dire il a pas a faire ce geste mais le tacle par l'arrière mais [ Passage censuré je retiens mes mots . Ils leurs faut quoi aux arbitres pour arbitrer correctement de toute façon Auxerre n'arrivera pas à gagner un match sans que sa soit du grand n'importe quoi avec les arbitres. Des scènes de ce genre combien de fois on n'en a vu à l'Abbé.D...,0
2014-10-26T08:44:48Z,Bien fait pour le nimois qui a le nez en sang.,2
2014-10-25T22:30:44Z,"""Expulsion logique"" pour Mulumba .. nan mais N'IMPORTE QUOI !!

C'est logique aussi le jaune pour le Nimois vous allez me dire ?! Bandes d'incapables ! Un geste comme sa  même en Premier League c'est rouge direct !

Entre les pénos non sifflés, les Hors-jeux imaginaires, les fautes imaginaires en notre défaveur, sa commence a doucement nous les briser !!

Ah sa pour s'excuser envers le PSG il y a du monde ! Mais pour le faire au autres il y a plus personnes !!",5
2015-02-15T00:04:00Z,Au moment des buts on entend Jacky Le Gall (journaliste pour tébéo) lol,0
2014-11-05T15:59:51Z,#Ligue2 - J13 - Classement des passeurs - Le latéral Gaëtan Belaud est le meilleur passeur du Stade Brestois 29 avec trois offrandes après 13 journées de Ligue 2 et contribue offensivement à sa 2e place !,2
2014-11-02T18:00:24Z,"Au lieu de l'""attaquant"" Moimbé (je ne savais pas qu'il avait quitté sa place en défense ;) ), c'est pas plutôt Makonda qui obtient le pénalty ? re- ;)",1
2014-11-02T15:39:12Z,"allez Brest,la montée nous tend les bras ;)",0
2014-11-02T11:07:24Z,arretez vous la les gars vous avez 20 supporters a l'exterieur par contre vous avez bien joué et nous c'étais un festival de connerie déffencives,0
2014-11-02T02:58:47Z,ICI c est brest !,0
2014-11-02T00:37:03Z,"Bravo les bresto ! ;) hate qu'ils remontent en d1 pour le derby contre rennes 
ALLEZ RENNES
ALLEZ BREST",0
2014-11-02T00:29:37Z,"AAAAALLER Brest :) cette saison, Le titre de L2 ! si vous le faite, je sors a poil a Brest ! XD
ICI, C'EST BREST !",1
2015-01-04T11:52:26Z,"AUXERRE C DE LA MERDE
ALLEZ L ACA",0
2014-09-28T18:40:21Z,pk manifester sa colère en arrachant le poteau de corner ?? Pour faire comme les meilleur du football ? c'est pas gagner... --',0
2014-09-27T23:14:57Z,heureusement pour moi qu il a gagne j ai parié 150€ dessus avec une cote a 2💰💰💰💰💰💰,2
2014-11-22T18:52:17Z,What song is this?,0
2014-11-11T19:20:30Z,Thanks LD!!!,1
2014-11-11T16:54:33Z,He also had an assist,2
2014-11-10T07:15:52Z,that baby tho. he know whats up.,1
2014-11-10T04:38:29Z,"Still blow your mind that he sat at home 5 months ago watching the WC from his couch? Yeah, me too.",15
2014-08-14T15:49:19Z,c'est quoi ce commentateur de nul,1
2014-08-13T09:48:19Z,AuXerre lol monsieur le commentateur n est pas de Bourgogne dirait t on,1
2014-08-10T21:45:53Z,"Je trouve qu'il a plus de motivation aussi là ^^.
On a un sacré gardien de but à Clermont ...",0
2014-08-10T18:02:59Z,Changement de la voie,0
2014-08-09T22:45:14Z,#courageFred,3
2015-01-07T22:09:54Z,Los sacamos .. viva Heredia eso fue un partido de tramite jajaja,0
2015-01-04T10:46:47Z,Que de feo se ven las camisetas con puras companias ,0
2014-10-25T02:24:10Z,holy crap what a goal that Nicolas muños,0
2014-10-24T04:52:41Z,"dale leon!!! yamilson sos una bestia, creo que el LEON viene de menos a mas y estoy seguro que calificaremos a la liguilla",0
2014-11-29T00:21:53Z,I wish i was Landon Donovan,0
2014-11-28T18:00:08Z,Hes right,0
2014-11-23T09:57:35Z,"Gragnic en forme, s'il n'avait pas était blessé en début de saison on n'aurait pu prendre d’avantage de points. Y'a pas possibilité de nous faire voire le but de Châteauroux sous un autre angle ? On voit pas vraiment sur la vidéo et on ne peut pas vraiment se fier aux arbitres...",0
2014-10-10T17:31:11Z,Nicolas senzemba si tu lit sa jte promet un grand avenir dan lfoot on a grandi ensemble on c perdu de vue depui lcm2,0
2014-09-21T16:12:37Z,Et le but refusé pour un HJ imaginaire vous ne le mettez pas ?,1
2014-10-22T08:33:03Z,#Ligue2 - Classement des buteurs - Mana Dembélé (AS Nancy-Lorraine) s’empare de la tête du classement officiel des buteurs de Ligue 2 après sa 7e réalisation lors de la 11e journée - http://miniurl.be/r-nh8,4
2014-10-20T04:54:15Z,Allez NANCY!,2
2014-10-19T11:56:39Z,NANCY peuvent dire merci l 'arbitre peno pour aja chapron le voit pas (bizarre) mais le naceein qui tombe avant d etre touche la il siffle comme tout les ans les peno de l aja on les voit jamais,2
2014-10-19T10:48:49Z,Arbitre en carton --' Il y avait une main nancéienne dans la surface en 1ere mi temps mais comme par hasard on la voit pas sur le résumé --' ,2
2015-05-23T11:07:24Z,"Us 




Us

Us
Créteil
",0
2015-05-23T11:05:38Z,,0
2015-05-17T21:43:10Z,bravo Ndoye,0
2015-05-17T10:00:15Z,Merville nul !!!,1
2014-11-09T09:02:31Z,"le penalty est légèrement exagéré, de toute les manières à chaque matchs on encaisse un but sur péno, 1/3 n'est pas justifié ! l'arbitrage c'est vraiment pas ça, allez Auxerre !!",2
2014-10-29T10:18:15Z,Vos gueule commentaire de merde Auxerre = [ Ausserre ] Bande d'inculte ,0
2014-09-16T17:34:21Z,ds les tribune on vious a sodomiser bleus et blanc sont les couleur de la bourgogne,2
2014-08-24T08:40:29Z,"Pour vous, quel ont etait les 3 meilleurs joueurs et les 2 meilleurs gardien lors de cette 4eme journée de ligue 2 ?",1
2014-08-24T00:00:59Z,Et la grosse faute dijonnaise sur l'attaquant auxerrois en fin de match ? Pourquoi vous nous la montrez pas ? Des ordres de la lfp ? Une faiblesse arbitrale à cacher ? Un ménage est à faire..,3
2014-08-23T22:28:53Z,"La Bourgogne restera à jamais Bleue et Blanche !
AJA & BASTA",6
2014-08-23T22:03:48Z,La Bourgogne est rouge !,13
2015-01-03T13:41:25Z,"Normalement aja aurait dû gagné mais de toute façon on a gagné en coupe de la ligue contre Orléans
",0
2014-12-30T18:55:58Z,Tete de merde de la part de l aja,0
2014-08-17T10:46:15Z,Super le pénalty imaginaire...,2
2015-03-09T18:28:05Z,¡Arriba la fiera ganamos 2-1 ante Cruz Azul!,0
2014-10-16T23:24:33Z,"Donovan was a really great player,him and Dempsey are the two best players to play American soccer imo, was a real shame even from an English point of view no to be involved in the world cup at all ",1
2014-08-28T16:07:14Z,I wonder why the coach put Donovan in Midfield position. Seems like they'd still score more goals if the players played their strongest positions.,0
