published-time,comment,likes
2015-02-02T10:48:43Z,welcome to milan <3,1
2015-02-14T17:28:32Z,They shoud try to Get lacazette ,0
2015-02-13T15:31:28Z,Baselli monster. Nice hope theyll pull thru,0
2015-02-13T05:46:05Z,"Hahaha I feel sorry for Atalanta, we're now just raiding them.

But I do like the signing of young Italian talents.",0
2015-02-12T22:37:21Z,I can't judge either of them. The only thing I saw was Zappacosta's amazing outside the box volley,0
2015-02-12T22:23:42Z,U heard their gonna let go of 14 players lol!!!! I wonder who they'll be,0
2015-02-12T21:17:20Z,instead of zappacosta i think milan should promote calabria he is good,0
2015-02-12T21:15:13Z,"They're not playing Suso, so I don't think they will play them but I hope I'm wrong. I'm fine with getting any type of players. As long as we keep our valuable players. Good vid!",0
2015-02-12T20:06:16Z,ZAPPACOSTAAAA BABY,0
2015-02-12T20:00:48Z,"Could you discuss about De Sciglio in the next video? There have been some heavy amount of rumours about him going in the summer, as Real and Barca are after him. And again nice Video.",0
2015-06-14T10:07:38Z,Grazie lo stesso ragazzi,0
2015-02-24T19:41:14Z,il migliore in campo dei nostri!! ti vorrei sempre titolare!,0
2015-02-03T00:37:39Z,"saponara, is that you? :D",0
2015-02-01T04:21:58Z,better than Bonera!..music ? give me a soundtrack ! AAA!!!,0
2015-01-28T20:26:56Z,buono l acquisto benvenuto sasà forza milan <3,3
2015-06-27T09:18:21Z,Titolo della canzone? ,0
2015-06-24T09:17:33Z,troppi replay,0
2015-07-20T12:03:17Z,Forza vecchio cuore granata,1
2015-07-20T12:02:52Z,"Scusa no
",0
2015-07-20T11:56:43Z,"Si :-)
",0
2015-04-30T16:05:48Z,Ma il fumo al minuto 1:18 è quello della bomba carta?,0
2015-06-10T09:14:40Z,Scored more goals With bicycle kicks this season then balotelli have at all this season,9
2015-05-16T18:15:52Z,el segundo gol es extraordinario,2
2015-05-16T00:28:04Z,MAURICIOOOOO PINILLAAAAAA,1
2015-05-07T14:42:07Z,"uta pinigol,como hacis esas hueas y cuando tenis la pelota solo enfrente del arco la mandai a la chucha....misterios de la vida wn",2
2015-05-06T05:53:13Z,Grande Piniron un especialista en piruetas y su especialidad la gran chilena... Golazos,3
2015-05-01T10:39:24Z,Grande Pinilla!!!!  El Bombardero de Cerdeña!!!!    asi te quiero ver en la copa america papá!!,2
2015-05-01T01:54:15Z,PINILLA CRACK,2
2015-04-30T17:29:23Z,excelentes goles! jugador de seleccion todavia!!,3
2015-04-30T13:08:10Z,golazos pinigol!,2
2015-04-30T12:31:25Z,wena chuncho ql golazo el de ayer.,2
2015-07-15T07:17:20Z,"25-30 milioni..., mah!!!",0
2015-06-30T22:14:21Z,Ragazzi se volete sapere tutto sul milan e sul mercato passate qui https://m.facebook.com/profile.php?id=477112202454800,0
2015-06-26T15:20:35Z,Goodbye?,0
2015-06-26T13:31:35Z,"che pippone..20 milioni..a roma festeggiano...mamma mia cecità..italiano si,..ma mediocre pure",2
2015-06-26T06:55:35Z,È nostro cioè del Milan hahahahah,3
2015-06-26T01:45:57Z,6 goals 8 assists 2014-15   Benvenuto al Milan,5
2015-06-20T12:18:20Z,Nome della canzone Grazie? ,0
2015-06-18T19:00:50Z,Milan? ahahahah,0
2015-06-18T12:04:12Z,Bentornato Andrea !,1
2015-06-18T10:06:48Z,Ma quale Milan !!! Sei il patrimonio della A.S.Roma. Bentornato a casa Andrea !,0
2015-06-15T12:48:09Z,he's back to roma,1
2015-06-03T21:24:06Z,Welcome to Milan ;),3
2015-06-03T21:20:26Z,Please come to AC.Milan,3
2015-05-22T12:40:32Z,Welcome to AC Milan !!!,1
2015-05-21T23:13:21Z,ti aspettiamo a casa campione,0
2015-05-20T19:12:00Z,Welcome to milan,0
2015-05-20T14:29:19Z,New AC Milan player,0
2015-05-19T01:16:11Z,aggiorna perfavore,0
2015-04-30T11:42:50Z,torna a roma !!!!!! ti aspettiamo,9
2015-04-03T02:17:07Z,Please welcome to Everton,1
2015-02-23T23:04:49Z,andrea bertolacci joga um bom futebol bom jogador ,0
2015-01-05T08:54:53Z,Welcome to Fiorentina...,0
2014-11-12T23:56:02Z,Nice video! I SUB! SUB back? :),0
2014-11-12T15:31:40Z,24 mi piace :o Grande video :),0
2015-07-21T15:36:38Z,vai ragazzo,0
2015-07-07T10:41:30Z,Bello speriamo venga,1
2015-07-03T19:59:16Z,"Best Editor in da world <3 Thanks di esistere! <3
+ 1000000 how me le teach? My love<3",1
2015-07-03T12:25:33Z,Great Video bro! Subbed. sub back?,2
2015-07-02T18:39:06Z,Amazing job bro!:),2
2015-07-02T16:30:15Z,Spettacolo Jeck!,1
2015-07-02T16:29:47Z,"Complimenti, sarebbe un gran colpo! :D",0
2015-07-02T16:29:02Z,Bel video Jeck!!! :D,0
2015-07-01T19:43:07Z,Fantastic Video! Perfect Work!,1
2015-07-01T16:28:25Z,Pogba lo sta ancora cercando :D,2
2015-07-01T15:12:35Z,Awesome video !,1
2015-07-01T10:52:15Z,"Bel video, bel giocatore ;)",2
2015-07-01T09:34:15Z,"Davvero bello Jeck!:)
Davvero forte Allan, in Udinese-Juve mi impressionò tantissimo!",1
2015-07-01T08:42:00Z,Ma è già un giocatore del Napoli???? Comunque gran bel video ;),2
2015-07-01T08:08:18Z,bel video bro <3,1
2015-06-11T08:35:48Z,Fortuna che c'era lui...,0
2015-02-02T19:13:41Z,Benvenuto al milan Antonelli <3,0
2015-02-01T07:42:29Z,greed,0
2015-01-30T16:15:52Z,Bentornato Luca.,0
2015-07-16T12:57:37Z,Welcome to Arsenal,1
2015-07-04T03:50:25Z,"Better than Varane and Zouma ""the next great defenders""",4
2015-07-01T16:49:41Z,"Welcome to che??player di chi??la juve made in italy ha inizio...inglesi massimo qualche anno il calcio italiano tornerà ad essere il più bello...rugani, berardi, cataldi, zaza è solo l'inizio......",2
2015-06-26T18:45:29Z,"Questo signori è un difensore vero. Può diventare come baresi, vedrete cosa vi dico.",2
2015-06-21T18:31:29Z,Non capisco perche' la Juve non fa' una squadra con qualche primavera di piu' da far giocare in campionato con squadre di meta' classifica. Non pensate che cosi' facendo non si possa tirare fuori il futuro Marchisio o un attaccante come berardi e zaza e senza spendere con qualche anno avremmo un budget elevatissimo. Penso che un super acquisto ogni 2 o 3 anni si possa fare e cedendo solo quando si ha un sostituto all'altezza e dietro far crescere un primavera. Ma non sarebbe una cosa giusta? Ditemi cosa ne pensate. E poi basta dare giocatori in comproprieta' per poi ricomprare la meta' ad un prezzo elevato.Li dia solo in prestito secco senza dover poi sborsare su giocatori usciti dalla primavera. Forza Juve,0
2015-06-21T18:26:13Z,Portatelo subito a torino questo e' il futuro della Juve e Della Nazionale Italiana. Non fate l'errore di cederlo perche' ce ne pentiremo.,2
2015-06-21T17:59:20Z,"Veramente un bel giocatore! La scuola sportiva della Juve in generale produce talenti....unica in Italia! Penso a tanti altri tipo Berardi, Zaza, Sturaro etc! Essendo tifoso napoletano posso solo dire""chapeau""!!! ",2
2015-06-21T00:21:54Z,"Daniele Rugani all season 2014/2015 without a yellow card , not bad  .
This is the future star for Italy",16
2015-06-20T09:45:44Z,"ok ch'è giovane e sicuramente può crescere e migliorare; ma da quanto visto in questo video, sinceramente non è nulla di particolare! Qualche colpo di testa sballato sui calci piazzati a favore, qualche golletto in mischia (più per fortuna che per meriti), e qualche buon intervento in copertura. Non diverso da tanti di difensori del suo livello, ch'è solo nella media: di certo non siamo di fronte a un nuovo Cannavaro o Maldini!",0
2015-06-19T15:26:57Z,"Rugani (difesa), Kedira (centrocampo), Mandzukic (attacco). Piazzati tre colpi nei tre settori ... Grandissimo Beppone Marotta.",0
2015-06-18T08:06:43Z,Nome canzone?,0
2015-06-15T15:32:47Z,"Great positioning, anticipation & bravery. He looks decent on the ball, fairly quick, chips in with a few goals as well: very promising!",1
2015-06-15T10:40:35Z,Haiiii,0
2015-06-13T16:43:12Z,Can be compared to koscielny,0
2015-06-12T23:33:39Z,Rugani forte ;),1
2015-06-02T20:44:32Z,"Grande Squadra per la Juventus. As usual, Italian defender, the best defenders in the world. Chiellini, Bonucci, Barzagli, Ogbonna and now - Rugani. FORZA JUVE",2
2015-06-02T11:51:06Z,why the fuck do i need to watch his goals ?! he's defender u idiot i dont care if he scores goals or not,2
2015-05-19T03:41:26Z,Speriamo non sia peggio del primo anno di Bonucci,1
2015-05-15T23:33:01Z,"fanno morire quei tifosi inglesi illusi che scrivono ""welcome to Arsenal"".
Rugani è della juve, scordatevelo!!",5
2015-05-10T14:52:44Z,He's too skinny.. Should work on to build more muscles..,3
2015-04-28T15:26:51Z,What's the name of the song?,0
2015-04-18T10:58:37Z,welcome to milan,1
2015-04-15T15:58:50Z,welcome to arsenal,2
2015-04-11T09:23:12Z,he is a Rugani !!!,0
2015-04-03T13:39:48Z,Grande Rugani! ti aspettiamo!,0
2015-03-23T20:24:27Z,Oltre al fatto che è un difensore pulito diligente a tratti elegante con senso di anticipo..segna un botto per essere un centrale,1
2015-03-18T06:24:53Z,"Real Madrid will buy him in 2018 
Trust me",1
2015-02-08T22:17:03Z,Great video bro! :D,0
2015-02-07T08:39:59Z,"Ottimo video complimenti! Non è facile trovarne uno che mostri così bene Rugani anche in fase difensiva. Mi sembra un buon difensore, vedremo cosa potrà dare alla Juve per la prossima stagione ",3
2015-02-06T17:21:02Z,"Si è parlato molto di come Inter, Milan, Roma e Napoli abbiano fatto un buon mercato invernale, però per me con Rugani e Sturaro la Juve ha fatto due grandi colpi. Rugani potrebbe essere il nuovo Nesta e trovarne così di difensori oggi è molto difficile e chi li ha non li vende o li cede a cifre spropositate. Speriamo che continui a fare un buon campionato a Empoli come fatto fino a oggi. Grande Pallucciogene per questo video!!",5
2015-07-12T10:34:21Z,"Please, like my facebook page just incase something happens with the channel so you will always know how to find me : 
 https://www.facebook.com/worldoffootball90",0
2015-07-07T18:22:08Z,Welcome to A.C. Milan Jose!,1
2015-07-07T17:46:16Z,benvenuto al milan campioncino!,1
2015-07-06T20:38:18Z,Yessssss,0
2015-07-06T18:48:05Z,Where will he play eventually ? For Italy or Argentina ? LoL,0
2015-07-06T15:35:48Z,"This kid is ridiculously brave and wild! Look at 4:29 when he fights two players, each twice of his size. Lol. really entertaning, in his own way!",0
2015-07-06T10:19:43Z,BENVENUTO AL MILAN JOSE'!!!! OTTIMO TALENTO!!! FINALMENTE SI INTRAVEDE UN MILAN UN Pò PIù GIOVANE E DI BELLE SPERANZE!!!,1
2015-07-04T16:03:32Z,this music is  BIG SHIT!,0
2015-07-03T21:58:00Z,WELCOME to the best club in the World J.Maurii A.C MILAN  <3 <3,2
2015-07-03T12:46:51Z,WELCOME TO AC MILAN JOSE!!!,4
2015-07-03T05:50:04Z,Plese the song,2
2015-07-03T00:17:07Z,WELCOME TO AC MILAN JOSEEEEEE...,0
2015-07-02T03:55:00Z,He play like wilsere,2
2015-06-29T11:42:49Z,"its being called by some Italian media, the new mascherano but I thinks this guy have too many revolutions, needs to slow the pace a little, be more inteligent sometimes and not that intense, because it ends up making fouls and being innacurate in the passing game. Mascherano plays at the age 19 with the national Argentinian team as a sole central midfielder and was already the most smart player in the field, directing the orchestra, definetly not the same kind of player",1
2015-06-28T14:47:37Z,Benvenuto al MILAN,0
2015-06-27T16:05:24Z,An offensive Verratti. Good job Milan!,5
2015-06-23T14:58:30Z,"Guys he isnt in Milan WTF?!?!?! He is currently a free agent and there are several teams who want to sign him like: Milan, Lazio, Atletico Madrid, etc",0
2015-06-22T23:13:19Z,The player is garbage,0
2015-06-05T09:17:43Z,Welcome to  Nerostellati Frattese!!!,1
2015-05-23T12:54:15Z,"Un talento cristallino 
Ps: non faccia la fine di elsharaawy",1
2015-05-22T12:38:00Z,Welcome to AC Milan !!!,3
2015-05-22T11:01:40Z,Welcome to Ac Milan,11
2015-05-22T08:24:11Z,Benvenuto al milan ! :) ,2
2015-05-21T23:41:15Z,Great video  .. subscribe  👍,3
2015-05-21T20:38:39Z,WELCOME TO AC MILAN !!,2
2015-05-21T19:02:15Z,welcome to ac milan,40
2015-05-21T17:59:38Z,welcome to ac milan,12
2015-05-21T14:15:28Z,Welcome to A.C. Milan Jose Mauri <3,50
2015-05-19T14:04:01Z,This kid as a huge desire to win. Curage and hearth will get you far. He also got great workrate.,0
2015-04-18T20:02:30Z,Thanks for this vid WOF. Can you do Antoine Griezmann of Atletico. Another world class attacker in the making,0
2015-04-18T11:25:12Z,Great video WOF!,0
2015-04-18T06:25:26Z,"Amazing video! Can you do Ideye Brown i West Bromwich next? I know it's hard to make due to the copyrights, but maybe you can do international, friendlies and domestic cups?",0
2015-04-18T00:57:50Z,The guy is shit. ,0
2015-04-17T23:18:50Z,Mauri is argentine if im not mistaken ,1
2015-04-17T22:42:49Z,First,0
2015-04-17T22:40:33Z,"JOSE MAURI! Teenage midfielder from Parma! Very smart and calm player for his age, Jose Mauri has brought attention to him after series of impressive performances crowned with the Man Of The Match award in game vs Juventus where he scored a winning goal. Very bright future ahead of him, reminds little on Verrati, except Jose Mauri can play more offensive.
It was very hard to create this video because there is virtually no good footage on YouTube about Jose Mauri.Please if it is not too much to ask, like the video to make it at the top of YouTube search and share it around, and leave a comment who would you like to see uploaded next! - Yours WORLD OF FOOTBALL(WOF)",16
