publish_date,title,view_count
2015-01-28T12:59:57Z,DANIELE BASELLI - WELCOME TO TORINO,16673
2015-06-02T09:59:18Z,Daniele Baselli #AtalantaMVP di Atalanta-Milan,620
2015-06-28T17:47:00Z,Daniele BASELLI | Goals\ Assists\ Skills\ Tackles. 2013-2015 HD |,7144
2014-10-28T11:05:43Z,Daniele Baselli #AtalantaMVP di Udinese-Atalanta,2037
2015-01-26T11:36:16Z,Daniele Baselli - Generazione Azzurra,18562
2015-01-08T11:07:12Z,Daniele Baselli #AtalantaMVP del match Genoa-Atalanta,8197
2015-06-10T14:26:09Z,Il futuro di Baselli in Serie A - Calciomercato - Gazzetta TV,339
2015-03-19T14:06:09Z,Atalanta - Chievo Verona 1-1 - Highlights - Giornata 18 - Serie A TIM 2014/15,3632
2015-06-03T11:10:56Z,Calcio interviste Atalanta Milan,31
2015-02-12T19:43:36Z,ATALANTA DUO TO JOIN? | AC Milan Transfer Rumors,794
2014-09-10T15:47:26Z,Daniele Capelli in conferenza stampa,258
2015-06-14T09:29:19Z,Semifinale PRIMAVERA: Torino - Fiorentina 3-2,16615
2015-02-24T10:22:55Z,Giulio Migliaccio #AtalantaMVP di Juventus-Atalanta,656
2015-01-20T22:37:07Z,Daniele De Rossi Penalty Goal ~ AS Roma 2 1 Empoli ~ 20 01 2015 ~ Coppa Italia,445
2014-12-02T11:09:23Z,Marco Sportiello #AtalantaMVP del match Empoli-Atalanta,201
2015-02-23T19:05:56Z,I ragazzi della Junior Tim Cup in visita all&#39;Atalanta,893
2014-12-09T10:09:59Z,Maxi Moralez #AtalantaMVP del match Atalanta-Cesena,1804
2014-10-31T11:43:55Z,Marco Sportiello MVP di Atalanta-Napoli,709
2014-12-17T13:47:31Z,Daniele Rugani - Generazione Azzurra,20208
2015-04-01T20:00:48Z,"Aymeric Laporte |Goals, Tackles &amp; Passes|Ready For Season 2015/2016| HD | 720p",11070
2015-03-01T22:46:32Z,اهداف مبارة نابولى وتورينو (0-1) - 1/3/2015 - الدورى الايطالى,90
2014-09-11T10:23:48Z,"Simone Ganz || Skills, goals and assists [HD]",5930
2015-02-22T14:03:14Z,"Campionato Primavera, Atalanta-Cesena 1-0",1150
2015-05-31T16:39:00Z,DOMENICO BERARDI - BOMBER 2.0,587
2014-09-01T00:51:23Z,Padelli: &quot;Nazionale? Scoperto dalla tv&quot;,590
2015-05-12T11:15:26Z,Genoa - Torino fc 5-1 gol di omar El kaddouri,493
2014-09-20T21:15:50Z,AC Milan vs Juventus 0 1 2014 Carlos Tevez Goal ~ HD 20 09 2014,33
2015-07-24T07:48:05Z,3a amichevole 2015-2016 Atalanta-Al Ahli Hebron 1-0,4087
2014-10-14T14:24:41Z,"Under 21, Italia-Slovacchia 2-0: il gol di Belotti",810
2015-06-21T15:33:26Z,GEOFFREY KONDOGBIA - WELCOME TO INTERNAZIONALE #CANALEINTER,736
2015-01-27T18:15:55Z,SALVATORE BOCCHETTI - WELCOME TO A.C MILAN,21757
2015-07-01T13:23:30Z,LUIZ ADRIANO - WELCOME TO A.C MILAN,3077
2015-05-16T11:14:44Z,ANDREA BERTOLACCI - WELCOME TO A.C MILAN,6886
2015-05-21T09:51:40Z,RICCARDO SAPONARA -  THE NEW MOON,4318
2015-04-27T12:02:56Z,torino fc   juventus 2 1  annuncio delle formazioni curva primavera,2853
2014-09-28T19:39:21Z,Torino fc - Fiorentina 1-1 gol di Fabio Quagliarella,965
2015-04-30T09:18:13Z,Mauricio Pinilla - 3 amazing bicycle kick goals (2015),30475
2014-11-12T08:49:07Z,Andrea Bertolacci || Welcome to Milan || Best Skills &amp; Goals || [HD],95645
2015-07-01T08:00:00Z,Allan Marques Loureiro || Welcome To Napoli || Skills &amp; Goals 2015 || [HD],18858
2015-03-23T07:50:36Z,Top 5 - Gli Azzurri più sostituiti,4213
2015-04-15T10:28:38Z,Best Moment Marco Benassi Skill,2294
2015-05-30T18:16:57Z,La formazione nerazzurra in Atalanta -Milan,906
2015-06-03T13:03:45Z,Marco Sportiello MVP Season 2014-15,598
2015-01-28T13:27:42Z,LUCA ANTONELLI - WELCOME TO AC MILAN [MINI EDIT],11532
2014-11-20T19:36:21Z,Gol Daniele Sebastianelli Grifone Montevere,270
2015-05-31T00:17:37Z,Il bilancio di Davide Zappacosta al termine della sfida contro il Milan,480
2015-01-18T13:51:27Z,AC Milan 0-1 Atalanta (Milan Starting Lineup) Serie A 2014/2015,206
2015-02-06T16:54:16Z,Daniele Rugani Skills &amp; Goals Empoli 2015 Juventus New Wall,148932
2015-05-19T12:26:49Z,M&#39;BAYE NIANG - WELCOME BACK TO A.C MILAN,9594
2015-04-17T22:35:44Z,"JOSE MAURI | Parma | Goals, Skills, Assists | 2014/2015  (HD)",186799
