published-time,comment,likes
2015-04-09T19:33:07Z,Bellomo facci sognare,2
2015-03-29T17:39:59Z,Una Passione Lunga Un Secolo!,0
2015-03-29T16:15:55Z,"Io c ero 
Pressione a mille e poi il gol con lo scoppio dello stadio 
Dopo sofferenza arbitro venduto 
Bellomo grz per tutto",0
2015-04-04T20:32:21Z,Speriamo che il sogno diventi realtà....smp grandi emozioni... ingegnere sei un grande,0
2015-03-29T19:45:35Z,"29 marzo 2014 trapani bari 3-4 l'inizio di un sogno
29. Marzo 2025  bari-pro Vercelli 1-0 speriamo l'inizio di un nuovo sogno :)",0
2015-05-05T01:57:11Z,...se questo pubblico non è da Serie A...,1
2015-04-27T16:36:50Z,"Da notare le ragazze che nn sanno l'inno e fanno finta di cantare XD (non è un offesa)
",0
2015-01-26T16:25:07Z,"Benvenuto a Catania, riportaci in A ♡",1
2015-01-21T23:17:52Z,"Voglio fare i complimenti al Sig Volpe per questo emozionante video...Gran bel lavoro x un giocatore che merita tanto e sopp merita il rispetto della nostra maglia...
Giocatori cosí nel mondo del calcio se ne vedono ben pochi...e scusate se mi permetto di esprimere il mio parere ma la SOCIETÀ ha fatto un grandissimo errore...mi ero ravvicinato al bari grazie anche a Sciaudone ragazzo di sani principi e umile ora non mi resta che guardare la Bari con occhi diversi...
NON SARÀ PIÙ COME PRIMA...
GRAZIE ANCORA SIG VOLPE PER QUESTO VIDEO.
E UN GRAZIE IMMENSO VA A TE MITICO SCIAUDONE...",2
2015-01-21T12:44:38Z,#GRAZIEDANIELE,1
2014-11-18T16:03:59Z,"Il sottofondo di sedie cigolanti, e rumori vari rende incomprensibile il video.

",1
2014-11-18T13:09:02Z,Benvenuto mister!!,0
2015-02-15T20:47:11Z,Bari vicenza?,0
2015-02-01T12:16:15Z,ingegnerebarese  Sei un grande solo tu fai st video emozionanti  SEI IL MEGLIO,1
2015-02-01T11:18:54Z,GRANDE BELLISSIMO VIDEO VIVIAMO QUESTO SOGNO INSIEME,1
2015-02-01T10:54:26Z,Bravo ingegnere...un po' più fisse le riprese..ma va bene lo stesso..forza Bari..ci vediamo alla stadio,0
2015-01-31T19:55:16Z,Grande ingegnere  bellissime emozioni....speriamo in un video unico a giugno ,1
2015-01-31T15:41:32Z,Un consiglio? Mettici un bel treppiedi fisso così non ti perdi nessun azione! Bel video. Forza Bari,1
2015-04-24T13:20:33Z,Tanto Non Capirai...,6
2015-03-06T19:38:23Z,sempre forza bariiiiiii,5
2015-02-24T19:34:25Z,Mio unico grande amore! Ti ho seguita nelle difficoltà e sempre ti starò affianco! Vengo aldilà del risultato....c'ero ci sono e ci sarò! 🐓,18
2015-02-03T01:21:47Z,BARI GRANDE AMORE!❤❤,14
2015-01-28T20:53:04Z,Facci sognare ancorA❤️❤️,7
2015-01-28T20:38:23Z,spettacolo proprio un bellissimo video!,6
2015-01-28T18:16:54Z,Che bello ♥♥,6
2015-01-28T16:09:38Z,<3,5
2015-01-13T14:46:24Z,"Video stupendo...
Per Sig Volpe un peccato non inserire il goal da cineteca della Zanzara...
Stupendo goal in rovesciata!
Io rifarei il video :)  ...scherzo...
Dai che saliamoooo
Forza aaaaa la Bari aleeee e. ..",1
2014-09-11T11:07:04Z,bellissimo video ragazzi complimenti... anche se dispiace per il risultato finale il campionato è ancora lungo FORZA BARI,0
2014-09-10T18:28:37Z,"Complimenti a tutta la societa'  per il lavoro che state portando avanti, orgoglioso di avere   Gianluca Paparesta come Presidente. Andiamo avanti cosi'  e ci toglieremo tante soddisfazioni . Forza Bari",0
2014-09-10T14:18:51Z,bello questo video,0
2014-09-09T13:41:59Z,Il titolo della canzone???,1
2014-09-09T13:41:58Z,Il titolo della canzone???,0
2014-09-09T13:19:00Z,Bellissimi questi video,0
2014-09-09T12:22:25Z,"Arbitraggio scandalosooo,forza ragazzi",0
2014-10-24T13:09:05Z,"Bel lavoro! Bravi, continuate così! Bisogna coinvolgere sempre più bambini!",0
2015-03-14T16:53:07Z,"Io ero allo stadio in tribuna est
Mi spiace nn averla incontrata,ma nonostante tutto un grande Bari quando si dice che il 12esimo uomo in campo sono i tifosi...
Una grande partita 3-0 che ci fa sperare
Ora si va a Pescara e bisogna vincere
Grande ingegnere  :)
",1
2015-06-16T02:04:22Z,Giocatore con 17 reti a 24 Anni  la seria a ?,0
2015-04-13T11:42:06Z,Cmq c è da dire che bellomo ottimo giocatore sta giocando al di sotto delle sue possibilità che anche con la Pro a parte il gol fece ben poco deve giocare a due tocchi nn deve portare troppo la palla xke così facendo gli avversari si riorganizzano,0
2015-04-11T17:08:06Z,"Quello che ha gridato ""Bellomo impara"" è  ridicolo...dopo che ci ha salvato il culo contro la Pro su punizione ",1
2015-04-11T16:48:27Z,Primoo,1
2015-02-06T14:11:00Z,Grande joseph,0
2015-03-21T15:37:21Z,Pescara ha avuto molte occasioni ma questa.😑Rigore nettissimo e volevo la vittoria ,0
2015-03-21T14:59:19Z,"Mah Zaru oggettivamente il Bari non ci ha messo una nota, siete voi che dovreste gioire per il pareggio",0
