publish_date,title,view_count
2015-04-09T08:34:21Z,«Fuori campo. Conosci la Bari» #10: Nicola Bellomo,10666
2014-08-15T10:16:29Z,"Torino-Inter 3-3 (Farnerud, Guarin, Immobile, 2 Palacio, Bellomo) del 20-10-2013 stadio &quot;Olimpico&quot;",11531
2015-03-28T15:37:29Z,TuttoBari.com - Nicola: &quot;Con la Pro serve vincere. Su Bellomo...&quot;,298
2015-01-31T14:23:37Z,TuttoBari.com - Bellomo: &quot;Sono pronto. Galano? Merita fiducia&quot;,499
2015-05-12T14:07:59Z,"Bari-Pro Vercelli 2-1 2012-2013 Bellomo,Bellomo,Appelt Pires 6^ giornata",69
2015-03-27T15:44:54Z,"TuttoBari.com - Bellomo: &quot;Ruolo? Nessun problema, penso alla Pro. Grazie ai tifosi...&quot;",297
2014-11-21T18:18:08Z,In campo con i Google Glass,1268
2015-04-14T13:09:42Z,"Archivio Bari Calcio - Bari-Empoli 2-3 2012-2013 Clayton,Bellomo,Tavano,Pratali,Tonelli",60
2015-05-04T14:04:32Z,"Spezia-Bari 2-0 2013-2014 Ferrari,Bellomo 41^ giornata",167
2015-03-29T16:03:11Z,Bari - Pro Vercelli 1-0 Goal Bellomo in HD 29 03 2015,4723
2015-02-16T14:59:33Z,Serie B 2014-2015 - 26ª giornata Bari vs Vicenza (gara integrale),1088
2015-03-29T17:22:58Z,Bari - Pro Vercelli 1-0 - Il Film con colonna sonora 29 03 15,2155
2015-03-29T17:03:53Z,Bari - Pro Vercelli 1-0 - Il Film in Real Audio HD 29 03 2015,4371
2015-04-27T16:29:36Z,Bari  - Bologna 1-1 Il Film - Nuove tifose in erba - 24 aprile 2015,2486
2015-05-12T14:04:45Z,Bari-Pro Vercelli 1-0 2014-2015 Bellomo 33^ giornata,116
2015-04-14T11:47:21Z,"Pescara-Bari 1-2 2011-2012 Immobile,Scavone,Bellomo 33^ giornata",369
2015-01-21T12:04:30Z,TuttoBari.com - #GRAZIESCIAUDO,5814
2015-03-28T13:12:31Z,PROVERCELLI vs BARI all&#39;andata era finita così....,16
2014-11-18T12:42:18Z,Presentazione Mister Nicola,2450
2014-08-28T17:56:52Z,DONNARUMMA: &quot;A BARLETTA PER IMPORRE IL NOSTRO GIOCO&quot;,93
2015-01-31T13:49:45Z,Bari  - Frosinone 4-0 Il film,5081
2015-01-28T11:51:09Z,F.C. Bari 1908 | Bari Grande Amore (Inno Ufficiale),162121
2015-03-14T17:59:53Z,BARI - VARESE   3-0,179
2015-04-15T10:16:51Z,«Fuori campo. Conosci la Bari» #11: Pasquale Schiattarella,2508
2015-01-30T22:29:57Z,Bari Frosinone 4 0 Ebagua goal incredibile progressione 30 01 15,5257
2015-07-12T12:43:54Z,"Livorno-Torino 3-3 (Immobile, Glik, Cerci rig.) del 30.10.2013 stadio &quot;Picchi&quot;",332
2014-11-19T12:30:31Z,Stefano Sabelli: &quot;Nuovi input da Nicola&quot; - EPolis Bari,1063
2015-01-12T15:05:16Z,Tutti i GOL della FC Bari 1908 - Girone di andata 2014-2015,6250
2015-02-03T16:06:18Z,Benvenuto Simone Benedetti,531
2015-01-30T22:28:34Z,Bari Frosinone 4 0 De Luca goal 30 01 15,1243
2014-11-04T18:04:49Z,gol belmonte,24
2014-09-09T05:35:55Z,Serie B 2014/15  |2ª giornata Bari-Perugia (0-2): il video racconto,11887
2014-11-30T18:58:07Z,Solobari.it - Bologna-Bari 2-0 (30/11/14),4208
2014-08-17T21:40:02Z,Bari - Savona 2-1 Il gol di Giuseppe De Luca (2 Turno Coppa Italia 2014/15),9179
2015-06-08T13:32:53Z,TuttoBari.com - #ÈsemprePrimavera,1883
2015-01-30T22:27:40Z,Bari - Frosinone 4-0 Ebagua cucchiaio rigore 30 01 15,2567
2015-01-18T22:02:33Z,Barletta Lecce - Coreografia Iniziale,4701
2015-03-14T19:22:59Z,"Bari - Varese 3-0 Il Film - Goal, cori, inno 14 03 2015",5455
2014-10-24T06:03:19Z,Bari-Avellino con i ragazzi dell&#39;Academy,3799
2015-06-11T11:02:45Z,TGNORBA24 Montemurro vicino all&#39; acquisto dell&#39; Andria,665
2015-04-25T13:05:58Z,Bari 1-1 Bologna 24/04/2015 2014-15 - 37°,2257
2014-08-18T12:25:33Z,Solobari.it - Bari-Savona 2-1 e intervista a Mangia (18/08/14),930
2015-03-14T16:39:57Z,Bari - Varese 3-0 Goal Sabelli Galano 14 03 15,2821
2014-12-14T20:01:34Z,I gol del Lecce 2014 15,202
2015-04-11T16:02:21Z,Bari - Crotone 1-1 L&#39;incredibile goal di Ciano su punizione HD 11-04-15,3408
2015-02-06T13:22:21Z,«Fuori campo. Conosci la Bari» #8: Joseph Marie Minala,9563
2014-08-14T18:41:42Z,"Torino-Juventus 0-2 (87&#39;Vidal, 92&#39;Marchisio) del 23-04-2013 stadio &quot;Olimpico&quot; di Torino",2451
2015-01-16T18:04:22Z,Buon compleanno FC Bari 1908﻿,1026
2015-04-01T06:33:14Z,TuttoBari.com - Testata Giornalistica,1777
2015-03-21T01:19:58Z,Pescara 0-0 Bari il fallo da rigore su Melchiorri non fischiato da Fabbri 20-3-2015,4117
