publish_date,title,view_count
2015-05-07T18:35:11Z,"Sébastien Haller ● Goals, Skills and Assists ● 2014/15",54495
2015-05-03T08:34:31Z,10x Sébastien Haller,5478
2015-07-13T17:52:58Z,(720P) Sébastien Haller misses penalty - Achilles&#39;29 - FC Utrecht - 07-07-2015,967
2015-02-15T19:32:40Z,Publieks wissel Sébastien Haller 2014 2015,833
2015-02-19T13:33:15Z,Sébastien Haller blikt terug op treffers tegen FC Dordrecht,3497
2015-02-21T10:23:18Z,De Fransen van FC Utrecht,16936
2015-03-16T16:51:08Z,"je suis HALLER, je suis UTREG",5228
2015-03-26T07:48:02Z,France - Estonie 2015 : 6-0,28103
2015-03-12T15:58:45Z,Hattrick Haller,1198
2015-05-10T19:36:31Z,Haller wint David di Tommaso Trofee 2014 2015,6077
2015-04-21T08:20:47Z,Utrecht 1-0 Twente - Highlights - Round 31,237
2015-05-10T17:19:21Z,Einde Haller Actie youtube 2015,1328
2015-02-15T19:24:51Z,Bunnikside tijdens FC Dordrecht  2014 2015,1919
2015-04-03T19:06:27Z,Haller promo shirt 2,526
2015-01-13T08:21:43Z,FC Utrecht TV: Trainingsdoelpunten in La Nucia,2713
2015-05-11T19:19:03Z,Bunnikside tijdens FC Utrecht - Excelsior 2014 2015,996
2015-02-18T07:48:46Z,FC Utrecht TV: Preview uitzending 18 februari 2015,490
2015-03-01T19:06:23Z,Bunnikside tijdens Feyenoord  2014-2015,2607
2015-01-22T20:00:13Z,FC Utrecht - Borussia Dortmund 0-1 2015,8187
2015-05-22T11:04:57Z,FC Utrecht TV: Terugblik seizoen 2014/2015,6146
2015-03-19T14:39:04Z,FC Utrecht TV: Voorbeschouwen op FC Utrecht - NAC Breda,951
2015-04-25T17:25:25Z,Bunnikside tijdens FC Twente 1 0 2014 2015,527
2015-03-09T14:26:10Z,FC Utrecht - AZ Alkmaar (08-03-2015 Doelpunt van duplan) 6-2!,2973
2015-02-27T12:46:05Z,"FC Utrecht - Feyenoord, Historische momenten",1392
2014-08-02T22:00:03Z,AJ Auxerre - Havre AC (2-0)  - Résumé - (AJA - HAC) / 2014-15,13288
2015-04-05T19:33:09Z,Bunnikside tijdens Ajax 1-1 2015,6163
2015-06-06T11:58:40Z,1966 INGHILTERRA-GERMANIA RETE DI HALLER  - CAROSIO,486
2014-10-25T22:00:06Z,Nîmes Olympique - AJ Auxerre (0-1)  - Résumé - (NIMES - AJA) / 2014-15,5016
2015-03-10T13:02:02Z,FC Utrecht - AZ in één minuut,2330
2015-02-16T11:48:31Z,FC Utrecht - FC Dordrecht (15-02-2015) 6-1! Sfeer,4995
2015-02-25T11:07:41Z,Paul-Georges Ntep | Stade Rennais ► Skills Dribbling All Goals /2015/ Full HD 1080p,42476
2015-02-15T20:16:31Z,Fc Utrecht Dordrecht 15-2-2015,239
2014-12-23T12:11:07Z,FC Utrecht wenst je fijne feestdagen,1626
2015-03-08T20:29:51Z,Bunnikside tijdens AZ 2014 2015,3238
2014-08-21T12:46:00Z,Hammers take the Ice Bucket Challenge,32700
2015-04-08T08:44:10Z,FC Utrecht TV Docu: Eén ding is zeker (preview),2809
2015-01-24T11:56:07Z,FC Utrecht - Borussia Dortmund 0-1,526
2015-03-02T12:09:54Z,FC Utrecht - Feyenoord (01-03-2015) Sfeer &amp; Beleving,5366
2015-07-25T08:49:28Z,BEHIND THE GOALS | Ryan Shotton Vs FC Utrecht,3315
2014-08-23T22:00:01Z,Dijon FCO - AJ Auxerre (1-0)  - Résumé - (DFCO - AJA) / 2014-15,7037
2015-02-25T10:13:07Z,Seizoenkaart Willem,474
2015-01-18T19:04:37Z,Bunnikside tijdens sc Heerenveen 2014-2015,920
2015-01-22T21:35:07Z,FC Utrecht - Borussia Dortmund (21-01-2015) Opkomst met pyro,4285
2015-01-24T11:36:08Z,FC Utrecht - SC Heerenveen 1-2,372
2014-10-19T12:24:11Z,André-Pierre Gignac - Perfect Striker - Skills Dribbling Goals |HD|,25414
2015-05-03T16:46:33Z,Corentin Jean /27/ &quot;NEW&quot; Monaco ► Skills Dribbling Goals /4K Ultra HD/ 2015,6898
2015-03-24T13:15:14Z,Claudio Beauvue &quot;NEW&quot; Celta de Vigo - Skills Dribbling Goals - 2015/16 4K,49111
2015-02-18T14:06:00Z,Robbin Ruiter |FC Utrecht|,5119
2015-02-06T09:23:30Z,Willem 2 - FC Utrecht (04-02-2015 Uitvak sfeer ),3137
2015-03-27T15:39:01Z,Michail Antonio - Goals 2014/2015,4210
