publish_date,title,view_count
2014-10-27T03:11:22Z,Lucas OCAMPOS || Goals - Skills || AS Monaco 2013/14 || ► &quot;Talento Argentino&quot; ◄ (HD),66011
2015-06-21T20:59:51Z,Lucas Ocampos |Skills &amp; Goals| HD | 2014-2015,78631
2014-09-09T11:04:03Z,"Lucas Ocampos skills ▶ juggling, even filming himself ! GoPro - AS Monaco",23402
2014-11-04T10:28:53Z,Interview : Lucas Ocampos / The Ligue 1 Show,3145
2015-01-16T02:01:36Z,Lucas Ocampos &quot;La Mole&quot;(River Plate- AS Monaco FC) en FullHD - 2015,12979
2015-05-24T00:06:11Z,But Lucas OCAMPOS (89&#39;) / Olympique de Marseille - SC Bastia (3-0) -  (OM - SCB) / 2014-15,50648
2015-02-08T23:00:01Z,Goal Lucas OCAMPOS (60&#39;) / Stade Rennais FC - Olympique de Marseille (1-1) - (SRFC - OM) / 2014-15,3833
2014-09-14T22:00:03Z,But Lucas OCAMPOS (39&#39;) / Olympique Lyonnais - AS Monaco (2-1) -  (OL - MON) / 2014-15,3065
2015-02-03T00:13:02Z,Lucas Ocampos | Bienvenue à l&#39;OM | HD 720p,4951
2015-02-01T18:02:15Z,Marseille keen on Monaco&#39;s Lucas Ocampos,215
2014-09-01T18:46:41Z,Lucas ocampos goals and skills,255
2015-05-24T00:19:08Z,Goal Lucas OCAMPOS (89&#39;) / Olympique de Marseille - SC Bastia (3-0) - (OM - SCB) / 2014-15,18226
2015-02-08T22:59:59Z,But Lucas OCAMPOS (60&#39;) / Stade Rennais FC - Olympique de Marseille (1-1) -  (SRFC - OM) / 2014-15,12089
2014-09-14T22:00:02Z,Goal Lucas OCAMPOS (39&#39;) / Olympique Lyonnais - AS Monaco (2-1) - (OL - MON) / 2014-15,414
2015-06-12T13:50:53Z,Lucas Ocampos Goal Vine vs Marseille • HD,208
2015-02-03T08:57:45Z,OFFICIAL: Lucas Ocampos completes Marseille move,105
2014-12-25T10:10:06Z,COMMENTATEURS TV #1 : Le show Ocampos - Dirar !,6132
2015-05-27T16:05:44Z,"OM - Bastia 3-0, Après le but de Lucas Ocampos, Stade Vélodrome",420
2014-08-21T21:32:02Z,"#IceBucketChallenge with Germain, Berbatov, Moutinho, Ocampos...",19576
2014-10-08T14:58:36Z,"Volées, coup du foulard… Germain et Ocampos régalent ! - AS Monaco",24844
2015-07-10T13:56:29Z,Ocampos vs Bastia,104
2015-01-21T19:55:57Z,HIGHLIGHTS : AS Monaco 2-0 Evian TG,2266
2015-02-03T20:47:30Z,OCAMPOS TRANSFÈRE À MARSEILLE,464
2014-09-05T17:31:56Z,But De Ocampos Vs Toulouse.,177
2014-08-26T08:50:46Z,Ocampos Vine,16
2015-05-24T00:13:25Z,Goal Alexander DJIKU (39&#39; csc) / Olympique de Marseille - SC Bastia (3-0) - (OM - SCB) / 2014-15,597
2015-05-24T00:11:59Z,Goal Dimitri PAYET (14&#39;) / Olympique de Marseille - SC Bastia (3-0) - (OM - SCB) / 2014-15,1444
2014-08-02T14:45:29Z,Ocampos goal - Valence VS Monaco - 02/08/2014 -,514
2014-09-14T22:00:04Z,Olympique Lyonnais - AS Monaco (2-1) - Highlights - (OL - MON) / 2014-15,7270
2015-02-08T23:25:12Z,Goals compilation : Week 24 / 2014-15,323
2015-02-08T22:59:59Z,Stade Rennais FC - Olympique de Marseille (1-1) - Highlights - (SRFC - OM) / 2014-15,2015
2015-05-24T00:06:12Z,But Alexander DJIKU (39&#39; csc) / Olympique de Marseille - SC Bastia (3-0) -  (OM - SCB) / 2014-15,5353
2015-05-24T00:08:44Z,But Dimitri PAYET (14&#39;) / Olympique de Marseille - SC Bastia (3-0) -  (OM - SCB) / 2014-15,18533
2015-01-22T10:27:47Z,"Coupe de France : Monaco-Evian TG : 2-0, les buts",4242
2014-10-05T22:57:03Z,Paris Saint-Germain - AS Monaco (1-1) - Highlights - (PSG - MON) / 2014-15,43729
2015-01-09T15:38:46Z,Entraînement spécifique devant les buts - AS Monaco,24013
2015-02-09T01:16:23Z,Anthony Lopes&#39; match in slow motion - Week 24 / 2014-15,3954
2014-09-14T22:00:03Z,Goal Corentin TOLISSO (73&#39;) / Olympique Lyonnais - AS Monaco (2-1) - (OL - MON) / 2014-15,663
2014-09-14T22:36:19Z,Top goals : Week 5 / 2014-15,1853
2015-01-12T00:55:10Z,AS Monaco - Girondins de Bordeaux (0-0) - Highlights - (MON - GdB) / 2014-15,5443
2014-09-14T22:00:03Z,Goal Nabil FEKIR (30&#39;) / Olympique Lyonnais - AS Monaco (2-1) - (OL - MON) / 2014-15,632
2015-02-22T23:51:31Z,AS Saint-Etienne - Olympique de Marseille (2-2) - Highlights - (ASSE - OM) / 2014-15,6841
2015-02-09T01:17:19Z,Le match d&#39;Anthony Lopes à la loupe - 24ème journée de Ligue 1 / 2014-15,39784
2014-09-14T22:00:03Z,But Corentin TOLISSO (73&#39;) / Olympique Lyonnais - AS Monaco (2-1) -  (OL - MON) / 2014-15,5108
2014-09-14T22:36:20Z,Top buts 5ème journée - Ligue 1 / 2014-15,17285
2015-03-08T22:59:59Z,Toulouse FC - Olympique de Marseille (1-6) - Highlights - (TFC - OM) / 2014-15,4846
2014-09-14T22:00:03Z,But Nabil FEKIR (30&#39;) / Olympique Lyonnais - AS Monaco (2-1) -  (OL - MON) / 2014-15,13330
2015-03-01T23:00:00Z,Olympique de Marseille - SM Caen (2-3) - Highlights - (OM - SMC) / 2014-15,3564
2015-05-24T04:15:37Z,PSG : 2014/2015 Ligue 1 Champions,46794
2015-02-08T23:00:00Z,Lössl the hero as Guingamp win - Week 24 / 2014-15,995
