published-time,comment,likes
2015-06-16T07:37:44Z,(Passe de Da Silva),0
2015-06-14T13:58:26Z,superbe récup' de Ngolo Kanté !,0
2014-11-06T10:30:04Z,binw binw ,0
2014-09-21T22:24:25Z,first,0
2014-12-13T08:29:53Z,@ 2:37 that's not a sound effect that is the real thing,0
2014-12-12T10:00:11Z,Bielsa is such a great character!,0
2014-12-08T04:15:45Z,Argentina??   01:24,1
2014-12-08T21:21:46Z,Fier d'être caennais on continue on va se maintenir,0
2014-12-08T12:15:58Z,C'est moi ou Vercoutre enchaine les bourdes match apres match ?,0
2014-12-08T07:34:08Z,1:53 je crois que le goal n'a pas aimé et veut jeter le ballon sur le tireur... Pourquoi tant de haine.,1
2014-12-08T07:22:37Z,Issa Nissa❤️⚫️,2
2014-12-08T00:11:00Z,Plea qui marque contre Vercoutre le duel ancien lyonnais,1
2014-12-07T23:30:52Z,Yes yes yes mais la fin de saison est dure entre défaite a domicile et résultat moyen a l'extérieur va falloir s'accrocher,1
2014-12-08T21:35:17Z,That beautiful team work goal from Lille tho..,0
2014-12-08T06:17:50Z,What's wrong with Lille? ,0
2014-12-08T03:30:53Z,Bedoya made me proud to be an American (even though he's technically Colombian),0
2014-12-08T03:07:07Z,Zlatan didn't even swap shirts because Zlatan doesn't want someone else's shirt,1
2014-12-08T01:06:49Z,THAT EVIAN FREEKICK WAS BEAUTIFUL!!! Love this league,4
2014-10-28T14:06:47Z,juste un petit mot pour patrice mais damien perquis au lieu de remy vercroute merci ,0
2014-10-28T13:57:19Z,allez malherbe,0
2014-10-27T11:25:21Z,Mes oui ya penau sa c un arbitre français LoL . Les arbitre sifle un penau apres il veul plus il pense que c trop 2 penalty si ya 10 penalty on siffle les 10 .,1
2014-10-27T10:43:05Z,Il ya pas péno pour deux raisons : 1) La main est involontaire 2) celle-ci est collé au sol dans but de freiner le tacle pour éviter que le joueur ne parte trop loin et elle n'est pas décollé comme celle de gassama conclusion c'est bien arbitrer,1
2014-10-27T07:46:18Z,Ce serait bien que vercoutre arrête un peno un de ces jours,0
2014-10-27T05:50:12Z,"Arbitre en carton, casse-toi.",2
2014-10-31T02:42:34Z,leaugue française est de la merde la leaugue anglais est beaucoup mieux de venir sur Liverpool,0
2015-06-17T17:49:53Z,,0
2014-09-25T15:57:02Z,"Cette saison OM va être Champion de France en tout cas je l'espère .
 ALLEZ L'OM !!! Fuck Paris SG",0
2014-09-23T18:48:39Z,Allez l OL meme dans une saison difficile...,0
2014-09-23T13:24:55Z,Amazing journèe,0
2014-09-22T19:34:51Z,Le but le plus brouillon de l'année x),0
2014-09-22T19:23:42Z,L'OM très bon offansivement mais par contre faut bosser dur défensivement car il en on mis 3 mais il aurait pu en prendre 3 si c'etait pas Mandanda puis Gignac qui sauve sur la ligne.,0
2014-09-22T19:20:51Z,ALV !!!,0
2014-09-22T15:33:27Z,allez le LOSC!!!!!!!,0
2014-09-22T08:11:39Z,allez la paillade!,1
2014-09-22T07:57:29Z,#Ligue1 -  Revivez les meilleurs moments de la 6ème journée de Ligue 1 en vidéo,13
2014-09-22T05:47:49Z,Pour vous quel ont etait les 3 meilleurs joueurs et les 2 meilleurs gardiens lors de cette 6eme journée ?,0
2014-09-21T22:53:04Z,Allez l'OM fada !,4
2014-09-21T22:49:14Z,"ICI C'EST PARIS......!!!
FUCK L'OMdr",4
2014-09-21T22:46:57Z,First Like,1
2014-09-21T22:45:10Z,FIRST,2
2015-03-09T08:08:15Z,great video,0
2014-10-10T02:15:27Z,"Un capo Marcelo Bielsa , seguro aprenderan mucho los jugadores del marsella",0
2014-10-06T00:34:56Z,Marseille unstopable..remind me old marseile when Cana was captain,6
2014-12-12T11:54:46Z,Great !,0
2014-09-24T12:37:14Z,c'est quoi le nom de la musique Ligue 1 ?,0
2014-09-23T18:02:22Z,0:16 the goalkeeper scored a try lol,0
2014-09-23T06:44:08Z,painful. blanc must tighten up,0
2015-02-09T14:35:32Z,ALLEZ LYON LA PLUS FORTE les autre sont nul LYON LA PLUS FORT DIT ER LYON  LA PLUS FORT,0
2014-09-25T15:53:38Z,ALLEZ L OOOOOOOOOOMMMMMMMMMM !!!!!!!!!!,0
2014-09-24T16:25:54Z,VIVE LE LOOOOOOOOOOOOOOOOOOOOOOOOOOOOOOOOOOOOOOOSC !!!!!!!!!!!!!!!!!!!!!!!!!! XDDDDDDDDDDDD,0
2014-09-23T17:55:24Z,💚,1
2014-09-23T17:55:08Z,Allez nantes,0
2014-09-23T09:36:57Z,FCN <3,0
2014-09-22T20:54:31Z,allez monaco,0
2014-09-22T17:02:54Z,Paris,0
2014-09-21T22:19:07Z,Aller paris,0
2014-09-21T22:17:25Z,Allez Metz ,0
2014-09-21T22:11:49Z,OL ❤️,0
2015-02-09T13:33:06Z,Sa me fais trop rire les réactions lyonnaise ils on étaient archi domine c est un miracle qu'ils est pas perdu ce match ils peuvent remercier cavani leur sauveur  ,0
2014-09-24T15:45:54Z,c'est quoi le titre de la musique ?  ,0
2014-09-23T19:28:10Z,LYON !!!,0
2014-09-22T19:14:18Z,"Tout est sage dans le virage,
Le Lyon est mort ce soir,
Plus de rage dans l'arbitrage,
Le Lyon est mort ce soir. 🎶 #PSGOL #TeamPSG ⚽️❤️",0
2014-09-22T12:32:55Z,A tout ceux qui t'explique que tout les clubs sont au même pied d'égalité: ◘ But du PSG (avec célèbration) 16secondes ◘ But de l'OL (pas de célébration): 6secondes  #NOCOMMENT ...,6
2014-09-22T11:11:30Z,Zlatan me semblait transparant sur le terrain 2 frappe donc 1 cadré sa fait pas des masses .,0
2014-09-22T01:13:03Z,"Un bon match nul pour l'OL, mais c'est surtout du au niveau faiblard des Parisiens!",2
2014-09-22T00:42:07Z,"Très belle vidéo, dommage qu'il manque la ""balle de match"" de Coco' Tolisso ",11
2014-09-22T00:33:57Z,Wow... belles images,0
2014-09-24T16:48:29Z,"Je me permet de faire ma pub, je fais des vidéos au stade vélodrome pendant les match, allez faire un tour sur ma chaine :) FORZA OM !",0
2014-09-23T18:07:37Z,Abonnez-vous et je mabonne a vous,0
2014-09-23T06:06:27Z,Bielsa avec son café sur sa glacière genre oklm ahahah! Viva Bielsa et allez l'OM! <3,2
2014-09-22T17:50:29Z,"Très joli ;)
C quoi la bande son ?",0
2014-09-22T16:35:04Z,Putain et quand je pense que tout les footix de la télé fr clashaient bielsa... L'om écrase toutes les équipes en se moment. Faites la même chose en LDC svp ( pardon),0
2014-09-22T01:57:15Z,Tous simplement magnifique !,10
2014-10-27T19:51:22Z,Georges Ntep looks like a quality winger at only 21 as well,0
2014-10-27T11:17:30Z,Great video again,0
2014-10-27T10:40:50Z,nice eduardo,2
2014-10-27T02:45:19Z,Man these should really get more views,3
2015-05-18T23:02:23Z,Je ne le sprechen pas le sprach et Jaime Baguette parce que les Baguettes stinken Avec Croissant le pénis.,1
2015-02-09T04:43:21Z,красавы у меня как раз Прива и Фере в фэнтези))),0
2014-09-22T01:26:21Z,"Hahaha these were all great! The Nantes one and the way Mandanda celebrated with the fans, priceless!",0
2014-11-06T07:25:04Z,Bonjour,0
2015-04-27T08:51:45Z,Ce but de Beauvue !,0
2014-09-24T21:00:26Z,Je suis supporter du PSG depuis 2006 vous allez dire que je les supporte que pour l'argent comme d'hab,0
2014-09-22T22:09:04Z,Khazri!!!Rolan!!! <3,3
2014-09-21T23:41:35Z,"0:44 Deux gamins avec le maillot du Barca... Ah, les supporters francais xD",1
2014-09-21T22:25:41Z,first,0
