published-time,comment,likes
2015-07-20T13:04:19Z,"1:52 min , Tolisso Ne Voit Plus La Balle ?",20
2015-07-08T00:20:48Z,"dur dur,d'etre lyonnais se soir la.",1
2015-07-06T19:07:39Z,avant match les supporters lyonnais crier la victoire mais c'était un rêve pour ses lyonnais,0
2015-06-26T10:43:01Z,dans le stade geofrroy guichardlelyon est mort ce soire,0
2015-06-26T10:38:49Z,che bella vittoria.........grande saint Etienne....supporter italiano da quando avevo 14 anni.,6
2015-06-24T11:58:31Z,quand lyon aura une etoile on en reparlra,0
2015-06-24T11:56:54Z,lyonnais pourqoi vs fete les bo vs perdez 3 0 contre cean,0
2015-06-07T08:01:48Z,"Bravo ruffier et lacazette et tolisso ont du recevoir des messages sur tweeter comme sait le faire JM Aulas
",0
2015-06-07T07:56:32Z,Asse a été largement meilleur surtout max Alain graduel et Ricky vanvonswinkel marque alors qu'il avait été beaucoup critiquer aller les verts💜⚽,0
2015-06-03T09:37:06Z,aller les verts ,0
2015-05-03T19:00:24Z,Je comprend pas pk on avait des shorts bleus durant ce match ?,0
2015-04-19T12:10:02Z,MDR Galtier qui fait de la peine a la fin du match,1
2015-04-08T18:58:44Z,Aller l'om ,0
2015-02-14T22:19:33Z,"C'est méchant d'humilier son voisin 3-0 à la maison et de battre 2-1 Lyon à Gerland.
Pourquois c'est pas mérité :
- 3 buts, 1 poteau, 1 barre transversale.
- Un niveau physique au dessus
- Meilleur dans les duels aériens
- L'Ol manque d'expérience
- Le 12ème homme de l'ASSE (les ultras) tout simplement extraordinaire.
- La technique des lyonnais à l'image de Tolisso ou Fekir à 3 mètre du but dur Ruffier.
Bref les verts c'est mérité !",36
2015-01-26T20:35:27Z,"Le premier match gagné par sainte,OL MEILLEURE ÉQUIPE DE FRANCE
",1
2015-01-17T16:56:11Z,"aller les verts !!! très bon début de saison
 ",0
2015-01-13T02:18:03Z,Aulas là sent tu qui se glisse dans ton cuL La QUENELLE ! ! !  La Quenelle.,0
2015-01-07T19:41:55Z,Arrete les gens les vert on n ai les best 20ans ou pas on vous a battu et on restera lrs plus titre de la l1 ,0
2014-12-31T16:00:00Z,dommage ol,0
2014-12-27T19:59:20Z,hé bbbbbbbiiiiiiiiiiiiiiiimmmmmmmmmmmmmmmmmm c qui qu est 2 e bande de merde de stephanois aller dormir ca fesait trop longtemps que vous nous aviez pas gagnez dans votre chaudron qui fait pitié 20 ans quoi et aprés vous ete content d une victoires pas merite . Nous on se serait tut si on avais pas gagné depuis 20 ans a geo ghichard,0
2014-12-24T15:23:24Z,un supositoir et aux lit les lyonnais.,0
2014-12-17T19:20:25Z,moi je suis stephanois mais je suis pour milan pas pour inter milan mais milan jadore forza milan,1
2014-12-11T17:56:20Z,c'est bien saint Étienne allez les verts,0
2014-12-09T23:17:06Z,Omg a la fin ils ont cru qu'ils avaient gagner la coupe du monde ou quoi ? Calmez vous c'est qu'un match de championnat.,0
2014-12-07T14:53:41Z,encore un match truqué à évian merci l arbitre,0
2014-12-06T09:17:05Z,1 titre de coupe de la ligue excuse moi,0
2014-12-06T09:15:56Z,Tu parles niko mes regarde sainte 10 titre de ligue 1 7 titre de coupe de France 1 titre de ligue 1 et contrairement a Paris une place en finale de coupe d'europe donc ton Paris je suis désolé mes y fait pas face a asse ,0
2014-12-05T16:59:06Z,MDRR mai c srxx la peutetre ke sa fait 20 ans quon vs a pas gagnerr cher nous mais o moin reconnaisser votre defaitee on a eté meilleur c tout x)),2
2014-12-05T01:32:16Z,Match imposteur comme celui de 98 .,0
2014-12-04T19:27:58Z,PUTAAAAAAAAAAAAIN il va falloir 20 ans pour refaire notre série,1
2014-12-04T18:34:34Z,"Alors les lyonnaise 
Les stephanois sont des BOSS 1,2,3 0",0
2014-12-04T16:41:14Z,béchamelle Hummm!!!,0
2014-12-04T15:44:20Z,Et elles sont les Lyonnaise! POW POW POW,1
2014-12-04T15:42:00Z,LOL confond pas le Quatar et saint etienne nous ont na pas besoin de stars!!!,0
2014-12-02T19:38:16Z,"Je serais tjrs Lyonnais dans le coeur et dans la tête, mes couleurs seront tjrs le rouge et le bleu mais malheureusement pour ce match, je n'est pas vu DU TOUT l'équipe hyper forte que j'ai put voir dans les matchs avant celui-là, là j'ai vu une équipe de CFA jouez (désolé du terme), Sainté à été clairement au-dessus de nous, heureusement que cette défaite nous fais pas perdre notre 3ème places mais le Lion ne seras jamais mort et déjà il va se reprendre Jeudi pour battre Reims et surtout prendre sa revanche au mois d'Avril, à Gerland, contre Saint-Etienne ! Je vais peut-être me faire insulté de footix mais je m'enfou, ya que la vérité qui blesse mais bravo à la Vermines mais ne prenez pas trop de confiance car à Gerland (oui je me répète !), on va vous atomisé ! ALLEZ L'OL <3  #TeamOL  ",0
2014-12-02T19:24:57Z,"I toook 20 yeras for this win at home, nothing to be proud of
Allez L'OL",0
2014-12-02T18:00:07Z,Premiere fois que je vois lyon perdre la bas!,0
2014-12-02T16:43:03Z,"Le premier but est beau, ok. Mais les deux autres c'est des erreurs de la défense Lyonnaise donc on peut pas dire que St Etienne qu'a bien joué mais plutôt l'ol qu'as mal joué. Si Lacazette avais mis son penalty yaurrai eu 1-1 score final",0
2014-12-02T13:45:11Z,allez les verts !!!!,0
2014-12-02T13:44:48Z,aulas et son stade des lumières !! vous avez entendu ce qu'il a fait ce mafieux à se brâve paysan !! un jour il paiera !! tout le mal qu'il a fait !! comment peut on aimé le foot après !!,0
2014-12-02T13:27:57Z,"Soirée de rêve, Ambiance de fou, Passe à 10, Que rajouter..............................les quenelles sont cuites........................",4
2014-12-02T11:39:30Z,"Lyon s'est fait pilé avec 1 semaine de prépa contre 3 jours pour les verts , sa fait mal encore plus mal nn? :) Et la mauvaise fois de Aulas a la fin qui dit ""on a perdu mais tant que ça reste dans la région ça va"" mais srx le type a aucune fierté c'est un derby putin il nous en a fait des caisse avant le match.. Un derby sa ce perd pas c'est tout",1
2014-12-02T11:26:22Z,Bien joué à notre voisin saint etienne pour cette victoire,1
2014-12-02T10:55:59Z,Lyon est meilleur que StEtienne mais il on fait beaucoup trop d'erreur et Lacazette n'etait pas dans la réussite le match etait jouable pour lyon mais offensivement et defensivement ill n'étaient pas là :/ StEtienne a bien joué mais la prochaine 5-0 pour l'OL :P ( j'dec noraj )  #TeamOL,1
2014-12-02T10:14:45Z,Profité  bien bande de consanguin pck au retour vs allé prendre une tres grosse branler ,0
2014-12-02T07:48:07Z,"N'empeche y avait 1000 fois carton rouge pour Ruffier, ca aurait rien changé au vainqueur mais faut quand meme le souligner ",0
2014-12-01T23:04:48Z,"Il n'y a pas à dire, Depuis la victoire stéphanoise en 2010 à Gerland, c'est Saint-Etienne qui commence à avoir l'ascendant psychologique sur Lyon surtout que Saint-Etienne a remporté les deux derniers derbies et que l'avant-avant dernier match avait été gagné de justesse par Lyon, à l'arraché. Je ne suis pas sûr que Lyon et ses supporteurs puissent se permettre de dire qu'il ne s'agisse là d'un accident de parcours à chaque défaite. Ca fait longtemps que Lyon ne met plus 3 ou 4 buts aux Verts comme dans les années 2000. Non seulement ils ont du mal à en mettre 2, mais en plus ils en encaissement de plus en plus; Et permettez moi d'ajouter qu'en championnat, Lyon ne fait plus peur à personne, même si l'OL est encore une équipe de haut du tableau.",16
2014-12-01T22:32:57Z,"je crois qu'on est plus chez nous à Geoffroy-Guichard !
#asse-ol  ",0
2014-12-01T21:25:21Z,Bien joue sainté !!!! #supporter marseillais,0
2014-12-01T21:24:28Z,"Bonjour à tous je suis de st etienne et je suis fier des verts le résultat est la et la manière aussi après je vois que les lyonnais en général sont a l'image de leurs président c'est a dire simplement incapable de reconnaître que sainté a été plus fort qu'eux ce soir là et si vous êtes si fort que ça et que les verts sont si mauvais pourquoi avez vous perdu? Et si c'est une intervention divine et bien merci seigneur et allez les verts 
",1
2014-12-01T20:45:18Z,"Belle victoire, sévère mais néanmoins méritée, (supporter lyonnais bien entendu ) on se donne rendez vous en 2034 pour votre prochaine victoire dans votre ""chaudron"" :) ",0
2014-12-01T20:09:01Z,etienne  qui a culbutez le lyon c est un plaisir a voire mdrrrr,0
2014-12-01T19:50:52Z,"et aulas va encore faire sa pleureuse ,sniff!",0
2014-12-01T18:40:01Z,"Mdr les lyonnais qui rabache l'histoire dy a 20 ans , vous avez une autre reparti ? Accepter la defaite point arreter de chercher de vieu pretexte peter ...",1
2014-12-01T18:25:13Z,"Saint Etienne c'est 1 but sur Corner, 1 but PES, 1 but que Tolisso leur offre, 2 tirs de moins, beaucoup plus de fautes, et surtout à peine 41% de possession du ballon !! Vu la pauvreté du jeu Lyonnais, la victoire stéphanoise est à la limite "" envisageable"" mais ca ne méritait en aucun cas un 3-0....",4
2014-12-01T17:44:31Z,aller OL,0
2014-12-01T17:17:06Z,"Ah oui j'oubliais pour une fois pendant les 20 ans que vous chantez ""le lyon est mort ce soir "" et que ça marche ",0
2014-12-01T17:16:07Z,"C'était vraiment un bon match, ce résultats nous arrangent ^^ Lyon a 7 points, bravo Sainte.",8
2014-12-01T16:57:39Z,"par chez moi on appelle ça "" se prendre une branlée """,42
2014-12-01T16:25:11Z,"Mais quel match mdr aucun niveau que du pressing pour l'ASSE en plus ils ne savent produire un beau football , côté lyonnais ils savent produire un beau football mais il faut gourcuff ou grenier ce qui est inquiétant pour une équipe qui joue le podium , mais bon cela reflète le niveau actuel de la ligue 1 . ",0
2014-12-01T15:50:35Z,Alexaaaaaaaaandre Lacazette! Les penos c'est mieux quand c'est cadré x),0
2014-12-01T15:36:45Z,Se n'est pas mériter des stephanois il y a eux que des but chanceux il devait avoir 0-1 pour Lyon après le peno ( Bien-sur si Lacaztte aurait reussi le peno ) . Victoire de merde les connard,2
2014-12-01T15:35:51Z,RDV en 2034 pour votre prochaine victoire à GG contre Lyon ;),4
2014-12-01T15:26:11Z,"ils sont vraiment pourris les résumés de la lfp, le mec qui parle nous casse les oreilles, insupportable",0
2014-12-01T15:18:44Z,ALLEZ les verts !!!!!,2
2014-12-01T14:01:24Z,on baise les lyonnais et au retour ce sera comme l'année dernière on va vous bouffer rien a foutre du passé on est dans le présent c'est ce qui compte on vous a bouffer tout cru !!!!!!!!!,0
2014-12-01T12:44:05Z,maintenant il faut enchainer contre montpellier ALLER LES VERTS RT LIBERTER POUR LES ULTRAS !!!!!!!!!!!!!!!!,0
2014-12-01T12:42:46Z,lyon a pas existe tout le match et les statistique ne veulent rien dire au match que les verts ont faits,0
2014-12-01T12:21:41Z,"Alors les lyonnais, c'est quoi votre argument ?
ils ne chantent pas, a par leur "" ahou"" j'sais pas quoi...
Bref on vous l'a bien mis hier soir, même votre président ne defend pas les couleurs de son club lol JMA:"" il vaut mieux perdre un derby a saint Étienne qu'ailleur pour la solidarité régionale"" putain , Lyon, vraiment, vous faites pitier...",35
2014-12-01T11:49:06Z,Merci les verts ! ALV !,0
2014-12-01T11:20:34Z,"Belle victoire de Sainté mais sur le championnat c'est bien l'OL le plus fort, j'espère que ce succès motivera Sainté et qu'on aura un match retour avec beaucoup d'enjeux pour l'Europe.
J'espère que l'OL ne se réveillera pas jeudi (je suis rémois) :)",3
2014-12-01T10:50:50Z,"Qu'est ce que les parigot vienne faire dans nos débats de derby!!!
Reste avec ton pognon! on veut pas entendre parlé de ce club dont la france est gavé avec les médias! ya que sa qui fais vivre Paris.
Vive Rhone-Alpes ",2
2014-12-01T10:38:24Z,"Tu aimes l'ASSE et tu veux voir des vidéos de l'ASSE, abonnes-toi à ma chaîne ! ",0
2014-12-01T10:26:50Z,L'OL a perdue car il n'y avait pas Yoann Gourcuff.,1
2014-12-01T10:23:02Z,"Très beau match!  Pas de réussite pour Lyon... Y fo arreté! Y son tombé sur plus fort que eux ce soir. le score l'atteste.Dite a jean michel aulas d'acheter des playstation 4 a tout les 14 de la feuille de match, qu'il s'entraine un peu les lyonceaux..",1
2014-12-01T10:09:08Z,"Si j'étais de bonne foi je dirai que Sainté a mérité sa victoire. Après on peut tout simplement dire que c'était un jour sans pour Lyon. Malbranque n'est pas fait pour ce genre de matches où le pressing est aussi intense et où il n'a pas le temps de poser son jeu.
Dans ce genre de matches il faut de l'expérience et de l'impact physique, c'est ce qui a manqué clairement, Tolisso a pas été au niveau et Ferri trop juste. J'espère seulement que cette défaite marque pas coup d'arrêt et crée un blocage dans les esprits. Faut se relever vite dès jeudi.

Enfin bon, au retour, Grenier et Fofana (et peut être Gourcuff) seront là, ça sera pas la même !",10
2014-12-01T10:05:34Z,"C'était un très bon derby de Ligue 1 je me suis régaler devant ma télé hier soir.
 Pour de ce qui est du match Saint-Etienne ont tout simplement écraser lyon et ce dans tout les compartiment du jeu c'est logique qu'il se gagner hier soir.",8
2014-12-01T09:43:32Z,Sainté a vendu du reve . c'était énorme.,0
2014-12-01T09:25:33Z,Mdr Aulas rage hahahahahah,0
2014-12-01T08:00:01Z,putain comme c' est bon après tous ces derbys de volés nous on gagne HONNËTEMENT pas grâce à des penos imaginaires à la 65 eme ou des buts sur HJ on nous a refusé 2 pénos hier et und'accordé gracieusement aux quenelles mais DANS LE CUL LE DERBYYYYY vous ne savez pas assumer la défaite.. vos potes arbitres vous laissent tomber on dirait ptin vivement que vous tombiez en L2,14
2014-12-01T07:32:55Z,Bah alors Lyon XD ,0
2014-12-01T07:01:29Z, #Antiol  bien joue saint etienne c'est bien sa ,7
2014-12-01T06:51:08Z,Mdr mais on est 3 eme on s'en fous,2
2014-12-01T06:48:13Z,"Lyonnais battu mais pas abattu ! Les statistiques sont pour nous mais on s'est fait manger hier soir. Absents dans les duels, beaucoup d'erreurs défensives et on le paye cash quand l'adversaire a son maximum de réussite. Le score est peut être sévère, 2-0 ou 3-1 aurait été plus juste.. malgré la tactique qui les envoyait a 9 derrière quand Lyon avait la possession, ils ont pressé haut, et ont plus de mérite que Bastia a nous prendre des points ce soir. Au passage, l'arbitre a été bon dans l'ensemble.
On se retrouve au plus tard le 18 avril. ;)",7
2014-12-01T06:45:51Z,Au bout de 21 ans fallais quand même gagné une fois ! Bref on a mal jouer puis st etienne etais des sauvage et n'avais jamais de jaune! Mais on est Lyon on ne parle pas que quand on gagne ( contrairement à d'autre equipe ) ALLER L'OL !!! On attend celui a Gerland ;) on va faire 20 ans aussi XD !,1
2014-12-01T06:15:42Z,Sainte toujours aussi fort et derriere leur equipe,0
2014-12-01T01:04:02Z,StE a eu pas mal de chance mais bien joué a eux quand même,0
2014-12-01T00:27:32Z,"de toute façon sainté ou lyon cest la ligue 1 puis c'est tout, nous paris on fait vraiment quelque chose en europe, on sfait pas eliminé en barrage par un club roumain et on sfait pas accrocher par des clubs perdus en azerbaidjan ou en ukraine",4
2014-12-01T00:13:46Z,"Dans la jungle terrible jungle ""le Lyon"" est mort ce soir!!!!!!!!!!!!!!!!
                            👍👍👏👏👏👍👍
                                           👅",56
2014-12-01T00:09:10Z,GRADEL,2
2014-12-01T00:07:18Z,"Les stéphanoises se sente puissant, alors que sa fait 20 ans qui n'avaient pas gagner chez eux. Pour gagner il a fallu jouer à 5 derrière avec 2 milieu défensif, quel courage à domicile. Les lyonnais vont se relevé ne vous inquiètez pas !
Toujours 3ème au classement, toujurs devant les verts, jeudi c'est 3 points contre Reims. Allez l'OL  #TeamOL  ",31
2014-12-01T00:04:45Z,Ils sont contents plus que du 3-0 de 1998...,1
2014-11-30T23:53:11Z,Mdrr les lyonnais a 3 0 pas cap de mettre un peno,30
2014-11-30T23:51:01Z,Les Lyonnaises vont marcher à quatre pattes demain !  #GA92   #ASSE  ,6
2014-11-30T23:50:38Z,Sa c'est une equipe <3<3<3asse,0
2014-11-30T23:48:34Z,"1,2,3,0 asse allez les verts !!!",0
2015-05-17T02:59:32Z,FEKIR,0
2014-10-10T03:25:04Z,Anybody knows what's the deal with that defender? Is he pals with him like when he scored a pen against Julio Cesar or is it something else? ,0
2014-09-25T08:50:39Z,"MDRRR , sur le premier but zlatan a voltiger le défenseur ... pauvre stéphanois !!!",0
2014-09-05T15:25:59Z,2:04 lol ,0
2014-09-03T08:22:54Z,"  #Ligue1  - Classement des buteurs - En signant son 4e triplé en Ligue 1, le premier de la saison, Zlatan Ibrahimovic (Paris SG) s’est emparé de la tête du classement officiel des buteurs avec 5 unités. Valentin Lavigne, auteur d'un doublé et Diego Rolan complètent le podium ! http://bit.ly/W308R6",17
2014-09-03T01:34:28Z,lol la rage,0
2014-09-02T13:31:54Z,Là on peut dire qu'il a ZLATANER l'adversaire!,0
2014-09-02T13:30:34Z,Des barres comment il a brechan sall!,0
2014-09-02T04:40:09Z,"Hay cabron! !!!
",0
2014-09-02T01:44:30Z,"repentinamente, un salvaje comentario en español aparece",0
2014-09-01T21:14:32Z,Y'a pas hors jeux sur le dernier ? Oo,0
2014-09-01T21:11:15Z,bientot 5 étoiles,1
2014-09-01T14:10:38Z,Un beau hors jeu sur le troisième but.,0
2014-09-01T13:23:02Z,"#Ligue1 - Classement des buteurs - En signant son 4e triplé en Ligue 1, le premier de la saison, Zlatan Ibrahimovic (Paris SG) s’est emparé de la tête du classement officiel des buteurs avec 5 unités. Valentin Lavigne, auteur d'un doublé et Diego Rolan complètent le podium ! http://bit.ly/W308R6",15
2014-09-01T10:26:36Z,Allez les vert faut vous dire que on a jouer 3 match an 1 semaine,1
2014-09-01T10:06:30Z,The best,0
2014-09-01T09:03:14Z,Foutu quataris. Cet homme ce permet de chambrer méchamment ses adversaire sur chaques but. Alors que seul son 1er but est mérité. Les deux autres sont des erreurs défensives et rien d'autres. #PSG à la con ; #Il faut raser la moustache de Thiriez. #la LFP suce les Quataris.,0
2014-09-01T08:29:57Z,A chaque fois qu'il met un triplé il récupère le ballon ! Il doit en avoir un paquet ^^,7
2014-09-01T07:30:29Z,Haha comment il a fait son FdP sur les 2 premièrs but en regardant bien les Stephanois ! ,5
2014-09-01T01:13:48Z,Zlatan's still scoring for fun.,0
2014-09-01T01:13:45Z,Zlatan's still scoring for fun.,0
2014-09-01T00:37:11Z,LE CHAMPIONNAT FRANÇAIS C'EST DE LA MERDE ,0
2014-08-31T23:41:36Z,FIRST,0
2014-09-16T11:40:29Z,allez l'asse,3
2014-09-16T11:37:20Z,gg,1
2014-09-15T08:55:18Z,"Victoire méritée. ""Réussite forcée"" comme a dit Galtier ",0
2014-09-15T00:12:27Z,:),0
2015-04-13T06:59:58Z,Match à chiez franchement c'était nul à regarder !!,4
2015-04-13T06:31:18Z,Match d'un ennui mortel ./,6
2015-04-13T06:30:43Z,J'ai regarde le match et comme d'habitude avec saint etienne on se fait chier,3
2015-04-12T22:32:15Z,eu c'est pas Clere qui tir mais mais clément ver 0:50,1
2014-09-07T18:32:46Z,Cest un monstre ce Zlatan,2
2014-09-02T04:05:51Z,Zlatan approves,0
2014-09-01T17:47:14Z,That looks like it hurts,0
2014-09-01T13:35:37Z,Anti-first,0
2014-12-07T23:53:14Z,"grenier, gourcuff ?? 
",0
2014-12-06T01:27:16Z,When asked on being the new Juninho he just said he's not. He's Daniel Wass.,1
2014-12-05T07:48:32Z,As a dane.. I never saw this headline coming when he was playing in the danish league.. I really hope that the national team coach looks his way soon..,1
2014-12-05T05:41:49Z,that technique is amazing,1
2015-03-06T18:41:55Z,"Moi je suis pour Paris je tiens a remercier Zlatan Ibrahimovic pour son beau geste,c'est pas grave Stephanne Ruffier même si c'est un mauvais contrôle il a quand même qualifier les Saint-Etienne en ligue europa",1
2015-02-13T13:46:26Z,s est face a ses erreurs et ses defaites que l on voie la FORCE d un HOMME !!!!,1
2014-12-13T17:32:30Z,Bravo Ruffier ,3
2014-11-15T09:43:26Z,Je supporter lyonnais mais respect pr ruffier qui restera l'un des meilleurs gardien ET RESPECT PR ZLATAN AUSSI ( les grands joueurs se serrent la main ;),3
2014-11-13T00:22:48Z,Saint Étienne !!! ❤️,3
2014-09-28T09:45:04Z,Il a voulu faire un contrôle orientée de l'extérieur mdr,0
2014-09-15T17:15:53Z,"Voilà pourquoi Lopes > Ruffier, une vraie chiasse ce mec, comme toute son équipe",2
2014-09-14T22:15:47Z,"Une boulette en 10 ans, il en fallait bien une.
On peut montrer aussi les boulettes de Mandanda et celles de Lloris qui sont bien + fréquentes ?",1
2014-09-14T18:52:48Z,Oh non miskine,0
2014-09-13T07:05:05Z,lol,0
2014-09-11T12:14:06Z,Selon  l'Equipe le responsable de ce but est l'ambiance soporifique du parc des princes,1
2014-09-08T18:55:00Z,"Puis pour les Parisiens.. Y'a pas de joie à avoir , je voit leur joie sur leur visage arrêter et soutené le..",0
2014-09-08T18:53:56Z,"Y'a plein de mec qui vont se ramener en disant que c'est une merde , mais ça peut arriver au grand gardien ..",0
2014-09-07T11:11:41Z,Pas de chance pour lui B-),1
2014-09-06T19:27:13Z,Le pauvre allez lyon ,0
2014-09-05T08:24:13Z,match truqué évidement,1
2014-09-04T18:55:56Z,"Cela arrive , c'est juste une petite erreur . ASSE aurais quand même perdu au pire . Allez RUFIER",0
2014-09-03T14:19:05Z,haha noob,0
2014-09-03T10:42:04Z,Ah le pauvre,0
2014-09-02T19:43:53Z,PSG  !!!!!!!!!,0
2014-09-02T19:23:22Z,Ruff' et toute l'equipe etaient fatiguer apres le match d'Europa jeudi tous les stephanois n'en veulent pas au a ruffier pour ce mauvais controle et le mauvais match de l'equipe #ASSEforever<3,0
2014-09-02T19:07:16Z,"C'est dingue , les verts qui se moquent de Lyon parce qu'ils ont perdu contre les promus de Ligue 1 , j'aimerai bien vous voir jouer avec 6 titulaires en moins pour voir si vous faîtes de meilleurs performances , nous ça passe car on a le meilleur centre de formation , mais vous ? Vous avez quoi?",0
2014-09-02T13:42:01Z,Je suis parisien j'aime ruffier c'est juste une erreur combien de foi il a sauver asse c'est pas très grave,5
2014-09-02T13:18:18Z,Pauvre Ruffier sa peut arriver a tous les gardiens,0
2014-09-02T12:36:27Z,Sa peut arriver à tous le monde,5
2014-09-02T10:44:58Z,Très beau geste de Zlatan je trouve ,17
2014-09-02T07:49:47Z,Asab bien fait pour eux 😀😀😀😀😀😀😀😀😂😂😂😂,0
2014-09-02T05:44:16Z,"J'ai beau revoir le but, je ne comprend toujours pas...
Allez Steph on est tous derrière toi, les erreurs ça arrive.",3
2014-09-02T04:18:42Z,Comentario En Español Aparece,0
2014-09-02T02:44:57Z,Que c'est laid :'D bien fait pour Ruffierb,0
2014-09-02T02:27:46Z, #RESPECT  Zlatan,0
2014-09-02T01:15:33Z,=(,0
2014-09-02T01:05:11Z,Shits happen,0
2014-09-01T21:58:46Z,Malgré cette bourde il est l'un des meilleur gardien en France !!!,0
2014-09-01T20:46:16Z,"Malgré que je sois pour l OL je soutiens Ruffier ! Pcq c est l un des meilleurs goal français et j pense aussi que l ASSE peuvent le remercier car il les a souvent sauve la mise d ailleurs c est lui qui les a qualifie en Ligue Europa ! Alors je dis a tout ceux qui le critique pcq il a fait une boulette et qui je suis sur ne le connaissait même pas avant, dégagez d la ! ",15
2014-09-01T20:37:16Z,On va vous zlattaner allez paris c fini pour les marseillais ,0
2014-09-01T18:51:33Z,jolis la réaction de zlatan..,0
2014-09-01T18:19:10Z,"Aucun stéphanois ne va voir Ruffier après le but pour le ""réconforter"". Certes, c'est une grosse boulette, mais ça peut arriver !
C'est dur pour Ruffier qui est un excellent gardien de but.",14
2014-09-01T17:59:50Z,Shit happends ,0
2014-09-01T17:33:04Z,Une erreur ca arrive et puis vu son niveau habituel et la qualité de ses claquetes je lui pardonne 100 fois,0
2014-09-01T16:53:39Z,"petite pensée à ruffier qui doit s en vouloir quand meme, le pauvre, il mérite pas ca... ",0
2014-09-01T15:03:43Z,de mieu en mieu ,0
2014-09-01T14:54:16Z,sympa le geste d'ibra,6
2014-09-01T12:17:57Z,allez RUF pas grave il fallait oublier pendant le match pcq apres c'etait pas les vrai vert qu'on a vu jeudi contre les turque allez les vert on oublie se match et on reva de l'avant !!!! ,2
2014-09-01T12:03:57Z,C'est juste la peur de se faire zlatané. ,3
2014-09-01T11:59:38Z,"Comme quoi, même Ruffier est humain et non un extra-terrestre.",0
2014-09-01T11:40:50Z,"Beau geste d'ibra. Au moins on peux voir qu'il est fair play il va voir ruffier et le ""console"" ",42
2014-09-01T11:38:25Z,Le pauvre c'est pas sa meilleure soirée de sa vie.. Car c'était que le début,1
2014-09-01T11:37:47Z,"Je suis supporter Lyonnais mais franchement c'était assez gênant même si j'apprécie pas du tout Ruffier ; c'était moche de le voir dans cette posture. Il a bien souvent sauver la peau des Stèph. mais sa bourde reste monstrueuse. Sympa le petit geste de Zlatan... il aura pas eu pitié bien longtemps de la "" Ferrari "" avec son triplé. En tout cas j'aime beaucoup le contraste entre le Galtier de la qualif. en Europa et celui de dimanche, il est vite redescendu de son petit nuage. ",24
2014-09-01T11:19:13Z,Ce sont des erreurs qui peuvent arriver à n'importe quel gardien de but,0
2014-09-01T10:55:08Z,"Le plus horrible reste la passe à ras de terre, mollassonne et en plein milieu de terrain qui permet à Paris de ce projeter en avant.",0
2014-09-01T10:40:46Z,Quelle idée de faire la passes en retrait au goal aussi,4
2014-09-01T09:16:38Z,Ohh sa arrive il est humain apres tt ,2
2014-09-01T08:58:05Z,Erreur de debutant. Jamais il aurait du contrôler vers son' but mais plutôt la mettre dur son pied gauche et la dégager. Même en touche...,0
2014-09-01T08:58:05Z,Erreur de debutant. Jamais il aurait du contrôler vers son' but mais plutôt la mettre dur son pied gauche et la dégager. Même en touche...,0
2014-09-01T08:48:25Z,French )))))),0
2014-09-01T08:41:19Z,Seuls les footix oublieront tout son talent et ses dernières prestations à cause de cette erreur qui n'arrive que très très très rarement.,132
2014-09-01T08:39:06Z,C'est triste honnêtement j'avais de la peine pour lui. Saint-Etienne se défendait bien avant cette bourde mais après...,3
2014-09-01T08:37:54Z,Je suis pour Paris mais il faut reconnaître  que c'est  dur pour le gardien. ,15
2014-09-01T08:34:50Z,Faut reconnaître que c'est fortiche... Comment passer du statut de héros à ça en 3-4 jours. Enfin. Allez les verts!,0
2014-09-01T08:17:31Z,Et bah moi je dis ALLEZ L'OL nous on a déjà appris a faire un contrôle... ,9
2014-09-01T08:14:03Z,+Antoine dpl ouais mais nous on est en coupe d'europe,0
2014-09-01T07:15:16Z,A noter le geste sympa de zlatan qui serre la main a truffier apres son csc,74
2014-09-01T05:53:55Z,Ça prouve que cela arrive même au meilleur,17
2014-09-01T05:25:59Z,Ahaha vous devez bien rager les stephanois!! Aller l'OL!,3
2014-09-01T01:23:05Z,"MDR, pas de chance Ruffier, merci bcp, ALLEZ PARIS !!!",1
2014-09-01T01:23:03Z,"MDR, pas de chance Ruffier, merci bcp, ALLEZ PARIS !!!",0
2014-09-01T01:11:52Z,C''est honteux d'afficher ça... Ok pour le triplé d'Ibra mais humilier encore plus Ruffier que ça on peut pas !... Ruffier reste un très bon gardien !,29
2014-09-01T01:00:08Z,Quel cauchemard pour un gardien,5
2015-07-21T14:04:50Z,Merci sainté pour le match nul avec les rageux de l ol et leur président en papier mâché,0
2015-06-23T20:55:25Z,"Oui logiquement y'a main et penalty et carton rouge, mais sur le but Max Alain est hors jeu. Donc l'arbitre de touche doit le siffler ce hors jeu!",1
2015-05-02T18:39:13Z,Juste asse.,0
2015-05-02T18:36:14Z,ooh  les rageux les lyonnais quoi!  avouez qu'ont est plus ford que vous hein??  pk...  tant de haine et de jalousie envers les stéphanois!   Oui nous sommes frères ennemis mais c'est pas pour cela que vous devriez être jaloux voyons .Cordialament une STEPHAOISE.,1
2015-04-30T22:42:40Z,C'est incroyable comment Saint-Etienne est emmerdant à voir jouer putain c'est encore pire que Marseille c'est dire le niveau qu'ils ont atteint !,0
2015-04-25T10:02:03Z,Il ne me semble pas que Lyon na eu que sa comme occasion la vidéo devrait durer o moins 10 minutes pour montrer toute la domination lyonnaise,1
2015-04-25T09:59:52Z,Erding va pour jouer le ballon alors qu'il est hors jeu les lyonnais sont a l'arrêt l'arbitre ne siffle pas c'est pas normal ia des arbitre qui aurai siffle des le début la erding va pour jouer le ballon et le laisse filer au dernier moment ia hors jeu normalement les lyonnais sont a l'arret ,0
2015-04-25T09:48:26Z,"C'est degeulasse des resumés comme ça ils montrent presque pas le match !!
Lyon a domine tout le temps la barre de fekir et toutes les autres actions de la 2 eme mi temps : elles sont ou les images !
Comment on peux faire un resume d'un match de 90 min en 3 min ! 
On dirait qu ils n'ont pas vu le match !",1
2015-04-24T21:54:19Z,"Je suis pour aucunes des deux équipes (meme si j'apprécie beaucoup l'OL , ils m'ont fait vibrer en LDC) mais à 11 contre 11 les lyonnais étaient parti pour mettre clairement une fessée aux stéphanois.",9
2015-04-24T07:52:22Z,elle est ou la barre de fekir???,1
2015-04-23T08:22:31Z,"Résumé de merde, honteux de ne pas montrer les nombreuses occas' lyonnaises, on pourrait croire que Sainté à lutté mais non ils ont très mal joué contrairement au match aller.
J'aurais été stéphanois, je me cacherais au lieu de chambrer parce que même votre cher entraîneur a dit que c'était un miracle de ne pas terminer la première période à 3-0.",2
2015-04-22T16:14:30Z,"1000 abonnés sans videos , c'est possible",0
2015-04-22T11:52:27Z,2 clubs de merde ,0
2015-04-22T10:08:56Z,Sur l'action du péno il y a main et rouge oui... mais non car erding est hors jeu au départ de l'action. or la règle c'est pas est ce qu'il touche le ballon mais est ce qu'il gène la vision d'un des joueurs adverses. là je vois pas comment on peut nous qu'il ne gène  pas il fait style de prendre le ballon donc dès départ il n'y a pas péno. Allez l'ol!!!!!!!,3
2015-04-22T08:51:51Z,Je veux tout expliquer en detail sur ce match pour tout les petit rageux ! Au niveau de ce match etant supporter stephanois j'avoue que Lyon aurait plus meriter la victoire que nous ( pas de rageux svp ^^ ) ! Les 25 premieres minutes Lyon nous ont bouffer car le coaching de Galtier etait nul ! Apres le but de Lyon logique ! Galtier a fait un tres bon choix en sortant Baysse pour Hamouma ! Apres penalty pour les verts emplement meriter car Rose laisse la main trainer et le carton rouge aussi meriter car il gene le but arriver ! Apres 2 eme but pour les verts tres chanceux Mdrr je l'avoue mais somptueux #Hamouma<3 ! Apres but pour Lyon des le debut de la 2eme mi-temps ! En resume Lyon aurait plus meriter la victoire que Sainte dans l'ensemble du match ! Sainte a mal jouer sont derby meme a 10 contre 11 ils ont jouer trop defensif ! Apres en 2 eme mi-temps par contre d'apres des pronostics Sainte a eu autant d'action que l'OL ! ^^ Ps : Pas de rageux svp mais des phrase lisibles Mdrr ^^ ) Sur ce bonne vacs a tous !!! ;),0
2015-04-21T20:36:57Z,L'OL méritait de gagner !! Allez l'ol !!,4
2015-04-21T20:11:38Z,"Wtf ?! Le carton il sort d'où ? Rose avait les bras collé au corps, c'était pas volontaire ! Et roro riri ta gueule",3
2015-04-21T17:45:25Z,"C est n importe quoi le rouge sur le peno
",2
2015-04-21T17:32:22Z,LYON CHAMPION SAINTÉ TROUFION!,2
2015-04-21T14:43:37Z,"Et le joueur de Saint-Etienne qui a marché volontairement sur Lopes ? On le montre ça ? Ce match est un scandale. Encore une fois L'Olympique Lyonnais subit l'incompétence ou la corruption de l'arbitrage. Qui a fait basculer tout le match, malgré leur nombre L'OL a su dominer l'ASSE du début à la fin. Saint-Etienne doit se faire discret quant à ce match incompris.",1
2015-04-21T14:24:11Z,"Et la barre transversale de Fékir en première période ?
C'était un bon match, j'avoue qu'en regardant ce match, j'étais vraiment déçu par le jeu totalement défensif des Verts même à 11 contre 10 lyonnais, en plus que c'est Lyon qui a multiplié les occases, la possession et les attaques.",0
2015-04-21T12:40:14Z,Honnetement je suis stephanois et 200% vert...mais là je suis extremement DÉÇUS!!!!!AUCUNE ENVIE et ambition sur ce match pour l'a.s.s.e!!!!!pas de hargne...bref lamentable pour 1 derby surtout à 10 contre 11!!!!!!,0
2015-04-21T10:05:56Z,,0
2015-04-21T09:25:40Z,Arretez de croire qu'il n'y a qu'en France où l'arbitrage est mauvais. C'est la même partout!tout le monde suce l'arbitrage anglais mais il est pitoyable ... A chaque fracture d'un joueur il n'y a même pas de carton,0
2015-04-20T21:24:00Z,ah pi en europe lacagette et fakir ne pourrons plus plonger et simuler pour avoir des penos ils seront sanctionnés et là je vais me marrer...,4
2015-04-20T20:02:08Z,L'admin est pro chien vert ou quoi ?? On essaye de faire croire que le match a été dominé par l'asse et on montre pas les actions lyonnaises ??,23
2015-04-20T19:33:13Z,OL <3,3
2015-04-20T18:42:55Z,Eliminé par un club roumain en barrage d'EL 2-2 Eliminé par le 4e du championnat danois en barrage d'EL,0
2015-04-20T18:15:43Z,Sinon la barre de fékir et la tête de Perrin sur la cage a Ruffier ? Il en faut encore pour parler de la domination lyonnaise a 10 contre 11 ? ,1
2015-04-20T17:55:58Z,Les stephanois l'année prochaine la ldc ils la jouent sur playstation 😂😂l'essentiel dans tous sa -8 points et leader🔵🔴👍,2
2015-04-20T17:43:36Z,Tiens les stépahnois ferment leurs gueules c'est bizarre (ils savent que les lyonnais on raison)       X),1
2015-04-20T17:35:38Z,"Résumé de merde! En regardant ça on pourrait penser même à la limite que Sainté dominait! C'est n'importe quoi! Lyon a fait un match de fou avec pleins d'occasion, 2 barre transversale, la première occasion du match avec Njie et j'en passe... Honteux!",1
2015-04-20T17:19:20Z,Cette vidéo ne reflète par la réalité du match.,30
2015-04-20T17:08:39Z,OK même en republiant trois fois la même vidéo vous êtes même pas foutus de montrer l'archidomination lyonnaise face au triste spectacle qu'a proposé Sainté ?...,42
2015-04-20T17:03:13Z,La transversale de fékir ??,1
2015-04-20T17:01:36Z,elle est ou la barre de Fekir ???,18
2015-04-20T16:58:49Z,Et les deux transversales on en parle pas ?! ,1
2015-04-20T16:31:14Z,N'importe quoi le rouge!!!!! elle est pas volontaire et collee au corps!!!! Et merci pour ce résumé tout pourri... Ils montrent pas 1/10 des actions... Allez L'OL!!,14
2015-04-20T16:28:57Z,Mddr touché par les commentaires ? ,0
2015-04-20T15:52:03Z,Des vrais fragiles la ligue 1 officiel... sa n'aime pas les commentaires....,0
2015-04-20T15:51:57Z,Tellement d'occasion pour les lyonnais qu'ils ont du en enlever la moitié...,20
2015-04-20T15:34:01Z,il n' aime pas les commentaires mdr mdr,0
2015-04-20T15:27:18Z,c'est bon stop les gars de mettre sa en ligne on n'a compris,6
2015-06-29T20:42:49Z,Allez les verts !!!!!,6
2015-05-16T15:13:03Z,"Ouais bien joué les verts, vous êtes trop forts !",0
2015-05-16T08:50:29Z,Aller Paris OM on. T'emmerde,0
2015-05-16T08:49:54Z,Super vidéo les gars merci encore,2
2015-05-14T20:51:39Z,Fuck la corse,0
2015-05-14T20:51:11Z,corse merda,1
2015-05-14T20:50:23Z,tais toi,0
2015-05-12T18:00:18Z,"BIEN JOUÉ LES VERTS ! MAIS GAGNER 5-0 C'EST PAS UNE RAISON POUR ENVOYER RORO RIRI CASSER LES COUILLES A TOUT LE MONDE SUR LE MATCH DE LYON
Sur ce, bonne fin de saison à vous et foutez moi Evian en L2 ;)
De la part d'un Lyonnais. ",1
2015-05-11T22:39:43Z,Allez les verts! Vive les verts! Allez Saint-Étienne!,0
2015-05-11T19:01:32Z,Magnifique la tête plogeante de Perrin O.O,6
2015-05-11T18:43:44Z,"Bien joué à la défense centrale stéphanoise et à Stéphane Ruffier pour ce clean sheet !
On peut pas en dire autant pour la défense centrale niçoise malheureusement.",2
2015-05-11T16:45:58Z,Une 4 ème place à aller cherche pas la 3 ème pcq on va se faire défoncer au barrage si on est 3 ème,0
2015-05-11T14:32:27Z,COOL,0
2015-05-11T13:55:02Z,tien aucuns footix quenelles et qatars pour chercher la merde comme avant?? strange isnt 'it?? mdr,1
2015-05-11T13:53:29Z,dans le cul les salades niçoises ptin que c' est bonnnnnnnnnnnnnnn.. merci les vertssssssssssssss^^,5
2015-05-11T08:07:27Z,Enorme match ☺ c etait de la bombe atomique!!! ALV 💚⚽💚,8
2015-05-11T06:31:04Z,L'Europa svp pas la LdC :) ,0
2015-05-11T05:51:23Z,Super match et excellente réaction après la défaite à Bastia,0
2015-05-11T04:51:10Z,On etais kop sud hier aprèm on c' est régalé dans le coap il y avais une bonne ambiance on répondais au ultra :-D ! Merci ST ÉTIENNE :-),5
2015-05-11T00:42:27Z,"ENORME  match , les stephanois se sont régalés.",1
2015-05-10T22:32:29Z,Super,0
2015-05-10T22:15:25Z,"https://pbs.twimg.com/media/CEqDH6dVAAEBAQY.jpg

^^",0
2014-12-22T11:24:57Z,Ricky <3,0
