publish_date,title,view_count
2014-11-30T23:45:36Z,AS Saint-Etienne - Olympique Lyonnais (3-0)  - Résumé - (ASSE - OL) / 2014-15,366321
2015-05-17T02:08:18Z,Olympique Lyonnais - Girondins de Bordeaux (1-1) - Highlights - (OL - GdB) / 2014-15,2404
2014-08-31T23:23:16Z,Le triplé d&#39;Ibrahimovic PSG-ASSE (5-0) / Ligue 1 / 2014-15,32735
2014-09-14T22:00:06Z,AS Saint-Etienne - SM Caen (1-0)  - Résumé - (ASSE - SMC) / 2014-15,19832
2014-09-01T06:08:45Z,Tournoi des Pennes : Es Vitrolles 3-0 Stade Beaucairois 30 (temps forts),117
2015-04-12T22:00:00Z,AS Saint-Etienne - FC Nantes (1-0)  - Résumé - (ASSE - FCN) / 2014-15,25557
2014-08-31T22:58:19Z,La tête rageuse de Z. IBRAHIMOVIC (41&#39;) / PSG - AS Saint-Etienne (5-0) -  (PSG - ASSE) / 2014-15,18832
2014-12-05T00:27:17Z,"Daniel Wass, the new Juninho of Ligue 1  : Week 16 / 2014-15",2584
2014-08-31T22:58:30Z,La bourde de Stéphane RUFFIER (24&#39; csc) / PSG - AS Saint-Etienne (5-0) -  (PSG - ASSE) / 2014-15,242118
2015-04-20T15:17:34Z,Olympique Lyonnais - AS Saint-Etienne (2-2)  - Résumé - (OL - ASSE) / 2014-15,80721
2014-08-31T22:57:55Z,But Z. IBRAHIMOVIC (62&#39;) / Paris Saint-Germain - AS Saint-Etienne (5-0) -  (PSG - ASSE) / 2014-15,8521
2015-04-19T23:08:02Z,Lille bordeaux,211
2015-05-10T22:00:00Z,AS Saint-Etienne - OGC Nice (5-0)  - Résumé - (ASSE - OGCN) / 2014-15,110784
2014-12-21T23:00:04Z,But Ricky VAN WOLFSWINKEL (20&#39;) / AS Saint-Etienne - Evian TG FC (3-0) -  (ASSE - ETG) / 2014-15,2550
2014-08-25T13:38:21Z,A.S. Saint Etienne vs Stade Rennais (ligue 1 - Saison 2014/15),126
2014-12-14T13:52:38Z,Colère de Sagnol après Nantes,202
2014-08-31T12:44:43Z,Match of the day : PSG vs Saint-Etienne : Avant match,190
2015-03-26T22:26:41Z,Christophe Bureau invité dans la Radio 100% supporter du Fc Sochaux Montbéliard le 26 mars 2015,851
