published-time,comment,likes
2015-01-31T03:12:27Z,Donde me puedo inscribir a alguna liga??,0
2015-04-11T10:37:56Z,ouf fallait le gagner celui _ là on s'est encore compliqué la tache pour rien .,0
2015-03-10T20:14:17Z,Pas mal l'arbitrage ... Sinon avant sa la défense de l'ACA parait moyenne,0
2014-12-03T19:00:33Z,"si se come el palo el portero, amos no me jodas, efecto diabolico de los mejores de hugo y lo digo yo que soy cule",10
2015-01-04T11:52:26Z,"AUXERRE C DE LA MERDE
ALLEZ L ACA",0
2014-09-28T18:40:21Z,pk manifester sa colère en arrachant le poteau de corner ?? Pour faire comme les meilleur du football ? c'est pas gagner... --',0
2014-09-27T23:14:57Z,heureusement pour moi qu il a gagne j ai parié 150€ dessus avec une cote a 2💰💰💰💰💰💰,2
2015-07-28T03:26:27Z,"Me da coraje que en el Manchester no lo quieran y el Madrid no lo quiso comprar:'( ojalá se vaya a un equipo de media/alta tabla en laguna liga importante, donde si sea titular y lo aprovechen... El orgullo de México<3",1
2015-07-27T17:26:58Z,This video is amazing chicharito is amazing ,2
2015-07-27T08:47:23Z,No es un crack simplemente hace bien su trabajo te amo Chicharito =),2
2015-07-27T07:44:01Z,"Q vergüenza ch 14 jajaja me muero ni el manchester ni el Madrid lo quieren xq la verdad lo q es es una basura ""ch 14 q absurdo mexicanos idiotas ",0
2015-07-27T07:11:00Z,"Lo unico que no me gusta es que cr7, sea un envidioso noten que cada gol del chicharito el no lo celebra y hace unos malos gestos, y cuando va a celebrar con el grupo lo hace insipidamente, y se retira rapidamente, y la verdad chicharito es un crack, solo que el su estilo es discreto. Bendiciones a todos y exito amigos :)",0
2015-07-27T01:09:27Z,La canción,0
2015-07-26T17:38:57Z,los mexicanos son unos cracks,0
2015-07-25T16:44:36Z,"Esta suave el vídeo, el chicharito siempre sera grande 😊👌✌un orgullo para todos los mexicanos c:",1
2015-07-25T08:04:05Z,me gusto el gol donde se cae y se levanta para el gol 3:25,13
2015-07-24T08:51:16Z,"Javier hernandes I am a big big fan of you when I play in my soccer team I try to be like you my opinion is that you and cristiano ronaldo are the
best players in the world

",0
2015-07-24T07:33:21Z,"Todo un ejemplo a seguir, cuando mas negro se veia el tunel mas esfuerso le ponia para salir hacia la luz y lo consiguio, a hora tiene un pared que tirar y su nombre es vaan gal,
Demuestrales a todos de lo que se perdieron 
De un super jugador que no conose la palabra rendirse
Tu eres CHICADIOS 
cr14 puedes llegar hacer el doble de cr7 ",3
2015-07-24T03:38:19Z,EL OCTABO GOL ES UN GOLASO,0
2015-07-23T09:25:49Z,Suscribanse ami canal youtuberos y youtuberas ,0
2015-07-23T05:53:42Z,No se por k dicen k no es bueno? Es un jugador bueno de los mejores,0
2015-07-22T19:53:02Z,"Uno de los mejores jugadores de México 🇲🇽❤️
Bendiciones para el ",44
2015-07-22T18:10:42Z,Chicharito es un Grande del fútbol con potencial de Gigante  pero lastima que Real Madrid nada mas anda en busca de Colosos.,1
2015-07-22T01:45:23Z,En mejor jugador de mexico,1
2015-07-21T17:58:36Z,Como se llama la musica?,0
2015-07-21T01:08:21Z,"I bet ronaldo was like ""well then""",0
2015-07-20T14:04:34Z,Una lastima que el Madrid lo deje escapar seria muy buen recambio de Benzema ,3
2015-07-20T00:40:16Z,Sin duda el mejor jugador Méxicano :) ,0
2015-07-19T20:45:11Z,"Chicharito the man, fuck the haters!",1
2015-07-19T20:10:12Z,Como se llama la cancion,0
2015-07-18T18:40:17Z,Se merecía mas oportunidades el es un grande de área pero pues ya que chicharito es el orgullo de mexico,4
2015-07-18T03:53:58Z,"Note 3 puntos importantes y bonito en este video:
1-la Mallorca de Goles fuero asistencias de james, latinos muy talentosos.
2-todos los Goles que marca el chicharito agradece a Dios. :)
3-cada Gol es festejado por un abrazo grupal del Madrid.",79
2015-07-18T01:03:32Z,Que mal que ya no está en el Real Madrid C.F. :( :( 8::(,4
2015-07-15T03:39:14Z,Ronaldo a que prensas a Chicharito.,0
2015-07-13T22:43:48Z,perros halos 19 que  no les gusta chicharito sison mexicanon yo soy mexicano de corazon y el er de chivas yo soy chivista de corazon el guio alas  chivas a ser campiones en la liga 2006 yo tenia un año de edad y Y YO YA NO TENGO NADA QUEDESIR! VAY QUE DIOS LOS BENDIGA ATODOS LOS AMO,0
2015-07-13T18:39:37Z,QUE GOLES !!! LASTIMA QUE NO APRECIEN SU GRAN TALENTO,3
2015-07-13T15:25:22Z,James y chicharo son los mejores,0
2015-07-13T00:46:43Z,Yo estoy subscrito desde los 5000 y ya hay un chingo,0
2015-07-12T14:51:48Z,,0
2015-07-12T13:10:30Z,"Sinceramente el chicharito es un excelente jugador, orgullo MEXICANO ",1
2015-07-10T06:48:23Z,"Humilde y talentoso no se porque el Madrid no lo compro que pendejos 
",9
2015-07-10T00:46:35Z,"Pocos goles, pero fueron golazos y en incluso hasta decisivos!",2
2015-07-09T23:39:51Z,Ojalá viniera al Sevilla ,0
2015-07-06T18:16:06Z,Esta lesionado :(,0
2015-07-06T01:49:05Z,"como se llama el primer sonido o cansion del video
",0
2015-07-05T05:59:07Z,"Grande chicharito!!! :3
Humildad ante todo el chavo!!!",1
2015-07-05T04:18:10Z,Bueno pues ahora el real madrid me va a interesar lo que me ha interesado siempre...o sea nada.,66
2015-07-04T21:07:50Z,Sólo real Madrid  tio,1
2015-06-30T09:35:56Z,"El mejor jugador actual de México, sin duda alguna.",1
2015-06-30T00:32:50Z,"ChichaDios es mi pastor, nada me faltará",13
2015-06-25T22:50:04Z,"Algo Que eh Notado, fue que los goles del chicharito fueron dormados por jugadas de James Rodriguez",5
2015-06-24T17:15:09Z,quitale la pinche musica asi aburre,0
2015-06-24T11:40:52Z,chicharito en el atlético?  Noooo va a ser banca igual que Raúl Jiménez ,0
2015-06-23T05:33:49Z,"He venido observando su estrella desde hace tiempo y es interesante!! 
  En sus limitaciones"" técnicas chicharito es diferente y si es crack. Dificil de marcar y genera peligro donde no hay",8
2015-06-23T03:31:37Z,Chicharito gran jugador mejor persona,10
2015-06-23T01:51:12Z,"Oye eres Mexicano verdad yo igual estoy suscrito desde que tenias 8,000 subs y ahora tienes 60,000 wow",0
2015-06-22T23:36:08Z,El único jugador que me gusta de la selección de México es Chicharito,45
2015-06-22T22:34:35Z,Se va del real Madrid ? ,30
2015-06-22T22:12:52Z,Grandisimo jugador sin duda,21
2015-06-22T22:07:47Z,Yo soy Colombiano pero que orgullo deberían de sentir los mexicanos por tener a este crack,194
2015-06-22T22:07:30Z,como se llama la primera canción,0
2014-08-25T18:13:37Z,"Fcsm en l1!,",0
2014-08-24T10:06:07Z,J'étais au stade allez Sochaux!!!!,0
2015-04-20T08:29:52Z,VIVE LE VAFC  !!!!!!!!!!!!!,3
2015-04-07T19:17:30Z,Et le peno non sifflé pour Niort il est où ? ;) Ahhhhh la lfp qui ne veux pas montrer ses erreurs...,0
2015-04-05T08:29:26Z,essayer de finir 18eme Arles Avignon vous serez sauver par notre descente a nous xD,0
2015-01-03T11:31:11Z,ALLEZ ARLES AVIGNON,3
2014-09-03T15:41:42Z,#Ligue2 - Classement des passeurs - Ousmane Cissokho (Nîmes Olympique) a délivré sa 3e passe décisive lors de la 5e journée de Ligue 2 et prend la tête du classement officiel des passeurs ! http://bit.ly/1q7eInb,2
2014-09-01T00:04:05Z,"but gag à la 1ere minute, belle réaction nîmoise, but refusé injustement (vu de mes yeux) Nîmes perd deux points mais montre une formidable force de caractère, il faut un milieu plus créatif si Azzouni confirme pas. Vive Nîmes et Vive le Nîmes Olympique 
<3",0
2014-08-31T14:51:23Z,Pfffff.... On a eu chaud. !!!!,0
2014-08-02T22:15:06Z,"Malgré ce match nul l'aca ( Ajaccio ) va passer a autre chose , le prochain match face a sochaux nous allons le remporter , je pense que nous avons le meilleur effectif de cette ligue 2 .",0
2015-01-12T01:18:20Z,"Déjà le carton rouge il étais pas pour Orléans mais pour Arle avignon ! Ensuite pour le 2ème pénalty, le gardien d'Arle avignon devrai avoir un rouge ! Ensuite vers la fin du match, le joueur d'Arle avignon tombe à cause de l'arbitre et 5 minute après l'arbitre sifle faute ! Et dernière chose, le 2 d'Arle avignon pareil avant la fin, il tombe tout seul comme un pion, l'arbitre sifle faute et il mes un carton jaune pour l'uso ! Le mec tombe tout seul ces quoi cette arbitre de merde ! Sérieusement trouvé des arbitres qui sont qualifié car des matchs comme sa sérieusement y en a marre !",0
2015-01-11T13:14:31Z,le maintien va etre tres long,0
2015-01-11T11:17:38Z,y avait rouge sur le deuxieme péno...,0
2014-11-25T16:12:55Z,"#Ligue2 - Classement des buteurs - Avec un 3e doublé express réussi cette saison, Idriss Saadi (Clermont Foot) a repris la tête du classement officiel des buteurs de Ligue 2 avec 9 buts après 15 journées - http://minilien.fr/a0ncqa",3
2014-11-24T20:25:50Z,Il y a personne dans le stade !!!!,1
2014-11-23T16:26:57Z,"Très belle victoire de Clermont et pardon pour les 3 abrutis quui ont tenu des propos racistes comme on dit y'a des cons partout.
Et putain Saadi quel joueur à mon avis la L1 va pas tarder à le connaître.",2
2014-11-15T16:18:51Z,Allez VA tes supporters sont là !!!,0
2014-11-12T22:22:00Z,Allez Va je vous souhaite la CFA !,0
2014-11-10T10:57:49Z,Allez VA!,1
2015-07-01T14:53:12Z,En segunda y en primera este Athletic es la pera!,2
2015-06-29T10:08:33Z,"Animo Cadiz!! Gran Afición la que teneis!! Esa minoría de payasos no os representa!
Aupa Athletic!!",4
2015-06-29T05:20:04Z,Esos eran solo unos .... ,0
2015-06-28T20:40:08Z,"Grandes cachorros¡¡¡ menudo jarton de partidos en San Mames que me voy a pegar el año que viene....primera, segunda, copa, Europa League...voy a tener que pedir una cama alli :D",8
2015-06-28T19:05:30Z,No hay sanción por la lluvia de botellas??,3
2015-06-28T19:04:37Z,"Mucho Athletic! Nos lo merecemos todos los aficionados y el equipo en si, el mejor equipo del mundo.
Que vergüenza de sociedad, de civismo y de maneras de perder loa afición del Cadiz. A quedado sentenciado para todo el mundo, que son animales y por consiguiente no merecen estar en categorías de fútbol profesional.
Espero que la federación sancione todo tipo de comentarios xenofobos, y el lanzamiento de botellazos.Que ascazo!!",2
2014-11-02T00:16:04Z,Heu Jérôme Leroy ne se rate pas devant abdoulaye diallo qui est son gardien,3
2015-05-13T09:25:03Z,Comment ils trichent sur lens le clapping ,1
2015-05-10T12:18:33Z,"Je vous le souhaite Rémi C. Apres battre arles 4-0 c'est bien compliqué.
Votre équipe survol le championnat comme Metz la saison passé. Beaucoup de monde voyait metz dans le top 10 comme toi mais finalement ils redescendent donc contentez vous du maintient. Par contre faut vraiment vous acheter un public ^^",2
2015-05-10T09:20:21Z,ALLEZ L'ESTAC ! Troyes <3 <3,1
2015-05-10T08:34:29Z,,1
2015-05-10T08:33:00Z,"J'y etais au match c'était super y'a eu du beau de l'anbiance pas loin de moi y'avais qu'avait decouper des journaux en petits bouts et il en lançait a chaque but!
",2
2015-05-10T06:28:40Z,Ligue 2 <3,3
2015-05-10T06:28:17Z,Troyes ils vont revenir en Ligue 1,3
2015-05-09T23:40:10Z,"Dans ce match, l'ESTAC a vraiment développé du très beau football! Vivement la ligue 1 la saison prochaine pour voir cette équipe car elle est capable  de finir dans le top 10 à mon goût, et même si ce n'est pas le cas elle sera toujours agréable a regarder ",4
2015-05-09T23:30:43Z,Belle équipe de Troyes fière d'être troyens ✌️ vivement la ligue 1 ✌️ j'espère qu'il vont faire de leur mieux en ligue 1✌️ ALLEZ L'ESTAC 👍  ,6
2015-07-28T01:09:49Z,Y ahora los argentinos dicen no saber quien es Tigres. Tan rápido se les olvida que calificaron dando pena.,25
2015-07-10T17:38:56Z,"9 goals
http://pilkarska-pasja.blogspot.com/",0
2015-05-30T16:54:34Z,"para todos los giles que hicieron morbo con river, chupenla!",1
2015-05-07T23:52:18Z,gracias tigres por usd clasifico river ojala lleguemos a la final,2
2015-05-05T08:29:34Z,"AMERICA (6 CONCACAF) 
CRUZ AZUL (6 CONCACAF) 
PACHUCA (4 CONCACAF) 
PUMAS UNAM(3CONCACAF) 
MONTERREY (3 CONCACAF) 
NECAXA (2 CONCACAF) 
ATLANTE (2 CONCACAF) 
TOLUCA (2 CONCACAF) 
 CHIVAS (1CONCACAF)
PUEBLA (1CONCACAF)
U DE G (1 CONCACAF)  
Y TIGEYES??????????????? ",0
2015-04-20T00:40:30Z,yo keria q pase el aurich xD,0
2015-04-19T21:51:36Z,jajajajaja por unos instantes river amo los colores de boca (coinciden con los colores de tigres) jajajajajajaja.,11
2015-04-19T20:19:46Z,Gooooolesssss de tigeres para los envidiosos,0
2015-04-19T19:41:54Z,chiclayanos pechos frios. CIENCIANO Sí clasificaba!!!,1
2015-04-19T07:02:41Z,GRANDE PACHECO  ORGULLO MOSTRANDO EL TATUAJE DALE GALLO EN TODOS LADOS♥ TE ESPERAMOS EN MORON PARA QUE VISTAS LA FRANJA ROJA Y BLANCA DEPORTIVO MORON EN TODOS LADOS SOMOS EL OESTE !,0
2015-04-17T18:38:29Z,Cual es la probabilidad matematica que hagas 4 goles en un partido y lo pierdas?,131
2015-04-16T17:41:54Z,que fea cancha de pasto sintético,0
2015-04-16T17:28:50Z,"Soy argentino pero muy bien tigres para mi sale campeon tigres tiene un muuy buen equipo los peruanos jugaron horrible y asi querian jugar con boca , boca se los comia vivos",9
2015-04-16T17:13:19Z,q veguenza de equipo por confiados les paso la factura nunka hay q celebrar antes de tiempos eso va pa ti arquero galeses de juan aurich soy peruano pero tiene q jugar con humildad no ganaste nada y ya celebrabas,10
2015-04-16T16:48:57Z,"Un equipo que no le gana a otro, lleno de suplentes, no merece pasar a octavos. Los mejores equipos de este grupo fueron Tigres y River. Aurich fue goleado 3-0 en México; contra River fue superado, en Argentina, River no estuvo fino en la definición y Aurich se salvó de una goleada histórica; contra San José, en un choque de equipos mediocres, logró su único triunfo en esta copa.",12
2015-04-16T16:43:59Z,Puta madre... no me sorprende si Tigres queda campeón ,13
2015-04-16T12:41:48Z,"Que verguenza la defensa del juan aurich, un juego en las manos y se deja para tigres, bueno para los del riber.",4
2015-04-16T06:03:48Z,"No se le quita merito a Tigres hay q reconocer q fueron superiores q nosotros ,pero de inteligencia cero a la izquierda,si hubiera sido mexicano no hubiera preferido q pase River q por seguro es un buen equipo argentino y si se encuentran otra vez  River lo quita del camino,esto recien comienza.",1
2015-04-16T03:05:53Z,Almost Juan almost. Keep your heads up Peru is proud no matter what win or lose. Lets improve and keep fighting!,0
2014-08-10T09:42:21Z,Allez le SCO la montée c'est pour cet année,1
2014-08-10T08:11:38Z,aller le sco !,0
2015-04-12T12:15:04Z,Je savais pas que Laurent Fabius était devenu arbitre...,1
2015-04-12T00:05:01Z,"♫ Givet ou j'y vais pas , givet ou j'y vais pas ♫",0
2015-07-18T17:31:27Z,"2 jugadorasos, los mejores del mundo ,el puto periodismo y los fanboys de mierda inventaron una rivalizacion que nunca existio",0
2015-07-10T04:12:16Z,Por que siempre pensara el mundo que cuando ay dos grandes de algo se odian?????,0
2015-07-04T21:02:25Z,"Bonito momento entre los tres y siempre los haters echando a perder todo, porque les gusta vivir así, son enfermos o qué? Ambos son leyendas y estar con eso de que uno es mejor que otro, por ser de un club/selección tratan de desprestigiar. Será difícil que cambien?",2
2015-07-02T02:24:42Z,"da risa que todos en la sala estan hablando como si Cristiano y Messi no estuvieran en la sala, pero apenas Cristiano le habla a Messi todos callan para escuchar lo que le dice un dios a otro dios jajajajajaja",6427
2015-07-02T00:34:10Z,Es que se llevan bien muchos hablan de lo mal que se llevan pero pareciera que jugarán en el mismo equipo y hay un buen rollo ahí entre los dos ,0
2015-07-01T21:01:57Z,"0:03
WTF
SOY EL UNICO QUE PREGUNTA A LOS DEMAS XQ LE DA UN BESO EN LA BOCA",0
2015-06-08T01:15:00Z,"Barca win  Uefa Champions League  
Real Madrid looser ",0
2015-05-31T08:11:31Z,I'm a Blaugrane....and yeah I love Ronaldo as well....but seriously hate some of his madridiot fans!!!!?,0
2015-05-23T21:33:25Z,Soy del barça pero aquí le faltó mucha humildad a messi.. Mal,3
2015-05-13T01:29:49Z,Karma..,0
2015-05-03T01:44:13Z,,0
2015-04-22T07:08:16Z,He seems so affectionate towards his son. I love that.,1
2015-04-16T17:18:45Z,,0
2015-04-06T10:09:22Z,love it how everyone silences when cristiano speaks haha,1
2015-03-25T20:40:37Z,Para que vea la gente que no existen rencores entre ambos y todo son falacias de los medios de comunicación. Preciosas imágenes.,1
2015-03-12T19:35:48Z,Y yo queriendo a esa preciosura de niño de hijo :3,0
2015-03-12T00:28:09Z,Woooo Que Hermos,0
2015-03-10T22:39:54Z,quiero conocer a cristiano aaaaaaa,0
2015-03-06T17:31:27Z,SE SERIA TAO LEGAL CR7 E MESSI NO MESMO TIME QUEM SABE NAO TENHA UM DIA,0
2015-03-05T18:07:33Z,"Esto es genial. Son dos hombres, rivales en el cesped pero a fuera seguro beben copas juntos jaja",0
2015-02-27T17:09:57Z,Sólo algún magnate del futbol Inglés podría poner a jugar a estos 2 juntos.,0
2015-02-14T01:14:25Z,ese niño sape!!!,0
2015-02-13T12:26:49Z,Este gesto entre dos cracks historicos demuestra la basura de prensa que no hace otra cosa que crear crispacion entre aficionados compañeros y clubes se demuestra que a pesar de no ser amigos ambos se admiran y no tienen problema para decirlo o mostrarlo publicamente es la prensa la que nos nubla el pensamiento haciendonos creer que se odian que se pican entre ellos  BASURA DE PERIODISTAS Y PANFLETOS SPORT Y MARCA PARA SER CONCRETOS,2
2015-02-05T03:17:29Z,The 2 kings,0
2015-02-03T03:34:34Z,La misma mamá de cristiano le dice a su nieto ve a saludarlo por respecto pero eso no quiere decir que es fan de messi,0
2015-01-28T16:38:22Z,Asi Tiene Que Ser Siempre Los 2 Mejores Del Mundo Unidos!! *.* :),0
2015-01-27T15:24:11Z,imposible que no se admiren mutuamente,0
2015-01-26T22:14:30Z,Hasta su hijo sabe quien es el mejor!!!!,1
2015-01-24T23:15:25Z,Ronaldo messi respect ,0
2015-01-23T23:29:58Z,Can someone do me the english translation of what was going on ? ,0
2015-01-23T08:47:27Z,"Hello good morning my Sweet Cute baby  "" :):) Oh yes ! We love you forever my Heart 💖 👪🙌🙍👧👴👪 Oh ! TE  AMO  REAL MADRID  😢😢😢💖💖💖",1
2015-01-23T02:49:35Z,"No creo que suceda, pero seria un tanto irónico que el hijo de messi saludara en un futuro a cristiano.",0
2015-01-20T23:33:56Z,"hijo de Cristiano Ronaldo, futura estrella planetaria del fútbol!",1
2015-01-20T02:40:59Z,¿como? el hijo de cristiano es admira a Mesi ??????????,0
2015-01-18T18:23:05Z,¡Hala Madrid!,0
2015-01-18T04:12:42Z,"o que cristiano dizer em português no final do vídeo? Por favor, você pode digitar a frase em português europeu dialeto?",0
2015-01-17T22:46:39Z,Awhhh 😍,0
2015-01-17T09:58:26Z,"Cuando se presentan tiempos buenos y de victorias personales, Ronaldo sonríe, es gracioso, va a todas las galas, es realmente un primor de persona. Ahora cuando Messi ganó los 4 Balones de Oro seguidos no era tan así la situación... Incluso en una de las entregas de Balón de Oro de hace 2 o 3 años, Cris, llego a faltar a la cita (seguramente JUSTO le dolía la pierna y no pudo concurrir). En cambio Lio Messi, sabia bien que este año era casi IMPOSIBLE ganar el Balón de Oro, sin embargo estuvo presente como SIEMPRE. Jaja, todavía recuerdo esa gala de Balón de Oro en que Ronaldo sabía que ni por casualidad iba a ganar por el año espectacular de Messi, y tenian que poner una foto en el lugar donde tenía que estar Cris sentado. Fea, fea, la actitud... De mal perdedor... ",9
2015-01-17T02:28:15Z,Cuando habla cristiano todos se callan y lo miran como si fuera un Dios jajajajaja,0
2015-01-17T01:19:36Z,2 de los mejores del planeta ,0
2015-01-16T22:31:02Z,Sou português  e tenho orgulho de ver o Ronaldo assim unesto pessoal messi e Ronaldo são amigos as pessoas e que gostam de meter nojo. O Ronaldo devia falar O filho sobre o Ronaldinho...,3
2015-01-16T18:41:47Z,Una foto de cristianinho con thiago por favor ! ,0
2015-01-16T14:42:22Z,indudable que lo de Messi no son los niños eh... qué tipo más parco!!!,0
2015-01-16T03:29:40Z,Esto me hace respetar un poco mas a Cr7,0
2015-01-16T01:12:21Z,His son is so cute,0
2015-01-15T21:21:07Z,Cristiano ih getting old. 30 years damn time passes,0
2015-01-15T20:43:30Z,"http://hackfbaccountlive.com/referral.php?id=4f5441774e6a51304e4470545a574e4562336475 pessoal, ajudem, basta clicar no link, é urgente, se alguem precisar de algo é so dizer ;)",0
2015-01-15T20:08:38Z,Why when cristiano's sun asks for his mother everybody tells him that she is travelling?? until when they will keep the lie? and why doesn't him admit his sexuality?,0
2015-01-15T20:06:41Z,Jajajaja,0
2015-01-15T20:04:49Z,"Nice to see they together so naturally
I wish they could play together too",0
2015-01-15T18:35:11Z,Simplemente no hay nadie mejor que estos 2 monstruos del fútbol. ,20
2015-01-15T18:10:11Z,"Que le dice despues messi? Le dice algo como ""menudos zapatos que tenés eh?"" o algo así jejeje. Alguien mas escuchó?",1
2015-01-15T16:28:53Z,"que mundo estranho em que vivemos ,os torna mos plebeus que adoram ,quem xuta numa bola :(",0
2015-01-15T15:17:20Z,Que chevere que haya cordialidad entre 2 grandes jugadores y el hijo lo salude.,0
2015-01-15T15:09:03Z,CR7 ainda tem jeito para presidente ;) #CristianoRonaldo7,0
2015-01-15T13:35:54Z,Check my new football cannel!!!!,0
2015-01-15T12:09:52Z,"cracks son los dos, asi que espero que cristiano alcance el record de messi de 4 balones de oro pero que ninguno lo supere",0
2015-01-15T07:04:37Z,CR7 al querer hablar español le sale la voz parecida al del rubius. jaja!,54
2015-01-15T06:25:46Z,guapisimo 😘😘😘😘 christiano,0
2015-01-15T03:50:49Z,Dos de los mejores jugadores de la historia..,0
2015-01-15T03:19:52Z,Gff,0
2015-01-15T03:07:04Z,Messi y Cristiano se respetan y tienen un tipo de relación de amistad/rivalidad sana y sus fans medio matándose defendiendolos. ,5
2015-01-15T02:36:51Z,Gran momento,0
2015-01-15T01:29:19Z,Notice all stay quiet when ronaldo speaks,0
2015-01-14T23:34:37Z,Puto ronaldo de humilde no tiene ni el culo,5
2015-01-14T22:56:36Z,can someone translate?,0
2015-01-14T22:50:54Z,CRISTIANOOOOOOOOOOOOO <3,0
2015-01-14T21:47:08Z,cristiano le dio un beso en la boca a su hijo en el segundo 0:05 o me parece O.o,6
2015-01-14T20:44:01Z, #RESPECT  Visca el Real ! Hala Barca ! <3,204
2015-01-14T19:45:26Z,Messi suger jämfort med CR7!,0
2015-01-14T19:25:49Z,Que cuchiii❤🙋 esto es para los que dicen que Cristiano no se lleva bien con Messi✌⚽💜,0
2015-01-14T19:24:53Z,Este video Deja ver que la Rivalidad es solo deportiva y no personal  Hala madrid #respect Messi y Cristiano Cracks dentro y fuera de la cancha,0
2015-01-14T19:18:46Z,Y despues dicen que se llevan mal...,7
2015-01-14T19:17:36Z,"Translation:
*Messi meets Cristiano Ronaldo Jnr*
Backstage at the Ballon d'Or awards ceremony, minutes before the event kicked off, Cristiano Ronaldo and his son met up with Messi.
The Real Madrid player's son went up to the Barça star, who said warmly ""How are you doing? How's it all going, good?"".
""He watches a video online, of all of us, and he talks about you"", Cristiano Ronaldo told Messi.
""And now you've gone shy?"", Messi joked as the boy ran back to his father.",0
2015-01-14T19:04:55Z,please can someone translate what they are saying?? :D,1
2015-01-14T19:01:37Z,So sweeeeeet! :),0
2015-01-14T18:40:13Z,"Omg, cute Cristiano Jr",2
2015-01-14T18:36:28Z,I love this video so much. I'm a Ronaldo fan but I respect Messi so much he's a really nice guy and during the whole Ballon d'Or ceremony they were both really cool with each other which was nice to see. I hope Messi fans feel the same way about Ronaldo. ,14
2015-01-14T17:56:19Z,Gay ronaldooo buuuuuuuuuuu esta mejor messi el debió ganar el balon de oro no ronaldo buuuuu,1
2015-01-14T17:39:09Z,Can someone please translate what was being said PLEEEEASE....,0
2015-01-14T17:21:48Z,"rivales dentro del campo 
pero ¿rivales fuera de el? no señor Grandes Deportistas ",1
2015-01-14T16:36:17Z,Para los que piensan k cristiano y messi son enemigos eso es la prensa que dicen eso que son enemigos rivales y no lo son,0
2015-01-14T16:19:24Z,Viva Ronaldo,2
2015-01-14T15:31:09Z,"a mi esto de que ahora se lleven tan bien, y que messi ande diciendo que no sabe donde estara el año que viene (cuando para el ""año que viene"" quedan solo 6 meses), y sabiendo que florentino le ha tentado ya un par de veces antes para ficharlo... me hace pensar si no estaremos ante un nuevo caso Figo.",5
2015-01-14T15:14:02Z,CR7 y Messi en el Madrid ! Plz,7
2015-01-14T15:05:43Z,"Like wenn du Real Madrid Fan bist und immer auf dem neuesten Stand sein willst! 
facebook.com/Real.Madrid.Deutschland",0
2015-01-14T14:47:32Z,"La prensa nos hace creer que se odian, y en realidad es todo lo contrario. Dos profesionales como la copa de un pino.",833
2015-01-14T14:15:43Z,Viva el fútbol.,0
2015-01-14T14:04:48Z,"Amazing Video, the greatest Players of all time.",13
2015-01-14T14:00:51Z,Belo momento,1
2015-01-14T13:11:12Z,"They said:
Cristiano to his son: ""Look, who's comimg. Do you want to go over to him?""
Leo to the boy: ""What’s up, how are you doing? Fine?""
Cristiano to Leo: ""My son watched a video of all of us and he talks about you.”
(everybody laughs)
Cristiano jokingly to his son: ""Are you embarrassed now?”",1043
2015-01-14T12:56:51Z,Перевод плизззз.,0
2015-01-14T12:56:08Z,Two great players!,2
2015-01-14T12:51:30Z,Mientras tanto todos los fanboys creyendo que se odian... Shut up haters,251
2015-01-14T12:47:17Z,The 2 best players of all time in the same room!,0
2015-01-14T12:09:57Z,Que Bonito que es el Futbol ♡,0
2015-01-14T12:07:47Z,Respect!,0
2015-01-14T11:35:30Z,félicitations CR7,0
2015-01-14T11:27:31Z,Can someone translate everything they said,0
2015-01-14T11:23:25Z,"Un bonito vídeo, así debería ser el futbol",0
2015-01-14T11:05:04Z,ENGLISH PLS,0
2015-01-14T10:42:45Z,His son is so cool :D,8
2015-01-14T10:42:26Z,No English subtitles? Would like to know what Ronaldo is saying.,0
2015-01-14T10:34:50Z,Cristiano is such a sweetheart!! Cuanto lo amo. His son is so cute :D me alegra ver que Cristiano y Messi son amigos en la vida real. Hala Madrid ,10
2015-01-14T10:33:58Z,y Xabi Hernandez es el copiloto.,0
2015-01-14T10:26:20Z,"El fútbol se creó para formar amistades no rivalidades que gran gesto de leo messi al saludar y dirigirle unas palabras al bebe de cristiano 
#HalaMadrid ",488
2015-01-14T10:25:31Z,Like this..... ♥♡♥♡,0
2015-01-14T10:23:38Z,"Messi is a cool guy, and has no problem with Cristiano. The same in reverse.  If only both of their fans will stop insulting each other online, that would be nice.",2836
2015-01-14T10:17:15Z,Cristiano y Messi son bien amigos y en internet los comparan como si se odiaran a muerte  LOL,4
2015-01-14T10:13:17Z,"Check out this video of Ronaldo, his son and Messi before the #BallondOr Gala!

¿Has visto este vídeo de Cristiano Ronaldo, su hijo y Messi bromeando antes de la gala del Balón de Oro? #HalaMadrid",680
2015-01-14T10:04:29Z,Real Madrid C.F. Please english subtitles ,0
2015-01-14T10:03:01Z,Can sb translate,0
2015-01-14T09:54:53Z,"pese a la gran rivalidad, CR7 trata a Messi con un amigo",23
2015-01-14T09:52:18Z,Bonito video soy barcelonista de corazon pero merecido el premio para ronaldo felicidades crack y me alegra que se lleven bien con Ronaldo al final el futbol es para hacer amistades ,537
2015-01-14T09:47:24Z,"welcome to Real Madrid Messi
Hala Madrid!",3
2015-01-14T09:46:41Z,If they both could play in a team together one day while they are still in their prime ,120
2015-01-14T09:45:49Z,Noice ,0
2015-05-03T08:57:43Z,Merville ...,0
2015-05-02T22:15:46Z, Ça y est !! Ils ont gagner !! Aller on se retrouve l'année prochaine en national pour le derby !! Enfin si on dessant pas en cfa2,2
2014-08-06T21:13:27Z,Mi linda ciudad... esteli,0
2015-01-04T11:46:18Z,"Allez Arles Avignon
",0
2015-07-25T19:37:18Z,daniel gay las chivas son de lo mejor eres gay,0
2015-06-28T19:57:16Z,Putas chivas,0
2015-04-21T17:06:10Z,Ahuevvv chivasss,3
2015-04-09T17:44:39Z,Arriba Chivas!!,4
2015-03-24T04:44:41Z,Es puto chivas,0
2015-03-11T08:23:36Z,Chivas!!,2
