publish_date,title,view_count
2015-03-10T16:18:37Z,AC Arles Avignon - AJ Auxerre (2-4)  - Résumé - (ACA - AJA) / 2014-15,6821
2015-04-11T01:09:10Z,US Gorée - Renaissance de Yoff (4-0),979
2014-08-23T22:00:02Z,AC Arles Avignon - FC Sochaux-Montbéliard (2-2)  - Résumé - (ACA - FCSM) / 2014-15,5905
2014-08-30T22:00:01Z,Nîmes Olympique - AC Arles Avignon (2-2)  - Résumé - (NIMES - ACA) / 2014-15,9629
2015-04-18T21:59:59Z,Valenciennes FC - AC Arles Avignon (3-0)  - Résumé - (VAFC - ACA) / 2014-15,7517
2014-09-27T22:00:01Z,AJ Auxerre - AC Arles Avignon (2-1)  - Résumé - (AJA - ACA) / 2014-15,7194
2014-08-09T22:00:01Z,Angers SCO - AC Arles Avignon (2-0)  - Résumé - (SCO - ACA) / 2014-15,8480
2015-04-04T21:59:59Z,Chamois Niortais - AC Arles Avignon (1-1)  - Résumé - (NIORT - ACA) / 2014-15,2009
2014-10-18T18:23:46Z,GFC Ajaccio - AC Arles Avignon (3-1)  - Résumé - (GFCA - ACA) / 2014-15,4243
2015-05-09T21:59:59Z,ESTAC Troyes - AC Arles Avignon (4-0)  - Résumé - (ESTAC - ACA) / 2014-15,7306
2014-11-08T23:00:01Z,AC Arles Avignon - Valenciennes FC (1-2)  - Résumé - (ACA - VAFC) / 2014-15,7337
2015-03-14T23:00:00Z,Châteauroux - AC Arles Avignon (1-2)  - Résumé - (LBC - ACA) / 2014-15,3094
2014-11-29T23:00:06Z,AC Arles Avignon - Dijon FCO (0-2)  - Résumé - (ACA - DFCO) / 2014-15,4318
2014-11-01T23:00:03Z,Havre AC - AC Arles Avignon (2-0)  - Résumé - (HAC - ACA) / 2014-15,3926
2014-09-20T22:00:02Z,Stade Brestois 29 - AC Arles Avignon (1-0)  - Résumé - (SB29 - ACA) / 2014-15,3346
2015-05-23T22:00:00Z,AC Ajaccio - AC Arles Avignon (2-1)  - Résumé - (ACAJ - ACA) / 2014-15,4884
2014-09-13T22:00:01Z,AC Arles Avignon - Tours FC (1-0)  - Résumé - (ACA - TOURS) / 2014-15,3374
2014-10-25T22:00:01Z,AC Arles Avignon - Chamois Niortais (1-0)  - Résumé - (ACA - NIORT) / 2014-15,2179
2015-04-29T17:56:08Z,Dijon FCO - AC Arles Avignon (1-0)  - Résumé - (DFCO - ACA) / 2014-15,4073
2015-02-21T23:00:00Z,AC Arles Avignon - Stade Brestois 29 (1-0)  - Résumé - (ACA - SB29) / 2014-15,2845
2015-05-02T22:00:00Z,AC Arles Avignon - US Créteil-Lusitanos (2-0)  - Résumé - (ACA - USCL) / 2014-15,2401
2015-04-11T21:59:59Z,AC Arles Avignon - Havre AC (0-1)  - Résumé - (ACA - HAC) / 2014-15,1885
2015-03-21T22:59:59Z,AC Arles Avignon - GFC Ajaccio (0-0)  - Résumé - (ACA - GFCA) / 2014-15,1323
2015-01-31T23:00:00Z,FC Sochaux-Montbéliard - AC Arles Avignon (1-0)  - Résumé - (FCSM - ACA) / 2014-15,6862
2015-01-24T23:00:04Z,AC Arles Avignon - AS Nancy-Lorraine (1-0)  - Résumé - (ACA - ASNL) / 2014-15,4043
2015-02-28T23:00:00Z,Stade Lavallois - AC Arles Avignon (1-0)  - Résumé - (LAVAL - ACA) / 2014-15,2882
2014-09-24T22:00:05Z,AC Arles Avignon - Stade Lavallois (2-3)  - Résumé - (ACA - LAVAL) / 2014-15,5070
2015-04-25T22:00:00Z,AC Arles Avignon - Clermont Foot (0-0)  - Résumé - (ACA - CF63) / 2014-15,1160
2014-10-04T19:03:06Z,AC Arles Avignon - Châteauroux (0-1)  - Résumé - (ACA - LBC) / 2014-15,2871
2015-03-10T16:23:57Z,Conférence de presse AC Arles Avignon - AJ Auxerre (2-4) - 2014/2015,333
2015-05-23T20:50:01Z,Samsunspor  2-1 Denizlispor | Maçın Geniş Özeti!,19845
2015-04-07T20:58:00Z,Amadou Ba vs PSG (highlights),1493
2014-08-17T12:13:26Z,Nancy - Arles Avignon 15/08/2014,1410
2015-02-14T02:19:12Z,RCS - Colmar : la Conf&#39; avec Alassane N&#39;Diaye,507
2015-06-12T21:05:21Z,"Colorado Rapids&#39; Dominique Badji on growing up in Senegal, FIFA and more",928
2015-07-05T21:21:24Z,PAPA NDIAYE MANE LIBERO,203
2015-03-13T20:14:57Z,EAU : 100ème but de légende pour Makhete Diop,8747
2015-04-14T00:42:42Z,"Résumé HLM - US Rail (1-2), 11 journée Nationale 1",344
2015-05-09T00:57:18Z,Nouhoun Thiam 31 - Skills and Assits,511
2014-12-28T09:28:38Z,Diambars FC - Niary Tally ( 1 - 1 ) - samedi 27 décembre 2014 - Résumé,1320
2015-05-14T16:27:38Z,fiche joueur Ousseynou Thioune,15395
2014-11-03T19:47:31Z,fiche joueur Aristide Simon Pierre Diedhiou,5167
2015-01-26T15:47:51Z,Alpha Fadiga Aka Alphadinho!,150
2014-10-21T02:37:03Z,Sports A LA Une - 20 octobre 2014,2125
2015-01-13T09:03:47Z,Lons : Sadio Mané s&#39;entraine seul,630
2015-03-28T23:52:15Z,DIAMBARS FC 4 VS STADE DE MBOUR 0 LE 28 MARS 2015 A SALY,649
2014-12-27T05:58:14Z,BAMBA MOHAMED,133
2014-12-03T10:42:28Z,CV Ousseynou Ndoye,685
2015-06-03T05:31:39Z,Sport à la Une avec Mame Fatou Ndoye - 01 juin 2015,874
2015-01-12T13:01:43Z,Premiére séance matinale du lundi 12 janvier des Lions,5862
