published-time,comment,likes
2015-07-08T20:34:51Z,Number 57 what a weird number,0
2015-07-04T04:33:07Z,This is the new Petr Cech.,0
2015-06-19T16:30:02Z,"Sportiello  e il mio portiere preferito
",1
2015-05-26T13:40:45Z,Video of mattia perin?,1
2015-05-23T17:53:37Z,Song?,0
2015-05-02T23:01:11Z,.speeiamo venga. A napoli ,0
2015-03-31T16:25:44Z,Kevin trapp please the goalkeeper of Francfort,0
2015-03-02T14:20:52Z,"Haz a sergio asenjo 
Can do you do sergio asenjo? ",1
2015-03-02T07:45:25Z,"Do the Scottish Allan mcgregor
Or Craig Gordon ",0
2015-03-01T09:39:30Z,Fantastic! Music very Amazing!,0
2015-03-01T07:55:04Z,Pls a Video of Simon Mignolet.,0
2015-02-28T16:42:36Z,Já parou de fazer videos???,0
2015-02-25T10:28:53Z,"Please do a vidéo of Paul Nardi from AS Nancy-Lorraine (France, ligue 2) ",0
2015-02-24T06:57:28Z,Handanovic PLS! :D,0
2015-02-23T05:27:10Z,Please do one of Jesus Corona from Cruz Azul in the liga MX(sorry for my english),0
2015-02-21T01:42:59Z,Do a Benaglio video,0
2015-02-20T03:44:07Z,"Hello , I would like you to do a video of the best saves of Jesus Corona , one of the best Mexican goalkeeper, thanks for all the videos ;)",0
2015-02-19T14:40:34Z,please do as next wellenreuther from germany,1
2015-02-19T02:46:09Z,Peter chech plzz,0
2015-02-18T18:29:25Z,jonathan orozco saves please!,0
2015-02-16T00:43:47Z,"Bom vídeo mano. Eu ainda não conhecia esse goleiro, ele tem futuro :)",2
2015-02-15T12:34:24Z,Mandandaa,1
2015-02-15T09:35:26Z,Please make a Video about Timo Horn Form 1.FC Köln,0
2015-02-15T02:54:09Z,"i like ur videos, if u could do david ospina from arsenal it would've amazing",0
2015-02-15T01:10:35Z,geronimo rulli,0
2015-02-14T02:21:21Z,"Do one video by diego alves, from sevilla",0
2015-02-13T21:54:11Z,amazing video bro!,0
2015-02-13T21:42:47Z,Handanovic please Inter goalkepper,0
2015-02-13T21:23:19Z,Bravo bel montaggio,0
2015-02-13T21:18:38Z,That was beautiful,0
2015-02-13T19:09:57Z,"Parabéns cara, seus vídeos são ótimos!",1
2015-02-13T17:57:00Z,"Awesome Video!  Maybe he'll be the next Gigi! 
Did  you can make a video of Enyeama or Perin they're my favorite Goalkeepers! 👐 ",2
2015-02-13T17:44:00Z,can you make a video about the best saves of petr cech,0
2015-02-13T17:38:39Z,Need to upload more great videos best on YouTube !!!,0
2014-10-03T15:45:24Z,Minchia che schieramento! ! ,0
2014-10-01T17:04:32Z,"SONO COMMOSSO . 8 - 2 GRAZIE ZEMAN ALLA FACCIA DEGLI ESPERTI DEL CALCIO CON LE LORO TEORIE DEL CAZZO, TI ADORO ZEMAN",0
2014-09-29T21:47:34Z,8-2-0 CHE BELLEZZA !!!!!! Grande Boemo!!!!,0
2014-09-29T21:21:54Z,Numero 1,0
2014-10-30T10:00:21Z,"Il problema della Juventus quest'anno è Allegri! La dirigenza ha fatto la cosa peggiore chiamando ad allenare sto tizio...non sà allenare...per favore vattene, I tifosi non ti vogliono!",0
2014-10-30T09:56:50Z,Allegri vattene per favore!,0
2014-10-28T19:32:31Z,Mah..... Pepe??  Sparito!!!! Lo rivediamo al Trofeo Tim.......(??????,0
2014-10-28T16:33:10Z,vai max !!! forza juve !!!,1
2014-10-28T16:09:47Z,Forza juve,1
2014-10-28T15:51:38Z,"Forza Juve 
Dai!!!!",1
2015-06-01T07:57:09Z,Grazie Capitano!,1
2015-03-22T12:44:03Z,"Il rigore fasullo per la banda del nano è sicuro come le tasse, basta guardare le statistiche dei rigori a favore e contro degli ultimi anni, e stiamo parlando di una squadra di merda che il naso nell'area avversaria lo mette ben poco, vabbè che non c'è bisogno che siano in area.",0
2015-03-22T05:48:04Z,Mai visto una roba del genere. Assolutamente in malafede. Pura mia nonna di 94 anni ha visto che era fuori area di almeno un metro. Pazzesco quanto rubano 'sti qua. Rigore inventato dopo 10 secondi dalla traversa del Cagliari. RIGORE PER IL BILAN!,0
