publish_date,title,view_count
2015-01-25T23:00:08Z,But Lenny NANGIS (50&#39;) / Stade Rennais FC - SM Caen (1-4) -  (SRFC - SMC) / 2014-15,4456
2014-12-07T23:00:08Z,But Lenny NANGIS (45&#39;) / SM Caen - OGC Nice (2-3) -  (SMC - OGCN) / 2014-15,4891
2014-09-21T22:00:08Z,But Lenny NANGIS (76&#39;) / Toulouse FC - SM Caen (3-3) -  (TFC - SMC) / 2014-15,2796
2014-10-26T23:00:08Z,But Lenny NANGIS (3&#39;) / SM Caen - FC Lorient (2-1) -  (SMC - FCL) / 2014-15,3783
2014-12-07T23:00:07Z,SM Caen - OGC Nice (2-3) - Highlights - (SMC - OGCN) / 2014-15,1361
2014-12-08T01:04:02Z,Bloopers : Week 17 / 2014-15,1448
2015-01-25T23:00:07Z,Goal Lenny NANGIS (50&#39;) / Stade Rennais FC - SM Caen (1-4) - (SRFC - SMC) / 2014-15,278
2014-12-07T23:00:06Z,Goal Lenny NANGIS (45&#39;) / SM Caen - OGC Nice (2-3) - (SMC - OGCN) / 2014-15,634
2014-09-21T22:00:06Z,Goal Lenny NANGIS (76&#39;) / Toulouse FC - SM Caen (3-3) - (TFC - SMC) / 2014-15,362
2014-10-26T23:00:04Z,Goal Lenny NANGIS (3&#39;) / SM Caen - FC Lorient (2-1) - (SMC - FCL) / 2014-15,302
2014-09-21T23:25:40Z,Highlights : Week 6 / 2014-2015,4794
2014-12-07T23:00:07Z,SM Caen - OGC Nice (2-3)  - Résumé - (SMC - OGCN) / 2014-15,25213
2014-12-08T00:49:56Z,Highlights : Week 17 / 2014-2015,4255
2014-10-26T23:00:04Z,SM Caen - FC Lorient (2-1)  - Résumé - (SMC - FCL) / 2014-15,17691
2014-10-27T01:16:07Z,Bloopers : Week 11 / 2014-15,1859
2014-10-26T23:00:04Z,SM Caen - FC Lorient (2-1) - Highlights - (SMC - FCL) / 2014-15,1590
2014-09-21T22:41:56Z,Résumé de la 6ème journée - Ligue 1 / 2014-15,89550
2015-01-25T23:00:02Z,Stade Rennais FC - SM Caen (1-4) - Highlights - (SRFC - SMC) / 2014-15,1513
2015-03-09T00:43:34Z,Highlights : Week 28 / 2014-2015,3303
2014-10-05T21:01:35Z,SM Caen - Olympique de Marseille (1-2) - Highlights - (SMC - OM) / 2014-15,8605
2014-12-14T23:00:07Z,Olympique Lyonnais - SM Caen (3-0) - Highlights - (OL - SMC) / 2014-15,4043
2014-09-21T22:00:23Z,Goal Adrien REGATTIN (83&#39; pen) / Toulouse FC - SM Caen (3-3) - (TFC - SMC) / 2014-15,263
2014-12-04T23:00:09Z,EA Guingamp - SM Caen (5-1) - Highlights - (EAG - SMC) / 2014-15,1090
2014-12-08T00:11:29Z,Goals compilation : Week 17 / 2014-15,773
2014-09-21T22:03:47Z,Goals compilation : Week 6 / 2014-15,400
2014-09-21T23:57:38Z,PSG - OL (1-1) in slow motion / 2014-15,2314
2015-04-19T21:59:59Z,Montpellier Hérault SC - SM Caen (1-0) - Highlights - (MHSC - SMC) / 2014-15,1370
2014-09-21T22:00:07Z,But Adrien REGATTIN (83&#39; pen) / Toulouse FC - SM Caen (3-3) -  (TFC - SMC) / 2014-15,660
2014-10-19T21:22:41Z,Girondins de Bordeaux - SM Caen (1-1) - Highlights - (GdB - SMC) / 2014-15,1447
2014-09-21T23:40:19Z,OM&#39;s 3 goals in slow motion / OM-Rennes (3-0) / 2014-15,1813
2014-09-21T22:06:04Z,Tous les buts de la 6ème journée - Ligue 1 / 2014-15,12165
2014-09-21T23:58:06Z,Le match PSG-OL (1-1) à la loupe / 2014-15,20516
2014-08-24T22:06:52Z,Stade de Reims - SM Caen (0-2) - Highlights - (SdR - SMC) / 2014-15,1940
2014-11-30T23:00:03Z,SM Caen - Montpellier Hérault SC (1-1) - Highlights - (SMC - MHSC) / 2014-15,1203
2014-09-28T22:00:03Z,RC Lens - SM Caen (0-0) - Highlights - (RCL - SMC) / 2014-15,854
2014-09-21T23:41:02Z,Les 3 buts de l&#39;OM à la loupe / OM - Rennes (3-0)  / 2014-15,24480
2014-10-27T00:55:30Z,Highlights : Week 11 / 2014-2015,4327
2014-10-26T23:00:06Z,Goal Jordan AYEW (24&#39; pen) / SM Caen - FC Lorient (2-1) - (SMC - FCL) / 2014-15,334
2014-12-07T23:00:06Z,Goal Eric BAUTHEAC (64&#39; pen) / SM Caen - OGC Nice (2-3) - (SMC - OGCN) / 2014-15,139
2015-05-17T02:14:55Z,SC Bastia - SM Caen (1-1) - Highlights - (SCB - SMC) / 2014-15,772
2014-09-21T22:00:23Z,It&#39;s raining beautiful goals in Ligue 1! / Week 6 / 2014-15,772
2015-02-08T22:59:59Z,SM Caen - Toulouse FC (2-0) - Highlights - (SMC - TFC) / 2014-15,800
2014-09-21T23:24:19Z,Bloopers : Week 6 / 2014-15,1001
2014-10-26T23:00:04Z,But Jordan AYEW (24&#39; pen) / SM Caen - FC Lorient (2-1) -  (SMC - FCL) / 2014-15,822
2014-12-07T23:00:07Z,But Eric BAUTHEAC (64&#39; pen) / SM Caen - OGC Nice (2-3) -  (SMC - OGCN) / 2014-15,1435
2015-04-26T22:00:00Z,SM Caen - EA Guingamp (0-2) - Highlights - (SMC - EAG) / 2014-15,770
2014-09-21T22:00:08Z,Une pluie de beaux buts en Ligue 1 - J6 / 2014-15,10530
2015-01-25T23:00:02Z,Goal Sloan PRIVAT (4&#39;) / Stade Rennais FC - SM Caen (1-4) - (SRFC - SMC) / 2014-15,83
2014-08-31T22:00:02Z,SM Caen - Stade Rennais FC (0-1) - Highlights - (SMC - SRFC) / 2014-15,1735
2015-01-25T23:00:03Z,Goal Julien FERET (85&#39;) / Stade Rennais FC - SM Caen (1-4) - (SRFC - SMC) / 2014-15,119
