publish_date,title,view_count
2015-03-21T20:24:27Z,Cagliari - Fiorentina - 0-4 - Highlights - Giornata 13 - Serie A TIM 2014/15,13803
2014-12-05T17:31:57Z,"Cagliari-Modena 4-4 (9-8 d.c.r), Tim Cup 2014-15",6367
2015-06-24T22:22:13Z,Highlights! IK Oddevold - Norrby IF (2015-06-22),241
2015-02-13T17:29:17Z,Marco Sportiello - Italian Talent - Best Saves - Atalanta - 2015 HD,44144
2015-02-19T18:58:44Z,Inter Cagliari 1 2 La fantastica rete di Sau,148
2014-12-07T16:01:11Z,Simone Zaza Goal vs A.S. Roma 1-0,337
2014-09-29T18:47:52Z,Inter-Cagliari 1-4 - L&#39;inizio dello spettacolo.,6614
2015-07-22T19:51:21Z,Ascoli in ritiro - Il riscaldamento prima del test in famiglia,422
2015-05-28T08:47:49Z,Allenamento Virtus Lanciano,89
2015-07-26T09:28:57Z,L&#39;intervista: Nicolas Di Filippo,577
2014-11-09T15:02:11Z,Goal klose lazio-cagliari 4-2,140
2014-12-04T18:47:53Z,Cagliari 4-4 Modena [04 12 2014],1098
2015-06-24T15:31:35Z,Giovanni Inferrera - Le migliori parate,1119
2015-03-30T21:16:26Z,ESCLUSIVO PISTOIASPORT: intervista a Manuel Pucciarelli,805
2015-07-15T13:53:33Z,SPECIALE - Virtus Lanciano - Comincia l&#39;avventura,1386
2015-04-25T21:00:58Z,ShortVideo Allenamento 25 Aprile Stadio,36
2014-10-02T12:32:27Z,V.Lanciano - Troest: ecco i nostri obiettivi,16
2014-09-02T22:07:16Z,"Claudio De Sousa: &quot;Sono molto motivato, Como è una piazza importante&quot;",560
2015-03-16T15:34:02Z,Conferenza Niccolo Giannetti - 16-03-2015,247
2014-09-27T15:52:24Z,PRO VERCELLI vs FROSINONE: l&#39;intervista a M. BANI,839
2015-03-10T20:50:46Z,Pierluigi Frattali presenta la gara contro il Lanciano,85
2014-10-28T15:36:53Z,La conferenza di Allegri alla vigilia di Genoa-Juventus - Allegri&#39;s pre-match Genoa conference,4502
2015-03-10T18:08:08Z,V.Lanciano - Allenamento agli ordini di Tarozzi,15
2015-06-01T02:32:00Z,CAGLIARI-UDINESE 4-3 - Radiocronaca di Daniele Fortuna (31/5/2015) da Radiouno RAI,1364
2015-03-14T22:25:59Z,CAGLIARI-EMPOLI 1-1 - Radiocronaca di Massimo Barchiesi (14/3/2015) da Radiouno RAI,780
2015-02-08T17:16:18Z,CAGLIARI-ROMA 1-2 - Radiocronaca di Riccardo Cucchi (8/2/2015) da Radiouno RAI,1840
2015-03-21T22:28:11Z,MILAN-CAGLIARI 3-1 - Radiocronaca di Giulio Delfino (21/3/2015) da Radiouno RAI,842
