published-time,comment,likes
2015-06-30T12:46:00Z,"Please let it be true that Newcastle  might get him, we need all the help we can get.",0
2015-06-19T14:03:19Z,Scout for Liverpool FC,1
2015-04-11T09:19:51Z,Lucas - two colors ???,1
2015-02-05T18:08:14Z,C'est BODMER qui perd la balle comme une chèvre face à OCAMPOS lors de NICE-MONACO?????,0
2015-02-03T12:10:58Z,Bon débarras!!,0
2015-02-03T09:22:25Z,Forza OM,0
2015-02-03T08:20:39Z,Bienvenu à l'OM !,2
2015-02-02T17:59:11Z,Bienvenue à l'OM ! ,16
2015-01-30T19:00:46Z,welcome to florence!!,0
2015-06-22T15:34:38Z,Kennet Svendsen It's the same song all the way through the video mate..,0
2015-06-22T15:24:43Z,Song at 01:25?,0
2015-06-21T21:01:31Z,"Sorry for the ''black 'n white part'' int the middle of the video!
I had to do something, because of the copyright from Ligue 1! :)
But Enjoy...",3
2014-09-11T16:33:06Z,Made in Club Atlético River Plate,3
2014-09-11T11:40:16Z,"Ocampos, one of the best young players",4
2014-09-09T15:28:07Z,1st,2
2014-11-07T01:26:26Z,Marseille needs you,1
2014-11-04T16:05:50Z,he should come to Lyon,1
2014-11-04T15:32:51Z,MADE IN RIVER PLATE♥,2
2014-11-04T10:32:06Z,first,2
2015-05-20T00:11:42Z,volverá a river algún día ???,4
2015-02-19T20:28:15Z,gran jugador ocampos. veo que estás subiendo muchos videos (y los estoy viendo y comentando todos jaja) y queria pedirte si podias hacer uno del tucu pereyra,0
2015-01-22T04:39:48Z,"Me acuerdo cuando dijo que se copiaba de Cr7 Aunque no le llegue ni a los talones al Soberbio ese, todo jugador que te diga algo así lo tenes que tener en el equipo! Buen vídeo ",0
2015-01-17T00:07:41Z,"Mas videos 

Cavegol y Chori Dominguez . GOLES  https://www.youtube.com/watch?v=bi6MJefDhko﻿

Erik Lamela ""El Coco""/FullHD/(River,Roma,Tottemham,Selec.Arg)2015  https://www.youtube.com/watch?v=oN36-NlawGY

Lucas Ocampos ""La Mole""(River Plate- AS Monaco FC)//FullHD//2015 https://www.youtube.com/watch?v=PAkoWlvQMWo

Juan Manuel Itrube""The Flash""FullHD//1080p//2015 https://www.youtube.com/watch?v=83YSGz4GTF0

Mancuello The best of  https://www.youtube.com/watch?v=zLZmTDPKgO4

Teo PIscu Sanchez, los reyes de america  https://www.youtube.com/watch?v=w6w-JjN6org&list=UUDHhf9yZAfBUYaBltmzd8yg&index=2

Ariel Rojas el Gladiador https://www.youtube.com/watch?v=qhSHLCj0GMI&list=UUDHhf9yZAfBUYaBltmzd8yg&index=3

Matias Kranevitter El Cerebro https://www.youtube.com/watch?v=m0aKmlkxJZQ&list=UUDHhf9yZAfBUYaBltmzd8yg&index=4

Funes Mori-Mercado-Maidana-Vangioni-Pezzela/Defensa goleadora/ 2014  https://www.youtube.com/watch?v=-funVUxtp3c&index=5&list=UUDHhf9yZAfBUYaBltmzd8yg   
                                                                      

Rodrigo La Pulga Mora goles  https://www.youtube.com/watch?v=BFa0z_nZK68&index=6&list=UUDHhf9yZAfBUYaBltmzd8yg

Homenaje a la seleccion Argentina-Mundial 2014 https://www.youtube.com/watch?v=lgvO9ENebeM&index=8&list=UUDHhf9yZAfBUYaBltmzd8yg

Leonardo Pisculichi el heroe de River   https://www.youtube.com/watch?v=EJslfEOE5Ik&list=UUDHhf9yZAfBUYaBltmzd8yg&index=10

Manuel Lanzini ""El 10"" https://www.youtube.com/watch?v=lEWg7Hm6_Fg&list=UUDHhf9yZAfBUYaBltmzd8yg&index=13

Jonathan Calleri ""el Goleador de Boca"" https://www.youtube.com/watch?v=6lk5daWNtzg&list=UUDHhf9yZAfBUYaBltmzd8yg&index=14?",0
2015-01-16T02:17:49Z,"Erik Lamela ""el coco""  https://www.youtube.com/watch?v=oN36-NlawGY",0
2015-07-31T15:25:41Z,Fifa,0
2015-06-19T12:07:53Z,"un festival de Ocampos, servi par Dje Dje ...",2
2015-05-25T14:02:47Z,jesper qu'il vont lever l'option d'achat,1
2015-05-25T10:26:30Z,Aller l'om,0
2015-05-24T12:34:20Z,Festival !! Vamos Lucas !!,11
2015-05-24T12:33:42Z,Puta massilia,0
2015-05-24T08:32:40Z,Un chef-d'oeuvre ,0
2015-05-24T08:14:16Z,Comme d'hab Djadjedje rate son saut,10
2015-05-24T01:59:31Z,le respect a disparu,24
2015-05-24T01:19:22Z,"désolé les sardines et désolé la Ligue 1, on va le récupérer pour le revendre à un club étranger ou le garder si il explose vraiment",0
2015-05-24T00:35:30Z,Magnifique but !,11
2015-02-20T11:58:52Z,<3,0
2015-06-30T08:55:33Z,"lucas jugaba conmigo en el club defensores del dorado en quilmes en la misma division , eramos amigos , jugabamos y aunque tenia un poco mejor juego eramos practicamente similares , y por no seguir en el futbol hoy yo estoy trabajando en un bingo de tecnico y lucas por su perseverancia ganando millones en el maresella , luchen por sus sueños que todo es posible , pero tienen que luchar.",4
2015-06-10T15:20:35Z,Amazing fucking goal!!!!!,3
2015-05-26T20:33:50Z,"Tenía que ser de River carajo, bien Luquitas",1
2015-05-24T07:26:54Z,FIRST,2
2015-02-10T14:37:12Z,"#Ligue1 - Classement des passeurs - Dimitri Payet est bien en tête ! Avec une 9e passe décisive lors de la 24e journée de Ligue 1, Dimitri Payet (OM) est un solide leader du classement officiel des passeurs - http://minilien.fr/a0nzwy",18
2015-02-10T12:40:20Z,"Il commence bien, Vamos Ocampos !! ",2
2015-02-09T08:13:09Z,Chaud,1
2014-12-26T19:02:09Z,Bounsoirrr Loucas Ocampos ^^ et Dirar c'est chauuuudd boulette :P,1
2014-12-26T09:16:47Z,"#Fabinho et  #Wallace  se sont également prêtés au jeu du commentaire sur la rencontre AS Monaco - #Zenit. A venir prochainement ! 

 #ChampionsLeague  ",2
2014-12-26T01:20:48Z,Commentateurs motivant en tout cas !,1
2014-12-25T16:49:27Z,Enorme,1
2014-12-25T16:01:17Z,DAGHE MUNEGUUUU ON EST ON EST ON EST EN 8EME LALALLALA,2
2014-10-25T06:56:11Z,Genio Lucas.,0
2014-09-11T11:44:38Z,it is bad for health,0
2014-09-11T11:42:13Z,it  is not good for health,0
2014-08-22T10:50:58Z,Haha your turn Lucas ;),0
2014-08-22T10:33:04Z,mdr,0
2014-08-21T23:09:10Z,Au travail Lucas!,1
2014-11-12T12:05:23Z,"Énorme les gars!! Maintenant faites nous ça en match off. Valère je t adore mec
",1
2015-03-05T23:21:15Z,Ça s écrit transfert et pas transfère,0
2015-03-05T23:19:40Z,Ça s écrit transfert et pas transfère,0
2014-09-14T22:20:34Z,Il y a même pas l'exploit de N'Jie sur le côté gauche qui efface deux défenseurs ?,1
2014-09-14T22:13:38Z,Anthony Lopes!!!,6
2015-02-13T05:57:51Z,nice punch. he deserved it :),2
2015-05-27T14:23:12Z,Quelle miskine ce bastiais,0
2015-05-24T08:14:19Z,Allez L'OM!!!,3
2015-05-24T05:29:23Z,"Morel,haussement que ta frappe et contré si non tu marque jamais à jamais olympien 
",0
2015-05-24T00:31:04Z,Magnifique Payet !,11
2015-05-31T12:37:55Z,"Alllllez Monaco
",0
2015-01-22T12:16:27Z,mdrrrr le stade vide,3
2014-11-02T20:17:50Z,Name of the intro song?,0
2014-10-18T09:31:20Z,sirigu omg such a flop goal...,0
2014-10-10T13:58:25Z,Lucaaaaaassss,0
2014-10-07T01:49:03Z,FUCK PSG!! FAKE CLUB !! FAKE FANS !! COME ON OLYMPIQUE DE MARSEILLE !! WE ARE THE BEST !!,3
2014-10-06T11:49:12Z,"David Luis is the most overrated defender of all time... -_- What he did in last action? My God, great assist!
Like always, 3 super interventions mixed with 1 big fail.",1
2014-10-06T02:00:51Z,lucaaaas,0
2014-10-05T23:49:35Z,Lucaaaas! #AllezPSG,0
2014-10-05T23:39:04Z,Radamal Falcao: I want to play for Manchester United for many years.,1
2015-01-15T07:22:43Z,Super Monaco !,0
2015-01-10T10:49:53Z,Monaco ❤,0
2015-02-10T00:49:45Z,o patricio tem um grande concorrente pa baliza da seleçao,0
2015-02-09T17:33:40Z,"One of the 7 best keepers in the World.  Much better then Rui Patricio and Beto, just a matter of time.  
Not surprise Manchester United, Real Madrid and Liverpool are on the radar.  Only 24 yrs old, goalkeepers usual pick at 28 . ",1
2015-02-09T02:26:21Z,What a beast,0
2015-02-09T02:20:30Z,I hope Anthony Lopes one day become the first choice goalkeeper for Portugal national team when they are playing in Euro 2016.,0
2014-09-16T09:52:50Z,"Great goals, but the transitions between them are monotonic.",0
2014-09-14T22:51:11Z,Gignac,2
2014-09-14T22:50:45Z,come on...360p really?,0
2014-09-14T22:45:24Z,Botafogo,0
2015-04-20T01:07:09Z,Yeaaah,0
2015-03-14T21:47:29Z,"JE RÊVE UN JOUR DE JOUER EN LIGUE 1,JE SUIS GARDIEN DE BUT EN U17,JE ME DÉBROUILLER PA MAL:)MON NOM CE ÉRIC",0
2015-03-12T11:41:50Z,Paris ! Paris ! On t'encule !,0
2015-03-04T13:19:01Z,C'est trop drole quand cavani s'énerve,0
2015-02-12T21:37:25Z,"Gardien parfait simple , très efficace tellement sous coté il mérite  de gagner se match !  #TeamOL  ",1
2015-02-11T18:51:59Z,Je ne suis pas pour les lyonnais mais il faut reconnaître quil ont un bon gardien et je le félicite il devrait faire les gants d or il ont droit a leur trophée encore bravooooo,3
2015-02-11T13:20:51Z,énorme ANTHO comme toujours ,0
2015-02-11T09:55:21Z,#Ligue1 - J24 - Revivez le match d'Anthony Lopes à la loupe grâce à notre chaîne officielle YouTube !,19
2015-02-11T07:27:58Z,60 million pour cavani quelle buterie  ! nous c'est production lyonnaise ! ,2
2015-02-10T15:54:58Z,Si il continue il sera aussi bon que Carrass,0
2015-02-10T13:17:26Z,"face a cavani qui joue a la baballe faut pas cla peter non plus
la tete de zlatan ca c`est un ARRET extra",0
2015-02-10T10:54:07Z,Il a vachement progresser lui bravo garçon mais c pas encore Carrasso au niveaux d'une saison ,0
2015-02-09T23:15:09Z,Ils sont sérieux là ?! Ils montrent 3 arrêts alors qu'il en a fait 15 ^^,0
2015-02-09T21:27:21Z,@bakayoko ivoirien on en parle ? :),0
2015-02-09T19:00:46Z,Quel formidable gardien ... ,0
2015-02-09T18:35:28Z,Qu'il est bon notre Antho' !!! Dans la lignée de Coupet et de Lloris :D,6
2015-02-09T17:03:21Z,Le lyon est mort ce soir xD on aurai cru voir un match d'une équipe de ligue 1 contre une équipe CFA mdr a part le gardien xD,0
2015-02-09T16:56:11Z,"excellent match cet homme a était inhumain, monstrueux, magnifique ... Pourtant je suis 100% marseillais et je trouve que l'arbitre a fait une erreur de faire retiré le penalty ... ",11
2015-02-09T15:53:45Z,C'est incroyable comment lyon c fait dominer et on réussi à arracher le match nul. PS: J'ai pas envie a commencer une polémique c'est juste mon avis ;),0
2015-02-09T12:49:11Z,Il est titulaire en sélection portugaise? Parce que si non il le mérite largement,0
2015-02-09T12:31:24Z,Tous le monde en fait trop sur ce gardien qui n'a rien d'intéressant !,0
2015-02-09T12:12:29Z,Lopes est un tueurs il va devenir un très très grand goal ! ,2
2015-02-09T12:05:03Z,Les 5 qui n'aime pas son des parisien sinon vous connaisser la musique<<paris paris on t'  >>,0
2015-02-09T10:46:45Z,Lopes est le meilleur gardien de ligue 1 en ce moment ! :) Heureusement qu'il est là !,11
2015-02-09T10:00:12Z,Ji étai juste a côté de la cage et pour moi ya pas peno,1
2015-02-09T09:59:27Z,Pourtant il a pas l'air très grand mais il a une bonne détente. Il mesure combien?,0
2015-02-09T09:40:36Z,Lopes été cheaté hier ^^ Bravo à lui !,4
2015-02-09T09:23:54Z,Lopes > tous les autres gardiens.,2
2015-02-09T09:16:22Z,"Si tu met Ibra a la place de cavani sur toutes les actions, lopes n'en aurait pas arrêter autant",2
2015-02-09T09:16:21Z,"Si tu met Ibra a la place de cavani sur toutes les actions, lopes n'en aurait pas arrêter autant",1
2015-02-09T09:00:09Z,真不能怪卡瓦尼，完全是里昂门将开挂。,0
2015-02-09T08:58:59Z,Super match Lopes mais pour le penalty il en a arreter un donc le deuxieme on lui pardonne,8
2015-02-09T08:44:21Z,Y a pas pénalty Veratti simule parfaitement comme à chaque fois...,42
2015-02-09T01:48:13Z,Je suis pour Paris mais énorme match de lopes,12
2014-09-15T17:03:22Z,Les plus forts !! 3,0
2014-09-15T00:53:45Z,Yoann G. 1:15 #Best,0
2014-09-21T08:43:45Z,raims une des equipe les plus impressionnantes,2
2014-09-18T08:00:40Z,#Ligue1 - Revivez les plus beaux buts de la 5ème journée de Ligue 1 en vidéo,7
2014-09-15T20:24:19Z,Je suis supporter du PSG mais le je comprend pas pourquoi YA PAS LE BUT D'IMBULA ?!sex il est magnifique son but au dessus de tous les autres. ..,0
2014-09-15T18:09:06Z,Deux but de Reims dans le top 5 c'est trop la classe mon gars! :p,1
2014-09-15T17:27:22Z,et le but de imbula ?,3
2014-09-15T16:45:50Z,Reims <3,1
2014-09-15T14:40:49Z,N'gog,2
2014-09-15T14:31:44Z,BRAVO REIMS 😍😍,3
2014-09-15T12:10:22Z,"J'aurais eu tendance à mettre le but de Tolisso à la place de celui de Courtet, l'action est bien plus jolie !",4
2014-09-15T07:05:20Z,"Le but de N'Gog :o Celui de Courtet est très bien placé et celui de Gignac, que dire...
Celui d'Ocampos es très beau aussi !",1
2014-09-15T05:36:46Z,Dommage que Lopes soit petit parce que sinon y avait pas but ! ^^' ,1
2014-09-15T05:17:50Z,Super Gignac,3
2014-09-15T04:03:49Z,"On est pas trop gaté lol.
Bon sinon le Stéphanois, tu la ramène encore vu que y'a deux buts de la meme équipe ?! Ah non c'est Reims donc tu t'en fous.
Sinon N'Gog, j'adore son but ^^",2
2015-03-09T11:03:40Z,Hopefully Bielsa`s men will give some fight until the end. ,1
2014-09-22T15:42:20Z,Avec son premier but hors-jeu et le but de monaco injustement refusé normal que lyon gagne (voleur) .,1
2014-09-15T17:35:03Z,Aller ol,1
2014-09-15T12:07:36Z,Bravo,2
2015-03-06T01:08:59Z,"Stop acting like you are random youtube watchers who speak english, you're french, like me, tho (and probably appreciate marseille losing or psg fans)",0
2015-03-02T18:33:13Z,Allez malherbe ,2
2015-03-02T03:26:32Z,"What a turnaround for Caen. They deserve and are earning their salvation. Sala has been in fine form since his switch from Bordeaux. He'll definitely be a key player for them next season. As for Marseille well, you had Doria and you blew it.",2
2015-03-02T00:34:01Z,Marseille Caen't even keep a 2-0 lead,0
2015-06-27T14:46:32Z,ICI C PARIS !!!!!!!,0
2015-06-07T16:53:07Z,"CHAMPION DE FRANCE!!!!!!!!!!!!!!! Et je peux vous dire que ça va durer très très très très très très très longtemps. Alors pour ceux qui sont allergiques à Paris, je leur suggère de s'installer près d'une pharmacie de garde.",3
2015-06-03T19:42:20Z,What does this champion mon Frere mean,0
2015-05-29T13:54:17Z,"Ce qui fait vraiment plaisir c est la joie qu' ils ont même si c est tous des joueurs qui ont toujours tout gagner il y a le sourire la fierté et sa sa fait vraiment plaisir supporter depuis le début des années 2000
Et le français est bien parler par la plupart
Champion mon frère ",0
2015-05-29T13:52:20Z,,0
2015-05-26T13:58:28Z,Allez Paris,0
2015-05-26T03:52:02Z,"Alright PSG, now win the CL! Allez Paris",0
2015-05-25T13:59:48Z,Psg is best.. Merci Paris..  😁,0
2015-05-24T18:32:44Z,"Merci paris☺
",1
2015-05-24T18:00:21Z,ICI C'EST PARIS💜💜💜,5
2015-05-24T10:51:52Z,"Bye Bye Zoumana, it was a pleasure :)

CHAMPION MON  FRÈRE!!!",1
2015-05-24T09:53:26Z,LOOL EVERYBODY hate lyon thanks to their president even om fans prefered to see psg wins the title,2
2015-05-24T09:49:26Z,Nobody likes P$G everyone wanted lyon to win the ligue 1 this season ,2
2015-05-24T04:46:21Z,Se lo merecian la verdad otra vez campeon sisisis,3
2015-02-09T04:35:21Z,Finally a vid on him! An unsung hero in Ligue 1 and a big game player too. He had a great game against PSG.,0
2015-02-08T23:21:22Z,What a performance. Not quite David De Gea though aha,0
