published-time,comment,likes
2015-04-11T10:37:56Z,ouf fallait le gagner celui _ là on s'est encore compliqué la tache pour rien .,0
2015-03-10T20:14:17Z,Pas mal l'arbitrage ... Sinon avant sa la défense de l'ACA parait moyenne,0
2014-08-25T18:13:37Z,"Fcsm en l1!,",0
2014-08-24T10:06:07Z,J'étais au stade allez Sochaux!!!!,0
2015-01-03T11:31:11Z,ALLEZ ARLES AVIGNON,3
2014-09-03T15:41:42Z,#Ligue2 - Classement des passeurs - Ousmane Cissokho (Nîmes Olympique) a délivré sa 3e passe décisive lors de la 5e journée de Ligue 2 et prend la tête du classement officiel des passeurs ! http://bit.ly/1q7eInb,2
2014-09-01T00:04:05Z,"but gag à la 1ere minute, belle réaction nîmoise, but refusé injustement (vu de mes yeux) Nîmes perd deux points mais montre une formidable force de caractère, il faut un milieu plus créatif si Azzouni confirme pas. Vive Nîmes et Vive le Nîmes Olympique 
<3",0
2014-08-31T14:51:23Z,Pfffff.... On a eu chaud. !!!!,0
2015-04-20T08:29:52Z,VIVE LE VAFC  !!!!!!!!!!!!!,3
2015-01-04T11:52:26Z,"AUXERRE C DE LA MERDE
ALLEZ L ACA",0
2014-09-28T18:40:21Z,pk manifester sa colère en arrachant le poteau de corner ?? Pour faire comme les meilleur du football ? c'est pas gagner... --',0
2014-09-27T23:14:57Z,heureusement pour moi qu il a gagne j ai parié 150€ dessus avec une cote a 2💰💰💰💰💰💰,2
2014-08-10T09:42:21Z,Allez le SCO la montée c'est pour cet année,1
2014-08-10T08:11:38Z,aller le sco !,0
2015-04-07T19:17:30Z,Et le peno non sifflé pour Niort il est où ? ;) Ahhhhh la lfp qui ne veux pas montrer ses erreurs...,0
2015-04-05T08:29:26Z,essayer de finir 18eme Arles Avignon vous serez sauver par notre descente a nous xD,0
2015-05-13T09:25:03Z,Comment ils trichent sur lens le clapping ,1
2015-05-10T12:18:33Z,"Je vous le souhaite Rémi C. Apres battre arles 4-0 c'est bien compliqué.
Votre équipe survol le championnat comme Metz la saison passé. Beaucoup de monde voyait metz dans le top 10 comme toi mais finalement ils redescendent donc contentez vous du maintient. Par contre faut vraiment vous acheter un public ^^",2
2015-05-10T09:20:21Z,ALLEZ L'ESTAC ! Troyes <3 <3,1
2015-05-10T08:34:29Z,,1
2015-05-10T08:33:00Z,"J'y etais au match c'était super y'a eu du beau de l'anbiance pas loin de moi y'avais qu'avait decouper des journaux en petits bouts et il en lançait a chaque but!
",2
2015-05-10T06:28:40Z,Ligue 2 <3,3
2015-05-10T06:28:17Z,Troyes ils vont revenir en Ligue 1,3
2015-05-09T23:40:10Z,"Dans ce match, l'ESTAC a vraiment développé du très beau football! Vivement la ligue 1 la saison prochaine pour voir cette équipe car elle est capable  de finir dans le top 10 à mon goût, et même si ce n'est pas le cas elle sera toujours agréable a regarder ",4
2015-05-09T23:30:43Z,Belle équipe de Troyes fière d'être troyens ✌️ vivement la ligue 1 ✌️ j'espère qu'il vont faire de leur mieux en ligue 1✌️ ALLEZ L'ESTAC 👍  ,6
2014-11-15T16:18:51Z,Allez VA tes supporters sont là !!!,0
2014-11-12T22:22:00Z,Allez Va je vous souhaite la CFA !,0
2014-11-10T10:57:49Z,Allez VA!,1
2015-03-15T13:54:27Z,Beau match et victoire m�rit�e de l'ACA!,0
2015-01-07T06:27:21Z,Allez ACA,0
2014-12-03T14:08:35Z,"#Ligue2 - Classement des passeurs - Dans le sillage de Romain Philippoteaux, son meilleur buteur et co-meilleur passeur après la 15e journée, le Dijon FCO a repris la tête de la Ligue 2 - http://minilien.fr/a0nds2",2
2014-11-30T10:47:39Z,on est en ligue 1,1
2014-11-02T00:16:04Z,Heu Jérôme Leroy ne se rate pas devant abdoulaye diallo qui est son gardien,3
2015-01-04T11:46:18Z,"Allez Arles Avignon
",0
2015-05-03T08:57:43Z,Merville ...,0
2015-05-02T22:15:46Z, Ça y est !! Ils ont gagner !! Aller on se retrouve l'année prochaine en national pour le derby !! Enfin si on dessant pas en cfa2,2
2015-04-12T12:15:04Z,Je savais pas que Laurent Fabius était devenu arbitre...,1
2015-04-12T00:05:01Z,"♫ Givet ou j'y vais pas , givet ou j'y vais pas ♫",0
2015-02-01T14:40:09Z,"Allez hop, en National l'ACA ! :)",1
2015-02-01T12:22:24Z,"Super match , aller Sochaux !! et bon courage pour le maintien d' Arles Avignon en  ligue 2 .",1
2015-02-01T06:59:59Z,Allez Sochaux !!!!!!,1
2015-02-02T09:10:01Z,Victoire mérité ,4
2015-01-25T09:16:15Z,Quelle bande de merdes Nancy ... c'est pas possible,0
2015-01-25T07:19:08Z,Oh ça y est ils ont gagner !!!!!! Ouais !!! Franchement ça fait plais xD,2
2015-01-25T00:35:19Z,incroyable quelle bande de chèvres,3
2015-03-13T17:59:24Z,Alors sa fais quoi quand on inverse les rôles ? pis merde Auxerre se prononce Au[ç]erre inculte ! ,0
2015-03-10T18:51:20Z,"Donc d'après le coach, il faut sortir le rouge seulement quand un joueur a la jambe pétée ? ...",0
