publish_date,title,view_count
2015-01-31T11:27:29Z,Presentación Hugo Rodríguez como jugador del Cádiz (30-01-15),865
2015-05-13T10:13:45Z,"Hugo Rodríguez, futbolista del Cádiz CF",729
2015-05-21T19:32:33Z,Hugo Rodríguez sobre Oviedo-Cádiz (20-05-15),258
2015-06-28T11:21:08Z,"Cambio en el Cádiz CF, entra Migue García por Hugo Rodríguez",314
2015-06-30T22:23:30Z,Hugo Rodríguez Feliz de regresar a Pachuca,860
2015-05-01T09:35:03Z,Hugo Rodríguez en previa Córdoba B - Cádiz (30-04-15),58
2015-01-29T13:21:25Z,"¡Atlético Atizapán, bicampeón…!",10689
2015-03-25T12:10:26Z,Hugo Rodríguez en rueda de prensa 25/03/2015,54
2014-10-17T15:32:46Z,Hugo Rodríguez  un defensa confiable,2256
2015-05-01T00:56:52Z,Banco Ciudad - Entrevista con Hugo Rodríguez - 30/04/2015,115
2014-09-18T17:02:25Z,"¡Continuidad, clave para ir en pos del bicampeonato...!",1970
2015-07-24T20:01:14Z,Hugo Rodríguez listo para volver a la titularidad,14
2015-03-10T16:18:37Z,AC Arles Avignon - AJ Auxerre (2-4)  - Résumé - (ACA - AJA) / 2014-15,6821
2014-08-11T12:14:55Z,El mejor gol de falta de Hugo Sánchez,44604
2014-09-27T22:00:01Z,AJ Auxerre - AC Arles Avignon (2-1)  - Résumé - (AJA - ACA) / 2014-15,7194
2014-10-18T18:23:46Z,GFC Ajaccio - AC Arles Avignon (3-1)  - Résumé - (GFCA - ACA) / 2014-15,4243
2015-06-22T21:52:59Z,Los 9 goles de Chicharito con el Real Madrid 2014/2015 1080i,19151224
2014-11-27T18:59:47Z,Maxi Rodriguez Gol a Mexico Mundial 2006,64502
2015-03-19T07:38:46Z,LO MEJOR DE HUGO DE LEÓN EN BRASIL,15871
2014-08-23T22:00:02Z,AC Arles Avignon - FC Sochaux-Montbéliard (2-2)  - Résumé - (ACA - FCSM) / 2014-15,5905
2015-04-18T21:59:59Z,Valenciennes FC - AC Arles Avignon (3-0)  - Résumé - (VAFC - ACA) / 2014-15,7517
2015-04-04T21:59:59Z,Chamois Niortais - AC Arles Avignon (1-1)  - Résumé - (NIORT - ACA) / 2014-15,2009
2014-08-30T22:00:01Z,Nîmes Olympique - AC Arles Avignon (2-2)  - Résumé - (NIMES - ACA) / 2014-15,9629
2014-08-02T22:00:02Z,AC Arles Avignon - AC Ajaccio (0-0)  - Résumé - (ACA - ACA) / 2014-15,5963
2015-01-10T23:00:05Z,US Orléans - AC Arles Avignon (1-1)  - Résumé - (USO - ACA) / 2014-15,5925
2014-11-22T23:00:06Z,Clermont Foot - AC Arles Avignon (3-1)  - Résumé - (CF63 - ACA) / 2014-15,4082
2015-07-07T21:30:47Z,Central 2 VS Newell`s 1 Torneo Ap 92 - Fecha 2,15325
2014-09-20T22:00:02Z,Stade Brestois 29 - AC Arles Avignon (1-0)  - Résumé - (SB29 - ACA) / 2014-15,3346
2014-11-08T23:00:01Z,AC Arles Avignon - Valenciennes FC (1-2)  - Résumé - (ACA - VAFC) / 2014-15,7337
2015-04-15T11:18:13Z,"Rueda de prensa de Hugo, del Cádiz CF",32
2015-06-28T17:59:27Z,⚽️ Resumen I Vuelta 3ª Ronda Play-Off I 2ªDiv. B 14-15 I Cádiz CF 1-1 Bilbao Athletic I Laburpena,21526
2014-11-01T23:00:03Z,Havre AC - AC Arles Avignon (2-0)  - Résumé - (HAC - ACA) / 2014-15,3926
2014-12-02T22:58:58Z,Goal Hits | Liguilla MX | Tigres vs Pachuca | Hugo Ayala,56
2015-05-09T21:59:59Z,ESTAC Troyes - AC Arles Avignon (4-0)  - Résumé - (ESTAC - ACA) / 2014-15,7306
2015-05-24T20:41:48Z,Segundo gol de Hugo - Avaí 2x1 Flamengo - Brasileirão 2015,243
2015-04-16T01:56:06Z,Juan Aurich 4 - 5 Tigres Copa Libertadores 2015,116588
2015-03-23T19:42:01Z,Lesión de Angello Rodríguez,9645
2014-12-19T11:16:45Z,Hugo Diaza certifica la victoria de Cardif sobre Roche PIMS,51
2015-02-21T23:00:00Z,AC Arles Avignon - Stade Brestois 29 (1-0)  - Résumé - (ACA - SB29) / 2014-15,2845
2014-08-09T22:00:01Z,Angers SCO - AC Arles Avignon (2-0)  - Résumé - (SCO - ACA) / 2014-15,8480
2014-10-03T08:42:26Z,"14. Lasse Vigen Christensen, Bolton Wanderers (H)",3267
2015-01-07T21:50:41Z,Argentina 1 Colombia 0 (Relato Victor Hugo) Eliminatorias 2006,428
2015-04-11T21:59:59Z,AC Arles Avignon - Havre AC (0-1)  - Résumé - (ACA - HAC) / 2014-15,1885
2015-06-23T17:33:21Z,VICTOR HUGO PEREZ - FUTBOLISTA,380
2015-01-14T09:39:57Z,"Cristiano, su hijo y Messi bromean antes de la gala del Balón de Oro",8182475
2014-10-04T19:03:06Z,AC Arles Avignon - Châteauroux (0-1)  - Résumé - (ACA - LBC) / 2014-15,2871
2015-05-02T22:00:00Z,AC Arles Avignon - US Créteil-Lusitanos (2-0)  - Résumé - (ACA - USCL) / 2014-15,2401
2014-08-06T16:46:00Z,Real Esteli vs Saprissa Preview,1347
2014-10-25T22:00:01Z,AC Arles Avignon - Chamois Niortais (1-0)  - Résumé - (ACA - NIORT) / 2014-15,2179
2015-03-11T05:01:47Z,Copa MX serie de penaltis Querétaro vs Chivas,126431
