published-time,comment,likes
2015-05-21T16:16:32Z,"Zo zie je dat Nederland als marketing instrument toch behoorlijk interessant is voor buitenlandse talentvolle spelers. Je krijgt techniek bijgeleerd, je kunt jezelf ontwikkelen(minuten maken) en je krijgt bekendheid. Haller was een jaar geleden totaal onbekend. Ik speel al tijden met hem op fifa(sinds 2013?) en heb hem meerdere malen gegoogled: noppes. Het enige wat ik van hem vond was gâcheur de buts(:verprutser van doelpunten!). En sinds een maand is hij de meest productieve spits van het afgelopen half seizoen in de eredivisie en zal hij de aankomende drie seizoenen de targetman van Utrecht worden EN(!) hij is weer in de belangstelling geraakt bij het Franse U21. Daarom snap ik Scamacca zijn voorkeur voor PSV ook heel goed. Laat die jongens maar allemaal naar Nederland komen.",1
2015-05-17T20:39:08Z,This man is my legend :),0
2015-05-17T13:39:49Z,Echt goed gemaakt dit ,0
2015-05-07T23:24:27Z,"Echt een sensatie deze jongen geweldige gescout van Utrecht, zou Ajax een voorbeeld aan kunnen nemen.",2
2015-05-07T19:51:33Z,Dankjewel voor het uploaden van deze geweldige video van een geweldige speler. Nogmaals bedankt Prohulst0TV!,2
2015-05-07T19:32:46Z,Doe van Milik!,1
2015-05-07T18:53:44Z,Goeie video 👍🏼,0
2015-05-07T18:50:26Z,Hij is al gekocht hoor voor 4 jaar contract had ik laatst gelezen dacht ik maar weet niet zeker,1
2015-05-04T06:48:57Z,Hij krijgt de dito trofee ,2
2015-05-03T15:00:21Z,HERO,1
2015-02-23T14:13:09Z,R.i.p David  ,2
2015-02-21T15:36:08Z,Rip Di Tomasso,5
2015-02-21T14:47:50Z,✔✔✔✔✔✔✔✔✔✔✔✔✔,1
2015-02-21T14:47:49Z,✔✔✔✔✔✔✔✔✔✔✔✔✔,1
2015-02-21T11:51:15Z,First,1
2015-02-21T11:47:13Z,"Hahaha Grandel, wat was dat een grappige kerel om naar te kijken",1
2015-02-21T11:01:49Z,Waar is haller,7
2015-02-21T10:38:23Z,Delibereren,1
2015-03-17T15:56:09Z,Ga hem zeker weten halen! ,1
2015-03-17T12:38:53Z,ik ook,0
2015-03-17T09:14:15Z,Haller en boymans samen. Zou top zijn,4
2015-03-16T22:11:16Z,"Dat dit allemaal nodig is om haller langer te behouden. Bewijst maar weer hoe stom t beleid van onze club is. Of gooi boymans eruit als je haller anders niet kan betalen, of gok t erop! Boymans heb je 10 wedstrijden per seizoen..verder ligt ie op de bank thuis met een voet omhoog",0
2015-03-16T17:31:10Z,Ik ga hem halen! ,0
2015-03-26T23:01:27Z,"Le 4eme est chanceux parce que le contrôle est assez horrible lol. A confirmer contre de meilleures équipes, et surtout enfin se qualifier pour une grande competition...",0
2015-03-26T16:46:37Z,Quelqu'un peut m'expliquer le 4ème but ? J'ai rien compris XD,0
2015-03-26T14:58:14Z,on les ha ecrasse,0
2015-03-26T14:38:46Z,"En tout cas, Sébastien Haller très prometteur ;)",1
2015-03-26T14:22:05Z,"Pfooo, what a masterclass. My jealous eyes are watching you from the Netherlands. The Turks are comming this saturday to defeat our national team at home. Without Robben/RVP it may be a hard job. We try to compensate with youth, but seeing the abundance of talent in the french youth, and then the french national tream ...
Makes you feel like there's no point in even attending the EURO 2016.
Vous devenez champion de la coupe d'europe.",2
2015-03-26T13:11:54Z,Quel bon match d'Nkoudou pour sa première sélection ! :),0
2015-03-26T09:50:47Z,C'est super de voir Tolisso et Benzia jouer pour l'equipe national. Ils sont des grand talent!,5
2015-03-14T11:43:30Z,"FC UTRECHT ! 
",0
2015-03-13T12:53:45Z,Geweldige speler,0
2015-05-25T15:22:19Z,"Respect!

Groet uit Rotterdam",1
2015-06-03T18:46:42Z,"Hoi
",0
2015-03-19T15:45:37Z,vive les français! UUUUUU!,0
2015-03-17T10:52:00Z,Wat was dat een heerlijk sfeertje!!! Uuuu!!😀😀,0
2015-03-11T18:25:42Z,UTREG TILL I DIE!!,0
2015-02-27T12:55:56Z,C'mon utrecht ,0
2014-08-06T07:57:29Z,Auxerre à sa place en L1 et non pas en L2...,1
2014-08-04T07:54:19Z,#Ligue2 - Retrouvez les résumés des matchs de la 1ère journée de Ligue 2 sur la chaîne officielle Youtube ! http://bit.ly/UVU8Jh,4
2014-08-04T06:56:59Z,Super résumé ou il manque la moitié des occasions...,0
2014-08-03T12:51:24Z,Pourquoi tu fais pas les match de préparation des équipes de ligue1,0
2014-08-03T11:50:06Z,C'est triste de voir ce stade aussi vidé :(,2
2014-08-03T11:36:28Z,je suis allé au match l’équipe du havre n' a rien a part gamboa et bonnet . Sinon l'aja a fait un très bon match et peut rêver de monter,0
2014-08-03T06:35:54Z,stade aussi vide pour une ouverture...,1
2014-08-02T22:14:52Z,2:00 1 à 0 non ??,1
2015-05-12T11:29:55Z,Kippenvel,3
2014-10-31T23:00:21Z,Incroyable comment nimes jouent comme des casseurs,0
2014-10-26T10:28:59Z,AJA et Basta !,1
2014-10-26T08:52:39Z,mais c'est du grand n'importe quoi !!! Ok on va dire il a pas a faire ce geste mais le tacle par l'arrière mais [ Passage censuré je retiens mes mots . Ils leurs faut quoi aux arbitres pour arbitrer correctement de toute façon Auxerre n'arrivera pas à gagner un match sans que sa soit du grand n'importe quoi avec les arbitres. Des scènes de ce genre combien de fois on n'en a vu à l'Abbé.D...,0
2014-10-26T08:44:48Z,Bien fait pour le nimois qui a le nez en sang.,2
2014-10-25T22:30:44Z,"""Expulsion logique"" pour Mulumba .. nan mais N'IMPORTE QUOI !!

C'est logique aussi le jaune pour le Nimois vous allez me dire ?! Bandes d'incapables ! Un geste comme sa  même en Premier League c'est rouge direct !

Entre les pénos non sifflés, les Hors-jeux imaginaires, les fautes imaginaires en notre défaveur, sa commence a doucement nous les briser !!

Ah sa pour s'excuser envers le PSG il y a du monde ! Mais pour le faire au autres il y a plus personnes !!",5
2015-03-15T20:04:42Z,We love uuu,1
2015-02-16T15:20:44Z,"Top middag in de Galgerwaard ! Haller heb zich bewezen! 

FORZA030",1
2015-02-16T14:09:50Z,Schoen uit op je hoofd ja schoen uit op je hoofd!,2
2015-07-20T17:10:28Z,He runs very fast ... Another sprinter,0
2015-06-26T14:55:24Z,Ntep est un future tres grand,0
2015-06-22T21:19:37Z,after watching the video getting eyecancer thank you....,0
2015-06-22T10:49:33Z,What is the name of this song?,0
2015-06-22T07:54:53Z,"Bild: ""Bayern will sign French international Paul-Georges Ntep as replacement for the long term injured Franck Ribéry"" :D",2
2015-06-04T13:58:39Z,Ntep is dont guying to newcastle Liverpool or Arsenal ,0
2015-05-08T04:24:37Z,he sure can dance,0
2015-05-08T03:18:52Z,"No offence but just looks like another average french player, Liverpool would be better to just let Newcastle have him...",0
2015-05-07T08:23:47Z,"Don't mind me, just scouting for Liverpool Football Club",8
2014-12-23T12:53:32Z,"Leuk en natuurlijk van mij ook de aller beste wensen voor de spelers en staf van onze FC, en een gezegend 2015 toegewenst.",0
2014-12-23T12:31:51Z,Eerste,0
2015-03-31T13:46:12Z,Fc Utrecht is slecht,1
2014-08-23T01:29:41Z,Kouyate is hands down becoming my favourite player already,0
2014-08-23T00:42:16Z,Kouyate awesome but carlton come on what a cat! And big Andy will get injured if he accepts the challenge ,1
2014-08-22T09:34:25Z,Wonder why they left out Ravs,0
2014-08-21T22:11:26Z,If kouyate doesn't get injured he's going to have a brilliant season for us ,0
2014-08-21T19:45:55Z,I nominate the entire Tottenham squad but using piss.,24
2014-08-21T17:03:51Z,Dont worry ill do it once my cast is off,0
2014-08-21T15:45:10Z,Haha Carlton Cole was fantastic c:,0
2014-08-21T14:31:19Z,I bet Ravel loved doing that to sam haha,5
2014-08-21T13:53:55Z,Would have been nice if you had shared a link to where you can donate :),2
2014-08-21T13:13:35Z,please someone nominate stewart downing :),1
2014-08-21T13:07:33Z,Carlton Cole is the worst player in the PL.,0
2014-08-21T12:59:27Z,Why did cole do it in them boots :(,0
2014-08-21T12:57:17Z,Nice to see the new signings joining in with the everyday banter that is west ham :P,9
2015-03-09T11:45:45Z,nepsupportertjes ,0
2015-03-02T12:30:01Z,Uuuuuuuuuuuuuuuu,2
2014-10-29T10:18:15Z,Vos gueule commentaire de merde Auxerre = [ Ausserre ] Bande d'inculte ,0
2014-09-16T17:34:21Z,ds les tribune on vious a sodomiser bleus et blanc sont les couleur de la bourgogne,2
2014-08-24T08:40:29Z,"Pour vous, quel ont etait les 3 meilleurs joueurs et les 2 meilleurs gardien lors de cette 4eme journée de ligue 2 ?",1
2014-08-24T00:00:59Z,Et la grosse faute dijonnaise sur l'attaquant auxerrois en fin de match ? Pourquoi vous nous la montrez pas ? Des ordres de la lfp ? Une faiblesse arbitrale à cacher ? Un ménage est à faire..,3
2014-08-23T22:28:53Z,"La Bourgogne restera à jamais Bleue et Blanche !
AJA & BASTA",6
2014-08-23T22:03:48Z,La Bourgogne est rouge !,13
2015-01-25T15:26:36Z,"Wat een grap is die jongen met die pet zeg , jefrey volgens mij.. denken dat die capo is en jongentjes van 16 gaan bedreigen.. Lach me dood om hem wat een megool",2
2015-01-24T11:13:42Z,Alle gloryhunters zijn ook weer aanwezig:)) Normaal 200 man op de bunnikside..﻿,2
2015-01-22T22:41:57Z,UUUUU,1
2015-01-22T22:17:06Z,Heerlijk potje. Mooie pyro. En Fritz heeft kanker.,0
2015-05-23T15:28:58Z,Leeg stadion 😂😂,0
2014-12-23T16:14:52Z,"AWESOME

Amazing video bro!",0
2014-12-16T15:57:00Z,welcome to galatasaray :D,0
2014-12-04T16:41:03Z,Galatasarayın çocugu :),3
2014-10-24T14:11:07Z,FORZA OM !!!,0
2014-10-19T15:27:48Z,Marcelo Bielsa is doing am amazing job at Marseille,0
2014-10-19T12:33:38Z,"#9 ANDRÉ-PIERRE GIGNAC
Date of birth: Dec 5, 1985
Place of birth: Martigues  
Age: 28
Height: 1,87 m
Nationality: France
Position: Striker - Centre Forward
Foot: right",1
2015-06-07T13:36:42Z,keepers in this video are only for amateur level.....,1
2015-05-30T21:54:50Z,манерой игры и внешне схож с Матье Вальбуена.,0
2015-05-06T16:18:10Z,AWESOME,0
2015-05-03T17:03:09Z,"#27 Corentin Jean
ESTAC Troyes, Ligue 2
Date of birth: Jul 15, 1995
Place of birth: Blois  France
Age: 19
Height: 1,70 m
Nationality: France
Position: Striker - Centre Forward
Foot: right",0
2015-05-03T17:01:07Z,,0
2015-06-29T08:49:25Z,Bienvenue à l'OL Claudio !!!,1
2015-06-28T03:43:21Z,Welcome to OL,1
2015-06-27T18:10:20Z,"L'Olympique Lyonnais est heureux d'informer d'un accord avec le club de Guingamp pour le transfert de l'attaquant Claudio Beauvue.

Claudio Beauvue signera un contrat de 4 ans avec l'OL, soit jusqu'au 30 juin 2019, une fois passés les examens médicaux nécessaires en début de semaine.

5ème buteur du dernier championnat avec 17 buts, mais 3ème buteur français de Ligue 1 derrière Alexandre Lacazette et André-Pierre Gignac, Claudio Beauvue a marqué 27 buts sur l'ensemble de la saison écoulée dont 5 en Europa League.

Avec les arrivées de Jérémy Morel et de Claudio Beauvue, et les retours après une longue indisponibilité de Gueïda Fofana et Clément Grenier, l'Olympique Lyonnais a bouclé l'essentiel du mercato estival qu'il avait planifié, tout en conservant ses jeunes joueurs issus du centre de formation dont Clément Grenier qui a prolongé son contrat jusqu'au 30 juin 2018; et dans l'attente cette année ou l'année prochaine d'un défenseur central expérimenté.",2
2015-06-27T13:59:45Z,"Salut,
Quelqu'un peut me dire à quel poste il peut jouer exactement ?
J'ai jamais vu de match complet avec lui (je sais, footix toussa...) et je connais pas son registre.
J'ai lu milieu offensif/attaquant mais plus précisement ? C'est quoi ses points forts ?
Bon, j'ai regardé la vidéo mais quelqu'un peut développer ?
Merci.",0
2015-06-27T06:44:27Z,Beau transfert pour lyon ! 😁,0
2015-06-26T11:48:25Z,Welcome to OL!,6
2015-06-20T02:00:27Z,Go Marseille Beauvue gooooooo tu attend quoi!!,1
2015-06-14T17:43:05Z,quand tu vien de gaimgamp et que l'om te propose un bon salaires en plus tu vien tu discute pas le melon le gars heureusement qu'il joue pas pour le barca,1
2015-06-14T10:30:52Z,Vien a L'OM on t'attend !,3
2015-05-10T22:47:40Z,Come to the mighty HOTspurs!,0
2015-04-25T19:28:26Z,,0
2015-03-24T17:33:44Z,Monsieur Air Beauvue !,0
2015-03-24T13:39:53Z,"#12 CLAUDIO BEAUVUE
Guingamp, Ligue 1
Date of birth: Apr 16, 1988
Age: 26
Height: 1,74 m
Nationality: France / Guadeloupe
Position: Striker - Centre Forward
Foot: right",1
2015-02-06T09:49:20Z,Wat zingen ze 3:12,0
