published-time,comment,likes
2015-02-16T06:47:04Z,Lo mismo digo este equipo de ve presionar a su rival constantemente acorralarlo y no darle espacio forza pescara,1
2015-01-07T22:43:49Z,Lo que necesita este club es trabajar en equipo no darle espacio al rival  vamos pescara queremos verte en la serie A ,1
2015-01-07T22:38:11Z,Grande pescara ,0
2015-06-24T14:23:42Z,Lol the guy screwed up the first question in the vid. The impact faced Orlando not NY...,0
2014-09-11T23:12:43Z,Guarda questo video su YouTube:,0
