publish_date,title,view_count
2014-12-10T16:27:20Z,Gaston Brugman,831
2015-03-12T00:10:05Z,Pescara - &quot;Si cambia: Brugman e Memushai insieme&quot;,262
2015-07-13T12:15:29Z,"#Ritiro2015, Brugman: &quot;Carico per la nuova avventura&quot;",1776
2015-03-29T13:41:46Z,Voci dallo spogliatoio: Brugman e Sansovini,246
2015-07-03T13:03:14Z,"Pescara - Intrigo Bjarnason, Brugman all&#39;asta",186
2014-12-10T20:59:54Z,Pescara - Brugman: &quot;Sono pronto. Più forte di prima&quot;,142
2015-01-28T00:23:23Z,"Baroni: &quot;Brugman con Memushaj? Sì, purchè ci sia equilibrio&quot;",47
2015-03-07T13:30:01Z,PESCARA - VICENZA  2-2,77
2015-03-13T19:59:12Z,Pescara - Brugman e Memushaj insieme,66
2015-05-29T19:03:52Z,Andata Semifinale Playoff - Pescara vs Vicenza (Sky),1792
2015-02-18T21:20:09Z,Sebastiani: &quot;Brugman viene a giocare con me a calcetto il giovedi&quot;,382
2015-03-09T19:26:49Z,"Calcio, Serie B 2014/15 - 30^ g.ta: Pescara-Vicenza 2-2",694
2014-08-22T12:33:09Z,Pescara - Chievo. Il prepartita visto dal tecnico Baroni,31
2015-05-30T03:16:49Z,Andata Semifinale Playoff - Pescara vs Vicenza,1081
2014-12-09T01:32:27Z,Sebastiani: &quot;Pasquato ha chiesto scusa. Nessun caso&quot;. Brugman col gruppo,52
2015-03-07T23:13:39Z,Serie B 2014-2015 - 30ª giornata Pescara vs Vicenza,955
2014-12-31T21:52:44Z,Pescara Calcio - Tutti i gol del girone di andata,4034
2015-06-29T12:40:01Z,Pescara - Nuova idea per l&#39;attacco,232
2015-03-28T23:48:58Z,Serie B 14/15: Spezia - Pescara 2-2,1688
2014-11-02T04:30:06Z,Bruce Arena: “The field conditions made for a difficult game&quot; | POSTGAME,284
2015-03-28T00:15:51Z,Spezia - Pescara (ore 15). Out Migliore,120
2015-01-06T22:14:33Z,PESCARA CALCIO RITIRO 2015 - PRIMA GIORNATA,1727
2015-01-10T14:46:30Z,PESCARA CALCIO RITIRO INVERNALE - SIMONE ARESTI,822
2015-06-23T16:53:31Z,"Greg Vanney - June 23, 2015",219
2015-03-27T15:36:47Z,Conferenza mister Bjelica pre Spezia-Pescara,93
2014-10-29T09:23:59Z,Sala stampa BARI PESCARA: Ledian Memushay,362
2015-02-18T14:44:25Z,"Latina-Pescara, conferenza dopo gara di Marco Baroni",29
2014-08-06T13:06:13Z,Intervista a Flavio Lazzari,970
2015-03-28T17:25:06Z,Spezia-Pescara 2-2 - Radiocronaca di Massimo Barchiesi (28/3/2015) da Radiouno RAI,318
2014-12-07T14:52:12Z,MIXED ZONE - Pro Vercelli Pescara,681
2015-03-29T00:52:47Z,Serie B: Spezia - Pescara 2-2,439
2014-09-11T13:49:08Z,Wolski: &quot;Non ho ancora i 90 minuti ma sono pronto&quot; - EPolis Bari,293
2015-01-08T17:05:52Z,RITIRO INVERNALE ROMA 2015 - MISTER MARCO BARONI,794
2014-12-20T04:45:43Z,Chicharito Hernandez Fantastic Goal Deportivo La Coruña vs Real Madrid 2 7 2014,158
2015-01-11T13:51:39Z,RITIRO INVERNALE 2015 - FEDERICO MELCHIORRI,985
2015-06-17T12:56:12Z,Tutti i gol del Pescara 2014/2015,4756
2015-03-29T00:04:08Z,Roby vs. Spezia - Pescara 2-2 (28 03 2015) Highligts,187
2015-05-14T16:36:32Z,STREAMING: GRAN GALA&#39; CALCIO ARETINO,99
2014-10-29T14:47:43Z,"Carpi-Ternana, sala stampa",428
2014-09-19T09:46:16Z,lazio c5 vs Real Rieti - interviste &quot;Qui Ritiro&quot;,268
2014-10-06T21:10:49Z,"siracusa vs acireale 5-0 eccellenza 2014/15, il dopo gara, con peppe mascara",600
