publish_date,title,view_count
2015-01-01T19:26:13Z,Edgar Salli,3859
2015-06-14T23:48:47Z,Qualifications de la CAN 2017 : Cameroun 1  - Mauritanie 0,800
2015-06-14T16:16:32Z,Cameroun vs Mauritanie (1-0) | Qualifications CAN 2017,15822
2015-02-08T22:59:59Z,But Landry N&#39;GUEMO (18&#39;) / AS Saint-Etienne - RC Lens (3-3) -  (ASSE - RCL) / 2014-15,4662
2014-08-17T22:00:02Z,Goal Paul-Georges NTEP (87&#39;) / Stade Rennais FC - Evian TG FC (6-2) - (SRFC - ETG) / 2014-15,413
2015-04-14T15:34:44Z,Parcours de Guingamp en CDF | Saison 2014-2015,461
2015-07-20T12:20:26Z,Joe Zinnbauer im Videointerview: Es war sehr emotional | BLOG-TRIFFT-BALL,249
2014-11-01T20:40:11Z,L&#39;ES Sétif remporte la Ligue des Champions CAF 2014 VS Vita Club,11663
2015-01-31T18:49:09Z,Joe Zinnbauer: &quot;Würde es gerne erklären können&quot; | Hamburger SV - 1. FC Köln 0:2,1634
2015-03-05T21:57:53Z,Joe Zinnbauer vor BVB: &quot;Mehr drin als ein Remis&quot; | Hamburger SV - Borussia Dortmund,317
