published-time,comment,likes
2015-02-17T23:16:44Z,"Aston Villa FC can you please tell me the name of the song on this video, been trying to find out who it is for the past half hour, driving me mad!",0
2015-02-17T19:27:27Z,Song name?,0
2015-02-17T19:19:09Z,Finally seeing the players passing with pace,0
2015-02-17T18:53:55Z,Who cant feel happy at such a beautiful club!! Utv,1
2015-02-17T18:51:20Z,Song name? ( lols! ) But seriously tho' it was nice seeing this. I'm actually looking forward to our next match now. I dont think any of us expects instant sucsess just having to be shown some passion and a bit of quality back in the team :) Sherwood doesn't strike me as  a man that mucks about so I'm really hyped about this!,1
2015-02-17T18:20:33Z,Nice to see Randy at the club. Hope Mr Fox  and Mr Sherwood can help to rekindle his interest.,2
2015-02-17T18:08:37Z,oooh benteke and delph got told of haha,0
2015-01-30T15:55:40Z,We need Asmir Begovic,0
2015-01-30T14:18:19Z,good luck to him UTV,0
2015-01-30T14:18:13Z,"Welcome to Villa mate, as you said hopefully you can get a good run and play some football",0
2015-01-30T13:11:47Z,Let's hope he can score!!,0
2015-01-30T13:11:40Z,Great signing! Demba Ba and Alli next? ,3
2015-01-30T12:46:22Z,2 down 1 to go Dele Alli now :),3
2015-01-30T12:33:30Z,"Good luck sinclair, man city fan",3
2015-01-30T12:26:26Z,"Ok we've got him. Now he needs to focus and concentrate on football, if he does he will do well. I wish him all the best. ",0
2015-01-30T12:23:00Z,Wow he actually seem like a nice guy,6
2015-01-30T12:07:48Z,YUUUUS!,0
2015-05-29T07:57:40Z,play the fit again natural left back cissokho?,0
2015-05-28T17:36:42Z,I hope gill plays on saturday,0
2015-05-28T09:04:08Z,Arsenal 3–1Aston villa. aston villa only threat is benteke,0
2015-05-27T20:19:38Z, VILLA ARE THE BEST TEAM IN THE WORLD,2
2015-05-27T07:34:31Z,"Just hope he dosen't start that crappy jed steer 

",0
2015-05-27T07:33:47Z,Last night I had a really weird dream of villa beating arsneal 4-0! Possible?,0
2015-05-27T07:05:31Z,"Win or lose I'm proud of the boys for making it this far in a season where we've struggled. I think we have great things to come under Sherwood, let's go Villa ! <3",0
2015-05-26T23:54:32Z,GIl isn't dead then😂😂😂,0
2015-05-26T20:34:15Z,"Gil is an impact player, play him!",1
2015-05-26T19:15:29Z,Upload  more training session video's. always nice to see what the players are up to.,2
2015-05-26T19:09:07Z,Nice to see youth players training with the first team tho,0
2015-05-26T19:08:30Z,No Kozak?,0
2015-05-26T18:15:09Z,"VILLA AT WEMBLEY VIDEO: Training footage as the claret and blues prepare for Saturday's FA Cup final. 

Watch here: https://youtu.be/I581oXVmYrM",3
2015-05-26T16:38:13Z,keep gabby away from the starting 11 all the pace and no talent,3
2015-05-26T16:09:32Z,Villa 3-1 Arsenal #InSherwoodWeTrust,8
2015-05-26T16:07:54Z,I really want to see Sinclair and girl start I think the two impact the style of play very well,7
2015-05-26T15:37:19Z,"Really hope Gil is on the bench on Saturday, one of the few players who can change a game in a few minutes.",30
2014-11-09T16:38:20Z,This youtube channel is basically avfc trying to promote AVTV which is shocking! I wish it could be like mcfc youtube channel...,0
2014-11-06T02:59:18Z,"If we don't have three points against West Ham it is time to sack Lambert. No more excuses. No more of this ""we were excellent"" dross. Never seen such denial in all my life in a manager. I expect Moyes to be waiting in the wings. ",0
2014-11-05T19:02:13Z,Going down sotv,0
2014-11-05T18:30:50Z,Please sack the chuckle brothers before Christmas or 100% relegation,0
2014-11-04T19:38:08Z,"Lambert out !! Had season ticket last year and it nearly killed me watching that shit carnt even watch on telly either too frustrating rather just find out the score these days and that's perfectic, carnt even watch my own club that's how bad shits got! ",0
2014-11-03T18:48:02Z,"Worst villa side ive seen. I dont see us beating west ham. Start Bent,  can score goals which we r lacking. 9 hpurs without a goal Discraseful",1
2014-11-03T16:01:04Z,I love villa,0
2014-11-14T16:37:27Z,"OMG im in this video several times 

CAN'T BELIEVE IT",0
2014-11-12T17:52:29Z,"Benteke jumper...awesome, where can I get one?",0
2015-07-18T05:41:27Z,Delph is such a traitor,0
2015-07-16T20:57:16Z,I don't think Benteke is worth 32.5 mil he isn't consistent and doesn't score many goals against top 4 teams ,0
2015-07-16T18:39:10Z,Honestly hope they buy 2 good strikers with the money there getting from benteke,0
2015-07-16T17:18:09Z,Mason looks really promising!,0
2015-07-16T15:13:28Z,Not a shot of Benteke... ,0
2015-07-16T14:34:39Z,"Good to see the players sweating for once, they are actually getting somewhere now, and gabby actually got a shot off OMG.",2
2015-07-16T13:42:33Z,"No Benteke, must be off to Liverpool or Man Unt?",0
2014-09-20T01:16:25Z,,0
2014-09-20T01:16:17Z,,0
2014-09-20T01:14:51Z,"I reckon we can get a good result. Love all the latest features on the Official YouTube page as well. Keep it up.
UTV!",0
2014-09-20T01:14:49Z,"I reckon we can get a good result. Love all the latest features on the Official YouTube page as well. Keep it up.
UTV!",0
2014-09-19T14:46:04Z,I believe! q|^_^|p,1
2014-09-19T08:25:42Z,Utv 💖💖💖💖,1
2015-01-25T16:46:58Z,,0
2015-01-27T15:33:59Z,Bu önceki maç değilmi :F,0
