published-time,comment,likes
2014-10-24T08:56:53Z,"allez Sochaux !!! sa sens bon la ligue 1 !!!! bonne continuation et faux faire sa a domicile la ( le dernier but est magnifique )
=D",0
2014-10-20T17:13:37Z,magnifique le dernier but de Sochaux!! :),1
2014-10-20T12:56:10Z,"sochaux en ligue1 l'anner prochaine et ceux qui vont commencer a revenir au stade parceque sa va mieux a sochaux , faut pas les soutenirs que quand ca va mais aussi quand ca va pas alez sochaux!!!!!",0
2014-10-20T09:22:46Z,Vive sochaux,0
2014-10-19T20:23:10Z,Je suis sochalien mais je suis parti à l'étranger pour les vacances. Pas moyen de regarder le match ?,0
2014-10-19T06:34:26Z,"Sochaux en ligue 1 l'année prochaine :
Mes potes répondent non
Moi je réponds si !
ALLER SOCHAUX !!!!!! ;-) ",3
2014-10-18T22:22:03Z,Allez Sochaux!!!,0
2014-12-14T09:04:45Z,allez va !!!!!!!!!!!!!!!,1
2014-12-14T03:01:59Z,Allez V.A !!,1
2015-07-01T12:43:36Z,Super saison bravo!,5
2015-06-30T17:58:52Z,Tres beau parcours des troyens,3
2015-06-13T09:56:04Z,Le 3ème but MAGNIFIQUE !!,4
2015-06-02T22:36:35Z,le troisième but les mec ont plus de justesse technique que Rennes ou Bordeaux mdr ca promet,2
2015-05-27T10:59:25Z,Hommage à tout ceux qui disnet qu il n y a pas de public à Troyes,9
2015-05-27T10:37:19Z,Bien joué Troyes vous l'avez mérité ce titre ;),7
2015-05-25T09:53:10Z,3:52 regardez le gros vent qui c'est pris thierrez,2
2015-05-25T07:42:02Z,gg pour la ligue 1 j'ai tout de suite vu votre beau jeu quand vous aver jouer contre sochaux avec ce magnifique but de Corentin jean  j'aurai aimer  sochaux a la place de Troyes mais sa sera la saison prochaine,1
2015-05-24T11:56:31Z,Que dire du 3ème but...,7
2015-05-23T23:19:24Z,"Bravo un beau parcours similaire au nôtres l'année passer mais ne faite pas comme nous en ligue 1 . 
Chaos bonne chance , des messins ! ",10
2015-05-23T23:00:52Z,Champions !!! ,6
2015-01-11T14:28:05Z,"Le stade du Havre fait trop pitié, y'a personne !!!!!",0
2014-10-26T08:01:48Z,Gagner non volé grâce a un hors jeu oui,0
2014-10-26T07:12:52Z,Putain ouais une victoire ça fait plaiz !!!,1
2014-10-25T23:16:04Z,Enfinnn!!!!!!,0
2014-10-25T22:15:04Z,On a gagné !,0
2014-11-03T14:50:44Z,c quoi ce stade mdr,0
