publish_date,title,view_count
2014-10-18T18:19:40Z,Châteauroux - FC Sochaux-Montbéliard (1-4)  - Résumé - (LBC - FCSM) / 2014-15,10131
2014-12-13T23:00:00Z,Valenciennes FC - Châteauroux (1-0)  - Résumé - (VAFC - LBC) / 2014-15,4632
2015-05-23T22:00:00Z,ESTAC Troyes - Châteauroux (4-1)  - Résumé - (ESTAC - LBC) / 2014-15,17542
2015-01-10T23:00:08Z,Havre AC - Châteauroux (1-1)  - Résumé - (HAC - LBC) / 2014-15,2130
2014-10-25T22:00:07Z,Châteauroux - Tours FC (2-1)  - Résumé - (LBC - TOURS) / 2014-15,4951
2014-10-04T19:03:06Z,AC Arles Avignon - Châteauroux (0-1)  - Résumé - (ACA - LBC) / 2014-15,2871
2014-11-01T23:00:04Z,GFC Ajaccio - Châteauroux (1-0)  - Résumé - (GFCA - LBC) / 2014-15,2204
