publish_date,title,view_count
2014-11-16T11:58:43Z,Reactie Momi Hilaire na winst tegen ASV Geel,1387
2014-11-02T16:41:20Z,STVV Heist de goals,1520
2015-03-14T20:24:34Z,هدف أوساغونا في مرمى كايزر شيفس || KAIZER 0 : 1 RAJA ||,160
2015-05-10T14:31:28Z,Football : Le Mans FC perd à domicile contre Bressuire (1-2),154
2015-04-13T09:28:57Z,STVV versus Roeselare wedstrijdverslag,446
2015-04-11T17:22:30Z,Reaction: Confident Kelly Youga believes Reds will stay up,850
2014-09-15T21:58:55Z,Le Mans FC : Gregory Cerdan est de retour,1550
