publish_date,title,view_count
2015-01-11T10:30:02Z,Top buts 19ème journée - Ligue 2 / 2014-15,2043
2015-03-05T21:10:36Z,TIRS AUX BUTS COMPLET BREST  AUXERRE  2-4  05/03/2015,4627
2014-11-02T10:30:03Z,Top buts 13ème journée - Ligue 2 / 2014-15,3072
2015-04-11T21:59:59Z,Stade Brestois 29 - AJ Auxerre (0-1)  - Résumé - (SB29 - AJA) / 2014-15,4657
2014-08-23T22:00:02Z,US Orléans - Stade Brestois 29 (1-0)  - Résumé - (USO - SB29) / 2014-15,5262
2014-08-05T10:00:04Z,Stade Brestois 29 - Clermont Foot (2-1)  - Résumé - (SB29 - CF63) / 2014-15,11950
2015-04-22T15:13:22Z,Havre AC - Stade Brestois 29 (1-1)  - Résumé - (HAC - SB29) / 2014-15,1676
2014-11-01T23:00:03Z,AJ Auxerre - Stade Brestois 29 (0-3)  - Résumé - (AJA - SB29) / 2014-15,6708
2015-03-10T11:00:00Z,Stade Brestois 29 - Châteauroux (3-0)  - Résumé - (SB29 - LBC) / 2014-15,5085
2015-05-09T21:59:59Z,AC Ajaccio - Stade Brestois 29 (2-1)  - Résumé - (ACAJ - SB29) / 2014-15,3832
2014-08-09T22:00:02Z,Chamois Niortais - Stade Brestois 29 (0-0)  - Résumé - (NIORT - SB29) / 2014-15,2637
2015-05-04T22:16:34Z,Stade Brestois 29 - Dijon FCO (0-0)  - Résumé - (SB29 - DFCO) / 2014-15,1177
2015-02-10T11:00:00Z,AS Nancy-Lorraine - Stade Brestois 29 (2-1)  - Résumé - (ASNL - SB29) / 2014-15,22891
2015-02-17T11:00:01Z,Stade Brestois 29 - Nîmes Olympique (3-1)  - Résumé - (SB29 - NIMES) / 2014-15,6724
2014-11-22T23:00:04Z,Valenciennes FC - Stade Brestois 29 (0-1)  - Résumé - (VAFC - SB29) / 2014-15,4169
2015-05-16T21:59:59Z,Stade Brestois 29 - ESTAC Troyes (2-1)  - Résumé - (SB29 - ESTAC) / 2014-15,5759
2014-10-25T22:00:06Z,Stade Brestois 29 - GFC Ajaccio (3-0)  - Résumé - (SB29 - GFCA) / 2014-15,7149
2015-04-07T10:00:01Z,GFC Ajaccio - Stade Brestois 29 (1-1)  - Résumé - (GFCA - SB29) / 2014-15,3500
2015-01-10T23:00:03Z,ESTAC Troyes - Stade Brestois 29 (1-0)  - Résumé - (ESTAC - SB29) / 2014-15,4450
2014-12-20T23:00:04Z,Stade Brestois 29 - AC Ajaccio (2-1)  - Résumé - (SB29 - ACAJ) / 2014-15,4160
2015-03-14T22:59:59Z,Tours FC - Stade Brestois 29 (1-1)  - Résumé - (TOURS - SB29) / 2014-15,3557
2014-11-08T23:00:01Z,Stade Brestois 29 - Havre AC (1-0)  - Résumé - (SB29 - HAC) / 2014-15,5489
2015-02-21T23:00:00Z,AC Arles Avignon - Stade Brestois 29 (1-0)  - Résumé - (ACA - SB29) / 2014-15,2845
2015-04-29T17:56:05Z,US Créteil-Lusitanos - Stade Brestois 29 (2-1)  - Résumé - (USCL - SB29) / 2014-15,3237
2014-10-31T14:31:21Z,AUXERRE - BREST  0-3,471
2015-04-25T21:59:59Z,Stade Brestois 29 - Valenciennes FC (1-0)  - Résumé - (SB29 - VAFC) / 2014-15,3245
2014-08-16T22:00:02Z,Stade Brestois 29 - Angers SCO (0-0)  - Résumé - (SB29 - SCO) / 2014-15,4117
2015-01-31T22:59:59Z,Stade Brestois 29 - US Orléans (1-1)  - Résumé - (SB29 - USO) / 2014-15,2892
2014-10-18T18:23:28Z,Stade Lavallois - Stade Brestois 29 (2-2)  - Résumé - (LAVAL - SB29) / 2014-15,6852
2015-05-23T21:59:59Z,Clermont Foot - Stade Brestois 29 (1-0)  - Résumé - (CF63 - SB29) / 2014-15,2267
2014-10-19T18:14:31Z,Eintracht Francfort vs FC Cologne : Viva la Buli !,392
2014-11-29T23:00:04Z,Stade Brestois 29 - US Créteil-Lusitanos (2-2)  - Résumé - (SB29 - USCL) / 2014-15,6422
2015-04-11T14:44:30Z,BUT DE PUYGRENIER BREST / AUXERRE 0-1,1142
2014-12-13T23:00:02Z,Dijon FCO - Stade Brestois 29 (1-0)  - Résumé - (DFCO - SB29) / 2014-15,5497
2014-11-01T19:13:07Z,Conférence de presse AJ Auxerre - Stade Brestois 29 (0-3) - 2014/2015,359
2015-03-21T22:59:59Z,Stade Brestois 29 - Stade Lavallois (0-0)  - Résumé - (SB29 - LAVAL) / 2014-15,1790
2015-01-10T19:00:31Z,Conférence de presse ESTAC Troyes - Stade Brestois 29 (1-0) - 2014/2015,149
2015-04-30T21:06:54Z,BDX-METZ  Avant dernier match à Lescure- Chaban,3181
2015-02-28T22:59:59Z,Stade Brestois 29 - FC Sochaux-Montbéliard (1-1)  - Résumé - (SB29 - FCSM) / 2014-15,3571
2015-04-29T02:15:04Z,PSG / FC Metz 28.04.2015 : 3-1 (L1) 5/7 : Réaction du stade après le but de Verrati,515
2014-10-30T18:02:42Z,But Thibaut VION (17&#39;) / OGC Nice - FC Metz (3-3 a. p. 2 tab à 3) - (1/16eme) (OGCN-FCM) / 2014-15,1202
2015-02-05T11:58:11Z,FanTV: Patrick Dyrestam efter Dynamo Moskva,741
