published-time,comment,likes
2015-04-11T10:37:56Z,ouf fallait le gagner celui _ là on s'est encore compliqué la tache pour rien .,0
2015-03-10T20:14:17Z,Pas mal l'arbitrage ... Sinon avant sa la défense de l'ACA parait moyenne,0
2015-02-17T07:28:17Z,Andy est de retour !! <3,1
2015-02-01T14:40:09Z,"Allez hop, en National l'ACA ! :)",1
2015-02-01T12:22:24Z,"Super match , aller Sochaux !! et bon courage pour le maintien d' Arles Avignon en  ligue 2 .",1
2015-02-01T06:59:59Z,Allez Sochaux !!!!!!,1
2015-04-07T19:17:30Z,Et le peno non sifflé pour Niort il est où ? ;) Ahhhhh la lfp qui ne veux pas montrer ses erreurs...,0
2015-04-05T08:29:26Z,essayer de finir 18eme Arles Avignon vous serez sauver par notre descente a nous xD,0
2015-03-15T13:54:27Z,Beau match et victoire m�rit�e de l'ACA!,0
2015-01-12T01:18:20Z,"Déjà le carton rouge il étais pas pour Orléans mais pour Arle avignon ! Ensuite pour le 2ème pénalty, le gardien d'Arle avignon devrai avoir un rouge ! Ensuite vers la fin du match, le joueur d'Arle avignon tombe à cause de l'arbitre et 5 minute après l'arbitre sifle faute ! Et dernière chose, le 2 d'Arle avignon pareil avant la fin, il tombe tout seul comme un pion, l'arbitre sifle faute et il mes un carton jaune pour l'uso ! Le mec tombe tout seul ces quoi cette arbitre de merde ! Sérieusement trouvé des arbitres qui sont qualifié car des matchs comme sa sérieusement y en a marre !",0
2015-01-11T13:14:31Z,le maintien va etre tres long,0
2015-01-11T11:17:38Z,y avait rouge sur le deuxieme péno...,0
2014-08-28T18:13:06Z,Vafc sa sent le national,0
2014-08-26T14:45:19Z,"#Ligue2 - Classement des buteurs - Avec un doublé lors de la première période, Mickaël Le Bihan a bien contribué à la première victoire du Havre AC cette saison en Ligue 2, contre le VAFC (0-4). http://bit.ly/1vL2elp",0
2014-08-25T22:50:30Z,MDR le gardien sur le 2e but,0
2014-08-25T16:16:43Z,c'est VA qu'a bug !?,0
2014-08-24T08:44:29Z,Vu les statistiques à la fin y a un bug a mon avis,3
2015-04-12T12:15:04Z,Je savais pas que Laurent Fabius était devenu arbitre...,1
2015-04-12T00:05:01Z,"♫ Givet ou j'y vais pas , givet ou j'y vais pas ♫",0
2015-05-13T09:25:03Z,Comment ils trichent sur lens le clapping ,1
2015-05-10T12:18:33Z,"Je vous le souhaite Rémi C. Apres battre arles 4-0 c'est bien compliqué.
Votre équipe survol le championnat comme Metz la saison passé. Beaucoup de monde voyait metz dans le top 10 comme toi mais finalement ils redescendent donc contentez vous du maintient. Par contre faut vraiment vous acheter un public ^^",2
2015-05-10T09:20:21Z,ALLEZ L'ESTAC ! Troyes <3 <3,1
2015-05-10T08:34:29Z,,1
2015-05-10T08:33:00Z,"J'y etais au match c'était super y'a eu du beau de l'anbiance pas loin de moi y'avais qu'avait decouper des journaux en petits bouts et il en lançait a chaque but!
",2
2015-05-10T06:28:40Z,Ligue 2 <3,3
2015-05-10T06:28:17Z,Troyes ils vont revenir en Ligue 1,3
2015-05-09T23:40:10Z,"Dans ce match, l'ESTAC a vraiment développé du très beau football! Vivement la ligue 1 la saison prochaine pour voir cette équipe car elle est capable  de finir dans le top 10 à mon goût, et même si ce n'est pas le cas elle sera toujours agréable a regarder ",4
2015-05-09T23:30:43Z,Belle équipe de Troyes fière d'être troyens ✌️ vivement la ligue 1 ✌️ j'espère qu'il vont faire de leur mieux en ligue 1✌️ ALLEZ L'ESTAC 👍  ,6
2015-02-02T09:10:01Z,Victoire mérité ,4
2015-01-25T09:16:15Z,Quelle bande de merdes Nancy ... c'est pas possible,0
2015-01-25T07:19:08Z,Oh ça y est ils ont gagner !!!!!! Ouais !!! Franchement ça fait plais xD,2
2015-01-25T00:35:19Z,incroyable quelle bande de chèvres,3
2015-01-21T16:50:37Z,#Ligue2 - Classement des passeurs - Angers SCO a remporté son 2e match de Ligue 2 en 2015 en réalisant trois nouvelles passes décisives pour bondir de la 15e à la 3e place du classement des passes décisives par club après 20 journées - http://minilien.fr/a0nwd7,3
2015-01-19T10:00:16Z,#Ligue2 - J20 - Retrouvez les résumés des matchs de vendredi et samedi sur la chaîne officielle Youtube !,3
2015-01-31T19:20:55Z,Allez Sochaux !,1
