published-time,comment,likes
2015-05-06T14:39:06Z,"Homme du match le gardien de Dijon mais ALLEZ BREST
",0
2015-05-06T13:20:58Z,allez dijon,1
2015-05-05T16:36:01Z,Il manque quand même la belle occaz de Raspentino de l'extérieur qui passe de quelques centimètres à côté du poteau ! Assez bon match sinon,0
2015-05-05T15:59:30Z,Très gros match de Baptiste Reynet ,2
2015-05-05T10:51:01Z,"Il parait que les supporters brestois ont chanté ""la ligue1 c bien mais la ligue2 c mieux"" étant supporter brestois, j'ai trouver que ça rimer bien. ",0
2015-04-24T17:14:52Z,Allez Tours !,0
2015-04-19T10:22:38Z,allez dijon,0
2015-03-06T18:39:10Z,Allez Créteil,0
2015-03-01T13:52:33Z,"L'arbitre siffle un pénalty inventé qui mets le morale de Créteil à 0 qui nont pas pu marquer et qui prennent un deuxieme but a cause de leur morale
Bravo les arbitres qui servent a rien
(je comprends pourquoi il n'y a pas d'arbitre Français en coupe du monde ...)",0
2015-03-01T10:53:11Z,ALLER DIJON,0
2014-09-28T11:53:09Z,"Le Hac <3 😙 
💣Dijon🔫",0
2014-09-28T11:37:02Z,"Aller vous faire foutre le havre
",1
2015-01-11T21:37:29Z,Tours FC <3,2
2015-01-11T09:25:39Z,Bien joué le TFC ! Il faut se maintenir cette saison ! ,2
2015-01-11T08:50:25Z,Nous sommes les tourangeaux,1
2015-01-11T08:47:27Z,Le TFC en force ;),2
2015-01-11T07:43:56Z,Putain....,1
2015-06-20T17:27:30Z,Allez dijon,0
2015-04-26T08:25:32Z,J'ai eu énormément de chance j'ai parier 5 euros pour Dijon et j'ai gagner 8euros.,0
2015-04-26T08:10:07Z,Cette vidéo à été bloquer dans votre pays !,0
2015-04-26T07:48:35Z,Un pénalty non sifflé pour l'USO tout de même... Victoire non mérité au vu du jeu proposé par Dijon,0
2015-04-26T07:30:49Z,j était a Orléans pour le match et clairement Orléans jouer mieux que Dijon mais c était un beau match avec un petit groupe de supporter de Dijon qui m était l ambiance dans le stade . Alors que la ou j était dans la tribune d honneur ca menquait d ambiance. Allez uso!!!,1
2015-05-27T19:22:27Z,Allez l'estac meilleur équipe de ligue 2 et il le méritait la première place et le titre de champions de France,0
2015-04-07T18:32:55Z,Allez l'estac direction l'élite français ,0
2015-04-05T09:54:08Z,Résumé ridicule qui ne montre quasi que les actions Troyes alors que Dijon en a eu beaucoup plus...,2
2015-04-05T06:10:20Z,"Bravo pour Troyes, équipe qui mérite clairement de monter en L1. Par contre le comportement des 2 équipes apres le match laisse a désirer...",0
2015-04-05T00:02:33Z,Troyes en Ligue 1 et meme champions.. Cette Equipe est trop au dessus de toutes les autres. Meme en ratant son match (c'était certes loin d'être l'équipe type) elle gagne...,2
2014-12-31T11:38:39Z,DEFAITE,0
2015-06-21T15:27:51Z,Rendez-vous pour une prochaine saison en ligue 2 avec de nouveaux joueurs.Allez Dijon,2
2015-06-13T09:54:59Z,Belle victoire de Dijon,2
2015-05-27T14:28:17Z,Troip cool on a gagné,2
2015-02-14T05:35:17Z,cest des chiant aja,1
2015-02-04T21:29:41Z,C'est conviViale,2
2015-02-03T12:11:34Z,"La Bourgogne est bleue et blanche ! AJA & basta, Dijonnais bande d'infâmes",5
2015-02-01T20:41:09Z,DIJOONAIIII ECULLLEEEEE LALALALALALALA ♪♫,6
2015-02-01T11:26:48Z,Et La Bourgogne Est Bleue Et Blanche ♥,10
2015-02-01T11:14:21Z,Dijon club en paille,7
2015-02-01T11:10:58Z,Dijon toujours devant Auxerre en attendant,2
2015-02-01T09:15:38Z,Bourgogne bleu et blanche !!,8
2015-02-01T01:02:43Z,"auxerre et sochaux en l1, et vite!!",8
2015-01-31T23:32:53Z,"Et la Bourgogne et la Bourgogne et la Bourgogne est Bleue et Blanche !!!
Vialinho !!",11
