publish_date,title,view_count
2015-03-10T16:18:37Z,AC Arles Avignon - AJ Auxerre (2-4)  - Résumé - (ACA - AJA) / 2014-15,6821
2015-02-14T23:00:00Z,Tours FC - AC Arles Avignon (2-2)  - Résumé - (TOURS - ACA) / 2014-15,11503
2015-04-29T17:56:08Z,Dijon FCO - AC Arles Avignon (1-0)  - Résumé - (DFCO - ACA) / 2014-15,4073
2015-01-31T23:00:00Z,FC Sochaux-Montbéliard - AC Arles Avignon (1-0)  - Résumé - (FCSM - ACA) / 2014-15,6862
2015-04-04T21:59:59Z,Chamois Niortais - AC Arles Avignon (1-1)  - Résumé - (NIORT - ACA) / 2014-15,2009
2015-03-14T23:00:00Z,Châteauroux - AC Arles Avignon (1-2)  - Résumé - (LBC - ACA) / 2014-15,3094
2015-02-21T23:00:00Z,AC Arles Avignon - Stade Brestois 29 (1-0)  - Résumé - (ACA - SB29) / 2014-15,2845
2015-02-28T23:00:00Z,Stade Lavallois - AC Arles Avignon (1-0)  - Résumé - (LAVAL - ACA) / 2014-15,2882
2014-09-24T22:00:04Z,AC Ajaccio - Havre AC (0-1)  - Résumé - (ACAJ - HAC) / 2014-15,3259
2015-01-10T23:00:05Z,US Orléans - AC Arles Avignon (1-1)  - Résumé - (USO - ACA) / 2014-15,5925
2015-04-25T22:00:00Z,AC Arles Avignon - Clermont Foot (0-0)  - Résumé - (ACA - CF63) / 2014-15,1160
2014-08-23T22:00:02Z,Valenciennes FC - Havre AC (0-4)  - Résumé - (VAFC - HAC) / 2014-15,14643
2015-04-11T21:59:59Z,AC Arles Avignon - Havre AC (0-1)  - Résumé - (ACA - HAC) / 2014-15,1885
2015-05-09T21:59:59Z,ESTAC Troyes - AC Arles Avignon (4-0)  - Résumé - (ESTAC - ACA) / 2014-15,7306
2015-01-24T23:00:04Z,AC Arles Avignon - AS Nancy-Lorraine (1-0)  - Résumé - (ACA - ASNL) / 2014-15,4043
2015-01-17T23:00:05Z,AC Arles Avignon - Angers SCO (1-3)  - Résumé - (ACA - SCO) / 2014-15,8504
2015-03-21T22:59:59Z,AC Arles Avignon - GFC Ajaccio (0-0)  - Résumé - (ACA - GFCA) / 2014-15,1323
2014-12-09T20:31:51Z,4-1 El Azzouzi (Ajax A1 - Apoel Nicosia A1),2429
2015-01-31T18:30:39Z,Conférence de presse FC Sochaux-Montbéliard - AC Arles Avignon (1-0) - 2014/2015,351
