publish_date,title,view_count
2015-06-19T16:20:56Z,Seydou Koné : ses 15 buts de la saison 2014/2015 - Ligue 2,5826
2015-04-04T21:59:59Z,Chamois Niortais - AC Arles Avignon (1-1)  - Résumé - (NIORT - ACA) / 2014-15,2009
2015-05-16T21:33:47Z,Top buts 37ème journée - Ligue 2 / 2014-15,3620
2015-02-14T23:00:00Z,Tours FC - AC Arles Avignon (2-2)  - Résumé - (TOURS - ACA) / 2014-15,11503
2015-03-10T16:18:37Z,AC Arles Avignon - AJ Auxerre (2-4)  - Résumé - (ACA - AJA) / 2014-15,6821
2015-01-13T17:08:16Z,Christ Mbondi - Highlights,784
2015-04-18T21:59:59Z,Valenciennes FC - AC Arles Avignon (3-0)  - Résumé - (VAFC - ACA) / 2014-15,7517
2015-02-15T10:30:01Z,Top buts 24ème journée - Ligue 2 / 2014-15,4387
2015-02-07T23:00:00Z,AC Arles Avignon - Nîmes Olympique (0-1)  - Résumé - (ACA - NIMES) / 2014-15,3587
2015-05-16T21:59:59Z,AC Arles Avignon - US Orléans (4-1)  - Résumé - (ACA - USO) / 2014-15,10731
2015-02-21T23:00:00Z,AC Arles Avignon - Stade Brestois 29 (1-0)  - Résumé - (ACA - SB29) / 2014-15,2845
2015-04-05T06:55:49Z,Top buts 30ème journée - Ligue 2 / 2014-15,2463
2015-03-14T23:00:00Z,Châteauroux - AC Arles Avignon (1-2)  - Résumé - (LBC - ACA) / 2014-15,3094
2015-05-23T22:00:00Z,AC Ajaccio - AC Arles Avignon (2-1)  - Résumé - (ACAJ - ACA) / 2014-15,4884
2015-04-11T21:59:59Z,AC Arles Avignon - Havre AC (0-1)  - Résumé - (ACA - HAC) / 2014-15,1885
2015-02-28T23:00:00Z,Stade Lavallois - AC Arles Avignon (1-0)  - Résumé - (LAVAL - ACA) / 2014-15,2882
2015-05-09T21:59:59Z,ESTAC Troyes - AC Arles Avignon (4-0)  - Résumé - (ESTAC - ACA) / 2014-15,7306
2015-04-29T17:56:08Z,Dijon FCO - AC Arles Avignon (1-0)  - Résumé - (DFCO - ACA) / 2014-15,4073
2015-04-25T22:00:00Z,AC Arles Avignon - Clermont Foot (0-0)  - Résumé - (ACA - CF63) / 2014-15,1160
2015-03-21T22:59:59Z,AC Arles Avignon - GFC Ajaccio (0-0)  - Résumé - (ACA - GFCA) / 2014-15,1323
2014-11-30T16:26:32Z,WAC 2-0 RCA | BUT DE KONE,3908
2015-04-04T17:14:23Z,Conférence de presse Chamois Niortais - AC Arles Avignon (1-1) - 2014/2015,163
2015-02-14T18:57:11Z,Conférence de presse Tours FC - AC Arles Avignon (2-2) - 2014/2015,244
2015-05-16T17:37:19Z,Conférence de presse AC Arles Avignon - US Orléans (4-1) - 2014/2015,389
2015-07-27T05:32:50Z,กีฬาเก่าเก็บไว้ดู : D1 - Police FC 4-0 Ayutthaya FC,26
2015-03-20T16:09:22Z,Anthony Sauthier et les 125 ans du Servette FC,675
2014-11-09T23:00:03Z,Goal Pantxi SIRIEIX (3&#39;) / Toulouse FC - FC Metz (3-0) - (TFC - FCM) / 2014-15,218
2014-11-23T23:00:04Z,Goal Souleymane CAMARA (87&#39;) / Montpellier Hérault SC - Toulouse FC (2-0) - (MHSC - TFC) / 2014-15,217
