published-time,comment,likes
2015-07-30T16:44:17Z,"J-2 avant la reprise du championnat !

Revivez les 15 buts de Seydou  #Koné   et Jonathan  #Kodjia . Tous les 2 arrivés à la 2eme place du classement des buteurs la saison passée !

Selon vous, combien de joueurs vont dépasser les 15 buts lors de cette nouvelle saison 2015-2016 ?

Vidéo 15 buts Kodjia → https://youtu.be/d9U5LszmJ3c

Vidéo 15 buts Koné → https://youtu.be/qttHS8g7pEo",2
2015-07-15T16:03:06Z,Alpha Blondy ?,0
2015-06-21T12:18:31Z,"C'est un bon finisseur, Niort a beaucoup de chance de l'avoir comme attaquant ! :)",2
2015-06-21T08:31:55Z,"Tres belle revelation de cette saison , il a percé dans un petit club bien jouer",2
2015-06-19T23:52:50Z,Musique ?,0
2015-06-19T18:34:13Z,De la pure merde,0
2015-06-16T17:06:26Z,"Revivez les 15 buts de Seydou #‎Koné‬, attaquant du Chamois Niortais FC ! Quel est votre but préféré ?

https://youtu.be/qttHS8g7pEo",4
2015-04-07T19:17:30Z,Et le peno non sifflé pour Niort il est où ? ;) Ahhhhh la lfp qui ne veux pas montrer ses erreurs...,0
2015-04-05T08:29:26Z,essayer de finir 18eme Arles Avignon vous serez sauver par notre descente a nous xD,0
2015-02-17T07:28:17Z,Andy est de retour !! <3,1
2015-04-11T10:37:56Z,ouf fallait le gagner celui _ là on s'est encore compliqué la tache pour rien .,0
2015-03-10T20:14:17Z,Pas mal l'arbitrage ... Sinon avant sa la défense de l'ACA parait moyenne,0
2015-04-20T08:29:52Z,VIVE LE VAFC  !!!!!!!!!!!!!,3
2015-02-20T03:01:53Z,Quand on voit sa on peut être fier d'être le la région Centre perso je suis de Tours et quand c'est 2/3,0
2015-02-15T14:30:28Z,Quel beau but de Saif Eddine,0
2015-02-15T11:51:50Z,Spécial but région centre sa fait plaisir que des beaux but et le dernier et magnifique ;),0
2015-02-15T11:15:44Z,Le dernier but est magique Oo! Allez l'aja,0
2015-02-15T10:39:54Z,quel but le dernier!! un régal!,2
2015-02-09T10:45:30Z,"1 : Il y a plus de Nîmois  que d'Aceistes dans les tribunes
2 : Le commentateur n'est pas a l'aise ca se sent
3 : On écris ""Gauthier DE MARIEN"" et pas ""Gauthier de MARIEN""",0
2015-07-01T06:03:20Z,pouri arle avignon,2
2015-05-17T19:38:42Z,Vous vous réveillez un peu tard Arles xD,8
2015-05-17T09:23:27Z,En tout cas l'uso est en ligue 2 lannee prochaine c'est cool,3
2015-04-08T17:05:42Z,wesley said! <3,0
2015-04-05T23:56:13Z,ESTAC DARBION <3 ALLEZ TROYES GO GO L1,1
2015-03-15T13:54:27Z,Beau match et victoire m�rit�e de l'ACA!,0
2015-04-12T12:15:04Z,Je savais pas que Laurent Fabius était devenu arbitre...,1
2015-04-12T00:05:01Z,"♫ Givet ou j'y vais pas , givet ou j'y vais pas ♫",0
2015-05-13T09:25:03Z,Comment ils trichent sur lens le clapping ,1
2015-05-10T12:18:33Z,"Je vous le souhaite Rémi C. Apres battre arles 4-0 c'est bien compliqué.
Votre équipe survol le championnat comme Metz la saison passé. Beaucoup de monde voyait metz dans le top 10 comme toi mais finalement ils redescendent donc contentez vous du maintient. Par contre faut vraiment vous acheter un public ^^",2
2015-05-10T09:20:21Z,ALLEZ L'ESTAC ! Troyes <3 <3,1
2015-05-10T08:34:29Z,,1
2015-05-10T08:33:00Z,"J'y etais au match c'était super y'a eu du beau de l'anbiance pas loin de moi y'avais qu'avait decouper des journaux en petits bouts et il en lançait a chaque but!
",2
2015-05-10T06:28:40Z,Ligue 2 <3,3
2015-05-10T06:28:17Z,Troyes ils vont revenir en Ligue 1,3
2015-05-09T23:40:10Z,"Dans ce match, l'ESTAC a vraiment développé du très beau football! Vivement la ligue 1 la saison prochaine pour voir cette équipe car elle est capable  de finir dans le top 10 à mon goût, et même si ce n'est pas le cas elle sera toujours agréable a regarder ",4
2015-05-09T23:30:43Z,Belle équipe de Troyes fière d'être troyens ✌️ vivement la ligue 1 ✌️ j'espère qu'il vont faire de leur mieux en ligue 1✌️ ALLEZ L'ESTAC 👍  ,6
