published-time,comment,likes
2015-07-18T11:16:03Z,Valère Germain est une recrue fantastique et je pense qu'il va faire une saison de malade !!!,1
2015-07-09T17:41:15Z,C sur pour vous c une bonne recrue vous avez que des merdes la ligue 2 c pour vous!!Daghe Munegu!!!!!ća c une vrai équipe Monaco!!!,1
2015-07-09T00:45:59Z,C'est sur bien il retrouve ses anciens amis de Monaco Mendy et Eysseric et puis il a l'air de bien s'entendre avec Bosetti donc Ca va ,0
2015-07-08T22:32:04Z,Très bonne recrue pour vous amis niçois j'espère qu'il fera mal aux défenses adverses hormis la notre bien sûr ;)  #DVEBSN,7
2015-07-08T22:31:10Z,Bonne recrue,0
2015-07-08T20:58:56Z,il a l'air de bien s'entendre avec bosetti tiens,1
2015-07-08T20:56:44Z,Il a pas l'air tres a l'aise...en tout cas l'image de bosetti a coté de lui ca fait drôle,7
2015-07-11T16:19:20Z,"Fait nous rêver germain ! Premier match en amical , Première mi temps 2 buts continue 👍",2
2015-07-10T16:41:35Z,plus j'y pense et plus je me dit que cette saison ya vraiment moyen de faire quelque chose avec ben arfa germain et tout :D Issa Nissa,0
2015-07-10T10:52:10Z,L'ambiance au stade ça va lui changé,0
2015-07-10T07:56:19Z,Il zozote un peu ,6
2015-07-16T18:19:12Z,"Monaco recrute El Shaarawy, c'est normal
Nice recrute Germain, le peuple niçois est en extase c'est une star
Au bout d'un moment posez-vous des questions...",0
2015-07-15T23:00:33Z,Essayez de interviewer un peu plus les adultes ils sont plus intéressant :) ,0
2015-07-15T21:55:18Z,"Mdr l'année dernière vous l'insultez

",0
2015-05-14T07:33:15Z,un bon groupe,0
2015-05-11T20:16:20Z,هذا جيرماين ولا بلاش,0
2014-11-12T12:05:23Z,"Énorme les gars!! Maintenant faites nous ça en match off. Valère je t adore mec
",1
2014-09-06T13:20:48Z,"La vie est cool à Monaco ! ^^

De la part d'un supporter nantais ;)",2
2014-09-06T12:01:15Z,,1
2015-07-01T06:05:45Z,"S'il ni aurait pas marseille dans la ligue 1 quesque ça serait la ligue 1^^
",0
2014-10-28T15:28:47Z,NISSA,1
2014-10-27T21:09:07Z,Quel est le nom de la music?,1
2014-10-27T16:44:11Z,#Ligue1 - Revivez tous les buts de la 11e journée en vidéo sur la chaîne officielle Youtube !,10
2014-10-27T13:46:49Z,"Issa nissa 2-7 a Guingamp !!
",4
2014-10-27T12:15:32Z,Allez Nantes !!!,1
2014-10-27T10:45:49Z,ISSA NISSA ,5
2014-10-27T00:55:22Z,La ligue 1 se réveille niveau gestes techniques.. Enfin !,1
2015-05-18T01:20:54Z,"Week 20-ish : LYON IS BACK BACK,BACK AGAIN AGAIN

Week 36 : Lyon :(",0
2015-05-17T04:33:24Z,"They don't even look that excited. It's pretty much a one sided league, more so than bayern. Lyon will sell their best and it will go back to being what it was a year ago ",2
2015-05-17T04:15:42Z,Boring lol,0
2015-05-17T03:50:40Z,What a fun season it's been. Lyon didn't make  it any easy. Hopefully it's this exciting next season. Monaco seem to be going in the right direction despite the sales and slow start while Lyon will have more experience and CL to look forward to. Unfortunately for Marseille it will be difficult considering they're losing players like Ayew and Gignac.,6
2015-05-17T03:42:02Z,Two coment,0
2015-05-17T03:38:02Z,Congratulations PSG!!!,1
2015-04-01T15:38:29Z,"Et en match, il en cadre pas une T_T",0
2015-03-30T16:11:05Z,The guy looks about 50 no way can he hit volleys like that,1
2015-07-14T13:47:35Z,Bosetti 😭😭,1
2015-07-13T20:17:10Z,Je la sent bien cette saison moi ,1
2015-07-13T19:52:55Z,Oui ben arfa,0
2015-07-31T02:46:10Z,En tout cas je suis fier de la chaîne de notre club ! On est les plus réguliers à avoir des informations et bonus sur le club ! Par exemple la dernière vidéo de l'om remonte à 9 mois et l'ASSE ont mis 2 vidéos en 1 an... ,1
2015-07-30T14:00:39Z,Ils mont tués Benrhama et mendy 😂😂,2
2015-07-30T08:17:30Z,"Depuis quelque temps vos zapgym sont super sympa, continuez !",1
2015-07-29T17:04:07Z,4:26 Ma réaction quand j'ai vu le score final !,2
2015-07-29T15:33:59Z,Par contre benrhama et Alexandre ils se sont bien clashés pas sur que tout était à la rigolade,2
2015-07-29T15:32:28Z,Mdr koziello et les musiques,1
2014-10-27T19:51:22Z,Georges Ntep looks like a quality winger at only 21 as well,0
2014-10-27T11:17:30Z,Great video again,0
2014-10-27T10:40:50Z,nice eduardo,2
2014-10-27T02:45:19Z,Man these should really get more views,3
2014-11-09T15:02:54Z,ya gignac,1
2014-10-30T23:20:06Z,GOURCUFF IS BACK !!!  #TeamOL  ,1
2014-10-29T08:47:58Z,#Ligue1 - Revivez les plus beaux buts de la 11ème journée de Ligue 1 en vidéo sur notre chaîne Youtube ! Lequel préférez-vous ?,20
2014-10-28T17:50:58Z,moukandjo pour son controle de grande classe et la frappe enroulée en finesse,0
2014-10-28T14:02:30Z,"2:14  =  "" allez Guingamp, les supporters sont la !! ""  Bah apparemment l'équipe nan...",1
2014-10-27T19:08:27Z,Et le but de lavezy (supp stéphanois ),0
2014-10-27T18:00:26Z,Le 3ème est nul c'est juste une tête plongeante a bout portant dans les 6 mètres et en plus il est libre de tout marquage...,0
2014-10-27T13:02:12Z,Et le but magnifique de lavezi on l oublie,0
2014-10-27T12:38:08Z,"Gradel !!!!!!!!!! Asse for life 
Vert un jour vert toujours",3
2014-10-27T11:00:22Z,Le meilleur pour la fin <3 Carlos Edouardoooooooo,0
2014-10-27T10:53:02Z,grand respect aux supporters guingampais qui ont continué a chanter . Un niçois ,1
2014-10-27T10:51:01Z,Moukandjo :o j'adore cet enchaînement dans un si petit espace et la balle si bien placée !,5
2014-10-27T10:17:53Z,Gourcuff est présent les gars !,0
2014-10-27T08:18:42Z,C.EDUARDO !! ❤️⚫️❤️⚫️❤️,1
2014-10-27T08:09:21Z,"Maboulou <3 . Forza Bastia. Tribuna Pétrignani. B1905
#SCB",3
2014-10-27T07:44:46Z,Carlos❤️❤️⚫️⚫️,0
2014-10-27T03:45:27Z,Je trouve que Gerland sonne bien pour un stade à coins ouverts ! j'imagine même aps dans le futur stade avec des matchs européens ,0
2014-10-27T02:11:16Z,Moukandjou !!! :),1
2014-10-27T00:46:44Z,Gradel karatéka professionnel !!! ^^,0
2014-10-27T00:22:44Z,GRAAAAAAAAAAAAAAAADEL <33,4
2014-10-27T00:09:17Z,"Avis de recherche : Yoann Gourcuff, coupable de viol sur 4 chèvres tendres et innocentes... Preuves à l'appui, leurs reins sont actuellement cassés. ",27
2015-05-04T00:08:40Z,"Yes
",0
2014-09-25T23:58:41Z,FORCE MARSEILLE.,0
2014-09-25T23:56:53Z,meilleure attaquant français tout simplement,0
2015-05-05T17:37:19Z,Great ,0
2014-10-27T00:20:30Z,such great goals,1
2015-05-04T18:54:49Z,what a sprint,0
2014-09-28T09:11:36Z,une preuve que les joueurs de la ligue 1 mette de beaux but !,0
2014-10-02T16:23:32Z,prodige football amateur,0
2014-09-27T06:01:59Z,Sa ce sont des beaus buts a l inverse de l année dernière qui etai tous en 2 temps ,0
2014-09-26T21:37:45Z,GIGNAC ON T'<3 !! FORZA OM,0
2014-09-26T02:45:20Z,Super GIGI !,1
2014-09-26T01:24:54Z,il a toujours était la.,6
2014-09-25T23:49:08Z,Gignacccccc,0
2015-05-19T01:04:30Z,What is the song?!,0
2015-05-04T18:19:21Z,Zlatan is back with 1 décisive passe ,1
2015-05-04T01:04:44Z,PSG ALLEZ,1
2015-05-03T23:14:16Z,Paris sera champion ,4
2014-10-31T02:42:34Z,leaugue française est de la merde la leaugue anglais est beaucoup mieux de venir sur Liverpool,0
2015-05-30T11:21:19Z,Quel merveilleux et beaux buts étonnant où tous cette dextérité et habileté de bien soignée,0
2015-05-22T16:32:38Z,Et Christophe Mandanne aussi !!,0
2015-05-22T16:31:50Z,Je suis Parisien mais le but de Mounier est magnifique !,0
2015-05-20T15:19:43Z,Oh ! Le but de Mounier !,0
2015-05-20T11:26:56Z,je trouve une tres belle video,1
2015-05-19T18:06:31Z,Mounier a juste louper son centre,0
2015-05-18T18:31:09Z,Celui de matuidi ne mérite pas le top...  Il fallait mettre celui de Nabil fekir! Mais allez Lens!,1
2015-05-18T17:52:43Z,"Paris on t'encule vive Marseille 
",1
2015-05-18T16:58:04Z,"Je comprend pas pk il y a Matuidi, et les plus beaux sont pour moi Mounier et Mandanne.",5
2015-05-18T16:13:39Z,PUTAINNN j'y croi pas ils ont pas mis le MAGNIFIQUE but de FEKIR BORDEL !!!!!!!!!!,5
2015-05-18T15:46:14Z,Mandanne très largement!,4
2015-05-18T13:45:11Z,"des beaux but mais le plus beau but de l'année est quand meme énorme, celui de Julian Palmieri",3
2015-05-18T13:22:14Z,"Mandanne, parfait, l'un des buts de la saison je pense. Mais il manque le but de Fékir car le duel gagné brillament face à Sané, c'est du lourd !!",4
2015-05-18T12:14:33Z,fékir à la place de matuidi,4
2015-05-18T11:49:09Z,Mdr... Pierre Mauroy qui célèbre le but d'Ayew #RIPLOSC,7
2015-05-18T11:44:47Z,et fekir qui part du milieu de terrain non !? ....,9
2015-05-18T10:09:07Z,Ils ont réparer l'erreur :),0
2015-05-18T09:54:40Z,Ayew et Mounier excellents buts !,11
2015-05-18T09:47:57Z,"Pour moi (supporter du PSG) les trois meilleurs équipes de la L1 a part le PSG sont LOSC, EAG et OL ... Du moins, les équipes les plus interessantes ! OL bah on le sait c'est tout, le LOSC car c'est comme ca depuis longtemps et l'EAG avec Mandanne, Beauvue et Giresse qui forment une excellente attaque",0
2015-05-18T09:43:13Z,celui de mandanne est le plus beau pour moi,2
2014-09-26T15:11:51Z,injury is not funny...,0
2014-09-26T02:22:27Z,D'awww the Bastia fan :'),2
2015-05-05T08:56:55Z,je vote pour le but de gignac qui n'est pas sur la video car le mec a l'aveugle et puis y a tout les defanseur...,0
2015-05-04T17:33:05Z,C'est Grenier le plus beau !!!!,2
2015-05-04T16:48:52Z,Le but de Grenier !!!!!!,1
2015-05-04T15:33:21Z,Mandanne qui manque de se péter le dos sur sa célébration ^^,4
2015-05-04T14:33:37Z,"1er Grenier, 2eme Eduardo sinon les autres buts ne sont pas énorme",2
2015-05-04T13:18:08Z,Pas vraiment de beaux buts ce weekend !,1
2015-05-04T07:49:41Z,Je pense que cette semaine il y avait une prime pour tous les joueurs qui marquaient avec une balle piquée ,3
2015-05-04T07:39:50Z,Ptn le coup Franc de grenier c la gardien qui la rentre but de chateux  ,1
2015-05-04T05:26:41Z,Pas beaucoup de beaux buts cette semaine ! Mais j'aime bien celui de Benezet tout de même.,1
2015-05-03T23:27:54Z,Vraiment un top 5 de merde cette semaine... Comparé à la semaine dernière... ,0
2015-05-03T23:19:15Z,"Grenier, 4ème match, 2ème titularisation, 1er match entier et déjà un but et deux passes décisives.
L'OL la saison prochaine avec Fékir, Grenier, Fofana/Tolisso, Lacazette, N'Jie, Gonalons, Umtiti, Rose, Bédimo, Jallet et Lopes, ça sera juste la meilleure équipe de Ligue 1",13
2014-09-28T02:46:37Z,I love these highlight videos ,1
2014-09-26T12:52:29Z,Lucas should have been in the brazil squad. He can be almost as good as neymar sometimes,0
2015-05-19T00:06:03Z,That attempt of a clearance at 0:39 made me laugh so hard! xD,0
2015-05-18T15:04:10Z,as monaco    ilove ^^,1
2015-05-18T12:46:48Z,Le but de Mournier :0,0
2014-11-08T16:02:56Z,💩,0
2014-10-29T10:09:21Z,La passe de bautheac au dessus di gardien elle est magique ,1
2014-10-27T17:29:07Z,AMO-TE BENFICA,1
2014-10-27T16:21:51Z,#Ligue1 - Classement des buteurs - Carlos Eduardo (OGC Nice) pointe au 3e rang du classement officiel des buteurs de Ligue 1 après son quintuplé réussi à l’EA Guingamp lors de la 11e journée ! http://urlz.fr/Qw8,9
2014-10-27T13:51:40Z,il est trop fort pour nice vous allez le reverrez plus apres cette saison,0
2014-10-27T13:38:37Z,PORTOOOOOOOOOOOOOOOOOOOOOOOOOOOOOOOO,2
2014-10-27T11:33:28Z,"bon bah nice n'à plus qu'a passer à la caisse, si il le veulent après le prêt, ils vont  claquer un gros bifton, sa sent le PSG tout sa.",0
2014-10-27T09:07:12Z,Franchement il m'a mît le kiki tout dur avec ce match ,3
2014-10-27T09:03:27Z,comment ils doivent être dégoutter les Guingampais!!   ,0
2014-10-27T08:47:57Z,J'en reviens toujours pas. 5 buts quoi !!!,1
2014-10-27T01:38:37Z,"Superbe ! Par contre, quelqu'un pourrait m'expliquer qu'est ce qu'il fout avec le numéro 3 sur le dos ? xD",6
2014-10-27T00:08:54Z,Un grand bravo même si c'était l'opération portes ouvertes aujourd'hui au stade Roudourou ,0
2014-10-27T00:05:44Z,Tens de voltar rapaz!!! <3 ALLEZ PORTO!! <3,2
2014-10-27T00:03:18Z,FCPORTO!! Vamos Carlos Eduardo !!,2
2014-10-27T00:02:45Z,PENTAKILL,2
2014-10-26T23:52:49Z,Gg,0
2014-10-26T23:49:58Z,Joueur du F.C.PORTO ;),6
2014-10-26T23:44:07Z,"Issa Nissa , incroyable ce joueur mettre 5 buts a l'exterieur c'est pas rien , faut que le capo nous invente un chant pour ce joueur :3",5
2014-10-26T23:36:42Z,bresilienne*,0
2014-10-26T23:36:29Z,Petite pépite vresilienne,0
2014-10-26T23:30:34Z,oui,0
2014-10-26T23:22:32Z,Incroyable !! Je ne connaissais pas ce joueur mais respect !,2
2014-10-26T23:19:07Z,"En 1 match il passe sur le podium des meilleures buteurs, devant Zlatan, Ben yedder, LUCAS! respect",7
2014-09-28T12:52:05Z,"Gros plan et ralenti permanent, c'est chiant à regarder bordel ",1
2014-09-27T13:17:15Z,ALLEZ l'OM,0
2014-09-26T02:35:02Z,Je me suis régalé sur ce match !,1
2014-09-26T00:17:34Z,pfff,0
2014-09-25T22:11:13Z,First,0
2015-05-18T13:52:36Z,Congratz PSG it was quite epic title race this season,0
2015-05-17T10:49:16Z,Fékir <3,0
2015-05-04T00:26:19Z,Thumbnail looked savage.,7
