published-time,comment,likes
2014-08-21T10:36:26Z,Lol 0-0 à la mi-temps  quel bouffon ce commentateur...,0
2014-08-08T05:09:57Z,haha quel con ce comentateur,0
2014-08-04T22:56:05Z,XtraGaMeuR36 oupssss grillée ;),0
2014-08-03T10:59:58Z,"0-0 à la mi-temps ? Heeeeeu.
24h pour préparer le commentaire et c'est pas correct.",1
2014-08-03T09:07:18Z,Makengo comment il l'a griller le pauvre mec !,0
2014-08-02T23:47:54Z,"@ 1:35 : ""à la mi-temps : zéro-zéro"" ????
sérieux ??? je rappelle que le seul but à été marqué à la neuvième minute ....",0
2015-02-03T16:41:50Z,"#Ligue2 - Classement des buteurs - Jonathan Kodjia s’emballe ! 
Avec un 6e but en 4 matchs, l’attaquant d’Angers SCO compte à présent trois buts d’avance en tête du classement officiel des buteurs de Ligue 2 ! http://minilien.fr/a0nvgd",3
2015-03-10T14:01:54Z,"Et ACA-AJA, c'est en option !?",0
2015-03-10T11:10:32Z,#Ligue2 - J27 - Revivez les meilleurs moments de Stade Brestois 29 - Châteauroux (3-0) sur Youtube ! ,3
2015-01-25T17:02:45Z,"C'est ça de s'enflammer quand on marque un but mes petits bleus et rouges...
Concentrez vous le dernier but des Clermontois est honteux, fallait rester concentrez
Branleurs cette équipe...
Bravo a Clermont qui a su revenir au score 3* avec notre déplorable équipe.
Direction National et on en parle plus..",1
2015-02-18T15:48:17Z,"Un joli boucher, encore, ce Sainati !",0
2014-12-30T07:33:06Z,A la base y a pas penalty pour Châteauroux,0
2014-12-24T00:08:01Z,Il a l'air pas mauvais Philippoteaux.,0
2014-12-23T10:28:49Z,"Il n'y a pas penalty , honteu une faute d'arbitrage qui coute la place de leader au DFCO !!",0
2014-12-22T09:20:25Z,Je suis désolé il n'y a pas penalty ...,0
2014-12-22T07:04:54Z,Allez Dijon !!!!!!!!!!!! <3 Meilleures equipe d'autonne on vous aime !!!!!!!,0
2014-12-30T18:51:38Z,"Gregory Thil apres une superbe saison 2013-2014 à Dijon il en fera une a la berrichonne de Châteauroux
Allez Chateraux et bonne chance à: Nestor, Houtondji,Roudet",2
2014-08-23T05:20:30Z,"la region centre est a l'honneur en ligue 2 Chateauroux,Tours,Orléans",3
2014-08-20T11:30:44Z,"#Ligue2 - Classement des buteurs - Après un 3e but lors de la 3e journée, Idriss Saadi (Clermont Foot) figure en tête du classement officiel des buteurs de Ligue 2. http://bit.ly/1oNzN6t",4
2014-08-18T08:06:51Z,"Bravo la berri !!!
",0
2014-08-16T22:56:36Z,Encore un bon gardien sur ce match ...,0
2014-08-16T22:16:57Z,Allez Châteauroux !!!,6
2015-03-02T09:30:22Z,Ca fait plaisir de voir une Berri comme ça !!! Enfin j'ai envie de dire mais la continuité j'ai bien peur que... mais maintenant j'y crois allez Berri !,0
2015-03-01T17:11:54Z,"c'est marrant cette équipe, il gagnent 5-4 Dijon en faisant un match de fou , ils gagnes 2-1 sochaux ,4 vicoires consecutives ...
ET ILS SONT MÊME PAS CAPABLE DE BATTRE LES 19 EME  QUI ONT PAS GANER DEPUIS 4 MOIS ",1
2015-03-01T11:18:43Z,Enfinnnnnnnn!!!!!!! LA victoire,2
2015-04-26T10:37:55Z,ca sera plus facile contre paris xD,0
2015-04-25T22:45:43Z,Pff l'AJA aurait mériter de gagner,2
2014-08-10T07:21:39Z,C'est qui ce Sec.Normalement l'avent centre c'est Marcel Essombe...,3
2014-12-02T13:44:44Z,On aurais pu faire un résumé des 15 ballons envoyés en tribune par les valenciennois !,0
2014-12-01T10:08:51Z,#Ligue2 - J16 - Retrouvez tous les résumés des matchs de vendredi et samedi sur la chaîne officielle YouTube Ligue 2 !,2
2014-11-30T14:22:06Z,"Enfin une victoire à l'extérieur pour les Chamois, qu'elle fait du bien celle-là. Dommage pour l'ancien de la maison, Pascal Gastien, car Châteauroux avait toutes les occases pour plier le match, mais Niort en avait aussi, comme ce but d'Adama Ba juste avant la mi-temps ou cet incroyable raté de Jimmy Roye (qui était tout seul face au but vide, soulignons-le) en seconde période. Bon match, et espérons pour les deux équipes qu'elles se maintiennent en Ligue 2. ALLEZ CHAMOIS, tout de même.",0
2015-01-20T16:48:38Z,"#Ligue2 - Classement des buteurs - Dans le sillage de son remplaçant de luxe Frédéric Piquionne et de son 6e but lors de la 20e journée, l’US Créteil-Lusitanos a la 3e attaque la plus performante de Ligue 2 - http://minilien.fr/a0nwde",2
2015-01-11T14:28:05Z,"Le stade du Havre fait trop pitié, y'a personne !!!!!",0
2015-03-15T13:54:27Z,Beau match et victoire m�rit�e de l'ACA!,0
2014-10-26T08:01:48Z,Gagner non volé grâce a un hors jeu oui,0
2014-10-26T07:12:52Z,Putain ouais une victoire ça fait plaiz !!!,1
2014-10-25T23:16:04Z,Enfinnn!!!!!!,0
2014-10-25T22:15:04Z,On a gagné !,0
2014-12-14T09:04:45Z,allez va !!!!!!!!!!!!!!!,1
2014-12-14T03:01:59Z,Allez V.A !!,1
2014-11-23T09:57:35Z,"Gragnic en forme, s'il n'avait pas était blessé en début de saison on n'aurait pu prendre d’avantage de points. Y'a pas possibilité de nous faire voire le but de Châteauroux sous un autre angle ? On voit pas vraiment sur la vidéo et on ne peut pas vraiment se fier aux arbitres...",0
2015-04-19T11:52:42Z,Comment châteauroux mérite au moins un nul...dégouté,1
2015-05-16T08:00:06Z,C vraiment des merdes Châteauroux MDR,4
2015-03-23T18:34:14Z,aller nancy !!!!!!!!!!!!!!!!,2
2015-02-25T16:17:31Z,"#Ligue2 - Classement des passeurs - Maurice Dalé propulsé aux commandes !
L’attaquant de l’AS Nancy-Lorraine a été étincelant lors du festival offensif contre Châteauroux (6-0), réalisant un triplé à la passe qui lui permet de prendre la tête du classement des passeurs de Ligue 2 - http://www.lfp.fr/ligue2/article/maurice-dale-propulse-aux-commandes.htm",6
2015-02-23T12:32:35Z,"avant le 5e but, un joueur de nancy remonte tout le terrain les la berri court autour en tant que spectateur, sérieusement! Bonne chance aux deux équipes pour leurs deux objectifs! ",2
2015-02-22T23:01:59Z,"Jai honte d etre supporter de la Berri 
C est ca de glander a domicile 
Vous allez y alle en national pour mon plus grand desarroi .
Berri tu n est plus la meme.",3
2015-02-22T17:51:34Z,Allez Nancy !!! ,3
2015-02-22T12:35:51Z,Quelle déf de merde du côté de Châteauroux !,2
2015-02-22T09:22:19Z,pourquoi on voit jamais ca a Nimes :'(,0
2015-02-22T08:51:43Z,J'espère que Nancy va remonter en ligue 1 ;),5
2015-02-22T00:48:37Z,Nancy a largement sa place en Ligue 1,8
2015-02-22T00:17:42Z,"Dalé félicitations pour tes 3 Passes Décisives, certainement un des meilleurs joueurs de la tête cette année.",3
2015-02-22T00:16:30Z,Youssouf is the Man,3
2015-02-22T00:00:35Z,Une boucherie x),1
2015-02-21T23:42:37Z,"Allez cette fois c'est la bonne ! Chateauroux en National, ça leur fera pas de mal.",8
2015-01-25T16:56:00Z,"On se fait voler aussi ici c'est quoi ça ! Quintin il a un traumatisme cranien et l'autre assassin a rien en carton c'est grave quand même ! faut faire quoi pour mettre un carton enlever une jambe !?
Depuis le début de saison les arbitres nous font de la merde a cause de notre repêchage a cause de cette putain d'affaire de Luzenac. Tous clubs aurait pu être repêchés mais voilà c'est Châteauroux équipe de Denisot donc voilà pourquoi on mérite ça??
football français vous me faites pitié...",1
2015-04-12T00:00:53Z,Aux pâquerettes Châteauroux et sa défense : Jamais vu '-',0
2015-04-05T08:05:20Z,"Au revoir la L2, bonjour la national pour Châteauroux !!!!",1
2014-11-12T09:18:14Z,#Ligue2 - J14 - Revivez les résumés des matches de la 14ème journée de Ligue 2 grâce à notre chaîne officielle YouTube !,2
2014-11-10T16:46:04Z,il est ou le but de chateroux MDR ,0
2014-11-09T21:56:19Z,ca fait plusieurs buts qu'il zappent depuis le début de saison c'est du n'importe quoi cette année...,0
2014-11-09T13:04:45Z,"MDR, le cadreur est une merde et en plus on voit pas le but de Châteauroux XD
Laval méritait largement de gagner les 3 pts sur ce match.",1
2014-11-09T08:37:31Z,On peut apprécier le superbe but de Châteauroux merci,0
2014-11-09T08:19:30Z,le but de Châteauroux?,1
2014-11-09T00:36:11Z,Mais il manque 1 but là ?,0
2015-03-24T15:16:37Z,"#Ligue2 - Classement des buteurs - « KTE », un Lionceau menaçant !
Après son doublé de la 29e journée, Karl Toko Ekambi (FC Sochaux-Montbéliard) revient dans la course au podium et au titre de meilleur buteur de Ligue 2 - http://www.lfp.fr/ligue2/article/kte-un-lionceau-menacant.htm",4
2015-03-22T10:29:49Z,Allez Sochaux !!!! Magnifique le 3ème but ! 😀,6
2015-03-22T10:29:10Z,"Quel but de Berenger, le plus beau but de ligue 2 de cette saison!",2
2015-03-22T08:56:39Z,Allez sochaux,4
2015-05-10T00:58:53Z,Bye bye ligue 1 ,1
