publish_date,title,view_count
2014-08-02T22:00:02Z,Châteauroux - ESTAC Troyes (0-1)  - Résumé - (LBC - ESTAC) / 2014-15,8140
2015-01-31T22:59:59Z,Châteauroux - Angers SCO (0-1)  - Résumé - (LBC - SCO) / 2014-15,3657
2015-03-10T11:00:00Z,Stade Brestois 29 - Châteauroux (3-0)  - Résumé - (SB29 - LBC) / 2014-15,5085
2015-01-24T23:00:02Z,Clermont Foot - Châteauroux (3-3)  - Résumé - (CF63 - LBC) / 2014-15,24378
2015-01-25T10:30:04Z,Top buts 21ème journée - Ligue 2 / 2014-15,1874
2015-02-14T23:00:00Z,Châteauroux - AC Ajaccio (0-0)  - Résumé - (LBC - ACAJ) / 2014-15,1021
2015-05-16T22:00:00Z,Châteauroux - Havre AC (0-0)  - Résumé - (LBC - HAC) / 2014-15,1271
2014-12-20T23:00:04Z,Châteauroux - Dijon FCO (1-1)  - Résumé - (LBC - DFCO) / 2014-15,2507
2014-08-16T22:00:02Z,Châteauroux - Clermont Foot (3-2)  - Résumé - (LBC - CF63) / 2014-15,7888
2015-05-02T22:00:00Z,Châteauroux - Valenciennes FC (3-0)  - Résumé - (LBC - VAFC) / 2014-15,4677
2015-02-28T23:00:00Z,Châteauroux - Nîmes Olympique (2-1)  - Résumé - (LBC - NIMES) / 2014-15,3412
2015-04-25T22:00:00Z,Châteauroux - AJ Auxerre (2-1)  - Résumé - (LBC - AJA) / 2014-15,3986
2014-08-09T22:00:01Z,US Créteil-Lusitanos - Châteauroux (3-0)  - Résumé - (USCL - LBC) / 2014-15,9923
2014-11-29T23:00:06Z,Châteauroux - Chamois Niortais (0-1)  - Résumé - (LBC - NIORT) / 2014-15,2025
2015-01-17T23:00:05Z,Châteauroux - US Créteil-Lusitanos (2-2)  - Résumé - (LBC - USCL) / 2014-15,2517
2015-01-10T23:00:08Z,Havre AC - Châteauroux (1-1)  - Résumé - (HAC - LBC) / 2014-15,2130
2015-03-14T23:00:00Z,Châteauroux - AC Arles Avignon (1-2)  - Résumé - (LBC - ACA) / 2014-15,3094
2015-04-29T17:55:55Z,Chamois Niortais - Châteauroux (3-0)  - Résumé - (NIORT - LBC) / 2014-15,1797
2014-10-25T22:00:07Z,Châteauroux - Tours FC (2-1)  - Résumé - (LBC - TOURS) / 2014-15,4951
2014-12-13T23:00:00Z,Valenciennes FC - Châteauroux (1-0)  - Résumé - (VAFC - LBC) / 2014-15,4632
2014-11-22T23:00:05Z,AJ Auxerre - Châteauroux (3-1)  - Résumé - (AJA - LBC) / 2014-15,5541
2015-04-18T21:59:59Z,Stade Lavallois - Châteauroux (1-0)  - Résumé - (LAVAL - LBC) / 2014-15,2277
2015-02-21T22:59:59Z,AS Nancy-Lorraine - Châteauroux (6-0)  - Résumé - (ASNL - LBC) / 2014-15,30198
2015-01-24T21:51:38Z,Conférence de presse Clermont Foot - Châteauroux (3-3) - 2014/2015,822
2015-04-11T22:00:00Z,Châteauroux - GFC Ajaccio (0-2)  - Résumé - (LBC - GFCA) / 2014-15,2144
2015-04-04T22:00:00Z,Tours FC - Châteauroux (1-0)  - Résumé - (TOURS - LBC) / 2014-15,3107
2014-11-08T23:00:07Z,Châteauroux - Stade Lavallois (1-1)  - Résumé - (LBC - LAVAL) / 2014-15,4782
2015-03-21T23:00:00Z,FC Sochaux-Montbéliard - Châteauroux (3-0)  - Résumé - (FCSM - LBC) / 2014-15,10992
2015-05-09T21:59:59Z,Dijon FCO - Châteauroux (0-1)  - Résumé - (DFCO - LBC) / 2014-15,3745
2015-05-24T00:48:01Z,Goals compilation : Week 38 / 2014-15,283
