publish_date,title,view_count
2015-02-14T23:00:00Z,Châteauroux - AC Ajaccio (0-0)  - Résumé - (LBC - ACAJ) / 2014-15,1021
2015-05-23T22:00:00Z,AC Ajaccio - AC Arles Avignon (2-1)  - Résumé - (ACAJ - ACA) / 2014-15,4884
2015-03-21T22:59:59Z,AC Ajaccio - Clermont Foot (1-2)  - Résumé - (ACAJ - CF63) / 2014-15,2774
2015-05-23T22:00:09Z,Top buts 38ème journée - Ligue 2 / 2014-15,6066
2015-05-09T21:59:59Z,AC Ajaccio - Stade Brestois 29 (2-1)  - Résumé - (ACAJ - SB29) / 2014-15,3832
2014-09-20T22:00:01Z,US Créteil-Lusitanos - Clermont Foot (2-2)  - Résumé - (USCL - CF63) / 2014-15,2568
2015-04-29T17:55:57Z,AC Ajaccio - US Orléans (2-3)  - Résumé - (ACAJ - USO) / 2014-15,5264
2014-09-13T22:00:02Z,Clermont Foot - Havre AC (1-0)  - Résumé - (CF63 - HAC) / 2014-15,4599
2015-02-28T22:59:59Z,Havre AC - AC Ajaccio (2-1)  - Résumé - (HAC - ACAJ) / 2014-15,4263
2014-09-30T10:00:03Z,Clermont Foot - ESTAC Troyes (1-0)  - Résumé - (CF63 - ESTAC) / 2014-15,3414
2015-05-16T21:59:59Z,Nîmes Olympique - AC Ajaccio (1-1)  - Résumé - (NIMES - ACAJ) / 2014-15,2685
2014-08-16T22:00:02Z,Châteauroux - Clermont Foot (3-2)  - Résumé - (LBC - CF63) / 2014-15,7888
2015-04-11T21:59:59Z,AC Ajaccio - Dijon FCO (1-0)  - Résumé - (ACAJ - DFCO) / 2014-15,2092
2015-04-04T21:59:59Z,Valenciennes FC - AC Ajaccio (1-1)  - Résumé - (VAFC - ACAJ) / 2014-15,3397
2015-03-07T23:00:01Z,AC Ajaccio - US Créteil-Lusitanos (0-1)  - Résumé - (ACAJ - USCL) / 2014-15,1711
2014-08-23T22:00:01Z,Clermont Foot - GFC Ajaccio (3-4)  - Résumé - (CF63 - GFCA) / 2014-15,10927
2015-04-29T17:56:17Z,Top buts 34ème journée - Ligue 2 / 2014-15,3916
2015-05-16T21:33:47Z,Top buts 37ème journée - Ligue 2 / 2014-15,3620
2015-03-14T23:00:00Z,Chamois Niortais - AC Ajaccio (1-0)  - Résumé - (NIORT - ACAJ) / 2014-15,1631
2015-03-01T10:30:01Z,Top buts 26ème journée - Ligue 2 / 2014-15,1721
2014-10-18T18:23:08Z,Clermont Foot - AC Ajaccio (1-1)  - Résumé - (CF63 - ACAJ) / 2014-15,1923
2015-04-18T21:59:59Z,ESTAC Troyes - AC Ajaccio (2-0)  - Résumé - (ESTAC - ACAJ) / 2014-15,3692
2015-05-09T21:55:31Z,Top buts 36ème journée - Ligue 2 / 2014-15,3010
2015-02-21T23:00:00Z,AC Ajaccio - AJ Auxerre (1-1)  - Résumé - (ACAJ - AJA) / 2014-15,3541
2014-11-29T23:00:03Z,FC Sochaux-Montbéliard - Clermont Foot (1-0)  - Résumé - (FCSM - CF63) / 2014-15,5949
2015-02-07T23:00:00Z,AC Ajaccio - Stade Lavallois (0-0)  - Résumé - (ACAJ - LAVAL) / 2014-15,783
2015-04-25T22:00:00Z,Angers SCO - AC Ajaccio (1-0)  - Résumé - (SCO - ACAJ) / 2014-15,4379
2014-10-04T19:06:11Z,Dijon FCO - Clermont Foot (1-0)  - Résumé - (DFCO - CF63) / 2014-15,3016
2015-05-23T17:02:52Z,Conférence de presse AC Ajaccio - AC Arles Avignon (2-1) - 2014/2015,184
2015-04-29T17:28:22Z,Conférence de presse AC Ajaccio - US Orléans (2-3) - 2014/2015,257
2015-02-28T18:17:34Z,Conférence de presse Havre AC - AC Ajaccio (2-1) - 2014/2015,155
2015-05-16T17:34:09Z,Conférence de presse Nîmes Olympique - AC Ajaccio (1-1) - 2014/2015,307
2015-05-09T17:27:52Z,Conférence de presse AC Ajaccio - Stade Brestois 29 (2-1) - 2014/2015,170
2015-07-14T07:24:33Z,Vilniaus „Žalgiris“ pasiekė Čempionų lyga alsuojančią Malmę,1053
