published-time,comment,likes
2015-02-18T15:48:17Z,"Un joli boucher, encore, ce Sainati !",0
2015-07-06T11:07:44Z,allez brest,0
2015-06-04T08:11:05Z,ya meme pas de creteil tours ya santamaria et aussi andriatsima,0
2015-06-01T21:36:28Z,Ce champs de patate le terrain de Clermont 😱,0
2015-05-27T13:11:07Z,"J38 - Revivez les plus beaux buts de la 38ème journée sur la chaîne officielle Youtube ‪#‎Ligue2‬ ! Et vous, lequel préférez-vous ? ",7
2015-05-24T08:29:50Z,Le but de videmont n y est pas c est bizzare,0
2015-05-10T12:11:18Z,"Problème de caméra pas d'éclairage, j'étais au match ",1
2015-05-10T11:05:36Z,Y aurai pas eu un petit probleme d eclairage??,0
2015-05-09T22:04:47Z,First,0
2014-09-21T06:56:22Z,Saadi tres tres bon,0
2015-04-30T17:01:28Z,le gazélec est en train de remplacer l'AC .,1
2015-04-29T23:55:16Z,font trop pitiés les supporters d'ajaccio,6
2015-04-29T20:02:33Z,Bravo a Orléans pour ce retournement de situation ,1
2015-04-29T19:15:31Z,je n y croyait pas :) je suis supportair d Orléans et je voyait deja le retour en national a la mi temps mais ces 3 buts mon rassurer :) aller USO faut rester en ligue 2 :),4
2014-09-14T07:15:40Z,"vener voire ma chaine ca parle de foot
(super bycyclette)",1
2015-03-03T13:49:27Z,"#Ligue2 - Classement des buteurs - Mickaël Le Bihan grignote ! 
La première place de Jonathan Kodjia (Angers SCO) ne tient qu’à un fil après la 13e réalisation de Mickaël Le Bihan (HAC) lors de la 26e journée de Ligue 2 - http://www.lfp.fr/ligue2/article/mickael-le-bihan-grignote.htm",2
2015-03-01T10:05:57Z,Guichets fermés,0
2014-09-30T10:09:41Z,#Ligue2 - Revivez les meilleurs moments de Clermont Foot - ESTAC Troyes (1-0) en vidéo.,2
2014-12-30T18:51:38Z,"Gregory Thil apres une superbe saison 2013-2014 à Dijon il en fera une a la berrichonne de Châteauroux
Allez Chateraux et bonne chance à: Nestor, Houtondji,Roudet",2
2014-08-23T05:20:30Z,"la region centre est a l'honneur en ligue 2 Chateauroux,Tours,Orléans",3
2014-08-20T11:30:44Z,"#Ligue2 - Classement des buteurs - Après un 3e but lors de la 3e journée, Idriss Saadi (Clermont Foot) figure en tête du classement officiel des buteurs de Ligue 2. http://bit.ly/1oNzN6t",4
2014-08-18T08:06:51Z,"Bravo la berri !!!
",0
2014-08-16T22:56:36Z,Encore un bon gardien sur ce match ...,0
2014-08-16T22:16:57Z,Allez Châteauroux !!!,6
2015-04-12T17:27:26Z,allez dijon,0
2015-04-08T12:46:40Z,"#Ligue2 - Classement des buteurs - Anthony Le Tallec porte le VAFC !
L’attaquant de Valenciennes FC a signé un 9e but lors de la 30e journée, ce qui lui permet de signer son meilleur total sur une même saison en Ligue 1-Ligue 2 confondues - http://www.lfp.fr/ligue2/article/anthony-le-tallec-porte-le-vafc.htm",1
2015-04-07T19:09:55Z,c'est vrai que valenciennes est un bon club qui aurait pu rester en ligue 1 l'an dernier car je trouve qu'il produise un bon jeu contrairement a d'autres équipes,0
2015-04-05T07:56:02Z,Valenciennes mérite la Ligue 1 avec un beau stade comme le Hainaut ( désolé si je l'ai mal écrit ),0
2015-03-14T16:23:37Z,bravo Créteil !,0
2015-03-08T20:35:55Z,Ta raison,0
2015-03-08T08:49:13Z,il y a déjà 1-0 sur le tableau d'affichage avant le seul but de la rencontre ?,2
2014-08-24T12:10:52Z,"C'est moi ou la bande son et l'image sont inversés sur les buts de Mayi ??
Pas mal du tout l'extérieur du pied sur le but de la victoire ! En tt cas, avec Clermont, y a du spectacle pour le moment !",0
2014-08-23T22:13:35Z,"On mène encore au score (2 fois) et on est pas foutu de tenir la victoire ! Avec une fois de plus un gardien en pleine forme (ironie) faudrait que les gars pensent à jouer comme les équipes de L1 c'est à dire 11 en def quand ils mènent au score
",0
2015-05-02T12:01:57Z,Le but de Fontaine.,0
2015-04-29T19:42:29Z,Et le but de Slidja qui fait un rush de 60m ?,0
2015-03-01T22:06:14Z,jamais un but de sochaux :'(,0
2015-03-01T19:55:50Z,"Je préfère l'autre gardien de Nancy que que Nardi, celui ci fait trop de boulettes. 
Je comprends pas pourquoi Monaco l'a acheté. Nardi n arrivra jamais à pesé sur Subasic et Sketelenburg",0
2015-03-01T12:04:41Z,"Mdr le gardien sur  le 2eme but!
",0
2015-03-01T10:54:40Z,Le but d'Orléan... ÉNORME ! ! ! Mais les 2 autres bof,1
2015-03-01T10:40:23Z,Super,0
2014-12-21T23:36:19Z,Can't watch in the US :((,0
2014-10-19T08:37:33Z,"Oh pitain, je me suis vu en ramasseur de balle <3<3",0
2014-10-18T18:41:34Z,First,0
2015-04-20T06:52:47Z,#Ligue2 - J32 - Retrouvez tous les résumés des matchs du week-end sur la chaîne officielle YouTube !,7
2015-04-19T15:19:05Z,Allez court,2
2015-04-19T12:04:17Z,"L'un des plus beaux matchs de Troyes cette saison avec un jeu au sol magnifique, y a pas 5 équipes de L1 qui auraient manoeuvré Ajaccio de cette manière donc  franchement si elle garde ses éléments cette équipe peut vraiment faire quelque chose de beau l'année prochaine (surtout que les joueurs se connaissent bien).",2
2015-02-23T12:54:05Z,"Aller l Aja
",0
2015-01-11T21:00:23Z,Il faut que les sochaliens continu comme ça ,0
2014-12-22T12:46:56Z,Allez sochaux !!!!!!,0
2014-11-30T09:25:14Z,Ensemble pour remonter en ligu1 les lionceau,0
2014-11-30T08:23:40Z,Allez sochaux!,0
2015-02-09T12:55:20Z,"Logo du Havre pour le Stade Lavallois ? c'était si compliqué de vérifier ça avant de poster la vidéo ? ça ressemble à du travail bâcler, pas très sérieux... ",1
2015-02-08T12:37:03Z,0:05 Vous vous êtes trompés de logo pour Laval XD,1
2015-04-25T23:02:25Z,Tous derrière le SCO pour la monter ;),4
2015-04-25T22:32:23Z,Ça fait plais de voir équipe qui va monter en ligue 1,7
2014-10-05T21:15:25Z,On ne peut pas suivre la l2 en Pologne ? ,0
