publish_date,title,view_count
2014-08-22T18:27:37Z,assist saiss,182
2015-04-07T01:51:44Z,Romain Do Rogeiro Highlights 2014/2015,349
2014-09-07T17:44:15Z,Marouane manuel.Da Costa vs Qatar | International Friendly 2014,6212
2015-03-14T20:37:33Z,Darlington v Norwich Victoria: 60 Seconds Highlights,1107
2014-10-08T19:58:56Z,Manuel Da Costa vs GAZİANTEP SPOR 2014 [HD],6074
2014-12-15T01:46:46Z,Imad Najah: «Toutes mes prières à mes sœurs et frères victimes des inondations»,902
2015-05-18T00:04:08Z,Roman&#39;s Goal,68
2014-08-12T11:59:00Z,Nouha Dicko - Wolverhampton Wanderers,5662
2015-02-09T21:19:17Z,France vs USA - Échauffement,319
2015-01-13T14:24:51Z,Radamel Falcao ★ All Goals &amp; Assists ★ Manchester United ★ 2014/15,7306
2015-02-09T21:07:18Z,France vs USA - Échauffement côté américain,337
2015-02-09T14:37:49Z,Goal Nassim Boujellab,1833
2015-07-04T11:23:53Z,Eduard Campabadal,476
2015-02-28T12:12:47Z,America Vs Leones Negros U de G - Liga MX - Previa del Match,4987
