published-time,comment,likes
2014-09-01T23:06:42Z,Ce qui compte c pas d'avoir un beau stade c de bien joué au ballon et GFCA lob prouvé,1
2014-08-16T03:43:28Z,"faut savoir que c'est film du coter tribune , ils devrais filmer de l'autre coter mais techniquement c'est peut être plus compliquer",0
2014-08-05T17:03:19Z,"Les stades à Ajaccio sont magnifiques... ( Ironie, ils sont à chier )",3
2014-08-04T19:27:21Z,ptddddddddddr cest quoi ce stade,0
2014-08-03T13:46:13Z,Mais bon les supporters sont présents donc c'est le plus important,3
2014-08-03T13:45:41Z,Mdrr stade de PH ^^,0
2014-08-03T11:38:25Z,super le stade,2
2014-08-07T19:55:52Z,cette saison moi je suis pour sochaux,0
2014-08-04T20:14:17Z,"Comment peuvent ils mettre un top but alors que la 1ère journée n'est pas fini?
Brest-Clermont",0
2014-08-04T20:14:15Z,"Comment peuvent ils mettre un top but alors que la 1ère journée n'est pas fini?
Brest-Clermont",1
2014-08-04T16:04:47Z,Cyriaque!!!!,1
2014-08-03T23:06:00Z,RIVIEYRAN !!!!!!!!!!!!!!!,2
2014-08-03T08:55:57Z,Toifilou a l'ancienne avec des banderoles,0
2014-08-03T01:40:18Z,Maoulida et ses bandelettes haha ^^,1
2014-08-24T12:10:52Z,"C'est moi ou la bande son et l'image sont inversés sur les buts de Mayi ??
Pas mal du tout l'extérieur du pied sur le but de la victoire ! En tt cas, avec Clermont, y a du spectacle pour le moment !",0
2014-08-23T22:13:35Z,"On mène encore au score (2 fois) et on est pas foutu de tenir la victoire ! Avec une fois de plus un gardien en pleine forme (ironie) faudrait que les gars pensent à jouer comme les équipes de L1 c'est à dire 11 en def quand ils mènent au score
",0
2015-02-16T15:36:53Z,Ils sont promu le gazelec non ?,0
2015-02-15T10:34:48Z,Il a quoi le gardien angevin ? Blessure aux neurones ?,1
2015-03-01T09:11:28Z,Magnifique but !,1
2015-05-03T00:03:43Z,la grosse faute de maury sur puygrenier --' mais bon Auxerre n'est pas vraiment apprecier des arbitres a ce que je constate,2
2015-04-30T08:21:31Z,Allez tours fc,1
2014-10-03T18:14:24Z,Angers...<3,1
2014-09-15T17:25:19Z,ALLEZ LE SCO <3 !,1
2014-09-14T07:06:17Z,Le sco l'année prochaine direction ligue 1,4
2014-09-13T22:32:25Z,Vive le sco,5
2014-11-12T15:58:32Z,"#Ligue2 - Classement des buteurs - Auteur de son premier doublé en Ligue 2, Karl Toko Ekambi (FCSM, 12e) frappe à la porte du Top 10 du classement officiel des buteurs après la 14e journée - http://urlz.fr/UxU",4
2014-11-09T21:59:27Z,ca se corse pour la montée ^^,2
2014-11-09T21:53:54Z,Y a péno normalement! 2:30,0
2014-11-09T15:10:30Z,"Jamais de la vie, il y a penalty. Mais bon maintenant c'est fait.",0
2014-11-09T09:51:28Z,Pour moi il y a penalty le joueur fait la faute dans la surface ,0
2015-05-10T07:00:06Z,LFP ...,0
2015-02-12T21:56:17Z,"C'est un fake le commentateur...?!? Faut préparer un minimum... ""L'ESTAC pour la montée en Division 1""= il a hiberné? ""Transversale sur le penalty de Nivet""= Ah bon? ""2ème carton jaune pour Jean""= non rouge direct... enfin bref parfois vaut mieux être sourd!!!",0
2015-02-09T08:19:01Z,#Ligue2 - J23 - Retrouvez les résumés des matchs du week-end sur la chaîne officielle Youtube !,1
2015-02-08T19:08:22Z,Magnifique fail à 1:45 ;),0
2015-02-08T01:53:21Z,"Écoutez les chants a la fin adressés à M.Kalt amplement mérités au vu de son incompétence, il a même interrompu pour que les insultes cessent mais plus il faisait ça plus le public troyen faisait le contraire ",2
2014-12-29T17:28:01Z,"Super but de LARBI 
2 cartons rouges pour Laval plus une defaite 
Vive le gazelec  cette equipe de monter en ligue 1
",0
2014-11-24T20:06:15Z,mdr c'est quoi ce stade,0
2014-11-23T10:08:38Z,encore un arbitrage francais catastrophique va falloir changer ça,0
2014-11-23T09:10:59Z,c'est pour quoi le 2e rouge ?,0
2014-11-23T09:05:42Z,Et pour répondre à un commentaire précédent c'est vrai que c'était un arbitrage de merde.,0
2014-11-23T09:04:37Z,"Je suis supporter du Gazelec et j'étais au match, c'est vrai il n'y a pas penalty mais le rouge est mérite dernier défenseur. ",0
2014-11-22T23:42:05Z,Une honte ce match ! 1 rouge corrompu + pénalty qui ne devrait pas être ! Bref Arbitre de merde,0
2014-11-22T23:26:41Z,"Même le commentateur le dit. Il utilise le mot sévère pour ne pas dire corrompue. Les arbitres n'aiment définitivement pas Laval , je demande à Mr Thiriez d'allez inspecter lui même les vestiaires des arbitres à la recherche de potentiel pot de vins (en bouteille ou non allez savoir) car quand on voit ça franchement quel honte pour le sport Français. On remerciera également l'ajaccien qui se laisse glisser à l'extérieur de la surface m'enfin bon , quand on regarde le match en entier on est plus à une erreur arbitral près. Bienvenue en Corse.",1
2014-11-22T23:08:31Z,"Sérieusement, y'a pas carton rouge XD
Au pire y'a jaune mais même le jaune aurait été de trop...",0
2014-11-03T14:50:44Z,c quoi ce stade mdr,0
2015-03-15T18:00:46Z,Nancy <3,0
2014-12-02T15:35:05Z,"#Ligue2 - Classement des buteurs - Classé dans le Top 5 des buteurs de Ligue 2 avec 7 buts après la 16e journée, Youssef Adnane a relancé le Tours FC après 8 journées infructueuses - http://minilien.fr/a0nds8",1
2014-09-04T09:28:53Z,Avec cette arbitre de merde le GFCA n'avait aucune chance,1
2014-09-01T20:33:15Z,allez l'estac !!!!!!!!!!!!!!!!!!!!,2
2014-08-31T09:01:24Z,Troyes vers une saison historique en ligue 2 bravo à ce club,6
2014-08-30T23:58:49Z,Allez l'ESTAC !!,6
