publish_date,title,view_count
2014-08-02T22:00:02Z,GFC Ajaccio - Valenciennes FC (2-0)  - Résumé - (GFCA - VAFC) / 2014-15,16234
2014-08-02T22:08:19Z,Top buts 1ère journée - Ligue 2 / 2014-15,8604
2014-08-23T22:00:01Z,Clermont Foot - GFC Ajaccio (3-4)  - Résumé - (CF63 - GFCA) / 2014-15,10927
2015-02-14T23:00:00Z,GFC Ajaccio - Angers SCO (1-0)  - Résumé - (GFCA - SCO) / 2014-15,4834
2015-02-28T23:00:00Z,GFC Ajaccio - US Orléans (3-2)  - Résumé - (GFCA - USO) / 2014-15,5484
2014-12-13T23:00:04Z,GFC Ajaccio - AJ Auxerre (1-1)  - Résumé - (GFCA - AJA) / 2014-15,2954
2015-05-02T22:00:00Z,AJ Auxerre - GFC Ajaccio (0-0)  - Résumé - (AJA - GFCA) / 2014-15,2562
2015-04-29T17:56:15Z,GFC Ajaccio - Tours FC (1-1)  - Résumé - (GFCA - TOURS) / 2014-15,3166
2014-09-13T22:00:01Z,Angers SCO - GFC Ajaccio (2-0)  - Résumé - (SCO - GFCA) / 2014-15,7529
2014-11-08T23:00:06Z,FC Sochaux-Montbéliard - GFC Ajaccio (2-1)  - Résumé - (FCSM - GFCA) / 2014-15,6736
2015-05-09T21:59:59Z,US Créteil-Lusitanos - GFC Ajaccio (1-1)  - Résumé - (USCL - GFCA) / 2014-15,3474
2015-02-07T23:00:00Z,ESTAC Troyes - GFC Ajaccio (1-1)  - Résumé - (ESTAC - GFCA) / 2014-15,4115
2014-11-22T23:00:04Z,GFC Ajaccio - Stade Lavallois (1-0)  - Résumé - (GFCA - LAVAL) / 2014-15,2898
2015-03-21T22:59:59Z,AC Arles Avignon - GFC Ajaccio (0-0)  - Résumé - (ACA - GFCA) / 2014-15,1323
2014-11-01T23:00:04Z,GFC Ajaccio - Châteauroux (1-0)  - Résumé - (GFCA - LBC) / 2014-15,2204
2015-03-14T22:59:59Z,GFC Ajaccio - AS Nancy-Lorraine (1-0)  - Résumé - (GFCA - ASNL) / 2014-15,2946
2014-11-29T23:00:04Z,Tours FC - GFC Ajaccio (2-1)  - Résumé - (TOURS - GFCA) / 2014-15,3857
2014-08-30T22:00:02Z,GFC Ajaccio - ESTAC Troyes (0-4)  - Résumé - (GFCA - ESTAC) / 2014-15,9021
2015-02-21T23:00:02Z,Dijon FCO - GFC Ajaccio (1-1)  - Résumé - (DFCO - GFCA) / 2014-15,2228
2014-08-02T18:57:49Z,Conférence de presse GFC Ajaccio - Valenciennes FC (2-0) - 2014/2015,1162
