published-time,comment,likes
2015-05-25T19:39:58Z,La chicha :o,4
2015-02-27T13:11:40Z,mint,1
2015-01-03T21:05:16Z,il habite a cap d'ail ?,1
2014-10-27T09:39:52Z,Aime si ta vu la chicha derriere Yannick a 0:45 ,14
2014-10-25T20:45:54Z,cest quoi la musique?,1
2015-07-15T09:28:55Z,"Aver , carrasco habla español porque su madre es española, de cordoba , de hay su acento andaluz , jajjaja que no os enterais!!!",5
2015-07-14T18:25:39Z,"¿Porque sabe hablar español?
Yannick vamos arriba loco todo lo mejor para vos seguro lo vas a hacer bien",0
2015-07-14T13:26:06Z,lleva unos dias y ya sabe hablar mejor que arda en 5 años,11
2015-07-14T12:54:46Z,"Nos vendrá de lujo para volver a recuperar ese contraataque tan potente que teníamos, gente muy veloz con carrasco, vietto, griezmann",0
2015-07-14T11:48:55Z,"Es raro como habla el español jajaja pero ya mejorará :)
Podriais hacer las entrevistas un poco mas largas? Gracias por ficharlo, yo lo vi en la Champions y es muy capaz de hacerte un partido.

BIENVENIDO CARRASCO",3
2015-07-14T11:18:32Z,Aúpa Atléti !!!,0
2015-07-14T10:31:07Z,"Yannick Carrasco, un jugador que mucha gente desconoce, es una de las revelaciones de la liga francesa, es rapido y tiene muy buen regate y control de balon, solo tiene 21 años y si se aprovecha este estupendo jugador puede ser de los mejores jugadores en un futuro en el atleti, yo le vi unos partidos de la liga francesa del Monaco y me gustaba este jugador y su lateral izquierdo Layvin Kurzawa que me parece un gran lateral. Espero que deje muchas alegrías Carrasco y sea un crack y que no nos recuerde como el sustituto de Arda, ya que el mismo lo dijo que el no viene a sustituir a nadie. AUPA ATLETI",5
2015-07-14T10:11:04Z,"Ayer, tras su presentación, hablamos con Yannick sobre su llegada al Atlético. El belga se atrevió con el castellano. ¡Crack! ;)
Aquí tenéis la entrevista. #BienvenidoCarrasco.
-
Yesterday, after the presentation, we talked with Yannick about his arrival to
Atlético. Here is the interview. #WelcomeCarrasco.

#Football #Fútbol #Soccer #Carrasco #Fichaje #Atleti #Atlético #AtléticoMadrid #AtléticoDeMadrid #AúpaAtleti #GoAtleti #YFC",88
2015-04-02T19:08:42Z,Bravo Boseeeeee!!!!-.-,1
2015-04-02T12:39:51Z,"Grande come sempre Bos! ;)
 Io ci ho dato un taglio sui video di calcio purtroppo. In bocca al lupo!!!",1
2015-03-29T07:23:06Z,Great bro! :),1
2015-03-28T19:37:16Z,"nicee video:) subbed, sub back?",1
2015-03-28T13:20:50Z,Speriamo che un'italiana si accorga di questo fenomeno :),1
2015-03-27T22:29:19Z,"Hello good video, and I subscribed channel you, Subscribe to my brother :D﻿",1
2015-03-27T14:41:07Z,e pensare che a giugno lo davano per fatto alla roma,1
2015-03-27T14:18:02Z,great work bro :D,1
2015-03-26T22:04:52Z,Very good bro!! ;),0
2015-01-06T21:28:59Z,აუ რა უქნა ჩემი,3
2015-01-06T11:50:25Z,encor un bon joueur pour la Belgique,1
2014-12-28T17:40:26Z,zidane the only player than can do a double roulette ,6
2014-12-20T16:32:37Z,Magnifique,1
2014-12-15T14:16:31Z,Woooo 👏👏👏👏👏👏👏,0
2014-12-05T18:38:55Z,Dommage que ça n'aille pas au bout ^^',4
2015-07-20T13:55:54Z,Great vid bro! ;),1
2015-07-16T15:55:34Z,Great job man! :),1
2015-07-15T16:33:33Z,So amazing!,1
2015-07-14T18:15:35Z,Fantastic Video!Perfect Work!,1
2015-07-14T16:56:27Z,Great job bro! :),1
2014-12-05T01:11:50Z,hey!,0
2015-07-23T23:04:18Z,Nice work. sub me back.,0
2015-07-16T13:33:31Z,"Buon video, bravo!",0
2015-07-16T11:27:24Z,Great video :),0
2015-07-15T23:12:05Z,Good job!,0
2015-07-15T21:16:41Z,Great work!,0
2015-07-15T19:07:58Z,"Bel video Bro, è ufficiale? :D",0
2014-12-26T03:27:56Z,Toujours bien placé le Carrasco,1
2015-02-24T01:29:22Z,Very talented player....!,2
2015-02-23T18:57:02Z,Une belle danseuse.,1
2015-02-23T16:41:36Z,The Best,1
2015-02-23T16:16:13Z,La roulette de ouf,1
2015-02-23T15:50:43Z,"Enorme, dommage qu'il en fait toujours trop a chaque fois et du coup ses 'shows' mène souvent a rien",1
2015-02-23T15:02:27Z,Très gros talent chez ce joueur. On l'attend à Arsenal et contre Paris.,1
2015-06-15T07:47:33Z,Passe de R. Carvalho !,1
2015-07-13T14:46:47Z,Nice!,0
2015-07-11T08:02:28Z,"Great video! Subscribed, sub back? We support eachother!",0
2015-07-04T15:27:46Z,nice bro !,0
2014-10-31T02:42:34Z,leaugue française est de la merde la leaugue anglais est beaucoup mieux de venir sur Liverpool,0
2014-12-22T21:56:20Z,the last two were awesome,1
2014-11-22T20:27:47Z,jolie skill,0
2014-11-21T02:32:32Z,Some guy in the background shouted fuck off fuck off lol,0
2014-11-18T17:54:19Z,I'm the first liker,0
2014-11-18T17:53:39Z,venter voir ma chaine,0
2015-07-01T06:05:45Z,"S'il ni aurait pas marseille dans la ligue 1 quesque ça serait la ligue 1^^
",0
2014-10-28T15:28:47Z,NISSA,1
2014-10-27T21:09:07Z,Quel est le nom de la music?,1
2014-10-27T16:44:11Z,#Ligue1 - Revivez tous les buts de la 11e journée en vidéo sur la chaîne officielle Youtube !,10
2014-10-27T13:46:49Z,"Issa nissa 2-7 a Guingamp !!
",4
2014-10-27T12:15:32Z,Allez Nantes !!!,1
2014-10-27T10:45:49Z,ISSA NISSA ,5
2014-10-27T00:55:22Z,La ligue 1 se réveille niveau gestes techniques.. Enfin !,1
2014-11-04T23:37:41Z,zlatané Monaco,0
2015-02-25T22:56:42Z,,0
2014-12-30T21:19:26Z,OL are on fire at the moment!,0
2014-12-19T20:15:40Z,Wass<3<3<3<3<3<3<3<3<3<3<3<3<3<3,0
2014-12-19T19:43:21Z,"Magnifique buts
surtout de ETG
Avec Clark N'sikulu
et DANIEL WASS<3<3<3<3<3<3<3",0
2014-12-07T10:30:13Z,Nul wass,0
2014-12-06T18:50:03Z,"Daniel Wass est vraiment incroyable !
Le sauveur de l'ETG .
La saison prochaine soit Évian le garde ‚ soit il part dans un grand club.
ALV ! ",0
2014-12-06T12:44:59Z,Carrasco quelle merveille !,0
2014-12-06T10:57:30Z,il manque 1 but en reprise de volé de guingamp,0
2014-12-06T08:24:22Z,Wass encore une fois superbe !!!! ETG !!!! ,0
2014-12-05T21:24:18Z,Pas mal !! ,0
2014-12-05T17:51:07Z,Wass !!!,0
2014-12-05T16:00:50Z,beaux buts pour une fois :o,0
2014-12-05T10:46:02Z,une merveille,0
2014-12-05T07:10:06Z,These highlight-videos deserve so much more views,6
2014-12-05T04:44:05Z,"lol at 0:22 that's Jordan Ayew, not Andre...",2
2015-04-27T16:39:14Z,"Same great goals here, my vote for the best goes to Cavani's. 
To start with, he had to go back to retrieve a less than perfect pass by Pastore, then his definition oozed class. 
Beauvue's was a wonder-goal, but he clearly just wanted to cross it into the box. Besides, both Beauvue and Ayew enjoyed the (unintentional) collaboration of the goalkeepers, whilst Cavani simply gave Enyeama no chance.",0
2015-04-27T00:07:21Z,Zlatan's reaction when Cavani scored :D,4
2015-04-26T23:56:56Z,The keepers are so bad,1
2015-04-26T23:42:50Z,CAVANI !!,1
2015-06-04T20:00:53Z,,0
2015-06-04T20:00:41Z,Je suis en train de faire tourner la page d'accueil tu as besoin de vous y trouverez ,0
2014-12-05T11:02:05Z,"So many scandinavians! Wass, Braithwaite and Konradsen",1
2014-12-05T10:36:38Z,Lacazett?  ,0
2015-04-27T03:34:18Z,today's video proves that PSG=Pastore,1
