publish_date,title,view_count
2014-10-25T20:12:08Z,&quot;Welcome&quot; chez Yannick Ferreira Carrasco,58162
2015-07-14T09:46:10Z,#BIENVENIDOCARRASCO | Entrevista con Yannick Carrasco | Interview with Yannick Carrasco,43019
2015-07-24T12:41:19Z,Yannick Ferreira Carrasco ● Skill Show ● Skills &amp; Goals ||HD||,11669
2015-03-26T21:39:50Z,Yannick Ferreira Carrasco || Skills &amp; Goals 2014-15 || [HD],7067
2014-12-05T17:01:54Z,Football SKILLS - Magique double roulette de Ferreira Carrasco !!,134440
2014-12-04T23:00:08Z,Goal Yannick FERREIRA CARRASCO (90&#39; +3) / AS Monaco - RC Lens (2-0) - (MON - RCL) / 2014-15,644
2014-12-15T14:49:40Z,Double Zidane of Yannick Ferreira-Carrasco,6594
2014-12-15T18:07:57Z,Ferreira Carrasco Double Zizou Move !!,100
2014-12-21T23:00:05Z,Goal Yannick FERREIRA CARRASCO (79&#39;) / FC Metz - AS Monaco (0-1) - (FCM - MON) / 2014-15,466
2014-09-07T12:18:13Z,Yannick Ferreira-Carrasco ► Belgian Starlet - AS Monaco - Skills &amp; Goals -,760
2015-07-14T16:42:40Z,Yannick Ferreira Carrasco - Welcome to Atletico Madrid ● 2015 HD,3036
2014-12-04T23:00:08Z,But Yannick FERREIRA CARRASCO (90&#39; +3) / AS Monaco - RC Lens (2-0) -  (MON - RCL) / 2014-15,9030
2015-07-15T17:55:14Z,Yannick Ferreira Carrasco | Welcome to Atletico Madrid | HD 2015,777
2015-07-14T15:55:26Z,El primer &quot;¡Aúpa Atleti!&quot; de Yannick Carrasco,3473
2014-12-21T23:00:05Z,But Yannick FERREIRA CARRASCO (79&#39;) / FC Metz - AS Monaco (0-1) -  (FCM - MON) / 2014-15,3934
2015-07-12T10:13:02Z,Yannick Ferreira Carrasco ►The Belgian Magician | HD,2293
2015-04-26T22:00:00Z,Goal Yannick FERREIRA CARRASCO (36&#39;) / RC Lens - AS Monaco (0-3) - (RCL - MON) / 2014-15,366
2014-12-06T19:36:12Z,FOOTBALL VINE / Yannick Ferreira Carrasco / by JESTIOFF,1155
2014-10-19T16:39:24Z,Goal Yannick FERREIRA CARRASCO (70&#39;) / AS Monaco - Evian TG FC (2-0) - (MON - ETG) / 2014-15,1730
2015-02-23T11:20:20Z,"FOOTBALL SKILLS - Petit pont, roulette… Encore un show Ferreira Carrasco !!",24187
2015-05-02T19:32:07Z,Yannick Ferreira Carrasco Skills Assists and Goals,235
2015-05-23T23:57:09Z,Goal Yannick FERREIRA CARRASCO (20&#39;) / FC Lorient - AS Monaco (0-1) - (FCL - MON) / 2014-15,1254
2015-04-26T21:59:59Z,But Yannick FERREIRA CARRASCO (36&#39;) / RC Lens - AS Monaco (0-3) -  (RCL - MON) / 2014-15,1184
2014-12-18T06:00:05Z,But Y. FERREIRA CARRASCO (97&#39;) / Olympique Lyonnais - AS Monaco (1-1 a. p. 4-5) - 1/8 de finale,1903
2014-10-19T17:06:33Z,But Yannick FERREIRA CARRASCO (70&#39;) / AS Monaco - Evian TG FC (2-0) -  (MON - ETG) / 2014-15,3887
2015-06-29T18:19:04Z,Yannick Ferreira Carrasco -NOW- Magic Skills &amp; Goals 2015,159
2014-10-26T23:00:07Z,Goal Yannick FERREIRA CARRASCO (84&#39;) / SC Bastia - AS Monaco (1-3) - (SCB - MON) / 2014-15,507
2015-05-23T23:56:39Z,But Yannick FERREIRA CARRASCO (20&#39;) / FC Lorient - AS Monaco (0-1) -  (FCL - MON) / 2014-15,2378
2014-08-06T01:43:29Z,Yannick Ferreira Carrasco vs Arsenal | 2014-2015 | Pre-Season ||HD||,2832
2014-12-15T14:43:52Z,Ferreira Carrasco Fantastic Double Roulette Skills - Monaco vs Marseille  2014,702
2014-10-27T01:16:07Z,Bloopers : Week 11 / 2014-15,1859
2014-12-22T01:41:09Z,Bloopers : Week 19 / 2014-15,1091
2014-10-26T23:00:05Z,But Yannick FERREIRA CARRASCO (84&#39;) / SC Bastia - AS Monaco (1-3) -  (SCB - MON) / 2014-15,1451
2014-11-18T17:45:54Z,YFC en mode Madjer ! ▶ Skills ▶ AS Monaco,3757
2015-01-04T11:26:54Z,ferreira carrasco goals and skills,633
2015-01-18T23:00:07Z,AS Monaco - FC Nantes (1-0) - Highlights - (MON - FCN) / 2014-15,1818
2015-01-25T13:51:57Z,Monaco 2015 - Jusqu&#39;où iront-ils ?,169
2014-10-27T00:05:52Z,Tous les buts de la 11ème journée - Ligue 1 / 2014-15,22232
2014-11-04T23:32:19Z,Football / Ligue des Champions / Raggi : &quot;Une défaite qui fait mal&quot; - 04/11,158
2015-02-25T21:38:46Z,هدف كاراسكو الثالث في الارسنال,9638
2014-12-22T00:31:51Z,Goals compilation : Week 19 / 2014-15,774
2014-12-04T23:00:08Z,Top buts 16ème journée - Ligue 1 / 2014-15,13600
2014-12-05T00:31:42Z,Highlights : Week 16 / 2014-2015,3777
2014-10-27T00:07:23Z,Goals compilation : Week 11 / 2014-15,643
2015-04-26T22:39:44Z,Top goals : Week 34 / 2014-15,3391
2014-10-26T23:00:07Z,Goal Christopher MABOULOU (22&#39;) / SC Bastia - AS Monaco (1-3) - (SCB - MON) / 2014-15,514
2014-10-26T23:00:06Z,Goal Valère GERMAIN (5&#39;) / SC Bastia - AS Monaco (1-3) - (SCB - MON) / 2014-15,255
2014-12-05T00:27:05Z,Top goals : Week 16 / 2014-15,1391
2014-11-23T23:00:03Z,AS Monaco - SM Caen (2-2) - Highlights - (MON - SMC) / 2014-15,2929
2015-04-27T00:20:41Z,Highlights : Week 34 / 2014-2015,3317
