published-time,comment,likes
2015-06-01T14:57:00Z,Best of the best😍,1
2014-09-29T19:59:53Z,First,0
2015-02-28T22:22:29Z,Der Link funktioniert nicht:(,0
2015-05-15T00:04:57Z,Future LFC Captain.,0
2015-05-07T09:38:32Z,Naja in dem Video sind jetzt nicht unbedingt seine Ruhmreichsten Momente gezeigt,0
2015-05-07T09:37:26Z,welcom to Hertha,0
2015-05-02T18:02:47Z,Jeg synes Ajer er den beste i Tippeligaen akkurat nå heia start:-),1
2015-04-28T18:25:15Z,"Kommer til å ha en god, lang karriære i tippeligaen. Ønsker han alt vel, men skjønner ikke helt hypen.",0
