publish_date,title,view_count
2014-10-13T10:07:53Z,SC II holt Punkt in Elversberg,619
2015-06-01T14:51:43Z,CHRIS MAXWELL SAVES: A few from the 2014/15 season,3976
2015-02-24T16:21:49Z,Coming Up: Jonathan Schmid | Kick off!,473
2014-09-28T22:00:02Z,But Wissam BEN YEDDER (8&#39;) / Toulouse FC - Paris Saint-Germain (1-1) -  (TFC - PSG) / 2014-15,4338
2015-02-23T16:24:34Z,Und jetzt... Jonathan Schmid | Kick off!,6039
2015-05-10T22:00:00Z,Goal Oscar TREJO (81&#39;) / Toulouse FC - LOSC Lille (3-2) - (TFC - LOSC) / 2014-15,116
2014-11-30T23:00:07Z,But Aleksandar PESIC (70&#39;) / Toulouse FC - FC Lorient (2-3) -  (TFC - FCL) / 2014-15,690
2015-05-03T21:39:16Z,Kristoffer Ajer vs Rosenborg Away - Individual Highlights | 30/4-2015,1819
2015-04-26T19:10:30Z,Kristoffer Ajer vs Vålerenga Home - Individual Highlights | 24/4-2015,4557
2015-02-27T13:40:22Z,Y ahora: Jonathan Schmid | Todo gol,180
2015-05-10T22:00:00Z,But Martin BRAITHWAITE (83&#39;) / Toulouse FC - LOSC Lille (3-2) -  (TFC - LOSC) / 2014-15,2856
2015-05-10T22:00:00Z,But Diego ROLAN (69&#39;) / Girondins de Bordeaux - FC Nantes (2-1) -  (GdB - FCN) / 2014-15,2141
2015-04-26T21:59:59Z,But Jérémy MOREL (67&#39;) / Olympique de Marseille - FC Lorient (3-5) -  (OM - FCL) / 2014-15,6741
2015-06-25T23:52:44Z,Max Gradel | AS St-Etienne | 2014-2015 Goals and Assists | Player Review,156
2014-09-29T09:00:33Z,Mike Frantz im Interview,510
2014-09-07T13:06:06Z,L&#39;analyse du derby vu par Jonathan Schmid,2155
