publish_date,title,view_count
2015-07-07T13:07:35Z,Fabien Boyer:&quot;De kennismaking met de groep is vlot verlopen.&quot;,3066
2014-12-20T23:00:04Z,Châteauroux - Dijon FCO (1-1)  - Résumé - (LBC - DFCO) / 2014-15,2507
2014-08-02T22:00:02Z,Châteauroux - ESTAC Troyes (0-1)  - Résumé - (LBC - ESTAC) / 2014-15,8140
2015-01-24T23:00:02Z,Clermont Foot - Châteauroux (3-3)  - Résumé - (CF63 - LBC) / 2014-15,24378
2014-08-09T22:00:01Z,US Créteil-Lusitanos - Châteauroux (3-0)  - Résumé - (USCL - LBC) / 2014-15,9923
2015-01-31T22:59:59Z,Châteauroux - Angers SCO (0-1)  - Résumé - (LBC - SCO) / 2014-15,3657
2015-03-10T11:00:00Z,Stade Brestois 29 - Châteauroux (3-0)  - Résumé - (SB29 - LBC) / 2014-15,5085
2015-01-17T23:00:05Z,Châteauroux - US Créteil-Lusitanos (2-2)  - Résumé - (LBC - USCL) / 2014-15,2517
2014-10-18T18:19:40Z,Châteauroux - FC Sochaux-Montbéliard (1-4)  - Résumé - (LBC - FCSM) / 2014-15,10131
2015-03-14T23:00:00Z,Châteauroux - AC Arles Avignon (1-2)  - Résumé - (LBC - ACA) / 2014-15,3094
2015-01-25T10:30:04Z,Top buts 21ème journée - Ligue 2 / 2014-15,1874
2014-12-13T23:00:00Z,Valenciennes FC - Châteauroux (1-0)  - Résumé - (VAFC - LBC) / 2014-15,4632
2014-09-27T22:00:01Z,Châteauroux - Stade Brestois 29 (1-1)  - Résumé - (LBC - SB29) / 2014-15,2471
2014-08-23T22:00:02Z,Angers SCO - Châteauroux (1-1)  - Résumé - (SCO - LBC) / 2014-15,4866
2015-01-10T23:00:08Z,Havre AC - Châteauroux (1-1)  - Résumé - (HAC - LBC) / 2014-15,2130
2014-09-24T22:00:04Z,Nîmes Olympique - Châteauroux (1-0)  - Résumé - (NIMES - LBC) / 2014-15,3537
2015-05-20T12:21:03Z,Claudio (highlights),3026
2014-10-04T19:03:06Z,AC Arles Avignon - Châteauroux (0-1)  - Résumé - (ACA - LBC) / 2014-15,2871
2015-03-21T23:00:00Z,FC Sochaux-Montbéliard - Châteauroux (3-0)  - Résumé - (FCSM - LBC) / 2014-15,10992
2015-02-07T23:00:02Z,US Orléans - Châteauroux (1-0)  - Résumé - (USO - LBC) / 2014-15,2592
2014-11-01T23:00:04Z,GFC Ajaccio - Châteauroux (1-0)  - Résumé - (GFCA - LBC) / 2014-15,2204
2015-01-24T21:51:38Z,Conférence de presse Clermont Foot - Châteauroux (3-3) - 2014/2015,822
2015-07-10T06:26:43Z,Ploegfoto,1134
2015-06-21T14:38:57Z,Fans massaal op post voor open training,2251
2015-07-07T09:52:15Z,Aboubakar Kamara: &quot;Deze club heeft een mooi project.&quot;,4688
2014-10-16T17:10:05Z,TOTALEMENT FOOT 2ème semestre 2014 [S.2] [E.9] - Totalement Foot du 16 octobre 2014,34
2014-09-04T17:27:07Z,TOTALEMENT FOOT 2ème semestre 2014 [S.2] [E.3] - Totalement Foot du 04/09/2014 : Charles Diers,12
