publish_date,title,view_count
2015-02-11T16:32:46Z,Kayserispor Beşiktaş 1 - 0 Maçın Geniş Özeti (11 Şubat 2015),1522
2015-03-22T22:08:37Z,Gebzesporumuz-Leventspor Gol anı (Kaan Demircan),1472
2014-08-26T13:20:01Z,Maçın Golü - Kürşat TUNCER / BURSA / iddaa Rakipbul Ligi 2014 Kapanış Sezonu,348
2014-09-03T19:15:12Z,Gebzespor=1 Kocaeli birlikspor= 1 Ms. Gol Kaan demırcan,3507
2014-12-13T10:00:13Z,Acısıngılahbah - Slash Maçın Özeti/ İZMİR / iddaa Rakipbul Ligi 2014 Kapanış Sezonu,113
2015-03-10T18:02:58Z,bire bir - Ferhat Kiraz,1072
2015-01-18T12:27:44Z,Cengizhan City- Pizza Pizza Evka 4 / İzmir / iddaa Rakipbul Ligi 2015 Açılış Sezonu,540
