published-time,comment,likes
2014-08-24T11:35:28Z,un grand merville ce soir et bravo a l'equipe d'avoir reussi a tenir le score a 10 contre 11,1
2014-08-24T09:18:04Z,Match nul...dans les deux sens du terme.,0
2015-04-19T07:56:09Z,en national :(,0
2015-04-18T23:56:37Z,Allez Nîmes,0
2015-01-29T07:49:14Z,Très gros manque de réalisme côté havrais,0
2015-02-22T14:20:45Z,Je regrette seydou koné marque pas beaucoup pour le nombre d'occasion qu'il se procure et c'est très dommage ...,0
2015-01-14T05:55:45Z,Allez le hac,0
2014-08-26T10:17:15Z, #Ligue2   Revivez les plus beaux buts de la 4ème journée de Ligue 2 en vidéo !,1
2014-08-24T21:45:53Z,Le 4ème but du GFC Ajaccio n'est même pas présent alors que c'est le plus beau de la journée ..,0
2014-08-24T07:26:00Z,"Après deux défaites, le HAC a fait le show à VA !",1
2015-03-01T22:06:14Z,jamais un but de sochaux :'(,0
2015-03-01T19:55:50Z,"Je préfère l'autre gardien de Nancy que que Nardi, celui ci fait trop de boulettes. 
Je comprends pas pourquoi Monaco l'a acheté. Nardi n arrivra jamais à pesé sur Subasic et Sketelenburg",0
2015-03-01T12:04:41Z,"Mdr le gardien sur  le 2eme but!
",0
2015-03-01T10:54:40Z,Le but d'Orléan... ÉNORME ! ! ! Mais les 2 autres bof,1
2015-03-01T10:40:23Z,Super,0
2015-04-07T19:17:30Z,Et le peno non sifflé pour Niort il est où ? ;) Ahhhhh la lfp qui ne veux pas montrer ses erreurs...,0
2015-04-05T08:29:26Z,essayer de finir 18eme Arles Avignon vous serez sauver par notre descente a nous xD,0
2014-08-04T20:18:03Z,"Nul
",0
2014-08-03T07:38:13Z,Dommage pour les chamois :),1
2015-03-04T15:52:35Z,"#Ligue2 - Classement des passeurs - Florian Martin reste en course !
Avec une 8e passe décisive lors de la 26e journée, Florian Martin (3e, Chamois Niortais) est toujours au contact de la tête du classement des passeurs de Ligue 2 - http://www.lfp.fr/ligue2/article/florian-martin-reste-en-course.htm",2
2015-03-02T14:16:26Z,#Ligue2 - J26 - Retrouvez les résumés des matchs du week-end sur la chaîne officielle Youtube !,0
2014-12-29T16:19:43Z,"Dommage que Sammaritano est blesse
ALLEZ CAEN",0
2014-12-22T15:10:26Z,"#Ligue2 - Classement des passeurs - Grâce à une nouvelle offrande pour Seydou Koné, Florian Martin (Chamois Niortais) pointe sur le podium du classement officiel des passeurs de Ligue 2 à la trêve - http://minilien.fr/a0ng6e

Voici le classement complet : http://www.lfp.fr/ligue2/classementPasseurs",1
2014-12-21T14:48:42Z,Dellecroix est incroyable :O,0
2014-12-21T09:45:54Z,Bravo les auxerrois :) ,1
2015-05-03T11:26:12Z,"Celui qui fait les vidéos des plus beaux buts de Ligue 2 est vraiment un branleur de première, déjà on dirait qu'il choisi aléatoirement parmi les plus beaux buts, il en met que 3 alors qu'on pourrait en mettre au moins 5 et puis l'ambiance de la vidéo est quasiment morte ! Une petite musique en fond ça tuerait personne !",1
2015-05-03T07:00:29Z,Et pas le coup franc de mangani !!??,2
2015-05-24T07:57:26Z,"Ormis le match catastrophique et les hommages fait aux joueurs s'en allant, on retiendra la stupidité des ""Ultra Niortais"" qui voulaient s'en prendre à un supporter lavalois qui chantait plus fort qu'eux! Les mecs,si vous savez pas encourager une équipe laisser au moins les autres le faire!",2
2014-12-23T11:18:21Z,Tous ensemble avec sochaux en ligue 1 !!!!!!!,0
2014-12-14T19:44:16Z,L’arbitrage de merde aide bien Sochaux je trouve... Il y a a peine carton jaune et il met un rouge ... C'est le sochalien qui tire comme un bourrin et qui se blesse sur Ba ! L'arbitre ne siffle même pas les hors jeu que ses assistants montrent et il ne siffle pas penalty quand un sochalien fait une cuillère à un niortais !  ,0
2015-06-29T17:50:14Z,J aime trop le GFCA et bonne chance en D1.😁😁😁😂😂😈😈.,4
2015-05-27T12:39:17Z,Quelle saison exceptionnel du gazelec,7
2015-05-21T18:12:42Z,rien à dire appart BRAVO et bonne chance en L1 ( si le moustachu veut bien ) un supp monegasque,2
2015-05-17T09:57:58Z,Forza ACA ET GFCA,4
2015-05-17T09:26:17Z,Bravo aux Gazelec :) Supp de Troyes,4
2015-04-29T19:57:03Z,Magnifique but (de Tours )!,0
2015-04-28T22:27:02Z,"J’espère que Tours restera en ligue 2, ils le méritent plus que Orléans et pour Niort c'est fait :)",0
2015-04-27T01:55:57Z,En fait c'etait un match tres serre... Dommage que cela ai basculé du coté de Tours. :),0
2015-04-26T20:54:38Z,Aller tours en route vers le maintien,0
2015-04-26T08:35:16Z,Tours sort enfin de la zone rouge !,0
2015-04-26T00:22:02Z,Gros match,1
2015-05-03T09:54:42Z,Gros match.,0
2014-10-19T06:54:22Z,c'est quoi ce truc fait à l'arrache y a même pas tous les buts...,0
2014-10-18T20:02:46Z,On vois pas le but de barber :-(,2
2014-09-22T01:47:43Z,ca vient pire en pire reparter en CFA,0
2014-09-21T12:56:18Z,Y avait pas de faute pour le penalty c'est n'importe quoi -_- faut que l'arbitre achète des lunettes sérieux! ,0
2014-09-21T08:25:44Z,Vive l'arbitrage ! Même pas de faute --',0
2014-08-30T22:23:14Z,First,0
2014-11-23T09:06:49Z,"PS : Brouard, Dégage, Gastien (surnommé ""l'Architecte"") Reviens",0
2014-11-23T09:04:52Z,"Il va falloir qu'ils se bougent le cul, les amis Chamois ! Ils sont dix-septièmes de Ligue 2, à deux points de Châteauroux, le premier relégable. Il faudrait prendre 12 points sur les 12 (ou les 15) possibles lors des quatre (ou cinq) prochaines rencontres pour qu'ils soient à l'abri à la trêve hivernale.",0
2014-09-25T00:12:11Z,"""La première attaque est niortaise""
Faudrait faire gaffe quand même
Allez l'ESTAC bordel !",3
2015-01-04T11:46:18Z,"Allez Arles Avignon
",0
2015-02-02T14:02:38Z,joli but les Niortais et bravo Créteil !,0
2014-12-02T13:44:44Z,On aurais pu faire un résumé des 15 ballons envoyés en tribune par les valenciennois !,0
2014-12-01T10:08:51Z,#Ligue2 - J16 - Retrouvez tous les résumés des matchs de vendredi et samedi sur la chaîne officielle YouTube Ligue 2 !,2
2014-11-30T14:22:06Z,"Enfin une victoire à l'extérieur pour les Chamois, qu'elle fait du bien celle-là. Dommage pour l'ancien de la maison, Pascal Gastien, car Châteauroux avait toutes les occases pour plier le match, mais Niort en avait aussi, comme ce but d'Adama Ba juste avant la mi-temps ou cet incroyable raté de Jimmy Roye (qui était tout seul face au but vide, soulignons-le) en seconde période. Bon match, et espérons pour les deux équipes qu'elles se maintiennent en Ligue 2. ALLEZ CHAMOIS, tout de même.",0
2015-05-19T06:17:31Z,Joel Sami na rien fait a koné quel arbitre de merde il tombe tout seul si vous regardez bien,1
2014-12-31T11:33:13Z,"Les chamois Niortais est très mauvais vivement la revanche mais Nancy est très bon 
ALLEZ CHAMOIS NIORTAIS FC",0
2014-11-04T16:52:30Z,nacy ligue 1 niort national !!!,0
2014-11-04T15:25:36Z,"#Ligue2 - Classement des buteurs - L’attaquant de l’AS Nancy-Lorraine Mana Dembélé a repris la tête du classement officiel des buteurs de Ligue 2, grâce à son doublé chez les Chamois lors de la 13e journée - http://urlz.fr/Sz4",5
2014-11-02T10:42:52Z,Quel réalisme de la part du groupe Nancéien. Gagner 4-1 à 10 contre 11 reste très compliqué mais pourtant ils ont réussi !,1
2014-11-01T23:24:27Z,"Niort a clairement dominé, mais nancy a un réalisme incroyable devant le but",1
2015-04-15T13:36:59Z,"#Ligue2 - Classement des passeurs - Florian Martin met la pression !
En signant sa 9e passe décisive lors de la 31e journée, Florian Martin (Chamois Niortais) revient au contact de la tête du classement officiel des passeurs de Ligue 2 - http://www.lfp.fr/ligue2/article/florian-martin-met-la-pression.htm",1
2015-04-12T06:24:25Z,La ligue ne montre pas le but qui rentre mais qui n'est pas accorder ni les faire d'arbitrage avant les but ,0
2015-04-12T02:06:24Z,"Vraiment dommage pour l'ASNL, ils ne remonteront donc jamais ?!",1
2015-05-17T09:10:09Z,Forzaaaaaaaaaa gfcaaaa,0
2015-03-04T13:51:02Z,#Ligue2 - J26 - Retrouvez les réactions d'après match de la 26e journée de Ligue 2 grâce à notre playlist YouTube !,2
2015-05-11T10:15:49Z,,0
