publish_date,title,view_count
2015-01-17T23:00:05Z,Stade Lavallois - Dijon FCO (1-0)  - Résumé - (LAVAL - DFCO) / 2014-15,4268
2015-01-10T23:00:05Z,Dijon FCO - Tours FC (0-3)  - Résumé - (DFCO - TOURS) / 2014-15,6745
2014-09-13T22:00:02Z,Dijon FCO - Chamois Niortais (1-0)  - Résumé - (DFCO - NIORT) / 2014-15,4869
2014-11-22T23:00:03Z,Dijon FCO - US Orléans (2-1)  - Résumé - (DFCO - USO) / 2014-15,3815
2014-08-09T22:00:01Z,Dijon FCO - Stade Lavallois (1-0)  - Résumé - (DFCO - LAVAL) / 2014-15,5024
2014-09-27T22:00:01Z,Havre AC - Dijon FCO (1-0)  - Résumé - (HAC - DFCO) / 2014-15,4424
2014-08-02T22:00:02Z,AS Nancy-Lorraine - Dijon FCO (1-1)  - Résumé - (ASNL - DFCO) / 2014-15,12426
2014-08-30T22:00:02Z,FC Sochaux-Montbéliard - Dijon FCO (0-1)  - Résumé - (FCSM - DFCO) / 2014-15,5991
2015-05-16T21:59:59Z,Tours FC - Dijon FCO (0-0)  - Résumé - (TOURS - DFCO) / 2014-15,2158
2015-06-16T11:00:01Z,L1 Confidential - Episode 3,86
2014-09-25T22:00:05Z,But Gaëtan BUSSMANN (24&#39;) / EA Guingamp - FC Metz (0-1) -  (EAG - FCM) / 2014-15,2440
2015-03-17T09:41:59Z,SFC - Amnéville,265
