published-time,comment,likes
2015-01-19T06:33:16Z,Ah les boules !!!,0
2015-01-18T17:52:15Z,"Dijon, lejay la goutte, trop pickles MDR allez laval",0
2015-01-18T10:06:26Z,Nous sommes tombés sur une bonne équipe dijonnaise. Dommage pour eux car en face c'était bien Lionel Cappone . On a su profiter de nos rares occasions pour les cadrés . Beau but de Wesley Saïd. La chance était avec nous durant ce match. ,0
2015-01-18T09:39:16Z,GG Laval ! :),0
2015-01-18T08:42:38Z,"Je suis lavallois , manque de réussite côté dijonnais de chance aussi . Pas de penalty en revanche dans les arrêts de jeu , le joueur joue le penalty . Beau match de Lionel Capp' ! ",1
2015-01-11T21:37:29Z,Tours FC <3,2
2015-01-11T09:25:39Z,Bien joué le TFC ! Il faut se maintenir cette saison ! ,2
2015-01-11T08:50:25Z,Nous sommes les tourangeaux,1
2015-01-11T08:47:27Z,Le TFC en force ;),2
2015-01-11T07:43:56Z,Putain....,1
2015-07-23T16:50:20Z,Aller Dijon je suis abonné ,0
2014-09-14T14:13:24Z,"J' y suis  aller ba quel arbite de  merde
",0
2014-09-14T08:23:58Z,"Eh bah, y a de sacrés matchs en L2 !!",1
2014-08-10T11:26:57Z,ouai ses vrai que la sa commence déjà...,1
2014-08-10T01:40:37Z,"Suis-je le seul à avoir vu le dijonnais s'effondrer tout seul dans la surface ? Suis-je également le seul à chercher encore le ""hors-jeu"" de Diallo ? Les arbitres sont censés être neutres..",0
2014-09-28T11:53:09Z,"Le Hac <3 😙 
💣Dijon🔫",0
2014-09-28T11:37:02Z,"Aller vous faire foutre le havre
",1
2014-08-09T06:43:15Z,Encore des messeins sur un match de Nancy ;) barré vous bande de cons ,0
2014-08-04T09:52:35Z,"Bravo ! Vos deux buts sont splendides :) 

Et allez Metz :) ",0
2014-08-04T02:43:03Z,J'espère que le dijonnais aura une passe decisive sur ce super centre vers Cuffault xD,0
2014-08-03T16:44:41Z,et aufaite merci pour le but contre son can on pouvai faire un nul  sans vous,0
2014-08-03T11:42:11Z,"On se rattrapera, pas grave :)",0
2014-08-03T11:37:59Z,allez Nardi c'est pas grave,0
2014-08-03T10:34:54Z,Merci Nancy pour ce but ! :D Allez Dijon !,0
2014-08-03T10:08:44Z,"Ahaha bravo Nancy vous réussi a marquez mais ds le mauvais but :))))
C'était un petit coucou d'un messins en Ligue 1 NOUS !!!",1
2014-08-03T01:43:19Z,Quelle erreur du defenseur nancein ,1
2014-08-03T00:00:16Z,Dommage on aurait du s'imposer... par contre dans vos résumés vous pouvez y inclure les erreurs d'arbitrage...,0
2014-08-02T22:56:29Z,"Vraiment un résumé bien merdique à l'image de la ligue, aucun des deux arrêts monstrueux de nardi et on ne parle surtout pas des hors-jeux imaginaires annoncés par l'arbitre assistant totalement à la ramasse...",0
2014-11-08T10:42:25Z,sochaux aller nous sommes les sochaliens et nous allons gagner alle oe,0
2014-09-02T18:00:23Z,Tom laratte c Dijon qui a gagner contre Laval !!!!,0
2014-08-31T09:43:56Z,"Sochaux n'est pas au complet, il manquait Habran, Guerbert et Mignot...",0
2014-08-31T07:55:18Z,,0
2014-08-31T06:24:15Z,"Reléguable en D2 après 5 journnées, bougez vous les Lionceaux !!!",0
2014-08-30T22:30:32Z,"Le commentateur est mieux que le précédent, mais il ferait bien de revoir ses fiches, le DFCO s'est incliné face à Laval 1-0 en CdL
Sinon encore un très bon match de Dijon, on confirme même à l'extérieur. Objectif L1 !!!
Et Sochaux on vous oublie pas, bonne chance pour traverser cette mauvaise passe !",3
