published-time,comment,likes
2015-07-18T18:42:41Z,J'aime pas,0
2015-06-28T19:20:25Z,Bonne petit recrue! Bienvenue au club Maxime! ISSA NISSA 🔴⚫️,3
2015-06-27T18:57:39Z,"DE SABLE


LE MARCHAND .... DE SABLE. 

lol.

Désolé.",3
2015-07-03T23:11:51Z,Seri est très gentil,0
2015-07-03T23:10:23Z,Jsui partout jsui celui qui fait le selfie a 1:33,0
2015-07-03T21:21:55Z,C'est moi ou le mec avec le t-shirt bleu ne connais pas du tout maxime le Marchel et Michael Séri ^^,1
2015-07-03T20:17:40Z,Il est trop moche le nouveau maillot une horreur !!!,1
2015-07-03T19:59:30Z,J'y étais 😉👌,0
2015-02-21T12:38:29Z,j'adore,0
2015-02-04T13:02:51Z,"Un arbitrage digne des grands matchs corse :') (cc GFC Ajaccio)

Un lavallois.",0
2015-02-04T12:31:54Z,Ah oui et ceux qui critiquent le stade vous avez vu au Stade du Hainaut svp...+ c'est lundi donc obligatoirement peu de personnes,0
2015-02-04T12:30:55Z,"Mdr vous ragez tous 
L'arbitre pro HAC...LOL
Il nous met Peno et rouge et vous osez dire PRO HAC avouez votre défaite c'est bon hein....",1
2015-02-04T06:18:22Z,Quel stade plein a craquer ...,0
2015-02-03T15:45:20Z,"n importe quoi!!! un jaune pour les deux !! mais jamais un rouge, trop fort les arbitres français bande de brelle !! les joueur ne sont peut êtres pas terrible mais les arbitres c'est le pompon !!",1
2015-02-03T14:50:24Z,carton rouge de merde --' vive les arbitres de merdes et l'autre qui lui empeche de prendre le ballon sa s'appelle de l'anti jeu et on dot rien ? pfff arbitre de district va,1
2015-02-03T13:57:49Z,Et pourquoi le joueur du havre n'a rien eu ? (le mieux sa aurait été jaune pour les deux joueurs ),0
2015-02-03T13:55:23Z,Ya jamais rouge c'est pas mérité,1
2015-02-03T13:26:26Z,"Moi je trouve le rouge normal, si les arbitres mettaient plus souvent rouge pour ces gestes d'humeur les joueurs arreteraient dr s'énerver aussi facilement, il met presque une claque au joueur Havrais en le repoussant.",1
2015-02-03T12:55:41Z,pourquoi le rouge bernar casoni doit etre en colère et je comprend,0
2015-02-03T12:11:17Z,"La honte... Un carton rouge pour rien pour le VAFC, et un jeux médiocre en prime, au moins y a eu des buts j'espère que VA va se réveiller. Supporter sochalien ",0
2015-02-03T12:09:33Z,Valenciennes est mauvais en ce moment c'est bon pour auxerre vendredi,0
2015-02-03T11:16:45Z,#Ligue2 - J22 - Revivez les meilleurs moments de Havre AC - Valenciennes FC (3-1) en vidéo !,2
2015-02-24T16:28:05Z,"#Ligue2 - Classement des buteurs - Mickaël Le Bihan répond présent !
L’attaquant du Havre AC a inscrit sa 12e réalisation lors de la 25e journée et récupère ainsi la 2e place du classement officiel des buteurs de Ligue 2 - http://www.lfp.fr/ligue2/article/mickael-le-bihan-repond-present.htm",3
2015-02-23T11:03:26Z,#Ligue2 - J25 - Retrouvez les résumés des matchs du week-end sur la chaîne officielle Youtube !,2
2014-08-06T07:57:29Z,Auxerre à sa place en L1 et non pas en L2...,1
2014-08-04T07:54:19Z,#Ligue2 - Retrouvez les résumés des matchs de la 1ère journée de Ligue 2 sur la chaîne officielle Youtube ! http://bit.ly/UVU8Jh,4
2014-08-04T06:56:59Z,Super résumé ou il manque la moitié des occasions...,0
2014-08-03T12:51:24Z,Pourquoi tu fais pas les match de préparation des équipes de ligue1,0
2014-08-03T11:50:06Z,C'est triste de voir ce stade aussi vidé :(,2
2014-08-03T11:36:28Z,je suis allé au match l’équipe du havre n' a rien a part gamboa et bonnet . Sinon l'aja a fait un très bon match et peut rêver de monter,0
2014-08-03T06:35:54Z,stade aussi vide pour une ouverture...,1
2014-08-02T22:14:52Z,2:00 1 à 0 non ??,1
2015-02-20T00:47:46Z,"Ya pas de supporter au havre,  comment sa se passe ;-)",0
2015-02-15T18:23:08Z,C'est normal qu'a l'entrée des joueurs il n'y ait pas de drapeaux de Clermont ?,0
2015-02-15T10:29:45Z,Oui nous sommes les Havrais ! ,0
2014-11-02T00:16:04Z,Heu Jérôme Leroy ne se rate pas devant abdoulaye diallo qui est son gardien,3
2015-01-27T09:49:50Z,Mdrrr ! Ben Arfa avec sa pomme et qui fais le cri de la victoire,0
2014-09-28T11:53:09Z,"Le Hac <3 😙 
💣Dijon🔫",0
2014-09-28T11:37:02Z,"Aller vous faire foutre le havre
",1
2014-08-28T18:13:06Z,Vafc sa sent le national,0
2014-08-26T14:45:19Z,"#Ligue2 - Classement des buteurs - Avec un doublé lors de la première période, Mickaël Le Bihan a bien contribué à la première victoire du Havre AC cette saison en Ligue 2, contre le VAFC (0-4). http://bit.ly/1vL2elp",0
2014-08-25T22:50:30Z,MDR le gardien sur le 2e but,0
2014-08-25T16:16:43Z,c'est VA qu'a bug !?,0
2014-08-24T08:44:29Z,Vu les statistiques à la fin y a un bug a mon avis,3
2015-03-03T13:49:27Z,"#Ligue2 - Classement des buteurs - Mickaël Le Bihan grignote ! 
La première place de Jonathan Kodjia (Angers SCO) ne tient qu’à un fil après la 13e réalisation de Mickaël Le Bihan (HAC) lors de la 26e journée de Ligue 2 - http://www.lfp.fr/ligue2/article/mickael-le-bihan-grignote.htm",2
2015-03-01T10:05:57Z,Guichets fermés,0
2015-01-11T14:28:05Z,"Le stade du Havre fait trop pitié, y'a personne !!!!!",0
2015-04-12T12:15:04Z,Je savais pas que Laurent Fabius était devenu arbitre...,1
2015-04-12T00:05:01Z,"♫ Givet ou j'y vais pas , givet ou j'y vais pas ♫",0
2014-12-29T16:21:16Z,Adrianot et Simao vont signer au HAC,0
2014-08-10T11:59:19Z,"c'est le havre, pas troyes ...",6
2015-02-20T03:01:53Z,Quand on voit sa on peut être fier d'être le la région Centre perso je suis de Tours et quand c'est 2/3,0
2015-02-15T14:30:28Z,Quel beau but de Saif Eddine,0
2015-02-15T11:51:50Z,Spécial but région centre sa fait plaisir que des beaux but et le dernier et magnifique ;),0
2015-02-15T11:15:44Z,Le dernier but est magique Oo! Allez l'aja,0
2015-02-15T10:39:54Z,quel but le dernier!! un régal!,2
2015-05-07T16:07:27Z,nancy c'est que de la MERDE !!!!!!!!!! allez METZ,0
2014-10-30T12:05:58Z,a nancy c souvent es jeunes qui marques aller nancy,0
2014-10-29T00:39:22Z,Aller le Hac la ligue 1 c'est cette année !! ,1
2014-10-28T18:43:33Z,"tg alpha767 c pas parce que vous gagner des match 1-0 que vous avez une attaque
nous on a gagne 5-2 contre chateauroux",2
2014-10-28T16:25:40Z,Ji était,0
2014-10-28T10:13:27Z,#Ligue2 - J12 - Revivez les meilleurs moments de AS Nancy-Lorraine / Havre AC (2-1) en vidéo grâce à notre chaîne officielle YouTube ! ,6
2014-10-28T09:06:16Z,Mdr on voit qu'on a vraiment poussé pour gagner : 25 à 2 tirs xD,9
2014-10-27T23:54:02Z,c'est bon ca :)) et mérité surtout ;),1
2014-10-27T23:05:28Z,First ! Sinon super match de Nancy qui méritait de gagner 4-1,4
2014-12-30T19:43:15Z,Adriano et Simao surement en tout cas j espère,1
2014-09-21T19:00:51Z,allez le hac ,4
2015-01-29T07:49:14Z,Très gros manque de réalisme côté havrais,0
2014-12-30T19:41:49Z,Normands soyons conquérants,0
2014-10-06T08:39:34Z,"#Ligue2 - J10 - Retrouvez les résumés des 9 premiers matchs de la 10e journée de Ligue 2 sur la chaîne officielle Youtube Ligue 2 ! 
http://bit.ly/1yGPcux",1
2014-12-02T15:57:57Z,C'est quoi ce terrain niveau DH,0
2014-12-02T00:49:30Z,J'ai fais un arrêt sur image sur l'égalisation à 1-1 des havrais et Sao a un demi-mètre d'avance sur le dernier défenseur (harek) et sur le but refusé de Maoulida il est sur la même ligne enfin la caméra est mal placée mais bon...bref on aurait pu le gagner ce match mais c'est un bon point au final,0
2014-11-30T02:20:50Z,Le meme resultat que nimes-lens la saison derniere !!!,2
2015-04-22T17:32:13Z,"Avec le but du Havre, c'est mieux... ;)",1
2014-12-31T11:16:44Z,Super but de bonnet avec un bon Diallo dans les buts du HAC,1
2014-12-31T11:15:18Z,ALLEZ LE HAC,1
2014-11-23T04:35:36Z,Personne dans les tribunes... mauvaise idée ce stade océane,1
2014-09-14T07:15:40Z,"vener voire ma chaine ca parle de foot
(super bycyclette)",1
2015-07-07T15:42:39Z,HATEMMMMMMM😍⚽🌟,0
2015-07-07T14:48:18Z,Lol ,0
2015-07-07T08:59:33Z,2:46 mais pourquoi ?! (Je pense que vous savez à ce que je pense nan ?!),1
2015-04-27T23:07:04Z,J'étais dans les tribunes ,0
2015-04-08T12:16:00Z,Allez nancy!!!Faites un tour sur mes vidéos svp abonnez vous et je m abonne a votre chaîne.,1
2015-04-05T09:47:51Z,Bien joué Nancy et Ndy Assembe a fait un beau match :),3
2015-04-05T08:00:59Z,"Le stade du Havre me fera toujours rire. Pour eux, atteindre 10 000 spectateurs ça doit être déjà  beaucoup !!!",2
2015-04-05T07:59:59Z,Ça s'appelle l'efficacité :-),0
2015-04-05T07:24:18Z,Nancy 1 action 1 but et encore c'est même pas une action,0
2015-04-29T09:46:05Z,"le def de Sochaux qui leve le bras sur l'ouverture pour gamboa , lâche totalement le bihan, le but est pour lui. Allez le hac",0
2015-04-28T15:14:54Z,#Ligue2 - Classement des buteurs - De l’air pour Mickaël Le Bihan ! http://www.lfp.fr/ligue2/article/de-l-air-pour-mickael-le-bihan.htm,3
2015-04-25T22:29:47Z,"C'est bizarre,le ralenti ne montre pas le penalty non sifflé pour sochaux 
",1
2015-06-30T19:33:37Z,"Junior a l'air heureux d'être là à 0:32
Vivement son départ, pour lui comme pour nous...",0
2015-06-30T10:13:09Z,"+TxgGamer
Eduardo je sais pas
Puel ? Les transferts sont pas finis",0
2015-06-30T07:07:37Z,"2 questions :

C.Eduardo toujours là, je l'ai pas vu dans la vidéo ?
G.Puel était pas annoncé sur un départ à l'étranger ?",0
2015-06-29T22:04:47Z,"ça fait plaisir de revoir tout le monde souriant et notamment le retour de Lucas Rougeaux, en espérant qu'on lui laisse enfin une chance d'exprimer son talent en pro",0
2015-06-29T20:08:43Z,"tu m expliquer pk il y a gregoire puel
",0
2015-06-29T18:15:54Z,Et Carlos est parti ?,0
2015-03-23T08:50:05Z,SCO SCO SCO,0
2015-03-22T21:46:56Z,Aller sco,0
2015-03-22T09:46:27Z,Aller le sco et direction la ligue 1 en fin de saison !!!!!!!!!!,1
2015-03-22T06:54:50Z,Allez le sco ,0
2014-11-08T23:04:58Z,Lol la glissade du gardien Thébaux.,0
2014-11-08T23:00:50Z,First!,0
2014-08-31T10:31:44Z,"sur le but havrais, on peut pas faire grand chose, super action. et n'doye jme rappelle meme plus de son but vous auriez au moins pu le filmer ",0
2014-08-31T08:39:53Z,Le but ndoye n'existe pas ? ,0
2014-08-31T00:21:24Z,Et le but de Creteil ?,5
2015-07-15T10:59:35Z,Mdr Seri il m'a tué XD,3
2015-06-30T08:08:59Z,Toulalan le mec il est même pas fatigué,1
2015-06-29T15:03:26Z,Faite nous une belle saison les gars!!!,4
2015-07-02T23:15:45Z,Looks too good for that league,0
2015-07-02T23:14:29Z,Scores some very good goals,0
2015-06-11T16:50:05Z,Dario me tue ! IL ME MANQUE SE JOUEUR ! ISSA DARIO LERCI POUR TOUT :),1
2015-06-10T20:00:12Z,BEN ARFA ALLEZ LAAAAAAAAAA,3
2015-06-10T16:29:49Z,Vraiment une super idée les zap Gym j'espère en revoir l'année prochaine...Avec des victoires,2
2015-07-12T00:54:34Z,"Je ne sais pas pourquoi mais je sens qu'on va recruter un sale bon joueur comme Eduardo, on va le croire bof & au final, il va nous sortir une bonne saison",0
2015-07-11T21:15:18Z,prometteur ce match surtout cote germain enfin un attaquant qui marque,0
2015-07-11T19:34:55Z,"On pourrai pas avoir une video resumer su match ?
",0
2015-07-11T18:59:21Z,Je sais pas pourquoi je la sens bien cette saison :),4
2015-07-11T18:55:07Z,C toujour bien davoir la victoire bravo a l'équipe issa nissa ♥,0
2015-07-11T18:47:29Z,Bien Joué Nice de gagner  4 a 1 contre Lausanne,0
