published-time,comment,likes
2015-07-07T16:34:46Z,نتنتنم,0
2015-07-09T16:23:57Z,Nouvellement recruté par l'Inter de Milan avec son frère Geoffrey et prête au Renate (Lega Pro). In bocca al lupo à vous deux.,0
2015-05-11T20:23:57Z,pierre.caumes@etu.univ-tours.fr,0
2014-09-23T09:50:04Z,je me trouvais parmi les 80.000 assis au 13,2
2015-07-01T06:38:26Z,تلك المرحلة اعتمدت على التكوين والمنتوج الوطني ..مع تعزيزه بلاعبين محترفين ذا قيمة ..................الفريق الوطني الحالي يفتقر الى أسماء ذات مواهب تصنع الفارق ...وتلك الاسماء لا تكون الا بالرجوع للاستثمار في البطولة الوطنية بمنطق اقتصادي فعلي,1
2015-07-17T23:53:41Z,nice your gonna be a great star one day hopefully :D,1
2015-07-17T10:13:08Z,great goal,1
2015-07-17T08:50:03Z,Best Youth Soccer/Football Goal & Skills 2015,1
