publish_date,title,view_count
2015-01-03T04:24:27Z,Mohamed Benyahia (highlights),20382
2015-01-28T11:46:58Z,Birane Ba (highlights),6078
2014-12-19T17:09:02Z,Yancoub Meité (Lausanne-Sport),549
2015-02-10T16:52:57Z,But de Bentiba (ASM Oran 1-0 ASO Chlef) 20ème journée Ligue 1 2014/2015,1393
2015-02-08T21:38:31Z,Evans Kondogbia (highlights),2914
2015-05-02T21:54:29Z,Anice Badri (highlights),62334
2014-09-23T08:38:17Z,Algérie-Tunisie 3-0 (Qualifs. Coupe du Monde 1986)Part 2,15572
2014-09-23T17:23:22Z,Algérie-Tunisie 3-0 (Qualifs. Coupe du Monde 1986)Part. 4,1873
2014-09-20T18:10:08Z,Tunisie 1-4 Algérie (Qualifs. Coupe du Monde 1986) 2eme Partie,3772
2014-09-21T00:28:17Z,Tunisie 1-4 Algérie (Qualifs. Coupe du Monde 1986) 3eme Partie,1505
2015-07-17T08:43:05Z,Crazy Soccer Skills &amp; Goal 12 Years Old,2640
2015-05-16T22:20:27Z,Résumé du match RC Arbaâ 0 -  JS Kabylie 0,197
2015-03-14T13:52:54Z,ruben 2015 ...6 matchhes 25 goals,207
2015-06-09T07:14:28Z,Walid Athmani ● LE PRODIGE ● | MCO ORAN |  2014,3080
2014-11-18T16:56:18Z,Affaire matches truqués Nîmes 18 11 2014,120
