publish_date,title,view_count
2015-03-14T22:59:59Z,Stade Lavallois - Nîmes Olympique (0-1)  - Résumé - (LAVAL - NIMES) / 2014-15,3583
2015-01-10T23:00:08Z,AC Ajaccio - Nîmes Olympique (0-1)  - Résumé - (ACAJ - NIMES) / 2014-15,3331
2015-02-24T11:00:30Z,Nîmes Olympique - FC Sochaux-Montbéliard (2-1)  - Résumé - (NIMES - FCSM) / 2014-15,6230
2015-04-29T17:56:03Z,Havre AC - Nîmes Olympique (2-0)  - Résumé - (HAC - NIMES) / 2014-15,2735
2015-02-07T23:00:00Z,AC Arles Avignon - Nîmes Olympique (0-1)  - Résumé - (ACA - NIMES) / 2014-15,3587
2015-01-17T23:00:06Z,Nîmes Olympique - Valenciennes FC (2-0)  - Résumé - (NIMES - VAFC) / 2014-15,5045
2015-03-21T22:59:59Z,Nîmes Olympique - Tours FC (3-2)  - Résumé - (NIMES - TOURS) / 2014-15,8081
2015-04-11T22:00:00Z,Nîmes Olympique - Clermont Foot (0-1)  - Résumé - (NIMES - CF63) / 2014-15,1962
2015-01-31T23:00:00Z,Nîmes Olympique - AS Nancy-Lorraine (1-1)  - Résumé - (NIMES - ASNL) / 2014-15,2699
2014-11-29T23:00:05Z,Nîmes Olympique - Havre AC (3-3)  - Résumé - (NIMES - HAC) / 2014-15,6899
2015-03-07T23:00:00Z,Nîmes Olympique - GFC Ajaccio (2-0)  - Résumé - (NIMES - GFCA) / 2014-15,5544
2015-04-06T18:35:58Z,Laslandes 2   Celtic Glasgow 2000,1164
2015-03-31T13:46:04Z,"Nîmes 3-1 Kispet Honved Jeudi, 12. Septembre 1996 1er tour Partie 1",979
2014-11-29T00:15:33Z,Nîmes Olympique 3 - Le Havre AC 3 - 28/11/2014,1751
2015-02-16T21:28:26Z,Brest Nîmes 3 à 1 16 02 2015,70
2015-05-19T21:11:07Z,"Séance de tirs #France (Retourné Acrobatique, Long Shots..)",256
