published-time,comment,likes
2015-03-15T00:43:38Z,Forza'nimes,0
2015-03-15T00:41:55Z,LES CROCOS EN FORCE !!😆❤️,1
2015-03-14T23:22:54Z,É oui koura !le futur ,0
2015-02-25T16:41:24Z,bravo nimes !!! ;),1
2015-02-24T16:58:07Z,Allez les rouges !!!,0
2015-02-24T14:58:04Z, on va finir 4eme,0
2015-02-24T11:54:08Z,"Et l'occaz à la 90eme de Kharja elle est ou? 
Victoire méritée de Nime même si ils ont eut chaud en fin de match.
Allez Sochaux, bouger vous le cul!",1
2015-02-24T11:05:15Z,Nimes champion de ligue 2 pour l année prochaine ! Les paris sont lancés ^^ ,1
2015-02-09T10:45:30Z,"1 : Il y a plus de Nîmois  que d'Aceistes dans les tribunes
2 : Le commentateur n'est pas a l'aise ca se sent
3 : On écris ""Gauthier DE MARIEN"" et pas ""Gauthier de MARIEN""",0
2015-01-18T14:55:25Z,"Bonjour je suis un nouveau rappeur, dites moi ce que vous en pensez par commentaires. Merci ",0
2015-03-22T09:04:52Z,"On va le faire , on va le faire !!!!!!
Allez le N.O !!!!!!",6
2015-03-22T08:03:35Z,"Un peu ridicule le geste de Maoulida, surtout qu'il n'était pas à nimes l'en passé, il en sait rien si le match a été truqué ou non...",0
2015-03-21T23:27:48Z,Je suis Nimes Olympique!!!,4
2015-03-21T23:25:17Z,ALLER LES CROCOS!! 🐊,4
2015-03-21T23:17:14Z,"Jy etais!! Quelle ambiance!! #NimesVaincra, on ne lâchera rien",5
2015-03-21T23:11:57Z,"#JeSuisNimois 
Thiriez Demission !! Le NO Vaincra !",9
2015-02-01T09:30:00Z,"Nancy méritait de gagner selon moi, mais un très bon gardien en face ! ",1
2014-12-02T15:57:57Z,C'est quoi ce terrain niveau DH,0
2014-12-02T00:49:30Z,J'ai fais un arrêt sur image sur l'égalisation à 1-1 des havrais et Sao a un demi-mètre d'avance sur le dernier défenseur (harek) et sur le but refusé de Maoulida il est sur la même ligne enfin la caméra est mal placée mais bon...bref on aurait pu le gagner ce match mais c'est un bon point au final,0
2014-11-30T02:20:50Z,Le meme resultat que nimes-lens la saison derniere !!!,2
2015-03-21T16:04:38Z,Respect il m'impressionne c petit dommage il vin être rétrograder :(,0
2015-03-09T14:22:30Z,#Ligue2 - J27 - Retrouvez les résumés des matchs du week-end sur la chaîne officielle Youtube !,3
2014-11-29T12:21:30Z,Bien monté !,0
2014-11-29T01:04:53Z,Tres bien monté,1
2015-02-16T21:37:01Z,Merci pour la vidéo. 😄,0
