published-time,comment,likes
2015-06-15T21:05:42Z,,0
2015-06-12T13:59:44Z,Wow.,0
2015-06-10T07:53:06Z,"Un tres beaux but. Wow, that's great!",1
2014-12-30T18:51:38Z,"Gregory Thil apres une superbe saison 2013-2014 à Dijon il en fera une a la berrichonne de Châteauroux
Allez Chateraux et bonne chance à: Nestor, Houtondji,Roudet",2
2014-08-23T05:20:30Z,"la region centre est a l'honneur en ligue 2 Chateauroux,Tours,Orléans",3
2014-08-20T11:30:44Z,"#Ligue2 - Classement des buteurs - Après un 3e but lors de la 3e journée, Idriss Saadi (Clermont Foot) figure en tête du classement officiel des buteurs de Ligue 2. http://bit.ly/1oNzN6t",4
2014-08-18T08:06:51Z,"Bravo la berri !!!
",0
2014-08-16T22:56:36Z,Encore un bon gardien sur ce match ...,0
2014-08-16T22:16:57Z,Allez Châteauroux !!!,6
2015-04-30T05:03:33Z,C quoi crtte pelouse !!!!!,0
2015-04-29T13:04:41Z,"Mon dieu, cette pelouse !!!!",1
2015-05-12T15:18:28Z,Allez l ASNL,6
2015-05-10T19:56:26Z,c'est de la terre c'est meme plus de la pelouse,8
2015-05-10T14:43:36Z,c est quoi cette pelouse serieux ??!,8
2015-05-10T13:51:39Z,Allez l'asnl ☺,9
2015-05-10T08:58:31Z,Allez l'ASNL !!,8
2015-04-05T12:51:50Z,Putain les boules c était pourtant prévut comme un victoire facile on a pas intérêt à se planter face à dijon,0
2015-05-04T15:17:49Z,L arbitre est un voleur,0
2015-06-12T08:13:12Z,Coup franc neti na film 👏🏿👏🏿,7
2015-06-06T08:59:10Z,Excellent ,1
2015-07-19T20:08:09Z,"Aaaah Roger Hitoto,un grand leopard,medaille de bronze CAN 1998.Ca m'a fait grand plaisir de le revoir encore.A la CAN 2015 le match reference est celui de 4-2 vs congo brazza mais a l'epoque de Hitoto c'etait le fameux match miracle vs le pays organisateur le Burkinafaso.Mene 4-1 a 5' de la fin du match,nous avions egalise et battu le Burkina au tirs au buts.Encore merci a Roger Hitoto.",1
