publish_date,title,view_count
2014-10-08T19:42:51Z,Etanda Nkololo,99
2015-01-01T19:26:07Z,N&#39;kololo,84
2015-06-10T00:15:33Z,RDC vs CAMEROUN à MONS but extraordinaire de BOTAKA,22223
2014-11-01T23:00:02Z,Clermont Foot - Nîmes Olympique (3-0)  - Résumé - (CF63 - NIMES) / 2014-15,3641
2014-08-16T22:00:02Z,Châteauroux - Clermont Foot (3-2)  - Résumé - (LBC - CF63) / 2014-15,7888
2014-10-31T14:30:53Z,CLERMONT - NIMES  3-0,492
2015-04-28T22:00:00Z,Clermont Foot - FC Sochaux-Montbéliard (0-0)  - Résumé - (CF63 - FCSM) / 2014-15,1873
2015-04-18T22:00:00Z,Clermont Foot - US Orléans (1-0)  - Résumé - (CF63 - USO) / 2014-15,2036
2015-03-21T22:59:59Z,AC Ajaccio - Clermont Foot (1-2)  - Résumé - (ACAJ - CF63) / 2014-15,2774
2015-05-16T22:00:00Z,Stade Lavallois - Clermont Foot (3-1)  - Résumé - (LAVAL - CF63) / 2014-15,5248
2015-04-11T22:00:00Z,Nîmes Olympique - Clermont Foot (0-1)  - Résumé - (NIMES - CF63) / 2014-15,1962
2014-08-23T22:00:01Z,Clermont Foot - GFC Ajaccio (3-4)  - Résumé - (CF63 - GFCA) / 2014-15,10927
2015-03-22T17:25:04Z,Jordan Botaka - Amazing Skills Show ● 2015 ● HD,78313
2014-11-02T10:30:03Z,Top buts 13ème journée - Ligue 2 / 2014-15,3072
2014-08-30T22:00:03Z,Chamois Niortais - Clermont Foot (0-0)  - Résumé - (NIORT - CF63) / 2014-15,1897
2015-05-03T17:24:07Z,"Jordan Botaka - Excelsior - Skills, Goals, Assists - 2014/2015",4553
2015-05-09T21:59:59Z,Clermont Foot - AS Nancy-Lorraine (0-1)  - Résumé - (CF63 - ASNL) / 2014-15,5343
2015-04-04T21:59:59Z,Clermont Foot - Angers SCO (2-0)  - Résumé - (CF63 - SCO) / 2014-15,4233
2014-11-08T23:00:01Z,US Orléans - Clermont Foot (2-1)  - Résumé - (USO - CF63) / 2014-15,4628
2015-05-02T22:00:00Z,Tours FC - Clermont Foot (0-1)  - Résumé - (TOURS - CF63) / 2014-15,2326
2014-11-01T19:09:13Z,Conférence de presse Clermont Foot - Nîmes Olympique (3-0) - 2014/2015,468
2015-06-06T06:58:49Z,RD Congo U17 - Aile Europe - Tournoi internationale de Villeneuve d&#39;Ascq,21804
2015-04-13T08:32:08Z,Christopher Oualembo (February - March 2015),1502
2015-06-04T16:59:25Z,Stage des léopards à Mons : arrivée de Chancel Mbemba et Jeremy Bokila,4673
2015-01-08T12:06:58Z,Foot ball:1-1 LES LÉOPARDS DE LA RDC FACE AUX LIONS INDOMPTABLES  DU CAMEROUN (Match amical),719
2015-06-10T22:59:07Z,Chancel Mbemba victime de son succès après RDC -  Cameroun de MONS,16621
2014-09-26T18:09:39Z,wilson kamavuaka highlights,2315
2014-10-24T21:51:19Z,MONTAGES JOUEURS MOUSSAID SPM,1523
2015-06-04T20:55:14Z,"Stage des léopards à Mons : Mongongu, Mavinga, Kamavuaka s&#39;expriment",5594
2015-06-12T20:00:40Z,RDC - CAMEROUN du 09 juin 2015 Hymnes Nationaux,4793
2015-04-27T21:13:06Z,Matumona Roum vous donne rendez-vous le 2 mai à Kin,8854
2015-06-14T16:04:37Z,RDC 1 -0 MADAGASCAR   but de FIRMIN MUBELE NDOMBE  .CAN 2017,7000
2015-06-12T17:59:51Z,Ambiance à Mons avant pendant et après RDC - CAMEROUN,1598
2015-07-16T19:06:02Z,"A la découverte de Kévin VITA, le bourreau de Villeneuve d&#39;Ascq",8417
2015-04-16T19:24:59Z,Découverte - Loïck Mangala Berwick Rangers - Ecosse,5274
2015-06-02T08:43:31Z,Arrivé du Coach Franklin Kimbongila à Kinshasa,424
2015-06-06T11:20:28Z,14 - 0 : SUIVEZ MULUMBU ET LE COACH MWYNYI ZAHIRA.,6352
2015-06-07T18:26:02Z,LES LÉOPARDS SE CONFIENT DE NOUVEAU A CONGOFOOT SUR EDTV.,6909
