publish_date,title,view_count
2014-10-19T21:22:41Z,Girondins de Bordeaux - SM Caen (1-1) - Highlights - (GdB - SMC) / 2014-15,1447
2014-09-14T22:00:03Z,AS Saint-Etienne - SM Caen (1-0) - Highlights - (ASSE - SMC) / 2014-15,1766
2014-12-04T23:00:09Z,EA Guingamp - SM Caen (5-1) - Highlights - (EAG - SMC) / 2014-15,1090
2015-01-11T23:00:01Z,LOSC Lille - SM Caen (1-0) - Highlights - (LOSC - SMC) / 2014-15,1218
2014-11-02T23:00:06Z,FC Metz - SM Caen (3-2) - Highlights - (FCM - SMC) / 2014-15,2260
2015-05-17T02:14:55Z,SC Bastia - SM Caen (1-1) - Highlights - (SCB - SMC) / 2014-15,772
2014-10-05T21:01:35Z,SM Caen - Olympique de Marseille (1-2) - Highlights - (SMC - OM) / 2014-15,8605
2015-05-03T22:53:43Z,OGC Nice - SM Caen (1-1) - Highlights - (OGCN - SMC) / 2014-15,1292
2014-09-21T22:00:06Z,Toulouse FC - SM Caen (3-3) - Highlights - (TFC - SMC) / 2014-15,1705
2015-05-10T22:00:00Z,SM Caen - Olympique Lyonnais (3-0) - Highlights - (SMC - OL) / 2014-15,2725
2014-08-24T22:06:52Z,Stade de Reims - SM Caen (0-2) - Highlights - (SdR - SMC) / 2014-15,1940
2014-12-18T06:00:01Z,SC Bastia - SM Caen (3-2 a. p.)  (1/8 de finale) - Résumé - (SCB - SMC) / 2014-15,15862
2015-05-24T04:02:37Z,SM Caen - Evian TG FC (3-2) - Highlights - (SMC - ETG) / 2014-15,1448
2014-09-28T22:00:03Z,RC Lens - SM Caen (0-0) - Highlights - (RCL - SMC) / 2014-15,854
2014-09-25T22:00:04Z,SM Caen - Paris Saint-Germain (0-2) - Highlights - (SMC - PSG) / 2014-15,14651
2014-08-17T22:00:04Z,SM Caen - LOSC Lille (0-1) - Highlights - (SMC - LOSC) / 2014-15,4668
2014-12-21T23:00:07Z,SM Caen - SC Bastia (1-1) - Highlights - (SMC - SCB) / 2014-15,1175
2014-08-31T22:00:02Z,SM Caen - Stade Rennais FC (0-1) - Highlights - (SMC - SRFC) / 2014-15,1735
2015-05-03T22:56:23Z,OGC Nice - SM Caen (1-1)  - Résumé - (OGCN - SMC) / 2014-15,10377
2014-10-19T20:37:50Z,Girondins de Bordeaux - SM Caen (1-1)  - Résumé - (GdB - SMC) / 2014-15,20364
2015-05-10T22:00:00Z,SM Caen - Olympique Lyonnais (3-0)  - Résumé - (SMC - OL) / 2014-15,100183
2014-08-10T22:00:04Z,Evian TG FC - SM Caen (0-3)  - Résumé - (ETG - SMC) / 2014-15,30463
2015-05-24T04:36:52Z,SM Caen - Evian TG FC (3-2)  - Résumé - (SMC - ETG) / 2014-15,28643
2014-12-04T23:00:09Z,EA Guingamp - SM Caen (5-1)  - Résumé - (EAG - SMC) / 2014-15,28847
2014-09-21T22:01:24Z,Toulouse FC - SM Caen (3-3)  - Résumé - (TFC - SMC) / 2014-15,23951
2014-08-10T23:01:55Z,Evian TG FC - SM Caen (0-3) - Highlights - (ETG - SMC) / 2014-15,3438
2014-10-05T16:52:48Z,SM Caen - Olympique de Marseille (1-2)  - Résumé - (SMC - OM) / 2014-15,115399
2014-11-02T23:00:07Z,FC Metz - SM Caen (3-2)  - Résumé - (FCM - SMC) / 2014-15,31118
2015-01-11T23:00:04Z,LOSC Lille - SM Caen (1-0)  - Résumé - (LOSC - SMC) / 2014-15,11345
2014-09-25T22:00:05Z,SM Caen - Paris Saint-Germain (0-2)  - Résumé - (SMC - PSG) / 2014-15,119961
2014-09-14T22:00:06Z,AS Saint-Etienne - SM Caen (1-0)  - Résumé - (ASSE - SMC) / 2014-15,19832
2014-12-21T23:00:02Z,SM Caen - SC Bastia (1-1)  - Résumé - (SMC - SCB) / 2014-15,10265
2014-08-31T22:00:03Z,SM Caen - Stade Rennais FC (0-1)  - Résumé - (SMC - SRFC) / 2014-15,22023
2014-08-17T22:00:03Z,SM Caen - LOSC Lille (0-1)  - Résumé - (SMC - LOSC) / 2014-15,23519
2015-05-17T02:51:48Z,SC Bastia - SM Caen (1-1)  - Résumé - (SCB - SMC) / 2014-15,10693
2014-08-24T22:01:12Z,Stade de Reims - SM Caen (0-2)  - Résumé - (SdR - SMC) / 2014-15,24564
2014-09-28T22:00:02Z,RC Lens - SM Caen (0-0)  - Résumé - (RCL - SMC) / 2014-15,8872
