publish_date,title,view_count
2015-03-14T22:59:59Z,Tours FC - Stade Brestois 29 (1-1)  - Résumé - (TOURS - SB29) / 2014-15,3557
2015-03-10T11:00:00Z,Stade Brestois 29 - Châteauroux (3-0)  - Résumé - (SB29 - LBC) / 2014-15,5085
2015-02-17T11:00:01Z,Stade Brestois 29 - Nîmes Olympique (3-1)  - Résumé - (SB29 - NIMES) / 2014-15,6724
2015-01-27T11:00:08Z,Angers SCO - Stade Brestois 29 (1-2)  - Résumé - (SCO - SB29) / 2014-15,6613
2015-01-17T23:00:04Z,Stade Brestois 29 - Chamois Niortais (0-0)  - Résumé - (SB29 - NIORT) / 2014-15,1340
2015-04-11T21:59:59Z,Stade Brestois 29 - AJ Auxerre (0-1)  - Résumé - (SB29 - AJA) / 2014-15,4657
2015-04-22T15:13:22Z,Havre AC - Stade Brestois 29 (1-1)  - Résumé - (HAC - SB29) / 2014-15,1676
2015-05-04T22:16:34Z,Stade Brestois 29 - Dijon FCO (0-0)  - Résumé - (SB29 - DFCO) / 2014-15,1177
2015-04-07T10:00:01Z,GFC Ajaccio - Stade Brestois 29 (1-1)  - Résumé - (GFCA - SB29) / 2014-15,3500
2015-05-09T21:59:59Z,AC Ajaccio - Stade Brestois 29 (2-1)  - Résumé - (ACAJ - SB29) / 2014-15,3832
2015-01-10T23:00:03Z,ESTAC Troyes - Stade Brestois 29 (1-0)  - Résumé - (ESTAC - SB29) / 2014-15,4450
2015-02-21T23:00:00Z,AC Arles Avignon - Stade Brestois 29 (1-0)  - Résumé - (ACA - SB29) / 2014-15,2845
2014-11-22T23:00:04Z,Valenciennes FC - Stade Brestois 29 (0-1)  - Résumé - (VAFC - SB29) / 2014-15,4169
2015-02-10T11:00:00Z,AS Nancy-Lorraine - Stade Brestois 29 (2-1)  - Résumé - (ASNL - SB29) / 2014-15,22891
2015-05-16T21:59:59Z,Stade Brestois 29 - ESTAC Troyes (2-1)  - Résumé - (SB29 - ESTAC) / 2014-15,5759
2015-04-25T21:59:59Z,Stade Brestois 29 - Valenciennes FC (1-0)  - Résumé - (SB29 - VAFC) / 2014-15,3245
2015-04-29T17:56:05Z,US Créteil-Lusitanos - Stade Brestois 29 (2-1)  - Résumé - (USCL - SB29) / 2014-15,3237
2015-01-31T22:59:59Z,Stade Brestois 29 - US Orléans (1-1)  - Résumé - (SB29 - USO) / 2014-15,2892
2014-12-13T23:00:02Z,Dijon FCO - Stade Brestois 29 (1-0)  - Résumé - (DFCO - SB29) / 2014-15,5497
2014-11-29T23:00:04Z,Stade Brestois 29 - US Créteil-Lusitanos (2-2)  - Résumé - (SB29 - USCL) / 2014-15,6422
2015-02-28T22:59:59Z,Stade Brestois 29 - FC Sochaux-Montbéliard (1-1)  - Résumé - (SB29 - FCSM) / 2014-15,3571
2015-03-21T22:59:59Z,Stade Brestois 29 - Stade Lavallois (0-0)  - Résumé - (SB29 - LAVAL) / 2014-15,1790
2015-03-09T22:53:03Z,Conférence de presse Stade Brestois 29 - Châteauroux (3-0) - 2014/2015,228
2014-09-04T14:02:38Z,Qualif. CAN2015 : Regroupement des Aigles du Mali à Kabala,8727
2014-09-09T13:31:51Z,Pronostic du match Algérie - Mali par Karim Ghanem,459
2014-10-20T12:27:41Z,Abdoulaye Diaby // All Goals 2014-2015 Season,24192
2014-11-20T03:02:04Z,algerie 0  -  mali 2 19.11.2014,416
2015-05-07T09:07:19Z,COPPA D&#39;AFRICA 2015 [FUTSAL] - Burkina Faso vs Mali [Ritorno],166
2014-11-02T17:20:23Z,Football / Ligue 1 / Der Zakarian : &quot;Je n&#39;ai pas de regret&quot; - 02/11,127
2014-11-18T15:22:46Z,"Corneille, muse de l&#39;Equipe de France",880
2014-09-29T23:06:50Z,Bienvenue de l&#39;Académie JMG du Mali au projet Soccer11.ca du canada,23374
2014-12-13T22:44:47Z,Conférence - Sagnol et Der Zakarian au micro,362
2015-05-19T01:40:16Z,Sports  A La Une présenté par Mame Fatou Ndoye  - 18 mai 2015  - Partie 1,888
