published-time,comment,likes
2015-04-12T22:33:19Z,Primero,0
2014-12-15T17:51:47Z,djilobodji est ou? --',0
2014-12-15T17:05:00Z,Les guingamp au top!!!!!!!!!!!!!!!!! ça fait zizirrrr,0
2015-01-23T21:19:32Z,EA Guingamp <3,2
2014-12-19T16:42:52Z,Guingamp!!!,3
2014-12-15T19:14:25Z,Løssl is Danish.,0
2014-12-15T18:17:47Z,Fuc… Psg money not play …….,1
2014-12-15T15:24:12Z,"Αφού ρε παιδιά οι ειδικοί λέγανε καφενείο είναι, πως ήρθε αυτό το αποτέλεσμα; Τυχαίο θα τανε μάλλον.",0
2014-12-15T11:43:28Z,Good luck Guingamp from Greece,2
2014-12-15T02:58:28Z,This is why we love football ♥,3
2014-12-15T01:38:18Z,Unlucky PSG first loss so far in the normal season,0
2015-01-26T22:13:10Z,Pourquoi c'est en anglais ,0
2015-01-26T14:57:07Z,PTDR le but guingampais (le dernier ) 😂,0
2015-01-26T14:54:43Z,Celui de thauvin est magnifique 👍,1
2015-01-26T14:09:27Z,why bastia camera is so shit :D,2
2014-12-01T11:22:51Z,Wass seriously needs out. Something like Lille or Saint Etienne would be perfect for him.,0
2015-01-22T15:33:56Z,WTF les caméramans ont mis des stagiaires ou quoi l'écran bouge de partout et c'est pas centré,9
2015-01-22T09:22:13Z,rougeeeeeeeeeeeeee -_-,1
2015-01-21T21:24:07Z,Elimina le meilleur.,0
2015-01-20T14:40:41Z,"#Ligue1 - Classement des passeurs - Leader du classement, Dimitri Payet (OM) creuse l’écart après sa 8e passe décisive réalisée contre l’EAG lors de la 21e journée de Ligue 1 - http://minilien.fr/a0nvq9",32
2015-01-20T11:36:25Z,"Il est scandaleux qu'un résumé officiel ne fasse pas part de la bourde monstrueuse de l'arbitre qui a oublié de siffler un penalty pour l'OM après une main volontaire que tout le stade a vue... sauf l'arbitre (issu comme par hasard de la ligue Rhône-Alpes)... Alors que dans le même temps, l'OL en est à quatre penalties en sa faveur depuis le début de la saison... Bizarre... J'ai dit bizarre ? Comme c'est bizarre...",0
2015-01-19T19:48:00Z,Allez l'OM!!!!💜💜💜💜,0
2015-01-19T17:37:59Z,allez l om,0
2015-01-19T15:58:28Z,"Manque de pot :'(
#EAAAAAAAAAAAAAAAAAAAAAAAAAAAAAAG",0
2015-01-19T15:56:28Z,"Je vais pas dire que c'était un match fantastique mais l'essentiel a été fait ,par contre Bielsa il faut qu'il  donne sa chance à Doria , Thauvin m'a déçu  comme d'habitude !",0
2015-01-19T12:50:11Z,Faire une faute stupide a la 92 ème minutes Fanni est vraiment malin penalty + Rouge sa été à éviter sa ,0
2015-01-19T11:33:43Z,"Bon L'OM a fait un match vraiment merdique, faut aussi dire que cette équipe de Guingamp a merveilleusement bien joué, mais l'essentiel et la on prend les 3 points et ont recolle Lyon a 1 petit points. Par contre cette arbitre vraiment a chiez, le mec il est a 1 mètres de la main du joueurs breton et il a siffle pas. Allez L'OM.",14
2015-01-19T07:15:24Z,Le carton rouge n'est pas tres comprehensible mais on a les 3 pts et c'est l'essentiel,0
2015-01-19T06:22:21Z,Défaite non mérité 2 action 2 but pour l'om ,0
2015-01-19T00:54:15Z,Victoire et puis c'est tout !,1
2015-01-19T00:11:08Z,"Pas un grand matche mais l'essentiel c'est les trois points

Allez l'OM !",14
2015-01-18T23:59:26Z,Bien joué Guingamp tu nous as fait peur mais l'OM est là <3,7
2015-01-18T23:51:59Z,"Aller OM !!!
",4
2015-07-27T09:18:01Z,vendez habibou,0
2015-04-17T09:08:09Z,"J'ai été le voir dimanche dernier (12 avril) et bein à la 2ieme mi temps les guingampais on bien eu du mal face à nos acteurs rouges et noirs et l'carton rouge, bien fait....",0
2015-04-15T08:53:41Z,Il y a tellement de derbis breton il pourrait faire un championnat rien qu entre eux.,4
2015-04-15T06:52:39Z,Carton rouge méritée beau but et surtout beau centre de grosicki,0
2015-04-13T15:56:19Z,"Yatabaré c'est abuser, pour éviter le carton il fait semblant d'avoir mal, c'est pitoyable!",0
2015-04-13T10:30:29Z,Lossl encore héroïque,0
2015-04-12T23:01:06Z,"Habibou, mon dieu ! quel chevre ca peut etre ce joueur",4
2015-04-12T22:02:52Z,Gg rennes!! Et 1-0000000,0
2015-04-07T16:59:10Z,et bizarrement encore une fois lyon benficie d un penalty imaginaire et obtient le droit d evoluer a 11 contre 10 . depuis le 30nov dernier lyon a eu 12 penalties et 8 de leurs adversaires ont fini a 10 . j en arrive a croire que nos arbitres ne sont pas nul au contraire je met en doute leur honnetete le qsg et l ol ont un reglement a part par rapport aux 18autres clubs,0
2014-11-17T18:24:04Z,La main d umtiti n y figure pas,0
2014-11-12T20:47:20Z,on est la  allez l OL,0
2014-11-12T17:05:15Z,beau coup franc ,0
2014-11-12T15:45:16Z,"#Ligue1 - Classement des buteurs - Alors qu’Alexandre Lacazette (OL) prend seul les commandes du classement officiel des buteurs de Ligue 1 (11 buts), Nabil Fekir a à la fois signé son 2e doublé et le 300e but de la saison ! http://urlz.fr/Uxz",23
2014-11-11T13:43:19Z,"les miieuuuuuuuux ♥♥
 #TEAMOL  ",2
2014-11-10T22:58:53Z,***** mandanda est faible par raport a lopes. Poir moi le n1 de l1 cest sirigu mais bon il est pas souvent mit en danger alors que lopes doit constament ratrapper les oublies de certains ou le talent des adversaires. Ya enyama aussi que je trouve meilleur que mandanda perso meme si c'est la loose en ce moment pour lui.,1
2014-11-10T12:39:34Z,Incroyable ce Lopes! Contrairement à sa défense... 2 eme gardien de ligue 1 derrière Mandanda!,0
2014-11-10T11:56:49Z,EAG <3,0
2014-11-10T05:22:16Z,moi je suis allez voir ce matche,0
2014-11-10T00:23:08Z,"C'est moi ou les résumés sont maintenant limités à quasi que les buts ? ^^ sinon attention pour lyon qui est à 2 pts du leader mais qui doit surtout tirer la sonnette d'alarme !!! Si mentalement lyon n'est pas mieux ils commenceront un debut de crise la semaine pro contre Bastia ! Parce que sinon dans le jeu lyon est bon mais est faible quand il mène au score faut travailler ça, contre Montpellier et maintenant contre Guingamp on s'est fait peur sans consequence mais on aura pas de la chance 3 fois ! Et bastia ne nous reussis pas souvent 1 victoire l'année derniere depuis 10 ans 
(Allez l'ol supporter lyonnais) 9 matchs sans defaite sinon et 5 victoires d'affilée 3eme de ligue 1 solide mais faut montrer un meilleur visage si on veut rester en haut la difference entre guingamp et lyon c'etait la fatigue de C3 c'est ça qui a fait la diff sinon match nul !",5
2014-11-09T23:42:15Z,OL CHAMPION ,6
2014-11-09T23:38:12Z,Il n'y avait pas corner sur celui qui découlait de la main d'Umtiti. Donc débat clos.,7
2014-11-09T23:29:56Z,"Ce qu'on ne voit pas dans se résumé, c'est que Guingamp à dominé pratiquement toute la seconde mi-temps ! Je suis supporter lyonnais mais il faut voir la vérité en face, en deuxième mi-temps Guingamp à été largement plus fort que nous mais pas assez réaliste, par contre sur la main non siffler dans la surface, je trouve normal qu'elle ne soit pas sifflée puisqu'il y avait une erreur d'arbitrage avant cette faute parce que c'est le joueur guingampais qui a sorti le ballon et non Lopes donc il y a avait six mètres et non corner, et si il n'y avait pas eu corner il n'y aurait pas eu de main (logique) ^^ désolé pour les fautes si il y en a :p",1
2014-11-09T23:11:20Z,preums,0
2014-11-09T23:09:31Z,"Je devance les rageux qui diront que c'est abusé y avait pénalty sur Umtiti. Regardez juste la 1e mi-temps et le but qui vous fait revenir à 2/1. Maintenant osez dire que vous auriez mérité un point ce soir. 

Attention je n'ai rien contre Guingamp, au contraire j'admire leur parcours en Europa League, mais je sens déjà les footix qui viendront dire que Lyon est avantagé par l'arbitrage.",8
2015-03-20T20:16:54Z,"Le stade de Nice était encore plus vide que Monaco !! Ils font un concourt ou quoi ??
Prochain derby entre les deux équipes: 50 supporters niçois et 20 supporters monégasque !!",1
2015-03-16T19:33:48Z,"Nice c'est ma religion, et là ça commence à me gonfler sérieusement de voir une équipe de pebrons à jouer sans envie. Je comprends pas les choix du coach à vouloir toujours mettre Hassen à la place de Pouplin. Et quand Delle arrivera ? Il passera n°3 ? Il faut qu'il fasse gaffe, peut-être qu'on préférera même Cardinale à lui >.<
Alors les Aiglons faites un effort.
Issa Nissa <3",2
2015-03-16T18:58:15Z,Aujourd'hui on ne mérite rien on à jouer comme des merdes une énorme domination mais on récolte que ce qu'on le sème... 15 occasion 0 buts.... ,1
2015-03-16T18:15:48Z,Y a que bautheac qui bouge :(,2
2015-07-03T21:46:50Z,WELCOME TO AL HILAL FC !,0
2014-10-27T11:15:09Z,Yes the keeper makes a mistake or two - but the real problem for Guingamp is terrible defending and the lack of effort in getting back to assist your teammates once the ball is lost.,1
2014-10-27T11:11:15Z,terrible goalkeeping...,1
2014-10-27T05:53:19Z,Carlos Eduardo great. Porto player.,7
2014-10-26T23:53:26Z,"This keeper is horrible, where is samassa?",0
2014-10-26T23:34:29Z,Aïe aïe aïe,0
2014-12-05T16:06:31Z,il a fait le gardien sur le 2e but ?!!,0
2014-12-03T20:16:09Z,trops fort les CROIX,0
2014-12-01T19:27:48Z,Bravo les croix et chapeau D.Wass,0
2014-12-01T18:08:29Z,Venez voir mes vidéos !! Sur les croix ,0
2014-12-01T06:19:47Z,Le coup franc o_O,0
2014-11-30T23:05:39Z,Salut les gars bon travail a toute lequipe pour les commentaires d'après match !,0
2015-02-15T23:22:48Z,first,1
2015-05-02T09:49:41Z,Jadore guingamp  cest mes amis,1
2015-05-02T09:49:11Z,Beauvue tes le meilleur  ,1
2015-05-01T13:42:26Z,Faut acheter claudio beauvue a Lyon,0
2015-04-30T16:03:49Z,Magnifique but de Beauvue !!!!,0
2015-04-27T16:19:26Z,C'est sport de la part de Beauvue de dire que son but était un centre raté. Belle victoire ! Aller Caen on peut encore gagner les matchs restants !,0
2015-04-27T08:55:19Z,Deux beaux buts ,0
2015-04-27T08:53:16Z,Le but de Beauvue !,0
2015-04-27T06:36:48Z,Le stade de Caen est toujours plein ?comment ils font?,0
2015-02-15T10:43:37Z,Alassan Plea,0
2015-01-28T18:07:39Z,Lacazette > Ibrahimovic + Cavani,0
2015-01-27T19:28:02Z,allez l om,0
2015-01-27T05:50:32Z,La vague marseillaise est finit,0
2015-01-26T17:57:24Z,Bien les arbitres encore pour paris !,0
2015-01-26T16:39:40Z,"""Féret passe un cap"" Il est sérieux le mec là ? O_o",1
2015-01-26T16:34:52Z,"les niçoises l'ouvrent grande, j'vous rappelle que battre l'OM a domicile et qu'on a pas de défense c'est pas un exploit. Et puis j'vous entend fort là, j'vous entendait pas au match aller ? Combien déjà? 4 on en avait mis?",0
2015-01-26T12:00:59Z,aller l ASSE,0
2015-01-26T11:42:34Z,Une décision contestable le penalty de ASSE-PSG ? C'est une blague ? Vous connaissez le règlement à la ligue ou quoi ? Bande d'amateur !,3
2015-01-26T08:51:03Z,Allez la paillade!!,0
2015-01-26T08:13:29Z,#Ligue1 - J22 - Revivez les meilleurs moments de la 22e journée de Ligue 1 en vidéo sur la chaîne officielle YouTube !,13
2015-01-26T00:41:38Z,gg nice comme ca on va repasser devant marseille! :D,3
2015-01-26T00:20:17Z,C'est scandaleux que ibra n'est pas u de carton rouge l'arbitre assistant il était a 1m,0
2015-01-26T00:12:55Z,Alllllez PAAARIS,2
2014-11-12T02:43:21Z,"Lyon have a great youthful squad with Njie, Fekir (who's way underrated), Njie, and Umitti. They also have Maxime and Gourcuff, whom if by a miracle can stay fit, is a great squad. A shame they're not in CL or EL.",0
2014-11-10T14:25:21Z,"I hope lyon achieve something great at the end of the season, they deserve at least 3rd place imo",3
2014-11-09T23:10:57Z,Hope Lyon's players like lacazette and lopes don't leave in the next transfer window ,5
2015-02-09T18:54:04Z,B*zi monaco elvitt 25000-t,0
2015-02-09T04:43:58Z,красавы Бовю в фэнтези)),0
2015-07-21T10:00:20Z,"Tu veux bien mettre l entrer des joueurs
",0
2015-02-19T21:21:59Z,"Guingamp 2 ème MDR !!
Le commentateur doit êtres guingampé !!! ",0
2015-02-16T22:36:37Z,c est moi où il a dit Guingamp 2ieme??? ah ah ah,1
2015-02-16T16:22:56Z,Guingamp!!,0
2015-05-21T22:32:28Z,Lucas man aaaaah,0
2015-05-11T18:45:50Z,"Cavani's third is beautiful..brilliant Verratti pass when no-one was ready, and great finish.",0
2015-05-11T17:21:27Z,oh la branlé !!! aller paris !!,0
2015-05-11T13:24:29Z,IBRA IBRA IBRA!,1
2015-05-11T02:15:50Z,Fantastic team!,2
2015-03-02T19:40:00Z,"Victoire a l'arrache mais elle fait du bien, des fautes inutiles des deux cotés, des Guingampais fatigués qui n'ont pas su joueur leur jeu, un super Veigneau (a souligner), un bon Deaux et un bon Bessat. Vivement le retour de Bedoya, ça fera du bien au milieu.",0
2015-03-02T12:28:00Z,"Faut arrêter la mauvaise fois les gars ..Nantes à fait un match dégueulasse, la première MT catastrophique tant en terme de jeu que d'engagement inutile.
L'arbitrage brille d'efficacité encore --'
Des cartons très mal donné d'un côté comme de l'autre.
Bangoura faudrait le prêter à un DH parce qu'il est mauvais ..
Michel Der Zakarian à raison concernant les pleureuses à Guingamp, mais faut pas les mettre dans le même panier. Mandanne/Sankharé/Diallo n'ont fais que ça durant tout le match.
Mais l'erreur de sa part c'est de ne pas relever les erreurs de jeu de nos Nantais qui ont fait une premiere MT dangeureuse..

Djilobodji : Son premier carton jaune est immerité mais il aurais dû manger un très beau Jaune sur sa deuxième faute sur Pied
Vizcarrondo: Première faute invisible, Diallo gueule avant d'avoir été touché par le Défenseur, en revanche son second jaune est totalement justifié. 
Veretout: Aurais dû mérité un Jaune(Orangé) sur sa première faute, mais Giresse derrière méritais un rouge sur son attentat sur Gakpé.
Gakpé qui lui, brille par son inutilité tant dans le jeu que dans ses décision, une faute inutile à l'entré de surface qui devrais lui couter son carton
Deaux qui prends un Jaune pour rien.
Guingamp était sur les nerfs de son élimination mais d'autre cartons auraîent pû/dû leurs être donné.

Bref un bon match bien moche à voir, mais 3 points qui font du bien ..",1
2015-03-02T11:59:28Z,C'était une boucherie ce match mais ça se comprend aussi avec 0 match gagné en 2015 mais bon c'est la victoire qui compte.,1
2015-03-02T11:24:17Z,aller pleurer bande de merde de guingampais,0
2015-03-02T09:05:32Z,Je suis supporter de Nantes mais là je trouve qu'ils ont faits bcp trop de fautes... Sinon très bon match de Bammou et Riou,1
2015-03-02T06:29:56Z,"J'ai habituellement du respect pour Nantes, mais sur ce match ils n'en mérite aucun, que des bouchers sur le terrain... Djilobodji mérite au moins 3 cartons rouges. Quand je pense que tout le monde sest offusqué (à raison) du geste de Wallace, c'est bien pire ce qu'il a fait ce week end. Sans parler des commentaires de l'entraineur, une vraie merde ce type...",2
2015-03-02T05:27:59Z,Des vraies pleureuses restez chez vous les fermiers,1
2015-03-01T23:16:45Z,allez les nantais,1
2015-07-13T11:03:35Z,dommage q'uils soie tomber sur la meilleure equipe d'europe et du monde en ldc,1
2015-07-07T12:13:57Z,"Je suis le plus grands  fane  de  thiago  silva et aller paris!!!!!!!!!
",0
2015-06-21T13:39:28Z,bravo paris,0
2015-05-22T17:15:29Z,pas grave guingamp a fait une super saison,0
2015-05-18T20:25:49Z,ICI C'EST PARIS,0
2015-05-18T11:30:25Z,C'est bon ici ^^^^^,0
2015-05-16T17:51:34Z,RATATINOOOOOOOOOOOOOOOOOOOPLE,0
2015-05-15T18:42:19Z,Please make a English version.,0
2015-05-14T08:41:51Z,La défense centrale de Guingamp a pris tellement cher dans ce match... Ca m'en fait presque de la peine.,0
2015-05-13T21:48:02Z,Cavani <3,5
2015-05-13T14:50:13Z,zlatan,0
2015-05-13T13:02:26Z,joli but,0
2015-05-13T11:18:34Z,"Lyon c'est les champions: paris ils sont pourit, merseille ils sont pareil Lyon c'est les champions Lyon c'est les champions !!",0
2015-05-12T17:20:13Z,Zlatan passeur omg,0
2015-05-12T14:32:32Z,"Bah alors? Il est nul Cavani? Il est fini Ibra? Désolé Monsieur Aulas, mais le titre se gagne sur le terrain pas sur Twitter :D",1
2015-05-12T07:33:18Z,paris paris on t'encule sans hibra vous etes rien aller l'OM,0
2015-05-11T18:52:46Z,allez paris! ici c est paris paris est magique,0
2015-05-11T17:51:46Z,Bon ba on va être champions probablement à Montpellier ! ,2
2015-05-11T17:26:53Z,pena que na uefa champions league pipocaram,0
2015-05-11T14:32:02Z,Champions mon frere <3,0
2015-05-11T14:24:50Z,Jadore les personnes qui disent; paris a pas ete exeptionnel cet saison. Nannn a par ca il on eliminer chelsea a 10 vs 11. Il vont realiser un tripler que personne na encore jamais fait et cest lequipe qui a le meilleur goalaverage de l1 ,0
2015-05-11T09:28:06Z,"J'aime biens le regard qu'il a fait sirigu . D'un air de dire : ,, Pas mal """,1
2015-05-11T08:28:17Z,"Lyon se contentera du quadruplé aux trophées unfp.. meilleur joueur, meilleur espoir, meilleur gardien et meilleur entraîneur...",0
2015-05-11T06:31:48Z,Champion du Qatar,1
2015-05-11T05:16:54Z,FLASH INFO : Aulas aurait demandé à ce que la Bretagne ne soit plus française afin de retirer les 3 points du PSG,28
2015-05-11T05:13:54Z,"Une pensée pour Jean-Michel AULAS qui voit même la différence de but s'échapper
:-(",17
2015-05-11T05:13:09Z,"3 fois de suite en quart de LDC, soit 3 fois de suite parmis les 8 meilleurs équipes d'Europe avec au passage, victoire en poule contre le Barça et élimination de Chelsea, tous les titres nationaux cette saison ...oui moi j'aime bien la progression de Paris, et vous ?Ils font quoi les autres clubs Français?

 Bravo à EAG et à Monaco qui oeuvrent pour les points européens. On se rappellera du 0 de l'0M et de la piteuse élimination de l'OL en début d'année :-(",11
2015-05-11T00:07:43Z,"Le triplé historique est proche et apres on demonte Blanc, ce n'est pas le meilleur entraineur du monde mais il a fait le taf, et il l'a fait tres bien =)",1
2015-05-10T22:33:18Z,"Bravo à Paris pour le titre ! On ne peut pas dire que Lyon ne l'aurait pas mérité mais Paris a été plus solide. Sur ces 3 dernières semaines ils sont monstrueux, et imprenables pour qui que ce soit. 
Lyon se contentera d'une qualification directe en LdC. Mais honnêtement qui les aurait vu ici, à vous titiller 36 journées ?",24
2015-05-10T22:28:38Z,"Mr Aulas, une réclamation à faire ? ",0
2015-05-10T22:27:18Z,CHAMPIONS MON FRERE!!,3
2015-05-10T22:26:20Z,"ON EST CHAMPION ON EST CHAMPION !!! ON EST ON EST ON EST CHAMPIOOOOOOOON
champion de France + vainqueur de la coupe de la Ligue et de la coupe de France, quelle saison EXCEPTIONNELLE !!! MERCI PARIS !!!!!!! MEILLEURE EQUIPE EN FRANCE ET DE TRES TRES LOIN !!!!",51
2015-05-10T22:23:13Z,On savais tous que le PSG survolait la ligue 1 c'est pas nouveau 3eme titre consécutif c'est pas les lyonnaises qui allaient nous faire peur elles se sont faites mangées 3-0 par Cean  :') ,1
2015-05-10T22:19:29Z,Avec la défaite de Lyon contre Caen c'est sûr on vas finir champion avec se tripler historique ! ,1
2015-05-10T22:13:24Z,"allez maintenant on peut donner les 3 points du tapis vert a Hole ass et meme retirer lens du championnat on serra toujours champions hahaha. Quand le PSG ne joue plus que le championnat on voit la différence, quelle rouleau compresseur en cette fin de saison, le triple historique se rapproche a pas de géant",1
2015-05-10T22:13:02Z,Sans vouloir faire le rageux ! Combien Zlatan a marque de penalties parce que j'ai l'impression qu'il fait que ça ! ,0
2015-05-10T22:11:25Z,super ce match plus bonne ambiance au parc,1
2015-05-10T22:05:53Z,"Explose
",0
2015-04-27T08:51:45Z,Ce but de Beauvue !,0
2014-12-22T12:16:31Z,Chez vous aussi les commentaires sont en anglais ?,0
2014-11-24T11:28:08Z,Lol the defending for that goal.,0
2015-07-06T17:50:50Z,لاعبنا,0
2015-07-06T08:07:25Z,يالفقراوية نذكركم بثنيان والهداف الي من نص الملعب نذكركم بالتايب والكباري والكعووب نذكركم بمرحلة الهبوط نذكركم بجحفلي 119:14 😊😊😊😊😊,0
2015-07-06T07:08:56Z,انا محمد عياد: الاعب شف لعبه انت وياه #هلالي_متعصب,0
2015-07-06T00:22:50Z,"كيف ما نفوز على نصر الدفع الرباعي 
نسيت جحفلي امام سلمان الحزم ",0
2015-07-05T22:33:39Z,"هذا لاعب الهلال الجديد
",0
2015-07-05T22:33:21Z,,0
2015-07-04T14:15:18Z,يالطواقي لو تجيبون التون براندو وخوان بابلو بينو ماتفوزون على نصرنتوس ههههههههههههههههههه,0
2015-07-04T04:40:51Z,افففف لو يجي للهلال,1
2015-02-13T04:10:01Z,he scores when he wants he scores when he wants carlos eduardo,2
2014-11-01T20:15:31Z,Tio que mala defensa,2
2014-10-31T16:52:52Z,"si este tira los guantes que queda para el arquero brazilero q se comio 7 de los alemaness en la semii de un mundial y en su casaa jajaja esoo si es pa ,matarsee jaja ",0
2014-10-29T22:35:09Z,super recru.... gardien d'un niveau DH ... juste dégouté,1
2014-10-28T17:08:46Z,Carlos Eduardo 5-2 Guingamp,9
2014-10-28T09:12:55Z,"Guingamp Said : Rape me ..
and Eduardo answered ! ",0
2014-10-27T21:04:21Z,une vraie umiliation comme on les aimes :),2
2014-10-27T20:00:40Z,bravo a eduardo meme si je n aime pas nice ,5
2014-10-27T14:04:01Z,La passe sur le 7è but de Nice.. un bijou!,21
2014-10-27T11:35:39Z,"Encore un joueur do FCPORTO.
Seulement notre equipe qui forme les meilleurs joueur du monde...
Aprés il se demande pourque nous vendons cher...
James Rodrigues, Deco, Falcao, etc....",6
2014-10-27T09:23:32Z,"Bien jouer aux aiglon et aussi au guincampais il n'ont rien lacher ils ont tout essayer !
Issa nissa",7
2014-10-27T09:02:40Z,"Bravo quand même a la mentalite des supporters et de joueurs guimpgampais qui n'ont rien laché malgré la valise 

ISSA NISSA",35
2014-10-27T08:57:45Z,πως γινεται να εχασε ο ΠΑΟΚ απο αυτους ακομα δεν το εχω καταλαβει!,1
2014-10-27T07:56:33Z,Le but sur coup franc est magnifique,8
2014-10-27T07:56:04Z,Qui va au match nice-lyon samedi,0
2014-10-27T07:52:18Z,Issa Nissa❤️❤️⚫️⚫️,3
2014-10-27T07:07:25Z,Popopooo ,2
2014-10-27T02:07:16Z,et dire que Aulas a hesite entre Gourvennec et Fournier....lol,2
2014-10-27T00:49:46Z,"FC Porto player ;)
Keep the good job, Carlos...",0
2014-10-26T23:46:00Z,"Non allez Guingamp on se réveille!

Vous avez tout le soutien d'un supporter Nantais :)",3
2014-10-26T23:40:00Z,Oh les gars 7 buts à la maison! ,2
2014-10-26T23:14:25Z,"FORZA NISSA, FORZA EDUARDO",9
2014-10-26T23:13:23Z,Ogc nice je t'aimerais. ... merci pour ce match bravo a carlos qui egale just fontaine seul buteur nicois a avoir marqué 5 buts,17
2014-10-26T23:09:42Z,"Mais putin GUINGAMP, c'est quoi se match ?! Réveillez-vous merde!!!!",0
2014-10-26T23:02:42Z,Eduardo <3,1
2014-12-21T18:15:06Z,Paris sg tete de merde nul,0
2014-12-20T04:08:09Z,,0
2014-12-18T11:53:18Z,chapeau !!!! d'un supporter des Croix de Savoie.,0
2014-12-17T16:13:27Z,Jeremy Pied qui marque de la tete,16
2014-12-16T10:02:53Z,"L'EA Guingamp reste pour moi une des plus grandes énigmes de ce championnat. Comment une équipe aussi courage, aussi motivée, aussi généreuse sur le terrain, peut se retrouver à lutter pour le maintien comme ça depuis le début de la saison ? 

Ils ont très mal commencé certes, mais ils se sont pas laissés abattre pour autant, et ont réaliser des victoires importantes à certains moments... Et que dire de leur prestation en Europa League, juste exceptionnel qu'une petite équipe comme eux joue l'Europe à fond et réussisse à se qualifier en 16èmes de finale. 

Bravo aux Guingampais, lâchez-rien, j'espère vous revoir l'année prochaine en Ligue 1 ! C'est des petites équipes comme ça, courageuses et qui ne lâchent rien malgré les défaites qui s'enchaînent parfois, qu'on aime voir évoluer en Ligue 1 !",5
2014-12-16T09:05:18Z,"#Ligue1 - J18 - Retrouvez les stats officielles de la 18e journée en partenariat avec AMISCO.
Pour le compte de la 18e journée de Ligue 1, AMISCO revient sur la belle semaine de l'En Avant de Guingamp, ponctuée par un succès face au PSG, sur la plus large victoire du LOSC en Ligue 1 depuis plus d'un an, sur l'efficacité offensive du RC Lens en déplacement, mais aussi sur Alexandre Lacazette (OL), meilleur buteur du championnat, et également sur Ryad Boudebouz (SC Bastia) avec une stat bretonne pour l'international algérien - http://t.co/uz7Kgm7ATH",12
2014-12-15T22:38:31Z,:honte:,0
2014-12-15T19:38:13Z,commen le psg pert contre guimganmp  ibra rate a 1M du but 2 foi et chelsea von les terminer7 0,1
2014-12-15T19:07:29Z,bon bah good bye lolo white !,0
2014-12-15T17:31:53Z,je suis supporter parisien mais la bravo a guingamp qui ont vraiment montré du beau jeu contre ces femmelettes de parisiens ,0
2014-12-15T15:44:54Z,et les stat de fin qui sont la pour dire le football c et n importe quoi et même si ont domine pas ont arrive a gagner ,0
2014-12-15T14:26:27Z,"Putain mais y'a TROP d'erreur dans vos vidéos ! Au début c'est Verrati pas Lavezzi à la passe --""",0
2014-12-15T13:40:41Z,"Décidément, le PSG ne nous régalera jamais dans le jeu. Aucune envie, aucune détermination, aucun jeu collectif. Le néant. 

Guingamp, c'est le contraire : ça joue, ça prend des risques, c'est généreux dans les efforts. Bravo l'EAG ! Ce sont des équipes comme ça qui nous font aimer le foot. Petit dans le budget, grand dans l'implication ! 

Guingamp et son collectif a cramé l'individualisme d'un Paris calamiteux ! Le club aux moyens limités a battu le Pognon Saint germain si je puis dire. C'est beau de voir ça. Merci Guingamp. Et RESPECT !


",15
2014-12-15T12:58:53Z,sa mérité comme même un nul ce match,3
2014-12-15T12:58:01Z,"Jusque là l'EAG a été catastrophique lorsqu'il jouait C3 et ligue 1 dans la même semaine et là ils gagnent contre le PSG, faudra qu'on m'explique... En tout cas bravo à l'EAG pour cette victoire",1
2014-12-15T12:07:54Z,"Une honte pour le Psg, meme pas fichu de gagné contre des equipe de bat tableaux avec les stars international qui ont mdr! et vous espéré gagné la ligue des champion? bah vous pouvez révé. Bravo a Guimgamp votre victoire nous fait tousse plaisir",1
2014-12-15T11:52:29Z,"Merci Guingamp, j'ai gagné 200 euros en pariant grâce à vous <3",10
2014-12-15T11:52:07Z,"Les Guingampais sont revenus de Grèce vendredi à 5h du matin environ et ils battent le PSG dimanche 17h , bravo Guingamp !",2
2014-12-15T11:32:08Z,En avant Guingamp!,0
2014-12-15T09:25:20Z,Je croyais que guingamp avait eu de la chance en battant les girondins 2-1 mais pas du tout ils sont d'un tres haut niveau,2
2014-12-15T09:22:17Z,Au revoir laurent...,2
2014-12-15T08:15:21Z,Psg 1er bugdet environ de 500 millions d'euros et guingamp 25 millions de budget haha bien joue guingamp,2
2014-12-15T07:28:18Z,On est les meilleurs et pour une fois l'arbitre est pas contre nous !,1
2014-12-15T06:41:23Z,Haha Merci Guimgqnp !😉😉,2
2014-12-15T06:08:55Z,Bravo aux Guingampais ! Vous êtes une équipe qui fait plaisir à voir jouer !,15
2014-12-15T00:44:51Z,dégueulasse la qualité ,0
2014-12-14T23:32:35Z,Vous m'avez fait plaisir Guingamp bravo a vous ;),18
2014-12-14T23:28:38Z,Bravo a Guingamp ,2
2014-12-14T23:22:38Z,"Bizarre vous montrez pas la grosse main du Guingampais dans la surface, les 4 fautes dans la surface etc.. hm hm",7
2015-05-04T16:18:59Z,on vois pas le but refuse de diallo,0
2015-05-04T13:10:10Z,"Je n'ai pas vu le match, qui était apparemment bien pauvre en occasions. Placide nous coûte la defaite encore une fois, pourtant, je le pensais meilleur en debut de saison ou en fin de saison derniere, il faut oublier ce match et tout donner a Evian, qui, malheureusement, est un spécialiste de ces matchs. Il va y avoir de l'engagement et le gagnant condamnera le perdant. #SDRenL1",0
2015-05-04T13:03:17Z,yes Guingamp est amintenu,0
2015-05-04T07:29:34Z,"Et bien, j' ai été un peu trop optimiste, hélas :/  Le prochain Reims-Evian ne s' annonce pas de tout repos, vu comment Dupraz gère ce genre de rencontre et vu notre forme actuelle...

Placide a encore fait des siennes. C' est le gardien qui fait le plus d' erreurs conduisant à un but en championnat avec Riou en sachant qu' il a joué 7 matchs en moins ""-_-"" 

Bref, l' heure n' est pas aux lamentations, il ne nous reste qu' à espérer un petit miracle face à Evian. Une victoire nous permettrait d' envisager un avenir plus serein avec 4 points d' avance, un nul nous donnerait un léger sursis, tandis qu' une défaite nous enterrerait définitivement, surtout psychologiquement.",1
2015-04-09T15:47:19Z,Lyon💪,1
2015-04-09T08:35:35Z,Sa c la bne  matuidi tes le meilleur jour du paris,0
2015-04-09T07:53:31Z,Cette année c'est la bonne !! Allez l'ol,0
2015-04-08T13:52:57Z,Lacazette a vraiment beaucoup simulé là quand même --'. Le pénalty est vraiment limite...,0
2015-04-07T18:07:05Z,"J ai beau être lyonnais,je pense que turpin ne sait pas arbitrer ",3
2015-04-07T07:29:06Z,"Comme beaucoup disent le penalty est logique, juste le rouge est illogique mais l'OL a dominé donc victoire logique surtout qu'avant le rouge y avait déjà 2 à 0",0
2015-04-06T20:48:17Z,gonalons est peut être suspendu mais est surtout blesse,2
2015-04-06T20:02:26Z,"La moule lyonnaise, comme d'hab, jusqu'au bout ils ont du cul. Et Lalopette se met à simuler maintenant... Expulsion sévère, franchement ras le bol de cette équipe de chatteuses.",0
2015-04-06T19:23:13Z,Sur le Carton Rouge meme si le réglement est clair et selon celui ci c'est CR je pense pas qu'il soit mérité et sinon sur le Pénalty Lacazette joue tres bien la faute meme si on peut voir qu'il n'y a quasiment aucun contact. Sinon magnifique action Guingampaise sur le but de Beauvue ! (supp OL),0
2015-04-06T16:48:47Z,Pour tous ceux qui contestent le rouge je ferais quand meme remarquer que la Ferri part a la droite de Kerbrat mais si il part a sa gauche il a plus de genou,2
2015-04-06T11:03:50Z,Lacazette juste énorme cette saison <3 ,5
2015-04-06T09:35:20Z,J'ai rarement vu plus mauvais arbitre que Turpin ( je ne suis supporter d'aucune de ces deux equipes),1
2015-04-06T08:14:56Z,Ol a complètement dominé le match,0
2015-04-06T07:21:46Z,Arbitre très généreux mais Lyon a totalement dominé Guingamp... Très surpris parce que ce n'est pas ce que j'ai vu en Europa League de la part des bretons...,7
2015-04-06T06:32:07Z,Je suis supporter lyonnais mais je trouve le pénalty et le carton rouge très généreux,2
2015-04-06T02:41:41Z,"Bon arbitrage/mauvais arbitrage limite on s'en fou suffit d'avoir vu le match pour voir que Lyon a surclassé Guingamp 100% du match que ce soit a 11 ou a 10 c'est tout sauf un vol ce match, et pr tous ceux qui disent que l'arbitrage est pr Lyon je rappel juste le match OL-PSG voila voila ",3
2015-04-06T02:35:30Z,"penalty tres tres douteux mais expulsion meritee. Ce n est pas parce qu il n y a pas eu de blessure que le tacle n est pas dangereux. Deux pieds en avant decolles du sol, le reglement est strict. C est comme ca qu on a brise un tibia.",12
2015-04-06T00:25:55Z,Clément Turpin encore?,1
2015-04-05T22:56:14Z,"Il y a pénalty, mais pas le rouge sur le tacle après. Lacazette en rajoute c'est vrai mais à vitesse réelle un seul contact fait perdre l’équilibre. ",9
2015-04-05T22:49:23Z,C'est pas grillé que Lacazette a simuler pour avoir le penalty...,6
2015-04-05T22:20:53Z,"2 faits de jeu contestables au départ mais réellement justifiés. Guingamp n'avait pas la tête dans le match, c'est pas possible de montrer aussi peu d'envie en L1. Victoire méritée. On reste au contact de Paris mais on a encore 7 matchs pour reprendre la tête alors que Paris remplit son infirmerie à l'arrivée d'échéances importantes ... c'est loin d'être fini.",22
2015-04-05T22:14:12Z,tous le monde critique Njie mais quand il marque la personne ne parle ... c'est un joueur avec un potentiel !,15
2015-04-05T22:12:16Z,"That was a dive by Lacazette what a joke, I don't want him in the Premier League if he'll bring that.",3
2015-04-05T22:11:57Z,Magnifique !,6
2015-04-05T22:04:52Z,beau  match,2
2014-12-22T01:04:21Z,Allez Guingamp maintien en vue !!!,1
2015-01-17T11:44:19Z,Ans les pieds de Jeremy Pied ptdrr😂,0
2015-01-15T18:31:41Z,"Bien joué Carvalho, tu l'as bien eu ce gueux de Mandanne.
Au revoir Guingamp et le gros porc des tribunes",0
2015-01-15T16:15:59Z,"la blague nul ""dans les pieds de jeremy pied...""",1
2015-01-15T15:57:40Z,"de toute façon meme si Carvalho ne tombe pas parterre y'a quand meme Mandanne qui lui met un coup de poing au tibia avant de se lever et coup de poing = carton rouge alors de quoi vous vous plaignez ?
La ""faute"" de Kurzawa ne peut pas être sifflée car il est de dos donc il ne voit pas le joueur arriver, il a 100% l'intention de jouer le ballon mais bon imaginons que le penalty est donné et que Guingamp marque ce penalty (parce que faut rappeler à tout ces trous du cul qu'un péno ça rentre pas tout l'temps), bah à la fin ca fait 2-1 pour Monaco
sinon Monaco a eu la possession, + de tirs et une occasion de + que Guingamp, ils se sont montrés plus dangereux et plus réaliste donc victoire méritée",0
2015-01-15T11:03:54Z,punaise j'aurais honte d'etre carvallo car il simule tres bien dommage que ya des joueur toujours pas faire plais et des arbitre completement passer a coter de leur match Dommage pour Guingamp qui meriter pour moi la victoire .,1
2015-01-15T08:47:10Z,"On mérite notre victoire car on a été beaucoup plus réaliste devant le but, c'est tout ! l'arbitre n'a rien d'un con : carvalho a bien senti, en reculant qu'il a marché sur quelque chose, il a levé les bras pour faire signe à l'arbitre que c'était pas exprès ! Mandane a voulu jouer au chaud, ben tant pis pour lui. tu es dans 1/4 de coupe de la ligue pour jouer au foot, pas pour jouer les bad boyz, ce qu'il n'est pas ! 
On ne peut pas siffler contre Kurzawa car il était de dos lors de son dégagement catastrophe : au pire, tu lui mets un jaune pour jeu dangereux mais siffler péno alors qu'il est de dos, serait du n'importe quoi ! J'adore Beauvue mais il est allé jouer le ballon, il ne l'aurait pas eu donc avantage défenseur, défenseur qui était de dos, donc qu'il n'a pas vu arrivé avant d'enclencher le geste !!
Bref, faut regarder le football un peu plus souvent les gens.
PS: E. PETIT, mais quel vendu : au vue des commentaires qu'il a lâché, on ne dirait jamais qu'il a joué à Monaco ! Énervé de la défaite de Guingamp, inutile de se demander s'il était rester impartiale . . la réponse est NON. ",0
2015-01-15T05:36:17Z,Je suis ni Guingampais ni Monégasque mais Guingamp mérite bien plus la victoire que Monaco... avec un arbitre très con...,4
2015-04-20T12:16:01Z,putain Guingamp se fait voler 2 pts !!,1
2015-04-20T11:18:57Z,allez ETG on y croit,1
2015-04-19T22:10:26Z,First,0
2015-04-19T22:07:35Z,First,0
2015-01-13T18:51:43Z,Allez Guingamp !!! <3,0
2015-01-12T14:25:57Z,Allez Lens,0
2015-01-11T23:28:58Z,"Guingamp sont fort en ce moment mais il y a pas penalty, le joueur a avancer expré pour l'avoir  ",3
2015-01-11T23:26:47Z,Bien jouer a guingamp. Ils étaient au dessus on va pas se voiler la face. Allez LENS!!! Contre Lyon on donne tous!,1
2015-01-11T23:20:31Z,Allez Lens !!!,0
2015-01-27T12:30:27Z,"Pourquoi il a pris un rouge, Sankharé ?",1
2015-01-26T16:46:55Z,Chapron toujours aussi nul (et con),0
2015-06-29T08:49:25Z,Bienvenue à l'OL Claudio !!!,1
2015-06-28T03:43:21Z,Welcome to OL,1
2015-06-27T18:10:20Z,"L'Olympique Lyonnais est heureux d'informer d'un accord avec le club de Guingamp pour le transfert de l'attaquant Claudio Beauvue.

Claudio Beauvue signera un contrat de 4 ans avec l'OL, soit jusqu'au 30 juin 2019, une fois passés les examens médicaux nécessaires en début de semaine.

5ème buteur du dernier championnat avec 17 buts, mais 3ème buteur français de Ligue 1 derrière Alexandre Lacazette et André-Pierre Gignac, Claudio Beauvue a marqué 27 buts sur l'ensemble de la saison écoulée dont 5 en Europa League.

Avec les arrivées de Jérémy Morel et de Claudio Beauvue, et les retours après une longue indisponibilité de Gueïda Fofana et Clément Grenier, l'Olympique Lyonnais a bouclé l'essentiel du mercato estival qu'il avait planifié, tout en conservant ses jeunes joueurs issus du centre de formation dont Clément Grenier qui a prolongé son contrat jusqu'au 30 juin 2018; et dans l'attente cette année ou l'année prochaine d'un défenseur central expérimenté.",2
2015-06-27T13:59:45Z,"Salut,
Quelqu'un peut me dire à quel poste il peut jouer exactement ?
J'ai jamais vu de match complet avec lui (je sais, footix toussa...) et je connais pas son registre.
J'ai lu milieu offensif/attaquant mais plus précisement ? C'est quoi ses points forts ?
Bon, j'ai regardé la vidéo mais quelqu'un peut développer ?
Merci.",0
2015-06-27T06:44:27Z,Beau transfert pour lyon ! 😁,0
2015-06-26T11:48:25Z,Welcome to OL!,6
2015-06-20T02:00:27Z,Go Marseille Beauvue gooooooo tu attend quoi!!,1
2015-06-14T17:43:05Z,quand tu vien de gaimgamp et que l'om te propose un bon salaires en plus tu vien tu discute pas le melon le gars heureusement qu'il joue pas pour le barca,1
2015-06-14T10:30:52Z,Vien a L'OM on t'attend !,3
2015-05-10T22:47:40Z,Come to the mighty HOTspurs!,0
2015-04-25T19:28:26Z,,0
2015-03-24T17:33:44Z,Monsieur Air Beauvue !,0
2015-03-24T13:39:53Z,"#12 CLAUDIO BEAUVUE
Guingamp, Ligue 1
Date of birth: Apr 16, 1988
Age: 26
Height: 1,74 m
Nationality: France / Guadeloupe
Position: Striker - Centre Forward
Foot: right",1
2014-10-06T19:25:32Z,merci pour la video,0
2014-10-06T17:50:44Z,Mais putain. Guingamp réveillez vous merde!!!!!!!!!!!!!,0
2014-10-06T17:46:44Z,FCN <333,1
2014-10-06T17:28:51Z,Bien joué,0
2014-10-06T15:31:09Z,pas loin du nkoudouble :),0
2014-10-05T22:27:10Z,Yeeeeeessssss GK :D,1
2014-10-05T21:50:38Z,N'Koudou très très prometteur :),1
2014-10-05T21:05:28Z,FCN <3,1
2014-10-05T20:50:45Z,Et voilà un pur produit du centre de formation ! Ça c'est un but et une victoire avec la manière :),0
2014-10-05T20:48:38Z,First,0
2014-09-28T10:41:34Z,jolie but,0
2014-09-26T18:28:32Z,C'est qui les meilleurs ? Ba c'est Metz ! ,1
