publish_date,title,view_count
2015-03-30T20:28:44Z,Florian Tardieu invité de la Radio 100% supporter du Fc Sochaux Montbéliard le 29 mars 2015,1031
2014-12-13T23:00:01Z,Chamois Niortais - FC Sochaux-Montbéliard (0-1)  - Résumé - (NIORT - FCSM) / 2014-15,3744
2015-01-13T11:00:04Z,Valenciennes FC - FC Sochaux-Montbéliard (1-2)  - Résumé - (VAFC - FCSM) / 2014-15,5886
2015-01-24T23:00:00Z,ESTAC Troyes - FC Sochaux-Montbéliard (2-0)  - Résumé - (ESTAC - FCSM) / 2014-15,6852
2015-05-12T10:00:07Z,Angers SCO - FC Sochaux-Montbéliard (0-0)  - Résumé - (SCO - FCSM) / 2014-15,4942
2015-04-04T21:59:59Z,Stade Lavallois - FC Sochaux-Montbéliard (2-2)  - Résumé - (LAVAL - FCSM) / 2014-15,5549
2015-03-14T22:59:59Z,AJ Auxerre - FC Sochaux-Montbéliard (1-0)  - Résumé - (AJA - FCSM) / 2014-15,6434
2014-10-18T18:19:40Z,Châteauroux - FC Sochaux-Montbéliard (1-4)  - Résumé - (LBC - FCSM) / 2014-15,10131
2015-03-07T22:59:59Z,FC Sochaux-Montbéliard - Tours FC (2-1)  - Résumé - (FCSM - TOURS) / 2014-15,9300
2015-01-17T23:00:07Z,FC Sochaux-Montbéliard - AC Ajaccio (1-1)  - Résumé - (FCSM - ACAJ) / 2014-15,4153
2014-09-20T22:00:02Z,FC Sochaux-Montbéliard - Nîmes Olympique (2-0)  - Résumé - (FCSM - NIMES) / 2014-15,9567
2015-05-23T21:59:59Z,US Orléans - FC Sochaux-Montbéliard (1-0)  - Résumé - (USO - FCSM) / 2014-15,4549
2015-05-02T21:59:59Z,FC Sochaux-Montbéliard - Chamois Niortais (2-3)  - Résumé - (FCSM - NIORT) / 2014-15,4926
2015-04-28T22:00:00Z,Clermont Foot - FC Sochaux-Montbéliard (0-0)  - Résumé - (CF63 - FCSM) / 2014-15,1873
2015-04-25T22:00:00Z,FC Sochaux-Montbéliard - Havre AC (0-1)  - Résumé - (FCSM - HAC) / 2014-15,3837
2015-02-28T22:59:59Z,Stade Brestois 29 - FC Sochaux-Montbéliard (1-1)  - Résumé - (SB29 - FCSM) / 2014-15,3571
2014-10-25T22:00:07Z,FC Sochaux-Montbéliard - Stade Lavallois (1-1)  - Résumé - (FCSM - LAVAL) / 2014-15,4137
2015-05-16T22:00:00Z,FC Sochaux-Montbéliard - Valenciennes FC (1-1)  - Résumé - (FCSM - VAFC) / 2014-15,3967
2014-11-22T23:00:04Z,Havre AC - FC Sochaux-Montbéliard (1-1)  - Résumé - (HAC - FCSM) / 2014-15,7021
2015-04-11T22:00:00Z,FC Sochaux-Montbéliard - US Créteil-Lusitanos (2-1)  - Résumé - (FCSM - USCL) / 2014-15,3781
2015-01-31T23:00:00Z,FC Sochaux-Montbéliard - AC Arles Avignon (1-0)  - Résumé - (FCSM - ACA) / 2014-15,6862
2014-10-04T19:06:59Z,FC Sochaux-Montbéliard - AJ Auxerre (0-0)  - Résumé - (FCSM - AJA) / 2014-15,3402
2015-02-07T23:00:01Z,Dijon FCO - FC Sochaux-Montbéliard (1-0)  - Résumé - (DFCO - FCSM) / 2014-15,5802
2014-12-20T19:26:41Z,FC Sochaux-Montbéliard - Angers SCO (1-1)  - Résumé - (FCSM - SCO) / 2014-15,5197
2015-02-14T22:59:59Z,FC Sochaux-Montbéliard - AS Nancy-Lorraine (0-2)  - Résumé - (FCSM - ASNL) / 2014-15,6092
2014-09-27T22:00:01Z,Tours FC - FC Sochaux-Montbéliard (0-1)  - Résumé - (TOURS - FCSM) / 2014-15,4639
2015-03-21T23:00:00Z,FC Sochaux-Montbéliard - Châteauroux (3-0)  - Résumé - (FCSM - LBC) / 2014-15,10992
2014-09-24T22:00:05Z,FC Sochaux-Montbéliard - Stade Brestois 29 (0-0)  - Résumé - (FCSM - SB29) / 2014-15,2041
2014-11-08T23:00:06Z,FC Sochaux-Montbéliard - GFC Ajaccio (2-1)  - Résumé - (FCSM - GFCA) / 2014-15,6736
2014-09-13T22:00:02Z,AS Nancy-Lorraine - FC Sochaux-Montbéliard (1-1)  - Résumé - (ASNL - FCSM) / 2014-15,9906
2015-04-18T22:00:02Z,GFC Ajaccio - FC Sochaux-Montbéliard (3-0)  - Résumé - (GFCA - FCSM) / 2014-15,7388
2015-02-14T18:57:29Z,Conférence de presse FC Sochaux-Montbéliard - AS Nancy-Lorraine (0-2) - 2014/2015,209
2015-03-05T12:28:30Z,Pourquoi pas mettre le même contre Tours Moussa  ?,209
2015-03-03T06:12:53Z,François Pinet invité dans la Radio 100% supporter du Fc Sochaux Montbéliard le 2 mars 2015,149
2015-03-04T17:33:46Z,De la chance pour Florin Bérenguer...,142
2014-12-18T18:49:44Z,Le SCO d&#39;Angers dans FOOT365,242
2015-07-03T20:30:43Z,Ismael Traoré,2321
2014-12-01T21:39:39Z,Karl Toko Ekambi invité de la Radio 100% supporter du Fc Sochaux Montbéliard le 1er décembre 2014,1037
