published-time,comment,likes
2015-03-17T15:20:36Z,"#Ligue2 - Classement des buteurs - Le podium pour Youssef Adnane !
Auteur d’une splendide frappe face à son ancien club, Youssef Adnane (Stade Brestois) monte sur le podium du classement officiel des buteurs de Ligue 2 après la 28e journée - http://www.lfp.fr/ligue2/article/le-podium-pour-youssef-adnane.htm",1
2015-03-16T11:05:28Z,#Ligue2 - J28 - Retrouvez tous les résumés des matchs du week-end sur la chaîne officielle YouTube !,3
2015-03-16T06:37:15Z,"On est 4 autour d'adnane, personne le tacle, il frappe tranquille....vraiment une equipe de branque cette saison.",0
2015-03-15T19:08:52Z,"Adnane n'était pas titulaire, n'importe quoi le commentateur...",0
2015-03-15T17:22:14Z,Adnane titulaire ??????????,0
2015-03-15T10:50:41Z,Aller Brest NE VOUS DÉCOURAGER PAS ON PEUT ENCORE Y CROIRE À LA LIGUE 1,0
2015-03-10T14:01:54Z,"Et ACA-AJA, c'est en option !?",0
2015-03-10T11:10:32Z,#Ligue2 - J27 - Revivez les meilleurs moments de Stade Brestois 29 - Châteauroux (3-0) sur Youtube ! ,3
2015-02-17T18:25:26Z,Quand je pense que Adnane était à Tours en début de saison,0
2015-02-17T16:13:03Z,"C'était un super beau match
Bien jouer a Brest vous avez été meilleurs
Allez le Nîmes olympiques",2
2015-02-17T16:07:22Z,"Magnifique jeu Brestois ^^ Victoire méritée, ils ont bien dominé. ",1
2015-02-17T15:48:26Z,"#Ligue2 - Classement des buteurs - SB29 : les nouveaux font l’animation !
Le Stade Brestois 29 a inscrit trois buts à Francis-Le Blé pour la 2e fois cette saison : une performance réussie grâce à l’efficacité du nouveau duo offensif du club, Gaëtan Courtet-Youssef Adnane - http://minilien.fr/a0ny9l",0
2015-02-17T14:15:34Z,#Ligue2 - J24 - Revivez les meilleurs moments de Stade Brestois 29 - Nîmes Olympique (3-1) en vidéo !,1
2015-02-17T11:30:33Z,"Avec les nouvelles recrues, Brest ne peut que monter en ligue1.",5
2015-02-17T11:12:37Z,Si seulement Simon Falette l'avait mise au fond.... Le but de l'année,1
2015-02-17T11:04:14Z,Vive Brest,1
2015-01-28T14:10:28Z,Quand on voit le nombre de tir cadré à chaque équipes et qu'on voit 3but... C'est flagrant,0
2015-01-27T20:55:10Z,Beaucoup trop d occasions qui passe a côté du cardre pour le SCO,0
2015-01-27T18:42:15Z,Ce sont les types de match que doit gagner Angers pour commencer a rever,0
2015-01-27T14:07:11Z,#Ligue2 - J21 - Revivez les meilleurs moments de Angers SCO - Stade Brestois 29 (1-2) en vidéo !,2
2015-01-27T11:36:59Z,par hasard quel qu'un connait le titre de la musique a l'entrée des joueurs ? ça fais un moment que je la cherche.,0
2015-05-09T08:47:28Z,Allez Auxerre les supportere son la,0
2015-04-15T14:50:47Z,"Pour moi c'est pas juste!  Les auxerrois ont eu un gros manque de réalisme mais sur une occasion ils ont marqué, ils ne méritaient pas de gagner! C'est pas grave les brestois sont les meilleurs comme dit la chanson LES BLANCS SONT LES MEILLEURS LES AUTRES C'EST DES BRANLEURS..",2
2015-04-14T10:38:59Z,"J'étais en Tribune Quimper à ce match là, et franchement je pense qu'Auxerre s'en sort vraiment bien avec des gros coups de chance. Brest méritait au moins de marquer un but ! En revanche, le but de Puygrenier est juste magnifique...
Mais bon, c'est pas parce qu'on a perdu contre l'AJA en coupe et en championnat qu'ils faut baisser les bras, bien au contraire ! ALLEZ BRESTOIS TES SUPPORTERS SONT LA ! La montée s'annonce, certes, dure, mais il faut y croire jusqu'au bout pour Brest !",0
2015-04-12T16:45:46Z,Lembet parfait !! un gardien décisif c'est la clef d'une défense solide. Allez Auxerre faites nous rêver.,0
2015-04-12T13:53:03Z,Hold up parfait! Mais allez Brest!!!,0
2015-04-22T17:32:13Z,"Avec le but du Havre, c'est mieux... ;)",1
2015-05-06T14:39:06Z,"Homme du match le gardien de Dijon mais ALLEZ BREST
",0
2015-05-06T13:20:58Z,allez dijon,1
2015-05-05T16:36:01Z,Il manque quand même la belle occaz de Raspentino de l'extérieur qui passe de quelques centimètres à côté du poteau ! Assez bon match sinon,0
2015-05-05T15:59:30Z,Très gros match de Baptiste Reynet ,2
2015-05-05T10:51:01Z,"Il parait que les supporters brestois ont chanté ""la ligue1 c bien mais la ligue2 c mieux"" étant supporter brestois, j'ai trouver que ça rimer bien. ",0
2015-04-07T16:57:56Z,Il est pourri votre stade,1
2015-04-07T14:21:05Z,C'est quoi le sponsor d'Ajaccio ? ,1
2015-04-07T10:22:26Z,#Ligue2 - J30 - Revivez les meilleurs moments de GFC Ajaccio - Stade Brestois 29 (1-1) en vidéo !,7
2015-05-10T12:11:18Z,"Problème de caméra pas d'éclairage, j'étais au match ",1
2015-05-10T11:05:36Z,Y aurai pas eu un petit probleme d eclairage??,0
2015-05-09T22:04:47Z,First,0
2015-01-11T14:32:52Z,"Eloy Bip tu sais pas de quoi tu parles, Moimbé ne touche pas l'autre vilain de Jean qui se croit à la piscine, & ""véritable agression"" tu vas te calmer Gilbert Montagné, viens jouer contre moi en District je vais te montrer ce que c'est, si tu veux ! 
Troyes est une bonne équipe qui propose un beau football mais là ils ont fait un match totalement indigne pour un premier & méritait de perdre ..",0
2015-01-11T02:51:23Z,"Falette son geste, on le voit très mal là mais c'est une véritable agression, je pense qu'il va prendre pas mal de matchs de suspension et c'est tant mieux, mauvais perdant, bref allez l'ESTAC champion d'automne ! ",1
2015-01-11T00:09:40Z,"falette se fait limite attaquer, une réaction nerveuse, il n'a pas a se prendre ce carton...",1
2015-01-10T23:13:11Z,C'est du grand n importe quoi ce match!!!,0
2014-11-24T10:32:46Z,#Ligue2 - J15 - Revivez les meilleurs moments de Valenciennes FC - Stade Brestois 29 (0-1) en vidéo ainsi que tous les autres résumés de la 15e journée grâce à notre chaîne officielle YouTube !,1
2014-11-23T18:37:04Z,"Un montage des actions à revoir....
Vous montrez le but puis le coup franc de Grougi....""pour le 2-0 ""d'après le
commentaire.

Donc pour rappel : Grougi est sorti à la 65ème et le but est à la 76ème....
en gros toutes le montage de la 2nde mi temps est à revoir...",0
2014-11-23T10:24:38Z,Grosse main non sifflé qui mérité le rouge et penalty la balle filé droit dans le but  .. Arbitre incompétent .. ,2
2015-02-19T12:21:03Z,j’espère que Nancy ira en ligue 1,1
2015-02-13T06:38:01Z,Nancy très beau math mais prépares vous à jouer a sochaux ,1
2015-02-11T00:22:45Z,iciii c nancyyy,2
2015-02-10T23:02:04Z,Ce n'est plus Correa l'entraîneur ?,0
2015-02-10T22:55:27Z,Viva Nancy !,1
2015-02-10T19:47:24Z,Le mec c'est juste un monstre ALLEZ NANCY !!!!,4
2015-02-10T11:20:01Z,#Ligue2 - J23 - Revivez les meilleurs moments de AS Nancy-Lorraine - Stade Brestois 29 (2-1) en vidéo !,7
2015-02-10T11:06:32Z,Youssouf comme à la bonne époque!!! C'est bon de le retrouver en jambes!!!,10
2015-05-16T22:29:25Z,"Hahaha, le plus beau but contre son camp que j ai jamais vu. ",2
2015-04-26T09:24:46Z,"ALLEZ BREST ALLEZ ALLEZ BREST ALLEZ ALLEZ...
J'Y CROIS A FOND POUR BREST ! Super résumé et le but de pelé est vraiment bien joué ! ICI C'EST BREST !!!",1
2015-04-30T16:39:53Z,G vu le match en entier et on peut dire que brest perd encore une fois sur un HOLD-UP,1
2015-02-01T11:17:59Z,"Bonne chance Gaëtan malheureusement Vasseur préfère vendre les joueurs qui mouillent le maillot plutôt que ceux qui foutent rien comme Ngog, j'espère que tu reviendras l'année prochaine.",2
2014-12-14T18:34:26Z,Oui!,0
2014-12-14T11:37:09Z,"Un match nul aurait était mérité au vu du match, Brest légèrement dominé en première période et vice versa pour Dijon légèrement dominé en seconde période. C'est cruel mais c'est pas ce qui nous arrêtera dans la course pour la montée.
Allez Brest!  ",1
2014-12-14T11:24:41Z,les sœurs jumelles .....Dijon et brest c'est pareil alors ca joue sur un détail....Brest montera en L1 ......Dijon ? je sais pas .....mais hier match très intense .....vraiment très intense ! et ça c'est bon pour la suite pour les deux équipes .,0
2014-12-14T10:38:58Z,merci fallait pas on peut marquer tous seule,0
2015-03-01T16:10:15Z,Allez les sochaliens,0
2015-05-22T16:06:24Z,Welcome in brugesss !!,0
2015-05-22T12:36:01Z,welcome to the best team in Belgium !,3
2015-05-22T10:42:15Z,welcome in bruges,0
2015-01-28T23:39:49Z,So average but very prolific,0
2014-12-20T09:52:48Z,"Abdoulaye DIABY la fierté malienne, bonne carrière à lui",0
2014-10-23T18:03:47Z,"Genialny filmik, co za emocje, na prawde, wzruszyłem sie. Łzy same cisną się do oczu, po prostu CIARY! Oby więcej takich ludzi jak Ty. Pozdrawiam i czekam na kolejne filmy. 
Jujo كنت نيغا",0
2015-05-15T19:18:44Z,Bello,0
