publish_date,title,view_count
2015-01-10T23:00:08Z,AC Ajaccio - Nîmes Olympique (0-1)  - Résumé - (ACAJ - NIMES) / 2014-15,3331
2014-10-25T22:00:05Z,AC Ajaccio - Valenciennes FC (2-1)  - Résumé - (ACAJ - VAFC) / 2014-15,4477
2014-11-01T23:00:02Z,Dijon FCO - AC Ajaccio (3-0)  - Résumé - (DFCO - ACAJ) / 2014-15,3959
2014-08-23T22:00:03Z,AC Ajaccio - Tours FC (1-0)  - Résumé - (ACAJ - TOURS) / 2014-15,4428
2014-08-09T22:30:26Z,AC Ajaccio - FC Sochaux-Montbéliard (0-2)  - Résumé - (ACAJ - FCSM) / 2014-15,13306
2014-08-02T22:00:02Z,AC Arles Avignon - AC Ajaccio (0-0)  - Résumé - (ACA - ACA) / 2014-15,5963
2014-08-19T19:04:53Z,GFC Ajaccio - AC Ajaccio (0-2)  - Résumé - (GFCA - ACAJ) / 2014-15,9046
2014-09-20T22:00:01Z,AJ Auxerre - AC Ajaccio (1-1)  - Résumé - (AJA - ACAJ) / 2014-15,3400
2014-12-20T23:00:04Z,Stade Brestois 29 - AC Ajaccio (2-1)  - Résumé - (SB29 - ACAJ) / 2014-15,4160
2014-09-13T22:00:01Z,AC Ajaccio - Châteauroux (1-1)  - Résumé - (ACAJ - LBC) / 2014-15,2790
2014-12-13T23:00:01Z,AC Ajaccio - AS Nancy-Lorraine (2-0)  - Résumé - (ACAJ - ASNL) / 2014-15,3049
2014-10-31T14:33:32Z,DIJON - AJACCIO  3-0,287
2014-11-29T23:00:06Z,US Orléans - AC Ajaccio (1-1)  - Résumé - (USO - ACAJ) / 2014-15,2178
2014-12-18T06:00:03Z,AC Ajaccio - Paris Saint-Germain (1-3)  (1/8 de finale) - Résumé - (ACAJ - PSG) / 2014-15,94661
2014-08-30T22:00:02Z,Stade Lavallois - AC Ajaccio (0-0)  - Résumé - (LAVAL - ACAJ) / 2014-15,2470
2014-10-18T18:23:08Z,Clermont Foot - AC Ajaccio (1-1)  - Résumé - (CF63 - ACAJ) / 2014-15,1923
2015-01-24T23:00:00Z,AC Ajaccio - GFC Ajaccio (0-3)  - Résumé - (ACAJ - GFCA) / 2014-15,18486
2014-12-12T18:10:28Z,AJACCIO - NANCY  2-0,81
2015-01-10T14:05:36Z,Football Toulon Le Las vs AC Ajaccio Arrivée Team Corsica  Toulon Live TV Sports 2015,402
