published-time,comment,likes
2014-09-14T22:54:07Z,Allez asse,1
2015-05-18T23:02:23Z,Je ne le sprechen pas le sprach et Jaime Baguette parce que les Baguettes stinken Avec Croissant le pénis.,1
2014-10-10T02:15:27Z,"Un capo Marcelo Bielsa , seguro aprenderan mucho los jugadores del marsella",0
2014-10-06T00:34:56Z,Marseille unstopable..remind me old marseile when Cana was captain,6
2014-12-18T11:03:30Z,Superbe victoire. Forza Bastia. Tribuna Petrignani. B1905 :),3
2014-12-18T09:35:25Z,#CDL - 8es - Retrouvez les résumés des 8es de finale de la Coupe de la Ligue grâce à notre chaîne officielle YouTube !,3
2015-04-23T19:32:19Z,Sirigu is the best goalkeeper in the world i will say,0
2014-09-26T12:06:12Z,Great Lucas and Marquinhos,0
2014-09-26T09:50:57Z,"ICI C'EST PARIS, FUCK L'OM!",1
2014-09-26T02:18:41Z,Great game from Lucas. He paid no mind to that turd Menez and actually did his business on the pitch. Great that Marquinhos wasn't sold. He's going to be a great CB.,7
2014-08-19T18:52:21Z,"This red card and penalty they were take out with ass, because soccer player which fouled, has touched distinctly ball ! So this decision of judge about dictating penalty and ejection of soccer player from sports field, there is simply for acceptance not.",1
2014-08-18T05:36:14Z,"That was a horrible call by the referee. That was no penalty or a red card. 
I hope Caen can get that card rescinded.",0
2014-08-17T22:52:13Z,"Origi is such a cunt, typical Liverpool striker",2
2015-05-05T17:34:51Z,Sécurisez la défense centrale !,0
2015-05-05T12:56:15Z,Dommage car celle-la on méritait de la gagner... Un match de plus à ajouter à la longue liste des erreurs d'arbitrage contre Caen.,0
2015-05-04T19:14:03Z,hassen il crait...  franchement ses fautes de mains sont horrible,0
2015-05-04T15:29:49Z,Nice la plan équipe derrière paris et marseille,0
2015-05-04T11:22:45Z,*faux,0
2015-05-04T11:22:33Z,Ça soule les arbitres ! Vous saviez que La LFP est venu s excuser au près de caen car on est l équipe qui a eu le moins bonne arbitrage de l année on est même l équipe qui a subit le plus de peno d Europe alors qu il y a au moins la moitié qui sont faut !,1
2015-05-03T23:31:07Z,12 eme but si on compte ces 2 buts injustement refusés qui nous ont coûtés 4 points et meme plus,2
2015-05-03T23:28:04Z,La chance nous sourit enfin on à perdu tellement point à cause des arbitres il est temps que les autres voient ce qu'on à subi,2
2015-05-03T23:11:29Z,"Encore un arbitrage foireux. La Ligue 1 me les brise sérieusement. Pas foutu de faire un match sans erreurs d'arbitrage surtout pour Caen. A chaque fois les erreurs d'arbitrage sont contre Caen...
Honte aux arbitres.",3
2014-10-24T17:49:00Z,ujhbvh,0
2014-10-22T12:13:09Z,"Allez Malherbe :)
J'ai lancé une chaîne Football Manager 2014 avec Malherbe si ça vous intéresse ^^",0
2014-10-21T08:48:33Z,"Je savai que bordeau n allaient pas tenir ils arrachent le point du match nul par miracle
",0
2014-10-20T11:22:39Z,Bordeaux retombe dans ses travers !!! ,1
2014-10-20T10:46:53Z,J'y étais au match et je suis très décus de eux ils sont joués comme des pieds heureusement qu'il y avait le pénalty,0
2014-10-20T10:22:53Z,"jolie match de bordeaux c'est ironique ils jouent vraiment très mal j’espère que l'excuse sont les absences de jussié , saivet , contento , sané , traoré , touré mais hier a part faubert ,pallois ,belay ,carrasso même s'il anticipe trop le centre sur le but ils nous a sauvés plusieurs fois le reste s'étais loin d’être terrible bougez vous",0
2014-10-20T08:40:03Z,"un peu décu de mes bordelais, même si j'avoue que caen méritait peut-être plus, Bordeaux est mauvais depuis quelques matchs...",0
2014-10-19T21:59:41Z,C'est Castro l'arbitre pas Thual ...,0
2014-10-19T21:38:38Z,"Pourtant supporter de bordeaux, je trouve qu'on fait pas mal de merde depuis 2/3 matchs, heureusement que Carasso a bien tenu par moment, en espérant que nos marines et blancs se reprennent et nous refassent les belles choses du début de saison... Beau match du stade malherbe aussi au passage ;)",0
2014-10-19T20:51:06Z,beaux match et aller malherbe <3 et aller faire un petit tour sur ma chaine je fait des vidéos sur le foot :),1
2014-10-19T20:49:48Z,"jolie hold up de bordeaux , ALLEZ CAEN",4
2014-10-19T20:41:12Z,Allez bdx!!,2
2015-07-18T10:39:10Z,Tom Hervieu Je suis ď accord avec toi,0
2015-07-18T10:32:07Z,J'adore à partir de la 2 : 50 et 3:00,2
2015-06-02T14:34:54Z,Si paris s'était pas fait acheté par les quataris ils n'auront pas ce statut de meilleur club de ligue 1 a part ça très bonne équipe très bon joueurs comme pastore ibra verrati ect.Moi je suis content que l'ol joue la LDC,0
2015-05-26T18:40:03Z,Abonner vous si vous adorer caen<3:-D,0
2015-05-16T11:09:35Z,"Il faudrait investir dans un nouveau micro sinon, et moins gueuler dessus par la même occasion.",0
2015-05-14T16:07:36Z,Bien fait pour lyon il se sont pris une branler et encore il y a de penalty non siffler ,0
2015-05-14T14:00:36Z,rageant,0
2015-05-14T12:30:37Z,"Déchaînement de pucelles footix parisiennes dans 3,2,1 ...",1
2015-05-13T15:08:37Z,allez vous faire foutre sal psg,1
2015-05-12T06:17:06Z,juste pour savoir vertfoutre a été prêté ou vendu avec bonus à caen svp?,0
2015-05-11T19:10:17Z,Salut les mecs je commence une nouvelle série qui arrive le 14 mai passez voir mes premières vidéos et donnez moi vos avis merci ! :),0
2015-05-11T18:58:05Z,Bravo à mon neveu pour son doublé il a bouffé du Lyon et pas qu'une part.,10
2015-05-11T18:40:01Z,La honte de Lyon bien fais pour leur gueule les lyonnais  allez Malherbe !!!!!!,0
2015-05-11T18:24:20Z,Pffff c'est pathétique sérieux je suis lyonnais mais là c'est abusé 3-0,0
2015-05-11T16:53:57Z,"A part pour les supporters caennais qui devaient être hyper content, je vois pas comment on peut liker cette vidéo qui ne montre rien d’intéressant à part les buts...",2
2015-05-11T16:25:26Z,j'ai la haine de ouf. Perdre contre Caen 3-0 alors que en plus ils se sont fait voler un péno franchement nan mais ou va le monde mais bon super saison quand même.,1
2015-05-11T16:05:48Z,Je croyais que vercoutre avait fait 17 arrets ??,0
2015-05-11T15:16:52Z,et 2 penos refuses pour caen et les quenelles osent dire qu' ils ne sont pas aidé par les arbitres mdr.de plus faut pas que caen descende sinon vertfoutre va perdre de la valeur avec les bonus... bien joué caen dans le cul les quenelles.,0
2015-05-11T13:54:15Z,C pas un résumé ! Il ne montre que les buts...,3
2015-05-11T13:43:27Z,"J'ai jamais vu autant de mauvaise fois sur un résumé de match, Caen a largement mérité la victoire et dire qu'il n'y a pas les occasions lyonnaises c'est un peu pousser parce qu'il y a également des actions caennaises non-mise dans ce résumé. Et comme écrit dans le titre c'est un résumé, on peut pas mettre toutes les actions sinon le résumé aurait duré 6 minutes ou plus ...
Je pensais pas les supporters lyonnais aussi mauvais perdant",1
2015-05-11T09:43:25Z,12 arret pour vercoutre il et magique,0
2015-05-11T09:09:36Z,"C'est bizarre parce que quand y a des situations litigieuses en la défaveur de Lyon elles sont vites montrées alors que Lyon a eu beaucoup d'occasions et ils montrent que les buts de Caen mais personne pour montrer les 2 pénos non sifflés dans le match Lyon - PSG et d'ailleurs ce même résumé où on voit toutes les occasions de Paris alors qu'on en voit quasi jamais dans les (pseudo) résumés de Lyon chaque Week-End enfin bref Lyon n'était pas dans son match contre Caen et les normands ont été énorme à l'image de leur seconde partie de saison un grand bravo à eux et à Vercoutre et Benezet héroïques ! On peut dire que le premier but fait suite à une erreur d'arbitrage : un corner inexistant mais bon dans l'ensemble malgré les occasions lyonnaises, Caen mérite largement sa victoire rien à dire décidément 9ème défaite sur les 13 derniers matchs pour Lyon à d'Ornano ça fait beaucoup mais grande satisfaction de finir 2ème de ligue 1 hâte de revoir la coupe aux grandes Oreilles :) 
Allez l'OL !!",4
2015-05-11T06:35:57Z,"Les lyonnais ne sont jamais rentrés dans cette partie, bravo à Caen et surtout bravo à Rémy Vercoutre !! Mais c'est pas grave, on est en Ldc grâce à la victoire de l'om sur l'asm.",2
2015-05-11T06:20:32Z,Merci Caen !,6
2015-05-11T05:43:54Z,Et les actions de Lyon ? C'est en option ? ,1
2015-05-11T05:16:27Z,FLASH INFO : Aulas aurait demandé à ce que la Bretagne ne soit plus française afin de retirer les 3 points du PSG,9
2015-05-11T05:14:22Z,"Une pensée pour Jean-Michel AULAS qui voit même la différence de but s'échapper
:-(",5
2015-05-11T05:12:34Z,"3 fois de suite en quart de LDC, soit 3 fois de suite parmis les 8 meilleurs équipes d'Europe avec au passage, victoire en poule contre le Barça et élimination de Chelsea, tous les titres nationaux cette saison ...oui moi j'aime bien la progression de Paris, et vous ?Ils font quoi les autres clubs Français?

 Bravo à EAG et à Monaco qui oeuvrent pour les points européens. On se rappellera du 0 de l'0M et de la piteuse élimination de l'OL en début d'année :-(",3
2015-05-11T00:02:17Z,"Merci à Caen qui a battu OM et OL, Nul au Parc , Paris champion pour la 3eme fois, Bravo à Lyon tout de meme ^^",16
2015-05-10T23:34:21Z,"Je voudrais pas dire mais...""ce lyon""...il avait l'air de boîter de l'arriere à la sortie du stade...",0
2015-05-10T23:10:14Z,"0:31 y a absolument pas pénalty, Dabo joue le ballon même si c'est impressionnant à vitesse réelle, il touche le ballon avant son adversaire. Bien sûr merci le commentateur pour donner un avis totalement biaisé.

Et puis là je vois ce match je vois juste que Caen a eu 3 occas, aucune action lyonnaise montrée, même si bien sûr Caen a mérité sa victoire, et que Lyon a hyper mal joué, presque de façon honteuse j'ai envie de dire, on ne montre pas le match exceptionnel de Vercoutre qui, avec Bénezet, est l'homme du match côté caennais.

Et puis tant qu'on y est, l'axe droit de la défense c'était Dabo Koné. A gauche Bedimo a pas été bon. Avec une défense pareille bah faut pas rêver hein, on rivalise pas avec Paris. Mais Lyon aura quand même produit du très bon jeu cette année, et ce ne sont pas les paroles d'Aulas qui vont changer ça. (faut quand même différencier les joueurs, les supporters et le président à un moment hein, c'est pas parce que l'un est insupportable que toute l'équipe et le club l'est aussi)",6
2015-05-10T23:05:19Z,Mais où est donc passée la défense centrale lyonnaise ???,2
2015-05-10T22:40:06Z,"Match à oublier, mais avec la saison exceptionnelle de nos joueurs on pardonne. Cette 2e place nous va très bien.
Maintenant tous les footix PSG vont se la ramener ici, c'est triste.",12
2015-05-10T22:29:28Z,"Mr Aulas, une réclamation à faire ? ",0
2015-05-10T22:29:09Z,"putain les lyonnais c est chauds a chaque résume de votre équipe vous venez chialer pacque il n y a pas ceci , il n y a pas cela dans le résumé.. C est aulas qui vous apprend a pleurer comme ca sans arrêt?? vous avez pris une fessé c est tout mais sérieux toute les semaines avec vos commentaires de chouineuses c est hallucinant. Entre vous et marseille je ne sais pas qui pleure le plus. soyez au moins heureux de votre 2 eme place et votre place en LDC",14
2015-05-10T22:22:43Z,Les lyonnais sans son bien sorti ils aurait peu prendre un 4-0 ou 5-0 ,0
2015-05-10T22:19:21Z,Quelle est dégueulasse cette équipe de lyonnaises ,2
2015-05-10T22:13:06Z,"On montre 0 action lyonnaise malgré les nombreuses qu'il y a eues, on montre les fautes lyonnaises, on montre pas le corner imaginaire sur le but caennais... 
Bref résumé de merde incomplet et subjectif...",4
2015-05-10T22:12:53Z,Lyon a eu au moins 5 actions et il les montres pas ! La video n'est pas réaliste ,4
2014-09-13T09:58:59Z,"Bien jouer Caen
",0
2014-08-27T12:17:21Z,2 fois qu je vais voir EVIAN CAEN pour voir a chaque fois les bleus et rouge gagnés ALLEZ MALHERBE  ,2
2014-08-12T08:22:27Z,Aller les croix en retounera pas en Ligue 2,0
2014-08-11T21:25:53Z,Match à oublier. . Allez les Croix !,0
2014-08-11T21:25:52Z,Match à oublier. . Allez les Croix !,0
2014-08-11T12:28:01Z,"Aller les croix 
Faut vite ne plus penser à cette défaite et ce remettre au travaille pour gagner contre Rennes!!! ",1
2014-08-11T09:22:42Z,Bravo à Caen superbe match ! impressionant dans le replis défensif ! Nous il y a beaucoup de boulot ! Allez pascal retrouve nous une équipe de ligue 1 !,4
2014-08-11T04:24:05Z,Bien caen ! ; ) Allez lens !,1
2014-08-10T22:54:03Z,Quelqu'un peut me dire pk vercoutre a un maillot adidas alors que l'équipementier de Caen est nike ??,0
2014-08-10T22:34:04Z,Allez les croix on lache rien ,2
2014-08-10T22:03:19Z,"Un non match total de nos joueurs, mais faut tout de suite se remettre au boulot allez les croix ! ",2
2015-06-13T09:02:53Z,Évian on un petit budget ils font avec ce qu'ils ont,2
2015-05-26T14:58:34Z,j'y été !!!,0
2015-05-25T07:10:23Z,On est trop fort caen,3
2015-05-24T12:57:47Z,Bien joué Caen dommage pour l'etg :-( j'espère qu'il reviendrons vite en L1 ,3
2015-05-24T05:56:38Z,"Belle victoire de Caen ,Match très spectaculaire",5
2015-02-26T18:45:39Z,Guingamp is a bunch of arrogant bastards. has nothing in common with real football. Dynamo Kiev champion,0
2014-12-06T20:51:53Z,0/14.. Sa fait mal comme stats ,2
2014-12-05T12:16:10Z,"Je comprend vraiment pas ce qui s'est passé dans la tête de Garande... Ne pas mettre son meilleur buteur et son meilleur défenseur du moment face à un concurrent direct pour le maintien... la défaite est logique mais la lourdeur du score non! 

Allez Malherbe dans la victoire comme dans la défaite.",0
2014-12-05T12:00:24Z,"Beavue-Mandanne-Marveaux, ils sont plutôt pas mal.",0
2014-12-05T10:52:23Z,Sans Vercoutre Caen prend 7-1,0
2014-12-05T00:17:47Z,"Si un guigampais pouvait me dire ce que vaut Beauvue ca serait cool, il plante bien et il a l'air d'être un bon joueur.",1
2014-12-04T23:30:47Z,"Même si on lui doit le respect pour ce qu'il a apporte au vestiaire, je suis bien content de ne plus avoir cette passoire de Vercoutre a l'OL!",1
2014-12-04T23:09:09Z,First,0
2014-09-22T15:59:19Z,"2 pénaltys, 0 justifié (le 1er la balle n'est plus dans les pieds de l'attaquant quand Vercoutre le touche et le 2ème je n'en parle même pas) dur.",0
2014-09-22T15:04:17Z,2 Penaltys dans le meme match O_o,0
2014-09-21T23:07:26Z,"le Paris Saint Germain  va metre a sa place a caen, comme la fait avec Saint Etienne aller.... PARIS!!!!!!",0
2014-09-21T22:23:10Z,Le SMCaen a la maladie des Penalty entre Lille et maintenant Toulouse 2 Penalty non mérité XD Pas de chance les pauvres !,1
2014-09-21T22:06:12Z,Dommage pour malherbe la victoire aurait été mérité,2
2014-08-12T19:00:51Z,I'm so happy we are back at top,0
2015-07-05T23:53:40Z,"Vercoutre dans ce match... Juste monstrueux ! J'étais là en tant que supporter marseillais, j'étais écœuré par ses parades impériales ! Surtout que les conditions étaient pas au top, pluie etc... Il avait été élu gardien de l'équipe type cette semaine, juste mérité.",0
2015-03-03T18:21:19Z,PTDR et dire que les sardines pensaient etre champion de France XD y aura la meme désillusion pour les lyonnixs ,0
2014-10-18T07:15:42Z,L om va mettre la cata au psg,0
2014-10-18T07:15:07Z,Marseille vont mettre la misa ire,0
2014-10-17T22:53:30Z,"En plus de faire des résumés de merde vous savez pas commenter. 0:51 c'est certainement pas 2 points sur les 15 derniers matchs, mais sur les 15 derniers points possibles qui auraient pu être pris (c'est-à-dire 5 matchs).",0
2014-10-15T02:00:34Z,"No Gignac, BIELSAAAA !!!!!!!!!!!!",0
2014-10-14T18:02:59Z,Pauvres lyonnais connus pour leur jalousie maladive des gens du sud et de notre OM ,0
2014-10-09T23:20:19Z,Most exciting club in Europe at the moment. Love watching them. Bielsa <3,1
2014-10-08T13:54:51Z,viré Ayew ! il est fou lui vire toi de là toi,0
2014-10-07T19:37:45Z,Marseille en force,0
2014-10-07T15:30:52Z,"#Ligue1 - Classement des passeurs - Fort d’une 3e passe décisive en faveur d’André-Pierre Gignac, le latéral marseillais Benjamin Mendy grimpe sur le podium du classement officiel des passeurs de Ligue 1 après la 9e journée. 
http://bit.ly/10Fh5nF",13
2014-10-07T15:13:23Z,vercoutre! <3,0
2014-10-07T00:19:31Z,L OM fait mal !!!!!!! Merci bielsa c un régal de revoir marseille a un tel niveau,0
2014-10-06T20:35:07Z,"Et Continue Notre Chemin, Bravo a Caen tout de même pour sa belle prestation ! Forza OM.",2
2014-10-06T19:20:42Z,"L'attentat de morel, le hors-jeu inexistant. Merci l'arbite cela ne fait que un match de plus volée ",0
2014-10-06T16:19:04Z,Et l'attentat de Morel on en parle ou pas ?,0
2014-10-06T14:48:49Z,l'om nous fait rever mais bravo a caen qui s'est bien battu,0
2014-10-06T14:20:18Z,Cette saison c'est la notre ! Faites nous vibrer ! ALLEZ L'OM !,0
2014-10-06T07:55:14Z,cool allez l om a jamais les premiers,0
2014-10-06T06:54:31Z,Alessandrini est bien meilleur que Thauvin,0
2014-10-06T06:40:07Z,a la 90 eme j'ai crie comme un fou oh putin c'est bon sa merci gignac si y'a vercoutre ne fait pas des arrets de fou y'a au moins 3-0 pour l'om ;),1
2014-10-06T06:00:51Z,"Allez les gars, on lâche pas !! OM <3",0
2014-10-06T05:43:22Z,Gignacccccc!!!!!!!!!!,0
2014-10-05T19:51:01Z,Un match phénoménal qui a donner du plaisire avec une grande équipe de Caen et un grand Rémy vercoutre. Bravo à ces deux formation pour se match juste magnifique !,0
2014-10-05T19:46:18Z,"Un truc de fou ce match j'avais l'impression qu'on avait gagné la coupe du monde quand Gignac a marqué.
Lille et plein d'autre équipe de ligue 1 devraient s'inspirer de nous parce que ce qu'on fait la c'est du vrais Football avec un grand F",4
2014-10-05T19:35:58Z,"En ce moment c'est un plaisir de voir jouer L'OM .. ;)

Un supporter Lyonnais :)",16
2014-10-05T19:18:06Z,Marseille sont plus fort que la saison derniere ,5
2014-10-05T18:45:54Z,Bravo l'OM mais bon il y avait carton rouge pour morel sur sa grossière faute ,0
2014-10-05T18:24:33Z,le nul était mériter je suis dégouter et aller faire un tour sur ma chaine si vous voulez ^^,1
2014-10-05T18:07:10Z,"7 victoires consécutives !

Allez l'OM ",13
2014-10-05T17:43:21Z,Caen est l'équipe qui a le plus résister à Marseille pour moi mais bon victoire de l'OM logique. Caen accroché vous ca va payer beaucoup de mal chance depuis le debut de la saison,13
2014-10-05T17:34:32Z,"Caen est une super équipe, j'ai adoré ce match (surtout la dexième periode) car AUCUNE equipe ne dominait l'autre. Mais victoire logique pour l'OM FORZA OM",8
2014-10-05T17:18:19Z,Ce Gignac alors. Que lui pour la mettre au fond comme ca.,15
2014-10-05T17:14:37Z,Quel match avec du suspens et de l'intensité ! equipe de caen meriteuse mais Forza om !!! Par contre viré moi ce ayem il saoule a toujours vouloir marquer son but !!!!!!,1
2014-10-05T17:03:23Z,J'ai gagner 210€ grace a marseille.,20
2014-10-05T16:57:11Z,"Super match! Bravo à Caen super équipe qui mérite de rester en L1 à l'inverse de certaines qui joue à 11 dans les buts... Merci Bielsa de nous avoir rendu notre jeu. Je vibre de nouveau et ca fait du bien! Aller l'OM, à jamais les premiers!",10
2014-10-05T16:53:27Z,Bielsaaaaaa ! El locoooo ♥,12
2014-11-03T18:39:05Z,Tous les rageux mettez pas la faute a l'arbitre !!!!,1
2014-11-03T17:23:25Z,L'arbitre est pourri et Caen a fait un très mauvais marceto en achetant Vercoutre à la place d'un bon attaquant,0
2014-11-03T13:29:10Z,Monsieur Rainville aime les expulsions inutiles...,0
2014-11-03T12:38:39Z,Ça fait énormément plaisir de voir malouda refaire trembler les filets en ligue 1 ! ,1
2015-03-24T20:26:39Z,Neymar,2
2015-02-16T22:03:04Z,"Nul le match
",0
2014-11-23T13:51:47Z,Matches dhumaell rosenble à  David luiz,0
2014-10-26T18:30:14Z,Moi je duis normand au 14,0
2014-09-28T11:51:31Z,Marquinhos a toujours la meme celebration !,1
2014-09-28T09:41:31Z,"Ca me ferait chier qu'un promu descende direct en L2, ce sont des promus et ils se débattent bien, ils mérites de rester",0
2014-09-26T18:47:36Z,Allez caen très beau match !!!,0
2014-09-26T18:40:40Z,Mathieu Duhamel a bien jouer ! J'espère que Caen ne descendra pas en Ligue 2,0
2014-09-26T15:42:20Z,Pourquoi ne pas montrer les grosses occasions de Lucas et Cavani juste avant la mi-temps? -_-,5
2014-09-26T11:26:00Z,"Ce résumé est tres trompeur, il donne l'impression que Caen a eu plus d'occasion que le psg alors qu'il y a au moins 4 occasions super franche de Cavani et Lucas et un pénalty non siflé qui ne sont pas montré dans ce résumé.",1
2014-09-26T11:09:38Z,Genre Caen a eu plus d'occasion que Paris ,0
2014-09-25T22:25:39Z,C'est quoi ce résumé pitoyable? Pourquoi ne pas montrer les grosses occasions de Lucas et Cavani juste avant la mi-temps?? ,18
2014-09-16T11:40:29Z,allez l'asse,3
2014-09-16T11:37:20Z,gg,1
2014-09-15T08:55:18Z,"Victoire méritée. ""Réussite forcée"" comme a dit Galtier ",0
2014-09-15T00:12:27Z,:),0
2014-12-22T09:45:59Z,"C'est plus le ballon qui va au bras que le bras qui va au ballon. Ça va vite et le Bastiais n'a pas le temps d'éviter le ballon, il le touche du bras de manière complètement involontaire. Il n'y a pas scandale pour moi sur la dernière action. Mais c'est toujours pareil sur les actions un peu limite : Si l'arbitre siffle il se fait dézinguer parce que c'est trop sévère et s'il ne siffle pas il se fait dézinguer parce que soi disant la faute était évidente et il est aveugle et je ne sais quoi d'autre...",4
2014-09-01T17:45:12Z,Je suis supporter rennais et Caen méritait vraiment la victoire y'a rien à dire. Sinon Costil en EDF c'est pour quand?,2
2014-09-01T16:42:49Z,Superiorité numerique... et un seul tir cardré et ce sur penalties. Les rennais sont forts on dirait...,0
2014-09-01T10:47:16Z,Est-ce que quelqun peut m'expliquer ce qu'il se passe entre Vercoutre et les Rennais après le pénalty ? On dirais qu'il veux aller les frapper...,0
2014-09-01T08:34:01Z,"Je sais pas ce que vous en pensez mais Costil pourrait avoir sa chance en equipe de France serieusement, en plus d'etre super regulier il est au moins aussi performant que Mandanda.",5
2014-08-31T22:47:42Z,Le nom de notre stade c'est stade d'Ornano pas stade Malherbe,2
2015-07-25T10:34:41Z,"Le tacle est super bien fait, Origi simule pour avoir le péno (supporter lyonnais)",0
2014-08-25T11:36:31Z,Heureusement qu'il n'a pas célébrer son but sinon il y aurait eu un mort ! xD,0
2014-08-25T11:36:30Z,Heureusement qu'il n'a pas célébrer son but sinon il y aurait eu un mort ! xD,0
2014-08-24T18:49:39Z,Vive l'arbitrage français . . .,0
2014-08-22T07:03:15Z,Et alors ils ont quand même gagner c est tout ,0
2014-08-19T14:36:28Z,toutes les vidéo de ligue1 officiel sont superbe ! et je les regardes toutes elle sont trop bien en plus ça m aide pour un jeu de foot le championnat des etoiles ça se joues avec les joueur de ligue1 et avec les vrai resultats ! il faut juste lire la regle du jeu et apres on s éclate ! je vous mets le lien ici http://www.lechampionnatdesetoiles.fr/ :),0
2014-08-18T14:55:11Z,Mr Sébastien DESIAGE l'arbitre de ce match .. A chaque fois que je regarde un match avec cet Arbitre c'est du grand n’importe quoi ! Un match totalement volé notamment en début de saison car le 1 point en fin de saison peux sauvé un promus même si il on une bonne équipe pour des faute d'arbitrage comme ça il faudrait faire quelque choses c'est quand même un pénalty et notamment un CARTON ROUGE !!,0
2014-08-18T14:29:23Z,C'est vraiment dégueulasse encore une grosse faute d'arbitrage sa me désole tout sa ... En plus a cause de sa on perd ! Honte au arbitre français !!!!! ,3
2014-08-18T13:47:19Z,"C'est triste de voir des résultats faussés par des arbitres incompétents... J'espère que le SMC ne se prendra pas d'autres injustices cette saison... J'espère au moins que la LFP retirera la suspension d'Apiah pour le match contre Reims, même si y a peu de chances :/",1
2014-08-18T10:57:01Z,"C'est pourquoi y'a pas d'entraineur francais qui arbitre en coupe du monde. Je veux la video. En 2seconde l'arbitre change le match avec une penalty et encore plus honteux , le rouge. Ahlala Platini.. ",1
2014-08-18T05:00:36Z,Magnifique ce tacle (supporter nantais) ,5
2014-08-17T22:47:38Z,Un 0-0 et un 1-0 volé .. c'est donc ça le meilleur entraîneur de L1 ?,2
2014-08-17T22:44:45Z,J'espère que l'arbitre arbitra des matchs de national pendant un mois! Y a pas des arbitres de lignes ? C'est flagrant qu'il prend le ballon même l'attaquant il réagit pas une seconde. Penalty + rouge là c'est du grand n'importe quoi. Encore 3 points mal gagnés et 1 point volé pour Caen !,4
2014-08-17T22:29:00Z,"lol Lille qui gagne 1 0 sur des faux buts, on se croirait l'année derniere...",5
2014-08-17T22:27:55Z,Honteus cet arbitre ! sMC en force !,5
2014-08-17T22:16:06Z,On s'est fait voler n'empêche!,1
2014-08-17T22:05:26Z,Les equipes de ligue 2 se debrouille assez bien,2
2015-05-17T16:52:36Z,"Dommage qu'on est fait match nul contre Caen mais cela n'est pas grave le principal c detre bien placé au classement; )
Hier Hier à Furiani il y avait une véritable ambiance de folie avec un énorme tifo, plein de fumigènes, des grands drapeaux, on chantait à fond et magnifique feu d'artifice en fin de match. Forza Bastia. Tribuna Pétrignani. BASTIA 1905 ;)",4
2015-05-17T08:58:20Z,FORZA Bastia. Uniti Vinceremu . ,1
2015-05-17T03:15:58Z,VIVE le stade malherbe de caen,7
2014-12-19T16:46:31Z,pas sperbe,1
2014-08-26T23:28:18Z,Il est magnifique le 2 ème but O_o,0
2014-08-26T13:24:41Z,Aller reims on n'aurait du gagner mais on les enculera chez eux c'est pas grave ,0
2014-08-25T10:33:21Z,"J'ai l'impression de revoir Reims - Rennes de l'année dernière ^^
Profitez mes rémois profitez, c'est peut-être la dernière saison pour nous en Ligue 1...
Non plus sérieusement, beau match de Caen, mais Reims malgré des erreurs défensives incroyables, méritait au moins le match nul car là c'est un peu du vol, surtout 2-0
Coup franc incroyable de Diego... Même si il y avait Vercoutre dans les cages",2
2014-08-25T09:50:49Z,Vercoutre toujours aves ses poings XD,0
2014-08-25T09:27:09Z,1:02 Quel arrêt de Rémy Vercoutre !,11
2014-08-25T03:45:41Z,sweaty goal,0
2014-08-25T00:26:39Z,N golo kante,2
2014-08-24T23:05:57Z,First,0
2014-08-24T22:56:34Z,Allez Caen !♥,8
2014-10-01T09:58:30Z,Deux club que je supporte meme si je suis niçois ^^,0
2014-09-29T15:03:00Z,Je me suis endormi en regardant ce match... Blanche-Irène Marcille ,0
