published-time,comment,likes
2014-12-23T11:18:21Z,Tous ensemble avec sochaux en ligue 1 !!!!!!!,0
2014-12-14T19:44:16Z,L’arbitrage de merde aide bien Sochaux je trouve... Il y a a peine carton jaune et il met un rouge ... C'est le sochalien qui tire comme un bourrin et qui se blesse sur Ba ! L'arbitre ne siffle même pas les hors jeu que ses assistants montrent et il ne siffle pas penalty quand un sochalien fait une cuillère à un niortais !  ,0
2015-01-13T13:27:16Z,#Ligue2 - J19 - Revivez les meilleurs moments de Valenciennes FC - FC Sochaux-Montbéliard (1-2) en vidéo !,4
2015-06-27T00:29:31Z,Pas pour longtemps lol 😂 ,0
2015-01-25T07:21:20Z,C'est bon vous êtes en ligue 1 xD,5
2015-01-25T00:11:27Z,ICI C'EST TROYES BELLE VICTOIRE MERITEE :),2
2015-05-16T08:51:34Z,Si tes fier detre sochalien tape dans tes main clap clap,0
2015-05-13T05:17:36Z,"Sochaux aurait dû gagner ce match c'est largement mérité le nul pour le sco c'est vraiment bien quand même car le sco à faillit perdre et que sa se trouve sa sera le point de la monter !:) bref Ekambi meilleur joueur de l'année de sur !! Pas photo ses deux dernière actions il bouffe deux défenseurs facilement surtout la dernière action d Ekambi !! :) bref allez Sochaux ! :) GO pour monter l'année prochaine !! :)
",0
2015-05-12T21:08:42Z,Belle prestations des gardiens,0
2015-05-12T18:38:49Z,affollant... il ne montre casiment aucune action du sco dans ce résumé ainsi que les 4 mains dans la surface de la part de Sochaux... bref allez le sco ;),1
2015-05-12T15:52:07Z,Aller le sco,6
2015-04-08T13:39:49Z,"#Ligue2 - Classement des passeurs - Julien Faussurier a ramené les Lionceaux ! 
Le capitaine du FC Sochaux-Montbéliard a signé un doublé à la passe pour entrer dans le Top 10 des passeurs et permettre le match nul contre les Lavallois lors de la 30e journée de Ligue 2 - http://www.lfp.fr/ligue2/article/julien-faussurier-a-ramene-les-lionceaux.htm",1
2015-04-06T17:02:01Z,but de said<3,0
2015-04-06T16:24:15Z,La def de sochaux et vraiment mauvaise :/,0
2015-04-06T09:02:22Z,Laval a le niveau de sochaux,0
2015-04-05T07:50:07Z,Allez le FCSM !!! On croit encore à la remontée en Ligue 1 !!!!,2
2015-03-16T03:04:19Z,Roh...bloqué au Canada...pourquoi ?,0
2015-03-15T09:23:16Z,Bande d'enculé les arbitre !! Merci pour le ralenti de la faute d'arbitrage flagrante !! parce-que des hors jeux y'en a beaucoup trop qui sont sifflés !! ,0
2014-10-24T08:56:53Z,"allez Sochaux !!! sa sens bon la ligue 1 !!!! bonne continuation et faux faire sa a domicile la ( le dernier but est magnifique )
=D",0
2014-10-20T17:13:37Z,magnifique le dernier but de Sochaux!! :),1
2014-10-20T12:56:10Z,"sochaux en ligue1 l'anner prochaine et ceux qui vont commencer a revenir au stade parceque sa va mieux a sochaux , faut pas les soutenirs que quand ca va mais aussi quand ca va pas alez sochaux!!!!!",0
2014-10-20T09:22:46Z,Vive sochaux,0
2014-10-19T20:23:10Z,Je suis sochalien mais je suis parti à l'étranger pour les vacances. Pas moyen de regarder le match ?,0
2014-10-19T06:34:26Z,"Sochaux en ligue 1 l'année prochaine :
Mes potes répondent non
Moi je réponds si !
ALLER SOCHAUX !!!!!! ;-) ",3
2014-10-18T22:22:03Z,Allez Sochaux!!!,0
2015-03-08T11:44:27Z,"Magnifique but de Tours!
KTE à super bien jouer sure le deuxième but.
Allez Sochaux!!!",1
2015-03-08T10:36:49Z,SOCHAUX <3 <3 <3,1
2015-03-08T10:32:01Z,beau but de Tour mais allez Sochaux <3,1
2015-03-08T09:43:42Z,NOUS SOMMES LES SOCHALIENS !!! ET NOUS AVONS GAGNÉ !!! ALLER SOCHAUX !!! ,2
2015-03-08T08:21:07Z,Mais pourquoi on ne voit pas au ralenti la faute ?! Ha mais peut être que les arbitre de la lfp son nul et qu'il n'y avait pas faute....,1
2015-03-08T00:55:45Z,CE BUT !!!!,0
2015-01-18T12:57:11Z,Ce vol ! Honteux mais allez Sochaux ! On y croit a la montée ! ,0
2015-01-18T11:18:35Z,"Putain comment on se fait voler! C'est n'importe quoi ces arbitres, vivement que Platini se casse et qu'il y est l'arbitrage vidéo.
Allez Sochaux, faut absolument gagner contre Troyes, avec un meilleur arbitrage j'éspère!",1
2015-01-18T11:03:47Z,"C'est  malheureux pour Sochaux , ce penalty refuser avec ce but à la 94 eme minute horrible :( . Il faut gagner contre Troyes samedi , aller Sochaux !!!",0
2015-01-17T23:21:22Z,"Le péno qui nous échappe qui nous coute la victoire...
Le nombre de péno qu'on nous refuse c'est ouf...",0
2014-09-22T05:43:44Z,Vive le FCSM !!!!!!!!,0
2014-09-20T22:33:40Z,allez sochaux !!! super match hier =),3
2015-06-30T17:56:27Z,Liberté pour les ultras,0
2015-06-30T17:55:35Z,Aller uso ,0
2015-05-28T20:37:49Z,Quelle mauvaise saison du FCSM !,1
2015-05-03T09:54:42Z,Gros match.,0
2015-04-30T05:03:33Z,C quoi crtte pelouse !!!!!,0
2015-04-29T13:04:41Z,"Mon dieu, cette pelouse !!!!",1
2015-04-29T09:46:05Z,"le def de Sochaux qui leve le bras sur l'ouverture pour gamboa , lâche totalement le bihan, le but est pour lui. Allez le hac",0
2015-04-28T15:14:54Z,#Ligue2 - Classement des buteurs - De l’air pour Mickaël Le Bihan ! http://www.lfp.fr/ligue2/article/de-l-air-pour-mickael-le-bihan.htm,3
2015-04-25T22:29:47Z,"C'est bizarre,le ralenti ne montre pas le penalty non sifflé pour sochaux 
",1
2015-03-01T16:10:15Z,Allez les sochaliens,0
2014-10-28T13:39:36Z,"Jetai dans ce macht et jaitai  pour Sochaux
",0
2014-10-26T12:37:43Z,aller sochaux mais c'est quoi ce commentateur en carton,0
2014-10-25T22:03:01Z,aller sochaux,2
2015-05-19T09:18:30Z,Qu'Est-ce que je trouve ça dégueulasse d'exclure un joueur pour une faute dans la surface alors qu'il n'y avait rien de dangereux dans cette situation pour le joueur qui subit la faute...,0
2015-05-17T11:56:51Z,,0
2015-05-17T07:28:52Z,"J'était au match, quand jai vu le penalty jetait deseperer et quand jai vue le rouge jetait fou !!! Il n'y avait pas rouge sa meritait un jaune ! En plus cest le vallenciennois qui vient ce bousculer a Julien Faussurier ! ET ALLER SOCHAUX !!!                         ",0
2014-12-31T11:16:44Z,Super but de bonnet avec un bon Diallo dans les buts du HAC,1
2014-12-31T11:15:18Z,ALLEZ LE HAC,1
2014-11-23T04:35:36Z,Personne dans les tribunes... mauvaise idée ce stade océane,1
2015-04-15T09:30:34Z,"Le coup franc sur le but de créteil était aussi imaginaire...
J'étais au match et le 33 de créteil tombait trop facilement...
Lassant à la longue ... 
Et l'arbitrage était vraiment mauvais.",0
2015-04-14T13:25:02Z,"#Ligue2 - Classement des buteurs - Toko Ekambi dans le coup !
Après son 2e doublé en trois matchs, Karl Toko Ekambi (FCSM) monte sur le podium du classement officiel des buteurs de Ligue 2, à une longueur de la tête - http://www.lfp.fr/ligue2/article/toko-ekambi-dans-le-coup.htm",2
2015-04-12T16:38:10Z,"Si ekambi continu comme ça y sera meilleur buteur du championnat !! :)
Allez sochaux !! :)",0
2015-04-12T06:38:16Z,"Allez Sochaux, on crois à la montée!",1
2015-04-11T22:56:12Z,"Encore un match où Créteil perd des points à cause de l'arbitrage, honteux à ce niveau ! Malgré un match plaisant dans l'ensemble entre deux bonnes équipes, ce pénalty inexistant ""casse"" l'ambiance et fait surtout perdre 2 points précieux à Créteil !",0
2015-04-11T22:39:59Z,Allez sochaux!! C'était une ambiance de fou surtout en tribune sud 😉,3
2015-02-01T14:40:09Z,"Allez hop, en National l'ACA ! :)",1
2015-02-01T12:22:24Z,"Super match , aller Sochaux !! et bon courage pour le maintien d' Arles Avignon en  ligue 2 .",1
2015-02-01T06:59:59Z,Allez Sochaux !!!!!!,1
2014-10-10T17:31:11Z,Nicolas senzemba si tu lit sa jte promet un grand avenir dan lfoot on a grandi ensemble on c perdu de vue depui lcm2,0
2015-02-10T17:01:02Z,allez DIJON emmerde FCSM,0
2014-12-29T16:14:59Z,EN TANT QUE SUPPORTER DE CAEN JE TROUVE ANGERS INCROYABLE,1
2015-02-18T15:53:57Z,"#Ligue2 - Classement des passeurs - Maurice Dalé sur la route du podium ?
Grâce à son doublé à la passe lors de la 24e journée, Maurice Dalé (AS Nancy-Lorraine) est revenu au contact du podium du classement officiel des passeurs de Ligue 2 - http://minilien.fr/a0ny9m",2
2015-02-15T10:29:47Z,Pk la vidéo et bloquer dans le pays ,0
2015-02-15T01:17:37Z,Ici c est nancy,2
2014-10-13T16:37:02Z,allez tours !,0
2014-10-04T11:28:19Z,"Nicolas senzemba un ami denfance ke jai perdu dvue
",0
2014-09-29T20:05:05Z,"J'aime beaucoup les commentaires audio des résumés des matches, mais alors là, complètement à l'ouest... Déjà Tours n'est pas si bon que ça à l'exterieur. En effet, contrairement à ce que l'on a entendu, nous n'avons pas pris le moindre point hors de la Vallée du Cher cette saison, et avons été meilleurs à domicile. Et puis, bien sûr, pas un mot sur ce pénalty très généreux (faute et carton rouge très logique, le pénalty moins). Enfin bref, essayez de vous renseignez un minimum avant de faire vos résumés (que, je le répète, j'apprécie beaucoup en général.)",0
2014-09-28T11:29:48Z,Franchement l'arbitre est nul. Voila comment se faire voler un match,0
2014-09-28T08:38:10Z,La saison semble être enfin lancée  allez Sochaux !!!!!,0
2014-09-27T22:18:07Z,Que ce sois en ligue 1 ou en ligue 2 mon cœur bâteras toujours jaune et bleu !,4
2015-03-24T15:16:37Z,"#Ligue2 - Classement des buteurs - « KTE », un Lionceau menaçant !
Après son doublé de la 29e journée, Karl Toko Ekambi (FC Sochaux-Montbéliard) revient dans la course au podium et au titre de meilleur buteur de Ligue 2 - http://www.lfp.fr/ligue2/article/kte-un-lionceau-menacant.htm",4
2015-03-22T10:29:49Z,Allez Sochaux !!!! Magnifique le 3ème but ! 😀,6
2015-03-22T10:29:10Z,"Quel but de Berenger, le plus beau but de ligue 2 de cette saison!",2
2015-03-22T08:56:39Z,Allez sochaux,4
2014-09-27T08:23:40Z,#teamfcsm,0
2014-09-25T17:27:47Z,Allez Sochaux!,0
2014-09-25T08:55:52Z,#Ligue2 - 8e journée - Tous les résumés des rencontres de la 8e journée sur la chaîne Youtube ! https://www.youtube.com/user/ligue2fr/videos,3
2014-09-25T06:58:02Z,ICI C EST BREST ,1
2014-11-12T15:58:32Z,"#Ligue2 - Classement des buteurs - Auteur de son premier doublé en Ligue 2, Karl Toko Ekambi (FCSM, 12e) frappe à la porte du Top 10 du classement officiel des buteurs après la 14e journée - http://urlz.fr/UxU",4
2014-11-09T21:59:27Z,ca se corse pour la montée ^^,2
2014-11-09T21:53:54Z,Y a péno normalement! 2:30,0
2014-11-09T15:10:30Z,"Jamais de la vie, il y a penalty. Mais bon maintenant c'est fait.",0
2014-11-09T09:51:28Z,Pour moi il y a penalty le joueur fait la faute dans la surface ,0
2015-06-25T15:59:17Z,"Passe décisive de... Mignot (de la main ?) non comptabilisée, en prime !",1
2014-09-16T22:00:25Z,"Super le commentateur et sa langue de bois géante...
-_-'",0
2014-09-14T16:39:55Z,arbitre de clampin putain!!! il louche ou quoi nn mais serieux et en plus sochaux je sais meme pas vous étiez combien mais vous etes des paysans c tout a l exterieur on reviendra moi j y serai et on sera au moins  500!!!,0
2014-09-14T10:35:18Z,Putain moi le numéro  9 de sochaux qui sert la main à l'arbitre à la fin je lui aurais mis un cou de poing dans sa putain de gueule à ce paysan ,2
2014-09-14T09:22:37Z,Pourquoi on parle pas du hors jeu sur le but de Sochaux ?? Et du pénalty non accordé pour Nancy avec la grosse main de Mignot au point de pénalty ???,2
2014-09-14T09:02:18Z,l'arbite de touche il s'approche des lunetttes,0
2014-09-14T06:23:39Z,Arbitre nul à chier !!! Et je suis pour Sochaux !!!,4
2014-09-13T22:48:08Z,"Le juge de touche , on en parle ? ",5
2014-09-13T22:32:36Z,Sur le but sochalien l'arbitre était partie où ? Dites-moi s'il vous plait car la c'est pire que cherchez Charlie :'( Après certains s'étonne qu'il n'y avait pas d'arbitre français à la coupe du monde.. Ne cherchez plus pourquoi x),2
2015-04-25T15:18:44Z,J'aimerais trop que le GFCA rejoigne la l1!,1
2015-04-19T08:34:55Z,C'est dommage le GFCA ne pourra pas accéder à la ligue 1 avec se stade merci qui ? Merci thierez ,0
2015-04-19T06:56:14Z,"A noter, chose très importante, aucun carton jaune, aucun mauvais geste, un vrai match de ligue 1. Forza GFCA. ",1
2015-04-18T23:13:48Z,"Voila ce qu'on gagne a acheter des joueurs des joueurs de national , vendre nos meilleurs joueurs ou ne pas les renouveler alors qu'on a le plus gros budget de la L2...",1
2015-04-18T22:14:38Z,3 buts magnifiques,3
2015-02-14T19:17:18Z,Allez sochaud,0
2015-03-04T22:08:52Z,contre moi aussi tu as de a chance,1
2015-02-08T20:39:30Z,Comment s'appelle la musique du début ,0
