publish_date,title,view_count
2014-09-11T21:32:58Z,Aliou Traore,7115
2015-03-10T09:41:46Z,Irone (Latéral Gauche) Tir en Stop-Motion / Match séniors DH contre Chartres Horizon,689
2015-01-08T16:49:55Z,FER STUNNING VOLLEY | LEROY FER&#39;S SUPERB TRAINING GROUND GOAL,10412
2015-01-07T07:42:31Z,"Yao Rudi dan Sengbah Kennedy, duo liberia milik AREMA CRONUS",17531
2014-12-31T03:25:13Z,Yandi Sofyan Goal | Persib vs Tiki Taka FC,5366
2015-03-24T21:08:41Z,IZBAC.tv#8 - Cheick Diabate is back,10613
2014-09-13T06:55:08Z,Abdoulaye Maiga 3,860
2015-01-05T07:20:53Z,PSP Padang vs Persib Bandung 0-3. Piala Walikota Padang. 04/01/2014,5743
2014-09-13T10:54:17Z,Abdoulaye Maiga Clip 1,1242
2015-01-30T16:53:28Z,Gary Al Smith : Skypes on Guinea and Mali Draw AFCON &amp; This Weekend Fixtures,88
2014-12-15T09:31:15Z,Aron Da Silva di Rekrut PERSIB Tanpa Seleksi Hanya Lewat Cuplikan Penampilan,3102
2014-12-31T17:52:11Z,Persib vs Tiki Taka FC,1110
