published-time,comment,likes
2015-01-10T18:10:11Z,Schar,2
2015-07-30T13:44:49Z,Ghazo ozagh je m appel yoann j aïs 13 ans et je joue en u15 (défenseur central ou latéral ) tu pense que l année prochaine le pfc ferons des détections u14 ???,1
2015-07-08T17:43:14Z,"

L",2
2015-07-02T15:56:23Z,"Bsr je m,appelle Ousmane Traoré j,ai 19ans je suis malien actuellement en Italie je cherche une bonne personne qui peut m,aidé à joué le balon je sui la avec mon talent sans club voilà mon contacter +393512102608",0
2015-06-05T23:55:55Z,"j'ai 16an je suis bon en millieu offensive j'ai un style messi, virguel, crochet comment me faire detecté svp",3
2015-06-02T21:15:45Z,"Le petit Mattheo me fait un peu de peine, le père est un peu too much, le gamin va être formaté, je veux bien qu'on apporte un complément aux entrainements mais cela doit rester un jeux et non pas une contrainte et là je sens que le gamin ne prend pas spécialement son pied tout le temps....",190
2015-05-21T10:48:02Z,ca veux dire qu'a torcy ils ont une tres bonne formation,2
2015-05-10T01:19:57Z,"Pour  quoi  certains  recruteurs  ne viendrait  pas  en Guadeloupe  il y a plain de jeune  talent  aussi  ici 
",37
2015-05-05T22:49:10Z,"https://www.youtube.com/watch?v=eEASH_Eq7uI
15 ans futur Eden Hazard",0
2015-04-26T00:55:49Z,Tidjany mon gars continue comme sa 👊⚽️👊,0
2015-04-15T14:48:45Z,Ils ont du po,0
2015-04-06T08:59:04Z,Tu pe mettre le résumé du tournou comme pour le kappa mini mondial 2012 2013 et 2014 stp,1
2015-03-26T12:06:14Z,d,0
2015-03-16T20:39:20Z,Je le connait ,0
2015-03-08T11:09:30Z,"un gamin devrait être ""suivi""  a partir de 14 ans jus qu'a 16 ans j'ai bien dit ""suivi"" puis un suivi poussée jus qu'a 18 ans ce n'est que a ce moment là que la carrière commence là ses gamins plus de la moitié ne seront pas pro ont  leurs vends et on leurs brisent lors rêvent ",0
2015-02-27T13:20:19Z,"Pardonner moi j'aimerais comment faut faire pour participer 
J l demande juste parce que je sais bien l foot mais j n'ai pas le moins ",1
2015-02-25T14:09:11Z,A 18:36 le gamin a un maillot écrit Riberry...,37
2015-02-21T18:05:44Z,"est ce que je suis le seul a trouver certaines choses graves dans ce reportage. comme le fait, que les clubs recrutent des gamins, qui sont bon au foot. mais c'est des gamins. laisser les grnadir et apres on vera.",16
2015-02-12T02:29:03Z,"Le capitalisme nous ramène de jours en jours vers l'esclavagisme, ce système soit disant moderne n'est qu'un perpétuel retour en arrière. ",47
2015-01-09T21:22:09Z,"Reportage très riche et intéressant, il serait judicieux d’ouvrir un vrai débat concernant ce sujet Panamefoot c'est là que ça se passe!",27
2015-01-17T19:16:41Z,Chiriches way better,2
2015-07-31T08:46:59Z,Merci nabil pour cette super saison mais tu as encore beaucoup de chose à prouver bonne continuation et reste avec nous stp. ,1
2015-06-20T21:45:28Z,"Il et fous ce type , faut jamais comparé messi et fekir , Ronaldo et messi la je peut comprendre ",0
2015-06-11T18:59:16Z,MDRRRRRRRR vous avez pas la chance mmdr nous le Maroc on a Hakim Mastour mtn MDRR kcdr jpp,2
2015-06-10T17:09:03Z,mechi rouh kayan brahimi +sofiane fighoouli+ selimani+ meboulhi + medjani . djabo+ bentalab + ghoulam ghir les star yaoo merid neta rouh tadrab lekabaaa,1
2015-04-21T01:58:10Z,Dommage pour l'EN mais bonne continuation et Inch'Allah tu réussiras mon pti nabilon,0
2015-04-16T18:06:30Z,C'est dommage que lyon prévoit un nouveau stade le stade de gerland est tellement mythique,0
2015-03-30T16:30:38Z,"Bande de cons vous me faite pitier   , pk le traiter de harki ?? Dans ce cas la fallait faire pareille pour Benzema Nasri et sur tout Zidane ! Aucune logique ",6
2015-03-28T01:53:35Z,"fermez vos gueules les algeriens avec vos ""harki"" vous formez personne dans vos centres de formation et vous voulez qu'il joue pour les fennecs remettez vous en question. C trop beau de reclamer un joueur alors que vous l'avez pas formé dans vos ecoles de foot",82
2015-03-18T20:34:00Z,"il fallait mettre en Fekir le nouveau harki lyonnais cela aurait été mieux approprié comme titre,après le harki marseillais voici le nouveau harki lyonnais.",9
2015-03-17T16:38:58Z,"sa famille veut qu'il intègre l'équipe de France, sauf qu'elle manifeste pas..parceque il y a des malades qui peuvent les menacer en algérie, des fous qui n ont rien à perdre, donc, ils ont fait un compromis, qu'eux (famille) disent opter pour l'Algérie, puis Nabil étant jeune, irresponsable optera pour la France, et ça peut passer...comme ça, les choses se passeront bien..puis il a raison, ce mec ne peut pas se réduire à une équipe médiocre, instrument politique du FLN et RND, bouguerra, bouteflika, Haliche, hamrouche etc etc et le cinquième mandat",0
2015-03-17T07:32:31Z,we do not need you fekir stay in france algeria have better than you harki,0
2015-03-12T20:55:33Z,"arrété merde il ya un seul messi et un seul zidane ci qoui ca 
ce joueur c'est un menteur il a ke 6 mois en ligue 1 . la france pa besoin de lui a suivre par ici
https://www.youtube.com/watch?v=xaov0qVwkA0",0
2015-03-11T19:17:08Z,LAISSE TOMBE FEKIR,0
2015-03-11T03:54:38Z,harki dégage!!!,4
2015-03-10T01:28:31Z,"messi faut se calmer,en tout cas un joueur tres talentueux
c est plus logique de choisir la France, né ,grandi et formé ici .",0
2015-03-10T01:08:41Z,he ben le premier quil la appelé c l algerie et il a dit non,0
2015-03-06T17:43:35Z,et il a choisis l’Algérie aujourd’hui,0
2015-03-05T21:05:24Z,"

",0
2015-02-27T22:22:20Z,Nabil we love you to play for Algeria we have nothing to be proud off except football make us proud and very happy you have our blood worm and brave 123 viva lalgerie always and forever come on brother just say yes but if you choose the French we will still love you good luck est Allah may protect you dis nshalah every one ,1
2015-02-27T08:01:54Z,,0
2015-02-27T08:01:42Z,Nabil fait plaisir a ton papa accepte l'équipe de l'Algérie!!,3
2015-02-25T17:24:51Z,Viens en algerie wesh :),2
2015-02-25T12:14:49Z,Nabil viens,0
2015-02-24T20:58:13Z,Bonjour a tous connaissez vous le titre de la musique avec une voix tres aigue a partir de 3min10 a 3m30 ? On dirais de la liquid dubstep merci,0
2014-12-16T17:57:43Z,"
Wilshere was a Tottenham fan when he was young.My dad used to know the Wilsheres and he said to me that he remembers Jack in his blue and white colours on the way to White Hart Lane to watch Spurs.﻿",0
2014-11-17T02:21:28Z,,0
2015-07-05T13:53:23Z,Quelle tâche,13
2015-06-05T09:49:03Z,Mollo bientot dans les anges...,41
2015-05-01T22:33:01Z,"avec des si il n'y a pas de r ,  il essaye, il essaye mais je l'aime bien quand même",1
2014-12-02T22:27:14Z,Aï Aï Aï Nico :) je me rappelle la jeunesse tu as bien changer en esperant que tout se passe bien pour toi bize,0
2015-07-13T10:18:25Z,Joelinton the best....,1
2015-07-06T23:08:22Z,"Viel Erfolg, Joeliton! Muito Sucesso, Joeliton!
          
                               ☆★☆
                    Sport Club do Recife ",2
2015-07-05T23:50:58Z,#EinTeamEinWegEinmalig ,0
2015-07-05T21:23:31Z,Ich hoffe dass trdm noch jmd neues kommt,2
2015-07-05T20:03:43Z,Auf eine hoffentlich erfolgreiche Saison! Nur die TSG! 💙,2
2015-07-05T19:52:15Z,Süd Süd südkurve! ,2
2015-07-05T18:58:07Z,Tsg für immer!,2
2015-07-05T18:41:14Z,TSG ♥,3
2015-07-05T18:24:47Z,Nur die TSG ❤️,2
2015-05-19T14:43:32Z,"ce qui est incroyable c est que des jeunes footballeur de 15 ans ( cense etre des gamin immature, se preparant a faire un metier de "" debile"" aux yeux des ""elites"") sont moins borner, beaucoup plus ouvert et on une bien meilleurs reflexion que des politicien censer etre des gens tres eduque. perso, en dehors que chacun devrait partiquer sa religion en prive( c a dire ne pas essayer de convertir son prochain) je vois pas vraiement ou est le probleme si les footballeur prient sur un terrain, si ca les aident a se concentre tant mieux

c est triste de voir que le pays des droits de l homme devient de plus en plus dictatorial et sectaire au fil des decennies.",5
2015-05-18T18:33:42Z,la religion n'a pas sa place dans le sport,7
2015-03-12T21:18:44Z,Putain y'en a pas un pour rattraper l'autre ! C'est la cour des miracle chez ces jeunes...,1
2015-02-20T11:27:10Z,MDR pour une fois que ce stade est plein mdr,1
2015-07-24T01:10:29Z,"""Je ne me sens pas inférieur à Ruffier et Costil.""

Le principal, c'est qu'il y croit.",196
2015-07-21T19:14:40Z,il est meme pas plus fort que ruffier,0
2015-07-03T10:42:12Z,"Jourdren: les gens ""imeu voillent"" comme ca ,le mec aux cheveux longs: les gens ""croivent"" que c'est un idiot! je vous le confirme mes amis, vous etes deux beaux idiots! :)))",84
2015-06-28T23:13:42Z,Bon gardien il aurait mérité au moins une sélection en EDF.,14
2015-05-18T20:32:20Z,"Moi perso je l'adore, je l'ai decouvert dans : A la Clairefontaine et je l'ai bien aimé direct!!",46
2015-05-18T16:34:48Z,Costil est bien meilleur que jourdren x''''),22
2015-05-18T14:59:55Z,moi je suis supporter de lom et jaime bien Geoffrey jourdren ces un bon gardien  respect a lui,1
2015-06-12T01:14:02Z,Le Son il est moche comme Margot Dumont ;-),5
2015-06-02T19:46:12Z,Son un peu bizarre mais sinon bonne vidéo ;),2
2015-06-02T15:13:55Z,"L son des voix est pourris
",4
2015-07-09T10:27:49Z,il n'y a plus de fairplay financier putain,0
2015-07-09T10:26:23Z,non 26 joueurs,0
2015-07-09T10:24:55Z,non deja il veut finir a l'athletico de madrid ,0
2015-07-09T10:24:12Z,vous dites vraiment que de ka merde c'est incroyable,0
