publish_date,title,view_count
2015-01-10T23:00:08Z,US Créteil-Lusitanos - AJ Auxerre (2-2)  - Résumé - (USCL - AJA) / 2014-15,4956
2014-12-13T23:00:02Z,US Créteil-Lusitanos - AC Arles Avignon (2-0)  - Résumé - (USCL - ACA) / 2014-15,2071
2014-08-09T22:00:01Z,US Créteil-Lusitanos - Châteauroux (3-0)  - Résumé - (USCL - LBC) / 2014-15,9923
2015-01-11T10:30:02Z,Top buts 19ème journée - Ligue 2 / 2014-15,2043
2014-11-01T23:00:02Z,US Créteil-Lusitanos - FC Sochaux-Montbéliard (1-2)  - Résumé - (USCL - FCSM) / 2014-15,4793
2014-11-22T23:00:03Z,US Créteil-Lusitanos - Nîmes Olympique (2-0)  - Résumé - (USCL - NIMES) / 2014-15,2132
2014-10-25T22:00:02Z,US Orléans - US Créteil-Lusitanos (1-1)  - Résumé - (USO - USCL) / 2014-15,2603
2015-04-25T21:59:59Z,Nîmes Olympique - US Créteil-Lusitanos (0-1)  - Résumé - (NIMES - USCL) / 2014-15,1472
2014-08-16T22:00:03Z,Stade Lavallois - US Créteil-Lusitanos (1-1)  - Résumé - (LAVAL - USCL) / 2014-15,894
2014-11-29T23:00:04Z,Stade Brestois 29 - US Créteil-Lusitanos (2-2)  - Résumé - (SB29 - USCL) / 2014-15,6422
2014-08-16T22:00:02Z,Stade Lavallois - US Créteil-Lusitanos (1-1)  - Résumé - (LAVAL - USCL) / 2014-15,2831
2015-01-10T19:01:15Z,Conférence de presse US Créteil-Lusitanos - AJ Auxerre (2-2) - 2014/2015,259
2015-02-14T18:55:30Z,Conférence de presse US Créteil-Lusitanos - Valenciennes FC (0-0) - 2014/2015,114
2014-12-13T16:53:29Z,&quot;İSMAİL KARTAL&#39;I F.BAHÇE&#39;YE BEN GETİRDİM&quot;,135
2015-06-11T08:29:51Z,Jean-Michaël Seri (OGC Nice) balle au pied,15541
2015-05-31T14:49:31Z,#MagicWeekend Giants deny Dragons,585
2014-08-30T18:04:35Z,zalımspor röportaj / istanbul / iddaa Rakipbul Ligi 2014 Kapanış Sezonu,113
2014-09-07T03:12:22Z,1.Yarasa - 2.Zalımspor / İSTANBUL / iddaa Rakipbul Ligi 2014 Kapanış Sezonu,28
