published-time,comment,likes
2015-01-14T12:23:33Z,BA !! Aller Auxerre Ultrat Auxerre !!,0
2015-01-12T08:18:58Z,#Ligue2 - J19 - Retrouvez les résumés des matchs de vendredi et samedi sur la chaîne officielle Youtube !,4
2015-01-11T19:55:28Z,"Toujours la même histoire avec Créteil et les dernières minutes, si on avait pas pris tout ces buts entre la 80 et la 90ème minute, on serait 4ème de ligue 2 !!!!!!",1
2015-01-11T12:06:29Z,Aj auxerre allez aj auxerre allez (8)  match a oublier en premiere mi-temps la deuxieme etait bien meilleur malheureusement on a pas reussi a en planter 2 en deuxieme parcage sympa qui aurai pu etre encore mieux m'enfin allez l'aja,1
2014-12-29T18:21:11Z,Creteil a merite la victoire,0
2014-08-10T07:21:39Z,C'est qui ce Sec.Normalement l'avent centre c'est Marcel Essombe...,3
2015-01-12T06:57:23Z,Allez le sco,0
2015-01-11T20:04:31Z,Allez le sco,0
2015-01-11T16:38:35Z,Allez le SCO,2
2015-01-11T14:26:16Z,je suis sure que dans sochaux valencienne il y aura un beau but,0
2015-01-11T13:57:42Z,Personne au Havre :o,0
2015-01-11T13:15:26Z,"Allez Nancy ! Lusamba, le plus beau but de ce top selon moi ! :D",1
2014-11-03T06:51:06Z,Allez le FCSM !!!!! Retour en L1 à la fin de cette saison !!!!!,0
2014-11-02T10:36:20Z,Allez Sochaux !,2
2014-08-17T11:38:00Z,lesage! lesage! lesage!,1
2015-01-11T19:50:46Z,"Vannuchi est dépité, c'est pas comme ça qu'il va motiver ses troupes!!!
Ne tombe t'il pas dans la déprime ambiante comme Casoni l'a fait avant lui...
Aller Jean-Luc, ne nous lâche pas",0
2015-02-21T18:56:59Z,Kficdkv eh udibdvbdbdib X d cosmétologie Oslo octuplés idem,0
2015-07-19T17:25:09Z,Very good player has alot of skill and balance with the ball,0
2015-06-11T22:15:32Z,"bon pas mal, maintenant il faudrait encore un bon et pur milieu déf... et un latéral droit !",0
2015-06-11T17:42:32Z,C'est la SERIse sur le gâteau,0
2015-06-11T11:01:20Z,Il a l'air d'être plutôt très bon en passes et une bonne frappe ,3
