published-time,comment,likes
2015-04-28T11:27:08Z,Et n'oublions pas Koné qui défonce Muratori en toute impunité en début de match.,0
2015-04-26T10:31:31Z,"Carton rouge beaucoup trop sévère mais victoire quand même méritée pour Nancy !! ;) On croit toujours à la montée, allez Nancy !",2
2015-04-25T22:41:38Z,Et en plus de ça il leur fait une passe décisive sale enflure de merde arbitre de merde !!!!!!,1
2015-04-25T22:38:48Z,"Je suis supporter Troyens et je trouve inadmicible d'avoir un arbitre aussi pourri,nul à chier Dasquet prends un rouge et Lenglet du côté de Nancy fait la même faute et il n'a que le jaune.Que cet arbitre va arbitrer les débutants svp.",1
2015-05-02T20:31:36Z,Bienvenue à Troyes en Ligue 1,0
2015-04-30T18:30:16Z,"Le SCO ne veut pas monter de toute façon ... Pourtant ça serais une superbe expérience ...
Un angevin déçu..",0
2015-04-30T08:42:40Z,On est en ligue 1 !!!,1
2015-04-30T07:55:58Z,GG a Troyes pour cette remonter en ligue 1. J'aurai espérer Sochaux mais ses donc fini pour la remonter en  ligue 1,0
2015-04-29T23:04:29Z,"Bravo à Troyes pour leur saison et leur montée en Ligue 1 ! J'espère qu'on vous retrouvera l'année prochaine et qu'on retrouve le derby de la Champagne l'année prochaine
D'un ami rémois ;)",4
2015-04-29T21:20:18Z,"Merde quoi à 1-0 ,11contre10 dix il arrive à perdre. Oui leur meilleurs joueurs ne sont pas là mais je crois que les jeunes de l équipe ne se rende pas compte que c est la ligue 1 qui leur echape peu a peu",2
2015-04-29T20:11:14Z,J'étais au match et je peut vous dire que l'estac mérite sa qualification en Ligue 1.,0
2015-04-29T19:15:27Z,"bravo a Angers pour ce match  
putain dire que samedi on reçoit troyes et aller ça sera la 6 eme défaite consécutive
vite que cette putain de saison se termine , la cfa2 ca sera mieux",1
2015-04-29T18:11:55Z,Coooool,0
2015-07-01T12:43:36Z,Super saison bravo!,5
2015-06-30T17:58:52Z,Tres beau parcours des troyens,3
2015-06-13T09:56:04Z,Le 3ème but MAGNIFIQUE !!,4
2015-06-02T22:36:35Z,le troisième but les mec ont plus de justesse technique que Rennes ou Bordeaux mdr ca promet,2
2015-05-27T10:59:25Z,Hommage à tout ceux qui disnet qu il n y a pas de public à Troyes,9
2015-05-27T10:37:19Z,Bien joué Troyes vous l'avez mérité ce titre ;),7
2015-05-25T09:53:10Z,3:52 regardez le gros vent qui c'est pris thierrez,2
2015-05-25T07:42:02Z,gg pour la ligue 1 j'ai tout de suite vu votre beau jeu quand vous aver jouer contre sochaux avec ce magnifique but de Corentin jean  j'aurai aimer  sochaux a la place de Troyes mais sa sera la saison prochaine,1
2015-05-24T11:56:31Z,Que dire du 3ème but...,7
2015-05-23T23:19:24Z,"Bravo un beau parcours similaire au nôtres l'année passer mais ne faite pas comme nous en ligue 1 . 
Chaos bonne chance , des messins ! ",10
2015-05-23T23:00:52Z,Champions !!! ,6
2015-05-16T22:29:25Z,"Hahaha, le plus beau but contre son camp que j ai jamais vu. ",2
2015-05-27T19:22:27Z,Allez l'estac meilleur équipe de ligue 2 et il le méritait la première place et le titre de champions de France,0
2015-04-07T18:32:55Z,Allez l'estac direction l'élite français ,0
2015-04-05T09:54:08Z,Résumé ridicule qui ne montre quasi que les actions Troyes alors que Dijon en a eu beaucoup plus...,2
2015-04-05T06:10:20Z,"Bravo pour Troyes, équipe qui mérite clairement de monter en L1. Par contre le comportement des 2 équipes apres le match laisse a désirer...",0
2015-04-05T00:02:33Z,Troyes en Ligue 1 et meme champions.. Cette Equipe est trop au dessus de toutes les autres. Meme en ratant son match (c'était certes loin d'être l'équipe type) elle gagne...,2
2015-03-11T15:36:05Z,"#Ligue2 - Classement des passeurs - Revoilà Benjamin Nivet !
Le capitaine de l’ESTAC Troyes a délivré sa première passe décisive de 2015, sa 7e de la saison, pour revenir dans la course au podium du classement des passeurs de Ligue 2 - http://www.lfp.fr/ligue2/article/revoila-benjamin-nivet.htm",5
2015-03-08T01:21:01Z,Nous méritons vraiment de monter en L1... Très belle équipe qui survole totalement le championnat. ,5
2015-02-16T10:45:44Z,#Ligue2 - J24 - Retrouvez les résumés des matchs du week-end sur la chaîne officielle Youtube !,3
2015-02-15T17:26:32Z,"j'suis supporter de l'estac et je pense que le nul aurait été logique car effectivement le hors jeu me parait inexistant. Après, ok vous avez eu la possession en 2eme mais aucune occaz'. Dans le match Troyes a 2 occaz' franches a 1. L'ESTAC a cru avoir fait le plus dur en menant 1-0 et ils ont laissé jouer. Avec une équipe énormément remaniée en plus. Troyes doit monter en L1 car elle a l'équipe pour et la réussite aussi. Ça a rarement été le cas pour l'ESTAC donc autant en profiter. Bonne chance à l'AJA même si honnêtement ca risque d'être dur pour vous.",1
2015-02-15T08:34:26Z,"C'est sévère pour l'AJA, Ce match aurait du finir a 1-1 ou à 0-0 un match nul c'étais l'issu logique du match. Par contre ne dites pas que Troyes à dominé la partie pendant la seconde mitent ils ont touché deux ballons. Et le but hors jeux dommage de ne pas avoir le ralentis de la où j'étais c'était pas évident mais bon y'a des matchs comme ça...",0
2015-02-15T02:28:56Z,"dommage vous ne parlez pas du ""hors jeu"" sur le but d'auxerre ",0
2015-02-12T21:56:17Z,"C'est un fake le commentateur...?!? Faut préparer un minimum... ""L'ESTAC pour la montée en Division 1""= il a hiberné? ""Transversale sur le penalty de Nivet""= Ah bon? ""2ème carton jaune pour Jean""= non rouge direct... enfin bref parfois vaut mieux être sourd!!!",0
2015-02-09T08:19:01Z,#Ligue2 - J23 - Retrouvez les résumés des matchs du week-end sur la chaîne officielle Youtube !,1
2015-02-08T19:08:22Z,Magnifique fail à 1:45 ;),0
2015-02-08T01:53:21Z,"Écoutez les chants a la fin adressés à M.Kalt amplement mérités au vu de son incompétence, il a même interrompu pour que les insultes cessent mais plus il faisait ça plus le public troyen faisait le contraire ",2
2015-06-07T13:36:42Z,keepers in this video are only for amateur level.....,1
2015-05-30T21:54:50Z,манерой игры и внешне схож с Матье Вальбуена.,0
2015-05-06T16:18:10Z,AWESOME,0
2015-05-03T17:03:09Z,"#27 Corentin Jean
ESTAC Troyes, Ligue 2
Date of birth: Jul 15, 1995
Place of birth: Blois  France
Age: 19
Height: 1,70 m
Nationality: France
Position: Striker - Centre Forward
Foot: right",0
2015-05-03T17:01:07Z,,0
2015-04-30T15:35:48Z,Allez courage le SCO !!!,1
2014-10-05T12:45:47Z,On est dimanche! C'est le bon jour pour vous présenter l'inédit épisode 5 de la ‪#‎reathletisation‬ spécifique football de Steeve Albert (montage de Jérômine Lucas). Au programme : les ateliers des semaines 5 et 6. Vidéo très technique. J'espère que vous apprécierez. Bon visionnage! Bon dimanche! Ep 5 Réathlétisation Football après rupture LCA www.prepaphysique.fr avec www.prepaphysique.fr,4
