publish_date,title,view_count
2015-04-25T22:00:00Z,AS Nancy-Lorraine - ESTAC Troyes (2-0)  - Résumé - (ASNL - ESTAC) / 2014-15,6496
2015-04-29T17:56:11Z,ESTAC Troyes - Angers SCO (2-1)  - Résumé - (ESTAC - SCO) / 2014-15,12715
2015-05-23T22:00:00Z,ESTAC Troyes - Châteauroux (4-1)  - Résumé - (ESTAC - LBC) / 2014-15,17542
2015-05-16T21:59:59Z,Stade Brestois 29 - ESTAC Troyes (2-1)  - Résumé - (SB29 - ESTAC) / 2014-15,5759
2015-04-04T22:00:00Z,Dijon FCO - ESTAC Troyes (0-1)  - Résumé - (DFCO - ESTAC) / 2014-15,7335
2014-08-14T13:30:25Z,MOUSTAPHA KONE,173
2015-03-07T23:00:00Z,ESTAC Troyes - Clermont Foot (2-0)  - Résumé - (ESTAC - CF63) / 2014-15,5448
2015-02-14T23:00:00Z,AJ Auxerre - ESTAC Troyes (0-1)  - Résumé - (AJA - ESTAC) / 2014-15,4502
2015-02-07T23:00:00Z,ESTAC Troyes - GFC Ajaccio (1-1)  - Résumé - (ESTAC - GFCA) / 2014-15,4115
2015-05-03T16:46:33Z,Corentin Jean /27/ &quot;NEW&quot; Monaco ► Skills Dribbling Goals /4K Ultra HD/ 2015,6898
2015-04-29T17:33:12Z,Conférence de presse ESTAC Troyes - Angers SCO (2-1) - 2014/2015,637
2014-08-01T21:46:58Z,Nimes 3 - SCO 2,318
2015-03-17T09:21:06Z,[VAFC 1-1 ESTAC] Les mots du coach dans le vestiaire,707
2015-06-15T19:03:48Z,Préstation d&#39;un jeune footballeur,93
2015-03-27T10:18:14Z,PAPA ZIZOU,125
2014-10-04T23:00:40Z,Ep 5 Réathlétisation Football après rupture LCA http://www.prepaphysique.fr,8840
