publish_date,title,view_count
2014-10-05T16:52:19Z,But Yrondu MUSAVU-KING (84&#39;) / SM Caen - Olympique de Marseille (1-2) -  (SMC - OM) / 2014-15,5712
2015-07-10T14:45:21Z,"Musavu King, presentación",541
2014-10-05T21:01:35Z,SM Caen - Olympique de Marseille (1-2) - Highlights - (SMC - OM) / 2014-15,8605
2014-10-05T16:52:48Z,SM Caen - Olympique de Marseille (1-2)  - Résumé - (SMC - OM) / 2014-15,115399
2014-10-19T21:22:41Z,Girondins de Bordeaux - SM Caen (1-1) - Highlights - (GdB - SMC) / 2014-15,1447
2014-10-05T18:30:57Z,Goal Alaixys ROMAO (74&#39;) / SM Caen - Olympique de Marseille (1-2) - (SMC - OM) / 2014-15,1321
2014-10-05T18:34:12Z,Goal Yrondu MUSAVU-KING (84&#39;) / SM Caen - Olympique de Marseille (1-2) - (SMC - OM) / 2014-15,1331
2014-10-26T23:00:04Z,SM Caen - FC Lorient (2-1) - Highlights - (SMC - FCL) / 2014-15,1590
2014-10-05T16:45:02Z,But André-Pierre GIGNAC (90&#39; +3) / SM Caen - Olympique de Marseille (1-2) -  (SMC - OM) / 2014-15,26646
2014-10-26T23:00:04Z,SM Caen - FC Lorient (2-1)  - Résumé - (SMC - FCL) / 2014-15,17691
2014-11-02T23:00:06Z,FC Metz - SM Caen (3-2) - Highlights - (FCM - SMC) / 2014-15,2260
2014-10-05T16:47:35Z,But Alaixys ROMAO (74&#39;) / SM Caen - Olympique de Marseille (1-2) -  (SMC - OM) / 2014-15,20008
2014-11-09T23:00:01Z,SM Caen - FC Nantes (1-2)  - Résumé - (SMC - FCN) / 2014-15,30596
2014-10-19T20:37:50Z,Girondins de Bordeaux - SM Caen (1-1)  - Résumé - (GdB - SMC) / 2014-15,20364
2014-10-05T18:30:18Z,Goal André-Pierre GIGNAC (90&#39; +3) / SM Caen - Olympique de Marseille (1-2) - (SMC - OM) / 2014-15,4505
2014-09-28T22:00:03Z,RC Lens - SM Caen (0-0) - Highlights - (RCL - SMC) / 2014-15,854
2014-11-09T23:00:03Z,SM Caen - FC Nantes (1-2) - Highlights - (SMC - FCN) / 2014-15,1812
2014-11-02T23:00:07Z,FC Metz - SM Caen (3-2)  - Résumé - (FCM - SMC) / 2014-15,31118
2014-10-05T23:49:24Z,Bloopers : Week 9 / 2014-15,3222
2014-10-05T23:06:21Z,Highlights : Week 9 / 2014-2015,5245
2014-10-05T23:30:16Z,PSG - Monaco in Slowmotion : Week 9 / 2014-15,2165
2014-10-05T23:01:38Z,Premier triplé d&#39;Alexandre Lacazette - 9ème journée de Ligue 1 / 2014-15,17053
2014-10-05T22:39:47Z,Top goals : Week 9 / 2014-15,2601
2014-10-05T22:36:10Z,Tous les buts de la 9ème journée - Ligue 1 / 2014-15,16607
2014-10-04T18:37:34Z,Football / Marseille arrache la victoire à Caen - 04/10,1559
2014-10-05T22:57:52Z,Résumé de la 9ème journée - Ligue 1 / 2014-15,95227
2014-10-05T23:33:25Z,PSG - Monaco à la loupe - 9ème journée de Ligue 1 / 2014-15,17853
2014-10-05T23:05:05Z,First career hat-trick for Alexandre Lacazette  : Week 9 / 2014-15,4664
2014-10-05T22:34:54Z,Top buts 9ème journée - Ligue 1 / 2014-15,32489
2014-10-05T22:38:13Z,Goals compilation : Week 9 / 2014-15,994
2014-09-28T22:00:02Z,RC Lens - SM Caen (0-0)  - Résumé - (RCL - SMC) / 2014-15,8872
2014-10-26T23:00:08Z,But Lenny NANGIS (3&#39;) / SM Caen - FC Lorient (2-1) -  (SMC - FCL) / 2014-15,3783
2014-10-06T13:07:31Z,Caen - OM - 04.10.14 (1-2),3210
2015-03-08T22:59:59Z,But Sloan PRIVAT (72&#39;) / SM Caen - Girondins de Bordeaux (1-2) -  (SMC - GdB) / 2014-15,1600
2015-02-21T22:55:33Z,SM Caen- RC Lens (4-1) joie des joueurs de Caen,256
2015-02-08T23:00:00Z,But Sloan PRIVAT (17&#39;) / SM Caen - Toulouse FC (2-0) -  (SMC - TFC) / 2014-15,1391
2015-05-07T13:52:48Z,OL : Rose juge sa saison,311
2015-02-27T22:35:39Z,Marseille 2-3 Caen,777
2014-10-19T18:30:51Z,But Herve BAZILE (77&#39;) / Girondins de Bordeaux - SM Caen (1-1) -  (GdB - SMC) / 2014-15,7441
2015-05-30T08:08:33Z,Jérémy Villeuve : de Reims à Drancy,281
2015-05-23T23:54:31Z,But Hervé BAZILE (60&#39;) / SM Caen - Evian TG FC (3-2) -  (SMC - ETG) / 2014-15,1593
2015-02-22T23:00:00Z,But Julien FERET (7&#39; pen) / SM Caen - RC Lens (4-1) -  (SMC - RCL) / 2014-15,1198
2014-11-30T23:00:03Z,But Mathieu DUHAMEL (40&#39;) / SM Caen - Montpellier Hérault SC (1-1) -  (SMC - MHSC) / 2014-15,1735
2014-08-10T22:00:05Z,But Mathieu DUHAMEL (32&#39;) / Evian TG FC - SM Caen (0-3) -  (ETG - SMC) / 2014-15,3269
2014-08-24T22:00:03Z,But Herve BAZILE (90&#39; +1) / Stade de Reims - SM Caen (0-2) -  (SdR - SMC) / 2014-15,1425
2014-10-05T16:47:20Z,But Vitorino HILTON (72&#39;) / OGC Nice - Montpellier Hérault SC (1-1) -  (OGCN - MHSC) / 2014-15,1080
2015-01-10T14:40:13Z,Lindsay Rose,2690
2015-05-17T13:11:34Z,AMIR RRAHMANI BEST FK PARTIZANI TIRANE 2014-2015,1316
2014-12-07T23:00:08Z,But Lenny NANGIS (45&#39;) / SM Caen - OGC Nice (2-3) -  (SMC - OGCN) / 2014-15,4891
2015-03-09T13:51:37Z,PES6 sforbiciata,66
