publish_date,title,view_count
2015-01-20T13:08:38Z,El futbolista de Burkina Faso Fadil Sido está en la agenda del Sporting,1362
2014-10-05T18:31:10Z,Goal Cheick DOUKOURE (62&#39; csc) / Evian TG FC - FC Metz (3-0) - (ETG - FCM) / 2014-15,445
2014-08-10T22:00:03Z,LOSC Lille - FC Metz (0-0) - Highlights - (LOSC - FCM) / 2014-15,2832
2014-08-10T22:00:04Z,LOSC Lille - FC Metz (0-0)  - Résumé - (LOSC - FCM) / 2014-15,21938
2014-08-09T09:55:27Z,Valencia CF: Mustafi: &#39;Venir al Valencia CF es un paso adelante en mi carrera&#39;,970
2014-12-21T13:34:48Z,Chelsea&#39;s Bertrand Traore score two goals against Heracles,1593
2015-02-23T14:50:44Z,Valencia CF: Vezo and Mustafi challenge their skills,5119
2014-09-28T22:00:02Z,Goal Ahmed KASHI (70&#39;) / FC Metz - Stade de Reims (3-0) - (FCM - SdR) / 2014-15,455
2014-10-09T01:15:13Z,Le journaliste Moussavou BILLA enquete sur les échecs en campagne africaine des clubs burkinabès,2402
2015-05-24T15:27:24Z,Vitesse Zwolle,1737
2014-10-24T18:28:48Z,"Voorbeschouwing Vitesse vs NAC Breda met Bosz, Dauda en Traore",2092
2015-04-11T20:18:58Z,Reacties Bosz en Traore na Excelsior vs Vitesse,2062
2015-01-13T14:36:36Z,"Bertrand Traoré ● Goals, Skills and Assists ● 2014/15",156780
2015-07-24T07:55:05Z,"Movimenti di mercato 24 luglio 2015 | Jovetic, Draxler, Astori, Romagnoli",385
2015-03-15T18:15:25Z,Manchester United 3 vs 0 Tottenham - Liga de Inglaterra - Comentarios y análisis,85
