published-time,comment,likes
2014-12-11T14:05:52Z,المرجو مواكبة الفريق والهمهور حتى خارج الميدان..كما تفعل كباقي الفرق الاخرى .. وليس القيام بفيديوات داخل الميدان فقط وشكرآا,0
2014-12-11T13:30:28Z,"Had les flashs ra tel3ou lina frasna tjr les mêmes question & réponses, jtahdou chwiya ou kounou créatif, souwlou les joueurs des questions li ghadi tjdeb bnadem wi 3ajbou l7al iji ivhouf had vidéo, c'est vrai majhoud dialkoum you7taram, mkhelline public en contact avec l'équipe, mais wahed lwa9t ra public ki bda dima isma3 nefs l7wayj, ou dakchi raje3 l 2as2ila dialkom ou ajwiba dl3aba, swlo as2ila mkhtalfa 3la dok as2ila li wlaw standard f sa7afa, par exemple, m3amen katl9A ra7tek fla3b, chkone s7aybek flfer9a, chkoune li ki motivikom etc, ou pour l'entraineur des qeustion du genre, chnou mazal khass lfer9A, chnahia 3ala9tek bmaktab moussayir, kifach kat3amlou fles primes etc, bach bnadem ifhem systeme ki kheddam wi 3ref la maison verte kifach kheddama
sm7o lia la bent t9il fhderti mais c juste pour avancer, psk ana chakhsiane flwl kanou ki 3jbouni les flashs/résumés/micro magana , mais daba tl3o lia frassi psk dimaa nefs lhadra o nefs l2as2ila",1
2014-12-10T23:19:04Z,"khoya llah tr7am lwalidin b9aw diro lina tarjama please
dima verde",0
2014-09-01T21:48:43Z,Allah ykhali lina chahiri,2
2014-09-01T21:48:42Z,Allah ykhali lina chahiri,1
2015-06-02T13:33:03Z,Grand talent pour l'avenir,0
2015-05-25T10:24:10Z,Sofiane bouffe pas mauvais du tous ce jeune.......!!!!!! D'ici qqlques mois ( en début de saison 2015 /2016) il risque d'en épater quelques un ( e) peut être de changer sa vie professionnelle.........!!!!!!!! Vous venez bien....!,0
2015-05-07T12:45:42Z,"#7 Sofiane Boufal
LOSC Lille, Ligue 1
Date of birth: Sep 17, 1993
Age: 21
Place of birth: Paris, France
Height: 1,75 m
Nationality: France / Morocco
Position: Midfield - Attacking Midfield
Foot: right",0
2015-05-07T12:43:00Z,,0
