publish_date,title,view_count
2015-05-04T18:11:47Z,HAFIDI HAMZA,521
2014-12-19T20:38:43Z,RCA vs CRA le 2éme but de hafidi  الهدف الثاني لحفيدي في المباراة,59
2014-12-19T19:40:01Z,RCA vs CRA but de hafidi  هدف جميل من حافظي وزملائه,695
2015-06-15T21:33:10Z,MAR 1-1 TUN | BUT DE HAFIDI,3273
2015-07-10T19:57:25Z,highlight  Abourazouk Hamza  Raja  casablanca 2015 حمزة أبورزوق الرجاء الرياضي,17511
2014-12-19T21:31:42Z,zakaria hachimi en colére aprés le remplacement,2271
2014-09-14T20:09:45Z,RAJA IZK 1/0 Botola 2014/2015,2541
2014-12-10T20:51:45Z,FLASH NEWS 10-12-2014,6604
2014-12-19T23:32:19Z,resumé des buts  de match RCA vs CRA,81
2014-12-19T21:12:23Z,أول هدف لعلي بامعمر مع فريق الرجاء البيضاويRCA vs CRA le 1ére but de bamamar avec les vert,169
2014-11-28T18:23:10Z,LA SEANCE EN IMAGE 27-11-2014,4241
2014-12-14T16:56:01Z,الهدف الثاني لفريق الرجاء البيضاوي ضد الكوكب المراكشي,187
2014-12-19T19:46:59Z,RCA vs CRA but de aqqal CRA هدف جميل من أقال وزملائه ضد,176
2014-09-01T12:53:12Z,Abdessamad CHAHIRI 2014 عبد الصمد الشاهيري,8920
2014-10-26T22:09:46Z,| www.supporters-asfar.com | OCS 1-1 AS.FAR : déclaration d&#39;Achchakir (Arryadia) |,2359
2015-05-07T12:25:38Z,Sofiane Boufal /7/ OSC Lille ► Skills Dribbling Assists Goals /4K Ultra HD/ 2014-2015,31683
2015-04-18T09:01:34Z,Iajour 2015 MAT,712
2015-07-02T14:54:18Z,Yassine Wakili 2015 ياسين واكيلي,3268
2014-12-14T16:03:50Z,هدفي لقاء الرجاء والكوكب KACM 1-1 RCA,285
2015-05-10T18:07:16Z,CAK 2-2 IZK | BOTOLA PRO 10-05-2015,163
