publish_date,title,view_count
2014-08-31T21:23:02Z,Gól nélküli pesti derbi,3689
2015-05-15T20:12:31Z,Edzői értékelés a Szombathelyi Haladás - Nyíregyháza Spartacus FC mérkőzésen,1415
2014-11-07T20:34:58Z,Souleymane Youla első gólja a Budapest Honvéd - Ferencvárosi TC mérkőzésen,4266
2015-05-15T20:12:31Z,Radó András második gólja a Szombathelyi Haladás - Nyíregyháza Spartacus FC mérkőzésen,2709
2015-05-23T16:35:26Z,Torghelle Sándor második gólja az MTK Budapest - Szombathelyi Haladás mérkőzésen,611
2014-08-09T17:26:34Z,08. 03. 2014. Győri ETO FC - Budapest Honvéd 3-1 (1-1),43
2014-08-23T17:28:04Z,Edzői értékelések az MVM-Paks - Újpest FC mérkőzésről,1606
