published-time,comment,likes
2014-09-02T04:45:44Z,"Aki esetleg lemaradt volna az ügyről annak itt van:
http://ultrasliberi.hu/az-mlsz-aljas-huzasa/",0
2014-09-01T08:12:23Z,Nektek aztán van bőr...előző verzió hova lett???Nem baj azért beprobáltátok?!?!?!?,2
2014-08-23T17:51:15Z,"A másik szégyenteljes, hogy egy angol nyelvtudás nélkül ott állhat a kamera előtt a riporter. Wc-s néniknek is kell már nyelvvizsga, de a tévéhez nem kell, biztos elég ha meleg vagy.",0
2014-08-23T17:43:13Z,Ez tolmács vagy költő? Még véletlenül se azt fordította ami a kérdés volt. Senem azt válaszolta amit a szerb mondott. ,0
