publish_date,title,view_count
2015-02-25T18:31:07Z,Algerian players against most famous players in the world,1704
2015-05-07T22:46:51Z,Le Total Régal 01/05/15,120
2015-05-06T08:02:34Z,AL NASR VS KALBA AGL ROUND 25 SEASON 2014-15(النصر - اتحاد كلباء),127
2015-03-15T23:00:00Z,Goal Yeni NGBAKOTO (90&#39; +1 pen) / FC Metz - AS Saint-Etienne (2-3) - (FCM - ASSE) / 2014-15,97
2015-07-09T07:42:52Z,Résumé du match Clermont Foot-UNFP FC du 08 Juillet 2015,1505
2015-01-24T18:01:43Z,But après deux crochets de Famara Diedhiou,712
2015-03-14T21:13:42Z,أهداف مباراة ميتز وسانت إيتيان (2-3) - 14/3/2015 - الدورى الفرنسى,141
2015-02-07T23:00:01Z,Clermont Foot - Chamois Niortais (1-1)  - Résumé - (CF63 - NIORT) / 2014-15,1646
2015-07-05T13:03:11Z,Farès Bahlouli Welcome to AS Monaco,6779
2015-07-30T21:59:19Z,Clermont Foot   Sochaux l&#39;avant match,360
2015-07-30T13:28:59Z,La conf&#39; avant Metz - Lens,5270
2014-12-14T23:00:09Z,Goal Yoann TOUZGHAR (80&#39;) / Montpellier Hérault SC - RC Lens (3-3) - (MHSC - RCL) / 2014-15,272
2015-06-09T17:33:08Z,"JONATHAN KODJIA 2014-2015 [HD] Buts, Dribbles et Passes [L2T N°1]",49618
2015-06-08T16:52:10Z,"Algeria ● Africa Cup 2015 ● (2015 الجزائر في كأس افريقيا) ● Skills, Goals &amp; Assist ● Full HD",32914
2014-08-07T00:56:45Z,Salim ARRACHE    Goals  Skills,3409
2015-05-06T16:21:02Z,CLERMONT FC KNIGHTS (6) vs (4) MAITLAND LIGHTNING - U10 - 1st Half,191
2015-04-15T14:07:38Z,Championnat de France Amateurs 2 : Journée 22 : Toulouse Fc 2 - Bassin Arcachon Fc,589
2015-07-10T08:42:54Z,Réaction de Laborde,241
2015-06-22T14:34:54Z,"IDRISS SAADI 2014-2015 [HD] Buts, Passes , Dribbles [L2T N°2]",57992
2014-12-13T12:19:14Z,Hamdi Bilal (clermont Foot) contre Dijon,1065
