publish_date,title,view_count
2015-02-02T22:33:10Z,San Marino vs Ascoli Picchio FC 1898 - grandissimo gol del colosso bianco nero Addae,1990
2014-12-04T19:59:15Z,ANTONAZZO PER LA BENEFICENZA,241
2015-03-05T17:07:38Z,"Lucchese ad Ascoli, sfida impossibile?",88
2015-05-03T17:24:28Z,INTERVISTA GIUSEPPE LOMBARDI E KARAMOKO CISSE,234
2015-04-01T06:21:49Z,FeralpiSalò News del 31/03/2015 - Brescia.TV,25
2014-10-07T11:06:40Z,Intervista Ivan Lanni Pre Ascoli Pisa,530
2015-03-13T13:38:32Z,Conferenza stampa Petrone pre Gubbio,26
