publish_date,title,view_count
2014-10-24T11:28:07Z,Kouakou Fabrice Elysee Kouadio - MANUCHO,5241
2014-11-12T08:51:33Z,Doukoure Cheick Traore Adame et Mansou Kouakou donnent leurs impressions,2104
2015-04-25T22:03:31Z,Top buts 33ème journée - Ligue 2 / 2014-15,3364
2014-12-21T10:30:00Z,Top buts 18ème journée - Ligue 2 / 2014-15,2896
2014-08-02T22:08:19Z,Top buts 1ère journée - Ligue 2 / 2014-15,8604
2014-09-22T10:28:58Z,Coupe de la Confédération 2014 (1/2Finale - Aller) Sewe 1-0 AC Léopards,851
2014-10-31T14:42:42Z,LAVAL - TOURS  2-1,152
2014-08-02T22:00:02Z,Tours FC - US Créteil-Lusitanos (4-2)  - Résumé - (TOURS - USCL) / 2014-15,12503
2014-08-09T22:00:02Z,ESTAC Troyes - Tours FC (1-0)  - Résumé - (ESTAC - TOURS) / 2014-15,6373
2015-04-08T22:22:45Z,kouakou kouadio 1~1,176
2014-11-01T23:00:05Z,Stade Lavallois - Tours FC (2-1)  - Résumé - (LAVAL - TOURS) / 2014-15,3483
2014-11-02T10:30:03Z,Top buts 13ème journée - Ligue 2 / 2014-15,3072
2014-11-22T23:00:04Z,Chamois Niortais - Tours FC (1-1)  - Résumé - (NIORT - TOURS) / 2014-15,2099
2015-04-25T22:00:00Z,Tours FC - Chamois Niortais (1-0)  - Résumé - (TOURS - NIORT) / 2014-15,3039
2015-04-18T22:27:30Z,Top buts 32ème journée - Ligue 2 / 2014-15,3600
2014-12-20T23:00:03Z,Tours FC - Havre AC (3-2)  - Résumé - (TOURS - HAC) / 2014-15,6362
2014-11-09T10:30:02Z,Top buts 14ème journée - Ligue 2 / 2014-15,5338
2015-05-09T22:00:00Z,Havre AC - Tours FC (0-1)  - Résumé - (HAC - TOURS) / 2014-15,3443
2015-04-18T21:59:59Z,AJ Auxerre - Tours FC (2-3)  - Résumé - (AJA - TOURS) / 2014-15,8017
2014-11-08T23:00:02Z,Tours FC - AJ Auxerre (2-3)  - Résumé - (TOURS - AJA) / 2014-15,6105
2014-08-16T22:00:02Z,Tours FC - Valenciennes FC (1-0)  - Résumé - (TOURS - VAFC) / 2014-15,8365
2015-04-04T22:00:00Z,Tours FC - Châteauroux (1-0)  - Résumé - (TOURS - LBC) / 2014-15,3107
2014-10-25T22:00:07Z,Châteauroux - Tours FC (2-1)  - Résumé - (LBC - TOURS) / 2014-15,4951
2015-04-18T18:22:15Z,Conférence de presse AJ Auxerre - Tours FC (2-3) - 2014/2015,320
2014-12-20T19:00:57Z,Conférence de presse Tours FC - Havre AC (3-2) - 2014/2015,162
2015-07-21T19:39:01Z,BUZZ2SPORT - INTERVIEW DE KOFFI MECHAC,1757
2015-04-29T17:56:15Z,GFC Ajaccio - Tours FC (1-1)  - Résumé - (GFCA - TOURS) / 2014-15,3166
2015-05-02T22:00:00Z,Tours FC - Clermont Foot (0-1)  - Résumé - (TOURS - CF63) / 2014-15,2326
2014-11-29T23:00:04Z,Tours FC - GFC Ajaccio (2-1)  - Résumé - (TOURS - GFCA) / 2014-15,3857
2014-11-08T19:58:17Z,Conférence de presse Tours FC - AJ Auxerre (2-3) - 2014/2015,558
2015-04-11T21:59:59Z,Tours FC - Stade Lavallois (1-1)  - Résumé - (TOURS - LAVAL) / 2014-15,2110
2015-04-25T17:58:21Z,Conférence de presse Tours FC - Chamois Niortais (1-0) - 2014/2015,110
2014-08-02T19:03:55Z,Conférence de presse Tours FC - US Créteil-Lusitanos (4-2) - 2014/2015,349
2014-11-01T19:11:56Z,Conférence de presse Stade Lavallois - Tours FC (2-1) - 2014/2015,138
2014-11-16T21:30:04Z,MAR 1-1 ZIM | BUT DE SAIDI,1093
2015-01-25T23:00:08Z,But Lenny NANGIS (50&#39;) / Stade Rennais FC - SM Caen (1-4) -  (SRFC - SMC) / 2014-15,4456
2014-08-16T23:18:15Z,2014-08-16 IFK Stocksund-AIKP00 4-1,113
2015-07-12T10:26:43Z,AIK 4 0 Vaasan Palloseura All Goals and Full Highlights 09 07 2015,318
2014-10-05T16:52:19Z,But Yrondu MUSAVU-KING (84&#39;) / SM Caen - Olympique de Marseille (1-2) -  (SMC - OM) / 2014-15,5712
2014-10-06T12:52:55Z,BUZZ 2 SPORT - Focus Challenge Zokora,2595
2014-11-22T22:36:44Z,Football / Monaco accroché par Caen - 22/11,391
2015-03-16T17:31:09Z,14.03.2015::CAF-C1-16E ALLER::INTERVIEWS KOUAME ET CARTERON APRES MAMELODI -TP MAZEMBE,2907
2014-10-26T23:00:05Z,Goal Eric BAUTHEAC (72&#39;) / EA Guingamp - OGC Nice (2-7) - (EAG - OGCN) / 2014-15,113
2015-05-05T15:51:01Z,Top 5 buts du SM Caen saison 2014 2015,726
2014-08-24T22:00:04Z,But N&#39;golo KANTE (83&#39;) / Stade de Reims - SM Caen (0-2) -  (SdR - SMC) / 2014-15,10669
2014-09-19T17:32:52Z,BUZZ 2 SPORT -  Ligue Sportive Universitaire Olympique,166
2015-07-08T07:08:30Z,VPS-TV: Henri Sillanpää juttelee toisesta osaottelusta AIK:ta vastaan,1021
2014-11-28T05:49:03Z,MATHIEU KOUAME,266
2015-02-14T20:47:50Z,Paris SG vs Caen 2:2  Ligue 1 14.02.2015,199
2014-12-25T23:52:50Z,PATRICK EZE FRIDAY SEASON 2014/15,19023
