published-time,comment,likes
2015-04-26T14:22:28Z,First,0
2015-04-25T23:53:29Z,Jeu en triangle avec l'arbitre !,1
2014-12-27T20:43:27Z,et le but de martins pereirra il est ou ???????????????,0
2014-12-23T10:11:41Z,#Ligue2 - J18 - Revivez les plus beaux buts de la 18ème journée de Ligue 2 en vidéo sur la chaîne officielle YouTube !,1
2014-12-21T11:11:27Z,"Que des buts à l’extérieur, on entend le stade prendre le seum à chaque fois",4
2014-08-07T19:55:52Z,cette saison moi je suis pour sochaux,0
2014-08-04T20:14:17Z,"Comment peuvent ils mettre un top but alors que la 1ère journée n'est pas fini?
Brest-Clermont",0
2014-08-04T20:14:15Z,"Comment peuvent ils mettre un top but alors que la 1ère journée n'est pas fini?
Brest-Clermont",1
2014-08-04T16:04:47Z,Cyriaque!!!!,1
2014-08-03T23:06:00Z,RIVIEYRAN !!!!!!!!!!!!!!!,2
2014-08-03T08:55:57Z,Toifilou a l'ancienne avec des banderoles,0
2014-08-03T01:40:18Z,Maoulida et ses bandelettes haha ^^,1
2014-09-22T16:38:44Z,Cela n'a pas été facile et rassurant au vu des occasions qu'ont eu les léopard... il faut que le SEWE plus compact dans les duels et face le pressing haut pour empêcher ces joueurs techniques du AC Léopard...,1
2014-08-04T17:15:20Z,On est en ligue1 metz!,0
2014-08-04T08:21:02Z,N'importe quoi ce pénalty et en plus notre goal ce prend le rouge après a cause de ça --' Allez Tours :D,0
2014-08-02T22:23:26Z,Tours FC♥♥,2
2014-08-21T10:29:31Z,Match compliqué pour une première à domicile mais o n ne retient que la victoire et le bon match des recrues et de la défense centrale !,1
2014-08-11T15:12:59Z,"Premier match à domicile réussi, malgré le score étriqué nous avons bousculé l'équipe de Tours, qui est une bonne équipe de Ligue 2, surtout en deuxième mi-temps, peut-être la fatigue ou alors l'orage, il a plu abondamment. A noter la prestation honnête des nouveaux joueurs Thomas Ayasse et Jessi Pi, T.Ayasse a pris beaucoup de ballons de la tête. Le milieu a souffert en première mi-temps, Benjamin Nivet, toujours précieux, est vieillissant et T.Ayasse et Jessi Pi doivent prendre leurs marques et de l'assurance dans ce nouveau groupe. Beau tir de Lionel Carole sur la transversale, prés de la lucarne gauche...",1
2014-08-10T00:27:38Z,Allez l'ESTAC ! ,5
2014-11-02T19:12:59Z,Allez Laval !!!,0
2014-11-02T09:40:05Z,"GG Laval, c'est mérité ;)",1
2014-11-02T13:52:25Z,Mana Dembele! ♥♥♥♥♥♥♥♥♥,2
2014-11-02T13:09:01Z,la 13eme journée n est pas terminée mais bon...,1
2014-11-02T13:03:25Z,Aller angers aller nantes,0
2014-11-02T12:23:25Z,Faudra quon mexplique pq le dernier il es dans le classemen,2
2014-11-02T10:34:30Z,First,0
2014-11-23T09:06:49Z,"PS : Brouard, Dégage, Gastien (surnommé ""l'Architecte"") Reviens",0
2014-11-23T09:04:52Z,"Il va falloir qu'ils se bougent le cul, les amis Chamois ! Ils sont dix-septièmes de Ligue 2, à deux points de Châteauroux, le premier relégable. Il faudrait prendre 12 points sur les 12 (ou les 15) possibles lors des quatre (ou cinq) prochaines rencontres pour qu'ils soient à l'abri à la trêve hivernale.",0
2015-04-29T19:57:03Z,Magnifique but (de Tours )!,0
2015-04-28T22:27:02Z,"J’espère que Tours restera en ligue 2, ils le méritent plus que Orléans et pour Niort c'est fait :)",0
2015-04-27T01:55:57Z,En fait c'etait un match tres serre... Dommage que cela ai basculé du coté de Tours. :),0
2015-04-26T20:54:38Z,Aller tours en route vers le maintien,0
2015-04-26T08:35:16Z,Tours sort enfin de la zone rouge !,0
2015-04-26T00:22:02Z,Gros match,1
2015-04-19T14:28:44Z,"bien joué celui de Le Tallec, vrmt pas facile à placer a cette distance ds le petit filet",0
2015-04-19T09:06:31Z,Le GFCA aurait pu (dû ?) faire tout le top !,3
2015-04-19T08:59:28Z,Et la superbe reprise de volée de Jérémy Bréchet pour le Gazelec ?,0
2014-12-29T16:21:16Z,Adrianot et Simao vont signer au HAC,0
2014-11-12T16:04:13Z,#Ligue2 - Classement des passeurs - Benjamin Nivet (ESTAC) a vu revenir à sa hauteur le duo de passeurs Johan Cavalli (ACA)-Loïc Puyo (USO) après la 14e journée de Ligue 2 - http://urlz.fr/Uy7,0
2014-11-12T13:10:40Z,Gragnic en forme après sa blessure !! allez Auxerre !!,0
2014-11-11T09:49:57Z,Tours auxerre = 100 personnes au match,0
2014-11-11T09:48:24Z,"quel but de Boufal 
ALLEZ LE SCO ",0
2014-11-09T17:52:15Z,LE BUT DE GIMBERT ??? ,0
2014-11-09T17:37:23Z,aller le sco ! magnifique but faut enchainer les résultats maintenant !,0
2014-11-09T15:42:09Z,Superbe but de sofiane Boufal ! ALLEZ LE SCO!!!!!,1
2014-11-09T14:30:39Z,Quelle but de Sofiane Boufal ! Allez le SCO,2
2014-11-09T12:53:46Z,"C'est moi où il y a plus d'ambiance pour le but du SCO,",1
2014-11-09T11:09:16Z,"Vous aimez le foot ? Vous avez facebook ? Venz aime m'as pages 
Info ligue 1 et ligue 2 
Et aller le sco",0
2014-11-09T10:50:36Z,Premier commentaire et un but extrait de sofiane aller angers aller nantes meme si nantes est en ligue 1,1
2015-05-10T16:53:46Z,Allez le hac,1
2015-04-22T09:11:24Z,Delors aurait pu marquer quand même,0
2015-04-19T08:23:44Z,Alors déjà quel beau match de merde. Pour Tours rien à dire les 20 premiers minutes. Nous on est nul on touche pas un ballon les deux but sont normaux. Le penalty y'a pas à chier y'a péno. bon pour la main dans la surface on va pas en parlé hein parceque l'arbitre on n'allait pas lui en demander de trop ! deux penalty pour Auxerre dans le même match ça aurait été du jamais vu ! Mais après sa me soûle de voire ce qu'on fais tours putain. Le terrain glisse et sa en profite pour tombé a tous bout de champs et sa siffle a chaque fois ! Pareille j'ai jamais vu ça pour jouer la montre l'autre y remet ses protège tibia sur le terrain !! Mais bordel mais c'est de l'anti jeux c'est pas fair-play !! Puis quelle chatte sans dec' y'a tjrs un contre par ci un pied par la. Y'avait de quoi s'arracher les cheveux en tribune !! Et dire qu'on est en final contre Paris ! prendre trois pions par le 18ème de Ligue deux ça va être quoi contre Paris bordel on va en prendre 10 !!!,1
2015-04-19T07:57:37Z,tours vous inquiétez pas vous êtes sauver par notre descente a nous :(,2
2015-04-18T22:05:43Z,"Ah oui, Bingourou Kamara FAUCHE carrément l'auxerrois ?! On a pas dû voir les mêmes images lors du ralenti :/",0
2014-11-09T09:02:31Z,"le penalty est légèrement exagéré, de toute les manières à chaque matchs on encaisse un but sur péno, 1/3 n'est pas justifié ! l'arbitrage c'est vraiment pas ça, allez Auxerre !!",2
2014-09-20T14:06:06Z,Oh !! ma soeur dans les bras d'Andy Delort *.* ,1
2014-08-18T08:42:45Z,Tours fc!!!,0
2015-04-05T08:05:20Z,"Au revoir la L2, bonjour la national pour Châteauroux !!!!",1
2014-10-26T08:01:48Z,Gagner non volé grâce a un hors jeu oui,0
2014-10-26T07:12:52Z,Putain ouais une victoire ça fait plaiz !!!,1
2014-10-25T23:16:04Z,Enfinnn!!!!!!,0
2014-10-25T22:15:04Z,On a gagné !,0
2015-04-30T08:21:31Z,Allez tours fc,1
2015-05-04T15:17:49Z,L arbitre est un voleur,0
2014-12-02T15:35:05Z,"#Ligue2 - Classement des buteurs - Classé dans le Top 5 des buteurs de Ligue 2 avec 7 buts après la 16e journée, Youssef Adnane a relancé le Tours FC après 8 journées infructueuses - http://minilien.fr/a0nds8",1
2015-04-12T07:52:40Z,aller tours fo rester en ligue 2,0
2015-04-26T00:34:33Z,Delors va t il rester a tours,0
2015-05-05T18:37:09Z,J'aime beaucoup ! Fait Marseille après guingamp :3,2
2015-07-21T06:17:51Z,"From the beginning it was naturally imputed in you, good to see you fly and play better, making us proud you ever wanted. #fridayezenaijaboi",1
2015-07-08T12:24:11Z,5:20 LOL,1
2015-06-28T16:53:51Z,Musiktitel?,0
2015-05-13T12:15:33Z,dobar je..,0
2014-12-27T23:41:33Z,Le liiioooon ,0
