publish_date,title,view_count
2015-05-23T22:00:09Z,Top buts 38ème journée - Ligue 2 / 2014-15,6066
2015-03-27T13:40:55Z,Pelea a la uruguaya en el viejo continente!,1965897
2014-10-21T10:00:06Z,Valenciennes FC - Dijon FCO (0-3)  - Résumé - (VAFC - DFCO) / 2014-15,7538
2014-11-30T10:30:01Z,Top buts 16ème journée - Ligue 2 / 2014-15,2219
2014-10-04T18:25:50Z,Top buts 10ème journée - Ligue 2 / 2014-15,3734
2015-03-15T10:30:01Z,Top buts 28ème journée - Ligue 2 / 2014-15,1882
2015-03-08T10:30:01Z,Top buts 27ème journée - Ligue 2 / 2014-15,3344
2014-11-01T23:00:02Z,Dijon FCO - AC Ajaccio (3-0)  - Résumé - (DFCO - ACAJ) / 2014-15,3959
2015-02-22T10:30:00Z,Top buts 25ème journée - Ligue 2 / 2014-15,1950
2015-03-01T10:30:01Z,Top buts 26ème journée - Ligue 2 / 2014-15,1721
2014-11-02T10:30:03Z,Top buts 13ème journée - Ligue 2 / 2014-15,3072
2015-04-11T21:59:59Z,AC Ajaccio - Dijon FCO (1-0)  - Résumé - (ACAJ - DFCO) / 2014-15,2092
2014-12-20T23:00:04Z,Châteauroux - Dijon FCO (1-1)  - Résumé - (LBC - DFCO) / 2014-15,2507
2014-10-25T22:00:06Z,ESTAC Troyes - Dijon FCO (1-0)  - Résumé - (ESTAC - DFCO) / 2014-15,6508
2015-06-16T15:51:35Z,Hélder Tavares - reforço 2015/2016 (CD Tondela),1846
2015-05-04T22:16:34Z,Stade Brestois 29 - Dijon FCO (0-0)  - Résumé - (SB29 - DFCO) / 2014-15,1177
2014-11-29T23:00:06Z,AC Arles Avignon - Dijon FCO (0-2)  - Résumé - (ACA - DFCO) / 2014-15,4318
2015-05-26T03:24:00Z,TAVARES MICKAEL highlights 2014 2015,467
2015-03-21T22:59:59Z,Dijon FCO - Valenciennes FC (1-1)  - Résumé - (DFCO - VAFC) / 2014-15,4329
2015-02-28T22:59:59Z,US Créteil-Lusitanos - Dijon FCO (0-2)  - Résumé - (USCL - DFCO) / 2014-15,3481
2014-09-20T22:00:02Z,GFC Ajaccio - Dijon FCO (2-0)  - Résumé - (GFCA - DFCO) / 2014-15,3547
2015-03-14T23:00:00Z,Clermont Foot - Dijon FCO (2-5)  - Résumé - (CF63 - DFCO) / 2014-15,11692
2015-02-14T22:59:59Z,Chamois Niortais - Dijon FCO (1-1)  - Résumé - (NIORT - DFCO) / 2014-15,2209
2014-08-23T22:00:01Z,Dijon FCO - AJ Auxerre (1-0)  - Résumé - (DFCO - AJA) / 2014-15,7037
2014-09-27T22:00:01Z,Havre AC - Dijon FCO (1-0)  - Résumé - (HAC - DFCO) / 2014-15,4424
2014-10-04T19:06:11Z,Dijon FCO - Clermont Foot (1-0)  - Résumé - (DFCO - CF63) / 2014-15,3016
2014-11-08T23:00:07Z,Angers SCO - Dijon FCO (1-0)  - Résumé - (SCO - DFCO) / 2014-15,13368
2014-08-02T22:00:02Z,AS Nancy-Lorraine - Dijon FCO (1-1)  - Résumé - (ASNL - DFCO) / 2014-15,12426
2015-04-18T22:00:00Z,Dijon FCO - Angers SCO (1-1)  - Résumé - (DFCO - SCO) / 2014-15,6049
2015-04-29T17:56:08Z,Dijon FCO - AC Arles Avignon (1-0)  - Résumé - (DFCO - ACA) / 2014-15,4073
2014-08-09T22:00:01Z,Dijon FCO - Stade Lavallois (1-0)  - Résumé - (DFCO - LAVAL) / 2014-15,5024
2014-12-13T23:00:02Z,Dijon FCO - Stade Brestois 29 (1-0)  - Résumé - (DFCO - SB29) / 2014-15,5497
2015-03-07T22:59:59Z,Dijon FCO - Havre AC (1-1)  - Résumé - (DFCO - HAC) / 2014-15,4130
2015-03-14T18:08:13Z,Conférence de presse Clermont Foot - Dijon FCO (2-5) - 2014/2015,240
2015-05-16T21:59:59Z,Tours FC - Dijon FCO (0-0)  - Résumé - (TOURS - DFCO) / 2014-15,2158
2015-04-25T22:00:00Z,US Orléans - Dijon FCO (0-1)  - Résumé - (USO - DFCO) / 2014-15,4684
2015-05-23T22:00:00Z,Dijon FCO - AS Nancy-Lorraine (3-1)  - Résumé - (DFCO - ASNL) / 2014-15,7901
2015-04-04T22:00:00Z,Dijon FCO - ESTAC Troyes (0-1)  - Résumé - (DFCO - ESTAC) / 2014-15,7335
2014-09-24T22:00:05Z,Dijon FCO - US Créteil-Lusitanos (2-1)  - Résumé - (DFCO - USCL) / 2014-15,3292
2014-10-31T14:33:32Z,DIJON - AJACCIO  3-0,287
2015-05-09T21:59:59Z,Dijon FCO - Châteauroux (0-1)  - Résumé - (DFCO - LBC) / 2014-15,3745
2015-02-21T23:00:02Z,Dijon FCO - GFC Ajaccio (1-1)  - Résumé - (DFCO - GFCA) / 2014-15,2228
2014-11-29T18:22:05Z,Conférence de presse AC Arles Avignon - Dijon FCO (0-2) - 2014/2015,279
2015-03-07T19:40:18Z,Conférence de presse Dijon FCO - Havre AC (1-1) - 2014/2015,127
2015-02-28T18:18:53Z,Conférence de presse US Créteil-Lusitanos - Dijon FCO (0-2) - 2014/2015,88
2015-07-25T07:22:52Z,Résumé de Dijon-UNFP FC du 24 Juillet 2015,1009
2015-02-21T18:37:49Z,Conférence de presse Dijon FCO - GFC Ajaccio (1-1) - 2014/2015,145
2014-10-04T16:46:48Z,Conférence de presse Dijon FCO - Clermont Foot (1-0) - 2014/2015,230
2015-05-23T17:08:14Z,Conférence de presse Dijon FCO - AS Nancy-Lorraine (3-1) - 2014/2015,409
2014-09-17T00:41:04Z,JULIO CESAR DEFENDE PENALTI SPORT X PORTO,569
