published-time,comment,likes
2015-07-06T11:07:44Z,allez brest,0
2015-06-04T08:11:05Z,ya meme pas de creteil tours ya santamaria et aussi andriatsima,0
2015-06-01T21:36:28Z,Ce champs de patate le terrain de Clermont 😱,0
2015-05-27T13:11:07Z,"J38 - Revivez les plus beaux buts de la 38ème journée sur la chaîne officielle Youtube ‪#‎Ligue2‬ ! Et vous, lequel préférez-vous ? ",7
2015-05-24T08:29:50Z,Le but de videmont n y est pas c est bizzare,0
2015-07-19T20:48:35Z,Pence q la novia de Messi lo mordia a josema le tendria q haber partido una pata a ese alcaguete pesero de mierda no me jodan mas con SUAREZ,0
2015-06-15T18:24:51Z,Muy bueno el video ... sera q hay una parte dos?,0
2015-05-31T03:25:46Z,"Mira como le dejo el tobillo Giménez, hicieron algún articulo sobre el? Quiero saber su opinion amigos obdulistas",5
2015-03-28T23:09:16Z,Jajaja que buen video!,1
2015-03-27T22:53:24Z,"tienen el ""link"" del video original?",2
2015-03-27T14:53:40Z,no se come nada Godin!,218
2015-01-08T16:58:36Z,DIJONNAIS ALLEZ ALLEZ ALLEZ,0
2014-10-22T11:02:06Z,serieux défendez au lieu de reclamer un HJ... (1er but) Ca me rappelle France mexique 2010,1
2014-10-21T10:20:19Z,#Ligue2 - J11 - Revivez les meilleurs moments de Valenciennes FC - Dijon FCO (0-3) en vidéo grâce à notre chaîne officielle YouTube !,4
2014-10-21T10:10:19Z,Allez nimes olympique,1
2014-10-21T10:02:34Z,First,0
2015-01-09T16:55:23Z,Le sco a mis trop cher a Creteil grâce à KODJIA,0
2014-10-11T19:32:22Z,Celui de Loriot est pas mal :) ,1
2014-10-09T15:20:58Z,Aller le sco !!,0
2014-10-09T08:47:28Z,#Ligue2 - Revivez les plus beaux buts de la 10ème journée de Ligue 2 en vidéo sur la chaîne officielle YouTube !,0
2014-10-07T17:46:42Z,"allez le sco 
gg kodja !!!!!!!!!!!!!!!!!!!!!!",1
2014-10-04T22:00:39Z,bien joué kodja ! alleeeez le sco !,6
2015-03-08T11:17:34Z,Tours FC <3,1
2015-03-08T11:07:24Z,le premier et le dernier sont magnifique :o,2
2015-02-24T13:27:38Z,Abonne vous a moi. SVP,0
2015-02-22T10:51:56Z,But de l'uso magnifique ;),0
2015-02-22T10:41:48Z,Et gragnic?,0
2015-03-01T22:06:14Z,jamais un but de sochaux :'(,0
2015-03-01T19:55:50Z,"Je préfère l'autre gardien de Nancy que que Nardi, celui ci fait trop de boulettes. 
Je comprends pas pourquoi Monaco l'a acheté. Nardi n arrivra jamais à pesé sur Subasic et Sketelenburg",0
2015-03-01T12:04:41Z,"Mdr le gardien sur  le 2eme but!
",0
2015-03-01T10:54:40Z,Le but d'Orléan... ÉNORME ! ! ! Mais les 2 autres bof,1
2015-03-01T10:40:23Z,Super,0
2014-11-02T13:52:25Z,Mana Dembele! ♥♥♥♥♥♥♥♥♥,2
2014-11-02T13:09:01Z,la 13eme journée n est pas terminée mais bon...,1
2014-11-02T13:03:25Z,Aller angers aller nantes,0
2014-11-02T12:23:25Z,Faudra quon mexplique pq le dernier il es dans le classemen,2
2014-11-02T10:34:30Z,First,0
2015-04-12T17:27:26Z,allez dijon,0
2014-12-30T07:33:06Z,A la base y a pas penalty pour Châteauroux,0
2014-12-24T00:08:01Z,Il a l'air pas mauvais Philippoteaux.,0
2014-12-23T10:28:49Z,"Il n'y a pas penalty , honteu une faute d'arbitrage qui coute la place de leader au DFCO !!",0
2014-12-22T09:20:25Z,Je suis désolé il n'y a pas penalty ...,0
2014-12-22T07:04:54Z,Allez Dijon !!!!!!!!!!!! <3 Meilleures equipe d'autonne on vous aime !!!!!!!,0
2014-10-27T10:08:50Z,#Ligue2 - J12 - Retrouvez tous les résumés des matchs de vendredi et samedi sur la chaîne officielle Youtube !,5
2014-10-26T23:20:00Z,C'est quoi ce resumer ou on voit que des action troyenne ?! 1 seule action de dijon alors qu'ils on bien faillis en mettre plusieurs eux aussi ! Vendu la lfp ! ,0
2014-10-26T13:15:41Z,"J'aime bien ce commentateur, je crois que c'est un nouveau ^^",0
2014-10-26T09:12:01Z,dijon en vise la ligue  et pour estac aussi,0
2014-10-25T22:31:28Z,Allez l'estac !!,2
2015-05-06T14:39:06Z,"Homme du match le gardien de Dijon mais ALLEZ BREST
",0
2015-05-06T13:20:58Z,allez dijon,1
2015-05-05T16:36:01Z,Il manque quand même la belle occaz de Raspentino de l'extérieur qui passe de quelques centimètres à côté du poteau ! Assez bon match sinon,0
2015-05-05T15:59:30Z,Très gros match de Baptiste Reynet ,2
2015-05-05T10:51:01Z,"Il parait que les supporters brestois ont chanté ""la ligue1 c bien mais la ligue2 c mieux"" étant supporter brestois, j'ai trouver que ça rimer bien. ",0
2015-01-07T06:27:21Z,Allez ACA,0
2014-12-03T14:08:35Z,"#Ligue2 - Classement des passeurs - Dans le sillage de Romain Philippoteaux, son meilleur buteur et co-meilleur passeur après la 15e journée, le Dijon FCO a repris la tête de la Ligue 2 - http://minilien.fr/a0nds2",2
2014-11-30T10:47:39Z,on est en ligue 1,1
2015-03-24T17:27:20Z,j vous adore le DFCO  surtout toi Bamba,1
2015-03-22T08:51:37Z,allez dijon,2
2015-03-06T18:39:10Z,Allez Créteil,0
2015-03-01T13:52:33Z,"L'arbitre siffle un pénalty inventé qui mets le morale de Créteil à 0 qui nont pas pu marquer et qui prennent un deuxieme but a cause de leur morale
Bravo les arbitres qui servent a rien
(je comprends pourquoi il n'y a pas d'arbitre Français en coupe du monde ...)",0
2015-03-01T10:53:11Z,ALLER DIJON,0
2015-07-06T19:17:28Z,Belle victoire de Dijon.Le gardien de Clermont n'a rien fait.Allez les rouges .,0
2015-03-18T16:27:06Z,"#Ligue2 - Classement des passeurs - Julio Tavares porte le DFCO !
Avec un doublé à la passe, Julio Tavares a grandement contribué au large succès du Dijon FCO au Clermont Foot (2-5) et intègre le Top 5 du classement des passeurs de Ligue 2 - http://www.lfp.fr/ligue2/article/julio-tavares-porte-le-dfco.htm",6
2015-03-16T00:12:05Z,NON on vise la ligue des champions,0
2015-03-15T11:04:07Z,"Bien
",0
2015-03-15T07:49:11Z,ALLER DIJON ON VISE LA LIGUE 1,2
2015-03-15T06:33:27Z,Dijonnais !!,0
2015-03-14T23:07:26Z,Dijon en FORCE !!!!,0
2014-10-29T10:18:15Z,Vos gueule commentaire de merde Auxerre = [ Ausserre ] Bande d'inculte ,0
2014-09-16T17:34:21Z,ds les tribune on vious a sodomiser bleus et blanc sont les couleur de la bourgogne,2
2014-08-24T08:40:29Z,"Pour vous, quel ont etait les 3 meilleurs joueurs et les 2 meilleurs gardien lors de cette 4eme journée de ligue 2 ?",1
2014-08-24T00:00:59Z,Et la grosse faute dijonnaise sur l'attaquant auxerrois en fin de match ? Pourquoi vous nous la montrez pas ? Des ordres de la lfp ? Une faiblesse arbitrale à cacher ? Un ménage est à faire..,3
2014-08-23T22:28:53Z,"La Bourgogne restera à jamais Bleue et Blanche !
AJA & BASTA",6
2014-08-23T22:03:48Z,La Bourgogne est rouge !,13
2014-09-28T11:53:09Z,"Le Hac <3 😙 
💣Dijon🔫",0
2014-09-28T11:37:02Z,"Aller vous faire foutre le havre
",1
2014-10-05T21:15:25Z,On ne peut pas suivre la l2 en Pologne ? ,0
2014-11-10T10:02:22Z,#Ligue2 - J14 - Revivez les meilleurs moments de Angers SCO - Dijon FCO (1-0) en vidéo ainsi que tous les autres résumés de la 14e journée grâce à notre chaîne officielle YouTube ! http://urlz.fr/TVQ,7
2014-11-09T11:06:41Z,"Vous aimez le foot ? Vous avez facebook ? Venez me suivre sur la pages 
Infos ligue 1 et ligue 2 
Merci et aller le sco",0
2014-11-09T10:57:10Z,Belle victoire du sco !!,1
2014-11-09T10:27:10Z,Superbe beau  but de boufal !!!!!!,4
2014-08-09T06:43:15Z,Encore des messeins sur un match de Nancy ;) barré vous bande de cons ,0
2014-08-04T09:52:35Z,"Bravo ! Vos deux buts sont splendides :) 

Et allez Metz :) ",0
2014-08-04T02:43:03Z,J'espère que le dijonnais aura une passe decisive sur ce super centre vers Cuffault xD,0
2014-08-03T16:44:41Z,et aufaite merci pour le but contre son can on pouvai faire un nul  sans vous,0
2014-08-03T11:42:11Z,"On se rattrapera, pas grave :)",0
2014-08-03T11:37:59Z,allez Nardi c'est pas grave,0
2014-08-03T10:34:54Z,Merci Nancy pour ce but ! :D Allez Dijon !,0
2014-08-03T10:08:44Z,"Ahaha bravo Nancy vous réussi a marquez mais ds le mauvais but :))))
C'était un petit coucou d'un messins en Ligue 1 NOUS !!!",1
2014-08-03T01:43:19Z,Quelle erreur du defenseur nancein ,1
2014-08-03T00:00:16Z,Dommage on aurait du s'imposer... par contre dans vos résumés vous pouvez y inclure les erreurs d'arbitrage...,0
2014-08-02T22:56:29Z,"Vraiment un résumé bien merdique à l'image de la ligue, aucun des deux arrêts monstrueux de nardi et on ne parle surtout pas des hors-jeux imaginaires annoncés par l'arbitre assistant totalement à la ramasse...",0
2015-04-24T17:14:52Z,Allez Tours !,0
2015-04-19T10:22:38Z,allez dijon,0
2014-08-10T11:26:57Z,ouai ses vrai que la sa commence déjà...,1
2014-08-10T01:40:37Z,"Suis-je le seul à avoir vu le dijonnais s'effondrer tout seul dans la surface ? Suis-je également le seul à chercher encore le ""hors-jeu"" de Diallo ? Les arbitres sont censés être neutres..",0
2014-12-14T18:34:26Z,Oui!,0
2014-12-14T11:37:09Z,"Un match nul aurait était mérité au vu du match, Brest légèrement dominé en première période et vice versa pour Dijon légèrement dominé en seconde période. C'est cruel mais c'est pas ce qui nous arrêtera dans la course pour la montée.
Allez Brest!  ",1
2014-12-14T11:24:41Z,les sœurs jumelles .....Dijon et brest c'est pareil alors ca joue sur un détail....Brest montera en L1 ......Dijon ? je sais pas .....mais hier match très intense .....vraiment très intense ! et ça c'est bon pour la suite pour les deux équipes .,0
2014-12-14T10:38:58Z,merci fallait pas on peut marquer tous seule,0
2015-03-10T17:06:46Z,"#Ligue2 - Classement des buteurs - Mickaël Le Bihan de retour au Top !
Ancien leader, l’attaquant du Havre AC retrouve les commandes du classement officiel des buteurs de Ligue 2 après la 27e journée et sa 14e réalisation - http://bit.ly/1AdbjVe",1
2015-03-08T19:48:40Z,Dijonnais ! :D,0
2015-03-08T17:22:57Z,La faute imaginaire en dehors de la surface...,2
2015-03-08T09:38:12Z,Aller dijon,1
2015-06-20T17:27:30Z,Allez dijon,0
2015-04-26T08:25:32Z,J'ai eu énormément de chance j'ai parier 5 euros pour Dijon et j'ai gagner 8euros.,0
2015-04-26T08:10:07Z,Cette vidéo à été bloquer dans votre pays !,0
2015-04-26T07:48:35Z,Un pénalty non sifflé pour l'USO tout de même... Victoire non mérité au vu du jeu proposé par Dijon,0
2015-04-26T07:30:49Z,j était a Orléans pour le match et clairement Orléans jouer mieux que Dijon mais c était un beau match avec un petit groupe de supporter de Dijon qui m était l ambiance dans le stade . Alors que la ou j était dans la tribune d honneur ca menquait d ambiance. Allez uso!!!,1
2015-06-21T15:27:51Z,Rendez-vous pour une prochaine saison en ligue 2 avec de nouveaux joueurs.Allez Dijon,2
2015-06-13T09:54:59Z,Belle victoire de Dijon,2
2015-05-27T14:28:17Z,Troip cool on a gagné,2
2015-05-27T19:22:27Z,Allez l'estac meilleur équipe de ligue 2 et il le méritait la première place et le titre de champions de France,0
2015-04-07T18:32:55Z,Allez l'estac direction l'élite français ,0
2015-04-05T09:54:08Z,Résumé ridicule qui ne montre quasi que les actions Troyes alors que Dijon en a eu beaucoup plus...,2
2015-04-05T06:10:20Z,"Bravo pour Troyes, équipe qui mérite clairement de monter en L1. Par contre le comportement des 2 équipes apres le match laisse a désirer...",0
2015-04-05T00:02:33Z,Troyes en Ligue 1 et meme champions.. Cette Equipe est trop au dessus de toutes les autres. Meme en ratant son match (c'était certes loin d'être l'équipe type) elle gagne...,2
2014-12-31T11:38:39Z,DEFAITE,0
2015-05-10T00:58:53Z,Bye bye ligue 1 ,1
2015-02-21T18:56:02Z,"Tg tg tg tg tg tg tg tg tg 
Vené voir ma chaine g 20 aboné",0
