published-time,comment,likes
2014-12-30T18:43:37Z,"Nancy est hyper fort mais je supporte toujours la berrichone
ALLEZ CHÂTEAUROUX",0
2014-09-22T15:56:03Z," #Ligue2  - Classement des buteurs - Classement des buteurs - Lors d’une 7e journée de Ligue 2 marquée par 38 buts, Mana Dembélé (ASNL) s’est offert un quadruplé en déplacement ! http://bit.ly/1ym8JjR",1
2014-09-21T12:17:29Z,Bien jouer au Nancéiens #Chateauroux,6
2014-09-21T08:40:34Z,Allez Nancy super match à refaire <3,3
2014-08-31T09:12:20Z,Aller l'USO !!!,0
2014-08-30T23:54:03Z,Allez la berri !!!! CW & RBA,1
2014-08-21T10:36:26Z,Lol 0-0 à la mi-temps  quel bouffon ce commentateur...,0
2014-08-08T05:09:57Z,haha quel con ce comentateur,0
2014-08-04T22:56:05Z,XtraGaMeuR36 oupssss grillée ;),0
2014-08-03T10:59:58Z,"0-0 à la mi-temps ? Heeeeeu.
24h pour préparer le commentaire et c'est pas correct.",1
2014-08-03T09:07:18Z,Makengo comment il l'a griller le pauvre mec !,0
2014-08-02T23:47:54Z,"@ 1:35 : ""à la mi-temps : zéro-zéro"" ????
sérieux ??? je rappelle que le seul but à été marqué à la neuvième minute ....",0
2014-08-24T22:29:25Z,Allez les bleus demain clermont !,0
2014-08-24T22:09:57Z,Aller Châteauroux! on na mener 1-0 pendant un moment et on se fait rattraper en fin de match! comme souvent on peut pas garder le score et gagner a l’extérieur! putain! mes match nul pas mal quand même Aller la Berri!!,4
2014-08-23T23:23:41Z,ALLER LE SCO !!!,2
2014-12-30T18:51:38Z,"Gregory Thil apres une superbe saison 2013-2014 à Dijon il en fera une a la berrichonne de Châteauroux
Allez Chateraux et bonne chance à: Nestor, Houtondji,Roudet",2
2014-08-23T05:20:30Z,"la region centre est a l'honneur en ligue 2 Chateauroux,Tours,Orléans",3
2014-08-20T11:30:44Z,"#Ligue2 - Classement des buteurs - Après un 3e but lors de la 3e journée, Idriss Saadi (Clermont Foot) figure en tête du classement officiel des buteurs de Ligue 2. http://bit.ly/1oNzN6t",4
2014-08-18T08:06:51Z,"Bravo la berri !!!
",0
2014-08-16T22:56:36Z,Encore un bon gardien sur ce match ...,0
2014-08-16T22:16:57Z,Allez Châteauroux !!!,6
2014-09-22T18:40:03Z,Bryan Bergougnoux la base,0
2014-09-22T13:56:31Z,#Ligue2 - Revivez les plus beaux buts de la 7ème journée de Ligue 2 en vidéo,1
2014-09-21T07:59:04Z,Aller sochaux,1
2014-09-21T07:20:44Z,"Vive nancy 
 !! Trop beau le but ",0
2014-09-20T22:14:23Z,Quel promenade pour Nancy ,0
2014-08-10T07:21:39Z,C'est qui ce Sec.Normalement l'avent centre c'est Marcel Essombe...,3
2014-08-21T09:46:57Z,#Ligue2 - Revivez les plus beaux buts de la 3ème journée de Ligue 2 en vidéo,6
2014-08-21T02:16:56Z,Comment peut-on faire un top buts de la 3 ème journée avant même qu'elle ne soit terminée...??? La preuve l'un des plus beau but de ce début de championnat n'y figure même pas!!! (Thomas AYASSE ESTAC de Troyes),0
2014-08-21T00:28:15Z,Le but D'Ayasse bon sang !!! But de l'année !,1
2014-08-19T18:05:34Z,Je pense que vous auriez pu attendre la fin des deux matchs qui ce jouait après vendredi surtout quand on voit le but de Thomas Ayasse ....,1
2014-08-16T23:05:55Z,"Il reste encore 2 matchs a jouer avant la fin de cette 3eme journee et vous, vous faites le top but avant meme la fin de cette journee. MERVEILLEUSE IDEE. ",4
2015-02-03T16:41:50Z,"#Ligue2 - Classement des buteurs - Jonathan Kodjia s’emballe ! 
Avec un 6e but en 4 matchs, l’attaquant d’Angers SCO compte à présent trois buts d’avance en tête du classement officiel des buteurs de Ligue 2 ! http://minilien.fr/a0nvgd",3
2015-01-14T05:55:45Z,Allez le hac,0
2014-08-26T10:17:15Z, #Ligue2   Revivez les plus beaux buts de la 4ème journée de Ligue 2 en vidéo !,1
2014-08-24T21:45:53Z,Le 4ème but du GFC Ajaccio n'est même pas présent alors que c'est le plus beau de la journée ..,0
2014-08-24T07:26:00Z,"Après deux défaites, le HAC a fait le show à VA !",1
2015-03-15T13:54:27Z,Beau match et victoire m�rit�e de l'ACA!,0
2015-02-18T15:48:17Z,"Un joli boucher, encore, ce Sainati !",0
2015-02-10T17:01:45Z,ALLEZ L'US Orléans on est tous derrière vous!!!,0
2015-02-08T08:25:23Z,Ça c'est les petites erreurs défensives qui coûte une saison en national,0
2015-02-08T07:55:17Z,Que de passivité défensive sur le but ...,0
2015-02-07T23:51:59Z,Wow le but ridicule,0
2015-04-05T08:05:20Z,"Au revoir la L2, bonjour la national pour Châteauroux !!!!",1
2014-11-12T09:18:14Z,#Ligue2 - J14 - Revivez les résumés des matches de la 14ème journée de Ligue 2 grâce à notre chaîne officielle YouTube !,2
2014-11-10T16:46:04Z,il est ou le but de chateroux MDR ,0
2014-11-09T21:56:19Z,ca fait plusieurs buts qu'il zappent depuis le début de saison c'est du n'importe quoi cette année...,0
2014-11-09T13:04:45Z,"MDR, le cadreur est une merde et en plus on voit pas le but de Châteauroux XD
Laval méritait largement de gagner les 3 pts sur ce match.",1
2014-11-09T08:37:31Z,On peut apprécier le superbe but de Châteauroux merci,0
2014-11-09T08:19:30Z,le but de Châteauroux?,1
2014-11-09T00:36:11Z,Mais il manque 1 but là ?,0
2014-11-03T14:50:44Z,c quoi ce stade mdr,0
2015-05-16T05:59:56Z,GREAT JOB!,0
2014-08-24T22:33:33Z,Manque pas de gène celle la,1
2014-08-18T11:11:09Z,"Quel horreur celle-là ; ""putain vous avez de ces questions"" bah ma grosse, c'est des questions auquelle tout entraineur professionnel doient savoir répondre, et toi à part faire ta grognasse tu sert à rien !",0
2014-09-21T08:39:46Z,"Super match de Nancy :D
Allez l'ASNL <3",1
