publish_date,title,view_count
2014-09-20T22:00:02Z,Châteauroux - AS Nancy-Lorraine (2-5)  - Résumé - (LBC - ASNL) / 2014-15,15401
2014-08-30T22:00:02Z,Châteauroux - US Orléans (0-0)  - Résumé - (LBC - USO) / 2014-15,2988
2014-08-02T22:00:02Z,Châteauroux - ESTAC Troyes (0-1)  - Résumé - (LBC - ESTAC) / 2014-15,8140
2014-08-23T22:00:02Z,Angers SCO - Châteauroux (1-1)  - Résumé - (SCO - LBC) / 2014-15,4866
2014-08-16T22:00:02Z,Châteauroux - Clermont Foot (3-2)  - Résumé - (LBC - CF63) / 2014-15,7888
2014-09-20T22:00:03Z,Top buts 7ème journée - Ligue 2 / 2014-15,3191
2014-08-09T22:00:01Z,US Créteil-Lusitanos - Châteauroux (3-0)  - Résumé - (USCL - LBC) / 2014-15,9923
2014-08-16T23:01:09Z,Top buts 3ème journée - Ligue 2 / 2014-15,4128
2015-01-31T22:59:59Z,Châteauroux - Angers SCO (0-1)  - Résumé - (LBC - SCO) / 2014-15,3657
2014-08-24T07:00:45Z,Top buts 4ème journée - Ligue 2 / 2014-15,4448
2015-03-14T23:00:00Z,Châteauroux - AC Arles Avignon (1-2)  - Résumé - (LBC - ACA) / 2014-15,3094
2014-09-24T22:00:04Z,Nîmes Olympique - Châteauroux (1-0)  - Résumé - (NIMES - LBC) / 2014-15,3537
2014-09-27T22:00:01Z,Châteauroux - Stade Brestois 29 (1-1)  - Résumé - (LBC - SB29) / 2014-15,2471
2015-02-14T23:00:00Z,Châteauroux - AC Ajaccio (0-0)  - Résumé - (LBC - ACAJ) / 2014-15,1021
2014-08-23T17:59:42Z,Conférence de presse Angers SCO - Châteauroux (1-1) - 2014/2015,381
2014-09-13T22:00:01Z,AC Ajaccio - Châteauroux (1-1)  - Résumé - (ACAJ - LBC) / 2014-15,2790
2015-02-07T23:00:02Z,US Orléans - Châteauroux (1-0)  - Résumé - (USO - LBC) / 2014-15,2592
2015-04-04T22:00:00Z,Tours FC - Châteauroux (1-0)  - Résumé - (TOURS - LBC) / 2014-15,3107
2014-11-08T23:00:07Z,Châteauroux - Stade Lavallois (1-1)  - Résumé - (LBC - LAVAL) / 2014-15,4782
2014-10-04T19:03:06Z,AC Arles Avignon - Châteauroux (0-1)  - Résumé - (ACA - LBC) / 2014-15,2871
2014-11-01T23:00:04Z,GFC Ajaccio - Châteauroux (1-0)  - Résumé - (GFCA - LBC) / 2014-15,2204
2014-09-14T11:10:52Z,msendo kololo goalkeeper warm up 9 september 2014,2327
2015-06-28T18:32:25Z,APRES MATCH #1 [Burkina Faso 2-0 Comores],13716
2014-08-16T16:56:33Z,Conférence de presse Châteauroux - Clermont Foot (3-2) - 2014/2015,1301
2014-09-20T18:26:29Z,Conférence de presse Châteauroux - AS Nancy-Lorraine (2-5) - 2014/2015,471
2015-03-10T15:49:34Z,DAN MATEI DESPRE MECIUL CU RAPID,10
2014-09-11T13:33:50Z,Trei jucători lipsă înaintea meciului cu Steaua - NovaTv Mediaş,81
