published-time,comment,likes
2014-12-30T12:48:06Z,allez le sco,3
2014-10-28T16:39:09Z,"#Ligue2 - Classement des buteurs - Après la 12e journée de Ligue 2, Jonathan Kodjia (Angers SCO) retrouve les commandes du classement officiel des buteurs - http://urlz.fr/QO5",6
2014-10-26T11:08:32Z,le logo de l'ASNL pour Clermont wtf?,3
2014-10-26T01:33:32Z,Vincent manceau pas marceau,7
2014-08-06T13:08:12Z,"2m30, il nous parle de Alaeddine Yahia ; mais si je me trompe pas, il est toujours à Lens nan ?",0
2014-08-03T19:55:29Z,"nimes vont vite se faire calmer , 3 tir 3 buts et de chatard ......",0
2014-08-03T15:13:32Z,"Maoulida se prend un jaune, arbitrage en carton !",0
2014-08-03T00:17:30Z,"Je tiens à signaler qu’après la célèbre célébration de Maoulida, l'arbitre lui a mis un carton jaune ! J'ai beau détester Nîmes, c'est inadmissible ce que fait cette ""enflure""  d'arbitre ! A ce que je vois, ils reprenaient les bonnes viellent habitude ...",6
2014-11-05T11:54:28Z,le match nul aurai été plus logique vu le déroulement du match .. ,0
2014-11-04T18:07:58Z,,0
2014-11-04T11:34:53Z,#Ligue2 - J13 - Revivez les meilleurs moments de Valenciennes FC - Angers SCO (1-0) en vidéo grâce à notre chaîne officielle YouTube ! ,3
2014-09-01T20:32:54Z,allez l'estac !!!,0
2014-09-01T09:06:19Z,On a plus Delort et c'est la beresina...,0
2014-09-01T08:08:53Z,Arbitre de merde,0
2014-08-31T16:55:55Z,bien le sco !!,1
2014-08-31T12:57:10Z,Allez le SCOOOOOO,0
2014-08-31T09:56:31Z,Pas Boukal Boufal mais c'est pas grave. Aller le SCO!!!!  ,4
2014-08-31T09:55:10Z,Sco allez le sco,2
2014-08-31T09:40:22Z,C'est BouFal pas BouKal,4
2014-08-31T08:43:00Z,Allez le SCO la montée ,4
2014-08-30T22:55:55Z,Le gardien du TFC est vraiment mauvais...,1
2014-11-10T10:02:22Z,#Ligue2 - J14 - Revivez les meilleurs moments de Angers SCO - Dijon FCO (1-0) en vidéo ainsi que tous les autres résumés de la 14e journée grâce à notre chaîne officielle YouTube ! http://urlz.fr/TVQ,7
2014-11-09T11:06:41Z,"Vous aimez le foot ? Vous avez facebook ? Venez me suivre sur la pages 
Infos ligue 1 et ligue 2 
Merci et aller le sco",0
2014-11-09T10:57:10Z,Belle victoire du sco !!,1
2014-11-09T10:27:10Z,Superbe beau  but de boufal !!!!!!,4
2014-08-24T22:29:25Z,Allez les bleus demain clermont !,0
2014-08-24T22:09:57Z,Aller Châteauroux! on na mener 1-0 pendant un moment et on se fait rattraper en fin de match! comme souvent on peut pas garder le score et gagner a l’extérieur! putain! mes match nul pas mal quand même Aller la Berri!!,4
2014-08-23T23:23:41Z,ALLER LE SCO !!!,2
2014-12-29T16:14:59Z,EN TANT QUE SUPPORTER DE CAEN JE TROUVE ANGERS INCROYABLE,1
2014-08-22T10:38:08Z,"C'est bien d'avoir des commentaires sur les résumés de L2 mais ça serait encore mieux s'ils étaient faits par des mecs qui savent un peu de quoi ils parlent... C'est pas Cuvillier qui tire sur les deux premières occas' brestoises, c'est Verdier.",0
2014-08-18T18:43:52Z,Allez le sco!!!,3
2015-06-16T00:51:22Z,"Je rêve ou a 0:48 y'a un type qui hurle ""J'BAISE TA MEEEEEERE"" ? X)",0
2014-12-29T18:18:45Z,,0
2014-12-29T18:18:33Z,ALLEZ CAEN,0
2014-12-23T12:31:16Z,Allez l'USO Bout sco :-) USO allez allez :-D ,0
2014-12-15T08:24:12Z,#Ligue2 - J17 - Retrouvez les résumés des matchs de vendredi et samedi sur la chaîne officielle YouTube !,4
2014-12-14T13:13:42Z,"On en parle du but du SCO refusé pour hors-jeu ? il est où le hors-jeu là?? Niveau positionnement, on voit qu'au moment où part le ballon le joueur n'est pas hors-jeu, et en plus c'est un joueur d'Orléans qui tape dans la balle ... Heureusement que le SCO gagne...",0
2014-12-14T09:54:17Z,Allez le SCO ,0
2014-12-14T08:16:21Z,allez le sco,0
2014-12-13T23:46:29Z,Allez USO ,0
