publish_date,title,view_count
2014-10-25T22:00:02Z,Angers SCO - Clermont Foot (3-0)  - Résumé - (SCO - CF63) / 2014-15,8650
2014-08-02T22:00:02Z,Nîmes Olympique - Angers SCO (3-2)  - Résumé - (NIMES - SCO) / 2014-15,19048
2014-11-04T11:00:06Z,Valenciennes FC - Angers SCO (1-0)  - Résumé - (VAFC - SCO) / 2014-15,7943
2015-04-20T09:23:59Z,Kalifa Coulibaly après K.V. Kortrijk - R.Charleroi S.C. - PO1,944
2014-08-30T22:00:02Z,Tours FC - Angers SCO (1-2)  - Résumé - (TOURS - SCO) / 2014-15,11636
2014-11-08T23:00:07Z,Angers SCO - Dijon FCO (1-0)  - Résumé - (SCO - DFCO) / 2014-15,13368
2014-08-23T22:00:02Z,Angers SCO - Châteauroux (1-1)  - Résumé - (SCO - LBC) / 2014-15,4866
2014-12-20T19:26:41Z,FC Sochaux-Montbéliard - Angers SCO (1-1)  - Résumé - (FCSM - SCO) / 2014-15,5197
2014-08-16T22:00:02Z,Stade Brestois 29 - Angers SCO (0-0)  - Résumé - (SB29 - SCO) / 2014-15,4117
2014-11-29T23:00:06Z,Angers SCO - ESTAC Troyes (0-3)  - Résumé - (SCO - ESTAC) / 2014-15,7832
2014-12-13T23:00:02Z,US Orléans - Angers SCO (2-3)  - Résumé - (USO - SCO) / 2014-15,6789
2015-05-03T12:25:14Z,assoa u10 b - psg  ASSOA CUP,3062
2015-05-21T08:33:35Z,La sélection U20 du Mali en préparation au CRT,2511
