publish_date,title,view_count
2014-09-22T16:35:10Z,Reportage beIN SPORTS : Morgan Sanson la future révélation,17636
2014-08-17T22:00:03Z,But Morgan SANSON (68&#39;) / Olympique de Marseille - Montpellier Hérault SC (0-2) / 2014-15,3463
2015-03-31T14:44:13Z,Morgan Sanson vs Netherlands U21,3766
2015-03-15T22:59:59Z,But Morgan SANSON (90&#39; +2) / Montpellier Hérault SC - Stade de Reims (3-1) -  (MHSC - SdR) / 2014-15,857
2014-12-14T23:00:08Z,But Morgan SANSON (1&#39;) / Montpellier Hérault SC - RC Lens (3-3) -  (MHSC - RCL) / 2014-15,1609
2015-03-23T17:02:52Z,Morgan Sanson /20/ Montpellier ► Assists &amp; Goals /4K Ultra HD/ 2015,9242
2015-04-05T22:00:00Z,Goal Morgan SANSON (90&#39; +1) / Montpellier Hérault SC - SC Bastia (3-1) - (MHSC - SCB) / 2014-15,533
2014-08-17T22:00:04Z,Goal Morgan SANSON (68&#39;) / Olympique de Marseille - Montpellier Hérault SC (0-2) / 2014-15,1238
2014-12-07T23:00:09Z,But Morgan SANSON (55&#39;) / Stade Rennais FC - Montpellier Hérault SC (0-4) -  (SRFC - MHSC) / 2014-15,1168
2015-03-15T23:00:00Z,Goal Morgan SANSON (90&#39; +2) / Montpellier Hérault SC - Stade de Reims (3-1) - (MHSC - SdR) / 2014-15,448
2014-12-14T23:00:02Z,Goal Morgan SANSON (1&#39;) / Montpellier Hérault SC - RC Lens (3-3) - (MHSC - RCL) / 2014-15,299
2015-02-22T23:00:30Z,Goal Morgan SANSON (2&#39;) / EA Guingamp - Montpellier Hérault SC (0-2) - (EAG - MHSC) / 2014-15,191
2015-04-05T22:00:00Z,But Morgan SANSON (90&#39; +1) / Montpellier Hérault SC - SC Bastia (3-1) -  (MHSC - SCB) / 2014-15,2120
2014-12-08T01:04:02Z,Bloopers : Week 17 / 2014-15,1448
2014-12-07T23:00:05Z,Goal Morgan SANSON (55&#39;) / Stade Rennais FC - Montpellier Hérault SC (0-4) - (SRFC - MHSC) / 2014-15,128
2015-04-05T22:37:17Z,Top goals : Week 31 / 2014-15,6048
2014-10-05T18:34:28Z,OGC Nice - Montpellier Hérault SC (1-1) - Highlights - (OGCN - MHSC) / 2014-15,1774
2015-02-22T22:59:59Z,But Morgan SANSON (2&#39;) / EA Guingamp - Montpellier Hérault SC (0-2) -  (EAG - MHSC) / 2014-15,1361
2015-03-09T00:36:31Z,Montpellier Hérault SC - Olympique Lyonnais (1-5) - Highlights - (MHSC - OL) / 2014-15,8298
2014-12-08T00:49:56Z,Highlights : Week 17 / 2014-2015,4255
2014-12-15T02:34:52Z,Highlights : Week 18 / 2014-2015,2808
2015-04-05T22:38:00Z,Top buts 31ème journée - Ligue 1 / 2014-15,32009
2014-12-08T01:22:50Z,Amazing goals from  : Week 17 / 2014-15,2308
2014-10-19T23:04:27Z,Olympique Lyonnais - Montpellier Hérault SC (5-1) - Highlights - (OL - MHSC) / 2014-15,11109
2014-08-17T23:18:01Z,Highlights : Week 2 / 2014-2015,5086
2014-12-14T23:00:08Z,But Anthony MOUNIER (63&#39;) / Montpellier Hérault SC - RC Lens (3-3) -  (MHSC - RCL) / 2014-15,2163
2015-04-05T22:00:00Z,But Lucas BARRIOS (69&#39; pen) / Montpellier Hérault SC - SC Bastia (3-1) -  (MHSC - SCB) / 2014-15,654
2014-12-07T23:00:07Z,Stade Rennais FC - Montpellier Hérault SC (0-4) - Highlights - (SRFC - MHSC) / 2014-15,1331
2014-08-17T22:58:42Z,Goals compilation : Week 2 / 2014-15,1154
2015-02-22T23:30:56Z,Goals compilation : Week 26 / 2014-15,693
2014-12-08T00:11:29Z,Goals compilation : Week 17 / 2014-15,773
2014-12-14T23:00:07Z,Goal Anthony MOUNIER (63&#39;) / Montpellier Hérault SC - RC Lens (3-3) - (MHSC - RCL) / 2014-15,482
2015-04-05T22:00:00Z,Goal Lucas BARRIOS (69&#39; pen) / Montpellier Hérault SC - SC Bastia (3-1) - (MHSC - SCB) / 2014-15,343
2014-11-30T23:00:03Z,SM Caen - Montpellier Hérault SC (1-1) - Highlights - (SMC - MHSC) / 2014-15,1203
2014-11-02T23:00:07Z,Montpellier Hérault SC - Evian TG FC (2-0) - Highlights - (MHSC - ETG) / 2014-15,982
2014-12-14T23:00:01Z,Goal Lucas BARRIOS (16&#39;) / Montpellier Hérault SC - RC Lens (3-3) - (MHSC - RCL) / 2014-15,14251
2015-04-05T22:44:38Z,Goals compilation : Week 31 / 2014-15,605
2014-08-17T22:56:40Z,Tous les buts de la 2ème journée - Ligue 1 / 2014-15,18178
2014-12-15T02:16:33Z,Goals compilation : Week 18 / 2014-15,536
2014-12-07T23:00:06Z,Zlatan Ibrahimovic est de retour 17ème journée de Ligue 1 / 2014-15,5502
2015-02-23T00:38:01Z,AS Saint-Etienne - Olympique de Marseille in slow motion / Week 26 / 2014-15,1322
2014-12-14T23:00:05Z,But Lucas BARRIOS (16&#39;) / Montpellier Hérault SC - RC Lens (3-3) -  (MHSC - RCL) / 2014-15,930
2015-04-05T22:38:15Z,Tous les buts de la 31ème journée - Ligue 1 / 2014-15,19259
2015-04-05T21:59:59Z,But Giovanni SIO (35&#39;) / Montpellier Hérault SC - SC Bastia (3-1) -  (MHSC - SCB) / 2014-15,963
2015-03-16T00:41:38Z,Bloopers : Week 29 / 2014-15,1326
2014-12-07T23:00:07Z,Zlatan Ibrahimovic is back Week 17 / 2014-15,4325
2015-02-23T00:43:04Z,AS Saint-Etienne - Olympique de Marseille à la loupe / 2014-15,13708
2014-09-28T22:00:02Z,Montpellier Hérault SC - EA Guingamp (2-1) - Highlights - (MHSC - EAG) / 2014-15,1536
2015-01-11T23:00:08Z,Montpellier Hérault SC - Olympique de Marseille (2-1) - Highlights - (MHSC - OM) / 2014-15,2525
2015-04-05T22:00:00Z,Goal Giovanni SIO (35&#39;) / Montpellier Hérault SC - SC Bastia (3-1) - (MHSC - SCB) / 2014-15,131
