published-time,comment,likes
2014-08-11T04:33:17Z,mas chimbooo,0
2014-08-13T21:16:20Z,Par contre ils auraient pu mettre le magnifique coup franc de Yéni !,0
2014-08-11T18:40:02Z,A quand le LOSC contre les Girondins pour voir un duel entre Carasso contre Carasso ? :P,0
2014-08-11T12:15:41Z,"Je déteste les équipe de merde comme sa qui joue a 10 dans les 18m , qui viennent pour prende 1 point et qui ne joue pas au football . Bref Lille méritait largement sa victoire ! ",4
2014-08-11T10:26:48Z,bon retour des Messins,0
2014-08-11T09:44:22Z,"CHAUD CARRASSO , CHAUD CHAUD CHAUD CARRASSO , CARRASSO ALLEZ ALLEZ , CARRASSO ALLEZ ALLEZ !!!",1
2014-08-11T08:09:49Z,Quel match de Carasso ! Il va devenir plus fort que son frère ! ;),9
2014-08-11T04:20:44Z,Dogue dogue onnrepond présent dans rous les temps !!,0
2014-08-10T22:37:37Z,La frappe à la toute fin :o,9
2015-02-23T17:05:03Z,Otra vez ?? Subir mas vídeos ,0
2015-02-23T15:06:06Z,Show more!,0
2014-10-09T17:44:56Z,Félicitations pour ce beau reportage.J'aimerais savoir pourquoi tu n'animes plus à la télévision Canal3 si c'est pas trop indiscret bien-sur.Merci et bon vent surtout.,0
2015-05-24T21:33:40Z,"tip voor Peter peter, als je genoeg geld hebt haal fabio borini",0
2015-05-24T15:31:36Z,"Vitesse💛⚫️💛
",1
2015-04-13T15:36:03Z,vitesse doet het nu best aardig,0
2015-04-12T08:55:15Z,Bertrandt traore beast 💪,0
2015-04-11T21:29:48Z,Forza vitesse !!!,3
2015-07-22T13:37:32Z,"The way he runs with his long legs reminds me of Pogba.. which isn't the worst, is it?
I hope he'll be superb one day.",0
2015-06-27T22:56:52Z,"Reminds me of Wesley Sneijder, he needs to improve is physicality and toughen up to be a part of Mourinho's squad ",0
2015-06-24T10:45:02Z,why in the world are we linked with some crap of players out there when we have this? Chealsea have to make a decision this guy will take us places judging by what I have seen,1
2015-06-23T14:03:22Z,This kid is brilliant. Jose need to promote him,3
2015-06-23T06:25:27Z,"this foo is gunna beast at chelsea. cant wait for next season. this guy shows great potential. good pace, good touch, good shot. ",4
2015-06-22T20:37:01Z,"All these African teenagers look great because they're actually 23, then they never get any better",0
2015-06-21T09:54:20Z,Tam BEŞİKTAŞ a göre adam.20 yaşında Chelsea den 1 yıllık kiralasak keske.,0
2015-06-13T18:44:10Z,"Mou has to give this guy a chance he is doing pretty good and we need some new wingers, Oscar is for me to inconsistent, Willian is good for our defense but offensively he is doing sometimes nothing and we have to see what Cuadrado will do, but we have mayn youth players for the offense who can step up this year in the first squad: Piazon, Traore, Salah, Brown, Boga, Baker and Nathan so many young players and he has to give some a chance.",1
2015-06-05T10:59:50Z,welcome to borussia dortmund,0
2015-06-04T20:36:15Z,Song Name???,0
2015-05-25T12:15:56Z,Echt zieke video's man. Ga zo door!,0
2015-05-10T19:40:55Z,He finish contract with chelsea in june 2015,0
2015-04-26T10:37:44Z,He actually plays as striker now,0
2015-03-28T23:20:39Z,loan in the championship will do him good,0
2015-03-24T06:29:17Z,A left footed Paul Pogba is right here,10
2015-03-19T16:58:56Z,"Bertrand TRAORE, l'espoir du football africain. un talent sure !!!",1
2015-02-23T18:12:09Z,He'll be back at Chelsea in the Summer.,3
2015-02-15T21:49:37Z,Awesomeness!,2
2015-01-23T12:50:27Z,Wow,0
2015-01-13T15:30:19Z,Volgende video alireza jahanbakhsh?,2
2015-07-25T13:27:30Z,"So che è ancora molto presto per dirlo ma secondo me la classifica di Serie A l'anno prossimo potrebbe essere così:

1- Juventus
2- Inter
3- Roma
4- Napoli
5- Lazio
6- Milan
7- Torino
8- Fiorentina
9- Sampdoria
10- Bologna
11- Udinese
12- Hellas Verona
13- Palermo
14- Atalanta
15- Carpi
16- Sassuolo
17- Genoa
18- Chievo Verona
19- Empoli
20- Frosinone

Che ne pensi? ",0
2015-07-24T17:30:34Z,Superata la soglia dei 2500🎉💥🎊,1
2015-07-24T08:32:19Z,Siete i migliori!,0
