published-time,comment,likes
2014-12-10T14:30:38Z,"Aller Laval ses les meilleur
",1
2014-12-03T13:20:13Z,Méchant le but de robic...,0
2014-10-18T20:13:28Z,dommage que les lavallois ont réagi si tardivement,0
2014-10-18T20:07:38Z,"Bravo les tangos, on se voit la semaine prochaine à Sochaux !!!",1
2015-01-11T14:32:52Z,"Eloy Bip tu sais pas de quoi tu parles, Moimbé ne touche pas l'autre vilain de Jean qui se croit à la piscine, & ""véritable agression"" tu vas te calmer Gilbert Montagné, viens jouer contre moi en District je vais te montrer ce que c'est, si tu veux ! 
Troyes est une bonne équipe qui propose un beau football mais là ils ont fait un match totalement indigne pour un premier & méritait de perdre ..",0
2015-01-11T02:51:23Z,"Falette son geste, on le voit très mal là mais c'est une véritable agression, je pense qu'il va prendre pas mal de matchs de suspension et c'est tant mieux, mauvais perdant, bref allez l'ESTAC champion d'automne ! ",1
2015-01-11T00:09:40Z,"falette se fait limite attaquer, une réaction nerveuse, il n'a pas a se prendre ce carton...",1
2015-01-10T23:13:11Z,C'est du grand n importe quoi ce match!!!,0
2015-07-18T22:06:00Z,Allez le hac ,0
2014-08-08T05:45:33Z,"franchement c'est mieux de voir les ,résumé sans le comentateur bidon la",0
2014-08-06T07:56:32Z,Super premier match Corinne malgré cette défaite,0
2014-08-05T11:39:37Z,"Pour vous, quel ont était les 3 meilleurs joueurs et les 2 meilleurs gardien lors de cette 1er journée de Ligue 2 ?",0
2014-08-05T11:16:49Z,Brest retrouve un public en forme et un équipe qui a envis je pense que cette année ils vont jouer la monter.Clermont fait du très beau football Corinne Diacre mérite de réussir contrairement a ce que dise les sexistes.,3
2014-08-05T11:06:05Z,y sont trop synchro a 1:17,0
2014-08-05T11:00:16Z,"Quel arret de Thebaux a 2:16, si vous faites un top arret pour cette journée n'oublier pas celui la.",0
2014-08-05T10:19:30Z,#Ligue2 - Revivez les meilleurs moments de Stade Brestois 29 - Clermont Foot (2-1) en vidéo grâce à notre chaîne officielle YouTube !,7
2015-01-28T14:10:28Z,Quand on voit le nombre de tir cadré à chaque équipes et qu'on voit 3but... C'est flagrant,0
2015-01-27T20:55:10Z,Beaucoup trop d occasions qui passe a côté du cardre pour le SCO,0
2015-01-27T18:42:15Z,Ce sont les types de match que doit gagner Angers pour commencer a rever,0
2015-01-27T14:07:11Z,#Ligue2 - J21 - Revivez les meilleurs moments de Angers SCO - Stade Brestois 29 (1-2) en vidéo !,2
2015-01-27T11:36:59Z,par hasard quel qu'un connait le titre de la musique a l'entrée des joueurs ? ça fais un moment que je la cherche.,0
2014-11-08T23:04:58Z,Lol la glissade du gardien Thébaux.,0
2014-11-08T23:00:50Z,First!,0
2015-03-10T14:01:54Z,"Et ACA-AJA, c'est en option !?",0
2015-03-10T11:10:32Z,#Ligue2 - J27 - Revivez les meilleurs moments de Stade Brestois 29 - Châteauroux (3-0) sur Youtube ! ,3
2015-02-15T00:04:00Z,Au moment des buts on entend Jacky Le Gall (journaliste pour tébéo) lol,0
2014-11-05T15:59:51Z,#Ligue2 - J13 - Classement des passeurs - Le latéral Gaëtan Belaud est le meilleur passeur du Stade Brestois 29 avec trois offrandes après 13 journées de Ligue 2 et contribue offensivement à sa 2e place !,2
2014-11-02T18:00:24Z,"Au lieu de l'""attaquant"" Moimbé (je ne savais pas qu'il avait quitté sa place en défense ;) ), c'est pas plutôt Makonda qui obtient le pénalty ? re- ;)",1
2014-11-02T15:39:12Z,"allez Brest,la montée nous tend les bras ;)",0
2014-11-02T11:07:24Z,arretez vous la les gars vous avez 20 supporters a l'exterieur par contre vous avez bien joué et nous c'étais un festival de connerie déffencives,0
2014-11-02T02:58:47Z,ICI c est brest !,0
2014-11-02T00:37:03Z,"Bravo les bresto ! ;) hate qu'ils remontent en d1 pour le derby contre rennes 
ALLEZ RENNES
ALLEZ BREST",0
2014-11-02T00:29:37Z,"AAAAALLER Brest :) cette saison, Le titre de L2 ! si vous le faite, je sors a poil a Brest ! XD
ICI, C'EST BREST !",1
2015-01-09T17:21:54Z,Allez Brest ,0
2014-10-08T20:40:24Z,"match équilibré, ca se joue sur les goals, un en forme et un qui a été nul.",1
2014-10-07T15:03:13Z,Il on pas montrer la coupure de courant pendant le match mdr,0
2014-10-07T13:58:42Z,Mdr le but entre les jambes.,0
2014-10-07T13:03:10Z,#Ligue2 - Revivez les meilleurs moments de Stade Brestois 29 - Tours FC (2-0) en vidéo grâce à notre chaîne officielle YouTube ! ,1
2015-02-17T18:25:26Z,Quand je pense que Adnane était à Tours en début de saison,0
2015-02-17T16:13:03Z,"C'était un super beau match
Bien jouer a Brest vous avez été meilleurs
Allez le Nîmes olympiques",2
2015-02-17T16:07:22Z,"Magnifique jeu Brestois ^^ Victoire méritée, ils ont bien dominé. ",1
2015-02-17T15:48:26Z,"#Ligue2 - Classement des buteurs - SB29 : les nouveaux font l’animation !
Le Stade Brestois 29 a inscrit trois buts à Francis-Le Blé pour la 2e fois cette saison : une performance réussie grâce à l’efficacité du nouveau duo offensif du club, Gaëtan Courtet-Youssef Adnane - http://minilien.fr/a0ny9l",0
2015-02-17T14:15:34Z,#Ligue2 - J24 - Revivez les meilleurs moments de Stade Brestois 29 - Nîmes Olympique (3-1) en vidéo !,1
2015-02-17T11:30:33Z,"Avec les nouvelles recrues, Brest ne peut que monter en ligue1.",5
2015-02-17T11:12:37Z,Si seulement Simon Falette l'avait mise au fond.... Le but de l'année,1
2015-02-17T11:04:14Z,Vive Brest,1
2014-09-04T03:03:52Z,Deux bien jolis buts...,1
2014-09-02T18:12:57Z,Bien jouer Brest!,2
2014-09-02T14:16:25Z,#Ligue2 - Revivez les meilleurs moments de Stade Brestois 29 - AS Nancy-Lorraine (2-0) en vidéo.,1
2014-09-02T10:20:32Z,il n y avait pas de commentaires ?????,0
2014-11-24T10:32:46Z,#Ligue2 - J15 - Revivez les meilleurs moments de Valenciennes FC - Stade Brestois 29 (0-1) en vidéo ainsi que tous les autres résumés de la 15e journée grâce à notre chaîne officielle YouTube !,1
2014-11-23T18:37:04Z,"Un montage des actions à revoir....
Vous montrez le but puis le coup franc de Grougi....""pour le 2-0 ""d'après le
commentaire.

Donc pour rappel : Grougi est sorti à la 65ème et le but est à la 76ème....
en gros toutes le montage de la 2nde mi temps est à revoir...",0
2014-11-23T10:24:38Z,Grosse main non sifflé qui mérité le rouge et penalty la balle filé droit dans le but  .. Arbitre incompétent .. ,2
2015-05-08T07:50:40Z,"♥love Brest
",0
2015-01-08T16:37:53Z,"Allez 
Brest
Angers
Dijon",1
2014-11-12T16:04:13Z,#Ligue2 - Classement des passeurs - Benjamin Nivet (ESTAC) a vu revenir à sa hauteur le duo de passeurs Johan Cavalli (ACA)-Loïc Puyo (USO) après la 14e journée de Ligue 2 - http://urlz.fr/Uy7,0
2014-11-12T13:10:40Z,Gragnic en forme après sa blessure !! allez Auxerre !!,0
2014-11-11T09:49:57Z,Tours auxerre = 100 personnes au match,0
2014-11-11T09:48:24Z,"quel but de Boufal 
ALLEZ LE SCO ",0
2014-11-09T17:52:15Z,LE BUT DE GIMBERT ??? ,0
2014-11-09T17:37:23Z,aller le sco ! magnifique but faut enchainer les résultats maintenant !,0
2014-11-09T15:42:09Z,Superbe but de sofiane Boufal ! ALLEZ LE SCO!!!!!,1
2014-11-09T14:30:39Z,Quelle but de Sofiane Boufal ! Allez le SCO,2
2014-11-09T12:53:46Z,"C'est moi où il y a plus d'ambiance pour le but du SCO,",1
2014-11-09T11:09:16Z,"Vous aimez le foot ? Vous avez facebook ? Venz aime m'as pages 
Info ligue 1 et ligue 2 
Et aller le sco",0
2014-11-09T10:50:36Z,Premier commentaire et un but extrait de sofiane aller angers aller nantes meme si nantes est en ligue 1,1
2015-05-16T22:29:25Z,"Hahaha, le plus beau but contre son camp que j ai jamais vu. ",2
2015-05-29T17:38:53Z,"quel dommage pour Adnane, quand même ! (mdr)",0
2015-05-24T18:26:25Z,Bravo à Corinne et ses boys !!!,1
2014-09-14T07:14:37Z,Brest peut avoir des regrets avec toutes les occasions qu'ils ont eu.,1
2015-02-01T11:17:59Z,"Bonne chance Gaëtan malheureusement Vasseur préfère vendre les joueurs qui mouillent le maillot plutôt que ceux qui foutent rien comme Ngog, j'espère que tu reviendras l'année prochaine.",2
2015-05-10T12:11:18Z,"Problème de caméra pas d'éclairage, j'étais au match ",1
2015-05-10T11:05:36Z,Y aurai pas eu un petit probleme d eclairage??,0
2015-05-09T22:04:47Z,First,0
2015-03-01T16:10:15Z,Allez les sochaliens,0
2015-03-17T15:20:36Z,"#Ligue2 - Classement des buteurs - Le podium pour Youssef Adnane !
Auteur d’une splendide frappe face à son ancien club, Youssef Adnane (Stade Brestois) monte sur le podium du classement officiel des buteurs de Ligue 2 après la 28e journée - http://www.lfp.fr/ligue2/article/le-podium-pour-youssef-adnane.htm",1
2015-03-16T11:05:28Z,#Ligue2 - J28 - Retrouvez tous les résumés des matchs du week-end sur la chaîne officielle YouTube !,3
2015-03-16T06:37:15Z,"On est 4 autour d'adnane, personne le tacle, il frappe tranquille....vraiment une equipe de branque cette saison.",0
2015-03-15T19:08:52Z,"Adnane n'était pas titulaire, n'importe quoi le commentateur...",0
2015-03-15T17:22:14Z,Adnane titulaire ??????????,0
2015-03-15T10:50:41Z,Aller Brest NE VOUS DÉCOURAGER PAS ON PEUT ENCORE Y CROIRE À LA LIGUE 1,0
2014-09-27T08:23:40Z,#teamfcsm,0
2014-09-25T17:27:47Z,Allez Sochaux!,0
2014-09-25T08:55:52Z,#Ligue2 - 8e journée - Tous les résumés des rencontres de la 8e journée sur la chaîne Youtube ! https://www.youtube.com/user/ligue2fr/videos,3
2014-09-25T06:58:02Z,ICI C EST BREST ,1
2014-10-22T09:51:04Z,"#Ligue2 - Retrouvez les réactions d'après match de la 11e journée de Ligue 2 grâce à notre playlist YouTube !
http://miniurl.be/r-ni8",2
