published-time,comment,likes
2015-07-22T21:57:13Z,"https://www.facebook.com/Enroutepourleuro2016

Pour tout savoir sur Morgan Sanson, futur taulier des Bleus :) ",0
2014-09-28T13:09:15Z,Morgan Sanson c'est un tres tres grand joueur . ( Un Supporter de l'OM),8
2014-09-22T18:48:17Z,Super Morgan t'es le meilleur cette année ! Tu peux largement progresser encore et nous faire gravir les sommets :D,0
2014-08-21T13:23:42Z,1:07 mdr la meuf qui regarde nicollin ,1
2015-03-31T21:00:32Z,Great talent. Please make more videos of his games.,0
2015-03-31T15:21:10Z,The kid is special. ,3
2015-07-22T21:57:51Z,"https://www.facebook.com/Enroutepourleuro2016

Pour tout savoir sur Morgan Sanson, futur taulier des Bleus :) ",0
2015-04-25T18:57:39Z,,0
2015-03-24T13:12:48Z,"Morgan Sanson est un footballeur français né le 18 août 1994 à Saint-Doulchard (Cher). Évoluant au poste de milieu de terrain, il commence sa carrière professionnelle au club duMans en 2012 après être passé par le centre de formation du club. Son club formateur connaissant de graves difficultés financières, il finit par rejoindre le Montpellier Hérault SC pour quatre ans, en juin 2013.
Le 14 septembre 2013, il participe à son premier match de Ligue 1 lors du match nul du club héraultais à domicile contre le Stade de Reims (0-0) . Grâce à un bon début de saison enLigue 1, il est alors appelé en Équipe de France espoirs de football.
En Janvier 2015 alors que l'Olympique de Marseille et Bordeaux étaient intéressés par son profil, Sanson prolonge finalement son contrat avec le MHSC pour une année supplémentaire.",0
2015-03-24T13:10:04Z,"#20 MORGAN SANSON
Montpellier HSC, Ligue 1
France U21
Date of birth: Aug 18, 1994
Age: 20
Height: 1,80 m
Nationality: France
Position: Midfield - Attacking Midfield
Foot: right",0
2015-04-06T03:12:13Z,Premier ,0
2014-12-13T08:29:53Z,@ 2:37 that's not a sound effect that is the real thing,0
2014-12-12T10:00:11Z,Bielsa is such a great character!,0
2014-12-08T04:15:45Z,Argentina??   01:24,1
2015-04-07T00:06:02Z,Lemour's free kick?,0
2015-03-15T16:31:25Z,Барриос убийца,0
2015-03-10T11:56:38Z,Deux passe  décisives en 5 minute de la fin  et il es rentré à la 90 minute c'est bien  yattara,0
2015-03-09T11:20:20Z,i don't know if Lyon are so strong or it's just all ligue 1 teams try to make them champions,1
2015-03-09T03:28:06Z,Excited to see what this Lyon team with Lacazette does in Champions League especially with how Monaco has surprised. It'd be nice to see Lyon now.,1
2015-03-09T02:34:44Z,Lacazette is on fire,0
2015-03-09T02:17:40Z,good to see lacazette back and scoring :),0
2014-12-08T21:35:17Z,That beautiful team work goal from Lille tho..,0
2014-12-08T06:17:50Z,What's wrong with Lille? ,0
2014-12-08T03:30:53Z,Bedoya made me proud to be an American (even though he's technically Colombian),0
2014-12-08T03:07:07Z,Zlatan didn't even swap shirts because Zlatan doesn't want someone else's shirt,1
2014-12-08T01:06:49Z,THAT EVIAN FREEKICK WAS BEAUTIFUL!!! Love this league,4
2015-04-08T07:44:41Z,"#Ligue1 - J31 - Revivez les plus beaux buts de la 31ème journée de Ligue 1 en vidéo grâce à notre chaîne YouTube ! Et vous, lequel préférez-vous ?",16
2015-04-07T19:50:15Z,Pk y a pas Njie ??,0
2015-04-07T19:20:48Z,Meme pas le but de roux c est minable .,1
2015-04-07T18:56:01Z,"Vous avez quoi contre le but de Maiga ? Il est juste magnifique ce but ! Je dis pas que c'est le plus beau, mais il est super ce but ! L'action est collectivement très bien menée (ce qu'on ne voit sur aucun des autres but), et la façon dont il couche, il dresse, il domine son défenseur avec sa magnifique feinte de frappe c'est génial, puis cette frappe magnifique en angle fermée c'est loin d'être facile à mettre, il est très beau ce but.
Car juste comme ça, un beau but au foot, c'est pas seulement une frappe de 35 mètre pleine lucarne, un retournée, ou un coup franc lointain !",0
2015-04-07T14:41:09Z,"lol tout le monde dans les commentaires en dessous (ou au dessus ca depend de mon nombre d elikes) veulent absolument des buts d'autres joueurs alors que je rapelle qu'il n'y a que 5buts
LIKEZ CE COMMENTAIRE!!!!",1
2015-04-06T19:30:50Z,Celui de Beauvue ?? Et je me demande encore pourquoi JMA a laisser partir Martial !,0
2015-04-06T18:44:19Z,"Je me suis dit pour OM PSG que Paris méritait de prendre le but de Gignac, à jouer trop facile on se fait défoncer mais si je m'attendais au but de Matuidi! Son pied droit lui sert d'habitude autant que des écouteurs à un sourd ou des lunettes à un aveugle! déjà c'est un beau but, ensuite c'est Matuidi et c'est son pied gauche, on a bien fait de le voir parce que c'est plutôt rare lol",0
2015-04-06T13:52:08Z,"Matuidi charo!!!
 ",0
2015-04-06T13:16:51Z,Psg reste les meilleurs,1
2015-04-06T12:52:08Z,pourquoi il y a pas le but de tomasson,0
2015-04-06T10:05:26Z,"Celui de Thomas Lémar , il est où ???",5
2015-04-06T09:39:30Z,Il manque le but de caen ,0
2015-04-06T08:44:23Z,Corchia ??,0
2015-04-06T07:34:36Z,But de matuidi PARFAIT👍👍,0
2015-04-06T06:53:15Z,"Il manque quand même le but de Thomas Lemar, son coup franc de 36 M est sublime.",2
2015-04-06T06:52:09Z,Pourquoi il n'y a pas le but de Caen ? Coup franc se plus de 40 m pleine lucarne ça vaut mieux qu'une reprise de volée à bout portant,9
2015-04-06T00:40:14Z,"De Preville..
Et il manque celui de Beauvue pour moi.. enfin, l'action de son but, je l'adore.",0
2015-04-06T00:31:27Z,Celui de matuidi est juste parfait,1
2015-04-06T00:31:26Z,Celui de matuidi est juste parfait,1
2015-04-05T23:32:17Z,"E but de matuidi est juste magnifique, allez paris",1
2015-04-05T23:11:24Z,Bug de Metz 😻😻⚽️⚽️😻😻,0
2015-04-05T23:11:21Z,"Sérieusement, Maïga et Erding plutôt que Fékir et N'Jie??????",1
2015-04-05T23:02:44Z,et le but de erding,0
2015-04-05T23:01:24Z,Et le but de Thomas lemar il est ou,1
2015-04-05T22:51:26Z,MATUIDI ! Un CRACK <3,2
2015-04-05T22:44:33Z,Ce but de Matuidi.... PARIS EST MAGIQUE,0
2015-04-05T22:43:41Z,FIRST!! ALLER PARIS!!!,0
2014-12-09T03:57:32Z,The one from Barbosa! Great goals indeed!,0
2014-12-08T15:19:06Z,the most entertaing weekend in a while,1
2014-12-08T02:20:27Z,bedoya !!!,1
2014-10-20T05:21:25Z,"very nice team to watch ! Young players. Most of them are ""made in OL""",4
2014-10-20T03:10:51Z,"Lyon have such a great young squad. Good youngsters in their team. Fekir, Lacazette, Njie, etc are all youth products. Now that's what you call a nice youth academy!",9
2014-10-20T01:00:24Z,thx,0
2014-08-19T09:17:35Z,First,0
2014-08-19T02:17:01Z,Its probbably not the place to say but Brandao a player for Bastia headbutted Thiago Motta and broke his nose and it seems as he won't get punished for doing so.I  hope Ligue 1 do something about it because its nonsense that he doesn't get banned or fined.,0
2014-08-18T03:06:32Z,Great weekly round ups,0
2014-08-18T01:39:26Z,Love these weekly round-ups! ,8
2014-12-12T11:54:46Z,Great !,0
2015-06-16T05:14:46Z,Td acertado com o CRUZEIRO .,0
2015-05-26T08:33:01Z,Já é do Palmeiras Porra,0
2015-05-23T01:05:52Z,Eu acho que ele já é do palmeiras hein só falta a liberação do spartak moscou!!,0
2014-12-15T18:03:08Z,vem pro flamengo lucas!,1
2014-08-18T15:55:54Z,#Ligue1 - Retrouvez tous les buts de la 2ème journée de Ligue 1 en vidéo !,19
2014-12-10T12:10:28Z,"Zlatan is back ; physicly, mentaly !",0
2014-12-10T11:26:55Z,ZLATAAAAAAAAAAAAAAAAAAAN IBRAAAAA ,0
2014-12-08T23:55:13Z,"Zlatan, une legende vivante!",0
2014-12-08T16:21:41Z,Son nom est zlatan,1
2014-12-08T06:54:34Z,Zlatan a encore mis un but!!!!,0
2014-12-07T23:32:08Z,Zlatan,0
2015-02-23T01:12:00Z,Song?,0
2015-04-12T15:47:06Z,j'adore le but de Njie :),1
2015-04-07T19:56:36Z,Très beau but de Njie et Martial !!,0
2015-04-07T08:11:39Z,#Ligue1 - J31 - Revivez tous les buts de la 31e journée de Ligue 1 sur YouTube !,16
2015-04-06T12:57:40Z,First,0
2015-04-06T12:57:39Z,First,0
2015-04-06T07:04:58Z,Aller OL,2
2015-04-05T23:13:21Z,Regarde sa on se fais voler le match (bastia) la preuve on mène 1 -0 il on 2 peno et voilà ! ,0
2015-03-18T14:40:17Z,!,0
2015-03-17T05:34:20Z,"they should have some rule disciplining coach behavior in football. I mean I know there are some but shit like wasting time by kicking the ball away is really annoying. Coaches should get match bans for discipline as well. How do you expect players to be ""fair"" when coaches themselves don't?",1
2015-03-16T15:30:56Z,why is up with all the hate for Ruffier?,0
2015-03-16T02:36:54Z,Omg these fans are the best!!! I'm moving to France that's it!!! ,0
2015-03-16T01:03:14Z,FIRST! :),0
2014-12-08T03:08:15Z,king,0
2014-12-08T02:00:27Z,The king is back. Glorious!,0
2014-12-08T00:06:06Z,Zlatan scores while celebrating,6
2015-03-29T11:57:47Z,Cé quoi la musique ,1
2015-02-28T05:31:33Z,FUCK L'OM !,2
2015-02-25T13:51:34Z,#Ligue1 - J26 - Revivez AS Saint-Etienne - Olympique de Marseille à la loupe grâce à notre chaîne officielle YouTube !,10
2015-02-25T04:21:06Z,W,0
2015-02-23T18:56:08Z,"Pfff, mauvais arbitrage",1
2015-02-23T12:52:34Z,est-ce que qqun a le titre de la musique svp ?,0
2015-02-23T00:57:54Z,C'est un peu le resumer de ASSE-OM ?,0
