publish_date,title,view_count
2014-10-22T13:24:03Z,Presentazione di Improta,1850
2015-03-21T14:00:00Z,TRAPANI - BOLOGNA.  0--0,80
2015-02-26T11:04:32Z,2013-05-18. TERNANA-PADOVA 2-1 (Servizio Serie BWin),29
2015-02-28T09:31:06Z,2014-05-13. TERNANA-PADOVA 2-1 (Servizio Serie BWin),24
2015-01-01T16:20:46Z,Lorex Cup 2014 - Monteruscello Vincitrice fase Interregionale,2405
2015-01-11T22:13:10Z,Rubano Cadoneghe 1 - 1    11/01/2015,328
2014-11-25T00:26:06Z,LA NOBILE PROVINCIALE (ANNI 50 E 60),788
2015-04-08T20:22:44Z,Intervista a Fabiano Santacroce dopo Parma-Udinese,818
2014-12-24T14:00:02Z,BOLOGNA - PRO VERCELLI  3-0,338
2014-10-30T10:57:25Z,Intervista a Fabiano Santacroce dopo Torino-Parma,612
2015-03-07T17:19:17Z,PRO VERCELLI vs BRESCIA: parla Luca MILESI,348
2015-06-09T22:18:52Z,BOLOGNA-PESCARA 1-1 - Radiocronaca di Giulio Delfino &amp; Antonio Monaco - IL BOLOGNA TORNA IN A!,5162
2015-04-01T21:51:24Z,Carpi-Bologna 3-0 - Radiocronaca di Emanuele Dotto &amp; Antonello Brughini (1/4/2015) da Radiouno RAI,823
2014-11-15T22:09:22Z,Bologna-Brescia 1-2 - Radiocronaca di Massimo Barchiesi (15/11/2014) da Radiouno RAI,825
2015-03-28T17:12:20Z,Bologna-Livorno 2-0 - Radiocronaca di Giuseppe Bisantis (28/3/2015) da Radiouno RAI,546
2015-02-26T17:28:41Z,Antonio D&#39;Allocco 26-02-2015 - Foggia Calcio,172
