published-time,comment,likes
2014-10-09T15:49:48Z,If this had been England in the World Cup it would be on News at Ten,0
2014-10-08T22:33:45Z,What a pass from Traore and some Murray magic ,0
2014-10-08T16:26:18Z,What a ball what a goal. COYP!!!!,0
2015-07-20T21:46:07Z,Welcome Back!,0
2015-07-18T07:32:13Z,"#25 François Kamano
SC Bastia, Ligue 1 & Guinea
Position: Striker - Right Wing
Date of birth: May 1, 1996
Age: 19
Foot: right
Height: 1,82 m
Nationality: Guine",0
2015-05-01T14:04:26Z,,0
2015-05-01T13:41:26Z,Happy Birthday!!! : ),0
2015-05-01T13:39:40Z,"#25 François Kamano
SC Bastia, Ligue 1
Date of birth: May 1, 1996
Age: 19
Height: 1,82 m
Nationality: Guine 
Position: Striker - Right Wing
Foot: right",0
2014-10-29T13:06:58Z,"sinon vous faites quoi les niçois ici????
Vous devriez avoir honte vu votre réaction contre Bastia ! Et ça s’appelle des supporters ça??? Vous devriez être interdit de terrain jusqu'à la fin de l'année!",2
2014-10-27T08:12:53Z,Le sporting merdique,3
