publish_date,title,view_count
2015-02-24T02:05:29Z,Hamidou Traore GOALS,2616
2014-10-08T15:34:17Z,Outstanding Ronan Murray Winner vs Scunthorpe Away (JPT),7330
2015-07-15T11:00:16Z,New signing Keanu Marsh-Brown in action for Barnet against FGR,622
2015-07-18T07:14:21Z,François Kamano - 2015 - Skills Assists Goals - Bastia 4K,2856
2015-03-06T19:02:48Z,12 ème Journée de Ligue 1 ASEC Mimosas -  Stade d&#39; Abidjan,1152
2014-10-26T23:00:05Z,SC Bastia - AS Monaco (1-3) - Highlights - (SCB - MON) / 2014-15,4013
2015-05-01T13:19:41Z,François Kamano /25/ SC Bastia ► Skills Assists Goals /4K Ultra HD/ 2015,24727
2014-11-09T23:00:05Z,SC Bastia - Montpellier Hérault SC (2-0) - Highlights - (SCB - MHSC) / 2014-15,1753
2014-08-02T14:37:53Z,07.26. 2014. Budapest Honvéd - Dunaújváros 3-0 (0-0),56
2014-10-26T23:00:05Z,SC Bastia - AS Monaco (1-3)  - Résumé - (SCB - MON) / 2014-15,29210
2015-06-24T17:44:14Z,Lanfiara Management Sports,616
