published-time,comment,likes
2015-07-15T15:43:26Z,Awesome,0
2015-07-10T15:01:24Z,Pourquoi c'est écrit en anglais dans vidéo sa sert a rien.,0
2015-07-07T10:26:24Z,Which country is he,0
2015-06-29T12:31:15Z,"Yassine Azouagh vor wechsel nach Fortuna?
Der Deutsch-Marokkanischer 16 Jähriger steht zurzeit beim FSV Duisburg unter Vertrag. Gestern liefen Gespräche zwischen den 16 Jährigen und Fortuna.",0
2015-06-29T06:35:14Z,Deuxième musique?,0
2015-06-28T02:56:55Z,OMG the SKILL!!!!!,1
2015-06-12T23:47:47Z,Sofiane Bouffal is coooooooool!!! I hope that u can help our nation team! good luck Sofiane.,0
2015-06-08T04:17:01Z,"Un autre talent apres Mastour  , dommage qu'il joue pas  avec le Maroc  a cause d'une blessure  .",0
2015-06-07T14:56:45Z,Continue mon petit,0
2015-06-05T11:26:21Z,Un pur talent marocain soso !,9
2015-06-04T21:19:07Z,"Another amazing video, Keep it up ;)",3
2015-06-04T10:04:20Z,"tbarkleh 3lik errazki 
subbed :)",2
2015-05-30T00:01:46Z,C'est le nouveau Ronaldo voir même le nouveau Messi ,4
2015-05-29T20:10:12Z,0 :22 funny how he made PSG defensers look like clowns lol,38
2015-05-29T20:08:50Z,Sofiane <3 lille <3,0
2015-05-29T17:23:13Z,Belle vidéo  continue  comme ça  mec!,10
2015-06-24T17:33:16Z,BOMB!! vienitene alla lazio,0
2015-06-08T15:19:21Z,Angevin <3,0
2015-05-23T00:34:05Z,سيكون مصيره مثل تعرابت كثرة الفرديات والنرجسية,2
2015-05-18T15:20:56Z,world class dribbles,0
2015-05-08T11:30:42Z,lion d'atlas :),0
2015-05-08T07:48:57Z,Bufal ... we have a strong desire to see you with Moroccan Shirt in Russian World Cup 2018 . we can do it together :),0
2015-05-07T20:24:31Z,quelle qualité macha2alah <3,1
2015-05-06T00:32:16Z,On t'attend au PSG,1
2015-05-03T16:53:06Z,"Il a un talent certains mais je doute de son esprit de plus il joue en ligue 1 qui surcote les jeune, au mieux il pourra faire la carrière d'un menez",1
2015-04-29T00:37:42Z,"WoW masha'Allah...il est vraiment talentueux (y)
 #Maroc",4
2015-04-26T12:51:52Z,morocco talent :),0
2015-04-25T19:21:48Z,,0
2015-03-16T17:39:27Z,"Sofiane Boufal >>> The new Messi 
Vu le match qui l'a fait contre Rennes, il confirme sa technique.. 
Et l'ovation du Stade Pierre Mauroy
à sa sortie ;-) ",6
2015-02-18T01:32:50Z,nous espérons que tu va choisir le Maroc <3,12
2015-02-14T21:11:44Z,Bienvenue Sofiane au LOSC tu commence très bien et tu as un belle avenir ,3
2015-01-09T22:25:54Z,Bienvenue au LOSC Sofiane !,3
2015-01-09T18:15:03Z,Bienvenue au LOSC,5
2015-01-08T23:13:30Z,Love his style of play!,4
2015-01-08T18:33:10Z,"Bienvenue au LOSC Sofiane, apporte nous ta vivacité et ton talent qui manque cruellement au LOSC en ce moment ",5
2015-01-08T17:18:33Z,Welcome to losc,3
2015-01-08T11:45:16Z,Il va signer au LOSC !!! :),3
2015-01-03T15:32:22Z,looks good. kind of reminds me of myself when i was younger. lol,1
2014-12-31T18:43:00Z,"Aucun gestes n'est superflu chez ce gars. Il ne ralenti jamais le jeu dans cette vidéo il donne souvent son ballon dans le bon tempo ce qui est rare avec les dribbleurs comme lui, souvent ça s'enflamme, la non ! Et quelle technique !
Il est jeune et le style de joueur qui plairait à Bielsa. Donc, Sofiane viens chez nous à l'OM tu apprendras vite et bien sous les ordres de Senor Bielsa.",10
2014-12-31T03:08:32Z,MOROCCAN TALENT AGAIN !!!! <3 <3 <3,11
2014-12-14T22:10:34Z,Un diamant brut 👌,4
2014-12-08T15:48:11Z,"Direct access :
Goals : https://www.youtube.com/watch?v=CwDiCu9VPuQ#t=13.9s 
Dribbling : https://www.youtube.com/watch?v=CwDiCu9VPuQ#t=1m19s
Key passes : https://www.youtube.com/watch?v=CwDiCu9VPuQ#t=6m56s

Set-Pieces : https://www.youtube.com/watch?v=CwDiCu9VPuQ#t=8m34s",1
2014-12-08T15:45:59Z,"Sofiane boufal <<< Angers SCO

Please share the video

Thank you﻿",0
2015-07-06T19:30:23Z,"Merci Sofiane marocain maintenant comme mastour !
",3
2015-06-23T21:50:52Z,Un petit phénomène !,11
2015-06-15T18:16:57Z,"le petit lion de l'atlas jouera à lablad et tous les marocains sont fiers de lui
notre mesi avec le nouveau prodige hashem mastour vont rever les marocains hamdo lilah",15
2015-05-25T12:12:30Z,مرحبا بيه في المغرب,1
2015-05-22T19:33:19Z,trop fort ce gars,10
2015-05-17T20:58:33Z,Il va jouer pour l'équipe nationale du Maroc ou pas ?,27
2015-05-04T07:12:03Z,Futur lionsdelatlas??,9
2015-04-28T22:21:15Z,Bon courage Boufal avec les lions de l'atlas,16
2015-04-27T16:00:44Z,il ete a deux doigt de signer a om putain ! sinon j'aime bien les reportages,3
2015-04-26T01:10:46Z,مرحباااا,0
2015-06-02T17:05:34Z,Marcelo plzz,1
2015-05-31T20:01:24Z,"Add me on Facebook so that if anything happens, you will know where to find me. www.facebook.com/scoutbible",0
2015-05-31T20:00:11Z,"Sorry for the absence and the wait. After two long months of working and developing this channel, we are back to creating content that you can enjoy.",0
2015-06-02T13:33:03Z,Grand talent pour l'avenir,0
2015-05-25T10:24:10Z,Sofiane bouffe pas mauvais du tous ce jeune.......!!!!!! D'ici qqlques mois ( en début de saison 2015 /2016) il risque d'en épater quelques un ( e) peut être de changer sa vie professionnelle.........!!!!!!!! Vous venez bien....!,0
2015-05-07T12:45:42Z,"#7 Sofiane Boufal
LOSC Lille, Ligue 1
Date of birth: Sep 17, 1993
Age: 21
Place of birth: Paris, France
Height: 1,75 m
Nationality: France / Morocco
Position: Midfield - Attacking Midfield
Foot: right",0
2015-05-07T12:43:00Z,,0
2015-05-09T21:26:09Z,"Il y a du potentiel c est sur. Reste a confirmer par le travail et le serieu. Lille peut en faire une valeur sure. Puisque c est un grand club avec un grand public.
Bonne continuation et fais toi plaisir sur la pelouse soufiane",1
2015-05-01T05:16:24Z,"Un bon joueur mais il doit améliorer sa concentration devant  le gardien d adversaire et aussi condition physique en tous cas c est un grand telent et un projet pour un joueur  que peut concurrencer ronaldo et neymar , hhh messi non  parce que et un légende mais courage khoya boufal tous les marocains derrière toi frère ",1
2015-04-24T20:06:07Z,Un talent pur ça saute au yeux ..,1
2014-09-20T14:22:57Z,(y) ,0
2015-05-04T10:42:52Z,Il a xhoisi le maroc,2
2015-05-04T05:57:32Z,Boufal ❤️❤️❤️,1
2015-05-03T22:10:01Z,"Sofiane Boufal, future joueur de l'équipe de France !",0
2015-07-03T16:08:07Z,Pareil ,0
2015-05-03T18:56:03Z,Au moins ça me fait un point commun avec Sofiane Boufal,0
2015-04-29T18:34:39Z,,0
2015-04-29T11:45:14Z,Prono 3-0 3 but de boufal,0
2015-04-29T11:36:12Z,Aller les gars !!! On va gagner contre Lens !,2
2015-04-29T09:42:20Z,Boufal !!  <3,0
2015-04-29T14:18:16Z,2 first Taarabt / Boufal is best !!!,0
2015-01-11T15:41:34Z,FC MOROCCO<3,2
2015-02-25T11:12:15Z,Aller losc,3
2015-05-04T00:26:19Z,Thumbnail looked savage.,7
2015-05-04T20:43:25Z,Sofiane boufal vous dribble tous meme contre Paris il é à tous mangée malheureusement on n'a perdu mais les lensois sont degues,0
2015-04-13T08:39:43Z,Leroy est pas loin dommage ,0
2015-05-11T12:14:39Z,All of these aren't really bloopers.. 👎👍,0
2015-07-29T17:22:55Z,trop drole ah!ah!ah!,0
2015-07-20T01:34:23Z,"Psg en force on rafle toute les coupes la famille ici c paname
",0
2015-07-06T17:57:48Z,Pour moi  Van Der Will à raison mais quand même bravo à djilobodji,0
2015-06-02T15:54:05Z,,0
2015-05-06T16:45:08Z,"Je suis désolé mais même si je trouve honteux le geste de Van der Wiel, le gamin n'a rien à faire là et en plus il lui arrache limite le maillot sans la moindre politesse. Après ce n'est que mon avis mais bon ...",0
2015-05-05T15:06:15Z,"Ayew, même pas un geste d'excuse pour le photographe. Bel exemple!",8
2015-05-04T22:39:31Z,Et Diakité aucun carton pour la faute sur Hamouma --' Une honte !,0
2015-05-04T20:31:24Z,Pfff. La sécurité. Je suis moi meme Nantais a 100% je joue a Nantes et franchement la sécurité --' Aucun coeur juste la pour faire chier. Au moins il y a des joeurs qui on un coeur mais pas beaucoup. --',0
2015-05-04T20:03:31Z,"Je sais pas si vous avez entendu mais le public nantais à siffler quand l'enfant s'est fait poursuivre par la sécurité, et quand Djilo a donné son maillot le public l'a applaudit, en tout cas bravo pour ce geste Djilo.",6
2015-05-04T19:39:01Z,"Ayem en a rien a foutre de shooter un photographe svp, rien contre l'OM mais il y a un problème on est tous d'accord ",15
2015-05-04T18:25:51Z,Miniature aguicheuse,0
2015-05-04T18:19:11Z,c'est dommage qu'il n'y est pas autant de joueurs sympas comme Djilobodjie.,7
2015-05-04T16:46:24Z,Pk il ont pas mis les supporters qui étaient dans un lit ??,2
2015-05-04T16:18:52Z,Bravo Gignac pour t'es 101  buts.,1
2015-05-04T15:24:26Z,"Le sang de HAMOUma sexy
Il va mourrir
",0
2015-05-04T14:47:20Z,j'adore l'explication après la simulation d'ibrahimovic,1
2015-05-04T13:55:32Z,je trouve ça cool de la part de djilobodji de lui donner son maillot parce que OK le public doit pas venir sur le terrain mais quand ya un enfant comme ça franachement la sécuritré et les joueurs laissez le quoi srx,11
2015-05-04T10:48:04Z,Mdrrr le petit c'est un forceur et Van der Wiel c'est un collabo ,5
2015-05-04T10:25:09Z,"Je suis supporter du PSG  et l'acte de van der wiel est inadmissible,oui le terrain n'est pas fait pour le public mais la moindre des chose surtout lorsque c'est un enfant il faut lui donner son maillot,et le raccompagner sa mériterais une amende de la par du club. Djilobodji est admirable sur sont geste qui devrais être fait par tout le joueur pros du monde.",19
2015-05-04T09:29:09Z,Superbe et enorme ambiance à Furiani et un magnifique hommage au victime du drame de Furiani du 5 mai 1992. Forza Bastia;) et respect au stephanois présent en tribune nord qui était présent ;),10
2015-05-04T07:41:16Z,"Mdr le berger est de retour !!!
On devrait planter un arbre à coter du potos  de corner en moins il escalade :)",0
2015-05-04T07:33:34Z,Et y le montre pas le tifo humain LFP avec la banderole (a nice ),4
2015-05-04T01:30:19Z,Le berger est de retour... que de souvenirs... dans les arbres ,8
2015-05-04T01:04:47Z,Sympa Djilo :),50
2015-05-04T00:42:05Z,Très beau geste de djilobodji!,5
2015-05-04T00:34:33Z,A Lyon ça chahute et à Saint Etienne ça rigole mais en même temps à Lyon ça gagne et à Saint Etienne ça perd !,24
2015-05-04T00:30:48Z,Le bergerrrrr,11
2015-05-15T04:50:19Z,Venez voir notre chaine,0
2015-05-14T17:31:27Z,Première fois depuis 2 mois (OM-OL) que Lyon n'a pas mis de buts :-/,0
2015-05-11T22:56:45Z,"Une journée comme on les aime, avec plein de buts et des retournements de situations",0
2015-05-11T18:55:03Z,Le 2e but de benezet magnifique et le 3eme but de caen limite l'impression d'un match de fifa ^^,0
2014-12-30T12:48:06Z,allez le sco,3
2014-10-28T16:39:09Z,"#Ligue2 - Classement des buteurs - Après la 12e journée de Ligue 2, Jonathan Kodjia (Angers SCO) retrouve les commandes du classement officiel des buteurs - http://urlz.fr/QO5",6
2014-10-26T11:08:32Z,le logo de l'ASNL pour Clermont wtf?,3
2014-10-26T01:33:32Z,Vincent manceau pas marceau,7
2015-05-04T02:38:19Z,So a retractable roof? How many of them are there in Europe?,0
2015-05-07T07:13:25Z,Gervais Martel ... T'as perdu t'as perdu tes sous !,1
2015-05-14T03:56:53Z,Amazing ,0
2015-05-14T17:34:46Z,"Perso, j'aurai mis Cavani à la place de Erding, je sais pas ce qu'il fout là.",0
2015-05-13T13:34:51Z,"Le coup franc d'Evian ressemble à celui de Juninho contre Barcelone :)
#TeamOL",1
2015-05-11T20:14:48Z,"Ben Yedder, superbe reprise et difficile car le ballon rebondit. Benezet, logique, belle action et beaucoup de détermination, mérité.",0
2015-05-11T19:09:56Z,Salut les mecs je commence une nouvelle série qui arrive le 14 mai passez voir mes premières vidéos et donnez moi vos avis merci ! :),0
2015-05-11T18:59:45Z,le but de benezet en lui est pas extraordinaire mais l'action est parfaite ;),0
2015-05-11T17:57:49Z,Le but de clément aurait y etre mais celui de ibra n est pas extraordinaire ,0
2015-05-11T17:31:43Z,Benezet ! J'adore son but :D,0
2015-05-11T16:43:40Z,"Erding et Ben yedder ! Ces deux buts sont magnifiques, avis aux amateurs de football,  sinon le but de Zlatan n a rien a faire là. Il ne mérite peut-être pas d être dans le classement mais le but du drbleur argentin O.Trejo ( TFC ) est tout de même plus jolie et plus dur à mettre",2
2015-05-11T09:58:01Z,"Celui de Ben Yedder est magnifique ! Pour Sunu il a avoué à la mi-temps qu'il ne voulait pas frapper direct mais centrer, grosse erreur d'Agassa de plus ^^",1
2015-05-11T09:54:06Z,"Clément ? 
Lol concours de circonstances c'est pourtant lui le plus beau !",0
2015-05-11T08:27:12Z,"Le coup-franc d'Evian est tout simplement énorme !
 #suppOL",5
2015-05-11T08:06:36Z,J'avoue il manque clément mais bon pas grave,0
2015-05-10T23:49:58Z,Et Clément ?? ,0
2015-05-10T22:55:52Z,"J'aurais bien vu celui de Clément, il marque pas souvent après tout :D",2
2015-05-10T22:44:48Z,Zlatan n'a rien à faire ici. Ceux de Cavani sont mieux,1
2015-05-10T22:29:25Z,first,0
2014-12-14T20:01:26Z,Allez le sco,0
2014-12-14T15:07:48Z,vous êtes sérieux ? et le but d'édouard butin sur le centre de cacéres ? ,0
2014-12-14T11:29:30Z,Nique le SCO,0
2014-12-14T11:02:14Z,et le but de Poepon ? --',1
2015-05-06T15:55:01Z,"On s'en balles les couilles de cette tribune de merde qui a fondrait, Bosetti a tous ces buts contre Bastia fait le même",0
2015-05-05T22:59:41Z,C'est beau,0
2015-05-04T21:13:25Z,Quelqu'un peut me dire quel est la tragédie ? Est-elle récente ? Quels sont les causes d'un désastre ? (Merci) et hommage aux morts...,0
2015-05-04T11:56:28Z,ha et aussi forza bastia,1
2015-05-04T11:55:51Z,BONJOUR JE SUIE SUPORTTEUR DE BASTIA MERCI A VOUS DE METRE LA VIDEO AN LIGNE COMME QUOIT ON A UN CEAUR ET VOILA MERC A VOUS LIGUE 1 :),0
2015-05-04T11:29:53Z,"Ça fait chaud au cœur de voir un tel hommage, respect aux victimes de cette terrible tragédie.
Pas de match le 5 mai, soutien à Bastia dans ce juste combat.",4
2015-05-04T08:56:56Z,FORZAAA BASTIA !!!!,2
2015-05-04T08:54:06Z,"5 min de silence tres emouvante, j'etais en tribune avec les Bastia 1905 pendant ce match",13
2015-05-04T07:57:38Z,Rip,1
2015-05-04T07:38:11Z,Je suis niçois mais hommage a eux :( ,5
2015-05-04T01:27:57Z,De toute façon la ligue à supprimé le commentaire donc STOP la polémique ,0
2015-05-04T00:23:19Z,C'est un accident ou un attentat ?,0
2015-05-04T00:04:01Z,Combien ont crevés mdr A MORT bastia merda... 1ere fois depuis 5 ans qu'ils respectent une minute de silence,1
2015-05-03T23:53:25Z,Une pensé a toutes les victimes Marseillaises et Bastiaises,4
2014-09-22T18:40:03Z,Bryan Bergougnoux la base,0
2014-09-22T13:56:31Z,#Ligue2 - Revivez les plus beaux buts de la 7ème journée de Ligue 2 en vidéo,1
2014-09-21T07:59:04Z,Aller sochaux,1
2014-09-21T07:20:44Z,"Vive nancy 
 !! Trop beau le but ",0
2014-09-20T22:14:23Z,Quel promenade pour Nancy ,0
2015-05-10T22:27:37Z, First,0
2015-05-10T22:25:23Z,FIRST!!!!!!!!,1
2015-03-22T17:14:28Z,"""cool as a cucumber""",0
2015-05-19T01:04:30Z,What is the song?!,0
2015-05-04T18:19:21Z,Zlatan is back with 1 décisive passe ,1
2015-05-04T01:04:44Z,PSG ALLEZ,1
2015-05-03T23:14:16Z,Paris sera champion ,4
2015-05-12T10:56:24Z,"pas de passe croisée pour Pesic, là ... (soupirs)",0
2014-11-05T11:54:28Z,le match nul aurai été plus logique vu le déroulement du match .. ,0
2014-11-04T18:07:58Z,,0
2014-11-04T11:34:53Z,#Ligue2 - J13 - Revivez les meilleurs moments de Valenciennes FC - Angers SCO (1-0) en vidéo grâce à notre chaîne officielle YouTube ! ,3
2015-06-15T21:33:26Z,Hah girdi gotumuze kjaer hele suna bak avradini sikiim ya.dunyadaki mallari ozenle seciyoz,0
2015-05-09T16:23:56Z,how can we not love psg,1
2015-04-27T16:22:30Z,It's great to see Lavezzi and Cavani linking up like this and shining like the good old times at Napoli. Motta and Matuidi were outstanding too.,1
2015-05-11T10:16:05Z,Some great scenes here!,0
2015-04-24T14:52:00Z,morocco <3,2
2015-05-17T21:33:24Z,Ayew is a wonderful player,0
2015-05-17T17:51:04Z,What a finish by Ayew!,1
2015-05-04T00:08:40Z,"Yes
",0
