publish_date,title,view_count
2015-05-29T17:18:56Z,Sofiane Boufal • Best Goals &amp; Skills HD • 2014/15,601745
2015-06-01T00:35:53Z,Sofiane Boufal ● Best Skills Dribbling Assists &amp; Goals ● 2015-2016 || HD,5261
2014-12-08T15:37:50Z,"Sofiane Boufal 2014-2015 HD | Goals, Assists, Dribbling, Skills, Passes | Lille OSC",540327
2015-04-23T13:11:23Z,"Reportage beIN SPORTS : Sofiane BOUFAL, pour l&#39;amour du jeu",486935
2015-05-03T22:00:00Z,Goal Sofiane BOUFAL (41&#39; pen) / LOSC Lille - RC Lens (3-1) - (LOSC - RCL) / 2014-15,625
2015-05-10T22:00:00Z,But Sofiane BOUFAL (60&#39;) / Toulouse FC - LOSC Lille (3-2) -  (TFC - LOSC) / 2014-15,4708
2015-05-31T19:45:11Z,"Sofiane BOUFAL | Goals, Skills, Assists | LOSC Lille | 2014/2015 (HD)",5116
2015-05-07T12:25:38Z,Sofiane Boufal /7/ OSC Lille ► Skills Dribbling Assists Goals /4K Ultra HD/ 2014-2015,31683
2015-04-24T12:52:33Z,L&#39;homme de la 33ème journée - Sofiane Boufal,16114
2014-09-19T18:58:03Z,Goal Sofiane Boufal,9706
2015-05-03T22:00:00Z,But Sofiane BOUFAL (41&#39; pen) / LOSC Lille - RC Lens (3-1) -  (LOSC - RCL) / 2014-15,10536
2015-05-10T22:00:00Z,Goal Sofiane BOUFAL (60&#39;) / Toulouse FC - LOSC Lille (3-2) - (TFC - LOSC) / 2014-15,549
2015-06-02T19:21:37Z,"sofiane boufal |► The Moroccan Talent | Skills,Goals,Dribbling, | 2015 | HD",8412
2015-04-12T22:00:01Z,Goal Sofiane BOUFAL (81&#39; pen) / Evian TG FC - LOSC Lille (0-1) - (ETG - LOSC) / 2014-15,5079
2015-04-29T09:06:03Z,De quoi Sofiane Boufal a-t-il peur ?,38742
2015-01-11T15:17:40Z,Adel TAARABT vs Soufiane BOUFAL // عادل تاعرابت‎ - سوفيان بوفل,20342
2015-02-25T10:10:36Z,La pirouette de Boufal,5655
2015-05-04T00:21:57Z,Bloopers : Week 35 / 2014-15,2892
2014-11-07T21:02:15Z,Angers SCO -Dijon.Réaction de Sofiane Boufal,4721
2015-04-12T21:59:59Z,But Sofiane BOUFAL (81&#39; pen) / Evian TG FC - LOSC Lille (0-1) -  (ETG - LOSC) / 2014-15,3927
2014-09-12T18:54:11Z,assist boufal,2948
2015-05-11T00:21:11Z,Bloopers : Week 36 / 2014-15,989
2015-05-03T16:28:11Z,But de Boufal !,195
2015-05-04T00:21:10Z,Zapping de la 35ème journée - Ligue 1 / 2014-15,170082
2015-05-10T22:32:03Z,Tous les buts de la 36ème journée - Ligue 1 / 2014-15,9352
2014-10-25T22:00:02Z,Angers SCO - Clermont Foot (3-0)  - Résumé - (SCO - CF63) / 2014-15,8650
2015-05-03T22:54:36Z,LOSC Lille - RC Lens (3-1) - Highlights - (LOSC - RCL) / 2014-15,2504
2015-04-05T22:00:00Z,LOSC Lille - Stade de Reims (3-1) - Highlights - (LOSC - SdR) / 2014-15,2397
2015-05-10T22:00:00Z,Goal Wissam BEN YEDDER (30&#39;) / Toulouse FC - LOSC Lille (3-2) - (TFC - LOSC) / 2014-15,139
2015-05-03T21:59:59Z,But Djibril SIDIBE (74&#39;) / LOSC Lille - RC Lens (3-1) -  (LOSC - RCL) / 2014-15,4788
2015-05-10T22:24:26Z,Goals compilation : Week 36 / 2014-15,384
2015-05-10T22:25:36Z,Top buts 36ème journée - Ligue 1 / 2014-15,27183
2014-12-14T10:30:00Z,Top buts 17ème journée - Ligue 2 / 2014-15,2068
2015-05-03T23:46:21Z,Hommage aux victimes de la tragédie de Furiani Ligue 1/ 2014-15,7381
2015-05-10T22:00:00Z,But Wissam BEN YEDDER (30&#39;) / Toulouse FC - LOSC Lille (3-2) -  (TFC - LOSC) / 2014-15,2396
2015-05-03T22:00:00Z,Goal Djibril SIDIBE (74&#39;) / LOSC Lille - RC Lens (3-1) - (LOSC - RCL) / 2014-15,563
2014-09-20T22:00:03Z,Top buts 7ème journée - Ligue 2 / 2014-15,3191
2015-05-10T22:22:48Z,Top goals : Week 36 / 2014-15,1933
2015-03-15T23:04:30Z,LOSC Lille - Stade Rennais FC (3-0) - Highlights - (LOSC - SRFC) / 2014-15,8834
2015-05-03T23:48:21Z,Tribute to the victims of the Furiani disaster Week 35 / 2014-15,401
2015-05-03T23:07:52Z,Tous les buts de la 35ème journée - Ligue 1 / 2014-15,6496
2015-05-10T22:00:00Z,But Oscar TREJO (81&#39;) / Toulouse FC - LOSC Lille (3-2) -  (TFC - LOSC) / 2014-15,2103
2014-11-04T11:00:06Z,Valenciennes FC - Angers SCO (1-0)  - Résumé - (VAFC - SCO) / 2014-15,7943
2015-04-26T21:59:59Z,Paris Saint-Germain - LOSC Lille (6-1) - Highlights - (PSG - LOSC) / 2014-15,30820
2015-05-11T00:25:44Z,Last match at Chaban Delmas for Bordeaux - Week 36/ 2014-15,625
2015-04-19T22:00:00Z,LOSC Lille - Girondins de Bordeaux (2-0) - Highlights - (LOSC - GdB) / 2014-15,3048
2015-05-10T22:00:00Z,But Martin BRAITHWAITE (83&#39;) / Toulouse FC - LOSC Lille (3-2) -  (TFC - LOSC) / 2014-15,2856
2015-05-10T22:00:00Z,Goal Oscar TREJO (81&#39;) / Toulouse FC - LOSC Lille (3-2) - (TFC - LOSC) / 2014-15,116
2015-05-17T02:10:04Z,LOSC Lille - Olympique de Marseille (0-4) - Highlights - (LOSC - OM) / 2014-15,4657
2015-05-03T23:52:41Z,Highlights : Week 35 / 2014-2015,2555
