published-time,comment,likes
2015-07-20T21:46:07Z,Welcome Back!,0
2015-07-18T07:32:13Z,"#25 François Kamano
SC Bastia, Ligue 1 & Guinea
Position: Striker - Right Wing
Date of birth: May 1, 1996
Age: 19
Foot: right
Height: 1,82 m
Nationality: Guine",0
2015-03-08T12:56:12Z,Good video,0
2014-11-26T15:27:44Z,Wow he looks reqlly like yattara from trabzonspor :( i miss him . Hopefully trabzon will buy him,1
2014-11-26T15:21:43Z,"Ibrahima yattaras little bro . He looks great , like his bro",3
2014-11-07T16:26:11Z,Trabzonspor coming yattara,2
2014-10-17T14:19:43Z,like his brother ibrahima yattara :),1
2014-09-11T13:24:23Z,FIFA 14 BEAST,0
2014-08-03T01:06:18Z,"make a video about josh murphy,nick powell,mason bennet,ivan cavaleiro,ricardo esgaio,ramon azeez,keneeth omeruo,jano ananidze,giorgio chanturia,break shea,fernando canesin,wellinton nem,ruben vezo,",1
2014-08-02T08:42:36Z,"#19 MOHAMED YATTARA
Olympique lyonnais (Ligue 1)
Date of birth: Jul 28, 1993
Place of birth: Conakry  
Age: 21
Height: 1,85 m
Nationality: Guine
Position: Striker - Centre Forward",3
2015-05-01T14:04:26Z,,0
2015-05-01T13:41:26Z,Happy Birthday!!! : ),0
2015-05-01T13:39:40Z,"#25 François Kamano
SC Bastia, Ligue 1
Date of birth: May 1, 1996
Age: 19
Height: 1,82 m
Nationality: Guine 
Position: Striker - Right Wing
Foot: right",0
2014-11-15T15:11:45Z,First,0
