published-time,comment,likes
2015-07-06T19:17:28Z,Belle victoire de Dijon.Le gardien de Clermont n'a rien fait.Allez les rouges .,0
2015-03-18T16:27:06Z,"#Ligue2 - Classement des passeurs - Julio Tavares porte le DFCO !
Avec un doublé à la passe, Julio Tavares a grandement contribué au large succès du Dijon FCO au Clermont Foot (2-5) et intègre le Top 5 du classement des passeurs de Ligue 2 - http://www.lfp.fr/ligue2/article/julio-tavares-porte-le-dfco.htm",6
2015-03-16T00:12:05Z,NON on vise la ligue des champions,0
2015-03-15T11:04:07Z,"Bien
",0
2015-03-15T07:49:11Z,ALLER DIJON ON VISE LA LIGUE 1,2
2015-03-15T06:33:27Z,Dijonnais !!,0
2015-03-14T23:07:26Z,Dijon en FORCE !!!!,0
2015-01-08T16:58:36Z,DIJONNAIS ALLEZ ALLEZ ALLEZ,0
2014-10-22T11:02:06Z,serieux défendez au lieu de reclamer un HJ... (1er but) Ca me rappelle France mexique 2010,1
2014-10-21T10:20:19Z,#Ligue2 - J11 - Revivez les meilleurs moments de Valenciennes FC - Dijon FCO (0-3) en vidéo grâce à notre chaîne officielle YouTube !,4
2014-10-21T10:10:19Z,Allez nimes olympique,1
2014-10-21T10:02:34Z,First,0
2015-06-20T17:27:30Z,Allez dijon,0
2015-04-26T08:25:32Z,J'ai eu énormément de chance j'ai parier 5 euros pour Dijon et j'ai gagner 8euros.,0
2015-04-26T08:10:07Z,Cette vidéo à été bloquer dans votre pays !,0
2015-04-26T07:48:35Z,Un pénalty non sifflé pour l'USO tout de même... Victoire non mérité au vu du jeu proposé par Dijon,0
2015-04-26T07:30:49Z,j était a Orléans pour le match et clairement Orléans jouer mieux que Dijon mais c était un beau match avec un petit groupe de supporter de Dijon qui m était l ambiance dans le stade . Alors que la ou j était dans la tribune d honneur ca menquait d ambiance. Allez uso!!!,1
2015-02-10T17:01:02Z,allez DIJON emmerde FCSM,0
2015-06-21T15:27:51Z,Rendez-vous pour une prochaine saison en ligue 2 avec de nouveaux joueurs.Allez Dijon,2
2015-06-13T09:54:59Z,Belle victoire de Dijon,2
2015-05-27T14:28:17Z,Troip cool on a gagné,2
2015-03-07T08:00:44Z,le match ou on a le plus de buts ??,0
2015-01-28T13:50:06Z,"#Ligue2 - Classement des buteurs - Pour la première fois depuis 25 ans, le Nîmes Olympique a inscrit cinq buts à l’extérieur en Ligue 2. Sacrée performance pour la dernière attaque à l’extérieur avant la 21e journée ! http://minilien.fr/a0nui5",5
2015-01-28T12:08:21Z,ROBAIL TRAÎTRE,0
2015-01-28T12:07:25Z,"Allez Dijon on s'en fout on est 2ème, nimes pfff, ils sont bien en dessous ",0
2015-01-25T17:04:58Z,Bien joué Nimes !!! Forza N.O ,1
2015-01-25T13:19:13Z,Un gros GG à Nîmes pour ce superbe match :o,4
2015-01-25T07:08:22Z,Allez Nîmes <3,4
2015-01-25T01:47:03Z,"Mouahaha :P 
La Bourgogne est bleue et blanche ♥",0
2015-03-24T17:27:20Z,j vous adore le DFCO  surtout toi Bamba,1
2015-03-22T08:51:37Z,allez dijon,2
2015-03-06T18:39:10Z,Allez Créteil,0
2015-03-01T13:52:33Z,"L'arbitre siffle un pénalty inventé qui mets le morale de Créteil à 0 qui nont pas pu marquer et qui prennent un deuxieme but a cause de leur morale
Bravo les arbitres qui servent a rien
(je comprends pourquoi il n'y a pas d'arbitre Français en coupe du monde ...)",0
2015-03-01T10:53:11Z,ALLER DIJON,0
2014-10-21T08:21:18Z,Dijon FCO  on vise la ligue 1,0
2015-05-10T00:58:53Z,Bye bye ligue 1 ,1
