publish_date,title,view_count
2015-07-25T07:22:52Z,Résumé de Dijon-UNFP FC du 24 Juillet 2015,1009
2015-03-14T23:00:00Z,Clermont Foot - Dijon FCO (2-5)  - Résumé - (CF63 - DFCO) / 2014-15,11692
2014-10-21T10:00:06Z,Valenciennes FC - Dijon FCO (0-3)  - Résumé - (VAFC - DFCO) / 2014-15,7538
2015-04-25T22:00:00Z,US Orléans - Dijon FCO (0-1)  - Résumé - (USO - DFCO) / 2014-15,4684
2015-02-07T23:00:01Z,Dijon FCO - FC Sochaux-Montbéliard (1-0)  - Résumé - (DFCO - FCSM) / 2014-15,5802
2015-05-23T22:00:00Z,Dijon FCO - AS Nancy-Lorraine (3-1)  - Résumé - (DFCO - ASNL) / 2014-15,7901
2015-01-24T23:00:04Z,Dijon FCO - Nîmes Olympique (4-5)  - Résumé - (DFCO - NIMES) / 2014-15,17451
2015-03-21T22:59:59Z,Dijon FCO - Valenciennes FC (1-1)  - Résumé - (DFCO - VAFC) / 2014-15,4329
2015-02-21T23:00:02Z,Dijon FCO - GFC Ajaccio (1-1)  - Résumé - (DFCO - GFCA) / 2014-15,2228
2015-02-28T22:59:59Z,US Créteil-Lusitanos - Dijon FCO (0-2)  - Résumé - (USCL - DFCO) / 2014-15,3481
2014-10-20T21:24:07Z,Conférence de presse Valenciennes FC - Dijon FCO (0-3) - 2014/2015,715
2015-05-09T21:59:59Z,Dijon FCO - Châteauroux (0-1)  - Résumé - (DFCO - LBC) / 2014-15,3745
2015-02-22T23:39:35Z,Resumen de CD Numancia (1-1) Albacete Balompié,2879
2015-05-23T17:08:14Z,Conférence de presse Dijon FCO - AS Nancy-Lorraine (3-1) - 2014/2015,409
2015-01-24T19:37:27Z,Birmingham City V West Bromwich Albion - Oh Nikola Zigic,111
2015-07-26T17:28:16Z,"Interview d&#39;Arnaud Souquet, présent au stage UNFP 2014",1455
2015-03-21T17:55:23Z,Conférence de presse Dijon FCO - Valenciennes FC (1-1) - 2014/2015,594
2014-12-02T09:04:26Z,Adryan Tavares Great Roulette Turn,446
2015-02-16T16:13:38Z,Albacete 3 - Numancia 1. Temp. 02/03. Jor. 24,1770
