publish_date,title,view_count
2014-10-05T19:15:00Z,ANDERLECHT-GENK PENALTY MISSED KABASELE,3201
2015-06-14T21:02:12Z,"Como in serie B! Finale Bassano-Como: gli spogliatoi, il bomber Ganz",526
2015-07-08T09:56:04Z,GREAT GOAL | Jacques Maghoma&#39;s overhead kick,5396
2015-05-09T13:49:40Z,Sevilla 1-2 Betis 2009,1834
2015-05-09T15:27:46Z,Gol de Nosa al Sevilla 3-3,192
2014-12-22T10:46:37Z,"Simone Andrea Ganz: &quot;Grande partita, abbiamo dato tutto&quot;",262
2014-11-02T21:39:46Z,Simone Andrea Ganz: &quot;Siamo contentissimi!&quot;,408
2014-09-11T10:23:48Z,"Simone Ganz || Skills, goals and assists [HD]",5930
2015-05-10T09:47:28Z,El Betis calienta en el Iberostar Estadi antes de enfrentarse al Mallorca,240
2015-05-09T14:48:45Z,Sevilla 1  Betis 2  2012,116
2015-05-10T13:42:40Z,Resumen del Mallorca-Betis (1-2),978
2014-10-05T19:08:37Z,Simone Andrea Ganz: &quot;Era importante vincere e sono contento per il mio primo gol&quot;,385
2015-07-27T09:31:18Z,El Betis pone rumbo a su pretemporada en Alemania,222
