published-time,comment,likes
2014-09-01T05:27:49Z,What a game for Alphonse! Can't wait to see him back at PSG!,1
2014-09-26T01:54:39Z,Great to see Areola doing good. Hopefully him and Ongenda can get better at Bastia.,1
2014-08-26T22:14:01Z,What a game for Areola! Can't wait to see him with PSG!,2
2014-10-15T08:30:53Z,Why did Brandao do that?,0
2014-08-26T02:45:32Z,que Golaço do Lucas..como um cara desses não é convocado e Hulk éé?? me expliquem isso,0
2014-08-19T09:59:48Z,Plz was luiz playin,0
2014-08-18T15:23:36Z,"Abre o olho Dunga, abre o olho.....",0
2014-08-18T05:18:24Z,Rico gol de CAVANI!,6
2014-10-06T10:32:08Z,Un bastiais peut me dire pourquoi Cissé ne joue plus ? Blessé ? Suspendu ? Choix de l'entraîneur ?,3
2014-10-06T06:23:35Z,merci mec il manque plus que il marque plus de but et il sera au top,1
2014-10-05T21:10:59Z,"Jordan Ayew a vraiment eu raison de partir de l'OM, il apporte beaucoup a Lorient je trouve :D #SuppMarseillais",5
2014-10-05T20:57:55Z,First ;),1
2014-09-20T13:45:25Z,allez   lens ,0
2014-09-16T09:08:15Z,Beau but de Chavérria... lol,0
2014-09-15T12:40:55Z,"Liberté pour les autres Ultra
Forza Bastia. Tribuna Petrignani. Uniti vinceremu. B1905",2
2014-09-15T11:08:21Z,Allez le LOSC,0
2014-09-27T13:18:00Z,Vive nantes,0
2014-09-26T10:58:56Z,On a une malédiction avec les penos :'(,0
2014-09-26T08:03:54Z,Pelouse indigne. Comment peut-on adnettre cela ?,1
2014-09-26T06:28:40Z,"Le FC NANTES et les Penalties, une histoire d'amour ^^",4
2014-09-26T05:39:39Z,Bien joue le gardien! superbe arrêt,0
2014-08-25T10:37:08Z,"Ca ressemble beaucoup à Caen-Lille, avec un faux penalty et je trouve même ça encore plus injuste car à Caen on peut comprendre, l'arbitre et loin, ça va vite, c'est un tacle par derrière et Origi tombe, mais là, l'arbitre est pas si loin que ça et il peut voir que le mec met la main dans le dos, c'est la pire ""main"" que j'ai jamais vu x)",1
2014-08-24T22:59:04Z,"TFC boff...
Je préfère le KFC, après chacun c'est goût.",4
2014-08-24T22:59:02Z,First,0
2014-09-06T00:56:50Z,résumé de merde au vu du résumé on pourrais croire que bastia a dominé alors que pas du tout et se commentateur il soul viré le,2
2014-09-02T10:39:30Z,"Bordeaux a eu la possession de balle mais Bastia a été plus malin et n'en déplaise à tous ces râleurs, Bastia aurait bien dû gagner 2.0 (car Bordeaux n'aurait surement pas marqué son but à 10 contre 11). Bordeaux ne doit ses points qu'aux arbitres alors soyez heureux au lieu de râler car c'est bien le 0-2 qui vous pendait au nez !",0
2014-09-01T12:23:12Z,Ooo sérieux le mec qui l'a arrêté de la main ?! Apres le match faudrait un jugement par la ligue sérieux !! Déjà face à Nice la semaine dernière les bordelais sont sans gêne...,0
2014-09-01T11:43:37Z,Ces quoi ces maillots qu'ils portent les bastiais ?,0
2014-09-01T11:26:10Z,"Omg le résumé de merde, le genre de truc qui m'énérve. Ca donne l'impression que Bastia a eu des occasions, alors que leurs seuls moments de possession de balle c'est quand Areola dégageait en 6M.... Où est la frappe énorme de Khazri qui passe à 1cm du poteau ? Au lieu de montrer la vieille merde de floyd ayité... La frappe de Belay à la fin aussi ? Les viols de Mariano ? Ou même la belle frappe de Sala, malheureusement hors jeu.
Résumé ridicule, ça coute quoi de mettre tout ? Y'a une limitation au niveau du temps ?",7
2014-09-01T11:19:45Z,"Les bastiais se sont fait voler le match ? Et nous on s'est pas fait voler notre argent ? Voir des mecs à 11 derrière face à une équipe B de bordeaux... on aura tout vu, les dieux du foot ont récompensé la seule équipe vivante sur le terrain. J'ai envie de dire bien fait.",1
2014-09-01T10:44:39Z,"Je pense qu'on ( Bordeaux ) méritait mieux, mais bon .... Juste à voir les stats on a surdominé le match pendant 90min !
Alors certe il y a une main de Pallois dans la surface en position de dernier défenseur, mais en première mi-temps il y a un pénalty non-sifflet pour Rolan. 
Après Bastia a très bien  défendu, et ont été dangereux à toutes leurs offensives.",0
2014-09-01T10:24:10Z,"bordeaux de mes 2 oui , vos deux derniers matchs vous les avez gagnés en trichant ..... tin bordeaux/nice et là ",3
2014-09-01T10:01:58Z,Je suis pas pour bastia mais les bordelais arreter de jouer a 12 contre 11 a vos matchs vous meritez mieux,2
2014-09-01T09:41:45Z,C'est moche pour Bastia... Bordeaux avec ce niveau de jeux ne sera pas leader longtemps...,0
2014-09-01T08:46:48Z,Je pense (personnellement) que Bastia mérite de gagner,8
2014-09-01T08:30:02Z,"c'est incroyable, ce bon vieux Jocelyn Veluire a qui on laisse la charge de commenter les résumés de ligue 1 n'a pas du voir une seul seconde de ce match... Bordeaux a outrageusement dominé toute la rencontre, et ce petit point est bien décevant à l'égard de notre prestation même si on ne peut qu'être satisfait de la 1ère place avant la trêve! Quant à la main de Pallois, je vous invite a écouter la réponse de Willy Sagnol en conférence de presse, invitant les journalistes a passer au dessus de ce fait de jeu alors que son équipe a été la seule a jouer au football!",4
2014-09-01T08:27:36Z,"Lol la dernière phrase c ""les hommes de Sagnol peuvent prendre ce point avec bcp de philosophie ...mdr et après tu vois les stats...",8
2014-09-01T08:24:57Z,Bordeaux tj leader :) on peut faire comme Montpellier en 2012 on c jamais mask on mériter de gagner et bande de con la LFP vous avez pas montrer toutes les grosse occassions bordelaise ....,0
2014-09-01T08:10:31Z,Arbitre amateur sérieux ! ,0
2014-09-01T01:23:48Z,"Et la volée de Sala ? :/ Y'avait faute ok, mais bon joli enchainement quand même ...",1
2014-08-31T23:03:05Z,Ont c'est fait volé le match vraiment c'est n'importe quoi cette arbitrage ! ,4
2014-08-31T22:18:10Z,Je trouve que les supporter de bordeaux ne sont pas sont pas fervent le stade n'est méme pas plein alors que bordeaux fait une bon début de championnat,2
2014-08-31T22:14:44Z,Bastia goal in offside ;),1
2014-08-31T22:07:06Z,On se demande vraiment si le type qui a écrit le texte a regardé le match...,2
2014-09-29T18:47:54Z,franchement Avec Lille il n'a pas de quoi s'affoler ils finissent toujours sur le podium mais en fesait que des 1-0 :(,0
2014-09-29T06:29:07Z,1m93 areola 0.o je savais pas ,1
2014-09-29T05:48:25Z,Mdr la meilleur défense c'est enyeama pas les défenseurs sans lui il serait même pas en ligue Europe,0
2014-09-29T03:20:25Z,Makelele t'es mal barré lol,1
2014-09-28T22:24:27Z,LIGUE 1,0
2014-09-02T17:46:28Z,"Regardez le jeu de jambe de Lucas sur le premier but. C'est assez impressionant mine de rien, tout est parfait",0
2014-08-24T16:30:29Z,il a craque le Brandao la pression que lui a mis le public parisien en le sifflant des qu'il avait le ballon lol il en pouvait plus c pas un joueur de foot je le mets dans la meme categorie que PEPE!!  a par ca  superbe match meme si on attends plus de cavani! ICI c'est PARIS!!!!!,0
2014-08-24T06:35:18Z,"A quand un vrai service de match à la demande sans avoir à passer par des chaînes de télévisions de m**** ?
Il serait peut-être temps de vous moderniser un peu à la ligue de football professionnel... Vous êtes comme l'industrie du disque, de vrais dinosaures...",2
2014-08-21T21:29:05Z,OUT  OF  SPORT  WITH  BRANDAO,0
2014-08-20T00:48:10Z,"pensser au ultra du psg , je veu pa dire mai la semaine dernière les ultra de bastia agresse la police fon plusieur blaisser aucune sanction , mai les ultra du psg une ereur et il son bani a vie , expliquer moi",0
2014-08-18T09:27:53Z,pourquoi il ne parle pas de l'accrochage entre brandao et motta,0
2014-08-18T08:53:40Z,motta et brandao?,1
2014-08-18T08:34:11Z,brandao de merde,8
2014-08-18T05:04:56Z,75 ICI C'EST paris...........,0
2014-08-18T03:37:42Z,Pas des mots du Thiago Motta??? #FIFAstinks ,0
2014-08-18T00:12:55Z,ca fait le grand mais sa se blesse en faisant une feinte x),0
2014-08-17T23:47:20Z,Il y avait largement penalty à la fin pour Bastia,3
2014-08-17T23:26:14Z,Même si je suis pas pour Paris j'espère qu'il va être privé de terrain aussi longtemps ( voir plus ) que Luis Suarez.,0
2014-08-17T22:54:10Z,Forza PSG,1
2014-08-17T22:46:38Z,On est trop fort,3
2014-08-17T22:44:58Z,Tout le monde s'en fout mais j'y étais :D,9
2014-08-17T22:35:40Z,paris et magique!!,3
2014-08-17T22:30:09Z,Vive psg ,3
