publish_date,title,view_count
2015-05-02T16:55:23Z,Buts de El Hadji Diouf et de Abdoulaye Diagne Faye | 01/05/2015,13273
2014-08-31T22:00:05Z,Girondins de Bordeaux - SC Bastia (1-1) - Highlights - (GdB - SCB) / 2014-15,2744
2014-09-25T22:00:04Z,SC Bastia - FC Nantes (0-0) - Highlights - (SCB - FCN) / 2014-15,1169
2015-04-07T20:58:00Z,Amadou Ba vs PSG (highlights),1493
2014-09-28T22:00:03Z,LOSC Lille - SC Bastia (1-0) - Highlights - (LOSC - SCB) / 2014-15,6664
2014-09-14T22:00:02Z,SC Bastia - RC Lens (1-1) - Highlights - (SCB - RCL) / 2014-15,1628
2014-10-05T20:59:57Z,SC Bastia - FC Lorient (0-2) - Highlights - (SCB - FCL) / 2014-15,2116
2014-08-24T22:06:01Z,SC Bastia - Toulouse FC (1-0) - Highlights - (SCB - TFC) / 2014-15,2296
2014-08-17T22:00:02Z,Paris Saint-Germain - SC Bastia (2-0) - Highlights - (PSG - SCB) / 2014-15,42831
2015-04-23T04:58:18Z,Pepe 22 crazy moments &amp; Tackles fight funny Compilation Animal Rguilan,1375
2015-04-23T04:58:18Z,VINNIE JONES   The crazy gipsy Rguilan,15297
2015-04-21T00:06:45Z,Alen Halilović Vs OGC Nice Pre Season HD 720p 02 08 2014,296
2015-04-23T04:58:17Z,LORD BENDTNER   FUNNY MOMENTS Rguilan,21505
2015-05-20T05:34:52Z,Best Managers ● Skill ● Juggling ● Freestyle    HD,306
2014-10-05T20:41:48Z,SC Bastia - FC Lorient (0-2)  - Résumé - (SCB - FCL) / 2014-15,12204
2014-09-14T22:00:04Z,SC Bastia - RC Lens (1-1)  - Résumé - (SCB - RCL) / 2014-15,17123
2014-09-25T22:00:05Z,SC Bastia - FC Nantes (0-0)  - Résumé - (SCB - FCN) / 2014-15,13899
2015-04-23T04:58:17Z,Funny Commercial Messi vs Ronaldo advertisement Rguilan,77232
2014-08-24T22:00:35Z,SC Bastia - Toulouse FC (1-0)  - Résumé - (SCB - TFC) / 2014-15,13805
2015-06-18T11:24:47Z,Top 10 Halfway line Goals,6318
2014-08-31T22:00:03Z,Girondins de Bordeaux - SC Bastia (1-1)  - Résumé - (GdB - SCB) / 2014-15,27802
2014-09-28T22:00:04Z,LOSC Lille - SC Bastia (1-0)  - Résumé - (LOSC - SCB) / 2014-15,15395
2014-08-17T22:00:04Z,Paris Saint-Germain - SC Bastia (2-0)  - Résumé - (PSG - SCB) / 2014-15,117631
2015-04-21T00:06:45Z,Alen Halilović Vs Napoli Pre Season HD 720p 07 08 2014,136
2015-04-21T00:06:44Z,A Tribute to Eusébio 1942 2014,198
2015-04-23T04:58:18Z,Mario Balotelli&#39;s jump gets trolled   West Ham United vs Liverpool 20 09 2014,284
2015-04-21T00:06:47Z,Ronaldinho Gaucho    The Most Skillful Player Ever    Part 2,233
2015-04-21T00:06:45Z,"Alen Halilović    Welcome to FC Barcelona B    Goals, Skills &amp; Passes   HD",370
2015-06-18T11:24:47Z,Cristiano Ronaldo  Manchester united VS Real madrid  Which The Best,629
2015-04-21T00:06:47Z,Ronaldinho Gaucho ● Humiliating Nutmeg Skills Show ●   HD,1466
2015-07-16T07:37:22Z,"Best Football Skills 2015 ft  C Ronaldo,Messi,Ronaldinho,Cazorla,Coutinho,,Pogba &amp; More 2015",559
2015-04-23T13:10:46Z,"Best Football Freestyle  ft  Neymar,C Ronaldo,Gotze,Hachim Mastour &amp; More 2015 Pt 7",440
2015-05-27T15:13:27Z,Lionel Messi vs Bayern Munich • 6 5 2015,1787
2015-07-16T07:37:22Z,Alexandre Lacazette   All 32 Goals   2014 15   HD,334
2015-04-21T00:06:46Z,"Hachim Mastour   Goals,Skills &amp; Passes   AC Milan HD",242
2015-04-21T00:06:47Z,Marco Verratti ● Ultimate Skills 2013 2014 ● HD,604
2015-04-23T04:58:18Z,The greatest goal never scored       Rguilan,260
2015-04-23T04:58:18Z,TOP TEN BIGGEST STADIUMS IN THE WORLD,785
2015-04-21T00:06:44Z,A Tribute to Alfredo Di Stefano   Legends Never Die   1926 2014,2186
2015-04-21T00:06:46Z,Cesc Fàbregas ● Welcome To Chelsea ● Best Passes 2012 2014 HD,114
2015-04-23T04:58:18Z,VINNIE JONES   le Gitan Barré Rguilanfr,208
2015-04-23T04:58:17Z,Les phrases cultes de la légende George Best Rguilanfr,947
2015-05-20T05:34:52Z,Cong Phuong U19 Viet Nam   CP10,152
2015-04-21T00:06:45Z,"Bryan Cristante   Goals,Skills,Assists   AC Milan   HD",430
2015-04-23T04:58:18Z,Pepe le boucher Portugais 22 Bons moments de folie Rguilanfr,266
2015-04-23T04:58:17Z,La banane   soutien viral à Dani Alves,1437
2015-04-21T00:06:47Z,Zlatan Ibrahimović   Funny moments    Best Interviews,103
2015-07-07T01:17:41Z,DIARRASSOUBA TOUMANI,74
2015-04-21T00:06:45Z,"Best Football Freestyle  ft  Messi,C Ronaldo,Ronaldinho,Neymar, James Rodriguez,Bale &amp; More Pt 2",560
2015-06-18T11:24:47Z,Leo Messi ● All Goals 2014 2015 ● With Commentaries    HD,117
