published-time,comment,likes
2014-08-25T13:57:20Z,La feinte de frappe de l'année.,1
2014-08-21T13:23:12Z,Feinte de frappe façon Veretout. ;),2
2014-08-19T08:35:39Z,All planed ! :D #TeamFCN,2
2014-08-17T23:39:03Z,Beau geste technique ,1
2014-08-17T22:51:38Z,But gag ? ok...,4
2014-12-15T11:36:07Z,"Comment Bedoya  a fumé les bordelais sur le coup :D elle est superbe cette passe, c'est techniquement parfait. ",1
2014-09-28T23:16:47Z,OMG le raid d'Nkoudou :O je suis impressionné :O,6
2015-07-11T11:54:08Z,is he that shit? he is coming to sporting so he better be good.,0
2015-07-01T06:05:45Z,"S'il ni aurait pas marseille dans la ligue 1 quesque ça serait la ligue 1^^
",0
2014-10-28T15:28:47Z,NISSA,1
2014-10-27T21:09:07Z,Quel est le nom de la music?,1
2014-10-27T16:44:11Z,#Ligue1 - Revivez tous les buts de la 11e journée en vidéo sur la chaîne officielle Youtube !,10
2014-10-27T13:46:49Z,"Issa nissa 2-7 a Guingamp !!
",4
2014-10-27T12:15:32Z,Allez Nantes !!!,1
2014-10-27T10:45:49Z,ISSA NISSA ,5
2014-10-27T00:55:22Z,La ligue 1 se réveille niveau gestes techniques.. Enfin !,1
2014-12-15T16:23:10Z,#Ligue1 - J18 - Revivez tous les buts de la 18e journée de Ligue 1 en vidéo sur la chaîne officielle YouTube !,13
2014-12-15T11:27:06Z,Tous les buts sont super beaux,0
2014-12-15T07:00:06Z,First!!!!,0
2015-05-15T04:50:19Z,Venez voir notre chaine,0
2015-05-14T17:31:27Z,Première fois depuis 2 mois (OM-OL) que Lyon n'a pas mis de buts :-/,0
2015-05-11T22:56:45Z,"Une journée comme on les aime, avec plein de buts et des retournements de situations",0
2015-05-11T18:55:03Z,Le 2e but de benezet magnifique et le 3eme but de caen limite l'impression d'un match de fifa ^^,0
2014-12-09T00:36:48Z,Paris saint germain... the excellent ,1
2015-07-29T20:32:04Z,Video za wanyama,0
2015-07-28T02:21:23Z,Just look at that old AC Milan lineup compared to now...,0
2015-07-27T23:22:27Z,"When Gattuso see a fight, he's so fast :D 4:06",1804
2015-07-27T14:19:51Z,"Even though I am a Juventus fan, I love this guy (no gay)",17
2015-07-25T15:57:14Z,L'intelligenza non è il suo forte anzi... poi non era neanche un granché come giocatore..😂 Che stupido,1
2015-07-20T19:29:27Z,Gennaro Gattuso always starts a problem in every match.,3
2015-07-20T18:07:13Z,pussy games for Sissi boyszzz,0
2015-07-18T18:01:55Z,rudeman,0
2015-07-18T12:01:18Z,"Gattuso = Emre
both are small agressive and ruthless.",0
2015-07-17T20:05:40Z,Une merde ce joueur ,0
2015-07-09T12:05:25Z,4:05 Gattuso: who was it Kaka? Kaka: over there. Gattuso: ok I fix.,316
2015-07-06T19:54:14Z,Cardio Emre Belözoğlu,0
2015-07-04T17:26:09Z,"What a thug! Players like him are no more in today's world. Today's football has just a bunch of sissies... the lot of them falling at every touch, crying over being kicked and sh*t like that.

Man, I miss these kinda guys.",0
2015-07-03T21:54:05Z,The Eddie Guerrero of football...only Gattuso is italian xD,2
2015-07-03T18:58:16Z,وحشش ي جاتوزو اجلدد,0
2015-07-03T03:18:54Z,Emrenin İtalyan versiyonu,0
2015-07-01T18:43:03Z,ese genaro es un berracon,0
2015-07-01T00:13:58Z,He is the joe pesci of football!,80
2015-06-24T16:44:23Z,Ele era foda! kkk muito louco! kkkkkkkkkk,1
2015-06-20T20:17:52Z,"Gattuso sarà sempre nel cuore dei tifosi milanisti ahahahahahahhaah
Quello si che era un milan forte altro che quello di adesso ahahahah",0
2015-06-19T09:11:53Z,1:31 is that Ibra? Gattuso must be happy to be alive!,0
2015-06-18T17:28:20Z,Una vergogna Nazionale.,0
2015-06-17T00:27:47Z,Fans like fight scene,0
2015-06-12T16:58:48Z,1:46 alguien que le hizo la pelea,0
2015-06-12T04:56:09Z,"Calabresi are usually kept under
But they couldn't keep under 
 this one",0
2015-06-11T18:59:27Z,gattuso war,1
2015-06-11T15:31:18Z,Illl,0
2015-06-09T03:36:52Z,EL DARTAÑAN GATTUSO,0
2015-06-06T14:50:46Z,he is only good at gesticulating,0
2015-06-04T19:52:33Z,This guy is crazy,39
2015-06-04T15:22:28Z,At least Gattuso loved the game,0
2015-06-04T14:40:15Z,3:25 melo siker akıllı ol gattuzooo,0
2015-06-04T12:56:52Z,football needs more players like gattuso and di livio real bulldog players and heart of there teams,0
2015-06-04T10:37:11Z,"What a twat! He has the best job ing the world, very well paid and his attitude is like a spoiled brat. I hope somebody slaps his wife and kids one day.",0
2015-06-03T21:41:12Z,Balotelli vs Gatusso?,0
2015-06-03T18:52:44Z,I hate this guy,0
2015-05-29T12:17:07Z,grinta infinita,0
2015-05-29T08:14:05Z,"Man, i miss that bastard! ",120
2015-05-27T17:49:14Z,Gattuso epico!,8
2015-05-20T15:20:24Z,even Zlatan is scared of Gattuso,1116
2015-05-19T09:18:30Z,I'm not gay but I love this wonderful man,267
2015-05-18T16:39:54Z,Gattuzo is the real Mafioso!,9
2015-05-18T13:31:46Z,Joe Jordan would boot his baws,0
2015-05-17T08:20:17Z,Gattuso the warrior ,0
2015-05-16T05:58:34Z,"omg that milan with gatusso, kaka, dida, pirlo, inzaghi, good times",5
2015-05-15T18:18:27Z,Fearless legend ,0
2015-05-12T08:57:16Z,屠夫加图索,0
2015-05-07T05:00:44Z,this man is tam bir piskopat amk,0
2015-05-05T15:03:40Z,Rino Gattuso! Like him or hate him. I LOVED HIM!!!,11
2015-05-04T23:37:17Z,1:52 Vargas could have killed him,1
2015-05-04T12:39:49Z,Felipe Melo would kick the shit out of him,9
2015-04-30T02:31:22Z,Gattuso is awesome!,0
2015-04-29T15:34:20Z,He thinks he's tough lol,37
2015-04-13T21:58:38Z,,0
2015-04-13T21:58:22Z,Gattuso un grande ! Un guerriero come pochi l'adrenalina di un milan che fu! la LEGGENDA! spero un gg di rivederlo nel milan....,0
2015-04-09T04:42:12Z,someone make thug life vines for him,0
2015-04-06T14:16:59Z,Ibra is fucking crying bitch.,0
2015-03-31T20:41:22Z,"He is a crazy motherfucker. Also he was very good he was never my favourite. Too rash, abrupt and fucking savage.",0
2015-03-21T19:09:42Z,What a thug.,0
2015-03-20T11:43:56Z,"good thing he retired cuz he was a piece of trash, 0 sportsmanship",0
2015-03-15T02:40:27Z,He only fight for his club,0
2015-03-07T23:43:43Z,he is so crazy... ;p,0
2015-03-07T16:10:38Z,his was an era when serie a is a league with many good players! ,3
2015-05-14T03:56:53Z,Amazing ,0
2014-11-09T15:02:54Z,ya gignac,1
2014-10-30T23:20:06Z,GOURCUFF IS BACK !!!  #TeamOL  ,1
2014-10-29T08:47:58Z,#Ligue1 - Revivez les plus beaux buts de la 11ème journée de Ligue 1 en vidéo sur notre chaîne Youtube ! Lequel préférez-vous ?,20
2014-10-28T17:50:58Z,moukandjo pour son controle de grande classe et la frappe enroulée en finesse,0
2014-10-28T14:02:30Z,"2:14  =  "" allez Guingamp, les supporters sont la !! ""  Bah apparemment l'équipe nan...",1
2014-10-27T19:08:27Z,Et le but de lavezy (supp stéphanois ),0
2014-10-27T18:00:26Z,Le 3ème est nul c'est juste une tête plongeante a bout portant dans les 6 mètres et en plus il est libre de tout marquage...,0
2014-10-27T13:02:12Z,Et le but magnifique de lavezi on l oublie,0
2014-10-27T12:38:08Z,"Gradel !!!!!!!!!! Asse for life 
Vert un jour vert toujours",3
2014-10-27T11:00:22Z,Le meilleur pour la fin <3 Carlos Edouardoooooooo,0
2014-10-27T10:53:02Z,grand respect aux supporters guingampais qui ont continué a chanter . Un niçois ,1
2014-10-27T10:51:01Z,Moukandjo :o j'adore cet enchaînement dans un si petit espace et la balle si bien placée !,5
2014-10-27T10:17:53Z,Gourcuff est présent les gars !,0
2014-10-27T08:18:42Z,C.EDUARDO !! ❤️⚫️❤️⚫️❤️,1
2014-10-27T08:09:21Z,"Maboulou <3 . Forza Bastia. Tribuna Pétrignani. B1905
#SCB",3
2014-10-27T07:44:46Z,Carlos❤️❤️⚫️⚫️,0
2014-10-27T03:45:27Z,Je trouve que Gerland sonne bien pour un stade à coins ouverts ! j'imagine même aps dans le futur stade avec des matchs européens ,0
2014-10-27T02:11:16Z,Moukandjou !!! :),1
2014-10-27T00:46:44Z,Gradel karatéka professionnel !!! ^^,0
2014-10-27T00:22:44Z,GRAAAAAAAAAAAAAAAADEL <33,4
2014-10-27T00:09:17Z,"Avis de recherche : Yoann Gourcuff, coupable de viol sur 4 chèvres tendres et innocentes... Preuves à l'appui, leurs reins sont actuellement cassés. ",27
2014-11-08T16:02:56Z,💩,0
2014-10-29T10:09:21Z,La passe de bautheac au dessus di gardien elle est magique ,1
2014-10-27T17:29:07Z,AMO-TE BENFICA,1
2014-10-27T16:21:51Z,#Ligue1 - Classement des buteurs - Carlos Eduardo (OGC Nice) pointe au 3e rang du classement officiel des buteurs de Ligue 1 après son quintuplé réussi à l’EA Guingamp lors de la 11e journée ! http://urlz.fr/Qw8,9
2014-10-27T13:51:40Z,il est trop fort pour nice vous allez le reverrez plus apres cette saison,0
2014-10-27T13:38:37Z,PORTOOOOOOOOOOOOOOOOOOOOOOOOOOOOOOOO,2
2014-10-27T11:33:28Z,"bon bah nice n'à plus qu'a passer à la caisse, si il le veulent après le prêt, ils vont  claquer un gros bifton, sa sent le PSG tout sa.",0
2014-10-27T09:07:12Z,Franchement il m'a mît le kiki tout dur avec ce match ,3
2014-10-27T09:03:27Z,comment ils doivent être dégoutter les Guingampais!!   ,0
2014-10-27T08:47:57Z,J'en reviens toujours pas. 5 buts quoi !!!,1
2014-10-27T01:38:37Z,"Superbe ! Par contre, quelqu'un pourrait m'expliquer qu'est ce qu'il fout avec le numéro 3 sur le dos ? xD",6
2014-10-27T00:08:54Z,Un grand bravo même si c'était l'opération portes ouvertes aujourd'hui au stade Roudourou ,0
2014-10-27T00:05:44Z,Tens de voltar rapaz!!! <3 ALLEZ PORTO!! <3,2
2014-10-27T00:03:18Z,FCPORTO!! Vamos Carlos Eduardo !!,2
2014-10-27T00:02:45Z,PENTAKILL,2
2014-10-26T23:52:49Z,Gg,0
2014-10-26T23:49:58Z,Joueur du F.C.PORTO ;),6
2014-10-26T23:44:07Z,"Issa Nissa , incroyable ce joueur mettre 5 buts a l'exterieur c'est pas rien , faut que le capo nous invente un chant pour ce joueur :3",5
2014-10-26T23:36:42Z,bresilienne*,0
2014-10-26T23:36:29Z,Petite pépite vresilienne,0
2014-10-26T23:30:34Z,oui,0
2014-10-26T23:22:32Z,Incroyable !! Je ne connaissais pas ce joueur mais respect !,2
2014-10-26T23:19:07Z,"En 1 match il passe sur le podium des meilleures buteurs, devant Zlatan, Ben yedder, LUCAS! respect",7
2015-05-14T17:34:46Z,"Perso, j'aurai mis Cavani à la place de Erding, je sais pas ce qu'il fout là.",0
2015-05-13T13:34:51Z,"Le coup franc d'Evian ressemble à celui de Juninho contre Barcelone :)
#TeamOL",1
2015-05-11T20:14:48Z,"Ben Yedder, superbe reprise et difficile car le ballon rebondit. Benezet, logique, belle action et beaucoup de détermination, mérité.",0
2015-05-11T19:09:56Z,Salut les mecs je commence une nouvelle série qui arrive le 14 mai passez voir mes premières vidéos et donnez moi vos avis merci ! :),0
2015-05-11T18:59:45Z,le but de benezet en lui est pas extraordinaire mais l'action est parfaite ;),0
2015-05-11T17:57:49Z,Le but de clément aurait y etre mais celui de ibra n est pas extraordinaire ,0
2015-05-11T17:31:43Z,Benezet ! J'adore son but :D,0
2015-05-11T16:43:40Z,"Erding et Ben yedder ! Ces deux buts sont magnifiques, avis aux amateurs de football,  sinon le but de Zlatan n a rien a faire là. Il ne mérite peut-être pas d être dans le classement mais le but du drbleur argentin O.Trejo ( TFC ) est tout de même plus jolie et plus dur à mettre",2
2015-05-11T09:58:01Z,"Celui de Ben Yedder est magnifique ! Pour Sunu il a avoué à la mi-temps qu'il ne voulait pas frapper direct mais centrer, grosse erreur d'Agassa de plus ^^",1
2015-05-11T09:54:06Z,"Clément ? 
Lol concours de circonstances c'est pourtant lui le plus beau !",0
2015-05-11T08:27:12Z,"Le coup-franc d'Evian est tout simplement énorme !
 #suppOL",5
2015-05-11T08:06:36Z,J'avoue il manque clément mais bon pas grave,0
2015-05-10T23:49:58Z,Et Clément ?? ,0
2015-05-10T22:55:52Z,"J'aurais bien vu celui de Clément, il marque pas souvent après tout :D",2
2015-05-10T22:44:48Z,Zlatan n'a rien à faire ici. Ceux de Cavani sont mieux,1
2015-05-10T22:29:25Z,first,0
2014-12-19T20:15:40Z,Wass<3<3<3<3<3<3<3<3<3<3<3<3<3<3,0
2014-12-19T19:43:21Z,"Magnifique buts
surtout de ETG
Avec Clark N'sikulu
et DANIEL WASS<3<3<3<3<3<3<3",0
2014-12-07T10:30:13Z,Nul wass,0
2014-12-06T18:50:03Z,"Daniel Wass est vraiment incroyable !
Le sauveur de l'ETG .
La saison prochaine soit Évian le garde ‚ soit il part dans un grand club.
ALV ! ",0
2014-12-06T12:44:59Z,Carrasco quelle merveille !,0
2014-12-06T10:57:30Z,il manque 1 but en reprise de volé de guingamp,0
2014-12-06T08:24:22Z,Wass encore une fois superbe !!!! ETG !!!! ,0
2014-12-05T21:24:18Z,Pas mal !! ,0
2014-12-05T17:51:07Z,Wass !!!,0
2014-12-05T16:00:50Z,beaux buts pour une fois :o,0
2014-12-05T10:46:02Z,une merveille,0
2014-09-06T13:40:24Z,Ouille ouille dis donc je tombe tout seul je souffre !!,0
2014-12-11T18:23:42Z,gamelle +1 -1,0
2014-12-05T01:10:33Z,hey!,0
2014-10-27T00:20:30Z,such great goals,1
2015-07-04T00:43:02Z,"U will love Alhilal fans, and they will love u too 😍",7
2015-07-03T21:50:11Z,WELCOME TO AL HILAL FC !!,19
2015-03-15T12:59:57Z,Know him from FIFA08 where he was one of the genius (fast growing) Brazilian children along with Lulinha and Marcelo  Moreno. ,7
2014-10-28T13:58:33Z,"Continua assim que vens po Dragão em breve ;)  
Força ! #somosporto",1
2015-05-10T22:27:37Z, First,0
2015-05-10T22:25:23Z,FIRST!!!!!!!!,1
2015-06-04T20:00:53Z,,0
2015-06-04T20:00:41Z,Je suis en train de faire tourner la page d'accueil tu as besoin de vous y trouverez ,0
2014-12-05T11:02:05Z,"So many scandinavians! Wass, Braithwaite and Konradsen",1
2014-12-05T10:36:38Z,Lacazett?  ,0
2014-12-19T17:22:14Z,super le but de jeanot ,0
2014-12-19T07:49:06Z,Mendes est le plus beau sans hésiter (Supp Lyonnais),2
2014-12-17T08:31:28Z,"#Ligue1 - J18 - Revivez les plus beaux buts de la 18ème journée de Ligue 1 en vidéo grâce à notre chaîne YouTube ! Et vous, lequel préférez-vous ?",14
2014-12-16T17:56:13Z,"L'éclair de génie de Mendes, il faut que les attaquants Lillois reprennent confiance et Lille pourra se sortir de sa dernière place au classement des attaques de L1",0
2014-12-15T19:14:30Z,Le plus beau c'est celui de Jug ! ^^,0
2014-12-15T17:09:37Z,Celui de Lorient laisse a désirer pourtant il y a plein de but cette journee! Je préfère le premier,0
2014-12-15T13:58:32Z,Y'a quand même du haut niveau en ligue 1 !,0
2014-12-15T12:22:21Z,Boudebouz le plus beau !,2
2014-12-15T11:35:23Z,Jtrouve que celui de Mendes est le plus beau de la journée :),6
2014-12-15T07:39:46Z,"quitte a mettre Lens, celui d eValdivia etait mieux...",2
2014-12-15T01:22:02Z,"Pour une fois qu'il y a mon équipe dans ce classement LOL..
On va voter Mendes !! :)",6
2014-11-10T18:45:47Z,por que celebra el negrito si ni la tocó? será que con engaños es la única forma que marque. ,3
2014-12-05T17:48:05Z,pas mal les buts cette 16e journée,0
2014-12-05T15:31:15Z,"#Ligue1 - J16 - En attendant la 17e journée qui débute ce soir, revivez tous les buts de la 16e journée de Ligue 1 en vidéo sur la chaîne officielle YouTube !",16
2014-12-20T09:47:58Z,"Pas mal !!!!!!!!!!!!!!!!!!!!!!!!!!!!!!!!!!!!!!!!!!!!!!!!!!!!!!!!!!!!! Sauf certaines sont floues! !!!!!!!!!!!!!!
",0
2014-12-17T14:42:34Z,#Ligue1 - J18 - De beaux arrêts lors de la 18ème journée de Ligue 1 !,16
2014-12-16T17:59:59Z,MFA !!!!,0
2014-12-16T08:28:48Z,Haha le joueur de Bastia qui part célébrer tout seul quand Costil la met sur la barre :').,0
2014-12-15T22:09:16Z,"Sans un Vercoutre des grands soirs, on aurait pu en mettre 6 ou 7 !!",0
2014-12-15T21:48:25Z,Il manque celui de Mandanda sur la frappe de Martial,0
2014-12-15T21:45:31Z,"Grand match de Vercoutre pour son retour a Gerland, il était pas la Caen aurait pris plus ! Sinon Costil est en forme a ce que je vois !",1
2014-12-15T20:27:39Z,Sorbon se prend un vent a 2:06,0
2014-12-15T18:05:46Z,"PUTIN!!!



Ce qui on loupé Lyon",0
2014-12-15T12:37:12Z,Vercoutre is a beast!! Did Tony Lopes played? Odd to not see him here ,1
2014-12-15T09:24:48Z,MDR LE BASTIAIS QUI CROIT QU'IL A MARQUE ,7
2014-12-15T07:31:24Z,Costil vraiment en forme nationale!,4
2014-10-27T19:51:22Z,Georges Ntep looks like a quality winger at only 21 as well,0
2014-10-27T11:17:30Z,Great video again,0
2014-10-27T10:40:50Z,nice eduardo,2
2014-10-27T02:45:19Z,Man these should really get more views,3
2014-11-10T02:50:07Z,Gol de Vizca,0
2015-06-07T13:36:42Z,keepers in this video are only for amateur level.....,1
2015-05-30T21:54:50Z,манерой игры и внешне схож с Матье Вальбуена.,0
2015-05-06T16:18:10Z,AWESOME,0
2015-05-03T17:03:09Z,"#27 Corentin Jean
ESTAC Troyes, Ligue 2
Date of birth: Jul 15, 1995
Place of birth: Blois  France
Age: 19
Height: 1,70 m
Nationality: France
Position: Striker - Centre Forward
Foot: right",0
2015-05-03T17:01:07Z,,0
2015-06-26T18:24:19Z,La beaujoire est aussi belle que le couchée du soleil,18
2015-05-12T11:41:30Z,Je suis ultra,7
2015-05-07T16:29:57Z,C'est quoi le tifo ? ,3
2014-11-15T07:36:49Z,Allez l'OL,0
2014-11-12T16:12:41Z,Ben Yedder sans hésiter ! quel dribble sur le dernier défenseur !,0
2014-11-12T09:13:26Z,"#Ligue1 - J13 - Revivez les plus beaux buts de la 13ème journée de Ligue 1 en vidéo grâce à notre chaîne YouTube ! Et vous, lequel préférez-vous ?",24
2014-11-10T19:41:28Z,En quoi le but de Khazri est beau ?,1
2014-11-10T17:28:15Z,Duhamel sans hésiter,0
2014-11-10T17:26:52Z,"Qu'est-ce que le but de Khazri fait ici? Il est pas beau du tout, autant mettre la superbe séquence collective de Paris face à l'OM.",0
2014-11-10T14:46:33Z,Veretout !! #FCN ,0
2014-11-10T10:04:41Z,Magnifique but de Duhamel avec une belle faute sur Djilo... La frappe est belle mais pas l'action.,0
2014-11-10T06:28:03Z,VERETOUT. FCN<3,3
2014-11-10T02:06:20Z,Duhamel :),0
2014-11-10T01:28:04Z,FEKIR <3 Lyon <3,3
