published-time,comment,likes
2015-07-15T07:48:36Z,bonne chance frangin que DIEU t'accompagne tjrs...tu es parmi les meilleurs ambassadeurs du pays,0
2014-10-10T02:15:27Z,"Un capo Marcelo Bielsa , seguro aprenderan mucho los jugadores del marsella",0
2014-10-06T00:34:56Z,Marseille unstopable..remind me old marseile when Cana was captain,6
2015-07-05T23:53:40Z,"Vercoutre dans ce match... Juste monstrueux ! J'étais là en tant que supporter marseillais, j'étais écœuré par ses parades impériales ! Surtout que les conditions étaient pas au top, pluie etc... Il avait été élu gardien de l'équipe type cette semaine, juste mérité.",0
2015-03-03T18:21:19Z,PTDR et dire que les sardines pensaient etre champion de France XD y aura la meme désillusion pour les lyonnixs ,0
2014-10-18T07:15:42Z,L om va mettre la cata au psg,0
2014-10-18T07:15:07Z,Marseille vont mettre la misa ire,0
2014-10-17T22:53:30Z,"En plus de faire des résumés de merde vous savez pas commenter. 0:51 c'est certainement pas 2 points sur les 15 derniers matchs, mais sur les 15 derniers points possibles qui auraient pu être pris (c'est-à-dire 5 matchs).",0
2014-10-15T02:00:34Z,"No Gignac, BIELSAAAA !!!!!!!!!!!!",0
2014-10-14T18:02:59Z,Pauvres lyonnais connus pour leur jalousie maladive des gens du sud et de notre OM ,0
2014-10-09T23:20:19Z,Most exciting club in Europe at the moment. Love watching them. Bielsa <3,1
2014-10-08T13:54:51Z,viré Ayew ! il est fou lui vire toi de là toi,0
2014-10-07T19:37:45Z,Marseille en force,0
2014-10-07T15:30:52Z,"#Ligue1 - Classement des passeurs - Fort d’une 3e passe décisive en faveur d’André-Pierre Gignac, le latéral marseillais Benjamin Mendy grimpe sur le podium du classement officiel des passeurs de Ligue 1 après la 9e journée. 
http://bit.ly/10Fh5nF",13
2014-10-07T15:13:23Z,vercoutre! <3,0
2014-10-07T00:19:31Z,L OM fait mal !!!!!!! Merci bielsa c un régal de revoir marseille a un tel niveau,0
2014-10-06T20:35:07Z,"Et Continue Notre Chemin, Bravo a Caen tout de même pour sa belle prestation ! Forza OM.",2
2014-10-06T19:20:42Z,"L'attentat de morel, le hors-jeu inexistant. Merci l'arbite cela ne fait que un match de plus volée ",0
2014-10-06T16:19:04Z,Et l'attentat de Morel on en parle ou pas ?,0
2014-10-06T14:48:49Z,l'om nous fait rever mais bravo a caen qui s'est bien battu,0
2014-10-06T14:20:18Z,Cette saison c'est la notre ! Faites nous vibrer ! ALLEZ L'OM !,0
2014-10-06T07:55:14Z,cool allez l om a jamais les premiers,0
2014-10-06T06:54:31Z,Alessandrini est bien meilleur que Thauvin,0
2014-10-06T06:40:07Z,a la 90 eme j'ai crie comme un fou oh putin c'est bon sa merci gignac si y'a vercoutre ne fait pas des arrets de fou y'a au moins 3-0 pour l'om ;),1
2014-10-06T06:00:51Z,"Allez les gars, on lâche pas !! OM <3",0
2014-10-06T05:43:22Z,Gignacccccc!!!!!!!!!!,0
2014-10-05T19:51:01Z,Un match phénoménal qui a donner du plaisire avec une grande équipe de Caen et un grand Rémy vercoutre. Bravo à ces deux formation pour se match juste magnifique !,0
2014-10-05T19:46:18Z,"Un truc de fou ce match j'avais l'impression qu'on avait gagné la coupe du monde quand Gignac a marqué.
Lille et plein d'autre équipe de ligue 1 devraient s'inspirer de nous parce que ce qu'on fait la c'est du vrais Football avec un grand F",4
2014-10-05T19:35:58Z,"En ce moment c'est un plaisir de voir jouer L'OM .. ;)

Un supporter Lyonnais :)",16
2014-10-05T19:18:06Z,Marseille sont plus fort que la saison derniere ,5
2014-10-05T18:45:54Z,Bravo l'OM mais bon il y avait carton rouge pour morel sur sa grossière faute ,0
2014-10-05T18:24:33Z,le nul était mériter je suis dégouter et aller faire un tour sur ma chaine si vous voulez ^^,1
2014-10-05T18:07:10Z,"7 victoires consécutives !

Allez l'OM ",13
2014-10-05T17:43:21Z,Caen est l'équipe qui a le plus résister à Marseille pour moi mais bon victoire de l'OM logique. Caen accroché vous ca va payer beaucoup de mal chance depuis le debut de la saison,13
2014-10-05T17:34:32Z,"Caen est une super équipe, j'ai adoré ce match (surtout la dexième periode) car AUCUNE equipe ne dominait l'autre. Mais victoire logique pour l'OM FORZA OM",8
2014-10-05T17:18:19Z,Ce Gignac alors. Que lui pour la mettre au fond comme ca.,15
2014-10-05T17:14:37Z,Quel match avec du suspens et de l'intensité ! equipe de caen meriteuse mais Forza om !!! Par contre viré moi ce ayem il saoule a toujours vouloir marquer son but !!!!!!,1
2014-10-05T17:03:23Z,J'ai gagner 210€ grace a marseille.,20
2014-10-05T16:57:11Z,"Super match! Bravo à Caen super équipe qui mérite de rester en L1 à l'inverse de certaines qui joue à 11 dans les buts... Merci Bielsa de nous avoir rendu notre jeu. Je vibre de nouveau et ca fait du bien! Aller l'OM, à jamais les premiers!",10
2014-10-05T16:53:27Z,Bielsaaaaaa ! El locoooo ♥,12
2014-10-31T10:59:59Z,le pire c que même si l'om joue en exterieur on n'entend que allez l'om et merci au supporter de motiver les joueurs pendant les match et encore une fois allez l'om,2
2014-10-23T05:59:33Z,"Bielsa ""OK OK"" in his mind ""WTF HE SAID?"" hahaha love it",4
2014-10-18T20:24:44Z,"LOCO LINDO, LOCO DEL PUEBLO",0
2014-10-09T18:41:24Z,Popopo j ai explosé magnifique forza OM Gignac 👌👌😋😋😋😋👍👍👍💪💪💪💪,0
2014-10-07T16:27:21Z,Troooop bon putaiiin !!! ,1
2014-10-06T20:45:09Z,Gignac Gignac Gignac ! <3 ,5
2014-10-06T09:25:53Z,"surtout pour cet empaffé de vercoutre,
je n'ai pas oublier son bras d'honneur vers nous quand il était
a montpellier, trop bon la tronche qu'il tirai!!",6
2014-10-06T09:22:45Z,"bien heureux de cette victoire
ALLEZ L'OM!!!",3
2014-10-06T09:02:02Z,"Savourez bien, parce qu'à la fin c'est Thiago Silva qui va soulever l'Hexagoal.",2
2014-10-06T07:59:19Z,"J'étais dans le parckage, j'ai explosé comme un fou parce que je n'y croyais plus ! J'ai sauté dans les bras du type à côté de moi tellement j'étais heureux !",7
2014-10-06T05:09:10Z,Jetais en train de boire quand il y a eu le but jai tt recracher tellement !!,3
2014-10-05T18:13:25Z,"Comme j'ai explosé après ce but...

ÉNORME  Allez l'OM !",18
2014-10-28T14:06:47Z,juste un petit mot pour patrice mais damien perquis au lieu de remy vercroute merci ,0
2014-10-28T13:57:19Z,allez malherbe,0
2014-10-27T11:25:21Z,Mes oui ya penau sa c un arbitre français LoL . Les arbitre sifle un penau apres il veul plus il pense que c trop 2 penalty si ya 10 penalty on siffle les 10 .,1
2014-10-27T10:43:05Z,Il ya pas péno pour deux raisons : 1) La main est involontaire 2) celle-ci est collé au sol dans but de freiner le tacle pour éviter que le joueur ne parte trop loin et elle n'est pas décollé comme celle de gassama conclusion c'est bien arbitrer,1
2014-10-27T07:46:18Z,Ce serait bien que vercoutre arrête un peno un de ces jours,0
2014-10-27T05:50:12Z,"Arbitre en carton, casse-toi.",2
2014-10-06T07:54:17Z,J'étais en feu !,1
2014-10-05T18:09:34Z,Bravo Romao !,1
2014-11-12T15:53:19Z,"#Ligue1 - Classement des passeurs - Meilleur buteur et meilleur passeur du FC Nantes (5e de Ligue 1), Jordan Veretout a grandement contribué à porter l’invincibilité des Canaris à neuf matchs cette saison - http://urlz.fr/UxO",14
2014-11-11T09:45:08Z,"on à canné le SMC , comme guillaume ........... quelqu'un pourra pousser la chaise ? :D",0
2014-11-10T17:33:36Z,3:03 Aristeguieta c'est quoi cette moustache xD,1
2014-11-10T17:28:54Z,FC Nantes en force,1
2014-11-10T10:29:24Z,Merci Riou,2
2014-11-10T07:40:46Z,Riou... :O,1
2014-11-10T05:54:31Z,On est chez nous a Caen,1
2014-10-24T17:49:00Z,ujhbvh,0
2014-10-22T12:13:09Z,"Allez Malherbe :)
J'ai lancé une chaîne Football Manager 2014 avec Malherbe si ça vous intéresse ^^",0
2014-10-21T08:48:33Z,"Je savai que bordeau n allaient pas tenir ils arrachent le point du match nul par miracle
",0
2014-10-20T11:22:39Z,Bordeaux retombe dans ses travers !!! ,1
2014-10-20T10:46:53Z,J'y étais au match et je suis très décus de eux ils sont joués comme des pieds heureusement qu'il y avait le pénalty,0
2014-10-20T10:22:53Z,"jolie match de bordeaux c'est ironique ils jouent vraiment très mal j’espère que l'excuse sont les absences de jussié , saivet , contento , sané , traoré , touré mais hier a part faubert ,pallois ,belay ,carrasso même s'il anticipe trop le centre sur le but ils nous a sauvés plusieurs fois le reste s'étais loin d’être terrible bougez vous",0
2014-10-20T08:40:03Z,"un peu décu de mes bordelais, même si j'avoue que caen méritait peut-être plus, Bordeaux est mauvais depuis quelques matchs...",0
2014-10-19T21:59:41Z,C'est Castro l'arbitre pas Thual ...,0
2014-10-19T21:38:38Z,"Pourtant supporter de bordeaux, je trouve qu'on fait pas mal de merde depuis 2/3 matchs, heureusement que Carasso a bien tenu par moment, en espérant que nos marines et blancs se reprennent et nous refassent les belles choses du début de saison... Beau match du stade malherbe aussi au passage ;)",0
2014-10-19T20:51:06Z,beaux match et aller malherbe <3 et aller faire un petit tour sur ma chaine je fait des vidéos sur le foot :),1
2014-10-19T20:49:48Z,"jolie hold up de bordeaux , ALLEZ CAEN",4
2014-10-19T20:41:12Z,Allez bdx!!,2
2014-10-10T15:45:12Z,aplausos! ojala se mantenga asi y le gane a los petrodolares de los arabes ... todo una mentira!  ,1
2014-10-06T04:47:43Z,Que grande Bielsa!,3
2014-11-03T18:39:05Z,Tous les rageux mettez pas la faute a l'arbitre !!!!,1
2014-11-03T17:23:25Z,L'arbitre est pourri et Caen a fait un très mauvais marceto en achetant Vercoutre à la place d'un bon attaquant,0
2014-11-03T13:29:10Z,Monsieur Rainville aime les expulsions inutiles...,0
2014-11-03T12:38:39Z,Ça fait énormément plaisir de voir malouda refaire trembler les filets en ligue 1 ! ,1
2014-10-08T01:09:25Z,Hahaha the one with the kids was adorable! ,0
2014-10-06T02:45:25Z,Marsella campeon,1
2014-10-05T23:46:55Z,#AllezPSG #AllezLucasM Lucas!!!!!,0
2014-10-05T23:18:20Z,Allez L'OM!,0
2014-10-16T23:43:56Z,what is the song?,0
2014-10-11T07:41:58Z,Impresionantes tomas.,0
2014-10-05T23:43:45Z,Lucas!!!! #AllezPSG,1
2014-10-05T23:43:25Z,PSG!!!,0
2014-11-04T17:21:30Z,énorme ce viol !,0
2014-10-11T20:45:06Z,C'est un grand joueur aller l'OL,0
2014-10-10T17:26:58Z,la cagette a marquer !!!!!!!!!!! pffffff,0
2014-10-07T17:19:35Z,Le deuxième but sur coup-franc de Gourcuf est magnifique,0
2014-10-07T08:14:22Z,Alexandre Lagachette a encore frappé.,0
2014-10-06T18:16:11Z,J'étais dans les bas gones <3,0
2014-10-06T15:54:44Z,OLYMPIQUE LYONNAIS !!!!,2
2014-10-06T15:20:07Z,"#Ligue1 - Classement des buteurs - Grande première pour Alexandre Lacazette (OL) qui a signé son premier triplé en Ligue 1 lors de la 9e journée face au LOSC. Le voilà deuxième du classement officiel des buteurs. 
http://bit.ly/1s4uVKK",11
2014-10-06T13:41:02Z,Belle performance de Lacazette ! Grâce à lui on est troisième malgré notre match très moyen face à Monaco,0
2014-10-06T06:56:20Z,"Le troisième but, il couche Basa et Eneyma, du normal. 
à voir et revoir sur Pornhub, catégorie anal.",12
2014-10-06T04:58:40Z,But de merde^^,0
2014-10-06T00:41:10Z,Le 3ème but inscrit c'est limite un viol mdrrr,8
2014-10-05T23:15:40Z,LACAZETTE THE NEXT BEST PLAYER  THE WORLD,11
2014-10-05T23:03:33Z,"S'il ne fait aucun doute que Gignac est meilleur, je me demande encore s'il mérite pas plus sa place en edf que Payet par exemple...",10
2015-02-09T14:41:35Z,ALLEZ LLLLLYYYYYYOOOOOOON NNN LLLEEESSS PPPLLLUUUS  FFFFFFORRRRT,0
2014-11-29T11:05:35Z,ALLER L'OM ON A PAS BESOIS D'ARGENT POUR GAGNER!,0
2014-10-07T18:36:24Z,Bien joué les Croix !!!,1
2014-10-06T11:31:13Z,Et ici c'est marseille paris sont premiers non alors Forza OM,0
2014-10-06T11:10:02Z,Forza Om,0
2014-10-05T22:38:22Z,Qui est pour L'OM ? ♥,0
2015-01-03T22:56:45Z,Merci marseille ,0
2014-10-19T20:44:00Z,Aller guingamp,1
2014-10-10T21:45:21Z,Lorient aussi a gagné à l'extérieur ! Donc 3 victoires ;),1
2014-10-08T14:00:31Z,superbe but toulousain,3
2014-10-08T12:20:55Z,Aller les verts meme dans une saison difficile,1
2014-10-08T11:01:17Z,Que des beaux buts,1
2014-10-07T15:33:12Z,Pour moi Daniel Wass sera à l'OM .,2
2014-10-06T19:08:11Z,4 victoires à l’extérieur*,3
2014-10-06T16:48:15Z,"on peut voir que depuis le départ de aboubakar, lorient on vraiment beaucoup de mal pour marquer des buts.",1
2014-10-06T15:03:17Z,Good,0
2014-10-06T14:01:30Z,Il est chelou le but que prend Carrasso,1
2014-10-06T11:05:55Z,Lacazette éké lagachette,2
2014-10-06T07:10:11Z,#Ligue1 - Revivez les meilleurs moments de la 9ème journée de Ligue 1 en vidéo sur la chaîne officielle YouTube ! http://bit.ly/1vInfxM,13
2014-10-06T06:49:59Z,Victoire à l'exterieur de l'OM aussi,5
2014-10-06T00:07:09Z,first,1
2014-10-11T15:26:46Z,Ici c'est paris!!!!!!,0
2014-10-08T13:59:39Z,#Ligue1 : Revivez Paris Saint-Germain - AS Monaco (1-1) à la loupe sur notre page Youtube ! ,11
2014-10-08T11:06:15Z,Je suis toujours autant deg pour le but de merde à la fin ... Allez PSG !!,0
2014-10-06T20:05:20Z,Ici c Paris Paris c Magic ,1
2014-10-06T19:04:30Z,Aller Paris,0
2014-10-06T15:10:45Z,Omg le but périmé de monaco sérieux :'(,1
2014-10-06T06:52:59Z,5th,0
2014-10-06T06:11:48Z,perso chuis un supporter de Lorient et Paris même sans zlatan m'inpressionne,2
2014-10-06T03:38:15Z,"Lucas, one of the best brazilian players... isn't on the brazilian team. Good job coach. -.-'",2
2014-10-05T23:35:17Z,"C'est officiel, Zoumana Camara en couple avec Cavani x))",5
2014-10-08T12:37:23Z,Ligue 1 defending is horrible,3
2014-10-08T00:51:46Z,So happy Lacazette stayed! He'll get his mega move soon but for now no point in leaving a historic team like Lyon.,0
2014-10-07T06:10:44Z,He Does the dame shit with my ultimate team,0
2014-10-06T19:06:37Z,he deserves it !,0
2014-10-06T02:10:01Z,Thats my ultimate team striker in FIFA!! ,1
2014-10-06T00:23:26Z,He looks like Kanye West. Anyway.. great performance!!,3
2014-10-05T23:33:20Z,"Finally, lacazette is coming into his own!",0
2014-10-19T13:17:18Z,"Ntep et N'Koudou vraiment joli. Nette préférence pour mon canari, un amour de frappe enveloppée, d'autant mise en valeur par la superbe envolée du gardien.",0
2014-10-15T11:00:46Z,Le plus beau but reste celui de N'koudou :),0
2014-10-14T13:13:01Z,sa se joue entre le rennais et le nantais ,0
2014-10-10T18:39:05Z,Se qui l'ait beau le but de George Kevin k´noudou,0
2014-10-10T15:36:07Z,ALLEZ BORDEAUX,0
2014-10-09T15:31:34Z,magnifique ntep,0
2014-10-09T15:30:26Z,pk andre pierre gignac a l'ancien maillot de marseille ???,0
2014-10-09T00:28:25Z,Lacazette breakin ankles with that sweet goal,0
2014-10-08T20:16:00Z,"Le but de N'tep est juste magistral, j'étais au stade et franchement alors comme d'habitude on s'attendait au classique match nul il nous sort cette frappe",0
2014-10-08T19:41:02Z,"C'est quoi votre chaîne bidon ? Il est ou le but de Ben Yedder ? Tu met une tête, un pointu a 8 mètres mais une putain d'action collective ah non tiens ! c'est sur qu'une tête sur un coup de pied arreté est plus beau qu'une action collective. Apart le but de NTep et de N'Koudou, les trois autres méritent pas le classement.",0
2014-10-08T16:16:25Z,le blus beau celui de boli face a milan ac en champion league nn?,1
2014-10-08T15:37:56Z,C'est vraiment nuls ils y connaissent rien en but,2
2014-10-08T11:52:49Z,lacazette n'a rien n'a faire en equipe de france,0
2014-10-08T09:23:41Z,#Ligue1 - Revivez les plus beaux buts de la 9ème journée de Ligue 1 en vidéo sur notre chaîne Youtube !,8
2014-10-07T21:14:51Z,"N tep, personne ne defend sur lui, il a 4 plombes pour tirer sa frappe est belle, va en lucarne, joli but . N koudou, frappe enroulée, 6 personnes sur la trajectoire de sa frappe, meme distance que N tep mais en mouvement, a 10 cm de la lucarne. Vous demanderez a n'importe quel attaquant, il vous dira tj que celle de N koudou est plus dure a faire ;)",1
2014-10-07T18:36:33Z,N'Tep largement plus beau que celui du nantais ,0
2014-10-07T16:43:21Z,Manque Ben Yedder lais le but de Nkoudou est délicieux,1
2014-10-07T12:26:54Z,Le but collectif du TFC à St-Etienne on en parle ?,0
2014-10-06T20:12:08Z,Le Lion a mis a terre les Dogues ! ,1
2014-10-06T19:13:07Z,Ntep maggle,0
2014-10-06T18:44:25Z,"Le plus beau, c'est celui de GK bien sûr ! GO FCN <3",3
2014-10-06T18:35:08Z,Ntep de loin ,0
2014-10-06T17:56:36Z,N'Koudou :D ♥ #AllezNantes,7
2014-10-06T17:41:26Z,GK !!!<3,7
2014-10-06T15:56:54Z,#Ligue1 - Revivez les plus beaux buts de la 9ème journée de Ligue 1 en vidéo !,9
2014-10-06T12:48:29Z,Nkoudou future grand joueur,7
2014-10-06T12:25:33Z,ALEX LACAZETTE !!!,9
2014-10-06T05:07:20Z,N KOUDOU a marqué un but magique. ,13
2014-10-06T03:22:25Z,"Le but de Gignac c'est pas le plus beau mais c'est le plus important, a la 93eme !",5
2014-10-05T23:17:58Z,N'Tep pour moi ! ,4
2014-10-05T22:47:34Z,N'koudou :o,19
2014-10-17T11:15:08Z,K,0
2014-10-01T09:58:30Z,Deux club que je supporte meme si je suis niçois ^^,0
2014-09-29T15:03:00Z,Je me suis endormi en regardant ce match... Blanche-Irène Marcille ,0
2015-03-09T07:10:01Z,But assez chanceux,0
2015-05-08T08:53:26Z,"rose = pire joueur de l'ol 
pourquoi il dit qu'il est fort qu'il se casse ce gros noob",0
2014-10-19T19:54:06Z,Vive carraso!,1
2015-06-15T17:24:35Z,passe décisive pour Raspentino (!?!),0
2014-11-30T23:21:31Z,Petites équipes .,0
2014-10-05T18:50:24Z,joga muito meu brother rsr parabéns,0
2015-06-16T07:37:44Z,(Passe de Da Silva),0
