published-time,comment,likes
2014-08-31T09:12:20Z,Aller l'USO !!!,0
2014-08-30T23:54:03Z,Allez la berri !!!! CW & RBA,1
2014-12-30T07:33:06Z,A la base y a pas penalty pour Châteauroux,0
2014-12-24T00:08:01Z,Il a l'air pas mauvais Philippoteaux.,0
2014-12-23T10:28:49Z,"Il n'y a pas penalty , honteu une faute d'arbitrage qui coute la place de leader au DFCO !!",0
2014-12-22T09:20:25Z,Je suis désolé il n'y a pas penalty ...,0
2014-12-22T07:04:54Z,Allez Dijon !!!!!!!!!!!! <3 Meilleures equipe d'autonne on vous aime !!!!!!!,0
2015-04-19T11:52:42Z,Comment châteauroux mérite au moins un nul...dégouté,1
2014-12-14T09:04:45Z,allez va !!!!!!!!!!!!!!!,1
2014-12-14T03:01:59Z,Allez V.A !!,1
2014-12-30T18:51:38Z,"Gregory Thil apres une superbe saison 2013-2014 à Dijon il en fera une a la berrichonne de Châteauroux
Allez Chateraux et bonne chance à: Nestor, Houtondji,Roudet",2
2014-08-23T05:20:30Z,"la region centre est a l'honneur en ligue 2 Chateauroux,Tours,Orléans",3
2014-08-20T11:30:44Z,"#Ligue2 - Classement des buteurs - Après un 3e but lors de la 3e journée, Idriss Saadi (Clermont Foot) figure en tête du classement officiel des buteurs de Ligue 2. http://bit.ly/1oNzN6t",4
2014-08-18T08:06:51Z,"Bravo la berri !!!
",0
2014-08-16T22:56:36Z,Encore un bon gardien sur ce match ...,0
2014-08-16T22:16:57Z,Allez Châteauroux !!!,6
2015-03-02T09:30:22Z,Ca fait plaisir de voir une Berri comme ça !!! Enfin j'ai envie de dire mais la continuité j'ai bien peur que... mais maintenant j'y crois allez Berri !,0
2015-03-01T17:11:54Z,"c'est marrant cette équipe, il gagnent 5-4 Dijon en faisant un match de fou , ils gagnes 2-1 sochaux ,4 vicoires consecutives ...
ET ILS SONT MÊME PAS CAPABLE DE BATTRE LES 19 EME  QUI ONT PAS GANER DEPUIS 4 MOIS ",1
2015-03-01T11:18:43Z,Enfinnnnnnnn!!!!!!! LA victoire,2
2015-02-18T15:48:17Z,"Un joli boucher, encore, ce Sainati !",0
2014-08-24T22:29:25Z,Allez les bleus demain clermont !,0
2014-08-24T22:09:57Z,Aller Châteauroux! on na mener 1-0 pendant un moment et on se fait rattraper en fin de match! comme souvent on peut pas garder le score et gagner a l’extérieur! putain! mes match nul pas mal quand même Aller la Berri!!,4
2014-08-23T23:23:41Z,ALLER LE SCO !!!,2
2015-04-26T10:37:55Z,ca sera plus facile contre paris xD,0
2015-04-25T22:45:43Z,Pff l'AJA aurait mériter de gagner,2
2014-12-30T18:43:37Z,"Nancy est hyper fort mais je supporte toujours la berrichone
ALLEZ CHÂTEAUROUX",0
2014-09-22T15:56:03Z," #Ligue2  - Classement des buteurs - Classement des buteurs - Lors d’une 7e journée de Ligue 2 marquée par 38 buts, Mana Dembélé (ASNL) s’est offert un quadruplé en déplacement ! http://bit.ly/1ym8JjR",1
2014-09-21T12:17:29Z,Bien jouer au Nancéiens #Chateauroux,6
2014-09-21T08:40:34Z,Allez Nancy super match à refaire <3,3
2015-03-24T15:16:37Z,"#Ligue2 - Classement des buteurs - « KTE », un Lionceau menaçant !
Après son doublé de la 29e journée, Karl Toko Ekambi (FC Sochaux-Montbéliard) revient dans la course au podium et au titre de meilleur buteur de Ligue 2 - http://www.lfp.fr/ligue2/article/kte-un-lionceau-menacant.htm",4
2015-03-22T10:29:49Z,Allez Sochaux !!!! Magnifique le 3ème but ! 😀,6
2015-03-22T10:29:10Z,"Quel but de Berenger, le plus beau but de ligue 2 de cette saison!",2
2015-03-22T08:56:39Z,Allez sochaux,4
2015-05-16T08:00:06Z,C vraiment des merdes Châteauroux MDR,4
2015-03-23T18:34:14Z,aller nancy !!!!!!!!!!!!!!!!,2
2015-02-25T16:17:31Z,"#Ligue2 - Classement des passeurs - Maurice Dalé propulsé aux commandes !
L’attaquant de l’AS Nancy-Lorraine a été étincelant lors du festival offensif contre Châteauroux (6-0), réalisant un triplé à la passe qui lui permet de prendre la tête du classement des passeurs de Ligue 2 - http://www.lfp.fr/ligue2/article/maurice-dale-propulse-aux-commandes.htm",6
2015-02-23T12:32:35Z,"avant le 5e but, un joueur de nancy remonte tout le terrain les la berri court autour en tant que spectateur, sérieusement! Bonne chance aux deux équipes pour leurs deux objectifs! ",2
2015-02-22T23:01:59Z,"Jai honte d etre supporter de la Berri 
C est ca de glander a domicile 
Vous allez y alle en national pour mon plus grand desarroi .
Berri tu n est plus la meme.",3
2015-02-22T17:51:34Z,Allez Nancy !!! ,3
2015-02-22T12:35:51Z,Quelle déf de merde du côté de Châteauroux !,2
2015-02-22T09:22:19Z,pourquoi on voit jamais ca a Nimes :'(,0
2015-02-22T08:51:43Z,J'espère que Nancy va remonter en ligue 1 ;),5
2015-02-22T00:48:37Z,Nancy a largement sa place en Ligue 1,8
2015-02-22T00:17:42Z,"Dalé félicitations pour tes 3 Passes Décisives, certainement un des meilleurs joueurs de la tête cette année.",3
2015-02-22T00:16:30Z,Youssouf is the Man,3
2015-02-22T00:00:35Z,Une boucherie x),1
2015-02-21T23:42:37Z,"Allez cette fois c'est la bonne ! Chateauroux en National, ça leur fera pas de mal.",8
2015-07-01T12:43:36Z,Super saison bravo!,5
2015-06-30T17:58:52Z,Tres beau parcours des troyens,3
2015-06-13T09:56:04Z,Le 3ème but MAGNIFIQUE !!,4
2015-06-02T22:36:35Z,le troisième but les mec ont plus de justesse technique que Rennes ou Bordeaux mdr ca promet,2
2015-05-27T10:59:25Z,Hommage à tout ceux qui disnet qu il n y a pas de public à Troyes,9
2015-05-27T10:37:19Z,Bien joué Troyes vous l'avez mérité ce titre ;),7
2015-05-25T09:53:10Z,3:52 regardez le gros vent qui c'est pris thierrez,2
2015-05-25T07:42:02Z,gg pour la ligue 1 j'ai tout de suite vu votre beau jeu quand vous aver jouer contre sochaux avec ce magnifique but de Corentin jean  j'aurai aimer  sochaux a la place de Troyes mais sa sera la saison prochaine,1
2015-05-24T11:56:31Z,Que dire du 3ème but...,7
2015-05-23T23:19:24Z,"Bravo un beau parcours similaire au nôtres l'année passer mais ne faite pas comme nous en ligue 1 . 
Chaos bonne chance , des messins ! ",10
2015-05-23T23:00:52Z,Champions !!! ,6
2014-10-26T08:01:48Z,Gagner non volé grâce a un hors jeu oui,0
2014-10-26T07:12:52Z,Putain ouais une victoire ça fait plaiz !!!,1
2014-10-25T23:16:04Z,Enfinnn!!!!!!,0
2014-10-25T22:15:04Z,On a gagné !,0
2015-05-10T00:58:53Z,Bye bye ligue 1 ,1
2015-04-05T08:05:20Z,"Au revoir la L2, bonjour la national pour Châteauroux !!!!",1
2015-04-12T00:00:53Z,Aux pâquerettes Châteauroux et sa défense : Jamais vu '-',0
