publish_date,title,view_count
2015-01-10T23:31:11Z,Adama Niane,3994
2015-04-19T21:59:59Z,But Adama TRAORE (90&#39; +4) / LOSC Lille - Girondins de Bordeaux (2-0) -  (LOSC - GdB) / 2014-15,16075
2015-06-27T18:23:08Z,Les Aiglons U-20 Mondial 2015 - Footmali.com,70945
2014-12-21T14:18:32Z,CFA : VHF - FC Nantes B,1348
2014-12-19T18:45:06Z,Sangare Adama AS9,131
2014-09-04T14:02:38Z,Qualif. CAN2015 : Regroupement des Aigles du Mali à Kabala,8727
2014-10-12T16:14:37Z,Qualif. CAN2015 [Éthiopie 0-2 Mali] : tous les buts de la rencontre,10786
2015-03-26T17:48:52Z,Resume du match Mali - Gabon,1332
2015-07-20T10:14:39Z,Les aiglons du mali,14374
2014-10-23T14:07:04Z,[Teaser] 12e journée de L2 - ESTAC / DIJON,84
2015-03-12T19:59:36Z,CAN U20 : Superbe but d&#39;Hamidou Traoré (Mali),3301
2014-11-15T01:07:46Z,Lassana FANE Collection,1108
2015-01-09T18:15:35Z,Fousseyni Cisse,2099
2015-07-24T21:26:33Z,DIABY ABDOULAYE TANDA,73
2015-05-22T12:53:12Z,L&#39;encadrement U20 du Mali prépare la Coupe du Monde,7023
2014-11-01T19:15:35Z,Metz vs Caen : (3-2) : But de Modibo Maïga pour Metz - 01/11,1118
2015-07-13T03:45:42Z,"Résumé du match Ghana - Sénégal (6-0), U20 équipe nationale féminine",5722
2015-05-06T05:10:26Z,TOTAL FOOT - Emission Test - Lundi 20 Avril 2015,97
2015-04-28T23:56:19Z,PSG / FC Metz 28.04.2015 : 3-1 (L1) 2/7 : Entrée du PSG,94
