publish_date,title,view_count
2014-08-30T22:00:02Z,Châteauroux - US Orléans (0-0)  - Résumé - (LBC - USO) / 2014-15,2988
2014-12-20T23:00:04Z,Châteauroux - Dijon FCO (1-1)  - Résumé - (LBC - DFCO) / 2014-15,2507
2015-05-02T22:00:00Z,Châteauroux - Valenciennes FC (3-0)  - Résumé - (LBC - VAFC) / 2014-15,4677
2014-09-13T22:00:01Z,AC Ajaccio - Châteauroux (1-1)  - Résumé - (ACAJ - LBC) / 2014-15,2790
2015-04-18T21:59:59Z,Stade Lavallois - Châteauroux (1-0)  - Résumé - (LAVAL - LBC) / 2014-15,2277
2014-12-13T23:00:00Z,Valenciennes FC - Châteauroux (1-0)  - Résumé - (VAFC - LBC) / 2014-15,4632
2014-08-16T22:00:02Z,Châteauroux - Clermont Foot (3-2)  - Résumé - (LBC - CF63) / 2014-15,7888
2015-02-28T23:00:00Z,Châteauroux - Nîmes Olympique (2-1)  - Résumé - (LBC - NIMES) / 2014-15,3412
2014-09-27T22:00:01Z,Châteauroux - Stade Brestois 29 (1-1)  - Résumé - (LBC - SB29) / 2014-15,2471
2015-02-14T23:00:00Z,Châteauroux - AC Ajaccio (0-0)  - Résumé - (LBC - ACAJ) / 2014-15,1021
2015-05-16T22:00:00Z,Châteauroux - Havre AC (0-0)  - Résumé - (LBC - HAC) / 2014-15,1271
2014-08-23T22:00:02Z,Angers SCO - Châteauroux (1-1)  - Résumé - (SCO - LBC) / 2014-15,4866
2015-04-25T22:00:00Z,Châteauroux - AJ Auxerre (2-1)  - Résumé - (LBC - AJA) / 2014-15,3986
2014-09-20T22:00:02Z,Châteauroux - AS Nancy-Lorraine (2-5)  - Résumé - (LBC - ASNL) / 2014-15,15401
2015-03-21T23:00:00Z,FC Sochaux-Montbéliard - Châteauroux (3-0)  - Résumé - (FCSM - LBC) / 2014-15,10992
2015-02-21T22:59:59Z,AS Nancy-Lorraine - Châteauroux (6-0)  - Résumé - (ASNL - LBC) / 2014-15,30198
2015-05-23T22:00:00Z,ESTAC Troyes - Châteauroux (4-1)  - Résumé - (ESTAC - LBC) / 2014-15,17542
2014-10-25T22:00:07Z,Châteauroux - Tours FC (2-1)  - Résumé - (LBC - TOURS) / 2014-15,4951
2015-05-09T21:59:59Z,Dijon FCO - Châteauroux (0-1)  - Résumé - (DFCO - LBC) / 2014-15,3745
2014-10-04T19:03:06Z,AC Arles Avignon - Châteauroux (0-1)  - Résumé - (ACA - LBC) / 2014-15,2871
2015-04-04T22:00:00Z,Tours FC - Châteauroux (1-0)  - Résumé - (TOURS - LBC) / 2014-15,3107
2015-04-11T22:00:00Z,Châteauroux - GFC Ajaccio (0-2)  - Résumé - (LBC - GFCA) / 2014-15,2144
2015-02-28T18:28:29Z,Conférence de presse Châteauroux - Nîmes Olympique (2-1) - 2014/2015,258
