publish_date,title,view_count
2014-12-21T23:00:04Z,But Wylan CYPRIEN (38&#39;) / RC Lens - OGC Nice (2-0) -  (RCL - OGCN) / 2014-15,10586
2014-08-31T10:28:35Z,Le très beau but inscrit par Wylan Cyprien contre le Stade de Reims !,2378
2014-08-31T22:00:03Z,Goal Wylan CYPRIEN (45&#39;) / RC Lens - Stade de Reims (4-2) - (RCL - SdR) / 2014-15,757
2014-08-31T10:14:00Z,Résumé du match RC Lens - Stade de Reims I Samedi 30 août 2014 (30/08/14) I Ligue 1,2537
2015-02-25T11:07:41Z,Paul-Georges Ntep | Stade Rennais ► Skills Dribbling All Goals /2015/ Full HD 1080p,42476
2015-05-03T22:54:36Z,LOSC Lille - RC Lens (3-1) - Highlights - (LOSC - RCL) / 2014-15,2504
2014-12-21T23:00:05Z,Goal Wylan CYPRIEN (38&#39;) / RC Lens - OGC Nice (2-0) - (RCL - OGCN) / 2014-15,229
2014-12-22T01:41:09Z,Bloopers : Week 19 / 2014-15,1091
2014-08-31T22:00:04Z,But Wylan CYPRIEN (45&#39;) / RC Lens - Stade de Reims (4-2) -  (RCL - SdR) / 2014-15,9670
2015-04-19T22:00:00Z,FC Metz - RC Lens (3-1) - Highlights - (FCM - RCL) / 2014-15,1780
2014-10-05T20:59:43Z,Stade Rennais FC - RC Lens (2-0) - Highlights - (SRFC - RCL) / 2014-15,1677
2015-02-08T23:00:00Z,AS Saint-Etienne - RC Lens (3-3) - Highlights - (ASSE - RCL) / 2014-15,1779
2014-08-31T22:00:03Z,RC Lens - Stade de Reims (4-2) - Highlights - (RCL - SdR) / 2014-15,2811
2014-08-24T22:07:22Z,Olympique Lyonnais - RC Lens (0-1) - Highlights - (OL - RCL) / 2014-15,2645
2015-03-01T23:00:01Z,RC Lens - Stade Rennais FC (0-1) - Highlights - (RCL - SRFC) / 2014-15,644
2015-05-02T11:02:01Z,Adrien Rabiot /25/ PSG ► Skills Dribbling Goals /4K Ultra HD/ 2015,13775
2014-12-21T23:00:06Z,RC Lens - OGC Nice (2-0) - Highlights - (RCL - OGCN) / 2014-15,1174
2015-04-12T22:00:00Z,RC Lens - FC Lorient (0-0) - Highlights - (RCL - FCL) / 2014-15,602
2014-08-31T22:00:02Z,Goal Aissa MANDI (7&#39;) / RC Lens - Stade de Reims (4-2) - (RCL - SdR) / 2014-15,324
2015-05-03T16:46:33Z,Corentin Jean /27/ &quot;NEW&quot; Monaco ► Skills Dribbling Goals /4K Ultra HD/ 2015,6898
2014-10-26T23:00:04Z,Toulouse FC - RC Lens (0-2) - Highlights - (TFC - RCL) / 2014-15,1540
2014-10-19T12:24:11Z,André-Pierre Gignac - Perfect Striker - Skills Dribbling Goals |HD|,25414
2015-01-11T23:00:08Z,EA Guingamp - RC Lens (2-0) - Highlights - (EAG - RCL) / 2014-15,1094
2014-08-31T23:43:39Z,Bloopers : Week 4 / 2014-15,3468
2014-08-31T22:00:02Z,But Aissa MANDI (7&#39;) / RC Lens - Stade de Reims (4-2) -  (RCL - SdR) / 2014-15,2979
2015-03-08T23:00:00Z,Paris Saint-Germain - RC Lens (4-1) - Highlights - (PSG - RCL) / 2014-15,9417
2014-11-09T23:00:07Z,RC Lens - Girondins de Bordeaux (1-2) - Highlights - (RCL - GdB) / 2014-15,1797
2014-09-14T22:00:02Z,SC Bastia - RC Lens (1-1) - Highlights - (SCB - RCL) / 2014-15,1628
2014-08-31T22:00:03Z,Goal Pablo CHAVARRIA (47&#39;) / RC Lens - Stade de Reims (4-2) - (RCL - SdR) / 2014-15,520
2015-05-24T03:57:36Z,RC Lens - FC Nantes (1-0) - Highlights - (RCL - FCN) / 2014-15,1093
2014-08-31T22:00:03Z,OM - Nice (4-0) in slow motion / Ligue 1 / 2014-15,715
2014-12-21T23:00:06Z,Goal Adamo COULIBALY (86&#39;) / RC Lens - OGC Nice (2-0) - (RCL - OGCN) / 2014-15,446
2015-04-26T22:00:00Z,RC Lens - AS Monaco (0-3) - Highlights - (RCL - MON) / 2014-15,2383
2015-05-17T01:10:40Z,OGC Nice - RC Lens (2-1) - Highlights - (OGCN - RCL) / 2014-15,1659
2014-08-31T22:00:04Z,But Pablo CHAVARRIA (47&#39;) / RC Lens - Stade de Reims (4-2) -  (RCL - SdR) / 2014-15,3833
2014-08-31T22:00:03Z,Goal Gaëtan COURTET (80&#39;) / RC Lens - Stade de Reims (4-2) - (RCL - SdR) / 2014-15,183
2014-08-31T22:00:04Z,Le match OM - Nice (4-0) à la loupe / Ligue 1 / 2014-15,21250
2014-12-21T23:00:06Z,But Adamo COULIBALY (86&#39;) / RC Lens - OGC Nice (2-0) -  (RCL - OGCN) / 2014-15,7058
2015-03-15T23:00:00Z,RC Lens - Toulouse FC (1-0) - Highlights - (RCL - TFC) / 2014-15,1177
2014-09-25T22:00:05Z,Evian TG FC - RC Lens (2-1) - Highlights - (ETG - RCL) / 2014-15,1591
2015-01-25T23:00:02Z,Stade de Reims - RC Lens (0-0) - Highlights - (SdR - RCL) / 2014-15,1015
2014-08-31T22:00:02Z,But Gaëtan COURTET (80&#39;) / RC Lens - Stade de Reims (4-2) -  (RCL - SdR) / 2014-15,763
2015-02-01T23:00:00Z,RC Lens - SC Bastia (1-1) - Highlights - (RCL - SCB) / 2014-15,993
2014-08-31T22:00:05Z,Goal Adamo COULIBALY (87&#39; pen) / RC Lens - Stade de Reims (4-2) - (RCL - SdR) / 2014-15,379
2015-03-23T01:14:20Z,RC Lens - Olympique de Marseille (0-4) - Highlights - (RCL - OM) / 2014-15,14222
2015-05-10T22:00:00Z,RC Lens - Montpellier Hérault SC (0-1) - Highlights - (RCL - MHSC) / 2014-15,844
2014-11-03T01:16:45Z,Olympique de Marseille - RC Lens (2-1) - Highlights - (OM - RCL) / 2014-15,10855
2014-09-21T22:01:22Z,RC Lens - AS Saint-Etienne (0-1) - Highlights - (RCL - ASSE) / 2014-15,2089
2014-11-23T23:00:05Z,FC Lorient - RC Lens (1-0) - Highlights - (FCL - RCL) / 2014-15,4360
2014-08-31T22:00:03Z,But Adamo COULIBALY (87&#39; pen) / RC Lens - Stade de Reims (4-2) -  (RCL - SdR) / 2014-15,1607
