published-time,comment,likes
2015-07-20T17:10:28Z,He runs very fast ... Another sprinter,0
2015-06-26T14:55:24Z,Ntep est un future tres grand,0
2015-06-22T21:19:37Z,after watching the video getting eyecancer thank you....,0
2015-06-22T10:49:33Z,What is the name of this song?,0
2015-06-22T07:54:53Z,"Bild: ""Bayern will sign French international Paul-Georges Ntep as replacement for the long term injured Franck Ribéry"" :D",2
2015-06-04T13:58:39Z,Ntep is dont guying to newcastle Liverpool or Arsenal ,0
2015-05-08T04:24:37Z,he sure can dance,0
2015-05-08T03:18:52Z,"No offence but just looks like another average french player, Liverpool would be better to just let Newcastle have him...",0
2015-05-07T08:23:47Z,"Don't mind me, just scouting for Liverpool Football Club",8
2015-05-04T02:38:19Z,So a retractable roof? How many of them are there in Europe?,0
2014-12-22T21:56:20Z,the last two were awesome,1
2015-06-14T11:06:56Z,(Passe : Baal),0
2014-08-31T22:04:03Z,Magnifique !!,0
2015-04-19T22:05:23Z,First,0
2014-08-25T14:33:40Z,Where is statistics?!,1
2014-08-25T11:28:12Z,"JUNINHO, LISANDRO...........?",2
2014-08-25T08:36:51Z,Lacazette was playing terrible ....,2
2015-05-02T14:43:42Z,Kevin wimmer cologne please bro!!!!! ,0
2015-05-02T11:24:37Z,,0
2015-05-02T11:23:13Z,"#25 Adrien Rabiot
Paris Saint-Germain, Ligue 1
Date of birth: Apr 3, 1995
Age: 20
Height: 1,89 m
Nationality: France
Place of birth: Saint-Maurice, France
Position: Midfield - Central Midfield
Foot: left",0
2015-04-12T22:33:59Z,1visualizacion 1 comentario primera vez en la vida,0
2015-06-07T13:36:42Z,keepers in this video are only for amateur level.....,1
2015-05-30T21:54:50Z,манерой игры и внешне схож с Матье Вальбуена.,0
2015-05-06T16:18:10Z,AWESOME,0
2015-05-03T17:03:09Z,"#27 Corentin Jean
ESTAC Troyes, Ligue 2
Date of birth: Jul 15, 1995
Place of birth: Blois  France
Age: 19
Height: 1,70 m
Nationality: France
Position: Striker - Centre Forward
Foot: right",0
2015-05-03T17:01:07Z,,0
2014-10-28T02:27:33Z,whos the goalie?,0
2014-12-23T16:14:52Z,"AWESOME

Amazing video bro!",0
2014-12-16T15:57:00Z,welcome to galatasaray :D,0
2014-12-04T16:41:03Z,Galatasarayın çocugu :),3
2014-10-24T14:11:07Z,FORZA OM !!!,0
2014-10-19T15:27:48Z,Marcelo Bielsa is doing am amazing job at Marseille,0
2014-10-19T12:33:38Z,"#9 ANDRÉ-PIERRE GIGNAC
Date of birth: Dec 5, 1985
Place of birth: Martigues  
Age: 28
Height: 1,87 m
Nationality: France
Position: Striker - Centre Forward
Foot: right",1
2014-09-01T09:04:48Z,"I BELIEVE THAT WE WILL WIN!
BEEEEST!",2
2014-09-01T05:19:52Z,Hahaha love these bloopers! Top work guys!,2
2014-09-01T01:01:55Z,3rd,0
2014-09-01T00:13:22Z,2nd LOLOLOL,0
2014-08-31T23:54:00Z,First lol,0
2015-03-09T15:44:06Z,IBRA!,1
2015-03-09T02:48:05Z,Comment on fait pour louper l'occaz de Lavezzi ???,0
2015-03-09T01:36:31Z,First ,0
2014-11-10T03:31:27Z,terrible decision on the penalty. He headed the ball first.,0
2014-11-09T23:13:57Z,"That was an awful penalty decision... what in the world. Planus CLEARLY got the ball first, the other player charged in, never got the ball and made contact. The ref got the decision backwards.",0
2014-09-02T20:25:46Z,Ptn s'tambiance de ouf !!!,0
2014-09-02T02:07:47Z,"les meilleurs supporters de L1 , au moins sa chante là c'est pas comme PSG ou autres qui manque de chants lol ",0
2014-09-01T09:27:20Z,Sang et or sang et or alliez le rcl !!!!!!♥♥♥♥♥♥♥♥♥♥♥♥,2
2014-09-01T06:40:50Z,Lens Lens Lens Lens Lens ALLEZ LENS,1
2014-09-21T09:16:14Z,Ici c est pari,0
2014-09-01T18:04:27Z,Quel match! les ultras ont 30 ans....allez l'OM!,1
2014-09-01T15:17:21Z,on vouys a violer allez l'om,0
2014-09-01T09:00:29Z,"Oh taisez vous c pas a cause de Puel c a cause de l'equipe --""
La j'avoue on a etait nul ",0
2014-09-01T08:40:14Z,2:08 a 2:53 viol de puel ,0
2014-09-01T06:49:20Z,Et on a encore perdu a cause de puel (gregoire) ,1
2015-06-16T11:58:45Z,"Cette fois, je comprends qu'on n'accorde pas la passe à Guillaume : quel récital de A. Coulibaly, un régal !",1
2014-12-22T09:54:22Z,bg,4
2014-09-26T23:39:15Z,Congrats ETG FC on your first win. ,0
2014-09-26T03:05:31Z,I swear Wass and probably Nisikulu are like the only Evian players worth a second glance. Especially Wass he needs out as Evian might get relegated.,0
2015-03-23T11:20:56Z,"Ça va pour le petit congolais
",0
2015-03-23T02:21:35Z,How do you pronounce Thauvin's name?,1
2014-11-03T06:11:36Z,stay in first place ,0
2014-11-03T04:30:37Z,buena marchelo,0
2014-09-23T11:36:13Z,Fantastic goal. Very good play from ASSE,0
2014-11-28T19:39:37Z,"Si tuviera la camiseta de RIver Plate (Argentina), el árbitro solo lo advierte y le da unas palmaditas en la espalda... huehue",0
2014-11-26T22:56:37Z,"Les personnes qui critique Hadid me fon rire , vous  connaissez rien au football  et sans les 20 millions d'euros d'Hafiz Lens sera en cfa ou national donc sa me fait rire les personnes qui critique Mamadov. Dans l'histoire du football quel personne a investi 20 millions d'euros pour un club de L2 ??? PERSONNE.
Il a fait Banqueroute dans ses affaires, il a tout perdu . Donc les GROSSE bouche  parler pas pour rien merci",0
