published-time,comment,likes
2014-11-13T11:45:39Z,"Très bon joueur, et très régulier dans ses productions",1
2015-07-01T18:13:26Z,Scaramozzino me fit penser a yaya il est compétiteur dans l'ame,1
2015-07-01T18:10:33Z,ils sont la car il ont pas eu d'autre offre,2
2015-07-01T17:06:44Z,"Il faut recruter 1 ou 2 milieux et 1 ou 2 attaquants .. Des finisseurs ;)
",1
2015-07-01T16:56:04Z,J aime bien Anthony Scaramozzino je pense qu il va imposer son carisme assez vite par contre Kenny Lala j'espère qu il est plus vif que sa voix car on s endormirai a l entendre parler ^^,11
2015-05-09T16:12:57Z,Qarabag reqib tanimir,0
