publish_date,title,view_count
2014-10-28T00:18:36Z,But de Zoubir (1-2) - OLIVE-ATOME Vs Majax Amsterdam - 27/10/14 21:00 - Lundi 21h - Automne 2014,8
2015-05-05T05:14:13Z,But de Zoubir (0-1) - Buts de Luxe Vs OLIVE-ATOME - 04/05/15 21:00 - Lundi 21h - Printemps 2015,258
2015-03-17T00:49:29Z,But de Zoubir (4-3) - OLIVE-ATOME Vs Buts de Luxe - 16/03/15 21:00 - Lundi 21h - Printemps 2015,216
2015-04-21T04:59:54Z,But de Zoubir (4-6) - OLIVE-ATOME Vs les Fils de Puteaux - 20/04/15 21:00 - Puteaux Urban Football,12
2014-09-15T22:50:50Z,But de Zoubir (5-2) - OLIVE-ATOME Vs Pieds Carrés - 15/09/14 21:00 - Lundi 21h - Automne 2014,17
2014-10-13T23:43:46Z,But de Zoubir (0-1) - La Meute Vs OLIVE-ATOME - 13/10/14 21:00 - Lundi 21h - Automne 2014,34
2015-04-10T17:39:32Z,Gevaro Nepomuceno goal vs. Steaua I Steaua – Petrolul 0–1 I Liga I Round 25 2014–15,508
2015-06-20T17:03:39Z,CS Blejoi Petrolul 19iun15,5323
2015-07-20T07:54:09Z,*SportonlinePH* Conferință după Petrolul - FC Voluntari 1-1,43
2014-11-07T10:08:13Z,Focus : Ludovic Baal,2501
2014-08-26T14:08:30Z,New: Liam Fontaine - Why I Joined Hibernian - Hibs TV Exclusive,5290
2015-03-07T17:44:07Z,Mohamed Tchité goal vs. Steaua I Petrolul – Steaua 1–1 I Cupa României semi-final first leg 2014–15,8893
2015-07-12T17:24:36Z,#7 Gevaro NEPOMUCENO vs fscb - #celmaibunpetrolist,3709
2015-07-01T16:47:29Z,Les impressions des premières recrues lensoises,13595
2015-07-18T20:30:10Z,Petrolul Ploiesti - FC Voluntari 1-1 ● Rezumat 18.07.2015,4262
2015-05-08T16:40:17Z,Vidéos Matchs AFC LIBERCOURT - ASN A (08-05-2015)(8),21
2015-04-20T18:21:36Z,"&quot;Simurq&quot; 0:2 &quot;Qarabağ&quot;, Topaz Premyer Liqası, XXX Tur, 17.04.2015",321
