published-time,comment,likes
2015-07-18T22:12:13Z,والله سبحان ربي آش يخلق ,0
2015-03-05T15:21:33Z,Saxol Angers magari xar :D,0
2015-03-03T18:59:03Z,dommage pour auxerre,1
2015-03-03T17:22:10Z,"au vue du match le nul est plutôt logique mais pour une fois de la réussite pour le SCO, ça rattrape les points perdus contre d'autres équipes tels que Brest.On est sur le podium c'est bien mais attention des désillusions des saisons passées, pour ça tout le monde a Jean Bouin vendredi !",2
2015-03-03T16:45:33Z,Aller le SCO,2
2015-03-03T13:38:14Z,#Ligue2 - J26 - Revivez les meilleurs moments de AJ Auxerre - Angers SCO (0-1) sur Youtube ! ,0
2015-03-03T12:42:38Z,C'est chers payé et puis quel but de chatte. Diarra zéro ! ,1
2015-03-15T17:18:34Z,AURIAC ET ANGERS EN LIGUE 1 OBLIGÉ,0
2015-03-15T09:53:51Z,allez le sco,0
2015-03-14T23:33:33Z,Allez le SCO,3
