publish_date,title,view_count
2015-03-02T23:45:49Z,Angers SCO - Auxerre. Réaction Khaled Ayari,1986
2015-04-13T22:17:46Z,Khaled Gharsallaoui (highlights),19030
2015-03-03T11:00:02Z,AJ Auxerre - Angers SCO (0-1)  - Résumé - (AJA - SCO) / 2014-15,9414
2015-03-14T22:59:59Z,US Créteil-Lusitanos - Angers SCO (0-1)  - Résumé - (USCL - SCO) / 2014-15,4025
2015-03-02T23:35:00Z,Conférence de presse AJ Auxerre - Angers SCO (0-1) - 2014/2015,1364
2015-07-08T07:04:32Z,Finale CL 2011 Espérance Sportive de Tunis 1-0 Wydad Casablanca Harrison Afful [Darragi &amp; Chawali],247984
2015-02-22T11:00:31Z,Cérémonie du meilleur joueur de la saison 2014 de l&#39;Espérance Sportive de Tunis,106
2014-12-29T19:24:17Z,EST - CSS (2-1) : But de Darragi (CL),693
2015-01-02T19:01:37Z,CAB - EST : But de Afful,247
2015-02-22T11:29:59Z,Houcine Ragued élu meilleur joueur de l&#39;Espérance en 2014 par ses supportersMon film,132
2015-03-19T20:57:00Z,تقرير / لخويا و العربي .. كلام كبير (برنامج 90 دقيقة),146
2015-01-07T13:56:00Z,rami bedoui 2,570
2015-05-11T17:42:07Z,Angers SCO - Paroles de supporters,437
2015-05-11T20:18:04Z,angers sco - sochaux vu de l&#39;extérieur,118
2015-02-07T19:03:02Z,Conférence de presse Angers SCO - Tours FC (2-0) - 2014/2015,743
2015-04-13T22:08:35Z,Conférence de presse Angers SCO - Valenciennes FC (0-0) - 2014/2015,972
2015-03-26T15:50:14Z,مكشخ من صغرى,15938
2015-05-11T20:51:38Z,Angers Sco - Sochaux. Réaction Stephane Moulin,359
