published-time,comment,likes
2014-08-31T09:12:20Z,Aller l'USO !!!,0
2014-08-30T23:54:03Z,Allez la berri !!!! CW & RBA,1
2015-07-01T12:43:36Z,Super saison bravo!,5
2015-06-30T17:58:52Z,Tres beau parcours des troyens,3
2015-06-13T09:56:04Z,Le 3ème but MAGNIFIQUE !!,4
2015-06-02T22:36:35Z,le troisième but les mec ont plus de justesse technique que Rennes ou Bordeaux mdr ca promet,2
2015-05-27T10:59:25Z,Hommage à tout ceux qui disnet qu il n y a pas de public à Troyes,9
2015-05-27T10:37:19Z,Bien joué Troyes vous l'avez mérité ce titre ;),7
2015-05-25T09:53:10Z,3:52 regardez le gros vent qui c'est pris thierrez,2
2015-05-25T07:42:02Z,gg pour la ligue 1 j'ai tout de suite vu votre beau jeu quand vous aver jouer contre sochaux avec ce magnifique but de Corentin jean  j'aurai aimer  sochaux a la place de Troyes mais sa sera la saison prochaine,1
2015-05-24T11:56:31Z,Que dire du 3ème but...,7
2015-05-23T23:19:24Z,"Bravo un beau parcours similaire au nôtres l'année passer mais ne faite pas comme nous en ligue 1 . 
Chaos bonne chance , des messins ! ",10
2015-05-23T23:00:52Z,Champions !!! ,6
2014-10-26T08:01:48Z,Gagner non volé grâce a un hors jeu oui,0
2014-10-26T07:12:52Z,Putain ouais une victoire ça fait plaiz !!!,1
2014-10-25T23:16:04Z,Enfinnn!!!!!!,0
2014-10-25T22:15:04Z,On a gagné !,0
2014-12-02T13:44:44Z,On aurais pu faire un résumé des 15 ballons envoyés en tribune par les valenciennois !,0
2014-12-01T10:08:51Z,#Ligue2 - J16 - Retrouvez tous les résumés des matchs de vendredi et samedi sur la chaîne officielle YouTube Ligue 2 !,2
2014-11-30T14:22:06Z,"Enfin une victoire à l'extérieur pour les Chamois, qu'elle fait du bien celle-là. Dommage pour l'ancien de la maison, Pascal Gastien, car Châteauroux avait toutes les occases pour plier le match, mais Niort en avait aussi, comme ce but d'Adama Ba juste avant la mi-temps ou cet incroyable raté de Jimmy Roye (qui était tout seul face au but vide, soulignons-le) en seconde période. Bon match, et espérons pour les deux équipes qu'elles se maintiennent en Ligue 2. ALLEZ CHAMOIS, tout de même.",0
2015-02-18T15:48:17Z,"Un joli boucher, encore, ce Sainati !",0
2014-12-30T18:43:37Z,"Nancy est hyper fort mais je supporte toujours la berrichone
ALLEZ CHÂTEAUROUX",0
2014-09-22T15:56:03Z," #Ligue2  - Classement des buteurs - Classement des buteurs - Lors d’une 7e journée de Ligue 2 marquée par 38 buts, Mana Dembélé (ASNL) s’est offert un quadruplé en déplacement ! http://bit.ly/1ym8JjR",1
2014-09-21T12:17:29Z,Bien jouer au Nancéiens #Chateauroux,6
2014-09-21T08:40:34Z,Allez Nancy super match à refaire <3,3
2015-05-16T08:00:06Z,C vraiment des merdes Châteauroux MDR,4
2015-03-23T18:34:14Z,aller nancy !!!!!!!!!!!!!!!!,2
2015-02-25T16:17:31Z,"#Ligue2 - Classement des passeurs - Maurice Dalé propulsé aux commandes !
L’attaquant de l’AS Nancy-Lorraine a été étincelant lors du festival offensif contre Châteauroux (6-0), réalisant un triplé à la passe qui lui permet de prendre la tête du classement des passeurs de Ligue 2 - http://www.lfp.fr/ligue2/article/maurice-dale-propulse-aux-commandes.htm",6
2015-02-23T12:32:35Z,"avant le 5e but, un joueur de nancy remonte tout le terrain les la berri court autour en tant que spectateur, sérieusement! Bonne chance aux deux équipes pour leurs deux objectifs! ",2
2015-02-22T23:01:59Z,"Jai honte d etre supporter de la Berri 
C est ca de glander a domicile 
Vous allez y alle en national pour mon plus grand desarroi .
Berri tu n est plus la meme.",3
2015-02-22T17:51:34Z,Allez Nancy !!! ,3
2015-02-22T12:35:51Z,Quelle déf de merde du côté de Châteauroux !,2
2015-02-22T09:22:19Z,pourquoi on voit jamais ca a Nimes :'(,0
2015-02-22T08:51:43Z,J'espère que Nancy va remonter en ligue 1 ;),5
2015-02-22T00:48:37Z,Nancy a largement sa place en Ligue 1,8
2015-02-22T00:17:42Z,"Dalé félicitations pour tes 3 Passes Décisives, certainement un des meilleurs joueurs de la tête cette année.",3
2015-02-22T00:16:30Z,Youssouf is the Man,3
2015-02-22T00:00:35Z,Une boucherie x),1
2015-02-21T23:42:37Z,"Allez cette fois c'est la bonne ! Chateauroux en National, ça leur fera pas de mal.",8
2014-11-03T14:50:44Z,c quoi ce stade mdr,0
2015-05-10T00:58:53Z,Bye bye ligue 1 ,1
2014-10-01T23:10:16Z,que moral,0
2015-03-29T08:11:10Z,Courage ,0
2015-04-12T12:15:04Z,Je savais pas que Laurent Fabius était devenu arbitre...,1
2015-04-12T00:05:01Z,"♫ Givet ou j'y vais pas , givet ou j'y vais pas ♫",0
2015-05-10T16:53:46Z,Allez le hac,1
2015-07-19T20:08:09Z,"Aaaah Roger Hitoto,un grand leopard,medaille de bronze CAN 1998.Ca m'a fait grand plaisir de le revoir encore.A la CAN 2015 le match reference est celui de 4-2 vs congo brazza mais a l'epoque de Hitoto c'etait le fameux match miracle vs le pays organisateur le Burkinafaso.Mene 4-1 a 5' de la fin du match,nous avions egalise et battu le Burkina au tirs au buts.Encore merci a Roger Hitoto.",1
