publish_date,title,view_count
2015-05-19T06:24:15Z,"Trophées du National 2014-2015, les temps forts de la cérémonie",3905
2015-07-09T12:08:55Z,Sane: Holdet er ligesom en familie,1811
2015-06-13T21:15:13Z,Sénégal vs Burundi (3-1) | Qualifications CAN 2017,286414
2014-08-16T16:50:44Z,FC Bourg Peronnas SR Colmar 1-2,1257
2015-02-04T14:10:29Z,Club House - Entretiens Saivet vs Sané [Extrait],187
2015-03-28T22:01:25Z,Ghana vs Sénégal (1-2) - Match amical,128803
2015-02-07T12:00:00Z,Point Presse - Lamine Sané - Evian vs Bordeaux,442
2014-08-11T09:20:56Z,Réactions après le succès à Montpellier,287
2014-12-18T06:00:06Z,LOSC Lille - Girondins de Bordeaux (1-1 a. p. 6-5)  (1/8 de finale) - Resume (LOSC - GdB) / 2014-15,24603
2015-03-28T22:13:17Z,Sénégal 2-1 Ghana | 28/03/2015,834
2015-07-28T19:02:05Z,Famara Diédhiou parle de Clermont Foot et de Sochaux,930
2015-01-17T09:57:31Z,Première séance d&#39;entrainement des lions à Mongomo,367
2015-05-24T00:06:12Z,But Alexander DJIKU (39&#39; csc) / Olympique de Marseille - SC Bastia (3-0) -  (OM - SCB) / 2014-15,5353
2015-07-01T05:14:55Z,Séance d&#39;entraînement de l&#39;Equipe Nationale Locale du Sénégal,1985
2014-08-12T18:13:33Z,La samba du foot avec Mame Fatou Ndoye - Brésil 2014,3622
2015-03-03T23:56:15Z,Yannick Bolasie post Southampton Interview,2994
2014-09-06T10:34:30Z,FC Bourg Péronnas 1-0 CA Bastia / Journée 5,3033
2015-02-07T23:00:01Z,Clermont Foot - Chamois Niortais (1-1)  - Résumé - (CF63 - NIORT) / 2014-15,1646
2014-10-07T16:45:38Z,CENTRE SPORTIF BABACAR GUEYE 4,416
2015-05-09T23:19:02Z,Diambars FC - Casa sport ( 0 - 0 ) - samedi 9 mai 2015 - Résumé,424
2014-10-07T16:54:38Z,CENTRE SPORTIF BABACAR GUEYE Sénégal,329
2014-12-10T08:55:56Z,Chamois Niortais,66
2014-08-31T16:05:02Z,Football / Sagnol : &quot;Dommage de réduire le match à la main&quot; 31/08,204
2014-09-17T17:34:04Z,Club House - Paroles avant Evian,242
2015-01-19T04:16:20Z,senegal libye,202
2015-04-25T10:56:14Z,CFA : L&#39;attaquant Anthony Schuster (Les Herbiers VF) avant Concarneau,465
2014-12-20T08:00:00Z,Point Presse de Willy Sagnol avant Lyon,305
2014-08-08T09:35:11Z,La conf&#39; de Willy Sagnol avant Montpellier,1029
2014-10-18T07:00:05Z,Point Presse de Willy Sagnol avant Caen,531
2014-10-07T16:45:38Z,CENTRE SPORTIF BABACAR GUEYE 5,418
