published-time,comment,likes
2015-05-19T19:44:36Z,Aller rcs,1
2015-05-19T09:47:16Z,Oukidja = meilleur gardien de national ! 😜💙,1
2015-05-19T08:52:11Z,sane,2
2015-06-14T19:24:16Z,felicitations les lions,0
2015-06-14T12:13:53Z,du courage nos lions,0
2015-06-14T10:50:07Z,Worst referee ever LOL! Just watch the first goal... -.-,1
2015-06-14T00:34:01Z,Félicitations les lions du Sénégal ,1
2015-04-01T00:31:52Z,Vive,0
2015-03-29T16:41:17Z,Vive football,0
2014-12-31T00:33:41Z,Enyemma est trop fort :),2
2014-12-18T18:46:56Z,Dommage que l'on ait pas le pénalty d'Enyeama :/,4
2014-12-18T17:32:35Z,"BSN & DVE <3 
ISSA NISSA ! 
Maintenant comme Nice est éliminé je suis pour Lille en coupe de la ligue ! :)",1
2014-12-18T16:04:33Z,on a gagné mais on aurait pu marquer plein de fois c'est toujours la finission qui foire,1
2015-05-27T14:23:12Z,Quelle miskine ce bastiais,0
2015-05-24T08:14:19Z,Allez L'OM!!!,3
2015-05-24T05:29:23Z,"Morel,haussement que ta frappe et contré si non tu marque jamais à jamais olympien 
",0
2014-08-13T09:21:56Z,La samba du foot avec Mame Fatou Ndoye - Brésil 2014,1
2014-08-15T00:01:18Z,"Les paroles sont réfléchies, il sait ou il va, il a la tête sur les épaules ! Cet entraîneur me paraît génial ! allez bordeaux ! ",0
