published-time,comment,likes
2015-07-06T11:07:44Z,allez brest,0
2015-06-04T08:11:05Z,ya meme pas de creteil tours ya santamaria et aussi andriatsima,0
2015-06-01T21:36:28Z,Ce champs de patate le terrain de Clermont 😱,0
2015-05-27T13:11:07Z,"J38 - Revivez les plus beaux buts de la 38ème journée sur la chaîne officielle Youtube ‪#‎Ligue2‬ ! Et vous, lequel préférez-vous ? ",7
2015-05-24T08:29:50Z,Le but de videmont n y est pas c est bizzare,0
2015-07-01T12:43:36Z,Super saison bravo!,5
2015-06-30T17:58:52Z,Tres beau parcours des troyens,3
2015-06-13T09:56:04Z,Le 3ème but MAGNIFIQUE !!,4
2015-06-02T22:36:35Z,le troisième but les mec ont plus de justesse technique que Rennes ou Bordeaux mdr ca promet,2
2015-05-27T10:59:25Z,Hommage à tout ceux qui disnet qu il n y a pas de public à Troyes,9
2015-05-27T10:37:19Z,Bien joué Troyes vous l'avez mérité ce titre ;),7
2015-05-25T09:53:10Z,3:52 regardez le gros vent qui c'est pris thierrez,2
2015-05-25T07:42:02Z,gg pour la ligue 1 j'ai tout de suite vu votre beau jeu quand vous aver jouer contre sochaux avec ce magnifique but de Corentin jean  j'aurai aimer  sochaux a la place de Troyes mais sa sera la saison prochaine,1
2015-05-24T11:56:31Z,Que dire du 3ème but...,7
2015-05-23T23:19:24Z,"Bravo un beau parcours similaire au nôtres l'année passer mais ne faite pas comme nous en ligue 1 . 
Chaos bonne chance , des messins ! ",10
2015-05-23T23:00:52Z,Champions !!! ,6
2015-03-10T14:01:54Z,"Et ACA-AJA, c'est en option !?",0
2015-03-10T11:10:32Z,#Ligue2 - J27 - Revivez les meilleurs moments de Stade Brestois 29 - Châteauroux (3-0) sur Youtube ! ,3
2015-03-15T13:54:27Z,Beau match et victoire m�rit�e de l'ACA!,0
2015-05-16T08:00:06Z,C vraiment des merdes Châteauroux MDR,4
2015-03-23T18:34:14Z,aller nancy !!!!!!!!!!!!!!!!,2
2015-02-25T16:17:31Z,"#Ligue2 - Classement des passeurs - Maurice Dalé propulsé aux commandes !
L’attaquant de l’AS Nancy-Lorraine a été étincelant lors du festival offensif contre Châteauroux (6-0), réalisant un triplé à la passe qui lui permet de prendre la tête du classement des passeurs de Ligue 2 - http://www.lfp.fr/ligue2/article/maurice-dale-propulse-aux-commandes.htm",6
2015-02-23T12:32:35Z,"avant le 5e but, un joueur de nancy remonte tout le terrain les la berri court autour en tant que spectateur, sérieusement! Bonne chance aux deux équipes pour leurs deux objectifs! ",2
2015-02-22T23:01:59Z,"Jai honte d etre supporter de la Berri 
C est ca de glander a domicile 
Vous allez y alle en national pour mon plus grand desarroi .
Berri tu n est plus la meme.",3
2015-02-22T17:51:34Z,Allez Nancy !!! ,3
2015-02-22T12:35:51Z,Quelle déf de merde du côté de Châteauroux !,2
2015-02-22T09:22:19Z,pourquoi on voit jamais ca a Nimes :'(,0
2015-02-22T08:51:43Z,J'espère que Nancy va remonter en ligue 1 ;),5
2015-02-22T00:48:37Z,Nancy a largement sa place en Ligue 1,8
2015-02-22T00:17:42Z,"Dalé félicitations pour tes 3 Passes Décisives, certainement un des meilleurs joueurs de la tête cette année.",3
2015-02-22T00:16:30Z,Youssouf is the Man,3
2015-02-22T00:00:35Z,Une boucherie x),1
2015-02-21T23:42:37Z,"Allez cette fois c'est la bonne ! Chateauroux en National, ça leur fera pas de mal.",8
2015-02-03T16:41:50Z,"#Ligue2 - Classement des buteurs - Jonathan Kodjia s’emballe ! 
Avec un 6e but en 4 matchs, l’attaquant d’Angers SCO compte à présent trois buts d’avance en tête du classement officiel des buteurs de Ligue 2 ! http://minilien.fr/a0nvgd",3
2015-02-10T17:01:45Z,ALLEZ L'US Orléans on est tous derrière vous!!!,0
2015-02-08T08:25:23Z,Ça c'est les petites erreurs défensives qui coûte une saison en national,0
2015-02-08T07:55:17Z,Que de passivité défensive sur le but ...,0
2015-02-07T23:51:59Z,Wow le but ridicule,0
2015-01-25T17:02:45Z,"C'est ça de s'enflammer quand on marque un but mes petits bleus et rouges...
Concentrez vous le dernier but des Clermontois est honteux, fallait rester concentrez
Branleurs cette équipe...
Bravo a Clermont qui a su revenir au score 3* avec notre déplorable équipe.
Direction National et on en parle plus..",1
2015-01-20T16:48:38Z,"#Ligue2 - Classement des buteurs - Dans le sillage de son remplaçant de luxe Frédéric Piquionne et de son 6e but lors de la 20e journée, l’US Créteil-Lusitanos a la 3e attaque la plus performante de Ligue 2 - http://minilien.fr/a0nwde",2
2015-02-18T15:48:17Z,"Un joli boucher, encore, ce Sainati !",0
2014-12-02T13:44:44Z,On aurais pu faire un résumé des 15 ballons envoyés en tribune par les valenciennois !,0
2014-12-01T10:08:51Z,#Ligue2 - J16 - Retrouvez tous les résumés des matchs de vendredi et samedi sur la chaîne officielle YouTube Ligue 2 !,2
2014-11-30T14:22:06Z,"Enfin une victoire à l'extérieur pour les Chamois, qu'elle fait du bien celle-là. Dommage pour l'ancien de la maison, Pascal Gastien, car Châteauroux avait toutes les occases pour plier le match, mais Niort en avait aussi, comme ce but d'Adama Ba juste avant la mi-temps ou cet incroyable raté de Jimmy Roye (qui était tout seul face au but vide, soulignons-le) en seconde période. Bon match, et espérons pour les deux équipes qu'elles se maintiennent en Ligue 2. ALLEZ CHAMOIS, tout de même.",0
2015-03-02T09:30:22Z,Ca fait plaisir de voir une Berri comme ça !!! Enfin j'ai envie de dire mais la continuité j'ai bien peur que... mais maintenant j'y crois allez Berri !,0
2015-03-01T17:11:54Z,"c'est marrant cette équipe, il gagnent 5-4 Dijon en faisant un match de fou , ils gagnes 2-1 sochaux ,4 vicoires consecutives ...
ET ILS SONT MÊME PAS CAPABLE DE BATTRE LES 19 EME  QUI ONT PAS GANER DEPUIS 4 MOIS ",1
2015-03-01T11:18:43Z,Enfinnnnnnnn!!!!!!! LA victoire,2
2015-03-24T15:16:37Z,"#Ligue2 - Classement des buteurs - « KTE », un Lionceau menaçant !
Après son doublé de la 29e journée, Karl Toko Ekambi (FC Sochaux-Montbéliard) revient dans la course au podium et au titre de meilleur buteur de Ligue 2 - http://www.lfp.fr/ligue2/article/kte-un-lionceau-menacant.htm",4
2015-03-22T10:29:49Z,Allez Sochaux !!!! Magnifique le 3ème but ! 😀,6
2015-03-22T10:29:10Z,"Quel but de Berenger, le plus beau but de ligue 2 de cette saison!",2
2015-03-22T08:56:39Z,Allez sochaux,4
2014-11-23T09:57:35Z,"Gragnic en forme, s'il n'avait pas était blessé en début de saison on n'aurait pu prendre d’avantage de points. Y'a pas possibilité de nous faire voire le but de Châteauroux sous un autre angle ? On voit pas vraiment sur la vidéo et on ne peut pas vraiment se fier aux arbitres...",0
2015-05-10T00:58:53Z,Bye bye ligue 1 ,1
2015-02-12T18:31:13Z,"Welcome to Seattle, Andres!",1
