publish_date,title,view_count
2015-05-23T22:00:09Z,Top buts 38ème journée - Ligue 2 / 2014-15,6066
2015-05-23T22:00:00Z,ESTAC Troyes - Châteauroux (4-1)  - Résumé - (ESTAC - LBC) / 2014-15,17542
2015-03-10T11:00:00Z,Stade Brestois 29 - Châteauroux (3-0)  - Résumé - (SB29 - LBC) / 2014-15,5085
2015-03-14T23:00:00Z,Châteauroux - AC Arles Avignon (1-2)  - Résumé - (LBC - ACA) / 2014-15,3094
2015-02-21T22:59:59Z,AS Nancy-Lorraine - Châteauroux (6-0)  - Résumé - (ASNL - LBC) / 2014-15,30198
2015-01-31T22:59:59Z,Châteauroux - Angers SCO (0-1)  - Résumé - (LBC - SCO) / 2014-15,3657
2015-05-02T22:00:00Z,Châteauroux - Valenciennes FC (3-0)  - Résumé - (LBC - VAFC) / 2014-15,4677
2015-02-07T23:00:02Z,US Orléans - Châteauroux (1-0)  - Résumé - (USO - LBC) / 2014-15,2592
2015-01-24T23:00:02Z,Clermont Foot - Châteauroux (3-3)  - Résumé - (CF63 - LBC) / 2014-15,24378
2015-05-16T22:00:00Z,Châteauroux - Havre AC (0-0)  - Résumé - (LBC - HAC) / 2014-15,1271
2015-01-17T23:00:05Z,Châteauroux - US Créteil-Lusitanos (2-2)  - Résumé - (LBC - USCL) / 2014-15,2517
2015-02-14T23:00:00Z,Châteauroux - AC Ajaccio (0-0)  - Résumé - (LBC - ACAJ) / 2014-15,1021
2014-11-29T23:00:06Z,Châteauroux - Chamois Niortais (0-1)  - Résumé - (LBC - NIORT) / 2014-15,2025
2015-02-28T23:00:00Z,Châteauroux - Nîmes Olympique (2-1)  - Résumé - (LBC - NIMES) / 2014-15,3412
2015-03-21T23:00:00Z,FC Sochaux-Montbéliard - Châteauroux (3-0)  - Résumé - (FCSM - LBC) / 2014-15,10992
2014-11-22T23:00:05Z,AJ Auxerre - Châteauroux (3-1)  - Résumé - (AJA - LBC) / 2014-15,5541
2015-05-09T21:59:59Z,Dijon FCO - Châteauroux (0-1)  - Résumé - (DFCO - LBC) / 2014-15,3745
2015-07-23T16:14:21Z,"OMAR MONTERDE, goles con una zurda de oro",650
2015-04-18T13:18:51Z,BUT !!! de Angers (Dijon – Angers),31
2014-08-08T23:32:02Z,Sacha Clémence,644
2015-02-10T21:51:10Z,Interview: Andrés Correa on Joining Sounders FC,817
2014-12-01T22:41:28Z,"Emag: Baptiste SANTAMARIA Footballeur Pro, Formé en Région",2874
