publish_date,title,view_count
2014-11-07T10:08:13Z,Focus : Ludovic Baal,2501
2014-11-12T13:47:46Z,Hors foot : Ludovic Baal,8700
2015-03-26T14:12:29Z,"YANA DOKO, EXPLOSION dans les tribunes",991
2014-11-09T23:00:07Z,RC Lens - Girondins de Bordeaux (1-2) - Highlights - (RCL - GdB) / 2014-15,1797
2014-09-21T22:01:22Z,RC Lens - AS Saint-Etienne (0-1) - Highlights - (RCL - ASSE) / 2014-15,2089
2014-12-10T10:44:56Z,Hors foot : Jérôme Le Moigne,4699
2014-11-03T02:59:21Z,Les réactions après Marseille - Lens,3543
