published-time,comment,likes
2014-11-13T11:45:39Z,"Très bon joueur, et très régulier dans ses productions",1
2014-11-13T11:38:33Z,"SUPERBE reportage sur un mec bien qui défend les couleurs du RACING en donnant le maximum.Je suis très attaché aux joueurs du racing,ludo est un de mes préféres.",1
2014-11-12T20:08:54Z,"Vraiment bien ce genre de mini-reportage, belle initiative, on en redemande! :)",1
2014-11-12T18:50:11Z,Super j'espère qu'il y en aura d'autre :) ,1
2014-11-12T17:46:12Z,Heuresement que je ne chante pas quand je mix moi :p,1
2014-11-12T14:09:27Z,La belle vie ,1
2014-11-10T03:31:27Z,terrible decision on the penalty. He headed the ball first.,0
2014-11-09T23:13:57Z,"That was an awful penalty decision... what in the world. Planus CLEARLY got the ball first, the other player charged in, never got the ball and made contact. The ref got the decision backwards.",0
2014-09-23T11:36:13Z,Fantastic goal. Very good play from ASSE,0
2014-12-10T15:33:50Z,au top Jérôme lemoigne. tu es le pilier de l’équipe. ça se voit quand tu n'est pas la. gros soutien. En avant pour le maintien. On va y arrivé ;),1
2014-12-10T12:08:11Z,Connaitre ses joueurs hors foot est une très bonne idée !! Bravo ,5
2014-11-04T07:28:40Z,"on ne lache rien les garçons fier de vous ,courage,merci a A.K pour le travail que vous faites
 ",0
2014-11-03T09:01:20Z,"Bravo à Lens !! Vous avez bien joué, c'est juste que vous avez la poisse",0
2014-11-03T05:52:13Z,Fier de vous !,0
