publish_date,title,view_count
2015-04-11T21:59:59Z,Stade Brestois 29 - AJ Auxerre (0-1)  - Résumé - (SB29 - AJA) / 2014-15,4657
2014-09-16T10:00:04Z,ESTAC Troyes - AJ Auxerre (1-2)  - Résumé - (ESTAC - AJA) / 2014-15,11482
2014-10-25T22:00:06Z,Nîmes Olympique - AJ Auxerre (0-1)  - Résumé - (NIMES - AJA) / 2014-15,5016
2014-08-09T22:00:01Z,Clermont Foot - AJ Auxerre (1-1)  - Résumé - (CF63 - AJA) / 2014-15,6036
2015-03-03T11:00:02Z,AJ Auxerre - Angers SCO (0-1)  - Résumé - (AJA - SCO) / 2014-15,9414
2014-08-02T22:00:03Z,AJ Auxerre - Havre AC (2-0)  - Résumé - (AJA - HAC) / 2014-15,13288
2014-09-27T22:00:01Z,AJ Auxerre - AC Arles Avignon (2-1)  - Résumé - (AJA - ACA) / 2014-15,7194
2015-02-21T23:00:00Z,AC Ajaccio - AJ Auxerre (1-1)  - Résumé - (ACAJ - AJA) / 2014-15,3541
2015-03-10T16:18:37Z,AC Arles Avignon - AJ Auxerre (2-4)  - Résumé - (ACA - AJA) / 2014-15,6821
2014-09-30T15:40:11Z,Top buts 9ème journée - Ligue 2 / 2014-15,1451
2014-08-30T22:00:02Z,AJ Auxerre - Valenciennes FC (1-2)  - Résumé - (AJA - VAFC) / 2014-15,12168
2014-11-01T23:00:03Z,AJ Auxerre - Stade Brestois 29 (0-3)  - Résumé - (AJA - SB29) / 2014-15,6708
2015-05-02T22:00:00Z,AJ Auxerre - GFC Ajaccio (0-0)  - Résumé - (AJA - GFCA) / 2014-15,2562
2015-01-17T23:00:03Z,AJ Auxerre - Clermont Foot (1-1)  - Résumé - (AJA - CF63) / 2014-15,3762
2015-01-24T23:00:02Z,US Orléans - AJ Auxerre (0-0)  - Résumé - (USO - AJA) / 2014-15,2063
2014-09-24T22:00:05Z,Angers SCO - AJ Auxerre (0-0)  - Résumé - (SCO - AJA) / 2014-15,2303
2015-05-09T21:59:59Z,Chamois Niortais - AJ Auxerre (1-1)  - Résumé - (NIORT - AJA) / 2014-15,2748
2014-11-08T23:00:02Z,Tours FC - AJ Auxerre (2-3)  - Résumé - (TOURS - AJA) / 2014-15,6105
2014-11-22T23:00:05Z,AJ Auxerre - Châteauroux (3-1)  - Résumé - (AJA - LBC) / 2014-15,5541
2015-04-25T22:00:00Z,Châteauroux - AJ Auxerre (2-1)  - Résumé - (LBC - AJA) / 2014-15,3986
2015-05-23T22:00:00Z,Havre AC - AJ Auxerre (2-1)  - Résumé - (HAC - AJA) / 2014-15,3493
2015-01-10T23:00:08Z,US Créteil-Lusitanos - AJ Auxerre (2-2)  - Résumé - (USCL - AJA) / 2014-15,4956
2014-11-29T23:00:05Z,Stade Lavallois - AJ Auxerre (1-1)  - Résumé - (LAVAL - AJA) / 2014-15,4916
2014-10-04T19:06:59Z,FC Sochaux-Montbéliard - AJ Auxerre (0-0)  - Résumé - (FCSM - AJA) / 2014-15,3402
2015-04-29T17:55:53Z,AJ Auxerre - Stade Lavallois (1-1)  - Résumé - (AJA - LAVAL) / 2014-15,2494
2014-08-23T22:00:01Z,Dijon FCO - AJ Auxerre (1-0)  - Résumé - (DFCO - AJA) / 2014-15,7037
2014-08-16T22:00:02Z,AJ Auxerre - US Orléans (0-1)  - Résumé - (AJA - USO) / 2014-15,7315
2014-10-18T18:21:57Z,AJ Auxerre - AS Nancy-Lorraine (2-2)  - Résumé - (AJA - ASNL) / 2014-15,9396
2014-09-27T16:52:17Z,Conférence de presse AJ Auxerre - AC Arles Avignon (2-1) - 2014/2015,311
