publish_date,title,view_count
2014-11-02T23:26:10Z,But Baptiste GUILLAUME (31&#39;) / Olympique de Marseille - RC Lens (2-1) -  (OM - RCL) / 2014-15,12718
2014-12-14T23:00:09Z,Goal Baptiste GUILLAUME (34&#39;) / Montpellier Hérault SC - RC Lens (3-3) - (MHSC - RCL) / 2014-15,3266
2015-07-21T21:15:52Z,Deux nouvelles recrues au LOSC,738
2014-12-15T01:19:47Z,Montpellier Hérault SC - RC Lens (3-3) - Highlights - (MHSC - RCL) / 2014-15,1558
2014-10-29T00:55:20Z,But de Baptiste (4-4) - Buts de Luxe Vs les Fils de Puteaux - 28/10/14 21:00,3
2015-03-01T23:00:01Z,RC Lens - Stade Rennais FC (0-1) - Highlights - (RCL - SRFC) / 2014-15,644
2014-11-02T23:31:10Z,Goal Baptiste GUILLAUME (31&#39;) / Olympique de Marseille - RC Lens (2-1) - (OM - RCL) / 2014-15,740
2014-12-14T23:00:08Z,But Baptiste GUILLAUME (34&#39;) / Montpellier Hérault SC - RC Lens (3-3) -  (MHSC - RCL) / 2014-15,1911
2015-02-08T23:00:00Z,AS Saint-Etienne - RC Lens (3-3) - Highlights - (ASSE - RCL) / 2014-15,1779
2014-12-15T02:20:11Z,De beaux arrêts lors de la  18ème journée de Ligue 1 / 2014-15,11143
2015-04-28T04:41:29Z,But de Baptiste (2-1) - Buts de Luxe Vs les Fils de Puteaux - 27/04/15 21:00,14
2014-11-03T01:16:45Z,Olympique de Marseille - RC Lens (2-1) - Highlights - (OM - RCL) / 2014-15,10855
2015-03-08T23:00:00Z,Paris Saint-Germain - RC Lens (4-1) - Highlights - (PSG - RCL) / 2014-15,9417
2014-10-26T23:00:04Z,Toulouse FC - RC Lens (0-2) - Highlights - (TFC - RCL) / 2014-15,1540
2014-11-09T23:00:07Z,RC Lens - Girondins de Bordeaux (1-2) - Highlights - (RCL - GdB) / 2014-15,1797
2014-12-15T02:16:38Z,Some amazing saves on Week 18 / 2014-15,1720
2015-01-11T23:00:08Z,EA Guingamp - RC Lens (2-0) - Highlights - (EAG - RCL) / 2014-15,1094
2014-12-07T23:00:06Z,RC Lens - LOSC Lille (1-1) - Highlights - (RCL - LOSC) / 2014-15,2206
2015-01-25T23:00:02Z,Stade de Reims - RC Lens (0-0) - Highlights - (SdR - RCL) / 2014-15,1015
2015-04-05T22:00:00Z,Girondins de Bordeaux - RC Lens (2-1) - Highlights - (GdB - RCL) / 2014-15,1545
2014-11-02T23:27:47Z,Goal Nicolas NKOULOU (11&#39;) / Olympique de Marseille - RC Lens (2-1) - (OM - RCL) / 2014-15,933
2015-04-12T22:00:00Z,RC Lens - FC Lorient (0-0) - Highlights - (RCL - FCL) / 2014-15,602
2014-09-14T22:00:03Z,But Guillaume GILLET (54&#39;) / SC Bastia - RC Lens (1-1) -  (SCB - RCL) / 2014-15,3904
2014-11-03T00:01:09Z,Olympique de Marseille - RC Lens (2-1)  - Résumé - (OM - RCL) / 2014-15,134438
2014-12-15T02:17:18Z,Bloopers : Week 18 / 2014-15,1602
2014-12-15T02:20:05Z,Tous les buts de la 18ème journée - Ligue 1 / 2014-15,9608
2014-11-02T23:25:30Z,But Nicolas NKOULOU (11&#39;) / Olympique de Marseille - RC Lens (2-1) -  (OM - RCL) / 2014-15,8537
2014-11-23T23:00:05Z,FC Lorient - RC Lens (1-0) - Highlights - (FCL - RCL) / 2014-15,4360
2014-10-26T23:00:05Z,Toulouse FC - RC Lens (0-2)  - Résumé - (TFC - RCL) / 2014-15,26183
2014-11-09T23:00:06Z,RC Lens - Girondins de Bordeaux (1-2)  - Résumé - (RCL - GdB) / 2014-15,23457
2014-12-15T02:34:52Z,Highlights : Week 18 / 2014-2015,2808
2014-12-15T01:11:21Z,Top buts 18ème journée - Ligue 1 / 2014-15,16609
2015-02-15T23:00:00Z,RC Lens - Evian TG FC (0-2) - Highlights - (RCL - ETG) / 2014-15,989
2014-12-21T23:00:06Z,RC Lens - OGC Nice (2-0) - Highlights - (RCL - OGCN) / 2014-15,1174
2014-12-14T23:00:05Z,Montpellier Hérault SC - RC Lens (3-3)  - Résumé - (MHSC - RCL) / 2014-15,27714
2015-02-08T22:59:59Z,AS Saint-Etienne - RC Lens (3-3)  - Résumé - (ASSE - RCL) / 2014-15,84859
2015-04-12T21:59:59Z,RC Lens - FC Lorient (0-0)  - Résumé - (RCL - FCL) / 2014-15,7614
2014-12-15T01:18:34Z,Top goals : Week 18 / 2014-15,1620
2015-03-01T22:59:59Z,RC Lens - Stade Rennais FC (0-1)  - Résumé - (RCL - SRFC) / 2014-15,10210
2014-12-15T02:16:33Z,Goals compilation : Week 18 / 2014-15,536
2014-10-28T23:25:02Z,Lens - Créteil,14659
2014-12-14T23:00:09Z,Goal Yoann TOUZGHAR (80&#39;) / Montpellier Hérault SC - RC Lens (3-3) - (MHSC - RCL) / 2014-15,272
2014-11-23T23:00:05Z,FC Lorient - RC Lens (1-0)  - Résumé - (FCL - RCL) / 2014-15,19496
2014-08-09T22:00:02Z,ESTAC Troyes - Tours FC (1-0)  - Résumé - (ESTAC - TOURS) / 2014-15,6373
2014-09-14T22:00:03Z,But Pablo CHAVARRIA (40&#39;) / SC Bastia - RC Lens (1-1) -  (SCB - RCL) / 2014-15,1096
2014-12-21T23:00:03Z,RC Lens - OGC Nice (2-0)  - Résumé - (RCL - OGCN) / 2014-15,42292
2014-12-15T02:22:22Z,Résumé de la 18ème journée - Ligue 1 / 2014-15,80948
2014-12-14T23:00:08Z,But Yoann TOUZGHAR (80&#39;) / Montpellier Hérault SC - RC Lens (3-3) -  (MHSC - RCL) / 2014-15,11429
2014-11-03T16:52:11Z,OM - Lens (2-1) Tout les buts,126
2015-01-25T23:00:05Z,Stade de Reims - RC Lens (0-0)  - Résumé - (SdR - RCL) / 2014-15,8995
