published-time,comment,likes
2015-05-09T08:47:28Z,Allez Auxerre les supportere son la,0
2015-04-15T14:50:47Z,"Pour moi c'est pas juste!  Les auxerrois ont eu un gros manque de réalisme mais sur une occasion ils ont marqué, ils ne méritaient pas de gagner! C'est pas grave les brestois sont les meilleurs comme dit la chanson LES BLANCS SONT LES MEILLEURS LES AUTRES C'EST DES BRANLEURS..",2
2015-04-14T10:38:59Z,"J'étais en Tribune Quimper à ce match là, et franchement je pense qu'Auxerre s'en sort vraiment bien avec des gros coups de chance. Brest méritait au moins de marquer un but ! En revanche, le but de Puygrenier est juste magnifique...
Mais bon, c'est pas parce qu'on a perdu contre l'AJA en coupe et en championnat qu'ils faut baisser les bras, bien au contraire ! ALLEZ BRESTOIS TES SUPPORTERS SONT LA ! La montée s'annonce, certes, dure, mais il faut y croire jusqu'au bout pour Brest !",0
2015-04-12T16:45:46Z,Lembet parfait !! un gardien décisif c'est la clef d'une défense solide. Allez Auxerre faites nous rêver.,0
2015-04-12T13:53:03Z,Hold up parfait! Mais allez Brest!!!,0
2014-09-19T17:40:41Z,cher vous?! Le haut du parcage même pas rempli mdrr nous quand ont bien cher vous ont est cher nous le haut et bas est Troyens ;),0
2014-09-18T18:21:27Z,(5mn) Auxerrooooiiiiss auxerois auxerrois allez allez !!! Ultrat Auxerre !! sinon y a des ultrat a troyes ? ,3
2014-09-17T12:21:05Z,Il faut revoir la défense à Troyes...,1
2014-09-16T11:03:57Z,#Ligue2 - Revivez les meilleurs moments de ESTAC Troyes - AJ Auxerre (1-2) en vidéo.,6
2014-10-31T23:00:21Z,Incroyable comment nimes jouent comme des casseurs,0
2014-10-26T10:28:59Z,AJA et Basta !,1
2014-10-26T08:52:39Z,mais c'est du grand n'importe quoi !!! Ok on va dire il a pas a faire ce geste mais le tacle par l'arrière mais [ Passage censuré je retiens mes mots . Ils leurs faut quoi aux arbitres pour arbitrer correctement de toute façon Auxerre n'arrivera pas à gagner un match sans que sa soit du grand n'importe quoi avec les arbitres. Des scènes de ce genre combien de fois on n'en a vu à l'Abbé.D...,0
2014-10-26T08:44:48Z,Bien fait pour le nimois qui a le nez en sang.,2
2014-10-25T22:30:44Z,"""Expulsion logique"" pour Mulumba .. nan mais N'IMPORTE QUOI !!

C'est logique aussi le jaune pour le Nimois vous allez me dire ?! Bandes d'incapables ! Un geste comme sa  même en Premier League c'est rouge direct !

Entre les pénos non sifflés, les Hors-jeux imaginaires, les fautes imaginaires en notre défaveur, sa commence a doucement nous les briser !!

Ah sa pour s'excuser envers le PSG il y a du monde ! Mais pour le faire au autres il y a plus personnes !!",5
2014-08-14T15:49:19Z,c'est quoi ce commentateur de nul,1
2014-08-13T09:48:19Z,AuXerre lol monsieur le commentateur n est pas de Bourgogne dirait t on,1
2014-08-10T21:45:53Z,"Je trouve qu'il a plus de motivation aussi là ^^.
On a un sacré gardien de but à Clermont ...",0
2014-08-10T18:02:59Z,Changement de la voie,0
2014-08-09T22:45:14Z,#courageFred,3
2015-03-05T15:21:33Z,Saxol Angers magari xar :D,0
2015-03-03T18:59:03Z,dommage pour auxerre,1
2015-03-03T17:22:10Z,"au vue du match le nul est plutôt logique mais pour une fois de la réussite pour le SCO, ça rattrape les points perdus contre d'autres équipes tels que Brest.On est sur le podium c'est bien mais attention des désillusions des saisons passées, pour ça tout le monde a Jean Bouin vendredi !",2
2015-03-03T16:45:33Z,Aller le SCO,2
2015-03-03T13:38:14Z,#Ligue2 - J26 - Revivez les meilleurs moments de AJ Auxerre - Angers SCO (0-1) sur Youtube ! ,0
2015-03-03T12:42:38Z,C'est chers payé et puis quel but de chatte. Diarra zéro ! ,1
2014-08-06T07:57:29Z,Auxerre à sa place en L1 et non pas en L2...,1
2014-08-04T07:54:19Z,#Ligue2 - Retrouvez les résumés des matchs de la 1ère journée de Ligue 2 sur la chaîne officielle Youtube ! http://bit.ly/UVU8Jh,4
2014-08-04T06:56:59Z,Super résumé ou il manque la moitié des occasions...,0
2014-08-03T12:51:24Z,Pourquoi tu fais pas les match de préparation des équipes de ligue1,0
2014-08-03T11:50:06Z,C'est triste de voir ce stade aussi vidé :(,2
2014-08-03T11:36:28Z,je suis allé au match l’équipe du havre n' a rien a part gamboa et bonnet . Sinon l'aja a fait un très bon match et peut rêver de monter,0
2014-08-03T06:35:54Z,stade aussi vide pour une ouverture...,1
2014-08-02T22:14:52Z,2:00 1 à 0 non ??,1
2015-01-04T11:52:26Z,"AUXERRE C DE LA MERDE
ALLEZ L ACA",0
2014-09-28T18:40:21Z,pk manifester sa colère en arrachant le poteau de corner ?? Pour faire comme les meilleur du football ? c'est pas gagner... --',0
2014-09-27T23:14:57Z,heureusement pour moi qu il a gagne j ai parié 150€ dessus avec une cote a 2💰💰💰💰💰💰,2
2015-02-23T12:54:05Z,"Aller l Aja
",0
2015-04-11T10:37:56Z,ouf fallait le gagner celui _ là on s'est encore compliqué la tache pour rien .,0
2015-03-10T20:14:17Z,Pas mal l'arbitrage ... Sinon avant sa la défense de l'ACA parait moyenne,0
2015-02-15T00:04:00Z,Au moment des buts on entend Jacky Le Gall (journaliste pour tébéo) lol,0
2014-11-05T15:59:51Z,#Ligue2 - J13 - Classement des passeurs - Le latéral Gaëtan Belaud est le meilleur passeur du Stade Brestois 29 avec trois offrandes après 13 journées de Ligue 2 et contribue offensivement à sa 2e place !,2
2014-11-02T18:00:24Z,"Au lieu de l'""attaquant"" Moimbé (je ne savais pas qu'il avait quitté sa place en défense ;) ), c'est pas plutôt Makonda qui obtient le pénalty ? re- ;)",1
2014-11-02T15:39:12Z,"allez Brest,la montée nous tend les bras ;)",0
2014-11-02T11:07:24Z,arretez vous la les gars vous avez 20 supporters a l'exterieur par contre vous avez bien joué et nous c'étais un festival de connerie déffencives,0
2014-11-02T02:58:47Z,ICI c est brest !,0
2014-11-02T00:37:03Z,"Bravo les bresto ! ;) hate qu'ils remontent en d1 pour le derby contre rennes 
ALLEZ RENNES
ALLEZ BREST",0
2014-11-02T00:29:37Z,"AAAAALLER Brest :) cette saison, Le titre de L2 ! si vous le faite, je sors a poil a Brest ! XD
ICI, C'EST BREST !",1
2015-05-03T00:03:43Z,la grosse faute de maury sur puygrenier --' mais bon Auxerre n'est pas vraiment apprecier des arbitres a ce que je constate,2
2015-01-22T21:26:54Z,Très bon résumé,0
2015-01-18T14:06:08Z,et il est hors jeux le troisième FDP d'arbitre de M...E !!,0
2015-01-18T00:42:09Z,"Dégoûté de tous ces points perdus ... on pourrait être largement mieux classé ! 
En espérant un peu plus de réussite et surtout l'achat d'un vrai buteur.",1
2015-01-26T08:23:37Z,#Ligue2 - J21 - Retrouvez les résumés des matchs du week-end sur la chaîne officielle Youtube !,2
2015-01-25T23:20:19Z,Il a quoi Amara Baby ?,0
2015-01-25T09:31:26Z,ALLEZ L USO,0
2014-11-09T09:02:31Z,"le penalty est légèrement exagéré, de toute les manières à chaque matchs on encaisse un but sur péno, 1/3 n'est pas justifié ! l'arbitrage c'est vraiment pas ça, allez Auxerre !!",2
2014-11-23T09:57:35Z,"Gragnic en forme, s'il n'avait pas était blessé en début de saison on n'aurait pu prendre d’avantage de points. Y'a pas possibilité de nous faire voire le but de Châteauroux sous un autre angle ? On voit pas vraiment sur la vidéo et on ne peut pas vraiment se fier aux arbitres...",0
2015-04-26T10:37:55Z,ca sera plus facile contre paris xD,0
2015-04-25T22:45:43Z,Pff l'AJA aurait mériter de gagner,2
2015-01-14T12:23:33Z,BA !! Aller Auxerre Ultrat Auxerre !!,0
2015-01-12T08:18:58Z,#Ligue2 - J19 - Retrouvez les résumés des matchs de vendredi et samedi sur la chaîne officielle Youtube !,4
2015-01-11T19:55:28Z,"Toujours la même histoire avec Créteil et les dernières minutes, si on avait pas pris tout ces buts entre la 80 et la 90ème minute, on serait 4ème de ligue 2 !!!!!!",1
2015-01-11T12:06:29Z,Aj auxerre allez aj auxerre allez (8)  match a oublier en premiere mi-temps la deuxieme etait bien meilleur malheureusement on a pas reussi a en planter 2 en deuxieme parcage sympa qui aurai pu etre encore mieux m'enfin allez l'aja,1
2014-12-29T17:21:17Z,"Allez Laval
Mais ont a eu d3 la chance",0
2014-11-30T22:47:19Z,Premier but refusé????? Et pourquoi?????????,1
2014-11-30T13:47:59Z,Pour une fois que Laval fait match nul en étant dominé...,1
2014-11-30T11:46:39Z,que de chance pour laval sa fait chier pour l' aja <3,1
2014-11-30T10:48:12Z,Quelle chatte ce but je m'en remets toujours pas....,0
2014-11-30T10:15:09Z,oh putain mais la chance de ouf qu'ils ont !! mais faut s’arrêter là les mec ils ont tous les contres et nous on fait que des poteaux qu'est ce que tu veux faire de plus ! Là c'étais 3 points de pris normalement.,2
2014-11-29T23:14:07Z,"putain fais chier de perdre 2 points, on aurait mérité largement de gagner.",3
2014-10-10T17:31:11Z,Nicolas senzemba si tu lit sa jte promet un grand avenir dan lfoot on a grandi ensemble on c perdu de vue depui lcm2,0
2015-04-29T21:26:37Z,le but de laval est marquer de la main ...,1
2014-10-29T10:18:15Z,Vos gueule commentaire de merde Auxerre = [ Ausserre ] Bande d'inculte ,0
2014-09-16T17:34:21Z,ds les tribune on vious a sodomiser bleus et blanc sont les couleur de la bourgogne,2
2014-08-24T08:40:29Z,"Pour vous, quel ont etait les 3 meilleurs joueurs et les 2 meilleurs gardien lors de cette 4eme journée de ligue 2 ?",1
2014-08-24T00:00:59Z,Et la grosse faute dijonnaise sur l'attaquant auxerrois en fin de match ? Pourquoi vous nous la montrez pas ? Des ordres de la lfp ? Une faiblesse arbitrale à cacher ? Un ménage est à faire..,3
2014-08-23T22:28:53Z,"La Bourgogne restera à jamais Bleue et Blanche !
AJA & BASTA",6
2014-08-23T22:03:48Z,La Bourgogne est rouge !,13
2015-01-03T13:41:25Z,"Normalement aja aurait dû gagné mais de toute façon on a gagné en coupe de la ligue contre Orléans
",0
2014-12-30T18:55:58Z,Tete de merde de la part de l aja,0
2014-08-17T10:46:15Z,Super le pénalty imaginaire...,2
2014-10-22T08:33:03Z,#Ligue2 - Classement des buteurs - Mana Dembélé (AS Nancy-Lorraine) s’empare de la tête du classement officiel des buteurs de Ligue 2 après sa 7e réalisation lors de la 11e journée - http://miniurl.be/r-nh8,4
2014-10-20T04:54:15Z,Allez NANCY!,2
2014-10-19T11:56:39Z,NANCY peuvent dire merci l 'arbitre peno pour aja chapron le voit pas (bizarre) mais le naceein qui tombe avant d etre touche la il siffle comme tout les ans les peno de l aja on les voit jamais,2
2014-10-19T10:48:49Z,Arbitre en carton --' Il y avait une main nancéienne dans la surface en 1ere mi temps mais comme par hasard on la voit pas sur le résumé --' ,2
