published-time,comment,likes
2015-04-04T20:34:38Z,Viens au LOSC baptiste tu y seras bien accueilli ,0
2014-12-20T09:47:58Z,"Pas mal !!!!!!!!!!!!!!!!!!!!!!!!!!!!!!!!!!!!!!!!!!!!!!!!!!!!!!!!!!!!! Sauf certaines sont floues! !!!!!!!!!!!!!!
",0
2014-12-17T14:42:34Z,#Ligue1 - J18 - De beaux arrêts lors de la 18ème journée de Ligue 1 !,16
2014-12-16T17:59:59Z,MFA !!!!,0
2014-12-16T08:28:48Z,Haha le joueur de Bastia qui part célébrer tout seul quand Costil la met sur la barre :').,0
2014-12-15T22:09:16Z,"Sans un Vercoutre des grands soirs, on aurait pu en mettre 6 ou 7 !!",0
2014-12-15T21:48:25Z,Il manque celui de Mandanda sur la frappe de Martial,0
2014-12-15T21:45:31Z,"Grand match de Vercoutre pour son retour a Gerland, il était pas la Caen aurait pris plus ! Sinon Costil est en forme a ce que je vois !",1
2014-12-15T20:27:39Z,Sorbon se prend un vent a 2:06,0
2014-12-15T18:05:46Z,"PUTIN!!!



Ce qui on loupé Lyon",0
2014-12-15T12:37:12Z,Vercoutre is a beast!! Did Tony Lopes played? Odd to not see him here ,1
2014-12-15T09:24:48Z,MDR LE BASTIAIS QUI CROIT QU'IL A MARQUE ,7
2014-12-15T07:31:24Z,Costil vraiment en forme nationale!,4
2014-11-03T06:11:36Z,stay in first place ,0
2014-11-03T04:30:37Z,buena marchelo,0
2015-03-09T15:44:06Z,IBRA!,1
2015-03-09T02:48:05Z,Comment on fait pour louper l'occaz de Lavezzi ???,0
2015-03-09T01:36:31Z,First ,0
2014-10-28T02:27:33Z,whos the goalie?,0
2014-11-10T03:31:27Z,terrible decision on the penalty. He headed the ball first.,0
2014-11-09T23:13:57Z,"That was an awful penalty decision... what in the world. Planus CLEARLY got the ball first, the other player charged in, never got the ball and made contact. The ref got the decision backwards.",0
2015-04-12T22:33:59Z,1visualizacion 1 comentario primera vez en la vida,0
2015-05-08T16:43:39Z,Le mec il a dit premier periode,0
2015-03-15T23:59:02Z,cyprien qu'est ce qu'il te rate sérieux,0
2015-01-19T18:47:24Z,wonderful gol,0
2014-11-22T21:03:48Z,marsseille ses des merde,0
2014-11-05T14:43:47Z,"Allez, ce week-end, c'est la l'ultime étape pour prouver que l'om peut jouer le titre cette saison, allez, on y croit pour le classico :)",0
2014-11-04T00:28:25Z,"Quand je vois les occasions que les joueurs Lensois se créent, c'est pas de chance de perdre ce match... Ils méritent tellement mieux que cette 17è place !! Sans recrues, avec tout le monde qui nous donnent perdant à chaque matchs, ils ont vraiment un cœur énorme nos joueurs ! Sans être chauvin, j'espère sincèrement que Lens se maintiendra en fin de saison car ils se battent vraiment et ça nous fait vraiment honneur de les voir comme ça ! Une faible équipe oui sans réelle expérience Ligue 1 aussi mais avec un courage énorme . Des années qu'on avait pas eu une équipe comme ça :) Fier d'être Lensois bravo les gars vous y arriverez !!! Aller Lens <3",1
2014-11-03T16:48:16Z,"Allez L'om ! ""il y'a des victoires que l'on ne mérite pas, mais également des défaites que l'on ne mérite pas"". OM Lens pas un grand match pas une domination non plus... Mais souvenez vous de OM OL hein ^^
J'espère que Lens se maintiendra, ça me ferait mal au coeur de vous revoir déscendre, public similaire au notre ^^",0
2014-11-03T15:51:24Z,"marseille en forme ça fait plaisir , on compte sur vous pour battre les parisiennes ce week-end ( de la part d'un nantais )",5
2014-11-03T14:34:27Z,Merci mandanda !,2
2014-11-03T11:29:54Z,Que ce fut Dur !! Bref on ira a paris sans pression au moins ! Forza OM ,2
2014-11-03T11:23:53Z,et le carton rouge pour romao? ,2
2014-11-03T11:22:54Z,Aller les gars dimanche on met le psg a 7point,4
2014-11-03T11:20:17Z,mandanda a sauve om a la 95 minute ouf el fenomeno,0
2014-11-03T11:18:54Z,cool allez l om,0
2014-11-03T11:10:31Z,"Je tire mon Chapeau à cette jeune équipe Lensoise qui nous ont bougé pendant tout le match, ces 3 points sont très très important, sa fait vraiment du bien mais sa était difficile olala... Bref vivement dimanche prochain, quoiqu'il arrive on repartira leaders du parc. Allez L'OM.",14
2014-11-03T09:09:03Z,"Lens vous avez bien joué, vous auriez mérité l'égalisation :(",10
2014-11-03T05:53:16Z,Alalal les marseillais ils ont de l'espoir gagner contre Paris xD,0
2014-11-03T05:45:18Z,Pouah larbitrage francais me fait de plus en plus pitié ... Mais forza om chaud pour le classico,0
2014-11-03T03:06:41Z,Marseille qui fait l'autobus a domicile MDR,4
2014-11-03T01:38:57Z,Allez Rcl !,5
2014-11-03T01:22:54Z,Allez l'OM toujours 1er ;),4
2014-11-03T00:39:59Z,En espérant une victoire de Marseille au Classico !! Moi j'y crois !,9
2014-11-03T00:01:33Z,1 er vu,0
2014-12-18T23:50:32Z,That abuse to Ntep was so stupid. Idiot fans.,0
2014-12-16T18:57:10Z,Enorme le moment avec Bedimo et Lacazette qui se foutent de Umtiti,0
2014-12-16T07:12:04Z,a clash of heads is not funny,0
2014-12-15T16:23:10Z,#Ligue1 - J18 - Revivez tous les buts de la 18e journée de Ligue 1 en vidéo sur la chaîne officielle YouTube !,13
2014-12-15T11:27:06Z,Tous les buts sont super beaux,0
2014-12-15T07:00:06Z,First!!!!,0
2014-11-24T14:53:53Z,On le kiffe même si c st premier but nous on le kiffe avc ou sans buts,0
2014-11-02T23:42:03Z,Nkoulou tu nous régales continue comme ça !,2
2014-11-28T19:39:37Z,"Si tuviera la camiseta de RIver Plate (Argentina), el árbitro solo lo advierte y le da unas palmaditas en la espalda... huehue",0
2014-11-26T22:56:37Z,"Les personnes qui critique Hadid me fon rire , vous  connaissez rien au football  et sans les 20 millions d'euros d'Hafiz Lens sera en cfa ou national donc sa me fait rire les personnes qui critique Mamadov. Dans l'histoire du football quel personne a investi 20 millions d'euros pour un club de L2 ??? PERSONNE.
Il a fait Banqueroute dans ses affaires, il a tout perdu . Donc les GROSSE bouche  parler pas pour rien merci",0
2014-10-27T18:06:02Z,Encore les supporters lensois qui mettent l'ambiance x),1
2014-10-27T11:39:15Z,ouai Belon,0
2014-10-27T10:47:10Z,Belon!!,0
2014-10-27T09:19:19Z,Lens ils jouent avec 11 defenseur centraux j'avais jamais vu sa!!,0
2014-11-12T15:25:01Z,"ça serait bien que la voix-off regarde les matchs avant d'affirmer des choses comme ""la première opportunité est bordelaise"" faux, juste avant Lens avait failli marquer... ""faute de Marc Planus"" faux aussi... ",2
2014-11-10T23:28:00Z,"En tout cas, belle 4ieme place pour les girondins!!!!!!",2
2014-11-10T23:08:43Z,"Ce pénalty Imaginaire, faut penser à aller voir l'opticien !",2
2014-11-10T20:46:39Z,"L'attaquant Lensois aurait dû avouer à l'arbitre qu'il n'y avait pas pénalty, non seulement il y a pénalty mais derrière, Marc Planus se prend un carton alors qu'il joue le ballon, le dévit et se fait lui bousculer... Honte à l'arbitrage !",1
2014-11-10T10:46:24Z,"Chui supporter Lyonnais mais ils auraient qd même put montré la belle image où Diabaté, après son but, dis à ses coéquipier de venir avec lui pr prendre Sagnol dans ses bras après la polémique de merde qui avait eu au sujet que Sagnol avais fais des ""propos"" racistes envers les noirs ! Dommage...",8
2014-11-10T10:05:50Z,incroyable penalty imaginaire !,6
2014-11-10T09:36:42Z,"Lol comment on peut siffler un penalty la dessus?!?! Le mec est le premier sur le ballon, ca peut pas se siffler ca...",1
2014-11-10T07:36:15Z,pénalty imaginaire non ?,4
2014-11-09T23:05:28Z,Bordeaux <3,2
2014-12-19T17:22:14Z,super le but de jeanot ,0
2014-12-19T07:49:06Z,Mendes est le plus beau sans hésiter (Supp Lyonnais),2
2014-12-17T08:31:28Z,"#Ligue1 - J18 - Revivez les plus beaux buts de la 18ème journée de Ligue 1 en vidéo grâce à notre chaîne YouTube ! Et vous, lequel préférez-vous ?",14
2014-12-16T17:56:13Z,"L'éclair de génie de Mendes, il faut que les attaquants Lillois reprennent confiance et Lille pourra se sortir de sa dernière place au classement des attaques de L1",0
2014-12-15T19:14:30Z,Le plus beau c'est celui de Jug ! ^^,0
2014-12-15T17:09:37Z,Celui de Lorient laisse a désirer pourtant il y a plein de but cette journee! Je préfère le premier,0
2014-12-15T13:58:32Z,Y'a quand même du haut niveau en ligue 1 !,0
2014-12-15T12:22:21Z,Boudebouz le plus beau !,2
2014-12-15T11:35:23Z,Jtrouve que celui de Mendes est le plus beau de la journée :),6
2014-12-15T07:39:46Z,"quitte a mettre Lens, celui d eValdivia etait mieux...",2
2014-12-15T01:22:02Z,"Pour une fois qu'il y a mon équipe dans ce classement LOL..
On va voter Mendes !! :)",6
2014-12-16T16:12:47Z,"#Ligue1 - Classement des passeurs - Crédité d'un doublé à la passe, Jonas Martin (Montpellier HSC) figure à la 6e place au classement officiel des passeurs de la Ligue 1 après la 18e journée - http://minilien.fr/a0nc7o

Le classement complet : http://minilien.fr/a0ncyq",10
2014-12-15T22:42:21Z,Le meilleur but du match ! 1:49,5
2014-12-15T20:54:14Z,On a fait un beau match il y'a rien a dire on s'est battu jusque au bout...ALLEZ LENS!!!!!!,1
2014-12-15T10:12:34Z,"L'amorti sur le second but Montpelliérain, c'est Martin et pas Mounier.",0
2014-12-15T09:40:14Z,ACAB!!! Liberté pour les ultras!! Soutien au lensois qui ont été victime d'une repression policière abusive samedi soir!! Sur ce allez la paillade!!,1
2014-12-14T23:31:11Z,"Bon et sinon, le carton jaune pour le bonnet de père Noël de Mounier on en parle ?",0
2015-06-14T05:37:40Z,Tg c est pas une honte sa peut arriver a tout le monde,0
2015-04-05T12:46:49Z,N'empêche que le but de Nguemo est très beau !!,1
2015-03-22T14:58:49Z,"Bravo sainté, mener 2-0 contre l'avant dernière équipe du championnat et faire 3-3 !!!!! Respect à vous",0
2015-03-09T18:19:49Z,"contre une de ligue 2 ................................
c du JOLI !!!
essayer contre une de ligue 3 a ce moment la vou gagnerai peut etre",0
2015-02-15T19:00:28Z,combien pour l' arbitre??? car sans ce péno imaginaire on gagnait tranquil...,0
2015-02-12T22:15:54Z,"C'était un très bon match, tous les supporters ont pris du plaisir à le suivre. Un peu déçu du résultat des deux côtés mais de très bons souvenirs car deux des plus grands publics étaient réunis :-)",5
2015-02-11T22:42:15Z,"Je suis supporter Lensois mais je tenais a félicité les stéphanois. Belle équipe, beau public!! Un beau match des 2 équipes!!! Allez Lens et bravo à St Etienne ;-)",20
2015-02-09T18:52:09Z,"Les ASSE Lens sont toujours des sacrés matchs, avec des scénarios de fou :D",8
2015-02-09T11:24:18Z,Il est pourris le nouveau commentateur.,2
2015-02-09T10:50:13Z,one,0
2015-02-09T09:44:14Z,Seuls les vrais supporters savent à quel point les ASSE-Lens peuvent être fous...,50
2015-02-09T09:12:12Z,Bien joué Lens ! Je prie pour le maintien !,6
2015-02-09T08:30:46Z,"Le commentateur se débrouille mais je préférais l'ancien, plus précis et dont les textes étaient mieux préparés et plus intéressants ",4
2015-02-09T03:02:49Z,Van Wolfswinkel retourne en hollande...en ligue 2!!!!!T'as pas le niveaux!!!!!,0
2015-02-09T00:26:49Z,"Pas mal le nouveau commentateur, il dit un peu trop 'vous verrez' mais ça change de l'autre :)",0
2015-02-09T00:25:37Z,"J'espère que Saint Etienne finira pas dans le top 5 car si c'est le cas ils vont encore finir dernier de leur groupe en Europa Ligue sérieux faire 3-3 contre Lens après avoir mené 2-0 quelle honte, quelle équipe de merde l'ASSE quand même",6
2015-02-08T23:16:51Z,MEVLUT Erding ! Et non melvut :),3
2015-04-13T08:12:52Z,On en parle de Kone qui a chopé par le cou Chavarria ? ça méritait un carton rouge direct ça ...,0
2015-03-02T16:45:49Z,"Clairement y'avait pas péno, je suis d'accord.
Ça va être ultra difficile de rester en ligue 1 pour nous :(",2
2015-03-02T13:03:23Z,"Bien joué, l'arbitre, y avait pas penalty!",2
2014-10-28T19:26:57Z,Il y a des beug mais c'est cool merci,0
2014-10-28T19:18:17Z,Qui domine?,0
2015-01-02T18:55:22Z,"Énorme Rudy riou !
",0
2014-11-30T22:09:50Z,"Suporter lorientais
",1
2014-11-24T11:58:05Z,Super RIOU vraiment ça fait plaisir de regarder ses arrêts de classe mondial. ,0
2014-11-23T23:08:26Z,Ils auraient pu gagner large plus mais bon c deja bien,0
2014-08-21T10:29:31Z,Match compliqué pour une première à domicile mais o n ne retient que la victoire et le bon match des recrues et de la défense centrale !,1
2014-08-11T15:12:59Z,"Premier match à domicile réussi, malgré le score étriqué nous avons bousculé l'équipe de Tours, qui est une bonne équipe de Ligue 2, surtout en deuxième mi-temps, peut-être la fatigue ou alors l'orage, il a plu abondamment. A noter la prestation honnête des nouveaux joueurs Thomas Ayasse et Jessi Pi, T.Ayasse a pris beaucoup de ballons de la tête. Le milieu a souffert en première mi-temps, Benjamin Nivet, toujours précieux, est vieillissant et T.Ayasse et Jessi Pi doivent prendre leurs marques et de l'assurance dans ce nouveau groupe. Beau tir de Lionel Carole sur la transversale, prés de la lucarne gauche...",1
2014-08-10T00:27:38Z,Allez l'ESTAC ! ,5
2015-07-08T07:44:21Z,"Nice c de la merde lens c magique
",2
2015-07-01T13:52:22Z,adamo geste technique GEANT,0
2015-04-16T18:40:57Z,,1
2014-12-23T13:54:44Z,"Lâchez rien les lensois,  continuez a vous battre et le maintien vous le meritez amplement ",2
2014-12-22T08:48:36Z,Sa prend notre clapping jolie,1
2014-12-22T08:07:16Z,bien joué les chtis ça fait fermer la gueule à ces débiles de salades niçoises...ils ont pas foutu le bordel là bas ???,4
2014-12-22T02:02:31Z,restez en ligue 1 Lens on a besoin de vous (un supporter des verts),13
2014-12-22T00:01:25Z,Dve bsn!! Dommage...,1
2014-12-21T23:50:40Z,Allez Lens ,6
2015-03-19T14:18:12Z,ahhh l'om,0
2014-12-16T13:19:11Z,"Bravo nos lensois, cette mentalité est énorme, nous sommes fiers de vous !!!",2
2014-12-15T20:56:30Z,C'est sur quelle chaine psg/Montpellier samedi svp :),0
2014-12-15T19:57:56Z,ALLER L'OL !,1
2014-12-15T19:12:21Z,,0
2014-12-15T11:14:40Z,Franchement ont dirait que le mec connais pas son texte par moment !,1
2014-12-15T08:39:23Z,Dommage pour la qualité immonde de certaines vidéos...,3
2014-12-15T08:16:15Z,#Ligue1 - J18 - Revivez les meilleurs moments de la 18e journée de Ligue 1 en vidéo sur la chaîne officielle YouTube !,10
2014-12-15T03:00:25Z,ALLEZ L'OL,7
2014-12-15T02:58:59Z,Fcn en force!,1
2014-12-15T02:44:36Z,Allez sainté,0
2015-01-26T12:03:42Z,Franchement c'étais un très beau match mais Reims on eu que de la chance sérieux.,0
2015-01-26T07:51:59Z,"Lens mérite de gagner 2 ou 3-0... Placide nous a sauvé, ça fait plaisir car ça fait longtemps qu'on ne l'a pas vu comme ça.
La pelouse sera changée pour le match contre Lorient normalement, a annoncé Didier Perrin donc tant mieux pour tout le monde
Quant à l'arbitrage c'est toujours pas ça, encore un penalty non sifflé pour Reims... Une main d'un lensois flagrante, l'arbitre est juste à côté et il ne veut pas siffler. On aurait pu faire un hold-up grâce à Courtet, mais c'est raté, bon courage à Brest",2
