published-time,comment,likes
2014-12-30T18:43:37Z,"Nancy est hyper fort mais je supporte toujours la berrichone
ALLEZ CHÂTEAUROUX",0
2014-09-22T15:56:03Z," #Ligue2  - Classement des buteurs - Classement des buteurs - Lors d’une 7e journée de Ligue 2 marquée par 38 buts, Mana Dembélé (ASNL) s’est offert un quadruplé en déplacement ! http://bit.ly/1ym8JjR",1
2014-09-21T12:17:29Z,Bien jouer au Nancéiens #Chateauroux,6
2014-09-21T08:40:34Z,Allez Nancy super match à refaire <3,3
2015-04-30T05:03:33Z,C quoi crtte pelouse !!!!!,0
2015-04-29T13:04:41Z,"Mon dieu, cette pelouse !!!!",1
2015-06-23T00:50:53Z,بيجي للعميد😍,0
2015-02-17T23:05:07Z,"hoy juega el glorioso deportivo tachira en las apuestas esta de hembra vamos a ver de que esta hecho a eliminar uno grande viva el caruusel y la mejor hinchada de venezuela avalancha sur , pueblo nuevo alla iremos",0
2015-02-13T21:46:47Z,tenia razon tachira gana ante racing,0
2015-02-13T11:40:55Z,cuantas copas tiene cerro???? ajajajjajajaja los venezolanos le ganaron a un equipo cualquiera asta ese tachira no tiene copas cerro tampoco no entiendo cual es la victoria no saben a un de los equipos grandes solo les toco con un equipo como cualquier otro ,1
2015-02-12T12:32:46Z,"jajajajajajajajajajajajajajajajajajajajajajajajajajajajan  y mas jajajajajajajajajajajajajajajajajajjajajaja, cerro ni para tranca de prostibulo funciona",1
2015-02-12T02:42:44Z,Por Fin tres equipos Venezolanos! en segunda fase Felicidades. ,14
2015-02-12T02:19:15Z,Que gol tan mounstruo el segundo de Rivas,4
2015-02-12T01:39:55Z,gelmin CSM men con tus celebraciones me cago de la risa nunca cambies XD !!!!! buen juego tachira lastima cerro pero así es el fútbol!!!!!,7
2015-02-12T01:38:06Z,me siento orgulloso mi deportivo tachira que bien juega maestrico el zurdo rojas  y orozco ,8
2015-02-12T00:28:52Z,"Los equipos Venezolanos ya no son lo mismo de antes, hay que cuidarse de ellos... Este equipo Venezolano tuvo bastante personalidad y buen juego me sorprendió y merecida clasificación.",33
2015-05-15T05:40:26Z,"Mexicano bobo escucha la hinchada cuando hicieron el gol
En méxico cuando river les hizo el gol estaban todos callados amargos",3
2015-04-08T06:23:33Z,"Deluxe yo diria q t equivocas el futbol mexicano a mejorado,eso lo q vos decis fue antes y desde ya hay q tener ojito con mexico en la copa america ,tener en cuenta lo q digo despues me dicen.",0
2015-04-08T06:22:18Z,Vamos tigres,0
2015-04-08T01:45:52Z,Me encanta como narra este tipo aún que yo se que el es argentino y quiere a rever plate narra igual para ambos bandos y canta y narra con emosion en ambos bandos mis reconocimiento para este comentarista yo pienso q #1 en toda América ... Le di like...,1
2015-04-03T22:37:05Z,el gol de tigre fue trampa,0
2015-03-26T17:58:11Z,QUE ASQUEROSOS ESTAN LOS ESTADIOS EN ARGENTINA,2
2015-03-14T20:57:08Z,Festejan un empate? dafuq?,0
2015-03-14T10:21:46Z,Solo somos invitados por conveniencia jamas nos dejaran ganarla saludos desde houston awante tigres,0
2015-03-14T02:06:02Z,"En lo personal no me gusto   como jugo tigres en argentina , demasiado defensivo demasiado , es verdad que river tiene su historia pero no entiendo por que respetaron de mas a este equipo , yo imgine que iva a ser un partidaso pero sorpresa .... en fin si tigres se lanza a la ofensiva creo river jamas podra deterlo,  hay que salir primero de grupo para enfretar a alguien debil en octavos , no hay que seder ningun punto y menos en casa con toda la ficion apoyando ,,, aca  san jose se come 5 , river 3  y le van a ganar a juan aurich un 2-0  ... animo ya es justo que un equipo mexicano le dedique tiempo a la libertadores y logre ganar la copa.",1
2015-03-13T05:38:53Z,"¡Vamos Tigres, chingado!",0
2015-03-12T06:59:15Z,Quien es el narrador?,0
2015-03-11T08:11:41Z,"Pero si Tigres, el mas grande Obvio, le va dar a probar el chile nacional a river. Sean bienvenidos a Monterrey:)
",0
2015-03-11T00:31:26Z,"Algunos hinchas de Boca parece resentidos. Al menos a River Plate le tocó un grupo más competitivo que el que le regalaron a Boca Juniors. Boca Juniors te hubiera tocado un equipo brasileño, un mexicano, un colombiano (Atlético Nacional, Santa fe), un boliviano (Bolívar, The Strongest) de las alturas o un chileno (de nivel Colo Colo, U de Chile). Nada de eso te tocó : Montevideo Wanderers ¿¿??, Palestino ¿¿?? & Zamora ¿¿??, ¿cuál de estos ha llegado a octavos de la copa?",0
2015-03-10T23:56:11Z,EN MEXICO EL VOLCAN SI PESAAA NO COMO EN SU PINCHE MONUMENTAL DE CAGADA ! AGUANTE TIGRES UANL !!,1
2015-03-10T02:50:49Z,"mas mala suerte no se puede tener en los ultimos 2 partidos fuimos superiores y no pudimos ganar que mierda pero igual vamos river que todavia falta
00:10 que grande la hinchada gol de tigers y aun asi alentaban vamos river carajo",0
2015-03-09T23:11:54Z,"Tigres 1 vs 1 River Plate, Chivas 4 vs 0 Boca, América 4 vs 1 Boca, River Plate 1 vs 2 Chivas, Cruz Azul 3 vs 0 River Plate, River, Plate 1 vs 2 Santos y solo son de Argentina faltan chilenos, venezolanos, colombianos y brasileños Sudamérica se cree mas grande y son arrogantes por eso les va como les va no sean tan soberbios.",8
2015-03-09T21:59:49Z,mexicanos y argentinos enemigos naturales de internet.... pateticos,6
2015-03-09T00:51:26Z,"Soy mexicano , pèro nunca esperare que ganen esos regios de mierda ,,,,, venga River   !",0
2015-03-08T18:39:56Z,papa alta tijera de sanches ,0
2015-03-08T16:47:33Z,Cuando TIGRES le gane al River Plate aca en Monterrery los vamos a hacer pedazos y festejaremos con un buen caldo de gallina =D jajajaja Tigres líder del grupo River ultimo xD,0
2015-03-07T21:17:09Z,el empate justo para ambos pero en el volcan sufriran los riverenses,0
2015-03-07T15:59:19Z,"golazo el de river.... pues los equipos mexicanos no estan mal, andan bien pero se debe a la cantidad de sudamericanos q contratan, porq tiempo atras cuando no tenian jugadores sudamericanos en su liga no existian....",0
2015-03-07T09:15:00Z,jaja...! Si Tigres con el Tuca nunca ataca. La verdad tuvieron suerte.,0
2015-03-07T08:38:12Z,Luis mantello no eres mas que un acomplejado,0
2015-03-07T05:47:47Z,El viagra rancio sigue haciendo efecto.,0
2015-03-07T04:44:10Z,No se pero cuando vengan acá Tigres va a atacar y se van a comer 4 al menos,0
2015-03-07T02:42:15Z,"I WILL ASK A QUESTION FROM ALL YOU ASSHOLES, HOW MANY ARGENTINANS IN RIVER PLATE, AND HOW MANY MEXICANS IN TIGERES,NEARLY EVERY EUROPEAN CLUB HAS ARGENTINANS, AND ARE GREAT PLAYERS, STARTING WITH MR:MESSI.",0
2015-03-07T01:49:39Z,Gran futbolista ibarreño Joffre Guerron debería estar en la selección de Ecuador es un gran goleador.,1
2015-03-07T00:42:52Z,"hey bosteros ,no voi a entrar en peleas absurdas pero no digan q nos empato un equipo q no los juna nadie ,,,, a ustedes les gano ""CAPIATA"" un equipo humilde paraguayo, y en su cancha jaja",0
2015-03-07T00:39:40Z,"River Plate SIEMPRE hijo de CLUBES MEXICANOS, AMERICA, CHIVAS, SANTOS LE GANARON EN SU MONUMENTAL DE BUENOS AIRES, CRUZ AZUL Y TIGRES SACARON EL EMPATE.


CRUZ AZUL LO GOLEO 3-0 EN CUARTOS DE FINAL DE LIBER EN EL 2001

AMERICA LES GANO EN SU CANCHA 

CHIVAS LE ELIMINO EN LA SUDAMERICANA DEL 2008 EN CUARTOS DE FINAL CON TODO Y SIMEONE DE D.T CON FALCAO, ALEXIS SANCHEZ Y EL ENANO.

CON SANTOS RECIBIERON AYUDA EN LOS PENALES, ALGO NEFASTO

Ahora les empata Tigres... estando en un momento historico para ellos...Les va mal contra equipos mexicanos.﻿",0
2015-03-06T22:09:59Z,Pero que ignorancia jajaja a México se le mide con los parámetros de la O.C.D.E. con países de primer mundo....no con Argentina por Dios!!!!! Midan a Argentina con esos parámetros y el 90% de su población sería pobre!!!,0
2015-03-06T22:00:26Z,Tienes razón Iván...yo visité el estadio de Boca...cuando Toluca jugó allá...que por cierto ganó...y tienen pésimas instalaciones...pero allá las ven de primer mundo...jajajajaja,2
2015-03-06T20:04:19Z,"En Monterrey Tigres le va a meter 14 goles a esos de river, por Dios deberían de obligar a tener los estadios impecables, eso parecía una cancha rural, cuando jueguen en México les deberían de cobrar la cancha a los argentinos así aprenden a cuidar el lugar de trabajo!",27
2015-03-06T19:42:30Z,Como se llama el Narrador?,0
2015-03-06T17:28:15Z,"Creo que el simple echo de no perder en cancha de River, ya es mucha ganancia,,,,vamos Tigres a darle",1
2015-03-06T16:54:17Z,Lo que da lastima es que lahinchada de rayados solo entra a criticar xD,0
2015-03-06T16:51:28Z,Sos una mentira riBer jajajajajja sos horrible se te término el poder jajajajajajajajajajja,0
2015-03-06T16:01:23Z,"pinche river maleta nos pela los dientes, saludos del tijuana",0
2015-03-06T15:23:55Z,Lol solo tiene 1 punto... river se va a tener que apurar en ganar partidos xD diga que no perdio... uwu esta a unos pasos de quedar afuera lo que es raro... pero si pierde un partido mas... no se si le den los puntos,0
2015-03-06T15:12:01Z,"Mis respetos para la aficion de river. Y que golazo..
Pero En San Nicolas esta la mejor aficion y tambien hai aguante !! #vamostigres!!",2
2015-03-06T14:47:27Z,Bien x Guerron ojala el tecnico lo tome en cuenta para la seleccion,0
2015-03-06T14:47:06Z,Escucha la hinchada de River en el gol de Tigres♥,2
2015-03-06T12:50:13Z,que te pasa riBercito que seguis sin ganar en la copa???,3
2015-03-06T07:59:47Z,"Si Ferreti no amarrara mucho a Tigres, hubiera habido un partido espectacular, posdata en la vuelta aca en San Nicolás, River se lleva Dos en contra y van a ver como pesa también nuestra cancha, carajo! ",0
2015-03-06T07:18:29Z,"Soy hincha de Tigres, saludos a los hinchas de River, en este grupo calificamos los 2!!",26
2015-03-06T06:41:23Z,escuchen la hinchada cuando metio el gol Joffre Guerrón aguante river,17
2015-03-06T04:29:30Z,"River plate no pudo ganar en su estadio, mucho menos lo va hacer en México siempre river  que visita México es únicamente para perder",0
2015-03-06T04:17:49Z,Ya lrs andaba tigeyes jaaa,0
2015-03-06T03:55:39Z,"River jugo un buen partido, Tigres llego varias veces, Nosotros presionamos muy bien pero nos falto ser precisos para convertir, El Gol de Tigres fue por una macana de Funes Mori y el Gol de River fue un golazo, Balanta tiene que ser titular si o si.
El Campo estuvo en mal estado y no se podia jugar bien por abajo, pero no es excusa por el resultado. Yo Creo que River es unos de los candidatos de ganar la Copa y se va a levantar, de a poco va recuperando el nivel que tuvo el semestre pasado :)",4
2015-03-06T03:52:26Z,"falta el jugadon de Balanta, uf que talento.",0
2015-03-06T03:33:57Z,malisimo el estado de la cancha para un partido d copa libertadores!,0
2015-03-06T01:59:10Z,*_Mira el gol de Tigres y mira el de River. Que diferencia! Sanchez esta en sus mejores momentos.._*,9
2015-03-06T01:48:25Z,Aguante River!!! Que bronca...nos hacen un gol por error propio y no quiso entrar...tuvimos muchas. Aplausos para la vuelta de Balanta que se mando una apilada impresionante y para el gol de Sánchez de tijera!!!  Ahora a pensar en traernos si o si los 3 puntos en Perú.,3
2015-04-30T22:09:44Z,cenicienta tu abuela,0
2015-02-21T05:07:28Z,"Que bonito triunfo del TACHIRA, LOS FELICITO, VENEZUELA TIENE BUEN FUTBOL, , los apoyo 100% y muchos saludes de un ecuatoriano desde Boston, Mass. SUERTE Y ADELANTE TACHIRA",8
2015-02-13T23:42:27Z,Un partido de puro golazos,2
2015-02-12T13:38:47Z,"perro que golazo del zurdo rojas, como en sus mejores tiempos, ojala siga asi, es buen jugador",5
2015-02-11T23:41:10Z,yo soy colombiano quiero darles las gracias al deportivo tachira por su clasificacion a la fase de grupos ya losaben colombia y venezuela un solo corazon los quiero hermanos y que viva venezuela y el deportivo tachira,46
2015-02-11T17:28:29Z,QUE GOLAZOOOO...DEL ZURDO ROJAS..!! PEDAZO DE GOOOOOLLL....!!!! No hay mas nada que comentar...,12
2015-02-11T08:28:36Z,Jaja estos de tachira se creen ya campeones de la libertadores por ganarle a Cerro por primera vez en su historia ,0
2015-02-10T14:57:01Z,( ͡° ͜ʖ ͡°) ,2
2015-02-09T15:07:28Z,"El sentimiento que le puso Fede Bulos a la narración del gol de Rojas fue excepcional!! Ahora le queda a Táchira conquistar la gesta como visitante como lo hizo ante Libertad en 2004 (1x1); como lo hizo el Deportivo Italia ante el Fluminense en Maracaná (0x1); como lo hizo Caracas ante River en el Monumental (0x1). Hay una buena plantilla y durante los primeros 30 minutos en Pueblo Nuevo, el carrusel demostró que si se cree, se puede. Deben creer en ellos mismos",1
2015-02-08T16:40:02Z,Partido magnifico! esperemos que el Tachira de el golpe decisivo en el partido de vuelta..,0
2015-02-07T01:04:33Z,"TRANKI CHAMOS!!! CERRO NO TIENE PASTA PARA PARTIDOS INTERNACIONAL EN PARAGUAY ""GRANDE HAY UNO SOLO"" OLIMPIAAA!! YA GANAMOS 3 VECES LA LIBERTADORES Y EN CAMBIO CERRO SE GANO LA COPA ALFAJOR EN ARGENTINA JAJAJA! !!!",1
2015-02-06T13:42:11Z,saludos a venezuela de un chileno argentino le ganaron a un equipo sin titulos internacional solo un grande de paraguay saludos a venezuela ,4
2015-02-06T03:30:07Z, #SOLOTCHIRA  ,1
2015-02-06T03:23:19Z,buenas noches . mis felicitaciones a mi pais y en especial al deportivo tachira y tambien buena actuacion del equipo contrincante . tambien felicito  a la transmicion de fox sport en venezuela . que talento de camarografos y direccion tecnica ingieneria y produccion . para el mundo desde mi pais venezuela que buen personal tecnico para transmiciones de tv .,0
2015-02-05T22:05:26Z,"Ha hacer historia en la olla papá! No mas, SI SE PUEDE!!!!",1
2015-02-05T17:56:02Z,Q GOLAZO HISO EL ZURDO ROJAS  Y GRITE ESE PUTO GOL COMO EL DE PEREZ GRECO A ZAMORA EN LA CAROLINA,3
2015-02-05T16:04:52Z,Glorioso Mi DEPORTIVO TACHIRA! ahora humildemente a intentar conseguir la segunda victoria en casa del muy respetado Cerro Porteño.,13
2015-02-05T15:09:07Z,Pasa Cerro y jugara contra el Cristal peruano,0
2015-02-05T13:59:56Z,TACHIRA PASA,0
2015-02-05T13:16:29Z,solo tachira♥,2
2015-02-05T06:06:54Z,Solo Tachirita papa.!! Aguanteeeeeeeeee el aurinegro carajoooooooooooooo.!! Vamo arribaaaa papaaaaa vamos con toodo.,1
2015-01-19T22:36:19Z,Doneil Henry + Skylar Thomas future looks bright,0
2015-07-21T11:17:21Z,"Good Luck Sal!, We are rooting for you. Love Las Vegas.",0
2015-07-09T06:44:51Z,:),0
2015-07-03T05:51:04Z,de donde sacas los videos like,1
