publish_date,title,view_count
2015-03-21T22:59:59Z,AC Ajaccio - Clermont Foot (1-2)  - Résumé - (ACAJ - CF63) / 2014-15,2774
2015-02-28T23:00:00Z,Clermont Foot - Valenciennes FC (0-0)  - Résumé - (CF63 - VAFC) / 2014-15,2382
2014-09-20T22:00:02Z,Châteauroux - AS Nancy-Lorraine (2-5)  - Résumé - (LBC - ASNL) / 2014-15,15401
2015-04-28T22:00:00Z,Clermont Foot - FC Sochaux-Montbéliard (0-0)  - Résumé - (CF63 - FCSM) / 2014-15,1873
2015-02-11T23:44:07Z,Cerro Porteño 2 - 2 Deportivo Táchira Copa Libertadores 2015,45171
2015-06-03T19:16:39Z,"Edwin Rivas - June 3, 2015",1076
2015-02-12T03:08:08Z,Cerro Porteño 2x2 Deportivo Táchira - Copa Libertadores 2015 - Preliminary Round,2275
2015-02-28T17:05:44Z,"South High soccer wins D2 Valley title, Rivas wins athlete of the week",3993
2014-11-30T23:08:39Z,Goal Moustapha SALL (18&#39;) / AS Saint-Etienne - Olympique Lyonnais (3-0) - (ASSE - OL) / 2014-15,754
2015-02-12T14:04:12Z,GOLES Cerro Porteño vs Dvo.Táchira 11 Febrero 2014,256
2015-02-19T02:45:17Z,Gol de Elman Rivas / Alianza F.C. 0-3 C.D. Universidad de El Salvador / Fútbol Salvadoreño,216
2015-02-19T02:53:49Z,Gol de Elman Rivas / Alianza F.C. 0-4 C.D. Universidad de El Salvador / Fútbol Salvadoreño,234
2015-04-06T23:30:50Z,Doblete de Jonathan Rubio con el Gil Vicente,2540
2015-03-06T01:32:20Z,River Plate 1 - 1 Tigres Copa Libertadores 2015,151021
2015-03-11T19:50:38Z,MONTEVIDEO WANDERS 1 VRS. PALESTINO 0-COPA LIBERTADORES 2015 *HD*,351
2014-10-25T17:28:26Z,Gol de Jonathan. Teis,121
2015-02-05T04:34:31Z,Deportivo Táchira 2 - 1 Cerro Porteño Copa Libertadores 2015,68085
2014-09-22T19:23:25Z,Gol de Fabro. Unión 1 - Huracán 0. Fecha 9. Torneo Primera B Nacional. FPT.,8359
2015-04-21T21:30:01Z,Mas Deporte - Joaquin Burutaran y Jonathan Dos Santos - Seleccion Mayor,423
2015-03-08T17:49:17Z,San Lorenzo 1 - Arsenal 3 (Clausura 2005),3058
2014-12-05T21:03:21Z,Disparo de Dani García y paradón de Codina Copa del Rey,650
2014-10-09T02:27:50Z,Video Gol José Salazar | Caracas FC 2-1 Arroceros de Calabozo #copavenezuela,1628
2015-01-15T18:39:19Z,Toronto FC Draft Skylar Thomas,1037
2015-03-18T03:46:35Z,Boca 3 - Zamora 1 Golazo de Nicolás Colazo / Copa Libertadores 2015,219
2014-10-09T01:50:40Z,Video Gol Ángel Salas | Caracas FC 2-2 Arroceros de Calabozo #copavenezuela,6011
2015-01-09T17:00:07Z,Goles de Juninho con Tigres Apertura 2014,555
2015-04-14T10:09:45Z,Archivio Bari Calcio - Bari-Juventus 1-0 2010-2011 Donati,150
2015-01-02T01:09:01Z,Jordan Tyler: 2015 InfoSport Pro Soccer Combine Participant,681
2014-11-25T17:38:06Z,Huracan 1 Unión 2 Fecha 20 Primera B Nacional 2014,120
2015-02-11T23:56:13Z,"Cerro Porteño 2 - 2 Deportivo Tachira, Goles y Resumen del Partido, Copa Libertadores 2015",540
2014-12-31T08:23:12Z,Aldo Flores Goal,127
2014-10-31T04:37:48Z,Rodrigo Valiente - Mediocampista Uruguayo,1328
2015-07-20T23:53:28Z,"Sal Bernal - July 20, 2015",454
2015-01-15T18:11:17Z,Toronto FC Draft Alex Bono,2213
2015-03-07T18:44:15Z,Atletico Rafaela 1 Racing 1 (Relato Fabian Bimber) Torneo Primera Division 2015,46
2015-06-30T05:45:56Z,C P  LAS ROZAS vs F C  BARCELONA,132
2015-03-26T00:20:34Z,VIDEO PROMOCIONAL MIGUEL ANGEL MEDINA,6128
2015-06-03T19:13:35Z,"Jason Bent - June 3, 2015",68
2015-04-29T10:47:41Z,Jesús Mora salva a Roche PIMS y frena a Gomel,48
2015-07-09T03:27:19Z,Despreocupa a trinitarios &#39;legado&#39; de Warner,322
2015-04-22T19:10:31Z,Coach Dre&#39;s Ball Handling Drill,202
2015-02-22T22:33:55Z,VIDEO PROMOCIONAL MIGUEL ANGEL MEDINA ASPRILLA,3603
2015-04-19T21:15:03Z,GOL DE SOBIS A RAYADOS,13669
2015-05-15T02:53:31Z,Boca 0 - Riber 0 El xeneize quiere jugar / Copa Libertadores 2015,327
2015-05-27T01:34:52Z,Libertadores: Sóbis abre el marcador para Tigres,793
2014-09-16T15:19:59Z,Camioneros vs Jabatos Liga Madrileña de Fútbol Americano 13/14,293
2014-09-06T05:11:35Z,James Suri Post Game Interview,124
2015-06-30T18:14:48Z,"Eriq Zavaleta - June 30, 2015",1277
2015-01-20T07:50:29Z,"Andrew Lunsford -Fall 2014 Kornblue Kicking Challenge- December 20, 2014",592
2015-01-22T10:58:43Z,EBA B J11 COVIBAR   REAL MADRID,426
