publish_date,title,view_count
2015-07-30T20:18:49Z,Harrison Manzala saison 2014/2015,1708
2015-07-27T21:20:55Z,Harrison Manzala saison 2013/2014,1103
2015-03-15T10:30:01Z,Top buts 28ème journée - Ligue 2 / 2014-15,1882
2014-08-16T22:00:02Z,Chamois Niortais - Havre AC (1-0)  - Résumé - (NIORT - HAC) / 2014-15,3214
2015-04-22T15:13:22Z,Havre AC - Stade Brestois 29 (1-1)  - Résumé - (HAC - SB29) / 2014-15,1676
2015-04-29T17:56:03Z,Havre AC - Nîmes Olympique (2-0)  - Résumé - (HAC - NIMES) / 2014-15,2735
2015-03-14T22:59:59Z,Havre AC - US Orléans (3-1)  - Résumé - (HAC - USO) / 2014-15,4513
2015-05-09T22:00:00Z,Havre AC - Tours FC (0-1)  - Résumé - (HAC - TOURS) / 2014-15,3443
2015-03-14T18:06:43Z,Conférence de presse Havre AC - US Orléans (3-1) - 2014/2015,150
2014-09-16T09:30:02Z,Harrison McGahey impressed the Boss,950
2014-11-02T23:00:04Z,Goal Pedro HENRIQUE (4&#39;) / FC Nantes - Stade Rennais FC (1-1) - (FCN - SRFC) / 2014-15,426
2015-04-13T08:32:08Z,Christopher Oualembo (February - March 2015),1502
