published-time,comment,likes
2014-10-24T08:33:26Z,Arbitre de merde.!,0
2014-10-20T23:59:41Z,1:04 panna lol,2
2014-10-20T03:00:12Z,"fuckin referee, that bastrad, whats his problem?",1
2014-10-20T02:07:34Z,"Who the h*ll are the referee name?! 3 red cards just in 5 min, LOL",1
2014-10-19T21:58:05Z,"Lol nice dive, Cavani.",1
2014-10-19T19:55:35Z,1st,2
2014-08-25T14:33:40Z,Where is statistics?!,1
2014-08-25T11:28:12Z,"JUNINHO, LISANDRO...........?",2
2014-08-25T08:36:51Z,Lacazette was playing terrible ....,2
2015-03-09T15:44:06Z,IBRA!,1
2015-03-09T02:48:05Z,Comment on fait pour louper l'occaz de Lavezzi ???,0
2015-03-09T01:36:31Z,First ,0
2014-12-24T13:05:57Z,STOKE,0
2014-11-24T14:11:19Z,"#7 Paul-Georges Ntep
Stade Rennais FC, Ligue 1 (France)
Current national player: France U21
Date of birth: 29.07.1992
Place of birth: Douala
Age: 22
Height: 1,80
Nationality: France
Position: Striker - Left Wing
Foot: right",0
2014-11-24T14:07:23Z,I m a Stade Rennais fan and i told you is a beast ! Futur legend ! <3,1
2015-01-18T23:11:49Z,,1
2015-01-18T23:11:39Z,Courage Gbamin c'est cruel mais tu vas te reprendre! On est tous avec toi ptn,0
2014-10-24T18:40:04Z,"Marseille and Lyon are so hot at the moment. As a Newcastle fan I wish we had moved for Lacazette or Gignac in the summer, too late now probably",0
2014-10-19T23:27:23Z,Gignac is on top form,4
2014-12-23T16:14:52Z,"AWESOME

Amazing video bro!",0
2014-12-16T15:57:00Z,welcome to galatasaray :D,0
2014-12-04T16:41:03Z,Galatasarayın çocugu :),3
2014-10-24T14:11:07Z,FORZA OM !!!,0
2014-10-19T15:27:48Z,Marcelo Bielsa is doing am amazing job at Marseille,0
2014-10-19T12:33:38Z,"#9 ANDRÉ-PIERRE GIGNAC
Date of birth: Dec 5, 1985
Place of birth: Martigues  
Age: 28
Height: 1,87 m
Nationality: France
Position: Striker - Centre Forward
Foot: right",1
2015-01-23T16:14:42Z,drapeau indépendantiste catalan a Lens WTF!!!,1
2015-01-23T09:31:54Z,allez ol ,0
2015-01-21T15:05:42Z,"#Ligue1 - J21 - Revivez tout ce qu'il ne fallait pas manquer de la 21ème journée en vidéo avec le Zapping : buts incroyables, gestes techniques, humour, images insolites...",13
2015-01-20T00:17:33Z,"Lens, toujours là !!!",0
2015-01-19T20:40:08Z,Le parcage stéphanois il était ouf !! ALV <3,0
2015-01-19T19:38:02Z,"Le parcage nantais, à 50, ils font plus de bruit que le stade entier à Monaco même à 1-0 ....",3
2015-01-19T18:50:28Z,La célébration de l'OM avec l'appareil photo XD ,0
2015-01-19T17:48:28Z,allez l om,1
2015-01-19T17:02:13Z,"Le véritable exploit de cette semaine, c'est le tifo porté par 10 mecs au Stade de la Route de Lorient",0
2015-01-19T16:34:28Z,Vous n'auriez pas du mettre Gelson Fernandes ( rennes ) en train de prier et de pleurer car vous ne savez même pas pourquoi il a fait cela et c'était certainement sérieux...,4
2015-01-19T12:48:30Z,Masquotte ? Bien l'orthographe du mot ? Faut passer derrière le stagiaire hein :),4
2015-01-19T11:18:29Z,Vous montrer tout les public de France c'est bien mais vous préférez montrer les 3 clampin de Toulouse ou Lorient où il y a pas d'ambiance que de montrer les public qui sont à l'extérieur et qui mettent une vrai ambiance (il y ST Étienne qui y figure c bien car ils ont une ambiance formidable) mais vous montrer pas nos supporters Bastiais qui était une centaine et qui ont mis une bonne ambiance à Toulouse. Forza Bastia. Tribuna Pétrignani. B1905. DT-10 #SCB﻿,1
2015-04-12T22:33:59Z,1visualizacion 1 comentario primera vez en la vida,0
2015-01-19T09:28:39Z,I think Ligue 1 YouTube channel is so much better channel than SPFL YouTube channel.,0
2015-01-19T09:27:44Z,"I think Lyon has a good chance of winning Ligue 1 this season. They should not sell Alexandre Lacazette to anyone, especially PSG.",0
2015-05-02T14:43:42Z,Kevin wimmer cologne please bro!!!!! ,0
2015-05-02T11:24:37Z,,0
2015-05-02T11:23:13Z,"#25 Adrien Rabiot
Paris Saint-Germain, Ligue 1
Date of birth: Apr 3, 1995
Age: 20
Height: 1,89 m
Nationality: France
Place of birth: Saint-Maurice, France
Position: Midfield - Central Midfield
Foot: left",0
2015-01-19T09:06:05Z,"Own goals and penalties lol, I still ♡ Ligue 1",1
2015-01-20T22:26:15Z,Allez la paillade,0
2015-01-19T16:08:22Z,"#Ligue1 - Classement des buteurs - Auteur d’un premier triplé en Ligue 1 sur le terrain du FC Metz, Lucas Barrios (MHSC) guide la 2e meilleure attaque sur les 5 dernières journées avec ses cinq buts marqués ! http://minilien.fr/a0nvqr",16
2015-01-19T09:26:21Z,"Haha enfin! Ça fait plaisir de le voir marquer comme ça, ça faisait longtemps qu'on attendait un vrai buteur!",1
2015-01-18T23:17:17Z,second,0
2015-01-18T23:13:18Z,"Tellement de retour qu'il marque 2 buts hors-jeu... Metz a très mal joué certes, mais quand même",0
2015-01-18T23:05:07Z,First,0
2014-12-02T10:06:21Z,What wrong with the quaility ? Look like the video was recorded from TV.,0
2015-06-07T13:36:42Z,keepers in this video are only for amateur level.....,1
2015-05-30T21:54:50Z,манерой игры и внешне схож с Матье Вальбуена.,0
2015-05-06T16:18:10Z,AWESOME,0
2015-05-03T17:03:09Z,"#27 Corentin Jean
ESTAC Troyes, Ligue 2
Date of birth: Jul 15, 1995
Place of birth: Blois  France
Age: 19
Height: 1,70 m
Nationality: France
Position: Striker - Centre Forward
Foot: right",0
2015-05-03T17:01:07Z,,0
2014-11-10T03:31:27Z,terrible decision on the penalty. He headed the ball first.,0
2014-11-09T23:13:57Z,"That was an awful penalty decision... what in the world. Planus CLEARLY got the ball first, the other player charged in, never got the ball and made contact. The ref got the decision backwards.",0
2014-12-20T09:08:06Z,Oi carasso,0
2015-03-23T11:20:56Z,"Ça va pour le petit congolais
",0
2015-03-23T02:21:35Z,How do you pronounce Thauvin's name?,1
2014-09-26T23:39:15Z,Congrats ETG FC on your first win. ,0
2014-09-26T03:05:31Z,I swear Wass and probably Nisikulu are like the only Evian players worth a second glance. Especially Wass he needs out as Evian might get relegated.,0
2015-04-19T22:05:23Z,First,0
2015-03-02T16:45:49Z,"Clairement y'avait pas péno, je suis d'accord.
Ça va être ultra difficile de rester en ligue 1 pour nous :(",2
2015-03-02T13:03:23Z,"Bien joué, l'arbitre, y avait pas penalty!",2
2015-01-17T10:01:53Z,Koné faut vraiment qu'il arrête la drogue ^^,3
2014-09-23T16:54:27Z,Où est l'accélération n'jie et sa frappe du pointu??????,0
2014-09-05T08:19:36Z,c'est un malgache qui marque le but :),1
2014-08-28T15:10:28Z,,0
2014-08-28T15:10:27Z,,0
2014-08-26T20:05:12Z,Avoir fais un stade plus grand pour jouer comme sa c'est de l'argent gaspillé...,0
2014-08-25T18:17:39Z,"""une simulation qui semble être la bonne décision""
non mais il est sérieux la ?",9
2014-08-25T15:11:30Z,Je suis Lyonnais mais je dis si ont perds contre des equipes comme ca euhhh on est mal parti :c,0
2014-08-25T15:11:19Z,azerbayjan Hafiz Memmedov,0
2014-08-25T09:56:48Z,"Bedimo, Bisevac, Fekir, Fofana, Gourcuff, Grenier et Umtiti sont blessés et Ferri était suspendu...",8
2014-08-25T09:43:44Z,Bakary a laisser du caca sur le terrain sur le but !,0
2014-08-25T09:42:07Z,Faut réviser la défense les lyonnais aussi sans umtiti ...,1
2014-08-25T08:44:07Z,OL battu contre une ancienne équipe de Ligue 2 ...,0
2014-08-25T08:13:00Z,Oh le but PES.Bravo a Lens!On est plus dedans les Gones il faut se remmettre pour jeudi aller les gars!,12
2014-08-25T08:05:54Z,Il a été ridicule Koné sur le but ...,2
2014-08-25T04:03:52Z,"Sang et or , La ligue enfin lancer bien jouez lensois !!",0
2014-08-25T00:57:36Z,Bravo Lens continuer comme ça (supporter niçois),0
2014-08-24T23:41:37Z,"Il y avait bien penalty !. Bon match de Lens !

LENS FANS <3",4
2014-08-24T23:14:07Z,Bravo à Lens ont ne méritait pas  de gagner ,3
2014-08-24T22:54:02Z,baki a merder ...,0
2014-08-24T22:28:24Z,En district ont voit les mêmes défenses! Bien mérité pour Lens...,1
2014-08-24T22:25:24Z,"Score mérite pour Lens :)
",12
2014-08-24T22:21:59Z,Respect a lens,3
2015-02-11T13:04:10Z,lens a domine  tout le match et bien sur penalty pour bastia,0
2015-02-03T18:07:46Z,Si Lens a besoin de simuler pour réussi à prendre des points autant qu'ils descendent administrativement,0
2015-02-02T07:04:52Z," A la vue des événements de ce samedi soir au stade de la Licorne, où des spectateurs Lensois ont lancés un certain nombres de projectiles sur les joueurs bastiais.
Cette état de fait à été vu et constaté par toutes les personnes présentes, le corps arbitral (le juge de ligne était juste à côté), l'arbitre de champ et tout les visages télévisuelles. Les joueurs ont tout d'abord refusé de faire la touche, mais l'arbitre leurs à dit de continuer de jouer.
Si ce types d'incident était arrivé dans les mêmes conditions à Furiani, le match, sans aucun doute, aurait été arrêté par l'arbitre
Nous sommes donc en présence, si quelqu'un pouvait encore douter, d'une différence flagrante de conséquences d'incident, qu'il se passe pour nous ou contre nous, nous nous défendrons en compagnie du staff technique du SC Bastia.
Je m'evertuerai donc, dès aujourd'hui et pour toutes actions similaires, à vérifier que les sanctions des instances du Football, soit les mêmes que pour nos supportes.
Si ce n'était pas le cas, je ferai en sorte, avec tout les volontaires, que ça se sache.



Forza Bastia. Tribuna Petrignani. B1905",6
2015-02-01T23:45:09Z,"Areola a fait un bon match, il fait une boulette suite à deux parades, et il manque de bol sur le penalty.
Allez lens!",1
2015-04-08T13:35:38Z,ALLEZ NANTES!!,0
2014-08-16T15:45:43Z,i von faire une tres bonne saison lens vous allez voir ,0
2014-08-15T15:18:39Z,nice goal,0
2014-08-14T14:14:45Z,Allez lens et lille tous les autre comme nante ou ppppaaaris ou marseille parter en ligue nationale  sa ss votre niveaux,0
2014-08-13T19:13:53Z,retournez d'où vous venez lensois de merde,0
2014-08-11T18:13:05Z,"Superbe match d'Hansen qui nous a sauvé sur la fin du match, double coaching de Der Zak gagnant, bel arret de Dupé sur la contre attaque et surtout QUELLE D'AMBIANCE !!!! Le hic : le speaker est vraiment pourri ^^",0
2014-08-11T14:57:26Z,Bammou!!!!!,1
2014-08-11T12:09:11Z,Dommage que Lens ne démarre pas sa saison par une victoire. Allez Lens!!!,0
2014-08-11T09:57:43Z,Leçon de coaching by Der Zak ! Audel le passeur et Bammou le buteur venaient de rentrer il y a moins d'une minute !,3
2014-08-11T08:18:56Z,"Incroyable, tellement belle cette histoire pour Bammou ! ALLEZ NANTES ! #TeamFCN",5
2014-08-11T04:27:12Z,"Sang et or , faut recruter on le sais !!",4
2014-08-10T23:00:20Z,Nante the best ♡♥♡♥♡♥,1
2014-08-10T22:28:03Z,Nantes 💛💚,2
2014-08-10T22:06:56Z,Nantes <3,3
2014-12-01T18:19:59Z,OUI,1
2014-12-01T06:35:10Z,Lens quitte pas la zone rouge avec la victoire d'evian...,0
2015-07-18T14:37:55Z,mais on s'en fout parisiens est champions,1
2015-07-18T14:37:29Z,cette merde d'arbitre a mis un carton rouge a el matador alors que normalement c l’épaule qui faut toucher et la c'est le bras,2
2015-07-12T23:08:28Z,j'espere que cette arbitre ne mettra plus les pieds dans un terrain de foot,0
2015-06-21T08:14:38Z,"paris elle crane avec le carton jaune condre lens 😍
",0
2015-04-26T19:53:50Z,franchement le geste de cavani ne vaut mème pa un carton jaune.POGBA ou encore ronaldo lon deja fait et eux il ont rien eu POURQUOI??? je ne c pa,2
2015-04-23T16:21:01Z,C'est Lens le plus handicape bou Paris ,1
2015-01-30T16:03:38Z,"J'étais au stade et personne comprenais pour le rouge de Cavani, on pensait qu'il avait insulté l'arbitre x)",18
2015-01-07T19:30:31Z,Aller paris il vont etre champion est 2015,0
2014-11-12T20:52:32Z,En tout cas maintenant on comprend mieux pourquoi il n'y a pas eu d'arbitre Français a la coupe du monde,15
2014-11-12T20:50:13Z,L'arbitre a un sérieux problème mdr,1
2014-10-25T19:03:03Z,L'arbitre n'a pas été nul il a juste appliqué les règles pour moi c'est les règles qui sont mauvaises !!! (Juste pour rigoler voilà les raisons des deux cartons de cavani 1: comportement anti- sportif  et 2: comportement voilent ) ^^ ,1
2014-10-24T19:58:39Z,LjjNjAnun,0
2014-10-23T20:47:08Z,voila pourquoi nos arbitres ne sont jamais sélectionnés pour la coupe du monde --',0
2014-10-21T22:14:25Z,toujours present Camara !,0
2014-10-21T19:28:14Z,C'est pas le premier but de Cabaye en ligue1 si je me trompe pas,0
2014-10-21T17:41:45Z,Il avait le feu à la poche l'arbitre ou quoi ?,0
2014-10-21T17:39:06Z,Mdr la chute de Riou sur le but de Maxwell,2
2014-10-21T17:38:21Z,"Les jaunes de Cavani sont sévères mais sur les autres rien à dire, les fautes sont grossières et doivent être sanctionnées.",0
2014-10-21T13:15:05Z,l'arbitre n'est pas assez payé c'est pour sa qu'il a mis des cartons a chaque fois qu'il en distribue il gagne des sous,0
2014-10-21T05:06:14Z,Cavani il a toujours fait cette célébration  et il se prends un jaune. pourquoi  le rouge sur cavani je veux car il touche l arbitre mais le jaune NON NON,0
2014-10-20T22:56:09Z,"je déteste le PSG , mais c'est clair que les deux jaunes de Cavani sont abusés , cmme les rouges de Lens au passage ..",0
2014-10-20T22:37:24Z,"Rarement vu un arbitre aussi mauvais Wait 
Castro avec silva et tant d'autres.... 
les stats de l'arbitre sont stupéfiantes 4 jaunes / match et 1 rouge tout les deux matchs WTF 
pire il a accordé 13 péno l'année derniers ",0
2014-10-20T17:54:49Z,Vivement l'arbitrage vidéo,1
2014-10-20T16:12:25Z,Hahahah Pastore qui est mort de rire sur le carton rouge,2
2014-10-20T15:29:15Z,"Franchement je suis d'accord que les 2 premiers cartons rouges ne sont pas mérités, en revanche le dernier est incontestable et on ne peut le nier, Lemoigne mérite les 2 cartons jaunes qu'il prend...",0
2014-10-20T14:05:16Z," Par contre, le carton jaune suivi d'un carton rouge pour la célébration de Cavani, Mr l'arbitre... n'ayez pas autant de haine envers lui.. Ce n'est que Cavani ",0
2014-10-20T12:34:34Z,arbitre de merde ! ,0
2014-10-20T09:14:27Z,"C'est pas un vrai arbitre ça !
Le but de Maxwell est juste magnifique!",1
2014-10-20T08:19:47Z,"Limite y'a que le carton sur lemoigne qui est limite logique , honteux. ",1
2014-10-20T08:16:38Z,Aucun arbitre français lors de la dernière coupe du monde n'as pas vraiment révoltés les médias français et européens vu le niveau du corps arbitrale en Ligue 1.,0
2014-10-20T07:36:45Z,PARIS ON T'ENCULE ,0
2014-10-20T07:03:19Z,arbitre corrompu du début à la fin en faveur du psg -_-,0
2014-10-20T06:34:28Z,simulation de cavani sur le penalty mais il merite pas le rouge apres,0
2014-10-20T06:19:43Z,"les joueurs lensoins c tous des tout-droit lol des joueurs-jambes sans technique ni tactique, qu ils retournent jouer la CAN avec les autres taches du meme niveau. et encore un bon arbitre bien pete qui met jaune pour feter son but et rouge pour toucher le bras. depuis le rouge de t.silva l an dernier, on a vu des centaines et des centaines de joueurs toucher l arbitre sans prendre carton. ",1
2014-10-20T03:28:04Z,"Bonjour !! Venez voir ma dernière vidéo de DESTINY sur PS4 !! Mln niveau n'est pas super élevé alors ne me critiquer pas trop .
",1
2014-10-20T03:13:38Z,Tous les gens parlent de l'arbitrage de merde mais le but que maxwell était juste magnifique ,0
2014-10-19T22:59:15Z,"lol ridicule l'arbitre, aucun rouge  valable même les premiers jaunes sont limites...",0
2014-10-19T22:55:49Z,"cavani et zlatan absents, qui va jouer la semaine prochaine ?",0
2014-10-19T21:41:04Z,Arbitre de merde quand est ce qu on aura des arbitres convenables,0
2014-10-19T20:32:40Z,Mdrr le deuxieme carton rouge de Lens comment Cabaye simule xD,0
2014-10-19T20:32:17Z,L'arbitre devrais arbitrer en ligue des champions vue son talent !,17
2014-10-19T20:24:57Z,Ben putain j'espère qu'il y'aura pas un arbitre comme sa pendant OM-PSG ALLEZ L'OM!!,5
2014-10-19T20:02:59Z,"Mais quelle grosse merde ce mec sérieusement.

Au revoir à sa carrière à cet arbitre, ou sinon une greffe de cerveau suivi d'un stage intensif dans une école de logique.",0
2014-10-19T19:27:07Z,Ce match reflète malheureusement toute la qualitée des arbitres de ligue 1,0
2014-10-19T19:25:48Z,Je suis pour psg mais putain l'arbitrage de merde meme le rc lens ne m'éritait pas de carton!,9
2014-10-19T18:12:57Z,Les gens c'est a cause d'arbitre comme lui qu'il n'y en a pas en coupe du monde . Mais bon il faut faire avec il changeront jamais c'est arbitre de merde,2
2014-10-19T18:12:49Z,mais il fait quoi en basket l'arbitre? ca a choqué personne?,0
2014-10-19T17:53:22Z,Arbitre de merde !!!,21
2014-10-19T17:34:21Z,Je suis pour aucune des 2 equipes mais franchement cette arbitre ... mon dieu quoi ,58
2014-10-19T17:32:17Z,"Moi je trouve que l'arbitre a été bon :)
Il a pris ses responsabilités :p",2
2014-10-19T17:32:12Z,Je suis parisien mais pourtan lens et paris ne méritait pas c'est carton rouge l'arbitre a abuser en 5 minute 3 carton rouge abuser ,28
2014-10-19T17:28:03Z,"Merci2, mais il y en aura pas pur et simple moi, et que je ne suis plusieurs mois. Le seul domaine. Le seul domaine. Le seul domaine. Le 4. Je ne sais pas si 5 de faire une petite fille. Il y a un prix très bien 6. Les consultants, et de me donner ton mail les autres et de me donner ton mail les autres et de me donner ton avis sur le site. Il faut que je suis en stage, mais je pense que je suis un peu plus de nouvelles de l'actualité de la part de vos nouvelles. ",0
2014-10-19T17:18:25Z,Et après on s’étonne de ne plus avoir d'arbitres français dans les grosses compétitions européennes...,0
2014-10-19T17:12:28Z,Ce sont des arbitres comme lui qui ne font que gâcher le foot ...,80
2014-10-19T17:11:37Z,Merci M. Rainville pour avoir gâché une rencontre prometteuse...,44
2014-10-19T17:07:55Z,"l'arbitre a été bon dans le pas bon, il a toujours pris de bonne décision sauf qu il sifflait de mauvaise faute ! Cavani et Cabaye sont des pleureuses, puis avec toutes cette pression des joueurs parisiens qui se prennent pour ce qu'ils sont pas tu m'étonnes que l'arbitre fasse des erreurs. Cabaye et Cavani aurait mérité d'être exclu tout les deux.",2
2014-10-19T17:06:26Z,Quel con cette arbitre,13
2014-10-19T17:06:09Z,cavani fait pourtant toujours la meme célébration alors pourquoi ?,0
2014-10-19T17:05:31Z,un match de merde gâcher par l'arbitre  ,0
2014-10-19T17:02:10Z,arbitre de mer**!,0
2014-10-19T17:01:16Z,Vive l'arbitrage français,0
2014-10-19T16:56:35Z,First!!! ,0
