publish_date,title,view_count
2015-01-18T23:00:00Z,Goal Jean-Philippe GBAMIN (22&#39; csc) / RC Lens - Olympique Lyonnais (0-2) - (RCL - OL) / 2014-15,6578
2014-10-19T19:35:27Z,RC Lens - Paris Saint-Germain (1-3) - Highlights - (RCL - PSG) / 2014-15,14723
2014-08-24T22:07:22Z,Olympique Lyonnais - RC Lens (0-1) - Highlights - (OL - RCL) / 2014-15,2645
2015-03-08T23:00:00Z,Paris Saint-Germain - RC Lens (4-1) - Highlights - (PSG - RCL) / 2014-15,9417
2014-11-24T13:58:14Z,Paul-Georges Ntep | Stade Rennais | Skills Dribbling All Goals | 2014-2015 (Full ᴴᴰ),15006
2015-01-19T00:20:24Z,Bloopers : Week 21 / 2014-15,880
2015-01-18T23:00:06Z,But Jean-Philippe GBAMIN (22&#39; csc) / RC Lens - Olympique Lyonnais (0-2) -  (RCL - OL) / 2014-15,1576
2015-03-01T23:00:01Z,RC Lens - Stade Rennais FC (0-1) - Highlights - (RCL - SRFC) / 2014-15,644
2014-10-19T23:11:16Z,Highlights : Week 10 / 2014-2015,3347
2014-10-05T20:59:43Z,Stade Rennais FC - RC Lens (2-0) - Highlights - (SRFC - RCL) / 2014-15,1677
2014-10-19T12:24:11Z,André-Pierre Gignac - Perfect Striker - Skills Dribbling Goals |HD|,25414
2015-01-19T00:16:49Z,Zapping de la 21ème journée - Ligue 1 / 2014-15,17427
2015-04-12T22:00:00Z,RC Lens - FC Lorient (0-0) - Highlights - (RCL - FCL) / 2014-15,602
2014-12-07T23:00:06Z,RC Lens - LOSC Lille (1-1) - Highlights - (RCL - LOSC) / 2014-15,2206
2015-01-18T23:00:06Z,RC Lens - Olympique Lyonnais (0-2) - Highlights - (RCL - OL) / 2014-15,2054
2015-01-11T23:00:08Z,EA Guingamp - RC Lens (2-0) - Highlights - (EAG - RCL) / 2014-15,1094
2015-05-24T03:57:36Z,RC Lens - FC Nantes (1-0) - Highlights - (RCL - FCN) / 2014-15,1093
2015-01-18T23:00:06Z,Lucas Barrios return of the striker : Week 21 / 2014-15,781
2015-05-02T11:02:01Z,Adrien Rabiot /25/ PSG ► Skills Dribbling Goals /4K Ultra HD/ 2015,13775
2014-11-27T18:38:08Z,Jean Philippe Mendy - Best Moments,12358
2015-01-25T23:00:02Z,Stade de Reims - RC Lens (0-0) - Highlights - (SdR - RCL) / 2014-15,1015
2015-02-08T23:00:00Z,AS Saint-Etienne - RC Lens (3-3) - Highlights - (ASSE - RCL) / 2014-15,1779
2015-01-19T00:31:08Z,Highlights : Week 21 / 2014-2015,4336
2015-01-18T23:00:04Z,Lucas Barrios. Le buteur de retour -  21ème journée de Ligue 1 / 2014-15,5987
2014-11-30T23:00:08Z,RC Lens - FC Metz (2-0) - Highlights - (RCL - FCM) / 2014-15,1785
2015-05-03T16:46:33Z,Corentin Jean /27/ &quot;NEW&quot; Monaco ► Skills Dribbling Goals /4K Ultra HD/ 2015,6898
2014-11-09T23:00:07Z,RC Lens - Girondins de Bordeaux (1-2) - Highlights - (RCL - GdB) / 2014-15,1797
2014-12-05T00:35:35Z,AS Monaco - RC Lens (2-0) - Highlights - (MON - RCL) / 2014-15,2773
2015-03-15T23:00:00Z,RC Lens - Toulouse FC (1-0) - Highlights - (RCL - TFC) / 2014-15,1177
2015-02-01T23:00:00Z,RC Lens - SC Bastia (1-1) - Highlights - (RCL - SCB) / 2014-15,993
2015-03-23T01:14:20Z,RC Lens - Olympique de Marseille (0-4) - Highlights - (RCL - OM) / 2014-15,14222
2015-05-17T01:10:40Z,OGC Nice - RC Lens (2-1) - Highlights - (OGCN - RCL) / 2014-15,1659
2014-08-17T22:00:03Z,RC Lens - EA Guingamp (0-1) - Highlights - (RCL - EAG) / 2014-15,2503
2014-08-10T22:00:03Z,FC Nantes - RC Lens (1-0) - Highlights - (FCN - RCL) / 2014-15,3345
2015-02-15T23:00:00Z,RC Lens - Evian TG FC (0-2) - Highlights - (RCL - ETG) / 2014-15,989
2014-09-25T22:00:05Z,Evian TG FC - RC Lens (2-1) - Highlights - (ETG - RCL) / 2014-15,1591
2014-12-21T23:00:06Z,RC Lens - OGC Nice (2-0) - Highlights - (RCL - OGCN) / 2014-15,1174
2015-02-22T22:59:59Z,SM Caen - RC Lens (4-1) - Highlights - (SMC - RCL) / 2014-15,1091
2015-04-19T22:00:00Z,FC Metz - RC Lens (3-1) - Highlights - (FCM - RCL) / 2014-15,1780
2015-04-05T22:00:00Z,Girondins de Bordeaux - RC Lens (2-1) - Highlights - (GdB - RCL) / 2014-15,1545
2015-01-18T23:18:13Z,Goals compilation : Week 21 / 2014-15,405
2015-03-01T22:59:59Z,RC Lens - Stade Rennais FC (0-1)  - Résumé - (RCL - SRFC) / 2014-15,10210
2014-08-24T22:01:56Z,Olympique Lyonnais - RC Lens (0-1)  - Résumé - (OL - RCL) / 2014-15,85741
2014-09-14T22:00:02Z,SC Bastia - RC Lens (1-1) - Highlights - (SCB - RCL) / 2014-15,1628
2015-02-01T23:00:00Z,RC Lens - SC Bastia (1-1)  - Résumé - (RCL - SCB) / 2014-15,19897
2015-05-10T22:00:00Z,RC Lens - Montpellier Hérault SC (0-1) - Highlights - (RCL - MHSC) / 2014-15,844
2014-08-10T22:00:03Z,FC Nantes - RC Lens (1-0)  - Résumé - (FCN - RCL) / 2014-15,40501
2014-11-30T23:00:07Z,RC Lens - FC Metz (2-0)  - Résumé - (RCL - FCM) / 2014-15,25773
2015-06-16T18:40:28Z,Le top 5 des plus beaux csc de Ligue 1 2014-2015,1557
2014-10-19T16:54:43Z,RC Lens - Paris Saint-Germain (1-3)  - Résumé - (RCL - PSG) / 2014-15,241192
